dataset_name,model_name,batch_size,weight_decay,learning_rate,epoch2loss,best_epoch,best_loss,fix_noiselevel,init_noiselevel,dropout_prob
wine-quality-red,fixnoiseFCN,32,0.1,0.0001,"{0: 0.9605579957541298, 10: 0.6998768343907946, 20: 0.6582198194604294, 30: 0.6455264707640105, 40: 0.639058267854008, 50: 0.6348357647365215, 60: 0.6316813337861322, 70: 0.6293161661630752, 80: 0.6275337057195458, 90: 0.6259323653724848, 100: 0.6245375366275218, 110: 0.6233258824196517, 120: 0.6224539356371935, 130: 0.62165964796847, 140: 0.6208872969302477, 150: 0.6201674710155702, 160: 0.6195988950571593, 170: 0.6191408255871604, 180: 0.6186922879254116, 190: 0.6182542942581224, 200: 0.6179633490887342, 210: 0.6176430830038061, 220: 0.6173603426562805, 230: 0.6170840408024835, 240: 0.616844278027614, 250: 0.6166895788294428, 260: 0.6165655679971564, 270: 0.6164454573948009, 280: 0.6163989355283624, 290: 0.6163723999875433, 300: 0.6163635295775591, 310: 0.6163457097960453, 320: 0.6163584831619964, 330: 0.6163094732720478, 340: 0.6163220972290226, 350: 0.6162474549897745, 360: 0.6161884316772807, 370: 0.6162244444121333, 380: 0.6161797481220143, 390: 0.6161567747505272, 400: 0.6161871233816241, 410: 0.6162020976344744, 420: 0.6162092593049302}",390,0.6161567747505272,0.001,0.01,0.01
wine-quality-red,fixnoiseFCN,32,0.1,0.0001,"{0: 0.9508580682733478, 10: 0.6933858808612122, 20: 0.6481537890930971, 30: 0.6373665922880173, 40: 0.6324943021261225, 50: 0.6296680083958541, 60: 0.6275974449719868, 70: 0.6259730071180007, 80: 0.6245943524264822, 90: 0.6234313360499402, 100: 0.6224414261445111, 110: 0.6215261648157064, 120: 0.6207556296563616, 130: 0.6199994181271862, 140: 0.619333906518478, 150: 0.6186680284931378, 160: 0.617980475186133, 170: 0.6174691200314784, 180: 0.6170046696446689, 190: 0.6165990850270964, 200: 0.6162420560945483, 210: 0.6159503300487995, 220: 0.6157836759090424, 230: 0.615669217010339, 240: 0.6155667486173265, 250: 0.6154988350675387, 260: 0.6154865424919362, 270: 0.6154672379119723, 280: 0.6154690386501013, 290: 0.6154766754046375, 300: 0.6154762321213881}",270,0.6154672379119723,0.005,0.01,0.01
wine-quality-red,fixnoiseFCN,32,0.1,0.0001,"{0: 0.9660942666875382, 10: 0.7060739896256549, 20: 0.6524808941430905, 30: 0.6393696199678908, 40: 0.6335514857225558, 50: 0.629868372173286, 60: 0.627571455623005, 70: 0.6259498560370182, 80: 0.6246039159099261, 90: 0.6234422852420339, 100: 0.6223483465787243, 110: 0.6213003617904934, 120: 0.6203428997888285, 130: 0.6195687085799142, 140: 0.6190070777576343, 150: 0.6184019570870727, 160: 0.6178138217797466, 170: 0.6173576055058076, 180: 0.6169186040291599, 190: 0.6164764380425799, 200: 0.6161632006367047, 210: 0.6158676085723381, 220: 0.6156699775656065, 230: 0.6154727887259979, 240: 0.6152909322375176, 250: 0.615153197202028, 260: 0.6150945924456213, 270: 0.6150917545983605, 280: 0.6150656117148259, 290: 0.6151227927324818, 300: 0.6151299071224297, 310: 0.6152125599746611}",280,0.6150656117148259,0.01,0.01,0.01
wine-quality-red,fixnoiseFCN,32,0.1,0.0001,"{0: 0.9472470401256693, 10: 0.702150129161629, 20: 0.6580259965973742, 30: 0.6446389604316038, 40: 0.6376955984591269, 50: 0.6332370550433795, 60: 0.6300814359971121, 70: 0.6278085732167842, 80: 0.6261582738219523, 90: 0.6246582221780337, 100: 0.6234164704002586, 110: 0.6222104231896354, 120: 0.6211235339793505, 130: 0.6201467949970095, 140: 0.6191651646559145, 150: 0.6184493417511968, 160: 0.6179206365989705, 170: 0.6174221332137491, 180: 0.6170044439417475, 190: 0.616704043710933, 200: 0.6163434060151671, 210: 0.6160574556770279, 220: 0.6159966895831566, 230: 0.6159426982116465, 240: 0.6157665211751181, 250: 0.6157320186817179, 260: 0.6156693687129254, 270: 0.615634162209782, 280: 0.6156054637887898, 290: 0.6155085216871663, 300: 0.6155857179445379, 310: 0.615693658788999, 320: 0.6156866990877132}",290,0.6155085216871663,0.05,0.01,0.01
wine-quality-red,fixnoiseFCN,32,0.1,0.0001,"{0: 0.9540395297811312, 10: 0.7041647675312033, 20: 0.6576479055308828, 30: 0.64522039177371, 40: 0.6389155816359847, 50: 0.634838833563468, 60: 0.6315223169472872, 70: 0.628835231971507, 80: 0.6264682256182035, 90: 0.6246197359556076, 100: 0.6232266711692016, 110: 0.6219992879383704, 120: 0.6209522714275939, 130: 0.6199516060889936, 140: 0.618887454034651, 150: 0.6181172285389667, 160: 0.617445076736165, 170: 0.6168978603739365, 180: 0.6165323303756761, 190: 0.6162276672148237, 200: 0.6160130854301593, 210: 0.6160126618894877, 220: 0.615894179864257, 230: 0.6157789205540629, 240: 0.615822072067097, 250: 0.6156556551888877, 260: 0.6156522189986472, 270: 0.6156010075293336, 280: 0.6156852168283041, 290: 0.6157129633543538, 300: 0.6157309558490912}",270,0.6156010075293336,0.1,0.01,0.01
wine-quality-red,fixnoiseFCN,32,0.1,0.0005,"{0: 0.8274433834354082, 10: 0.6357581180743143, 20: 0.6260674189323303, 30: 0.6216026868393608, 40: 0.6193766167175536, 50: 0.6183006617310001, 60: 0.6179734938255712, 70: 0.6176678021807296, 80: 0.6175346366564434, 90: 0.6174986880258018, 100: 0.6173956839272788, 110: 0.6174017621927401, 120: 0.6173028522233168, 130: 0.6175035419621888, 140: 0.6173760955415519, 150: 0.6173549170850539}",120,0.6173028522233168,0.001,0.01,0.01
wine-quality-red,fixnoiseFCN,32,0.1,0.0005,"{0: 0.8168494234190268, 10: 0.6356423263251781, 20: 0.6275101505628988, 30: 0.6224661569180442, 40: 0.6199747173400486, 50: 0.6188956420298884, 60: 0.6184708017549094, 70: 0.6181754304234888, 80: 0.6180468334812744, 90: 0.6179861998470391, 100: 0.6180851082240835, 110: 0.6178203054415244, 120: 0.6177607345172003, 130: 0.6177755551945929, 140: 0.617864510381923, 150: 0.6178330483711234}",120,0.6177607345172003,0.005,0.01,0.01
wine-quality-red,fixnoiseFCN,32,0.1,0.0005,"{0: 0.803192702455848, 10: 0.6327219790161825, 20: 0.6243435427458847, 30: 0.6203131732256973, 40: 0.6181853228602924, 50: 0.6175976196924846, 60: 0.617284046157318, 70: 0.6170125748392413, 80: 0.6167890285656733, 90: 0.6169259171187877, 100: 0.6168636421508649, 110: 0.6169144832503562}",80,0.6167890285656733,0.01,0.01,0.01
wine-quality-red,fixnoiseFCN,32,0.1,0.0005,"{0: 0.8011558603334661, 10: 0.6313882933644688, 20: 0.6232901218942567, 30: 0.6192727793665493, 40: 0.6175214757989435, 50: 0.6172433970459535, 60: 0.6172792424290787, 70: 0.6171525245846488, 80: 0.6174237560115609, 90: 0.6173013678397619, 100: 0.6175199835119294}",70,0.6171525245846488,0.05,0.01,0.01
wine-quality-red,fixnoiseFCN,32,0.1,0.0005,"{0: 0.7978709231170954, 10: 0.6365527390148126, 20: 0.6251056564117179, 30: 0.6200831206844134, 40: 0.6174901215936623, 50: 0.6164150310351568, 60: 0.6164839153634567, 70: 0.6163357094865219, 80: 0.6164545159421715, 90: 0.6166491303928927, 100: 0.6166190733541461}",70,0.6163357094865219,0.1,0.01,0.01
wine-quality-red,fixnoiseFCN,32,0.1,0.001,"{0: 0.7064618002608711, 10: 0.629087303415233, 20: 0.6228359875316714, 30: 0.6212381568814025, 40: 0.621205934724387, 50: 0.6208247587727566, 60: 0.6207642233196428, 70: 0.6206587354546669, 80: 0.6205164363600459, 90: 0.6204823716364655, 100: 0.6202317206882964, 110: 0.620233177706307, 120: 0.6200738926699348, 130: 0.620186213091308, 140: 0.620041504049418, 150: 0.619887332854902, 160: 0.6199712417406195, 170: 0.6199397975761516, 180: 0.620086028061661}",150,0.619887332854902,0.001,0.01,0.01
wine-quality-red,fixnoiseFCN,32,0.1,0.001,"{0: 0.7277575369354556, 10: 0.6275535773091456, 20: 0.6224668139248501, 30: 0.6206032069436476, 40: 0.6201060350385367, 50: 0.6196291263693687, 60: 0.6193753956901092, 70: 0.6194396274317714, 80: 0.6192003325007709, 90: 0.6191376406012796, 100: 0.6190989766196877, 110: 0.6191773005297371, 120: 0.6191466469624463, 130: 0.6192253269284379}",100,0.6190989766196877,0.005,0.01,0.01
wine-quality-red,fixnoiseFCN,32,0.1,0.001,"{0: 0.7144674024336478, 10: 0.624452089886455, 20: 0.6209875289511447, 30: 0.6201391992002141, 40: 0.6198835315277764, 50: 0.6198380243865882, 60: 0.6198244086054026, 70: 0.6196468212557773, 80: 0.619478625731141, 90: 0.6193678584490336, 100: 0.6193193579450542, 110: 0.6196451283494632, 120: 0.6192545122813945, 130: 0.6193058519006944, 140: 0.6191823199508237, 150: 0.6190947629657446, 160: 0.6191044842437201, 170: 0.6192509411567567, 180: 0.6191697054107983}",150,0.6190947629657446,0.01,0.01,0.01
wine-quality-red,fixnoiseFCN,32,0.1,0.001,"{0: 0.7164388717827844, 10: 0.6275529521353105, 20: 0.6216193677747951, 30: 0.6208756083805187, 40: 0.6202574196574735, 50: 0.620280009493524, 60: 0.6201904155839892, 70: 0.6201633685155242, 80: 0.6203039891053649, 90: 0.6203557118568934, 100: 0.6200140767938951, 110: 0.6199562695885406, 120: 0.6200542698449948, 130: 0.6200997370832106, 140: 0.6199742120445944}",110,0.6199562695885406,0.05,0.01,0.01
wine-quality-red,fixnoiseFCN,32,0.1,0.001,"{0: 0.7062435620614126, 10: 0.6293593057990075, 20: 0.6230229618911649, 30: 0.6214869033004724, 40: 0.6211119624943126, 50: 0.6211896709922482, 60: 0.6209610321854844, 70: 0.6208449655654384, 80: 0.6206007498824129, 90: 0.6206212236250148, 100: 0.6203040264079384, 110: 0.6202957340110751, 120: 0.6203648774471937, 130: 0.619888509923921, 140: 0.6199029025581537, 150: 0.6202717623231457, 160: 0.6199669834036453}",130,0.619888509923921,0.1,0.01,0.01
wine-quality-red,fixnoiseFCN,32,0.1,0.002,"{0: 0.6613038042567524, 10: 0.6324691926410385, 20: 0.6290722480883785, 30: 0.6274946709970634, 40: 0.6264814820359735, 50: 0.6256540932929984, 60: 0.6254281033838496, 70: 0.6243740831520043, 80: 0.6243365936740941, 90: 0.6240635929388159, 100: 0.6244900125966353, 110: 0.62429533698103, 120: 0.6240870821271457}",90,0.6240635929388159,0.001,0.01,0.01
wine-quality-red,fixnoiseFCN,32,0.1,0.002,"{0: 0.6610860346579084, 10: 0.6348590823949551, 20: 0.6314323021354629, 30: 0.6287230036305447, 40: 0.6274430732312155, 50: 0.6264101625219279, 60: 0.6258231336579604, 70: 0.6254463195888436, 80: 0.6249856370336869, 90: 0.6243082414246073, 100: 0.624242423886762, 110: 0.6241904492763912, 120: 0.6234284887419028, 130: 0.6237214154414102, 140: 0.6234224745981833, 150: 0.6228705658486076, 160: 0.623084100543284, 170: 0.6229255708643034, 180: 0.6225830672944294, 190: 0.6230674623449644, 200: 0.6226848749319712, 210: 0.6227372930476479}",180,0.6225830672944294,0.005,0.01,0.01
wine-quality-red,fixnoiseFCN,32,0.1,0.002,"{0: 0.6618746277017921, 10: 0.6338511912933752, 20: 0.6301805127981831, 30: 0.6281371034155874, 40: 0.6268126361247371, 50: 0.6257148945711407, 60: 0.62526008368415, 70: 0.6249743959512196, 80: 0.6249978199659609, 90: 0.624509216953142, 100: 0.6234887865770097, 110: 0.624009391604101, 120: 0.6236223656494244, 130: 0.6238845038618528}",100,0.6234887865770097,0.01,0.01,0.01
wine-quality-red,fixnoiseFCN,32,0.1,0.002,"{0: 0.664466269457457, 10: 0.6339487241997438, 20: 0.6303708251463431, 30: 0.6287300752103329, 40: 0.6276575432308749, 50: 0.6267535002237441, 60: 0.6258155165963313, 70: 0.6253923545368746, 80: 0.6254992180975044, 90: 0.6248409281086688, 100: 0.6241338541402536, 110: 0.6238811704195013, 120: 0.6240532242813531, 130: 0.6237313121294275, 140: 0.6232533745467663, 150: 0.6238228996653182, 160: 0.6230286351547522, 170: 0.6228976384535724, 180: 0.6231647606456981, 190: 0.6228144608905503, 200: 0.6231679418303219, 210: 0.622810866017552, 220: 0.6223173879203843, 230: 0.622798921705461, 240: 0.622616109710698, 250: 0.6224376643785074}",220,0.6223173879203843,0.05,0.01,0.01
wine-quality-red,fixnoiseFCN,32,0.1,0.002,"{0: 0.6620350362594222, 10: 0.6320887732301272, 20: 0.6284145161217334, 30: 0.6276370410475076, 40: 0.6269149964989401, 50: 0.6265304430997839, 60: 0.6258046095453056, 70: 0.6250395388053913, 80: 0.6248349431303202, 90: 0.6244213085168717, 100: 0.6238383848672988, 110: 0.6232983856399854, 120: 0.6238649286738798, 130: 0.6234675559226204, 140: 0.623662927112743}",110,0.6232983856399854,0.1,0.01,0.01
wine-quality-red,fixnoiseFCN,32,0.01,0.0001,"{0: 0.9307442297625774, 10: 0.6436429691928274, 20: 0.6223849410256919, 30: 0.6136494958605252, 40: 0.6088020380513341, 50: 0.6058886392852839, 60: 0.6038175969322522, 70: 0.6024430796416367, 80: 0.6014233267774769, 90: 0.6006801260920132, 100: 0.600176297350257, 110: 0.5999261062548441, 120: 0.5999019155870465, 130: 0.5999812981281795, 140: 0.5999685974682079, 150: 0.6001072592624263}",120,0.5999019155870465,0.001,0.01,0.01
wine-quality-red,fixnoiseFCN,32,0.01,0.0001,"{0: 0.9416055254842721, 10: 0.6493888192170976, 20: 0.6242892554957493, 30: 0.6138609811196141, 40: 0.6084368846112607, 50: 0.6052385271939577, 60: 0.603297261052272, 70: 0.6018009483346752, 80: 0.6008499788040039, 90: 0.6002710128122685, 100: 0.5999773797685025, 110: 0.5998070633440625, 120: 0.5996984803501297, 130: 0.5996492588695357, 140: 0.5997385594599387, 150: 0.5999636075543423, 160: 0.6003837358133466}",130,0.5996492588695357,0.005,0.01,0.01
wine-quality-red,fixnoiseFCN,32,0.01,0.0001,"{0: 0.9454202785620502, 10: 0.6495805177910655, 20: 0.6245958489442572, 30: 0.6149147795725103, 40: 0.6097867934435022, 50: 0.60677245913183, 60: 0.6049110827288207, 70: 0.6036822890475684, 80: 0.6030287323424629, 90: 0.6026338668226027, 100: 0.6022614612561815, 110: 0.6020106411506149, 120: 0.6019493726188061, 130: 0.6021026031643737, 140: 0.6026022263718586, 150: 0.6029927908176301}",120,0.6019493726188061,0.01,0.01,0.01
wine-quality-red,fixnoiseFCN,32,0.01,0.0001,"{0: 0.9368359336841341, 10: 0.6362242310654883, 20: 0.6142042790294863, 30: 0.6064840364865228, 40: 0.6024763586562054, 50: 0.6003666441084123, 60: 0.5992428898139327, 70: 0.5986722588743649, 80: 0.5979014523181261, 90: 0.5975549089411895, 100: 0.5974772418480294, 110: 0.5974619075392976, 120: 0.5977547152428067, 130: 0.5976355376489022, 140: 0.5981007364655242}",110,0.5974619075392976,0.05,0.01,0.01
wine-quality-red,fixnoiseFCN,32,0.01,0.0001,"{0: 0.912925176252337, 10: 0.6432886082605989, 20: 0.6206711098171918, 30: 0.610603183756272, 40: 0.6050587790883055, 50: 0.6017199439190182, 60: 0.5999976128982563, 70: 0.5990654728839211, 80: 0.5989184659018236, 90: 0.5990186988343211, 100: 0.5990214040174203, 110: 0.5995930402010095}",80,0.5989184659018236,0.1,0.01,0.01
wine-quality-red,fixnoiseFCN,32,0.01,0.0005,"{0: 0.7427855438403055, 10: 0.6050010776928827, 20: 0.6047343598715231, 30: 0.6078072756674944, 40: 0.6109419907015913, 50: 0.6141409990542075}",20,0.6047343598715231,0.001,0.01,0.01
wine-quality-red,fixnoiseFCN,32,0.01,0.0005,"{0: 0.7457822543499517, 10: 0.6109990734650809, 20: 0.608547759950161, 30: 0.60951505080742, 40: 0.6097897249372567, 50: 0.6106909684252505}",20,0.608547759950161,0.005,0.01,0.01
wine-quality-red,fixnoiseFCN,32,0.01,0.0005,"{0: 0.7487957609751645, 10: 0.6026731701575073, 20: 0.5998386497444966, 30: 0.600235508905322, 40: 0.6018123292367832, 50: 0.6037956426102741}",20,0.5998386497444966,0.01,0.01,0.01
wine-quality-red,fixnoiseFCN,32,0.01,0.0005,"{0: 0.7389881340399677, 10: 0.6039617508007031, 20: 0.6026659780039507, 30: 0.604025984181493, 40: 0.6062553973379089, 50: 0.6078590299890322}",20,0.6026659780039507,0.05,0.01,0.01
wine-quality-red,fixnoiseFCN,32,0.01,0.0005,"{0: 0.7502725485902206, 10: 0.602585811948075, 20: 0.598466818592712, 30: 0.5983649541759023, 40: 0.5993455854905586, 50: 0.60105215718641, 60: 0.6047047011583458}",30,0.5983649541759023,0.1,0.01,0.01
wine-quality-red,fixnoiseFCN,32,0.01,0.001,"{0: 0.6555858842619494, 10: 0.6052337789477086, 20: 0.6049588727337473, 30: 0.6074508955052086, 40: 0.6105474902835547, 50: 0.614179319391648}",20,0.6049588727337473,0.001,0.01,0.01
wine-quality-red,fixnoiseFCN,32,0.01,0.001,"{0: 0.6594068327166286, 10: 0.6079809836605016, 20: 0.6116079987351801, 30: 0.6144546188034263, 40: 0.6162736427141171}",10,0.6079809836605016,0.005,0.01,0.01
wine-quality-red,fixnoiseFCN,32,0.01,0.001,"{0: 0.658172698450439, 10: 0.6046703173366248, 20: 0.605146376288989, 30: 0.6094208725848619, 40: 0.6133189578062179}",10,0.6046703173366248,0.01,0.01,0.01
wine-quality-red,fixnoiseFCN,32,0.01,0.001,"{0: 0.6551666521850754, 10: 0.6056192710557404, 20: 0.6084661792510865, 30: 0.6106982227896942, 40: 0.6128272653911628}",10,0.6056192710557404,0.05,0.01,0.01
wine-quality-red,fixnoiseFCN,32,0.01,0.001,"{0: 0.6470976590788832, 10: 0.6028650608366611, 20: 0.6037685624203262, 30: 0.6062055959859315, 40: 0.6130557087151443}",10,0.6028650608366611,0.1,0.01,0.01
wine-quality-red,fixnoiseFCN,32,0.01,0.002,"{0: 0.645301427820734, 10: 0.6153473977978323, 20: 0.6208779294642748, 30: 0.6262892744821661, 40: 0.6285838242108915}",10,0.6153473977978323,0.001,0.01,0.01
wine-quality-red,fixnoiseFCN,32,0.01,0.002,"{0: 0.6364685376689715, 10: 0.6151233342377578, 20: 0.6219837398476461, 30: 0.6289704848153919, 40: 0.6329805944538583}",10,0.6151233342377578,0.005,0.01,0.01
wine-quality-red,fixnoiseFCN,32,0.01,0.002,"{0: 0.6484658538126478, 10: 0.614016582144826, 20: 0.6212522491432872, 30: 0.6253919546306134, 40: 0.6309915706047825}",10,0.614016582144826,0.01,0.01,0.01
wine-quality-red,fixnoiseFCN,32,0.01,0.002,"{0: 0.6368933734356188, 10: 0.6104328983087166, 20: 0.6169569056408079, 30: 0.621856215739367, 40: 0.6262049803225433}",10,0.6104328983087166,0.05,0.01,0.01
wine-quality-red,fixnoiseFCN,32,0.01,0.002,"{0: 0.6451117945447856, 10: 0.615511840479631, 20: 0.6182065141639288, 30: 0.6162163020495106, 40: 0.6191829823191259}",10,0.615511840479631,0.1,0.01,0.01
wine-quality-red,fixnoiseFCN,32,0.001,0.0001,"{0: 0.9441141869040097, 10: 0.6383727858405488, 20: 0.614290508046454, 30: 0.6065616603224886, 40: 0.6037788766622543, 50: 0.6026266416732003, 60: 0.6025144200289951, 70: 0.6029305063509474, 80: 0.6034325239646668, 90: 0.6040785340234345}",60,0.6025144200289951,0.001,0.01,0.01
wine-quality-red,fixnoiseFCN,32,0.001,0.0001,"{0: 0.936894750735339, 10: 0.6368609461509714, 20: 0.6166697159526395, 30: 0.6092516900686656, 40: 0.6059747253855069, 50: 0.6050074438195603, 60: 0.6049463466686361, 70: 0.6050273501463964, 80: 0.6056693783723841, 90: 0.6066482481360436}",60,0.6049463466686361,0.005,0.01,0.01
wine-quality-red,fixnoiseFCN,32,0.001,0.0001,"{0: 0.9512627802584686, 10: 0.6356364690176413, 20: 0.6102941417957053, 30: 0.600902758953618, 40: 0.5963403080082407, 50: 0.5939668550444585, 60: 0.5924049409084461, 70: 0.5916955805876676, 80: 0.5913408477604389, 90: 0.5912710494124422, 100: 0.591532878048864, 110: 0.5920206679491435, 120: 0.5925034645375084}",90,0.5912710494124422,0.01,0.01,0.01
wine-quality-red,fixnoiseFCN,32,0.001,0.0001,"{0: 0.9433458999763517, 10: 0.6407492100637333, 20: 0.6178343188908755, 30: 0.6082854594114948, 40: 0.6044752704688147, 50: 0.6031126480593401, 60: 0.6023520665367444, 70: 0.6025758115479759, 80: 0.6029576119166963, 90: 0.603733963659581}",60,0.6023520665367444,0.05,0.01,0.01
wine-quality-red,fixnoiseFCN,32,0.001,0.0001,"{0: 0.915111310628115, 10: 0.6442667115289791, 20: 0.620193165242672, 30: 0.6093963670321539, 40: 0.6048269245934252, 50: 0.6023346234419766, 60: 0.6017486097707467, 70: 0.6013182553415205, 80: 0.602194062941799, 90: 0.6028624228636424, 100: 0.6027399073658036}",70,0.6013182553415205,0.1,0.01,0.01
wine-quality-red,fixnoiseFCN,32,0.001,0.0005,"{0: 0.7289919008694443, 10: 0.5970022683576042, 20: 0.5993106833597024, 30: 0.6065543286414707, 40: 0.6153833248130247}",10,0.5970022683576042,0.001,0.01,0.01
wine-quality-red,fixnoiseFCN,32,0.001,0.0005,"{0: 0.7412652494451579, 10: 0.6056555387611483, 20: 0.6087459670387062, 30: 0.6150656146599965, 40: 0.6228805999136439}",10,0.6056555387611483,0.005,0.01,0.01
wine-quality-red,fixnoiseFCN,32,0.001,0.0005,"{0: 0.7346644649523146, 10: 0.6071496089620918, 20: 0.6097740881670923, 30: 0.6156711010167412, 40: 0.6229932669506353}",10,0.6071496089620918,0.01,0.01,0.01
wine-quality-red,fixnoiseFCN,32,0.001,0.0005,"{0: 0.7197642424702645, 10: 0.6055882865073634, 20: 0.6096050651166953, 30: 0.6123832891939902, 40: 0.6172324335136834}",10,0.6055882865073634,0.05,0.01,0.01
wine-quality-red,fixnoiseFCN,32,0.001,0.0005,"{0: 0.7256585596501827, 10: 0.6076975181815671, 20: 0.6104678869627269, 30: 0.6159959268686819, 40: 0.6229115149437213}",10,0.6076975181815671,0.1,0.01,0.01
wine-quality-red,fixnoiseFCN,32,0.001,0.001,"{0: 0.6589465268803577, 10: 0.6131367064106698, 20: 0.6281403880873146, 30: 0.645407820232943, 40: 0.6666745600075114}",10,0.6131367064106698,0.001,0.01,0.01
wine-quality-red,fixnoiseFCN,32,0.001,0.001,"{0: 0.6544394504673341, 10: 0.6110984279770477, 20: 0.6255201915140246, 30: 0.6392625061583285, 40: 0.6488651673817167}",10,0.6110984279770477,0.005,0.01,0.01
wine-quality-red,fixnoiseFCN,32,0.001,0.001,"{0: 0.6606826200409263, 10: 0.6138044717206674, 20: 0.629797865152359, 30: 0.6428330981410018, 40: 0.6552099349773398}",10,0.6138044717206674,0.01,0.01,0.01
wine-quality-red,fixnoiseFCN,32,0.001,0.001,"{0: 0.656432551884768, 10: 0.6082403542101383, 20: 0.6143678825830712, 30: 0.6211673758661046, 40: 0.6314466045154076}",10,0.6082403542101383,0.05,0.01,0.01
wine-quality-red,fixnoiseFCN,32,0.001,0.001,"{0: 0.6478831071070597, 10: 0.610912467588981, 20: 0.6203898458796389, 30: 0.6366138996826668, 40: 0.645163004512296}",10,0.610912467588981,0.1,0.01,0.01
wine-quality-red,fixnoiseFCN,32,0.001,0.002,"{0: 0.6484457546530985, 10: 0.6159283386696788, 20: 0.6479343258341153, 30: 0.6647322634709816, 40: 0.6882013376203238}",10,0.6159283386696788,0.001,0.01,0.01
wine-quality-red,fixnoiseFCN,32,0.001,0.002,"{0: 0.6396837262487879, 10: 0.6203024536867936, 20: 0.6470306950077123, 30: 0.6746171188325274, 40: 0.7004105957670539}",10,0.6203024536867936,0.005,0.01,0.01
wine-quality-red,fixnoiseFCN,32,0.001,0.002,"{0: 0.6424037615487388, 10: 0.6191760621234483, 20: 0.6471732496923092, 30: 0.6874419883711665, 40: 0.730700360183038}",10,0.6191760621234483,0.01,0.01,0.01
wine-quality-red,fixnoiseFCN,32,0.001,0.002,"{0: 0.6405441228899301, 10: 0.6175775917780165, 20: 0.6326771965447595, 30: 0.6562644298871358, 40: 0.6915131735860133}",10,0.6175775917780165,0.05,0.01,0.01
wine-quality-red,fixnoiseFCN,32,0.001,0.002,"{0: 0.6341437024170278, 10: 0.6234083804020695, 20: 0.6377697929535426, 30: 0.6557727830608686, 40: 0.6881640415594859}",10,0.6234083804020695,0.1,0.01,0.01
wine-quality-red,fixnoiseFCN,32,0.0001,0.0001,"{0: 0.9604996052004543, 10: 0.6497113336798023, 20: 0.6260270255307356, 30: 0.6147614906903576, 40: 0.6082804974855162, 50: 0.60485493885828, 60: 0.6028159726717892, 70: 0.6015992822629564, 80: 0.6008026458030822, 90: 0.6003503120968154, 100: 0.60044913190837, 110: 0.6006665868092986, 120: 0.6007836624541703}",90,0.6003503120968154,0.001,0.01,0.01
wine-quality-red,fixnoiseFCN,32,0.0001,0.0001,"{0: 0.9513722690764596, 10: 0.640420247666976, 20: 0.6199587092563218, 30: 0.611436508014506, 40: 0.6071475489817414, 50: 0.6054417095172638, 60: 0.6050178353313138, 70: 0.6050375382806741, 80: 0.6055505854417296, 90: 0.6059949451217465}",60,0.6050178353313138,0.005,0.01,0.01
wine-quality-red,fixnoiseFCN,32,0.0001,0.0001,"{0: 0.9455463126301765, 10: 0.6393760722641851, 20: 0.6165870255962307, 30: 0.6073937025315621, 40: 0.6027414951575738, 50: 0.6003601999201027, 60: 0.5993698097794663, 70: 0.5993164709707102, 80: 0.5996034789757402, 90: 0.6000830799341201, 100: 0.6007801242172718}",70,0.5993164709707102,0.01,0.01,0.01
wine-quality-red,fixnoiseFCN,32,0.0001,0.0001,"{0: 0.9258798139118681, 10: 0.6380969679939981, 20: 0.6161086458844297, 30: 0.6076476112095749, 40: 0.6033427505487321, 50: 0.6010913593511955, 60: 0.6006475071813546, 70: 0.6002217660201531, 80: 0.600595977794306, 90: 0.601260811870589, 100: 0.6021206901646128}",70,0.6002217660201531,0.05,0.01,0.01
wine-quality-red,fixnoiseFCN,32,0.0001,0.0001,"{0: 0.928128539908166, 10: 0.6404825302841617, 20: 0.618021771641923, 30: 0.608946911724759, 40: 0.6055930458155332, 50: 0.6037686461706956, 60: 0.6031055695227548, 70: 0.6035631105479072, 80: 0.6041393574429493, 90: 0.6044753307308637}",60,0.6031055695227548,0.1,0.01,0.01
wine-quality-red,fixnoiseFCN,32,0.0001,0.0005,"{0: 0.7360552261623682, 10: 0.6059680678359434, 20: 0.6118644495746668, 30: 0.6219751451763452, 40: 0.6326602489457411}",10,0.6059680678359434,0.001,0.01,0.01
wine-quality-red,fixnoiseFCN,32,0.0001,0.0005,"{0: 0.7278099437700767, 10: 0.6080267304678758, 20: 0.6074275936332404, 30: 0.6130097232379166, 40: 0.6197325438670084, 50: 0.6271783742220963}",20,0.6074275936332404,0.005,0.01,0.01
wine-quality-red,fixnoiseFCN,32,0.0001,0.0005,"{0: 0.7542890412433475, 10: 0.6031362973562643, 20: 0.6091796974516382, 30: 0.6216368672164048, 40: 0.6362474996961799}",10,0.6031362973562643,0.01,0.01,0.01
wine-quality-red,fixnoiseFCN,32,0.0001,0.0005,"{0: 0.7246663764557418, 10: 0.6054881508794485, 20: 0.609327518522155, 30: 0.6175760606661731, 40: 0.6250853844483693}",10,0.6054881508794485,0.05,0.01,0.01
wine-quality-red,fixnoiseFCN,32,0.0001,0.0005,"{0: 0.7273486701530569, 10: 0.6071571326927812, 20: 0.6101159659553976, 30: 0.617859307659023, 40: 0.6225456679802315}",10,0.6071571326927812,0.1,0.01,0.01
wine-quality-red,fixnoiseFCN,32,0.0001,0.001,"{0: 0.6507702245431788, 10: 0.6022309653081146, 20: 0.6122239533358929, 30: 0.6295629250477341, 40: 0.6533800812153255}",10,0.6022309653081146,0.001,0.01,0.01
wine-quality-red,fixnoiseFCN,32,0.0001,0.001,"{0: 0.6385321074928723, 10: 0.6080639690014662, 20: 0.6253841011255395, 30: 0.640229342702557, 40: 0.6576346670967691}",10,0.6080639690014662,0.005,0.01,0.01
wine-quality-red,fixnoiseFCN,32,0.0001,0.001,"{0: 0.6517360229439595, 10: 0.6089094527766985, 20: 0.6206929101955657, 30: 0.6342217522742701, 40: 0.6525942252430261}",10,0.6089094527766985,0.01,0.01,0.01
wine-quality-red,fixnoiseFCN,32,0.0001,0.001,"{0: 0.6504812544233658, 10: 0.6129806936634521, 20: 0.6308647582256326, 30: 0.6456502485362923, 40: 0.6561201881427391}",10,0.6129806936634521,0.05,0.01,0.01
wine-quality-red,fixnoiseFCN,32,0.0001,0.001,"{0: 0.6485819716459396, 10: 0.5991886246175159, 20: 0.6139082739049313, 30: 0.6283292316864518, 40: 0.6366863315800826}",10,0.5991886246175159,0.1,0.01,0.01
wine-quality-red,fixnoiseFCN,32,0.0001,0.002,"{0: 0.6479782000534675, 10: 0.6319379160889224, 20: 0.6651937654965063, 30: 0.7098328889760317, 40: 0.760041150170214}",10,0.6319379160889224,0.001,0.01,0.01
wine-quality-red,fixnoiseFCN,32,0.0001,0.002,"{0: 0.6293066835929366, 10: 0.6296101969334424, 20: 0.6625105149576477, 30: 0.6912202807150635}",0,0.6293066835929366,0.005,0.01,0.01
wine-quality-red,fixnoiseFCN,32,0.0001,0.002,"{0: 0.6437572479218829, 10: 0.6313339238920632, 20: 0.6653858146451268, 30: 0.6921439385180379, 40: 0.7246963613378067}",10,0.6313339238920632,0.01,0.01,0.01
wine-quality-red,fixnoiseFCN,32,0.0001,0.002,"{0: 0.6367306607085116, 10: 0.6191282628096786, 20: 0.6453090070363354, 30: 0.6835510971499424, 40: 0.7255904555349957}",10,0.6191282628096786,0.05,0.01,0.01
wine-quality-red,fixnoiseFCN,32,0.0001,0.002,"{0: 0.6361250455823599, 10: 0.6208482516863767, 20: 0.6375434738485252, 30: 0.6852309600862803, 40: 0.6837654181788949}",10,0.6208482516863767,0.1,0.01,0.01
wine-quality-red,fixnoiseFCN,32,1e-05,0.0001,"{0: 0.9419509849244474, 10: 0.6392539752815284, 20: 0.6162791169244869, 30: 0.6080793856727142, 40: 0.6047514614579724, 50: 0.6037346941583297, 60: 0.6037047024217307, 70: 0.6039720656532868, 80: 0.6046787553178329, 90: 0.6057357947616017}",60,0.6037047024217307,0.001,0.01,0.01
wine-quality-red,fixnoiseFCN,32,1e-05,0.0001,"{0: 0.9456594980873314, 10: 0.6413506749243129, 20: 0.6204637033623808, 30: 0.6131267052158421, 40: 0.6099716780466192, 50: 0.6086820549269517, 60: 0.6083048121514274, 70: 0.6084994048698276, 80: 0.6089716311938622, 90: 0.6098863352396908}",60,0.6083048121514274,0.005,0.01,0.01
wine-quality-red,fixnoiseFCN,32,1e-05,0.0001,"{0: 0.9299250132663577, 10: 0.6346211907442878, 20: 0.6166406455373064, 30: 0.6090525415627395, 40: 0.6046484170182078, 50: 0.6023041927376214, 60: 0.6010483392693249, 70: 0.6006711256883892, 80: 0.6006869586980811, 90: 0.6007910879745203, 100: 0.6013360654664974}",70,0.6006711256883892,0.01,0.01,0.01
wine-quality-red,fixnoiseFCN,32,1e-05,0.0001,"{0: 0.9554240315977264, 10: 0.648771419086877, 20: 0.623381987105982, 30: 0.6139542115757278, 40: 0.6101807269658528, 50: 0.6078762040827789, 60: 0.607356714650112, 70: 0.6073901898019454, 80: 0.6078988874250767, 90: 0.6086098622136256}",60,0.607356714650112,0.05,0.01,0.01
wine-quality-red,fixnoiseFCN,32,1e-05,0.0001,"{0: 0.9381875318639418, 10: 0.6434947952832661, 20: 0.6193338503527875, 30: 0.6109297569417487, 40: 0.6071519772299364, 50: 0.6060844193983311, 60: 0.6057637230905832, 70: 0.6059881612453974, 80: 0.6058038044355664, 90: 0.6059016704384018}",60,0.6057637230905832,0.1,0.01,0.01
wine-quality-red,fixnoiseFCN,32,1e-05,0.0005,"{0: 0.7487997910643325, 10: 0.6050597282396812, 20: 0.6092003669399841, 30: 0.6148622482080086, 40: 0.6190911853313447}",10,0.6050597282396812,0.001,0.01,0.01
wine-quality-red,fixnoiseFCN,32,1e-05,0.0005,"{0: 0.7360833917061488, 10: 0.6043334909718411, 20: 0.6074541455448843, 30: 0.6175852023240398, 40: 0.629567919247875}",10,0.6043334909718411,0.005,0.01,0.01
wine-quality-red,fixnoiseFCN,32,1e-05,0.0005,"{0: 0.7528251774433781, 10: 0.6085094699409662, 20: 0.6076309431417315, 30: 0.6133344090130983, 40: 0.6220329392628343, 50: 0.632170714633722}",20,0.6076309431417315,0.01,0.01,0.01
wine-quality-red,fixnoiseFCN,32,1e-05,0.0005,"{0: 0.7288972439514656, 10: 0.6001488961016431, 20: 0.6037361071565572, 30: 0.6120041858565574, 40: 0.6201913820703824}",10,0.6001488961016431,0.05,0.01,0.01
wine-quality-red,fixnoiseFCN,32,1e-05,0.0005,"{0: 0.7325296917791461, 10: 0.604399766679488, 20: 0.6064594499124032, 30: 0.6095258160023128, 40: 0.6140584359683243}",10,0.604399766679488,0.1,0.01,0.01
wine-quality-red,fixnoiseFCN,32,1e-05,0.001,"{0: 0.6584360139159595, 10: 0.6048607533381266, 20: 0.6193198179848054, 30: 0.6429951502733371, 40: 0.6690983395424543}",10,0.6048607533381266,0.001,0.01,0.01
wine-quality-red,fixnoiseFCN,32,1e-05,0.001,"{0: 0.6473093674726347, 10: 0.6104240926515823, 20: 0.6223861059458817, 30: 0.6368691345581821, 40: 0.6543181013301307}",10,0.6104240926515823,0.005,0.01,0.01
wine-quality-red,fixnoiseFCN,32,1e-05,0.001,"{0: 0.6645858921081412, 10: 0.6104763414082574, 20: 0.6228159318309204, 30: 0.6404384535200456, 40: 0.6570809029276464}",10,0.6104763414082574,0.01,0.01,0.01
wine-quality-red,fixnoiseFCN,32,1e-05,0.001,"{0: 0.6427296516094722, 10: 0.6172326362600513, 20: 0.6320022601678091, 30: 0.6443267990093605, 40: 0.6653470672988424}",10,0.6172326362600513,0.05,0.01,0.01
wine-quality-red,fixnoiseFCN,32,1e-05,0.001,"{0: 0.6634040142391242, 10: 0.6096102110807802, 20: 0.623935378857103, 30: 0.640920581729973, 40: 0.6677138661374065}",10,0.6096102110807802,0.1,0.01,0.01
wine-quality-red,fixnoiseFCN,32,1e-05,0.002,"{0: 0.6360189727387008, 10: 0.6182146987494301, 20: 0.6380393033898344, 30: 0.6691846473456599, 40: 0.7048086731165063}",10,0.6182146987494301,0.001,0.01,0.01
wine-quality-red,fixnoiseFCN,32,1e-05,0.002,"{0: 0.6300290388336369, 10: 0.6230910501497633, 20: 0.6583929632078199, 30: 0.6980884345167991, 40: 0.7511292129170661}",10,0.6230910501497633,0.005,0.01,0.01
wine-quality-red,fixnoiseFCN,32,1e-05,0.002,"{0: 0.6426830333179119, 10: 0.6233964865873841, 20: 0.6571919827659924, 30: 0.6910040607113463, 40: 0.7402761015821906}",10,0.6233964865873841,0.01,0.01,0.01
wine-quality-red,fixnoiseFCN,32,1e-05,0.002,"{0: 0.644100399017334, 10: 0.6191395236931595, 20: 0.6505777831989177, 30: 0.6990076995421859, 40: 0.7482002186629118}",10,0.6191395236931595,0.05,0.01,0.01
wine-quality-red,fixnoiseFCN,32,1e-05,0.002,"{0: 0.6368160637628798, 10: 0.6335561529620021, 20: 0.6673179793124105, 30: 0.6778626585824817, 40: 0.7141499068398102}",10,0.6335561529620021,0.1,0.01,0.01
wine-quality-red,fixnoiseFCN,32,1e-09,0.0001,"{0: 0.9326754873406653, 10: 0.6435052796292539, 20: 0.6186540502397453, 30: 0.6081597267149711, 40: 0.6037756240835377, 50: 0.6022705036021916, 60: 0.6021145274592381, 70: 0.6024104630304318, 80: 0.6028101306160292, 90: 0.6036092512163462}",60,0.6021145274592381,0.001,0.01,0.01
wine-quality-red,fixnoiseFCN,32,1e-09,0.0001,"{0: 0.9427594091553313, 10: 0.6449801427914815, 20: 0.6206057977471866, 30: 0.6093480904634092, 40: 0.6035090803515677, 50: 0.6007004212865643, 60: 0.5991978280538437, 70: 0.5985283142123736, 80: 0.5986074682982528, 90: 0.5989692590780118, 100: 0.5995817180211638}",70,0.5985283142123736,0.005,0.01,0.01
wine-quality-red,fixnoiseFCN,32,1e-09,0.0001,"{0: 0.9201828165410781, 10: 0.6379403236303844, 20: 0.6146485636573212, 30: 0.6071329213766491, 40: 0.6047508045534293, 50: 0.6039916996716285, 60: 0.6033040257704024, 70: 0.6033348986506463, 80: 0.6033779240881696, 90: 0.6039778676658284}",60,0.6033040257704024,0.01,0.01,0.01
wine-quality-red,fixnoiseFCN,32,1e-09,0.0001,"{0: 0.9112578927535637, 10: 0.6432847928854765, 20: 0.6227398198638476, 30: 0.6129850769685764, 40: 0.6087126069326028, 50: 0.6064676440492565, 60: 0.6060294716732175, 70: 0.6057706257087343, 80: 0.606170754006096, 90: 0.6064896398724293, 100: 0.6066243584045008}",70,0.6057706257087343,0.05,0.01,0.01
wine-quality-red,fixnoiseFCN,32,1e-09,0.0001,"{0: 0.9635749489828651, 10: 0.6444528621961089, 20: 0.6181702493890828, 30: 0.6091139292366364, 40: 0.6061799035031422, 50: 0.6050394133142396, 60: 0.6049715091404961, 70: 0.604878639754127, 80: 0.6056987698054781, 90: 0.6061590797556382, 100: 0.6068622512618701}",70,0.604878639754127,0.1,0.01,0.01
wine-quality-red,fixnoiseFCN,32,1e-09,0.0005,"{0: 0.7225452991618829, 10: 0.5983397820445837, 20: 0.6019535807797721, 30: 0.6075141768975585, 40: 0.6114010018081057}",10,0.5983397820445837,0.001,0.01,0.01
wine-quality-red,fixnoiseFCN,32,1e-09,0.0005,"{0: 0.7430282111436713, 10: 0.6008573314547538, 20: 0.6042461536707832, 30: 0.6104189065244852, 40: 0.6178917014774153}",10,0.6008573314547538,0.005,0.01,0.01
wine-quality-red,fixnoiseFCN,32,1e-09,0.0005,"{0: 0.7276076945048922, 10: 0.6060947701860877, 20: 0.6061588476861225, 30: 0.6116368586117146, 40: 0.6201192555678825}",10,0.6060947701860877,0.01,0.01,0.01
wine-quality-red,fixnoiseFCN,32,1e-09,0.0005,"{0: 0.7547679656568695, 10: 0.6031413385710296, 20: 0.604755233365531, 30: 0.6095692773952204, 40: 0.6173116585144809}",10,0.6031413385710296,0.05,0.01,0.01
wine-quality-red,fixnoiseFCN,32,1e-09,0.0005,"{0: 0.7172654198840552, 10: 0.6044060460200497, 20: 0.6067498616172987, 30: 0.6126972735161875, 40: 0.6169615933123757}",10,0.6044060460200497,0.1,0.01,0.01
wine-quality-red,fixnoiseFCN,32,1e-09,0.001,"{0: 0.6577621870444101, 10: 0.6044539012131738, 20: 0.6198685353351574, 30: 0.6442493651719654, 40: 0.6688085678249014}",10,0.6044539012131738,0.001,0.01,0.01
wine-quality-red,fixnoiseFCN,32,1e-09,0.001,"{0: 0.6518043371742847, 10: 0.609294594567196, 20: 0.6196898150093415, 30: 0.6318535090632299, 40: 0.6438669492713377}",10,0.609294594567196,0.005,0.01,0.01
wine-quality-red,fixnoiseFCN,32,1e-09,0.001,"{0: 0.6625787874501126, 10: 0.6092042631845848, 20: 0.6206972820414047, 30: 0.6353046404643387, 40: 0.6498674736946237}",10,0.6092042631845848,0.01,0.01,0.01
wine-quality-red,fixnoiseFCN,32,1e-09,0.001,"{0: 0.6551368737469117, 10: 0.6129701424667648, 20: 0.6185139024520622, 30: 0.6276525735942757, 40: 0.6396171758864441}",10,0.6129701424667648,0.05,0.01,0.01
wine-quality-red,fixnoiseFCN,32,1e-09,0.001,"{0: 0.65555589184165, 10: 0.6091073604074179, 20: 0.6228134387848424, 30: 0.638084945748834, 40: 0.6537335147460301}",10,0.6091073604074179,0.1,0.01,0.01
wine-quality-red,fixnoiseFCN,32,1e-09,0.002,"{0: 0.6443374411002093, 10: 0.638415059771608, 20: 0.6719583978869167, 30: 0.7071096680415612, 40: 0.7383338699446005}",10,0.638415059771608,0.001,0.01,0.01
wine-quality-red,fixnoiseFCN,32,1e-09,0.002,"{0: 0.6428359121493264, 10: 0.6221089233107426, 20: 0.6461433015062529, 30: 0.6967078822997271, 40: 0.7475236208152538}",10,0.6221089233107426,0.005,0.01,0.01
wine-quality-red,fixnoiseFCN,32,1e-09,0.002,"{0: 0.6444149249090868, 10: 0.6262020343746625, 20: 0.6635031496338984, 30: 0.6959556604425112, 40: 0.7372262365590123}",10,0.6262020343746625,0.01,0.01,0.01
wine-quality-red,fixnoiseFCN,32,1e-09,0.002,"{0: 0.6388421316532528, 10: 0.6288575510388495, 20: 0.6630179599132024, 30: 0.7001262135832917, 40: 0.7246192554019245}",10,0.6288575510388495,0.05,0.01,0.01
wine-quality-red,fixnoiseFCN,32,1e-09,0.002,"{0: 0.6354073931656632, 10: 0.6309631530677571, 20: 0.6583164160917787, 30: 0.6846488467823056, 40: 0.6960897193089419}",10,0.6309631530677571,0.1,0.01,0.01
yacht,fixnoiseFCN,32,0.1,0.0001,"{0: 0.985485862712471, 10: 0.81640480482335, 20: 0.6681012053732969, 30: 0.5382951280365185, 40: 0.4428047133732814, 50: 0.38201760868758566, 60: 0.34311723416435475, 70: 0.31521279005006864, 80: 0.2930818900125367, 90: 0.27450756364574236, 100: 0.2583311627349075, 110: 0.24422850665450097, 120: 0.2317615460826426, 130: 0.22080480415419657, 140: 0.2111859265024565, 150: 0.20254665799104438, 160: 0.1948060524840744, 170: 0.18789232125878336, 180: 0.1818188750585731, 190: 0.17641480339668236, 200: 0.17149642937098228, 210: 0.16692762375790246, 220: 0.16280614023914142, 230: 0.1590366537218191, 240: 0.15563864871981192, 250: 0.1525540397708513, 260: 0.14976695267278323, 270: 0.1471551967099005, 280: 0.1447150927234669, 290: 0.14245930805437418, 300: 0.1403736711302582, 310: 0.13843866385610734, 320: 0.1366479063180028, 330: 0.1349363442130235, 340: 0.13327639499245858, 350: 0.13171474526123123, 360: 0.13022925631002505, 370: 0.12871974610552495, 380: 0.12729616530148352, 390: 0.1259199130285759, 400: 0.12463944515585898, 410: 0.12340425208697514, 420: 0.12221436119566158, 430: 0.12108217503464953, 440: 0.12004716866296165, 450: 0.11906754746242446, 460: 0.11816849900812518, 470: 0.11727155605445103, 480: 0.11640798769982492, 490: 0.11559803792469356, 500: 0.11482180026964266, 510: 0.11404488203598528, 520: 0.11328480057813684, 530: 0.11257913003466569, 540: 0.11192649982109362, 550: 0.1113198232541279, 560: 0.11074075722511934, 570: 0.11022589717166767, 580: 0.10973058847201114, 590: 0.10924404002938952, 600: 0.1087671915481285, 610: 0.10837772818730802, 620: 0.10806641438664225, 630: 0.10776061530076728, 640: 0.10747371489235333, 650: 0.10722118502125448, 660: 0.10702162418925032, 670: 0.10682763570303819, 680: 0.10659529583855551, 690: 0.10637064678510841, 700: 0.1061596287695729, 710: 0.10595712020202559, 720: 0.10577620358613071, 730: 0.105628575165661, 740: 0.10551408969991061, 750: 0.10539683326470609, 760: 0.1052992659174666, 770: 0.10521212211494542, 780: 0.10513353073475314, 790: 0.1050745624030123, 800: 0.10504016582880701, 810: 0.105014367910064, 820: 0.10499380863990102, 830: 0.10498050934806162, 840: 0.10497047174950036, 850: 0.10494497369807594, 860: 0.10493605857296866, 870: 0.10493362098567341, 880: 0.1049336124397054, 890: 0.10494441167858182, 900: 0.10495758829007343, 910: 0.10498203841216709}",880,0.1049336124397054,0.001,0.01,0.01
yacht,fixnoiseFCN,32,0.1,0.0001,"{0: 1.0211051406763036, 10: 0.8172467741966247, 20: 0.6611933481060729, 30: 0.5361181559295071, 40: 0.4495304172622914, 50: 0.394085507397749, 60: 0.35644788959074997, 70: 0.32873505407936715, 80: 0.30667933222833943, 90: 0.2879329387594242, 100: 0.2714561810225856, 110: 0.25691426839755505, 120: 0.2443094495766017, 130: 0.23332131038150009, 140: 0.22351208758475832, 150: 0.21468867494986982, 160: 0.2068650176585937, 170: 0.19986918576031315, 180: 0.19355463243990528, 190: 0.18780585599493008, 200: 0.18260608969963327, 210: 0.17780292540362902, 220: 0.17346268097539336, 230: 0.16943971177631495, 240: 0.1656980298824456, 250: 0.16224001217739922, 260: 0.15901210430751042, 270: 0.1560406915624531, 280: 0.15324605711078157, 290: 0.15063330863020857, 300: 0.14814498299360276, 310: 0.1457947318870194, 320: 0.1436674097381076, 330: 0.14157342102880383, 340: 0.13964311640238275, 350: 0.13776976002965655, 360: 0.13604449518298617, 370: 0.1343954231787701, 380: 0.13276565549750716, 390: 0.13112755288031636, 400: 0.12948882851369528, 410: 0.12792322816471663, 420: 0.12654300740604496, 430: 0.12510796142536768, 440: 0.12377976578717328, 450: 0.12255523752679628, 460: 0.12134801795288008, 470: 0.12024202934089974, 480: 0.11917664230417233, 490: 0.11816025513593029, 500: 0.11722005091820445, 510: 0.1163088721839749, 520: 0.11545385180444134, 530: 0.11464413127789692, 540: 0.11391519659453508, 550: 0.11321936425749135, 560: 0.11256910114628929, 570: 0.11195907311719291, 580: 0.1113763714353649, 590: 0.1108196509182453, 600: 0.1103262979382155, 610: 0.10988539371198539, 620: 0.10948250790153229, 630: 0.10911570042675856, 640: 0.10873346222602591, 650: 0.10842231814897789, 660: 0.10809291548266702, 670: 0.10782693768581567, 680: 0.10757044620903171, 690: 0.10733577659726143, 700: 0.10716994816308119, 710: 0.10696223917907596, 720: 0.10681586894271326, 730: 0.1066494594289332, 740: 0.10644479017111719, 750: 0.10635070305089563, 760: 0.10624305929760544, 770: 0.10612485433658776, 780: 0.10601244596255069, 790: 0.10592082431365032, 800: 0.105860579306982, 810: 0.10580771791205115, 820: 0.1057767230211472, 830: 0.10575680754318531, 840: 0.10569677507877348, 850: 0.10565704497938253, 860: 0.1056049484123989, 870: 0.10561358528173699, 880: 0.10563635891432666, 890: 0.10558901783763146, 900: 0.10562177169992, 910: 0.10559869318896412, 920: 0.1056402085447798}",890,0.10558901783763146,0.005,0.01,0.01
yacht,fixnoiseFCN,32,0.1,0.0001,"{0: 0.9970230017292255, 10: 0.8022713706979946, 20: 0.6468972636631556, 30: 0.5219939097993228, 40: 0.4323761926962405, 50: 0.3740474639912041, 60: 0.3360952902898497, 70: 0.3088955383021005, 80: 0.28737626527401866, 90: 0.2691217819488779, 100: 0.2534040329529315, 110: 0.23954341596121692, 120: 0.22719320948513183, 130: 0.2163769625218547, 140: 0.20672837500547878, 150: 0.19817381676849055, 160: 0.19055883247146801, 170: 0.1838631524632172, 180: 0.17787433186964113, 190: 0.17243739042902478, 200: 0.16770498209036128, 210: 0.16328703072971226, 220: 0.159240912405812, 230: 0.15558727777734097, 240: 0.1522379369389038, 250: 0.14918286178793225, 260: 0.14644309395247576, 270: 0.14385743859045358, 280: 0.14147221654896835, 290: 0.13921782832303825, 300: 0.1371602243683776, 310: 0.1352794295792677, 320: 0.13342665787497346, 330: 0.1316653229898336, 340: 0.13014137336915854, 350: 0.12865684769591507, 360: 0.12727297132599108, 370: 0.12594629390993897, 380: 0.12469129355525485, 390: 0.1235347099012258, 400: 0.1224559220337138, 410: 0.12138873672850278, 420: 0.12044739519515817, 430: 0.11947225120906928, 440: 0.11860459647129992, 450: 0.11778189835499744, 460: 0.11695194273153131, 470: 0.11617672303927189, 480: 0.11540594266142165, 490: 0.11475388522294101, 500: 0.11403523070228343, 510: 0.11340407398586369, 520: 0.11278056260943412, 530: 0.11214683140966357, 540: 0.11163225738673795, 550: 0.11110415539875322, 560: 0.11058752325298835, 570: 0.1101751381000694, 580: 0.10965366613986541, 590: 0.10928091845220449, 600: 0.10885967971354113, 610: 0.10849818597825205, 620: 0.10816344355867832, 630: 0.10787207777037913, 640: 0.10754232802257246, 650: 0.10729927524559353, 660: 0.10704243277408639, 670: 0.10682767862263991, 680: 0.1066476795539564, 690: 0.10647284699581108, 700: 0.10633821009251536, 710: 0.10616206630638667, 720: 0.10606169921098925, 730: 0.10595288051026208, 740: 0.1058176783432766, 750: 0.10574112704457068, 760: 0.10566949669925534, 770: 0.105612577844031, 780: 0.1055476836580403, 790: 0.10548885754115726, 800: 0.10545480812325769, 810: 0.10537967763080888, 820: 0.10540119961269048, 830: 0.10538523058197935, 840: 0.10538374878374898}",810,0.10537967763080888,0.01,0.01,0.01
yacht,fixnoiseFCN,32,0.1,0.0001,"{0: 1.0097155008218726, 10: 0.8355699530669621, 20: 0.690029340889989, 30: 0.5634217482464654, 40: 0.4667203916311264, 50: 0.4033495809399352, 60: 0.3618888949253121, 70: 0.33228393157404296, 80: 0.30875564532255645, 90: 0.2892377569176713, 100: 0.27235974489669407, 110: 0.257718656903627, 120: 0.24455225732253522, 130: 0.2329192519796138, 140: 0.22248197527442662, 150: 0.21320111505048614, 160: 0.20512808495395038, 170: 0.19805184789762204, 180: 0.19128874036122342, 190: 0.18550252291803457, 200: 0.1799888673722744, 210: 0.1750722961073019, 220: 0.1704044027656925, 230: 0.16654008907383802, 240: 0.1627915739751592, 250: 0.15923987918301502, 260: 0.15608307712114586, 270: 0.1530993683666599, 280: 0.15027332117727826, 290: 0.14756318639249216, 300: 0.1451982538316931, 310: 0.14269123624782173, 320: 0.14056129043564505, 330: 0.13859378135325956, 340: 0.13671912872608827, 350: 0.13485848054533103, 360: 0.13319061274370367, 370: 0.13157091653407837, 380: 0.12987206172456545, 390: 0.12867557861792797, 400: 0.12709428668569545, 410: 0.12553163011220037, 420: 0.12447426121818776, 430: 0.12321271010138553, 440: 0.12197333762292958, 450: 0.12091971921981597, 460: 0.11989402396885715, 470: 0.11895146700435758, 480: 0.11794442368830953, 490: 0.11714505218243113, 500: 0.1161425474669252, 510: 0.11547052948450556, 520: 0.11457860759508853, 530: 0.11394563262985677, 540: 0.1132402069459156, 550: 0.11247213250337815, 560: 0.11183221944375914, 570: 0.11125025104199135, 580: 0.11081066639326057, 590: 0.11030042644544524, 600: 0.1098766891536664, 610: 0.10953601635840475, 620: 0.10896801045597818, 630: 0.10877504335921637, 640: 0.10819944721703627, 650: 0.10787230800548378, 660: 0.1077398952750527, 670: 0.10765120958308785, 680: 0.1071287902107044, 690: 0.1072085749598182, 700: 0.10686684328074356, 710: 0.10661226864858549, 720: 0.1064810294168336, 730: 0.10638216402883434, 740: 0.10620258862814125, 750: 0.10612281423807143, 760: 0.10612237092852592, 770: 0.10599202720486389, 780: 0.10608341461784984, 790: 0.10598263444401779, 800: 0.10593759888471391, 810: 0.10583005792632397, 820: 0.10576719767159345, 830: 0.10564398276076023, 840: 0.10566509855766686, 850: 0.10563965893035032, 860: 0.10560440027470493, 870: 0.10552608429959842, 880: 0.10565399608624224, 890: 0.10550480156771991, 900: 0.10566910311275599, 910: 0.10539593668799012, 920: 0.10546577043010263, 930: 0.10545513633745059, 940: 0.10541714580144201}",910,0.10539593668799012,0.05,0.01,0.01
yacht,fixnoiseFCN,32,0.1,0.0001,"{0: 0.930826048267131, 10: 0.7638416719144704, 20: 0.6216953460391687, 30: 0.5031700198480061, 40: 0.417381056483911, 50: 0.3598894107341767, 60: 0.3219832768659202, 70: 0.295525534835397, 80: 0.27401567451442993, 90: 0.25684177507794637, 100: 0.24186990896536376, 110: 0.2293755319422605, 120: 0.21785518746959917, 130: 0.2084974161118877, 140: 0.1999076140814898, 150: 0.1930155593187225, 160: 0.1860992857570551, 170: 0.1807715628323506, 180: 0.17540812776952372, 190: 0.17112428435318325, 200: 0.1666029384069297, 210: 0.16303417548658897, 220: 0.15995211092428285, 230: 0.15665958385139095, 240: 0.15338637545887301, 250: 0.15055436437105646, 260: 0.14864451784199598, 270: 0.14603738598616753, 280: 0.14389011946624639, 290: 0.141431265829169, 300: 0.13944230767354673, 310: 0.13763034281621173, 320: 0.1353187678930711, 330: 0.13412869611990696, 340: 0.1327243404053912, 350: 0.1311416863975476, 360: 0.1293876860829032, 370: 0.1280494103960845, 380: 0.12684209274698277, 390: 0.12521244135863926, 400: 0.12419561217269118, 410: 0.12344634363298512, 420: 0.12207012068677922, 430: 0.12115899074746636, 440: 0.11992562870833338, 450: 0.11873159995614269, 460: 0.11768819549193188, 470: 0.11695512589508172, 480: 0.11646236468760333, 490: 0.11583038732531119, 500: 0.11460566378795371, 510: 0.11405729684172843, 520: 0.11393356635193434, 530: 0.1127909694301839, 540: 0.11241294825989372, 550: 0.1118369737772309, 560: 0.11141711831032013, 570: 0.11103493611788265, 580: 0.11044389327326601, 590: 0.11017411311609404, 600: 0.10953535129038654, 610: 0.10923015833630853, 620: 0.10878879551254972, 630: 0.10832016819533037, 640: 0.10789356617599118, 650: 0.10791540849026368, 660: 0.10736259759323938, 670: 0.10722381222248076, 680: 0.10724123741108545, 690: 0.10663618564179966, 700: 0.10653013260388862, 710: 0.10678342609198725, 720: 0.10662823524462935, 730: 0.1063095501393688, 740: 0.10629925866333807, 750: 0.10622370278652835, 760: 0.10618533286148188, 770: 0.10612858143935397, 780: 0.10632037380155253, 790: 0.10615562856258179, 800: 0.10612487160125558, 810: 0.10604644610748, 820: 0.10622843868331033, 830: 0.10620105545070706, 840: 0.10611193593363373}",810,0.10604644610748,0.1,0.01,0.01
yacht,fixnoiseFCN,32,0.1,0.0005,"{0: 0.8813961421908164, 10: 0.3516250739328715, 20: 0.24764334724508985, 30: 0.1974513854408751, 40: 0.16994352150328304, 50: 0.1531272013911179, 60: 0.14138949667555945, 70: 0.133109763088275, 80: 0.12712928083356545, 90: 0.12228874105823284, 100: 0.11844145962474298, 110: 0.11505015401268492, 120: 0.11229197080342138, 130: 0.11046745816907104, 140: 0.10920903902151147, 150: 0.10837630393128006, 160: 0.1078913735844651, 170: 0.10736258970900456, 180: 0.10701382979020779, 190: 0.10671303265496176, 200: 0.10652578994449305, 210: 0.10639432179380437, 220: 0.10627513344555486, 230: 0.10628278481291265, 240: 0.10630918628038193, 250: 0.10634831161097605}",220,0.10627513344555486,0.001,0.01,0.01
yacht,fixnoiseFCN,32,0.1,0.0005,"{0: 0.8824953234001083, 10: 0.35061368835337314, 20: 0.2500525086996507, 30: 0.19826500343424933, 40: 0.1693634797638776, 50: 0.15201335110773845, 60: 0.1406270776482261, 70: 0.1327110950441993, 80: 0.12699281018850755, 90: 0.1224615991164227, 100: 0.1186206877280255, 110: 0.1157406640715745, 120: 0.11338907098952604, 130: 0.11136068792002543, 140: 0.1096823523652797, 150: 0.10834131181605007, 160: 0.1073602464770784, 170: 0.10666488234303435, 180: 0.10632610688890728, 190: 0.106057684576633, 200: 0.10587145350599773, 210: 0.10583649264549724, 220: 0.10581934325184142, 230: 0.10582683254808796, 240: 0.10580584349011887, 250: 0.10579802372078506, 260: 0.10585676702187985, 270: 0.1059044621264448, 280: 0.10601278895930369}",250,0.10579802372078506,0.005,0.01,0.01
yacht,fixnoiseFCN,32,0.1,0.0005,"{0: 0.8875041062393967, 10: 0.3576367385691526, 20: 0.2532839300766283, 30: 0.20032193730801953, 40: 0.17055936873567348, 50: 0.15263066841692338, 60: 0.1406135983801618, 70: 0.1320470937873636, 80: 0.12558391730335297, 90: 0.1203400134967298, 100: 0.11626095213026418, 110: 0.11333509154161628, 120: 0.11105424467945584, 130: 0.10958122841983427, 140: 0.10830149198855672, 150: 0.10742278138046361, 160: 0.10686627017417734, 170: 0.10635140086801684, 180: 0.10610168486468645, 190: 0.10585534238632843, 200: 0.10573379293388249, 210: 0.1057588411502692, 220: 0.10578716817315743, 230: 0.10580502234186444}",200,0.10573379293388249,0.01,0.01,0.01
yacht,fixnoiseFCN,32,0.1,0.0005,"{0: 0.9008498867141956, 10: 0.35042566754258403, 20: 0.243328872186797, 30: 0.19335305724825178, 40: 0.16645148136907692, 50: 0.1488028307277329, 60: 0.13664603241426604, 70: 0.12746687816357125, 80: 0.1211420940768962, 90: 0.1164824844939368, 100: 0.11320136519962427, 110: 0.11176879638980845, 120: 0.10927270706332459, 130: 0.10775758508820923, 140: 0.10665720758146172, 150: 0.10606733886258943, 160: 0.10576468610276982, 170: 0.10572505345514842, 180: 0.10536876742937126, 190: 0.10505825064924297, 200: 0.10539952814639833, 210: 0.10505364823523833, 220: 0.10530667209746887, 230: 0.10538054645000672, 240: 0.10550079153265272}",210,0.10505364823523833,0.05,0.01,0.01
yacht,fixnoiseFCN,32,0.1,0.0005,"{0: 0.8907073085600015, 10: 0.36844358164680246, 20: 0.2583115318904118, 30: 0.20551915398483372, 40: 0.1745875053995726, 50: 0.15608068715370432, 60: 0.14198989117388822, 70: 0.13240251560539612, 80: 0.12444716814221168, 90: 0.11939798974869202, 100: 0.11541801892129744, 110: 0.11144186887996539, 120: 0.10879126876957564, 130: 0.10756310384249201, 140: 0.10655953434292151, 150: 0.10557624269504937, 160: 0.10549923183480088, 170: 0.105225113858982, 180: 0.10545879424044062, 190: 0.10540967901811307, 200: 0.1058224272600242}",170,0.105225113858982,0.1,0.01,0.01
yacht,fixnoiseFCN,32,0.1,0.001,"{0: 0.7694277010450558, 10: 0.25570786239662946, 20: 0.17503472533457134, 30: 0.14476337903920483, 40: 0.1280921113862067, 50: 0.11740939927161956, 60: 0.11175808851877037, 70: 0.10837723330758056, 80: 0.10666720282909821, 90: 0.10558422850102793, 100: 0.10525397725981109, 110: 0.10539254791943393, 120: 0.10548460433738574, 130: 0.10564006283027785}",100,0.10525397725981109,0.001,0.01,0.01
yacht,fixnoiseFCN,32,0.1,0.001,"{0: 0.8137588969882653, 10: 0.26603926501590375, 20: 0.175267254581865, 30: 0.1422907399754135, 40: 0.1259688981990425, 50: 0.115957182456036, 60: 0.11019498308884854, 70: 0.10722126149462194, 80: 0.10596074027309613, 90: 0.10555599436954574, 100: 0.10556344855379085, 110: 0.10553960308432578, 120: 0.1055746669592906, 130: 0.10570476449630699, 140: 0.10567943369490759}",110,0.10553960308432578,0.005,0.01,0.01
yacht,fixnoiseFCN,32,0.1,0.001,"{0: 0.8090714775396852, 10: 0.2506570277019423, 20: 0.16930210395431033, 30: 0.14109837363690747, 40: 0.12627762875934037, 50: 0.11736002400030894, 60: 0.11200814680420623, 70: 0.10858160913355497, 80: 0.10697581594330922, 90: 0.10610714517807474, 100: 0.10563834543495762, 110: 0.10563380788966101, 120: 0.10563757575957142, 130: 0.10576609132545337, 140: 0.10573023659234145}",110,0.10563380788966101,0.01,0.01,0.01
yacht,fixnoiseFCN,32,0.1,0.001,"{0: 0.7845600780175657, 10: 0.24980597463919194, 20: 0.1635656715412529, 30: 0.13478615914558878, 40: 0.11993755460332851, 50: 0.11311736634981875, 60: 0.10832042850280295, 70: 0.10630698699732218, 80: 0.10581280054912276, 90: 0.10541269371765001, 100: 0.10499322398523896, 110: 0.10588298687582114, 120: 0.10541223355945277, 130: 0.10612097762677135}",100,0.10499322398523896,0.05,0.01,0.01
yacht,fixnoiseFCN,32,0.1,0.001,"{0: 0.788986207640901, 10: 0.24188632817900907, 20: 0.16493273566085465, 30: 0.13460990928387156, 40: 0.12075817821159655, 50: 0.1132765529776106, 60: 0.10870933312785869, 70: 0.10693154908868732, 80: 0.10542956006770232, 90: 0.10598447232830281, 100: 0.10544017293441052, 110: 0.10568993098030285}",80,0.10542956006770232,0.1,0.01,0.01
yacht,fixnoiseFCN,32,0.1,0.002,"{0: 0.6637400848014015, 10: 0.15835394046805343, 20: 0.11895741567015647, 30: 0.10782703736424444, 40: 0.10526880455990226, 50: 0.10517677716697964, 60: 0.10570971283134149, 70: 0.10589023328374844, 80: 0.10638405471249501}",50,0.10517677716697964,0.001,0.01,0.01
yacht,fixnoiseFCN,32,0.1,0.002,"{0: 0.6625816918051972, 10: 0.16868333337744887, 20: 0.12626973023463267, 30: 0.11118029648673777, 40: 0.10672231635512137, 50: 0.10589262002767348, 60: 0.10546692221140375, 70: 0.10517237200785653, 80: 0.10584315827914648, 90: 0.10600582330506676, 100: 0.10611099964197801}",70,0.10517237200785653,0.005,0.01,0.01
yacht,fixnoiseFCN,32,0.1,0.002,"{0: 0.6401079683011892, 10: 0.17319948893116446, 20: 0.12558268059638084, 30: 0.11192715012114876, 40: 0.10769568011833697, 50: 0.106392053263528, 60: 0.10615210789198777, 70: 0.10597666738896953, 80: 0.10584418653529518, 90: 0.10591132969454842, 100: 0.10615659941702474, 110: 0.10642111433221371}",80,0.10584418653529518,0.01,0.01,0.01
yacht,fixnoiseFCN,32,0.1,0.002,"{0: 0.6617998538698469, 10: 0.16586697678115903, 20: 0.12270945006913067, 30: 0.10917811638056016, 40: 0.10646690150852108, 50: 0.10629609224990924, 60: 0.10586599863305383, 70: 0.1060800797896726, 80: 0.10584143231900371, 90: 0.10622804610826533, 100: 0.10641068604223583, 110: 0.10683319124883535}",80,0.10584143231900371,0.05,0.01,0.01
yacht,fixnoiseFCN,32,0.1,0.002,"{0: 0.6523707633407749, 10: 0.16862357966449798, 20: 0.11955591749415106, 30: 0.10880375856161115, 40: 0.10619064785631335, 50: 0.10569563525367756, 60: 0.1054217124928017, 70: 0.10466221316797393, 80: 0.10536427923063843, 90: 0.10592684731434802, 100: 0.10689021856565865}",70,0.10466221316797393,0.1,0.01,0.01
yacht,fixnoiseFCN,32,0.01,0.0001,"{0: 0.9609777718466155, 10: 0.7363481470711377, 20: 0.5432592645542962, 30: 0.41381238637894996, 40: 0.34552556128769507, 50: 0.3000510545020201, 60: 0.26300529006670936, 70: 0.23107837028527745, 80: 0.20354225560292902, 90: 0.17977170968177367, 100: 0.1599440588397639, 110: 0.14377310291723328, 120: 0.1308457299312767, 130: 0.12050951382700278, 140: 0.11207514969305117, 150: 0.10503461808331158, 160: 0.09930215395165949, 170: 0.09447261319963299, 180: 0.09032762557268144, 190: 0.08676065241499824, 200: 0.08366096749171918, 210: 0.08089725362281411, 220: 0.0784793360695547, 230: 0.07625901675832515, 240: 0.07422411326486238, 250: 0.07241971198058858, 260: 0.07086685666989306, 270: 0.06938348638433582, 280: 0.0680339885129004, 290: 0.06677260369275298, 300: 0.06567336793274296, 310: 0.06465607269777326, 320: 0.06376568996815049, 330: 0.06292205354206418, 340: 0.06215364290074425, 350: 0.0614341529102958, 360: 0.060785844734128645, 370: 0.06022390883644017, 380: 0.059691007406735906, 390: 0.05911893839161007, 400: 0.058636135490573185, 410: 0.05819635399202912, 420: 0.05774219356963829, 430: 0.057334363949238035, 440: 0.05694958649241194, 450: 0.05654819241409399, 460: 0.05621182695456913, 470: 0.055882706040326434, 480: 0.05558090975546107, 490: 0.05524755070890699, 500: 0.05501109519327173, 510: 0.05475011926524494, 520: 0.05450687853170901, 530: 0.054224654233273197, 540: 0.0539969971678695, 550: 0.05376412241100048, 560: 0.053584899497883656, 570: 0.05337021946526912, 580: 0.05313946868889794, 590: 0.052928043431469375, 600: 0.052681570904747566, 610: 0.052476573713884055, 620: 0.05225785264296799, 630: 0.05205045796413811, 640: 0.051913813350151994, 650: 0.051730147466063504, 660: 0.05156362420138048, 670: 0.051393057114007525, 680: 0.05126053685360417, 690: 0.051123049952089786, 700: 0.05099203455980335, 710: 0.05083410028109745, 720: 0.0506337143325684, 730: 0.05049618115215278, 740: 0.05032258176605921, 750: 0.05018693596565602, 760: 0.05002132740632004, 770: 0.04992147837685688, 780: 0.04974675901629487, 790: 0.04956049164567067, 800: 0.049404832171542304, 810: 0.04928560220434958, 820: 0.049102626513917835, 830: 0.04896324663153108, 840: 0.048821396734793576, 850: 0.04865202747574266, 860: 0.04849769363537127, 870: 0.04838548293086339, 880: 0.048260980428329533, 890: 0.04814491685267006, 900: 0.04800968449273888, 910: 0.04790075737161904, 920: 0.0477775649282397, 930: 0.04764281004271945, 940: 0.04748449749180249, 950: 0.04737665226949113, 960: 0.04723361083621881, 970: 0.0470857788289384, 980: 0.04697946832237803, 990: 0.04689170765785538, 1000: 0.04678544949375245, 1010: 0.046689866507691996, 1020: 0.04661247649271877, 1030: 0.0465214498709051, 1040: 0.0464916259032123, 1050: 0.0464011319323766, 1060: 0.04631881314607299, 1070: 0.04630775091447393, 1080: 0.046259411475488114, 1090: 0.04617501616736456, 1100: 0.04612610412236987, 1110: 0.04607733247885291, 1120: 0.046018293375567516, 1130: 0.045956929663918455, 1140: 0.045915208227628346, 1150: 0.045837329366377424, 1160: 0.04577529520191708, 1170: 0.04567818997891582, 1180: 0.04562077385035097, 1190: 0.04556798901621785, 1200: 0.04550779249458289, 1210: 0.0454375298629914, 1220: 0.045379072514875815, 1230: 0.045331809153514244, 1240: 0.045290865585055885, 1250: 0.045210201800629804, 1260: 0.04515257404470931, 1270: 0.04511640070941375, 1280: 0.04505691638056721, 1290: 0.04498441416268446, 1300: 0.04491783829094196, 1310: 0.04482093001309098, 1320: 0.04477303702870802, 1330: 0.04474248567907786, 1340: 0.044686780279996445, 1350: 0.044644908614152545, 1360: 0.04459839225043447, 1370: 0.044570725146300935, 1380: 0.044513429254597545, 1390: 0.04446934066804088, 1400: 0.04443788554975573, 1410: 0.044405444615501534, 1420: 0.04440260016370793, 1430: 0.04439126844597714, 1440: 0.044385827038057, 1450: 0.04437391649201816, 1460: 0.044358487684203654, 1470: 0.044350610766635865, 1480: 0.044308853900858335, 1490: 0.04431469521732355, 1500: 0.04430266084780499, 1510: 0.04425395026787811, 1520: 0.04426248279594037, 1530: 0.04425086539634029, 1540: 0.044216787094364364, 1550: 0.04418445737842394, 1560: 0.04415275142007336, 1570: 0.04414310575322229, 1580: 0.044161299450665104, 1590: 0.044172243647125305, 1600: 0.044162902192649796}",1570,0.04414310575322229,0.001,0.01,0.01
yacht,fixnoiseFCN,32,0.01,0.0001,"{0: 0.9698220419299848, 10: 0.7466071666454782, 20: 0.5434734353264984, 30: 0.40035251175140846, 40: 0.32600577298232486, 50: 0.28052094271596595, 60: 0.24590919315450047, 70: 0.21757695887405046, 80: 0.19363657328668904, 90: 0.17332069200034045, 100: 0.15595725254927365, 110: 0.14137532241003853, 120: 0.12932876643964222, 130: 0.1193664362120385, 140: 0.11105113857497975, 150: 0.10421315480738272, 160: 0.0984404602896194, 170: 0.09357640959413684, 180: 0.08935227368255051, 190: 0.08581078066631238, 200: 0.08257710398277458, 210: 0.079936912161051, 220: 0.07754507176213118, 230: 0.0753485966707979, 240: 0.07341950975267256, 250: 0.07157002202467043, 260: 0.070015770244051, 270: 0.06840610881514694, 280: 0.06715444579781318, 290: 0.06596012679715546, 300: 0.06481566268236054, 310: 0.06364426883659802, 320: 0.0628557848428585, 330: 0.061909999908537273, 340: 0.06118057857149718, 350: 0.06039714924230868, 360: 0.059742548484887394, 370: 0.05911577604254897, 380: 0.05865365499318862, 390: 0.05796475671839958, 400: 0.05741625093106104, 410: 0.057049282946148694, 420: 0.05648051656630575, 430: 0.05598327469126302, 440: 0.055685069342961115, 450: 0.055288456027909196, 460: 0.05494227000797282, 470: 0.054532900979628374, 480: 0.05430016147634205, 490: 0.05397328359101501, 500: 0.053689026908302795, 510: 0.05332654543890029, 520: 0.05311865832763059, 530: 0.05288042003615778, 540: 0.05250369144155054, 550: 0.052155067906391864, 560: 0.05195596760785093, 570: 0.051696005399433934, 580: 0.051529732546636044, 590: 0.05122351289555734, 600: 0.051016034520402244, 610: 0.05072982213266042, 620: 0.05061046307883701, 630: 0.05040123195794164, 640: 0.05016088867674069, 650: 0.050131745100325475, 660: 0.04982735741016816, 670: 0.049792203324181696, 680: 0.04957699405599614, 690: 0.049335593609785545, 700: 0.04916451326772875, 710: 0.04910446502906936, 720: 0.048982215806233645, 730: 0.04892668394014544, 740: 0.04872648666525373, 750: 0.04862323701655378, 760: 0.048429292646597843, 770: 0.0483875588884159, 780: 0.048252872241394865, 790: 0.04803917641907322, 800: 0.04797714749738878, 810: 0.04786829899935698, 820: 0.04788056920392781, 830: 0.04769099142174331, 840: 0.04761016623949518, 850: 0.04755028379115523, 860: 0.04748650448784536, 870: 0.047328122609732105, 880: 0.047193769022518275, 890: 0.04714495826862296, 900: 0.04709082928543189, 910: 0.0469653752640802, 920: 0.04687818172254733, 930: 0.04689747712821985, 940: 0.04657429190694677, 950: 0.0465845978299574, 960: 0.046543988538943995, 970: 0.04643514036174331, 980: 0.04639614343491136, 990: 0.04634264123302941, 1000: 0.04626280910111204, 1010: 0.04621291771926442, 1020: 0.04618413112814329, 1030: 0.04595401144529484, 1040: 0.045941707376618776, 1050: 0.045787617461717854, 1060: 0.045716164205755506, 1070: 0.04564919919398974, 1080: 0.04559404102530406, 1090: 0.04538606419596745, 1100: 0.04544214719032146, 1110: 0.04522606980268444, 1120: 0.04525373158375827, 1130: 0.04512504642046228, 1140: 0.04508149800236736, 1150: 0.04497662095117326, 1160: 0.04506876290391902, 1170: 0.04487250318879984, 1180: 0.04487518941382973, 1190: 0.04486300288140774, 1200: 0.044768431824384905, 1210: 0.044776729227937, 1220: 0.04466738263441592, 1230: 0.04461692301320787, 1240: 0.044562132318561175, 1250: 0.04437707428466909, 1260: 0.04441643585477557, 1270: 0.04443840513226329, 1280: 0.04427252521867655, 1290: 0.04423194431726422, 1300: 0.04416501974086372, 1310: 0.044147485370538676, 1320: 0.04410116567462683, 1330: 0.04402847591529087, 1340: 0.04398086832524563, 1350: 0.04387625040554879, 1360: 0.043865925082746816, 1370: 0.043840103334005995, 1380: 0.043788515885873715, 1390: 0.043681096239053474, 1400: 0.04374644545496118, 1410: 0.04356269354707733, 1420: 0.04366961107098934, 1430: 0.043548837502087864, 1440: 0.04346851485268194, 1450: 0.043451654766439175, 1460: 0.043405292902369885, 1470: 0.04340684489145571, 1480: 0.04326508751937321, 1490: 0.043313836631118034, 1500: 0.043273603025595755, 1510: 0.04322979728071665, 1520: 0.04323044411929287, 1530: 0.043140446411407726, 1540: 0.04325258922455262, 1550: 0.04329125796364887, 1560: 0.04317824553500633}",1530,0.043140446411407726,0.005,0.01,0.01
yacht,fixnoiseFCN,32,0.01,0.0001,"{0: 0.9848857188224793, 10: 0.7309808131772645, 20: 0.5237218061466606, 30: 0.39164766055467176, 40: 0.32712153889330065, 50: 0.2871715871752525, 60: 0.2553134640443082, 70: 0.22801919330017908, 80: 0.2046112305351666, 90: 0.1841768906250292, 100: 0.16685178086952285, 110: 0.15241827199167135, 120: 0.14009069392632467, 130: 0.13012780193345888, 140: 0.12145013923973454, 150: 0.11408755944699658, 160: 0.10788345921222042, 170: 0.10277065440404172, 180: 0.09829439596314819, 190: 0.09442973554377654, 200: 0.09103384401968548, 210: 0.08788215633527356, 220: 0.08536461473636481, 230: 0.08269318728088117, 240: 0.08101467969983207, 250: 0.07903352647320348, 260: 0.07743860284041386, 270: 0.07585283008643559, 280: 0.07465283960985894, 290: 0.07324160804888424, 300: 0.07202252323834263, 310: 0.0711030609914843, 320: 0.07023051964841327, 330: 0.06886074322857419, 340: 0.0681133768722719, 350: 0.0672452791813685, 360: 0.06655951771717898, 370: 0.06569828500401001, 380: 0.06499963351658414, 390: 0.06466255123365898, 400: 0.06390733678061136, 410: 0.0634555207268924, 420: 0.06277908463076669, 430: 0.062473469327298956, 440: 0.061778320361156845, 450: 0.061281391264224536, 460: 0.06102667657544418, 470: 0.06072376310703705, 480: 0.060156820165563604, 490: 0.059752292879229896, 500: 0.05939377710451277, 510: 0.059020657055536094, 520: 0.05866421739057619, 530: 0.0580643683284217, 540: 0.0579701023830139, 550: 0.057590136219956435, 560: 0.05700788366079938, 570: 0.05706551936086344, 580: 0.05654938707546313, 590: 0.05632575604045877, 600: 0.05607041810224859, 610: 0.05547973434596646, 620: 0.05543121282513044, 630: 0.05510574936942787, 640: 0.05489740169352415, 650: 0.05477573465023722, 660: 0.054359178623374624, 670: 0.05398412281274796, 680: 0.0537855049125394, 690: 0.05370667687240911, 700: 0.053444599303968096, 710: 0.05318548912767853, 720: 0.05294229293949142, 730: 0.052721349590895125, 740: 0.052698719110263845, 750: 0.052500764137019915, 760: 0.05224397719408177, 770: 0.05223871681611149, 780: 0.05192457801057976, 790: 0.052009333921634426, 800: 0.051587550030375004, 810: 0.05141736936477983, 820: 0.05126019684012447, 830: 0.051086640268716274, 840: 0.05098472854266969, 850: 0.05054460474301359, 860: 0.05074567387283456, 870: 0.0505138855798512, 880: 0.05015254640746482, 890: 0.04998689257475186, 900: 0.05013155449440284, 910: 0.04992949659483773, 920: 0.04976403346019132, 930: 0.04944644704628356, 940: 0.04968547188505835, 950: 0.04946942294769141, 960: 0.04929237066330958, 970: 0.04908667087661368, 980: 0.04908787855566764, 990: 0.04890684202054933, 1000: 0.0488502765200576, 1010: 0.048726655149490254, 1020: 0.04871076404911523, 1030: 0.04838442674005518, 1040: 0.048282180714059854, 1050: 0.04830590847955674, 1060: 0.048183825161840235, 1070: 0.04789815468280291, 1080: 0.047943720839613554, 1090: 0.04792250622398391, 1100: 0.047764447422051916, 1110: 0.04777762957510291, 1120: 0.04743448839458276, 1130: 0.04732142720097789, 1140: 0.04741815198745046, 1150: 0.047288527584805784, 1160: 0.04724931218201408, 1170: 0.046956049407015046, 1180: 0.047036229304817254, 1190: 0.046967424195944046, 1200: 0.04663552585639515, 1210: 0.04660719262610893, 1220: 0.0466272188193944, 1230: 0.04644222414113429, 1240: 0.046408185500879676, 1250: 0.04650753181701412, 1260: 0.04623138436811919, 1270: 0.04605542815507067, 1280: 0.04590386633939889, 1290: 0.04578788670441326, 1300: 0.045833073183285944, 1310: 0.04587697724450608, 1320: 0.04554367479803611, 1330: 0.04555018555008027, 1340: 0.045517908825101906, 1350: 0.045485067354021025, 1360: 0.04546863488700925, 1370: 0.045486528030767734, 1380: 0.04541914920478451, 1390: 0.0451867470738231, 1400: 0.045147084107508464, 1410: 0.0451887350430598, 1420: 0.045158944598418106, 1430: 0.045033309734901605, 1440: 0.044963240384143226, 1450: 0.04493734486978881, 1460: 0.044720962366127236, 1470: 0.044930883679614994, 1480: 0.04465696917945633, 1490: 0.044618951521813874, 1500: 0.04450356886748756, 1510: 0.044510935907461205, 1520: 0.044475442514583775, 1530: 0.04448761886130182, 1540: 0.044401752485152414, 1550: 0.04429334550229262, 1560: 0.04423535562063359, 1570: 0.04428371593371337, 1580: 0.04431402302472567, 1590: 0.044112383298119714, 1600: 0.04411137797637862, 1610: 0.043880947530421675, 1620: 0.04399850011267224, 1630: 0.044026592972023146, 1640: 0.04368641682972714, 1650: 0.043796646947763404, 1660: 0.04375777687755775, 1670: 0.0438075409969505}",1640,0.04368641682972714,0.01,0.01,0.01
yacht,fixnoiseFCN,32,0.01,0.0001,"{0: 1.0040997274165249, 10: 0.7567330099903807, 20: 0.5561732212888951, 30: 0.418015065189527, 40: 0.34086622294357843, 50: 0.2908513925927026, 60: 0.25262977407538156, 70: 0.2214362326349531, 80: 0.19559107965230943, 90: 0.17480305766937684, 100: 0.15679407130090556, 110: 0.14167811569145747, 120: 0.12988798664114914, 130: 0.11982487821031591, 140: 0.11196761247211573, 150: 0.10458073575095254, 160: 0.0991688295736605, 170: 0.09392249609317099, 180: 0.08965520800437246, 190: 0.08627464276308916, 200: 0.08336761004158429, 210: 0.07982020860454257, 220: 0.07779035257593711, 230: 0.07492182442333017, 240: 0.07330245995612776, 250: 0.07122560789755412, 260: 0.06939989024096606, 270: 0.06812341011786947, 280: 0.06677798389445762, 290: 0.0660018552499158, 300: 0.06408784889019266, 310: 0.06286762190564554, 320: 0.061260117941973155, 330: 0.060546974465250966, 340: 0.0604718244641411, 350: 0.05960897414325452, 360: 0.058125651337054315, 370: 0.0576478430993703, 380: 0.0571258294643188, 390: 0.05667856388219765, 400: 0.055945667857722356, 410: 0.055106938623348055, 420: 0.05595495482214859, 430: 0.05471153491917922, 440: 0.05362287698838175, 450: 0.05436626973200818, 460: 0.054063778375484504, 470: 0.05303647273596453, 480: 0.05355918557120829, 490: 0.05288136228979849, 500: 0.052007066871742814, 510: 0.05161333206113503, 520: 0.05228517642130657, 530: 0.05093959154249454, 540: 0.051510106078216, 550: 0.05053665019693423, 560: 0.05171915045304566, 570: 0.049877719543722214, 580: 0.04990762438959613, 590: 0.04994615458195307, 600: 0.049956928862600905}",570,0.049877719543722214,0.05,0.01,0.01
yacht,fixnoiseFCN,32,0.01,0.0001,"{0: 0.9713649996251477, 10: 0.7134135974232031, 20: 0.5135721725712017, 30: 0.39140508415017805, 40: 0.32946552615263025, 50: 0.29025303363921695, 60: 0.2582383828418595, 70: 0.22990505440867676, 80: 0.2053640338681182, 90: 0.18431348983487303, 100: 0.1664807813337871, 110: 0.1517522421351501, 120: 0.13928853867491897, 130: 0.12905806565041444, 140: 0.11913268565888306, 150: 0.11252752480093313, 160: 0.1069455719821307, 170: 0.10075351572219207, 180: 0.09560652317197957, 190: 0.09288702840586098, 200: 0.08765449969257627, 210: 0.0858015235814513, 220: 0.08128930877301158, 230: 0.08071036971101955, 240: 0.07671101247595281, 250: 0.07542083888698596, 260: 0.0747095352289628, 270: 0.07305815837699539, 280: 0.06999817752108281, 290: 0.06747677842877349, 300: 0.06779533610112813, 310: 0.06776237467448323, 320: 0.06604596769353566, 330: 0.06360002089641532, 340: 0.06253616561390915, 350: 0.0613859750096287, 360: 0.06107170222638821, 370: 0.06184406100852149, 380: 0.05948625618188965, 390: 0.05759817125876339, 400: 0.05854795801548325, 410: 0.05854489931677069, 420: 0.05693237115655627, 430: 0.05697293981879341, 440: 0.056361223305670574, 450: 0.05529891248321046, 460: 0.05592383792114501, 470: 0.05639977149543714, 480: 0.055172466848577774, 490: 0.0533322070335247, 500: 0.05430402656477325, 510: 0.054151518027697285, 520: 0.05329370274987756, 530: 0.05336966350765861, 540: 0.052373998339687075, 550: 0.052745300667018304, 560: 0.05232687147630721, 570: 0.05114693258246596, 580: 0.05112460048648776, 590: 0.05240871008561583, 600: 0.05103296981721508, 610: 0.04987641544153496, 620: 0.04899421317905796, 630: 0.05049587440095386, 640: 0.0499240813592867, 650: 0.04927586179789232}",620,0.04899421317905796,0.1,0.01,0.01
yacht,fixnoiseFCN,32,0.01,0.0005,"{0: 0.8758452749982173, 10: 0.291979614218887, 20: 0.15745295575808507, 30: 0.10238187820692453, 40: 0.08184061608509141, 50: 0.07175695486214696, 60: 0.06546555863776984, 70: 0.061274102050735024, 80: 0.05857324837695579, 90: 0.05664324320244546, 100: 0.05500195816037606, 110: 0.05380474384311511, 120: 0.052851578509321026, 130: 0.05217478195836349, 140: 0.051573214903777954, 150: 0.05135107633745184, 160: 0.05117236888363045, 170: 0.05073213169936623, 180: 0.050363639118568025, 190: 0.04999385318829089, 200: 0.0496758279938783, 210: 0.04926050024996607, 220: 0.048953105595190914, 230: 0.048585021716751615, 240: 0.04815947911736308, 250: 0.04780699118530872, 260: 0.047344014913299856, 270: 0.04685690348428123, 280: 0.04645367531007042, 290: 0.04622569364430953, 300: 0.04602464460140589, 310: 0.04590636677614281, 320: 0.04558553879677642, 330: 0.04549099662048476, 340: 0.04537279246443389, 350: 0.045165391032336924, 360: 0.04501496449553845, 370: 0.0449065538611339, 380: 0.044745795316081874, 390: 0.04462370765178787, 400: 0.044594050009791955, 410: 0.04457053801265298, 420: 0.044519567343805515, 430: 0.04447898370635753, 440: 0.04452814509871662, 450: 0.04442180043991122, 460: 0.04427067743469866, 470: 0.04426689119287291, 480: 0.04432556623144417, 490: 0.044264022731355254, 500: 0.04424856220793967, 510: 0.044300224843377964, 520: 0.04431885423237572, 530: 0.04427288253095989}",500,0.04424856220793967,0.001,0.01,0.01
yacht,fixnoiseFCN,32,0.01,0.0005,"{0: 0.8595013675105815, 10: 0.2883722413656663, 20: 0.15918370140085414, 30: 0.10458347872568637, 40: 0.08321886042672762, 50: 0.07289259350786403, 60: 0.06716189355023053, 70: 0.06386585000020509, 80: 0.06090813192938056, 90: 0.05908236939536066, 100: 0.05743666949305608, 110: 0.05609212805832527, 120: 0.055030632746767026, 130: 0.05432201541914623, 140: 0.05336942254660689, 150: 0.05287513584065802, 160: 0.05239052223733494, 170: 0.052004452515013365, 180: 0.051495818480545165, 190: 0.051092379609541015, 200: 0.05059993510556464, 210: 0.050004897878486276, 220: 0.04961222466218228, 230: 0.049101094184329314, 240: 0.04902859960587658, 250: 0.04857453484848446, 260: 0.04813998157804718, 270: 0.047856995679438116, 280: 0.04741438914348885, 290: 0.047405685058205714, 300: 0.0473383178680527, 310: 0.04691058372614943, 320: 0.04654009526724718, 330: 0.04630813964091394, 340: 0.04620526102854281, 350: 0.04602753945318412, 360: 0.04553669659002703, 370: 0.045570850836379184, 380: 0.045389213228560224, 390: 0.0451190252580813, 400: 0.0448342217377254, 410: 0.04490838013847872, 420: 0.044847875037363594, 430: 0.04462510896017965, 440: 0.044300263215844723, 450: 0.04415759802944198, 460: 0.04410121173457223, 470: 0.04396849055329756, 480: 0.04357186570824409, 490: 0.04364273236646336, 500: 0.043597765158177634, 510: 0.043587104298326435}",480,0.04357186570824409,0.005,0.01,0.01
yacht,fixnoiseFCN,32,0.01,0.0005,"{0: 0.8774026225975581, 10: 0.2986612811210204, 20: 0.1731933316430267, 30: 0.11705158903586621, 40: 0.0917890511185539, 50: 0.07862907043221046, 60: 0.07022412088665426, 70: 0.06453534033499202, 80: 0.06069050735934656, 90: 0.05801498478681457, 100: 0.055925879470243745, 110: 0.054140751450189525, 120: 0.052867623849486824, 130: 0.051896512919998895, 140: 0.05114591941739224, 150: 0.05049538206293876, 160: 0.04946490309813193, 170: 0.04868097611957667, 180: 0.0482563975950589, 190: 0.047547316230377376, 200: 0.046920718173895565, 210: 0.046938437416237225, 220: 0.04610944763130072, 230: 0.0459537013527386, 240: 0.045282806995267766, 250: 0.045141513283307455, 260: 0.04442752555210371, 270: 0.044401373994745766, 280: 0.044267453178003124, 290: 0.04414424241334199, 300: 0.044091848834436766, 310: 0.04383673810396267, 320: 0.043718751746172804, 330: 0.04372034110509011, 340: 0.04358215609785853, 350: 0.043699184644891295, 360: 0.04351556568379913, 370: 0.04307042663073053, 380: 0.04331737714686564, 390: 0.043518988244083456, 400: 0.04347489550542467}",370,0.04307042663073053,0.01,0.01,0.01
yacht,fixnoiseFCN,32,0.01,0.0005,"{0: 0.9135279678179293, 10: 0.3311854046145264, 20: 0.18824749465864532, 30: 0.12254578730220697, 40: 0.09365069858030398, 50: 0.07861460583428947, 60: 0.0693287785673628, 70: 0.06333152861680304, 80: 0.06254393610844806, 90: 0.05889682784950247, 100: 0.05728904470193143, 110: 0.05597780319379301, 120: 0.056542810413910426, 130: 0.0532861116923848, 140: 0.05340174879194522, 150: 0.055098807537434055, 160: 0.051389801136389066, 170: 0.05123346772425028, 180: 0.050684981139034635, 190: 0.05122643875528356, 200: 0.050379920249538766, 210: 0.051974317033376016, 220: 0.04877778562523273, 230: 0.049611964098348914, 240: 0.04775737417762985, 250: 0.047031523666059484, 260: 0.047680145532196884, 270: 0.0468962425019364, 280: 0.046723216866808276, 290: 0.045572985517735386, 300: 0.048389256368334195, 310: 0.04676644095519976, 320: 0.046497155020127495}",290,0.045572985517735386,0.05,0.01,0.01
yacht,fixnoiseFCN,32,0.01,0.0005,"{0: 0.857142531200331, 10: 0.3008658821643615, 20: 0.16992893433570863, 30: 0.11127503642743948, 40: 0.08608466065690226, 50: 0.07528398403069195, 60: 0.06621409546903201, 70: 0.0613182902758827, 80: 0.06221866004533914, 90: 0.05877453331345198, 100: 0.05465065847915046, 110: 0.05527878753278328, 120: 0.05024477676378221, 130: 0.04739614318524088, 140: 0.04945646717779491, 150: 0.04921925715539528, 160: 0.049517449072125005}",130,0.04739614318524088,0.1,0.01,0.01
yacht,fixnoiseFCN,32,0.01,0.001,"{0: 0.756573774206395, 10: 0.14789086018289838, 20: 0.07890032605188232, 30: 0.06161632418115528, 40: 0.055069105823733366, 50: 0.051739542390618995, 60: 0.04987353133729526, 70: 0.04879671902285547, 80: 0.04776475530589114, 90: 0.04707185506106031, 100: 0.046553360256309406, 110: 0.046050109801243765, 120: 0.04565398757828741, 130: 0.04532127702859592, 140: 0.04505457352056187, 150: 0.04474765822853969, 160: 0.04434764306277646, 170: 0.044158838084765846, 180: 0.04382744519199644, 190: 0.043386957438928744, 200: 0.04319010037198967, 210: 0.043151122716768665, 220: 0.04316549014619418, 230: 0.043109685993468275, 240: 0.04308399854357145, 250: 0.04315796648680555, 260: 0.04299617180608365, 270: 0.04303922532240347, 280: 0.042964276536082736, 290: 0.04307899813870995, 300: 0.04306148405753228, 310: 0.04297956433648966}",280,0.042964276536082736,0.001,0.01,0.01
yacht,fixnoiseFCN,32,0.01,0.001,"{0: 0.7738215413142224, 10: 0.17583017076034935, 20: 0.08500404155193544, 30: 0.06572647440190219, 40: 0.05871119281406305, 50: 0.05522008994829898, 60: 0.053333045495407926, 70: 0.051630178852653016, 80: 0.050411760620924895, 90: 0.04983251814088043, 100: 0.0485862070391981, 110: 0.048033898995543015, 120: 0.04697999754487252, 130: 0.04663929577703987, 140: 0.04623328509090506, 150: 0.046197695926135894, 160: 0.04548552087968101, 170: 0.04493477524482474, 180: 0.04478232713971211, 190: 0.04437436859355289, 200: 0.044510918999965086, 210: 0.04410242874038463, 220: 0.04380465911115919, 230: 0.04336593555993572, 240: 0.04280016445809481, 250: 0.04304634578875741, 260: 0.04270827892285829, 270: 0.04268213552312583, 280: 0.04271544856228391, 290: 0.04276649432614142, 300: 0.042692078857853706}",270,0.04268213552312583,0.005,0.01,0.01
yacht,fixnoiseFCN,32,0.01,0.001,"{0: 0.7686592191287449, 10: 0.16291529850692166, 20: 0.08439838376884559, 30: 0.0650856431096184, 40: 0.05793857020808726, 50: 0.05389751392146762, 60: 0.05113240257057609, 70: 0.0492728362764631, 80: 0.04873107667571428, 90: 0.04782533165994955, 100: 0.047254311346582, 110: 0.046502299031128694, 120: 0.04555819690014635, 130: 0.04534176475204983, 140: 0.04490237258237843, 150: 0.0446838626785546, 160: 0.0441435367369226, 170: 0.044662304379502124, 180: 0.04406346187162764, 190: 0.043478072428885774, 200: 0.04418775668314525, 210: 0.04294354899394877, 220: 0.043869275484158074, 230: 0.04369582163451278, 240: 0.043690645396861495}",210,0.04294354899394877,0.01,0.01,0.01
yacht,fixnoiseFCN,32,0.01,0.001,"{0: 0.7619913764145909, 10: 0.16030245305202445, 20: 0.08182867796749485, 30: 0.06691350263691678, 40: 0.06137817936527486, 50: 0.05723360901949357, 60: 0.05180874566247269, 70: 0.05348934021288034, 80: 0.05088290753793352, 90: 0.04985675062680123, 100: 0.05080451012053051, 110: 0.049350148986796946, 120: 0.04678523897090737, 130: 0.0492413191246439, 140: 0.04556585606385251, 150: 0.047578489131009094, 160: 0.04773925200059097, 170: 0.045679760593996976}",140,0.04556585606385251,0.05,0.01,0.01
yacht,fixnoiseFCN,32,0.01,0.001,"{0: 0.7838861994159465, 10: 0.14944577541886545, 20: 0.07571578403759975, 30: 0.05959752383341595, 40: 0.057452954831780215, 50: 0.04924004326091737, 60: 0.051602561530105916, 70: 0.046688547474693275, 80: 0.04771821867720205, 90: 0.04689104343068843, 100: 0.05214214431281601}",70,0.046688547474693275,0.1,0.01,0.01
yacht,fixnoiseFCN,32,0.01,0.002,"{0: 0.5263954513510879, 10: 0.07593334325083664, 20: 0.0519483619044934, 30: 0.04967713924588597, 40: 0.051520495766735806, 50: 0.04865858990242895, 60: 0.04870718804944535, 70: 0.04771269402181616, 80: 0.04757960779432739, 90: 0.047367028935527314, 100: 0.0475232339420793, 110: 0.046269970078401425, 120: 0.04593697269017599, 130: 0.046296250515142266, 140: 0.046169562600553035, 150: 0.04588447103071577, 160: 0.04580275748244354, 170: 0.04638403518878075, 180: 0.04574314932601184, 190: 0.04558673053630153, 200: 0.04631473253348044, 210: 0.04583653430868777, 220: 0.04540401966474494, 230: 0.045599324753545986, 240: 0.045555920046050934, 250: 0.04508542253746062, 260: 0.045533600043277354, 270: 0.045535801730441805, 280: 0.044929749226539716, 290: 0.045630114263265714, 300: 0.04520487586545701, 310: 0.04480402624196544, 320: 0.04544802691285708, 330: 0.04512041925273988, 340: 0.044735568473077546, 350: 0.045582005708801505, 360: 0.044938481958088826, 370: 0.04473289570425238, 380: 0.04528574252417501, 390: 0.044797841570054994, 400: 0.045289098415143635}",370,0.04473289570425238,0.001,0.01,0.01
yacht,fixnoiseFCN,32,0.01,0.002,"{0: 0.6112407190945683, 10: 0.09056758257077664, 20: 0.0588204690002057, 30: 0.05137187751549847, 40: 0.04892668038667465, 50: 0.04614506889180261, 60: 0.04489623419058566, 70: 0.044757196287263414, 80: 0.04385979831066667, 90: 0.04342901274120929, 100: 0.044347745810996514, 110: 0.04320160979291006, 120: 0.042048750588936465, 130: 0.043301932464600824, 140: 0.043172979045735325, 150: 0.042319681233897496}",120,0.042048750588936465,0.005,0.01,0.01
yacht,fixnoiseFCN,32,0.01,0.002,"{0: 0.5762965094434972, 10: 0.07482778825321976, 20: 0.05170082882746142, 30: 0.04841605363634168, 40: 0.04658591219934882, 50: 0.04403080068847963, 60: 0.04382892075348265, 70: 0.04461725635127145, 80: 0.04497851631334242, 90: 0.044554809665953626}",60,0.04382892075348265,0.01,0.01,0.01
yacht,fixnoiseFCN,32,0.01,0.002,"{0: 0.5911090348448071, 10: 0.08579149067584349, 20: 0.058705410933008, 30: 0.051885688441748526, 40: 0.04761256612350746, 50: 0.04858129312128436, 60: 0.04363237268918631, 70: 0.04848335944268169, 80: 0.04452173647755871, 90: 0.044006228166119175}",60,0.04363237268918631,0.05,0.01,0.01
yacht,fixnoiseFCN,32,0.01,0.002,"{0: 0.5858363745845094, 10: 0.08565687509033146, 20: 0.058257159562743445, 30: 0.053119517701620954, 40: 0.05442058850338265, 50: 0.05701153272268724, 60: 0.05072000283459012, 70: 0.04473415646990951, 80: 0.044180260178690055, 90: 0.04226657576418045, 100: 0.045823350110072256, 110: 0.045779948678095726, 120: 0.04490156892459003}",90,0.04226657576418045,0.1,0.01,0.01
yacht,fixnoiseFCN,32,0.001,0.0001,"{0: 0.9732523795195988, 10: 0.7245590769198476, 20: 0.5153887439820232, 30: 0.377902420427118, 40: 0.30577979159963375, 50: 0.2592414120095117, 60: 0.222121299725406, 70: 0.19136300306295861, 80: 0.16636243809850848, 90: 0.14640145862345794, 100: 0.13029082017163843, 110: 0.11746006258288208, 120: 0.10712877458881358, 130: 0.09879068359428524, 140: 0.09207443874526997, 150: 0.08654485195631885, 160: 0.08200064250218624, 170: 0.07825399079371471, 180: 0.07507227688419575, 190: 0.07221955760401122, 200: 0.0697394067766715, 210: 0.06752961669041187, 220: 0.06562005656805574, 230: 0.06385710173115439, 240: 0.06229493883921176, 250: 0.060867745007179216, 260: 0.05949797251242763, 270: 0.05829828776753678, 280: 0.05723646738334578, 290: 0.05623148646464153, 300: 0.05529535736569337, 310: 0.05449772148868259, 320: 0.05375233179072336, 330: 0.05309315515659293, 340: 0.05243573729192116, 350: 0.05182771162156548, 360: 0.051295495157947346, 370: 0.05079343732446432, 380: 0.050238585166785185, 390: 0.04979879154812317, 400: 0.04934701465784895, 410: 0.04890651717903662, 420: 0.04856769128174197, 430: 0.048312614020340296, 440: 0.04802036473763232, 450: 0.047711920681656625, 460: 0.04744067773496618, 470: 0.04714692580228558, 480: 0.04697852293097851, 490: 0.046693546733305766, 500: 0.04647624740643161, 510: 0.04625117145820844, 520: 0.046113434126562616, 530: 0.04588007506203591, 540: 0.045756148424607755, 550: 0.04567429379062081, 560: 0.04546818593707012, 570: 0.04535382888937482, 580: 0.04523548042804611, 590: 0.04512229289768302, 600: 0.0450776803237291, 610: 0.045022175978793176, 620: 0.044924454554611325, 630: 0.04488033577039534, 640: 0.0447923201476889, 650: 0.04471978050911305, 660: 0.04466148437772478, 670: 0.044569358823022674, 680: 0.044557153739871416, 690: 0.0444625971273196, 700: 0.0444524749411004, 710: 0.044397440657779876, 720: 0.04431239207324629, 730: 0.04436081025095619, 740: 0.04429806937961554, 750: 0.04425493067411744, 760: 0.04413377642084141, 770: 0.044204944047316605, 780: 0.04412462939314392, 790: 0.044029877335061224, 800: 0.04409243592376612, 810: 0.04399401595002535, 820: 0.044079031060848914, 830: 0.04388322155504506, 840: 0.043913192744537886, 850: 0.043938235171519374, 860: 0.043966423338773306}",830,0.04388322155504506,0.001,0.01,0.01
yacht,fixnoiseFCN,32,0.001,0.0001,"{0: 0.965889446642934, 10: 0.7263364653344058, 20: 0.5154767955565939, 30: 0.3726915050647697, 40: 0.30744192458902087, 50: 0.2692830319769528, 60: 0.23808958702549643, 70: 0.21049161802262675, 80: 0.18618894752677606, 90: 0.16533205330615142, 100: 0.1471200800477242, 110: 0.1317924236010532, 120: 0.11894998756963379, 130: 0.10831870060064355, 140: 0.09953998189434712, 150: 0.09227979288539108, 160: 0.08626261866822535, 170: 0.0812710500742708, 180: 0.07703474189128194, 190: 0.07340857483112082, 200: 0.07046428739294715, 210: 0.0679539948957307, 220: 0.06553735927690049, 230: 0.06359509716380615, 240: 0.061929431999520376, 250: 0.06032074390655877, 260: 0.05901379227273318, 270: 0.05783712001905149, 280: 0.05692984053340493, 290: 0.056020126892595876, 300: 0.05507192572890496, 310: 0.05472966169459479, 320: 0.0539502518946419, 330: 0.05344493117441936, 340: 0.05305729534279326, 350: 0.05257676222403438, 360: 0.052317697954421136, 370: 0.05209314362157365, 380: 0.05177764563901084, 390: 0.05164800756561513, 400: 0.051243930751419794, 410: 0.050930033855444326, 420: 0.050746395137845256, 430: 0.05080960806352752, 440: 0.05044299718448701, 450: 0.05028019218344469, 460: 0.050128775510100684, 470: 0.0499873737438905, 480: 0.04971723260517631, 490: 0.04981902974479053, 500: 0.04947279564732192, 510: 0.04931290955552641, 520: 0.04920449962717842, 530: 0.04897615013043491, 540: 0.04888751770153034, 550: 0.04876202560467076, 560: 0.04883504759299816, 570: 0.04873899328100438, 580: 0.04829979798737533, 590: 0.048498968229153935, 600: 0.04815676019409178, 610: 0.048084282700352525, 620: 0.04817032214170512, 630: 0.04771086255605428, 640: 0.04802701323851943, 650: 0.04761991281374073, 660: 0.04767050855523165, 670: 0.0476271636657873, 680: 0.047418511862125326, 690: 0.04751984110155276, 700: 0.04735112664970208, 710: 0.04702266636209525, 720: 0.047244888902850904, 730: 0.04690565007658941, 740: 0.04686075912636458, 750: 0.04703406556323171, 760: 0.04698576675537898, 770: 0.046443660158131804, 780: 0.04692324259527484, 790: 0.046723037798337794, 800: 0.04690249364450574}",770,0.046443660158131804,0.005,0.01,0.01
yacht,fixnoiseFCN,32,0.001,0.0001,"{0: 1.0053030244476944, 10: 0.7584865288637122, 20: 0.5559141939391895, 30: 0.41764522713787705, 40: 0.3427958746686274, 50: 0.29417857223019317, 60: 0.25562397507137186, 70: 0.222837858551619, 80: 0.1946355542917641, 90: 0.17065014455513078, 100: 0.15111266195044223, 110: 0.13548468662463892, 120: 0.12243778549225963, 130: 0.11198894986996846, 140: 0.10349494531142467, 150: 0.09646851340848572, 160: 0.09060976691148719, 170: 0.08558843766609017, 180: 0.08142857077170391, 190: 0.07771032237489613, 200: 0.07471723071257678, 210: 0.07164877052878846, 220: 0.06921204816261116, 230: 0.06723254095778172, 240: 0.06512215472818636, 250: 0.06317489271322076, 260: 0.061835025673009913, 270: 0.06024804362852354, 280: 0.05915509444338327, 290: 0.05824801158600924, 300: 0.05708936620214764, 310: 0.05607162498104938, 320: 0.05537801177693265, 330: 0.054675065430603464, 340: 0.053861580101659104, 350: 0.05350631911626884, 360: 0.05262536329654406, 370: 0.0520090499336318, 380: 0.05156235984682429, 390: 0.051079123972630015, 400: 0.0506150641746971, 410: 0.050476792949498916, 420: 0.050296813740870173, 430: 0.04991025710212333, 440: 0.04952638415262407, 450: 0.048977091584430664, 460: 0.04883858610476767, 470: 0.04866049293078938, 480: 0.04824608664077764, 490: 0.04823836003456797, 500: 0.04777148245183789, 510: 0.04768417101809565, 520: 0.047742295422420214, 530: 0.04815953693371646, 540: 0.04789650491533839}",510,0.04768417101809565,0.01,0.01,0.01
yacht,fixnoiseFCN,32,0.001,0.0001,"{0: 1.022529554620081, 10: 0.7754126596694089, 20: 0.5591023538769507, 30: 0.40452787289814074, 40: 0.32139866746810014, 50: 0.2708577945572989, 60: 0.2335529393371271, 70: 0.2036502641913842, 80: 0.17877090559078723, 90: 0.15811415555282513, 100: 0.14158361326066815, 110: 0.12737201383892374, 120: 0.11646336826377986, 130: 0.10687165061065129, 140: 0.09954711037205191, 150: 0.0934775343166322, 160: 0.08819950764823933, 170: 0.08305661342825207, 180: 0.08059914855446135, 190: 0.07712753340236995, 200: 0.07263067935011824, 210: 0.07107698072310613, 220: 0.06745792670030984, 230: 0.06657749302898135, 240: 0.06525728241339021, 250: 0.06388887207939917, 260: 0.061299538001418116, 270: 0.05866028517636716, 280: 0.05974818344809572, 290: 0.05781983612204085, 300: 0.05568972669024856, 310: 0.05541483921238355, 320: 0.053782026244365434, 330: 0.0540283241861937, 340: 0.0523995408278947, 350: 0.05206300794865404, 360: 0.05130522223273102, 370: 0.04928132826393965, 380: 0.050710199862110374, 390: 0.04877689321734467, 400: 0.053140783149977125, 410: 0.05132146749143698, 420: 0.04900118869725538}",390,0.04877689321734467,0.05,0.01,0.01
yacht,fixnoiseFCN,32,0.001,0.0001,"{0: 0.9612560475213187, 10: 0.7317885026931763, 20: 0.5308808895130547, 30: 0.3950018338013669, 40: 0.3244597674413603, 50: 0.2814376093806053, 60: 0.24771760803461076, 70: 0.2180784714611209, 80: 0.19186301547775464, 90: 0.17050275089546127, 100: 0.15177226212073347, 110: 0.1357623589841687, 120: 0.12296549505360273, 130: 0.11314068418193837, 140: 0.104061901692225, 150: 0.0972552825918003, 160: 0.09183949801264976, 170: 0.08519076425992712, 180: 0.08260794696941667, 190: 0.07893589887752825, 200: 0.074535682139348, 210: 0.07442454861256541, 220: 0.07099134489893913, 230: 0.06793200210223393, 240: 0.06726759248546192, 250: 0.06572497062476315, 260: 0.0647188457308375, 270: 0.06423303461956735, 280: 0.06275336573440202, 290: 0.05900922812004479, 300: 0.05903272032251163, 310: 0.05934984191643948, 320: 0.058967416989560026, 330: 0.055580941997012315, 340: 0.057290884311101874, 350: 0.05857875613047152, 360: 0.05601001282066716}",330,0.055580941997012315,0.1,0.01,0.01
yacht,fixnoiseFCN,32,0.001,0.0005,"{0: 0.8789572894427241, 10: 0.2822508946255761, 20: 0.15179207898645988, 30: 0.09917561675516925, 40: 0.07794442476423419, 50: 0.06803920273330746, 60: 0.06221507884349142, 70: 0.05875637563880609, 80: 0.05658412431028424, 90: 0.05495825715515078, 100: 0.053986611721771105, 110: 0.052949597853635046, 120: 0.05223027801878599, 130: 0.051592815133838024, 140: 0.051048503155458946, 150: 0.05074528575642985, 160: 0.05043197213128514, 170: 0.05004822798027676, 180: 0.04991097332704432, 190: 0.04968388209978537, 200: 0.04956679957770571, 210: 0.04934977770870437, 220: 0.049176314885062834, 230: 0.04892099255886005, 240: 0.0487875174037656, 250: 0.04855747990462245, 260: 0.048264200081782685, 270: 0.04770374933455367, 280: 0.047892818868768464, 290: 0.047579098802135913, 300: 0.047381699944789316, 310: 0.047566557797394236, 320: 0.0473076320777134, 330: 0.04708401986834954, 340: 0.046990194724454565, 350: 0.047048772523825874, 360: 0.04721212862948983, 370: 0.04662130411592673, 380: 0.04638995358758435, 390: 0.046344594368749124, 400: 0.04612572891417207, 410: 0.045850655119790105, 420: 0.04667027578023928, 430: 0.04650684570756798, 440: 0.04599375537060658}",410,0.045850655119790105,0.001,0.01,0.01
yacht,fixnoiseFCN,32,0.001,0.0005,"{0: 0.8872955882403316, 10: 0.2748270006337944, 20: 0.15590050796951566, 30: 0.0986525241708269, 40: 0.075009839082859, 50: 0.06438689468010347, 60: 0.05851148412300615, 70: 0.05485621164921595, 80: 0.052622001795136195, 90: 0.0515026096412722, 100: 0.050132118368483324, 110: 0.048642132452404015, 120: 0.048162108268512756, 130: 0.047900980602569726, 140: 0.04709297487671886, 150: 0.04701898051935191, 160: 0.0459430047710027, 170: 0.045406651843567285, 180: 0.045202469546727984, 190: 0.04482763487838057, 200: 0.04476286584838313, 210: 0.044511579806099134, 220: 0.044373656657809506, 230: 0.04342005511601361, 240: 0.043845961956725445, 250: 0.043711788879897524, 260: 0.043644706234411926}",230,0.04342005511601361,0.005,0.01,0.01
yacht,fixnoiseFCN,32,0.001,0.0005,"{0: 0.8812017927461742, 10: 0.27043852332538487, 20: 0.15000733735610028, 30: 0.09798620794622266, 40: 0.0763192756297637, 50: 0.06550450029604289, 60: 0.05916944158715861, 70: 0.05701005149845566, 80: 0.0543383972480589, 90: 0.052366095776612664, 100: 0.051230705380135654, 110: 0.051615209475311695, 120: 0.05051933325751094, 130: 0.04973358779370177, 140: 0.04945502693327714, 150: 0.04870559187522348, 160: 0.04787932752741843, 170: 0.04987023773728585, 180: 0.04777069090276349, 190: 0.04813678861728736, 200: 0.04802161873557738, 210: 0.047595312306467366, 220: 0.04707170283748787, 230: 0.0465872424404536, 240: 0.045843122789142085, 250: 0.04686942427392517, 260: 0.04696247687023513, 270: 0.0470698526037895}",240,0.045843122789142085,0.01,0.01,0.01
yacht,fixnoiseFCN,32,0.001,0.0005,"{0: 0.8742166731503545, 10: 0.28655086099128335, 20: 0.1575796900294265, 30: 0.09816193986364773, 40: 0.07502667185451303, 50: 0.06476528479493394, 60: 0.055697679165370606, 70: 0.05336584583563464, 80: 0.04919351864438884, 90: 0.052213355683246435, 100: 0.05328121349869334, 110: 0.05140241670456468}",80,0.04919351864438884,0.05,0.01,0.01
yacht,fixnoiseFCN,32,0.001,0.0005,"{0: 0.87641521717091, 10: 0.2934948587782529, 20: 0.16804433981253178, 30: 0.10674413759306986, 40: 0.08006525561578419, 50: 0.06462186080369414, 60: 0.06260304782341938, 70: 0.05526189144411865, 80: 0.052204745411872866, 90: 0.05381053671818607, 100: 0.05422320452879886, 110: 0.053011348540077406}",80,0.052204745411872866,0.1,0.01,0.01
yacht,fixnoiseFCN,32,0.001,0.001,"{0: 0.7451415595667703, 10: 0.162604532795293, 20: 0.07799598070370908, 30: 0.059787248701161276, 40: 0.05450449294414448, 50: 0.052475736722198074, 60: 0.0508311243357555, 70: 0.049513873872176116, 80: 0.04857870202336688, 90: 0.047782058240655734, 100: 0.04763500641293976, 110: 0.04681255166312413, 120: 0.04595790693992559, 130: 0.047312098822955576, 140: 0.04557609710393815, 150: 0.04648521178778338, 160: 0.050714029114921476, 170: 0.04992148016682085}",140,0.04557609710393815,0.001,0.01,0.01
yacht,fixnoiseFCN,32,0.001,0.001,"{0: 0.7541259617951452, 10: 0.16018866677065285, 20: 0.0806318793752972, 30: 0.06063807365207039, 40: 0.0549308600269106, 50: 0.05326672236750625, 60: 0.05266165264726293, 70: 0.051727741459346555, 80: 0.05301858594641089, 90: 0.05051782777160406, 100: 0.051051504846738316, 110: 0.05099334057473711, 120: 0.04981384246188159, 130: 0.04969344893196712, 140: 0.05110552926467997, 150: 0.05051190297830166, 160: 0.05242564734428817}",130,0.04969344893196712,0.005,0.01,0.01
yacht,fixnoiseFCN,32,0.001,0.001,"{0: 0.7148377920754102, 10: 0.15186591527170065, 20: 0.08268032816903932, 30: 0.0651469945865018, 40: 0.057994847442422594, 50: 0.05463443748272804, 60: 0.05340732166399152, 70: 0.051313181061221624, 80: 0.05062955321523608, 90: 0.05130605938772158, 100: 0.05026940632786374, 110: 0.049422586263138425, 120: 0.048341397649171405, 130: 0.049159007255672196, 140: 0.0510691821775114, 150: 0.047610283318374844, 160: 0.04843827742870365, 170: 0.04972919706825395, 180: 0.05044891497454777}",150,0.047610283318374844,0.01,0.01,0.01
yacht,fixnoiseFCN,32,0.001,0.001,"{0: 0.7837909367668385, 10: 0.15318605014620995, 20: 0.07685692180845202, 30: 0.05668026880007617, 40: 0.05745902165481631, 50: 0.05016977315426481, 60: 0.052504111832730016, 70: 0.04935942725335457, 80: 0.04745084579456217, 90: 0.052318100088332986, 100: 0.05287567677805009, 110: 0.044071158021213294, 120: 0.04777204869714166, 130: 0.04737384145760111, 140: 0.052536887775574415}",110,0.044071158021213294,0.05,0.01,0.01
yacht,fixnoiseFCN,32,0.001,0.001,"{0: 0.7829671484596876, 10: 0.1811440112992209, 20: 0.07640525868778326, 30: 0.06125478117532877, 40: 0.05320350307803982, 50: 0.05202165248746775, 60: 0.05099418989827438, 70: 0.04454584412200719, 80: 0.04698907447408657, 90: 0.05611849856346237, 100: 0.04918172493561798}",70,0.04454584412200719,0.1,0.01,0.01
yacht,fixnoiseFCN,32,0.001,0.002,"{0: 0.5297653435955243, 10: 0.07902188532024014, 20: 0.05555997365956404, 30: 0.05637382397450963, 40: 0.05197409571920122, 50: 0.04983059059600441, 60: 0.049463968563140656, 70: 0.05838738968276552, 80: 0.062143038993283196, 90: 0.05326287995229417}",60,0.049463968563140656,0.001,0.01,0.01
yacht,fixnoiseFCN,32,0.001,0.002,"{0: 0.5445153559105738, 10: 0.07399433667927371, 20: 0.0505504383840123, 30: 0.047758560043816664, 40: 0.04714721228881758, 50: 0.048086685103953496, 60: 0.04548408344304379, 70: 0.04455076655608659, 80: 0.043315447219096276, 90: 0.05689888600077555, 100: 0.0457555496408319, 110: 0.04322257115091292, 120: 0.04374191132970915, 130: 0.04108541614128923, 140: 0.03980060835213077, 150: 0.04627369352369284, 160: 0.05075701078141526, 170: 0.03976771150153054, 180: 0.046792257004854634, 190: 0.048456986099937746, 200: 0.04033730402953771}",170,0.03976771150153054,0.005,0.01,0.01
yacht,fixnoiseFCN,32,0.001,0.002,"{0: 0.5755184080698053, 10: 0.08870999608295305, 20: 0.0602820981248301, 30: 0.0553958955875465, 40: 0.04990139841181891, 50: 0.051338898055407464, 60: 0.055186751159326156, 70: 0.05622010180536582}",40,0.04990139841181891,0.01,0.01,0.01
yacht,fixnoiseFCN,32,0.001,0.002,"{0: 0.5509020275315459, 10: 0.0770225946282854, 20: 0.06253179313379283, 30: 0.059115534514720944, 40: 0.05852261889497845, 50: 0.060522724613091175, 60: 0.058237005457738224, 70: 0.05357510056225012, 80: 0.05567634479792751, 90: 0.05383026221098036, 100: 0.05299082378723792, 110: 0.05195371120506707, 120: 0.05655473899149469, 130: 0.05244339337291158, 140: 0.04687531477007635, 150: 0.05896796584737544, 160: 0.045606654824080814, 170: 0.050655149779643624, 180: 0.051548494512937505, 190: 0.05166277213181768}",160,0.045606654824080814,0.05,0.01,0.01
yacht,fixnoiseFCN,32,0.001,0.002,"{0: 0.5724284753994066, 10: 0.0864227748929846, 20: 0.06073008677332985, 30: 0.06487034406908312, 40: 0.054412132665514944, 50: 0.054299812257898095, 60: 0.06022303657659463, 70: 0.04312493976197985, 80: 0.04557876414760035, 90: 0.050842474008283144, 100: 0.05135842509035553}",70,0.04312493976197985,0.1,0.01,0.01
yacht,fixnoiseFCN,32,0.0001,0.0001,"{0: 0.9500348634525222, 10: 0.7121339085880589, 20: 0.513562621629968, 30: 0.38211293378898076, 40: 0.3170717035167071, 50: 0.2740240473090386, 60: 0.23912547036458034, 70: 0.20909857721961272, 80: 0.18329409945376068, 90: 0.16182091938962745, 100: 0.14394385838386964, 110: 0.12912922091386755, 120: 0.11719931968560024, 130: 0.10767413601583364, 140: 0.09999037611180421, 150: 0.0937713105152456, 160: 0.08874786056426107, 170: 0.084475080786615, 180: 0.08084300014011714, 190: 0.0777147179659532, 200: 0.07509090301850621, 210: 0.07290716154690909, 220: 0.07088783930637399, 230: 0.06911419501383695, 240: 0.06761397995875806, 250: 0.06632237271173876, 260: 0.0651574760033768, 270: 0.0642842862283697, 280: 0.06345810299625203, 290: 0.06273926252613263, 300: 0.06212836026233069, 310: 0.06158114201043333, 320: 0.06114004362511392, 330: 0.06074406064453782, 340: 0.06036816794714149, 350: 0.0600338208272445, 360: 0.05972864217007039, 370: 0.059427523326965014, 380: 0.0591610041669741, 390: 0.059016978738107254, 400: 0.05884356265378241, 410: 0.05864612651129767, 420: 0.05862699420157136, 430: 0.058467232762322754, 440: 0.058440999345055644, 450: 0.05829474733975164, 460: 0.05829876627567776, 470: 0.058178788046751695, 480: 0.058140050439049996, 490: 0.05801028724501327, 500: 0.057921132891077774, 510: 0.057797259891975906, 520: 0.057758967404462846, 530: 0.05754765192130391, 540: 0.057505278281335316, 550: 0.05737612967717709, 560: 0.05728706935618301, 570: 0.05714406055272843, 580: 0.05714290792723091, 590: 0.05695154016434538, 600: 0.056862530002788625, 610: 0.05679360809291199, 620: 0.05668070937662708, 630: 0.05652299227907646, 640: 0.056421116852562646, 650: 0.056307017261656565, 660: 0.05620531023316542, 670: 0.05605720665412291, 680: 0.055934453515373926, 690: 0.05582949522647018, 700: 0.055674564216361966, 710: 0.05548220139095674, 720: 0.05539134754369757, 730: 0.05525255767894642, 740: 0.0551865816257742, 750: 0.05503403485049398, 760: 0.05495865395954069, 770: 0.054781650618326905, 780: 0.054738636277311924, 790: 0.05459213976387163, 800: 0.05453424897417426, 810: 0.054364415690987086, 820: 0.05432575033179351, 830: 0.05424093829323443, 840: 0.05399419202609938, 850: 0.054049665861744055, 860: 0.0539405202751561, 870: 0.053881774207082934, 880: 0.05384502157447289, 890: 0.053698639172148344, 900: 0.053591806258626126, 910: 0.05353022416065238, 920: 0.05354717304428318, 930: 0.053437635249629314, 940: 0.05338162288761565, 950: 0.05337300267648333, 960: 0.05338779904548916, 970: 0.05328068471867211, 980: 0.053350578450730865, 990: 0.053260531528263676, 1000: 0.05330369375638512, 1010: 0.05324243123183141, 1020: 0.05335107392901365, 1030: 0.05310567505528428, 1040: 0.05311422626696982, 1050: 0.053132034905026757, 1060: 0.05310508904416038, 1070: 0.053446664271001906, 1080: 0.05306931062270792, 1090: 0.05294671295606056, 1100: 0.05301207969991528, 1110: 0.05312583541383549, 1120: 0.05288443201149301, 1130: 0.05306574074589476, 1140: 0.05301016573554703, 1150: 0.05313426242875201}",1120,0.05288443201149301,0.001,0.01,0.01
yacht,fixnoiseFCN,32,0.0001,0.0001,"{0: 1.0255651592527117, 10: 0.7753258538781381, 20: 0.5636741164387489, 30: 0.41850548529868226, 40: 0.3433658975095165, 50: 0.29832321010560403, 60: 0.26243390771807457, 70: 0.2307516754999453, 80: 0.20301357432774134, 90: 0.17935523371185574, 100: 0.15943404967444283, 110: 0.14257265603907254, 120: 0.1283183147566659, 130: 0.11690049850454136, 140: 0.10768504626288707, 150: 0.10028803081171853, 160: 0.09411555490445118, 170: 0.08881952216977976, 180: 0.08449979135394096, 190: 0.08080230515282981, 200: 0.07739753995805371, 210: 0.07454163924528628, 220: 0.07193289039147144, 230: 0.0696504466132242, 240: 0.0674812372795173, 250: 0.0657438995032286, 260: 0.06433192908642242, 270: 0.06288150168316704, 280: 0.061812252630384604, 290: 0.060558479278671494, 300: 0.059983757728216604, 310: 0.05913870330611053, 320: 0.05848848752571003, 330: 0.05797344786825838, 340: 0.05728720850056531, 350: 0.05707075641076176, 360: 0.056807913723800875, 370: 0.05634916235765024, 380: 0.056391913558603554, 390: 0.05601552606533681, 400: 0.0557621368584128, 410: 0.055691762999460416, 420: 0.055378912422882044, 430: 0.05534023700814161, 440: 0.05511791611569268, 450: 0.05469006419029772, 460: 0.054619373092998046, 470: 0.05439084290865124, 480: 0.05428210712634788, 490: 0.054287374462552204, 500: 0.05367222781205664, 510: 0.05354852893195894, 520: 0.053604760756982214, 530: 0.053230632576331184, 540: 0.05360498600589987, 550: 0.05305479661778223, 560: 0.052721494913253245, 570: 0.05256254378105609, 580: 0.05244475893797923, 590: 0.05254769726432099, 600: 0.05200827457330056, 610: 0.05186981909630859, 620: 0.05210301780617055, 630: 0.05185321280352619, 640: 0.051873001220883154, 650: 0.0517017618282413, 660: 0.051417546384568726, 670: 0.05148174084137593, 680: 0.05123976258082049, 690: 0.05098137831992032, 700: 0.05102681704732228, 710: 0.05100046210409124, 720: 0.051521353901116826}",690,0.05098137831992032,0.005,0.01,0.01
yacht,fixnoiseFCN,32,0.0001,0.0001,"{0: 0.9824398062083187, 10: 0.7513169000002802, 20: 0.542627587464391, 30: 0.3913410622781637, 40: 0.31296438256088566, 50: 0.2685245024610539, 60: 0.23508031293688986, 70: 0.2073845657657604, 80: 0.18364462127612563, 90: 0.1625998067454416, 100: 0.14507101152077012, 110: 0.13068176012927174, 120: 0.11882459409930268, 130: 0.10927436301598745, 140: 0.10144925834816329, 150: 0.09511344718629, 160: 0.08960459777895285, 170: 0.08522530392298892, 180: 0.081486934972965, 190: 0.07785546871107452, 200: 0.07495860437714323, 210: 0.0720251600456481, 220: 0.06960636677973124, 230: 0.0674469724102896, 240: 0.06529145622283829, 250: 0.06369024954097612, 260: 0.06215969840026632, 270: 0.06082664520141421, 280: 0.060051348558341974, 290: 0.058738922740427815, 300: 0.0580431851419259, 310: 0.057201002667144854, 320: 0.05623849355399, 330: 0.055681476788861414, 340: 0.05496284295937844, 350: 0.054780268532737174, 360: 0.05386164888313838, 370: 0.05367885321317887, 380: 0.05338344253599644, 390: 0.05271113756998461, 400: 0.05262916697881052, 410: 0.052265871152585866, 420: 0.051931752878184224, 430: 0.051980914654856436, 440: 0.05197598310164651, 450: 0.05119248855243228, 460: 0.05137440240558009, 470: 0.05127050657060985, 480: 0.05082444247436159, 490: 0.05047487180870103, 500: 0.051089073694558174, 510: 0.05030683053900696, 520: 0.050702133464569955, 530: 0.05065760781950488, 540: 0.050417972042016236}",510,0.05030683053900696,0.01,0.01,0.01
yacht,fixnoiseFCN,32,0.0001,0.0001,"{0: 0.9698137823464918, 10: 0.7286814284324646, 20: 0.5263221156864749, 30: 0.3936600930204197, 40: 0.3237073541903982, 50: 0.279269830260958, 60: 0.24367813070452943, 70: 0.21346590594734463, 80: 0.18674001114587396, 90: 0.1644124308629912, 100: 0.1459823736852529, 110: 0.13067250355348298, 120: 0.11829288460344685, 130: 0.10811677214746573, 140: 0.09991301956590341, 150: 0.09384966493930136, 160: 0.08912740963210866, 170: 0.08323871461834226, 180: 0.0796320265701839, 190: 0.07621447519805966, 200: 0.07388670428249301, 210: 0.07186631068617713, 220: 0.06930484926335664, 230: 0.0687894455465127, 240: 0.06674506078873362, 250: 0.06613631077019536, 260: 0.06371761284221192, 270: 0.06325975722469845, 280: 0.06193622653551247, 290: 0.06107982264155028, 300: 0.06178782604148194, 310: 0.05965703732018568, 320: 0.060037808101396174, 330: 0.05855478924604094, 340: 0.0590231349227988, 350: 0.05896985409317577, 360: 0.058664455397092564}",330,0.05855478924604094,0.05,0.01,0.01
yacht,fixnoiseFCN,32,0.0001,0.0001,"{0: 0.977550937078437, 10: 0.7333637098438885, 20: 0.5327713802955589, 30: 0.4052328580167829, 40: 0.33841306062498877, 50: 0.29351608084050973, 60: 0.2579073757882021, 70: 0.22717347093504303, 80: 0.20099920557956308, 90: 0.17875449392746906, 100: 0.15908549202400812, 110: 0.14312221477408799, 120: 0.13019476840812333, 130: 0.11861562673899592, 140: 0.10917770715209903, 150: 0.10247636261643196, 160: 0.09717880276697022, 170: 0.09197119593437837, 180: 0.08893936510657777, 190: 0.08563217289168008, 200: 0.0828198271113999, 210: 0.07934684776712438, 220: 0.07476436740464094, 230: 0.07597851421881696, 240: 0.0721161457011286, 250: 0.07207078770867417, 260: 0.06983165367677505, 270: 0.069086190180815, 280: 0.06754485600304846, 290: 0.06709007698054217, 300: 0.06452863353338777, 310: 0.06274779441831063, 320: 0.06127736192394275, 330: 0.0631713347580968, 340: 0.06534820961526462, 350: 0.060533058018708716, 360: 0.06033336362638035, 370: 0.060851403178913244, 380: 0.059705427828491954, 390: 0.06230996526504049, 400: 0.05856133731743511, 410: 0.06184603219372886, 420: 0.0567527590904917, 430: 0.05843293771086908, 440: 0.06053413459111233, 450: 0.05969674815480806}",420,0.0567527590904917,0.1,0.01,0.01
yacht,fixnoiseFCN,32,0.0001,0.0005,"{0: 0.8592818053985128, 10: 0.27015032098244646, 20: 0.15258883321041963, 30: 0.09857472111132679, 40: 0.07468647663143216, 50: 0.06308878337394218, 60: 0.057602125208292686, 70: 0.054960622205722086, 80: 0.0534000156137104, 90: 0.0525160831667635, 100: 0.05182320412506862, 110: 0.05105575705456491, 120: 0.0504108932301098, 130: 0.04985847039269854, 140: 0.04928747699462942, 150: 0.04889476865127075, 160: 0.048418645928556825, 170: 0.04803868189378052, 180: 0.04757682352148149, 190: 0.04733111201097466, 200: 0.04713611796627543, 210: 0.04678958185017109, 220: 0.04680981919899278, 230: 0.0464411509473409, 240: 0.046622243168934874, 250: 0.046534885931379937, 260: 0.04624901472146109, 270: 0.04656848128383257, 280: 0.04660326248855919, 290: 0.046146459677313664, 300: 0.046122541275939774, 310: 0.046116107348960884, 320: 0.04727345724122561, 330: 0.04693117417653605, 340: 0.046261765394207774}",310,0.046116107348960884,0.001,0.01,0.01
yacht,fixnoiseFCN,32,0.0001,0.0005,"{0: 0.8827752091203417, 10: 0.2878423555906938, 20: 0.16576203337250922, 30: 0.11029979005881718, 40: 0.0865502523317629, 50: 0.07514175336823173, 60: 0.06917999327486875, 70: 0.06510685150173245, 80: 0.06269530540583085, 90: 0.06041575982132737, 100: 0.058447779788654675, 110: 0.05789109288764242, 120: 0.056678696294220135, 130: 0.05588031518930683, 140: 0.0550422042512468, 150: 0.05460575184195626, 160: 0.05376448748595253, 170: 0.05314895177951882, 180: 0.05252176030603599, 190: 0.052893792508208026, 200: 0.05272141213943156, 210: 0.05240116071396944, 220: 0.051444703868001096, 230: 0.05167515120518451, 240: 0.05050633040846002, 250: 0.05135164636464751, 260: 0.0509623605545078, 270: 0.051354979980965054}",240,0.05050633040846002,0.005,0.01,0.01
yacht,fixnoiseFCN,32,0.0001,0.0005,"{0: 0.8798442325689356, 10: 0.28363059744786245, 20: 0.16875464753472075, 30: 0.11140261049234138, 40: 0.08424621328407404, 50: 0.07105993928349748, 60: 0.06385934863893353, 70: 0.05959738013361182, 80: 0.056971842814464956, 90: 0.05482875607390793, 100: 0.0523542863331279, 110: 0.05180448982910234, 120: 0.051569265952219764, 130: 0.050736837138782964, 140: 0.049917400559296415, 150: 0.04887431159585106, 160: 0.04926433113422625, 170: 0.04806708448319411, 180: 0.04764448911415375, 190: 0.04784432142881715, 200: 0.04799994939246348, 210: 0.04849449176333692}",180,0.04764448911415375,0.01,0.01,0.01
yacht,fixnoiseFCN,32,0.0001,0.0005,"{0: 0.8689198437710196, 10: 0.2733681980407968, 20: 0.15146314093531393, 30: 0.09661366018592095, 40: 0.07214918306956486, 50: 0.06254147834802161, 60: 0.05477033939288587, 70: 0.053040184934224396, 80: 0.04970553781700378, 90: 0.05080853965543971, 100: 0.048538263335063746, 110: 0.04737765249746795, 120: 0.051341440886563186, 130: 0.04661062569216806, 140: 0.049572673037952306, 150: 0.04647961774445614, 160: 0.05188323013408451, 170: 0.04276283947606476, 180: 0.043754130224792326, 190: 0.044462280213072594, 200: 0.049191459262401475}",170,0.04276283947606476,0.05,0.01,0.01
yacht,fixnoiseFCN,32,0.0001,0.0005,"{0: 0.8921163066941865, 10: 0.2970571065326126, 20: 0.16987481032950538, 30: 0.11546775259229602, 40: 0.09160372696330352, 50: 0.07764480695827883, 60: 0.0695614287737681, 70: 0.06835060445569, 80: 0.06843079589824287, 90: 0.058853881078107004, 100: 0.06458080322401864, 110: 0.0580891401953235, 120: 0.05563032510800629, 130: 0.05935800744897248, 140: 0.05719602802517463, 150: 0.06064605296357554}",120,0.05563032510800629,0.1,0.01,0.01
yacht,fixnoiseFCN,32,0.0001,0.001,"{0: 0.7812284025075484, 10: 0.15956534736132136, 20: 0.07945682265016499, 30: 0.06180254752264948, 40: 0.056491015973443894, 50: 0.05443465470446616, 60: 0.053066192668463505, 70: 0.05163834795340592, 80: 0.05248335639432985, 90: 0.05087163501172041, 100: 0.050000468682421716, 110: 0.051393113810645076, 120: 0.05185703028191109, 130: 0.05165208677354516}",100,0.050000468682421716,0.001,0.01,0.01
yacht,fixnoiseFCN,32,0.0001,0.001,"{0: 0.7739974069935934, 10: 0.17056503603653034, 20: 0.08042836396061645, 30: 0.060585157413871916, 40: 0.05551870532212209, 50: 0.053214642933436807, 60: 0.05281562347923006, 70: 0.05168729402702682, 80: 0.05289609290385733, 90: 0.050609959832107546, 100: 0.0526054998700868, 110: 0.0528624778887143, 120: 0.04909827919486834, 130: 0.05255746246296532, 140: 0.04781790457764755, 150: 0.05393151859528557, 160: 0.0553384054146555, 170: 0.04988660922836589}",140,0.04781790457764755,0.005,0.01,0.01
yacht,fixnoiseFCN,32,0.0001,0.001,"{0: 0.7381990309929362, 10: 0.15236614157837264, 20: 0.07528901842905551, 30: 0.058211124820976845, 40: 0.05443957657777534, 50: 0.05160080257955254, 60: 0.052167400558992306, 70: 0.05081150710917248, 80: 0.05045587322967393, 90: 0.04771544809928354, 100: 0.0486398656762072, 110: 0.050450089022213096, 120: 0.05024301582734499}",90,0.04771544809928354,0.01,0.01,0.01
yacht,fixnoiseFCN,32,0.0001,0.001,"{0: 0.7727668126894505, 10: 0.16442380830706382, 20: 0.0823426232076421, 30: 0.06320429188560465, 40: 0.05254748789129817, 50: 0.05684075377090854, 60: 0.053004539196740606, 70: 0.05124939465484753, 80: 0.045816009985853216, 90: 0.04880908265816314, 100: 0.0476463584497723, 110: 0.0466685864808304}",80,0.045816009985853216,0.05,0.01,0.01
yacht,fixnoiseFCN,32,0.0001,0.001,"{0: 0.7725172625950405, 10: 0.17225206373175797, 20: 0.08153847620864303, 30: 0.05940945361311338, 40: 0.06252143271449877, 50: 0.05107043029246281, 60: 0.05510944218294961, 70: 0.05182826466706334, 80: 0.05744173467797893}",50,0.05107043029246281,0.1,0.01,0.01
yacht,fixnoiseFCN,32,0.0001,0.002,"{0: 0.5449873548064913, 10: 0.06966519428090173, 20: 0.04988195538079861, 30: 0.04927051612324253, 40: 0.0468778991688575, 50: 0.04124641104255404, 60: 0.0450811257363126, 70: 0.04434456906444868, 80: 0.04228584036322273}",50,0.04124641104255404,0.001,0.01,0.01
yacht,fixnoiseFCN,32,0.0001,0.002,"{0: 0.6001926329695448, 10: 0.08368891499237138, 20: 0.0523230297273519, 30: 0.05176662061120174, 40: 0.046303115845562855, 50: 0.04486432921491107, 60: 0.04544954632374705, 70: 0.04277006082761349, 80: 0.04861567174095889, 90: 0.043103655877466104, 100: 0.04894223192851154}",70,0.04277006082761349,0.005,0.01,0.01
yacht,fixnoiseFCN,32,0.0001,0.002,"{0: 0.5565427729864509, 10: 0.08247654584688799, 20: 0.06218285756664617, 30: 0.05695009481207449, 40: 0.055061721745270256, 50: 0.05394416060465938, 60: 0.06369568668549158, 70: 0.04976951985486916, 80: 0.04782953201477625, 90: 0.05800656895788044, 100: 0.06472952089914862, 110: 0.055255079079647454}",80,0.04782953201477625,0.01,0.01,0.01
yacht,fixnoiseFCN,32,0.0001,0.002,"{0: 0.5463597123452596, 10: 0.07788019306684027, 20: 0.05524871424965712, 30: 0.0473326521587311, 40: 0.057980734339097936, 50: 0.0453226311003067, 60: 0.05492688362999838, 70: 0.05514502166956663, 80: 0.06080398045236966}",50,0.0453226311003067,0.05,0.01,0.01
yacht,fixnoiseFCN,32,0.0001,0.002,"{0: 0.5781708716008127, 10: 0.09216852011425154, 20: 0.07318094685825767, 30: 0.04688315218200488, 40: 0.053147557851459304, 50: 0.04817543007326978, 60: 0.05014559312164783}",30,0.04688315218200488,0.1,0.01,0.01
yacht,fixnoiseFCN,32,1e-05,0.0001,"{0: 1.0168723056656972, 10: 0.781476656641279, 20: 0.5717738329220792, 30: 0.4265312961218308, 40: 0.3487580693449293, 50: 0.29808350965563135, 60: 0.25642482304816344, 70: 0.22114098156958212, 80: 0.19213307967599555, 90: 0.16764300209283828, 100: 0.14716317374487314, 110: 0.13045944174333496, 120: 0.11701156623631107, 130: 0.10614836207518771, 140: 0.09724789815958665, 150: 0.09001772621334816, 160: 0.08421092654734241, 170: 0.07938010015901253, 180: 0.07531809623934785, 190: 0.07188494256321265, 200: 0.0689583613522807, 210: 0.06644738026723569, 220: 0.06417234710497516, 230: 0.06213017246005487, 240: 0.06025972696287292, 250: 0.05865705134826047, 260: 0.057312558835106234, 270: 0.05607706976438663, 280: 0.05496222232814345, 290: 0.054064033952598664, 300: 0.053205445702130705, 310: 0.05243605535234115, 320: 0.05169502442862306, 330: 0.051082901266688595, 340: 0.0505354019595044, 350: 0.05000285915361376, 360: 0.04953645202677165, 370: 0.04909566060217972, 380: 0.048658861076117166, 390: 0.048301756624664585, 400: 0.04789657287618944, 410: 0.04755327828258884, 420: 0.047159353308987864, 430: 0.04689348737682615, 440: 0.04656750907665309, 450: 0.04635755980379727, 460: 0.046058406762398627, 470: 0.04583121026124881, 480: 0.04557381564538394, 490: 0.04538563712503837, 500: 0.045181666466654564, 510: 0.04493383543261764, 520: 0.044813323532288174, 530: 0.04467832514955377, 540: 0.04455461751304719, 550: 0.04439652631485037, 560: 0.044257963366806506, 570: 0.04415114990804268, 580: 0.04411543610828871, 590: 0.043956954596602184, 600: 0.04385033103496748, 610: 0.0437755440740409, 620: 0.04372004595801843, 630: 0.04367227426429793, 640: 0.04361064041938101, 650: 0.04350230626533834, 660: 0.04350519554020495, 670: 0.043458741928241694, 680: 0.04337613634415427, 690: 0.043256662132560596, 700: 0.043229929900138964, 710: 0.04316213631325838, 720: 0.043054640147987065, 730: 0.04312358477035043, 740: 0.04299516862896936, 750: 0.04297458982908604, 760: 0.043005987049137454, 770: 0.04294258619312729, 780: 0.04286362213823868, 790: 0.04284548083669981, 800: 0.042800108970960184, 810: 0.042801787420879214, 820: 0.04277609757759741, 830: 0.04271415306004334, 840: 0.04268381804737205, 850: 0.04261708083193825, 860: 0.042608514496334356, 870: 0.042445033141925013, 880: 0.04256388100905686, 890: 0.042515172751506375, 900: 0.04240079036423443, 910: 0.04253569191222896, 920: 0.04246457583115113, 930: 0.042470727897496244}",900,0.04240079036423443,0.001,0.01,0.01
yacht,fixnoiseFCN,32,1e-05,0.0001,"{0: 0.9742984860381301, 10: 0.7370558142710706, 20: 0.5335107139811225, 30: 0.4034968135965114, 40: 0.3400376421322628, 50: 0.2983240006930974, 60: 0.2634647494530191, 70: 0.23198185936528812, 80: 0.20403902442966187, 90: 0.17978418885810035, 100: 0.15913078535941183, 110: 0.14171672666072846, 120: 0.1274597842139857, 130: 0.11594326619165282, 140: 0.10663739258841591, 150: 0.09894243753686244, 160: 0.0925900168911535, 170: 0.08748915401161934, 180: 0.0831026009114421, 190: 0.0791995044125586, 200: 0.07601523330351527, 210: 0.07300618699588338, 220: 0.07050151764221338, 230: 0.06843785263324272, 240: 0.06646273077142481, 250: 0.06484829645406227, 260: 0.06351802124691253, 270: 0.06217652016726076, 280: 0.06091426925300336, 290: 0.05974799055925437, 300: 0.058964826922635646, 310: 0.058159493638240564, 320: 0.05735672999188608, 330: 0.05676753263479593, 340: 0.05626816350738613, 350: 0.055603518798035025, 360: 0.054942736799011425, 370: 0.05479877740707324, 380: 0.05414269032861505, 390: 0.05392080557772092, 400: 0.05322471711632548, 410: 0.05306185001803905, 420: 0.05260690866441142, 430: 0.05213876185779061, 440: 0.052256545461714266, 450: 0.051482277637385596, 460: 0.05119764113380593, 470: 0.05102275244754796, 480: 0.05081692342308103, 490: 0.05056747745844174, 500: 0.05038552679775321, 510: 0.04969974429464462, 520: 0.0493589855411223, 530: 0.049319092770620264, 540: 0.04917282637360753, 550: 0.04895206380361805, 560: 0.048734769259408416, 570: 0.048341839739482625, 580: 0.04804139162478398, 590: 0.047946586517122934, 600: 0.047626337397691544, 610: 0.04795112909452648, 620: 0.04742709521865662, 630: 0.04720406823848584, 640: 0.04728983638428, 650: 0.0475677493144663, 660: 0.04683378988131881, 670: 0.04679021878342847, 680: 0.04688541913861218, 690: 0.04727122259801444, 700: 0.04654037118786756, 710: 0.04672409130534043, 720: 0.04656274666576361, 730: 0.046399505313333804, 740: 0.04620436031492997, 750: 0.046761020647780024, 760: 0.046120896819370746, 770: 0.04653277041664233, 780: 0.046214636503661775, 790: 0.04593364610492575, 800: 0.04610841737033762, 810: 0.045928011004413884, 820: 0.0459937013829393, 830: 0.04552370609008536, 840: 0.0464367984819169, 850: 0.045720614638863774, 860: 0.04542503113261595, 870: 0.04582212302879411, 880: 0.04618220516142189, 890: 0.04583062384680521}",860,0.04542503113261595,0.005,0.01,0.01
yacht,fixnoiseFCN,32,1e-05,0.0001,"{0: 1.0038690349325843, 10: 0.7547295908830604, 20: 0.5480365574797805, 30: 0.40721845558833103, 40: 0.33255990633429316, 50: 0.28673284735241716, 60: 0.25024245714898014, 70: 0.2192196714805097, 80: 0.19163453580165396, 90: 0.16782577063234486, 100: 0.1485608408311192, 110: 0.1325973840051768, 120: 0.11924761699596229, 130: 0.10823621253669262, 140: 0.0994051418903531, 150: 0.09208872015166039, 160: 0.08598613944436823, 170: 0.08071405585475114, 180: 0.07628693458924488, 190: 0.07253923219411958, 200: 0.06937370588569616, 210: 0.06659609140106001, 220: 0.06428938991348354, 230: 0.06214605717345768, 240: 0.06040935590893638, 250: 0.05854461895309541, 260: 0.05680681331957482, 270: 0.05571262601413289, 280: 0.05444759017639622, 290: 0.05328097385913133, 300: 0.052005764422368025, 310: 0.05134648944376683, 320: 0.0507500905460697, 330: 0.049637627262698145, 340: 0.04886425453698149, 350: 0.04842196553960747, 360: 0.047980407414159605, 370: 0.047512653107697866, 380: 0.046866693295234324, 390: 0.04645927379903745, 400: 0.046368941386439363, 410: 0.04574732475621359, 420: 0.04502281360677919, 430: 0.0450557235745447, 440: 0.04449293341867778, 450: 0.04427013911823837, 460: 0.0439060595263632, 470: 0.04397054303163776, 480: 0.04369219257697767, 490: 0.043219365624596884, 500: 0.04317589523407574, 510: 0.04281258648786009, 520: 0.04244562050920664, 530: 0.042275019701114115, 540: 0.04227922761835614, 550: 0.041999771255315566, 560: 0.042241469498267584, 570: 0.041553065963393566, 580: 0.04157499759993991, 590: 0.041405821500536136, 600: 0.0416031468124414, 610: 0.04084865204062389, 620: 0.04107523734723123, 630: 0.041763699313587685, 640: 0.04121056329960726}",610,0.04084865204062389,0.01,0.01,0.01
yacht,fixnoiseFCN,32,1e-05,0.0001,"{0: 0.9767434368717428, 10: 0.7352923754380674, 20: 0.5352724292399932, 30: 0.403765844582295, 40: 0.33254320516999886, 50: 0.2862733509674364, 60: 0.24871262256223328, 70: 0.2173465413998584, 80: 0.1904557218636785, 90: 0.1670046785108897, 100: 0.14804230403291935, 110: 0.1318109524158799, 120: 0.11854304152727128, 130: 0.10781318552214272, 140: 0.09868873808335285, 150: 0.09101031872326013, 160: 0.08477034319724355, 170: 0.08026551659496463, 180: 0.07463172162978017, 190: 0.07137666763213216, 200: 0.06855024517069057, 210: 0.06642579075389979, 220: 0.06392200415383796, 230: 0.0610826100293471, 240: 0.060911290137743455, 250: 0.05878734681648867, 260: 0.05808447117039135, 270: 0.056794735286308795, 280: 0.055998839557931133, 290: 0.054061617108936214, 300: 0.05505322109588555, 310: 0.05378668106697043, 320: 0.0537051317767069, 330: 0.05404249210169121, 340: 0.05304638856793849, 350: 0.05276730031694989, 360: 0.05386977065955194, 370: 0.051421998490712474, 380: 0.05103485717601618, 390: 0.051086696392115286, 400: 0.050606393692102666, 410: 0.051347100195531944, 420: 0.04948947698296029, 430: 0.050658191851093146, 440: 0.04871046787283707, 450: 0.050426366052039116, 460: 0.048928890994845, 470: 0.049414614818191954}",440,0.04871046787283707,0.05,0.01,0.01
yacht,fixnoiseFCN,32,1e-05,0.0001,"{0: 0.9903247780215985, 10: 0.7481303866250175, 20: 0.5457599861621857, 30: 0.40914133052315027, 40: 0.338452848670434, 50: 0.29296521588126, 60: 0.25738734238366695, 70: 0.2255004177519253, 80: 0.19679562910600584, 90: 0.17255052276046906, 100: 0.15254379148994174, 110: 0.13695292685226518, 120: 0.12242863037574048, 130: 0.11189356065526301, 140: 0.10384096376932397, 150: 0.09608248691595331, 160: 0.09179137322914843, 170: 0.08627939294673957, 180: 0.08126451759131587, 190: 0.07833255673610434, 200: 0.07752354434132576, 210: 0.07325060375217272, 220: 0.07029150353737024, 230: 0.06834873457374621, 240: 0.06759577021306876, 250: 0.0649591269493103, 260: 0.06341501739286647, 270: 0.06357420879845717, 280: 0.06200687799344258, 290: 0.060354686386123, 300: 0.05867525471959796, 310: 0.05752787548455657, 320: 0.055884909600323565, 330: 0.05869118901631054, 340: 0.05611925883104607, 350: 0.057307860170396005}",320,0.055884909600323565,0.1,0.01,0.01
yacht,fixnoiseFCN,32,1e-05,0.0005,"{0: 0.8910376756288567, 10: 0.2713047529106237, 20: 0.15057658011086134, 30: 0.10009057159569798, 40: 0.07722102956291363, 50: 0.06562112541192648, 60: 0.05916311777398294, 70: 0.05565693965615058, 80: 0.05392143914255561, 90: 0.05261538952710677, 100: 0.052273719835342194, 110: 0.05214314038382502, 120: 0.05188156285501864, 130: 0.05173100320341027, 140: 0.05161099016970518, 150: 0.051287164895206086, 160: 0.05120635446465137, 170: 0.050932031009878434, 180: 0.050751501350226456, 190: 0.050751545633436465, 200: 0.05067088209814867, 210: 0.05037507634252614, 220: 0.05057086485821982, 230: 0.05060198265526976, 240: 0.05046146608554587}",210,0.05037507634252614,0.001,0.01,0.01
yacht,fixnoiseFCN,32,1e-05,0.0005,"{0: 0.8494303714353212, 10: 0.2754077050077672, 20: 0.14740209822630396, 30: 0.09417053554739271, 40: 0.07421156388703658, 50: 0.0654938677026301, 60: 0.061015689555479556, 70: 0.05911551961181114, 80: 0.05736692988750887, 90: 0.056275633214687815, 100: 0.05538168528721649, 110: 0.05517795786124711, 120: 0.05454361862810899, 130: 0.05362200135752863, 140: 0.052693099867628546, 150: 0.052945365753633025, 160: 0.052352778576390466, 170: 0.0525635552302155, 180: 0.05210257550959989, 190: 0.052928765151649716, 200: 0.0516429917288526, 210: 0.051787406697565194, 220: 0.05164816590535397, 230: 0.05124714428779422, 240: 0.05069785075284996, 250: 0.05157187601110461, 260: 0.05151622992267414, 270: 0.05148604965240372}",240,0.05069785075284996,0.005,0.01,0.01
yacht,fixnoiseFCN,32,1e-05,0.0005,"{0: 0.8619860596948741, 10: 0.2837272358244779, 20: 0.1558168220100354, 30: 0.10200602362411364, 40: 0.07887559485496307, 50: 0.06752659869437315, 60: 0.060988080746057084, 70: 0.05684481855740353, 80: 0.05424936872827155, 90: 0.05320745574835003, 100: 0.05196159890491744, 110: 0.05052151188360794, 120: 0.04963975279329687, 130: 0.05074732315342645, 140: 0.04926425269550207, 150: 0.048550767427880545, 160: 0.04857395085639187, 170: 0.048430798393351085, 180: 0.048132521947883825, 190: 0.04897224653382994, 200: 0.04831500164541055, 210: 0.048518181424740014}",180,0.048132521947883825,0.01,0.01,0.01
yacht,fixnoiseFCN,32,1e-05,0.0005,"{0: 0.8557922392718647, 10: 0.2839653313743825, 20: 0.15556893209778533, 30: 0.10200733280850915, 40: 0.07651293336797733, 50: 0.0643528461407642, 60: 0.055422741477282676, 70: 0.05133193172727313, 80: 0.049100876191745, 90: 0.04861372923318828, 100: 0.048736973964894306, 110: 0.046000170255802116, 120: 0.04631562210741092, 130: 0.046141599334168185, 140: 0.045501897770303244, 150: 0.04610179359298579, 160: 0.046204302303493025, 170: 0.04695496539954021}",140,0.045501897770303244,0.05,0.01,0.01
yacht,fixnoiseFCN,32,1e-05,0.0005,"{0: 0.8757275109193762, 10: 0.2645851917802071, 20: 0.1475800472485776, 30: 0.09125780981231708, 40: 0.07254380208132219, 50: 0.05845534548954088, 60: 0.053657838257599844, 70: 0.054349909451847166, 80: 0.04696655218972236, 90: 0.04917920895589858, 100: 0.04498164088202983, 110: 0.051460292183470965, 120: 0.044836842127296384, 130: 0.05178084596778665, 140: 0.05270067091559877, 150: 0.05148862946930588}",120,0.044836842127296384,0.1,0.01,0.01
yacht,fixnoiseFCN,32,1e-05,0.001,"{0: 0.7832886824948447, 10: 0.15306058735385233, 20: 0.07702311626989014, 30: 0.060945417319937634, 40: 0.05608564411362216, 50: 0.054081922738831875, 60: 0.05259852477588824, 70: 0.05187910026965701, 80: 0.050576452659405004, 90: 0.05004515673037694, 100: 0.04942317981607452, 110: 0.04966925151448469, 120: 0.0523181589349192, 130: 0.048150556726723304, 140: 0.048386231628151574, 150: 0.05049932702585143, 160: 0.05267650622463956}",130,0.048150556726723304,0.001,0.01,0.01
yacht,fixnoiseFCN,32,1e-05,0.001,"{0: 0.7426556381303437, 10: 0.15218005186197708, 20: 0.07413578448794327, 30: 0.05655709946246781, 40: 0.05147768835997095, 50: 0.0494356440144534, 60: 0.04945304841259304, 70: 0.047607422886150226, 80: 0.0469454963328887, 90: 0.046985447341234096, 100: 0.046623414785886295, 110: 0.04707158584041255, 120: 0.04707507612267319, 130: 0.04734459814976673}",100,0.046623414785886295,0.005,0.01,0.01
yacht,fixnoiseFCN,32,1e-05,0.001,"{0: 0.7780966959194261, 10: 0.1574509324516569, 20: 0.07218297235272368, 30: 0.058221991435301546, 40: 0.05484896914280799, 50: 0.05366503409174632, 60: 0.051912366412503984, 70: 0.05380454136355191, 80: 0.049829503084247814, 90: 0.0499667539929553, 100: 0.04945073874758518, 110: 0.04953209333129379, 120: 0.05005283442694618, 130: 0.052117531719028345}",100,0.04945073874758518,0.01,0.01,0.01
yacht,fixnoiseFCN,32,1e-05,0.001,"{0: 0.7400127388068608, 10: 0.15282908382707713, 20: 0.07231680502240753, 30: 0.05502918083053463, 40: 0.05088654657179603, 50: 0.05355997656453021, 60: 0.048945657937350326, 70: 0.04710059700115603, 80: 0.04894190681604098, 90: 0.04683900389166511, 100: 0.052488037614798054, 110: 0.0491100076011249, 120: 0.046927689277547965}",90,0.04683900389166511,0.05,0.01,0.01
yacht,fixnoiseFCN,32,1e-05,0.001,"{0: 0.7906809884577382, 10: 0.16099879057796634, 20: 0.07943909432936688, 30: 0.06301499322877854, 40: 0.06099651937065076, 50: 0.05246451324482961, 60: 0.06758553749687816, 70: 0.05779291609750718, 80: 0.04935826245300016, 90: 0.05505371578311433, 100: 0.06006395938810037, 110: 0.05810908387259257}",80,0.04935826245300016,0.1,0.01,0.01
yacht,fixnoiseFCN,32,1e-05,0.002,"{0: 0.5487051222275714, 10: 0.07344277271263452, 20: 0.04637881928530275, 30: 0.044374259257499056, 40: 0.04316336106873897, 50: 0.043983683517088694, 60: 0.04953102912738615, 70: 0.04618209432354387}",40,0.04316336106873897,0.001,0.01,0.01
yacht,fixnoiseFCN,32,1e-05,0.002,"{0: 0.5680825055764646, 10: 0.07332951654220114, 20: 0.05334485074786508, 30: 0.04984610143828453, 40: 0.045585028025416696, 50: 0.04907824462804259, 60: 0.05633605277264605, 70: 0.0492763970718548}",40,0.045585028025416696,0.005,0.01,0.01
yacht,fixnoiseFCN,32,1e-05,0.002,"{0: 0.5348816044549553, 10: 0.08564296003142183, 20: 0.05927065115224341, 30: 0.061501080431500266, 40: 0.061017953253142077, 50: 0.05140797805656888, 60: 0.05607664600972619, 70: 0.05949248409735001, 80: 0.04984002238352384, 90: 0.04823142035411937, 100: 0.05007824683516306, 110: 0.04751220339947208, 120: 0.05388854139138546, 130: 0.055437735105655625, 140: 0.04878471153396733}",110,0.04751220339947208,0.01,0.01,0.01
yacht,fixnoiseFCN,32,1e-05,0.002,"{0: 0.5363304769068348, 10: 0.07470001972694787, 20: 0.06782742707948296, 30: 0.05850931156882826, 40: 0.055809113244925226, 50: 0.056093598670497236, 60: 0.0453576572594442, 70: 0.06515047679202897, 80: 0.05867023192756639, 90: 0.05188315280891803}",60,0.0453576572594442,0.05,0.01,0.01
yacht,fixnoiseFCN,32,1e-05,0.002,"{0: 0.5725170952592576, 10: 0.08459894795685399, 20: 0.05932667328630174, 30: 0.05727239311836203, 40: 0.06146437084256691, 50: 0.057047248523454275, 60: 0.055986098070990066, 70: 0.060560180286971896, 80: 0.06122270587694888, 90: 0.05484561687662285, 100: 0.04449733011530978, 110: 0.056832374580204494, 120: 0.05812329301580179, 130: 0.047719413896300356}",100,0.04449733011530978,0.1,0.01,0.01
yacht,fixnoiseFCN,32,1e-09,0.0001,"{0: 0.9744281932480481, 10: 0.7365535751070296, 20: 0.532561751776812, 30: 0.3963683131215524, 40: 0.32914180834804263, 50: 0.28887125714092843, 60: 0.256838819514732, 70: 0.2287176643026118, 80: 0.20379078490636787, 90: 0.18189119992815717, 100: 0.1633339373712637, 110: 0.14800598487744526, 120: 0.13510569745423845, 130: 0.12458125736093036, 140: 0.11594376694669531, 150: 0.10867181452500577, 160: 0.10254872846907499, 170: 0.09723037620162478, 180: 0.0927769219486081, 190: 0.08880293521406699, 200: 0.08527948996120568, 210: 0.08223650668470225, 220: 0.07947189651338422, 230: 0.07699414714501829, 240: 0.07472457743360073, 250: 0.07264318863165622, 260: 0.07078017094427225, 270: 0.0691221633267646, 280: 0.06764241215769126, 290: 0.06628250449530933, 300: 0.06505341475745854, 310: 0.06392081593250742, 320: 0.06291295402846775, 330: 0.061957229992564845, 340: 0.06107949683921678, 350: 0.06027958830339568, 360: 0.05958706460102481, 370: 0.05898425280013862, 380: 0.05831214736280392, 390: 0.057733037468426084, 400: 0.057201904552019366, 410: 0.056698879224001145, 420: 0.056272933182059504, 430: 0.05585071246721307, 440: 0.055463735192405925, 450: 0.05512293889388746, 460: 0.05485775076400261, 470: 0.05449191496931777, 480: 0.054279660333480154, 490: 0.053988463781317886, 500: 0.05372591396618862, 510: 0.0535721990247162, 520: 0.05334911937859593, 530: 0.05313127903701091, 540: 0.05296239395865372, 550: 0.05281252565402158, 560: 0.05268798678474766, 570: 0.0525084148587621, 580: 0.05229609694590374, 590: 0.05215605062945765, 600: 0.0521042819579645, 610: 0.05193061591411123, 620: 0.051697045793946905, 630: 0.05163306066637137, 640: 0.05145868020884845, 650: 0.05131383606791497, 660: 0.051173748459134784, 670: 0.05100846801546155, 680: 0.050934209940993055, 690: 0.05080743777812744, 700: 0.05067953091342838, 710: 0.050469490486140155, 720: 0.05047791018960427, 730: 0.05039607281557151, 740: 0.05025761066742089, 750: 0.05008010527005001, 760: 0.05012862942899976, 770: 0.049941304612828766, 780: 0.04992748896747219, 790: 0.049752177297308735, 800: 0.0496929027597819, 810: 0.049708538193179636, 820: 0.04961938350693303, 830: 0.049637325898269004, 840: 0.04956518195250205, 850: 0.049564350602121984, 860: 0.04944819377058623, 870: 0.049421473738186214, 880: 0.04934459650181994, 890: 0.04936568946497781, 900: 0.049192885380922535, 910: 0.04931354586643224, 920: 0.0491889492686914, 930: 0.04923020087273754, 940: 0.049185761323844904, 950: 0.04908523185855272, 960: 0.04924328462779522, 970: 0.049247845933753615, 980: 0.04915886593199506}",950,0.04908523185855272,0.001,0.01,0.01
yacht,fixnoiseFCN,32,1e-09,0.0001,"{0: 1.0294308550309164, 10: 0.7739813389534853, 20: 0.5643377629153582, 30: 0.42354835138028984, 40: 0.34954641651863955, 50: 0.3037291468345389, 60: 0.26743574636201467, 70: 0.23582628641931377, 80: 0.20839242199367408, 90: 0.1847746616036308, 100: 0.1645951323424067, 110: 0.14744715503648836, 120: 0.1330731077711193, 130: 0.12140481193211614, 140: 0.11196437464015822, 150: 0.10449954744686887, 160: 0.09833652089080032, 170: 0.0932334359768702, 180: 0.08892114864259351, 190: 0.08526142134289352, 200: 0.08204028073804719, 210: 0.07929060171696604, 220: 0.0770388380307324, 230: 0.07501501754960235, 240: 0.07355024210530885, 250: 0.07175551802467327, 260: 0.07035525996101145, 270: 0.06917465144639112, 280: 0.06830316898470022, 290: 0.06708021533610868, 300: 0.06620254371147982, 310: 0.06526648962588942, 320: 0.06483594990932211, 330: 0.06427557508860315, 340: 0.06369868734114023, 350: 0.06332278591455245, 360: 0.06263443331694116, 370: 0.06232457259175729, 380: 0.0619738908966585, 390: 0.061473692477357636, 400: 0.061324849727506535, 410: 0.060757345726295396, 420: 0.06073203954374303, 430: 0.06036511589769198, 440: 0.060151397706902754, 450: 0.0595867067760959, 460: 0.05951195147907248, 470: 0.059435378953206296, 480: 0.05929213305273835, 490: 0.05890913224828487, 500: 0.05907510949944963, 510: 0.058440190148292756, 520: 0.05820674335272337, 530: 0.058275168287662826, 540: 0.0580048649361243, 550: 0.05798789716481554, 560: 0.05769808517502887, 570: 0.05760474215691187, 580: 0.057529961011543576, 590: 0.05718624064721624, 600: 0.05712035559513131, 610: 0.056983016711564694, 620: 0.05701009127664931, 630: 0.05664590278374297, 640: 0.05664468471325782, 650: 0.056479076854124365, 660: 0.056190312171164825, 670: 0.0561641661173531, 680: 0.05587518128707092, 690: 0.056452748177306986, 700: 0.056224353930627816, 710: 0.05597625632295196}",680,0.05587518128707092,0.005,0.01,0.01
yacht,fixnoiseFCN,32,1e-09,0.0001,"{0: 0.9902511595803866, 10: 0.7387238391710788, 20: 0.5286785779096643, 30: 0.3912866255616655, 40: 0.3227937579994299, 50: 0.2808947304243944, 60: 0.2480461750127831, 70: 0.22019816426355013, 80: 0.19553804011855808, 90: 0.17342456162097503, 100: 0.15358329321170341, 110: 0.13690323374101093, 120: 0.12344615355681399, 130: 0.11230504162822452, 140: 0.10338982213638266, 150: 0.09624489038087883, 160: 0.09008749021133597, 170: 0.0851247251836621, 180: 0.08083709274688547, 190: 0.07724494810980194, 200: 0.07403657012569662, 210: 0.0713675812665297, 220: 0.06883474040882928, 230: 0.06700408036854802, 240: 0.06469645404815674, 250: 0.06308228158555469, 260: 0.06176882477347948, 270: 0.06051982447200892, 280: 0.05948799394436029, 290: 0.05828287473351371, 300: 0.057659564110697524, 310: 0.056846381268330984, 320: 0.05610611569029944, 330: 0.05540616324726416, 340: 0.05466926574159642, 350: 0.054625017753669194, 360: 0.05405407689207671, 370: 0.053679080908699904, 380: 0.0533856102930648, 390: 0.052739234250419, 400: 0.052811117972342336, 410: 0.05237524232937365, 420: 0.05211984719305622, 430: 0.05203678211995533, 440: 0.0516020576616331, 450: 0.05132532025873661, 460: 0.05116899231228293, 470: 0.05111272401043347, 480: 0.05065448339739624, 490: 0.05071384648613784, 500: 0.05099385476766192, 510: 0.05029129413074377, 520: 0.04999309350839075, 530: 0.050365685180741915, 540: 0.04999244099186391, 550: 0.05021681938061908, 560: 0.04986145336211336, 570: 0.04969799417105256, 580: 0.04933280512356029, 590: 0.0489413804405806, 600: 0.0491154338995717, 610: 0.04960850674096419, 620: 0.049662693042992326}",590,0.0489413804405806,0.01,0.01,0.01
yacht,fixnoiseFCN,32,1e-09,0.0001,"{0: 0.9763054842656972, 10: 0.7488841732618761, 20: 0.5445815621565799, 30: 0.4058799834263568, 40: 0.3370515258993421, 50: 0.29369223550631074, 60: 0.25845837381421305, 70: 0.22716631262034787, 80: 0.20014245916872606, 90: 0.17765504505074753, 100: 0.15885429696404202, 110: 0.14312534429710738, 120: 0.13076394873614214, 130: 0.12026043204993617, 140: 0.11182117583739512, 150: 0.10415973562063004, 160: 0.09768868888458429, 170: 0.09341755833917735, 180: 0.08946224851206856, 190: 0.08492472547840099, 200: 0.0820861597170635, 210: 0.07879357891605825, 220: 0.0757739316748113, 230: 0.07382603822374831, 240: 0.07256972312866425, 250: 0.06974256865497755, 260: 0.06928984230574295, 270: 0.0667448332254984, 280: 0.0658997611728858, 290: 0.06590259540172257, 300: 0.06386886676020768, 310: 0.06213002703658173, 320: 0.06274467085180234, 330: 0.06267005041302467, 340: 0.06002129831636438, 350: 0.06062056111954913, 360: 0.05993409084452659, 370: 0.05842868399163899, 380: 0.05708190760867936, 390: 0.05791794749607846, 400: 0.05755698146290925, 410: 0.05631727258404906, 420: 0.0538666523235793, 430: 0.05310648623960359, 440: 0.05435067939788711, 450: 0.055362820570262115, 460: 0.05381508564675341}",430,0.05310648623960359,0.05,0.01,0.01
yacht,fixnoiseFCN,32,1e-09,0.0001,"{0: 0.9911516876609958, 10: 0.7558503104034735, 20: 0.5485245056687569, 30: 0.40218524416125556, 40: 0.3276047428895016, 50: 0.2835908985344731, 60: 0.249899534656077, 70: 0.22139922632368245, 80: 0.196608280641692, 90: 0.1751395028172707, 100: 0.15784521248997474, 110: 0.14265755300740807, 120: 0.12973799704045666, 130: 0.11796033627038101, 140: 0.10978104017887795, 150: 0.10169579837577683, 160: 0.09589984602344279, 170: 0.09001366679461635, 180: 0.0847201031452539, 190: 0.08217242934630842, 200: 0.0757830779172328, 210: 0.0740711531681674, 220: 0.07275485170586984, 230: 0.06885676618042041, 240: 0.06772844068888498, 250: 0.06255519755549577, 260: 0.061800272060900316, 270: 0.05914941317147138, 280: 0.05760718304405408, 290: 0.05837215037507062, 300: 0.058231586905462394, 310: 0.05561218491409505, 320: 0.05317577876150607, 330: 0.05401941378049704, 340: 0.05489104252962433, 350: 0.052139957971718845, 360: 0.052086837839411225, 370: 0.05338454521432214, 380: 0.05254172918687061, 390: 0.053966751910594045}",360,0.052086837839411225,0.1,0.01,0.01
yacht,fixnoiseFCN,32,1e-09,0.0005,"{0: 0.8780623674149416, 10: 0.28147884113326366, 20: 0.15857600406967864, 30: 0.10059832306114995, 40: 0.07603514455015561, 50: 0.06483835736753381, 60: 0.059228249477944805, 70: 0.05619912206746486, 80: 0.054433471145678536, 90: 0.053393576485237904, 100: 0.052593615964739306, 110: 0.05198739126271436, 120: 0.05182677393900801, 130: 0.051366256921038946, 140: 0.05098885937947399, 150: 0.050708635052247916, 160: 0.05040887186220107, 170: 0.05013682433042903, 180: 0.04981724397853321, 190: 0.04951655195402552, 200: 0.049346985571390514, 210: 0.049278542447379045, 220: 0.04898614511220735, 230: 0.04891544134139406, 240: 0.048820946343167096, 250: 0.04867171532493465, 260: 0.04848769722901741, 270: 0.048777323391744676, 280: 0.04858595626953305, 290: 0.04875034194561292}",260,0.04848769722901741,0.001,0.01,0.01
yacht,fixnoiseFCN,32,1e-09,0.0005,"{0: 0.8755593768139274, 10: 0.2846309640115621, 20: 0.15612483612615236, 30: 0.10000111304253947, 40: 0.0780329772121444, 50: 0.06810590563440809, 60: 0.06324985933060548, 70: 0.060159690323228744, 80: 0.0583222365175583, 90: 0.057201676432423444, 100: 0.05625089159706722, 110: 0.05592691007887527, 120: 0.05540529515822323, 130: 0.055027630901838445, 140: 0.05504638678200391, 150: 0.05476600007378325, 160: 0.05447408767591934, 170: 0.05462929976423632, 180: 0.054024031589377894, 190: 0.05378713383115068, 200: 0.05404070289676287, 210: 0.053454218624045646, 220: 0.053340820814653925, 230: 0.053284861536772574, 240: 0.053085470070378206, 250: 0.0535647911685614, 260: 0.05343569110888911, 270: 0.05251920593598362, 280: 0.0532767669240735, 290: 0.053384912308685625, 300: 0.05215684749330489, 310: 0.05243553876603137, 320: 0.05270591093698631, 330: 0.05275128351585293}",300,0.05215684749330489,0.005,0.01,0.01
yacht,fixnoiseFCN,32,1e-09,0.0005,"{0: 0.8741010912681112, 10: 0.2751316378591012, 20: 0.1608041429179055, 30: 0.10514957002535157, 40: 0.08053361486172189, 50: 0.06948916330355771, 60: 0.06357348870592458, 70: 0.05993915588788841, 80: 0.05832579043446755, 90: 0.05682578626153421, 100: 0.05736892768831886, 110: 0.0548975696296108, 120: 0.05423789610698515, 130: 0.05441673965022272, 140: 0.05329887310461122, 150: 0.0531036422567404, 160: 0.05359839904125856, 170: 0.051863912098413824, 180: 0.05165569746996067, 190: 0.0529280088007146, 200: 0.05173998252500077, 210: 0.05325346996741635}",180,0.05165569746996067,0.01,0.01,0.01
yacht,fixnoiseFCN,32,1e-09,0.0005,"{0: 0.8968799469227694, 10: 0.2914716496650054, 20: 0.14966554058936177, 30: 0.0933229563041609, 40: 0.07153325571849638, 50: 0.06130901041809393, 60: 0.05860532417832589, 70: 0.05413603093916056, 80: 0.05519878663578812, 90: 0.05191752537932931, 100: 0.049425862638013705, 110: 0.05216560344702127, 120: 0.04745334238528597, 130: 0.04978421346326264, 140: 0.05173891773819923, 150: 0.049904574909836664}",120,0.04745334238528597,0.05,0.01,0.01
yacht,fixnoiseFCN,32,1e-09,0.0005,"{0: 0.8844044467624353, 10: 0.29456729978687907, 20: 0.16020527666077322, 30: 0.09585674704824174, 40: 0.06989409365033616, 50: 0.06147029811447981, 60: 0.051011960941918046, 70: 0.04700424334011516, 80: 0.04936221440410128, 90: 0.0464761288041363, 100: 0.04293341977590201, 110: 0.04745650006047621, 120: 0.050683522521004984, 130: 0.041486961702835196, 140: 0.04267372138288861, 150: 0.04762839254554437, 160: 0.04900254248508385}",130,0.041486961702835196,0.1,0.01,0.01
yacht,fixnoiseFCN,32,1e-09,0.001,"{0: 0.7538924034517639, 10: 0.15268235698038218, 20: 0.06952182514874303, 30: 0.0528385771443041, 40: 0.048970673002606754, 50: 0.04841602956305961, 60: 0.04809798326221656, 70: 0.04763680223367956, 80: 0.04686020018639309, 90: 0.046766313135852014, 100: 0.04584335122903695, 110: 0.04481810840158438, 120: 0.04594015424212023, 130: 0.045898583481582454, 140: 0.0479123780125258}",110,0.04481810840158438,0.001,0.01,0.01
yacht,fixnoiseFCN,32,1e-09,0.001,"{0: 0.7314389755579891, 10: 0.14527981655330074, 20: 0.07202867908076364, 30: 0.05645817642978259, 40: 0.052174471711321745, 50: 0.051473267252804066, 60: 0.05128255968358444, 70: 0.05073704325248087, 80: 0.0513726861917851, 90: 0.05012027052607464, 100: 0.051169509712986797, 110: 0.05010006287579938, 120: 0.050969397035560436, 130: 0.05119998813504163, 140: 0.05309636314319712}",110,0.05010006287579938,0.005,0.01,0.01
yacht,fixnoiseFCN,32,1e-09,0.001,"{0: 0.7340838760940396, 10: 0.15056702452898027, 20: 0.07344447399219688, 30: 0.059588362878986764, 40: 0.057032563793415925, 50: 0.05525231567420522, 60: 0.05550647920385308, 70: 0.05496953149763297, 80: 0.054663485487124755, 90: 0.05318597526825508, 100: 0.05450114541683271, 110: 0.055465969795171086, 120: 0.055800307873104305}",90,0.05318597526825508,0.01,0.01,0.01
yacht,fixnoiseFCN,32,1e-09,0.001,"{0: 0.7637959090544253, 10: 0.14336817966310345, 20: 0.07130100606412304, 30: 0.056286941498517984, 40: 0.05264640405165906, 50: 0.04971386741679542, 60: 0.05574305575325781, 70: 0.04964143662724872, 80: 0.05299151919554083, 90: 0.05521206839291417, 100: 0.05595034291211287}",70,0.04964143662724872,0.05,0.01,0.01
yacht,fixnoiseFCN,32,1e-09,0.001,"{0: 0.7409553424484875, 10: 0.16686664931263243, 20: 0.0818988745960654, 30: 0.07010996935258107, 40: 0.05470056433823643, 50: 0.05535127814509431, 60: 0.05313902525999108, 70: 0.050928567714533024, 80: 0.05504224226547747, 90: 0.04923477835010509, 100: 0.052941199216307425, 110: 0.060862166607866475, 120: 0.06419765614733404}",90,0.04923477835010509,0.1,0.01,0.01
yacht,fixnoiseFCN,32,1e-09,0.002,"{0: 0.5788829684598105, 10: 0.07597471487278841, 20: 0.052667717400254034, 30: 0.05012527918481097, 40: 0.05971419838489014, 50: 0.048029755391484616, 60: 0.04958212941504862, 70: 0.04462164695617952, 80: 0.04444132020446111, 90: 0.04566946309462798, 100: 0.05851930107647667, 110: 0.04711332671355684}",80,0.04444132020446111,0.001,0.01,0.01
yacht,fixnoiseFCN,32,1e-09,0.002,"{0: 0.5748186465501786, 10: 0.08476968405563004, 20: 0.06251351833373917, 30: 0.06317862684598992, 40: 0.05708428412539011, 50: 0.056011988024930556, 60: 0.05118531888632142, 70: 0.05811538543901882, 80: 0.04726892409701737, 90: 0.054256822989531314, 100: 0.05595623662748507, 110: 0.05529883493924019}",80,0.04726892409701737,0.005,0.01,0.01
yacht,fixnoiseFCN,32,1e-09,0.002,"{0: 0.5448891249505842, 10: 0.08133817496105115, 20: 0.06064423958865963, 30: 0.05949456851549295, 40: 0.055301521613129546, 50: 0.05793918870115766, 60: 0.05135948853620461, 70: 0.06037399970466385, 80: 0.0583215549503054, 90: 0.04997590326593847, 100: 0.05477832997324211, 110: 0.060754850873837675, 120: 0.058374441057139514}",90,0.04997590326593847,0.01,0.01,0.01
yacht,fixnoiseFCN,32,1e-09,0.002,"{0: 0.553818083911526, 10: 0.0772983986394746, 20: 0.06327545119122582, 30: 0.052728339992767694, 40: 0.04123690073116093, 50: 0.04353687143812375, 60: 0.049963712175281685, 70: 0.04840730776348893}",40,0.04123690073116093,0.05,0.01,0.01
yacht,fixnoiseFCN,32,1e-09,0.002,"{0: 0.5541006957000616, 10: 0.0760742096274483, 20: 0.06702354073554886, 30: 0.059369147136807444, 40: 0.07337550766887713, 50: 0.06156389158355946, 60: 0.050746151240808626, 70: 0.04944091256304967, 80: 0.05461328036368501, 90: 0.05986886914256884, 100: 0.04581681027491481, 110: 0.0714609195742072, 120: 0.0502733353732952, 130: 0.052855028458243726}",100,0.04581681027491481,0.1,0.01,0.01
