dataset_name,model_name,batch_size,weight_decay,learning_rate,epoch2loss,best_epoch,best_loss,fix_noiselevel,init_noiselevel,dropout_prob
bostonHousing,fixnoiseFCN,32,0.1,0.0001,"{0: 0.9840849295074557, 10: 0.6514795652142278, 20: 0.474672071856481, 30: 0.37847911023799286, 40: 0.3229986343302845, 50: 0.2913185205724504, 60: 0.27260727893423153, 70: 0.2607232609832729, 80: 0.2521879005027406, 90: 0.2458634050539982, 100: 0.2408278939532645, 110: 0.23661900598693775, 120: 0.23319203097511218, 130: 0.23056136033049338, 140: 0.2282685000219463, 150: 0.22638025245180837, 160: 0.22467665052340352, 170: 0.22321809944179322, 180: 0.22197960637233877, 190: 0.22087115029126042, 200: 0.21989465302523273, 210: 0.21904167176028827, 220: 0.21830533650922188, 230: 0.21766118037479892, 240: 0.2170568190423059, 250: 0.21655638642885072, 260: 0.21611783276369545, 270: 0.21569451608775575, 280: 0.21536809266717344, 290: 0.21499024193595956, 300: 0.21477995976621722, 310: 0.21452475442194646, 320: 0.21432146192700774, 330: 0.21411079959369, 340: 0.21397976036424987, 350: 0.21379586349666851, 360: 0.21365173245653696, 370: 0.21328374642280884, 380: 0.2129256325371472, 390: 0.2126369775813303, 400: 0.21243994659111826, 410: 0.21232323455221858, 420: 0.2121887653882121, 430: 0.2120285591593495, 440: 0.21189048599313803, 450: 0.2117536276762868, 460: 0.21165696844274615, 470: 0.2115140691583539, 480: 0.21141427948519037, 490: 0.21126185168086745, 500: 0.21114075849821537, 510: 0.21111556435072862, 520: 0.21105548432211818, 530: 0.2110205563314167, 540: 0.21092759273302408, 550: 0.2108482169148363, 560: 0.21075440718803878, 570: 0.21068063267955078, 580: 0.21060230709888317, 590: 0.21049261413238668, 600: 0.21046094717802824, 610: 0.2103725836784751, 620: 0.21030602471696005, 630: 0.2103280434637894, 640: 0.21026430405952312, 650: 0.21018777057344532, 660: 0.21009009918312968, 670: 0.20994918694098788, 680: 0.20989881750242212, 690: 0.209818683343905, 700: 0.20977927865805449, 710: 0.20969367569979327, 720: 0.2096684040294753, 730: 0.20961503458243827, 740: 0.20958775302142274, 750: 0.20947843933546983, 760: 0.20944812132252588, 770: 0.20939832000452796, 780: 0.20932458491972938, 790: 0.20929138034950068, 800: 0.20925691394526283, 810: 0.20921578618847292, 820: 0.2091953422368309, 830: 0.2091375513393202, 840: 0.20908148487408956, 850: 0.2090970970414303, 860: 0.20903894743065776, 870: 0.20900666274038363, 880: 0.20898368077145682, 890: 0.20897444624591754, 900: 0.20892249513187525, 910: 0.2089025832988598, 920: 0.20885584444543462, 930: 0.20883656817453883, 940: 0.20878570926042253, 950: 0.20879831120923714, 960: 0.20873576750357942, 970: 0.2087119045080962, 980: 0.20869255248043275, 990: 0.2086545749027052, 1000: 0.20866816187346426, 1010: 0.20863242296524992, 1020: 0.20861238874035118, 1030: 0.20862140537780008, 1040: 0.208569451375508, 1050: 0.20858040253321328, 1060: 0.20855911867118176, 1070: 0.20853248284554776, 1080: 0.20851015038328408, 1090: 0.2085130678466809, 1100: 0.20851055793924095, 1110: 0.20850359030343868, 1120: 0.20847974855590748, 1130: 0.20848445163832768, 1140: 0.2084589741296238, 1150: 0.2084301396100609, 1160: 0.208429929908411, 1170: 0.2084162113107281, 1180: 0.2084155054188069, 1190: 0.20841695213759387, 1200: 0.20837014690961367, 1210: 0.20839148590594161, 1220: 0.20838502203976664, 1230: 0.20837330862327857}",1200,0.20837014690961367,0.001,0.01,0.01
bostonHousing,fixnoiseFCN,32,0.1,0.0001,"{0: 0.9820465948846605, 10: 0.6444756905973693, 20: 0.47431621871612684, 30: 0.3809519903711331, 40: 0.3251728043879992, 50: 0.29212196077461594, 60: 0.2721125316472701, 70: 0.2596454369433132, 80: 0.2510621127339057, 90: 0.24456761838109403, 100: 0.23950104656410803, 110: 0.23529569850659668, 120: 0.23175642021276333, 130: 0.22885702237670805, 140: 0.22639739816939386, 150: 0.22416593217187458, 160: 0.22217704495530072, 170: 0.2206491309551545, 180: 0.21922456072068514, 190: 0.218001908339836, 200: 0.2171420799729265, 210: 0.21641620404926348, 220: 0.21581252268802972, 230: 0.2152274348669582, 240: 0.21473119934031995, 250: 0.2144005920600008, 260: 0.21406461682952482, 270: 0.21383752348246396, 280: 0.2135497900990792, 290: 0.21339705271853343, 300: 0.21323919949340234, 310: 0.21297286333125315, 320: 0.2128155573650643, 330: 0.21271039753416437, 340: 0.21246781838528905, 350: 0.21219357645805972, 360: 0.21205196536985443, 370: 0.21192726181981003, 380: 0.21179546307266492, 390: 0.21171916252301065, 400: 0.21161326788089893, 410: 0.21154511640837162, 420: 0.21148128033052255, 430: 0.21139873875144088, 440: 0.21138832098172036, 450: 0.21126259326198954, 460: 0.2111875674974771, 470: 0.211089498742863, 480: 0.21104413044673423, 490: 0.21096115586934266, 500: 0.21089162813660542, 510: 0.21081380641754763, 520: 0.21080963473629066, 530: 0.21070869743456075, 540: 0.21071749493295763, 550: 0.21065787961821494, 560: 0.21061875742894634, 570: 0.21061088775778997, 580: 0.21051143247772144, 590: 0.21049691484666164, 600: 0.21050291712637298, 610: 0.21043799975771962, 620: 0.21040205261957498, 630: 0.21035637831614343, 640: 0.21030745789592648, 650: 0.21027976940443485, 660: 0.21024001134030615, 670: 0.21017404439640633, 680: 0.21013630076690956, 690: 0.2100790157178302, 700: 0.21002424519371102, 710: 0.21002322996472134, 720: 0.2099609874648812, 730: 0.20992951497987464, 740: 0.20992660978694025, 750: 0.2099109199128033, 760: 0.20989040966019218, 770: 0.20988783952262668, 780: 0.20983572872700512, 790: 0.20981708759510959, 800: 0.20976447981816754, 810: 0.20973531833769363, 820: 0.209726936692073, 830: 0.2096472106046147, 840: 0.20967293142536542, 850: 0.20964813155156592, 860: 0.20961794562545824, 870: 0.2095905242142854, 880: 0.2095875089367231, 890: 0.20952245578353787, 900: 0.20950683741657822, 910: 0.2094453680662461, 920: 0.20942352496915392, 930: 0.20944371339347628, 940: 0.20940924419297113, 950: 0.20939927794683127, 960: 0.20940616541070703, 970: 0.20935889681180314, 980: 0.2093404260866436, 990: 0.2093414755699075, 1000: 0.20934817402819056, 1010: 0.2093058787378264, 1020: 0.2092866102854411, 1030: 0.2092732394918983, 1040: 0.20923643930826658, 1050: 0.2092416277638188, 1060: 0.2092335142839102, 1070: 0.2091807473956803, 1080: 0.20918195002976758, 1090: 0.2092096687650975, 1100: 0.20912789582838248, 1110: 0.20913794099548716, 1120: 0.2091380869348844, 1130: 0.20911390452105322, 1140: 0.20912660067832026, 1150: 0.2090749517083168, 1160: 0.20910747825731466, 1170: 0.20909178334253803, 1180: 0.20906043277110586, 1190: 0.2090473074419999, 1200: 0.20905026239745408, 1210: 0.20901643229119574, 1220: 0.20900717167942612, 1230: 0.20901985497754297, 1240: 0.20901984526419345, 1250: 0.2089971195584462, 1260: 0.20901639917750417, 1270: 0.20902332685611866, 1280: 0.20899390212179703, 1290: 0.20901421085919863, 1300: 0.208987959244369, 1310: 0.20900268227229885, 1320: 0.20896830744581457, 1330: 0.20900199245891452, 1340: 0.20900666277717658, 1350: 0.20899588936640892}",1320,0.20896830744581457,0.005,0.01,0.01
bostonHousing,fixnoiseFCN,32,0.1,0.0001,"{0: 0.9589217075595149, 10: 0.620879007305628, 20: 0.44690898344104674, 30: 0.35740184901673117, 40: 0.3083919855363575, 50: 0.2809544026667689, 60: 0.2652034377242312, 70: 0.2552652933715302, 80: 0.24837502631140343, 90: 0.24330227704327784, 100: 0.2391838891454685, 110: 0.23570380023232212, 120: 0.23279210645475504, 130: 0.23017112785651359, 140: 0.2278337703258903, 150: 0.2258512855495936, 160: 0.2239932410327005, 170: 0.22228416590778916, 180: 0.22069671968986956, 190: 0.21922594623433217, 200: 0.21798038418278282, 210: 0.21690159254235986, 220: 0.215983402379501, 230: 0.21523594282291553, 240: 0.21451248677424442, 250: 0.2139261747767896, 260: 0.21331309615461916, 270: 0.21293427287428468, 280: 0.21265034246959807, 290: 0.21249017505734055, 300: 0.21223191847035916, 310: 0.21196961520630636, 320: 0.21182389971282745, 330: 0.21177548790051612, 340: 0.21165508269159883, 350: 0.21164818247895184, 360: 0.21153008349147845, 370: 0.21151888026499455, 380: 0.2114640191565325, 390: 0.2114325525400079, 400: 0.21130338399498552, 410: 0.2113892999328213, 420: 0.21134362261236453, 430: 0.21135314649637832}",400,0.21130338399498552,0.01,0.01,0.01
bostonHousing,fixnoiseFCN,32,0.1,0.0001,"{0: 0.9404633597091392, 10: 0.613771375498654, 20: 0.44494091156456206, 30: 0.3532535520048789, 40: 0.3038343147915087, 50: 0.2772161728438036, 60: 0.26249990928688166, 70: 0.2533175729491092, 80: 0.24652946396374403, 90: 0.24153562355556607, 100: 0.23739382746043028, 110: 0.23377175253850443, 120: 0.23088020987716723, 130: 0.22802223872255395, 140: 0.22616201228933566, 150: 0.22391197444112212, 160: 0.22251970957458758, 170: 0.22086925705273946, 180: 0.2198895524865315, 190: 0.2184285708599621, 200: 0.2176089690607271, 210: 0.21691023065352147, 220: 0.21602637892887916, 230: 0.21565568323856515, 240: 0.2148153219693973, 250: 0.21463336492026291, 260: 0.21446126020616957, 270: 0.2141162148964258, 280: 0.21396406026166162, 290: 0.2138730182323927, 300: 0.21378352752438298, 310: 0.21372052778800327, 320: 0.2136185226801001, 330: 0.21330784344010884, 340: 0.21322562687190963, 350: 0.2130977816787767, 360: 0.2131744490545473, 370: 0.21304282965483487, 380: 0.21307854324947167, 390: 0.21287024797480783, 400: 0.21284144835339652, 410: 0.21268631791994896, 420: 0.21259722950649848, 430: 0.2122253232716042, 440: 0.21224094075553213, 450: 0.2121307438354433, 460: 0.21203180380441528, 470: 0.21196137694297015, 480: 0.21168952674409489, 490: 0.2117678532813802, 500: 0.21174897915787164, 510: 0.2115797140348105, 520: 0.21160273204247154, 530: 0.21147562866961517, 540: 0.2113713095585505, 550: 0.2113009355870294, 560: 0.2111889797412319, 570: 0.21123951496901333, 580: 0.2109572066936964, 590: 0.21098726498491974, 600: 0.21109061978849364, 610: 0.21087133875231684, 620: 0.21101118179015171, 630: 0.2107178811673765, 640: 0.21078960005147956, 650: 0.21063575025325942, 660: 0.21069569670491747, 670: 0.21065255061343863, 680: 0.21057526925463738, 690: 0.21036565193423518, 700: 0.21063290812351085, 710: 0.21050778923579205, 720: 0.21045126661106392}",690,0.21036565193423518,0.05,0.01,0.01
bostonHousing,fixnoiseFCN,32,0.1,0.0001,"{0: 0.9336427303743949, 10: 0.6220973011520174, 20: 0.46060992254887106, 30: 0.3751247243748771, 40: 0.3239391272450671, 50: 0.29365933920130316, 60: 0.27518200879847565, 70: 0.26314840151204005, 80: 0.25419100717997845, 90: 0.24762235280172323, 100: 0.24171716351935896, 110: 0.2373128288689955, 120: 0.23301453511288134, 130: 0.23004350741336377, 140: 0.22697854329038553, 150: 0.2248184155166885, 160: 0.22252671300996968, 170: 0.22022708729829316, 180: 0.21893332164596627, 190: 0.2178172097345929, 200: 0.21663969845315556, 210: 0.21548658644343602, 220: 0.21460267923496387, 230: 0.2139746301520018, 240: 0.21271327360544676, 250: 0.21200373857109636, 260: 0.21169006841050253, 270: 0.21143532608762197, 280: 0.21095118421463321, 290: 0.2106276127291314, 300: 0.21043189195571124, 310: 0.2101020138756728, 320: 0.21009011813151984, 330: 0.20954818120341243, 340: 0.20959361894631093, 350: 0.20945999029977824, 360: 0.20955140857416904, 370: 0.20957193722327547, 380: 0.20925879717609028, 390: 0.20930854288148293, 400: 0.20944413693598757, 410: 0.20932170496678645}",380,0.20925879717609028,0.1,0.01,0.01
bostonHousing,fixnoiseFCN,32,0.1,0.0005,"{0: 0.7964701372900127, 10: 0.2856729421166726, 20: 0.24680997731141102, 30: 0.23196314402200557, 40: 0.22420569947104396, 50: 0.22058644762009752, 60: 0.21805820314236626, 70: 0.21648023549789266, 80: 0.2155886611268844, 90: 0.21478295854212326, 100: 0.21410734769370818, 110: 0.21362356199526494, 120: 0.21263892428006653, 130: 0.21209865777212897, 140: 0.21157106346922155, 150: 0.21125867710805232, 160: 0.21103248044296546, 170: 0.21068165129349553, 180: 0.2104124561872011, 190: 0.2101044810112612, 200: 0.2098442289932274, 210: 0.209795377228731, 220: 0.20972823787618564, 230: 0.20956991692016155, 240: 0.20949297792013782, 250: 0.20962658209933177, 260: 0.20959541472019977, 270: 0.20946519991130005, 280: 0.20936450246307584, 290: 0.20945584108064205, 300: 0.20926574411583537, 310: 0.20943522107453996, 320: 0.20946680246679872, 330: 0.20932072748740516}",300,0.20926574411583537,0.001,0.01,0.01
bostonHousing,fixnoiseFCN,32,0.1,0.0005,"{0: 0.7672352085878819, 10: 0.28013497953429634, 20: 0.23851599623391656, 30: 0.22303749335768783, 40: 0.2153928828644164, 50: 0.21244709883575083, 60: 0.21031370282541087, 70: 0.20928119062273592, 80: 0.20899227086776567, 90: 0.20854811913069385, 100: 0.20831942177481122, 110: 0.20818059183197257, 120: 0.20789640632308556, 130: 0.20778314839174722, 140: 0.2078265486859981, 150: 0.20769511091488377, 160: 0.20769982240450235, 170: 0.20759741262889203, 180: 0.20769085194225667, 190: 0.20781648063365324, 200: 0.2077724086097729}",170,0.20759741262889203,0.005,0.01,0.01
bostonHousing,fixnoiseFCN,32,0.1,0.0005,"{0: 0.7744809566456594, 10: 0.2616482761355094, 20: 0.2314936887702824, 30: 0.2204946040923213, 40: 0.21549161690988655, 50: 0.21310352865192622, 60: 0.2117827268478311, 70: 0.2113322511315346, 80: 0.21117718480987313, 90: 0.21092689683039983, 100: 0.2110652846318704, 110: 0.21075449234541552, 120: 0.21065735739690283, 130: 0.210480323507462, 140: 0.21036738297085705, 150: 0.21011441866924732, 160: 0.21014672894904646, 170: 0.20988117254074706, 180: 0.20981157022861785, 190: 0.2095582875204675, 200: 0.20947250015573737, 210: 0.20931967862962203, 220: 0.20920046095126937, 230: 0.20914488250826616, 240: 0.20924514280057246, 250: 0.20907688874889302, 260: 0.20921015803828652, 270: 0.20911085824539635, 280: 0.20920858675682985}",250,0.20907688874889302,0.01,0.01,0.01
bostonHousing,fixnoiseFCN,32,0.1,0.0005,"{0: 0.7831806513262384, 10: 0.28381214432510327, 20: 0.24336653180696347, 30: 0.22825224235837843, 40: 0.21985467747773652, 50: 0.21610154413882596, 60: 0.2136276223041393, 70: 0.21285232226421807, 80: 0.21153322162083638, 90: 0.21124690822613093, 100: 0.2109356986151801, 110: 0.21073782708909777, 120: 0.2101032926344577, 130: 0.21026289624932373, 140: 0.21010536739119776, 150: 0.20979409170003588, 160: 0.20959542103019763, 170: 0.20965018325749737, 180: 0.20918030306512927, 190: 0.20911551802246658, 200: 0.20921500411666472, 210: 0.20851039354815898, 220: 0.20878606205001288, 230: 0.2088524941125034, 240: 0.2089275062084198}",210,0.20851039354815898,0.05,0.01,0.01
bostonHousing,fixnoiseFCN,32,0.1,0.0005,"{0: 0.7881883345268391, 10: 0.2739950450666157, 20: 0.23488694604164287, 30: 0.22071443246102626, 40: 0.21432224109216974, 50: 0.21195939941170772, 60: 0.21089561737981843, 70: 0.2092903366243398, 80: 0.20994315395752589, 90: 0.20932159122125604, 100: 0.20928280546709344, 110: 0.20826110985176066, 120: 0.20887438314564433, 130: 0.20774631719162437, 140: 0.2079819514611621, 150: 0.2080139314502846, 160: 0.20833022745303165}",130,0.20774631719162437,0.1,0.01,0.01
bostonHousing,fixnoiseFCN,32,0.1,0.001,"{0: 0.634231342246503, 10: 0.24167371022480505, 20: 0.2212076210865268, 30: 0.214429932354409, 40: 0.21202177232430303, 50: 0.21102884455963417, 60: 0.21026275152409518, 70: 0.21008779945564857, 80: 0.2098490389040959, 90: 0.20921390457653705, 100: 0.20928229443085047, 110: 0.20881494171457532, 120: 0.20860047956675656, 130: 0.20870448764827515, 140: 0.2087000802711204, 150: 0.20876887179451226}",120,0.20860047956675656,0.001,0.01,0.01
bostonHousing,fixnoiseFCN,32,0.1,0.001,"{0: 0.6093225481333555, 10: 0.23748977607415048, 20: 0.21738232173669486, 30: 0.212139307256834, 40: 0.2102294319573744, 50: 0.2092674571974778, 60: 0.20894267459710442, 70: 0.20839746358953876, 80: 0.2080119103377248, 90: 0.2079261501814112, 100: 0.20780621332886776, 110: 0.20787096003323424, 120: 0.2078355488401872, 130: 0.20827795850274003}",100,0.20780621332886776,0.005,0.01,0.01
bostonHousing,fixnoiseFCN,32,0.1,0.001,"{0: 0.6317158907283972, 10: 0.2291802663861969, 20: 0.21154457750143826, 30: 0.2082602577077018, 40: 0.20758509256957489, 50: 0.20763839663546763, 60: 0.20764272671054912, 70: 0.20745507579894715, 80: 0.20733241253061063, 90: 0.20719964252209958, 100: 0.20700092602659154, 110: 0.20723243570990033, 120: 0.2072907069582998, 130: 0.20754848887890948}",100,0.20700092602659154,0.01,0.01,0.01
bostonHousing,fixnoiseFCN,32,0.1,0.001,"{0: 0.6152532664714037, 10: 0.2532564187307417, 20: 0.2260491358829133, 30: 0.21735614854612467, 40: 0.21515475031402373, 50: 0.21401745667796077, 60: 0.2131347680349409, 70: 0.21222567970370068, 80: 0.21218143041119167, 90: 0.21216550127223685, 100: 0.2119940005150842, 110: 0.2121753752783493, 120: 0.21151657154162726, 130: 0.21179622958103814, 140: 0.21170062500017658, 150: 0.21157114347557965}",120,0.21151657154162726,0.05,0.01,0.01
bostonHousing,fixnoiseFCN,32,0.1,0.001,"{0: 0.6354725821150674, 10: 0.23795700534994219, 20: 0.21838348903405813, 30: 0.2133926922156487, 40: 0.21220919675665137, 50: 0.2115262550888238, 60: 0.2092290258517972, 70: 0.2100370017282757, 80: 0.208819356818258, 90: 0.20863412081459423, 100: 0.20818897268654388, 110: 0.20993355643234132, 120: 0.2091387739336049, 130: 0.21058307212811928}",100,0.20818897268654388,0.1,0.01,0.01
bostonHousing,fixnoiseFCN,32,0.1,0.002,"{0: 0.4843564503906686, 10: 0.2185825471524839, 20: 0.20957745591431487, 30: 0.20642042281451048, 40: 0.20588164537409206, 50: 0.20472678017837032, 60: 0.2048659688344708, 70: 0.20503884839054978, 80: 0.20497978907308462}",50,0.20472678017837032,0.001,0.01,0.01
bostonHousing,fixnoiseFCN,32,0.1,0.002,"{0: 0.47811668290768133, 10: 0.2215484931513115, 20: 0.2121925601436768, 30: 0.20894907926335743, 40: 0.20794279588225448, 50: 0.20736212027661596, 60: 0.20721700929197265, 70: 0.20746767649680012, 80: 0.2080047780716861, 90: 0.20727280851131602}",60,0.20721700929197265,0.005,0.01,0.01
bostonHousing,fixnoiseFCN,32,0.1,0.002,"{0: 0.46571680859283165, 10: 0.21706595602962703, 20: 0.21094557567511077, 30: 0.20876405117688357, 40: 0.20749765540714615, 50: 0.20682444026072816, 60: 0.20654900399623094, 70: 0.2063823307921857, 80: 0.20628551250254668, 90: 0.20611530345531154, 100: 0.20659251430152376, 110: 0.20636473610813236, 120: 0.20666137083812997}",90,0.20611530345531154,0.01,0.01,0.01
bostonHousing,fixnoiseFCN,32,0.1,0.002,"{0: 0.4533900801414325, 10: 0.22645546455442167, 20: 0.2166418410009808, 30: 0.21290554404258727, 40: 0.21154460233670697, 50: 0.21095844479622666, 60: 0.21023202306694455, 70: 0.21003720861526184, 80: 0.20963519351717866, 90: 0.20990354074740117, 100: 0.20988135672645805, 110: 0.21042618181234526}",80,0.20963519351717866,0.05,0.01,0.01
bostonHousing,fixnoiseFCN,32,0.1,0.002,"{0: 0.49672691849646744, 10: 0.22418725334199857, 20: 0.21478742337153284, 30: 0.2099892061433674, 40: 0.2098126319455512, 50: 0.20713394488449452, 60: 0.20842605915702422, 70: 0.20764310400427122, 80: 0.20696375530075145, 90: 0.20746131736187284, 100: 0.20786534855027256, 110: 0.20744837820529938}",80,0.20696375530075145,0.1,0.01,0.01
bostonHousing,fixnoiseFCN,32,0.01,0.0001,"{0: 0.9680752661493089, 10: 0.5618790732857623, 20: 0.37806147618426217, 30: 0.29669799307982125, 40: 0.2622933510093041, 50: 0.24309349641387845, 60: 0.22926961897331993, 70: 0.21899476253692013, 80: 0.21101387628802545, 90: 0.2045962706944089, 100: 0.1994986625917164, 110: 0.19523710190881916, 120: 0.19165120040193015, 130: 0.18883702473507985, 140: 0.18653775370783277, 150: 0.18447049797317128, 160: 0.18286333115380488, 170: 0.18156806458661584, 180: 0.18036470207167263, 190: 0.17949093333732935, 200: 0.17867852269131462, 210: 0.17810425254297843, 220: 0.17757490034456608, 230: 0.17713472957228438, 240: 0.17659435283254693, 250: 0.17617849093160512, 260: 0.17554991414517532, 270: 0.17487208821155406, 280: 0.17419486737545625, 290: 0.1735105327985905, 300: 0.17298973026099027, 310: 0.17242764635586444, 320: 0.17188828900272463, 330: 0.17137968168582446, 340: 0.17101895330864705, 350: 0.17061425410671, 360: 0.17020863522717983, 370: 0.1698542685420425, 380: 0.1695774053717837, 390: 0.16927072770065726, 400: 0.16906060421908345, 410: 0.1688997052333973, 420: 0.1686870059849303, 430: 0.16852945648593667, 440: 0.16831655498640036, 450: 0.1680684703367728, 460: 0.1679303675154109, 470: 0.1678767958540975, 480: 0.16787017819322186, 490: 0.16788049951011752, 500: 0.16796302920506323, 510: 0.16795165100951254}",480,0.16787017819322186,0.001,0.01,0.01
bostonHousing,fixnoiseFCN,32,0.01,0.0001,"{0: 0.9922489600417054, 10: 0.5597107527800548, 20: 0.3619614666074882, 30: 0.27300715032551026, 40: 0.23634430760586705, 50: 0.21814381478377326, 60: 0.20646140453992068, 70: 0.19784614394108455, 80: 0.19105317967909358, 90: 0.18587966011262233, 100: 0.18177318304409218, 110: 0.17875067919124793, 120: 0.17626962930331996, 130: 0.17415025031860965, 140: 0.17247420052687326, 150: 0.17064240127801897, 160: 0.16924727229792397, 170: 0.16804441623849634, 180: 0.16722431204937122, 190: 0.16647873248583006, 200: 0.165798323739458, 210: 0.16511703709393372, 220: 0.16435431516096916, 230: 0.1636555658630383, 240: 0.16304882498067103, 250: 0.16258400847882398, 260: 0.16212176117632127, 270: 0.16174784979702514, 280: 0.1612416077175258, 290: 0.16102578584794644, 300: 0.16065771649649113, 310: 0.16034071033383593, 320: 0.16007794219034693, 330: 0.15988157855139837, 340: 0.15969603057996726, 350: 0.1594854509021029, 360: 0.15921154493167078, 370: 0.15922359283323645, 380: 0.15907746413607657, 390: 0.15905076434582838, 400: 0.15899876543769131, 410: 0.15892598051347853, 420: 0.15893370258955306, 430: 0.15883682502640617, 440: 0.1587519966525796, 450: 0.15879977562545258, 460: 0.1586163705881731, 470: 0.15857115089893342, 480: 0.15855464545297035, 490: 0.15833593448738992, 500: 0.15834406890251015, 510: 0.15839108990298376, 520: 0.15818367140528597, 530: 0.15815425989804444, 540: 0.1583428406421049, 550: 0.15806742428261558, 560: 0.1580797979677165, 570: 0.157913433033743, 580: 0.15789540467070945, 590: 0.15760969663107835, 600: 0.15750249416371923, 610: 0.15756342950058572, 620: 0.15747541592076972, 630: 0.15741330155251937, 640: 0.15729235498993485, 650: 0.1573355892006262, 660: 0.15734242565102047, 670: 0.15726262178318, 680: 0.15732544395658704, 690: 0.15738457754070376, 700: 0.15730721751848856}",670,0.15726262178318,0.005,0.01,0.01
bostonHousing,fixnoiseFCN,32,0.01,0.0001,"{0: 0.9216410115913108, 10: 0.527502470638281, 20: 0.3534788005697874, 30: 0.26990533831678787, 40: 0.2369218403358518, 50: 0.2222044576465348, 60: 0.212559142212073, 70: 0.20539037272518063, 80: 0.19944776738131487, 90: 0.19465671825556108, 100: 0.19051711086505727, 110: 0.18748436991447287, 120: 0.185133031948849, 130: 0.18300151780799584, 140: 0.18119374099704952, 150: 0.1799643713934922, 160: 0.17886034426865755, 170: 0.17793541469691712, 180: 0.17724962102042305, 190: 0.17652709053622354, 200: 0.17621789548868017, 210: 0.17568156285050474, 220: 0.1748617677776902, 230: 0.17464001741674212, 240: 0.17405628131495582, 250: 0.17358617727403286, 260: 0.17320680717627207, 270: 0.17265523694179674, 280: 0.17224314161288887, 290: 0.17209143480400982, 300: 0.17177000538802442, 310: 0.1713629408015145, 320: 0.17110561224413506, 330: 0.1706200384063485, 340: 0.1703029900421331, 350: 0.16975115149477382, 360: 0.16956854549087125, 370: 0.16896427369412081, 380: 0.16823938649009776, 390: 0.16786623254970268, 400: 0.16753520095421945, 410: 0.16725640420192556, 420: 0.16682028308694746, 430: 0.166496033138699, 440: 0.166338308762621, 450: 0.1660007448476038, 460: 0.16597075592956426, 470: 0.1655299991369248, 480: 0.16481256435314812, 490: 0.16451731136551612, 500: 0.1641564346390006, 510: 0.16386648429396714, 520: 0.16384864385113304, 530: 0.16373295887016953, 540: 0.1632314195787465, 550: 0.16313570001978933, 560: 0.16301124108794296, 570: 0.16281156764354235, 580: 0.16257243388228945, 590: 0.16263021510324363, 600: 0.16259647846957784, 610: 0.1625693027987892, 620: 0.16229944094831558, 630: 0.16218509957378294, 640: 0.16205320652620292, 650: 0.1620795821334109, 660: 0.16188937383301463, 670: 0.16209376717423213, 680: 0.1618523093653314, 690: 0.1619500262869729, 700: 0.16177715407109555, 710: 0.1616360138779805, 720: 0.1620712900419294, 730: 0.16159330043527814, 740: 0.1618374111107838, 750: 0.16163856622613504, 760: 0.16154196707554808, 770: 0.16140815711315765, 780: 0.1615694840749105, 790: 0.16166671063796975, 800: 0.16165788407311027}",770,0.16140815711315765,0.01,0.01,0.01
bostonHousing,fixnoiseFCN,32,0.01,0.0001,"{0: 0.9036932340374699, 10: 0.5307929657675602, 20: 0.3429395989319424, 30: 0.26165271371970944, 40: 0.23176402526873133, 50: 0.21685508412343485, 60: 0.2070797809296184, 70: 0.20013644115792384, 80: 0.19418481533174164, 90: 0.19008979940855944, 100: 0.1860287802086936, 110: 0.18323986995735286, 120: 0.18109252123553077, 130: 0.17875876846136868, 140: 0.17771471168523953, 150: 0.17575764641349698, 160: 0.1748790557001844, 170: 0.17409395950811882, 180: 0.1735580790557979, 190: 0.17255839723863717, 200: 0.17147324482599893, 210: 0.17107597526944712, 220: 0.17039932777852188, 230: 0.16950049337781506, 240: 0.16885725366480558, 250: 0.16849474134268583, 260: 0.16880778817482936, 270: 0.1666280327019868, 280: 0.1663996348042547, 290: 0.16666645153805065, 300: 0.16658336987465988, 310: 0.16566340573775915, 320: 0.16520330515908607, 330: 0.16488884672706508, 340: 0.16385296380814213, 350: 0.16439295282334457, 360: 0.1636566882884061, 370: 0.1635323874376438, 380: 0.16298652828475574, 390: 0.1633625601912722, 400: 0.162701878062001, 410: 0.1614602495490769, 420: 0.16167000662765388, 430: 0.16158582597603033, 440: 0.16167935044677167}",410,0.1614602495490769,0.05,0.01,0.01
bostonHousing,fixnoiseFCN,32,0.01,0.0001,"{0: 0.9552433345052931, 10: 0.5510277763928896, 20: 0.35236296488179103, 30: 0.27179183680334207, 40: 0.23747719419591223, 50: 0.22007279359264137, 60: 0.2081209548829514, 70: 0.19955024744993377, 80: 0.1931916975128798, 90: 0.1875823344345446, 100: 0.1837765413117997, 110: 0.18179132447198584, 120: 0.17880529455932567, 130: 0.17729676566374156, 140: 0.17478211172568944, 150: 0.17297023308497889, 160: 0.17194032520055771, 170: 0.17171703376519826, 180: 0.17135364120757138, 190: 0.16932760581926062, 200: 0.16976654062300553, 210: 0.17022701137595705, 220: 0.16936812275721705}",190,0.16932760581926062,0.1,0.01,0.01
bostonHousing,fixnoiseFCN,32,0.01,0.0005,"{0: 0.796224911051032, 10: 0.23283180581566726, 20: 0.19496576206551658, 30: 0.17761378168691827, 40: 0.1705937488395491, 50: 0.16580297054699908, 60: 0.1625965623943894, 70: 0.16082112951043212, 80: 0.15982778539628156, 90: 0.1595531032409197, 100: 0.15969607657120552, 110: 0.1593867144466918, 120: 0.15921889389002764, 130: 0.15895992947949306, 140: 0.158563760879599, 150: 0.15826246915040193, 160: 0.15819494069358447, 170: 0.1585780836549806, 180: 0.15870452563703796, 190: 0.15847780369682074}",160,0.15819494069358447,0.001,0.01,0.01
bostonHousing,fixnoiseFCN,32,0.01,0.0005,"{0: 0.7223633559029781, 10: 0.23752152325562487, 20: 0.20304311390644236, 30: 0.18986524490662562, 40: 0.18329109481455363, 50: 0.1793185697293576, 60: 0.1754303068658452, 70: 0.17272623085681302, 80: 0.1712038724510758, 90: 0.17069652724413226, 100: 0.17000920757835294, 110: 0.16954425084002225, 120: 0.16880917769891246, 130: 0.168438798925023, 140: 0.16839436929167054, 150: 0.16753719621970328, 160: 0.16788956692189344, 170: 0.16714849803182813, 180: 0.1671822294408892, 190: 0.16668563426276783, 200: 0.16590577143209953, 210: 0.1663431340897525, 220: 0.16571186527057927, 230: 0.1649872284244608, 240: 0.16637538572152452, 250: 0.16560319474449864, 260: 0.16561114865320697}",230,0.1649872284244608,0.005,0.01,0.01
bostonHousing,fixnoiseFCN,32,0.01,0.0005,"{0: 0.7366526145258068, 10: 0.23249171186744427, 20: 0.19792448743993854, 30: 0.1870834104624795, 40: 0.18118638146070787, 50: 0.1783618124546828, 60: 0.17559547880549486, 70: 0.17438379544534804, 80: 0.1735544832032404, 90: 0.17274217469456754, 100: 0.17200563141593225, 110: 0.17133488644052436, 120: 0.17060564509880397, 130: 0.17022255894578533, 140: 0.17040346084553518, 150: 0.17000170688570282, 160: 0.1692959202292525, 170: 0.1698885495280042, 180: 0.16960946744606817, 190: 0.16898384156786367, 200: 0.16886980868416068, 210: 0.17052781876222586, 220: 0.17048592464423473, 230: 0.17014053721486788}",200,0.16886980868416068,0.01,0.01,0.01
bostonHousing,fixnoiseFCN,32,0.01,0.0005,"{0: 0.7658870119003602, 10: 0.22513593897039508, 20: 0.1938064145821112, 30: 0.1805454130893872, 40: 0.17485757230976484, 50: 0.17136110140953537, 60: 0.1672749271363388, 70: 0.16509603637236137, 80: 0.16396636885625346, 90: 0.1623496342220424, 100: 0.16227995363282569, 110: 0.16060904639738577, 120: 0.15927050566231765, 130: 0.15989850303273143, 140: 0.15956202999309257, 150: 0.1573370837870939, 160: 0.1569674685413455, 170: 0.1593389259812273, 180: 0.15970479643639224, 190: 0.1592559556534261}",160,0.1569674685413455,0.05,0.01,0.01
bostonHousing,fixnoiseFCN,32,0.01,0.0005,"{0: 0.738476938156434, 10: 0.2301533524820834, 20: 0.19683757336051375, 30: 0.1843175642652276, 40: 0.1771251791605243, 50: 0.17316582405272823, 60: 0.17130629729341576, 70: 0.1694937907067346, 80: 0.16602169039808673, 90: 0.17226076740541577, 100: 0.1635700316708765, 110: 0.16749421152067773, 120: 0.16450098197401306, 130: 0.16601246886047316}",100,0.1635700316708765,0.1,0.01,0.01
bostonHousing,fixnoiseFCN,32,0.01,0.001,"{0: 0.5850735189738097, 10: 0.19934120347470413, 20: 0.17536276354465954, 30: 0.17164880946094607, 40: 0.16957973837852477, 50: 0.1671981733890227, 60: 0.16811311213690558, 70: 0.16631978139465237, 80: 0.16641693405899, 90: 0.16739034961771082, 100: 0.1669937883630211}",70,0.16631978139465237,0.001,0.01,0.01
bostonHousing,fixnoiseFCN,32,0.01,0.001,"{0: 0.5638361282370707, 10: 0.19690345761216715, 20: 0.17260858924300582, 30: 0.16634733077184655, 40: 0.16287670389369682, 50: 0.16203627277303628, 60: 0.16101791597442863, 70: 0.16128197084238502, 80: 0.15937898464408923, 90: 0.1584100377596455, 100: 0.15890550024715472, 110: 0.15864274706001635, 120: 0.15823586763423164, 130: 0.1585964215942371, 140: 0.15696606545904537, 150: 0.15817431134206278, 160: 0.15771366639269724, 170: 0.15987502789055857}",140,0.15696606545904537,0.005,0.01,0.01
bostonHousing,fixnoiseFCN,32,0.01,0.001,"{0: 0.5898031004417089, 10: 0.20420499372261544, 20: 0.1803751709652536, 30: 0.1740347997273928, 40: 0.1701772227331444, 50: 0.16710066935162488, 60: 0.16530137231320513, 70: 0.16530269498442426, 80: 0.16498809471542453, 90: 0.16495702244617322, 100: 0.1643513253625528, 110: 0.16514396641725376, 120: 0.1655705213914683, 130: 0.16423040797680985, 140: 0.16252714550053632, 150: 0.16205930478043026, 160: 0.16719196517894297, 170: 0.16471643173768197, 180: 0.16332538293467627}",150,0.16205930478043026,0.01,0.01,0.01
bostonHousing,fixnoiseFCN,32,0.01,0.001,"{0: 0.6184783745695043, 10: 0.18778736631811402, 20: 0.17421236091557846, 30: 0.1716230873340442, 40: 0.16990073120888366, 50: 0.16922050743927192, 60: 0.1690843110099251, 70: 0.16432200960906934, 80: 0.16193112017195904, 90: 0.1690031544661816, 100: 0.1645739127824336, 110: 0.1680283730412707}",80,0.16193112017195904,0.05,0.01,0.01
bostonHousing,fixnoiseFCN,32,0.01,0.001,"{0: 0.5147342647299354, 10: 0.1826323579122991, 20: 0.16918660821738069, 30: 0.1617153102968946, 40: 0.1686387852386192, 50: 0.15990496198704213, 60: 0.15930689264226844, 70: 0.16023168516011882, 80: 0.15930026134958972, 90: 0.16056080133090786, 100: 0.1555036242545387, 110: 0.1549752229341754, 120: 0.15499270459016165, 130: 0.15557995192062707, 140: 0.1591215960405491}",110,0.1549752229341754,0.1,0.01,0.01
bostonHousing,fixnoiseFCN,32,0.01,0.002,"{0: 0.3954595996641818, 10: 0.18040203286541834, 20: 0.16946672705220583, 30: 0.16337250474794413, 40: 0.16308610796192546, 50: 0.16078974803288779, 60: 0.16093114301746275, 70: 0.16478758222526974, 80: 0.16822170420193377}",50,0.16078974803288779,0.001,0.01,0.01
bostonHousing,fixnoiseFCN,32,0.01,0.002,"{0: 0.4485242140881809, 10: 0.17748979915071417, 20: 0.16863077831121137, 30: 0.1700079932624911, 40: 0.16778928273253974, 50: 0.16777622762285632, 60: 0.16986401226417516, 70: 0.1684393118377085, 80: 0.1768447528834696}",50,0.16777622762285632,0.005,0.01,0.01
bostonHousing,fixnoiseFCN,32,0.01,0.002,"{0: 0.4432180575014632, 10: 0.178584364902826, 20: 0.17115445390895562, 30: 0.1696543005145626, 40: 0.1662081703727628, 50: 0.16785461106050162, 60: 0.15868351238745232, 70: 0.16944853902598958, 80: 0.16861264380039992, 90: 0.16359640271575362}",60,0.15868351238745232,0.01,0.01,0.01
bostonHousing,fixnoiseFCN,32,0.01,0.002,"{0: 0.46232318169908754, 10: 0.1788683572669088, 20: 0.16657220625583036, 30: 0.16399610432577721, 40: 0.15970590653610817, 50: 0.16060750285784403, 60: 0.15617729208351652, 70: 0.1608859309259756, 80: 0.17356039031788156, 90: 0.16410325559568995}",60,0.15617729208351652,0.05,0.01,0.01
bostonHousing,fixnoiseFCN,32,0.01,0.002,"{0: 0.46007751288973264, 10: 0.181601241911635, 20: 0.17142591925314915, 30: 0.16463577147619227, 40: 0.16433742469475593, 50: 0.16168273735193556, 60: 0.15543765388889078, 70: 0.15921425410994777, 80: 0.1510214642978009, 90: 0.15436411121009308, 100: 0.15021692164886144, 110: 0.15278740028540294, 120: 0.16170784992936216, 130: 0.15337428995120672}",100,0.15021692164886144,0.1,0.01,0.01
bostonHousing,fixnoiseFCN,32,0.001,0.0001,"{0: 0.9634227113223371, 10: 0.5385462583399112, 20: 0.352755989814982, 30: 0.2683043504754702, 40: 0.2328983868897697, 50: 0.21530701525417376, 60: 0.20409920728868908, 70: 0.19604165629472264, 80: 0.19006094018250336, 90: 0.18523385235924777, 100: 0.18129263700526438, 110: 0.17808845617153027, 120: 0.17543053380501122, 130: 0.17317301318233397, 140: 0.17121612282446874, 150: 0.16971111139397563, 160: 0.168472374221425, 170: 0.1674632680636865, 180: 0.1663663806738677, 190: 0.16535781121548312, 200: 0.16450381897113941, 210: 0.1638548615170114, 220: 0.16349644443871061, 230: 0.163248097639025, 240: 0.16297235319643846, 250: 0.16273411015669503, 260: 0.16247009031566573, 270: 0.1622409475070459, 280: 0.16199773899566977, 290: 0.16154600179489748, 300: 0.16116573461043984, 310: 0.1610621811799061, 320: 0.16091201231803426, 330: 0.16072019901540546, 340: 0.16048640571994546, 350: 0.16027944110057973, 360: 0.16009523320345231, 370: 0.1598278038663629, 380: 0.15968218710687426, 390: 0.15947602715021297, 400: 0.15908778773413762, 410: 0.15878645314110648, 420: 0.15845754661677797, 430: 0.1580180988635546, 440: 0.1576981545966349, 450: 0.15737163372981697, 460: 0.15701085943498727, 470: 0.1567398155177081, 480: 0.15653226007649926, 490: 0.15643552045027415, 500: 0.1562985928338251, 510: 0.1562351124522127, 520: 0.15611733264393277, 530: 0.1559818700875765, 540: 0.15601384849460037, 550: 0.1560547532858672, 560: 0.15610402664284648}",530,0.1559818700875765,0.001,0.01,0.01
bostonHousing,fixnoiseFCN,32,0.001,0.0001,"{0: 0.9821280494884208, 10: 0.5651849421454064, 20: 0.36235447419278416, 30: 0.2739054161825297, 40: 0.23808084770485208, 50: 0.219477729609719, 60: 0.20657277662812926, 70: 0.1966822346051534, 80: 0.18890305864222257, 90: 0.18288600304980338, 100: 0.17799070939237688, 110: 0.17421990219089717, 120: 0.17127853983346328, 130: 0.16893417623675902, 140: 0.167092316036607, 150: 0.1654132644335429, 160: 0.16423528521885106, 170: 0.1632102542085412, 180: 0.16246582755336056, 190: 0.1615963501326832, 200: 0.1609994594697599, 210: 0.16037052674793903, 220: 0.15993001453670455, 230: 0.15949903270344676, 240: 0.15901184288071996, 250: 0.15863448995866894, 260: 0.15816682466754206, 270: 0.1578410529795988, 280: 0.15752709747096638, 290: 0.15727615415314095, 300: 0.15682444910944243, 310: 0.15637952486673992, 320: 0.1562240129267728, 330: 0.15609531833065882, 340: 0.1559811306588444, 350: 0.155479841247017, 360: 0.15511340399583182, 370: 0.15500380054668145, 380: 0.15484626499223123, 390: 0.15471634533670214, 400: 0.1543099371739376, 410: 0.1542214123187242, 420: 0.1541390402449502, 430: 0.15373947292934229, 440: 0.15354404828430696, 450: 0.15333765513367123, 460: 0.1532395421354859, 470: 0.15298663322572353, 480: 0.15288226387383025, 490: 0.1529319288186085, 500: 0.15225570492538404, 510: 0.15200590623749627, 520: 0.15195486882218606, 530: 0.15194622112645043, 540: 0.15149258765173548, 550: 0.15141187109697013, 560: 0.15140228490402668, 570: 0.15099610991684007, 580: 0.15071660188245184, 590: 0.15077208539953937, 600: 0.1509933430839468, 610: 0.15046252599101007, 620: 0.15046632082006078, 630: 0.15056461572279162, 640: 0.1501393015002027, 650: 0.15040743632449044, 660: 0.15019832406147027, 670: 0.14997080730067358, 680: 0.1494839080689866, 690: 0.14930311220663567, 700: 0.14971388913231132, 710: 0.14947536405589848, 720: 0.14912165044634432, 730: 0.14935304425012919, 740: 0.1491598086224662, 750: 0.14924488836600458}",720,0.14912165044634432,0.005,0.01,0.01
bostonHousing,fixnoiseFCN,32,0.001,0.0001,"{0: 0.9322366131676569, 10: 0.5353724732259173, 20: 0.34645442412591276, 30: 0.2693523495285599, 40: 0.23891301736419585, 50: 0.2222747053629086, 60: 0.21049041299172386, 70: 0.2016247283897282, 80: 0.19446451020093614, 90: 0.1889097458418505, 100: 0.18419386637799534, 110: 0.18070040014055042, 120: 0.1777944121831729, 130: 0.1754191043936176, 140: 0.17362298413559243, 150: 0.17207017386401138, 160: 0.1706918986123285, 170: 0.16962513846379737, 180: 0.16890147262149385, 190: 0.1682051619629801, 200: 0.16756025298878, 210: 0.16747731673128813, 220: 0.16686707048872368, 230: 0.16697107978441098, 240: 0.16691747110934904, 250: 0.16670845555670466, 260: 0.1666016831626127, 270: 0.16630487066728097, 280: 0.16633994917810696, 290: 0.1660016315770738, 300: 0.16589048361336742, 310: 0.1660884110280025, 320: 0.1657061642334785, 330: 0.1654757113552388, 340: 0.165023709649657, 350: 0.16485959298816727, 360: 0.16471315134822587, 370: 0.16433413468393282, 380: 0.1642619685994254, 390: 0.1640341420048549, 400: 0.16389350221480853, 410: 0.16338165913834982, 420: 0.16290624608964097, 430: 0.16262221323487197, 440: 0.16256093848266723, 450: 0.16264960403427667, 460: 0.16284924809947426, 470: 0.16242152202276533, 480: 0.16224815047081603, 490: 0.16222975848265636, 500: 0.16178259194633107, 510: 0.1619746692754604, 520: 0.16159617404143017, 530: 0.16161091106909292, 540: 0.16174732413556842, 550: 0.16153174333366344, 560: 0.16112609220507704, 570: 0.16182137416836656, 580: 0.16124226618328213, 590: 0.1615964353820424}",560,0.16112609220507704,0.01,0.01,0.01
bostonHousing,fixnoiseFCN,32,0.001,0.0001,"{0: 0.9073227340792431, 10: 0.5346286102393527, 20: 0.34368670718905364, 30: 0.2610538101122703, 40: 0.2324616601069768, 50: 0.2181849718461802, 60: 0.20757609572675495, 70: 0.19877215487721528, 80: 0.1909385339345461, 90: 0.18514038740116873, 100: 0.17987144479045164, 110: 0.1757634633117252, 120: 0.17218453659687513, 130: 0.16967712754820602, 140: 0.16798839267389276, 150: 0.16629885747844791, 160: 0.16400942809787797, 170: 0.1640752230529432, 180: 0.16305755273795422, 190: 0.16279421989564544, 200: 0.16246084320692372, 210: 0.16088563987502344, 220: 0.16000758946677782, 230: 0.16049034981815904, 240: 0.16094420846597648, 250: 0.15997775826189253, 260: 0.15872271807841315, 270: 0.16108011695337882, 280: 0.16040831377476822, 290: 0.15893003469631997}",260,0.15872271807841315,0.05,0.01,0.01
bostonHousing,fixnoiseFCN,32,0.001,0.0001,"{0: 0.946883538917259, 10: 0.5436529530235278, 20: 0.35798074544211966, 30: 0.2768966317912679, 40: 0.2421369955495552, 50: 0.2243992018846818, 60: 0.21316518187522887, 70: 0.20602070970667735, 80: 0.19983990554824288, 90: 0.19499136890158242, 100: 0.19078736855292028, 110: 0.187504527653441, 120: 0.18462218031471161, 130: 0.18166693123402416, 140: 0.1805018087228139, 150: 0.1784327537925155, 160: 0.17839503398648016, 170: 0.17454241061652148, 180: 0.17618782781524425, 190: 0.1737519775275831, 200: 0.17222332737328092, 210: 0.17215357308770401, 220: 0.16818443720723378, 230: 0.17003314896130267, 240: 0.16765298357716313, 250: 0.16644957760969797, 260: 0.16874819714346048, 270: 0.16782558093100416, 280: 0.16458712017830507, 290: 0.1663221600247018, 300: 0.1637180865914733, 310: 0.16290427843729655, 320: 0.16258965660760433, 330: 0.16312236506261943, 340: 0.15973380800382592, 350: 0.16177912578906542, 360: 0.1618806955990968, 370: 0.15833796178117213, 380: 0.16027866119955791, 390: 0.15827489107111353, 400: 0.15981777586318827, 410: 0.15606483434453422, 420: 0.1552344972704664, 430: 0.15656153228547837, 440: 0.15410033962976785, 450: 0.15421202705230241, 460: 0.15388687948385876, 470: 0.15430149527979486, 480: 0.15268617301811407, 490: 0.15290954699854792, 500: 0.1513403907786181, 510: 0.15177958282055679, 520: 0.15030467092622946, 530: 0.14947759453897125, 540: 0.15128335012697883, 550: 0.14892130177698018, 560: 0.14907645485651347, 570: 0.1519606311748057, 580: 0.15160155550197318}",550,0.14892130177698018,0.1,0.01,0.01
bostonHousing,fixnoiseFCN,32,0.001,0.0005,"{0: 0.7380583938993054, 10: 0.23366049362553493, 20: 0.20464072727862698, 30: 0.19034507535857917, 40: 0.18256567587823044, 50: 0.17846223572154102, 60: 0.17565998240017594, 70: 0.17437191881515363, 80: 0.1734146457027506, 90: 0.17318134377768013, 100: 0.17269962911988485, 110: 0.1717178765638375, 120: 0.1702068329225352, 130: 0.16950184368057014, 140: 0.1690148699798702, 150: 0.16877092262844978, 160: 0.16783962860519502, 170: 0.16808981785067806, 180: 0.1668870375112251, 190: 0.16777847056035644, 200: 0.1666713377943745, 210: 0.16557551066816587, 220: 0.16841913012810697, 230: 0.16863797159842503, 240: 0.16966140892034695}",210,0.16557551066816587,0.001,0.01,0.01
bostonHousing,fixnoiseFCN,32,0.001,0.0005,"{0: 0.7278055780463749, 10: 0.23463754182980384, 20: 0.1960605763174869, 30: 0.1793601875135928, 40: 0.17299995541940502, 50: 0.17014717858882597, 60: 0.16728446511206804, 70: 0.16447150847058237, 80: 0.16222895475817317, 90: 0.1610436436938651, 100: 0.1598672953284817, 110: 0.15833920943148344, 120: 0.15823275866331876, 130: 0.15712874068154228, 140: 0.15656491742457873, 150: 0.15641719062387208, 160: 0.1562130511910827, 170: 0.1580448741530195, 180: 0.1555431539629713, 190: 0.15596393670564815, 200: 0.1544366604016151, 210: 0.15387172651143718, 220: 0.15542608190465856, 230: 0.15754858130290184, 240: 0.15862601105077767}",210,0.15387172651143718,0.005,0.01,0.01
bostonHousing,fixnoiseFCN,32,0.001,0.0005,"{0: 0.6994234207235736, 10: 0.22625984187111442, 20: 0.18135976793221484, 30: 0.1673682152121155, 40: 0.16205127702818975, 50: 0.1594337581852336, 60: 0.1572552333275477, 70: 0.15525733526842092, 80: 0.1535192095571094, 90: 0.15282819083443394, 100: 0.15224439722520336, 110: 0.15171653197871313, 120: 0.1504263749829045, 130: 0.15152508684514482, 140: 0.15320513395615568, 150: 0.1537274255060855}",120,0.1504263749829045,0.01,0.01,0.01
bostonHousing,fixnoiseFCN,32,0.001,0.0005,"{0: 0.735823294777929, 10: 0.22309724228617583, 20: 0.1993999223098343, 30: 0.19387180337935317, 40: 0.18886165961071294, 50: 0.18576723145849913, 60: 0.18855064875549737, 70: 0.18366755504667023, 80: 0.17918732942622384, 90: 0.17917096703140825, 100: 0.17886155685524882, 110: 0.1813876740726424, 120: 0.18096669608796084, 130: 0.17815848969750936, 140: 0.18199359855534117, 150: 0.17651233312524398, 160: 0.17331879961269875, 170: 0.1733791868995737, 180: 0.1783338729062198, 190: 0.17655910384139895}",160,0.17331879961269875,0.05,0.01,0.01
bostonHousing,fixnoiseFCN,32,0.001,0.0005,"{0: 0.7276085198293496, 10: 0.21572053526286727, 20: 0.17867932899130717, 30: 0.1690300060459125, 40: 0.16329418350884944, 50: 0.1598240622583731, 60: 0.15969552603768716, 70: 0.15737903204597073, 80: 0.16307000556477796, 90: 0.1531603779321835, 100: 0.15798444571318448, 110: 0.1557961693516484, 120: 0.15621006908240143}",90,0.1531603779321835,0.1,0.01,0.01
bostonHousing,fixnoiseFCN,32,0.001,0.001,"{0: 0.5623266964414972, 10: 0.19837622120056625, 20: 0.1819126585751404, 30: 0.1735332641336653, 40: 0.1683057098109045, 50: 0.16634158319161263, 60: 0.1640458705616586, 70: 0.15960538777304284, 80: 0.1569220183440197, 90: 0.1550949780293453, 100: 0.15194977354488254, 110: 0.1523956127372789, 120: 0.15207219226860708, 130: 0.15251988420883814}",100,0.15194977354488254,0.001,0.01,0.01
bostonHousing,fixnoiseFCN,32,0.001,0.001,"{0: 0.5409288653437001, 10: 0.18337220716991542, 20: 0.17425402421274303, 30: 0.17134858557471522, 40: 0.16689686841434903, 50: 0.16389194973457005, 60: 0.16088922104717773, 70: 0.15954635746685072, 80: 0.15634858792210804, 90: 0.16158269198588382, 100: 0.159554820921686, 110: 0.15768448692045095}",80,0.15634858792210804,0.005,0.01,0.01
bostonHousing,fixnoiseFCN,32,0.001,0.001,"{0: 0.5341334714933679, 10: 0.19168417288197412, 20: 0.16476411245487355, 30: 0.15870703915019094, 40: 0.1514266702128045, 50: 0.14706818523966236, 60: 0.142516849052023, 70: 0.13949096269077726, 80: 0.1411621477500892, 90: 0.15102683416119328, 100: 0.14999857828205015}",70,0.13949096269077726,0.01,0.01,0.01
bostonHousing,fixnoiseFCN,32,0.001,0.001,"{0: 0.5584316599148291, 10: 0.1877616009226552, 20: 0.17402329864325344, 30: 0.16193466429357176, 40: 0.163442646721263, 50: 0.1575517072169869, 60: 0.15236187628757808, 70: 0.1511987582033063, 80: 0.15566141995382896, 90: 0.15117184026741687, 100: 0.15469761468746046, 110: 0.1512488133009569, 120: 0.14762147966726327, 130: 0.15099291144697755, 140: 0.15362499985429973, 150: 0.15129407773047315}",120,0.14762147966726327,0.05,0.01,0.01
bostonHousing,fixnoiseFCN,32,0.001,0.001,"{0: 0.5616655288655081, 10: 0.19451065348622237, 20: 0.1724215873045686, 30: 0.168845802563944, 40: 0.16650841699706181, 50: 0.16462700024799062, 60: 0.1740119084899808, 70: 0.16212753175217426, 80: 0.15605034863139375, 90: 0.1607990272619106, 100: 0.15616378859605318, 110: 0.1663094387194257}",80,0.15605034863139375,0.1,0.01,0.01
bostonHousing,fixnoiseFCN,32,0.001,0.002,"{0: 0.43232145802474314, 10: 0.17577141663174567, 20: 0.16710844987336498, 30: 0.16683106825307564, 40: 0.1616567767512651, 50: 0.14693612912554802, 60: 0.1467368256162714, 70: 0.14087555130690704, 80: 0.17673750654046919, 90: 0.14993040570874272, 100: 0.13839517509863702, 110: 0.1437784656882286, 120: 0.14688423986052287, 130: 0.15045679097558246}",100,0.13839517509863702,0.001,0.01,0.01
bostonHousing,fixnoiseFCN,32,0.001,0.002,"{0: 0.4202936229146557, 10: 0.18236154402479712, 20: 0.17596105598373177, 30: 0.18146877921657797, 40: 0.16762870807706576, 50: 0.18040660251805812, 60: 0.15377839259159418, 70: 0.16665625436070525, 80: 0.1523432974646121, 90: 0.15457574929352158, 100: 0.14649197190632054, 110: 0.16672864526878167, 120: 0.15189919629950582, 130: 0.14316983265273367, 140: 0.1640826970890716, 150: 0.14415794824376518, 160: 0.1378673400040026, 170: 0.1463497765822175, 180: 0.14573329815893998, 190: 0.1408191387484103}",160,0.1378673400040026,0.005,0.01,0.01
bostonHousing,fixnoiseFCN,32,0.001,0.002,"{0: 0.41860075386953943, 10: 0.17790898000016625, 20: 0.16396473774939407, 30: 0.15852156756100833, 40: 0.14628107555118608, 50: 0.1515516886740555, 60: 0.14432703907842986, 70: 0.15482857470159178, 80: 0.14917229517006578, 90: 0.1666283384333422}",60,0.14432703907842986,0.01,0.01,0.01
bostonHousing,fixnoiseFCN,32,0.001,0.002,"{0: 0.4033145475902676, 10: 0.17858197792076771, 20: 0.17164224629048946, 30: 0.16464319810455225, 40: 0.16586032866695782, 50: 0.17081504239712234, 60: 0.17264987947764224}",30,0.16464319810455225,0.05,0.01,0.01
bostonHousing,fixnoiseFCN,32,0.001,0.002,"{0: 0.4342557473683063, 10: 0.17963534486882482, 20: 0.16740807497207028, 30: 0.17176082375240914, 40: 0.16286035198488355, 50: 0.15751406112570823, 60: 0.16918798140537591, 70: 0.1612569139143567, 80: 0.16149053575448047}",50,0.15751406112570823,0.1,0.01,0.01
bostonHousing,fixnoiseFCN,32,0.0001,0.0001,"{0: 0.9375106386932327, 10: 0.5313172510560648, 20: 0.34629597800013456, 30: 0.27033559096816145, 40: 0.24018884187127337, 50: 0.22302767923216757, 60: 0.21037217384135282, 70: 0.2002113703592324, 80: 0.19237198123225463, 90: 0.1866109205616845, 100: 0.18196307093272973, 110: 0.17842642140609247, 120: 0.17583450851617036, 130: 0.17404754005464507, 140: 0.17275957192903685, 150: 0.1716433370554889, 160: 0.17062012869634746, 170: 0.16981630030973455, 180: 0.16909704637012365, 190: 0.16846093272353396, 200: 0.16791531890630723, 210: 0.16743240827395595, 220: 0.16700202005880851, 230: 0.16654388279090696, 240: 0.1660908752385481, 250: 0.16568071459546502, 260: 0.16527249529773808, 270: 0.16490465005238852, 280: 0.164525263177024, 290: 0.1643316435593146, 300: 0.1641285585032569, 310: 0.16388764679431914, 320: 0.16375361364564778, 330: 0.1637634387722722, 340: 0.16372248611332457, 350: 0.16384194717731004, 360: 0.16379074377042274, 370: 0.16392922813509717}",340,0.16372248611332457,0.001,0.01,0.01
bostonHousing,fixnoiseFCN,32,0.0001,0.0001,"{0: 0.9281784867062981, 10: 0.5121381773072996, 20: 0.34340946510618114, 30: 0.27091455338177856, 40: 0.23873640523280626, 50: 0.21997161049533775, 60: 0.20653436185769092, 70: 0.1961511168031045, 80: 0.18871458467142083, 90: 0.18307227737005846, 100: 0.1789621153363475, 110: 0.17595321043038076, 120: 0.17373059684479678, 130: 0.17214853191449317, 140: 0.17079353115440887, 150: 0.16962813942888635, 160: 0.1690278466101046, 170: 0.1685123614690922, 180: 0.16810071028677037, 190: 0.16796896236914177, 200: 0.16782585202175895, 210: 0.1678156169844262, 220: 0.16754830299336235, 230: 0.16736770327444428, 240: 0.16739229611408563, 250: 0.16734540609665857, 260: 0.16711524345992523, 270: 0.16692801872153343, 280: 0.16658684526696615, 290: 0.16670036135632316, 300: 0.16647362377908492, 310: 0.16619323823187085, 320: 0.1660620774751828, 330: 0.16582927508854572, 340: 0.165468238717244, 350: 0.1651930223276586, 360: 0.16505929113906104, 370: 0.16500682348822368, 380: 0.16477043551427345, 390: 0.1646665475986622, 400: 0.16491994206552155, 410: 0.16483875424773606, 420: 0.164460430395456, 430: 0.16441673802004922, 440: 0.16455250724598214, 450: 0.16454172436101938, 460: 0.1647772801143152}",430,0.16441673802004922,0.005,0.01,0.01
bostonHousing,fixnoiseFCN,32,0.0001,0.0001,"{0: 0.9452266947722728, 10: 0.5525532196333379, 20: 0.35838027937728684, 30: 0.274659033027696, 40: 0.24570387222884613, 50: 0.22986638752030739, 60: 0.2180588820282324, 70: 0.20862539142002295, 80: 0.20122385928292336, 90: 0.19534764148202943, 100: 0.19074982371595173, 110: 0.18770644881843052, 120: 0.18525416836326505, 130: 0.18327353714424885, 140: 0.18201455659704444, 150: 0.18060125322253617, 160: 0.17942063760610275, 170: 0.17859881961787188, 180: 0.17778071058385164, 190: 0.17715746786123443, 200: 0.17672664909451094, 210: 0.17613928111982935, 220: 0.17565989781309058, 230: 0.174990416014636, 240: 0.17489101470988472, 250: 0.17395831041130017, 260: 0.17425869802633923, 270: 0.17398348130561686, 280: 0.1738710324705383, 290: 0.17349543166749273, 300: 0.17334949083534287, 310: 0.173081816567315, 320: 0.17351447697039005, 330: 0.17323297714745559, 340: 0.1730049771659168, 350: 0.17280872059457097, 360: 0.17246785715774252, 370: 0.17272794717623866, 380: 0.17267473958156726, 390: 0.1721302310993642, 400: 0.17227372104003105, 410: 0.17206554887471376, 420: 0.17203399770789676, 430: 0.17155191946176834, 440: 0.17101934629457968, 450: 0.1711557376531907, 460: 0.1708537072311213, 470: 0.17142639104966767, 480: 0.17083303939413141, 490: 0.17119975093706155, 500: 0.17080349933218075, 510: 0.17107726434866585, 520: 0.16996186118067047, 530: 0.1705843581829542, 540: 0.17004484177371598, 550: 0.16990385449226994, 560: 0.17049208967774004, 570: 0.17059038513236574, 580: 0.17051202360494638}",550,0.16990385449226994,0.01,0.01,0.01
bostonHousing,fixnoiseFCN,32,0.0001,0.0001,"{0: 0.9285533444381056, 10: 0.5735385769679222, 20: 0.39415431708833315, 30: 0.29836670634923157, 40: 0.25917179783185323, 50: 0.24079158105600026, 60: 0.2287387005892801, 70: 0.21806706306007176, 80: 0.21027692282273444, 90: 0.203009667440697, 100: 0.1972755534965315, 110: 0.1929421737054248, 120: 0.1883195936863805, 130: 0.18448822067843543, 140: 0.1817079460179364, 150: 0.17892548535709027, 160: 0.17685288468628754, 170: 0.17429193615177532, 180: 0.17371714722227166, 190: 0.17236058515163116, 200: 0.17103060380912122, 210: 0.17024661550919212, 220: 0.168909971655151, 230: 0.169830302618168, 240: 0.1679195733901895, 250: 0.16713502629671567, 260: 0.16655618594384486, 270: 0.16560071016903274, 280: 0.16550836610941239, 290: 0.165085050261315, 300: 0.16374549582416628, 310: 0.16374624187563674, 320: 0.16412291707080087, 330: 0.16442962171118936}",300,0.16374549582416628,0.05,0.01,0.01
bostonHousing,fixnoiseFCN,32,0.0001,0.0001,"{0: 0.9576662448453315, 10: 0.5547438131438361, 20: 0.37394058021866244, 30: 0.28609790686104036, 40: 0.2488436923534782, 50: 0.2308434066581137, 60: 0.21783555150032044, 70: 0.20763243035769757, 80: 0.19952361841260652, 90: 0.19286034132963342, 100: 0.18764490268112702, 110: 0.18488303187452715, 120: 0.18088395867818668, 130: 0.17898039865640947, 140: 0.17740684585806765, 150: 0.1766980176354632, 160: 0.17543260848816528, 170: 0.17442892962767753, 180: 0.17174739587454146, 190: 0.1711800271714175, 200: 0.17046465785415085, 210: 0.17144986641259838, 220: 0.17161853302408148, 230: 0.16994639778578724, 240: 0.16926932743302098, 250: 0.17088798196227464, 260: 0.1674472286377424, 270: 0.166956294649913, 280: 0.167745981503416, 290: 0.1682513278207661, 300: 0.16629483957349517, 310: 0.16652855586122586, 320: 0.1646824452244205, 330: 0.1656050776625857, 340: 0.16653636068473626, 350: 0.16552357232129128}",320,0.1646824452244205,0.1,0.01,0.01
bostonHousing,fixnoiseFCN,32,0.0001,0.0005,"{0: 0.777144197549349, 10: 0.22624463247664178, 20: 0.1847386672540947, 30: 0.16854068896284807, 40: 0.1612714543570707, 50: 0.15968401244393102, 60: 0.15909953941533597, 70: 0.1587928537785271, 80: 0.1594551221272092, 90: 0.15977753825761654, 100: 0.15919975106730871}",70,0.1587928537785271,0.001,0.01,0.01
bostonHousing,fixnoiseFCN,32,0.0001,0.0005,"{0: 0.7517684235984896, 10: 0.2264524981931404, 20: 0.18618894353692914, 30: 0.1716123828181514, 40: 0.16637623604433036, 50: 0.16481148052362748, 60: 0.1649293471265722, 70: 0.16440146764119465, 80: 0.16345851553810967, 90: 0.1651560013308937, 100: 0.16391044682190742, 110: 0.16260427898830837, 120: 0.1633704583585998, 130: 0.16228402543950965, 140: 0.16368089616298673, 150: 0.16355504191216125, 160: 0.16484293488808618}",130,0.16228402543950965,0.005,0.01,0.01
bostonHousing,fixnoiseFCN,32,0.0001,0.0005,"{0: 0.6861744128627542, 10: 0.2322304994419769, 20: 0.19517405147169842, 30: 0.18013388470367148, 40: 0.1744750334892744, 50: 0.17143676174275668, 60: 0.1697445144255956, 70: 0.16650210714634556, 80: 0.16600429434099312, 90: 0.165688716960542, 100: 0.16331039313916806, 110: 0.16188872140130878, 120: 0.1619969230743102, 130: 0.16154331513393075, 140: 0.1622596507087166, 150: 0.1616090934217712, 160: 0.16194445821974013}",130,0.16154331513393075,0.01,0.01,0.01
bostonHousing,fixnoiseFCN,32,0.0001,0.0005,"{0: 0.7357857175815253, 10: 0.2196993743563876, 20: 0.17903622572804673, 30: 0.16580753905905618, 40: 0.15967472686811732, 50: 0.16009150495131813, 60: 0.1589259156474361, 70: 0.15623030920087558, 80: 0.1549926903328778, 90: 0.15847682237257193, 100: 0.15673603174495107, 110: 0.15801897140932672}",80,0.1549926903328778,0.05,0.01,0.01
bostonHousing,fixnoiseFCN,32,0.0001,0.0005,"{0: 0.720365004186277, 10: 0.21953368490492858, 20: 0.1844558777448572, 30: 0.1718941354089313, 40: 0.1625787906440688, 50: 0.16219938691751457, 60: 0.15946797250229636, 70: 0.15929056192621774, 80: 0.1625655929247538, 90: 0.1569071978698542, 100: 0.1543583301850307, 110: 0.14993111185821484, 120: 0.15263985684256492, 130: 0.15548298605430275, 140: 0.1525634264504468}",110,0.14993111185821484,0.1,0.01,0.01
bostonHousing,fixnoiseFCN,32,0.0001,0.001,"{0: 0.5425563551209591, 10: 0.19097534384992387, 20: 0.17612000192389074, 30: 0.17118260352699843, 40: 0.16838282273139482, 50: 0.16549927446945215, 60: 0.16709158541979613, 70: 0.17029266789739517, 80: 0.17532538819460222}",50,0.16549927446945215,0.001,0.01,0.01
bostonHousing,fixnoiseFCN,32,0.0001,0.001,"{0: 0.5497082130592547, 10: 0.1854809542680964, 20: 0.16959015719684553, 30: 0.16769172961329235, 40: 0.16489969881964317, 50: 0.16223256518075496, 60: 0.1620760292550664, 70: 0.15657028316715618, 80: 0.16982136721964236, 90: 0.16434173271243954, 100: 0.16229637774788302}",70,0.15657028316715618,0.005,0.01,0.01
bostonHousing,fixnoiseFCN,32,0.0001,0.001,"{0: 0.5259009627648343, 10: 0.18502208235455148, 20: 0.1673574633068509, 30: 0.16178234819276835, 40: 0.15846235439365294, 50: 0.15664833112631313, 60: 0.15321228382764038, 70: 0.1614826280577683, 80: 0.1537052172753546, 90: 0.1544949730973185}",60,0.15321228382764038,0.01,0.01,0.01
bostonHousing,fixnoiseFCN,32,0.0001,0.001,"{0: 0.5663372886769567, 10: 0.1903434157923416, 20: 0.1737893404416096, 30: 0.1650889009237289, 40: 0.16385611998446195, 50: 0.1612580477823446, 60: 0.1617748459916056, 70: 0.16685901747809517, 80: 0.16391182310051386}",50,0.1612580477823446,0.05,0.01,0.01
bostonHousing,fixnoiseFCN,32,0.0001,0.001,"{0: 0.5756605940468518, 10: 0.1849949175192986, 20: 0.17461822286800102, 30: 0.17241383415681347, 40: 0.17266456959424198, 50: 0.16612882382339902, 60: 0.16096774146512702, 70: 0.15890791015124617, 80: 0.15858874383531973, 90: 0.15410275139190535, 100: 0.1679130184429663, 110: 0.14859568270636192, 120: 0.16508086791009077, 130: 0.15339983026554554, 140: 0.1530895479115439}",110,0.14859568270636192,0.1,0.01,0.01
bostonHousing,fixnoiseFCN,32,0.0001,0.002,"{0: 0.40321807096033924, 10: 0.17899444817024984, 20: 0.1664641528217881, 30: 0.1741208929338573, 40: 0.15729157242142122, 50: 0.17609396043383044, 60: 0.16076722093570378, 70: 0.16704004697593644}",40,0.15729157242142122,0.001,0.01,0.01
bostonHousing,fixnoiseFCN,32,0.0001,0.002,"{0: 0.4370896344567523, 10: 0.16970663867246957, 20: 0.16044080202226285, 30: 0.16361688360755824, 40: 0.1683933388303827, 50: 0.1604090930135162, 60: 0.15477361666199602, 70: 0.15651864065432253, 80: 0.15833947886655358, 90: 0.15181101943239755, 100: 0.15571821685190554, 110: 0.15041092170609366, 120: 0.14715082492725348, 130: 0.15479947431587876, 140: 0.1427070365275866, 150: 0.14504626330770093, 160: 0.14877911465771404, 170: 0.15378528485695522}",140,0.1427070365275866,0.005,0.01,0.01
bostonHousing,fixnoiseFCN,32,0.0001,0.002,"{0: 0.41717328105443785, 10: 0.18335551615850426, 20: 0.17724815597872676, 30: 0.16730235066310858, 40: 0.17752547705615007, 50: 0.17768595111958777, 60: 0.1644387079609765, 70: 0.1528601963946849, 80: 0.16062223046650123, 90: 0.15772796436960315, 100: 0.15072847487014016, 110: 0.15701340315518553, 120: 0.1555195517010159, 130: 0.15775322310718493}",100,0.15072847487014016,0.01,0.01,0.01
bostonHousing,fixnoiseFCN,32,0.0001,0.002,"{0: 0.44060038188357414, 10: 0.1755527711024991, 20: 0.1673020578460929, 30: 0.15212188657419184, 40: 0.15287566295376528, 50: 0.13838974244800614, 60: 0.1535874253989738, 70: 0.14285832945211435, 80: 0.14553686023494344}",50,0.13838974244800614,0.05,0.01,0.01
bostonHousing,fixnoiseFCN,32,0.0001,0.002,"{0: 0.42114480491037726, 10: 0.16427625270537388, 20: 0.1561721271202888, 30: 0.1605379632409708, 40: 0.14384347625352717, 50: 0.13772443856722044, 60: 0.14366562099736413, 70: 0.13800800389345783, 80: 0.15059397522314094}",50,0.13772443856722044,0.1,0.01,0.01
bostonHousing,fixnoiseFCN,32,1e-05,0.0001,"{0: 0.9467646993236778, 10: 0.5369272018288389, 20: 0.35153149101469255, 30: 0.2688928683598836, 40: 0.2412011240735466, 50: 0.2281691204250595, 60: 0.21879028705535114, 70: 0.21068566229976254, 80: 0.2042657384717906, 90: 0.19869420127368267, 100: 0.19404488570160333, 110: 0.19016300086621885, 120: 0.1868986943989624, 130: 0.1841243177652359, 140: 0.18169323507650398, 150: 0.17956081875312474, 160: 0.17762189485408642, 170: 0.17614882343713148, 180: 0.17477246579932576, 190: 0.17343268549000773, 200: 0.17228811201122068, 210: 0.17123678554723293, 220: 0.17028333493220954, 230: 0.16934360666775408, 240: 0.16827942269083893, 250: 0.1674368392906071, 260: 0.1665346317821079, 270: 0.16582234413535507, 280: 0.16511203076368497, 290: 0.1644498430652383, 300: 0.16373675770965623, 310: 0.1631576586284755, 320: 0.1626307246125775, 330: 0.16209866205851237, 340: 0.1615853131185343, 350: 0.16109508772691092, 360: 0.16062556749876636, 370: 0.16026774808580493, 380: 0.160036853618092, 390: 0.15975237595446315, 400: 0.15947781788346208, 410: 0.1591258677251545, 420: 0.15884308294381624, 430: 0.1586157657849936, 440: 0.158473852534353, 450: 0.15841354093065968, 460: 0.15848104999757107, 470: 0.15845387887071677, 480: 0.1584387747409903}",450,0.15841354093065968,0.001,0.01,0.01
bostonHousing,fixnoiseFCN,32,1e-05,0.0001,"{0: 0.9323300354274704, 10: 0.5235174758750716, 20: 0.3377740049251804, 30: 0.2723324651335493, 40: 0.24647444994361317, 50: 0.23092936549657656, 60: 0.21869057273423226, 70: 0.20915670280839188, 80: 0.20130614494835886, 90: 0.19501268893112372, 100: 0.1898943897014783, 110: 0.18586402461852555, 120: 0.18267100994233731, 130: 0.1802306381640611, 140: 0.17824272439803607, 150: 0.17667625380886925, 160: 0.17537465066085628, 170: 0.1742064181301329, 180: 0.17329608739158256, 190: 0.17251070108678607, 200: 0.17189593425503485, 210: 0.17138874070879856, 220: 0.17087548938062452, 230: 0.17065934248176623, 240: 0.17043239338162502, 250: 0.170021798066151, 260: 0.1696139212375806, 270: 0.16943295309205114, 280: 0.16939178879982159, 290: 0.168831520371231, 300: 0.16877344506390302, 310: 0.16839708108224988, 320: 0.1681741589381371, 330: 0.1676679530261475, 340: 0.167389405399193, 350: 0.16685491158270543, 360: 0.16622061400133886, 370: 0.16570531017618415, 380: 0.1654956089861599, 390: 0.16510603146420583, 400: 0.1649371278690703, 410: 0.16468479189975763, 420: 0.1643445778776098, 430: 0.16398854822288325, 440: 0.16392587392050545, 450: 0.16362035979091383, 460: 0.1631178140456294, 470: 0.1628089503925524, 480: 0.16247652726776807, 490: 0.1625135633128661, 500: 0.16229009197817906, 510: 0.16192583108757747, 520: 0.1616978450137892, 530: 0.1611209543766799, 540: 0.16138375453007076, 550: 0.16124980241796116, 560: 0.1610735343930162, 570: 0.16110270194433352, 580: 0.16062715312948933, 590: 0.16051891968574053, 600: 0.160681649601018, 610: 0.16071304237401043, 620: 0.16039141578438842, 630: 0.16031688736912647, 640: 0.16022706765819478, 650: 0.16028113622724277, 660: 0.15964282085130244, 670: 0.16006761794840846, 680: 0.159744395757163, 690: 0.15983966386612553}",660,0.15964282085130244,0.005,0.01,0.01
bostonHousing,fixnoiseFCN,32,1e-05,0.0001,"{0: 0.9691249444160933, 10: 0.5627655539615655, 20: 0.35838294781652497, 30: 0.2719066221956853, 40: 0.23964288242069295, 50: 0.223450871842143, 60: 0.21248071440208105, 70: 0.2038089516538161, 80: 0.19646495278970696, 90: 0.19092557575599647, 100: 0.18597959686576584, 110: 0.18172972393624576, 120: 0.1783270882235633, 130: 0.1753112816148334, 140: 0.17335863437181637, 150: 0.17127986717739221, 160: 0.169817120793425, 170: 0.16821083985728982, 180: 0.16715743175627273, 190: 0.16618527346923026, 200: 0.16525227572814918, 210: 0.16452573924152938, 220: 0.16387984371847578, 230: 0.16269910858001238, 240: 0.16216778986983826, 250: 0.16204658003500952, 260: 0.1615029322144426, 270: 0.16144694910373217, 280: 0.16061170042296985, 290: 0.1603054921384211, 300: 0.15990688776896325, 310: 0.15917831462474516, 320: 0.1589552950160003, 330: 0.15809221385437763, 340: 0.1575929551396841, 350: 0.1576030161645677, 360: 0.1579120698902342, 370: 0.1574992185757484, 380: 0.15710322093448523, 390: 0.15709143998446287, 400: 0.15712839124011405, 410: 0.15736738842578585, 420: 0.15657837229010502, 430: 0.15714247594644992, 440: 0.15720825165878108, 450: 0.15704627888806072}",420,0.15657837229010502,0.01,0.01,0.01
bostonHousing,fixnoiseFCN,32,1e-05,0.0001,"{0: 0.9271269227987453, 10: 0.529771990283036, 20: 0.3356843884160489, 30: 0.2598507409110481, 40: 0.23164996125815823, 50: 0.21605938168955435, 60: 0.2045433283220103, 70: 0.19560280039354608, 80: 0.18780833320853155, 90: 0.18292251387496053, 100: 0.17902165356977487, 110: 0.17519858547566847, 120: 0.17351539604089877, 130: 0.17378942420085272, 140: 0.1722189780186724, 150: 0.17177267438835567, 160: 0.1716836241292365, 170: 0.17164730153701924, 180: 0.17125302258832958, 190: 0.17214613170535478, 200: 0.1716374034866875, 210: 0.17195285459359488}",180,0.17125302258832958,0.05,0.01,0.01
bostonHousing,fixnoiseFCN,32,1e-05,0.0001,"{0: 0.9709308236469457, 10: 0.5690896707920381, 20: 0.3692721856045134, 30: 0.2783287454718425, 40: 0.2437039381927914, 50: 0.22767061592988025, 60: 0.214883436501762, 70: 0.2066866195680183, 80: 0.19870346777233078, 90: 0.19323461817370519, 100: 0.18898934341139265, 110: 0.18441542696069788, 120: 0.17941198155835825, 130: 0.17906341517781035, 140: 0.1756840020786097, 150: 0.1727125423925894, 160: 0.1726861759652326, 170: 0.170384724346208, 180: 0.16934299847961948, 190: 0.1667137594686614, 200: 0.1645874666211046, 210: 0.1655257620745235, 220: 0.1630723039125219, 230: 0.16161607877339848, 240: 0.1614906245911563, 250: 0.16044609110664437, 260: 0.15895997521318034, 270: 0.1595828422057776, 280: 0.16117613672474282, 290: 0.15556354048075502, 300: 0.15696545819073546, 310: 0.15615330756078533, 320: 0.15564831791468609}",290,0.15556354048075502,0.1,0.01,0.01
bostonHousing,fixnoiseFCN,32,1e-05,0.0005,"{0: 0.713163466769972, 10: 0.2242723230042575, 20: 0.18416490499620086, 30: 0.1703643673547992, 40: 0.16365371843179066, 50: 0.1602248775554292, 60: 0.15883522293081992, 70: 0.15862469801932205, 80: 0.16010912053379012, 90: 0.1621037655774458, 100: 0.16377368790132024}",70,0.15862469801932205,0.001,0.01,0.01
bostonHousing,fixnoiseFCN,32,1e-05,0.0005,"{0: 0.7728495176191683, 10: 0.2265854157599402, 20: 0.18687279274066287, 30: 0.17504975023093045, 40: 0.16916468934512432, 50: 0.16574849236158679, 60: 0.16309342961988332, 70: 0.1605664317438632, 80: 0.15838778029989312, 90: 0.1578668589761228, 100: 0.15749689392101618, 110: 0.15738606178834116, 120: 0.15758765707781283, 130: 0.1594577066692305, 140: 0.15913285903724622}",110,0.15738606178834116,0.005,0.01,0.01
bostonHousing,fixnoiseFCN,32,1e-05,0.0005,"{0: 0.7325825065742305, 10: 0.23617650936415163, 20: 0.19998960973303995, 30: 0.1865075381449711, 40: 0.18192529207394448, 50: 0.17959484654812166, 60: 0.1780390570929021, 70: 0.17703287307127022, 80: 0.17935394710964625, 90: 0.1784512323361856, 100: 0.17729098208156632}",70,0.17703287307127022,0.01,0.01,0.01
bostonHousing,fixnoiseFCN,32,1e-05,0.0005,"{0: 0.7377197871237626, 10: 0.22474831695909855, 20: 0.1898028682779383, 30: 0.17668777660087304, 40: 0.17325849132037457, 50: 0.17067891458670298, 60: 0.1740031932607109, 70: 0.1747811417520782, 80: 0.1756718656531087}",50,0.17067891458670298,0.05,0.01,0.01
bostonHousing,fixnoiseFCN,32,1e-05,0.0005,"{0: 0.7497065494089951, 10: 0.2355059778248822, 20: 0.20229029351914374, 30: 0.1950357237531815, 40: 0.19222519907318514, 50: 0.17691708885961108, 60: 0.1745399053817914, 70: 0.17553181030132153, 80: 0.1705817155448007, 90: 0.1686303347901062, 100: 0.1606947844595085, 110: 0.16458712109812984, 120: 0.1645454090686492, 130: 0.1576959659839854, 140: 0.15993520486869928, 150: 0.16382228058797338, 160: 0.16393404439275647}",130,0.1576959659839854,0.1,0.01,0.01
bostonHousing,fixnoiseFCN,32,1e-05,0.001,"{0: 0.5457481042102532, 10: 0.19775903046499063, 20: 0.18062475492924818, 30: 0.17532355825842164, 40: 0.17111686905960977, 50: 0.1705548754076899, 60: 0.16927753837756168, 70: 0.17017267769501535, 80: 0.17177773118019105, 90: 0.18422848427737198}",60,0.16927753837756168,0.001,0.01,0.01
bostonHousing,fixnoiseFCN,32,1e-05,0.001,"{0: 0.5443225079112582, 10: 0.1749902943402161, 20: 0.16306768379829545, 30: 0.1604259040620592, 40: 0.1584485446229393, 50: 0.15737116953105104, 60: 0.158407667113675, 70: 0.16694999121957355, 80: 0.1628535395419156}",50,0.15737116953105104,0.005,0.01,0.01
bostonHousing,fixnoiseFCN,32,1e-05,0.001,"{0: 0.5440606767012749, 10: 0.18106147501571682, 20: 0.16183684378126523, 30: 0.15662019926088827, 40: 0.15287235406813798, 50: 0.15180269017999554, 60: 0.15045562038818996, 70: 0.15078765117091897, 80: 0.15373426184610084, 90: 0.1565673468289552}",60,0.15045562038818996,0.01,0.01,0.01
bostonHousing,fixnoiseFCN,32,1e-05,0.001,"{0: 0.5239835584237251, 10: 0.19576393982142576, 20: 0.17683501486425043, 30: 0.17123944144925954, 40: 0.16690731363164052, 50: 0.16173172699816435, 60: 0.17287662754088273, 70: 0.17251266745137578, 80: 0.16909361638036774}",50,0.16173172699816435,0.05,0.01,0.01
bostonHousing,fixnoiseFCN,32,1e-05,0.001,"{0: 0.5419363901754956, 10: 0.20427498635318542, 20: 0.18389031566955422, 30: 0.1734143789535687, 40: 0.17084391898947, 50: 0.16509943254935888, 60: 0.16020355379139936, 70: 0.1638437459498276, 80: 0.15843678293404756, 90: 0.15140405643133467, 100: 0.15595050912212444, 110: 0.15083993125109024, 120: 0.14903166535091988, 130: 0.16039244609850425, 140: 0.15323826814139332, 150: 0.16323531170686087}",120,0.14903166535091988,0.1,0.01,0.01
bostonHousing,fixnoiseFCN,32,1e-05,0.002,"{0: 0.44244126942422657, 10: 0.16743069118187753, 20: 0.1543351376130257, 30: 0.15389734826706075, 40: 0.1449394245942434, 50: 0.15170676290620994, 60: 0.15533162977224516, 70: 0.15140030636095705}",40,0.1449394245942434,0.001,0.01,0.01
bostonHousing,fixnoiseFCN,32,1e-05,0.002,"{0: 0.459442189593374, 10: 0.1861145901459235, 20: 0.1767814653155244, 30: 0.18154863593754947, 40: 0.17189693649609883, 50: 0.16712153962364903, 60: 0.17723354792889254, 70: 0.15268927727952414, 80: 0.16971352234666728, 90: 0.1567610266951867, 100: 0.15419650109093866}",70,0.15268927727952414,0.005,0.01,0.01
bostonHousing,fixnoiseFCN,32,1e-05,0.002,"{0: 0.4243353387087952, 10: 0.16708625404187188, 20: 0.1554552303420173, 30: 0.16562311358657883, 40: 0.1700584132362295, 50: 0.1603322172974363}",20,0.1554552303420173,0.01,0.01,0.01
bostonHousing,fixnoiseFCN,32,1e-05,0.002,"{0: 0.4279657976494895, 10: 0.17857328664373467, 20: 0.16811515203228705, 30: 0.16153061932619708, 40: 0.15427077736383604, 50: 0.156670167674253, 60: 0.16855361485554848, 70: 0.15911884429278197}",40,0.15427077736383604,0.05,0.01,0.01
bostonHousing,fixnoiseFCN,32,1e-05,0.002,"{0: 0.4527214795718958, 10: 0.17755301348221156, 20: 0.16506122048990227, 30: 0.16256690591941642, 40: 0.1624253882670108, 50: 0.181623412631912, 60: 0.1671733621093962, 70: 0.1585526669466937, 80: 0.16391192801572657, 90: 0.1610268648759818, 100: 0.16727113129548082}",70,0.1585526669466937,0.1,0.01,0.01
bostonHousing,fixnoiseFCN,32,1e-09,0.0001,"{0: 0.9638243290377252, 10: 0.5392844634291566, 20: 0.3510775370546329, 30: 0.2687744414548815, 40: 0.2365269616798118, 50: 0.2208653140399191, 60: 0.2100693119344888, 70: 0.20127138083363755, 80: 0.19398095272941354, 90: 0.18819198608398438, 100: 0.18328202697965834, 110: 0.17945944819553397, 120: 0.17621064140104953, 130: 0.17389076777078488, 140: 0.1719527147250411, 150: 0.17024471233656374, 160: 0.16897178765064405, 170: 0.1678334320217003, 180: 0.16665895200437972, 190: 0.16576119876570172, 200: 0.16494486138776498, 210: 0.16425579335586524, 220: 0.16369066013966077, 230: 0.16343115542405917, 240: 0.16297278584521496, 250: 0.16245072311089365, 260: 0.1619652490924906, 270: 0.16149687590422454, 280: 0.16111599883915467, 290: 0.16077330886949728, 300: 0.16034542049890682, 310: 0.15999772594666775, 320: 0.15970562790279036, 330: 0.1594044938499545, 340: 0.15912871612810797, 350: 0.15875819903097038, 360: 0.15850488170061583, 370: 0.15815499625456184, 380: 0.1578868067007006, 390: 0.1576440512030213, 400: 0.15734205157668504, 410: 0.1571452627211441, 420: 0.15692851975744154, 430: 0.15669430547658308, 440: 0.15642162005842467, 450: 0.1560865083042486, 460: 0.15595036662287182, 470: 0.15567658766184325, 480: 0.15547273490164015, 490: 0.15531229443020292, 500: 0.15509773157996895, 510: 0.15480355165990783, 520: 0.1545606158765746, 530: 0.15423015072757815, 540: 0.15405004931452831, 550: 0.15388393930079025, 560: 0.1535336720170798, 570: 0.15348835822976664, 580: 0.15326086418864165, 590: 0.15302798882310772, 600: 0.15308232268801442, 610: 0.15298154819526794, 620: 0.1526474745737182, 630: 0.15259865301626702, 640: 0.15258318316421388, 650: 0.1522953788071503, 660: 0.15232045396610544, 670: 0.1523063686158922, 680: 0.15207736917116024, 690: 0.15190260042378934, 700: 0.1519710878531138, 710: 0.15176650243408887, 720: 0.151730088374497, 730: 0.15183843931666127, 740: 0.15148429256162527, 750: 0.15137051262973267, 760: 0.1513551851297602, 770: 0.1514260523849063, 780: 0.15158498897964573, 790: 0.15100653427250593, 800: 0.15129557610661895, 810: 0.15098313529182364, 820: 0.15113294176113462, 830: 0.1511453773872352, 840: 0.15124218357198033}",810,0.15098313529182364,0.001,0.01,0.01
bostonHousing,fixnoiseFCN,32,1e-09,0.0001,"{0: 0.9864607176662963, 10: 0.5217903469079805, 20: 0.33040658173001847, 30: 0.257408464046908, 40: 0.23059774512126124, 50: 0.21736684255761865, 60: 0.20795161545644572, 70: 0.20039014179765444, 80: 0.1943374679780301, 90: 0.18985478885379842, 100: 0.18630821134573144, 110: 0.18353309616630462, 120: 0.18121646565419655, 130: 0.17964283021879784, 140: 0.17826285513094914, 150: 0.17733611004588043, 160: 0.17648784930323375, 170: 0.1760715256134669, 180: 0.1758311594342008, 190: 0.17551738638200878, 200: 0.17547506907103977, 210: 0.175310625411846, 220: 0.1751889286217866, 230: 0.17504776789818277, 240: 0.17510455876220893, 250: 0.17495706261676036, 260: 0.1750139500623868, 270: 0.17514195331820737, 280: 0.17509071083716404}",250,0.17495706261676036,0.005,0.01,0.01
bostonHousing,fixnoiseFCN,32,1e-09,0.0001,"{0: 0.9381251558109567, 10: 0.5326095787831294, 20: 0.34872468575651266, 30: 0.27639850595115145, 40: 0.24938188322164398, 50: 0.23414305441173505, 60: 0.2231074642436004, 70: 0.21458272483245827, 80: 0.2077544523426044, 90: 0.20258576538827686, 100: 0.1984296253433934, 110: 0.19488324217590286, 120: 0.19259398296291447, 130: 0.19082837240931427, 140: 0.18960537792723856, 150: 0.1883213016721937, 160: 0.18754444276845011, 170: 0.18672176308837937, 180: 0.18620417541191903, 190: 0.18554988933934108, 200: 0.18519805504216086, 210: 0.18485909269915687, 220: 0.18429373373955854, 230: 0.18389549391505158, 240: 0.18353780419738203, 250: 0.18291348443355088, 260: 0.18283299906754197, 270: 0.1827167938520879, 280: 0.18258138368895022, 290: 0.18217844698164198, 300: 0.18201105646145196, 310: 0.18220677784195655, 320: 0.1820012663985476, 330: 0.18201438659503139, 340: 0.18130509949024812, 350: 0.18108558169117678, 360: 0.18116782105263368, 370: 0.180952462370013, 380: 0.18043381770451866, 390: 0.1804312342846835, 400: 0.1798989953082285, 410: 0.18021898192388042, 420: 0.17942525336035972, 430: 0.17918329849655246, 440: 0.1787768425029001, 450: 0.1787633565105038, 460: 0.17798830605583427, 470: 0.17848943188602542, 480: 0.1776775276955263, 490: 0.1776338114414686, 500: 0.1775013698103987, 510: 0.17759271782857403, 520: 0.17764201344531258, 530: 0.17753834970939303}",500,0.1775013698103987,0.01,0.01,0.01
bostonHousing,fixnoiseFCN,32,1e-09,0.0001,"{0: 0.9594848185409734, 10: 0.564012562032835, 20: 0.36502911374892716, 30: 0.2766703253175006, 40: 0.24064851658947678, 50: 0.2231363856130176, 60: 0.21207374823682104, 70: 0.20346500777903898, 80: 0.19722136827530684, 90: 0.19204124098206743, 100: 0.1880391506317221, 110: 0.18619036091330612, 120: 0.18388642343106093, 130: 0.18224099933365245, 140: 0.18027337885197298, 150: 0.17940838815253457, 160: 0.1771334641877516, 170: 0.17754054286597687, 180: 0.1774311121231244, 190: 0.1759345841996464, 200: 0.17579834034413463, 210: 0.17527728224242176, 220: 0.17457845582638254, 230: 0.17350895404815675, 240: 0.17263735378230058, 250: 0.17058119428010635, 260: 0.1705432958441016, 270: 0.1696529542590365, 280: 0.1717345853830561, 290: 0.17005673965186247, 300: 0.16990134793299214}",270,0.1696529542590365,0.05,0.01,0.01
bostonHousing,fixnoiseFCN,32,1e-09,0.0001,"{0: 0.9162463557573013, 10: 0.5289764104434002, 20: 0.3507649585052773, 30: 0.2726088799444245, 40: 0.24026536764921969, 50: 0.22310068360817287, 60: 0.21227639661526973, 70: 0.20363116069340412, 80: 0.19735216158039776, 90: 0.19226112319731417, 100: 0.18858812524948593, 110: 0.18575660985561065, 120: 0.1820175400854629, 130: 0.18006316607381093, 140: 0.178867317110668, 150: 0.17670259378206582, 160: 0.17460076540340613, 170: 0.1751953991842859, 180: 0.17418545013592568, 190: 0.1738782072508777, 200: 0.17520719788692612, 210: 0.1723182762478605, 220: 0.17257893276803288, 230: 0.17203832901554345, 240: 0.1708793008217105, 250: 0.17033454339813303, 260: 0.1700260651148396, 270: 0.16923430832447828, 280: 0.17014867959567057, 290: 0.16942937651902068, 300: 0.16852183170892573, 310: 0.16826048955137346, 320: 0.17119673126273685, 330: 0.16858054368216316, 340: 0.1673957567707992, 350: 0.16869676300772912, 360: 0.1694438936901681, 370: 0.1694278934671555}",340,0.1673957567707992,0.1,0.01,0.01
bostonHousing,fixnoiseFCN,32,1e-09,0.0005,"{0: 0.7265784100985822, 10: 0.22289172212282815, 20: 0.1835200368254273, 30: 0.16852346706537555, 40: 0.1625684075149489, 50: 0.16060600093117466, 60: 0.15977288396270187, 70: 0.1592849435629668, 80: 0.15906225946950323, 90: 0.15885026554266612, 100: 0.15834714957961332, 110: 0.15875401062729919, 120: 0.15897398940574975, 130: 0.159474014831178}",100,0.15834714957961332,0.001,0.01,0.01
bostonHousing,fixnoiseFCN,32,1e-09,0.0005,"{0: 0.7031825065244863, 10: 0.2127944564561785, 20: 0.18049287258842844, 30: 0.17027448263065315, 40: 0.16527498217276587, 50: 0.16261557680957112, 60: 0.16053140334509036, 70: 0.1596394661767983, 80: 0.15713182564502878, 90: 0.15558211227625976, 100: 0.1562620215577844, 110: 0.15517862564251747, 120: 0.15321603395320751, 130: 0.15212466610066686, 140: 0.15487774433913054, 150: 0.15627826722683733, 160: 0.1541497595516252}",130,0.15212466610066686,0.005,0.01,0.01
bostonHousing,fixnoiseFCN,32,1e-09,0.0005,"{0: 0.7418008154189145, 10: 0.2320566501514411, 20: 0.19055661858967793, 30: 0.17269765839532572, 40: 0.1666858744474105, 50: 0.16462175761475975, 60: 0.1628390214693399, 70: 0.163090999626819, 80: 0.16141510223164968, 90: 0.16237317779917776, 100: 0.16261612618411028, 110: 0.164018131001496}",80,0.16141510223164968,0.01,0.01,0.01
bostonHousing,fixnoiseFCN,32,1e-09,0.0005,"{0: 0.7214613741930619, 10: 0.23296084199790604, 20: 0.19228148390481503, 30: 0.1780805633207898, 40: 0.17340625211780453, 50: 0.1663091669847936, 60: 0.1661961242004677, 70: 0.16302027996675467, 80: 0.15944500238071252, 90: 0.15849635299341178, 100: 0.15464723507563272, 110: 0.1500376714416492, 120: 0.14871322569655782, 130: 0.1582443791407126, 140: 0.16183555582423267, 150: 0.15293809403607878}",120,0.14871322569655782,0.05,0.01,0.01
bostonHousing,fixnoiseFCN,32,1e-09,0.0005,"{0: 0.7169313231000193, 10: 0.2209309591555301, 20: 0.18398387134075164, 30: 0.17178413295819434, 40: 0.16530279195235098, 50: 0.1668272235143332, 60: 0.162902988622218, 70: 0.16148473763907395, 80: 0.169360026680393, 90: 0.15686604943540358, 100: 0.1618346929550171, 110: 0.15377573915469794, 120: 0.149958745546547, 130: 0.14913514720069038, 140: 0.15067012825129947, 150: 0.1515730591099939, 160: 0.15406402584947182}",130,0.14913514720069038,0.1,0.01,0.01
bostonHousing,fixnoiseFCN,32,1e-09,0.001,"{0: 0.5418889001747708, 10: 0.18803333205941283, 20: 0.1722928908504086, 30: 0.1675311024174278, 40: 0.1647347671382221, 50: 0.16771978434221244, 60: 0.1648673925502801, 70: 0.16076135951795695, 80: 0.16074342635678654, 90: 0.16529262873493594, 100: 0.1708959796914348, 110: 0.1635755647847682}",80,0.16074342635678654,0.001,0.01,0.01
bostonHousing,fixnoiseFCN,32,1e-09,0.001,"{0: 0.55608334556038, 10: 0.18942045895037826, 20: 0.17176283027654812, 30: 0.164840974299996, 40: 0.1606389903359943, 50: 0.16018421706962, 60: 0.16097913286936136, 70: 0.15647503880806912, 80: 0.16913718619832288, 90: 0.15785767976884488, 100: 0.1865839144881861}",70,0.15647503880806912,0.005,0.01,0.01
bostonHousing,fixnoiseFCN,32,1e-09,0.001,"{0: 0.5684876999369374, 10: 0.1956671820010668, 20: 0.1836449647023354, 30: 0.17987609770562912, 40: 0.1784949994381563, 50: 0.17723406858650254, 60: 0.17812384484726704, 70: 0.18222092459967104, 80: 0.18777928562076004}",50,0.17723406858650254,0.01,0.01,0.01
bostonHousing,fixnoiseFCN,32,1e-09,0.001,"{0: 0.6088524627832719, 10: 0.186768656803502, 20: 0.17214943516401598, 30: 0.17302933563420803, 40: 0.16763819169115138, 50: 0.16915106405446562, 60: 0.16577756541010774, 70: 0.16925987351087876, 80: 0.1628794434261911, 90: 0.1710463970899582, 100: 0.1662403850643723, 110: 0.17078129730106872}",80,0.1628794434261911,0.05,0.01,0.01
bostonHousing,fixnoiseFCN,32,1e-09,0.001,"{0: 0.5945004687817009, 10: 0.18636443863312402, 20: 0.17880008835115552, 30: 0.1653451371524069, 40: 0.15658471624792356, 50: 0.156864098266319, 60: 0.15716502775012714, 70: 0.15180987298120688, 80: 0.153439303625513, 90: 0.14857064174649157, 100: 0.14654032633996303, 110: 0.15135264030577225, 120: 0.15531093469004573, 130: 0.1576168166450512}",100,0.14654032633996303,0.1,0.01,0.01
bostonHousing,fixnoiseFCN,32,1e-09,0.002,"{0: 0.4573230758677294, 10: 0.18264209926128389, 20: 0.16796096132861243, 30: 0.1607777068092499, 40: 0.16370941010522255, 50: 0.16179039548208685, 60: 0.16330819518109901}",30,0.1607777068092499,0.001,0.01,0.01
bostonHousing,fixnoiseFCN,32,1e-09,0.002,"{0: 0.4230729148343757, 10: 0.17713988392073432, 20: 0.1691246312709502, 30: 0.16735786026642646, 40: 0.16607457101345063, 50: 0.16767696184508596, 60: 0.16070820906279998, 70: 0.16580373118689035, 80: 0.15784179286824332, 90: 0.15966733537706326, 100: 0.15077873595334865, 110: 0.1764429368722586, 120: 0.15641374823487833, 130: 0.16194437271282996}",100,0.15077873595334865,0.005,0.01,0.01
bostonHousing,fixnoiseFCN,32,1e-09,0.002,"{0: 0.4263148800090507, 10: 0.17009589624257734, 20: 0.16030299527409636, 30: 0.16476469290109327, 40: 0.15967890441785623, 50: 0.16687761799052908, 60: 0.1625954625415213, 70: 0.16812180332195611}",40,0.15967890441785623,0.01,0.01,0.01
bostonHousing,fixnoiseFCN,32,1e-09,0.002,"{0: 0.41001723441812726, 10: 0.17276530155429132, 20: 0.15802851990785127, 30: 0.15802785176553844, 40: 0.1517145954532388, 50: 0.1482879634808611, 60: 0.14863574308009794, 70: 0.14267979933891767, 80: 0.1543253356107959, 90: 0.14816599609675232, 100: 0.14004278734878256, 110: 0.14323458441613635, 120: 0.14432165381717094, 130: 0.1572277496074453}",100,0.14004278734878256,0.05,0.01,0.01
bostonHousing,fixnoiseFCN,32,1e-09,0.002,"{0: 0.47120594242472713, 10: 0.18424016018340617, 20: 0.16678534860228317, 30: 0.16283708510943398, 40: 0.16839980170314695, 50: 0.14915519761450496, 60: 0.1562939954024774, 70: 0.1674424192235794, 80: 0.1522535981035527}",50,0.14915519761450496,0.1,0.01,0.01
bostonHousing,dropoutFCN,32,0.1,0.0001,"{0: 0.9796479341424542, 10: 0.6680956066022684, 20: 0.49845941118252124, 30: 0.40618940411526483, 40: 0.3492267553453092, 50: 0.3148444651821513, 60: 0.29358560240563053, 70: 0.2784843740087969, 80: 0.2689467979250131, 90: 0.26226000397661586, 100: 0.25623707809933916, 110: 0.25233023878600863, 120: 0.2490159976813528, 130: 0.24594692628324766, 140: 0.24043402528321298, 150: 0.23921699371234867, 160: 0.2357262713673674, 170: 0.23297505704341112, 180: 0.2306360225986551, 190: 0.23004972336836804, 200: 0.2269775343713937, 210: 0.22620730722024115, 220: 0.22590520871274267, 230: 0.22571043970040333, 240: 0.22406051173622227, 250: 0.22077929263497578, 260: 0.2203549298423308, 270: 0.22050753285487495, 280: 0.21884023729297847, 290: 0.21792103272897229, 300: 0.21844711485836243, 310: 0.21757136031433388, 320: 0.21713738842510882, 330: 0.21711767788654496, 340: 0.21628812580932805, 350: 0.21647290015294227, 360: 0.21573803621677703, 370: 0.2161446605015684, 380: 0.21530553273580694, 390: 0.21515219564791083, 400: 0.21523396131801015, 410: 0.21462893351728535, 420: 0.21606096687876147, 430: 0.21570530160341733, 440: 0.21605247643626768}",410,0.21462893351728535,0.1,0.01,0.2
bostonHousing,dropoutFCN,32,0.1,0.0001,"{0: 0.9507094273596634, 10: 0.6535225499927263, 20: 0.4886012786516437, 30: 0.39582390045678173, 40: 0.34002401569375285, 50: 0.30520673059386966, 60: 0.28480857912405033, 70: 0.27056164461889387, 80: 0.26011522783909313, 90: 0.2535616781608558, 100: 0.24694119112359153, 110: 0.2422661315695739, 120: 0.23877511497265025, 130: 0.2352931805046988, 140: 0.23318995711980045, 150: 0.22947445960692417, 160: 0.227029896536727, 170: 0.2256663566938153, 180: 0.22408978620797032, 190: 0.22205188346129873, 200: 0.2200529083793546, 210: 0.2204380003206524, 220: 0.21913313711131063, 230: 0.21836433743621092, 240: 0.21759364912171422, 250: 0.21629660006290602, 260: 0.21624019501017938, 270: 0.21534737131477874, 280: 0.21466512488730158, 290: 0.21550474989193455, 300: 0.21516781504507415, 310: 0.21518237783952995}",280,0.21466512488730158,0.1,0.01,0.1
bostonHousing,dropoutFCN,32,0.1,0.0001,"{0: 0.9602219259297406, 10: 0.6519825258740672, 20: 0.4775383207165165, 30: 0.3784860232913936, 40: 0.3225676262084349, 50: 0.2924106213781569, 60: 0.2738881028912685, 70: 0.26318439653626197, 80: 0.2552261351067343, 90: 0.248826946778062, 100: 0.24318845154326638, 110: 0.2392424597048465, 120: 0.2350833308549575, 130: 0.23103286311214352, 140: 0.22852690516062726, 150: 0.22576198007589504, 160: 0.22377231065873748, 170: 0.22137831576444483, 180: 0.22040059329183012, 190: 0.21905714576994934, 200: 0.21650729370705876, 210: 0.2156248375221535, 220: 0.2152229650888914, 230: 0.21429783832511787, 240: 0.2137569843986888, 250: 0.21353233958835954, 260: 0.21253859717168924, 270: 0.2124205203703892, 280: 0.21171458391127765, 290: 0.21119987037446766, 300: 0.21147832351702228, 310: 0.21088467089482296, 320: 0.2114700808569237, 330: 0.21017720515345348, 340: 0.2102700485675423, 350: 0.2089968674528746, 360: 0.20917111283835071, 370: 0.2102079064205841, 380: 0.20889159245991412, 390: 0.20890290766586492, 400: 0.20940288283206798, 410: 0.2099528127430398}",380,0.20889159245991412,0.1,0.01,0.05
bostonHousing,dropoutFCN,32,0.1,0.0001,"{0: 0.9517962621317968, 10: 0.6088133387359573, 20: 0.4444645429650943, 30: 0.36195936983014326, 40: 0.3161953708087956, 50: 0.29025505643199995, 60: 0.2748871827199135, 70: 0.26436932070387736, 80: 0.2563455529235027, 90: 0.24977351243113297, 100: 0.24425135133443057, 110: 0.2391895795677915, 120: 0.23478464193550158, 130: 0.23112464355833734, 140: 0.22774896358634217, 150: 0.2251000761617849, 160: 0.22227321296562383, 170: 0.21976439492937958, 180: 0.21824166189741206, 190: 0.21676333717725896, 200: 0.21560898769049, 210: 0.21439598162233095, 220: 0.21399853586414713, 230: 0.2131098981808733, 240: 0.21233087614362622, 250: 0.21201489269733428, 260: 0.21170832860616992, 270: 0.21184639886573509, 280: 0.21101249480321088, 290: 0.21074384875871516, 300: 0.2107421986298797, 310: 0.21041800834146546, 320: 0.21005726147581028, 330: 0.20997215982204603, 340: 0.20958018545751217, 350: 0.20947536182256393, 360: 0.20931923578918715, 370: 0.2094147300462664, 380: 0.2091967836574272, 390: 0.20907540095073207, 400: 0.20881383124692937, 410: 0.2085014851188954, 420: 0.20880496157908146, 430: 0.20821476639420897, 440: 0.20832203411393696, 450: 0.20841376614055512, 460: 0.20829299888861033}",430,0.20821476639420897,0.1,0.01,0.01
bostonHousing,dropoutFCN,32,0.1,0.0001,"{0: 0.9770982576741112, 10: 0.6326359730811767, 20: 0.45563137934163767, 30: 0.36535590515460503, 40: 0.3140683839166606, 50: 0.2841481507744318, 60: 0.2670259751655437, 70: 0.2566562388230253, 80: 0.24921107715294685, 90: 0.24393620288666384, 100: 0.23931668544257131, 110: 0.23566936922294124, 120: 0.23209083109726142, 130: 0.2294939834210608, 140: 0.22765790339973235, 150: 0.2255966411880505, 160: 0.22400120206085253, 170: 0.22243106830635187, 180: 0.22138341315734533, 190: 0.22012479110264485, 200: 0.219529598068308, 210: 0.21867779936687443, 220: 0.21771215715526063, 230: 0.2170054064488705, 240: 0.21621279067095417, 250: 0.2159440423787376, 260: 0.2152602483093003, 270: 0.21500569072402556, 280: 0.21461243167703534, 290: 0.21467843613138907, 300: 0.2144040399863396, 310: 0.21385581966167613, 320: 0.21405327929022872, 330: 0.21382094467127763, 340: 0.2136345398462849, 350: 0.213475344983148, 360: 0.21325044019354716, 370: 0.21315860950652463, 380: 0.21323912546590523, 390: 0.21274808045522664, 400: 0.212812003566895, 410: 0.21285433758188174, 420: 0.21268682146881837, 430: 0.2120371746796149, 440: 0.212130265434583, 450: 0.21192224596017675, 460: 0.21185126490431067, 470: 0.21154921227767143, 480: 0.21163000885719133, 490: 0.21145484267193596, 500: 0.2114616197200469, 510: 0.21107204714675007, 520: 0.21086450938457327, 530: 0.2108970546612033, 540: 0.21056561620883, 550: 0.21070219795277087, 560: 0.2105795435147521, 570: 0.21028236150741578, 580: 0.21046229593547774, 590: 0.21041822841873875, 600: 0.21017893525185408, 610: 0.20980189659713228, 620: 0.2096782833153819, 630: 0.20977954617988917, 640: 0.20983609851495716, 650: 0.20972312887509664}",620,0.2096782833153819,0.1,0.01,0.005
bostonHousing,dropoutFCN,32,0.1,0.0001,"{0: 0.9499244980606031, 10: 0.620974358106837, 20: 0.45226732930283486, 30: 0.36289161635033873, 40: 0.31471474275544836, 50: 0.28736987356786375, 60: 0.27027607184869273, 70: 0.25913202300851734, 80: 0.25114689918211947, 90: 0.24438152184456957, 100: 0.23929244263304605, 110: 0.23499720790136003, 120: 0.23153306426089487, 130: 0.22848171096893005, 140: 0.22589084487638358, 150: 0.22367787333550276, 160: 0.2219390851847919, 170: 0.22030396937956045, 180: 0.21885679557367607, 190: 0.21775261796550988, 200: 0.21687826830663798, 210: 0.21587715171001576, 220: 0.2150095382038458, 230: 0.2145503167017006, 240: 0.21384988570654834, 250: 0.21350749569174682, 260: 0.21303116853958298, 270: 0.21260203323614452, 280: 0.2122116534062374, 290: 0.21213329783928248, 300: 0.211746617011082, 310: 0.21156332910428813, 320: 0.21122337379205375, 330: 0.2110389597438, 340: 0.21079294398243045, 350: 0.21071914894345367, 360: 0.21047148835143922, 370: 0.21036403403605944, 380: 0.2101838567742595, 390: 0.21012614540479801, 400: 0.2099796531744945, 410: 0.2097977531360991, 420: 0.2097382180116795, 430: 0.2096470188027547, 440: 0.20932385582982754, 450: 0.2091722187804587, 460: 0.20924408925168309, 470: 0.20908126803459942, 480: 0.20899139072424097, 490: 0.20882468144466845, 500: 0.2089173663729503, 510: 0.20868445699229649, 520: 0.20871159894230926, 530: 0.20852998967891861, 540: 0.20856011859428736, 550: 0.20840295429950878, 560: 0.2082980619168576, 570: 0.2081739068215276, 580: 0.20818088707732568, 590: 0.20818833136632117, 600: 0.2081464243339904, 610: 0.20813149300254424, 620: 0.2080314236106696, 630: 0.20793069446528398, 640: 0.20794950087129332, 650: 0.20793500831465658, 660: 0.20803808525756556}",630,0.20793069446528398,0.1,0.01,0.001
bostonHousing,dropoutFCN,32,0.1,0.0005,"{0: 0.8069810922499057, 10: 0.3037371754830266, 20: 0.25398933267519797, 30: 0.2375476901178007, 40: 0.22904266689294647, 50: 0.2242392152915766, 60: 0.2202030779218968, 70: 0.2199648808182022, 80: 0.21904145326511362, 90: 0.2174717644114553, 100: 0.21559919023219448, 110: 0.21404367937349975, 120: 0.21363413339411771, 130: 0.2143239204346398, 140: 0.21210261752576004, 150: 0.2139491805507813, 160: 0.21215785589115116, 170: 0.21397896006151482}",140,0.21210261752576004,0.1,0.01,0.2
bostonHousing,dropoutFCN,32,0.1,0.0005,"{0: 0.8102931242666127, 10: 0.27959172423974965, 20: 0.2369268354626349, 30: 0.22377751843060975, 40: 0.21571554125827036, 50: 0.21491562852888935, 60: 0.21372488981779708, 70: 0.2133025919581637, 80: 0.20817408793502384, 90: 0.2100120002104912, 100: 0.2090148387131868, 110: 0.2083240846976822}",80,0.20817408793502384,0.1,0.01,0.1
bostonHousing,dropoutFCN,32,0.1,0.0005,"{0: 0.7991657409403059, 10: 0.28630059333863084, 20: 0.2442904434822224, 30: 0.22946007639905552, 40: 0.22247299921733363, 50: 0.21706868354920988, 60: 0.21493019728380958, 70: 0.21456136755001393, 80: 0.21442639781737033, 90: 0.21176092670655544, 100: 0.21235622612782468, 110: 0.21151422252993526, 120: 0.2091661070967898, 130: 0.20922083834439148, 140: 0.21030951423777475, 150: 0.21116356027347066}",120,0.2091661070967898,0.1,0.01,0.05
bostonHousing,dropoutFCN,32,0.1,0.0005,"{0: 0.7543080539615066, 10: 0.2637443510102637, 20: 0.2307993444763584, 30: 0.21812544610397316, 40: 0.21254916321716194, 50: 0.21015757204573832, 60: 0.20983616558857907, 70: 0.2094666266698896, 80: 0.20791633671816484, 90: 0.20817819320493275, 100: 0.20874571301686912, 110: 0.20774208213444106, 120: 0.20732349039595804, 130: 0.20817657177462986, 140: 0.2075207225886392, 150: 0.20789503464360296}",120,0.20732349039595804,0.1,0.01,0.01
bostonHousing,dropoutFCN,32,0.1,0.0005,"{0: 0.8477164427439371, 10: 0.29200582782059537, 20: 0.24540195275603988, 30: 0.2278006904287103, 40: 0.21919577721460365, 50: 0.21576394227183898, 60: 0.21359727868327388, 70: 0.21297820447771637, 80: 0.21203524777550756, 90: 0.2119014493293232, 100: 0.21119008752298943, 110: 0.20969137152036027, 120: 0.2098198280106356, 130: 0.20942699005942284, 140: 0.20992878668102216, 150: 0.20890443291929034, 160: 0.20901191677944161, 170: 0.20897225761487165, 180: 0.20920001191121562}",150,0.20890443291929034,0.1,0.01,0.005
bostonHousing,dropoutFCN,32,0.1,0.0005,"{0: 0.7744000355034699, 10: 0.2889032136326955, 20: 0.2451599595907294, 30: 0.22947572164329486, 40: 0.22160976519923153, 50: 0.2179337093859543, 60: 0.21607673399978217, 70: 0.21489785022941638, 80: 0.21361305137843262, 90: 0.21355385153013984, 100: 0.21342600561954356, 110: 0.21278132595765736, 120: 0.21246111676280882, 130: 0.21210318426659075, 140: 0.2118079465848428, 150: 0.21180068018995685, 160: 0.21113960415492822, 170: 0.21120625246822095, 180: 0.21101706191713426, 190: 0.21094132155915837, 200: 0.2111586891022729, 210: 0.21069884708634126, 220: 0.21072634666422269, 230: 0.21020005972665032, 240: 0.2105442836696719, 250: 0.21035652421874765, 260: 0.21010481897327632, 270: 0.21042233032208904, 280: 0.21035890805500523, 290: 0.2103390255276068}",260,0.21010481897327632,0.1,0.01,0.001
bostonHousing,dropoutFCN,32,0.1,0.001,"{0: 0.6940836527833233, 10: 0.2589597655299269, 20: 0.23482752648400673, 30: 0.22258115613166196, 40: 0.22199693763697592, 50: 0.22021752307076511, 60: 0.21954820842286688, 70: 0.21541032016645242, 80: 0.2112856110120997, 90: 0.21604948860627635, 100: 0.22013951471926255, 110: 0.21300751787644848}",80,0.2112856110120997,0.1,0.01,0.2
bostonHousing,dropoutFCN,32,0.1,0.001,"{0: 0.6469108580439179, 10: 0.24209557786399935, 20: 0.22008061780605787, 30: 0.2148289346768532, 40: 0.21421637538774513, 50: 0.21410499903154964, 60: 0.21111327952440875, 70: 0.2119551596450217, 80: 0.2103742986181636, 90: 0.2073920839546639, 100: 0.21024717305913382, 110: 0.21049177596966423, 120: 0.21099447906017305}",90,0.2073920839546639,0.1,0.01,0.1
bostonHousing,dropoutFCN,32,0.1,0.001,"{0: 0.6153350366486443, 10: 0.24448999624561382, 20: 0.22130335365180617, 30: 0.21299776181026742, 40: 0.2110083509006618, 50: 0.21005922401392904, 60: 0.2071922039728106, 70: 0.21025093882172197, 80: 0.20855538637181859, 90: 0.21020519382055897}",60,0.2071922039728106,0.1,0.01,0.05
bostonHousing,dropoutFCN,32,0.1,0.001,"{0: 0.6297236168458138, 10: 0.23276969398613329, 20: 0.2151047674594102, 30: 0.21300298573426257, 40: 0.21005945893717398, 50: 0.20942206688133286, 60: 0.20797110275353914, 70: 0.20783540194417222, 80: 0.20770186482020367, 90: 0.20799571555337787, 100: 0.20706566206099075, 110: 0.20849221479377628, 120: 0.20719477869110342, 130: 0.20837784792170116}",100,0.20706566206099075,0.1,0.01,0.01
bostonHousing,dropoutFCN,32,0.1,0.001,"{0: 0.6380138433273927, 10: 0.24508290450882025, 20: 0.2222843986234547, 30: 0.21376538225162173, 40: 0.2116476873188843, 50: 0.20962443715996212, 60: 0.20879970152436952, 70: 0.2077446280438223, 80: 0.20842246843708886, 90: 0.2077685331488833, 100: 0.20700437995018786, 110: 0.20684591007453426, 120: 0.20795062088672026, 130: 0.20787083582009797, 140: 0.20760734806090225}",110,0.20684591007453426,0.1,0.01,0.005
bostonHousing,dropoutFCN,32,0.1,0.001,"{0: 0.630962152650327, 10: 0.22937925312622093, 20: 0.21461595672148248, 30: 0.21280706927732185, 40: 0.2114970078622853, 50: 0.21100662420561284, 60: 0.21034982656991041, 70: 0.21014571016953315, 80: 0.20955780264404084, 90: 0.2093032387855612, 100: 0.2090237162363382, 110: 0.2085985725860537, 120: 0.2088679262885341, 130: 0.20838362613209976, 140: 0.20846490493895095, 150: 0.2084182881094791, 160: 0.20858126380193384}",130,0.20838362613209976,0.1,0.01,0.001
bostonHousing,dropoutFCN,32,0.1,0.002,"{0: 0.4797993372987818, 10: 0.23178087020361865, 20: 0.21633188604940604, 30: 0.21975209569489515, 40: 0.21803913521177973, 50: 0.21520765532314043, 60: 0.21152392434485162, 70: 0.21831718550788032, 80: 0.2099874153181359, 90: 0.21105653704316527, 100: 0.21411671051640568, 110: 0.21732310172584318}",80,0.2099874153181359,0.1,0.01,0.2
bostonHousing,dropoutFCN,32,0.1,0.002,"{0: 0.46441595033730987, 10: 0.22997073475961333, 20: 0.22021332145841033, 30: 0.22027234107623866, 40: 0.21708630544167976, 50: 0.21813457672610698, 60: 0.21219328456086878, 70: 0.2102616035275989, 80: 0.20951126278550536, 90: 0.21086900127522737, 100: 0.2131845434874664, 110: 0.21383231887478887}",80,0.20951126278550536,0.1,0.01,0.1
bostonHousing,dropoutFCN,32,0.1,0.002,"{0: 0.4956057381482772, 10: 0.21831529033772737, 20: 0.21599561665897019, 30: 0.21162466289084633, 40: 0.21123626171438784, 50: 0.2084945598318253, 60: 0.21105240840970735, 70: 0.21019557188322519, 80: 0.21001223691819626}",50,0.2084945598318253,0.1,0.01,0.05
bostonHousing,dropoutFCN,32,0.1,0.002,"{0: 0.4647183441637474, 10: 0.2204587925547435, 20: 0.21106890121727817, 30: 0.20912098588398945, 40: 0.20721049091698213, 50: 0.20688404014081127, 60: 0.20555515662755494, 70: 0.20748040613568858, 80: 0.20715948582431415, 90: 0.20747037866601237}",60,0.20555515662755494,0.1,0.01,0.01
bostonHousing,dropoutFCN,32,0.1,0.002,"{0: 0.5018730594420139, 10: 0.21772531035505693, 20: 0.21062093838865376, 30: 0.2072061061859131, 40: 0.20737923644943007, 50: 0.2075050785953616, 60: 0.20586240122347702, 70: 0.20679080361201438, 80: 0.206241475045681, 90: 0.20602090206043222}",60,0.20586240122347702,0.1,0.01,0.005
bostonHousing,dropoutFCN,32,0.1,0.002,"{0: 0.4704447992973857, 10: 0.21977831116061153, 20: 0.2135137913587653, 30: 0.21047273541306272, 40: 0.2096329650761169, 50: 0.209022888890755, 60: 0.20915686815609166, 70: 0.20876494859471734, 80: 0.20905831450665438, 90: 0.2089975268568522, 100: 0.20901077038344038}",70,0.20876494859471734,0.1,0.01,0.001
bostonHousing,dropoutFCN,32,0.01,0.0001,"{0: 0.9331237495681387, 10: 0.5846603533735982, 20: 0.4071781930916103, 30: 0.315345344223358, 40: 0.26919119718634055, 50: 0.24580769430340071, 60: 0.22969886482129862, 70: 0.22002522415584985, 80: 0.21249518900373837, 90: 0.20574022713634701, 100: 0.20062144665438453, 110: 0.1960077934610991, 120: 0.19291329904470916, 130: 0.1887752944488584, 140: 0.18677421819280696, 150: 0.18636027776900635, 160: 0.18467975393121622, 170: 0.1817837174475929, 180: 0.18037719824063927, 190: 0.1771326466291039, 200: 0.1774473797759892, 210: 0.17663175811370213, 220: 0.1750169086971401, 230: 0.1758613234132896, 240: 0.17374938038396245, 250: 0.1728107898875519, 260: 0.17159849453119583, 270: 0.17010515210805116, 280: 0.1705335035920143, 290: 0.1685155103420034, 300: 0.1691336652562942, 310: 0.16672146191567547, 320: 0.16756377174162568, 330: 0.1687245474369438, 340: 0.1653975389805841, 350: 0.1659958118825783, 360: 0.16618722991810905, 370: 0.16387452919174123, 380: 0.16368353212321246, 390: 0.16561721874240004, 400: 0.16372379730513067, 410: 0.16243850084734554, 420: 0.161773710983035, 430: 0.1624315619100759, 440: 0.16158227306089284, 450: 0.1618444603534392, 460: 0.16179329898254374, 470: 0.1607768691616294, 480: 0.1609737558129393, 490: 0.16092196975225287, 500: 0.15972322909920303, 510: 0.16172045158383289, 520: 0.16002103756239383, 530: 0.16051039239506665}",500,0.15972322909920303,0.1,0.01,0.2
bostonHousing,dropoutFCN,32,0.01,0.0001,"{0: 0.9633687819963621, 10: 0.5325554246703783, 20: 0.35457770026024477, 30: 0.286962980878206, 40: 0.2555411355914893, 50: 0.2392696903075701, 60: 0.22773148281338776, 70: 0.2190438450118642, 80: 0.211557572564961, 90: 0.20626302733097548, 100: 0.20217686468436394, 110: 0.1968847394725423, 120: 0.19470215167528318, 130: 0.1914563944310318, 140: 0.1892464246278928, 150: 0.18644700631683256, 160: 0.1837465367935322, 170: 0.18090734404546244, 180: 0.1816394511932208, 190: 0.18102507915025876, 200: 0.1796817953571861, 210: 0.17768647516215288, 220: 0.17768246089970624, 230: 0.1761069858883634, 240: 0.17590183409643761, 250: 0.1752299588403584, 260: 0.17519511197820123, 270: 0.17281189056826227, 280: 0.17103873410342654, 290: 0.1724973388292171, 300: 0.17149871017461943, 310: 0.17260203563872678}",280,0.17103873410342654,0.1,0.01,0.1
bostonHousing,dropoutFCN,32,0.01,0.0001,"{0: 0.9862181247752388, 10: 0.5817466729217106, 20: 0.39641954889635983, 30: 0.3109076925449901, 40: 0.27565548793401246, 50: 0.256691659251113, 60: 0.2451498031616211, 70: 0.2362075048464316, 80: 0.22765175840001045, 90: 0.22140183084540896, 100: 0.2176849870402136, 110: 0.21157450313553397, 120: 0.20750794219382013, 130: 0.20555491940474804, 140: 0.20377542161279255, 150: 0.20079241067539028, 160: 0.19850582726943639, 170: 0.1972603557838334, 180: 0.19574195751805365, 190: 0.19252053493702853, 200: 0.19142849141800847, 210: 0.18947656590629508, 220: 0.18880918487722492, 230: 0.18622601208863437, 240: 0.18650063167751574, 250: 0.18294020203160652, 260: 0.18427448320535966, 270: 0.18272852855332106, 280: 0.1825716918081413, 290: 0.18143382168110506, 300: 0.17974592095907824, 310: 0.18032157956450073, 320: 0.1771049000598766, 330: 0.17675929014329558, 340: 0.17763508291524135, 350: 0.17809513908477478, 360: 0.17671866146502674, 370: 0.17826607622850088, 380: 0.17483455904839953, 390: 0.17515331749562862, 400: 0.1736759271518684, 410: 0.172669018768234, 420: 0.17229459304132583, 430: 0.17260266855175116, 440: 0.17314589809120437, 450: 0.17205956846843531, 460: 0.17194907681809532, 470: 0.17269058913728338, 480: 0.17081196140727878, 490: 0.16967593448029625, 500: 0.17015968448953864, 510: 0.16853455755813623, 520: 0.16864803749837992, 530: 0.16973956758961267, 540: 0.17040162000023287}",510,0.16853455755813623,0.1,0.01,0.05
bostonHousing,dropoutFCN,32,0.01,0.0001,"{0: 0.9068981439978987, 10: 0.5178884165522494, 20: 0.34364150045094666, 30: 0.26550707287258574, 40: 0.23441258792156056, 50: 0.21955094475437095, 60: 0.20935657657222984, 70: 0.20146221452289156, 80: 0.19506327844696283, 90: 0.1900983268096123, 100: 0.18549052949672862, 110: 0.1830919773306376, 120: 0.17998392534108812, 130: 0.17824174316576968, 140: 0.175980949199494, 150: 0.17534457088252645, 160: 0.17534878798473028, 170: 0.17340085353748297, 180: 0.17274285755407665, 190: 0.17281509146646218, 200: 0.172410952511393, 210: 0.17137917600296163, 220: 0.1711438460298526, 230: 0.17104074401252062, 240: 0.17020232699535515, 250: 0.16986240996622742, 260: 0.1699154495825002, 270: 0.16968936848419683, 280: 0.16881619248493218, 290: 0.168355933751589, 300: 0.1697609543800354, 310: 0.16833900687871156, 320: 0.16796820091980474, 330: 0.16825503044658235, 340: 0.16755798267729488, 350: 0.16745240572426054, 360: 0.16745447470450106, 370: 0.16672067432491866, 380: 0.16662985623618704, 390: 0.1664455991100382, 400: 0.16447725849755016, 410: 0.1646526399218006, 420: 0.16506350408365697, 430: 0.16418431335025363, 440: 0.16520937655443024, 450: 0.1633218460980757, 460: 0.1637058495187465, 470: 0.163357117275397, 480: 0.16318577888571184, 490: 0.1628313559256954, 500: 0.1629603891093054, 510: 0.16217486705677012, 520: 0.162812250227104, 530: 0.16279794010851117, 540: 0.16274726931695588}",510,0.16217486705677012,0.1,0.01,0.01
bostonHousing,dropoutFCN,32,0.01,0.0001,"{0: 0.9420452470396772, 10: 0.5505988674399294, 20: 0.36534092669133783, 30: 0.28014780012545765, 40: 0.24319153192602555, 50: 0.22412065032087725, 60: 0.21157193844333108, 70: 0.2027838826915364, 80: 0.19561839208558754, 90: 0.19071932974053019, 100: 0.1868180558821301, 110: 0.18345167138326315, 120: 0.18102341023860152, 130: 0.17913142832708948, 140: 0.17746271130479413, 150: 0.17630760040548113, 160: 0.1750883451214543, 170: 0.17394257964175425, 180: 0.1733076050693606, 190: 0.17200506495104895, 200: 0.1711044051029064, 210: 0.17054893569445906, 220: 0.16989279875048888, 230: 0.1689899365843078, 240: 0.169242431168203, 250: 0.16877732828811362, 260: 0.16797504792978735, 270: 0.16790664611775197, 280: 0.16709818648703306, 290: 0.1676782429954152, 300: 0.16670394168223865, 310: 0.16651029093765918, 320: 0.16648488729088395, 330: 0.16677437034654027, 340: 0.1656942660793846, 350: 0.16564707866421452, 360: 0.16560774294682487, 370: 0.16531454170191728, 380: 0.165600758239075, 390: 0.16458692153294882, 400: 0.16455008332376125, 410: 0.16520879632896848, 420: 0.16565967934367098, 430: 0.16530706970779982}",400,0.16455008332376125,0.1,0.01,0.005
bostonHousing,dropoutFCN,32,0.01,0.0001,"{0: 0.9371985808566764, 10: 0.5243459139893084, 20: 0.34500582961388576, 30: 0.27296940643846257, 40: 0.24379034355098814, 50: 0.22804088805928643, 60: 0.21677975225963708, 70: 0.20803075883491537, 80: 0.20140356379158705, 90: 0.19565215489746612, 100: 0.19082986132966145, 110: 0.1868971151886163, 120: 0.1841116033954385, 130: 0.18169572103170703, 140: 0.1799575017006309, 150: 0.1783149250311616, 160: 0.17699794162202762, 170: 0.17569693722474722, 180: 0.1747365819267285, 190: 0.1736473669976364, 200: 0.17300815166514596, 210: 0.17223970384141546, 220: 0.17169845510780077, 230: 0.17119091635133013, 240: 0.17068243166546765, 250: 0.17017326627248597, 260: 0.16959079603354135, 270: 0.16934311426716087, 280: 0.1691146782150975, 290: 0.16867093668307787, 300: 0.1683460812141866, 310: 0.16844243112905527, 320: 0.16771461606761556, 330: 0.1673554483755135, 340: 0.16731161581881254, 350: 0.16694278937798962, 360: 0.16667110449002112, 370: 0.16634533982953909, 380: 0.1664705605050664, 390: 0.16603967116938695, 400: 0.16569487974967487, 410: 0.16553236231391813, 420: 0.1651830157747975, 430: 0.16523178609800931, 440: 0.16495743570504365, 450: 0.16481114070356626, 460: 0.1647162622507708, 470: 0.16458712694821537, 480: 0.164563281889315, 490: 0.16442051592432422, 500: 0.1643712270774959, 510: 0.16422266879199462, 520: 0.16409159663282796, 530: 0.1644761734170678, 540: 0.1639225565356973, 550: 0.16377719489880552, 560: 0.16389232193246298, 570: 0.16367481987417482, 580: 0.16329759804554927, 590: 0.1633339199386997, 600: 0.1634191120480314, 610: 0.16290914166120837, 620: 0.16316903590420145, 630: 0.1630631004218702, 640: 0.1632574613079613}",610,0.16290914166120837,0.1,0.01,0.001
bostonHousing,dropoutFCN,32,0.01,0.0005,"{0: 0.7796132056433477, 10: 0.24926738284620237, 20: 0.22179505569331442, 30: 0.20773372263820084, 40: 0.19941965529212244, 50: 0.19714382506079145, 60: 0.1840224830456722, 70: 0.1853703361970407, 80: 0.18269081779836133, 90: 0.1817006568297928, 100: 0.1801865365954093, 110: 0.17799968309240577, 120: 0.17809031607560172, 130: 0.17656619447616886, 140: 0.17593890522365216, 150: 0.17659795532623926, 160: 0.17158588838798028, 170: 0.17137590437023725, 180: 0.1736330520959548, 190: 0.17089665050123948, 200: 0.17188726001315643, 210: 0.17166468197548831, 220: 0.17241758981972566}",190,0.17089665050123948,0.1,0.01,0.2
bostonHousing,dropoutFCN,32,0.01,0.0005,"{0: 0.7529001744441044, 10: 0.2304728924124329, 20: 0.19495764032558155, 30: 0.185223699922179, 40: 0.1800583185237131, 50: 0.17199726010914204, 60: 0.16783496573751355, 70: 0.17272049137103704, 80: 0.16880395714147595, 90: 0.17040478668095152}",60,0.16783496573751355,0.1,0.01,0.1
bostonHousing,dropoutFCN,32,0.01,0.0005,"{0: 0.7377705195067842, 10: 0.22971403470009935, 20: 0.19920350857722907, 30: 0.1830608331126931, 40: 0.17306662529339026, 50: 0.17038512075388873, 60: 0.1651118916861805, 70: 0.16450768173844726, 80: 0.16320061411386655, 90: 0.16460278656011745, 100: 0.16019141151581284, 110: 0.16084253035577728, 120: 0.15836737086007624, 130: 0.1573467955177213, 140: 0.15680689706846523, 150: 0.1576554638184147, 160: 0.1574266195481206, 170: 0.15478123718941655, 180: 0.16449759775473746, 190: 0.156262479097019, 200: 0.16003109389617118}",170,0.15478123718941655,0.1,0.01,0.05
bostonHousing,dropoutFCN,32,0.01,0.0005,"{0: 0.718279974696077, 10: 0.23424584711039506, 20: 0.19610262354950847, 30: 0.18182200530061016, 40: 0.17787692800716118, 50: 0.17510322089548466, 60: 0.17136079845605073, 70: 0.16813886504114411, 80: 0.16854174045133, 90: 0.16633891310588814, 100: 0.167594845868923, 110: 0.16742965768516802, 120: 0.16529068987310666, 130: 0.1662797010055295, 140: 0.16275219777483999, 150: 0.16352076618759723, 160: 0.16411195693560587, 170: 0.16494411848209525}",140,0.16275219777483999,0.1,0.01,0.01
bostonHousing,dropoutFCN,32,0.01,0.0005,"{0: 0.7257701267062882, 10: 0.2241002963648902, 20: 0.1910289157503917, 30: 0.17679132252563662, 40: 0.1707862097356055, 50: 0.16791613399982458, 60: 0.16397831478604566, 70: 0.16286465775819473, 80: 0.16070543121040604, 90: 0.15815345254945165, 100: 0.15813040762771796, 110: 0.1571025652649962, 120: 0.16014887679506232, 130: 0.15782300428843793, 140: 0.15901582590591762}",110,0.1571025652649962,0.1,0.01,0.005
bostonHousing,dropoutFCN,32,0.01,0.0005,"{0: 0.7385618526994445, 10: 0.22558476672864253, 20: 0.1913383404965754, 30: 0.18021897640493179, 40: 0.1745937783225083, 50: 0.1704175647394157, 60: 0.167454539552147, 70: 0.1661426731833705, 80: 0.1643275208311316, 90: 0.1636284970206979, 100: 0.16298481936072126, 110: 0.16267980524787198, 120: 0.1617157586194851, 130: 0.1615745541122225, 140: 0.1609432527312526, 150: 0.1622181448303623, 160: 0.16068843102749486, 170: 0.1612337521564813, 180: 0.15981005248096253, 190: 0.16167613941210285, 200: 0.16175668806205562, 210: 0.15902255201413307, 220: 0.15942490601245268, 230: 0.16033320482130403, 240: 0.1598255885971917}",210,0.15902255201413307,0.1,0.01,0.001
bostonHousing,dropoutFCN,32,0.01,0.001,"{0: 0.6196706529016848, 10: 0.20984121439633546, 20: 0.18620802991920046, 30: 0.17479684321600714, 40: 0.1707315008397456, 50: 0.16489679239414354, 60: 0.17647594209806422, 70: 0.1698934183076576, 80: 0.17536813918455146}",50,0.16489679239414354,0.1,0.01,0.2
bostonHousing,dropoutFCN,32,0.01,0.001,"{0: 0.5718351707598309, 10: 0.2018582300455482, 20: 0.17848812117252819, 30: 0.175527071143374, 40: 0.1744362277381214, 50: 0.17216685899981748, 60: 0.16481601584840705, 70: 0.17196295699219646, 80: 0.17362240218086006, 90: 0.16586104627744652}",60,0.16481601584840705,0.1,0.01,0.1
bostonHousing,dropoutFCN,32,0.01,0.001,"{0: 0.573891101464813, 10: 0.18164698764865783, 20: 0.17330342728046721, 30: 0.16671726810343473, 40: 0.1614701622430189, 50: 0.1649151304989685, 60: 0.16584571839114765, 70: 0.16227282414465774}",40,0.1614701622430189,0.1,0.01,0.05
bostonHousing,dropoutFCN,32,0.01,0.001,"{0: 0.5648218957546317, 10: 0.1982761400717276, 20: 0.17519460596420144, 30: 0.17014796200357837, 40: 0.16709074639243843, 50: 0.16316434998571136, 60: 0.16548273622253795, 70: 0.16178942915098166, 80: 0.16015188859568702, 90: 0.1596683536414747, 100: 0.1652922450024405, 110: 0.16046100210996322, 120: 0.16228157429047577}",90,0.1596683536414747,0.1,0.01,0.01
bostonHousing,dropoutFCN,32,0.01,0.001,"{0: 0.5557465602954228, 10: 0.20042765696107606, 20: 0.18735707538363378, 30: 0.18113862625610683, 40: 0.1760723959148666, 50: 0.1733100218169483, 60: 0.17377333063402295, 70: 0.17081513658717826, 80: 0.173396329563341, 90: 0.16905949976709153, 100: 0.16752888678032676, 110: 0.1679097170263161, 120: 0.1685061169443307, 130: 0.16399197037573213, 140: 0.16448257826728585, 150: 0.16746815288508382, 160: 0.16399678126161482}",130,0.16399197037573213,0.1,0.01,0.005
bostonHousing,dropoutFCN,32,0.01,0.001,"{0: 0.5605388087990842, 10: 0.2057993724758242, 20: 0.18239926936817757, 30: 0.17530911397418855, 40: 0.17117203266164402, 50: 0.16950316178945846, 60: 0.16943301608165104, 70: 0.16700837023464252, 80: 0.16755019196389634, 90: 0.1649411192462768, 100: 0.16313239387523978, 110: 0.1631307805393949, 120: 0.161627686538814, 130: 0.16143913017010986, 140: 0.16335816462466743, 150: 0.16033074931230074, 160: 0.16206621397056697, 170: 0.16007527850660275, 180: 0.15989993854805276, 190: 0.16198242404210716, 200: 0.16146712689488024, 210: 0.15973522975856877, 220: 0.16022195795803895, 230: 0.15830022354184844, 240: 0.1565912562203996, 250: 0.1576856724274011, 260: 0.1570333212981989, 270: 0.15789469119943217}",240,0.1565912562203996,0.1,0.01,0.001
bostonHousing,dropoutFCN,32,0.01,0.002,"{0: 0.4467905199638119, 10: 0.18907558706439573, 20: 0.1763093163753733, 30: 0.18001361855386216, 40: 0.17433980524907874, 50: 0.1710817835949085, 60: 0.16021661539504556, 70: 0.17118314802646634, 80: 0.1672486040695214, 90: 0.17217573398425257}",60,0.16021661539504556,0.1,0.01,0.2
bostonHousing,dropoutFCN,32,0.01,0.002,"{0: 0.4277725760215594, 10: 0.1760780978349992, 20: 0.1660020548988272, 30: 0.17183556015844698, 40: 0.1603564003735413, 50: 0.15569637877705655, 60: 0.16645697574188678, 70: 0.17565202229184868, 80: 0.1569453285616121}",50,0.15569637877705655,0.1,0.01,0.1
bostonHousing,dropoutFCN,32,0.01,0.002,"{0: 0.40568642169237135, 10: 0.18584974514849392, 20: 0.17157966904802088, 30: 0.17304943707990056, 40: 0.16707560217674866, 50: 0.17624370507252068, 60: 0.16527268995105485, 70: 0.16791208513357023, 80: 0.16033680812444215, 90: 0.15747727056344352, 100: 0.1642898679147532, 110: 0.1669094577247714, 120: 0.16604136802532055}",90,0.15747727056344352,0.1,0.01,0.05
bostonHousing,dropoutFCN,32,0.01,0.002,"{0: 0.4150700366239489, 10: 0.1805967914837378, 20: 0.1733160040444798, 30: 0.17542607088883716, 40: 0.1664250209007734, 50: 0.167857160207666, 60: 0.16024632645242007, 70: 0.15971573664818278, 80: 0.15861489859260158, 90: 0.1578182742183591, 100: 0.15740719625243435, 110: 0.16095850846649687, 120: 0.16606467358859972, 130: 0.16045682930652005}",100,0.15740719625243435,0.1,0.01,0.01
bostonHousing,dropoutFCN,32,0.01,0.002,"{0: 0.3986397618496859, 10: 0.1800166199788635, 20: 0.16671700705716638, 30: 0.1669406083262997, 40: 0.16655648115240496, 50: 0.16120125743342034, 60: 0.16436650432922223, 70: 0.15838836387351707, 80: 0.164513224547292, 90: 0.15798445932659103, 100: 0.15804675431163223, 110: 0.16282838651059586, 120: 0.16363634649250242}",90,0.15798445932659103,0.1,0.01,0.005
bostonHousing,dropoutFCN,32,0.01,0.002,"{0: 0.43987150177543544, 10: 0.18456453127257616, 20: 0.17023244636294285, 30: 0.16388801100813313, 40: 0.16504023358409786, 50: 0.1639079025130213, 60: 0.16195412213787622, 70: 0.15711752437515022, 80: 0.16580886366190734, 90: 0.15401524478270684, 100: 0.15525374395979774, 110: 0.15787695946148883, 120: 0.15514155309877276}",90,0.15401524478270684,0.1,0.01,0.001
bostonHousing,dropoutFCN,32,0.001,0.0001,"{0: 0.9370489258089183, 10: 0.5813279497770616, 20: 0.4030569525228607, 30: 0.3123182469863951, 40: 0.26608708868792025, 50: 0.2435006963250078, 60: 0.22755152608877344, 70: 0.21816362392755204, 80: 0.2141297311878499, 90: 0.2071262638510009, 100: 0.20067495390956785, 110: 0.1965636894474795, 120: 0.1911774997541934, 130: 0.18920584882115143, 140: 0.18766803042388255, 150: 0.1870882245677489, 160: 0.1827105384182047, 170: 0.18077807768627452, 180: 0.1800197617507275, 190: 0.17863287027971245, 200: 0.17693297189694865, 210: 0.17821090537824752, 220: 0.1763829709939015, 230: 0.17356424626008965, 240: 0.17391586476637994, 250: 0.1743482437030769, 260: 0.17238695558942393, 270: 0.17021768987178804, 280: 0.17156001432442372, 290: 0.16806089098070873, 300: 0.16936375708491713, 310: 0.1694597410934943, 320: 0.1695296455680588}",290,0.16806089098070873,0.1,0.01,0.2
bostonHousing,dropoutFCN,32,0.001,0.0001,"{0: 0.9472825832572983, 10: 0.5431445022791992, 20: 0.3611975037481314, 30: 0.2806245948245496, 40: 0.24949444661169876, 50: 0.23573836277664442, 60: 0.22397001959659435, 70: 0.2167443400179898, 80: 0.20918006885934756, 90: 0.20407170776599717, 100: 0.1981704447188495, 110: 0.1945019310087333, 120: 0.19020181460145077, 130: 0.1880637723354646, 140: 0.1844804839955436, 150: 0.1804780741900574, 160: 0.17996425558755427, 170: 0.17779237182787905, 180: 0.17739999573907736, 190: 0.17464700265799044, 200: 0.173069392218266, 210: 0.17289644224040301, 220: 0.1710999556897599, 230: 0.16850979026452995, 240: 0.1683585164539608, 250: 0.1711537511996281, 260: 0.16601642302156966, 270: 0.16825947717384054, 280: 0.1672050145673163, 290: 0.1639700123189408, 300: 0.16458262085546682, 310: 0.16386696339389423, 320: 0.16329001558047754, 330: 0.16274479042600704, 340: 0.1634046833824228, 350: 0.1622087281059336, 360: 0.16107012988240632, 370: 0.16114477246631811, 380: 0.16053395963009492, 390: 0.159786652525266, 400: 0.160507963652964, 410: 0.15916535826744857, 420: 0.1575406648862509, 430: 0.15782118213397486, 440: 0.15751473154918644, 450: 0.1565333306421468, 460: 0.155149493817194, 470: 0.1543173752817107, 480: 0.15580261897893596, 490: 0.15383327064322835, 500: 0.15197802668000443, 510: 0.1557982482659964, 520: 0.15202351035895173, 530: 0.15379396222623778}",500,0.15197802668000443,0.1,0.01,0.1
bostonHousing,dropoutFCN,32,0.001,0.0001,"{0: 0.951045106664116, 10: 0.5409813006351023, 20: 0.35515497965209275, 30: 0.2699426258051837, 40: 0.23733689503537284, 50: 0.22393767484176305, 60: 0.21400938153634835, 70: 0.20655240033879693, 80: 0.20082901007967227, 90: 0.19877742116833913, 100: 0.19438260462549, 110: 0.1921162940837719, 120: 0.19126123353654956, 130: 0.1892884212327592, 140: 0.18545210550964614, 150: 0.18527051282149773, 160: 0.18419244962709921, 170: 0.18384029729130827, 180: 0.1818334803537086, 190: 0.17979841589191808, 200: 0.17890076644626665, 210: 0.17879027705869557, 220: 0.17659116394725843, 230: 0.17660288163173346, 240: 0.17612189643176984, 250: 0.17396112393449853, 260: 0.17421423733970265, 270: 0.17390684731948522, 280: 0.17408485173443217, 290: 0.17144048765853598, 300: 0.17251565938378557, 310: 0.1698278095987108, 320: 0.16873762784180815, 330: 0.16983359540686194, 340: 0.1698879655128644, 350: 0.16895890121842608}",320,0.16873762784180815,0.1,0.01,0.05
bostonHousing,dropoutFCN,32,0.001,0.0001,"{0: 0.9438163082540771, 10: 0.5370518417270095, 20: 0.34830193164539924, 30: 0.27091563378955114, 40: 0.24116529123282726, 50: 0.22630436955778688, 60: 0.2166928634231473, 70: 0.20852642719760356, 80: 0.2028352383662153, 90: 0.19951026794719104, 100: 0.1947291378069807, 110: 0.19217935362715782, 120: 0.19007324105427587, 130: 0.18804645365403022, 140: 0.18799353683436357, 150: 0.1863682614432441, 160: 0.185619432028429, 170: 0.18360828087653644, 180: 0.18429912475892057, 190: 0.18278721777009374, 200: 0.18183590924298323, 210: 0.18156873609548735, 220: 0.18107117028148084, 230: 0.18077316317293377, 240: 0.1804943722339324, 250: 0.17963421433060256, 260: 0.1793960401305446, 270: 0.17876162941073195, 280: 0.17808281996367892, 290: 0.1784051360539448, 300: 0.17740566774650857, 310: 0.17568446776749175, 320: 0.17614701011298614, 330: 0.17470525631934036, 340: 0.17670944557513718, 350: 0.1744948090226562, 360: 0.17334201328548388, 370: 0.17421885000334844, 380: 0.17249964015719332, 390: 0.17402953623253622, 400: 0.17247503024560434, 410: 0.1720750367199933, 420: 0.17247311288927808, 430: 0.17040764991148022, 440: 0.17053566920904464, 450: 0.1696746305551058, 460: 0.1689416710425306, 470: 0.16982356986881775, 480: 0.16818150557853556, 490: 0.16779087233690568, 500: 0.16746389928423328, 510: 0.16644482917991685, 520: 0.16786420317711653, 530: 0.16748335085533284, 540: 0.1664795489958775}",510,0.16644482917991685,0.1,0.01,0.01
bostonHousing,dropoutFCN,32,0.001,0.0001,"{0: 0.9704279751689345, 10: 0.5752546491446319, 20: 0.37624611069022873, 30: 0.2866072341247841, 40: 0.24996985980757963, 50: 0.23157823350694443, 60: 0.21908401313387316, 70: 0.20941626882111586, 80: 0.20188359945644568, 90: 0.1956159774352003, 100: 0.19052849290547547, 110: 0.18689382355890155, 120: 0.1834458487269319, 130: 0.18094821329470037, 140: 0.17939023224659906, 150: 0.17700551781389445, 160: 0.17609277599387702, 170: 0.17463075121243793, 180: 0.17397363785608316, 190: 0.1724854153983387, 200: 0.17149337388483094, 210: 0.17049394884595165, 220: 0.1695524099432392, 230: 0.16944197993955495, 240: 0.1684516147698885, 250: 0.1679625748852153, 260: 0.1676588714490702, 270: 0.1671659333286462, 280: 0.16669073669630805, 290: 0.16597820816584577, 300: 0.1654806661569042, 310: 0.16543292176944238, 320: 0.1639098047474284, 330: 0.16343542604166786, 340: 0.16367347994704304, 350: 0.16221097003162646, 360: 0.16277214522347036, 370: 0.16334395075653804, 380: 0.1615838969195331, 390: 0.16253373396617393, 400: 0.16218398101167913, 410: 0.16168778277473686}",380,0.1615838969195331,0.1,0.01,0.005
bostonHousing,dropoutFCN,32,0.001,0.0001,"{0: 0.9532397352618937, 10: 0.5283392618283813, 20: 0.338463954002033, 30: 0.26275705919589526, 40: 0.2358045330570068, 50: 0.22203294607224286, 60: 0.21181719014306127, 70: 0.20376914090212478, 80: 0.19666168077124488, 90: 0.19115303942450773, 100: 0.1865622972632632, 110: 0.18297345259307343, 120: 0.18012666275471817, 130: 0.17777455576040124, 140: 0.17563095022866754, 150: 0.17420638247772496, 160: 0.1727540899574021, 170: 0.1716095976255558, 180: 0.17062133164317522, 190: 0.16974339823663973, 200: 0.1689963710528833, 210: 0.16836058144216184, 220: 0.16760619238570887, 230: 0.16647761015244472, 240: 0.16572762933778173, 250: 0.1652337004373103, 260: 0.16429680295196583, 270: 0.16367177050790668, 280: 0.16317196985085808, 290: 0.1631121736617736, 300: 0.16230322052667173, 310: 0.1619486269759543, 320: 0.16116527374143955, 330: 0.16078428971914596, 340: 0.1603872655718415, 350: 0.16004907525615925, 360: 0.15972602959768273, 370: 0.1596731780119884, 380: 0.15914895321116035, 390: 0.15879023303220302, 400: 0.15896674508665815, 410: 0.15864256013322758, 420: 0.15830976790116158, 430: 0.15786612924234367, 440: 0.1576449013050692, 450: 0.15816423742123592, 460: 0.15814841945230224, 470: 0.1571151770191428, 480: 0.15675955245524278, 490: 0.15653082938105972, 500: 0.15683124168419543, 510: 0.15640111444173038, 520: 0.15630673262072198, 530: 0.15629513811917956, 540: 0.15598717979442925, 550: 0.15525199914420093, 560: 0.15513964258594276, 570: 0.15518702150862895, 580: 0.15514977088680976, 590: 0.15536849932906066}",560,0.15513964258594276,0.1,0.01,0.001
bostonHousing,dropoutFCN,32,0.001,0.0005,"{0: 0.7287157491401389, 10: 0.23814459170824218, 20: 0.20102355012923115, 30: 0.1877740021105166, 40: 0.1783016626481657, 50: 0.17415366746761182, 60: 0.16755566403821662, 70: 0.1661455421352092, 80: 0.15788893066806556, 90: 0.1588098599586958, 100: 0.15614023083521994, 110: 0.15728991548588245, 120: 0.14965434147987838, 130: 0.15136260040748267, 140: 0.15003838546482134, 150: 0.147233615723657, 160: 0.15113654414444794, 170: 0.14920644414277723, 180: 0.14820135991882397}",150,0.147233615723657,0.1,0.01,0.2
bostonHousing,dropoutFCN,32,0.001,0.0005,"{0: 0.7507193137098241, 10: 0.2292949045513883, 20: 0.1893874576246297, 30: 0.17892151498868142, 40: 0.17279872909004307, 50: 0.16697738610300014, 60: 0.16420923938721785, 70: 0.1607450877810702, 80: 0.16195190545217492, 90: 0.1525517572223404, 100: 0.15613767489974884, 110: 0.1551847740639875, 120: 0.15147296289602916, 130: 0.15423298417418094, 140: 0.1558811578301736, 150: 0.15270601801666212}",120,0.15147296289602916,0.1,0.01,0.1
bostonHousing,dropoutFCN,32,0.001,0.0005,"{0: 0.7424797483800372, 10: 0.23672086793331454, 20: 0.19303271108203462, 30: 0.17234442410645662, 40: 0.16910079460085176, 50: 0.16593946049242844, 60: 0.16537176136985238, 70: 0.16279851407916454, 80: 0.16007754223214254, 90: 0.15787933441223923, 100: 0.15397531890574798, 110: 0.15010172741280664, 120: 0.1498629769425333, 130: 0.15098379051979677, 140: 0.14889827646591045, 150: 0.14838094733379506, 160: 0.14797108390449004, 170: 0.14729484809033666, 180: 0.14671719300526162, 190: 0.14401009960307015, 200: 0.15046406710221444, 210: 0.14985584452932263, 220: 0.14199357647218822, 230: 0.14320525975874912, 240: 0.14505710428879587, 250: 0.14002148137416368, 260: 0.1400306796218142, 270: 0.13765604736996287, 280: 0.13773271522404235, 290: 0.14084669285350376, 300: 0.14223996461541563}",270,0.13765604736996287,0.1,0.01,0.05
bostonHousing,dropoutFCN,32,0.001,0.0005,"{0: 0.7056504003427647, 10: 0.22506431368766008, 20: 0.1940071909699911, 30: 0.18384188636217588, 40: 0.1783357960022526, 50: 0.1751294503425374, 60: 0.17112083674213033, 70: 0.16887183783598889, 80: 0.16957159426845153, 90: 0.16752609297817134, 100: 0.16508331887515973, 110: 0.1623261007261865, 120: 0.16184983431925007, 130: 0.1597280341350002, 140: 0.16182892278388697, 150: 0.16067734401167175, 160: 0.15936926229868403, 170: 0.1615211214548276, 180: 0.1600761337964623, 190: 0.15833619235106458, 200: 0.15515119711190092, 210: 0.15444182435303558, 220: 0.1556744925585794, 230: 0.1586475463009175, 240: 0.1537142159210311, 250: 0.15472543712383438, 260: 0.14962240012339606, 270: 0.15427564695293522, 280: 0.15245145513319674, 290: 0.1502388030106639}",260,0.14962240012339606,0.1,0.01,0.01
bostonHousing,dropoutFCN,32,0.001,0.0005,"{0: 0.739004447467533, 10: 0.23347743933583484, 20: 0.19622461332215202, 30: 0.17989011270764432, 40: 0.17412873379610203, 50: 0.17056764183956902, 60: 0.1674376744547008, 70: 0.1671613493083436, 80: 0.1650714213097537, 90: 0.16294473291915137, 100: 0.16299993406843255, 110: 0.16010305130923236, 120: 0.16000485986839105, 130: 0.16002473926838534, 140: 0.15904770453035097, 150: 0.15598634827284166, 160: 0.15377558791711007, 170: 0.15557274478085248, 180: 0.15731236472909832, 190: 0.1526654682777546, 200: 0.15584632014786756, 210: 0.1518667564531903, 220: 0.1514941113414588, 230: 0.1507353721761409, 240: 0.1491188701472165, 250: 0.15029784115376296, 260: 0.15093258085810107, 270: 0.1551123955735454}",240,0.1491188701472165,0.1,0.01,0.005
bostonHousing,dropoutFCN,32,0.001,0.0005,"{0: 0.7009371020175792, 10: 0.22044356117645897, 20: 0.18278140916868493, 30: 0.1696745816388248, 40: 0.16430757110133584, 50: 0.16172410271785878, 60: 0.1597215939819077, 70: 0.15803011773545064, 80: 0.15637146166445298, 90: 0.1565050764768212, 100: 0.1553871065378189, 110: 0.1529206188004694, 120: 0.15357175945867724, 130: 0.15263549768262438, 140: 0.15363537148561007, 150: 0.15193352338708477, 160: 0.15104503241586095, 170: 0.15198896328608194, 180: 0.15142378279088456, 190: 0.1496986531732995, 200: 0.1472021406447446, 210: 0.15138647626211613, 220: 0.15465433636197337, 230: 0.14995335342339527}",200,0.1472021406447446,0.1,0.01,0.001
bostonHousing,dropoutFCN,32,0.001,0.001,"{0: 0.5913465560770329, 10: 0.20058718713713283, 20: 0.1744332457582156, 30: 0.1650803847077452, 40: 0.15558224456545747, 50: 0.15596670077906716, 60: 0.14897774949117942, 70: 0.15377413785016095, 80: 0.1462606213526961, 90: 0.1525304381126239, 100: 0.1457738503077884, 110: 0.14650648653875162, 120: 0.14694636432844915, 130: 0.14801574419310065}",100,0.1457738503077884,0.1,0.01,0.2
bostonHousing,dropoutFCN,32,0.001,0.001,"{0: 0.5544001510849706, 10: 0.20706784228483835, 20: 0.18586636356733463, 30: 0.18008280479245714, 40: 0.1717064549341614, 50: 0.1620998591368581, 60: 0.15968867621304078, 70: 0.16990018553204006, 80: 0.1559286594574834, 90: 0.15990802130581422, 100: 0.15564538536616315, 110: 0.16070501969920264, 120: 0.15298315695038547, 130: 0.15210976039553867, 140: 0.14319229087343924, 150: 0.1509706281953388, 160: 0.1465216713922995, 170: 0.14433843421715278}",140,0.14319229087343924,0.1,0.01,0.1
bostonHousing,dropoutFCN,32,0.001,0.001,"{0: 0.5462878214908236, 10: 0.1954703207369204, 20: 0.17595534212427374, 30: 0.17093826674016904, 40: 0.16341566555661918, 50: 0.1632874314431791, 60: 0.16387455152508654, 70: 0.16219876511597336, 80: 0.1547758036925469, 90: 0.15168289104361593, 100: 0.15338597111863855, 110: 0.15967301413600826, 120: 0.1557264088112631}",90,0.15168289104361593,0.1,0.01,0.05
bostonHousing,dropoutFCN,32,0.001,0.001,"{0: 0.5648184681380237, 10: 0.19170483621182263, 20: 0.17512928652174678, 30: 0.17556149904374724, 40: 0.1697637549337046, 50: 0.1684606080437884, 60: 0.169791246527507, 70: 0.16798069694159942, 80: 0.16432317276427774, 90: 0.16795442398683524, 100: 0.16471064022661724, 110: 0.16839301415063718}",80,0.16432317276427774,0.1,0.01,0.01
bostonHousing,dropoutFCN,32,0.001,0.001,"{0: 0.5658672870677195, 10: 0.19506799324795052, 20: 0.17741660725923233, 30: 0.16480767918221745, 40: 0.15474641275258713, 50: 0.1571366981959637, 60: 0.15085155239075793, 70: 0.15073936401325977, 80: 0.15053527274249512, 90: 0.1526626788539651, 100: 0.14697411873458344, 110: 0.14811027727009338, 120: 0.14493771357300841, 130: 0.1549403185829704, 140: 0.1480086656632247, 150: 0.14763103616826329}",120,0.14493771357300841,0.1,0.01,0.005
bostonHousing,dropoutFCN,32,0.001,0.001,"{0: 0.5537479476612291, 10: 0.1853578606321488, 20: 0.171180405072224, 30: 0.1675513248384735, 40: 0.16369726613715846, 50: 0.16149226438116143, 60: 0.15745236468903814, 70: 0.16181442141532895, 80: 0.15169925763283248, 90: 0.1596326755888668, 100: 0.15033802000092872, 110: 0.14788074202743576, 120: 0.15145847870979778, 130: 0.15068116901833334, 140: 0.15266996909070898}",110,0.14788074202743576,0.1,0.01,0.001
bostonHousing,dropoutFCN,32,0.001,0.002,"{0: 0.44205468863616754, 10: 0.19877910639768764, 20: 0.1714408121543166, 30: 0.1653801479273372, 40: 0.14486433718307518, 50: 0.14826691027408762, 60: 0.14087981666311805, 70: 0.15022077611934992, 80: 0.16477461269608248, 90: 0.1428784351290008}",60,0.14087981666311805,0.1,0.01,0.2
bostonHousing,dropoutFCN,32,0.001,0.002,"{0: 0.46043703813611725, 10: 0.18605665097266066, 20: 0.16929930676648647, 30: 0.16308003535241258, 40: 0.1697298515542054, 50: 0.15828117301434647, 60: 0.15601922144860397, 70: 0.1547273834914337, 80: 0.1530813405175268, 90: 0.14154658788516197, 100: 0.14626770091277583, 110: 0.1524092694123586, 120: 0.13613750967714522, 130: 0.15122584133972355, 140: 0.15633876768895139, 150: 0.14310310948410151}",120,0.13613750967714522,0.1,0.01,0.1
bostonHousing,dropoutFCN,32,0.001,0.002,"{0: 0.4429925214361261, 10: 0.1691024524194223, 20: 0.16553474754830938, 30: 0.1571172170616962, 40: 0.15044019741040687, 50: 0.1487470437531118, 60: 0.1537220424340095, 70: 0.15349534878760207, 80: 0.14746938976976606, 90: 0.14321401654570193, 100: 0.13580554742136122, 110: 0.13936365638618117, 120: 0.1504326913827731, 130: 0.1470707689354449}",100,0.13580554742136122,0.1,0.01,0.05
bostonHousing,dropoutFCN,32,0.001,0.002,"{0: 0.40813517636722985, 10: 0.16598841411831938, 20: 0.16020347518317496, 30: 0.16265290101737154, 40: 0.15038152195421267, 50: 0.15350216327258098, 60: 0.14695831014786237, 70: 0.14513682645780068, 80: 0.14276044690682563, 90: 0.1457384189153895, 100: 0.15173929304252434, 110: 0.14352227898291597}",80,0.14276044690682563,0.1,0.01,0.01
bostonHousing,dropoutFCN,32,0.001,0.002,"{0: 0.4563555379340678, 10: 0.18610251439206396, 20: 0.1767794136279895, 30: 0.17963957403912958, 40: 0.17479841492058318, 50: 0.1856666338664514, 60: 0.18024893535508052, 70: 0.1709560010352252, 80: 0.1662316381195445, 90: 0.1576439822529569, 100: 0.16152755228089696, 110: 0.159329497758989, 120: 0.17050616842361146}",90,0.1576439822529569,0.1,0.01,0.005
bostonHousing,dropoutFCN,32,0.001,0.002,"{0: 0.4453125045439343, 10: 0.1776212364435196, 20: 0.1667911822413221, 30: 0.15466398438553752, 40: 0.15588596304993568, 50: 0.17082976717271922, 60: 0.16804000332399652}",30,0.15466398438553752,0.1,0.01,0.001
bostonHousing,dropoutFCN,32,0.0001,0.0001,"{0: 0.9344479296678377, 10: 0.5730592699146566, 20: 0.38859780695703294, 30: 0.3011469499196536, 40: 0.25877636540451165, 50: 0.239026229193917, 60: 0.22531974584232137, 70: 0.21777709363787262, 80: 0.2115992706131052, 90: 0.20356833209962022, 100: 0.1974601161332778, 110: 0.1941713720376109, 120: 0.19013202784605968, 130: 0.18637088934580487, 140: 0.18183595830643617, 150: 0.1796485718201708, 160: 0.17713880251955103, 170: 0.17509882632229062, 180: 0.17387158732723307, 190: 0.17186888447146356, 200: 0.17112669887734047, 210: 0.17001864615781806, 220: 0.16796963768608777, 230: 0.16768387101682616, 240: 0.16748102241092258, 250: 0.16714004392241255, 260: 0.16342238866620595, 270: 0.16302052414343682, 280: 0.1643641065116282, 290: 0.16226390546854633, 300: 0.16359690061689897, 310: 0.16208281664200772, 320: 0.16404102656208436, 330: 0.1585300698692416, 340: 0.15891100116717963, 350: 0.1580767160764447, 360: 0.15873205599225595, 370: 0.1541053725797453, 380: 0.1539568231981478, 390: 0.15395094844294185, 400: 0.15499197917955893, 410: 0.1558564752156352, 420: 0.1542242906527755}",390,0.15395094844294185,0.1,0.01,0.2
bostonHousing,dropoutFCN,32,0.0001,0.0001,"{0: 0.9504811379644605, 10: 0.5554171835198816, 20: 0.38512814236275944, 30: 0.2914056613305469, 40: 0.24717559766622238, 50: 0.22959617085662892, 60: 0.21857168681827593, 70: 0.20978611683771936, 80: 0.20229680795728427, 90: 0.19665995389223098, 100: 0.1920045674950988, 110: 0.18719833828048943, 120: 0.18412166327973942, 130: 0.18257297034616826, 140: 0.18179057203693155, 150: 0.177693527697781, 160: 0.17576805934493925, 170: 0.17368768672516316, 180: 0.1735481513319192, 190: 0.17063538089946464, 200: 0.17046179534108552, 210: 0.16682769722408716, 220: 0.1678164613651641, 230: 0.16657208818712355, 240: 0.16569439967473348, 250: 0.16618428910955968, 260: 0.16314410125767742, 270: 0.1646867604167373, 280: 0.16517485334181495, 290: 0.16286001093225713, 300: 0.16207961618532368, 310: 0.1589779210679325, 320: 0.1591380716106038, 330: 0.1598064143716553, 340: 0.15820831855138143, 350: 0.1566291775416445, 360: 0.1566981848007367, 370: 0.15845424229348146, 380: 0.15695326341155133}",350,0.1566291775416445,0.1,0.01,0.1
bostonHousing,dropoutFCN,32,0.0001,0.0001,"{0: 0.9431171905847243, 10: 0.5280443470971083, 20: 0.34532902152449996, 30: 0.26639159005365254, 40: 0.23554300503966247, 50: 0.22066558919571064, 60: 0.21054243800448785, 70: 0.20431089062749605, 80: 0.19818361138488036, 90: 0.19391223076317046, 100: 0.1903889498224965, 110: 0.18705785796966082, 120: 0.18466770389565715, 130: 0.18336295687857967, 140: 0.18107019791632523, 150: 0.1790193119718705, 160: 0.17734456053118647, 170: 0.17858674965890836, 180: 0.1766603598072205, 190: 0.17649596109066482, 200: 0.17417926792009378, 210: 0.17386362227024854, 220: 0.17271751294165483, 230: 0.1730843224827154, 240: 0.1728524762907146, 250: 0.171386295924952, 260: 0.17089286442892052, 270: 0.16997583968403898, 280: 0.17126182361885356, 290: 0.17117510702874925, 300: 0.16720977000616216, 310: 0.1688550720244278, 320: 0.16625424259238772, 330: 0.16758385594980213, 340: 0.16529240902559256, 350: 0.16458206316571175, 360: 0.16461297867842664, 370: 0.164337414742252, 380: 0.16328345708273076, 390: 0.1629704577687346, 400: 0.16138182917126903, 410: 0.16230126635895836, 420: 0.16184017976493012, 430: 0.16100425549127437, 440: 0.16271434385835387, 450: 0.1617734901882984, 460: 0.1619830948335153}",430,0.16100425549127437,0.1,0.01,0.05
bostonHousing,dropoutFCN,32,0.0001,0.0001,"{0: 0.9899787598921929, 10: 0.5402047912647695, 20: 0.3514905734930509, 30: 0.2741477550363835, 40: 0.24468002484904394, 50: 0.22855719929492033, 60: 0.2172578415201034, 70: 0.20903988278206484, 80: 0.20296205894814595, 90: 0.1982960049016976, 100: 0.1943539813712791, 110: 0.1915013145333455, 120: 0.189652980937634, 130: 0.18853001892566681, 140: 0.18696013181297869, 150: 0.18718061851866452, 160: 0.186270940248613, 170: 0.18719031727976268, 180: 0.18548751578286843, 190: 0.1854960545161624, 200: 0.18536250015467776, 210: 0.18455512240345093, 220: 0.18434351986205136, 230: 0.18401928989239683, 240: 0.18445084702085562, 250: 0.18364443462571983, 260: 0.18344095639976454, 270: 0.18163266163549305, 280: 0.18310774864605914, 290: 0.1820296123807813, 300: 0.18169486452767877}",270,0.18163266163549305,0.1,0.01,0.01
bostonHousing,dropoutFCN,32,0.0001,0.0001,"{0: 0.9990151635658593, 10: 0.5446683200053226, 20: 0.346094595797268, 30: 0.27306619376679997, 40: 0.24233127501275806, 50: 0.2252493607777136, 60: 0.21331179914651094, 70: 0.20487634392432227, 80: 0.1977689844406681, 90: 0.19257207441109198, 100: 0.18843323895592748, 110: 0.18441338960403278, 120: 0.18176067729055145, 130: 0.1794276660607185, 140: 0.17796374956766764, 150: 0.17652703634014838, 160: 0.175288971633087, 170: 0.17493857774469587, 180: 0.17351824906137253, 190: 0.17254051959808964, 200: 0.17141826973285204, 210: 0.17106155646436008, 220: 0.16968656851921554, 230: 0.16891382638319039, 240: 0.16803635686268042, 250: 0.16693581787892328, 260: 0.16608186776255385, 270: 0.16426160508467827, 280: 0.1646838265068737, 290: 0.16313266507637353, 300: 0.16314446664886711, 310: 0.16198756378373985, 320: 0.16140687914542212, 330: 0.16049059898029142, 340: 0.16051389714817943, 350: 0.15875452480934285, 360: 0.15775269442870293, 370: 0.15759403867486083, 380: 0.15748990649058495, 390: 0.1580084785635089, 400: 0.15609663717540695, 410: 0.15586779956464414, 420: 0.15481404029292825, 430: 0.15468317575660753, 440: 0.15300075415475867, 450: 0.15242131414972707, 460: 0.15458098208462748, 470: 0.1529774370016875, 480: 0.1520670790363241, 490: 0.15320728601496897, 500: 0.15145417893374408, 510: 0.15079684176562744, 520: 0.15038642504332977, 530: 0.14923938623181093, 540: 0.14965532319045363, 550: 0.15046706405686744, 560: 0.14944238854043276}",530,0.14923938623181093,0.1,0.01,0.005
bostonHousing,dropoutFCN,32,0.0001,0.0001,"{0: 0.9576935977847489, 10: 0.5460490855905744, 20: 0.3526639057162367, 30: 0.2687881663257693, 40: 0.2363826441176144, 50: 0.221478753141415, 60: 0.21095667142926908, 70: 0.20292695407514216, 80: 0.1968293434307899, 90: 0.19176663822597925, 100: 0.1876512172045531, 110: 0.18449885113003814, 120: 0.18166492621839783, 130: 0.1794013328390357, 140: 0.17770686480734083, 150: 0.17661241966265223, 160: 0.17560486598515215, 170: 0.17454284834273068, 180: 0.1738288136176121, 190: 0.1731755456806701, 200: 0.17268108894795547, 210: 0.17266076508863476, 220: 0.17182980194503877, 230: 0.1716810366253794, 240: 0.17177913380257878, 250: 0.17148579543019518, 260: 0.17119267531383184, 270: 0.17119279352971062, 280: 0.17083439102143416, 290: 0.17053191109939855, 300: 0.17038378686080743, 310: 0.17000098303880223, 320: 0.1696857542903335, 330: 0.16984902995604054, 340: 0.16929335526110212, 350: 0.1690070930822396, 360: 0.16870790992254092, 370: 0.16793475038843392, 380: 0.16801041388585242, 390: 0.16771638330854016, 400: 0.16739400858864373, 410: 0.16672385369921908, 420: 0.16639932765636917, 430: 0.1671035373100528, 440: 0.1662963537154374, 450: 0.16622073725785738, 460: 0.16649204956160651, 470: 0.16602600623428085, 480: 0.1649116908326561, 490: 0.1659314074266104, 500: 0.16486898793114554, 510: 0.165574627397237, 520: 0.1647824009075577, 530: 0.16488533014500584, 540: 0.16421969976322148, 550: 0.1640707442054042, 560: 0.16425917869732704, 570: 0.16365786825801118, 580: 0.1643438733286328, 590: 0.16468470447961195, 600: 0.1645006803818691}",570,0.16365786825801118,0.1,0.01,0.001
bostonHousing,dropoutFCN,32,0.0001,0.0005,"{0: 0.7440035712939721, 10: 0.24609360417098172, 20: 0.21043550101695238, 30: 0.19649577777326843, 40: 0.18024449188400196, 50: 0.17863643360726628, 60: 0.17477002013244747, 70: 0.17326390956654963, 80: 0.16691740780700873, 90: 0.1660308200084133, 100: 0.15502867895511935, 110: 0.164262414548868, 120: 0.1586672744265309, 130: 0.16419151853999975}",100,0.15502867895511935,0.1,0.01,0.2
bostonHousing,dropoutFCN,32,0.0001,0.0005,"{0: 0.7345745637093062, 10: 0.22456186215082802, 20: 0.19379741142929335, 30: 0.18419910231490194, 40: 0.17567757535495876, 50: 0.1704235366833063, 60: 0.16564931354404966, 70: 0.16217111426371117, 80: 0.15666649222006032, 90: 0.1576272773705883, 100: 0.1555141347425955, 110: 0.15217117700311872, 120: 0.14875369771027272, 130: 0.14735323131820305, 140: 0.14742733821456816, 150: 0.15125300293719326, 160: 0.14582164679412485, 170: 0.14708556400405037, 180: 0.14709408860883594, 190: 0.1427846985650651, 200: 0.14250302719481198, 210: 0.1417296520353835, 220: 0.1406319546846696, 230: 0.14254669732885597, 240: 0.14070930361379813, 250: 0.13597909304094905, 260: 0.13626404761532207, 270: 0.1402461012756383, 280: 0.1313951854168633, 290: 0.13639116691954345, 300: 0.13804829127994583, 310: 0.1348501075381114}",280,0.1313951854168633,0.1,0.01,0.1
bostonHousing,dropoutFCN,32,0.0001,0.0005,"{0: 0.7308874560727014, 10: 0.2246615181918498, 20: 0.18718450661794642, 30: 0.1754233412904504, 40: 0.17060193853613773, 50: 0.17008818682329152, 60: 0.16707070554480144, 70: 0.16013562349993507, 80: 0.15553043981393178, 90: 0.1572669904541086, 100: 0.15633806505320985, 110: 0.15392951444711214, 120: 0.148527580683614, 130: 0.14939519032651996, 140: 0.1478322071425709, 150: 0.14940529910870542, 160: 0.1475289387651432, 170: 0.1512960242084515, 180: 0.15049180658879105, 190: 0.14525469363103677, 200: 0.1455987263424897, 210: 0.1398442653042299, 220: 0.14385675068622755, 230: 0.13936784442192243, 240: 0.1421244603800185, 250: 0.13735789117621786, 260: 0.13939766661252503, 270: 0.1373255153681025, 280: 0.1418108520500454, 290: 0.14403053207529917, 300: 0.14356514425189407}",270,0.1373255153681025,0.1,0.01,0.05
bostonHousing,dropoutFCN,32,0.0001,0.0005,"{0: 0.747864924389639, 10: 0.23444645432410413, 20: 0.19589661819699372, 30: 0.17816028859880234, 40: 0.17076846690457542, 50: 0.16531424680609763, 60: 0.16101556806652634, 70: 0.15961724869263025, 80: 0.15746548462797091, 90: 0.15524819881459812, 100: 0.15536589708961085, 110: 0.1564898134565648, 120: 0.15279127388824648, 130: 0.15660956032850123, 140: 0.1522634995756326, 150: 0.15310186285663535, 160: 0.15506478934376328, 170: 0.15104291100560882, 180: 0.1508046939049238, 190: 0.15560688751715201, 200: 0.15480602637485222, 210: 0.15248541213847971}",180,0.1508046939049238,0.1,0.01,0.01
bostonHousing,dropoutFCN,32,0.0001,0.0005,"{0: 0.7186093786616384, 10: 0.22246857245027285, 20: 0.1865834916631381, 30: 0.175195073639905, 40: 0.1724233148642528, 50: 0.16958631931999582, 60: 0.1664222890028247, 70: 0.16487583146419055, 80: 0.1615979481442475, 90: 0.16212787392698685, 100: 0.1587971132110666, 110: 0.16112738181779412, 120: 0.1612473590138518, 130: 0.15509154242865833, 140: 0.15638431739292027, 150: 0.1557207054194109, 160: 0.15562867724601134}",130,0.15509154242865833,0.1,0.01,0.005
bostonHousing,dropoutFCN,32,0.0001,0.0005,"{0: 0.714234115054578, 10: 0.23055690059691303, 20: 0.19095284966407, 30: 0.17356206414140302, 40: 0.16689927368252366, 50: 0.1631594035176583, 60: 0.1622769620315528, 70: 0.1611519280775094, 80: 0.16080365839563768, 90: 0.16233953706644197, 100: 0.16151582617082713, 110: 0.16085800326164856}",80,0.16080365839563768,0.1,0.01,0.001
bostonHousing,dropoutFCN,32,0.0001,0.001,"{0: 0.6000243727071786, 10: 0.21374898310060853, 20: 0.18474566564883715, 30: 0.1669553165450508, 40: 0.15847915265663168, 50: 0.15384408502299107, 60: 0.14759541446412053, 70: 0.1456110257425426, 80: 0.15485020719560577, 90: 0.14362735406116203, 100: 0.14855570127198725, 110: 0.1453431758799671, 120: 0.14055737027047593, 130: 0.14223325616783566, 140: 0.14296417659447516, 150: 0.14206168506248498}",120,0.14055737027047593,0.1,0.01,0.2
bostonHousing,dropoutFCN,32,0.0001,0.001,"{0: 0.5905068851547477, 10: 0.18500405802035036, 20: 0.1731842991378572, 30: 0.16459656113091808, 40: 0.16431124215876616, 50: 0.16424780237821884, 60: 0.1526999827520347, 70: 0.15028301828805313, 80: 0.14814243059099458, 90: 0.15226590175319601, 100: 0.14843211015801372, 110: 0.14790066018884565, 120: 0.14579584661089345, 130: 0.14306801537304747, 140: 0.14385736400698437, 150: 0.14237689528568293, 160: 0.14455983263474922, 170: 0.1466012575008251, 180: 0.1409186100150332, 190: 0.14658952787702467, 200: 0.13763645539681119, 210: 0.1323211116739261, 220: 0.13429474125121849, 230: 0.1349613850683342, 240: 0.14302027082921548}",210,0.1323211116739261,0.1,0.01,0.1
bostonHousing,dropoutFCN,32,0.0001,0.001,"{0: 0.5576192366856116, 10: 0.19013087701650314, 20: 0.1737097359549852, 30: 0.16660014387266137, 40: 0.1541542677047812, 50: 0.15726699783110326, 60: 0.1504388666815228, 70: 0.15197470478805494, 80: 0.14685535180715867, 90: 0.14576060797697232, 100: 0.1565424668016257, 110: 0.1449000534268073, 120: 0.14961646488051356, 130: 0.1484029965636171, 140: 0.1464579129844536}",110,0.1449000534268073,0.1,0.01,0.05
bostonHousing,dropoutFCN,32,0.0001,0.001,"{0: 0.5907336202300625, 10: 0.19456580343805713, 20: 0.17001888338062499, 30: 0.16704342976028536, 40: 0.16469508387424328, 50: 0.16697043743398454, 60: 0.16623345396400974, 70: 0.16095031091460474, 80: 0.16269626431627038, 90: 0.15737042508007568, 100: 0.16182116590164325, 110: 0.1652638508581821, 120: 0.15517735023189472, 130: 0.15504632693381956, 140: 0.16591086474097808, 150: 0.15926361665313626, 160: 0.15626520387552403}",130,0.15504632693381956,0.1,0.01,0.01
bostonHousing,dropoutFCN,32,0.0001,0.001,"{0: 0.550769924087289, 10: 0.1878454541718518, 20: 0.17134033997117737, 30: 0.16765969351485924, 40: 0.16539754418679226, 50: 0.16115067224075766, 60: 0.1651861924080201, 70: 0.16909488605128392, 80: 0.17168254646254175}",50,0.16115067224075766,0.1,0.01,0.005
bostonHousing,dropoutFCN,32,0.0001,0.001,"{0: 0.569739826557077, 10: 0.20108219661094523, 20: 0.18210375491115782, 30: 0.17341930284912205, 40: 0.16660510608811438, 50: 0.16199310480812448, 60: 0.16720748072789038, 70: 0.1649177004157761, 80: 0.16505190535092057}",50,0.16199310480812448,0.1,0.01,0.001
bostonHousing,dropoutFCN,32,0.0001,0.002,"{0: 0.43107445061574745, 10: 0.20637963046262292, 20: 0.1833786028034893, 30: 0.1842800333728025, 40: 0.16654278924803675, 50: 0.16972043762604394, 60: 0.16297078919999392, 70: 0.15561255227636409, 80: 0.15133301591799583, 90: 0.1519059318083304, 100: 0.16151932139455533, 110: 0.14905702273050944, 120: 0.1623802261771979, 130: 0.14952388124333488, 140: 0.1441044420371821, 150: 0.1613859886004601, 160: 0.1493995972805553, 170: 0.1412729372764811, 180: 0.14922487680558805, 190: 0.14862262010574342, 200: 0.1425106187477524}",170,0.1412729372764811,0.1,0.01,0.2
bostonHousing,dropoutFCN,32,0.0001,0.002,"{0: 0.4222729242878195, 10: 0.17965691862282931, 20: 0.1744373168842292, 30: 0.1536318642489704, 40: 0.16936894765606633, 50: 0.15047847549488516, 60: 0.14523953352077507, 70: 0.15280340039803658, 80: 0.14991428302026089, 90: 0.16142578862699464}",60,0.14523953352077507,0.1,0.01,0.1
bostonHousing,dropoutFCN,32,0.0001,0.002,"{0: 0.44429767253222285, 10: 0.1788881035314666, 20: 0.16488170791187404, 30: 0.15852676414781144, 40: 0.15693542212247846, 50: 0.1640343396568004, 60: 0.15244058422100396, 70: 0.155088893296542, 80: 0.1570315839147862, 90: 0.14508951705547027, 100: 0.15215668814417754, 110: 0.1480886187450385, 120: 0.15429222764056405}",90,0.14508951705547027,0.1,0.01,0.05
bostonHousing,dropoutFCN,32,0.0001,0.002,"{0: 0.43581903495906305, 10: 0.18791320390171476, 20: 0.17471379424318856, 30: 0.18006102407788052, 40: 0.1659732425470411, 50: 0.16621009385512195, 60: 0.15553191261894908, 70: 0.15628815468078777, 80: 0.16201429396499822, 90: 0.1451014734344718, 100: 0.152148805466699, 110: 0.15109911167327267, 120: 0.15623066127300264}",90,0.1451014734344718,0.1,0.01,0.01
bostonHousing,dropoutFCN,32,0.0001,0.002,"{0: 0.4251386593153447, 10: 0.18495897452036542, 20: 0.1798674636416965, 30: 0.17116492162516087, 40: 0.16278871150664342, 50: 0.1689706997371014, 60: 0.16041916299749304, 70: 0.16298538772044358, 80: 0.1602704714477798, 90: 0.15657118877143036, 100: 0.1570976671245363, 110: 0.14929213590092127, 120: 0.16041843556327584, 130: 0.1513338249406697, 140: 0.14978474924961724}",110,0.14929213590092127,0.1,0.01,0.005
bostonHousing,dropoutFCN,32,0.0001,0.002,"{0: 0.45584848013557033, 10: 0.1824955314029882, 20: 0.1767288879847821, 30: 0.16917769934660123, 40: 0.18812542145634875, 50: 0.17967110596321248, 60: 0.17251374162273642}",30,0.16917769934660123,0.1,0.01,0.001
bostonHousing,dropoutFCN,32,1e-05,0.0001,"{0: 0.9691434270069923, 10: 0.5824630121390024, 20: 0.3892601224559325, 30: 0.30207401874624656, 40: 0.2642617657228753, 50: 0.24551318365114705, 60: 0.23304137241693193, 70: 0.22233045914290864, 80: 0.21702051477299794, 90: 0.21137313261444185, 100: 0.2070671456831473, 110: 0.20278465363346498, 120: 0.2013395346977093, 130: 0.1978896665904257, 140: 0.19269698028579169, 150: 0.19153004200370222, 160: 0.18917817175388335, 170: 0.1895336122240549, 180: 0.18730031286860688, 190: 0.18585896517759487, 200: 0.18590652293261187, 210: 0.18430047568715646, 220: 0.18367896105772183, 230: 0.1821867111840366, 240: 0.17968386998515068, 250: 0.1780117329072069, 260: 0.17492981256894122, 270: 0.1774025611487436, 280: 0.17328457136948902, 290: 0.17326267289894598, 300: 0.17306193034222098, 310: 0.1736029601023521, 320: 0.1706897356811865, 330: 0.17240133925720497, 340: 0.17015926210600654, 350: 0.1703083838577624, 360: 0.16930549794141156, 370: 0.16697675743956625, 380: 0.1683281519162802, 390: 0.1670789200398657, 400: 0.16557544973897345, 410: 0.1646940093533492, 420: 0.16202295823597612, 430: 0.16357569922635581, 440: 0.16208241331724474, 450: 0.15997957348087688, 460: 0.1609762789474593, 470: 0.1627403149266302, 480: 0.16188611879392906}",450,0.15997957348087688,0.1,0.01,0.2
bostonHousing,dropoutFCN,32,1e-05,0.0001,"{0: 0.9740133603413899, 10: 0.5873115804460313, 20: 0.3812973399037196, 30: 0.28748862734179437, 40: 0.2448474966817432, 50: 0.22507659386337542, 60: 0.21120704425337875, 70: 0.20358379012272682, 80: 0.19738416723263116, 90: 0.191890025065269, 100: 0.18757673822067403, 110: 0.18541472497177716, 120: 0.18040320772079774, 130: 0.18005874068648725, 140: 0.18004178831606737, 150: 0.17747448726936624, 160: 0.17597927162308752, 170: 0.17256338015014744, 180: 0.17365812795397678, 190: 0.17262199333420505, 200: 0.166855285252318, 210: 0.16976057795094854, 220: 0.16788670805133418, 230: 0.1674312898406276}",200,0.166855285252318,0.1,0.01,0.1
bostonHousing,dropoutFCN,32,1e-05,0.0001,"{0: 0.9639234322824596, 10: 0.5646617940546553, 20: 0.3748803530578261, 30: 0.28836169047856036, 40: 0.25175956675299893, 50: 0.23267531310334616, 60: 0.21975830828334075, 70: 0.20954644472142797, 80: 0.20199329768433985, 90: 0.19560821462928513, 100: 0.19088033958349698, 110: 0.1877664402127266, 120: 0.18439196826499185, 130: 0.1800186903572377, 140: 0.1792582846902035, 150: 0.17548036908293949, 160: 0.17603336383163193, 170: 0.17480301914023763, 180: 0.1729450712049449, 190: 0.1716250440404739, 200: 0.1706505996209604, 210: 0.16844584993374198, 220: 0.16843983705764937, 230: 0.1708432521533083, 240: 0.16779092088525677, 250: 0.1664622316021978, 260: 0.16679373124131452, 270: 0.1666221896071493, 280: 0.1684167056539912}",250,0.1664622316021978,0.1,0.01,0.05
bostonHousing,dropoutFCN,32,1e-05,0.0001,"{0: 0.958280121765019, 10: 0.5509399509356345, 20: 0.35732630362481244, 30: 0.2698025766162225, 40: 0.23641067222680573, 50: 0.22069683808971333, 60: 0.20971515059103202, 70: 0.20095524061241266, 80: 0.19429177669463332, 90: 0.18915358914269337, 100: 0.1855287664098504, 110: 0.1826033404947799, 120: 0.1803251884969664, 130: 0.17786872215844968, 140: 0.17637604931254444, 150: 0.17489167606389083, 160: 0.1739855226543215, 170: 0.1736688870522711, 180: 0.17300011059384288, 190: 0.1707732563401446, 200: 0.1705033150352078, 210: 0.16972072431702673, 220: 0.16795616111269704, 230: 0.1664183821943071, 240: 0.1656783042498577, 250: 0.16530706301147555, 260: 0.1644117373743175, 270: 0.16514435839137914, 280: 0.1638234492253374, 290: 0.1624578782989655, 300: 0.16180573293456324, 310: 0.16027151968008205, 320: 0.1601284076586182, 330: 0.1601121898602556, 340: 0.1593836740947064, 350: 0.1587318527845689, 360: 0.15765242534287183, 370: 0.15679780529972948, 380: 0.15885763492113275, 390: 0.1570842800133022, 400: 0.15588449064964127, 410: 0.15391682632911352, 420: 0.15614977118409706, 430: 0.15420425133204754, 440: 0.1561156368365994}",410,0.15391682632911352,0.1,0.01,0.01
bostonHousing,dropoutFCN,32,1e-05,0.0001,"{0: 0.9423126581274432, 10: 0.5323992366408125, 20: 0.350931553579407, 30: 0.27233485435998, 40: 0.2420093203216423, 50: 0.22573058636468132, 60: 0.2134559041739982, 70: 0.2042787452354843, 80: 0.19745709197020825, 90: 0.19201189515031414, 100: 0.18833876500527064, 110: 0.18440830806891123, 120: 0.1821973619269736, 130: 0.17986153228047452, 140: 0.177933825718032, 150: 0.1758382401348632, 160: 0.17552552585616524, 170: 0.17425820325259808, 180: 0.17336747609538794, 190: 0.17330919141754692, 200: 0.17216160087673754, 210: 0.17256746891840005, 220: 0.17198450607650073, 230: 0.17118172463443543, 240: 0.17154324950627337, 250: 0.1708206049454065, 260: 0.17040588421586117, 270: 0.1713175458672606, 280: 0.17018941572786847, 290: 0.1703161088772762, 300: 0.16939119735249766, 310: 0.1691887902440848, 320: 0.16906528645827448, 330: 0.16822177315199818, 340: 0.1689914517748503, 350: 0.16875859210152683, 360: 0.16740218228028145, 370: 0.16685077417411923, 380: 0.16734502098442594, 390: 0.1666983013719688, 400: 0.16590206838316388, 410: 0.16489470391361802, 420: 0.16551551598089714, 430: 0.16571249737415786, 440: 0.16376227664726753, 450: 0.16504644665085239, 460: 0.16479347405242328, 470: 0.16405645905085553}",440,0.16376227664726753,0.1,0.01,0.005
bostonHousing,dropoutFCN,32,1e-05,0.0001,"{0: 0.9258478857852793, 10: 0.5291941506995095, 20: 0.34168977965543296, 30: 0.25994487741479166, 40: 0.2299899167852637, 50: 0.2156294659148028, 60: 0.20538547346253458, 70: 0.19749070273505315, 80: 0.19033372089450745, 90: 0.18473128453816898, 100: 0.18016826674158193, 110: 0.1765801623463631, 120: 0.1734207283751464, 130: 0.17099963945371136, 140: 0.1691009732676141, 150: 0.16740888940331375, 160: 0.16585796100121958, 170: 0.164867099199766, 180: 0.16401479564331195, 190: 0.16321519138636412, 200: 0.162183909210158, 210: 0.1617388150206319, 220: 0.16106013475376885, 230: 0.16053267411979627, 240: 0.15991465419898798, 250: 0.15938564792827323, 260: 0.15843741853296017, 270: 0.1579454834078565, 280: 0.15742336732369883, 290: 0.1573079303090955, 300: 0.1568777937947968, 310: 0.1566428667233314, 320: 0.15637878735124328, 330: 0.15650207518059528, 340: 0.1565973377522127, 350: 0.1569703965643306}",320,0.15637878735124328,0.1,0.01,0.001
bostonHousing,dropoutFCN,32,1e-05,0.0005,"{0: 0.756060955185949, 10: 0.2555080251193341, 20: 0.21825819852543465, 30: 0.2020740576180411, 40: 0.1960830631815357, 50: 0.18659117264144215, 60: 0.18063395926613865, 70: 0.17214135845870146, 80: 0.16524798279559172, 90: 0.16317764195027173, 100: 0.16623420733728528, 110: 0.1580854440176928, 120: 0.1647534309162034, 130: 0.15675101267334854, 140: 0.15550298278714403, 150: 0.1577590274957963, 160: 0.15868412955307667, 170: 0.1570175027957669}",140,0.15550298278714403,0.1,0.01,0.2
bostonHousing,dropoutFCN,32,1e-05,0.0005,"{0: 0.7664902927330983, 10: 0.23413157279108776, 20: 0.1932794121312506, 30: 0.18479416679452967, 40: 0.17673475142614342, 50: 0.1818633187700201, 60: 0.17745332313172613, 70: 0.16901367510910387, 80: 0.16860091276006933, 90: 0.16206262188929096, 100: 0.1663090170165639, 110: 0.16271418342251837, 120: 0.15994079289612945, 130: 0.1576033326946659, 140: 0.16033226542266799, 150: 0.15614081558621962, 160: 0.15441767271654105, 170: 0.15137459229172012, 180: 0.15442852766057594, 190: 0.15449332484492548, 200: 0.15368120394371174}",170,0.15137459229172012,0.1,0.01,0.1
bostonHousing,dropoutFCN,32,1e-05,0.0005,"{0: 0.7750425847960107, 10: 0.2266991166420925, 20: 0.19386980141754506, 30: 0.18052328950093116, 40: 0.1823616334317643, 50: 0.17783494516287324, 60: 0.17429964393377306, 70: 0.17353595664471758, 80: 0.17449178217369832, 90: 0.16869976899506134, 100: 0.17079141601736164, 110: 0.17047731074286096, 120: 0.16790303030499704, 130: 0.17167924337181045, 140: 0.17018666637164576, 150: 0.1664618938241476, 160: 0.16947401727055325, 170: 0.171111021089701, 180: 0.1623105854531865, 190: 0.16837735012357619, 200: 0.16771087611531033, 210: 0.16614352981617422}",180,0.1623105854531865,0.1,0.01,0.05
bostonHousing,dropoutFCN,32,1e-05,0.0005,"{0: 0.7384789710795439, 10: 0.22591252325125682, 20: 0.1799168610278471, 30: 0.16484859495619197, 40: 0.15898399343829095, 50: 0.15544738581886997, 60: 0.15738182628964198, 70: 0.15289901947533643, 80: 0.15430290077203584, 90: 0.15163896792096856, 100: 0.15453872099334812, 110: 0.15319063310269956, 120: 0.15289869096911982}",90,0.15163896792096856,0.1,0.01,0.01
bostonHousing,dropoutFCN,32,1e-05,0.0005,"{0: 0.7283637282657034, 10: 0.22832074078880712, 20: 0.18795414780393058, 30: 0.1716784080973378, 40: 0.167361927713141, 50: 0.16322532903265072, 60: 0.1624107466067797, 70: 0.15773418358078709, 80: 0.15906681304360615, 90: 0.15579659850509076, 100: 0.15432336433434193, 110: 0.15158078883901055, 120: 0.15124502476350762, 130: 0.15190485167650528, 140: 0.14964669085579155, 150: 0.1495337481667966, 160: 0.15078705501409223, 170: 0.15179391083893953, 180: 0.1483385199749911, 190: 0.14756724777413002, 200: 0.1485463039190681, 210: 0.14886311515245912, 220: 0.15149712400671875}",190,0.14756724777413002,0.1,0.01,0.005
bostonHousing,dropoutFCN,32,1e-05,0.0005,"{0: 0.720613819139975, 10: 0.21505470627251966, 20: 0.18560559311766683, 30: 0.17867056834109035, 40: 0.17658002402311493, 50: 0.17385772823551557, 60: 0.17205950043819568, 70: 0.17139738827575873, 80: 0.1714724491407842, 90: 0.17267489050641474, 100: 0.16944538984033797, 110: 0.16953111046258312, 120: 0.16907868633667628, 130: 0.1696853005407769, 140: 0.17245493476037627, 150: 0.1721419824494256}",120,0.16907868633667628,0.1,0.01,0.001
bostonHousing,dropoutFCN,32,1e-05,0.001,"{0: 0.6204077623876525, 10: 0.2158274214576792, 20: 0.18262880071077817, 30: 0.1760099090543794, 40: 0.17829754720499486, 50: 0.1725481357839372, 60: 0.17319609189842952, 70: 0.16162705765462215, 80: 0.16391317071738065, 90: 0.15966453526490998, 100: 0.16360661104137514, 110: 0.15594744577451988, 120: 0.15512001405895492, 130: 0.15740230022757143, 140: 0.1575988376766075, 150: 0.15489766360433016, 160: 0.16040161818633847, 170: 0.1533033228030911, 180: 0.16244037234120898, 190: 0.1556210171477294, 200: 0.15390735397368302}",170,0.1533033228030911,0.1,0.01,0.2
bostonHousing,dropoutFCN,32,1e-05,0.001,"{0: 0.5835397864749402, 10: 0.19816683144481093, 20: 0.17595196055409348, 30: 0.17132597346732648, 40: 0.16656903784584115, 50: 0.15921583151743735, 60: 0.16051045472239273, 70: 0.15736949500846276, 80: 0.15918376099916154, 90: 0.1531226055673611, 100: 0.15177692371754, 110: 0.15987702501408846, 120: 0.15007253360969047, 130: 0.15460121981155728, 140: 0.15293056232693755, 150: 0.15617624105494698}",120,0.15007253360969047,0.1,0.01,0.1
bostonHousing,dropoutFCN,32,1e-05,0.001,"{0: 0.5597643047203252, 10: 0.19799896754600382, 20: 0.17374912572127804, 30: 0.17140743640469916, 40: 0.15936884350246852, 50: 0.15308013644851284, 60: 0.15295198511930158, 70: 0.15184471000123906, 80: 0.15591595722937285, 90: 0.15423946571938785, 100: 0.15371593071354758}",70,0.15184471000123906,0.1,0.01,0.05
bostonHousing,dropoutFCN,32,1e-05,0.001,"{0: 0.5273753230586464, 10: 0.19039618332444885, 20: 0.166315887371699, 30: 0.15781846866931445, 40: 0.15046802887946, 50: 0.14976921206639138, 60: 0.15150883378070076, 70: 0.14347070667110842, 80: 0.1534674960705969, 90: 0.14968982484237647, 100: 0.1445431938509882}",70,0.14347070667110842,0.1,0.01,0.01
bostonHousing,dropoutFCN,32,1e-05,0.001,"{0: 0.5471865968939699, 10: 0.18880193538871812, 20: 0.16642660517015578, 30: 0.15991681784759332, 40: 0.16064640011316464, 50: 0.15524168205849917, 60: 0.1607410542390965, 70: 0.15927458927955157, 80: 0.16380086305700703}",50,0.15524168205849917,0.1,0.01,0.005
bostonHousing,dropoutFCN,32,1e-05,0.001,"{0: 0.5746683121647365, 10: 0.18787638625980893, 20: 0.16835454218549495, 30: 0.16492222959612624, 40: 0.1640998183025254, 50: 0.16100442431591175, 60: 0.15811352269884982, 70: 0.16076500161930368, 80: 0.16562855756945083, 90: 0.1669404336515768}",60,0.15811352269884982,0.1,0.01,0.001
bostonHousing,dropoutFCN,32,1e-05,0.002,"{0: 0.43969614698931025, 10: 0.17834268425717767, 20: 0.17909719265169566, 30: 0.16595218886195878, 40: 0.16237414611710443, 50: 0.14406039326647183, 60: 0.1492093230287234, 70: 0.1585415013962322, 80: 0.15129747359473028}",50,0.14406039326647183,0.1,0.01,0.2
bostonHousing,dropoutFCN,32,1e-05,0.002,"{0: 0.4402220118192979, 10: 0.18843069063660542, 20: 0.17606777254446052, 30: 0.16497630134776786, 40: 0.1633549573612802, 50: 0.16056684356780698, 60: 0.16087480161660983, 70: 0.14607423034347133, 80: 0.16075945478162645, 90: 0.15179010281960167, 100: 0.15603283524145312}",70,0.14607423034347133,0.1,0.01,0.1
bostonHousing,dropoutFCN,32,1e-05,0.002,"{0: 0.4424388843186107, 10: 0.18164075414339703, 20: 0.18053981003202038, 30: 0.1672688912462305, 40: 0.1684325643527655, 50: 0.1697554114424152, 60: 0.1631742473369763, 70: 0.1640557559919946, 80: 0.1605422090785003, 90: 0.16373386478718416, 100: 0.16228538437022103, 110: 0.1524684896255717, 120: 0.15454213713054304, 130: 0.15230773854770777, 140: 0.1464977494176523, 150: 0.1557799012940607, 160: 0.1664856989994461, 170: 0.16143375405190902}",140,0.1464977494176523,0.1,0.01,0.05
bostonHousing,dropoutFCN,32,1e-05,0.002,"{0: 0.4320975875412977, 10: 0.18499848964037718, 20: 0.1700103951457106, 30: 0.1580817404720518, 40: 0.15896478013859855, 50: 0.1668571694581597, 60: 0.170637920314883}",30,0.1580817404720518,0.1,0.01,0.01
bostonHousing,dropoutFCN,32,1e-05,0.002,"{0: 0.46996410807341704, 10: 0.17083329941019598, 20: 0.1561496282065356, 30: 0.161820777386059, 40: 0.15363977717028723, 50: 0.1593107671097473, 60: 0.14708282386447177, 70: 0.15041956647678656, 80: 0.14444511602690188, 90: 0.15059425481307653, 100: 0.15250502821104026, 110: 0.14062669985456228, 120: 0.13888127553610155, 130: 0.14590842595070969, 140: 0.14239103744427364, 150: 0.1448193002262233}",120,0.13888127553610155,0.1,0.01,0.005
bostonHousing,dropoutFCN,32,1e-05,0.002,"{0: 0.4406239179733359, 10: 0.17702680837225032, 20: 0.17858968783675888, 30: 0.17183174969237527, 40: 0.1640647886895839, 50: 0.16477341028275314, 60: 0.16918006471277755, 70: 0.17252269558332586}",40,0.1640647886895839,0.1,0.01,0.001
bostonHousing,dropoutFCN,32,1e-09,0.0001,"{0: 0.9210254914966631, 10: 0.5733028743370079, 20: 0.39534478789126437, 30: 0.3103714456160863, 40: 0.2704131739742962, 50: 0.2518755023494179, 60: 0.2409472790029314, 70: 0.23174482583999634, 80: 0.22668836030327247, 90: 0.219606831541032, 100: 0.2128156906660692, 110: 0.20933691478437844, 120: 0.20456003154869434, 130: 0.20117286846593574, 140: 0.19691998638488628, 150: 0.19403328557073335, 160: 0.1901501919936251, 170: 0.19009327285083727, 180: 0.1837077295338666, 190: 0.18412574726490327, 200: 0.18028156177865134, 210: 0.17973550659270934, 220: 0.17803733153843587, 230: 0.1764793927654808, 240: 0.17738971732280873, 250: 0.17280752463841142, 260: 0.17221721241503585, 270: 0.17422556163352215, 280: 0.17172311610645719, 290: 0.1722788926995831, 300: 0.16944303354363383, 310: 0.1673968326714304, 320: 0.1701078388426039, 330: 0.16668847400097203, 340: 0.16647521500234252, 350: 0.16520898290622382, 360: 0.164380556161021, 370: 0.16306224307160316, 380: 0.16285421125314856, 390: 0.1612427662552139, 400: 0.1616990268782333, 410: 0.15929597353125796, 420: 0.1586052130953765, 430: 0.15959033890638824, 440: 0.157831579869912, 450: 0.1590975802253794, 460: 0.15937932383866957, 470: 0.15642290165026979, 480: 0.15403818055803392, 490: 0.15671917485234177, 500: 0.15530600209295015, 510: 0.15457279082433678}",480,0.15403818055803392,0.1,0.01,0.2
bostonHousing,dropoutFCN,32,1e-09,0.0001,"{0: 0.9544584168328178, 10: 0.5857566584959442, 20: 0.4038466421542344, 30: 0.30786428100165025, 40: 0.263766270066485, 50: 0.2405164153855524, 60: 0.2263355232683229, 70: 0.21473349257383817, 80: 0.20565883890714173, 90: 0.19943931139545676, 100: 0.19426956550206664, 110: 0.1899679453284652, 120: 0.18521826903761168, 130: 0.18301066581481767, 140: 0.1785363164029004, 150: 0.1792240506153048, 160: 0.17802695643018793, 170: 0.1763564411504769, 180: 0.17477377244719752, 190: 0.17313292357656693, 200: 0.17299654384454094, 210: 0.1719948450172389, 220: 0.1694463884388959, 230: 0.16877327684634996, 240: 0.1684379620684518, 250: 0.16650351650185055, 260: 0.16812968480366247, 270: 0.16961514007898024, 280: 0.16696250291518225}",250,0.16650351650185055,0.1,0.01,0.1
bostonHousing,dropoutFCN,32,1e-09,0.0001,"{0: 0.9756651988000045, 10: 0.5606461342838076, 20: 0.3607659627993901, 30: 0.2738635897084519, 40: 0.237183404115983, 50: 0.22013182402760895, 60: 0.20849499961844198, 70: 0.2011645925817666, 80: 0.19457762658963967, 90: 0.19084658587788358, 100: 0.1862949566524706, 110: 0.18385772140305717, 120: 0.18217651233261015, 130: 0.17915437742147916, 140: 0.17985420337429753, 150: 0.17810205108957525, 160: 0.17738852449405343, 170: 0.1772492496135794, 180: 0.17726408520966397, 190: 0.17855218740893003, 200: 0.1769894438393322, 210: 0.17691621316803827, 220: 0.17809320555792912, 230: 0.17757061304133614, 240: 0.17652790815006064, 250: 0.17624595426482917, 260: 0.17650058722054518, 270: 0.17583890446910153, 280: 0.17669303358337027, 290: 0.17362001718562325, 300: 0.17558226349913042, 310: 0.17491238312220866, 320: 0.17482811804906823}",290,0.17362001718562325,0.1,0.01,0.05
bostonHousing,dropoutFCN,32,1e-09,0.0001,"{0: 0.9352267589834001, 10: 0.5092334204065947, 20: 0.33530157296745866, 30: 0.26792303761582315, 40: 0.24195727211089785, 50: 0.22522440151667888, 60: 0.2120482442923534, 70: 0.20233594195710286, 80: 0.19427007098256807, 90: 0.18830277570235876, 100: 0.18325375197110355, 110: 0.17892314166198542, 120: 0.17570338010052106, 130: 0.1731941896824189, 140: 0.1717960324184394, 150: 0.16983570478580617, 160: 0.16956616665846033, 170: 0.1675348346248085, 180: 0.16690035079732352, 190: 0.165386287684058, 200: 0.1655347701024126, 210: 0.16448461532960704, 220: 0.16367288761668733, 230: 0.16289996409121857, 240: 0.1624902277632996, 250: 0.16248586692927797, 260: 0.16160514617775693, 270: 0.1616871757087884, 280: 0.16226326022987014, 290: 0.16030870539906586, 300: 0.1615949911283858, 310: 0.16034712515495442, 320: 0.16085188396183062}",290,0.16030870539906586,0.1,0.01,0.01
bostonHousing,dropoutFCN,32,1e-09,0.0001,"{0: 0.974677246588248, 10: 0.5463147495631817, 20: 0.3541186620607788, 30: 0.2764169242462994, 40: 0.24487167526910336, 50: 0.22699442526072627, 60: 0.21453048395521845, 70: 0.20515503454723477, 80: 0.1976002432681896, 90: 0.1923158366922979, 100: 0.18827974128502387, 110: 0.1851157268072352, 120: 0.18287441036951396, 130: 0.1814891427019496, 140: 0.17959492171620145, 150: 0.17860909531145922, 160: 0.17722946179133875, 170: 0.17630640308798096, 180: 0.17602560807157447, 190: 0.17533499208497413, 200: 0.17446211061359923, 210: 0.17404699870097784, 220: 0.1740548113981883, 230: 0.17342648454654364, 240: 0.17319942521460266, 250: 0.17206906771954195, 260: 0.17237299890429883, 270: 0.17145232223434212, 280: 0.17088485831095848, 290: 0.1706156353891632, 300: 0.1721571251933957, 310: 0.17094744933240208, 320: 0.16950293989093212, 330: 0.1702132491417873, 340: 0.1685085517020873, 350: 0.16867880865379617, 360: 0.16830499551178496, 370: 0.16884300377633837, 380: 0.16724265506606042, 390: 0.16780500761520717, 400: 0.16704661283228134, 410: 0.1648653938262551, 420: 0.16435384297812428, 430: 0.16440080908345583, 440: 0.1652291031531346, 450: 0.16431876890085362, 460: 0.16324386924137305, 470: 0.16349732141803813, 480: 0.16210108467458206, 490: 0.16215906328993082, 500: 0.16201450931437222, 510: 0.16181856598015185, 520: 0.16092848785129593, 530: 0.16126371421563773, 540: 0.16053231135930546, 550: 0.16036284473943124, 560: 0.1583627132721889, 570: 0.15854879483396625, 580: 0.1577458613632638, 590: 0.1576223876925162, 600: 0.1585611242203065, 610: 0.15899523299785306, 620: 0.1571166671720552, 630: 0.1564668328489786, 640: 0.1557655519909329, 650: 0.15602271165008896, 660: 0.1548759600998443, 670: 0.15669270941504726, 680: 0.1561177416716093, 690: 0.15480674387496193, 700: 0.1552171876585042, 710: 0.15485553941976876, 720: 0.15491022725164155}",690,0.15480674387496193,0.1,0.01,0.005
bostonHousing,dropoutFCN,32,1e-09,0.0001,"{0: 0.9526957063027371, 10: 0.5497418214509516, 20: 0.3628440675728115, 30: 0.27454529529736366, 40: 0.2381424851439617, 50: 0.22062660308531773, 60: 0.20913123030353473, 70: 0.20026069938400645, 80: 0.19342281757681457, 90: 0.1883234532343017, 100: 0.1842655435388471, 110: 0.18106295081936283, 120: 0.17863230011713357, 130: 0.176585808157185, 140: 0.17514930097041306, 150: 0.17360846569508684, 160: 0.17258258053550013, 170: 0.17149434446552653, 180: 0.17097151864458013, 190: 0.17026884596288938, 200: 0.16996615017637795, 210: 0.1696684123557291, 220: 0.16938208606508043, 230: 0.16870770936394916, 240: 0.16835358058228905, 250: 0.1680983699398276, 260: 0.1681077030337887, 270: 0.1677465473060255, 280: 0.1671669034310329, 290: 0.16689224890720694, 300: 0.1666565759682361, 310: 0.16665628692250195, 320: 0.1657283859120475, 330: 0.16580151205445512, 340: 0.1654952296504268, 350: 0.16488632692231073, 360: 0.1645136543630082, 370: 0.16445176895753838, 380: 0.16436697509553697, 390: 0.16349763277872106, 400: 0.16391607081448592, 410: 0.16366377255798858, 420: 0.16402033010014783}",390,0.16349763277872106,0.1,0.01,0.001
bostonHousing,dropoutFCN,32,1e-09,0.0005,"{0: 0.7574271097595309, 10: 0.25744652678201224, 20: 0.22191609388884204, 30: 0.20100632144345174, 40: 0.18986736394372988, 50: 0.18514323052432805, 60: 0.18165502485669688, 70: 0.17717864686324272, 80: 0.1716867020652618, 90: 0.1656560290558839, 100: 0.16872515209295133, 110: 0.16735937227437525, 120: 0.16120916249943368, 130: 0.16098066518704096, 140: 0.15855353857264104, 150: 0.16296445556260922, 160: 0.15502118091156453, 170: 0.15868950140329055, 180: 0.15418102984075194, 190: 0.15297969671679132, 200: 0.1531267668729947, 210: 0.15791924671258456, 220: 0.15617412188906726}",190,0.15297969671679132,0.1,0.01,0.2
bostonHousing,dropoutFCN,32,1e-09,0.0005,"{0: 0.7340911120912175, 10: 0.22865950325388967, 20: 0.19341378379383203, 30: 0.17826387308262012, 40: 0.17240191484675, 50: 0.17034130872767644, 60: 0.16697938644591676, 70: 0.16209506261863826, 80: 0.15934470327180106, 90: 0.15605620154995975, 100: 0.15527266300754783, 110: 0.15105479573026118, 120: 0.15602609800335804, 130: 0.15059395989886037, 140: 0.14847699403762818, 150: 0.15086246971730832, 160: 0.1453237745680927, 170: 0.14782774102540663, 180: 0.14761778395852926, 190: 0.1475380180794516}",160,0.1453237745680927,0.1,0.01,0.1
bostonHousing,dropoutFCN,32,1e-09,0.0005,"{0: 0.7422122441324186, 10: 0.222306891264003, 20: 0.18359408807239413, 30: 0.17231478446427687, 40: 0.16134697084809527, 50: 0.16104573226637312, 60: 0.15677920920245442, 70: 0.14983864505717787, 80: 0.1538669341692218, 90: 0.1493256103661325, 100: 0.15093816813127497, 110: 0.14672984212269016, 120: 0.1418471521433489, 130: 0.143313291300962, 140: 0.14629735300938287, 150: 0.14387270651849698}",120,0.1418471521433489,0.1,0.01,0.05
bostonHousing,dropoutFCN,32,1e-09,0.0005,"{0: 0.7703739601152915, 10: 0.2243000462283323, 20: 0.19644250264506283, 30: 0.18566112992940126, 40: 0.18129269436553672, 50: 0.18147723626943282, 60: 0.17805421661447596, 70: 0.17685471213894127, 80: 0.1757549586119475, 90: 0.169979312096113, 100: 0.17174242975903148, 110: 0.17060361912956945, 120: 0.17167797044471458}",90,0.169979312096113,0.1,0.01,0.01
bostonHousing,dropoutFCN,32,1e-09,0.0005,"{0: 0.69744243533523, 10: 0.20476007663909299, 20: 0.17143747642820265, 30: 0.1604675844679644, 40: 0.15696848963881715, 50: 0.15186716831392713, 60: 0.15345134981620462, 70: 0.15371995211383443, 80: 0.15250135958194733}",50,0.15186716831392713,0.1,0.01,0.005
bostonHousing,dropoutFCN,32,1e-09,0.0005,"{0: 0.7505247924798801, 10: 0.21897311834273517, 20: 0.18248019919351294, 30: 0.17148564176426992, 40: 0.16812098813645635, 50: 0.16650039469018396, 60: 0.16545792818069457, 70: 0.1648762536821542, 80: 0.16386664905297904, 90: 0.16215382492468683, 100: 0.16271061878881338, 110: 0.16111627734369702, 120: 0.1596503323059023, 130: 0.16009056356586054, 140: 0.15899525490807898, 150: 0.15874786150676234, 160: 0.16153159555461674, 170: 0.15817885014377997, 180: 0.1588425545412817, 190: 0.1569368423135192, 200: 0.16038142564120114, 210: 0.16049427815057613, 220: 0.1586917663981885}",190,0.1569368423135192,0.1,0.01,0.001
bostonHousing,dropoutFCN,32,1e-09,0.001,"{0: 0.5791633542857052, 10: 0.20274089876516363, 20: 0.1778172813447905, 30: 0.17012185761590065, 40: 0.16845231812309333, 50: 0.1541027405931626, 60: 0.15516445774722984, 70: 0.1615242975545518, 80: 0.15153223426989565, 90: 0.1558501309082832, 100: 0.15586220925604857, 110: 0.14882154196132852, 120: 0.15731913487852356, 130: 0.1502098552054829, 140: 0.14671610154119538, 150: 0.15156974108130844, 160: 0.15208221042965664, 170: 0.1484272090925111}",140,0.14671610154119538,0.1,0.01,0.2
bostonHousing,dropoutFCN,32,1e-09,0.001,"{0: 0.5646562769273181, 10: 0.195061973914688, 20: 0.17683918247988192, 30: 0.16156438379376023, 40: 0.15831695318589975, 50: 0.154325591634821, 60: 0.15248835270787464, 70: 0.15071700960397721, 80: 0.14856898159156612, 90: 0.1532519939321059, 100: 0.14802278263701335, 110: 0.1467740800645616, 120: 0.1402404355230155, 130: 0.14241934247590876, 140: 0.145926891874384, 150: 0.1482160014870726}",120,0.1402404355230155,0.1,0.01,0.1
bostonHousing,dropoutFCN,32,1e-09,0.001,"{0: 0.5302913762537049, 10: 0.1767248804554527, 20: 0.16204274366667243, 30: 0.15934946754096466, 40: 0.15807982318931157, 50: 0.15220605260060158, 60: 0.1504875992367297, 70: 0.14414584537347158, 80: 0.14694533657144618, 90: 0.14564064529574947, 100: 0.1376854200973923, 110: 0.14191688174082911, 120: 0.1324574031395677, 130: 0.137112882843724, 140: 0.13176139453311025, 150: 0.1331258600876655, 160: 0.1319537571918817, 170: 0.13972384017190814}",140,0.13176139453311025,0.1,0.01,0.05
bostonHousing,dropoutFCN,32,1e-09,0.001,"{0: 0.5852331970944816, 10: 0.19084781610671384, 20: 0.16270616394870077, 30: 0.15480336999451674, 40: 0.14951329507209637, 50: 0.15285692428365166, 60: 0.14719912269969043, 70: 0.14564683816315213, 80: 0.1439584227623763, 90: 0.1447175341623801, 100: 0.1446589806565532, 110: 0.14919790754347673}",80,0.1439584227623763,0.1,0.01,0.01
bostonHousing,dropoutFCN,32,1e-09,0.001,"{0: 0.53165440009332, 10: 0.2005501628473953, 20: 0.18500006290865534, 30: 0.18197249817995378, 40: 0.18075671118718606, 50: 0.1797125803835598, 60: 0.1766441824259581, 70: 0.1747883904311392, 80: 0.17560876376099055, 90: 0.17425533544134209, 100: 0.17629768995591152, 110: 0.18036886085698636, 120: 0.18239848792185018}",90,0.17425533544134209,0.1,0.01,0.005
bostonHousing,dropoutFCN,32,1e-09,0.001,"{0: 0.6043742599678628, 10: 0.190238569897634, 20: 0.1722301952264927, 30: 0.16724202215303607, 40: 0.16812065256598557, 50: 0.16334420952164097, 60: 0.1587373822927475, 70: 0.15965417985930855, 80: 0.15973259889417224, 90: 0.15936119950112}",60,0.1587373822927475,0.1,0.01,0.001
bostonHousing,dropoutFCN,32,1e-09,0.002,"{0: 0.44015912695063475, 10: 0.19211065105082076, 20: 0.187305685804214, 30: 0.173533014640396, 40: 0.16950178768163845, 50: 0.1678042300321438, 60: 0.1570386332494241, 70: 0.15471030203280625, 80: 0.15286291775144176, 90: 0.15746626379313292, 100: 0.13778241103813973, 110: 0.14777809269266365, 120: 0.13997257920327008, 130: 0.15242445949051114}",100,0.13778241103813973,0.1,0.01,0.2
bostonHousing,dropoutFCN,32,1e-09,0.002,"{0: 0.4222244052607336, 10: 0.1873484954605868, 20: 0.17780372229991134, 30: 0.1591917688463941, 40: 0.15842615537069463, 50: 0.15772487191874304, 60: 0.15225606297637206, 70: 0.15968329637874792, 80: 0.15515701710074034, 90: 0.14965680725412606, 100: 0.14637063256016486, 110: 0.14610603666967814, 120: 0.14861219155567665, 130: 0.14686130141770398, 140: 0.14457376398790028, 150: 0.1476906222693714, 160: 0.143987013326015, 170: 0.1385775751721712, 180: 0.15035285888998595, 190: 0.14635462681820363, 200: 0.14737195722114893}",170,0.1385775751721712,0.1,0.01,0.1
bostonHousing,dropoutFCN,32,1e-09,0.002,"{0: 0.4319598864626001, 10: 0.1854442274680844, 20: 0.17151727429878566, 30: 0.17256801851369716, 40: 0.1600228880290632, 50: 0.16358628508485393, 60: 0.1651574765274554, 70: 0.1641118781802095}",40,0.1600228880290632,0.1,0.01,0.05
bostonHousing,dropoutFCN,32,1e-09,0.002,"{0: 0.42743954934455725, 10: 0.17772964114024314, 20: 0.16774190320276922, 30: 0.16129213168665216, 40: 0.16249424239367616, 50: 0.1590868999192744, 60: 0.1559386972475935, 70: 0.16035853668495462, 80: 0.15820519723642018, 90: 0.16156441775369051}",60,0.1559386972475935,0.1,0.01,0.01
bostonHousing,dropoutFCN,32,1e-09,0.002,"{0: 0.4250516545257451, 10: 0.1812492760611169, 20: 0.17242751371713333, 30: 0.16065041562657298, 40: 0.17899004108743904, 50: 0.1582360302224571, 60: 0.1649786444541849, 70: 0.1599810208067482, 80: 0.1630197920916993}",50,0.1582360302224571,0.1,0.01,0.005
bostonHousing,dropoutFCN,32,1e-09,0.002,"{0: 0.4445099325091751, 10: 0.17649719886205814, 20: 0.1638571604902362, 30: 0.1590931256980072, 40: 0.16468547501681763, 50: 0.15034017358665114, 60: 0.1460717757358963, 70: 0.15386483356540587, 80: 0.15370161963833703, 90: 0.15527641900159694}",60,0.1460717757358963,0.1,0.01,0.001
concrete,fixnoiseFCN,32,0.1,0.0001,"{0: 0.9641470403170814, 10: 0.6157245640823423, 20: 0.4511176624927183, 30: 0.3904008840452894, 40: 0.35398911788233633, 50: 0.32760009300263826, 60: 0.30788551997297003, 70: 0.2928965845884699, 80: 0.28145999527911475, 90: 0.27288923750431204, 100: 0.2662494603256473, 110: 0.26100100734248394, 120: 0.25677458098947076, 130: 0.2532619959750355, 140: 0.2500252666689472, 150: 0.24712752829468965, 160: 0.24472461155649478, 170: 0.24260684156177753, 180: 0.24068954440735485, 190: 0.2389748149920814, 200: 0.2374189294385672, 210: 0.2360894246843243, 220: 0.2349064470535724, 230: 0.2338179622619177, 240: 0.23285934233083955, 250: 0.23192684807957145, 260: 0.2310487259058757, 270: 0.23020442135945923, 280: 0.2294869210743411, 290: 0.22884878371899336, 300: 0.22829427359263632, 310: 0.22776978205451676, 320: 0.22728622403472154, 330: 0.22678873833723184, 340: 0.22635336230264622, 350: 0.22597355974553163, 360: 0.22559586977890395, 370: 0.22523590940131316, 380: 0.22492337481960578, 390: 0.2246463700521019, 400: 0.22437492730259806, 410: 0.2241018401410125, 420: 0.22386171125927326, 430: 0.22364177347198733, 440: 0.22341443916679485, 450: 0.22317326498115317, 460: 0.22294604132341528, 470: 0.22272417824277593, 480: 0.22248485050924777, 490: 0.22225206966686054, 500: 0.22203290164790063, 510: 0.22185363612424772, 520: 0.2216886171533369, 530: 0.22155152435742834, 540: 0.22143706562833176, 550: 0.22133366927614673, 560: 0.22120738046826122, 570: 0.2211015225337861, 580: 0.22097321958869628, 590: 0.22085371117744282, 600: 0.22075814463379909, 610: 0.22065965683567726, 620: 0.2205506463436973, 630: 0.22047726226630515, 640: 0.22037312844320747, 650: 0.22029804686231694, 660: 0.22022027303499817, 670: 0.22015540967737407, 680: 0.22009808631645514, 690: 0.22004055575351317, 700: 0.21999396103459734, 710: 0.219934339792924, 720: 0.21989197309170933, 730: 0.21984344109738657, 740: 0.21980655560450296, 750: 0.2197667093589318, 760: 0.21972641178516222, 770: 0.2196957376757905, 780: 0.2196553172127062, 790: 0.21961763586223962, 800: 0.21957448304481447, 810: 0.21954261879765008, 820: 0.21950621699778045, 830: 0.21947811257614527, 840: 0.21944725113197422, 850: 0.21941346952794927, 860: 0.21937045726151444, 870: 0.21933618466510918, 880: 0.21932081329276273, 890: 0.21928613403717062, 900: 0.2192623978613133, 910: 0.21924170906884707, 920: 0.21921719571417203, 930: 0.2192066001058374, 940: 0.21917839530852662, 950: 0.2191694133712773, 960: 0.21914694698592158, 970: 0.2191321114641776, 980: 0.2191188727033993, 990: 0.2191021986763872, 1000: 0.21909941170427943, 1010: 0.21908475337408245, 1020: 0.2190748130136389, 1030: 0.21905233678305405, 1040: 0.21903584436342088, 1050: 0.21901755363387881, 1060: 0.21900911438117093, 1070: 0.21898789468026564, 1080: 0.21897355705334448, 1090: 0.21897067140537288, 1100: 0.21895992508308143, 1110: 0.21895825775878483, 1120: 0.2189519846015345, 1130: 0.21894478462796166, 1140: 0.21893975041404706, 1150: 0.21892770544883944, 1160: 0.21892185927395547, 1170: 0.21891960420909404, 1180: 0.218917099162771, 1190: 0.21890411842105043, 1200: 0.21888568810562425, 1210: 0.2188898473794118, 1220: 0.2188749150374556, 1230: 0.21886716498988518, 1240: 0.21886536699022438, 1250: 0.21885285704645155, 1260: 0.21885448319541467, 1270: 0.2188665667011045, 1280: 0.21885737427685847}",1250,0.21885285704645155,0.001,0.01,0.01
concrete,fixnoiseFCN,32,0.1,0.0001,"{0: 0.9645492579350187, 10: 0.5993985006158121, 20: 0.43327768622727547, 30: 0.3745043440258952, 40: 0.340480499245331, 50: 0.3173133125194161, 60: 0.3008686851532214, 70: 0.28879105359293844, 80: 0.279705128097261, 90: 0.2725270427608173, 100: 0.2666473956920443, 110: 0.261792431803584, 120: 0.2577990768865268, 130: 0.25436163176817533, 140: 0.2513945132789132, 150: 0.24868625284761126, 160: 0.24623595462802245, 170: 0.24408684592509572, 180: 0.2422558488568507, 190: 0.2406454467318583, 200: 0.23938082376664335, 210: 0.23836409867162275, 220: 0.2373019312963121, 230: 0.23626264137256525, 240: 0.2350623482596804, 250: 0.23403260499910788, 260: 0.2331191114565882, 270: 0.232383586188664, 280: 0.23166920324034454, 290: 0.23097433670474174, 300: 0.23032973800347367, 310: 0.2297401606393407, 320: 0.22919874915692068, 330: 0.22873326358580184, 340: 0.22828184102509783, 350: 0.22780263570915835, 360: 0.2274272080130341, 370: 0.2270413047253689, 380: 0.2267030876106187, 390: 0.22637993948125254, 400: 0.22607345200706125, 410: 0.2257504428325101, 420: 0.22546772553558622, 430: 0.22517391823711258, 440: 0.2249022260473467, 450: 0.2246484455033443, 460: 0.22442272012817885, 470: 0.22418705823559365, 480: 0.22398081454881366, 490: 0.2237733621150806, 500: 0.2235919922665147, 510: 0.2234136163090347, 520: 0.22321552451757792, 530: 0.22305765707351416, 540: 0.2229088855340405, 550: 0.2227991899242246, 560: 0.22269933228515204, 570: 0.22257643703621843, 580: 0.2224300140817564, 590: 0.2223284935147253, 600: 0.22218037568313584, 610: 0.22208597866874752, 620: 0.22198727444816502, 630: 0.22189880777720336, 640: 0.22180162757767277, 650: 0.2217127747346935, 660: 0.2216126777049972, 670: 0.22153174968699307, 680: 0.22147057730679767, 690: 0.22139615645705116, 700: 0.22134305057806256, 710: 0.22127383669349587, 720: 0.22121763578154208, 730: 0.22115141821861353, 740: 0.22110688482963942, 750: 0.22104057932188576, 760: 0.22098451398946314, 770: 0.22094444920575276, 780: 0.22088345764007994, 790: 0.22086106501448094, 800: 0.22082106284461284, 810: 0.2207574673314184, 820: 0.2207228944418127, 830: 0.22071394402343786, 840: 0.2206782587352763, 850: 0.2206348965117117, 860: 0.2206140529591775, 870: 0.22057631284505108, 880: 0.22057048589817171, 890: 0.22056497315048115, 900: 0.22054687933719608, 910: 0.22052282670384765, 920: 0.2204880923789383, 930: 0.22049586720726091, 940: 0.2204699022911561, 950: 0.22046953873476186, 960: 0.2204443407725028, 970: 0.22043584833861893, 980: 0.22040189588732922, 990: 0.2203885996697439, 1000: 0.22038695929507282, 1010: 0.2203719118638384, 1020: 0.2203622450861813, 1030: 0.22033483872293372, 1040: 0.22032455077313617, 1050: 0.2202935628287896, 1060: 0.2202859204875392, 1070: 0.220265376648569, 1080: 0.2202649052778131, 1090: 0.2202460724199074, 1100: 0.2202305969594808, 1110: 0.2202278295733139, 1120: 0.22021342902769886, 1130: 0.22021263751986725, 1140: 0.22019800434080392, 1150: 0.2201913424827439, 1160: 0.22018407104714482, 1170: 0.22015202999522482, 1180: 0.22014804080172726, 1190: 0.22015138078081722, 1200: 0.22015249300833464, 1210: 0.220130154854905, 1220: 0.22014385944734832, 1230: 0.22012049400665457, 1240: 0.22008388469660628, 1250: 0.22008580207130862, 1260: 0.2200902121780056, 1270: 0.22007253382539452, 1280: 0.22007055084483323, 1290: 0.22006521912356353, 1300: 0.2200590698158882, 1310: 0.22004762163436684, 1320: 0.22003028240894618, 1330: 0.22002425571370812, 1340: 0.22002735685009212, 1350: 0.22003369343727935, 1360: 0.22000366944431468, 1370: 0.21999085315876948, 1380: 0.21998711820386202, 1390: 0.21998453542876492, 1400: 0.21998277555823503, 1410: 0.21996889464981187, 1420: 0.2199626436608197, 1430: 0.21997499993738648, 1440: 0.21996601547553024, 1450: 0.21997565573495753}",1420,0.2199626436608197,0.005,0.01,0.01
concrete,fixnoiseFCN,32,0.1,0.0001,"{0: 0.9474427253109212, 10: 0.5764015730195633, 20: 0.42929438557786936, 30: 0.3797554062653804, 40: 0.35049874999064123, 50: 0.3293994580124452, 60: 0.3131987789271059, 70: 0.3005912904512944, 80: 0.2903042388290541, 90: 0.28179244707688883, 100: 0.2747448494934586, 110: 0.2689994934787155, 120: 0.2640653791219679, 130: 0.25979706424853577, 140: 0.2562144471174113, 150: 0.2532172200824936, 160: 0.2506170634166541, 170: 0.2480856004692146, 180: 0.24574330554579857, 190: 0.2438858339563838, 200: 0.24230749252178624, 210: 0.24061126439673144, 220: 0.23896841145616854, 230: 0.23757925354808856, 240: 0.23638353251906477, 250: 0.2352414027958866, 260: 0.23428825412823903, 270: 0.23345099161310895, 280: 0.23278060434409537, 290: 0.23215782316113875, 300: 0.23154458626003419, 310: 0.23096187641851035, 320: 0.2304470013389302, 330: 0.2299581076361167, 340: 0.22946313638259372, 350: 0.22894717734364872, 360: 0.22849672664108317, 370: 0.22800184773037543, 380: 0.22761958762838147, 390: 0.22723834703299883, 400: 0.22689780922957642, 410: 0.22656306296862327, 420: 0.22623200386167897, 430: 0.2259268198477852, 440: 0.22566022954104747, 450: 0.22541571125982868, 460: 0.22514152010986743, 470: 0.224910275248779, 480: 0.22470471727246716, 490: 0.22447265058910065, 500: 0.2242756760615996, 510: 0.22408219253475017, 520: 0.2239130858444806, 530: 0.22372406705288825, 540: 0.22351006891724365, 550: 0.22338412116929413, 560: 0.22324557672318757, 570: 0.22309920690816062, 580: 0.22294746394696627, 590: 0.22281973395229535, 600: 0.22264505319622208, 610: 0.22253042213701354, 620: 0.22239105515220564, 630: 0.22227846244816768, 640: 0.22217146213109285, 650: 0.22209987385409108, 660: 0.22194534717657702, 670: 0.22183845894861381, 680: 0.22170824269321524, 690: 0.22161033623234397, 700: 0.2215456335083564, 710: 0.22144313113178837, 720: 0.22134934733674777, 730: 0.22129857012774884, 740: 0.2212203768876994, 750: 0.2211495747259169, 760: 0.22108874452021593, 770: 0.22102615588376984, 780: 0.22097633865261992, 790: 0.22093327371052524, 800: 0.2209296622931825, 810: 0.22091910174806212, 820: 0.2209190681065706, 830: 0.2208649717715169, 840: 0.2208559997052681, 850: 0.22082020689261816, 860: 0.22077719012499736, 870: 0.22074281458656872, 880: 0.22074274659244905, 890: 0.22069838883640233, 900: 0.22065310340795968, 910: 0.22061694805380244, 920: 0.2206080069221661, 930: 0.2205693128238056, 940: 0.22053193770850138, 950: 0.22051326725441972, 960: 0.22048750006196594, 970: 0.22046657157270272, 980: 0.22038127699100082, 990: 0.22036800849871643, 1000: 0.22035322643711847, 1010: 0.22031398665955662, 1020: 0.22029466560249494, 1030: 0.22025548263459144, 1040: 0.2202338878865473, 1050: 0.22017919638435748, 1060: 0.22018645308873258, 1070: 0.22012942728836365, 1080: 0.22013018571914164, 1090: 0.22010296463184414, 1100: 0.22009449466985856, 1110: 0.22007114267666433, 1120: 0.2200524220510447, 1130: 0.22002025338703407, 1140: 0.21999988096659479, 1150: 0.22002834352282621, 1160: 0.2199706829676827, 1170: 0.21994107331620794, 1180: 0.2199134492985381, 1190: 0.21993425973040565, 1200: 0.219909503714781, 1210: 0.21987526257733725, 1220: 0.21987214406650768, 1230: 0.21986998630821133, 1240: 0.21982876289445916, 1250: 0.21985767206822776, 1260: 0.21982067471894612, 1270: 0.21981562497368232, 1280: 0.21980472791551753, 1290: 0.21977787900272777, 1300: 0.21978074266680592, 1310: 0.21975845403137778, 1320: 0.21973789755098042, 1330: 0.21978990973462814, 1340: 0.21973642058301573, 1350: 0.21972082441106872, 1360: 0.2197305858713428, 1370: 0.21972188369111492, 1380: 0.21969491648744496, 1390: 0.21972199328568628, 1400: 0.21968739423204245, 1410: 0.21971681889369585, 1420: 0.21967817182584506, 1430: 0.21967704372798522, 1440: 0.21968389635560076, 1450: 0.21964628585679655, 1460: 0.21966706656222418, 1470: 0.21964576267900945, 1480: 0.21965126952427633, 1490: 0.2196349953742752, 1500: 0.2195974255495836, 1510: 0.21963323682315333, 1520: 0.21961529111904032, 1530: 0.21963754146740513}",1500,0.2195974255495836,0.01,0.01,0.01
concrete,fixnoiseFCN,32,0.1,0.0001,"{0: 0.9422886493905596, 10: 0.5967719067050543, 20: 0.44268466296146647, 30: 0.38923139560205, 40: 0.3574118008784514, 50: 0.3339788790206863, 60: 0.3158892859706858, 70: 0.30186133194414666, 80: 0.2908983292658066, 90: 0.2820927110406882, 100: 0.2748307564473557, 110: 0.2686668057450082, 120: 0.2635898879273944, 130: 0.2591974845481245, 140: 0.255562995680486, 150: 0.25196017264383685, 160: 0.2491168255031285, 170: 0.24666212742890767, 180: 0.24445020334562462, 190: 0.24253120093513486, 200: 0.24070727650161503, 210: 0.2389231289858212, 220: 0.237310017270352, 230: 0.23601289245292426, 240: 0.23488560089085692, 250: 0.2339798060254485, 260: 0.23304370491110826, 270: 0.23246669341118267, 280: 0.23169326012267155, 290: 0.23098031644182826, 300: 0.2303458535155806, 310: 0.2297804190986084, 320: 0.22938508524488538, 330: 0.228975397013706, 340: 0.22853046869799903, 350: 0.22804138618216457, 360: 0.22767649555384714, 370: 0.22734056489661897, 380: 0.2269272838662883, 390: 0.2266290445990326, 400: 0.2263909932245216, 410: 0.2261069971202967, 420: 0.22585138839985475, 430: 0.22547147748134178, 440: 0.22524923489290702, 450: 0.22493614792350214, 460: 0.2247958681213133, 470: 0.22452196483887837, 480: 0.2244450682085572, 490: 0.22427942167893217, 500: 0.22410612626410115, 510: 0.22390467770050743, 520: 0.22374902948990455, 530: 0.2237173189588458, 540: 0.22348672895158828, 550: 0.22329660496730233, 560: 0.22323640334412334, 570: 0.2231496307308905, 580: 0.22296397154860292, 590: 0.22277317526863838, 600: 0.2227824388182304, 610: 0.22270610608452351, 620: 0.22259166458923113, 630: 0.22247425086658618, 640: 0.2224175398702632, 650: 0.22227724750032712, 660: 0.22228529631463756, 670: 0.22213576558225698, 680: 0.2220613974624665, 690: 0.22202296159979773, 700: 0.22182989413969093, 710: 0.22186451793080422, 720: 0.2216965489395662, 730: 0.22169011742096867, 740: 0.22159115257533232, 750: 0.22163350927404624, 760: 0.22161524124625256, 770: 0.22130704416789482, 780: 0.22122044168528326, 790: 0.22130468676773957, 800: 0.2212075850621956, 810: 0.22120303966187588, 820: 0.22118553776313266, 830: 0.22115724835431938, 840: 0.2210557224667037, 850: 0.22106269066543466, 860: 0.2209556978870478, 870: 0.22094312766064386, 880: 0.22098742328215243, 890: 0.220943588630213, 900: 0.22089212907942155, 910: 0.22075420182751712, 920: 0.22081713415930118, 930: 0.2208356119502895, 940: 0.22074620386195992, 950: 0.22077742373478562, 960: 0.22072751400145618, 970: 0.22065767930874275, 980: 0.22059877346620146, 990: 0.22056835591583807, 1000: 0.22060373750236506, 1010: 0.22060496049066516, 1020: 0.2205690906745852}",990,0.22056835591583807,0.05,0.01,0.01
concrete,fixnoiseFCN,32,0.1,0.0001,"{0: 0.9564826080751525, 10: 0.5877665004052679, 20: 0.4350894499948442, 30: 0.38400332571838136, 40: 0.3535496105309865, 50: 0.33126834003883915, 60: 0.3148099395879445, 70: 0.30136953917394627, 80: 0.290998060096438, 90: 0.28179658184030365, 100: 0.2743197327142985, 110: 0.2680997682049463, 120: 0.2633722146267329, 130: 0.25863076944341945, 140: 0.2547299875744123, 150: 0.25142874692711936, 160: 0.24868038087741856, 170: 0.24605944519902456, 180: 0.24394826975989062, 190: 0.2418661287479813, 200: 0.2405573530685699, 210: 0.23903447803564187, 220: 0.23736655851788901, 230: 0.23654932031962753, 240: 0.2351363743994735, 250: 0.23445946058056047, 260: 0.23337241757383015, 270: 0.232594475863668, 280: 0.23191273134975457, 290: 0.23124078602468798, 300: 0.23028850746425716, 310: 0.22987127129206023, 320: 0.2289802701342837, 330: 0.22855705197980383, 340: 0.22820751847642837, 350: 0.2278290701877251, 360: 0.22752839350306098, 370: 0.22715440069767873, 380: 0.22684988869785028, 390: 0.226497485219375, 400: 0.22631019408041606, 410: 0.22591679419950478, 420: 0.22596685766501948, 430: 0.2255111809252195, 440: 0.2251012243293033, 450: 0.22494548905472883, 460: 0.22492704796773455, 470: 0.2249942947895502, 480: 0.22459280590271388, 490: 0.22431457910772085, 500: 0.22430255030438095, 510: 0.22393101615678446, 520: 0.22404955959923606, 530: 0.2235937175662405, 540: 0.2234906024258399, 550: 0.22344926173906812, 560: 0.22323470446383697, 570: 0.22312091055582917, 580: 0.22313333575593833, 590: 0.22290354717476055, 600: 0.2228618874024746, 610: 0.2226981093759283, 620: 0.22274195374688305, 630: 0.2225574871828313, 640: 0.22252512507047023, 650: 0.22282769267196048, 660: 0.22220108040354472, 670: 0.22242251417699427, 680: 0.22208484354035907, 690: 0.22235658466694802, 700: 0.22233332406214582, 710: 0.2218569574497932, 720: 0.2220339375418244, 730: 0.22190957293387967, 740: 0.22188501724316648}",710,0.2218569574497932,0.1,0.01,0.01
concrete,fixnoiseFCN,32,0.1,0.0005,"{0: 0.8018368529542146, 10: 0.3228896587062834, 20: 0.26798274343443723, 30: 0.24900296589740983, 40: 0.23956433603632302, 50: 0.2334599966564094, 60: 0.23012296007250913, 70: 0.22781670564679596, 80: 0.2263117812712679, 90: 0.22525047154445957, 100: 0.22441768344912982, 110: 0.223692894509036, 120: 0.22316872486022782, 130: 0.2228007079283132, 140: 0.22244427403629224, 150: 0.22214503011600847, 160: 0.22188032284334955, 170: 0.2216834917753737, 180: 0.22153527710749232, 190: 0.2213864484334644, 200: 0.2212711601487945, 210: 0.22115244417083063, 220: 0.22108248202219682, 230: 0.22099447158139807, 240: 0.220944829375565, 250: 0.22083959409706871, 260: 0.22076344848350957, 270: 0.22074222346928854, 280: 0.22072251936262482, 290: 0.22064582393223148, 300: 0.22061627368110245, 310: 0.22055077968342868, 320: 0.2205494660860463, 330: 0.2205161364956952, 340: 0.22049956913709817, 350: 0.22050430195327606, 360: 0.22045017330439903, 370: 0.220445287138532, 380: 0.22041968699206005, 390: 0.2204179026240432, 400: 0.22037599752820253, 410: 0.22044388192555062, 420: 0.2203702675502166, 430: 0.22037500595625734, 440: 0.220357843635484, 450: 0.22032895584537732, 460: 0.220302262250926, 470: 0.22031473390113754, 480: 0.22029221518803593, 490: 0.2202817544385141, 500: 0.22028929639450726, 510: 0.22029232075312627, 520: 0.22028369684738752}",490,0.2202817544385141,0.001,0.01,0.01
concrete,fixnoiseFCN,32,0.1,0.0005,"{0: 0.7914085383557957, 10: 0.323977379961227, 20: 0.2710360327421385, 30: 0.2513565866502673, 40: 0.24147103177613452, 50: 0.23515204520938754, 60: 0.23110052515060833, 70: 0.22853728380629684, 80: 0.22684510323189402, 90: 0.22548940136213705, 100: 0.2244679262744041, 110: 0.22368117901632192, 120: 0.2231697212991147, 130: 0.22273561697907565, 140: 0.22242866242528841, 150: 0.22219924169056343, 160: 0.22187758001711572, 170: 0.2217300211921808, 180: 0.2216037922217638, 190: 0.22149019316587726, 200: 0.22131736765073923, 210: 0.22126052547772113, 220: 0.22113854458441318, 230: 0.22111493127033696, 240: 0.22097030763593498, 250: 0.22094306604582908, 260: 0.22087268106270436, 270: 0.2208216032251462, 280: 0.2207871725820473, 290: 0.2206786130706822, 300: 0.220643518444616, 310: 0.22067243294844077, 320: 0.22063780187855625, 330: 0.22054194872754201, 340: 0.22054618563968345, 350: 0.22054942326717963, 360: 0.22052361377591306, 370: 0.22050631119666592, 380: 0.2205286513556398, 390: 0.22046023623719094, 400: 0.22044370141257558, 410: 0.2204809563889472, 420: 0.22044602922340806, 430: 0.22042481077439854, 440: 0.22037271573941353, 450: 0.22038814056463707, 460: 0.22036217891588442, 470: 0.2203830520986013, 480: 0.22040491321255612, 490: 0.22032423126602824, 500: 0.220355397725515, 510: 0.2203015101699369, 520: 0.2202826311059863, 530: 0.22027740711229252, 540: 0.2202786817416516, 550: 0.22026929398245576, 560: 0.22029282141363984, 570: 0.22027905363058128, 580: 0.2202260635163241, 590: 0.22026601620167163, 600: 0.22022170948083541, 610: 0.2202706080990109, 620: 0.22023430410120018, 630: 0.22025787294560772}",600,0.22022170948083541,0.005,0.01,0.01
concrete,fixnoiseFCN,32,0.1,0.0005,"{0: 0.7744704209348491, 10: 0.31930416785979043, 20: 0.266930732416252, 30: 0.24624364234391444, 40: 0.2365176274197373, 50: 0.23164292436558406, 60: 0.22898261425015845, 70: 0.22714153487144445, 80: 0.22591199888754843, 90: 0.22482712769984142, 100: 0.22392653137566598, 110: 0.22326582551222768, 120: 0.22278672291253637, 130: 0.22231640156185017, 140: 0.2219275127187184, 150: 0.22159657822248677, 160: 0.221330280289968, 170: 0.2211912758801482, 180: 0.22084939585765997, 190: 0.22065310062651977, 200: 0.22054350699571357, 210: 0.22045288277240652, 220: 0.22031750283678284, 230: 0.22019492336592233, 240: 0.2202065122956844, 250: 0.22004610620455572, 260: 0.21995227112584176, 270: 0.21995406573656218, 280: 0.21979985574925287, 290: 0.21974682487255542, 300: 0.21977235787833785, 310: 0.21962085247370194, 320: 0.2196578181001405, 330: 0.21959230313125752, 340: 0.21955331983230594, 350: 0.2195031563947576, 360: 0.21943177674348407, 370: 0.21945262505612986, 380: 0.21948994864469445, 390: 0.21943704165149333}",360,0.21943177674348407,0.01,0.01,0.01
concrete,fixnoiseFCN,32,0.1,0.0005,"{0: 0.7270293071696429, 10: 0.3197841111411453, 20: 0.2640622820691409, 30: 0.24548459557894858, 40: 0.237441119525667, 50: 0.23172250151953605, 60: 0.2293113427426933, 70: 0.22745719099498554, 80: 0.22614237424154152, 90: 0.2250357678496256, 100: 0.22427064607463673, 110: 0.22350464419015054, 120: 0.22311706269340256, 130: 0.22230204269686454, 140: 0.22225780016644214, 150: 0.22214473827186548, 160: 0.22178755101248765, 170: 0.22135223889606404, 180: 0.2211953777059395, 190: 0.2210833218454742, 200: 0.22116836609515717, 210: 0.2209251101878909, 220: 0.22065403898413855, 230: 0.22077312642701535, 240: 0.2208230852481619, 250: 0.22072130631118553}",220,0.22065403898413855,0.05,0.01,0.01
concrete,fixnoiseFCN,32,0.1,0.0005,"{0: 0.7807125835786991, 10: 0.3243682469380228, 20: 0.2726733969155278, 30: 0.25124986563304663, 40: 0.23953101071697733, 50: 0.23260499370787552, 60: 0.2293183839306819, 70: 0.22711767700607477, 80: 0.22659109011777048, 90: 0.2249905732455777, 100: 0.22424809402720808, 110: 0.22317232565237083, 120: 0.22325322596126368, 130: 0.22270598296491814, 140: 0.22274373609525844, 150: 0.22211342485267763, 160: 0.2221273687577697, 170: 0.22213809925729663, 180: 0.22142205649990992, 190: 0.22141007216249403, 200: 0.22118486978119156, 210: 0.22143597533712986, 220: 0.22118816618347115, 230: 0.2213050019038402}",200,0.22118486978119156,0.1,0.01,0.01
concrete,fixnoiseFCN,32,0.1,0.001,"{0: 0.6289721392607214, 10: 0.2794430031218268, 20: 0.24653618795534285, 30: 0.23550386647801883, 40: 0.23075490405822982, 50: 0.2283136339896446, 60: 0.22664504510159858, 70: 0.22560910490866687, 80: 0.22498422584001526, 90: 0.22447229604432958, 100: 0.22408690732184464, 110: 0.2238229574488871, 120: 0.22350127964440927, 130: 0.22326601332434884, 140: 0.22301306217864805, 150: 0.22290452253792079, 160: 0.22269060580821193, 170: 0.2225585670893666, 180: 0.2224379004774848, 190: 0.22231350420848228, 200: 0.22210654313134337, 210: 0.22199066541675982, 220: 0.22190677674739162, 230: 0.22186136114205243, 240: 0.22177741067614803, 250: 0.2215733162294426, 260: 0.22160465439413973, 270: 0.2215265043441093, 280: 0.22151688432305808, 290: 0.22147816511156027, 300: 0.22138899133743747, 310: 0.2213694192449296, 320: 0.22138920411952143, 330: 0.221368493671582, 340: 0.22133228055356344, 350: 0.2213170157596524, 360: 0.22131114427625298, 370: 0.22128640232829366, 380: 0.22124535972355738, 390: 0.22122571924121753, 400: 0.22121541644246245, 410: 0.22114004930631373, 420: 0.22119023390285014, 430: 0.22103223062781874, 440: 0.22115795221347678, 450: 0.22121736816021134, 460: 0.2212134704879276}",430,0.22103223062781874,0.001,0.01,0.01
concrete,fixnoiseFCN,32,0.1,0.001,"{0: 0.6547635425771509, 10: 0.2834638714153768, 20: 0.24743888828394067, 30: 0.23699832480348487, 40: 0.23252851832567192, 50: 0.2297326133156254, 60: 0.22792920691728677, 70: 0.2264507657567043, 80: 0.2254289924808766, 90: 0.22462162810149935, 100: 0.22396684374740103, 110: 0.22353137148600638, 120: 0.2232993786403715, 130: 0.22311196183197954, 140: 0.22287733650425584, 150: 0.22266458786291626, 160: 0.22244283886569916, 170: 0.22230702956319295, 180: 0.22224986513532805, 190: 0.22212825674693054, 200: 0.22197363489736296, 210: 0.2220150146410365, 220: 0.2218680409110218, 230: 0.22189151013582525, 240: 0.22178767918251835, 250: 0.22169437457137606, 260: 0.2216784814503443, 270: 0.22162505002735022, 280: 0.22159011746137916, 290: 0.22155100502894265, 300: 0.22151388866409757, 310: 0.2214383757039519, 320: 0.22143930639975262, 330: 0.22136804051790868, 340: 0.22135778226602634, 350: 0.22126144782887155, 360: 0.22127958663595398, 370: 0.22125350250163875, 380: 0.22117604374533126, 390: 0.22120479545083122, 400: 0.2211123980580659, 410: 0.22118712698309753, 420: 0.22107467033084638, 430: 0.22120384975673088, 440: 0.22093859554185133, 450: 0.22108586539527444, 460: 0.22108699264686282, 470: 0.22096784307737752}",440,0.22093859554185133,0.005,0.01,0.01
concrete,fixnoiseFCN,32,0.1,0.001,"{0: 0.6354646390055342, 10: 0.2822180792328083, 20: 0.24750642228241068, 30: 0.23530836637030683, 40: 0.23140290911142153, 50: 0.22905720676073127, 60: 0.22749802125795454, 70: 0.22649498884931635, 80: 0.2259693698112558, 90: 0.22537657607762532, 100: 0.22489704653345383, 110: 0.2246630604550826, 120: 0.22417783984731324, 130: 0.2238861892094281, 140: 0.22356008046713477, 150: 0.22352785694625582, 160: 0.22333697627891197, 170: 0.22318226898555746, 180: 0.22306421480924224, 190: 0.2229264891416341, 200: 0.2227974678089199, 210: 0.2226271204855252, 220: 0.222631934353337, 230: 0.22259408690040847, 240: 0.2224724615975961, 250: 0.22236124065756271, 260: 0.22237087744842263, 270: 0.22233701840109146, 280: 0.22227118340669874, 290: 0.22231484247758398, 300: 0.22212468625447612, 310: 0.22212386978317963, 320: 0.22198837193696921, 330: 0.22185186918794625, 340: 0.22193575580936842, 350: 0.22184935969396244, 360: 0.22184683858500262, 370: 0.2217341363455354, 380: 0.22176077867745914, 390: 0.2215561447122409, 400: 0.22141409792220781, 410: 0.22121244674742618, 420: 0.22116713917925016, 430: 0.22111760714553236, 440: 0.2210780093470328, 450: 0.2211474422519064, 460: 0.22119008804416093, 470: 0.22097265342838307, 480: 0.22096492496436823, 490: 0.22088118861779757, 500: 0.22080223704708213, 510: 0.2208919729819936, 520: 0.22092155455023116, 530: 0.2208348385169166}",500,0.22080223704708213,0.01,0.01,0.01
concrete,fixnoiseFCN,32,0.1,0.001,"{0: 0.6477089120411291, 10: 0.27691144716691196, 20: 0.24575288766690825, 30: 0.2349367194324842, 40: 0.23114064319545222, 50: 0.22895463960243873, 60: 0.22679228268976753, 70: 0.2258441262536373, 80: 0.2253571819602694, 90: 0.22495846859796878, 100: 0.22470505762677323, 110: 0.22391143121579712, 120: 0.2236990471774573, 130: 0.2234430770766532, 140: 0.2230370947183368, 150: 0.2230601268707164, 160: 0.22297254622467166, 170: 0.22285436574565157, 180: 0.2227242419941947, 190: 0.22244932359311637, 200: 0.22248620408117023, 210: 0.22222214715575958, 220: 0.2224375216387548, 230: 0.22241277588312483, 240: 0.22214032992742633, 250: 0.2217877401696781, 260: 0.2222947116198358, 270: 0.22212977876078616, 280: 0.22183127266747898}",250,0.2217877401696781,0.05,0.01,0.01
concrete,fixnoiseFCN,32,0.1,0.001,"{0: 0.6166812917997637, 10: 0.2787588002416529, 20: 0.2452884288458188, 30: 0.23598443287251966, 40: 0.2321191287838082, 50: 0.23013480858611604, 60: 0.227833433358738, 70: 0.2259936486526013, 80: 0.22542983569375513, 90: 0.22632339457803008, 100: 0.22624125424593533, 110: 0.2243737645822812, 120: 0.22627238524682597, 130: 0.2242639086129528, 140: 0.22487108479945728, 150: 0.2239027953270137, 160: 0.22446741031371306, 170: 0.22462588986576, 180: 0.22428850919184468}",150,0.2239027953270137,0.1,0.01,0.01
concrete,fixnoiseFCN,32,0.1,0.002,"{0: 0.44848473656996923, 10: 0.2482038516574935, 20: 0.23347855143739132, 30: 0.22992507200327433, 40: 0.22862116547377132, 50: 0.22787379429085736, 60: 0.2278746757532435, 70: 0.22776734752736089, 80: 0.22759005604125973, 90: 0.22747310184432412, 100: 0.22741255975086777, 110: 0.22730031549137605, 120: 0.22738586571532887, 130: 0.22696945247391112, 140: 0.2266965460523974, 150: 0.22712276320081243, 160: 0.22688350302461155, 170: 0.22680423935034147}",140,0.2266965460523974,0.001,0.01,0.01
concrete,fixnoiseFCN,32,0.1,0.002,"{0: 0.4512965731815065, 10: 0.24831433319353824, 20: 0.23414184733905885, 30: 0.23098841874205617, 40: 0.2299149478752791, 50: 0.22958069936046757, 60: 0.22887044286560504, 70: 0.22843881127046642, 80: 0.22842677658694988, 90: 0.22830555910215672, 100: 0.22811798697939115, 110: 0.22812450560546327, 120: 0.22795451786680215, 130: 0.2276790420467644, 140: 0.22767224041537187, 150: 0.22734398388148938, 160: 0.2275079014864306, 170: 0.2273836970340298, 180: 0.2269322788521526, 190: 0.2270891111833646, 200: 0.22674226149707394, 210: 0.22685971288243137, 220: 0.22639722890243297, 230: 0.22605196955551152, 240: 0.22620161999619987, 250: 0.2261946626596775, 260: 0.22597021245837476, 270: 0.22591588271298585, 280: 0.22589548106578575, 290: 0.22579363720820553, 300: 0.22552687257109794, 310: 0.2257839475606251, 320: 0.22542859225606177, 330: 0.2256565397579143, 340: 0.22535866274559666, 350: 0.2253053742052446, 360: 0.2255347049736307, 370: 0.22529173536932393, 380: 0.22529096578150787, 390: 0.22543724838156926, 400: 0.22532690690234247, 410: 0.22545711256029516}",380,0.22529096578150787,0.005,0.01,0.01
concrete,fixnoiseFCN,32,0.1,0.002,"{0: 0.46069043230719686, 10: 0.2519702299407299, 20: 0.2367994801447908, 30: 0.23185778300892576, 40: 0.23016014192625053, 50: 0.22972698700864141, 60: 0.22954067715211698, 70: 0.22914648051008152, 80: 0.22899486486614853, 90: 0.22862041315434162, 100: 0.2282950829600548, 110: 0.2279655095699181, 120: 0.22775571522409618, 130: 0.2276611430102688, 140: 0.22739886930692838, 150: 0.22754550143030072, 160: 0.22718582760490316, 170: 0.22724014782764607, 180: 0.2267926481908018, 190: 0.22692473818439957, 200: 0.2268641922811799, 210: 0.22677926407002205, 220: 0.22627112045762984, 230: 0.2266233567304287, 240: 0.2263908316436205, 250: 0.226440760140849}",220,0.22627112045762984,0.01,0.01,0.01
concrete,fixnoiseFCN,32,0.1,0.002,"{0: 0.46931575979511553, 10: 0.25253254114259904, 20: 0.2373395379529736, 30: 0.23417190053730827, 40: 0.23240046412765936, 50: 0.23265238597449422, 60: 0.23070081638214948, 70: 0.2309317302556278, 80: 0.22935886728217314, 90: 0.2294751010144629, 100: 0.22897594775280422, 110: 0.2292788410796911, 120: 0.22947510719849987, 130: 0.22834573273339806, 140: 0.22846433454500864, 150: 0.22860557357844652, 160: 0.228080196908819, 170: 0.22799541353826952, 180: 0.22806110952156877, 190: 0.22746260550514644, 200: 0.22788540701313717, 210: 0.22780679906441031, 220: 0.22752989486597772}",190,0.22746260550514644,0.05,0.01,0.01
concrete,fixnoiseFCN,32,0.1,0.002,"{0: 0.5004611908085507, 10: 0.2552786710038947, 20: 0.23891364759061395, 30: 0.23425254182404093, 40: 0.23354416747072934, 50: 0.23252946577663341, 60: 0.23021689148254953, 70: 0.22934316204815378, 80: 0.22960187512398295, 90: 0.22968931223495045, 100: 0.2287938763349918, 110: 0.22885764461795405, 120: 0.22971851551810282, 130: 0.22852553914232954, 140: 0.22814015355206205, 150: 0.22914415142290342, 160: 0.2276991603461267, 170: 0.22890056581869006, 180: 0.22831758817940045, 190: 0.22925555390137173}",160,0.2276991603461267,0.1,0.01,0.01
concrete,fixnoiseFCN,32,0.01,0.0001,"{0: 0.9330242245125049, 10: 0.46728908033698735, 20: 0.3465541640849177, 30: 0.28162626446350714, 40: 0.2406078647844719, 50: 0.21621138559498793, 60: 0.20095166292242533, 70: 0.19061658731860667, 80: 0.18285076367881506, 90: 0.17647520016496127, 100: 0.17123284960334953, 110: 0.16658993069366093, 120: 0.1625015648621281, 130: 0.15885856820712332, 140: 0.15567442448444924, 150: 0.15274185819717928, 160: 0.1501755335226556, 170: 0.14783013685876936, 180: 0.14571924790629878, 190: 0.1438101751102356, 200: 0.14206711620004284, 210: 0.1404879375320845, 220: 0.1389177703555654, 230: 0.13746042728357993, 240: 0.13610031703480155, 250: 0.13482628569348337, 260: 0.13365366878317003, 270: 0.132561146416161, 280: 0.13154293341167045, 290: 0.13044719926060258, 300: 0.1294840311313548, 310: 0.12858486090678684, 320: 0.12771784558418675, 330: 0.12697562319322242, 340: 0.12629825512777412, 350: 0.12564529033343352, 360: 0.1250559748069322, 370: 0.12446148819246736, 380: 0.12394467103089216, 390: 0.12343511101015392, 400: 0.12300143497327656, 410: 0.1226323593163922, 420: 0.1222448140665261, 430: 0.12187654174721119, 440: 0.12154149583370837, 450: 0.12117815411545704, 460: 0.12090785532765755, 470: 0.12067664781165448, 480: 0.12039419136407281, 490: 0.12020127680882293, 500: 0.1199486311179285, 510: 0.11978010854056738, 520: 0.11959750513224714, 530: 0.11940969129843967, 540: 0.119285568978475, 550: 0.11914949355648344, 560: 0.11902039368897785, 570: 0.11892129079421539, 580: 0.11883275886954903, 590: 0.11871437889096345, 600: 0.11862547398500105, 610: 0.11847766551693677, 620: 0.11837981978914558, 630: 0.11825440107906031, 640: 0.11808780029361017, 650: 0.11794645785525475, 660: 0.11781103193985694, 670: 0.1177062028998348, 680: 0.11757132938667217, 690: 0.11746533378556712, 700: 0.11734778254767171, 710: 0.11723583560313063, 720: 0.11714219547703542, 730: 0.11701082956054125, 740: 0.11690527327160483, 750: 0.11684883321027621, 760: 0.11675498599934075, 770: 0.11667774843001093, 780: 0.11661541135462672, 790: 0.11656617186853424, 800: 0.11653344623942727, 810: 0.11641526001988078, 820: 0.11637208810964075, 830: 0.11624608014734339, 840: 0.11617797459038601, 850: 0.1161280731303949, 860: 0.11601034899381957, 870: 0.11594652185710771, 880: 0.11589045253584362, 890: 0.11579029390366757, 900: 0.11572525030768807, 910: 0.11562356515066852, 920: 0.11556285864674243, 930: 0.11551010918144773, 940: 0.11540052971665671, 950: 0.11531082665934575, 960: 0.11517825859200267, 970: 0.11507122685682614, 980: 0.11495397354198753, 990: 0.114856667476985, 1000: 0.11472288600318492, 1010: 0.114614699729233, 1020: 0.11445689615718498, 1030: 0.11432983826589822, 1040: 0.11424428946498977, 1050: 0.11413921943398335, 1060: 0.1140758532979536, 1070: 0.11397027963176314, 1080: 0.11389370282612195, 1090: 0.11382064981547138, 1100: 0.11376498509024965, 1110: 0.1136804963251836, 1120: 0.11364355178570536, 1130: 0.11360302907460854, 1140: 0.11353406150678706, 1150: 0.1134916249511203, 1160: 0.11340338195170944, 1170: 0.11332063663010235, 1180: 0.11335200612771228, 1190: 0.11328257854204662, 1200: 0.11325145970977683, 1210: 0.1131987884894553, 1220: 0.11312723006395084, 1230: 0.11307156604215647, 1240: 0.11302083252797679, 1250: 0.11297467547978901, 1260: 0.112919395883008, 1270: 0.11283626294150366, 1280: 0.11279086809988077, 1290: 0.11271245508615121, 1300: 0.11261450526108367, 1310: 0.11253926699090384, 1320: 0.11249920365722069, 1330: 0.112381252668418, 1340: 0.11229614847818085, 1350: 0.1122262157768518, 1360: 0.11212083091520197, 1370: 0.11205206613302096, 1380: 0.11201719688509053, 1390: 0.11190018832711097, 1400: 0.11183382396379049, 1410: 0.11171301926351969, 1420: 0.1116404070739317, 1430: 0.11157532981129506, 1440: 0.11147866565659807, 1450: 0.11142477292206801, 1460: 0.11137717556100993, 1470: 0.11128279491201738, 1480: 0.11120148228981146, 1490: 0.11118096059927525, 1500: 0.11106451932817192, 1510: 0.11099365169318712, 1520: 0.11093329360429127, 1530: 0.11085615539112448, 1540: 0.1107495706587347, 1550: 0.11065616496749835, 1560: 0.11060375018360565, 1570: 0.11054012185999267, 1580: 0.1104937963453118, 1590: 0.11041222230679268, 1600: 0.11030118412823478, 1610: 0.11023778342365867, 1620: 0.11018911775187792, 1630: 0.1101109560057576, 1640: 0.11001075726809188, 1650: 0.10995660647072576, 1660: 0.10991844323757657, 1670: 0.10986272856367356, 1680: 0.10982031743320948, 1690: 0.10974390375282661, 1700: 0.10971666390862363, 1710: 0.10961745257250528, 1720: 0.10959461750571409, 1730: 0.1095194034071891, 1740: 0.10944844322542042, 1750: 0.10938004439130858, 1760: 0.10931233620525771, 1770: 0.10924916458879896, 1780: 0.1091361370835803, 1790: 0.10909580857332601, 1800: 0.10899701699509898, 1810: 0.10897254876682297, 1820: 0.10892038142172303, 1830: 0.1088156781156175, 1840: 0.10880658446877908, 1850: 0.1087652156352226, 1860: 0.10869816055109742, 1870: 0.10867387134320235, 1880: 0.10866579891809561, 1890: 0.10862680088037573, 1900: 0.10858713681890139, 1910: 0.10855955380839015, 1920: 0.10853824397627503, 1930: 0.108494057670533, 1940: 0.10846087500172152, 1950: 0.10842440136470843, 1960: 0.10838450829215562, 1970: 0.10833599745869327, 1980: 0.10829121696810236, 1990: 0.10829665164923721}",1980,0.10829121696810236,0.001,0.01,0.01
concrete,fixnoiseFCN,32,0.01,0.0001,"{0: 0.9462188602313235, 10: 0.4623119307286812, 20: 0.34428841755113504, 30: 0.28428366252165416, 40: 0.2450449273852578, 50: 0.21937969324494944, 60: 0.20266131808371432, 70: 0.1915447397598362, 80: 0.18307270330615777, 90: 0.17623674989110089, 100: 0.17047642827661763, 110: 0.16553088748930828, 120: 0.1610870655113384, 130: 0.1573943747823448, 140: 0.15422375945210548, 150: 0.15138367648069187, 160: 0.1488196510327629, 170: 0.14662215618506153, 180: 0.14467994297037542, 190: 0.14294988612477105, 200: 0.1413428991567137, 210: 0.13991296831702887, 220: 0.13853651746821155, 230: 0.1372812840295164, 240: 0.13616707149581916, 250: 0.1350679941889496, 260: 0.13401814734922546, 270: 0.13305675084370203, 280: 0.13217811678742047, 290: 0.13136215130708345, 300: 0.13060330516362048, 310: 0.12984869170518204, 320: 0.1292259358466002, 330: 0.12853639947155496, 340: 0.12792148510862833, 350: 0.1274232796541603, 360: 0.12691839432995008, 370: 0.12644297782973238, 380: 0.12607647732335248, 390: 0.12559745841724998, 400: 0.12513973638608072, 410: 0.12476854883255513, 420: 0.1244154657378341, 430: 0.1240886414141366, 440: 0.12375269364535324, 450: 0.12338059359212894, 460: 0.1231485767206019, 470: 0.12274899560636006, 480: 0.12242094715810756, 490: 0.12213709570329805, 500: 0.1218221980588289, 510: 0.12155064124759926, 520: 0.12120678346948277, 530: 0.12094054133828842, 540: 0.12064393022504456, 550: 0.12035100360783002, 560: 0.12005751357699487, 570: 0.11981992261235086, 580: 0.11951504340435255, 590: 0.11922823634315267, 600: 0.11909971239533983, 610: 0.11889291508003508, 620: 0.11863311050516186, 630: 0.11849642350735572, 640: 0.11833272324917674, 650: 0.11805868903046965, 660: 0.11784140076457969, 670: 0.11780051302960515, 680: 0.11755801830393953, 690: 0.1173432387499151, 700: 0.11722965235803318, 710: 0.11701882264687676, 720: 0.11682519077379132, 730: 0.11664722637459912, 740: 0.11647304048217937, 750: 0.11626061609302596, 760: 0.11610498568699787, 770: 0.11605395516585792, 780: 0.11585555099721803, 790: 0.11566375122118551, 800: 0.11550907054330936, 810: 0.11539122448269076, 820: 0.11522166653514923, 830: 0.11505046764211091, 840: 0.11496428383923159, 850: 0.11473935084586792, 860: 0.11464745594156907, 870: 0.11455692267790163, 880: 0.11436513642260786, 890: 0.11429146060344253, 900: 0.11417934007700381, 910: 0.11412048461129069, 920: 0.11398378582675414, 930: 0.11394054137517237, 940: 0.11366576756519339, 950: 0.1136786332467663, 960: 0.11354735422661943, 970: 0.11354904349741897, 980: 0.11342034501488221, 990: 0.11334548156981059, 1000: 0.11335187912730711, 1010: 0.11329299733158357, 1020: 0.1132137878844893, 1030: 0.1131679431588581, 1040: 0.11305029714214343, 1050: 0.11290271861105605, 1060: 0.11283248746512956, 1070: 0.11270107935516596, 1080: 0.11258870037301483, 1090: 0.1124410903491548, 1100: 0.11236064030475645, 1110: 0.11237050100558017, 1120: 0.11225000006548029, 1130: 0.11222017059508774, 1140: 0.11212600108156227, 1150: 0.11199357099519976, 1160: 0.11193015389898839, 1170: 0.11188865281396436, 1180: 0.11182344015621623, 1190: 0.11174096055838216, 1200: 0.11167404985219154, 1210: 0.11169665827881889, 1220: 0.11155214935720122, 1230: 0.11142398549118529, 1240: 0.1113997889464585, 1250: 0.11132862927387994, 1260: 0.11124172640505954, 1270: 0.11115297928177155, 1280: 0.11121920362833533, 1290: 0.1111216786508197, 1300: 0.11105196040740453, 1310: 0.11108195910498733, 1320: 0.11096569674162515, 1330: 0.11090041224480622, 1340: 0.11088376556343486, 1350: 0.11079545972820617, 1360: 0.11074332779875, 1370: 0.11071135459697674, 1380: 0.1105607382690772, 1390: 0.11055838932593665, 1400: 0.11053143790083975, 1410: 0.11045817378269618, 1420: 0.11039476625519444, 1430: 0.11035991555463912, 1440: 0.1102920662417061, 1450: 0.11024153749640901, 1460: 0.11014142085629441, 1470: 0.11014683036187338, 1480: 0.11008182429694084, 1490: 0.11005666471200018, 1500: 0.10987215820947731, 1510: 0.11001174398975314, 1520: 0.109867683546831, 1530: 0.10988864952435404, 1540: 0.10983207676578959, 1550: 0.10984490497994559, 1560: 0.10983163892721697, 1570: 0.10978917237189485, 1580: 0.10965605995593715, 1590: 0.1097036819860163, 1600: 0.10965311097971, 1610: 0.10954443416115604, 1620: 0.10956066264584385, 1630: 0.10949523441138329, 1640: 0.10941254263354158, 1650: 0.1094144889225265, 1660: 0.10933648126104852, 1670: 0.1093422180228899, 1680: 0.10922992712408526, 1690: 0.10922716350321496, 1700: 0.10911613610671544, 1710: 0.10902950733211729, 1720: 0.1090643559418294, 1730: 0.10902180344207765, 1740: 0.10897775271760143, 1750: 0.10892006048573358, 1760: 0.1089540625456101, 1770: 0.10879970232805365, 1780: 0.1088391489644603, 1790: 0.10878381317658989, 1800: 0.10873530761332573, 1810: 0.10877683077379234, 1820: 0.10863845285592658, 1830: 0.10870430008749872, 1840: 0.1086759029494575, 1850: 0.10863282416029629, 1860: 0.1086529189893936, 1870: 0.10858480011241707, 1880: 0.10858090183725863, 1890: 0.10853572366314515, 1900: 0.10847441058245222, 1910: 0.10851776124726423, 1920: 0.10843616544550556, 1930: 0.10836942269170144, 1940: 0.10826396791276807, 1950: 0.10833325861221495, 1960: 0.10830033908243633, 1970: 0.10831316556244626}",1940,0.10826396791276807,0.005,0.01,0.01
concrete,fixnoiseFCN,32,0.01,0.0001,"{0: 0.9353782569771771, 10: 0.4640116840508455, 20: 0.3470241558214777, 30: 0.28280334318358197, 40: 0.2410043578142822, 50: 0.21548373353421818, 60: 0.19941665864726482, 70: 0.18812639954580437, 80: 0.17943032946098933, 90: 0.1723335920216988, 100: 0.1661895513408993, 110: 0.1609491909388384, 120: 0.1563840159749597, 130: 0.15240507041194312, 140: 0.14871028451712945, 150: 0.14557165897859525, 160: 0.14267856524892408, 170: 0.14014934647594307, 180: 0.13788528007815173, 190: 0.13582655377768624, 200: 0.13405409614013813, 210: 0.13229602829260642, 220: 0.13078944279620228, 230: 0.1296365476490521, 240: 0.12842682439632885, 250: 0.12737432070126026, 260: 0.1262799753569182, 270: 0.12539674224969377, 280: 0.12452313951514689, 290: 0.12371172098697598, 300: 0.12288771633045019, 310: 0.12222886540111311, 320: 0.12170327747938639, 330: 0.1212245756224712, 340: 0.1206493619692299, 350: 0.12015477754060022, 360: 0.11985377398007727, 370: 0.11961071722820697, 380: 0.11912675450157433, 390: 0.11880233469224381, 400: 0.11847292250568833, 410: 0.11817556048014474, 420: 0.11790320337027951, 430: 0.11749995200085975, 440: 0.1172450694144433, 450: 0.1170312071008455, 460: 0.1167438161075776, 470: 0.11663348713651552, 480: 0.11635091399142061, 490: 0.11616405339480682, 500: 0.11601115100983331, 510: 0.11581487956427242, 520: 0.11556310088290431, 530: 0.11540491583397101, 540: 0.11529707541200555, 550: 0.11516465261303224, 560: 0.11487635688623585, 570: 0.1145745486005623, 580: 0.11445272759990788, 590: 0.11448382711044877, 600: 0.11427102153323707, 610: 0.11417025287753331, 620: 0.11382601095028966, 630: 0.11382648948175282, 640: 0.11372068439496727, 650: 0.11344085484952374, 660: 0.11312508224411225, 670: 0.11303527299879175, 680: 0.11290000394625481, 690: 0.11278860761129406, 700: 0.11277205868184301, 710: 0.11255648890976895, 720: 0.11236014788211801, 730: 0.11230199258738724, 740: 0.11206525830311062, 750: 0.1121050624825275, 760: 0.11203904386821802, 770: 0.11181296768210722, 780: 0.1117486374348358, 790: 0.11161753923047804, 800: 0.11163204857108995, 810: 0.11144148605141213, 820: 0.11142795064430806, 830: 0.11128977921986175, 840: 0.11117043844859906, 850: 0.11113239826671698, 860: 0.11093039252111758, 870: 0.11098487612942105, 880: 0.11078957289281108, 890: 0.11087325554211669, 900: 0.11070456215201796, 910: 0.11069214604547177, 920: 0.1104839328162686, 930: 0.11039716861046252, 940: 0.11038912269389374, 950: 0.11031247489782103, 960: 0.11022879015095395, 970: 0.11011552651877414, 980: 0.11023372703043954, 990: 0.1099857204193793, 1000: 0.10989061707772552, 1010: 0.1098905076467035, 1020: 0.10982023914451303, 1030: 0.10950868112262938, 1040: 0.10969841792408572, 1050: 0.10966459739823871, 1060: 0.10943334141342795, 1070: 0.10953971801238949, 1080: 0.10954283528850417, 1090: 0.10932160839730296, 1100: 0.10952311461957975, 1110: 0.10937752641924689, 1120: 0.1093670319639152}",1090,0.10932160839730296,0.01,0.01,0.01
concrete,fixnoiseFCN,32,0.01,0.0001,"{0: 0.9197139372917255, 10: 0.4620269185626233, 20: 0.342375413268386, 30: 0.27844927864720537, 40: 0.2373857338084438, 50: 0.21235104577019753, 60: 0.19654164272099622, 70: 0.18561763650980684, 80: 0.17753898064460652, 90: 0.17129675970241395, 100: 0.1656638559340021, 110: 0.16083934526331584, 120: 0.15716613754035363, 130: 0.153449983450103, 140: 0.15037948442161833, 150: 0.14778630227158887, 160: 0.14504407853956408, 170: 0.1426464307829132, 180: 0.1407760231279481, 190: 0.13915360727567014, 200: 0.1377591895902941, 210: 0.135424199667095, 220: 0.134269102416872, 230: 0.13294208762871276, 240: 0.13175171917432427, 250: 0.1307994227492404, 260: 0.12957815816853105, 270: 0.1293230307570274, 280: 0.1285529946132184, 290: 0.12768377043444495, 300: 0.1268841922818425, 310: 0.12622452496920616, 320: 0.12550478153872385, 330: 0.12412138629966281, 340: 0.12432738801019771, 350: 0.12366373688907686, 360: 0.12277104492198074, 370: 0.12263367320392322, 380: 0.12196864023248485, 390: 0.12113241080092838, 400: 0.12141012794454495, 410: 0.1210073145986132, 420: 0.12060599612918768, 430: 0.12047518654974936, 440: 0.11936926846752453, 450: 0.11985869808971927, 460: 0.11842233067104443, 470: 0.11908347424766749, 480: 0.1187183090113241, 490: 0.11917192100140446}",460,0.11842233067104443,0.05,0.01,0.01
concrete,fixnoiseFCN,32,0.01,0.0001,"{0: 0.9441503711285982, 10: 0.44488469631735345, 20: 0.3345889751585606, 30: 0.2787686424603836, 40: 0.2409075605772375, 50: 0.21649531820484733, 60: 0.20065598302211746, 70: 0.18882652399082672, 80: 0.17965349840571593, 90: 0.173139475071906, 100: 0.16755395158497563, 110: 0.16193145070530623, 120: 0.1577137881750895, 130: 0.1541781965124986, 140: 0.15064188162177383, 150: 0.14805685864826174, 160: 0.14422665454133388, 170: 0.1428159235055501, 180: 0.14095128827771697, 190: 0.13941231577156743, 200: 0.13835115942836954, 210: 0.13541028714166775, 220: 0.1341275445894453, 230: 0.1332758561483772, 240: 0.1328384719660171, 250: 0.13086569793792185, 260: 0.13010110806103822, 270: 0.12923530932904082, 280: 0.1281744077276364, 290: 0.1274472224462367, 300: 0.12600807956354493, 310: 0.125645203170231, 320: 0.12507745672190798, 330: 0.12401757402016514, 340: 0.12446073363488988, 350: 0.1238960537645919, 360: 0.12434827386606032, 370: 0.12280471114663398, 380: 0.12166917649457742, 390: 0.12242064597072728, 400: 0.12204694964790117, 410: 0.12014844813438494, 420: 0.12166709540853744, 430: 0.12062298643692544, 440: 0.12073528286325692}",410,0.12014844813438494,0.1,0.01,0.01
concrete,fixnoiseFCN,32,0.01,0.0005,"{0: 0.6967771953018348, 10: 0.2138652110101995, 20: 0.17012513577519567, 30: 0.15292432481658433, 40: 0.1429584027309155, 50: 0.13616124720680917, 60: 0.13111970411755383, 70: 0.12774353410996336, 80: 0.12490238950867963, 90: 0.12284837575991421, 100: 0.12090049267657713, 110: 0.11962541472819321, 120: 0.11831405643717899, 130: 0.11720872667719281, 140: 0.1164532148197062, 150: 0.11572619445616458, 160: 0.11473784406142858, 170: 0.11405936948184119, 180: 0.1134634181050376, 190: 0.11290046212986848, 200: 0.1125807517020793, 210: 0.1120770399496565, 220: 0.11157186781427239, 230: 0.11090623509345325, 240: 0.1104603085491231, 250: 0.11001905330538705, 260: 0.10981762647259834, 270: 0.10942464014384497, 280: 0.10918207188678597, 290: 0.10900074352600446, 300: 0.10887444624918219, 310: 0.10868664330329969, 320: 0.10854324675209859, 330: 0.1083813620656068, 340: 0.10798512056635119, 350: 0.10776931045523239, 360: 0.10764321002990822, 370: 0.10760689362690834, 380: 0.10730921734529164, 390: 0.10698861895152487, 400: 0.10678853574763028, 410: 0.10656725531406783, 420: 0.1064372918656246, 430: 0.10611959599944194, 440: 0.10603353356431788, 450: 0.10583642683460681, 460: 0.10567552700401983, 470: 0.10546984472168171, 480: 0.10524720922492428, 490: 0.10500250949938035, 500: 0.10475316939838313, 510: 0.10467075508145693, 520: 0.10448687370494833, 530: 0.1042161668354132, 540: 0.10403953103729953, 550: 0.10378331279757944, 560: 0.1037245849156525, 570: 0.10367171879238272, 580: 0.10344099509560745, 590: 0.10329728796158513, 600: 0.10335497120608687, 610: 0.10330546535303746, 620: 0.10322100178079086, 630: 0.1031633785989821, 640: 0.10321012660470037, 650: 0.10300478352747269, 660: 0.10288725468801596, 670: 0.1028065594743885, 680: 0.10266735379789949, 690: 0.10246135337136449, 700: 0.1023779301590397, 710: 0.10235139464057777, 720: 0.1023785321555993, 730: 0.10232036308814267, 740: 0.10230536210756125, 750: 0.10221681586456403, 760: 0.10212123269202836, 770: 0.10216566461879768, 780: 0.10207505809863186, 790: 0.10201857705938533, 800: 0.10193755020345482, 810: 0.10195791757792919, 820: 0.10177273440183707, 830: 0.10168537937600305, 840: 0.10161192375646197, 850: 0.10162545106247763, 860: 0.10153121486763247, 870: 0.1016079084550396, 880: 0.10160926926966429, 890: 0.10153519244351081}",860,0.10153121486763247,0.001,0.01,0.01
concrete,fixnoiseFCN,32,0.01,0.0005,"{0: 0.6558593802194814, 10: 0.2207192485755845, 20: 0.1719274510797843, 30: 0.15313797091466358, 40: 0.1431436713505743, 50: 0.13711511234056922, 60: 0.13305298770649163, 70: 0.13010203208446677, 80: 0.1284389605069174, 90: 0.12671284449376932, 100: 0.1256103030462245, 110: 0.12471394341359161, 120: 0.123764867640024, 130: 0.12289246979200523, 140: 0.12203241591321831, 150: 0.12138469157901546, 160: 0.12036801191932038, 170: 0.11963152284131655, 180: 0.11943911549808003, 190: 0.11887185794237316, 200: 0.11834277190598444, 210: 0.11794488598209174, 220: 0.11733422969805914, 230: 0.11695201354099924, 240: 0.11662500263554514, 250: 0.11642775961109117, 260: 0.11604517102081821, 270: 0.11602834304592298, 280: 0.11570624597073262, 290: 0.11537277009467548, 300: 0.1149290528010745, 310: 0.11479994212885036, 320: 0.11468664321963071, 330: 0.11465255381796904, 340: 0.11446589780311978, 350: 0.11414385009939725, 360: 0.11383817761139745, 370: 0.1135165671564787, 380: 0.11310064597315508, 390: 0.11263391220544279, 400: 0.11273745807739907, 410: 0.11266397067521206, 420: 0.11222505649668768, 430: 0.11199249580981593, 440: 0.11207940910300632, 450: 0.11176838386746044, 460: 0.11170788038194357, 470: 0.11157772210698522, 480: 0.11130271965515279, 490: 0.11109628794413315, 500: 0.11075013690676982, 510: 0.11056363890540881, 520: 0.11037405363929025, 530: 0.11029543576108158, 540: 0.10992837254434318, 550: 0.10976582395693416, 560: 0.10967895753596306, 570: 0.10939549199262108, 580: 0.1093933787888793, 590: 0.10932819414327674, 600: 0.1090947330484259, 610: 0.10892985070566182, 620: 0.10876375931753594, 630: 0.1090229917008427, 640: 0.10905223823464301, 650: 0.10850610574708766, 660: 0.10864090525588546, 670: 0.1084674395149173, 680: 0.1086182885812506, 690: 0.10844242507361938, 700: 0.10869033368104752, 710: 0.10829462092617596, 720: 0.1082914528533464, 730: 0.10821898052839223, 740: 0.10799254442896236, 750: 0.10813990830392173, 760: 0.10804663848184208, 770: 0.10784244845418227, 780: 0.10775982433143956, 790: 0.10782831911980577, 800: 0.10769928435875545, 810: 0.10766659366050893, 820: 0.10766108631947287, 830: 0.1073631812225138, 840: 0.10752044047485743, 850: 0.10743967904434633, 860: 0.10730907198908986, 870: 0.10715625439640424, 880: 0.10701043586123457, 890: 0.10691934976523024, 900: 0.10698541606063985, 910: 0.10700371509936898, 920: 0.10677023145274507, 930: 0.10668153553336572, 940: 0.10661594070317962, 950: 0.10640347425095567, 960: 0.10644976793117245, 970: 0.1063321247066358, 980: 0.10603365656310597, 990: 0.10601043106612237, 1000: 0.10605369337745622, 1010: 0.10597228803379351, 1020: 0.10577610894773329, 1030: 0.1057814697713673, 1040: 0.10603017590873917, 1050: 0.1058199077529636}",1020,0.10577610894773329,0.005,0.01,0.01
concrete,fixnoiseFCN,32,0.01,0.0005,"{0: 0.6986755441747061, 10: 0.22046712155451792, 20: 0.17085116983440218, 30: 0.15218453546541316, 40: 0.1418396331181547, 50: 0.1362732739494363, 60: 0.13232846711246685, 70: 0.13012738483388692, 80: 0.12774010483888634, 90: 0.1262163184508296, 100: 0.12475822190388608, 110: 0.12380199972955896, 120: 0.12274076640462753, 130: 0.12223492430664835, 140: 0.12086398752360808, 150: 0.12035338505981415, 160: 0.11925462994380343, 170: 0.1192475573413476, 180: 0.1183444593423332, 190: 0.11829407723547569, 200: 0.11735152979779931, 210: 0.1168190323665507, 220: 0.1161588967680182, 230: 0.11567499604464371, 240: 0.11522988274346566, 250: 0.11445963574360012, 260: 0.11400703555789375, 270: 0.11318492086382592, 280: 0.11317803680280007, 290: 0.11257765571733405, 300: 0.11260508957349938, 310: 0.11166536645516367, 320: 0.11182322361665528, 330: 0.11136603268010696, 340: 0.1108757540110584, 350: 0.11071292561354325, 360: 0.10989531679449263, 370: 0.10945793288603634, 380: 0.10904189934041311, 390: 0.10872849480898092, 400: 0.1082286033577837, 410: 0.10828850954820601, 420: 0.1081903427521542, 430: 0.10778817216329503, 440: 0.1074761212151291, 450: 0.10696958446648064, 460: 0.10724536218558604, 470: 0.10676662817214673, 480: 0.10669909558554247, 490: 0.10629035489624043, 500: 0.10637161457708762, 510: 0.10628329731876421, 520: 0.10586132459108444, 530: 0.10570885333277324, 540: 0.10562530573038968, 550: 0.10565390819726347, 560: 0.10558225211003865, 570: 0.10532675163180232, 580: 0.10524679051157355, 590: 0.1054305071214108, 600: 0.1050224780344734, 610: 0.10480363136103703, 620: 0.1051335475263678, 630: 0.1048370630849161, 640: 0.10483421887946368}",610,0.10480363136103703,0.01,0.01,0.01
concrete,fixnoiseFCN,32,0.01,0.0005,"{0: 0.7199325401212053, 10: 0.21657068449505507, 20: 0.16496862270571264, 30: 0.14739577969465972, 40: 0.13806377057589078, 50: 0.13194417258500174, 60: 0.12844607309850603, 70: 0.12613355720552002, 80: 0.12498466685348233, 90: 0.12477496237124412, 100: 0.12240224502369465, 110: 0.12158780300839689, 120: 0.12169115204581575, 130: 0.12125510683857285, 140: 0.11849718872229213, 150: 0.1201615830115473, 160: 0.11646670345285823, 170: 0.11654893695223315, 180: 0.11613901385375287, 190: 0.11482601917233848, 200: 0.11472864365718669, 210: 0.11506854035373273, 220: 0.11272276215310328, 230: 0.11441809775053091, 240: 0.11309616627456609, 250: 0.1118467965388928, 260: 0.11389383679653702, 270: 0.11180026022905962, 280: 0.11127758317736458, 290: 0.11055481876630036, 300: 0.11030652533068494, 310: 0.10937176062010301, 320: 0.10900439034384748, 330: 0.10857088355178184, 340: 0.10915374499632091, 350: 0.1083077925827467, 360: 0.10794764751578075, 370: 0.10777719436341404, 380: 0.10733436898564463, 390: 0.10736124330083925, 400: 0.10735483675451737, 410: 0.10756759948213498}",380,0.10733436898564463,0.05,0.01,0.01
concrete,fixnoiseFCN,32,0.01,0.0005,"{0: 0.6889052577910385, 10: 0.22548263149725584, 20: 0.17203670878092714, 30: 0.15468505806114088, 40: 0.14307555201444816, 50: 0.13374818561897397, 60: 0.13217399878693087, 70: 0.12752253257977197, 80: 0.12559651472527983, 90: 0.12251972049012153, 100: 0.12195825142820324, 110: 0.12146344094862785, 120: 0.11958243387699656, 130: 0.11743775311458224, 140: 0.11735982012347831, 150: 0.11651310447347403, 160: 0.1162039330340674, 170: 0.11562369104752872, 180: 0.11497801464604433, 190: 0.11493861292479923, 200: 0.11550854345162712, 210: 0.1131131165198767, 220: 0.1125869512016123, 230: 0.11272721982506673, 240: 0.11233824543990827, 250: 0.11208639840031673, 260: 0.1125354353684852, 270: 0.11111841929015061, 280: 0.11036427255160967, 290: 0.11079341242402374, 300: 0.11076923936197955, 310: 0.10938227455250793, 320: 0.10806706845231702, 330: 0.10929089947125248, 340: 0.10979711414451787, 350: 0.111414510357935}",320,0.10806706845231702,0.1,0.01,0.01
concrete,fixnoiseFCN,32,0.01,0.001,"{0: 0.5173389150328929, 10: 0.1769672327418726, 20: 0.14821898454859445, 30: 0.13594950772045458, 40: 0.13027514900343115, 50: 0.12737484477322716, 60: 0.12472436823749314, 70: 0.12283772521486391, 80: 0.12137024496199462, 90: 0.12102080838373434, 100: 0.12046073126208094, 110: 0.11948193212284128, 120: 0.11845882281049788, 130: 0.11794496992568529, 140: 0.1174607991825869, 150: 0.11700192565763338, 160: 0.11643870696717293, 170: 0.11609476226214692, 180: 0.11518612878070833, 190: 0.11492976829855643, 200: 0.11428590813975201, 210: 0.11392002073184745, 220: 0.11378514765663361, 230: 0.1134189793571048, 240: 0.11310574691811492, 250: 0.11285320925761047, 260: 0.1126346832318321, 270: 0.11237365325842621, 280: 0.11181380248304348, 290: 0.11170170215968281, 300: 0.11109800100221912, 310: 0.11090378239943596, 320: 0.11089385974466667, 330: 0.11046122589401201, 340: 0.11066811814689452, 350: 0.11059809887637188, 360: 0.1105269002334572}",330,0.11046122589401201,0.001,0.01,0.01
concrete,fixnoiseFCN,32,0.01,0.001,"{0: 0.5191997664955397, 10: 0.17487953272931062, 20: 0.14587954794157898, 30: 0.13564384896063136, 40: 0.1304862085125751, 50: 0.12677774457570717, 60: 0.12460566158525518, 70: 0.12341646405816606, 80: 0.12224473335724448, 90: 0.12112381131596814, 100: 0.11951047819732782, 110: 0.11858807388002002, 120: 0.11784909532415762, 130: 0.11682746510856343, 140: 0.11606414101951798, 150: 0.11584600630445516, 160: 0.11524642302512196, 170: 0.11475869904424381, 180: 0.11440741023771513, 190: 0.11397645156337699, 200: 0.11368265797788138, 210: 0.11355919242527471, 220: 0.11357477010953936, 230: 0.11288633821533507, 240: 0.11269342476247375, 250: 0.11262449089390916, 260: 0.11232413161014594, 270: 0.11253548497767776, 280: 0.11185927388062103, 290: 0.11238230131538991, 300: 0.11219346856154604, 310: 0.11218032380270015}",280,0.11185927388062103,0.005,0.01,0.01
concrete,fixnoiseFCN,32,0.01,0.001,"{0: 0.527062884377975, 10: 0.1802833508458388, 20: 0.14912122351069937, 30: 0.13821472730831755, 40: 0.13188719500139828, 50: 0.1292075818313419, 60: 0.1263557487453079, 70: 0.12455144015054789, 80: 0.12305542459674261, 90: 0.1224109560988034, 100: 0.12131875809774914, 110: 0.12055075916911133, 120: 0.12020824991898985, 130: 0.11945033289343447, 140: 0.11932834218793768, 150: 0.11941804056294698, 160: 0.11833169214372403, 170: 0.11841220993986416, 180: 0.11798929959552121, 190: 0.1184605648832262, 200: 0.11805980807243237, 210: 0.11749245473860329, 220: 0.11721144979677858, 230: 0.11733222739488788, 240: 0.11688557338644115, 250: 0.11640206216416664, 260: 0.11572531333987526, 270: 0.11599649669953567, 280: 0.11565427918375333, 290: 0.1154801354453199, 300: 0.11499527114694723, 310: 0.11458962701888811, 320: 0.1148204928720253, 330: 0.11392200085855553, 340: 0.11415187818688635, 350: 0.11375000833655542, 360: 0.1136395112306144, 370: 0.11312813519495377, 380: 0.11366834371511088, 390: 0.11330655779604197, 400: 0.11331831225402604}",370,0.11312813519495377,0.01,0.01,0.01
concrete,fixnoiseFCN,32,0.01,0.001,"{0: 0.5009438163046473, 10: 0.17899416474747995, 20: 0.15074468493725932, 30: 0.13765379382364856, 40: 0.13069615226164627, 50: 0.1283918826396564, 60: 0.12817966248622578, 70: 0.1258251066887524, 80: 0.12371844597381085, 90: 0.12176123197876738, 100: 0.12188926870866519, 110: 0.12217612676509688, 120: 0.12021658937075759, 130: 0.1185592801765114, 140: 0.1187573790801338, 150: 0.11871592993856975, 160: 0.1174067049500507, 170: 0.11841375095594926, 180: 0.11741345053226175, 190: 0.11652672196257272, 200: 0.1175344839363365, 210: 0.11458498525552326, 220: 0.11563401235445112, 230: 0.11630900914773223, 240: 0.1146817038255604}",210,0.11458498525552326,0.05,0.01,0.01
concrete,fixnoiseFCN,32,0.01,0.001,"{0: 0.5427951160890476, 10: 0.17547918555896017, 20: 0.14866993250511173, 30: 0.13792085031415036, 40: 0.13461149455702753, 50: 0.12981974195812865, 60: 0.13244265824126827, 70: 0.12686914782494813, 80: 0.12693465059145415, 90: 0.12215642592495932, 100: 0.12221743062055956, 110: 0.12370922418012498, 120: 0.12143604656330367, 130: 0.12149079362512824, 140: 0.12348310737838282, 150: 0.12258026887323359}",120,0.12143604656330367,0.1,0.01,0.01
concrete,fixnoiseFCN,32,0.01,0.002,"{0: 0.41391080390058976, 10: 0.14997475978155006, 20: 0.1333211687831683, 30: 0.12838630876680787, 40: 0.1253049413591117, 50: 0.12288355881280795, 60: 0.12118086052823092, 70: 0.11967094412140951, 80: 0.11889830466285514, 90: 0.11792207747959398, 100: 0.11612814729971328, 110: 0.11435540821483112, 120: 0.11399979259157986, 130: 0.11416512386436958, 140: 0.11369054806079366, 150: 0.11392324446087203, 160: 0.11378245621941659, 170: 0.11420259044981299}",140,0.11369054806079366,0.001,0.01,0.01
concrete,fixnoiseFCN,32,0.01,0.002,"{0: 0.4266172673333511, 10: 0.1578496157391725, 20: 0.14066318978271217, 30: 0.1338716907105398, 40: 0.12951408067766335, 50: 0.12658223386691486, 60: 0.12457224324753084, 70: 0.12354893117410688, 80: 0.12212632082088823, 90: 0.12189272838700438, 100: 0.12086121870170388, 110: 0.12027056829264582, 120: 0.1193802077784936, 130: 0.11870279633373308, 140: 0.11811824013404024, 150: 0.11731007111399916, 160: 0.11679238638163977, 170: 0.11597584909066305, 180: 0.11592924904617903, 190: 0.11667445437532505, 200: 0.11559982907150908, 210: 0.1158459890915765, 220: 0.11626639018770024, 230: 0.11637471088427839}",200,0.11559982907150908,0.005,0.01,0.01
concrete,fixnoiseFCN,32,0.01,0.002,"{0: 0.40698095075395135, 10: 0.15670266324768484, 20: 0.1369724814203917, 30: 0.13063461132408155, 40: 0.12757430913349432, 50: 0.12563220972346703, 60: 0.12385384593817013, 70: 0.12384715245561692, 80: 0.12222605258284217, 90: 0.12171983098027524, 100: 0.12090407717134596, 110: 0.11900897679853213, 120: 0.11888503022838855, 130: 0.11819805902731106, 140: 0.11657021014406692, 150: 0.11612886687944432, 160: 0.1154661374686166, 170: 0.11503467151705182, 180: 0.11487273893566183, 190: 0.11421003118771385, 200: 0.11375184847010303, 210: 0.11335296280439792, 220: 0.11334251719524882, 230: 0.11196254022488286, 240: 0.11250051237739131, 250: 0.11199076573316942, 260: 0.11111254687537353, 270: 0.11170666993355431, 280: 0.11153708193999083, 290: 0.11207399538980423}",260,0.11111254687537353,0.01,0.01,0.01
concrete,fixnoiseFCN,32,0.01,0.002,"{0: 0.4203259642218451, 10: 0.1603895099646104, 20: 0.14169113915570558, 30: 0.13513933509643308, 40: 0.13308177187521192, 50: 0.1327299924330278, 60: 0.13149266552155273, 70: 0.1266407089881428, 80: 0.12432173374646563, 90: 0.12677018301441706, 100: 0.1245290784381677, 110: 0.12153447801705672, 120: 0.12159802140526237, 130: 0.12030122189568486, 140: 0.12110895446562935, 150: 0.11812319025645102, 160: 0.11915036334670634, 170: 0.11693168598183838, 180: 0.11658231868546978, 190: 0.11596144442151232, 200: 0.11589765762757435, 210: 0.11387370256711202, 220: 0.11239123673601585, 230: 0.11327474996981715, 240: 0.11355908414774354, 250: 0.11151402667016122, 260: 0.1151616257151034, 270: 0.11084268252159477, 280: 0.11245048431042204, 290: 0.11136062179644594, 300: 0.11060112386950172, 310: 0.11322154532531545, 320: 0.10995903493840653, 330: 0.11002491012435882, 340: 0.11326243334047148, 350: 0.11278789752845135}",320,0.10995903493840653,0.05,0.01,0.01
concrete,fixnoiseFCN,32,0.01,0.002,"{0: 0.40904155829352795, 10: 0.16044120289115488, 20: 0.1430723485874848, 30: 0.1334741795922066, 40: 0.13482301256487922, 50: 0.12665594160496219, 60: 0.12785115193258986, 70: 0.12267107869061337, 80: 0.12193575777388774, 90: 0.12292216461573102, 100: 0.11968747778851414, 110: 0.12055691629301286, 120: 0.11484579179521322, 130: 0.11883045440326334, 140: 0.11717894837678758, 150: 0.11821029518496214}",120,0.11484579179521322,0.1,0.01,0.01
concrete,fixnoiseFCN,32,0.001,0.0001,"{0: 0.9169592322469727, 10: 0.44617083012352854, 20: 0.3398043350603347, 30: 0.27615588678312764, 40: 0.23300083392497264, 50: 0.2065970176546466, 60: 0.18908417894367985, 70: 0.17685565772954392, 80: 0.16743596265294863, 90: 0.15957958466836636, 100: 0.15305737484397927, 110: 0.14756516912790993, 120: 0.14294793341504322, 130: 0.1391529456054116, 140: 0.13597108561768634, 150: 0.1332289407606576, 160: 0.13085223545404998, 170: 0.1287536415205518, 180: 0.12670701429220324, 190: 0.12482198563076044, 200: 0.12325249092046278, 210: 0.1219362005401411, 220: 0.12065345352516954, 230: 0.1195032124229585, 240: 0.11837633687476934, 250: 0.11733282195584518, 260: 0.11647349888754835, 270: 0.11568859322003452, 280: 0.11501775597719818, 290: 0.11440441757413033, 300: 0.11390315463641179, 310: 0.11334451822791158, 320: 0.1128847776829139, 330: 0.11249817205588859, 340: 0.11207887888213527, 350: 0.11169618396199991, 360: 0.11125825573829969, 370: 0.11089297685642774, 380: 0.11053840867679425, 390: 0.1101507629616584, 400: 0.10982743690433279, 410: 0.1095333896288256, 420: 0.10914578339851792, 430: 0.10883898238126251, 440: 0.10854545570144543, 450: 0.10821750413733813, 460: 0.10798169710303755, 470: 0.10779036727488171, 480: 0.10759492836512641, 490: 0.10740622342535944, 500: 0.10728460640981738, 510: 0.10714977831628617, 520: 0.1070424443371016, 530: 0.10688715628453607, 540: 0.10676248438821531, 550: 0.10664856368757052, 560: 0.10650412041426852, 570: 0.10642298440579034, 580: 0.1062831214753703, 590: 0.1062312893995689, 600: 0.10610134581036464, 610: 0.10606491074345989, 620: 0.10600803101984597, 630: 0.10598689998630144, 640: 0.10590637867776051, 650: 0.10581412579762388, 660: 0.10574797994711183, 670: 0.10570775461941406, 680: 0.10569703756039309, 690: 0.10562599651543018, 700: 0.10564408081829417, 710: 0.10553765010052887, 720: 0.10553429895536995, 730: 0.10547611377263237, 740: 0.1054387567659836, 750: 0.10532083132947848, 760: 0.10536339573292317, 770: 0.1052439806415959, 780: 0.10527838211977428, 790: 0.10512599291432723, 800: 0.10513942521018667, 810: 0.10521079688911868, 820: 0.10516733498207216}",790,0.10512599291432723,0.001,0.01,0.01
concrete,fixnoiseFCN,32,0.001,0.0001,"{0: 0.9337183589205773, 10: 0.4349681003901664, 20: 0.3191559233481763, 30: 0.26217798752050797, 40: 0.22815540789731856, 50: 0.20819169744408667, 60: 0.1951559516150953, 70: 0.18529345931715197, 80: 0.17692148793959567, 90: 0.16958148275933613, 100: 0.16349258901825325, 110: 0.15809783750565426, 120: 0.15350098673273524, 130: 0.14941276505226042, 140: 0.1458367442014212, 150: 0.14274251319440487, 160: 0.13995066077871757, 170: 0.1373086224761788, 180: 0.1350276877627008, 190: 0.13284624380628798, 200: 0.13102104154367933, 210: 0.12905095797111965, 220: 0.127294030784239, 230: 0.12592449282287052, 240: 0.12449748632913153, 250: 0.12327118280996945, 260: 0.12211306031234423, 270: 0.12110518174387752, 280: 0.12015639525344657, 290: 0.11918235586795072, 300: 0.1185411377345313, 310: 0.11776609007387537, 320: 0.11701151618022258, 330: 0.11651988283019987, 340: 0.11595395755157678, 350: 0.11540729764835181, 360: 0.1149524720660731, 370: 0.11432950415042094, 380: 0.11394080724889318, 390: 0.11359088058372117, 400: 0.11313947936405717, 410: 0.11274096034726036, 420: 0.11236079864484774, 430: 0.11200937443136816, 440: 0.11175158103736611, 450: 0.11148897439968294, 460: 0.11117837501129484, 470: 0.11101237597944817, 480: 0.11095134613122751, 490: 0.11060931040085605, 500: 0.11043129172200902, 510: 0.11033897481269513, 520: 0.1105359786362315, 530: 0.11021798893225607, 540: 0.11021382300856372, 550: 0.10987567656000982, 560: 0.10963320205201506, 570: 0.10974004185252602, 580: 0.10958610533588653, 590: 0.10968200742019958, 600: 0.10956187677467125, 610: 0.10925306394850423, 620: 0.10928482244180823, 630: 0.10907105616503791, 640: 0.10892611972376406, 650: 0.10913016463330474, 660: 0.1090546914764404, 670: 0.10886654252576018, 680: 0.10898388278953516, 690: 0.10862333323600022, 700: 0.1084306795864262, 710: 0.10854856768649153, 720: 0.10842921308242473, 730: 0.10804828766411265, 740: 0.10830575573228503, 750: 0.10816067252823007, 760: 0.10807504114305981}",730,0.10804828766411265,0.005,0.01,0.01
concrete,fixnoiseFCN,32,0.001,0.0001,"{0: 0.9272661992610163, 10: 0.45955797248475216, 20: 0.3431382477686569, 30: 0.2780052699048433, 40: 0.23594580286952715, 50: 0.20869409452080284, 60: 0.19098796894527417, 70: 0.17841335789966123, 80: 0.16889770794855344, 90: 0.16107399925908952, 100: 0.1543725260338868, 110: 0.1487062069792397, 120: 0.14389203428754035, 130: 0.139779682976785, 140: 0.13628386051073965, 150: 0.13304104756079313, 160: 0.13019980936567935, 170: 0.12786342434284978, 180: 0.12588877573588703, 190: 0.12386965526314693, 200: 0.12225787517688316, 210: 0.12080457545151964, 220: 0.11957761887316395, 230: 0.11804667843006005, 240: 0.11718629686846774, 250: 0.11603565917742704, 260: 0.11491404529704993, 270: 0.11420553473145849, 280: 0.11329753882352178, 290: 0.11227257438863751, 300: 0.11175697410897008, 310: 0.11077757882575882, 320: 0.11068930916571458, 330: 0.10969346295448856, 340: 0.10943037964804243, 350: 0.10895614018813822, 360: 0.10820136756950774, 370: 0.10794957998875702, 380: 0.1075148426226897, 390: 0.10713272845179822, 400: 0.10717135667635702, 410: 0.10622426781953428, 420: 0.10639173026798956, 430: 0.10604687439781632, 440: 0.10559541849148271, 450: 0.10534869776083278, 460: 0.10513944361017465, 470: 0.10506136481599926, 480: 0.10485730038922769, 490: 0.10480588986172842, 500: 0.1043883529141358, 510: 0.10445745671240933, 520: 0.10424285870199612, 530: 0.10456453258635619, 540: 0.10420491893571324, 550: 0.10407416794586759, 560: 0.10424029557605693, 570: 0.10351148947500688, 580: 0.1041229613887453, 590: 0.1041540501052507, 600: 0.10371968432839654}",570,0.10351148947500688,0.01,0.01,0.01
concrete,fixnoiseFCN,32,0.001,0.0001,"{0: 0.9310528676243772, 10: 0.4584627978077485, 20: 0.33331101593943496, 30: 0.2686358131510147, 40: 0.22901335702337605, 50: 0.20532212637381386, 60: 0.18955128225237022, 70: 0.1782293418139021, 80: 0.16925260203904957, 90: 0.16189657828055393, 100: 0.15555707621325499, 110: 0.15046744979416893, 120: 0.14501147691433022, 130: 0.14117929257314818, 140: 0.1369706647688384, 150: 0.13408679968232104, 160: 0.13052675164184216, 170: 0.1290766608916603, 180: 0.1263305284500849, 190: 0.12519753110665946, 200: 0.1234408623129625, 210: 0.12137274545374419, 220: 0.12009317500330921, 230: 0.11844388300961839, 240: 0.1181515523478807, 250: 0.11718269330280759, 260: 0.11570117777813685, 270: 0.1158180214194698, 280: 0.11518215006277935, 290: 0.11455485238906352, 300: 0.11320746150118328, 310: 0.11245486665851626, 320: 0.1114278336929079, 330: 0.1108806331194139, 340: 0.11117356847140165, 350: 0.11023477312131988, 360: 0.1101575236223605, 370: 0.11021516998300532, 380: 0.11040699341498916, 390: 0.11015942533505312}",360,0.1101575236223605,0.05,0.01,0.01
concrete,fixnoiseFCN,32,0.001,0.0001,"{0: 0.9804803474515082, 10: 0.48034405120901064, 20: 0.3441729459355958, 30: 0.2794111612843348, 40: 0.2382672561492553, 50: 0.21175288419369323, 60: 0.1945855352095296, 70: 0.18417758460275704, 80: 0.17490219810221785, 90: 0.1668662041718662, 100: 0.16120860137414333, 110: 0.1546474520985453, 120: 0.15020263905150308, 130: 0.14533106294302967, 140: 0.14259847320577695, 150: 0.13892360863283396, 160: 0.13624412120258642, 170: 0.13316710573529544, 180: 0.13081707823148764, 190: 0.12846644166485302, 200: 0.12690316299724075, 210: 0.1273294636323024, 220: 0.12397794498858941, 230: 0.12228078698016653, 240: 0.1203641536078813, 250: 0.12189961457921017, 260: 0.11949272480258459, 270: 0.11878838319868312, 280: 0.1178862657431301, 290: 0.11785371850749253, 300: 0.1160776460864316, 310: 0.11599328464193095, 320: 0.11316736348020154, 330: 0.11572982049663465, 340: 0.11672181270686195, 350: 0.11263941510616962, 360: 0.11393103117397205, 370: 0.11309984509480038, 380: 0.11278873175412903}",350,0.11263941510616962,0.1,0.01,0.01
concrete,fixnoiseFCN,32,0.001,0.0005,"{0: 0.6998624492167369, 10: 0.2085971430750221, 20: 0.16158603045535985, 30: 0.1412468448780196, 40: 0.13021019026741704, 50: 0.123995458730259, 60: 0.11974081593296504, 70: 0.11623084502254737, 80: 0.1136376534687618, 90: 0.11179390659667306, 100: 0.11043116397627047, 110: 0.10931276845071858, 120: 0.10850796903211676, 130: 0.10753751249354764, 140: 0.10669675553117033, 150: 0.10586701896264654, 160: 0.10548128251952767, 170: 0.10468965020391426, 180: 0.10469034738563336, 190: 0.1042553250200314, 200: 0.10431662441952001, 210: 0.10389240946271025, 220: 0.10437716091914875, 230: 0.10436238528900428, 240: 0.10451085555232945}",210,0.10389240946271025,0.001,0.01,0.01
concrete,fixnoiseFCN,32,0.001,0.0005,"{0: 0.6638788345779918, 10: 0.20065764990763935, 20: 0.16048518051505528, 30: 0.14245324014251706, 40: 0.1312172978841655, 50: 0.12371247042777225, 60: 0.11878342094377552, 70: 0.11569543862959035, 80: 0.11336102818019814, 90: 0.11244379262214821, 100: 0.11094951493358578, 110: 0.11036098475067573, 120: 0.10999108884456041, 130: 0.10952343501527817, 140: 0.10846032627119633, 150: 0.10872694618914605, 160: 0.10852100287863527, 170: 0.10802174820917805, 180: 0.10716674903051134, 190: 0.10735255357701294, 200: 0.10725305455979799, 210: 0.10671873294568708, 220: 0.10678419746733865, 230: 0.10656381862635908, 240: 0.10661216892505784, 250: 0.10563549840628703, 260: 0.10630371253513467, 270: 0.10598263597491708, 280: 0.1059610077439472}",250,0.10563549840628703,0.005,0.01,0.01
concrete,fixnoiseFCN,32,0.001,0.0005,"{0: 0.7133500294701223, 10: 0.20283988893924162, 20: 0.15593567070481693, 30: 0.1382335320100772, 40: 0.12859835397895406, 50: 0.12317354943501405, 60: 0.11902299232549648, 70: 0.11778983152956761, 80: 0.11545999901351318, 90: 0.11479921859536935, 100: 0.11330420337253955, 110: 0.11280892449401522, 120: 0.1121852997782952, 130: 0.11219778394179263, 140: 0.11205659461479582, 150: 0.11159753595084414, 160: 0.11194453850542714, 170: 0.11113616509540644, 180: 0.11059943136931874, 190: 0.11007044039716214, 200: 0.11019475357638671, 210: 0.11032705073147815, 220: 0.1097580962725595, 230: 0.11001265963039746, 240: 0.10957083135914865, 250: 0.11008638665047032, 260: 0.11012130055689451, 270: 0.11044292010372425}",240,0.10957083135914865,0.01,0.01,0.01
concrete,fixnoiseFCN,32,0.001,0.0005,"{0: 0.7032386428782964, 10: 0.20032250630848952, 20: 0.1533307157036162, 30: 0.13677948633675563, 40: 0.12434899363683294, 50: 0.1170526960507002, 60: 0.11547971384802176, 70: 0.11511175007495345, 80: 0.11146876793145495, 90: 0.10902959531349325, 100: 0.10610328505622431, 110: 0.10389711454496922, 120: 0.10666940294098763, 130: 0.10887293615461728, 140: 0.10552445715770994}",110,0.10389711454496922,0.05,0.01,0.01
concrete,fixnoiseFCN,32,0.001,0.0005,"{0: 0.6971655341985045, 10: 0.21084560098334407, 20: 0.1630475808028063, 30: 0.14363546456703855, 40: 0.1315359812253, 50: 0.12639298911699964, 60: 0.122136644697077, 70: 0.11669495825184246, 80: 0.11322367661725523, 90: 0.11018693791761587, 100: 0.11161175096020685, 110: 0.10841522698105484, 120: 0.11014763361686966, 130: 0.10674102628783924, 140: 0.10847829964323037, 150: 0.10740574356738453, 160: 0.1053707138426927, 170: 0.1042464624798505, 180: 0.10270641160524518, 190: 0.10037756569975409, 200: 0.10344402835202589, 210: 0.10542612414005854, 220: 0.1007119239881051}",190,0.10037756569975409,0.1,0.01,0.01
concrete,fixnoiseFCN,32,0.001,0.001,"{0: 0.512080188885232, 10: 0.16652848237336607, 20: 0.13244804194429718, 30: 0.12106237434910808, 40: 0.11522891052565638, 50: 0.11266438628528308, 60: 0.11172840914904454, 70: 0.11022605288655381, 80: 0.10880989697774912, 90: 0.10689094025556325, 100: 0.10583604824830448, 110: 0.10533966105742447, 120: 0.10473250545021658, 130: 0.10449463935165562, 140: 0.10439923024940781, 150: 0.1040182301216516, 160: 0.10551545772852937, 170: 0.10709998954921762, 180: 0.10428382843518072}",150,0.1040182301216516,0.001,0.01,0.01
concrete,fixnoiseFCN,32,0.001,0.001,"{0: 0.49797250299170026, 10: 0.17134674690316892, 20: 0.13571804028937795, 30: 0.12319992681180528, 40: 0.11748894002452404, 50: 0.1154401987135694, 60: 0.11282250447792097, 70: 0.11187901053170166, 80: 0.11086901809535618, 90: 0.11054415765307232, 100: 0.10988279145256412, 110: 0.1074967504075762, 120: 0.10674663944263493, 130: 0.10729931119554079, 140: 0.10670270031024835, 150: 0.10675367725620713, 160: 0.10739992564793262, 170: 0.10884446126964364}",140,0.10670270031024835,0.005,0.01,0.01
concrete,fixnoiseFCN,32,0.001,0.001,"{0: 0.5048384348617513, 10: 0.16590861711229823, 20: 0.1329144466273536, 30: 0.1234421615046776, 40: 0.1175433573057959, 50: 0.11604380776926722, 60: 0.115630431407271, 70: 0.11440343415342595, 80: 0.11498103019480607, 90: 0.11313145345397686, 100: 0.11454903230861282, 110: 0.11217731735799172, 120: 0.11098793913645384, 130: 0.10968181598480001, 140: 0.11250229304107091, 150: 0.11036309077738285, 160: 0.11042407503014284}",130,0.10968181598480001,0.01,0.01,0.01
concrete,fixnoiseFCN,32,0.001,0.001,"{0: 0.516839720589623, 10: 0.16003095777142248, 20: 0.13116883755600287, 30: 0.12290208103365133, 40: 0.11731684040000108, 50: 0.1169402932697812, 60: 0.11405726344092679, 70: 0.11320323551457763, 80: 0.11302883140307748, 90: 0.10720571912632373, 100: 0.10925126450068848, 110: 0.1055015936851259, 120: 0.1096344072546284, 130: 0.1089398906178943, 140: 0.1018338629716824, 150: 0.1037723486515895, 160: 0.10741202522000382, 170: 0.10427968476466003}",140,0.1018338629716824,0.05,0.01,0.01
concrete,fixnoiseFCN,32,0.001,0.001,"{0: 0.5283375826118967, 10: 0.16494505515020597, 20: 0.13638323591370893, 30: 0.1332535326007839, 40: 0.12310637848158501, 50: 0.11531068717376643, 60: 0.11355829167978926, 70: 0.10607451460886601, 80: 0.10626180131651919, 90: 0.1104839777204718, 100: 0.10934691408964345}",70,0.10607451460886601,0.1,0.01,0.01
concrete,fixnoiseFCN,32,0.001,0.002,"{0: 0.400152840269819, 10: 0.14480877905962913, 20: 0.12471296238099656, 30: 0.1196044012291821, 40: 0.11907792139085285, 50: 0.12009909962212388, 60: 0.12123035988220443, 70: 0.12124306761433219}",40,0.11907792139085285,0.001,0.01,0.01
concrete,fixnoiseFCN,32,0.001,0.002,"{0: 0.397215775176277, 10: 0.13546168057243868, 20: 0.12174202051216768, 30: 0.11973728450759971, 40: 0.12199054464243535, 50: 0.12455213169983734, 60: 0.11873691988035111, 70: 0.12140143924014861, 80: 0.12384898868906372, 90: 0.11390866012441189, 100: 0.11102115448213237, 110: 0.11239870979935924, 120: 0.11407539664326456, 130: 0.11831723357083417}",100,0.11102115448213237,0.005,0.01,0.01
concrete,fixnoiseFCN,32,0.001,0.002,"{0: 0.3983274538007738, 10: 0.14091222593047315, 20: 0.12460665626529843, 30: 0.12165841905836565, 40: 0.12092078693431348, 50: 0.12133174408786136, 60: 0.11988944705226028, 70: 0.12440357174413212, 80: 0.11207790970031366, 90: 0.1160079226302257, 100: 0.11957978533428089, 110: 0.114248228034876}",80,0.11207790970031366,0.01,0.01,0.01
concrete,fixnoiseFCN,32,0.001,0.002,"{0: 0.40001608574888226, 10: 0.15341790862111632, 20: 0.1322217087771438, 30: 0.12480204107987378, 40: 0.11999364219798658, 50: 0.11684952285856627, 60: 0.1176575065446303, 70: 0.10686856611533377, 80: 0.10627461020718414, 90: 0.10776640398643982, 100: 0.11424201146979643, 110: 0.11269543526038879}",80,0.10627461020718414,0.05,0.01,0.01
concrete,fixnoiseFCN,32,0.001,0.002,"{0: 0.4217927852493256, 10: 0.1517675386085082, 20: 0.12611789180058092, 30: 0.12366963151134744, 40: 0.1168562519668718, 50: 0.121178696316289, 60: 0.11753190424510795, 70: 0.11926023530364258}",40,0.1168562519668718,0.1,0.01,0.01
concrete,fixnoiseFCN,32,0.0001,0.0001,"{0: 0.9309718509682531, 10: 0.4562203348638917, 20: 0.3376747882156926, 30: 0.27326128678130646, 40: 0.2311084222837633, 50: 0.2055866352061783, 60: 0.1897823885119543, 70: 0.17868040720368436, 80: 0.1701166908255746, 90: 0.16310230461661673, 100: 0.1569819223042646, 110: 0.151732727958045, 120: 0.14714431434242004, 130: 0.14299800893887932, 140: 0.139048312992265, 150: 0.13543431820500718, 160: 0.13219971054888222, 170: 0.12929842534153574, 180: 0.12678119313574815, 190: 0.12454789968555777, 200: 0.1225078087368896, 210: 0.12060458780419844, 220: 0.11893479763137153, 230: 0.11749090378345468, 240: 0.11624329888511722, 250: 0.11507892742557542, 260: 0.11406188118013402, 270: 0.11301686757207689, 280: 0.11205518618870336, 290: 0.1111393144921966, 300: 0.11037756699094023, 310: 0.10968564161156627, 320: 0.10901761166186948, 330: 0.10843013527619336, 340: 0.10785527568101246, 350: 0.10732948819939418, 360: 0.10682919014906075, 370: 0.10632589788150651, 380: 0.10588057152056862, 390: 0.10541970449483955, 400: 0.10505137902045043, 410: 0.10478308766171698, 420: 0.1045013422026118, 430: 0.10424903957813383, 440: 0.10401635604523016, 450: 0.10383135638283036, 460: 0.10357263419366905, 470: 0.10329471216723599, 480: 0.10305055721267145, 490: 0.10294406060715869, 500: 0.10278133808597316, 510: 0.10263130843666908, 520: 0.10245007005037639, 530: 0.10229623055053876, 540: 0.10224972318778061, 550: 0.10211520471477278, 560: 0.10192272718734241, 570: 0.10177775898379744, 580: 0.10164463744960665, 590: 0.1015032695624248, 600: 0.10143324563080129, 610: 0.10133243316761098, 620: 0.10124618837938912, 630: 0.10119309396724611, 640: 0.10100629708262303, 650: 0.10100163196507464, 660: 0.10091409827255578, 670: 0.10090320355991964, 680: 0.10075200235643214, 690: 0.10074331632678321, 700: 0.10066773261244395, 710: 0.10067348363873303, 720: 0.10057452420784603, 730: 0.10053263291986406, 740: 0.10054665873613255, 750: 0.10043654125566537, 760: 0.10039228858661624, 770: 0.10030540755372397, 780: 0.10025714330121885, 790: 0.100182793619275, 800: 0.10022778126711944, 810: 0.10015185515779704, 820: 0.10015326948708414, 830: 0.10006498332513278, 840: 0.10017247708997548, 850: 0.10010985428333856, 860: 0.1001689834747923}",830,0.10006498332513278,0.001,0.01,0.01
concrete,fixnoiseFCN,32,0.0001,0.0001,"{0: 0.9370420366961781, 10: 0.46567105869936753, 20: 0.3449022874996033, 30: 0.2795335533263414, 40: 0.23630328479215384, 50: 0.20851461080384098, 60: 0.19081338516866725, 70: 0.17887133350745893, 80: 0.16972262928563844, 90: 0.1623449875876935, 100: 0.1561850293782448, 110: 0.15076368000449203, 120: 0.14585668931768195, 130: 0.14150330636840308, 140: 0.13770250416862595, 150: 0.13435634243399103, 160: 0.13156526270708663, 170: 0.12889342918386307, 180: 0.12650227611530668, 190: 0.12447455740542719, 200: 0.12267513002109964, 210: 0.120890156007334, 220: 0.11945539365429636, 230: 0.11823489312980122, 240: 0.11710595644068825, 250: 0.11611697918873802, 260: 0.1151076588341629, 270: 0.11419019405949649, 280: 0.11341462121581203, 290: 0.11271843140761742, 300: 0.11219587608120085, 310: 0.1115922220505317, 320: 0.11095453282679155, 330: 0.11067250740647602, 340: 0.11006553198709941, 350: 0.10969731171708345, 360: 0.1093774818866641, 370: 0.10899517494653739, 380: 0.10874403692231253, 390: 0.10848857024658391, 400: 0.10837323322611347, 410: 0.1079211221752084, 420: 0.10764717911052775, 430: 0.10748101085336315, 440: 0.10735056514029184, 450: 0.10723395078201384, 460: 0.1071041982308724, 470: 0.10685536952539232, 480: 0.10661979797316187, 490: 0.10650380659663976, 500: 0.10633144467011788, 510: 0.10594203527342234, 520: 0.1059790678866929, 530: 0.1059632670387064, 540: 0.10611604538516961}",510,0.10594203527342234,0.005,0.01,0.01
concrete,fixnoiseFCN,32,0.0001,0.0001,"{0: 0.941421177034808, 10: 0.4422482899511997, 20: 0.3278645826817792, 30: 0.2648949897203371, 40: 0.22647990909093235, 50: 0.20308622008725088, 60: 0.18754588315311574, 70: 0.17628834529026122, 80: 0.1671331471015327, 90: 0.15933317052881893, 100: 0.15226067119651782, 110: 0.14648682778752123, 120: 0.14112213174171653, 130: 0.1366349619189766, 140: 0.13276839377214006, 150: 0.1290223079208348, 160: 0.12598693685858053, 170: 0.12330457445181746, 180: 0.12092381817263227, 190: 0.11871817905563209, 200: 0.1168204076219204, 210: 0.11493779700373334, 220: 0.11356208488058799, 230: 0.11221324351612763, 240: 0.11123415374669957, 250: 0.11016918660278507, 260: 0.10934293433296971, 270: 0.10837403704139012, 280: 0.10762871053336906, 290: 0.10716329127395938, 300: 0.10640448322757826, 310: 0.10592962948342473, 320: 0.10516293112791564, 330: 0.10503067838511289, 340: 0.10422312096873654, 350: 0.10414786090156106, 360: 0.1035339295834369, 370: 0.10338341325213092, 380: 0.10322468230163531, 390: 0.10318937692986711, 400: 0.10302236395351816, 410: 0.10262573449405052, 420: 0.10253628042148646, 430: 0.1025887823177547, 440: 0.10207268253717701, 450: 0.10148580774736464, 460: 0.10204278993109864, 470: 0.10180265697285104, 480: 0.10153161165669991}",450,0.10148580774736464,0.01,0.01,0.01
concrete,fixnoiseFCN,32,0.0001,0.0001,"{0: 0.9599334994537779, 10: 0.4509211920471608, 20: 0.3375956111192615, 30: 0.27633548006283204, 40: 0.23497347835823068, 50: 0.20788108801233798, 60: 0.19029816379171782, 70: 0.17779506292262964, 80: 0.16818590877226608, 90: 0.16040577530134015, 100: 0.15387451378784175, 110: 0.1479986495880929, 120: 0.14353698651805377, 130: 0.13865057021208765, 140: 0.1347176772756922, 150: 0.13175109653549882, 160: 0.12917190410034332, 170: 0.12620966706996273, 180: 0.12371705376450179, 190: 0.12068639052448091, 200: 0.11932811204810727, 210: 0.11813160409879679, 220: 0.1161362924600634, 230: 0.11566891142516482, 240: 0.11312768883571574, 250: 0.11277018573784929, 260: 0.11177535301092797, 270: 0.11129643157475747, 280: 0.10934229887872578, 290: 0.10849375405521955, 300: 0.1088216215252521, 310: 0.10842300484620493, 320: 0.10757467706460597, 330: 0.10764000755732332, 340: 0.10629607375427608, 350: 0.10538031012898466, 360: 0.10537064125168731, 370: 0.10525635098374923, 380: 0.10434197866314499, 390: 0.10475821542159873, 400: 0.10439302195693693, 410: 0.1040289765667977, 420: 0.1034139057844657, 430: 0.10292806216375867, 440: 0.1021995107614396, 450: 0.10167071775335705, 460: 0.10251274057054797, 470: 0.1026435780141252, 480: 0.1021821181994573}",450,0.10167071775335705,0.05,0.01,0.01
concrete,fixnoiseFCN,32,0.0001,0.0001,"{0: 0.9385152102767849, 10: 0.47543565383154823, 20: 0.3482256352390436, 30: 0.2796892880384603, 40: 0.23519624013583132, 50: 0.21019448375633623, 60: 0.1939882545120304, 70: 0.18234031265388131, 80: 0.17356443054616144, 90: 0.16524618150246467, 100: 0.15961780539769554, 110: 0.15298798425223595, 120: 0.14821254680972581, 130: 0.14302760519335117, 140: 0.14040159369244104, 150: 0.13654229935008072, 160: 0.1335191062320759, 170: 0.13170526372355526, 180: 0.12880888955589143, 190: 0.12707817078264486, 200: 0.12516223747853164, 210: 0.12270235971937953, 220: 0.12140933294733056, 230: 0.1208891188901218, 240: 0.11888755836391221, 250: 0.11824157879125474, 260: 0.11571418014048693, 270: 0.11481846676785597, 280: 0.11519242004804583, 290: 0.11484154235271508, 300: 0.11315978778571618, 310: 0.11297801446739561, 320: 0.11303097002103604, 330: 0.11213128777076295, 340: 0.10997987395302507, 350: 0.10892322529506568, 360: 0.11100744564859892, 370: 0.10871134619496306, 380: 0.10863765827292701, 390: 0.10801325301786353, 400: 0.1081908117947826, 410: 0.10730582153629746, 420: 0.10797549301156799, 430: 0.10772504915540426, 440: 0.10671973735325353, 450: 0.10501427945022175, 460: 0.1063035899910082, 470: 0.10619076111105445, 480: 0.10500497667103763, 490: 0.10441669597979483, 500: 0.10458234433159068, 510: 0.10365684378894938, 520: 0.103873265152804, 530: 0.1039091015981575, 540: 0.10393210080178994}",510,0.10365684378894938,0.1,0.01,0.01
concrete,fixnoiseFCN,32,0.0001,0.0005,"{0: 0.6922475244447379, 10: 0.21019983379953627, 20: 0.16108602225582247, 30: 0.13932820435803378, 40: 0.12858627978059775, 50: 0.12177333036276558, 60: 0.11792121399444558, 70: 0.11556268295946381, 80: 0.11399414864899446, 90: 0.11293605500070898, 100: 0.11219743629781212, 110: 0.11177748686766856, 120: 0.1116371410771797, 130: 0.11140704811467388, 140: 0.11156931826584619, 150: 0.11140952174658478, 160: 0.11171932908952105}",130,0.11140704811467388,0.001,0.01,0.01
concrete,fixnoiseFCN,32,0.0001,0.0005,"{0: 0.6844536763980313, 10: 0.20508880176316432, 20: 0.15629244087595723, 30: 0.1367822397914932, 40: 0.12627409654612332, 50: 0.11996216341952262, 60: 0.1161588482357457, 70: 0.11313462961357738, 80: 0.11162334420142113, 90: 0.10984782750110493, 100: 0.10864519436622737, 110: 0.10793521525408503, 120: 0.10668867031199045, 130: 0.1067106060055687, 140: 0.10599685049652283, 150: 0.10533086439081125, 160: 0.10573833585000222, 170: 0.10467796269801485, 180: 0.10487111759211672, 190: 0.10415980783620875, 200: 0.10546308928132828, 210: 0.10343075429799045, 220: 0.10381974483973018, 230: 0.10352756513628203, 240: 0.10289081761300982, 250: 0.10476838819520151, 260: 0.10459487772126133, 270: 0.10432940339147825}",240,0.10289081761300982,0.005,0.01,0.01
concrete,fixnoiseFCN,32,0.0001,0.0005,"{0: 0.6679745317227913, 10: 0.21153857136072268, 20: 0.16328077800962898, 30: 0.1420098676003312, 40: 0.13024481820029324, 50: 0.12231520968999407, 60: 0.11785840093797653, 70: 0.11400004890859568, 80: 0.1107551531242558, 90: 0.10892559769654926, 100: 0.10852509064232299, 110: 0.10815375960630921, 120: 0.10626565766798199, 130: 0.10593078128184026, 140: 0.10664328522980213, 150: 0.10519494414125781, 160: 0.10425192545132997, 170: 0.10594038744183795, 180: 0.10554108752269527, 190: 0.10478458307281477}",160,0.10425192545132997,0.01,0.01,0.01
concrete,fixnoiseFCN,32,0.0001,0.0005,"{0: 0.7197711589018329, 10: 0.22291146251905078, 20: 0.1693348299617778, 30: 0.14854478125198192, 40: 0.13425396063606648, 50: 0.12868697777098626, 60: 0.1200878694280156, 70: 0.11815090387211584, 80: 0.11716873399092811, 90: 0.11645221464715882, 100: 0.11134663465436265, 110: 0.10995501041660156, 120: 0.11075436686459553, 130: 0.1105864448086011, 140: 0.11034932222456864}",110,0.10995501041660156,0.05,0.01,0.01
concrete,fixnoiseFCN,32,0.0001,0.0005,"{0: 0.7107309761896718, 10: 0.21370505769651021, 20: 0.16551048481940164, 30: 0.14497167896294894, 40: 0.13104811925251045, 50: 0.12338599113060515, 60: 0.11727379550723702, 70: 0.11778282877049531, 80: 0.11350489453753321, 90: 0.11346248280865479, 100: 0.11389601971620951, 110: 0.1080138575105879, 120: 0.11266997213743171, 130: 0.10868099321145219, 140: 0.10777965348051463, 150: 0.1080888174332717, 160: 0.10932843457497188, 170: 0.10838063796972533}",140,0.10777965348051463,0.1,0.01,0.01
concrete,fixnoiseFCN,32,0.0001,0.001,"{0: 0.49384928658241184, 10: 0.1710180909166227, 20: 0.13491425426064246, 30: 0.12387140192953265, 40: 0.11885548255456568, 50: 0.11689643435012234, 60: 0.11542442440378142, 70: 0.11494753078482522, 80: 0.11500124032260176, 90: 0.1146484302823533, 100: 0.11559846463737802, 110: 0.11443739490086557, 120: 0.11367320944474568, 130: 0.11309719675715464, 140: 0.11189822594038398, 150: 0.10913071031614048, 160: 0.11121836224751216, 170: 0.11331309390710687, 180: 0.11382306639763133}",150,0.10913071031614048,0.001,0.01,0.01
concrete,fixnoiseFCN,32,0.0001,0.001,"{0: 0.5347963036089056, 10: 0.16237440856073138, 20: 0.13368715715123075, 30: 0.12137018639814585, 40: 0.11550475580192392, 50: 0.11287842064236853, 60: 0.1115111036533841, 70: 0.10893045381744064, 80: 0.1083182151663528, 90: 0.10919159315801821, 100: 0.10840814187015901, 110: 0.10904467583864552}",80,0.1083182151663528,0.005,0.01,0.01
concrete,fixnoiseFCN,32,0.0001,0.001,"{0: 0.5047930126765527, 10: 0.1667580306296514, 20: 0.1316310686980982, 30: 0.1235203984802959, 40: 0.12105045544508093, 50: 0.1210388551958054, 60: 0.11879348594995445, 70: 0.11564544656729026, 80: 0.11499229415174621, 90: 0.11529855063098364, 100: 0.11434761458466827, 110: 0.11576577747927626, 120: 0.11539945167359253, 130: 0.11568016548362248}",100,0.11434761458466827,0.01,0.01,0.01
concrete,fixnoiseFCN,32,0.0001,0.001,"{0: 0.4864242122077272, 10: 0.16157159666429605, 20: 0.1275043951856015, 30: 0.11714978934424677, 40: 0.11152144543984899, 50: 0.11109406882210056, 60: 0.112381135290702, 70: 0.10919668699009652, 80: 0.11078975734198349, 90: 0.10940575559424608, 100: 0.10795845028673796, 110: 0.10834962841274778, 120: 0.11025158808422768, 130: 0.10902341390506302}",100,0.10795845028673796,0.05,0.01,0.01
concrete,fixnoiseFCN,32,0.0001,0.001,"{0: 0.5148124917674224, 10: 0.16869788727228147, 20: 0.1375722096116452, 30: 0.12567758165509146, 40: 0.1193059414489978, 50: 0.1168305572350038, 60: 0.11818518770700329, 70: 0.11241426239256849, 80: 0.11073101226614852, 90: 0.1106161303795373, 100: 0.1138114519193438, 110: 0.11085085717169603, 120: 0.10575367808110699, 130: 0.10634411788403061, 140: 0.1055260793682455, 150: 0.10812731212331292, 160: 0.10005469740560473, 170: 0.10290314142514467, 180: 0.1053825192760844, 190: 0.10480573929135921}",160,0.10005469740560473,0.1,0.01,0.01
concrete,fixnoiseFCN,32,0.0001,0.002,"{0: 0.4133072851515662, 10: 0.14663882555130314, 20: 0.12962439258221511, 30: 0.1271524758724233, 40: 0.13481879038732095, 50: 0.14240329909824653, 60: 0.13027769475062953}",30,0.1271524758724233,0.001,0.01,0.01
concrete,fixnoiseFCN,32,0.0001,0.002,"{0: 0.41173143457524963, 10: 0.14613401711796575, 20: 0.13097170642517225, 30: 0.12807693958794594, 40: 0.12678124090707574, 50: 0.12714392613726946, 60: 0.1209218765962635, 70: 0.11526329170243439, 80: 0.11697676971510704, 90: 0.11514064029767748, 100: 0.10897166280512316, 110: 0.11267316398097246, 120: 0.11732950276695879, 130: 0.1186306581229346}",100,0.10897166280512316,0.005,0.01,0.01
concrete,fixnoiseFCN,32,0.0001,0.002,"{0: 0.4185301398065736, 10: 0.14909850632597013, 20: 0.13053507978199855, 30: 0.13208532497385916, 40: 0.12707774993238719, 50: 0.12464902888424559, 60: 0.13246558853060955, 70: 0.11716406858449764, 80: 0.11341405062215557, 90: 0.12172548942590038, 100: 0.12584591120699007, 110: 0.11662897143570786}",80,0.11341405062215557,0.01,0.01,0.01
concrete,fixnoiseFCN,32,0.0001,0.002,"{0: 0.4091415133697847, 10: 0.14687593834242024, 20: 0.13145961128990252, 30: 0.12194753008457529, 40: 0.12277116394036636, 50: 0.11344777440053395, 60: 0.10744613054746051, 70: 0.10827831372734316, 80: 0.11166463719875017, 90: 0.1124397418323384}",60,0.10744613054746051,0.05,0.01,0.01
concrete,fixnoiseFCN,32,0.0001,0.002,"{0: 0.40472909283347247, 10: 0.1510228252992948, 20: 0.12530588533919296, 30: 0.11045743952497719, 40: 0.11278285764000831, 50: 0.11203792575430138, 60: 0.11663888445637531}",30,0.11045743952497719,0.1,0.01,0.01
concrete,fixnoiseFCN,32,1e-05,0.0001,"{0: 0.9691424109102265, 10: 0.45768088904205995, 20: 0.33298821531968564, 30: 0.27121336396918505, 40: 0.2327730946158006, 50: 0.20922427041853964, 60: 0.1932349962319873, 70: 0.1816482367753674, 80: 0.17272875314320976, 90: 0.1651386953118283, 100: 0.15897194755700722, 110: 0.15371547186971593, 120: 0.1492592767115575, 130: 0.1452393313267675, 140: 0.14167335751288174, 150: 0.13851477930772466, 160: 0.13570819120077693, 170: 0.13324771481335537, 180: 0.13100212204983874, 190: 0.12900620194095552, 200: 0.12720691268587675, 210: 0.12548169529523923, 220: 0.12404390961152045, 230: 0.1227776987382045, 240: 0.1217005098842949, 250: 0.12073965268304568, 260: 0.11997021298489348, 270: 0.11930475425809424, 280: 0.1185686912271418, 290: 0.11797405578212569, 300: 0.11741474758258194, 310: 0.11688521326986931, 320: 0.11641787261360018, 330: 0.11599741508855214, 340: 0.11572049379855373, 350: 0.11542400146546136, 360: 0.1151663777877006, 370: 0.11487793052127118, 380: 0.11458870103980598, 390: 0.1143723101543878, 400: 0.11415622176221144, 410: 0.11388869302037549, 420: 0.11373681393068584, 430: 0.11363277843785084, 440: 0.11353724527236761, 450: 0.11336493925791005, 460: 0.1132687218168424, 470: 0.11317588135434889, 480: 0.1131679166076431, 490: 0.11309792450646383, 500: 0.1130780693378743, 510: 0.11308396394736928, 520: 0.1129690930772647, 530: 0.11303208461247456, 540: 0.11302274451006675, 550: 0.11301081958907626}",520,0.1129690930772647,0.001,0.01,0.01
concrete,fixnoiseFCN,32,1e-05,0.0001,"{0: 0.9620303418675089, 10: 0.46613217940571916, 20: 0.33277627791947817, 30: 0.271103730089164, 40: 0.23050513213165846, 50: 0.2051560054371424, 60: 0.18842715572590577, 70: 0.17668710759257883, 80: 0.16768013344800922, 90: 0.16029735671553186, 100: 0.1540400531109359, 110: 0.1484719862851692, 120: 0.1439128178729781, 130: 0.1399015726380915, 140: 0.1367065632714169, 150: 0.13388608279861702, 160: 0.1313996812820583, 170: 0.12914998128683927, 180: 0.1272352889671451, 190: 0.12535343530069532, 200: 0.12382242661202154, 210: 0.12219555557615461, 220: 0.12106098966446381, 230: 0.11983147258110032, 240: 0.11875707460960912, 250: 0.11787808952099006, 260: 0.11702459394182707, 270: 0.11622674344870014, 280: 0.11545884004777884, 290: 0.11481617504251393, 300: 0.11426078983367796, 310: 0.11377172751686723, 320: 0.11332500488827031, 330: 0.11295171644810534, 340: 0.11254214589741474, 350: 0.1121598554080103, 360: 0.11185330950476073, 370: 0.1115598259664348, 380: 0.11142660929784261, 390: 0.11106371640150643, 400: 0.11075605925944884, 410: 0.11057935543674273, 420: 0.11031975218060468, 430: 0.1102389952245995, 440: 0.1100783199011379, 450: 0.10976600563426206, 460: 0.10949138508552751, 470: 0.10944683154231986, 480: 0.109236085794292, 490: 0.10932617904248745, 500: 0.10902504022869212, 510: 0.10881455026964841, 520: 0.10888236051941591, 530: 0.10844619165699865, 540: 0.10855679966205098, 550: 0.10840660591821097, 560: 0.10802675963034583, 570: 0.1082697237979315, 580: 0.10810793239023075, 590: 0.10812479635584944}",560,0.10802675963034583,0.005,0.01,0.01
concrete,fixnoiseFCN,32,1e-05,0.0001,"{0: 0.9617307425611387, 10: 0.4624954778308439, 20: 0.3362962204132007, 30: 0.27221948289565046, 40: 0.23202015171261162, 50: 0.20687896563655697, 60: 0.19022407667621893, 70: 0.17795437758002383, 80: 0.16853818223431033, 90: 0.16070631296059334, 100: 0.15410132457129797, 110: 0.1482586356570169, 120: 0.14359999571884902, 130: 0.1394092264754941, 140: 0.13570922035655092, 150: 0.13238650229469723, 160: 0.12938351820474278, 170: 0.1267034844771105, 180: 0.12415716513881223, 190: 0.12213135535198938, 200: 0.12004922613881512, 210: 0.11863882470741065, 220: 0.11696438311643938, 230: 0.11577960108981604, 240: 0.11454228751713799, 250: 0.11359393908301504, 260: 0.11247416807725444, 270: 0.11171136946565383, 280: 0.11092730493118871, 290: 0.11058774114668327, 300: 0.10997666252409406, 310: 0.1098199190443873, 320: 0.10942484362960876, 330: 0.1088833770235754, 340: 0.10834998707312482, 350: 0.10828836023730433, 360: 0.10777468980272789, 370: 0.10761080409678943, 380: 0.10758896499260964, 390: 0.10737253615873572, 400: 0.10742761765019551, 410: 0.1069245975616017, 420: 0.10729712814648815, 430: 0.10672899176269572, 440: 0.10689401569988935, 450: 0.10667815745190742, 460: 0.10655216831689134, 470: 0.10627795246613528, 480: 0.10643861082461659, 490: 0.1066514120318673, 500: 0.1062918668496371}",470,0.10627795246613528,0.01,0.01,0.01
concrete,fixnoiseFCN,32,1e-05,0.0001,"{0: 0.9387330808202513, 10: 0.456525108616879, 20: 0.33701533145580304, 30: 0.27244036571391844, 40: 0.23178925928755417, 50: 0.20752442344053973, 60: 0.19239315773138096, 70: 0.1813948645063312, 80: 0.17231866836999404, 90: 0.16439200629966838, 100: 0.1572986885533012, 110: 0.15138806278914413, 120: 0.14549882490427424, 130: 0.14098795537938036, 140: 0.13660088355160824, 150: 0.1332840833838283, 160: 0.13039175548116452, 170: 0.12814458874667561, 180: 0.12591874943191222, 190: 0.12449208341781201, 200: 0.12156194580527516, 210: 0.11983601735044389, 220: 0.11838803968448068, 230: 0.11771092724591956, 240: 0.11669343345494995, 250: 0.1167085080719928, 260: 0.11453108908144616, 270: 0.11489426303239152, 280: 0.11397006529612579, 290: 0.11298443943559464, 300: 0.112726851418719, 310: 0.11289889990936493, 320: 0.11222341262850377, 330: 0.11155237705231329, 340: 0.11024682894024203, 350: 0.11044515746885859, 360: 0.11152529856929361, 370: 0.1092924922992147, 380: 0.11063880885068082, 390: 0.1098466198041165, 400: 0.10947844702257595}",370,0.1092924922992147,0.05,0.01,0.01
concrete,fixnoiseFCN,32,1e-05,0.0001,"{0: 0.9479122262342894, 10: 0.4814457335532901, 20: 0.35390888572818513, 30: 0.2834524100888947, 40: 0.2397674939417434, 50: 0.21396051218839193, 60: 0.19713968650288524, 70: 0.1852024828484564, 80: 0.17551289706651316, 90: 0.1681380403519822, 100: 0.16097798853848302, 110: 0.15563684719959542, 120: 0.15124980839122162, 130: 0.14792677008292893, 140: 0.14324451509144512, 150: 0.14046926687161126, 160: 0.13704737538784323, 170: 0.13344066024305684, 180: 0.13285461789356368, 190: 0.130207564869327, 200: 0.12849341425953842, 210: 0.12638936237849885, 220: 0.124383800073533, 230: 0.12339114111547371, 240: 0.12348298024432973, 250: 0.12143149892406516, 260: 0.12009155593586691, 270: 0.11863125962554219, 280: 0.11864320747133039, 290: 0.11773804611662034, 300: 0.11683492699430129, 310: 0.11552933495943293, 320: 0.11414046371346016, 330: 0.11487611666186841, 340: 0.11253552598271628, 350: 0.11343472346132077, 360: 0.11342695217860446, 370: 0.11274674835114437}",340,0.11253552598271628,0.1,0.01,0.01
concrete,fixnoiseFCN,32,1e-05,0.0005,"{0: 0.6887622749673289, 10: 0.20422364851092292, 20: 0.15671135783349682, 30: 0.13878446072031636, 40: 0.1282599237773785, 50: 0.1221073265647941, 60: 0.11813885329501857, 70: 0.11570655416303532, 80: 0.11415341390292685, 90: 0.11305391723621865, 100: 0.11250613605629733, 110: 0.11199535508353073, 120: 0.11201448233529694, 130: 0.11170061419319419, 140: 0.1113921389756043, 150: 0.11138074598980671, 160: 0.11142316692896292, 170: 0.11152943183000959, 180: 0.11157713876085884}",150,0.11138074598980671,0.001,0.01,0.01
concrete,fixnoiseFCN,32,1e-05,0.0005,"{0: 0.7102035100153439, 10: 0.20787566432832616, 20: 0.15828032453931976, 30: 0.1400731697804119, 40: 0.12930775684400214, 50: 0.12254559318235603, 60: 0.11801350565730469, 70: 0.11502009470046051, 80: 0.11298777210171673, 90: 0.11150727887871259, 100: 0.11087699078276743, 110: 0.10947174921929177, 120: 0.1089673146785561, 130: 0.10839759152534048, 140: 0.10906137270617511, 150: 0.10914741252429909, 160: 0.10849611607106942}",130,0.10839759152534048,0.005,0.01,0.01
concrete,fixnoiseFCN,32,1e-05,0.0005,"{0: 0.6752987876717285, 10: 0.20135704399091353, 20: 0.15594086265462642, 30: 0.13563585912468737, 40: 0.12486618284584854, 50: 0.1194274551431316, 60: 0.11561605264544927, 70: 0.1137283011605166, 80: 0.11317728995401288, 90: 0.1118037124391692, 100: 0.11160346610897001, 110: 0.11143663572988638, 120: 0.11215394742467495, 130: 0.11094145964789812, 140: 0.11097305893809903, 150: 0.11079395167050499, 160: 0.11167632396050012, 170: 0.11157135325575526, 180: 0.11256730315310595}",150,0.11079395167050499,0.01,0.01,0.01
concrete,fixnoiseFCN,32,1e-05,0.0005,"{0: 0.6903130468085177, 10: 0.21334311993295674, 20: 0.15787135730010884, 30: 0.13764000783463098, 40: 0.12843305418585857, 50: 0.1221213512515535, 60: 0.1196560696915965, 70: 0.11185277171840469, 80: 0.11063218695161821, 90: 0.11214966676906249, 100: 0.10713088809463685, 110: 0.11160686426583322, 120: 0.10978438361267735, 130: 0.10884233836415007}",100,0.10713088809463685,0.05,0.01,0.01
concrete,fixnoiseFCN,32,1e-05,0.0005,"{0: 0.7082268722587749, 10: 0.21167507248262254, 20: 0.1626696277215405, 30: 0.140948316505439, 40: 0.12708934821149903, 50: 0.12206199077824617, 60: 0.1164193708719431, 70: 0.11357726525688779, 80: 0.11206670433348934, 90: 0.10917531387069582, 100: 0.11140691902320517, 110: 0.10726995220100846, 120: 0.10318636453408314, 130: 0.10673437463723986, 140: 0.10494899293893764, 150: 0.10405864881768725}",120,0.10318636453408314,0.1,0.01,0.01
concrete,fixnoiseFCN,32,1e-05,0.001,"{0: 0.5100712951920866, 10: 0.16459081632731495, 20: 0.13229995060230262, 30: 0.11917348595257611, 40: 0.11318045052102957, 50: 0.11081464996053417, 60: 0.10940980481626764, 70: 0.10983669042851603, 80: 0.1097790974998091, 90: 0.10966402485553679}",60,0.10940980481626764,0.001,0.01,0.01
concrete,fixnoiseFCN,32,1e-05,0.001,"{0: 0.5042739329118686, 10: 0.16638631286957223, 20: 0.13194160603091443, 30: 0.12211350457284376, 40: 0.11874382927375024, 50: 0.11761024077039513, 60: 0.1171870193235075, 70: 0.11558348361273343, 80: 0.1149716705816515, 90: 0.11538560464650569, 100: 0.11658209583587828, 110: 0.1148687438751624, 120: 0.11908327529739646, 130: 0.12469178508232015, 140: 0.12348112325204008}",110,0.1148687438751624,0.005,0.01,0.01
concrete,fixnoiseFCN,32,1e-05,0.001,"{0: 0.5205153389824644, 10: 0.1589654499534669, 20: 0.12773617510322458, 30: 0.11889896283789378, 40: 0.11744536474104819, 50: 0.11477523636378498, 60: 0.11300137146828311, 70: 0.11234985248173993, 80: 0.11300672548237282, 90: 0.11275006587438818, 100: 0.11252642247922229}",70,0.11234985248173993,0.01,0.01,0.01
concrete,fixnoiseFCN,32,1e-05,0.001,"{0: 0.5220155829327775, 10: 0.16260215588921717, 20: 0.1307517178126467, 30: 0.11931283717442247, 40: 0.1173173103709509, 50: 0.11044822496518283, 60: 0.11369707350745104, 70: 0.11237367853307538, 80: 0.11442754577633327}",50,0.11044822496518283,0.05,0.01,0.01
concrete,fixnoiseFCN,32,1e-05,0.001,"{0: 0.5566267022765837, 10: 0.1658187126748798, 20: 0.13528321470528376, 30: 0.12107391991739969, 40: 0.11331168258131785, 50: 0.11067763424258892, 60: 0.11361373517973417, 70: 0.10818369341470406, 80: 0.10930124114298503, 90: 0.10837910119336751, 100: 0.10522826138842527, 110: 0.10916106934095433, 120: 0.10939622596429395, 130: 0.10848687911104668}",100,0.10522826138842527,0.1,0.01,0.01
concrete,fixnoiseFCN,32,1e-05,0.002,"{0: 0.3950043972826674, 10: 0.1424262635133395, 20: 0.12549483987930213, 30: 0.12079440483888122, 40: 0.12320554957768473, 50: 0.12890223993375316, 60: 0.1343836748288877}",30,0.12079440483888122,0.001,0.01,0.01
concrete,fixnoiseFCN,32,1e-05,0.002,"{0: 0.4140205594646164, 10: 0.14511915289785188, 20: 0.1273442688755036, 30: 0.13175601802127546, 40: 0.13365940883216026, 50: 0.11686121728754115, 60: 0.1186472502641011, 70: 0.12496262661747892, 80: 0.1210439619163763}",50,0.11686121728754115,0.005,0.01,0.01
concrete,fixnoiseFCN,32,1e-05,0.002,"{0: 0.4057590138788851, 10: 0.14749783089413346, 20: 0.1266745630488714, 30: 0.12675564081041196, 40: 0.12435025490969087, 50: 0.12196013373930588, 60: 0.11762051686980464, 70: 0.11886843456386287, 80: 0.11727544217117829, 90: 0.12087411455815578, 100: 0.10919790915126107, 110: 0.11298351401657263, 120: 0.11685717053204796, 130: 0.1142177098809968}",100,0.10919790915126107,0.01,0.01,0.01
concrete,fixnoiseFCN,32,1e-05,0.002,"{0: 0.40225152646623014, 10: 0.14438040465892946, 20: 0.12431241675600113, 30: 0.11589826846760971, 40: 0.11229988322746771, 50: 0.11774588628325829, 60: 0.1073978044553567, 70: 0.10537361199100945, 80: 0.1067478117066472, 90: 0.1105636138756431, 100: 0.10867696504365358}",70,0.10537361199100945,0.05,0.01,0.01
concrete,fixnoiseFCN,32,1e-05,0.002,"{0: 0.4138496003242131, 10: 0.1418430432487838, 20: 0.13001795050315695, 30: 0.11985606412015751, 40: 0.1085441477082433, 50: 0.1160348886578548, 60: 0.11002560950000684, 70: 0.11352197370856051}",40,0.1085441477082433,0.1,0.01,0.01
concrete,fixnoiseFCN,32,1e-09,0.0001,"{0: 0.9470052905789323, 10: 0.4771523287304225, 20: 0.351152429193016, 30: 0.28104960059687906, 40: 0.23607209224939477, 50: 0.20913462993933246, 60: 0.19143423279611077, 70: 0.17891827939938637, 80: 0.1692437154239667, 90: 0.16143064285450218, 100: 0.15476697983890658, 110: 0.14897654291140489, 120: 0.14404763551801994, 130: 0.13962588308975157, 140: 0.13575590243613994, 150: 0.1322215162562888, 160: 0.1290474420273229, 170: 0.12636287094148238, 180: 0.12405496465228086, 190: 0.12205136614180523, 200: 0.12023434218200968, 210: 0.11854694295671808, 220: 0.11707638740333048, 230: 0.11578376547834739, 240: 0.11467945629248984, 250: 0.11370386625651796, 260: 0.11283718035009145, 270: 0.11209285645535752, 280: 0.11135280998851842, 290: 0.11066459361657896, 300: 0.11002374611315865, 310: 0.10955707082036174, 320: 0.10909524985706794, 330: 0.10872516229308189, 340: 0.1083392453907059, 350: 0.10798161244781168, 360: 0.1076295775595532, 370: 0.10727498213695164, 380: 0.1069319516735073, 390: 0.1066648068406233, 400: 0.10648964945964808, 410: 0.10620561667989888, 420: 0.10600385783324176, 430: 0.10585554925431633, 440: 0.10564678320434036, 450: 0.1055929462125708, 460: 0.10544581342791397, 470: 0.10532222255431142, 480: 0.1051655388542252, 490: 0.105131950643043, 500: 0.10505766077348459, 510: 0.10493850058422363, 520: 0.10484148435264343, 530: 0.10479558916017688, 540: 0.10476175170708432, 550: 0.10471984475044324, 560: 0.10465403435213516, 570: 0.10462046205669817, 580: 0.10443297329739407, 590: 0.10444811382795582, 600: 0.10441417039949544, 610: 0.10429587779504694, 620: 0.10424307049595574, 630: 0.10417545697812185, 640: 0.10418064055145229, 650: 0.10419627649028126, 660: 0.10408517250822855, 670: 0.10410362679761864, 680: 0.10414924017638957, 690: 0.10419681569452606}",660,0.10408517250822855,0.001,0.01,0.01
concrete,fixnoiseFCN,32,1e-09,0.0001,"{0: 0.941135429313953, 10: 0.4584117943550689, 20: 0.32748845809975646, 30: 0.2645039070758305, 40: 0.22857039766627069, 50: 0.207020065911329, 60: 0.1924362215688294, 70: 0.18155631268720493, 80: 0.17287151885226487, 90: 0.16555937300918724, 100: 0.15929514886226284, 110: 0.15382566980274184, 120: 0.14907041857078265, 130: 0.14496124403792138, 140: 0.14144321697910717, 150: 0.13832597116811002, 160: 0.1357835859298177, 170: 0.13341342899984152, 180: 0.13148281702258285, 190: 0.12979741662363498, 200: 0.128078747913324, 210: 0.12666444496774093, 220: 0.12543761731394557, 230: 0.12418721509002925, 240: 0.12297403448618567, 250: 0.12191648440599354, 260: 0.12097174253584561, 270: 0.11989873257357593, 280: 0.1191151753237577, 290: 0.11814881630098698, 300: 0.11729118835778476, 310: 0.11668121757276262, 320: 0.11601854602517855, 330: 0.11519450847604654, 340: 0.114630267158817, 350: 0.1138634802936869, 360: 0.11344377562447731, 370: 0.11300381234916532, 380: 0.11236026095079103, 390: 0.1118069469256372, 400: 0.11149637985024644, 410: 0.11075421885845402, 420: 0.11031776135692377, 430: 0.10980396185439226, 440: 0.10951802559860509, 450: 0.10903121698270528, 460: 0.10883702650267002, 470: 0.10850653898411453, 480: 0.1080792889295797, 490: 0.10785403547573116, 500: 0.10727562717831826, 510: 0.10713105770033086, 520: 0.10677576751103354, 530: 0.10645609121755899, 540: 0.10639509794130889, 550: 0.10609968156186919, 560: 0.10575587893710234, 570: 0.10544656801148314, 580: 0.10545764799830722, 590: 0.10532377918547534, 600: 0.10494486038828461, 610: 0.10482498349047817, 620: 0.10472778354286157, 630: 0.1047116155522075, 640: 0.10450187409119038, 650: 0.10427753391929648, 660: 0.104319570921389, 670: 0.10392877900280492, 680: 0.10400629770440233, 690: 0.10384846745872511, 700: 0.10376946103783202, 710: 0.10347945355685635, 720: 0.10363037441504042, 730: 0.10353935669598231, 740: 0.10349075241508587}",710,0.10347945355685635,0.005,0.01,0.01
concrete,fixnoiseFCN,32,1e-09,0.0001,"{0: 0.9236080117077627, 10: 0.46850153859509247, 20: 0.34844658742150114, 30: 0.28041761263401, 40: 0.23709181651836492, 50: 0.2114099739441278, 60: 0.19447831456397344, 70: 0.1820703407639675, 80: 0.17221394933732634, 90: 0.16387118127078634, 100: 0.15675163856752256, 110: 0.15075187010879174, 120: 0.14547683099013564, 130: 0.1410742328423354, 140: 0.13699910434952772, 150: 0.13339299614594236, 160: 0.1302848251754279, 170: 0.12759294298578655, 180: 0.12553192138826064, 190: 0.12341166445295722, 200: 0.12148805761587285, 210: 0.11965642180869249, 220: 0.11814412565217665, 230: 0.1168909434153143, 240: 0.11577729737013027, 250: 0.11462726166880713, 260: 0.11359396767991829, 270: 0.11282029333169911, 280: 0.11174830479108219, 290: 0.1114662891306418, 300: 0.11083353548267331, 310: 0.11006884243760565, 320: 0.10969827358965423, 330: 0.10925544582924092, 340: 0.10905852903195515, 350: 0.10861917647013423, 360: 0.10800782013813919, 370: 0.10786800891309647, 380: 0.10739355852256108, 390: 0.10730775078011061, 400: 0.10719312542552473, 410: 0.10683372144044238, 420: 0.10637311483312781, 430: 0.1066003019932082, 440: 0.10638095095032289, 450: 0.10589234778149562, 460: 0.10543488910098209, 470: 0.105770537907427, 480: 0.10544162920533684, 490: 0.10524994018017497, 500: 0.10547671705054866, 510: 0.10488623836897562, 520: 0.1049946599468556, 530: 0.10475620173683275, 540: 0.104466804377597, 550: 0.10497850923882268, 560: 0.10532389426420816, 570: 0.10466397707567379}",540,0.104466804377597,0.01,0.01,0.01
concrete,fixnoiseFCN,32,1e-09,0.0001,"{0: 0.9749127765998784, 10: 0.47435000503979524, 20: 0.33292599685352464, 30: 0.2687656669795557, 40: 0.22842126278472405, 50: 0.20297903532783193, 60: 0.18675014941540807, 70: 0.17495973569227427, 80: 0.16661504101319308, 90: 0.160244063568265, 100: 0.15462273768150006, 110: 0.1500426234254794, 120: 0.14569409311495046, 130: 0.14217768535436479, 140: 0.13887296276600689, 150: 0.13539665482068228, 160: 0.13319220243507815, 170: 0.1307354163562952, 180: 0.12866321953948304, 190: 0.12809751099274277, 200: 0.12524712565039056, 210: 0.12412552971792108, 220: 0.12193656261869915, 230: 0.12240254002637715, 240: 0.11990318271065101, 250: 0.11749708529344245, 260: 0.11733844959347098, 270: 0.11783610198555923, 280: 0.11495299088568353, 290: 0.11466781335109837, 300: 0.1148760745454654, 310: 0.1130500182419663, 320: 0.11387216807535112, 330: 0.1116720329910649, 340: 0.11205940356925514, 350: 0.1115933187702961, 360: 0.11151762666779583, 370: 0.10969132170824544, 380: 0.10992764281597696, 390: 0.10797733145092077, 400: 0.10749461942472816, 410: 0.10854618016820392, 420: 0.10766668699400914, 430: 0.1061741111075116, 440: 0.10699634194869687, 450: 0.10858264879289811, 460: 0.10605820854086394, 470: 0.10743541640330709, 480: 0.10694624248101856, 490: 0.10582414114389345, 500: 0.10672491665447718, 510: 0.1046447661595594, 520: 0.10655993412202672, 530: 0.10414592332152288, 540: 0.10501254841145638, 550: 0.10586362089336757, 560: 0.10419574899815094}",530,0.10414592332152288,0.05,0.01,0.01
concrete,fixnoiseFCN,32,1e-09,0.0001,"{0: 0.945719176195149, 10: 0.4675049139448033, 20: 0.3433649430366154, 30: 0.27901912835158865, 40: 0.237807976464849, 50: 0.21244446739620484, 60: 0.19692085562010914, 70: 0.18486146573426102, 80: 0.17534439721672693, 90: 0.16764140214399328, 100: 0.16121401888535186, 110: 0.15566973064268244, 120: 0.15064867092072082, 130: 0.14569824524675354, 140: 0.14187422725012017, 150: 0.13801082386977348, 160: 0.13519535465098514, 170: 0.1320801274949535, 180: 0.12951159116962796, 190: 0.12858099136977882, 200: 0.12579831481424586, 210: 0.12278007636753965, 220: 0.12179978234457996, 230: 0.12031425241884794, 240: 0.11877757527248718, 250: 0.11798524624194484, 260: 0.11690717271036977, 270: 0.11560338311063241, 280: 0.11489491624231067, 290: 0.11494914130143222, 300: 0.11366256133362056, 310: 0.11206236647903171, 320: 0.1116593156386021, 330: 0.11060241545470506, 340: 0.10950476936638047, 350: 0.10866409501676907, 360: 0.10780117558120597, 370: 0.10733472885155097, 380: 0.10677812515837135, 390: 0.1056069409277246, 400: 0.10440044845071679, 410: 0.10705731243038301, 420: 0.1071216787898697, 430: 0.10426577011750378, 440: 0.10385980788969895, 450: 0.10456838062115315, 460: 0.10359380269381138, 470: 0.10340038842873693, 480: 0.10343577321000667, 490: 0.10355676311766557, 500: 0.10157670474728928, 510: 0.10310347420787087, 520: 0.10343225667818952, 530: 0.10204897966889111}",500,0.10157670474728928,0.1,0.01,0.01
concrete,fixnoiseFCN,32,1e-09,0.0005,"{0: 0.6862079870577485, 10: 0.2012972539424324, 20: 0.15361161899694403, 30: 0.13466781532150987, 40: 0.12419695882876977, 50: 0.11902619214486868, 60: 0.11604160480546791, 70: 0.11468181576085583, 80: 0.11416317008647736, 90: 0.11329221296548866, 100: 0.11266146657238141, 110: 0.1118770660156025, 120: 0.11166225785553366, 130: 0.11099022369333442, 140: 0.11054624528549088, 150: 0.1100423928709248, 160: 0.10984498213186408, 170: 0.10962495950358339, 180: 0.10958224210175027, 190: 0.10950646975126559, 200: 0.10954166167816978, 210: 0.10959587960780019, 220: 0.10999415739941228}",190,0.10950646975126559,0.001,0.01,0.01
concrete,fixnoiseFCN,32,1e-09,0.0005,"{0: 0.7082777030698828, 10: 0.21036831161102273, 20: 0.16293392625777087, 30: 0.14240355104461302, 40: 0.1298058697735479, 50: 0.12179425610335377, 60: 0.11595650382235326, 70: 0.11269898524713004, 80: 0.11047548381982031, 90: 0.10891029799801724, 100: 0.10818504528956815, 110: 0.10708551955494014, 120: 0.10631826485163709, 130: 0.10648413375119148, 140: 0.10532884584088635, 150: 0.10616230885826564, 160: 0.1061914066855258, 170: 0.10559432789292364}",140,0.10532884584088635,0.005,0.01,0.01
concrete,fixnoiseFCN,32,1e-09,0.0005,"{0: 0.7132619779865916, 10: 0.20360078208550467, 20: 0.15910341582316784, 30: 0.14113484788308828, 40: 0.13153352627804651, 50: 0.12575053108763845, 60: 0.121400234379034, 70: 0.11847403417207185, 80: 0.11592309018967333, 90: 0.11485610200765392, 100: 0.11436493360133895, 110: 0.11176600629776298, 120: 0.11016484908594393, 130: 0.11229516801068454, 140: 0.11070800439944024, 150: 0.10940748679746944, 160: 0.10869293237516639, 170: 0.11009645619627202, 180: 0.10996394117089528, 190: 0.10816381781593969, 200: 0.10748048693657537, 210: 0.1067922190916556, 220: 0.10853110922237545, 230: 0.10631224534209302, 240: 0.10676755869415562, 250: 0.10757348747934985, 260: 0.10557727618202159, 270: 0.10713291261901325, 280: 0.10692374502840754, 290: 0.10855547521499462}",260,0.10557727618202159,0.01,0.01,0.01
concrete,fixnoiseFCN,32,1e-09,0.0005,"{0: 0.7154107892293007, 10: 0.21331761320134665, 20: 0.1631056588443226, 30: 0.1406300998512719, 40: 0.12843283345103704, 50: 0.12060371572684554, 60: 0.11752121089347098, 70: 0.11324829317287921, 80: 0.11558649666926771, 90: 0.11491225036261747, 100: 0.11289511767460388, 110: 0.11117048303696483, 120: 0.11400595543318251, 130: 0.11274048237632532, 140: 0.11198926925394859}",110,0.11117048303696483,0.05,0.01,0.01
concrete,fixnoiseFCN,32,1e-09,0.0005,"{0: 0.6915461477714385, 10: 0.21847146008238033, 20: 0.16653053233095744, 30: 0.14228534976861607, 40: 0.13283976050896373, 50: 0.12525953799384287, 60: 0.12221031788516315, 70: 0.11769337962941162, 80: 0.11532389819792747, 90: 0.11313336948482133, 100: 0.11343891870200148, 110: 0.10908428519308919, 120: 0.10657375362241214, 130: 0.10785394923203932, 140: 0.10956094819845882, 150: 0.10949765238346476}",120,0.10657375362241214,0.1,0.01,0.01
concrete,fixnoiseFCN,32,1e-09,0.001,"{0: 0.4949263921633351, 10: 0.1631032714995515, 20: 0.12726028977469964, 30: 0.11705649270071025, 40: 0.11158040347721783, 50: 0.1097045541050963, 60: 0.10847503606344286, 70: 0.10787689453548444, 80: 0.10731972228373618, 90: 0.10760669653838761, 100: 0.10843124689220425, 110: 0.11040261582779118}",80,0.10731972228373618,0.001,0.01,0.01
concrete,fixnoiseFCN,32,1e-09,0.001,"{0: 0.49614723006708045, 10: 0.16851548062790261, 20: 0.13016093255196204, 30: 0.11939101651896009, 40: 0.11555661816565706, 50: 0.11406050873702807, 60: 0.11290125669040067, 70: 0.11213041373951868, 80: 0.1106446590502275, 90: 0.11117380481330348, 100: 0.11015510477047172, 110: 0.10902763816673262, 120: 0.10700760436172034, 130: 0.10732376671005908, 140: 0.11400676265471812, 150: 0.11141930711760577}",120,0.10700760436172034,0.005,0.01,0.01
concrete,fixnoiseFCN,32,1e-09,0.001,"{0: 0.492758985372358, 10: 0.16845476154334355, 20: 0.13481183045790845, 30: 0.12340304007890021, 40: 0.11935845635338505, 50: 0.11682134533500614, 60: 0.11576593733500724, 70: 0.11517150275100847, 80: 0.11581308705494062, 90: 0.11344851383125769, 100: 0.11456393202132129, 110: 0.12030127461672005, 120: 0.11580986091328808}",90,0.11344851383125769,0.01,0.01,0.01
concrete,fixnoiseFCN,32,1e-09,0.001,"{0: 0.5031142200739932, 10: 0.16353119505945174, 20: 0.13511559829732622, 30: 0.12412622338085155, 40: 0.12113977188463357, 50: 0.11753366017277736, 60: 0.11532676857595345, 70: 0.1072143025245278, 80: 0.10775998734345238, 90: 0.1091612673828933, 100: 0.11106269613761906}",70,0.1072143025245278,0.05,0.01,0.01
concrete,fixnoiseFCN,32,1e-09,0.001,"{0: 0.5312098014583786, 10: 0.17155046772831295, 20: 0.14118337741591097, 30: 0.13070913536112044, 40: 0.1173680498928151, 50: 0.12074680383951134, 60: 0.11476900672144963, 70: 0.11147925652257948, 80: 0.11104848175139578, 90: 0.10927547522483934, 100: 0.11164966018381753, 110: 0.11092487269138307, 120: 0.10865765051207252, 130: 0.10610325277292192, 140: 0.10616804511588498, 150: 0.11094875802747846, 160: 0.11022695917619636}",130,0.10610325277292192,0.1,0.01,0.01
concrete,fixnoiseFCN,32,1e-09,0.002,"{0: 0.40145345465659393, 10: 0.14667385453511106, 20: 0.12856714029916883, 30: 0.1252271756286136, 40: 0.1164380826556839, 50: 0.11362549209696049, 60: 0.11039494174871942, 70: 0.11054540108958175, 80: 0.11007096510251098, 90: 0.11153363181130804, 100: 0.11781832411890769, 110: 0.11736102616179016}",80,0.11007096510251098,0.001,0.01,0.01
concrete,fixnoiseFCN,32,1e-09,0.002,"{0: 0.40962461557880825, 10: 0.1460164754799755, 20: 0.1294727686130155, 30: 0.12721298015495405, 40: 0.13386366822695567, 50: 0.12567388496538576, 60: 0.1156883766987283, 70: 0.12098285975610645, 80: 0.12194343823551339, 90: 0.11232591874847922, 100: 0.11295376050889668, 110: 0.11163483256858231, 120: 0.11390784088855352, 130: 0.11051373648870921, 140: 0.11430444104229398, 150: 0.11328624382537995, 160: 0.11458469897112138}",130,0.11051373648870921,0.005,0.01,0.01
concrete,fixnoiseFCN,32,1e-09,0.002,"{0: 0.3928630618963608, 10: 0.14548173777235937, 20: 0.12567304370915194, 30: 0.12125309874099202, 40: 0.12293436132883548, 50: 0.12159098301718874, 60: 0.11618727128983028, 70: 0.11770811236133774, 80: 0.11638949592594341, 90: 0.11360197250317598, 100: 0.1152439103263698, 110: 0.11241798115152171, 120: 0.1117873894308156, 130: 0.10988515924086899, 140: 0.11135167041918743, 150: 0.11301358932258901, 160: 0.11244556223840094}",130,0.10988515924086899,0.01,0.01,0.01
concrete,fixnoiseFCN,32,1e-09,0.002,"{0: 0.420734828409449, 10: 0.14614066775472448, 20: 0.12612677564300703, 30: 0.11558307276437085, 40: 0.1187109660218743, 50: 0.11085161660195597, 60: 0.11778898818064576, 70: 0.11574587869802758, 80: 0.11304715608353318}",50,0.11085161660195597,0.05,0.01,0.01
concrete,fixnoiseFCN,32,1e-09,0.002,"{0: 0.4120522684517474, 10: 0.14506628601542684, 20: 0.12851581331036838, 30: 0.12497354042462328, 40: 0.11762882210977832, 50: 0.11696902989943328, 60: 0.1057029612705453, 70: 0.11714594020226698, 80: 0.10863828605339647, 90: 0.12267388926184317}",60,0.1057029612705453,0.1,0.01,0.01
concrete,dropoutFCN,32,0.1,0.0001,"{0: 0.9446168688254628, 10: 0.6186879117675648, 20: 0.4702606850858097, 30: 0.41735882651911604, 40: 0.38664836664554014, 50: 0.3636160918264061, 60: 0.3458409075902641, 70: 0.3319379803760794, 80: 0.31994394078465277, 90: 0.3109423926366935, 100: 0.30291527685000996, 110: 0.2960404656601675, 120: 0.2905864133215003, 130: 0.2857026714679055, 140: 0.2819347058607751, 150: 0.27768875796653475, 160: 0.2747746983574702, 170: 0.2706110160672832, 180: 0.26929897680151754, 190: 0.267055028850338, 200: 0.2646515035023534, 210: 0.26184621639158756, 220: 0.2605210259833207, 230: 0.25782702033211813, 240: 0.2555490401033684, 250: 0.25429659766835455, 260: 0.252103686423233, 270: 0.2507134495770279, 280: 0.24871084599354404, 290: 0.2479357870991417, 300: 0.24692238027520386, 310: 0.24534449415489293, 320: 0.24350393545799404, 330: 0.24367529260257573, 340: 0.24274509763451127, 350: 0.24088332061294443, 360: 0.24106023747581334, 370: 0.2408612252829124, 380: 0.23967918566847324, 390: 0.2390941420419958, 400: 0.23901717472422238, 410: 0.2382973090849448, 420: 0.23759583089982503, 430: 0.2373266663111014, 440: 0.23642072581762483, 450: 0.23671294408126928, 460: 0.23620959774012135, 470: 0.2355877818196946, 480: 0.23518680282636475, 490: 0.23520037388931536, 500: 0.23550366804939857, 510: 0.23427904261156357, 520: 0.23524906286929861, 530: 0.2345788586128666, 540: 0.23464522554181894}",510,0.23427904261156357,0.1,0.01,0.2
concrete,dropoutFCN,32,0.1,0.0001,"{0: 0.9847364438875287, 10: 0.6459045386191041, 20: 0.471633401033355, 30: 0.40737780953237773, 40: 0.37198633042204754, 50: 0.34809502681779225, 60: 0.3289015596045535, 70: 0.31432936379271614, 80: 0.30184141561642275, 90: 0.29350780165810014, 100: 0.2855554969646229, 110: 0.2785239963591407, 120: 0.27321866047653287, 130: 0.2688398604580674, 140: 0.2647451291832982, 150: 0.26161901279336774, 160: 0.25895944330188764, 170: 0.25606245927870586, 180: 0.25350110511370527, 190: 0.2512497403732028, 200: 0.24867376132544025, 210: 0.2469089073400892, 220: 0.24521643863383788, 230: 0.24294290568781446, 240: 0.2421234240040943, 250: 0.24101594538675003, 260: 0.24018696648120352, 270: 0.2392139235676348, 280: 0.23851572761084974, 290: 0.23765088907454687, 300: 0.23737887685343412, 310: 0.23679215172574156, 320: 0.23589388318552587, 330: 0.23555092981521586, 340: 0.2349184687805678, 350: 0.23427651261091675, 360: 0.23411071349086798, 370: 0.2335125278346158, 380: 0.23313589565582568, 390: 0.23244794553295822, 400: 0.23210054606595748, 410: 0.23180877616712983, 420: 0.23173448469900065, 430: 0.23123495337836228, 440: 0.23060307578860345, 450: 0.23035844347924989, 460: 0.2299879794928513, 470: 0.22989495865741838, 480: 0.22882907562381855, 490: 0.22933150083872889, 500: 0.22941887122575477, 510: 0.2284186530298246, 520: 0.2280930093397763, 530: 0.228772961010073, 540: 0.22810517837559835, 550: 0.2279915015104296, 560: 0.22790109471610012, 570: 0.22786930619756207, 580: 0.22754951809645138, 590: 0.22712852962144375, 600: 0.22681216165137044, 610: 0.22662603740626502, 620: 0.22712263935916704, 630: 0.22665518504255627, 640: 0.22696086088430856}",610,0.22662603740626502,0.1,0.01,0.1
concrete,dropoutFCN,32,0.1,0.0001,"{0: 0.9507760771996694, 10: 0.6309974448604224, 20: 0.4740191715779519, 30: 0.4110680407726227, 40: 0.37230509218646257, 50: 0.3446946869626454, 60: 0.32434552071253986, 70: 0.3077424482850348, 80: 0.2955335234556036, 90: 0.2851832681337023, 100: 0.27691617648522676, 110: 0.2703519328473809, 120: 0.26539718226347253, 130: 0.26109605371742806, 140: 0.2570878520697157, 150: 0.2541296303177532, 160: 0.25170316797204134, 170: 0.2494210777313332, 180: 0.2466134055041421, 190: 0.2451632040980253, 200: 0.24329156236666621, 210: 0.24173174952511337, 220: 0.24046477586790888, 230: 0.2395181844584473, 240: 0.23824164919571705, 250: 0.23747613425111208, 260: 0.23647443404053634, 270: 0.23561318594915553, 280: 0.23483832512246355, 290: 0.2341153153661481, 300: 0.23341495764735706, 310: 0.23278719872808948, 320: 0.2321866919864616, 330: 0.23174897634610808, 340: 0.23123444024195336, 350: 0.23060010321785235, 360: 0.23029910766463849, 370: 0.22986206028772913, 380: 0.22988643598695288, 390: 0.22957992743152827, 400: 0.2289639209031354, 410: 0.22906220560680035, 420: 0.22882667881168883, 430: 0.22821675452935808, 440: 0.22781773761906013, 450: 0.2278767917093223, 460: 0.2275460483294589, 470: 0.22713967856551132, 480: 0.2272228352751938, 490: 0.22653611545981694, 500: 0.22667115600646115, 510: 0.22600708322157614, 520: 0.2264563483395184, 530: 0.22605685378609985, 540: 0.22593557047231588, 550: 0.22613213383591976, 560: 0.22559398803504765, 570: 0.22538498998503287, 580: 0.22527550686004863, 590: 0.22555779082316513, 600: 0.22545688943076997, 610: 0.22526138316115799, 620: 0.2247171543582624, 630: 0.22477851523858744, 640: 0.22486831372544577, 650: 0.2248070626942123}",620,0.2247171543582624,0.1,0.01,0.05
concrete,dropoutFCN,32,0.1,0.0001,"{0: 0.9419124574980204, 10: 0.561041662648089, 20: 0.42519148669856077, 30: 0.37799130025697647, 40: 0.34902171919148495, 50: 0.3271975373221783, 60: 0.31030445435182835, 70: 0.29687329337672663, 80: 0.28613336317577104, 90: 0.2773808503851394, 100: 0.2707954297535788, 110: 0.2651838189781989, 120: 0.2599262705073036, 130: 0.2562129430730565, 140: 0.25347392944675506, 150: 0.25070356453987114, 160: 0.24834964416992725, 170: 0.24611431107255416, 180: 0.24437365509630218, 190: 0.2428666553424405, 200: 0.24127022780428442, 210: 0.24010102697911742, 220: 0.23867422708430647, 230: 0.23753395239379965, 240: 0.23652286613044787, 250: 0.23535842420498881, 260: 0.23433883119305676, 270: 0.2335393396410912, 280: 0.23280861447155693, 290: 0.2319048904260264, 300: 0.2310529630049149, 310: 0.2304473051666685, 320: 0.23001782100562335, 330: 0.22969015412820065, 340: 0.22891754968897202, 350: 0.22862419533205314, 360: 0.2282052685818184, 370: 0.2276484286513094, 380: 0.22730290705771772, 390: 0.22710329872156104, 400: 0.22685402535568405, 410: 0.22619144307767472, 420: 0.22611851960398582, 430: 0.2258464538305447, 440: 0.22566540461642076, 450: 0.22535383778550583, 460: 0.2250401737849887, 470: 0.2248346352679634, 480: 0.22456855784014076, 490: 0.2244613932837448, 500: 0.2241719379142224, 510: 0.22414317218411967, 520: 0.22392544006274878, 530: 0.22398351855592558, 540: 0.223757577690035, 550: 0.22376822064925986, 560: 0.2235586306290854, 570: 0.22351403545833307, 580: 0.223404143336673, 590: 0.22344612978877887, 600: 0.22338579353663715, 610: 0.22318056259070249, 620: 0.22304962009070364, 630: 0.22302916557973435, 640: 0.22281188853564124, 650: 0.2226583852836448, 660: 0.22279004586674683, 670: 0.22259132287256472, 680: 0.22255937738918147, 690: 0.2225588485533585, 700: 0.22247941724906478, 710: 0.22234973784770157, 720: 0.22229809354861313, 730: 0.22239638857218572, 740: 0.22215008788609275, 750: 0.22216987282280032, 760: 0.2218754792354412, 770: 0.2221663391370951, 780: 0.22213584342325782, 790: 0.22210490601179958}",760,0.2218754792354412,0.1,0.01,0.01
concrete,dropoutFCN,32,0.1,0.0001,"{0: 0.9525572642175162, 10: 0.6007734910585399, 20: 0.44564851688660256, 30: 0.3911202851851957, 40: 0.3576140859359648, 50: 0.33256302082838174, 60: 0.31365150453752705, 70: 0.29867862288478736, 80: 0.28687131745995453, 90: 0.27715183338862126, 100: 0.269663700905559, 110: 0.2636082573036793, 120: 0.2585372985635126, 130: 0.25450918169173153, 140: 0.2509433720328591, 150: 0.2481484064817737, 160: 0.24553897084865142, 170: 0.2436277284877924, 180: 0.24152474002790117, 190: 0.24019134677236204, 200: 0.23892110070595018, 210: 0.23781092972675694, 220: 0.23690549844021014, 230: 0.23620132533449292, 240: 0.23547415989322396, 250: 0.2345431456801324, 260: 0.23375069297415102, 270: 0.23275691401227175, 280: 0.23208136890917816, 290: 0.2313635489328077, 300: 0.23056924591792222, 310: 0.22996439328468118, 320: 0.22953586431978726, 330: 0.22889444805312756, 340: 0.22856730610671874, 350: 0.22820458154225035, 360: 0.22774452078534071, 370: 0.2275169582772898, 380: 0.22718888353801442, 390: 0.22676703083034982, 400: 0.2265931598388391, 410: 0.22635503660813136, 420: 0.22611247768885806, 430: 0.2257822916627547, 440: 0.22543693743728746, 450: 0.22526068206009212, 460: 0.22495841304769537, 470: 0.22473459749576877, 480: 0.22477781817339038, 490: 0.2244422175700543, 500: 0.22426238446469582, 510: 0.22400492466176694, 520: 0.22380774576059997, 530: 0.22373820374949016, 540: 0.22360417753469036, 550: 0.2234853910146514, 560: 0.22336078949795768, 570: 0.22323406589169986, 580: 0.22305656066666862, 590: 0.22312046320633985, 600: 0.22297868029681825, 610: 0.2229687073222153, 620: 0.22270542574431046, 630: 0.22272645422333887, 640: 0.22253463624531217, 650: 0.22259864391229017, 660: 0.22237108011996404, 670: 0.22239894479292902, 680: 0.22245586819181334, 690: 0.22227775839814762, 700: 0.22213985624021718, 710: 0.2221008973515263, 720: 0.2220313583019259, 730: 0.22188454996830256, 740: 0.22192637527365644, 750: 0.22198262778437763, 760: 0.22193745228443335}",730,0.22188454996830256,0.1,0.01,0.005
concrete,dropoutFCN,32,0.1,0.0001,"{0: 0.9558204631618631, 10: 0.5725515471082745, 20: 0.4249574864910694, 30: 0.375935207492144, 40: 0.347049207399487, 50: 0.32576817367068944, 60: 0.3089835468694534, 70: 0.2960104763928556, 80: 0.28568936833300945, 90: 0.2774468450205289, 100: 0.2707538996728279, 110: 0.2651550344141518, 120: 0.2604155710462897, 130: 0.25629995955475066, 140: 0.25274773718842913, 150: 0.24960847796859867, 160: 0.24705904182831356, 170: 0.24483368556673932, 180: 0.24291240310997148, 190: 0.24145446736263682, 200: 0.24015354298743513, 210: 0.2388739359813845, 220: 0.23772281273714896, 230: 0.2365330469494869, 240: 0.23553875864851676, 250: 0.23472845500936707, 260: 0.23397557502321992, 270: 0.23323348479883724, 280: 0.2323134471769035, 290: 0.2315952571620786, 300: 0.2309502032264814, 310: 0.23040192798033346, 320: 0.22982324310016033, 330: 0.22936654634757211, 340: 0.22899487716902298, 350: 0.22864986405426366, 360: 0.22839283023368226, 370: 0.2280849070780954, 380: 0.22782056423045932, 390: 0.22761935657734175, 400: 0.2273492366510546, 410: 0.22716777961329454, 420: 0.2269324967417114, 430: 0.22682069547843337, 440: 0.22657473888779603, 450: 0.22638860022975443, 460: 0.22620422061370288, 470: 0.22603767242670852, 480: 0.22588890805884548, 490: 0.22570368629149923, 500: 0.22550614509893982, 510: 0.22541844095453806, 520: 0.22525870105489837, 530: 0.22504090998429152, 540: 0.22499234005632615, 550: 0.22479667196120498, 560: 0.224721525999038, 570: 0.22461270733368194, 580: 0.22446699688666766, 590: 0.2243338552836524, 600: 0.22425576229890193, 610: 0.2241408292767478, 620: 0.2240771901594297, 630: 0.2239739794935549, 640: 0.2239085804492081, 650: 0.2238798553176659, 660: 0.2238078104189741, 670: 0.22366346303117512, 680: 0.2236227071072689, 690: 0.2235304979445841, 700: 0.22337953116362042, 710: 0.22320551777152509, 720: 0.2231321366505762, 730: 0.22300825517418116, 740: 0.22288090408068628, 750: 0.22277925825898767, 760: 0.22273316951346062, 770: 0.22267538538672094, 780: 0.22262091304878345, 790: 0.22250052329364828, 800: 0.22246346513386223, 810: 0.2223358951286528, 820: 0.22225585391707803, 830: 0.2222241490219182, 840: 0.2221362970224241, 850: 0.22206004947842445, 860: 0.22199997261706228, 870: 0.22194188545290752, 880: 0.22192288973180788, 890: 0.22180170892182316, 900: 0.2217554523429647, 910: 0.2217160791780935, 920: 0.22166705734978231, 930: 0.22167321025003614, 940: 0.22156478694134168, 950: 0.22158336362053266, 960: 0.2215258421326512, 970: 0.22143321124309537, 980: 0.22140806156841805, 990: 0.22140272997005814, 1000: 0.22137666388211744, 1010: 0.22126072425645807, 1020: 0.22133351657096317, 1030: 0.2212533786854344, 1040: 0.22122561356456122, 1050: 0.2211604715417864, 1060: 0.22110807076757338, 1070: 0.22107592325781505, 1080: 0.22106137118919725, 1090: 0.22109286957651003, 1100: 0.22102029269028395, 1110: 0.2209744126211469, 1120: 0.2209558922168024, 1130: 0.22095161166154975, 1140: 0.22091099793359872, 1150: 0.22092518286480783, 1160: 0.220895829956706, 1170: 0.22083780452113455, 1180: 0.22082434704324888, 1190: 0.22080109311863833, 1200: 0.22082536834251504, 1210: 0.22080352989220214, 1220: 0.2207493898519215, 1230: 0.22074617269309202, 1240: 0.22074122804462776, 1250: 0.22079082737707773, 1260: 0.22075837384009045, 1270: 0.22068135480328305, 1280: 0.2206823050116753, 1290: 0.22065355177299675, 1300: 0.22068640683383212, 1310: 0.22070312741039774, 1320: 0.22066740255849676}",1290,0.22065355177299675,0.1,0.01,0.001
concrete,dropoutFCN,32,0.1,0.0005,"{0: 0.8054245838313656, 10: 0.3635606886440969, 20: 0.3085264828347402, 30: 0.27959632530643247, 40: 0.26687156893703906, 50: 0.25713940370648947, 60: 0.2481941701203078, 70: 0.24527609668710632, 80: 0.24184207508917305, 90: 0.2375400888786568, 100: 0.23616922400225468, 110: 0.23544624494387323, 120: 0.23433023893042398, 130: 0.23387954038696562, 140: 0.2335109339710614, 150: 0.2336282086582732, 160: 0.23260301447584292, 170: 0.23319874062264132, 180: 0.23231572507688583, 190: 0.23154813124925583, 200: 0.2318901925607249, 210: 0.23201640079539962, 220: 0.23225774965161583}",190,0.23154813124925583,0.1,0.01,0.2
concrete,dropoutFCN,32,0.1,0.0005,"{0: 0.7725930646429745, 10: 0.34644600588990776, 20: 0.2955131907566159, 30: 0.27040022198834957, 40: 0.2571736156461376, 50: 0.24632809839399322, 60: 0.2413490644834126, 70: 0.23852566672975012, 80: 0.23470527284524662, 90: 0.23421985840971432, 100: 0.23299247368289114, 110: 0.22971425366683618, 120: 0.23063848085079205, 130: 0.22868672567180853, 140: 0.22956179707416408, 150: 0.2296412860457314, 160: 0.2275135256332419, 170: 0.22733514085698375, 180: 0.22769854091322608, 190: 0.22598311898449305, 200: 0.2273604692116721, 210: 0.2260907571443962, 220: 0.22673466711983098}",190,0.22598311898449305,0.1,0.01,0.1
concrete,dropoutFCN,32,0.1,0.0005,"{0: 0.7732819612829752, 10: 0.3358913732896623, 20: 0.2828001718396006, 30: 0.25989491933806685, 40: 0.24810767069811393, 50: 0.24108290091982965, 60: 0.23627531766318782, 70: 0.23488980019975836, 80: 0.23140814470951857, 90: 0.229689382894759, 100: 0.2289056539611515, 110: 0.22830628239064418, 120: 0.2279164893248966, 130: 0.2268989226574468, 140: 0.22762666829222233, 150: 0.22632752423848562, 160: 0.22649765366240954, 170: 0.22568505685647064, 180: 0.22565672880122598, 190: 0.22571374793483961, 200: 0.22519236909984133, 210: 0.2253208420148666, 220: 0.224898503889486, 230: 0.22512051396198568, 240: 0.22454605851253576, 250: 0.2245604919999596, 260: 0.22512868485942822, 270: 0.2234440758006051, 280: 0.22387741674979528, 290: 0.22347273247524355, 300: 0.22388138963670884}",270,0.2234440758006051,0.1,0.01,0.05
concrete,dropoutFCN,32,0.1,0.0005,"{0: 0.7837212495907799, 10: 0.33128689089728036, 20: 0.27390758356097356, 30: 0.2531617338031376, 40: 0.2413505539190126, 50: 0.2346216160665815, 60: 0.23042201283633576, 70: 0.22867447240642944, 80: 0.2273994154086046, 90: 0.2260100110000755, 100: 0.22493534596954903, 110: 0.22427383188144506, 120: 0.22310322749784323, 130: 0.22290911535477073, 140: 0.22283798258545132, 150: 0.22243529806159992, 160: 0.2222248960446624, 170: 0.22203395308143375, 180: 0.22224632139723122, 190: 0.22234179366123913, 200: 0.22224025902786435}",170,0.22203395308143375,0.1,0.01,0.01
concrete,dropoutFCN,32,0.1,0.0005,"{0: 0.7556830023741246, 10: 0.31828953506511753, 20: 0.2640108598045129, 30: 0.24536599456746316, 40: 0.23803676479792735, 50: 0.2337529535188511, 60: 0.23107147867569022, 70: 0.22847339000974154, 80: 0.22705245375412972, 90: 0.22572965664371947, 100: 0.22473320123328602, 110: 0.22399497121429318, 120: 0.2231787526094288, 130: 0.22286587194467336, 140: 0.2229544444232408, 150: 0.2223982822592181, 160: 0.2219246901499062, 170: 0.2215564926333191, 180: 0.22148131350566086, 190: 0.22117303782604575, 200: 0.22112186216054716, 210: 0.22099390563309326, 220: 0.22118333108706642, 230: 0.22120111630974834, 240: 0.2208760599719315, 250: 0.22097736053923195, 260: 0.2207246216952096, 270: 0.22038200553377205, 280: 0.2204331559707126, 290: 0.2204674822326642, 300: 0.22081837790592104}",270,0.22038200553377205,0.1,0.01,0.005
concrete,dropoutFCN,32,0.1,0.0005,"{0: 0.782757713026412, 10: 0.3213218459376827, 20: 0.26769794313249456, 30: 0.2485729454415909, 40: 0.23932982418187793, 50: 0.23392853262264995, 60: 0.2300214955104957, 70: 0.22815791822843262, 80: 0.22679937935479028, 90: 0.22588199813720125, 100: 0.22528935968292174, 110: 0.22452314956886013, 120: 0.22385537205705885, 130: 0.2232774396237407, 140: 0.2228662999491954, 150: 0.2227822370554065, 160: 0.2224675546158091, 170: 0.22219979515394192, 180: 0.22189077685419845, 190: 0.2218935042094365, 200: 0.22145789947352493, 210: 0.2215244145857697, 220: 0.22134862784778112, 230: 0.22117838489474057, 240: 0.22112253065207935, 250: 0.22093599142901824, 260: 0.22083065029522797, 270: 0.22082745236043833, 280: 0.22072482146978026, 290: 0.22069103069917326, 300: 0.22070683389329418, 310: 0.22055644713050335, 320: 0.22055126647077397, 330: 0.22060189879731346, 340: 0.22060888418502395, 350: 0.22048524177116285, 360: 0.2204809751655116, 370: 0.22055733501657854, 380: 0.22037190594258171, 390: 0.22041432738755687, 400: 0.22036785283631866, 410: 0.22030706009530876, 420: 0.22035356702127462, 430: 0.22025308406207617, 440: 0.22023685580930352, 450: 0.22031730084972562, 460: 0.22023434809927397, 470: 0.22028943318430355, 480: 0.22031281330269614, 490: 0.22032158898694906}",460,0.22023434809927397,0.1,0.01,0.001
concrete,dropoutFCN,32,0.1,0.001,"{0: 0.6671192526605865, 10: 0.2999546125132511, 20: 0.2643709588973767, 30: 0.25003673596672454, 40: 0.24215941734066826, 50: 0.2421355899052759, 60: 0.23817771369716634, 70: 0.24133014783208137, 80: 0.23977575037867954, 90: 0.2398302623459963}",60,0.23817771369716634,0.1,0.01,0.2
concrete,dropoutFCN,32,0.1,0.001,"{0: 0.6245952190206567, 10: 0.2966397229022039, 20: 0.2578761534261774, 30: 0.2448275154946869, 40: 0.24008118613618262, 50: 0.23565489858014446, 60: 0.23414118918703825, 70: 0.23367791640564678, 80: 0.23328938439213073, 90: 0.23325208599203529, 100: 0.23336201270046888, 110: 0.23268646435480336, 120: 0.23292441162196073, 130: 0.2332497631774421, 140: 0.23111509831345528, 150: 0.23230544403768077, 160: 0.23235615518673738, 170: 0.2321724899662748}",140,0.23111509831345528,0.1,0.01,0.1
concrete,dropoutFCN,32,0.1,0.001,"{0: 0.6541858429117549, 10: 0.28164722079272103, 20: 0.24818615733013277, 30: 0.2378211525525328, 40: 0.23365326951707371, 50: 0.23214107044718482, 60: 0.23067580199338558, 70: 0.22986710195222435, 80: 0.2302493018204868, 90: 0.2298108493153994, 100: 0.22958971690995025, 110: 0.22835171824151818, 120: 0.22781638710743746, 130: 0.23002437550120236, 140: 0.22757715661813838, 150: 0.22862836904465844, 160: 0.22938136827522793, 170: 0.22964303537509392}",140,0.22757715661813838,0.1,0.01,0.05
concrete,dropoutFCN,32,0.1,0.001,"{0: 0.6422300850093936, 10: 0.2737643353343671, 20: 0.24473845170479042, 30: 0.23564192773728837, 40: 0.23062173732335442, 50: 0.22879318843384366, 60: 0.2279105332969562, 70: 0.22660980308818007, 80: 0.2249805365959891, 90: 0.2249291668529433, 100: 0.22497381294712, 110: 0.22460599656996688, 120: 0.22413861114540015, 130: 0.22453984247805542, 140: 0.22417216064638326, 150: 0.22353824554882662, 160: 0.22394345861735032, 170: 0.22333760450019366, 180: 0.2231545260993534, 190: 0.22295329937164818, 200: 0.2235059533375594, 210: 0.22288036309584633, 220: 0.22239675790379865, 230: 0.2224800865088933, 240: 0.22311343291051636, 250: 0.22223017013015695, 260: 0.22188765755778142, 270: 0.222568519476468, 280: 0.22230023042061378, 290: 0.22194414787462527}",260,0.22188765755778142,0.1,0.01,0.01
concrete,dropoutFCN,32,0.1,0.001,"{0: 0.6069582194182402, 10: 0.27563024679951903, 20: 0.24521567815147943, 30: 0.23553257855898524, 40: 0.23166998711972875, 50: 0.22934071062023959, 60: 0.22806124173198378, 70: 0.22686402780650194, 80: 0.22675116334041662, 90: 0.22599392181874997, 100: 0.22581266281488904, 110: 0.22569320974278168, 120: 0.22488953670471662, 130: 0.22515374265451477, 140: 0.2246791045673891, 150: 0.22473661597468458, 160: 0.22447645008784262, 170: 0.22416283957522531, 180: 0.2240835533309274, 190: 0.2238605680699403, 200: 0.22424312681895842, 210: 0.2237111105474162, 220: 0.22376468037125014, 230: 0.22317457388296275, 240: 0.22351143305522375, 250: 0.2235372120378772, 260: 0.2234166239104003}",230,0.22317457388296275,0.1,0.01,0.005
concrete,dropoutFCN,32,0.1,0.001,"{0: 0.6046823013789198, 10: 0.2747585358024084, 20: 0.24484915593995576, 30: 0.23422021808563914, 40: 0.2298888526691698, 50: 0.22767695873931704, 60: 0.22652591227559982, 70: 0.22561763020109799, 80: 0.22500356756618795, 90: 0.22439626157548104, 100: 0.22393047650699166, 110: 0.22391110886227, 120: 0.22323241955270962, 130: 0.2230926309778174, 140: 0.2229071000458484, 150: 0.2221812152750212, 160: 0.22240017250202274, 170: 0.22219397826606224, 180: 0.2219768950642697, 190: 0.22204614088677163, 200: 0.22195136128853887, 210: 0.22183649899568808, 220: 0.22168080470976967, 230: 0.22131016619652177, 240: 0.2213117046457084, 250: 0.22137675528339518, 260: 0.22143464148485123}",230,0.22131016619652177,0.1,0.01,0.001
concrete,dropoutFCN,32,0.1,0.002,"{0: 0.47041968785826577, 10: 0.2819217932224274, 20: 0.25950248146863314, 30: 0.2483691530593747, 40: 0.2484547367711818, 50: 0.2489625061615608, 60: 0.24645188094088524, 70: 0.24400558655868174, 80: 0.24841178873910433, 90: 0.24513859311012717, 100: 0.24433999200199413}",70,0.24400558655868174,0.1,0.01,0.2
concrete,dropoutFCN,32,0.1,0.002,"{0: 0.485714242863197, 10: 0.2663913868974511, 20: 0.24665233331680825, 30: 0.23941465109080098, 40: 0.24092444195803764, 50: 0.23586821018768434, 60: 0.23934968450865918, 70: 0.2386664147703672, 80: 0.24012848348284513}",50,0.23586821018768434,0.1,0.01,0.1
concrete,dropoutFCN,32,0.1,0.002,"{0: 0.47308782512403286, 10: 0.26117168144107483, 20: 0.24152326033235214, 30: 0.23695907022190027, 40: 0.23731234374041038, 50: 0.23368907852562285, 60: 0.23226168147674425, 70: 0.2318939318715513, 80: 0.23183037383879718, 90: 0.2316166255798766, 100: 0.2333929707141867, 110: 0.233882253877736, 120: 0.2322732018873767}",90,0.2316166255798766,0.1,0.01,0.05
concrete,dropoutFCN,32,0.1,0.002,"{0: 0.4787993790587054, 10: 0.24973884195485824, 20: 0.23529114962769543, 30: 0.2316925099315858, 40: 0.23185295234256026, 50: 0.2299559536179788, 60: 0.22924394224805472, 70: 0.23012595425974594, 80: 0.22919913369091197, 90: 0.22957655800177448, 100: 0.22961454249582552, 110: 0.22871121922908494, 120: 0.22763348597777128, 130: 0.22811316343628732, 140: 0.22831206475353558, 150: 0.2294516881014009}",120,0.22763348597777128,0.1,0.01,0.01
concrete,dropoutFCN,32,0.1,0.002,"{0: 0.47989977890442503, 10: 0.2553054983353315, 20: 0.23911915793739597, 30: 0.23492570132083213, 40: 0.23343901310377618, 50: 0.2317795454911717, 60: 0.23108264027682393, 70: 0.23076900519469185, 80: 0.23053467096241861, 90: 0.22973509557165223, 100: 0.23033779807449356, 110: 0.22966742164037535, 120: 0.22934060458047073, 130: 0.22934097795951658, 140: 0.22911450742816183, 150: 0.22863811909161225, 160: 0.22899882342779274, 170: 0.22886116091533673, 180: 0.2287935126596526}",150,0.22863811909161225,0.1,0.01,0.005
concrete,dropoutFCN,32,0.1,0.002,"{0: 0.47391986592910246, 10: 0.24907209453830345, 20: 0.23623379666785005, 30: 0.23234693878814192, 40: 0.23143131492451569, 50: 0.23042927545172498, 60: 0.22973625749481755, 70: 0.22982574913692053, 80: 0.2295846654304027, 90: 0.22943232906741384, 100: 0.22893803268472795, 110: 0.22921903311457353, 120: 0.22854557315993115, 130: 0.2283649781529144, 140: 0.22880229510559652, 150: 0.22803829843325696, 160: 0.22823058452570075, 170: 0.2276880675585113, 180: 0.2277417731496553, 190: 0.2272563793451277, 200: 0.22713998011082787, 210: 0.22657168405349398, 220: 0.22667250383697607, 230: 0.22688116334582467, 240: 0.22684469177889452}",210,0.22657168405349398,0.1,0.01,0.001
concrete,dropoutFCN,32,0.01,0.0001,"{0: 0.9551602442962366, 10: 0.5011329933333556, 20: 0.37328222259868105, 30: 0.32377629010944303, 40: 0.2866147602215706, 50: 0.25969696380533913, 60: 0.23912823357321294, 70: 0.2258716294185946, 80: 0.21505736579464613, 90: 0.20778785081281542, 100: 0.20155811687618913, 110: 0.19596051058864822, 120: 0.1918654184042306, 130: 0.18474016689463446, 140: 0.18300783076620245, 150: 0.1785855173474317, 160: 0.1757070288211878, 170: 0.17305611320054717, 180: 0.16936605972818156, 190: 0.16813367851073005, 200: 0.16526964005085598, 210: 0.16231215791378917, 220: 0.1612693911916401, 230: 0.1581944186777339, 240: 0.15620502914817616, 250: 0.1546527425194791, 260: 0.1527375605493145, 270: 0.15063095899066128, 280: 0.14989781752966636, 290: 0.14840617933188732, 300: 0.146650238853204, 310: 0.1451494317647711, 320: 0.1443958313566001, 330: 0.14257593831615983, 340: 0.14190334463077658, 350: 0.14124059088478597, 360: 0.14016086190630572, 370: 0.1382889960683106, 380: 0.1366368796377383, 390: 0.13646547085936653, 400: 0.13573993295563297, 410: 0.13312329219961203, 420: 0.1346625310400637, 430: 0.13316879127733547, 440: 0.13217316894280584, 450: 0.13181408766896657, 460: 0.13085494143427165, 470: 0.13101909294955746, 480: 0.13072187890124515, 490: 0.1306973886710137, 500: 0.1299357949626816, 510: 0.1291583359071879, 520: 0.1287641215286956, 530: 0.12898886257995962, 540: 0.12860563187304463, 550: 0.12718668188153598, 560: 0.1282465232279859, 570: 0.12640222751138303, 580: 0.12545654425566846, 590: 0.12607642982020167, 600: 0.12632733411850175, 610: 0.12625110758624075}",580,0.12545654425566846,0.1,0.01,0.2
concrete,dropoutFCN,32,0.01,0.0001,"{0: 0.9548275553378367, 10: 0.48565654667941, 20: 0.3586838280936567, 30: 0.3017859578392546, 40: 0.2624801628775096, 50: 0.23480297063292171, 60: 0.21772177699488, 70: 0.20405900169337404, 80: 0.19591729531013696, 90: 0.18966698316891634, 100: 0.18279570943918919, 110: 0.1783054448773221, 120: 0.1741939810849038, 130: 0.16962731789965502, 140: 0.1669702045835351, 150: 0.16373182826950122, 160: 0.15922744961123683, 170: 0.15728517063507222, 180: 0.15523670047246255, 190: 0.152968615890981, 200: 0.15040142040107748, 210: 0.14885467501487984, 220: 0.1476465692553402, 230: 0.14602608170869696, 240: 0.14341186543206594, 250: 0.14229062022750058, 260: 0.14078887278053026, 270: 0.1403356012829744, 280: 0.13869757059628401, 290: 0.13818352480971716, 300: 0.13664466193172992, 310: 0.1360423154708243, 320: 0.1351828450861016, 330: 0.13365614903144984, 340: 0.13365535198474757, 350: 0.13130854502221168, 360: 0.1314328853516163, 370: 0.13031887060996347, 380: 0.12959321590568607, 390: 0.1285980314274056, 400: 0.1286964692358211, 410: 0.12709264504539464, 420: 0.1266566683588782, 430: 0.12644665641733566, 440: 0.12553974750906735, 450: 0.12652048857308545, 460: 0.12517886517185328, 470: 0.12348103657717276, 480: 0.12364584041099944, 490: 0.12390337568395945, 500: 0.12377143378345419}",470,0.12348103657717276,0.1,0.01,0.1
concrete,dropoutFCN,32,0.01,0.0001,"{0: 0.9282104617458579, 10: 0.4630077852461837, 20: 0.3503792171738629, 30: 0.2898969664108022, 40: 0.2478428091877536, 50: 0.22156132952733473, 60: 0.20327643362333045, 70: 0.19197070290920298, 80: 0.18411335349589564, 90: 0.17848991175745912, 100: 0.1720448270059037, 110: 0.166932123851992, 120: 0.16448419593335167, 130: 0.16126015347138828, 140: 0.15689715013656896, 150: 0.15535250572522127, 160: 0.15080281123551983, 170: 0.14900938165216474, 180: 0.14764648818189974, 190: 0.14540189116950927, 200: 0.1444061236633077, 210: 0.14185222601227557, 220: 0.1400010979221824, 230: 0.13946848931527542, 240: 0.13735168975267867, 250: 0.13662039486417393, 260: 0.13576653557877055, 270: 0.1352899761728155, 280: 0.1329529619833671, 290: 0.13312609144386678, 300: 0.13135600209159048, 310: 0.13089429729485286, 320: 0.12949592820490544, 330: 0.12883148637453626, 340: 0.12888199903990546, 350: 0.12666735460658207, 360: 0.12678387946571057, 370: 0.12557594565301583, 380: 0.12534271218328677, 390: 0.12485635513245663, 400: 0.12466935146332932, 410: 0.12443958466020408, 420: 0.12377440909830977, 430: 0.12359028270309798, 440: 0.1227871780558947, 450: 0.12255120134802985, 460: 0.12219141533329851, 470: 0.12170327700691055, 480: 0.12144190963107131, 490: 0.1205308520739949, 500: 0.11958001941332357, 510: 0.12075811401384015, 520: 0.12041139629765167, 530: 0.11916549113168155, 540: 0.11905432063631896, 550: 0.11974380411543586, 560: 0.11900166191771924, 570: 0.11810588393875254, 580: 0.11864166677449688, 590: 0.11752828870076035, 600: 0.11785860916419288, 610: 0.11757343999441253, 620: 0.11773213766730015}",590,0.11752828870076035,0.1,0.01,0.05
concrete,dropoutFCN,32,0.01,0.0001,"{0: 0.9411625964008958, 10: 0.49704009063228005, 20: 0.369815049445682, 30: 0.3050857566359831, 40: 0.26123684726716057, 50: 0.23130001923461713, 60: 0.21101858391036216, 70: 0.1971585138264358, 80: 0.18689953926265107, 90: 0.1795376161270598, 100: 0.17326874487118551, 110: 0.16835308813302058, 120: 0.16439974989722766, 130: 0.1601979398405825, 140: 0.1570249640313855, 150: 0.1539240811418271, 160: 0.15143735515216677, 170: 0.14912805148157385, 180: 0.14706008320769293, 190: 0.14552418261248803, 200: 0.14299411152667765, 210: 0.14182108837866114, 220: 0.14006794796528327, 230: 0.13899821313118724, 240: 0.13756588109305673, 250: 0.136384818687187, 260: 0.1352489614899698, 270: 0.13466967013694142, 280: 0.13317180565812373, 290: 0.13305182553326653, 300: 0.13156276296144137, 310: 0.1308997803604876, 320: 0.13069153651947546, 330: 0.1300438797427651, 340: 0.12956703722763308, 350: 0.1289104770389382, 360: 0.12773431666145832, 370: 0.127740889227311, 380: 0.12653819163067642, 390: 0.12583139839618626, 400: 0.12611604358298817, 410: 0.12519725305245086, 420: 0.12498013629077631, 430: 0.12442139345929522, 440: 0.12373523497044026, 450: 0.12385328067534074, 460: 0.12316017566514474, 470: 0.1233577141675655, 480: 0.12266163529287158, 490: 0.1222349882543263, 500: 0.12246466466489318, 510: 0.121540711127161, 520: 0.12095656285374938, 530: 0.12109824408118317, 540: 0.12120495484644893, 550: 0.12084738215989126, 560: 0.12021795264126545, 570: 0.12006482961690171, 580: 0.11934177184558672, 590: 0.12016081556347416, 600: 0.11984654569793259, 610: 0.11957680086933586}",580,0.11934177184558672,0.1,0.01,0.01
concrete,dropoutFCN,32,0.01,0.0001,"{0: 0.9556425156482307, 10: 0.48151570102327945, 20: 0.3498133847809067, 30: 0.2861571193699562, 40: 0.24414325325866146, 50: 0.21775461302991714, 60: 0.20029709608177743, 70: 0.1886477513567263, 80: 0.18030641566248887, 90: 0.17340943836980807, 100: 0.16807727469308942, 110: 0.16326214882581652, 120: 0.15951831588668902, 130: 0.1559320931624503, 140: 0.15276168253209446, 150: 0.1497439463280213, 160: 0.1471413804530128, 170: 0.1453817975423068, 180: 0.1427372626668422, 190: 0.14159830556751532, 200: 0.13938172678769473, 210: 0.13785475084165777, 220: 0.13680036306260077, 230: 0.1347594256123083, 240: 0.13330812396865727, 250: 0.1326344372032531, 260: 0.1313765713670522, 270: 0.1306835411164114, 280: 0.12935368655427068, 290: 0.12858384898478953, 300: 0.127157888348818, 310: 0.12654149161033604, 320: 0.1260468280672234, 330: 0.12548442658281994, 340: 0.12429929738937266, 350: 0.12469370615951503, 360: 0.12370816570086471, 370: 0.12299372133487081, 380: 0.12212298740040173, 390: 0.12206920326185595, 400: 0.12175032411593907, 410: 0.12079929144104498, 420: 0.12028823140345057, 430: 0.11977337187438301, 440: 0.11960537180992867, 450: 0.11900002148175848, 460: 0.11859348622306973, 470: 0.11826394088615863, 480: 0.11757755023418356, 490: 0.11791597394026261, 500: 0.11803153725901269, 510: 0.11677997282552702, 520: 0.11724677907609975, 530: 0.11655319296902888, 540: 0.1163296622246592, 550: 0.11628263669202747, 560: 0.1160572429467199, 570: 0.11567152434650255, 580: 0.11567603310857848, 590: 0.1152523453455454, 600: 0.11496354893284952, 610: 0.1147958761685461, 620: 0.11467375327042095, 630: 0.11470609537871652, 640: 0.11452358093897415, 650: 0.11409430032977333, 660: 0.11418156528309902, 670: 0.11387012882578047, 680: 0.11367840499242017, 690: 0.11329344509936268, 700: 0.11348745206589843, 710: 0.11291119183868677, 720: 0.11268434104456651, 730: 0.11252884206457747, 740: 0.11255785276382302, 750: 0.11219725273957053, 760: 0.11266037144020188, 770: 0.1121630216446063, 780: 0.11209221776010411, 790: 0.1121540866952998, 800: 0.11232774747443348, 810: 0.11191892032546638, 820: 0.11224941430868082, 830: 0.11166830657244124, 840: 0.111474426535164, 850: 0.11123739503973824, 860: 0.11134949423840816, 870: 0.11093147289368592, 880: 0.11092765117607906, 890: 0.11079182095886246, 900: 0.11106694908717651, 910: 0.11071417406900715, 920: 0.11082477733674574, 930: 0.11091442940020155, 940: 0.11013661240961978, 950: 0.11019104356798345, 960: 0.10989229017432231, 970: 0.11001738831819381, 980: 0.10974963072844328, 990: 0.10995436131629296, 1000: 0.11030226358371538, 1010: 0.1093419154322068, 1020: 0.10933115243036176, 1030: 0.10917040996980379, 1040: 0.1095338389924497, 1050: 0.1100654529350626, 1060: 0.10914800271100011, 1070: 0.10915597969196678, 1080: 0.1094673457119479, 1090: 0.10913154405207874, 1100: 0.10913713867669403, 1110: 0.10937775739655173, 1120: 0.10909404059724728, 1130: 0.10888972978491036, 1140: 0.10882281433353139, 1150: 0.10913936489580389, 1160: 0.10843349570192325, 1170: 0.10876707322603671, 1180: 0.10885230281411588, 1190: 0.10850685054836937}",1160,0.10843349570192325,0.1,0.01,0.005
concrete,dropoutFCN,32,0.01,0.0001,"{0: 0.9420035392587834, 10: 0.4645586783958204, 20: 0.3451669261533511, 30: 0.2839865898475855, 40: 0.24264984915169277, 50: 0.2172842342689006, 60: 0.2012930332499791, 70: 0.19037073349289693, 80: 0.18211506202695818, 90: 0.17530740374835527, 100: 0.16966332862400074, 110: 0.16474361053877906, 120: 0.16063732710377163, 130: 0.1569734570401647, 140: 0.15380723033064575, 150: 0.15069191972932283, 160: 0.14794404179177195, 170: 0.14582339425914742, 180: 0.14365635094636914, 190: 0.14150420528965268, 200: 0.1396884905858033, 210: 0.13813658635801768, 220: 0.13675427713728092, 230: 0.13528002354947619, 240: 0.13403050911741526, 250: 0.13269765322561275, 260: 0.13164323104051248, 270: 0.13080513214798478, 280: 0.12963459144443473, 290: 0.12904843071711036, 300: 0.12835645095196727, 310: 0.12764042307470608, 320: 0.12689464166209774, 330: 0.12634143618427643, 340: 0.12583261232781834, 350: 0.12519125858601252, 360: 0.12476664978754759, 370: 0.12435024524596297, 380: 0.12394042553334701, 390: 0.12361556404104342, 400: 0.1234323372327876, 410: 0.12282740320412873, 420: 0.12229833061171522, 430: 0.12209449000700659, 440: 0.12182169422722049, 450: 0.12162889805062778, 460: 0.12146923065251627, 470: 0.12070880219830422, 480: 0.12070600659530735, 490: 0.12036331746807076, 500: 0.12005537592078348, 510: 0.11991870867913068, 520: 0.11964683611003761, 530: 0.1193490583732647, 540: 0.1190125959458522, 550: 0.11915208415375404, 560: 0.11869385226768032, 570: 0.11860455202185172, 580: 0.11860453471315631, 590: 0.11838395237630812, 600: 0.11801548992070945, 610: 0.11798482126881922, 620: 0.11793025449518572, 630: 0.11750909355239832, 640: 0.11736868389842911, 650: 0.11727419939836528, 660: 0.11705311322654958, 670: 0.11711060124838343, 680: 0.11698786718293155, 690: 0.11660324374719055, 700: 0.11674175201266102, 710: 0.11627219241252891, 720: 0.11616144981309606, 730: 0.11607686064575702, 740: 0.11604699211347921, 750: 0.11555097722359613, 760: 0.11567935115812622, 770: 0.11562025570122736, 780: 0.11543876981716505, 790: 0.115640236620529, 800: 0.11515193955921851, 810: 0.11519643160325241, 820: 0.11530392500002651, 830: 0.11529898297683187}",800,0.11515193955921851,0.1,0.01,0.001
concrete,dropoutFCN,32,0.01,0.0005,"{0: 0.7128171145202316, 10: 0.25899251172895876, 20: 0.2016908431255809, 30: 0.18173185706182665, 40: 0.16773977399665344, 50: 0.16000796789120325, 60: 0.15156112510520972, 70: 0.14724037760443276, 80: 0.14144141434389668, 90: 0.13966672714846448, 100: 0.13817557904668323, 110: 0.13582375405478814, 120: 0.13239258080192257, 130: 0.13082152657800045, 140: 0.12707444655877612, 150: 0.1257164163521855, 160: 0.12443347093678807, 170: 0.12276369512488643, 180: 0.12263623498517853, 190: 0.12083887521912677, 200: 0.11951810623803408, 210: 0.12148380054845162, 220: 0.1197464164748997, 230: 0.11813402487153665, 240: 0.11845600391680985, 250: 0.11822110276121345, 260: 0.11717017042068578, 270: 0.11657210459917541, 280: 0.11511690816567373, 290: 0.11576291451620244, 300: 0.11460748494464383, 310: 0.11702287909879741, 320: 0.11633269042228207, 330: 0.11733844972689858}",300,0.11460748494464383,0.1,0.01,0.2
concrete,dropoutFCN,32,0.01,0.0005,"{0: 0.7475793963864567, 10: 0.2328995832333896, 20: 0.18309819296762314, 30: 0.16569933770346978, 40: 0.15598344504965383, 50: 0.1478338391954425, 60: 0.14425036738316216, 70: 0.13823777008501584, 80: 0.13674877922929665, 90: 0.1299490102303971, 100: 0.1262283753886191, 110: 0.12551395340399307, 120: 0.12557429757324395, 130: 0.11974797585410538, 140: 0.11864653653509953, 150: 0.11827921250993378, 160: 0.11940335637626169, 170: 0.11799962932413273, 180: 0.11596968608118832, 190: 0.1183973441547759, 200: 0.11532785854523304, 210: 0.11705955562475692, 220: 0.11512573108759883, 230: 0.11530474641568908, 240: 0.11526365549077126, 250: 0.11321014714093447, 260: 0.11432954572036542, 270: 0.1137883213484014, 280: 0.11429170199526036}",250,0.11321014714093447,0.1,0.01,0.1
concrete,dropoutFCN,32,0.01,0.0005,"{0: 0.6930368802966846, 10: 0.217638404520128, 20: 0.17510503436249447, 30: 0.15816504034085002, 40: 0.14830844237376212, 50: 0.1423022185256106, 60: 0.13584367509956108, 70: 0.13382222023106288, 80: 0.12952222494365812, 90: 0.12726037118559136, 100: 0.12369060543384362, 110: 0.12264849348986318, 120: 0.12302343907328947, 130: 0.12084994250174726, 140: 0.12049632388401807, 150: 0.11887004878903351, 160: 0.11728122237967897, 170: 0.11682952255175807, 180: 0.11706882274071553, 190: 0.11477370425133641, 200: 0.11488083573563487, 210: 0.11550578195554895, 220: 0.11481442070082215}",190,0.11477370425133641,0.1,0.01,0.05
concrete,dropoutFCN,32,0.01,0.0005,"{0: 0.7480538252275781, 10: 0.22661586056175004, 20: 0.1698573098626299, 30: 0.15053224120330388, 40: 0.14185521138491936, 50: 0.1369817029441936, 60: 0.13417274219123682, 70: 0.13009391114049634, 80: 0.1275640279650468, 90: 0.1262509182971095, 100: 0.12627578110075494, 110: 0.12384799841893265, 120: 0.1232234245124056, 130: 0.12305545506774498, 140: 0.1224144040815758, 150: 0.1213306009030439, 160: 0.1204902368646283, 170: 0.12075329292678472, 180: 0.11885778769795663, 190: 0.11791896368027924, 200: 0.118117279496322, 210: 0.11976339638580107, 220: 0.11908199755922347}",190,0.11791896368027924,0.1,0.01,0.01
concrete,dropoutFCN,32,0.01,0.0005,"{0: 0.7114580624366107, 10: 0.21504942355491635, 20: 0.1685038945986356, 30: 0.15044182407144518, 40: 0.14140606653377558, 50: 0.13679266989594552, 60: 0.13376410067103478, 70: 0.128758873108221, 80: 0.12683982361854224, 90: 0.12723650930753613, 100: 0.127114209367206, 110: 0.1246290540098263, 120: 0.12297778570549582, 130: 0.12179274423803696, 140: 0.12118590848733783, 150: 0.11994024934691802, 160: 0.12015058388263097, 170: 0.12046138197613132, 180: 0.11835079068558926, 190: 0.11771843226151561, 200: 0.11781305210426703, 210: 0.117099152291407, 220: 0.11697045326827635, 230: 0.11574512473181583, 240: 0.11584247170045078, 250: 0.11499164045407698, 260: 0.11390010992972302, 270: 0.11555248958655447, 280: 0.1149683338729699, 290: 0.11460786584459097}",260,0.11390010992972302,0.1,0.01,0.005
concrete,dropoutFCN,32,0.01,0.0005,"{0: 0.7032952669564654, 10: 0.22036014726491476, 20: 0.1698456596884345, 30: 0.15065803420506224, 40: 0.14164160531765868, 50: 0.13562177015546947, 60: 0.13196410017890658, 70: 0.12871111235868377, 80: 0.12692873410148173, 90: 0.12540131491120884, 100: 0.12338971161426038, 110: 0.12237916245307642, 120: 0.12025022005096508, 130: 0.11961459916241945, 140: 0.11871554411501684, 150: 0.11830566805640767, 160: 0.11728397758175113, 170: 0.11642388201077077, 180: 0.11619938464641175, 190: 0.11504918164981795, 200: 0.11483269329312899, 210: 0.11431617432697254, 220: 0.11334042633810004, 230: 0.11352240441351888, 240: 0.11370934412098115, 250: 0.11271307728457743, 260: 0.11238226242176226, 270: 0.11233085557113553, 280: 0.11223143219876228, 290: 0.1125232446289512, 300: 0.11205507794878303, 310: 0.11177959550004135, 320: 0.11188618955463281, 330: 0.11129086265680485, 340: 0.11134727492614623, 350: 0.11130732136633295, 360: 0.11081765812746658, 370: 0.11046081476508249, 380: 0.1106731792289904, 390: 0.1102165687507664, 400: 0.11018096641768857, 410: 0.11014655123479218, 420: 0.10980523306284451, 430: 0.11005513196823472, 440: 0.1096810649625588, 450: 0.10974085069421873, 460: 0.10973314443100671, 470: 0.10908146649367793, 480: 0.10970167031606656, 490: 0.10930153494030348, 500: 0.10942801884216506}",470,0.10908146649367793,0.1,0.01,0.001
concrete,dropoutFCN,32,0.01,0.001,"{0: 0.5488897399380749, 10: 0.2071758241064885, 20: 0.1735177389776275, 30: 0.15925036063677983, 40: 0.1503877281175661, 50: 0.13966976461525943, 60: 0.13790131839640654, 70: 0.12974001725955267, 80: 0.13063190168679775, 90: 0.12727297217578953, 100: 0.12800826128784232, 110: 0.12764201203056907, 120: 0.12496489275816805, 130: 0.12118368894775884, 140: 0.12187537706358646, 150: 0.1218361891115584, 160: 0.12354443044626792}",130,0.12118368894775884,0.1,0.01,0.2
concrete,dropoutFCN,32,0.01,0.001,"{0: 0.5382270856226979, 10: 0.19445115762821236, 20: 0.1563561583342855, 30: 0.14329740218383158, 40: 0.13989487502478887, 50: 0.13122500230703457, 60: 0.12908582406700847, 70: 0.1263078429076906, 80: 0.12504337498173393, 90: 0.12271699494440647, 100: 0.12141164936318014, 110: 0.12528680554878155, 120: 0.11933932006392141, 130: 0.11702390561787535, 140: 0.11825542603665515, 150: 0.12386365290855092, 160: 0.11851288905297044}",130,0.11702390561787535,0.1,0.01,0.1
concrete,dropoutFCN,32,0.01,0.001,"{0: 0.5193314736539667, 10: 0.18012570452531534, 20: 0.15371177543227266, 30: 0.14457765063553146, 40: 0.13525086102722222, 50: 0.13071207001155513, 60: 0.12676799894106097, 70: 0.12744980303726192, 80: 0.12415285167853567, 90: 0.12127984151023896, 100: 0.11995411730118795, 110: 0.12152877571511427, 120: 0.1203453861274987, 130: 0.11945068235374871, 140: 0.11910286810152722, 150: 0.11664019319937129, 160: 0.11430676757000766, 170: 0.11784791881938554, 180: 0.11406315252779593, 190: 0.11310680074508508, 200: 0.11342769029751938, 210: 0.11519656133922665, 220: 0.11610257261409992}",190,0.11310680074508508,0.1,0.01,0.05
concrete,dropoutFCN,32,0.01,0.001,"{0: 0.5101811327721927, 10: 0.17776282510467573, 20: 0.14792882513929453, 30: 0.13764635565683125, 40: 0.131182814319532, 50: 0.12593124044674991, 60: 0.12447829967955264, 70: 0.12203821316031024, 80: 0.12068365553530251, 90: 0.12201500280810477, 100: 0.1191474281675998, 110: 0.11721457675446297, 120: 0.11820880092851163, 130: 0.12022546601169919, 140: 0.11599516050718003, 150: 0.11426922832089095, 160: 0.11534585267911113, 170: 0.11618684208137586, 180: 0.11466105285395936}",150,0.11426922832089095,0.1,0.01,0.01
concrete,dropoutFCN,32,0.01,0.001,"{0: 0.5044585078139704, 10: 0.17742127282920805, 20: 0.14851434303030472, 30: 0.13611164065484022, 40: 0.13245184786425018, 50: 0.12952465368348057, 60: 0.12894368231764608, 70: 0.12449700534013317, 80: 0.125100010154605, 90: 0.12409189795746198, 100: 0.12298721935839585, 110: 0.12252265108981927, 120: 0.12160074075035536, 130: 0.12158407622434789, 140: 0.11894327762606227, 150: 0.11895537498360946, 160: 0.11980886679817286, 170: 0.11751181896795233, 180: 0.11828973374577996, 190: 0.11679970380279503, 200: 0.11635009820273605, 210: 0.11618114100982546, 220: 0.11353689036536507, 230: 0.11651929707750293, 240: 0.11424325830826958, 250: 0.11413210283774892}",220,0.11353689036536507,0.1,0.01,0.005
concrete,dropoutFCN,32,0.01,0.001,"{0: 0.5169550918219975, 10: 0.17536735808924225, 20: 0.14792064637132954, 30: 0.13801042687745335, 40: 0.13256369243274774, 50: 0.12855690470831269, 60: 0.12533523922198275, 70: 0.12222964971905186, 80: 0.12185939570587385, 90: 0.11933918489331859, 100: 0.1183130311831028, 110: 0.1165515229140091, 120: 0.11477871916235505, 130: 0.11486722504699443, 140: 0.11390672271070398, 150: 0.11418990846505803, 160: 0.11300754483010007, 170: 0.11280991694929199, 180: 0.11202611854752828, 190: 0.11117662077892161, 200: 0.11145285873222995, 210: 0.10976117979132152, 220: 0.11026572555237493, 230: 0.10988813135896844, 240: 0.10986279644248272}",210,0.10976117979132152,0.1,0.01,0.001
concrete,dropoutFCN,32,0.01,0.002,"{0: 0.42357361714089253, 10: 0.1788734125391651, 20: 0.1568194164973405, 30: 0.14402311038173576, 40: 0.13844921463124418, 50: 0.13593046161151337, 60: 0.1358035110844697, 70: 0.13409149561019534, 80: 0.1310231325307865, 90: 0.12325539753578893, 100: 0.12996241950792728, 110: 0.12495084479572327, 120: 0.12234048470964894, 130: 0.133248843956747, 140: 0.1281481140313418, 150: 0.1258374311924201}",120,0.12234048470964894,0.1,0.01,0.2
concrete,dropoutFCN,32,0.01,0.002,"{0: 0.4327193663094719, 10: 0.17398362135642648, 20: 0.14454028575720385, 30: 0.13783382184665818, 40: 0.13759123032346796, 50: 0.13151164426882006, 60: 0.1297734352632399, 70: 0.12750747826382663, 80: 0.12846773565729636, 90: 0.1231835490651291, 100: 0.12382131321048702, 110: 0.12476248980152194, 120: 0.12505430679143312}",90,0.1231835490651291,0.1,0.01,0.1
concrete,dropoutFCN,32,0.01,0.002,"{0: 0.4099275095596722, 10: 0.16119687042034564, 20: 0.14534745898717258, 30: 0.13307988402276064, 40: 0.13066101549613152, 50: 0.12585828931791557, 60: 0.12224962826523618, 70: 0.12350487559846571, 80: 0.12003475031601396, 90: 0.12477630228382389, 100: 0.12320689805892777, 110: 0.1240997288136551}",80,0.12003475031601396,0.1,0.01,0.05
concrete,dropoutFCN,32,0.01,0.002,"{0: 0.41713060406143365, 10: 0.16454737446018264, 20: 0.14371190912498427, 30: 0.13450673956949888, 40: 0.13303562366579164, 50: 0.12717851940958216, 60: 0.12666347627012448, 70: 0.1259385349898319, 80: 0.12125423970718296, 90: 0.12145973760709002, 100: 0.11981864805859894, 110: 0.12029818238986482, 120: 0.11926478756895924, 130: 0.11618980619062429, 140: 0.11670021988908537, 150: 0.11694349982879686, 160: 0.11647155620779977}",130,0.11618980619062429,0.1,0.01,0.01
concrete,dropoutFCN,32,0.01,0.002,"{0: 0.3957924705602818, 10: 0.1536559127913258, 20: 0.13596900932826736, 30: 0.12979093297880973, 40: 0.12518365161827955, 50: 0.12231009394326917, 60: 0.11920045210157312, 70: 0.11906168714614485, 80: 0.11705203925068741, 90: 0.11947394144789474, 100: 0.11801149345959172, 110: 0.11822223723179773}",80,0.11705203925068741,0.1,0.01,0.005
concrete,dropoutFCN,32,0.01,0.002,"{0: 0.40815934455491665, 10: 0.1559966861752343, 20: 0.13829712128427762, 30: 0.12993973118447852, 40: 0.12645541602848903, 50: 0.12574663269248876, 60: 0.1221683071007166, 70: 0.12085567025576512, 80: 0.1202634873263213, 90: 0.11923740440603767, 100: 0.11798604994582759, 110: 0.11727699182024506, 120: 0.1164260232074672, 130: 0.11582104381721767, 140: 0.11535772582677147, 150: 0.1159510364532691, 160: 0.1138915713317004, 170: 0.11412377534705405, 180: 0.11448310285357859, 190: 0.11364798054049523, 200: 0.11308391104642981, 210: 0.11155485534664664, 220: 0.11216648764291562, 230: 0.11360901436956387, 240: 0.11221402195218264}",210,0.11155485534664664,0.1,0.01,0.001
concrete,dropoutFCN,32,0.001,0.0001,"{0: 0.9252137662601401, 10: 0.497159383756006, 20: 0.3715066177571428, 30: 0.3180894398946984, 40: 0.2780446161806628, 50: 0.25005483176617027, 60: 0.23047934989938454, 70: 0.2155128601657093, 80: 0.20570999612829372, 90: 0.1971368454121389, 100: 0.19102277248932623, 110: 0.18577396979110822, 120: 0.18008540764671294, 130: 0.17720013468851886, 140: 0.17250540632509517, 150: 0.16970850742169424, 160: 0.1661905466579589, 170: 0.16456692525977923, 180: 0.16123318844837606, 190: 0.15792932036721696, 200: 0.1554249850296569, 210: 0.15334181413076492, 220: 0.15084258325348404, 230: 0.14984897789035298, 240: 0.14565198309934324, 250: 0.14493937669951035, 260: 0.14347015893269888, 270: 0.14035603391060278, 280: 0.13985176720292322, 290: 0.13793679714665447, 300: 0.13614293756457674, 310: 0.13530502781073692, 320: 0.13273835672408407, 330: 0.1336507038606905, 340: 0.1309445596887769, 350: 0.13080805996459058, 360: 0.12842322119643138, 370: 0.1284836272103471, 380: 0.12664656534702884, 390: 0.12557281001895687, 400: 0.12516363027773342, 410: 0.123314372747696, 420: 0.12298823671458126, 430: 0.12391327495728699, 440: 0.12165272461821745, 450: 0.12179705863362847, 460: 0.12126018958704524, 470: 0.12016191508403462, 480: 0.1191590970875771, 490: 0.11874824813479683, 500: 0.11745079875939524, 510: 0.11667315624208249, 520: 0.1172404903000536, 530: 0.11466548967453963, 540: 0.11507993785181225, 550: 0.11484950566998872, 560: 0.11363452731241408, 570: 0.11338424421169542, 580: 0.11387627200723927, 590: 0.11331795653654572, 600: 0.11224476320351043, 610: 0.11169676694608757, 620: 0.11251945082888459, 630: 0.11125248751438555, 640: 0.11072464106616846, 650: 0.1102127737219873, 660: 0.1090197593790905, 670: 0.1089875157466, 680: 0.10831061874518375, 690: 0.10896091640722463, 700: 0.1092036077144493, 710: 0.10907102844546393}",680,0.10831061874518375,0.1,0.01,0.2
concrete,dropoutFCN,32,0.001,0.0001,"{0: 0.9573130441002731, 10: 0.4767417131977793, 20: 0.3582437995043139, 30: 0.30039837615563086, 40: 0.2589709412438158, 50: 0.23032560045729716, 60: 0.21323850173103925, 70: 0.20112324115133956, 80: 0.19211295678705, 90: 0.18467875862916752, 100: 0.17744263426064122, 110: 0.17243148712090273, 120: 0.16835568933082087, 130: 0.1639413616477518, 140: 0.15948759252154554, 150: 0.15696905605379335, 160: 0.15346900666995744, 170: 0.15129418901454844, 180: 0.14743768320908307, 190: 0.14642239644418625, 200: 0.14219534948754559, 210: 0.14150368426113508, 220: 0.1401697301146549, 230: 0.13716702287263632, 240: 0.1369965850083324, 250: 0.1345213476139488, 260: 0.13155682027020546, 270: 0.13072977933952828, 280: 0.1289523712285166, 290: 0.1279130281092763, 300: 0.12651506790322725, 310: 0.12573895442413122, 320: 0.1252165606625637, 330: 0.12388268090426616, 340: 0.12287299443352954, 350: 0.12185639941804689, 360: 0.12222083879481926, 370: 0.12040322669737002, 380: 0.11978472127530279, 390: 0.12026265071241042, 400: 0.11881719335032584, 410: 0.11846583883220937, 420: 0.11783894349305346, 430: 0.11674233815104804, 440: 0.11589125797675656, 450: 0.11579915482658239, 460: 0.11491528564473479, 470: 0.11495162510433551, 480: 0.11474857674954295, 490: 0.11434628322560833, 500: 0.11312938691584251, 510: 0.11190981420234716, 520: 0.11310851640388073, 530: 0.1128469963610745, 540: 0.11156817823929295, 550: 0.1120490896227134, 560: 0.11131478510896145, 570: 0.10949643604595045, 580: 0.10987543524545118, 590: 0.10932105394827815, 600: 0.10928860714555844, 610: 0.10869592836441944, 620: 0.10949396744662317, 630: 0.1092250783925949, 640: 0.10818529514586228, 650: 0.10771938331265496, 660: 0.1074880858491459, 670: 0.10691283722982878, 680: 0.1070006787827058, 690: 0.10722515573814587, 700: 0.10740015269344547}",670,0.10691283722982878,0.1,0.01,0.1
concrete,dropoutFCN,32,0.001,0.0001,"{0: 0.9421330332949879, 10: 0.46896253161710544, 20: 0.3500078180835411, 30: 0.2841361535159377, 40: 0.24034095559486707, 50: 0.2138977862327344, 60: 0.1960685944389786, 70: 0.18345375108348821, 80: 0.1748688649408745, 90: 0.167244117254032, 100: 0.16088083670633596, 110: 0.1559368202618908, 120: 0.15048197646473216, 130: 0.14735087252057485, 140: 0.144491228156414, 150: 0.139536659191779, 160: 0.13599940776571642, 170: 0.13441205870517076, 180: 0.1311281204163059, 190: 0.13034881278057497, 200: 0.12854135864380548, 210: 0.12660815422061805, 220: 0.1259963982242262, 230: 0.1250492978520025, 240: 0.12284927728721502, 250: 0.12034200407404945, 260: 0.1188503186722993, 270: 0.11825919499434945, 280: 0.1173989146800281, 290: 0.1165691710340034, 300: 0.11533774901299854, 310: 0.11494151346011021, 320: 0.11440726462451511, 330: 0.11272202565720894, 340: 0.11294073925441006, 350: 0.11260113687083091, 360: 0.11161787399211284, 370: 0.11172836519992538, 380: 0.11028987836519481, 390: 0.11013712611305475, 400: 0.11016888740646644, 410: 0.109683379777332, 420: 0.11009808464863746, 430: 0.1093315638758721, 440: 0.10878709894893394, 450: 0.10863476721615326, 460: 0.10706815551864554, 470: 0.1077345004623256, 480: 0.1062557346932177, 490: 0.10552071348416389, 500: 0.10606961812105384, 510: 0.10565279068704762, 520: 0.10651485814482349}",490,0.10552071348416389,0.1,0.01,0.05
concrete,dropoutFCN,32,0.001,0.0001,"{0: 0.9573107981056262, 10: 0.47459056748959727, 20: 0.3513535398114899, 30: 0.2865944118069792, 40: 0.2454499076531494, 50: 0.21956290039204265, 60: 0.2023348551761725, 70: 0.19027664220452045, 80: 0.18034584903884446, 90: 0.17246214006049318, 100: 0.1654159749726058, 110: 0.15923745828816296, 120: 0.15356346954648706, 130: 0.1495648036715461, 140: 0.14499538889976668, 150: 0.14121338401240327, 160: 0.1381508829476586, 170: 0.13444449290952593, 180: 0.13221327525202162, 190: 0.1293156316364838, 200: 0.12759107339876674, 210: 0.12557937897505006, 220: 0.12311135198271173, 230: 0.12155432515069346, 240: 0.12041135111337713, 250: 0.11881597448429485, 260: 0.11704558196475527, 270: 0.11651166608142724, 280: 0.11527924750484828, 290: 0.11493198479661348, 300: 0.11413203235522892, 310: 0.11269664925298017, 320: 0.11126180766837317, 330: 0.11178790712382174, 340: 0.11063341062759646, 350: 0.11025671988360844, 360: 0.10897409718248274, 370: 0.10922749269501761, 380: 0.1077613718362755, 390: 0.1079429185832386, 400: 0.1068535835862969, 410: 0.1070157726631477, 420: 0.10670850643652703, 430: 0.10615258995906147, 440: 0.10514924998309103, 450: 0.10519741067757826, 460: 0.1054425725129523, 470: 0.10508371642784539, 480: 0.10471199606665729, 490: 0.10411154333283164, 500: 0.10367576287258126, 510: 0.10379743854060264, 520: 0.103155551898181, 530: 0.10296530787402824, 540: 0.10257009789205851, 550: 0.10289002124608357, 560: 0.1034071211688942, 570: 0.10216496159460915, 580: 0.10277192420127243, 590: 0.10160042791776717, 600: 0.10274282299790254, 610: 0.10220921722390115, 620: 0.10101622982582537, 630: 0.10209003244597584, 640: 0.1016092214643465, 650: 0.10149104657228443}",620,0.10101622982582537,0.1,0.01,0.01
concrete,dropoutFCN,32,0.001,0.0001,"{0: 0.9219441689593829, 10: 0.4499774975518518, 20: 0.33203560546249794, 30: 0.27059941401436693, 40: 0.23024169668004588, 50: 0.20518718583081177, 60: 0.18944161692891665, 70: 0.1777296425851512, 80: 0.16884015720219234, 90: 0.16129118342863924, 100: 0.15572964964017372, 110: 0.14987620352740563, 120: 0.14510988805583472, 130: 0.1408269103425393, 140: 0.13775804348284462, 150: 0.13511442246883337, 160: 0.1322597129528424, 170: 0.13023277168582742, 180: 0.12793040781304604, 190: 0.12654256959117435, 200: 0.12417284177647903, 210: 0.12336395422645127, 220: 0.12157827859605386, 230: 0.12032580282434502, 240: 0.11924744641351881, 250: 0.11858482367259293, 260: 0.11702616134910389, 270: 0.11693051347109791, 280: 0.11588809246811342, 290: 0.11478943300782445, 300: 0.11410560046606237, 310: 0.1133325679356016, 320: 0.11349544944916216, 330: 0.11245178998924973, 340: 0.11168301522457824, 350: 0.11197603476175959, 360: 0.11135130704209176, 370: 0.1110956438097632, 380: 0.11052459105920165, 390: 0.10970623451127434, 400: 0.10965890175684963, 410: 0.10941337368662378, 420: 0.10819215533913491, 430: 0.10811796415056166, 440: 0.10860575317845012, 450: 0.10777147163640424, 460: 0.10786611293764001, 470: 0.10687004203173686, 480: 0.10668364746748013, 490: 0.10638052677234575, 500: 0.10729255514760438, 510: 0.10627362872338293, 520: 0.1063362347820866, 530: 0.10561041772433029, 540: 0.10644280097485195, 550: 0.1056240510436963, 560: 0.10563978406672929}",530,0.10561041772433029,0.1,0.01,0.005
concrete,dropoutFCN,32,0.001,0.0001,"{0: 0.9486557669984969, 10: 0.45292203180849855, 20: 0.3294826837282707, 30: 0.26889274633655436, 40: 0.2301098416443895, 50: 0.2065450773781877, 60: 0.1910250291542177, 70: 0.18018898459260146, 80: 0.17163223386493684, 90: 0.16446284070170464, 100: 0.15830465302840482, 110: 0.15338850653846664, 120: 0.14876572216770775, 130: 0.1451960700620943, 140: 0.14171115309848048, 150: 0.13864754872141902, 160: 0.1357714301273392, 170: 0.13339525518268455, 180: 0.13110745071962818, 190: 0.1290665645951354, 200: 0.1271056992148723, 210: 0.12568999737253345, 220: 0.12409638945638297, 230: 0.12267322175237794, 240: 0.12148548244642532, 250: 0.12047379246665782, 260: 0.11939693945590117, 270: 0.11856125461162019, 280: 0.11759977701674192, 290: 0.1168464142266394, 300: 0.11587500054700368, 310: 0.11525889843223233, 320: 0.11438180495034256, 330: 0.11440512950304298, 340: 0.11406136668728442, 350: 0.11314137543819387, 360: 0.11247246131873623, 370: 0.11206242857684008, 380: 0.1119473907720994, 390: 0.11183324047066243, 400: 0.11136879182894935, 410: 0.11063196794591786, 420: 0.11045720759947168, 430: 0.11006807025403598, 440: 0.10985174185707229, 450: 0.10940741852839964, 460: 0.10946859061828121, 470: 0.10942952960151393, 480: 0.10866324443378365, 490: 0.10820961842438688, 500: 0.10829620916977338, 510: 0.10795257163852871, 520: 0.1075663748021731, 530: 0.10786041656309424, 540: 0.10799436431033956, 550: 0.10699168297906145, 560: 0.10719504327132626, 570: 0.10668193333142788, 580: 0.1073040193566572, 590: 0.10694530408518321, 600: 0.10660550237808816, 610: 0.10639932963504276, 620: 0.10622331115778558, 630: 0.10591638727373798, 640: 0.1061855428276552, 650: 0.10618767757307399, 660: 0.10589597021672166, 670: 0.10620573979534667, 680: 0.10615672278452695, 690: 0.10588989839778287, 700: 0.10592753997140036, 710: 0.10591425372795626, 720: 0.10524340263150042, 730: 0.10620843564261354, 740: 0.10533450344592574, 750: 0.1057809630160255}",720,0.10524340263150042,0.1,0.01,0.001
concrete,dropoutFCN,32,0.001,0.0005,"{0: 0.7299621847437121, 10: 0.25451645154800573, 20: 0.1986727199199591, 30: 0.17574833727475458, 40: 0.16144483784460087, 50: 0.1481221054024108, 60: 0.1401186971004064, 70: 0.13390167347365456, 80: 0.12942260676492431, 90: 0.12470635601549965, 100: 0.12284127127051529, 110: 0.12133579900880612, 120: 0.11844147508310021, 130: 0.11259486138093763, 140: 0.11270554974631124, 150: 0.11115648881393896, 160: 0.11136267887036048, 170: 0.10896137705652342, 180: 0.10925609323722692, 190: 0.10905500524682155, 200: 0.10817769097427218, 210: 0.10623446135798913, 220: 0.10455408044704577, 230: 0.10761121480390486, 240: 0.10407388196045261, 250: 0.10412423631546679, 260: 0.10465964128149718, 270: 0.10380419178046038, 280: 0.10385208832809023, 290: 0.10408871134342479, 300: 0.10211085090225085, 310: 0.10336786197106088, 320: 0.10299248146618725, 330: 0.10093947315460564, 340: 0.1012918020965475, 350: 0.10146173014950506, 360: 0.10091565866455579, 370: 0.0977603343373656, 380: 0.09964191060323277, 390: 0.09976417629798517, 400: 0.09874773144788065}",370,0.0977603343373656,0.1,0.01,0.2
concrete,dropoutFCN,32,0.001,0.0005,"{0: 0.7269395378564607, 10: 0.234403516710994, 20: 0.1802473159826031, 30: 0.15798347937635643, 40: 0.14358710011264966, 50: 0.13241201232703018, 60: 0.1268365476891145, 70: 0.11994806371364916, 80: 0.11528197864432603, 90: 0.1152032910764812, 100: 0.10826901955206528, 110: 0.10788101492517099, 120: 0.10856404992463362, 130: 0.10601522060605392, 140: 0.10232640456862567, 150: 0.10243125233477077, 160: 0.10077191672415223, 170: 0.10032047574895009, 180: 0.10035529199373652, 190: 0.09637155103869599, 200: 0.09790782151348662, 210: 0.09687206997057728, 220: 0.09847122339780959}",190,0.09637155103869599,0.1,0.01,0.1
concrete,dropoutFCN,32,0.001,0.0005,"{0: 0.6993965416851523, 10: 0.2112383553863717, 20: 0.166949655080802, 30: 0.14761807237236219, 40: 0.1361138884551377, 50: 0.12814524782118053, 60: 0.12437607764801269, 70: 0.12111119425812211, 80: 0.1184882012905012, 90: 0.11367859026996718, 100: 0.11294600148378967, 110: 0.11292048913830752, 120: 0.10852585173752338, 130: 0.1126778859168247, 140: 0.11015265047379494, 150: 0.10992394940254428}",120,0.10852585173752338,0.1,0.01,0.05
concrete,dropoutFCN,32,0.001,0.0005,"{0: 0.7066823062743423, 10: 0.21088972913232099, 20: 0.1613548571662117, 30: 0.13955974907740257, 40: 0.1301637777307808, 50: 0.12359348802277315, 60: 0.11838159809132702, 70: 0.1137134559500442, 80: 0.11324728710775134, 90: 0.10892565109557077, 100: 0.10924193863531868, 110: 0.109538532993622, 120: 0.10650831424821847, 130: 0.10625193776701854, 140: 0.10554389655131624, 150: 0.10466535841567057, 160: 0.10608487438772587, 170: 0.1046121732376279, 180: 0.10574048507260674, 190: 0.1040821425157206, 200: 0.10462286078136382, 210: 0.10403747876058418, 220: 0.10396909360294089, 230: 0.10084119656830144, 240: 0.10066674427322753, 250: 0.0995062215902126, 260: 0.10327886365662438, 270: 0.09958879074991764, 280: 0.10300975463973291}",250,0.0995062215902126,0.1,0.01,0.01
concrete,dropoutFCN,32,0.001,0.0005,"{0: 0.7178459408982807, 10: 0.1997830621247281, 20: 0.15836596529867503, 30: 0.14217487451033248, 40: 0.1308798438684529, 50: 0.12402270460301694, 60: 0.12148858930207981, 70: 0.1178919280847949, 80: 0.11660708229997074, 90: 0.11257480281072682, 100: 0.11266323479133364, 110: 0.1102661408015361, 120: 0.10879073147284087, 130: 0.10630807580292796, 140: 0.10728604693871599, 150: 0.10526962554248853, 160: 0.1048250581331259, 170: 0.10459894584286725, 180: 0.1055038397657325, 190: 0.10261322712620716, 200: 0.10486300218974276, 210: 0.10113064537153849, 220: 0.10112139939567995, 230: 0.1039342883624087, 240: 0.09975554494039932, 250: 0.10232415202969283, 260: 0.10072000398152596, 270: 0.09870068800175137, 280: 0.10237707488062595, 290: 0.10035016333245166, 300: 0.10093169515381147}",270,0.09870068800175137,0.1,0.01,0.005
concrete,dropoutFCN,32,0.001,0.0005,"{0: 0.6707427404540076, 10: 0.21008341611797335, 20: 0.1629535599925169, 30: 0.14179806522386257, 40: 0.13036580011958954, 50: 0.12459191049813276, 60: 0.11991894664436975, 70: 0.11672897624761877, 80: 0.11410676136486238, 90: 0.11368536929451949, 100: 0.11204440297678672, 110: 0.11057486180816305, 120: 0.10896805838268067, 130: 0.1094180226713386, 140: 0.1097417001145653, 150: 0.1075053773872714, 160: 0.10663357619047495, 170: 0.10749156620350708, 180: 0.10624387011077896, 190: 0.10618662853289536, 200: 0.1066563653553845, 210: 0.10504657863477536, 220: 0.1059782635390274, 230: 0.10621340249320224, 240: 0.10570353628398474}",210,0.10504657863477536,0.1,0.01,0.001
concrete,dropoutFCN,32,0.001,0.001,"{0: 0.5354310760728007, 10: 0.2063222578170118, 20: 0.16965944295579738, 30: 0.14701948115958693, 40: 0.13431628051922223, 50: 0.12335632845318856, 60: 0.11700729671499506, 70: 0.11297771511237356, 80: 0.10757566647999214, 90: 0.10911381116804597, 100: 0.10807120178927339, 110: 0.10466026300777793, 120: 0.10194012909169473, 130: 0.10261490476005886, 140: 0.10034984424969089, 150: 0.10028387810178625, 160: 0.10288676028075874, 170: 0.09954370294650088, 180: 0.09993096211037192, 190: 0.09693257991265827, 200: 0.09610582294646053, 210: 0.0971960247312972, 220: 0.09821165041710303, 230: 0.09861150549921563}",200,0.09610582294646053,0.1,0.01,0.2
concrete,dropoutFCN,32,0.001,0.001,"{0: 0.5323849649175572, 10: 0.18328064744197606, 20: 0.14996521754522107, 30: 0.1389520358473217, 40: 0.1220302746162997, 50: 0.12075281259396609, 60: 0.1202700658873858, 70: 0.11040653428576297, 80: 0.11148672650684517, 90: 0.10617932463448883, 100: 0.10863616407688512, 110: 0.10427290291254905, 120: 0.10599470621257119, 130: 0.0993768408204548, 140: 0.10065818843912919, 150: 0.10090942111348145, 160: 0.10061351661374193}",130,0.0993768408204548,0.1,0.01,0.1
concrete,dropoutFCN,32,0.001,0.001,"{0: 0.49053174293094093, 10: 0.18094968363213168, 20: 0.14338104151106726, 30: 0.12714562626851547, 40: 0.12159723493444725, 50: 0.11561900700440428, 60: 0.11789490289154621, 70: 0.11190211933417313, 80: 0.10782174806813356, 90: 0.10895042790905336, 100: 0.10893701052900298, 110: 0.10770944258992485, 120: 0.10707922872808451, 130: 0.10415799695929598, 140: 0.10236893374183756, 150: 0.1078759363018312, 160: 0.10176198077819695, 170: 0.09987278624097022, 180: 0.10406894883792091, 190: 0.10292467853887292, 200: 0.10051469973002816}",170,0.09987278624097022,0.1,0.01,0.05
concrete,dropoutFCN,32,0.001,0.001,"{0: 0.5153236041981824, 10: 0.16279581918045932, 20: 0.1343987846839278, 30: 0.12104339026024805, 40: 0.11763234306526069, 50: 0.11834219265935693, 60: 0.11446474903620399, 70: 0.1139463033856988, 80: 0.11187774562457933, 90: 0.1110852940828269, 100: 0.1084198728739852, 110: 0.11524950622587142, 120: 0.1127838895273865, 130: 0.10921077158684785}",100,0.1084198728739852,0.1,0.01,0.01
concrete,dropoutFCN,32,0.001,0.001,"{0: 0.5028355240583948, 10: 0.17046215995892894, 20: 0.13418657122858568, 30: 0.12056970548311471, 40: 0.11455579438923422, 50: 0.11194903472984996, 60: 0.11057136431980688, 70: 0.11038027730056603, 80: 0.10952115560527301, 90: 0.10663109084788136, 100: 0.10554581793403721, 110: 0.10599675395310541, 120: 0.1070722196394053, 130: 0.10602080572658086}",100,0.10554581793403721,0.1,0.01,0.005
concrete,dropoutFCN,32,0.001,0.001,"{0: 0.5026954936492205, 10: 0.16284131601309654, 20: 0.12974421939956463, 30: 0.11588663871464074, 40: 0.11231565782328116, 50: 0.11112624973088987, 60: 0.11303615919166332, 70: 0.11099652413868036, 80: 0.10903967612518681, 90: 0.10880934118329708, 100: 0.10638335864115382, 110: 0.10518034210999919, 120: 0.10614924810788232, 130: 0.1068209410249548, 140: 0.10872412255963107}",110,0.10518034210999919,0.1,0.01,0.001
concrete,dropoutFCN,32,0.001,0.002,"{0: 0.43507043961410774, 10: 0.17474413171641845, 20: 0.13943714073408292, 30: 0.12525452651419378, 40: 0.11937124523535887, 50: 0.11255652643547442, 60: 0.11736954098067631, 70: 0.11055574743486032, 80: 0.109029174032184, 90: 0.10593880279420573, 100: 0.10831184557970155, 110: 0.1065597875272003, 120: 0.10122035779438895, 130: 0.10410417413136648, 140: 0.10425827178016514, 150: 0.10707846421106867}",120,0.10122035779438895,0.1,0.01,0.2
concrete,dropoutFCN,32,0.001,0.002,"{0: 0.41101030909874137, 10: 0.1586751767206615, 20: 0.12767760983415646, 30: 0.11864499544412317, 40: 0.10941494309783246, 50: 0.10883792671929089, 60: 0.10826819437184954, 70: 0.10554224754604516, 80: 0.11188733769218655, 90: 0.105750979082239, 100: 0.10274502686924918, 110: 0.10433989157119639, 120: 0.1017495739192916, 130: 0.10343663456506273, 140: 0.09995622329948042, 150: 0.10005931013835774, 160: 0.10146821237885766, 170: 0.09995056633767999, 180: 0.09587790921154238, 190: 0.09533734108608405, 200: 0.09760586538538611, 210: 0.09509498670658664, 220: 0.0969341881210308, 230: 0.09161394081723442, 240: 0.09563885908521552, 250: 0.09785218746698043, 260: 0.09816422410292795}",230,0.09161394081723442,0.1,0.01,0.1
concrete,dropoutFCN,32,0.001,0.002,"{0: 0.4079797217344586, 10: 0.15318770749495808, 20: 0.13506014813461834, 30: 0.12448958549722863, 40: 0.11800994165192158, 50: 0.11813522446567451, 60: 0.11223883468809166, 70: 0.11161004517433912, 80: 0.1090430053456219, 90: 0.10631315645918041, 100: 0.11318076847849383, 110: 0.10506563825919639, 120: 0.10853400207092298, 130: 0.1033720727428981, 140: 0.10278863383469454, 150: 0.10017959006009547, 160: 0.10061313145060893, 170: 0.09955762650341302, 180: 0.10430924738672646, 190: 0.10392118772520723, 200: 0.10180321396917039}",170,0.09955762650341302,0.1,0.01,0.05
concrete,dropoutFCN,32,0.001,0.002,"{0: 0.4001918930738217, 10: 0.1448393600773829, 20: 0.12191086256781596, 30: 0.11158237490624034, 40: 0.11335734847913781, 50: 0.10940691136996657, 60: 0.11269343621076167, 70: 0.10355767108098016, 80: 0.10351359933438516, 90: 0.10416673823527534, 100: 0.10486656163694545, 110: 0.10657901391067597}",80,0.10351359933438516,0.1,0.01,0.01
concrete,dropoutFCN,32,0.001,0.002,"{0: 0.39336858371651273, 10: 0.14269676594428457, 20: 0.1275320154777057, 30: 0.11991987038395488, 40: 0.11518141275300682, 50: 0.1167573629542139, 60: 0.10921562868372123, 70: 0.11129891249305084, 80: 0.11039998968497348, 90: 0.11262684154536931}",60,0.10921562868372123,0.1,0.01,0.005
concrete,dropoutFCN,32,0.001,0.002,"{0: 0.4200310448975098, 10: 0.14285173821574831, 20: 0.12507053912170535, 30: 0.12325873163084763, 40: 0.12164775285564215, 50: 0.1261349891448849, 60: 0.11890065643305876, 70: 0.11159874583003218, 80: 0.10952881913458692, 90: 0.10910118261091988, 100: 0.11146612998706626, 110: 0.11455269510607895, 120: 0.10964892973761294}",90,0.10910118261091988,0.1,0.01,0.001
concrete,dropoutFCN,32,0.0001,0.0001,"{0: 0.9684067279941843, 10: 0.5357182829801189, 20: 0.3808893579354748, 30: 0.326421430553671, 40: 0.2863687964604241, 50: 0.2566035838613489, 60: 0.23676886519699386, 70: 0.22197344840718305, 80: 0.2094639708757048, 90: 0.2007350284992239, 100: 0.19463756052525238, 110: 0.1864282831391051, 120: 0.18242020893321598, 130: 0.17656213630659884, 140: 0.173213544410639, 150: 0.16886516180641106, 160: 0.16526563164994879, 170: 0.16182182790765212, 180: 0.15822228695627327, 190: 0.15421901553847223, 200: 0.15248074794974226, 210: 0.1495890927631945, 220: 0.14605157498664004, 230: 0.14414715244231716, 240: 0.14233531333324387, 250: 0.1403355247680998, 260: 0.13843101516641343, 270: 0.13775141362439502, 280: 0.1363917581874709, 290: 0.13350222669778627, 300: 0.13375575003739382, 310: 0.13251182857920132, 320: 0.13067428904500875, 330: 0.13076771682355462, 340: 0.12838638681331918, 350: 0.12627369302229272, 360: 0.12611160910832203, 370: 0.12531327539596485, 380: 0.1245981540162521, 390: 0.12475294820903762, 400: 0.1237615523419597, 410: 0.12272340139854598, 420: 0.12099787157229909, 430: 0.12037259781946541, 440: 0.1189800749062743, 450: 0.11925707117328802, 460: 0.1186027034612184, 470: 0.11868788372254427, 480: 0.11838422332099433, 490: 0.11711486061430602, 500: 0.11623485497353876, 510: 0.11712498684614037, 520: 0.11661502101568055, 530: 0.11567230458776774, 540: 0.11489846564856884, 550: 0.11478918798328415, 560: 0.11452682752577976, 570: 0.11429711881625766, 580: 0.11341942474080824, 590: 0.11317334587039414, 600: 0.11207704863341006, 610: 0.11274454208139084, 620: 0.11215712515991086, 630: 0.11254054328081171}",600,0.11207704863341006,0.1,0.01,0.2
concrete,dropoutFCN,32,0.0001,0.0001,"{0: 0.9105624387939155, 10: 0.470945749833508, 20: 0.36205081671806766, 30: 0.3046948422798825, 40: 0.26222003539998007, 50: 0.23390599058477068, 60: 0.21406834412010967, 70: 0.20085607213669587, 80: 0.19042247555428582, 90: 0.1825401538188644, 100: 0.17615261444826086, 110: 0.17045692756816094, 120: 0.16537320869372496, 130: 0.16147898534350016, 140: 0.15635594277472648, 150: 0.15369809179088406, 160: 0.14959145478304015, 170: 0.14626637361784028, 180: 0.1432731831201517, 190: 0.14266930517439744, 200: 0.13934862551606328, 210: 0.13777528132111694, 220: 0.136759157368565, 230: 0.13448921690792043, 240: 0.13177499437532597, 250: 0.13108628241809225, 260: 0.12969006663652277, 270: 0.1280244795869587, 280: 0.1278495998219129, 290: 0.12811451400551016, 300: 0.12410228214568768, 310: 0.12459473021614798, 320: 0.12422511024225753, 330: 0.12365921679259184, 340: 0.12201575870711716, 350: 0.12070729214932112, 360: 0.11968902906960502, 370: 0.12075762853692702, 380: 0.11834888696334622, 390: 0.11913010976569835, 400: 0.118752208795214, 410: 0.11736821296303383, 420: 0.11712399561093063, 430: 0.1153267385314459, 440: 0.11477758131216431, 450: 0.11478910730902521, 460: 0.11454706945563257, 470: 0.11436934443343505, 480: 0.11267046720973448, 490: 0.11293898907266364, 500: 0.11249969910976187, 510: 0.11244413307863126, 520: 0.11175290307422436, 530: 0.11084412360650604, 540: 0.1099024773263548, 550: 0.11150012508271494, 560: 0.11102779477146363, 570: 0.11102993653369937}",540,0.1099024773263548,0.1,0.01,0.1
concrete,dropoutFCN,32,0.0001,0.0001,"{0: 0.9431673836293963, 10: 0.47840091379765487, 20: 0.3542926081667014, 30: 0.290634371760547, 40: 0.24881609695746731, 50: 0.2217274225085247, 60: 0.20451789104907667, 70: 0.19191249283612963, 80: 0.18259411432801662, 90: 0.17502134348010454, 100: 0.16731881789527198, 110: 0.16254843398234797, 120: 0.15702204690694105, 130: 0.1529728501436011, 140: 0.15062246982038507, 150: 0.14699504438520622, 160: 0.1432881689132229, 170: 0.1403752366624668, 180: 0.13837188875650971, 190: 0.13799000337367487, 200: 0.13417427539792398, 210: 0.13249913923822326, 220: 0.13202694147946387, 230: 0.13002986331186026, 240: 0.12871298680295348, 250: 0.12560103005994624, 260: 0.12558872478588018, 270: 0.1235217476613594, 280: 0.12344132173478779, 290: 0.12205403641092054, 300: 0.1203659573377985, 310: 0.11942722325275894, 320: 0.11876735530705558, 330: 0.11752555985705818, 340: 0.11797061913144957, 350: 0.116946118088647, 360: 0.11645471703082169, 370: 0.116069666083189, 380: 0.11543921729964146, 390: 0.11352163871492797, 400: 0.11316559741139984, 410: 0.1133898080818779, 420: 0.11173635237893613, 430: 0.11245397619512112, 440: 0.11298228608778867, 450: 0.11244092851717517}",420,0.11173635237893613,0.1,0.01,0.05
concrete,dropoutFCN,32,0.0001,0.0001,"{0: 0.9307618363354706, 10: 0.4616919590725515, 20: 0.3345733876600146, 30: 0.26842448822091175, 40: 0.22846829898738016, 50: 0.2038113895905564, 60: 0.1881765505857628, 70: 0.17708352983460457, 80: 0.16840335304285098, 90: 0.16134711400720692, 100: 0.15511840726929688, 110: 0.15005040487325466, 120: 0.14639029141892704, 130: 0.14128274440479033, 140: 0.13774355680290098, 150: 0.13547857383677717, 160: 0.13144025320213368, 170: 0.12910840475869811, 180: 0.12728473429856527, 190: 0.12546857125622118, 200: 0.12274694228670109, 210: 0.12140506193856795, 220: 0.1198868485575945, 230: 0.1185474699301162, 240: 0.11677808112817963, 250: 0.11664990105505839, 260: 0.11546589625824492, 270: 0.11460771579210043, 280: 0.11387372744332307, 290: 0.11378215120156783, 300: 0.1123643599203337, 310: 0.11205101363206693, 320: 0.11098233251844128, 330: 0.11147120016542349, 340: 0.11026322529468816, 350: 0.1098803481661714, 360: 0.10925695454306675, 370: 0.10833834395236601, 380: 0.1084239417393826, 390: 0.10820510212698206, 400: 0.10755406206188736, 410: 0.10734973077956209, 420: 0.10707425392998957, 430: 0.10697706018780351, 440: 0.10547084958897594, 450: 0.10618913670146875, 460: 0.10522711531393344, 470: 0.10458529611263379, 480: 0.10563911657218725, 490: 0.10487064526088023, 500: 0.10450760301576993, 510: 0.10433649437786999, 520: 0.10453963494083877, 530: 0.10386086710196621, 540: 0.10339388148315357, 550: 0.1031101020957231, 560: 0.10381370731328628, 570: 0.10397079859804485, 580: 0.10299799912825987, 590: 0.1025367442936432, 600: 0.10323380089704295, 610: 0.10303459134277752, 620: 0.1024337123039248, 630: 0.10278001813547022, 640: 0.10200828419377406, 650: 0.10284348239096572, 660: 0.10164660757150108, 670: 0.10186754276523062, 680: 0.10120226794651435, 690: 0.10224125720844146, 700: 0.10180842533283603, 710: 0.10152140944059015}",680,0.10120226794651435,0.1,0.01,0.01
concrete,dropoutFCN,32,0.0001,0.0001,"{0: 0.9519802691173483, 10: 0.4284742804982885, 20: 0.31924952280539015, 30: 0.26274502689826956, 40: 0.22721037912185954, 50: 0.20391545422799223, 60: 0.18814336246371005, 70: 0.1764485418289922, 80: 0.16750109129882, 90: 0.15975712631665945, 100: 0.15311673152032643, 110: 0.1473742170382982, 120: 0.14306483252724275, 130: 0.1392205500788849, 140: 0.13540163476221093, 150: 0.13224548134570066, 160: 0.1297904757314471, 170: 0.12695841353185647, 180: 0.12468983977498915, 190: 0.12268040811479182, 200: 0.12073897863656327, 210: 0.11965230828292905, 220: 0.11834536532404046, 230: 0.11723297393468468, 240: 0.11600978895321115, 250: 0.11570968101123254, 260: 0.11363497662701467, 270: 0.11299463300512111, 280: 0.11191036284494393, 290: 0.1115241824139697, 300: 0.1105626953955938, 310: 0.11009885285859163, 320: 0.10925971181840888, 330: 0.10931657281717326, 340: 0.10878736232026051, 350: 0.10811578695768667, 360: 0.10718765039907607, 370: 0.1059880195069901, 380: 0.10618907128292406, 390: 0.10571824156836843, 400: 0.10571837174994232, 410: 0.10497840019268537, 420: 0.10538961758744865, 430: 0.1038036682116658, 440: 0.10397141895571507, 450: 0.1035289137805375, 460: 0.10338096157917842, 470: 0.10306386082701273, 480: 0.1034333573279631, 490: 0.10308067855156726, 500: 0.10304846465483333, 510: 0.10287813813348161, 520: 0.10238740026846553, 530: 0.10190436732974892, 540: 0.10186150516676237, 550: 0.10192363547610706, 560: 0.10158791303503172, 570: 0.10144851361851552, 580: 0.10219083394066424, 590: 0.10202400263215787, 600: 0.1009524292785176, 610: 0.10110730027270567, 620: 0.1015888160084156, 630: 0.101372890533041}",600,0.1009524292785176,0.1,0.01,0.005
concrete,dropoutFCN,32,0.0001,0.0001,"{0: 0.9611774026334329, 10: 0.4657257109651368, 20: 0.34028804746386926, 30: 0.2758147031704276, 40: 0.2350248097929572, 50: 0.20984295599773825, 60: 0.19352330181073102, 70: 0.18157744770160625, 80: 0.1722496692068649, 90: 0.16436516029706552, 100: 0.15761650500677288, 110: 0.15198846990478015, 120: 0.1469363422488074, 130: 0.14290796445901535, 140: 0.1393278025357219, 150: 0.13589033088465793, 160: 0.13317333922340796, 170: 0.13098066378982307, 180: 0.12880277626150333, 190: 0.1267884033687099, 200: 0.12487513394193436, 210: 0.12340477827220539, 220: 0.12203047562401578, 230: 0.12086866753105645, 240: 0.11953987519185871, 250: 0.11877507743703068, 260: 0.11825319591617792, 270: 0.11736719578171409, 280: 0.11670501302167806, 290: 0.11597215520566315, 300: 0.11532700117113012, 310: 0.1150353194868188, 320: 0.11447147526224169, 330: 0.1141615031657951, 340: 0.11332548788845738, 350: 0.11296708355716265, 360: 0.11289236756577173, 370: 0.11274456752793201, 380: 0.11218692189383997, 390: 0.11203119706626807, 400: 0.11154880238753377, 410: 0.11143747830905255, 420: 0.11122247523394828, 430: 0.11116191934838242, 440: 0.11093000918775467, 450: 0.11133754886593188, 460: 0.11086233833048931, 470: 0.11056952475565325, 480: 0.11059900356590173, 490: 0.11058070855155995, 500: 0.11052148018676597, 510: 0.11038737748066034, 520: 0.10986127582716661, 530: 0.11068887016188741, 540: 0.10980543681383903, 550: 0.10944878398785636, 560: 0.10986661054218753, 570: 0.10949469606045852, 580: 0.10966758106721611}",550,0.10944878398785636,0.1,0.01,0.001
concrete,dropoutFCN,32,0.0001,0.0005,"{0: 0.7211096099060901, 10: 0.24555262357260857, 20: 0.19178276107750464, 30: 0.17118859304689255, 40: 0.15470017412604442, 50: 0.1452928221410764, 60: 0.13519582240936587, 70: 0.12907428981327426, 80: 0.12430619188110122, 90: 0.12242011974849969, 100: 0.11865567873769658, 110: 0.11500845783642726, 120: 0.11426783171545023, 130: 0.11257720611796762, 140: 0.10829485206199149, 150: 0.10888638795776799, 160: 0.1070557791095417, 170: 0.10503436843636779, 180: 0.10504662469591111, 190: 0.10645368340770052, 200: 0.1043604695719322, 210: 0.10600579418721061, 220: 0.10219725493504132, 230: 0.103892749173502, 240: 0.1025333365278163, 250: 0.0986707733238924, 260: 0.10050231868587023, 270: 0.10226570485601669, 280: 0.10082727016114298}",250,0.0986707733238924,0.1,0.01,0.2
concrete,dropoutFCN,32,0.0001,0.0005,"{0: 0.7321023431889497, 10: 0.22519948015478217, 20: 0.1751634836973346, 30: 0.1569660997432598, 40: 0.14693383503768592, 50: 0.1340513269988722, 60: 0.12815508586064764, 70: 0.12354948348366412, 80: 0.12130328257707915, 90: 0.11595828714244294, 100: 0.11314265679053177, 110: 0.11329206003687027, 120: 0.10781147489097061, 130: 0.10684058938260795, 140: 0.10187670654876753, 150: 0.10257089349560314, 160: 0.10149307922949549, 170: 0.10227859287716157, 180: 0.09949292712662498, 190: 0.09915733915221576, 200: 0.09767557133261748, 210: 0.10025889809825028, 220: 0.0968543502997885, 230: 0.09751825790618274, 240: 0.09691914363467552, 250: 0.09538872046689369, 260: 0.09553848905374585, 270: 0.0976084423526648, 280: 0.09375045997577294, 290: 0.09382302715873286, 300: 0.09396897420199024, 310: 0.09671693504330235}",280,0.09375045997577294,0.1,0.01,0.1
concrete,dropoutFCN,32,0.0001,0.0005,"{0: 0.7107020764322696, 10: 0.21336922152949453, 20: 0.16322295195445782, 30: 0.14115134278382538, 40: 0.13138371699742274, 50: 0.12223329686724252, 60: 0.1158900525382908, 70: 0.11089368672357254, 80: 0.10931481915683723, 90: 0.10678788300353073, 100: 0.10608593674386244, 110: 0.10364597128945108, 120: 0.10133628869273666, 130: 0.1007603485738557, 140: 0.09860340907530969, 150: 0.0983934630787844, 160: 0.09756215540880815, 170: 0.10174628500096328, 180: 0.09822851381469064, 190: 0.09831360707986006}",160,0.09756215540880815,0.1,0.01,0.05
concrete,dropoutFCN,32,0.0001,0.0005,"{0: 0.7009008557216732, 10: 0.20470372725528696, 20: 0.1559748993416407, 30: 0.13444337183635763, 40: 0.1206580245445282, 50: 0.11404981523485139, 60: 0.1109081190824784, 70: 0.10702954392778327, 80: 0.10485205859468985, 90: 0.10122918150570115, 100: 0.10126856546708592, 110: 0.10246342146927483, 120: 0.10222264748157524}",90,0.10122918150570115,0.1,0.01,0.01
concrete,dropoutFCN,32,0.0001,0.0005,"{0: 0.6827764441327351, 10: 0.20577804707227507, 20: 0.15474694998636124, 30: 0.13562590467890195, 40: 0.12439537433082759, 50: 0.11580042344478769, 60: 0.11086678483431878, 70: 0.10832366875201431, 80: 0.10584438558318221, 90: 0.10464494666781246, 100: 0.1028678257077112, 110: 0.10265783362397587, 120: 0.10342694896380007, 130: 0.10200866549345337, 140: 0.10009778338012953, 150: 0.1000971924244713, 160: 0.09970747400115121, 170: 0.10043692837387368, 180: 0.09801892265680205, 190: 0.10028009149578385, 200: 0.10107335147511898, 210: 0.10554350971154103}",180,0.09801892265680205,0.1,0.01,0.005
concrete,dropoutFCN,32,0.0001,0.0005,"{0: 0.676280262251739, 10: 0.2051306042982663, 20: 0.15571282327692773, 30: 0.13705961225368496, 40: 0.12654459572042678, 50: 0.11870008267697665, 60: 0.11464896419229424, 70: 0.11283309693602432, 80: 0.10996168933639469, 90: 0.10982986348407882, 100: 0.10925716894738657, 110: 0.10863064668495799, 120: 0.10839983512946878, 130: 0.10845339150753777, 140: 0.10787962070675203, 150: 0.10879572789997675, 160: 0.10656983569908698, 170: 0.10608171550654762, 180: 0.1064887068964161, 190: 0.10734548034439659, 200: 0.10636564092912985}",170,0.10608171550654762,0.1,0.01,0.001
concrete,dropoutFCN,32,0.0001,0.001,"{0: 0.5507386007435835, 10: 0.1963123209304221, 20: 0.16345630779278691, 30: 0.14209489041249662, 40: 0.1314682456500779, 50: 0.1236728832930745, 60: 0.11973600387771484, 70: 0.11623760283411828, 80: 0.1143951177468189, 90: 0.11262282606547443, 100: 0.10724939699348748, 110: 0.11026479675760115, 120: 0.10711887169119964, 130: 0.1083282599481427, 140: 0.10326567993140714, 150: 0.10383688668305355, 160: 0.10212306923035419, 170: 0.10126152491291981, 180: 0.10541722911171178, 190: 0.10322856895967007, 200: 0.1018112084264843}",170,0.10126152491291981,0.1,0.01,0.2
concrete,dropoutFCN,32,0.0001,0.001,"{0: 0.5237346273413959, 10: 0.18120457243606594, 20: 0.14987479494596884, 30: 0.13189317842434709, 40: 0.12013746396467055, 50: 0.11776537114042576, 60: 0.11258041574895734, 70: 0.11098433940506872, 80: 0.10903015952047954, 90: 0.104029230909685, 100: 0.10281859484924512, 110: 0.10412954995324677, 120: 0.0995959337042467, 130: 0.1009745464754805, 140: 0.09633570262731356, 150: 0.09726854109501978, 160: 0.09799017956624934, 170: 0.0982625571985819}",140,0.09633570262731356,0.1,0.01,0.1
concrete,dropoutFCN,32,0.0001,0.001,"{0: 0.5337793603057077, 10: 0.17951767893605822, 20: 0.14898588718349462, 30: 0.1280047669544188, 40: 0.11789074217511035, 50: 0.1172113533346127, 60: 0.10895063775958438, 70: 0.11005568457402548, 80: 0.10658379750049565, 90: 0.10436997647802651, 100: 0.10293011442840054, 110: 0.10303270026490763, 120: 0.10356415041633563, 130: 0.1013997930455994, 140: 0.1014526534714603, 150: 0.10269542663069738, 160: 0.10000087648886205, 170: 0.0986190594324714, 180: 0.09681686770465536, 190: 0.10062851529324761, 200: 0.0973410526249511, 210: 0.09986146714805412}",180,0.09681686770465536,0.1,0.01,0.05
concrete,dropoutFCN,32,0.0001,0.001,"{0: 0.48904590135270903, 10: 0.16531176410422707, 20: 0.13216378273385943, 30: 0.11851695281639969, 40: 0.11276136340998824, 50: 0.1080948774744285, 60: 0.10656858954779633, 70: 0.10754138819176735, 80: 0.10321099212077904, 90: 0.10273694459929875, 100: 0.10789866819355502, 110: 0.10234964756935241, 120: 0.09960584618762432, 130: 0.10205520335499525, 140: 0.10816472169378026, 150: 0.10152798963623935}",120,0.09960584618762432,0.1,0.01,0.01
concrete,dropoutFCN,32,0.0001,0.001,"{0: 0.4890234703856403, 10: 0.17320911877898051, 20: 0.13760740328659987, 30: 0.1230997878620339, 40: 0.12113219987156376, 50: 0.12134238352265321, 60: 0.11678551032081941, 70: 0.11882924349498106, 80: 0.11441347599687593, 90: 0.11421214567650184, 100: 0.11287645476298229, 110: 0.11158191270217661, 120: 0.11340336204916017, 130: 0.11166624533302989, 140: 0.11513252902619062}",110,0.11158191270217661,0.1,0.01,0.005
concrete,dropoutFCN,32,0.0001,0.001,"{0: 0.5242279066007752, 10: 0.16420935875241263, 20: 0.13481615176717615, 30: 0.12591485129574317, 40: 0.12094607028336501, 50: 0.11805436453457814, 60: 0.11859790568341173, 70: 0.11420101093837312, 80: 0.11104837059831496, 90: 0.11207995092982244, 100: 0.10935563397794104, 110: 0.10951682354949266, 120: 0.11191938651110274, 130: 0.11299978499660779}",100,0.10935563397794104,0.1,0.01,0.001
concrete,dropoutFCN,32,0.0001,0.002,"{0: 0.42988413454511826, 10: 0.16644299023035097, 20: 0.14427049956934943, 30: 0.12639945375967804, 40: 0.12201182086711801, 50: 0.1146659384856203, 60: 0.11888785256052228, 70: 0.11387435892865291, 80: 0.10985343282476498, 90: 0.1056531065714553, 100: 0.10670630923131616, 110: 0.10468803024399924, 120: 0.101042324171098, 130: 0.10476575501389795, 140: 0.10263787117816303, 150: 0.09738403434064638, 160: 0.10111428682121715, 170: 0.09980582564557075, 180: 0.09888831731727718}",150,0.09738403434064638,0.1,0.01,0.2
concrete,dropoutFCN,32,0.0001,0.002,"{0: 0.3931159373573788, 10: 0.15555859369035127, 20: 0.12411229211702138, 30: 0.11547279751816239, 40: 0.11759189307194062, 50: 0.11219348473255493, 60: 0.10492171362560059, 70: 0.10403396410747803, 80: 0.10860212838889845, 90: 0.11121571530534971, 100: 0.1017073830968789, 110: 0.10181627670130902, 120: 0.10516693691776051, 130: 0.10248060110733408}",100,0.1017073830968789,0.1,0.01,0.1
concrete,dropoutFCN,32,0.0001,0.002,"{0: 0.3994881758917638, 10: 0.1461794165484965, 20: 0.12335396128743117, 30: 0.11453109024016839, 40: 0.1136900469746113, 50: 0.10699956172954701, 60: 0.11039288035897483, 70: 0.10693698575476521, 80: 0.11185936024182608, 90: 0.10165027684312525, 100: 0.1059521299977811, 110: 0.10210112447176523, 120: 0.10322837542582797}",90,0.10165027684312525,0.1,0.01,0.05
concrete,dropoutFCN,32,0.0001,0.002,"{0: 0.41683443106220813, 10: 0.1416223132140048, 20: 0.12343922910087102, 30: 0.12088754825767596, 40: 0.11103128260572862, 50: 0.11298023242115182, 60: 0.11405751743584495, 70: 0.11162178047876929}",40,0.11103128260572862,0.1,0.01,0.01
concrete,dropoutFCN,32,0.0001,0.002,"{0: 0.40248849503811607, 10: 0.1372945096862488, 20: 0.1194272962482116, 30: 0.11587956700311577, 40: 0.11966854347429581, 50: 0.11077593661324345, 60: 0.1122721686020923, 70: 0.1101103688194709, 80: 0.11302466124998294, 90: 0.10899635868674282, 100: 0.11189965962105364, 110: 0.1136442783922067, 120: 0.11539321603527442}",90,0.10899635868674282,0.1,0.01,0.005
concrete,dropoutFCN,32,0.0001,0.002,"{0: 0.425870653782742, 10: 0.14938614133340689, 20: 0.13057803231187534, 30: 0.12280821187098159, 40: 0.12416466827144337, 50: 0.12952607934546972, 60: 0.12445122723276977}",30,0.12280821187098159,0.1,0.01,0.001
concrete,dropoutFCN,32,1e-05,0.0001,"{0: 0.9434208110157684, 10: 0.48709618231101287, 20: 0.3657684267481344, 30: 0.3106957334103799, 40: 0.2739633094400983, 50: 0.2455482025892754, 60: 0.22593736815082527, 70: 0.21313663001269303, 80: 0.20483950115679725, 90: 0.1967520428297481, 100: 0.19010613995310294, 110: 0.18351105652501737, 120: 0.17840441974638482, 130: 0.17547422150330289, 140: 0.17205987460905767, 150: 0.1675185440347447, 160: 0.1649134072623954, 170: 0.16230464222029414, 180: 0.15846362830904442, 190: 0.15500575094534041, 200: 0.15233664340142047, 210: 0.1508680806539716, 220: 0.148436604974143, 230: 0.14722426269817426, 240: 0.1454373537692333, 250: 0.14261167766690167, 260: 0.14000884258760316, 270: 0.13943819881388636, 280: 0.1394009674749635, 290: 0.13534614008770812, 300: 0.1352075306015022, 310: 0.13370444279001625, 320: 0.13359088983852072, 330: 0.13153479560912318, 340: 0.1302438330410237, 350: 0.12838824285548084, 360: 0.1279375409236328, 370: 0.1267146168119451, 380: 0.1265950654810522, 390: 0.12606956965918464, 400: 0.1257666835560018, 410: 0.12439333353332035, 420: 0.12430890425852467, 430: 0.12356263096530351, 440: 0.12267833229002914, 450: 0.12232775231004203, 460: 0.12178201472966299, 470: 0.1202530073434533, 480: 0.12083780015188945, 490: 0.12014104340971618, 500: 0.11892124771554206, 510: 0.11941802484717794, 520: 0.11825124046336433, 530: 0.11790817087148615, 540: 0.11719410203689129, 550: 0.11761802901097429, 560: 0.11741346158114788, 570: 0.11731673933251734}",540,0.11719410203689129,0.1,0.01,0.2
concrete,dropoutFCN,32,1e-05,0.0001,"{0: 0.9922952365496382, 10: 0.5154406652420604, 20: 0.36878972069111826, 30: 0.30651572818513373, 40: 0.26334945441558905, 50: 0.23294497742566106, 60: 0.21289289328405264, 70: 0.20027108290969928, 80: 0.1908242257493386, 90: 0.18419463389089877, 100: 0.17799390834752754, 110: 0.17402501692264413, 120: 0.16984828230580046, 130: 0.16527510987384092, 140: 0.16192275272879172, 150: 0.15820825882856263, 160: 0.15516868463585928, 170: 0.15263320851781942, 180: 0.1499310243704631, 190: 0.14695595363709807, 200: 0.14466938766621257, 210: 0.1432154323558233, 220: 0.14046752781854327, 230: 0.13987074225171792, 240: 0.13695367210246595, 250: 0.13684370073052748, 260: 0.13278212088295818, 270: 0.13225044962880528, 280: 0.12984803384584315, 290: 0.13058357998288217, 300: 0.12831173562631287, 310: 0.12560148438754032, 320: 0.12501081857122673, 330: 0.12332735813939386, 340: 0.1229759523718558, 350: 0.12227577304166067, 360: 0.1212923867545653, 370: 0.12047448135912417, 380: 0.11966374974282071, 390: 0.11807065588473745, 400: 0.11848869092949699, 410: 0.11662292379651876, 420: 0.11725102883011258, 430: 0.11587375359850642, 440: 0.1149623878395456, 450: 0.1147269403594164, 460: 0.11456216277723963, 470: 0.11410971397554662, 480: 0.11298835291313139, 490: 0.1131763576521247, 500: 0.1110339030325523, 510: 0.11111271710971374, 520: 0.11075349166356055, 530: 0.11120415995292592, 540: 0.11025376029907337, 550: 0.11095575859744022, 560: 0.10980987322298534, 570: 0.10940272692973667, 580: 0.11097973660179757, 590: 0.1091068861108199, 600: 0.10930164025401241, 610: 0.1079653458654638, 620: 0.10909923088992206, 630: 0.10766626258806793, 640: 0.10749881641464329, 650: 0.1062115457940899, 660: 0.10598685113125303, 670: 0.10643714146139285, 680: 0.10729553851269391, 690: 0.10742284448463565}",660,0.10598685113125303,0.1,0.01,0.1
concrete,dropoutFCN,32,1e-05,0.0001,"{0: 0.9715424132690724, 10: 0.46505704083093785, 20: 0.3419062771963703, 30: 0.2815483530919726, 40: 0.24180635448636076, 50: 0.2164746534738467, 60: 0.20009541630172234, 70: 0.1880878052883076, 80: 0.18071474311445174, 90: 0.1743010508796064, 100: 0.16751848554928392, 110: 0.16165683914226509, 120: 0.15643406737207574, 130: 0.15131750898335217, 140: 0.14789776792294082, 150: 0.14437321197134162, 160: 0.1418562607468276, 170: 0.1373122351038967, 180: 0.13626983028866146, 190: 0.13301334423670394, 200: 0.13114414199316668, 210: 0.13004526137887154, 220: 0.12667068090843253, 230: 0.12408426980083946, 240: 0.12356663473011031, 250: 0.12151181849615933, 260: 0.1199773975755229, 270: 0.11809281996193191, 280: 0.1177497301684625, 290: 0.11554398150595575, 300: 0.11548216239339278, 310: 0.11465131057097307, 320: 0.11302863831712376, 330: 0.11348041886737721, 340: 0.11067936529390958, 350: 0.10944863599969427, 360: 0.10907884413226392, 370: 0.11087054262619193, 380: 0.10882111629445027, 390: 0.10956066852023842, 400: 0.10851160130051225, 410: 0.1084062609677833, 420: 0.1087477378847858, 430: 0.10724931751776427, 440: 0.10767698745833157, 450: 0.10479130039942856, 460: 0.10624175477555435, 470: 0.10529863020775501, 480: 0.10569624798591279}",450,0.10479130039942856,0.1,0.01,0.05
concrete,dropoutFCN,32,1e-05,0.0001,"{0: 0.9343522373500438, 10: 0.45261002961168967, 20: 0.3312136733113442, 30: 0.26957186771602165, 40: 0.23121528791647794, 50: 0.20738045446833503, 60: 0.19165124628216534, 70: 0.17981743060575534, 80: 0.1703460668049428, 90: 0.16312237473203356, 100: 0.15674230611024745, 110: 0.15086195479034936, 120: 0.14599905976886582, 130: 0.14221059410024026, 140: 0.1382649221921619, 150: 0.13505404597507611, 160: 0.13321975409114528, 170: 0.13061890989145525, 180: 0.12796260449625083, 190: 0.12602697382029215, 200: 0.12433976520791772, 210: 0.12260935035624376, 220: 0.12095102691495652, 230: 0.11964004868907194, 240: 0.1190420381212435, 250: 0.1178574909474384, 260: 0.11608322943192517, 270: 0.11439742681277806, 280: 0.11412089620319699, 290: 0.11329366959042224, 300: 0.11267093450111851, 310: 0.11181106199195825, 320: 0.10949594899235571, 330: 0.1105024831716442, 340: 0.11046212788720818, 350: 0.10894532333219704, 360: 0.1095716688375306, 370: 0.10843390985852534, 380: 0.10828015282623475, 390: 0.10763277035823308, 400: 0.10787600606104467, 410: 0.10653562674936283, 420: 0.10635057435907198, 430: 0.1057317103612934, 440: 0.10535789547459182, 450: 0.10467276325142347, 460: 0.1060233283624141, 470: 0.1057641899767996, 480: 0.10392194096087111, 490: 0.10476352244846839, 500: 0.10327679363656886, 510: 0.10431623536762999, 520: 0.10331043055331982, 530: 0.10303327810446024, 540: 0.10372314034502042, 550: 0.10415041649924746, 560: 0.10330828093658617}",530,0.10303327810446024,0.1,0.01,0.01
concrete,dropoutFCN,32,1e-05,0.0001,"{0: 0.9273513311486903, 10: 0.4530087525996119, 20: 0.3355704967643452, 30: 0.2697804870860099, 40: 0.23009704925015248, 50: 0.20659528107662511, 60: 0.19213589379843393, 70: 0.1813022063616374, 80: 0.1729481514571379, 90: 0.16575653554198483, 100: 0.15967678750896136, 110: 0.1540692914433155, 120: 0.14943272349542364, 130: 0.14539614842156964, 140: 0.1416576837706438, 150: 0.1385580056532942, 160: 0.13526619042234783, 170: 0.13330479082603944, 180: 0.13091196899640278, 190: 0.12826269387703249, 200: 0.1267017572925475, 210: 0.12441252552088507, 220: 0.1235810271335018, 230: 0.12214148754935439, 240: 0.12065545195255205, 250: 0.12011905104015504, 260: 0.11906439941478322, 270: 0.11836234796613299, 280: 0.11763228370401257, 290: 0.11650875708921168, 300: 0.11609694941934401, 310: 0.1158723675175477, 320: 0.11543579772582824, 330: 0.11558600480005377, 340: 0.11514545495201285, 350: 0.11489013266630596, 360: 0.11438445294715041, 370: 0.1145747378002095, 380: 0.11329286148784035, 390: 0.11376960733909565, 400: 0.11297348092175903, 410: 0.11312899384413573, 420: 0.11267032072328016, 430: 0.11211129390039183, 440: 0.11212444224212448, 450: 0.1129949029158396, 460: 0.1129564606251315}",430,0.11211129390039183,0.1,0.01,0.005
concrete,dropoutFCN,32,1e-05,0.0001,"{0: 0.9761848624194893, 10: 0.46972202693059195, 20: 0.3432959846214991, 30: 0.275644697767668, 40: 0.2320522400207063, 50: 0.2050945871795272, 60: 0.18772554296281546, 70: 0.17516851140793305, 80: 0.1659029033979441, 90: 0.15862068328761386, 100: 0.15240919428903005, 110: 0.14720612186142806, 120: 0.14309385173237507, 130: 0.13934497448663224, 140: 0.13584836811091577, 150: 0.132977308870265, 160: 0.13044918873996444, 170: 0.12799845261787013, 180: 0.12589029824703998, 190: 0.12381950465616746, 200: 0.12201982597994612, 210: 0.12052696312621444, 220: 0.11905584366798003, 230: 0.11757695864514343, 240: 0.11660918764797565, 250: 0.11520012144412342, 260: 0.11438180557282122, 270: 0.11379097580686708, 280: 0.1127979473324447, 290: 0.11222214167746278, 300: 0.111703709514188, 310: 0.11116156571629372, 320: 0.11089115807920122, 330: 0.11057574706646309, 340: 0.11023757525804367, 350: 0.10981486938136623, 360: 0.10912750094448934, 370: 0.10932455813981652, 380: 0.10880858426066964, 390: 0.1092310181292874, 400: 0.10853699502093939, 410: 0.10802458515763833, 420: 0.10792164995107204, 430: 0.10761949118067071, 440: 0.1073720086739844, 450: 0.1077358696894708, 460: 0.10724931592778394, 470: 0.10707129224917333, 480: 0.10697376258778664, 490: 0.10661037108528441, 500: 0.10693437087377815, 510: 0.106904813253678, 520: 0.10649420673711844, 530: 0.10634660795201593, 540: 0.10652464504866514, 550: 0.10634020407735774, 560: 0.10670155923094957, 570: 0.10642236262290061, 580: 0.10654671468140786}",550,0.10634020407735774,0.1,0.01,0.001
concrete,dropoutFCN,32,1e-05,0.0005,"{0: 0.7563713903825369, 10: 0.2489493777568219, 20: 0.19000975539397064, 30: 0.16890169121561804, 40: 0.15712560641362502, 50: 0.14385871428817357, 60: 0.13772189820156394, 70: 0.1301418980069497, 80: 0.12892487064180158, 90: 0.12280542871243676, 100: 0.12074950326726955, 110: 0.11802539662892345, 120: 0.11837780332948573, 130: 0.11378706777224652, 140: 0.11270999410370722, 150: 0.1096029532068056, 160: 0.10780566376718607, 170: 0.11254279532766484, 180: 0.10726500620912686, 190: 0.10665912992481338, 200: 0.10493476206633619, 210: 0.10635779300510488, 220: 0.10477843354509128, 230: 0.10527220472330001, 240: 0.10283875357913072, 250: 0.10365955953895827, 260: 0.1008679519092605, 270: 0.10346976940891121, 280: 0.10548196377011025, 290: 0.10221201932863096}",260,0.1008679519092605,0.1,0.01,0.2
concrete,dropoutFCN,32,1e-05,0.0005,"{0: 0.7298110746500321, 10: 0.23146629967737092, 20: 0.17363917038197088, 30: 0.15342080240239062, 40: 0.1411398173646185, 50: 0.13069472192462425, 60: 0.1219612968910736, 70: 0.11964378143317242, 80: 0.11454520899628987, 90: 0.11484549298320798, 100: 0.10784577860486613, 110: 0.10952759576048661, 120: 0.10866267487428756, 130: 0.10620011541653765, 140: 0.10427626433279102, 150: 0.10292409786017002, 160: 0.1036336459867045, 170: 0.10144190061195904, 180: 0.10299412348340023, 190: 0.1004394222598823, 200: 0.10049991643096197, 210: 0.09702392224054467, 220: 0.09886264624215899, 230: 0.09750655766034118, 240: 0.10013201827303138}",210,0.09702392224054467,0.1,0.01,0.1
concrete,dropoutFCN,32,1e-05,0.0005,"{0: 0.7343539652120424, 10: 0.21411196944256314, 20: 0.16569363694001987, 30: 0.14440966186605816, 40: 0.13265611382023726, 50: 0.12700586973089956, 60: 0.1210611347067779, 70: 0.1151804515655536, 80: 0.11420311260464582, 90: 0.11235954899519836, 100: 0.10876635837719031, 110: 0.10670254938364998, 120: 0.10661016540826247, 130: 0.10636029072249058, 140: 0.10457965988594231, 150: 0.10309743637966609, 160: 0.10240717923996936, 170: 0.10254139161746498, 180: 0.10391980956510227, 190: 0.10062974297231597, 200: 0.09962205380256407, 210: 0.10132543989148127, 220: 0.10075707080760932, 230: 0.0994041315606036, 240: 0.09884384030524397, 250: 0.10004148688219647, 260: 0.09929965698308224, 270: 0.10084001844805299}",240,0.09884384030524397,0.1,0.01,0.05
concrete,dropoutFCN,32,1e-05,0.0005,"{0: 0.719263426268973, 10: 0.20851364899214692, 20: 0.15294620628874125, 30: 0.13344170742898803, 40: 0.12449186493011422, 50: 0.12007576987072992, 60: 0.11723779637352767, 70: 0.11478002891240466, 80: 0.11071409232907566, 90: 0.11085822493584066, 100: 0.10985388287491075, 110: 0.10748572037884992, 120: 0.10594063410768113, 130: 0.10746557168472566, 140: 0.1058459544482215, 150: 0.10981546362830327, 160: 0.10624725397761584, 170: 0.10554802018064242, 180: 0.10635491004988759, 190: 0.10476475295254854, 200: 0.1056847459888423, 210: 0.10698835786500863, 220: 0.10541399487310088}",190,0.10476475295254854,0.1,0.01,0.01
concrete,dropoutFCN,32,1e-05,0.0005,"{0: 0.6938683775021073, 10: 0.20877434189968963, 20: 0.16025785187637903, 30: 0.13915065598384327, 40: 0.1279288221658906, 50: 0.12116328903258464, 60: 0.11756869857361249, 70: 0.11459355385801964, 80: 0.11078566429909409, 90: 0.11278168391188537, 100: 0.10985634780767686, 110: 0.10874053809813829, 120: 0.10732785887583947, 130: 0.10819518558029843, 140: 0.10739350324803627, 150: 0.10622508973312747, 160: 0.10959128742185417, 170: 0.10831384494047165, 180: 0.10790375787042032}",150,0.10622508973312747,0.1,0.01,0.005
concrete,dropoutFCN,32,1e-05,0.0005,"{0: 0.7234071859763624, 10: 0.21360047966484133, 20: 0.16544092943447217, 30: 0.14534632321372795, 40: 0.13400168661845893, 50: 0.1269454157618697, 60: 0.12197050351974419, 70: 0.11940785723136076, 80: 0.11607295897631668, 90: 0.11635251275870154, 100: 0.11661533354644589, 110: 0.11366093035713005, 120: 0.11390315906925944, 130: 0.113960093359593, 140: 0.11236094806819648, 150: 0.1122669650910798, 160: 0.11148123277192942, 170: 0.11243324894185473, 180: 0.11370466904614207, 190: 0.11187103775538457}",160,0.11148123277192942,0.1,0.01,0.001
concrete,dropoutFCN,32,1e-05,0.001,"{0: 0.5535677732724397, 10: 0.19745166309040207, 20: 0.15341181189185235, 30: 0.13661936721434792, 40: 0.1259898385887928, 50: 0.12376545246087527, 60: 0.11740097867268504, 70: 0.11091131391299713, 80: 0.10959473654308412, 90: 0.10721774661003529, 100: 0.10767734793540026, 110: 0.1032695789485399, 120: 0.10394033166594356, 130: 0.10452833247246429, 140: 0.10028886533767008, 150: 0.10064122995324516, 160: 0.09876028141806678, 170: 0.0992906491108189, 180: 0.09737822357628492, 190: 0.10111505654268105, 200: 0.1002706760105299, 210: 0.09777085052548473}",180,0.09737822357628492,0.1,0.01,0.2
concrete,dropoutFCN,32,1e-05,0.001,"{0: 0.5055156977887693, 10: 0.17783620681748596, 20: 0.14183804171290648, 30: 0.1249414769182889, 40: 0.11690871045698262, 50: 0.10933335851429131, 60: 0.10510412358050422, 70: 0.10378189941764937, 80: 0.10370922508697022, 90: 0.10398528919582092, 100: 0.09946165190920157, 110: 0.09959253989308742, 120: 0.09849608189058101, 130: 0.09527084775560887, 140: 0.09839872231912102, 150: 0.09696514540356745, 160: 0.09515427740873095, 170: 0.09569556517472817, 180: 0.09378799998200742, 190: 0.0947182861895074, 200: 0.09704517131909475, 210: 0.0944490091339117}",180,0.09378799998200742,0.1,0.01,0.1
concrete,dropoutFCN,32,1e-05,0.001,"{0: 0.5055229907602359, 10: 0.17485381737406486, 20: 0.13875777621513283, 30: 0.12359309096216979, 40: 0.12303902041599298, 50: 0.11726570475315132, 60: 0.11120911065447754, 70: 0.10942733724218164, 80: 0.10550570352268678, 90: 0.1084444850286729, 100: 0.10724237080187111, 110: 0.10341755395002131, 120: 0.10263362728483308, 130: 0.10398224880300733, 140: 0.10220568583208547, 150: 0.10375734325848018, 160: 0.09948423612213034, 170: 0.10156986679488081, 180: 0.10038673739398488, 190: 0.09924470029716262, 200: 0.10061338420067993, 210: 0.09763736250263096, 220: 0.09767634761037206, 230: 0.10054263669317376, 240: 0.0983610940798401}",210,0.09763736250263096,0.1,0.01,0.05
concrete,dropoutFCN,32,1e-05,0.001,"{0: 0.5018108453267341, 10: 0.1665431929311969, 20: 0.13396476426119835, 30: 0.12391678952470872, 40: 0.11281728570963515, 50: 0.1113055725693042, 60: 0.11020678213916593, 70: 0.10682816225762774, 80: 0.10735113955076017, 90: 0.10751773708090406, 100: 0.10944246567170364}",70,0.10682816225762774,0.1,0.01,0.01
concrete,dropoutFCN,32,1e-05,0.001,"{0: 0.49464692138515404, 10: 0.16162437007866431, 20: 0.13048836119382118, 30: 0.12015245588401335, 40: 0.11719749870582732, 50: 0.11334318265029766, 60: 0.10999531535936984, 70: 0.11169857872257674, 80: 0.10822095683422725, 90: 0.11023357854382372, 100: 0.10568321112053247, 110: 0.11160291887244315, 120: 0.10651636105746647, 130: 0.1046793519347873, 140: 0.10254991801887894, 150: 0.10652456186425438, 160: 0.10871212892352719, 170: 0.10541584398991208}",140,0.10254991801887894,0.1,0.01,0.005
concrete,dropoutFCN,32,1e-05,0.001,"{0: 0.4910853299337763, 10: 0.159984833594943, 20: 0.12756223480193066, 30: 0.11823662444704101, 40: 0.11460988901266438, 50: 0.11390733087632228, 60: 0.11349129752954638, 70: 0.11380998874318574, 80: 0.11219877437786843, 90: 0.11449213390560038, 100: 0.11292241703958443, 110: 0.11465512864109946}",80,0.11219877437786843,0.1,0.01,0.001
concrete,dropoutFCN,32,1e-05,0.002,"{0: 0.4427253438786763, 10: 0.17223354860578566, 20: 0.13077627204584352, 30: 0.1185550894174678, 40: 0.11166324300131178, 50: 0.11218698467103887, 60: 0.11303579781774409, 70: 0.10673051488857663, 80: 0.10821346333180193, 90: 0.10768480282676104, 100: 0.10782997708142641}",70,0.10673051488857663,0.1,0.01,0.2
concrete,dropoutFCN,32,1e-05,0.002,"{0: 0.4233837493390659, 10: 0.1563237055533697, 20: 0.13137648396381207, 30: 0.12444809978322595, 40: 0.11399486007283155, 50: 0.10972416405678236, 60: 0.11188099100436885, 70: 0.10814670603075294, 80: 0.10152206097511303, 90: 0.09866539555489576, 100: 0.09851197974865118, 110: 0.0984556168754477, 120: 0.10094210559076851, 130: 0.0952114743138309, 140: 0.09580446185305969, 150: 0.10036284662419703, 160: 0.09959419989224635}",130,0.0952114743138309,0.1,0.01,0.1
concrete,dropoutFCN,32,1e-05,0.002,"{0: 0.4236331225031848, 10: 0.14632010239796647, 20: 0.1212654521789867, 30: 0.11640800955769359, 40: 0.10807683330400952, 50: 0.1073909102751428, 60: 0.10190261773236445, 70: 0.10692833966745582, 80: 0.10031595889206342, 90: 0.10272671034602285, 100: 0.10188738852034476, 110: 0.09914852135703904, 120: 0.09845165617631835, 130: 0.10054600176830272, 140: 0.09422822722626874, 150: 0.09294635489362747, 160: 0.09802003084558715, 170: 0.0939720269444303, 180: 0.09559791132058819}",150,0.09294635489362747,0.1,0.01,0.05
concrete,dropoutFCN,32,1e-05,0.002,"{0: 0.4075138374037507, 10: 0.1493689888518604, 20: 0.11945509683020021, 30: 0.12022399303879856, 40: 0.11218950487784793, 50: 0.10670971306716832, 60: 0.10854047257307275, 70: 0.11717975476557072, 80: 0.11104398250497234}",50,0.10670971306716832,0.1,0.01,0.01
concrete,dropoutFCN,32,1e-05,0.002,"{0: 0.4242890532007503, 10: 0.14698603447000802, 20: 0.12596603310755775, 30: 0.12461733288746339, 40: 0.11757082229297049, 50: 0.12142879581925543, 60: 0.12017895945325133, 70: 0.12191668010240383}",40,0.11757082229297049,0.1,0.01,0.005
concrete,dropoutFCN,32,1e-05,0.002,"{0: 0.4153110337759598, 10: 0.14311267497715954, 20: 0.12463355013113593, 30: 0.12286777547770578, 40: 0.12094865905141619, 50: 0.11277140549808765, 60: 0.11447109627783165, 70: 0.1196407949641424, 80: 0.1109604909841497, 90: 0.11247014056194604, 100: 0.11078132710948929, 110: 0.10881425331173918, 120: 0.10899235541654884, 130: 0.11020959215898118, 140: 0.10821994802320523, 150: 0.10767941775817784, 160: 0.10979698953609048, 170: 0.11034322329315702, 180: 0.1090084104867568}",150,0.10767941775817784,0.1,0.01,0.001
concrete,dropoutFCN,32,1e-09,0.0001,"{0: 0.9445608310257164, 10: 0.5203592698171416, 20: 0.38403346976371316, 30: 0.32737492209637686, 40: 0.2873277827899102, 50: 0.25836314901577395, 60: 0.23630210525213746, 70: 0.2233162560327707, 80: 0.21209887403683672, 90: 0.2033722989783187, 100: 0.1962641740421278, 110: 0.19144626857750036, 120: 0.18671837532566551, 130: 0.18330822103468913, 140: 0.17887454053096566, 150: 0.17420238382437012, 160: 0.17203969257931223, 170: 0.1676139453647098, 180: 0.16358687093554386, 190: 0.16229472303106357, 200: 0.15928418509920966, 210: 0.1559395883316608, 220: 0.1532586133879859, 230: 0.151705858384184, 240: 0.14926631901113088, 250: 0.14660110412045751, 260: 0.14447640728428465, 270: 0.14259757616721697, 280: 0.1402519968594786, 290: 0.138736489468694, 300: 0.13770683421407112, 310: 0.1353300046839277, 320: 0.13525263666313664, 330: 0.13262644359669856, 340: 0.13311737777928206, 350: 0.13043368863061633, 360: 0.1304076810708684, 370: 0.12900314902353974, 380: 0.12730065721597217, 390: 0.12737667568540095, 400: 0.12464462166714034, 410: 0.12441556119921027, 420: 0.12284933420876971, 430: 0.12285430103485354, 440: 0.1232358644902706, 450: 0.12135644459792709, 460: 0.12107121000433971, 470: 0.12166627638443965, 480: 0.11998330815183791, 490: 0.11815875080212435, 500: 0.11832358860266887, 510: 0.11737086430225033, 520: 0.11765137705255331, 530: 0.11672818326313497, 540: 0.11674952741109346, 550: 0.11561329847318721, 560: 0.11504788955339043, 570: 0.1146078611783689, 580: 0.11352162215151088, 590: 0.1140202724157178, 600: 0.11292021776800762, 610: 0.113236253356612, 620: 0.11392395215482072, 630: 0.11236058343617632, 640: 0.11147760454650642, 650: 0.11088238196424087, 660: 0.11188923970812, 670: 0.11079478710757655, 680: 0.10963424082671988, 690: 0.11066012406725842, 700: 0.10999734422628385, 710: 0.1103232059012121}",680,0.10963424082671988,0.1,0.01,0.2
concrete,dropoutFCN,32,1e-09,0.0001,"{0: 0.9581567176324036, 10: 0.48678221111242986, 20: 0.35307512203037345, 30: 0.2923918593962899, 40: 0.2511789762201745, 50: 0.22632492254122663, 60: 0.208138393798715, 70: 0.19809558018986947, 80: 0.18841418596291576, 90: 0.18143480137926687, 100: 0.17485856000749783, 110: 0.1715579791028942, 120: 0.16702352133465975, 130: 0.16083332146372692, 140: 0.15678908812739809, 150: 0.15377730585408933, 160: 0.15092309905239504, 170: 0.1492947507241613, 180: 0.14634607347244696, 190: 0.14291552731661294, 200: 0.1411176020272643, 210: 0.13945540759974023, 220: 0.13736620847881942, 230: 0.13693966444892874, 240: 0.1358315677531146, 250: 0.13394985165174417, 260: 0.1326697166169342, 270: 0.1301163559878921, 280: 0.12951174329869938, 290: 0.12679482526675206, 300: 0.12634282132309188, 310: 0.12552520903310596, 320: 0.12444537159377614, 330: 0.12252105675191678, 340: 0.1231195451451379, 350: 0.12152775079727789, 360: 0.12153665183124415, 370: 0.11914003555345606, 380: 0.11896361080171088, 390: 0.11736165886938968, 400: 0.11706261999679335, 410: 0.11695053757349386, 420: 0.11572951782547099, 430: 0.11497582025776416, 440: 0.1142632514616118, 450: 0.11461296586585504, 460: 0.11300453162521498, 470: 0.11273814180286301, 480: 0.11257149372136954, 490: 0.11276375059971788, 500: 0.11149372158958926, 510: 0.11176944282040804, 520: 0.11061225790054112, 530: 0.11008074968590705, 540: 0.1086722137814791, 550: 0.10928812461996731, 560: 0.10824446404323873, 570: 0.10845359548628992, 580: 0.10681818104680167, 590: 0.10852558195139421, 600: 0.10793489629461954, 610: 0.10762399120224642}",580,0.10681818104680167,0.1,0.01,0.1
concrete,dropoutFCN,32,1e-09,0.0001,"{0: 0.9287227561865044, 10: 0.4574299138409952, 20: 0.3363189294877003, 30: 0.2792427700405551, 40: 0.23989310971065442, 50: 0.21527761699278, 60: 0.19970330440119205, 70: 0.18876803855046198, 80: 0.1793955646625996, 90: 0.17328129379377483, 100: 0.16765736927764996, 110: 0.16301066085464938, 120: 0.1584271767435916, 130: 0.15460047103701394, 140: 0.15005692466135298, 150: 0.14621650281101356, 160: 0.14287089680565873, 170: 0.14107402926846424, 180: 0.13954145641401355, 190: 0.13797651867104826, 200: 0.13562845005087296, 210: 0.13397982649929158, 220: 0.1318821824656446, 230: 0.12959149894190997, 240: 0.128925854916473, 250: 0.12751391107573037, 260: 0.12579355838447698, 270: 0.12431068394666281, 280: 0.12308727969670859, 290: 0.1237597342464916, 300: 0.12270329925273624, 310: 0.12177670922480024, 320: 0.12034981438773082, 330: 0.11973815261651347, 340: 0.1191778581034384, 350: 0.11934444091856171, 360: 0.11829195421709456, 370: 0.1171617745535403, 380: 0.11581532390544527, 390: 0.11585051479312285, 400: 0.11566505664357943, 410: 0.11454896348515486, 420: 0.1145545727889558, 430: 0.11365453743611938, 440: 0.11365393654172806, 450: 0.11289099558609683, 460: 0.11253553319163483, 470: 0.1127501051028239, 480: 0.11134471101616147, 490: 0.11061694001218651, 500: 0.11072637526600651, 510: 0.11060392356957452, 520: 0.11031034244682862, 530: 0.10913045423814347, 540: 0.1090487881179373, 550: 0.10848903075190974, 560: 0.10902947128419291, 570: 0.10909160368849372, 580: 0.1076928504331193, 590: 0.10956959730814056, 600: 0.10721618690620902, 610: 0.10753278346086596, 620: 0.10623908227564269, 630: 0.10716870482325422, 640: 0.106085231973124, 650: 0.10622597157867061, 660: 0.10620427290317709, 670: 0.10605423307774556, 680: 0.10634003121182818, 690: 0.10623833078255014, 700: 0.10511256337914746, 710: 0.10447326772355496, 720: 0.10529557360078745, 730: 0.10546271733598231, 740: 0.10428917334271157, 750: 0.1044052536037791, 760: 0.10409579138170325, 770: 0.1037234103726464, 780: 0.10424004228128961, 790: 0.1042744938976903, 800: 0.10304171108612507, 810: 0.10390676994460406, 820: 0.10377946710121781, 830: 0.10334418814243847}",800,0.10304171108612507,0.1,0.01,0.05
concrete,dropoutFCN,32,1e-09,0.0001,"{0: 0.9217634213323164, 10: 0.45223198365521977, 20: 0.3363968758290552, 30: 0.27471691474417625, 40: 0.23379200635457248, 50: 0.20764436480574755, 60: 0.1904412755775434, 70: 0.17845812702665748, 80: 0.16977710568433502, 90: 0.1613154125074854, 100: 0.15552030492042576, 110: 0.14962933384317076, 120: 0.1445627692884766, 130: 0.1408845493659454, 140: 0.13723754838477967, 150: 0.13398837272030992, 160: 0.13083007639512167, 170: 0.12853705228575493, 180: 0.12644027919359146, 190: 0.1242021542164192, 200: 0.12225953961043161, 210: 0.11944299138829124, 220: 0.11892597583664273, 230: 0.1173556873181949, 240: 0.11610228533937109, 250: 0.11541993879073653, 260: 0.11453749999949119, 270: 0.11374199733237207, 280: 0.11215209059797211, 290: 0.11139629368374988, 300: 0.11049428093167957, 310: 0.10875372857995283, 320: 0.11021264612548058, 330: 0.10951505778166029, 340: 0.1081537947310885, 350: 0.10762133947331995, 360: 0.10726998179897676, 370: 0.10720350205215452, 380: 0.10648335700327391, 390: 0.10610657996663939, 400: 0.10526783283329062, 410: 0.10512606824944395, 420: 0.10504681149672468, 430: 0.1048937582424501, 440: 0.10398973932243327, 450: 0.1038507743440816, 460: 0.10417078819326886, 470: 0.1040391596643487, 480: 0.10288627575937018, 490: 0.10348082277364892, 500: 0.10261483586751922, 510: 0.103134370857171, 520: 0.10193460301214559, 530: 0.10183784311076974, 540: 0.10226155465249871, 550: 0.10217772988301026, 560: 0.10195492536831766}",530,0.10183784311076974,0.1,0.01,0.01
concrete,dropoutFCN,32,1e-09,0.0001,"{0: 0.9257197907318122, 10: 0.44406874719541867, 20: 0.321070712878364, 30: 0.2597392531286674, 40: 0.22261069237569128, 50: 0.20115369242172018, 60: 0.18651557937947275, 70: 0.1761349893983038, 80: 0.1673489855254084, 90: 0.16038483703975667, 100: 0.15408558819297058, 110: 0.1492763794043376, 120: 0.1446818874807201, 130: 0.14093845268222727, 140: 0.1374346977188159, 150: 0.13416869320146083, 160: 0.13169209228860213, 170: 0.12917955752145513, 180: 0.126957056811692, 190: 0.1252744277741234, 200: 0.12356105347408335, 210: 0.12189618574773393, 220: 0.12135713516057903, 230: 0.11935845376773621, 240: 0.11828401477141506, 250: 0.11720696269436096, 260: 0.1161693709359641, 270: 0.11496424885041301, 280: 0.11454107334018193, 290: 0.11356384859326056, 300: 0.11336998506984002, 310: 0.11244359448265784, 320: 0.11214408865403618, 330: 0.1100943913250743, 340: 0.11054368592077331, 350: 0.1103997940369121, 360: 0.10844749012944088, 370: 0.10699718832551156, 380: 0.10728820921168976, 390: 0.10634771827065936, 400: 0.10631900174093087, 410: 0.10536575788988596, 420: 0.10515964305112298, 430: 0.10457789449011583, 440: 0.10425612605816333, 450: 0.10330890303814932, 460: 0.10296489013415396, 470: 0.10328151404890676, 480: 0.10248999248642174, 490: 0.10277191960990031, 500: 0.10221819304755812, 510: 0.10207231311431789, 520: 0.10301978805657896, 530: 0.1023564120813246, 540: 0.10141058338086031, 550: 0.10209841314628884, 560: 0.10191575651890643, 570: 0.10054956502155163, 580: 0.10113331874349296, 590: 0.10057220696868803, 600: 0.1006047874751328}",570,0.10054956502155163,0.1,0.01,0.005
concrete,dropoutFCN,32,1e-09,0.0001,"{0: 0.9629830595024937, 10: 0.4894477660710602, 20: 0.35903492389038943, 30: 0.2899975548565652, 40: 0.24244203819822402, 50: 0.21207711873043272, 60: 0.19321772789049835, 70: 0.17978970038796124, 80: 0.16963395414787227, 90: 0.16157832521546003, 100: 0.15465034419950166, 110: 0.148800861792197, 120: 0.14321306382704468, 130: 0.13890329621991052, 140: 0.13474885336179163, 150: 0.13126712714786543, 160: 0.12806776960096092, 170: 0.12580560381379027, 180: 0.12348564346311977, 190: 0.12146104256361615, 200: 0.11987088940247441, 210: 0.11850943823545312, 220: 0.11706502301195817, 230: 0.11591380790082487, 240: 0.11459110375168868, 250: 0.1136818816862224, 260: 0.11275978984670536, 270: 0.11211060132481658, 280: 0.11145844478135362, 290: 0.11053829043707139, 300: 0.10996953331795849, 310: 0.109792249833467, 320: 0.10917808303765056, 330: 0.10892158618711723, 340: 0.10853691484396404, 350: 0.10851826324670714, 360: 0.10786420824643601, 370: 0.1079160849392932, 380: 0.10725882777920803, 390: 0.10717129101782641, 400: 0.10678144825070393, 410: 0.10684568127904966, 420: 0.10663575781350962, 430: 0.10618175771018575, 440: 0.10627644953289717, 450: 0.10626422099934318, 460: 0.10589000453857234, 470: 0.10603482875017571, 480: 0.10598536468896373, 490: 0.10571108257506767, 500: 0.1053648424023282, 510: 0.10530630378968082, 520: 0.10595795622895314, 530: 0.10582130855746452, 540: 0.10545369363550292}",510,0.10530630378968082,0.1,0.01,0.001
concrete,dropoutFCN,32,1e-09,0.0005,"{0: 0.7330300399407755, 10: 0.25903366368167596, 20: 0.2033441766017204, 30: 0.1757474407238689, 40: 0.15818921169328054, 50: 0.15082533113388602, 60: 0.14332651382847708, 70: 0.13565545822623828, 80: 0.13020791279646263, 90: 0.1264121137005439, 100: 0.12408757409054708, 110: 0.12105705303400867, 120: 0.11838731777993998, 130: 0.11477239699228906, 140: 0.11556077243868987, 150: 0.11085279930358187, 160: 0.11114726030707625, 170: 0.10872555014773025, 180: 0.1071135285568299, 190: 0.10806184666758542, 200: 0.10637657642364502, 210: 0.10580606054847803, 220: 0.10477419187724371, 230: 0.10413210338484069, 240: 0.10360941463127368, 250: 0.10257842360043737, 260: 0.10663093201325984, 270: 0.10350928984422729, 280: 0.10164485829962859, 290: 0.10289336740475008, 300: 0.10174367760535927, 310: 0.10029049965787709, 320: 0.10152758791260781, 330: 0.09843350866978819, 340: 0.1001041388246234, 350: 0.09863662277394458, 360: 0.09805243300977495, 370: 0.10027249254743346, 380: 0.09912869126491211, 390: 0.09792066145762637, 400: 0.09579755791286054, 410: 0.09717436585561576, 420: 0.0967008428922073, 430: 0.09910646988003236}",400,0.09579755791286054,0.1,0.01,0.2
concrete,dropoutFCN,32,1e-09,0.0005,"{0: 0.701419503316118, 10: 0.24482178492803355, 20: 0.184177935351862, 30: 0.1609140451363696, 40: 0.14349722913081614, 50: 0.13237754667236995, 60: 0.12652239475517651, 70: 0.12187268786501286, 80: 0.11786359597501364, 90: 0.11342162191405265, 100: 0.11382788689948856, 110: 0.109160738033184, 120: 0.10972693392229098, 130: 0.10812677007534728, 140: 0.1038758894303333, 150: 0.10416721780885614, 160: 0.10312346819179727, 170: 0.1021535542976257, 180: 0.10230981982308278, 190: 0.10224405451485694, 200: 0.10430491117690328}",170,0.1021535542976257,0.1,0.01,0.1
concrete,dropoutFCN,32,1e-09,0.0005,"{0: 0.708234220453306, 10: 0.22218341847602208, 20: 0.16784077772698575, 30: 0.14574985237328192, 40: 0.1339380381618133, 50: 0.1261932725131137, 60: 0.12295279973081237, 70: 0.11801433169956857, 80: 0.11492757908435483, 90: 0.11021720701584928, 100: 0.10743534944954287, 110: 0.10706684291431597, 120: 0.10556234349906224, 130: 0.10548561824619199, 140: 0.10353925701285831, 150: 0.10419551237608138, 160: 0.10145065488058355, 170: 0.10422141512281813, 180: 0.1022350133060638, 190: 0.100188457683742, 200: 0.10030213566647025, 210: 0.10169567555794871, 220: 0.10059963063215074}",190,0.100188457683742,0.1,0.01,0.05
concrete,dropoutFCN,32,1e-09,0.0005,"{0: 0.6914602796271917, 10: 0.21409953275248023, 20: 0.15941027628961352, 30: 0.13951808591782827, 40: 0.1293808453900124, 50: 0.1228213570704195, 60: 0.11942687871533461, 70: 0.11518998466476149, 80: 0.11212525304888718, 90: 0.11176898563896076, 100: 0.10986295215218314, 110: 0.10762312969128159, 120: 0.10593322772315186, 130: 0.1056630284317163, 140: 0.10570955350956515, 150: 0.10559900573758355, 160: 0.10619104990018399, 170: 0.10620734207199975, 180: 0.10718165143432216}",150,0.10559900573758355,0.1,0.01,0.01
concrete,dropoutFCN,32,1e-09,0.0005,"{0: 0.6955031683457312, 10: 0.20644883872334016, 20: 0.15751680610471536, 30: 0.13803942130789085, 40: 0.12500498307616906, 50: 0.11670717372372472, 60: 0.11188193894399596, 70: 0.10606116228714221, 80: 0.10404134036938702, 90: 0.10341030811143423, 100: 0.1006937062654972, 110: 0.10256143419381784, 120: 0.10315439077500317, 130: 0.10130832932011143}",100,0.1006937062654972,0.1,0.01,0.005
concrete,dropoutFCN,32,1e-09,0.0005,"{0: 0.6979735926883975, 10: 0.2034175826739093, 20: 0.1562749398552041, 30: 0.13761420250170248, 40: 0.12904892368854765, 50: 0.12345904230140839, 60: 0.11949781072201415, 70: 0.11605908634445332, 80: 0.11284487215302338, 90: 0.11163965600292858, 100: 0.11005423559265518, 110: 0.11009950675687037, 120: 0.10858323065466294, 130: 0.10722403480784921, 140: 0.10717657174025741, 150: 0.10631812078876908, 160: 0.10484596910658625, 170: 0.10556391117410116, 180: 0.10434870999488162, 190: 0.1020345093939021, 200: 0.10528370626584653, 210: 0.10196147631047085, 220: 0.10337379657604898, 230: 0.10284157420631776, 240: 0.10493188889489316}",210,0.10196147631047085,0.1,0.01,0.001
concrete,dropoutFCN,32,1e-09,0.001,"{0: 0.5434957754127379, 10: 0.20320706314474055, 20: 0.15823602939502274, 30: 0.13856638097093446, 40: 0.12731192820407422, 50: 0.11666791672419814, 60: 0.11499278719380708, 70: 0.1112793713213335, 80: 0.1072518904001644, 90: 0.10720581175218402, 100: 0.1059461576771886, 110: 0.10447100393105153, 120: 0.10478441189801084, 130: 0.10285791261271689, 140: 0.10114499755836995, 150: 0.10167180478556323, 160: 0.10383221723348542, 170: 0.09890019914869105, 180: 0.0999466031725351, 190: 0.10173154547661874, 200: 0.10264421501377954}",170,0.09890019914869105,0.1,0.01,0.2
concrete,dropoutFCN,32,1e-09,0.001,"{0: 0.5342215309108704, 10: 0.18215283796929116, 20: 0.14423260838586316, 30: 0.13211108531970844, 40: 0.12112389156378736, 50: 0.11516615773538089, 60: 0.10991766753279537, 70: 0.1072381191573492, 80: 0.1046444299362231, 90: 0.10553927174445135, 100: 0.10312477513861411, 110: 0.10124780624840582, 120: 0.09835268886202322, 130: 0.1013587674012866, 140: 0.10018182733381842, 150: 0.1004933697041138}",120,0.09835268886202322,0.1,0.01,0.1
concrete,dropoutFCN,32,1e-09,0.001,"{0: 0.49495314057456596, 10: 0.16998879189435762, 20: 0.13980196987082583, 30: 0.12697599083978162, 40: 0.11724770235609476, 50: 0.11209369290672402, 60: 0.10770455803589982, 70: 0.10851271107330292, 80: 0.10773364275424065, 90: 0.10468378653106916, 100: 0.10632348051973387, 110: 0.10370401214436523, 120: 0.10544591756156216, 130: 0.10379219876689023, 140: 0.10345586298403922, 150: 0.103644974875014, 160: 0.10220831425815094, 170: 0.10477741246851655, 180: 0.1022003775428642, 190: 0.10204524154725973, 200: 0.10285088801220973, 210: 0.09927888331556223, 220: 0.09843493003037491, 230: 0.09902433609684927, 240: 0.09859720370947697, 250: 0.1028568832319662}",220,0.09843493003037491,0.1,0.01,0.05
concrete,dropoutFCN,32,1e-09,0.001,"{0: 0.4838650588586607, 10: 0.16039345123738336, 20: 0.13165112559250655, 30: 0.12022281706710372, 40: 0.11293393602477715, 50: 0.11150179198481203, 60: 0.11050512009530884, 70: 0.11159170685056527, 80: 0.1111166372988029, 90: 0.10721283168707481, 100: 0.10701514103906248, 110: 0.10549621097517736, 120: 0.10919696576656542, 130: 0.10974776141896173, 140: 0.11048272603179735}",110,0.10549621097517736,0.1,0.01,0.01
concrete,dropoutFCN,32,1e-09,0.001,"{0: 0.5147977300132546, 10: 0.1574489167947198, 20: 0.12761434358684381, 30: 0.11380218063984329, 40: 0.10999519778235216, 50: 0.1073618141927943, 60: 0.10758118932637202, 70: 0.10563996365096995, 80: 0.1051149061069179, 90: 0.10493653554584989, 100: 0.1079807019245956, 110: 0.1059558147709357, 120: 0.10557804338419252}",90,0.10493653554584989,0.1,0.01,0.005
concrete,dropoutFCN,32,1e-09,0.001,"{0: 0.505302875045486, 10: 0.16773652251107726, 20: 0.13268847186093585, 30: 0.12163697727622033, 40: 0.1176083249836081, 50: 0.11721012232950438, 60: 0.11540597240771637, 70: 0.11379645705250616, 80: 0.11236963324039535, 90: 0.11149276444516354, 100: 0.10969928250603338, 110: 0.11170020893028905, 120: 0.11257060231705637, 130: 0.11412677036552894}",100,0.10969928250603338,0.1,0.01,0.001
concrete,dropoutFCN,32,1e-09,0.002,"{0: 0.4234733721063213, 10: 0.1721990563751853, 20: 0.14139713300294285, 30: 0.13365622200385693, 40: 0.12090138544099294, 50: 0.11599696972858262, 60: 0.11314805280634718, 70: 0.11082773396991748, 80: 0.10896143183869318, 90: 0.11404101020079009, 100: 0.11038839577670372, 110: 0.10473655892531915, 120: 0.1075591249815178, 130: 0.10582780962618563, 140: 0.10441047245866486, 150: 0.10074333513187243, 160: 0.10338433075495235, 170: 0.10079912156901885, 180: 0.10271482429076853}",150,0.10074333513187243,0.1,0.01,0.2
concrete,dropoutFCN,32,1e-09,0.002,"{0: 0.4240393552939626, 10: 0.15392792105983122, 20: 0.12874975804611213, 30: 0.11317871136272828, 40: 0.10836796680216161, 50: 0.10735013258920849, 60: 0.10175105776552437, 70: 0.09699184479966969, 80: 0.10535928397676897, 90: 0.0972233999453909, 100: 0.09480191645820275, 110: 0.09738089416024645, 120: 0.0958258790795396, 130: 0.09819932720767773}",100,0.09480191645820275,0.1,0.01,0.1
concrete,dropoutFCN,32,1e-09,0.002,"{0: 0.4249004662085355, 10: 0.15042551125606957, 20: 0.1258804110080246, 30: 0.12232102408707801, 40: 0.1180180509369724, 50: 0.11144639353381425, 60: 0.11103162763052443, 70: 0.1104027107239034, 80: 0.10414781659241305, 90: 0.10730341368403729, 100: 0.10486807592516023, 110: 0.10735151693431408}",80,0.10414781659241305,0.1,0.01,0.05
concrete,dropoutFCN,32,1e-09,0.002,"{0: 0.4232118625127203, 10: 0.13804763446460805, 20: 0.11973966621391127, 30: 0.11270354253313582, 40: 0.10719262424512255, 50: 0.10923035977899764, 60: 0.10952925607281223, 70: 0.10685003692695853, 80: 0.1100859340177319, 90: 0.10469283877542217, 100: 0.10480024186378042, 110: 0.10689523707323619, 120: 0.10630200895112552}",90,0.10469283877542217,0.1,0.01,0.01
concrete,dropoutFCN,32,1e-09,0.002,"{0: 0.40351842087723105, 10: 0.14300563361443416, 20: 0.1219795822603277, 30: 0.12229237378398006, 40: 0.11377392403054527, 50: 0.10938815891566492, 60: 0.10484951016547521, 70: 0.1066659069966032, 80: 0.10460686155913587, 90: 0.10959370239258517, 100: 0.11028317142341285, 110: 0.10175721084397542, 120: 0.1062104686646442, 130: 0.10970784128158292, 140: 0.1171149770960388}",110,0.10175721084397542,0.1,0.01,0.005
concrete,dropoutFCN,32,1e-09,0.002,"{0: 0.41879535562976233, 10: 0.14213996410050483, 20: 0.12735101114504221, 30: 0.12056937597972857, 40: 0.12488097180454756, 50: 0.1260860647565664, 60: 0.12158531427675279}",30,0.12056937597972857,0.1,0.01,0.001
energy,fixnoiseFCN,32,0.1,0.0001,"{0: 0.9021758630897591, 10: 0.2862728021048902, 20: 0.15000914811857632, 30: 0.11721359018723472, 40: 0.10497379839146245, 50: 0.09882143966999593, 60: 0.09503457234348438, 70: 0.09240981216251842, 80: 0.09037470046153277, 90: 0.08881870482127363, 100: 0.0876717279038953, 110: 0.08686614639021374, 120: 0.08632085303741584, 130: 0.08598002713492882, 140: 0.08579791060737113, 150: 0.08578169592272022, 160: 0.08582154655717109, 170: 0.08591518227954825, 180: 0.08607314390425888}",150,0.08578169592272022,0.001,0.01,0.01
energy,fixnoiseFCN,32,0.1,0.0001,"{0: 0.9124419385316322, 10: 0.2692284491742815, 20: 0.1389833824352814, 30: 0.1100853983932982, 40: 0.09972610785617808, 50: 0.0945900703159099, 60: 0.09130086309688498, 70: 0.08929395767095867, 80: 0.08787120000654008, 90: 0.08691220874847863, 100: 0.08620891014629645, 110: 0.08579364113482843, 120: 0.08558367562970447, 130: 0.0855417195112248, 140: 0.08558763395962629, 150: 0.08570761607854856, 160: 0.0858788086720805}",130,0.0855417195112248,0.005,0.01,0.01
energy,fixnoiseFCN,32,0.1,0.0001,"{0: 0.9035173844245694, 10: 0.300382027940386, 20: 0.15493968146515896, 30: 0.11918818708010218, 40: 0.10601837609460255, 50: 0.0994751306422731, 60: 0.09552804179401234, 70: 0.09293045414065293, 80: 0.09095670957494129, 90: 0.08951066778015729, 100: 0.08846369749807714, 110: 0.08772619719691917, 120: 0.08734671967447909, 130: 0.08701360165173175, 140: 0.08678817137198006, 150: 0.08669803363860537, 160: 0.0866781636763736, 170: 0.08678628358104681, 180: 0.08685449140011572, 190: 0.08698043780532674}",160,0.0866781636763736,0.01,0.01,0.01
energy,fixnoiseFCN,32,0.1,0.0001,"{0: 0.9272921936807197, 10: 0.2971348198710895, 20: 0.1494630519966515, 30: 0.11410884819075803, 40: 0.10243146513444368, 50: 0.09671153590355208, 60: 0.09353138273342297, 70: 0.09132890569888462, 80: 0.0899901536326718, 90: 0.08882463288262703, 100: 0.08816162101258107, 110: 0.0876485613235931, 120: 0.08750819503629462, 130: 0.08708403583685033, 140: 0.08699421283216631, 150: 0.08684783199670218, 160: 0.08688322442347776, 170: 0.08680047963381085, 180: 0.08690748869246695, 190: 0.08693244500679284, 200: 0.08715982444770062}",170,0.08680047963381085,0.05,0.01,0.01
energy,fixnoiseFCN,32,0.1,0.0001,"{0: 0.9076337107845613, 10: 0.29944398123773436, 20: 0.14816258909300173, 30: 0.11446799201781346, 40: 0.10326465418368407, 50: 0.09787748858588832, 60: 0.09429075710945141, 70: 0.09209045758946298, 80: 0.09089360673163757, 90: 0.08997948392937696, 100: 0.08868195373203999, 110: 0.08820906266943464, 120: 0.08770667947585482, 130: 0.08735474173516318, 140: 0.08716925723456102, 150: 0.08702359608695155, 160: 0.08694575082500282, 170: 0.087017750001845, 180: 0.0873165407574655, 190: 0.08758809715559066}",160,0.08694575082500282,0.1,0.01,0.01
energy,fixnoiseFCN,32,0.1,0.0005,"{0: 0.5707144222775253, 10: 0.096150926583972, 20: 0.08847711456706965, 30: 0.08724623664758785, 40: 0.08747440438643624, 50: 0.08823468868241982, 60: 0.08909866972470798}",30,0.08724623664758785,0.001,0.01,0.01
energy,fixnoiseFCN,32,0.1,0.0005,"{0: 0.5443433567887542, 10: 0.09411656113643575, 20: 0.08763585336189596, 30: 0.08654481321493816, 40: 0.08698895091627115, 50: 0.08819326336105696, 60: 0.08934056950691109}",30,0.08654481321493816,0.005,0.01,0.01
energy,fixnoiseFCN,32,0.1,0.0005,"{0: 0.579833226022475, 10: 0.09751847833474445, 20: 0.08868944533839554, 30: 0.08649387854815133, 40: 0.08670797043723391, 50: 0.08794689071985955, 60: 0.08905028051218955}",30,0.08649387854815133,0.01,0.01,0.01
energy,fixnoiseFCN,32,0.1,0.0005,"{0: 0.6026075800895436, 10: 0.09843681099666099, 20: 0.08824465746353202, 30: 0.08604101103837372, 40: 0.08637457640250015, 50: 0.08781170244496869, 60: 0.08895012519972637}",30,0.08604101103837372,0.05,0.01,0.01
energy,fixnoiseFCN,32,0.1,0.0005,"{0: 0.5374805518925612, 10: 0.09326970897367695, 20: 0.0869545481710788, 30: 0.08622018855656446, 40: 0.08726680814111676, 50: 0.088107476277791, 60: 0.08971405117198433}",30,0.08622018855656446,0.1,0.01,0.01
energy,fixnoiseFCN,32,0.1,0.001,"{0: 0.3023269870448681, 10: 0.08895951888409676, 20: 0.08843547858970094, 30: 0.09031501092452629, 40: 0.09122895321271411, 50: 0.09153414961627351}",20,0.08843547858970094,0.001,0.01,0.01
energy,fixnoiseFCN,32,0.1,0.001,"{0: 0.29798433406701264, 10: 0.08760036115235334, 20: 0.08754758359403844, 30: 0.08980126666511104, 40: 0.0910104138959126, 50: 0.09144361868290189}",20,0.08754758359403844,0.005,0.01,0.01
energy,fixnoiseFCN,32,0.1,0.001,"{0: 0.37939619452782064, 10: 0.08926726080994599, 20: 0.08818075044896626, 30: 0.09019413321374195, 40: 0.09120668193957701, 50: 0.09160997703051814}",20,0.08818075044896626,0.01,0.01,0.01
energy,fixnoiseFCN,32,0.1,0.001,"{0: 0.35058098790900766, 10: 0.08918637747510297, 20: 0.08884735065079777, 30: 0.09066593472312232, 40: 0.09137278600125079, 50: 0.09178000360411533}",20,0.08884735065079777,0.05,0.01,0.01
energy,fixnoiseFCN,32,0.1,0.001,"{0: 0.32372101920653257, 10: 0.08909575314821203, 20: 0.08774569540963671, 30: 0.08999336280547332, 40: 0.09082354690954555, 50: 0.09105290925520255}",20,0.08774569540963671,0.1,0.01,0.01
energy,fixnoiseFCN,32,0.1,0.002,"{0: 0.17027091902108346, 10: 0.0899061514406018, 20: 0.09378005168089767, 30: 0.09434889302801627, 40: 0.09456448258141209}",10,0.0899061514406018,0.001,0.01,0.01
energy,fixnoiseFCN,32,0.1,0.002,"{0: 0.15444727367261607, 10: 0.09178497383002837, 20: 0.09398794753816339, 30: 0.09429757524627805, 40: 0.09459195969149413}",10,0.09178497383002837,0.005,0.01,0.01
energy,fixnoiseFCN,32,0.1,0.002,"{0: 0.16517335550138892, 10: 0.09224614339118384, 20: 0.09485662397656078, 30: 0.09505312203016422, 40: 0.09487722314527777}",10,0.09224614339118384,0.01,0.01,0.01
energy,fixnoiseFCN,32,0.1,0.002,"{0: 0.16325364026183783, 10: 0.09172505206091712, 20: 0.09453289022431617, 30: 0.09524129635291816, 40: 0.09583438829721554}",10,0.09172505206091712,0.05,0.01,0.01
energy,fixnoiseFCN,32,0.1,0.002,"{0: 0.16401957956060925, 10: 0.09190654216256519, 20: 0.09545825291169288, 30: 0.09420753157968588, 40: 0.09421057927061141}",10,0.09190654216256519,0.1,0.01,0.01
energy,fixnoiseFCN,32,0.01,0.0001,"{0: 0.943530807160829, 10: 0.17842965725658896, 20: 0.09555451744576779, 30: 0.08205654327371001, 40: 0.07566730776896291, 50: 0.07177522268052436, 60: 0.06910434872702442, 70: 0.0671393724231641, 80: 0.0655517629860509, 90: 0.06417752419902883, 100: 0.06295403010560308, 110: 0.06184353002774172, 120: 0.06077535354885939, 130: 0.059716217708491524, 140: 0.05861635894133428, 150: 0.05750090391934315, 160: 0.056385670907276086, 170: 0.05526862087684735, 180: 0.0541395638623143, 190: 0.05298957872585179, 200: 0.05185653760683675, 210: 0.05072535708279517, 220: 0.04957693393731831, 230: 0.04842112419016359, 240: 0.04728447920853187, 250: 0.04620107219375866, 260: 0.04512674258521648, 270: 0.04411805107614628, 280: 0.04316693275832271, 290: 0.04220683629307154, 300: 0.04132061287697182, 310: 0.04051070930020429, 320: 0.03975619732713947, 330: 0.039018418797737806, 340: 0.038272427678640475, 350: 0.037536317091492286, 360: 0.03679990387428216, 370: 0.03606845158952031, 380: 0.0354018560027192, 390: 0.03479234032475891, 400: 0.0342127837247647, 410: 0.03363875434791646, 420: 0.0331174364936351, 430: 0.03261874152468345, 440: 0.0321426521877988, 450: 0.031696872474129445, 460: 0.031261548205095975, 470: 0.030875226291395275, 480: 0.03050101443000091, 490: 0.03016516236526544, 500: 0.029853674591825908, 510: 0.029547575728151775, 520: 0.029266963486811542, 530: 0.02900075647244152, 540: 0.028746878758383665, 550: 0.02850427032048291, 560: 0.02830055164103486, 570: 0.02807689099581908, 580: 0.02788297842761548, 590: 0.0276951339104768, 600: 0.0275392984358963, 610: 0.02734600541385554, 620: 0.02719192177193309, 630: 0.027005658895134788, 640: 0.026868996665295797, 650: 0.02671765352466632, 660: 0.026559100975024924, 670: 0.026413313848032655, 680: 0.026262372890175755, 690: 0.026113520404412068, 700: 0.02598695786910408, 710: 0.02587758845566619, 720: 0.02576792434152843, 730: 0.025666469593640252, 740: 0.025552645115315614, 750: 0.025453746131485135, 760: 0.02535586741489898, 770: 0.025248174056089055, 780: 0.025140077356801703, 790: 0.025030548246305545, 800: 0.02495443078827182, 810: 0.024873466444401988, 820: 0.02478639286033304, 830: 0.024693855568647432, 840: 0.024606964836105867, 850: 0.02451472282804391, 860: 0.024453677091433233, 870: 0.024357488237129726, 880: 0.02427604425853429, 890: 0.024203910163548985, 900: 0.02413998935875592, 910: 0.024047782091570585, 920: 0.023975308041701344, 930: 0.023915788215475447, 940: 0.02384121538772057, 950: 0.023774436410944986, 960: 0.023721744424181748, 970: 0.0236483113651798, 980: 0.023584111471274777, 990: 0.023526790509191327, 1000: 0.023475265074121617, 1010: 0.02342982481036538, 1020: 0.02336379313290588, 1030: 0.02332282948848761, 1040: 0.023274858302496225, 1050: 0.023213013826506854, 1060: 0.023155657945797357, 1070: 0.02310907182008262, 1080: 0.023065794946351012, 1090: 0.023015397624835704, 1100: 0.022973881700619463, 1110: 0.02291908143558662, 1120: 0.022887186704303532, 1130: 0.02284535323302559, 1140: 0.022791645740517955, 1150: 0.022761081401012937, 1160: 0.02271028984808237, 1170: 0.022676911977022058, 1180: 0.02263583769736553, 1190: 0.022613153519193546, 1200: 0.022570237380792686, 1210: 0.022538688901812338, 1220: 0.022498059117136066, 1230: 0.02245885953366733, 1240: 0.022421245374069497, 1250: 0.022389791244185404, 1260: 0.02234589258938984, 1270: 0.02231992292194947, 1280: 0.022286700710726748, 1290: 0.022238377544109893, 1300: 0.02221665015032307, 1310: 0.022182837815903893, 1320: 0.022138010729345087, 1330: 0.02210570702302715, 1340: 0.0220622429452905, 1350: 0.022029740377137515, 1360: 0.022000055236405018, 1370: 0.021968074755150564, 1380: 0.021935630719733885, 1390: 0.02190483048199261, 1400: 0.021896253122898335, 1410: 0.021858618385800836, 1420: 0.021830398680233374, 1430: 0.021811893682514297, 1440: 0.021759969501069835, 1450: 0.021766195192612338, 1460: 0.02172867642462603, 1470: 0.021710887271526112, 1480: 0.02166888658523333, 1490: 0.021674654772548606, 1500: 0.021635236969736755, 1510: 0.021613975459250246, 1520: 0.02159747903563075, 1530: 0.021573658671846244, 1540: 0.021556274744807504, 1550: 0.021542912454984953, 1560: 0.021505264682350443, 1570: 0.021492387915004553, 1580: 0.02146563738265265, 1590: 0.021440928071805806, 1600: 0.021446633844272818, 1610: 0.021412718109836158, 1620: 0.02139231981196956, 1630: 0.02138231778337382, 1640: 0.021379214334440056, 1650: 0.021343909601410214, 1660: 0.021327780030755167, 1670: 0.021319409015008915, 1680: 0.021289758860700475, 1690: 0.02127606606680175, 1700: 0.02126249021583778, 1710: 0.02123953140269124, 1720: 0.02121094152861125, 1730: 0.02120689593831964, 1740: 0.02120320104143488, 1750: 0.021203749106659956, 1760: 0.021168927304614515, 1770: 0.021145307124812936, 1780: 0.02114041416466288, 1790: 0.02113840537217479, 1800: 0.021117084906573665, 1810: 0.021091288553708978, 1820: 0.021090796451723196, 1830: 0.021076380010626245, 1840: 0.021067135956540046, 1850: 0.021040888790472674, 1860: 0.021026593660800463, 1870: 0.021021433639067395, 1880: 0.021002728347289838, 1890: 0.021002958955296108, 1900: 0.020980928437398284, 1910: 0.02097504598448654, 1920: 0.020978891281265823, 1930: 0.020954947870591635, 1940: 0.02094185017394385, 1950: 0.020924102372013097, 1960: 0.020906020849560853, 1970: 0.020897267038762518, 1980: 0.02088189734245052, 1990: 0.020874797640184385}",1990,0.020874797640184385,0.001,0.01,0.01
energy,fixnoiseFCN,32,0.01,0.0001,"{0: 0.9015522762233379, 10: 0.17952324414207954, 20: 0.09501566102202694, 30: 0.08166764638786728, 40: 0.07566341664172896, 50: 0.07197462215425807, 60: 0.06937292567838452, 70: 0.06739607575913913, 80: 0.06587505636921202, 90: 0.06447270272425512, 100: 0.06322082517797448, 110: 0.06201718320868245, 120: 0.060875330342909074, 130: 0.05977353544064947, 140: 0.05867187255551842, 150: 0.05753907948075994, 160: 0.05641020718049872, 170: 0.05526033198225344, 180: 0.0540587383539267, 190: 0.05282820547919352, 200: 0.05155992209578687, 210: 0.05022009445902238, 220: 0.0488980031703236, 230: 0.04763673016987418, 240: 0.04635794252469018, 250: 0.0450751411114258, 260: 0.043809288161926294, 270: 0.042546912875484746, 280: 0.04137000774871098, 290: 0.04020195272429043, 300: 0.03915539076247685, 310: 0.0381395838471527, 320: 0.03717306570056739, 330: 0.036290290013926835, 340: 0.03543071941531302, 350: 0.03464614816117244, 360: 0.033945337585001636, 370: 0.033254327298831286, 380: 0.03256834954759184, 390: 0.032007683832935695, 400: 0.03149234671629772, 410: 0.03102042145796709, 420: 0.030618280175624967, 430: 0.030226604657166485, 440: 0.029846541232110568, 450: 0.02948644974571966, 460: 0.02917851936888865, 470: 0.028885818459317, 480: 0.02857356589681249, 490: 0.028301974539149132, 500: 0.028024776359019832, 510: 0.02778605433518801, 520: 0.027538826392213056, 530: 0.0273224096441887, 540: 0.02707204019161013, 550: 0.026890379276737826, 560: 0.02667010001888851, 570: 0.026506146074992753, 580: 0.02625888458722598, 590: 0.02607355262343385, 600: 0.025904975124631947, 610: 0.02569734886192817, 620: 0.025502911787323713, 630: 0.025376491290860358, 640: 0.02519784527157392, 650: 0.025080057416187195, 660: 0.02491849235754386, 670: 0.024789210775770038, 680: 0.024636559104381818, 690: 0.024543771352561833, 700: 0.024406430246036608, 710: 0.02430110446397251, 720: 0.024223018901708852, 730: 0.024144962224943008, 740: 0.023975965553577124, 750: 0.023892949663418407, 760: 0.023777195484024054, 770: 0.02367566184150796, 780: 0.023608695587169867, 790: 0.023519013729976702, 800: 0.02345014354843395, 810: 0.023374687917763898, 820: 0.023294617634256186, 830: 0.02320717195547669, 840: 0.023129258929787438, 850: 0.023081867189192383, 860: 0.022991946234893958, 870: 0.022910796263750817, 880: 0.022890234762420657, 890: 0.0227898094442631, 900: 0.02274478371840357, 910: 0.02264878540331485, 920: 0.02262958934229981, 930: 0.02255112597040855, 940: 0.02250438273205259, 950: 0.022452578859089193, 960: 0.022426237939262007, 970: 0.022349267085813314, 980: 0.02230499495594391, 990: 0.022254981804928565, 1000: 0.02218320233357357, 1010: 0.022156791899298152, 1020: 0.02212139428022856, 1030: 0.022081259151295822, 1040: 0.022073524255207717, 1050: 0.02198827298424863, 1060: 0.02198858173271386, 1070: 0.021915447427371726, 1080: 0.02193720276788618, 1090: 0.02188034444656628, 1100: 0.021876780413474482, 1110: 0.021850454332943754, 1120: 0.021818677083230785, 1130: 0.021783705293664524, 1140: 0.02176205289950931, 1150: 0.02171886496883376, 1160: 0.0216906893908765, 1170: 0.021661313449437385, 1180: 0.021613127389019344, 1190: 0.021647593679233513, 1200: 0.02160436982103015, 1210: 0.021614415848566364, 1220: 0.021593966805994885, 1230: 0.02153853931696744, 1240: 0.021538305325888164, 1250: 0.021550778321044, 1260: 0.021455819592625595, 1270: 0.021480042403944927, 1280: 0.02141901690274076, 1290: 0.021426782002229423, 1300: 0.021390339342437115, 1310: 0.02132728340877035, 1320: 0.02131102760529063, 1330: 0.021355685664560062, 1340: 0.021320626730483863, 1350: 0.02130143447767575, 1360: 0.02126642672617376, 1370: 0.02125056589365613, 1380: 0.021234598576175514, 1390: 0.021192786017067627, 1400: 0.02117890563211202, 1410: 0.02117334612229757, 1420: 0.021140013160795966, 1430: 0.021154351452645798, 1440: 0.021124920405360098, 1450: 0.02114817766716234, 1460: 0.02107822348202457, 1470: 0.021079180380407687, 1480: 0.021067331154924717, 1490: 0.021034312017180555, 1500: 0.021056914518399986, 1510: 0.020986294670309262, 1520: 0.02100945214346085, 1530: 0.021014341214920233, 1540: 0.020997405495019446}",1510,0.020986294670309262,0.005,0.01,0.01
energy,fixnoiseFCN,32,0.01,0.0001,"{0: 0.9157591329722917, 10: 0.19624075523999535, 20: 0.09824527947714484, 30: 0.08487605231413281, 40: 0.07949802440608658, 50: 0.07591597480975229, 60: 0.07331763071343292, 70: 0.07120974912214689, 80: 0.06930098767102749, 90: 0.06755798502154793, 100: 0.0659703292065317, 110: 0.06458233934693712, 120: 0.0632458796878346, 130: 0.0619798001199345, 140: 0.06068257813682147, 150: 0.059392119564913394, 160: 0.058073551069205795, 170: 0.05677315672147311, 180: 0.05546830322950439, 190: 0.054153981964176735, 200: 0.052928328486145794, 210: 0.05170720347646322, 220: 0.050543880325560966, 230: 0.04931533072105562, 240: 0.04809161232359629, 250: 0.04697218693447251, 260: 0.04593161580994513, 270: 0.0450168762544219, 280: 0.044066944841395284, 290: 0.04315929981759115, 300: 0.042345122049182685, 310: 0.04154355646512373, 320: 0.04078873682349591, 330: 0.0401083575643318, 340: 0.03932905881980308, 350: 0.03876527509009474, 360: 0.0380911684208642, 370: 0.0374888888209081, 380: 0.037004562734109736, 390: 0.036406546019491365, 400: 0.035960104976678064, 410: 0.035469095169054055, 420: 0.03501214356617571, 430: 0.03463613812198611, 440: 0.03413195326223257, 450: 0.03380635306159687, 460: 0.03335667822902741, 470: 0.03304507625299812, 480: 0.0326347429301343, 490: 0.03229991850015816, 500: 0.03196001673102633, 510: 0.03168671660395355, 520: 0.031321859625024775, 530: 0.031096635681421743, 540: 0.030795428714926333, 550: 0.030513147941259134, 560: 0.03035276671934848, 570: 0.030108159559954016, 580: 0.029861177814031824, 590: 0.02965175607224933, 600: 0.029460856451934837, 610: 0.029252509190821972, 620: 0.028997708023077058, 630: 0.02887304849931594, 640: 0.028729587805167083, 650: 0.02849311340869855, 660: 0.028355698813908335, 670: 0.028160407064018584, 680: 0.028113666408863223, 690: 0.02790522973447756, 700: 0.027748328040802173, 710: 0.027594268215117883, 720: 0.027499491765407003, 730: 0.027392496503581727, 740: 0.027285794556705923, 750: 0.027131055456658303, 760: 0.02706555973569123, 770: 0.026848748254829424, 780: 0.02673102108912855, 790: 0.02665818234101012, 800: 0.02649918645103979, 810: 0.026418816722809324, 820: 0.026342944990370366, 830: 0.026169167700288543, 840: 0.026034349066520728, 850: 0.025859426474813124, 860: 0.025835296045653655, 870: 0.025663501384114322, 880: 0.02557466224726678, 890: 0.02545369923637102, 900: 0.025337397692049568, 910: 0.025342583121598067, 920: 0.025233230449499593, 930: 0.02510084152421772, 940: 0.02497512444267408, 950: 0.024844836886223954, 960: 0.024813406239049596, 970: 0.02471403000171516, 980: 0.024584325817508586, 990: 0.024536320898623787, 1000: 0.024414413930322194, 1010: 0.024286482736987663, 1020: 0.02425707564677427, 1030: 0.024147187142483827, 1040: 0.024089978379163286, 1050: 0.02403983247688448, 1060: 0.0239209224992409, 1070: 0.02391960044309157, 1080: 0.02385890809554712, 1090: 0.023772957190790804, 1100: 0.023725513027124202, 1110: 0.02365263289300665, 1120: 0.023596182889694194, 1130: 0.023493304733804118, 1140: 0.023485371403422942, 1150: 0.023403667062635178, 1160: 0.02334367749751047, 1170: 0.023319739661043316, 1180: 0.023393405103286663, 1190: 0.023250358285687493, 1200: 0.023171118282771706, 1210: 0.023146963915605796, 1220: 0.0230563442672485, 1230: 0.023117757394639758, 1240: 0.022982592583367954, 1250: 0.02291280825426384, 1260: 0.02297655696308261, 1270: 0.022885741897430815, 1280: 0.022862250400143842, 1290: 0.022826253950291003, 1300: 0.022729120665658964, 1310: 0.022733646489190257, 1320: 0.022684462533030657, 1330: 0.02268765567623523, 1340: 0.02264863215299979, 1350: 0.022656030190941513, 1360: 0.022547525320811328, 1370: 0.02252212535497087, 1380: 0.02249682275388466, 1390: 0.02240593043959937, 1400: 0.022481137938528368, 1410: 0.022485266263083697, 1420: 0.022319381586228204, 1430: 0.022394852480782473, 1440: 0.022312083656861277, 1450: 0.02235133963175675, 1460: 0.02224801980747464, 1470: 0.022266479184215274, 1480: 0.022327157388019603, 1490: 0.022271649667544594}",1460,0.02224801980747464,0.01,0.01,0.01
energy,fixnoiseFCN,32,0.01,0.0001,"{0: 0.8732999386365424, 10: 0.19810567694704612, 20: 0.09301899056124494, 30: 0.0799622939675391, 40: 0.0749568416683273, 50: 0.07173684314816821, 60: 0.06952405737760892, 70: 0.06792901865184689, 80: 0.06652434979398243, 90: 0.06527757039212964, 100: 0.06416594908078337, 110: 0.0629519122996168, 120: 0.061878633509373546, 130: 0.06091084302595802, 140: 0.05983851333382757, 150: 0.05886900375182471, 160: 0.05784751500755124, 170: 0.05685950091403358, 180: 0.055918189535826335, 190: 0.05481491013939351, 200: 0.05393967369223028, 210: 0.052685346062737407, 220: 0.051784589173929876, 230: 0.050710006356169804, 240: 0.04933905618342974, 250: 0.04819345421896455, 260: 0.046895157843013936, 270: 0.0456601372730187, 280: 0.044583967500309796, 290: 0.043452728090267345, 300: 0.042697564358524474, 310: 0.0414490690201374, 320: 0.040498020880566775, 330: 0.03963553400559535, 340: 0.038724360767790164, 350: 0.03793429138232482, 360: 0.03727188863368626, 370: 0.03635954587830435, 380: 0.03565550305432881, 390: 0.03507137629878127, 400: 0.034674666602153084, 410: 0.03389496788050864, 420: 0.03358963301595721, 430: 0.03269243519293949, 440: 0.032713781251925464, 450: 0.03196974249282837, 460: 0.03179004814445488, 470: 0.03126047902835991, 480: 0.031092321043842776, 490: 0.030457522030748495, 500: 0.03015126651965998, 510: 0.03001091572630211, 520: 0.029745452621273715, 530: 0.029274783015010852, 540: 0.029110224216761356, 550: 0.02851785699052801, 560: 0.028575609143568676, 570: 0.028354398129992242, 580: 0.028068307767220375, 590: 0.027987282238597793, 600: 0.0279431789484375, 610: 0.027375569440698515, 620: 0.027300954241602005, 630: 0.027167238985644722, 640: 0.027180432266672782, 650: 0.02699743206830608, 660: 0.026446401712641184, 670: 0.026667627455910198, 680: 0.02663307727874219, 690: 0.026209337987387032, 700: 0.026116051627133118, 710: 0.026201301942465626, 720: 0.02585422210338238, 730: 0.025504288117869384, 740: 0.025479526912407978, 750: 0.025589778437375366, 760: 0.02524431239561341, 770: 0.0253242873209245, 780: 0.024962625927095066, 790: 0.025027807506714145, 800: 0.025175109798443424, 810: 0.024873247633297277, 820: 0.02490703325110917, 830: 0.024579862086543013, 840: 0.024864261831547538, 850: 0.02452055378699722, 860: 0.02461156839787599, 870: 0.024662314657919786, 880: 0.024693839723428264}",850,0.02452055378699722,0.05,0.01,0.01
energy,fixnoiseFCN,32,0.01,0.0001,"{0: 0.9088505827822908, 10: 0.21315354417160987, 20: 0.11138495138592996, 30: 0.09010831146069911, 40: 0.08251273742661339, 50: 0.07807753282478376, 60: 0.07534500095940154, 70: 0.07301245803108028, 80: 0.0714576666618361, 90: 0.069988401517556, 100: 0.06838728367962568, 110: 0.06709972134605498, 120: 0.06605763960057229, 130: 0.06519120439393519, 140: 0.06405477284517239, 150: 0.06346706298958074, 160: 0.06228711847218373, 170: 0.06130301696124847, 180: 0.060644596172132983, 190: 0.059498917209596436, 200: 0.05845034514747109, 210: 0.0573050847791178, 220: 0.05636262558584339, 230: 0.05554077165439878, 240: 0.05435801656599222, 250: 0.05339225894146786, 260: 0.05223912040411425, 270: 0.050912309287896196, 280: 0.049729590978874104, 290: 0.04869001523046537, 300: 0.04761618389481785, 310: 0.046566753314842016, 320: 0.04526995260814111, 330: 0.04436525890066689, 340: 0.04320327250119862, 350: 0.042563414374669525, 360: 0.04160914129542698, 370: 0.040484943189343564, 380: 0.03979992651330079, 390: 0.03932273468591285, 400: 0.03842918761754758, 410: 0.03700695538841954, 420: 0.036326758467742366, 430: 0.036176113250667725, 440: 0.0354492495359023, 450: 0.034780214412834715, 460: 0.034675897917444985, 470: 0.03360848344398724, 480: 0.033631961197197226, 490: 0.033610794431671816, 500: 0.03208221226754855, 510: 0.03223845928884555, 520: 0.031886234727488166, 530: 0.03129407312057185, 540: 0.031177387427770504, 550: 0.031224962964372948, 560: 0.03065254887970375, 570: 0.030035263296863672, 580: 0.030131004888881617, 590: 0.03013479391657343, 600: 0.029974821252656762, 610: 0.030033395749727926, 620: 0.029295125828096902, 630: 0.029531056541856664, 640: 0.029022992597367826, 650: 0.02855642217083699, 660: 0.028643754402759687, 670: 0.028371378952568048, 680: 0.0283524413900327, 690: 0.028039381174313795, 700: 0.028296477045041152, 710: 0.028340741958060522, 720: 0.027793055024769097, 730: 0.027508589113087723, 740: 0.02756067616210891, 750: 0.027251447914320916, 760: 0.026786116697117595, 770: 0.027207706796530916, 780: 0.027103571729282967, 790: 0.02665252116033749, 800: 0.026707325477982723, 810: 0.025930663934800445, 820: 0.02654096035213053, 830: 0.026478260713708245, 840: 0.026298673670253847}",810,0.025930663934800445,0.1,0.01,0.01
energy,fixnoiseFCN,32,0.01,0.0005,"{0: 0.5000298890807892, 10: 0.07341042406728913, 20: 0.06513221981164004, 30: 0.059821985322174254, 40: 0.0550311293925156, 50: 0.05042417133312638, 60: 0.0451961987672862, 70: 0.04024673570128706, 80: 0.036407570933989414, 90: 0.03395809793059593, 100: 0.032337322293685286, 110: 0.031187440486984557, 120: 0.03024355837993108, 130: 0.029411785293722507, 140: 0.028751468502792393, 150: 0.028034596390452214, 160: 0.02732669126672374, 170: 0.026673648120195174, 180: 0.02599796067640795, 190: 0.025587176036958047, 200: 0.02508518512826351, 210: 0.02476245371686146, 220: 0.02435492314917138, 230: 0.024012939129424433, 240: 0.02370799878073699, 250: 0.02351424529901246, 260: 0.023315414624080395, 270: 0.02321084981964705, 280: 0.023031902660861636, 290: 0.022840471219211345, 300: 0.022614554555047222, 310: 0.022482524490783043, 320: 0.022356030680254095, 330: 0.022143068719458165, 340: 0.02197228511781748, 350: 0.021868593474559852, 360: 0.02171020056624385, 370: 0.021723801166630457, 380: 0.021572223343883583, 390: 0.02144804556969383, 400: 0.02137381339148551, 410: 0.021363710630305264, 420: 0.021331947827151893, 430: 0.021157892682199458, 440: 0.021145703536712152, 450: 0.021066082734353946, 460: 0.021057152075738442, 470: 0.02104287487616698, 480: 0.020939589134294216, 490: 0.020947899216520148, 500: 0.020869898040572016, 510: 0.020869754737521846, 520: 0.02083709531086462, 530: 0.020782178251575974, 540: 0.020690599816918225, 550: 0.020702458633943814, 560: 0.02074677135790886, 570: 0.020661284729533512, 580: 0.02065094097014842, 590: 0.020617227925043037, 600: 0.020582371568931637, 610: 0.020600073111103158, 620: 0.02057606091706213, 630: 0.02054525992468021, 640: 0.020401264703010225, 650: 0.020435945665076283, 660: 0.0204648939276733, 670: 0.020484697599697316}",640,0.020401264703010225,0.001,0.01,0.01
energy,fixnoiseFCN,32,0.01,0.0005,"{0: 0.5069203387788498, 10: 0.07564813497244287, 20: 0.06727361076159047, 30: 0.06302317192113417, 40: 0.058904600912918804, 50: 0.05382497106092533, 60: 0.04838526518674083, 70: 0.04305748682502396, 80: 0.03904629507369317, 90: 0.03604001663719576, 100: 0.03387733269763378, 110: 0.03239654684167464, 120: 0.0314162556795987, 130: 0.030550402207353444, 140: 0.029867652868602525, 150: 0.029151859506567478, 160: 0.028672153592371834, 170: 0.02822043425723162, 180: 0.027726232666310257, 190: 0.027324476689110193, 200: 0.026847473732475702, 210: 0.02640036180651174, 220: 0.026002988422233135, 230: 0.02559554037198228, 240: 0.025393473541166216, 250: 0.025115296338163152, 260: 0.02481729668070698, 270: 0.024677089012078872, 280: 0.024467539576475704, 290: 0.02440568856601038, 300: 0.023973697359115975, 310: 0.023955575183458953, 320: 0.023884405967632118, 330: 0.023717948598865387, 340: 0.023612868034618588, 350: 0.023460299471115432, 360: 0.02353636037707766, 370: 0.023488724376104136, 380: 0.023217508167338245, 390: 0.023204686998050922, 400: 0.023091516396204312, 410: 0.02306457476971683, 420: 0.022998898555629532, 430: 0.022875668496086125, 440: 0.02280261103402936, 450: 0.02283125258460849, 460: 0.02277899823594289, 470: 0.022683154747603053, 480: 0.022537192421518817, 490: 0.022535903917658567, 500: 0.0224901523053801, 510: 0.02243280518161016, 520: 0.02247614340992466, 530: 0.02244318103256141, 540: 0.022437862200754593}",510,0.02243280518161016,0.005,0.01,0.01
energy,fixnoiseFCN,32,0.01,0.0005,"{0: 0.4790337025348654, 10: 0.07517682757190383, 20: 0.06861240749067264, 30: 0.0638574927366548, 40: 0.05919732567710859, 50: 0.05423334760969478, 60: 0.04878644403435144, 70: 0.043025704984112886, 80: 0.038483505522727765, 90: 0.03526534506303619, 100: 0.03283438682794475, 110: 0.03134931958988398, 120: 0.030169244605998714, 130: 0.029283837754714815, 140: 0.028192693789457417, 150: 0.02745111269478411, 160: 0.02675575263570836, 170: 0.0262301015359659, 180: 0.025784892148030304, 190: 0.02554812584485445, 200: 0.025131471137034962, 210: 0.024953525272654438, 220: 0.024757651993777694, 230: 0.02450683830690975, 240: 0.024301937191374624, 250: 0.024029838377179126, 260: 0.023980326682436423, 270: 0.024132985275004896, 280: 0.02368015933905493, 290: 0.023703551067452217, 300: 0.023556257900971222, 310: 0.023589378414996087, 320: 0.023353072827577388, 330: 0.02333793165237923, 340: 0.02312312834481192, 350: 0.0232805455978858, 360: 0.023051211876142036, 370: 0.023174602128952587, 380: 0.022983542507146692, 390: 0.023046503765090227, 400: 0.022847255300117282, 410: 0.022965329664015943, 420: 0.022925483502693873, 430: 0.02286394092273084}",400,0.022847255300117282,0.01,0.01,0.01
energy,fixnoiseFCN,32,0.01,0.0005,"{0: 0.49466478535926584, 10: 0.07664110831112984, 20: 0.06672085702844291, 30: 0.06197026027563881, 40: 0.05779922846955458, 50: 0.05285391789547852, 60: 0.04764204111223806, 70: 0.04239483992930978, 80: 0.03830858620612777, 90: 0.03505539930741238, 100: 0.03377848277088167, 110: 0.03229304677113547, 120: 0.030906565425371103, 130: 0.02991316589331581, 140: 0.029683125369905174, 150: 0.02867456076558226, 160: 0.027898866044736997, 170: 0.027311881697995734, 180: 0.028401848768702935, 190: 0.026630478970508853, 200: 0.02691648176629317, 210: 0.026335529971897094, 220: 0.025917717379480742, 230: 0.025159673590183767, 240: 0.024898318928661074, 250: 0.025471707538522976, 260: 0.024861122714336967, 270: 0.0248346593176347, 280: 0.02467743492184159, 290: 0.024098823542118186, 300: 0.025036479282479245, 310: 0.024074071149105796, 320: 0.024461943069310304, 330: 0.023608864395052897, 340: 0.02291161189361956, 350: 0.023520038609173115, 360: 0.023021735822354675, 370: 0.023100716666759495}",340,0.02291161189361956,0.05,0.01,0.01
energy,fixnoiseFCN,32,0.01,0.0005,"{0: 0.4983972790693102, 10: 0.07688573947538539, 20: 0.06798990817476666, 30: 0.06277253479391086, 40: 0.05775046682368314, 50: 0.05173553325197115, 60: 0.04531392113484495, 70: 0.04109965689807006, 80: 0.0366584923163535, 90: 0.0337048340803299, 100: 0.03130962743503196, 110: 0.03044474226389466, 120: 0.02970234932156741, 130: 0.02948451428397979, 140: 0.027876662740298437, 150: 0.026771150163806677, 160: 0.027753611111261994, 170: 0.027009331716037616, 180: 0.0264552102167138, 190: 0.025644507956871444, 200: 0.02700098014664931, 210: 0.026021677704472612, 220: 0.024742885161150013, 230: 0.026582558747511552, 240: 0.02427283862418756, 250: 0.024506031761228182, 260: 0.024289741204743958, 270: 0.026240679748256047}",240,0.02427283862418756,0.1,0.01,0.01
energy,fixnoiseFCN,32,0.01,0.001,"{0: 0.21986657299908674, 10: 0.06938615762661507, 20: 0.061131080584189715, 30: 0.052710713165911874, 40: 0.0431354584110553, 50: 0.03656100546453343, 60: 0.03290588969443459, 70: 0.030644421267812128, 80: 0.029104813747703788, 90: 0.028041788500324183, 100: 0.027424857971213402, 110: 0.026697110673396546, 120: 0.025678860138434935, 130: 0.024981964462366356, 140: 0.024524003973097407, 150: 0.023795099723421306, 160: 0.023438630931751657, 170: 0.023101297584372876, 180: 0.022844005967191848, 190: 0.022663350030903966, 200: 0.02249218587492142, 210: 0.022463287850815812, 220: 0.022366076454273957, 230: 0.02215948616014601, 240: 0.022119626667939884, 250: 0.02203857067674021, 260: 0.02191873046439317, 270: 0.0217560804525608, 280: 0.021630772793503915, 290: 0.021699479240345692, 300: 0.021607022800319085, 310: 0.021486259045733, 320: 0.021452312630554183, 330: 0.021354164623168928, 340: 0.021558165018448358, 350: 0.021323048241196175, 360: 0.02140620542208795, 370: 0.021418027515561246, 380: 0.021308031441291557, 390: 0.0214450903823737, 400: 0.02129589789957265, 410: 0.021298869575932276, 420: 0.021237054496321354, 430: 0.02140888616357778, 440: 0.0213220518242752, 450: 0.0212848288285745}",420,0.021237054496321354,0.001,0.01,0.01
energy,fixnoiseFCN,32,0.01,0.001,"{0: 0.2198967014704166, 10: 0.06654172317593729, 20: 0.05756393299986327, 30: 0.049344422293504955, 40: 0.04191408230508905, 50: 0.03652062189207821, 60: 0.03309474231038001, 70: 0.03045899895004065, 80: 0.029132580630035376, 90: 0.027957170437284108, 100: 0.026740418584660086, 110: 0.02598327489411646, 120: 0.02548987862039479, 130: 0.02478161978700567, 140: 0.02435722297647608, 150: 0.02390514847844954, 160: 0.023440479638391847, 170: 0.02312693094064355, 180: 0.0228833321088958, 190: 0.02267080837440907, 200: 0.022564941763730906, 210: 0.022250041930424753, 220: 0.022195166085368707, 230: 0.02207182801517148, 240: 0.022115280564691198, 250: 0.021999808438554234, 260: 0.021751227435759784, 270: 0.021689353751096346, 280: 0.02171708358784135, 290: 0.021417905925745155, 300: 0.0215085476446228, 310: 0.021465508376465277, 320: 0.02124601110791673, 330: 0.021296591091368312, 340: 0.02127782857860051, 350: 0.02119520728389581, 360: 0.021080251024966717, 370: 0.021103224239143174, 380: 0.021035707742075086, 390: 0.021119280013028745, 400: 0.021113542138072438, 410: 0.021081115847261578}",380,0.021035707742075086,0.005,0.01,0.01
energy,fixnoiseFCN,32,0.01,0.001,"{0: 0.22208049151399498, 10: 0.06880365985908794, 20: 0.060721579434229234, 30: 0.05231315637103927, 40: 0.04408276160253209, 50: 0.03773181434856301, 60: 0.034244130143189964, 70: 0.03204657449483213, 80: 0.030718815496793894, 90: 0.029297558260046607, 100: 0.02830330812458287, 110: 0.027016427306904962, 120: 0.02606958106508215, 130: 0.025272210317377242, 140: 0.0245394534062121, 150: 0.02389444488129381, 160: 0.02346292658386633, 170: 0.02295680593723546, 180: 0.022513034898531042, 190: 0.02221963275849569, 200: 0.022135445595981202, 210: 0.021973795732814688, 220: 0.022039454703569394, 230: 0.0215622250895337, 240: 0.021736029269156115, 250: 0.0215790683940335, 260: 0.021420250475698593, 270: 0.021267662405040237, 280: 0.02140435180348145, 290: 0.021422473563860213, 300: 0.02132397270564689}",270,0.021267662405040237,0.01,0.01,0.01
energy,fixnoiseFCN,32,0.01,0.001,"{0: 0.2118138940609901, 10: 0.06909822102804415, 20: 0.060777432743301565, 30: 0.05281484506877323, 40: 0.0429831979123772, 50: 0.03657433788001529, 60: 0.0331876288302065, 70: 0.031731969716557895, 80: 0.02992503515299592, 90: 0.02848685410295258, 100: 0.02847224845012617, 110: 0.026406080266687927, 120: 0.025829147058647705, 130: 0.025050903479905663, 140: 0.025751843495838374, 150: 0.023535899019089004, 160: 0.02342587000797522, 170: 0.023294592966335136, 180: 0.022749065195437308, 190: 0.022704972148335816, 200: 0.02234678111859207, 210: 0.021436321122171396, 220: 0.021988098184372938, 230: 0.02100067144374255, 240: 0.02130566855050215, 250: 0.02089766765076145, 260: 0.02156877527161132, 270: 0.02025225251400676, 280: 0.021977801807770907, 290: 0.0207088750151923, 300: 0.019894838099026944, 310: 0.02089350453031654, 320: 0.02169179578357544, 330: 0.021211996586655964}",300,0.019894838099026944,0.05,0.01,0.01
energy,fixnoiseFCN,32,0.01,0.001,"{0: 0.21890250946142253, 10: 0.0709782649455715, 20: 0.06350612924362872, 30: 0.05398533621458599, 40: 0.0469621133808492, 50: 0.039700170487957875, 60: 0.035584558521469536, 70: 0.034641639168351765, 80: 0.03258582780572846, 90: 0.030398173973125154, 100: 0.03093990311840844, 110: 0.029317411311952868, 120: 0.029161766797451118, 130: 0.027683822460314693, 140: 0.027899551434748003, 150: 0.02647124104743979, 160: 0.027007680954954056, 170: 0.025746347984480535, 180: 0.024825400822078104, 190: 0.025159645887042347, 200: 0.02513860100928675, 210: 0.02545888940877562}",180,0.024825400822078104,0.1,0.01,0.01
energy,fixnoiseFCN,32,0.01,0.002,"{0: 0.1555650232824249, 10: 0.06770898599078794, 20: 0.05624898165885439, 30: 0.04578726004740127, 40: 0.037540771943774844, 50: 0.033578961213878614, 60: 0.03189746101206738, 70: 0.030543157480648165, 80: 0.02958611109223618, 90: 0.02832983247791785, 100: 0.027240029773517888, 110: 0.02659894782641693, 120: 0.02591703626173672, 130: 0.025538890641870322, 140: 0.024908682322753964, 150: 0.02488482039395482, 160: 0.024682786667802152, 170: 0.024592920735887525, 180: 0.02450839803427136, 190: 0.02439766266124675, 200: 0.02441889866116574, 210: 0.024132867186480077, 220: 0.024196641754960273, 230: 0.023911886162461083, 240: 0.02359780757737016, 250: 0.023576286152714204, 260: 0.023752541201221184, 270: 0.0233736598425534, 280: 0.023205319441150906, 290: 0.023274704182748157, 300: 0.023131444211664454, 310: 0.022937119416455605, 320: 0.02269387801198777, 330: 0.02254432001142828, 340: 0.022280866294621622, 350: 0.022413606966227417, 360: 0.022437767955229653, 370: 0.022138019600158473, 380: 0.022180626483806153, 390: 0.022117644299889674, 400: 0.022045417264919154, 410: 0.02226497116867926, 420: 0.022175951368285547, 430: 0.02212647788125317}",400,0.022045417264919154,0.001,0.01,0.01
energy,fixnoiseFCN,32,0.01,0.002,"{0: 0.14041004107603944, 10: 0.0676894759191055, 20: 0.055037275242691086, 30: 0.04478426206830651, 40: 0.03753610423189011, 50: 0.033734471956199684, 60: 0.03134253086929606, 70: 0.02991465237853083, 80: 0.029087057528692367, 90: 0.028068329755519206, 100: 0.027572121216135902, 110: 0.02684265323222581, 120: 0.026372212598277312, 130: 0.0253995835678817, 140: 0.0247387381485267, 150: 0.02417186869391021, 160: 0.024220833227144634, 170: 0.02344432414736384, 180: 0.023047726180374137, 190: 0.022623471365368963, 200: 0.022561823199244317, 210: 0.022456285753911114, 220: 0.022067931919568073, 230: 0.02203953408576696, 240: 0.02181125480342047, 250: 0.02174473469355743, 260: 0.02187381250579985, 270: 0.021762014802594466, 280: 0.021752662770077737}",250,0.02174473469355743,0.005,0.01,0.01
energy,fixnoiseFCN,32,0.01,0.002,"{0: 0.13348330811289696, 10: 0.06708606377553816, 20: 0.05544234244524042, 30: 0.04387608698077572, 40: 0.03679228522361127, 50: 0.03300400214155809, 60: 0.030599921507810286, 70: 0.028705263643310924, 80: 0.027422318952045138, 90: 0.026538833874628676, 100: 0.02564376228033809, 110: 0.02473047913999104, 120: 0.02409594788929907, 130: 0.02435355773752953, 140: 0.023833751659202335, 150: 0.023264224496963627, 160: 0.023099302025900374, 170: 0.022628399614514304, 180: 0.02235159077796418, 190: 0.022261802073829762, 200: 0.02239958659741905, 210: 0.021962313313773477, 220: 0.021829914942673726, 230: 0.021905378576660535, 240: 0.021556342020357756, 250: 0.021351303655555383, 260: 0.021548893727117872, 270: 0.021368230426790525, 280: 0.02100676460687866, 290: 0.021110814846714475, 300: 0.02099203994475562, 310: 0.02092766726140529, 320: 0.020969852906276062, 330: 0.020889212748731643, 340: 0.02056667167396962, 350: 0.021022752182207893, 360: 0.02094979833704276, 370: 0.020938330207838786}",340,0.02056667167396962,0.01,0.01,0.01
energy,fixnoiseFCN,32,0.01,0.002,"{0: 0.13265247006323294, 10: 0.0684152194228424, 20: 0.05739410084044315, 30: 0.04348471898902826, 40: 0.03527243233354238, 50: 0.033075596642344454, 60: 0.03133770818868633, 70: 0.02852644201367597, 80: 0.02836843635884425, 90: 0.02745836302670327, 100: 0.026931303627957835, 110: 0.024167666623651125, 120: 0.02456655259800604, 130: 0.022246908174146734, 140: 0.022395261809801826, 150: 0.02177753439385359, 160: 0.021513845491496486, 170: 0.02115474386515815, 180: 0.021456105761005574, 190: 0.020860223577377816, 200: 0.02083324240174283, 210: 0.021105464653454708, 220: 0.0209826548113986, 230: 0.021251595418120238}",200,0.02083324240174283,0.05,0.01,0.01
energy,fixnoiseFCN,32,0.01,0.002,"{0: 0.15337039593194593, 10: 0.06870605610842292, 20: 0.05958195520205194, 30: 0.04615123851315889, 40: 0.03909872443866177, 50: 0.03667242918195811, 60: 0.03480303988255899, 70: 0.03355280467889102, 80: 0.032048074228883464, 90: 0.032887368188783926, 100: 0.032450649652773576, 110: 0.031185005452098107, 120: 0.029334181159343477, 130: 0.030166985977088057, 140: 0.028013569090128598, 150: 0.026916889791187844, 160: 0.027193276017236978, 170: 0.028593309822588002, 180: 0.027758589191564587}",150,0.026916889791187844,0.1,0.01,0.01
energy,fixnoiseFCN,32,0.001,0.0001,"{0: 0.9053550787755654, 10: 0.18160815034133665, 20: 0.09803269841923849, 30: 0.08336066977182627, 40: 0.07683880211549346, 50: 0.0725855063029874, 60: 0.0694548371497566, 70: 0.06680607248505291, 80: 0.06435141935120356, 90: 0.06196800215018601, 100: 0.05967335257935917, 110: 0.057431951948091156, 120: 0.05529615117352906, 130: 0.053194809177133, 140: 0.05112541386383216, 150: 0.049077502842910625, 160: 0.04704017695280316, 170: 0.04508251538037197, 180: 0.0432016185780124, 190: 0.04136872184433675, 200: 0.03959015233105308, 210: 0.037940527685756176, 220: 0.03636808304877523, 230: 0.03488870335098117, 240: 0.03351655625100813, 250: 0.03224287681230923, 260: 0.031050033220063285, 270: 0.029920327053388585, 280: 0.02890291103615803, 290: 0.027881942467157538, 300: 0.02686781882609183, 310: 0.025872700768144952, 320: 0.024944859932461143, 330: 0.024024307477698435, 340: 0.02310075785648949, 350: 0.02218152110864683, 360: 0.021294637471035285, 370: 0.020505494109697382, 380: 0.01979251016896081, 390: 0.01909939267873808, 400: 0.01848262974173903, 410: 0.017912518671898348, 420: 0.017430169844616854, 430: 0.016968488876324177, 440: 0.016579626492885857, 450: 0.016248118551280416, 460: 0.015952699643517677, 470: 0.015643756921803666, 480: 0.015433295474561607, 490: 0.015210830550067356, 500: 0.014999050533158925, 510: 0.014865808969337008, 520: 0.014707739582288016, 530: 0.014541547879001726, 540: 0.014436371419387634, 550: 0.014309315926314797, 560: 0.014213544875184775, 570: 0.014083302075096199, 580: 0.014008099407562868, 590: 0.013903274541112776, 600: 0.013807107159460994, 610: 0.013711525953255515, 620: 0.013606285168719196, 630: 0.013515739080123875, 640: 0.01347505499200562, 650: 0.013406782420695932, 660: 0.01330358944355391, 670: 0.013261819034618715, 680: 0.013181023901162364, 690: 0.01314711002109161, 700: 0.013075518641694359, 710: 0.013011961510857012, 720: 0.012983249504030781, 730: 0.012929306471926139, 740: 0.012931742491944084, 750: 0.012859264186813218, 760: 0.012838667576992816, 770: 0.012758844898420062, 780: 0.01274562859357865, 790: 0.012684419667679683, 800: 0.012674641295238251, 810: 0.012615323508428675, 820: 0.012568964328970372, 830: 0.01254506421228393, 840: 0.012518385774080482, 850: 0.012478409298101924, 860: 0.012414729868412001, 870: 0.012384105472552762, 880: 0.012331949082513154, 890: 0.012323269248058379, 900: 0.01223867842369005, 910: 0.012218489693883644, 920: 0.012173287277773377, 930: 0.012132049651708995, 940: 0.012098406626545382, 950: 0.012054784039431901, 960: 0.012005008101328268, 970: 0.01199645633697182, 980: 0.011953882365144306, 990: 0.011914371776909797, 1000: 0.01191541633052213, 1010: 0.011914672966047032, 1020: 0.01189376370462238, 1030: 0.011868041212191748, 1040: 0.01186639372123832, 1050: 0.01185849033416263, 1060: 0.011830866015036473, 1070: 0.01180967311688263, 1080: 0.011808000251503845, 1090: 0.01179646520027485, 1100: 0.011782101362059372, 1110: 0.011743336024653307, 1120: 0.011737119981639984, 1130: 0.011678830333482054, 1140: 0.011665921753159956, 1150: 0.01169311843338798, 1160: 0.011649522068261739, 1170: 0.011640110558851427, 1180: 0.011614431832735438, 1190: 0.01159963184426693, 1200: 0.01157802125503842, 1210: 0.011556251727699477, 1220: 0.011533421663400847, 1230: 0.011517624506895922, 1240: 0.011502239212674783, 1250: 0.01147855431103105, 1260: 0.011469613021944925, 1270: 0.011449446877461921, 1280: 0.011443245954954072, 1290: 0.011426190133950687, 1300: 0.011429729786698149, 1310: 0.01140530345057561, 1320: 0.011382728165660293, 1330: 0.011371757729766205, 1340: 0.011363479458878004, 1350: 0.011365935151040351, 1360: 0.011346299699730462, 1370: 0.011366045262985302, 1380: 0.011333317985971932, 1390: 0.011303318392507228, 1400: 0.01130374113816977, 1410: 0.011282078690882005, 1420: 0.011270026156973473, 1430: 0.011274494292040983, 1440: 0.011218481934248932, 1450: 0.011226891906052932, 1460: 0.011221621107999208, 1470: 0.011171768610438304, 1480: 0.01115954058530564, 1490: 0.011164665325131062, 1500: 0.011142903568545104, 1510: 0.011136010675002785, 1520: 0.011113473048028264, 1530: 0.011115700169339205, 1540: 0.011101952960011397, 1550: 0.011071029164226719, 1560: 0.011076061724020186, 1570: 0.011067832591600234, 1580: 0.011055979017810266, 1590: 0.011069782917747378, 1600: 0.011069063600398502, 1610: 0.011027985471374636, 1620: 0.011019019109528256, 1630: 0.011005547887647026, 1640: 0.011006772804543064, 1650: 0.011002467380404397, 1660: 0.0110195533892925, 1670: 0.010998239359250766, 1680: 0.010986337388041325, 1690: 0.01097360787526921, 1700: 0.010971589139103493, 1710: 0.010963820036020073, 1720: 0.010949334236824872, 1730: 0.01095393332006668, 1740: 0.01095474998333979, 1750: 0.010943871193745288, 1760: 0.010930232276739591, 1770: 0.010931366025211393, 1780: 0.010945476528245216, 1790: 0.010933591637601022}",1760,0.010930232276739591,0.001,0.01,0.01
energy,fixnoiseFCN,32,0.001,0.0001,"{0: 0.9077874417719993, 10: 0.1921896140038864, 20: 0.09924800663816084, 30: 0.0848619872257044, 40: 0.07869746380078582, 50: 0.07469867462776161, 60: 0.07155615071538057, 70: 0.06885043790033424, 80: 0.06636097382396107, 90: 0.06395765698152305, 100: 0.061579867032536914, 110: 0.05914690736420556, 120: 0.056745839659752696, 130: 0.05437966737631565, 140: 0.05211888219176626, 150: 0.04969160767480896, 160: 0.0472202626732839, 170: 0.044908900408953824, 180: 0.04278389691649144, 190: 0.04071565897343128, 200: 0.03875022432138153, 210: 0.036717476141426175, 220: 0.03504038083974153, 230: 0.03321291712996134, 240: 0.03160966469398717, 250: 0.030212667326483984, 260: 0.028772836407033597, 270: 0.027377283410991528, 280: 0.026071405031683682, 290: 0.024755057041855648, 300: 0.023612428819342373, 310: 0.022569186323351274, 320: 0.021700632573340862, 330: 0.020698507180094607, 340: 0.019794955005586014, 350: 0.018987342260810718, 360: 0.018336252378595007, 370: 0.017522092316114478, 380: 0.016963530816813042, 390: 0.01638083678639072, 400: 0.0159068804232032, 410: 0.015410508138394374, 420: 0.014945437162335031, 430: 0.014796343959935478, 440: 0.014485925823965462, 450: 0.014283581367193238, 460: 0.014061476119526956, 470: 0.014006092340398572, 480: 0.013704088987755539, 490: 0.013439567571829378, 500: 0.013359764498260897, 510: 0.013170858680373761, 520: 0.013141419091620027, 530: 0.012900268293343217, 540: 0.012885529559895578, 550: 0.012724435007477441, 560: 0.012694121442470063, 570: 0.012581004416571308, 580: 0.012554066657722612, 590: 0.012464692386064102, 600: 0.012343751099747603, 610: 0.012387569557503511, 620: 0.012383912115302084, 630: 0.012319120340032883, 640: 0.012316408152770842, 650: 0.012126462454219314, 660: 0.012262622275733935, 670: 0.012245176645924524, 680: 0.012106094628648926, 690: 0.011967557650004847, 700: 0.012117994868340656, 710: 0.012154295502420935, 720: 0.012148691332443116}",690,0.011967557650004847,0.005,0.01,0.01
energy,fixnoiseFCN,32,0.001,0.0001,"{0: 0.8816715642227961, 10: 0.1836287169425182, 20: 0.0916091907173137, 30: 0.0790498552256809, 40: 0.07346859289988365, 50: 0.06986197467372526, 60: 0.06716093965263012, 70: 0.06487880874001653, 80: 0.06262595025318814, 90: 0.06051929890230649, 100: 0.05843336798352956, 110: 0.056347067967180364, 120: 0.05422181319959256, 130: 0.05209840523079286, 140: 0.0499415654431883, 150: 0.04777896664867866, 160: 0.04567170778204287, 170: 0.04351619501225427, 180: 0.041479145577414486, 190: 0.039568155498706736, 200: 0.03770406132753366, 210: 0.036094456158134516, 220: 0.03430403542614143, 230: 0.032798399734786834, 240: 0.03153920656180089, 250: 0.030093135370911517, 260: 0.028797620162640904, 270: 0.027513990588496122, 280: 0.02627018046378295, 290: 0.024995326177109943, 300: 0.024003475195651658, 310: 0.022840778616979553, 320: 0.02189164145726884, 330: 0.02079573523101271, 340: 0.019854039125497998, 350: 0.018936458029206453, 360: 0.01830232431718616, 370: 0.017485088425624275, 380: 0.016752682490279024, 390: 0.016006201973171784, 400: 0.015663557634349425, 410: 0.015049994220691778, 420: 0.014640698520118883, 430: 0.014517901193335162, 440: 0.014064445786945712, 450: 0.013552061493361921, 460: 0.013674194865424238, 470: 0.013282395039668809, 480: 0.013111773835015739, 490: 0.012997791402532956, 500: 0.013198365968273857, 510: 0.013029838079547152, 520: 0.012543940134423443, 530: 0.012437409041001329, 540: 0.012322443470547024, 550: 0.012373659553510991, 560: 0.012182568656396074, 570: 0.01223466636888076, 580: 0.012215870866688783, 590: 0.012305727159520271}",560,0.012182568656396074,0.01,0.01,0.01
energy,fixnoiseFCN,32,0.001,0.0001,"{0: 0.8807954497262983, 10: 0.1669090937393579, 20: 0.08650894963729784, 30: 0.07700905040875683, 40: 0.07312132504001691, 50: 0.07047013004338855, 60: 0.06863452807827487, 70: 0.06710363370004566, 80: 0.06532115661576995, 90: 0.06365716261882297, 100: 0.0618337339463809, 110: 0.05994554267672162, 120: 0.05761205729737125, 130: 0.05541280730223197, 140: 0.05314597743175459, 150: 0.050732358400581455, 160: 0.04871743869880001, 170: 0.04656032190892627, 180: 0.04434323966285673, 190: 0.04154363088160813, 200: 0.03973057206348231, 210: 0.03764175359861272, 220: 0.03591371489345916, 230: 0.03384996722367316, 240: 0.03255005498947612, 250: 0.030433187369909125, 260: 0.029475930468286653, 270: 0.028141985690154407, 280: 0.026962144987978658, 290: 0.02615286010740404, 300: 0.02517260715904616, 310: 0.023074265047793634, 320: 0.022518368404496156, 330: 0.021625529966159105, 340: 0.02063436200143428, 350: 0.019844068879442588, 360: 0.01832536189333667, 370: 0.01844696372692309, 380: 0.017063719681490824, 390: 0.016739698405030385, 400: 0.01606343392030499, 410: 0.015337255981783182, 420: 0.015210695778865402, 430: 0.015347182730965761, 440: 0.014782449519456597, 450: 0.015309134908291092, 460: 0.014146274650986035, 470: 0.0146922587502217, 480: 0.013826278012057719, 490: 0.013690623992193337, 500: 0.013438487270474333, 510: 0.013867527044694869, 520: 0.013486299130099405, 530: 0.013671236681524385}",500,0.013438487270474333,0.05,0.01,0.01
energy,fixnoiseFCN,32,0.001,0.0001,"{0: 0.8667995141900795, 10: 0.16396429363916704, 20: 0.09134246897700626, 30: 0.08115167384985826, 40: 0.07610344241549376, 50: 0.07254344214552819, 60: 0.07016083665056085, 70: 0.06783885485127093, 80: 0.06561412875100278, 90: 0.06354829125874928, 100: 0.062043488691381564, 110: 0.05994020879867433, 120: 0.05856079204278828, 130: 0.05682890673777341, 140: 0.054661653982282996, 150: 0.05279530175501913, 160: 0.05137845981619358, 170: 0.04924485524022769, 180: 0.04756215103417456, 190: 0.046039386569915436, 200: 0.04485906638179233, 210: 0.04224617357765351, 220: 0.041518935632180586, 230: 0.039107875342591435, 240: 0.03792641315304858, 250: 0.036364239133178475, 260: 0.03427713679813328, 270: 0.03331413042834484, 280: 0.03294131307657021, 290: 0.031475659506997475, 300: 0.029550350677978187, 310: 0.029097239064817572, 320: 0.028341318610705574, 330: 0.02863613345321279, 340: 0.02568049961230595, 350: 0.02447953936257244, 360: 0.024468093203793055, 370: 0.024974068785171923, 380: 0.022823081978706104, 390: 0.021476011069057804, 400: 0.02265668796854771, 410: 0.021304794080311155, 420: 0.02027184549022993, 430: 0.019650541370461246, 440: 0.01931585209643016, 450: 0.0181738828478065, 460: 0.017820080956259195, 470: 0.01818487243998687, 480: 0.01710522001983821, 490: 0.015974811022160577, 500: 0.016486398979681866, 510: 0.015395538310823098, 520: 0.015050942036203468, 530: 0.014607995213993122, 540: 0.015470331910474807, 550: 0.015151086387956966, 560: 0.014600379658619909, 570: 0.01389143090128132, 580: 0.013502034085452575, 590: 0.013500263594020434, 600: 0.014298989312773177, 610: 0.01426720059495784, 620: 0.012895139700736974, 630: 0.012807266451540044, 640: 0.013015600350873718, 650: 0.012908353860371235, 660: 0.01264188222180718, 670: 0.012222674525874517, 680: 0.012219061805241929, 690: 0.012650096453276952, 700: 0.012163695463071354, 710: 0.011833627477566788, 720: 0.012182902268145354, 730: 0.011770608123403286, 740: 0.012650579326579679, 750: 0.012544002038204882, 760: 0.011609892415208736, 770: 0.011197201692709368, 780: 0.012403366759612584, 790: 0.012124511310176566, 800: 0.011586115514683547}",770,0.011197201692709368,0.1,0.01,0.01
energy,fixnoiseFCN,32,0.001,0.0005,"{0: 0.46404316688670677, 10: 0.07218556445373482, 20: 0.0629852829757975, 30: 0.05485982466809323, 40: 0.04564259793720102, 50: 0.037564324869946944, 60: 0.03140554969516394, 70: 0.025914404141615742, 80: 0.02159337259545539, 90: 0.018697559848248037, 100: 0.016686576822722725, 110: 0.015432246759986699, 120: 0.01445066610004395, 130: 0.013776312092651542, 140: 0.013193532859222118, 150: 0.012806674458536324, 160: 0.012294083664683552, 170: 0.012091338132907414, 180: 0.011831047069494838, 190: 0.011672391815578501, 200: 0.011446734617660239, 210: 0.011276457026103338, 220: 0.011185036822369014, 230: 0.01114776701470667, 240: 0.01099736386377329, 250: 0.010932025102225462, 260: 0.010921747820603539, 270: 0.011003445458934693, 280: 0.011020012116242128, 290: 0.0109523368587882}",260,0.010921747820603539,0.001,0.01,0.01
energy,fixnoiseFCN,32,0.001,0.0005,"{0: 0.4973757743835449, 10: 0.07512239526039233, 20: 0.06408843280610746, 30: 0.05503662110783094, 40: 0.044801768527084326, 50: 0.03536099224684875, 60: 0.028069435647739328, 70: 0.022720016282675913, 80: 0.01884518640750641, 90: 0.016318030595629474, 100: 0.014730367386361354, 110: 0.013989451964223572, 120: 0.01309930611992391, 130: 0.012783145030540146, 140: 0.012476753056440098, 150: 0.012423867603815326, 160: 0.012186826315218034, 170: 0.0118730000757956, 180: 0.01178465731774386, 190: 0.011538988793799814, 200: 0.011690276521431214, 210: 0.01139549642819159, 220: 0.01133663749459331, 230: 0.011135537943161165, 240: 0.011262731110424154, 250: 0.01102809812846294, 260: 0.011002760767248052, 270: 0.011112930174588295, 280: 0.011482687976944152, 290: 0.010974064345310073, 300: 0.011308439900781094, 310: 0.011064442495505014, 320: 0.011172613545675808}",290,0.010974064345310073,0.005,0.01,0.01
energy,fixnoiseFCN,32,0.001,0.0005,"{0: 0.4320001243067379, 10: 0.07519866281458254, 20: 0.06369026897277266, 30: 0.05348650183224304, 40: 0.04297622681775245, 50: 0.03430982893162785, 60: 0.028435378437696713, 70: 0.02362276726955575, 80: 0.020186973447889965, 90: 0.01752320339479467, 100: 0.015529617336301243, 110: 0.01441041151230218, 120: 0.013778470531312046, 130: 0.013312788182211932, 140: 0.012833526139346801, 150: 0.012714020263686166, 160: 0.012331123432529564, 170: 0.01270418823444075, 180: 0.011869327308279656, 190: 0.011827289241258223, 200: 0.012028195232616678, 210: 0.011491171339275788, 220: 0.010933532890746169, 230: 0.010926812725702945, 240: 0.011069565254417374, 250: 0.011361921060528479, 260: 0.010968054928728104}",230,0.010926812725702945,0.01,0.01,0.01
energy,fixnoiseFCN,32,0.001,0.0005,"{0: 0.45486500730883767, 10: 0.07403473685769006, 20: 0.06366294453122387, 30: 0.05477952605283938, 40: 0.045427669715630316, 50: 0.03545971352522109, 60: 0.028933856923663896, 70: 0.02548397774226575, 80: 0.020311594355886663, 90: 0.01806256917716026, 100: 0.016666646267686006, 110: 0.014262746732821508, 120: 0.014566223530562283, 130: 0.014636344838612883, 140: 0.011118435980480273, 150: 0.013650899986431991, 160: 0.01185654409005831, 170: 0.012723380791979894}",140,0.011118435980480273,0.05,0.01,0.01
energy,fixnoiseFCN,32,0.001,0.0005,"{0: 0.4399974072970948, 10: 0.07028855569953604, 20: 0.06111454003097398, 30: 0.052998389892243356, 40: 0.045297567392202295, 50: 0.03870525072878255, 60: 0.03361674691435616, 70: 0.031025586791329586, 80: 0.02518213538900584, 90: 0.02159541824319419, 100: 0.02127081024058696, 110: 0.020203941485999834, 120: 0.016568395288123157, 130: 0.015388349299438869, 140: 0.01558032540002954, 150: 0.014533838620264142, 160: 0.01500859778413161, 170: 0.010867099921284465, 180: 0.01333680346735516, 190: 0.011983785225920293, 200: 0.012106946821524498}",170,0.010867099921284465,0.1,0.01,0.01
energy,fixnoiseFCN,32,0.001,0.001,"{0: 0.21745211772007988, 10: 0.06790042694607894, 20: 0.051683255704970066, 30: 0.035057572298438075, 40: 0.02584545307683616, 50: 0.019346436318052294, 60: 0.01555402049273213, 70: 0.014070437096769823, 80: 0.013483576947994711, 90: 0.01407763408571452, 100: 0.0139509960444125, 110: 0.013106142724220587, 120: 0.012869495789539184, 130: 0.01262260312039475, 140: 0.012790403223651003, 150: 0.012813799850956476, 160: 0.012690132351930556}",130,0.01262260312039475,0.001,0.01,0.01
energy,fixnoiseFCN,32,0.001,0.001,"{0: 0.22804394081904222, 10: 0.06542537342262963, 20: 0.05024802395404895, 30: 0.03406559954020407, 40: 0.024100400308077814, 50: 0.01810079431007367, 60: 0.015665999793326033, 70: 0.014347057177495412, 80: 0.014093066080083977, 90: 0.013326249323702388, 100: 0.013125291705867851, 110: 0.01295222912779877, 120: 0.01228438832313761, 130: 0.012351606047771722, 140: 0.012163446420004538, 150: 0.012343545328009208, 160: 0.011803223228936798, 170: 0.012275251219421229, 180: 0.012049817280774592, 190: 0.012252435477344486}",160,0.011803223228936798,0.005,0.01,0.01
energy,fixnoiseFCN,32,0.001,0.001,"{0: 0.20779157082756156, 10: 0.06546770881443886, 20: 0.04981490858648914, 30: 0.03609098439283225, 40: 0.025182255484336547, 50: 0.0182453151097799, 60: 0.0157903571396656, 70: 0.01348745329348974, 80: 0.01298465969210547, 90: 0.012264246634300388, 100: 0.012435207264387405, 110: 0.011880096335122423, 120: 0.012058116437877959, 130: 0.011652264471746625, 140: 0.012409978577953791, 150: 0.011623755735375597, 160: 0.01169159003566565, 170: 0.012048806560486574, 180: 0.011014697879431695, 190: 0.011007525294278859, 200: 0.011121726498232693, 210: 0.011807552643599914, 220: 0.011262981794582384}",190,0.011007525294278859,0.01,0.01,0.01
energy,fixnoiseFCN,32,0.001,0.001,"{0: 0.2196191226818014, 10: 0.06765121295914107, 20: 0.05655255148120995, 30: 0.041465242752214755, 40: 0.027243627480145704, 50: 0.021749212788538343, 60: 0.017001909887740634, 70: 0.013879749859497895, 80: 0.013372839855591975, 90: 0.01379650728624375, 100: 0.013200326556123632, 110: 0.014415367065323014, 120: 0.013937896591483728, 130: 0.012258376571032407, 140: 0.011113354124267345, 150: 0.011920965761025715, 160: 0.012692338895692174, 170: 0.012498952200710494}",140,0.011113354124267345,0.05,0.01,0.01
energy,fixnoiseFCN,32,0.001,0.001,"{0: 0.23530490721076802, 10: 0.06995387816649985, 20: 0.05397466819772605, 30: 0.043770239406911896, 40: 0.02862678331931313, 50: 0.025537776145312004, 60: 0.020091166898561535, 70: 0.016801665910544113, 80: 0.01726114704815702, 90: 0.015134035044613003, 100: 0.015187274171013393, 110: 0.0190022635962042, 120: 0.01799024043473902}",90,0.015134035044613003,0.1,0.01,0.01
energy,fixnoiseFCN,32,0.001,0.002,"{0: 0.14734336901696926, 10: 0.059832227258968716, 20: 0.03521560915638673, 30: 0.023853448589668657, 40: 0.017321780863834048, 50: 0.01503628218426355, 60: 0.012550145734434689, 70: 0.012793120045642384, 80: 0.012552853771433874, 90: 0.01252808982149406, 100: 0.012464568972280744, 110: 0.01203134684274441, 120: 0.012960171943482526, 130: 0.01248673298582981, 140: 0.012124395141432412}",110,0.01203134684274441,0.001,0.01,0.01
energy,fixnoiseFCN,32,0.001,0.002,"{0: 0.1595617164552458, 10: 0.0628737654059323, 20: 0.03653035166987527, 30: 0.023308672118541256, 40: 0.01632115132136038, 50: 0.014203349726929253, 60: 0.012734023973447046, 70: 0.011829963681679932, 80: 0.011885321003514106, 90: 0.013956230423657373, 100: 0.011433648602414132, 110: 0.011418325561204883, 120: 0.011585490029468074, 130: 0.012069467554015608, 140: 0.012992796007425634}",110,0.011418325561204883,0.005,0.01,0.01
energy,fixnoiseFCN,32,0.001,0.002,"{0: 0.15027667786834178, 10: 0.06219055638398454, 20: 0.0362709412576913, 30: 0.023092679911262428, 40: 0.015381895354350028, 50: 0.01255604942670204, 60: 0.012881728909042328, 70: 0.011639018163721008, 80: 0.01111923187889688, 90: 0.011683855772015453, 100: 0.011317598650473507, 110: 0.012318590179214326}",80,0.01111923187889688,0.01,0.01,0.01
energy,fixnoiseFCN,32,0.001,0.002,"{0: 0.1471718282019887, 10: 0.06033327323122055, 20: 0.036861318647245817, 30: 0.02522626057456855, 40: 0.017855563427864173, 50: 0.013736360491227739, 60: 0.012078830621978703, 70: 0.012041352021712852, 80: 0.014965812179414988, 90: 0.013003202792908486, 100: 0.010925514123987297, 110: 0.011793595483703095, 120: 0.012979417137678018, 130: 0.013907256874840596}",100,0.010925514123987297,0.05,0.01,0.01
energy,fixnoiseFCN,32,0.001,0.002,"{0: 0.1476388929073896, 10: 0.06286081560646219, 20: 0.040908348616289565, 30: 0.02495287638430685, 40: 0.019023904417543775, 50: 0.01631512121716595, 60: 0.013530364624203128, 70: 0.015263966825282652, 80: 0.014499790799945164, 90: 0.013439764329661133, 100: 0.012989438613519217, 110: 0.016272922490682344, 120: 0.013720920813527724, 130: 0.014190527605441242}",100,0.012989438613519217,0.1,0.01,0.01
energy,fixnoiseFCN,32,0.0001,0.0001,"{0: 0.8980508794407042, 10: 0.17760824677559847, 20: 0.09628124491579848, 30: 0.08272084079947961, 40: 0.07660126751118719, 50: 0.07248012129583312, 60: 0.06927250537429987, 70: 0.06664088351703415, 80: 0.06425976998936203, 90: 0.062061848027097154, 100: 0.05967233572306672, 110: 0.05731902436826064, 120: 0.05497702070133663, 130: 0.05263929865101441, 140: 0.05030003222561782, 150: 0.04790973027026861, 160: 0.04555307511812716, 170: 0.043237999415959294, 180: 0.04102377164763847, 190: 0.03887439868181415, 200: 0.03680573040556188, 210: 0.03492624083997868, 220: 0.033158465365960045, 230: 0.03151323117020845, 240: 0.02985506044383226, 250: 0.02829954351792411, 260: 0.026830733004487246, 270: 0.02543823765696295, 280: 0.024101174600083763, 290: 0.022762651571302146, 300: 0.02151093252959465, 310: 0.02031176829675599, 320: 0.019259496671624913, 330: 0.018262275509828212, 340: 0.01743625370510281, 350: 0.016674283872353906, 360: 0.016063048724022037, 370: 0.015564049779921952, 380: 0.015168954420417217, 390: 0.014812819739945424, 400: 0.014527984917502467, 410: 0.014285208305149604, 420: 0.014125168897267656, 430: 0.013951982978637553, 440: 0.013835165474447653, 450: 0.013691113575698178, 460: 0.013610017062086022, 470: 0.013505542065412518, 480: 0.013400247195710997, 490: 0.013318627813860017, 500: 0.013262888947872916, 510: 0.013170624353506955, 520: 0.013167826993003395, 530: 0.013106908019250785, 540: 0.013080467880737892, 550: 0.013027552916594748, 560: 0.013016455096613321, 570: 0.012951322390799557, 580: 0.012988407818798392, 590: 0.012954843405502093, 600: 0.012931279857672364, 610: 0.012959875166354107, 620: 0.012914934664516329, 630: 0.012963202717975547, 640: 0.01286131558871793, 650: 0.012920405535496832, 660: 0.012848287374046835, 670: 0.012894201344808814, 680: 0.01287947511674066, 690: 0.012875040749135841}",660,0.012848287374046835,0.001,0.01,0.01
energy,fixnoiseFCN,32,0.0001,0.0001,"{0: 0.8704460000556484, 10: 0.1779638767854128, 20: 0.09420421582852842, 30: 0.08059850519265585, 40: 0.07473411913581345, 50: 0.07107837576278604, 60: 0.06819700978037978, 70: 0.06572293861419475, 80: 0.06342598369669536, 90: 0.06124883048285028, 100: 0.05906812827435872, 110: 0.056845426919415645, 120: 0.054624369488459314, 130: 0.052375622796482856, 140: 0.05025506955964334, 150: 0.04805986071940138, 160: 0.04590236858877995, 170: 0.043748425516109614, 180: 0.041748079723391424, 190: 0.039622339727532055, 200: 0.037591988737376535, 210: 0.03587571795869435, 220: 0.0341154396017599, 230: 0.03249437548552817, 240: 0.030841389188462777, 250: 0.02944380224846362, 260: 0.027999480543840605, 270: 0.026823089216125418, 280: 0.02543217192945041, 290: 0.024016848303363727, 300: 0.02300698032616818, 310: 0.021763370939042986, 320: 0.020563656412656863, 330: 0.0194516130996262, 340: 0.01850256090284915, 350: 0.017659023301468624, 360: 0.016829783241790196, 370: 0.016020375152464694, 380: 0.015447847585016435, 390: 0.014725154232073389, 400: 0.01429774101158746, 410: 0.014000819896077349, 420: 0.013821817868725944, 430: 0.013440465212253578, 440: 0.013322492896111371, 450: 0.01290402772468848, 460: 0.012703836292493156, 470: 0.012680180094154076, 480: 0.012423284818591729, 490: 0.012278879230898349, 500: 0.012247510385746365, 510: 0.012042899969476158, 520: 0.012064915380236962, 530: 0.011993509210972853, 540: 0.011742908069865157, 550: 0.011794387090166229, 560: 0.011639682762163445, 570: 0.01144314748363518, 580: 0.011515143205547402, 590: 0.011436715387624672, 600: 0.01128624541522131, 610: 0.011182921021525325, 620: 0.011498141286249965, 630: 0.011402089552841877, 640: 0.011312503991957629}",610,0.011182921021525325,0.005,0.01,0.01
energy,fixnoiseFCN,32,0.0001,0.0001,"{0: 0.8476263924390495, 10: 0.1732890161914411, 20: 0.09036632737652009, 30: 0.07942257840059748, 40: 0.07450279857023437, 50: 0.07101128174812019, 60: 0.06832525988366228, 70: 0.06600861719460802, 80: 0.06364861535595827, 90: 0.06146994526318657, 100: 0.05940157470306874, 110: 0.0573967241803384, 120: 0.05529885733487462, 130: 0.053230717987036616, 140: 0.051177634888353564, 150: 0.04926501002639838, 160: 0.04729925040798626, 170: 0.04528808646384683, 180: 0.043486688120481044, 190: 0.04172640664563304, 200: 0.04000822506997922, 210: 0.03822805325531823, 220: 0.03650007716756287, 230: 0.03500680794598547, 240: 0.033481774916225684, 250: 0.032142412005627646, 260: 0.03073653578683764, 270: 0.02936240230180153, 280: 0.028193034459410404, 290: 0.026893124297533322, 300: 0.025763342568486253, 310: 0.024673451541713336, 320: 0.023399327379070085, 330: 0.022633552215482, 340: 0.02152212237402763, 350: 0.02069278091085993, 360: 0.019391256743997602, 370: 0.0188112302760873, 380: 0.017992441046361878, 390: 0.01732656261714243, 400: 0.016869197072448584, 410: 0.015862524812075635, 420: 0.015800824964759857, 430: 0.015192571054241918, 440: 0.014847897441605163, 450: 0.014364647087567206, 460: 0.014420750903644142, 470: 0.014329085192058097, 480: 0.014352144846772372, 490: 0.01343796550177458, 500: 0.01360113761703916, 510: 0.013514327619179603, 520: 0.013094123276195083, 530: 0.013565615658672764, 540: 0.013161195772952609, 550: 0.013295866964107117}",520,0.013094123276195083,0.01,0.01,0.01
energy,fixnoiseFCN,32,0.0001,0.0001,"{0: 0.8829270241690464, 10: 0.17404833034556755, 20: 0.09483093784693304, 30: 0.08220876005839288, 40: 0.07620081611232854, 50: 0.07226331642990619, 60: 0.06950300042026562, 70: 0.06721998260401295, 80: 0.06516641967999534, 90: 0.06315558947509572, 100: 0.061157110874188216, 110: 0.05905714909005257, 120: 0.05741146075882253, 130: 0.05524914460655141, 140: 0.0532177269447351, 150: 0.05105499725152807, 160: 0.04916008682282277, 170: 0.047061112780170125, 180: 0.0453969921969353, 190: 0.043398603579786865, 200: 0.041924626259752615, 210: 0.040438293682230834, 220: 0.03861221788677235, 230: 0.0372255333326037, 240: 0.03557341830884633, 250: 0.03421935612082831, 260: 0.033003838023082196, 270: 0.0316215975000793, 280: 0.030123361621628476, 290: 0.029082205320874653, 300: 0.028229167254689564, 310: 0.027165714975018972, 320: 0.026654879457967594, 330: 0.02557687311493209, 340: 0.02421792409077781, 350: 0.022774357142406755, 360: 0.022298879163940757, 370: 0.021520277853038818, 380: 0.020706092031613266, 390: 0.021093187832989628, 400: 0.02016930562617436, 410: 0.018785447023280673, 420: 0.01776799997306122, 430: 0.017121164883892447, 440: 0.016465698652228612, 450: 0.016297172492946703, 460: 0.01623744465553207, 470: 0.015163278079679945, 480: 0.014836437920438367, 490: 0.014145198707185428, 500: 0.014908188310125725, 510: 0.014458903900019832, 520: 0.015083112296793924}",490,0.014145198707185428,0.05,0.01,0.01
energy,fixnoiseFCN,32,0.0001,0.0001,"{0: 0.8672613704377741, 10: 0.18281803239083808, 20: 0.09596917467201993, 30: 0.08455358117274661, 40: 0.0790490573068293, 50: 0.075216322959236, 60: 0.07240204818752326, 70: 0.06969710775092094, 80: 0.06723822923899729, 90: 0.06561256649235034, 100: 0.06294850920274006, 110: 0.06127251796757048, 120: 0.0595909172503468, 130: 0.05715432277049333, 140: 0.05545460483600231, 150: 0.053727973917009876, 160: 0.051598215630141706, 170: 0.05023278065391236, 180: 0.04754384612711997, 190: 0.04551459280042891, 200: 0.04509171867033378, 210: 0.042754254920558815, 220: 0.04118552600653842, 230: 0.03855219146887946, 240: 0.03743370660443783, 250: 0.035710804038793426, 260: 0.03447858915512449, 270: 0.034325330506543, 280: 0.03141846483836218, 290: 0.03186367340922141, 300: 0.03041151586508419, 310: 0.030081321993142895, 320: 0.02794310934419602, 330: 0.026733529456997494, 340: 0.026814958050312816, 350: 0.02511298580349135, 360: 0.024620849833807978, 370: 0.023054355318125178, 380: 0.02309202188455878, 390: 0.02158501285917617, 400: 0.023034597191759525, 410: 0.019785776034376867, 420: 0.020143633487238514, 430: 0.01867487970761946, 440: 0.01958967615231746, 450: 0.01776831763938385, 460: 0.018361322268422613, 470: 0.016786152636973674, 480: 0.016744295651631585, 490: 0.01649381482367212, 500: 0.016052592091642663, 510: 0.015011051211465912, 520: 0.01630898937585452, 530: 0.015451697464205655, 540: 0.01545941925585403}",510,0.015011051211465912,0.1,0.01,0.01
energy,fixnoiseFCN,32,0.0001,0.0005,"{0: 0.44682814681369526, 10: 0.07191865976825881, 20: 0.06239821651512808, 30: 0.05264277616397837, 40: 0.0425909749458019, 50: 0.034331050996041675, 60: 0.027097772525860025, 70: 0.02083261453060131, 80: 0.016477591127448166, 90: 0.014639174149426424, 100: 0.013856887154409737, 110: 0.013307503437469217, 120: 0.013033390452438107, 130: 0.012806857659889967, 140: 0.012553988853609754, 150: 0.012402502430386184, 160: 0.012321747268257036, 170: 0.012222709585136113, 180: 0.012067467294021195, 190: 0.011826176653073325, 200: 0.012668600171647037, 210: 0.012779166979667314, 220: 0.0116780577611273, 230: 0.011689239987061093, 240: 0.01139083160732925, 250: 0.010716961442917292, 260: 0.011137393600685122, 270: 0.012115349274440978, 280: 0.012018657514797412}",250,0.010716961442917292,0.001,0.01,0.01
energy,fixnoiseFCN,32,0.0001,0.0005,"{0: 0.48975671596818166, 10: 0.07172527999434569, 20: 0.062285432576990186, 30: 0.052254322979722864, 40: 0.0421008819210979, 50: 0.03481555029453952, 60: 0.030022654201158655, 70: 0.02573865468170795, 80: 0.022047030566528084, 90: 0.018623482367349287, 100: 0.01643791127918673, 110: 0.015146805027800924, 120: 0.01472600494161016, 130: 0.014382358012810565, 140: 0.014142156756585672, 150: 0.014069680723469785, 160: 0.013872857055500573, 170: 0.01444628312134914, 180: 0.0133968049584856, 190: 0.013888029472518368, 200: 0.01431191920501535, 210: 0.013515980902033462}",180,0.0133968049584856,0.005,0.01,0.01
energy,fixnoiseFCN,32,0.0001,0.0005,"{0: 0.4974162175697311, 10: 0.07051329332632604, 20: 0.06230736575409022, 30: 0.053049887078063865, 40: 0.04176138298901044, 50: 0.032718906565452045, 60: 0.027664012432855066, 70: 0.02388205424166633, 80: 0.020594292822651794, 90: 0.017806169238201178, 100: 0.01583946751559474, 110: 0.015124497071465131, 120: 0.01365621124692018, 130: 0.01293520880860588, 140: 0.013165981265329352, 150: 0.01249699487792648, 160: 0.012269221036890442, 170: 0.012311039843269941, 180: 0.012442999410796893, 190: 0.012150486303421635, 200: 0.012189988582664993, 210: 0.013502864500995035, 220: 0.012391785209916316}",190,0.012150486303421635,0.01,0.01,0.01
energy,fixnoiseFCN,32,0.0001,0.0005,"{0: 0.5095623545053719, 10: 0.0752534448631792, 20: 0.06534619205857847, 30: 0.05769756039614227, 40: 0.049741152909949404, 50: 0.04132790195618004, 60: 0.03501804002263888, 70: 0.03189565889797007, 80: 0.023123980175535446, 90: 0.020972369804627834, 100: 0.016833468679575525, 110: 0.015524030009744626, 120: 0.014766822931770443, 130: 0.015506195475429387, 140: 0.01314718515980717, 150: 0.012612990960235493, 160: 0.013626460652904172, 170: 0.012982431416937617, 180: 0.013335101326546969}",150,0.012612990960235493,0.05,0.01,0.01
energy,fixnoiseFCN,32,0.0001,0.0005,"{0: 0.4775681737095899, 10: 0.07528459302188317, 20: 0.06676605192145776, 30: 0.057529126164592395, 40: 0.05019988739639858, 50: 0.04203100171643711, 60: 0.036878805880933924, 70: 0.02995643495294939, 80: 0.024717589485067158, 90: 0.020496089451186788, 100: 0.019540780284057837, 110: 0.018993491649316872, 120: 0.014826899311501163, 130: 0.016856891884007116, 140: 0.014744512355380832, 150: 0.015545269153283827, 160: 0.01287436132647835, 170: 0.012548552827151671, 180: 0.011307610025127682, 190: 0.011932481217664666, 200: 0.014565554135603781, 210: 0.01196563113293375}",180,0.011307610025127682,0.1,0.01,0.01
energy,fixnoiseFCN,32,0.0001,0.001,"{0: 0.21327367791784108, 10: 0.06717714600967087, 20: 0.051189049828053314, 30: 0.037347723171462475, 40: 0.0269529932268797, 50: 0.01843304695325936, 60: 0.014199810138094623, 70: 0.012611922299432032, 80: 0.012003873520115307, 90: 0.012518889012377982, 100: 0.011254579217986066, 110: 0.010953707170020924, 120: 0.01156702431316763, 130: 0.011797818578864104, 140: 0.012073848796724147}",110,0.010953707170020924,0.001,0.01,0.01
energy,fixnoiseFCN,32,0.0001,0.001,"{0: 0.22681953058184967, 10: 0.07024156241049, 20: 0.05510664003266027, 30: 0.03743758814730367, 40: 0.027101525033790756, 50: 0.019340986164400185, 60: 0.014352279181656588, 70: 0.012057832430605767, 80: 0.01189090886177982, 90: 0.011963667287540291, 100: 0.012156125506172415, 110: 0.011215321927024919, 120: 0.011057870382648874, 130: 0.010893887782753145, 140: 0.012147110922682367, 150: 0.01447878758419679, 160: 0.011189229080723367}",130,0.010893887782753145,0.005,0.01,0.01
energy,fixnoiseFCN,32,0.0001,0.001,"{0: 0.19253849331202638, 10: 0.07006407900006235, 20: 0.05625539616094888, 30: 0.03936298183076988, 40: 0.025943430266901008, 50: 0.017488923422891937, 60: 0.014305557826464154, 70: 0.013008887843193748, 80: 0.012786685715252108, 90: 0.013537418595663523, 100: 0.013424622784310974, 110: 0.013119399347794995}",80,0.012786685715252108,0.01,0.01,0.01
energy,fixnoiseFCN,32,0.0001,0.001,"{0: 0.24413774088392506, 10: 0.0665407542634309, 20: 0.05328396520014208, 30: 0.03734138714201479, 40: 0.028390816761587646, 50: 0.019488193388935465, 60: 0.012717274473114906, 70: 0.014629221605674458, 80: 0.011366226178595548, 90: 0.010390018033019888, 100: 0.009378786421900159, 110: 0.011121497934667523, 120: 0.011388275345560752, 130: 0.009703574142568127}",100,0.009378786421900159,0.05,0.01,0.01
energy,fixnoiseFCN,32,0.0001,0.001,"{0: 0.24192331259081906, 10: 0.07060238326239726, 20: 0.059649339070915776, 30: 0.04508792251407083, 40: 0.032965465448399546, 50: 0.026161836680731392, 60: 0.023130122041244094, 70: 0.017735525643259115, 80: 0.019874741446996916, 90: 0.01940089615459581, 100: 0.014253856743807919, 110: 0.015041774594030482, 120: 0.017075750026499373, 130: 0.012492047908837423, 140: 0.014361586643281868, 150: 0.01423148091896866, 160: 0.014534724403647392}",130,0.012492047908837423,0.1,0.01,0.01
energy,fixnoiseFCN,32,0.0001,0.002,"{0: 0.13508034493904758, 10: 0.059992892212453776, 20: 0.031065841367304142, 30: 0.020178430088685622, 40: 0.013417855651626408, 50: 0.012602992443171469, 60: 0.01672206525686509, 70: 0.01280509816355061, 80: 0.012303543559721306, 90: 0.01297096901513784, 100: 0.01570184640706779, 110: 0.010349503220543692, 120: 0.010154828733369743, 130: 0.01189667528654571, 140: 0.014053835691547778, 150: 0.013821064235696423}",120,0.010154828733369743,0.001,0.01,0.01
energy,fixnoiseFCN,32,0.0001,0.002,"{0: 0.13587769350496495, 10: 0.05916500544277538, 20: 0.03368995471980498, 30: 0.019018092773585134, 40: 0.01279034620992751, 50: 0.01391015305394471, 60: 0.01478348508417382, 70: 0.011853585631292306, 80: 0.011933679420547665, 90: 0.010857745250579013, 100: 0.011468777378583378, 110: 0.013637084514076442, 120: 0.012952158166070541}",90,0.010857745250579013,0.005,0.01,0.01
energy,fixnoiseFCN,32,0.0001,0.002,"{0: 0.17156498816495386, 10: 0.06277097826852142, 20: 0.03195635244075527, 30: 0.01640614478152648, 40: 0.012694998030187954, 50: 0.011773611863599164, 60: 0.01525769279372306, 70: 0.011764540858103769, 80: 0.010550511634049537, 90: 0.010383052737457677, 100: 0.012164567050146836, 110: 0.012043566843123634, 120: 0.00985912853672179, 130: 0.010546994262316475, 140: 0.012107460592927638, 150: 0.011306295805357126}",120,0.00985912853672179,0.01,0.01,0.01
energy,fixnoiseFCN,32,0.0001,0.002,"{0: 0.1456278554587766, 10: 0.06389195305121138, 20: 0.03776471267362348, 30: 0.017707501155613866, 40: 0.014820850289740908, 50: 0.018788914793416385, 60: 0.015302646675872139, 70: 0.011704326619860964, 80: 0.01126811408677229, 90: 0.01309534370538985, 100: 0.013571895470247656, 110: 0.013440442721328525}",80,0.01126811408677229,0.05,0.01,0.01
energy,fixnoiseFCN,32,0.0001,0.002,"{0: 0.15229919714703966, 10: 0.059732210731567516, 20: 0.04244507333614041, 30: 0.029523540396299442, 40: 0.018384178262886627, 50: 0.014676618862745228, 60: 0.01566953357990807, 70: 0.012820029549469977, 80: 0.013635391412682926, 90: 0.011388013212291536, 100: 0.013177395063361436, 110: 0.014154148265045654, 120: 0.009858428285133596, 130: 0.011963707271925621, 140: 0.013266806252482957, 150: 0.010665953462300707}",120,0.009858428285133596,0.1,0.01,0.01
energy,fixnoiseFCN,32,1e-05,0.0001,"{0: 0.9398926946968456, 10: 0.19535574333442618, 20: 0.09410378642784394, 30: 0.08229117972738312, 40: 0.07706741512975628, 50: 0.07358278598073847, 60: 0.07099161118975991, 70: 0.06882471116543945, 80: 0.06678474553899574, 90: 0.0647059069391562, 100: 0.06265258151647109, 110: 0.06059131285941046, 120: 0.058454520032395686, 130: 0.05626206935905829, 140: 0.05405862720547423, 150: 0.05185113528880671, 160: 0.04963418092446082, 170: 0.04744439538541943, 180: 0.04525459499481788, 190: 0.0431757659046718, 200: 0.04116192119898367, 210: 0.03923292326840594, 220: 0.03743484889407976, 230: 0.035724241225247255, 240: 0.03423528626713096, 250: 0.03273913584655521, 260: 0.0312634901432205, 270: 0.02984104311458869, 280: 0.02846212123010387, 290: 0.027107525637365137, 300: 0.02585328837848458, 310: 0.024644522478263545, 320: 0.02347792922357162, 330: 0.02236734992030953, 340: 0.021362369838373654, 350: 0.0204094600761102, 360: 0.019577076080200966, 370: 0.018800782010889677, 380: 0.01806591644671644, 390: 0.017384030460550693, 400: 0.016796584234712093, 410: 0.01625114982684807, 420: 0.015786522237739648, 430: 0.015396752876074301, 440: 0.01505581852242025, 450: 0.014730909419041583, 460: 0.014482042549830165, 470: 0.014254715745355306, 480: 0.014078371885304497, 490: 0.01389079458165507, 500: 0.013712088440351388, 510: 0.01354686819079245, 520: 0.013472174937405735, 530: 0.013367150508450235, 540: 0.01325890163865075, 550: 0.013187366064169198, 560: 0.01309306852794577, 570: 0.013040185353902282, 580: 0.01298052068137146, 590: 0.013012558269382366, 600: 0.01289174791592293, 610: 0.012868551242469503, 620: 0.012819583418139945, 630: 0.012764126017546215, 640: 0.012734925105219962, 650: 0.012653938815068178, 660: 0.01268489725674774, 670: 0.012545082073308173, 680: 0.012549245237880122, 690: 0.012513806898341497, 700: 0.012527136951630335, 710: 0.012575314131168311, 720: 0.012512837618109776, 730: 0.012491205753144123, 740: 0.012477372574289648, 750: 0.012470716715971681, 760: 0.012555718247500795, 770: 0.012479921341971146, 780: 0.012631640021082132}",750,0.012470716715971681,0.001,0.01,0.01
energy,fixnoiseFCN,32,1e-05,0.0001,"{0: 0.8360064996285039, 10: 0.16212310656919077, 20: 0.09127139860872632, 30: 0.0814257477693767, 40: 0.07617201344222407, 50: 0.07263078529004904, 60: 0.06992181238831163, 70: 0.06758291927717033, 80: 0.06552391504831875, 90: 0.06349517967485911, 100: 0.061461545263485205, 110: 0.05925846763588731, 120: 0.05697632427296924, 130: 0.054684551956394455, 140: 0.05221278869334569, 150: 0.049913198514376644, 160: 0.047629643358885004, 170: 0.045349131743770574, 180: 0.04327448187042169, 190: 0.041241788418371964, 200: 0.039271327826887956, 210: 0.03742798629864667, 220: 0.035597458208709916, 230: 0.03409738393261379, 240: 0.03249918193019272, 250: 0.031066762646490154, 260: 0.029822171419882765, 270: 0.028412712258193064, 280: 0.027185147394482394, 290: 0.025857416086452978, 300: 0.024641070275526634, 310: 0.023370969393462497, 320: 0.022250903493996728, 330: 0.02122978967976053, 340: 0.020155644223072137, 350: 0.019180256940894137, 360: 0.018432319124381803, 370: 0.01776747845287551, 380: 0.01706033946147384, 390: 0.016579419286844914, 400: 0.01631476639875603, 410: 0.01587248154772255, 420: 0.015506096668124364, 430: 0.015365479274326568, 440: 0.015055167008693813, 450: 0.014752299047204178, 460: 0.014589316653134654, 470: 0.014321195714644403, 480: 0.014579255945730308, 490: 0.0144685226582948, 500: 0.014226689102510709, 510: 0.014111230186656304, 520: 0.014038269535984582, 530: 0.01413812746039259, 540: 0.013933248979868782, 550: 0.01379569104755841, 560: 0.01365573805221012, 570: 0.013431516702072285, 580: 0.013710821586110292, 590: 0.01357524437456479, 600: 0.013832312147800233}",570,0.013431516702072285,0.005,0.01,0.01
energy,fixnoiseFCN,32,1e-05,0.0001,"{0: 0.8756769014186545, 10: 0.1684347655871908, 20: 0.09459383175458239, 30: 0.08087493317648838, 40: 0.07462943264625953, 50: 0.07087668876359657, 60: 0.06841117822852244, 70: 0.06642605921850114, 80: 0.06456099381484415, 90: 0.06277564471302297, 100: 0.06091674260505157, 110: 0.05890147874150915, 120: 0.056708286655564065, 130: 0.05447881321191757, 140: 0.05213926688524806, 150: 0.04977618719407809, 160: 0.04734974494942479, 170: 0.0447524699535284, 180: 0.04237837430949166, 190: 0.04010656006747439, 200: 0.03804883752477482, 210: 0.036072795540561094, 220: 0.03432918980853702, 230: 0.03262812718297225, 240: 0.030920745736338306, 250: 0.029318840821675417, 260: 0.027574482380223718, 270: 0.026478597160176042, 280: 0.025127515064481177, 290: 0.023999003931437113, 300: 0.022937317261295838, 310: 0.021888374991036727, 320: 0.020797620628435747, 330: 0.01984036787366265, 340: 0.018954250916608267, 350: 0.018159959117859486, 360: 0.017324068586353332, 370: 0.016718851786797467, 380: 0.016111467112147195, 390: 0.015868076747927555, 400: 0.015677485998144478, 410: 0.014570180238545432, 420: 0.01466391579957147, 430: 0.01410802510124746, 440: 0.014559626054253583, 450: 0.013761473632058024, 460: 0.013813778279788863, 470: 0.01358773676764434, 480: 0.013465796452098555, 490: 0.013076640061778926, 500: 0.013161136914296845, 510: 0.013387542951695187, 520: 0.013226951919193191}",490,0.013076640061778926,0.01,0.01,0.01
energy,fixnoiseFCN,32,1e-05,0.0001,"{0: 0.9053212642622013, 10: 0.18225657590548866, 20: 0.09497181343290309, 30: 0.08121241663491886, 40: 0.07497483958604016, 50: 0.0712569981021006, 60: 0.06852788397473572, 70: 0.06655343114296015, 80: 0.06443494412833042, 90: 0.06230484824396763, 100: 0.06052441119762415, 110: 0.05855162204871944, 120: 0.056652309891969996, 130: 0.05466266398345543, 140: 0.05245624271601411, 150: 0.050384056506281014, 160: 0.048623131461442516, 170: 0.0468487289305327, 180: 0.04486768511660803, 190: 0.04265986424722458, 200: 0.04065083017373909, 210: 0.03964269925914303, 220: 0.03770800427632119, 230: 0.03587163481824115, 240: 0.03351955490280402, 250: 0.03250209433349962, 260: 0.030761021494867404, 270: 0.029938955113910388, 280: 0.027943377529696577, 290: 0.027299068255843273, 300: 0.026026722832478498, 310: 0.0245297820727235, 320: 0.023572210928540137, 330: 0.02364519131638623, 340: 0.022264205448837872, 350: 0.02116467984775301, 360: 0.020109556676993944, 370: 0.01925492297424053, 380: 0.0188761789572399, 390: 0.017769710103023313, 400: 0.016330338123176403, 410: 0.016288719601297633, 420: 0.015197538967227817, 430: 0.01481622087326202, 440: 0.015166484332500332, 450: 0.014664104029384317, 460: 0.014838698208612588, 470: 0.014473373967186998, 480: 0.01353408226835939, 490: 0.012937255314631108, 500: 0.013769692125814994, 510: 0.014073609662760214, 520: 0.012942843776326327}",490,0.012937255314631108,0.05,0.01,0.01
energy,fixnoiseFCN,32,1e-05,0.0001,"{0: 0.8769418993060405, 10: 0.17235693492488863, 20: 0.0927108352619315, 30: 0.08094025193377843, 40: 0.07562136536256307, 50: 0.07235317643387754, 60: 0.06964644616454597, 70: 0.06793562392673778, 80: 0.06565070573648149, 90: 0.06416678865119074, 100: 0.06212252814893197, 110: 0.06011967200179641, 120: 0.057886526839889305, 130: 0.0566522601776408, 140: 0.054435072984984845, 150: 0.05215161365515094, 160: 0.05073899409728623, 170: 0.04862974292365182, 180: 0.046025281671772764, 190: 0.04411321009888969, 200: 0.04268530101893815, 210: 0.041053388421474005, 220: 0.03877699691258588, 230: 0.03808536715100491, 240: 0.03548203894083268, 250: 0.03464574703896314, 260: 0.03328820569980674, 270: 0.03224574924513298, 280: 0.030151111203057517, 290: 0.028796841860945565, 300: 0.027714209384842863, 310: 0.027164919448014253, 320: 0.026914960084457956, 330: 0.024674799617076536, 340: 0.023604208115112435, 350: 0.02312533525204132, 360: 0.021099750809227484, 370: 0.02068235292225405, 380: 0.01977577729965669, 390: 0.019414003532145018, 400: 0.018808229825323253, 410: 0.01797428658440874, 420: 0.01695993859139654, 430: 0.016101885086150625, 440: 0.015071448502352373, 450: 0.015718818223345928, 460: 0.015470367242914432, 470: 0.01367337875884693, 480: 0.014934179799200021, 490: 0.013496934642957422, 500: 0.01354516094620498, 510: 0.0133075479147319, 520: 0.013313996760199707, 530: 0.012700056264793378, 540: 0.012770354971423693, 550: 0.01279969242375727, 560: 0.011229065585410782, 570: 0.01172772063828402, 580: 0.012630190364728486, 590: 0.013206799079813125}",560,0.011229065585410782,0.1,0.01,0.01
energy,fixnoiseFCN,32,1e-05,0.0005,"{0: 0.4982923707357648, 10: 0.07264242786608759, 20: 0.06260184221894173, 30: 0.05388032673839114, 40: 0.045157025449695895, 50: 0.03786903334324493, 60: 0.031258188195523624, 70: 0.025918005888542577, 80: 0.02143739976108523, 90: 0.0179926752260889, 100: 0.015513667066455062, 110: 0.013970679234786305, 120: 0.013112052647300351, 130: 0.012549313144353938, 140: 0.012237848398377086, 150: 0.012135542870609542, 160: 0.011857429177711449, 170: 0.011684495934591692, 180: 0.012383929809239382, 190: 0.012282298591102614, 200: 0.012179406155106839}",170,0.011684495934591692,0.001,0.01,0.01
energy,fixnoiseFCN,32,1e-05,0.0005,"{0: 0.5215571863491123, 10: 0.07447939735552907, 20: 0.06587275803242065, 30: 0.05807706353490581, 40: 0.05015443646343178, 50: 0.041663913448891934, 60: 0.034752449378377195, 70: 0.028704218858860188, 80: 0.02394397842297987, 90: 0.019512095218359247, 100: 0.01680148963225745, 110: 0.015207834417298565, 120: 0.015046517726721092, 130: 0.013921217950735965, 140: 0.013904838960351653, 150: 0.013762114500319337, 160: 0.013470159643968313, 170: 0.013740496989836096, 180: 0.014131204925160238, 190: 0.014126246109903734}",160,0.013470159643968313,0.005,0.01,0.01
energy,fixnoiseFCN,32,1e-05,0.0005,"{0: 0.5001429101538376, 10: 0.07440195541377545, 20: 0.0649702385373788, 30: 0.05559759189392247, 40: 0.04734526879451926, 50: 0.038290848422561675, 60: 0.029313557690045965, 70: 0.022709982026098773, 80: 0.017158784675788605, 90: 0.01523772643416808, 100: 0.013299265154330183, 110: 0.012716538870703929, 120: 0.013580287618526084, 130: 0.013222248762670728, 140: 0.012689134702667363, 150: 0.012606048985658352, 160: 0.011946608639166691, 170: 0.012486894048443062, 180: 0.012645234626931488, 190: 0.012168220937111533}",160,0.011946608639166691,0.01,0.01,0.01
energy,fixnoiseFCN,32,1e-05,0.0005,"{0: 0.48432242413584303, 10: 0.07554408614196635, 20: 0.06567886046530023, 30: 0.056171398399953575, 40: 0.04525530735189901, 50: 0.036280411741629645, 60: 0.030125001707121356, 70: 0.02682990672050175, 80: 0.02062977983605245, 90: 0.017831414591088567, 100: 0.0163394889102532, 110: 0.015609345435758568, 120: 0.01357993499930602, 130: 0.013890429973807353, 140: 0.01285269906816106, 150: 0.014091919027824973, 160: 0.015121372412159339, 170: 0.012836497063411783, 180: 0.012927089676143772, 190: 0.011186719806804035, 200: 0.013562695286866646, 210: 0.013789562455573478, 220: 0.013186151127692291}",190,0.011186719806804035,0.05,0.01,0.01
energy,fixnoiseFCN,32,1e-05,0.0005,"{0: 0.457869526183432, 10: 0.0743062870221727, 20: 0.06580338015989527, 30: 0.057615725010510335, 40: 0.047147877619969324, 50: 0.04145931271987845, 60: 0.03308567706245781, 70: 0.032335707247972204, 80: 0.024933395587184916, 90: 0.019717512002921565, 100: 0.018659726977492314, 110: 0.017452220291402733, 120: 0.01552501862217498, 130: 0.016401176950129055, 140: 0.014027520362486362, 150: 0.015417161629281173, 160: 0.014384292367054834, 170: 0.013398494868755625, 180: 0.013665971661257884, 190: 0.011764674807320148, 200: 0.012981030410278538, 210: 0.011281805120269018, 220: 0.011849360196107304, 230: 0.013346591281828607, 240: 0.012549911056909977}",210,0.011281805120269018,0.1,0.01,0.01
energy,fixnoiseFCN,32,1e-05,0.001,"{0: 0.20059263096596264, 10: 0.0664334417822384, 20: 0.0484520034239691, 30: 0.03110190705994153, 40: 0.021553064467203936, 50: 0.016682691875111358, 60: 0.014240578454837857, 70: 0.013116820630837517, 80: 0.014853036164910724, 90: 0.013706874457058486, 100: 0.012370125045492206, 110: 0.014290442099261247, 120: 0.01462441785935043, 130: 0.014041496343217075}",100,0.012370125045492206,0.001,0.01,0.01
energy,fixnoiseFCN,32,1e-05,0.001,"{0: 0.23527421329389422, 10: 0.06885402344324129, 20: 0.05331914306454551, 30: 0.03649838260241776, 40: 0.02579119356400499, 50: 0.017459732091408577, 60: 0.014403603888956742, 70: 0.014145587382565796, 80: 0.013504521615726777, 90: 0.013964395456159554, 100: 0.011138680427966138, 110: 0.01319966380697031, 120: 0.012216190551150074, 130: 0.012975694837728119}",100,0.011138680427966138,0.005,0.01,0.01
energy,fixnoiseFCN,32,1e-05,0.001,"{0: 0.22638303085230166, 10: 0.06910263060566173, 20: 0.05461300166387582, 30: 0.03564424060481708, 40: 0.025125613456633424, 50: 0.018247789129844216, 60: 0.014139077667478092, 70: 0.013082361897766714, 80: 0.012156178380574822, 90: 0.01199323077629405, 100: 0.012610780456571713, 110: 0.013101466425015428, 120: 0.011532273682649355, 130: 0.012697093027658632, 140: 0.015421071650335492, 150: 0.017698097352174823}",120,0.011532273682649355,0.01,0.01,0.01
energy,fixnoiseFCN,32,1e-05,0.001,"{0: 0.2319725434898965, 10: 0.06463063668594207, 20: 0.04994517949675538, 30: 0.03734620693605828, 40: 0.02830086945211404, 50: 0.02404080318825973, 60: 0.01981132087001944, 70: 0.018144881776997634, 80: 0.019806759241895407, 90: 0.013498740052469455, 100: 0.012983163382163427, 110: 0.013335615665382878, 120: 0.017358191096694706, 130: 0.014254574889537356}",100,0.012983163382163427,0.05,0.01,0.01
energy,fixnoiseFCN,32,1e-05,0.001,"{0: 0.18823172802247798, 10: 0.06753012159230803, 20: 0.055388559636776726, 30: 0.03762396040181272, 40: 0.030054500384506237, 50: 0.02379443028522947, 60: 0.018165085006266433, 70: 0.01710619158994674, 80: 0.011487309481215274, 90: 0.01668143658781471, 100: 0.01690976284593284, 110: 0.011187434801589794, 120: 0.012031277241767464, 130: 0.010565693041774692, 140: 0.012414932711064561, 150: 0.009907536440014176, 160: 0.011332664588151253, 170: 0.012926308984053832, 180: 0.008948708682215627, 190: 0.01214731151068527, 200: 0.011152827101009266, 210: 0.009761367525171037}",180,0.008948708682215627,0.1,0.01,0.01
energy,fixnoiseFCN,32,1e-05,0.002,"{0: 0.1442426390112773, 10: 0.0585867501505332, 20: 0.030751950606131784, 30: 0.017747820583428463, 40: 0.015307242713504182, 50: 0.011602567944116618, 60: 0.00995853072133868, 70: 0.011251341626874772, 80: 0.011731514684442845, 90: 0.01309291366229558}",60,0.00995853072133868,0.001,0.01,0.01
energy,fixnoiseFCN,32,1e-05,0.002,"{0: 0.15622646589188136, 10: 0.060731305565432304, 20: 0.03418499449910711, 30: 0.01902077713647122, 40: 0.013907021136448487, 50: 0.012144275587851482, 60: 0.009813125363950643, 70: 0.009898222487680014, 80: 0.010945071271735756, 90: 0.011124349030658977}",60,0.009813125363950643,0.005,0.01,0.01
energy,fixnoiseFCN,32,1e-05,0.002,"{0: 0.13975499014202697, 10: 0.06128903416206475, 20: 0.036685562805860626, 30: 0.02351022047241056, 40: 0.014856714740327025, 50: 0.011713227219720745, 60: 0.012747487338692026, 70: 0.011332641117469391, 80: 0.012962201109567367, 90: 0.014397996905721914, 100: 0.012005243998087419}",70,0.011332641117469391,0.01,0.01,0.01
energy,fixnoiseFCN,32,1e-05,0.002,"{0: 0.1611512105448729, 10: 0.06210884029497771, 20: 0.035649809255643906, 30: 0.021653366060516648, 40: 0.015961094711069723, 50: 0.01224357459077734, 60: 0.014449022635971445, 70: 0.014093035646254628, 80: 0.011873115568334768, 90: 0.01237339128159343, 100: 0.014421566031892093, 110: 0.010300864690737746, 120: 0.01383347740716111, 130: 0.011736329215874529, 140: 0.01222483151571585}",110,0.010300864690737746,0.05,0.01,0.01
energy,fixnoiseFCN,32,1e-05,0.002,"{0: 0.14455308998928346, 10: 0.06386352444086713, 20: 0.04030502757878522, 30: 0.02505569806764098, 40: 0.022463935945869706, 50: 0.017800043954838064, 60: 0.013493437820274196, 70: 0.01508294983079187, 80: 0.011412185013833427, 90: 0.012198726966973147, 100: 0.014675238882216923, 110: 0.013026924018025562}",80,0.011412185013833427,0.1,0.01,0.01
energy,fixnoiseFCN,32,1e-09,0.0001,"{0: 0.8896074046234472, 10: 0.17720693872441423, 20: 0.09458427421384202, 30: 0.08098152018924618, 40: 0.07537995206936152, 50: 0.07215715356212837, 60: 0.06992854964488047, 70: 0.06810588308709448, 80: 0.06651636349315582, 90: 0.06494429087261112, 100: 0.0634606316608718, 110: 0.061994961835667405, 120: 0.060431401175114766, 130: 0.058743072493595394, 140: 0.05700697005346197, 150: 0.05510330275331682, 160: 0.05323279248348208, 170: 0.051250541186938045, 180: 0.04921819287749842, 190: 0.04724473709943858, 200: 0.045273365351201036, 210: 0.04336966439936617, 220: 0.0415121336303841, 230: 0.03961783238375932, 240: 0.03772616214830764, 250: 0.03578515045337878, 260: 0.03385227040403702, 270: 0.03200588312402703, 280: 0.03022961181665553, 290: 0.028461739847588728, 300: 0.02679569901488637, 310: 0.02517715672069028, 320: 0.023562477523984555, 330: 0.02212259220576288, 340: 0.020870176653186433, 350: 0.019707058104035398, 360: 0.018654862379174374, 370: 0.017735667821746275, 380: 0.01697624433655592, 390: 0.016316501465522416, 400: 0.015758578617616793, 410: 0.015321550103095346, 420: 0.014989848725729093, 430: 0.01466003444856826, 440: 0.014431602778934776, 450: 0.014227758573389787, 460: 0.014071603774501593, 470: 0.013890483699402347, 480: 0.013751347593026736, 490: 0.013693947939076323, 500: 0.013560836308531629, 510: 0.013452782521368672, 520: 0.013445723195107586, 530: 0.013336992111924937, 540: 0.013269069718933556, 550: 0.013254105740075494, 560: 0.01319890284104471, 570: 0.013175247040618569, 580: 0.013063671928585294, 590: 0.013026702159182316, 600: 0.013017616444543512, 610: 0.012947903536932894, 620: 0.012912396472801421, 630: 0.012856368096645882, 640: 0.012889384065584533, 650: 0.012807540679068728, 660: 0.012804839945547593, 670: 0.012792557987776615, 680: 0.012791658429905334, 690: 0.012789059943289527, 700: 0.012802890908679579, 710: 0.012724595725217091, 720: 0.012791038953824416, 730: 0.01274633227808913, 740: 0.012808285620052123}",710,0.012724595725217091,0.001,0.01,0.01
energy,fixnoiseFCN,32,1e-09,0.0001,"{0: 0.8297877846710463, 10: 0.15157987049432115, 20: 0.08812944339624282, 30: 0.07858317698019752, 40: 0.07408503032530625, 50: 0.07107883549925806, 60: 0.0688349988416292, 70: 0.06694276427688017, 80: 0.06529234033174774, 90: 0.06367455030776939, 100: 0.062131050197891946, 110: 0.06052780497253664, 120: 0.05882500091099181, 130: 0.057076513369044, 140: 0.05532555242986238, 150: 0.053592803602109475, 160: 0.05183029478239835, 170: 0.0500498570994339, 180: 0.04820121175211207, 190: 0.0462821689460292, 200: 0.044269578900487605, 210: 0.042363925075264486, 220: 0.040497960767747324, 230: 0.038585133960501096, 240: 0.0368723054325741, 250: 0.035150787562348365, 260: 0.033495597245364564, 270: 0.03196269713762234, 280: 0.030327000622240984, 290: 0.028816967294182157, 300: 0.027277445322314485, 310: 0.025894236724858966, 320: 0.02463482280744543, 330: 0.02347080157048167, 340: 0.022141372775836464, 350: 0.021147160196765477, 360: 0.020138290243360592, 370: 0.019271322907131468, 380: 0.0185280884647481, 390: 0.01780751594524137, 400: 0.017109505880331617, 410: 0.01645021886651308, 420: 0.01597165375246388, 430: 0.015431983508497346, 440: 0.014973131476254897, 450: 0.01470693433380486, 460: 0.014583380872491208, 470: 0.014191788535822824, 480: 0.013866589798024898, 490: 0.013714539129190188, 500: 0.013496909687062447, 510: 0.01358383585685621, 520: 0.013315220587064778, 530: 0.01314162717071848, 540: 0.013314368335005603, 550: 0.013093737634371777, 560: 0.013007419732862648, 570: 0.012888149367592009, 580: 0.01280554654344809, 590: 0.012908933320960672, 600: 0.01287112428439183, 610: 0.012646973493799327, 620: 0.01253763583231696, 630: 0.012751756961626618, 640: 0.012576598183038542, 650: 0.01277894316386125}",620,0.01253763583231696,0.005,0.01,0.01
energy,fixnoiseFCN,32,1e-09,0.0001,"{0: 0.8880654074915977, 10: 0.18908450468316104, 20: 0.10128916249703952, 30: 0.08496991573213165, 40: 0.07764815265963462, 50: 0.07309580282058045, 60: 0.06964367872428516, 70: 0.06680702858291816, 80: 0.06416714580132057, 90: 0.06167447891056053, 100: 0.059338310136785345, 110: 0.05719661633413934, 120: 0.05499451797697348, 130: 0.05285349525719798, 140: 0.05066913226645429, 150: 0.048351960419549964, 160: 0.04609562848306975, 170: 0.043735606000860114, 180: 0.041478166638450366, 190: 0.03905006415499507, 200: 0.03691462272124999, 210: 0.034773500527286394, 220: 0.0330038974824491, 230: 0.030918085008539885, 240: 0.029071952043319405, 250: 0.02734822649272874, 260: 0.025718697174583194, 270: 0.024198138796629177, 280: 0.02284811642073074, 290: 0.021350278036017727, 300: 0.020351285357130034, 310: 0.018776909648472433, 320: 0.01764922080397423, 330: 0.016470076058689997, 340: 0.01581532744765004, 350: 0.015023339307674221, 360: 0.014756420658590768, 370: 0.013666293115740982, 380: 0.013728473578544596, 390: 0.013234274540785176, 400: 0.01263649184632896, 410: 0.012597148713430978, 420: 0.012421448779142584, 430: 0.012559612940795304, 440: 0.012385676087997531, 450: 0.012225466594708221, 460: 0.012306230164062385, 470: 0.011992663274045353, 480: 0.011612199508244556, 490: 0.011996097415616141, 500: 0.011353046214785197, 510: 0.011657344014113877, 520: 0.011698299018408213, 530: 0.011366518170453779}",500,0.011353046214785197,0.01,0.01,0.01
energy,fixnoiseFCN,32,1e-09,0.0001,"{0: 0.9030999769103791, 10: 0.176546081664458, 20: 0.09112582836197358, 30: 0.0795902816102844, 40: 0.07438918201546502, 50: 0.07063244339225133, 60: 0.06747894961613823, 70: 0.0649619105536509, 80: 0.06222475534810172, 90: 0.05994617661110453, 100: 0.05765879754104662, 110: 0.055110460246463676, 120: 0.05286200714693432, 130: 0.05036479533577616, 140: 0.04800055638247612, 150: 0.04600047141494281, 160: 0.043574586519446436, 170: 0.04092200070154853, 180: 0.039499193220569995, 190: 0.037058619211047916, 200: 0.035281349711321706, 210: 0.03399273233268994, 220: 0.03230788474255811, 230: 0.030956688093069423, 240: 0.029173535632132673, 250: 0.028010149459824652, 260: 0.026586354759936492, 270: 0.026570804897801538, 280: 0.02476733120171472, 290: 0.023349931717041087, 300: 0.02288149888100313, 310: 0.022372278325010438, 320: 0.02074438311881035, 330: 0.020551084566528235, 340: 0.019943069645522532, 350: 0.0191609717362343, 360: 0.018594242218575502, 370: 0.01791940571279263, 380: 0.01690338241328887, 390: 0.01635535998349605, 400: 0.016147120509410355, 410: 0.01602942595149372, 420: 0.015486144054669642, 430: 0.014643659797690356, 440: 0.014559115186521334, 450: 0.01413540647971015, 460: 0.014963844433917406, 470: 0.013067648744918869, 480: 0.012689770880478863, 490: 0.01368196691426991, 500: 0.012162157376453838, 510: 0.013843386403247605, 520: 0.011829708717608514, 530: 0.012648904172950138, 540: 0.012125816729265312, 550: 0.013599621924490638}",520,0.011829708717608514,0.05,0.01,0.01
energy,fixnoiseFCN,32,1e-09,0.0001,"{0: 0.9121453166802407, 10: 0.20136117430272998, 20: 0.09221968585745693, 30: 0.07922147905887737, 40: 0.07466312624314508, 50: 0.07195536484503673, 60: 0.06986325995587721, 70: 0.06816995198287663, 80: 0.06613324719245205, 90: 0.06452213077535712, 100: 0.06359727064031657, 110: 0.06184709062684374, 120: 0.06003592789841424, 130: 0.05843938214491642, 140: 0.056869123771033994, 150: 0.05547051245767951, 160: 0.05308393268474465, 170: 0.05186799113509235, 180: 0.049679344375489334, 190: 0.04762002318798622, 200: 0.04604906695124691, 210: 0.04457584941675548, 220: 0.04241867689220934, 230: 0.041762512915087646, 240: 0.03837981115687526, 250: 0.03754054665948794, 260: 0.0360145340100036, 270: 0.03550753409131581, 280: 0.03454140874211008, 290: 0.033946031738158536, 300: 0.031242946005030015, 310: 0.03127682598658511, 320: 0.02968535067904088, 330: 0.029897401579082862, 340: 0.028647575478523663, 350: 0.0265588033990047, 360: 0.026949974710865764, 370: 0.02479813981311716, 380: 0.024282746803470767, 390: 0.023679003746482265, 400: 0.02373477102900412, 410: 0.023023369448468254, 420: 0.020408990606665612, 430: 0.02106134938715391, 440: 0.020294417486644366, 450: 0.01983035260695514, 460: 0.019540398726548874, 470: 0.019822253559172498, 480: 0.01915894018831959, 490: 0.01875226281255118, 500: 0.01880405686972468, 510: 0.01762554257829847, 520: 0.017083151000509056, 530: 0.016266445026539466, 540: 0.0151065132587028, 550: 0.01543036893763092, 560: 0.01611447249450198, 570: 0.014940356988733897, 580: 0.013295993888665026, 590: 0.014187747118372718, 600: 0.014333421310282549, 610: 0.01479066615894697}",580,0.013295993888665026,0.1,0.01,0.01
energy,fixnoiseFCN,32,1e-09,0.0005,"{0: 0.4913869030409203, 10: 0.07390982979576174, 20: 0.06536387264297579, 30: 0.05675824439711894, 40: 0.047404111354726886, 50: 0.03909396127786864, 60: 0.03228790642685943, 70: 0.02668465289200256, 80: 0.02191880256281159, 90: 0.01847767236653835, 100: 0.016198275998514283, 110: 0.014893837335010448, 120: 0.013981880557338674, 130: 0.013638152518038685, 140: 0.013357425417577793, 150: 0.013070489445411528, 160: 0.012727410649684894, 170: 0.012988872684408775, 180: 0.01360240120956592, 190: 0.012550111222522156, 200: 0.012268624053745429, 210: 0.013658145637285323, 220: 0.012408033018482657, 230: 0.013744545998365804}",200,0.012268624053745429,0.001,0.01,0.01
energy,fixnoiseFCN,32,1e-09,0.0005,"{0: 0.48008728151430724, 10: 0.07413001660256088, 20: 0.06461569016468409, 30: 0.05527073979093744, 40: 0.04590849229609404, 50: 0.03789127338213412, 60: 0.03194218882249464, 70: 0.026546654562419548, 80: 0.02128701790013874, 90: 0.018073835840127745, 100: 0.016554849194125677, 110: 0.015378325727513659, 120: 0.014966051188793706, 130: 0.014232752735323245, 140: 0.014020611613049983, 150: 0.014050418708841356, 160: 0.014112309700228878, 170: 0.014213608816741713}",140,0.014020611613049983,0.005,0.01,0.01
energy,fixnoiseFCN,32,1e-09,0.0005,"{0: 0.4409305751466694, 10: 0.07091801788270133, 20: 0.06286618229422301, 30: 0.053847985499090756, 40: 0.043886038626893095, 50: 0.03608482161554935, 60: 0.03106632686786003, 70: 0.026742169785165727, 80: 0.022439013390007312, 90: 0.019143227896179327, 100: 0.016595169516595825, 110: 0.015023147048435853, 120: 0.01435089116959753, 130: 0.0147320210187808, 140: 0.01367189736755553, 150: 0.013027828323053933, 160: 0.012504972487637916, 170: 0.013312697961246742, 180: 0.012369262584918689, 190: 0.012594041428163172, 200: 0.012216018425993593, 210: 0.012394863844322996, 220: 0.013417617190360137, 230: 0.013096247490494945}",200,0.012216018425993593,0.01,0.01,0.01
energy,fixnoiseFCN,32,1e-09,0.0005,"{0: 0.516058864535355, 10: 0.07400902289409136, 20: 0.06493693707975311, 30: 0.057008861829259225, 40: 0.0474210551055502, 50: 0.03909848245397244, 60: 0.03107822090466785, 70: 0.027924848829315264, 80: 0.024655608908106575, 90: 0.019646386726181315, 100: 0.019481195233152553, 110: 0.015558211087528135, 120: 0.01508871249932268, 130: 0.01659229372342666, 140: 0.014697044640312778, 150: 0.013914154588991975, 160: 0.013977855983930403, 170: 0.015395320963705838, 180: 0.014530251779811121}",150,0.013914154588991975,0.05,0.01,0.01
energy,fixnoiseFCN,32,1e-09,0.0005,"{0: 0.5100040312538174, 10: 0.07302588251430908, 20: 0.06462783093005518, 30: 0.056837304416107015, 40: 0.05056998922817154, 50: 0.040915987008268255, 60: 0.03596266658588654, 70: 0.03115366115971484, 80: 0.025430544615501878, 90: 0.02226686486523779, 100: 0.017065525081445102, 110: 0.01624426175567741, 120: 0.014930630253927537, 130: 0.015134643585045415, 140: 0.017114177250354096, 150: 0.011389934010051492, 160: 0.013386194241399127, 170: 0.012062126186959456, 180: 0.01417007150007336}",150,0.011389934010051492,0.1,0.01,0.01
energy,fixnoiseFCN,32,1e-09,0.001,"{0: 0.21561713536334137, 10: 0.0673485993223835, 20: 0.051685014070788335, 30: 0.03561848482780142, 40: 0.024330047744049614, 50: 0.016773259460960317, 60: 0.013449245163698931, 70: 0.011724264642843605, 80: 0.011365425280281286, 90: 0.012802281093192957, 100: 0.010202157771130189, 110: 0.011410150865179016, 120: 0.011830216979561516, 130: 0.01136902429854345}",100,0.010202157771130189,0.001,0.01,0.01
energy,fixnoiseFCN,32,1e-09,0.001,"{0: 0.21831240658738307, 10: 0.06611448849528913, 20: 0.05242613518351669, 30: 0.037862093913339466, 40: 0.026794250928859516, 50: 0.01941501628041494, 60: 0.016236691085372713, 70: 0.01498305220984833, 80: 0.014971065366205996, 90: 0.014145496286879805, 100: 0.015317847796542144, 110: 0.014198730799937892, 120: 0.013313880501351988, 130: 0.013812191343806585, 140: 0.015146274346792226, 150: 0.015499943222289012}",120,0.013313880501351988,0.005,0.01,0.01
energy,fixnoiseFCN,32,1e-09,0.001,"{0: 0.22526222658478293, 10: 0.06632775320796494, 20: 0.05510983649051922, 30: 0.04123734753709483, 40: 0.02981205156784717, 50: 0.02055157798589543, 60: 0.01815300444154684, 70: 0.013742714142048262, 80: 0.014034234663312944, 90: 0.013719212058566656, 100: 0.015307527253404011, 110: 0.013431618269396378, 120: 0.014794794538391123, 130: 0.013017762259508325, 140: 0.014240186628215903, 150: 0.01439951273063914, 160: 0.014122902294110711}",130,0.013017762259508325,0.01,0.01,0.01
energy,fixnoiseFCN,32,1e-09,0.001,"{0: 0.2186499628290389, 10: 0.0681549624039557, 20: 0.05306686855203173, 30: 0.035918092233140395, 40: 0.02771079211674435, 50: 0.019815453333442794, 60: 0.014953828083981074, 70: 0.01696762166630343, 80: 0.013918221986481571, 90: 0.012238413535652321, 100: 0.013515350661549219, 110: 0.010703936835926452, 120: 0.00960859305716358, 130: 0.012271496891458043, 140: 0.013663068784823595, 150: 0.013720235853516411}",120,0.00960859305716358,0.05,0.01,0.01
energy,fixnoiseFCN,32,1e-09,0.001,"{0: 0.2476067100880576, 10: 0.06875645057837573, 20: 0.05552524291614437, 30: 0.04386913472098636, 40: 0.03062450460181997, 50: 0.024000917261338038, 60: 0.02074209691001609, 70: 0.017226013295525245, 80: 0.0169991307582954, 90: 0.012547111127033531, 100: 0.01605014748977827, 110: 0.01438769471763226, 120: 0.011631256131601524, 130: 0.01665241665734512, 140: 0.014817631353121327, 150: 0.010534657794507038, 160: 0.010771738149684485, 170: 0.012863549410735298, 180: 0.012785068880513412}",150,0.010534657794507038,0.1,0.01,0.01
energy,fixnoiseFCN,32,1e-09,0.002,"{0: 0.14790609928904797, 10: 0.05949972280752106, 20: 0.03318711538619992, 30: 0.023051555884681024, 40: 0.0197817649898099, 50: 0.012918264180740584, 60: 0.013333612159165134, 70: 0.013505888743718058, 80: 0.012186777489921436, 90: 0.012858625846925745, 100: 0.012373905046628875, 110: 0.01287193803416321}",80,0.012186777489921436,0.001,0.01,0.01
energy,fixnoiseFCN,32,1e-09,0.002,"{0: 0.13958610001959895, 10: 0.05737580688056844, 20: 0.03246177544202404, 30: 0.01885146504072178, 40: 0.012169611724246233, 50: 0.010367769090138257, 60: 0.010941183626814122, 70: 0.01229379944330523, 80: 0.010869350948006184}",50,0.010367769090138257,0.005,0.01,0.01
energy,fixnoiseFCN,32,1e-09,0.002,"{0: 0.15341797040515498, 10: 0.06445205099041598, 20: 0.03296367134464458, 30: 0.018555644857602232, 40: 0.014158226722384929, 50: 0.01272872963700035, 60: 0.015778866144909802, 70: 0.01143575058332701, 80: 0.011775999078453857, 90: 0.011395436037526945, 100: 0.012826633372438537, 110: 0.015899103688512817, 120: 0.014337089958182513}",90,0.011395436037526945,0.01,0.01,0.01
energy,fixnoiseFCN,32,1e-09,0.002,"{0: 0.14455231055249917, 10: 0.06153298699981322, 20: 0.035389982758324, 30: 0.02331812562035923, 40: 0.01698470891431107, 50: 0.015732386508874877, 60: 0.014947258716608769, 70: 0.013479842033334532, 80: 0.012677076401522375, 90: 0.015251956942292505, 100: 0.014847085440605104, 110: 0.01529053426987546}",80,0.012677076401522375,0.05,0.01,0.01
energy,fixnoiseFCN,32,1e-09,0.002,"{0: 0.15614240344414693, 10: 0.0629597119839052, 20: 0.03627537657973108, 30: 0.028131611745913283, 40: 0.019387499808591873, 50: 0.019902670752705454, 60: 0.02093480215373773, 70: 0.018141910757590942, 80: 0.012921790440068965, 90: 0.015808446296939692, 100: 0.014646276381084237, 110: 0.013469843760390478}",80,0.012921790440068965,0.1,0.01,0.01
energy,dropoutFCN,32,0.1,0.0001,"{0: 0.9134670233465936, 10: 0.33000685596893453, 20: 0.153509537456402, 30: 0.12083196600651594, 40: 0.1096723020091647, 50: 0.10393437886876011, 60: 0.10010972364775723, 70: 0.09790537337807677, 80: 0.09574431266770209, 90: 0.09436966809607357, 100: 0.09360072493590896, 110: 0.09240538361188763, 120: 0.09240045429872829, 130: 0.09206805220369052, 140: 0.09147063486191664, 150: 0.09117695041051486, 160: 0.09130228028330949, 170: 0.09209778299117016, 180: 0.09076104070244034, 190: 0.0917534767748252, 200: 0.09102718073481975, 210: 0.0910124354905547}",180,0.09076104070244034,0.1,0.01,0.2
energy,dropoutFCN,32,0.1,0.0001,"{0: 0.9193918435697188, 10: 0.3229316051397485, 20: 0.15075157714393733, 30: 0.11652712229747034, 40: 0.10621928107616552, 50: 0.10107866442296468, 60: 0.09706427062588915, 70: 0.09573139494003716, 80: 0.09379930691144377, 90: 0.09299066942421005, 100: 0.09181895244741986, 110: 0.09066742728016829, 120: 0.0900424232388415, 130: 0.09020899635294381, 140: 0.08924974834557123, 150: 0.08955427168336103, 160: 0.08948249819784201, 170: 0.08951773663751128}",140,0.08924974834557123,0.1,0.01,0.1
energy,dropoutFCN,32,0.1,0.0001,"{0: 0.9488783970493071, 10: 0.30070980069328435, 20: 0.15387135878211256, 30: 0.12053088058676464, 40: 0.10774203242082907, 50: 0.10059946707345464, 60: 0.09682133223056619, 70: 0.0940570226721401, 80: 0.09223732886547711, 90: 0.09059231849890001, 100: 0.08937623824933663, 110: 0.08862829550496978, 120: 0.08764681680306471, 130: 0.08780735848042293, 140: 0.0874762549111601, 150: 0.08741228259463366, 160: 0.0872709488941799, 170: 0.08745522199909353, 180: 0.08788589725240332, 190: 0.08811837079130806}",160,0.0872709488941799,0.1,0.01,0.05
energy,dropoutFCN,32,0.1,0.0001,"{0: 0.8622864296638724, 10: 0.2679492218747356, 20: 0.13920891957073772, 30: 0.11105458200232088, 40: 0.1012712090223428, 50: 0.09630870146464145, 60: 0.09297797078661216, 70: 0.09084611807873007, 80: 0.08928457886769059, 90: 0.08816147441865921, 100: 0.08735233623552811, 110: 0.0866179622417805, 120: 0.08618166305370034, 130: 0.0859043970872891, 140: 0.08591000873669455, 150: 0.08580022284645136, 160: 0.08605853036635878, 170: 0.08630210756709397, 180: 0.08637905734800091}",150,0.08580022284645136,0.1,0.01,0.01
energy,dropoutFCN,32,0.1,0.0001,"{0: 0.9292309116335307, 10: 0.2835595132362266, 20: 0.13784221880128986, 30: 0.10876000117831797, 40: 0.09882719954742633, 50: 0.0942741794108264, 60: 0.09161753297958329, 70: 0.08979812647338535, 80: 0.08871685018390318, 90: 0.08781494704789757, 100: 0.08718521529303444, 110: 0.08665253860426875, 120: 0.0865060573006596, 130: 0.0862044469855689, 140: 0.08614879320186328, 150: 0.08598107551254941, 160: 0.08605308049077529, 170: 0.08606955277674297, 180: 0.08647389784743273}",150,0.08598107551254941,0.1,0.01,0.005
energy,dropoutFCN,32,0.1,0.0001,"{0: 0.9088704029385383, 10: 0.2895403238839822, 20: 0.14292564262511506, 30: 0.11160075029210059, 40: 0.10081644128284643, 50: 0.09562824200161073, 60: 0.09241610254442455, 70: 0.09034425532821415, 80: 0.08882246050463824, 90: 0.08768094251038835, 100: 0.08681484096871366, 110: 0.08623323140175092, 120: 0.08588632429655388, 130: 0.08575168809727257, 140: 0.08567913230089017, 150: 0.08578335719495142, 160: 0.0858431839632516, 170: 0.08591780559024889}",140,0.08567913230089017,0.1,0.01,0.001
energy,dropoutFCN,32,0.1,0.0005,"{0: 0.6165921632193031, 10: 0.10091168846739906, 20: 0.09222283962526656, 30: 0.09139077053224741, 40: 0.0896687011926965, 50: 0.09023863531934108, 60: 0.09221037683334968, 70: 0.09266417847086583}",40,0.0896687011926965,0.1,0.01,0.2
energy,dropoutFCN,32,0.1,0.0005,"{0: 0.5850256341879294, 10: 0.09619015104384498, 20: 0.08943788316872904, 30: 0.08887668546787202, 40: 0.0893681352314362, 50: 0.08975443228310653, 60: 0.09108786004049672}",30,0.08887668546787202,0.1,0.01,0.1
energy,dropoutFCN,32,0.1,0.0005,"{0: 0.5563180893155141, 10: 0.10037096325443631, 20: 0.09129676149963664, 30: 0.08897051898097015, 40: 0.08834448657938834, 50: 0.08934750907856925, 60: 0.0907004626592199, 70: 0.09042737816598087}",40,0.08834448657938834,0.1,0.01,0.05
energy,dropoutFCN,32,0.1,0.0005,"{0: 0.5440932381729848, 10: 0.09693423082701258, 20: 0.08957567471739261, 30: 0.08790525520175961, 40: 0.08790513353356995, 50: 0.08896788442429186, 60: 0.0900853193343067, 70: 0.09050208438134712}",40,0.08790513353356995,0.1,0.01,0.01
energy,dropoutFCN,32,0.1,0.0005,"{0: 0.590533100506091, 10: 0.09275950376169294, 20: 0.08623084112739668, 30: 0.08538195372420233, 40: 0.08585952335550803, 50: 0.08737600528435613, 60: 0.08854195824374314}",30,0.08538195372420233,0.1,0.01,0.005
energy,dropoutFCN,32,0.1,0.0005,"{0: 0.566790850331239, 10: 0.09632535142069115, 20: 0.08740021102492863, 30: 0.0858693917330211, 40: 0.08634890682551441, 50: 0.08754410138650368, 60: 0.08903164345829166}",30,0.0858693917330211,0.1,0.01,0.001
energy,dropoutFCN,32,0.1,0.001,"{0: 0.3398805061086375, 10: 0.09336376062344984, 20: 0.09268802406558527, 30: 0.09411467875315636, 40: 0.09298881510567795, 50: 0.09396201706960983}",20,0.09268802406558527,0.1,0.01,0.2
energy,dropoutFCN,32,0.1,0.001,"{0: 0.2978437894033016, 10: 0.09078165229316093, 20: 0.08880829634329852, 30: 0.09090084840154929, 40: 0.09229219104351401, 50: 0.09219724828960513}",20,0.08880829634329852,0.1,0.01,0.1
energy,dropoutFCN,32,0.1,0.001,"{0: 0.2951842417005824, 10: 0.09097732490962082, 20: 0.08949828706984597, 30: 0.09059260810007815, 40: 0.09199833409463773, 50: 0.09177292886861767}",20,0.08949828706984597,0.1,0.01,0.05
energy,dropoutFCN,32,0.1,0.001,"{0: 0.29387870086450096, 10: 0.08997302311675542, 20: 0.08881412455406204, 30: 0.09018286550716688, 40: 0.09077830799862367, 50: 0.0914894950938204}",20,0.08881412455406204,0.1,0.01,0.01
energy,dropoutFCN,32,0.1,0.001,"{0: 0.3306234257079499, 10: 0.08782342126746663, 20: 0.08772201110087172, 30: 0.09027450669342862, 40: 0.09084636226999479, 50: 0.09143737165983971}",20,0.08772201110087172,0.1,0.01,0.005
energy,dropoutFCN,32,0.1,0.001,"{0: 0.3134237971744203, 10: 0.08707489913226954, 20: 0.08682186404377416, 30: 0.08902920164971229, 40: 0.09032364712267674, 50: 0.09073188564931647}",20,0.08682186404377416,0.1,0.01,0.001
energy,dropoutFCN,32,0.1,0.002,"{0: 0.18044202130674666, 10: 0.0926738469149333, 20: 0.09594993296165108, 30: 0.10046109767730246, 40: 0.09756166264106952}",10,0.0926738469149333,0.1,0.01,0.2
energy,dropoutFCN,32,0.1,0.002,"{0: 0.1586539846562583, 10: 0.09302057241890631, 20: 0.09544581486060909, 30: 0.09630838851811216, 40: 0.09570701321810146}",10,0.09302057241890631,0.1,0.01,0.1
energy,dropoutFCN,32,0.1,0.002,"{0: 0.13337954553833456, 10: 0.09033560461448968, 20: 0.09606273203182583, 30: 0.09527104477522597, 40: 0.09479847558117796}",10,0.09033560461448968,0.1,0.01,0.05
energy,dropoutFCN,32,0.1,0.002,"{0: 0.18229636210358874, 10: 0.09154869446842, 20: 0.0951640052129813, 30: 0.09565527965235868, 40: 0.09603995533495462}",10,0.09154869446842,0.1,0.01,0.01
energy,dropoutFCN,32,0.1,0.002,"{0: 0.15147652341559076, 10: 0.0910744547834996, 20: 0.09412372318642244, 30: 0.09429225841534387, 40: 0.09442293377436511}",10,0.0910744547834996,0.1,0.01,0.005
energy,dropoutFCN,32,0.1,0.002,"{0: 0.17235732335325687, 10: 0.09020138899378025, 20: 0.09376379419726386, 30: 0.09425304127288837, 40: 0.09456234464550216}",10,0.09020138899378025,0.1,0.01,0.001
energy,dropoutFCN,32,0.01,0.0001,"{0: 0.9117526381473041, 10: 0.2232904179239931, 20: 0.1099664960880248, 30: 0.09279659074929401, 40: 0.08685547271019758, 50: 0.0820424896296137, 60: 0.07924617471638384, 70: 0.07769405899988195, 80: 0.07643271067270227, 90: 0.07500410718463761, 100: 0.07438060987344046, 110: 0.07370483644796216, 120: 0.07277207401433769, 130: 0.07184625561755609, 140: 0.07090118653773388, 150: 0.07058457041043338, 160: 0.07004657978646027, 170: 0.06949665730020475, 180: 0.06900118989689968, 190: 0.06880029613703517, 200: 0.06792477154420343, 210: 0.06805961405485769, 220: 0.0672362756752164, 230: 0.06714955226786452, 240: 0.06607396749725711, 250: 0.0655949677767558, 260: 0.06488395083353557, 270: 0.0650975151519513, 280: 0.06466196135419314, 290: 0.06431363572458514, 300: 0.0641017742000702, 310: 0.06293608381848732, 320: 0.06335128415532348, 330: 0.06278631292659888, 340: 0.06184719710763607, 350: 0.06154123744750466, 360: 0.06093135050933758, 370: 0.0603478761188518, 380: 0.060847638698060647, 390: 0.0599839355794093, 400: 0.059481704563466485, 410: 0.05934129566089258, 420: 0.05896484112985434, 430: 0.05857857064228924, 440: 0.05757741262280042, 450: 0.057428652328686935, 460: 0.057084570487574635, 470: 0.056854287845715744, 480: 0.05634726861182228, 490: 0.05632239365251394, 500: 0.056003578551243695, 510: 0.05578818530267308, 520: 0.05476078928950849, 530: 0.05494146092933733, 540: 0.05437743828479138, 550: 0.054361429965533406, 560: 0.0535998137053348, 570: 0.05349991965120902, 580: 0.05277264257449834, 590: 0.05265000898519604, 600: 0.0522694001056966, 610: 0.05209888984488555, 620: 0.05167910528665787, 630: 0.05151901490515658, 640: 0.05146406165417371, 650: 0.05135675189036275, 660: 0.05136487503595254, 670: 0.05040890299777786, 680: 0.050433253844638634, 690: 0.049467354945517704, 700: 0.049632526796813105, 710: 0.04897268408008032, 720: 0.04806532679947634, 730: 0.04738626552081125, 740: 0.047721287792350686, 750: 0.047520430055144676, 760: 0.04679337750187392, 770: 0.04650999154633885, 780: 0.04678729666111733, 790: 0.04616965375583474, 800: 0.045885209048716256, 810: 0.04502432016827346, 820: 0.045360266902699606, 830: 0.045073493965755586, 840: 0.04483930429504042, 850: 0.04420779653342385, 860: 0.04435791795591457, 870: 0.043258426612009446, 880: 0.0438629226986228, 890: 0.04343955022915076, 900: 0.042996529035998085, 910: 0.042263037196901596, 920: 0.04247304074978624, 930: 0.04227936864271611, 940: 0.04167066608957413, 950: 0.04191443324913251, 960: 0.04158685340659151, 970: 0.04197687569508651, 980: 0.04084492784440835, 990: 0.04108017570227801, 1000: 0.041685873999303936, 1010: 0.040881065380185204}",980,0.04084492784440835,0.1,0.01,0.2
energy,dropoutFCN,32,0.01,0.0001,"{0: 0.9521496679025635, 10: 0.2024060592712696, 20: 0.10025317459875516, 30: 0.08595440901372016, 40: 0.08080693243063244, 50: 0.07702006382819782, 60: 0.07439263906947029, 70: 0.0726629042217696, 80: 0.07140201793852749, 90: 0.06979159185446637, 100: 0.06899083720622667, 110: 0.06774968441010244, 120: 0.06722408569142704, 130: 0.06594425543907378, 140: 0.06547445064552321, 150: 0.06489631495381791, 160: 0.06401372505817375, 170: 0.06355895896529247, 180: 0.06248920716352262, 190: 0.06198066599229153, 200: 0.06117269461168919, 210: 0.06064368184885788, 220: 0.060601932837254326, 230: 0.05948095610319345, 240: 0.05881005184081702, 250: 0.05828333741864983, 260: 0.05800805984214633, 270: 0.05720000233489777, 280: 0.055885466059199904, 290: 0.05517892334294942, 300: 0.05496924061322711, 310: 0.05396585853038773, 320: 0.05260642867485206, 330: 0.05228180132903617, 340: 0.051190577612056046, 350: 0.05010749786063447, 360: 0.04950917130230657, 370: 0.0482376271633149, 380: 0.04704153579858984, 390: 0.04691847717104221, 400: 0.04566758872687174, 410: 0.045360938544885, 420: 0.04485210579076831, 430: 0.04410176441280957, 440: 0.04326046058183454, 450: 0.0427934472455206, 460: 0.04230421515491729, 470: 0.04078951418334272, 480: 0.04068943618378583, 490: 0.03979042537458759, 500: 0.03937306620223306, 510: 0.03950414362742228, 520: 0.038653495881170744, 530: 0.03799832225407932, 540: 0.03762581137105908, 550: 0.03767922737079708, 560: 0.036719134849795707, 570: 0.036419056835032604, 580: 0.03753310409916348, 590: 0.0360488471800123, 600: 0.036101221589228315, 610: 0.03574901545122633, 620: 0.035442297741836284, 630: 0.03484694962638642, 640: 0.03493303561591354, 650: 0.0344931697565032, 660: 0.03432334700062341, 670: 0.034242178297769335, 680: 0.03366057654994417, 690: 0.03397345474399711, 700: 0.0333811991649573, 710: 0.03319398190224908, 720: 0.032894441723529615, 730: 0.033294638818199156, 740: 0.032518176852417494, 750: 0.03246451051078819, 760: 0.03274715661935038, 770: 0.03264210864903529, 780: 0.03242367019587126, 790: 0.032153877204274886, 800: 0.03236066950233133, 810: 0.031667659626376236, 820: 0.03188361934004256, 830: 0.031179407261005165, 840: 0.03136264766155224, 850: 0.030928456512177155, 860: 0.031001052448649407, 870: 0.03119278444461579, 880: 0.030343301612131595, 890: 0.030486335553795863, 900: 0.03046673419676184, 910: 0.03021714974819867, 920: 0.03021060092044257, 930: 0.02946920797154834, 940: 0.03019164048743998, 950: 0.029592810194096802, 960: 0.029600510833228604}",930,0.02946920797154834,0.1,0.01,0.1
energy,dropoutFCN,32,0.01,0.0001,"{0: 0.9112167707097129, 10: 0.19278988529924673, 20: 0.10123258143877897, 30: 0.08751886293846148, 40: 0.08166705201454803, 50: 0.07753946782449365, 60: 0.07425758298384685, 70: 0.07222255849735379, 80: 0.07062081123193184, 90: 0.06938739658945181, 100: 0.06789064403148184, 110: 0.0664551011227964, 120: 0.06559563917674519, 130: 0.06425686809874195, 140: 0.06336373679174052, 150: 0.06225113510434094, 160: 0.061789497482529175, 170: 0.060814984080468704, 180: 0.059961246698647906, 190: 0.05937620460129127, 200: 0.05883301115908472, 210: 0.057344582157491775, 220: 0.05697636818184337, 230: 0.056237148261957616, 240: 0.055404350356232736, 250: 0.05460799878881952, 260: 0.053818349709145216, 270: 0.052997866545111336, 280: 0.052321056355454754, 290: 0.051489472518164006, 300: 0.05058542671950399, 310: 0.0499068859335535, 320: 0.048921476816677835, 330: 0.04782680708229319, 340: 0.047220044390586524, 350: 0.04586991100637464, 360: 0.04498314490847416, 370: 0.04381274030418868, 380: 0.04300454786809725, 390: 0.04217276188989179, 400: 0.04108253192009091, 410: 0.04100749412022494, 420: 0.040083598031576885, 430: 0.03877311649108059, 440: 0.03816065648214413, 450: 0.037184616714302864, 460: 0.037073498585177125, 470: 0.036711846985241645, 480: 0.036023890725770794, 490: 0.035402513593961585, 500: 0.03470011778584456, 510: 0.03458892671068887, 520: 0.033454779709607266, 530: 0.0335691461071231, 540: 0.03340332632256054, 550: 0.0330342656450539, 560: 0.032350222098796386, 570: 0.03227332187830154, 580: 0.032065542311287595, 590: 0.03244917432287407, 600: 0.031516292407998484, 610: 0.030680781665568303, 620: 0.030386578706759072, 630: 0.031007621566353283, 640: 0.03046525559443586, 650: 0.030397763522422534}",620,0.030386578706759072,0.1,0.01,0.05
energy,dropoutFCN,32,0.01,0.0001,"{0: 0.9168856182925211, 10: 0.202352440614796, 20: 0.0926052677220072, 30: 0.08062919745050191, 40: 0.07671914002964231, 50: 0.07438323503442325, 60: 0.07251452254673871, 70: 0.07086779595118482, 80: 0.0693677462172694, 90: 0.06830919750852059, 100: 0.06739158176598661, 110: 0.06643814229420442, 120: 0.0652683258077494, 130: 0.06446467571702304, 140: 0.06345090895452278, 150: 0.06239813601956373, 160: 0.0614410075075417, 170: 0.060538406107749965, 180: 0.05986623442674079, 190: 0.05867543883699148, 200: 0.057980865127936175, 210: 0.0568970265204821, 220: 0.05619085782347688, 230: 0.0552184837012212, 240: 0.054416089179894225, 250: 0.05331758334269512, 260: 0.0521479968063997, 270: 0.05127939066556586, 280: 0.049902472257669736, 290: 0.04913494367061592, 300: 0.047778438533492826, 310: 0.046994479365798765, 320: 0.045710025450251233, 330: 0.04463837289246546, 340: 0.043653554331020215, 350: 0.04280912826547985, 360: 0.041811428948994575, 370: 0.040754232559450924, 380: 0.03975820329949393, 390: 0.03947923075361569, 400: 0.038565647791846194, 410: 0.03782774942283962, 420: 0.037298342024511, 430: 0.0367293730711307, 440: 0.036120586168836726, 450: 0.03559552479836224, 460: 0.03519289612501471, 470: 0.0346984827493042, 480: 0.034002361118428054, 490: 0.03372118553670783, 500: 0.03318423605940449, 510: 0.03295182357020264, 520: 0.032706480238457084, 530: 0.03233934373493161, 540: 0.03207939088418554, 550: 0.03142878932156702, 560: 0.031330957748820054, 570: 0.03102988473364497, 580: 0.030874296279102032, 590: 0.030660248579742644, 600: 0.030337923611116445, 610: 0.030144651233405168, 620: 0.030018968863990424, 630: 0.029889747051378895, 640: 0.02939167058317026, 650: 0.02949753410934977, 660: 0.0291253151878512, 670: 0.029347987525963466, 680: 0.029124932361593657, 690: 0.02878049287004648, 700: 0.028823810794287585, 710: 0.028435412566330844, 720: 0.02818071597289156, 730: 0.028202903296341186, 740: 0.027891460648018784, 750: 0.02799878708410506, 760: 0.02747719558073781, 770: 0.027593507706586733, 780: 0.027480560914377096, 790: 0.027002639537368096, 800: 0.027593637921470182, 810: 0.027131687202191102, 820: 0.027183312444902852}",790,0.027002639537368096,0.1,0.01,0.01
energy,dropoutFCN,32,0.01,0.0001,"{0: 0.8863587256083564, 10: 0.17510239053102997, 20: 0.09285221746861419, 30: 0.08140278451455508, 40: 0.07651484343823425, 50: 0.07337995886794729, 60: 0.07101422535474264, 70: 0.06924464651014182, 80: 0.06774345459040405, 90: 0.06637728124063531, 100: 0.0652060529537619, 110: 0.06398843897944265, 120: 0.06293715688450988, 130: 0.061786353034201304, 140: 0.061044926485750536, 150: 0.05983371359394078, 160: 0.05880579073068961, 170: 0.05773023873077032, 180: 0.056738296219778425, 190: 0.055587047763296905, 200: 0.05459807743825436, 210: 0.05364406649745712, 220: 0.05249344458703985, 230: 0.05152405149987439, 240: 0.05049486582587119, 250: 0.04949696953621297, 260: 0.048383581218341104, 270: 0.04738777909434336, 280: 0.046434837515082, 290: 0.045251509661827345, 300: 0.04451290225175942, 310: 0.0435726152690517, 320: 0.042580917429247966, 330: 0.04162374520908947, 340: 0.0408226710868453, 350: 0.040128621912764804, 360: 0.03935924723240934, 370: 0.03871043850797487, 380: 0.03770011212360489, 390: 0.03702612003254665, 400: 0.03655060864116102, 410: 0.03596711773954121, 420: 0.03510599936388793, 430: 0.03475104609026951, 440: 0.03441942699117516, 450: 0.03363645742934703, 460: 0.03309957654465263, 470: 0.032541087721678665, 480: 0.03235452512310681, 490: 0.031960717483080936, 500: 0.03163679579957301, 510: 0.031643279484126485, 520: 0.031374451610086306, 530: 0.030675305275753684, 540: 0.03036588926899021, 550: 0.03023678750878638, 560: 0.02985122083674748, 570: 0.029656601289499963, 580: 0.029635652617006347, 590: 0.029164898334765897, 600: 0.029159474294440525, 610: 0.029008826913862456, 620: 0.028395887878023985, 630: 0.028529329523027114, 640: 0.02828798210932289, 650: 0.028033207638349815, 660: 0.027913109526136477, 670: 0.02801233270205185, 680: 0.027687433429631363, 690: 0.02732732389909211, 700: 0.02688024015892379, 710: 0.027034039401172338, 720: 0.026737469366542956, 730: 0.02681215343321385, 740: 0.02659672455027785, 750: 0.026371847597283116, 760: 0.026541466747528393, 770: 0.026228513906090583, 780: 0.02609097336558073, 790: 0.025592513017328587, 800: 0.025705816341963995, 810: 0.025660931922129936, 820: 0.02566065832368774}",790,0.025592513017328587,0.1,0.01,0.005
energy,dropoutFCN,32,0.01,0.0001,"{0: 0.8951420418265723, 10: 0.18271291865383196, 20: 0.09519908797414432, 30: 0.08132102876101258, 40: 0.07531961549957736, 50: 0.07173764377000266, 60: 0.06910347574558415, 70: 0.06705881227326682, 80: 0.06535998197977708, 90: 0.0638164324473178, 100: 0.0625015105050706, 110: 0.061247781852557394, 120: 0.060113221637166835, 130: 0.05903107691404781, 140: 0.0579673056127897, 150: 0.05694345054535068, 160: 0.05586672587861152, 170: 0.054784028222664, 180: 0.05371026946359573, 190: 0.05255271136382374, 200: 0.05144758309151639, 210: 0.05027179690242989, 220: 0.049095698972332555, 230: 0.04793173656131718, 240: 0.04687779649961047, 250: 0.04582659813657246, 260: 0.04457247930327034, 270: 0.04355552498870343, 280: 0.04246397318019837, 290: 0.04136801567283628, 300: 0.04038046249747674, 310: 0.039392085262978535, 320: 0.03868497167982675, 330: 0.03791646255704303, 340: 0.03709695627936463, 350: 0.03646516805800433, 360: 0.03579412168699925, 370: 0.03524781091238767, 380: 0.03450058817498035, 390: 0.03409850268386276, 400: 0.03351169904200185, 410: 0.033241962925032606, 420: 0.03288719543312592, 430: 0.032479468942449186, 440: 0.03206467299245365, 450: 0.03166022085251171, 460: 0.03130513593136438, 470: 0.031073078446663193, 480: 0.030787046842587863, 490: 0.030593732116994905, 500: 0.030451843290890505, 510: 0.03011644905837464, 520: 0.029822312152343607, 530: 0.02968664993614546, 540: 0.02948924931125944, 550: 0.029223425997569847, 560: 0.029084610903798724, 570: 0.02888756872298883, 580: 0.028844389131194144, 590: 0.028691222531815087, 600: 0.02850531283011341, 610: 0.028503139066945217, 620: 0.028172090324467342, 630: 0.0281628144055448, 640: 0.027922983715211642, 650: 0.02784773488599158, 660: 0.02787984042081748, 670: 0.027688587246373082, 680: 0.02755725308485636, 690: 0.027569722241568007, 700: 0.027365920656164194, 710: 0.02732375810228414, 720: 0.02719931596999075, 730: 0.027100698501105018, 740: 0.027034801085083972, 750: 0.026965865602871463, 760: 0.026878365510773033, 770: 0.0266661874118035, 780: 0.02676897421089467, 790: 0.026579470932657445, 800: 0.026424969074989212, 810: 0.026334693297365458, 820: 0.026369166490910458, 830: 0.026142686056838338, 840: 0.026254887415008532, 850: 0.026109435158447436, 860: 0.02606536927441212, 870: 0.025964917792482733, 880: 0.025821616218649878, 890: 0.026030300152389375, 900: 0.02583013737322739, 910: 0.0256963750142686, 920: 0.02566228016709985, 930: 0.02571156118385366, 940: 0.025597775107001113, 950: 0.025519187377144398, 960: 0.025434058491231464, 970: 0.025457545201671837, 980: 0.025302894520840814, 990: 0.025391559257699214, 1000: 0.025454503738281765, 1010: 0.02523209420452968, 1020: 0.025268032779319077, 1030: 0.02519825971146019, 1040: 0.025131309370263387, 1050: 0.025025473733663595, 1060: 0.024922604770099867, 1070: 0.024915052307306663, 1080: 0.024973503686140118, 1090: 0.025004295049989668, 1100: 0.024892482765125193, 1110: 0.024673458790240504, 1120: 0.024738853530642764, 1130: 0.024846944732681626, 1140: 0.024744581346719464}",1110,0.024673458790240504,0.1,0.01,0.001
energy,dropoutFCN,32,0.01,0.0005,"{0: 0.5248804624106397, 10: 0.08036026466286819, 20: 0.07559318737831058, 30: 0.0719949259468274, 40: 0.07036271756240586, 50: 0.06722096619370635, 60: 0.06728840286477429, 70: 0.06431117981635545, 80: 0.06232796375666176, 90: 0.06121331701710806, 100: 0.05962247007060858, 110: 0.057452624173807365, 120: 0.05554223135213017, 130: 0.05526967181247083, 140: 0.051836679235654846, 150: 0.05179297197920456, 160: 0.05120803069814347, 170: 0.0491717503182307, 180: 0.04719858263415304, 190: 0.04604388491475119, 200: 0.04413200309528646, 210: 0.043677927223129166, 220: 0.043078070666825195, 230: 0.04279030975136584, 240: 0.039879628993778345, 250: 0.04066339549524743, 260: 0.039652031883706605, 270: 0.03946217564342381, 280: 0.03904854467427367, 290: 0.03996717809169083, 300: 0.03705308824627658, 310: 0.03744947436189558, 320: 0.03755525873456854, 330: 0.037903179247917834}",300,0.03705308824627658,0.1,0.01,0.2
energy,dropoutFCN,32,0.01,0.0005,"{0: 0.5355654754710806, 10: 0.0771132097658111, 20: 0.07085762788715019, 30: 0.06677818679046339, 40: 0.0639983567500947, 50: 0.062450109542907674, 60: 0.059815125232263275, 70: 0.05734268459128361, 80: 0.05507697372671352, 90: 0.052352205591528755, 100: 0.04839982871752165, 110: 0.04637271656227655, 120: 0.04479477491736706, 130: 0.04151634870430445, 140: 0.03993649254979396, 150: 0.03707706192633707, 160: 0.03564180091939996, 170: 0.03404216288690601, 180: 0.03418303466985762, 190: 0.03268832979550282, 200: 0.03138472177909979, 210: 0.03155722927262898, 220: 0.030601261686978066, 230: 0.030186197693135346, 240: 0.030459365200096927, 250: 0.02953075655931777, 260: 0.031739759329628484, 270: 0.031201841859249978, 280: 0.029636953657488772}",250,0.02953075655931777,0.1,0.01,0.1
energy,dropoutFCN,32,0.01,0.0005,"{0: 0.4976380858646303, 10: 0.07950132459523232, 20: 0.07040310052564727, 30: 0.06708407504030996, 40: 0.06402964570416692, 50: 0.061002193379357285, 60: 0.057329567688587144, 70: 0.053398096651498216, 80: 0.048872751977548395, 90: 0.04571357110718059, 100: 0.04067792151667953, 110: 0.03826619392005456, 120: 0.0367958843322749, 130: 0.03333612091364653, 140: 0.03253943204075917, 150: 0.032166087604894304, 160: 0.029637171247484728, 170: 0.02935204683453853, 180: 0.028950142161753095, 190: 0.028391193292859263, 200: 0.028009299114301823, 210: 0.02809908854981553, 220: 0.027739944843237486, 230: 0.026874649337480842, 240: 0.026619060711363433, 250: 0.028382276212313717, 260: 0.026769717860960468, 270: 0.02578610628423759, 280: 0.026021193311573675, 290: 0.026683647787057167, 300: 0.025849131970736728}",270,0.02578610628423759,0.1,0.01,0.05
energy,dropoutFCN,32,0.01,0.0005,"{0: 0.44520057997162715, 10: 0.07594491277780276, 20: 0.06761663501066127, 30: 0.06203921620668125, 40: 0.05769911784458746, 50: 0.05425632769828055, 60: 0.04996998080077385, 70: 0.04550273953546616, 80: 0.04086842152143452, 90: 0.03811863204785805, 100: 0.03654442768795687, 110: 0.0345040810920172, 120: 0.03339465563987992, 130: 0.03204315983649732, 140: 0.031066242677689503, 150: 0.03180245548999601, 160: 0.02947338657535828, 170: 0.028849571667399092, 180: 0.028892318868676208, 190: 0.028046844061898512, 200: 0.028062301471171048, 210: 0.027617542754437195, 220: 0.02743707763121241, 230: 0.02743012231224623, 240: 0.02729144044293434, 250: 0.027787447083226547, 260: 0.027013814226229817, 270: 0.027215942772936735, 280: 0.02715341369851711, 290: 0.02690940582977046, 300: 0.026892938652634025, 310: 0.026954510792822746, 320: 0.02679023006055854, 330: 0.026239910169216486, 340: 0.025909993733267862, 350: 0.02619690827302427, 360: 0.025485025400299084, 370: 0.026048682765509153, 380: 0.02635853824791699, 390: 0.02649258851208608}",360,0.025485025400299084,0.1,0.01,0.01
energy,dropoutFCN,32,0.01,0.0005,"{0: 0.4744844193508128, 10: 0.07586444764793134, 20: 0.06817057993057948, 30: 0.06339911237780085, 40: 0.0585670674902176, 50: 0.053944847192285095, 60: 0.04891711138923669, 70: 0.04378731606033394, 80: 0.03991053514823061, 90: 0.036811976690963956, 100: 0.03481155759666731, 110: 0.033112361817096266, 120: 0.03253149652723772, 130: 0.030276470031779433, 140: 0.03028969732044292, 150: 0.02932028997812123, 160: 0.027975574146405578, 170: 0.02764652083536895, 180: 0.027184009343518757, 190: 0.026635303635060326, 200: 0.026588610979076367, 210: 0.026087515836319186, 220: 0.0252578194104567, 230: 0.024815455506024844, 240: 0.024699396102494452, 250: 0.0245363632596629, 260: 0.024410722174041354, 270: 0.023980457193759238, 280: 0.023808699166698883, 290: 0.024026026506501725, 300: 0.023735915985433564, 310: 0.023430244519975912, 320: 0.023808093041536072, 330: 0.023414729575548476, 340: 0.022792851361981687, 350: 0.022888264528623536, 360: 0.023261169345030842, 370: 0.0227229391245908, 380: 0.023312021766960678, 390: 0.022909178647845606, 400: 0.023007264295420368}",370,0.0227229391245908,0.1,0.01,0.005
energy,dropoutFCN,32,0.01,0.0005,"{0: 0.5100800662100767, 10: 0.07465288155381637, 20: 0.06630024942126923, 30: 0.061271445207991916, 40: 0.0567595225886577, 50: 0.05180665458701864, 60: 0.04627186294566126, 70: 0.04137884099813488, 80: 0.03784244341320726, 90: 0.03515103155074041, 100: 0.03344134525111059, 110: 0.03199300039457818, 120: 0.030608922720782628, 130: 0.029853621710726863, 140: 0.028548800975693022, 150: 0.027926475857524148, 160: 0.027122052344373787, 170: 0.026514126841432173, 180: 0.026443072982622984, 190: 0.025973754142169382, 200: 0.02567362075024357, 210: 0.025472310507839102, 220: 0.025298518356515236, 230: 0.02480824399892428, 240: 0.024452523765587757, 250: 0.024072376496078973, 260: 0.024038814649648205, 270: 0.023949394591587608, 280: 0.02330901315811871, 290: 0.023136486946135328, 300: 0.02310909204339919, 310: 0.02301896880581274, 320: 0.02274761719120994, 330: 0.022549309954990566, 340: 0.022373828957658933, 350: 0.02252661707042341, 360: 0.02217998111139679, 370: 0.022178084589466483, 380: 0.02181372257021786, 390: 0.02199414213696043, 400: 0.021918739587878856, 410: 0.021631188991669614, 420: 0.021942911576169354, 430: 0.02190798887511035, 440: 0.021780379429111024}",410,0.021631188991669614,0.1,0.01,0.001
energy,dropoutFCN,32,0.01,0.001,"{0: 0.2555941820847707, 10: 0.07363993951890185, 20: 0.07155964821169936, 30: 0.0675522376354831, 40: 0.06465488979753042, 50: 0.06070854870306321, 60: 0.060194965045713957, 70: 0.055307042294216756, 80: 0.05306028949185426, 90: 0.05162543122841965, 100: 0.0491700180980121, 110: 0.043858240366798314, 120: 0.04265144900183598, 130: 0.0413328823226977, 140: 0.04271622833048728, 150: 0.03916816681541039, 160: 0.03827917108653101, 170: 0.0356395610010987, 180: 0.03675879736195227, 190: 0.035155109396644006, 200: 0.03699383596078755, 210: 0.03444915593835245, 220: 0.03549795867149077, 230: 0.03294680777442653, 240: 0.03425542077273786, 250: 0.03467803388430836, 260: 0.03507877422620058}",230,0.03294680777442653,0.1,0.01,0.2
energy,dropoutFCN,32,0.01,0.001,"{0: 0.23830963715694434, 10: 0.07194044846382505, 20: 0.06704024055395011, 30: 0.06245370254697091, 40: 0.0561628390390063, 50: 0.05226128919711196, 60: 0.046678422655258345, 70: 0.04156130710056897, 80: 0.03942327612613052, 90: 0.03896781286346615, 100: 0.03503052443057382, 110: 0.03536657543504626, 120: 0.03500816360365251, 130: 0.03282769433955431, 140: 0.034421689487327406, 150: 0.03399063407442347, 160: 0.03309073285460988}",130,0.03282769433955431,0.1,0.01,0.1
energy,dropoutFCN,32,0.01,0.001,"{0: 0.23857365335589426, 10: 0.0711746468195697, 20: 0.06490223756794586, 30: 0.05963088855391643, 40: 0.052183615501538584, 50: 0.044187142489636635, 60: 0.040267827364552915, 70: 0.03534895192901762, 80: 0.034187880681543915, 90: 0.03192228969356846, 100: 0.032827991249113495, 110: 0.031076692778770565, 120: 0.029234482808549744, 130: 0.030141032251660843, 140: 0.03277035701710109, 150: 0.029153254395692163, 160: 0.028982195238727148, 170: 0.0296803809984164, 180: 0.029053274346916468, 190: 0.028425514434259343, 200: 0.027748201882081137, 210: 0.02887766816694646, 220: 0.027249825850286024, 230: 0.02749248909958002, 240: 0.028451519997451092, 250: 0.02710168629524256, 260: 0.026965689763682976, 270: 0.029809285627285055, 280: 0.02825891979068009, 290: 0.026949641419897096, 300: 0.027336283188497446, 310: 0.027718967249373443, 320: 0.02898797326352967}",290,0.026949641419897096,0.1,0.01,0.05
energy,dropoutFCN,32,0.01,0.001,"{0: 0.22040214527869534, 10: 0.07136023031547914, 20: 0.06428641864706457, 30: 0.05616157062457956, 40: 0.04667089718018995, 50: 0.039439429280484786, 60: 0.03583271742506566, 70: 0.033272262858868626, 80: 0.03231295142414632, 90: 0.030238789319296955, 100: 0.030587015505599592, 110: 0.028840142006768744, 120: 0.02889204912546014, 130: 0.027823513259238104, 140: 0.02718410078512102, 150: 0.026884925919102697, 160: 0.02735157461051708, 170: 0.027785591319338426, 180: 0.026790939203230012, 190: 0.02704886927283177, 200: 0.025951919231057868, 210: 0.02626194289105822, 220: 0.025426846495568235, 230: 0.0250963148850251, 240: 0.025779985775693202, 250: 0.025843066087668613, 260: 0.025704620418295326}",230,0.0250963148850251,0.1,0.01,0.01
energy,dropoutFCN,32,0.01,0.001,"{0: 0.2412547127691393, 10: 0.06842060850226418, 20: 0.06114815454877933, 30: 0.052507287549212675, 40: 0.04478692949139943, 50: 0.037200391967821225, 60: 0.0341940720990751, 70: 0.032312776582166865, 80: 0.03142907917315835, 90: 0.030491852237344363, 100: 0.02968686020539734, 110: 0.02836107249489255, 120: 0.028153618698110266, 130: 0.02716554460448018, 140: 0.026872698282772074, 150: 0.026407010108083544, 160: 0.025691883572118213, 170: 0.025390776574877788, 180: 0.02526442353866521, 190: 0.02535067106798583, 200: 0.024451717349469628, 210: 0.024010369810856025, 220: 0.023939339151648413, 230: 0.023850661008362452, 240: 0.024013483157453656, 250: 0.023576487945478376, 260: 0.024345754476530496, 270: 0.023333688302621728, 280: 0.023830651345758475, 290: 0.02328862723598127, 300: 0.02338978604562645, 310: 0.023170085156672314, 320: 0.023111256808275884, 330: 0.022723894912660657, 340: 0.023047147861700625, 350: 0.022641716758217488, 360: 0.02204998271053479, 370: 0.022912044815225602, 380: 0.0225498027394249, 390: 0.022843158865769785}",360,0.02204998271053479,0.1,0.01,0.005
energy,dropoutFCN,32,0.01,0.001,"{0: 0.23274536702266047, 10: 0.07007735983946356, 20: 0.06222794168804639, 30: 0.055054752871902576, 40: 0.04642471899562091, 50: 0.03981146591021771, 60: 0.03557742288509687, 70: 0.033040799084501186, 80: 0.03153463723521526, 90: 0.030704427477780155, 100: 0.029705635928869746, 110: 0.02914859597744599, 120: 0.02856367863297629, 130: 0.027261932812185263, 140: 0.026486039478354144, 150: 0.025343211583632296, 160: 0.02484571961699669, 170: 0.02487544939125496, 180: 0.02459874259968086, 190: 0.02441072736546649, 200: 0.024149896351387944, 210: 0.02390236777617016, 220: 0.023694536952900403, 230: 0.022903929226866057, 240: 0.02312608809602228, 250: 0.023107419091342736, 260: 0.02283165841685479, 270: 0.022194364483131977, 280: 0.02234026535225363, 290: 0.023073517161681028, 300: 0.02242680996945385}",270,0.022194364483131977,0.1,0.01,0.001
energy,dropoutFCN,32,0.01,0.002,"{0: 0.13839437471943253, 10: 0.07376205330171157, 20: 0.06911331335273557, 30: 0.06545972883856235, 40: 0.06861421240946222, 50: 0.06208860594056835, 60: 0.05518872416019042, 70: 0.05387974174224772, 80: 0.04765391032157239, 90: 0.04678419141895005, 100: 0.044074972195933856, 110: 0.042167608129258044, 120: 0.04369775004383049, 130: 0.038377595259869446, 140: 0.04230025537435165, 150: 0.0387897187177855, 160: 0.039693188131219005}",130,0.038377595259869446,0.1,0.01,0.2
energy,dropoutFCN,32,0.01,0.002,"{0: 0.1574071248817266, 10: 0.07197905892743821, 20: 0.06845690193540746, 30: 0.06292859384797263, 40: 0.05620358387425624, 50: 0.05294160481091024, 60: 0.05143225070540427, 70: 0.047539046235103515, 80: 0.04469278381029463, 90: 0.04138792272471959, 100: 0.04102161129315694, 110: 0.040527188075515454, 120: 0.035903510767393045, 130: 0.03844067248109021, 140: 0.03702365283117117, 150: 0.04256402756102749}",120,0.035903510767393045,0.1,0.01,0.1
energy,dropoutFCN,32,0.01,0.002,"{0: 0.14006561458658953, 10: 0.07251778097916853, 20: 0.05959526519717477, 30: 0.052793935640969146, 40: 0.0468640208333695, 50: 0.041151684488816676, 60: 0.03809273363720746, 70: 0.03610987367157371, 80: 0.03384994051900685, 90: 0.031218437493486944, 100: 0.030597927440322793, 110: 0.03105543005467256, 120: 0.029896656617841987, 130: 0.03191395188081877, 140: 0.029898880814628753, 150: 0.03116008103306923}",120,0.029896656617841987,0.1,0.01,0.05
energy,dropoutFCN,32,0.01,0.002,"{0: 0.14455152429927273, 10: 0.06764212193114746, 20: 0.05730881231318001, 30: 0.045227368193063264, 40: 0.0377338861968896, 50: 0.03352209587450998, 60: 0.0335178684966057, 70: 0.031042891517569504, 80: 0.02911181803119948, 90: 0.028993785844979986, 100: 0.02793196614168353, 110: 0.027930280959498528, 120: 0.028012922076590573, 130: 0.026666419210010978, 140: 0.02624700882998519, 150: 0.025353550796678677, 160: 0.026169352857444417, 170: 0.02604248283906836, 180: 0.025261885572786403, 190: 0.024857474814176432, 200: 0.027237662862463506, 210: 0.025863465567767484, 220: 0.024954488182145722}",190,0.024857474814176432,0.1,0.01,0.01
energy,dropoutFCN,32,0.01,0.002,"{0: 0.14208679447631017, 10: 0.071307585372931, 20: 0.0569606253118868, 30: 0.04328235006172125, 40: 0.038675002968225514, 50: 0.03387763169753612, 60: 0.03170035403367323, 70: 0.031148084963722882, 80: 0.0317895381617956, 90: 0.030180558478815955, 100: 0.029661275745907833, 110: 0.028223025442032666, 120: 0.029073427883032067, 130: 0.027577229411275835, 140: 0.02851457084088079, 150: 0.02554303289937382, 160: 0.027963968930316895, 170: 0.02664637035477619, 180: 0.026547311417541}",150,0.02554303289937382,0.1,0.01,0.005
energy,dropoutFCN,32,0.01,0.002,"{0: 0.1372823492697473, 10: 0.06827238473545214, 20: 0.060024196574521294, 30: 0.04878748819360086, 40: 0.03825072471772839, 50: 0.03318950035607443, 60: 0.03219827112819844, 70: 0.03060078449283149, 80: 0.028943631471823994, 90: 0.02823044196561656, 100: 0.027480312803588626, 110: 0.02715243619334041, 120: 0.02663191196819147, 130: 0.02637829662263532, 140: 0.02619289226125463, 150: 0.02548102962187544, 160: 0.025621286927303217, 170: 0.026185281628299185, 180: 0.025142485622922834, 190: 0.025283584843933237, 200: 0.025297725282154664, 210: 0.025365664330316708}",180,0.025142485622922834,0.1,0.01,0.001
energy,dropoutFCN,32,0.001,0.0001,"{0: 0.8851095845393303, 10: 0.19501859576650002, 20: 0.10495870140690607, 30: 0.09049301746496356, 40: 0.08446503662662269, 50: 0.07980428502622977, 60: 0.07819180332494627, 70: 0.07594175448026258, 80: 0.07411469499000022, 90: 0.07300172130612395, 100: 0.07215510779281989, 110: 0.0712849402017956, 120: 0.06984970690450412, 130: 0.069126808733606, 140: 0.06885259801713797, 150: 0.06800458190934619, 160: 0.06684898866888414, 170: 0.0664581283461737, 180: 0.06518615275660142, 190: 0.06502694445537453, 200: 0.06402846341718083, 210: 0.06389292538574175, 220: 0.062116526372012794, 230: 0.06271526629188873, 240: 0.06162930517777052, 250: 0.06084413877695175, 260: 0.059847430887717844, 270: 0.05941137241962495, 280: 0.05894576788671522, 290: 0.05784137413391276, 300: 0.057505906058179214, 310: 0.05742855268384948, 320: 0.05626567801222053, 330: 0.05567345043070099, 340: 0.055243136646186575, 350: 0.05419729360537292, 360: 0.05328040038331435, 370: 0.05339061714138815, 380: 0.05271934301155608, 390: 0.05098478297337912, 400: 0.05124176691452472, 410: 0.049788821410419036, 420: 0.04927672243924215, 430: 0.04834222879003092, 440: 0.04778078792602575, 450: 0.04751688186042026, 460: 0.046503689268875256, 470: 0.04671033232228432, 480: 0.04566991938337412, 490: 0.044838139295526366, 500: 0.043810972863269314, 510: 0.04376615198493186, 520: 0.04224888053201968, 530: 0.041835787884695406, 540: 0.04191367920703107, 550: 0.04097535031882783, 560: 0.04015068683912797, 570: 0.03948834454113208, 580: 0.037902344555292275, 590: 0.037883265601282634, 600: 0.03639704709941866, 610: 0.03649761847631344, 620: 0.036126061338907986, 630: 0.03593327302808931, 640: 0.03516605430202342, 650: 0.03324946435380642, 660: 0.033390656524657704, 670: 0.03268361540627185, 680: 0.03219113732909943, 690: 0.031422368982762364, 700: 0.03103321148448788, 710: 0.02975354979955942, 720: 0.02944518731181862, 730: 0.029964007826589766, 740: 0.029645890535596336, 750: 0.028374728990745286, 760: 0.028503534552735178, 770: 0.027550544301957768, 780: 0.027614921694972722, 790: 0.025933734994189515, 800: 0.026055268816551604, 810: 0.02538799890332539, 820: 0.025322891091380483, 830: 0.02489587234137782, 840: 0.024674258344175796, 850: 0.024930202961154207, 860: 0.024209915196696102, 870: 0.023717721075432255, 880: 0.024241649622029838, 890: 0.023485316519005966, 900: 0.023535830777882735, 910: 0.02288313475143903, 920: 0.02342850816286291, 930: 0.02243396065193044, 940: 0.022524351441909254, 950: 0.022752448595307073, 960: 0.02170107725381605, 970: 0.02179076062525557, 980: 0.02204286402122912, 990: 0.02178380521273509}",960,0.02170107725381605,0.1,0.01,0.2
energy,dropoutFCN,32,0.001,0.0001,"{0: 0.9075348725878809, 10: 0.2094835504162602, 20: 0.10207695090026359, 30: 0.08608699132675061, 40: 0.0799110380169806, 50: 0.07611301826680801, 60: 0.07400425186416246, 70: 0.07159566352786613, 80: 0.069506605640729, 90: 0.06833461090683039, 100: 0.06698817717574024, 110: 0.06526092402934909, 120: 0.0639085142435681, 130: 0.06316712811652794, 140: 0.061563532201042735, 150: 0.06014566980913037, 160: 0.05909959341365982, 170: 0.057946473987100046, 180: 0.05633848109663001, 190: 0.05540479972326016, 200: 0.05405236430114648, 210: 0.05208085456429347, 220: 0.0517985099403521, 230: 0.049443666293013576, 240: 0.04869317857256401, 250: 0.047583301535280134, 260: 0.04594221115623707, 270: 0.04495969687948605, 280: 0.04368217768075346, 290: 0.0429448447592768, 300: 0.04102216541824715, 310: 0.0402202961476095, 320: 0.03855179614442937, 330: 0.03914754065211679, 340: 0.03753436874361431, 350: 0.036055621487157644, 360: 0.035776358189844024, 370: 0.03544762999640573, 380: 0.034471551487382436, 390: 0.03277193608297939, 400: 0.03255993121388148, 410: 0.03196448982183963, 420: 0.031463453389890914, 430: 0.031116628180978285, 440: 0.030487672094338603, 450: 0.02892341182344868, 460: 0.028858205898687605, 470: 0.02945028491659326, 480: 0.027874780213007266, 490: 0.0273032181312998, 500: 0.026389812214857866, 510: 0.025244983685130028, 520: 0.02485967008976655, 530: 0.02479061831596171, 540: 0.02394200220168348, 550: 0.022817778854362647, 560: 0.022601970111548814, 570: 0.02302410428668084, 580: 0.022717860665564082, 590: 0.021555948031635012, 600: 0.021337067716118575, 610: 0.02039452824628895, 620: 0.02080109961669508, 630: 0.0208649342899265, 640: 0.020390073998875775, 650: 0.020225146493767616, 660: 0.019940570324975124, 670: 0.01898560025745996, 680: 0.018551875714236984, 690: 0.01902767107749387, 700: 0.018755712790689504, 710: 0.017865654360068515, 720: 0.018118127026274557, 730: 0.01834320291230341, 740: 0.017941553146975202}",710,0.017865654360068515,0.1,0.01,0.1
energy,dropoutFCN,32,0.001,0.0001,"{0: 0.9103770955171677, 10: 0.17537771851642597, 20: 0.09463549886242908, 30: 0.08318501949066022, 40: 0.0777350673230826, 50: 0.07454686888027999, 60: 0.07215031530967748, 70: 0.07027159824016076, 80: 0.06894919735426809, 90: 0.06757275922730113, 100: 0.06669654386475787, 110: 0.06491056855280893, 120: 0.06360748167562195, 130: 0.06243211000127012, 140: 0.06085894812818497, 150: 0.05956053669597568, 160: 0.05783189652599598, 170: 0.05622686362424032, 180: 0.054839550650290184, 190: 0.053317208771979784, 200: 0.05225606175785254, 210: 0.050369524898353335, 220: 0.04893549271275461, 230: 0.04728500787181154, 240: 0.04573910033490941, 250: 0.044445257058771045, 260: 0.04320788919150146, 270: 0.04213721397551683, 280: 0.040242240026764006, 290: 0.038852430714832284, 300: 0.03828200959880662, 310: 0.03693000542023024, 320: 0.036481948306814574, 330: 0.034776380712268955, 340: 0.033669971799055655, 350: 0.03231178774961023, 360: 0.032726020876114155, 370: 0.030262424447328573, 380: 0.029479049814970005, 390: 0.02864138534153309, 400: 0.02821648617888369, 410: 0.02706536373770723, 420: 0.026229757595125615, 430: 0.02584067990619346, 440: 0.024556779509104166, 450: 0.02383214969887553, 460: 0.023482586102870233, 470: 0.021831915546226, 480: 0.022550195618355716, 490: 0.02178650438975715, 500: 0.020683840914218165, 510: 0.02020452406526001, 520: 0.02019209943686436, 530: 0.019990916477371563, 540: 0.01910735383688387, 550: 0.018411145996271087, 560: 0.019089155118154295, 570: 0.01748509624712025, 580: 0.01792211378129517, 590: 0.01617358374584024, 600: 0.016307666119300776, 610: 0.017106410055755812, 620: 0.01703274553209964}",590,0.01617358374584024,0.1,0.01,0.05
energy,dropoutFCN,32,0.001,0.0001,"{0: 0.9210978507979718, 10: 0.16789260063646605, 20: 0.09047686586000833, 30: 0.0805518875262244, 40: 0.07584335997484215, 50: 0.07296937551529634, 60: 0.07094045858241853, 70: 0.06897901638986809, 80: 0.06713479578030294, 90: 0.06521914264048939, 100: 0.06359458490352178, 110: 0.06192957755636489, 120: 0.06036553084775835, 130: 0.05838611344696998, 140: 0.05664901630457688, 150: 0.05469575792895616, 160: 0.053068177557724014, 170: 0.05114859409727614, 180: 0.048957072691869045, 190: 0.04678690438025374, 200: 0.04462901341110591, 210: 0.04263346919778242, 220: 0.040264060605115275, 230: 0.03838446730020188, 240: 0.03668797611088002, 250: 0.034406839354914794, 260: 0.03287189670237767, 270: 0.03113575423640059, 280: 0.03015045233460112, 290: 0.028867657875658814, 300: 0.02750467586958033, 310: 0.025994150998180317, 320: 0.02514740528061432, 330: 0.024117192525804385, 340: 0.023251210292025468, 350: 0.021977474511575334, 360: 0.02125983402407556, 370: 0.02029347065523392, 380: 0.01958121340466145, 390: 0.018048083804439546, 400: 0.017138724804756707, 410: 0.016902276207748156, 420: 0.015805059979558903, 430: 0.015384920823444776, 440: 0.014973278000789948, 450: 0.014790685209787624, 460: 0.013803425844692713, 470: 0.013744007655984557, 480: 0.013382997696788038, 490: 0.013633660044966458, 500: 0.013121287788146658, 510: 0.012471698208209453, 520: 0.012527553325956637, 530: 0.012578835062048094, 540: 0.012361774448562063, 550: 0.012070325571114196, 560: 0.011258547368948338, 570: 0.0116492843089195, 580: 0.011517253379641226, 590: 0.011624479089138325}",560,0.011258547368948338,0.1,0.01,0.01
energy,dropoutFCN,32,0.001,0.0001,"{0: 0.9243239329383324, 10: 0.19877412501262315, 20: 0.09602106232357457, 30: 0.08347582564435133, 40: 0.07804888930510842, 50: 0.0746822150348902, 60: 0.07254665088815623, 70: 0.07056440051849104, 80: 0.06891430810244817, 90: 0.0667581822509156, 100: 0.0648664562951902, 110: 0.06263440392398047, 120: 0.06083734717026927, 130: 0.05866549369551001, 140: 0.05663737778226789, 150: 0.05437657451509087, 160: 0.0519538997634143, 170: 0.04986488518671173, 180: 0.04739329483596886, 190: 0.04577975940993511, 200: 0.043458640464141766, 210: 0.04138317955641703, 220: 0.03981426570971147, 230: 0.03805201476111891, 240: 0.036078430452947216, 250: 0.034488086995146015, 260: 0.03331471128667531, 270: 0.03173369370561277, 280: 0.03028390164849886, 290: 0.02894105994186409, 300: 0.028020116994059374, 310: 0.026798648605036023, 320: 0.025845096217609637, 330: 0.024736853150642668, 340: 0.023833059395055096, 350: 0.02266748537010695, 360: 0.021818526220666427, 370: 0.021178267450188176, 380: 0.020592271619852852, 390: 0.019775181660121058, 400: 0.018829204737355627, 410: 0.018183263273100134, 420: 0.017908639294720564, 430: 0.01749113884968101, 440: 0.016998095504366588, 450: 0.016254518076583326, 460: 0.015890801309949396, 470: 0.01516701369470016, 480: 0.014464060514661375, 490: 0.014830105357923683, 500: 0.015206075076738207, 510: 0.014216261402226305, 520: 0.013998040493900943, 530: 0.013577429519331463, 540: 0.013734569760938375, 550: 0.01309221102269601, 560: 0.013092027896563146, 570: 0.013590644622167223, 580: 0.01334653572890251, 590: 0.012683942590621822, 600: 0.013426520664025932, 610: 0.013100065646923242, 620: 0.012655513229882056, 630: 0.013322807761440712, 640: 0.012791472296145467, 650: 0.012720335108480873}",620,0.012655513229882056,0.1,0.01,0.005
energy,dropoutFCN,32,0.001,0.0001,"{0: 0.9471049172487733, 10: 0.17630239656853167, 20: 0.09240911750704564, 30: 0.0807341571258264, 40: 0.074854869621554, 50: 0.07099630343856238, 60: 0.06821309806736575, 70: 0.06580748778260082, 80: 0.06361697355716503, 90: 0.061543803438335744, 100: 0.05929116735630324, 110: 0.05698159813437044, 120: 0.05493989698529268, 130: 0.05274149558844406, 140: 0.05062683886888979, 150: 0.048326482899178194, 160: 0.04623058926183534, 170: 0.044024271515360536, 180: 0.04210333355450359, 190: 0.04031412797750004, 200: 0.03842487949776193, 210: 0.03687658253602865, 220: 0.035360663994604566, 230: 0.033584300171438417, 240: 0.03203765819963615, 250: 0.030831191592801253, 260: 0.029523713917570894, 270: 0.028027292620924397, 280: 0.027034302177281276, 290: 0.02565152146116815, 300: 0.024393484961252904, 310: 0.02337939929952923, 320: 0.02212457819960343, 330: 0.020998384570796006, 340: 0.020021112094886873, 350: 0.018897440281337767, 360: 0.018131494614395335, 370: 0.017278859840501676, 380: 0.016884137833160544, 390: 0.016483830173086418, 400: 0.015467888830391255, 410: 0.015454715047059942, 420: 0.015255726830504798, 430: 0.014140657899799736, 440: 0.0139505963143213, 450: 0.013678502678443167, 460: 0.013673404204719613, 470: 0.013810565584619355, 480: 0.013015333909402843, 490: 0.01330166512584644, 500: 0.0124016551049775, 510: 0.012776157164214597, 520: 0.012722014905826523, 530: 0.012397172765583636, 540: 0.012875206149654272, 550: 0.012167987654894971, 560: 0.012519853725256333, 570: 0.01246300831131263, 580: 0.012210147561140255}",550,0.012167987654894971,0.1,0.01,0.001
energy,dropoutFCN,32,0.001,0.0005,"{0: 0.5358156630734865, 10: 0.08249011377497513, 20: 0.0763807179839984, 30: 0.0729029171340099, 40: 0.0708201418040308, 50: 0.06627005259262495, 60: 0.061832069081823926, 70: 0.05734658305410717, 80: 0.05295596558197997, 90: 0.04832791475484559, 100: 0.0425058945015472, 110: 0.040431583542677146, 120: 0.03806542833351213, 130: 0.032630924259573243, 140: 0.03139461822456262, 150: 0.029244572390330147, 160: 0.026777178098936805, 170: 0.024757985342092892, 180: 0.02255534846457293, 190: 0.021572457329600586, 200: 0.021510192022664965, 210: 0.020208531594012886, 220: 0.01957500858427754, 230: 0.019697655059569014, 240: 0.018391431397934064, 250: 0.018955250817790325, 260: 0.017824716307322144, 270: 0.019030457608017977, 280: 0.01778505720711046, 290: 0.018618153834395985, 300: 0.016022469625115297, 310: 0.01825293194812661, 320: 0.017191636602465157, 330: 0.01659702926542246}",300,0.016022469625115297,0.1,0.01,0.2
energy,dropoutFCN,32,0.001,0.0005,"{0: 0.509734981939123, 10: 0.07671044572590033, 20: 0.06944850659697718, 30: 0.06452310801860167, 40: 0.05841879671195992, 50: 0.052495262216005534, 60: 0.045314929324264175, 70: 0.040450178392258285, 80: 0.03647511180792628, 90: 0.03135270857435019, 100: 0.030575073624604966, 110: 0.02860306577746326, 120: 0.02516052409193245, 130: 0.02295545651142349, 140: 0.021327451506673527, 150: 0.018990568369135458, 160: 0.01786277345671513, 170: 0.01648834559017095, 180: 0.0169145027506964, 190: 0.01649606413644005, 200: 0.015120474469921086, 210: 0.014352151548757297, 220: 0.013763891055030092, 230: 0.014064775729125165, 240: 0.014742955119167466, 250: 0.014318516295215564}",220,0.013763891055030092,0.1,0.01,0.1
energy,dropoutFCN,32,0.001,0.0005,"{0: 0.5220090205385322, 10: 0.07707759131664167, 20: 0.06827148403781233, 30: 0.05991202888876999, 40: 0.052894641263463826, 50: 0.04697243679822778, 60: 0.0389936514417243, 70: 0.03470102725251387, 80: 0.03079723782140295, 90: 0.027090575141472513, 100: 0.024236456274526502, 110: 0.02206680941730976, 120: 0.018466672276020224, 130: 0.01863159859344695, 140: 0.017709415772758245, 150: 0.015740710918660143, 160: 0.015151318550699714, 170: 0.013651878033955442, 180: 0.014676978697574061, 190: 0.013633612099790174, 200: 0.014945731864586486, 210: 0.01544234690159722, 220: 0.013939925863858255}",190,0.013633612099790174,0.1,0.01,0.05
energy,dropoutFCN,32,0.001,0.0005,"{0: 0.5038098887198927, 10: 0.07395583668786511, 20: 0.06385244329194459, 30: 0.05417419236893656, 40: 0.043585147686708806, 50: 0.03549665621156996, 60: 0.029864811514967622, 70: 0.026687215646205305, 80: 0.022673993116346707, 90: 0.02018833434910295, 100: 0.018235853967777806, 110: 0.017302511230656785, 120: 0.015143181345875256, 130: 0.016102187601767758, 140: 0.013466489895772102, 150: 0.014117519451273246, 160: 0.013758263434367224, 170: 0.01292782515303784, 180: 0.011814152608338487, 190: 0.01185331837880245, 200: 0.013276592360983969, 210: 0.012747314706378706}",180,0.011814152608338487,0.1,0.01,0.01
energy,dropoutFCN,32,0.001,0.0005,"{0: 0.4942651182687173, 10: 0.07359746734752078, 20: 0.06436629754905858, 30: 0.05576366230470092, 40: 0.04546697891327114, 50: 0.03846725561871666, 60: 0.03361430004145739, 70: 0.02682912978571438, 80: 0.022642549031638638, 90: 0.01964094364132092, 100: 0.017266359148745906, 110: 0.016087604331764465, 120: 0.014826988950634893, 130: 0.013941376262750192, 140: 0.013234280709285989, 150: 0.01291681988880745, 160: 0.012763260347441218, 170: 0.01112275241705222, 180: 0.011940586006679221, 190: 0.012506329125756882, 200: 0.0126905469347363}",170,0.01112275241705222,0.1,0.01,0.005
energy,dropoutFCN,32,0.001,0.0005,"{0: 0.5382856401080975, 10: 0.0737169158582042, 20: 0.06408658864679899, 30: 0.053919461995659154, 40: 0.04285330109682526, 50: 0.03395600821984246, 60: 0.028206927689567146, 70: 0.02340155070453711, 80: 0.019384617221658507, 90: 0.017017479169248388, 100: 0.014985790847341774, 110: 0.013367183183511147, 120: 0.012953471421475996, 130: 0.0122225364565891, 140: 0.012541228860287005, 150: 0.012687344797907391, 160: 0.011231492887775266, 170: 0.01150612353947891, 180: 0.011401816848409775, 190: 0.011499539806936881}",160,0.011231492887775266,0.1,0.01,0.001
energy,dropoutFCN,32,0.001,0.001,"{0: 0.2356069858080067, 10: 0.07630388989436869, 20: 0.07050434357700039, 30: 0.06702619251367745, 40: 0.059611766053383294, 50: 0.05520084443720964, 60: 0.04768940633549883, 70: 0.03615617139941928, 80: 0.030403369723038566, 90: 0.027575188500832258, 100: 0.024392195053296328, 110: 0.019464462148538274, 120: 0.020694998512460375, 130: 0.019288145198223472, 140: 0.017891205605191463, 150: 0.019454282351552162, 160: 0.01808372531488377, 170: 0.016162954465110378, 180: 0.016689937324444997, 190: 0.017875938967784378, 200: 0.018302410004001873}",170,0.016162954465110378,0.1,0.01,0.2
energy,dropoutFCN,32,0.001,0.001,"{0: 0.2218757092940812, 10: 0.0691173902763282, 20: 0.05997732688259374, 30: 0.049854192887790985, 40: 0.042224094144007955, 50: 0.03298065989681296, 60: 0.02754601212517549, 70: 0.020832466148286877, 80: 0.017922388504201074, 90: 0.016439583191905565, 100: 0.017200880190008767, 110: 0.01428089266271541, 120: 0.013958807652670949, 130: 0.015883127675684304, 140: 0.015815761463507348, 150: 0.015719288568665692}",120,0.013958807652670949,0.1,0.01,0.1
energy,dropoutFCN,32,0.001,0.001,"{0: 0.21231006284912285, 10: 0.06938159434549589, 20: 0.060013518076800644, 30: 0.047541788635882445, 40: 0.03817059031796784, 50: 0.033897972829251645, 60: 0.02610089545735602, 70: 0.022505543738460598, 80: 0.016205969349162533, 90: 0.01465260876628394, 100: 0.016039691235526045, 110: 0.013819123362566504, 120: 0.016404830755803183, 130: 0.013625020277664695, 140: 0.015711365980891193, 150: 0.013853745978520732, 160: 0.015846742853853967}",130,0.013625020277664695,0.1,0.01,0.05
energy,dropoutFCN,32,0.001,0.001,"{0: 0.2142191302479624, 10: 0.0678148114341534, 20: 0.05735782472833575, 30: 0.04289846930121098, 40: 0.031203364592537586, 50: 0.024034601603858702, 60: 0.019685291466105186, 70: 0.014636613297974162, 80: 0.014866275808859708, 90: 0.013703710322038548, 100: 0.013108684267592038, 110: 0.012015684219651938, 120: 0.01302850507421951, 130: 0.011986256409739333, 140: 0.013951885270747472, 150: 0.013525810751986533, 160: 0.012430029203917909}",130,0.011986256409739333,0.1,0.01,0.01
energy,dropoutFCN,32,0.001,0.001,"{0: 0.19934603808010545, 10: 0.06873745131613565, 20: 0.05667716270876451, 30: 0.03987505124052946, 40: 0.027269415521338096, 50: 0.02234893791063752, 60: 0.016133191070876747, 70: 0.016056914994321582, 80: 0.013575422630636522, 90: 0.01498158106332868, 100: 0.014046060255284662, 110: 0.015386395866859878}",80,0.013575422630636522,0.1,0.01,0.005
energy,dropoutFCN,32,0.001,0.001,"{0: 0.21383617536002092, 10: 0.06778863770131324, 20: 0.05674219608096366, 30: 0.042019422364478407, 40: 0.02732269056486449, 50: 0.019092220370338114, 60: 0.015456389449263721, 70: 0.014168456239832112, 80: 0.013165280985415445, 90: 0.012411907907735739, 100: 0.011992199840869416, 110: 0.013075504579939922, 120: 0.011551635639125604, 130: 0.011917297102314312, 140: 0.011502019434374889, 150: 0.013626439167343265, 160: 0.012324699245921559, 170: 0.010937102921925238, 180: 0.012065148751799915, 190: 0.011397563877741282, 200: 0.011138003668161344}",170,0.010937102921925238,0.1,0.01,0.001
energy,dropoutFCN,32,0.001,0.002,"{0: 0.13799855755330498, 10: 0.0704255911089032, 20: 0.06243048762959964, 30: 0.04332516845606152, 40: 0.038102731456170554, 50: 0.02992972549923409, 60: 0.028070868035587494, 70: 0.02483331701967393, 80: 0.019584288715861424, 90: 0.025090397858832592, 100: 0.021791939322770786, 110: 0.01781081572169068, 120: 0.018273785673953245, 130: 0.02162026003788594, 140: 0.016628907599631516, 150: 0.022442366214605367, 160: 0.020693729132898953, 170: 0.0287922324478804}",140,0.016628907599631516,0.1,0.01,0.2
energy,dropoutFCN,32,0.001,0.002,"{0: 0.152064038743206, 10: 0.06911315990443843, 20: 0.05397767236998212, 30: 0.03956191331469884, 40: 0.027021605093054464, 50: 0.02135207291318129, 60: 0.01877350891998263, 70: 0.017918484827460612, 80: 0.016723016798883522, 90: 0.01542059196864035, 100: 0.015595410656289216, 110: 0.015344506333165411, 120: 0.01821658492899362, 130: 0.015692014552021776, 140: 0.014950560804644648, 150: 0.014339312324770847, 160: 0.01459452712582679, 170: 0.01521301859120627, 180: 0.016290367882441585}",150,0.014339312324770847,0.1,0.01,0.1
energy,dropoutFCN,32,0.001,0.002,"{0: 0.14466144497471936, 10: 0.06424792248218969, 20: 0.04570197070070335, 30: 0.032384874487295004, 40: 0.0229155840947241, 50: 0.02000225719745185, 60: 0.01657599049605311, 70: 0.017140464541094788, 80: 0.016391512334612897, 90: 0.014573066021132914, 100: 0.015912829650168527, 110: 0.01531660880407637, 120: 0.013502657075634633, 130: 0.01673435372487008, 140: 0.015184842191493072, 150: 0.01364286507551964}",120,0.013502657075634633,0.1,0.01,0.05
energy,dropoutFCN,32,0.001,0.002,"{0: 0.13045884582117112, 10: 0.06248388009710135, 20: 0.03492788070964008, 30: 0.023945841525635267, 40: 0.018165228791610866, 50: 0.01742594688477877, 60: 0.013402104407040483, 70: 0.016870552209602756, 80: 0.015027834324574057, 90: 0.014644068407308641}",60,0.013402104407040483,0.1,0.01,0.01
energy,dropoutFCN,32,0.001,0.002,"{0: 0.1605393777594842, 10: 0.05989909333388051, 20: 0.038546508582817565, 30: 0.023384861289728973, 40: 0.013829400130415637, 50: 0.014329996726342964, 60: 0.010909233409831954, 70: 0.010863346368157334, 80: 0.010333550823972823, 90: 0.01121080803903229, 100: 0.01148908028188424, 110: 0.012379552554113259}",80,0.010333550823972823,0.1,0.01,0.005
energy,dropoutFCN,32,0.001,0.002,"{0: 0.14304230957428934, 10: 0.055388855996007805, 20: 0.032310198012783606, 30: 0.021006539409306666, 40: 0.01344400600114507, 50: 0.015344471355653654, 60: 0.0131115853134431, 70: 0.012695823611368118, 80: 0.015317158478963982, 90: 0.011483337801815225, 100: 0.011288329689784216, 110: 0.012188278988061326, 120: 0.01182966532255681, 130: 0.014499439614698711}",100,0.011288329689784216,0.1,0.01,0.001
energy,dropoutFCN,32,0.0001,0.0001,"{0: 0.8638594682242383, 10: 0.19051535798798525, 20: 0.1042477089466333, 30: 0.08867251731899203, 40: 0.08222699424322169, 50: 0.07886478933688801, 60: 0.07680060332609974, 70: 0.0751641584780476, 80: 0.07353487971171639, 90: 0.07161147961956285, 100: 0.07178066839647343, 110: 0.07067286589614999, 120: 0.06994961473614665, 130: 0.06894613054227101, 140: 0.06849569268052966, 150: 0.06745299883410245, 160: 0.06620413272809295, 170: 0.06602452045799842, 180: 0.06526026718227106, 190: 0.06443744941147728, 200: 0.06379562579254246, 210: 0.06271236443443527, 220: 0.062343760122889266, 230: 0.06132751246337078, 240: 0.060116321352568294, 250: 0.059294387678809755, 260: 0.058400311919658346, 270: 0.05684938246850235, 280: 0.05604986963096292, 290: 0.05536506091732709, 300: 0.05483229968105493, 310: 0.053093794461249844, 320: 0.05193180904843984, 330: 0.051546343243290514, 340: 0.050064773893044125, 350: 0.04889552269841446, 360: 0.04775818882481021, 370: 0.04681737982327503, 380: 0.045882013055587645, 390: 0.04450070978925933, 400: 0.04424825583736165, 410: 0.04284596300698686, 420: 0.04203740858657708, 430: 0.04150320167134289, 440: 0.040148985619104, 450: 0.03988238586450234, 460: 0.03895754101218842, 470: 0.0384145260534413, 480: 0.03793240976446027, 490: 0.0369571894382447, 500: 0.035947769043134736, 510: 0.035537100564050426, 520: 0.034524904570030754, 530: 0.03544918969556576, 540: 0.03415115242102782, 550: 0.033456190464233426, 560: 0.03294153418771771, 570: 0.03153485634809679, 580: 0.030966992903856794, 590: 0.03153344279056579, 600: 0.029891402398769966, 610: 0.030657455077642847, 620: 0.029353492264452774, 630: 0.028531746830362748, 640: 0.027969051284290274, 650: 0.028072621427748495, 660: 0.027409969917748644, 670: 0.02731375574127711, 680: 0.02594411846346618, 690: 0.026420569048424124, 700: 0.026158629458456713, 710: 0.02593014383154576, 720: 0.025582393023192755, 730: 0.02500306648718235, 740: 0.023854578912727846, 750: 0.02265688167711417, 760: 0.02286203145510643, 770: 0.0219463852882002, 780: 0.021566603944702546, 790: 0.021743246658943373, 800: 0.02112518305625003, 810: 0.020235789003597647, 820: 0.02015235643207284, 830: 0.018908973370012037, 840: 0.02008526327472523, 850: 0.01970825562809434, 860: 0.01949367533021711}",830,0.018908973370012037,0.1,0.01,0.2
energy,dropoutFCN,32,0.0001,0.0001,"{0: 0.8837336499993202, 10: 0.1962846794607686, 20: 0.09711209830275522, 30: 0.08351642686407454, 40: 0.07842434289408783, 50: 0.07549375835282317, 60: 0.07297227820995948, 70: 0.07107705447306939, 80: 0.06989844319849162, 90: 0.06849070043677563, 100: 0.06708914099605492, 110: 0.06558451938043074, 120: 0.06447939853641085, 130: 0.06361693675499089, 140: 0.06163462809324623, 150: 0.06081663395151422, 160: 0.059619245716218836, 170: 0.057651547794161394, 180: 0.056485245439236234, 190: 0.055170867373434754, 200: 0.05436470580866826, 210: 0.05243661423809215, 220: 0.05104577754759858, 230: 0.049927954638942104, 240: 0.048732226254478324, 250: 0.047261639101589405, 260: 0.0455053687016201, 270: 0.04431678882621176, 280: 0.04281958448565929, 290: 0.04254930396818144, 300: 0.040409611658356145, 310: 0.038726811120109075, 320: 0.03794883610277287, 330: 0.03632003846550371, 340: 0.036033566658029224, 350: 0.03519641850161048, 360: 0.03448889718121522, 370: 0.033305551226217436, 380: 0.032549576764556665, 390: 0.03076240387845124, 400: 0.029485831898851234, 410: 0.029602452510116097, 420: 0.028890089981166555, 430: 0.028129271674475743, 440: 0.026388423589116434, 450: 0.026294238550515752, 460: 0.026254501702532313, 470: 0.025250489493070107, 480: 0.024646720718768667, 490: 0.023339469396655328, 500: 0.02292657668826307, 510: 0.02190185321201253, 520: 0.02248298206275862, 530: 0.02096283102640665, 540: 0.020781293371797807, 550: 0.02020858803330287, 560: 0.019894056178231694, 570: 0.019642503453808618, 580: 0.018851890971438016, 590: 0.01825187483476729, 600: 0.01817967420281038, 610: 0.019085520668535944, 620: 0.017818647624204098, 630: 0.01790381691200249, 640: 0.01814703153830861, 650: 0.016744180436279735, 660: 0.016974053068718804, 670: 0.016665072489853074, 680: 0.016561616865830405, 690: 0.016212571476833547, 700: 0.015653802905001832, 710: 0.01606655791773002, 720: 0.015198890021569577, 730: 0.01498188730092193, 740: 0.015715111807479264, 750: 0.01500970423159525, 760: 0.016065192435311126}",730,0.01498188730092193,0.1,0.01,0.1
energy,dropoutFCN,32,0.0001,0.0001,"{0: 0.8775885277901525, 10: 0.1919937326329423, 20: 0.10076754341582432, 30: 0.08621431893803001, 40: 0.07900027376029248, 50: 0.07462339536513422, 60: 0.07135331387805746, 70: 0.06925253655975475, 80: 0.06708776687528711, 90: 0.06551487766505162, 100: 0.06382690727766333, 110: 0.062382019044069, 120: 0.061036273824776166, 130: 0.05971180836001182, 140: 0.05818882085880438, 150: 0.05677427385331559, 160: 0.055358843094870734, 170: 0.053435811261391616, 180: 0.05233316015187508, 190: 0.050942018238660514, 200: 0.049044236598984964, 210: 0.04784726585264875, 220: 0.04552489580075399, 230: 0.04485635616959698, 240: 0.043053909574971586, 250: 0.04163840855495995, 260: 0.040636432165902854, 270: 0.0384136630323737, 280: 0.037817393165410926, 290: 0.037603776581068046, 300: 0.035840840729537624, 310: 0.035057212850574206, 320: 0.03360569045264396, 330: 0.033655683816672874, 340: 0.03322701884892151, 350: 0.03313186295860794, 360: 0.03097592518662042, 370: 0.030792252722530306, 380: 0.03012670956295831, 390: 0.03050386566858911, 400: 0.029528153949076697, 410: 0.027401665579187506, 420: 0.0282703537336055, 430: 0.02665025827591695, 440: 0.02740671914728716, 450: 0.025632529540947448, 460: 0.02450816906389337, 470: 0.024123588610029882, 480: 0.023899716495108157, 490: 0.022569432260085544, 500: 0.022873633784033072, 510: 0.021996114847382973, 520: 0.0209426791827585, 530: 0.021021696129213265, 540: 0.021246678240033214, 550: 0.020577050396020924, 560: 0.01972961771277969, 570: 0.01812458806378884, 580: 0.019357772943590198, 590: 0.018517562754498902, 600: 0.01813755094236443}",570,0.01812458806378884,0.1,0.01,0.05
energy,dropoutFCN,32,0.0001,0.0001,"{0: 0.8804446355082363, 10: 0.17619113323034072, 20: 0.09562135746425253, 30: 0.08404459188389775, 40: 0.07857703586739173, 50: 0.07470362956553607, 60: 0.0716141640548148, 70: 0.06881794114766575, 80: 0.066350408557936, 90: 0.06400901289508054, 100: 0.06155047317266495, 110: 0.05971453761929919, 120: 0.05765517792595827, 130: 0.05546534095834839, 140: 0.05384732825892831, 150: 0.05172462325027295, 160: 0.04959839948810618, 170: 0.047648041790338116, 180: 0.045974264398125846, 190: 0.0438505163186632, 200: 0.042044865447885355, 210: 0.04042385034069497, 220: 0.03902291974173686, 230: 0.036657909716153146, 240: 0.03541644359213279, 250: 0.034017304800436896, 260: 0.03232689280627442, 270: 0.030986377346119243, 280: 0.03035723878961693, 290: 0.02878960956187923, 300: 0.027758416540892932, 310: 0.026734464769376392, 320: 0.025785116218805006, 330: 0.024517755610360657, 340: 0.022755815561373727, 350: 0.022561385281340295, 360: 0.021311105513086515, 370: 0.02160775418056062, 380: 0.019714433451568057, 390: 0.019367101898819794, 400: 0.018300801503054843, 410: 0.018129946495362016, 420: 0.017261309985691555, 430: 0.017663333258949945, 440: 0.01637603800010726, 450: 0.016221039131950072, 460: 0.015684428539930954, 470: 0.014761415248736493, 480: 0.014560367596511598, 490: 0.015292880676615267, 500: 0.015007530949368336, 510: 0.014251619642015777, 520: 0.013443459781696324, 530: 0.013911628701819567, 540: 0.01397658173134122, 550: 0.013948638790936135}",520,0.013443459781696324,0.1,0.01,0.01
energy,dropoutFCN,32,0.0001,0.0001,"{0: 0.8778400039793602, 10: 0.14963963510222583, 20: 0.08701564427303836, 30: 0.0781452040782209, 40: 0.07384930361138253, 50: 0.07107439211300495, 60: 0.06872220643546903, 70: 0.0665900817617335, 80: 0.06445226375250424, 90: 0.06253102868929451, 100: 0.060477645206001386, 110: 0.058369419878162764, 120: 0.05630099946255884, 130: 0.054198300384861876, 140: 0.05180714262437656, 150: 0.049406164425099895, 160: 0.047387487285398225, 170: 0.045149665127327, 180: 0.04285241063650959, 190: 0.040518714581144165, 200: 0.038848948015011056, 210: 0.03700537694007154, 220: 0.03478859947220049, 230: 0.03364848160966546, 240: 0.03208724226493263, 250: 0.03013162434495331, 260: 0.028781582072563892, 270: 0.02757366368539386, 280: 0.02645057012306783, 290: 0.025256107548306612, 300: 0.02358202322782293, 310: 0.02274777139263337, 320: 0.02121326667220036, 330: 0.020256433707322934, 340: 0.01959341796075072, 350: 0.018588783016161976, 360: 0.017707385776054813, 370: 0.01656708655617987, 380: 0.0166044277951169, 390: 0.015960973098650168, 400: 0.015185736868255945, 410: 0.014411811500874127, 420: 0.014302268097698231, 430: 0.014161040360838132, 440: 0.013957141370388542, 450: 0.013166087337099407, 460: 0.012456545423416914, 470: 0.01270173583545886, 480: 0.011763925249059625, 490: 0.012041529399613058, 500: 0.011772109201275022, 510: 0.011970301991616323}",480,0.011763925249059625,0.1,0.01,0.005
energy,dropoutFCN,32,0.0001,0.0001,"{0: 0.8314721894489834, 10: 0.16508811060470788, 20: 0.0889884869252644, 30: 0.07809969155969627, 40: 0.07311800718456447, 50: 0.06997550206124091, 60: 0.06761943669941295, 70: 0.0655637419605202, 80: 0.06360896144220667, 90: 0.06163101285362378, 100: 0.05940341026580931, 110: 0.0571415923808406, 120: 0.054763904793924546, 130: 0.052564387991488194, 140: 0.05032879670248515, 150: 0.0481373447894069, 160: 0.04607706215462494, 170: 0.04411453078137856, 180: 0.042142827968980404, 190: 0.040372078923162705, 200: 0.03881056977421796, 210: 0.03725619877819044, 220: 0.03580764812449229, 230: 0.034318587361751404, 240: 0.033199258999260774, 250: 0.031847037874434284, 260: 0.030826314416750378, 270: 0.029820757136334742, 280: 0.028833283930416148, 290: 0.027799066398295262, 300: 0.026716096866014442, 310: 0.025842281059845717, 320: 0.024989434780423148, 330: 0.023984060146452768, 340: 0.023026316233031925, 350: 0.022956034754131473, 360: 0.021557565939560677, 370: 0.021043498920060532, 380: 0.020549276823136474, 390: 0.019497631877679618, 400: 0.01849249551681186, 410: 0.018219624875270016, 420: 0.01791374085402268, 430: 0.017295444178365555, 440: 0.01700542722201226, 450: 0.016281706856035652, 460: 0.01627416164564237, 470: 0.01597557830555144, 480: 0.01528552782086413, 490: 0.014833999033677218, 500: 0.014657503329430933, 510: 0.0145737973497005, 520: 0.014178811526987278, 530: 0.014278172074037481, 540: 0.013964696704678998, 550: 0.014179524323278295, 560: 0.014015015140031834, 570: 0.013699108085916683, 580: 0.013755657412280572, 590: 0.013589612144778749, 600: 0.013641220290577762, 610: 0.013528101999666647, 620: 0.013580285689833122, 630: 0.013463024107319036, 640: 0.012957886501394017, 650: 0.013730626008902194, 660: 0.01296161938956181, 670: 0.013518330860472388}",640,0.012957886501394017,0.1,0.01,0.001
energy,dropoutFCN,32,0.0001,0.0005,"{0: 0.5693182170486413, 10: 0.08086952060256483, 20: 0.07208897097945595, 30: 0.06960706184627484, 40: 0.06490187903012926, 50: 0.06250927417216207, 60: 0.05965081832376493, 70: 0.05515129363409331, 80: 0.04999202259468799, 90: 0.046469424510510955, 100: 0.04523012754244835, 110: 0.04030666874656356, 120: 0.03567036362966903, 130: 0.03329146831128441, 140: 0.029002441392024087, 150: 0.027357961321191265, 160: 0.023763324570754328, 170: 0.021148221280366704, 180: 0.01906876111420237, 190: 0.01831683614838029, 200: 0.018101621938785693, 210: 0.017167889595085854, 220: 0.01737653710610651, 230: 0.014969996176399394, 240: 0.014709066251022477, 250: 0.014397516685465878, 260: 0.015374215770965632, 270: 0.014392087448154484, 280: 0.016481241752127538, 290: 0.01331810783651945, 300: 0.014561652675772257, 310: 0.0160706232067912, 320: 0.011406459937642454, 330: 0.013737094562846284, 340: 0.014634640801750847, 350: 0.013629985356999566}",320,0.011406459937642454,0.1,0.01,0.2
energy,dropoutFCN,32,0.0001,0.0005,"{0: 0.49422011927542775, 10: 0.07857838584566679, 20: 0.06868335229030502, 30: 0.06512999430573871, 40: 0.0573696885996265, 50: 0.051134524816543146, 60: 0.04898645583280529, 70: 0.044754075532893046, 80: 0.03945308776263767, 90: 0.03423424225390419, 100: 0.030602186321507185, 110: 0.026200512654118123, 120: 0.022310110395390693, 130: 0.017876767978374043, 140: 0.02124309254983743, 150: 0.01675330855887754, 160: 0.01751105403595887, 170: 0.0144458626823081, 180: 0.01566217327178891, 190: 0.01514254377738553, 200: 0.01398396233896591, 210: 0.014626535271656494, 220: 0.013880950504511508, 230: 0.013947130932271437, 240: 0.013543974033451495, 250: 0.01259860714647274, 260: 0.012720623821855251, 270: 0.014588458188149722, 280: 0.012761148251680005}",250,0.01259860714647274,0.1,0.01,0.1
energy,dropoutFCN,32,0.0001,0.0005,"{0: 0.5161100819955171, 10: 0.07577586272617474, 20: 0.0673382053296955, 30: 0.05913392577231462, 40: 0.05119086471605337, 50: 0.04264007999904192, 60: 0.03664128796436915, 70: 0.03447759603900535, 80: 0.029068579045229238, 90: 0.025189306165024537, 100: 0.02433289470247637, 110: 0.01950628979191905, 120: 0.016096042537177706, 130: 0.015594718168701522, 140: 0.014864452555502564, 150: 0.016873988708401504, 160: 0.015610520245290633, 170: 0.01314831104207256, 180: 0.014695980418416386, 190: 0.014343815242719462, 200: 0.013361844538353401}",170,0.01314831104207256,0.1,0.01,0.05
energy,dropoutFCN,32,0.0001,0.0005,"{0: 0.5112059102699659, 10: 0.07532315409627975, 20: 0.06745981285240546, 30: 0.05826077392918379, 40: 0.04855163199066179, 50: 0.03909242369967406, 60: 0.03316726172041269, 70: 0.027978822086505394, 80: 0.022864685582964478, 90: 0.022296573232780427, 100: 0.017810232046627645, 110: 0.017108137405578133, 120: 0.014684796308015969, 130: 0.014966685509210617, 140: 0.013972428873815381, 150: 0.014115356072742757, 160: 0.015096432013196593, 170: 0.014450909233550645}",140,0.013972428873815381,0.1,0.01,0.01
energy,dropoutFCN,32,0.0001,0.0005,"{0: 0.4795838307439844, 10: 0.07474681034105254, 20: 0.0660977826380883, 30: 0.056791027511258876, 40: 0.045759703305726304, 50: 0.03666874609160714, 60: 0.02995076281769894, 70: 0.025103789551736443, 80: 0.021128609290900855, 90: 0.01949638995614663, 100: 0.017816185143453633, 110: 0.016252313725147346, 120: 0.017324810453177818, 130: 0.014358400530662818, 140: 0.014191770979690977, 150: 0.014732163239855831, 160: 0.01169547853882406, 170: 0.012266904788220127, 180: 0.011552205373494964, 190: 0.01217641680892773, 200: 0.012520569814343015, 210: 0.011924933771290383}",180,0.011552205373494964,0.1,0.01,0.005
energy,dropoutFCN,32,0.0001,0.0005,"{0: 0.5018400134308472, 10: 0.07440695048409288, 20: 0.06412779446817883, 30: 0.05373141145606478, 40: 0.04373479054533973, 50: 0.03610611275676551, 60: 0.030593686788434125, 70: 0.024864343255132686, 80: 0.020449929029135748, 90: 0.017560616969554826, 100: 0.015607642762732358, 110: 0.015105794471784516, 120: 0.01451657552467705, 130: 0.014245408020742806, 140: 0.013215744987554182, 150: 0.013372875645674302, 160: 0.013639634130871403, 170: 0.013945046332546247}",140,0.013215744987554182,0.1,0.01,0.001
energy,dropoutFCN,32,0.0001,0.001,"{0: 0.3076305387672481, 10: 0.07479439737851439, 20: 0.07085154484041402, 30: 0.06051301305132255, 40: 0.05083928283114807, 50: 0.0424654506856416, 60: 0.03603314379470699, 70: 0.032853254344223475, 80: 0.02634926585049354, 90: 0.02633366700848703, 100: 0.02154676193783764, 110: 0.022629258841103384, 120: 0.020885543137447178, 130: 0.018919423751160156, 140: 0.016690127619080557, 150: 0.018035419309651052, 160: 0.015795774934680564, 170: 0.015726622077658143, 180: 0.013743328273606175, 190: 0.016936382730633585, 200: 0.018009403754806703, 210: 0.01493101905621504}",180,0.013743328273606175,0.1,0.01,0.2
energy,dropoutFCN,32,0.0001,0.001,"{0: 0.22922693073578743, 10: 0.07264359507932674, 20: 0.06526232592550005, 30: 0.05379614405250584, 40: 0.045502963594324694, 50: 0.03432311382202781, 60: 0.02955907137194872, 70: 0.022611898197178664, 80: 0.019369842930282693, 90: 0.016852906002924613, 100: 0.018551622200710098, 110: 0.014331667056012024, 120: 0.014066531729907905, 130: 0.013495361680885115, 140: 0.012917719746035079, 150: 0.012206136932286, 160: 0.011098535572714018, 170: 0.013994574254495604, 180: 0.014173492191859132, 190: 0.014517477395860262}",160,0.011098535572714018,0.1,0.01,0.1
energy,dropoutFCN,32,0.0001,0.001,"{0: 0.23230629140347556, 10: 0.06741326265697414, 20: 0.055727490524901765, 30: 0.04624204340675235, 40: 0.036037544484406527, 50: 0.030027806704860677, 60: 0.023996100070355426, 70: 0.02047744673577115, 80: 0.016713493306243894, 90: 0.017729893193223843, 100: 0.014968046420167547, 110: 0.013426882929094042, 120: 0.013703045234574182, 130: 0.014460905847951072, 140: 0.01404429033878254}",110,0.013426882929094042,0.1,0.01,0.05
energy,dropoutFCN,32,0.0001,0.001,"{0: 0.22692904154288834, 10: 0.0684643951685178, 20: 0.053586107122599015, 30: 0.040264327406206, 40: 0.031391294521352746, 50: 0.026146937913767664, 60: 0.01959788363755115, 70: 0.017190008589683354, 80: 0.016646274894078234, 90: 0.015792650646103964, 100: 0.014789917364723482, 110: 0.014687764432899902, 120: 0.013567917110051106, 130: 0.013780979790274112, 140: 0.0139443481624758, 150: 0.01378815957535851}",120,0.013567917110051106,0.1,0.01,0.01
energy,dropoutFCN,32,0.0001,0.001,"{0: 0.19679496811379374, 10: 0.0666366014780044, 20: 0.05076225926615739, 30: 0.03410940977171169, 40: 0.024845085302984717, 50: 0.018743765891550596, 60: 0.014479543818859724, 70: 0.013518688014959071, 80: 0.013966650067734631, 90: 0.012898991907574759, 100: 0.013436645227724591, 110: 0.014029774353440392, 120: 0.013202157521397709}",90,0.012898991907574759,0.1,0.01,0.005
energy,dropoutFCN,32,0.0001,0.001,"{0: 0.2227824383283335, 10: 0.0691329339048703, 20: 0.05590650760973952, 30: 0.038204630232397105, 40: 0.026951418376343895, 50: 0.019470141557674975, 60: 0.016116037713340185, 70: 0.015212539742835684, 80: 0.013301908799676632, 90: 0.011662910054457055, 100: 0.012867297294475045, 110: 0.011694913716743735, 120: 0.011741022019870862}",90,0.011662910054457055,0.1,0.01,0.001
energy,dropoutFCN,32,0.0001,0.002,"{0: 0.1477473389573309, 10: 0.07066055296626184, 20: 0.060486745750093385, 30: 0.04920730865795692, 40: 0.04290194630570234, 50: 0.03819567999207591, 60: 0.027228468297739294, 70: 0.0237646189703594, 80: 0.019969325295922425, 90: 0.019477805822633885, 100: 0.01931091663392275, 110: 0.016233544547607802, 120: 0.01628198376206941, 130: 0.0142633932437209, 140: 0.017979936182236277, 150: 0.01975842726481556, 160: 0.017029999108200834}",130,0.0142633932437209,0.1,0.01,0.2
energy,dropoutFCN,32,0.0001,0.002,"{0: 0.15298967010995856, 10: 0.06840074181136657, 20: 0.05068818347318306, 30: 0.0390558893491324, 40: 0.024768705001590206, 50: 0.018011105139621272, 60: 0.0143922991446399, 70: 0.01171515063170056, 80: 0.015074828588660083, 90: 0.01275887284301272, 100: 0.017645186958376503}",70,0.01171515063170056,0.1,0.01,0.1
energy,dropoutFCN,32,0.0001,0.002,"{0: 0.14406937459449237, 10: 0.06337187219538737, 20: 0.039768668181829794, 30: 0.02918069890521414, 40: 0.025373720331806415, 50: 0.02312144252347375, 60: 0.01604057888486863, 70: 0.01689985065273995, 80: 0.015002091573922438, 90: 0.015930946702347362, 100: 0.015367522467186945, 110: 0.01574244613151123}",80,0.015002091573922438,0.1,0.01,0.05
energy,dropoutFCN,32,0.0001,0.002,"{0: 0.14924856855259822, 10: 0.06194891769085966, 20: 0.03638985846397695, 30: 0.02495911716992825, 40: 0.018265864308801838, 50: 0.016092693452578966, 60: 0.015495212277039783, 70: 0.013430398715344447, 80: 0.011301996730708402, 90: 0.011332067555554165, 100: 0.010311642378011568, 110: 0.011072365164843168, 120: 0.011668407875254073, 130: 0.01031163996174275, 140: 0.012107130664240757, 150: 0.010456091361402112, 160: 0.009939378998750619, 170: 0.009982343207807437, 180: 0.011435758389021661, 190: 0.011387541738722196}",160,0.009939378998750619,0.1,0.01,0.01
energy,dropoutFCN,32,0.0001,0.002,"{0: 0.15255772159999012, 10: 0.06193036358700734, 20: 0.03257819823012119, 30: 0.02559944974472288, 40: 0.014906941980841467, 50: 0.014263454564764754, 60: 0.011726151282936196, 70: 0.013112949622579254, 80: 0.012797198576626024, 90: 0.014968473640386342}",60,0.011726151282936196,0.1,0.01,0.005
energy,dropoutFCN,32,0.0001,0.002,"{0: 0.1418144716541481, 10: 0.058343150566577684, 20: 0.031363275931165266, 30: 0.019151211455792055, 40: 0.013381286952771196, 50: 0.012205805116004505, 60: 0.011236442456002789, 70: 0.011396967380105412, 80: 0.012363707418477194, 90: 0.010130650055817302, 100: 0.0116259048448849, 110: 0.010431001259044545, 120: 0.012100812777336656}",90,0.010130650055817302,0.1,0.01,0.001
energy,dropoutFCN,32,1e-05,0.0001,"{0: 0.8875245129046846, 10: 0.2260983784224897, 20: 0.10960716684855938, 30: 0.08951786482423905, 40: 0.0827514878935803, 50: 0.0800623311675955, 60: 0.07813523997023045, 70: 0.07641261440367757, 80: 0.07436231003909624, 90: 0.07351944445183432, 100: 0.07205058793878294, 110: 0.07110939802614098, 120: 0.07021315848432738, 130: 0.06908755281690111, 140: 0.06840204651338783, 150: 0.0672913971505379, 160: 0.06667630979047764, 170: 0.06574741976881057, 180: 0.06499219879137623, 190: 0.06377658805897177, 200: 0.06263320923281537, 210: 0.061662468706063636, 220: 0.06042848924532638, 230: 0.06078665473096358, 240: 0.05958751763611749, 250: 0.058280136525694505, 260: 0.057806375968318044, 270: 0.05633062689366396, 280: 0.05640489573467696, 290: 0.054592512808437264, 300: 0.05445540254605694, 310: 0.05243343341508246, 320: 0.051882080470230296, 330: 0.05042038297852397, 340: 0.04951502073317365, 350: 0.04819457882536891, 360: 0.04769238210304942, 370: 0.046556124538302365, 380: 0.045238681096053834, 390: 0.04479138298240937, 400: 0.04429472243147946, 410: 0.04335862320702457, 420: 0.042480703428741155, 430: 0.04125997115715526, 440: 0.040108482316374684, 450: 0.0391013503335312, 460: 0.03880255059575567, 470: 0.037719297388973914, 480: 0.0375824837594992, 490: 0.03648804897261483, 500: 0.035128500776179954, 510: 0.0356149989935826, 520: 0.03387394332805209, 530: 0.03273910651283591, 540: 0.03182520397177767, 550: 0.03196167331248498, 560: 0.030832178808831146, 570: 0.031186290529788562, 580: 0.030416740185784597, 590: 0.029709362424562513, 600: 0.02847354951588079, 610: 0.02895521349436848, 620: 0.028105597310244847, 630: 0.027057695814051996, 640: 0.026556819417357137, 650: 0.026394845936117205, 660: 0.025568976994580533, 670: 0.024979626417942526, 680: 0.02469070714580767, 690: 0.024700896924516248, 700: 0.02450171932928124, 710: 0.02346062208639412, 720: 0.02360117727572598, 730: 0.02260121262709145, 740: 0.02309629041058579, 750: 0.022739739279822164, 760: 0.021739664178092876, 770: 0.021467519520186003, 780: 0.021293208046190566, 790: 0.021861187870872788, 800: 0.021066554099113826, 810: 0.02032740392380717, 820: 0.02032783813250771, 830: 0.01980186900525876, 840: 0.020331035260998352, 850: 0.02018441119246551, 860: 0.019055829085950833, 870: 0.019586947263213125, 880: 0.018938755044234735, 890: 0.019065346689995336, 900: 0.01904063453055262, 910: 0.01866279587007619, 920: 0.01784690555217849, 930: 0.01833789715144694, 940: 0.017959505472544247, 950: 0.01880592533999064}",920,0.01784690555217849,0.1,0.01,0.2
energy,dropoutFCN,32,1e-05,0.0001,"{0: 0.8440141857742833, 10: 0.17454941883359482, 20: 0.09969863258962565, 30: 0.08653598301371827, 40: 0.08119673367287339, 50: 0.07736244222930506, 60: 0.07580082845138929, 70: 0.07281092678993746, 80: 0.072064901175784, 90: 0.07029386603685676, 100: 0.06937574260249608, 110: 0.06809233326137694, 120: 0.06675545773336718, 130: 0.06607638498385653, 140: 0.0647031071085811, 150: 0.06373863357876311, 160: 0.06218818185783205, 170: 0.06161824726169067, 180: 0.06008347749722992, 190: 0.05881597517418469, 200: 0.056757045253529384, 210: 0.054911836220131995, 220: 0.05432647030935134, 230: 0.052516378413359044, 240: 0.05153991346055471, 250: 0.05015297293837795, 260: 0.04856376689894111, 270: 0.047436790707789625, 280: 0.04534108063942645, 290: 0.045238848888679815, 300: 0.04361980750051583, 310: 0.04263340785670452, 320: 0.04091222425564025, 330: 0.03983148329802018, 340: 0.03870848293001494, 350: 0.03816514220433793, 360: 0.03716352767532355, 370: 0.036724354018295005, 380: 0.036391389431283186, 390: 0.034737661447736976, 400: 0.033555182993787375, 410: 0.03340858255169057, 420: 0.03256419688005432, 430: 0.03250184514012779, 440: 0.031940630062079964, 450: 0.03160299138088679, 460: 0.030835906172864608, 470: 0.029197869258425713, 480: 0.028628805018122334, 490: 0.027337331208211135, 500: 0.026678074133080563, 510: 0.025638122246385325, 520: 0.025793583392471325, 530: 0.024135671620144614, 540: 0.024300263176272346, 550: 0.023851284919812827, 560: 0.023066820832314205, 570: 0.022860796196284682, 580: 0.021239589292401634, 590: 0.021171053539448686, 600: 0.02059200042929472, 610: 0.019814429724670665, 620: 0.01880268645741559, 630: 0.019841849371715417, 640: 0.019030189893764406, 650: 0.01807961867183574, 660: 0.018046592437445833, 670: 0.017156862365060803, 680: 0.016568665656987412, 690: 0.016885516942741492, 700: 0.017546269523659324, 710: 0.016828775148718104}",680,0.016568665656987412,0.1,0.01,0.1
energy,dropoutFCN,32,1e-05,0.0001,"{0: 0.8928131761128913, 10: 0.18576886570089807, 20: 0.09813130316896138, 30: 0.08485135451151851, 40: 0.07898394608341121, 50: 0.07512178701338301, 60: 0.07210106533524689, 70: 0.06992540648374639, 80: 0.06839262337568966, 90: 0.06649950164787677, 100: 0.06509901164301901, 110: 0.06349757284762128, 120: 0.061502888305980365, 130: 0.0603732066961085, 140: 0.05921146082289057, 150: 0.056645492745724016, 160: 0.05490475552228313, 170: 0.053464615935000216, 180: 0.05164599323276081, 190: 0.05027450511330576, 200: 0.04792379774605053, 210: 0.04597056551061757, 220: 0.044590044012520376, 230: 0.043454217848057794, 240: 0.04190204128405539, 250: 0.04025966530519535, 260: 0.03885857248292769, 270: 0.03724994766128098, 280: 0.036464572900849854, 290: 0.035189227803580345, 300: 0.0342555032154528, 310: 0.03299059103451958, 320: 0.03256056860573893, 330: 0.03154119367707646, 340: 0.030869128858425066, 350: 0.029952490075878524, 360: 0.028883771804587993, 370: 0.028176639791551737, 380: 0.027035893544089983, 390: 0.02640677079998774, 400: 0.02516090234583431, 410: 0.024616852532871148, 420: 0.024544569867519468, 430: 0.02366177380868479, 440: 0.022563890686801605, 450: 0.022196359385719032, 460: 0.021244880505224936, 470: 0.02000848010977288, 480: 0.019949556367381698, 490: 0.0182816108663142, 500: 0.017968736864429295, 510: 0.01923068222699891, 520: 0.017448450386420927, 530: 0.01703175364180607, 540: 0.0167034616382917, 550: 0.01626719626943505, 560: 0.01575480709660475, 570: 0.01575562490194273, 580: 0.015056816818917254, 590: 0.015392067476235182, 600: 0.014796662693871792, 610: 0.014389876771904949, 620: 0.013689590496258461, 630: 0.0143075711487697, 640: 0.013778796696291415, 650: 0.014368011312395151}",620,0.013689590496258461,0.1,0.01,0.05
energy,dropoutFCN,32,1e-05,0.0001,"{0: 0.8660128091949154, 10: 0.17425366605812115, 20: 0.0899937361431141, 30: 0.07910083195235067, 40: 0.0746718435938376, 50: 0.07173267961606954, 60: 0.06951417076568611, 70: 0.06758221462200154, 80: 0.06575931755742216, 90: 0.063901418850658, 100: 0.062016852243823174, 110: 0.05993664206483397, 120: 0.057787398487879615, 130: 0.05593595269545624, 140: 0.0539701456287718, 150: 0.05206090632047071, 160: 0.050034750851699616, 170: 0.048008133478509366, 180: 0.046461212209087124, 190: 0.04439993531398617, 200: 0.04265143890884635, 210: 0.04047881931788434, 220: 0.03907890535799699, 230: 0.03690914119177106, 240: 0.03536952388896499, 250: 0.03432816486995839, 260: 0.032876603449028874, 270: 0.03142363552565648, 280: 0.0306755146676781, 290: 0.02917291825962682, 300: 0.028327941791655042, 310: 0.027677893644916473, 320: 0.02589465604791415, 330: 0.024804934473639007, 340: 0.02464184720979267, 350: 0.023280484042590054, 360: 0.021871944373803947, 370: 0.021115592905143594, 380: 0.020982129108143354, 390: 0.020232975610915294, 400: 0.01960495930039933, 410: 0.01825133736414022, 420: 0.01824815267545294, 430: 0.01773307593133463, 440: 0.017276270431432268, 450: 0.015609924565773797, 460: 0.016438755425201897, 470: 0.016469299985130866, 480: 0.015515845663811775, 490: 0.014748276195979296, 500: 0.01629408057812588, 510: 0.01594774545067714, 520: 0.014637002571334875, 530: 0.014426071432697288, 540: 0.014973152997452574, 550: 0.013793966314152995, 560: 0.013825407827688341, 570: 0.013468442212762447, 580: 0.013812087145555174, 590: 0.014272482883928416, 600: 0.01225639213662032, 610: 0.013613461052092029, 620: 0.014380241075140146, 630: 0.013393209595791771}",600,0.01225639213662032,0.1,0.01,0.01
energy,dropoutFCN,32,1e-05,0.0001,"{0: 0.9114587912317372, 10: 0.18024234827952942, 20: 0.09288716852867522, 30: 0.08069089224489309, 40: 0.07538176734190606, 50: 0.0722761928504421, 60: 0.06997244839460813, 70: 0.06814512706251363, 80: 0.06609250188884727, 90: 0.06420749949330325, 100: 0.062409920388800166, 110: 0.060264984548427526, 120: 0.058291781731828696, 130: 0.05630085411258503, 140: 0.05421846247956258, 150: 0.052127579117759094, 160: 0.049996530888675374, 170: 0.04787176814857252, 180: 0.04572267977099538, 190: 0.043663652206226276, 200: 0.04168046792068196, 210: 0.039691709039734555, 220: 0.038458011205283686, 230: 0.0366529361964142, 240: 0.03461955458344848, 250: 0.03316841130438454, 260: 0.03183699068445159, 270: 0.03054379797204842, 280: 0.029068468141355996, 290: 0.028328981177736627, 300: 0.027241558329216264, 310: 0.025829381089993674, 320: 0.025132042486342245, 330: 0.02471395021692508, 340: 0.02303598277433648, 350: 0.02139047783359192, 360: 0.021940511096043974, 370: 0.020393455420575683, 380: 0.019478883535637072, 390: 0.0191125032851577, 400: 0.01847875427514787, 410: 0.01780084515474295, 420: 0.017854109650206427, 430: 0.016476670618629643, 440: 0.016985423247352603, 450: 0.016454782062046917, 460: 0.015970887507616237, 470: 0.015382696367568366, 480: 0.015531392068037742, 490: 0.015687350465294347, 500: 0.0149209712185765, 510: 0.015082872851066442, 520: 0.015528855127557134, 530: 0.013651114683531251, 540: 0.014949386435464437, 550: 0.014602423830442681, 560: 0.014253428076979408}",530,0.013651114683531251,0.1,0.01,0.005
energy,dropoutFCN,32,1e-05,0.0001,"{0: 0.9030362478402651, 10: 0.18088381837109607, 20: 0.09419844431173804, 30: 0.0802810782950218, 40: 0.07423694612718765, 50: 0.07049075398739617, 60: 0.0676858028628088, 70: 0.06521287451946431, 80: 0.06298312399976773, 90: 0.060924794719737316, 100: 0.058672258049084804, 110: 0.056516417681001095, 120: 0.05435232298462832, 130: 0.05216878301577101, 140: 0.04990941231833741, 150: 0.04766908601506319, 160: 0.04530693391665933, 170: 0.043060344142692095, 180: 0.040901891299423246, 190: 0.038916743409241596, 200: 0.036919947405928265, 210: 0.034906986800453024, 220: 0.03328551315709573, 230: 0.03185710408276127, 240: 0.030340809297195424, 250: 0.028715670969613777, 260: 0.027251992670452495, 270: 0.02602738831256801, 280: 0.024829520182998104, 290: 0.023481715344514202, 300: 0.022274040005054497, 310: 0.02137539293984425, 320: 0.02076907271511111, 330: 0.01959767461684002, 340: 0.018595572128667526, 350: 0.01771169916715353, 360: 0.01741890275778154, 370: 0.017045922033768285, 380: 0.016220538802325775, 390: 0.015696195741998948, 400: 0.015255093785725492, 410: 0.014748562659098099, 420: 0.0145947775913855, 430: 0.014207548070594711, 440: 0.014611169618014338, 450: 0.013761908797415397, 460: 0.01418419189555773, 470: 0.014056362132573488, 480: 0.013485389232288439, 490: 0.013320028593876172, 500: 0.013224997415897347, 510: 0.012788535486241448, 520: 0.013249179287825397, 530: 0.012987230966500934, 540: 0.013120794953292056}",510,0.012788535486241448,0.1,0.01,0.001
energy,dropoutFCN,32,1e-05,0.0005,"{0: 0.49184556393468915, 10: 0.0815674390084272, 20: 0.07343611358368887, 30: 0.07006078564136026, 40: 0.06690242273734757, 50: 0.06354697087346936, 60: 0.05969544531283229, 70: 0.056533693632489036, 80: 0.051534535336803064, 90: 0.047456631872330804, 100: 0.04296820831379461, 110: 0.041508601340112104, 120: 0.03888754117695209, 130: 0.03630778319854649, 140: 0.031344571598688434, 150: 0.02914009756342472, 160: 0.026814991667867705, 170: 0.026767028945951354, 180: 0.02317324770669369, 190: 0.023614388802086935, 200: 0.020498498243592678, 210: 0.020523142649063634, 220: 0.018669220337285, 230: 0.018518873391426948, 240: 0.018148276893173505, 250: 0.0169812731696937, 260: 0.017093712212059832, 270: 0.015209442679140348, 280: 0.015116156386461008, 290: 0.017099437163708285, 300: 0.015324288219082905, 310: 0.015951688094125414}",280,0.015116156386461008,0.1,0.01,0.2
energy,dropoutFCN,32,1e-05,0.0005,"{0: 0.4835627095835632, 10: 0.07679606888268957, 20: 0.06916555105422427, 30: 0.06355646427556441, 40: 0.05563347798169025, 50: 0.04906572873924957, 60: 0.04330706921849595, 70: 0.038739315221687165, 80: 0.03472144966243736, 90: 0.03171524729266391, 100: 0.027771807462175606, 110: 0.025129632741822554, 120: 0.02282105540333153, 130: 0.018655731383868494, 140: 0.018978977783189747, 150: 0.016452004484942512, 160: 0.01603333326700817, 170: 0.014672087105920786, 180: 0.013617981276789554, 190: 0.01437110931638742, 200: 0.01574708537830284, 210: 0.013836952302268283}",180,0.013617981276789554,0.1,0.01,0.1
energy,dropoutFCN,32,1e-05,0.0005,"{0: 0.48224406662852265, 10: 0.07638034534687901, 20: 0.0674961976440854, 30: 0.06044723679938786, 40: 0.05168951191176903, 50: 0.04614161358354061, 60: 0.04044470977523232, 70: 0.03355652918880496, 80: 0.030536940223861976, 90: 0.02988780687446318, 100: 0.024157182948956024, 110: 0.023639787262543694, 120: 0.02246586772479543, 130: 0.01853283075222282, 140: 0.01575540659490411, 150: 0.01544073072809383, 160: 0.015261271344474216, 170: 0.01613600268112462, 180: 0.014115737680696802, 190: 0.01388061531364727, 200: 0.01302141131576005, 210: 0.013596649762758406, 220: 0.013474824626989765, 230: 0.013412260656460662}",200,0.01302141131576005,0.1,0.01,0.05
energy,dropoutFCN,32,1e-05,0.0005,"{0: 0.5159852913287772, 10: 0.07379680062478723, 20: 0.06363920837652678, 30: 0.05532887024296278, 40: 0.04582924462410985, 50: 0.03781756218391213, 60: 0.031174993902364407, 70: 0.02705767420163361, 80: 0.02363653063541247, 90: 0.021523850159944256, 100: 0.02002000217743672, 110: 0.01681214400631536, 120: 0.015991222191496235, 130: 0.013661057931186955, 140: 0.014019074390925229, 150: 0.014755321225687896, 160: 0.014614674398012973}",130,0.013661057931186955,0.1,0.01,0.01
energy,dropoutFCN,32,1e-05,0.0005,"{0: 0.498381295722754, 10: 0.07379119774984802, 20: 0.06303546656706119, 30: 0.05233154665183722, 40: 0.04211705167848961, 50: 0.035031236354005936, 60: 0.03084819712758652, 70: 0.027923250483408796, 80: 0.023736298527614757, 90: 0.019967201967390637, 100: 0.01680382635455822, 110: 0.017585341478176003, 120: 0.014055033171864472, 130: 0.01504817323481899, 140: 0.013569301707161422, 150: 0.012554036728157952, 160: 0.012299859635673406, 170: 0.012545967162003974, 180: 0.01216058954370609, 190: 0.01193682787703817, 200: 0.011961871761417553, 210: 0.011310311708242838, 220: 0.01105391534189822, 230: 0.011367356925162591, 240: 0.010975968265091954, 250: 0.011629112204878144, 260: 0.011801988823262631, 270: 0.010790995854634146, 280: 0.0115493486190641, 290: 0.01182729664473274, 300: 0.011237128187144976}",270,0.010790995854634146,0.1,0.01,0.005
energy,dropoutFCN,32,1e-05,0.0005,"{0: 0.4892820911615289, 10: 0.07174952033697153, 20: 0.06327618903380051, 30: 0.05554831074278911, 40: 0.046064799249779936, 50: 0.03770689144114899, 60: 0.031478982559833134, 70: 0.025706494616908854, 80: 0.021794190481960508, 90: 0.017542882792762872, 100: 0.014771703224270188, 110: 0.013519346242611424, 120: 0.013905563124152767, 130: 0.013091730448877504, 140: 0.012126695490764325, 150: 0.012075641682696958, 160: 0.011925168741108633, 170: 0.012090925357175297, 180: 0.012109016319350805, 190: 0.012144636461670385}",160,0.011925168741108633,0.1,0.01,0.001
energy,dropoutFCN,32,1e-05,0.001,"{0: 0.23793682176145606, 10: 0.07735705657399258, 20: 0.06855380001033398, 30: 0.06354138943213161, 40: 0.053076764631991104, 50: 0.04602736072674618, 60: 0.03952093177863427, 70: 0.0351087670170012, 80: 0.032900965266678434, 90: 0.029733226403016084, 100: 0.027077693021485733, 110: 0.02192029781655961, 120: 0.020610359220702347, 130: 0.019465674875771066, 140: 0.017777023966260692, 150: 0.017090433230505683, 160: 0.01720940001908698, 170: 0.01561659984017521, 180: 0.016545697154672613, 190: 0.015068180783955009, 200: 0.015304760866693325, 210: 0.014966793255412517, 220: 0.012890455573308165, 230: 0.01329174689097298, 240: 0.015674565668355244, 250: 0.016868655938693865}",220,0.012890455573308165,0.1,0.01,0.2
energy,dropoutFCN,32,1e-05,0.001,"{0: 0.23484667146244034, 10: 0.07104195720040367, 20: 0.062036626390674886, 30: 0.049860519526111, 40: 0.039704983738389675, 50: 0.03224631185611971, 60: 0.028428864797673335, 70: 0.02318140084409768, 80: 0.02154567338698537, 90: 0.016931287575586113, 100: 0.017225043331268557, 110: 0.014623951813133834, 120: 0.015544423071041208, 130: 0.012782752877328454, 140: 0.014352213721844009, 150: 0.01223488523091465, 160: 0.01179011056500553, 170: 0.01202200556916943, 180: 0.012713857025243705, 190: 0.011635748245575226, 200: 0.010727329369235695, 210: 0.011939342721180071, 220: 0.011323849439291291, 230: 0.012010214606869242}",200,0.010727329369235695,0.1,0.01,0.1
energy,dropoutFCN,32,1e-05,0.001,"{0: 0.25301263257970363, 10: 0.06995320351518552, 20: 0.05796779242615914, 30: 0.04255335567201056, 40: 0.03515120620796971, 50: 0.028094331077426, 60: 0.019839435719339892, 70: 0.01823473139799457, 80: 0.017484692695031646, 90: 0.016358684070232582, 100: 0.015303953707776244, 110: 0.01216009685119998, 120: 0.013257478274043546, 130: 0.01095658110039599, 140: 0.010972160073355938, 150: 0.011298438076001376, 160: 0.012313194898211977}",130,0.01095658110039599,0.1,0.01,0.05
energy,dropoutFCN,32,1e-05,0.001,"{0: 0.21785907167923954, 10: 0.06892622981419583, 20: 0.056034289197416584, 30: 0.036877618267423196, 40: 0.02991843383715071, 50: 0.025276609834998066, 60: 0.017780545681385332, 70: 0.016801528276037266, 80: 0.015138582825634886, 90: 0.014659439713866568, 100: 0.01387142129627213, 110: 0.012998183176612083, 120: 0.01250796305529816, 130: 0.012797472846444672, 140: 0.01225581318353528, 150: 0.013833787162157277, 160: 0.01263739554038713, 170: 0.011267899834294845, 180: 0.012220008989705928, 190: 0.011435141526701335, 200: 0.01089464410097817, 210: 0.011583797966692247, 220: 0.011348332189828827, 230: 0.011382244042861043}",200,0.01089464410097817,0.1,0.01,0.01
energy,dropoutFCN,32,1e-05,0.001,"{0: 0.26450338889110514, 10: 0.06982606029748424, 20: 0.05631429838071493, 30: 0.041762291725690674, 40: 0.032008665882688504, 50: 0.0238101843606984, 60: 0.02093399181828205, 70: 0.016456970829798665, 80: 0.01448961444831883, 90: 0.014807652660480331, 100: 0.016802613296192655, 110: 0.015182453092606199}",80,0.01448961444831883,0.1,0.01,0.005
energy,dropoutFCN,32,1e-05,0.001,"{0: 0.21948090230788644, 10: 0.06879058112033475, 20: 0.05606320440534844, 30: 0.04073791287369717, 40: 0.02937758806127199, 50: 0.020868354260263112, 60: 0.017078095576504332, 70: 0.016568725862293666, 80: 0.014447916973050567, 90: 0.01604424279997917, 100: 0.013719509204487895, 110: 0.01254130789736271, 120: 0.013631295840817343, 130: 0.014278943337898295, 140: 0.014228500659918524}",110,0.01254130789736271,0.1,0.01,0.001
energy,dropoutFCN,32,1e-05,0.002,"{0: 0.14791069097154602, 10: 0.07242839308620676, 20: 0.061143101361450736, 30: 0.0487597072570245, 40: 0.03476580916404303, 50: 0.028911221777893903, 60: 0.025145805600097652, 70: 0.019758473864768814, 80: 0.01912290988682134, 90: 0.016725591236337427, 100: 0.015486258565192895, 110: 0.02118674374247442, 120: 0.02061942989251416, 130: 0.018046159060543084}",100,0.015486258565192895,0.1,0.01,0.2
energy,dropoutFCN,32,1e-05,0.002,"{0: 0.1592080185314218, 10: 0.06550355939829841, 20: 0.04719472769824097, 30: 0.03679614704478133, 40: 0.021929032310265533, 50: 0.018864804326094747, 60: 0.01597408722561311, 70: 0.01264146354977167, 80: 0.013738806530566125, 90: 0.016412895034116613, 100: 0.016897701895502205}",70,0.01264146354977167,0.1,0.01,0.1
energy,dropoutFCN,32,1e-05,0.002,"{0: 0.13520780623606582, 10: 0.06270021260704228, 20: 0.0450301783678473, 30: 0.02790025416456285, 40: 0.022931096771406513, 50: 0.016418268282587575, 60: 0.015012782356499093, 70: 0.01238258152227741, 80: 0.015060542575299032, 90: 0.01132194861413681, 100: 0.013055826074504704, 110: 0.01171708689430585, 120: 0.014089262473749354}",90,0.01132194861413681,0.1,0.01,0.05
energy,dropoutFCN,32,1e-05,0.002,"{0: 0.14657467055400974, 10: 0.06154995248571691, 20: 0.034861118274806785, 30: 0.0210674940885865, 40: 0.017123275388572896, 50: 0.015654449579127826, 60: 0.011464040600893939, 70: 0.012584056836065971, 80: 0.01177829157721932, 90: 0.010521828534083316, 100: 0.010745226549498284, 110: 0.00904574035812732, 120: 0.010715485802924479, 130: 0.010815796665795168, 140: 0.012931712360865946}",110,0.00904574035812732,0.1,0.01,0.01
energy,dropoutFCN,32,1e-05,0.002,"{0: 0.13852551235078447, 10: 0.05873151573080802, 20: 0.03532840416746967, 30: 0.01941717245999446, 40: 0.016575114382474353, 50: 0.014519071849650159, 60: 0.012291416020744423, 70: 0.014906571246658774, 80: 0.014648281268186606, 90: 0.01360396145546679}",60,0.012291416020744423,0.1,0.01,0.005
energy,dropoutFCN,32,1e-05,0.002,"{0: 0.13547472003442707, 10: 0.05995490314608, 20: 0.03224908369850885, 30: 0.018531287510462395, 40: 0.013254204482673273, 50: 0.012221025165374494, 60: 0.01010853580566473, 70: 0.011198299085838302, 80: 0.012800055302036067, 90: 0.012199866179775037}",60,0.01010853580566473,0.1,0.01,0.001
energy,dropoutFCN,32,1e-09,0.0001,"{0: 0.8687362232018229, 10: 0.2094466589275049, 20: 0.109266595499632, 30: 0.09196990300488761, 40: 0.08486220371035216, 50: 0.08117109481555596, 60: 0.07858571475588941, 70: 0.07641032303873498, 80: 0.0743677437826286, 90: 0.07314794394390577, 100: 0.07239159000887285, 110: 0.07057754822878716, 120: 0.07047141002741604, 130: 0.06969131211129949, 140: 0.06864450943019372, 150: 0.06766725089790764, 160: 0.06720620088351736, 170: 0.06599098318780873, 180: 0.06558967956809636, 190: 0.06450513278116914, 200: 0.06466362539117262, 210: 0.06366665130608976, 220: 0.0622870296755227, 230: 0.061829237203325615, 240: 0.06060516478864453, 250: 0.06026875536914159, 260: 0.058658000133612886, 270: 0.05867261581001727, 280: 0.057448228010859345, 290: 0.05679860307810093, 300: 0.05548368966152044, 310: 0.05454491458790518, 320: 0.05442100044354294, 330: 0.05274438351793924, 340: 0.05155313095229556, 350: 0.05141340538315196, 360: 0.050030600443218255, 370: 0.048971525099817136, 380: 0.04869934784842542, 390: 0.04807561009766801, 400: 0.046725822045483555, 410: 0.04528798101330604, 420: 0.04453009153540875, 430: 0.04429492909497505, 440: 0.044213396580210854, 450: 0.043259820309840616, 460: 0.041752033435899574, 470: 0.04165241867000979, 480: 0.03981073927171514, 490: 0.0397942695299971, 500: 0.0394622399836012, 510: 0.03877198172495609, 520: 0.03891541892092902, 530: 0.03758064970631298, 540: 0.03666344722210328, 550: 0.03602480391090343, 560: 0.035175661651578226, 570: 0.035529750968164145, 580: 0.03428748190426817, 590: 0.032878113709271996, 600: 0.0325974456576662, 610: 0.03247512795391534, 620: 0.031913053793389524, 630: 0.03098962335997139, 640: 0.02980269525474697, 650: 0.030538928377258724, 660: 0.027948775613318277, 670: 0.028607021341991317, 680: 0.02826435236518727, 690: 0.027375772722784388, 700: 0.027195809539529138, 710: 0.025214178963014082, 720: 0.02514197763299348, 730: 0.02528813728325612, 740: 0.02428196934208832, 750: 0.024928826537898314, 760: 0.02344084434401416, 770: 0.023856037699965124, 780: 0.022472655856998012, 790: 0.022313798248383556, 800: 0.021780545003717143, 810: 0.021029148962635184, 820: 0.02147144953450048, 830: 0.020486090667486214, 840: 0.020523868215421896, 850: 0.020845141599465454, 860: 0.019649977319431113, 870: 0.01926619723691442, 880: 0.02019431537833235, 890: 0.01940349557700275, 900: 0.01939163259403711}",870,0.01926619723691442,0.1,0.01,0.2
energy,dropoutFCN,32,1e-09,0.0001,"{0: 0.9100395288131212, 10: 0.19180207226604648, 20: 0.09878366263182373, 30: 0.08746095065945517, 40: 0.08124842143735615, 50: 0.07741040143657411, 60: 0.07463144401176983, 70: 0.07309470768284594, 80: 0.07103768529001274, 90: 0.0700628892440256, 100: 0.06842829699470539, 110: 0.06709936067738025, 120: 0.06531570520424276, 130: 0.06432099216302982, 140: 0.06302478936333648, 150: 0.061524389632315324, 160: 0.060250729386532496, 170: 0.05910080837292638, 180: 0.05816235632294181, 190: 0.056300734064546595, 200: 0.05464909626050589, 210: 0.053481970526606706, 220: 0.05271570960787889, 230: 0.050995263869200294, 240: 0.049254401829269955, 250: 0.04880049725294145, 260: 0.047535415525025215, 270: 0.04623804901370673, 280: 0.04441716520171093, 290: 0.043801744618281416, 300: 0.04298805849579244, 310: 0.042029020382635326, 320: 0.04174834321923658, 330: 0.040755268622412695, 340: 0.04044404376755472, 350: 0.03932415984330671, 360: 0.03811525972015132, 370: 0.03685949965124804, 380: 0.03665395743835096, 390: 0.03459182237315286, 400: 0.0349240145825647, 410: 0.0350644213625225, 420: 0.03362407347699546, 430: 0.0327699150050519, 440: 0.030976822020394888, 450: 0.0314676138882091, 460: 0.030976169171685875, 470: 0.03001867811503759, 480: 0.029354972430452354, 490: 0.028489364377084804, 500: 0.02712131882076218, 510: 0.028030511493581496, 520: 0.027187125860709326, 530: 0.026096918481172092, 540: 0.024522245282141683, 550: 0.024589931925774362, 560: 0.024420843058835857, 570: 0.024213222594462274, 580: 0.023310182266822098, 590: 0.023620342192609084, 600: 0.02328557204892063, 610: 0.021871053643487903, 620: 0.021906421455319694, 630: 0.020881075308960183, 640: 0.019743688606836944, 650: 0.019776615950260444, 660: 0.019873338267549733, 670: 0.01912726327088254, 680: 0.019444119796980092, 690: 0.01934795936992347, 700: 0.019703700700205048}",670,0.01912726327088254,0.1,0.01,0.1
energy,dropoutFCN,32,1e-09,0.0001,"{0: 0.8963354729293712, 10: 0.17666867987090043, 20: 0.0983086879842165, 30: 0.08324883283306707, 40: 0.07721806609623039, 50: 0.07353478592094201, 60: 0.07054170421232196, 70: 0.06873953264590447, 80: 0.0670857420673525, 90: 0.06522493324195736, 100: 0.06298406757002241, 110: 0.06169147315880354, 120: 0.059945364979530326, 130: 0.058107040415817254, 140: 0.05619692088521975, 150: 0.05450427304448389, 160: 0.05242442734207843, 170: 0.050970054495651194, 180: 0.04892900914160327, 190: 0.04711530671495805, 200: 0.04567756872814321, 210: 0.043863111560066725, 220: 0.042464641086567514, 230: 0.040880317643024626, 240: 0.03927081197407879, 250: 0.037934109904035854, 260: 0.03705314804028904, 270: 0.03584466539402771, 280: 0.03498295556744439, 290: 0.03333238302468737, 300: 0.03262450791116867, 310: 0.03157907781503597, 320: 0.03079653796303571, 330: 0.030310067729846957, 340: 0.029004709764383612, 350: 0.027671682814516724, 360: 0.027673316279464198, 370: 0.026147601225140427, 380: 0.024544429164948332, 390: 0.024479429005924126, 400: 0.024940858865346683, 410: 0.02388517170432991, 420: 0.022466605838363875, 430: 0.02222485171118832, 440: 0.02126368818811821, 450: 0.020916512794792654, 460: 0.019716779723680057, 470: 0.01975244801564982, 480: 0.020244777884185872, 490: 0.019035047440643542, 500: 0.017332336567324903, 510: 0.017622170944211705, 520: 0.01682511241608809, 530: 0.017337991578950555, 540: 0.0164861952291915, 550: 0.016547667022209105, 560: 0.017303756518704277, 570: 0.016519734916276858}",540,0.0164861952291915,0.1,0.01,0.05
energy,dropoutFCN,32,1e-09,0.0001,"{0: 0.9092150342999881, 10: 0.1752180566295026, 20: 0.09664519769681401, 30: 0.08279038792927632, 40: 0.0763355225339526, 50: 0.07215119225651873, 60: 0.06896018114158921, 70: 0.06644906682885442, 80: 0.06420397048499064, 90: 0.06220264588463438, 100: 0.060012891294448825, 110: 0.05799677854613131, 120: 0.056110948450763073, 130: 0.054047659982314075, 140: 0.05240323185616853, 150: 0.05031231294328866, 160: 0.048389912343145956, 170: 0.046161443474547995, 180: 0.04448062392920117, 190: 0.042594025577785306, 200: 0.04066804005422704, 210: 0.03879282112475015, 220: 0.03716880555286871, 230: 0.03525509627027765, 240: 0.033915771310571816, 250: 0.03268800272199053, 260: 0.03110533106034912, 270: 0.030212164531455317, 280: 0.028926376462644076, 290: 0.027181199396667872, 300: 0.02723472436156914, 310: 0.025441309354884555, 320: 0.02536066687329124, 330: 0.023808555669886943, 340: 0.023011193740514656, 350: 0.022821285125693848, 360: 0.020955502744314753, 370: 0.021315918336919697, 380: 0.019913536650973344, 390: 0.019322977768954603, 400: 0.018639999727616624, 410: 0.01785540994784025, 420: 0.017479552425901906, 430: 0.016994903061534467, 440: 0.016737258472477028, 450: 0.01614265168291993, 460: 0.015770314989221004, 470: 0.01549245723867403, 480: 0.015168697832334216, 490: 0.014476329340883354, 500: 0.014999851202173948, 510: 0.014143245190734028, 520: 0.01420606678792658, 530: 0.014439460178585203, 540: 0.01375865606578941, 550: 0.014138065941292183, 560: 0.013446982916197277, 570: 0.013382716151531554, 580: 0.013523266255467292, 590: 0.01251532498793782, 600: 0.01362287499895338, 610: 0.013580629317104562, 620: 0.013099819580017307}",590,0.01251532498793782,0.1,0.01,0.01
energy,dropoutFCN,32,1e-09,0.0001,"{0: 0.8503499400070726, 10: 0.16406873128409546, 20: 0.09353065739720802, 30: 0.08168901409375402, 40: 0.07621658248880235, 50: 0.07239749152761973, 60: 0.06968505564884916, 70: 0.06723966813453489, 80: 0.06508759268657949, 90: 0.06289828793118035, 100: 0.06073588126716487, 110: 0.05871392836227991, 120: 0.05668341190156127, 130: 0.05473658892029518, 140: 0.052483029957445124, 150: 0.05082055604651096, 160: 0.04864364834458894, 170: 0.04666785387024154, 180: 0.044704020039581724, 190: 0.0427588765896826, 200: 0.04079071732783347, 210: 0.03829539098152395, 220: 0.03698977405707089, 230: 0.03531501036190469, 240: 0.033489413827649764, 250: 0.03232120950279928, 260: 0.031132965482494345, 270: 0.029386381838407638, 280: 0.028332029327186176, 290: 0.026580567975562918, 300: 0.02542812690120446, 310: 0.024234044924725952, 320: 0.023577172539067694, 330: 0.02279807273971269, 340: 0.021693353946791775, 350: 0.02090282674146985, 360: 0.02017223541148818, 370: 0.019406284887095886, 380: 0.0184781300648749, 390: 0.018065971788503034, 400: 0.017216946824706862, 410: 0.016911236954475346, 420: 0.017037515962819376, 430: 0.016141413257067683, 440: 0.01564076212858532, 450: 0.015221542336208557, 460: 0.015261097551961112, 470: 0.014850811661729635, 480: 0.014958130790725773, 490: 0.014037248731197199, 500: 0.014528365297992474, 510: 0.014274394537374233, 520: 0.013865123438277366, 530: 0.01357944162962674, 540: 0.013967705931932561, 550: 0.013476165775574598, 560: 0.013531331174590978, 570: 0.013330790930761883, 580: 0.01285732875835172, 590: 0.01330655454749205, 600: 0.013610197212082831, 610: 0.013575139404717034}",580,0.01285732875835172,0.1,0.01,0.005
energy,dropoutFCN,32,1e-09,0.0001,"{0: 0.9257659534541794, 10: 0.19636001131935119, 20: 0.0961227567800161, 30: 0.08289204294262417, 40: 0.0768438561851146, 50: 0.07289252991630572, 60: 0.07000051717894896, 70: 0.06772151103164537, 80: 0.06575712078605575, 90: 0.06402213429161013, 100: 0.062236092484743696, 110: 0.060406284951945624, 120: 0.05851549213635719, 130: 0.05668286299629639, 140: 0.054829156060652084, 150: 0.052831682545946834, 160: 0.050917944437116044, 170: 0.04876089515716858, 180: 0.046634774392550905, 190: 0.04467034314354547, 200: 0.04265682158253637, 210: 0.040763870876182655, 220: 0.039091441010792906, 230: 0.03735616639088658, 240: 0.03554524125400486, 250: 0.03363587855160689, 260: 0.03203557794132893, 270: 0.030646323703162892, 280: 0.029296740829422286, 290: 0.02773391917848387, 300: 0.026491023915532225, 310: 0.025079215750372297, 320: 0.024127736168512735, 330: 0.0228791739299097, 340: 0.02185647418325553, 350: 0.021090306944506622, 360: 0.020236877084307655, 370: 0.019524190634539702, 380: 0.01905766366230624, 390: 0.01833643839212576, 400: 0.017809124929972185, 410: 0.017555573025394858, 420: 0.01713314701855286, 430: 0.017030544486976728, 440: 0.016198445421829872, 450: 0.016508706368969693, 460: 0.01548500384270994, 470: 0.016044063303447334, 480: 0.015865113704480103, 490: 0.015886799500780743}",460,0.01548500384270994,0.1,0.01,0.001
energy,dropoutFCN,32,1e-09,0.0005,"{0: 0.5115570240635308, 10: 0.08005426756369341, 20: 0.07344317418532689, 30: 0.06850805689926928, 40: 0.06394972949003666, 50: 0.06062378356493657, 60: 0.05927196409313477, 70: 0.05316284636809367, 80: 0.05026936931564151, 90: 0.046025032600243695, 100: 0.04202085658282292, 110: 0.03837967117910471, 120: 0.03627388797646782, 130: 0.03157111180937046, 140: 0.028863744800715473, 150: 0.02856431340166434, 160: 0.02558920949798782, 170: 0.02232638992042473, 180: 0.021275059077563517, 190: 0.019018378932407348, 200: 0.017167728019804537, 210: 0.01605310897718592, 220: 0.016825519978337755, 230: 0.016730287652693597, 240: 0.015896256354329733, 250: 0.015760351834225646, 260: 0.014490471700412202, 270: 0.014106880046273829, 280: 0.014121425884830308, 290: 0.01386168312496606, 300: 0.013004383497142714, 310: 0.01276621504561529, 320: 0.01695591415991473, 330: 0.011360279610932894, 340: 0.014259732826190238, 350: 0.012797807470980874, 360: 0.013003469125793332}",330,0.011360279610932894,0.1,0.01,0.2
energy,dropoutFCN,32,1e-09,0.0005,"{0: 0.5146413457222054, 10: 0.07658523828810046, 20: 0.07028819672315498, 30: 0.06633562200783286, 40: 0.06093915593667013, 50: 0.05532785862993077, 60: 0.048605474023743975, 70: 0.04392892194862931, 80: 0.039080930902251135, 90: 0.036363325289454435, 100: 0.031143535855166014, 110: 0.02812457045354768, 120: 0.02544025926818836, 130: 0.024506014479614924, 140: 0.02437345288432246, 150: 0.021535762434587723, 160: 0.019202366101293743, 170: 0.018187687573248183, 180: 0.01836489784646361, 190: 0.017903308022986265, 200: 0.01524337984725295, 210: 0.015245605617643442, 220: 0.01587109519999142, 230: 0.014264379957633489, 240: 0.015737978310360123, 250: 0.013969072902320181, 260: 0.014158215627543939, 270: 0.01341061728568178, 280: 0.012439953497315937, 290: 0.012658478455104389, 300: 0.014335821595454549, 310: 0.016121821519331}",280,0.012439953497315937,0.1,0.01,0.1
energy,dropoutFCN,32,1e-09,0.0005,"{0: 0.5402542739475027, 10: 0.07479336710789991, 20: 0.06659700817367831, 30: 0.06100483576361376, 40: 0.05374687800878257, 50: 0.04810515037281869, 60: 0.041253860026159064, 70: 0.034544558442635535, 80: 0.03156137175730915, 90: 0.025350735295605147, 100: 0.022337139711254648, 110: 0.01888147527512099, 120: 0.017246294134363134, 130: 0.016213104556429218, 140: 0.014415038456785573, 150: 0.014227335399999074, 160: 0.014483118643240681, 170: 0.013205176898391624, 180: 0.012962300897659451, 190: 0.012488746215257553, 200: 0.012944784151981286, 210: 0.012735947719886235, 220: 0.01124052212392487, 230: 0.012440075996149031, 240: 0.011324852281692572, 250: 0.012608421760147374}",220,0.01124052212392487,0.1,0.01,0.05
energy,dropoutFCN,32,1e-09,0.0005,"{0: 0.5157607001740663, 10: 0.07503281746009509, 20: 0.06537469776540172, 30: 0.058678365022234, 40: 0.05123633059923623, 50: 0.042564322455067104, 60: 0.035397106193241386, 70: 0.029456664386287173, 80: 0.02518566515707309, 90: 0.01905543959783853, 100: 0.016288434334847033, 110: 0.01648714684360062, 120: 0.013695112252529739, 130: 0.014006714878238142, 140: 0.014469197204585522, 150: 0.013377639101106958, 160: 0.013454375672734423, 170: 0.012456921239321581, 180: 0.011355960194836232, 190: 0.012806584465120192, 200: 0.01254221144274193, 210: 0.011553051748837941}",180,0.011355960194836232,0.1,0.01,0.01
energy,dropoutFCN,32,1e-09,0.0005,"{0: 0.4920567087375306, 10: 0.07464855323479475, 20: 0.06509169932317291, 30: 0.05751884893028757, 40: 0.0496843063571557, 50: 0.04168099864491157, 60: 0.0352317427711639, 70: 0.029681111898113854, 80: 0.025172315543242157, 90: 0.020388549713607308, 100: 0.017496980199056333, 110: 0.016935041583910647, 120: 0.015697305192807216, 130: 0.014914497210915154, 140: 0.015487923162753353, 150: 0.014478094921044299, 160: 0.014314517885814957, 170: 0.015243469862205063, 180: 0.013879561376404531, 190: 0.01340528277283817, 200: 0.012394997908735151, 210: 0.012714576039313832, 220: 0.01197779983737386, 230: 0.01432662434443011, 240: 0.013995356323709135, 250: 0.012479795436406496}",220,0.01197779983737386,0.1,0.01,0.005
energy,dropoutFCN,32,1e-09,0.0005,"{0: 0.49123332116439566, 10: 0.07252381577696558, 20: 0.0636150481327564, 30: 0.055453194429030205, 40: 0.04620078569008766, 50: 0.037962809879907244, 60: 0.03192870477602972, 70: 0.02715066299160195, 80: 0.023463279029817943, 90: 0.020129410170667113, 100: 0.018694178515100114, 110: 0.01647961207623424, 120: 0.01649792130582713, 130: 0.015575444650371187, 140: 0.014077105392110708, 150: 0.013724705154493533, 160: 0.014768880898264248, 170: 0.014112417821318219, 180: 0.014304419905225327}",150,0.013724705154493533,0.1,0.01,0.001
energy,dropoutFCN,32,1e-09,0.001,"{0: 0.2561585910968839, 10: 0.07580423443073608, 20: 0.06585283320182152, 30: 0.0603618354857957, 40: 0.05691172902688422, 50: 0.0476108637923509, 60: 0.039567424513634944, 70: 0.031906955909442224, 80: 0.02738123988876931, 90: 0.025335265176851605, 100: 0.02159319855225602, 110: 0.018652424799628663, 120: 0.01590741768995218, 130: 0.023780051585970543, 140: 0.017204583055591357, 150: 0.01653156103701587}",120,0.01590741768995218,0.1,0.01,0.2
energy,dropoutFCN,32,1e-09,0.001,"{0: 0.21190207847992956, 10: 0.07277140046933976, 20: 0.06772564717131654, 30: 0.05658458264781191, 40: 0.04435526079487184, 50: 0.03475527152931485, 60: 0.028251767887082335, 70: 0.023753960064522833, 80: 0.018121806908583567, 90: 0.021142396231010753, 100: 0.014192004286956305, 110: 0.01574857789298437, 120: 0.013683727876148303, 130: 0.014640301720311338, 140: 0.013709429616073038, 150: 0.01300326306149453, 160: 0.013816241257145404, 170: 0.012870250185985106, 180: 0.013990657162179445, 190: 0.01361540149503607, 200: 0.013968062361705549}",170,0.012870250185985106,0.1,0.01,0.1
energy,dropoutFCN,32,1e-09,0.001,"{0: 0.20562030198565168, 10: 0.07157884188210878, 20: 0.06191980949521471, 30: 0.047590992560749945, 40: 0.037788190626429186, 50: 0.032333691234662024, 60: 0.024759896623977866, 70: 0.021007404579975502, 80: 0.018659711203447393, 90: 0.014938510958985135, 100: 0.015924072578238073, 110: 0.013021376477394316, 120: 0.013456859365358847, 130: 0.012429585503373312, 140: 0.014592747786259205, 150: 0.012550403513891892, 160: 0.012402108996286323, 170: 0.013356524465136915, 180: 0.012268347072987401, 190: 0.012417312841940642, 200: 0.013354645567291615, 210: 0.013182877183211743}",180,0.012268347072987401,0.1,0.01,0.05
energy,dropoutFCN,32,1e-09,0.001,"{0: 0.21369672963639247, 10: 0.06894479528601752, 20: 0.0544481792660609, 30: 0.040999364355504796, 40: 0.03220069116182793, 50: 0.024662004917036823, 60: 0.020333956197742288, 70: 0.01746990872912211, 80: 0.016413718275936857, 90: 0.01400847397271733, 100: 0.013488513216518802, 110: 0.01434237120422821, 120: 0.012666482000269009, 130: 0.014366719703170541, 140: 0.012180223774825766, 150: 0.011949224243387154, 160: 0.013837538629682894, 170: 0.016273878723498142, 180: 0.013315614963807568}",150,0.011949224243387154,0.1,0.01,0.01
energy,dropoutFCN,32,1e-09,0.001,"{0: 0.2247933750871609, 10: 0.0673259134800946, 20: 0.052659312556020486, 30: 0.039328290422846836, 40: 0.029931132888934557, 50: 0.021436601391355826, 60: 0.020399608056931223, 70: 0.016146810012124157, 80: 0.01375772610705683, 90: 0.013331737814479317, 100: 0.01246509975758069, 110: 0.013325209962806114, 120: 0.010318685071159309, 130: 0.012694072699183967, 140: 0.011227893796563842, 150: 0.012663305021326444}",120,0.010318685071159309,0.1,0.01,0.005
energy,dropoutFCN,32,1e-09,0.001,"{0: 0.1956447419864995, 10: 0.0679994545743916, 20: 0.057630986314181024, 30: 0.041039077960194056, 40: 0.02934359241449267, 50: 0.02182122341150004, 60: 0.01762955989681187, 70: 0.014976872176038183, 80: 0.014091372778747188, 90: 0.014939593710836935, 100: 0.01408067224528648, 110: 0.014722740647408977, 120: 0.013322628855143712, 130: 0.014566436792856277, 140: 0.01369504448646804, 150: 0.013479940927503417}",120,0.013322628855143712,0.1,0.01,0.001
energy,dropoutFCN,32,1e-09,0.002,"{0: 0.16326861623865785, 10: 0.07293797849568147, 20: 0.06149485678828217, 30: 0.048115345384609334, 40: 0.03349638155134109, 50: 0.025723163958792327, 60: 0.023726248323637355, 70: 0.020852575292501722, 80: 0.024379955110610956, 90: 0.019793553994656977, 100: 0.016616586988212646, 110: 0.021155388501645184, 120: 0.016560492300921607, 130: 0.018248458087876764, 140: 0.017341163887092566, 150: 0.019000613805530718}",120,0.016560492300921607,0.1,0.01,0.2
energy,dropoutFCN,32,1e-09,0.002,"{0: 0.14744243117454733, 10: 0.06772056770413284, 20: 0.05100848095643708, 30: 0.03578997586137467, 40: 0.027353851381561704, 50: 0.019865372252847797, 60: 0.01676143686317268, 70: 0.016025476664549017, 80: 0.015472352283946078, 90: 0.0157094524855418, 100: 0.014414230584524804, 110: 0.01486294555389544, 120: 0.015475116770463291, 130: 0.01307694938894762, 140: 0.014693558765138365, 150: 0.013378913812704238, 160: 0.013460638506347183}",130,0.01307694938894762,0.1,0.01,0.1
energy,dropoutFCN,32,1e-09,0.002,"{0: 0.14617897429522492, 10: 0.06758886813997277, 20: 0.042950538632685976, 30: 0.0351094821295956, 40: 0.022265435488107367, 50: 0.01955127506310203, 60: 0.016863822276980446, 70: 0.013698120822296624, 80: 0.01341515933620871, 90: 0.013454213822872443, 100: 0.016090071606262975, 110: 0.015439059108313991}",80,0.01341515933620871,0.1,0.01,0.05
energy,dropoutFCN,32,1e-09,0.002,"{0: 0.13640157548867352, 10: 0.062064003470630215, 20: 0.03615865411618448, 30: 0.02464176677500075, 40: 0.01710433031475899, 50: 0.014803070411263336, 60: 0.016508548025513003, 70: 0.01090906108879114, 80: 0.01183611442552544, 90: 0.012532475220709027, 100: 0.01125294334592411}",70,0.01090906108879114,0.1,0.01,0.01
energy,dropoutFCN,32,1e-09,0.002,"{0: 0.1467566491740315, 10: 0.06020122517124225, 20: 0.0363774496345012, 30: 0.0232451464491285, 40: 0.016580983116928856, 50: 0.015736880640565203, 60: 0.012825823204628365, 70: 0.014277409829495233, 80: 0.015032811022874881, 90: 0.014009556698006015}",60,0.012825823204628365,0.1,0.01,0.005
energy,dropoutFCN,32,1e-09,0.002,"{0: 0.14916694008710624, 10: 0.06454549701404018, 20: 0.03594157710407283, 30: 0.019671684479474722, 40: 0.01793514319438466, 50: 0.015690822736363234, 60: 0.014782098846766498, 70: 0.013334832474697089, 80: 0.012009691139036428, 90: 0.015113007714300375, 100: 0.015904615017794364, 110: 0.015656715588760577}",80,0.012009691139036428,0.1,0.01,0.001
kin8nm,fixnoiseFCN,32,0.1,0.0001,"{0: 0.7903008061697496, 10: 0.4578344679536466, 20: 0.3998565215849546, 30: 0.38509837637395494, 40: 0.37840557622243953, 50: 0.37401329056801746, 60: 0.3710416998447149, 70: 0.3688719685942745, 80: 0.366970311773221, 90: 0.36549288863450397, 100: 0.3643257688619327, 110: 0.3633390039727358, 120: 0.3625853538679773, 130: 0.3619794433784943, 140: 0.3614841509424229, 150: 0.36106593826016936, 160: 0.3606899672923278, 170: 0.3603566538743514, 180: 0.36005446467854263, 190: 0.3597801389051442, 200: 0.35956582916146235, 210: 0.359366007402038, 220: 0.35920767160712674, 230: 0.3590621304545967, 240: 0.3589476539006086, 250: 0.3588400147102098, 260: 0.3587511941977352, 270: 0.3586611065567631, 280: 0.35856667970705675, 290: 0.3584812756341373, 300: 0.35838557774139507, 310: 0.3583106184124606, 320: 0.3582325641249427, 330: 0.3581706238645837, 340: 0.35810617758509744, 350: 0.35804269342510053, 360: 0.3579695651063395, 370: 0.35788871463302063, 380: 0.3578460565277048, 390: 0.3577990655375201, 400: 0.35775232233924725, 410: 0.35771989375323876, 420: 0.357687727613897, 430: 0.3576614932489791, 440: 0.3576348985534705, 450: 0.35761813871969456, 460: 0.3575963646989869, 470: 0.35758052648874095, 480: 0.357570742850787, 490: 0.3575496040848096, 500: 0.35753573477367473, 510: 0.3575240390266468, 520: 0.3575102485046818, 530: 0.35749582180353007, 540: 0.3574735988992295, 550: 0.3574616892952195, 560: 0.35745082073146744, 570: 0.3574354663319159, 580: 0.3574310443808176, 590: 0.35741698108645464, 600: 0.3574051144198098, 610: 0.3573849544378805, 620: 0.357378945370603, 630: 0.35737214004465, 640: 0.3573597163541969, 650: 0.35735487939681987, 660: 0.3573375064687223, 670: 0.357329866715829, 680: 0.3573175525506225, 690: 0.35731657120937166, 700: 0.35730609525434276, 710: 0.3573025964230595, 720: 0.3572993049074072, 730: 0.357292698504943, 740: 0.35728942268872044, 750: 0.3572936612300161, 760: 0.3572889624988371, 770: 0.3572751249666565, 780: 0.3572692394429672, 790: 0.3572716952977758, 800: 0.3572615549165984, 810: 0.3572563661991484, 820: 0.3572554147043002, 830: 0.3572479871987641, 840: 0.35724199469366563, 850: 0.3572350210339172, 860: 0.3572303576513977, 870: 0.3572250455370103, 880: 0.3572086665100878, 890: 0.35721444550195797, 900: 0.35721087010382824, 910: 0.3571954226557938, 920: 0.35719408753090165, 930: 0.3571885433804434, 940: 0.3571864994625038, 950: 0.357176119759576, 960: 0.35716269852126076, 970: 0.3571548753476499, 980: 0.35714647483621886, 990: 0.35714165622077865, 1000: 0.35713419774525346, 1010: 0.35713733259289027, 1020: 0.35712309337955583, 1030: 0.35711831838387614, 1040: 0.3571191247740884, 1050: 0.3571131084541472, 1060: 0.35711403610417347, 1070: 0.3571134700812372, 1080: 0.35711343948308605}",1050,0.3571131084541472,0.001,0.01,0.01
kin8nm,fixnoiseFCN,32,0.1,0.0001,"{0: 0.8033609784174548, 10: 0.44950575384981944, 20: 0.39848325772679544, 30: 0.38543788663569084, 40: 0.3794001463153117, 50: 0.37496195275190713, 60: 0.37151628810247034, 70: 0.3687778318270551, 80: 0.366604578314821, 90: 0.3650297221987604, 100: 0.36381423846946676, 110: 0.36289261751061064, 120: 0.3621151578907978, 130: 0.3615160673030243, 140: 0.36100408564392156, 150: 0.360613028273454, 160: 0.3602784941000192, 170: 0.359935813456514, 180: 0.35966319116272727, 190: 0.35943188120405545, 200: 0.35921260477626593, 210: 0.35902491574141904, 220: 0.3588781241467594, 230: 0.3587521241212799, 240: 0.3586036302974356, 250: 0.35851413807491783, 260: 0.3584101303030012, 270: 0.35833572029784594, 280: 0.3582683851400842, 290: 0.35818482702685184, 300: 0.35814170350355684, 310: 0.3580821249754141, 320: 0.35803174043837166, 330: 0.3579805670322852, 340: 0.3579342186368392, 350: 0.357896837617096, 360: 0.3578345274379443, 370: 0.3578107005217911, 380: 0.3577636134036247, 390: 0.35773925847051075, 400: 0.35769114298747773, 410: 0.3576716211218819, 420: 0.35764373468328614, 430: 0.35760666530099017, 440: 0.3575900203629212, 450: 0.35758064190169764, 460: 0.35757301651240925, 470: 0.3575433251193114, 480: 0.35752167941138957, 490: 0.3574873096800565, 500: 0.35748100363974505, 510: 0.35744778000671096, 520: 0.35743699458608846, 530: 0.35741763928544873, 540: 0.3573943741476554, 550: 0.35738515405314203, 560: 0.35736418036276996, 570: 0.3573525390418304, 580: 0.3573378929868433, 590: 0.3573193322260201, 600: 0.35730110513768043, 610: 0.35729363761055855, 620: 0.3572837883061257, 630: 0.3572593777153036, 640: 0.3572544438329154, 650: 0.35723506445760905, 660: 0.35723364989806167, 670: 0.3572190924506869, 680: 0.35722175778801707, 690: 0.35720459081767675, 700: 0.3571966974609458, 710: 0.35716828806874207, 720: 0.35717131477052716, 730: 0.35717661237197607, 740: 0.35714431621887016, 750: 0.35713323849107037, 760: 0.3570970856960813, 770: 0.3570976595580274, 780: 0.3570828110315273, 790: 0.35707633948103784, 800: 0.3570677057781137, 810: 0.357063625214528, 820: 0.3570697076392622, 830: 0.3570589103768198, 840: 0.35703812517117767, 850: 0.3570550773768319, 860: 0.3570307234270396, 870: 0.35702971974606756, 880: 0.35702058108603174, 890: 0.35700848795309026, 900: 0.3570063289460195, 910: 0.3569941885609398, 920: 0.3570071814324095, 930: 0.3569921750149021, 940: 0.3569870746075635, 950: 0.3569851943729063, 960: 0.3570026710882418, 970: 0.3569848674664962, 980: 0.3569664528778659, 990: 0.35697005621143035, 1000: 0.3569579698327102, 1010: 0.3569619587731379, 1020: 0.3569484819126675, 1030: 0.3569467819551583, 1040: 0.3569526340568708, 1050: 0.3569344593842604, 1060: 0.3569266539574386, 1070: 0.3569404123706475, 1080: 0.3569438266671411, 1090: 0.35693741523059497}",1060,0.3569266539574386,0.005,0.01,0.01
kin8nm,fixnoiseFCN,32,0.1,0.0001,"{0: 0.779711219634477, 10: 0.44993489317152624, 20: 0.3963688417237813, 30: 0.3829425472633076, 40: 0.37715317212177124, 50: 0.3727462812396505, 60: 0.3695857180649684, 70: 0.36728461408940516, 80: 0.36561753527826435, 90: 0.3643349479419355, 100: 0.36334081395464557, 110: 0.3625188338273105, 120: 0.3618714443448135, 130: 0.36134996485380366, 140: 0.36096773335357374, 150: 0.36059631632819467, 160: 0.36030074735702566, 170: 0.3600305777512075, 180: 0.3597920852658135, 190: 0.3595689767732273, 200: 0.35936308057357713, 210: 0.3591675832210549, 220: 0.3589955091685336, 230: 0.35883973700886196, 240: 0.3587362725971156, 250: 0.35864611530568624, 260: 0.3585171930713705, 270: 0.35846903136894254, 280: 0.3583832262054494, 290: 0.3583064742432006, 300: 0.3582448191165615, 310: 0.3581937631717004, 320: 0.3581301580315964, 330: 0.35806255000695625, 340: 0.3579871922960599, 350: 0.3579852182204539, 360: 0.35791015275572846, 370: 0.3578641945204052, 380: 0.35782854516161866, 390: 0.35778646497341315, 400: 0.3577425422256725, 410: 0.35768571998599624, 420: 0.3576824565335389, 430: 0.3576331479178705, 440: 0.357579314055419, 450: 0.35756615562612665, 460: 0.35752298062192917, 470: 0.35751958117091076, 480: 0.35749929278785475, 490: 0.35748491732555443, 500: 0.35747906056998663, 510: 0.3574497979665624, 520: 0.3574202387822384, 530: 0.3573980682112471, 540: 0.35739407848406274, 550: 0.3573817490893543, 560: 0.35736734503198414, 570: 0.3573719705517985, 580: 0.35736692125305586, 590: 0.35734218816037433, 600: 0.35733709654382634, 610: 0.3573196259486694, 620: 0.3573231021111824, 630: 0.3573023158565546, 640: 0.3573035721407035, 650: 0.3572740679568612, 660: 0.357308193138702, 670: 0.3572705930787802, 680: 0.35725645610543255, 690: 0.35725522788861214, 700: 0.3572331530702731, 710: 0.35724755303093925, 720: 0.35721652378660973, 730: 0.357223741897691, 740: 0.35723012875344773, 750: 0.3572169325960579}",720,0.35721652378660973,0.01,0.01,0.01
kin8nm,fixnoiseFCN,32,0.1,0.0001,"{0: 0.7959289688812504, 10: 0.4674325984513038, 20: 0.40854976692595624, 30: 0.3900979295628799, 40: 0.38205842340739604, 50: 0.3767067549779191, 60: 0.37264521465716893, 70: 0.3695555236142945, 80: 0.36721175324308025, 90: 0.3653347705684108, 100: 0.36388709785767287, 110: 0.36285568434165116, 120: 0.36203319244423265, 130: 0.361456583881285, 140: 0.36094088954652914, 150: 0.360661122567055, 160: 0.36036140860389654, 170: 0.3600828594734962, 180: 0.3598852631802262, 190: 0.35951131833050404, 200: 0.3593828892904643, 210: 0.35909487166375487, 220: 0.3589809174412085, 230: 0.35882670742203676, 240: 0.3586632886220969, 250: 0.3585250466895963, 260: 0.35836185195651393, 270: 0.3581819120604931, 280: 0.35819973804549077, 290: 0.35801983864627285, 300: 0.35793355244587505, 310: 0.35791142387680097, 320: 0.35785223005331146, 330: 0.35772046940778746, 340: 0.3576610848135137, 350: 0.35764752123588756, 360: 0.35756202296704165, 370: 0.35747824536547396, 380: 0.3574573706015494, 390: 0.3574348021185171, 400: 0.3573940169567855, 410: 0.3573460678585491, 420: 0.3573517346988145, 430: 0.35734283556458724, 440: 0.3573070233924795, 450: 0.35725354363186546, 460: 0.357178746238104, 470: 0.35720685201050617, 480: 0.3570740100995418, 490: 0.3571266092909756, 500: 0.35707417097406446, 510: 0.35709570530438706}",480,0.3570740100995418,0.05,0.01,0.01
kin8nm,fixnoiseFCN,32,0.1,0.0001,"{0: 0.7946273283069514, 10: 0.44594491434642797, 20: 0.39825630113060184, 30: 0.38664276592383345, 40: 0.38122088143676447, 50: 0.37692965119991934, 60: 0.37360691980991984, 70: 0.3707733838779664, 80: 0.36876107882327436, 90: 0.36688985119973594, 100: 0.3656474133266108, 110: 0.36435702232142253, 120: 0.3636281771831015, 130: 0.36294095622382316, 140: 0.3623156536349497, 150: 0.36194613895275785, 160: 0.36151319581678604, 170: 0.36119669306486185, 180: 0.3609622605838328, 190: 0.3607264245226359, 200: 0.36050350389074615, 210: 0.360153165714237, 220: 0.3600608712515807, 230: 0.3598336538808374, 240: 0.3597617938167493, 250: 0.35948924962963646, 260: 0.35935831214579556, 270: 0.35938331941004187, 280: 0.3591048553149351, 290: 0.3591804062705133, 300: 0.35914904855040436, 310: 0.3589448407089457, 320: 0.358927955839947, 330: 0.35872210053203457, 340: 0.35880328243649806, 350: 0.3587478875392143, 360: 0.3585926666829348, 370: 0.3584866510782125, 380: 0.3586306127987319, 390: 0.3586713469578461, 400: 0.3585711240859536}",370,0.3584866510782125,0.1,0.01,0.01
kin8nm,fixnoiseFCN,32,0.1,0.0005,"{0: 0.5383901298067907, 10: 0.380318233758136, 20: 0.37114266024187287, 30: 0.36842292904792046, 40: 0.3666276591174492, 50: 0.36568450893631443, 60: 0.36519217790663405, 70: 0.3647214548629627, 80: 0.36435896121487155, 90: 0.3640402388454276, 100: 0.36367410540623435, 110: 0.36339544900266435, 120: 0.3632079486365696, 130: 0.3630705773926584, 140: 0.36289902399658497, 150: 0.36266478051739665, 160: 0.36249057756143865, 170: 0.3623650949144933, 180: 0.3621821358991183, 190: 0.36201954194425073, 200: 0.3618540340729402, 210: 0.3617359385632136, 220: 0.3616011214349854, 230: 0.36152016634067297, 240: 0.361444751819544, 250: 0.3613877230020961, 260: 0.3612914849756904, 270: 0.3612083985702802, 280: 0.36118579298198655, 290: 0.3610765651285705, 300: 0.3610265424361908, 310: 0.36096827449526964, 320: 0.3610076289075016, 330: 0.3608864538946062, 340: 0.36083800071223876, 350: 0.36081800555260857, 360: 0.3607518133088069, 370: 0.36069114223451176, 380: 0.36069905063499413, 390: 0.36066959665191883, 400: 0.360630608257407, 410: 0.3605459025453981, 420: 0.3604353837014104, 430: 0.3604440001871122, 440: 0.36045396102523164, 450: 0.3603505078163237, 460: 0.3602844195888414, 470: 0.3602820217412726, 480: 0.36028627950900804, 490: 0.36021766051329795, 500: 0.3602215604904485, 510: 0.3601544030338595, 520: 0.3601038658396808, 530: 0.3601148749200372, 540: 0.3600676354600188, 550: 0.3600619203826207, 560: 0.36002478699119866, 570: 0.35999634440646733, 580: 0.360028545063486, 590: 0.35999470206059325, 600: 0.35999799648495195, 610: 0.35994812500876927, 620: 0.35996528400896616, 630: 0.3599023762102423, 640: 0.3599157684873936, 650: 0.3598557985441859, 660: 0.35982764873373463, 670: 0.3598182827627835, 680: 0.3598204297727593, 690: 0.35980210399503576, 700: 0.3598714647161603, 710: 0.35977643924177494, 720: 0.3598477338648132, 730: 0.3598434197592615, 740: 0.35980293961160836}",710,0.35977643924177494,0.001,0.01,0.01
kin8nm,fixnoiseFCN,32,0.1,0.0005,"{0: 0.526907080902732, 10: 0.3823965072895984, 20: 0.3725066848441287, 30: 0.369629825454645, 40: 0.3679540372607665, 50: 0.36688330648887896, 60: 0.36618035119899434, 70: 0.3656268119240194, 80: 0.3652546968182732, 90: 0.36491403248706067, 100: 0.3645684747247423, 110: 0.3642361186364736, 120: 0.36402822845799443, 130: 0.36375757467678643, 140: 0.3635304531318628, 150: 0.3633161300252957, 160: 0.36314343830339446, 170: 0.3629770673804868, 180: 0.3627849841840579, 190: 0.3626257702411559, 200: 0.36251494788759675, 210: 0.36231182720547656, 220: 0.3621917479553458, 230: 0.3620999478704513, 240: 0.362002324192843, 250: 0.3618941889341193, 260: 0.36179854480085816, 270: 0.36177300163367687, 280: 0.36165912756549357, 290: 0.36161721270114267, 300: 0.3614896536511277, 310: 0.36135819999077146, 320: 0.3612903737144827, 330: 0.3612694322093416, 340: 0.3611723124349414, 350: 0.3611581808763531, 360: 0.36108549191833805, 370: 0.3610175950409392, 380: 0.36088418912954484, 390: 0.3608351934571625, 400: 0.3607863120534134, 410: 0.36077025660652373, 420: 0.3607204301807817, 430: 0.36066878057545293, 440: 0.36060037299232756, 450: 0.3606697756960901, 460: 0.3606601350340928, 470: 0.36062979151524643}",440,0.36060037299232756,0.005,0.01,0.01
kin8nm,fixnoiseFCN,32,0.1,0.0005,"{0: 0.5331146321168778, 10: 0.38472026142176546, 20: 0.37378458102342504, 30: 0.3702343800844403, 40: 0.36831176599247506, 50: 0.3670698339491124, 60: 0.3660449510972199, 70: 0.3652980103263871, 80: 0.3646882896280496, 90: 0.36429110555202937, 100: 0.3640075773312517, 110: 0.36374749615022417, 120: 0.36356565811798486, 130: 0.36332886087852867, 140: 0.36315245844215144, 150: 0.3630254156669741, 160: 0.36285387940063585, 170: 0.3627691865232189, 180: 0.3626845128191412, 190: 0.3625111881720994, 200: 0.3624049389879595, 210: 0.36225817740527855, 220: 0.36214995795224975, 230: 0.36205210309877234, 240: 0.36196601332671513, 250: 0.3619015832484883, 260: 0.3618074138989825, 270: 0.36164425286648383, 280: 0.36158623747060326, 290: 0.36146228983080236, 300: 0.3613769720316748, 310: 0.3613570230090126, 320: 0.3612154011492953, 330: 0.36117752770958356, 340: 0.36106181577837415, 350: 0.36103445702398373, 360: 0.3609487740134044, 370: 0.36097784463350974, 380: 0.3608249228301446, 390: 0.3608010567128861, 400: 0.36081752579770654, 410: 0.36081125373236195, 420: 0.36080283487627324}",390,0.3608010567128861,0.01,0.01,0.01
kin8nm,fixnoiseFCN,32,0.1,0.0005,"{0: 0.5285893269429216, 10: 0.3801689497879824, 20: 0.3717785847281755, 30: 0.3686631693704208, 40: 0.36728438138709824, 50: 0.36618759137029816, 60: 0.3654328994868533, 70: 0.36503426235248326, 80: 0.3646143222515274, 90: 0.3644045278127677, 100: 0.3640640188970995, 110: 0.3637848278070755, 120: 0.36366057711382493, 130: 0.36338929863582975, 140: 0.3631705780695405, 150: 0.36282535192762266, 160: 0.362824713009963, 170: 0.36271241326076264, 180: 0.36248542290000474, 190: 0.36249533991815086, 200: 0.36241891797292486, 210: 0.36241567972725486, 220: 0.36225321078049416, 230: 0.36222340305681666, 240: 0.3621991858025261, 250: 0.3621779660674593, 260: 0.3620434482324389, 270: 0.3618813985957834, 280: 0.36195564366441124, 290: 0.36189214493006, 300: 0.3619206855359435}",270,0.3618813985957834,0.05,0.01,0.01
kin8nm,fixnoiseFCN,32,0.1,0.0005,"{0: 0.5267835444589458, 10: 0.38354937221654084, 20: 0.3742263054102091, 30: 0.3711521355175583, 40: 0.3688767487913575, 50: 0.36781158747305276, 60: 0.36686592213294666, 70: 0.3661769934943242, 80: 0.36589524681290253, 90: 0.36484321985772994, 100: 0.364663609008963, 110: 0.3647835983190024, 120: 0.36441273492670234, 130: 0.36405624649828106, 140: 0.3638517333319644, 150: 0.3642875097958981, 160: 0.36384865124994314, 170: 0.36358224460939975, 180: 0.36368290673435205, 190: 0.3633676264976221, 200: 0.3634467875044197, 210: 0.3632207064007264, 220: 0.3630418798417456, 230: 0.3631636390924272, 240: 0.36253907895840415, 250: 0.36273813336146576, 260: 0.3628449024218388, 270: 0.36252317441877846, 280: 0.3628650290988447, 290: 0.36234685997750593, 300: 0.36234977199910556, 310: 0.36239271940727696, 320: 0.36234404280768473, 330: 0.36200981423920364, 340: 0.3623523435500694, 350: 0.3621296406666067, 360: 0.3619082891077825, 370: 0.36199604197434676, 380: 0.361852018632264, 390: 0.36169117149039803, 400: 0.3618346301277456, 410: 0.361735484318472, 420: 0.36154744658895666, 430: 0.3616961506488202, 440: 0.3615043686127504, 450: 0.36141118083724166, 460: 0.36136156953005283, 470: 0.3614138277763349, 480: 0.36130954290266026, 490: 0.3610502607257812, 500: 0.3610594284476564, 510: 0.3611471469986688, 520: 0.36085472711859606, 530: 0.3607177244019147, 540: 0.36089231549724865, 550: 0.3607571738046872, 560: 0.36072870937204116}",530,0.3607177244019147,0.1,0.01,0.01
kin8nm,fixnoiseFCN,32,0.1,0.001,"{0: 0.47705939723777996, 10: 0.37791510217348023, 20: 0.37274503476118587, 30: 0.3706747951857427, 40: 0.3698128400642403, 50: 0.36885992323963346, 60: 0.3682710764994347, 70: 0.367853742799094, 80: 0.3673606501984855, 90: 0.36720944973609304, 100: 0.3668632501134937, 110: 0.3667123118886148, 120: 0.36661364728586526, 130: 0.36627569642198476, 140: 0.3660623297777118, 150: 0.3659813160270196, 160: 0.36586108903051984, 170: 0.3655127469810411, 180: 0.36540808146945214, 190: 0.3650928897673543, 200: 0.36507816223871686, 210: 0.36493119061570706, 220: 0.36474137989258365, 230: 0.3645607124269712, 240: 0.3643316294367324, 250: 0.3643965006256713, 260: 0.36430569360487486, 270: 0.364204985611455, 280: 0.3642240812014924, 290: 0.36411999349592283, 300: 0.36403854970019833, 310: 0.3638008330710336, 320: 0.3637485519213508, 330: 0.36384247647951123, 340: 0.36371978632851576, 350: 0.36363939849789045, 360: 0.363525979294137, 370: 0.36336397675043663, 380: 0.36335651373790817, 390: 0.3632203225198925, 400: 0.3630033652210143, 410: 0.3630368006431911, 420: 0.3628278969441997, 430: 0.36273518516457265, 440: 0.36284708607673394, 450: 0.36271761542858844, 460: 0.362697611630184, 470: 0.36273009858358474, 480: 0.3627168878241588, 490: 0.36270562735525325}",460,0.362697611630184,0.001,0.01,0.01
kin8nm,fixnoiseFCN,32,0.1,0.001,"{0: 0.4735229497505797, 10: 0.3784921638518287, 20: 0.3735512062433428, 30: 0.37156818650648366, 40: 0.3704661201151526, 50: 0.3697266278302182, 60: 0.3694285009230897, 70: 0.36864865566744665, 80: 0.36855010168725066, 90: 0.36824255854571436, 100: 0.3677998737497378, 110: 0.3675687384405188, 120: 0.3672998183780908, 130: 0.3671789192928, 140: 0.36684206100819544, 150: 0.36665237416499036, 160: 0.3663375292747017, 170: 0.3660218071905527, 180: 0.36588578388490645, 190: 0.3654782079440682, 200: 0.3653674706148701, 210: 0.3651378340077359, 220: 0.36503429181927377, 230: 0.364802624335755, 240: 0.3646817588970208, 250: 0.3644916254273182, 260: 0.3642761753564174, 270: 0.364160755147483, 280: 0.3639941815029316, 290: 0.36398370835831434, 300: 0.3638595851628595, 310: 0.3637801065937586, 320: 0.36367373278408455, 330: 0.3636089428411759, 340: 0.36362458333013253, 350: 0.3634331698632904, 360: 0.3633647502659287, 370: 0.3634228586167002, 380: 0.36329022086685414, 390: 0.3631836580593514, 400: 0.36308802221518294, 410: 0.3630497087854129, 420: 0.36313634289526, 430: 0.3630198709456592, 440: 0.36308227526021675, 450: 0.36312309452840624, 460: 0.36296373271920135, 470: 0.3629031918822229, 480: 0.3627114250709906, 490: 0.3626506996366978, 500: 0.36269634872956585, 510: 0.3625733287658243, 520: 0.3624829202005876, 530: 0.3624482372353602, 540: 0.36246356932520085, 550: 0.362407106621175, 560: 0.36233023250718543, 570: 0.36228054892756106, 580: 0.36229757954203035, 590: 0.36221369816172067, 600: 0.36210117973977546, 610: 0.36213421895650166, 620: 0.3620661796784418, 630: 0.36196207172337236, 640: 0.36191564014836936, 650: 0.36210013232397464, 660: 0.3619893605290653, 670: 0.36198231936547487}",640,0.36191564014836936,0.005,0.01,0.01
kin8nm,fixnoiseFCN,32,0.1,0.001,"{0: 0.4789961457495376, 10: 0.3787373128501902, 20: 0.37297061662663583, 30: 0.3706632107460688, 40: 0.3693114523215627, 50: 0.3683874596686908, 60: 0.3677896304340276, 70: 0.3673689079008303, 80: 0.3671043176747789, 90: 0.3671202040201598, 100: 0.36696760470665957, 110: 0.3667432886498124, 120: 0.3666173115658272, 130: 0.3663321522176177, 140: 0.366196974449588, 150: 0.3658297039040535, 160: 0.36546639964842853, 170: 0.3654590597863443, 180: 0.36517210622313395, 190: 0.364942534497787, 200: 0.3649980117428817, 210: 0.3647786690905735, 220: 0.3644606361754144, 230: 0.36419631350589904, 240: 0.3641810402351717, 250: 0.3640450934840721, 260: 0.3639109919932444, 270: 0.3638211690745917, 280: 0.36382052218698646, 290: 0.3636841546681832, 300: 0.36359277017335917, 310: 0.3635372845923116, 320: 0.36342491844133457, 330: 0.3632935254495393, 340: 0.3632124827404319, 350: 0.36312559975500536, 360: 0.36309944282989365, 370: 0.36303268353263024, 380: 0.3629671559016045, 390: 0.3629835657179056, 400: 0.36272067201913155, 410: 0.36268188941674195, 420: 0.3625738742811999, 430: 0.3625670341830249, 440: 0.36263789204711716, 450: 0.36257442806805823, 460: 0.3625161617139809, 470: 0.36246682660698554, 480: 0.3625299854732722, 490: 0.3624024536458873, 500: 0.3623658618496105, 510: 0.3623146154202387, 520: 0.36232656843929184, 530: 0.3622678066648494, 540: 0.36223002696578915, 550: 0.3622552291997158, 560: 0.3621404003087245, 570: 0.36216624327269936, 580: 0.3621903215186374, 590: 0.36207655205733624, 600: 0.36210736042582126, 610: 0.36208887179821, 620: 0.36197214135293293, 630: 0.36213761398572386, 640: 0.36191836950510564, 650: 0.36184252865140293, 660: 0.3619246649544718, 670: 0.3619324716480637, 680: 0.36180346720285267, 690: 0.36176815925986777, 700: 0.3618716700141465, 710: 0.3617990975201943, 720: 0.3616614240546525, 730: 0.3616351210125828, 740: 0.3615492499404037, 750: 0.361649333383885, 760: 0.3615757740881871, 770: 0.3615892180474357}",740,0.3615492499404037,0.01,0.01,0.01
kin8nm,fixnoiseFCN,32,0.1,0.001,"{0: 0.48653552099129554, 10: 0.37950575832841926, 20: 0.37450487586881376, 30: 0.3713896803781944, 40: 0.37072755006028074, 50: 0.3697783085820757, 60: 0.36901830027826854, 70: 0.36834035804717863, 80: 0.36813507352356345, 90: 0.3676749307376387, 100: 0.36716563828784893, 110: 0.36666063561471846, 120: 0.3669184037508635, 130: 0.36662472322679596, 140: 0.366639462795623, 150: 0.3662914124748503, 160: 0.36612167909746524, 170: 0.36621918696043854, 180: 0.36612868223289924, 190: 0.3658255245733666, 200: 0.36570057373826415, 210: 0.3657189591357123, 220: 0.3655571027483789, 230: 0.3653660355525551, 240: 0.36502313660532126, 250: 0.36475650163217327, 260: 0.36477169921398706, 270: 0.36458497815704416, 280: 0.36465298630168036, 290: 0.36442095310922873, 300: 0.36412261452825484, 310: 0.3643109332789427, 320: 0.36406097640001234, 330: 0.36425679479766004, 340: 0.36393764248616023, 350: 0.36388523773934467, 360: 0.36397831490809807, 370: 0.36376154165486285, 380: 0.3638559631729797, 390: 0.36368535026235405, 400: 0.363631006740951, 410: 0.36336224546233825, 420: 0.3634034973268316, 430: 0.3634395211144993, 440: 0.36335584950041294, 450: 0.3632701610816477, 460: 0.3632762608230997, 470: 0.36334407481305603, 480: 0.3632387496617975, 490: 0.36318044269444, 500: 0.3631208004600689, 510: 0.36294426035042127, 520: 0.3630140279285766, 530: 0.3631776118762966, 540: 0.3631360464657205}",510,0.36294426035042127,0.05,0.01,0.01
kin8nm,fixnoiseFCN,32,0.1,0.001,"{0: 0.4808571307541329, 10: 0.37918346391223895, 20: 0.3725586633481205, 30: 0.37101750022022273, 40: 0.37009416614259055, 50: 0.36960447285504006, 60: 0.3686655453364619, 70: 0.3684736484404324, 80: 0.36857857949976014, 90: 0.36796697905568104, 100: 0.36779572542963235, 110: 0.36733073366349406, 120: 0.36743900653040723, 130: 0.3672183231249737, 140: 0.3669307607655767, 150: 0.36643672611012335, 160: 0.3659696659364082, 170: 0.36626795737109064, 180: 0.3660857606938538, 190: 0.3660072105660338}",160,0.3659696659364082,0.1,0.01,0.01
kin8nm,fixnoiseFCN,32,0.1,0.002,"{0: 0.4349968343068267, 10: 0.38219767753880685, 20: 0.37710943640070055, 30: 0.3739461714112503, 40: 0.3725047520375334, 50: 0.3719364180993904, 60: 0.3714181005798217, 70: 0.3704732311105642, 80: 0.3699621849366278, 90: 0.3694065531979563, 100: 0.3692541252677502, 110: 0.3688394751239626, 120: 0.3688674139812481, 130: 0.36865736516534614, 140: 0.3680517406274467, 150: 0.36748386811355893, 160: 0.36752825782707826, 170: 0.36741313340640436, 180: 0.36707082321592654, 190: 0.36721263851988245, 200: 0.3670595448483404, 210: 0.3667828872070923, 220: 0.3667634868917939, 230: 0.3666706631266967, 240: 0.36680598062360936, 250: 0.36658009911021694, 260: 0.3668306681819634, 270: 0.36677401790954656, 280: 0.36658340947554624}",250,0.36658009911021694,0.001,0.01,0.01
kin8nm,fixnoiseFCN,32,0.1,0.002,"{0: 0.43206521129527775, 10: 0.38249529908725294, 20: 0.3765310059146077, 30: 0.3736321944927593, 40: 0.37166301183203543, 50: 0.37078470106493205, 60: 0.37010412228323947, 70: 0.36972667500249073, 80: 0.36895119899211515, 90: 0.3688434943702187, 100: 0.3688896179989651, 110: 0.368641650298663, 120: 0.36867693668493845, 130: 0.36833773715924856, 140: 0.3685063677679867, 150: 0.3682809801723646, 160: 0.36793387454632687, 170: 0.3679515265551498, 180: 0.36782747403706834, 190: 0.36763031045685346, 200: 0.36757831791095463, 210: 0.36756880849442447, 220: 0.36744900921672347, 230: 0.3674107017913871, 240: 0.36718650363843147, 250: 0.3673246052001907, 260: 0.3673361300784498, 270: 0.3670702837648666, 280: 0.36710806821186004, 290: 0.36701914805364305, 300: 0.366986282383586, 310: 0.3670271583239611, 320: 0.3669077973777752, 330: 0.3668828400832017, 340: 0.366927714362409, 350: 0.36675292269080784, 360: 0.36677147999793097, 370: 0.36659627362513186, 380: 0.36663601838006155, 390: 0.36658372374170134, 400: 0.3665375702949835, 410: 0.3662290596963363, 420: 0.36657353609775173, 430: 0.36649777987791765, 440: 0.36648118115963246}",410,0.3662290596963363,0.005,0.01,0.01
kin8nm,fixnoiseFCN,32,0.1,0.002,"{0: 0.43153748851507245, 10: 0.38239775224013284, 20: 0.37734257266739, 30: 0.3754406033164491, 40: 0.373775878628998, 50: 0.37270043435098954, 60: 0.37207191021856, 70: 0.3714069371308938, 80: 0.3710049076533057, 90: 0.37075120999402905, 100: 0.3702099920642775, 110: 0.3697401944879469, 120: 0.36959010494485833, 130: 0.3696043931560942, 140: 0.36932332674652896, 150: 0.36910142029512316, 160: 0.3689185184293164, 170: 0.36887715652010905, 180: 0.3686550448107152, 190: 0.3686294717513747, 200: 0.36827265912817786, 210: 0.3682876024897282, 220: 0.3679230117531551, 230: 0.3675575779862955, 240: 0.36731700843967185, 250: 0.3672781910061743, 260: 0.36722643658326604, 270: 0.367064844782558, 280: 0.3670146302828125, 290: 0.36661807061011487, 300: 0.36682997409330387, 310: 0.36667538568563607, 320: 0.3665328045873221, 330: 0.3666701330430592, 340: 0.3665189888223158, 350: 0.36649023419881643, 360: 0.36649734900549136, 370: 0.36658419458917246, 380: 0.3663320900973204, 390: 0.36645008337917584, 400: 0.3665405537347137, 410: 0.3662983231689608, 420: 0.36643936681464306, 430: 0.36646464719596084, 440: 0.36620723876519307, 450: 0.3663360950711722, 460: 0.36633476527521813, 470: 0.36621792784198276}",440,0.36620723876519307,0.01,0.01,0.01
kin8nm,fixnoiseFCN,32,0.1,0.002,"{0: 0.44074080755353673, 10: 0.38099613908610336, 20: 0.3778737917743874, 30: 0.37444976344683367, 40: 0.37307816797250243, 50: 0.37176709789886164, 60: 0.3706836263712024, 70: 0.3697915044550836, 80: 0.36902278294952545, 90: 0.36889311083242954, 100: 0.3684487018586885, 110: 0.3681361936776949, 120: 0.3680688922368843, 130: 0.3677198715573119, 140: 0.36782119131443436, 150: 0.36763129233112096, 160: 0.3672463573805376, 170: 0.36733776852112043, 180: 0.36715006232444214, 190: 0.3674163949421362, 200: 0.36740757566969584, 210: 0.3673263896819562}",180,0.36715006232444214,0.05,0.01,0.01
kin8nm,fixnoiseFCN,32,0.1,0.002,"{0: 0.4361997956130777, 10: 0.38171262640686826, 20: 0.3767591552410713, 30: 0.3741431064273013, 40: 0.3718320841232657, 50: 0.3717350413247167, 60: 0.3705219453454393, 70: 0.3700040492599943, 80: 0.36936637211398193, 90: 0.3686762718770515, 100: 0.36913209659711566, 110: 0.3686478472136777, 120: 0.36824286189691835, 130: 0.36901198221771314, 140: 0.36832008849483266, 150: 0.36780503247938545, 160: 0.3684952291852852, 170: 0.36770339646452477, 180: 0.36751902417670324, 190: 0.3676072330718761, 200: 0.36772634426057216, 210: 0.3674794328570211, 220: 0.3672104291914998, 230: 0.36809178055188235, 240: 0.36725420494871197, 250: 0.36793579331551307}",220,0.3672104291914998,0.1,0.01,0.01
kin8nm,fixnoiseFCN,32,0.01,0.0001,"{0: 0.699265671694719, 10: 0.2967308061338392, 20: 0.21047315718457602, 30: 0.17335433454733476, 40: 0.15399676241852917, 50: 0.141746014142492, 60: 0.13308080474063969, 70: 0.1264533593183535, 80: 0.12123843281435427, 90: 0.11721984217513419, 100: 0.11418206316145327, 110: 0.11184721669753976, 120: 0.10991175240615206, 130: 0.10836696322255893, 140: 0.10714327328767492, 150: 0.10615987903227261, 160: 0.1052977785784552, 170: 0.10455580660351604, 180: 0.10385734912691866, 190: 0.10325762698846427, 200: 0.1026862457611496, 210: 0.10222622994803665, 220: 0.10181333175861933, 230: 0.10148323241414821, 240: 0.1012065451554798, 250: 0.10094128370531448, 260: 0.10072852377365993, 270: 0.10050910059498763, 280: 0.10030998588965172, 290: 0.10010854587061355, 300: 0.09990786311200812, 310: 0.09972779640500842, 320: 0.0995641955324357, 330: 0.0994041803579478, 340: 0.099273973113592, 350: 0.0991549821942268, 360: 0.09906550382412409, 370: 0.09898619525689037, 380: 0.09886172830323947, 390: 0.09876421224944901, 400: 0.09866068487779303, 410: 0.09854031246544924, 420: 0.09845211665573812, 430: 0.0983697424366955, 440: 0.09828621290229925, 450: 0.09822790891459617, 460: 0.09815179977045477, 470: 0.09807231624662603, 480: 0.0979873703325666, 490: 0.09790284264364527, 500: 0.09783388476519309, 510: 0.09778037057705306, 520: 0.09770270745907338, 530: 0.09767564572007052, 540: 0.09760694518455847, 550: 0.09754629317870686, 560: 0.09747606123635957, 570: 0.09744114315934911, 580: 0.09738620090909837, 590: 0.09733145601203347, 600: 0.0972867288636369, 610: 0.09721921309670412, 620: 0.09716927475758881, 630: 0.097128777565116, 640: 0.09708120053156763, 650: 0.09704008213405615, 660: 0.09701555055374245, 670: 0.09697114920420546, 680: 0.09694324193499222, 690: 0.09688642450846716, 700: 0.09685377625292445, 710: 0.09680288911350976, 720: 0.09679385057419045, 730: 0.09673433111043091, 740: 0.09671767404790586, 750: 0.09666038515122277, 760: 0.09661659697619585, 770: 0.09653057708400344, 780: 0.09646050750857685, 790: 0.09642477187880612, 800: 0.09637563891977606, 810: 0.09634043509625183, 820: 0.0963126772483494, 830: 0.0962822558552178, 840: 0.09626989308534067, 850: 0.09626286138664318, 860: 0.09624138372725842, 870: 0.09620639340705223, 880: 0.09618644983760542, 890: 0.09617064003156817, 900: 0.09611319471280241, 910: 0.09608900634636605, 920: 0.09607858329194732, 930: 0.09605714465902312, 940: 0.09603567147660173, 950: 0.09601050834537109, 960: 0.09596643937094197, 970: 0.09594154857907752, 980: 0.09592253897519468, 990: 0.09590874793544038, 1000: 0.09588442670442504, 1010: 0.09585433033618215, 1020: 0.09584996236191193, 1030: 0.09582786448397713, 1040: 0.095824519398426, 1050: 0.09580534114128135, 1060: 0.09578652850939136, 1070: 0.09580132321373128, 1080: 0.09578422204070672, 1090: 0.09577485830671806, 1100: 0.09576239890173341, 1110: 0.09575406430120618, 1120: 0.09572365542648162, 1130: 0.0957046534976395, 1140: 0.09569250163042733, 1150: 0.09566585876097544, 1160: 0.09564324425311414, 1170: 0.09564522373166015, 1180: 0.09562125246841371, 1190: 0.09561404898504229, 1200: 0.0955925906418785, 1210: 0.09559354197265171, 1220: 0.0955704631152636, 1230: 0.09555395201258546, 1240: 0.09555115191101053, 1250: 0.09555166801090338, 1260: 0.095540291513613, 1270: 0.0955157483028606, 1280: 0.09553112317783673, 1290: 0.09551703024880454, 1300: 0.09552060376305284}",1270,0.0955157483028606,0.001,0.01,0.01
kin8nm,fixnoiseFCN,32,0.01,0.0001,"{0: 0.7052952761899928, 10: 0.295268839802784, 20: 0.20958578529546493, 30: 0.1739341635887525, 40: 0.15546961993907266, 50: 0.14345479296350933, 60: 0.13484896434803026, 70: 0.12797917817926385, 80: 0.12269723977788541, 90: 0.11867344748193236, 100: 0.11544337511182881, 110: 0.11284765076523537, 120: 0.11078472100451667, 130: 0.1091266950943913, 140: 0.10783723827705279, 150: 0.10667838033210737, 160: 0.10571626315364835, 170: 0.10492400742417869, 180: 0.10423368433078424, 190: 0.10367893665324095, 200: 0.10320569873976629, 210: 0.10274373768137793, 220: 0.10236114457859861, 230: 0.1020754308214478, 240: 0.10179799424597806, 250: 0.10153642164197543, 260: 0.10121883235746028, 270: 0.10093196478315325, 280: 0.10066535413235903, 290: 0.10044097115779035, 300: 0.10016749611207354, 310: 0.09998877071614172, 320: 0.09977260662651315, 330: 0.0995857693970857, 340: 0.09946821872697698, 350: 0.09928049083972068, 360: 0.09915438611130292, 370: 0.09902837301828918, 380: 0.09892081159864893, 390: 0.09872503598138907, 400: 0.09866692307011657, 410: 0.09863902902768663, 420: 0.0984917791373606, 430: 0.09840870695352574, 440: 0.09836476609449477, 450: 0.09828267785362407, 460: 0.09817735350504525, 470: 0.09808913927700916, 480: 0.09797966047138487, 490: 0.09793500442618677, 500: 0.09787081160879658, 510: 0.09776279230010514, 520: 0.09767916929638643, 530: 0.09757985181315151, 540: 0.09750760850080761, 550: 0.09746393513370896, 560: 0.09735875592887293, 570: 0.09735465128738782, 580: 0.09727979736860698, 590: 0.0971895859117911, 600: 0.09710307561747548, 610: 0.09704238692993858, 620: 0.0969829762517445, 630: 0.09694777579956451, 640: 0.09690694805727432, 650: 0.0968246974702129, 660: 0.09682701857912247, 670: 0.09674877752183791, 680: 0.09671627491737038, 690: 0.09665244189131064, 700: 0.09667161880762583, 710: 0.09657284967781121, 720: 0.09654423280761451, 730: 0.0965057978542447, 740: 0.09644590952337136, 750: 0.09640540178005111, 760: 0.09637741765415357, 770: 0.09631708914443451, 780: 0.09625680377149863, 790: 0.09624550281710262, 800: 0.09620125134564024, 810: 0.09615745662780958, 820: 0.09610374024805785, 830: 0.0960746502958622, 840: 0.09601757921482332, 850: 0.09598107708462615, 860: 0.09591525307227132, 870: 0.09588565747584524, 880: 0.09580603177707721, 890: 0.09580786326669491, 900: 0.09578998656274687, 910: 0.09577834750213739, 920: 0.09573096617814308, 930: 0.09577423671121293, 940: 0.09575141300674953, 950: 0.09570096718818386, 960: 0.09569523886540696, 970: 0.09568113979502545, 980: 0.09566988024605422, 990: 0.0956508754638325, 1000: 0.09564795238995302, 1010: 0.09564560289509015, 1020: 0.0956795702140791, 1030: 0.09567621128145595, 1040: 0.09565119721373332}",1010,0.09564560289509015,0.005,0.01,0.01
kin8nm,fixnoiseFCN,32,0.01,0.0001,"{0: 0.6903222007740456, 10: 0.30787876870560665, 20: 0.21460684029944357, 30: 0.17360998438710223, 40: 0.153071112723357, 50: 0.1406109623014696, 60: 0.13191800842649723, 70: 0.1254778817507857, 80: 0.12059366125546271, 90: 0.11667177874314653, 100: 0.1135500075367355, 110: 0.1110288175612905, 120: 0.10888290868339552, 130: 0.10700114400665388, 140: 0.10543895671211448, 150: 0.10427439638297542, 160: 0.1032714007537086, 170: 0.10248516456407375, 180: 0.10175633659102346, 190: 0.10111945413070433, 200: 0.10076075850126605, 210: 0.10030588196768704, 220: 0.09994790863610509, 230: 0.09966034781519065, 240: 0.09937903658687086, 250: 0.09918308817822521, 260: 0.09888216829005583, 270: 0.09870972554619695, 280: 0.0984355891579112, 290: 0.09824959172558252, 300: 0.09812374802429706, 310: 0.09792856467296421, 320: 0.09778450593679336, 330: 0.0976064620028032, 340: 0.09750428957893156, 350: 0.09732087644554084, 360: 0.09724912463805692, 370: 0.09703785000430698, 380: 0.09694912957169101, 390: 0.09684827119512002, 400: 0.09673312495248118, 410: 0.09680025786438724, 420: 0.09673149485760174, 430: 0.09662612410318483, 440: 0.09661018370500589, 450: 0.09640173290886285, 460: 0.09638116325754395, 470: 0.09636366261958931, 480: 0.09630504434795124, 490: 0.09627473683900799, 500: 0.09623984737539396, 510: 0.09622077438794903, 520: 0.09628895837844309, 530: 0.0960779775743639, 540: 0.09611572163644178, 550: 0.09610814688353964, 560: 0.09598137424106283, 570: 0.09604503541976767, 580: 0.09603921484846487, 590: 0.09597212611292752, 600: 0.09599932947290439, 610: 0.09589587573451294, 620: 0.09591793442782964, 630: 0.09586282925815928, 640: 0.09592457802959675, 650: 0.09583821024951097, 660: 0.09579711795486076, 670: 0.09578732346371005, 680: 0.09577088250104346, 690: 0.09569735005382968, 700: 0.09573245846737083, 710: 0.09560330401059333, 720: 0.09564249340061193, 730: 0.09561363103840177, 740: 0.09559626100191439, 750: 0.0955229574119993, 760: 0.0954942815015523, 770: 0.09555956491324848, 780: 0.09556784586515996, 790: 0.09555577735928164}",760,0.0954942815015523,0.01,0.01,0.01
kin8nm,fixnoiseFCN,32,0.01,0.0001,"{0: 0.6958809323269579, 10: 0.3037646859016296, 20: 0.21366313948265542, 30: 0.1781212648863205, 40: 0.16027555024113485, 50: 0.14880577951172183, 60: 0.14072231759784706, 70: 0.13411617540482687, 80: 0.1288247554147242, 90: 0.12466043756673062, 100: 0.12117660258192542, 110: 0.11852234492183919, 120: 0.1160972226853308, 130: 0.11378030638166925, 140: 0.11216795900214296, 150: 0.11055837178844272, 160: 0.10908715782302317, 170: 0.10798491802831596, 180: 0.10697440907491788, 190: 0.10589446591421874, 200: 0.10557422257938107, 210: 0.10513512236921707, 220: 0.10411221484382778, 230: 0.10372991983572874, 240: 0.10328799476520478, 250: 0.10296823746027353, 260: 0.10265961225879212, 270: 0.10197247601302954, 280: 0.10189912625222301, 290: 0.10184764364987808, 300: 0.10122974779370024, 310: 0.10093398655191851, 320: 0.10088533351642415, 330: 0.10073271084724497, 340: 0.10047237243624216, 350: 0.10043093993611785, 360: 0.10022133360603161, 370: 0.10001911055503702, 380: 0.10003350959237452, 390: 0.0997086673162694, 400: 0.09963069121703345, 410: 0.0993661426405419, 420: 0.09931810285541649, 430: 0.09940103077053841, 440: 0.09929240332576378, 450: 0.09892085365228695, 460: 0.099016837174736, 470: 0.0989005322602431, 480: 0.09891338889336718, 490: 0.09844260715002362, 500: 0.09856671218187223, 510: 0.09852989842467083, 520: 0.09828300250165463, 530: 0.09839993531501884, 540: 0.09818572747092791, 550: 0.09833795934767695, 560: 0.09851979112275075, 570: 0.09830367457794237}",540,0.09818572747092791,0.05,0.01,0.01
kin8nm,fixnoiseFCN,32,0.01,0.0001,"{0: 0.7003378115091191, 10: 0.31421303083776403, 20: 0.21946138150465733, 30: 0.17884526483792193, 40: 0.1590111265222421, 50: 0.14644437677713656, 60: 0.13723650189847195, 70: 0.12960901008685602, 80: 0.12440375327889738, 90: 0.1197423187917134, 100: 0.11657670547246743, 110: 0.11420384829332826, 120: 0.11183708157889713, 130: 0.11000115873287261, 140: 0.10856206369114844, 150: 0.10735135150038452, 160: 0.10599094915117295, 170: 0.10543257624969789, 180: 0.1044273748814738, 190: 0.10412792272595195, 200: 0.10355942320010263, 210: 0.10335775122466502, 220: 0.10280992393849639, 230: 0.10275010932464908, 240: 0.1022263995307493, 250: 0.10129762726840033, 260: 0.10125629310120192, 270: 0.10155836654538124, 280: 0.10137810898288149, 290: 0.10080930094669519, 300: 0.10039133665317568, 310: 0.10021914195035968, 320: 0.0999763227093042, 330: 0.09987002245168927, 340: 0.09985911015304952, 350: 0.09976613931197215, 360: 0.09980230787458157, 370: 0.0999257732512254, 380: 0.09966033999132311, 390: 0.09979743738021343, 400: 0.09914829900733294, 410: 0.09939799773792414, 420: 0.09918267601800837, 430: 0.09905476163013023, 440: 0.09923743581780667, 450: 0.09889375627878669, 460: 0.09929911923935278, 470: 0.09872054492065721, 480: 0.09866166629683934, 490: 0.09868179442086851, 500: 0.09891410939308878, 510: 0.09872199135202707}",480,0.09866166629683934,0.1,0.01,0.01
kin8nm,fixnoiseFCN,32,0.01,0.0005,"{0: 0.429594572229811, 10: 0.15036977579409563, 20: 0.1236276903929175, 30: 0.11395961012549594, 40: 0.10959290930638269, 50: 0.10772299310403839, 60: 0.10672616171419061, 70: 0.10614956975600638, 80: 0.10570992098871448, 90: 0.10528796595059198, 100: 0.10461710730756886, 110: 0.10429020237399231, 120: 0.10393435418716171, 130: 0.10371327468951849, 140: 0.10356232420194908, 150: 0.10341617531963002, 160: 0.10334890009043227, 170: 0.1032324942632118, 180: 0.10313555780648156, 190: 0.10305432028926305, 200: 0.1029137759158206, 210: 0.10288408665155477, 220: 0.10278172561684507, 230: 0.10281178900881416, 240: 0.10280238438480745, 250: 0.10272653503094502, 260: 0.10268354293474817, 270: 0.10258742985636778, 280: 0.10237210513177797, 290: 0.10238354859977217, 300: 0.10222014061739808, 310: 0.10219773917690597, 320: 0.10210076248616769, 330: 0.1020597788889901, 340: 0.10196180098482784, 350: 0.10188083795766542, 360: 0.10196343516123599, 370: 0.10187879849074637, 380: 0.10185214443782206, 390: 0.10177274616968637, 400: 0.10172649489148891, 410: 0.10169857031259273, 420: 0.10166064554607027, 430: 0.10165376866484381, 440: 0.10157095532953722, 450: 0.10167769770772919, 460: 0.10160897336409185, 470: 0.10153942624779251, 480: 0.10159185578827623, 490: 0.10158031101045217, 500: 0.10148374134794828, 510: 0.10150074115076302, 520: 0.10152055219314964, 530: 0.10154776213306756}",500,0.10148374134794828,0.001,0.01,0.01
kin8nm,fixnoiseFCN,32,0.01,0.0005,"{0: 0.45254141560037625, 10: 0.15109600316744076, 20: 0.1233329339638243, 30: 0.11425716981942943, 40: 0.1103472423892407, 50: 0.10856455438836528, 60: 0.10743463926070429, 70: 0.10659634578390491, 80: 0.10584897161632703, 90: 0.1052814737975963, 100: 0.10463392247722136, 110: 0.10434768615958064, 120: 0.1042820837405622, 130: 0.10400918018524216, 140: 0.10379978980094176, 150: 0.10369067206799454, 160: 0.10354557819400148, 170: 0.10345616792953968, 180: 0.10333519337765247, 190: 0.10319460512415006, 200: 0.10315867026610492, 210: 0.10313403487708746, 220: 0.10324090498723042, 230: 0.10318487897251791, 240: 0.10319915034033549}",210,0.10313403487708746,0.005,0.01,0.01
kin8nm,fixnoiseFCN,32,0.01,0.0005,"{0: 0.4513478628592432, 10: 0.1534537645623072, 20: 0.1260290562647236, 30: 0.11543737954618631, 40: 0.11078073122871952, 50: 0.10839639608037903, 60: 0.10736199410689898, 70: 0.1065151375132197, 80: 0.10587781224353363, 90: 0.10546794480752042, 100: 0.1050036000237369, 110: 0.104836323321667, 120: 0.10460665431052651, 130: 0.10443154289557297, 140: 0.10403905290499775, 150: 0.10384714925932119, 160: 0.10398429494023023, 170: 0.10365352095384155, 180: 0.10371475736307785, 190: 0.10361326963040003, 200: 0.10369835108772822, 210: 0.10351129122264054, 220: 0.10330143305151354, 230: 0.10347444148713766, 240: 0.10325712196120637, 250: 0.10335567727088638, 260: 0.10339007646986031, 270: 0.10311611998184007, 280: 0.10328522303259799, 290: 0.10303331073116666, 300: 0.10290381732358307, 310: 0.10278972545441886, 320: 0.10288334307431343, 330: 0.10271140657429745, 340: 0.1026333626298935, 350: 0.10272343485103697, 360: 0.10249763336353943, 370: 0.10253997788963853, 380: 0.1025938554271357, 390: 0.10252666570090518}",360,0.10249763336353943,0.01,0.01,0.01
kin8nm,fixnoiseFCN,32,0.01,0.0005,"{0: 0.4423867923328431, 10: 0.15220474313681875, 20: 0.12508412162006657, 30: 0.11692291026888399, 40: 0.11185106963126605, 50: 0.11060741218998082, 60: 0.10870928400024227, 70: 0.1072817274557553, 80: 0.10694540833544094, 90: 0.10616661555835458, 100: 0.105752082402498, 110: 0.10437240188987788, 120: 0.10431083127473706, 130: 0.1040137768740145, 140: 0.1041520782660901, 150: 0.1031957505697969, 160: 0.10332907438538322, 170: 0.10364986387508628, 180: 0.10329408977019923}",150,0.1031957505697969,0.05,0.01,0.01
kin8nm,fixnoiseFCN,32,0.01,0.0005,"{0: 0.43657610679329284, 10: 0.15429336803862675, 20: 0.12736815269811325, 30: 0.11997003763166539, 40: 0.1119236158904268, 50: 0.10949335918025083, 60: 0.10842084347348675, 70: 0.10651817295018229, 80: 0.10705286329043746, 90: 0.10476955666590002, 100: 0.10544888397348343, 110: 0.10296498852810894, 120: 0.10401419537674084, 130: 0.10406733797335885, 140: 0.10294256744695955, 150: 0.10266401317630285, 160: 0.1025604471127343, 170: 0.10382138554276026, 180: 0.10186982059077246, 190: 0.101567503376557, 200: 0.10272378486093217, 210: 0.10263877741612312, 220: 0.10255281300515995}",190,0.101567503376557,0.1,0.01,0.01
kin8nm,fixnoiseFCN,32,0.01,0.001,"{0: 0.3476407759667204, 10: 0.13521300630229693, 20: 0.11921580564922567, 30: 0.1147141661623023, 40: 0.11210852989871394, 50: 0.11044269804998334, 60: 0.10912771375705672, 70: 0.10797846145955976, 80: 0.1074104318338814, 90: 0.10685774712937672, 100: 0.1067599265738743, 110: 0.10622241051039549, 120: 0.10553501441820987, 130: 0.10517085406207431, 140: 0.10521826862777658, 150: 0.10470834586792488, 160: 0.1044068066545168, 170: 0.10451812027257346, 180: 0.10451419612864796, 190: 0.10436642270390876, 200: 0.10404661762912626, 210: 0.104173477360746, 220: 0.10402356507010072, 230: 0.10375072677563872, 240: 0.10380841654325423, 250: 0.1037637300225859, 260: 0.10384023328737232}",230,0.10375072677563872,0.001,0.01,0.01
kin8nm,fixnoiseFCN,32,0.01,0.001,"{0: 0.3448630537394898, 10: 0.13096163551777423, 20: 0.11702054388210255, 30: 0.11246777930376754, 40: 0.11007404794159233, 50: 0.10889823041564801, 60: 0.10815596328051635, 70: 0.1076081448173855, 80: 0.10712956116998547, 90: 0.10668483178831831, 100: 0.10621327666404361, 110: 0.1060150320699956, 120: 0.10570141856781168, 130: 0.10525086616713333, 140: 0.10507096719202244, 150: 0.10500318775950232, 160: 0.10497360095270243, 170: 0.10484461553942588, 180: 0.10455568353952309, 190: 0.10493793637215518, 200: 0.10500472938779962, 210: 0.10496901861375156}",180,0.10455568353952309,0.005,0.01,0.01
kin8nm,fixnoiseFCN,32,0.01,0.001,"{0: 0.3413321832306876, 10: 0.13183734842300318, 20: 0.1167680515809106, 30: 0.11237190786472931, 40: 0.11043307662349273, 50: 0.10942501854085047, 60: 0.10792723969008138, 70: 0.10691474576752605, 80: 0.10655318908876707, 90: 0.10613022598976651, 100: 0.10582858472985641, 110: 0.10552949825742178, 120: 0.10553464984213526, 130: 0.10526756694219015, 140: 0.10550167244304473, 150: 0.1049724455825756, 160: 0.10487846709745807, 170: 0.10481184337549543, 180: 0.10447403546475582, 190: 0.10466922386199473, 200: 0.10440285523094257, 210: 0.1044699240204348, 220: 0.10402405512086085, 230: 0.10445186574635168, 240: 0.10450394257467277, 250: 0.10456512243969371}",220,0.10402405512086085,0.01,0.01,0.01
kin8nm,fixnoiseFCN,32,0.01,0.001,"{0: 0.35672830063767763, 10: 0.13422909738806946, 20: 0.1176475516887884, 30: 0.11350245714558631, 40: 0.11062382080607285, 50: 0.11004009001238521, 60: 0.10813696919485052, 70: 0.10777564147114527, 80: 0.10775606912251741, 90: 0.1073136480019639, 100: 0.1073772334582604, 110: 0.10660028474244838, 120: 0.10617349791019634, 130: 0.10655691680049795, 140: 0.10623263905099192, 150: 0.10537301016785672, 160: 0.10603344977735477, 170: 0.10521205167986647, 180: 0.10514765513779789, 190: 0.10615522270247484, 200: 0.10629201769979249, 210: 0.1053258931683386}",180,0.10514765513779789,0.05,0.01,0.01
kin8nm,fixnoiseFCN,32,0.01,0.001,"{0: 0.3741374076957242, 10: 0.1382202437504357, 20: 0.12165346346795776, 30: 0.11695006486854027, 40: 0.1136270094067777, 50: 0.11187929732749373, 60: 0.11077646914473963, 70: 0.10998649048479417, 80: 0.10951528326493294, 90: 0.10892021779192447, 100: 0.1081981884443951, 110: 0.10841843206632551, 120: 0.11024752397094513, 130: 0.10751631296026465, 140: 0.10738288982662603, 150: 0.10679679056279365, 160: 0.1090262559746205, 170: 0.10789623130504175, 180: 0.10795859567116362}",150,0.10679679056279365,0.1,0.01,0.01
kin8nm,fixnoiseFCN,32,0.01,0.002,"{0: 0.29345110883350634, 10: 0.1367928348346414, 20: 0.12611876650736709, 30: 0.12282737302133646, 40: 0.11960488114300612, 50: 0.11809993780187462, 60: 0.11708261449971913, 70: 0.11609797310578514, 80: 0.11592545911038861, 90: 0.11539994251819441, 100: 0.11482695104111651, 110: 0.11398687374542824, 120: 0.113585533004352, 130: 0.1134748649574071, 140: 0.11294970543428517, 150: 0.11301316567974251, 160: 0.11272808074503464, 170: 0.1118760935432281, 180: 0.11228848984535988, 190: 0.11137381735057077, 200: 0.11161978514715143, 210: 0.11149829515958584, 220: 0.11132595941527708, 230: 0.11095592267019956, 240: 0.11131279381294376, 250: 0.11082529104830592, 260: 0.11074002382417465, 270: 0.11082377331796034, 280: 0.11060937447040675, 290: 0.1106917433393563, 300: 0.11072961553439711, 310: 0.11057958022677705, 320: 0.11043206271602443, 330: 0.11054730087797382, 340: 0.11052446785407444, 350: 0.11056402825321329}",320,0.11043206271602443,0.001,0.01,0.01
kin8nm,fixnoiseFCN,32,0.01,0.002,"{0: 0.2789599966954176, 10: 0.13154853422237384, 20: 0.12067595405498607, 30: 0.11663284248955914, 40: 0.11484994799784572, 50: 0.11354542643844005, 60: 0.1122381761875191, 70: 0.11187584884719441, 80: 0.11106364890603242, 90: 0.11090706460599101, 100: 0.11125199578030409, 110: 0.11055340796368593, 120: 0.11089134814674972, 130: 0.11036673865479592, 140: 0.1102430229520857, 150: 0.11022663557741019, 160: 0.11008411067647077, 170: 0.10988421012581329, 180: 0.11006980956880874, 190: 0.10940016633540935, 200: 0.10990726340894567, 210: 0.10928250098743875, 220: 0.10948386683036353, 230: 0.10929893168138571, 240: 0.10946897596617826}",210,0.10928250098743875,0.005,0.01,0.01
kin8nm,fixnoiseFCN,32,0.01,0.002,"{0: 0.2904520120739166, 10: 0.13454831208286439, 20: 0.12260060263240662, 30: 0.11731011519533563, 40: 0.11558952996878284, 50: 0.1149175516515879, 60: 0.11401916559485506, 70: 0.11285525081980789, 80: 0.112570782697296, 90: 0.1123264572661411, 100: 0.1116087722518597, 110: 0.11152117424961108, 120: 0.11185627045874824, 130: 0.11126438386845325, 140: 0.11136004247900458, 150: 0.1118045674365556, 160: 0.11164103312368985}",130,0.11126438386845325,0.01,0.01,0.01
kin8nm,fixnoiseFCN,32,0.01,0.002,"{0: 0.2840806281114121, 10: 0.1363510232255505, 20: 0.12491697428756483, 30: 0.11869528621518113, 40: 0.11724286248239364, 50: 0.11494406921902767, 60: 0.11580630972955859, 70: 0.11425829293100338, 80: 0.11316272377064433, 90: 0.11383431919606571, 100: 0.11395531977889961, 110: 0.11324486176300783}",80,0.11316272377064433,0.05,0.01,0.01
kin8nm,fixnoiseFCN,32,0.01,0.002,"{0: 0.28880358998897204, 10: 0.13826930609234916, 20: 0.1254828987254555, 30: 0.1187871993810254, 40: 0.11816535866044968, 50: 0.11617567333392675, 60: 0.1149793129434801, 70: 0.11468991088583187, 80: 0.11795942894280129, 90: 0.1151675705641874, 100: 0.11292510248924847, 110: 0.11460019164787119, 120: 0.11520255022423227, 130: 0.11221686533479958, 140: 0.11295703971969573, 150: 0.11344398095506994, 160: 0.11432873096367487}",130,0.11221686533479958,0.1,0.01,0.01
kin8nm,fixnoiseFCN,32,0.001,0.0001,"{0: 0.6824281493893049, 10: 0.285451131676254, 20: 0.19247096885217277, 30: 0.15553231268326922, 40: 0.13491329686436412, 50: 0.12110755335451968, 60: 0.11160767839328829, 70: 0.1047415465169931, 80: 0.09967221267948918, 90: 0.09594257343220489, 100: 0.09309646233083249, 110: 0.0908168313021645, 120: 0.08906497483168525, 130: 0.08763906425209682, 140: 0.08653190621271327, 150: 0.08552003379983655, 160: 0.08475931411866323, 170: 0.08398293022166894, 180: 0.08331952872340465, 190: 0.08277820523706557, 200: 0.08225694272892131, 210: 0.08179623109380871, 220: 0.08137788451608449, 230: 0.08107334324097966, 240: 0.08069913670631747, 250: 0.08032607681647334, 260: 0.08005888847245803, 270: 0.07979644521980908, 280: 0.07954258113055021, 290: 0.07927252805478166, 300: 0.07899905391297717, 310: 0.07879489437618589, 320: 0.07863367826169083, 330: 0.07841743075990823, 340: 0.07819754583458165, 350: 0.07802482630424395, 360: 0.07786478553507577, 370: 0.07773574965365615, 380: 0.07753874108884655, 390: 0.07741814529533417, 400: 0.0773050684578737, 410: 0.07721326072936144, 420: 0.07714114749985727, 430: 0.07706946898354135, 440: 0.07703714335554965, 450: 0.07698543135497984, 460: 0.07692796425332651, 470: 0.0768593078972564, 480: 0.07675331951043882, 490: 0.07672008587350843, 500: 0.07664815470846212, 510: 0.07658981196853763, 520: 0.07653908752194456, 530: 0.07650353645751509, 540: 0.07639937873601353, 550: 0.07633452788331554, 560: 0.0762601270464129, 570: 0.07623208752722795, 580: 0.07614533793269182, 590: 0.07613982608862369, 600: 0.07604281116489012, 610: 0.07601433351449996, 620: 0.07595901069465202, 630: 0.07590267838703754, 640: 0.07589532660127382, 650: 0.07581875403816354, 660: 0.07580299746799944, 670: 0.0757743217954577, 680: 0.07573386978617307, 690: 0.07567873446789475, 700: 0.07568292031566469, 710: 0.07566130127759804, 720: 0.07561788283409299, 730: 0.07562507312034097, 740: 0.0756328052386955, 750: 0.07559623298973042, 760: 0.07558175510784769, 770: 0.07551440559777091, 780: 0.0755424344026252, 790: 0.07552685810951192, 800: 0.0755191636680755}",770,0.07551440559777091,0.001,0.01,0.01
kin8nm,fixnoiseFCN,32,0.001,0.0001,"{0: 0.6847316527953519, 10: 0.2934344545823335, 20: 0.2002772725794609, 30: 0.16166244795580825, 40: 0.14023864425500268, 50: 0.12606071158743035, 60: 0.11625205942947739, 70: 0.10893404426540299, 80: 0.1035085424211509, 90: 0.09956317029333459, 100: 0.09631334999775587, 110: 0.09381904273976392, 120: 0.09180932405693897, 130: 0.09004538691538208, 140: 0.088616730277575, 150: 0.08757643576607407, 160: 0.08651682788059384, 170: 0.08561973899583715, 180: 0.0848180540320017, 190: 0.08410913695171982, 200: 0.08361761099673856, 210: 0.08295440541653408, 220: 0.08247168155713487, 230: 0.0820830390830313, 240: 0.08156913966171878, 250: 0.08136998282392117, 260: 0.0809934192754991, 270: 0.08058087389093929, 280: 0.08025911445608315, 290: 0.08010825078397202, 300: 0.0796823539658682, 310: 0.0797351620945895, 320: 0.07961892728475649, 330: 0.07910870463909346, 340: 0.07918984654795305, 350: 0.0789278341795383, 360: 0.0788289752580053, 370: 0.07869835742170783, 380: 0.07843307893141511, 390: 0.07847279238154835, 400: 0.07820433796152401, 410: 0.07814963531317157, 420: 0.07799752330255064, 430: 0.07799006511641896, 440: 0.07801268489316274, 450: 0.07772018765607612, 460: 0.07776539600362413, 470: 0.07751631966155477, 480: 0.07770644500508647, 490: 0.07768725916736685, 500: 0.07752535994666154}",470,0.07751631966155477,0.005,0.01,0.01
kin8nm,fixnoiseFCN,32,0.001,0.0001,"{0: 0.6981941320470846, 10: 0.28826676175740384, 20: 0.19322016237988682, 30: 0.15370429050535525, 40: 0.13175064879548665, 50: 0.11738357956135721, 60: 0.10746762000746424, 70: 0.10065185646105188, 80: 0.09596914190082816, 90: 0.09248861100872181, 100: 0.08968957779477829, 110: 0.08796349608144553, 120: 0.08643703634240119, 130: 0.08503215343711902, 140: 0.08400391452751647, 150: 0.08277651832869463, 160: 0.08228456885008158, 170: 0.08180398519615026, 180: 0.08142461126525875, 190: 0.08083889656008474, 200: 0.08037028443948001, 210: 0.07982206904825455, 220: 0.07979575794124162, 230: 0.07893103316006246, 240: 0.0789334127716774, 250: 0.07879996260394717, 260: 0.07814148271616952, 270: 0.07816970372414878, 280: 0.0776653764247162, 290: 0.07761965685839585, 300: 0.07759580238970917, 310: 0.07697472814381226, 320: 0.07722360509036275, 330: 0.07681416152959777, 340: 0.0765806587466173, 350: 0.07669640121387995, 360: 0.0764753757371546, 370: 0.0759525438219625, 380: 0.0764018190422, 390: 0.076085810590564, 400: 0.07585584191317009, 410: 0.07552076067511918, 420: 0.07610205886369671, 430: 0.07584085464914922, 440: 0.07575083673314251}",410,0.07552076067511918,0.01,0.01,0.01
kin8nm,fixnoiseFCN,32,0.001,0.0001,"{0: 0.6788696914078288, 10: 0.28415658917433295, 20: 0.191153243249535, 30: 0.15306553551419794, 40: 0.13282028205202326, 50: 0.11979847933266123, 60: 0.110004758897945, 70: 0.10308332680868401, 80: 0.09856941805757455, 90: 0.09484456442209957, 100: 0.09214850371036203, 110: 0.09003097570515958, 120: 0.08801029989143769, 130: 0.0868260642534745, 140: 0.08504832882290772, 150: 0.08386121147060142, 160: 0.08298898688342793, 170: 0.08186543984153712, 180: 0.08226583988497406, 190: 0.08060797497210434, 200: 0.08073844663377, 210: 0.07881085101929684, 220: 0.07945555207686525, 230: 0.08001765934571496, 240: 0.07921005027675412}",210,0.07881085101929684,0.05,0.01,0.01
kin8nm,fixnoiseFCN,32,0.001,0.0001,"{0: 0.6914584127678773, 10: 0.290696771158208, 20: 0.1914477229194666, 30: 0.15479657468603034, 40: 0.1347040704499267, 50: 0.12075983209929275, 60: 0.111365434073566, 70: 0.10394768046572596, 80: 0.10009792447481462, 90: 0.09475059589460638, 100: 0.09114930658057016, 110: 0.09021686487940907, 120: 0.08633051787383408, 130: 0.08644276536714937, 140: 0.08403804995144344, 150: 0.0825102377876771, 160: 0.08283998010475627, 170: 0.08257215845192065, 180: 0.0806913186582388, 190: 0.07889897350669126, 200: 0.07857898164002043, 210: 0.0788738313450553, 220: 0.07723660027280921, 230: 0.07677296996340147, 240: 0.07605923379524918, 250: 0.07702268514665556, 260: 0.07555766705542354, 270: 0.07520955902959546, 280: 0.07464079898793999, 290: 0.0750168827188163, 300: 0.07478647805187914, 310: 0.07391350909832771, 320: 0.07332594292772254, 330: 0.07273226066228716, 340: 0.07402209603799952, 350: 0.072644251969397, 360: 0.07271760060904822, 370: 0.07219528254347327, 380: 0.07216909243437424, 390: 0.07241890170421658, 400: 0.0733539247183838, 410: 0.07156538496700973, 420: 0.07187322329584486, 430: 0.07386325771866942, 440: 0.07219830860155177}",410,0.07156538496700973,0.1,0.01,0.01
kin8nm,fixnoiseFCN,32,0.001,0.0005,"{0: 0.4257623109566212, 10: 0.12796624913930116, 20: 0.09939287004405974, 30: 0.09073016537370979, 40: 0.08676165491934631, 50: 0.08458214476049519, 60: 0.08298821946726828, 70: 0.08187486958957436, 80: 0.08120742049265713, 90: 0.08038820911972347, 100: 0.07996199929229393, 110: 0.07957075002836334, 120: 0.07926116868986233, 130: 0.07900007006705875, 140: 0.07878333902329734, 150: 0.07869304672161666, 160: 0.07858801638680632, 170: 0.07858844189003122, 180: 0.07884534502028759, 190: 0.07874850083000202}",160,0.07858801638680632,0.001,0.01,0.01
kin8nm,fixnoiseFCN,32,0.001,0.0005,"{0: 0.4377923030845664, 10: 0.12599399216569196, 20: 0.09694633795637429, 30: 0.08843613211883793, 40: 0.08504904141968823, 50: 0.08293147621874031, 60: 0.08137494683340998, 70: 0.08042569911187343, 80: 0.07978537916237911, 90: 0.07928969614213861, 100: 0.07916074539404605, 110: 0.07862162348255751, 120: 0.07830302536164725, 130: 0.07849275684950997, 140: 0.0784118857440311, 150: 0.078061313633021, 160: 0.0777718933256953, 170: 0.07765175886329381, 180: 0.07761862342637617, 190: 0.07718440317781142, 200: 0.07739414871478918, 210: 0.07731114897802424, 220: 0.07738477721118649}",190,0.07718440317781142,0.005,0.01,0.01
kin8nm,fixnoiseFCN,32,0.001,0.0005,"{0: 0.430702838906576, 10: 0.12330184342086833, 20: 0.09572972474219898, 30: 0.0883359150192767, 40: 0.08482065258854779, 50: 0.08252386017685931, 60: 0.08149862082769098, 70: 0.08151101815259139, 80: 0.08047170370026233, 90: 0.07968822755500465, 100: 0.07927770920596078, 110: 0.07900004469251853, 120: 0.07870286713020334, 130: 0.07796180589995998, 140: 0.07846988426123806, 150: 0.07799309944579719, 160: 0.0781910130387519}",130,0.07796180589995998,0.01,0.01,0.01
kin8nm,fixnoiseFCN,32,0.001,0.0005,"{0: 0.44544671643240574, 10: 0.12741888005152988, 20: 0.1008182649661404, 30: 0.09007832500068871, 40: 0.08750110205951059, 50: 0.08338633819372232, 60: 0.08349923243225928, 70: 0.08401037518644235, 80: 0.07999002908230932, 90: 0.0799304383117652, 100: 0.07931732232943142, 110: 0.07791177738536678, 120: 0.08067564490729369, 130: 0.08035258840877313, 140: 0.08126891709802493}",110,0.07791177738536678,0.05,0.01,0.01
kin8nm,fixnoiseFCN,32,0.001,0.0005,"{0: 0.41647685442958926, 10: 0.13004914272442236, 20: 0.09942009563821141, 30: 0.08912956709193934, 40: 0.0856367377926975, 50: 0.08454446525437398, 60: 0.08186975452495274, 70: 0.07905120037667929, 80: 0.07893791115742052, 90: 0.07698911572057497, 100: 0.08083282882924941, 110: 0.07901647293018814, 120: 0.0806764341970367}",90,0.07698911572057497,0.1,0.01,0.01
kin8nm,fixnoiseFCN,32,0.001,0.001,"{0: 0.33923313881525596, 10: 0.103585091268206, 20: 0.09335471923241714, 30: 0.08930711934802826, 40: 0.08684465074027478, 50: 0.08456647933491154, 60: 0.08346193123469113, 70: 0.08251937021255812, 80: 0.08149446700639232, 90: 0.08074703745217415, 100: 0.08053331076891998, 110: 0.08011007446256607, 120: 0.07994309907693123, 130: 0.0792573639898945, 140: 0.07921165662646171, 150: 0.07862953447749355, 160: 0.07839257724013057, 170: 0.07773108111395581, 180: 0.07739483445919759, 190: 0.07778700699495789, 200: 0.07732793868270019, 210: 0.07744563720725446, 220: 0.07723304747419701, 230: 0.07683228942760544, 240: 0.07653951700246961, 250: 0.07658579209022398, 260: 0.07646559746570454, 270: 0.07640829870644245, 280: 0.07639087406431881, 290: 0.07654601238280341, 300: 0.07674902228031659, 310: 0.07704877609452884}",280,0.07639087406431881,0.001,0.01,0.01
kin8nm,fixnoiseFCN,32,0.001,0.001,"{0: 0.32502670041820303, 10: 0.10451250294108887, 20: 0.09313912440827901, 30: 0.08956730083543882, 40: 0.08828990455035242, 50: 0.08658398901065952, 60: 0.08590670081485088, 70: 0.08559689138576762, 80: 0.08414828871030353, 90: 0.08336587165705064, 100: 0.08322261151800535, 110: 0.08242344107250946, 120: 0.08119977380266988, 130: 0.08070584211849269, 140: 0.08052025568744792, 150: 0.08035373749838083, 160: 0.0799661613629034, 170: 0.08003242064567063, 180: 0.08031555384863612, 190: 0.0792578259611694, 200: 0.07958404667930022, 210: 0.0794197034052099, 220: 0.07964495635443714}",190,0.0792578259611694,0.005,0.01,0.01
kin8nm,fixnoiseFCN,32,0.001,0.001,"{0: 0.3447856167132669, 10: 0.10696897552161189, 20: 0.09504853409137873, 30: 0.09007143119124997, 40: 0.08772189174847905, 50: 0.08516420185811494, 60: 0.08411211274349305, 70: 0.08294313129931583, 80: 0.0823905491968975, 90: 0.08144912794866535, 100: 0.08078240867557107, 110: 0.08069367463744816, 120: 0.08041011640570699, 130: 0.08027277732309179, 140: 0.07908938104624037, 150: 0.07977920431129706, 160: 0.07948951649487339, 170: 0.0792460989371159}",140,0.07908938104624037,0.01,0.01,0.01
kin8nm,fixnoiseFCN,32,0.001,0.001,"{0: 0.3402323036832482, 10: 0.10823649528845077, 20: 0.095332756095619, 30: 0.09008279208203965, 40: 0.08339434673540116, 50: 0.0831920840299882, 60: 0.08296185200229214, 70: 0.08235919729625071, 80: 0.07978317703036861, 90: 0.08108891306349356, 100: 0.08043387479356288, 110: 0.07946277854021659, 120: 0.07936472446980414, 130: 0.0810104913793326, 140: 0.07857595164536682, 150: 0.08094935996677852, 160: 0.07926709771989952, 170: 0.08177822601673916}",140,0.07857595164536682,0.05,0.01,0.01
kin8nm,fixnoiseFCN,32,0.001,0.001,"{0: 0.34343439540906157, 10: 0.10740336122187746, 20: 0.0925018044765519, 30: 0.08651783116814775, 40: 0.0866704433050646, 50: 0.08400357535117785, 60: 0.08066265782147453, 70: 0.07939786168599892, 80: 0.07695902071278005, 90: 0.07677099620703982, 100: 0.07750504645712407, 110: 0.0759076284469307, 120: 0.07558786784448121, 130: 0.07601414163626943, 140: 0.07682382897314848, 150: 0.08071877605254639}",120,0.07558786784448121,0.1,0.01,0.01
kin8nm,fixnoiseFCN,32,0.001,0.002,"{0: 0.2574109023852399, 10: 0.1065296276107766, 20: 0.09480485862266676, 30: 0.08978701916606177, 40: 0.0872151350255891, 50: 0.08659242455374772, 60: 0.08500290958015225, 70: 0.08408542679237825, 80: 0.08348734990215828, 90: 0.08312813238744989, 100: 0.08353191532180256, 110: 0.08267100390073233, 120: 0.08323374071524157, 130: 0.08282928642267742, 140: 0.08325728939850703}",110,0.08267100390073233,0.001,0.01,0.01
kin8nm,fixnoiseFCN,32,0.001,0.002,"{0: 0.2714824454130502, 10: 0.10024520186537285, 20: 0.09219359024366644, 30: 0.08926249788531032, 40: 0.08833974799798806, 50: 0.08741671775491029, 60: 0.08782848345353984, 70: 0.08734549457579102, 80: 0.08699041228747328, 90: 0.08612286832890324, 100: 0.0865464652494776, 110: 0.08555783467696251, 120: 0.0855357203301371, 130: 0.08508829785870681, 140: 0.08477695450787406, 150: 0.08385793563141039, 160: 0.08281009294671336, 170: 0.08288415689832235, 180: 0.08327113177379458, 190: 0.08275510895208567, 200: 0.08331175072257518, 210: 0.08339866294328155, 220: 0.08315024551868115}",190,0.08275510895208567,0.005,0.01,0.01
kin8nm,fixnoiseFCN,32,0.001,0.002,"{0: 0.2644707740976767, 10: 0.09762973231926557, 20: 0.08988983703090067, 30: 0.08867795189337967, 40: 0.08667002597915005, 50: 0.08645298391044198, 60: 0.08526762773010985, 70: 0.0833101744695309, 80: 0.08201395043185192, 90: 0.08061947058401293, 100: 0.08060347927904976, 110: 0.08026913811805296, 120: 0.07916852300717252, 130: 0.07890935250526349, 140: 0.07919265694941455, 150: 0.07942181021630886, 160: 0.07948094083507959}",130,0.07890935250526349,0.01,0.01,0.01
kin8nm,fixnoiseFCN,32,0.001,0.002,"{0: 0.26848695498665454, 10: 0.10324427631072772, 20: 0.09764346759110762, 30: 0.09216553694927376, 40: 0.0869552659133956, 50: 0.08521432894430286, 60: 0.08346831212044262, 70: 0.08381429944179485, 80: 0.08391974808479849, 90: 0.08211059387469966, 100: 0.08299424115528033, 110: 0.0804403752352296, 120: 0.08096106111465208, 130: 0.07966810859684295, 140: 0.08015984567465174, 150: 0.08031868786676971, 160: 0.07980462328521755}",130,0.07966810859684295,0.05,0.01,0.01
kin8nm,fixnoiseFCN,32,0.001,0.002,"{0: 0.26357292783364045, 10: 0.10362289105925934, 20: 0.09210588304841813, 30: 0.08640477183616134, 40: 0.08661564148122566, 50: 0.0861237156678337, 60: 0.08454862862166672, 70: 0.08590523280452489, 80: 0.08148048773920025, 90: 0.08075886326039741, 100: 0.07767834907260115, 110: 0.08123611805113154, 120: 0.08186654402887236, 130: 0.0809538287018277}",100,0.07767834907260115,0.1,0.01,0.01
kin8nm,fixnoiseFCN,32,0.0001,0.0001,"{0: 0.6892902047693501, 10: 0.27584982616217857, 20: 0.18559440712710512, 30: 0.15016769973192037, 40: 0.1294428872638164, 50: 0.11578264860788035, 60: 0.10673909200041895, 70: 0.10053165349320534, 80: 0.09619325500057149, 90: 0.09290891713359113, 100: 0.09043557930867512, 110: 0.0884873137208468, 120: 0.08695867721091913, 130: 0.08574655085969882, 140: 0.08478901316628702, 150: 0.08396377110325293, 160: 0.08329268945467691, 170: 0.08274586640504045, 180: 0.08222055193466564, 190: 0.08177203175935208, 200: 0.08148429018743997, 210: 0.08117835382228575, 220: 0.08098644112815431, 230: 0.08074876442262076, 240: 0.08060241472306205, 250: 0.08053939737337165, 260: 0.08043319761547449, 270: 0.08023520665607976, 280: 0.0802060544193938, 290: 0.08010497025349603, 300: 0.08001810407962064, 310: 0.079894686959361, 320: 0.07988987796078649, 330: 0.07981687847446164, 340: 0.07971887271376457, 350: 0.07969965945138531, 360: 0.07963637781103554, 370: 0.07958622613134529, 380: 0.07967297444942226, 390: 0.07964739230949339, 400: 0.07960611252844187}",370,0.07958622613134529,0.001,0.01,0.01
kin8nm,fixnoiseFCN,32,0.0001,0.0001,"{0: 0.6972837595213208, 10: 0.28556582366507216, 20: 0.18957104352533247, 30: 0.15302878213389254, 40: 0.13206322013642552, 50: 0.11818812283795972, 60: 0.10845923334268152, 70: 0.10146315602815395, 80: 0.09669995652262818, 90: 0.09295964221260959, 100: 0.09031107147798281, 110: 0.08815416131115308, 120: 0.08640979406096887, 130: 0.0850217412133754, 140: 0.08379230455264378, 150: 0.08287571982788097, 160: 0.08177175816294827, 170: 0.08122647537175923, 180: 0.08053028248272132, 190: 0.08007501033663718, 200: 0.07970370861589007, 210: 0.07941295173267081, 220: 0.07907158061805854, 230: 0.07916119591898525, 240: 0.07878711409564476, 250: 0.07864075374415182, 260: 0.07853394915052951, 270: 0.07830705501541711, 280: 0.07841795492551562, 290: 0.07833296969120311, 300: 0.07848102236244414}",270,0.07830705501541711,0.005,0.01,0.01
kin8nm,fixnoiseFCN,32,0.0001,0.0001,"{0: 0.6902245512305599, 10: 0.28233820142039834, 20: 0.18945873344585779, 30: 0.15402560680300695, 40: 0.13300213396674515, 50: 0.11879125858394254, 60: 0.10919882299160766, 70: 0.10234306107448203, 80: 0.09748347516432716, 90: 0.09379363784624643, 100: 0.09123495008515616, 110: 0.08958571940312374, 120: 0.0879560496226555, 130: 0.08674972393163846, 140: 0.08591611289428143, 150: 0.08488203388826765, 160: 0.08465295970727452, 170: 0.08385644023690772, 180: 0.0830860923417792, 190: 0.082080382363158, 200: 0.08231283472283939, 210: 0.08184354699839871, 220: 0.08131168614846356, 230: 0.08137590925749778, 240: 0.08077123395657629, 250: 0.08050291204958478, 260: 0.08051015827855193, 270: 0.08057434045814282, 280: 0.08073472335446237}",250,0.08050291204958478,0.01,0.01,0.01
kin8nm,fixnoiseFCN,32,0.0001,0.0001,"{0: 0.6897805294850758, 10: 0.29512913108379063, 20: 0.19741800981830027, 30: 0.15551276747329645, 40: 0.1323321861562469, 50: 0.11792352869160347, 60: 0.10871760526700455, 70: 0.10190523922192814, 80: 0.09691099475001153, 90: 0.09306437948573758, 100: 0.09228856808966443, 110: 0.08770958448889585, 120: 0.08678670469305057, 130: 0.08513913110327795, 140: 0.08472394715540316, 150: 0.08373403727083004, 160: 0.08352247305985532, 170: 0.08197165933631431, 180: 0.081735278851397, 190: 0.08126961617806201, 200: 0.08016399382980252, 210: 0.07954916880205765, 220: 0.07941427370031942, 230: 0.0789952667363093, 240: 0.07962322786091264, 250: 0.07740541682339774, 260: 0.07912908019087103, 270: 0.07808380215305546, 280: 0.07843334932081161}",250,0.07740541682339774,0.05,0.01,0.01
kin8nm,fixnoiseFCN,32,0.0001,0.0001,"{0: 0.6801119357929475, 10: 0.28435973357558664, 20: 0.189866136271712, 30: 0.15209113873167873, 40: 0.13145474553484082, 50: 0.11805257882726734, 60: 0.10838117492116794, 70: 0.10172287570912808, 80: 0.09733560461283518, 90: 0.09321617849436273, 100: 0.09080431098877176, 110: 0.08945775597229913, 120: 0.08772600944357262, 130: 0.08520485295724514, 140: 0.08428937286412365, 150: 0.0836395838497506, 160: 0.0832539555854469, 170: 0.0806774575088495, 180: 0.08063686686434479, 190: 0.08078173863746603, 200: 0.07904406871069415, 210: 0.07942146621072063, 220: 0.0775292408154418, 230: 0.07657422374238469, 240: 0.07667806315364342, 250: 0.0776700776007612, 260: 0.07686361984181914}",230,0.07657422374238469,0.1,0.01,0.01
kin8nm,fixnoiseFCN,32,0.0001,0.0005,"{0: 0.41664626613230415, 10: 0.12088485063632584, 20: 0.09531437045969296, 30: 0.08801926435220078, 40: 0.08510473754015517, 50: 0.08387728887398219, 60: 0.08336115101589539, 70: 0.08333154888943917, 80: 0.08332109633473332, 90: 0.08295439133932665, 100: 0.0832205961790129, 110: 0.08348212660194529, 120: 0.08397927444583711}",90,0.08295439133932665,0.001,0.01,0.01
kin8nm,fixnoiseFCN,32,0.0001,0.0005,"{0: 0.42263415905875396, 10: 0.1224232573677829, 20: 0.09944451114374522, 30: 0.09197682171845181, 40: 0.08838696312838694, 50: 0.08719405254484998, 60: 0.0863354165855931, 70: 0.08681056977653503, 80: 0.08709682398904735, 90: 0.08720231916394602}",60,0.0863354165855931,0.005,0.01,0.01
kin8nm,fixnoiseFCN,32,0.0001,0.0005,"{0: 0.40942187784405865, 10: 0.12015955284314997, 20: 0.09409113591392079, 30: 0.0858384376879782, 40: 0.08271636227484165, 50: 0.08205995066660653, 60: 0.0805492958557682, 70: 0.07986545283167569, 80: 0.07985408617749157, 90: 0.0801157901110777, 100: 0.08044147926085685, 110: 0.08054627156247443}",80,0.07985408617749157,0.01,0.01,0.01
kin8nm,fixnoiseFCN,32,0.0001,0.0005,"{0: 0.4303952651407791, 10: 0.12518740581434556, 20: 0.09901442229696929, 30: 0.09069521665561495, 40: 0.08703171520269878, 50: 0.08711105182602494, 60: 0.08208976760291711, 70: 0.08480509624870028, 80: 0.08473616780059197, 90: 0.08266519915669676}",60,0.08208976760291711,0.05,0.01,0.01
kin8nm,fixnoiseFCN,32,0.0001,0.0005,"{0: 0.42215288918306443, 10: 0.12362229569163041, 20: 0.10021359237141074, 30: 0.08836100064464328, 40: 0.08313405840846089, 50: 0.08306045779991501, 60: 0.08142360948322007, 70: 0.08002489477226299, 80: 0.0777068234025575, 90: 0.07928479791814383, 100: 0.0813099071516713, 110: 0.0777838219343339}",80,0.0777068234025575,0.1,0.01,0.01
kin8nm,fixnoiseFCN,32,0.0001,0.001,"{0: 0.33447849186341594, 10: 0.0984816235605232, 20: 0.08887388045887341, 30: 0.08604602636420997, 40: 0.08467392851079004, 50: 0.08408490567681706, 60: 0.0820178522501424, 70: 0.08289330417838241, 80: 0.08408634089125784, 90: 0.084434700136894}",60,0.0820178522501424,0.001,0.01,0.01
kin8nm,fixnoiseFCN,32,0.0001,0.001,"{0: 0.3406612794756915, 10: 0.10524283026890738, 20: 0.09126027848011317, 30: 0.08934571375214018, 40: 0.08928703111183094, 50: 0.0880895420517061, 60: 0.08576903110057607, 70: 0.08508362431835721, 80: 0.0849710002470169, 90: 0.08531039386271873, 100: 0.08564392839741752, 110: 0.08763824203064614}",80,0.0849710002470169,0.005,0.01,0.01
kin8nm,fixnoiseFCN,32,0.0001,0.001,"{0: 0.3468964173959674, 10: 0.10261550523386645, 20: 0.09211877623183531, 30: 0.08840371196803325, 40: 0.08899925518993847, 50: 0.08793699969536162, 60: 0.0863074804772062, 70: 0.08432029620738143, 80: 0.08451326343064537, 90: 0.08607766889054487, 100: 0.08653632709530373}",70,0.08432029620738143,0.01,0.01,0.01
kin8nm,fixnoiseFCN,32,0.0001,0.001,"{0: 0.3339349055865927, 10: 0.10460104578735215, 20: 0.08818474867200483, 30: 0.08740474444765996, 40: 0.08458723800640125, 50: 0.07959995087804239, 60: 0.07960392548828538, 70: 0.08061719808003771, 80: 0.08383617612106434}",50,0.07959995087804239,0.05,0.01,0.01
kin8nm,fixnoiseFCN,32,0.0001,0.001,"{0: 0.33190491106192244, 10: 0.1073135591680799, 20: 0.08889637850503358, 30: 0.08548337710686098, 40: 0.08039232558970036, 50: 0.07884457349596402, 60: 0.08387541227308046, 70: 0.08604569064894999, 80: 0.07778793745169452, 90: 0.08155334812410464, 100: 0.07884509561093143, 110: 0.07999823574001201}",80,0.07778793745169452,0.1,0.01,0.01
kin8nm,fixnoiseFCN,32,0.0001,0.002,"{0: 0.2645801467957902, 10: 0.10325580387612757, 20: 0.09370771085327982, 30: 0.08846188597991032, 40: 0.08979004315386963, 50: 0.0905079357385274, 60: 0.09044671950192645}",30,0.08846188597991032,0.001,0.01,0.01
kin8nm,fixnoiseFCN,32,0.0001,0.002,"{0: 0.26459696451644876, 10: 0.10082607849277463, 20: 0.09261875146339225, 30: 0.09164311899907421, 40: 0.0927450127979358, 50: 0.09419290939285904, 60: 0.09433502996227675}",30,0.09164311899907421,0.005,0.01,0.01
kin8nm,fixnoiseFCN,32,0.0001,0.002,"{0: 0.268419458174704, 10: 0.09918773732535459, 20: 0.09363583530326008, 30: 0.09146073914835579, 40: 0.09017040362312476, 50: 0.09223160243265471, 60: 0.09207741061693708, 70: 0.0943408646087211}",40,0.09017040362312476,0.01,0.01,0.01
kin8nm,fixnoiseFCN,32,0.0001,0.002,"{0: 0.26680390140842736, 10: 0.09921179536809768, 20: 0.09114257440866128, 30: 0.08923900601211956, 40: 0.08894517615349093, 50: 0.08681227132335048, 60: 0.08886828207802677, 70: 0.09338708928767156, 80: 0.08659023133792274, 90: 0.08995803608270735, 100: 0.08745226693098825, 110: 0.08957755309580831}",80,0.08659023133792274,0.05,0.01,0.01
kin8nm,fixnoiseFCN,32,0.0001,0.002,"{0: 0.27437986167100065, 10: 0.10726292722950695, 20: 0.09476950863333214, 30: 0.08511160194578808, 40: 0.08350020321744457, 50: 0.0851129075925269, 60: 0.08175265894290104, 70: 0.08424016631586685, 80: 0.08395333146707928, 90: 0.08272848589516969}",60,0.08175265894290104,0.1,0.01,0.01
kin8nm,fixnoiseFCN,32,1e-05,0.0001,"{0: 0.7089879086625992, 10: 0.28411266957951525, 20: 0.19281605994459622, 30: 0.1571187003716957, 40: 0.1357559052243493, 50: 0.12133352178259602, 60: 0.11141695103698682, 70: 0.1043548523131698, 80: 0.09935829925441389, 90: 0.09545207226515905, 100: 0.09266399980486614, 110: 0.09053190622132075, 120: 0.08897119322237601, 130: 0.08761804207449966, 140: 0.08658921485238118, 150: 0.08561912294745437, 160: 0.08473777735664913, 170: 0.08403599429561152, 180: 0.08345728308412728, 190: 0.0829177387125067, 200: 0.08254133691542542, 210: 0.08212361977365992, 220: 0.08183015102057681, 230: 0.08156008101772738, 240: 0.08126917368469955, 250: 0.08108006363114328, 260: 0.08082605414285723, 270: 0.08068710893595593, 280: 0.08058065946662743, 290: 0.08043799918994048, 300: 0.08027512414711538, 310: 0.08018803135174797, 320: 0.08019643513186589, 330: 0.08008111823422531, 340: 0.079952692212605, 350: 0.07999904932439164, 360: 0.07985635737915418, 370: 0.07984455465588644, 380: 0.07984016940342391, 390: 0.07976220220126429, 400: 0.07980054007141324, 410: 0.07979687786270064, 420: 0.07985867945277078}",390,0.07976220220126429,0.001,0.01,0.01
kin8nm,fixnoiseFCN,32,1e-05,0.0001,"{0: 0.687835264841131, 10: 0.2815664870696808, 20: 0.1924797275879943, 30: 0.15600906787413424, 40: 0.1348529843212947, 50: 0.12114926022176238, 60: 0.1118501471031296, 70: 0.10531718580672944, 80: 0.10030079961817215, 90: 0.09662917912177305, 100: 0.09363949032636987, 110: 0.09138659003005589, 120: 0.08943602436995449, 130: 0.08783660691865418, 140: 0.08650878278528834, 150: 0.08538277929480877, 160: 0.08457988066593448, 170: 0.0837920243117308, 180: 0.0832124866500334, 190: 0.08277698456311802, 200: 0.08216845583752697, 210: 0.08178067127673203, 220: 0.08162736182489168, 230: 0.08124649622298653, 240: 0.08107379928845104, 250: 0.08090011359524585, 260: 0.08068749719277224, 270: 0.08033636274111783, 280: 0.08036336425027113, 290: 0.08042861577844705, 300: 0.07992945060512317, 310: 0.08022142898041139, 320: 0.07990865451304267, 330: 0.07992343237791387, 340: 0.07990391868418206, 350: 0.079786828990833, 360: 0.079915795952229, 370: 0.07988365428868195, 380: 0.07971127623561043, 390: 0.0799812966750187, 400: 0.07986528989068618, 410: 0.07974377335341627}",380,0.07971127623561043,0.005,0.01,0.01
kin8nm,fixnoiseFCN,32,1e-05,0.0001,"{0: 0.6897450920596566, 10: 0.2788846791066402, 20: 0.18819972720751788, 30: 0.1526731485291053, 40: 0.13208909751978434, 50: 0.11842095585197594, 60: 0.10922925029011296, 70: 0.10272786354511525, 80: 0.09804327380920026, 90: 0.09490991375292829, 100: 0.09221591846228656, 110: 0.09006128020323548, 120: 0.08845573725771132, 130: 0.08742077098609735, 140: 0.08612161310158875, 150: 0.08536853962267492, 160: 0.08491943555925499, 170: 0.08460378259478527, 180: 0.08398460638507241, 190: 0.08371276152491086, 200: 0.08317280780476315, 210: 0.08338538037183665, 220: 0.08246998863565028, 230: 0.08241978241540818, 240: 0.08214510248689236, 250: 0.08220847661742847, 260: 0.08178886150030489, 270: 0.08179158156182137, 280: 0.08173384207393816, 290: 0.08158799664330854, 300: 0.08156500121184149, 310: 0.0815254782124993, 320: 0.0814644844956514, 330: 0.08113696625957208, 340: 0.08115797584238268, 350: 0.08096953730670173, 360: 0.08150187929395675, 370: 0.08090178461418047, 380: 0.08084991198589456, 390: 0.08105368684138295, 400: 0.0811867950309908, 410: 0.08135980689862547}",380,0.08084991198589456,0.01,0.01,0.01
kin8nm,fixnoiseFCN,32,1e-05,0.0001,"{0: 0.6816999784317558, 10: 0.2903431158848218, 20: 0.19500667172759803, 30: 0.15720929767707167, 40: 0.1357973583350786, 50: 0.12183124644143747, 60: 0.11162078386224808, 70: 0.10474213464196755, 80: 0.09900723920155087, 90: 0.09449266240872109, 100: 0.09251771428142813, 110: 0.09002117604151048, 120: 0.08735831868665639, 130: 0.08628263069130426, 140: 0.08433753310771441, 150: 0.08293561556651362, 160: 0.08196229571937899, 170: 0.08063633683782657, 180: 0.08115145223298463, 190: 0.08065447013020538, 200: 0.0797914307861846, 210: 0.08004329603806258, 220: 0.07891212170490279, 230: 0.07945155364606873, 240: 0.07783791911623643, 250: 0.07806773975829129, 260: 0.07761105230652066, 270: 0.07840898223904882, 280: 0.07856174028938967, 290: 0.07827490069440514}",260,0.07761105230652066,0.05,0.01,0.01
kin8nm,fixnoiseFCN,32,1e-05,0.0001,"{0: 0.7048978999007116, 10: 0.28824900406192877, 20: 0.1928032496961169, 30: 0.15406811203356524, 40: 0.13263655239341596, 50: 0.1194654535958481, 60: 0.10926942053083732, 70: 0.10328239814445579, 80: 0.09748627442679998, 90: 0.09259492675640706, 100: 0.08988882889718834, 110: 0.08744380201306862, 120: 0.08543754914492971, 130: 0.08641556906464203, 140: 0.08326490841525033, 150: 0.0832292566984638, 160: 0.08182858716302088, 170: 0.0813577014396728, 180: 0.0802589555712461, 190: 0.0785574962070764, 200: 0.07892611408260661, 210: 0.07794656156680516, 220: 0.07956288924185836, 230: 0.07921084857605688, 240: 0.07673635623889305, 250: 0.07770694018262053, 260: 0.07632335511632073, 270: 0.07582060054844691, 280: 0.07474663409165727, 290: 0.07547412610786368, 300: 0.07548927874293612, 310: 0.07691038716310071}",280,0.07474663409165727,0.1,0.01,0.01
kin8nm,fixnoiseFCN,32,1e-05,0.0005,"{0: 0.4200390857304159, 10: 0.12194045845352945, 20: 0.09785611452150457, 30: 0.09122959371744441, 40: 0.08843147664503546, 50: 0.08681418015645967, 60: 0.08636703976725842, 70: 0.08600597962471841, 80: 0.08617696687508787, 90: 0.08634489199026556, 100: 0.08700745688052129}",70,0.08600597962471841,0.001,0.01,0.01
kin8nm,fixnoiseFCN,32,1e-05,0.0005,"{0: 0.4145358845432088, 10: 0.1192175382658329, 20: 0.09598603546333782, 30: 0.08924658951324518, 40: 0.08602995595148426, 50: 0.0851259019381792, 60: 0.08394327430465778, 70: 0.08365348105930447, 80: 0.08292577060056323, 90: 0.08357360638729049, 100: 0.08299929891313404, 110: 0.08296528849571565}",80,0.08292577060056323,0.005,0.01,0.01
kin8nm,fixnoiseFCN,32,1e-05,0.0005,"{0: 0.4248551080249783, 10: 0.12085363936859575, 20: 0.09798684248056581, 30: 0.0919758544762898, 40: 0.08858722468706744, 50: 0.08670916747446215, 60: 0.08592674731872643, 70: 0.08640893671822891, 80: 0.0860220073921951, 90: 0.08634109362515796}",60,0.08592674731872643,0.01,0.01,0.01
kin8nm,fixnoiseFCN,32,1e-05,0.0005,"{0: 0.4221276606487848, 10: 0.12383189499513732, 20: 0.09916802185790405, 30: 0.09152770649106605, 40: 0.08839974472184331, 50: 0.08278272428159181, 60: 0.08323206242028773, 70: 0.08133818838847977, 80: 0.08387936520058296, 90: 0.081673468273848, 100: 0.08046605315665588, 110: 0.07903894829166114, 120: 0.08379187494227879, 130: 0.07926847737219371, 140: 0.08194490884455255}",110,0.07903894829166114,0.05,0.01,0.01
kin8nm,fixnoiseFCN,32,1e-05,0.0005,"{0: 0.44374405798631844, 10: 0.13060937424205607, 20: 0.09816903696439117, 30: 0.09106026280109272, 40: 0.08480021675918151, 50: 0.0836240743619786, 60: 0.08397749285438463, 70: 0.0795149496386606, 80: 0.08274285980228158, 90: 0.0814049934539196, 100: 0.08019610261887058}",70,0.0795149496386606,0.1,0.01,0.01
kin8nm,fixnoiseFCN,32,1e-05,0.001,"{0: 0.3402125045856319, 10: 0.10059505927568509, 20: 0.09092321223307887, 30: 0.08949742938756369, 40: 0.08902579988006507, 50: 0.08683003752790912, 60: 0.08678274051287424, 70: 0.08846517584759181, 80: 0.08976608928256309, 90: 0.09091356605448933}",60,0.08678274051287424,0.001,0.01,0.01
kin8nm,fixnoiseFCN,32,1e-05,0.001,"{0: 0.3377725103511787, 10: 0.10275699192159762, 20: 0.09341540589619135, 30: 0.09016256792943392, 40: 0.09004588999316056, 50: 0.09018309212752498, 60: 0.09117493846365718, 70: 0.09201580053740167}",40,0.09004588999316056,0.005,0.01,0.01
kin8nm,fixnoiseFCN,32,1e-05,0.001,"{0: 0.34135485981682745, 10: 0.1011728722027235, 20: 0.09151322678401776, 30: 0.08889356933681863, 40: 0.08714821722324215, 50: 0.08723122358661743, 60: 0.08685675631272236, 70: 0.08796075267158353, 80: 0.08892517255945526, 90: 0.08954539567799577}",60,0.08685675631272236,0.01,0.01,0.01
kin8nm,fixnoiseFCN,32,1e-05,0.001,"{0: 0.3413191319439102, 10: 0.10164168437325452, 20: 0.0903048043556927, 30: 0.08599537707816607, 40: 0.08553747255704415, 50: 0.08616171047746649, 60: 0.09133513205684607, 70: 0.08982138072587612}",40,0.08553747255704415,0.05,0.01,0.01
kin8nm,fixnoiseFCN,32,1e-05,0.001,"{0: 0.35163638473888736, 10: 0.10213921928013617, 20: 0.09053877001884855, 30: 0.08238934486490986, 40: 0.08194792566050471, 50: 0.08117521206644256, 60: 0.08143608086628684, 70: 0.07960495189516427, 80: 0.08062087487959366, 90: 0.08379894885964019, 100: 0.0802009233961067}",70,0.07960495189516427,0.1,0.01,0.01
kin8nm,fixnoiseFCN,32,1e-05,0.002,"{0: 0.26352089455950445, 10: 0.10083349853725931, 20: 0.09037816324636516, 30: 0.09112498981641345, 40: 0.09818074975584488, 50: 0.09404361541861138}",20,0.09037816324636516,0.001,0.01,0.01
kin8nm,fixnoiseFCN,32,1e-05,0.002,"{0: 0.25813350440232924, 10: 0.09983107327188576, 20: 0.09845526705588162, 30: 0.09257637562672764, 40: 0.08877950112316561, 50: 0.08758942839608726, 60: 0.08982658465213625, 70: 0.09478642221570689, 80: 0.09432906931612306}",50,0.08758942839608726,0.005,0.01,0.01
kin8nm,fixnoiseFCN,32,1e-05,0.002,"{0: 0.25618992083693876, 10: 0.10034415039537417, 20: 0.09280995446391915, 30: 0.09047451615347266, 40: 0.09016045190854431, 50: 0.09001010461086448, 60: 0.09203318963382612, 70: 0.09520474546426767, 80: 0.0978054160789679}",50,0.09001010461086448,0.01,0.01,0.01
kin8nm,fixnoiseFCN,32,1e-05,0.002,"{0: 0.2608076934018405, 10: 0.09737228595707796, 20: 0.08686851864795622, 30: 0.08481013816962545, 40: 0.08562169278523193, 50: 0.09124039280944439, 60: 0.09192113211060732}",30,0.08481013816962545,0.05,0.01,0.01
kin8nm,fixnoiseFCN,32,1e-05,0.002,"{0: 0.2769640958609035, 10: 0.10247978253012635, 20: 0.08943382854176743, 30: 0.08691250560467131, 40: 0.08648078117931643, 50: 0.07959994549133784, 60: 0.08189987734402047, 70: 0.08101485803207342, 80: 0.08230163589987305}",50,0.07959994549133784,0.1,0.01,0.01
kin8nm,fixnoiseFCN,32,1e-09,0.0001,"{0: 0.6959063885408534, 10: 0.2831001100145705, 20: 0.1906268610250257, 30: 0.15374986983890662, 40: 0.13292992023590766, 50: 0.11897780078369684, 60: 0.10946458312632013, 70: 0.10287146137055658, 80: 0.09814876850297663, 90: 0.09478891550180625, 100: 0.09229179627201953, 110: 0.0903185795176277, 120: 0.08877447632270644, 130: 0.08748665664289561, 140: 0.0864951606308948, 150: 0.08567214784126985, 160: 0.08490133495784308, 170: 0.08424627409737342, 180: 0.08365535371897524, 190: 0.0831913244420734, 200: 0.08278254169596597, 210: 0.08248770002433337, 220: 0.08212391560540896, 230: 0.0819411771584464, 240: 0.0817086341534599, 250: 0.08148765211103688, 260: 0.08129724915002727, 270: 0.08109155682529658, 280: 0.08102896985811477, 290: 0.08102384393495855, 300: 0.08093786503707955, 310: 0.08083174243456667, 320: 0.08084537579735335, 330: 0.08083418712758034, 340: 0.08082906303605544, 350: 0.08087121648512186, 360: 0.0808686076063384, 370: 0.08092347985789398}",340,0.08082906303605544,0.001,0.01,0.01
kin8nm,fixnoiseFCN,32,1e-09,0.0001,"{0: 0.6764360324525693, 10: 0.282080468164984, 20: 0.19121998366768725, 30: 0.15512427466104314, 40: 0.1342059143619796, 50: 0.1203720133249854, 60: 0.1109793258274759, 70: 0.1043343883963593, 80: 0.0996057379725067, 90: 0.09594082257422709, 100: 0.09319593460205558, 110: 0.09109134845903154, 120: 0.0891901412260896, 130: 0.08806895842818749, 140: 0.08697082373135785, 150: 0.08606513685482549, 160: 0.08547947555889214, 170: 0.084947797209591, 180: 0.08434812273190824, 190: 0.08413733338286347, 200: 0.08360002579244566, 210: 0.08331968813507111, 220: 0.08293488767856443, 230: 0.08284269034395547, 240: 0.08268466980321494, 250: 0.08221313265959317, 260: 0.08224745773420228, 270: 0.08173567405470825, 280: 0.08170657557098202, 290: 0.08182395510403136, 300: 0.08149662459903236, 310: 0.08139266874453616, 320: 0.08147436506526975, 330: 0.08132952170559689, 340: 0.08151653450435255, 350: 0.08152567549102963, 360: 0.08146865035481696}",330,0.08132952170559689,0.005,0.01,0.01
kin8nm,fixnoiseFCN,32,1e-09,0.0001,"{0: 0.6712223803636375, 10: 0.2839211882023184, 20: 0.19432110108140802, 30: 0.15465820264876431, 40: 0.13157224955636468, 50: 0.11692844981247905, 60: 0.10755535229698607, 70: 0.1014210672864367, 80: 0.09680790215659173, 90: 0.09340397877616122, 100: 0.09076011370205148, 110: 0.08940075469556119, 120: 0.0873970640685707, 130: 0.08632915238219561, 140: 0.0851069727697981, 150: 0.08456599250551661, 160: 0.08360164316842772, 170: 0.0832851759645324, 180: 0.08275152393570202, 190: 0.08226212923560158, 200: 0.08176089830228181, 210: 0.08175659962368907, 220: 0.08161771568041824, 230: 0.08127379474147808, 240: 0.08089131099374831, 250: 0.081249962707801, 260: 0.08057541650179258, 270: 0.08078879034865702, 280: 0.08114073156175075, 290: 0.080733230611105}",260,0.08057541650179258,0.01,0.01,0.01
kin8nm,fixnoiseFCN,32,1e-09,0.0001,"{0: 0.6686107171789313, 10: 0.2755551702655986, 20: 0.18804724525348115, 30: 0.15248305951974908, 40: 0.1312218161193934, 50: 0.11672160919060295, 60: 0.10777652040551085, 70: 0.10078817902466364, 80: 0.0967508183666196, 90: 0.09254672843446113, 100: 0.09012001000015955, 110: 0.08798521746283314, 120: 0.08723066503526587, 130: 0.0860868970411861, 140: 0.08505603082065, 150: 0.08434963217270819, 160: 0.08275383489803671, 170: 0.08148838286497269, 180: 0.08115881763022129, 190: 0.08050331871220665, 200: 0.07961898331154085, 210: 0.08146316690330062, 220: 0.08170584630639272, 230: 0.0792530172551762, 240: 0.07923932177972055, 250: 0.07932790141943413, 260: 0.08096372892250475, 270: 0.07845614231498839, 280: 0.07854203545331606, 290: 0.07949017241100617, 300: 0.07702978571005423, 310: 0.07951070963170703, 320: 0.07821994674251782, 330: 0.07715993196560433}",300,0.07702978571005423,0.05,0.01,0.01
kin8nm,fixnoiseFCN,32,1e-09,0.0001,"{0: 0.6835843848870399, 10: 0.28749620635764195, 20: 0.19047659611535167, 30: 0.15381343345550508, 40: 0.13316491606021666, 50: 0.11994822028746085, 60: 0.10967217912077547, 70: 0.10355855587781619, 80: 0.0977791312318753, 90: 0.0948453359865781, 100: 0.09067956939738672, 110: 0.08882177632754287, 120: 0.08586892318485348, 130: 0.08518559584116958, 140: 0.08334990163203387, 150: 0.08285382577806183, 160: 0.08112303368393275, 170: 0.08081626252727203, 180: 0.07999420439538754, 190: 0.0804491194093835, 200: 0.07856336290697086, 210: 0.0772244379182462, 220: 0.0768049219768477, 230: 0.07765534102576596, 240: 0.07589910701888843, 250: 0.07505590257620234, 260: 0.07631125479651922, 270: 0.07527581864005096, 280: 0.07547641452661066}",250,0.07505590257620234,0.1,0.01,0.01
kin8nm,fixnoiseFCN,32,1e-09,0.0005,"{0: 0.41505855153706256, 10: 0.11859387242037131, 20: 0.0949834229570533, 30: 0.08786021330898625, 40: 0.08492078347518811, 50: 0.08362219738007652, 60: 0.08351297203800777, 70: 0.08311005951491933, 80: 0.08319325661405504, 90: 0.08361966005626464, 100: 0.08397468982918058}",70,0.08311005951491933,0.001,0.01,0.01
kin8nm,fixnoiseFCN,32,1e-09,0.0005,"{0: 0.42672337754443773, 10: 0.1245092573823526, 20: 0.10033548306415921, 30: 0.09256585095882827, 40: 0.08848461716839466, 50: 0.08639446483247813, 60: 0.08532167139949409, 70: 0.08488022906138692, 80: 0.08483231510130533, 90: 0.08535136199802645, 100: 0.08472520841958073, 110: 0.08547151289652126, 120: 0.08518087361389762, 130: 0.0859188958889648}",100,0.08472520841958073,0.005,0.01,0.01
kin8nm,fixnoiseFCN,32,1e-09,0.0005,"{0: 0.43980006007268163, 10: 0.12096229674455139, 20: 0.09376732690024561, 30: 0.08712610785540938, 40: 0.08407332685120235, 50: 0.08380370907671726, 60: 0.083695897282226, 70: 0.08291630612934806, 80: 0.0853067781766997, 90: 0.0846662882051887, 100: 0.08612989201409375}",70,0.08291630612934806,0.01,0.01,0.01
kin8nm,fixnoiseFCN,32,1e-09,0.0005,"{0: 0.43086882146562155, 10: 0.12052860912529498, 20: 0.09700794962315525, 30: 0.08964419050894479, 40: 0.08796367794445692, 50: 0.08712961185137509, 60: 0.0836040882136452, 70: 0.08297351367411246, 80: 0.08795240938215079, 90: 0.0815110348656717, 100: 0.0817702506285722, 110: 0.08214822356541326, 120: 0.08094756623688773, 130: 0.08336477209019377, 140: 0.08112795916769142, 150: 0.08462776093166735}",120,0.08094756623688773,0.05,0.01,0.01
kin8nm,fixnoiseFCN,32,1e-09,0.0005,"{0: 0.4443557800889989, 10: 0.127761963827698, 20: 0.09750782019134843, 30: 0.08900025511191803, 40: 0.08834312210822227, 50: 0.0830055383445842, 60: 0.0804573513237644, 70: 0.07955647366112506, 80: 0.08081333642518085, 90: 0.0795391195109461, 100: 0.07938064857825677, 110: 0.07835703771177036, 120: 0.07618345905553786, 130: 0.07734765126194439, 140: 0.0802597909926783, 150: 0.08022560149394267}",120,0.07618345905553786,0.1,0.01,0.01
kin8nm,fixnoiseFCN,32,1e-09,0.001,"{0: 0.33706806174012655, 10: 0.10122944899339237, 20: 0.08962829094482545, 30: 0.08718018964799343, 40: 0.08622583175659439, 50: 0.08626655011034531, 60: 0.08694806321426629, 70: 0.08726654306955521}",40,0.08622583175659439,0.001,0.01,0.01
kin8nm,fixnoiseFCN,32,1e-09,0.001,"{0: 0.33738704711355155, 10: 0.10738807737041034, 20: 0.09351874558313697, 30: 0.09045726408598727, 40: 0.08849703272424944, 50: 0.0882220284692666, 60: 0.09024949991875732, 70: 0.09233785918477207, 80: 0.09239453797245376}",50,0.0882220284692666,0.005,0.01,0.01
kin8nm,fixnoiseFCN,32,1e-09,0.001,"{0: 0.33944104462358604, 10: 0.10468706987022576, 20: 0.09257550241692035, 30: 0.08886156881356058, 40: 0.08832982296112202, 50: 0.0875942065352264, 60: 0.0892372680101266, 70: 0.08869885378502347, 80: 0.0892385994745048}",50,0.0875942065352264,0.01,0.01,0.01
kin8nm,fixnoiseFCN,32,1e-09,0.001,"{0: 0.35711249447229976, 10: 0.10580853844460862, 20: 0.08984633634936365, 30: 0.08843330816882308, 40: 0.08792051987003524, 50: 0.09038720005714769, 60: 0.08885560292592662, 70: 0.08686637233279187, 80: 0.08744266342976827, 90: 0.09001270494610987, 100: 0.08628322011652285, 110: 0.08965781269475086, 120: 0.08653723696624856, 130: 0.08683180419304712}",100,0.08628322011652285,0.05,0.01,0.01
kin8nm,fixnoiseFCN,32,1e-09,0.001,"{0: 0.34801592175984736, 10: 0.10282622545440272, 20: 0.08957345350326082, 30: 0.08789382323552858, 40: 0.08677504917954477, 50: 0.08370184954402128, 60: 0.08019905902203545, 70: 0.0809934968034979, 80: 0.07901849672491303, 90: 0.08047287043918012, 100: 0.07788201815640307, 110: 0.0801304332328324, 120: 0.080397582661478, 130: 0.07868979631188047}",100,0.07788201815640307,0.1,0.01,0.01
kin8nm,fixnoiseFCN,32,1e-09,0.002,"{0: 0.2623168126353649, 10: 0.10037115957666502, 20: 0.0953858606490808, 30: 0.0951938537595288, 40: 0.09433676718561526, 50: 0.09194024746889037, 60: 0.09386840811871103, 70: 0.09670574529146861, 80: 0.10005348989875704}",50,0.09194024746889037,0.001,0.01,0.01
kin8nm,fixnoiseFCN,32,1e-09,0.002,"{0: 0.2639965731878484, 10: 0.09982445744121826, 20: 0.09368094114971222, 30: 0.09297708220985053, 40: 0.09540475516393485, 50: 0.09225336702422202, 60: 0.09597293992366743, 70: 0.09499039728259182, 80: 0.09721857977308078}",50,0.09225336702422202,0.005,0.01,0.01
kin8nm,fixnoiseFCN,32,1e-09,0.002,"{0: 0.26207006098827523, 10: 0.10395947817090112, 20: 0.09588782174845457, 30: 0.09308491731280909, 40: 0.09287052459607327, 50: 0.0897781416326894, 60: 0.09189763557047187, 70: 0.09890877776050985, 80: 0.10473316112602613}",50,0.0897781416326894,0.01,0.01,0.01
kin8nm,fixnoiseFCN,32,1e-09,0.002,"{0: 0.25411124317294564, 10: 0.09778655391047325, 20: 0.09054717478811533, 30: 0.08585300860878928, 40: 0.08707479745057815, 50: 0.08726162868410273, 60: 0.09267589014906141}",30,0.08585300860878928,0.05,0.01,0.01
kin8nm,fixnoiseFCN,32,1e-09,0.002,"{0: 0.26256839489237294, 10: 0.10012174226057957, 20: 0.08953864167107242, 30: 0.08172181633661281, 40: 0.08656532466767501, 50: 0.08873488165449932, 60: 0.08525624411075748}",30,0.08172181633661281,0.1,0.01,0.01
kin8nm,dropoutFCN,32,0.1,0.0001,"{0: 0.8234642616090497, 10: 0.47984455023197137, 20: 0.42242283589317636, 30: 0.4060511253354022, 40: 0.4003105960704271, 50: 0.3960637846179192, 60: 0.3918253372716658, 70: 0.3887060877225521, 80: 0.38684863588278007, 90: 0.38528582706210956, 100: 0.38403020005052646, 110: 0.38307483070045906, 120: 0.3815075127457437, 130: 0.38084180091060105, 140: 0.3811192481489409, 150: 0.3800856762304812, 160: 0.37960525203985035, 170: 0.37939723280950816, 180: 0.3792205804253475, 190: 0.37917437125325154, 200: 0.37835095815107406, 210: 0.3782260803938219, 220: 0.3780691479959931, 230: 0.37774647397772, 240: 0.377502552040569, 250: 0.3781330189316339, 260: 0.3774859820284653, 270: 0.37748088850626643, 280: 0.3779407516425907, 290: 0.3773405698635711, 300: 0.37780100204638767, 310: 0.377006526315604, 320: 0.37682264320496345, 330: 0.3769499373889271, 340: 0.37722590874732553, 350: 0.376908176488051}",320,0.37682264320496345,0.1,0.01,0.2
kin8nm,dropoutFCN,32,0.1,0.0001,"{0: 0.8336204753430516, 10: 0.47185698656489317, 20: 0.41054078595105714, 30: 0.39434738405531744, 40: 0.3883051561771598, 50: 0.3843419677027171, 60: 0.38175674413953214, 70: 0.378931431519632, 80: 0.37762379796858864, 90: 0.37643578937863564, 100: 0.3750273691226124, 110: 0.37379498147804346, 120: 0.37290926671656804, 130: 0.3723328050764513, 140: 0.3720978245757359, 150: 0.37214336670954545, 160: 0.3713803438241646, 170: 0.3710193998198421, 180: 0.37092191521232165, 190: 0.3700605995783743, 200: 0.36982485676046933, 210: 0.3693612973969285, 220: 0.3692017335091359, 230: 0.36947477637810777, 240: 0.3688712361104796, 250: 0.36902787699478723, 260: 0.36892090170213854, 270: 0.3690917531345003}",240,0.3688712361104796,0.1,0.01,0.1
kin8nm,dropoutFCN,32,0.1,0.0001,"{0: 0.777245102915059, 10: 0.4579051111747809, 20: 0.40712788220975255, 30: 0.39188954488348016, 40: 0.38584188986255363, 50: 0.38140940757044095, 60: 0.37828671245980083, 70: 0.37567031672325585, 80: 0.373840235052059, 90: 0.37232581151343475, 100: 0.3712982967803016, 110: 0.37008974301521835, 120: 0.36911223656152164, 130: 0.3681625369796496, 140: 0.36785063726139333, 150: 0.3672407279950834, 160: 0.36683446775938805, 170: 0.3670087292662886, 180: 0.3659914305388524, 190: 0.3661040410115454, 200: 0.36555443784789815, 210: 0.36576195482094925, 220: 0.3656585000909136, 230: 0.3654161052681756, 240: 0.36505302394664546, 250: 0.36488655899434164, 260: 0.3646184783365764, 270: 0.3648527407263093, 280: 0.3643356318648311, 290: 0.3645865838025489, 300: 0.3642567479181302, 310: 0.3641141840848602, 320: 0.36430184455061826, 330: 0.36393500111616445, 340: 0.36438047601525286, 350: 0.3643096700809799, 360: 0.36392572382901944, 370: 0.36413190345237717, 380: 0.3638590617644301, 390: 0.3638506614905209, 400: 0.3640491141753905, 410: 0.36363216579929414, 420: 0.36386656020247476, 430: 0.3638441500115484, 440: 0.363787403219172}",410,0.36363216579929414,0.1,0.01,0.05
kin8nm,dropoutFCN,32,0.1,0.0001,"{0: 0.8118462728473107, 10: 0.4467708017423129, 20: 0.39520466188926034, 30: 0.3828203497844172, 40: 0.3773299829598898, 50: 0.37307330990939774, 60: 0.3702480813918523, 70: 0.3683196032495675, 80: 0.3667647606721746, 90: 0.36549905548777484, 100: 0.36467175137482954, 110: 0.3639222003719711, 120: 0.36336797961433326, 130: 0.3627004010767463, 140: 0.3624829121374943, 150: 0.36201701829431165, 160: 0.36171450528310695, 170: 0.3615403484006118, 180: 0.3612563609321283, 190: 0.36093132106713066, 200: 0.36093269997323624, 210: 0.3607048330063349, 220: 0.360476436650439, 230: 0.3604843960152058, 240: 0.36022383982277384, 250: 0.36010860537068534, 260: 0.3600655387405462, 270: 0.36009556876944004, 280: 0.35998904927101205, 290: 0.3598992903123902, 300: 0.35998489384153404, 310: 0.3599610074960887, 320: 0.35978516827193074, 330: 0.3599377271202107, 340: 0.35987679834593617, 350: 0.3595836093530376, 360: 0.35961587038880033, 370: 0.35960342291530223, 380: 0.3595552950423495, 390: 0.35964441862865676, 400: 0.3594830688238616, 410: 0.3595314747995454, 420: 0.3593804180845331, 430: 0.35953284935623786, 440: 0.3593624417502834, 450: 0.35934882652476624, 460: 0.359368651494757, 470: 0.35941400396426565, 480: 0.35923762179282565, 490: 0.3593528353287305, 500: 0.3592503497166951, 510: 0.35931497079167063}",480,0.35923762179282565,0.1,0.01,0.01
kin8nm,dropoutFCN,32,0.1,0.0001,"{0: 0.7869458752501322, 10: 0.45434725154365285, 20: 0.39961426844687636, 30: 0.38484458222403506, 40: 0.3785737105504757, 50: 0.37404737803231486, 60: 0.37092977503491953, 70: 0.36851181619999207, 80: 0.3669612423508236, 90: 0.3656355930550261, 100: 0.3648556086307403, 110: 0.36394381614572896, 120: 0.3633243440319707, 130: 0.3628166484252998, 140: 0.36237645409701813, 150: 0.3621196395171505, 160: 0.3618781414285219, 170: 0.3615174742890012, 180: 0.3613709652901658, 190: 0.36110766062859523, 200: 0.36085663966297515, 210: 0.3606474414426355, 220: 0.36048125439178125, 230: 0.3603569407565068, 240: 0.3602324864790092, 250: 0.36004919543802905, 260: 0.3600365054126365, 270: 0.35985933949211085, 280: 0.35986188150616394, 290: 0.35985787717060624, 300: 0.3596356548640046, 310: 0.35949750620079424, 320: 0.3594392731763649, 330: 0.35933805013625636, 340: 0.35930373722279124, 350: 0.3593987171267895, 360: 0.3593856477205208, 370: 0.3592903117315251, 380: 0.3591333210857903, 390: 0.3591689841752497, 400: 0.3591093003390292, 410: 0.3589979780801749, 420: 0.3589298977076415, 430: 0.35899582075981834, 440: 0.3588792457712332, 450: 0.3588962381147248, 460: 0.3588730365127807, 470: 0.3587392625234204, 480: 0.35890610453159183, 490: 0.3586967311615315, 500: 0.35871631008518595, 510: 0.3586472653390107, 520: 0.3586544979995102, 530: 0.35866128341753745, 540: 0.3585327913203051, 550: 0.35862058230396, 560: 0.3586297908540781, 570: 0.358620205377456}",540,0.3585327913203051,0.1,0.01,0.005
kin8nm,dropoutFCN,32,0.1,0.0001,"{0: 0.7953639291597707, 10: 0.4463127415204056, 20: 0.39993947718788314, 30: 0.3865878097598229, 40: 0.38083824531162114, 50: 0.37660662935105266, 60: 0.37309766450220777, 70: 0.3703902599250613, 80: 0.36818964678751087, 90: 0.36634632118211263, 100: 0.3648435408410853, 110: 0.36368599241814026, 120: 0.3627342628375981, 130: 0.36198809972596024, 140: 0.3614456846303988, 150: 0.3609839704339857, 160: 0.36049136859824876, 170: 0.3601779768962948, 180: 0.3597964219640318, 190: 0.3595277565350853, 200: 0.359290736926963, 210: 0.3591092864058044, 220: 0.3588660190863468, 230: 0.3587984151298197, 240: 0.35869308254938553, 250: 0.35862157879494766, 260: 0.35853384821685075, 270: 0.35844020339466737, 280: 0.3583128128475117, 290: 0.3582807132735235, 300: 0.35821239452200376, 310: 0.35820509087084906, 320: 0.3581265758662758, 330: 0.35808012727701877, 340: 0.35803160743563284, 350: 0.3579971806440754, 360: 0.35800181472332226, 370: 0.357985968567425, 380: 0.3578858750668412, 390: 0.3579254472734339, 400: 0.3578743129177239, 410: 0.3577963740008525, 420: 0.3577954084868646, 430: 0.3578303606429498, 440: 0.3577914156373786, 450: 0.3578153947616575, 460: 0.35780741898360807, 470: 0.35770929898139786, 480: 0.35774755972106254, 490: 0.3577483060649529, 500: 0.3576852907825875, 510: 0.3577221326089116, 520: 0.35765823951101233, 530: 0.3576430311173489, 540: 0.3576224959745583, 550: 0.3576538375460083, 560: 0.3576458705670684, 570: 0.357646476462257}",540,0.3576224959745583,0.1,0.01,0.001
kin8nm,dropoutFCN,32,0.1,0.0005,"{0: 0.5513534500199289, 10: 0.4047818669420805, 20: 0.39336620630965075, 30: 0.39183013984331855, 40: 0.39053729707395207, 50: 0.3887185856189642, 60: 0.3880448156986611, 70: 0.3892241090781837, 80: 0.3877406145911018, 90: 0.3883400999845272, 100: 0.38917963010101964, 110: 0.38826034367239987}",80,0.3877406145911018,0.1,0.01,0.2
kin8nm,dropoutFCN,32,0.1,0.0005,"{0: 0.5421480668483876, 10: 0.3921947658977008, 20: 0.38597868428024773, 30: 0.38271209526350836, 40: 0.3804564065953558, 50: 0.3804221467811467, 60: 0.38063307412784086, 70: 0.380562790573303, 80: 0.37921111347024705, 90: 0.3789567165113981, 100: 0.3802449870584338, 110: 0.37954314786315385, 120: 0.37942148442115065}",90,0.3789567165113981,0.1,0.01,0.1
kin8nm,dropoutFCN,32,0.1,0.0005,"{0: 0.5339944264202984, 10: 0.38852948668831644, 20: 0.3794928814357756, 30: 0.37737211039333046, 40: 0.3758337674963202, 50: 0.3746798610941652, 60: 0.37477445858800496, 70: 0.3744130486968271, 80: 0.3734584867106314, 90: 0.37354184597267487, 100: 0.3746695290929761, 110: 0.3729090803779816, 120: 0.37392136225753975, 130: 0.37411795504655093, 140: 0.37347524535854426}",110,0.3729090803779816,0.1,0.01,0.05
kin8nm,dropoutFCN,32,0.1,0.0005,"{0: 0.5260570404532917, 10: 0.3806588640340266, 20: 0.372677994987761, 30: 0.37104003040586253, 40: 0.36998082296209883, 50: 0.36915835138493214, 60: 0.36874271960973315, 70: 0.3681328086489487, 80: 0.36782466828698496, 90: 0.36795202101589397, 100: 0.36718027656272945, 110: 0.36781484406491105, 120: 0.3671496366058718, 130: 0.3670518956663276, 140: 0.3667334476790696, 150: 0.366673928357954, 160: 0.3669254968579264, 170: 0.3665701718385594, 180: 0.3665354689411016, 190: 0.36645114571185633, 200: 0.36639075081545236, 210: 0.36637152294954395, 220: 0.36627109551812764, 230: 0.3662868812016681, 240: 0.366163224848733, 250: 0.3661041367435823, 260: 0.36637966505542685, 270: 0.3659320593196317, 280: 0.3657842611898343, 290: 0.3659563528487168, 300: 0.36608558585276074, 310: 0.3659355458064151}",280,0.3657842611898343,0.1,0.01,0.01
kin8nm,dropoutFCN,32,0.1,0.0005,"{0: 0.5423972643342199, 10: 0.3844479832071318, 20: 0.3755109530980911, 30: 0.37195429422237875, 40: 0.37001227306091117, 50: 0.36878277424187805, 60: 0.3681537424113549, 70: 0.3673099890342428, 80: 0.3668462801430412, 90: 0.36644428289486497, 100: 0.3663422755221048, 110: 0.3660361105706694, 120: 0.36584173435732165, 130: 0.36563494524372075, 140: 0.3654742435733067, 150: 0.36534470783754575, 160: 0.3653588426632853, 170: 0.36538254032137246, 180: 0.36513427582097024, 190: 0.36511405599062025, 200: 0.3650013063816792, 210: 0.3648466456194298, 220: 0.36440919276620787, 230: 0.36444250433900777, 240: 0.36428507602971194, 250: 0.3645021493593541, 260: 0.36407559228063774, 270: 0.3645352165839155, 280: 0.3641726520416557, 290: 0.36426039258580367}",260,0.36407559228063774,0.1,0.01,0.005
kin8nm,dropoutFCN,32,0.1,0.0005,"{0: 0.5340032133866193, 10: 0.3838543919431922, 20: 0.3737065561645765, 30: 0.3703233380523558, 40: 0.3685555942271271, 50: 0.3672278686424672, 60: 0.36636527091571003, 70: 0.3658365776465258, 80: 0.36536149783505634, 90: 0.36503147938472835, 100: 0.3647914338416354, 110: 0.36462258853827245, 120: 0.364294279394336, 130: 0.3642048416739236, 140: 0.3639285538503241, 150: 0.36398781282188375, 160: 0.36380565939616166, 170: 0.3636100871037188, 180: 0.3634863223582131, 190: 0.3633400162151917, 200: 0.36303806666024574, 210: 0.3630310759998898, 220: 0.3628690063498611, 230: 0.36299992775722495, 240: 0.36276528584919016, 250: 0.3626394530352766, 260: 0.36265707665975144, 270: 0.36244734699944503, 280: 0.36246238315314927, 290: 0.3622718893369258, 300: 0.3622769768439599, 310: 0.3620770130770395, 320: 0.3623024154125156, 330: 0.3620643293340766, 340: 0.3618840287527302, 350: 0.3619425375388515, 360: 0.3618109790965658, 370: 0.36199146797344506, 380: 0.36184175515240674, 390: 0.361763729591828, 400: 0.3618521524172719, 410: 0.3617293654477888, 420: 0.36172704233335107, 430: 0.36169360235514175, 440: 0.36169146735321084, 450: 0.36167406750286474, 460: 0.36168388311194055, 470: 0.3614678982158169, 480: 0.3615848241192664, 490: 0.3614447215745485, 500: 0.36151347754407553, 510: 0.3615395832189174, 520: 0.36140544362634264, 530: 0.36134049701598775, 540: 0.3613778230744012, 550: 0.3611708366280945, 560: 0.36121074014025817, 570: 0.3612043556083264, 580: 0.36108160385341215, 590: 0.3610520149400581, 600: 0.36100801508468006, 610: 0.3609791879041929, 620: 0.36104875921276414, 630: 0.36104853500561057, 640: 0.3609402113309307, 650: 0.36086893038067547, 660: 0.36099798439855946, 670: 0.3609147691446433, 680: 0.36080714492122234, 690: 0.3609070078174775, 700: 0.3608859563018079, 710: 0.3608465727587094}",680,0.36080714492122234,0.1,0.01,0.001
kin8nm,dropoutFCN,32,0.1,0.001,"{0: 0.5015293790020369, 10: 0.4027636021061947, 20: 0.39712508279737185, 30: 0.3949534691590924, 40: 0.39648835159141604, 50: 0.3955353278832886, 60: 0.3954997132171707}",30,0.3949534691590924,0.1,0.01,0.2
kin8nm,dropoutFCN,32,0.1,0.001,"{0: 0.5002093254292137, 10: 0.39126233542591093, 20: 0.38764608388760846, 30: 0.3866512428547522, 40: 0.3864468701580339, 50: 0.38703766816562285, 60: 0.384958933948337, 70: 0.3845198824486591, 80: 0.3858014639365455, 90: 0.38323465591424716, 100: 0.3845498733184872, 110: 0.38453768179791775, 120: 0.3849928289323204}",90,0.38323465591424716,0.1,0.01,0.1
kin8nm,dropoutFCN,32,0.1,0.001,"{0: 0.5023309977902217, 10: 0.38550130680795436, 20: 0.38152011667919744, 30: 0.38100785666141623, 40: 0.38001776179135305, 50: 0.3797120812894893, 60: 0.38083864166762693, 70: 0.37983309743310556, 80: 0.37939238545555765, 90: 0.37914244866342833, 100: 0.37928454841984716, 110: 0.3795095564900769, 120: 0.37894268079974125, 130: 0.38030982489408277, 140: 0.37984807967219936, 150: 0.37987902179206556}",120,0.37894268079974125,0.1,0.01,0.05
kin8nm,dropoutFCN,32,0.1,0.001,"{0: 0.4948417182640905, 10: 0.3804247499190357, 20: 0.37602346826061683, 30: 0.3744758295425998, 40: 0.37269468199473, 50: 0.3726332357039263, 60: 0.3721969318558009, 70: 0.37245324968907495, 80: 0.37242068113951116, 90: 0.3720453548994573, 100: 0.37104164250158367, 110: 0.37220926155111644, 120: 0.3722395213561467, 130: 0.3719478936667162}",100,0.37104164250158367,0.1,0.01,0.01
kin8nm,dropoutFCN,32,0.1,0.001,"{0: 0.48006666763081307, 10: 0.380794135012957, 20: 0.3762073040285639, 30: 0.37373934242156903, 40: 0.3721267884957876, 50: 0.3713250535470659, 60: 0.3714192173776837, 70: 0.37081575060953653, 80: 0.3701273823643262, 90: 0.37044106264920557, 100: 0.37013617285743483, 110: 0.36970505428382505, 120: 0.37030744740018434, 130: 0.3698234766063037, 140: 0.3696911423224106, 150: 0.36954049579255893, 160: 0.3698574192418339, 170: 0.3698075045663692, 180: 0.3695686996874759}",150,0.36954049579255893,0.1,0.01,0.005
kin8nm,dropoutFCN,32,0.1,0.001,"{0: 0.4841171503592675, 10: 0.37782750866265, 20: 0.3728859929528592, 30: 0.3710713633112558, 40: 0.37032732244424393, 50: 0.36942957706340035, 60: 0.3692994712010961, 70: 0.36922830144065233, 80: 0.36866461474530327, 90: 0.36835536367137, 100: 0.368054723392823, 110: 0.36748034259852425, 120: 0.3673411435228022, 130: 0.3670182407006744, 140: 0.36699916518004677, 150: 0.36672829358875275, 160: 0.3666621157692258, 170: 0.366805450612924, 180: 0.3664229506000876, 190: 0.3663820053197188, 200: 0.36622150831205846, 210: 0.3661298178138891, 220: 0.3659559115038459, 230: 0.3658421306328925, 240: 0.36574222172528825, 250: 0.3657405402493732, 260: 0.36529199015883473, 270: 0.36534689588277247, 280: 0.36529623222173313, 290: 0.3652415640751466, 300: 0.3652377885946768, 310: 0.3649289346300457, 320: 0.3651752808674193, 330: 0.36515145410691957, 340: 0.36480181219968355, 350: 0.36493026398297623, 360: 0.3646570852145535, 370: 0.3645494495543923, 380: 0.36458772766789055, 390: 0.36436034306202963, 400: 0.36444116939298404, 410: 0.36435955877116416, 420: 0.3643630131594505, 430: 0.36403936184922553, 440: 0.36414440821142197, 450: 0.36396112912596595, 460: 0.3638929281949528, 470: 0.3638374570286115, 480: 0.3638338632560462, 490: 0.36391541517045806, 500: 0.3640016000947203, 510: 0.3639937216299846}",480,0.3638338632560462,0.1,0.01,0.001
kin8nm,dropoutFCN,32,0.1,0.002,"{0: 0.466520900317161, 10: 0.41068622936405796, 20: 0.4068469750089202, 30: 0.4098199056820989, 40: 0.4108907395363154, 50: 0.40484980278857774, 60: 0.40885060424691294, 70: 0.4111803278076219, 80: 0.4059787743571541}",50,0.40484980278857774,0.1,0.01,0.2
kin8nm,dropoutFCN,32,0.1,0.002,"{0: 0.44675029269736505, 10: 0.39893250154228366, 20: 0.39660464053194505, 30: 0.39724236679795843, 40: 0.39335773267927054, 50: 0.39626254912646913, 60: 0.3942904975854405, 70: 0.3947167679570035}",40,0.39335773267927054,0.1,0.01,0.1
kin8nm,dropoutFCN,32,0.1,0.002,"{0: 0.4442379758513707, 10: 0.392907142030151, 20: 0.38998923664919966, 30: 0.3895243524782831, 40: 0.38904402069980204, 50: 0.38831739942185567, 60: 0.3879001094600608, 70: 0.38670132072240754, 80: 0.3888164450591961, 90: 0.38781256120362534, 100: 0.38849494720672684}",70,0.38670132072240754,0.1,0.01,0.05
kin8nm,dropoutFCN,32,0.1,0.002,"{0: 0.43556765500115696, 10: 0.3839105684739074, 20: 0.38079276742718393, 30: 0.37941366339881266, 40: 0.37825014758049375, 50: 0.3776958623213401, 60: 0.37819778382862507, 70: 0.3766998838306562, 80: 0.3769279694916884, 90: 0.3763828441964077, 100: 0.37693177223286084, 110: 0.3760065769082296, 120: 0.37653886031233647, 130: 0.37668683290934135, 140: 0.37629340649218224}",110,0.3760065769082296,0.1,0.01,0.01
kin8nm,dropoutFCN,32,0.1,0.002,"{0: 0.43397466160153914, 10: 0.38299012292030526, 20: 0.37886797211227546, 30: 0.3778112401118213, 40: 0.3757292758339752, 50: 0.3752439667839778, 60: 0.3754356195089332, 70: 0.375110032366086, 80: 0.37489434024534246, 90: 0.37397499778278626, 100: 0.37409036997668627, 110: 0.3736242576642651, 120: 0.3734402021518133, 130: 0.37276880166903786, 140: 0.37324022197396317, 150: 0.3732171722408647, 160: 0.37317782595282967}",130,0.37276880166903786,0.1,0.01,0.005
kin8nm,dropoutFCN,32,0.1,0.002,"{0: 0.4389566872992082, 10: 0.38115961729015246, 20: 0.37662920357378027, 30: 0.37481486117139234, 40: 0.37321381490712324, 50: 0.3720641705592119, 60: 0.3710167168383661, 70: 0.3706975757612665, 80: 0.37017911939761294, 90: 0.3702229802965935, 100: 0.36971647500054405, 110: 0.36949562912249234, 120: 0.36929662392956014, 130: 0.36913359771967497, 140: 0.36920342103421033, 150: 0.36942621062977904, 160: 0.36889478574583645, 170: 0.3685576742472585, 180: 0.36832565410251533, 190: 0.3689350142428536, 200: 0.36878926764585945, 210: 0.36877024022472005}",180,0.36832565410251533,0.1,0.01,0.001
kin8nm,dropoutFCN,32,0.01,0.0001,"{0: 0.7541357200505596, 10: 0.37309573367128285, 20: 0.2825356969903286, 30: 0.23084607146035907, 40: 0.20243711304561812, 50: 0.18440560247605514, 60: 0.17428536763250418, 70: 0.16616926199220122, 80: 0.1596588474504673, 90: 0.15495716131539158, 100: 0.15145178746036786, 110: 0.1478909245469199, 120: 0.14578072294132915, 130: 0.14306232588261675, 140: 0.14198291124930135, 150: 0.13977742634318563, 160: 0.13912250459932557, 170: 0.1381118757493942, 180: 0.1371632358248342, 190: 0.1368728874477012, 200: 0.13590284947662068, 210: 0.13537560345796107, 220: 0.1348164471965897, 230: 0.1358402343162451, 240: 0.1343552665961017, 250: 0.13436227333241763, 260: 0.13378162722833, 270: 0.13381933743087365, 280: 0.13302752182193472, 290: 0.1332877053513348, 300: 0.1331693367280647, 310: 0.1324729821838619, 320: 0.13293790956162632, 330: 0.13229598403028703, 340: 0.13239231660758988, 350: 0.1324906238787397, 360: 0.13217591848450966, 370: 0.13152986780526635, 380: 0.13209375024593767, 390: 0.13129611329633928, 400: 0.13119941173391142, 410: 0.13188725138623725, 420: 0.13182166535390452, 430: 0.13245699983325493}",400,0.13119941173391142,0.1,0.01,0.2
kin8nm,dropoutFCN,32,0.01,0.0001,"{0: 0.7014201214046951, 10: 0.33532325001653385, 20: 0.24430731341708634, 30: 0.20098546820906296, 40: 0.17934082509105087, 50: 0.16506071885837933, 60: 0.15597209906817502, 70: 0.14920055546362918, 80: 0.1433598516136768, 90: 0.13965851119317055, 100: 0.13619532826576677, 110: 0.13394788922559836, 120: 0.13107941857300193, 130: 0.12942927710700025, 140: 0.12783963101050752, 150: 0.1266478234840219, 160: 0.12566414458299105, 170: 0.1249896169550286, 180: 0.12370613825443814, 190: 0.12313522468488836, 200: 0.12319454425941442, 210: 0.12225247964059845, 220: 0.12191582535762543, 230: 0.12109806087624923, 240: 0.1208254785284254, 250: 0.1209987883150736, 260: 0.12093416440605671, 270: 0.12043825703997531, 280: 0.12021062564060914, 290: 0.11991826761624294, 300: 0.11975536644937193, 310: 0.11919821529489358, 320: 0.1191840149680273, 330: 0.11899236515832208, 340: 0.11902166301169988, 350: 0.11845357880910892, 360: 0.11816808305673854, 370: 0.11936357389903018, 380: 0.11829733266497322, 390: 0.11838926208027689}",360,0.11816808305673854,0.1,0.01,0.1
kin8nm,dropoutFCN,32,0.01,0.0001,"{0: 0.6912401011257783, 10: 0.3278139455211896, 20: 0.23431660985225947, 30: 0.1924090687322715, 40: 0.1715912064797574, 50: 0.158937892401261, 60: 0.14947888036268403, 70: 0.14281904788706076, 80: 0.13735265491002038, 90: 0.13291606887139118, 100: 0.13011452378700664, 110: 0.12697336912518348, 120: 0.1251440445957523, 130: 0.12322044692810916, 140: 0.12223247977765679, 150: 0.12067541688144441, 160: 0.11968516062173631, 170: 0.11905000926872275, 180: 0.11820900971335338, 190: 0.1176154065830272, 200: 0.11721179072912162, 210: 0.11675472426651948, 220: 0.11657665139842574, 230: 0.11651619945979623, 240: 0.11594851424718897, 250: 0.11582819402376299, 260: 0.11565362648972959, 270: 0.11534875153750099, 280: 0.11431510723782443, 290: 0.11425493035937026, 300: 0.11423938030134165, 310: 0.11417420101289082, 320: 0.11364614822727881, 330: 0.11376409329826369, 340: 0.11313689784623464, 350: 0.11348615398209179, 360: 0.11347197362124746, 370: 0.11310234734869044, 380: 0.11262502656353404, 390: 0.11301995200825896, 400: 0.1126138451679946, 410: 0.11255963753381534, 420: 0.11233192269959735, 430: 0.1122004771978509, 440: 0.11219418861543495, 450: 0.11225275961270727, 460: 0.11152776757318698, 470: 0.11186744195494014, 480: 0.11148476505407294, 490: 0.11146154835757467, 500: 0.11139164974492026, 510: 0.1115265984761286, 520: 0.11118988742636467, 530: 0.11127559602647215, 540: 0.11062814735766065, 550: 0.11085967690926515, 560: 0.11096511514326961, 570: 0.1105740743412836, 580: 0.11084974132989849, 590: 0.11062188937513288, 600: 0.11108723317478156}",570,0.1105740743412836,0.1,0.01,0.05
kin8nm,dropoutFCN,32,0.01,0.0001,"{0: 0.7070800342797051, 10: 0.30932296252736696, 20: 0.21561033852967357, 30: 0.17918394185836192, 40: 0.16131419651786993, 50: 0.1496350819174239, 60: 0.14107068005526952, 70: 0.13462895891520038, 80: 0.12916600328143932, 90: 0.1250656564336762, 100: 0.1217320345664692, 110: 0.11876479049922617, 120: 0.11651575192620738, 130: 0.11455067596906765, 140: 0.1128704679906849, 150: 0.11133360985302684, 160: 0.11000822316034067, 170: 0.1089812099719071, 180: 0.10826889928211432, 190: 0.10776794785502224, 200: 0.10738463107136662, 210: 0.10704447649188556, 220: 0.10623843549515595, 230: 0.10585720152547311, 240: 0.10546924390136472, 250: 0.10526341632763499, 260: 0.10499611629264316, 270: 0.10439260607826442, 280: 0.10436743294834865, 290: 0.10447562386593097, 300: 0.10450489127274179, 310: 0.10401278454355882, 320: 0.10378988208425377, 330: 0.10361167930099946, 340: 0.10332725739372309, 350: 0.10304647807534825, 360: 0.1030411307712068, 370: 0.10312950775829592, 380: 0.10295889223651855, 390: 0.10294298152533703, 400: 0.1026727379215103, 410: 0.10259738505893452, 420: 0.10264095996811487, 430: 0.10239956600698837, 440: 0.10222166816061048, 450: 0.10196836343677003, 460: 0.10227482517252133, 470: 0.10201295355150579, 480: 0.10194424801206822, 490: 0.10225583632350639, 500: 0.1019916522126546, 510: 0.10187024058147354, 520: 0.1018318749337436, 530: 0.10163813850787087, 540: 0.10172811502910842, 550: 0.10138334475470205, 560: 0.10164120288427655, 570: 0.10155262034405851, 580: 0.10157450338315414}",550,0.10138334475470205,0.1,0.01,0.01
kin8nm,dropoutFCN,32,0.01,0.0001,"{0: 0.6908782029910245, 10: 0.30746694002072716, 20: 0.21942384903717863, 30: 0.17929762902062127, 40: 0.1582539989704049, 50: 0.14520936544600663, 60: 0.13610097113053324, 70: 0.12955425255379455, 80: 0.12436881699354793, 90: 0.12008126901581835, 100: 0.11727676598464813, 110: 0.11460034223362969, 120: 0.1127322044199153, 130: 0.11072084939418017, 140: 0.10947815144310746, 150: 0.10831714031063674, 160: 0.10742468330278998, 170: 0.1064227253266127, 180: 0.10575603479034545, 190: 0.10504110190795682, 200: 0.10473228132395887, 210: 0.10423034692543984, 220: 0.10359113928874708, 230: 0.1033243667679666, 240: 0.10280897873288035, 250: 0.10253136634582502, 260: 0.10230120946667412, 270: 0.10196138458026197, 280: 0.10179325163578894, 290: 0.10134789180142287, 300: 0.10131542455909821, 310: 0.10115641825209684, 320: 0.10088682698547961, 330: 0.1007823637899324, 340: 0.10041506145055308, 350: 0.10050410220933095, 360: 0.10038247334601975, 370: 0.10016552645835408, 380: 0.09982552297904398, 390: 0.09992421332067437, 400: 0.09943382643522977, 410: 0.09954466790944086, 420: 0.09932029367599657, 430: 0.09931193674828385, 440: 0.0993179990542908, 450: 0.09904632816225134, 460: 0.09884304040302545, 470: 0.09896392772357523, 480: 0.0988960263312254, 490: 0.09877431404685284, 500: 0.09866079229111305, 510: 0.09848816238688217, 520: 0.09844249406794413, 530: 0.09833837945552856, 540: 0.09843820476888795, 550: 0.09853687746381815, 560: 0.0983494089092527}",530,0.09833837945552856,0.1,0.01,0.005
kin8nm,dropoutFCN,32,0.01,0.0001,"{0: 0.691515461129104, 10: 0.3103894603046014, 20: 0.2155729115218655, 30: 0.17575660167445695, 40: 0.15560475193330964, 50: 0.14278034107691343, 60: 0.13344121143936197, 70: 0.12629318777650062, 80: 0.12101594874575808, 90: 0.11700825285260925, 100: 0.1139012441393938, 110: 0.11130635621488649, 120: 0.10926874043972859, 130: 0.10740141952612754, 140: 0.10590634194340975, 150: 0.10485303136775748, 160: 0.10394952364137637, 170: 0.10307705688221888, 180: 0.10260406585164553, 190: 0.10190391278314245, 200: 0.10143987041394349, 210: 0.10101613450900378, 220: 0.10077452708764863, 230: 0.10029069449600492, 240: 0.10005864574220871, 250: 0.09982749875504174, 260: 0.0994978911998247, 270: 0.09930676858149269, 280: 0.09919202751363718, 290: 0.09897029695447575, 300: 0.09889045911271008, 310: 0.09879788702687979, 320: 0.09854505390538429, 330: 0.09843966842361968, 340: 0.09836110032349353, 350: 0.09830549825198039, 360: 0.09820550162196087, 370: 0.098168376413134, 380: 0.09809944666613511, 390: 0.0978859880353484, 400: 0.09781685730772645, 410: 0.09777954241699235, 420: 0.09767879145686145, 430: 0.09760243121631482, 440: 0.09761765187754336, 450: 0.09769955306962574, 460: 0.09736466686050797, 470: 0.0974760193669347, 480: 0.09736566749203864, 490: 0.09737275799639908}",460,0.09736466686050797,0.1,0.01,0.001
kin8nm,dropoutFCN,32,0.01,0.0005,"{0: 0.482553094946706, 10: 0.1916597483511781, 20: 0.16020637558186052, 30: 0.1488457392372109, 40: 0.1428137804308915, 50: 0.1414372564741152, 60: 0.14316998530704345, 70: 0.14138026934133235, 80: 0.13931544139892854, 90: 0.13891629228839353, 100: 0.1389285496751062, 110: 0.13653170520230715, 120: 0.13628115517996967, 130: 0.13640094126941807, 140: 0.13566704179856595, 150: 0.13556983522465407, 160: 0.13779475195506774, 170: 0.13634622368021623, 180: 0.13649540559389323}",150,0.13556983522465407,0.1,0.01,0.2
kin8nm,dropoutFCN,32,0.01,0.0005,"{0: 0.4721836622961314, 10: 0.1746558264654472, 20: 0.14487868489089212, 30: 0.1336998686183262, 40: 0.13021894571914652, 50: 0.12984577318926613, 60: 0.12523624137103212, 70: 0.1232868736787002, 80: 0.12336141991071692, 90: 0.122696629226223, 100: 0.12310631850850436, 110: 0.12309650112922174, 120: 0.12230531138148819, 130: 0.1250236556562619, 140: 0.1241048617718273, 150: 0.12231668142689796}",120,0.12230531138148819,0.1,0.01,0.1
kin8nm,dropoutFCN,32,0.01,0.0005,"{0: 0.4591807061745419, 10: 0.16213287015108008, 20: 0.13588928114708576, 30: 0.1262012009137755, 40: 0.1216339109208969, 50: 0.11838106369233128, 60: 0.11840863026701598, 70: 0.11643745746171767, 80: 0.115983799647059, 90: 0.11462117753854613, 100: 0.11561227917018382, 110: 0.11564781188773787, 120: 0.11432671011004066, 130: 0.1162075001095533, 140: 0.11295585201356757, 150: 0.11285455289800961, 160: 0.11380366556095708, 170: 0.11266900716702237, 180: 0.11387117356508429, 190: 0.11351764813392548, 200: 0.11517514744241453}",170,0.11266900716702237,0.1,0.01,0.05
kin8nm,dropoutFCN,32,0.01,0.0005,"{0: 0.43871785426288235, 10: 0.15239112686150863, 20: 0.12748794654099654, 30: 0.11786393948912025, 40: 0.11323196613534939, 50: 0.11151181205307596, 60: 0.10901038787559399, 70: 0.1086631907671125, 80: 0.10840762997023456, 90: 0.10733411230246967, 100: 0.10763630906181014, 110: 0.10799444055743068, 120: 0.10571925477236088, 130: 0.10696413478726634, 140: 0.10627636984505795, 150: 0.10654516092100925}",120,0.10571925477236088,0.1,0.01,0.01
kin8nm,dropoutFCN,32,0.01,0.0005,"{0: 0.4475552951660429, 10: 0.1550481790344478, 20: 0.1297180663125861, 30: 0.1188681252389665, 40: 0.11358839217549695, 50: 0.1120533640189532, 60: 0.11075584641050613, 70: 0.10913025789989492, 80: 0.10847323771456589, 90: 0.10856222338023658, 100: 0.10767714707410406, 110: 0.1065826907642399, 120: 0.10710094711121909, 130: 0.10682688351487282, 140: 0.10573830871554726, 150: 0.10620416920400481, 160: 0.10623509744159834, 170: 0.1062347953634289}",140,0.10573830871554726,0.1,0.01,0.005
kin8nm,dropoutFCN,32,0.01,0.0005,"{0: 0.435454350163967, 10: 0.15070982221725587, 20: 0.12589092597572835, 30: 0.11628434276878381, 40: 0.1116414454408929, 50: 0.10901914207349084, 60: 0.10742436509175637, 70: 0.10663242464932239, 80: 0.10621257193200659, 90: 0.10593668948850843, 100: 0.10510280832784931, 110: 0.10518961199198995, 120: 0.10474646345701762, 130: 0.10485655620980575, 140: 0.10434845593266788, 150: 0.10426561463699355, 160: 0.104559730694473, 170: 0.1041851212633214, 180: 0.10432963886572563, 190: 0.10422127652695008, 200: 0.10396075647398444, 210: 0.10401622580424508, 220: 0.10366481392040965, 230: 0.10356980869688467, 240: 0.10381355327412138, 250: 0.10399154794668308, 260: 0.1033346241296704, 270: 0.10319735936130592, 280: 0.1036527638785087, 290: 0.10339656593463933, 300: 0.10380015930417716}",270,0.10319735936130592,0.1,0.01,0.001
kin8nm,dropoutFCN,32,0.01,0.001,"{0: 0.41036688339327015, 10: 0.17174662288877998, 20: 0.15253295348843462, 30: 0.14900389216152088, 40: 0.14557954351588998, 50: 0.14714435013613802, 60: 0.1456194901415803, 70: 0.14530407127089706, 80: 0.1463298619745546, 90: 0.14315997891656854, 100: 0.14323520764603273, 110: 0.14220881841095334, 120: 0.14097420062388524, 130: 0.14101679380924398, 140: 0.14115471870236895, 150: 0.14308678743648082}",120,0.14097420062388524,0.1,0.01,0.2
kin8nm,dropoutFCN,32,0.01,0.001,"{0: 0.3951895722631399, 10: 0.1504033063526862, 20: 0.13885619542807043, 30: 0.13047630948949404, 40: 0.13185126192883329, 50: 0.12896136327593122, 60: 0.1292882615324746, 70: 0.12924718877795022, 80: 0.12859453871926632, 90: 0.12858008639579424, 100: 0.12790886233265225, 110: 0.1246463797403696, 120: 0.12556999368584823, 130: 0.12710463406753442, 140: 0.1274703469092125}",110,0.1246463797403696,0.1,0.01,0.1
kin8nm,dropoutFCN,32,0.01,0.001,"{0: 0.37228856845744873, 10: 0.14504545384532355, 20: 0.12993865260318666, 30: 0.12577845475288524, 40: 0.12512775244373878, 50: 0.12214779552767907, 60: 0.123574860841474, 70: 0.12166468165092685, 80: 0.12114157274821205, 90: 0.12168762925248636, 100: 0.11923530588597886, 110: 0.120471683044116, 120: 0.11914557208774748, 130: 0.11942758645314266, 140: 0.11887001797904198, 150: 0.1177142369780098, 160: 0.11879433377816213, 170: 0.11775745941472884, 180: 0.11765604717280462, 190: 0.1193431174066683, 200: 0.12010987178882471, 210: 0.11903113084366783}",180,0.11765604717280462,0.1,0.01,0.05
kin8nm,dropoutFCN,32,0.01,0.001,"{0: 0.3576648893209676, 10: 0.13998095150460446, 20: 0.12361170386939191, 30: 0.11862319372451931, 40: 0.11687018200268454, 50: 0.11448743125083505, 60: 0.11267620439720746, 70: 0.11347723482569327, 80: 0.11392164726017118, 90: 0.11424701016994292}",60,0.11267620439720746,0.1,0.01,0.01
kin8nm,dropoutFCN,32,0.01,0.001,"{0: 0.370577467475652, 10: 0.1383397153933787, 20: 0.12171483857705427, 30: 0.11650647663229234, 40: 0.11375634250991103, 50: 0.11321769573214165, 60: 0.11205710648458544, 70: 0.11041269182846174, 80: 0.11001074046591172, 90: 0.10963156091856349, 100: 0.1085801485421108, 110: 0.1095332690591905, 120: 0.1083524263213693, 130: 0.10809678064733627, 140: 0.10917822895074218, 150: 0.1071264607819656, 160: 0.10755031262064825, 170: 0.1070856426605636, 180: 0.10805080025271674, 190: 0.10696171810823614, 200: 0.10673014906931022, 210: 0.10685671089068491, 220: 0.10774823549816881, 230: 0.10669236206039923, 240: 0.10712815607615003, 250: 0.10704220856988403, 260: 0.10716714301346446}",230,0.10669236206039923,0.1,0.01,0.005
kin8nm,dropoutFCN,32,0.01,0.001,"{0: 0.35979369376051407, 10: 0.1323168541593354, 20: 0.11804025381815313, 30: 0.11370425305334322, 40: 0.11183011640455318, 50: 0.11010907473533212, 60: 0.10930692441009368, 70: 0.10800081870481341, 80: 0.10795097403187373, 90: 0.10757541962995029, 100: 0.10704773394356029, 110: 0.10718155434445038, 120: 0.10672119980785474, 130: 0.10631794291246102, 140: 0.10668329200364508, 150: 0.10657428355894853, 160: 0.10574273970128827, 170: 0.10573865381341008, 180: 0.10594309830493828, 190: 0.105789766235771, 200: 0.1058965988288453}",170,0.10573865381341008,0.1,0.01,0.001
kin8nm,dropoutFCN,32,0.01,0.002,"{0: 0.35862846778173096, 10: 0.16380012420283002, 20: 0.15578653913555107, 30: 0.1552386326567938, 40: 0.15622528672672625, 50: 0.15525173673262377, 60: 0.1541792744405492, 70: 0.15156805010240584, 80: 0.15292222819519447, 90: 0.1524054416226449, 100: 0.15443556310665935}",70,0.15156805010240584,0.1,0.01,0.2
kin8nm,dropoutFCN,32,0.01,0.002,"{0: 0.3243532920587186, 10: 0.1547347623614757, 20: 0.14689710583745644, 30: 0.14394637337224497, 40: 0.14010119690734793, 50: 0.1403098559652871, 60: 0.13782202913527447, 70: 0.136773883299522, 80: 0.13594554997863767, 90: 0.13817353585728534, 100: 0.13636183380265035, 110: 0.13577213447405492, 120: 0.13320573249905884, 130: 0.13848983980075252, 140: 0.1381754673463233, 150: 0.1346903395686436}",120,0.13320573249905884,0.1,0.01,0.1
kin8nm,dropoutFCN,32,0.01,0.002,"{0: 0.30453556900241924, 10: 0.14621682922882154, 20: 0.13745082031238057, 30: 0.13417305325492937, 40: 0.130121858229806, 50: 0.13104141225122107, 60: 0.1307765011744039, 70: 0.12945213459991978, 80: 0.12918675544479666, 90: 0.12986094509985358, 100: 0.12897594280571267, 110: 0.1279347165043504, 120: 0.13037679556610643, 130: 0.1278212555832595, 140: 0.1277518162533588, 150: 0.12957153680982705, 160: 0.13053130290388099, 170: 0.128093828637257}",140,0.1277518162533588,0.1,0.01,0.05
kin8nm,dropoutFCN,32,0.01,0.002,"{0: 0.29877749683980986, 10: 0.1432671557812171, 20: 0.13188016147495935, 30: 0.12337134151266405, 40: 0.12135985827240836, 50: 0.12050644406766128, 60: 0.12089405973959884, 70: 0.12129477372224698, 80: 0.12168124951218447}",50,0.12050644406766128,0.1,0.01,0.01
kin8nm,dropoutFCN,32,0.01,0.002,"{0: 0.28300298228115717, 10: 0.13990281131463972, 20: 0.12668779856084186, 30: 0.12139447165986343, 40: 0.1165371575717952, 50: 0.11623675240956222, 60: 0.11637114930056133, 70: 0.11550324673997378, 80: 0.11495842251053864, 90: 0.11503804742102477, 100: 0.1153610073380171, 110: 0.11589497371978694}",80,0.11495842251053864,0.1,0.01,0.005
kin8nm,dropoutFCN,32,0.01,0.002,"{0: 0.2861932154364627, 10: 0.13535394973261042, 20: 0.12450573002221017, 30: 0.11991970074357712, 40: 0.11667665712421069, 50: 0.1167638265255037, 60: 0.11490078754707758, 70: 0.1137522539831978, 80: 0.11380835947723575, 90: 0.11382767336039554, 100: 0.11363186417292903, 110: 0.11283033679375158, 120: 0.11284044254409446, 130: 0.1124261893044525, 140: 0.11303725583772999, 150: 0.11290320605619883, 160: 0.11280369708666274}",130,0.1124261893044525,0.1,0.01,0.001
kin8nm,dropoutFCN,32,0.001,0.0001,"{0: 0.7261954939666706, 10: 0.3534513090840704, 20: 0.262766749388675, 30: 0.2150670060355669, 40: 0.18610145598348557, 50: 0.1667731209116828, 60: 0.15351091992874788, 70: 0.14283243118978445, 80: 0.134619747194827, 90: 0.12848280364130635, 100: 0.12366480706246388, 110: 0.11888601777537469, 120: 0.11509102957389254, 130: 0.11321555558670235, 140: 0.10982096391601037, 150: 0.10756717323799296, 160: 0.10462510264181132, 170: 0.10365258639066069, 180: 0.10174713384768415, 190: 0.10076181226177328, 200: 0.0988784262464362, 210: 0.09862530564722126, 220: 0.09697295781434526, 230: 0.09610552373278752, 240: 0.095013355985273, 250: 0.09377836821499594, 260: 0.09375995077509607, 270: 0.09258644567406671, 280: 0.09202238884110978, 290: 0.09137595061731352, 300: 0.0903506881305752, 310: 0.08992788812595219, 320: 0.08968589224101034, 330: 0.08903898578568926, 340: 0.08866431199625233, 350: 0.08777766145712029, 360: 0.08769427655071302, 370: 0.08831281484759441, 380: 0.08641883040636657, 390: 0.08692307851942896, 400: 0.08651642724607869, 410: 0.0862224502515445, 420: 0.08633424106403721, 430: 0.08569896177809815, 440: 0.08467127854391204, 450: 0.08548041979730317, 460: 0.08415833725899383, 470: 0.08422853919286173, 480: 0.08408027265991508, 490: 0.08437488638239372, 500: 0.08379959245606805, 510: 0.08433682861474537, 520: 0.08417682806445684, 530: 0.08392432171287659}",500,0.08379959245606805,0.1,0.01,0.2
kin8nm,dropoutFCN,32,0.001,0.0001,"{0: 0.7353191017726604, 10: 0.3097312177883607, 20: 0.22447811211295096, 30: 0.1858892613274473, 40: 0.1638027761975001, 50: 0.1478303842924421, 60: 0.13566763956081157, 70: 0.1268074101224113, 80: 0.11859427888636129, 90: 0.11298202543257911, 100: 0.10892043447065332, 110: 0.10433368456895306, 120: 0.10178512317955564, 130: 0.09832853271359637, 140: 0.09632452371960466, 150: 0.09455102623608319, 160: 0.09316141180718443, 170: 0.09073988127295674, 180: 0.08997034287468456, 190: 0.088169719876051, 200: 0.08743387820719235, 210: 0.0870763966730916, 220: 0.08552300023689766, 230: 0.08464454222092203, 240: 0.08309475445619345, 250: 0.08247114144686071, 260: 0.08335075415715425, 270: 0.08259703235417123, 280: 0.08178266786770437, 290: 0.08108381239018278, 300: 0.08100506145712709, 310: 0.07935926617251181, 320: 0.07930896446725286, 330: 0.07914795898541169, 340: 0.07898260532358599, 350: 0.0789556127890347, 360: 0.07849791030482714, 370: 0.0791418196471361, 380: 0.07763487779074948, 390: 0.07730002710722046, 400: 0.07682525884168953, 410: 0.07654746624958209, 420: 0.07656101458981675, 430: 0.07674767262374468, 440: 0.07665794511671671}",410,0.07654746624958209,0.1,0.01,0.1
kin8nm,dropoutFCN,32,0.001,0.0001,"{0: 0.6935257211257846, 10: 0.30199269489378694, 20: 0.2126459034183065, 30: 0.17264395850381692, 40: 0.15065120046332675, 50: 0.13581467389869195, 60: 0.12493372811439789, 70: 0.11641942402690308, 80: 0.11018597387106806, 90: 0.10464674729520843, 100: 0.10044031382580909, 110: 0.0969131120259249, 120: 0.09421682862206547, 130: 0.09194901355644772, 140: 0.08992536356079442, 150: 0.08846538656889817, 160: 0.08652622055465206, 170: 0.08626376920660964, 180: 0.0850602228090118, 190: 0.08360456628220707, 200: 0.08326786459274554, 210: 0.08223769174158112, 220: 0.0814231901740466, 230: 0.0808674066664189, 240: 0.07979355756134118, 250: 0.0788117511566983, 260: 0.07920233945770333, 270: 0.07791747652254133, 280: 0.07810804175870172, 290: 0.07749224129440643, 300: 0.07734566862685294, 310: 0.07621634992570124, 320: 0.07664020109355876, 330: 0.07647116160224836, 340: 0.07645506407243131}",310,0.07621634992570124,0.1,0.01,0.05
kin8nm,dropoutFCN,32,0.001,0.0001,"{0: 0.6935135382032757, 10: 0.2879656481822371, 20: 0.1926518433367481, 30: 0.15609223912050624, 40: 0.13646938361060879, 50: 0.12303200173911666, 60: 0.11339480857282584, 70: 0.10621660360011558, 80: 0.10033203096951204, 90: 0.09671105375864497, 100: 0.09344520623974342, 110: 0.090379305005085, 120: 0.08844489948345743, 130: 0.08714401138817536, 140: 0.08534366440413559, 150: 0.0837334870129407, 160: 0.08270376742356234, 170: 0.08134424743969258, 180: 0.08099294948797467, 190: 0.07968673137890793, 200: 0.08028613632800584, 210: 0.07837640510805836, 220: 0.07903729569632156, 230: 0.07785135616865049, 240: 0.07766365197566603, 250: 0.07750037134384434, 260: 0.0771501404414368, 270: 0.07672390016757046, 280: 0.07645636825291187, 290: 0.07712056313422194, 300: 0.07597253351332696, 310: 0.07573647113466897, 320: 0.0756287476712012, 330: 0.07580808844041749, 340: 0.07451766692477779, 350: 0.07529533938146257, 360: 0.0741427723154712, 370: 0.07410036509805054, 380: 0.07403346698555247, 390: 0.07347461031370453, 400: 0.07414684002654438, 410: 0.07344428565819107, 420: 0.07385330591996567, 430: 0.07378816668789265, 440: 0.07399786098678154}",410,0.07344428565819107,0.1,0.01,0.01
kin8nm,dropoutFCN,32,0.001,0.0001,"{0: 0.6858960987629198, 10: 0.2878042473516547, 20: 0.19497727034340667, 30: 0.1565375407777442, 40: 0.13479777167187676, 50: 0.12042295581430658, 60: 0.11011759019046866, 70: 0.10311832058274303, 80: 0.09830101369164483, 90: 0.09495233725847618, 100: 0.09130368017293818, 110: 0.08945005228128061, 120: 0.08764136213210635, 130: 0.0861979903945687, 140: 0.08504502673981754, 150: 0.08407166355268061, 160: 0.08267148887203428, 170: 0.08223307605209862, 180: 0.08131218845634221, 190: 0.08078410412641371, 200: 0.07989615129806452, 210: 0.07991664831907472, 220: 0.07895172525357588, 230: 0.07870133056943839, 240: 0.0783535188664484, 250: 0.07835651370143991, 260: 0.07681850689038303, 270: 0.07692911031797182, 280: 0.07734222583308005, 290: 0.07676218338418524, 300: 0.07653332063679306, 310: 0.07685623285467827, 320: 0.07623973088184474, 330: 0.0766297548155058, 340: 0.07537799531320424, 350: 0.07563880489414929, 360: 0.07614089722518755, 370: 0.07532766273916963, 380: 0.07506218913115333, 390: 0.07469058158111995, 400: 0.0747635735872408, 410: 0.0739340967218382, 420: 0.07418986328028222, 430: 0.07466249279355405, 440: 0.074326315309002}",410,0.0739340967218382,0.1,0.01,0.005
kin8nm,dropoutFCN,32,0.001,0.0001,"{0: 0.7018166826775254, 10: 0.2860142900864334, 20: 0.19552262059579512, 30: 0.15714568512519728, 40: 0.13576867410554583, 50: 0.12146087777758381, 60: 0.1118261507436366, 70: 0.10505767547571163, 80: 0.10016548132239922, 90: 0.0964043574230138, 100: 0.09342684343462512, 110: 0.09110121869373357, 120: 0.08899663047659694, 130: 0.0879338166514498, 140: 0.08595030025399361, 150: 0.08481011658709112, 160: 0.08338083510252654, 170: 0.08260875819374289, 180: 0.08183429626192809, 190: 0.08084343608711822, 200: 0.08058559374590275, 210: 0.0798928324160415, 220: 0.07902937176744294, 230: 0.07899941584494663, 240: 0.07865068997723, 250: 0.07822994001327346, 260: 0.07825808405001566, 270: 0.07766663854630336, 280: 0.07766647884693699, 290: 0.07728535542357236, 300: 0.07692215279951169, 310: 0.07679165016517589, 320: 0.07655728170222537, 330: 0.07629506174906417, 340: 0.07612789198212806, 350: 0.07582934447118357, 360: 0.07591717877582273, 370: 0.07544768591470233, 380: 0.07570248510167192, 390: 0.07544738308021356, 400: 0.07528288103735999, 410: 0.07492262527393552, 420: 0.07492421596426588, 430: 0.07484808146256511, 440: 0.07455875626809642, 450: 0.07450190071728438, 460: 0.07448115614593162, 470: 0.07465481260306565, 480: 0.0745094169115479, 490: 0.0746274795496795}",460,0.07448115614593162,0.1,0.01,0.001
kin8nm,dropoutFCN,32,0.001,0.0005,"{0: 0.4696500326572931, 10: 0.1728976595506507, 20: 0.12935924079783798, 30: 0.11243173904014994, 40: 0.10453687168704415, 50: 0.09998545984590426, 60: 0.09577605806026859, 70: 0.0941433576016695, 80: 0.0930520963811422, 90: 0.09223179798811101, 100: 0.09198996345975727, 110: 0.0891636002171826, 120: 0.0881917283314226, 130: 0.0875626327866495, 140: 0.08712876278837367, 150: 0.08604595283851622, 160: 0.08657523583613345, 170: 0.08686830695265027, 180: 0.08688299286092616}",150,0.08604595283851622,0.1,0.01,0.2
kin8nm,dropoutFCN,32,0.001,0.0005,"{0: 0.4526714783761136, 10: 0.1509657974194777, 20: 0.11429551024876634, 30: 0.10059398705942238, 40: 0.09466221747158952, 50: 0.09070016520771704, 60: 0.08759136990616721, 70: 0.08494357338213451, 80: 0.08214914260829737, 90: 0.08144292395467206, 100: 0.08257837171910834, 110: 0.08133821023547738, 120: 0.07976050030819973, 130: 0.08163548898427597, 140: 0.0790716280331611, 150: 0.07911240519129174, 160: 0.07879113342957896, 170: 0.07861157845622128, 180: 0.07813709867872329, 190: 0.07832574004940765, 200: 0.07891526698313993, 210: 0.07569858017304634, 220: 0.07666066928973586, 230: 0.07904600417194352, 240: 0.07606958806428929}",210,0.07569858017304634,0.1,0.01,0.1
kin8nm,dropoutFCN,32,0.001,0.0005,"{0: 0.4298275998395004, 10: 0.1325151010393491, 20: 0.10073727462444264, 30: 0.09404592097826628, 40: 0.08756298176006713, 50: 0.08415333498992919, 60: 0.08126036220258855, 70: 0.08032382822626191, 80: 0.07754453306894055, 90: 0.07946699902775092, 100: 0.07670901680319556, 110: 0.07563392089777829, 120: 0.07541110804823174, 130: 0.07585841974494804, 140: 0.07540216667281463, 150: 0.07560238140176513, 160: 0.0755171614587968, 170: 0.07534062699383917, 180: 0.07440479179378776, 190: 0.07491837509223698, 200: 0.07543431349092392, 210: 0.07424911016169973, 220: 0.07407212656251808, 230: 0.07357059670734176, 240: 0.07484354511232459, 250: 0.07421025891319247, 260: 0.07511212624513292}",230,0.07357059670734176,0.1,0.01,0.05
kin8nm,dropoutFCN,32,0.001,0.0005,"{0: 0.42886165388880954, 10: 0.1228583507503854, 20: 0.09680613436467339, 30: 0.08721597755918248, 40: 0.08358379793571717, 50: 0.08174470322495143, 60: 0.08002717740635283, 70: 0.07886261904594907, 80: 0.0781213194731599, 90: 0.07624076918297835, 100: 0.07671064638637656, 110: 0.07551111860821362, 120: 0.07473305194630758, 130: 0.0748469024864909, 140: 0.07521880980742623, 150: 0.07393512080662838, 160: 0.07310951998597796, 170: 0.07305013197288553, 180: 0.0743522543928711, 190: 0.07320460691447657, 200: 0.07361285594248815}",170,0.07305013197288553,0.1,0.01,0.01
kin8nm,dropoutFCN,32,0.001,0.0005,"{0: 0.42460618300328773, 10: 0.12382303760831345, 20: 0.09931274396330272, 30: 0.08996254032214242, 40: 0.0867234310768452, 50: 0.0839777434015941, 60: 0.07996771048588407, 70: 0.08079126688092848, 80: 0.07984873444927543, 90: 0.07743418951145738, 100: 0.07734423001876059, 110: 0.0794828566188771, 120: 0.07847138101088995, 130: 0.07600574597762924, 140: 0.07671500102777465, 150: 0.07589838148901734, 160: 0.07658511377873163, 170: 0.07652775044308655, 180: 0.07718255925807038}",150,0.07589838148901734,0.1,0.01,0.005
kin8nm,dropoutFCN,32,0.001,0.0005,"{0: 0.4316926984732784, 10: 0.1230774388763793, 20: 0.09688341897657098, 30: 0.08892256877288104, 40: 0.08516277476233727, 50: 0.08372779078046659, 60: 0.08192598773452917, 70: 0.08133377956632823, 80: 0.08057778721775154, 90: 0.07925343106430878, 100: 0.07939052914871848, 110: 0.07797793417609558, 120: 0.07876919504844995, 130: 0.07841895341463115, 140: 0.07782530534736895, 150: 0.07724423301769442, 160: 0.07773706185846854, 170: 0.07738308990369512, 180: 0.07805468054078366}",150,0.07724423301769442,0.1,0.01,0.001
kin8nm,dropoutFCN,32,0.001,0.001,"{0: 0.4131670260650807, 10: 0.13402348197309738, 20: 0.11317848488924383, 30: 0.10307769646908208, 40: 0.09709395987009059, 50: 0.09728202877555078, 60: 0.0930736293649383, 70: 0.09603286598832136, 80: 0.09761911115519942, 90: 0.09438994142598973}",60,0.0930736293649383,0.1,0.01,0.2
kin8nm,dropoutFCN,32,0.001,0.001,"{0: 0.3721023131783736, 10: 0.11714453000849287, 20: 0.10314090315084805, 30: 0.09296862618958249, 40: 0.09383560835869267, 50: 0.08785085712765149, 60: 0.08666710728234452, 70: 0.08337861094361403, 80: 0.0852768499626628, 90: 0.08508896222367938, 100: 0.08320481459752205, 110: 0.08427393111718437, 120: 0.08049441007741828, 130: 0.08202906478199919, 140: 0.08425873060139027, 150: 0.08114835189364358}",120,0.08049441007741828,0.1,0.01,0.1
kin8nm,dropoutFCN,32,0.001,0.001,"{0: 0.3643715390671763, 10: 0.1098770807043808, 20: 0.09277480239973247, 30: 0.08883049743478846, 40: 0.08216605481680676, 50: 0.08400753419895254, 60: 0.08219358460485486, 70: 0.08358846321386786}",40,0.08216605481680676,0.1,0.01,0.05
kin8nm,dropoutFCN,32,0.001,0.001,"{0: 0.3418455647517626, 10: 0.10568976484997647, 20: 0.09075085458098903, 30: 0.08351926058101491, 40: 0.08316617690190964, 50: 0.08289061819873975, 60: 0.08061148126073583, 70: 0.08158640668614939, 80: 0.08034033932080668, 90: 0.08014267580467371, 100: 0.08010359060119057, 110: 0.08132881421885413, 120: 0.08019094918740434, 130: 0.07854082915540693, 140: 0.07908567885529005, 150: 0.08026146773927653, 160: 0.07901847699219947}",130,0.07854082915540693,0.1,0.01,0.01
kin8nm,dropoutFCN,32,0.001,0.001,"{0: 0.3461232589043819, 10: 0.10536759357785785, 20: 0.08874516490520006, 30: 0.08448616840509422, 40: 0.08151066593043238, 50: 0.07926405827512403, 60: 0.07779462040310213, 70: 0.07727246590121048, 80: 0.07813902496415062, 90: 0.07813473954324875, 100: 0.0794485169821709}",70,0.07727246590121048,0.1,0.01,0.005
kin8nm,dropoutFCN,32,0.001,0.001,"{0: 0.33920448014219207, 10: 0.10350433489788277, 20: 0.09082481989227127, 30: 0.08677688298375034, 40: 0.08372391654334037, 50: 0.08337740729842588, 60: 0.0819612065837419, 70: 0.08069148848596452, 80: 0.07990458062139272, 90: 0.07909983554111226, 100: 0.07874470477471626, 110: 0.07909215855675826, 120: 0.07759124340957466, 130: 0.07717129943793329, 140: 0.07764887737749664, 150: 0.0765105722311801, 160: 0.07739747896944078, 170: 0.07748800985287142, 180: 0.07762256280402038}",150,0.0765105722311801,0.1,0.01,0.001
kin8nm,dropoutFCN,32,0.001,0.002,"{0: 0.3350395194873236, 10: 0.1259238347612781, 20: 0.11156004538382344, 30: 0.10720357370855985, 40: 0.10386282999268384, 50: 0.09971583586354776, 60: 0.10314888565233968, 70: 0.10012632357923631, 80: 0.09890064674051521, 90: 0.09585276776774007, 100: 0.10262890230284541, 110: 0.09813795759121083, 120: 0.09513918007300144, 130: 0.10054089280616212, 140: 0.1041450282273126, 150: 0.10165248095734052}",120,0.09513918007300144,0.1,0.01,0.2
kin8nm,dropoutFCN,32,0.001,0.002,"{0: 0.29511659222193887, 10: 0.11398495907440016, 20: 0.10047125008955475, 30: 0.10115306215892406, 40: 0.09499126180724185, 50: 0.0939727480706351, 60: 0.09541734840281448, 70: 0.0969709224044437, 80: 0.09079307371489993, 90: 0.09265928714725262, 100: 0.0921122229629375, 110: 0.09192625565804777}",80,0.09079307371489993,0.1,0.01,0.1
kin8nm,dropoutFCN,32,0.001,0.002,"{0: 0.2829250435602192, 10: 0.10894081496613692, 20: 0.09725389194794912, 30: 0.09382672616547305, 40: 0.09248139574418646, 50: 0.08841302000889095, 60: 0.08634514918023325, 70: 0.08970574407264056, 80: 0.08762529591117159, 90: 0.08980249739346718}",60,0.08634514918023325,0.1,0.01,0.05
kin8nm,dropoutFCN,32,0.001,0.002,"{0: 0.26986018884730745, 10: 0.10607178254399766, 20: 0.09549744786299721, 30: 0.09055532380662704, 40: 0.09104694506556064, 50: 0.08921797413034474, 60: 0.08696531315376477, 70: 0.0861267863492116, 80: 0.08556895590991025, 90: 0.0834942429075698, 100: 0.08337749181317006, 110: 0.08290922333581816, 120: 0.08136160800299934, 130: 0.08324047173900506, 140: 0.08190258338585234, 150: 0.08171489182385291}",120,0.08136160800299934,0.1,0.01,0.01
kin8nm,dropoutFCN,32,0.001,0.002,"{0: 0.26074682557482765, 10: 0.10090058992128696, 20: 0.0922280510861346, 30: 0.08807515890567905, 40: 0.08796995294536866, 50: 0.08341238532741133, 60: 0.0826950160684493, 70: 0.08288432260347246, 80: 0.08157886504277174, 90: 0.08119994776587411, 100: 0.08205856933097508, 110: 0.08011322232070119, 120: 0.08103467147238859, 130: 0.07995742991575769, 140: 0.07994231310867364, 150: 0.08090884271109618, 160: 0.07936239590091121, 170: 0.07949969399192965, 180: 0.07956861741959144, 190: 0.08087237744796708}",160,0.07936239590091121,0.1,0.01,0.005
kin8nm,dropoutFCN,32,0.001,0.002,"{0: 0.2724360449875447, 10: 0.10718826770923377, 20: 0.09694544854017789, 30: 0.09134088669924482, 40: 0.08953380185274122, 50: 0.08680637377079445, 60: 0.08468336918709168, 70: 0.08297246936189204, 80: 0.08276090255390749, 90: 0.08208375490241342, 100: 0.0824903820619, 110: 0.0814132623077369, 120: 0.08187931097529877, 130: 0.08090737010509624, 140: 0.08165345535751309, 150: 0.08018328305352355, 160: 0.08202932112795126, 170: 0.080882735009821, 180: 0.08127770275059408}",150,0.08018328305352355,0.1,0.01,0.001
kin8nm,dropoutFCN,32,0.0001,0.0001,"{0: 0.7548274817813228, 10: 0.36004520955574887, 20: 0.2682603509539495, 30: 0.21916851740203452, 40: 0.1902238621163881, 50: 0.171107068895409, 60: 0.15702214221389893, 70: 0.1456811577251098, 80: 0.13736680915324467, 90: 0.13017982491547989, 100: 0.1250890614956923, 110: 0.12043015166013205, 120: 0.11676340034559354, 130: 0.11414150903668989, 140: 0.11156929087861947, 150: 0.10867658129245132, 160: 0.10536486386599464, 170: 0.1046304500643753, 180: 0.1026371268983954, 190: 0.1017488629156162, 200: 0.10037724437870446, 210: 0.09864094649518669, 220: 0.09739410997840936, 230: 0.09654274979100938, 240: 0.09575113912674725, 250: 0.09462282277578911, 260: 0.09438771051707187, 270: 0.09299348472725313, 280: 0.09220543612854266, 290: 0.09119679293155468, 300: 0.09091548430745318, 310: 0.09062351028318238, 320: 0.08999850917315214, 330: 0.08915381509113332, 340: 0.08904361546093029, 350: 0.0892100976740134, 360: 0.08861184168382079, 370: 0.08728883476072404, 380: 0.08805485431274851, 390: 0.08726239824096993, 400: 0.0868926204563835, 410: 0.08621744108555741, 420: 0.0864206856357732, 430: 0.08564249309171006, 440: 0.08593889017804737, 450: 0.08469631793285154, 460: 0.08601555462726915, 470: 0.0858878738469395, 480: 0.08475311190176668}",450,0.08469631793285154,0.1,0.01,0.2
kin8nm,dropoutFCN,32,0.0001,0.0001,"{0: 0.7276826983888192, 10: 0.32416213565429397, 20: 0.22402229098022639, 30: 0.18089004050090862, 40: 0.15718845306457493, 50: 0.14135387536871746, 60: 0.13018879269820388, 70: 0.12178565145802875, 80: 0.11503521448370116, 90: 0.10983884572000605, 100: 0.10648363816487272, 110: 0.10287258645901913, 120: 0.09960420286021483, 130: 0.09738376251828304, 140: 0.09417486168248719, 150: 0.09387844144487616, 160: 0.09224885577958311, 170: 0.09023813236408376, 180: 0.08865657782770897, 190: 0.08766536067620845, 200: 0.08729065502166114, 210: 0.08586572239637366, 220: 0.08471159202582247, 230: 0.0844837641814803, 240: 0.0837040151703794, 250: 0.08310045381407724, 260: 0.08212780564197243, 270: 0.08145742586175042, 280: 0.08168417178239763, 290: 0.08135310957363749, 300: 0.08010995878904709, 310: 0.0792497463741385, 320: 0.07910238739336412, 330: 0.07874206515581542, 340: 0.07840353902274748, 350: 0.07784602884136538, 360: 0.0782761840390458, 370: 0.07764388570618391, 380: 0.07798496684065932, 390: 0.07715626828094178, 400: 0.07710436560223762, 410: 0.07679413403578919, 420: 0.07621097539548687, 430: 0.07568908396434648, 440: 0.07611992661568592, 450: 0.07594217332605056, 460: 0.07499866980914913, 470: 0.07517375355745895, 480: 0.07533559557085194, 490: 0.07542135824420983}",460,0.07499866980914913,0.1,0.01,0.1
kin8nm,dropoutFCN,32,0.0001,0.0001,"{0: 0.6922888199862662, 10: 0.30190973449915387, 20: 0.20578809800440706, 30: 0.16817936940184147, 40: 0.14708417276022012, 50: 0.13216047011906046, 60: 0.12205090120605255, 70: 0.11281368130925676, 80: 0.10720857816070299, 90: 0.10142617919122188, 100: 0.09810227417876831, 110: 0.09500093400844513, 120: 0.09295159689681609, 130: 0.0906642851083361, 140: 0.08876768015769523, 150: 0.08703508021252392, 160: 0.08633753388228327, 170: 0.08597129656769158, 180: 0.08385743907122425, 190: 0.0832592283944528, 200: 0.0827987755939062, 210: 0.0811538532363934, 220: 0.08022352355193578, 230: 0.08069179633566523, 240: 0.07889520126755833, 250: 0.07891776431191623, 260: 0.07851201095578282, 270: 0.07757176626762052, 280: 0.07862120424159026, 290: 0.07713925763685789, 300: 0.07763585319181025, 310: 0.07705193665018409, 320: 0.07602725893068946, 330: 0.0767387074657182, 340: 0.07578010485990153, 350: 0.07559973957264984, 360: 0.0751599713907678, 370: 0.07543098656395363, 380: 0.07538597689944335, 390: 0.07512194532609931, 400: 0.07478442349471298, 410: 0.07403758094316519, 420: 0.07459498142830095, 430: 0.07400061419374077, 440: 0.07376308554420773, 450: 0.07425637777380587, 460: 0.07421075435507785, 470: 0.07355104426503525, 480: 0.07406643003830687, 490: 0.07396432379969262, 500: 0.07340175700352643, 510: 0.07323614720943598, 520: 0.0739899840141645, 530: 0.07341703748194263, 540: 0.07296401860248154, 550: 0.07369342058712988, 560: 0.07309208055207642, 570: 0.07300645823406433}",540,0.07296401860248154,0.1,0.01,0.05
kin8nm,dropoutFCN,32,0.0001,0.0001,"{0: 0.7022831720497777, 10: 0.2742747661461319, 20: 0.18652549977570232, 30: 0.15214659556281857, 40: 0.13235972205449725, 50: 0.11939730656462413, 60: 0.11014043984775701, 70: 0.10346340788539136, 80: 0.09818162950560483, 90: 0.09431474879462043, 100: 0.0916159837811953, 110: 0.08873969129008216, 120: 0.08700032945725747, 130: 0.08545269980490353, 140: 0.08423917156930182, 150: 0.08309521476833949, 160: 0.08241877581738109, 170: 0.08109869193337958, 180: 0.08064590222830709, 190: 0.07938007190506775, 200: 0.07913318627027599, 210: 0.07960241994283311, 220: 0.07867747893230378, 230: 0.07824052323351231, 240: 0.07781232457287494, 250: 0.07803317837832255, 260: 0.07705150232897551, 270: 0.0773435705867881, 280: 0.07674140046830129, 290: 0.07681240721723617, 300: 0.07630302676831233, 310: 0.07600694274310049, 320: 0.07551951945140563, 330: 0.07480946662854394, 340: 0.07559254117661576, 350: 0.07499406513611495, 360: 0.07544460150387582}",330,0.07480946662854394,0.1,0.01,0.01
kin8nm,dropoutFCN,32,0.0001,0.0001,"{0: 0.6783623537762683, 10: 0.26938290153611416, 20: 0.18714245310625024, 30: 0.15464080945507713, 40: 0.13544628594326696, 50: 0.12200589612503172, 60: 0.11194212440108982, 70: 0.10449354744164505, 80: 0.09932920480269418, 90: 0.09559083199572845, 100: 0.09207814239541329, 110: 0.09025755136423368, 120: 0.0879356385624566, 130: 0.08644889593093849, 140: 0.08495777585977578, 150: 0.0843901185286423, 160: 0.08302613440810262, 170: 0.08236797899702267, 180: 0.08180101695676369, 190: 0.08137805387998198, 200: 0.0799571978490457, 210: 0.07998526055359186, 220: 0.07898194936125849, 230: 0.07914072066748257, 240: 0.07882139020609549, 250: 0.07892840328031434, 260: 0.07863711858367535, 270: 0.07828738844956369, 280: 0.07842096231931381, 290: 0.07745182642892956, 300: 0.07811577205113755, 310: 0.07855394593880617, 320: 0.0779720062161853}",290,0.07745182642892956,0.1,0.01,0.005
kin8nm,dropoutFCN,32,0.0001,0.0001,"{0: 0.6784626455169389, 10: 0.2904223481849363, 20: 0.19633232973800968, 30: 0.1581685271095999, 40: 0.13637776980374555, 50: 0.12146016780918396, 60: 0.11092976173990224, 70: 0.10343865661518996, 80: 0.0980903873190974, 90: 0.09421778775590164, 100: 0.09158122253038214, 110: 0.08946992290801155, 120: 0.08787332348882868, 130: 0.08648978471176735, 140: 0.08529235262292023, 150: 0.08432403004820342, 160: 0.08365297098263, 170: 0.08299689973153475, 180: 0.08229985413468778, 190: 0.08166771040051388, 200: 0.08114967076479356, 210: 0.08119721940246616, 220: 0.08029663633738963, 230: 0.08001787597705778, 240: 0.08004370944367052, 250: 0.07945745326414762, 260: 0.07930456012596301, 270: 0.07906993801014546, 280: 0.07895044093889383, 290: 0.078970018262747, 300: 0.0790397158151243, 310: 0.07860928997824569, 320: 0.07858103898871295, 330: 0.07837364950352113, 340: 0.07820423709331137, 350: 0.07846665387856501, 360: 0.07793730884212738, 370: 0.07825050493031087, 380: 0.07836108354767755, 390: 0.07806290760653076}",360,0.07793730884212738,0.1,0.01,0.001
kin8nm,dropoutFCN,32,0.0001,0.0005,"{0: 0.4692079132139284, 10: 0.16535931509559773, 20: 0.12724687144476182, 30: 0.11252553460036323, 40: 0.10502651707989505, 50: 0.09936044339123101, 60: 0.09786266391677897, 70: 0.09390791531151685, 80: 0.09051464281932016, 90: 0.08941423949757629, 100: 0.08740652433591026, 110: 0.08615110246214, 120: 0.08771402842537375, 130: 0.0870151084082308, 140: 0.08496572737489269, 150: 0.08400177765629543, 160: 0.08450875437351352, 170: 0.0835117019467839, 180: 0.08306379042433117, 190: 0.08175461388729914, 200: 0.08354398010027089, 210: 0.08187999491534359, 220: 0.08273737227384725}",190,0.08175461388729914,0.1,0.01,0.2
kin8nm,dropoutFCN,32,0.0001,0.0005,"{0: 0.4571628610228656, 10: 0.14684483230844028, 20: 0.11005651982676275, 30: 0.09713840042474224, 40: 0.09172393299606904, 50: 0.08702326491880386, 60: 0.08549422022909953, 70: 0.0807185619354818, 80: 0.08115843818686386, 90: 0.08003877117070768, 100: 0.07963484247750255, 110: 0.07828591357240453, 120: 0.08001373741319344, 130: 0.0775480104691469, 140: 0.07827133893059977, 150: 0.07885697959162608, 160: 0.07774748947154622}",130,0.0775480104691469,0.1,0.01,0.1
kin8nm,dropoutFCN,32,0.0001,0.0005,"{0: 0.43873755161533773, 10: 0.13437649309950642, 20: 0.104832893188847, 30: 0.0927774058715343, 40: 0.08605800366871733, 50: 0.08238342538887691, 60: 0.08283123871591114, 70: 0.07882897883347098, 80: 0.0780941534948622, 90: 0.07872097909135313, 100: 0.07746975646453273, 110: 0.07776440792588166, 120: 0.07676248644056935, 130: 0.07578144106500181, 140: 0.07497379487152811, 150: 0.07543996244663667, 160: 0.07355050076774187, 170: 0.07364410901115574, 180: 0.07498468190286524, 190: 0.07406781353492731}",160,0.07355050076774187,0.1,0.01,0.05
kin8nm,dropoutFCN,32,0.0001,0.0005,"{0: 0.421368189488049, 10: 0.12529470250528568, 20: 0.0969674271068149, 30: 0.08976702614556785, 40: 0.0842573921504558, 50: 0.08456230937438883, 60: 0.08326307354082761, 70: 0.08098738829544724, 80: 0.07953625233801874, 90: 0.07989454315112113, 100: 0.07959844362827477, 110: 0.07936160915443818, 120: 0.07829237550862858, 130: 0.07797012445503647, 140: 0.0788770050813538, 150: 0.07756631320034242, 160: 0.07843299725370136, 170: 0.07821268668131034, 180: 0.07817653824611595}",150,0.07756631320034242,0.1,0.01,0.01
kin8nm,dropoutFCN,32,0.0001,0.0005,"{0: 0.4381233863488128, 10: 0.11966905208046863, 20: 0.09563045696394376, 30: 0.08754724021311526, 40: 0.08354276586127692, 50: 0.08433365459792767, 60: 0.08253553263289107, 70: 0.07986374065752397, 80: 0.08041409521212341, 90: 0.0796842786931693, 100: 0.07910506437632911, 110: 0.08044152434495902, 120: 0.08045398856802397, 130: 0.08029970509845775}",100,0.07910506437632911,0.1,0.01,0.005
kin8nm,dropoutFCN,32,0.0001,0.0005,"{0: 0.4270176942437911, 10: 0.1189337201844983, 20: 0.09412265267686729, 30: 0.08696897030445197, 40: 0.08566323205750491, 50: 0.08285947238408062, 60: 0.08174162460478969, 70: 0.08090538967230188, 80: 0.08107470193699243, 90: 0.08094297387492967, 100: 0.08104594269898582}",70,0.08090538967230188,0.1,0.01,0.001
kin8nm,dropoutFCN,32,0.0001,0.001,"{0: 0.3958121824840718, 10: 0.1301054648082096, 20: 0.1099151196490629, 30: 0.10073853423863555, 40: 0.09555324089888872, 50: 0.09185296988085832, 60: 0.08959488811130625, 70: 0.08592337077387496, 80: 0.08754373472925027, 90: 0.08625318502021824, 100: 0.08622225710741072}",70,0.08592337077387496,0.1,0.01,0.2
kin8nm,dropoutFCN,32,0.0001,0.001,"{0: 0.3720265060757242, 10: 0.11471751750918877, 20: 0.09463156511706398, 30: 0.08780144243130449, 40: 0.08526236458958028, 50: 0.08122747925091371, 60: 0.08078167813186848, 70: 0.07966293425055866, 80: 0.0793818835284514, 90: 0.07703380446773402, 100: 0.07719800896352134, 110: 0.07765004835914614, 120: 0.07681100602597249, 130: 0.07730609964537631, 140: 0.07986317351087019, 150: 0.07691675048145721}",120,0.07681100602597249,0.1,0.01,0.1
kin8nm,dropoutFCN,32,0.0001,0.001,"{0: 0.3611578894277463, 10: 0.10766880643586174, 20: 0.09173271989021684, 30: 0.0887079830013389, 40: 0.08633304334379874, 50: 0.0820661064478091, 60: 0.08156702175020612, 70: 0.07900864406207612, 80: 0.07659719776368884, 90: 0.07809439811284097, 100: 0.07626034041262697, 110: 0.07761482447930065, 120: 0.07726957854966185, 130: 0.07854747433241388}",100,0.07626034041262697,0.1,0.01,0.05
kin8nm,dropoutFCN,32,0.0001,0.001,"{0: 0.34043378461734486, 10: 0.10421325284673924, 20: 0.08995727359443384, 30: 0.0871722840253355, 40: 0.08390935164593119, 50: 0.08169124155413073, 60: 0.08105450384708969, 70: 0.07988038346283566, 80: 0.08014998781116636, 90: 0.07986760173657458, 100: 0.0788275673077812, 110: 0.07851793108161245, 120: 0.08138089442525505, 130: 0.08037956383293535, 140: 0.07954385775042382}",110,0.07851793108161245,0.1,0.01,0.01
kin8nm,dropoutFCN,32,0.0001,0.001,"{0: 0.3457308741598056, 10: 0.1029911035864282, 20: 0.08901683214885539, 30: 0.08822910533191813, 40: 0.08403105475374942, 50: 0.08163935484084756, 60: 0.08255078454202582, 70: 0.08334733895037628, 80: 0.08364818849406297}",50,0.08163935484084756,0.1,0.01,0.005
kin8nm,dropoutFCN,32,0.0001,0.001,"{0: 0.3317377064742798, 10: 0.10453904431231045, 20: 0.0919262455525632, 30: 0.0888407303634329, 40: 0.08845223092752966, 50: 0.08713450702782426, 60: 0.0866648965889926, 70: 0.08339643022495295, 80: 0.08526680808948117, 90: 0.08621547376886854, 100: 0.08677643260809173}",70,0.08339643022495295,0.1,0.01,0.001
kin8nm,dropoutFCN,32,0.0001,0.002,"{0: 0.3252504606961714, 10: 0.12141625095784025, 20: 0.10612737288892052, 30: 0.10145759588045786, 40: 0.09526991829825396, 50: 0.09555422835025941, 60: 0.09049863164950422, 70: 0.0877192501927309, 80: 0.08925295966151532, 90: 0.0866305890510835, 100: 0.08929816880383619, 110: 0.090665892989559, 120: 0.09010378239736974}",90,0.0866305890510835,0.1,0.01,0.2
kin8nm,dropoutFCN,32,0.0001,0.002,"{0: 0.28199989016071425, 10: 0.10750844421261034, 20: 0.0996580407596237, 30: 0.08860542722833814, 40: 0.08859578248689971, 50: 0.08407890420544688, 60: 0.08360113188093639, 70: 0.08455648959243778, 80: 0.08288321646604435, 90: 0.08184128229378156, 100: 0.08237562580503852, 110: 0.08290869539533409, 120: 0.08321271869239122}",90,0.08184128229378156,0.1,0.01,0.1
kin8nm,dropoutFCN,32,0.0001,0.002,"{0: 0.279002269209613, 10: 0.10641756326298024, 20: 0.09292906799550069, 30: 0.08445957346633212, 40: 0.08230295246747862, 50: 0.08484726316771846, 60: 0.08073057585615276, 70: 0.08193991712193203, 80: 0.08548306342520043, 90: 0.08248157090323792}",60,0.08073057585615276,0.1,0.01,0.05
kin8nm,dropoutFCN,32,0.0001,0.002,"{0: 0.26387247308544604, 10: 0.09698016389288448, 20: 0.08810375232297893, 30: 0.0869397384883481, 40: 0.08455597082234857, 50: 0.08575247453675713, 60: 0.0860003416252961, 70: 0.08604199286014182}",40,0.08455597082234857,0.1,0.01,0.01
kin8nm,dropoutFCN,32,0.0001,0.002,"{0: 0.26164438034148807, 10: 0.10327513258205953, 20: 0.0930174363885752, 30: 0.09084133666767061, 40: 0.08794123201931549, 50: 0.09040851419207226, 60: 0.09059411512257046, 70: 0.09138364913528792}",40,0.08794123201931549,0.1,0.01,0.005
kin8nm,dropoutFCN,32,0.0001,0.002,"{0: 0.25931060340450657, 10: 0.09893399034415676, 20: 0.09333110983129757, 30: 0.09302253639903454, 40: 0.0882454118905462, 50: 0.08767703011099313, 60: 0.08722462029135081, 70: 0.08894503804240453, 80: 0.08876439739590787, 90: 0.08947486914013159}",60,0.08722462029135081,0.1,0.01,0.001
kin8nm,dropoutFCN,32,1e-05,0.0001,"{0: 0.7461195304463514, 10: 0.35784307228212964, 20: 0.26472988699253003, 30: 0.21623815979383182, 40: 0.18950947259413686, 50: 0.17078602098090645, 60: 0.15777428143592034, 70: 0.14744817118174142, 80: 0.13880794689792858, 90: 0.13134797880275242, 100: 0.12703132884573912, 110: 0.12269545585560171, 120: 0.11912472787778447, 130: 0.11594513374388886, 140: 0.11240235963386684, 150: 0.11065778005839196, 160: 0.10865151007163605, 170: 0.10652227722594465, 180: 0.10573739804973152, 190: 0.10340209804134537, 200: 0.10161952538468425, 210: 0.10020216500276673, 220: 0.09901214534945792, 230: 0.09818496499308879, 240: 0.09765620426018114, 250: 0.09625093447206343, 260: 0.09576334615355311, 270: 0.09509613162429026, 280: 0.09392286177283246, 290: 0.09297769634313027, 300: 0.09227301317452585, 310: 0.09190381245216761, 320: 0.09106278347414173, 330: 0.09117932517076098, 340: 0.09093848290143511, 350: 0.09000704501940428, 360: 0.08959455394179025, 370: 0.0896615063549584, 380: 0.08841400710540452, 390: 0.08849459357951815, 400: 0.08885595175849294, 410: 0.08703456852480504, 420: 0.08691875328932283, 430: 0.08720325749930777, 440: 0.08712625012856004, 450: 0.08684975159474109, 460: 0.08608272544504876, 470: 0.0857971235919492, 480: 0.0858037925996812, 490: 0.08606806117284663, 500: 0.08529453568211681, 510: 0.08586275258188607, 520: 0.08470664099162686, 530: 0.08521458090622418, 540: 0.08489309204805964, 550: 0.08503658086424677}",520,0.08470664099162686,0.1,0.01,0.2
kin8nm,dropoutFCN,32,1e-05,0.0001,"{0: 0.713675141902895, 10: 0.3155950645056534, 20: 0.2245188104102757, 30: 0.1830765752577014, 40: 0.1592178585564922, 50: 0.14311684511819228, 60: 0.13151605262369775, 70: 0.12305037856894852, 80: 0.11539760424526524, 90: 0.11058319722665713, 100: 0.10661101197633269, 110: 0.10292418717867917, 120: 0.09936839802579077, 130: 0.09791852827696257, 140: 0.09503855803113759, 150: 0.09392358815319447, 160: 0.09181744666311492, 170: 0.09139642378161071, 180: 0.08966580485788087, 190: 0.08844668432951054, 200: 0.08765622592017781, 210: 0.08614291443318808, 220: 0.08667146794558919, 230: 0.085840031735045, 240: 0.08510775964809975, 250: 0.08495687322259285, 260: 0.08345352243227427, 270: 0.08322669092307107, 280: 0.08218281182240325, 290: 0.08181939533725127, 300: 0.08194909374749167, 310: 0.08119576349511312, 320: 0.08052577904747575, 330: 0.07994555684205258, 340: 0.08034696836794544, 350: 0.0794492426029781, 360: 0.08009186347875909, 370: 0.07948516357083671, 380: 0.07903911077063404, 390: 0.0790749180515635, 400: 0.07845666585669593, 410: 0.07818333899317541, 420: 0.07819167902157823, 430: 0.07747688459197775, 440: 0.07721712778373854, 450: 0.07743337115652402, 460: 0.07669268833798988, 470: 0.07673782093115566, 480: 0.07674498908947296, 490: 0.07594579225958496, 500: 0.07654090397812477, 510: 0.07638773763858493, 520: 0.0765394468688596}",490,0.07594579225958496,0.1,0.01,0.1
kin8nm,dropoutFCN,32,1e-05,0.0001,"{0: 0.6928458973442554, 10: 0.2982110089144405, 20: 0.20645260887735137, 30: 0.1680055710462371, 40: 0.1457965010882473, 50: 0.1308243468241374, 60: 0.11914809242183914, 70: 0.11090237886505745, 80: 0.10495820694687248, 90: 0.09959970123353143, 100: 0.09672689323389795, 110: 0.09387882328880243, 120: 0.09071810557230268, 130: 0.08873709496891155, 140: 0.08742673387806872, 150: 0.08661788283848645, 160: 0.08459359267954548, 170: 0.08347407747023076, 180: 0.08290716076817659, 190: 0.0824549863877991, 200: 0.08128884781229903, 210: 0.08064911675957571, 220: 0.0801185915188445, 230: 0.0791046768695052, 240: 0.07889340231284016, 250: 0.07834929557185413, 260: 0.07845549800170466, 270: 0.07746121520198992, 280: 0.07638699363914878, 290: 0.07700932288885362, 300: 0.07658928165347097, 310: 0.07607264189933013, 320: 0.07579161190529242, 330: 0.07637488895867894, 340: 0.0753299189151689, 350: 0.07528313063681721, 360: 0.07547202546728456, 370: 0.07438206072207477, 380: 0.07503489656702667, 390: 0.07445934248522426, 400: 0.07377756594878318, 410: 0.07488965738766784, 420: 0.07448224005437783, 430: 0.07424330915828414}",400,0.07377756594878318,0.1,0.01,0.05
kin8nm,dropoutFCN,32,1e-05,0.0001,"{0: 0.6915460365087657, 10: 0.29045351058643654, 20: 0.1953144699270059, 30: 0.15667681517795146, 40: 0.1338032677913778, 50: 0.119343770514208, 60: 0.1090493973977678, 70: 0.10203837872055792, 80: 0.09790003300746423, 90: 0.09329711462482118, 100: 0.09004376190997355, 110: 0.08818554285556299, 120: 0.0863042766736058, 130: 0.08496501086128744, 140: 0.08367464222271079, 150: 0.08299094242374927, 160: 0.08196210192832046, 170: 0.08156884700396887, 180: 0.08103474675887672, 190: 0.08048779433070752, 200: 0.08045813688332877, 210: 0.07937730985252134, 220: 0.07919619910968081, 230: 0.07942405942725146, 240: 0.07849703987928396, 250: 0.07903973297575309, 260: 0.07829183482420407, 270: 0.07777636332254288, 280: 0.0778029973815059, 290: 0.07779613803914337, 300: 0.07694569311195672, 310: 0.07766101012416096, 320: 0.07770967487772008, 330: 0.07776026330373796}",300,0.07694569311195672,0.1,0.01,0.01
kin8nm,dropoutFCN,32,1e-05,0.0001,"{0: 0.7045371607444146, 10: 0.2935309348069367, 20: 0.1961257924703847, 30: 0.1568692857768984, 40: 0.13460567829866485, 50: 0.12009830588223673, 60: 0.10993915000126797, 70: 0.10289854852212457, 80: 0.09778084617436275, 90: 0.09427042837268852, 100: 0.09133129977947609, 110: 0.08844938240116426, 120: 0.08701190800994496, 130: 0.0856095307885654, 140: 0.08471443547973942, 150: 0.08373628759034178, 160: 0.08260251688943748, 170: 0.082326748787406, 180: 0.08167887382149215, 190: 0.0808721117251803, 200: 0.08091025067530336, 210: 0.08054474849368488, 220: 0.07929509791379463, 230: 0.07936615841517294, 240: 0.07938205619167701, 250: 0.07881239590356563, 260: 0.07898057096859185, 270: 0.07892505459506223, 280: 0.07855751603456457, 290: 0.07833371862953764, 300: 0.07831316551247312, 310: 0.07811398413121422, 320: 0.0781441687358084, 330: 0.07862476975139335, 340: 0.07733350964586574, 350: 0.0773409233910605, 360: 0.07793177875799362, 370: 0.07773266236508718}",340,0.07733350964586574,0.1,0.01,0.005
kin8nm,dropoutFCN,32,1e-05,0.0001,"{0: 0.6880769709733202, 10: 0.281649994036019, 20: 0.18758764996656052, 30: 0.15017635937687412, 40: 0.12886683496380436, 50: 0.11524721232502264, 60: 0.1061027360432714, 70: 0.09990228654073721, 80: 0.09533333288941702, 90: 0.09198092906714651, 100: 0.08933139757837957, 110: 0.08755003015610523, 120: 0.08590371384416302, 130: 0.08493664998784109, 140: 0.08379238811118477, 150: 0.08305871671657698, 160: 0.0824524189223014, 170: 0.08188205495469694, 180: 0.08160762392540151, 190: 0.08107120912246187, 200: 0.0806548603586367, 210: 0.08019629075754572, 220: 0.07984789073818133, 230: 0.07956888756479308, 240: 0.07937091077700904, 250: 0.07904561768583367, 260: 0.0791539564390786, 270: 0.07909693409723471, 280: 0.07880987634534413, 290: 0.07888217089644758, 300: 0.07899387368232853, 310: 0.07868340568481579, 320: 0.07865460987620951, 330: 0.07875475685939057, 340: 0.07848146802786131, 350: 0.07829851505564156, 360: 0.07823942360963243, 370: 0.07872231422900583, 380: 0.0782356754341608, 390: 0.07821391813997257, 400: 0.07828886677797009, 410: 0.07831655104444163, 420: 0.07862741339336218}",390,0.07821391813997257,0.1,0.01,0.001
kin8nm,dropoutFCN,32,1e-05,0.0005,"{0: 0.4724754363278425, 10: 0.17035820321216819, 20: 0.12765291070161525, 30: 0.11201456986041507, 40: 0.10506661126502537, 50: 0.09942381732536346, 60: 0.09567611688722222, 70: 0.09144642816667127, 80: 0.09062316879691779, 90: 0.0896438678553763, 100: 0.0883625579166115, 110: 0.08806421317032802, 120: 0.08615562639105692, 130: 0.08591495172757072, 140: 0.08490573230426543, 150: 0.0852806873146, 160: 0.08369947265872855, 170: 0.08278335474775494, 180: 0.0834013663008446, 190: 0.08162960644608123, 200: 0.08212385936091308, 210: 0.08412985564969862, 220: 0.08306855833245627}",190,0.08162960644608123,0.1,0.01,0.2
kin8nm,dropoutFCN,32,1e-05,0.0005,"{0: 0.44429971455413997, 10: 0.14381997959163495, 20: 0.11141375865055944, 30: 0.09821170979741048, 40: 0.09236484169375224, 50: 0.08829690402541227, 60: 0.08512339655578519, 70: 0.0846390121854376, 80: 0.08475855181930644, 90: 0.08024108644102551, 100: 0.07966437396020085, 110: 0.08041805748989828, 120: 0.07869700079774176, 130: 0.07835043546157802, 140: 0.07788186147462661, 150: 0.07737985066929534, 160: 0.07893023358716382, 170: 0.07915205076823442, 180: 0.07636815709357915, 190: 0.07814487391690621, 200: 0.07701068814915757, 210: 0.07759701177060756}",180,0.07636815709357915,0.1,0.01,0.1
kin8nm,dropoutFCN,32,1e-05,0.0005,"{0: 0.4457960531575405, 10: 0.13187194060559077, 20: 0.10037728126322795, 30: 0.08965447416890708, 40: 0.08537223811327824, 50: 0.08442890226406799, 60: 0.08234842264757447, 70: 0.0801684382907212, 80: 0.07870938848337451, 90: 0.07805260410290031, 100: 0.07649352371409628, 110: 0.07883602214005948, 120: 0.07739508905172339, 130: 0.07664212047596661}",100,0.07649352371409628,0.1,0.01,0.05
kin8nm,dropoutFCN,32,1e-05,0.0005,"{0: 0.4279614609067214, 10: 0.12429546639219205, 20: 0.09744815010510957, 30: 0.08823559978312386, 40: 0.08546875398243058, 50: 0.08202903627300226, 60: 0.08063741039459338, 70: 0.07905075637115885, 80: 0.07887888104337912, 90: 0.07896428671489567, 100: 0.07878116964111359, 110: 0.07739348270976656, 120: 0.07696155556075161, 130: 0.07785225285101215, 140: 0.07692083388454958, 150: 0.07735467379580521, 160: 0.07758115620337855, 170: 0.07716395630429439}",140,0.07692083388454958,0.1,0.01,0.01
kin8nm,dropoutFCN,32,1e-05,0.0005,"{0: 0.4265613975617554, 10: 0.12135109467485576, 20: 0.09518227630361034, 30: 0.0895067689638132, 40: 0.08480097448290286, 50: 0.08215800344382802, 60: 0.08109084534176877, 70: 0.08127038858072469, 80: 0.08057429705924075, 90: 0.0809320489033018, 100: 0.08085974897893025, 110: 0.0790193871041471, 120: 0.08051874471937201, 130: 0.07971680951993168, 140: 0.08030804793354394}",110,0.0790193871041471,0.1,0.01,0.005
kin8nm,dropoutFCN,32,1e-05,0.0005,"{0: 0.4262961532856779, 10: 0.12318617614428844, 20: 0.09831254993079055, 30: 0.09073848400896002, 40: 0.08709583950381908, 50: 0.08530218808008845, 60: 0.08457951356039682, 70: 0.08440840349179025, 80: 0.08421964404066598, 90: 0.08355822180682479, 100: 0.08408922096126555, 110: 0.08307138970611543, 120: 0.08425476524697041, 130: 0.08357654895740028, 140: 0.08439290922818586}",110,0.08307138970611543,0.1,0.01,0.001
kin8nm,dropoutFCN,32,1e-05,0.001,"{0: 0.40494855977582667, 10: 0.13064465920831128, 20: 0.10924644945559465, 30: 0.0990673763195707, 40: 0.09479158488432263, 50: 0.0948959960296169, 60: 0.09044583151434779, 70: 0.08867944413162063, 80: 0.08667630054901868, 90: 0.08701219846141876, 100: 0.08556886687063711, 110: 0.08498573176089004, 120: 0.08382138921986979, 130: 0.0828299855748425, 140: 0.08383343130966146, 150: 0.0844656288616912, 160: 0.08477367070021938}",130,0.0828299855748425,0.1,0.01,0.2
kin8nm,dropoutFCN,32,1e-05,0.001,"{0: 0.3743886224070507, 10: 0.11888948007893588, 20: 0.10008647690041261, 30: 0.09102821186023587, 40: 0.08631628203917549, 50: 0.08434481434252614, 60: 0.08553258265125963, 70: 0.08191152197356164, 80: 0.08425589747188582, 90: 0.08214900288902895, 100: 0.08021116366122322, 110: 0.08228598478263702, 120: 0.08174825521507492, 130: 0.08211688316346853}",100,0.08021116366122322,0.1,0.01,0.1
kin8nm,dropoutFCN,32,1e-05,0.001,"{0: 0.35147344841964784, 10: 0.10693790102390972, 20: 0.0900019957344868, 30: 0.08364710198654453, 40: 0.0823315207865242, 50: 0.08134486942436528, 60: 0.08004470321067167, 70: 0.0787006254694835, 80: 0.079756711100657, 90: 0.07884604984561465, 100: 0.07857014691398162, 110: 0.07811970284151488, 120: 0.0792434660669354, 130: 0.07880607910969877, 140: 0.07714091711513077, 150: 0.07876233190602974, 160: 0.07866002086943455, 170: 0.08017688932691912}",140,0.07714091711513077,0.1,0.01,0.05
kin8nm,dropoutFCN,32,1e-05,0.001,"{0: 0.3479974672634847, 10: 0.1007720559928724, 20: 0.08915030842552306, 30: 0.08639070111510778, 40: 0.08581329652585608, 50: 0.08328122401993943, 60: 0.08362873828032771, 70: 0.08480402405490456, 80: 0.08303780262490104, 90: 0.08572297733155632, 100: 0.08619686759410307, 110: 0.08402891633065705}",80,0.08303780262490104,0.1,0.01,0.01
kin8nm,dropoutFCN,32,1e-05,0.001,"{0: 0.3306076171309614, 10: 0.10168412173204255, 20: 0.09058907870965469, 30: 0.08780314009724817, 40: 0.0864497614667341, 50: 0.08774581635942362, 60: 0.08811434105970936, 70: 0.08660568332160516}",40,0.0864497614667341,0.1,0.01,0.005
kin8nm,dropoutFCN,32,1e-05,0.001,"{0: 0.33285695751743727, 10: 0.10496246339371884, 20: 0.09400972022998857, 30: 0.08841964257614904, 40: 0.08757074296849457, 50: 0.08690160986039988, 60: 0.08740394409776234, 70: 0.08710381077690606, 80: 0.08721817816681843}",50,0.08690160986039988,0.1,0.01,0.001
kin8nm,dropoutFCN,32,1e-05,0.002,"{0: 0.31798613964192834, 10: 0.12127088321409363, 20: 0.10380273036155567, 30: 0.098179201234599, 40: 0.0943183523469151, 50: 0.09193873016243063, 60: 0.08909878616080945, 70: 0.08948683142356027, 80: 0.0871766074307125, 90: 0.08941974102453581, 100: 0.0867384834974261, 110: 0.08879639234958872, 120: 0.08837273261993231, 130: 0.08674877447913812}",100,0.0867384834974261,0.1,0.01,0.2
kin8nm,dropoutFCN,32,1e-05,0.002,"{0: 0.2911592936011389, 10: 0.10519114004629168, 20: 0.09522140532960549, 30: 0.08751506280261427, 40: 0.08757565744454565, 50: 0.08830321962777278, 60: 0.08499467176571114, 70: 0.08263690480601008, 80: 0.0837253157335166, 90: 0.0858861904847284, 100: 0.08545772476205651}",70,0.08263690480601008,0.1,0.01,0.1
kin8nm,dropoutFCN,32,1e-05,0.002,"{0: 0.26329572449266136, 10: 0.09936414637206842, 20: 0.09079588377979705, 30: 0.08478749854321543, 40: 0.08469015406422575, 50: 0.08461591059067057, 60: 0.08289343378785752, 70: 0.08328889833021864, 80: 0.08478983022496311, 90: 0.08415471174015281}",60,0.08289343378785752,0.1,0.01,0.05
kin8nm,dropoutFCN,32,1e-05,0.002,"{0: 0.2684470508831679, 10: 0.09867077039937122, 20: 0.09137346232453696, 30: 0.08565465544489612, 40: 0.08665871995291731, 50: 0.0827805488992476, 60: 0.08407711049323192, 70: 0.08445132160950598, 80: 0.08651060005129517}",50,0.0827805488992476,0.1,0.01,0.01
kin8nm,dropoutFCN,32,1e-05,0.002,"{0: 0.2642338545547099, 10: 0.09855635182244611, 20: 0.08911485409231451, 30: 0.08602159395932203, 40: 0.08389276121701282, 50: 0.08346224364292151, 60: 0.08460000532674711, 70: 0.08556422965833216, 80: 0.08868090741147588}",50,0.08346224364292151,0.1,0.01,0.005
kin8nm,dropoutFCN,32,1e-05,0.002,"{0: 0.2713280738383279, 10: 0.10009217761531108, 20: 0.09332968070971992, 30: 0.08817954339341884, 40: 0.08890539653976821, 50: 0.08918957923134999, 60: 0.09118754589210187}",30,0.08817954339341884,0.1,0.01,0.001
kin8nm,dropoutFCN,32,1e-09,0.0001,"{0: 0.7419153583738829, 10: 0.36894656617476207, 20: 0.27389345890857936, 30: 0.22104648331262808, 40: 0.1914550351839906, 50: 0.17125010623628262, 60: 0.15649380345369662, 70: 0.14482165200779876, 80: 0.13748620713631912, 90: 0.13096332304875571, 100: 0.12436471220773568, 110: 0.11993123874528377, 120: 0.11704471334090968, 130: 0.11388733464740679, 140: 0.11237223103010899, 150: 0.1087934082881044, 160: 0.10648064738116876, 170: 0.10522403242210739, 180: 0.10332678743616382, 190: 0.10142775936041151, 200: 0.10046196307131752, 210: 0.09919131228974101, 220: 0.09794352431154965, 230: 0.09702734229179998, 240: 0.0965695253206229, 250: 0.09577869908899385, 260: 0.09522829404271714, 270: 0.09414603574169415, 280: 0.09395813008838902, 290: 0.09281635917962608, 300: 0.09212176353965848, 310: 0.09129150435327876, 320: 0.09141916057623864, 330: 0.09010861834675679, 340: 0.08963464240032155, 350: 0.08946934152317812, 360: 0.08909396436356729, 370: 0.089461036155359, 380: 0.08885709203482048, 390: 0.08827051867163119, 400: 0.08802770503654489, 410: 0.08740442513679794, 420: 0.08758338757533772, 430: 0.08711053425707045, 440: 0.08614690983000474, 450: 0.08663738028816258, 460: 0.08644838758569354, 470: 0.08595672067285431, 480: 0.08627362742209757, 490: 0.08606990713233946, 500: 0.08557118043983643, 510: 0.0848241068271519, 520: 0.08554662037865683, 530: 0.08546281040408242, 540: 0.08500932407157655}",510,0.0848241068271519,0.1,0.01,0.2
kin8nm,dropoutFCN,32,1e-09,0.0001,"{0: 0.7173590202542861, 10: 0.3140321671573335, 20: 0.22174563331828026, 30: 0.18114212735792656, 40: 0.15645440059751636, 50: 0.14129476081138134, 60: 0.12974044776876953, 70: 0.12110829541490904, 80: 0.11471544743830005, 90: 0.10966313893776543, 100: 0.1054541463248174, 110: 0.1018477420524488, 120: 0.09856085405565375, 130: 0.09706421616479965, 140: 0.09436395302442571, 150: 0.09292881417019629, 160: 0.09136943560502502, 170: 0.08981697785700488, 180: 0.08815597634570968, 190: 0.08719737200388314, 200: 0.08612078587719472, 210: 0.08540958023390897, 220: 0.08507179870404229, 230: 0.08378042352063436, 240: 0.08315375703355342, 250: 0.08312093001398028, 260: 0.08134643036696948, 270: 0.08093845585861922, 280: 0.08068782857363468, 290: 0.08080204633550751, 300: 0.08048619574902703, 310: 0.07927597438379325, 320: 0.07954056764056472, 330: 0.07844245495263069, 340: 0.07856341334353048, 350: 0.07804108222473317, 360: 0.07850192741879192, 370: 0.0770760567894491, 380: 0.07722784625288012, 390: 0.07690957455182354, 400: 0.07658163556507791, 410: 0.07617754803509331, 420: 0.0761357870631643, 430: 0.07547336144135139, 440: 0.07627023997907885, 450: 0.07529347469642358, 460: 0.07531179470429564, 470: 0.07526505515473231, 480: 0.07453637375272891, 490: 0.07554152877412401, 500: 0.07530630845423796, 510: 0.07463466786739438}",480,0.07453637375272891,0.1,0.01,0.1
kin8nm,dropoutFCN,32,1e-09,0.0001,"{0: 0.7099585232613084, 10: 0.2980272460419075, 20: 0.20488849439890555, 30: 0.16889158226237228, 40: 0.14789804822767313, 50: 0.13296537048800572, 60: 0.12208820039311226, 70: 0.11349323562753008, 80: 0.10735180360352055, 90: 0.10251490739912858, 100: 0.09862974441484755, 110: 0.09517933387588502, 120: 0.0920695364747676, 130: 0.0898328433401753, 140: 0.08871571691132422, 150: 0.08695718520861732, 160: 0.08581672456635664, 170: 0.08487048872397704, 180: 0.08346419530044316, 190: 0.08197314482930203, 200: 0.08199004590180572, 210: 0.08097750155557283, 220: 0.08093228612636078, 230: 0.080338908373411, 240: 0.07958080490678865, 250: 0.07869901737940957, 260: 0.07801465675440689, 270: 0.07783247866663788, 280: 0.07794015763295517, 290: 0.07780263479572683, 300: 0.07695098224419683, 310: 0.07709190656388498, 320: 0.07634333288174643, 330: 0.0761248840816274, 340: 0.07613527541884803, 350: 0.07604707094112445, 360: 0.07544235883311143, 370: 0.07558939771166691, 380: 0.07545931034207669, 390: 0.0749401142785743, 400: 0.0751997423897199, 410: 0.07484631055186249, 420: 0.07514185980704453, 430: 0.07469898512252394, 440: 0.07407161620185725, 450: 0.07436528642152031, 460: 0.07417798863489207, 470: 0.07423970252074344}",440,0.07407161620185725,0.1,0.01,0.05
kin8nm,dropoutFCN,32,1e-09,0.0001,"{0: 0.6891551243850667, 10: 0.29041685913812026, 20: 0.19034388818629702, 30: 0.15169656121992522, 40: 0.1308234656480877, 50: 0.11746393514924516, 60: 0.1082418902006435, 70: 0.10191956416900994, 80: 0.09724137647039839, 90: 0.09357370228327211, 100: 0.09115621052982303, 110: 0.0884977845431489, 120: 0.08699218539823356, 130: 0.08532798937885797, 140: 0.08407308721779783, 150: 0.08221200632086331, 160: 0.0828842901676216, 170: 0.08117062899583974, 180: 0.08057200858508977, 190: 0.07991269465663187, 200: 0.07903007805798275, 210: 0.07871458676094918, 220: 0.07810428094075819, 230: 0.07782478525973203, 240: 0.07746995757358581, 250: 0.07795160167707797, 260: 0.07654199231927186, 270: 0.07675507946281114, 280: 0.0766192447588526, 290: 0.07642749222671408, 300: 0.07573871021132178, 310: 0.07620763355602037, 320: 0.0756886558536713, 330: 0.0756682360914653, 340: 0.07543550405004473, 350: 0.07577839009704519, 360: 0.07535317958140168, 370: 0.0747586851639275, 380: 0.0753023109506329, 390: 0.07545512297249005, 400: 0.07427523806408749, 410: 0.07453349252592878, 420: 0.07496504963641666, 430: 0.07461088695331684}",400,0.07427523806408749,0.1,0.01,0.01
kin8nm,dropoutFCN,32,1e-09,0.0001,"{0: 0.6971584461474645, 10: 0.2751806207284159, 20: 0.18673085881655221, 30: 0.15088793961226923, 40: 0.1304117761387176, 50: 0.11711137141729681, 60: 0.10826318649984615, 70: 0.10259781596396897, 80: 0.09749855509184027, 90: 0.09443141992177953, 100: 0.09189118425326938, 110: 0.08990891496658862, 120: 0.08853495290759568, 130: 0.08722862546006545, 140: 0.08618650798334877, 150: 0.08528964571740218, 160: 0.08427459085687872, 170: 0.08377611014430693, 180: 0.08272265989640692, 190: 0.0827666395106614, 200: 0.08222676174954233, 210: 0.08193786955708335, 220: 0.08047426897996138, 230: 0.08009978310301977, 240: 0.08042631493981245, 250: 0.08003898170201189, 260: 0.0799974085312071, 270: 0.07939288217118731, 280: 0.07900829570545746, 290: 0.0790074568017464, 300: 0.07871391582439106, 310: 0.0783407767837245, 320: 0.07777933040342949, 330: 0.07806708861115999, 340: 0.07832520278579923, 350: 0.07763524828115548, 360: 0.07728842630406799, 370: 0.07781657545580378, 380: 0.0772590879098739, 390: 0.0769467491022769, 400: 0.07704596216076305, 410: 0.07771578994342696, 420: 0.07716195509765308}",390,0.0769467491022769,0.1,0.01,0.005
kin8nm,dropoutFCN,32,1e-09,0.0001,"{0: 0.6878967636147614, 10: 0.28068307049089486, 20: 0.1870749361671285, 30: 0.15086243868376864, 40: 0.13086818569500908, 50: 0.1178041128089357, 60: 0.10898031443741837, 70: 0.10241486950074397, 80: 0.09795509741387809, 90: 0.09474882135959353, 100: 0.09234205365570546, 110: 0.09006150607985251, 120: 0.08864708470807889, 130: 0.08704427446424293, 140: 0.0858133635051054, 150: 0.08507317728512241, 160: 0.08397163323864959, 170: 0.08311799809994169, 180: 0.08248442756071463, 190: 0.08170829063945877, 200: 0.08119888729872246, 210: 0.08116779936640975, 220: 0.08070790988888508, 230: 0.08043821942897973, 240: 0.08063082409360478, 250: 0.07974494389892085, 260: 0.07959680041020893, 270: 0.07966860599468567, 280: 0.07961223427461606, 290: 0.07929115130565609, 300: 0.0792184068910523, 310: 0.07882289270848788, 320: 0.07935405475792037, 330: 0.07916778555827265, 340: 0.0784186225335178, 350: 0.07919744077326411, 360: 0.07884036268185601, 370: 0.07878432215237686}",340,0.0784186225335178,0.1,0.01,0.001
kin8nm,dropoutFCN,32,1e-09,0.0005,"{0: 0.4698234067436463, 10: 0.16699684513211904, 20: 0.13008127416335263, 30: 0.1129831264921993, 40: 0.10488772006070315, 50: 0.09945988278393705, 60: 0.09621072583990861, 70: 0.09295772204889573, 80: 0.08976270417420541, 90: 0.08930029331053539, 100: 0.08786930485183077, 110: 0.08817268370002555, 120: 0.08732369473495212, 130: 0.08487891655302783, 140: 0.08430545625785606, 150: 0.08416662550463158, 160: 0.08603233313617889, 170: 0.08352073088674239, 180: 0.08293475201755338, 190: 0.08267658613583621, 200: 0.08247094008837648, 210: 0.08247812607728786, 220: 0.08195965120238631, 230: 0.08205640809159512, 240: 0.08148659872813749, 250: 0.08259317480511089, 260: 0.08252216827977717, 270: 0.0808534756281845, 280: 0.08100836245307134, 290: 0.08063415670151469, 300: 0.08160723510874505, 310: 0.08194642119395565, 320: 0.08118349666098479}",290,0.08063415670151469,0.1,0.01,0.2
kin8nm,dropoutFCN,32,1e-09,0.0005,"{0: 0.4457829382908546, 10: 0.14530250048725335, 20: 0.11000300008774085, 30: 0.09697853165782588, 40: 0.08964146160052486, 50: 0.08559546819735377, 60: 0.08460681262644082, 70: 0.08287676256603203, 80: 0.0820391112633463, 90: 0.08057346947110314, 100: 0.07878203755700142, 110: 0.07881815694727386, 120: 0.07882152266702316, 130: 0.07799707995216817, 140: 0.07762227465940366, 150: 0.07693435681793694, 160: 0.07666272350838976, 170: 0.07804839080008293, 180: 0.07771797853979305, 190: 0.07653558157712673, 200: 0.07700679522609356, 210: 0.07636871773982273, 220: 0.07670200606473163, 230: 0.07597911086421957, 240: 0.07620516946838113, 250: 0.07636840015034109, 260: 0.07615167574720524}",230,0.07597911086421957,0.1,0.01,0.1
kin8nm,dropoutFCN,32,1e-09,0.0005,"{0: 0.45006918809959223, 10: 0.13161479709392787, 20: 0.10124804322584471, 30: 0.09156653766418106, 40: 0.08548226602200024, 50: 0.08225836176863274, 60: 0.08043371209639082, 70: 0.07818202445164826, 80: 0.07697143746227911, 90: 0.07785448456961871, 100: 0.07664448864236513, 110: 0.0767305188065803, 120: 0.07584539242578195, 130: 0.07468363720882253, 140: 0.07490014716273449, 150: 0.07457522312746642, 160: 0.07499964574579655, 170: 0.073625349627011, 180: 0.0752135966363188, 190: 0.07351446646517266, 200: 0.07507770246495651, 210: 0.07487031075262411, 220: 0.07470123460281297}",190,0.07351446646517266,0.1,0.01,0.05
kin8nm,dropoutFCN,32,1e-09,0.0005,"{0: 0.4278400067706377, 10: 0.12353524876808834, 20: 0.09706402053545315, 30: 0.08835691874274784, 40: 0.08300392654168551, 50: 0.0828450843320106, 60: 0.08094960779505554, 70: 0.07948641956903843, 80: 0.08030975552850543, 90: 0.07952017387685432, 100: 0.07979579515236364}",70,0.07948641956903843,0.1,0.01,0.01
kin8nm,dropoutFCN,32,1e-09,0.0005,"{0: 0.41344432756348903, 10: 0.1212036421049395, 20: 0.09541932974473924, 30: 0.08719467524108584, 40: 0.08407148177873383, 50: 0.0817146150762311, 60: 0.08107285752024754, 70: 0.08053235339685172, 80: 0.07993478800489512, 90: 0.0800174775588731, 100: 0.08137564389798782, 110: 0.08130847716357026}",80,0.07993478800489512,0.1,0.01,0.005
kin8nm,dropoutFCN,32,1e-09,0.0005,"{0: 0.4234105387810752, 10: 0.1250102666519936, 20: 0.09808841726038005, 30: 0.090072518056133, 40: 0.08669396228353707, 50: 0.08585124061404839, 60: 0.08385624032772693, 70: 0.08390089023590183, 80: 0.08345302326165398, 90: 0.08322505528781701, 100: 0.08369594876655222, 110: 0.08416327658112713, 120: 0.0853608455326354}",90,0.08322505528781701,0.1,0.01,0.001
kin8nm,dropoutFCN,32,1e-09,0.001,"{0: 0.39327019490154064, 10: 0.1381738529279503, 20: 0.11387764871350381, 30: 0.10112382120146306, 40: 0.09685772193065598, 50: 0.093551146153365, 60: 0.08992403630106748, 70: 0.08879891104152456, 80: 0.08567376026685453, 90: 0.08694037503380515, 100: 0.0842495579714478, 110: 0.08574764706012583, 120: 0.08772396185147266, 130: 0.08362656272991822, 140: 0.08507653672910295, 150: 0.08552649263048631, 160: 0.08551148527463118}",130,0.08362656272991822,0.1,0.01,0.2
kin8nm,dropoutFCN,32,1e-09,0.001,"{0: 0.3653048038133731, 10: 0.11867720097333585, 20: 0.09919765119970377, 30: 0.08958409262811762, 40: 0.0872540180217057, 50: 0.0844397799933387, 60: 0.08294464164754387, 70: 0.08014935273586418, 80: 0.08039075400746352, 90: 0.07935567249327827, 100: 0.07954845472378287, 110: 0.08225163527296689, 120: 0.07804157213359342, 130: 0.08020516711335576, 140: 0.07956598657610978, 150: 0.0807651697389326}",120,0.07804157213359342,0.1,0.01,0.1
kin8nm,dropoutFCN,32,1e-09,0.001,"{0: 0.34876704036734485, 10: 0.10484570046106445, 20: 0.08827791186995876, 30: 0.08229949998496106, 40: 0.07971803679632285, 50: 0.07988133063391245, 60: 0.07688677348796359, 70: 0.07879077948159197, 80: 0.07684005249533712, 90: 0.08065913963618496, 100: 0.07732476353633351, 110: 0.07883955969783817}",80,0.07684005249533712,0.1,0.01,0.05
kin8nm,dropoutFCN,32,1e-09,0.001,"{0: 0.3323670934206667, 10: 0.10214654976964943, 20: 0.08790757497246093, 30: 0.08606725830277073, 40: 0.08463654249297448, 50: 0.08199416244720685, 60: 0.08290796318916563, 70: 0.0825459247386415, 80: 0.08166092093230531, 90: 0.08238969964398271, 100: 0.08308041766530748, 110: 0.08496079845063872}",80,0.08166092093230531,0.1,0.01,0.01
kin8nm,dropoutFCN,32,1e-09,0.001,"{0: 0.3326424937739849, 10: 0.10385878260901364, 20: 0.08997739593782485, 30: 0.08762040949453083, 40: 0.08554761107188233, 50: 0.08262016364132899, 60: 0.08388638215181102, 70: 0.08640575221087435, 80: 0.08480929730097336}",50,0.08262016364132899,0.1,0.01,0.005
kin8nm,dropoutFCN,32,1e-09,0.001,"{0: 0.3417079163468467, 10: 0.1029148211588133, 20: 0.09084756827449143, 30: 0.08870626102077746, 40: 0.08848009819181954, 50: 0.08963608368271686, 60: 0.08969094004384096, 70: 0.09190052880537407}",40,0.08848009819181954,0.1,0.01,0.001
kin8nm,dropoutFCN,32,1e-09,0.002,"{0: 0.32799260722465745, 10: 0.12252570551838879, 20: 0.10408453451886479, 30: 0.09635106516578279, 40: 0.09621241484228135, 50: 0.0903053855862791, 60: 0.09592185687515142, 70: 0.0879071883484385, 80: 0.0883522883928744, 90: 0.08790037964974698, 100: 0.08838664433786256, 110: 0.08914722581604156, 120: 0.08684232354357783, 130: 0.08870158313367234, 140: 0.08590324340583888, 150: 0.088819121051027, 160: 0.08836637815110475, 170: 0.08575928535810556, 180: 0.09089610312568613, 190: 0.08891834088614681, 200: 0.08844328639089133}",170,0.08575928535810556,0.1,0.01,0.2
kin8nm,dropoutFCN,32,1e-09,0.002,"{0: 0.29355177665765886, 10: 0.1088181380995283, 20: 0.09363980164300241, 30: 0.08803214684522763, 40: 0.08859339158511272, 50: 0.0846256768631324, 60: 0.08648946813860599, 70: 0.08323894830866271, 80: 0.08655934673679559, 90: 0.08543911591925515, 100: 0.08427034971773936}",70,0.08323894830866271,0.1,0.01,0.1
kin8nm,dropoutFCN,32,1e-09,0.002,"{0: 0.27811099945709306, 10: 0.09805152208541382, 20: 0.08881953942318543, 30: 0.08648423330882068, 40: 0.08739596967121271, 50: 0.08393437767903958, 60: 0.0845231274181895, 70: 0.08369757055797321, 80: 0.08461105286877738, 90: 0.08610541510247124, 100: 0.08249865306337306, 110: 0.08593873151871942, 120: 0.08481788800752836, 130: 0.08225677750318773, 140: 0.08381754693769683, 150: 0.08469599158142882, 160: 0.08316279880133533}",130,0.08225677750318773,0.1,0.01,0.05
kin8nm,dropoutFCN,32,1e-09,0.002,"{0: 0.2686097695233162, 10: 0.09772050709287713, 20: 0.08940531607270716, 30: 0.08235951008630053, 40: 0.08295303929960665, 50: 0.08584158418393525, 60: 0.08853956404179267}",30,0.08235951008630053,0.1,0.01,0.01
kin8nm,dropoutFCN,32,1e-09,0.002,"{0: 0.2634397949594831, 10: 0.09782280927204598, 20: 0.09093341762843352, 30: 0.08943631800181073, 40: 0.08829319574433017, 50: 0.09112767891219407, 60: 0.09294613989419061, 70: 0.0924502399259972}",40,0.08829319574433017,0.1,0.01,0.005
kin8nm,dropoutFCN,32,1e-09,0.002,"{0: 0.2561984040831851, 10: 0.09537590055618342, 20: 0.0912508530280182, 30: 0.08978582136524611, 40: 0.08685185169936395, 50: 0.09014854948413287, 60: 0.09469831323699802, 70: 0.09984176803530767}",40,0.08685185169936395,0.1,0.01,0.001
