dataset_name,model_name,batch_size,weight_decay,learning_rate,epoch2loss,best_epoch,best_loss,fix_noiselevel,init_noiselevel,dropout_prob
energy,fixnoiseFCN,32,0.1,0.0001,"{0: 0.8485829824958342, 10: 0.28782481392466924, 20: 0.14679208965392393, 30: 0.1166957102865914, 40: 0.10544749088729363, 50: 0.09955914438894935, 60: 0.0957779950494927, 70: 0.09326228309727089, 80: 0.09144375334894374, 90: 0.09003448453379936, 100: 0.08891719572487378, 110: 0.08809089069295037, 120: 0.08751220349463228, 130: 0.0871177035787416, 140: 0.08686144247365112, 150: 0.08676587137264934, 160: 0.08676046254725261, 170: 0.08676486110877517, 180: 0.08686880047529773, 190: 0.08699219809924778}",160,0.08676046254725261,0.001,0.01,0.01
energy,fixnoiseFCN,32,0.1,0.0001,"{0: 0.8814388096245164, 10: 0.26870076071297694, 20: 0.13474469277444212, 30: 0.10969722231374127, 40: 0.10083612388099938, 50: 0.09615352345300598, 60: 0.09322397007606799, 70: 0.09114743261023964, 80: 0.08957997632593881, 90: 0.08844973475890891, 100: 0.08760624104162686, 110: 0.08696145040294527, 120: 0.08652455673122206, 130: 0.08625921245550658, 140: 0.08607296691717156, 150: 0.08599056971094202, 160: 0.08600748876224165, 170: 0.08614173038093928, 180: 0.08634558298963793}",150,0.08599056971094202,0.005,0.01,0.01
energy,fixnoiseFCN,32,0.1,0.0001,"{0: 0.9613868645393226, 10: 0.27350346593241615, 20: 0.13383401576898804, 30: 0.10832819918243308, 40: 0.09912063343033113, 50: 0.09418158088046742, 60: 0.0911980193707604, 70: 0.08937292222331306, 80: 0.08810034142197665, 90: 0.08730019600859615, 100: 0.08680534555536898, 110: 0.0864679351687336, 120: 0.08622449041564798, 130: 0.08606377902333853, 140: 0.08601638428746708, 150: 0.08607812059806631, 160: 0.0861308448640256, 170: 0.08620503790369753}",140,0.08601638428746708,0.01,0.01,0.01
energy,fixnoiseFCN,32,0.1,0.0001,"{0: 0.9434076168243843, 10: 0.2961108631516844, 20: 0.14466991950182476, 30: 0.1131921534141143, 40: 0.10295642877612514, 50: 0.09784647809699283, 60: 0.09471923590181082, 70: 0.09244440429038753, 80: 0.09083642413228746, 90: 0.08975150361259938, 100: 0.08882979460454823, 110: 0.08848126054666097, 120: 0.08823314787583894, 130: 0.08798108046166138, 140: 0.08777261895329798, 150: 0.08784483806228267, 160: 0.08804764588280675, 170: 0.08790038986329904}",140,0.08777261895329798,0.05,0.01,0.01
energy,fixnoiseFCN,32,0.1,0.0001,"{0: 0.8909314419990315, 10: 0.27941928053003906, 20: 0.14667894651091257, 30: 0.11512475905637812, 40: 0.10348136157212488, 50: 0.09838558805397188, 60: 0.09490255614747352, 70: 0.09288751685558186, 80: 0.0910317598308712, 90: 0.08979901016854802, 100: 0.08905737073472637, 110: 0.08851553138837517, 120: 0.08795892649897333, 130: 0.08758590001293648, 140: 0.08755185704002552, 150: 0.08715332068217908, 160: 0.08763928397622059, 170: 0.08755247474121886, 180: 0.08751681625890713}",150,0.08715332068217908,0.1,0.01,0.01
energy,fixnoiseFCN,32,0.1,0.0005,"{0: 0.5330266656032581, 10: 0.09590681723740901, 20: 0.0872973237347042, 30: 0.08551454653487545, 40: 0.0860159873433126, 50: 0.08727811080425099, 60: 0.08848495956837502}",30,0.08551454653487545,0.001,0.01,0.01
energy,fixnoiseFCN,32,0.1,0.0005,"{0: 0.56172054591027, 10: 0.0936026039052078, 20: 0.08613859297551028, 30: 0.08554329296997765, 40: 0.08648226949575344, 50: 0.08803313295892537, 60: 0.08917479955377888}",30,0.08554329296997765,0.005,0.01,0.01
energy,fixnoiseFCN,32,0.1,0.0005,"{0: 0.5801364127197506, 10: 0.09246695153668423, 20: 0.08632853925069237, 30: 0.08545137525863938, 40: 0.08627819576637437, 50: 0.08797107881607094, 60: 0.08922598941958414}",30,0.08545137525863938,0.01,0.01,0.01
energy,fixnoiseFCN,32,0.1,0.0005,"{0: 0.6102801378212118, 10: 0.09900494709761878, 20: 0.08941666633277977, 30: 0.08700474778838942, 40: 0.08720713410008658, 50: 0.08847814128557538, 60: 0.08936706961400824}",30,0.08700474778838942,0.05,0.01,0.01
energy,fixnoiseFCN,32,0.1,0.0005,"{0: 0.5521038228402881, 10: 0.09418998536079483, 20: 0.08637048077743388, 30: 0.0856556772172856, 40: 0.08657737317574861, 50: 0.08767760858797682, 60: 0.08889908483270548}",30,0.0856556772172856,0.1,0.01,0.01
energy,fixnoiseFCN,32,0.1,0.001,"{0: 0.31257688188162003, 10: 0.08825706264825087, 20: 0.0875613271389725, 30: 0.08974478237611935, 40: 0.09070036418981256, 50: 0.0910149726151276}",20,0.0875613271389725,0.001,0.01,0.01
energy,fixnoiseFCN,32,0.1,0.001,"{0: 0.3014050472800324, 10: 0.08758328447912067, 20: 0.08672895431548344, 30: 0.08896581339832942, 40: 0.09015732227059883, 50: 0.09073908432184116}",20,0.08672895431548344,0.005,0.01,0.01
energy,fixnoiseFCN,32,0.1,0.001,"{0: 0.3012726392719597, 10: 0.08667974927640512, 20: 0.08699307098337272, 30: 0.08954068396777196, 40: 0.09058083659880768}",10,0.08667974927640512,0.01,0.01,0.01
energy,fixnoiseFCN,32,0.1,0.001,"{0: 0.3124635162396255, 10: 0.08781619190357454, 20: 0.08707007883352692, 30: 0.08893659739959531, 40: 0.09055666615440498, 50: 0.09032502900528523}",20,0.08707007883352692,0.05,0.01,0.01
energy,fixnoiseFCN,32,0.1,0.001,"{0: 0.32017393761216273, 10: 0.08870003487580651, 20: 0.08775293970438111, 30: 0.09024718807565599, 40: 0.09107459194051588, 50: 0.09181431804319533}",20,0.08775293970438111,0.1,0.01,0.01
energy,fixnoiseFCN,32,0.1,0.002,"{0: 0.1588702594431165, 10: 0.09172578105916743, 20: 0.0944291694811443, 30: 0.0949322686777041, 40: 0.09509475182930058}",10,0.09172578105916743,0.001,0.01,0.01
energy,fixnoiseFCN,32,0.1,0.002,"{0: 0.14797971093180368, 10: 0.09093971069935447, 20: 0.0946160198677012, 30: 0.09494376780916322, 40: 0.09514464292653908}",10,0.09093971069935447,0.005,0.01,0.01
energy,fixnoiseFCN,32,0.1,0.002,"{0: 0.15429370434808043, 10: 0.09127103507997401, 20: 0.09426751669352808, 30: 0.09463589052424802, 40: 0.09510989622687731}",10,0.09127103507997401,0.01,0.01,0.01
energy,fixnoiseFCN,32,0.1,0.002,"{0: 0.15636779390614097, 10: 0.09154318868250001, 20: 0.09425218105524695, 30: 0.09470992681703043, 40: 0.0942781242156059}",10,0.09154318868250001,0.05,0.01,0.01
energy,fixnoiseFCN,32,0.1,0.002,"{0: 0.14337801848127732, 10: 0.0905769937822783, 20: 0.09344398984120765, 30: 0.0940709800857767, 40: 0.09369550669064572}",10,0.0905769937822783,0.1,0.01,0.01
energy,fixnoiseFCN,32,0.01,0.0001,"{0: 0.8857981530297808, 10: 0.18609924527957858, 20: 0.09920860966715943, 30: 0.08519736693753222, 40: 0.07910314338937388, 50: 0.07512263540085691, 60: 0.07239156482033962, 70: 0.0702404410162362, 80: 0.06851915886185495, 90: 0.06705367400642476, 100: 0.06576039380506009, 110: 0.06456141263488832, 120: 0.06346254474480327, 130: 0.0623694966108155, 140: 0.06122464745463243, 150: 0.06012935137899259, 160: 0.059028131980312426, 170: 0.05788552559049276, 180: 0.05666016768065831, 190: 0.05538404146970255, 200: 0.05411226656851444, 210: 0.05287175464942728, 220: 0.05164888326645167, 230: 0.05040601965620385, 240: 0.04916503622737682, 250: 0.04795542466741561, 260: 0.04679342223633953, 270: 0.04570356776765803, 280: 0.04467012683649818, 290: 0.04371840059156459, 300: 0.042730341720881734, 310: 0.041807394519629004, 320: 0.040931265814944565, 330: 0.04012216805704717, 340: 0.03933916100533338, 350: 0.038550430794255054, 360: 0.03781712252051373, 370: 0.037113417986113596, 380: 0.036451825163697424, 390: 0.03581306697026454, 400: 0.035217153743370186, 410: 0.034640833064983265, 420: 0.034091976946923605, 430: 0.03356889430053684, 440: 0.033132879290390646, 450: 0.032741089535356524, 460: 0.03237165276017763, 470: 0.032016473074457166, 480: 0.03168373585596838, 490: 0.031365647282206616, 500: 0.0310599826439653, 510: 0.030744338516971635, 520: 0.03045047245620311, 530: 0.030195264116388378, 540: 0.029912738244586845, 550: 0.029678814842955408, 560: 0.029479288936627518, 570: 0.029234626005049565, 580: 0.029027226629927527, 590: 0.02882723571253759, 600: 0.02865941457685734, 610: 0.028487729685343566, 620: 0.028319526387036727, 630: 0.028150076383366578, 640: 0.02797921200702544, 650: 0.027843114873462638, 660: 0.027703661783039173, 670: 0.027573084038465433, 680: 0.027444732544677313, 690: 0.02731580555093427, 700: 0.027200689986765218, 710: 0.027085323629429874, 720: 0.026973522481832896, 730: 0.02687680712330942, 740: 0.02676824804861657, 750: 0.026665241019503644, 760: 0.026568003217639424, 770: 0.026487027737073076, 780: 0.026389392320447513, 790: 0.026301722357718126, 800: 0.02620759934922262, 810: 0.026118669293644103, 820: 0.026036477476501407, 830: 0.02596661012563132, 840: 0.025879967958082617, 850: 0.025787722059343952, 860: 0.025713981200949476, 870: 0.0256422575297313, 880: 0.025567798921646005, 890: 0.02548762024658931, 900: 0.025425683181024377, 910: 0.025370830141591794, 920: 0.025288313613787704, 930: 0.02524832719657682, 940: 0.025179175938529624, 950: 0.025114320226258934, 960: 0.02505445166405449, 970: 0.024992806471806794, 980: 0.02493695056364566, 990: 0.02487312806279905, 1000: 0.024818475623645496, 1010: 0.024768612812919037, 1020: 0.02472136078913057, 1030: 0.024656750291350577, 1040: 0.02460793715149589, 1050: 0.024550052899825092, 1060: 0.024511005507994853, 1070: 0.0244562313940729, 1080: 0.024419472210767602, 1090: 0.02434799181158151, 1100: 0.024308079882749207, 1110: 0.024267246777011277, 1120: 0.024231210320033097, 1130: 0.024189909181492927, 1140: 0.02414587545761617, 1150: 0.024091853969907318, 1160: 0.024050291408164674, 1170: 0.02402258533177599, 1180: 0.023980022195017128, 1190: 0.023944318684332614, 1200: 0.02390780339917925, 1210: 0.02387963054016755, 1220: 0.023843852534550562, 1230: 0.02381568470693987, 1240: 0.023774489113673972, 1250: 0.023742917069241032, 1260: 0.023694974937907308, 1270: 0.023663168053542294, 1280: 0.02361649090361372, 1290: 0.02360121147843892, 1300: 0.023576044573422654, 1310: 0.023534474612711298, 1320: 0.023515823653843398, 1330: 0.02349873569406848, 1340: 0.023459858418813817, 1350: 0.02341572710546385, 1360: 0.023391533966208362, 1370: 0.023378611702234146, 1380: 0.02335826644976068, 1390: 0.023330342032260597, 1400: 0.023298197782493053, 1410: 0.023288528009276978, 1420: 0.023259034961502733, 1430: 0.023238364368822116, 1440: 0.023210529144691988, 1450: 0.023195777002756286, 1460: 0.023160533618400904, 1470: 0.023149395052641013, 1480: 0.023123883589278988, 1490: 0.023104112320254996, 1500: 0.023088561078973186, 1510: 0.023068557439219768, 1520: 0.023056472378383115, 1530: 0.023028129136568903, 1540: 0.02302255740725115, 1550: 0.022988252471881708, 1560: 0.022958334393011846, 1570: 0.022963056595869162, 1580: 0.022929227186209773, 1590: 0.022905400397602825, 1600: 0.022904287009719297, 1610: 0.022881997329239154, 1620: 0.022845579762526644, 1630: 0.022840361738574753, 1640: 0.022827961821470018, 1650: 0.022810777714996077, 1660: 0.022794146199058875, 1670: 0.02277737496542137, 1680: 0.022765219688522773, 1690: 0.022745878112271644, 1700: 0.02273810825396419, 1710: 0.022708577591780382, 1720: 0.022708636350154195, 1730: 0.022685900238242913, 1740: 0.022680249465816888, 1750: 0.02266818660158849, 1760: 0.022653818068603594, 1770: 0.022636927241231345, 1780: 0.02262621503606325, 1790: 0.022633902199827527, 1800: 0.02258025293510174, 1810: 0.022586071083857646, 1820: 0.022567791623643925, 1830: 0.02256557264635976, 1840: 0.022542274243807926, 1850: 0.022547888695745845, 1860: 0.022538931937606498, 1870: 0.022527975777337134, 1880: 0.022521831836354315, 1890: 0.022501139782491276, 1900: 0.022508714999345706, 1910: 0.022498289850833027, 1920: 0.02248926496394619, 1930: 0.022474113045260063, 1940: 0.022463534383656107, 1950: 0.022442721023159626, 1960: 0.022442402176665224, 1970: 0.022425868934511695, 1980: 0.022427566462635447, 1990: 0.022422511579190056}",1990,0.022422511579190056,0.001,0.01,0.01
energy,fixnoiseFCN,32,0.01,0.0001,"{0: 0.8881722746269712, 10: 0.18400770528076904, 20: 0.09464019333195736, 30: 0.08211220783945736, 40: 0.07661476443038454, 50: 0.07330591617161776, 60: 0.07092346531060574, 70: 0.06898226864337047, 80: 0.06733610961006813, 90: 0.06597997833693264, 100: 0.06470977329924218, 110: 0.06355643633449695, 120: 0.06247441997208166, 130: 0.061461271988988854, 140: 0.060503605664358306, 150: 0.05954535301806021, 160: 0.05854390586063407, 170: 0.057462709273745284, 180: 0.0562685872895208, 190: 0.05504757559206721, 200: 0.053782684416796275, 210: 0.05255305315292781, 220: 0.05128897223763111, 230: 0.050045488214915425, 240: 0.0487729247968272, 250: 0.0474872864992336, 260: 0.04625220525849427, 270: 0.0450546012518824, 280: 0.04393807502899641, 290: 0.042833835983979815, 300: 0.04174079047199465, 310: 0.04073705665829752, 320: 0.039645504919104804, 330: 0.03864344212143529, 340: 0.0376401825073531, 350: 0.036697987070987106, 360: 0.03584132385833032, 370: 0.0350374743407442, 380: 0.034305092567652684, 390: 0.033689178945353934, 400: 0.03308030256375176, 410: 0.032528451450172066, 420: 0.03197764738809303, 430: 0.03151653008358003, 440: 0.03106746627627318, 450: 0.030666977517613648, 460: 0.030273963598474635, 470: 0.02984162625032124, 480: 0.029534002920575703, 490: 0.02913408016871131, 500: 0.028764219512123036, 510: 0.028474931048799574, 520: 0.028123321738498748, 530: 0.02772365332237644, 540: 0.02748176937796971, 550: 0.027207958807082166, 560: 0.026931701640545223, 570: 0.026714145272670308, 580: 0.026394585982773378, 590: 0.026180410980964786, 600: 0.025986634138174675, 610: 0.025725850725987626, 620: 0.02549626444073303, 630: 0.025280022375210154, 640: 0.025065240658115627, 650: 0.02490627742654842, 660: 0.024675284462119362, 670: 0.024507420932705023, 680: 0.02432545449834962, 690: 0.024110042091097083, 700: 0.02397267321092648, 710: 0.02383162331446264, 720: 0.02366054386459564, 730: 0.02355991378190711, 740: 0.023382429059509966, 750: 0.02323139368751443, 760: 0.02314479817390168, 770: 0.02303428642531701, 780: 0.022891583586342294, 790: 0.02276457216606531, 800: 0.022672951434169565, 810: 0.022577696817208493, 820: 0.022482618904450004, 830: 0.022410339339460378, 840: 0.022274892716531387, 850: 0.02222331506990201, 860: 0.022121130985369344, 870: 0.022065580985456103, 880: 0.02196695613061013, 890: 0.02189726675998985, 900: 0.02181069444143564, 910: 0.0217708908201682, 920: 0.021727044959806423, 930: 0.021683623928213762, 940: 0.021587712825035774, 950: 0.021512755478878633, 960: 0.02143285151523371, 970: 0.021424060704179855, 980: 0.02135180739665288, 990: 0.02132227092650665, 1000: 0.021316459918833845, 1010: 0.021233936979017203, 1020: 0.021212582943798915, 1030: 0.021148398655399584, 1040: 0.021174008881107945, 1050: 0.02113616180507009, 1060: 0.021050854278776777, 1070: 0.021008414535072108, 1080: 0.02095024854780896, 1090: 0.020953787277599986, 1100: 0.020950824412398462, 1110: 0.02087896859515858, 1120: 0.02080830012927385, 1130: 0.020841616901129536, 1140: 0.020858641309899742, 1150: 0.020761430161636098, 1160: 0.020756313910226965, 1170: 0.02077427389775195, 1180: 0.02072981771148218, 1190: 0.020679518070375304, 1200: 0.02065364858660637, 1210: 0.020597655089046023, 1220: 0.020610527708077853, 1230: 0.020582862367959524, 1240: 0.020578151808012195, 1250: 0.020585560093605404, 1260: 0.02052373041721677, 1270: 0.020510379851905087, 1280: 0.020477885762176188, 1290: 0.020472338064779137, 1300: 0.020489081601729818, 1310: 0.020434248368101256, 1320: 0.0204752014925589, 1330: 0.02042275199044248, 1340: 0.02044606800408947, 1350: 0.020416801906208565, 1360: 0.020378368826068895, 1370: 0.020409755112448642, 1380: 0.020370474224432254, 1390: 0.020399929833833406, 1400: 0.02039859475321918, 1410: 0.02036159106532856, 1420: 0.020322630513277228, 1430: 0.020369296951593556, 1440: 0.020341513823039108, 1450: 0.020353826396211964}",1420,0.020322630513277228,0.005,0.01,0.01
energy,fixnoiseFCN,32,0.01,0.0001,"{0: 0.8886663089859221, 10: 0.1825329675835545, 20: 0.09470786359665091, 30: 0.08204546772791602, 40: 0.07675893107841496, 50: 0.07348472850386553, 60: 0.07114365903975192, 70: 0.06934284544973776, 80: 0.0677613606488035, 90: 0.06644006349065931, 100: 0.0651417551843461, 110: 0.06401866639215922, 120: 0.06288048161791274, 130: 0.06172264794918732, 140: 0.06063382690652012, 150: 0.059559586073388494, 160: 0.05859244789843295, 170: 0.05762048235492525, 180: 0.05663183476375204, 190: 0.05564738823557462, 200: 0.054715758947476566, 210: 0.05372385863325453, 220: 0.0526068355167697, 230: 0.05148147935308163, 240: 0.05042664278291169, 250: 0.04927637984664118, 260: 0.04810870597835352, 270: 0.04704127028926077, 280: 0.04593919659333556, 290: 0.04493662331227968, 300: 0.04381708033684769, 310: 0.042838505592719005, 320: 0.0418421325676603, 330: 0.04081169172131418, 340: 0.03978786984674298, 350: 0.03895819869518526, 360: 0.03814764945326797, 370: 0.03739478070446289, 380: 0.03672071992412585, 390: 0.03603168531217592, 400: 0.035522612544452124, 410: 0.034905807951925265, 420: 0.0344171449903006, 430: 0.03396154672496282, 440: 0.03342092945664331, 450: 0.03303950505469435, 460: 0.03258458614383128, 470: 0.03213938057197224, 480: 0.03180127684650073, 490: 0.031480690140803944, 500: 0.031141676290270315, 510: 0.030742906892254368, 520: 0.030523161547548704, 530: 0.0302803380173293, 540: 0.02993602372162758, 550: 0.029676834781799777, 560: 0.029415348441418597, 570: 0.02923723189640598, 580: 0.02900428414763343, 590: 0.02876232954728457, 600: 0.02851236873320857, 610: 0.02824567402121537, 620: 0.028071814385336725, 630: 0.02786721446845935, 640: 0.027763623027839725, 650: 0.027575804293180496, 660: 0.027370406966197174, 670: 0.02724181496234484, 680: 0.027077714824339287, 690: 0.026988776962085514, 700: 0.026839227282805724, 710: 0.026706818867324355, 720: 0.02660441938795146, 730: 0.02646603977488158, 740: 0.026383645067570627, 750: 0.0262159871115216, 760: 0.0260475339149771, 770: 0.025945793547770955, 780: 0.02589195744685236, 790: 0.02573087446068356, 800: 0.025635448209623622, 810: 0.025499339209226278, 820: 0.025426736913271887, 830: 0.02525786758799815, 840: 0.02521132072507064, 850: 0.025157408943486927, 860: 0.02503429550951113, 870: 0.024927249398888324, 880: 0.02486849438302754, 890: 0.024712390705866644, 900: 0.024716953401380932, 910: 0.024508109929912186, 920: 0.02449725529566997, 930: 0.0244200183231819, 940: 0.024327025806309615, 950: 0.024197168018722015, 960: 0.024237443704972834, 970: 0.024029089366875894, 980: 0.02394811418840909, 990: 0.02400554584429377, 1000: 0.02392854191155318, 1010: 0.02385107553322586, 1020: 0.023801714035728432, 1030: 0.023655736004142038, 1040: 0.023568639659507624, 1050: 0.0235823340966948, 1060: 0.02353761192655962, 1070: 0.023423447693989435, 1080: 0.02336689015423677, 1090: 0.023318495243806633, 1100: 0.02330269162103337, 1110: 0.02322406034723498, 1120: 0.02320122190557622, 1130: 0.023129878140758564, 1140: 0.023040565893582294, 1150: 0.023045883558771973, 1160: 0.02295252289484, 1170: 0.022951926430060467, 1180: 0.02291936593833533, 1190: 0.02281928100568202, 1200: 0.02279512553406162, 1210: 0.02269796961480306, 1220: 0.022739155660020334, 1230: 0.02272770389044136, 1240: 0.0226690062514243, 1250: 0.022576754166856734, 1260: 0.02254192521868865, 1270: 0.022615085547514617, 1280: 0.02251983580711892, 1290: 0.022467387417475573, 1300: 0.022386460683472265, 1310: 0.022467234446669, 1320: 0.02243973797436207, 1330: 0.022386792905511505}",1300,0.022386460683472265,0.01,0.01,0.01
energy,fixnoiseFCN,32,0.01,0.0001,"{0: 0.8830103982151087, 10: 0.17776879930550235, 20: 0.09689633538061485, 30: 0.08380743910640572, 40: 0.07839117805109443, 50: 0.0748144681722732, 60: 0.07232071256152586, 70: 0.07043953448947107, 80: 0.06880223038809294, 90: 0.06732106817369618, 100: 0.06620388052067677, 110: 0.06496095328909404, 120: 0.06389782715116629, 130: 0.06277158229596795, 140: 0.06176245669207103, 150: 0.06087326177837895, 160: 0.05984721050569054, 170: 0.05891410341359974, 180: 0.057809108347008496, 190: 0.05667848601097205, 200: 0.05565675981298106, 210: 0.05440217434533767, 220: 0.053521079935632945, 230: 0.052271539066793694, 240: 0.05087546639250673, 250: 0.04976074479512377, 260: 0.04865611378869604, 270: 0.04741905706409699, 280: 0.04639155243660083, 290: 0.045232685493394945, 300: 0.04401010590446928, 310: 0.04290821808052074, 320: 0.04187013870585518, 330: 0.041068411848602035, 340: 0.039937248290742966, 350: 0.038961745369804554, 360: 0.037746548272573, 370: 0.03693900398719387, 380: 0.035968694068748655, 390: 0.035370043300585755, 400: 0.03462172268591816, 410: 0.034178919075040774, 420: 0.0333254829167279, 430: 0.032989547172330165, 440: 0.032467966203570495, 450: 0.03177816054967345, 460: 0.03140285199027204, 470: 0.031050066897422412, 480: 0.030943047572843364, 490: 0.03020527128924112, 500: 0.029718477194889237, 510: 0.029974306685253964, 520: 0.029475199031344053, 530: 0.02906791186894848, 540: 0.02865186278179127, 550: 0.028712574259195423, 560: 0.02868486166501342, 570: 0.02810234731865353, 580: 0.027877430153327214, 590: 0.027639352874742236, 600: 0.027703552647176888, 610: 0.027258084421523342, 620: 0.027189156518536345, 630: 0.02710969741539996, 640: 0.026646954321983808, 650: 0.026887220193649447, 660: 0.026402326758271234, 670: 0.026629612326257567, 680: 0.026081871414338882, 690: 0.026104222719402305, 700: 0.026180555494796365, 710: 0.02580531962003892, 720: 0.025843149144686568, 730: 0.025645307063441723, 740: 0.02549438925111681, 750: 0.02537121635913952, 760: 0.02525166561167951, 770: 0.02511343563107845, 780: 0.025365705635707954, 790: 0.02505278179798621, 800: 0.024958579425465286, 810: 0.024924834844682726, 820: 0.024776918690527033, 830: 0.024737917082355683, 840: 0.024667528617343122, 850: 0.024735174740139733, 860: 0.024596556121619737, 870: 0.02414314338996238, 880: 0.02422047129121086, 890: 0.024656622166785457, 900: 0.0244922684793804}",870,0.02414314338996238,0.05,0.01,0.01
energy,fixnoiseFCN,32,0.01,0.0001,"{0: 0.9134578600067084, 10: 0.19144887901454324, 20: 0.09644121493810051, 30: 0.08313692057075522, 40: 0.07759279247746219, 50: 0.07424855523926567, 60: 0.07180864552313226, 70: 0.06975113274908164, 80: 0.06826788094229862, 90: 0.066852792835688, 100: 0.06575156116480034, 110: 0.06467720301163708, 120: 0.06357888357628669, 130: 0.06251829739927642, 140: 0.061745402954869334, 150: 0.060860954997230654, 160: 0.05963699903865941, 170: 0.058824205963435315, 180: 0.057819530111455165, 190: 0.057163020028351275, 200: 0.05589858310474136, 210: 0.054848638379939654, 220: 0.0538342650739448, 230: 0.05276236808428712, 240: 0.051363064425060403, 250: 0.050484606488252204, 260: 0.04928826483476206, 270: 0.04845197046257275, 280: 0.04725005289525545, 290: 0.046385738641762445, 300: 0.04475788436765498, 310: 0.04352267729228939, 320: 0.04238874133491093, 330: 0.042156012000931394, 340: 0.04119816318767024, 350: 0.039913103085169634, 360: 0.0393208795036576, 370: 0.03845359039578925, 380: 0.037939860370726594, 390: 0.03731526468998271, 400: 0.03656663092189148, 410: 0.03641828869055005, 420: 0.03544963532553567, 430: 0.03491179982959175, 440: 0.034249860833370574, 450: 0.034168862774431916, 460: 0.033382642202006804, 470: 0.03401131822978233, 480: 0.03269336008689339, 490: 0.032372484346830606, 500: 0.03219863077037024, 510: 0.031918135735609844, 520: 0.031517519023506246, 530: 0.03138359777485885, 540: 0.030839514180369444, 550: 0.030691918186862267, 560: 0.030843743541545194, 570: 0.030091095307136106, 580: 0.029962812202587757, 590: 0.029743849992673627, 600: 0.029478045348904698, 610: 0.02944187641453619, 620: 0.029335053102885998, 630: 0.029064863638493855, 640: 0.028744097467197603, 650: 0.029119911497203367, 660: 0.029041907582598364, 670: 0.02845731021310848, 680: 0.02789889652275545, 690: 0.027597706334266475, 700: 0.028279092812377678, 710: 0.027845807209254447, 720: 0.028183507561628046}",690,0.027597706334266475,0.1,0.01,0.01
energy,fixnoiseFCN,32,0.01,0.0005,"{0: 0.473371764507895, 10: 0.07648584817161437, 20: 0.06797070178931536, 30: 0.06290230288491891, 40: 0.0583842019723659, 50: 0.05398854309258287, 60: 0.04984554747998611, 70: 0.04575747254261268, 80: 0.042162036972958755, 90: 0.039147107005635694, 100: 0.0368117546328291, 110: 0.03494480283987748, 120: 0.03346660551943374, 130: 0.0321926531294644, 140: 0.03113205849828441, 150: 0.0302162139374511, 160: 0.029352302408295443, 170: 0.028437894124671265, 180: 0.027626065184764032, 190: 0.026922379553320008, 200: 0.026462013450939386, 210: 0.025796284848273267, 220: 0.025311435429560818, 230: 0.02488248083123811, 240: 0.024541179714748004, 250: 0.0242240482421179, 260: 0.02394496835445493, 270: 0.023751772271240097, 280: 0.023531451520543405, 290: 0.02334018656771715, 300: 0.02322900112622518, 310: 0.023179379275596674, 320: 0.02301355091832339, 330: 0.022990161667023203, 340: 0.022936742484925048, 350: 0.02285878443101196, 360: 0.0227710376813259, 370: 0.02271540181806397, 380: 0.022667013913443668, 390: 0.022584390369215744, 400: 0.022495924283102535, 410: 0.0224269646253051, 420: 0.0223668697186725, 430: 0.022335409812329333, 440: 0.022271158287256225, 450: 0.02235468492965972, 460: 0.02226797647319419, 470: 0.022289606921551554, 480: 0.022261259669253554, 490: 0.022270357508351844, 500: 0.022148072740005225, 510: 0.02218896208970738, 520: 0.022125028889349706, 530: 0.022026419311768807, 540: 0.021954105730430055, 550: 0.021975734721912426, 560: 0.021852406389950736, 570: 0.021839386882568524, 580: 0.021773123309263488, 590: 0.021689747756054863, 600: 0.02170321928501312, 610: 0.021700723413747895, 620: 0.02165794457570483, 630: 0.021689541551505313, 640: 0.021566628168250036, 650: 0.02156325473956437, 660: 0.021543544732897137, 670: 0.021521906630267273, 680: 0.021495931680739627, 690: 0.021424409687592554, 700: 0.021414114101727205, 710: 0.02144767957273188, 720: 0.02145564535901588, 730: 0.021411934648094915, 740: 0.021356146745597236, 750: 0.021354078588227493, 760: 0.02132330320278506, 770: 0.021276460662007522, 780: 0.021246435925986122, 790: 0.021248968803018083, 800: 0.02120751308709955, 810: 0.02120754062239685, 820: 0.02112645165835633, 830: 0.021155002735074556, 840: 0.021089689765315674, 850: 0.021063156269106424, 860: 0.021122613610228342, 870: 0.02106592103369225, 880: 0.02102337114651446, 890: 0.02098303275796277, 900: 0.020980608015711326, 910: 0.02093144090001871, 920: 0.02091832058756201, 930: 0.020936033658024933, 940: 0.020938639818016337, 950: 0.02083462772928908, 960: 0.020857541056655972, 970: 0.02081840407943886, 980: 0.020802832262941308, 990: 0.02081560237700842, 1000: 0.02071134521271306, 1010: 0.02069490461298824, 1020: 0.020712082218599725, 1030: 0.02070491655473886, 1040: 0.020650607956156055, 1050: 0.02068736279999218, 1060: 0.0206403639132047, 1070: 0.020603385195806356, 1080: 0.0206607094746295, 1090: 0.02061483380395294, 1100: 0.02060976943338031}",1070,0.020603385195806356,0.001,0.01,0.01
energy,fixnoiseFCN,32,0.01,0.0005,"{0: 0.55466356055428, 10: 0.07679041255462588, 20: 0.06928619497387263, 30: 0.06468774620694318, 40: 0.06042144177395885, 50: 0.05583455315514889, 60: 0.05081723603507717, 70: 0.04546042605762869, 80: 0.04060676303493187, 90: 0.036733415585463565, 100: 0.03395835592464957, 110: 0.03191524167877427, 120: 0.03045891785894126, 130: 0.029446868222158668, 140: 0.028413212847341447, 150: 0.027728365187069094, 160: 0.026957953364693706, 170: 0.026350526115903612, 180: 0.025692614718207153, 190: 0.025269747697890366, 200: 0.024813546472347354, 210: 0.024399957266069798, 220: 0.02416658524958079, 230: 0.023897747011706542, 240: 0.023617304345724677, 250: 0.02351190902269889, 260: 0.02328821386646429, 270: 0.02307326800073109, 280: 0.023043725497382143, 290: 0.022984407506446217, 300: 0.022755015151299397, 310: 0.02261287654289167, 320: 0.02257555402680292, 330: 0.02253917538800864, 340: 0.02237435221713268, 350: 0.022291059302461273, 360: 0.022205631955777877, 370: 0.0220989501390988, 380: 0.022032126968007326, 390: 0.022066019460862753, 400: 0.021933631864679858, 410: 0.02209535809751393, 420: 0.02193595363390965, 430: 0.021907712658687257, 440: 0.021865804710202132, 450: 0.02196213888848732, 460: 0.021695024939831116, 470: 0.02182631353232883, 480: 0.021811553633616802, 490: 0.021761989256998397}",460,0.021695024939831116,0.005,0.01,0.01
energy,fixnoiseFCN,32,0.01,0.0005,"{0: 0.46438838098027874, 10: 0.07395177406044018, 20: 0.06503441334441036, 30: 0.059349167495509184, 40: 0.05475165969788369, 50: 0.05004372091336551, 60: 0.044921370901889315, 70: 0.03995989339465135, 80: 0.0363252117827199, 90: 0.03393489712801843, 100: 0.03218518447875183, 110: 0.0307606843783389, 120: 0.02948653078739181, 130: 0.02855699600684878, 140: 0.02765018023363327, 150: 0.026946457035121607, 160: 0.026384152820517297, 170: 0.025707448188249753, 180: 0.02514391653681618, 190: 0.02451406837149702, 200: 0.024135458073575672, 210: 0.023814432856152767, 220: 0.023224088193022793, 230: 0.02317150940600493, 240: 0.022856041244908275, 250: 0.0227225608022703, 260: 0.02252381794059315, 270: 0.022267080874281708, 280: 0.022121813666563538, 290: 0.02185995572422995, 300: 0.02185346857316551, 310: 0.02175633183783624, 320: 0.02180194080597867, 330: 0.021451497411743396, 340: 0.021624793630928958, 350: 0.02136020516572309, 360: 0.02146994425178738, 370: 0.021221633479108368, 380: 0.02119242567752725, 390: 0.021327980016408468, 400: 0.021177663338285843, 410: 0.02126972447307717, 420: 0.02109418848441825, 430: 0.02108906414466557, 440: 0.021178317627509952, 450: 0.021004519671053747, 460: 0.02103298778578542, 470: 0.021055638779182644, 480: 0.02096476936679347, 490: 0.021022521694157657, 500: 0.021106061772630167, 510: 0.020838490030978395, 520: 0.020852440268031663, 530: 0.021048100252788325, 540: 0.021063483351257926}",510,0.020838490030978395,0.01,0.01,0.01
energy,fixnoiseFCN,32,0.01,0.0005,"{0: 0.5102561039216325, 10: 0.0742725343422724, 20: 0.06604229174261408, 30: 0.06039736894700752, 40: 0.055328073522628876, 50: 0.0505760783820403, 60: 0.045893817124326004, 70: 0.04133897910881889, 80: 0.03791048389807488, 90: 0.034157296265713157, 100: 0.03246459870111516, 110: 0.031233137604094942, 120: 0.03035345576042201, 130: 0.02979617008531505, 140: 0.028622164482661173, 150: 0.028288405219185565, 160: 0.027533956009293342, 170: 0.02687584845830556, 180: 0.026180358810739313, 190: 0.025045644511026442, 200: 0.02473804107273235, 210: 0.02427139101110823, 220: 0.02425523779469062, 230: 0.023897746665244118, 240: 0.023965437063336863, 250: 0.023518007169745135, 260: 0.023238852995856315, 270: 0.023428088754805766, 280: 0.02304742501900404, 290: 0.02274970946061175, 300: 0.02227999671790205, 310: 0.02300565006432594, 320: 0.021693452770580823, 330: 0.022010372682371153, 340: 0.02201931740136329, 350: 0.021631871215705194, 360: 0.021783979471554943, 370: 0.02170134013021936, 380: 0.02239047742150719}",350,0.021631871215705194,0.05,0.01,0.01
energy,fixnoiseFCN,32,0.01,0.0005,"{0: 0.5183756359653379, 10: 0.07397641828202985, 20: 0.06679050632344474, 30: 0.06240017622144249, 40: 0.05848262253565326, 50: 0.05498679942546623, 60: 0.05116071942049226, 70: 0.04705045601008225, 80: 0.041666609692862316, 90: 0.03874678122090464, 100: 0.035630202587476956, 110: 0.03360599147586104, 120: 0.03302057462929488, 130: 0.0318635554822599, 140: 0.030554903152941328, 150: 0.030068246756301598, 160: 0.029690450814361575, 170: 0.02831196285109988, 180: 0.028664124866829115, 190: 0.028444768373565122, 200: 0.027430881150826508, 210: 0.02654885807612447, 220: 0.026197371989072526, 230: 0.026124609515615082, 240: 0.025450179715707, 250: 0.02499590908839661, 260: 0.026288684956455338, 270: 0.024212132365640546, 280: 0.023852566478437073, 290: 0.02520834653755355, 300: 0.024110843043902964, 310: 0.023935800441742483}",280,0.023852566478437073,0.1,0.01,0.01
energy,fixnoiseFCN,32,0.01,0.001,"{0: 0.26795995414582763, 10: 0.06927066933585614, 20: 0.06128929065016371, 30: 0.05363043188645603, 40: 0.045554076349450856, 50: 0.03909531540152837, 60: 0.03495485422283502, 70: 0.03246246036973759, 80: 0.030555579449679078, 90: 0.02926381810115335, 100: 0.028237378960404576, 110: 0.02701809483842323, 120: 0.026086553102169265, 130: 0.02522175254651019, 140: 0.024474119760645213, 150: 0.023924679485985426, 160: 0.023436867620403225, 170: 0.022964692397973312, 180: 0.022703116301406933, 190: 0.022308416945424604, 200: 0.022026434675004026, 210: 0.02183266152036551, 220: 0.021569974759801398, 230: 0.02147717104104361, 240: 0.021356025431739614, 250: 0.02121440403517939, 260: 0.021045034431173303, 270: 0.021019872908414554, 280: 0.020897534773633524, 290: 0.020820273783275896, 300: 0.020840658344736536, 310: 0.02065569924926215, 320: 0.020666479478563753, 330: 0.020666163832229262, 340: 0.02057101242817709, 350: 0.020510010469759983, 360: 0.0204289064275536, 370: 0.020405504185774397, 380: 0.020398123405415004, 390: 0.02034232115439299, 400: 0.020302911489327106, 410: 0.020269373670596728, 420: 0.02032693000092028, 430: 0.020327353819869096, 440: 0.02031405726414187}",410,0.020269373670596728,0.001,0.01,0.01
energy,fixnoiseFCN,32,0.01,0.001,"{0: 0.2232825004089662, 10: 0.06997574571985317, 20: 0.06297898382558183, 30: 0.057233119802158484, 40: 0.049059433498081326, 50: 0.039774578684916365, 60: 0.03460098594520452, 70: 0.031855789778299066, 80: 0.03006541775198169, 90: 0.02861820092370383, 100: 0.027541234525245546, 110: 0.026499423842197434, 120: 0.025362254084288622, 130: 0.02447628642024139, 140: 0.023757058163546497, 150: 0.023080507706462007, 160: 0.022436675050732942, 170: 0.021957181664721204, 180: 0.021472875049056473, 190: 0.021323903432327176, 200: 0.02108517715070155, 210: 0.020834780854509263, 220: 0.02076640567748122, 230: 0.020671542389034098, 240: 0.020493929557811097, 250: 0.020356944704997562, 260: 0.020349137669231323, 270: 0.020171627263358187, 280: 0.019988680435844806, 290: 0.020064364084046705, 300: 0.019998276484508314, 310: 0.020009212420095717}",280,0.019988680435844806,0.005,0.01,0.01
energy,fixnoiseFCN,32,0.01,0.001,"{0: 0.25379391958236724, 10: 0.0681683567029491, 20: 0.05885115383250243, 30: 0.049327216804172534, 40: 0.039250446653794666, 50: 0.033300185538892926, 60: 0.03043903786722309, 70: 0.028900615977651912, 80: 0.0274446165482086, 90: 0.026229391043540773, 100: 0.02526176138316157, 110: 0.02436932141511667, 120: 0.023517297152278384, 130: 0.023004955999050735, 140: 0.022788855509578536, 150: 0.022253940722506776, 160: 0.02198000692122065, 170: 0.021839560802708696, 180: 0.021760202499532776, 190: 0.021522132844784436, 200: 0.021428986316079833, 210: 0.021570716079214756, 220: 0.021371518121144777, 230: 0.021251349712633996, 240: 0.021436512428340188, 250: 0.02130176226581023, 260: 0.02129074362386279}",230,0.021251349712633996,0.01,0.01,0.01
energy,fixnoiseFCN,32,0.01,0.001,"{0: 0.2501245235592051, 10: 0.07027116255000816, 20: 0.061725221994847715, 30: 0.05372646269493384, 40: 0.04635476420442216, 50: 0.03929086466242032, 60: 0.035822324716691716, 70: 0.03332064550081508, 80: 0.03286017425274883, 90: 0.03041104700251983, 100: 0.030998241559105938, 110: 0.029949274897132495, 120: 0.029008645726079606, 130: 0.02964761723004213, 140: 0.02822858717470793, 150: 0.02831617989436469, 160: 0.027128296280976107, 170: 0.026813272656094587, 180: 0.02564953800941743, 190: 0.02510329055637479, 200: 0.025580404040431094, 210: 0.02458532415573698, 220: 0.025648521428487624, 230: 0.023896226943667283, 240: 0.02329997500027619, 250: 0.0239270737264854, 260: 0.023343376594621802, 270: 0.023210170436101872, 280: 0.022770995391386557, 290: 0.023249605313185755, 300: 0.02298866291478918, 310: 0.02329726164355451}",280,0.022770995391386557,0.05,0.01,0.01
energy,fixnoiseFCN,32,0.01,0.001,"{0: 0.21223379355040645, 10: 0.06838107232958193, 20: 0.0613112201661221, 30: 0.055659037581234715, 40: 0.04775965266872069, 50: 0.04097746868065345, 60: 0.03659119492799627, 70: 0.03393571762983503, 80: 0.032073089600902285, 90: 0.030962007480070115, 100: 0.02943057076774382, 110: 0.02912561520790118, 120: 0.028046589663199357, 130: 0.028494250996967528, 140: 0.028383128780126377, 150: 0.026717180868541975, 160: 0.02743084520746013, 170: 0.027343396197393288, 180: 0.025662040342711478, 190: 0.02464056753655358, 200: 0.02551531303799599, 210: 0.02543869525532786, 220: 0.024323344401301232, 230: 0.023897558281116966, 240: 0.0254351036067281, 250: 0.0249974073042792, 260: 0.025344254558812368}",230,0.023897558281116966,0.1,0.01,0.01
energy,fixnoiseFCN,32,0.01,0.002,"{0: 0.1425850250691823, 10: 0.06605605937299228, 20: 0.05424803722797276, 30: 0.042566880585302294, 40: 0.03538604090959688, 50: 0.03271117331208141, 60: 0.030599464817655565, 70: 0.029204408223993356, 80: 0.027832914271576754, 90: 0.0269264471409717, 100: 0.026134961775196097, 110: 0.025200925591236295, 120: 0.024439819790194526, 130: 0.023989814452034554, 140: 0.023455861549986835, 150: 0.02343256884748167, 160: 0.02317830586708376, 170: 0.023113053712279386, 180: 0.022898746049248835, 190: 0.0227802496568296, 200: 0.022747245073560775, 210: 0.022560745856908267, 220: 0.02235050187178684, 230: 0.02248198765070716, 240: 0.02222088746119285, 250: 0.022588230842580704, 260: 0.022347150145933442, 270: 0.022320814018166178}",240,0.02222088746119285,0.001,0.01,0.01
energy,fixnoiseFCN,32,0.01,0.002,"{0: 0.1401515664155684, 10: 0.06779469467841528, 20: 0.05493352146166079, 30: 0.04118129147243241, 40: 0.03433914247671358, 50: 0.0314718696516537, 60: 0.02939239600386585, 70: 0.027943682639958795, 80: 0.027008129971869733, 90: 0.026686367505669044, 100: 0.026516679953448606, 110: 0.026888116916280885, 120: 0.02557405933107688, 130: 0.025135687581214698, 140: 0.02491570325109298, 150: 0.024714991607478972, 160: 0.02452447874277659, 170: 0.024247295377887987, 180: 0.0240116507631462, 190: 0.024090999034800033, 200: 0.023397697917382214, 210: 0.023385010024265306, 220: 0.022777530895160047, 230: 0.022579023234201606, 240: 0.022801188801333465, 250: 0.022595783209448793, 260: 0.022480823323215014, 270: 0.022148677991167175, 280: 0.02241115402407953, 290: 0.022235178627574247, 300: 0.02208939792614916, 310: 0.022325531368489054, 320: 0.022090358495579214, 330: 0.022134051963018646}",300,0.02208939792614916,0.005,0.01,0.01
energy,fixnoiseFCN,32,0.01,0.002,"{0: 0.14309703226639528, 10: 0.0690370673454993, 20: 0.05542211928924338, 30: 0.0433619979958657, 40: 0.03628234985183592, 50: 0.0331024380318605, 60: 0.030984034891920885, 70: 0.029113089231575358, 80: 0.027615178262785832, 90: 0.026487345957968943, 100: 0.025267248123603182, 110: 0.024581875443889522, 120: 0.024316844930786674, 130: 0.02382060220356081, 140: 0.023547662293192634, 150: 0.02297041835862903, 160: 0.02291966463750352, 170: 0.022813222454082533, 180: 0.022275438246170863, 190: 0.02223912319929345, 200: 0.022469765463215614, 210: 0.022326456970337485, 220: 0.021868121414566365, 230: 0.021865952937358196, 240: 0.02205523452837595, 250: 0.02189287801733553, 260: 0.02155744671847909, 270: 0.0213303782269021, 280: 0.021491755604993203, 290: 0.021181413725114825, 300: 0.02109932361425606, 310: 0.021194397042267492, 320: 0.020934999161368244, 330: 0.020770992643388407, 340: 0.02095132103361369, 350: 0.020827834861901436, 360: 0.020889892278373935}",330,0.020770992643388407,0.01,0.01,0.01
energy,fixnoiseFCN,32,0.01,0.002,"{0: 0.13905806298373016, 10: 0.06735197313931265, 20: 0.05680904218816056, 30: 0.04306071347362254, 40: 0.03657698261945165, 50: 0.033143855137972696, 60: 0.032327401387990194, 70: 0.03056007618786859, 80: 0.030185743689330496, 90: 0.02833126750887016, 100: 0.027901540480640495, 110: 0.02743244169695261, 120: 0.025356078054098053, 130: 0.02534829327879084, 140: 0.02494304911569247, 150: 0.0247017940868789, 160: 0.024387252831680882, 170: 0.02361800446277195, 180: 0.024143219916625377, 190: 0.02447252052199474, 200: 0.024016828173142178}",170,0.02361800446277195,0.05,0.01,0.01
energy,fixnoiseFCN,32,0.01,0.002,"{0: 0.15585757786832333, 10: 0.06704575787362306, 20: 0.05671008578101333, 30: 0.0474821688693479, 40: 0.03730427533384166, 50: 0.032495154316574196, 60: 0.032620282191597, 70: 0.029581107510849348, 80: 0.030888977300812127, 90: 0.02895571603339826, 100: 0.027448102390098445, 110: 0.028538615584738903, 120: 0.029260723742290363, 130: 0.02753796885456623}",100,0.027448102390098445,0.1,0.01,0.01
energy,fixnoiseFCN,32,0.001,0.0001,"{0: 0.8767541890094777, 10: 0.16374215053055075, 20: 0.0912462309045576, 30: 0.08046912098112033, 40: 0.07535744250202026, 50: 0.07214255086654595, 60: 0.06978546924026159, 70: 0.06772742441660616, 80: 0.06578880930767525, 90: 0.06398203397130237, 100: 0.062144977715018826, 110: 0.060317512808210474, 120: 0.058456475061417726, 130: 0.056591309020753766, 140: 0.05460895470977941, 150: 0.05257641014015056, 160: 0.050468300202471415, 170: 0.048325322082584714, 180: 0.046124853742151646, 190: 0.04399367416359203, 200: 0.041865823658906384, 210: 0.03974923021231439, 220: 0.03777413582318818, 230: 0.035913262823200634, 240: 0.03413863166427908, 250: 0.032475758334650336, 260: 0.030946305429101918, 270: 0.02951077264148355, 280: 0.02807879545259786, 290: 0.0267820038949279, 300: 0.025553028065749495, 310: 0.024338991985129156, 320: 0.023216020182300397, 330: 0.0221676319291661, 340: 0.02105611410931867, 350: 0.020138603921492592, 360: 0.01923612902536998, 370: 0.01845486000243301, 380: 0.017673307481329472, 390: 0.016988791403074306, 400: 0.016408346149900128, 410: 0.01589000691155422, 420: 0.015403317725681853, 430: 0.01500242756051325, 440: 0.014632474036901438, 450: 0.014364262743103682, 460: 0.014077644875216257, 470: 0.01385721408274344, 480: 0.013631298125009152, 490: 0.013467635418107558, 500: 0.01328633488626962, 510: 0.013151208137777823, 520: 0.01302000268350174, 530: 0.012886658381282445, 540: 0.012748624645168585, 550: 0.012644297452304647, 560: 0.012546573775530848, 570: 0.01244551953140313, 580: 0.012359019329538787, 590: 0.012304531480182585, 600: 0.012238899185892587, 610: 0.012168202356313837, 620: 0.012089175337970983, 630: 0.01201633605832964, 640: 0.012002343165883219, 650: 0.01198715376073732, 660: 0.011931733533729618, 670: 0.011854379392445871, 680: 0.011806277620035019, 690: 0.011752988089173416, 700: 0.011731695874410322, 710: 0.011672183674503591, 720: 0.01164808040191847, 730: 0.011601988580221875, 740: 0.011570205790225696, 750: 0.011533866775898984, 760: 0.011534138663130595, 770: 0.011507865215445516, 780: 0.011471755407349925, 790: 0.011435273547367494, 800: 0.011396440747277779, 810: 0.011366776427991146, 820: 0.01135685766813625, 830: 0.011300473319329088, 840: 0.011301249066385372, 850: 0.011261927529794127, 860: 0.0112159337028444, 870: 0.01121851817625172, 880: 0.011190611087868178, 890: 0.01113723055996407, 900: 0.011099057325413848, 910: 0.011078189240958963, 920: 0.011000893393728308, 930: 0.011008209330204183, 940: 0.011002075204452694, 950: 0.010990124254352281, 960: 0.010983269577668429, 970: 0.010955415040604133, 980: 0.010940966207244116, 990: 0.010865372802325385, 1000: 0.010884870389072012, 1010: 0.010846366026386268, 1020: 0.010820107080137194, 1030: 0.010796494078060917, 1040: 0.010813377420332938, 1050: 0.010799036957457608, 1060: 0.010777304478895303, 1070: 0.0107659546696876, 1080: 0.010766587095236074, 1090: 0.010754331941010714, 1100: 0.010748109013980666, 1110: 0.010739475882479477, 1120: 0.010719301675260265, 1130: 0.01068621970706684, 1140: 0.010700746181635846, 1150: 0.010651726889464119, 1160: 0.010659559340679584, 1170: 0.010654885724758378, 1180: 0.01061751660984593, 1190: 0.01062801131963984, 1200: 0.010567960924702666, 1210: 0.010622631676987114, 1220: 0.010599514267165436, 1230: 0.01062373660252096}",1200,0.010567960924702666,0.001,0.01,0.01
energy,fixnoiseFCN,32,0.001,0.0001,"{0: 0.9011469657208527, 10: 0.1882226011692866, 20: 0.092375621723919, 30: 0.08028542771558118, 40: 0.07513731777971862, 50: 0.07157539972305839, 60: 0.06878748939193982, 70: 0.06629915425905693, 80: 0.06408924606811058, 90: 0.06211865454779122, 100: 0.060251335708585076, 110: 0.058284131440370146, 120: 0.056337937143225755, 130: 0.05434785983964004, 140: 0.05228321095043527, 150: 0.05023363076178222, 160: 0.04806275066491264, 170: 0.045740644256325534, 180: 0.04350818910804945, 190: 0.04144861311908088, 200: 0.03942861152314098, 210: 0.037512554121631334, 220: 0.0356196080049862, 230: 0.03385890236351052, 240: 0.03222530606844144, 250: 0.030809551024121567, 260: 0.02914123026854961, 270: 0.02788430576922833, 280: 0.026568788605181477, 290: 0.025308953046646775, 300: 0.02414353864447949, 310: 0.02298461059603642, 320: 0.021890954673265423, 330: 0.02083770230012299, 340: 0.019940867260749874, 350: 0.019090546732841652, 360: 0.01814582177858507, 370: 0.017660356927789698, 380: 0.01683562843396656, 390: 0.016363952808279715, 400: 0.01588959998845772, 410: 0.015308719046608032, 420: 0.01492878510787394, 430: 0.014629258747322687, 440: 0.01446258920825413, 450: 0.014135783083397285, 460: 0.013845328336791857, 470: 0.013716280239945899, 480: 0.013567977399217352, 490: 0.013382797141703534, 500: 0.013247088737379672, 510: 0.013220554966701482, 520: 0.013096254582361817, 530: 0.01302817257084712, 540: 0.012904325402964278, 550: 0.013059327073393264, 560: 0.012943521752547885, 570: 0.012875464404994597, 580: 0.012609264800814344, 590: 0.012665800110978292, 600: 0.01259096069792694, 610: 0.012558169033419076, 620: 0.012490294726239522, 630: 0.012393595404537178, 640: 0.012412230581614645, 650: 0.012133530892409889, 660: 0.012121653879764147, 670: 0.012178928930611291, 680: 0.011778144781765351, 690: 0.012048357810803262, 700: 0.011988605694170318, 710: 0.012005897004971079}",680,0.011778144781765351,0.005,0.01,0.01
energy,fixnoiseFCN,32,0.001,0.0001,"{0: 0.8931375363135867, 10: 0.1626182432238156, 20: 0.09051535189316604, 30: 0.0794005666446975, 40: 0.07397485424479087, 50: 0.07049014995850977, 60: 0.06786754243875223, 70: 0.06557934162417094, 80: 0.06331261476911688, 90: 0.060977616138566615, 100: 0.05842923698920768, 110: 0.0559932722788397, 120: 0.0534973166530472, 130: 0.051018159030203694, 140: 0.04868752799752425, 150: 0.046413026999135534, 160: 0.04420833119688853, 170: 0.042026451055427703, 180: 0.03998473450029101, 190: 0.037994396712421954, 200: 0.03623308117454146, 210: 0.034605125077322024, 220: 0.03285858702958703, 230: 0.03146557597031112, 240: 0.030090684961568796, 250: 0.028908607432963564, 260: 0.02760613777436536, 270: 0.02647109529087659, 280: 0.025458930923568594, 290: 0.024307115837225602, 300: 0.023190779561767988, 310: 0.022390277587909086, 320: 0.02151461039527935, 330: 0.02037946326281033, 340: 0.019491906294195265, 350: 0.01890447994660103, 360: 0.018004082240845487, 370: 0.017298791516042463, 380: 0.016662972142360583, 390: 0.01599713173647368, 400: 0.01569329648858698, 410: 0.015304727505249045, 420: 0.014796084169706538, 430: 0.014693398608110014, 440: 0.014482807232667514, 450: 0.014332565614278637, 460: 0.013928675293693038, 470: 0.013712422473796282, 480: 0.013580487256786011, 490: 0.013345643738154372, 500: 0.013623340216189859, 510: 0.013311291225842898, 520: 0.013282985657994231, 530: 0.01276754778266791, 540: 0.012815895043355707, 550: 0.012964387747379546, 560: 0.012618660959240741, 570: 0.012495380578847862, 580: 0.012611930580829819, 590: 0.012556125752962496, 600: 0.012252973509024207, 610: 0.012214633329161624, 620: 0.012426222448749758, 630: 0.012292617542948959, 640: 0.012162407278402893, 650: 0.012285100850626066, 660: 0.01228526692428355, 670: 0.012111630981598624, 680: 0.012080220101562822, 690: 0.01178315813249387, 700: 0.011837468258021183, 710: 0.011837821161081761, 720: 0.011782284865946999, 730: 0.011719538583878867, 740: 0.011349830382499721, 750: 0.011329261049631733, 760: 0.01178339226904963, 770: 0.011858470266811251, 780: 0.011593523164636377}",750,0.011329261049631733,0.01,0.01,0.01
energy,fixnoiseFCN,32,0.001,0.0001,"{0: 0.893459102213899, 10: 0.18615121211025948, 20: 0.09427490707228188, 30: 0.08081270901541639, 40: 0.07504544564303471, 50: 0.07131841146245284, 60: 0.06854082292210702, 70: 0.06667341120202477, 80: 0.06480871318438189, 90: 0.06279204845533726, 100: 0.061094855025905184, 110: 0.05924749395630208, 120: 0.057163102852730976, 130: 0.055083851744143396, 140: 0.05280507174921913, 150: 0.05035690751572688, 160: 0.04777955408927386, 170: 0.045368048388823246, 180: 0.04272568627554433, 190: 0.041006128249810835, 200: 0.038288884449268076, 210: 0.03616547547747505, 220: 0.0346995335091891, 230: 0.032714829303316276, 240: 0.03057713099298188, 250: 0.029503314640940498, 260: 0.02820021093644397, 270: 0.026948710164003343, 280: 0.02611862461295018, 290: 0.024382304122012866, 300: 0.023482672033768668, 310: 0.02300889738138423, 320: 0.021940086098586685, 330: 0.020558758492230392, 340: 0.01985671830048414, 350: 0.019640093810278408, 360: 0.018453083795090804, 370: 0.018275963684438956, 380: 0.01771989953640253, 390: 0.016977240702982156, 400: 0.016734460273075624, 410: 0.015602003745265491, 420: 0.015206888047924907, 430: 0.015055142567924609, 440: 0.014427432526095633, 450: 0.014536885296962893, 460: 0.014306649199249894, 470: 0.014019381065580977, 480: 0.013749083970635772, 490: 0.013524474218494193, 500: 0.013774842630084253, 510: 0.013939518142180269, 520: 0.013218289885846701, 530: 0.013365105486520982, 540: 0.01290008668717894, 550: 0.013470448884235672, 560: 0.013489223240229126, 570: 0.012637904368705405, 580: 0.012616396389701048, 590: 0.011924313424895158, 600: 0.011982250339015833, 610: 0.01319530923032467, 620: 0.012129112053799077}",590,0.011924313424895158,0.05,0.01,0.01
energy,fixnoiseFCN,32,0.001,0.0001,"{0: 0.9072437552647576, 10: 0.19451917306305677, 20: 0.0922741005083219, 30: 0.07967248066751366, 40: 0.07443144689621281, 50: 0.07105869556127128, 60: 0.06850435618496364, 70: 0.06694606198448508, 80: 0.06490838047517675, 90: 0.0628842585644777, 100: 0.06105676533369586, 110: 0.05918430326953104, 120: 0.05710429797887675, 130: 0.05554802626322726, 140: 0.054152626301544625, 150: 0.051617770051397706, 160: 0.04998042581439829, 170: 0.04771142590686225, 180: 0.045513806337626965, 190: 0.04487456634986263, 200: 0.04372938367662653, 210: 0.041113585628808444, 220: 0.039798420870322385, 230: 0.038543909819361996, 240: 0.03730736527585489, 250: 0.03527058885017824, 260: 0.034661501329816706, 270: 0.034553067587285255, 280: 0.03255824122052105, 290: 0.032856746029104295, 300: 0.030832964965586313, 310: 0.029375893498981787, 320: 0.02861158190607651, 330: 0.027417162975725114, 340: 0.02670730573339799, 350: 0.026208434182036867, 360: 0.025148125030259226, 370: 0.024300364171682708, 380: 0.022887453763453657, 390: 0.023260807124573867, 400: 0.022752668595756514, 410: 0.021176743939768174, 420: 0.021227011980031366, 430: 0.01987432634079856, 440: 0.019738036413309252, 450: 0.01958025598608818, 460: 0.018841722608804228, 470: 0.0181679300202982, 480: 0.017181459064833104, 490: 0.01674351108948239, 500: 0.017542807774537088, 510: 0.014904097070405839, 520: 0.014967119005250166, 530: 0.0159031836881759, 540: 0.015475228142952041}",510,0.014904097070405839,0.1,0.01,0.01
energy,fixnoiseFCN,32,0.001,0.0005,"{0: 0.4689982072156412, 10: 0.07436337611916922, 20: 0.06347044786659539, 30: 0.05313189466778444, 40: 0.043174970192643825, 50: 0.03563771409893789, 60: 0.029997925272063224, 70: 0.025160129497967948, 80: 0.0211852000914807, 90: 0.01751670242713842, 100: 0.015254380145981187, 110: 0.013901023669015678, 120: 0.013038220179645694, 130: 0.012550834610643154, 140: 0.012097997397621794, 150: 0.011834526880143161, 160: 0.01164906627396659, 170: 0.011386259949284364, 180: 0.011246972497926007, 190: 0.010994540245856731, 200: 0.010922262768988392, 210: 0.010909982875382246, 220: 0.010772015973771674, 230: 0.010703589792365704, 240: 0.010551177044578445, 250: 0.010493980942031597, 260: 0.010336859886948227, 270: 0.010180735451509545, 280: 0.010193702768806009, 290: 0.010132731066617776, 300: 0.010075587691228047, 310: 0.009957114032265004, 320: 0.0099856997502606, 330: 0.009899038435710295, 340: 0.009858566238310903, 350: 0.009790027467217424, 360: 0.009799471435310994, 370: 0.009684810605184124, 380: 0.009553133665422538, 390: 0.009551897377367082, 400: 0.00951725207302706, 410: 0.009509430174628556, 420: 0.009769724349016018, 430: 0.010020032185948439, 440: 0.010146961483571146}",410,0.009509430174628556,0.001,0.01,0.01
energy,fixnoiseFCN,32,0.001,0.0005,"{0: 0.49150843542924677, 10: 0.07179170321962618, 20: 0.062102310739404976, 30: 0.05370683716402782, 40: 0.04416723727348779, 50: 0.03563842275972472, 60: 0.02929234865660129, 70: 0.024445972482307777, 80: 0.020149261161573773, 90: 0.016810439729758476, 100: 0.014937940574030542, 110: 0.013859599854128827, 120: 0.01295590666051362, 130: 0.012636455068868447, 140: 0.012677851797349768, 150: 0.012469115014957951, 160: 0.012212647713286852, 170: 0.011896930640697672, 180: 0.01197437467934832, 190: 0.011476254204205456, 200: 0.011626174068084605, 210: 0.011537117155274498, 220: 0.011242774391814215, 230: 0.011359926212805418, 240: 0.011195647953504898, 250: 0.011113536160195467, 260: 0.011191123268091248, 270: 0.011045330571782528, 280: 0.011206533105039254, 290: 0.010978534437148005, 300: 0.011131038138533427, 310: 0.010974826610333225, 320: 0.010915325570769144, 330: 0.01103308509487133, 340: 0.010784498986472936, 350: 0.01109568693107966, 360: 0.010941251043670202, 370: 0.010901165418336784}",340,0.010784498986472936,0.005,0.01,0.01
energy,fixnoiseFCN,32,0.001,0.0005,"{0: 0.5623732195446431, 10: 0.07401830857046425, 20: 0.06461390776773954, 30: 0.05584191601412123, 40: 0.04588112206927271, 50: 0.03676204399673578, 60: 0.030167095180375962, 70: 0.024431986691372864, 80: 0.020567267135383448, 90: 0.0174264163391792, 100: 0.015576978771662206, 110: 0.014259688613391885, 120: 0.013518913601208975, 130: 0.012504915188087887, 140: 0.012247742392772178, 150: 0.01188682230636547, 160: 0.012278084572581876, 170: 0.01170057437538914, 180: 0.011866828305285567, 190: 0.011551684349505712, 200: 0.011361903441824367, 210: 0.010973407717315645, 220: 0.011250783364207453, 230: 0.011060889289388812, 240: 0.011407242373352458}",210,0.010973407717315645,0.01,0.01,0.01
energy,fixnoiseFCN,32,0.001,0.0005,"{0: 0.4729653850056784, 10: 0.0744587668973526, 20: 0.06397583479426407, 30: 0.054544483291241674, 40: 0.04315417363135462, 50: 0.03430071674683531, 60: 0.02829849928097138, 70: 0.02479308372852259, 80: 0.021282714859369112, 90: 0.01805221892562641, 100: 0.01733515991196414, 110: 0.013891112891164986, 120: 0.015064427856972568, 130: 0.012941406460598808, 140: 0.013958628396088423, 150: 0.012564572948127326, 160: 0.011766584054632087, 170: 0.012210143201972177, 180: 0.0124848204435624, 190: 0.01099823750359395, 200: 0.011186097786547949, 210: 0.012158922331913357, 220: 0.01202728070758604}",190,0.01099823750359395,0.05,0.01,0.01
energy,fixnoiseFCN,32,0.001,0.0005,"{0: 0.48879021525970867, 10: 0.07467432200380378, 20: 0.06583411678409681, 30: 0.060382038280496944, 40: 0.051466667859918214, 50: 0.04284481733479325, 60: 0.03492183361341997, 70: 0.030851938344779516, 80: 0.02499245114164735, 90: 0.02360318928376569, 100: 0.017600342103205775, 110: 0.0162287976646526, 120: 0.015075733324017076, 130: 0.014033522228652635, 140: 0.014209901230819607, 150: 0.01183149363009221, 160: 0.015431402310382463, 170: 0.013858527432584483, 180: 0.012576317304007262}",150,0.01183149363009221,0.1,0.01,0.01
energy,fixnoiseFCN,32,0.001,0.001,"{0: 0.23845398999541087, 10: 0.06571214548368605, 20: 0.05010753081845598, 30: 0.03258236034320351, 40: 0.021911892216361185, 50: 0.01527365748140592, 60: 0.012799722833679816, 70: 0.011887375591490352, 80: 0.011450861851402608, 90: 0.01138437332364012, 100: 0.011255383972494634, 110: 0.011217027290310998, 120: 0.011407218482278315, 130: 0.01199904010967155, 140: 0.012544555286613088}",110,0.011217027290310998,0.001,0.01,0.01
energy,fixnoiseFCN,32,0.001,0.001,"{0: 0.24607292137177134, 10: 0.0702768766466346, 20: 0.05402275202814481, 30: 0.035347693688511116, 40: 0.024750599936326074, 50: 0.0184189354970939, 60: 0.01463630047272908, 70: 0.012809517249061824, 80: 0.011999750728556951, 90: 0.01172124769977553, 100: 0.0112517359935633, 110: 0.011368314947537738, 120: 0.011707469590547465, 130: 0.01160021457426656}",100,0.0112517359935633,0.005,0.01,0.01
energy,fixnoiseFCN,32,0.001,0.001,"{0: 0.20254808924272982, 10: 0.06831964300206847, 20: 0.05285466027498349, 30: 0.037238622841234206, 40: 0.029138599197026112, 50: 0.02349831598269535, 60: 0.01832284908510837, 70: 0.01512246809883174, 80: 0.013766423585909942, 90: 0.01292998091813351, 100: 0.01260850678047722, 110: 0.0132880813736475, 120: 0.012290008645144745, 130: 0.013169193030715459, 140: 0.012046132925870529, 150: 0.011886367816567387, 160: 0.012269366280202185, 170: 0.012439611674238387, 180: 0.012080397478345889}",150,0.011886367816567387,0.01,0.01,0.01
energy,fixnoiseFCN,32,0.001,0.001,"{0: 0.2200966745426333, 10: 0.06872593903931223, 20: 0.054991926854806764, 30: 0.03940028533742664, 40: 0.02766262590060961, 50: 0.022571024609654926, 60: 0.015743638546850645, 70: 0.013310604734666765, 80: 0.015572986119145888, 90: 0.012509014499754181, 100: 0.012946979852196405, 110: 0.011775987118847026, 120: 0.012153886887204538, 130: 0.012695815739153973, 140: 0.011458711840478471, 150: 0.012378106815942794, 160: 0.009331090851024928, 170: 0.009291829414443264, 180: 0.010941741721128407, 190: 0.010895017759821584, 200: 0.011971703477379608}",170,0.009291829414443264,0.05,0.01,0.01
energy,fixnoiseFCN,32,0.001,0.001,"{0: 0.25100186140787023, 10: 0.06551888515410878, 20: 0.05218190494996777, 30: 0.042141224386665274, 40: 0.029872639094644843, 50: 0.02681353570029237, 60: 0.022373458816801826, 70: 0.022468513757036113, 80: 0.01574452582433448, 90: 0.01622021090471155, 100: 0.014839800983651485, 110: 0.012954152781577383, 120: 0.012519934405446723, 130: 0.013574386229280566, 140: 0.014631317951607872, 150: 0.012841807794747879}",120,0.012519934405446723,0.1,0.01,0.01
energy,fixnoiseFCN,32,0.001,0.002,"{0: 0.14334637551574284, 10: 0.060552540619145244, 20: 0.031689852738772076, 30: 0.019418792617393703, 40: 0.013894167069969326, 50: 0.013351763653199396, 60: 0.013896201370542394, 70: 0.010649489045468835, 80: 0.011253217288594446, 90: 0.010698339974677246, 100: 0.012867418463514056}",70,0.010649489045468835,0.001,0.01,0.01
energy,fixnoiseFCN,32,0.001,0.002,"{0: 0.1424973545436873, 10: 0.05951274475041792, 20: 0.03733776663246948, 30: 0.0251863986295445, 40: 0.0167105549150527, 50: 0.01431945667928699, 60: 0.014130204449209528, 70: 0.012141305804063952, 80: 0.012079784515701453, 90: 0.012651109726540719, 100: 0.011831857514951596, 110: 0.014030519379922252, 120: 0.011396063454538549, 130: 0.011386944202716891, 140: 0.010951065100835222, 150: 0.012910273562539352, 160: 0.012429304789529829, 170: 0.010734422153002712, 180: 0.011512259787188622, 190: 0.01090273085354023, 200: 0.011211843121045631}",170,0.010734422153002712,0.005,0.01,0.01
energy,fixnoiseFCN,32,0.001,0.002,"{0: 0.14095775303992525, 10: 0.05759944995272148, 20: 0.03181430352890228, 30: 0.021659159126420798, 40: 0.01541286146239203, 50: 0.011891625657681126, 60: 0.011146730335133146, 70: 0.012951546210453548, 80: 0.01306084685326, 90: 0.011396981244523232}",60,0.011146730335133146,0.01,0.01,0.01
energy,fixnoiseFCN,32,0.001,0.002,"{0: 0.14731663998807729, 10: 0.06407592590030878, 20: 0.036867465741419005, 30: 0.022322008071543494, 40: 0.016343411321447787, 50: 0.013326247604584934, 60: 0.016155058602371365, 70: 0.014229777147272272, 80: 0.01304828595958663, 90: 0.010893449030469498, 100: 0.014384014389038139, 110: 0.012830187325176799, 120: 0.014488815748548965}",90,0.010893449030469498,0.05,0.01,0.01
energy,fixnoiseFCN,32,0.001,0.002,"{0: 0.1603207611235701, 10: 0.06213475027368988, 20: 0.038148918190870976, 30: 0.03279417189525538, 40: 0.02505834853870184, 50: 0.015995986481134743, 60: 0.02137728496367147, 70: 0.012236577870097598, 80: 0.015220608924345864, 90: 0.02219989793912603, 100: 0.011670829475561025, 110: 0.014242611565222132, 120: 0.012694477874142188, 130: 0.013711048715900445}",100,0.011670829475561025,0.1,0.01,0.01
energy,fixnoiseFCN,32,0.0001,0.0001,"{0: 0.9132663960490532, 10: 0.16320959840808474, 20: 0.09021964868445978, 30: 0.08045862875973146, 40: 0.07509922180833713, 50: 0.07146438660819293, 60: 0.06866009539164783, 70: 0.06619106757341743, 80: 0.06378210272973146, 90: 0.06137114215811522, 100: 0.058885793424432765, 110: 0.05627137204252584, 120: 0.053589934348815774, 130: 0.050902099368092577, 140: 0.048227796578308384, 150: 0.04565440339159047, 160: 0.04316644134432153, 170: 0.04069234087515096, 180: 0.03834788795869922, 190: 0.03613913630108174, 200: 0.03408508451024199, 210: 0.032151649395426196, 220: 0.03032739052031893, 230: 0.02863190199747358, 240: 0.027070907138434, 250: 0.025661411766828252, 260: 0.024327767138706633, 270: 0.023058929420783213, 280: 0.021853429206087044, 290: 0.020707981665529968, 300: 0.019643648318558093, 310: 0.018652400497868947, 320: 0.017772723494441915, 330: 0.01698199707182333, 340: 0.01628403819897106, 350: 0.015671376950242438, 360: 0.015135506497179426, 370: 0.014644966011711275, 380: 0.014300004193986532, 390: 0.01393492755374727, 400: 0.013687318413255595, 410: 0.01344487306047601, 420: 0.013251037038348821, 430: 0.013086744715791934, 440: 0.012938164641459287, 450: 0.012832365859849532, 460: 0.012690429694890504, 470: 0.01262916384853684, 480: 0.012528525819691891, 490: 0.012471594216753113, 500: 0.012417881671829821, 510: 0.012380713358579551, 520: 0.012291788687492833, 530: 0.012261561586669401, 540: 0.012245507504432046, 550: 0.012215592770428994, 560: 0.01217493524873714, 570: 0.01207700145938417, 580: 0.01209403004798421, 590: 0.012096081626732222, 600: 0.012036936635574282, 610: 0.011981378968243524, 620: 0.01200053457345247, 630: 0.0119723093304443, 640: 0.011887046332131834, 650: 0.011905980875496405, 660: 0.011889918720319631, 670: 0.011773496625159747, 680: 0.011864419480346071, 690: 0.011736484719846235, 700: 0.011734508160999715, 710: 0.011741363570502733, 720: 0.011717578393035905, 730: 0.011729732079672964, 740: 0.011679951426331422, 750: 0.011665710541947845, 760: 0.011633948455588882, 770: 0.011682038848238334, 780: 0.011627635912947116, 790: 0.011605491488619618, 800: 0.011775983205901994, 810: 0.011930068754503538, 820: 0.012398251836030124}",790,0.011605491488619618,0.001,0.01,0.01
energy,fixnoiseFCN,32,0.0001,0.0001,"{0: 0.9529701647227181, 10: 0.18208541639857206, 20: 0.0935814062166449, 30: 0.08085227443532643, 40: 0.0750768122234083, 50: 0.07126878708170029, 60: 0.0683965777104201, 70: 0.06600803204956221, 80: 0.0638265012510098, 90: 0.061690438809733496, 100: 0.05959010085146356, 110: 0.05742865285543097, 120: 0.05509111255856175, 130: 0.05270200166531035, 140: 0.0503715305420203, 150: 0.048013680112438575, 160: 0.04561546137192742, 170: 0.04318648268485187, 180: 0.04094799178325144, 190: 0.03870680447681243, 200: 0.03665079310879967, 210: 0.034905475237574736, 220: 0.03325969333994171, 230: 0.03171427702345277, 240: 0.03025968505997336, 250: 0.02897316406536949, 260: 0.027736538878438334, 270: 0.026632959155685327, 280: 0.02547175662588826, 290: 0.024401629644561634, 300: 0.02331864327635687, 310: 0.022338895897085462, 320: 0.021299668774579734, 330: 0.020404610872878388, 340: 0.019511255292030995, 350: 0.01858276512906279, 360: 0.017783898845767792, 370: 0.01706741997907833, 380: 0.016406989915515643, 390: 0.015766017411614673, 400: 0.01509282039324504, 410: 0.01464972319400431, 420: 0.014468011721150906, 430: 0.013954020381446986, 440: 0.013782782298237817, 450: 0.013433084466165559, 460: 0.013152462257005055, 470: 0.013093302580318808, 480: 0.012810592665386056, 490: 0.01271631001966134, 500: 0.012637133086957936, 510: 0.012560053553676013, 520: 0.01258482914174694, 530: 0.012542969763912504, 540: 0.012234234816479029, 550: 0.012328597640040996, 560: 0.012062925318392311, 570: 0.012206269633116783, 580: 0.012071392270467662, 590: 0.012144971852763389}",560,0.012062925318392311,0.005,0.01,0.01
energy,fixnoiseFCN,32,0.0001,0.0001,"{0: 0.8851560089550986, 10: 0.19341471226917942, 20: 0.0979544487903591, 30: 0.08142392346656563, 40: 0.07519140539557541, 50: 0.07153526097565878, 60: 0.06878761471630604, 70: 0.06640932892884761, 80: 0.06422287604637374, 90: 0.06216316808108948, 100: 0.06013851919816317, 110: 0.058276106408738496, 120: 0.05652088284538172, 130: 0.054606940892717296, 140: 0.052559247558685, 150: 0.05049355029761911, 160: 0.048600242228531355, 170: 0.046640884695026245, 180: 0.04487610664245972, 190: 0.043045219831545, 200: 0.041178546192956876, 210: 0.039353269216218865, 220: 0.0374779476559128, 230: 0.035821952902135114, 240: 0.034155270517642985, 250: 0.03285070347135327, 260: 0.03134027140704844, 270: 0.02995018213073778, 280: 0.02872696065219914, 290: 0.027571972743407596, 300: 0.026490767828064588, 310: 0.025261035158447735, 320: 0.024202335997547057, 330: 0.02296880126152375, 340: 0.021988649095376223, 350: 0.02107379191826796, 360: 0.020177437223823733, 370: 0.01953802975523965, 380: 0.01886361439136522, 390: 0.017852292954921724, 400: 0.01767155570135079, 410: 0.016947732334473675, 420: 0.016079943800958497, 430: 0.015828392600724318, 440: 0.01593411136208807, 450: 0.015186298753709738, 460: 0.014953929165349166, 470: 0.014754956780173065, 480: 0.014810383972872853, 490: 0.014128810440292044, 500: 0.013850627378161534, 510: 0.014076920404052628, 520: 0.013744238872236447, 530: 0.013620121070156133, 540: 0.013747889975635239, 550: 0.013433698463182552, 560: 0.012918072112384247, 570: 0.013281814728315022, 580: 0.013266638314169469, 590: 0.013122438472154083}",560,0.012918072112384247,0.01,0.01,0.01
energy,fixnoiseFCN,32,0.0001,0.0001,"{0: 0.9003268741646178, 10: 0.186606012132626, 20: 0.09577810848073436, 30: 0.08135171036342612, 40: 0.07499850560627619, 50: 0.07096897214531946, 60: 0.0679174964247299, 70: 0.06540736758389601, 80: 0.06312782057528335, 90: 0.060776493973919786, 100: 0.05855892194268919, 110: 0.05624953554120243, 120: 0.05377341428312098, 130: 0.051603394317848196, 140: 0.049192520034143594, 150: 0.047063124525557755, 160: 0.04411700402663165, 170: 0.041869922962094824, 180: 0.039550631732795216, 190: 0.03712171988650376, 200: 0.035585493168504526, 210: 0.03404419343671798, 220: 0.03223595362959481, 230: 0.030978693116933416, 240: 0.029202534677268393, 250: 0.028072858111210207, 260: 0.02708117610694376, 270: 0.025027528973938017, 280: 0.02369467060872472, 290: 0.02281697661677103, 300: 0.021524655198007843, 310: 0.021201955344774724, 320: 0.019174755111140092, 330: 0.017979163386614844, 340: 0.017943202351721053, 350: 0.01765647892183949, 360: 0.016572564453612475, 370: 0.015922644940730844, 380: 0.016852089885784124, 390: 0.015566614574916472, 400: 0.014564771732526682, 410: 0.014952312083623177, 420: 0.014987507800101305, 430: 0.014547730791682256, 440: 0.013423755913305052, 450: 0.013972113640959318, 460: 0.013564376342062544, 470: 0.01251551626167231, 480: 0.013201407096906653, 490: 0.01353089083787975, 500: 0.013080162084911539}",470,0.01251551626167231,0.05,0.01,0.01
energy,fixnoiseFCN,32,0.0001,0.0001,"{0: 0.8592180040841354, 10: 0.1842132278256427, 20: 0.098406827648302, 30: 0.08339930318279075, 40: 0.07695842680227005, 50: 0.07325785442457888, 60: 0.07019927337761722, 70: 0.06792213877966631, 80: 0.06607767405519918, 90: 0.06383429169893169, 100: 0.06227761783241018, 110: 0.06051865381697734, 120: 0.05831099620468018, 130: 0.05617718241933058, 140: 0.05430466241585434, 150: 0.05279589874924866, 160: 0.05047225741361453, 170: 0.04933558440074974, 180: 0.04775822829456626, 190: 0.04541148574280291, 200: 0.043930274985286774, 210: 0.04251464588221797, 220: 0.04100043264399024, 230: 0.039184755178355346, 240: 0.03778609150836194, 250: 0.036097245726411174, 260: 0.034444634076821065, 270: 0.03397067247779587, 280: 0.03298760272620098, 290: 0.03133788872959534, 300: 0.030276958960640095, 310: 0.02951953451527876, 320: 0.028392190600265134, 330: 0.026598506897571726, 340: 0.026279295211444138, 350: 0.024597375610885257, 360: 0.02486119680657762, 370: 0.02397440267898322, 380: 0.023144583435890265, 390: 0.022144353897318864, 400: 0.02178884423384424, 410: 0.021429257045978985, 420: 0.020045243688776748, 430: 0.019405518325179016, 440: 0.019751633187440908, 450: 0.01819816158594635, 460: 0.01832256696042849, 470: 0.01778762491175878, 480: 0.01658540293797761, 490: 0.016081883279698804, 500: 0.017210056824843244, 510: 0.01668428938571966, 520: 0.017218331179261213}",490,0.016081883279698804,0.1,0.01,0.01
energy,fixnoiseFCN,32,0.0001,0.0005,"{0: 0.5228252939378423, 10: 0.07201427117697115, 20: 0.0632878049868481, 30: 0.055316655053759003, 40: 0.046471718473375584, 50: 0.03851458275519132, 60: 0.03262378573020458, 70: 0.027848573290774836, 80: 0.022905371688613174, 90: 0.018660560047459272, 100: 0.01617791267514316, 110: 0.01500183948145999, 120: 0.014221574821488692, 130: 0.01372645142381805, 140: 0.013382387078089997, 150: 0.013077395200614178, 160: 0.012818414749242252, 170: 0.012567239932035183, 180: 0.012542844528234787, 190: 0.012384186478377116, 200: 0.012022316438314374, 210: 0.012396656311194444, 220: 0.012297288800487832, 230: 0.011597145482806898, 240: 0.012027957022706958, 250: 0.011596823603152636, 260: 0.012659028030628582, 270: 0.011999227702441388, 280: 0.011096170103080857, 290: 0.01106004288370927, 300: 0.012464952559000462, 310: 0.01185953267324305, 320: 0.010974408147550496, 330: 0.010985507785814192, 340: 0.01208055760536661, 350: 0.011489320887811507}",320,0.010974408147550496,0.001,0.01,0.01
energy,fixnoiseFCN,32,0.0001,0.0005,"{0: 0.47000170025240184, 10: 0.07492976635764015, 20: 0.06498412984967883, 30: 0.05604973076983608, 40: 0.04641530880215215, 50: 0.03650819315705024, 60: 0.028332384220965824, 70: 0.02201014315290172, 80: 0.017729547925171306, 90: 0.014955276855460354, 100: 0.013935153635572997, 110: 0.01256106203448265, 120: 0.012718705284417542, 130: 0.012371159962826664, 140: 0.012191021085487025, 150: 0.01177070031465629, 160: 0.01221694903156278, 170: 0.012103163982901285, 180: 0.011850499458336444}",150,0.01177070031465629,0.005,0.01,0.01
energy,fixnoiseFCN,32,0.0001,0.0005,"{0: 0.4686824137491178, 10: 0.07271419433735617, 20: 0.06275189306086006, 30: 0.05504710404543691, 40: 0.04632960129983542, 50: 0.03736895834713058, 60: 0.03027859394608991, 70: 0.025453090054439447, 80: 0.021042949899084746, 90: 0.018707466710149827, 100: 0.01654718032414095, 110: 0.015261033748693722, 120: 0.014712121816297146, 130: 0.013638466673648833, 140: 0.01347029741630544, 150: 0.014163053727779632, 160: 0.01417411400867157, 170: 0.013266074122330013, 180: 0.012736414852558942, 190: 0.011696684368386197, 200: 0.012551042973619354, 210: 0.013231672950195231, 220: 0.012535277923004805}",190,0.011696684368386197,0.01,0.01,0.01
energy,fixnoiseFCN,32,0.0001,0.0005,"{0: 0.4974179625876599, 10: 0.07605251314811876, 20: 0.06419740125887453, 30: 0.056620503349201635, 40: 0.045898044840847904, 50: 0.038391482982425534, 60: 0.032466227242676685, 70: 0.02438272619474737, 80: 0.02088550878806613, 90: 0.017736641601036864, 100: 0.015206964747620516, 110: 0.014912390836624882, 120: 0.014078977972956225, 130: 0.011779077612193791, 140: 0.014362829976731158, 150: 0.013058494657375375, 160: 0.011572494707985725, 170: 0.012901885528378084, 180: 0.011939960468474065, 190: 0.01211026938527616}",160,0.011572494707985725,0.05,0.01,0.01
energy,fixnoiseFCN,32,0.0001,0.0005,"{0: 0.5293235462521865, 10: 0.0745417343519353, 20: 0.06575101970549854, 30: 0.058453938712686296, 40: 0.05083238610196683, 50: 0.042133629886580204, 60: 0.03485787765728813, 70: 0.032847419474187026, 80: 0.02656131074930785, 90: 0.02552242772833683, 100: 0.019100121179041734, 110: 0.0156957470639988, 120: 0.014256885015075165, 130: 0.013601593748065199, 140: 0.013207418253980691, 150: 0.016810923195282063, 160: 0.012946011044726017, 170: 0.012997714379623854, 180: 0.01393720333330511, 190: 0.012313114658845126, 200: 0.012907003865500444, 210: 0.010491116359178484, 220: 0.011781397446896668, 230: 0.011196744192739685, 240: 0.011901497428656602}",210,0.010491116359178484,0.1,0.01,0.01
energy,fixnoiseFCN,32,0.0001,0.001,"{0: 0.22370303928649507, 10: 0.06940552522210491, 20: 0.05781352061931727, 30: 0.044406115261515854, 40: 0.033262158545508916, 50: 0.0242561439460601, 60: 0.018216695337911676, 70: 0.016849685606252395, 80: 0.016856559041086162, 90: 0.018708696290522946, 100: 0.01403635589704543, 110: 0.013682295367810352, 120: 0.014298749653262291, 130: 0.014067630833304062, 140: 0.014892630836554394}",110,0.013682295367810352,0.001,0.01,0.01
energy,fixnoiseFCN,32,0.0001,0.001,"{0: 0.21597527060948196, 10: 0.06846247925375297, 20: 0.05287575365303476, 30: 0.0349743715966922, 40: 0.025381214751766534, 50: 0.0179109808729072, 60: 0.014613922188480774, 70: 0.014151569265339985, 80: 0.013096037177811137, 90: 0.01345076805315033, 100: 0.014794331001979017, 110: 0.014456651631720868}",80,0.013096037177811137,0.005,0.01,0.01
energy,fixnoiseFCN,32,0.0001,0.001,"{0: 0.19143028281401686, 10: 0.06537756443288815, 20: 0.05116344089504998, 30: 0.03625748170047947, 40: 0.026302622211172307, 50: 0.017626280259521232, 60: 0.015431215243872568, 70: 0.013661935178079648, 80: 0.01385898833845407, 90: 0.013637258221724124, 100: 0.012817266958876283, 110: 0.011860834978439939, 120: 0.011839192824600326, 130: 0.011837611660484424, 140: 0.012064646364440546, 150: 0.011723411056608672, 160: 0.011785690917001792, 170: 0.013634125915816864, 180: 0.012212566204724568}",150,0.011723411056608672,0.01,0.01,0.01
energy,fixnoiseFCN,32,0.0001,0.001,"{0: 0.22688614359684314, 10: 0.06805794252539243, 20: 0.049686167126651304, 30: 0.03614576893160896, 40: 0.027115144507467197, 50: 0.01876114415026944, 60: 0.017317346668951527, 70: 0.013486965816079732, 80: 0.014946563721860484, 90: 0.0116796359333927, 100: 0.011626566173631649, 110: 0.011631642693836665, 120: 0.012525933246695148, 130: 0.010675783858100911, 140: 0.014655921227053772, 150: 0.010786609219080085, 160: 0.011905566087025143}",130,0.010675783858100911,0.05,0.01,0.01
energy,fixnoiseFCN,32,0.0001,0.001,"{0: 0.2021003320284896, 10: 0.06960816956221398, 20: 0.05799649891500773, 30: 0.04197611750968572, 40: 0.03296804505093891, 50: 0.0300838156742671, 60: 0.02523424452870556, 70: 0.02140572853103393, 80: 0.01565898545371875, 90: 0.01344947558938792, 100: 0.01722866527417926, 110: 0.011933781182080383, 120: 0.014273898144353514, 130: 0.012101145958142882, 140: 0.011514840538892906, 150: 0.011699388744107217, 160: 0.013460426693592297, 170: 0.018530086052046566}",140,0.011514840538892906,0.1,0.01,0.01
energy,fixnoiseFCN,32,0.0001,0.002,"{0: 0.15328909260510412, 10: 0.06355131281211855, 20: 0.0339975137891121, 30: 0.0205490030737314, 40: 0.015681190194104546, 50: 0.014416172330575686, 60: 0.015318999779560232, 70: 0.017156596675611497, 80: 0.014178466768189324, 90: 0.012703753282494398, 100: 0.013245304998464203, 110: 0.013114718204669782, 120: 0.014892927278813825}",90,0.012703753282494398,0.001,0.01,0.01
energy,fixnoiseFCN,32,0.0001,0.002,"{0: 0.12981475345054566, 10: 0.06422312251829265, 20: 0.03811118755666841, 30: 0.02328291639452769, 40: 0.014557129542891834, 50: 0.013844531117989972, 60: 0.012174892455799197, 70: 0.013754015665773939, 80: 0.011926831520051676, 90: 0.012677700945373422, 100: 0.011884581137326409, 110: 0.015521022743903828, 120: 0.011915627979069818, 130: 0.01188054100831137, 140: 0.013238478097610357, 150: 0.012867264026547812, 160: 0.01051365207203252, 170: 0.010079662697857681, 180: 0.010617560710433752, 190: 0.010225097241328725, 200: 0.010351204064227943}",170,0.010079662697857681,0.005,0.01,0.01
energy,fixnoiseFCN,32,0.0001,0.002,"{0: 0.1524790473779837, 10: 0.06118770128265708, 20: 0.030415316673218375, 30: 0.019129706247593387, 40: 0.01399007122465919, 50: 0.012072350673179407, 60: 0.01392233595939699, 70: 0.011350104598621161, 80: 0.012997885968701972, 90: 0.012196551113722464, 100: 0.011933619428602785}",70,0.011350104598621161,0.01,0.01,0.01
energy,fixnoiseFCN,32,0.0001,0.002,"{0: 0.13888516367240442, 10: 0.05993225730505765, 20: 0.037086611008836354, 30: 0.021788262482546346, 40: 0.015441871712071911, 50: 0.012898451906922964, 60: 0.01278135599311544, 70: 0.011113554448116231, 80: 0.015245286310887268, 90: 0.01066156076441139, 100: 0.010650856717408109, 110: 0.008582672064667873, 120: 0.008841938987648873, 130: 0.009833869182020744, 140: 0.007750444907886707, 150: 0.007849739160434388, 160: 0.008836624780529545, 170: 0.010578451474142223}",140,0.007750444907886707,0.05,0.01,0.01
energy,fixnoiseFCN,32,0.0001,0.002,"{0: 0.1608765763982954, 10: 0.063751410155412, 20: 0.03939115670927323, 30: 0.034448312290383226, 40: 0.021442740445048725, 50: 0.015102679784122103, 60: 0.014848172021616415, 70: 0.015820047635707706, 80: 0.01353618932877237, 90: 0.014242806417032664, 100: 0.012761394623540392, 110: 0.012669881693504956, 120: 0.009777733486100554, 130: 0.009606910328175086, 140: 0.014604369279428648, 150: 0.009773002055950396, 160: 0.010030736178187023}",130,0.009606910328175086,0.1,0.01,0.01
energy,fixnoiseFCN,32,1e-05,0.0001,"{0: 0.9257049729915264, 10: 0.1762175264345651, 20: 0.09363761287056953, 30: 0.08154984810571424, 40: 0.07550728870847456, 50: 0.07107176459808358, 60: 0.06774259489225766, 70: 0.06493379370025534, 80: 0.06224645451068735, 90: 0.05966768815331971, 100: 0.05702123309993416, 110: 0.05445782263216718, 120: 0.05199573117289824, 130: 0.0496085331428314, 140: 0.04724681796373231, 150: 0.04507655124556744, 160: 0.04296436360329052, 170: 0.041070036260418843, 180: 0.03920645965415923, 190: 0.03743928278647795, 200: 0.03578479636788734, 210: 0.03424208545234383, 220: 0.032743749496796745, 230: 0.03133582671393986, 240: 0.02996526716368112, 250: 0.02859433856411058, 260: 0.02734442212106617, 270: 0.026114800969104235, 280: 0.02490932774992803, 290: 0.02376579866940326, 300: 0.022643313767527734, 310: 0.0215927425426383, 320: 0.020616764581052126, 330: 0.019691749125486706, 340: 0.018900284262014823, 350: 0.018232654679457887, 360: 0.017540512034352, 370: 0.016969467300783154, 380: 0.01644691021982136, 390: 0.016012028674629194, 400: 0.015593924780796919, 410: 0.015299462846911152, 420: 0.01501860049954517, 430: 0.014818899909052491, 440: 0.01462434018334873, 450: 0.01446539055939362, 460: 0.014332811603394372, 470: 0.014276630238446294, 480: 0.014087496200601499, 490: 0.013954915642871404, 500: 0.013867777581266463, 510: 0.013785069221170185, 520: 0.013730204963688453, 530: 0.013653955194966547, 540: 0.013579968662837436, 550: 0.013566229898791884, 560: 0.013493896069907035, 570: 0.013572901505969468, 580: 0.013523407981934691, 590: 0.013483040833724836, 600: 0.01348564916183718, 610: 0.013434391494854783, 620: 0.013435004720858823, 630: 0.01349640408942684, 640: 0.013386264074145438, 650: 0.01343910586104784, 660: 0.013418266543177395, 670: 0.013390578605968461}",640,0.013386264074145438,0.001,0.01,0.01
energy,fixnoiseFCN,32,1e-05,0.0001,"{0: 0.8408809097039132, 10: 0.16561443800808956, 20: 0.09151397157327885, 30: 0.0798660587313357, 40: 0.074407767464038, 50: 0.07092923751441253, 60: 0.06816519525894622, 70: 0.0657332120148715, 80: 0.06352316910361513, 90: 0.061486314436961745, 100: 0.05942134239096316, 110: 0.05739702507932949, 120: 0.05526178973164262, 130: 0.05308028128885371, 140: 0.05091167158939617, 150: 0.04873608479686663, 160: 0.04652221715890788, 170: 0.0443322616201686, 180: 0.04213885715970846, 190: 0.04005983703684468, 200: 0.03805811889658296, 210: 0.036263286452688295, 220: 0.03459333051941911, 230: 0.032981753317478116, 240: 0.031485922864235974, 250: 0.029976665976344463, 260: 0.028613519556169968, 270: 0.02718741464741776, 280: 0.025909967694789527, 290: 0.02462935288021259, 300: 0.023367173120719058, 310: 0.02220666564362503, 320: 0.021191547048148688, 330: 0.02024552075207972, 340: 0.01931752636688587, 350: 0.01844499053749564, 360: 0.017994325912770916, 370: 0.01729176614575528, 380: 0.016643107156690665, 390: 0.016335518235062917, 400: 0.015914201694222297, 410: 0.015885143025326287, 420: 0.015401485525309944, 430: 0.015181613590183015, 440: 0.014970968435324186, 450: 0.01508436559328461, 460: 0.014649418713896079, 470: 0.014558864531619767, 480: 0.014591951557702838, 490: 0.014664794321381838, 500: 0.014405079227383755, 510: 0.014329621417284822, 520: 0.014305358734771295, 530: 0.014261211116399653, 540: 0.014180682607389333, 550: 0.014109726069679038, 560: 0.014464270481540632, 570: 0.014324391129230913, 580: 0.014387278886360239}",550,0.014109726069679038,0.005,0.01,0.01
energy,fixnoiseFCN,32,1e-05,0.0001,"{0: 0.9043788485061196, 10: 0.17963330918719703, 20: 0.09616981307214678, 30: 0.08264922979977327, 40: 0.07638922676346739, 50: 0.07223365948033161, 60: 0.06928143922528011, 70: 0.06698749112180037, 80: 0.06488401795504459, 90: 0.0630154561222108, 100: 0.06124904274892826, 110: 0.05943484223344343, 120: 0.05776608113195003, 130: 0.05591464062081954, 140: 0.05412237341008662, 150: 0.05221860667775785, 160: 0.050279682763015185, 170: 0.04839443694435206, 180: 0.04650065474898342, 190: 0.04479981149336656, 200: 0.042913905944807776, 210: 0.04117934756466553, 220: 0.03933088712743778, 230: 0.03775869889360347, 240: 0.03614935856890944, 250: 0.034620608213217, 260: 0.03310658336445386, 270: 0.031889645476502436, 280: 0.03035297110333183, 290: 0.028891060448161178, 300: 0.027594775222187264, 310: 0.02631064107993849, 320: 0.02513367448110835, 330: 0.02410661617419818, 340: 0.023210897008122188, 350: 0.02224839944687864, 360: 0.021305158708850795, 370: 0.02045560029671579, 380: 0.019462807625249143, 390: 0.018817130941835566, 400: 0.018116402774468295, 410: 0.01725754073393888, 420: 0.01686222655781822, 430: 0.016338069831839996, 440: 0.01632433169932623, 450: 0.015583884162478537, 460: 0.015449726445406504, 470: 0.015574178336279804, 480: 0.01524848118682599, 490: 0.014840700907833048, 500: 0.014814939844410496, 510: 0.01446472405818829, 520: 0.014225989672901885, 530: 0.014196580073864606, 540: 0.01445677906652637, 550: 0.014131281481675709, 560: 0.014281299249726476, 570: 0.013896880930757088, 580: 0.013773817402687644, 590: 0.014055152004454336, 600: 0.014193200385221583, 610: 0.01364402771801676, 620: 0.013466999110980867, 630: 0.014089940350148222, 640: 0.013766345559746845, 650: 0.013526605157283156}",620,0.013466999110980867,0.01,0.01,0.01
energy,fixnoiseFCN,32,1e-05,0.0001,"{0: 0.8950519420632549, 10: 0.1831549725579561, 20: 0.09260168354439446, 30: 0.08168347580143646, 40: 0.07623028525543676, 50: 0.07235954492255463, 60: 0.06942375527093303, 70: 0.06681012424384533, 80: 0.06445789492495312, 90: 0.06175989628833134, 100: 0.05955756177819642, 110: 0.05707779176375333, 120: 0.05421641370033074, 130: 0.051663678168990326, 140: 0.049115869079262325, 150: 0.046894038298049244, 160: 0.043975224940191425, 170: 0.04175786210811648, 180: 0.039286750170295356, 190: 0.037391254930395405, 200: 0.03590483736496567, 210: 0.03400353192371991, 220: 0.03247742474145664, 230: 0.030791156172333328, 240: 0.029634934690137095, 250: 0.028272142236689623, 260: 0.026958136368226637, 270: 0.026091444569968925, 280: 0.024481904100838718, 290: 0.023399214970781325, 300: 0.02271069448630436, 310: 0.022030604605709582, 320: 0.02049741582416458, 330: 0.02078885286736116, 340: 0.01893582062861049, 350: 0.018302738250287973, 360: 0.017749272247667904, 370: 0.016851708292936297, 380: 0.017736508371463604, 390: 0.01580230362785827, 400: 0.0161495288893929, 410: 0.015541044962195837, 420: 0.014140383190957386, 430: 0.013986201275027837, 440: 0.01444267097929589, 450: 0.013403113646223977, 460: 0.013049902743396144, 470: 0.014070313933647906, 480: 0.01425833993591492, 490: 0.013147294489518116}",460,0.013049902743396144,0.05,0.01,0.01
energy,fixnoiseFCN,32,1e-05,0.0001,"{0: 0.9089059879473809, 10: 0.176870012577853, 20: 0.09349346785384957, 30: 0.08272066766607925, 40: 0.07707979270621615, 50: 0.07318050362180666, 60: 0.07036178413081944, 70: 0.06784002217895489, 80: 0.06555721410235515, 90: 0.06292756225893406, 100: 0.06057897961544432, 110: 0.05880636012490219, 120: 0.05729552942400025, 130: 0.05498654795173811, 140: 0.053088406802383595, 150: 0.05128746288286738, 160: 0.04911920007347552, 170: 0.046794937488610674, 180: 0.044663793104288016, 190: 0.04328829202049774, 200: 0.04177397358430222, 210: 0.03936664222078166, 220: 0.038277290342716985, 230: 0.036308725013947635, 240: 0.0347146615591563, 250: 0.033976970148421395, 260: 0.031843170405276275, 270: 0.03304920347451401, 280: 0.030026800228042255, 290: 0.029765668634673316, 300: 0.028567484691024114, 310: 0.027194846933974465, 320: 0.027277074935810653, 330: 0.025605034092710553, 340: 0.024447683015954697, 350: 0.02296109652074952, 360: 0.024077425296745447, 370: 0.02204617011706765, 380: 0.020162255594222113, 390: 0.021229329807891117, 400: 0.019776928342464733, 410: 0.019822907019056518, 420: 0.017805469314419165, 430: 0.01912302841444433, 440: 0.01713701719399549, 450: 0.01670968125007156, 460: 0.015896246272052238, 470: 0.016705154461455228, 480: 0.016571611217786022, 490: 0.015332336872905458, 500: 0.014480873035331788, 510: 0.01474154432505661, 520: 0.013377941503210231, 530: 0.012627658203113134, 540: 0.014087992321722698, 550: 0.014946132753338299, 560: 0.013875662668517641}",530,0.012627658203113134,0.1,0.01,0.01
energy,fixnoiseFCN,32,1e-05,0.0005,"{0: 0.4508151254025711, 10: 0.07111638413945008, 20: 0.06122023198293334, 30: 0.05081889136675379, 40: 0.03993643761534151, 50: 0.031726951522480305, 60: 0.02646646566930317, 70: 0.02284312023543289, 80: 0.019981266206879365, 90: 0.017006388769858553, 100: 0.01518268765413452, 110: 0.014025573131909977, 120: 0.013323995678875645, 130: 0.012798781364666617, 140: 0.01249936769207398, 150: 0.012258229945569946, 160: 0.012080587984778818, 170: 0.011915559068684137, 180: 0.011732857383084579, 190: 0.011922324185662928, 200: 0.012403867194570794, 210: 0.012150810252218213}",180,0.011732857383084579,0.001,0.01,0.01
energy,fixnoiseFCN,32,1e-05,0.0005,"{0: 0.5357653285596555, 10: 0.07507037573981712, 20: 0.06510050203211781, 30: 0.05720814289168907, 40: 0.04883711122256405, 50: 0.04091855925141049, 60: 0.03388241017422254, 70: 0.02679157555714005, 80: 0.020995840588794317, 90: 0.01672899695553951, 100: 0.014538994176241538, 110: 0.014059536925719474, 120: 0.013539271979608506, 130: 0.013059989640812697, 140: 0.013254172104349631, 150: 0.01300652126687182, 160: 0.012382687120665498, 170: 0.012327270816818453, 180: 0.012024204568237596, 190: 0.01327539024382778, 200: 0.012305344652851732, 210: 0.012556411969962895}",180,0.012024204568237596,0.005,0.01,0.01
energy,fixnoiseFCN,32,1e-05,0.0005,"{0: 0.4874321671592289, 10: 0.07542009565358113, 20: 0.06589470099830061, 30: 0.05873230136052125, 40: 0.050528124526369476, 50: 0.04148595143657207, 60: 0.03444847690658233, 70: 0.028373447166614045, 80: 0.023198606489929028, 90: 0.018711563278144536, 100: 0.01585063771397475, 110: 0.014285531431073095, 120: 0.013250441587200273, 130: 0.012726029927139637, 140: 0.011990058532226237, 150: 0.01244777127356628, 160: 0.012027861418751905, 170: 0.013018789945966433}",140,0.011990058532226237,0.01,0.01,0.01
energy,fixnoiseFCN,32,1e-05,0.0005,"{0: 0.4486121619588198, 10: 0.07479873513116465, 20: 0.06472358640601607, 30: 0.057831045253917045, 40: 0.04885058051264916, 50: 0.04047284358527745, 60: 0.03272681443677829, 70: 0.027431207785575756, 80: 0.023353363165099884, 90: 0.021282781490925256, 100: 0.018404620875620958, 110: 0.017067077883604755, 120: 0.015814146812827463, 130: 0.01338198279855691, 140: 0.016992337823829685, 150: 0.014289859953277705, 160: 0.01165155881914537, 170: 0.015002498866581334, 180: 0.01400832641412004, 190: 0.01258654076188721}",160,0.01165155881914537,0.05,0.01,0.01
energy,fixnoiseFCN,32,1e-05,0.0005,"{0: 0.5301276312126377, 10: 0.07564082964371001, 20: 0.06738823979346256, 30: 0.058851806058343704, 40: 0.05112173113588149, 50: 0.04233929455532529, 60: 0.0371436684829691, 70: 0.028155180864958596, 80: 0.02434833025254183, 90: 0.023826726458174307, 100: 0.017106350995505885, 110: 0.018162764950084294, 120: 0.014933933369198687, 130: 0.012898508518227722, 140: 0.01207310331981134, 150: 0.012534947466841542, 160: 0.011764844131073713, 170: 0.012305587082522843, 180: 0.010447884897904885, 190: 0.01303746982131416, 200: 0.012192367960929904, 210: 0.01652071702551118}",180,0.010447884897904885,0.1,0.01,0.01
energy,fixnoiseFCN,32,1e-05,0.001,"{0: 0.21312628886897644, 10: 0.06913505675144295, 20: 0.052294509813108084, 30: 0.035399025284011065, 40: 0.025340668924771503, 50: 0.018756412620979296, 60: 0.015177072364180052, 70: 0.014146960982547654, 80: 0.014380292731568, 90: 0.012497150447797048, 100: 0.015943391802437097, 110: 0.01396345716871209, 120: 0.01372702626632354}",90,0.012497150447797048,0.001,0.01,0.01
energy,fixnoiseFCN,32,1e-05,0.001,"{0: 0.2342473799159459, 10: 0.07073792567982819, 20: 0.057359181789975, 30: 0.0415987370097564, 40: 0.03004062733402312, 50: 0.02140658865924207, 60: 0.015893054684626807, 70: 0.013317557415431811, 80: 0.013375225860199005, 90: 0.015345123846691603, 100: 0.013172485842205029, 110: 0.013280026053650574, 120: 0.012525344220418682, 130: 0.013005910106658674, 140: 0.013108750674416806, 150: 0.0118825841170635, 160: 0.011785082210301678, 170: 0.013076421126957144, 180: 0.011724014275394629, 190: 0.01307200510623327, 200: 0.011928836943865453, 210: 0.011281688677825507, 220: 0.01661521498670951, 230: 0.014485910641955216, 240: 0.010857784658805474, 250: 0.010079781185189148, 260: 0.010475397475203319, 270: 0.009584704846988777, 280: 0.009306704247025042, 290: 0.012643066281818948, 300: 0.009291198741911245, 310: 0.01108475150521852, 320: 0.010127948853022794, 330: 0.01250268991530889}",300,0.009291198741911245,0.005,0.01,0.01
energy,fixnoiseFCN,32,1e-05,0.001,"{0: 0.23229814533724652, 10: 0.0672677834131599, 20: 0.052834220158387304, 30: 0.03645141732211306, 40: 0.024752327567456715, 50: 0.01769289136638955, 60: 0.01579305952677771, 70: 0.014391660941540044, 80: 0.014191064878197952, 90: 0.014182809495005777, 100: 0.01577759295295838, 110: 0.015229208450270393, 120: 0.01645277913825644}",90,0.014182809495005777,0.01,0.01,0.01
energy,fixnoiseFCN,32,1e-05,0.001,"{0: 0.23311468502703975, 10: 0.06626678087968167, 20: 0.05392765587544054, 30: 0.03829454028226488, 40: 0.026027269187759085, 50: 0.0200262716245569, 60: 0.01522690896837305, 70: 0.013806329122565136, 80: 0.01579503696342337, 90: 0.01057809055893948, 100: 0.011537397496551713, 110: 0.014688230381081236, 120: 0.012720551822539585}",90,0.01057809055893948,0.05,0.01,0.01
energy,fixnoiseFCN,32,1e-05,0.001,"{0: 0.21407007635549338, 10: 0.06835539960772233, 20: 0.056392136304988696, 30: 0.04155132475295544, 40: 0.03265268441478832, 50: 0.025183993388415694, 60: 0.017639714958625097, 70: 0.01823528043220226, 80: 0.012383858963383423, 90: 0.014482460383811896, 100: 0.01166718451248629, 110: 0.015275317274890995, 120: 0.01424515830094967, 130: 0.011983764179618925}",100,0.01166718451248629,0.1,0.01,0.01
energy,fixnoiseFCN,32,1e-05,0.002,"{0: 0.13763344932496985, 10: 0.05575374527483699, 20: 0.029744010635949676, 30: 0.017928554704587835, 40: 0.013940108813234714, 50: 0.013662361792014027, 60: 0.01599008115537253, 70: 0.012598919052596903, 80: 0.014705263637018694, 90: 0.01365162291880943, 100: 0.012316899316433299, 110: 0.012860705958527636, 120: 0.015044157543469988, 130: 0.01440556437847335}",100,0.012316899316433299,0.001,0.01,0.01
energy,fixnoiseFCN,32,1e-05,0.002,"{0: 0.13594971026787833, 10: 0.06284792185431479, 20: 0.03680309031526598, 30: 0.02250597436107893, 40: 0.01577426149583951, 50: 0.017842959080588538, 60: 0.013361961366520608, 70: 0.013751274475639886, 80: 0.01453738856845187, 90: 0.018825097293665605}",60,0.013361961366520608,0.005,0.01,0.01
energy,fixnoiseFCN,32,1e-05,0.002,"{0: 0.14944378676199047, 10: 0.06109395745864125, 20: 0.03257053220133439, 30: 0.017701502483264638, 40: 0.018234537934975537, 50: 0.013003255209140654, 60: 0.014897547761857408, 70: 0.012229880000728138, 80: 0.012290987887536565, 90: 0.012726457289682098, 100: 0.013715729032813564}",70,0.012229880000728138,0.01,0.01,0.01
energy,fixnoiseFCN,32,1e-05,0.002,"{0: 0.12444269355239032, 10: 0.05858214195431923, 20: 0.033587904151379626, 30: 0.020725705027610047, 40: 0.013084543301019727, 50: 0.01391590178909291, 60: 0.014478109748883855, 70: 0.009661487353821404, 80: 0.012342295612281905, 90: 0.011334438237850544, 100: 0.011726811688707891}",70,0.009661487353821404,0.05,0.01,0.01
energy,fixnoiseFCN,32,1e-05,0.002,"{0: 0.15429846144081608, 10: 0.06537872096572052, 20: 0.037069146739231826, 30: 0.02759478499718913, 40: 0.013943292442897881, 50: 0.0165215703268257, 60: 0.015244057002723988, 70: 0.017743289133643814}",40,0.013943292442897881,0.1,0.01,0.01
energy,fixnoiseFCN,32,1e-09,0.0001,"{0: 0.8702786860014143, 10: 0.16026583068687472, 20: 0.09098457649814898, 30: 0.07992613731486135, 40: 0.07468175192991766, 50: 0.07123729140291321, 60: 0.06861684761388323, 70: 0.06645934990500826, 80: 0.06452797273250639, 90: 0.06268152687998989, 100: 0.06097076377593945, 110: 0.059170123143711194, 120: 0.05715995656936372, 130: 0.05507660113626578, 140: 0.0530258985281221, 150: 0.0509892076547823, 160: 0.0489024574877194, 170: 0.04678011449699591, 180: 0.044641987295225755, 190: 0.042557060038024196, 200: 0.040464293868576987, 210: 0.038468042533041855, 220: 0.036555758199113206, 230: 0.034701038022490485, 240: 0.03300947123825924, 250: 0.03140640195861794, 260: 0.029820336921603054, 270: 0.02829391022588783, 280: 0.026832017167016425, 290: 0.02545906744016562, 300: 0.024166287022069202, 310: 0.022929226637222237, 320: 0.021707055664630107, 330: 0.02054814264157423, 340: 0.019552353853152526, 350: 0.0186105274128728, 360: 0.017709912813769952, 370: 0.016885812291196508, 380: 0.016185636812972217, 390: 0.01559557252820851, 400: 0.015055006752755107, 410: 0.014570876494185075, 420: 0.014144733291520018, 430: 0.013806272931391996, 440: 0.013545339353512672, 450: 0.013282288199008369, 460: 0.013087302374322225, 470: 0.012917333354275537, 480: 0.012694723302813493, 490: 0.012582692526545022, 500: 0.012439465987459212, 510: 0.012356172480380756, 520: 0.012265933508133608, 530: 0.012162489789747485, 540: 0.012058966519284012, 550: 0.01205075391959615, 560: 0.011988637582305235, 570: 0.011937984366438597, 580: 0.011924608680714424, 590: 0.011935239150366986, 600: 0.011903519753846334, 610: 0.011873223897708698, 620: 0.012027713254528071, 630: 0.012131052482133408, 640: 0.012306331078107696}",610,0.011873223897708698,0.001,0.01,0.01
energy,fixnoiseFCN,32,1e-09,0.0001,"{0: 0.8501181749062715, 10: 0.17798239460906856, 20: 0.0953130182416522, 30: 0.08043052739049536, 40: 0.0742792202010562, 50: 0.07053434804199092, 60: 0.06761591215340532, 70: 0.06523040767655315, 80: 0.0630045134542895, 90: 0.06089420762043642, 100: 0.05888783690439817, 110: 0.056930692237320855, 120: 0.055002580758660345, 130: 0.05299429673009891, 140: 0.05090462246292331, 150: 0.04877878431134958, 160: 0.0466383014949726, 170: 0.04437980520236488, 180: 0.04218847426460113, 190: 0.04006420725145516, 200: 0.03803096252873263, 210: 0.036063809900895985, 220: 0.034296408424077704, 230: 0.03252894106602432, 240: 0.030909130584801593, 250: 0.029434923202297885, 260: 0.02799907510800531, 270: 0.026580260507141802, 280: 0.025345365771797634, 290: 0.02420851520587746, 300: 0.02305059090142991, 310: 0.022030538767819505, 320: 0.020935217654956876, 330: 0.01990783067302701, 340: 0.018903338367236854, 350: 0.01818291577635283, 360: 0.017442925368882166, 370: 0.016785979609267185, 380: 0.016027897304984252, 390: 0.015472961434548068, 400: 0.015027348751615072, 410: 0.014318094460866371, 420: 0.01416917031644031, 430: 0.013967647679250895, 440: 0.013738156897756284, 450: 0.01342856298238893, 460: 0.013191631648654256, 470: 0.013210766450750852, 480: 0.012917666617961157, 490: 0.01283582605279542, 500: 0.012972556049428463, 510: 0.012661514835667765, 520: 0.012659729862275098, 530: 0.012621487151830396, 540: 0.012696016458507741, 550: 0.012436033786621675, 560: 0.012363448017230275, 570: 0.012500371115214404, 580: 0.01237563795095932, 590: 0.012358217740149164, 600: 0.012526675805898327, 610: 0.012128211084098384, 620: 0.012083512909750625, 630: 0.0122798691451198, 640: 0.012244519893033823, 650: 0.012108643100201372}",620,0.012083512909750625,0.005,0.01,0.01
energy,fixnoiseFCN,32,1e-09,0.0001,"{0: 0.8954443647228176, 10: 0.17239667477149986, 20: 0.09068446761446765, 30: 0.07965009800040149, 40: 0.0743283484767123, 50: 0.0707154758838587, 60: 0.06776539055042452, 70: 0.06516997138631356, 80: 0.06271601520914658, 90: 0.06026202736904775, 100: 0.057857010353569605, 110: 0.0553365627212114, 120: 0.05284354160732822, 130: 0.05040719897571792, 140: 0.0479847071633015, 150: 0.045563507635172695, 160: 0.04335996034275479, 170: 0.04118996119040037, 180: 0.03920237578756488, 190: 0.03729990448678087, 200: 0.03561512364979968, 210: 0.03386098253326576, 220: 0.03210369268926035, 230: 0.030715417436183924, 240: 0.02925539055277383, 250: 0.027798156445521, 260: 0.026241184163460784, 270: 0.024829730227332418, 280: 0.023573980066469987, 290: 0.022184550654633144, 300: 0.020727614820471217, 310: 0.01954727359175658, 320: 0.018314536222593474, 330: 0.01715025832712964, 340: 0.01653086580522284, 350: 0.015685551809006736, 360: 0.014921787677003329, 370: 0.014435547003608162, 380: 0.013950020264187218, 390: 0.01327581239098865, 400: 0.013064278701950111, 410: 0.01297340130554588, 420: 0.01251866530786391, 430: 0.012568817839414223, 440: 0.01249947202077013, 450: 0.012386511023601091, 460: 0.012029296435504122, 470: 0.011984643390853773, 480: 0.01201134129840343, 490: 0.011785974464012208, 500: 0.011812051274522884, 510: 0.011940442268428454, 520: 0.01195206360789181}",490,0.011785974464012208,0.01,0.01,0.01
energy,fixnoiseFCN,32,1e-09,0.0001,"{0: 0.896973422816733, 10: 0.1828102263536959, 20: 0.09217520167108506, 30: 0.0802290577038787, 40: 0.07537377759432946, 50: 0.07183693159258907, 60: 0.06933490961063199, 70: 0.06738825110815674, 80: 0.06552933597964286, 90: 0.06373276620756725, 100: 0.06193909145078388, 110: 0.06011305379563493, 120: 0.05831723139121956, 130: 0.056609158338458795, 140: 0.054717454546249475, 150: 0.05241703163833916, 160: 0.051049032744542054, 170: 0.049337359267275414, 180: 0.04724242686257153, 190: 0.045180357728904684, 200: 0.0435152192852421, 210: 0.04137639984633467, 220: 0.03942747303798217, 230: 0.03758580741784969, 240: 0.03618272020464521, 250: 0.034345988809762515, 260: 0.03348886918474654, 270: 0.030868771401950556, 280: 0.03009179845123621, 290: 0.028451866378150482, 300: 0.027432452423211802, 310: 0.026416732323511504, 320: 0.025385290893683722, 330: 0.023640185741872273, 340: 0.02122333360642024, 350: 0.020842451085878316, 360: 0.019773247307900046, 370: 0.018453999364722036, 380: 0.01909798746167676, 390: 0.017289106718283265, 400: 0.01657501604896092, 410: 0.016824210352260248, 420: 0.01546423375616715, 430: 0.01401284578068009, 440: 0.014739072478525156, 450: 0.015246177910661143, 460: 0.013207511552977539, 470: 0.01408052016033487, 480: 0.013673723675720232, 490: 0.01423426898101755}",460,0.013207511552977539,0.05,0.01,0.01
energy,fixnoiseFCN,32,1e-09,0.0001,"{0: 0.9202501029153515, 10: 0.19529056613578427, 20: 0.09840987664235921, 30: 0.08418328519918021, 40: 0.07829328131476324, 50: 0.07458257063553997, 60: 0.07132854146120009, 70: 0.06920752683268393, 80: 0.06719674517115196, 90: 0.06539692645762168, 100: 0.06365616345326534, 110: 0.06186239366096511, 120: 0.060148076322830854, 130: 0.057991212162751604, 140: 0.05564132128951035, 150: 0.05381711035208211, 160: 0.05215675049900461, 170: 0.04986531419785527, 180: 0.04823530118852381, 190: 0.046083983569576645, 200: 0.04419369166234081, 210: 0.04254449160108483, 220: 0.04014570936247831, 230: 0.0390591356791104, 240: 0.03773554277658566, 250: 0.035819456590964895, 260: 0.03402861669787713, 270: 0.03348370640084701, 280: 0.03251299771447865, 290: 0.030857985766658415, 300: 0.029796075507428476, 310: 0.02855176988785051, 320: 0.027804867530224976, 330: 0.02556071374597636, 340: 0.025773156172415067, 350: 0.02438351143465314, 360: 0.023413985841448916, 370: 0.021389251223049226, 380: 0.022068996873514053, 390: 0.020851217092819313, 400: 0.019221375231556252, 410: 0.01888930182638374, 420: 0.01865676790225109, 430: 0.01735846788089811, 440: 0.017425885851907442, 450: 0.01712111145365692, 460: 0.01561542816306712, 470: 0.015829270376694626, 480: 0.015830361783776573, 490: 0.014736840748762497, 500: 0.014909674050779193, 510: 0.014107012500464877, 520: 0.015362146199414861, 530: 0.014052405994220144, 540: 0.014899757195921477, 550: 0.01596582288908812, 560: 0.01423558935585841}",530,0.014052405994220144,0.1,0.01,0.01
energy,fixnoiseFCN,32,1e-09,0.0005,"{0: 0.4656893394509109, 10: 0.07334418749667859, 20: 0.06538515523032365, 30: 0.05983323051906873, 40: 0.05347288540297233, 50: 0.04525806379314464, 60: 0.03599259944720283, 70: 0.02846912390799597, 80: 0.022444626910498533, 90: 0.01848996619702748, 100: 0.016361860560699375, 110: 0.015407802167446749, 120: 0.014878543621115561, 130: 0.014300355287404056, 140: 0.01398443022809151, 150: 0.01374816350979222, 160: 0.013554252368313233, 170: 0.013503701020082809, 180: 0.013160575435283492, 190: 0.01338150441083289, 200: 0.013780956379061345, 210: 0.012365702752286588, 220: 0.013812058200364838, 230: 0.014240610429911111, 240: 0.012068915683277151, 250: 0.012692169259797211, 260: 0.012715845977284007, 270: 0.015749074531440792}",240,0.012068915683277151,0.001,0.01,0.01
energy,fixnoiseFCN,32,1e-09,0.0005,"{0: 0.5174137118679992, 10: 0.073940356808707, 20: 0.06637046578340604, 30: 0.05876015385102189, 40: 0.04936835874945986, 50: 0.04066514832158931, 60: 0.033572706679562705, 70: 0.027708545861775423, 80: 0.022005487306312365, 90: 0.0180398004313733, 100: 0.015795452873590316, 110: 0.014406874387345161, 120: 0.013413391377507258, 130: 0.01321248614428982, 140: 0.012866563184128973, 150: 0.012819154449000877, 160: 0.012635697058051839, 170: 0.01248290070176063, 180: 0.01215470743253996, 190: 0.011807227329124228, 200: 0.013092643684604185, 210: 0.011246663108445711, 220: 0.01150028658113499, 230: 0.01073401650525833, 240: 0.011224517710437403, 250: 0.012304122378588156, 260: 0.013782619144760071}",230,0.01073401650525833,0.005,0.01,0.01
energy,fixnoiseFCN,32,1e-09,0.0005,"{0: 0.472610316968641, 10: 0.07133273262558867, 20: 0.061280006224789275, 30: 0.05169894023726784, 40: 0.041462807376675015, 50: 0.03360741890522022, 60: 0.027754037593398652, 70: 0.022528614787781825, 80: 0.017953711547360657, 90: 0.015387144046830017, 100: 0.014062531414467458, 110: 0.012984796164289969, 120: 0.01247302882887714, 130: 0.012221181911841983, 140: 0.01216004673676079, 150: 0.011509947387761519, 160: 0.012028786013734258, 170: 0.01128124549737175, 180: 0.011376276215448764, 190: 0.010651707185009539, 200: 0.010818264903765067, 210: 0.011138372428034518, 220: 0.011482340385736436}",190,0.010651707185009539,0.01,0.01,0.01
energy,fixnoiseFCN,32,1e-09,0.0005,"{0: 0.5136169609253873, 10: 0.07247146033639354, 20: 0.06445247446799157, 30: 0.05703119089980611, 40: 0.04975114268997137, 50: 0.042064577732873205, 60: 0.03538308240260766, 70: 0.026948532225335976, 80: 0.020936333457079747, 90: 0.01706011071192965, 100: 0.015861672678818113, 110: 0.015175617137082506, 120: 0.012552091556570319, 130: 0.013134380486795928, 140: 0.015343001837279002, 150: 0.010745249764069539, 160: 0.009795332119361858, 170: 0.012200116417250955, 180: 0.010917286656180768, 190: 0.010728405977263064}",160,0.009795332119361858,0.05,0.01,0.01
energy,fixnoiseFCN,32,1e-09,0.0005,"{0: 0.47570281631705374, 10: 0.07495365069537865, 20: 0.06673544788323257, 30: 0.057808716858420775, 40: 0.04964604064272068, 50: 0.0404443591638484, 60: 0.03292620620775561, 70: 0.03139573436860488, 80: 0.026781145020858634, 90: 0.020989885272471354, 100: 0.017413499850770335, 110: 0.01696311502757032, 120: 0.01907568909957713, 130: 0.012117837369230972, 140: 0.014587845725189697, 150: 0.012489485206842366, 160: 0.011118658292913487, 170: 0.011821116881804273, 180: 0.014391266591819635, 190: 0.009475206532685018, 200: 0.010205520885657283, 210: 0.01159679555964342, 220: 0.010423837524000766}",190,0.009475206532685018,0.1,0.01,0.01
energy,fixnoiseFCN,32,1e-09,0.001,"{0: 0.22043785057980808, 10: 0.0689754434217894, 20: 0.055765605398296, 30: 0.04087460608339883, 40: 0.03136754407381457, 50: 0.023755616486205604, 60: 0.0183604343602014, 70: 0.016640621557604367, 80: 0.016008986071209923, 90: 0.01593653752433647, 100: 0.016024378696936924, 110: 0.017103431038096733, 120: 0.018965897014890647}",90,0.01593653752433647,0.001,0.01,0.01
energy,fixnoiseFCN,32,1e-09,0.001,"{0: 0.23841437770019738, 10: 0.06716387217612914, 20: 0.05363156667268905, 30: 0.03608117336492951, 40: 0.02682406038664531, 50: 0.019660918130516396, 60: 0.015531394873623724, 70: 0.013625012707413554, 80: 0.014691267049693016, 90: 0.013622603333461695, 100: 0.01270334688254226, 110: 0.013525422293132769, 120: 0.013128971698810981, 130: 0.01194399695862822, 140: 0.012112986655563502, 150: 0.011852847534009283, 160: 0.01284935117324219, 170: 0.01276277842201957, 180: 0.015252476277413978}",150,0.011852847534009283,0.005,0.01,0.01
energy,fixnoiseFCN,32,1e-09,0.001,"{0: 0.22118552722971266, 10: 0.06686649196456626, 20: 0.05137912856146056, 30: 0.03549353495974049, 40: 0.025959356140787725, 50: 0.018316167410560906, 60: 0.014702392403593934, 70: 0.013406833903942225, 80: 0.013149033191955328, 90: 0.013098787461988023, 100: 0.012712152899029067, 110: 0.015309830032577996, 120: 0.013132772097885648, 130: 0.013988834605396478}",100,0.012712152899029067,0.01,0.01,0.01
energy,fixnoiseFCN,32,1e-09,0.001,"{0: 0.23119771230479774, 10: 0.06614878879991369, 20: 0.051115572896422226, 30: 0.03320388017612291, 40: 0.026171477507280022, 50: 0.022262619517685996, 60: 0.015998145416488207, 70: 0.014547032108931332, 80: 0.014914736870165373, 90: 0.016184114308698358, 100: 0.01575052385990137}",70,0.014547032108931332,0.05,0.01,0.01
energy,fixnoiseFCN,32,1e-09,0.001,"{0: 0.2306226811281255, 10: 0.06774161604057943, 20: 0.0552474795735297, 30: 0.03695131960641094, 40: 0.029732293784956, 50: 0.026472178688236835, 60: 0.019305796614511324, 70: 0.015931893418394464, 80: 0.01444080206070914, 90: 0.011800499363500371, 100: 0.011544512110790476, 110: 0.013469993075020498, 120: 0.0127102792849902, 130: 0.009524551671935244, 140: 0.009606818287102966, 150: 0.00960379267585833, 160: 0.01102202465972715}",130,0.009524551671935244,0.1,0.01,0.01
energy,fixnoiseFCN,32,1e-09,0.002,"{0: 0.13892891743783553, 10: 0.0636189512048509, 20: 0.03492671372821994, 30: 0.022082863796284387, 40: 0.018142516554004208, 50: 0.015036184359123395, 60: 0.01335294645923367, 70: 0.012178595409375197, 80: 0.015194833498149235, 90: 0.016714393472820065, 100: 0.014575309715517123}",70,0.012178595409375197,0.001,0.01,0.01
energy,fixnoiseFCN,32,1e-09,0.002,"{0: 0.13684163339119285, 10: 0.061391404953028195, 20: 0.03386092130444803, 30: 0.01781495293417647, 40: 0.013189310382820263, 50: 0.0161836427733884, 60: 0.012095411235917675, 70: 0.013897224214569967, 80: 0.011420042000861903, 90: 0.015819867483315254, 100: 0.01264444408155918, 110: 0.013784715826505842}",80,0.011420042000861903,0.005,0.01,0.01
energy,fixnoiseFCN,32,1e-09,0.002,"{0: 0.15858151898330233, 10: 0.06308667269912335, 20: 0.03420024983685176, 30: 0.018830270742406435, 40: 0.01480458405088049, 50: 0.015919252815002838, 60: 0.01373181968644871, 70: 0.016542681980819526, 80: 0.0137821907562112, 90: 0.014249343222274525}",60,0.01373181968644871,0.01,0.01,0.01
energy,fixnoiseFCN,32,1e-09,0.002,"{0: 0.14791035844705971, 10: 0.059777399795195675, 20: 0.037060617031555616, 30: 0.023336103196735857, 40: 0.016855258822260376, 50: 0.013484430542124098, 60: 0.012642917536694609, 70: 0.01512753944456732, 80: 0.01396404989129527, 90: 0.014187734183576939}",60,0.012642917536694609,0.05,0.01,0.01
energy,fixnoiseFCN,32,1e-09,0.002,"{0: 0.12523744778701912, 10: 0.06264823977255182, 20: 0.0385514740312928, 30: 0.026481917706173842, 40: 0.016970722593181407, 50: 0.015595109848655373, 60: 0.013335926164257897, 70: 0.01385766004199664, 80: 0.013486956324843896, 90: 0.013230346906078699, 100: 0.016322913029637395, 110: 0.012448010313486366, 120: 0.012364758815299599, 130: 0.010612711740324285, 140: 0.011227193020999643, 150: 0.010516479797475114, 160: 0.009321619112240196, 170: 0.01245389169792795, 180: 0.01365107735224226, 190: 0.010085697270017234}",160,0.009321619112240196,0.1,0.01,0.01
kin8nm,fixnoiseFCN,32,0.1,0.0001,"{0: 0.785168624951973, 10: 0.4477530146778991, 20: 0.3942654787651584, 30: 0.3818616811688823, 40: 0.37668281294421735, 50: 0.3726290787576518, 60: 0.36957189196748735, 70: 0.3670855180243451, 80: 0.365181560654224, 90: 0.36376221923159796, 100: 0.3626872476646545, 110: 0.3618184430675247, 120: 0.3611481379185669, 130: 0.36056978565643394, 140: 0.3601202141899781, 150: 0.35976093728304204, 160: 0.3594685607040964, 170: 0.35926037997283455, 180: 0.3590853010598939, 190: 0.35889335491824803, 200: 0.3587324244344455, 210: 0.35861706496036766, 220: 0.3585369650300714, 230: 0.35845035513648493, 240: 0.35836743016752426, 250: 0.35828917140118816, 260: 0.35819464227527215, 270: 0.3581110475610063, 280: 0.35804984471994816, 290: 0.35799609329788956, 300: 0.3579571042738503, 310: 0.35792772272286577, 320: 0.357897247044216, 330: 0.3578656604828842, 340: 0.35782865316683077, 350: 0.35780571984360854, 360: 0.3577744818485812, 370: 0.3577580876035507, 380: 0.35772784874328817, 390: 0.3576959478441818, 400: 0.35767058965239984, 410: 0.35764779199708646, 420: 0.3576277545156319, 430: 0.35760844517460144, 440: 0.3575815242195736, 450: 0.35755687793318724, 460: 0.35754230758955463, 470: 0.35752118213150175, 480: 0.3575060086525393, 490: 0.35750618872494194, 500: 0.357485200467771, 510: 0.35747171669902567, 520: 0.35745283683203893, 530: 0.3574546482232186, 540: 0.3574502580416865, 550: 0.3574545978544982, 560: 0.35745249164266124, 570: 0.35745019068633815, 580: 0.35745216287041515, 590: 0.35745437437951544, 600: 0.35744861723893, 610: 0.3574509246435572, 620: 0.3574476586202473, 630: 0.35744939532174796, 640: 0.3574538865399328, 650: 0.357444434763358, 660: 0.3574393987828199, 670: 0.35743028379025066, 680: 0.3574255624885095, 690: 0.357419101750661, 700: 0.3574194080584866, 710: 0.3574106238834959, 720: 0.3573969926632485, 730: 0.3573970700769834, 740: 0.3573874324421827, 750: 0.35738027634321623, 760: 0.35737756639271473, 770: 0.35737850403411364, 780: 0.3573626488840132, 790: 0.3573629751303857, 800: 0.3573525465663368, 810: 0.35734864022696017, 820: 0.35734631777267123, 830: 0.35734479706020883, 840: 0.3573368608934319, 850: 0.3573342249032672, 860: 0.3573258261872708, 870: 0.35732765121351845, 880: 0.3573263268694036, 890: 0.3573206928647551, 900: 0.3573187469147493, 910: 0.3573086360776981, 920: 0.3573009382054467, 930: 0.35729708315286474, 940: 0.35730101001931036, 950: 0.3572964168891565, 960: 0.3572982119331235, 970: 0.35728914634978237, 980: 0.3572818021192555, 990: 0.35727904000926347, 1000: 0.3572791569511672, 1010: 0.3572779893710684, 1020: 0.3572769064561467, 1030: 0.35727287045446793, 1040: 0.3572665588678784, 1050: 0.35726749095291704, 1060: 0.3572602128713884, 1070: 0.3572502025026945, 1080: 0.357247837224675, 1090: 0.35723806774300904, 1100: 0.3572289826609759, 1110: 0.3572333513842285, 1120: 0.3572262109935386, 1130: 0.35721837718649513, 1140: 0.3572075007946623, 1150: 0.3572058648798295, 1160: 0.3572001671095566, 1170: 0.3571892253951964, 1180: 0.3571910534908918, 1190: 0.35718667089405337, 1200: 0.35718411431853925, 1210: 0.3571815702267104, 1220: 0.357179655682016, 1230: 0.3571741508744306, 1240: 0.35717213381696616, 1250: 0.35716938815411964, 1260: 0.35716971055329405, 1270: 0.3571647449714391, 1280: 0.35715943912463405, 1290: 0.3571568984422168, 1300: 0.35715723343689965, 1310: 0.3571556129112829, 1320: 0.35714675580765765, 1330: 0.3571426904802271, 1340: 0.3571432399339044, 1350: 0.3571369282900185, 1360: 0.3571359363193751, 1370: 0.3571229892741147, 1380: 0.3571278286933498, 1390: 0.3571256461943283, 1400: 0.3571300649493986}",1370,0.3571229892741147,0.001,0.01,0.01
kin8nm,fixnoiseFCN,32,0.1,0.0001,"{0: 0.8135412751011091, 10: 0.44785725774897023, 20: 0.39697085431481965, 30: 0.38174809415951555, 40: 0.37545313484622944, 50: 0.37146660804048515, 60: 0.3687248815906333, 70: 0.36673895346715163, 80: 0.3652951341796091, 90: 0.3641570488887215, 100: 0.36324068922041364, 110: 0.3624797658647297, 120: 0.36178229476181445, 130: 0.3612207531953172, 140: 0.36076127811062136, 150: 0.3603566371531941, 160: 0.3600416075180208, 170: 0.3597558301790179, 180: 0.35950295877040467, 190: 0.3592880180695512, 200: 0.35912260736388346, 210: 0.35895676367166574, 220: 0.35883242021531714, 230: 0.3587321116176459, 240: 0.3586228568287548, 250: 0.35853464651978983, 260: 0.35845253446153075, 270: 0.3583673219519583, 280: 0.3582973400747412, 290: 0.35822744255497213, 300: 0.35818611258091393, 310: 0.3581330945626228, 320: 0.35807694483603736, 330: 0.3580152193483295, 340: 0.3579638307254923, 350: 0.3579090093985816, 360: 0.35785191060369603, 370: 0.3577954568281018, 380: 0.35775486075480967, 390: 0.35771187102410584, 400: 0.357679109318007, 410: 0.35764169993022055, 420: 0.35761688527097346, 430: 0.35759045425366975, 440: 0.3575683736900858, 450: 0.35756299320334606, 460: 0.35753599317279516, 470: 0.35752430868872354, 480: 0.35748795000984934, 490: 0.3574762768846098, 500: 0.3574594918370463, 510: 0.3574498385826988, 520: 0.35742640936937453, 530: 0.35740564160729416, 540: 0.3573942232826879, 550: 0.35737333475522376, 560: 0.35737471449415825, 570: 0.3573419714273548, 580: 0.35732705623573124, 590: 0.35732429820045, 600: 0.35731454046904904, 610: 0.35731211572884297, 620: 0.35730473403836865, 630: 0.3572840868229852, 640: 0.3572726580658706, 650: 0.3572746398858636, 660: 0.3572676767462425, 670: 0.35726275501867477, 680: 0.3572381449736691, 690: 0.3572269994285825, 700: 0.357201386317035, 710: 0.3571832762926224, 720: 0.35718783795828035, 730: 0.3571800151441241, 740: 0.3571681978133594, 750: 0.3571547143716153, 760: 0.35714862902787736, 770: 0.3571325066194463, 780: 0.35711252803111937, 790: 0.3571079364828984, 800: 0.3570980186271095, 810: 0.3570938632508498, 820: 0.35708717995762684, 830: 0.35707599366047377, 840: 0.3570881953424862, 850: 0.3570703823630636, 860: 0.35707087155090633, 870: 0.3570704258210207, 880: 0.35706464182288244, 890: 0.35704958397293274, 900: 0.35706155333578, 910: 0.35705087477824654, 920: 0.357042997632229, 930: 0.35703734230174655, 940: 0.35703446810798284, 950: 0.35703532317936143, 960: 0.3570283341912958, 970: 0.3570206337418719, 980: 0.35701402904691765, 990: 0.3570013195200913, 1000: 0.35699959224635314, 1010: 0.35699928057909325, 1020: 0.35698821050164076, 1030: 0.3569925998226241, 1040: 0.35698214209939555, 1050: 0.356980305361004, 1060: 0.3569720007997379, 1070: 0.356966440686236, 1080: 0.35696500071536436, 1090: 0.3569671952056503, 1100: 0.35695530145858373, 1110: 0.3569502435143928, 1120: 0.35694058923769323, 1130: 0.3569430517426359, 1140: 0.35693459612733375, 1150: 0.3569338462383933, 1160: 0.3569408442941453, 1170: 0.3569255259634817, 1180: 0.35692247661749144, 1190: 0.3569084684243934, 1200: 0.3569122894991488, 1210: 0.3569121089520358, 1220: 0.3569040318717276, 1230: 0.3568960926417569, 1240: 0.3569119620844571, 1250: 0.3569088253100091, 1260: 0.3568962878814578}",1230,0.3568960926417569,0.005,0.01,0.01
kin8nm,fixnoiseFCN,32,0.1,0.0001,"{0: 0.8066167218533998, 10: 0.46369588516334026, 20: 0.403161795005354, 30: 0.38678622917868505, 40: 0.3802894592810294, 50: 0.37579153793161635, 60: 0.37241402149324343, 70: 0.36975984251560745, 80: 0.367723795875214, 90: 0.36602894157297405, 100: 0.3647125155424483, 110: 0.3636389351042363, 120: 0.3627615920596034, 130: 0.3620605315109528, 140: 0.36149817891757796, 150: 0.36097174931421494, 160: 0.3605911705867067, 170: 0.36024481202507574, 180: 0.35995165809747853, 190: 0.35965571383583483, 200: 0.3594151904256448, 210: 0.3592385691165426, 220: 0.35908703679246556, 230: 0.3589546516298038, 240: 0.3588120264282521, 250: 0.35868359449060855, 260: 0.358614258948843, 270: 0.358544244806432, 280: 0.35845866803994414, 290: 0.35838368815901117, 300: 0.3583482679260967, 310: 0.35828142867027524, 320: 0.3582112544965372, 330: 0.35819201916845456, 340: 0.3581343784394941, 350: 0.35810042303685113, 360: 0.35808041678158287, 370: 0.3580164085301933, 380: 0.3579807275468394, 390: 0.35796469161247546, 400: 0.3579142468890442, 410: 0.3578804025122644, 420: 0.35783634169763034, 430: 0.357809804643323, 440: 0.35780299974173924, 450: 0.3577830876653497, 460: 0.3577722283845974, 470: 0.35775255893968694, 480: 0.3577521128044895, 490: 0.3577221582383502, 500: 0.357700617163996, 510: 0.3577055199373242, 520: 0.3577041358120596, 530: 0.3576611157866889, 540: 0.3576474376214384, 550: 0.35762948818785717, 560: 0.3576435417494116, 570: 0.3575910005349366, 580: 0.3575880751653685, 590: 0.3575710234084211, 600: 0.35753647082790385, 610: 0.3575176336434214, 620: 0.3575259292453362, 630: 0.35751553218204074, 640: 0.35751805751190535, 650: 0.3574842273155655, 660: 0.35750087994540014, 670: 0.3574809525977988, 680: 0.35747625847051556, 690: 0.3574655695363854, 700: 0.3574503781105843, 710: 0.35743307070676067, 720: 0.35742246668571004, 730: 0.35742063455711787, 740: 0.3574001055574328, 750: 0.3573852528495457, 760: 0.3573842632110081, 770: 0.3573552193117274, 780: 0.35734674965167923, 790: 0.3573175449392189, 800: 0.3573291553574055, 810: 0.35731722115522163, 820: 0.35730008380366385, 830: 0.35731481861482617, 840: 0.35730720336003846, 850: 0.35729952467819137, 860: 0.3572980483299776, 870: 0.3572826353252309, 880: 0.3573165504594581, 890: 0.35730230246003225, 900: 0.3573086349564022}",870,0.3572826353252309,0.01,0.01,0.01
kin8nm,fixnoiseFCN,32,0.1,0.0001,"{0: 0.8093104247845135, 10: 0.4542878068199084, 20: 0.3955460759826735, 30: 0.38060348963880963, 40: 0.37526696689943106, 50: 0.3713393642175961, 60: 0.3684096579303659, 70: 0.36622876228608503, 80: 0.36447561733401973, 90: 0.36323467272749715, 100: 0.3623227607594345, 110: 0.36151700313105956, 120: 0.3610241329814538, 130: 0.3605340560017597, 140: 0.3602412640609295, 150: 0.35983026607254365, 160: 0.35953207644040175, 170: 0.3592256357113963, 180: 0.359014729774268, 190: 0.35886064810821405, 200: 0.3587711698726982, 210: 0.35853806960964923, 220: 0.35836770031291504, 230: 0.3583123666451994, 240: 0.3581526425588553, 250: 0.3580229432154644, 260: 0.35802713104423733, 270: 0.35782255004850416, 280: 0.35783557020217704, 290: 0.3577480024959333, 300: 0.35773219667431355, 310: 0.35753103866035096, 320: 0.3575714486617107, 330: 0.3576477721722056, 340: 0.35753741067614375}",310,0.35753103866035096,0.05,0.01,0.01
kin8nm,fixnoiseFCN,32,0.1,0.0001,"{0: 0.826982706606042, 10: 0.45857437687274344, 20: 0.40066120938863803, 30: 0.3865640182098905, 40: 0.38023611924763945, 50: 0.3755429648272314, 60: 0.37171699711484274, 70: 0.36909338559450494, 80: 0.36693348007748605, 90: 0.36536781284641495, 100: 0.364235681736423, 110: 0.36325474832906535, 120: 0.36252109817408323, 130: 0.36181794052052074, 140: 0.36153662641036244, 150: 0.36099266171437333, 160: 0.36082219861046994, 170: 0.3605474667925633, 180: 0.3602420043711324, 190: 0.3600174139021929, 200: 0.35975021799461643, 210: 0.3597204573505044, 220: 0.35960741446946204, 230: 0.3594255456286068, 240: 0.3591426235812809, 250: 0.35918007597805224, 260: 0.3590010905965969, 270: 0.35889018903633935, 280: 0.35885362978357527, 290: 0.35894764032828247, 300: 0.3588713722382065, 310: 0.3588169095876191, 320: 0.35877415192412787, 330: 0.3587296196197338, 340: 0.3587256322333839, 350: 0.35868512865408875, 360: 0.35868363130945424, 370: 0.3586525617552385, 380: 0.35856206054212125, 390: 0.35844126037898133, 400: 0.3582790225250241, 410: 0.3584950325804016, 420: 0.35834428501874566, 430: 0.3584132560757328}",400,0.3582790225250241,0.1,0.01,0.01
kin8nm,fixnoiseFCN,32,0.1,0.0005,"{0: 0.5418056385670911, 10: 0.38180971626662663, 20: 0.3722200607547973, 30: 0.369275514200472, 40: 0.3677267015595968, 50: 0.3667943693482579, 60: 0.3661885643302143, 70: 0.36571204535442614, 80: 0.36535687484531854, 90: 0.36511150597293934, 100: 0.3648255870257203, 110: 0.36460735964630775, 120: 0.36426674180479196, 130: 0.3640020738099134, 140: 0.3636592198714833, 150: 0.3634393885226775, 160: 0.363341100933225, 170: 0.36323372111229507, 180: 0.3630900065535044, 190: 0.36293820598524146, 200: 0.3627881070640063, 210: 0.36273470390954693, 220: 0.3626137797087147, 230: 0.36256322997159696, 240: 0.3624951839671223, 250: 0.3624165466849153, 260: 0.3623099895244772, 270: 0.36225215207833455, 280: 0.36217464961669926, 290: 0.36210976282234597, 300: 0.362007312786729, 310: 0.36199897686645977, 320: 0.36195017317938144, 330: 0.36186010005491226, 340: 0.36182320207374935, 350: 0.36173400720719207, 360: 0.3616671370166082, 370: 0.361559055418925, 380: 0.3614462241346389, 390: 0.36134686635256835, 400: 0.36130171735696553, 410: 0.3611914204478138, 420: 0.361136992453884, 430: 0.36107015490820676, 440: 0.36106459209767117, 450: 0.3609867292385664, 460: 0.36100188145808765, 470: 0.3609187739548176, 480: 0.36087754821733403, 490: 0.3608300127876948, 500: 0.36088083617365474, 510: 0.36081413489380004, 520: 0.3608642022599688, 530: 0.36080904208021347, 540: 0.36082276408126307, 550: 0.36080850896040434, 560: 0.36078748388997883, 570: 0.36073590890197377, 580: 0.3606855399985201, 590: 0.36062667982173785, 600: 0.3605369455034959, 610: 0.3604848484807136, 620: 0.36044407562773806, 630: 0.3604135714274704, 640: 0.3603846186362567, 650: 0.36035681853816504, 660: 0.360332568511697, 670: 0.36029284841801595, 680: 0.3602578445762864, 690: 0.36025224819836577, 700: 0.36026096675606645, 710: 0.360208073272515, 720: 0.36020080796324955, 730: 0.36028264788950104, 740: 0.36017387504658605, 750: 0.3601933890599317, 760: 0.36008875454481604, 770: 0.3601698576597244, 780: 0.3600995573886695, 790: 0.36004338753495796, 800: 0.3600881893245872, 810: 0.3600190884267592, 820: 0.3599538275401325, 830: 0.35995065973085394, 840: 0.35992208491998884, 850: 0.3598182661099661, 860: 0.3598563759272696, 870: 0.35979058538605624, 880: 0.3598569815570848, 890: 0.35978015065293134, 900: 0.35969107744957396, 910: 0.3596819064860357, 920: 0.359681040867931, 930: 0.3595918640435919, 940: 0.3596424759202065, 950: 0.359711287776693, 960: 0.3595739858630336, 970: 0.35958195093573614, 980: 0.3596250651259748, 990: 0.35963913036935036}",960,0.3595739858630336,0.001,0.01,0.01
kin8nm,fixnoiseFCN,32,0.1,0.0005,"{0: 0.5199710803367156, 10: 0.37996772680524854, 20: 0.37088870411660413, 30: 0.36797718094638, 40: 0.36650210765418395, 50: 0.36561185044697597, 60: 0.36494935906869197, 70: 0.3644933908936711, 80: 0.3641403012808685, 90: 0.3637557736798341, 100: 0.363380324813402, 110: 0.3630890267359912, 120: 0.36281820668606113, 130: 0.36263827161485446, 140: 0.3625005367268062, 150: 0.3623606060996555, 160: 0.36225273078991665, 170: 0.36213280015159016, 180: 0.3620420504537746, 190: 0.3618622253415717, 200: 0.3617605447304693, 210: 0.36168009170645815, 220: 0.3615851173467251, 230: 0.36152583503598756, 240: 0.36142457374436116, 250: 0.3613163641659223, 260: 0.3612855914833258, 270: 0.3613189710734864, 280: 0.36119611020755343, 290: 0.3611040530187573, 300: 0.3611063069739472, 310: 0.3610657466650974, 320: 0.3610142131630891, 330: 0.3610034666823874, 340: 0.3609178046388952, 350: 0.36087785829811103, 360: 0.3608190689809197, 370: 0.3607922182049236, 380: 0.3607145293537983, 390: 0.3606198228440936, 400: 0.3606366588774871, 410: 0.36051001743274086, 420: 0.36054011908728356, 430: 0.36051775342620607, 440: 0.3604582645991198, 450: 0.36050186363063375, 460: 0.36047236239097796, 470: 0.36042527457534335, 480: 0.3604297328609946, 490: 0.36043779517119195, 500: 0.3603918224380308, 510: 0.36030330107797504, 520: 0.3602901247604279, 530: 0.3602564446378115, 540: 0.3602451909227419, 550: 0.36022545389825733, 560: 0.3602018400401131, 570: 0.3601997205136429, 580: 0.36019533071922283, 590: 0.36009190085293913, 600: 0.36007717755083085, 610: 0.36006784875889863, 620: 0.3600722113232164, 630: 0.35996251039412314, 640: 0.359962518845821, 650: 0.35998599765564393, 660: 0.35997269061213516}",630,0.35996251039412314,0.005,0.01,0.01
kin8nm,fixnoiseFCN,32,0.1,0.0005,"{0: 0.5301989294536394, 10: 0.3819363307416255, 20: 0.3722830333962953, 30: 0.36917660488934195, 40: 0.36762385722551283, 50: 0.3667143765076192, 60: 0.3661831060346972, 70: 0.3656528197836552, 80: 0.36533892688307895, 90: 0.3650779614008904, 100: 0.3648046700218501, 110: 0.3644823719464435, 120: 0.3642878771611946, 130: 0.36406638135441693, 140: 0.36391039540544357, 150: 0.3636904080750053, 160: 0.36354774191688144, 170: 0.36336853916266854, 180: 0.3632007318859856, 190: 0.36303132454647946, 200: 0.3628616877976355, 210: 0.36281813298057497, 220: 0.36276462893802586, 230: 0.36257631011653046, 240: 0.36249068627449954, 250: 0.36242354597162063, 260: 0.3623767993974206, 270: 0.3622707702364653, 280: 0.36225691068263455, 290: 0.3621589027486686, 300: 0.3619789761018356, 310: 0.3617678849441301, 320: 0.36173674318339966, 330: 0.36164471732650105, 340: 0.36161056943420467, 350: 0.36155909158644783, 360: 0.3615787305943822, 370: 0.36144084065695314, 380: 0.361388353814616, 390: 0.36136861855416036, 400: 0.3613091548888441, 410: 0.3613516651587524, 420: 0.36123342580967455, 430: 0.361165269153389, 440: 0.361121899296464, 450: 0.3610264968644225, 460: 0.36102221777584037, 470: 0.36101004014244065, 480: 0.36091664771121656, 490: 0.3609508547915941, 500: 0.3608608802172816, 510: 0.36075392358661207, 520: 0.3607824036715848, 530: 0.36068393792197806, 540: 0.3607046541725105, 550: 0.3606392330794435, 560: 0.3606102671008259, 570: 0.3605344601055884, 580: 0.3605266104629284, 590: 0.36047580972907267, 600: 0.3604963599277443, 610: 0.36033575833758286, 620: 0.36037285627281895, 630: 0.3603907283188199, 640: 0.3602751973176743, 650: 0.36026738743705033, 660: 0.36023087335078086, 670: 0.3601911527839442, 680: 0.3601809935112656, 690: 0.36023230384956684, 700: 0.36020164269358734, 710: 0.36019272594015755}",680,0.3601809935112656,0.01,0.01,0.01
kin8nm,fixnoiseFCN,32,0.1,0.0005,"{0: 0.528764477452247, 10: 0.3826242939602616, 20: 0.3736731689359277, 30: 0.36992273077883164, 40: 0.36839548173429815, 50: 0.3670552690239734, 60: 0.36672948953665185, 70: 0.3660888100487358, 80: 0.3656900997095466, 90: 0.36524305289881337, 100: 0.36502592462974454, 110: 0.36459143193752946, 120: 0.36419932862479987, 130: 0.3640816638448956, 140: 0.3638888296913828, 150: 0.363676229254974, 160: 0.36350743134984465, 170: 0.36324349057006244, 180: 0.3629071761020659, 190: 0.36278254060935544, 200: 0.3626663679759031, 210: 0.36247264908125293, 220: 0.3623446322507301, 230: 0.3621372026659991, 240: 0.36191986821183064, 250: 0.36176552754024305, 260: 0.36173634565579843, 270: 0.3616533539969654, 280: 0.36162003247054286, 290: 0.36154172084790415, 300: 0.361447554520618, 310: 0.36151978118118216, 320: 0.3612935570401336, 330: 0.3613512345556388, 340: 0.36111512625564013, 350: 0.36111940821904154, 360: 0.36105892590382477, 370: 0.36111262746363626, 380: 0.36100514288707386, 390: 0.3609853533230424, 400: 0.3608509323630217, 410: 0.3608034744853623, 420: 0.3609129218806305, 430: 0.36076394022763625, 440: 0.36057512538928516, 450: 0.36070993515155847, 460: 0.3606421274970662, 470: 0.3603421229935603, 480: 0.3606851384315668, 490: 0.3604568544878112, 500: 0.36041156118830864}",470,0.3603421229935603,0.05,0.01,0.01
kin8nm,fixnoiseFCN,32,0.1,0.0005,"{0: 0.5257172439529353, 10: 0.38135885508583367, 20: 0.3730274238440091, 30: 0.3701446418199142, 40: 0.3685475838786786, 50: 0.3675354326506651, 60: 0.3665019237404415, 70: 0.36574445519118326, 80: 0.3659707578385989, 90: 0.36519078857235854, 100: 0.36497943122370574, 110: 0.3648398854040251, 120: 0.3640873258256649, 130: 0.36427763037493793, 140: 0.36430195897994094, 150: 0.3643627972429272}",120,0.3640873258256649,0.1,0.01,0.01
kin8nm,fixnoiseFCN,32,0.1,0.001,"{0: 0.48735579588353806, 10: 0.3792100175944134, 20: 0.3738129355628077, 30: 0.3712913160666167, 40: 0.3699171027130362, 50: 0.368996423624489, 60: 0.36816704969169123, 70: 0.3677405869971474, 80: 0.3675793623983291, 90: 0.36731934121035287, 100: 0.3672381617160839, 110: 0.366970842671505, 120: 0.36702144282477256, 130: 0.3668930462448919, 140: 0.3666587908702454, 150: 0.366357323117311, 160: 0.366237553654975, 170: 0.36592287928788647, 180: 0.3656450574206921, 190: 0.36553103679786136, 200: 0.36544784389543183, 210: 0.36521739157422617, 220: 0.36510219262842536, 230: 0.3649312496516954, 240: 0.3647913798541422, 250: 0.36466430578999176, 260: 0.3644839401236295, 270: 0.3645067092114574, 280: 0.3643030263754258, 290: 0.3641613665608482, 300: 0.36400106678264976, 310: 0.3638667775754857, 320: 0.3637132588006852, 330: 0.36364219704862577, 340: 0.3633981898024644, 350: 0.3634678176547667, 360: 0.363304318190499, 370: 0.36306752372684553, 380: 0.36302684737149954, 390: 0.3628882840177009, 400: 0.36280373377585673, 410: 0.3626468714397217, 420: 0.3626488528806891, 430: 0.3627228194422282, 440: 0.36260346090851364, 450: 0.36263131056126924, 460: 0.3624594327680558, 470: 0.3624916804253504, 480: 0.3625100936196658, 490: 0.36241578076841596, 500: 0.36238954493230896, 510: 0.36232963269999596, 520: 0.3623167855165825, 530: 0.3622455166441315, 540: 0.362199384222946, 550: 0.3622120371050567, 560: 0.36210899097084254, 570: 0.36211067650481626, 580: 0.3620940096983178, 590: 0.3619405675516444, 600: 0.36186164396835613, 610: 0.36165965555064605, 620: 0.3616748060764148, 630: 0.36177717697304146, 640: 0.3616746880430104}",610,0.36165965555064605,0.001,0.01,0.01
kin8nm,fixnoiseFCN,32,0.1,0.001,"{0: 0.4812567026691802, 10: 0.37978630609365205, 20: 0.3735951369562224, 30: 0.3710136377317633, 40: 0.36987257848336197, 50: 0.36904302379102544, 60: 0.3684173536511429, 70: 0.36809650037292146, 80: 0.36758944065170207, 90: 0.3673007832459235, 100: 0.3668169621396608, 110: 0.3665350116505471, 120: 0.3663240027627268, 130: 0.36614591219979375, 140: 0.36591703443063317, 150: 0.36574883452893614, 160: 0.36548946288623874, 170: 0.36536697276891156, 180: 0.3653832175726578, 190: 0.36520761095459786, 200: 0.36510417051356286, 210: 0.3649729628033027, 220: 0.3648396322890718, 230: 0.36474489694188883, 240: 0.3645654455266532, 250: 0.3645163369131086, 260: 0.36432429451494347, 270: 0.3642048555451215, 280: 0.3642069987158295, 290: 0.36402921325152937, 300: 0.3639692446684929, 310: 0.36387042905492323, 320: 0.3637388809112981, 330: 0.36365131506155784, 340: 0.36355289739395097, 350: 0.3635542252605951, 360: 0.3633856271990693, 370: 0.3633484454882784, 380: 0.36318031624314495, 390: 0.36302247021007406, 400: 0.36282927081348176, 410: 0.36293260737904187, 420: 0.3628697964244293, 430: 0.3628039124966988, 440: 0.36265367469592635, 450: 0.36265009582958935, 460: 0.36263402427045094, 470: 0.3625015452066739, 480: 0.3625167803430581, 490: 0.3624222319105243, 500: 0.36241326570049964, 510: 0.36228847500370925, 520: 0.3622867330743349, 530: 0.36230744435653295, 540: 0.36220247195437466, 550: 0.3622063537750545, 560: 0.36214809930814745, 570: 0.36208629268688836, 580: 0.36211215108550615, 590: 0.3619482788603439, 600: 0.36200049860698696, 610: 0.3619509664950956, 620: 0.3620053278079582}",590,0.3619482788603439,0.005,0.01,0.01
kin8nm,fixnoiseFCN,32,0.1,0.001,"{0: 0.48125426218388495, 10: 0.37916126388445254, 20: 0.3733855765718855, 30: 0.37120137204624326, 40: 0.37026731194329987, 50: 0.3695134826209922, 60: 0.36905669411717573, 70: 0.36839438615996006, 80: 0.3681705798995042, 90: 0.3678482537863629, 100: 0.3675410565893992, 110: 0.3672531942445946, 120: 0.3669016660596086, 130: 0.36647517397917073, 140: 0.3661567037278022, 150: 0.3659294239870786, 160: 0.3657965885170157, 170: 0.36560788527684907, 180: 0.3653363248822147, 190: 0.3650313518625342, 200: 0.3649242768035463, 210: 0.36472309979397444, 220: 0.3644542189785088, 230: 0.3643371200245906, 240: 0.36410488709142513, 250: 0.3639909123227144, 260: 0.36388528456483704, 270: 0.36386690862485627, 280: 0.36372373926505314, 290: 0.3638100895191535, 300: 0.3637091148076178, 310: 0.36363617914244106, 320: 0.36363841906914496, 330: 0.36344955585214694, 340: 0.3633764196684054, 350: 0.3632951172793585, 360: 0.36330609179971385, 370: 0.36315674991619357, 380: 0.3632245151428758, 390: 0.3630312371182577, 400: 0.3629738093348792, 410: 0.36292564901022184, 420: 0.36277780070023113, 430: 0.3627307533841447, 440: 0.3627451778510064, 450: 0.3626947839843956, 460: 0.3626650529332065, 470: 0.36253133736425214, 480: 0.36265093758856976, 490: 0.36265165525969717, 500: 0.3626871158969956}",470,0.36253133736425214,0.01,0.01,0.01
kin8nm,fixnoiseFCN,32,0.1,0.001,"{0: 0.486481096254001, 10: 0.38042206351427943, 20: 0.3733790286881252, 30: 0.370858309293565, 40: 0.36979175098502537, 50: 0.3691364961852916, 60: 0.36826608433507285, 70: 0.3677728744482307, 80: 0.36752676523451033, 90: 0.3670621510070157, 100: 0.36691848563014867, 110: 0.3668735494374612, 120: 0.36641327794720324, 130: 0.3656779436375174, 140: 0.36563623749499585, 150: 0.3653772883678788, 160: 0.364975860799165, 170: 0.3649888615482829, 180: 0.3646953933178671, 190: 0.36458481382058566, 200: 0.3640645835450937, 210: 0.36445845047131004, 220: 0.36416412260348074, 230: 0.36410403966806854}",200,0.3640645835450937,0.05,0.01,0.01
kin8nm,fixnoiseFCN,32,0.1,0.001,"{0: 0.49088791415089855, 10: 0.37949453749358814, 20: 0.3739057764924433, 30: 0.37092968847124463, 40: 0.37030962580171756, 50: 0.36912535275739994, 60: 0.3688346383657467, 70: 0.368337126714153, 80: 0.368390481124378, 90: 0.3679159472650052, 100: 0.36708904831595246, 110: 0.36674303212111614, 120: 0.3666941153375969, 130: 0.36636159156378423, 140: 0.3665424650533905, 150: 0.36642722301854136, 160: 0.3659948549096037, 170: 0.3658373404218849, 180: 0.3652650431764003, 190: 0.3654463457611878, 200: 0.3652875741977809, 210: 0.36482571577805917, 220: 0.36504112757590346, 230: 0.3649158526777491, 240: 0.36490317426291213}",210,0.36482571577805917,0.1,0.01,0.01
kin8nm,fixnoiseFCN,32,0.1,0.002,"{0: 0.4323713237581913, 10: 0.38115095000497173, 20: 0.3776753823079403, 30: 0.3750053309132511, 40: 0.37298008193611754, 50: 0.37175411201134345, 60: 0.37068813952458096, 70: 0.3702751874550546, 80: 0.37029231455021694, 90: 0.36996370785572635, 100: 0.3697988338211926, 110: 0.36961587831954884, 120: 0.36928469701695, 130: 0.3689204322935173, 140: 0.3687558048354559, 150: 0.36868085341292356, 160: 0.36854922389226635, 170: 0.36823570971245567, 180: 0.36791161849273907, 190: 0.3680736009487985, 200: 0.36816627849966665, 210: 0.3677872298816579, 220: 0.3677942776415324, 230: 0.3676813079276947, 240: 0.36748560717967815, 250: 0.3672674715976274, 260: 0.36739332603563585, 270: 0.367297663706929, 280: 0.3672381657993914, 290: 0.3672407920254809, 300: 0.3671181551002279, 310: 0.3670801042797226, 320: 0.36708134871383685, 330: 0.3669448801910115, 340: 0.36706335718507593, 350: 0.3667344696732557, 360: 0.3669595791871855, 370: 0.3670501228070254, 380: 0.3667546448234863}",350,0.3667344696732557,0.001,0.01,0.01
kin8nm,fixnoiseFCN,32,0.1,0.002,"{0: 0.4323770723861419, 10: 0.38121288832968, 20: 0.3766832469747309, 30: 0.3741147038014418, 40: 0.37295799355041526, 50: 0.3719161855425962, 60: 0.37130782894148673, 70: 0.37093890046950995, 80: 0.37030844937800195, 90: 0.36953322984376724, 100: 0.36920518648082934, 110: 0.3687121795518511, 120: 0.36867676649350123, 130: 0.36823958312521243, 140: 0.3681860289571497, 150: 0.36778843369500586, 160: 0.36798324436362495, 170: 0.3677677022600478, 180: 0.3679134674960978, 190: 0.36752841524942087, 200: 0.3676010763372521, 210: 0.36762500389936426, 220: 0.367523601909492, 230: 0.3674129330316513, 240: 0.36734278131790166, 250: 0.367400916607848, 260: 0.367276047338447, 270: 0.3672064943121667, 280: 0.367086360842671, 290: 0.36714912014251044, 300: 0.36719741499742375, 310: 0.3670795174435063, 320: 0.3671938023578285, 330: 0.3668005127609222, 340: 0.3669650195738324, 350: 0.3666897930425903, 360: 0.36683302350003333, 370: 0.3667640171460259, 380: 0.3666550348129956, 390: 0.36656056397123954, 400: 0.36664053639558414, 410: 0.36675384491087365, 420: 0.3666468950527989}",390,0.36656056397123954,0.005,0.01,0.01
kin8nm,fixnoiseFCN,32,0.1,0.002,"{0: 0.4305100861366304, 10: 0.38097927568918677, 20: 0.3776465597994389, 30: 0.3754741704467291, 40: 0.3737980151883694, 50: 0.372938796884778, 60: 0.37192847104025606, 70: 0.37109487528935026, 80: 0.370856954740601, 90: 0.3706320329013463, 100: 0.3696384348550083, 110: 0.36969756681126364, 120: 0.3694701194404253, 130: 0.3691158867261975, 140: 0.3689844028033781, 150: 0.36903879879051843, 160: 0.3685721631616472, 170: 0.3687687023262397, 180: 0.3683464239284196, 190: 0.36816741467160813, 200: 0.36835311472850796, 210: 0.36817374187908397, 220: 0.36797766715715224, 230: 0.367936569853971, 240: 0.36784487653070225, 250: 0.36789004176386725, 260: 0.36776908053380086, 270: 0.36771089316648575, 280: 0.3676746304838036, 290: 0.3676359301163953, 300: 0.3676571172935498, 310: 0.3673336295301148, 320: 0.3673931574687819, 330: 0.3671733811866597, 340: 0.36727298074498116, 350: 0.36698614580067446, 360: 0.36687095863545804, 370: 0.36697117960082853, 380: 0.36700736916640087, 390: 0.3670739807734187}",360,0.36687095863545804,0.01,0.01,0.01
kin8nm,fixnoiseFCN,32,0.1,0.002,"{0: 0.43656998621926774, 10: 0.3828741854738997, 20: 0.37704764905363336, 30: 0.3741517856387939, 40: 0.3728563723898034, 50: 0.37173580353923874, 60: 0.37149155589172705, 70: 0.3710028042364119, 80: 0.3705370503569304, 90: 0.3705336911279534, 100: 0.37023487868392096, 110: 0.3703701662646265, 120: 0.3701287083293871, 130: 0.3696237135915759, 140: 0.369672531086097, 150: 0.36872049455188644, 160: 0.3686578311080923, 170: 0.36836881713503994, 180: 0.3679826098568812, 190: 0.3675912695881117, 200: 0.36781339702317667, 210: 0.36779585549328997, 220: 0.36753073273588577, 230: 0.36763308045463816, 240: 0.36745718838606783, 250: 0.3678050734424304, 260: 0.36723699326752335, 270: 0.3673476948707196, 280: 0.3672528373162244, 290: 0.367178125709217, 300: 0.36759970645720996, 310: 0.367501624900511, 320: 0.36734918054349375}",290,0.367178125709217,0.05,0.01,0.01
kin8nm,fixnoiseFCN,32,0.1,0.002,"{0: 0.4372666519379659, 10: 0.38091430559170875, 20: 0.37665016921222394, 30: 0.37372767646324123, 40: 0.3735193074888493, 50: 0.3726740456791381, 60: 0.37209899878455527, 70: 0.37065606605515466, 80: 0.37022416832370825, 90: 0.368930765651636, 100: 0.36913673177977085, 110: 0.36846261204018205, 120: 0.36803983342345536, 130: 0.3678449740049691, 140: 0.3677299351517204, 150: 0.36765842922614034, 160: 0.3672056409696147, 170: 0.367729156358305, 180: 0.36740754246202245, 190: 0.367485796831929}",160,0.3672056409696147,0.1,0.01,0.01
kin8nm,fixnoiseFCN,32,0.01,0.0001,"{0: 0.6814090661408506, 10: 0.3074178602942593, 20: 0.21345258436171158, 30: 0.17375504992181998, 40: 0.153927762476664, 50: 0.14163038186099602, 60: 0.13292863110792522, 70: 0.12643506734068485, 80: 0.12141165957968454, 90: 0.11754579991371883, 100: 0.11441073303182125, 110: 0.11185158014492533, 120: 0.10980632943801463, 130: 0.10809890480832518, 140: 0.10669326136745927, 150: 0.10560205835669248, 160: 0.10466283159466654, 170: 0.10385708793777815, 180: 0.10320420701779973, 190: 0.10259496541824856, 200: 0.10208590338632702, 210: 0.10162864417416069, 220: 0.10117060682253602, 230: 0.10076264486981945, 240: 0.10039296446525285, 250: 0.10005623093638778, 260: 0.09971461339996592, 270: 0.09939661579048273, 280: 0.09909365914305157, 290: 0.09882849944555062, 300: 0.09863946196165149, 310: 0.09847724150496671, 320: 0.09829776924461166, 330: 0.09812812777597428, 340: 0.09796519395334402, 350: 0.09780903915771762, 360: 0.09764783713754098, 370: 0.09748579802246704, 380: 0.09737566998093782, 390: 0.09722242180595966, 400: 0.09707175086259685, 410: 0.09694593742518534, 420: 0.09681721876741531, 430: 0.0966846079252968, 440: 0.09657079875030175, 450: 0.09646236811954635, 460: 0.09634577240533668, 470: 0.0962462583901236, 480: 0.09615547723840623, 490: 0.0960963830663369, 500: 0.09601970952775732, 510: 0.09598411413466693, 520: 0.09590311492760557, 530: 0.09584400524009228, 540: 0.09578850089980671, 550: 0.09573793725128046, 560: 0.09570861385776652, 570: 0.09564672627808508, 580: 0.09560018592007101, 590: 0.09556030655592533, 600: 0.09552504897323595, 610: 0.09547540753389341, 620: 0.09545719519180931, 630: 0.09543162299859316, 640: 0.09539149699137592, 650: 0.09535492844724794, 660: 0.09533523836058908, 670: 0.09531779083936841, 680: 0.09526651538747054, 690: 0.09523460821709591, 700: 0.09520369769116208, 710: 0.09515894472628182, 720: 0.0951393165305354, 730: 0.09510365198452594, 740: 0.09507702413092685, 750: 0.09507979063845375, 760: 0.09505020200071838, 770: 0.09502139996127998, 780: 0.09501560425519723, 790: 0.094992655682871, 800: 0.09497155851739633, 810: 0.09496646187772503, 820: 0.09494994439395983, 830: 0.09492769757101935, 840: 0.09490849422693978, 850: 0.09488045550887632, 860: 0.09485142385812784, 870: 0.09484420300378595, 880: 0.09481207178273379, 890: 0.09479482127659017, 900: 0.09475528279081138, 910: 0.0947193641641472, 920: 0.09468597693097099, 930: 0.09464814179687012, 940: 0.0946226893664819, 950: 0.09460968312996654, 960: 0.094579137350058, 970: 0.09455735870548473, 980: 0.09456516329527115, 990: 0.09455516297594721, 1000: 0.09453529975893651, 1010: 0.09453378235653777, 1020: 0.09454620307984986, 1030: 0.0945532700962195, 1040: 0.09454676556912485}",1010,0.09453378235653777,0.001,0.01,0.01
kin8nm,fixnoiseFCN,32,0.01,0.0001,"{0: 0.6920218426002999, 10: 0.305610731125132, 20: 0.21284221383905808, 30: 0.174046799480728, 40: 0.15459944331102154, 50: 0.14230563294471002, 60: 0.13381273705203378, 70: 0.12746763760890073, 80: 0.12245868839503253, 90: 0.11850271982219487, 100: 0.11525875983161049, 110: 0.1126391038625018, 120: 0.11049267283445088, 130: 0.10870285042112812, 140: 0.10735262140496235, 150: 0.10626817626299082, 160: 0.105267399509626, 170: 0.10441515805890081, 180: 0.10368641719020513, 190: 0.10298513384248749, 200: 0.10242164351217145, 210: 0.10199664521673975, 220: 0.10153352665683472, 230: 0.10109948580916557, 240: 0.10068976659304296, 250: 0.10035084748922547, 260: 0.10008262131244872, 270: 0.09981914426902636, 280: 0.09956763985801804, 290: 0.09935506975637565, 300: 0.09916451992428729, 310: 0.09889066438764685, 320: 0.09875657595321799, 330: 0.09859127441163275, 340: 0.09845657515503849, 350: 0.09831725907824229, 360: 0.09820682685238688, 370: 0.09808165581742838, 380: 0.09792653172220327, 390: 0.09786608995083, 400: 0.09774360671688812, 410: 0.09763759262545513, 420: 0.09748963220129361, 430: 0.09743965475881071, 440: 0.09738740002737414, 450: 0.09728453573276905, 460: 0.09719726199391861, 470: 0.09717265640489477, 480: 0.09712723577566433, 490: 0.09705381905959472, 500: 0.096957027459487, 510: 0.09691519889482933, 520: 0.0969158925780589, 530: 0.09679101716500235, 540: 0.09680377585765564, 550: 0.09672155666051178, 560: 0.09668005313733063, 570: 0.0966608181810026, 580: 0.09663514151153466, 590: 0.0965997517853138, 600: 0.09660414011697135, 610: 0.09654695171261708, 620: 0.09650854142028077, 630: 0.09644260117272564, 640: 0.09645465405675967, 650: 0.09638461932684057, 660: 0.0963747160587402, 670: 0.09633737981929733, 680: 0.09634462989216472, 690: 0.09633389070646994, 700: 0.09629616987404085, 710: 0.09625861135743816, 720: 0.0962429013540496, 730: 0.09623307130539875, 740: 0.09619091426257394, 750: 0.09613679828759322, 760: 0.09613741202224102, 770: 0.09610076453849385, 780: 0.09605642114859729, 790: 0.09607266339346103, 800: 0.0960660236237689, 810: 0.09606792627513257}",780,0.09605642114859729,0.005,0.01,0.01
kin8nm,fixnoiseFCN,32,0.01,0.0001,"{0: 0.6938108926457268, 10: 0.3014388912609486, 20: 0.2154204441573186, 30: 0.17730128245361862, 40: 0.15772957966175427, 50: 0.14519592776977952, 60: 0.13608565960301616, 70: 0.12903808371862988, 80: 0.12322404424615838, 90: 0.11877686501001536, 100: 0.11529702578112241, 110: 0.11256796528351329, 120: 0.11034094141592625, 130: 0.1086327209480191, 140: 0.1071386141815833, 150: 0.10591423721611666, 160: 0.10486733911845625, 170: 0.10402094374721953, 180: 0.1033811341839818, 190: 0.10282893369056571, 200: 0.10231228488898428, 210: 0.10183457997218497, 220: 0.10143613671505569, 230: 0.10109177840928316, 240: 0.1007083061062477, 250: 0.10048186228961212, 260: 0.1002012185686754, 270: 0.0999658340234164, 280: 0.0997840295507412, 290: 0.09949384119008961, 300: 0.0993117564093156, 310: 0.09909468793024653, 320: 0.0989654071918991, 330: 0.09877127544683309, 340: 0.09858479386234509, 350: 0.09846826387839029, 360: 0.09842354997201477, 370: 0.09825992837472337, 380: 0.09817077079457437, 390: 0.09807633582067973, 400: 0.09790817669161775, 410: 0.09774104227397107, 420: 0.09758989619653687, 430: 0.09762348145956247, 440: 0.09751559695741381, 450: 0.09748816284766879, 460: 0.09736910102388621, 470: 0.09737077310374455, 480: 0.0973464654142103, 490: 0.09730011024637612, 500: 0.09723331291995169, 510: 0.09719516288660575, 520: 0.09709980095826316, 530: 0.09710052003539635, 540: 0.09707810983567546, 550: 0.09701701156858233, 560: 0.09715719809702072, 570: 0.09694318450002509, 580: 0.09697063626615679, 590: 0.0969857236154531, 600: 0.09696802914548323}",570,0.09694318450002509,0.01,0.01,0.01
kin8nm,fixnoiseFCN,32,0.01,0.0001,"{0: 0.698489066907045, 10: 0.310481902531764, 20: 0.2201585635015944, 30: 0.17979341918148534, 40: 0.15978819334279873, 50: 0.1472346673373813, 60: 0.1383702704147281, 70: 0.13138170738526284, 80: 0.12589186244650358, 90: 0.12165047734050724, 100: 0.11800313574510324, 110: 0.11507290984953807, 120: 0.11275534144692283, 130: 0.11061810024735785, 140: 0.10916196834775649, 150: 0.10777260625557132, 160: 0.10670183805551656, 170: 0.10564821159071029, 180: 0.10453694139075113, 190: 0.10406125789649576, 200: 0.10304694209318173, 210: 0.10281606541590042, 220: 0.10200602361548883, 230: 0.10199917471958556, 240: 0.10126845901930821, 250: 0.10097597340783353, 260: 0.10067792366138548, 270: 0.1003335937978839, 280: 0.10015747698691693, 290: 0.09984013523360477, 300: 0.09972733732054813, 310: 0.09947908720173036, 320: 0.09945537968794209, 330: 0.0992697023442223, 340: 0.09904530098716453, 350: 0.09905500654360647, 360: 0.09870803723146618, 370: 0.09841774254436024, 380: 0.09842366073139384, 390: 0.09810253294657187, 400: 0.0979524468227497, 410: 0.0979827978972408, 420: 0.09767851021407985, 430: 0.0976734627084239, 440: 0.09794661988327572, 450: 0.09777515536607234, 460: 0.0980656970089364}",430,0.0976734627084239,0.05,0.01,0.01
kin8nm,fixnoiseFCN,32,0.01,0.0001,"{0: 0.6838871625648016, 10: 0.31122319084585087, 20: 0.22249262420906, 30: 0.1847848202505715, 40: 0.16526867983898125, 50: 0.1531653557526977, 60: 0.14370069194398866, 70: 0.13724705204068383, 80: 0.13145040484152432, 90: 0.12678082469097546, 100: 0.12335208038715655, 110: 0.1204847352594817, 120: 0.11760414269236845, 130: 0.11594390272420878, 140: 0.1140576880467578, 150: 0.11308023378142358, 160: 0.11217827761753393, 170: 0.11095324956400583, 180: 0.10974991203324816, 190: 0.10867818871530525, 200: 0.10780461163286262, 210: 0.10763713466148728, 220: 0.10701366847218667, 230: 0.10637535739140298, 240: 0.10578650114439678, 250: 0.10536573895956361, 260: 0.10517329826743918, 270: 0.10514046786025681, 280: 0.10457562534144253, 290: 0.10363188279658234, 300: 0.1034296139849626, 310: 0.10350470283499913, 320: 0.10327879190080706, 330: 0.10304834090780643, 340: 0.10230116577722885, 350: 0.10241508625543409, 360: 0.10234884588829238, 370: 0.10272142308567164}",340,0.10230116577722885,0.1,0.01,0.01
kin8nm,fixnoiseFCN,32,0.01,0.0005,"{0: 0.4434263874436154, 10: 0.1507506739158248, 20: 0.12472774710045238, 30: 0.11500320857792583, 40: 0.11096373216699465, 50: 0.10873433042191798, 60: 0.10740208289900818, 70: 0.10661828243800164, 80: 0.10606952563130971, 90: 0.10537291517043575, 100: 0.10483165143939555, 110: 0.10447316080850659, 120: 0.10411983464773807, 130: 0.10383005850012776, 140: 0.10353275612068058, 150: 0.10330359035264466, 160: 0.10315391926218412, 170: 0.10309149982360348, 180: 0.10308148912891671, 190: 0.10285833383369729, 200: 0.10283551129048865, 210: 0.10273434140123716, 220: 0.10262631374751019, 230: 0.1025130872065799, 240: 0.10244443968024927, 250: 0.10247458765559998, 260: 0.10244862317355578, 270: 0.102342779393756, 280: 0.10225133206129718, 290: 0.10230454583868358, 300: 0.1022290834866501, 310: 0.1021350126834053, 320: 0.10217744622914253, 330: 0.10210528429453866, 340: 0.1020834735975877, 350: 0.10216300989721308, 360: 0.10202433089470761, 370: 0.10204679762640825, 380: 0.10191924189098253, 390: 0.10193399825294391, 400: 0.10193883552126523, 410: 0.10190899152971915, 420: 0.10196556308269937, 430: 0.10198153116231815, 440: 0.1019856421788324}",410,0.10190899152971915,0.001,0.01,0.01
kin8nm,fixnoiseFCN,32,0.01,0.0005,"{0: 0.45344508713339743, 10: 0.15014050000058504, 20: 0.12439477180257193, 30: 0.11480158011218003, 40: 0.11016189243980715, 50: 0.10807934799919786, 60: 0.10654834367355623, 70: 0.10544582495216848, 80: 0.10480917252819666, 90: 0.10431299320342488, 100: 0.10389743273306526, 110: 0.10353842566275347, 120: 0.1032671224503942, 130: 0.10301258811387208, 140: 0.10306583461770893, 150: 0.10284783357324243, 160: 0.10268627770133798, 170: 0.1024819140779893, 180: 0.1024742488649644, 190: 0.10253439937486283, 200: 0.10231811884219462, 210: 0.10222102748706038, 220: 0.10209840671519506, 230: 0.1021185995293383, 240: 0.10207059697571605, 250: 0.10204051911452605, 260: 0.1019011854018805, 270: 0.10182793608629617, 280: 0.10195981106840801, 290: 0.10185279681823549, 300: 0.1018294583939318}",270,0.10182793608629617,0.005,0.01,0.01
kin8nm,fixnoiseFCN,32,0.01,0.0005,"{0: 0.4402559775100941, 10: 0.15073217076377177, 20: 0.12383072045607538, 30: 0.11347139248310516, 40: 0.10898703262421514, 50: 0.10693958116272098, 60: 0.10567952760136703, 70: 0.10462767382503427, 80: 0.10410973245865132, 90: 0.1038345168297794, 100: 0.10348094970849275, 110: 0.10313198264352927, 120: 0.10297421918648801, 130: 0.10291950707331046, 140: 0.10294385004073321, 150: 0.10299138855993942, 160: 0.10300262448523798}",130,0.10291950707331046,0.01,0.01,0.01
kin8nm,fixnoiseFCN,32,0.01,0.0005,"{0: 0.4427421952167082, 10: 0.15138968901877514, 20: 0.12474601197644357, 30: 0.11384010809492917, 40: 0.11121458796334109, 50: 0.10820028073191293, 60: 0.10694069376901316, 70: 0.10663927415119982, 80: 0.10546126685859629, 90: 0.10494402590314351, 100: 0.10684928052198206, 110: 0.10582722818219437, 120: 0.10518925368878176}",90,0.10494402590314351,0.05,0.01,0.01
kin8nm,fixnoiseFCN,32,0.01,0.0005,"{0: 0.4429151983048457, 10: 0.15558504681473773, 20: 0.1281974370794743, 30: 0.11779581476895204, 40: 0.11366271324440598, 50: 0.11167160912476293, 60: 0.1094044470272391, 70: 0.110047704126603, 80: 0.10796374350393163, 90: 0.10655492040336886, 100: 0.10722542415612157, 110: 0.10601901113028211, 120: 0.10628000756777392, 130: 0.10711326356880502, 140: 0.1061937579657338}",110,0.10601901113028211,0.1,0.01,0.01
kin8nm,fixnoiseFCN,32,0.01,0.001,"{0: 0.3699533506967689, 10: 0.13090784521869797, 20: 0.11631613682978777, 30: 0.1125017315315463, 40: 0.11106220149150052, 50: 0.11022864844082694, 60: 0.10961807843569923, 70: 0.10918808001344975, 80: 0.10854941818170483, 90: 0.10819553411076825, 100: 0.10779781446312478, 110: 0.1073903190223053, 120: 0.1074257430307723, 130: 0.10714015060003668, 140: 0.1072369636915769, 150: 0.1070315369046797, 160: 0.10704852963012787, 170: 0.10706066937409173, 180: 0.10696843123205664, 190: 0.10718676943198142, 200: 0.1069571595024783, 210: 0.10717711114805195, 220: 0.10714699418522793, 230: 0.10689302457851624, 240: 0.10683493588759271, 250: 0.10695977537795565, 260: 0.10687068081277065, 270: 0.10676078888199862, 280: 0.10639510063618984, 290: 0.10642801885951822, 300: 0.1064070061375109, 310: 0.10631538724821343, 320: 0.10617821023657462, 330: 0.10620371801186121, 340: 0.10563805939875079, 350: 0.10603079525807271, 360: 0.10588576823141534, 370: 0.10612259514149984}",340,0.10563805939875079,0.001,0.01,0.01
kin8nm,fixnoiseFCN,32,0.01,0.001,"{0: 0.3589191100991692, 10: 0.13633282931393503, 20: 0.12071287488450763, 30: 0.11474937632138957, 40: 0.11220289792959157, 50: 0.11056578940413384, 60: 0.10949408965379237, 70: 0.1087520153646212, 80: 0.10820525888378119, 90: 0.10763185578394552, 100: 0.10744722578696311, 110: 0.1073566109175101, 120: 0.10707961436530548, 130: 0.10701678920483068, 140: 0.10687577390447825, 150: 0.10676780165503878, 160: 0.1063809648522576, 170: 0.10619209344589838, 180: 0.10604671206335292, 190: 0.10597365845972087, 200: 0.1060303873432582, 210: 0.10572369028810487, 220: 0.10550862030649973, 230: 0.10540640934298166, 240: 0.10543901299592977, 250: 0.10551698594800399, 260: 0.10559944408850433}",230,0.10540640934298166,0.005,0.01,0.01
kin8nm,fixnoiseFCN,32,0.01,0.001,"{0: 0.3614385981146709, 10: 0.13307070546957792, 20: 0.11750936035011379, 30: 0.11331671603020319, 40: 0.11126646125642199, 50: 0.10980998723183404, 60: 0.10931163737405296, 70: 0.10826678230750042, 80: 0.10776206587578088, 90: 0.107439541241624, 100: 0.10724126592296095, 110: 0.1066591483556697, 120: 0.10690917465019587, 130: 0.10655970024345254, 140: 0.10604055103249768, 150: 0.10596394221272025, 160: 0.10611994441385146, 170: 0.10600422688271174, 180: 0.10574753909425919, 190: 0.1056758157592926, 200: 0.10568728279127533, 210: 0.1058794268649236, 220: 0.10570815840195649}",190,0.1056758157592926,0.01,0.01,0.01
kin8nm,fixnoiseFCN,32,0.01,0.001,"{0: 0.3568075330355939, 10: 0.1354249193101271, 20: 0.12014228472982424, 30: 0.11555456226999024, 40: 0.11288492633810412, 50: 0.11206570546940312, 60: 0.11052784899476813, 70: 0.10973889449481322, 80: 0.10864516777178904, 90: 0.10889822509241051, 100: 0.1076099133107354, 110: 0.10785986341332103, 120: 0.10604521448798335, 130: 0.10649258643492865, 140: 0.10545378111025767, 150: 0.10587710077966772, 160: 0.1071526886469765, 170: 0.10621991878155299}",140,0.10545378111025767,0.05,0.01,0.01
kin8nm,fixnoiseFCN,32,0.01,0.001,"{0: 0.35725114021815974, 10: 0.13409635759161728, 20: 0.12089231629932277, 30: 0.115457226344691, 40: 0.11498185200952726, 50: 0.11103506805965255, 60: 0.11008887903919407, 70: 0.10860795050924525, 80: 0.10862392232366118, 90: 0.10933033150829033, 100: 0.10949434709040781}",70,0.10860795050924525,0.1,0.01,0.01
kin8nm,fixnoiseFCN,32,0.01,0.002,"{0: 0.29071290648672254, 10: 0.14036513656205996, 20: 0.1272673740503336, 30: 0.12257985639632603, 40: 0.1193483533290232, 50: 0.11752097255568834, 60: 0.11641394827641978, 70: 0.11461998139500688, 80: 0.11386606147258063, 90: 0.11396548476035392, 100: 0.11255759783969958, 110: 0.1127727283723647, 120: 0.1126266197734492, 130: 0.11210213403229126, 140: 0.11171981997306708, 150: 0.11162328882423037, 160: 0.11149914636292524, 170: 0.11105086307271454, 180: 0.11088258766568042, 190: 0.11096351696752585, 200: 0.11049568224156173, 210: 0.11009063809748107, 220: 0.11072663074051899, 230: 0.11024836753217122, 240: 0.11073877023956868}",210,0.11009063809748107,0.001,0.01,0.01
kin8nm,fixnoiseFCN,32,0.01,0.002,"{0: 0.3041938188954348, 10: 0.1369366356651175, 20: 0.12314546966490122, 30: 0.11864141546688382, 40: 0.1158260132770502, 50: 0.11423118537396101, 60: 0.11355051371011807, 70: 0.1131340925192883, 80: 0.11306809671461031, 90: 0.11290770806306352, 100: 0.112850014505574, 110: 0.11286742656844295, 120: 0.11230170808961266, 130: 0.11257950025065874, 140: 0.112504758632018, 150: 0.11217460116345494, 160: 0.11228091627131198, 170: 0.11219059608195295, 180: 0.11224461057696222}",150,0.11217460116345494,0.005,0.01,0.01
kin8nm,fixnoiseFCN,32,0.01,0.002,"{0: 0.29065455439308463, 10: 0.13496619979714036, 20: 0.12240403422428636, 30: 0.11777457688257893, 40: 0.1151804661588629, 50: 0.11406537279680402, 60: 0.11351599524795944, 70: 0.11279356488715568, 80: 0.11256970784053758, 90: 0.1124824297759158, 100: 0.11226467660480785, 110: 0.11210110162207543, 120: 0.11214649197189226, 130: 0.11155492294722365, 140: 0.11145441836040922, 150: 0.11144047777289756, 160: 0.1114706378832411, 170: 0.11134129387503404, 180: 0.11127928914865322, 190: 0.11119921711035012, 200: 0.11089994564078665, 210: 0.11066302587893002, 220: 0.1106331336924122, 230: 0.11078874206255915, 240: 0.11093064252675403, 250: 0.11082158053953836}",220,0.1106331336924122,0.01,0.01,0.01
kin8nm,fixnoiseFCN,32,0.01,0.002,"{0: 0.3008388756503573, 10: 0.13693164428864027, 20: 0.12218118162864433, 30: 0.11939853777616138, 40: 0.11686921227423999, 50: 0.11481340387686159, 60: 0.11456478022623777, 70: 0.1145235451370624, 80: 0.11238516888795899, 90: 0.11294703219830268, 100: 0.11368490742812884, 110: 0.11249396147103034}",80,0.11238516888795899,0.05,0.01,0.01
kin8nm,fixnoiseFCN,32,0.01,0.002,"{0: 0.30759879722639694, 10: 0.1384833282607701, 20: 0.12698706227316142, 30: 0.12228626234410098, 40: 0.12103463848837445, 50: 0.11796668211585222, 60: 0.11813795967823411, 70: 0.1158616877413307, 80: 0.11632902690830486, 90: 0.11408263974819126, 100: 0.11315693526301782, 110: 0.11340652823493125, 120: 0.11258157827091579, 130: 0.11352262820031891, 140: 0.11226825537858706, 150: 0.11116303197432567, 160: 0.11303958610196588, 170: 0.11321589198862474, 180: 0.1121769927174238}",150,0.11116303197432567,0.1,0.01,0.01
kin8nm,fixnoiseFCN,32,0.001,0.0001,"{0: 0.7037169717724371, 10: 0.28980846980205915, 20: 0.19173027609319554, 30: 0.15633301848231135, 40: 0.13566844951024443, 50: 0.1217304886014265, 60: 0.11182123853668927, 70: 0.10469605377136056, 80: 0.09959326569407831, 90: 0.09586319813525282, 100: 0.09303875401747892, 110: 0.09086307621599107, 120: 0.08917889711185327, 130: 0.08775351613688501, 140: 0.08662604703314811, 150: 0.08570214015182724, 160: 0.08491601719416765, 170: 0.084259697029226, 180: 0.08369700224875798, 190: 0.08316277936992474, 200: 0.08270484550362082, 210: 0.08230713398217684, 220: 0.0819051732823311, 230: 0.08156617940731858, 240: 0.08126276092349353, 250: 0.0809620869670989, 260: 0.08075738902181966, 270: 0.08056899808584313, 280: 0.08034543199875133, 290: 0.08011312429812001, 300: 0.07994011833361354, 310: 0.07976073454680967, 320: 0.07964861320127739, 330: 0.07940143578226717, 340: 0.07922270681409124, 350: 0.07906484965351325, 360: 0.07888872897871695, 370: 0.07881312874058818, 380: 0.07873887778973909, 390: 0.07861751182325721, 400: 0.07851593441891902, 410: 0.07849272843509417, 420: 0.07843840387412918, 430: 0.07839011087015936, 440: 0.07832775620771884, 450: 0.07833632240541283, 460: 0.07830292734559431, 470: 0.07822941437717715, 480: 0.07819575357281719, 490: 0.07810944167066382, 500: 0.07808405707659005, 510: 0.07800682494876592, 520: 0.07795137713067989, 530: 0.07789860860225539, 540: 0.07788536997207557, 550: 0.07780785933377453, 560: 0.07781731635581558, 570: 0.07779799705666535, 580: 0.07773512263692688, 590: 0.07767336727428796, 600: 0.07762961633418278, 610: 0.07761205248584005, 620: 0.0775826937219883, 630: 0.07754448005496706, 640: 0.07754885680564907, 650: 0.07747192944987072, 660: 0.07748983669207846, 670: 0.07747407785692935, 680: 0.07754215441896462}",650,0.07747192944987072,0.001,0.01,0.01
kin8nm,fixnoiseFCN,32,0.001,0.0001,"{0: 0.6701061347254871, 10: 0.28602197356250464, 20: 0.19432294625767735, 30: 0.1552975964107848, 40: 0.1330277249644578, 50: 0.11868260237782277, 60: 0.10891313921097275, 70: 0.10221018270938657, 80: 0.09734375240029637, 90: 0.09369747818252269, 100: 0.0909507640118435, 110: 0.08877766151752162, 120: 0.08705741616310454, 130: 0.08558372340295861, 140: 0.0844145805336261, 150: 0.0834247482645147, 160: 0.08253932954471527, 170: 0.08185777298134914, 180: 0.08134236271138706, 190: 0.08064609493583785, 200: 0.08024738209729751, 210: 0.07975522142808536, 220: 0.07934753664557759, 230: 0.07896670994114596, 240: 0.07859599820866271, 250: 0.07844819759397617, 260: 0.07826577989205677, 270: 0.0779465644323883, 280: 0.07783916129404561, 290: 0.07760405763347131, 300: 0.077353076790509, 310: 0.07734326827138928, 320: 0.07707745363359371, 330: 0.07707864284558155, 340: 0.07661568740510932, 350: 0.07672301859494943, 360: 0.07649076551993383, 370: 0.07664648397803517, 380: 0.0764192856105659, 390: 0.07624045229306545, 400: 0.07622324785915073, 410: 0.07604311768844033, 420: 0.07613516641761872, 430: 0.0760908719887891, 440: 0.07594378869079971, 450: 0.07594805416611457, 460: 0.07582998874335789, 470: 0.07585775635888511, 480: 0.07582518228250561, 490: 0.07592663031415559, 500: 0.07579214414202677, 510: 0.07574728413668222, 520: 0.07569230699549459, 530: 0.07577311803340796, 540: 0.07562947299524067, 550: 0.07563953329926398, 560: 0.07555568874483318, 570: 0.07554155719041829, 580: 0.07584511045251888, 590: 0.07542091295597272, 600: 0.07547472605332584, 610: 0.07525628214042691, 620: 0.07529220834687651, 630: 0.07537772133645863, 640: 0.07513539046028207, 650: 0.07508352521222048, 660: 0.07512112882875831, 670: 0.07519136279316163, 680: 0.07521952549857791}",650,0.07508352521222048,0.005,0.01,0.01
kin8nm,fixnoiseFCN,32,0.001,0.0001,"{0: 0.6883368709629815, 10: 0.28095223714626666, 20: 0.18802114792914798, 30: 0.15403235498300455, 40: 0.1346254783238457, 50: 0.12170475647123549, 60: 0.11246133216807341, 70: 0.10575825761516582, 80: 0.10064726507917568, 90: 0.09672964186426035, 100: 0.0934346630664987, 110: 0.09093036199609698, 120: 0.08884024566638395, 130: 0.0871294503497301, 140: 0.0858165912653794, 150: 0.08475936146812438, 160: 0.08369705288725603, 170: 0.08288471787925879, 180: 0.08179684460682146, 190: 0.08142108059903264, 200: 0.08095353339071736, 210: 0.0802882817199144, 220: 0.08005091159631024, 230: 0.07950892122180958, 240: 0.0792461940647126, 250: 0.07868203112140251, 260: 0.07853821286132341, 270: 0.07848657176736097, 280: 0.07788998711721967, 290: 0.07771843458410184, 300: 0.07769457817118416, 310: 0.07766624519271832, 320: 0.07712837756515808, 330: 0.07732803793954998, 340: 0.07727690432594808, 350: 0.07679860915213892, 360: 0.07667338464705568, 370: 0.07644216307497968, 380: 0.07637175792734659, 390: 0.07657627615358181, 400: 0.07630862396129154, 410: 0.0761109399176991, 420: 0.07642027013764281, 430: 0.07652120312712285, 440: 0.07593569209337678, 450: 0.07625417662245959, 460: 0.07571001464525566, 470: 0.07599809889492656, 480: 0.07581325543580061, 490: 0.07588738658802933}",460,0.07571001464525566,0.01,0.01,0.01
kin8nm,fixnoiseFCN,32,0.001,0.0001,"{0: 0.6828613986286103, 10: 0.2894578744614158, 20: 0.19459969069313918, 30: 0.15530776508186975, 40: 0.13383088173251406, 50: 0.11994526475370175, 60: 0.1105983570904018, 70: 0.10386404888529273, 80: 0.09837389790853412, 90: 0.0948690301498141, 100: 0.09157618433872546, 110: 0.0894987455912999, 120: 0.08796264955455338, 130: 0.08682463728216164, 140: 0.08411037367628932, 150: 0.08366784403215996, 160: 0.08182925961244322, 170: 0.08104309942831459, 180: 0.08018838224938071, 190: 0.08039160683617054, 200: 0.07999485849502869, 210: 0.07912139248065878, 220: 0.07839563290289137, 230: 0.07752382289785732, 240: 0.07656547537824979, 250: 0.07694691442365623, 260: 0.07583203744049735, 270: 0.07561942013213144, 280: 0.07571994770149403, 290: 0.07687423218095084, 300: 0.0749366228511061, 310: 0.07571229785504899, 320: 0.07461513216562768, 330: 0.07439546945953124, 340: 0.07421718730318605, 350: 0.07380187815265496, 360: 0.07392278600914728, 370: 0.07337715193020258, 380: 0.07392455476469761, 390: 0.07341185095310249, 400: 0.07332974030996744, 410: 0.0734261034187085, 420: 0.07371500808259021, 430: 0.07267177620729376, 440: 0.07367479708439657, 450: 0.07263843419489764, 460: 0.07209497815233348, 470: 0.07271527799158925, 480: 0.07367152818299014, 490: 0.07270853898734166}",460,0.07209497815233348,0.05,0.01,0.01
kin8nm,fixnoiseFCN,32,0.001,0.0001,"{0: 0.6965092015578287, 10: 0.2907084663613667, 20: 0.19615063450927236, 30: 0.16038086315969244, 40: 0.1396286748742774, 50: 0.12432973949947324, 60: 0.11521633914283505, 70: 0.10698998089394321, 80: 0.10229989927883157, 90: 0.09846566484585575, 100: 0.09498342525119925, 110: 0.09197548999478589, 120: 0.08985767382879888, 130: 0.0880009812766608, 140: 0.08646301159405854, 150: 0.08534177263524766, 160: 0.08441258242438578, 170: 0.08320495122279503, 180: 0.08190220383696659, 190: 0.08140563029837597, 200: 0.08007692237005967, 210: 0.0804772795195218, 220: 0.08067444750480021, 230: 0.07951881706344836, 240: 0.0774977521429598, 250: 0.07945629765582743, 260: 0.07682405359235915, 270: 0.07554450538908056, 280: 0.07593093913799134, 290: 0.07473288363879338, 300: 0.07526306281643498, 310: 0.07542682439398053, 320: 0.0759246715536907}",290,0.07473288363879338,0.1,0.01,0.01
kin8nm,fixnoiseFCN,32,0.001,0.0005,"{0: 0.4207518394896736, 10: 0.11980990866797459, 20: 0.09472541302611917, 30: 0.08697490180611701, 40: 0.08355337561355643, 50: 0.08155932060149104, 60: 0.08028400949203374, 70: 0.07941118307191417, 80: 0.0788301747777719, 90: 0.07824261599558432, 100: 0.0778080182938562, 110: 0.0774610020540088, 120: 0.07715082888726493, 130: 0.07701553680428316, 140: 0.07689893037650293, 150: 0.0768434010641927, 160: 0.07692786713167729, 170: 0.07720955401285921, 180: 0.07730210879690222}",150,0.0768434010641927,0.001,0.01,0.01
kin8nm,fixnoiseFCN,32,0.001,0.0005,"{0: 0.4171384781320251, 10: 0.12607590436850394, 20: 0.09956273197917949, 30: 0.0918942501496749, 40: 0.08844581033381603, 50: 0.08647783240524834, 60: 0.08456293203166534, 70: 0.0834420301083892, 80: 0.08165677932887341, 90: 0.08110376744716756, 100: 0.0810866771782363, 110: 0.08030794848373851, 120: 0.0803251673653633, 130: 0.08057092073909061, 140: 0.08057169510283847}",110,0.08030794848373851,0.005,0.01,0.01
kin8nm,fixnoiseFCN,32,0.001,0.0005,"{0: 0.43150695600357547, 10: 0.12577882354592745, 20: 0.09948622893596042, 30: 0.09111522905642597, 40: 0.08739176199151714, 50: 0.08480996568152085, 60: 0.0833770554628662, 70: 0.08233072276871761, 80: 0.08146857098252432, 90: 0.08150561480205228, 100: 0.08069481199963262, 110: 0.0808272422645791, 120: 0.08020781454518915, 130: 0.08020793725969139, 140: 0.07996401700553928, 150: 0.08033384072886879, 160: 0.08006114834199843, 170: 0.07957991573397154, 180: 0.07980904282199905, 190: 0.07965261276789085, 200: 0.07963016043099774}",170,0.07957991573397154,0.01,0.01,0.01
kin8nm,fixnoiseFCN,32,0.001,0.0005,"{0: 0.4285004519942035, 10: 0.12862802156877087, 20: 0.09936206138564499, 30: 0.09099880669090785, 40: 0.0856090060481847, 50: 0.085595997098499, 60: 0.08402554790924248, 70: 0.08274812180928744, 80: 0.08233866330305283, 90: 0.08344199881531904, 100: 0.0826206500347734, 110: 0.07950279907958038, 120: 0.07991629404776981, 130: 0.08058132875844062, 140: 0.07697598922381137, 150: 0.07806780907624747, 160: 0.0784384362133547, 170: 0.0778981709706075}",140,0.07697598922381137,0.05,0.01,0.01
kin8nm,fixnoiseFCN,32,0.001,0.0005,"{0: 0.43293705458434995, 10: 0.13121056762752786, 20: 0.10021363731240221, 30: 0.09397864863165335, 40: 0.0857238173815135, 50: 0.07997016857850281, 60: 0.07782546229811353, 70: 0.07745251415509151, 80: 0.08042498690257724, 90: 0.07764696128451527, 100: 0.07466574403415485, 110: 0.07488800127891364, 120: 0.0757470354866466, 130: 0.07312226930411665, 140: 0.07354284760728104, 150: 0.07512605023053276, 160: 0.07656317929465786}",130,0.07312226930411665,0.1,0.01,0.01
kin8nm,fixnoiseFCN,32,0.001,0.001,"{0: 0.34509752528941806, 10: 0.10580834874183956, 20: 0.09496024518514963, 30: 0.09146867641469206, 40: 0.08860033050920892, 50: 0.08660838150066393, 60: 0.08622010079980831, 70: 0.08529139245441988, 80: 0.08420469482429493, 90: 0.08387388749633226, 100: 0.08328499863266932, 110: 0.0830130056416227, 120: 0.08254332982011195, 130: 0.08210574608442463, 140: 0.0815871782612975, 150: 0.08132291589775094, 160: 0.0807490081046899, 170: 0.08072333399732437, 180: 0.08038939197044662, 190: 0.08036287663352956, 200: 0.0805032103259213, 210: 0.08036462722942232, 220: 0.08080457018580504}",190,0.08036287663352956,0.001,0.01,0.01
kin8nm,fixnoiseFCN,32,0.001,0.001,"{0: 0.339637871603828, 10: 0.10701593527119871, 20: 0.09398007486494742, 30: 0.08908621320856176, 40: 0.08598610776959806, 50: 0.08377365291199486, 60: 0.08219235149524835, 70: 0.0815316308337535, 80: 0.0803161698811903, 90: 0.08001312244694936, 100: 0.0795576421283367, 110: 0.07882571220910385, 120: 0.07886650542782056, 130: 0.07878428295924621, 140: 0.0783892726974703, 150: 0.07825063410019907, 160: 0.07848882597396382, 170: 0.07848153057749949, 180: 0.07890714443655701}",150,0.07825063410019907,0.005,0.01,0.01
kin8nm,fixnoiseFCN,32,0.001,0.001,"{0: 0.3462561680521697, 10: 0.10456163257380413, 20: 0.09209429537984953, 30: 0.08781359658517998, 40: 0.08590423964574509, 50: 0.08505095409814836, 60: 0.08295127253870489, 70: 0.08179423140169578, 80: 0.08113471216130787, 90: 0.07940309501771345, 100: 0.07983990227454368, 110: 0.07877298244553989, 120: 0.0787953067156321, 130: 0.07846709813575345, 140: 0.07819381806040059, 150: 0.07810272097383861, 160: 0.07737773209506058, 170: 0.07763913137514664, 180: 0.07767068825862086, 190: 0.07707334757716594, 200: 0.07788618855325033, 210: 0.07725635618350238, 220: 0.07751383614471138}",190,0.07707334757716594,0.01,0.01,0.01
kin8nm,fixnoiseFCN,32,0.001,0.001,"{0: 0.358747177430659, 10: 0.10618713592494333, 20: 0.09138765245819724, 30: 0.08645447210367463, 40: 0.08441113209300022, 50: 0.08330079003834726, 60: 0.08068865471492172, 70: 0.07999718672627441, 80: 0.08192754521841472, 90: 0.08037790934703086, 100: 0.08012950164465442}",70,0.07999718672627441,0.05,0.01,0.01
kin8nm,fixnoiseFCN,32,0.001,0.001,"{0: 0.33776051864730516, 10: 0.10966973308903205, 20: 0.09428365859049341, 30: 0.08835494313778183, 40: 0.08423573004708756, 50: 0.0798472220514755, 60: 0.08109999066673482, 70: 0.07666771309245796, 80: 0.07967914869063095, 90: 0.07739164436232368, 100: 0.0793001292919858}",70,0.07666771309245796,0.1,0.01,0.01
kin8nm,fixnoiseFCN,32,0.001,0.002,"{0: 0.2634700519583774, 10: 0.10336026392795586, 20: 0.09334931188793802, 30: 0.08964960141719278, 40: 0.08923487554428815, 50: 0.08655994741042258, 60: 0.08440006957799917, 70: 0.08331813415712361, 80: 0.08255590072391827, 90: 0.08245215051685617, 100: 0.0816565971589688, 110: 0.08191451966281169, 120: 0.08144189311620635, 130: 0.08186013817998271, 140: 0.0817056658553766, 150: 0.08275955708345203}",120,0.08144189311620635,0.001,0.01,0.01
kin8nm,fixnoiseFCN,32,0.001,0.002,"{0: 0.26668971469600333, 10: 0.09883356456947552, 20: 0.09143521336482312, 30: 0.0898595883232283, 40: 0.08835438998113461, 50: 0.08707982219552053, 60: 0.08626306130518943, 70: 0.08537609593712606, 80: 0.08414560567422434, 90: 0.0850125994923766, 100: 0.08394736271803124, 110: 0.08318337824177771, 120: 0.08345649791788223, 130: 0.08324453131355625, 140: 0.08260250954163821, 150: 0.0825241161051553, 160: 0.08135547391586014, 170: 0.08106606425212445, 180: 0.08056361559807756, 190: 0.08090865463354632, 200: 0.0802318472625003, 210: 0.08053422051734785, 220: 0.08047224074745203, 230: 0.08021234101878079, 240: 0.08068710102846055, 250: 0.08061744122621564, 260: 0.0804907988031125}",230,0.08021234101878079,0.005,0.01,0.01
kin8nm,fixnoiseFCN,32,0.001,0.002,"{0: 0.2642055537830475, 10: 0.09954387369565888, 20: 0.09165270259234595, 30: 0.08793693340109406, 40: 0.0867147479984309, 50: 0.08676953283082821, 60: 0.08550216004584485, 70: 0.08491866111128925, 80: 0.08385560527167712, 90: 0.08317617726272993, 100: 0.08299634618210444, 110: 0.0834757291019088, 120: 0.08309640382440749, 130: 0.0828538558292445, 140: 0.08358131967646379, 150: 0.08343334846169101, 160: 0.0838196333807658}",130,0.0828538558292445,0.01,0.01,0.01
kin8nm,fixnoiseFCN,32,0.001,0.002,"{0: 0.2759216208800316, 10: 0.09832687429936814, 20: 0.0898287863824381, 30: 0.0899931092469474, 40: 0.0853305828147289, 50: 0.08674516027193664, 60: 0.0844572449191349, 70: 0.08244604342840489, 80: 0.08134796241023087, 90: 0.08257419816919409, 100: 0.08053992061975698, 110: 0.0803624949395546, 120: 0.08010589333388414, 130: 0.07862717716925739, 140: 0.08227198361537993, 150: 0.07990146001024875, 160: 0.08132728847094961}",130,0.07862717716925739,0.05,0.01,0.01
kin8nm,fixnoiseFCN,32,0.001,0.002,"{0: 0.2652356847721482, 10: 0.10469097321337059, 20: 0.08920391018098094, 30: 0.08713466133286284, 40: 0.0890405797015157, 50: 0.0833363216684196, 60: 0.09120500550671921, 70: 0.08259246462458894, 80: 0.08428545446698921, 90: 0.08145787913935551, 100: 0.08411003378466961, 110: 0.0794469831605972, 120: 0.0826991259153342, 130: 0.08465610387444107, 140: 0.08136791047569643}",110,0.0794469831605972,0.1,0.01,0.01
kin8nm,fixnoiseFCN,32,0.0001,0.0001,"{0: 0.6954627042241694, 10: 0.28036705445082644, 20: 0.18929117465989123, 30: 0.1533080920861674, 40: 0.13293075724131695, 50: 0.11957397330830835, 60: 0.11052246528258702, 70: 0.1042991933688576, 80: 0.09986271477391277, 90: 0.09659616065969093, 100: 0.0941330862847017, 110: 0.09222342131480273, 120: 0.09059898808039143, 130: 0.0892781460933497, 140: 0.08819367682552785, 150: 0.08736601401871616, 160: 0.08658864543713643, 170: 0.08598833802567381, 180: 0.08543376951809847, 190: 0.08486692846712633, 200: 0.0844171766159891, 210: 0.08404374829947447, 220: 0.0836686845356863, 230: 0.08336930095955264, 240: 0.08318501544612081, 250: 0.08295811694772928, 260: 0.08274995811070103, 270: 0.08267466004951532, 280: 0.08251677529640937, 290: 0.0824024422606178, 300: 0.08231366215172364, 310: 0.08219602408947535, 320: 0.08208690432640034, 330: 0.08204887918432473, 340: 0.08198754382397529, 350: 0.08191319986067512, 360: 0.0819052785284428, 370: 0.08189869625333421, 380: 0.0818143756873692, 390: 0.08181233193024218, 400: 0.08190949053160865, 410: 0.08186441506768201, 420: 0.08183514823657205}",390,0.08181233193024218,0.001,0.01,0.01
kin8nm,fixnoiseFCN,32,0.0001,0.0001,"{0: 0.6824221314717331, 10: 0.2947261862928533, 20: 0.19786690563656742, 30: 0.1587815687821132, 40: 0.13648211950956554, 50: 0.12151728447970866, 60: 0.1107199503866895, 70: 0.10331767948468977, 80: 0.09821406889536075, 90: 0.09441820591432197, 100: 0.09158432078404304, 110: 0.08939242878138165, 120: 0.08779106658218462, 130: 0.08644507711148419, 140: 0.08549284393651782, 150: 0.08470044222851718, 160: 0.08388287076614617, 170: 0.08321025348713149, 180: 0.0828243785953896, 190: 0.08232738562323011, 200: 0.08211902759542913, 210: 0.0817420923203854, 220: 0.08145064429725168, 230: 0.08144014735651309, 240: 0.08113862328895913, 250: 0.08115604474929819, 260: 0.08086667052316947, 270: 0.08078552448296314, 280: 0.08070896887099377, 290: 0.080577583496398, 300: 0.08054144087112244, 310: 0.08058926841312397, 320: 0.08059354586487501, 330: 0.08048050327500925, 340: 0.08049316493141988, 350: 0.08046156483950646, 360: 0.08058638472821833, 370: 0.08045320005796616, 380: 0.08067717265248185, 390: 0.0805996820575003, 400: 0.08049357512216308}",370,0.08045320005796616,0.005,0.01,0.01
kin8nm,fixnoiseFCN,32,0.0001,0.0001,"{0: 0.7066168312684613, 10: 0.2779018055816305, 20: 0.18723528801434894, 30: 0.1499024069747226, 40: 0.12955360620020545, 50: 0.11666969256754897, 60: 0.10800150327341654, 70: 0.10190520868006855, 80: 0.09776947231736852, 90: 0.09396713614335392, 100: 0.09140954890350683, 110: 0.0892721171571736, 120: 0.08783469429352611, 130: 0.08667864445490105, 140: 0.08559573032311019, 150: 0.08495533971036437, 160: 0.08396371505895499, 170: 0.08343181032595433, 180: 0.08253321897749041, 190: 0.08268485142649462, 200: 0.08206824676737161, 210: 0.08140197484674098, 220: 0.08128242302367525, 230: 0.08127882605486339, 240: 0.08080452058322059, 250: 0.08069951328254558, 260: 0.08033051149608608, 270: 0.08038271251776252, 280: 0.0797727459396488, 290: 0.0797801793047179, 300: 0.0800063241496824, 310: 0.08037408761359485}",280,0.0797727459396488,0.01,0.01,0.01
kin8nm,fixnoiseFCN,32,0.0001,0.0001,"{0: 0.6931845102635669, 10: 0.2747683340403091, 20: 0.1854508038212527, 30: 0.1490722828598218, 40: 0.12814908328706331, 50: 0.11500937860492602, 60: 0.10578780400652617, 70: 0.0991412533799086, 80: 0.09576564807153778, 90: 0.09268848149827416, 100: 0.08901760297135866, 110: 0.08755209451843866, 120: 0.08595783360007317, 130: 0.08451544628136312, 140: 0.08373596729652251, 150: 0.08242376908622019, 160: 0.08359365811456873, 170: 0.08246483029310692, 180: 0.08237913943759953, 190: 0.08178999860685877, 200: 0.08021384912187743, 210: 0.07950173624533312, 220: 0.07910482978408197, 230: 0.07777232181753138, 240: 0.07780915092165157, 250: 0.07834911325916331, 260: 0.07877715381688741}",230,0.07777232181753138,0.05,0.01,0.01
kin8nm,fixnoiseFCN,32,0.0001,0.0001,"{0: 0.7079196398817227, 10: 0.29155362343864644, 20: 0.19486224433030291, 30: 0.1582181511652383, 40: 0.1380834060620674, 50: 0.12383175450992641, 60: 0.11495922156261291, 70: 0.10766268326610828, 80: 0.10236099958436806, 90: 0.09793677248451277, 100: 0.09509395520306418, 110: 0.0933892847010276, 120: 0.08905624432653576, 130: 0.08822320342635515, 140: 0.08691511864579668, 150: 0.08573352434391789, 160: 0.08354979000888488, 170: 0.083277924261488, 180: 0.08230785701200702, 190: 0.08059838200180704, 200: 0.08152362565219665, 210: 0.08065539947664105, 220: 0.08036331197655237, 230: 0.08049827294364773, 240: 0.07942367890827226, 250: 0.07898705450785112, 260: 0.08093318665393283, 270: 0.0775534314312298, 280: 0.07655801998657019, 290: 0.076607782568146, 300: 0.07639287881880148, 310: 0.07741263677604851, 320: 0.07921430305239967, 330: 0.07529578141695843, 340: 0.07692147918529281, 350: 0.07685717987520421, 360: 0.07491008058956657, 370: 0.07513881443542611, 380: 0.07544602952921366, 390: 0.07428136084903854, 400: 0.07281541716864544, 410: 0.07503790163343997, 420: 0.07383100967610993, 430: 0.0731496217439056}",400,0.07281541716864544,0.1,0.01,0.01
kin8nm,fixnoiseFCN,32,0.0001,0.0005,"{0: 0.4210093061172947, 10: 0.11607448249451773, 20: 0.09322382685908967, 30: 0.08711380000728142, 40: 0.08472275744736499, 50: 0.083414767811024, 60: 0.08265796413395274, 70: 0.08223497554553556, 80: 0.08194947466506634, 90: 0.08211011354866667, 100: 0.08210096232728196, 110: 0.08226251230174826}",80,0.08194947466506634,0.001,0.01,0.01
kin8nm,fixnoiseFCN,32,0.0001,0.0005,"{0: 0.4278955166925824, 10: 0.12059573947883737, 20: 0.0962625347815933, 30: 0.09028628701789314, 40: 0.08721269087256281, 50: 0.08487718978866532, 60: 0.08336625981139016, 70: 0.08234616304054598, 80: 0.0821295968886487, 90: 0.08191593990964811, 100: 0.08104621884419781, 110: 0.08210517783007369, 120: 0.08290226873561986, 130: 0.0828167824358611}",100,0.08104621884419781,0.005,0.01,0.01
kin8nm,fixnoiseFCN,32,0.0001,0.0005,"{0: 0.4232117142286502, 10: 0.11537376745902002, 20: 0.09266942388331692, 30: 0.0858225254202539, 40: 0.08282294462861058, 50: 0.08251749115713516, 60: 0.08121011164602154, 70: 0.08169630375534967, 80: 0.08155484263995064, 90: 0.08288726157583001}",60,0.08121011164602154,0.01,0.01,0.01
kin8nm,fixnoiseFCN,32,0.0001,0.0005,"{0: 0.42733525046236576, 10: 0.12455520512340805, 20: 0.09481282437721275, 30: 0.08993108428598859, 40: 0.08470946161037177, 50: 0.08469082647542278, 60: 0.08225613714064442, 70: 0.0822459474588224, 80: 0.08170116637826383, 90: 0.08012924638387262, 100: 0.07761672180932441, 110: 0.07705172592138813, 120: 0.0799590474145977, 130: 0.07962902233731577, 140: 0.07768036679207191}",110,0.07705172592138813,0.05,0.01,0.01
kin8nm,fixnoiseFCN,32,0.0001,0.0005,"{0: 0.42068509082558575, 10: 0.12599376885474947, 20: 0.09962878530645583, 30: 0.08794686723841108, 40: 0.08561281455999037, 50: 0.08094363100874938, 60: 0.08039403008877838, 70: 0.07646526528352626, 80: 0.07662902158194755, 90: 0.0803111946647122, 100: 0.07750352583362825}",70,0.07646526528352626,0.1,0.01,0.01
kin8nm,fixnoiseFCN,32,0.0001,0.001,"{0: 0.3328887405209399, 10: 0.10174262681661339, 20: 0.08919575370898807, 30: 0.08495415505720727, 40: 0.08403581878672753, 50: 0.08429501783458336, 60: 0.08600707859221873, 70: 0.08679966426092092}",40,0.08403581878672753,0.001,0.01,0.01
kin8nm,fixnoiseFCN,32,0.0001,0.001,"{0: 0.3369487313478138, 10: 0.10009398363530679, 20: 0.08983850043864325, 30: 0.08800423786837763, 40: 0.0867075640882116, 50: 0.08528627115449944, 60: 0.08510009557360317, 70: 0.08601144173576261, 80: 0.08598849452762655, 90: 0.08642306138005784}",60,0.08510009557360317,0.005,0.01,0.01
kin8nm,fixnoiseFCN,32,0.0001,0.001,"{0: 0.3411938187798523, 10: 0.10404228912034041, 20: 0.09352505341170049, 30: 0.09063559458450067, 40: 0.08885909557207175, 50: 0.08887357107375815, 60: 0.08869233811765338, 70: 0.08834005636713707, 80: 0.08860274850718634, 90: 0.08994937575431886, 100: 0.09042363515538128}",70,0.08834005636713707,0.01,0.01,0.01
kin8nm,fixnoiseFCN,32,0.0001,0.001,"{0: 0.3388680399661287, 10: 0.09921242956476484, 20: 0.08884920577225727, 30: 0.08509564725071625, 40: 0.08568079474384928, 50: 0.08351158529117271, 60: 0.08535984374572746, 70: 0.08170847510734522, 80: 0.09284892816526794, 90: 0.08121966880115267, 100: 0.08688467877360702, 110: 0.08136213802836531, 120: 0.08489356853828589}",90,0.08121966880115267,0.05,0.01,0.01
kin8nm,fixnoiseFCN,32,0.0001,0.001,"{0: 0.3495005289811691, 10: 0.10833153993607299, 20: 0.09306598527294911, 30: 0.0841830342707252, 40: 0.08546635819512495, 50: 0.0800144235119054, 60: 0.07870249188694549, 70: 0.08063257325124276, 80: 0.07884107653154149, 90: 0.0777996486815705, 100: 0.08156005046237233, 110: 0.08055280171152579, 120: 0.08109710904825698}",90,0.0777996486815705,0.1,0.01,0.01
kin8nm,fixnoiseFCN,32,0.0001,0.002,"{0: 0.26668852690865585, 10: 0.0996577854621341, 20: 0.09250139548752212, 30: 0.09239782682463057, 40: 0.09309143446229207, 50: 0.09260074871754351, 60: 0.09253368010398791}",30,0.09239782682463057,0.001,0.01,0.01
kin8nm,fixnoiseFCN,32,0.0001,0.002,"{0: 0.2627135520108034, 10: 0.09530570160586826, 20: 0.0893604948984997, 30: 0.08885178345875541, 40: 0.08827869467066825, 50: 0.09012188199109539, 60: 0.09055765343960452, 70: 0.09069665168066439}",40,0.08827869467066825,0.005,0.01,0.01
kin8nm,fixnoiseFCN,32,0.0001,0.002,"{0: 0.25363937190291025, 10: 0.09959448385487561, 20: 0.09418856306479327, 30: 0.0904521295059593, 40: 0.09039735394717201, 50: 0.0909552304133674, 60: 0.09255737727777019, 70: 0.09259466269945613}",40,0.09039735394717201,0.01,0.01,0.01
kin8nm,fixnoiseFCN,32,0.0001,0.002,"{0: 0.2783239054202349, 10: 0.09956426571366424, 20: 0.088225619169054, 30: 0.08718011037487876, 40: 0.08855142706985261, 50: 0.08262574879235814, 60: 0.08209512606788871, 70: 0.08628526200606212, 80: 0.08929609198916924, 90: 0.08562379340260046}",60,0.08209512606788871,0.05,0.01,0.01
kin8nm,fixnoiseFCN,32,0.0001,0.002,"{0: 0.2691704180643972, 10: 0.09921282487724595, 20: 0.08740938398279637, 30: 0.08679054628861578, 40: 0.08479121739120868, 50: 0.08803769316692006, 60: 0.08410491944623373, 70: 0.08600980993174452, 80: 0.08274442237296915, 90: 0.08235465488139787, 100: 0.08225037864952651, 110: 0.08222158467172122, 120: 0.0837085781842497, 130: 0.08289654552774997, 140: 0.08403066511566928}",110,0.08222158467172122,0.1,0.01,0.01
kin8nm,fixnoiseFCN,32,1e-05,0.0001,"{0: 0.6720116140086871, 10: 0.2768415617435892, 20: 0.18787302909588272, 30: 0.15264749229907346, 40: 0.1324304077348299, 50: 0.11887240410309544, 60: 0.10972229955462451, 70: 0.10343715114642435, 80: 0.0990072935473172, 90: 0.09567664550283757, 100: 0.09315234941164059, 110: 0.09118907939213634, 120: 0.08960800549676913, 130: 0.08823528053737227, 140: 0.08716748409414114, 150: 0.08627732682266162, 160: 0.08552365641002668, 170: 0.08489279223849075, 180: 0.0843135441272892, 190: 0.08382802992200442, 200: 0.0833689457371429, 210: 0.08299854986467523, 220: 0.08267989138412665, 230: 0.08241738233797961, 240: 0.08214766301264889, 250: 0.0819489749567545, 260: 0.08171918643559588, 270: 0.08157113449457865, 280: 0.08144248238074599, 290: 0.08124816793603065, 300: 0.0812346855709503, 310: 0.08118719865559473, 320: 0.0810729750734988, 330: 0.0810330768420637, 340: 0.0810167730523683, 350: 0.08092954306632348, 360: 0.08095629997851952, 370: 0.08094742729178278, 380: 0.08099246959096489}",350,0.08092954306632348,0.001,0.01,0.01
kin8nm,fixnoiseFCN,32,1e-05,0.0001,"{0: 0.6614631372345812, 10: 0.2778891902334227, 20: 0.186411805903885, 30: 0.15077080406744825, 40: 0.13092561044814383, 50: 0.11805207507914875, 60: 0.10895387653897304, 70: 0.10227992158914503, 80: 0.0974527466148087, 90: 0.09382521576064282, 100: 0.0910038283886994, 110: 0.08881424381796507, 120: 0.08730057311961896, 130: 0.08587010900902994, 140: 0.08487747519524821, 150: 0.08413105842479644, 160: 0.08355875638106522, 170: 0.08306298804586924, 180: 0.08260610166411554, 190: 0.08223884163611406, 200: 0.08175300512599662, 210: 0.08174612325935168, 220: 0.0813349482789833, 230: 0.08130815128098215, 240: 0.08122841124596808, 250: 0.08119453587794512, 260: 0.08113427698290487, 270: 0.08094470144948322, 280: 0.08051464144690465, 290: 0.08074946410642295, 300: 0.08098112567832962, 310: 0.08075733849209753}",280,0.08051464144690465,0.005,0.01,0.01
kin8nm,fixnoiseFCN,32,1e-05,0.0001,"{0: 0.69572551798877, 10: 0.2771842309569934, 20: 0.1852506109004038, 30: 0.1504585206129663, 40: 0.13082221082198986, 50: 0.11815952954746475, 60: 0.1091740784552134, 70: 0.10326921503166986, 80: 0.09874712116712073, 90: 0.09562035613961808, 100: 0.09266316794998623, 110: 0.0906098548491462, 120: 0.08896064196520559, 130: 0.08719575037928667, 140: 0.08629678068740651, 150: 0.08514326565834114, 160: 0.08427382077432215, 170: 0.08330392080452656, 180: 0.08294790380254742, 190: 0.08239746292612794, 200: 0.08202146112569883, 210: 0.08117264349847882, 220: 0.0810777293994282, 230: 0.08151047615588235, 240: 0.08062168351004453, 250: 0.08044488804193736, 260: 0.08022551954329477, 270: 0.08014795766539776, 280: 0.0804913706640076, 290: 0.08060080516862828, 300: 0.08047833782947003}",270,0.08014795766539776,0.01,0.01,0.01
kin8nm,fixnoiseFCN,32,1e-05,0.0001,"{0: 0.6910410636735312, 10: 0.28197166056286865, 20: 0.18755501123339785, 30: 0.15201261988067774, 40: 0.13135291197500648, 50: 0.11839759468173834, 60: 0.10931759554645996, 70: 0.10288740844729923, 80: 0.09831734820045959, 90: 0.09489811579297545, 100: 0.09181548680406934, 110: 0.08953441620687426, 120: 0.08876474882613561, 130: 0.08630101082330235, 140: 0.08530508820057461, 150: 0.08394434189061771, 160: 0.08407994561360894, 170: 0.08248959967049199, 180: 0.08374642142022543, 190: 0.08310162619985152, 200: 0.08198357444148455, 210: 0.08091106867857345, 220: 0.08194996071604979, 230: 0.0800532991807809, 240: 0.07878992223988587, 250: 0.08011720948183872, 260: 0.08029736620549935, 270: 0.08084476567140148}",240,0.07878992223988587,0.05,0.01,0.01
kin8nm,fixnoiseFCN,32,1e-05,0.0001,"{0: 0.6815991561909984, 10: 0.28481061295327603, 20: 0.19156532331367976, 30: 0.1550312590229058, 40: 0.13394003099799154, 50: 0.12057379121503883, 60: 0.10982369001784495, 70: 0.10344897016068258, 80: 0.09799583950477682, 90: 0.09373073900312727, 100: 0.09269840701495409, 110: 0.08884635143083044, 120: 0.08645120523049755, 130: 0.0852663778154518, 140: 0.08499322863674004, 150: 0.08398822413773963, 160: 0.08118531203365453, 170: 0.08050123094770632, 180: 0.08177669085262325, 190: 0.08044021103370672, 200: 0.08057480408741084, 210: 0.0784633718145859, 220: 0.07803861521511854, 230: 0.07630403975199987, 240: 0.0763755273826475, 250: 0.07685176459122546, 260: 0.07810213316681475}",230,0.07630403975199987,0.1,0.01,0.01
kin8nm,fixnoiseFCN,32,1e-05,0.0005,"{0: 0.43061284666495486, 10: 0.1212120973664909, 20: 0.09517520627581111, 30: 0.08844920003762986, 40: 0.08567575588996851, 50: 0.08430016877145498, 60: 0.0831459167720334, 70: 0.08283650777518407, 80: 0.08267070167318341, 90: 0.08276072305217327, 100: 0.08290152609936045, 110: 0.08315823939506597}",80,0.08267070167318341,0.001,0.01,0.01
kin8nm,fixnoiseFCN,32,1e-05,0.0005,"{0: 0.41893538329837654, 10: 0.12089899375402824, 20: 0.09535899543381862, 30: 0.088576121440002, 40: 0.08550284758477159, 50: 0.08369840877404579, 60: 0.08293231270599324, 70: 0.08232641911919447, 80: 0.08213073420273222, 90: 0.08151428984005885, 100: 0.0825006183775958, 110: 0.08244695333046029, 120: 0.0831599759024588}",90,0.08151428984005885,0.005,0.01,0.01
kin8nm,fixnoiseFCN,32,1e-05,0.0005,"{0: 0.4343031382993793, 10: 0.11430749239294036, 20: 0.09326643586310938, 30: 0.08914639635553545, 40: 0.08738116288287191, 50: 0.0854744574320779, 60: 0.08523391266017814, 70: 0.08401232690597951, 80: 0.08490649710448392, 90: 0.08347144367528217, 100: 0.08657386172332368, 110: 0.086852440818622, 120: 0.08596625364470863}",90,0.08347144367528217,0.01,0.01,0.01
kin8nm,fixnoiseFCN,32,1e-05,0.0005,"{0: 0.42532790185548414, 10: 0.12368066138191314, 20: 0.0946999593376027, 30: 0.08881761399135521, 40: 0.09040935869648933, 50: 0.0825420720570691, 60: 0.0820948889177265, 70: 0.07933902499016643, 80: 0.08190360474490418, 90: 0.08098685382220601, 100: 0.08038655763892161}",70,0.07933902499016643,0.05,0.01,0.01
kin8nm,fixnoiseFCN,32,1e-05,0.0005,"{0: 0.43181556897315937, 10: 0.12417487709567303, 20: 0.09941925077485145, 30: 0.09165894866386029, 40: 0.08824092180375494, 50: 0.08265463145232183, 60: 0.08112563584526256, 70: 0.08110110277974365, 80: 0.07972670444531837, 90: 0.07767753865312246, 100: 0.0815930753704663, 110: 0.07821209567469332, 120: 0.07836361065050983}",90,0.07767753865312246,0.1,0.01,0.01
kin8nm,fixnoiseFCN,32,1e-05,0.001,"{0: 0.3381925680829062, 10: 0.10541668041342407, 20: 0.0937071711012449, 30: 0.08972916816177907, 40: 0.08841271987235044, 50: 0.087108665483873, 60: 0.08703898142711615, 70: 0.08774284642327547, 80: 0.08914756347752728, 90: 0.09176382581430928}",60,0.08703898142711615,0.001,0.01,0.01
kin8nm,fixnoiseFCN,32,1e-05,0.001,"{0: 0.3504754777436677, 10: 0.10339175507320322, 20: 0.09435567786515899, 30: 0.09114109154584768, 40: 0.09006512735481043, 50: 0.09078612056341595, 60: 0.09046753115382444, 70: 0.0910433440533595}",40,0.09006512735481043,0.005,0.01,0.01
kin8nm,fixnoiseFCN,32,1e-05,0.001,"{0: 0.35108800390765793, 10: 0.10304152555834305, 20: 0.09029949073120018, 30: 0.086567435903338, 40: 0.08559543335798926, 50: 0.08554792843701318, 60: 0.08446547183116766, 70: 0.08398214360584018, 80: 0.08464459675006686, 90: 0.08536699497778122, 100: 0.08629788300658135}",70,0.08398214360584018,0.01,0.01,0.01
kin8nm,fixnoiseFCN,32,1e-05,0.001,"{0: 0.332489604910289, 10: 0.10224343588073359, 20: 0.08745141974440378, 30: 0.08500437849984291, 40: 0.0858907522203279, 50: 0.08725910051972723, 60: 0.09108618878119523}",30,0.08500437849984291,0.05,0.01,0.01
kin8nm,fixnoiseFCN,32,1e-05,0.001,"{0: 0.34727329431602105, 10: 0.10364668274211968, 20: 0.09059553020604663, 30: 0.08686174641662495, 40: 0.08485455735999484, 50: 0.08245417704869082, 60: 0.08109810737991778, 70: 0.0794319998222303, 80: 0.08024593477666389, 90: 0.07981065002979212, 100: 0.08081313083160718}",70,0.0794319998222303,0.1,0.01,0.01
kin8nm,fixnoiseFCN,32,1e-05,0.002,"{0: 0.2666930200336647, 10: 0.10241127783471202, 20: 0.09221004919011735, 30: 0.09062424217693239, 40: 0.0910599739469301, 50: 0.0901198245333458, 60: 0.09226279104677086, 70: 0.09378669233054795, 80: 0.09535679561934776}",50,0.0901198245333458,0.001,0.01,0.01
kin8nm,fixnoiseFCN,32,1e-05,0.002,"{0: 0.2682016504354728, 10: 0.09764577698389429, 20: 0.09147840705489851, 30: 0.09122607544368287, 40: 0.09308904230096256, 50: 0.09619482767869063, 60: 0.0909203706345296, 70: 0.09159577811346543, 80: 0.09312555273328284, 90: 0.0989573074054961}",60,0.0909203706345296,0.005,0.01,0.01
kin8nm,fixnoiseFCN,32,1e-05,0.002,"{0: 0.2580022424154703, 10: 0.09760397124809045, 20: 0.08863315152619992, 30: 0.08728800274688835, 40: 0.08825572445302429, 50: 0.08798708033859937, 60: 0.0904652559239157}",30,0.08728800274688835,0.01,0.01,0.01
kin8nm,fixnoiseFCN,32,1e-05,0.002,"{0: 0.2668548303894881, 10: 0.09745406671940215, 20: 0.09120275542213845, 30: 0.08869541866957538, 40: 0.08687495184747038, 50: 0.08616976674965718, 60: 0.08426520103693068, 70: 0.08781380182752074, 80: 0.08634689422552091, 90: 0.0891669683940639}",60,0.08426520103693068,0.05,0.01,0.01
kin8nm,fixnoiseFCN,32,1e-05,0.002,"{0: 0.26608351037148575, 10: 0.09465866937466283, 20: 0.08980973122445408, 30: 0.08828879588280013, 40: 0.09056208085621457, 50: 0.0854135421919233, 60: 0.08680400119692988, 70: 0.08601863647739713, 80: 0.08350907417537469, 90: 0.08511188376765003, 100: 0.08728003188545418, 110: 0.08624628323399766}",80,0.08350907417537469,0.1,0.01,0.01
kin8nm,fixnoiseFCN,32,1e-09,0.0001,"{0: 0.7079360165949997, 10: 0.2766073519448863, 20: 0.18363862307648393, 30: 0.14853680738488592, 40: 0.12906145712288736, 50: 0.11653441288154098, 60: 0.10791018375988917, 70: 0.10170023836089918, 80: 0.09719321439140896, 90: 0.09394653133683961, 100: 0.0915198972667609, 110: 0.08959472371956692, 120: 0.08809840754000312, 130: 0.08680934820939067, 140: 0.08571737974303921, 150: 0.0848216823190396, 160: 0.08400921233958647, 170: 0.08343233963850336, 180: 0.0828732607530928, 190: 0.08239376408551946, 200: 0.08194349336674714, 210: 0.08156485166634005, 220: 0.08123265479453498, 230: 0.0809712505830488, 240: 0.08071669358226143, 250: 0.08046138285251093, 260: 0.0802750755935426, 270: 0.08014703413516187, 280: 0.07995105840910895, 290: 0.07991446932364596, 300: 0.07981434618930047, 310: 0.07972365206327459, 320: 0.07974445136441521, 330: 0.0796955741307874, 340: 0.07973999060616263, 350: 0.07979786468998841, 360: 0.07982515880507277}",330,0.0796955741307874,0.001,0.01,0.01
kin8nm,fixnoiseFCN,32,1e-09,0.0001,"{0: 0.6693459938733066, 10: 0.2801899402855552, 20: 0.18787547646573463, 30: 0.15064262329623812, 40: 0.1299679252298211, 50: 0.11690504994895794, 60: 0.1080976846100719, 70: 0.10177376148583803, 80: 0.09741152970288951, 90: 0.09396909839502238, 100: 0.09135820106125232, 110: 0.08947086246145412, 120: 0.08768941414662965, 130: 0.08659220475513787, 140: 0.08557295775314393, 150: 0.08489250703850038, 160: 0.08413735595324519, 170: 0.08342151779331237, 180: 0.08298993740075727, 190: 0.08238339203953832, 200: 0.08204686410099148, 210: 0.08175947889360001, 220: 0.08124186092191574, 230: 0.08076489879395089, 240: 0.08064140925787075, 250: 0.08041778269240403, 260: 0.08038971782317879, 270: 0.08020314799997168, 280: 0.08029643527603494, 290: 0.0797706241898375, 300: 0.07991675927392303, 310: 0.07948455282671585, 320: 0.07997522711606692, 330: 0.0797510821940631, 340: 0.07969866663105096}",310,0.07948455282671585,0.005,0.01,0.01
kin8nm,fixnoiseFCN,32,1e-09,0.0001,"{0: 0.6784893528931161, 10: 0.2808997751500021, 20: 0.1912229351314609, 30: 0.15156926227570083, 40: 0.12904139407789603, 50: 0.11532497960122971, 60: 0.10615684706115555, 70: 0.10017584348672252, 80: 0.0957186192537357, 90: 0.09253800506910323, 100: 0.09060380577306174, 110: 0.0886414610652058, 120: 0.0870036417342452, 130: 0.086421922875497, 140: 0.08512182625941286, 150: 0.08475111355663228, 160: 0.08368030094172915, 170: 0.0832710044072418, 180: 0.08288848937424555, 190: 0.08293444863605445, 200: 0.08254048559983601, 210: 0.08203973357933321, 220: 0.0819035264507044, 230: 0.08136214887054985, 240: 0.0816428879364616, 250: 0.08152078723054013, 260: 0.08111810723647092, 270: 0.08112479762109044, 280: 0.08122187500221675, 290: 0.0813199814111035}",260,0.08111810723647092,0.01,0.01,0.01
kin8nm,fixnoiseFCN,32,1e-09,0.0001,"{0: 0.7163752680599857, 10: 0.28761324575711783, 20: 0.19185251440691953, 30: 0.15409833150973898, 40: 0.1328647632901733, 50: 0.11896623556835248, 60: 0.10922319850454223, 70: 0.10210043559201232, 80: 0.09757808770532471, 90: 0.09450380938769472, 100: 0.09132501626609087, 110: 0.08930381835366487, 120: 0.08855138332316134, 130: 0.08573054514886297, 140: 0.08455300954630333, 150: 0.08335337565487103, 160: 0.08283835395640567, 170: 0.08189663611553957, 180: 0.08206498970084636, 190: 0.08201733114762552, 200: 0.08153219448148506, 210: 0.08014295071694198, 220: 0.07955588452860318, 230: 0.07932969368266839, 240: 0.0793228805848776, 250: 0.07788724981734307, 260: 0.07915192125982615, 270: 0.07813853590953086, 280: 0.07882322906741632}",250,0.07788724981734307,0.05,0.01,0.01
kin8nm,fixnoiseFCN,32,1e-09,0.0001,"{0: 0.7075507811791064, 10: 0.28825473241582145, 20: 0.19557210444008172, 30: 0.15738309635727374, 40: 0.1361203726112234, 50: 0.12109235131413501, 60: 0.11145965506481459, 70: 0.10566047514297112, 80: 0.10016439204312388, 90: 0.09632212427046802, 100: 0.09287462230304223, 110: 0.08990021538290302, 120: 0.08760898741861242, 130: 0.08596960119430781, 140: 0.08369839053393939, 150: 0.08241533056188981, 160: 0.08208952618815571, 170: 0.08101098965841154, 180: 0.0808484494011431, 190: 0.07976512278787296, 200: 0.079596274086396, 210: 0.07846831792525101, 220: 0.07972077020549889, 230: 0.07814269517517487, 240: 0.07755480115946914, 250: 0.07617012566028239, 260: 0.07692738329498014, 270: 0.07753238175283214, 280: 0.07704812300612958}",250,0.07617012566028239,0.1,0.01,0.01
kin8nm,fixnoiseFCN,32,1e-09,0.0005,"{0: 0.4285029111865127, 10: 0.1198715934918633, 20: 0.09603791918908486, 30: 0.08950389296335277, 40: 0.08642554968290436, 50: 0.08518884312706479, 60: 0.08479276102667736, 70: 0.08480218836811908, 80: 0.08487912751236701, 90: 0.08515093079755134}",60,0.08479276102667736,0.001,0.01,0.01
kin8nm,fixnoiseFCN,32,1e-09,0.0005,"{0: 0.4313484794346653, 10: 0.12241811265675269, 20: 0.09843129439699609, 30: 0.09098032721987584, 40: 0.08781539005173977, 50: 0.08611659855308178, 60: 0.08595610849703729, 70: 0.08492807379577769, 80: 0.08552292793408375, 90: 0.08615261305698886, 100: 0.08630342097235359}",70,0.08492807379577769,0.005,0.01,0.01
kin8nm,fixnoiseFCN,32,1e-09,0.0005,"{0: 0.4283522982900433, 10: 0.1275102574903629, 20: 0.09933515894499134, 30: 0.09126820688722884, 40: 0.08801040636518308, 50: 0.08616306128175953, 60: 0.0845894404316212, 70: 0.08407343554861595, 80: 0.08427580355328784, 90: 0.0842283614044283, 100: 0.08484040374645678}",70,0.08407343554861595,0.01,0.01,0.01
kin8nm,fixnoiseFCN,32,1e-09,0.0005,"{0: 0.4311680380956182, 10: 0.12182666661465295, 20: 0.09603974792622058, 30: 0.08904834416058208, 40: 0.0842888823369595, 50: 0.08360012106786528, 60: 0.08430323440848775, 70: 0.08079528534722431, 80: 0.0811284290874861, 90: 0.08009814411006531, 100: 0.0790551352034526, 110: 0.08064492850525012, 120: 0.0803854906837455, 130: 0.08214663628759378}",100,0.0790551352034526,0.05,0.01,0.01
kin8nm,fixnoiseFCN,32,1e-09,0.0005,"{0: 0.4289611120396863, 10: 0.12669736563794112, 20: 0.10155438455797501, 30: 0.0875878493004665, 40: 0.08880120084101217, 50: 0.08322191204585846, 60: 0.08086493530254787, 70: 0.08108799370843739, 80: 0.0806841193043929, 90: 0.08219311653650956, 100: 0.07676592082043936, 110: 0.07878408350756415, 120: 0.07878900583711138, 130: 0.08137697257870406}",100,0.07676592082043936,0.1,0.01,0.01
kin8nm,fixnoiseFCN,32,1e-09,0.001,"{0: 0.33788635397791245, 10: 0.10139422882355564, 20: 0.0925946978034444, 30: 0.09069576150712308, 40: 0.09031459312003791, 50: 0.09104846088029997, 60: 0.0921800985799582, 70: 0.09232622963433819}",40,0.09031459312003791,0.001,0.01,0.01
kin8nm,fixnoiseFCN,32,1e-09,0.001,"{0: 0.34170732998402886, 10: 0.10387073453595179, 20: 0.0924569362414526, 30: 0.08978468017848493, 40: 0.09031832791639759, 50: 0.09299326141241486, 60: 0.09378658612849078}",30,0.08978468017848493,0.005,0.01,0.01
kin8nm,fixnoiseFCN,32,1e-09,0.001,"{0: 0.3400556148753572, 10: 0.10350168069145387, 20: 0.0934267763791117, 30: 0.09252540793597955, 40: 0.09152407697455936, 50: 0.08832299139964365, 60: 0.08858314915428896, 70: 0.09004751054220034, 80: 0.09119053006130187}",50,0.08832299139964365,0.01,0.01,0.01
kin8nm,fixnoiseFCN,32,1e-09,0.001,"{0: 0.3377641705170721, 10: 0.10016881069967916, 20: 0.08782251099857707, 30: 0.08175491807582132, 40: 0.08415260927052451, 50: 0.08515449199674965, 60: 0.08435186762945933}",30,0.08175491807582132,0.05,0.01,0.01
kin8nm,fixnoiseFCN,32,1e-09,0.001,"{0: 0.3582760362609893, 10: 0.1091975321174959, 20: 0.08801056448787797, 30: 0.08268006456409698, 40: 0.08063413453978893, 50: 0.08197232907069044, 60: 0.08003959907025554, 70: 0.08095032502138663, 80: 0.07919628556109613, 90: 0.08197522595015563, 100: 0.08081436588300225, 110: 0.08125199026001913}",80,0.07919628556109613,0.1,0.01,0.01
kin8nm,fixnoiseFCN,32,1e-09,0.002,"{0: 0.2669491911046827, 10: 0.09989370946274966, 20: 0.09387410562317501, 30: 0.09245210405449225, 40: 0.09404922670537627, 50: 0.09854385360067362, 60: 0.09472918560222253}",30,0.09245210405449225,0.001,0.01,0.01
kin8nm,fixnoiseFCN,32,1e-09,0.002,"{0: 0.26587570424108453, 10: 0.10126546948891005, 20: 0.09309534565032243, 30: 0.0890036506441326, 40: 0.08845969542297269, 50: 0.09236695990058102, 60: 0.09454005538389272, 70: 0.09501158648728492}",40,0.08845969542297269,0.005,0.01,0.01
kin8nm,fixnoiseFCN,32,1e-09,0.002,"{0: 0.2694638722966739, 10: 0.10675649497381123, 20: 0.10120372248862672, 30: 0.09660792716503046, 40: 0.09498664446249847, 50: 0.09484284504307795, 60: 0.09409975187602868, 70: 0.09663816150798032, 80: 0.09942729467578386, 90: 0.1019455887917402}",60,0.09409975187602868,0.01,0.01,0.01
kin8nm,fixnoiseFCN,32,1e-09,0.002,"{0: 0.26722456376862896, 10: 0.10146054374056102, 20: 0.09309049236634648, 30: 0.09015013804567633, 40: 0.09328785671318299, 50: 0.09608836330236163, 60: 0.09215644708561825}",30,0.09015013804567633,0.05,0.01,0.01
kin8nm,fixnoiseFCN,32,1e-09,0.002,"{0: 0.2638783723554954, 10: 0.09745891499568873, 20: 0.08875052268035273, 30: 0.0931495132119031, 40: 0.08343258661042238, 50: 0.08730251327347645, 60: 0.08145996351261287, 70: 0.08054569275508003, 80: 0.08432964084347669, 90: 0.08255640408131444, 100: 0.08462282932718435}",70,0.08054569275508003,0.1,0.01,0.01
