dataset_name,model_name,batch_size,weight_decay,learning_rate,epoch2loss,best_epoch,best_loss,fix_noiselevel,init_noiselevel,dropout_prob
wine-quality-red,dropoutFCN,32,0.1,0.0001,"{0: 0.9514090493525945, 10: 0.7250543734752665, 20: 0.6688756465648904, 30: 0.6528345531458948, 40: 0.6461592496405629, 50: 0.6413766084027056, 60: 0.6382397726908617, 70: 0.6348644963461979, 80: 0.632712763968636, 90: 0.6311478829471504, 100: 0.6292244360815076, 110: 0.6274168313309259, 120: 0.6269126837890522, 130: 0.6255162103853974, 140: 0.6246126690740679, 150: 0.6237224459443607, 160: 0.6236989102936258, 170: 0.6223030657803311, 180: 0.6217867273004616, 190: 0.6210207248844353, 200: 0.6212281746782509, 210: 0.6209822330638474, 220: 0.6208397172917338, 230: 0.6201312972429921, 240: 0.6193509605994412, 250: 0.6197969327896249, 260: 0.619844245688588, 270: 0.6198080630395927}",240,0.6193509605994412,0.01,0.01,0.2
wine-quality-red,dropoutFCN,32,0.1,0.0001,"{0: 0.9578248448611475, 10: 0.7071882239539249, 20: 0.6541944030073343, 30: 0.6421339573638112, 40: 0.6367664900860366, 50: 0.633279902061411, 60: 0.6307893482844035, 70: 0.628701290733674, 80: 0.6270486279153357, 90: 0.6256930027346985, 100: 0.6242946180525948, 110: 0.6237463686951236, 120: 0.6224743111752996, 130: 0.6217298182231539, 140: 0.6208148279230968, 150: 0.6203043121128691, 160: 0.6198782566774125, 170: 0.619377056900777, 180: 0.6192321755371841, 190: 0.6185005510788338, 200: 0.6187282642020898, 210: 0.6184279399525885, 220: 0.6180116905155135, 230: 0.6182290532279249, 240: 0.6179073250936528, 250: 0.6183245691218797, 260: 0.617690867109626, 270: 0.6179596772117942, 280: 0.6178435643776959, 290: 0.6179353449216076}",260,0.617690867109626,0.01,0.01,0.1
wine-quality-red,dropoutFCN,32,0.1,0.0001,"{0: 0.9373333943299219, 10: 0.7089921464902513, 20: 0.6589018443606648, 30: 0.6454964030899253, 40: 0.6390933544904578, 50: 0.6352340720535493, 60: 0.6318903363218494, 70: 0.6296698706582481, 80: 0.6273776235884311, 90: 0.6255599998843436, 100: 0.6240125477021816, 110: 0.6221848734775011, 120: 0.6212105287231651, 130: 0.6199947008461344, 140: 0.6192174601028947, 150: 0.6186778965387859, 160: 0.6182405420027527, 170: 0.6179190482549808, 180: 0.617712107794542, 190: 0.61690187710173, 200: 0.6167335737657313, 210: 0.616540569759467, 220: 0.6163721904947478, 230: 0.6165370029094173, 240: 0.6163407063805589, 250: 0.6164213593683991, 260: 0.6166887887085185, 270: 0.6163932830358252}",240,0.6163407063805589,0.01,0.01,0.05
wine-quality-red,dropoutFCN,32,0.1,0.0001,"{0: 0.9583883579630477, 10: 0.700198647984687, 20: 0.6521810318441952, 30: 0.6405313579329088, 40: 0.6352935741666486, 50: 0.6317018937830832, 60: 0.6293632801724416, 70: 0.6272717707735651, 80: 0.6255907807338471, 90: 0.6242017980241308, 100: 0.6227828719832149, 110: 0.6215781660874684, 120: 0.6204370887548316, 130: 0.6196786307967177, 140: 0.6189918697260174, 150: 0.6183412597196943, 160: 0.6178912239653223, 170: 0.6173476327868068, 180: 0.617049956944059, 190: 0.6167012503158812, 200: 0.6163509969413281, 210: 0.6161096836947928, 220: 0.6162560641561068, 230: 0.6160643874459406, 240: 0.6160302406783197, 250: 0.6159698308303077, 260: 0.6160003241253834, 270: 0.6161667755830521, 280: 0.6159451827114704, 290: 0.6158349641982246, 300: 0.6158536430638211, 310: 0.6157713993653363, 320: 0.6158558047781972, 330: 0.615812954587095, 340: 0.6158586876211214}",310,0.6157713993653363,0.01,0.01,0.01
wine-quality-red,dropoutFCN,32,0.1,0.0001,"{0: 0.9276133862722153, 10: 0.687375122624285, 20: 0.6503259884580678, 30: 0.6402425550800912, 40: 0.6350895964836373, 50: 0.6315278465461497, 60: 0.628812003611934, 70: 0.6266421995034405, 80: 0.6247850225223045, 90: 0.6232760663622734, 100: 0.6221742680961011, 110: 0.6213779973078009, 120: 0.6204478975400036, 130: 0.6197899862597971, 140: 0.619086739876691, 150: 0.6184099488866096, 160: 0.6178050091804244, 170: 0.6171652929923114, 180: 0.6169834268209982, 190: 0.6165969139395976, 200: 0.6163476293928483, 210: 0.616092313268021, 220: 0.61602436163554, 230: 0.6158998313166347, 240: 0.6157431774454958, 250: 0.615784039833382, 260: 0.6157047799317276, 270: 0.6155286677824516, 280: 0.6155634665050927, 290: 0.615452006389113, 300: 0.6154165989394281, 310: 0.6153633681640905, 320: 0.6153431241827853, 330: 0.6153307672575409, 340: 0.6154719308310864, 350: 0.6154794632453544, 360: 0.6154148671469268}",330,0.6153307672575409,0.01,0.01,0.005
wine-quality-red,dropoutFCN,32,0.1,0.0001,"{0: 0.9476313273404159, 10: 0.6915929902038154, 20: 0.651383163391375, 30: 0.6403322598922486, 40: 0.6352382534683919, 50: 0.6316180930418127, 60: 0.6289548761762825, 70: 0.6268182642319623, 80: 0.6250125060887898, 90: 0.6236223213549923, 100: 0.6225751811996394, 110: 0.6216015880364998, 120: 0.620633200696286, 130: 0.6198748088701098, 140: 0.61937772330408, 150: 0.6189139629637495, 160: 0.6183813705426806, 170: 0.6179982874089596, 180: 0.6176938639113716, 190: 0.6174415839390427, 200: 0.617259556987122, 210: 0.6170744419273209, 220: 0.6169476284232794, 230: 0.6168233694077706, 240: 0.6165940803727683, 250: 0.6164951726560499, 260: 0.61635012571426, 270: 0.6162115547791416, 280: 0.6161697487942144, 290: 0.6161055685170724, 300: 0.6160242586772815, 310: 0.6159960139031504, 320: 0.6159859589238962, 330: 0.6159768710475342, 340: 0.6160276039032375, 350: 0.61600455284703, 360: 0.6159826961919374}",330,0.6159768710475342,0.01,0.01,0.001
wine-quality-red,dropoutFCN,32,0.1,0.0005,"{0: 0.823111922200404, 10: 0.641347339164977, 20: 0.6307657886369555, 30: 0.6271116420188371, 40: 0.6242744564513366, 50: 0.6229046561875764, 60: 0.6221417011846515, 70: 0.621842552554958, 80: 0.621386739062328, 90: 0.6217050940791766, 100: 0.622283404039986, 110: 0.6231723297957112}",80,0.621386739062328,0.01,0.01,0.2
wine-quality-red,dropoutFCN,32,0.1,0.0005,"{0: 0.8355630042330893, 10: 0.6359830011953326, 20: 0.6272368968468086, 30: 0.6238165533133582, 40: 0.620615873164406, 50: 0.6203757265531549, 60: 0.620847496831534, 70: 0.6203390379074742, 80: 0.6207611650549898, 90: 0.6207024285840054, 100: 0.6208419197885429}",70,0.6203390379074742,0.01,0.01,0.1
wine-quality-red,dropoutFCN,32,0.1,0.0005,"{0: 0.7722270685551214, 10: 0.6325961937039506, 20: 0.6241763612394239, 30: 0.6209059791033175, 40: 0.6186715409539494, 50: 0.6181230346770847, 60: 0.6185658143489968, 70: 0.6182441719869772, 80: 0.6182533214986324}",50,0.6181230346770847,0.01,0.01,0.05
wine-quality-red,dropoutFCN,32,0.1,0.0005,"{0: 0.7842120388150216, 10: 0.6329769862224074, 20: 0.6252039977703608, 30: 0.6215443901162521, 40: 0.6196266634703852, 50: 0.6188600397226857, 60: 0.618253077259835, 70: 0.618103881244566, 80: 0.618100472931184, 90: 0.6179064087803458, 100: 0.6176630022274513, 110: 0.6179360138055155, 120: 0.6177672689860942, 130: 0.6182024578487172}",100,0.6176630022274513,0.01,0.01,0.01
wine-quality-red,dropoutFCN,32,0.1,0.0005,"{0: 0.803506431275723, 10: 0.6328006140595558, 20: 0.6236564287455643, 30: 0.619955185610874, 40: 0.6186601049496847, 50: 0.6175638650649903, 60: 0.6174044234904589, 70: 0.6176841901622566, 80: 0.6176116814011452, 90: 0.6176035817347321}",60,0.6174044234904589,0.01,0.01,0.005
wine-quality-red,dropoutFCN,32,0.1,0.0005,"{0: 0.8021143026883696, 10: 0.630504493053053, 20: 0.6232779456967232, 30: 0.6199994587459985, 40: 0.6187264068658445, 50: 0.6181715759401227, 60: 0.6178786286624038, 70: 0.617809344810598, 80: 0.6177243467055116, 90: 0.6177082242802078, 100: 0.6177569711266779, 110: 0.6177483379344146, 120: 0.6178037818418998}",90,0.6177082242802078,0.01,0.01,0.001
wine-quality-red,dropoutFCN,32,0.1,0.001,"{0: 0.7541484814531663, 10: 0.6340236897328321, 20: 0.6277484939846338, 30: 0.6263327322783423, 40: 0.6266571427443448, 50: 0.6272741621820366, 60: 0.6274821810307456}",30,0.6263327322783423,0.01,0.01,0.2
wine-quality-red,dropoutFCN,32,0.1,0.001,"{0: 0.7152924302746267, 10: 0.6306812633194175, 20: 0.6245689417246509, 30: 0.624531311553483, 40: 0.6245421780675066, 50: 0.6236660803386977, 60: 0.6240264707482328, 70: 0.6241269122034896, 80: 0.6252034999897667}",50,0.6236660803386977,0.01,0.01,0.1
wine-quality-red,dropoutFCN,32,0.1,0.001,"{0: 0.7084778198512162, 10: 0.6282565764907528, 20: 0.6232172719433027, 30: 0.6226064327037802, 40: 0.6221386154784876, 50: 0.6221490328715128, 60: 0.6225033123031551, 70: 0.6222658274103614}",40,0.6221386154784876,0.01,0.01,0.05
wine-quality-red,dropoutFCN,32,0.1,0.001,"{0: 0.7064463912622602, 10: 0.628717354644163, 20: 0.6226456795311441, 30: 0.6205588985716595, 40: 0.6204521343170428, 50: 0.620587569948505, 60: 0.6200551344804903, 70: 0.6203340183958119, 80: 0.6201528160157157, 90: 0.6203462957517774}",60,0.6200551344804903,0.01,0.01,0.01
wine-quality-red,dropoutFCN,32,0.1,0.001,"{0: 0.720906990152948, 10: 0.6280981309624278, 20: 0.6219814409403239, 30: 0.6207694608002317, 40: 0.6206500569336555, 50: 0.620902692956083, 60: 0.6206047952905589, 70: 0.6204974819486048, 80: 0.6202579401053635, 90: 0.6200202103076028, 100: 0.6202509979523865, 110: 0.6201475090577322, 120: 0.6204210474327498}",90,0.6200202103076028,0.01,0.01,0.005
wine-quality-red,dropoutFCN,32,0.1,0.001,"{0: 0.7116525660601317, 10: 0.6278571439081547, 20: 0.6225730798145135, 30: 0.6211154357241649, 40: 0.6203670543578326, 50: 0.6203022224470681, 60: 0.6202703518318196, 70: 0.6199897188006662, 80: 0.6202522440400778, 90: 0.6201023581390287, 100: 0.6199974950359148}",70,0.6199897188006662,0.01,0.01,0.001
wine-quality-red,dropoutFCN,32,0.1,0.002,"{0: 0.6820054022938598, 10: 0.6393303792120195, 20: 0.6375412852010307, 30: 0.6358483610930395, 40: 0.6355877451832388, 50: 0.6345398134782034, 60: 0.6360415164425093, 70: 0.6347971063939963, 80: 0.6347222455576353}",50,0.6345398134782034,0.01,0.01,0.2
wine-quality-red,dropoutFCN,32,0.1,0.002,"{0: 0.6633324745764919, 10: 0.636015556432745, 20: 0.6320775707562765, 30: 0.6324999228002979, 40: 0.6312815742691358, 50: 0.6315809334960638, 60: 0.6309670306420794, 70: 0.6315017453245089, 80: 0.6325007563011319, 90: 0.631158135445679}",60,0.6309670306420794,0.01,0.01,0.1
wine-quality-red,dropoutFCN,32,0.1,0.002,"{0: 0.6644745706606144, 10: 0.6331734184190339, 20: 0.6321373507555793, 30: 0.6301925800068705, 40: 0.6301859542143111, 50: 0.6288459691083899, 60: 0.6294150357971005, 70: 0.6295006943917743, 80: 0.6291910212589246}",50,0.6288459691083899,0.01,0.01,0.05
wine-quality-red,dropoutFCN,32,0.1,0.002,"{0: 0.6601696741843924, 10: 0.6322053980126101, 20: 0.630004216911746, 30: 0.6267916859306542, 40: 0.6269858471786275, 50: 0.6256807569750384, 60: 0.6269911752436675, 70: 0.6258377628671188, 80: 0.6255345838297817, 90: 0.6257871198975573, 100: 0.6261438426609133, 110: 0.6247145511034657, 120: 0.6256336015287568, 130: 0.6258270555822288, 140: 0.6252861926806907}",110,0.6247145511034657,0.01,0.01,0.01
wine-quality-red,dropoutFCN,32,0.1,0.002,"{0: 0.6647879249032806, 10: 0.6318734821998605, 20: 0.6290009584759965, 30: 0.6268712413164914, 40: 0.6254844991395286, 50: 0.6247475238962501, 60: 0.6242369616294609, 70: 0.6237766664402158, 80: 0.6231752957082263, 90: 0.6235311634867798, 100: 0.6232094389813787, 110: 0.622373021814753, 120: 0.6234607706642619, 130: 0.6230258614204678, 140: 0.6232664083265791}",110,0.622373021814753,0.01,0.01,0.005
wine-quality-red,dropoutFCN,32,0.1,0.002,"{0: 0.668186110550282, 10: 0.633445516441967, 20: 0.6304037135109013, 30: 0.6286217288935886, 40: 0.6277527336747039, 50: 0.6267112160605544, 60: 0.6258274993826362, 70: 0.6260289207363829, 80: 0.6248772383671181, 90: 0.6247841239735192, 100: 0.6241292921848156, 110: 0.6242557362598531, 120: 0.6240201135271904, 130: 0.6243210402131081, 140: 0.6237244793042248, 150: 0.6232938499076693, 160: 0.6241737849572125, 170: 0.6237238505891726, 180: 0.6229281022501927, 190: 0.6232486621714106, 200: 0.6230540378800795, 210: 0.6228664480588015, 220: 0.6229446273486988, 230: 0.6228672665328372, 240: 0.6226485320808841, 250: 0.6232380812308367, 260: 0.6230920772955698, 270: 0.622996135038488}",240,0.6226485320808841,0.01,0.01,0.001
wine-quality-red,dropoutFCN,32,0.01,0.0001,"{0: 0.9444643231904974, 10: 0.6471203383832586, 20: 0.6190895021925954, 30: 0.6096931636333466, 40: 0.6044901864435158, 50: 0.6018167281793614, 60: 0.599603301622704, 70: 0.5986340894506258, 80: 0.5964033629701417, 90: 0.5955584613949645, 100: 0.5961815651111743, 110: 0.5944019709060006, 120: 0.5959053547037583, 130: 0.5942075451536506, 140: 0.5952647155727826, 150: 0.5953650672938309, 160: 0.5952596686605145}",130,0.5942075451536506,0.01,0.01,0.2
wine-quality-red,dropoutFCN,32,0.01,0.0001,"{0: 0.9425757728078785, 10: 0.6533913542359483, 20: 0.6255223203932537, 30: 0.6158836008549905, 40: 0.6105588654501766, 50: 0.60667561687383, 60: 0.6050142342582637, 70: 0.6033113290106549, 80: 0.6015304892232605, 90: 0.601183247411368, 100: 0.5998887528362228, 110: 0.5998733591186065, 120: 0.5995349126177676, 130: 0.5994314758947082, 140: 0.5992576989999004, 150: 0.599500152617693, 160: 0.5998690826109812, 170: 0.5995995748072278}",140,0.5992576989999004,0.01,0.01,0.1
wine-quality-red,dropoutFCN,32,0.01,0.0001,"{0: 0.9248817123940178, 10: 0.6370670574640527, 20: 0.6153058162536107, 30: 0.606306143248198, 40: 0.6023219210084747, 50: 0.600833594249744, 60: 0.600001375938163, 70: 0.5996732961722449, 80: 0.599738311367292, 90: 0.6007833553324727, 100: 0.6013967313427552}",70,0.5996732961722449,0.01,0.01,0.05
wine-quality-red,dropoutFCN,32,0.01,0.0001,"{0: 0.8913197180628776, 10: 0.6395530582701459, 20: 0.6194144340823678, 30: 0.6104306647064639, 40: 0.6048670439977272, 50: 0.6018308342817951, 60: 0.6000611574246604, 70: 0.599634109776394, 80: 0.5993938200818557, 90: 0.6000320674829623, 100: 0.6003952757254535, 110: 0.6006109878362393}",80,0.5993938200818557,0.01,0.01,0.01
wine-quality-red,dropoutFCN,32,0.01,0.0001,"{0: 0.9371468955336832, 10: 0.6451130003058443, 20: 0.6222720141270581, 30: 0.6130574678761118, 40: 0.6086830339332422, 50: 0.6064647734311281, 60: 0.605712522916934, 70: 0.605018825399525, 80: 0.6048383465146318, 90: 0.6047269195727274, 100: 0.6047641436814093, 110: 0.605180188642413, 120: 0.6056027831195616}",90,0.6047269195727274,0.01,0.01,0.005
wine-quality-red,dropoutFCN,32,0.01,0.0001,"{0: 0.9324375095642081, 10: 0.63369593974422, 20: 0.6128574215460058, 30: 0.6050846488919912, 40: 0.6013836251666733, 50: 0.5996461142073659, 60: 0.5991673232030635, 70: 0.5993540004392465, 80: 0.5999292613565922, 90: 0.6004266972313909}",60,0.5991673232030635,0.01,0.01,0.001
wine-quality-red,dropoutFCN,32,0.01,0.0005,"{0: 0.774101307698909, 10: 0.6095268068038949, 20: 0.6047398187541495, 30: 0.6007869949849213, 40: 0.6020584001903441, 50: 0.6015450084472403, 60: 0.6064301632023325}",30,0.6007869949849213,0.01,0.01,0.2
wine-quality-red,dropoutFCN,32,0.01,0.0005,"{0: 0.7406499067036545, 10: 0.6076464034295549, 20: 0.6032489999164554, 30: 0.6029352265041249, 40: 0.6020966406283426, 50: 0.6024134651235505, 60: 0.6019819626387427, 70: 0.6012871152133334, 80: 0.6020029146355741, 90: 0.6026388192352126, 100: 0.6045249942529435}",70,0.6012871152133334,0.01,0.01,0.1
wine-quality-red,dropoutFCN,32,0.01,0.0005,"{0: 0.7483564238454782, 10: 0.6005481296368673, 20: 0.5985585709062277, 30: 0.6014094793095308, 40: 0.6037192283892164, 50: 0.6030355630610503}",20,0.5985585709062277,0.01,0.01,0.05
wine-quality-red,dropoutFCN,32,0.01,0.0005,"{0: 0.7603472854167808, 10: 0.604634651439447, 20: 0.5999258062857039, 30: 0.5996510149363209, 40: 0.5990877182022029, 50: 0.5988856335393354, 60: 0.6014432005204406, 70: 0.6023100484907628, 80: 0.6035251452729982}",50,0.5988856335393354,0.01,0.01,0.01
wine-quality-red,dropoutFCN,32,0.01,0.0005,"{0: 0.7534436190245198, 10: 0.6030078251309254, 20: 0.6005788166967092, 30: 0.6016485296628055, 40: 0.6035380301756017, 50: 0.6063818105207939}",20,0.6005788166967092,0.01,0.01,0.005
wine-quality-red,dropoutFCN,32,0.01,0.0005,"{0: 0.7386280189951261, 10: 0.6067289874980263, 20: 0.6064648330854434, 30: 0.6080966602558014, 40: 0.6096378018458684, 50: 0.6120751284588786}",20,0.6064648330854434,0.01,0.01,0.001
wine-quality-red,dropoutFCN,32,0.01,0.001,"{0: 0.6812982648757158, 10: 0.6071111657748036, 20: 0.6046964507067905, 30: 0.6050678007304668, 40: 0.6048394827047984, 50: 0.6040726213653882, 60: 0.6053897314883915, 70: 0.6018232131939308, 80: 0.6024963751493716, 90: 0.6020308986978204, 100: 0.5979760403580525, 110: 0.5979937836557042, 120: 0.6016143481696353, 130: 0.5930606588341443, 140: 0.5964266510103263, 150: 0.5952883854742144, 160: 0.5922238262319097, 170: 0.5926048730401432, 180: 0.5909386419256528, 190: 0.5934100743923701, 200: 0.5936347423289337, 210: 0.5898117839062915, 220: 0.5901419834179037, 230: 0.595190306583456, 240: 0.5945493548991634}",210,0.5898117839062915,0.01,0.01,0.2
wine-quality-red,dropoutFCN,32,0.01,0.001,"{0: 0.6664539243660721, 10: 0.6074560833152602, 20: 0.6089419238649162, 30: 0.6075084317285641, 40: 0.610196102708578}",10,0.6074560833152602,0.01,0.01,0.1
wine-quality-red,dropoutFCN,32,0.01,0.001,"{0: 0.6602993532927597, 10: 0.608455930396038, 20: 0.6086861137286121, 30: 0.6110438837227867, 40: 0.6123647990442959}",10,0.608455930396038,0.01,0.01,0.05
wine-quality-red,dropoutFCN,32,0.01,0.001,"{0: 0.6575557637302315, 10: 0.604386226397519, 20: 0.604386949331737, 30: 0.6075302798111065, 40: 0.6102804703280038}",10,0.604386226397519,0.01,0.01,0.01
wine-quality-red,dropoutFCN,32,0.01,0.001,"{0: 0.6542837790034566, 10: 0.6057298077496828, 20: 0.6082682821329902, 30: 0.6125609350496648, 40: 0.6167835732856217}",10,0.6057298077496828,0.01,0.01,0.005
wine-quality-red,dropoutFCN,32,0.01,0.001,"{0: 0.6517752839040523, 10: 0.598871126759286, 20: 0.6020253753603674, 30: 0.6063552849345347, 40: 0.6110157658247386}",10,0.598871126759286,0.01,0.01,0.001
wine-quality-red,dropoutFCN,32,0.01,0.002,"{0: 0.6382300924261411, 10: 0.6062298543955766, 20: 0.6060862424619058, 30: 0.6105649601595075, 40: 0.609943654207038, 50: 0.6112407151595051}",20,0.6060862424619058,0.01,0.01,0.2
wine-quality-red,dropoutFCN,32,0.01,0.002,"{0: 0.6378709627687931, 10: 0.609560612142086, 20: 0.6095788749497311, 30: 0.6130744928033913, 40: 0.6104252043804702}",10,0.609560612142086,0.01,0.01,0.1
wine-quality-red,dropoutFCN,32,0.01,0.002,"{0: 0.6430848360353825, 10: 0.6116833579248073, 20: 0.6192809583392798, 30: 0.6199715001822688, 40: 0.621183895623567}",10,0.6116833579248073,0.01,0.01,0.05
wine-quality-red,dropoutFCN,32,0.01,0.002,"{0: 0.639081932461145, 10: 0.6147860648263903, 20: 0.6215249749813594, 30: 0.6252588042587626, 40: 0.629910826259384}",10,0.6147860648263903,0.01,0.01,0.01
wine-quality-red,dropoutFCN,32,0.01,0.002,"{0: 0.639453503022007, 10: 0.6145807216301853, 20: 0.6194802243803061, 30: 0.6248632005850474, 40: 0.6277951702329458}",10,0.6145807216301853,0.01,0.01,0.005
wine-quality-red,dropoutFCN,32,0.01,0.002,"{0: 0.6379469020430948, 10: 0.6094580814213145, 20: 0.6169652902466409, 30: 0.6246842064664644, 40: 0.6309167646076166}",10,0.6094580814213145,0.01,0.01,0.001
wine-quality-red,dropoutFCN,32,0.001,0.0001,"{0: 0.9432905408973788, 10: 0.6552945004900297, 20: 0.6242433254566847, 30: 0.6127310684381747, 40: 0.6055229656106117, 50: 0.6019939118156247, 60: 0.6002638728828991, 70: 0.5971798955254695, 80: 0.5978347808590122, 90: 0.5963858379219092, 100: 0.597001450578956, 110: 0.5953767651816209, 120: 0.594042646443727, 130: 0.5956643393080608, 140: 0.5965354959812819, 150: 0.5962626949624689}",120,0.594042646443727,0.01,0.01,0.2
wine-quality-red,dropoutFCN,32,0.001,0.0001,"{0: 0.9572442912617151, 10: 0.6424915660508708, 20: 0.6177925760605756, 30: 0.608453048081959, 40: 0.6056148047949754, 50: 0.6037224666861927, 60: 0.6039691891448171, 70: 0.6037064844428324, 80: 0.6055747336178434, 90: 0.6064401644555961, 100: 0.606394844741798}",70,0.6037064844428324,0.01,0.01,0.1
wine-quality-red,dropoutFCN,32,0.001,0.0001,"{0: 0.9444819135963917, 10: 0.6328754559217715, 20: 0.6135402678099333, 30: 0.6070720535458303, 40: 0.6041072737264866, 50: 0.6047729156619194, 60: 0.604551985757608, 70: 0.6051729494479356}",40,0.6041072737264866,0.01,0.01,0.05
wine-quality-red,dropoutFCN,32,0.001,0.0001,"{0: 0.9336020009190428, 10: 0.6450994723071071, 20: 0.6219088460358919, 30: 0.6118947470188141, 40: 0.6061130966918141, 50: 0.6036546600946024, 60: 0.6016139587643099, 70: 0.6011990341398061, 80: 0.6004761171136417, 90: 0.6005502100581047, 100: 0.6008912043039706, 110: 0.6010206117904653}",80,0.6004761171136417,0.01,0.01,0.01
wine-quality-red,dropoutFCN,32,0.001,0.0001,"{0: 0.9510799050769385, 10: 0.6469136474237722, 20: 0.6202657173632407, 30: 0.6107329317810489, 40: 0.6064758583844877, 50: 0.6047443825327883, 60: 0.6043707140432854, 70: 0.6045886189768128, 80: 0.6053954013188679, 90: 0.6061166287228172}",60,0.6043707140432854,0.01,0.01,0.005
wine-quality-red,dropoutFCN,32,0.001,0.0001,"{0: 0.9343973477038683, 10: 0.6378283948349017, 20: 0.6165840318097787, 30: 0.6083571205478089, 40: 0.6042157960756153, 50: 0.603251098736244, 60: 0.6034044385774463, 70: 0.6042607822050067, 80: 0.6052808205286662}",50,0.603251098736244,0.01,0.01,0.001
wine-quality-red,dropoutFCN,32,0.001,0.0005,"{0: 0.7984190304606569, 10: 0.6081182373008307, 20: 0.6026360102874391, 30: 0.6003605478359203, 40: 0.5992272533330263, 50: 0.5996519944977526, 60: 0.5988534015271009, 70: 0.5971410471580777, 80: 0.5953009817413255, 90: 0.599706253117206, 100: 0.5993238166705066, 110: 0.5965328276917046}",80,0.5953009817413255,0.01,0.01,0.2
wine-quality-red,dropoutFCN,32,0.001,0.0005,"{0: 0.7255444052289514, 10: 0.6111901870311476, 20: 0.606292257092747, 30: 0.6052851720972388, 40: 0.6057602315323025, 50: 0.609440892706899, 60: 0.6081109283046395}",30,0.6052851720972388,0.01,0.01,0.1
wine-quality-red,dropoutFCN,32,0.001,0.0005,"{0: 0.7469090157864141, 10: 0.603629064180103, 20: 0.6062775681708373, 30: 0.6115275469743737, 40: 0.6116453219511929}",10,0.603629064180103,0.01,0.01,0.05
wine-quality-red,dropoutFCN,32,0.001,0.0005,"{0: 0.7471213531990846, 10: 0.6081923107130855, 20: 0.6099904501145961, 30: 0.615287752098897, 40: 0.6217527860812113}",10,0.6081923107130855,0.01,0.01,0.01
wine-quality-red,dropoutFCN,32,0.001,0.0005,"{0: 0.7377001158659364, 10: 0.6109205702852969, 20: 0.6123699659547385, 30: 0.6181635387008096, 40: 0.6234728069924841}",10,0.6109205702852969,0.01,0.01,0.005
wine-quality-red,dropoutFCN,32,0.001,0.0005,"{0: 0.7397045636907512, 10: 0.6059575630403032, 20: 0.6060350411107727, 30: 0.612667500452668, 40: 0.6200791481809289}",10,0.6059575630403032,0.01,0.01,0.001
wine-quality-red,dropoutFCN,32,0.001,0.001,"{0: 0.6625869140642531, 10: 0.605629539562791, 20: 0.5997010880036682, 30: 0.6065372236189889, 40: 0.6057854195494278, 50: 0.6044887917328114}",20,0.5997010880036682,0.01,0.01,0.2
wine-quality-red,dropoutFCN,32,0.001,0.001,"{0: 0.6549424858975644, 10: 0.6063472293609498, 20: 0.6122772494221435, 30: 0.6179461136022034, 40: 0.6201249589668769}",10,0.6063472293609498,0.01,0.01,0.1
wine-quality-red,dropoutFCN,32,0.001,0.001,"{0: 0.6602638689647702, 10: 0.6048134589867264, 20: 0.6111237849499666, 30: 0.6183108840444509, 40: 0.6207484121094732}",10,0.6048134589867264,0.01,0.01,0.05
wine-quality-red,dropoutFCN,32,0.001,0.001,"{0: 0.6580507623418874, 10: 0.6078145849996922, 20: 0.6146399320165317, 30: 0.6288969168885081, 40: 0.6408460240562757}",10,0.6078145849996922,0.01,0.01,0.01
wine-quality-red,dropoutFCN,32,0.001,0.001,"{0: 0.6482149231521522, 10: 0.6104757877190907, 20: 0.6154687793698965, 30: 0.6269472483501715, 40: 0.6394350862298526}",10,0.6104757877190907,0.01,0.01,0.005
wine-quality-red,dropoutFCN,32,0.001,0.001,"{0: 0.6663745683606933, 10: 0.6130618172182756, 20: 0.6291813911702119, 30: 0.6500633498792554, 40: 0.6644158962018349}",10,0.6130618172182756,0.01,0.01,0.001
wine-quality-red,dropoutFCN,32,0.001,0.002,"{0: 0.6435822306339647, 10: 0.6041955081358844, 20: 0.6149279351590895, 30: 0.6089337770962248, 40: 0.6072440188538795}",10,0.6041955081358844,0.01,0.01,0.2
wine-quality-red,dropoutFCN,32,0.001,0.002,"{0: 0.6403423666457335, 10: 0.6099747086038777, 20: 0.615947340834959, 30: 0.6152097675321149, 40: 0.6309516821918535}",10,0.6099747086038777,0.01,0.01,0.1
wine-quality-red,dropoutFCN,32,0.001,0.002,"{0: 0.6361433862734074, 10: 0.6191758659686528, 20: 0.6247625722867601, 30: 0.6289035392245825, 40: 0.635331976381587}",10,0.6191758659686528,0.01,0.01,0.05
wine-quality-red,dropoutFCN,32,0.001,0.002,"{0: 0.6296233483447748, 10: 0.6205128209731158, 20: 0.6342747349920226, 30: 0.6598483775497652, 40: 0.6682195768841341}",10,0.6205128209731158,0.01,0.01,0.01
wine-quality-red,dropoutFCN,32,0.001,0.002,"{0: 0.6363478095595744, 10: 0.6173915718116012, 20: 0.6307376457926106, 30: 0.6444582343247591, 40: 0.6677625768266472}",10,0.6173915718116012,0.01,0.01,0.005
wine-quality-red,dropoutFCN,32,0.001,0.002,"{0: 0.6377964577955358, 10: 0.6228210805853208, 20: 0.6509406724689054, 30: 0.6793378761498368, 40: 0.707621393840687}",10,0.6228210805853208,0.01,0.01,0.001
wine-quality-red,dropoutFCN,32,0.0001,0.0001,"{0: 0.943329608370276, 10: 0.6531092764963122, 20: 0.6272218746239064, 30: 0.618228647247249, 40: 0.6117731983053918, 50: 0.6084365272668062, 60: 0.6073925563283995, 70: 0.6047607233506792, 80: 0.6038019137259791, 90: 0.6026083114860105, 100: 0.6039407497001629, 110: 0.6026532149373317, 120: 0.6023325505911135, 130: 0.6033504015294945, 140: 0.6022798536805546, 150: 0.6008713683807383, 160: 0.6017785420838525, 170: 0.6019698185751251, 180: 0.6011201756549817}",150,0.6008713683807383,0.01,0.01,0.2
wine-quality-red,dropoutFCN,32,0.0001,0.0001,"{0: 0.9328001930550034, 10: 0.6470932630814759, 20: 0.6210816952586173, 30: 0.6116410555588264, 40: 0.6055911395187471, 50: 0.6041294284077251, 60: 0.6009800405128329, 70: 0.5996937905368852, 80: 0.5992350931787024, 90: 0.6001962525470584, 100: 0.5995290914265549, 110: 0.599790375454753}",80,0.5992350931787024,0.01,0.01,0.1
wine-quality-red,dropoutFCN,32,0.0001,0.0001,"{0: 0.9295093393238151, 10: 0.637223756885996, 20: 0.6112927768452494, 30: 0.6033893571443418, 40: 0.5996242006473682, 50: 0.5982151548213819, 60: 0.598329759117435, 70: 0.5981188906290952, 80: 0.5986372532242653, 90: 0.5990625137470517, 100: 0.5997269559637004}",70,0.5981188906290952,0.01,0.01,0.05
wine-quality-red,dropoutFCN,32,0.0001,0.0001,"{0: 0.9254465810633172, 10: 0.6362827792500749, 20: 0.616056223207829, 30: 0.6087557211752032, 40: 0.6054085217854557, 50: 0.604926680668312, 60: 0.6054376006652327, 70: 0.6062071385950435, 80: 0.6071718503564012}",50,0.604926680668312,0.01,0.01,0.01
wine-quality-red,dropoutFCN,32,0.0001,0.0001,"{0: 0.9520440317368974, 10: 0.6492928063781822, 20: 0.6268862257342713, 30: 0.6164070077298903, 40: 0.6108480365019219, 50: 0.6079463458090436, 60: 0.6064468096605703, 70: 0.6054245122419852, 80: 0.6049561012112628, 90: 0.6044273760534968, 100: 0.6048926673186761, 110: 0.6057132257959422, 120: 0.6060687642559117}",90,0.6044273760534968,0.01,0.01,0.005
wine-quality-red,dropoutFCN,32,0.0001,0.0001,"{0: 0.9252686421485509, 10: 0.6346900971672114, 20: 0.6144236669966988, 30: 0.6067131707159912, 40: 0.6028031756188355, 50: 0.6007649928009977, 60: 0.5994366996282456, 70: 0.5988179234254594, 80: 0.5984080720970444, 90: 0.5984339587741039, 100: 0.5982953773175969, 110: 0.598822546650966, 120: 0.5991976832408531, 130: 0.5994990039923611}",100,0.5982953773175969,0.01,0.01,0.001
wine-quality-red,dropoutFCN,32,0.0001,0.0005,"{0: 0.7642995998175705, 10: 0.6160406671055392, 20: 0.6080007137504279, 30: 0.605896460168502, 40: 0.606593178767784, 50: 0.6076988176008065, 60: 0.6053501429861667, 70: 0.6092682742458932, 80: 0.6108944574728901, 90: 0.6110846381912045}",60,0.6053501429861667,0.01,0.01,0.2
wine-quality-red,dropoutFCN,32,0.0001,0.0005,"{0: 0.7237684382732008, 10: 0.6062565997096838, 20: 0.6033657179305367, 30: 0.60198284564065, 40: 0.6052425865303068, 50: 0.6046161837437574, 60: 0.6034063729322424}",30,0.60198284564065,0.01,0.01,0.1
wine-quality-red,dropoutFCN,32,0.0001,0.0005,"{0: 0.718069070025402, 10: 0.6092525716564234, 20: 0.6089238720869317, 30: 0.6081668988805191, 40: 0.6099837914605934, 50: 0.6114110650122166, 60: 0.620153936577194}",30,0.6081668988805191,0.01,0.01,0.05
wine-quality-red,dropoutFCN,32,0.0001,0.0005,"{0: 0.7146677901055298, 10: 0.6056295576399447, 20: 0.6079392999381412, 30: 0.6135707296956988, 40: 0.6209240423201345}",10,0.6056295576399447,0.01,0.01,0.01
wine-quality-red,dropoutFCN,32,0.0001,0.0005,"{0: 0.7174823100280527, 10: 0.5984032181372829, 20: 0.5966978988460466, 30: 0.602867027152987, 40: 0.6110246081299642, 50: 0.6224322665029881}",20,0.5966978988460466,0.01,0.01,0.005
wine-quality-red,dropoutFCN,32,0.0001,0.0005,"{0: 0.7534731830539656, 10: 0.6085817736358035, 20: 0.6095461004242009, 30: 0.6158160135997276, 40: 0.6244172757250421}",10,0.6085817736358035,0.01,0.01,0.001
wine-quality-red,dropoutFCN,32,0.0001,0.001,"{0: 0.6732426236978932, 10: 0.6010837752795687, 20: 0.6051601281177763, 30: 0.6022975192087537, 40: 0.6112118117452836}",10,0.6010837752795687,0.01,0.01,0.2
wine-quality-red,dropoutFCN,32,0.0001,0.001,"{0: 0.6646008777647626, 10: 0.6067255576130222, 20: 0.611625961299036, 30: 0.6133279548088709, 40: 0.6215975334743659}",10,0.6067255576130222,0.01,0.01,0.1
wine-quality-red,dropoutFCN,32,0.0001,0.001,"{0: 0.6671162359416485, 10: 0.6023352113220037, 20: 0.6104484213625684, 30: 0.6201001747595329, 40: 0.6175828251271855}",10,0.6023352113220037,0.01,0.01,0.05
wine-quality-red,dropoutFCN,32,0.0001,0.001,"{0: 0.646181029277105, 10: 0.6078070310576289, 20: 0.6215327781029776, 30: 0.6368227424224218, 40: 0.6543171884937614}",10,0.6078070310576289,0.01,0.01,0.01
wine-quality-red,dropoutFCN,32,0.0001,0.001,"{0: 0.653456078186339, 10: 0.6073762673402534, 20: 0.626169024229634, 30: 0.6418534215758829, 40: 0.6604702018756493}",10,0.6073762673402534,0.01,0.01,0.005
wine-quality-red,dropoutFCN,32,0.0001,0.001,"{0: 0.652493640061687, 10: 0.6041239805227401, 20: 0.6138846642597049, 30: 0.6351631080432265, 40: 0.6541262029315911}",10,0.6041239805227401,0.01,0.01,0.001
wine-quality-red,dropoutFCN,32,0.0001,0.002,"{0: 0.6337958431068589, 10: 0.6106679872817853, 20: 0.611419995321947, 30: 0.6160008391212014, 40: 0.615343664028481}",10,0.6106679872817853,0.01,0.01,0.2
wine-quality-red,dropoutFCN,32,0.0001,0.002,"{0: 0.6351744869234516, 10: 0.6160019757116542, 20: 0.6269322049062626, 30: 0.6240557495928278, 40: 0.6266680657366912}",10,0.6160019757116542,0.01,0.01,0.1
wine-quality-red,dropoutFCN,32,0.0001,0.002,"{0: 0.6343728487924033, 10: 0.6190072433299878, 20: 0.641335935811786, 30: 0.6583906537732658, 40: 0.6562215903722772}",10,0.6190072433299878,0.01,0.01,0.05
wine-quality-red,dropoutFCN,32,0.0001,0.002,"{0: 0.6519638696254468, 10: 0.6336104761414668, 20: 0.6626841647776903, 30: 0.6944878105117994, 40: 0.7093992010518616}",10,0.6336104761414668,0.01,0.01,0.01
wine-quality-red,dropoutFCN,32,0.0001,0.002,"{0: 0.6422778232074251, 10: 0.6267353982755951, 20: 0.6594478107521347, 30: 0.681522904459168, 40: 0.725214371257553}",10,0.6267353982755951,0.01,0.01,0.005
wine-quality-red,dropoutFCN,32,0.0001,0.002,"{0: 0.6363498196853141, 10: 0.6328704027714682, 20: 0.6566948883819814, 30: 0.6858796328919775, 40: 0.7103831497623639}",10,0.6328704027714682,0.01,0.01,0.001
wine-quality-red,dropoutFCN,32,1e-05,0.0001,"{0: 0.9354954689624263, 10: 0.6523288285294, 20: 0.6217367417204613, 30: 0.6131713139893962, 40: 0.6076655128159943, 50: 0.6056617807231698, 60: 0.6022316439771185, 70: 0.600819489053067, 80: 0.6011398232421454, 90: 0.5996930823665039, 100: 0.599935972608772, 110: 0.6002766579740187, 120: 0.6005603479725473}",90,0.5996930823665039,0.01,0.01,0.2
wine-quality-red,dropoutFCN,32,1e-05,0.0001,"{0: 0.9422580769921052, 10: 0.645899982244945, 20: 0.6172548020178196, 30: 0.6084820763386932, 40: 0.604122377870714, 50: 0.6027010928766401, 60: 0.6008920412408371, 70: 0.6007596201581114, 80: 0.6007180698625013, 90: 0.6000468732095232, 100: 0.6008754575661585, 110: 0.6003372457389738, 120: 0.6004307293073804}",90,0.6000468732095232,0.01,0.01,0.1
wine-quality-red,dropoutFCN,32,1e-05,0.0001,"{0: 0.935751402153104, 10: 0.6540766404160097, 20: 0.6271248245706745, 30: 0.6139773430105517, 40: 0.6072603403996019, 50: 0.6039576641572457, 60: 0.6022488686880645, 70: 0.6001502319410735, 80: 0.5992997005786382, 90: 0.5990835887515077, 100: 0.5998006764989273, 110: 0.6004600270355449, 120: 0.6005779654634933}",90,0.5990835887515077,0.01,0.01,0.05
wine-quality-red,dropoutFCN,32,1e-05,0.0001,"{0: 0.9405658785239155, 10: 0.6425918177150043, 20: 0.6175533914916655, 30: 0.6090528008487879, 40: 0.6062242093419328, 50: 0.6055437847679737, 60: 0.6057575823278988, 70: 0.6063892390827338, 80: 0.6067121767617908}",50,0.6055437847679737,0.01,0.01,0.01
wine-quality-red,dropoutFCN,32,1e-05,0.0001,"{0: 0.9196553223623949, 10: 0.6374923939535431, 20: 0.6130720174809297, 30: 0.6040387402942368, 40: 0.6001626268409046, 50: 0.599164353912952, 60: 0.5989160325012955, 70: 0.5994194316659488, 80: 0.599837577144305, 90: 0.6006834329430963}",60,0.5989160325012955,0.01,0.01,0.005
wine-quality-red,dropoutFCN,32,1e-05,0.0001,"{0: 0.9447565377021536, 10: 0.6340432873309828, 20: 0.6138300507384188, 30: 0.607320154291742, 40: 0.6053223131304863, 50: 0.6051642781057779, 60: 0.6057684804469932, 70: 0.6064992507123479, 80: 0.6072494085951179}",50,0.6051642781057779,0.01,0.01,0.001
wine-quality-red,dropoutFCN,32,1e-05,0.0005,"{0: 0.7819433470742375, 10: 0.6092276634655747, 20: 0.6054499210826323, 30: 0.6011401976907955, 40: 0.6065791069760043, 50: 0.6038120425185737, 60: 0.6054278128375026}",30,0.6011401976907955,0.01,0.01,0.2
wine-quality-red,dropoutFCN,32,1e-05,0.0005,"{0: 0.7473172641764669, 10: 0.608747346696316, 20: 0.6060432612428478, 30: 0.6080677762715256, 40: 0.6085889801529107, 50: 0.6148550488609894}",20,0.6060432612428478,0.01,0.01,0.1
wine-quality-red,dropoutFCN,32,1e-05,0.0005,"{0: 0.7480160169624815, 10: 0.6061668469216309, 20: 0.6026344514886539, 30: 0.6007067861744002, 40: 0.607450114327903, 50: 0.605348446944765, 60: 0.6098371128854798}",30,0.6007067861744002,0.01,0.01,0.05
wine-quality-red,dropoutFCN,32,1e-05,0.0005,"{0: 0.7426796154560996, 10: 0.6007025775488686, 20: 0.5973206641393549, 30: 0.6007742659309331, 40: 0.6051973284780979, 50: 0.6091244635774808}",20,0.5973206641393549,0.01,0.01,0.01
wine-quality-red,dropoutFCN,32,1e-05,0.0005,"{0: 0.7437648726210875, 10: 0.6141882710597095, 20: 0.6179130033768859, 30: 0.6230620615885538, 40: 0.6268471429336305}",10,0.6141882710597095,0.01,0.01,0.005
wine-quality-red,dropoutFCN,32,1e-05,0.0005,"{0: 0.7411666353660471, 10: 0.6036338753472357, 20: 0.6004864584406218, 30: 0.603165642017243, 40: 0.6081915590167045, 50: 0.6135406554913988}",20,0.6004864584406218,0.01,0.01,0.001
wine-quality-red,dropoutFCN,32,1e-05,0.001,"{0: 0.669943477038075, 10: 0.607141122403098, 20: 0.607009168124082, 30: 0.6060639172617127, 40: 0.6100318476703821, 50: 0.614399090292407, 60: 0.6103205792693531}",30,0.6060639172617127,0.01,0.01,0.2
wine-quality-red,dropoutFCN,32,1e-05,0.001,"{0: 0.6578943393160316, 10: 0.6038574783124175, 20: 0.6080255982893354, 30: 0.6154814623267043, 40: 0.6214789463959488}",10,0.6038574783124175,0.01,0.01,0.1
wine-quality-red,dropoutFCN,32,1e-05,0.001,"{0: 0.6622265614247789, 10: 0.610153219235294, 20: 0.6178397464752197, 30: 0.6289603298814858, 40: 0.6322672200173723}",10,0.610153219235294,0.01,0.01,0.05
wine-quality-red,dropoutFCN,32,1e-05,0.001,"{0: 0.6650668506558035, 10: 0.6137646750258464, 20: 0.6302245123041611, 30: 0.6412420508732983, 40: 0.6607778321177352}",10,0.6137646750258464,0.01,0.01,0.01
wine-quality-red,dropoutFCN,32,1e-05,0.001,"{0: 0.65328578251834, 10: 0.6099583197867169, 20: 0.628148436727477, 30: 0.6437365008277052, 40: 0.653969876146784}",10,0.6099583197867169,0.01,0.01,0.005
wine-quality-red,dropoutFCN,32,1e-05,0.001,"{0: 0.6514982373282021, 10: 0.6031926577435989, 20: 0.6133242250891293, 30: 0.6281558919391211, 40: 0.651036036257066}",10,0.6031926577435989,0.01,0.01,0.001
wine-quality-red,dropoutFCN,32,1e-05,0.002,"{0: 0.6486488748444061, 10: 0.6069303986780784, 20: 0.6133539974105124, 30: 0.6166822921674625, 40: 0.6148720025022825}",10,0.6069303986780784,0.01,0.01,0.2
wine-quality-red,dropoutFCN,32,1e-05,0.002,"{0: 0.6435348381481918, 10: 0.6132493181818841, 20: 0.6305559043440164, 30: 0.627781723016033, 40: 0.6369616742592816}",10,0.6132493181818841,0.01,0.01,0.1
wine-quality-red,dropoutFCN,32,1e-05,0.002,"{0: 0.6491463312272933, 10: 0.6203398874314392, 20: 0.6450520332566663, 30: 0.6658082753770491, 40: 0.6651117690900962}",10,0.6203398874314392,0.01,0.01,0.05
wine-quality-red,dropoutFCN,32,1e-05,0.002,"{0: 0.6376225263932171, 10: 0.6216685137123454, 20: 0.6448766497391112, 30: 0.6792456946536607, 40: 0.7182848545704402}",10,0.6216685137123454,0.01,0.01,0.01
wine-quality-red,dropoutFCN,32,1e-05,0.002,"{0: 0.6486481233467074, 10: 0.6257945310689654, 20: 0.6596966724302255, 30: 0.7018920080042352, 40: 0.7243483178901906}",10,0.6257945310689654,0.01,0.01,0.005
wine-quality-red,dropoutFCN,32,1e-05,0.002,"{0: 0.6360534994742449, 10: 0.6207913743485423, 20: 0.6420076085451771, 30: 0.6837284276356884, 40: 0.7296338980747203}",10,0.6207913743485423,0.01,0.01,0.001
wine-quality-red,dropoutFCN,32,1e-09,0.0001,"{0: 0.928552711229114, 10: 0.6520545625306812, 20: 0.6276697968764633, 30: 0.6177671200212311, 40: 0.6104932044650994, 50: 0.6057953724119008, 60: 0.6023617991980383, 70: 0.5995479441127356, 80: 0.5973884447678632, 90: 0.5964281218250592, 100: 0.5958801435547716, 110: 0.5949019086419367, 120: 0.5948556759515229, 130: 0.593121367841959, 140: 0.5928992107101515, 150: 0.5922451997621387, 160: 0.5926814551593041, 170: 0.591693776702764, 180: 0.592100857662804, 190: 0.592720377830898, 200: 0.592230650268349}",170,0.591693776702764,0.01,0.01,0.2
wine-quality-red,dropoutFCN,32,1e-09,0.0001,"{0: 0.9149952591868008, 10: 0.6401832720140617, 20: 0.6191999647576435, 30: 0.6113932548580217, 40: 0.6071706693721752, 50: 0.6052802621938435, 60: 0.6038117210859177, 70: 0.6028246798088738, 80: 0.6024821767064871, 90: 0.6027197162602462, 100: 0.6031665237627777, 110: 0.602904926702088}",80,0.6024821767064871,0.01,0.01,0.1
wine-quality-red,dropoutFCN,32,1e-09,0.0001,"{0: 0.9435977672391077, 10: 0.6426105548178448, 20: 0.6197707031579578, 30: 0.6107518591950921, 40: 0.6063486237999272, 50: 0.6046892308546047, 60: 0.6037336481932332, 70: 0.6039978454510371, 80: 0.6042286220748051, 90: 0.6043614625375644}",60,0.6037336481932332,0.01,0.01,0.05
wine-quality-red,dropoutFCN,32,1e-09,0.0001,"{0: 0.918854947864425, 10: 0.6368628291785716, 20: 0.6127733929542934, 30: 0.6048206821171677, 40: 0.6023936609719314, 50: 0.6012002364677541, 60: 0.6013498949653961, 70: 0.6020061585277904, 80: 0.6028228915088316}",50,0.6012002364677541,0.01,0.01,0.01
wine-quality-red,dropoutFCN,32,1e-09,0.0001,"{0: 0.9467078331171297, 10: 0.639938988311618, 20: 0.6191676774825535, 30: 0.6114653390236929, 40: 0.6075628719493456, 50: 0.6063086981048771, 60: 0.6060622988641262, 70: 0.6065077892471763, 80: 0.6068261473757379, 90: 0.6076071925519728}",60,0.6060622988641262,0.01,0.01,0.005
wine-quality-red,dropoutFCN,32,1e-09,0.0001,"{0: 0.9178129306494022, 10: 0.6416589630409784, 20: 0.6163835784120887, 30: 0.6064653776469184, 40: 0.6030547843522885, 50: 0.6021238882605936, 60: 0.6023409907928869, 70: 0.6029853744950949, 80: 0.603637426711765}",50,0.6021238882605936,0.01,0.01,0.001
wine-quality-red,dropoutFCN,32,1e-09,0.0005,"{0: 0.7712605042697168, 10: 0.6107955576742397, 20: 0.6018022234445694, 30: 0.6026175220953484, 40: 0.6037546692204241, 50: 0.6046019274639148}",20,0.6018022234445694,0.01,0.01,0.2
wine-quality-red,dropoutFCN,32,1e-09,0.0005,"{0: 0.7396661685348725, 10: 0.6112364734212558, 20: 0.6074993343534423, 30: 0.6109591500519537, 40: 0.6139008733425655, 50: 0.614249277991407}",20,0.6074993343534423,0.01,0.01,0.1
wine-quality-red,dropoutFCN,32,1e-09,0.0005,"{0: 0.7648569471549754, 10: 0.6069787466993519, 20: 0.6070416522581203, 30: 0.6110490792463807, 40: 0.6147416787667602}",10,0.6069787466993519,0.01,0.01,0.05
wine-quality-red,dropoutFCN,32,1e-09,0.0005,"{0: 0.737514440326714, 10: 0.6050883035098805, 20: 0.6022937597538911, 30: 0.603145905324057, 40: 0.6057753000598327, 50: 0.6078254286711122}",20,0.6022937597538911,0.01,0.01,0.01
wine-quality-red,dropoutFCN,32,1e-09,0.0005,"{0: 0.7329133025074707, 10: 0.6058882296406756, 20: 0.607545597915556, 30: 0.6134463125876353, 40: 0.6184403749160907}",10,0.6058882296406756,0.01,0.01,0.005
wine-quality-red,dropoutFCN,32,1e-09,0.0005,"{0: 0.7381316011384421, 10: 0.6039742972248909, 20: 0.6053245383647143, 30: 0.6101201820198228, 40: 0.6169586514754622}",10,0.6039742972248909,0.01,0.01,0.001
wine-quality-red,dropoutFCN,32,1e-09,0.001,"{0: 0.6692014354029123, 10: 0.6049420337875684, 20: 0.6063840113872406, 30: 0.6115023918537533, 40: 0.6141769326113018}",10,0.6049420337875684,0.01,0.01,0.2
wine-quality-red,dropoutFCN,32,1e-09,0.001,"{0: 0.6445282305601765, 10: 0.6049744772034533, 20: 0.6071971655973032, 30: 0.610535605453393, 40: 0.6082422106990627}",10,0.6049744772034533,0.01,0.01,0.1
wine-quality-red,dropoutFCN,32,1e-09,0.001,"{0: 0.6524312800315081, 10: 0.6058512782553832, 20: 0.6095455007108987, 30: 0.6193814531319282, 40: 0.6264419258897211}",10,0.6058512782553832,0.01,0.01,0.05
wine-quality-red,dropoutFCN,32,1e-09,0.001,"{0: 0.6637017642984203, 10: 0.6120090782028788, 20: 0.622005263622485, 30: 0.6341272995635575, 40: 0.641978645368534}",10,0.6120090782028788,0.01,0.01,0.01
wine-quality-red,dropoutFCN,32,1e-09,0.001,"{0: 0.6560460550235767, 10: 0.6056979870737769, 20: 0.6234325507692262, 30: 0.6400212218890002, 40: 0.6574440270516219}",10,0.6056979870737769,0.01,0.01,0.005
wine-quality-red,dropoutFCN,32,1e-09,0.001,"{0: 0.6543116978891924, 10: 0.6136387591326937, 20: 0.6274676913256739, 30: 0.642073033294257, 40: 0.6586909101640477}",10,0.6136387591326937,0.01,0.01,0.001
wine-quality-red,dropoutFCN,32,1e-09,0.002,"{0: 0.642130581359653, 10: 0.6136119810477191, 20: 0.6139220748900198, 30: 0.6184829890055983, 40: 0.6122874308187588, 50: 0.6076759769899004, 60: 0.6229712686380919, 70: 0.6151197303159563, 80: 0.6203834569614892}",50,0.6076759769899004,0.01,0.01,0.2
wine-quality-red,dropoutFCN,32,1e-09,0.002,"{0: 0.6344569257778281, 10: 0.6101116926968098, 20: 0.6118236876819647, 30: 0.6153261830029535, 40: 0.6160714597328036}",10,0.6101116926968098,0.01,0.01,0.1
wine-quality-red,dropoutFCN,32,1e-09,0.002,"{0: 0.6372316098593029, 10: 0.6162085286016558, 20: 0.6242491134650567, 30: 0.6350549411948989, 40: 0.6435533328997154}",10,0.6162085286016558,0.01,0.01,0.05
wine-quality-red,dropoutFCN,32,1e-09,0.002,"{0: 0.65076627229943, 10: 0.6238206524650256, 20: 0.6567092883762191, 30: 0.6712910923069598, 40: 0.7095465562185821}",10,0.6238206524650256,0.01,0.01,0.01
wine-quality-red,dropoutFCN,32,1e-09,0.002,"{0: 0.6357511699637947, 10: 0.6265132845558372, 20: 0.6544798354278593, 30: 0.6831625973769262, 40: 0.72128779182101}",10,0.6265132845558372,0.01,0.01,0.005
wine-quality-red,dropoutFCN,32,1e-09,0.002,"{0: 0.6413529070627455, 10: 0.6249208052485596, 20: 0.6567766157990578, 30: 0.6937182516034912, 40: 0.7352059599786412}",10,0.6249208052485596,0.01,0.01,0.001
yacht,dropoutFCN,32,0.1,0.0001,"{0: 0.9973416346043956, 10: 0.8479291063620119, 20: 0.7243711315807031, 30: 0.6175095968781685, 40: 0.5288581409040762, 50: 0.4613995832423775, 60: 0.41206033667861197, 70: 0.37409771779483675, 80: 0.34620942709397295, 90: 0.32408363823258146, 100: 0.30675331849346354, 110: 0.28873295149876144, 120: 0.2728813589215279, 130: 0.25965352998217756, 140: 0.25009324704384317, 150: 0.23872168801816143, 160: 0.22968851483902153, 170: 0.22157642232520242, 180: 0.21515808371925838, 190: 0.20858743908089034, 200: 0.20243293109657814, 210: 0.19612953467210945, 220: 0.1904643869558159, 230: 0.18618952315194265, 240: 0.1825635541853856, 250: 0.1759888553278787, 260: 0.172931328445673, 270: 0.17105649548769, 280: 0.1684399298995125, 290: 0.1643944518067399, 300: 0.1635190348454884, 310: 0.16140099052567872, 320: 0.15880422769943062, 330: 0.15777706426868635, 340: 0.15347290916284737, 350: 0.15102508414886434, 360: 0.15066911026288052, 370: 0.14755715025018673, 380: 0.14661343971685487, 390: 0.14484525985437996, 400: 0.14264382465639894, 410: 0.14021920501030222, 420: 0.13930858353145267, 430: 0.13921739341166556, 440: 0.13721546073714083, 450: 0.134906085319665, 460: 0.13349419996020745, 470: 0.13314122387462732, 480: 0.13113765657738763, 490: 0.1312906155044935, 500: 0.12945737189784343, 510: 0.12997086134552957, 520: 0.12804253385565717, 530: 0.12725634390359022, 540: 0.1255845264780278, 550: 0.1265099754205772, 560: 0.12603449682556853, 570: 0.12321072799453929, 580: 0.12273870153573094, 590: 0.1214102426067907, 600: 0.12105676316910863, 610: 0.12025287596303588, 620: 0.12224152541890436, 630: 0.12137874168400861, 640: 0.12050452473333903}",610,0.12025287596303588,0.01,0.01,0.2
yacht,dropoutFCN,32,0.1,0.0001,"{0: 0.9726594162765814, 10: 0.7873756977927927, 20: 0.6374525890885567, 30: 0.5186749036336432, 40: 0.4344051105380059, 50: 0.37920105278978544, 60: 0.34193546922109563, 70: 0.3155982662056174, 80: 0.2953684727646867, 90: 0.2771219023107266, 100: 0.26375056805841773, 110: 0.2506753268016845, 120: 0.23890990459310765, 130: 0.22884116931837434, 140: 0.2190224451580826, 150: 0.20985110090399273, 160: 0.20215102646241384, 170: 0.1970792072202478, 180: 0.18925560091223037, 190: 0.18366739022914244, 200: 0.18024675385806024, 210: 0.17428174686188602, 220: 0.1707824565360741, 230: 0.16620754590934633, 240: 0.16266422035803602, 250: 0.16066190540729738, 260: 0.1570149582715667, 270: 0.1548846168949896, 280: 0.15115999189019202, 290: 0.1497907153982289, 300: 0.14697207827835668, 310: 0.14401740873468166, 320: 0.1423798244565117, 330: 0.14000663685616183, 340: 0.13803508216385937, 350: 0.13614999492618501, 360: 0.13477420300792672, 370: 0.13317090740252516, 380: 0.13158799222172524, 390: 0.12965035266109876, 400: 0.12786855241352196, 410: 0.12851415552533402, 420: 0.12480732177228344, 430: 0.12564278857318723, 440: 0.12380731194299095, 450: 0.12296162729482263, 460: 0.12157985008310299, 470: 0.12126043477228712, 480: 0.12072277661124053, 490: 0.11989700819947283, 500: 0.11815970358374168, 510: 0.11677484963317306, 520: 0.11585932220792286, 530: 0.11677136085592969, 540: 0.11690004697624519, 550: 0.11561671838164331, 560: 0.11462727170635242, 570: 0.11479953723233574, 580: 0.11389660722321393, 590: 0.11284322370801651, 600: 0.11297425461241177, 610: 0.11329641625041864, 620: 0.11193577785820379, 630: 0.11115724322747211, 640: 0.11181960878141073, 650: 0.1100703235676094, 660: 0.11045899026491204, 670: 0.10962203903040106, 680: 0.11041804593071644, 690: 0.10952078369016552, 700: 0.11004934642509538, 710: 0.11014969737675726, 720: 0.1087024678387204, 730: 0.11033011081024091, 740: 0.11010738308454046, 750: 0.10920365464748169}",720,0.1087024678387204,0.01,0.01,0.1
yacht,dropoutFCN,32,0.1,0.0001,"{0: 1.0055541627844986, 10: 0.8096766007725072, 20: 0.6534881275430017, 30: 0.5292522375048423, 40: 0.44326132020780024, 50: 0.38968111053534915, 60: 0.35259402426529907, 70: 0.325450351334348, 80: 0.304007005580834, 90: 0.286166859603658, 100: 0.26850147133457414, 110: 0.2545167990156582, 120: 0.24193266300035984, 130: 0.2314850620682142, 140: 0.21997357296274633, 150: 0.21108832721746698, 160: 0.20199358692217845, 170: 0.1948381889505046, 180: 0.18826858903498064, 190: 0.18231326373438445, 200: 0.17822356341688, 210: 0.17163988400053004, 220: 0.16770118122015681, 230: 0.1636224028024138, 240: 0.15944387303748908, 250: 0.15665236396874702, 260: 0.15445817550286955, 270: 0.15146486151279234, 280: 0.1487957070786126, 290: 0.14519875546438354, 300: 0.14351419890595943, 310: 0.1414427811783187, 320: 0.13897763003256855, 330: 0.1368998269298855, 340: 0.1354784045651251, 350: 0.13451045986158508, 360: 0.13204055122270877, 370: 0.1314899691544017, 380: 0.12949747335728334, 390: 0.12806376867148342, 400: 0.12679828926555964, 410: 0.1259198218273873, 420: 0.12481753117271832, 430: 0.12398780767102631, 440: 0.12287936385979456, 450: 0.12212299528839636, 460: 0.1215352036764427, 470: 0.11980552355245669, 480: 0.11890490766690702, 490: 0.11773700787704819, 500: 0.11612298631972195, 510: 0.1172029281599181, 520: 0.11517910311173421, 530: 0.11509747087286444, 540: 0.11381242225060657, 550: 0.11322146555720543, 560: 0.1128285148460038, 570: 0.11266398045542289, 580: 0.11164804468957745, 590: 0.11093087767034163, 600: 0.11148851809513811, 610: 0.10992394716763983, 620: 0.11075056489268129, 630: 0.10942152863071888, 640: 0.10925503065634748, 650: 0.10915010354956803, 660: 0.10986290741879112, 670: 0.10934599496758715, 680: 0.10948147549495406}",650,0.10915010354956803,0.01,0.01,0.05
yacht,dropoutFCN,32,0.1,0.0001,"{0: 0.9895268911244918, 10: 0.7997500199395783, 20: 0.6449285989050961, 30: 0.519798107777323, 40: 0.4298492925179248, 50: 0.3703977520526672, 60: 0.3307346527381819, 70: 0.3018378119006449, 80: 0.2798178090076057, 90: 0.26185123908276464, 100: 0.24647462871731546, 110: 0.23314322438167062, 120: 0.22210302205657473, 130: 0.21201108923371956, 140: 0.20296025631257467, 150: 0.19494392696570378, 160: 0.1881530508873414, 170: 0.1819076891352936, 180: 0.1758940833612364, 190: 0.17125537106212305, 200: 0.16712247448004022, 210: 0.16259140132762948, 220: 0.15890870506483684, 230: 0.15551390410868488, 240: 0.15270803590575044, 250: 0.15012649495747626, 260: 0.14747070841217527, 270: 0.14533456816782758, 280: 0.14272077525026944, 290: 0.14078312618331035, 300: 0.13898940832335122, 310: 0.13718420471403064, 320: 0.135589143184983, 330: 0.13406261093762456, 340: 0.13218156748888443, 350: 0.13087104215366502, 360: 0.12951161914394826, 370: 0.1281065655788597, 380: 0.12699573842055942, 390: 0.12552452504391573, 400: 0.12429495600109197, 410: 0.12329744248183405, 420: 0.12173503505332131, 430: 0.12031803025031576, 440: 0.11919388172942766, 450: 0.11842910517296013, 460: 0.11770986381963806, 470: 0.11607875751232614, 480: 0.11561961492409514, 490: 0.1149178349667666, 500: 0.11432156666444274, 510: 0.11337139929739797, 520: 0.11288628170076682, 530: 0.11234424384212008, 540: 0.11135573942077404, 550: 0.11076049958017409, 560: 0.11058206785698325, 570: 0.11023819063269362, 580: 0.10953257349194312, 590: 0.1089606489283698, 600: 0.1087345557462196, 610: 0.10840835852708137, 620: 0.10838770047864137, 630: 0.10791720510806357, 640: 0.10739877703907538, 650: 0.10711575222623593, 660: 0.10709042967643057, 670: 0.10681856671705539, 680: 0.10647005306153881, 690: 0.10665613273090246, 700: 0.1060900366598246, 710: 0.10588577094430826, 720: 0.1053864646262052, 730: 0.10558758433436861, 740: 0.10548634127268985, 750: 0.10537515879711327, 760: 0.10554353132235761, 770: 0.10511952330567398, 780: 0.10581193964700311, 790: 0.1052064424400427, 800: 0.10513623318623525}",770,0.10511952330567398,0.01,0.01,0.01
yacht,dropoutFCN,32,0.1,0.0001,"{0: 1.0090673977890794, 10: 0.8134700774562603, 20: 0.661308191153468, 30: 0.5408936152336549, 40: 0.456524075688148, 50: 0.4001975075347083, 60: 0.36175409729383434, 70: 0.3334245157095851, 80: 0.31094277131800746, 90: 0.29171028295706736, 100: 0.2756226383289512, 110: 0.2607657939670037, 120: 0.24824964361653037, 130: 0.23680011360620967, 140: 0.22631864361373744, 150: 0.2171001222741847, 160: 0.20898870539421938, 170: 0.2015364173614249, 180: 0.19470256256813906, 190: 0.1888006394469008, 200: 0.18332088073054137, 210: 0.17815087193737225, 220: 0.1735309339129195, 230: 0.1697973489737024, 240: 0.16578970404425447, 250: 0.16206736362831933, 260: 0.15895898027626837, 270: 0.15600330058956632, 280: 0.15296900671416397, 290: 0.15042631378283305, 300: 0.14752803525815206, 310: 0.1455032216121956, 320: 0.14316668332717858, 330: 0.14141426635761647, 340: 0.13921846263384335, 350: 0.13731675644492616, 360: 0.13553287693614863, 370: 0.13435040798296732, 380: 0.13284161524322569, 390: 0.13122826568022067, 400: 0.12953094336937884, 410: 0.1283944946186883, 420: 0.1269514151604808, 430: 0.12603953295702838, 440: 0.12488447702356749, 450: 0.12355020790866442, 460: 0.1223439536806272, 470: 0.12137662550442072, 480: 0.12068463075769191, 490: 0.11949136849933742, 500: 0.11841986636178833, 510: 0.11729369696913934, 520: 0.11683220437351538, 530: 0.11595729242356456, 540: 0.11506703349218077, 550: 0.11416508464180693, 560: 0.11330600093639627, 570: 0.11273709778761376, 580: 0.11253848173119585, 590: 0.11165891664976976, 600: 0.11109934483134017, 610: 0.11073624964149631, 620: 0.11034041530502085, 630: 0.10991479105669626, 640: 0.10985143627317584, 650: 0.10905828067356224, 660: 0.108995145426721, 670: 0.10864699244195102, 680: 0.1082400973646008, 690: 0.10804887648565428, 700: 0.10750641013529835, 710: 0.10745762845630549, 720: 0.10717899928713333, 730: 0.10733220358344972, 740: 0.10672841173045489, 750: 0.10695467515381016, 760: 0.10657635326957218, 770: 0.10647517939124788, 780: 0.10690329400738892, 790: 0.10664905853417454, 800: 0.10667120085018023}",770,0.10647517939124788,0.01,0.01,0.005
yacht,dropoutFCN,32,0.1,0.0001,"{0: 1.0102770610536846, 10: 0.8088244941915785, 20: 0.6522208573088353, 30: 0.5294353323299058, 40: 0.4421971342223031, 50: 0.3836666456533938, 60: 0.343636229054052, 70: 0.3146950185189442, 80: 0.2921066992307196, 90: 0.2734770049769052, 100: 0.2576723392800409, 110: 0.24378589597891787, 120: 0.23181990087397245, 130: 0.2213958874174527, 140: 0.2123310096336871, 150: 0.20451895746892812, 160: 0.19760679760636116, 170: 0.19137363196270807, 180: 0.18560681162926615, 190: 0.18057959470821888, 200: 0.17571872797121807, 210: 0.1713148895927838, 220: 0.16737093916352916, 230: 0.1636463221743399, 240: 0.1601589939533448, 250: 0.15714400575294787, 260: 0.154175583696487, 270: 0.1513933823443189, 280: 0.14889576153305112, 290: 0.14657050845513536, 300: 0.14438253300408926, 310: 0.1422831058483951, 320: 0.14034941856836786, 330: 0.13860626689998473, 340: 0.13684175286426836, 350: 0.13503538261201917, 360: 0.13334859073527006, 370: 0.1319771299781848, 380: 0.13047290075372678, 390: 0.1289599823203622, 400: 0.12760072806051798, 410: 0.1264118136216183, 420: 0.1251033838786641, 430: 0.12382585384347003, 440: 0.12271764460510137, 450: 0.12168133014987928, 460: 0.12067092337535353, 470: 0.1194902782129998, 480: 0.11851882756972801, 490: 0.11759003068293843, 500: 0.11671863542223464, 510: 0.11582720400119313, 520: 0.11512680827659005, 530: 0.11425624969966557, 540: 0.11366543689066051, 550: 0.11293680952154861, 560: 0.11257230771256951, 570: 0.1117723071581247, 580: 0.11130234777684116, 590: 0.11075870253297748, 600: 0.11029829160960354, 610: 0.10994036185680603, 620: 0.10922125444302755, 630: 0.10905552715975411, 640: 0.10863566364743274, 650: 0.10822871183436744, 660: 0.10799250232261053, 670: 0.10771106110786906, 680: 0.10755303520207504, 690: 0.10728480013231842, 700: 0.10708472323782589, 710: 0.10678467416276738, 720: 0.10675770352750409, 730: 0.10649979094461519, 740: 0.10642908014630784, 750: 0.10632953381842498, 760: 0.10612577694532821, 770: 0.10600420561250376, 780: 0.10586687041727864, 790: 0.10576740068440534, 800: 0.10566983471172198, 810: 0.10573418385459452, 820: 0.10571721892332545, 830: 0.10558272506266224, 840: 0.10566636871257606, 850: 0.10552718508426025, 860: 0.10564541906726603, 870: 0.10565698522329332, 880: 0.1056408007090189}",850,0.10552718508426025,0.01,0.01,0.001
yacht,dropoutFCN,32,0.1,0.0005,"{0: 0.9253127781760938, 10: 0.4364217251052662, 20: 0.30213920811852635, 30: 0.2398849408711706, 40: 0.2010846760716974, 50: 0.1773969043554092, 60: 0.159372258225874, 70: 0.14741435422824353, 80: 0.13937722940347633, 90: 0.12873592807626238, 100: 0.1276541391830055, 110: 0.12093756915902605, 120: 0.1188507526608146, 130: 0.11593805037225995, 140: 0.115225649628104, 150: 0.11467180310280956, 160: 0.11147959263349065, 170: 0.11291535488196783, 180: 0.11319535567261736, 190: 0.108838628956858, 200: 0.10967590923090369, 210: 0.11178169381496858, 220: 0.11266718263407142}",190,0.108838628956858,0.01,0.01,0.2
yacht,dropoutFCN,32,0.1,0.0005,"{0: 0.9278330934096355, 10: 0.37192572592350903, 20: 0.2600803212584281, 30: 0.20344459480047225, 40: 0.1766956788587327, 50: 0.15811069436584202, 60: 0.14646894178828415, 70: 0.13902191744106157, 80: 0.1323627861957161, 90: 0.12459561370647684, 100: 0.12317147240407614, 110: 0.12040463060566357, 120: 0.11600063217172818, 130: 0.11243344580518955, 140: 0.11206344569398433, 150: 0.11224145630731874, 160: 0.11014622555216964, 170: 0.11052780360652474, 180: 0.10950608860534064, 190: 0.11101614949837021, 200: 0.10912393082708727, 210: 0.1106084364330282, 220: 0.1090662407589202, 230: 0.10997959026146908, 240: 0.10870813611818819, 250: 0.10912212258212421, 260: 0.10899262415389625, 270: 0.10741783374912886, 280: 0.1086087056933617, 290: 0.10682519743272237, 300: 0.10873566482079274, 310: 0.10820811103497233, 320: 0.10967833507000184}",290,0.10682519743272237,0.01,0.01,0.1
yacht,dropoutFCN,32,0.1,0.0005,"{0: 0.9079630935435393, 10: 0.4018401444590821, 20: 0.29228007560116903, 30: 0.23277858887156663, 40: 0.19726342558191748, 50: 0.17404727027854142, 60: 0.15854854198560422, 70: 0.14514030198965755, 80: 0.13585126869836633, 90: 0.12888705927924232, 100: 0.12263183923096074, 110: 0.11904332876448728, 120: 0.11549092515938138, 130: 0.11389274035546244, 140: 0.11138102129162575, 150: 0.10943520109568323, 160: 0.11074439333288037, 170: 0.10760273023345032, 180: 0.10994303642851966, 190: 0.10668083618368422, 200: 0.10586781966017215, 210: 0.10772420975991656, 220: 0.10820956300716011, 230: 0.10652091182190544}",200,0.10586781966017215,0.01,0.01,0.05
yacht,dropoutFCN,32,0.1,0.0005,"{0: 0.9030050074664914, 10: 0.37178659528493885, 20: 0.25960998616534836, 30: 0.20267060197433645, 40: 0.17217863613367082, 50: 0.1548083789677036, 60: 0.1419644949691636, 70: 0.13414362536461985, 80: 0.12707471239749263, 90: 0.12165627458387492, 100: 0.11717866836761943, 110: 0.11330705195604537, 120: 0.11184672248363495, 130: 0.10976268116552002, 140: 0.10787882869645041, 150: 0.1068346365155006, 160: 0.10636487166796411, 170: 0.10616669504800622, 180: 0.10592883638398987, 190: 0.10546009414354149, 200: 0.10611857176678523, 210: 0.10550340877321303, 220: 0.1054792035130822}",190,0.10546009414354149,0.01,0.01,0.01
yacht,dropoutFCN,32,0.1,0.0005,"{0: 0.8992069703218888, 10: 0.36916720765585803, 20: 0.2598582317792639, 30: 0.2041356956460038, 40: 0.1742785318603321, 50: 0.15518815160101776, 60: 0.14227693172012054, 70: 0.1331050936166121, 80: 0.1261874594937782, 90: 0.12072258382792374, 100: 0.11689355651882227, 110: 0.113589950753718, 120: 0.11092894306231518, 130: 0.10965439236103272, 140: 0.1076558243200487, 150: 0.10676554359769334, 160: 0.10635366029885349, 170: 0.10614247872817273, 180: 0.10604670071176119, 190: 0.10588059712368617, 200: 0.10570179230461316, 210: 0.10616660920150427, 220: 0.1062435758679497, 230: 0.10626144615423923}",200,0.10570179230461316,0.01,0.01,0.005
yacht,dropoutFCN,32,0.1,0.0005,"{0: 0.9088893591919724, 10: 0.34950795945585983, 20: 0.24170140726469, 30: 0.19144362809585064, 40: 0.1646442860322339, 50: 0.14904681028516925, 60: 0.1379901778904759, 70: 0.12985344853875588, 80: 0.12343435037683467, 90: 0.1188342577036546, 100: 0.11532836207625818, 110: 0.11257213503913004, 120: 0.11060382588177312, 130: 0.10894597184353945, 140: 0.10794435782943453, 150: 0.10711067472976081, 160: 0.10646416987326682, 170: 0.10600708066383187, 180: 0.10547751959671778, 190: 0.10569897934916068, 200: 0.10541731467356485, 210: 0.1055865233260758, 220: 0.10543367849989813, 230: 0.10506646763913485, 240: 0.10563368606810668, 250: 0.10568682453401235, 260: 0.10580258882167388}",230,0.10506646763913485,0.01,0.01,0.001
yacht,dropoutFCN,32,0.1,0.001,"{0: 0.8567859298307068, 10: 0.2858420733566187, 20: 0.19432681185250383, 30: 0.16078872325894783, 40: 0.14257398702173818, 50: 0.12757488362278258, 60: 0.12185943169374855, 70: 0.11785943921244875, 80: 0.11549286501565759, 90: 0.11684740792914312, 100: 0.11149766370532463, 110: 0.11451185630474772, 120: 0.11103971980603373, 130: 0.1111683616942289, 140: 0.10941898715921809, 150: 0.108224500237679, 160: 0.11018146853909201, 170: 0.11102484336373757, 180: 0.11185838342017056}",150,0.108224500237679,0.01,0.01,0.2
yacht,dropoutFCN,32,0.1,0.001,"{0: 0.8080154948721127, 10: 0.2735521330839517, 20: 0.1857506906566571, 30: 0.15055160088320169, 40: 0.13424391280266704, 50: 0.12289129240962926, 60: 0.1150742529058943, 70: 0.11391851046255656, 80: 0.11018460363575389, 90: 0.11119264218758565, 100: 0.11065979732360158, 110: 0.10905351050958342, 120: 0.10836645607923974, 130: 0.10676294269063036, 140: 0.10735064576474987, 150: 0.10975527527016035, 160: 0.10873928726084378}",130,0.10676294269063036,0.01,0.01,0.1
yacht,dropoutFCN,32,0.1,0.001,"{0: 0.8017105689827275, 10: 0.2489762028224614, 20: 0.16916019741552213, 30: 0.1427040590783771, 40: 0.12573043432406017, 50: 0.11854235138880961, 60: 0.1105340268046272, 70: 0.1088302909786604, 80: 0.10604924288148783, 90: 0.10797144201702, 100: 0.10633632748102657, 110: 0.10862728213959812}",80,0.10604924288148783,0.01,0.01,0.05
yacht,dropoutFCN,32,0.1,0.001,"{0: 0.7964865828192964, 10: 0.24400632728484212, 20: 0.1663901782017581, 30: 0.13843349013097433, 40: 0.12401800828563925, 50: 0.11570578304967101, 60: 0.11154081051203671, 70: 0.10758530854935551, 80: 0.10753721893928488, 90: 0.10589817203185996, 100: 0.10553528537433973, 110: 0.10555641987189954, 120: 0.10445235224767609, 130: 0.10554546356444457, 140: 0.10598408350105186, 150: 0.10756537520824647}",120,0.10445235224767609,0.01,0.01,0.01
yacht,dropoutFCN,32,0.1,0.001,"{0: 0.8048181851396755, 10: 0.25597620756285533, 20: 0.17604660736358896, 30: 0.143730897310437, 40: 0.12624207820332783, 50: 0.11749213919104362, 60: 0.11206309567422283, 70: 0.10865287409631574, 80: 0.10717421017313492, 90: 0.10620187506748706, 100: 0.10576320736809652, 110: 0.10562314443138181, 120: 0.10626052083896131, 130: 0.1059652761038469, 140: 0.1068199091492867}",110,0.10562314443138181,0.01,0.01,0.005
yacht,dropoutFCN,32,0.1,0.001,"{0: 0.8155848570307906, 10: 0.24448788253385195, 20: 0.16865414622730138, 30: 0.14041469882519877, 40: 0.12609953052109601, 50: 0.11800823233383043, 60: 0.11201563207653105, 70: 0.1086959127589148, 80: 0.10738883291032848, 90: 0.10678756978742932, 100: 0.10638616686572835, 110: 0.1059299349091491, 120: 0.10580312728881835, 130: 0.10579739327759159, 140: 0.10584644656765219, 150: 0.10574337354302406, 160: 0.1058319111752267, 170: 0.10635159052087335, 180: 0.1062694542316758}",150,0.10574337354302406,0.01,0.01,0.001
yacht,dropoutFCN,32,0.1,0.002,"{0: 0.6852550994668689, 10: 0.18849064273980198, 20: 0.14627369604366164, 30: 0.12027207171552035, 40: 0.11592434421607427, 50: 0.11053723868058651, 60: 0.11670614933845946, 70: 0.11046516488674954, 80: 0.10902156217609134, 90: 0.1134963988266429, 100: 0.1115724444492739, 110: 0.11058688462145475}",80,0.10902156217609134,0.01,0.01,0.2
yacht,dropoutFCN,32,0.1,0.002,"{0: 0.6756376565402868, 10: 0.1768323647136591, 20: 0.130405396300311, 30: 0.11570893160056095, 40: 0.10936442327316927, 50: 0.11096741285798502, 60: 0.10687569485148604, 70: 0.11390918599038709, 80: 0.10874679889241043, 90: 0.10860841465300444}",60,0.10687569485148604,0.01,0.01,0.1
yacht,dropoutFCN,32,0.1,0.002,"{0: 0.6659010559977318, 10: 0.16832967615735778, 20: 0.11901890579474217, 30: 0.10947891661707235, 40: 0.10727550691913586, 50: 0.10850648739751503, 60: 0.10604272312473277, 70: 0.10978521315662229, 80: 0.10818221817393692, 90: 0.11068530320513004}",60,0.10604272312473277,0.01,0.01,0.05
yacht,dropoutFCN,32,0.1,0.002,"{0: 0.6680525517415028, 10: 0.16851919733626503, 20: 0.12409203682383711, 30: 0.11061482381942322, 40: 0.10776402174696631, 50: 0.10734408647186902, 60: 0.10850528312945854, 70: 0.10712628837933347, 80: 0.10688398467277996, 90: 0.10637348448439521, 100: 0.10852459686386343, 110: 0.10687028793047885, 120: 0.10681846321358972}",90,0.10637348448439521,0.01,0.01,0.01
yacht,dropoutFCN,32,0.1,0.002,"{0: 0.629961685136873, 10: 0.16206214703224142, 20: 0.12284539930552851, 30: 0.10955462782601921, 40: 0.10588836911320687, 50: 0.1056771951652303, 60: 0.10544833028073212, 70: 0.10729308552462229, 80: 0.10735364833595802, 90: 0.10697545564296296}",60,0.10544833028073212,0.01,0.01,0.005
yacht,dropoutFCN,32,0.1,0.002,"{0: 0.6340103705488905, 10: 0.172458254040504, 20: 0.12753302767142957, 30: 0.1114740626447055, 40: 0.10666604299083049, 50: 0.10578956413694791, 60: 0.1062429669590629, 70: 0.10618081643812512, 80: 0.10607240479819628}",50,0.10578956413694791,0.01,0.01,0.001
yacht,dropoutFCN,32,0.01,0.0001,"{0: 1.0400973712376185, 10: 0.8379954567296165, 20: 0.6641728455266174, 30: 0.5136559497336952, 40: 0.4130567286987694, 50: 0.3537322843342411, 60: 0.31282287580261425, 70: 0.27965423364541964, 80: 0.2513224541727378, 90: 0.22764200011929686, 100: 0.20993815631465035, 110: 0.1912017164187772, 120: 0.17606944420812082, 130: 0.16302176650142183, 140: 0.15278459510146353, 150: 0.14178510599233668, 160: 0.13277884840721985, 170: 0.12600359136413555, 180: 0.12102638945530872, 190: 0.1135828161853917, 200: 0.10931164466848178, 210: 0.1076890469564467, 220: 0.10057749183232687, 230: 0.09961173266628567, 240: 0.09471008767005132, 250: 0.09480953428635792, 260: 0.09239742129706607, 270: 0.08777870898526542, 280: 0.08700262148130913, 290: 0.08478145156861568, 300: 0.08324991439252483, 310: 0.0844505483106691, 320: 0.08148911786505156, 330: 0.07955787467926131, 340: 0.08033127546371246, 350: 0.07841222312803171, 360: 0.08069681196401314, 370: 0.07488857260072719, 380: 0.07476655078603296, 390: 0.0751204090250694, 400: 0.07025665757668262, 410: 0.07465135976854635, 420: 0.0706149155468661, 430: 0.06929618497816276, 440: 0.07298574406653642, 450: 0.06897652206721963, 460: 0.0667277858786437, 470: 0.066035895612623, 480: 0.06939525452727566, 490: 0.06418420549497313, 500: 0.0649494272836921, 510: 0.06434786808810064, 520: 0.06386803665620332, 530: 0.06265317132278365, 540: 0.06513919297955474, 550: 0.0652648389365296, 560: 0.06387247129826217}",530,0.06265317132278365,0.01,0.01,0.2
yacht,dropoutFCN,32,0.01,0.0001,"{0: 0.9582731594163544, 10: 0.7373807287410813, 20: 0.5502519901966562, 30: 0.41659232938411284, 40: 0.34229196139501067, 50: 0.2993448985073031, 60: 0.26618132282519824, 70: 0.23779977379830516, 80: 0.21344959323503537, 90: 0.19290651363256023, 100: 0.1747133164874145, 110: 0.16115031285857667, 120: 0.14660920445955528, 130: 0.135495096605043, 140: 0.1259249062203631, 150: 0.11793252654008719, 160: 0.11108934764411985, 170: 0.10700924588496588, 180: 0.10128406574865993, 190: 0.09606920202958341, 200: 0.09373887883856588, 210: 0.08893666994845381, 220: 0.09104332430964829, 230: 0.08452761305746984, 240: 0.08097536152874937, 250: 0.08220098537085008, 260: 0.07895175166336857, 270: 0.07759747927833577, 280: 0.07550939383585843, 290: 0.07302164463638043, 300: 0.07064293676249836, 310: 0.07373760639404764, 320: 0.06910650467659747, 330: 0.06804633988896194, 340: 0.06945918859830316, 350: 0.06790774551550953, 360: 0.06633026115413831, 370: 0.06616870514653168, 380: 0.06708236892566996, 390: 0.06542899864501492, 400: 0.06449851580131419, 410: 0.06325671346683284, 420: 0.06065321311962848, 430: 0.061443163682155466, 440: 0.060427960846953246, 450: 0.06199939763393938, 460: 0.05949008107656727, 470: 0.06135998440001693, 480: 0.05935137163178653, 490: 0.06176118817864632, 500: 0.05833911476132213, 510: 0.05570964292360812, 520: 0.055964566051199725, 530: 0.06018071721433378, 540: 0.056093927469788765}",510,0.05570964292360812,0.01,0.01,0.1
yacht,dropoutFCN,32,0.01,0.0001,"{0: 0.9715788285488985, 10: 0.75022850628775, 20: 0.5636498433862414, 30: 0.4297338766577292, 40: 0.3539332593740249, 50: 0.30699565180223815, 60: 0.2705900591575369, 70: 0.23859006366559438, 80: 0.2133113077659996, 90: 0.1894168130390498, 100: 0.17030341757073691, 110: 0.15371965251528485, 120: 0.13994686416582186, 130: 0.12889682857783474, 140: 0.12048275457109722, 150: 0.11221956559529112, 160: 0.10580845419058993, 170: 0.10145635368568558, 180: 0.09623175003029863, 190: 0.09131194807497822, 200: 0.08971845623060148, 210: 0.0853983831150191, 220: 0.0813620066113618, 230: 0.08128730144001999, 240: 0.07811287882011764, 250: 0.07578158043233715, 260: 0.07471685151603757, 270: 0.07281299833983793, 280: 0.07223488724414183, 290: 0.07131285670582128, 300: 0.0680978433118791, 310: 0.0675715161963385, 320: 0.06718087944023463, 330: 0.0652220039887696, 340: 0.06711957094316581, 350: 0.06649929816960072, 360: 0.06418232562438567, 370: 0.06367632021253207, 380: 0.06330907069055401, 390: 0.06308137983813578, 400: 0.06076465956897152, 410: 0.06300655435238565, 420: 0.06186101290127453, 430: 0.0582541253566742, 440: 0.06044447673887623, 450: 0.05933105655531494, 460: 0.05936419433142457}",430,0.0582541253566742,0.01,0.01,0.05
yacht,dropoutFCN,32,0.01,0.0001,"{0: 0.9543144691671644, 10: 0.7193662837038236, 20: 0.5153071184863849, 30: 0.38193342933727775, 40: 0.3130162307024002, 50: 0.2707138093709946, 60: 0.23767755881134342, 70: 0.21055520495224972, 80: 0.1873863885852755, 90: 0.16756021811402572, 100: 0.15117909493859932, 110: 0.13706146997213367, 120: 0.1259981445682292, 130: 0.11720935565841442, 140: 0.1086562793005486, 150: 0.10269521540829114, 160: 0.09662481434308752, 170: 0.09269060231593192, 180: 0.08708493024232436, 190: 0.08486803111373162, 200: 0.08192512088892412, 210: 0.07850497255033376, 220: 0.07585225560774608, 230: 0.07477545886197869, 240: 0.07210138946832442, 250: 0.07100917137642296, 260: 0.06964360041034465, 270: 0.06776738287478076, 280: 0.06609136499160406, 290: 0.06511563427989579, 300: 0.06423016097229355, 310: 0.062149212956428536, 320: 0.06154040278798463, 330: 0.060943723510114525, 340: 0.05892181250696279, 350: 0.05826301212031014, 360: 0.05888301566790562, 370: 0.05792652327308849, 380: 0.055944058669160836, 390: 0.056257859538252256, 400: 0.05539303944123035, 410: 0.055007796944252084, 420: 0.0541143764338019, 430: 0.05350024130970847, 440: 0.0541018457511554, 450: 0.053063215579761534, 460: 0.05363487577407944, 470: 0.05340314436703921, 480: 0.05200887968193511, 490: 0.051579699797593824, 500: 0.051225077376681936, 510: 0.05209535483818273, 520: 0.052162463561612735, 530: 0.051798165708020025}",500,0.051225077376681936,0.01,0.01,0.01
yacht,dropoutFCN,32,0.01,0.0001,"{0: 0.9679467104211146, 10: 0.7375378431154758, 20: 0.5355003704757106, 30: 0.39364953003489245, 40: 0.32080905588184083, 50: 0.27555280522302705, 60: 0.2409075811931065, 70: 0.21167090292244542, 80: 0.186627110766513, 90: 0.16559919640847615, 100: 0.14819820547712095, 110: 0.1337661046671624, 120: 0.12236386732909144, 130: 0.11304012771346132, 140: 0.10509994156263311, 150: 0.09834347637028111, 160: 0.09325556582516552, 170: 0.08844408300701453, 180: 0.0846559752177219, 190: 0.08130825748674723, 200: 0.07829190421743053, 210: 0.07665034887346686, 220: 0.07387470395133204, 230: 0.07209932573139669, 240: 0.07049238335173957, 250: 0.06868871419557503, 260: 0.06732137187524719, 270: 0.06624170664104881, 280: 0.06519144647674902, 290: 0.06317737783248327, 300: 0.06269103367505026, 310: 0.06141607658078476, 320: 0.06120298201575571, 330: 0.06034969744420782, 340: 0.05979081132521434, 350: 0.058776274882713156, 360: 0.05819493756823393, 370: 0.05737835199370676, 380: 0.05677303307974826, 390: 0.05597077718559577, 400: 0.05561290631549698, 410: 0.05501995215975508, 420: 0.05517564921141886, 430: 0.05418522081174413, 440: 0.05351319118908473, 450: 0.052678451336768205, 460: 0.052963546720998636, 470: 0.052542204400410464, 480: 0.05138655072420227, 490: 0.052444019602573645, 500: 0.0523331034341637, 510: 0.05259572818632028}",480,0.05138655072420227,0.01,0.01,0.005
yacht,dropoutFCN,32,0.01,0.0001,"{0: 0.9993377122489774, 10: 0.7646156900707556, 20: 0.5653785289696285, 30: 0.4212809827327728, 40: 0.341705939080034, 50: 0.29256714956736085, 60: 0.254597575343385, 70: 0.22220301795978936, 80: 0.19435543945249248, 90: 0.17117153251231934, 100: 0.15157165926998975, 110: 0.13566768350893138, 120: 0.12315068631087031, 130: 0.11278430986830168, 140: 0.10446274663599171, 150: 0.09751358644147308, 160: 0.0919089568731736, 170: 0.08734871770988921, 180: 0.08321066909967637, 190: 0.08006222231351601, 200: 0.07716815700549252, 210: 0.07475193782789366, 220: 0.07215653806407842, 230: 0.07026277556437618, 240: 0.06793093815962879, 250: 0.06683342322524713, 260: 0.06504016756433614, 270: 0.06374833103254134, 280: 0.06258736382029495, 290: 0.061640179596689285, 300: 0.06062058434757043, 310: 0.059264341699073506, 320: 0.05860061494413079, 330: 0.05814815790936047, 340: 0.05731816299350895, 350: 0.05672335505896077, 360: 0.056191151993311185, 370: 0.05538430705073536, 380: 0.055138342871197635, 390: 0.05415818396423544, 400: 0.05399122929238542, 410: 0.05410332536226024, 420: 0.0533806886241144, 430: 0.053113824287543486, 440: 0.05253215045162609, 450: 0.052737711718952175, 460: 0.05227437275207164, 470: 0.05213631274718411, 480: 0.05186282747740648, 490: 0.05141993476876191, 500: 0.05142105540617996, 510: 0.051087103669588664, 520: 0.05091177978549076, 530: 0.050825484663856266, 540: 0.05031623199308405, 550: 0.050473914646828655, 560: 0.049993516806437044, 570: 0.04971399616951845, 580: 0.049906721944103435, 590: 0.04963483053491431, 600: 0.04913725171861599, 610: 0.04926214368839045, 620: 0.04856075972394676, 630: 0.04871081112188345, 640: 0.04889834013170734, 650: 0.04845014663572822, 660: 0.048727752641451606, 670: 0.048332343999220394, 680: 0.04856396523923898, 690: 0.04825541783078593, 700: 0.04776648312639825, 710: 0.04762817626020738, 720: 0.047955395051715324, 730: 0.04800305686647795, 740: 0.04762913935890003}",710,0.04762817626020738,0.01,0.01,0.001
yacht,dropoutFCN,32,0.01,0.0005,"{0: 0.9102809596159019, 10: 0.3441022135165273, 20: 0.21357527554035188, 30: 0.15097616931856894, 40: 0.11882992823695651, 50: 0.10497404080750991, 60: 0.08919355809962262, 70: 0.08390709930293413, 80: 0.08065733613073826, 90: 0.06938786678746038, 100: 0.06794141817701106, 110: 0.06855664050244556, 120: 0.06858168030971168, 130: 0.05744809731719445, 140: 0.061949956897266054, 150: 0.06270521967082607, 160: 0.05842198987061879}",130,0.05744809731719445,0.01,0.01,0.2
yacht,dropoutFCN,32,0.01,0.0005,"{0: 0.8902642065894847, 10: 0.30392267020746155, 20: 0.17816825256420643, 30: 0.12257003873039266, 40: 0.09571255771237977, 50: 0.0850010047682694, 60: 0.07443254053318987, 70: 0.06481154863353895, 80: 0.06076645748134779, 90: 0.06083853719946073, 100: 0.0569995796026624, 110: 0.053214841614724416, 120: 0.05531673396713273, 130: 0.059169100267546515, 140: 0.05288212834085737, 150: 0.054140806811500575, 160: 0.0530749854276679, 170: 0.050769846052843695, 180: 0.048622434468597785, 190: 0.05244880687954778, 200: 0.05215137140270398, 210: 0.044799351079427466, 220: 0.05098585089752261, 230: 0.04687296729884586, 240: 0.0487071791441769}",210,0.044799351079427466,0.01,0.01,0.1
yacht,dropoutFCN,32,0.01,0.0005,"{0: 0.8659113053302375, 10: 0.29745615302299966, 20: 0.17206888418963978, 30: 0.11697603842251154, 40: 0.09081939729196684, 50: 0.08145936418948126, 60: 0.07482591545581818, 70: 0.06817988553187068, 80: 0.062685931712389, 90: 0.05940817888217921, 100: 0.05817960401168283, 110: 0.05445008167001057, 120: 0.058715008599569594, 130: 0.05559695904306612, 140: 0.04976904997594502, 150: 0.054639745461089274, 160: 0.056025527209347614, 170: 0.05603973352300877}",140,0.04976904997594502,0.01,0.01,0.05
yacht,dropoutFCN,32,0.01,0.0005,"{0: 0.8906245308992814, 10: 0.3091960326019599, 20: 0.17631787830834486, 30: 0.11051846201687443, 40: 0.08233430639335089, 50: 0.06865955172053405, 60: 0.06510691866734805, 70: 0.05975803228148392, 80: 0.060037245572373575, 90: 0.052137026559941624, 100: 0.05297365898927864, 110: 0.051132762286736036, 120: 0.05526540595384277, 130: 0.048690075251825, 140: 0.04665162282482702, 150: 0.050360003650188445, 160: 0.047449795441055785, 170: 0.046752807863056654}",140,0.04665162282482702,0.01,0.01,0.01
yacht,dropoutFCN,32,0.01,0.0005,"{0: 0.8739188972735891, 10: 0.28296584500828564, 20: 0.1602325115021394, 30: 0.10604595719673196, 40: 0.08348919054318447, 50: 0.07141500437411727, 60: 0.06407217016664087, 70: 0.06058352701153073, 80: 0.05626264751444058, 90: 0.05463586199587704, 100: 0.05151188687387169, 110: 0.05135548854832138, 120: 0.05077979684697122, 130: 0.05073199745252425, 140: 0.04898712253038372, 150: 0.04863111743999987, 160: 0.046746181735578846, 170: 0.04981056233191368, 180: 0.04831005986247744, 190: 0.0483368473594286}",160,0.046746181735578846,0.01,0.01,0.005
yacht,dropoutFCN,32,0.01,0.0005,"{0: 0.9166939159218146, 10: 0.28329443497682105, 20: 0.1589885796466652, 30: 0.10303410913506332, 40: 0.08052757435976242, 50: 0.0697569265727486, 60: 0.06365396837281938, 70: 0.059189620248821316, 80: 0.05549312885713821, 90: 0.05496444176502373, 100: 0.05283193889701245, 110: 0.051912170152579026, 120: 0.04981920636688568, 130: 0.04913406213053635, 140: 0.04969454914179384, 150: 0.048531742348050584, 160: 0.04893979018333615, 170: 0.04748904555868738, 180: 0.048869786909496296, 190: 0.048068665594318695, 200: 0.04697851529078824, 210: 0.047246800308020746, 220: 0.047628322000710335, 230: 0.047012800004409286}",200,0.04697851529078824,0.01,0.01,0.001
yacht,dropoutFCN,32,0.01,0.001,"{0: 0.8013218993410772, 10: 0.2070077839992484, 20: 0.12674652134155742, 30: 0.09401089739039237, 40: 0.07505910910574758, 50: 0.07299706765188246, 60: 0.07162902538964944, 70: 0.05980935517470447, 80: 0.05585332260660979, 90: 0.06071702738197482, 100: 0.053668837655259635, 110: 0.06168224247164873, 120: 0.05050044623990448, 130: 0.04598279758649213, 140: 0.05310371365991173, 150: 0.048637699438449075, 160: 0.049573458335229324}",130,0.04598279758649213,0.01,0.01,0.2
yacht,dropoutFCN,32,0.01,0.001,"{0: 0.7424576666890358, 10: 0.17674844259388595, 20: 0.09341960383191401, 30: 0.08136807773064594, 40: 0.0717710169739261, 50: 0.05777728053380031, 60: 0.06348629148912673, 70: 0.06122894646044896, 80: 0.052824756808122805, 90: 0.05320203525983558, 100: 0.04703760308331373, 110: 0.05114451208543412, 120: 0.050403448362739724, 130: 0.05035614002298335}",100,0.04703760308331373,0.01,0.01,0.1
yacht,dropoutFCN,32,0.01,0.001,"{0: 0.746413067214343, 10: 0.15728117879191225, 20: 0.08545693073163227, 30: 0.07168812588587099, 40: 0.06284207608657225, 50: 0.051502114353131276, 60: 0.05455290744818595, 70: 0.05425310232596738, 80: 0.04878282767595077, 90: 0.05411922817722875, 100: 0.050690314966501025, 110: 0.048429186623923634, 120: 0.049698003544491165, 130: 0.048791287144532014, 140: 0.04993495077837486}",110,0.048429186623923634,0.01,0.01,0.05
yacht,dropoutFCN,32,0.01,0.001,"{0: 0.772959095336953, 10: 0.16102894270541718, 20: 0.08218142040104283, 30: 0.06809087817522944, 40: 0.06471731597093903, 50: 0.060374488894276476, 60: 0.051918459912800065, 70: 0.05427093936259649, 80: 0.05299351541287437, 90: 0.05195510791135686}",60,0.051918459912800065,0.01,0.01,0.01
yacht,dropoutFCN,32,0.01,0.001,"{0: 0.7598302483607312, 10: 0.15795979131362875, 20: 0.08342009019425937, 30: 0.0633892025904996, 40: 0.05875862239301205, 50: 0.0572331429671268, 60: 0.05244750357464868, 70: 0.051258435853585915, 80: 0.0523816451846945, 90: 0.04727615776536416, 100: 0.04714590405231836, 110: 0.04734841312300794, 120: 0.049458186682845864, 130: 0.04717941411447769}",100,0.04714590405231836,0.01,0.01,0.005
yacht,dropoutFCN,32,0.01,0.001,"{0: 0.7441527892278165, 10: 0.16451647964180732, 20: 0.08135040432488432, 30: 0.06373285795231255, 40: 0.057737332173147984, 50: 0.052809361337094886, 60: 0.05117133366575046, 70: 0.04989555130564437, 80: 0.049231515225099054, 90: 0.04951872658212574, 100: 0.048904954306629236, 110: 0.04735357748960354, 120: 0.0484418254520516, 130: 0.04725431683385859, 140: 0.04710895415577961, 150: 0.04629090180248022, 160: 0.04489845476740477, 170: 0.0451390790364572, 180: 0.04515191208723248, 190: 0.04439288309353347, 200: 0.043914151064443345, 210: 0.04382459012814322, 220: 0.04309526973156905, 230: 0.043639464348858716, 240: 0.04430136768884805, 250: 0.04278022189195059, 260: 0.046188867841752204, 270: 0.04458098072695489, 280: 0.044959981092080784}",250,0.04278022189195059,0.01,0.01,0.001
yacht,dropoutFCN,32,0.01,0.002,"{0: 0.6232147198745183, 10: 0.12498765615784393, 20: 0.07516870728500036, 30: 0.06380187352913982, 40: 0.060679144789065644, 50: 0.05886562328162241, 60: 0.07228496305431638, 70: 0.04654968665859529, 80: 0.043936267560233874, 90: 0.0589699858021067, 100: 0.055146714004326844, 110: 0.050109064643936496}",80,0.043936267560233874,0.01,0.01,0.2
yacht,dropoutFCN,32,0.01,0.002,"{0: 0.5917427494623223, 10: 0.10003396025178383, 20: 0.060306385678904395, 30: 0.06134125222144078, 40: 0.047024931359656005, 50: 0.05620368402299224, 60: 0.03971032555158041, 70: 0.05095835510458872, 80: 0.06158027840299265, 90: 0.03892014977761678, 100: 0.0577371628067019, 110: 0.04317889613825447, 120: 0.04811122556631359}",90,0.03892014977761678,0.01,0.01,0.1
yacht,dropoutFCN,32,0.01,0.002,"{0: 0.5510844068673192, 10: 0.08427076219843357, 20: 0.06138676445216549, 30: 0.05968627222247269, 40: 0.0482133492459448, 50: 0.06158758323974147, 60: 0.04700832389872901, 70: 0.042835128088386694, 80: 0.05075793760224264, 90: 0.04981606922861265, 100: 0.041894958169484624, 110: 0.04083727888686924, 120: 0.04161003785709642, 130: 0.057806665828337475, 140: 0.0423823828891832}",110,0.04083727888686924,0.01,0.01,0.05
yacht,dropoutFCN,32,0.01,0.002,"{0: 0.5776354350240863, 10: 0.08790993196197919, 20: 0.059229580069987145, 30: 0.05423752522772672, 40: 0.05144532649340679, 50: 0.05379363157676191, 60: 0.04716190127815519, 70: 0.04660515316621382, 80: 0.04537511534791212, 90: 0.0439373581616246, 100: 0.0395583799481392, 110: 0.048879370466939034, 120: 0.04758794260116256, 130: 0.04656629725606466}",100,0.0395583799481392,0.01,0.01,0.01
yacht,dropoutFCN,32,0.01,0.002,"{0: 0.5820933674938825, 10: 0.09080144621279776, 20: 0.06141386682175252, 30: 0.05431170764352593, 40: 0.05143465089098531, 50: 0.0515222316726434, 60: 0.04783421602571497, 70: 0.04940153611588235, 80: 0.04745168283277628, 90: 0.043821731684919527, 100: 0.04666311318123219, 110: 0.04858734526986978, 120: 0.046725335359573364}",90,0.043821731684919527,0.01,0.01,0.005
yacht,dropoutFCN,32,0.01,0.002,"{0: 0.5712869787191858, 10: 0.07531482817080556, 20: 0.053387520208346605, 30: 0.05119982778630695, 40: 0.05161650549544363, 50: 0.04789892477222851, 60: 0.04719955258345117, 70: 0.0440462868979999, 80: 0.04443797282479247, 90: 0.04716079228933977, 100: 0.04338320049749954, 110: 0.043375835779142016, 120: 0.04652034309810522, 130: 0.043633039274994206, 140: 0.04499893457624985}",110,0.043375835779142016,0.01,0.01,0.001
yacht,dropoutFCN,32,0.001,0.0001,"{0: 0.9954775706699917, 10: 0.8025787635141489, 20: 0.6308045774844228, 30: 0.4813407916438823, 40: 0.3814935995936394, 50: 0.3224523289726705, 60: 0.28673723573344095, 70: 0.25488070176693856, 80: 0.22900513473092293, 90: 0.20784135803154538, 100: 0.18850778175860033, 110: 0.1713477610118535, 120: 0.15736159066643035, 130: 0.14475133216928462, 140: 0.1337184754962824, 150: 0.12455546932013668, 160: 0.11673673481357341, 170: 0.10904605123826436, 180: 0.10452976362376795, 190: 0.10036425122375392, 200: 0.09220387895739808, 210: 0.08964819188628878, 220: 0.08525179963209191, 230: 0.0833870269181777, 240: 0.08570748891483763, 250: 0.08031066978829247, 260: 0.07929550696970249, 270: 0.07488848962923703, 280: 0.07511239443901851, 290: 0.07690291762199937, 300: 0.07517498002155702}",270,0.07488848962923703,0.01,0.01,0.2
yacht,dropoutFCN,32,0.001,0.0001,"{0: 0.9802071580692212, 10: 0.7759553885167959, 20: 0.5914283962760652, 30: 0.4514941546916962, 40: 0.3666899757640702, 50: 0.3166930373980074, 60: 0.2783563029206529, 70: 0.24702553865252708, 80: 0.2203229975384109, 90: 0.19579564858577692, 100: 0.17631988826454903, 110: 0.15944913027359514, 120: 0.14566998798810704, 130: 0.13386360402435674, 140: 0.12270503068091917, 150: 0.11686586906836957, 160: 0.10848604468180208, 170: 0.10187649597501269, 180: 0.09924300403436837, 190: 0.09450287962750512, 200: 0.08920523207345787, 210: 0.08394424122815229, 220: 0.08243915153644524, 230: 0.0765338972438963, 240: 0.07889995540982606, 250: 0.07752275162874436, 260: 0.07414556827198486, 270: 0.07429772910323679, 280: 0.07482304800256175, 290: 0.07342306076841695, 300: 0.06887925841218354, 310: 0.06638679233984071, 320: 0.06553082867027546, 330: 0.06729926657615877, 340: 0.0680692433404679, 350: 0.06200277688551923, 360: 0.06374286632209407, 370: 0.06025433765564646, 380: 0.06007233391154785, 390: 0.06552100513115222, 400: 0.061042770118129495, 410: 0.05773316577624301, 420: 0.06164927326994283, 430: 0.06091213924270504, 440: 0.06351404413793768}",410,0.05773316577624301,0.01,0.01,0.1
yacht,dropoutFCN,32,0.001,0.0001,"{0: 0.9894157151981278, 10: 0.7641116748975247, 20: 0.5650712789126804, 30: 0.4148027946316466, 40: 0.3301308389610173, 50: 0.28295389446312064, 60: 0.24734059797622718, 70: 0.21618412138247978, 80: 0.18891039640197949, 90: 0.1659009156239276, 100: 0.14689123322039235, 110: 0.12988540922257366, 120: 0.11722015756246992, 130: 0.10623847310518733, 140: 0.09888691241887151, 150: 0.09136823488011651, 160: 0.0869958326028926, 170: 0.08049045279774132, 180: 0.07600348451003736, 190: 0.07449833248738122, 200: 0.07176157045668485, 210: 0.06740855247937902, 220: 0.06712297365920886, 230: 0.06514846581296653, 240: 0.062161062068324904, 250: 0.060966444966288245, 260: 0.05933076696143467, 270: 0.06041127541129079, 280: 0.057043769628113625, 290: 0.057944409811070983, 300: 0.05736779920057374, 310: 0.05661454248321909, 320: 0.05488695762914662, 330: 0.05417647392546036, 340: 0.05410088004171848, 350: 0.05456630500177948, 360: 0.052437865095023, 370: 0.05241930860676327, 380: 0.05283625848484891, 390: 0.05264596011185524, 400: 0.051815175636234334, 410: 0.05141558848534311, 420: 0.05035052089864502, 430: 0.050365853782971294, 440: 0.05130886385224912, 450: 0.05069219145406874}",420,0.05035052089864502,0.01,0.01,0.05
yacht,dropoutFCN,32,0.001,0.0001,"{0: 0.9828056921764297, 10: 0.7306194792183078, 20: 0.5240601147315941, 30: 0.39670189459834776, 40: 0.33239924667197823, 50: 0.2905011655007089, 60: 0.2576675719168722, 70: 0.22946378121084096, 80: 0.20509068658643842, 90: 0.18438532459006018, 100: 0.16600760511232882, 110: 0.14996873698854934, 120: 0.13774994006144756, 130: 0.1269047759309107, 140: 0.11827854064958436, 150: 0.11081447273796918, 160: 0.10405017592164933, 170: 0.09926639570447864, 180: 0.09402064409730386, 190: 0.09028420980609193, 200: 0.0862387953187738, 210: 0.08413406266454532, 220: 0.0801585933082566, 230: 0.07765467692060131, 240: 0.0743431736498463, 250: 0.07321201096718408, 260: 0.07093275630626143, 270: 0.0683283212294384, 280: 0.0685032971142506, 290: 0.0665464474431106, 300: 0.06361053240998668, 310: 0.06366883506063295, 320: 0.0625846420550833, 330: 0.06103481608690048, 340: 0.06084693445782272, 350: 0.060130902310415194, 360: 0.05959448682623251, 370: 0.058971756751135904, 380: 0.056744121223688125, 390: 0.05752465096876329, 400: 0.05625928802757847, 410: 0.05643973566409277, 420: 0.053981745646924394, 430: 0.053825995630147505, 440: 0.05497879285988759, 450: 0.05311389416334581, 460: 0.05323583693893589, 470: 0.05071052624376453, 480: 0.05160001607391299, 490: 0.05117765476265732, 500: 0.05124904765401568}",470,0.05071052624376453,0.01,0.01,0.01
yacht,dropoutFCN,32,0.001,0.0001,"{0: 0.9808080148064361, 10: 0.7289639261644714, 20: 0.5202644485575811, 30: 0.3902483346048667, 40: 0.3236212516755474, 50: 0.2792269326910681, 60: 0.24217419422889241, 70: 0.21103631972415107, 80: 0.18424184501779323, 90: 0.16179699582895452, 100: 0.1436074757703713, 110: 0.1281565177994115, 120: 0.11596614851148761, 130: 0.1062635873902817, 140: 0.09782609581278294, 150: 0.09216502987304512, 160: 0.0869961506176968, 170: 0.08249633649599795, 180: 0.0788988569968817, 190: 0.0750343129856854, 200: 0.07246101353454346, 210: 0.07000000010552454, 220: 0.06831648621480076, 230: 0.06544409443955032, 240: 0.06361619527881243, 250: 0.06345384781579581, 260: 0.06227238876691886, 270: 0.060782480188778465, 280: 0.05954563904964194, 290: 0.058445154514847976, 300: 0.05697844333885884, 310: 0.05788420520205888, 320: 0.05656319195214583, 330: 0.05575975454553049, 340: 0.05695194417390288, 350: 0.05626337368056482, 360: 0.054325423607412646, 370: 0.05456096229443745, 380: 0.0537317520027258, 390: 0.05463804082998207, 400: 0.052395900771630054, 410: 0.052841410056060675, 420: 0.05230121525802782, 430: 0.05320123976925197, 440: 0.05121689137603556, 450: 0.051446830208660387, 460: 0.05097953644273232, 470: 0.051819205682344584, 480: 0.049508432886886354, 490: 0.05084776067794585, 500: 0.05126355552460467, 510: 0.05141136757269198}",480,0.049508432886886354,0.01,0.01,0.005
yacht,dropoutFCN,32,0.001,0.0001,"{0: 0.9819022706625413, 10: 0.7542828451808619, 20: 0.5696140522591921, 30: 0.4457544421614433, 40: 0.378149021692422, 50: 0.3320817971193061, 60: 0.29309237868201976, 70: 0.25911318003523104, 80: 0.22976781394408677, 90: 0.204279611439121, 100: 0.18227628507906077, 110: 0.16374038417363654, 120: 0.14761888148103441, 130: 0.13436284634531762, 140: 0.1232401846951368, 150: 0.11383405285769581, 160: 0.10619283198884555, 170: 0.0995401703636257, 180: 0.09371406018186587, 190: 0.08893008364159234, 200: 0.08502239408906626, 210: 0.08128462226962556, 220: 0.07820674268262727, 230: 0.07510303528576481, 240: 0.07299991147433008, 250: 0.07046527909441871, 260: 0.0685325909135293, 270: 0.06689228661175893, 280: 0.06532653297909669, 290: 0.0637448770641064, 300: 0.0625626274929667, 310: 0.061225419379314604, 320: 0.06043414977785884, 330: 0.059150105522147244, 340: 0.05856965691748321, 350: 0.05741159059593872, 360: 0.05691444153794829, 370: 0.055907153009303975, 380: 0.05557385012036076, 390: 0.05484626490181806, 400: 0.05430386771413744, 410: 0.054196932764153695, 420: 0.0536815362301256, 430: 0.05301427836860625, 440: 0.05299679896273479, 450: 0.052769395508024154, 460: 0.051898725201812934, 470: 0.051551629242240174, 480: 0.051659506701465165, 490: 0.051649859361730666, 500: 0.05170268581024542}",470,0.051551629242240174,0.01,0.01,0.001
yacht,dropoutFCN,32,0.001,0.0005,"{0: 0.8963724665447156, 10: 0.33576930743334243, 20: 0.21341083291963653, 30: 0.1448301088925527, 40: 0.10782345019858712, 50: 0.0947121771497994, 60: 0.08993652671970884, 70: 0.07501715359319838, 80: 0.0799985592313567, 90: 0.07167173001352621, 100: 0.06835233313058105, 110: 0.06267296117437737, 120: 0.06492124448534178, 130: 0.058572191382853356, 140: 0.0641589073674107, 150: 0.05453276102655395, 160: 0.07191628102349992, 170: 0.05574944706131914, 180: 0.04786848317231147, 190: 0.05636418246234558, 200: 0.05850935669144501, 210: 0.05284598516049434}",180,0.04786848317231147,0.01,0.01,0.2
yacht,dropoutFCN,32,0.001,0.0005,"{0: 0.893297823375585, 10: 0.3049577877351216, 20: 0.17719883227956537, 30: 0.11067783341784868, 40: 0.08562853975016244, 50: 0.07698889049157805, 60: 0.06586679024477395, 70: 0.06433556714958075, 80: 0.05923828509115443, 90: 0.06188751221889136, 100: 0.06013768385350704, 110: 0.05451645413451658, 120: 0.05291712898289671, 130: 0.05225941281720083, 140: 0.06485270828069473, 150: 0.06226655173271286, 160: 0.05934586922170556}",130,0.05225941281720083,0.01,0.01,0.1
yacht,dropoutFCN,32,0.001,0.0005,"{0: 0.892376241528258, 10: 0.2976496590181273, 20: 0.16520900835917918, 30: 0.10701006099520897, 40: 0.09106232011804775, 50: 0.07372118285693685, 60: 0.0670251306809333, 70: 0.0645883931211975, 80: 0.06207123772799968, 90: 0.059176209696093385, 100: 0.04992269769219719, 110: 0.059220938114183296, 120: 0.059089651649095576, 130: 0.054224657771234606}",100,0.04992269769219719,0.01,0.01,0.05
yacht,dropoutFCN,32,0.001,0.0005,"{0: 0.8659744129570164, 10: 0.2814084068840863, 20: 0.1643021543622017, 30: 0.10526170277777984, 40: 0.07884769669357611, 50: 0.06745973066955196, 60: 0.05495853611735665, 70: 0.05244520567631235, 80: 0.04900708749540606, 90: 0.050235960721969605, 100: 0.04716812036201662, 110: 0.04591164895390369, 120: 0.04459686989595696, 130: 0.04692613183144404, 140: 0.04373043443855582, 150: 0.046380892892577213, 160: 0.0500654188797486, 170: 0.04735722726735534}",140,0.04373043443855582,0.01,0.01,0.01
yacht,dropoutFCN,32,0.001,0.0005,"{0: 0.8699407338658158, 10: 0.31618948598297275, 20: 0.1851457637949866, 30: 0.12213276518485985, 40: 0.08999694437457591, 50: 0.07818500287070566, 60: 0.06904464047903917, 70: 0.06704213479739063, 80: 0.0616255606945072, 90: 0.06093271877540618, 100: 0.057977331902603714, 110: 0.05790211299928475, 120: 0.05705377937199509, 130: 0.05699870724687163, 140: 0.05278590786761167, 150: 0.05373341151524563, 160: 0.051546974329163844, 170: 0.05395852848051154, 180: 0.05395554197275517, 190: 0.054569262792261285}",160,0.051546974329163844,0.01,0.01,0.005
yacht,dropoutFCN,32,0.001,0.0005,"{0: 0.8561077543132158, 10: 0.2903279988546761, 20: 0.15981040452086195, 30: 0.09602424147968389, 40: 0.07071420169697731, 50: 0.06008189616945325, 60: 0.05477232607286804, 70: 0.05155062288775736, 80: 0.048203636908713654, 90: 0.047983521375729116, 100: 0.04741953035215942, 110: 0.046201430509437105, 120: 0.046660029343348376, 130: 0.046171625694145964, 140: 0.04520535428031367, 150: 0.04545546388321993, 160: 0.04399441648730818, 170: 0.04600141575628397, 180: 0.04570934470347604, 190: 0.044151208320062384}",160,0.04399441648730818,0.01,0.01,0.001
yacht,dropoutFCN,32,0.001,0.001,"{0: 0.7896904504591105, 10: 0.19107308851942723, 20: 0.11272845187600777, 30: 0.09999721256263402, 40: 0.0737370434999466, 50: 0.08594872840083376, 60: 0.07761820232792169, 70: 0.06213142952779118, 80: 0.05669080105712827, 90: 0.06095989853379373, 100: 0.06831994824894533, 110: 0.06108962763002028}",80,0.05669080105712827,0.01,0.01,0.2
yacht,dropoutFCN,32,0.001,0.001,"{0: 0.797688667287632, 10: 0.19052138428785362, 20: 0.10218296617087053, 30: 0.0779714084760267, 40: 0.06795640745485315, 50: 0.06549395013828667, 60: 0.059943200199275605, 70: 0.06204209155406879, 80: 0.05591052685024178, 90: 0.05700524796484685, 100: 0.052902312362072414, 110: 0.06019087283404506, 120: 0.056104590621529796, 130: 0.05432722094769077}",100,0.052902312362072414,0.01,0.01,0.1
yacht,dropoutFCN,32,0.001,0.001,"{0: 0.7462358822871227, 10: 0.1637331939132846, 20: 0.09135816752180762, 30: 0.0706378200843322, 40: 0.06443005701625834, 50: 0.05454870568383104, 60: 0.05394201108083433, 70: 0.057601876643695385, 80: 0.05352774484820512, 90: 0.06109476396350229, 100: 0.05267838540977361, 110: 0.045505526751127776, 120: 0.052985436495773655, 130: 0.04765157743406539, 140: 0.06181856876520477}",110,0.045505526751127776,0.01,0.01,0.05
yacht,dropoutFCN,32,0.001,0.001,"{0: 0.7468798553992291, 10: 0.13856362239195377, 20: 0.06961146485805511, 30: 0.05575668308017205, 40: 0.0538644105074357, 50: 0.0505579451035176, 60: 0.050197371838044146, 70: 0.05010110522472129, 80: 0.04000261736980506, 90: 0.04414059955155363, 100: 0.04709714254265537, 110: 0.049919970378431745}",80,0.04000261736980506,0.01,0.01,0.01
yacht,dropoutFCN,32,0.001,0.001,"{0: 0.7338667781693594, 10: 0.1561958419558953, 20: 0.07433666338178575, 30: 0.05619791461466526, 40: 0.05075799269974231, 50: 0.04571489811643046, 60: 0.04988812058388579, 70: 0.04692796781742756, 80: 0.04304590540356478, 90: 0.04731632442236403, 100: 0.047094894241389566, 110: 0.04589216804576619}",80,0.04304590540356478,0.01,0.01,0.005
yacht,dropoutFCN,32,0.001,0.001,"{0: 0.7452255456496258, 10: 0.16778816245040112, 20: 0.0775991364632334, 30: 0.058803417172358964, 40: 0.05231962122828985, 50: 0.048565131354088686, 60: 0.04661899817734956, 70: 0.04637518675549298, 80: 0.04538794539268223, 90: 0.045853578329770536, 100: 0.04683957070477155, 110: 0.04559275680719589}",80,0.04538794539268223,0.01,0.01,0.001
yacht,dropoutFCN,32,0.001,0.002,"{0: 0.6155722197853789, 10: 0.11584624327627982, 20: 0.08777964685766064, 30: 0.08045363324698138, 40: 0.059499632403710666, 50: 0.06585717594501923, 60: 0.05927259474871109, 70: 0.07044939823661531, 80: 0.05578918823128452, 90: 0.04447612691959556, 100: 0.058370238390047936, 110: 0.042939463681408344, 120: 0.06264561485696812, 130: 0.060634890585225455, 140: 0.06186113971623839}",110,0.042939463681408344,0.01,0.01,0.2
yacht,dropoutFCN,32,0.001,0.002,"{0: 0.6154943022679309, 10: 0.09336304048038259, 20: 0.05964380820004308, 30: 0.06502386988212867, 40: 0.0524686909704184, 50: 0.0501131793409586, 60: 0.043920111485585875, 70: 0.04485983914425786, 80: 0.06584374757658462, 90: 0.04795831663541648}",60,0.043920111485585875,0.01,0.01,0.1
yacht,dropoutFCN,32,0.001,0.002,"{0: 0.5805863882862792, 10: 0.08435123238271595, 20: 0.052775608451998954, 30: 0.06123357503329004, 40: 0.05390036464847472, 50: 0.06142754563445948}",20,0.052775608451998954,0.01,0.01,0.05
yacht,dropoutFCN,32,0.001,0.002,"{0: 0.5468272012034241, 10: 0.0762224925385446, 20: 0.05262285111814129, 30: 0.04763512119498788, 40: 0.05398560029237853, 50: 0.05388567592234028, 60: 0.052426422000539555}",30,0.04763512119498788,0.01,0.01,0.01
yacht,dropoutFCN,32,0.001,0.002,"{0: 0.5221877350490921, 10: 0.08020925741475456, 20: 0.05615940349168923, 30: 0.05698342988503222, 40: 0.06534697275319878, 50: 0.047865088762373345, 60: 0.052776820829936434, 70: 0.050688905156388575, 80: 0.053337796449965356}",50,0.047865088762373345,0.01,0.01,0.005
yacht,dropoutFCN,32,0.001,0.002,"{0: 0.5736339195504481, 10: 0.077959769819464, 20: 0.05084536224603653, 30: 0.051088093877751, 40: 0.04646303776712442, 50: 0.04643220478075803, 60: 0.050272025808311846, 70: 0.04212755403880562, 80: 0.04413751178173995, 90: 0.03740910810049699, 100: 0.04179001465895954, 110: 0.04138385135802079, 120: 0.045949730441658475}",90,0.03740910810049699,0.01,0.01,0.001
yacht,dropoutFCN,32,0.0001,0.0001,"{0: 0.979193135534014, 10: 0.7758173747889849, 20: 0.6014036571687582, 30: 0.4612688117197582, 40: 0.37939966705380657, 50: 0.33226803721335474, 60: 0.29973515654705013, 70: 0.2719268437088752, 80: 0.24866172703918146, 90: 0.22930935746796277, 100: 0.20953896409394793, 110: 0.19177735737148596, 120: 0.17983766966693254, 130: 0.16541138339164305, 140: 0.15593484200628435, 150: 0.14467759615122053, 160: 0.13486699242616185, 170: 0.1286796590479053, 180: 0.12215096553004519, 190: 0.11616651490026589, 200: 0.11157579581834831, 210: 0.10635382057756795, 220: 0.10233310118986635, 230: 0.10025043875222303, 240: 0.09771926567444997, 250: 0.09224281814390299, 260: 0.087813071728665, 270: 0.08921166330758405, 280: 0.08493908647341389, 290: 0.08569269335087465, 300: 0.08084515090834121, 310: 0.08153408492280512, 320: 0.07992911045831078, 330: 0.07884977504185268, 340: 0.07745949764853838, 350: 0.07946664567960768, 360: 0.08010824054905345, 370: 0.0747152553447047, 380: 0.07894887656703287, 390: 0.07678735046362391, 400: 0.0727283219564326, 410: 0.07199799106194049, 420: 0.07201979064941406, 430: 0.06978400416854694, 440: 0.07069571763337876, 450: 0.06726520228994134, 460: 0.07162400388413545, 470: 0.069511265902799, 480: 0.06514814820247036, 490: 0.06542061231513412, 500: 0.06912479040543644, 510: 0.06620495382818033}",480,0.06514814820247036,0.01,0.01,0.2
yacht,dropoutFCN,32,0.0001,0.0001,"{0: 1.0191047954072758, 10: 0.7914423342480952, 20: 0.5888556212430098, 30: 0.4349009467120073, 40: 0.35349849398282107, 50: 0.30744182920820856, 60: 0.273704726911321, 70: 0.2421309710181489, 80: 0.21567350226883986, 90: 0.19277103727934314, 100: 0.17471751537858224, 110: 0.1564983257079611, 120: 0.14199773770205829, 130: 0.1297323970746021, 140: 0.12124735231849611, 150: 0.11248667420112357, 160: 0.1055724755580328, 170: 0.09974351619457714, 180: 0.09537268960840847, 190: 0.09210833470736231, 200: 0.09033109992316792, 210: 0.08529253967197574, 220: 0.08133560446117605, 230: 0.07983125918586645, 240: 0.07639724064481501, 250: 0.07607240690899139, 260: 0.0750719208020945, 270: 0.07436609343819472, 280: 0.07264274603432538, 290: 0.07096071200772208, 300: 0.07229484013179127, 310: 0.07254522709426832, 320: 0.07043567192432833, 330: 0.07057447009944186, 340: 0.07062652826856594, 350: 0.06779478481138239, 360: 0.06981808931730231, 370: 0.0629448164883925, 380: 0.06369783272214083, 390: 0.06624602747784585, 400: 0.06553805436254764}",370,0.0629448164883925,0.01,0.01,0.1
yacht,dropoutFCN,32,0.0001,0.0001,"{0: 0.9821533948547986, 10: 0.7552166257780425, 20: 0.5610800896615398, 30: 0.42666380254103214, 40: 0.3534096017966465, 50: 0.30802433591107936, 60: 0.2718622852697664, 70: 0.24181093572232185, 80: 0.21312484606918022, 90: 0.1894677692055702, 100: 0.16899658253606487, 110: 0.14956279489337182, 120: 0.13658079833765419, 130: 0.12556154767651947, 140: 0.11652168268634348, 150: 0.10740790623669723, 160: 0.10333974697699352, 170: 0.09472000265243101, 180: 0.0904472655970223, 190: 0.084442337400451, 200: 0.08289923887654227, 210: 0.0797860820317755, 220: 0.07462598625433688, 230: 0.07338333536289177, 240: 0.07157505560316602, 250: 0.07360380402967638, 260: 0.07116013596647856, 270: 0.06709620686878963, 280: 0.06661086755413181, 290: 0.06264060444217556, 300: 0.06697852511734378, 310: 0.06284311218681385, 320: 0.0632360842075883}",290,0.06264060444217556,0.01,0.01,0.05
yacht,dropoutFCN,32,0.0001,0.0001,"{0: 0.9940401918255553, 10: 0.7483180878648953, 20: 0.5415600099904196, 30: 0.40830273440905984, 40: 0.3397088154894965, 50: 0.29520813572528415, 60: 0.25904928946130135, 70: 0.22638341250346633, 80: 0.19773486919549046, 90: 0.1729837005807429, 100: 0.15382431486674716, 110: 0.1370359267008548, 120: 0.12377514489512054, 130: 0.11285089619305669, 140: 0.10468503376476619, 150: 0.09785596016171028, 160: 0.09235707214048931, 170: 0.08686784844860738, 180: 0.08181545572439017, 190: 0.0788193737566471, 200: 0.07619588184113404, 210: 0.07375962716097735, 220: 0.0711201293620528, 230: 0.06863597313208239, 240: 0.0685555238048641, 250: 0.06649310228928011, 260: 0.06359708594941363, 270: 0.06264310455869655, 280: 0.061606118701246326, 290: 0.060549179326818914, 300: 0.058353412628173826, 310: 0.05872470991374279, 320: 0.05916391773521901, 330: 0.059071592175534794}",300,0.058353412628173826,0.01,0.01,0.01
yacht,dropoutFCN,32,0.0001,0.0001,"{0: 1.007767771458139, 10: 0.7559983016958041, 20: 0.5468422810179847, 30: 0.40649403265665984, 40: 0.33773291382862597, 50: 0.29665703039509905, 60: 0.26537455087900164, 70: 0.23862344969900287, 80: 0.21464508206868657, 90: 0.1925589194054506, 100: 0.17255951263223374, 110: 0.15582564475463362, 120: 0.14205219580932538, 130: 0.13131556077636017, 140: 0.12062822368801858, 150: 0.11280666457694404, 160: 0.10610469798226747, 170: 0.10032639375450661, 180: 0.09527182273049743, 190: 0.09071518521953602, 200: 0.08643776276038617, 210: 0.08413964486973627, 220: 0.07955236783197947, 230: 0.07761393507341949, 240: 0.07564047205265687, 250: 0.0740044681378165, 260: 0.07112806693570954, 270: 0.07118791702815465, 280: 0.06944512794182008, 290: 0.06860059517530762, 300: 0.06549255172330506, 310: 0.06657772175937282, 320: 0.06421742074465266, 330: 0.06351020864959882, 340: 0.061922035196301885, 350: 0.06228024401895853, 360: 0.06229562304366608, 370: 0.06125080059833672, 380: 0.05919788354452775, 390: 0.05897384348876622, 400: 0.05849491430271645, 410: 0.05804506873993241, 420: 0.057652635848339726, 430: 0.056360534546630724, 440: 0.059227995120140965, 450: 0.057154968863543196, 460: 0.05672918155241986}",430,0.056360534546630724,0.01,0.01,0.005
yacht,dropoutFCN,32,0.0001,0.0001,"{0: 0.9916515051880662, 10: 0.733960149959642, 20: 0.5274577973837755, 30: 0.3992962955285092, 40: 0.33684075430096416, 50: 0.29436937292011417, 60: 0.2588165709972382, 70: 0.22770346515519274, 80: 0.20041103802165208, 90: 0.1764274830988475, 100: 0.15646786818577318, 110: 0.1403132107203104, 120: 0.12704542167697636, 130: 0.11625285886136853, 140: 0.10740867446028457, 150: 0.10013016204079803, 160: 0.09473861972531493, 170: 0.089339637205917, 180: 0.08526944385377729, 190: 0.08147516355252996, 200: 0.07790081894336914, 210: 0.07558513091839089, 220: 0.07274833814161165, 230: 0.07071911845341021, 240: 0.06904432716022949, 250: 0.06696179504175574, 260: 0.06561716728368584, 270: 0.06440395590602135, 280: 0.06294179075256903, 290: 0.061778618511496755, 300: 0.06074784672290695, 310: 0.060200147738870315, 320: 0.059133739388414784, 330: 0.05884115419369571, 340: 0.057404357482584156, 350: 0.05688966601661274, 360: 0.055922358128489294, 370: 0.05610191413851416, 380: 0.05597956761839438, 390: 0.0556056107313049, 400: 0.05562410623534601, 410: 0.05521893255442989, 420: 0.05425340106931268, 430: 0.054128150279728726, 440: 0.054329372301241574, 450: 0.053937304151453536, 460: 0.0545705648020518, 470: 0.05365320522110073, 480: 0.05337961742631635, 490: 0.053026130902828, 500: 0.052810632924340205, 510: 0.052859679032953424, 520: 0.05322759280809943, 530: 0.052446481349060735, 540: 0.05132981034048967, 550: 0.051644499436629056, 560: 0.05266977150449339, 570: 0.051446727705397176}",540,0.05132981034048967,0.01,0.01,0.001
yacht,dropoutFCN,32,0.0001,0.0005,"{0: 0.8885624677697008, 10: 0.30286201697223036, 20: 0.18682420846029202, 30: 0.12846738140376246, 40: 0.10061914035617088, 50: 0.08881066990141966, 60: 0.08161786552898738, 70: 0.07552100220839589, 80: 0.06734762522395776, 90: 0.0624307531147283, 100: 0.06996097630916201, 110: 0.0711974773154575, 120: 0.0585280473534854, 130: 0.06757445929016995, 140: 0.06123603571905774, 150: 0.059716133161923104}",120,0.0585280473534854,0.01,0.01,0.2
yacht,dropoutFCN,32,0.0001,0.0005,"{0: 0.8738428661190734, 10: 0.2935710342672406, 20: 0.17971073618227124, 30: 0.12338697695853758, 40: 0.09907670446561308, 50: 0.0888819619505381, 60: 0.08132321160332281, 70: 0.07012059140752772, 80: 0.07116728209019924, 90: 0.06938410487056386, 100: 0.06672199041327956, 110: 0.05913942955464733, 120: 0.06492441801072993, 130: 0.06302710402179129, 140: 0.06296233211989914}",110,0.05913942955464733,0.01,0.01,0.1
yacht,dropoutFCN,32,0.0001,0.0005,"{0: 0.8877738950057905, 10: 0.3020764430518053, 20: 0.1779654010558615, 30: 0.11738018457317838, 40: 0.08155435275605746, 50: 0.07978069355718943, 60: 0.06895471274639879, 70: 0.0667646623807294, 80: 0.061994878361115655, 90: 0.06628988784095462, 100: 0.06252194204865669, 110: 0.062227835014310416}",80,0.061994878361115655,0.01,0.01,0.05
yacht,dropoutFCN,32,0.0001,0.0005,"{0: 0.8857403836444933, 10: 0.2872025576051401, 20: 0.1531092491478336, 30: 0.09905684527815604, 40: 0.07825719172674782, 50: 0.06832035247768674, 60: 0.0627576881817409, 70: 0.06112280112930707, 80: 0.05269510568495915, 90: 0.05442858672719829, 100: 0.053927909498464086, 110: 0.05467588927946528}",80,0.05269510568495915,0.01,0.01,0.01
yacht,dropoutFCN,32,0.0001,0.0005,"{0: 0.8819901737145017, 10: 0.2754514879012594, 20: 0.15192982774243063, 30: 0.09764203210083806, 40: 0.07738357030797978, 50: 0.06629366816154549, 60: 0.06462161545972436, 70: 0.0623426855401117, 80: 0.06443120003963003, 90: 0.0594085109048352, 100: 0.058753535926342006, 110: 0.05880277593220984, 120: 0.05861892009511286, 130: 0.056752517994113114, 140: 0.059387845307892685, 150: 0.05909538777963239, 160: 0.057202105659459324}",130,0.056752517994113114,0.01,0.01,0.005
yacht,dropoutFCN,32,0.0001,0.0005,"{0: 0.8626153621332986, 10: 0.2795068464218353, 20: 0.15114125429367534, 30: 0.09681781260456358, 40: 0.07607592106838615, 50: 0.06576014594672894, 60: 0.060016829764660516, 70: 0.05619858461770477, 80: 0.052906776056910056, 90: 0.05269618851235327, 100: 0.05159031384864023, 110: 0.050980724945512354, 120: 0.05027774149293498, 130: 0.05246668064145713, 140: 0.049537625406735716, 150: 0.04998557928751926, 160: 0.04901444328420472, 170: 0.04834101816380815, 180: 0.04847170249403131, 190: 0.0466391149027159, 200: 0.04852027832815538, 210: 0.049527852062287984, 220: 0.04714538223144351}",190,0.0466391149027159,0.01,0.01,0.001
yacht,dropoutFCN,32,0.0001,0.001,"{0: 0.7868455387621509, 10: 0.20786428556636888, 20: 0.1143149913245318, 30: 0.08567291783282951, 40: 0.08345400645507842, 50: 0.06965509487384436, 60: 0.07607794814389579, 70: 0.06727763577307365, 80: 0.07062961777862238, 90: 0.06673376679207596, 100: 0.06462136817221739, 110: 0.05409504979544757, 120: 0.05616949575196724, 130: 0.054405300129433065, 140: 0.05496695512320313}",110,0.05409504979544757,0.01,0.01,0.2
yacht,dropoutFCN,32,0.0001,0.001,"{0: 0.7920818778349429, 10: 0.18634943583790137, 20: 0.10812860455135909, 30: 0.08209865720995835, 40: 0.08295130405286137, 50: 0.06555258329760055, 60: 0.06364733962684262, 70: 0.055385479546171054, 80: 0.05863642617938471, 90: 0.07039387206064196, 100: 0.05285601695657385, 110: 0.051370767141027104, 120: 0.05478272052002804, 130: 0.05732911219143746, 140: 0.06609621890162935}",110,0.051370767141027104,0.01,0.01,0.1
yacht,dropoutFCN,32,0.0001,0.001,"{0: 0.7915038642980615, 10: 0.17509821503138057, 20: 0.08674483139964999, 30: 0.07498716273295636, 40: 0.06322370925880208, 50: 0.058947715759581444, 60: 0.05204649083285916, 70: 0.055770542792975906, 80: 0.054237087639923, 90: 0.05104805769041485, 100: 0.05075254895401245, 110: 0.05153363870205928, 120: 0.047497015154331315, 130: 0.052380423142897835, 140: 0.05143320240650554, 150: 0.05263235759400592}",120,0.047497015154331315,0.01,0.01,0.05
yacht,dropoutFCN,32,0.0001,0.001,"{0: 0.7603899626147992, 10: 0.16458293593294765, 20: 0.08047132596191095, 30: 0.06583412417404506, 40: 0.057178469952576014, 50: 0.05165448118533407, 60: 0.06020230929386251, 70: 0.053041741456152224, 80: 0.058395317275609294}",50,0.05165448118533407,0.01,0.01,0.01
yacht,dropoutFCN,32,0.0001,0.001,"{0: 0.7396274558670666, 10: 0.1619980461694756, 20: 0.07461403017719181, 30: 0.062304787975184774, 40: 0.05276602006353894, 50: 0.04875726690523478, 60: 0.04606283250968067, 70: 0.04695870912652843, 80: 0.04578139987618339, 90: 0.057026427509833354, 100: 0.046995322982571565, 110: 0.04761601374693671}",80,0.04578139987618339,0.01,0.01,0.005
yacht,dropoutFCN,32,0.0001,0.001,"{0: 0.7724742145830271, 10: 0.15823412707265544, 20: 0.0698935136576088, 30: 0.05307463140451178, 40: 0.046922079038559175, 50: 0.04628008057146656, 60: 0.04608905521035195, 70: 0.04569096994977824, 80: 0.04630026654412552, 90: 0.045785649951015195, 100: 0.047195417402958385}",70,0.04569096994977824,0.01,0.01,0.001
yacht,dropoutFCN,32,0.0001,0.002,"{0: 0.6157834890667273, 10: 0.10875776076012729, 20: 0.09241593415609428, 30: 0.059579118721035065, 40: 0.06718675643905084, 50: 0.060820962694986734, 60: 0.05399503619269449, 70: 0.05050097584785247, 80: 0.05620576724714162, 90: 0.05079925436724205, 100: 0.043613112661911514, 110: 0.05099902112074957, 120: 0.05732694286663009, 130: 0.05953604758325585}",100,0.043613112661911514,0.01,0.01,0.2
yacht,dropoutFCN,32,0.0001,0.002,"{0: 0.570438972543697, 10: 0.086865666336551, 20: 0.06785670607339363, 30: 0.05468619017394222, 40: 0.051909140765971064, 50: 0.041401013153091984, 60: 0.06535203846376769, 70: 0.056526841435049255, 80: 0.06653226074120219}",50,0.041401013153091984,0.01,0.01,0.1
yacht,dropoutFCN,32,0.0001,0.002,"{0: 0.5634636943559258, 10: 0.09138014154957266, 20: 0.05632725720746177, 30: 0.04255889356470838, 40: 0.05857230607435411, 50: 0.05512098000350655, 60: 0.05149231142231396}",30,0.04255889356470838,0.01,0.01,0.05
yacht,dropoutFCN,32,0.0001,0.002,"{0: 0.5827343756836287, 10: 0.09106102311611175, 20: 0.05732805246205963, 30: 0.054854025552011264, 40: 0.06120985263129887, 50: 0.047795151446394776, 60: 0.05927124576103322, 70: 0.0597264143318242, 80: 0.05856393921755406}",50,0.047795151446394776,0.01,0.01,0.01
yacht,dropoutFCN,32,0.0001,0.002,"{0: 0.5717881459362653, 10: 0.07332524336479149, 20: 0.05028916761826496, 30: 0.0564435177174758, 40: 0.049661650395819115, 50: 0.04363892231577513, 60: 0.04858361017970102, 70: 0.04569768834117875, 80: 0.051658907073188806}",50,0.04363892231577513,0.01,0.01,0.005
yacht,dropoutFCN,32,0.0001,0.002,"{0: 0.5607417473720044, 10: 0.07592774293374042, 20: 0.05452652829459735, 30: 0.05483752631646942, 40: 0.052050184015032586, 50: 0.0473622251441132, 60: 0.05026134851886606, 70: 0.04923210167147371, 80: 0.05869831128251187}",50,0.0473622251441132,0.01,0.01,0.001
yacht,dropoutFCN,32,1e-05,0.0001,"{0: 1.0264923003060478, 10: 0.8176702589842739, 20: 0.6374113828697984, 30: 0.49139759025768354, 40: 0.4033484068220976, 50: 0.3510130968738575, 60: 0.31554492747297097, 70: 0.2848007342584279, 80: 0.2592799426657813, 90: 0.23801084930556163, 100: 0.21635614782085227, 110: 0.20032004024970287, 120: 0.18386027484341544, 130: 0.17047179993987083, 140: 0.16053693885401804, 150: 0.1515373631734021, 160: 0.14136982431034653, 170: 0.1350658422355749, 180: 0.12559578400607013, 190: 0.12454392576765042, 200: 0.11433962468529235, 210: 0.11738724448729534, 220: 0.11269194408703823, 230: 0.10956422920981232, 240: 0.1052608495050547, 250: 0.10184826703704133, 260: 0.0952605203873649, 270: 0.09219808317051859, 280: 0.09528577390830126, 290: 0.0934518171527556, 300: 0.09097827221726884, 310: 0.09062177033296653, 320: 0.08861043757169831, 330: 0.0851107999661139, 340: 0.08332416549233758, 350: 0.08081090170540373, 360: 0.07965440744344068, 370: 0.07821308171931578, 380: 0.08092154373456628, 390: 0.07676090636332425, 400: 0.07678029111149359, 410: 0.07813865519010899, 420: 0.0761490672624537, 430: 0.07293298805793938, 440: 0.07513965024768698, 450: 0.07405614179722508, 460: 0.07626076819002628}",430,0.07293298805793938,0.01,0.01,0.2
yacht,dropoutFCN,32,1e-05,0.0001,"{0: 1.0397517405334784, 10: 0.7914060319589108, 20: 0.5836325466316573, 30: 0.43007985526688247, 40: 0.34512908750407545, 50: 0.2967289550365234, 60: 0.26110197863286855, 70: 0.23172203474993608, 80: 0.20618702324069274, 90: 0.18387773127093604, 100: 0.1657091768238009, 110: 0.1477552134358153, 120: 0.13549386524606724, 130: 0.12520884334615298, 140: 0.11465442477926917, 150: 0.10400083983795982, 160: 0.0983153099216977, 170: 0.09387487050890922, 180: 0.08692204288925443, 190: 0.08287814228206264, 200: 0.08001428200639024, 210: 0.07603458325899377, 220: 0.07623882552069061, 230: 0.076180841830312, 240: 0.07137926808303716, 250: 0.06821642437455606, 260: 0.06765735675060018, 270: 0.06768803094783608, 280: 0.06531097305125119, 290: 0.0663414926766133, 300: 0.062043986730125476, 310: 0.06105511635389864, 320: 0.06338271626404354, 330: 0.05830602608864405, 340: 0.05753748260651316, 350: 0.053847142220151654, 360: 0.056023579333205606, 370: 0.05813372771563578, 380: 0.05559451633478914}",350,0.053847142220151654,0.01,0.01,0.1
yacht,dropoutFCN,32,1e-05,0.0001,"{0: 0.978033244541713, 10: 0.7632620724220665, 20: 0.5710082259324132, 30: 0.43123017336154473, 40: 0.3522338154960652, 50: 0.30213965690987454, 60: 0.265556485731991, 70: 0.2349501606444923, 80: 0.20937006873378947, 90: 0.1864137185970131, 100: 0.16826095214911868, 110: 0.15274742089668097, 120: 0.14003039489291152, 130: 0.12791923552873183, 140: 0.12053230148310563, 150: 0.1129314539566332, 160: 0.10535508886101294, 170: 0.10032964708397582, 180: 0.09688666446719851, 190: 0.0923081949751596, 200: 0.08666112948832463, 210: 0.08541169349453888, 220: 0.08424049654390131, 230: 0.08404994838304666, 240: 0.08033458978728372, 250: 0.07913086025234388, 260: 0.07589810090162316, 270: 0.07474068829265176, 280: 0.07353151136515092, 290: 0.07237432385524925, 300: 0.07043052473694694, 310: 0.06850883019943628, 320: 0.07009354019621197, 330: 0.06804087328333028, 340: 0.06874749376305513, 350: 0.06866446012167297, 360: 0.06585379904995159, 370: 0.0634627419184057, 380: 0.06664502277422925, 390: 0.062441503876630146, 400: 0.0648020405188507, 410: 0.06261233538723722, 420: 0.06592583350350663}",390,0.062441503876630146,0.01,0.01,0.05
yacht,dropoutFCN,32,1e-05,0.0001,"{0: 0.9761139300696703, 10: 0.7476340765417838, 20: 0.5531500723191669, 30: 0.42168768516608646, 40: 0.3515934341124126, 50: 0.30364947759132, 60: 0.26433050008452674, 70: 0.23065356119311584, 80: 0.202236260097854, 90: 0.17832961108611556, 100: 0.1581640698423191, 110: 0.1419130959054645, 120: 0.1284395513869062, 130: 0.11741853278084677, 140: 0.1085212660030443, 150: 0.10060510036106012, 160: 0.09459345777667298, 170: 0.08983834541087247, 180: 0.08578286625292834, 190: 0.08136308310500213, 200: 0.07856066267314006, 210: 0.07542672766015238, 220: 0.07276445794227171, 230: 0.07250504602932809, 240: 0.06885703532093641, 250: 0.06711804940657956, 260: 0.06527891772255605, 270: 0.06413447353578343, 280: 0.06358509802240497, 290: 0.06292457624357575, 300: 0.0643675011881456, 310: 0.062281117565473734, 320: 0.0613459296022751, 330: 0.06126464493390249, 340: 0.06076500067206061, 350: 0.05902955685829629, 360: 0.05852422610168554, 370: 0.059442184807086476, 380: 0.06089625633431941, 390: 0.05895935018543078}",360,0.05852422610168554,0.01,0.01,0.01
yacht,dropoutFCN,32,1e-05,0.0001,"{0: 0.9884699589378979, 10: 0.7400842624148544, 20: 0.5223133910553796, 30: 0.3794268165279408, 40: 0.3118658028001688, 50: 0.27184249006242167, 60: 0.2394934324561333, 70: 0.2117541505098343, 80: 0.1875966642243522, 90: 0.16662040876004164, 100: 0.14973091526664034, 110: 0.1348118311726317, 120: 0.12287791408324729, 130: 0.11338227887725343, 140: 0.10550198198520407, 150: 0.09840506274663671, 160: 0.09325725974841995, 170: 0.08828118898734753, 180: 0.084067317889053, 190: 0.07928035786626289, 200: 0.07730942604128195, 210: 0.07442313283560227, 220: 0.07243735449107327, 230: 0.06932093029788562, 240: 0.067794142100884, 250: 0.0659683157789464, 260: 0.06431951112315362, 270: 0.06282930328894634, 280: 0.06121619992900869, 290: 0.060505259719126084, 300: 0.05968832350932822, 310: 0.05795613712710994, 320: 0.05693367623370521, 330: 0.05599616475950699, 340: 0.05673697068496626, 350: 0.054786166963528615, 360: 0.055084842658164546, 370: 0.053455151896087495, 380: 0.05301989888749561, 390: 0.05224253881798715, 400: 0.05309523676883201, 410: 0.05225286627150312, 420: 0.05211715701982683, 430: 0.05008499412451471, 440: 0.05205882517658934, 450: 0.05031613886082659, 460: 0.05095701936373905}",430,0.05008499412451471,0.01,0.01,0.005
yacht,dropoutFCN,32,1e-05,0.0001,"{0: 0.999583242367725, 10: 0.7281325398026681, 20: 0.5082394442752916, 30: 0.3833332335279912, 40: 0.3209423915074796, 50: 0.27892199416184915, 60: 0.24511491142487038, 70: 0.2161403161834697, 80: 0.19050283670790344, 90: 0.16830082776716776, 100: 0.14961160443996896, 110: 0.1337313212971298, 120: 0.12110737158266864, 130: 0.11093068562174331, 140: 0.10228109767972207, 150: 0.09540719086418346, 160: 0.08928526476086403, 170: 0.08472167754173279, 180: 0.08099631449945119, 190: 0.07760898187330792, 200: 0.07523948518992687, 210: 0.07276938743463583, 220: 0.07103213318361311, 230: 0.0695151684840723, 240: 0.06762330151577385, 250: 0.06652786057107911, 260: 0.06505404987703173, 270: 0.06437364583477681, 280: 0.06256066845114135, 290: 0.06260706631002985, 300: 0.06198865250346004, 310: 0.06135358154317554, 320: 0.06055194686626901, 330: 0.060048618287152175, 340: 0.05996658387917038, 350: 0.05896129204530497, 360: 0.05923639342629787, 370: 0.058709672513056775, 380: 0.058340286236028285, 390: 0.05750670983170976, 400: 0.05752373962256373, 410: 0.057439836879926064, 420: 0.056855283746153715, 430: 0.057480614210726054, 440: 0.05730326083348114, 450: 0.057439174915606885}",420,0.056855283746153715,0.01,0.01,0.001
yacht,dropoutFCN,32,1e-05,0.0005,"{0: 0.9007583332305054, 10: 0.3252663179307568, 20: 0.20562873139065138, 30: 0.14348721490405042, 40: 0.11050300797333523, 50: 0.08837371605452225, 60: 0.08466130537585337, 70: 0.08590996870976322, 80: 0.07603784134436627, 90: 0.07882383716136825, 100: 0.07336759601731081, 110: 0.07956967627074645, 120: 0.0723271892338383, 130: 0.07045707577010807, 140: 0.05921419141122273, 150: 0.07254926219597763, 160: 0.05825525298562585, 170: 0.06000066400273722, 180: 0.05778224789685741, 190: 0.06135622166036343, 200: 0.05895773160244737, 210: 0.0668922157138586}",180,0.05778224789685741,0.01,0.01,0.2
yacht,dropoutFCN,32,1e-05,0.0005,"{0: 0.854893914830928, 10: 0.31000638998041347, 20: 0.17827130719836878, 30: 0.12299998450461698, 40: 0.09591605446229176, 50: 0.08806522985897502, 60: 0.07729870178839382, 70: 0.08290421707441613, 80: 0.07604809921873468, 90: 0.07575186658209684, 100: 0.06884617588562625, 110: 0.0699109326888408, 120: 0.06272840120597761, 130: 0.06569916691798336, 140: 0.07132498854885297, 150: 0.06246099542370256, 160: 0.0572402752227321, 170: 0.06585162048802083, 180: 0.0678282677056838, 190: 0.06294220561959914}",160,0.0572402752227321,0.01,0.01,0.1
yacht,dropoutFCN,32,1e-05,0.0005,"{0: 0.8996360951783705, 10: 0.2978752666018447, 20: 0.17429750125383844, 30: 0.11735840160080364, 40: 0.08803798987731641, 50: 0.07499297111496633, 60: 0.06777808003887839, 70: 0.06495369402851377, 80: 0.05780062546352951, 90: 0.057365066634148976, 100: 0.05422528231691341, 110: 0.057612229271506776, 120: 0.05333549302116949, 130: 0.0535201835164002, 140: 0.0529881679196747, 150: 0.05310415436981284, 160: 0.044655329088319325, 170: 0.05383374117542894, 180: 0.04585227184316942, 190: 0.050042606496537224}",160,0.044655329088319325,0.01,0.01,0.05
yacht,dropoutFCN,32,1e-05,0.0005,"{0: 0.8575644223398093, 10: 0.27864099464246206, 20: 0.1592327445331885, 30: 0.10255592088918297, 40: 0.08050778904557229, 50: 0.0703271729742386, 60: 0.0653054428842603, 70: 0.06015229490794698, 80: 0.058404921965635556, 90: 0.06040367339216933, 100: 0.059391386363427244, 110: 0.05553973107435266, 120: 0.051759589420745565, 130: 0.054265092223730625, 140: 0.05592047623582945, 150: 0.058463323779404164}",120,0.051759589420745565,0.01,0.01,0.01
yacht,dropoutFCN,32,1e-05,0.0005,"{0: 0.8841574812811249, 10: 0.3016528409391034, 20: 0.17055574322355035, 30: 0.1059905490692781, 40: 0.07916898773671413, 50: 0.06992936241900435, 60: 0.06178755630735232, 70: 0.06164550557671762, 80: 0.055552278535402545, 90: 0.055373035420568616, 100: 0.05565162113795474, 110: 0.05404181734381282, 120: 0.053029381231537887, 130: 0.05398214898319269, 140: 0.05282521497747119, 150: 0.04698731486073562, 160: 0.05231129885601754, 170: 0.05133827379543563, 180: 0.05220632061088572}",150,0.04698731486073562,0.01,0.01,0.005
yacht,dropoutFCN,32,1e-05,0.0005,"{0: 0.8979438489651193, 10: 0.29772936897131863, 20: 0.16867931770791814, 30: 0.10592858953256996, 40: 0.07589543606371296, 50: 0.06130373906207327, 60: 0.056254564494198675, 70: 0.052371780203921456, 80: 0.05017999215484882, 90: 0.04954704308813932, 100: 0.047820978386365634, 110: 0.04784910260749107, 120: 0.04669330005545397, 130: 0.04510608272011183, 140: 0.045002440805641974, 150: 0.04603418986909852, 160: 0.04767363392774548, 170: 0.046952057931800274}",140,0.045002440805641974,0.01,0.01,0.001
yacht,dropoutFCN,32,1e-05,0.001,"{0: 0.8007997452190944, 10: 0.20413101679573256, 20: 0.10124927614872552, 30: 0.08254065305511563, 40: 0.07812761581278577, 50: 0.061444704975704756, 60: 0.06692611117813052, 70: 0.0603037814744273, 80: 0.05964547208810643, 90: 0.056701185050363444, 100: 0.059718652557657695, 110: 0.056730416632504485, 120: 0.05750332961718039}",90,0.056701185050363444,0.01,0.01,0.2
yacht,dropoutFCN,32,1e-05,0.001,"{0: 0.757582249587896, 10: 0.18592597277188788, 20: 0.10453131647742524, 30: 0.06766107251996897, 40: 0.05681061042069781, 50: 0.0609920763148337, 60: 0.06567458848898508, 70: 0.05142167904334409, 80: 0.050004616440406865, 90: 0.05144154045654803, 100: 0.05598401615236487, 110: 0.05341540974059276}",80,0.050004616440406865,0.01,0.01,0.1
yacht,dropoutFCN,32,1e-05,0.001,"{0: 0.7691451827068718, 10: 0.1783381349760659, 20: 0.09150929399655791, 30: 0.06745293434542052, 40: 0.0635598639730288, 50: 0.06201805771491966, 60: 0.05962194237021767, 70: 0.05584818878952338, 80: 0.06283058507953372, 90: 0.05214225374192607, 100: 0.04461539232244297, 110: 0.047020988010630316, 120: 0.05790176499163617, 130: 0.05432230163259165}",100,0.04461539232244297,0.01,0.01,0.05
yacht,dropoutFCN,32,1e-05,0.001,"{0: 0.7486850257747026, 10: 0.16905462655485895, 20: 0.0749641212377013, 30: 0.060064560998155145, 40: 0.05159630888244328, 50: 0.051791404634257965, 60: 0.047283540664810914, 70: 0.04539171981469405, 80: 0.04732280500111531, 90: 0.05138695225286849, 100: 0.05157370564113466}",70,0.04539171981469405,0.01,0.01,0.01
yacht,dropoutFCN,32,1e-05,0.001,"{0: 0.7347004815364371, 10: 0.15273909836703417, 20: 0.07381671955390852, 30: 0.055188687524017024, 40: 0.05333884122298689, 50: 0.04915830091888808, 60: 0.04815921927228266, 70: 0.04949703634910438, 80: 0.04787490013409026, 90: 0.04710930263235861, 100: 0.04962331065322671, 110: 0.045404055313340255, 120: 0.043770250441012334, 130: 0.04922944931670719, 140: 0.04825147575139999, 150: 0.043178580523905705, 160: 0.04476298636562971, 170: 0.04798908212765747, 180: 0.042619652827327346, 190: 0.04627278824637131, 200: 0.04567777356794294, 210: 0.04978130626617645}",180,0.042619652827327346,0.01,0.01,0.005
yacht,dropoutFCN,32,1e-05,0.001,"{0: 0.7271697664844746, 10: 0.14456651684094446, 20: 0.07451449274834322, 30: 0.05808379402878333, 40: 0.05537356182415874, 50: 0.05342912052845468, 60: 0.0508846718430215, 70: 0.05264201964772477, 80: 0.050982725755748706, 90: 0.05107173658877003}",60,0.0508846718430215,0.01,0.01,0.001
yacht,dropoutFCN,32,1e-05,0.002,"{0: 0.5923033861676041, 10: 0.12166101357401633, 20: 0.0923234327703106, 30: 0.07719156494310923, 40: 0.08429027906425146, 50: 0.07962666408793659, 60: 0.06118459698299363, 70: 0.052229138934718713, 80: 0.07699713951136385, 90: 0.054894039199440456, 100: 0.05854421742739422}",70,0.052229138934718713,0.01,0.01,0.2
yacht,dropoutFCN,32,1e-05,0.002,"{0: 0.6058216770400806, 10: 0.09661030325415183, 20: 0.07195529699447203, 30: 0.0693508651639734, 40: 0.06786142626328737, 50: 0.06395942763497635, 60: 0.04655967428398376, 70: 0.05474156149583202, 80: 0.05781641402186788, 90: 0.06321756621799907}",60,0.04655967428398376,0.01,0.01,0.1
yacht,dropoutFCN,32,1e-05,0.002,"{0: 0.5264100929182403, 10: 0.08961173138934739, 20: 0.06921596288498567, 30: 0.05507193701942357, 40: 0.0712929230356703, 50: 0.061053627661600406, 60: 0.06416434078739615}",30,0.05507193701942357,0.01,0.01,0.05
yacht,dropoutFCN,32,1e-05,0.002,"{0: 0.5532239410074389, 10: 0.07484341729842887, 20: 0.055386372562877983, 30: 0.052222435767857386, 40: 0.0534405423133653, 50: 0.05723439995290673, 60: 0.05510153368632405}",30,0.052222435767857386,0.01,0.01,0.01
yacht,dropoutFCN,32,1e-05,0.002,"{0: 0.54183243227005, 10: 0.08427842702306046, 20: 0.05475058502627879, 30: 0.058916504807770255, 40: 0.05551514304414087, 50: 0.047319924141679494, 60: 0.05451989634699968, 70: 0.054723976131300534, 80: 0.05560222816908238}",50,0.047319924141679494,0.01,0.01,0.005
yacht,dropoutFCN,32,1e-05,0.002,"{0: 0.5728162156659728, 10: 0.08145688925409804, 20: 0.05691879425273866, 30: 0.05689824666843122, 40: 0.0542120811140963, 50: 0.05605796166159669, 60: 0.051671207071719114, 70: 0.05044772437290877, 80: 0.05205802828468838, 90: 0.05881875420498604, 100: 0.045453562759623235, 110: 0.0504136154435727, 120: 0.05523178193520526, 130: 0.04901297918433438}",100,0.045453562759623235,0.01,0.01,0.001
yacht,dropoutFCN,32,1e-09,0.0001,"{0: 0.9725972093514035, 10: 0.796951757791091, 20: 0.6351813319045669, 30: 0.4932420979385473, 40: 0.39898231928445854, 50: 0.34275351274378446, 60: 0.3054586942001265, 70: 0.275289998431595, 80: 0.24823360216617582, 90: 0.22549944171978503, 100: 0.2054092373543856, 110: 0.18785380326910897, 120: 0.17508136195613413, 130: 0.16032784993612034, 140: 0.1516923437556442, 150: 0.14210039537597677, 160: 0.13231945393158465, 170: 0.12434089765621692, 180: 0.11841187367147328, 190: 0.11210056481556016, 200: 0.10780236507496055, 210: 0.10500754364047733, 220: 0.10292515439099195, 230: 0.09913678218211446, 240: 0.09858229550323924, 250: 0.09363976712707353, 260: 0.09057146486092586, 270: 0.08842902660917262, 280: 0.09097535584593305, 290: 0.0875830590095447, 300: 0.08706286877241669, 310: 0.08231949154272371, 320: 0.08559001804158396, 330: 0.08475976153387099, 340: 0.08166095407580842, 350: 0.0816298336292408, 360: 0.08078240551966795, 370: 0.07925546304881573, 380: 0.08035046019998131, 390: 0.073894624909272, 400: 0.08056711536433017, 410: 0.07713401647520308, 420: 0.0797703868375749}",390,0.073894624909272,0.01,0.01,0.2
yacht,dropoutFCN,32,1e-09,0.0001,"{0: 1.0209552762265108, 10: 0.80600063284076, 20: 0.6075910501869357, 30: 0.45040227266963645, 40: 0.3648583583235741, 50: 0.3157657912641155, 60: 0.2805128541102214, 70: 0.2524887463426103, 80: 0.22647783004751015, 90: 0.20348845426403747, 100: 0.1851461102792195, 110: 0.16855517422179786, 120: 0.15221207379321663, 130: 0.13939608406534001, 140: 0.13196973824379396, 150: 0.12419784750743787, 160: 0.11729803665256014, 170: 0.11140592670440674, 180: 0.10493321292740958, 190: 0.10396873027451184, 200: 0.09660481972901189, 210: 0.09234097506501238, 220: 0.08754385180862582, 230: 0.09013421777134038, 240: 0.08740440238799367, 250: 0.0851976653921361, 260: 0.07996587189971184, 270: 0.07868264106645875, 280: 0.07840826183253405, 290: 0.0779032690184457, 300: 0.07324822256607669, 310: 0.07504515701501954, 320: 0.0743107869935279, 330: 0.0754887801481753}",300,0.07324822256607669,0.01,0.01,0.1
yacht,dropoutFCN,32,1e-09,0.0001,"{0: 0.9836586490358625, 10: 0.7433151597976684, 20: 0.5394271858225064, 30: 0.39802867957037324, 40: 0.32844248935762715, 50: 0.2877321992346219, 60: 0.25541338214339043, 70: 0.22770634277621093, 80: 0.20391423911951026, 90: 0.1828162018060684, 100: 0.16459926323744717, 110: 0.1492059509407501, 120: 0.13777340539377564, 130: 0.12702625065920303, 140: 0.11619638955958037, 150: 0.10876335954970244, 160: 0.10511088365377212, 170: 0.09647429565325075, 180: 0.09291838593933047, 190: 0.09016150614132687, 200: 0.08758838742728137, 210: 0.08292654190136461, 220: 0.08038306501751044, 230: 0.07836638969912821, 240: 0.07614062696664917, 250: 0.07381167723998731, 260: 0.07353959016532315, 270: 0.07299033300730648, 280: 0.06721754501638363, 290: 0.06670098852898394, 300: 0.06424164311557401, 310: 0.06536294151082331, 320: 0.06604818965950791, 330: 0.06347044141925111, 340: 0.06427561871099229, 350: 0.06367384053371392, 360: 0.062492035992595604, 370: 0.06513825389925314, 380: 0.060438730379148396, 390: 0.06146736846012728, 400: 0.06284637612256469, 410: 0.05934519775911253, 420: 0.061284992490800064, 430: 0.05992607375614497, 440: 0.06030544657244974}",410,0.05934519775911253,0.01,0.01,0.05
yacht,dropoutFCN,32,1e-09,0.0001,"{0: 0.9733460098286063, 10: 0.756581398564942, 20: 0.5659091810523247, 30: 0.42704616747826946, 40: 0.3474776754160317, 50: 0.29743360946008135, 60: 0.2595937820745974, 70: 0.22881642146378148, 80: 0.20236829228425512, 90: 0.18008144219919128, 100: 0.16126734626354003, 110: 0.14493311672429648, 120: 0.13131460456033142, 130: 0.12045459360735755, 140: 0.1103584596070708, 150: 0.10374662468445546, 160: 0.09709218825399876, 170: 0.0914356777707533, 180: 0.0860424325350596, 190: 0.08182411755165275, 200: 0.07844186542320009, 210: 0.0766659201626875, 220: 0.07273758361595017, 230: 0.06865858893963148, 240: 0.06796071955196711, 250: 0.06596620681456156, 260: 0.06454918728768826, 270: 0.06229274232290229, 280: 0.05979869593984011, 290: 0.05950548422519042, 300: 0.05859100587635624, 310: 0.05797000277498547, 320: 0.056920849638629936, 330: 0.056707606027929146, 340: 0.05683422455161202, 350: 0.054903496845036134, 360: 0.05283354131330033, 370: 0.05403599612354015, 380: 0.05273315658861277, 390: 0.053412826587959206, 400: 0.05164919258350011, 410: 0.054169880227927035, 420: 0.05163625125693423, 430: 0.05185800297284613, 440: 0.052478281144280825, 450: 0.05139862568752498, 460: 0.049534692537419656, 470: 0.05046680056896745, 480: 0.05012408789186453, 490: 0.052056448587045376}",460,0.049534692537419656,0.01,0.01,0.01
yacht,dropoutFCN,32,1e-09,0.0001,"{0: 0.9575095748609426, 10: 0.7121753370080676, 20: 0.5033204134654026, 30: 0.3733731180210503, 40: 0.3106344158576459, 50: 0.2716334614619917, 60: 0.2406359994654753, 70: 0.21374281536438028, 80: 0.19061889392624098, 90: 0.1702684755009048, 100: 0.15190455671232575, 110: 0.136305178394123, 120: 0.12353732943169926, 130: 0.11278726375102996, 140: 0.10486652676913204, 150: 0.09746383668695177, 160: 0.09177049841442889, 170: 0.08637327509266989, 180: 0.08221550804619886, 190: 0.07915942000126353, 200: 0.07594455933966199, 210: 0.07202701444832646, 220: 0.07068095612313066, 230: 0.0679377208245652, 240: 0.06546494794895455, 250: 0.06378238690735734, 260: 0.0618929787568596, 270: 0.06064174759600845, 280: 0.061609291602306215, 290: 0.05829538946553152, 300: 0.05748340678823238, 310: 0.05667308208513625, 320: 0.056081810823508674, 330: 0.05588760579863981, 340: 0.055101444202114123, 350: 0.05277136786753426, 360: 0.05389701923226216, 370: 0.05315156257730358, 380: 0.052661432970087144, 390: 0.05282519376049845, 400: 0.05178622214116004, 410: 0.05271236533473948, 420: 0.05136720349153086, 430: 0.05029782820234493, 440: 0.051241006482772675, 450: 0.05007741281511833, 460: 0.05224945433696314, 470: 0.051304597565258035, 480: 0.05274847086382155}",450,0.05007741281511833,0.01,0.01,0.005
yacht,dropoutFCN,32,1e-09,0.0001,"{0: 0.972102706364223, 10: 0.7302724728681603, 20: 0.533520054347661, 30: 0.40847824019315293, 40: 0.3421817970434014, 50: 0.29841117978217646, 60: 0.2638611857380186, 70: 0.23390470177908332, 80: 0.20775885942030925, 90: 0.18507577621693513, 100: 0.16574150699012136, 110: 0.1495387578959368, 120: 0.13614938016327058, 130: 0.12492020520263789, 140: 0.11592794100788176, 150: 0.1083696029435615, 160: 0.10230012659211547, 170: 0.09724997497578057, 180: 0.09308537308233125, 190: 0.08948247628248467, 200: 0.08663274303321936, 210: 0.08346486935201955, 220: 0.08177363587398918, 230: 0.08030598751501161, 240: 0.07813106582906781, 250: 0.07597673025970555, 260: 0.07485192008042822, 270: 0.07271905189630937, 280: 0.07231119027429697, 290: 0.07139799202157526, 300: 0.0701776729086224, 310: 0.06926800573297909, 320: 0.06870583992040888, 330: 0.06812319292219318, 340: 0.0674406028694036, 350: 0.06666639140613224, 360: 0.06603583414457281, 370: 0.06585084436316879, 380: 0.06530312702728777, 390: 0.06469939031163041, 400: 0.06422544414656503, 410: 0.06429462739642786, 420: 0.0635228397566445, 430: 0.06344257354067297, 440: 0.0629312642247093, 450: 0.06208074550117766, 460: 0.06203534304548284, 470: 0.06228313487159962, 480: 0.061068382784116026, 490: 0.060909600424219154, 500: 0.060482292065510944, 510: 0.061139026376969975, 520: 0.06032775935074504, 530: 0.05942349417294775, 540: 0.05981885767256727, 550: 0.06019900181007629, 560: 0.05886680113417762, 570: 0.05904108900409573, 580: 0.059025819277885014, 590: 0.05845195322590215, 600: 0.05784726226086519, 610: 0.05771702891284106, 620: 0.05771000937691757, 630: 0.05750905670408084, 640: 0.057678076399528246, 650: 0.057960767063559314, 660: 0.05634379484489256, 670: 0.05663084875655418, 680: 0.05618632956609434, 690: 0.053562448619883886, 700: 0.0564850970044428, 710: 0.05695735727889197, 720: 0.05628649806003181}",690,0.053562448619883886,0.01,0.01,0.001
yacht,dropoutFCN,32,1e-09,0.0005,"{0: 0.8743623557236729, 10: 0.3317284745440191, 20: 0.2070087837053805, 30: 0.1422759831718036, 40: 0.10911225059385203, 50: 0.09751781437713272, 60: 0.08978998441781316, 70: 0.07211072049761305, 80: 0.08182125855374094, 90: 0.07952482362760574, 100: 0.07512050686502944}",70,0.07211072049761305,0.01,0.01,0.2
yacht,dropoutFCN,32,1e-09,0.0005,"{0: 0.8965355538056821, 10: 0.29144891981567655, 20: 0.16792812801380547, 30: 0.1113905362419936, 40: 0.0872584815724772, 50: 0.07027484780732467, 60: 0.07023276766587276, 70: 0.06138101400282918, 80: 0.06513165556593817, 90: 0.05207144861318628, 100: 0.05849732439630493, 110: 0.055170218290418994, 120: 0.053177208958079626}",90,0.05207144861318628,0.01,0.01,0.1
yacht,dropoutFCN,32,1e-09,0.0005,"{0: 0.8768982656099358, 10: 0.2884762858578137, 20: 0.15868366592027702, 30: 0.09908178576766229, 40: 0.07821735759353152, 50: 0.0649391039780208, 60: 0.06152876679994621, 70: 0.05098086443239329, 80: 0.05294085384677259, 90: 0.05347120311536959, 100: 0.0465775389435644, 110: 0.053315747215431565, 120: 0.05939801668041215, 130: 0.04839819690159389}",100,0.0465775389435644,0.01,0.01,0.05
yacht,dropoutFCN,32,1e-09,0.0005,"{0: 0.8138829280016372, 10: 0.24895355475313813, 20: 0.14606077105171825, 30: 0.09414856238632788, 40: 0.0752308840134314, 50: 0.06652202577736913, 60: 0.06214723373645422, 70: 0.063735530825902, 80: 0.05971731710008212, 90: 0.05528764199298255, 100: 0.05671730294048179, 110: 0.05639619790321711, 120: 0.05126428116949237, 130: 0.05492841913596708, 140: 0.0577001448773912, 150: 0.05336988361134213}",120,0.05126428116949237,0.01,0.01,0.01
yacht,dropoutFCN,32,1e-09,0.0005,"{0: 0.8819862244226495, 10: 0.2974464495255023, 20: 0.17009124416964394, 30: 0.10924537191403157, 40: 0.08258484524093113, 50: 0.06963532629913213, 60: 0.06390167732263098, 70: 0.06290247788873254, 80: 0.06094737665659311, 90: 0.057187726879302334, 100: 0.059620804334173404, 110: 0.06065195022226901, 120: 0.058870119858913286}",90,0.057187726879302334,0.01,0.01,0.005
yacht,dropoutFCN,32,1e-09,0.0005,"{0: 0.8696606987057901, 10: 0.3099651853770625, 20: 0.16871240401268006, 30: 0.10423307476724897, 40: 0.07764247991235888, 50: 0.06577491137567831, 60: 0.0601357600615949, 70: 0.056381849962989894, 80: 0.05692456355797393, 90: 0.05297441235747265, 100: 0.05230929353255398, 110: 0.05320350247682357, 120: 0.05426340287551283, 130: 0.0529737451513659}",100,0.05230929353255398,0.01,0.01,0.001
yacht,dropoutFCN,32,1e-09,0.001,"{0: 0.7867331645732023, 10: 0.1940628335792191, 20: 0.10301136646343738, 30: 0.07802844422112923, 40: 0.07496300505314554, 50: 0.07320404435298881, 60: 0.0689947009488028, 70: 0.06906042480803265, 80: 0.06228191312721798, 90: 0.05042368299346798, 100: 0.057085974244438877, 110: 0.060095694243603816, 120: 0.05578208282924428}",90,0.05042368299346798,0.01,0.01,0.2
yacht,dropoutFCN,32,1e-09,0.001,"{0: 0.8019280495838241, 10: 0.1912936117186838, 20: 0.09637001525686713, 30: 0.08162572769577406, 40: 0.07269081824333692, 50: 0.06649875420529623, 60: 0.060444356654979735, 70: 0.05049960332348639, 80: 0.0577716910025599, 90: 0.05784014105507914, 100: 0.06019831110172126}",70,0.05049960332348639,0.01,0.01,0.1
yacht,dropoutFCN,32,1e-09,0.001,"{0: 0.7625911034856525, 10: 0.18324829854892224, 20: 0.09918566581789327, 30: 0.0756143763339033, 40: 0.06164143158586658, 50: 0.05944587892081057, 60: 0.05528346414955295, 70: 0.04887456733049179, 80: 0.06021689183584282, 90: 0.05052815296394484, 100: 0.054052086893088956}",70,0.04887456733049179,0.01,0.01,0.05
yacht,dropoutFCN,32,1e-09,0.001,"{0: 0.7804356838245781, 10: 0.1680370135258655, 20: 0.07749828549428862, 30: 0.05962792647341075, 40: 0.0556446754844213, 50: 0.05169833398245427, 60: 0.04879551693751495, 70: 0.044352471122936325, 80: 0.04955263601638833, 90: 0.04914347713486272, 100: 0.04566006730207983}",70,0.044352471122936325,0.01,0.01,0.01
yacht,dropoutFCN,32,1e-09,0.001,"{0: 0.7565655713178673, 10: 0.17210052255100133, 20: 0.08274597639179959, 30: 0.0645597026145884, 40: 0.05803650004203831, 50: 0.05778291024967116, 60: 0.052269991825809894, 70: 0.055306916233988444, 80: 0.053505577739328146, 90: 0.05278141412473454}",60,0.052269991825809894,0.01,0.01,0.005
yacht,dropoutFCN,32,1e-09,0.001,"{0: 0.7365714131958632, 10: 0.1607475519241119, 20: 0.08007383052001193, 30: 0.06579438563481885, 40: 0.06076810437973057, 50: 0.061526452479009716, 60: 0.05738733583050115, 70: 0.05896432860256458, 80: 0.05883629833329089, 90: 0.05736589613328783, 100: 0.057818297489261136, 110: 0.05712889309447944, 120: 0.053936461370134234, 130: 0.054739278418221037, 140: 0.05499218648413615, 150: 0.05428196856866078}",120,0.053936461370134234,0.01,0.01,0.001
yacht,dropoutFCN,32,1e-09,0.002,"{0: 0.6316707674775806, 10: 0.12501819010474244, 20: 0.0921859119218223, 30: 0.07118079032490447, 40: 0.0766701791882515, 50: 0.05939383634605577, 60: 0.054622769800680024, 70: 0.0633841570877299, 80: 0.08440240215487321, 90: 0.0593589866275386}",60,0.054622769800680024,0.01,0.01,0.2
yacht,dropoutFCN,32,1e-09,0.002,"{0: 0.5863101566178457, 10: 0.08584517584041673, 20: 0.06455094992840778, 30: 0.06646091117649053, 40: 0.03942316930604224, 50: 0.07092694220448635, 60: 0.05362517225635903, 70: 0.061958745508321686}",40,0.03942316930604224,0.01,0.01,0.1
yacht,dropoutFCN,32,1e-09,0.002,"{0: 0.5813448819603239, 10: 0.09309204161775356, 20: 0.06041914719404007, 30: 0.06472582986038558, 40: 0.055947992752097095, 50: 0.0518595439943732, 60: 0.05258130268311623, 70: 0.04998190117323277, 80: 0.0583246070592075, 90: 0.05319261530254569, 100: 0.05026709285454482}",70,0.04998190117323277,0.01,0.01,0.05
yacht,dropoutFCN,32,1e-09,0.002,"{0: 0.5477119758396732, 10: 0.0842898837376614, 20: 0.0594526698817404, 30: 0.04815953957669589, 40: 0.04815069920964995, 50: 0.05078700043549951, 60: 0.049086455811651386, 70: 0.048844833865609706}",40,0.04815069920964995,0.01,0.01,0.01
yacht,dropoutFCN,32,1e-09,0.002,"{0: 0.5729425977346849, 10: 0.07119710870117557, 20: 0.05262045322814766, 30: 0.049573260317803645, 40: 0.052842742930717626, 50: 0.04536830107308924, 60: 0.049089190660386674, 70: 0.044965367468796216, 80: 0.04991766441476588, 90: 0.04966107194996154, 100: 0.04537699495529642}",70,0.044965367468796216,0.01,0.01,0.005
yacht,dropoutFCN,32,1e-09,0.002,"{0: 0.5694462804696998, 10: 0.07531228016468942, 20: 0.060126478894708714, 30: 0.04644470950748239, 40: 0.05587527000873673, 50: 0.05619724453955281, 60: 0.06000342857058407}",30,0.04644470950748239,0.01,0.01,0.001
