dataset_name,model_name,batch_size,weight_decay,learning_rate,epoch2loss,best_epoch,best_loss,fix_noiselevel,init_noiselevel,dropout_prob
bostonHousing,FCN,32,0.1,0.0001,"{0: 0.9701638328440394, 10: 0.6540682902674615, 20: 0.4894948018001921, 30: 0.39888969422490506, 40: 0.34429305203167015, 50: 0.31207510321228593, 60: 0.29162963063996516, 70: 0.2776693045725057, 80: 0.267313042945332, 90: 0.25905468125402187, 100: 0.25216064118308784, 110: 0.24646161270362357, 120: 0.24149486634098452, 130: 0.23730243058116346, 140: 0.23364481449495128, 150: 0.2304712547748177, 160: 0.22768241165228834, 170: 0.2252461561450252, 180: 0.22320563623934614, 190: 0.22145709934425942, 200: 0.2199737283550663, 210: 0.2187796311797919, 220: 0.21776303814517126, 230: 0.21690619063598135, 240: 0.21619836796581007, 250: 0.21553941078392075, 260: 0.21497374370142266, 270: 0.2144703494729819, 280: 0.2140366126541738, 290: 0.21361527008774842, 300: 0.21328213961771975, 310: 0.21283261717101673, 320: 0.21244647083459078, 330: 0.2120784860518244, 340: 0.21165981726881902, 350: 0.2113572085713163, 360: 0.21108613648900282, 370: 0.21082104218226894, 380: 0.21060947713292677, 390: 0.21041237722944328, 400: 0.2102388878847346, 410: 0.21010812905467588, 420: 0.21001688883996308, 430: 0.209869729295189, 440: 0.20974189815697847, 450: 0.20962414568589058, 460: 0.209486468338672, 470: 0.20937559727901295, 480: 0.20929113764453816, 490: 0.209134703948174, 500: 0.20904698761892906, 510: 0.20896552607969002, 520: 0.20888605222657874, 530: 0.20877642259921556, 540: 0.2086919657058186, 550: 0.2086167401185742, 560: 0.20857499387161232, 570: 0.20850325907454081, 580: 0.20843275156286029, 590: 0.20840660214056203, 600: 0.20837976932525634, 610: 0.20833253606601998, 620: 0.208279189872153, 630: 0.20827470173438392, 640: 0.20822328972963638, 650: 0.20819948644917688, 660: 0.20815555061455124, 670: 0.20812865935358, 680: 0.20809540112077457, 690: 0.2080756890920945, 700: 0.2080506928357077, 710: 0.20803263603169242, 720: 0.2080059301338078, 730: 0.20797131289670498, 740: 0.20796169079380272, 750: 0.20793562963788892, 760: 0.20789532595210605, 770: 0.20789163973596358, 780: 0.20787179293455899, 790: 0.20783003171284992, 800: 0.20782143357727262, 810: 0.20779930391797313, 820: 0.20779913100931377, 830: 0.2077870249564265, 840: 0.2077770590230271, 850: 0.20774618964872243, 860: 0.2077440065550215, 870: 0.2077499172569793, 880: 0.20774135245585149, 890: 0.2077587949456992, 900: 0.2077225354534608, 910: 0.20771328650506926, 920: 0.2077288411465692, 930: 0.20772544436248733, 940: 0.20770237580125714, 950: 0.20773467046243174, 960: 0.207732355705014, 970: 0.20771987493391392}",940,0.20770237580125714,0.01,0.01,0.01
bostonHousing,FCN,32,0.1,0.0005,"{0: 0.7708385881818371, 10: 0.2950799768905581, 20: 0.245754570302404, 30: 0.2283578751263795, 40: 0.220392153090165, 50: 0.21632051166192987, 60: 0.2139486441825643, 70: 0.21224797215358712, 80: 0.21160889468443247, 90: 0.21087184390168132, 100: 0.2105304178632336, 110: 0.21004952540000282, 120: 0.2098868524954643, 130: 0.20949595947692426, 140: 0.2095098117619385, 150: 0.20939682521569872, 160: 0.20916338919857402, 170: 0.2090190509403193, 180: 0.20893376673813222, 190: 0.2087082368908105, 200: 0.20870870335234537, 210: 0.20851125316119493, 220: 0.20844973189595306, 230: 0.20831904037867063, 240: 0.20835646352282278, 250: 0.2083401343152847, 260: 0.208339179813126}",230,0.20831904037867063,0.01,0.01,0.01
bostonHousing,FCN,32,0.1,0.001,"{0: 0.6203861470207755, 10: 0.240612503187156, 20: 0.2178956114951475, 30: 0.21201431042986152, 40: 0.21078136445563517, 50: 0.21033329687736652, 60: 0.20965733910784307, 70: 0.20897455403098353, 80: 0.20876413024502036, 90: 0.20881178783781734, 100: 0.2086659159373354, 110: 0.20847165825558295, 120: 0.20847473006557538, 130: 0.20831200592679747, 140: 0.20844148597967477, 150: 0.2084791750451665, 160: 0.20845609542764265}",130,0.20831200592679747,0.01,0.01,0.01
bostonHousing,FCN,32,0.1,0.002,"{0: 0.4640601447151031, 10: 0.22206328055005012, 20: 0.21284129626956988, 30: 0.21091027679266752, 40: 0.21041034130770483, 50: 0.2097468148043126, 60: 0.20983852501268738, 70: 0.2097449509817877, 80: 0.20956802134528568, 90: 0.21011666447660068, 100: 0.2099391652110182, 110: 0.2096970259591385}",80,0.20956802134528568,0.01,0.01,0.01
bostonHousing,FCN,32,0.01,0.0001,"{0: 0.8773917803057918, 10: 0.4851104648024947, 20: 0.32992748022079466, 30: 0.2657125099573606, 40: 0.24030229692105895, 50: 0.22635039784658098, 60: 0.21599700334999294, 70: 0.2076565397190459, 80: 0.2009649904605783, 90: 0.19571299161072125, 100: 0.19135431787114085, 110: 0.18785034414426782, 120: 0.18472154486326525, 130: 0.18193869664345258, 140: 0.1794926275257711, 150: 0.17751596492749674, 160: 0.17572337845225394, 170: 0.1742607264607041, 180: 0.1729688288069066, 190: 0.17182142826510063, 200: 0.17080062912938035, 210: 0.1700306292301343, 220: 0.1693269309438305, 230: 0.168566275930699, 240: 0.16782403842166618, 250: 0.16724617610007156, 260: 0.16672539942794376, 270: 0.1661093876685625, 280: 0.16554951149004477, 290: 0.16497327001006515, 300: 0.16451357595714522, 310: 0.16404947561246377, 320: 0.16350439713325032, 330: 0.16305626998712985, 340: 0.16247046516265398, 350: 0.161979639125459, 360: 0.16151996586057873, 370: 0.16112275502563994, 380: 0.16069083125502975, 390: 0.16030020279648866, 400: 0.16002213862943063, 410: 0.15974424691111952, 420: 0.15949717509893724, 430: 0.1593248301450117, 440: 0.15919292731049622, 450: 0.1590329539996606, 460: 0.15885600050290424, 470: 0.15873346321376752, 480: 0.1585695187250773, 490: 0.1585118822109552, 500: 0.15848878014970708, 510: 0.15848794465447652, 520: 0.15848613605823045, 530: 0.15853792506235614, 540: 0.15849529799119927, 550: 0.15850761139098507}",520,0.15848613605823045,0.01,0.01,0.01
bostonHousing,FCN,32,0.01,0.0005,"{0: 0.7147193827746826, 10: 0.22306715520443737, 20: 0.18747517812399217, 30: 0.17788111755141506, 40: 0.17507497583642417, 50: 0.1745051849771429, 60: 0.17393116947309473, 70: 0.1735605736573537, 80: 0.1733478640332634, 90: 0.17244872761729324, 100: 0.17191431369678473, 110: 0.1708618316937376, 120: 0.1706170923731945, 130: 0.1705232655008634, 140: 0.16968197301949983, 150: 0.16976077606280646, 160: 0.16949884770093143, 170: 0.16943639555463086, 180: 0.1691964930958218, 190: 0.1688419591313527, 200: 0.1687970186457222, 210: 0.16869954450262917, 220: 0.16886462427583743, 230: 0.16888144827551313, 240: 0.1687861504930037}",210,0.16869954450262917,0.01,0.01,0.01
bostonHousing,FCN,32,0.01,0.001,"{0: 0.6014782229691377, 10: 0.1981834783230299, 20: 0.17826849100766357, 30: 0.17247607498257247, 40: 0.1686804062054481, 50: 0.1667757398184435, 60: 0.16550626883536212, 70: 0.1635578566863213, 80: 0.16229647250823032, 90: 0.16226933142285288, 100: 0.16104862557517158, 110: 0.1595177998881281, 120: 0.1591987868885935, 130: 0.16023406820532715, 140: 0.15929587590105737, 150: 0.15949321083816484}",120,0.1591987868885935,0.01,0.01,0.01
bostonHousing,FCN,32,0.01,0.002,"{0: 0.4389177389534903, 10: 0.1798711790346805, 20: 0.16757138411939881, 30: 0.1638776438103782, 40: 0.1628957274519367, 50: 0.16916015644868215, 60: 0.16123320199089286, 70: 0.1506796932146873, 80: 0.16022628244058584, 90: 0.16649170907927147, 100: 0.16272861357824303}",70,0.1506796932146873,0.01,0.01,0.01
bostonHousing,FCN,32,0.001,0.0001,"{0: 0.9584321683571663, 10: 0.5505995595528755, 20: 0.37047824175269517, 30: 0.2890085191822346, 40: 0.25366685419906804, 50: 0.23447358163050663, 60: 0.221458743383855, 70: 0.21193476219971977, 80: 0.20494538289897238, 90: 0.19983376549717818, 100: 0.19579439591846348, 110: 0.19253273751632666, 120: 0.18992435161346272, 130: 0.1877680219433926, 140: 0.18579686986811367, 150: 0.18422013219491934, 160: 0.18297300559503057, 170: 0.18194624487264657, 180: 0.1810363558339484, 190: 0.18021189706561005, 200: 0.17950877142541202, 210: 0.17879730889826645, 220: 0.17816409398744132, 230: 0.17756961709187352, 240: 0.17685904506547953, 250: 0.17629500951296015, 260: 0.17563258865733206, 270: 0.17499770404380047, 280: 0.17423705020804464, 290: 0.17350191047162183, 300: 0.172716862257616, 310: 0.1720151424407959, 320: 0.17138752497640658, 330: 0.17073214959215235, 340: 0.17014110914351027, 350: 0.1696994463786667, 360: 0.16923307193282208, 370: 0.16877494535328427, 380: 0.16836290368695317, 390: 0.16795477767785388, 400: 0.16760016473723044, 410: 0.16722418033046488, 420: 0.16690582730519918, 430: 0.16663607542897446, 440: 0.1662965319406839, 450: 0.16606344087624253, 460: 0.16582400048220597, 470: 0.1655806250778245, 480: 0.16536907636457018, 490: 0.16511070294144714, 500: 0.1649554464000243, 510: 0.16490680100741212, 520: 0.16473437635986893, 530: 0.1646471607096401, 540: 0.16436263974066134, 550: 0.1641344115689949, 560: 0.1639249939057562, 570: 0.1637641841430723, 580: 0.16359089979051072, 590: 0.16338527940305664, 600: 0.16321426882052126, 610: 0.16295068355990044, 620: 0.16282232536209956, 630: 0.162634337923409, 640: 0.1624726616857964, 650: 0.162407431282379, 660: 0.16226498629943825, 670: 0.16221323322366782, 680: 0.16206097759214447, 690: 0.16198694194540564, 700: 0.16179267742015696, 710: 0.16169540068985502, 720: 0.16148920721477927, 730: 0.16127502016815137, 740: 0.16122555786076886, 750: 0.1610522887037124, 760: 0.1610117834843235, 770: 0.1608959503379869, 780: 0.16084509116631968, 790: 0.1606229784128107, 800: 0.16049506737862104, 810: 0.16045940341772857, 820: 0.16042004058390485, 830: 0.1604020369641575, 840: 0.1602815229399705, 850: 0.1602939082332599, 860: 0.16026886249030076, 870: 0.1602441230673849, 880: 0.1602910961817812, 890: 0.16042432775835933, 900: 0.1603821411360929}",870,0.1602441230673849,0.01,0.01,0.01
bostonHousing,FCN,32,0.001,0.0005,"{0: 0.7473839012193092, 10: 0.20869532196242133, 20: 0.17750593265633524, 30: 0.16725694636503857, 40: 0.16353708111945492, 50: 0.16135933402879737, 60: 0.16001892658295452, 70: 0.1584517851287936, 80: 0.15751613549612187, 90: 0.15681092325184082, 100: 0.1563980856243475, 110: 0.15629710534840455, 120: 0.15691873158937616, 130: 0.15688086159435322, 140: 0.15664552323244235}",110,0.15629710534840455,0.01,0.01,0.01
bostonHousing,FCN,32,0.001,0.001,"{0: 0.5782190397933678, 10: 0.18263521562387913, 20: 0.16673121877290584, 30: 0.16276301222818867, 40: 0.1586043463996899, 50: 0.15455273582979484, 60: 0.15258610754469293, 70: 0.1528525139078682, 80: 0.15099728994163467, 90: 0.14428421198217958, 100: 0.14953883408028404, 110: 0.15114549661492124, 120: 0.14526453104652}",90,0.14428421198217958,0.01,0.01,0.01
bostonHousing,FCN,32,0.001,0.002,"{0: 0.41728402431364414, 10: 0.1746531734863917, 20: 0.16365809105796578, 30: 0.15594067724398625, 40: 0.1646409652851246, 50: 0.16113045462119727, 60: 0.16250554313998164}",30,0.15594067724398625,0.01,0.01,0.01
bostonHousing,FCN,32,0.0001,0.0001,"{0: 0.93766858143571, 10: 0.5345599960581756, 20: 0.35160463400828984, 30: 0.2674024361703131, 40: 0.2355416276572663, 50: 0.21986180525503038, 60: 0.209014820187916, 70: 0.20060166431429946, 80: 0.194059928662983, 90: 0.18898620051734244, 100: 0.1850065858091837, 110: 0.18195464478598705, 120: 0.1799579393716506, 130: 0.17840066688296236, 140: 0.17697317362935455, 150: 0.17589609227430672, 160: 0.17502165510330672, 170: 0.17429690982824492, 180: 0.1736583484175765, 190: 0.17327515446109537, 200: 0.17285768507439414, 210: 0.17245329629491876, 220: 0.17213338094728967, 230: 0.17175477110309365, 240: 0.17142537556312704, 250: 0.17099931118664918, 260: 0.17062882460929732, 270: 0.1702025346182011, 280: 0.16998703711562685, 290: 0.16975072386824056, 300: 0.16968064499490057, 310: 0.16951808322359013, 320: 0.1694271348324823, 330: 0.16932485826589444, 340: 0.1692706843217214, 350: 0.1691556219885379, 360: 0.16908271325591168, 370: 0.16887790908416112, 380: 0.16892060262185557, 390: 0.16889743284310826, 400: 0.16880095588204302, 410: 0.16864029426633578, 420: 0.1686374737708657, 430: 0.16867776562770206, 440: 0.16872940144421142, 450: 0.16884520476982917}",420,0.1686374737708657,0.01,0.01,0.01
bostonHousing,FCN,32,0.0001,0.0005,"{0: 0.7334333370865126, 10: 0.2244330295809993, 20: 0.18861386921302775, 30: 0.17630757752024098, 40: 0.17134746250547012, 50: 0.17009792912889413, 60: 0.1697404460406598, 70: 0.16931487487422095, 80: 0.16870913568102283, 90: 0.1681989848245809, 100: 0.16746583150492775, 110: 0.16733365029464534, 120: 0.166984979973899, 130: 0.1671148320958938, 140: 0.1679915697302347, 150: 0.16857850858826695}",120,0.166984979973899,0.01,0.01,0.01
bostonHousing,FCN,32,0.0001,0.001,"{0: 0.5576480216450161, 10: 0.19894687101060962, 20: 0.18053860024169638, 30: 0.17662467581254465, 40: 0.17233929560508257, 50: 0.16987073855635562, 60: 0.16948782172467974, 70: 0.16917842979784364, 80: 0.16660924833497884, 90: 0.17810038342887974, 100: 0.17391388868844065, 110: 0.17623849224161217}",80,0.16660924833497884,0.01,0.01,0.01
bostonHousing,FCN,32,0.0001,0.002,"{0: 0.43249393098148303, 10: 0.1766092225357338, 20: 0.16680199643711985, 30: 0.16718994231871614, 40: 0.16488929907848807, 50: 0.15084364002133593, 60: 0.16461556252138115, 70: 0.15825611481695998, 80: 0.16046395827958612}",50,0.15084364002133593,0.01,0.01,0.01
bostonHousing,FCN,32,1e-05,0.0001,"{0: 0.9343686490883062, 10: 0.5261526717080011, 20: 0.3440193226124034, 30: 0.2616701065758128, 40: 0.23238990663746256, 50: 0.22035381098588308, 60: 0.21189874083171656, 70: 0.20519764382898073, 80: 0.19966480224220842, 90: 0.19490029466005018, 100: 0.19119986372965353, 110: 0.18802901756616283, 120: 0.18536723458472593, 130: 0.18331274463806624, 140: 0.18161238637971291, 150: 0.18040175397454955, 160: 0.17947744583642042, 170: 0.17859812875588738, 180: 0.17792358549288761, 190: 0.17727088236514432, 200: 0.17676491538683575, 210: 0.17622264623641967, 220: 0.1757125003838245, 230: 0.17510542391258993, 240: 0.17458563049634296, 250: 0.1742162416010727, 260: 0.17389061443599654, 270: 0.17358017026642222, 280: 0.17318713227171956, 290: 0.17276005737575484, 300: 0.1723180287414127, 310: 0.17190844626338395, 320: 0.1715551294662334, 330: 0.17115789493660868, 340: 0.17087587191734788, 350: 0.1706889843867149, 360: 0.17053574124972024, 370: 0.17033931090507975, 380: 0.17025754271466056, 390: 0.17019332662040806, 400: 0.17006020001423214, 410: 0.17001528077655367, 420: 0.16999648367917097, 430: 0.169977996820285, 440: 0.17000042078671634, 450: 0.16999133946718992, 460: 0.17004463146498172}",430,0.169977996820285,0.01,0.01,0.01
bostonHousing,FCN,32,1e-05,0.0005,"{0: 0.6840832475894764, 10: 0.2384192234939999, 20: 0.2063064965017048, 30: 0.19749229178752428, 40: 0.19331605051770623, 50: 0.1911154509694488, 60: 0.18984557213606656, 70: 0.18852750132849186, 80: 0.1871710787952682, 90: 0.18555432742024644, 100: 0.18408704587706812, 110: 0.18249191535107884, 120: 0.18036125913078402, 130: 0.17851454391155713, 140: 0.1782063721138754, 150: 0.1783943772315979, 160: 0.17826869796823572, 170: 0.17850343735865604}",140,0.1782063721138754,0.01,0.01,0.01
bostonHousing,FCN,32,1e-05,0.001,"{0: 0.5439340164999902, 10: 0.19191776359522786, 20: 0.1748304299918222, 30: 0.16714414402290628, 40: 0.1610778737583278, 50: 0.15902554503193608, 60: 0.15800144379889525, 70: 0.1582099418581268, 80: 0.15947487403949104, 90: 0.15775933537954165, 100: 0.16445096179291055, 110: 0.16428072454384818, 120: 0.1550820448332363, 130: 0.16633413787241333, 140: 0.1620844136785578, 150: 0.1572019944956273}",120,0.1550820448332363,0.01,0.01,0.01
bostonHousing,FCN,32,1e-05,0.002,"{0: 0.42068812810344464, 10: 0.17408526252817227, 20: 0.17002312897900002, 30: 0.1689196149508158, 40: 0.16897171010941633, 50: 0.1622521365682284, 60: 0.17008675818825947, 70: 0.15134245703617732, 80: 0.15500493732131557, 90: 0.15932057238655326, 100: 0.1549837413025491}",70,0.15134245703617732,0.01,0.01,0.01
bostonHousing,FCN,32,1e-09,0.0001,"{0: 0.9443200558056066, 10: 0.534461467501558, 20: 0.35014286806553974, 30: 0.27241376877566914, 40: 0.23972056894390673, 50: 0.22323866957499655, 60: 0.21255522201090682, 70: 0.20449854674530615, 80: 0.1980449777326466, 90: 0.19301102873351839, 100: 0.18905798555524259, 110: 0.185915170683537, 120: 0.18341939837476356, 130: 0.18114051667996395, 140: 0.17946880055062567, 150: 0.1783045753652667, 160: 0.17731692323714127, 170: 0.17669207074759918, 180: 0.1762693011098438, 190: 0.1760614295064667, 200: 0.175962378323814, 210: 0.1756503751984349, 220: 0.175464188279929, 230: 0.1751447307842749, 240: 0.17487138818811487, 250: 0.1745721790525648, 260: 0.17426822542408366, 270: 0.17410993535577515, 280: 0.17385288451188877, 290: 0.173567055920024, 300: 0.17318973552297662, 310: 0.17310919014760007, 320: 0.1729884503432262, 330: 0.17289687207451573, 340: 0.17273513722566908, 350: 0.17268446853131425, 360: 0.17250373109623238, 370: 0.1725029015246733, 380: 0.1724442888189245, 390: 0.17248931803085185, 400: 0.17247155209382375, 410: 0.17258370526042988}",380,0.1724442888189245,0.01,0.01,0.01
bostonHousing,FCN,32,1e-09,0.0005,"{0: 0.7006976270749246, 10: 0.22656759903018858, 20: 0.18923549389029728, 30: 0.17695765808040714, 40: 0.17145467775839346, 50: 0.16857223253191256, 60: 0.16683613838237007, 70: 0.1659453492473673, 80: 0.1650282785848335, 90: 0.16364589900146295, 100: 0.16269802377547746, 110: 0.16110351797607209, 120: 0.15979677672371453, 130: 0.1588773803394518, 140: 0.15767211904864253, 150: 0.1577926081087854, 160: 0.1582654917497694, 170: 0.1573632361344349, 180: 0.15594027785607326, 190: 0.15536812505236378, 200: 0.1569180049278118, 210: 0.16080860495567323, 220: 0.15730225399688438}",190,0.15536812505236378,0.01,0.01,0.01
bostonHousing,FCN,32,1e-09,0.001,"{0: 0.5631173398023771, 10: 0.18833211174717657, 20: 0.17033821979054695, 30: 0.16747019971594396, 40: 0.16609174971595225, 50: 0.1678671630628315, 60: 0.16974167275575944, 70: 0.17031679800999017}",40,0.16609174971595225,0.01,0.01,0.01
bostonHousing,FCN,32,1e-09,0.002,"{0: 0.42754516290661726, 10: 0.16623258088473922, 20: 0.1538681874304642, 30: 0.15103657459035333, 40: 0.15035161891101317, 50: 0.130826872476825, 60: 0.13888335408251962, 70: 0.14697638047330175, 80: 0.14212226676352233}",50,0.130826872476825,0.01,0.01,0.01
bostonHousing,noisyFCN,32,0.1,0.0001,"{0: 0.9900445570180445, 10: 0.6536513490441405, 20: 0.47705890118707844, 30: 0.3761069525723104, 40: 0.31821170300245283, 50: 0.2853328871506232, 60: 0.2659011179282341, 70: 0.25414919034566413, 80: 0.24624097437402354, 90: 0.24019215318523807, 100: 0.23547052965487963, 110: 0.231679156753752, 120: 0.22843448372534764, 130: 0.225607203848568, 140: 0.2231877335243755, 150: 0.22110142715183306, 160: 0.21927673102896889, 170: 0.2176779165496061, 180: 0.216385612130901, 190: 0.21534329305092492, 200: 0.21452115292166485, 210: 0.21385013376489098, 220: 0.213323489015485, 230: 0.21290339393380245, 240: 0.2126417371225946, 250: 0.21245341122518352, 260: 0.21231564616347537, 270: 0.21221872185483392, 280: 0.21211258588749682, 290: 0.2120731600088838, 300: 0.2121447123863079, 310: 0.2121718497004038, 320: 0.21223581013856113}",290,0.2120731600088838,0.01,0.001,0.01
bostonHousing,noisyFCN,32,0.1,0.0001,"{0: 0.9541689052258009, 10: 0.6281901246603624, 20: 0.46327169633206033, 30: 0.3703585818777849, 40: 0.3179577247780046, 50: 0.2886944564220346, 60: 0.27148156537685864, 70: 0.26088748947705753, 80: 0.2536002429731098, 90: 0.24821444159304656, 100: 0.24384391719912304, 110: 0.24023310543946277, 120: 0.23709657705492443, 130: 0.23441502834543768, 140: 0.23201978210313823, 150: 0.22984745631247389, 160: 0.22807558567067723, 170: 0.22652746461055898, 180: 0.22516996998477862, 190: 0.2240050401216672, 200: 0.22294273394861336, 210: 0.22201499118481155, 220: 0.2211896218451453, 230: 0.22044008951864127, 240: 0.21973638580537136, 250: 0.21920799635074753, 260: 0.21873839874694379, 270: 0.21821195713163893, 280: 0.21777563525570764, 290: 0.21741802206745856, 300: 0.21716501039487346, 310: 0.21687516439476134, 320: 0.21666012192949835, 330: 0.2164172880811456, 340: 0.21621408582101634, 350: 0.21577333171426516, 360: 0.2154322181034971, 370: 0.2151861990491549, 380: 0.21488397476481805, 390: 0.21459954095843398, 400: 0.2144106979539365, 410: 0.2142393281062444, 420: 0.21413674345354977, 430: 0.21393673410754147, 440: 0.21373407561102029, 450: 0.21360805796252355, 460: 0.2134086389600495, 470: 0.2132474990722574, 480: 0.2131451968609551, 490: 0.21291364780914637, 500: 0.21278193002497708, 510: 0.2126683666382307, 520: 0.21258113632599512, 530: 0.21247366777172796, 540: 0.21244785366234958, 550: 0.21238569836189716, 560: 0.21232460924872645, 570: 0.21227767081172377, 580: 0.2122012441356977, 590: 0.21209254689790585, 600: 0.21200150372805418, 610: 0.2119326752644998, 620: 0.21190428097306943, 630: 0.21187952197628257, 640: 0.21183666647584348, 650: 0.21174243092536926, 660: 0.21173110871035378, 670: 0.21169590387079448, 680: 0.2116706151285289, 690: 0.21159425131332726, 700: 0.21158481689147007, 710: 0.21150653985915363, 720: 0.2115112336513437, 730: 0.21147124695557135, 740: 0.2114382599422961, 750: 0.2113868918131899, 760: 0.21135986566911508, 770: 0.21133245308826, 780: 0.2112727185274348, 790: 0.21124474259070408, 800: 0.21119787021551603, 810: 0.21116191823909308, 820: 0.2111465276023488, 830: 0.21113964000969757, 840: 0.21115351335869895, 850: 0.21106196597770407, 860: 0.21106794557453673, 870: 0.21105006090652795, 880: 0.21102494380356354, 890: 0.21104024632109536, 900: 0.210954287574615, 910: 0.2109136660157898, 920: 0.21089344547118669, 930: 0.21084304965204664, 940: 0.21081530817864852, 950: 0.2108035525422037, 960: 0.21078938729601143, 970: 0.2107577621936798, 980: 0.21073461441714086, 990: 0.21077367617392245, 1000: 0.21074269588714767, 1010: 0.2107201667663492, 1020: 0.21073124213719074, 1030: 0.21069851054085625, 1040: 0.21067316545012557, 1050: 0.21066926658889393, 1060: 0.21066667937938077, 1070: 0.21065517053192045, 1080: 0.21063926310083012, 1090: 0.2106338072522187, 1100: 0.21058243139658445, 1110: 0.21055344017567457, 1120: 0.2105220209117289, 1130: 0.21046581617843954, 1140: 0.21044594496488572, 1150: 0.2104529040095247, 1160: 0.21044641335805253, 1170: 0.2104341188698639, 1180: 0.2104538666061413, 1190: 0.2104141959069688, 1200: 0.210431558114511, 1210: 0.2104199946294596, 1220: 0.2104300281147898}",1190,0.2104141959069688,0.01,0.005,0.01
bostonHousing,noisyFCN,32,0.1,0.0001,"{0: 0.9513740791950696, 10: 0.6042845907770558, 20: 0.425724852324268, 30: 0.33283686395044676, 40: 0.28426944609777427, 50: 0.25964987368127446, 60: 0.2459169179753021, 70: 0.2371909130686595, 80: 0.2311921258951411, 90: 0.22677657900401105, 100: 0.22326255839915926, 110: 0.2203567917700167, 120: 0.21805655205691304, 130: 0.21624849184795664, 140: 0.21467704914602231, 150: 0.2134848549778079, 160: 0.21245391383583162, 170: 0.21150667698662956, 180: 0.21080145388841628, 190: 0.21022562219036947, 200: 0.20975541431962705, 210: 0.20936951812034774, 220: 0.2089384710163246, 230: 0.20869865417480468, 240: 0.20852155795803778, 250: 0.20847313755456312, 260: 0.20840009189682243, 270: 0.20838476873842288, 280: 0.20837927892988112, 290: 0.2083261600063171, 300: 0.20840489494579809, 310: 0.208497552058579, 320: 0.2086328872192053}",290,0.2083261600063171,0.01,0.01,0.01
bostonHousing,noisyFCN,32,0.1,0.0001,"{0: 0.9520988731472582, 10: 0.6013602736923429, 20: 0.4288258676911577, 30: 0.3410330740390001, 40: 0.2953764072722859, 50: 0.2720526104172071, 60: 0.25821781548452966, 70: 0.24961985408523937, 80: 0.2436427918297273, 90: 0.23874755923026872, 100: 0.23483986637474574, 110: 0.23150566829207503, 120: 0.22867233894857358, 130: 0.22631811332187537, 140: 0.2240801329230085, 150: 0.22201402547918722, 160: 0.2204367231071731, 170: 0.21876118291675312, 180: 0.21727176556984582, 190: 0.21596159175222301, 200: 0.21465740569947678, 210: 0.21364883535806042, 220: 0.2126813214318252, 230: 0.21200208835027837, 240: 0.21160622570249768, 250: 0.21095182943491286, 260: 0.21046443726913427, 270: 0.2098482158816891, 280: 0.2095007476983247, 290: 0.20906541297833128, 300: 0.20907245318830747, 310: 0.2088994809690817, 320: 0.20864751784153923, 330: 0.20863044710806858, 340: 0.20859911298310316, 350: 0.208496297435996, 360: 0.20823498526473103, 370: 0.20819453324800657, 380: 0.20802197999056476, 390: 0.20789241281188567, 400: 0.20779332632635844, 410: 0.20760186086466287, 420: 0.20745836413568916, 430: 0.20723603124971746, 440: 0.20724981362804953, 450: 0.20703830027285916, 460: 0.20700562750851667, 470: 0.20687664791389748, 480: 0.20681059266682023, 490: 0.2067388355364034, 500: 0.20674057608401336, 510: 0.2066494558512429, 520: 0.20660020571064064, 530: 0.20659375600976712, 540: 0.20663889744031577, 550: 0.20649023994251534, 560: 0.20655976990122857, 570: 0.20656485526282112, 580: 0.2064699520851359, 590: 0.20655733551140187, 600: 0.20653597324350734, 610: 0.2064515030678408, 620: 0.20649887577251153, 630: 0.20643910033467378, 640: 0.20640746053354242, 650: 0.20642674743761252, 660: 0.20632436054724232, 670: 0.20639504034210132, 680: 0.20637312021888335, 690: 0.2063549296171577}",660,0.20632436054724232,0.01,0.05,0.01
bostonHousing,noisyFCN,32,0.1,0.0001,"{0: 0.9671541903489901, 10: 0.6280166661665764, 20: 0.4597653290555801, 30: 0.3701362483111429, 40: 0.3200448958042227, 50: 0.2914456277717779, 60: 0.27392324842052695, 70: 0.2627696269456251, 80: 0.25420394996066153, 90: 0.24828939618151863, 100: 0.24323987066745759, 110: 0.23942937157404276, 120: 0.23563063898940148, 130: 0.23235802243889117, 140: 0.22985043625036874, 150: 0.22757101719394143, 160: 0.22528105753439442, 170: 0.22361661177358508, 180: 0.22207323060727413, 190: 0.2203675996558166, 200: 0.21931347609670074, 210: 0.2181108483561763, 220: 0.21730774576649256, 230: 0.2168057683073444, 240: 0.21611545082227684, 250: 0.215851280313951, 260: 0.21538356470840947, 270: 0.2148201990826631, 280: 0.21457742090210502, 290: 0.21412733682879695, 300: 0.21407892343438703, 310: 0.21406579332219233, 320: 0.21394423524170744, 330: 0.213664391581659, 340: 0.2134173794293109, 350: 0.21347602199257154, 360: 0.2133785007360541, 370: 0.21351359828754707, 380: 0.21332831794832957, 390: 0.21331068963548283, 400: 0.21310615933235783, 410: 0.2129504808489187, 420: 0.2130682500424208, 430: 0.212962217040268, 440: 0.21294796354608772, 450: 0.2130105816287759, 460: 0.21292726195152895, 470: 0.21287846614917122, 480: 0.2128472881368649, 490: 0.21274992556851585, 500: 0.21268007990754684, 510: 0.21273689065818435, 520: 0.21270555202607758, 530: 0.21249604252753435, 540: 0.2123747405814536, 550: 0.21245678808586094, 560: 0.21232812264819204, 570: 0.21211004829333152, 580: 0.2121446740664082, 590: 0.21203444701286012, 600: 0.21193293412158515, 610: 0.21175086553449982, 620: 0.2117274976071016, 630: 0.21171675098163106, 640: 0.21151051423799844, 650: 0.21149683670129305, 660: 0.21144849635936597, 670: 0.21138208532406963, 680: 0.21129939063095754, 690: 0.21127526824489049, 700: 0.21134856352467596, 710: 0.21125089160086197, 720: 0.2111887460873451, 730: 0.21117144613354294, 740: 0.2111148880955614, 750: 0.21103432715674977, 760: 0.21126171245619102, 770: 0.21112028588483361, 780: 0.21118081394169064}",750,0.21103432715674977,0.01,0.1,0.01
bostonHousing,noisyFCN,32,0.1,0.0005,"{0: 0.7772145221262802, 10: 0.28086426545072485, 20: 0.23836163451642162, 30: 0.22410980424395316, 40: 0.21836987463412458, 50: 0.21541071482646612, 60: 0.21424390303867832, 70: 0.21347536547684376, 80: 0.21256807667237737, 90: 0.21218930422155946, 100: 0.2114935726295283, 110: 0.21091657236770348, 120: 0.21044486628638376, 130: 0.2100066855549812, 140: 0.20953248693251317, 150: 0.20917751562816128, 160: 0.20885074153358554, 170: 0.20869394022005577, 180: 0.2084345244883019, 190: 0.20824263881386065, 200: 0.2078998476082896, 210: 0.20776698651873032, 220: 0.2074941692712866, 230: 0.20766727773495658, 240: 0.20757646393260837, 250: 0.20751433194051555}",220,0.2074941692712866,0.01,0.001,0.01
bostonHousing,noisyFCN,32,0.1,0.0005,"{0: 0.7959667879858136, 10: 0.28551186416988017, 20: 0.24545673183452937, 30: 0.23065705304896392, 40: 0.2221091690438765, 50: 0.21701115958484601, 60: 0.21413598432217115, 70: 0.21203285350843712, 80: 0.21131554194438604, 90: 0.21045787654541157, 100: 0.21003034747677085, 110: 0.2095976444306197, 120: 0.2090770912391168, 130: 0.2085094463862019, 140: 0.2084136480350553, 150: 0.2080461938624029, 160: 0.20779700845847895, 170: 0.20764261491504712, 180: 0.2074859985230882, 190: 0.20739105180089856, 200: 0.2073696548556104, 210: 0.20738838594636796, 220: 0.2073256054594193, 230: 0.20738244248025212, 240: 0.2073875214398643, 250: 0.20738855050301847}",220,0.2073256054594193,0.01,0.005,0.01
bostonHousing,noisyFCN,32,0.1,0.0005,"{0: 0.7939944016344753, 10: 0.28646904255872896, 20: 0.24578800828736505, 30: 0.23004155457019806, 40: 0.2224648575723907, 50: 0.21865929179353477, 60: 0.21604375035306553, 70: 0.21465990916814331, 80: 0.2137526932137984, 90: 0.21291904355640762, 100: 0.21216001521658018, 110: 0.21158613794379763, 120: 0.21125057691041332, 130: 0.21087795593488362, 140: 0.21054248487875787, 150: 0.21009147200319506, 160: 0.209677629136009, 170: 0.20949839956966448, 180: 0.20934067600303224, 190: 0.2092093467160508, 200: 0.20905993507232198, 210: 0.20899080843837173, 220: 0.20876745338793157, 230: 0.20872858965102536, 240: 0.20864680747926972, 250: 0.20882459409810877, 260: 0.20861505998505483, 270: 0.2086344662455865, 280: 0.2086358229687184, 290: 0.20874015105727278}",260,0.20861505998505483,0.01,0.01,0.01
bostonHousing,noisyFCN,32,0.1,0.0005,"{0: 0.7459208089260407, 10: 0.27637679758999084, 20: 0.2360492801776639, 30: 0.22350654423604777, 40: 0.21741192813640758, 50: 0.21470163449829008, 60: 0.21356820523003, 70: 0.2131096126488697, 80: 0.21251525580883027, 90: 0.2122829242253009, 100: 0.21204215897086226, 110: 0.21161040980138898, 120: 0.21150810231029255, 130: 0.21121825607102593, 140: 0.21096451626515683, 150: 0.21056602691058757, 160: 0.21044052971733943, 170: 0.21026525769704657, 180: 0.20997992985778388, 190: 0.21006201259147975, 200: 0.20977477571110667, 210: 0.2096873156634378, 220: 0.20958761320805844, 230: 0.2096468968707838, 240: 0.20963497321914742, 250: 0.20949320931125573, 260: 0.2097830860887045, 270: 0.20972815100793482, 280: 0.2096588731180003}",250,0.20949320931125573,0.01,0.05,0.01
bostonHousing,noisyFCN,32,0.1,0.0005,"{0: 0.7646872948717188, 10: 0.28059655367224307, 20: 0.2433264726841891, 30: 0.2309581179493739, 40: 0.22339950730035335, 50: 0.21983485727766414, 60: 0.2175658360307599, 70: 0.2161817439728313, 80: 0.21465470479962265, 90: 0.21359391061612118, 100: 0.2125291316045655, 110: 0.21226388035733024, 120: 0.21165937917467986, 130: 0.2111502226304125, 140: 0.21043988514093703, 150: 0.21034913269090066, 160: 0.20971123119931162, 170: 0.20966328579334567, 180: 0.20935557407361488, 190: 0.20919733244327848, 200: 0.20921009177411043, 210: 0.20893235721705872, 220: 0.2087748756195292, 230: 0.20884232830118252, 240: 0.20876561046382527, 250: 0.20857925681788245, 260: 0.20897555336540127, 270: 0.20855204540270345, 280: 0.2086103892436734, 290: 0.2087185035333221, 300: 0.2087774518095417}",270,0.20855204540270345,0.01,0.1,0.01
bostonHousing,noisyFCN,32,0.1,0.001,"{0: 0.6774292191973439, 10: 0.23053571112729881, 20: 0.2119210046382598, 30: 0.20927648007133862, 40: 0.20845719007430255, 50: 0.207836890588572, 60: 0.20792811111903484, 70: 0.2072425804204411, 80: 0.20704975566010417, 90: 0.20669693113477142, 100: 0.20676611378604984, 110: 0.20678331787571497, 120: 0.20638025656894401, 130: 0.2064922591234431, 140: 0.20658621088958085, 150: 0.2066689475267022}",120,0.20638025656894401,0.01,0.001,0.01
bostonHousing,noisyFCN,32,0.1,0.001,"{0: 0.6060390636140918, 10: 0.22831527984436648, 20: 0.21101609188833353, 30: 0.20808828094123322, 40: 0.20784846161618642, 50: 0.20738679498066137, 60: 0.20778167049090066, 70: 0.20732245331193194, 80: 0.2071587712676437, 90: 0.2069821059151932, 100: 0.2069171718425221, 110: 0.2069539722653083, 120: 0.20666035514922787, 130: 0.20645698106583255, 140: 0.2066425775488218, 150: 0.20710260645474915, 160: 0.20722831187792767}",130,0.20645698106583255,0.01,0.005,0.01
bostonHousing,noisyFCN,32,0.1,0.001,"{0: 0.6290602894844832, 10: 0.24473830645467026, 20: 0.2242710416331703, 30: 0.21684460040227865, 40: 0.21301026995535252, 50: 0.21116604538243494, 60: 0.21056453896525468, 70: 0.21014874535210337, 80: 0.20962789945396376, 90: 0.2091220583628725, 100: 0.20890679019100875, 110: 0.2089961951345573, 120: 0.20867657427802494, 130: 0.20883996378124495, 140: 0.20855242556627887, 150: 0.20852072010805575, 160: 0.2083547638154324, 170: 0.20877426739460153, 180: 0.20887529717551337, 190: 0.20874567199268462}",160,0.2083547638154324,0.01,0.01,0.01
bostonHousing,noisyFCN,32,0.1,0.001,"{0: 0.6546543919377857, 10: 0.24359909660286375, 20: 0.22145451051585469, 30: 0.21342005175940787, 40: 0.21025843620300294, 50: 0.20946826377400646, 60: 0.2084806797497066, 70: 0.20728031085965073, 80: 0.20683793471551234, 90: 0.20619600910095523, 100: 0.2059527219813547, 110: 0.20556504281214724, 120: 0.2055362814370497, 130: 0.20538064940476125, 140: 0.20569609026482077, 150: 0.20571381267574101, 160: 0.20594877344958573}",130,0.20538064940476125,0.01,0.05,0.01
bostonHousing,noisyFCN,32,0.1,0.001,"{0: 0.6438857718750283, 10: 0.24059563349058596, 20: 0.22231916194712675, 30: 0.2170795143570429, 40: 0.21357277771573008, 50: 0.21204318146646756, 60: 0.21051371204264374, 70: 0.21048275797087465, 80: 0.20914918208195843, 90: 0.20951654441930628, 100: 0.2085428425927221, 110: 0.20873095488842625, 120: 0.20906286046460823, 130: 0.20859960749929335}",100,0.2085428425927221,0.01,0.1,0.01
bostonHousing,noisyFCN,32,0.1,0.002,"{0: 0.49016236423710247, 10: 0.22006518441585846, 20: 0.21229968179523212, 30: 0.21053185106059652, 40: 0.20947276598509448, 50: 0.2093496201582897, 60: 0.20887814738132335, 70: 0.20916173769000138, 80: 0.208894938432876, 90: 0.208992631788607}",60,0.20887814738132335,0.01,0.001,0.01
bostonHousing,noisyFCN,32,0.1,0.002,"{0: 0.4589196183983191, 10: 0.2124609154867537, 20: 0.20788344976342757, 30: 0.20661732173628278, 40: 0.20602738533490972, 50: 0.206191151322406, 60: 0.20594331772974978, 70: 0.20599080016951504, 80: 0.2058859414892432, 90: 0.20571104225553113, 100: 0.20627095454636915, 110: 0.20661808296486184, 120: 0.20639076722256933}",90,0.20571104225553113,0.01,0.005,0.01
bostonHousing,noisyFCN,32,0.1,0.002,"{0: 0.439032900498973, 10: 0.2231244996190071, 20: 0.21385818340896087, 30: 0.21004020531236386, 40: 0.20922737956782916, 50: 0.20859577659471534, 60: 0.2083518945324568, 70: 0.20852171289332116, 80: 0.2083268816272418, 90: 0.2083224485133901, 100: 0.2082160704481749, 110: 0.20860527873407175, 120: 0.20892787989642883, 130: 0.2087412214573519}",100,0.2082160704481749,0.01,0.01,0.01
bostonHousing,noisyFCN,32,0.1,0.002,"{0: 0.5025279546041548, 10: 0.2114856508962902, 20: 0.2083954213026129, 30: 0.20789598209990395, 40: 0.2077248623157725, 50: 0.20727541218569248, 60: 0.20755940068651127, 70: 0.20761638044575115, 80: 0.20770720846859025}",50,0.20727541218569248,0.01,0.05,0.01
bostonHousing,noisyFCN,32,0.1,0.002,"{0: 0.49355060662384387, 10: 0.21637905412985953, 20: 0.2116268769274523, 30: 0.209440692137053, 40: 0.20858221151578574, 50: 0.20753399361798794, 60: 0.20740135505243584, 70: 0.20761717381300748, 80: 0.20713853694406556, 90: 0.2071220404571957, 100: 0.20750742549145668, 110: 0.20723552010309548, 120: 0.20756610917088425}",90,0.2071220404571957,0.01,0.1,0.01
bostonHousing,noisyFCN,32,0.01,0.0001,"{0: 0.98214210021643, 10: 0.5683438575194206, 20: 0.3602018247691937, 30: 0.2661741804745462, 40: 0.2329111765012329, 50: 0.21853495205258144, 60: 0.2090320227322755, 70: 0.20152710716665528, 80: 0.1953657790650556, 90: 0.19060321027114066, 100: 0.1867018151062506, 110: 0.18359589600636636, 120: 0.1811694668214998, 130: 0.17928926563925213, 140: 0.17779073648982577, 150: 0.17658253374658983, 160: 0.17543831815322242, 170: 0.17450210928549004, 180: 0.1736899634754216, 190: 0.17299266895394266, 200: 0.17226833947646764, 210: 0.17159692865830883, 220: 0.1708820245884083, 230: 0.17027157110932434, 240: 0.16975791759697006, 250: 0.16933554315272673, 260: 0.16889682677057055, 270: 0.1685405625237359, 280: 0.16831102849524698, 290: 0.16814246162956142, 300: 0.16799900605354778, 310: 0.16779740478521513, 320: 0.16769658382292146, 330: 0.16761269481093793, 340: 0.16751251916090648, 350: 0.16733431996386727, 360: 0.16712105347786418, 370: 0.16702040702472495, 380: 0.16677298913767308, 390: 0.16647428623688074, 400: 0.16621791816052095, 410: 0.16604643243330494, 420: 0.1659015130849532, 430: 0.16569548709157073, 440: 0.16560363714341766, 450: 0.16533148936283443, 460: 0.16514318662661093, 470: 0.16492213301452593, 480: 0.1647615947473196, 490: 0.16456162053861734, 500: 0.16436934106879764, 510: 0.1641812218192183, 520: 0.1639746254608955, 530: 0.16380369556538854, 540: 0.1635728155205279, 550: 0.16341545094310503, 560: 0.1632994901434875, 570: 0.16329525280513882, 580: 0.1631452140616782, 590: 0.1631249834725886, 600: 0.16295604873218655, 610: 0.16301800424669996, 620: 0.16296483758423064, 630: 0.16297780626717912}",600,0.16295604873218655,0.01,0.001,0.01
bostonHousing,noisyFCN,32,0.01,0.0001,"{0: 0.9066170294343688, 10: 0.5410788201991423, 20: 0.3649073411285141, 30: 0.27661751676120877, 40: 0.2416554856263561, 50: 0.2246260803606775, 60: 0.21286977987598493, 70: 0.20394273582432004, 80: 0.19670338871670362, 90: 0.19112092000834738, 100: 0.186577037970225, 110: 0.18293612893716787, 120: 0.180106784881633, 130: 0.17777445478203854, 140: 0.1758890963630912, 150: 0.17416250981666423, 160: 0.17275926805572744, 170: 0.17141537607452018, 180: 0.17017420121917018, 190: 0.16929226883767562, 200: 0.16844120196722173, 210: 0.16768386249924888, 220: 0.16713319586382971, 230: 0.16666219076256691, 240: 0.16621880534990335, 250: 0.1658133031777394, 260: 0.16537284380123937, 270: 0.1649885458710753, 280: 0.16464205443123242, 290: 0.1643225011266308, 300: 0.16395938249281894, 310: 0.1636379688978195, 320: 0.16330065815537065, 330: 0.16294879460776296, 340: 0.16272493773772392, 350: 0.16241496823452137, 360: 0.1620347644075935, 370: 0.1617312333466094, 380: 0.16131876545187868, 390: 0.161022044810248, 400: 0.16076211002137925, 410: 0.16052265936209834, 420: 0.16024275613419803, 430: 0.16004681988262837, 440: 0.15990242678442118, 450: 0.15984589560532275, 460: 0.1597887474813579, 470: 0.15971676096504114, 480: 0.1596379255806958, 490: 0.15957766083287603, 500: 0.15951199123152981, 510: 0.1593015303214391, 520: 0.159196142245222, 530: 0.15903206412438992, 540: 0.1589015719331341, 550: 0.15879122563350348, 560: 0.15866373784748125, 570: 0.15858026971051722, 580: 0.15844950024728424, 590: 0.1583043764402837, 600: 0.1582689187041035, 610: 0.15816712574458416, 620: 0.15823495034818297, 630: 0.15816304771988482, 640: 0.15813657777544893, 650: 0.1581600985041371, 660: 0.15814218293001622, 670: 0.15814363364084266}",640,0.15813657777544893,0.01,0.005,0.01
bostonHousing,noisyFCN,32,0.01,0.0001,"{0: 0.992125791605608, 10: 0.577768537034223, 20: 0.3921711258130309, 30: 0.29739008744557693, 40: 0.2570674389232824, 50: 0.23705286711086462, 60: 0.22435753200157188, 70: 0.21474523660209446, 80: 0.20744023072866744, 90: 0.20140224827660455, 100: 0.1964045855734083, 110: 0.19207916647931675, 120: 0.18853596597909927, 130: 0.18564641541904872, 140: 0.18322484048060428, 150: 0.18136975187578322, 160: 0.1797407282355391, 170: 0.1782450402960365, 180: 0.17676758405603007, 190: 0.17558056425165247, 200: 0.1743600262535943, 210: 0.17349737889972733, 220: 0.17264784681208342, 230: 0.17196659180853102, 240: 0.17146906639322823, 250: 0.17076124880048965, 260: 0.17015220335236303, 270: 0.1696979989608129, 280: 0.16924271211947922, 290: 0.16881652305155623, 300: 0.1683564403910696, 310: 0.16791671952347698, 320: 0.16764770352546082, 330: 0.16733441890021902, 340: 0.16697138172608833, 350: 0.16654402330333803, 360: 0.16618774625254265, 370: 0.16574756028475587, 380: 0.16534571791136707, 390: 0.16508128563930957, 400: 0.16475158755058122, 410: 0.1645277851709613, 420: 0.16436585780279134, 430: 0.1640409897874903, 440: 0.16362589855252963, 450: 0.16323144119462848, 460: 0.1628551719733226, 470: 0.16256273554431067, 480: 0.1623262325370753, 490: 0.16219324576266017, 500: 0.16189773800196472, 510: 0.16166738843844258, 520: 0.16143291653306396, 530: 0.16116520295172562, 540: 0.160948552062482, 550: 0.16085918260577287, 560: 0.1606910009259059, 570: 0.16046550831309073, 580: 0.16033499338376672, 590: 0.1602424074102331, 600: 0.16014180681955667, 610: 0.1599826229575239, 620: 0.15992079474675802, 630: 0.15979535572322798, 640: 0.15970765869190665, 650: 0.15955386325533008, 660: 0.15941513607531416, 670: 0.15923034775036354, 680: 0.15908201817009182, 690: 0.15904385020703443, 700: 0.15898575795653427, 710: 0.15899020433425903, 720: 0.15901058743029467, 730: 0.1589117753284949, 740: 0.1588484251756727, 750: 0.15880874934387795, 760: 0.15868228252655195, 770: 0.1585728856884403, 780: 0.15850539163306906, 790: 0.15846117052399084, 800: 0.158321888928796, 810: 0.15835830778987317, 820: 0.1583864223257995, 830: 0.15832681012006453}",800,0.158321888928796,0.01,0.01,0.01
bostonHousing,noisyFCN,32,0.01,0.0001,"{0: 0.9678463197784659, 10: 0.5194711800342724, 20: 0.3371497667130129, 30: 0.2672384607755108, 40: 0.2396861380081118, 50: 0.22554869350091913, 60: 0.21599954443949237, 70: 0.20807118638430108, 80: 0.20135269420750346, 90: 0.19582960077641923, 100: 0.19165958559807436, 110: 0.187914299118666, 120: 0.18506002479497294, 130: 0.18300881179762477, 140: 0.18108491612437333, 150: 0.17941543095641665, 160: 0.17785181587125048, 170: 0.17667202918249886, 180: 0.17586876689283937, 190: 0.17478948058905425, 200: 0.17367814935651826, 210: 0.17282140564035486, 220: 0.17193580321323726, 230: 0.17112760996377024, 240: 0.17047772929992205, 250: 0.16986350428175043, 260: 0.16939470933543313, 270: 0.16886028680536483, 280: 0.16817840256808717, 290: 0.16774988332648338, 300: 0.1672111314387969, 310: 0.16687171944865475, 320: 0.16643329071409907, 330: 0.16572295659118227, 340: 0.1651666366391712, 350: 0.16493458133420827, 360: 0.16439390660803996, 370: 0.1640711549623513, 380: 0.16370086452843227, 390: 0.16332593920790117, 400: 0.1631300256943997, 410: 0.16270223638893647, 420: 0.16270764554724282, 430: 0.16243316258913204, 440: 0.16219685714185975, 450: 0.16208476781109232, 460: 0.16191160064420584, 470: 0.16184269337006557, 480: 0.16183864959964045, 490: 0.1616962790489197, 500: 0.16153272188004156, 510: 0.16129305038923097, 520: 0.16115286942617393, 530: 0.16100992707558617, 540: 0.1607408157101384, 550: 0.16062678591704665, 560: 0.1605421720463553, 570: 0.16038921383427987, 580: 0.16022580950348467, 590: 0.16012655787261915, 600: 0.16006206505828435, 610: 0.15999028664312243, 620: 0.15990573156763005, 630: 0.1598044909076926, 640: 0.15975739650520276, 650: 0.15965548915627562, 660: 0.15959200807559637, 670: 0.159422054629267, 680: 0.15928335579825037, 690: 0.15921510921584234, 700: 0.15918930978686724, 710: 0.1591202476510295, 720: 0.15901875742423682, 730: 0.15890260419727842, 740: 0.15881946671892094, 750: 0.15873833364910547, 760: 0.1585625989569558, 770: 0.15847266757929768, 780: 0.1583037288836491, 790: 0.15818984262001368, 800: 0.1579482239705545, 810: 0.15780493186579808, 820: 0.15771874380700382, 830: 0.15762200786007777, 840: 0.1574912890975858, 850: 0.1573112933356085, 860: 0.1573051897831905, 870: 0.15717515102875085, 880: 0.1570800103891043, 890: 0.15697114070256551, 900: 0.15682809952600504, 910: 0.15669892433984783, 920: 0.15649253085807519, 930: 0.15646961158440437, 940: 0.156248433979941, 950: 0.15621519887153013, 960: 0.15608093102037174, 970: 0.15590942880989594, 980: 0.15581714702241217, 990: 0.15569573361196637, 1000: 0.1555644635433032, 1010: 0.15538518752580804, 1020: 0.1552826670952785, 1030: 0.15516497702510265, 1040: 0.1549883035230048, 1050: 0.15485877541848173, 1060: 0.1547332723935445, 1070: 0.15457469596539014, 1080: 0.15442464587129195, 1090: 0.15436060774473495, 1100: 0.15421684739398367, 1110: 0.15420721767493237, 1120: 0.15403569077635987, 1130: 0.15401179407849722, 1140: 0.15395516519561228, 1150: 0.1538694757370301, 1160: 0.1537825376899154, 1170: 0.15380696039876823, 1180: 0.1537739110213739, 1190: 0.15366909069779477, 1200: 0.15361500768749803, 1210: 0.1536640011234048, 1220: 0.1535619302664274, 1230: 0.15348110305674284, 1240: 0.15340674788127712, 1250: 0.15340900038495478, 1260: 0.15331943296355965, 1270: 0.15333370960053103, 1280: 0.15332085368809875, 1290: 0.15329421556290285, 1300: 0.15339046801313944, 1310: 0.15330963958928615, 1320: 0.15330392107551477}",1290,0.15329421556290285,0.01,0.05,0.01
bostonHousing,noisyFCN,32,0.01,0.0001,"{0: 0.9477545412970179, 10: 0.5335021251881564, 20: 0.3528399675164694, 30: 0.27705362880671464, 40: 0.24603068265650005, 50: 0.230217006361043, 60: 0.21950824284627113, 70: 0.21219268472474298, 80: 0.20648135029607348, 90: 0.20105240207027503, 100: 0.1978547900731181, 110: 0.19483047344802337, 120: 0.19206412337076514, 130: 0.18937455706390333, 140: 0.1870135760233726, 150: 0.18598180067392045, 160: 0.18418987397058512, 170: 0.18355411670090238, 180: 0.18209149572584363, 190: 0.18111296196778615, 200: 0.18057675968717643, 210: 0.1800855330111068, 220: 0.17960469505669158, 230: 0.17874961469644382, 240: 0.17803087216100577, 250: 0.17774806420008343, 260: 0.17700205816898815, 270: 0.17653653389877744, 280: 0.17628485714947734, 290: 0.1758975619519198, 300: 0.1751831731310597, 310: 0.17505576971136494, 320: 0.1745692726638582, 330: 0.17377826328630802, 340: 0.1738383600005397, 350: 0.17322577440444337, 360: 0.17342392908938137, 370: 0.1727981920595522, 380: 0.1728400856624415, 390: 0.17255207690191857, 400: 0.1723442837044045, 410: 0.1719682314513642, 420: 0.17188048546696885, 430: 0.17154220004140597, 440: 0.17145823516227582, 450: 0.1713172756595376, 460: 0.17139756352077293, 470: 0.17128979530599384, 480: 0.17129258009386655, 490: 0.1710291027654836, 500: 0.1708646478108418, 510: 0.17065132429570323, 520: 0.17085462528982281, 530: 0.17054291878953393, 540: 0.17056981446566405, 550: 0.17050104097083763, 560: 0.1704665564828449, 570: 0.17034272875314876, 580: 0.17029865185419718, 590: 0.17025749922534567, 600: 0.17009341893372715, 610: 0.17000754869278564, 620: 0.16996422314349516, 630: 0.16991420656810574, 640: 0.16978283907160346, 650: 0.16962912873721417, 660: 0.16977857980463243, 670: 0.16970686276017882, 680: 0.16957950316093587, 690: 0.16954644602022054, 700: 0.16963591814777, 710: 0.16973532103461983, 720: 0.16972940814347914}",690,0.16954644602022054,0.01,0.1,0.01
bostonHousing,noisyFCN,32,0.01,0.0005,"{0: 0.7058013905713587, 10: 0.2271633705239237, 20: 0.2024081203856586, 30: 0.19044203563236897, 40: 0.18486206078970874, 50: 0.1810950400100814, 60: 0.1788693427119726, 70: 0.17758230176972753, 80: 0.17631073036679515, 90: 0.17562566250562667, 100: 0.17536551808869394, 110: 0.1746145996782515, 120: 0.1738469265125416, 130: 0.17297719588250288, 140: 0.1724865600466728, 150: 0.17194679046486633, 160: 0.17209222844721359, 170: 0.1719728818462219, 180: 0.17118463926477195, 190: 0.17151612236543937, 200: 0.17134299942372758, 210: 0.1707946377771872, 220: 0.17040116299449665, 230: 0.17002440109665012, 240: 0.17010237142259693, 250: 0.16942151061914584, 260: 0.16899251695032474, 270: 0.16864730809573775, 280: 0.16842218589635544, 290: 0.1681536987239932, 300: 0.16765270897267776, 310: 0.16749011417965828, 320: 0.1677653224379928, 330: 0.16738480414137427, 340: 0.1675747624517959, 350: 0.16693470623390178, 360: 0.166899385864352, 370: 0.16708761164803562, 380: 0.16700499098242066, 390: 0.16707902000642116}",360,0.166899385864352,0.01,0.001,0.01
bostonHousing,noisyFCN,32,0.01,0.0005,"{0: 0.7723148916974479, 10: 0.237264349008048, 20: 0.1936801125973831, 30: 0.1800383824809098, 40: 0.1756864426864518, 50: 0.1731356034308304, 60: 0.17237785837532563, 70: 0.17192427957499473, 80: 0.17133276613406193, 90: 0.17087708649076058, 100: 0.17106997933652662, 110: 0.17088524908931166, 120: 0.17088192837473787}",90,0.17087708649076058,0.01,0.005,0.01
bostonHousing,noisyFCN,32,0.01,0.0005,"{0: 0.7127771379771056, 10: 0.22533331870296855, 20: 0.19327867134117788, 30: 0.18467568390899236, 40: 0.18019736111164092, 50: 0.1774099409580231, 60: 0.1753852179021011, 70: 0.17376139362653098, 80: 0.1724815532013222, 90: 0.1712535230833807, 100: 0.17049195146487084, 110: 0.16914671515976942, 120: 0.1680146723617742, 130: 0.16733696596857944, 140: 0.16684186392360262, 150: 0.16671394702093104, 160: 0.16658930905439234, 170: 0.16598403435430412, 180: 0.16525555830678823, 190: 0.1652229673516603, 200: 0.16468048816845743, 210: 0.16485833028952282, 220: 0.16416715501267234, 230: 0.1637097520224842, 240: 0.16348785603487934, 250: 0.16286596920755175, 260: 0.16280276694415527, 270: 0.1624432072227384, 280: 0.1622703763253895, 290: 0.16219558542893256, 300: 0.16188132089597204, 310: 0.16170281444066836, 320: 0.1616101309473132, 330: 0.16177258340664852, 340: 0.16132125361466113, 350: 0.16130817547256565, 360: 0.16166421473026277, 370: 0.1612546287017104, 380: 0.16145739584793278, 390: 0.16127174746843032, 400: 0.16102439717010214, 410: 0.16192034777299855, 420: 0.16134045981330636, 430: 0.16149445961654924}",400,0.16102439717010214,0.01,0.01,0.01
bostonHousing,noisyFCN,32,0.01,0.0005,"{0: 0.7331577799202483, 10: 0.22673775200490595, 20: 0.19078006681836682, 30: 0.17919849506866786, 40: 0.1751114598026982, 50: 0.1735912217770094, 60: 0.1728431601951152, 70: 0.17232580181257223, 80: 0.17128956214881236, 90: 0.17136704903325914, 100: 0.17066842917306924, 110: 0.16992387981326493, 120: 0.1695548637781614, 130: 0.16955301165580752, 140: 0.1694968418942558, 150: 0.16935518825495682, 160: 0.16903221850041988, 170: 0.16876299881640777, 180: 0.16822699580663514, 190: 0.16786611102245472, 200: 0.166969049749551, 210: 0.1661206290309812, 220: 0.16623386891535769, 230: 0.1663196564456563, 240: 0.16595623209888552, 250: 0.16503634519047208, 260: 0.1654639142163006, 270: 0.16574893487088477, 280: 0.16620273626880883}",250,0.16503634519047208,0.01,0.05,0.01
bostonHousing,noisyFCN,32,0.01,0.0005,"{0: 0.7142607160188533, 10: 0.21676133383571367, 20: 0.1850202262953476, 30: 0.1700605289435681, 40: 0.16658443131564576, 50: 0.16306229088409446, 60: 0.16197937590840422, 70: 0.16164662512364208, 80: 0.1605712076580083, 90: 0.15945921343417818, 100: 0.1600349258677459, 110: 0.1596979382413405, 120: 0.15973525724293272}",90,0.15945921343417818,0.01,0.1,0.01
bostonHousing,noisyFCN,32,0.01,0.001,"{0: 0.5779518527749145, 10: 0.20147169429210968, 20: 0.18248508565219831, 30: 0.17615323166052502, 40: 0.17158749327983386, 50: 0.16848557396435443, 60: 0.16739310221171674, 70: 0.16694744177806525, 80: 0.16684180575388446, 90: 0.16650308249173343, 100: 0.16576493625287655, 110: 0.16515274838900862, 120: 0.16704205134768546, 130: 0.16388643433650335, 140: 0.16306291965790737, 150: 0.16559419615401164, 160: 0.16618128856759012, 170: 0.16472166335141217}",140,0.16306291965790737,0.01,0.001,0.01
bostonHousing,noisyFCN,32,0.01,0.001,"{0: 0.515751582218541, 10: 0.19112121466501258, 20: 0.16851202797742537, 30: 0.16049911431324335, 40: 0.15652364047221196, 50: 0.15579192149050441, 60: 0.15575464400980207, 70: 0.1565563735034731, 80: 0.1578159902934675, 90: 0.15794910232961912}",60,0.15575464400980207,0.01,0.005,0.01
bostonHousing,noisyFCN,32,0.01,0.001,"{0: 0.5975156199416997, 10: 0.1977445348177427, 20: 0.17413350615972353, 30: 0.16779652887288435, 40: 0.16538187754742892, 50: 0.1636628832714057, 60: 0.16419513961415233, 70: 0.1636972490284178, 80: 0.16389658905473758}",50,0.1636628832714057,0.01,0.01,0.01
bostonHousing,noisyFCN,32,0.01,0.001,"{0: 0.5032295694137797, 10: 0.1933279229718962, 20: 0.17367527378194125, 30: 0.164855354141306, 40: 0.16175216521009989, 50: 0.16043293641673192, 60: 0.159606961004528, 70: 0.15973063777258364, 80: 0.15844001310107148, 90: 0.15825521143866175, 100: 0.15708774984986693, 110: 0.15730451895498937, 120: 0.1556594929393427, 130: 0.15622312601333782, 140: 0.15437131704371654, 150: 0.15376112117075627, 160: 0.1563316464056203, 170: 0.1537605259337543, 180: 0.15184586932997643, 190: 0.15280346274375914, 200: 0.15387237237559423, 210: 0.1550694262539899}",180,0.15184586932997643,0.01,0.05,0.01
bostonHousing,noisyFCN,32,0.01,0.001,"{0: 0.5797075869492543, 10: 0.1964953582963826, 20: 0.1724955404614225, 30: 0.1661886681009222, 40: 0.1631259522320312, 50: 0.15971267168168668, 60: 0.1585219895766105, 70: 0.15678645537959204, 80: 0.155329116921366, 90: 0.15509392755267062, 100: 0.15659866413952392, 110: 0.15342485691294258, 120: 0.15208396381802028, 130: 0.1522319119653584, 140: 0.15157678693900872, 150: 0.1512127572003706, 160: 0.1510118576111617, 170: 0.15352306086340067, 180: 0.1519624756442176, 190: 0.1513448566566279}",160,0.1510118576111617,0.01,0.1,0.01
bostonHousing,noisyFCN,32,0.01,0.002,"{0: 0.43919058041072195, 10: 0.19196936160693934, 20: 0.18008933854691775, 30: 0.1715020836871347, 40: 0.16981372182016016, 50: 0.1653981703850958, 60: 0.16413401838070082, 70: 0.15695360898971558, 80: 0.1675419944855902, 90: 0.1694594161378013, 100: 0.15916034502011758}",70,0.15695360898971558,0.01,0.001,0.01
bostonHousing,noisyFCN,32,0.01,0.002,"{0: 0.44236868207837327, 10: 0.18120925102704838, 20: 0.16960473443255014, 30: 0.16798825709172238, 40: 0.167571168070958, 50: 0.1717536297109392, 60: 0.16906626149092194, 70: 0.16300469436395315, 80: 0.16161041546750954, 90: 0.1661629194462741, 100: 0.1598175229113779, 110: 0.16324109920748958, 120: 0.17005921800931295, 130: 0.15948601791888106, 140: 0.1658540544686494, 150: 0.16174366772174836, 160: 0.15596967964996528, 170: 0.15620532871028522, 180: 0.16284923082516514, 190: 0.16322292849237538}",160,0.15596967964996528,0.01,0.005,0.01
bostonHousing,noisyFCN,32,0.01,0.002,"{0: 0.44656955971394047, 10: 0.18469417715146216, 20: 0.17208673545607814, 30: 0.16726717867968996, 40: 0.1626738735003236, 50: 0.15941851650491176, 60: 0.1628570016151593, 70: 0.17136166632911307, 80: 0.16589794563658444}",50,0.15941851650491176,0.01,0.01,0.01
bostonHousing,noisyFCN,32,0.01,0.002,"{0: 0.41943011578218437, 10: 0.17927522482695402, 20: 0.16724720468491686, 30: 0.1649323910474777, 40: 0.16024341307304524, 50: 0.15934518435854975, 60: 0.16237244300636244, 70: 0.16278954571411933, 80: 0.15584099616533445, 90: 0.15349567944620862, 100: 0.15860879373403242, 110: 0.155998949320228, 120: 0.15569785732178038}",90,0.15349567944620862,0.01,0.05,0.01
bostonHousing,noisyFCN,32,0.01,0.002,"{0: 0.46382814844449366, 10: 0.1786351116719069, 20: 0.16569763929755602, 30: 0.16235432047166942, 40: 0.1610090595336608, 50: 0.15821685268555158, 60: 0.1611393502832931, 70: 0.1607961422499315, 80: 0.16450486374490053}",50,0.15821685268555158,0.01,0.1,0.01
bostonHousing,noisyFCN,32,0.001,0.0001,"{0: 0.9462484772558565, 10: 0.5277495194180513, 20: 0.3479674523443351, 30: 0.27295852991533864, 40: 0.24252959020711756, 50: 0.22615146837484695, 60: 0.2146745142377453, 70: 0.20576645750322461, 80: 0.19843916988667148, 90: 0.19241470256705345, 100: 0.18751979137276426, 110: 0.18355184607667688, 120: 0.18051656942676614, 130: 0.17787438651293885, 140: 0.17578214066631997, 150: 0.17426097943091098, 160: 0.1730457161127785, 170: 0.172138531782009, 180: 0.171409864410942, 190: 0.17080732072577065, 200: 0.17012629527368664, 210: 0.16943216941974784, 220: 0.16886097891831103, 230: 0.16845070418016408, 240: 0.16823857996934727, 250: 0.16813661445070194, 260: 0.16780302075692163, 270: 0.16760706798529917, 280: 0.16730125149091082, 290: 0.16712987713607744, 300: 0.16696334808696936, 310: 0.16663124436213644, 320: 0.1664009615962888, 330: 0.16627055557421697, 340: 0.16601307395799658, 350: 0.16576852599779765, 360: 0.1655256156200244, 370: 0.16524722995581453, 380: 0.1649855277052632, 390: 0.16478837426797843, 400: 0.16447538762916752, 410: 0.16426822800695162, 420: 0.16418403699810122, 430: 0.1640255585864738, 440: 0.16393638582509243, 450: 0.16387277740387268, 460: 0.1637534760582594, 470: 0.16362638572851815, 480: 0.16362698332027154, 490: 0.16353689005345476, 500: 0.1634639146519296, 510: 0.16339183696258214, 520: 0.16311129763906385, 530: 0.16305136073518683, 540: 0.16287101757379224, 550: 0.16296140439348455, 560: 0.1627870687915955, 570: 0.16275334897232643, 580: 0.1626559262290413, 590: 0.16271651985100757, 600: 0.16266430918081307, 610: 0.16284789430138508}",580,0.1626559262290413,0.01,0.001,0.01
bostonHousing,noisyFCN,32,0.001,0.0001,"{0: 0.9857472062110901, 10: 0.5611962503489153, 20: 0.3606689573989974, 30: 0.27489404729854916, 40: 0.24257099072874327, 50: 0.22588597245422415, 60: 0.21387978632141044, 70: 0.2045252584196903, 80: 0.1972118916518894, 90: 0.1913910659007084, 100: 0.18685791821759426, 110: 0.18325399167743728, 120: 0.18026100535083697, 130: 0.17776031300977424, 140: 0.17577350939865466, 150: 0.1739600184890959, 160: 0.17249100668194856, 170: 0.17135344791559526, 180: 0.1702655424306422, 190: 0.16910280419720544, 200: 0.16804643070992126, 210: 0.16732194386882546, 220: 0.16655647824575873, 230: 0.1657712075077457, 240: 0.16507893491674355, 250: 0.16450108153584564, 260: 0.16397402060252647, 270: 0.1634446617261863, 280: 0.1630484501152863, 290: 0.16264539730769617, 300: 0.16228188267092647, 310: 0.1618323928780026, 320: 0.1613170832027624, 330: 0.16086084401165995, 340: 0.16044245724692757, 350: 0.16005326294236713, 360: 0.1597438789812135, 370: 0.15949468025822697, 380: 0.159205017671173, 390: 0.1589708494919318, 400: 0.1586731333607509, 410: 0.1585531325803863, 420: 0.1582298774410177, 430: 0.15797967772792887, 440: 0.15767701935988887, 450: 0.15753928071554796, 460: 0.15737171449043133, 470: 0.1571198860988205, 480: 0.15688977208402424, 490: 0.1568517042162978, 500: 0.15660455532280018, 510: 0.15644262835935313, 520: 0.15620006447956886, 530: 0.1560288767203873, 540: 0.1558600930887976, 550: 0.15578713450166914, 560: 0.1554874708807027, 570: 0.15521891759133635, 580: 0.15492735821523784, 590: 0.15470968977904614, 600: 0.15467027760582205, 610: 0.15460935652623942, 620: 0.15437940647940576, 630: 0.15420964972840417, 640: 0.15409409194080917, 650: 0.15398698498805366, 660: 0.15380698990674663, 670: 0.1536750876793155, 680: 0.15358765995428886, 690: 0.1534357746626124, 700: 0.15393879702429714, 710: 0.1531108719147282, 720: 0.15286299256998817, 730: 0.15269549367604435, 740: 0.15254891553410777, 750: 0.1523793327219692, 760: 0.1521604753754757, 770: 0.15197578609725576, 780: 0.15149361424975924, 790: 0.1508499355411824, 800: 0.15101762945637293, 810: 0.15096983523280533, 820: 0.15077663893684928, 830: 0.15063642772995395, 840: 0.1504437153170138, 850: 0.15029233116426582, 860: 0.14998180941667086, 870: 0.1497796364956432, 880: 0.14975110962067123, 890: 0.14950334586111116, 900: 0.149405279038129, 910: 0.14932475612487323, 920: 0.14918071298319616, 930: 0.14897074300197907, 940: 0.1485161359111468, 950: 0.14817458083968105, 960: 0.14825029279346819, 970: 0.14823896301749312, 980: 0.1479458120134142, 990: 0.14779936665738072, 1000: 0.14758912120704298, 1010: 0.14740889959129286, 1020: 0.1471584255312696, 1030: 0.14701325435329365, 1040: 0.14685953583246397, 1050: 0.1466475634847158, 1060: 0.14635192716931117, 1070: 0.14618417727358546, 1080: 0.1461201258095694, 1090: 0.1458889899982346, 1100: 0.1456297062797311, 1110: 0.14561413245068655, 1120: 0.14534938425561525, 1130: 0.14541859987341327, 1140: 0.1449153145706212, 1150: 0.14515333663166305, 1160: 0.14492600175701542, 1170: 0.14497448923411194}",1140,0.1449153145706212,0.01,0.005,0.01
bostonHousing,noisyFCN,32,0.001,0.0001,"{0: 0.9663693554607438, 10: 0.5719490361986337, 20: 0.38347021407551235, 30: 0.2917619434403784, 40: 0.2559131442580694, 50: 0.23807310055435438, 60: 0.22484505836978372, 70: 0.21480374108126138, 80: 0.20660756918383233, 90: 0.19982664507848244, 100: 0.19420144626019914, 110: 0.18965153607689306, 120: 0.18611053936643365, 130: 0.18319721461078267, 140: 0.18080506832511337, 150: 0.1789003035904449, 160: 0.17730435213924928, 170: 0.17595756193737927, 180: 0.17487246368402315, 190: 0.17390644715891942, 200: 0.17310296043201728, 210: 0.1723903893320649, 220: 0.1718518282528277, 230: 0.17143154041266737, 240: 0.17101952164997286, 250: 0.17044389891771622, 260: 0.16983972673798783, 270: 0.16935753358734978, 280: 0.168679435679942, 290: 0.16819845305548778, 300: 0.16767008032327818, 310: 0.1671566426386068, 320: 0.16666230154626166, 330: 0.16610469030745237, 340: 0.16559303259408034, 350: 0.16502996940671663, 360: 0.16439029651659504, 370: 0.1639009098211924, 380: 0.16339398559964732, 390: 0.16296644361666693, 400: 0.1626200567792963, 410: 0.16230516106258205, 420: 0.16200878844584948, 430: 0.16164871204046555, 440: 0.16128582082412862, 450: 0.1609941710660487, 460: 0.1607168764243891, 470: 0.1604643938350089, 480: 0.16016052626533273, 490: 0.15995787382125853, 500: 0.15978501251450292, 510: 0.1595257769028346, 520: 0.1593802508748608, 530: 0.15918840166227316, 540: 0.1590600163480382, 550: 0.15872659731058428, 560: 0.15846405695250004, 570: 0.15829312963250242, 580: 0.15816226443390785, 590: 0.15811664193500705, 600: 0.15809418371430148, 610: 0.15804768521108745, 620: 0.1579497869000023, 630: 0.1579777122279744, 640: 0.15806088778707714, 650: 0.15803237995247782}",620,0.1579497869000023,0.01,0.01,0.01
bostonHousing,noisyFCN,32,0.001,0.0001,"{0: 0.9580437956032929, 10: 0.5422097419882997, 20: 0.350331770343545, 30: 0.2666204970743921, 40: 0.23551058574223224, 50: 0.21951567537990618, 60: 0.20675125773306244, 70: 0.19669209176007615, 80: 0.1889316671608407, 90: 0.1831654472667494, 100: 0.1781942355963919, 110: 0.17509257506441187, 120: 0.1723104554561921, 130: 0.17000258991747724, 140: 0.168494991240678, 150: 0.16673317150569256, 160: 0.16563333423785226, 170: 0.1643631308167069, 180: 0.16320441946571257, 190: 0.16253465375414602, 200: 0.16138809380339986, 210: 0.16080540593391585, 220: 0.15986895918110272, 230: 0.15929681095812057, 240: 0.15873306741317114, 250: 0.15792636234819152, 260: 0.15730543432780256, 270: 0.15649924456705283, 280: 0.15603059793328064, 290: 0.15546403490466837, 300: 0.1550328795740634, 310: 0.15418388339472405, 320: 0.15334291465488484, 330: 0.1526727165336962, 340: 0.15216275619135963, 350: 0.15154595595818982, 360: 0.15127426494418839, 370: 0.15075594979671786, 380: 0.1503978125107141, 390: 0.15006970018148422, 400: 0.14968936656728205, 410: 0.1492942386387307, 420: 0.14895526196485684, 430: 0.14857460229117192, 440: 0.1482823512804361, 450: 0.1480173036272143, 460: 0.147634200586213, 470: 0.14734138588846468, 480: 0.14707952805875263, 490: 0.14669396651011926, 500: 0.14650336320017593, 510: 0.14620556630838064, 520: 0.14604863379104638, 530: 0.1458144336938858, 540: 0.145646435427077, 550: 0.1455443811637384, 560: 0.1453993794174842, 570: 0.14530039646743256, 580: 0.14524191150694718, 590: 0.14512254270138564, 600: 0.14510573831237394, 610: 0.1449566819417624, 620: 0.14495787506486163, 630: 0.144937351051672, 640: 0.14491607609354423, 650: 0.14490563234797232, 660: 0.1450073563206343, 670: 0.1449485621150629, 680: 0.1450375650032067}",650,0.14490563234797232,0.01,0.05,0.01
bostonHousing,noisyFCN,32,0.001,0.0001,"{0: 0.8887739995379507, 10: 0.5063613439047778, 20: 0.3382560770820688, 30: 0.26753911949970105, 40: 0.23808873016157267, 50: 0.22274398345638202, 60: 0.21257229601895364, 70: 0.20496895399726464, 80: 0.19940696139762432, 90: 0.1941574305111979, 100: 0.18949542827444313, 110: 0.18698884480529362, 120: 0.18464060758734924, 130: 0.1826524566721033, 140: 0.18084849593815983, 150: 0.1803222907546126, 160: 0.18032869380197408, 170: 0.17965357145409527, 180: 0.1778923624091678, 190: 0.17796106228122005, 200: 0.1773369127953494, 210: 0.17779661829088939, 220: 0.17639221813943654, 230: 0.17660231564515902, 240: 0.1756052119128498, 250: 0.17583518322603203, 260: 0.17527163220040592, 270: 0.17563738613216967, 280: 0.17497636134977695, 290: 0.174604923673618, 300: 0.174153897644561, 310: 0.17334588368733725, 320: 0.1731539997053735, 330: 0.17263251057377568, 340: 0.17255770299169754, 350: 0.17234086508368268, 360: 0.1716996295584573, 370: 0.1713100003239549, 380: 0.1709125578403473, 390: 0.17098801088185958, 400: 0.17024344566427632, 410: 0.1702354293914489, 420: 0.1697603740809876, 430: 0.16935256686475544, 440: 0.16929595599203934, 450: 0.16915141222653565, 460: 0.16892536381880444, 470: 0.1688253507937914, 480: 0.16874175542666586, 490: 0.16840141676826242, 500: 0.16832519898444048, 510: 0.16819910870658025, 520: 0.16808530261487137, 530: 0.16785287794507578, 540: 0.1677408003144794, 550: 0.16767181198538084, 560: 0.1675089967103652, 570: 0.16750018313343143, 580: 0.16753976212607488, 590: 0.167411298222012, 600: 0.16747474250970062, 610: 0.16729099577591747, 620: 0.16720237536930743, 630: 0.16695353833981502, 640: 0.16699609473163698, 650: 0.16690995321597582, 660: 0.166746367348565, 670: 0.16665655503302443, 680: 0.16649429227834867, 690: 0.1664153082135283, 700: 0.16629328058089737, 710: 0.166116397542718, 720: 0.16601292571903747, 730: 0.1660868914039047, 740: 0.1660193831096461, 750: 0.1660068635587339, 760: 0.1659435345066918, 770: 0.1659835191788497, 780: 0.16587006390830622, 790: 0.16601951052377253, 800: 0.16594916972113244, 810: 0.16593211569167948}",780,0.16587006390830622,0.01,0.1,0.01
bostonHousing,noisyFCN,32,0.001,0.0005,"{0: 0.7294642122439395, 10: 0.22408945363612826, 20: 0.19079646793780505, 30: 0.17948152347479338, 40: 0.17527172773340602, 50: 0.17275253337474514, 60: 0.1712026682532864, 70: 0.17064481009671717, 80: 0.16983716386703795, 90: 0.1695293360102324, 100: 0.16850968468704342, 110: 0.1676388484828266, 120: 0.1665198763763463, 130: 0.16564488635386954, 140: 0.16461591957895844, 150: 0.16439711263886206, 160: 0.16300421975277088, 170: 0.16174514404049628, 180: 0.16158581692495463, 190: 0.16245234685915488, 200: 0.15950504541397095, 210: 0.16131573405898647, 220: 0.1637746353208283, 230: 0.16589645478460524}",200,0.15950504541397095,0.01,0.001,0.01
bostonHousing,noisyFCN,32,0.001,0.0005,"{0: 0.7821285454579342, 10: 0.23483575490521796, 20: 0.19592665292230654, 30: 0.18328507531572272, 40: 0.1790407657991221, 50: 0.17717683995947425, 60: 0.1766258022667449, 70: 0.17493169657242152, 80: 0.1740972220161815, 90: 0.17310944950139082, 100: 0.17224884202450885, 110: 0.17206328555389688, 120: 0.17190983354309458, 130: 0.17149754725856545, 140: 0.1714486223312072, 150: 0.17144883917069728, 160: 0.17214016596108309, 170: 0.1740230153372258}",140,0.1714486223312072,0.01,0.005,0.01
bostonHousing,noisyFCN,32,0.001,0.0005,"{0: 0.7337732200269346, 10: 0.21921946215040888, 20: 0.1830235422761352, 30: 0.17110836991557368, 40: 0.16761253152364564, 50: 0.16406947087358545, 60: 0.16118841024092684, 70: 0.15910584030695904, 80: 0.15806776106725504, 90: 0.1577575267832956, 100: 0.15751822322239112, 110: 0.15666380772988, 120: 0.15701008218306084, 130: 0.15738386543076716, 140: 0.1575153072675069}",110,0.15666380772988,0.01,0.01,0.01
bostonHousing,noisyFCN,32,0.001,0.0005,"{0: 0.7010790914665035, 10: 0.23599678807788424, 20: 0.1968212648306364, 30: 0.18424251550509607, 40: 0.17828077409002516, 50: 0.1764702194634779, 60: 0.17380480538179843, 70: 0.17322776957794475, 80: 0.17248708318780967, 90: 0.17199843290411396, 100: 0.17061594172760292, 110: 0.16949573657762856, 120: 0.16926655101555363, 130: 0.1680662730777705, 140: 0.16700787080658805, 150: 0.16719439186063811, 160: 0.1661392773191134, 170: 0.1658188007863951, 180: 0.1645325070362032, 190: 0.16629015442765788, 200: 0.16274589301995288, 210: 0.16580396960546942, 220: 0.16324465536041025, 230: 0.1641358255236237}",200,0.16274589301995288,0.01,0.05,0.01
bostonHousing,noisyFCN,32,0.001,0.0005,"{0: 0.7423335110699688, 10: 0.231649065790353, 20: 0.18786928214040804, 30: 0.16930964701337578, 40: 0.16253488293768448, 50: 0.158262472719322, 60: 0.1574422875672211, 70: 0.15506293273266453, 80: 0.15307940402884543, 90: 0.1508759625899939, 100: 0.15049256351259022, 110: 0.1492396126190821, 120: 0.14901408045380204, 130: 0.14788738231600068, 140: 0.14712205974408138, 150: 0.14665023235627164, 160: 0.14552387804896744, 170: 0.14475105942031483, 180: 0.1452509496682956, 190: 0.14505926425810212, 200: 0.1450731458487334}",170,0.14475105942031483,0.01,0.1,0.01
bostonHousing,noisyFCN,32,0.001,0.001,"{0: 0.5195989801743884, 10: 0.18138107852435406, 20: 0.1685453508371188, 30: 0.1648201592542507, 40: 0.16241617603802389, 50: 0.16054608325163525, 60: 0.15953706399894058, 70: 0.16600644709887327, 80: 0.16460386476031058, 90: 0.16414379017588535}",60,0.15953706399894058,0.01,0.001,0.01
bostonHousing,noisyFCN,32,0.001,0.001,"{0: 0.5603533528285263, 10: 0.20661828589660153, 20: 0.1884541141766089, 30: 0.18262749752144758, 40: 0.17758761099827142, 50: 0.17330228975157677, 60: 0.17081637540717182, 70: 0.17078654228905102, 80: 0.16902432198877687, 90: 0.1772346356768667, 100: 0.1754360494054394, 110: 0.17266723708606063}",80,0.16902432198877687,0.01,0.005,0.01
bostonHousing,noisyFCN,32,0.001,0.001,"{0: 0.5735658498089992, 10: 0.19066213069506635, 20: 0.17400714808408124, 30: 0.16977188991911615, 40: 0.1646116266280045, 50: 0.1626925021777918, 60: 0.16320075322816402, 70: 0.15846976968977186, 80: 0.16051113896163893, 90: 0.16240758388130755, 100: 0.1703642036811805}",70,0.15846976968977186,0.01,0.01,0.01
bostonHousing,noisyFCN,32,0.001,0.001,"{0: 0.5760609998563189, 10: 0.19598281000867304, 20: 0.17948287438463278, 30: 0.17391711462427067, 40: 0.16839663640216546, 50: 0.16320138533174253, 60: 0.1603772121447104, 70: 0.1600424204343631, 80: 0.16397006508008932, 90: 0.16024406320518916, 100: 0.16270571715301935}",70,0.1600424204343631,0.01,0.05,0.01
bostonHousing,noisyFCN,32,0.001,0.001,"{0: 0.541459062989847, 10: 0.20104003539423881, 20: 0.1804541700968036, 30: 0.17976389306562918, 40: 0.176940099766225, 50: 0.1723567689642494, 60: 0.17125130003249206, 70: 0.1682584243056215, 80: 0.16993978637971996, 90: 0.16284033935747028, 100: 0.16285985123228144, 110: 0.17367537705986585, 120: 0.16986948001531904}",90,0.16284033935747028,0.01,0.1,0.01
bostonHousing,noisyFCN,32,0.001,0.002,"{0: 0.42697348813583824, 10: 0.17045451636299674, 20: 0.16318720685847013, 30: 0.15470123406913544, 40: 0.16983980661557044, 50: 0.14829104947455135, 60: 0.14992109130562087, 70: 0.14460990210006266, 80: 0.15320260808055783, 90: 0.14808647154289997, 100: 0.13333822786808014, 110: 0.12976930106495635, 120: 0.1304320340907132, 130: 0.1437567377348005, 140: 0.13834913709649332}",110,0.12976930106495635,0.01,0.001,0.01
bostonHousing,noisyFCN,32,0.001,0.002,"{0: 0.4166707117248465, 10: 0.1909181907956983, 20: 0.18401572522189882, 30: 0.18344713326221632, 40: 0.17388007905748154, 50: 0.16687154523384423, 60: 0.1774958476240252, 70: 0.17842934635686286, 80: 0.1530579712655809, 90: 0.16108452791785016, 100: 0.1608858076878536, 110: 0.18796841156335525}",80,0.1530579712655809,0.01,0.005,0.01
bostonHousing,noisyFCN,32,0.001,0.002,"{0: 0.4278696825474869, 10: 0.18434787927954285, 20: 0.17702581308506155, 30: 0.16850045908380437, 40: 0.16950515225345705, 50: 0.16151177629276559, 60: 0.16379028242311358, 70: 0.16050020706506424, 80: 0.16968270586228665, 90: 0.16822031675665466, 100: 0.1550816533006268, 110: 0.157767132734075, 120: 0.15874944487471637, 130: 0.1626905396212766}",100,0.1550816533006268,0.01,0.01,0.01
bostonHousing,noisyFCN,32,0.001,0.002,"{0: 0.42461304182623644, 10: 0.1709442146766333, 20: 0.159457689155767, 30: 0.15541556389243513, 40: 0.144283558483477, 50: 0.1494745432962606, 60: 0.15279954373836518, 70: 0.1400897236885848, 80: 0.14577378511060904, 90: 0.14568473229437698, 100: 0.14080981682112187}",70,0.1400897236885848,0.01,0.05,0.01
bostonHousing,noisyFCN,32,0.001,0.002,"{0: 0.4345093852575914, 10: 0.18558832837475672, 20: 0.17254938137384107, 30: 0.16558231244116656, 40: 0.1521887462264226, 50: 0.15483530233671636, 60: 0.1642425995366073, 70: 0.15215158475401963, 80: 0.15721805971345787, 90: 0.14375405020919846, 100: 0.14536752974913444, 110: 0.1567707046314522, 120: 0.15288977203545745}",90,0.14375405020919846,0.01,0.1,0.01
bostonHousing,noisyFCN,32,0.0001,0.0001,"{0: 0.9114059947891, 10: 0.5178731837022452, 20: 0.3531700307204399, 30: 0.2800382077693939, 40: 0.2503303637475144, 50: 0.2336574795437448, 60: 0.22083458017419882, 70: 0.2099758498646595, 80: 0.20082340577134383, 90: 0.1931863366453736, 100: 0.1869029230541653, 110: 0.1820891104730559, 120: 0.1781177137552956, 130: 0.17484277584302574, 140: 0.17212807411029013, 150: 0.17008351028701404, 160: 0.16831790906043698, 170: 0.16686783055832355, 180: 0.16556558702830917, 190: 0.16428136902826804, 200: 0.16329767201785686, 210: 0.16249729131842836, 220: 0.1618013989042353, 230: 0.16083312352866302, 240: 0.1600258116736824, 250: 0.15894017403508406, 260: 0.15780703377576522, 270: 0.15679489192035465, 280: 0.15575261656884792, 290: 0.15470565064453784, 300: 0.1538532226909826, 310: 0.15299257231347357, 320: 0.1521245179352937, 330: 0.15136610324735994, 340: 0.15077386033019902, 350: 0.15024016238289115, 360: 0.14968643359563968, 370: 0.1490928387384356, 380: 0.1488132252185433, 390: 0.14842184717640464, 400: 0.14800358403612066, 410: 0.14757652249601155, 420: 0.14712707420558105, 430: 0.14696967281677104, 440: 0.1465921683995812, 450: 0.14627663445325548, 460: 0.14603559527500173, 470: 0.14561126793240323, 480: 0.14534572120066042, 490: 0.144986353336293, 500: 0.1445953588242884, 510: 0.1442338098530416, 520: 0.1439828016507773, 530: 0.14350155737297035, 540: 0.14320284713197637, 550: 0.14289678949632764, 560: 0.142714860998554, 570: 0.14249420890837539, 580: 0.14223149253262413, 590: 0.14205220735367435, 600: 0.14175845066338408, 610: 0.1416491879909127, 620: 0.14147375617866162, 630: 0.14121969570348292, 640: 0.1411251950043219, 650: 0.14079268677735035, 660: 0.14068633435684957, 670: 0.14059435784080881, 680: 0.14045150257922984, 690: 0.1400644244603169, 700: 0.13998075466097137, 710: 0.13975104056758644, 720: 0.13936644400711412, 730: 0.1392553209154694, 740: 0.13887715628485622, 750: 0.13878197581679733, 760: 0.13845950817620314, 770: 0.138325771579036, 780: 0.13803867112707208, 790: 0.13796858162055783, 800: 0.13789349652734803, 810: 0.1377105776174569, 820: 0.1377769629712458, 830: 0.13754184672861922, 840: 0.137427550683051, 850: 0.13725419348036802, 860: 0.13725375167013687, 870: 0.13707182937198215, 880: 0.13704509188731512, 890: 0.13681666505189588, 900: 0.13663344434749933, 910: 0.13656535459521377, 920: 0.1364033763607343, 930: 0.13629973766244488, 940: 0.13623509059349698, 950: 0.13618800435905104, 960: 0.1359891362948182, 970: 0.1358763721254137, 980: 0.1358507439126203, 990: 0.13590827608182107, 1000: 0.13551990899406835, 1010: 0.13567217501961154, 1020: 0.1351188326691404, 1030: 0.13543607813340647, 1040: 0.1351258064677686, 1050: 0.13524826847844654}",1020,0.1351188326691404,0.01,0.001,0.01
bostonHousing,noisyFCN,32,0.0001,0.0001,"{0: 0.9398823548246312, 10: 0.5587570879562402, 20: 0.36733092707984244, 30: 0.2734437148512146, 40: 0.23766418318321678, 50: 0.2202139202275394, 60: 0.20804673703732313, 70: 0.19849076843188132, 80: 0.19097879080124844, 90: 0.18523145571902946, 100: 0.18065963335979132, 110: 0.17694076238958925, 120: 0.17390085449557247, 130: 0.1710625525242017, 140: 0.16879747655288674, 150: 0.167127349604795, 160: 0.16579311394397123, 170: 0.16467020077469907, 180: 0.16359139344206564, 190: 0.16262392502875975, 200: 0.161592643275673, 210: 0.160790334513158, 220: 0.16006789980111297, 230: 0.15938215333002587, 240: 0.15866017492465032, 250: 0.15800261243625927, 260: 0.15757391702981643, 270: 0.15718352927101983, 280: 0.15680580201708239, 290: 0.1565392928358949, 300: 0.1562536484297411, 310: 0.1558976646926668, 320: 0.15557991615784017, 330: 0.15530156309221999, 340: 0.15502086771123205, 350: 0.1547665786963922, 360: 0.1545649613863156, 370: 0.15439029781170832, 380: 0.15422998125906345, 390: 0.15422381721896888, 400: 0.15420910922097572, 410: 0.15433108339339127, 420: 0.15435743081716843, 430: 0.15441076998357417}",400,0.15420910922097572,0.01,0.005,0.01
bostonHousing,noisyFCN,32,0.0001,0.0001,"{0: 0.9620608263545567, 10: 0.5756553075379796, 20: 0.36960203097558314, 30: 0.28078822988418883, 40: 0.24732615406866426, 50: 0.22922914410814826, 60: 0.21673468014708278, 70: 0.20686121286801348, 80: 0.19916757589872972, 90: 0.1930657166757701, 100: 0.1882725194096565, 110: 0.1842496421050142, 120: 0.18116020043323072, 130: 0.1786107731822096, 140: 0.1766618420312434, 150: 0.17499652089160164, 160: 0.17377436707417168, 170: 0.17282590393298936, 180: 0.17221974967806428, 190: 0.17157173417968513, 200: 0.1709685826743091, 210: 0.17050568917651235, 220: 0.17005211924329217, 230: 0.16953988371439924, 240: 0.16934057996596819, 250: 0.16915950532312746, 260: 0.16892066439728678, 270: 0.16857258443847115, 280: 0.16837720457050537, 290: 0.1681834493522291, 300: 0.1678917467042252, 310: 0.16765558187976298, 320: 0.1674438658135909, 330: 0.16719843347867328, 340: 0.1670049038934119, 350: 0.1667155279053582, 360: 0.16656593814676188, 370: 0.16636295826346784, 380: 0.166292160473488, 390: 0.16609260333173065, 400: 0.16595508086460606, 410: 0.1658231513551724, 420: 0.16572881009843615, 430: 0.16566755521444626, 440: 0.1655071112660714, 450: 0.16534401218832273, 460: 0.16526026804873975, 470: 0.16510291622008805, 480: 0.16501419897432684, 490: 0.1650084206719457, 500: 0.1648798476950622, 510: 0.16487142912767552, 520: 0.16486302910395612, 530: 0.16483506856509197, 540: 0.1647657342531063, 550: 0.1647379102346338, 560: 0.16460338115324208, 570: 0.1645055032438702, 580: 0.16445099768447285, 590: 0.16430269415363855, 600: 0.16421033327962142, 610: 0.16419572866993187, 620: 0.16421643650090254, 630: 0.16408366875516045, 640: 0.164196513151681, 650: 0.164253834883372, 660: 0.16423041494908158}",630,0.16408366875516045,0.01,0.01,0.01
bostonHousing,noisyFCN,32,0.0001,0.0001,"{0: 0.9081409344702591, 10: 0.5207536414817528, 20: 0.3313313210636009, 30: 0.2562086948090129, 40: 0.2305325761989311, 50: 0.2168726702531179, 60: 0.20676169568373837, 70: 0.19904356563900724, 80: 0.1937206753794058, 90: 0.18925419580421332, 100: 0.1853764175448889, 110: 0.18260449397343176, 120: 0.1800334435922128, 130: 0.17799264358149633, 140: 0.17723112983836067, 150: 0.17615681796530144, 160: 0.17508563079215864, 170: 0.17485295918620664, 180: 0.1740509130152655, 190: 0.17384282372615956, 200: 0.17303333345018787, 210: 0.17323241971525144, 220: 0.17286685819243208, 230: 0.17269962571653316, 240: 0.17284462588068877, 250: 0.17232960214217502, 260: 0.17244762866585342, 270: 0.17260572222279913, 280: 0.17247682509966838}",250,0.17232960214217502,0.01,0.05,0.01
bostonHousing,noisyFCN,32,0.0001,0.0001,"{0: 0.9524438955901582, 10: 0.5418541522673619, 20: 0.3527536524482715, 30: 0.2680027434119472, 40: 0.23609857305332466, 50: 0.22096914029047815, 60: 0.20983341420874183, 70: 0.20048515336748993, 80: 0.19343024924581434, 90: 0.18726110616583883, 100: 0.18244062176457157, 110: 0.17902332021866316, 120: 0.176465233332581, 130: 0.1745276067911843, 140: 0.17309066855613098, 150: 0.17199006443038395, 160: 0.16975112520618202, 170: 0.16919024967485005, 180: 0.16869966474212245, 190: 0.16785617888341714, 200: 0.1679266506875003, 210: 0.16699076662828893, 220: 0.166990376751364, 230: 0.16759794573357073, 240: 0.16649267314760774, 250: 0.1665051719288767, 260: 0.1669792256237548, 270: 0.16712386707464855}",240,0.16649267314760774,0.01,0.1,0.01
bostonHousing,noisyFCN,32,0.0001,0.0005,"{0: 0.7069609077256402, 10: 0.22378920449150935, 20: 0.18927875137255518, 30: 0.17642820400220377, 40: 0.17059831494166527, 50: 0.16731270776118762, 60: 0.16473577979170245, 70: 0.16210387555169473, 80: 0.1590694162948632, 90: 0.15827468195815148, 100: 0.1578706713738265, 110: 0.15665914048383264, 120: 0.1562249760384913, 130: 0.15737246269429173, 140: 0.1578032895370766, 150: 0.15712300091981887}",120,0.1562249760384913,0.01,0.001,0.01
bostonHousing,noisyFCN,32,0.0001,0.0005,"{0: 0.7608878057312082, 10: 0.23307157002481413, 20: 0.1913238729223793, 30: 0.17682688607845776, 40: 0.16752034565548837, 50: 0.16243767035596163, 60: 0.1596331676583231, 70: 0.1581223797283055, 80: 0.15764442310657029, 90: 0.1572864060600599, 100: 0.15840846092244726, 110: 0.15855848895914762, 120: 0.15979811094793273}",90,0.1572864060600599,0.01,0.005,0.01
bostonHousing,noisyFCN,32,0.0001,0.0005,"{0: 0.7350944900586281, 10: 0.22376016039907198, 20: 0.18354553819438557, 30: 0.17090795273766107, 40: 0.1679857779248261, 50: 0.167174588309394, 60: 0.16600045184662315, 70: 0.16394714865787532, 80: 0.16281108460676524, 90: 0.16090990678395753, 100: 0.16018678818219972, 110: 0.15989993547583806, 120: 0.15926927002491773, 130: 0.1599685209584825, 140: 0.161050213376681, 150: 0.16015740474801005}",120,0.15926927002491773,0.01,0.01,0.01
bostonHousing,noisyFCN,32,0.0001,0.0005,"{0: 0.7182557416550907, 10: 0.23187391515131353, 20: 0.19254984535552838, 30: 0.17906186319427725, 40: 0.17423463816995977, 50: 0.1730461953598776, 60: 0.17371954516864116, 70: 0.1720293860744547, 80: 0.17230597732611647, 90: 0.1720377740300732, 100: 0.17144185462851586, 110: 0.17090189464298294, 120: 0.1709141611133093, 130: 0.16975220807908492, 140: 0.17036752583068093, 150: 0.16874223561198626, 160: 0.1708390650925813, 170: 0.16939496924111871, 180: 0.1684838114145361, 190: 0.17197545466967573, 200: 0.1671601019523762, 210: 0.1661368650050811, 220: 0.17122460692017166, 230: 0.16948068634963334, 240: 0.16843957882604482}",210,0.1661368650050811,0.01,0.05,0.01
bostonHousing,noisyFCN,32,0.0001,0.0005,"{0: 0.735308489203453, 10: 0.24027879111192846, 20: 0.20007337379602735, 30: 0.18834096408552595, 40: 0.18462352160318402, 50: 0.18289351985778335, 60: 0.1802660463032899, 70: 0.17691719903622144, 80: 0.17704898637753946, 90: 0.17690980397624734, 100: 0.17683536653165463, 110: 0.17757030563589968, 120: 0.1785200740452166, 130: 0.18004124797420734}",100,0.17683536653165463,0.01,0.1,0.01
bostonHousing,noisyFCN,32,0.0001,0.001,"{0: 0.530795885346554, 10: 0.18625901692811356, 20: 0.17508099936408764, 30: 0.1743896267296356, 40: 0.1724250480716611, 50: 0.17197811257692033, 60: 0.16923262889002577, 70: 0.16895575523376466, 80: 0.16818129931703027, 90: 0.1635544353429182, 100: 0.1730585816833708, 110: 0.17223390223067486, 120: 0.16412458754616016}",90,0.1635544353429182,0.01,0.001,0.01
bostonHousing,noisyFCN,32,0.0001,0.001,"{0: 0.558220335178905, 10: 0.18201532150492256, 20: 0.1659776614771949, 30: 0.1591776020364997, 40: 0.15623627459561382, 50: 0.15236175987455583, 60: 0.15566006939352295, 70: 0.15634271844669625, 80: 0.15689296082214071}",50,0.15236175987455583,0.01,0.005,0.01
bostonHousing,noisyFCN,32,0.0001,0.001,"{0: 0.566484612484037, 10: 0.17749042518344926, 20: 0.16570157603717145, 30: 0.16328160884203735, 40: 0.16188327828307209, 50: 0.16394023172281408, 60: 0.16596142338749803, 70: 0.16351695366111801}",40,0.16188327828307209,0.01,0.01,0.01
bostonHousing,noisyFCN,32,0.0001,0.001,"{0: 0.5539121217197842, 10: 0.19324283055317254, 20: 0.1759867189842978, 30: 0.17154881680085335, 40: 0.16925691851863153, 50: 0.1672488343200566, 60: 0.17130240772241428, 70: 0.17028747756540039, 80: 0.17221869024229636}",50,0.1672488343200566,0.01,0.05,0.01
bostonHousing,noisyFCN,32,0.0001,0.001,"{0: 0.5115607953365938, 10: 0.18902880740754396, 20: 0.17013372066948146, 30: 0.16998680132774657, 40: 0.1668025689912431, 50: 0.16736611620879466, 60: 0.165711347721977, 70: 0.16994499260628665, 80: 0.1747255989246898, 90: 0.16595541181755658}",60,0.165711347721977,0.01,0.1,0.01
bostonHousing,noisyFCN,32,0.0001,0.002,"{0: 0.4123214273173132, 10: 0.15841958318595534, 20: 0.14648973814867158, 30: 0.1458659925762518, 40: 0.1517964424358474, 50: 0.16210056412735102, 60: 0.1615720691872232}",30,0.1458659925762518,0.01,0.001,0.01
bostonHousing,noisyFCN,32,0.0001,0.002,"{0: 0.4253592427681994, 10: 0.1866914122560878, 20: 0.17460511635850975, 30: 0.16385237212166373, 40: 0.16780417211997656, 50: 0.16193136729208038, 60: 0.14624925761679072, 70: 0.15092150686699665, 80: 0.14277511618019625, 90: 0.15702289243539175, 100: 0.144150864728439, 110: 0.14718253286900343}",80,0.14277511618019625,0.01,0.005,0.01
bostonHousing,noisyFCN,32,0.0001,0.002,"{0: 0.407728201555617, 10: 0.17303576480459282, 20: 0.16069036188684865, 30: 0.16200207085521132, 40: 0.16280352430947034, 50: 0.1745496105632664}",20,0.16069036188684865,0.01,0.01,0.01
bostonHousing,noisyFCN,32,0.0001,0.002,"{0: 0.39414360563696166, 10: 0.17209576765696205, 20: 0.16605732198114748, 30: 0.16005568500654196, 40: 0.1531712728885957, 50: 0.17318229471091873, 60: 0.1503273496289312, 70: 0.15091209612142892, 80: 0.16313403993844985, 90: 0.1499142148980388, 100: 0.16511139354588072, 110: 0.14537184716742718, 120: 0.15638406569207156, 130: 0.16180486296430047, 140: 0.1576226837657116}",110,0.14537184716742718,0.01,0.05,0.01
bostonHousing,noisyFCN,32,0.0001,0.002,"{0: 0.4343293075944171, 10: 0.1706208097713965, 20: 0.15374058485031128, 30: 0.15083785520659554, 40: 0.15778755059948674, 50: 0.15224405431453095, 60: 0.14587198782850194, 70: 0.1506554748541043, 80: 0.15845982042359716, 90: 0.14427170122479216, 100: 0.14842051423994113, 110: 0.13977940573736475, 120: 0.15810698944109458, 130: 0.14440096687571502, 140: 0.15238103798510114}",110,0.13977940573736475,0.01,0.1,0.01
bostonHousing,noisyFCN,32,1e-05,0.0001,"{0: 0.9534944938288795, 10: 0.5288504500080038, 20: 0.3414860347722783, 30: 0.263221271979956, 40: 0.2332991126878762, 50: 0.21786603572559948, 60: 0.20709019319878683, 70: 0.1992355693085694, 80: 0.19276053642417176, 90: 0.18759731378084346, 100: 0.18336012069089913, 110: 0.1800504497723815, 120: 0.1773526456436993, 130: 0.17527191236063286, 140: 0.1735123474104905, 150: 0.17203582672425258, 160: 0.17071533931626215, 170: 0.16974034000326088, 180: 0.16890279073038222, 190: 0.16840662319719055, 200: 0.16799579380471028, 210: 0.16760926327587647, 220: 0.16729356977674698, 230: 0.16713645653224285, 240: 0.1670492477990963, 250: 0.1668302611804303, 260: 0.16673402153415445, 270: 0.16662595014513276, 280: 0.16632618996096243, 290: 0.166174746994619, 300: 0.16595008222409238, 310: 0.16588079657083676, 320: 0.1658574734940941, 330: 0.16565816877064882, 340: 0.16546312246793585, 350: 0.16522947866239665, 360: 0.16500929027427863, 370: 0.16483778846852576, 380: 0.1646281843936002, 390: 0.16446623743316274, 400: 0.1643836708716404, 410: 0.16424307698084983, 420: 0.16418451718342159, 430: 0.16407839037753918, 440: 0.16399996317463156, 450: 0.16393462765363997, 460: 0.1638699184965204, 470: 0.16375403814477685, 480: 0.16358249840545064, 490: 0.1634320275467119, 500: 0.16328175748571935, 510: 0.16314175309222423, 520: 0.16302283122951605, 530: 0.16290801765374194, 540: 0.16284139485638818, 550: 0.16260924125895088, 560: 0.16247340670706314, 570: 0.162240962702551, 580: 0.16204225529491165, 590: 0.16181271287762086, 600: 0.16162322297876264, 610: 0.1612928835882081, 620: 0.16100825678419184, 630: 0.16078470947197926, 640: 0.16064567591673065, 650: 0.16045730577574835, 660: 0.1603532961673207, 670: 0.16019080104651276, 680: 0.16001234606460285, 690: 0.1600166274441613, 700: 0.15983327345715628, 710: 0.15973886788627248, 720: 0.15964036263801432, 730: 0.15959781110286714, 740: 0.15962553605621244, 750: 0.15945930070715186, 760: 0.1593467262240104, 770: 0.15935666855470637, 780: 0.1592942061431614, 790: 0.15919892964539706, 800: 0.15908819952128844, 810: 0.15901410999121487, 820: 0.15910930278492563, 830: 0.15912304710090897, 840: 0.1591992186175452}",810,0.15901410999121487,0.01,0.001,0.01
bostonHousing,noisyFCN,32,1e-05,0.0001,"{0: 0.9448070408385478, 10: 0.529875808439137, 20: 0.34480574899985467, 30: 0.265282564987371, 40: 0.23482910225420822, 50: 0.22088733348581524, 60: 0.2119157447123233, 70: 0.20464941134423387, 80: 0.19876225769151878, 90: 0.1939370228000629, 100: 0.19008876951756298, 110: 0.18727200754262782, 120: 0.18471434664579087, 130: 0.18256667306025826, 140: 0.18072564134627211, 150: 0.17917076682234986, 160: 0.17767203038121449, 170: 0.1765061927798354, 180: 0.17550781023355178, 190: 0.17483562334084218, 200: 0.17410284196153097, 210: 0.17341162231233384, 220: 0.17284846556039504, 230: 0.1722887036609061, 240: 0.17190897133615285, 250: 0.17157784744545265, 260: 0.17118925873512103, 270: 0.17078869317048864, 280: 0.17045317395233814, 290: 0.17011539389689762, 300: 0.16991608302902292, 310: 0.16967364685770905, 320: 0.16950516630837947, 330: 0.16932015693114127, 340: 0.16926687764532772, 350: 0.16923554760438425, 360: 0.1691345402855932, 370: 0.1689235889065413, 380: 0.16892474632204316, 390: 0.16890058868829114, 400: 0.16888832589726388, 410: 0.1687914177039523, 420: 0.16877251894753656, 430: 0.16876813287352338, 440: 0.16869964575693927, 450: 0.16863754073410858, 460: 0.16856972672689105, 470: 0.1685105879917557, 480: 0.16848623548392896, 490: 0.1686183700590958, 500: 0.16851001054416467, 510: 0.1686222524738606}",480,0.16848623548392896,0.01,0.005,0.01
bostonHousing,noisyFCN,32,1e-05,0.0001,"{0: 0.9279937716177951, 10: 0.5190660225020516, 20: 0.3564478066968329, 30: 0.2893649289821401, 40: 0.2624509547595625, 50: 0.2470378080084, 60: 0.23577661302722527, 70: 0.22697981242780335, 80: 0.22000443541709286, 90: 0.2139044185663447, 100: 0.2088307033534403, 110: 0.20471976542914355, 120: 0.20165734213811382, 130: 0.19949193677784482, 140: 0.1978320581677519, 150: 0.1964916976881616, 160: 0.19530894498766205, 170: 0.19418457566220085, 180: 0.193455085563071, 190: 0.19280441970001033, 200: 0.1921098936855057, 210: 0.19145582215285598, 220: 0.1909319363626433, 230: 0.19033133821722903, 240: 0.18964081406593328, 250: 0.18896390155509665, 260: 0.1883195984142798, 270: 0.18724556149523935, 280: 0.1862156260528682, 290: 0.1853006089175189, 300: 0.18428515979537258, 310: 0.18330310664059202, 320: 0.18238885987687997, 330: 0.18165018690956963, 340: 0.18107550276650322, 350: 0.1807254508321668, 360: 0.180249998341372, 370: 0.17992601302670846, 380: 0.17953552817120966, 390: 0.17910244130058053, 400: 0.17874919400538927, 410: 0.17843422131773864, 420: 0.17809010394561436, 430: 0.1777559463624601, 440: 0.17739065646389385, 450: 0.1770039983737616, 460: 0.17667452302979836, 470: 0.17625580498097854, 480: 0.17581092282945726, 490: 0.17539370893328277, 500: 0.17514088308369674, 510: 0.1748710169100467, 520: 0.17454641937841603, 530: 0.17422967085867752, 540: 0.17404944830470614, 550: 0.17369568018633644, 560: 0.1734999630002328, 570: 0.17316533211204738, 580: 0.17294999587315102, 590: 0.17272108868684297, 600: 0.1724457377452909, 610: 0.17219841022182394, 620: 0.17149795781315108, 630: 0.17161672444623194, 640: 0.1717329901309661, 650: 0.17164800661949464}",620,0.17149795781315108,0.01,0.01,0.01
bostonHousing,noisyFCN,32,1e-05,0.0001,"{0: 0.9155693706906872, 10: 0.5390851125673011, 20: 0.36523218837417204, 30: 0.2817921122099147, 40: 0.24625434060523538, 50: 0.2277930877274937, 60: 0.21473304128941195, 70: 0.2042080968250463, 80: 0.1957033709243492, 90: 0.1890021679761969, 100: 0.1838067901539214, 110: 0.1799525586359295, 120: 0.17687373687455682, 130: 0.17473442843298856, 140: 0.17300015529732646, 150: 0.1717858251598146, 160: 0.1703348903928274, 170: 0.16923748438740954, 180: 0.16833756621237153, 190: 0.16738030358597084, 200: 0.16657423277695976, 210: 0.1656118016552042, 220: 0.16538956174511968, 230: 0.16426652285419865, 240: 0.16383768268573431, 250: 0.16305313003651892, 260: 0.16240193922946483, 270: 0.1619942964227111, 280: 0.1614455008764326, 290: 0.160471440465362, 300: 0.1601660069676093, 310: 0.15966443027611132, 320: 0.15946283780130338, 330: 0.15885670335940374, 340: 0.15853127820624247, 350: 0.15810426044979214, 360: 0.15761848579586288, 370: 0.15729463346946385, 380: 0.15680445592712475, 390: 0.1565303765513279, 400: 0.15611537494409233, 410: 0.15583459504960495, 420: 0.1554088584066909, 430: 0.1550118718802193, 440: 0.15469226233753158, 450: 0.15448892747546422, 460: 0.15426385542492807, 470: 0.15423187000883948, 480: 0.1539887888931934, 490: 0.15389328944830247, 500: 0.15379721115768694, 510: 0.1535552404177042, 520: 0.1534575362264374, 530: 0.1533220867683858, 540: 0.1531091385785444, 550: 0.15311768036565662, 560: 0.15300235862349285, 570: 0.15292858168666745, 580: 0.15272186078407146, 590: 0.15261638661225635, 600: 0.15246499390513807, 610: 0.15232687769112765, 620: 0.15237378356633363, 630: 0.15215023343945724, 640: 0.1520795737887606, 650: 0.1520444597359057, 660: 0.15208616812288026, 670: 0.15215263282075342, 680: 0.15208971614455}",650,0.1520444597359057,0.01,0.05,0.01
bostonHousing,noisyFCN,32,1e-05,0.0001,"{0: 0.9309626861854836, 10: 0.5461182647833118, 20: 0.36345154438857674, 30: 0.2845530012507497, 40: 0.2522600951386087, 50: 0.2349392316959522, 60: 0.22272020322673117, 70: 0.21402011292952078, 80: 0.20619294165093222, 90: 0.19979601469304825, 100: 0.19513432532548905, 110: 0.19081894906214728, 120: 0.1879976854648119, 130: 0.1850078655245863, 140: 0.18221417794257036, 150: 0.1824921237833706, 160: 0.18032435318570078, 170: 0.1796464025238414, 180: 0.179397342234482, 190: 0.17860645957199145, 200: 0.17813574995523615, 210: 0.17814450046898406, 220: 0.17729730278621486, 230: 0.17636887626147563, 240: 0.17675479657856033, 250: 0.17640541423985986, 260: 0.1752974988133819, 270: 0.17457775149816346, 280: 0.17462487169253973, 290: 0.17392256580017235, 300: 0.17329728765252198, 310: 0.17266485863997613, 320: 0.17167568228862903, 330: 0.1712139054948901, 340: 0.1703265475270189, 350: 0.16963918904463451, 360: 0.16890801562939162, 370: 0.16816753373469834, 380: 0.16761623547400956, 390: 0.16670942461049115, 400: 0.16640133129225837, 410: 0.16581747502456476, 420: 0.16490691668457452, 430: 0.1645842021998064, 440: 0.16383377030307866, 450: 0.16327131615008836, 460: 0.16276312672797547, 470: 0.162157087451146, 480: 0.1614658378524545, 490: 0.1608861638072096, 500: 0.16035548698754956, 510: 0.15995606489387562, 520: 0.1595685730009903, 530: 0.15920865042710008, 540: 0.15890189074439767, 550: 0.1585849972050867, 560: 0.15832166907228068, 570: 0.15798011344892007, 580: 0.15755067923922597, 590: 0.1573436834561972, 600: 0.15705505344602794, 610: 0.15666798128757947, 620: 0.15655984363438172, 630: 0.1562273542822143, 640: 0.15624862688559074, 650: 0.1560100207358231, 660: 0.15586358047561882, 670: 0.15579520382998902, 680: 0.15548077898996848, 690: 0.15530689031253628, 700: 0.15521524015032212, 710: 0.1550664590832628, 720: 0.15515140357576773, 730: 0.15519525706768036, 740: 0.1551336060335607}",710,0.1550664590832628,0.01,0.1,0.01
bostonHousing,noisyFCN,32,1e-05,0.0005,"{0: 0.7467387113674187, 10: 0.2271122318726999, 20: 0.184880284173989, 30: 0.17114233170394544, 40: 0.16841165156644064, 50: 0.16761485928738556, 60: 0.16714339480723864, 70: 0.16700790185987216, 80: 0.16615127525579781, 90: 0.16518464553871273, 100: 0.16372825534623345, 110: 0.16328185279796154, 120: 0.16329214852533225, 130: 0.16313039699086435, 140: 0.1644245996887301, 150: 0.16446367632827644, 160: 0.1657441430253747}",130,0.16313039699086435,0.01,0.001,0.01
bostonHousing,noisyFCN,32,1e-05,0.0005,"{0: 0.7222225589516722, 10: 0.23085760650811374, 20: 0.1919366784669735, 30: 0.17550447034982988, 40: 0.17033966871691336, 50: 0.16930183223736137, 60: 0.16907482691753056, 70: 0.16855092736673943, 80: 0.16834567971067665, 90: 0.1688314602882774, 100: 0.16991549713744056, 110: 0.17108905569270805}",80,0.16834567971067665,0.01,0.005,0.01
bostonHousing,noisyFCN,32,1e-05,0.0005,"{0: 0.715632556323652, 10: 0.21922896533836553, 20: 0.18556165301505428, 30: 0.1755317226972109, 40: 0.17253401621624276, 50: 0.17114119080849635, 60: 0.16993844207422232, 70: 0.16938038448124754, 80: 0.16910759705452272, 90: 0.16862860090202755, 100: 0.1681934728482623, 110: 0.16794705974099075, 120: 0.16788008652719452, 130: 0.1677298206422064, 140: 0.16778980373968314, 150: 0.16741240147823172, 160: 0.16851593027880163, 170: 0.17045828494024864, 180: 0.1723102433078083}",150,0.16741240147823172,0.01,0.01,0.01
bostonHousing,noisyFCN,32,1e-05,0.0005,"{0: 0.7498456740820849, 10: 0.22684762365656136, 20: 0.1916908105398402, 30: 0.18094993285190913, 40: 0.1770957307867062, 50: 0.1761489255192839, 60: 0.1753905130389296, 70: 0.17442436041655365, 80: 0.17269896485923247, 90: 0.17102823080839935, 100: 0.16920806416022924, 110: 0.16785113980740676, 120: 0.16578318233843203, 130: 0.16400268305966884, 140: 0.16214290025793474, 150: 0.16135557724369898, 160: 0.1609868338814488, 170: 0.1612006851920375, 180: 0.16133923342934361, 190: 0.16604342556294102}",160,0.1609868338814488,0.01,0.05,0.01
bostonHousing,noisyFCN,32,1e-05,0.0005,"{0: 0.7470565734454143, 10: 0.22248692954028093, 20: 0.18647051950295765, 30: 0.17228478068186912, 40: 0.16437519597418512, 50: 0.15923867468480712, 60: 0.15517296540884326, 70: 0.15294308128916187, 80: 0.15177233653304018, 90: 0.1492305882183122, 100: 0.1501584709978398, 110: 0.14977619418023544, 120: 0.15031783233086268}",90,0.1492305882183122,0.01,0.1,0.01
bostonHousing,noisyFCN,32,1e-05,0.001,"{0: 0.5501148112026263, 10: 0.18883621453503033, 20: 0.16804595705535677, 30: 0.15935595830281574, 40: 0.15402460525065292, 50: 0.14871173699696857, 60: 0.14734577398609233, 70: 0.1448139524386253, 80: 0.1534475690236798, 90: 0.14788040515081383, 100: 0.1491629860099451}",70,0.1448139524386253,0.01,0.001,0.01
bostonHousing,noisyFCN,32,1e-05,0.001,"{0: 0.5332251843111014, 10: 0.18955813968255195, 20: 0.16717090496310483, 30: 0.16236328931502353, 40: 0.15729496703471668, 50: 0.15495846400290358, 60: 0.15364052730577962, 70: 0.15280965770836233, 80: 0.15566769074878575, 90: 0.16108103388989412, 100: 0.1623514852406066}",70,0.15280965770836233,0.01,0.005,0.01
bostonHousing,noisyFCN,32,1e-05,0.001,"{0: 0.5391834484758201, 10: 0.19385227610667546, 20: 0.17228438122037018, 30: 0.16579419459089823, 40: 0.16016913409586306, 50: 0.15648998478312554, 60: 0.15802932109361814, 70: 0.15926229552722274, 80: 0.1575158570283725}",50,0.15648998478312554,0.01,0.01,0.01
bostonHousing,noisyFCN,32,1e-05,0.001,"{0: 0.5717562688721551, 10: 0.19492161270277, 20: 0.17428409574944295, 30: 0.16975682497392466, 40: 0.1667625679646009, 50: 0.16239485135416926, 60: 0.16142186329320624, 70: 0.1617760310570399, 80: 0.16633526073929705, 90: 0.1563814863194654, 100: 0.1612093406694907, 110: 0.17107569531158162, 120: 0.16074602627827797}",90,0.1563814863194654,0.01,0.05,0.01
bostonHousing,noisyFCN,32,1e-05,0.001,"{0: 0.5886152769496411, 10: 0.20865355409957748, 20: 0.19467339589272017, 30: 0.19116668958722807, 40: 0.18573506443220894, 50: 0.1864154628029576, 60: 0.18226431166684182, 70: 0.1840584810685228, 80: 0.17652667494099816, 90: 0.17469396506562646, 100: 0.1869477148225278, 110: 0.17993100859500746, 120: 0.18021755354639926}",90,0.17469396506562646,0.01,0.1,0.01
bostonHousing,noisyFCN,32,1e-05,0.002,"{0: 0.3984279132735582, 10: 0.1812121782405877, 20: 0.16712143108432675, 30: 0.16781618059785275, 40: 0.16630681326359878, 50: 0.17290876822339163, 60: 0.1642172963898859, 70: 0.16849035839607687, 80: 0.17301623541631816, 90: 0.17043346381849714}",60,0.1642172963898859,0.01,0.001,0.01
bostonHousing,noisyFCN,32,1e-05,0.002,"{0: 0.41079608338114665, 10: 0.17962719012557724, 20: 0.17028219335609013, 30: 0.1637899241145746, 40: 0.1739868012107449, 50: 0.1553454997362914, 60: 0.15772365541369826, 70: 0.16475662831906918, 80: 0.16242461541184672}",50,0.1553454997362914,0.01,0.005,0.01
bostonHousing,noisyFCN,32,1e-05,0.002,"{0: 0.4301542867480973, 10: 0.1723672682856336, 20: 0.16759396975423083, 30: 0.1753258619779422, 40: 0.16112885890919487, 50: 0.1602223190996382, 60: 0.16777028367843155, 70: 0.15894778624728872, 80: 0.1532909706418897, 90: 0.1653391102949778, 100: 0.1537894817598072, 110: 0.1541476410848123}",80,0.1532909706418897,0.01,0.01,0.01
bostonHousing,noisyFCN,32,1e-05,0.002,"{0: 0.4215319172099784, 10: 0.17695246761963693, 20: 0.15441459049413234, 30: 0.16175063142070065, 40: 0.17414200563489654, 50: 0.1640308144835778}",20,0.15441459049413234,0.01,0.05,0.01
bostonHousing,noisyFCN,32,1e-05,0.002,"{0: 0.42329520395508513, 10: 0.17713926213758963, 20: 0.16318680353370713, 30: 0.15844901077173373, 40: 0.1576209423350699, 50: 0.16933477456554952, 60: 0.15518030726615295, 70: 0.1434033986778907, 80: 0.15087963694039686, 90: 0.15971988349417107, 100: 0.15241275858363987}",70,0.1434033986778907,0.01,0.1,0.01
bostonHousing,noisyFCN,32,1e-09,0.0001,"{0: 0.9311720383755955, 10: 0.5142572174653595, 20: 0.3358727381001284, 30: 0.2660665318185901, 40: 0.23896568814913435, 50: 0.223585648190828, 60: 0.21198203548972988, 70: 0.20299122419990137, 80: 0.19564921539506794, 90: 0.18990120026800367, 100: 0.1850952838122109, 110: 0.18121897495455214, 120: 0.17833399375279743, 130: 0.1761955153978901, 140: 0.17447169765278145, 150: 0.17313859810431798, 160: 0.17212102481244523, 170: 0.1713304177662473, 180: 0.17060235609978805, 190: 0.16998132014716114, 200: 0.16941708258272686, 210: 0.16893356129711057, 220: 0.16845906960007584, 230: 0.16813376282836184, 240: 0.16779396957085455, 250: 0.1676219787862566, 260: 0.16745978987511292, 270: 0.1674663711477209, 280: 0.16717712297851656, 290: 0.1669759789734711, 300: 0.1668854926839287, 310: 0.16683010742252252, 320: 0.16685043687437784, 330: 0.16670991329499235, 340: 0.16645167893097726, 350: 0.16615247936160477, 360: 0.16601045782919285, 370: 0.1657817171311673, 380: 0.1656506958567066, 390: 0.1655381379672039, 400: 0.16552691489090152, 410: 0.16547169148186108, 420: 0.16544107139846426, 430: 0.16551136076450348, 440: 0.1654088834185659, 450: 0.16536070870028602, 460: 0.1653128675472589, 470: 0.16524223600640708, 480: 0.16530982060932817, 490: 0.16531690303926114, 500: 0.16563336300997086}",470,0.16524223600640708,0.01,0.001,0.01
bostonHousing,noisyFCN,32,1e-09,0.0001,"{0: 0.9298356838432358, 10: 0.5239525881814368, 20: 0.3467369715556686, 30: 0.2675438051974332, 40: 0.23620259412276892, 50: 0.21856459278015442, 60: 0.20535287387945034, 70: 0.1944738029697795, 80: 0.18572579243300874, 90: 0.1786113672050429, 100: 0.17235015588410108, 110: 0.16750710786860665, 120: 0.16370662434233557, 130: 0.1605795572017446, 140: 0.15817023477068654, 150: 0.1564234157955205, 160: 0.15472997379155806, 170: 0.15354237289708336, 180: 0.1527077241996188, 190: 0.15199462313342976, 200: 0.15136745200480944, 210: 0.15102090522830872, 220: 0.15075103693906172, 230: 0.15052014767755698, 240: 0.15040217693205235, 250: 0.15034693702135557, 260: 0.15019036369559205, 270: 0.15004402697086333, 280: 0.14986520457414934, 290: 0.14984985255164868, 300: 0.1498078215269395, 310: 0.149626127363723, 320: 0.14945501512215462, 330: 0.1493501555772475, 340: 0.14930162974345831, 350: 0.14916323478575105, 360: 0.1490693821951195, 370: 0.14894534044059707, 380: 0.14884607398215638, 390: 0.1486723087820006, 400: 0.1485372538919802, 410: 0.1483732028875822, 420: 0.14815395735664133, 430: 0.14798828116905544, 440: 0.14775176666401052, 450: 0.14751925593540993, 460: 0.14746010255666425, 470: 0.14730360820705507, 480: 0.1472944853482423, 490: 0.14722236972532154, 500: 0.14722627268897162, 510: 0.1472278810209698, 520: 0.14733945344701227}",490,0.14722236972532154,0.01,0.005,0.01
bostonHousing,noisyFCN,32,1e-09,0.0001,"{0: 0.9774546934498682, 10: 0.5543999761710932, 20: 0.35950895689519835, 30: 0.27368119874118285, 40: 0.2408413086592415, 50: 0.22469510623702296, 60: 0.21369017881375768, 70: 0.2054409032250628, 80: 0.1997403108779295, 90: 0.1953271967025451, 100: 0.19191971721104634, 110: 0.18911834968093003, 120: 0.1869623895228645, 130: 0.18549938174309555, 140: 0.18456095979537496, 150: 0.18372577027774153, 160: 0.18312219465956275, 170: 0.1824867796934681, 180: 0.18210210656678236, 190: 0.18161378740160555, 200: 0.18113554000486562, 210: 0.1808196253430696, 220: 0.1802301933368047, 230: 0.17975263900962876, 240: 0.17908260498517825, 250: 0.1785297147653721, 260: 0.1779159935904138, 270: 0.1772391790593112, 280: 0.17664648677095957, 290: 0.17605853717268252, 300: 0.17562945389453274, 310: 0.17523418330116036, 320: 0.1749351343622914, 330: 0.17460902281749394, 340: 0.17428856164584924, 350: 0.17379765374425016, 360: 0.173454174068239, 370: 0.17310295638478831, 380: 0.17276468104050485, 390: 0.17260771956708698, 400: 0.17231303604296694, 410: 0.17206625673505996, 420: 0.17199361854129366, 430: 0.1717700518943645, 440: 0.17166395948992835, 450: 0.17155972329186805, 460: 0.17162907182434456, 470: 0.17153163611153027, 480: 0.17155794699986776, 490: 0.1714916827502074, 500: 0.17155152305408758, 510: 0.17172029084629484, 520: 0.17160032001542455}",490,0.1714916827502074,0.01,0.01,0.01
bostonHousing,noisyFCN,32,1e-09,0.0001,"{0: 0.9651373863956074, 10: 0.5578922267313356, 20: 0.36268521346795707, 30: 0.275795941091614, 40: 0.24350526413799808, 50: 0.22878909765938182, 60: 0.21789473247380906, 70: 0.20903768991982496, 80: 0.20157155291533763, 90: 0.19551762092260666, 100: 0.19000656814486888, 110: 0.18616663044617499, 120: 0.18236591046974981, 130: 0.179592036170724, 140: 0.17734804087215, 150: 0.17559563528608393, 160: 0.1741884066366855, 170: 0.1727413068950912, 180: 0.1720113253887789, 190: 0.17148335701153605, 200: 0.17063685022754432, 210: 0.17020497855580885, 220: 0.17010334152498363, 230: 0.1695061069211842, 240: 0.1691912047656966, 250: 0.16888145848556801, 260: 0.16871079287411253, 270: 0.16879036937966757, 280: 0.16885788823351447, 290: 0.16870629827917358, 300: 0.1685325704974893, 310: 0.1684896731082304, 320: 0.16854127207655964, 330: 0.1684636813255004, 340: 0.16844539476765527, 350: 0.16814604114603116, 360: 0.16811834996865122, 370: 0.16822616976720317, 380: 0.16809197807753531, 390: 0.1680083812386901, 400: 0.1678713106814726, 410: 0.16779388419271984, 420: 0.16765576566075102, 430: 0.1676816580656134, 440: 0.16760640343030295, 450: 0.16757507688469359, 460: 0.1674592301617434, 470: 0.16740154828186388, 480: 0.16716122535275824, 490: 0.16713921056117542, 500: 0.16722828558197728, 510: 0.16707599339661777, 520: 0.1671610556266926, 530: 0.16714169830083847, 540: 0.1671141598511625}",510,0.16707599339661777,0.01,0.05,0.01
bostonHousing,noisyFCN,32,1e-09,0.0001,"{0: 0.9366226504614323, 10: 0.5467827165200386, 20: 0.37110837054105456, 30: 0.29188256249015715, 40: 0.2593117426942896, 50: 0.24148082155504347, 60: 0.2296260654006475, 70: 0.22071350343801358, 80: 0.2131875309863208, 90: 0.20775957444199808, 100: 0.203818717930052, 110: 0.2012012227817818, 120: 0.19749837193960024, 130: 0.1949939207162386, 140: 0.19412004973417446, 150: 0.1931603240746039, 160: 0.1925386271726938, 170: 0.19059362823580517, 180: 0.18936165162810573, 190: 0.18902130303559478, 200: 0.18873682386345333, 210: 0.18849032118364614, 220: 0.1869345756776539, 230: 0.18620084172781604, 240: 0.18583500589485524, 250: 0.18521827902690863, 260: 0.18552809096412895, 270: 0.1845270947357755, 280: 0.18425493232997847, 290: 0.183602793680297, 300: 0.18310337596469456, 310: 0.1833387303499528, 320: 0.1819179275153596, 330: 0.18148485904122577, 340: 0.1811614728268282, 350: 0.18010150008363487, 360: 0.17959887657636478, 370: 0.17920255616859154, 380: 0.1783499508544251, 390: 0.17793784698954335, 400: 0.1775034042236246, 410: 0.17724473903208607, 420: 0.17678499749781174, 430: 0.1765858641377202, 440: 0.17633892673033255, 450: 0.17615907265816205, 460: 0.17604093211300578, 470: 0.17579849064350128, 480: 0.1756392580859455, 490: 0.17548062208993936, 500: 0.17524772426228466, 510: 0.17502322772770754, 520: 0.1750709745986962, 530: 0.17494899983759277, 540: 0.17495189441574946, 550: 0.1748103468874354, 560: 0.17471434933903773, 570: 0.17467589058257918, 580: 0.17474778064607102, 590: 0.17465999012376054, 600: 0.1746283698781037, 610: 0.17447084179263056, 620: 0.17433852470583386, 630: 0.17438948581248154, 640: 0.1745393801250575, 650: 0.17461921953492693}",620,0.17433852470583386,0.01,0.1,0.01
bostonHousing,noisyFCN,32,1e-09,0.0005,"{0: 0.7471178232151784, 10: 0.21701907806190443, 20: 0.17575347272702205, 30: 0.16464141206240948, 40: 0.16089807402940445, 50: 0.1577298868217586, 60: 0.1556562770663956, 70: 0.15441358475773423, 80: 0.15323583373317012, 90: 0.15189304381241037, 100: 0.15151145559402163, 110: 0.150166768166754, 120: 0.15056163788209725, 130: 0.15097073235629516, 140: 0.15186807886685855}",110,0.150166768166754,0.01,0.001,0.01
bostonHousing,noisyFCN,32,1e-09,0.0005,"{0: 0.7530621982650991, 10: 0.21686345883357672, 20: 0.19235749706441974, 30: 0.1850393056501577, 40: 0.18299960784706065, 50: 0.1827452407574948, 60: 0.18307143254780472, 70: 0.18177195007418406, 80: 0.18075269766059923, 90: 0.1797676748699612, 100: 0.17851883813186925, 110: 0.17860310824564946, 120: 0.17700594144838827, 130: 0.17638844119177924, 140: 0.17684462088861586, 150: 0.17613452566258697, 160: 0.1762585396016086, 170: 0.17611183678662334, 180: 0.17671491132106312, 190: 0.17957819611937914, 200: 0.17917167330965583}",170,0.17611183678662334,0.01,0.005,0.01
bostonHousing,noisyFCN,32,1e-09,0.0005,"{0: 0.6919332668737129, 10: 0.21960922970815946, 20: 0.18059138690615878, 30: 0.16612072747062753, 40: 0.16197572937350213, 50: 0.16004378670527614, 60: 0.15982552058534857, 70: 0.15835177324436328, 80: 0.1574051050124345, 90: 0.15612273190492465, 100: 0.15531004987381122, 110: 0.1561172095345862, 120: 0.15536425439295945, 130: 0.1552644630457148, 140: 0.1545885494829696, 150: 0.15749947502289288, 160: 0.15344832291205723, 170: 0.15777619309999327, 180: 0.1557161678502589, 190: 0.15812088263991436}",160,0.15344832291205723,0.01,0.01,0.01
bostonHousing,noisyFCN,32,1e-09,0.0005,"{0: 0.7541749243383055, 10: 0.22757254279690026, 20: 0.19415454375155178, 30: 0.18075531480121024, 40: 0.17750016723150092, 50: 0.17500486373901367, 60: 0.1730971786343021, 70: 0.1716514888369007, 80: 0.16953308806743153, 90: 0.168331112501062, 100: 0.16667818673598914, 110: 0.16536716487672595, 120: 0.16370853560942192, 130: 0.16417000069294446, 140: 0.16265057461497223, 150: 0.16238807844526973, 160: 0.16060724056061404, 170: 0.1606468360917068, 180: 0.1596308605354509, 190: 0.16079790581155706, 200: 0.15823622544606525, 210: 0.1614731565301801, 220: 0.16393118701231332, 230: 0.165295312323688}",200,0.15823622544606525,0.01,0.05,0.01
bostonHousing,noisyFCN,32,1e-09,0.0005,"{0: 0.746521555935895, 10: 0.22321613982871727, 20: 0.19186803895382232, 30: 0.18010764118329975, 40: 0.17404912487592228, 50: 0.1701857915631047, 60: 0.16842377161906089, 70: 0.16611471192704305, 80: 0.16385308379008443, 90: 0.16155285119642446, 100: 0.16023553398288326, 110: 0.15922317425777882, 120: 0.15809378342496025, 130: 0.15745977601151406, 140: 0.15670656006277342, 150: 0.15403172324101133, 160: 0.15675031441597292, 170: 0.15869619688134134, 180: 0.15562018713465445}",150,0.15403172324101133,0.01,0.1,0.01
bostonHousing,noisyFCN,32,1e-09,0.001,"{0: 0.5609033226598927, 10: 0.19028275471042705, 20: 0.1656683568969185, 30: 0.16111833997714667, 40: 0.1567524461098659, 50: 0.15375184703756262, 60: 0.1532386659472077, 70: 0.16010153503329666, 80: 0.15514921336262316, 90: 0.15441941942697687}",60,0.1532386659472077,0.01,0.001,0.01
bostonHousing,noisyFCN,32,1e-09,0.001,"{0: 0.5414215887218345, 10: 0.19258499325793468, 20: 0.17418734087252322, 30: 0.1715441207274979, 40: 0.17037884193806002, 50: 0.17269785308543545, 60: 0.1732463072847437, 70: 0.16669250936419874, 80: 0.16982544162023216, 90: 0.1788594274977107, 100: 0.17028645013953433}",70,0.16669250936419874,0.01,0.005,0.01
bostonHousing,noisyFCN,32,1e-09,0.001,"{0: 0.5415949665837818, 10: 0.19168125488507895, 20: 0.1798015084899502, 30: 0.1782250999300568, 40: 0.17853806026187943, 50: 0.1736974232358697, 60: 0.17654386206909461, 70: 0.17177610445169755, 80: 0.17107791701952615, 90: 0.1973081362836155, 100: 0.1758673111781662, 110: 0.17500666977814688}",80,0.17107791701952615,0.01,0.01,0.01
bostonHousing,noisyFCN,32,1e-09,0.001,"{0: 0.5827706780330634, 10: 0.1908455838943705, 20: 0.1692320685327789, 30: 0.16284596754444972, 40: 0.15823614586282658, 50: 0.1554879700144132, 60: 0.1572244652259497, 70: 0.1561932310094068, 80: 0.1632981765417405}",50,0.1554879700144132,0.01,0.05,0.01
bostonHousing,noisyFCN,32,1e-09,0.001,"{0: 0.5389540337486032, 10: 0.18255547412015774, 20: 0.1624706365811972, 30: 0.1545142548319734, 40: 0.15284588715912384, 50: 0.15449601663851445, 60: 0.15964423219362894, 70: 0.15856459615407167}",40,0.15284588715912384,0.01,0.1,0.01
bostonHousing,noisyFCN,32,1e-09,0.002,"{0: 0.44681406424001413, 10: 0.1760100821654002, 20: 0.16547941326359172, 30: 0.16736936204963263, 40: 0.17385734619549761, 50: 0.16625820688995313}",20,0.16547941326359172,0.01,0.001,0.01
bostonHousing,noisyFCN,32,1e-09,0.002,"{0: 0.44088758943993367, 10: 0.18626441694336174, 20: 0.17375516177695474, 30: 0.17453834101741694, 40: 0.17141785284987204, 50: 0.17852813675079818, 60: 0.1889598764755108, 70: 0.17395128815630337}",40,0.17141785284987204,0.01,0.005,0.01
bostonHousing,noisyFCN,32,1e-09,0.002,"{0: 0.4548605844562436, 10: 0.17788279934061896, 20: 0.16372135472886357, 30: 0.16566402242507466, 40: 0.16219143919002862, 50: 0.16328113732146626, 60: 0.15658754141610345, 70: 0.1634677257802751, 80: 0.15733813420857912, 90: 0.15521542301148544, 100: 0.15950998779800202, 110: 0.1655206270056006, 120: 0.14930684446920583, 130: 0.16171992305252286, 140: 0.16170435739152225, 150: 0.14574631483834463, 160: 0.17261375142836277, 170: 0.15075856461937046, 180: 0.1589768890981321}",150,0.14574631483834463,0.01,0.01,0.01
bostonHousing,noisyFCN,32,1e-09,0.002,"{0: 0.43360270471484574, 10: 0.17743050857090653, 20: 0.16665536557082777, 30: 0.15171933731547108, 40: 0.15635102694785155, 50: 0.19250409820197542, 60: 0.16007211156833318}",30,0.15171933731547108,0.01,0.05,0.01
bostonHousing,noisyFCN,32,1e-09,0.002,"{0: 0.3969119212509673, 10: 0.17405464634483242, 20: 0.17150710692376264, 30: 0.1648729039563073, 40: 0.1723547198154308, 50: 0.17423935433228813, 60: 0.17115898345723565}",30,0.1648729039563073,0.01,0.1,0.01
concrete,FCN,32,0.1,0.0001,"{0: 0.9355183224808439, 10: 0.5812749212077171, 20: 0.4345674328599607, 30: 0.3833249551601879, 40: 0.35249865881135, 50: 0.3304248369189429, 60: 0.31352348061244045, 70: 0.3002389355764862, 80: 0.2894367802943773, 90: 0.2807591252122556, 100: 0.27350668389160193, 110: 0.2676118971106747, 120: 0.2627262779333507, 130: 0.258635187425705, 140: 0.2550483887721368, 150: 0.25193109547539017, 160: 0.24913476202160628, 170: 0.24667761229413662, 180: 0.24452663366299424, 190: 0.24263529599902373, 200: 0.2409235201430206, 210: 0.23927339842770157, 220: 0.2379228676282866, 230: 0.23683685298967783, 240: 0.23595689552112672, 250: 0.23524960085760638, 260: 0.2345466751576087, 270: 0.23385209041177477, 280: 0.2331644258542979, 290: 0.232365371874325, 300: 0.2314645329027465, 310: 0.23077053573899414, 320: 0.2302063668567167, 330: 0.2297185122965665, 340: 0.22929315542291467, 350: 0.2289034482143979, 360: 0.22854960494332638, 370: 0.228203760335182, 380: 0.22786119681504244, 390: 0.22753716208156355, 400: 0.22723095114583097, 410: 0.22694520394943507, 420: 0.226637959318939, 430: 0.22639071263576643, 440: 0.22615780139577363, 450: 0.2259121048389896, 460: 0.22566703214657718, 470: 0.22541835210628186, 480: 0.22519613943503952, 490: 0.22498895104668887, 500: 0.22482333039398208, 510: 0.22466072635096, 520: 0.22450258347220275, 530: 0.22433494790210076, 540: 0.2241788684928629, 550: 0.22402710375306523, 560: 0.2238684764679546, 570: 0.22372958893158748, 580: 0.22357960177674965, 590: 0.2234287557440912, 600: 0.2232823796222277, 610: 0.22313449316282935, 620: 0.22299682223589787, 630: 0.22284799126358887, 640: 0.22272233142424583, 650: 0.2225968452916926, 660: 0.22246306518867823, 670: 0.22234740367331335, 680: 0.2222149713580818, 690: 0.2221133958753708, 700: 0.22201144497271655, 710: 0.22191486601103083, 720: 0.22182252577044131, 730: 0.22173229594067215, 740: 0.22166344888348624, 750: 0.22158446533794063, 760: 0.22150213965720716, 770: 0.22143565278525096, 780: 0.22136729132221614, 790: 0.22131349635846687, 800: 0.22123688412490194, 810: 0.22117806151839686, 820: 0.2211370374121361, 830: 0.2210957292025167, 840: 0.22104767945944076, 850: 0.22100483833719248, 860: 0.22095595534298917, 870: 0.22090413137003834, 880: 0.2208630832823796, 890: 0.22081075379684162, 900: 0.22075387296274424, 910: 0.2206930430911905, 920: 0.22064145800334742, 930: 0.22059825884242984, 940: 0.2205476118149532, 950: 0.22050341394418096, 960: 0.22045908871682945, 970: 0.2204183833268027, 980: 0.22037673298872495, 990: 0.22034652186360787, 1000: 0.22031508897080831, 1010: 0.2202914585809706, 1020: 0.22026324513569992, 1030: 0.22022994284288844, 1040: 0.22021390726422257, 1050: 0.22019484253158325, 1060: 0.22016627930782057, 1070: 0.2201416173854847, 1080: 0.2201230454144219, 1090: 0.22009781888279312, 1100: 0.22007688798412342, 1110: 0.2200548003979595, 1120: 0.22003782202910252, 1130: 0.2200230229792997, 1140: 0.2200115959064351, 1150: 0.21999334567468076, 1160: 0.21997737640849505, 1170: 0.2199707373275152, 1180: 0.2199429460259737, 1190: 0.21991054859786058, 1200: 0.2198874752277457, 1210: 0.21986823611099107, 1220: 0.219858897471331, 1230: 0.21984428079907575, 1240: 0.2198152161833981, 1250: 0.2197861641244543, 1260: 0.21976007489885388, 1270: 0.2197461457196995, 1280: 0.21972982256657447, 1290: 0.21971877167038537, 1300: 0.219710420536735, 1310: 0.21968561268346187, 1320: 0.21964027278681467, 1330: 0.21962073789522635, 1340: 0.21959738025247658, 1350: 0.2195951430159239, 1360: 0.21958218600295334, 1370: 0.21957464759834852, 1380: 0.21956482061944177, 1390: 0.21955856626805162, 1400: 0.21955162907618114, 1410: 0.21954956827840802, 1420: 0.21953863150980504, 1430: 0.21953639933436073, 1440: 0.21953397742032738, 1450: 0.21952540957511396, 1460: 0.2195171285884872, 1470: 0.2195135726716372, 1480: 0.21950112915873882, 1490: 0.2194988560374807, 1500: 0.21949281467192278, 1510: 0.21949113676471793, 1520: 0.21947746015209582, 1530: 0.2194687860025711, 1540: 0.21946098890400606, 1550: 0.21945542433397555, 1560: 0.21945241976945118, 1570: 0.2194389528755294, 1580: 0.21943171111758075, 1590: 0.21942486824323226, 1600: 0.2194187272933132, 1610: 0.21941971443389754, 1620: 0.219407666094067, 1630: 0.21939542052861238, 1640: 0.21939914179009062, 1650: 0.2193892676423456, 1660: 0.21938118917615612, 1670: 0.21937575477311017, 1680: 0.2193708357576168, 1690: 0.2193577937257572, 1700: 0.21935859400897403, 1710: 0.21934870296245315, 1720: 0.21934704171580383, 1730: 0.21934116107463306, 1740: 0.21933683171482854, 1750: 0.2193321758128719, 1760: 0.2193307505766066, 1770: 0.21932277313236032, 1780: 0.21932456430524083, 1790: 0.21932238027629639, 1800: 0.21932180636264356, 1810: 0.21931684193065762, 1820: 0.2193185350113856, 1830: 0.21931218546866843, 1840: 0.21931082252619535, 1850: 0.21931162460294812, 1860: 0.2193058089891012, 1870: 0.21930272525954225, 1880: 0.21930178936826947, 1890: 0.2192971087534033, 1900: 0.21929449965005793, 1910: 0.21929073237482916, 1920: 0.2192903006157211, 1930: 0.21928496436507103, 1940: 0.21928382639257626, 1950: 0.21927737737717404, 1960: 0.21928439583422868, 1970: 0.21927892856118153, 1980: 0.2192843404406763}",1950,0.21927737737717404,0.01,0.01,0.01
concrete,FCN,32,0.1,0.0005,"{0: 0.7421881808656634, 10: 0.3223366461750409, 20: 0.27131869178895845, 30: 0.25129100884694305, 40: 0.24163253053395026, 50: 0.23529899052983733, 60: 0.23094812146730098, 70: 0.2287893052085276, 80: 0.22715718711239713, 90: 0.2257457243254118, 100: 0.2247038012845421, 110: 0.22387384964308735, 120: 0.22308786780754458, 130: 0.22253565144986026, 140: 0.22219484945633897, 150: 0.22186870706352319, 160: 0.22166669803410657, 170: 0.2215240788922342, 180: 0.2213573534830755, 190: 0.22123164470195328, 200: 0.2211247664706538, 210: 0.2210892910815924, 220: 0.22097875031084374, 230: 0.22088736699000605, 240: 0.2208414330610459, 250: 0.2207573215874891, 260: 0.2207090606705092, 270: 0.22062230349435072, 280: 0.220569159714099, 290: 0.220503061202087, 300: 0.22046325390702778, 310: 0.22045075561633745, 320: 0.22040346582697573, 330: 0.22037851431957015, 340: 0.22032008850147172, 350: 0.22030676034143565, 360: 0.22025777607275132, 370: 0.2202415234600493, 380: 0.22019468405756876, 390: 0.22015998344452664, 400: 0.22016263562434263, 410: 0.22015295851994954, 420: 0.22009194642525642, 430: 0.2200211950479088, 440: 0.21996449293633433, 450: 0.2199006346394552, 460: 0.21989112112723447, 470: 0.21992301733645347, 480: 0.2198559235562815, 490: 0.21982205209924569, 500: 0.21977727941403277, 510: 0.21983198092511116, 520: 0.21974527285802567, 530: 0.21974054962374595, 540: 0.2197056887656208, 550: 0.21968117537327986, 560: 0.21974825286735275, 570: 0.21967647616874703, 580: 0.21967231309764138, 590: 0.21963221615748943, 600: 0.21961834668958974, 610: 0.21957360795005904, 620: 0.21959339508416473, 630: 0.21961605274624413, 640: 0.2195888442787874}",610,0.21957360795005904,0.01,0.01,0.01
concrete,FCN,32,0.1,0.001,"{0: 0.6008789890656538, 10: 0.2754434331481711, 20: 0.24359202303251162, 30: 0.23396710458303152, 40: 0.23067123628938013, 50: 0.22900707740686332, 60: 0.22773120959577783, 70: 0.22683019324167955, 80: 0.2261264293928853, 90: 0.22579854853038248, 100: 0.2254007863882772, 110: 0.2250365845198245, 120: 0.2247609237926762, 130: 0.22461400947523225, 140: 0.22444169150608956, 150: 0.22424494090570582, 160: 0.2241467843628203, 170: 0.22400117900919136, 180: 0.2238434634055372, 190: 0.2237782566759292, 200: 0.22360981768191257, 210: 0.2235816985595605, 220: 0.22341717036395536, 230: 0.22333879069209717, 240: 0.22325220565078263, 250: 0.22313157803632996, 260: 0.22310159556661283, 270: 0.22301591498051762, 280: 0.2229619646967779, 290: 0.22287373507685865, 300: 0.22274433709675528, 310: 0.22278262795592713, 320: 0.22272394284914357, 330: 0.22263576215371234, 340: 0.22262478785081347, 350: 0.22252419817925642, 360: 0.222645112644256, 370: 0.2225086414185129, 380: 0.2224150361799128, 390: 0.2222237333576061, 400: 0.22240661956595656, 410: 0.22239540705219163, 420: 0.22238315396897454}",390,0.2222237333576061,0.01,0.01,0.01
concrete,FCN,32,0.1,0.002,"{0: 0.4592976930418106, 10: 0.25027642089375196, 20: 0.23708461212125073, 30: 0.23280766554633864, 40: 0.23178741673628486, 50: 0.23114814740062553, 60: 0.23067529093245623, 70: 0.2299573253790097, 80: 0.22954601426214444, 90: 0.22907431102578762, 100: 0.22898433820217168, 110: 0.22865236504951936, 120: 0.228446773046797, 130: 0.22839017884077534, 140: 0.22777998870135413, 150: 0.22813544719133744, 160: 0.22759543636751806, 170: 0.22765838828226945, 180: 0.22732143073503125, 190: 0.22773576221528619, 200: 0.22742377273303355, 210: 0.22668966406200516, 220: 0.2264194898231331, 230: 0.2265231744287548, 240: 0.2261687613192172, 250: 0.22632290686687892, 260: 0.22585511380557385, 270: 0.2252657967012896, 280: 0.2263734166611589, 290: 0.22587293308197967, 300: 0.22526267026982655, 310: 0.22581280552032518, 320: 0.22518942451816265, 330: 0.22555115340488188, 340: 0.22523519208408332, 350: 0.22525460646822992}",320,0.22518942451816265,0.01,0.01,0.01
concrete,FCN,32,0.01,0.0001,"{0: 0.9091065265757017, 10: 0.43484581718027193, 20: 0.32987513481006736, 30: 0.27497778437222187, 40: 0.23927309215454287, 50: 0.2157292365684213, 60: 0.20002947171980687, 70: 0.18889832201835763, 80: 0.1801635956754309, 90: 0.17330928673137583, 100: 0.16744654644487175, 110: 0.16224269268980576, 120: 0.157759628531035, 130: 0.15384982022107835, 140: 0.15028417542753006, 150: 0.1470155960146313, 160: 0.14417656390218053, 170: 0.14162445574426158, 180: 0.13941998801304953, 190: 0.13743957831211118, 200: 0.13561320493574594, 210: 0.13397078638649923, 220: 0.1325137816519316, 230: 0.13119931629694398, 240: 0.12996715293160563, 250: 0.12887681853072958, 260: 0.12788269517614237, 270: 0.1269793132364926, 280: 0.12620743955340283, 290: 0.12543671533581027, 300: 0.12474237891711178, 310: 0.12405897207420487, 320: 0.12347162514082474, 330: 0.12293823239924243, 340: 0.12241318598152837, 350: 0.12192479275904886, 360: 0.12139852672104959, 370: 0.12096247977258448, 380: 0.12056994249291184, 390: 0.12016490078928377, 400: 0.11977454666568672, 410: 0.11937578395102655, 420: 0.11900880577658075, 430: 0.1186718164154735, 440: 0.11838895822548241, 450: 0.1181374431934541, 460: 0.11788970813926114, 470: 0.11762666517426726, 480: 0.11735143586668322, 490: 0.11712455565873905, 500: 0.11690255581115627, 510: 0.1166517658241462, 520: 0.11639357201143803, 530: 0.11613578622798652, 540: 0.11586382236868605, 550: 0.11558580885644718, 560: 0.11535617671565532, 570: 0.1151325600845939, 580: 0.11497351324721257, 590: 0.11482095918382043, 600: 0.11461988129156744, 610: 0.11444689533789557, 620: 0.11431339795605526, 630: 0.11412593948950127, 640: 0.11393180269018333, 650: 0.11376350554437305, 660: 0.11360463112460537, 670: 0.113433416488705, 680: 0.11324477299733993, 690: 0.11310093723485318, 700: 0.11294259859828577, 710: 0.1128287164370219, 720: 0.11266529712751674, 730: 0.11251423148147857, 740: 0.11233284006940156, 750: 0.11223689272999764, 760: 0.1121527149464387, 770: 0.11208373071216955, 780: 0.1120406084145362, 790: 0.11197441985870589, 800: 0.11193042111563094, 810: 0.11188144121955082, 820: 0.11180133952021995, 830: 0.1117274213671486, 840: 0.11164860212948265, 850: 0.11153573758784525, 860: 0.11145060411616554, 870: 0.11137100650714842, 880: 0.1112944566921578, 890: 0.11121867501616742, 900: 0.11115084480711776, 910: 0.11107336053006622, 920: 0.11100727268312256, 930: 0.11095147718468243, 940: 0.1108511542183597, 950: 0.11075011662538636, 960: 0.11068372817053367, 970: 0.11057833145888134, 980: 0.11051356085112865, 990: 0.1104332423978881, 1000: 0.11035640071832464, 1010: 0.11030215223228279, 1020: 0.11023098933040347, 1030: 0.11015715147999816, 1040: 0.1100673686438746, 1050: 0.10998474219102201, 1060: 0.10995514721460282, 1070: 0.1098806493935304, 1080: 0.1098351080478317, 1090: 0.10976565302888597, 1100: 0.10967609747605507, 1110: 0.10964078116889409, 1120: 0.10955662413236615, 1130: 0.1095015686793915, 1140: 0.10941374299977544, 1150: 0.10935313903296426, 1160: 0.10927246876165589, 1170: 0.10916299535188734, 1180: 0.10909664219290745, 1190: 0.10902998421905619, 1200: 0.10900264012140645, 1210: 0.1089131519998543, 1220: 0.10884862779568763, 1230: 0.10879066226228862, 1240: 0.10871543489941737, 1250: 0.10868680316908044, 1260: 0.10859678834891504, 1270: 0.10857339206893006, 1280: 0.10853924293503307, 1290: 0.10849944961991738, 1300: 0.10846842306520836, 1310: 0.10841292260127955, 1320: 0.10843291421400911, 1330: 0.10840274587598493, 1340: 0.10836466561141096, 1350: 0.10834269076255368, 1360: 0.10833681408874826, 1370: 0.10836315292586948, 1380: 0.10834092268713387, 1390: 0.10833626812429933, 1400: 0.1083207782384914, 1410: 0.10830496931210414, 1420: 0.10827230244974076, 1430: 0.1082638866012174, 1440: 0.10824389499884046, 1450: 0.1082137318383916, 1460: 0.10815260205216877, 1470: 0.10811900501868413, 1480: 0.1080935636182582, 1490: 0.10804983949097369, 1500: 0.10804087181941105, 1510: 0.10796513925976252, 1520: 0.10793992872535081, 1530: 0.10787771835449615, 1540: 0.10781953020815663, 1550: 0.10778338513117496, 1560: 0.10774319775903658, 1570: 0.1076952806087617, 1580: 0.10764963297461105, 1590: 0.10758637252035885, 1600: 0.10753881347670613, 1610: 0.10749972415318423, 1620: 0.10743148665437414, 1630: 0.10738943267853192, 1640: 0.10733235205752886, 1650: 0.10729878361863465, 1660: 0.10725804441365505, 1670: 0.1072469017523047, 1680: 0.10721856151797642, 1690: 0.10720608609897157, 1700: 0.10715057067468443, 1710: 0.10709435949932182, 1720: 0.1070710659430191, 1730: 0.10705508045978837, 1740: 0.10702017940905742, 1750: 0.1069990541474826, 1760: 0.10698864303986318, 1770: 0.10694902074244492, 1780: 0.10689024652198167, 1790: 0.10689137481775268, 1800: 0.10684454076845648, 1810: 0.10684448129916665, 1820: 0.10681303431017701, 1830: 0.10676598602183114, 1840: 0.10674342541047492, 1850: 0.1067078994177089, 1860: 0.10663665034521182, 1870: 0.10660571387716337, 1880: 0.10658766867701688, 1890: 0.10655870492204596, 1900: 0.1065485466286507, 1910: 0.10654211684334569, 1920: 0.10653384120604856, 1930: 0.10652823276724184, 1940: 0.10647479971161791, 1950: 0.10645767029014148, 1960: 0.10645106597710607, 1970: 0.10642150844984907, 1980: 0.106439949014697, 1990: 0.10637667677575187}",1990,0.10637667677575187,0.01,0.01,0.01
concrete,FCN,32,0.01,0.0005,"{0: 0.7157714299444613, 10: 0.231460992869455, 20: 0.17631665504097674, 30: 0.1562902462226941, 40: 0.1458550467848205, 50: 0.13951412387109646, 60: 0.13496485811434492, 70: 0.13168873817345345, 80: 0.1294203106937854, 90: 0.1273963961306428, 100: 0.12553578114259578, 110: 0.12381517288717665, 120: 0.12268190826788401, 130: 0.12174929670389281, 140: 0.12095723181555469, 150: 0.12019981460209388, 160: 0.11921528605112348, 170: 0.11853546840129785, 180: 0.11783857518073285, 190: 0.11732935804777338, 200: 0.1169483420428464, 210: 0.11631353449244371, 220: 0.11612559886829596, 230: 0.11568487889508536, 240: 0.11552603612894141, 250: 0.11484603911164681, 260: 0.11469086944407123, 270: 0.1144279817561705, 280: 0.11411405385851156, 290: 0.11384121280909687, 300: 0.1135606387021338, 310: 0.11351159876015612, 320: 0.11319707388266183, 330: 0.11306532273684397, 340: 0.1127980423894355, 350: 0.11269050170421732, 360: 0.11248508491739906, 370: 0.11236317672633896, 380: 0.11210811323140035, 390: 0.11203732221977233, 400: 0.11188088400516567, 410: 0.1118689924098017, 420: 0.11167384321353255, 430: 0.11151870748613249, 440: 0.11133522906896147, 450: 0.11116814456874584, 460: 0.11100568049030443, 470: 0.11082552777293515, 480: 0.1106643880014387, 490: 0.11043154565442603, 500: 0.11026264468206577, 510: 0.11011734558028463, 520: 0.10985415500800036, 530: 0.10960878695551987, 540: 0.10950244050464715, 550: 0.10939563588266096, 560: 0.10938305431259665, 570: 0.10919931978389279, 580: 0.10909658312670892, 590: 0.10895327815046726, 600: 0.1088311925893326, 610: 0.10889557832823096, 620: 0.1087837749163442, 630: 0.10855154148512916, 640: 0.10829250070908647, 650: 0.10811960637503346, 660: 0.1078989735874571, 670: 0.10777001793147323, 680: 0.10764536095272366, 690: 0.10743500035534237, 700: 0.10732890412613409, 710: 0.10723396009182543, 720: 0.10707234958003649, 730: 0.10703641202534823, 740: 0.10691934850857114, 750: 0.10673867127385214, 760: 0.1065849298065293, 770: 0.10651328269758449, 780: 0.10627613880571754, 790: 0.10628119003217659, 800: 0.10633539550369833, 810: 0.10622580419336525, 820: 0.10615661127907165, 830: 0.10604416072021698, 840: 0.10597161209498478, 850: 0.10593106718688476, 860: 0.10574702721692111, 870: 0.10583608215813803, 880: 0.10570214823339925, 890: 0.10572427391047752, 900: 0.10546102533302788, 910: 0.1053606593749828, 920: 0.10523324080549472, 930: 0.10508134584683933, 940: 0.10506803641011779, 950: 0.10491822870468881, 960: 0.10493363697486549, 970: 0.10481202916665511, 980: 0.10481016259604661, 990: 0.10476837575518239, 1000: 0.1046979823037266, 1010: 0.1048061835224529, 1020: 0.10467316291697668, 1030: 0.10455586526606231, 1040: 0.10451167832638764, 1050: 0.10452730020129583, 1060: 0.1044083465357137, 1070: 0.10436318124466178, 1080: 0.10437934833516124, 1090: 0.10432904996220174, 1100: 0.1043357614539591, 1110: 0.10431862251297555, 1120: 0.10429086706238329, 1130: 0.10427612077568693, 1140: 0.10422962049648705, 1150: 0.10421735710327437, 1160: 0.10433767039425182, 1170: 0.10430928681676291, 1180: 0.10426953578223278}",1150,0.10421735710327437,0.01,0.01,0.01
concrete,FCN,32,0.01,0.001,"{0: 0.48299866811663505, 10: 0.1765324596004493, 20: 0.14919697834785922, 30: 0.13791679278599803, 40: 0.13125279214995839, 50: 0.12665716456391155, 60: 0.12363633045616937, 70: 0.12143205491772247, 80: 0.11956846780023218, 90: 0.11825345273210178, 100: 0.11737612088290036, 110: 0.11672759516479918, 120: 0.11626822327386868, 130: 0.11547654327415398, 140: 0.115184009533158, 150: 0.1148386971124414, 160: 0.11445754820380445, 170: 0.11409264342263285, 180: 0.11404012809775313, 190: 0.11401669969656955, 200: 0.11356529126878542, 210: 0.11342847330912846, 220: 0.113429574572866, 230: 0.1131857223343173, 240: 0.11305366003680742, 250: 0.112539643689946, 260: 0.11239428619929182, 270: 0.11217349578700106, 280: 0.1119791838305356, 290: 0.11179411883447361, 300: 0.1117974965605012, 310: 0.11172931316039536, 320: 0.1117924139274495, 330: 0.11160512600295074, 340: 0.11132761818039487, 350: 0.11146842006519601, 360: 0.11114714448529531, 370: 0.11132767325056565, 380: 0.11127981777201737, 390: 0.11123955791374203}",360,0.11114714448529531,0.01,0.01,0.01
concrete,FCN,32,0.01,0.002,"{0: 0.39380033572371675, 10: 0.15601986962517192, 20: 0.13807355242916947, 30: 0.13314968706267635, 40: 0.1280379250489247, 50: 0.12555985892999638, 60: 0.12295478275922696, 70: 0.12167445874289065, 80: 0.12061235743567225, 90: 0.11884958196324016, 100: 0.11708511209716994, 110: 0.1167126908380172, 120: 0.11628880263233925, 130: 0.11527276265003335, 140: 0.11551889806787614, 150: 0.11476700027469829, 160: 0.1145772555086098, 170: 0.11408546414972451, 180: 0.1141560159681994, 190: 0.11446596330209342, 200: 0.11279273538691241, 210: 0.11249878445253358, 220: 0.11278718612251111, 230: 0.1132978304619271, 240: 0.11291236037607337}",210,0.11249878445253358,0.01,0.01,0.01
concrete,FCN,32,0.001,0.0001,"{0: 0.932977069548475, 10: 0.47344995766063125, 20: 0.3455360816281457, 30: 0.2739703043943983, 40: 0.22920075701647394, 50: 0.20261354762375222, 60: 0.185865332907381, 70: 0.17387822676293074, 80: 0.16456536754327006, 90: 0.15662624250681684, 100: 0.14976055375686506, 110: 0.1439760269997786, 120: 0.138929204346842, 130: 0.13451122769759657, 140: 0.1307851929711529, 150: 0.12766115270075934, 160: 0.12487239468779418, 170: 0.12248420524706201, 180: 0.12035538949749687, 190: 0.11847618775462894, 200: 0.11687805230666641, 210: 0.11541487887900954, 220: 0.11412720537907597, 230: 0.11297785210935984, 240: 0.11197257804883272, 250: 0.11107048717519463, 260: 0.11028209884308901, 270: 0.10955954108858054, 280: 0.10891122421768755, 290: 0.10825167799912287, 300: 0.1076565158203883, 310: 0.10712100453355404, 320: 0.1065867657079764, 330: 0.10619234861790891, 340: 0.10580486991764193, 350: 0.10549422984382487, 360: 0.10519106574094987, 370: 0.10496203016985348, 380: 0.10469255558317644, 390: 0.10446446793758243, 400: 0.10425756824639931, 410: 0.10402327335536679, 420: 0.10383988727426538, 430: 0.10357785733385014, 440: 0.10345061274673528, 450: 0.10325567201396665, 460: 0.10304758833020551, 470: 0.10289888119912882, 480: 0.10274937485575301, 490: 0.10257361560619413, 500: 0.10241609540277181, 510: 0.10231986867458025, 520: 0.10212147062791668, 530: 0.10200532405926994, 540: 0.10186722657828422, 550: 0.10175268133324404, 560: 0.10164676356603612, 570: 0.10157439652981796, 580: 0.10154306837676282, 590: 0.10142523851683424, 600: 0.10134090406559985, 610: 0.10122669144231393, 620: 0.10113707516174446, 630: 0.10104323546691947, 640: 0.10102127103802679, 650: 0.10086967654617096, 660: 0.10075130532000762, 670: 0.10075022910712653, 680: 0.1007261250408453, 690: 0.10065078503483216, 700: 0.10062391911114994, 710: 0.10056375258854824, 720: 0.10050614640169005, 730: 0.10043079204480139, 740: 0.10044723577304562, 750: 0.1003671538910477, 760: 0.10033355704528683, 770: 0.10024316866140803, 780: 0.10021364188508708, 790: 0.10022598110555125, 800: 0.10018900669731216, 810: 0.10015669027088707, 820: 0.10009802220718274, 830: 0.10004854256082092, 840: 0.09993533997841217, 850: 0.09992165937708623, 860: 0.0998597323426981, 870: 0.09978838020111025, 880: 0.09975366685021851, 890: 0.09975968054188064, 900: 0.0996956116455853, 910: 0.09967455305164599, 920: 0.0996724941592501, 930: 0.09962151703206548, 940: 0.09964140223756332, 950: 0.09959820998162142, 960: 0.09963856757882121, 970: 0.09964498037729808, 980: 0.09964341595669808}",950,0.09959820998162142,0.01,0.01,0.01
concrete,FCN,32,0.001,0.0005,"{0: 0.6924786140190966, 10: 0.2080193153159185, 20: 0.16441862074296207, 30: 0.1463603244061084, 40: 0.1356929128804827, 50: 0.12817034413345593, 60: 0.12310326165479042, 70: 0.11967870637343565, 80: 0.1177561243346783, 90: 0.11584754992316355, 100: 0.11496370938754552, 110: 0.11437764610097098, 120: 0.11356584453423894, 130: 0.11332852162676813, 140: 0.1126000832400649, 150: 0.11204282549980142, 160: 0.11146804223647955, 170: 0.11121343888679666, 180: 0.11097970451081704, 190: 0.11079369622575228, 200: 0.1103467267613613, 210: 0.11049295907545524, 220: 0.11024722379710077, 230: 0.11010577268978335, 240: 0.11006514749478022, 250: 0.11002886421185509, 260: 0.11007618822260634, 270: 0.11026543865290092, 280: 0.11032993767583976}",250,0.11002886421185509,0.01,0.01,0.01
concrete,FCN,32,0.001,0.001,"{0: 0.5069841049370375, 10: 0.16684923051840628, 20: 0.13460131435518077, 30: 0.12342103088801866, 40: 0.11844238551943413, 50: 0.11648953730299663, 60: 0.1148909991762084, 70: 0.11461329556426139, 80: 0.11439575567343174, 90: 0.1140243603258565, 100: 0.11269985169246628, 110: 0.11119658906557939, 120: 0.11048346927836923, 130: 0.10978726364815358, 140: 0.10928057886538953, 150: 0.10873981779533475, 160: 0.10866752416914205, 170: 0.10800807810581928, 180: 0.10988656872524127, 190: 0.10578554393595577, 200: 0.10376981719249016, 210: 0.10991122143396781, 220: 0.10914955180135597, 230: 0.1070496695427567}",200,0.10376981719249016,0.01,0.01,0.01
concrete,FCN,32,0.001,0.002,"{0: 0.39604100222466, 10: 0.1456903499727745, 20: 0.1316653032808758, 30: 0.12428848624411153, 40: 0.11990277774676031, 50: 0.11769167123399593, 60: 0.11854890546211469, 70: 0.12003942975024118, 80: 0.12083174455525451}",50,0.11769167123399593,0.01,0.01,0.01
concrete,FCN,32,0.0001,0.0001,"{0: 0.9558324973352381, 10: 0.46267639060550847, 20: 0.3267771142976687, 30: 0.25972493849898476, 40: 0.22165703670754314, 50: 0.19888179992492871, 60: 0.18336432293630142, 70: 0.17201943791295893, 80: 0.16310569905036482, 90: 0.15558944316480397, 100: 0.1489552181716857, 110: 0.14341247328192944, 120: 0.13868300870771283, 130: 0.13462420023592286, 140: 0.13111613337553527, 150: 0.12802180619556552, 160: 0.1254204088912042, 170: 0.12318150867555906, 180: 0.12121682432669449, 190: 0.11953695317467361, 200: 0.11804773742491373, 210: 0.11679763690694474, 220: 0.11564316630357956, 230: 0.1145456839532365, 240: 0.11365718026432785, 250: 0.1129085661018789, 260: 0.11226291704595266, 270: 0.11160691602454306, 280: 0.11096286496396693, 290: 0.11041934956440595, 300: 0.10995261057952513, 310: 0.10949158021738288, 320: 0.10910271695997435, 330: 0.10875210330066465, 340: 0.10847673518738743, 350: 0.10827691740318526, 360: 0.1080053953170578, 370: 0.10783063882641104, 380: 0.10770532929827925, 390: 0.10753731953914925, 400: 0.10741082131477171, 410: 0.10721660627356436, 420: 0.1070473887927208, 430: 0.10691969207681425, 440: 0.10677037140834975, 450: 0.10661108483171473, 460: 0.10647791486764871, 470: 0.10631569388122226, 480: 0.1062741979422476, 490: 0.10618866256350776, 500: 0.10610641971329629, 510: 0.10605508177150906, 520: 0.10594494618431383, 530: 0.10590549521847556, 540: 0.10587180301882959, 550: 0.10585167460022418, 560: 0.10580297166832668, 570: 0.10576394939276128, 580: 0.10572145956147845, 590: 0.10566114260446824, 600: 0.10563483310539856, 610: 0.10554634279164665, 620: 0.10548249324256416, 630: 0.1054202072867533, 640: 0.10532850189097306, 650: 0.10521121240673201, 660: 0.10520291953689728, 670: 0.10507567379846672, 680: 0.10500295005182556, 690: 0.1049685744001239, 700: 0.10490722366481338, 710: 0.10483967646361718, 720: 0.10474448627985722, 730: 0.10470583569899983, 740: 0.10461756847314234, 750: 0.10449582417431533, 760: 0.10445271325393332, 770: 0.10440326035865262, 780: 0.10438796716459312, 790: 0.10436521980897726, 800: 0.10436128710817164, 810: 0.10427722120782841, 820: 0.10428703007136153, 830: 0.10426332454464873, 840: 0.10426315081473067, 850: 0.10425409506480517, 860: 0.10431746434803064, 870: 0.1042980652717159, 880: 0.10428738561158082}",850,0.10425409506480517,0.01,0.01,0.01
concrete,FCN,32,0.0001,0.0005,"{0: 0.7042936578258618, 10: 0.1991946371851237, 20: 0.15245476125106933, 30: 0.1334381791237805, 40: 0.12390170178916485, 50: 0.11854459019869301, 60: 0.1150976786020722, 70: 0.11315208827191517, 80: 0.11214766681241113, 90: 0.11153207395258802, 100: 0.11105769320488175, 110: 0.11065498113698283, 120: 0.11060287897975488, 130: 0.1103752229596486, 140: 0.10991758616681087, 150: 0.10991324387727537, 160: 0.10967422282297083, 170: 0.10982294218368271, 180: 0.10971807578775457, 190: 0.10957798709105823, 200: 0.10962677569204979, 210: 0.1098427900739967, 220: 0.1099376808995958}",190,0.10957798709105823,0.01,0.01,0.01
concrete,FCN,32,0.0001,0.001,"{0: 0.5000010874988587, 10: 0.16665507895719184, 20: 0.13065197726437672, 30: 0.11931398360864023, 40: 0.11458492358163527, 50: 0.11357269470719655, 60: 0.11308351758118591, 70: 0.11218024153691901, 80: 0.11062027659002864, 90: 0.10957608226323272, 100: 0.10860682208881234, 110: 0.10803400684486734, 120: 0.10672201727805364, 130: 0.10649190688493379, 140: 0.1065063333694726, 150: 0.10783788517117501, 160: 0.10891191874252851}",130,0.10649190688493379,0.01,0.01,0.01
concrete,FCN,32,0.0001,0.002,"{0: 0.422077157691022, 10: 0.13566005867362815, 20: 0.11974716656223898, 30: 0.11989990806417691, 40: 0.12460356445937622, 50: 0.11882125531132584, 60: 0.11377986270204703, 70: 0.11818618824883073, 80: 0.12254292001635254, 90: 0.11487296166816688}",60,0.11377986270204703,0.01,0.01,0.01
concrete,FCN,32,1e-05,0.0001,"{0: 0.9547118496427867, 10: 0.4432311539075503, 20: 0.3340046842077971, 30: 0.27348799229373066, 40: 0.23413444039298267, 50: 0.20946113829712293, 60: 0.19284381585789007, 70: 0.18059311551699264, 80: 0.17091934868089817, 90: 0.16302493893683884, 100: 0.15628913228148805, 110: 0.1505329277677529, 120: 0.14557033747555762, 130: 0.1413825940643076, 140: 0.13764850678713958, 150: 0.134352788821865, 160: 0.1315351598629974, 170: 0.12905740399230256, 180: 0.1267567428465759, 190: 0.12478230221848179, 200: 0.12288317563280696, 210: 0.12117232684863777, 220: 0.11963706785117752, 230: 0.11819719521704639, 240: 0.11688981678840722, 250: 0.11575990746005631, 260: 0.114788437531731, 270: 0.11384017474822708, 280: 0.1130163189638282, 290: 0.11226364449723861, 300: 0.11157042190300388, 310: 0.11095217508122776, 320: 0.11038425317294318, 330: 0.10984310193856006, 340: 0.10932557767164856, 350: 0.10879426019906402, 360: 0.10829468637823243, 370: 0.10783384420971624, 380: 0.10737819567870648, 390: 0.10702867030571521, 400: 0.10668475787365272, 410: 0.10639754416521552, 420: 0.10607086900651941, 430: 0.1058270791641327, 440: 0.1055300623514116, 450: 0.10528102841916584, 460: 0.10505246803002036, 470: 0.1048639042887228, 480: 0.10474654310602483, 490: 0.10456766566543867, 500: 0.10442475488980722, 510: 0.10425757175282535, 520: 0.10407073979034016, 530: 0.1039143394707466, 540: 0.10380142407845609, 550: 0.10363316744904627, 560: 0.10348285605642235, 570: 0.1033482227558979, 580: 0.10321487570540802, 590: 0.1031136385403458, 600: 0.10308196887855763, 610: 0.10294093143002178, 620: 0.10286666523533028, 630: 0.10279016850506564, 640: 0.10265977365253195, 650: 0.10256815217038877, 660: 0.10250023178984764, 670: 0.10238991870721752, 680: 0.10233289983035435, 690: 0.1022924157949846, 700: 0.10223429572550305, 710: 0.10223059109313701, 720: 0.1021804773377176, 730: 0.10214304767948275, 740: 0.10214557477638556, 750: 0.10218731678014584, 760: 0.10216971204907296}",730,0.10214304767948275,0.01,0.01,0.01
concrete,FCN,32,1e-05,0.0005,"{0: 0.7057484352139307, 10: 0.21106790291144067, 20: 0.16039772718043477, 30: 0.14085932768941894, 40: 0.1304085086359858, 50: 0.12397613367436114, 60: 0.11971486575309535, 70: 0.11713701555470979, 80: 0.11521341420368669, 90: 0.11370851301394695, 100: 0.11254194832440667, 110: 0.11191020880398359, 120: 0.1114692028190635, 130: 0.11093394026782497, 140: 0.11052860547785, 150: 0.11027919085683949, 160: 0.11048120220397588, 170: 0.11025493381871221, 180: 0.11050479807256992, 190: 0.11047249608281488, 200: 0.11066779639734352}",170,0.11025493381871221,0.01,0.01,0.01
concrete,FCN,32,1e-05,0.001,"{0: 0.46688585265204363, 10: 0.15975561780515019, 20: 0.1319809498590006, 30: 0.12280070258508227, 40: 0.12033015595238272, 50: 0.12025192855444997, 60: 0.12091280058841307, 70: 0.12112589885312057, 80: 0.11997259907413435, 90: 0.1186823440114613, 100: 0.11923910334304315, 110: 0.11814546945321056, 120: 0.1202535200322767, 130: 0.12061603659641407, 140: 0.11904383319097586}",110,0.11814546945321056,0.01,0.01,0.01
concrete,FCN,32,1e-05,0.002,"{0: 0.4002234412781503, 10: 0.1417268565951324, 20: 0.12728185368262657, 30: 0.12870454503549572, 40: 0.12662244890168783, 50: 0.12399302699767653, 60: 0.12330577620629328, 70: 0.10968265311108283, 80: 0.11252591869067637, 90: 0.11299444090775974, 100: 0.11374197791934189}",70,0.10968265311108283,0.01,0.01,0.01
concrete,FCN,32,1e-09,0.0001,"{0: 0.9478481479833855, 10: 0.4717195247335074, 20: 0.343020192088679, 30: 0.27701433706629397, 40: 0.23464591142530805, 50: 0.20837478334749088, 60: 0.19111890674298196, 70: 0.17878151137731468, 80: 0.1693598823072024, 90: 0.1616317481330079, 100: 0.1552976711565754, 110: 0.149940060405866, 120: 0.1456039923113404, 130: 0.14176026885994522, 140: 0.1382856246994785, 150: 0.135170988810069, 160: 0.13242936224791618, 170: 0.12999416798369715, 180: 0.12785807352675524, 190: 0.12589553526091252, 200: 0.12407759690710948, 210: 0.12234369285415696, 220: 0.12075155913989499, 230: 0.11935545767484686, 240: 0.11814335444984794, 250: 0.11707314372426125, 260: 0.11618374146735852, 270: 0.1154057174545478, 280: 0.11461866428427184, 290: 0.11391485445685987, 300: 0.11322644472551717, 310: 0.11260645889054159, 320: 0.11196301594194842, 330: 0.11143264311325171, 340: 0.11096344022252387, 350: 0.11057404047430267, 360: 0.11017341072421247, 370: 0.10986464351531275, 380: 0.1095584330301393, 390: 0.10931643731715894, 400: 0.10910051560284073, 410: 0.10888528383431265, 420: 0.1086656531031847, 430: 0.10852146895815729, 440: 0.10833705833926521, 450: 0.10814146884573184, 460: 0.10796273176268525, 470: 0.10781819532171762, 480: 0.10775570968550088, 490: 0.10760371661305164, 500: 0.10746023280404271, 510: 0.10741320822016232, 520: 0.10733887050980914, 530: 0.10725719812940819, 540: 0.10725607218340602, 550: 0.10717473298278193, 560: 0.10710267961129867, 570: 0.10699986651391122, 580: 0.10703913396798455, 590: 0.10700432448967996, 600: 0.10697726825487588, 610: 0.10692609337557049, 620: 0.10687328156774915, 630: 0.10690057342642119, 640: 0.10697498441849343, 650: 0.10692767990842537}",620,0.10687328156774915,0.01,0.01,0.01
concrete,FCN,32,1e-09,0.0005,"{0: 0.6892767908796943, 10: 0.21622594969819323, 20: 0.16494200498416348, 30: 0.1434351413270234, 40: 0.13239929790969965, 50: 0.12543298070001674, 60: 0.12055962586796072, 70: 0.11696589845373775, 80: 0.11479347705323432, 90: 0.11287660267878619, 100: 0.11140133621175245, 110: 0.1101722344393234, 120: 0.10899458814277443, 130: 0.1081866763240306, 140: 0.10773235907977763, 150: 0.10726752183951453, 160: 0.10718682327152884, 170: 0.10695966453031973, 180: 0.1068688831519107, 190: 0.10665649405774899, 200: 0.10610129258161065, 210: 0.10600434505429561, 220: 0.10583478761227019, 230: 0.1053832657841163, 240: 0.10577093529777226, 250: 0.10569015482615429, 260: 0.10529568473327318, 270: 0.10505599423009468, 280: 0.105662780050147, 290: 0.10505673131344499, 300: 0.10884508695048663}",270,0.10505599423009468,0.01,0.01,0.01
concrete,FCN,32,1e-09,0.001,"{0: 0.5228491928849676, 10: 0.16310652654257335, 20: 0.1285153245572923, 30: 0.11838882361828498, 40: 0.11632604598933631, 50: 0.11564769103544222, 60: 0.11555685803762253, 70: 0.1168027538104645, 80: 0.11671405704704396, 90: 0.11778640099315844}",60,0.11555685803762253,0.01,0.01,0.01
concrete,FCN,32,1e-09,0.002,"{0: 0.40656523543798917, 10: 0.14302940094847635, 20: 0.12203431246919227, 30: 0.11741497026639389, 40: 0.12160596818789146, 50: 0.1186967348723128, 60: 0.12184973851672298}",30,0.11741497026639389,0.01,0.01,0.01
concrete,noisyFCN,32,0.1,0.0001,"{0: 0.9482614132720103, 10: 0.592045412604578, 20: 0.4447190356483657, 30: 0.38911574472521115, 40: 0.35663725088678816, 50: 0.33360651519438644, 60: 0.31598120626615583, 70: 0.3018495323540366, 80: 0.29048709371908454, 90: 0.2815167236572623, 100: 0.2742221102343166, 110: 0.2682009844870719, 120: 0.2632930966132408, 130: 0.25924527502487255, 140: 0.2556285784313702, 150: 0.2525201090046942, 160: 0.24968215171266994, 170: 0.2471255710589956, 180: 0.2448006506667301, 190: 0.24274427551244773, 200: 0.24106377945605778, 210: 0.23951822777401932, 220: 0.23803294932234315, 230: 0.23672604214865373, 240: 0.2356556116706428, 250: 0.2348503246155608, 260: 0.23412798849195351, 270: 0.2334475601209549, 280: 0.2327895690020551, 290: 0.23210399475138627, 300: 0.23138279926078634, 310: 0.23075316326691322, 320: 0.2302329486496168, 330: 0.22971654252462362, 340: 0.22918986965816107, 350: 0.2286767784277554, 360: 0.22825113684313436, 370: 0.22786174446862004, 380: 0.22750662045981476, 390: 0.2271680312656026, 400: 0.22689524602874597, 410: 0.22663504795914036, 420: 0.22636874899356257, 430: 0.22611268910615862, 440: 0.22585517776657804, 450: 0.2255746596422754, 460: 0.2252799100840171, 470: 0.22501751391636998, 480: 0.22475282947057193, 490: 0.22452982832855942, 500: 0.22432130978447548, 510: 0.22413131092787228, 520: 0.22394826123395944, 530: 0.22377917630632366, 540: 0.2236159624243038, 550: 0.22345466362388153, 560: 0.2232710496270692, 570: 0.2231303941341171, 580: 0.2229815687480364, 590: 0.22282749888450679, 600: 0.2226809963560818, 610: 0.22253983877285358, 620: 0.22240344011984042, 630: 0.2222816877508727, 640: 0.22214040296404164, 650: 0.22203669989992317, 660: 0.22194700117529273, 670: 0.2218665056031938, 680: 0.22177362513504734, 690: 0.2216823810428183, 700: 0.2216034839997799, 710: 0.22152075481091, 720: 0.22141103956768537, 730: 0.2213307001752846, 740: 0.22124426022116905, 750: 0.22115284531042034, 760: 0.22107342983924366, 770: 0.22101759203874174, 780: 0.2209507522516707, 790: 0.22090091099132456, 800: 0.22085239356941236, 810: 0.2208206694464682, 820: 0.22078947178474287, 830: 0.2207459816907127, 840: 0.22070520947795397, 850: 0.22063488220098013, 860: 0.2205859697480732, 870: 0.22052514418497057, 880: 0.22048230634857707, 890: 0.2204203688589538, 900: 0.22037664900586856, 910: 0.2203210489075226, 920: 0.2202924641058212, 930: 0.22026323242378693, 940: 0.22022859457095553, 950: 0.22019415375376666, 960: 0.2201503945459768, 970: 0.22011286967378232, 980: 0.2200870047990957, 990: 0.22003896071702927, 1000: 0.22000729173829353, 1010: 0.21997529229783871, 1020: 0.2199451566748018, 1030: 0.21993569659805706, 1040: 0.21989087955661377, 1050: 0.21986303044341268, 1060: 0.21985675916428135, 1070: 0.2198392434382958, 1080: 0.2198411110376131, 1090: 0.21981915463662466, 1100: 0.2198059124329402, 1110: 0.2197887242646545, 1120: 0.21977152664619112, 1130: 0.2197549544805654, 1140: 0.21974873547521417, 1150: 0.21972340466288048, 1160: 0.21969899287344083, 1170: 0.2196712025741207, 1180: 0.2196464778344145, 1190: 0.21963417026746387, 1200: 0.2196180193490746, 1210: 0.21960299841051886, 1220: 0.21959169442234705, 1230: 0.21957768779801423, 1240: 0.21956613019483226, 1250: 0.21953721614586189, 1260: 0.21952247808960657, 1270: 0.21950916232253478, 1280: 0.21949254437796467, 1290: 0.2194704480137723, 1300: 0.21945429464930175, 1310: 0.21943789216715234, 1320: 0.21943254219598005, 1330: 0.21942648389188785, 1340: 0.21940856995257904, 1350: 0.21939813821946177, 1360: 0.21939065503759111, 1370: 0.21937817454624425, 1380: 0.21937069748398205, 1390: 0.21937322281273489, 1400: 0.21938025303058328, 1410: 0.219334829628842, 1420: 0.21934329679000403, 1430: 0.21933685256037458, 1440: 0.21933603940621094}",1410,0.219334829628842,0.01,0.001,0.01
concrete,noisyFCN,32,0.1,0.0001,"{0: 0.9632436671383893, 10: 0.5903086692680717, 20: 0.446582115362154, 30: 0.394788107087413, 40: 0.3631799898280625, 50: 0.3396604328627333, 60: 0.320946601304141, 70: 0.3058738998025766, 80: 0.2935613493300859, 90: 0.28351470969380577, 100: 0.27527823478644275, 110: 0.2683953637111566, 120: 0.2629311758226936, 130: 0.2585079482036966, 140: 0.2548618275052692, 150: 0.25171903472781976, 160: 0.24903218270669755, 170: 0.24669479746765238, 180: 0.24467675415844453, 190: 0.24296137872254592, 200: 0.24135931732296853, 210: 0.2398241949452573, 220: 0.23843946207653394, 230: 0.23719501695409143, 240: 0.23604322902577418, 250: 0.23501394035117057, 260: 0.23411772679297993, 270: 0.23329041728886163, 280: 0.23247492587971674, 290: 0.23176897967987298, 300: 0.2311818771931038, 310: 0.23067646210987042, 320: 0.23022770720966995, 330: 0.22981993562190164, 340: 0.2294425704412256, 350: 0.22908214738621419, 360: 0.2287566319323872, 370: 0.2284122551523881, 380: 0.2280599390914153, 390: 0.2277152050519465, 400: 0.22739485061651057, 410: 0.22711671185555143, 420: 0.22682108821015573, 430: 0.22655604858807696, 440: 0.22630712462337216, 450: 0.22610859447477574, 460: 0.22587291960221084, 470: 0.22565848617258993, 480: 0.22547257638030463, 490: 0.2252686185998249, 500: 0.22506141289517956, 510: 0.22487764699969656, 520: 0.2247041903020978, 530: 0.22454899500221215, 540: 0.22439747552043934, 550: 0.22425423817388324, 560: 0.22411432475170995, 570: 0.2239717165510124, 580: 0.22384126852782055, 590: 0.22372994660527193, 600: 0.2236120627484582, 610: 0.22347492748082604, 620: 0.22337578112285664, 630: 0.22326019096885535, 640: 0.2231319108669263, 650: 0.22304185259820178, 660: 0.22294283170338397, 670: 0.2228312701330481, 680: 0.2227243936360323, 690: 0.222633627828786, 700: 0.2225324895118927, 710: 0.22243930326354827, 720: 0.22233991962710928, 730: 0.22225687459078172, 740: 0.22215806928173493, 750: 0.22206621155274947, 760: 0.22197423950696732, 770: 0.22188090944336417, 780: 0.22180922716129117, 790: 0.22172780106949613, 800: 0.2216470788910445, 810: 0.22156077186123407, 820: 0.22148664991358258, 830: 0.22141218704256146, 840: 0.2213476452649917, 850: 0.22126770145844196, 860: 0.22119672022302858, 870: 0.22113558414505746, 880: 0.22106374785193936, 890: 0.22099238547577033, 900: 0.2209260197794402, 910: 0.22087310244254246, 920: 0.2208252737348994, 930: 0.22078432339555407, 940: 0.2207327993628235, 950: 0.22067529144226755, 960: 0.22062019921272044, 970: 0.22059405088633938, 980: 0.2205241958102031, 990: 0.22047439022200335, 1000: 0.22043155738526332, 1010: 0.22038902034780666, 1020: 0.22033929331548902, 1030: 0.22031149527130972, 1040: 0.22028236142129082, 1050: 0.220255574837316, 1060: 0.22022566876055488, 1070: 0.22020212676698248, 1080: 0.22016371018639425, 1090: 0.2201458830396863, 1100: 0.2201074906445748, 1110: 0.2200802158636467, 1120: 0.22006148994068084, 1130: 0.2200136922219464, 1140: 0.2199978091087019, 1150: 0.2199677906769651, 1160: 0.2199330502386148, 1170: 0.21991584969553696, 1180: 0.21988685327717664, 1190: 0.2198617577399709, 1200: 0.219841336327311, 1210: 0.2198308323604569, 1220: 0.21979127752664168, 1230: 0.21979488873836384, 1240: 0.2197674383860734, 1250: 0.21973225924200862, 1260: 0.2197493612818029, 1270: 0.21972888776188593, 1280: 0.2196962348127797, 1290: 0.21969580546351866, 1300: 0.21967270257170343, 1310: 0.21965717775935784, 1320: 0.21964396199967276, 1330: 0.21961184179406207, 1340: 0.2196017676552225, 1350: 0.21958277453141836, 1360: 0.21957208014898005, 1370: 0.21956672372449262, 1380: 0.21956370178100712, 1390: 0.21954575395813186, 1400: 0.2195366334088053, 1410: 0.2195324315170359, 1420: 0.21952219565863623, 1430: 0.21950045968524984, 1440: 0.2194897293666734, 1450: 0.21948224760212023, 1460: 0.21948964234752646, 1470: 0.21949089620149492, 1480: 0.2194919904689831}",1450,0.21948224760212023,0.01,0.005,0.01
concrete,noisyFCN,32,0.1,0.0001,"{0: 0.9646606268621953, 10: 0.5790256831378119, 20: 0.42906611182032384, 30: 0.37555124281008684, 40: 0.34450399026417855, 50: 0.32216826892568723, 60: 0.30526404493752, 70: 0.29232136068437514, 80: 0.28216377184334634, 90: 0.27430378240188313, 100: 0.267962871291685, 110: 0.26280415102850485, 120: 0.25843774192921776, 130: 0.2547018684419278, 140: 0.2515694893230268, 150: 0.2489814626560419, 160: 0.24672149972316962, 170: 0.24479729770435638, 180: 0.24312130049399686, 190: 0.24160903584655355, 200: 0.24023091088740892, 210: 0.23898604884798758, 220: 0.23795060220717593, 230: 0.23689676143388705, 240: 0.23579072932842832, 250: 0.23492874416074572, 260: 0.23413555097630617, 270: 0.23346721456809477, 280: 0.23275646818406653, 290: 0.2321069676761088, 300: 0.23144982833137182, 310: 0.23092237501411375, 320: 0.23042278409367656, 330: 0.22996157280588628, 340: 0.22951953867355365, 350: 0.22914964191070414, 360: 0.22881356084580254, 370: 0.22852081593349083, 380: 0.22822524282913337, 390: 0.22793327390574913, 400: 0.2276749545456917, 410: 0.22742033071777418, 420: 0.22715700228260077, 430: 0.22690726060054076, 440: 0.22663096179950265, 450: 0.22637845462007783, 460: 0.22616117776519534, 470: 0.22595191548763607, 480: 0.22573176006046564, 490: 0.22550191670766337, 500: 0.2252825793391541, 510: 0.22508343437371306, 520: 0.22486956987009607, 530: 0.2246880299031338, 540: 0.22451581941916166, 550: 0.22434720758973717, 560: 0.2241821898990266, 570: 0.22404762677677628, 580: 0.2239263732720329, 590: 0.2238014673088668, 600: 0.22364691888964452, 610: 0.22351782844858264, 620: 0.2233790512630786, 630: 0.22323714747463255, 640: 0.22309969592616458, 650: 0.22298049140432458, 660: 0.2228736130985743, 670: 0.2227395224221001, 680: 0.22262990575969352, 690: 0.22252296619871678, 700: 0.2224119971848953, 710: 0.22230885589873886, 720: 0.22220957540146352, 730: 0.22211465372677125, 740: 0.22201931334629998, 750: 0.22193852487188837, 760: 0.22185884254503407, 770: 0.22177967736358478, 780: 0.22170273972929885, 790: 0.22162331284623363, 800: 0.22155564148769233, 810: 0.22149319280497867, 820: 0.2214243647181935, 830: 0.2213631373409289, 840: 0.22129494257739363, 850: 0.22123824164117165, 860: 0.2211913853127121, 870: 0.2211572352714743, 880: 0.22108936368681195, 890: 0.22103116057411176, 900: 0.22098034013456447, 910: 0.2209346540195142, 920: 0.22089830526634663, 930: 0.22084660962356167, 940: 0.22079882979437054, 950: 0.22075388545813332, 960: 0.22071402205607224, 970: 0.2206666400280822, 980: 0.22063545505965715, 990: 0.22059128196247846, 1000: 0.22056135561430096, 1010: 0.22051854414811684, 1020: 0.22047752012765062, 1030: 0.22044565151520595, 1040: 0.22042341379527244, 1050: 0.22039447775910453, 1060: 0.22034781731956987, 1070: 0.22032309778645934, 1080: 0.2202901466226058, 1090: 0.22026005917084895, 1100: 0.2202270725028037, 1110: 0.220201778656143, 1120: 0.22018432725119044, 1130: 0.2201648958767465, 1140: 0.2201269398180318, 1150: 0.2201021410720884, 1160: 0.22007925103196194, 1170: 0.22006114768204385, 1180: 0.22004097368053305, 1190: 0.2200240661791978, 1200: 0.22002040869039424, 1210: 0.22000836004945676, 1220: 0.21998184145917646, 1230: 0.21998168922613837, 1240: 0.21996883653197918, 1250: 0.21994942933849643, 1260: 0.219945576866622, 1270: 0.2199191846888504, 1280: 0.21991056813985796, 1290: 0.21990563503896757, 1300: 0.219899015247998, 1310: 0.21990028217622112, 1320: 0.219866007021618, 1330: 0.21987368496794307, 1340: 0.2198784202945206, 1350: 0.2198711013973464}",1320,0.219866007021618,0.01,0.01,0.01
concrete,noisyFCN,32,0.1,0.0001,"{0: 0.9554113506372118, 10: 0.609235896169919, 20: 0.4542936077006905, 30: 0.3955440446575835, 40: 0.360360204458501, 50: 0.33509391806342387, 60: 0.3164540729151333, 70: 0.3022093016724189, 80: 0.2908898902988971, 90: 0.2819908509902926, 100: 0.27466441876519987, 110: 0.2688564703709887, 120: 0.26409597880251745, 130: 0.25998762639083867, 140: 0.2564394900309582, 150: 0.2533561783047711, 160: 0.25058383959040587, 170: 0.24817501578939813, 180: 0.24608789987537216, 190: 0.24408368111251466, 200: 0.24213999378652548, 210: 0.24052008645464468, 220: 0.23924936802626892, 230: 0.23794587529584468, 240: 0.23672202424701724, 250: 0.23567190800321955, 260: 0.23480010272250823, 270: 0.23401812568328947, 280: 0.23329728483404835, 290: 0.23269234263766983, 300: 0.2319902323641252, 310: 0.23141038157976473, 320: 0.2307412874129245, 330: 0.23002506089844882, 340: 0.22940068000215827, 350: 0.22885728361799554, 360: 0.22837018874492454, 370: 0.22797423108365916, 380: 0.2276270094063444, 390: 0.2272057297870968, 400: 0.22690503471948795, 410: 0.22652867252209502, 420: 0.22623234001403372, 430: 0.22592921751334502, 440: 0.22566800516685204, 450: 0.2254044408298869, 460: 0.22518443894635193, 470: 0.22494175814527187, 480: 0.2247588050619858, 490: 0.22455110999891165, 500: 0.22435018646324995, 510: 0.22411071328965276, 520: 0.22392014224619133, 530: 0.22375520554775236, 540: 0.22358973045207708, 550: 0.22347508140486516, 560: 0.22331826909583583, 570: 0.2231981076817775, 580: 0.22312922670908616, 590: 0.2230269914100061, 600: 0.22293960365238932, 610: 0.22282458448654535, 620: 0.2227295536083683, 630: 0.2225895774517558, 640: 0.22247101064410724, 650: 0.22235158855606252, 660: 0.22224169208564232, 670: 0.22213574449452572, 680: 0.22203279632147116, 690: 0.22196922175922135, 700: 0.22189820282298905, 710: 0.22180719048676895, 720: 0.22172575167766434, 730: 0.22163830554086633, 740: 0.22159718102699108, 750: 0.22150974671497486, 760: 0.22143145900024191, 770: 0.2213811506855206, 780: 0.2213171806862111, 790: 0.2212714216761781, 800: 0.22120192215199044, 810: 0.22113707374773112, 820: 0.22109263931909756, 830: 0.22104426617016198, 840: 0.22098240757199986, 850: 0.2209390460515322, 860: 0.22086623421606538, 870: 0.22080483563106673, 880: 0.22073037023400696, 890: 0.22066690858125862, 900: 0.22062077629801885, 910: 0.2205748204753651, 920: 0.22051555306270046, 930: 0.22049140189005462, 940: 0.2204480922793734, 950: 0.2204152732471889, 960: 0.22038574234190816, 970: 0.2203558021344393, 980: 0.2203241795251877, 990: 0.22029657650846338, 1000: 0.22025016209910464, 1010: 0.2202335266027729, 1020: 0.22020078457027387, 1030: 0.22018336783392467, 1040: 0.2201579623548789, 1050: 0.22013164075332403, 1060: 0.2201017754458315, 1070: 0.22008558124931582, 1080: 0.22007199340422154, 1090: 0.2200472502182434, 1100: 0.22002747276372497, 1110: 0.2200210492663135, 1120: 0.21998806134273807, 1130: 0.2199639567603954, 1140: 0.21995367401631247, 1150: 0.21993155457977004, 1160: 0.21992016745391196, 1170: 0.21988516800595667, 1180: 0.21986239165045646, 1190: 0.21984631979875183, 1200: 0.2198428632262805, 1210: 0.21982136493082055, 1220: 0.21981221283750893, 1230: 0.21979102698635894, 1240: 0.2197887005070493, 1250: 0.21976198594854748, 1260: 0.21975329365903415, 1270: 0.21974203787507257, 1280: 0.2197429321673255, 1290: 0.21972332681428036, 1300: 0.21972098566310896, 1310: 0.21969823886278989, 1320: 0.2197018564690155, 1330: 0.21969534094839824, 1340: 0.21966239121937345, 1350: 0.21964755437656938, 1360: 0.21966364991473256, 1370: 0.2196529695652673, 1380: 0.21963312719851533, 1390: 0.21963902055214973, 1400: 0.21961830324262754, 1410: 0.21962640867011682, 1420: 0.21961283616760174, 1430: 0.2196213756647052, 1440: 0.21959957545993508, 1450: 0.21959718452688065, 1460: 0.219578293397505, 1470: 0.21956691252187457, 1480: 0.21957742059530366, 1490: 0.21954392962372488, 1500: 0.21954899189708765, 1510: 0.21952060914742272, 1520: 0.21952823576580044, 1530: 0.21951695179298286, 1540: 0.2195046626990668, 1550: 0.2194915529917058, 1560: 0.21948448653716293, 1570: 0.21946184113368403, 1580: 0.21944831811943408, 1590: 0.21945068628851433, 1600: 0.21943259065107598, 1610: 0.2194370428605469, 1620: 0.21942221114801552, 1630: 0.21940293207004696, 1640: 0.21938416305585254, 1650: 0.21935934340643248, 1660: 0.21934497340643574, 1670: 0.2193467526399948, 1680: 0.21932709307051196, 1690: 0.21931503589395146, 1700: 0.21929977339193366, 1710: 0.21927873903581235, 1720: 0.2192679098030416, 1730: 0.21925000729654687, 1740: 0.21925047886972945, 1750: 0.21924090992243572, 1760: 0.21922644833470395, 1770: 0.21919936667535805, 1780: 0.21919923577333766, 1790: 0.21918010376960986, 1800: 0.21917728645640308, 1810: 0.2191680733057762, 1820: 0.2191615795925072, 1830: 0.21912520554844575, 1840: 0.21912764813081917, 1850: 0.2191256466199536, 1860: 0.21911387276975472, 1870: 0.21910235138179107, 1880: 0.2190847877574381, 1890: 0.21908936275754343, 1900: 0.21906146344681274, 1910: 0.2190738323704234, 1920: 0.219053194228579, 1930: 0.21905040923536306, 1940: 0.21904102632306457, 1950: 0.21903643861589214, 1960: 0.21903148376194967, 1970: 0.21902591523347475, 1980: 0.21901842829052026, 1990: 0.21902343640097052}",1980,0.21901842829052026,0.01,0.05,0.01
concrete,noisyFCN,32,0.1,0.0001,"{0: 0.9725190136781553, 10: 0.589034110635453, 20: 0.43993475377075064, 30: 0.3849876036911829, 40: 0.35197371211059875, 50: 0.3277564389068642, 60: 0.3096328402517111, 70: 0.2956181228326059, 80: 0.28430311211108805, 90: 0.2756326652970784, 100: 0.26875508775082413, 110: 0.26293685543244183, 120: 0.2584074485322897, 130: 0.2548460285277474, 140: 0.25170530317396655, 150: 0.24903609772291962, 160: 0.24669207374783508, 170: 0.24458225963264152, 180: 0.24311504688733435, 190: 0.2416408341564651, 200: 0.24035857630245175, 210: 0.2388801328186978, 220: 0.23773895877240675, 230: 0.23654058268498862, 240: 0.23540740815131028, 250: 0.23459190600826313, 260: 0.23358527450960648, 270: 0.23280311873927437, 280: 0.2320634745747534, 290: 0.23149649067402592, 300: 0.23096941097667725, 310: 0.23048368070370961, 320: 0.22999354913379205, 330: 0.2295198558643185, 340: 0.22914647434674978, 350: 0.22876567643094486, 360: 0.2283599626684268, 370: 0.22794302777204792, 380: 0.22759762112279777, 390: 0.22725790394262219, 400: 0.2269214379455941, 410: 0.226622918151699, 420: 0.22638501266792627, 430: 0.22611254492745694, 440: 0.22584436679989958, 450: 0.2256635898875908, 460: 0.2253967771691828, 470: 0.22525448134010664, 480: 0.22507135741935777, 490: 0.22481566340821546, 500: 0.2246840987855077, 510: 0.22457035179919696, 520: 0.22442245964035226, 530: 0.22427411273639467, 540: 0.22409576688179333, 550: 0.22394574615694113, 560: 0.22379898737766352, 570: 0.2236599463570233, 580: 0.22354755100977924, 590: 0.2234087188808414, 600: 0.22326145824113777, 610: 0.22316279256951782, 620: 0.223055924045229, 630: 0.2228901622252207, 640: 0.22278246648934535, 650: 0.22265291325191788, 660: 0.22251769150296846, 670: 0.22241672173010268, 680: 0.22233527544321435, 690: 0.22220924091367747, 700: 0.22212130829669863, 710: 0.2220194682495425, 720: 0.22197078675945775, 730: 0.2218681611902654, 740: 0.2217816394694144, 750: 0.22172731939656418, 760: 0.22165207962095962, 770: 0.22158003654201558, 780: 0.22150442566714373, 790: 0.22144930162499415, 800: 0.22138727123549665, 810: 0.22132231679609418, 820: 0.22125276532489463, 830: 0.22120473012988953, 840: 0.22112458375995017, 850: 0.2210947952391435, 860: 0.2210281533446694, 870: 0.22099649895949006, 880: 0.2209354089700506, 890: 0.2209431784445281, 900: 0.22091573184197774, 910: 0.22090643296826357, 920: 0.22088638159350743, 930: 0.22085514064891995, 940: 0.22081300402592924, 950: 0.22077146464313122, 960: 0.22073958909751662, 970: 0.22069779445044832, 980: 0.2206662822557174, 990: 0.22061900924982095, 1000: 0.22060202363996884, 1010: 0.22056553279481284, 1020: 0.22055653598261427, 1030: 0.22052235053267114, 1040: 0.22049233767537832, 1050: 0.22045383496013113, 1060: 0.22042035024065226, 1070: 0.22038685413946157, 1080: 0.22037438529062428, 1090: 0.22034406649509095, 1100: 0.22033282909418422, 1110: 0.22030342719969886, 1120: 0.2202827853125197, 1130: 0.22026479333396848, 1140: 0.22024709311784063, 1150: 0.22022867822164707, 1160: 0.2202184687247562, 1170: 0.22018259006390636, 1180: 0.22016568431194328, 1190: 0.22013595361898583, 1200: 0.22013341468447062, 1210: 0.22012299946113506, 1220: 0.2200984685545882, 1230: 0.22007675432830673, 1240: 0.22005742262589076, 1250: 0.2200519587535684, 1260: 0.22004613864954897, 1270: 0.22003633536591147, 1280: 0.22001927565896148, 1290: 0.2200037763038126, 1300: 0.21999556174090146, 1310: 0.2199855808348719, 1320: 0.2199792585561034, 1330: 0.21997584809848583, 1340: 0.21997280573842706, 1350: 0.21996569019144144, 1360: 0.21996892912259652, 1370: 0.2199569642641812, 1380: 0.21995481225654362, 1390: 0.21994283218264407, 1400: 0.21995083365487506, 1410: 0.21993801394437568, 1420: 0.21993493335430303, 1430: 0.21993119565441002, 1440: 0.21992970864506717, 1450: 0.21989804843852281, 1460: 0.21991337960890198, 1470: 0.21990617270535306, 1480: 0.2198942114515209, 1490: 0.21990518101159942, 1500: 0.21988810385388086, 1510: 0.21989904589912493, 1520: 0.21989970958340815, 1530: 0.21989813751872167}",1500,0.21988810385388086,0.01,0.1,0.01
concrete,noisyFCN,32,0.1,0.0005,"{0: 0.7690557740665064, 10: 0.3196542698973122, 20: 0.26375771782240515, 30: 0.24504646056551277, 40: 0.2365033715749703, 50: 0.23134227838975713, 60: 0.22876069834991375, 70: 0.2269945549461591, 80: 0.2256283701807591, 90: 0.22460190648040945, 100: 0.2238131693417464, 110: 0.2232130368327046, 120: 0.22281395281541813, 130: 0.22233403685495134, 140: 0.22207067211458004, 150: 0.22180322704783037, 160: 0.22160177120128033, 170: 0.22143426111415412, 180: 0.22129066684084386, 190: 0.22126843643382316, 200: 0.22107133310334998, 210: 0.22097256511163463, 220: 0.22085365306434596, 230: 0.22077070911185706, 240: 0.22057341733731256, 250: 0.22055643804156594, 260: 0.2205316077005352, 270: 0.2203978618149042, 280: 0.22042884787760747, 290: 0.22038270256868225, 300: 0.22034650770155748, 310: 0.22031762612566447, 320: 0.2203233483051558, 330: 0.2202350663729095, 340: 0.2202610760698121, 350: 0.2202485795775036, 360: 0.22019332759968896, 370: 0.22018387011605461, 380: 0.2201865813252843, 390: 0.22010972540773288, 400: 0.2201170945084941, 410: 0.22014410964291092, 420: 0.22006228868840627, 430: 0.220181133227047, 440: 0.22013157016444188, 450: 0.22015276625179753}",420,0.22006228868840627,0.01,0.001,0.01
concrete,noisyFCN,32,0.1,0.0005,"{0: 0.7584173516573416, 10: 0.3245180570123289, 20: 0.26946808074746237, 30: 0.24980793579245444, 40: 0.2395834752834689, 50: 0.23434558685805654, 60: 0.231201809279494, 70: 0.229188927252779, 80: 0.2277617179030237, 90: 0.22658075946364592, 100: 0.22561888262585456, 110: 0.22481485456283323, 120: 0.22397495952816868, 130: 0.2233950943686481, 140: 0.22288826512634005, 150: 0.22241050651017508, 160: 0.22215195478958197, 170: 0.22176942923083537, 180: 0.22158859272930065, 190: 0.22138728131277863, 200: 0.2211760032667069, 210: 0.2211344145641491, 220: 0.22093196756867944, 230: 0.2208559146106067, 240: 0.22072016383651355, 250: 0.22067391013535237, 260: 0.22056753783261698, 270: 0.22051915781714254, 280: 0.22052468753894083, 290: 0.22042127891582028, 300: 0.22038465953179404, 310: 0.2203002500890893, 320: 0.22020446268512597, 330: 0.22020087783270997, 340: 0.22024271212303453, 350: 0.2202755627722231, 360: 0.22024428910488386}",330,0.22020087783270997,0.01,0.005,0.01
concrete,noisyFCN,32,0.1,0.0005,"{0: 0.7651514133848443, 10: 0.32658174144521257, 20: 0.269626304804618, 30: 0.2492534375189633, 40: 0.23949693373206887, 50: 0.23318665493221874, 60: 0.22973864501139807, 70: 0.2276358462127816, 80: 0.22580425847572302, 90: 0.22445386956267593, 100: 0.22346773828278624, 110: 0.2226893407329972, 120: 0.22201940529053948, 130: 0.22158073242547244, 140: 0.22118336734314453, 150: 0.22093321298163024, 160: 0.2207175615065334, 170: 0.2205341271313798, 180: 0.22037176962823488, 190: 0.22026292041715037, 200: 0.22011984967692025, 210: 0.22003784453547276, 220: 0.21998021440314788, 230: 0.2199373542372597, 240: 0.21988479016449217, 250: 0.21989180634639394, 260: 0.21985828825437131, 270: 0.21977334064582235, 280: 0.21972425723661776, 290: 0.2197422548113095, 300: 0.21959752848048347, 310: 0.21961856072698355, 320: 0.21949816163169483, 330: 0.2194959946628729, 340: 0.21942596201897108, 350: 0.21945253318490932, 360: 0.21939070550450906, 370: 0.21939327979651715, 380: 0.2193849613348467, 390: 0.2193432913339543, 400: 0.21929357729725546, 410: 0.21933648576405168, 420: 0.21933326485129698, 430: 0.21932147634113092}",400,0.21929357729725546,0.01,0.01,0.01
concrete,noisyFCN,32,0.1,0.0005,"{0: 0.7959967276685254, 10: 0.3281950650504582, 20: 0.2730393051150677, 30: 0.25142924168961456, 40: 0.2406192821218011, 50: 0.23470555503260004, 60: 0.23110612525368562, 70: 0.22894910199756283, 80: 0.22759754454470613, 90: 0.22636164398928615, 100: 0.22541282469289708, 110: 0.22487831665149285, 120: 0.22433422597233932, 130: 0.2238724150113811, 140: 0.2234193703392348, 150: 0.22307054557396316, 160: 0.22271990299599312, 170: 0.2225040664069536, 180: 0.22232672848947294, 190: 0.22206700656835626, 200: 0.22186972068654373, 210: 0.22178557808035318, 220: 0.22165491631129272, 230: 0.22150051941011717, 240: 0.22140969307651276, 250: 0.22126760791890815, 260: 0.2212364642661277, 270: 0.2211374691911785, 280: 0.22110292139642782, 290: 0.22101445516027612, 300: 0.2210481701593045, 310: 0.22096106729680137, 320: 0.22097022913787337, 330: 0.22089871527053034, 340: 0.220853194270919, 350: 0.22076115589239204, 360: 0.22077474234472888, 370: 0.22066523434460733, 380: 0.22069353156248814, 390: 0.2205880103201357, 400: 0.22060901487415485, 410: 0.22055659359471055, 420: 0.2205509765397727, 430: 0.22059189996870027, 440: 0.22052087314894972, 450: 0.2205183273373228, 460: 0.22053671767237182, 470: 0.22050727220900573, 480: 0.22041396649431846, 490: 0.2204266153280372, 500: 0.220417234070946, 510: 0.2203792203229309, 520: 0.22039643644306364, 530: 0.22035324573781168, 540: 0.22039016620514135, 550: 0.22041579949133325, 560: 0.22038734265778653}",530,0.22035324573781168,0.01,0.05,0.01
concrete,noisyFCN,32,0.1,0.0005,"{0: 0.7889994457097558, 10: 0.3326893817853108, 20: 0.27492412921121095, 30: 0.2528230733801635, 40: 0.24248069028643351, 50: 0.23530826291880252, 60: 0.23164742877152084, 70: 0.22906230000670277, 80: 0.2271834493513823, 90: 0.22590906828421625, 100: 0.22468710560194669, 110: 0.2239281305907527, 120: 0.22328541996859216, 130: 0.22277238840692942, 140: 0.22239672212702472, 150: 0.22215894424421911, 160: 0.22198006181488278, 170: 0.2217278591824829, 180: 0.22161824986845233, 190: 0.2213847731042816, 200: 0.22126150786513238, 210: 0.22109456741195296, 220: 0.22093356663012895, 230: 0.2208476433721808, 240: 0.22078849956206015, 250: 0.22065427158807088, 260: 0.2205343238104077, 270: 0.2205786195392972, 280: 0.22043475197659804, 290: 0.22040463082574954, 300: 0.22033262970221984, 310: 0.22033961248767878, 320: 0.22024575769119323, 330: 0.2201769784617142, 340: 0.2201528460357864, 350: 0.22007281330564865, 360: 0.22012798496047742, 370: 0.22011516814838047, 380: 0.22010752213051915}",350,0.22007281330564865,0.01,0.1,0.01
concrete,noisyFCN,32,0.1,0.001,"{0: 0.6392552474350376, 10: 0.27466372962471125, 20: 0.24632624860987873, 30: 0.2353970543350763, 40: 0.23124950786850137, 50: 0.2289411865387329, 60: 0.22761074329206704, 70: 0.22657387089416528, 80: 0.2256713173632611, 90: 0.22517848598917412, 100: 0.22486850212215934, 110: 0.22450406428319125, 120: 0.22438861506653113, 130: 0.22395612128403833, 140: 0.22376272180854878, 150: 0.22372188960501466, 160: 0.22354416240587643, 170: 0.2235161170579289, 180: 0.22327022437664285, 190: 0.22316967270569016, 200: 0.22322011847497794, 210: 0.22305492728552112, 220: 0.22305061553728112, 230: 0.2230056336275402, 240: 0.2228599911999764, 250: 0.2228150637727575, 260: 0.22287926137590533, 270: 0.2227845021306984, 280: 0.2227857861861157, 290: 0.22267129045235873, 300: 0.2228450540352423, 310: 0.2226736967455037, 320: 0.22270425451777637}",290,0.22267129045235873,0.01,0.001,0.01
concrete,noisyFCN,32,0.1,0.001,"{0: 0.6167140114562915, 10: 0.27353583156115374, 20: 0.24560885008427275, 30: 0.23464520925395765, 40: 0.23070327863923196, 50: 0.22850720486912746, 60: 0.22724109842613371, 70: 0.2262941450833261, 80: 0.22561074492914623, 90: 0.2250739350602174, 100: 0.22464877798129082, 110: 0.2240498520221344, 120: 0.22371170450626968, 130: 0.22351832361879476, 140: 0.22327210655101387, 150: 0.22296975782136957, 160: 0.22289385289526478, 170: 0.22274382711668322, 180: 0.22261175611617384, 190: 0.2225825861083166, 200: 0.22226782903570824, 210: 0.22226649094998, 220: 0.2222270048805633, 230: 0.22204146573192, 240: 0.22197041765130723, 250: 0.22203430150075923, 260: 0.221949626846791, 270: 0.22182455694552097, 280: 0.22182779811129955, 290: 0.22183579773261472, 300: 0.2217119709102207, 310: 0.2216000020733077, 320: 0.22167574237781545, 330: 0.2215296303975917, 340: 0.22159342601465806, 350: 0.2215621266345007, 360: 0.2215876749094028}",330,0.2215296303975917,0.01,0.005,0.01
concrete,noisyFCN,32,0.1,0.001,"{0: 0.6246156148173064, 10: 0.27317469294764607, 20: 0.24518440246670137, 30: 0.23535887576116518, 40: 0.23147100531154002, 50: 0.2292239685405076, 60: 0.22803583557693413, 70: 0.2270655394264573, 80: 0.22629389808462977, 90: 0.22557000620523296, 100: 0.2251601318327788, 110: 0.22468823969815716, 120: 0.22423773747534992, 130: 0.2240064288039209, 140: 0.2237608319226892, 150: 0.22360391456906387, 160: 0.22326659841706645, 170: 0.22312504210079148, 180: 0.22296769245710096, 190: 0.22289349419501914, 200: 0.22281970249036026, 210: 0.22265664585479877, 220: 0.2224939867817774, 230: 0.22247978461610324, 240: 0.222439892532666, 250: 0.2222729129583767, 260: 0.2223540982739492, 270: 0.22213770685873024, 280: 0.22195122475909992, 290: 0.22204017224053235, 300: 0.2220425278895534, 310: 0.22206089192344716}",280,0.22195122475909992,0.01,0.01,0.01
concrete,noisyFCN,32,0.1,0.001,"{0: 0.59710189725854, 10: 0.277924924990863, 20: 0.24562829443660386, 30: 0.23508547072366967, 40: 0.23098369094877, 50: 0.2288652756233085, 60: 0.22734425702715305, 70: 0.22640612290664155, 80: 0.22572615109852134, 90: 0.22533836444637462, 100: 0.22479022657990191, 110: 0.22449650091236814, 120: 0.2242820510737383, 130: 0.22413460574840408, 140: 0.22384869733432974, 150: 0.2239427726607321, 160: 0.22387223190276248, 170: 0.2236362163197175, 180: 0.2236511214236066, 190: 0.22373259131137918, 200: 0.2233648864510803, 210: 0.22323921913086972, 220: 0.22343842666059271, 230: 0.22326298134686415, 240: 0.223350444512947}",210,0.22323921913086972,0.01,0.05,0.01
concrete,noisyFCN,32,0.1,0.001,"{0: 0.6027220639804515, 10: 0.26948207842063565, 20: 0.2442686230610541, 30: 0.23531316594655038, 40: 0.23130101701086395, 50: 0.22932618188069473, 60: 0.22796332100828928, 70: 0.2270674761750922, 80: 0.22626035315652998, 90: 0.22571870802048832, 100: 0.2252519130360966, 110: 0.22502765043039102, 120: 0.22469637045288476, 130: 0.22448396458263672, 140: 0.22426510794970694, 150: 0.22401802341936258, 160: 0.2239132731271865, 170: 0.2237573639797398, 180: 0.22364094042956434, 190: 0.22352759070677924, 200: 0.22342798879509135, 210: 0.22323840102958661, 220: 0.22309959928855486, 230: 0.22306490635296986, 240: 0.22298092075402615, 250: 0.22279580022734974, 260: 0.22282990251339457, 270: 0.22291071655866138, 280: 0.22277428044932734, 290: 0.22267465112115487, 300: 0.2225612416745598, 310: 0.22263211508283595, 320: 0.22252177853398822, 330: 0.22243515088317226, 340: 0.22249133134859628, 350: 0.22236276137194455, 360: 0.22231032803247172, 370: 0.22217192398305743, 380: 0.2222052599290346, 390: 0.22229179331717538, 400: 0.22222600156489514}",370,0.22217192398305743,0.01,0.1,0.01
concrete,noisyFCN,32,0.1,0.002,"{0: 0.4408784123100974, 10: 0.2504999007281338, 20: 0.23627009808356378, 30: 0.23278139056493333, 40: 0.23071652854206998, 50: 0.22967678484657653, 60: 0.22944508305718436, 70: 0.22869259325205088, 80: 0.2281500117371722, 90: 0.22788575194627375, 100: 0.22774966970185223, 110: 0.2273363878979387, 120: 0.22724024647641694, 130: 0.22655354508715736, 140: 0.22668108787522523, 150: 0.22659601992840073, 160: 0.22653308817790513, 170: 0.22636667632519183, 180: 0.2262316989149769, 190: 0.22631261379980455, 200: 0.22616418993195514, 210: 0.22582169283189688, 220: 0.2257118865424672, 230: 0.22557366514615632, 240: 0.2256415376732372, 250: 0.2254123703711401, 260: 0.22554124942397685, 270: 0.2249091295343985, 280: 0.2258732615839704, 290: 0.22482051908529344, 300: 0.22508159275395906, 310: 0.2246885374699446, 320: 0.22509527392878148, 330: 0.22524864290831975, 340: 0.2248544386375065}",310,0.2246885374699446,0.01,0.001,0.01
concrete,noisyFCN,32,0.1,0.002,"{0: 0.46329138066710496, 10: 0.2517262499810851, 20: 0.23782112468614985, 30: 0.2339641841085241, 40: 0.23183618785845111, 50: 0.23127380031814243, 60: 0.23056681159682743, 70: 0.23070425840699044, 80: 0.2303188904646319, 90: 0.23008423971803826, 100: 0.23028827307097402, 110: 0.22975966074073745, 120: 0.22942782419351673, 130: 0.22932774566824315, 140: 0.22890151939014108, 150: 0.22883624868686342, 160: 0.22867594287427195, 170: 0.22908711157105888, 180: 0.22835156079406485, 190: 0.22807816270119333, 200: 0.22803035305326985, 210: 0.22738845657967496, 220: 0.22749736387246816, 230: 0.2276491272174158, 240: 0.22734496300099782, 250: 0.2274850068941261, 260: 0.22731567797908409, 270: 0.22730114527856168, 280: 0.22663056592036424, 290: 0.22680530379149796, 300: 0.22672612824135152, 310: 0.2268717196213697}",280,0.22663056592036424,0.01,0.005,0.01
concrete,noisyFCN,32,0.1,0.002,"{0: 0.462453891467537, 10: 0.2577103763497149, 20: 0.23787590126945454, 30: 0.23349690615337862, 40: 0.23166958591934494, 50: 0.23057247138142317, 60: 0.2300277818815407, 70: 0.22958740638809916, 80: 0.22885874009559704, 90: 0.22880697766917774, 100: 0.22840894905554307, 110: 0.22823110595268403, 120: 0.22810814932087836, 130: 0.22830356917223577, 140: 0.22803037464883005, 150: 0.2281260996226549, 160: 0.22807871429262033, 170: 0.22804989937778233}",140,0.22803037464883005,0.01,0.01,0.01
concrete,noisyFCN,32,0.1,0.002,"{0: 0.4520792150616382, 10: 0.24901722390168873, 20: 0.236010060752002, 30: 0.23241966812701378, 40: 0.2310103664824193, 50: 0.23011559683154972, 60: 0.23008143900106853, 70: 0.22940832985059828, 80: 0.22946004626095426, 90: 0.2288860193991873, 100: 0.22842747718668477, 110: 0.2285129726043209, 120: 0.22803046574613733, 130: 0.22786819721889423, 140: 0.22760128811563463, 150: 0.22693629224456333, 160: 0.2269412840666017, 170: 0.22726159984987926, 180: 0.22647543391450986, 190: 0.22637572707595952, 200: 0.22670929510396937, 210: 0.22642479466999893, 220: 0.22614234576975073, 230: 0.2264877787236804, 240: 0.2259220203792529, 250: 0.22601329414935262, 260: 0.2249524715459091, 270: 0.225404182164121, 280: 0.2259206701617988, 290: 0.22534857801129354}",260,0.2249524715459091,0.01,0.05,0.01
concrete,noisyFCN,32,0.1,0.002,"{0: 0.4805264314266813, 10: 0.2502524821047244, 20: 0.2353930509515542, 30: 0.23253758337395505, 40: 0.23115090584851866, 50: 0.23051317068002705, 60: 0.22980227181251545, 70: 0.22946697802827343, 80: 0.22936282862184315, 90: 0.2294362086782346, 100: 0.2295678100906208, 110: 0.22863507532866373, 120: 0.22853029767099522, 130: 0.22841963197510062, 140: 0.22815817606246477, 150: 0.22759495714793623, 160: 0.22766916984993707, 170: 0.2279515939499393, 180: 0.22806664018787814}",150,0.22759495714793623,0.01,0.1,0.01
concrete,noisyFCN,32,0.01,0.0001,"{0: 0.9577350426266479, 10: 0.4553686553816926, 20: 0.33311974174101444, 30: 0.2734763843543602, 40: 0.235181646480859, 50: 0.21169095363173324, 60: 0.19634266384623267, 70: 0.18541920436261233, 80: 0.1771240183953347, 90: 0.17032359630321012, 100: 0.1647225063642747, 110: 0.16001934387147734, 120: 0.15585938765783708, 130: 0.15231086267897664, 140: 0.14918769973146412, 150: 0.1464260372471034, 160: 0.14389353146959655, 170: 0.141699277462117, 180: 0.1396852030614439, 190: 0.13780566614531448, 200: 0.13606132642095475, 210: 0.13444635017726125, 220: 0.13301175002182136, 230: 0.1316196503077757, 240: 0.1303826779269194, 250: 0.1292417793617985, 260: 0.12820321848964306, 270: 0.12728121941651754, 280: 0.12645322872040804, 290: 0.12568081265223174, 300: 0.12497101725249138, 310: 0.12428541774231686, 320: 0.12365598540139126, 330: 0.12314211719217164, 340: 0.12266865891290872, 350: 0.1221757026681923, 360: 0.12169989445906873, 370: 0.12133718824494528, 380: 0.12089570381501738, 390: 0.12048170864053417, 400: 0.12014279905560717, 410: 0.11975789696209446, 420: 0.11938417212496574, 430: 0.11900624260449533, 440: 0.11868676284646114, 450: 0.11834276677505096, 460: 0.11808099568826307, 470: 0.11777844699940809, 480: 0.11750578577297754, 490: 0.11730545631781256, 500: 0.11706477141086251, 510: 0.11682898598798142, 520: 0.1167147971715032, 530: 0.11651606728523112, 540: 0.11633044257561806, 550: 0.1161640477538968, 560: 0.11594120613338546, 570: 0.11577014189535657, 580: 0.11561467096655571, 590: 0.11551194298282783, 600: 0.11532662464301631, 610: 0.11517049693958854, 620: 0.11498275252916772, 630: 0.11481150422886795, 640: 0.11459986086089527, 650: 0.11444195168873424, 660: 0.11431510254057882, 670: 0.1141276441918134, 680: 0.1139280090775101, 690: 0.1138398929948575, 700: 0.1137445042516378, 710: 0.11358356547119963, 720: 0.11353147487021867, 730: 0.11343780504819075, 740: 0.11334389650697234, 750: 0.11327617770541357, 760: 0.11311164440299437, 770: 0.11302625781378081, 780: 0.1128788066892186, 790: 0.11277756645796436, 800: 0.11266804695234023, 810: 0.11259108499358825, 820: 0.11249571257176569, 830: 0.11237309055197749, 840: 0.1123124362518412, 850: 0.11221737419774773, 860: 0.11209780524152343, 870: 0.11204361876782584, 880: 0.11197482642802326, 890: 0.11179563246667386, 900: 0.11168944911864716, 910: 0.1116289003041944, 920: 0.11155626205315831, 930: 0.11144042939454295, 940: 0.11141092887072543, 950: 0.11133259363990093, 960: 0.11128263238555884, 970: 0.11120128062985293, 980: 0.11109839365943572, 990: 0.1110611493410288, 1000: 0.11102422220986238, 1010: 0.11086869776061703, 1020: 0.11079745542470032, 1030: 0.11075079400805483, 1040: 0.11068967345080502, 1050: 0.1105926645732177, 1060: 0.11050930041095679, 1070: 0.1104538728096863, 1080: 0.11036255983361824, 1090: 0.11027972069598531, 1100: 0.11024342278755117, 1110: 0.11014146390154197, 1120: 0.11006299942104092, 1130: 0.10995971947379757, 1140: 0.10987162852118788, 1150: 0.10978934733347152, 1160: 0.10973340912028895, 1170: 0.1096365732097749, 1180: 0.10959171587809183, 1190: 0.1094835380389901, 1200: 0.10941190453002562, 1210: 0.10938612250480402, 1220: 0.10931263554568697, 1230: 0.10923006321081212, 1240: 0.10914360005499386, 1250: 0.10910204416626881, 1260: 0.10903985669870819, 1270: 0.10901796662974869, 1280: 0.10894993528112473, 1290: 0.10883700133058334, 1300: 0.10882042983171018, 1310: 0.10869715569944223, 1320: 0.10862606487281659, 1330: 0.10856694759871241, 1340: 0.10844403534896356, 1350: 0.10839812365775628, 1360: 0.10825377152410817, 1370: 0.10819904517500781, 1380: 0.10808615956210421, 1390: 0.10801215195002727, 1400: 0.10796581264351221, 1410: 0.10786709639214184, 1420: 0.10782334985986561, 1430: 0.10776378888947957, 1440: 0.10774882068666192, 1450: 0.10772173266117209, 1460: 0.10763557639124433, 1470: 0.10765451206617108, 1480: 0.10762129095065665, 1490: 0.10757587408450076, 1500: 0.10751200349130016, 1510: 0.10747256745999376, 1520: 0.1074117097330155, 1530: 0.10737596307057236, 1540: 0.10730125796713393, 1550: 0.10727004606532813, 1560: 0.10722680539206628, 1570: 0.10718914831138415, 1580: 0.10714238434892316, 1590: 0.10710507579279978, 1600: 0.10705407173102288, 1610: 0.10699246751451527, 1620: 0.10695659208687605, 1630: 0.10686325809021438, 1640: 0.10678701558204731, 1650: 0.10674743675708727, 1660: 0.10669403951491194, 1670: 0.1066022622934422, 1680: 0.10651210887992242, 1690: 0.10645711220018923, 1700: 0.10637906325382165, 1710: 0.1063297275175717, 1720: 0.10626877644583196, 1730: 0.10620877625160499, 1740: 0.10613815672332194, 1750: 0.10610795239095369, 1760: 0.10605089202132253, 1770: 0.1059953312042217, 1780: 0.10592063087179807, 1790: 0.10589065854423194, 1800: 0.10585521204035016, 1810: 0.1058167583709039, 1820: 0.10575209053578813, 1830: 0.10575223693573203, 1840: 0.10568704075935101, 1850: 0.1056430253703684, 1860: 0.10559113799732697, 1870: 0.10554989966159826, 1880: 0.10556000506446173, 1890: 0.10553940990646504, 1900: 0.1055244797901013, 1910: 0.1054747814185097, 1920: 0.10541474559459303, 1930: 0.10537082075824893, 1940: 0.10536500551627023, 1950: 0.10534731781948566, 1960: 0.10530009590304083, 1970: 0.10526520630737102, 1980: 0.10522876321063471, 1990: 0.10520617489490305}",1990,0.10520617489490305,0.01,0.001,0.01
concrete,noisyFCN,32,0.01,0.0001,"{0: 0.9394745142972655, 10: 0.4438205175746043, 20: 0.333515700153175, 30: 0.27673900911148086, 40: 0.23753359838527216, 50: 0.2114811251637941, 60: 0.19498756381796628, 70: 0.18413922114078857, 80: 0.17617452339769643, 90: 0.16994228502411976, 100: 0.16485537107122536, 110: 0.1606120032785737, 120: 0.1570720172368943, 130: 0.15401771466675196, 140: 0.15124627465694723, 150: 0.14875827414861273, 160: 0.14654902614548485, 170: 0.14458504490185384, 180: 0.1427777347547957, 190: 0.14102298168577007, 200: 0.1395072725679552, 210: 0.1381566406729172, 220: 0.13694471170229555, 230: 0.1358186312917419, 240: 0.13475202308481743, 250: 0.133741814251287, 260: 0.1327930567123365, 270: 0.131809862839321, 280: 0.13085885633518318, 290: 0.1300141630802477, 300: 0.12919046774308326, 310: 0.12848275619595473, 320: 0.1277456564391796, 330: 0.12701282323232777, 340: 0.12635266315084603, 350: 0.12571673921111856, 360: 0.12512523785261032, 370: 0.12453283042117613, 380: 0.12400376178693173, 390: 0.12346872919882701, 400: 0.12294852417168889, 410: 0.12249726799406879, 420: 0.12207836720081981, 430: 0.12165789491723444, 440: 0.12126188865153109, 450: 0.12088620263656376, 460: 0.12052925233857903, 470: 0.12020980626856803, 480: 0.1198895116041897, 490: 0.11956413183501713, 500: 0.11925817044555083, 510: 0.1189696715695058, 520: 0.11869938222610192, 530: 0.1184460592810106, 540: 0.11822228497749157, 550: 0.11797266960413873, 560: 0.11778154395140725, 570: 0.11751628910909295, 580: 0.11734718083801177, 590: 0.11714876774558074, 600: 0.11696207232420874, 610: 0.11674050821372736, 620: 0.11661216487432088, 630: 0.11642809436303417, 640: 0.11623416895568592, 650: 0.11606855239352956, 660: 0.11595321828343871, 670: 0.11583821239009091, 680: 0.11560910366905106, 690: 0.11545609002895736, 700: 0.1151896349146841, 710: 0.11496121529514536, 720: 0.11482113520695339, 730: 0.11462768190099148, 740: 0.11444461908073049, 750: 0.11427085954841867, 760: 0.11407141377445909, 770: 0.11385716153491847, 780: 0.11371047130164313, 790: 0.11357561960128044, 800: 0.11340811627529457, 810: 0.11331702014796177, 820: 0.11314802187900366, 830: 0.11302868111985573, 840: 0.1129378444202525, 850: 0.11282146201011259, 860: 0.11271438044343758, 870: 0.11265469120390001, 880: 0.11257852541507171, 890: 0.11248607675443731, 900: 0.11238678415247402, 910: 0.11234004959386978, 920: 0.1122662669095897, 930: 0.11221035512630928, 940: 0.11213972149572368, 950: 0.1120598532478081, 960: 0.11196241348855203, 970: 0.11192985546727667, 980: 0.11188707576964137, 990: 0.11178465319760225, 1000: 0.11169895486475272, 1010: 0.11166816614265365, 1020: 0.1115735885227775, 1030: 0.11152678792042066, 1040: 0.11146801363453765, 1050: 0.11137726351293871, 1060: 0.11131131483590215, 1070: 0.11126206707019368, 1080: 0.11120493511342378, 1090: 0.1111740332492197, 1100: 0.11110913532255362, 1110: 0.11107321056392092, 1120: 0.11103701207767525, 1130: 0.1110002177826515, 1140: 0.11097004619473146, 1150: 0.11092930826741901, 1160: 0.11084047474760042, 1170: 0.11077016437292672, 1180: 0.11073023257492123, 1190: 0.11069113398327354, 1200: 0.11066072063089649, 1210: 0.1105910321890603, 1220: 0.11059915562492781, 1230: 0.11055007868060251, 1240: 0.1104907844492619, 1250: 0.11043995993419745, 1260: 0.11040917220683073, 1270: 0.11035905159751047, 1280: 0.11025228528924017, 1290: 0.11023582983131508, 1300: 0.11019433271054506, 1310: 0.11016310489274624, 1320: 0.1101123951293985, 1330: 0.11002632454643405, 1340: 0.10994927576093963, 1350: 0.10992252283673858, 1360: 0.109884807621208, 1370: 0.10983469476941243, 1380: 0.10981054486540276, 1390: 0.10976616470816394, 1400: 0.10971048102157255, 1410: 0.10967151047957886, 1420: 0.10963383305704955, 1430: 0.10959530347576867, 1440: 0.10952296966856176, 1450: 0.10950619637360418, 1460: 0.1094718904531143, 1470: 0.10944734927919379, 1480: 0.10941330854001083, 1490: 0.10936368256355777, 1500: 0.10932491181089274, 1510: 0.10928966043826746, 1520: 0.10924914490742677, 1530: 0.10917752199618355, 1540: 0.10912755025937568, 1550: 0.10906722947646756, 1560: 0.10898350161078323, 1570: 0.10893213539864077, 1580: 0.10882652487459883, 1590: 0.10873327272457498, 1600: 0.10865370051801779, 1610: 0.10860900696738726, 1620: 0.1085200537764863, 1630: 0.10848918879634568, 1640: 0.10844156993692086, 1650: 0.10843150610614952, 1660: 0.10836091972199177, 1670: 0.10833157850854809, 1680: 0.10828789348078716, 1690: 0.10828089453742536, 1700: 0.1082422107199299, 1710: 0.10822262760458264, 1720: 0.10818864675595288, 1730: 0.10812423013161705, 1740: 0.10806644803101675, 1750: 0.1080439931628379, 1760: 0.10798782776339091, 1770: 0.10793962783368094, 1780: 0.10790889654707794, 1790: 0.10787328333405988, 1800: 0.10782083760883662, 1810: 0.1077763656565351, 1820: 0.10775579459084157, 1830: 0.10770711748217181, 1840: 0.10763471199536845, 1850: 0.10759213935933507, 1860: 0.10757180127214036, 1870: 0.10755559229858477, 1880: 0.10754695104857728, 1890: 0.10749733279424072, 1900: 0.10747378828167826, 1910: 0.10741543841445703, 1920: 0.10736648465278893, 1930: 0.10732938929725952, 1940: 0.10727195714982411, 1950: 0.10720189781929727, 1960: 0.10716518201737912, 1970: 0.10714885222800599, 1980: 0.1071085397746615, 1990: 0.10705221469253193}",1990,0.10705221469253193,0.01,0.005,0.01
concrete,noisyFCN,32,0.01,0.0001,"{0: 0.9606666323632904, 10: 0.46148264473795625, 20: 0.33811202905747245, 30: 0.27917913015405954, 40: 0.23929945781860013, 50: 0.21371298901158534, 60: 0.19697655267776687, 70: 0.18576836408814587, 80: 0.17752679389193157, 90: 0.17098795645825526, 100: 0.16550093784785147, 110: 0.16085719637115709, 120: 0.15675144662635904, 130: 0.15328672527650156, 140: 0.1502223929217676, 150: 0.14758537310134984, 160: 0.14517968500598835, 170: 0.14303281007269888, 180: 0.14109125495683855, 190: 0.13931982635405446, 200: 0.13776771450672692, 210: 0.13626377979947385, 220: 0.1349145065004616, 230: 0.13365464567124888, 240: 0.13240770569959132, 250: 0.13132761370613677, 260: 0.13028218097659897, 270: 0.12941919686216297, 280: 0.1285636913916819, 290: 0.12777328854719974, 300: 0.12705200640821976, 310: 0.12636933204731013, 320: 0.1258076462020763, 330: 0.1252258066791168, 340: 0.12476230683910652, 350: 0.12426727807128639, 360: 0.12383094207327935, 370: 0.12336025236016149, 380: 0.1229029945289084, 390: 0.12248845458823668, 400: 0.1220726189403867, 410: 0.1216988442146549, 420: 0.12133183632935318, 430: 0.120933261740972, 440: 0.12061138897352279, 450: 0.12031834210085365, 460: 0.1199672281159486, 470: 0.11967855185352909, 480: 0.11939334434437163, 490: 0.11911391526774531, 500: 0.11879263585946864, 510: 0.11858291543150115, 520: 0.11832771983743814, 530: 0.11814046112849416, 540: 0.11799496769348913, 550: 0.11786987063983637, 560: 0.1176625333566161, 570: 0.11748012180702386, 580: 0.11731347581505203, 590: 0.11713539319287736, 600: 0.11694388554105914, 610: 0.11676199863001938, 620: 0.116578979931568, 630: 0.11643059805812037, 640: 0.11624631299087276, 650: 0.11608971906975958, 660: 0.11594636825862543, 670: 0.1157915924889836, 680: 0.11563664888336715, 690: 0.11552004032745593, 700: 0.11542589909986971, 710: 0.11537168653686006, 720: 0.11523878229513533, 730: 0.1151137401932315, 740: 0.11504837770414238, 750: 0.11492122383550063, 760: 0.11485508431509103, 770: 0.11470087125421077, 780: 0.1146060754329858, 790: 0.11452450998917674, 800: 0.11448838510679278, 810: 0.1143499561239802, 820: 0.1143242613343193, 830: 0.11422486457381749, 840: 0.11414512921532194, 850: 0.11408579968172072, 860: 0.11404163545472527, 870: 0.1139803565656718, 880: 0.11390096390896587, 890: 0.11381825596333675, 900: 0.11370138174686953, 910: 0.1135927064061242, 920: 0.1135564778484707, 930: 0.11340361606461842, 940: 0.11329621402184697, 950: 0.11317185054974407, 960: 0.11305118553260587, 970: 0.11295779844835477, 980: 0.11283572310841997, 990: 0.1127554935287665, 1000: 0.11262974617756347, 1010: 0.11253442522650481, 1020: 0.11244671531676893, 1030: 0.11233316643591709, 1040: 0.11225651548116718, 1050: 0.11217105682487741, 1060: 0.11209937989246443, 1070: 0.11199230093833853, 1080: 0.11189572715070388, 1090: 0.1118093137700229, 1100: 0.11172001696949589, 1110: 0.11161880323389395, 1120: 0.11152069065254526, 1130: 0.11140142819687933, 1140: 0.11132673740320882, 1150: 0.11125057765232442, 1160: 0.11113616111344835, 1170: 0.1111269682247387, 1180: 0.11103907545035911, 1190: 0.1109369984693985, 1200: 0.11084875174607403, 1210: 0.11076761653158107, 1220: 0.11069204129300685, 1230: 0.11064372838454847, 1240: 0.1105581975287461, 1250: 0.11048444582797803, 1260: 0.11045282282992504, 1270: 0.1104094842103835, 1280: 0.11033329665666365, 1290: 0.11028541675835561, 1300: 0.11021074351157334, 1310: 0.11014783609457486, 1320: 0.11010145045123051, 1330: 0.11007866771339665, 1340: 0.10996077942208327, 1350: 0.10992099571540807, 1360: 0.10986143734870538, 1370: 0.10979874298361962, 1380: 0.10973954142263351, 1390: 0.10968309332508556, 1400: 0.1096629590925493, 1410: 0.10960353614612366, 1420: 0.10957542597234293, 1430: 0.10953911601687613, 1440: 0.10952262496813878, 1450: 0.1095237579870713, 1460: 0.10951041681643821, 1470: 0.10949790996259127, 1480: 0.109475382572179, 1490: 0.10945697233394747, 1500: 0.10946686424584803, 1510: 0.10939515236195203, 1520: 0.10933905227138699, 1530: 0.10931831184083544, 1540: 0.10924039827383014, 1550: 0.10918911465481529, 1560: 0.10910837350464142, 1570: 0.10904153186902239, 1580: 0.10894245598787347, 1590: 0.10888546046555177, 1600: 0.10883070506887885, 1610: 0.10873888400633161, 1620: 0.10866114866371208, 1630: 0.10862900577672789, 1640: 0.1086032958204823, 1650: 0.10851497197252506, 1660: 0.10847139360299174, 1670: 0.10845604533978022, 1680: 0.10844849625656054, 1690: 0.10838765701005085, 1700: 0.10841082334689141, 1710: 0.10837794577214159, 1720: 0.10835827727567375, 1730: 0.10835597354965525, 1740: 0.10827722970459608, 1750: 0.10826798210062323, 1760: 0.10821026917197311, 1770: 0.1081935422071266, 1780: 0.10815187059590663, 1790: 0.10811992232645781, 1800: 0.10808810286532264, 1810: 0.10805671190618589, 1820: 0.10802101185425554, 1830: 0.10796047305706158, 1840: 0.10791802168217353, 1850: 0.10789745588722885, 1860: 0.10783302849903427, 1870: 0.10777896619958738, 1880: 0.10775552434308477, 1890: 0.10771267121202048, 1900: 0.10768426351695262, 1910: 0.10764910411428322, 1920: 0.10760950464350554, 1930: 0.10754464774437286, 1940: 0.10750063126357459, 1950: 0.10743188965369047, 1960: 0.10739526630587826, 1970: 0.1073578067540748, 1980: 0.10733522904487511, 1990: 0.10729953793837729}",1990,0.10729953793837729,0.01,0.01,0.01
concrete,noisyFCN,32,0.01,0.0001,"{0: 0.9555839410527758, 10: 0.4748650707409105, 20: 0.3477206673583804, 30: 0.2834952499788511, 40: 0.24208631652807275, 50: 0.217257262939272, 60: 0.2014077362777212, 70: 0.19095467248021544, 80: 0.1828172739817095, 90: 0.17658452225707236, 100: 0.17131105483128953, 110: 0.166848474013986, 120: 0.16288194618607044, 130: 0.1592824596048767, 140: 0.1559420651050955, 150: 0.15310425864817562, 160: 0.1503264639487508, 170: 0.14779900857378886, 180: 0.14570425240258245, 190: 0.14369886895053843, 200: 0.14184462145389404, 210: 0.14016097465952676, 220: 0.1385448536315364, 230: 0.13725574962502923, 240: 0.13595084313730002, 250: 0.13485429891692827, 260: 0.13380796805123268, 270: 0.13274914075897876, 280: 0.13186691841613074, 290: 0.13106068617059227, 300: 0.13015751300017567, 310: 0.12937304805449354, 320: 0.1285717606784587, 330: 0.12792236756271813, 340: 0.12731745981863932, 350: 0.12674590822080728, 360: 0.12613965062767335, 370: 0.1255373845323755, 380: 0.12500126799740618, 390: 0.1244980440077875, 400: 0.12395594055002386, 410: 0.12345629793533289, 420: 0.12293604653727894, 430: 0.12248399064264207, 440: 0.12200643526399832, 450: 0.12154628757318567, 460: 0.12107448743787061, 470: 0.12067316271986947, 480: 0.1203029262644004, 490: 0.11993813158017745, 500: 0.11952045831496154, 510: 0.11919579454036175, 520: 0.11887008776619798, 530: 0.11860628524931467, 540: 0.11830379839152297, 550: 0.11801328902129368, 560: 0.11777145015834353, 570: 0.11754110668374933, 580: 0.11727316867722597, 590: 0.11705160601809346, 600: 0.11685794917978098, 610: 0.1166466837865903, 620: 0.11636693220307497, 630: 0.11616848378459436, 640: 0.11597981855620168, 650: 0.11571589686439068, 660: 0.11555209028213136, 670: 0.11538898125219284, 680: 0.11521455143872272, 690: 0.11505375613669774, 700: 0.11489695380759168, 710: 0.11474147954772598, 720: 0.11460347685414998, 730: 0.11446438781129635, 740: 0.11433611746125767, 750: 0.11416047685085096, 760: 0.11400394236692349, 770: 0.1138037254863418, 780: 0.11370218581272909, 790: 0.11362096914150102, 800: 0.11350623213509148, 810: 0.11338884356457131, 820: 0.11331151215608748, 830: 0.11316051252670889, 840: 0.11302955670503889, 850: 0.1129132488280733, 860: 0.11283390607214028, 870: 0.11273526489613502, 880: 0.11263492955524042, 890: 0.11254186164871331, 900: 0.11244850774589547, 910: 0.11239944780277086, 920: 0.11226251132632085, 930: 0.11220228537812509, 940: 0.11207012363956623, 950: 0.11197470924680046, 960: 0.11191649260416528, 970: 0.11182697265029658, 980: 0.11172462486898069, 990: 0.11164659401634536, 1000: 0.11151342504789277, 1010: 0.11142404036550987, 1020: 0.11129366036854182, 1030: 0.11118958836604469, 1040: 0.11109569073587941, 1050: 0.11099125640377325, 1060: 0.11089236533865388, 1070: 0.1107842299033229, 1080: 0.11073994274607035, 1090: 0.11068797354759194, 1100: 0.11059443614495876, 1110: 0.11056791393798057, 1120: 0.11051426236734554, 1130: 0.11046428156258085, 1140: 0.11040550980020344, 1150: 0.11035723524563242, 1160: 0.1103175426244802, 1170: 0.11033214578568847, 1180: 0.1102780841026078, 1190: 0.11026695392794594, 1200: 0.1102407056821754, 1210: 0.11019378849150337, 1220: 0.11013167182274068, 1230: 0.11009420930474711, 1240: 0.11006463479677439, 1250: 0.11002610551781197, 1260: 0.1099875758293705, 1270: 0.10996950693703851, 1280: 0.10994486851007826, 1290: 0.10994386299943493, 1300: 0.10990566565116203, 1310: 0.10989656116546347, 1320: 0.10985178566224603, 1330: 0.10983336777067679, 1340: 0.10979328857546196, 1350: 0.1097601102797503, 1360: 0.1097209611808756, 1370: 0.10968686589187855, 1380: 0.10963617720282573, 1390: 0.1095759139526071, 1400: 0.1095607877797492, 1410: 0.109547822448065, 1420: 0.10950923029760122, 1430: 0.10947945146155816, 1440: 0.10945555031734622, 1450: 0.10937859565729972, 1460: 0.10935403012119216, 1470: 0.10932921621477658, 1480: 0.10934229781571707, 1490: 0.1092850116197039, 1500: 0.10924868536073677, 1510: 0.10923562089023948, 1520: 0.1092111125842827, 1530: 0.10915829905467789, 1540: 0.10914565965054172, 1550: 0.10908970432018714, 1560: 0.10903796580434948, 1570: 0.10898678386654134, 1580: 0.10888930931362459, 1590: 0.10886734624896459, 1600: 0.10883654472849717, 1610: 0.10878351438292203, 1620: 0.10872326212944099, 1630: 0.10870781809229235, 1640: 0.10869790242438349, 1650: 0.10864050536108785, 1660: 0.10857238859329195, 1670: 0.1085602588987932, 1680: 0.1085176442805829, 1690: 0.10848154904848104, 1700: 0.10847402648382158, 1710: 0.10842988621341636, 1720: 0.1084159658665866, 1730: 0.10837705911786269, 1740: 0.10834001668138982, 1750: 0.10831653119488197, 1760: 0.10827594318817435, 1770: 0.10824691952277092, 1780: 0.10823810823845448, 1790: 0.10822437701946439, 1800: 0.10820023204021689, 1810: 0.10819063886223637, 1820: 0.10819079735882839, 1830: 0.1081503326022352, 1840: 0.10815416432663809, 1850: 0.1081397754892828, 1860: 0.10809887540462673, 1870: 0.10806016729587067, 1880: 0.10801444480023556, 1890: 0.10799596804401343, 1900: 0.10797403873692639, 1910: 0.10793080047819233, 1920: 0.1079211846191136, 1930: 0.10785327884361026, 1940: 0.10784760173572625, 1950: 0.10780237425093904, 1960: 0.10779536783238164, 1970: 0.10775996400744096, 1980: 0.10768695563667145, 1990: 0.10767781293367953}",1990,0.10767781293367953,0.01,0.05,0.01
concrete,noisyFCN,32,0.01,0.0001,"{0: 0.9393503154672169, 10: 0.47503232461870465, 20: 0.35395606105999866, 30: 0.28934770668138865, 40: 0.24567907759758692, 50: 0.21904633722973593, 60: 0.20154693518855443, 70: 0.1892556833283644, 80: 0.18039152583059165, 90: 0.17332588388392506, 100: 0.16759023977566098, 110: 0.16258772720893225, 120: 0.15794538628830349, 130: 0.15409519327189072, 140: 0.15061238641485142, 150: 0.14774751536939115, 160: 0.14516091913920987, 170: 0.14272818683884098, 180: 0.1408432343279487, 190: 0.13902427598239314, 200: 0.13735240602991092, 210: 0.13577383927334613, 220: 0.13434461159577918, 230: 0.13312285219089948, 240: 0.13196654002807887, 250: 0.1309119576878752, 260: 0.12997960081688803, 270: 0.12909562543645797, 280: 0.12825571530751184, 290: 0.12746017364714865, 300: 0.1267214205334099, 310: 0.12599168812284756, 320: 0.12538392683195126, 330: 0.12475585869106645, 340: 0.12423485005719082, 350: 0.12363413115166244, 360: 0.12327493940173742, 370: 0.12279859329285396, 380: 0.12239212842563171, 390: 0.12201485860043777, 400: 0.12165140397081267, 410: 0.12132311520251363, 420: 0.12094807023395897, 430: 0.12065010455499645, 440: 0.1202891044162836, 450: 0.11996011215006744, 460: 0.1197230656244582, 470: 0.11937509131421667, 480: 0.11915324983888438, 490: 0.11891904286500576, 500: 0.11867942143140771, 510: 0.11847239242265026, 520: 0.1182527381386016, 530: 0.11797440323359157, 540: 0.11779356490212156, 550: 0.1176142032757809, 560: 0.11740744368255093, 570: 0.11731740416395867, 580: 0.11717951131115907, 590: 0.11711033421737219, 600: 0.11700089286718207, 610: 0.11688159599492749, 620: 0.11679202379596867, 630: 0.11669338555658251, 640: 0.1166170874214886, 650: 0.11652399109350209, 660: 0.11640910590958216, 670: 0.11635890695247839, 680: 0.11626756049967968, 690: 0.1162005055560307, 700: 0.11605772704590891, 710: 0.11600406656056886, 720: 0.11591290086425196, 730: 0.11584505938323927, 740: 0.1158135767799237, 750: 0.1156952099520259, 760: 0.11567640702188545, 770: 0.11562937769678154, 780: 0.11557875930971113, 790: 0.11549637382697239, 800: 0.11544027564547413, 810: 0.11533530064444805, 820: 0.11529050107695664, 830: 0.11525444685834607, 840: 0.11518221489314184, 850: 0.1151383508721481, 860: 0.11509985056322367, 870: 0.11504322370455075, 880: 0.11497572120584695, 890: 0.11490942638260035, 900: 0.11483941561047536, 910: 0.11478139779558687, 920: 0.11470349904912451, 930: 0.11458676590684028, 940: 0.11451148481625191, 950: 0.11440819746380326, 960: 0.11435603814192685, 970: 0.11426759441644063, 980: 0.11418168770770232, 990: 0.11412144086979667, 1000: 0.11409888739062297, 1010: 0.11403418162770167, 1020: 0.11397857838254546, 1030: 0.11394680596216247, 1040: 0.11390686709623776, 1050: 0.11387877840606575, 1060: 0.11380197580488012, 1070: 0.11372652254381932, 1080: 0.1137069388056079, 1090: 0.11360336165751297, 1100: 0.11357805670238341, 1110: 0.11348787704817206, 1120: 0.11345411011887233, 1130: 0.11336818815780983, 1140: 0.11335535657241753, 1150: 0.11326371847432319, 1160: 0.11322371221329888, 1170: 0.11314880172488695, 1180: 0.11308039713323292, 1190: 0.1130631532199565, 1200: 0.11300631537939872, 1210: 0.11293532733367007, 1220: 0.11291355953782423, 1230: 0.11285552321317145, 1240: 0.11278676884346597, 1250: 0.11273864954941289, 1260: 0.11267041802097935, 1270: 0.11260449301189875, 1280: 0.11253557982577145, 1290: 0.11251307309521892, 1300: 0.11244587195074876, 1310: 0.11238583858464261, 1320: 0.11233445045617407, 1330: 0.11229052475725862, 1340: 0.11222276799953476, 1350: 0.11214536742075273, 1360: 0.1120659263537204, 1370: 0.11200395027834975, 1380: 0.11192905694785951, 1390: 0.11185114066312689, 1400: 0.11183913539569199, 1410: 0.11181841488214483, 1420: 0.11172036437352144, 1430: 0.1116339117677914, 1440: 0.11162989793825792, 1450: 0.1115687118579151, 1460: 0.11148000884324819, 1470: 0.11143335459777275, 1480: 0.11134134785502774, 1490: 0.11127892316824976, 1500: 0.11122378384414991, 1510: 0.11113234995523605, 1520: 0.11104744549876484, 1530: 0.1109967261604023, 1540: 0.11087954018196174, 1550: 0.1108288549042065, 1560: 0.11071324305546919, 1570: 0.11063670188766758, 1580: 0.11059045105401624, 1590: 0.11052024701768526, 1600: 0.11047889268864153, 1610: 0.1104274423652262, 1620: 0.11038841876485617, 1630: 0.11032835299213861, 1640: 0.11029097162110006, 1650: 0.11017688345750525, 1660: 0.11014693955062763, 1670: 0.1100802249654698, 1680: 0.11003754063631241, 1690: 0.10996528383148925, 1700: 0.10985604815322739, 1710: 0.10979749459010621, 1720: 0.1097708765699281, 1730: 0.10966307894425179, 1740: 0.10963981313478126, 1750: 0.10956195755900935, 1760: 0.1094820031409165, 1770: 0.10942036614659004, 1780: 0.10936755491989195, 1790: 0.10935124779807051, 1800: 0.10929410637658521, 1810: 0.10924942879635409, 1820: 0.10917995840096288, 1830: 0.10913201566837887, 1840: 0.10909694984654365, 1850: 0.10899350183408126, 1860: 0.10890138290690346, 1870: 0.10876265756725297, 1880: 0.10869599943491852, 1890: 0.10862564842335753, 1900: 0.10858234076364914, 1910: 0.10848668896460305, 1920: 0.10842646428388705, 1930: 0.10837014655575036, 1940: 0.10832343610943862, 1950: 0.10827462641441063, 1960: 0.10822656528141791, 1970: 0.10816355519371172, 1980: 0.10810373878790683, 1990: 0.10805639472830675}",1990,0.10805639472830675,0.01,0.1,0.01
concrete,noisyFCN,32,0.01,0.0005,"{0: 0.7118872911843739, 10: 0.21649710399249442, 20: 0.16697940644650483, 30: 0.14903193019093713, 40: 0.13909022577354757, 50: 0.13318100489516305, 60: 0.12894768948411378, 70: 0.126110672816491, 80: 0.12386734981802952, 90: 0.12231591814725555, 100: 0.12099695539340125, 110: 0.11958712120691187, 120: 0.11895919916277142, 130: 0.11824270160680159, 140: 0.1174149128774846, 150: 0.11669077923462201, 160: 0.1161137369323552, 170: 0.11530935079690843, 180: 0.11475375374450081, 190: 0.11444537732389488, 200: 0.11395742846599174, 210: 0.11361044333315698, 220: 0.11322120115238037, 230: 0.11283425532501667, 240: 0.11256486645614053, 250: 0.11245024484848634, 260: 0.11235935370644992, 270: 0.1117671477801806, 280: 0.11149084433483707, 290: 0.11130038331943534, 300: 0.11115037252808488, 310: 0.11108959152396972, 320: 0.11056788532103287, 330: 0.11056270272519883, 340: 0.11028682192788904, 350: 0.1100254054260712, 360: 0.10981548443447635, 370: 0.10963104427053545, 380: 0.10951797550347278, 390: 0.10928294362234611, 400: 0.10924104541865043, 410: 0.10892054401051751, 420: 0.10859234739598836, 430: 0.10839892729411985, 440: 0.1081514574927109, 450: 0.1077191727694347, 460: 0.10747574215976512, 470: 0.10707919843131448, 480: 0.1069691249642298, 490: 0.10677264002071252, 500: 0.10646365919491138, 510: 0.10639312622860812, 520: 0.10622462603404666, 530: 0.10596520409010024, 540: 0.10588900385739755, 550: 0.10555412636165344, 560: 0.10543361791392343, 570: 0.1053397951747586, 580: 0.10525297076980318, 590: 0.1049819019958322, 600: 0.10476672225008825, 610: 0.10464052650127602, 620: 0.10444382943157919, 630: 0.10410793269525302, 640: 0.10410479587025759, 650: 0.10384083424047108, 660: 0.10367550512545873, 670: 0.10357028943224253, 680: 0.10340729644248112, 690: 0.10348966336952961, 700: 0.10311494476597616, 710: 0.10304801521598413, 720: 0.10302189894257348, 730: 0.10276230926386579, 740: 0.10257846694822366, 750: 0.10250726987185825, 760: 0.10255636775991428, 770: 0.10221672349438038, 780: 0.10218453606294645, 790: 0.10197872447735146, 800: 0.10194932298639792, 810: 0.10189343264234216, 820: 0.10173592753735897, 830: 0.10170412099249085, 840: 0.10163259224039663, 850: 0.1014041367717258, 860: 0.10124300582473442, 870: 0.10092362414448022, 880: 0.1009321479134245, 890: 0.10098124588116267, 900: 0.10087822951519612, 910: 0.10081522801994221, 920: 0.10073002276359799, 930: 0.10056281253073229, 940: 0.10056935319389271, 950: 0.10037064491612155, 960: 0.10043987388401146, 970: 0.10039260596796837, 980: 0.10049187309588445}",950,0.10037064491612155,0.01,0.001,0.01
concrete,noisyFCN,32,0.01,0.0005,"{0: 0.720131627805834, 10: 0.2209061805586725, 20: 0.1709187192969294, 30: 0.1523223817266981, 40: 0.14302114603392563, 50: 0.13699337730683933, 60: 0.13325801854607625, 70: 0.13041103568404405, 80: 0.1283374999501004, 90: 0.12652593803103995, 100: 0.12497947919516324, 110: 0.12328638571890653, 120: 0.12265481681369536, 130: 0.12164056117644331, 140: 0.12079693418494526, 150: 0.12008242793188477, 160: 0.11956358703028161, 170: 0.11900756136364876, 180: 0.11837150266400902, 190: 0.1179382107811598, 200: 0.11787271475734659, 210: 0.11737442572691315, 220: 0.11715001361960846, 230: 0.11687415663392475, 240: 0.11645956432707028, 250: 0.11643939808605781, 260: 0.11618979087844217, 270: 0.11576227553899165, 280: 0.11547309497540645, 290: 0.11531119480398702, 300: 0.11496005913800253, 310: 0.11503963008412854, 320: 0.11478921746930104, 330: 0.11464026955195208, 340: 0.11436203843551218, 350: 0.11410040611328236, 360: 0.11392993025608356, 370: 0.11364760620256573, 380: 0.11346260445147024, 390: 0.11317304577372818, 400: 0.11301983339614279, 410: 0.11304017006723158, 420: 0.11287100267416886, 430: 0.11257309701384569, 440: 0.1123503887927585, 450: 0.11214027999355806, 460: 0.1118651311645795, 470: 0.11180405508784656, 480: 0.11179021591897462, 490: 0.11170070194660604, 500: 0.1115431199397366, 510: 0.1112743343141946, 520: 0.11118609690943737, 530: 0.11116559835006287, 540: 0.11100336110831983, 550: 0.11103402634406653, 560: 0.1109045938724557, 570: 0.11073313923452135, 580: 0.11083036618581192, 590: 0.11076015961793555, 600: 0.11062614491271339, 610: 0.11060282298957783, 620: 0.11047789463325948, 630: 0.110325982921646, 640: 0.1102462422262935, 650: 0.11025263930393517, 660: 0.11011485940733401, 670: 0.11004716647360735, 680: 0.1100042337887347, 690: 0.10989934964668549, 700: 0.10977592974713972, 710: 0.10995322054688436, 720: 0.1097176845580978, 730: 0.1097391056112466, 740: 0.10973734908835675, 750: 0.10950877237577661, 760: 0.10944233754940239, 770: 0.10948161975166046, 780: 0.10930619088890195, 790: 0.10922567397950758, 800: 0.10918260950041717, 810: 0.10919179396988812, 820: 0.1090876883975418, 830: 0.10913832185526998, 840: 0.10898989673585513, 850: 0.10888495805908024, 860: 0.10893785190610909, 870: 0.10886459092034821, 880: 0.10886575191904684, 890: 0.10871848387722167, 900: 0.10877709192561821, 910: 0.10858901568478507, 920: 0.10859138713289171, 930: 0.10846066112066319, 940: 0.10827741172244527, 950: 0.10825051946632966, 960: 0.10806799589541341, 970: 0.10827661716202322, 980: 0.1080149693417047, 990: 0.10804966185767828, 1000: 0.10792432399035734, 1010: 0.10772825286926732, 1020: 0.10774862365013833, 1030: 0.10788306006031485, 1040: 0.10781509831041118}",1010,0.10772825286926732,0.01,0.005,0.01
concrete,noisyFCN,32,0.01,0.0005,"{0: 0.716490286506729, 10: 0.22386381540092287, 20: 0.17601308890144116, 30: 0.15655834590494414, 40: 0.1460909233754948, 50: 0.1390803403108321, 60: 0.13397202066763278, 70: 0.13071282137292717, 80: 0.12823378063149127, 90: 0.12656511833149242, 100: 0.12522788296440576, 110: 0.12418079356363503, 120: 0.12297345155017163, 130: 0.12196571950064883, 140: 0.12108527279481654, 150: 0.12052833410474166, 160: 0.1198854251944371, 170: 0.11937507416169157, 180: 0.11878213141094247, 190: 0.11813396473483342, 200: 0.11750813726107237, 210: 0.11710482962506616, 220: 0.11649223008137319, 230: 0.11620282510222546, 240: 0.11587140045586508, 250: 0.11530784103961582, 260: 0.11489779414866515, 270: 0.1145129408960486, 280: 0.11432932227613173, 290: 0.1139473053847673, 300: 0.11378393299271905, 310: 0.11362758144323286, 320: 0.1133830443535658, 330: 0.11321237074909214, 340: 0.1129584766196394, 350: 0.11280983097752155, 360: 0.11243957332914305, 370: 0.11213348046385704, 380: 0.11197772777392215, 390: 0.11188403964775058, 400: 0.11158136242371483, 410: 0.11149993235640454, 420: 0.11142267432876056, 430: 0.11123181990541227, 440: 0.11101146471677711, 450: 0.11101507450864875, 460: 0.11088205809047595, 470: 0.11062161416734975, 480: 0.11051979472729911, 490: 0.11032406683821239, 500: 0.11024299208099589, 510: 0.1099935436791741, 520: 0.10985900778513394, 530: 0.10963858006231582, 540: 0.10957310066860604, 550: 0.10936803209615345, 560: 0.10935280710431221, 570: 0.10926812970844227, 580: 0.10905088458664533, 590: 0.10891752505293617, 600: 0.10888918047463858, 610: 0.10873358854989564, 620: 0.10855562140296456, 630: 0.10844943348607441, 640: 0.10833338367161446, 650: 0.10820805542027827, 660: 0.10803285203719923, 670: 0.10791454861886352, 680: 0.1078450174201266, 690: 0.10772605106410764, 700: 0.10753942915760888, 710: 0.10753405922802176, 720: 0.10740417860277654, 730: 0.10717746244510806, 740: 0.10725039741378181, 750: 0.1070962969744571, 760: 0.10713736447470548, 770: 0.10711133261808006, 780: 0.10704821734744932, 790: 0.10696615309899857, 800: 0.10699799959373668, 810: 0.10690660259147441, 820: 0.10694617716833696, 830: 0.1068794293414749, 840: 0.10680000605423716, 850: 0.10678195412808318, 860: 0.1067371359627201, 870: 0.10681631319224834, 880: 0.10658017267431052, 890: 0.10661739342256069, 900: 0.10648689590978208, 910: 0.10655852219074724, 920: 0.10637566396483362, 930: 0.10638254694943505, 940: 0.10631230340338553, 950: 0.10635875351239665, 960: 0.10625079588784239, 970: 0.10621328248199784, 980: 0.10628523796882153, 990: 0.10606226381332959, 1000: 0.1060115667108752, 1010: 0.10597569081056739, 1020: 0.10603164154926077, 1030: 0.10601265001763967, 1040: 0.10600579563886237}",1010,0.10597569081056739,0.01,0.01,0.01
concrete,noisyFCN,32,0.01,0.0005,"{0: 0.6937403004599428, 10: 0.2161689478549927, 20: 0.17004761803837415, 30: 0.15415986838864118, 40: 0.14513717122183228, 50: 0.139430627275619, 60: 0.135081390537272, 70: 0.1321652972751076, 80: 0.12985671897674173, 90: 0.12809920944400127, 100: 0.1269264753192597, 110: 0.12569340974984572, 120: 0.1252518130142823, 130: 0.12444986955388686, 140: 0.12377659922373443, 150: 0.12316774103831822, 160: 0.12255387259835855, 170: 0.12152707834267565, 180: 0.12097994702188772, 190: 0.12024750876882653, 200: 0.11968844349301266, 210: 0.11905180478401081, 220: 0.11874169634681275, 230: 0.1182987018073279, 240: 0.11779208698524031, 250: 0.11730801246003009, 260: 0.11677000499810233, 270: 0.11641291157953049, 280: 0.11611057754900618, 290: 0.11588169302909752, 300: 0.1153555944641255, 310: 0.11526832497123207, 320: 0.11498194172917828, 330: 0.11467526000662151, 340: 0.11446967048671011, 350: 0.11431041850984447, 360: 0.11401923635114102, 370: 0.11371089333722043, 380: 0.11345658566722894, 390: 0.11327224201418828, 400: 0.11305277409223344, 410: 0.11275622261755572, 420: 0.1126697771490193, 430: 0.11246460800595356, 440: 0.11227149649589967, 450: 0.11222038891461059, 460: 0.11209964692091509, 470: 0.11190397200848515, 480: 0.1118403847243001, 490: 0.11170158126187033, 500: 0.11145025881567623, 510: 0.11127155525583694, 520: 0.11118783300485069, 530: 0.11104804948324727, 540: 0.1108785520936173, 550: 0.11083536735819122, 560: 0.11063905236886021, 570: 0.1106140278471415, 580: 0.11039409893050692, 590: 0.11030677262641331, 600: 0.11004369814816176, 610: 0.10980113396122335, 620: 0.10965974973474753, 630: 0.10948589045314858, 640: 0.10929627905371933, 650: 0.109084179869303, 660: 0.10896085615901048, 670: 0.10878348260148754, 680: 0.1085138744812979, 690: 0.10826678503384568, 700: 0.1083465835711446, 710: 0.10834322406459498, 720: 0.1080583392130452, 730: 0.10784908315889588, 740: 0.10763356388672492, 750: 0.10738399886591561, 760: 0.1072586128170721, 770: 0.10720617262851681, 780: 0.1069781177115392, 790: 0.10679412730897213, 800: 0.10669278812806031, 810: 0.1067386361389405, 820: 0.1063820339904524, 830: 0.10643144646008325, 840: 0.10634394598481882, 850: 0.1061873081513162, 860: 0.10595075604232566, 870: 0.10592179830806263, 880: 0.10573125656977769, 890: 0.10560348359599478, 900: 0.10553239848115052, 910: 0.10532974769897532, 920: 0.10528898635338124, 930: 0.10499778826018218, 940: 0.10486759454524042, 950: 0.10487784821774153, 960: 0.10484990171091431, 970: 0.1047339949654436, 980: 0.10458235434455423, 990: 0.10458461515379676, 1000: 0.10453975907588171, 1010: 0.10444715204564008, 1020: 0.10443918122024072, 1030: 0.10439706505396722, 1040: 0.1043051226831923, 1050: 0.10418398271400844, 1060: 0.1040633417736995, 1070: 0.10417092455657033, 1080: 0.10411923895400714, 1090: 0.10412088821810746}",1060,0.1040633417736995,0.01,0.05,0.01
concrete,noisyFCN,32,0.01,0.0005,"{0: 0.7209570484141994, 10: 0.2198279523880325, 20: 0.1723841557906719, 30: 0.15435604419495913, 40: 0.14454177454631595, 50: 0.13853163487190506, 60: 0.1339869757031324, 70: 0.13083173650942595, 80: 0.12861623091365748, 90: 0.12673762476585215, 100: 0.12473706263467857, 110: 0.12333355398048804, 120: 0.1221182759659033, 130: 0.12113704278189566, 140: 0.12016944410597405, 150: 0.1193478885199393, 160: 0.1189269794889912, 170: 0.11844366221287386, 180: 0.1179719297818052, 190: 0.11733332507284763, 200: 0.11669686619349302, 210: 0.11614853246953871, 220: 0.11570760751719926, 230: 0.11533474152931134, 240: 0.11493890777136648, 250: 0.11479439641660834, 260: 0.11445782360672423, 270: 0.11439451879855445, 280: 0.1141847911395039, 290: 0.11396435007640193, 300: 0.1138490792268616, 310: 0.11352060386667365, 320: 0.11320479570040638, 330: 0.11313129462549534, 340: 0.1130597108310668, 350: 0.11277003574942934, 360: 0.1127360333364074, 370: 0.11237370463797144, 380: 0.11204022602287603, 390: 0.11187579846148657, 400: 0.11175325785991401, 410: 0.11164832532279198, 420: 0.1114277828279924, 430: 0.11145123240418857, 440: 0.11124422276170934, 450: 0.11115554874367786, 460: 0.11103082070698451, 470: 0.11098621434923772, 480: 0.11088903808755649, 490: 0.11076324443578589, 500: 0.11049795163802237, 510: 0.11043147344811263, 520: 0.11022978706931019, 530: 0.11038173230914214, 540: 0.1101491072246941, 550: 0.1100566288741293, 560: 0.10994827015690245, 570: 0.10973337263595768, 580: 0.10960608304730848, 590: 0.10936423088449376, 600: 0.10938874334559472, 610: 0.10917397157249853, 620: 0.10909986339581075, 630: 0.1088029388983714, 640: 0.10870901035319762, 650: 0.10846720093028331, 660: 0.10850390408543287, 670: 0.10834253860501256, 680: 0.10817738742401709, 690: 0.10828457098286282, 700: 0.10820865025646098, 710: 0.1080865553608997, 720: 0.10810845388568997, 730: 0.10781375645588964, 740: 0.10765760200581372, 750: 0.10768939672320177, 760: 0.10756523102163959, 770: 0.10757435891311959, 780: 0.10731980556631784, 790: 0.10733189166996407, 800: 0.10738646039187202, 810: 0.10713180003221046, 820: 0.10719801444111492, 830: 0.1070651492691225, 840: 0.10692917391894619, 850: 0.10688841018795484, 860: 0.10668677217983044, 870: 0.10675066844207089, 880: 0.10663977167030132, 890: 0.10671750814466016, 900: 0.10667948340271591, 910: 0.1067199785862027}",880,0.10663977167030132,0.01,0.1,0.01
concrete,noisyFCN,32,0.01,0.001,"{0: 0.5052521331519086, 10: 0.17334787183616748, 20: 0.14458601915937658, 30: 0.13331906929039464, 40: 0.12848108488314697, 50: 0.12533830094463014, 60: 0.1230177875282759, 70: 0.12149128222511771, 80: 0.12032402738190895, 90: 0.11932335678958839, 100: 0.11858197534857462, 110: 0.11742287106426533, 120: 0.11648598913403456, 130: 0.11576060188060015, 140: 0.11458221077985087, 150: 0.11396543000837829, 160: 0.11385539584357432, 170: 0.11347874660625867, 180: 0.11344175199904401, 190: 0.11309188386074323, 200: 0.11282507485721786, 210: 0.11258205152238554, 220: 0.11205230208294134, 230: 0.11160421138757348, 240: 0.1113257676057369, 250: 0.11098949405318574, 260: 0.11096398481315846, 270: 0.11063574734934814, 280: 0.11078938973755063, 290: 0.11051699989634316, 300: 0.11078014061306463, 310: 0.11040752970276942, 320: 0.11028236903420925, 330: 0.11032281935165436, 340: 0.11049239999312474, 350: 0.11004783965459992, 360: 0.10979112474436417, 370: 0.11036184098254904, 380: 0.10944136776244826, 390: 0.11004852610720764, 400: 0.11050316868108992, 410: 0.11003308947719166}",380,0.10944136776244826,0.01,0.001,0.01
concrete,noisyFCN,32,0.01,0.001,"{0: 0.5189566041461997, 10: 0.17570046459073413, 20: 0.14832411750787644, 30: 0.13840485333250968, 40: 0.1331408074122619, 50: 0.12992378460451223, 60: 0.12745094602802287, 70: 0.12626733523624875, 80: 0.12461820422110739, 90: 0.1233813432332043, 100: 0.1226514119066777, 110: 0.1216184438631236, 120: 0.12069173336029052, 130: 0.12056542816602867, 140: 0.1198708851826539, 150: 0.11973563498410575, 160: 0.11945403149231706, 170: 0.11912910606400975, 180: 0.11888780103036851, 190: 0.11856126753961653, 200: 0.11793076237642977, 210: 0.11765594825462464, 220: 0.11701506529837649, 230: 0.11649454308019817, 240: 0.11586850243888339, 250: 0.11555768351338347, 260: 0.1151006746186936, 270: 0.11460523910071571, 280: 0.11443672560860252, 290: 0.11397812584644984, 300: 0.11371588483937387, 310: 0.1130829390454473, 320: 0.1127880552721658, 330: 0.1128085984183917, 340: 0.11247226043373722, 350: 0.11194538836121692, 360: 0.11194386911068417, 370: 0.11179175847721426, 380: 0.11150593659956853, 390: 0.11148374562544772, 400: 0.11129545291226303, 410: 0.11114671637553994, 420: 0.1108249167602369, 430: 0.11053605565910021, 440: 0.11093550793710938, 450: 0.11067029675789568, 460: 0.110338059205449, 470: 0.1103629944732871, 480: 0.11030025199650398, 490: 0.1103808110629684, 500: 0.11010521671652837, 510: 0.11003882661467337, 520: 0.10999443131563007, 530: 0.10995157082853542, 540: 0.10992606091806603, 550: 0.10984811569198535, 560: 0.10971350889110557, 570: 0.10962204553891755, 580: 0.10957305361144383, 590: 0.10943617129719045, 600: 0.10945901781502294, 610: 0.10932105536179595, 620: 0.10966392239331317, 630: 0.10952245537133809, 640: 0.1092005908042633, 650: 0.10956926571347056, 660: 0.1094867518175798, 670: 0.10968429654423653}",640,0.1092005908042633,0.01,0.005,0.01
concrete,noisyFCN,32,0.01,0.001,"{0: 0.4959620756386653, 10: 0.1770207636961431, 20: 0.14922219919237664, 30: 0.13663032918551718, 40: 0.13024129208036905, 50: 0.12583981212462572, 60: 0.12303530796294024, 70: 0.12099726137679678, 80: 0.11985262043966864, 90: 0.11932315426463562, 100: 0.11858317600660913, 110: 0.11773112542877703, 120: 0.11687317009918882, 130: 0.11585746936654259, 140: 0.11531862685874006, 150: 0.11489442077610594, 160: 0.1142979216556349, 170: 0.11360501989325769, 180: 0.11311621197179259, 190: 0.11287208779214578, 200: 0.11260424051954185, 210: 0.1119168626219695, 220: 0.11167147739014623, 230: 0.11141573571439638, 240: 0.11106634898118109, 250: 0.11067189912012305, 260: 0.11029662321534364, 270: 0.10998774958274712, 280: 0.10984616892862478, 290: 0.10979378920155854, 300: 0.10957161730608275, 310: 0.10945954804173111, 320: 0.10935920440084565, 330: 0.10916079942998805, 340: 0.10922435949879361, 350: 0.10921234090632848, 360: 0.10897022839065666, 370: 0.10867782123177605, 380: 0.1090059952976434, 390: 0.10909068630384633, 400: 0.10879593192655468}",370,0.10867782123177605,0.01,0.01,0.01
concrete,noisyFCN,32,0.01,0.001,"{0: 0.5040157925849127, 10: 0.17561085720372396, 20: 0.14414800658084162, 30: 0.13205749014980336, 40: 0.12616777104278099, 50: 0.12240816583841796, 60: 0.12029131659999744, 70: 0.11881636238844853, 80: 0.11773353084112351, 90: 0.11714710778871336, 100: 0.11640630810632366, 110: 0.11585052387936197, 120: 0.11540080450612884, 130: 0.1151989920911464, 140: 0.11521070259516537, 150: 0.11469384360807917, 160: 0.11434070766456728, 170: 0.11376608523323373, 180: 0.11318542745308531, 190: 0.11228061618083773, 200: 0.11229966740606454, 210: 0.11180411288138899, 220: 0.1114188961355953, 230: 0.11122968225388155, 240: 0.11089650417527312, 250: 0.11063536748268037, 260: 0.11050032425525888, 270: 0.11022658129197223, 280: 0.11005144422715536, 290: 0.10969163947291975, 300: 0.10964773148468972, 310: 0.10943179744833369, 320: 0.10893353511487787, 330: 0.1091544276357512, 340: 0.10854107804106325, 350: 0.10881463708701569, 360: 0.10870077298919711, 370: 0.10857880239239333}",340,0.10854107804106325,0.01,0.05,0.01
concrete,noisyFCN,32,0.01,0.001,"{0: 0.5287157433833004, 10: 0.17838941330193414, 20: 0.15111192531768075, 30: 0.13983841116604148, 40: 0.1341567715361483, 50: 0.12983004464674947, 60: 0.12726182668938604, 70: 0.12523417451930371, 80: 0.12324817210386307, 90: 0.12221301624109501, 100: 0.1206275257283198, 110: 0.11993478533329342, 120: 0.1192772275137289, 130: 0.1182959709227834, 140: 0.11752656641931818, 150: 0.11681942406025798, 160: 0.11626087909466631, 170: 0.11528755874493476, 180: 0.11469942900966865, 190: 0.1143266622886249, 200: 0.1141122345055859, 210: 0.11348864371418206, 220: 0.11306074333533436, 230: 0.11274725097268049, 240: 0.11263698104947958, 250: 0.11204644152728038, 260: 0.11189159681157368, 270: 0.11103330603729815, 280: 0.11103840246251444, 290: 0.11087665903264299, 300: 0.11071842419384192, 310: 0.11040712709354854, 320: 0.11034704951658922, 330: 0.11024648395605821, 340: 0.10981097268385306, 350: 0.10942825569683812, 360: 0.10947478556673747, 370: 0.10912898622651454, 380: 0.10858231354116601, 390: 0.10857940457838382, 400: 0.10832437729469864, 410: 0.10817217909680724, 420: 0.10748045784996027, 430: 0.10792338856175838, 440: 0.10784699734446301, 450: 0.1079228423618975}",420,0.10748045784996027,0.01,0.1,0.01
concrete,noisyFCN,32,0.01,0.002,"{0: 0.40248770742374973, 10: 0.1550094872314403, 20: 0.1361846809688314, 30: 0.1282222009898994, 40: 0.12451331437173721, 50: 0.1226453495318041, 60: 0.12167375127502, 70: 0.12052844659435644, 80: 0.11942958531335426, 90: 0.11884794343474918, 100: 0.11702972131845298, 110: 0.11668609975088946, 120: 0.11602542428934433, 130: 0.11600699265957629, 140: 0.11509237322683741, 150: 0.11444356527099633, 160: 0.11371669467221959, 170: 0.11420433407430505, 180: 0.1136385360687795, 190: 0.11303983274778436, 200: 0.11340389507159823, 210: 0.11391709524336913, 220: 0.11310144352663998}",190,0.11303983274778436,0.01,0.001,0.01
concrete,noisyFCN,32,0.01,0.002,"{0: 0.409114637560344, 10: 0.15645048257693134, 20: 0.13813404326417317, 30: 0.13148053950366495, 40: 0.12819223431805638, 50: 0.12627164249828104, 60: 0.12442761648118672, 70: 0.1240905921391906, 80: 0.12325000652711608, 90: 0.1223699210216866, 100: 0.12206822608841936, 110: 0.12129052492429922, 120: 0.12065456442947926, 130: 0.12049828779984868, 140: 0.11800530339952582, 150: 0.11726338224654849, 160: 0.11747194333416351, 170: 0.1174427175638593, 180: 0.11540658095525269, 190: 0.11562644920384142, 200: 0.11591215321864363, 210: 0.11508912244210046, 220: 0.115031481727363, 230: 0.11585076542399102, 240: 0.11529669951226258, 250: 0.11549892038784244}",220,0.115031481727363,0.01,0.005,0.01
concrete,noisyFCN,32,0.01,0.002,"{0: 0.4064305629224929, 10: 0.15540334673409803, 20: 0.1374921102718301, 30: 0.13144566719097422, 40: 0.12825813028573196, 50: 0.12622959929351135, 60: 0.12406189557732099, 70: 0.12317007234236069, 80: 0.12180893809814763, 90: 0.12095244421706937, 100: 0.11934221098831381, 110: 0.11791112250362779, 120: 0.1174919662546127, 130: 0.11735295006301852, 140: 0.11660946434060855, 150: 0.11589283441072942, 160: 0.11562571314350045, 170: 0.11503569578241175, 180: 0.1141971258908725, 190: 0.11293498331618942, 200: 0.11313294201954396, 210: 0.11240425527506046, 220: 0.11205326314759492, 230: 0.11208023233467221, 240: 0.11235974394944163, 250: 0.11209668518343482}",220,0.11205326314759492,0.01,0.01,0.01
concrete,noisyFCN,32,0.01,0.002,"{0: 0.40633589236540696, 10: 0.15634216203173265, 20: 0.14011024526409194, 30: 0.13486613995803787, 40: 0.13159143560047687, 50: 0.1293028913529181, 60: 0.12781099425120784, 70: 0.12675268211048882, 80: 0.12731508949899553, 90: 0.12611063240603965, 100: 0.12424045777921644, 110: 0.12013802472471706, 120: 0.1191128551979265, 130: 0.11793466514726744, 140: 0.11757048496683262, 150: 0.11707953118448644, 160: 0.11724648870175317, 170: 0.11588162162896665, 180: 0.11551466288126273, 190: 0.11517249773843634, 200: 0.11545895724569041, 210: 0.1150372945687459, 220: 0.1153318253605016, 230: 0.11644594122420966, 240: 0.11795990305697353}",210,0.1150372945687459,0.01,0.05,0.01
concrete,noisyFCN,32,0.01,0.002,"{0: 0.4083071970492491, 10: 0.1550734012737507, 20: 0.13829035221098618, 30: 0.13334894429239758, 40: 0.13031361769920619, 50: 0.12868436116672893, 60: 0.1279751200496831, 70: 0.1266570246706153, 80: 0.12527331631173602, 90: 0.12407821763626245, 100: 0.1228464146086317, 110: 0.12201087278629882, 120: 0.12130266869878459, 130: 0.120717294331026, 140: 0.1202124872322539, 150: 0.119817272818235, 160: 0.11914972248012909, 170: 0.11915566569146012, 180: 0.11688209854104918, 190: 0.1157959657798453, 200: 0.11731177928430048, 210: 0.11653589824857487, 220: 0.1163235253478756}",190,0.1157959657798453,0.01,0.1,0.01
concrete,noisyFCN,32,0.001,0.0001,"{0: 0.9111634056619249, 10: 0.43733357650521765, 20: 0.3235632157847781, 30: 0.2629937777089483, 40: 0.2264575178417909, 50: 0.20412044043386324, 60: 0.1897307722262779, 70: 0.17917219912519036, 80: 0.1710341507989393, 90: 0.16405102478294836, 100: 0.15792808642408537, 110: 0.1526664494076043, 120: 0.1479537832505687, 130: 0.14373535584760258, 140: 0.14012244503193447, 150: 0.13704234942424898, 160: 0.13440618924961784, 170: 0.1320514097031693, 180: 0.12991804964080486, 190: 0.12794370120816642, 200: 0.12618877373591716, 210: 0.12461686881403636, 220: 0.12320790142404618, 230: 0.1220396691242182, 240: 0.120869955220628, 250: 0.11985183824687998, 260: 0.11900545061179776, 270: 0.11812591857850244, 280: 0.11733900326106586, 290: 0.1166674323520139, 300: 0.11603240245894006, 310: 0.11547236063200308, 320: 0.11491638832471587, 330: 0.11438535944899408, 340: 0.11388786706341056, 350: 0.1134623908230323, 360: 0.11295819990524122, 370: 0.11252821496933567, 380: 0.1122014127643359, 390: 0.11187390688823293, 400: 0.11156107535209928, 410: 0.11123808747469961, 420: 0.11098378999330824, 430: 0.11077437432335535, 440: 0.110559665082905, 450: 0.11030622287188756, 460: 0.1100596811321164, 470: 0.10981618760598319, 480: 0.1095788572772963, 490: 0.10938522657292778, 500: 0.10919026759358814, 510: 0.10896582661586189, 520: 0.10881584727155089, 530: 0.10867007490101561, 540: 0.10853700796113311, 550: 0.10831830240631887, 560: 0.10821023549160425, 570: 0.10801255341363192, 580: 0.10792208718206164, 590: 0.10783566110199545, 600: 0.10775715363682066, 610: 0.10763156792926769, 620: 0.10756286173183346, 630: 0.10746371795106005, 640: 0.10743683411547719, 650: 0.10746818152027093, 660: 0.10736458854996225, 670: 0.10731062555436462, 680: 0.10727166325779022, 690: 0.1072178759694606, 700: 0.10714972021249558, 710: 0.10708716841583903, 720: 0.10707985031598159, 730: 0.10706663396757396, 740: 0.10699144752072523, 750: 0.10694845681818696, 760: 0.10692734068894245, 770: 0.10692779645147539, 780: 0.10684989565899436, 790: 0.10683204757207998, 800: 0.10685303643307284, 810: 0.10684401045650442, 820: 0.1068248932093316, 830: 0.10683666991327352, 840: 0.10682855073310275, 850: 0.10673948843893921, 860: 0.10673082022465825, 870: 0.10675595032749181, 880: 0.10672719215755322, 890: 0.10664410211498307, 900: 0.10668125522280962, 910: 0.1066227179273952, 920: 0.10669090021844933, 930: 0.10656689376520037, 940: 0.10657751731100959, 950: 0.10655175867747221, 960: 0.1065676449913826, 970: 0.10657578194226192, 980: 0.10654567332094411, 990: 0.10646208834087548, 1000: 0.10641325663596238, 1010: 0.10639841399734448, 1020: 0.1063827063992939, 1030: 0.10639196891940617, 1040: 0.10632220248227109, 1050: 0.1062679242964969, 1060: 0.10620570045286695, 1070: 0.10627857913733278, 1080: 0.10621137913027386, 1090: 0.10615211287187103, 1100: 0.10616401813902285, 1110: 0.10610292751873455, 1120: 0.10614895164212164, 1130: 0.10608498364808114, 1140: 0.10608275863989713, 1150: 0.10603833908753446, 1160: 0.10601787670538192, 1170: 0.1060102826111839, 1180: 0.10597050684458094, 1190: 0.10591901259170537, 1200: 0.10593527142500885, 1210: 0.10591367996683936, 1220: 0.10583594823574147, 1230: 0.10573688569757467, 1240: 0.10577800264418213, 1250: 0.10579651498031324, 1260: 0.10575050797784276}",1230,0.10573688569757467,0.01,0.001,0.01
concrete,noisyFCN,32,0.001,0.0001,"{0: 0.9504759899598973, 10: 0.4741835464077885, 20: 0.34741954597603897, 30: 0.28048645868820343, 40: 0.23610430446989605, 50: 0.20818148136920872, 60: 0.19019892991976833, 70: 0.17774137326812883, 80: 0.16824547476752633, 90: 0.1603696845108416, 100: 0.15356295346497872, 110: 0.1477936192428458, 120: 0.14277840189112617, 130: 0.1384334176854786, 140: 0.13457954401402278, 150: 0.13126641653731455, 160: 0.12838986003412112, 170: 0.12589968990025174, 180: 0.12374378361248432, 190: 0.12174625483398646, 200: 0.11996477259649274, 210: 0.11836656450580996, 220: 0.11694171489959107, 230: 0.11574814646092506, 240: 0.11466019800016816, 250: 0.113636437533678, 260: 0.11260300830755512, 270: 0.11172322459882353, 280: 0.11089581252267777, 290: 0.1101569727267478, 300: 0.10941190477430336, 310: 0.1086797152652907, 320: 0.10810671731009143, 330: 0.10748059320167887, 340: 0.10694617239770762, 350: 0.10637508513112685, 360: 0.10594480997040945, 370: 0.10552018720466652, 380: 0.10510952927519109, 390: 0.10465567262907956, 400: 0.10427714794400615, 410: 0.1038890875787292, 420: 0.10352739103044832, 430: 0.10316700658458786, 440: 0.10287509490104621, 450: 0.1025873146362531, 460: 0.10228673984227096, 470: 0.10201209159461948, 480: 0.10182462465378724, 490: 0.10160015256016763, 500: 0.10141430999491714, 510: 0.10126175470551076, 520: 0.10109782922949644, 530: 0.10090222001262972, 540: 0.10075436515470655, 550: 0.10064793463452207, 560: 0.10054351608299891, 570: 0.10037652706354305, 580: 0.10021501183195944, 590: 0.10009917370292185, 600: 0.10001294673788749, 610: 0.0999767955630489, 620: 0.099843425544451, 630: 0.09973792241323196, 640: 0.09961551542606559, 650: 0.09949942366698453, 660: 0.09942291424388763, 670: 0.09931886443228125, 680: 0.09925749776710074, 690: 0.09917740889774679, 700: 0.09909948783401464, 710: 0.0990573536278095, 720: 0.09898693921588256, 730: 0.09892011140216436, 740: 0.0989547828746807, 750: 0.09884782803054218, 760: 0.09886709064426945, 770: 0.0987918347744746, 780: 0.09878670168761094, 790: 0.09868987057735237, 800: 0.09871862432408007, 810: 0.09871557585977664, 820: 0.09870632448651485}",790,0.09868987057735237,0.01,0.005,0.01
concrete,noisyFCN,32,0.001,0.0001,"{0: 0.9430176707470057, 10: 0.4730171074734207, 20: 0.3383612469022616, 30: 0.27155236018063045, 40: 0.23084221091162735, 50: 0.20631177871064707, 60: 0.18990738987036088, 70: 0.1778985076165825, 80: 0.1684903041178089, 90: 0.1607175372016712, 100: 0.15436776749773196, 110: 0.14893361098871613, 120: 0.1443085344360435, 130: 0.14046040654804692, 140: 0.13697484914315292, 150: 0.13392092886731216, 160: 0.13140529685664074, 170: 0.1291757317228795, 180: 0.12721233643629953, 190: 0.12535424492614453, 200: 0.12369511013582117, 210: 0.12219422315767055, 220: 0.12080370678605631, 230: 0.11955011931932906, 240: 0.11842212627909621, 250: 0.11740255847600814, 260: 0.11653105823869672, 270: 0.11572871263858264, 280: 0.11496125480926926, 290: 0.11418631955265382, 300: 0.11359914561266908, 310: 0.11298120864952658, 320: 0.11254053251282295, 330: 0.1120339429626862, 340: 0.11158696687648847, 350: 0.11121336744689359, 360: 0.11086212222532528, 370: 0.11052288274355755, 380: 0.1102108716672866, 390: 0.10996495977539711, 400: 0.10975143858594358, 410: 0.10949578588504924, 420: 0.1092676988186787, 430: 0.10907907215978865, 440: 0.1089260121011461, 450: 0.10877517183930101, 460: 0.10864834187773978, 470: 0.10849324112974179, 480: 0.10831300805849405, 490: 0.10822425119650425, 500: 0.10805989637519373, 510: 0.1079317952648455, 520: 0.10776978303305942, 530: 0.10758418134447387, 540: 0.10751416428434521, 550: 0.1074395006697925, 560: 0.10732417516525991, 570: 0.10720745419396441, 580: 0.10715955508004185, 590: 0.10702195479628869, 600: 0.10692141067558805, 610: 0.10686225493892158, 620: 0.10678184509706867, 630: 0.10666872570901029, 640: 0.1065440314627099, 650: 0.10635911562512383, 660: 0.10628330512337128, 670: 0.10620386193526384, 680: 0.10614383103577893, 690: 0.10605645653898418, 700: 0.1059406951344066, 710: 0.10587246331433764, 720: 0.10574073550486159, 730: 0.10573655071506567, 740: 0.10561184298194784, 750: 0.10555399485852043, 760: 0.10550821978056421, 770: 0.10543996808666348, 780: 0.10538730967236465, 790: 0.10534575208195562, 800: 0.10519564700001097, 810: 0.1051177988448631, 820: 0.10506124923813809, 830: 0.10496086566153492, 840: 0.10487512061629838, 850: 0.1048812558352727, 860: 0.10472230493295483, 870: 0.10464594088313055, 880: 0.10457877340179325, 890: 0.10462332192838678, 900: 0.1044568347572972, 910: 0.1043805893631177, 920: 0.10429807283980971, 930: 0.10422230831733563, 940: 0.10416323114282892, 950: 0.10406727082184834, 960: 0.10403529622492222, 970: 0.10395163935308357, 980: 0.10386045724726216, 990: 0.10374787229199325, 1000: 0.10382915160272485, 1010: 0.10371391716466202, 1020: 0.10370727482855498, 1030: 0.10368375168820046, 1040: 0.10367059273751286, 1050: 0.10369940798958185, 1060: 0.1037277502349061, 1070: 0.10368276604445045}",1040,0.10367059273751286,0.01,0.01,0.01
concrete,noisyFCN,32,0.001,0.0001,"{0: 0.9545900739834032, 10: 0.4691562558511232, 20: 0.341965015324415, 30: 0.27595541258708073, 40: 0.23385621781150498, 50: 0.20823865224565302, 60: 0.19124190207903946, 70: 0.17899356554744866, 80: 0.1696562292700508, 90: 0.16163499288673938, 100: 0.15479870690166378, 110: 0.14916141330270705, 120: 0.144305758197838, 130: 0.1403351631453323, 140: 0.13692898739512022, 150: 0.13407443534023922, 160: 0.1314480034734418, 170: 0.12898139620600413, 180: 0.12689742064815226, 190: 0.12522231714963822, 200: 0.12368939095170561, 210: 0.12234919475302024, 220: 0.12114223414736043, 230: 0.12004754321656555, 240: 0.1191034756432076, 250: 0.11821634510073586, 260: 0.11742097208005184, 270: 0.11668506860366837, 280: 0.11591486093031307, 290: 0.115329956193341, 300: 0.11468958289931745, 310: 0.11424237312766924, 320: 0.11371840109810485, 330: 0.11326054554768542, 340: 0.1129129652323233, 350: 0.11256081839025307, 360: 0.1122952828753715, 370: 0.11202406003184655, 380: 0.11177806105536284, 390: 0.11157350574660678, 400: 0.11132312928397328, 410: 0.11111872035211552, 420: 0.11093957028569927, 430: 0.1107737854399002, 440: 0.11052301093385294, 450: 0.1104400652766514, 460: 0.11030029777957832, 470: 0.11016702487712338, 480: 0.11004544529196561, 490: 0.10992340288819513, 500: 0.10977961832876348, 510: 0.10968052455504249, 520: 0.10955642149392006, 530: 0.10944604793077517, 540: 0.10932552708165563, 550: 0.10926586809714722, 560: 0.10916360172171198, 570: 0.10904344469639256, 580: 0.10898528105816793, 590: 0.1089690268288056, 600: 0.10888934372699181, 610: 0.10886019877924227, 620: 0.10879971730256424, 630: 0.10874691271409669, 640: 0.10870689288684816, 650: 0.10868314815587407, 660: 0.10867770866826121, 670: 0.10853797706420872, 680: 0.10858830640085608, 690: 0.10843636193328536, 700: 0.10835438328974792, 710: 0.10824370105185732, 720: 0.10823390225343632, 730: 0.10812341378334049, 740: 0.10805347955158613, 750: 0.1079237582759776, 760: 0.10783098856035375, 770: 0.1077672470266279, 780: 0.107639077196871, 790: 0.10760946393552658, 800: 0.10760031675838666, 810: 0.10751939503224091, 820: 0.10744556440416302, 830: 0.10733180001295459, 840: 0.10729216392205014, 850: 0.1072233137527463, 860: 0.10724024161624848, 870: 0.10720357982211877, 880: 0.1071835097412841, 890: 0.10716127956571045, 900: 0.10713481996954588, 910: 0.10713861526055461, 920: 0.10704350121065986, 930: 0.10706985417161485, 940: 0.10706662738308895, 950: 0.10706119307574966}",920,0.10704350121065986,0.01,0.05,0.01
concrete,noisyFCN,32,0.001,0.0001,"{0: 0.935000879014763, 10: 0.4560582153156608, 20: 0.33936879557873345, 30: 0.27671166982912, 40: 0.23481566377914756, 50: 0.21014343004588362, 60: 0.19297197663841298, 70: 0.18146056018092419, 80: 0.17284365615852215, 90: 0.1656195331977767, 100: 0.15891398856288314, 110: 0.1538252070227862, 120: 0.14893852814183972, 130: 0.14534245611525692, 140: 0.14193762420374467, 150: 0.1390392744241603, 160: 0.1364072255945523, 170: 0.13416586944782463, 180: 0.13200690995199715, 190: 0.13009712953888655, 200: 0.1284602530274185, 210: 0.1269810670004099, 220: 0.1256858587140563, 230: 0.12448432879146609, 240: 0.12344419641256421, 250: 0.12245814589366417, 260: 0.12167163663675233, 270: 0.12089930625344678, 280: 0.12009386627126076, 290: 0.11942130755481681, 300: 0.11879974947855461, 310: 0.11822551622491191, 320: 0.11777310832255608, 330: 0.11740189618310573, 340: 0.1170086024970323, 350: 0.11665169349288554, 360: 0.11631418684303363, 370: 0.11604184924047345, 380: 0.11587306435570308, 390: 0.11568168758619124, 400: 0.11545015870434483, 410: 0.11523024982828523, 420: 0.11503459697122584, 430: 0.11493154648721701, 440: 0.11474697276498333, 450: 0.1145517087371501, 460: 0.11436940914885871, 470: 0.11414764039157851, 480: 0.11394336490964149, 490: 0.1138233132470958, 500: 0.1135981934735137, 510: 0.11354675485967973, 520: 0.11330591860968627, 530: 0.11327583578103398, 540: 0.1131844146875699, 550: 0.11299056912704213, 560: 0.11284306868558361, 570: 0.11273672677207594, 580: 0.1126646499407353, 590: 0.11248673222094488, 600: 0.11239205972858032, 610: 0.11230440457672959, 620: 0.11227266511440012, 630: 0.11220109914002027, 640: 0.11220066611348745, 650: 0.11208761365069606, 660: 0.11207700102287843, 670: 0.11204642536844137, 680: 0.11205668086278289, 690: 0.1120283554610022, 700: 0.11201421171250558, 710: 0.11194807233794124, 720: 0.11189602603118506, 730: 0.11184673675764781, 740: 0.11177245422823293, 750: 0.11183399134347902, 760: 0.11177221093929793, 770: 0.1118127871437462, 780: 0.11176657730783698, 790: 0.11181459859288893, 800: 0.11179878063637597, 810: 0.11179746157402297}",780,0.11176657730783698,0.01,0.1,0.01
concrete,noisyFCN,32,0.001,0.0005,"{0: 0.692479143606145, 10: 0.20437604463781062, 20: 0.1549302075051063, 30: 0.1340084675782624, 40: 0.12362911259514572, 50: 0.11788665403184499, 60: 0.1151963554238467, 70: 0.11353691468611415, 80: 0.11260381475671939, 90: 0.11208785301436452, 100: 0.11213316463236886, 110: 0.11189727633376519, 120: 0.11216063815136683, 130: 0.11220578373257684, 140: 0.11210529911026898}",110,0.11189727633376519,0.01,0.001,0.01
concrete,noisyFCN,32,0.001,0.0005,"{0: 0.6942133497936323, 10: 0.20696416661506745, 20: 0.15771483728512076, 30: 0.1391603775591165, 40: 0.13068018597371034, 50: 0.12532252541044556, 60: 0.12141227429629428, 70: 0.11814588182192112, 80: 0.11532536312833108, 90: 0.11393487519965247, 100: 0.11270221904437805, 110: 0.11215716679125518, 120: 0.11132471055238446, 130: 0.11094750513726706, 140: 0.1108663426619367, 150: 0.11057272372741171, 160: 0.11021421853108752, 170: 0.1096461231607864, 180: 0.1098434413798258, 190: 0.10965585302790051, 200: 0.10960652779102194, 210: 0.10928759668157309, 220: 0.10911043889005582, 230: 0.10913244092604317, 240: 0.10853537659736934, 250: 0.10855340757423079, 260: 0.10853818193391922, 270: 0.10832583641243794, 280: 0.10824074927213582, 290: 0.10842605657154158, 300: 0.10815704550877688, 310: 0.10826915136550148, 320: 0.10852668346549436, 330: 0.10811606162788687, 340: 0.10830490088394547, 350: 0.10878668642355746, 360: 0.10895185415794781}",330,0.10811606162788687,0.01,0.005,0.01
concrete,noisyFCN,32,0.001,0.0005,"{0: 0.7265633978662188, 10: 0.21550882762613247, 20: 0.16182543997269425, 30: 0.1418292605737052, 40: 0.13220579283134373, 50: 0.12674225287361887, 60: 0.12277404239251163, 70: 0.12008763097358781, 80: 0.11782708900397629, 90: 0.11608664330951346, 100: 0.114775984864916, 110: 0.11384143993272242, 120: 0.11364342933855207, 130: 0.11308505835998679, 140: 0.11293952460342252, 150: 0.11232921201337875, 160: 0.11188204052093312, 170: 0.1113737340684614, 180: 0.11158585814219477, 190: 0.11145739088556335, 200: 0.11132384506253153, 210: 0.11091830577954638, 220: 0.11114296403604078, 230: 0.11129772759354498, 240: 0.11124271227443332}",210,0.11091830577954638,0.01,0.01,0.01
concrete,noisyFCN,32,0.001,0.0005,"{0: 0.7393920736205375, 10: 0.2109759607234886, 20: 0.1583873334221944, 30: 0.13614323424273128, 40: 0.12603727761416503, 50: 0.12042845934648713, 60: 0.11726347290676056, 70: 0.11472839758199338, 80: 0.11274835024108865, 90: 0.11096733034557422, 100: 0.10975302883880234, 110: 0.10890963398304225, 120: 0.10779975933304328, 130: 0.10735443134772187, 140: 0.10665734861269098, 150: 0.10650081065055932, 160: 0.10611944676796765, 170: 0.10636432279319159, 180: 0.10616407407940547, 190: 0.10597256167136485, 200: 0.10568616180298665, 210: 0.10525259890168884, 220: 0.10528627358984095, 230: 0.10511703095513796, 240: 0.10491318369545839, 250: 0.10470072161380121, 260: 0.10474449887388529, 270: 0.10403983699811756, 280: 0.10350020246291829, 290: 0.10383013807787131, 300: 0.10363961470418688, 310: 0.1041576755901968}",280,0.10350020246291829,0.01,0.05,0.01
concrete,noisyFCN,32,0.001,0.0005,"{0: 0.6984858988261804, 10: 0.21021448611530302, 20: 0.1616550284769477, 30: 0.14288592669592465, 40: 0.1328613879650567, 50: 0.12547072514241833, 60: 0.1210693008208982, 70: 0.11756187848709605, 80: 0.11528258550470227, 90: 0.11397912705277216, 100: 0.11269542752947528, 110: 0.11208973792204682, 120: 0.11132375014669153, 130: 0.111144498002723, 140: 0.11064611252400051, 150: 0.11018908195800567, 160: 0.11008385136613383, 170: 0.10996817298748388, 180: 0.10974788237564095, 190: 0.10955844372777986, 200: 0.109200077244994, 210: 0.10880774928522567, 220: 0.10834553078428207, 230: 0.10835959760867286, 240: 0.10812435266875, 250: 0.10770560583318614, 260: 0.10757916318152186, 270: 0.1072995539581443, 280: 0.10737869032195384, 290: 0.10751617236144109, 300: 0.10717529229965703, 310: 0.10761672518114887, 320: 0.10711810583701661, 330: 0.10696100366664589, 340: 0.10684820085634524, 350: 0.10668531054786441, 360: 0.10649155099859017, 370: 0.10685618792290896, 380: 0.10647909234460315, 390: 0.1062508928028802, 400: 0.10599699900641828, 410: 0.1052685920309058, 420: 0.10583148844680541, 430: 0.1058615406754331, 440: 0.10630994045813702}",410,0.1052685920309058,0.01,0.1,0.01
concrete,noisyFCN,32,0.001,0.001,"{0: 0.5128036498847223, 10: 0.16864107133411782, 20: 0.1371634300995318, 30: 0.12707178525946047, 40: 0.123025946002192, 50: 0.12074785323586405, 60: 0.11907798590473088, 70: 0.11727518992601767, 80: 0.11691489986029054, 90: 0.1164800690826516, 100: 0.11719533129684015, 110: 0.11705162823822483, 120: 0.11647850189883886, 130: 0.11579044864264491, 140: 0.11612041346888498, 150: 0.1174449228492606, 160: 0.1186395542293853}",130,0.11579044864264491,0.01,0.001,0.01
concrete,noisyFCN,32,0.001,0.001,"{0: 0.5223199367976946, 10: 0.16875085532709305, 20: 0.13456103900473645, 30: 0.12272374600596059, 40: 0.11992874484002614, 50: 0.11933624583354988, 60: 0.11942393171736601, 70: 0.11861033091000824, 80: 0.11641752864848835, 90: 0.11607367910841218, 100: 0.11415687252923637, 110: 0.11383296075594354, 120: 0.11308198113547856, 130: 0.11300611336370663, 140: 0.11268724623299357, 150: 0.11068113396223704, 160: 0.11114706751380421, 170: 0.11296420483388067, 180: 0.11235705909018419}",150,0.11068113396223704,0.01,0.005,0.01
concrete,noisyFCN,32,0.001,0.001,"{0: 0.487978128773234, 10: 0.16624470736393643, 20: 0.1347270470248853, 30: 0.12105379144626024, 40: 0.11523872010744365, 50: 0.1128577861441086, 60: 0.11115999391594322, 70: 0.11069932248702179, 80: 0.1109703890783251, 90: 0.10948779948565115, 100: 0.10868503018862623, 110: 0.10882916377324554, 120: 0.10910857611324112, 130: 0.1065815349343919, 140: 0.10364563793855315, 150: 0.10416180870729082, 160: 0.10901044883775605, 170: 0.10891850817678753}",140,0.10364563793855315,0.01,0.01,0.01
concrete,noisyFCN,32,0.001,0.001,"{0: 0.5019056409659072, 10: 0.1670826721109907, 20: 0.13315333728542922, 30: 0.1231849481301838, 40: 0.11943166567124179, 50: 0.11778423033153577, 60: 0.116288416800306, 70: 0.11577891638850779, 80: 0.11610391812535321, 90: 0.11553977339573243, 100: 0.11518641248125108, 110: 0.11408302178734422, 120: 0.11415431748880163, 130: 0.11428228387448054, 140: 0.11520991576996584}",110,0.11408302178734422,0.01,0.05,0.01
concrete,noisyFCN,32,0.001,0.001,"{0: 0.5234221038647431, 10: 0.17245286292386158, 20: 0.13412662014772694, 30: 0.12288410811355313, 40: 0.11881625406020055, 50: 0.11698597722157493, 60: 0.11650461470968443, 70: 0.11600482207562579, 80: 0.11400950088100308, 90: 0.11286073729351813, 100: 0.11211291126452567, 110: 0.11028306763200672, 120: 0.10841964069115106, 130: 0.1074938143704414, 140: 0.10812691758203004, 150: 0.10751757771118164, 160: 0.10839103995878126}",130,0.1074938143704414,0.01,0.1,0.01
concrete,noisyFCN,32,0.001,0.002,"{0: 0.4136402777562032, 10: 0.15364561912368951, 20: 0.13754364674972855, 30: 0.13460086698294876, 40: 0.1301416914074159, 50: 0.12991943219515542, 60: 0.13468588107358456, 70: 0.1389974618827028, 80: 0.12650665564695202, 90: 0.11621092910050287, 100: 0.11470547092721935, 110: 0.11428354435855712, 120: 0.11372248607005508, 130: 0.11227183469041839, 140: 0.10824692315020697, 150: 0.11136915704737922, 160: 0.11348355228258936, 170: 0.12064611233275242}",140,0.10824692315020697,0.01,0.001,0.01
concrete,noisyFCN,32,0.001,0.002,"{0: 0.4314059972000933, 10: 0.14664683855029273, 20: 0.12435097582770424, 30: 0.12079599592507062, 40: 0.1210202360488557, 50: 0.1199293541026089, 60: 0.11823322033329267, 70: 0.11151673102056152, 80: 0.11287452365043907, 90: 0.1127664208943568, 100: 0.11300575853583554}",70,0.11151673102056152,0.01,0.005,0.01
concrete,noisyFCN,32,0.001,0.002,"{0: 0.4148058099631724, 10: 0.14616082806583477, 20: 0.1243393802326737, 30: 0.11787614158928086, 40: 0.11786889178063018, 50: 0.11696066859831478, 60: 0.12112358081295635, 70: 0.12047119148909849, 80: 0.11780900054164534}",50,0.11696066859831478,0.01,0.01,0.01
concrete,noisyFCN,32,0.001,0.002,"{0: 0.41691169965073344, 10: 0.14023230993507618, 20: 0.12447985150357081, 30: 0.12355084271045609, 40: 0.12323755936995864, 50: 0.1216704375930103, 60: 0.12112401078725668, 70: 0.125107349098384, 80: 0.12764574374609847, 90: 0.1310219789222048}",60,0.12112401078725668,0.01,0.05,0.01
concrete,noisyFCN,32,0.001,0.002,"{0: 0.4216237591833691, 10: 0.14373751221578474, 20: 0.1239308197547992, 30: 0.12071123153395284, 40: 0.12008187455135477, 50: 0.13133445678142514, 60: 0.1188098447612939, 70: 0.10562875145797102, 80: 0.11857874653396436, 90: 0.11868923017555533, 100: 0.11388827225629787}",70,0.10562875145797102,0.01,0.1,0.01
concrete,noisyFCN,32,0.0001,0.0001,"{0: 0.9359819884636801, 10: 0.4472201474071518, 20: 0.3205375136022029, 30: 0.2583022196687818, 40: 0.22091340749464647, 50: 0.19840833319407522, 60: 0.18381285468219652, 70: 0.17236739899106848, 80: 0.1628974602902852, 90: 0.15502926045515233, 100: 0.1483174790473929, 110: 0.1423023399050951, 120: 0.13717490693098602, 130: 0.1329174112941566, 140: 0.1294170214705505, 150: 0.12641197022840833, 160: 0.12387753613188543, 170: 0.12182766083418684, 180: 0.11998304023388814, 190: 0.11841604492859055, 200: 0.11701501711404552, 210: 0.11586267004707788, 220: 0.1148781920929838, 230: 0.11392177014469176, 240: 0.11317046331482646, 250: 0.11242691076421904, 260: 0.11183327164608332, 270: 0.11130022269284737, 280: 0.11086064253946806, 290: 0.1104704622455707, 300: 0.11016137178081412, 310: 0.10984956878367522, 320: 0.10947794429847732, 330: 0.10920104324674482, 340: 0.10886557059206967, 350: 0.1085704960627791, 360: 0.10828908520214484, 370: 0.10804948412718943, 380: 0.10775548343124737, 390: 0.10746607851157211, 400: 0.10724091699887935, 410: 0.10693761833948245, 420: 0.10668953198573365, 430: 0.10640128534840639, 440: 0.10613304907647399, 450: 0.10594034390566706, 460: 0.1058045104384995, 470: 0.10569708935481392, 480: 0.10556137616573355, 490: 0.10544647070924089, 500: 0.10538194963971466, 510: 0.10533779937809737, 520: 0.10523888462288507, 530: 0.10523904820299775, 540: 0.10514242325124042, 550: 0.10510606399787548, 560: 0.10501190107467213, 570: 0.10501178108860587, 580: 0.10496842813691165, 590: 0.10496504733051226, 600: 0.10498264640630259, 610: 0.10493235741017135, 620: 0.104919635049795, 630: 0.10491622929077896, 640: 0.10496361265001655, 650: 0.10487868325992682, 660: 0.1049188047667851, 670: 0.1048730295188367, 680: 0.10485365941564373, 690: 0.10485528472554921, 700: 0.10477017875427638, 710: 0.10477090883441131, 720: 0.10473542785967224, 730: 0.104668208006205, 740: 0.1046069002163604, 750: 0.10465581363470396, 760: 0.10462204126301114, 770: 0.10452028486902461, 780: 0.10457232386562135, 790: 0.10461212764453509, 800: 0.10452260394224791}",770,0.10452028486902461,0.01,0.001,0.01
concrete,noisyFCN,32,0.0001,0.0001,"{0: 0.9220342767194563, 10: 0.46160678699557556, 20: 0.3487011426348027, 30: 0.28319069890185633, 40: 0.2397010372733286, 50: 0.2119186720824735, 60: 0.19373711282765965, 70: 0.1810690168034167, 80: 0.1711143649289631, 90: 0.16330777795730658, 100: 0.1567666849847511, 110: 0.15133660820485573, 120: 0.14659999088069642, 130: 0.14252649401933376, 140: 0.1392205467320158, 150: 0.13637342686939044, 160: 0.13384043037516932, 170: 0.13161964526214118, 180: 0.12971425281153373, 190: 0.12796896400991536, 200: 0.12638718062960827, 210: 0.12503808867624092, 220: 0.12378167355932841, 230: 0.12257453119301039, 240: 0.12149694632818678, 250: 0.12053244018592683, 260: 0.11967427578065695, 270: 0.1188277993832783, 280: 0.11801286316136035, 290: 0.11739178909898818, 300: 0.11680958915050284, 310: 0.11627539695776772, 320: 0.11579251274089304, 330: 0.11537167042614968, 340: 0.11480634402436896, 350: 0.11444913851872296, 360: 0.1140390096186314, 370: 0.11360188034794678, 380: 0.11320060038254912, 390: 0.11283104558857344, 400: 0.11246782815437668, 410: 0.11215714152029552, 420: 0.11193041332220247, 430: 0.11170125659915886, 440: 0.1114489185197192, 450: 0.11129260086800685, 460: 0.11113851220918995, 470: 0.11095693793558052, 480: 0.11085268868162335, 490: 0.11069249181067246, 500: 0.1105322091266546, 510: 0.11036941444822046, 520: 0.11015554557849723, 530: 0.11005329581895804, 540: 0.10994910411894629, 550: 0.10979469586915425, 560: 0.1098142001671057, 570: 0.10972941776469118, 580: 0.10977918866369255, 590: 0.10967433478515279, 600: 0.10967242611452374, 610: 0.10961776143844401, 620: 0.10961594214361417, 630: 0.10964782847153506, 640: 0.10963565260105809, 650: 0.10964948525240663}",620,0.10961594214361417,0.01,0.005,0.01
concrete,noisyFCN,32,0.0001,0.0001,"{0: 0.9595260814605424, 10: 0.45473167572388007, 20: 0.33547514206576323, 30: 0.2699957868426003, 40: 0.22871121649357096, 50: 0.20474274877412002, 60: 0.18921052654485127, 70: 0.17792297803322565, 80: 0.1691325131139091, 90: 0.1618213301948812, 100: 0.15529182965127258, 110: 0.14962791763097377, 120: 0.14438552404333288, 130: 0.1397471335251091, 140: 0.13561964410316565, 150: 0.13193391623800096, 160: 0.12871540463012582, 170: 0.12599616987175044, 180: 0.12354941676170492, 190: 0.12143735520024038, 200: 0.11959483749613838, 210: 0.11801817478588661, 220: 0.11659442064982165, 230: 0.11543765923053753, 240: 0.11450663530691103, 250: 0.11369276991126412, 260: 0.11294602416791655, 270: 0.11230325051907557, 280: 0.11171692816767749, 290: 0.111165677135685, 300: 0.11059993753235867, 310: 0.11014273601213123, 320: 0.10975771964906941, 330: 0.10938305481712156, 340: 0.1090779949264313, 350: 0.10880209013902295, 360: 0.10848820457762245, 370: 0.10820177828255664, 380: 0.10798149104685098, 390: 0.10776335985569803, 400: 0.1076156702830958, 410: 0.10741126775108305, 420: 0.10705815408392608, 430: 0.10695218299776425, 440: 0.1068011852151715, 450: 0.10662094976089438, 460: 0.10652383629962284, 470: 0.10633597660245317, 480: 0.10616484698434055, 490: 0.10604553423954086, 500: 0.10588306926422138, 510: 0.10580870021495303, 520: 0.10559328129494401, 530: 0.105540949265856, 540: 0.10543850693634194, 550: 0.1053399774732298, 560: 0.10521389163567989, 570: 0.10505080569158284, 580: 0.10502504571259066, 590: 0.10494598278157682, 600: 0.10489101871765508, 610: 0.10486453633785733, 620: 0.10483123077499538, 630: 0.1048118818507799, 640: 0.10466306516668, 650: 0.10449056643874269, 660: 0.10441657612220015, 670: 0.10432056159111455, 680: 0.10429418733967118, 690: 0.10416439034909297, 700: 0.10406533083807559, 710: 0.10399934938955288, 720: 0.10385055881651657, 730: 0.10382492208774892, 740: 0.10378618310445868, 750: 0.10375989110252412, 760: 0.10370223954567756, 770: 0.10365916975641024, 780: 0.10364320477868616, 790: 0.10370357698701042, 800: 0.1036453404026457, 810: 0.10366248936298064}",780,0.10364320477868616,0.01,0.01,0.01
concrete,noisyFCN,32,0.0001,0.0001,"{0: 0.9660037875880334, 10: 0.4786514318861613, 20: 0.35131658637977403, 30: 0.2817064930523931, 40: 0.24030413759587343, 50: 0.2153420000847674, 60: 0.19866928722315685, 70: 0.18667884595862866, 80: 0.17684043934718824, 90: 0.16880716353919184, 100: 0.16164685450973373, 110: 0.1555389687992737, 120: 0.1501652524015107, 130: 0.14563677881769316, 140: 0.14191354308219548, 150: 0.13859617946412023, 160: 0.1357223482835826, 170: 0.13342561413012913, 180: 0.131127681953933, 190: 0.12915208346106483, 200: 0.12757772810024767, 210: 0.12597711942836654, 220: 0.12463586126643467, 230: 0.1234431100854236, 240: 0.12220913306812027, 250: 0.12123802967471431, 260: 0.12029223106000284, 270: 0.11950554589105596, 280: 0.11881678208320538, 290: 0.11812376246439996, 300: 0.11753645057768643, 310: 0.11697578712072601, 320: 0.11642241620669984, 330: 0.11597340027626166, 340: 0.11551907764137873, 350: 0.11524813130558506, 360: 0.11492251817092951, 370: 0.11462524176472681, 380: 0.11434790438956584, 390: 0.1141219864591835, 400: 0.11377235203356388, 410: 0.11352879393512641, 420: 0.11324394267611342, 430: 0.11309421639853685, 440: 0.11286487892939154, 450: 0.11270136327545399, 460: 0.11247303748713959, 470: 0.11225466018381576, 480: 0.11211702004771648, 490: 0.11194739680282954, 500: 0.11177984057728088, 510: 0.11154420584591666, 520: 0.1114074007751584, 530: 0.11127057334147972, 540: 0.11118804719001715, 550: 0.11110614088170523, 560: 0.11099113017579447, 570: 0.11101581851517436, 580: 0.11081818865773219, 590: 0.1107211484993806, 600: 0.11060789440366861, 610: 0.110587579348625, 620: 0.11047021801468518, 630: 0.11037105257714445, 640: 0.11028698571398028, 650: 0.11022845357282023, 660: 0.11013347280805781, 670: 0.1100687526791451, 680: 0.11000217179520674, 690: 0.10991795510161015, 700: 0.10990716911307194, 710: 0.10980943848675631, 720: 0.10979074814441528, 730: 0.10976234831414286, 740: 0.10975978655441879, 750: 0.10977351101785789, 760: 0.10978042633624448, 770: 0.10973857167780576, 780: 0.10967141281232425, 790: 0.10968142741171853, 800: 0.10965913533619265, 810: 0.10964571119357018, 820: 0.10959517362354776, 830: 0.10960043129193853, 840: 0.10962129611139244, 850: 0.10959426590428031, 860: 0.10963488961606446, 870: 0.10965884698737971, 880: 0.10956413654457704, 890: 0.10960119205684637, 900: 0.10951569200988312, 910: 0.10955540040319307, 920: 0.10950278179768227, 930: 0.10950444632269722, 940: 0.10945945640267352, 950: 0.10943308320802314, 960: 0.10942099697436347, 970: 0.10936055222756098, 980: 0.10925980777088043, 990: 0.10926283132623542, 1000: 0.1092654941648972, 1010: 0.10928287487529378}",980,0.10925980777088043,0.01,0.05,0.01
concrete,noisyFCN,32,0.0001,0.0001,"{0: 0.9019017922182216, 10: 0.4293035880579212, 20: 0.31623305295519005, 30: 0.25835229556988276, 40: 0.2227484624460064, 50: 0.20041193834143223, 60: 0.18646403054836846, 70: 0.17489696925920376, 80: 0.16636739885639634, 90: 0.15879751432276795, 100: 0.15261201067679647, 110: 0.1473283563122561, 120: 0.14234491927693793, 130: 0.13842554056404346, 140: 0.13476378565644523, 150: 0.13145529205275525, 160: 0.1288902447347895, 170: 0.1266742554154448, 180: 0.12459713388231623, 190: 0.12281316071781774, 200: 0.12112890970589647, 210: 0.11981108691840703, 220: 0.11841461292862429, 230: 0.11723348731080074, 240: 0.11611507516913253, 250: 0.11523432860050435, 260: 0.11438061695887329, 270: 0.11357648957702446, 280: 0.1128634184787803, 290: 0.11224987154921513, 300: 0.111646755909064, 310: 0.11108733148643772, 320: 0.11059385560015153, 330: 0.1101642444320381, 340: 0.10968000748521715, 350: 0.10930754043137088, 360: 0.1089710822414279, 370: 0.10869757935804014, 380: 0.10841184846919198, 390: 0.10828255935868762, 400: 0.10805037607431292, 410: 0.10782183366207473, 420: 0.10765524045765917, 430: 0.10752159200782192, 440: 0.10735442089391851, 450: 0.10728450320592234, 460: 0.10720880324149014, 470: 0.1071037479331173, 480: 0.1069790878459255, 490: 0.10690836913629001, 500: 0.10691000427545516, 510: 0.1069181192636556, 520: 0.10684849608653754, 530: 0.10684920180454047, 540: 0.10688403628609597, 550: 0.10689576116740891}",520,0.10684849608653754,0.01,0.1,0.01
concrete,noisyFCN,32,0.0001,0.0005,"{0: 0.6940258027753033, 10: 0.21360936960355495, 20: 0.16565718659110978, 30: 0.14506826082766275, 40: 0.1318933005180521, 50: 0.12452129050081559, 60: 0.11976836385000263, 70: 0.11666262848309605, 80: 0.11485779638292717, 90: 0.11315696692236003, 100: 0.11214870455678269, 110: 0.1115507554335565, 120: 0.11093803476231105, 130: 0.11034290149689534, 140: 0.10980411020866805, 150: 0.10925779985097366, 160: 0.1087868715163268, 170: 0.10846010137313573, 180: 0.10763400129910564, 190: 0.10767683956103022, 200: 0.10744881054123549, 210: 0.10721619390237577, 220: 0.10676413133663332, 230: 0.10650552333342925, 240: 0.10682944748933369, 250: 0.10643954304852973, 260: 0.10605312162705993, 270: 0.1059304339296053, 280: 0.10603248383456129, 290: 0.10702766948301794, 300: 0.10543619537504398, 310: 0.10469879474942431, 320: 0.10638407643006101, 330: 0.10449267907768862, 340: 0.10557119097585425, 350: 0.10523330639797235, 360: 0.10580738124164361}",330,0.10449267907768862,0.01,0.001,0.01
concrete,noisyFCN,32,0.0001,0.0005,"{0: 0.6858815194815067, 10: 0.2054781223103371, 20: 0.1598095038013377, 30: 0.1397681814273551, 40: 0.12801974546943476, 50: 0.12141037919453268, 60: 0.11632296210302195, 70: 0.11285155138222491, 80: 0.11090201292107127, 90: 0.1087296457327104, 100: 0.10725443637132073, 110: 0.10603377532728804, 120: 0.10559866276885613, 130: 0.10516417169512553, 140: 0.10507755215178571, 150: 0.10515668038661534, 160: 0.10524108697860572, 170: 0.10564572951173394}",140,0.10507755215178571,0.01,0.005,0.01
concrete,noisyFCN,32,0.0001,0.0005,"{0: 0.7179188058826541, 10: 0.21117695994944988, 20: 0.16187968579888432, 30: 0.14153132112409042, 40: 0.13097623947195586, 50: 0.12347061170541791, 60: 0.11888659301867152, 70: 0.11579826898713157, 80: 0.11359437112808668, 90: 0.11216087013857505, 100: 0.11156892368342819, 110: 0.11074068634319949, 120: 0.1106172346681114, 130: 0.10993035001026333, 140: 0.10953192370831526, 150: 0.10916425076775191, 160: 0.10895231605137794, 170: 0.10927796491677133, 180: 0.10865011569374108, 190: 0.1088019903286113, 200: 0.10945306825694537, 210: 0.10906707920720533}",180,0.10865011569374108,0.01,0.01,0.01
concrete,noisyFCN,32,0.0001,0.0005,"{0: 0.716131142479177, 10: 0.20451235470094248, 20: 0.1556580619615312, 30: 0.13717264209264796, 40: 0.12737837886290468, 50: 0.12111088224983355, 60: 0.11707030176037078, 70: 0.11455179662723851, 80: 0.11243271230472869, 90: 0.11059441642040016, 100: 0.10917725389046873, 110: 0.10841117627403843, 120: 0.10808846448484122, 130: 0.10802937761888029, 140: 0.10763523015590812, 150: 0.10705780847756645, 160: 0.10739111232260863, 170: 0.10714057537232143, 180: 0.10736617722217452}",150,0.10705780847756645,0.01,0.05,0.01
concrete,noisyFCN,32,0.0001,0.0005,"{0: 0.717352649003862, 10: 0.20589107183157207, 20: 0.15542401772876274, 30: 0.13586602678375162, 40: 0.12639453136824014, 50: 0.12119810295915567, 60: 0.11819082681995494, 70: 0.11657091302726988, 80: 0.1150973667961002, 90: 0.11441473743576122, 100: 0.11386453670291925, 110: 0.11316334207120286, 120: 0.11270765233903308, 130: 0.11253726534710624, 140: 0.112699900848484, 150: 0.11262982071954855, 160: 0.11274324021875551}",130,0.11253726534710624,0.01,0.1,0.01
concrete,noisyFCN,32,0.0001,0.001,"{0: 0.5015837682888231, 10: 0.16420929227307912, 20: 0.12982351340810547, 30: 0.11907883358999524, 40: 0.11560791642263983, 50: 0.11434304458622635, 60: 0.11349336674388741, 70: 0.11206858362135233, 80: 0.11263513447993545, 90: 0.11268541927758471, 100: 0.11251958837263225}",70,0.11206858362135233,0.01,0.001,0.01
concrete,noisyFCN,32,0.0001,0.001,"{0: 0.453831245547652, 10: 0.1606771653566815, 20: 0.12880928659289853, 30: 0.12115335104781902, 40: 0.11770402954642145, 50: 0.11547023746571161, 60: 0.1135946660003152, 70: 0.11074518436404923, 80: 0.10923029492758571, 90: 0.10969243697461403, 100: 0.10901654251704525, 110: 0.10992658003123927, 120: 0.1106782766656244, 130: 0.10930949078362054}",100,0.10901654251704525,0.01,0.005,0.01
concrete,noisyFCN,32,0.0001,0.001,"{0: 0.48584809910079246, 10: 0.15870191981868662, 20: 0.1294697977517128, 30: 0.1201772897234028, 40: 0.11701753065816052, 50: 0.11660827623948686, 60: 0.11615393799660123, 70: 0.11596349966037037, 80: 0.1175381706145104, 90: 0.11730411538258141, 100: 0.11669972203060688}",70,0.11596349966037037,0.01,0.01,0.01
concrete,noisyFCN,32,0.0001,0.001,"{0: 0.497875247736023, 10: 0.16309500663833804, 20: 0.13241264575935421, 30: 0.12128734644168557, 40: 0.11618047747950992, 50: 0.1152630221670258, 60: 0.1144754095340295, 70: 0.11628770206638468, 80: 0.11698775356289906, 90: 0.11703583324029325}",60,0.1144754095340295,0.01,0.05,0.01
concrete,noisyFCN,32,0.0001,0.001,"{0: 0.5381729109112809, 10: 0.16443205460895013, 20: 0.1301955120090921, 30: 0.12018513436831882, 40: 0.11575630027979766, 50: 0.11494278287846824, 60: 0.11356587182694641, 70: 0.1125150374761464, 80: 0.11076838856250466, 90: 0.11009882849968104, 100: 0.11037552660244401, 110: 0.10940559276450543, 120: 0.10855274292888879, 130: 0.10692526833439922, 140: 0.10471760103675894, 150: 0.10452157372673483, 160: 0.11783423275322669, 170: 0.10985455982287946, 180: 0.11339361083194757}",150,0.10452157372673483,0.01,0.1,0.01
concrete,noisyFCN,32,0.0001,0.002,"{0: 0.39979570403507875, 10: 0.13698998367316134, 20: 0.12088084542698448, 30: 0.11881247353769635, 40: 0.11603767743960562, 50: 0.11287000737503358, 60: 0.11353463838470264, 70: 0.11204947410086659, 80: 0.11615121846606972, 90: 0.12204611881719374, 100: 0.11787628127946204}",70,0.11204947410086659,0.01,0.001,0.01
concrete,noisyFCN,32,0.0001,0.002,"{0: 0.39470792060724824, 10: 0.14314941478905552, 20: 0.12328541893239428, 30: 0.12064256073470611, 40: 0.12965091930458655, 50: 0.1368411131832041, 60: 0.11634951123030249, 70: 0.11574033380848828, 80: 0.11955430515628122, 90: 0.11734724937916816, 100: 0.11859901935264125}",70,0.11574033380848828,0.01,0.005,0.01
concrete,noisyFCN,32,0.0001,0.002,"{0: 0.42586775252930076, 10: 0.1475902372381684, 20: 0.12619595802984498, 30: 0.12152461285810953, 40: 0.12319468148487722, 50: 0.12354719053593197, 60: 0.1239261566677956}",30,0.12152461285810953,0.01,0.01,0.01
concrete,noisyFCN,32,0.0001,0.002,"{0: 0.4103385667807952, 10: 0.14640888485184705, 20: 0.12225569838733692, 30: 0.12295926400030091, 40: 0.12014636949266404, 50: 0.11635969005222244, 60: 0.1198606766520532, 70: 0.12366594738289109, 80: 0.11618567729070069, 90: 0.10925283380078547, 100: 0.10848944434575344, 110: 0.10541876984155804, 120: 0.10239070771951764, 130: 0.11317771575045384, 140: 0.10861628737292375, 150: 0.11964452961150003}",120,0.10239070771951764,0.01,0.05,0.01
concrete,noisyFCN,32,0.0001,0.002,"{0: 0.4187171304516676, 10: 0.14092839811291855, 20: 0.12044568667285342, 30: 0.11557379499417837, 40: 0.11643929891748091, 50: 0.11668354779960972, 60: 0.11738097227552283}",30,0.11557379499417837,0.01,0.1,0.01
concrete,noisyFCN,32,1e-05,0.0001,"{0: 0.9197184887429298, 10: 0.43947268884180224, 20: 0.3314239024660012, 30: 0.2738929002089405, 40: 0.23643572859229284, 50: 0.21290783030550217, 60: 0.1968280595227118, 70: 0.18465993051683557, 80: 0.17478828969293844, 90: 0.16644084789337976, 100: 0.15920511022474443, 110: 0.1531068345923073, 120: 0.14785592886237242, 130: 0.14333872696953356, 140: 0.13953008512633866, 150: 0.13612404549917026, 160: 0.1331608120425269, 170: 0.13055217488675055, 180: 0.12824872409204863, 190: 0.12616758719372995, 200: 0.12430939236483747, 210: 0.12277575424157154, 220: 0.1214790009202247, 230: 0.12021305745716722, 240: 0.11915515459374597, 250: 0.11818289619911097, 260: 0.1172434389983295, 270: 0.11642923137807704, 280: 0.11572929201043278, 290: 0.11497492831963041, 300: 0.11435182737680778, 310: 0.11368249500890353, 320: 0.11317326471407767, 330: 0.11268321315403436, 340: 0.11226179927124946, 350: 0.1117883530753635, 360: 0.11134473841761275, 370: 0.11096089881367799, 380: 0.11056974218363949, 390: 0.11019706259633733, 400: 0.10997514372059616, 410: 0.10959875959503765, 420: 0.10933630522244168, 430: 0.10916069043471208, 440: 0.10899031053900896, 450: 0.10894379560220972, 460: 0.10867802972528817, 470: 0.10849761705562, 480: 0.10836027961656594, 490: 0.10826698597049766, 500: 0.10815551379325208, 510: 0.10815822587727797, 520: 0.10812182258057398, 530: 0.10804228595728489, 540: 0.1080142465667181, 550: 0.10799772502770488, 560: 0.10795106837563136, 570: 0.10789083705563855, 580: 0.1078500114289351, 590: 0.10778628737879788, 600: 0.10771447284132, 610: 0.10770757746994934, 620: 0.10771625775868639, 630: 0.10767474059166945, 640: 0.10763289613601064, 650: 0.10760230315553199, 660: 0.1076171160906179, 670: 0.10769568670967819, 680: 0.10771270222901327}",650,0.10760230315553199,0.01,0.001,0.01
concrete,noisyFCN,32,1e-05,0.0001,"{0: 0.9587448581447446, 10: 0.4575857708626823, 20: 0.33496148327083297, 30: 0.2740095581467823, 40: 0.23504246658811462, 50: 0.21066136718446118, 60: 0.19433295992585084, 70: 0.18263735248471133, 80: 0.17325434955958957, 90: 0.16521873308578333, 100: 0.15857686211103786, 110: 0.15280788519242824, 120: 0.14765896932116634, 130: 0.14315655667343052, 140: 0.1391073563549577, 150: 0.13557814537840074, 160: 0.13252893920472966, 170: 0.12994629598069174, 180: 0.12759538733080325, 190: 0.1254916239009464, 200: 0.1235467950202365, 210: 0.12191586602393864, 220: 0.12045038258019458, 230: 0.11910550940074219, 240: 0.11790310530494472, 250: 0.11687633517691802, 260: 0.11584043005077996, 270: 0.11488102227931254, 280: 0.1139332256808117, 290: 0.11313698853251124, 300: 0.11245109582511215, 310: 0.11180223314658755, 320: 0.11120807764549237, 330: 0.11063350087084037, 340: 0.11022670512517854, 350: 0.10984114806951799, 360: 0.10939163945090777, 370: 0.10901611457088052, 380: 0.10868812141939999, 390: 0.10841633968766992, 400: 0.10815562746371228, 410: 0.10791068557805414, 420: 0.10763399116584793, 430: 0.1074866291156888, 440: 0.10728258588916435, 450: 0.10707504586479781, 460: 0.1068739868660856, 470: 0.10666611430819609, 480: 0.10648231589205767, 490: 0.10625036045232979, 500: 0.10614738845543803, 510: 0.10600762331263551, 520: 0.10593517932766898, 530: 0.10581658373798153, 540: 0.10576010334931166, 550: 0.10568506671750404, 560: 0.10559354162058418, 570: 0.10559237659550207, 580: 0.10550320468351511, 590: 0.10543967410653599, 600: 0.10532301273133608, 610: 0.10527770085881154, 620: 0.10525616987047377, 630: 0.10525080745793325, 640: 0.10510769559374714, 650: 0.10508045638967181, 660: 0.10504551597124039, 670: 0.10495659761686986, 680: 0.10496822829182753, 690: 0.10491933181444121, 700: 0.10483943170978682, 710: 0.10484837332097519, 720: 0.10482792449827358, 730: 0.10476761131448957, 740: 0.10474275327615952, 750: 0.10464276803408232, 760: 0.10458439844460155, 770: 0.1045971499177774, 780: 0.10453641675305274, 790: 0.10457949907845884, 800: 0.10450535823141568, 810: 0.10437127590306097, 820: 0.10440389827111321, 830: 0.10436336898558111, 840: 0.10437671009599833, 850: 0.10429336234434328, 860: 0.10428617594415338, 870: 0.10428671150135824, 880: 0.10423445636449218, 890: 0.10420191366803686, 900: 0.10430681638378328, 910: 0.10417744307818011, 920: 0.10415981741728095, 930: 0.10414322641352572, 940: 0.10414754184583823, 950: 0.10416033663899146, 960: 0.10406185120206494, 970: 0.10406473609721405, 980: 0.10409201193179629, 990: 0.10412235138372017}",960,0.10406185120206494,0.01,0.005,0.01
concrete,noisyFCN,32,1e-05,0.0001,"{0: 0.9522718044492111, 10: 0.46586192619377653, 20: 0.3406366532754651, 30: 0.2757843214255831, 40: 0.2329487137103292, 50: 0.2068133425385487, 60: 0.19020438552299254, 70: 0.17889978469321224, 80: 0.16975993805564252, 90: 0.16227863428619996, 100: 0.15569045976112705, 110: 0.1498750909394189, 120: 0.14505834124954825, 130: 0.14079802878002767, 140: 0.1370741897622634, 150: 0.13383303803079938, 160: 0.13097379807969287, 170: 0.12872535327783974, 180: 0.12666360996074352, 190: 0.12474379048924356, 200: 0.12304195900345102, 210: 0.12147450515597025, 220: 0.12014059254364093, 230: 0.11894920367403376, 240: 0.11782186734686273, 250: 0.11690785946537852, 260: 0.11591121674773433, 270: 0.11505248347389548, 280: 0.11409594823206388, 290: 0.11326451340622798, 300: 0.11265955179792067, 310: 0.11204118037738142, 320: 0.11149657518596712, 330: 0.1110321268563194, 340: 0.1105900580407907, 350: 0.11005397276918445, 360: 0.10966395305837207, 370: 0.1092322892080015, 380: 0.10889436698497354, 390: 0.10863285665308778, 400: 0.10830598926536479, 410: 0.10802339828579362, 420: 0.10785516005215914, 430: 0.1076331247366739, 440: 0.10740622242093527, 450: 0.10719991280697974, 460: 0.10697806164352479, 470: 0.10673841112507376, 480: 0.10652743425074322, 490: 0.1062686559383352, 500: 0.1061200011057362, 510: 0.10596637824196467, 520: 0.10578245252552557, 530: 0.10570275617296707, 540: 0.10550564145742305, 550: 0.10543487654166009, 560: 0.10534266275372314, 570: 0.1052015087305288, 580: 0.10506036216132922, 590: 0.10488105945509404, 600: 0.10482932986822377, 610: 0.1046855348113481, 620: 0.10462181894746055, 630: 0.10447143639479843, 640: 0.10442621711525908, 650: 0.10440892557897836, 660: 0.10426611961963457, 670: 0.10423667241499124, 680: 0.1041595711056019, 690: 0.10407916437041535, 700: 0.10405742966117722, 710: 0.1039695659902357, 720: 0.1039233948028504, 730: 0.10395535881276582, 740: 0.10395383996557217, 750: 0.10393674798111563}",720,0.1039233948028504,0.01,0.01,0.01
concrete,noisyFCN,32,1e-05,0.0001,"{0: 0.9216041667410293, 10: 0.4559449645702872, 20: 0.34271957760617544, 30: 0.2792257947978582, 40: 0.2362504287644483, 50: 0.20880233270388046, 60: 0.1914982823773128, 70: 0.17963146723889462, 80: 0.1704017684434135, 90: 0.1624909674584954, 100: 0.155869972657382, 110: 0.15006945664270974, 120: 0.14500888270746534, 130: 0.14068982534518043, 140: 0.13690386414241545, 150: 0.1336167689593177, 160: 0.1307224355777898, 170: 0.1280146029926093, 180: 0.12560864902104898, 190: 0.12351659675150098, 200: 0.1216849332839713, 210: 0.11999611843627908, 220: 0.11846704161550412, 230: 0.1171278183909473, 240: 0.11595411847046104, 250: 0.11487495314239002, 260: 0.1140012600994273, 270: 0.1130644821972536, 280: 0.11224107080771803, 290: 0.11148363062185396, 300: 0.1107521632426065, 310: 0.11010303218135195, 320: 0.10950076817144576, 330: 0.10885774789004968, 340: 0.10830109412289732, 350: 0.10783122459645414, 360: 0.1074131423368202, 370: 0.1070658579298019, 380: 0.10664584215744197, 390: 0.10637371754644098, 400: 0.10602033234389288, 410: 0.10572793472037875, 420: 0.10544724444449168, 430: 0.10524511086196257, 440: 0.10493264721011286, 450: 0.10475076420784701, 460: 0.10452434967787547, 470: 0.1043608646066164, 480: 0.1041622280823418, 490: 0.10399115078674363, 500: 0.10376972589683109, 510: 0.10363920645280315, 520: 0.10339434605171657, 530: 0.1033454503180667, 540: 0.10311739721191608, 550: 0.10303196838022337, 560: 0.10300804296292294, 570: 0.10291625438611858, 580: 0.10283525604416024, 590: 0.10276099748843393, 600: 0.10265562284663485, 610: 0.10256702106393714, 620: 0.10249649239644816, 630: 0.1024887678184645, 640: 0.10235967963333711, 650: 0.10237975144179239, 660: 0.1022795504910344, 670: 0.10231505549645652, 680: 0.1022879551961214, 690: 0.10227134171991725, 700: 0.1022483244722782, 710: 0.10227204577627, 720: 0.10235902087265972, 730: 0.10234170948950257}",700,0.1022483244722782,0.01,0.05,0.01
concrete,noisyFCN,32,1e-05,0.0001,"{0: 0.9453489673868957, 10: 0.45766692419362265, 20: 0.33866857183944354, 30: 0.2742746936595405, 40: 0.23252418530357385, 50: 0.20624079877933305, 60: 0.1889287453452614, 70: 0.1767788084451569, 80: 0.1677720019382102, 90: 0.16027705637078676, 100: 0.1545865973592333, 110: 0.1488657751857838, 120: 0.1446439083955813, 130: 0.14088945165463757, 140: 0.13730368720536884, 150: 0.1345537148294344, 160: 0.13238360037519173, 170: 0.13038542613409132, 180: 0.12859293868964852, 190: 0.12697584156661465, 200: 0.12560928898627394, 210: 0.12422643628724453, 220: 0.12311865795333507, 230: 0.12207898612031595, 240: 0.12114097495349256, 250: 0.12025442598248555, 260: 0.11953863666554623, 270: 0.11882893540557124, 280: 0.11835740674388955, 290: 0.11782728914964424, 300: 0.11732165525566185, 310: 0.11693086408868884, 320: 0.11655398786921503, 330: 0.1161901897423008, 340: 0.1159380478426781, 350: 0.11559473280463828, 360: 0.11528207442401761, 370: 0.11507485551515931, 380: 0.11484765147155662, 390: 0.11449663547390117, 400: 0.11426479925136498, 410: 0.11392059482265118, 420: 0.11373848088168252, 430: 0.11352620079078149, 440: 0.11329117609007618, 450: 0.11317385199483201, 460: 0.11303074840045997, 470: 0.11291368833286666, 480: 0.11284742114268358, 490: 0.112743090440334, 500: 0.11267218219318702, 510: 0.11249604303034606, 520: 0.11248084274133707, 530: 0.1124434082211716, 540: 0.11239344933735866, 550: 0.11233195101551804, 560: 0.11226428771935297, 570: 0.11225565163662324, 580: 0.1122605877051905, 590: 0.1122618463757143, 600: 0.11220632640844526, 610: 0.11215795072895549, 620: 0.11210445553686603, 630: 0.11206783837749619, 640: 0.11199814553056613, 650: 0.11189645097215836, 660: 0.1118520885588655, 670: 0.11184870691913548, 680: 0.11178713842714309, 690: 0.11174405148204661, 700: 0.11179307268005959, 710: 0.11178296286318141, 720: 0.11178883302810891}",690,0.11174405148204661,0.01,0.1,0.01
concrete,noisyFCN,32,1e-05,0.0005,"{0: 0.7056314999235178, 10: 0.2036483352576814, 20: 0.15163388987073875, 30: 0.13434318507722107, 40: 0.1252109988801407, 50: 0.119753895151592, 60: 0.11665475062629468, 70: 0.11410654814532531, 80: 0.11222594315724424, 90: 0.11139733936607352, 100: 0.11065152944659666, 110: 0.11022195607401755, 120: 0.10981184081647322, 130: 0.10976825686148246, 140: 0.10957653243551739, 150: 0.10960563875685245, 160: 0.10999042567796317, 170: 0.10974136740186768}",140,0.10957653243551739,0.01,0.001,0.01
concrete,noisyFCN,32,1e-05,0.0005,"{0: 0.6981015540446869, 10: 0.21252203672672762, 20: 0.16217855095510914, 30: 0.1390783352538646, 40: 0.12689149144125572, 50: 0.11933334042400076, 60: 0.11487614005358018, 70: 0.11227704426286093, 80: 0.11017090332798292, 90: 0.10855336999034693, 100: 0.10724203733814067, 110: 0.1072315181625755, 120: 0.10679347688132583, 130: 0.10670267966809269, 140: 0.10644928931039037, 150: 0.10676729996426407, 160: 0.10663727296033085, 170: 0.10660387679571057}",140,0.10644928931039037,0.01,0.005,0.01
concrete,noisyFCN,32,1e-05,0.0005,"{0: 0.7089596110674865, 10: 0.1997938249588938, 20: 0.15406859596768574, 30: 0.1346020798715546, 40: 0.12463217105961515, 50: 0.1178465045679633, 60: 0.11409786727816329, 70: 0.1121092688489956, 80: 0.11026659913366581, 90: 0.10941720575752276, 100: 0.10941555916054309, 110: 0.1089637052577267, 120: 0.1088509404004248, 130: 0.10814428828298736, 140: 0.1079462964435749, 150: 0.10746074533625523, 160: 0.10721892291623533, 170: 0.10679954116295334, 180: 0.1064206351105231, 190: 0.10631850503550269, 200: 0.10626180368991181, 210: 0.1066434486004395, 220: 0.10663941423202875, 230: 0.10728800347819649}",200,0.10626180368991181,0.01,0.01,0.01
concrete,noisyFCN,32,1e-05,0.0005,"{0: 0.6898920423603023, 10: 0.20987163047172014, 20: 0.1569099656399408, 30: 0.13500009529187956, 40: 0.1237027744635532, 50: 0.11751254589136495, 60: 0.1139401616294595, 70: 0.11175641775965492, 80: 0.11010285447955308, 90: 0.10856642149449362, 100: 0.10744183419802325, 110: 0.10662118934061866, 120: 0.10595259573764917, 130: 0.10578855424320928, 140: 0.10538692099215011, 150: 0.10526597467759805, 160: 0.10539135021814924, 170: 0.10542331895417227, 180: 0.10569095061479325}",150,0.10526597467759805,0.01,0.05,0.01
concrete,noisyFCN,32,1e-05,0.0005,"{0: 0.7140966515662666, 10: 0.20623210503296416, 20: 0.1561330969071089, 30: 0.1362082215946468, 40: 0.12537669205029012, 50: 0.11850161587484924, 60: 0.11420298100211668, 70: 0.11162708822866325, 80: 0.11008674044302458, 90: 0.10892099950790228, 100: 0.10804204932315561, 110: 0.10743775948650822, 120: 0.10739435848930723, 130: 0.1064657157712395, 140: 0.10632506868147402, 150: 0.10624235741265467, 160: 0.10585980279058638, 170: 0.10562143993477906, 180: 0.10558194311284748, 190: 0.10559681132320158, 200: 0.1056406239280305, 210: 0.10591431275406593}",180,0.10558194311284748,0.01,0.1,0.01
concrete,noisyFCN,32,1e-05,0.001,"{0: 0.5165424712071662, 10: 0.16287845206828974, 20: 0.13044541481513386, 30: 0.12079444115825895, 40: 0.11765332861539837, 50: 0.11588507019726771, 60: 0.11467604115208871, 70: 0.11361883107828856, 80: 0.11324700148163554, 90: 0.11284007204224333, 100: 0.11217277495175357, 110: 0.11305234774715882, 120: 0.11126013574968949, 130: 0.11029765760290648, 140: 0.11561170980147054, 150: 0.12178466037818877, 160: 0.1210396854960513}",130,0.11029765760290648,0.01,0.001,0.01
concrete,noisyFCN,32,1e-05,0.001,"{0: 0.5208417289372029, 10: 0.160177469554647, 20: 0.12966917694193164, 30: 0.11990052890847522, 40: 0.11618877787487163, 50: 0.11478398344100227, 60: 0.11375044308349502, 70: 0.11221919741242001, 80: 0.11096598385756798, 90: 0.10967459323896538, 100: 0.11018211783261671, 110: 0.10959436778598641, 120: 0.10988203572763262, 130: 0.10879087415602987, 140: 0.1056073995689529, 150: 0.11061470841277177, 160: 0.11690955610988496, 170: 0.11133111207383214}",140,0.1056073995689529,0.01,0.005,0.01
concrete,noisyFCN,32,1e-05,0.001,"{0: 0.4829092578287047, 10: 0.1665342624090111, 20: 0.12813170729107268, 30: 0.1150519089980625, 40: 0.11052997625708931, 50: 0.1077634259164113, 60: 0.10701656030478604, 70: 0.1066788250532797, 80: 0.10820219078711775, 90: 0.10834500267093963, 100: 0.10934324478820043}",70,0.1066788250532797,0.01,0.01,0.01
concrete,noisyFCN,32,1e-05,0.001,"{0: 0.48758049947988163, 10: 0.16631219509832082, 20: 0.13428629169487022, 30: 0.12416710627977708, 40: 0.12123015510170262, 50: 0.11942178102126186, 60: 0.11891475539569138, 70: 0.11899712259438597, 80: 0.11889656496418025, 90: 0.11880582617445731, 100: 0.11862277837204475, 110: 0.11958187990044764, 120: 0.12118853524398865, 130: 0.12024724007875323}",100,0.11862277837204475,0.01,0.05,0.01
concrete,noisyFCN,32,1e-05,0.001,"{0: 0.5029399437091127, 10: 0.16506872393824132, 20: 0.1307408426635942, 30: 0.11951242992388744, 40: 0.11606287326231454, 50: 0.11542329440905223, 60: 0.1146849001803644, 70: 0.11462829337253648, 80: 0.1147839375154968, 90: 0.11334685631938893, 100: 0.1140092835723748, 110: 0.11540732974554113, 120: 0.11815224804940958}",90,0.11334685631938893,0.01,0.1,0.01
concrete,noisyFCN,32,1e-05,0.002,"{0: 0.40932905098287076, 10: 0.14275645766338418, 20: 0.12603953638184934, 30: 0.1253633127708734, 40: 0.12754383167176228, 50: 0.13444565080750542, 60: 0.12508596913686681, 70: 0.1210663985477792, 80: 0.11062049900814175, 90: 0.11336299802538033, 100: 0.11351623699118582, 110: 0.10990058340424094, 120: 0.1127054429243691, 130: 0.11134552631348216, 140: 0.11371305828133468}",110,0.10990058340424094,0.01,0.001,0.01
concrete,noisyFCN,32,1e-05,0.002,"{0: 0.4068913735324863, 10: 0.1497607725944593, 20: 0.12939323773999964, 30: 0.12706956797052954, 40: 0.12762848168743687, 50: 0.12394799767757289, 60: 0.1129926929802958, 70: 0.11739268648733452, 80: 0.11008911131358727, 90: 0.11282504889087068, 100: 0.10881510095749292, 110: 0.1191365535615779, 120: 0.1148589471964054, 130: 0.1073000479085097, 140: 0.10879897235419826, 150: 0.1171249266602622, 160: 0.12575468726973796}",130,0.1073000479085097,0.01,0.005,0.01
concrete,noisyFCN,32,1e-05,0.002,"{0: 0.4066939506082295, 10: 0.14127149130997618, 20: 0.12296628587088339, 30: 0.12255677557797484, 40: 0.12002597924682579, 50: 0.14127014935399346, 60: 0.12314764205236965, 70: 0.1181333852661202, 80: 0.11765761664331356, 90: 0.11764306544271867, 100: 0.12063928512775142, 110: 0.1128487054602892, 120: 0.12456105404015125, 130: 0.11877066421650861, 140: 0.11570862736831042}",110,0.1128487054602892,0.01,0.01,0.01
concrete,noisyFCN,32,1e-05,0.002,"{0: 0.42521611533381726, 10: 0.1497256193477977, 20: 0.12683408705006902, 30: 0.127009470193631, 40: 0.12875260459681792, 50: 0.12194363584291776, 60: 0.1225913605970349, 70: 0.12364136099091236, 80: 0.12530498424265463}",50,0.12194363584291776,0.01,0.05,0.01
concrete,noisyFCN,32,1e-05,0.002,"{0: 0.41757203263106024, 10: 0.14332322861396288, 20: 0.1267506171920986, 30: 0.12403061754010339, 40: 0.11634295922100368, 50: 0.11392539902221954, 60: 0.11394696741084742, 70: 0.1154812400983557, 80: 0.12209194321017396}",50,0.11392539902221954,0.01,0.1,0.01
concrete,noisyFCN,32,1e-09,0.0001,"{0: 0.911176141260821, 10: 0.4438594461289142, 20: 0.32872862842971984, 30: 0.26329628828491713, 40: 0.22402563583824428, 50: 0.2009820511304971, 60: 0.18619045681353857, 70: 0.17547846779954143, 80: 0.1669168531810982, 90: 0.15996016816868663, 100: 0.1543462127305055, 110: 0.14969529745303212, 120: 0.14571073314517805, 130: 0.14223075077637026, 140: 0.1392136985373856, 150: 0.1366198100933512, 160: 0.1343052847979966, 170: 0.13231705665346083, 180: 0.1304943911536168, 190: 0.1288710585201444, 200: 0.12726774857121367, 210: 0.1260077045074026, 220: 0.12477268895912152, 230: 0.12363886637858226, 240: 0.12256557881790822, 250: 0.12158219038612772, 260: 0.12066295322467188, 270: 0.11971369436711447, 280: 0.11908076906832817, 290: 0.11844448388590637, 300: 0.11782246217652, 310: 0.11718700830459165, 320: 0.1165749316347979, 330: 0.11609617719739258, 340: 0.11565639352322683, 350: 0.11521209437113752, 360: 0.11479296401824528, 370: 0.11451320843179129, 380: 0.11412811107830272, 390: 0.11381369565691349, 400: 0.11342994228441816, 410: 0.11319838577427152, 420: 0.11295689189159541, 430: 0.11281816052337619, 440: 0.11257061829557813, 450: 0.11238209105445744, 460: 0.11222868532718813, 470: 0.11204393231536414, 480: 0.11191774287644474, 490: 0.11176766141414843, 500: 0.11161347384972764, 510: 0.11158415318259533, 520: 0.11149242171586793, 530: 0.11135975403097201, 540: 0.11137118848665713, 550: 0.11130880216879982, 560: 0.11128331800445046, 570: 0.11121684067719459, 580: 0.11117328615443393, 590: 0.11119656841901833, 600: 0.11116450137842146, 610: 0.11113151757683984, 620: 0.11112224517821032, 630: 0.11112513644368845, 640: 0.11111390897986277, 650: 0.11104578316610936, 660: 0.11103876222503224, 670: 0.11105865083505446, 680: 0.11103358533855663, 690: 0.1110546465487896, 700: 0.1110206228057136, 710: 0.11108485556560714, 720: 0.11110135959203893, 730: 0.1111270938922444}",700,0.1110206228057136,0.01,0.001,0.01
concrete,noisyFCN,32,1e-09,0.0001,"{0: 0.9480016742119151, 10: 0.4679980688450166, 20: 0.32976444695252277, 30: 0.2620853208742226, 40: 0.22172754603562667, 50: 0.19857464418200677, 60: 0.18375255743981905, 70: 0.17290177982556582, 80: 0.164276172522695, 90: 0.15703541765235923, 100: 0.15058340841908413, 110: 0.145370181012136, 120: 0.14082366219160738, 130: 0.13690909018108163, 140: 0.13345451927722513, 150: 0.13037604895510543, 160: 0.12777261993429967, 170: 0.1254738276050387, 180: 0.12349095894099493, 190: 0.12176986077361232, 200: 0.12019612376541669, 210: 0.11873798947517003, 220: 0.11749117416931978, 230: 0.11627292067532517, 240: 0.11526101651721951, 250: 0.11424169632996498, 260: 0.11330809967049948, 270: 0.11243286981464191, 280: 0.1116124050568924, 290: 0.11092863063524146, 300: 0.11031788612624349, 310: 0.1098032650904536, 320: 0.10931920176045659, 330: 0.10883171760407603, 340: 0.10835639188863219, 350: 0.10797094812483168, 360: 0.10756097038429994, 370: 0.10714516991726002, 380: 0.10683677285290147, 390: 0.10655278015427475, 400: 0.10621462658639647, 410: 0.10598114869555257, 420: 0.10566239178213735, 430: 0.1054931452542995, 440: 0.10530439388841191, 450: 0.10510792090431549, 460: 0.10491625264320034, 470: 0.10476948908591437, 480: 0.10468130054330924, 490: 0.10450622140336989, 500: 0.10441712719059967, 510: 0.10429203532966569, 520: 0.10423356834862378, 530: 0.10411577143507451, 540: 0.10403120549306197, 550: 0.10395223102632137, 560: 0.10386080422839983, 570: 0.10380282334972335, 580: 0.10368989959160926, 590: 0.10358797488702462, 600: 0.10353892712838017, 610: 0.103461324837436, 620: 0.10339153536682824, 630: 0.10323909559148774, 640: 0.10310402137895733, 650: 0.10302910730402423, 660: 0.10292211591277797, 670: 0.10281021216211059, 680: 0.10272216357312773, 690: 0.10262578015195731, 700: 0.10245924714013813, 710: 0.10243777302002255, 720: 0.1023439594644004, 730: 0.10227263130781743, 740: 0.10218422456727765, 750: 0.10209515812265062, 760: 0.10206519819074707, 770: 0.10202400547790247, 780: 0.10200472020752678, 790: 0.10193240583598259, 800: 0.10186428597402061, 810: 0.10184792673767315, 820: 0.10169632796713009, 830: 0.10176858173759003, 840: 0.10175278252416069, 850: 0.10178896700849113}",820,0.10169632796713009,0.01,0.005,0.01
concrete,noisyFCN,32,1e-09,0.0001,"{0: 0.9311068279762578, 10: 0.4501906464651436, 20: 0.32594391345228874, 30: 0.259272782383521, 40: 0.21906295618897267, 50: 0.1967551087895897, 60: 0.18289039100639393, 70: 0.17284811056759386, 80: 0.1646408066274674, 90: 0.15775414482188593, 100: 0.15196406391655085, 110: 0.14710455302961298, 120: 0.14297842128985647, 130: 0.13945895082108725, 140: 0.136324231288804, 150: 0.1335297215612659, 160: 0.13104900126622857, 170: 0.12896425198546094, 180: 0.1270087244498756, 190: 0.1252179108262723, 200: 0.12348701836936402, 210: 0.12200961622886541, 220: 0.1205634787112078, 230: 0.11925687142079924, 240: 0.1179336388470262, 250: 0.11678460834907192, 260: 0.11581444880309055, 270: 0.11484542219542349, 280: 0.1139993547164702, 290: 0.11320021116587071, 300: 0.11255090265265677, 310: 0.11199128195500249, 320: 0.11150367734944125, 330: 0.11101698876253252, 340: 0.11056719014920842, 350: 0.11019170916078272, 360: 0.10991833573489478, 370: 0.10956063650377752, 380: 0.10927948962261036, 390: 0.10902166755339963, 400: 0.10882205345017418, 410: 0.10861057308609187, 420: 0.1084268679452753, 430: 0.108164922395571, 440: 0.1080044721379733, 450: 0.10782854911063833, 460: 0.10768157778066878, 470: 0.10746612200209238, 480: 0.10735875711307559, 490: 0.10717341768922228, 500: 0.10703953040621936, 510: 0.1069606959171103, 520: 0.10695316668106994, 530: 0.10690256966224268, 540: 0.10686247695686195, 550: 0.10685599927902663, 560: 0.1067942585586312, 570: 0.10679131115046767, 580: 0.10678383624000806, 590: 0.10682073863012564, 600: 0.10679217255608911, 610: 0.1068098063350649}",580,0.10678383624000806,0.01,0.01,0.01
concrete,noisyFCN,32,1e-09,0.0001,"{0: 0.9052998532234785, 10: 0.43602052824988863, 20: 0.3224856046355396, 30: 0.261437905340704, 40: 0.22482703753283798, 50: 0.20252951019828352, 60: 0.18792968476966232, 70: 0.1771860373022375, 80: 0.16928886449753314, 90: 0.16265614633868997, 100: 0.15709509064048993, 110: 0.15180730029885536, 120: 0.14740669102016327, 130: 0.14342948057065827, 140: 0.13993923060160957, 150: 0.13682732936939263, 160: 0.13412162330153027, 170: 0.13168967906151624, 180: 0.12953896784784613, 190: 0.1276462082140814, 200: 0.1258385323542559, 210: 0.12423072770028667, 220: 0.12261385896886752, 230: 0.121214787464063, 240: 0.11999399999254338, 250: 0.11896040438074847, 260: 0.11806296304672273, 270: 0.11727876715731023, 280: 0.11647902222123088, 290: 0.11580142961896225, 300: 0.11509820064867063, 310: 0.11452324439867154, 320: 0.11399948083756373, 330: 0.11346030713933888, 340: 0.11301866277804529, 350: 0.11255676658652003, 360: 0.11228021755109693, 370: 0.1119961849880919, 380: 0.11172068634174395, 390: 0.11140448569810928, 400: 0.11121722913496553, 410: 0.11095503428310752, 420: 0.11074636232556676, 430: 0.11056371035135551, 440: 0.11033189672258106, 450: 0.11019222288393174, 460: 0.11012724864338604, 470: 0.10998373104178147, 480: 0.10982964989979091, 490: 0.10972172738244952, 500: 0.10967267259509361, 510: 0.10953480372165454, 520: 0.10959413496712714, 530: 0.10954050453339828, 540: 0.10947923229196428, 550: 0.10945371813147005, 560: 0.10936758578225629, 570: 0.10923264779591024, 580: 0.1091351185255551, 590: 0.10904734489047474, 600: 0.10896647832368096, 610: 0.10895026043173081, 620: 0.10880822052282928, 630: 0.10881997550356545, 640: 0.10867496153181426, 650: 0.10873372768984621, 660: 0.10873161521802896, 670: 0.10874911854840699}",640,0.10867496153181426,0.01,0.05,0.01
concrete,noisyFCN,32,1e-09,0.0001,"{0: 0.9632402629739518, 10: 0.48342957306947876, 20: 0.3413552717473537, 30: 0.27328603500041887, 40: 0.23218938956823248, 50: 0.20793933496363765, 60: 0.19207538417199765, 70: 0.17986934219103606, 80: 0.17027371930915255, 90: 0.1621402203809836, 100: 0.15608160306305158, 110: 0.15037864990394728, 120: 0.14539777179834407, 130: 0.14135226788856944, 140: 0.13774999936531845, 150: 0.13495406909136093, 160: 0.1320156992009324, 170: 0.12988897063443816, 180: 0.12770609298036745, 190: 0.1255396734625762, 200: 0.12377679124408444, 210: 0.12217828627441736, 220: 0.1208403596139932, 230: 0.11968951318746175, 240: 0.11853246372443653, 250: 0.11752332025834655, 260: 0.11663130217787301, 270: 0.1160269076906899, 280: 0.11537757404825903, 290: 0.11498603269529403, 300: 0.11442224869558262, 310: 0.1139429850336123, 320: 0.11356277423435154, 330: 0.11319910875081751, 340: 0.1128682268871833, 350: 0.11251748503289746, 360: 0.11221446875733354, 370: 0.11191225650310736, 380: 0.11164633478795875, 390: 0.11137072339631941, 400: 0.11115170269064653, 410: 0.11090001396697183, 420: 0.11073853222720727, 430: 0.11064479939413792, 440: 0.11048136068580991, 450: 0.1103146612850697, 460: 0.11021268280348288, 470: 0.11010141169119567, 480: 0.10995875218441242, 490: 0.10986967590947945, 500: 0.1097791481846276, 510: 0.10972129142419859, 520: 0.1096322255910368, 530: 0.10952583769252366, 540: 0.10951230292023331, 550: 0.10945354824430047, 560: 0.10935668955400794, 570: 0.1094036148181247, 580: 0.10936968266539941, 590: 0.10931578767515515, 600: 0.10934998358955712, 610: 0.1092397229157592, 620: 0.10920948234118977, 630: 0.1091735876739818, 640: 0.10921154319645296, 650: 0.10918481978156218, 660: 0.10926060660451056}",630,0.1091735876739818,0.01,0.1,0.01
concrete,noisyFCN,32,1e-09,0.0005,"{0: 0.6970894155701443, 10: 0.20619035264417937, 20: 0.15528933252822621, 30: 0.13481942252558157, 40: 0.1237608397342898, 50: 0.11763034470489486, 60: 0.11381114033454891, 70: 0.11165240423400054, 80: 0.1101193386288766, 90: 0.10860615190258974, 100: 0.1080788106622184, 110: 0.1075955946832697, 120: 0.10741604002703364, 130: 0.10714594119326855, 140: 0.1075605154132191, 150: 0.1073645066803339, 160: 0.10729933273592374}",130,0.10714594119326855,0.01,0.001,0.01
concrete,noisyFCN,32,1e-09,0.0005,"{0: 0.7049310216371517, 10: 0.20604385285633456, 20: 0.15632682178265858, 30: 0.1365293613456173, 40: 0.12590504748610462, 50: 0.11955001705209811, 60: 0.11550752613635655, 70: 0.11298891923324936, 80: 0.11144745608512244, 90: 0.10994070204849034, 100: 0.10976495766721758, 110: 0.1100136554061937, 120: 0.10982207007964981, 130: 0.10970552136307943, 140: 0.10956825448887068, 150: 0.10923059883528145, 160: 0.1093926597393482, 170: 0.1096891309916753, 180: 0.10965415427542491}",150,0.10923059883528145,0.01,0.005,0.01
concrete,noisyFCN,32,1e-09,0.0005,"{0: 0.6899977287608257, 10: 0.2024563093024188, 20: 0.1516884223170749, 30: 0.13115920795800945, 40: 0.11993864821659708, 50: 0.11334901741345833, 60: 0.10955657891308268, 70: 0.10703323654080166, 80: 0.10565677360155883, 90: 0.10471849576094452, 100: 0.10419710624371073, 110: 0.10377911831694879, 120: 0.1035245193306051, 130: 0.10355400125034216, 140: 0.10377526390472949, 150: 0.10408473031734393}",120,0.1035245193306051,0.01,0.01,0.01
concrete,noisyFCN,32,1e-09,0.0005,"{0: 0.693235397134458, 10: 0.21355507965247145, 20: 0.16227260172267974, 30: 0.14033902343960047, 40: 0.13016357432767275, 50: 0.1239985177973774, 60: 0.12089669892105981, 70: 0.1186626035286181, 80: 0.11685067882949965, 90: 0.11531185768875077, 100: 0.11412681666199402, 110: 0.11293328101540925, 120: 0.11254606309030905, 130: 0.11180605873878542, 140: 0.11113430115970432, 150: 0.11068567647555319, 160: 0.11095513677872933, 170: 0.11081739078086565, 180: 0.11080262232720521}",150,0.11068567647555319,0.01,0.05,0.01
concrete,noisyFCN,32,1e-09,0.0005,"{0: 0.7241507788737086, 10: 0.21727784959402513, 20: 0.1626719748048719, 30: 0.1402420119187366, 40: 0.1297124230429387, 50: 0.12382340377032845, 60: 0.119954176791183, 70: 0.11746352334596981, 80: 0.11620938698896768, 90: 0.11512917550752891, 100: 0.1146533170071515, 110: 0.11399717140730803, 120: 0.11356889903391192, 130: 0.11330904248917402, 140: 0.11361703045792873, 150: 0.11345194017884912, 160: 0.11375957454123146}",130,0.11330904248917402,0.01,0.1,0.01
concrete,noisyFCN,32,1e-09,0.001,"{0: 0.5121883971565138, 10: 0.16375202668490713, 20: 0.1319533572432703, 30: 0.12147078334320134, 40: 0.11581612584937614, 50: 0.11319538858005362, 60: 0.11162342096489619, 70: 0.11063717150899628, 80: 0.10920371318531981, 90: 0.10932305849411272, 100: 0.10949434482998435, 110: 0.10978878674137973}",80,0.10920371318531981,0.01,0.001,0.01
concrete,noisyFCN,32,1e-09,0.001,"{0: 0.5216138460679312, 10: 0.16831975684076528, 20: 0.13769404840096006, 30: 0.12596444365118972, 40: 0.1209376150264466, 50: 0.11956849394857619, 60: 0.11711422940133813, 70: 0.11550737168284715, 80: 0.11558385201382222, 90: 0.11678594740634922, 100: 0.11891263514558914}",70,0.11550737168284715,0.01,0.005,0.01
concrete,noisyFCN,32,1e-09,0.001,"{0: 0.5214499635226799, 10: 0.16455735608538874, 20: 0.13194632148476151, 30: 0.12160012008876975, 40: 0.11623590217095145, 50: 0.11380012383146235, 60: 0.1124285800999522, 70: 0.11263390461025598, 80: 0.11218266748478367, 90: 0.11250627521026249, 100: 0.11137159279402394, 110: 0.11065522106332706, 120: 0.11063544062651136, 130: 0.11164994835327686, 140: 0.1110072447853514, 150: 0.11365125410993918}",120,0.11063544062651136,0.01,0.01,0.01
concrete,noisyFCN,32,1e-09,0.001,"{0: 0.5259373822145259, 10: 0.16863883856945536, 20: 0.1306105803876994, 30: 0.11756103518301261, 40: 0.11238751258216495, 50: 0.10998482627616557, 60: 0.10933525660192953, 70: 0.10877665199080574, 80: 0.10842632470956706, 90: 0.10764900909745012, 100: 0.10759035725107986, 110: 0.1078339389632597, 120: 0.11256971823380597, 130: 0.11192636908232308}",100,0.10759035725107986,0.01,0.05,0.01
concrete,noisyFCN,32,1e-09,0.001,"{0: 0.5247048398806091, 10: 0.16597586625056715, 20: 0.13314222302499826, 30: 0.12342112986361284, 40: 0.12188218456353642, 50: 0.12255123602874793, 60: 0.12013222734546407, 70: 0.11643214855125587, 80: 0.11492338586876724, 90: 0.1128793783367495, 100: 0.11158113792802964, 110: 0.1115702682462055, 120: 0.11247568617325003, 130: 0.11046219536818494, 140: 0.11763764992477448, 150: 0.11568463081409996, 160: 0.11693394571074671}",130,0.11046219536818494,0.01,0.1,0.01
concrete,noisyFCN,32,1e-09,0.002,"{0: 0.40750291502418473, 10: 0.15064864967522232, 20: 0.13238387662341924, 30: 0.13217929436434928, 40: 0.12560337962201368, 50: 0.12093555608691328, 60: 0.11812289448112183, 70: 0.12012330463284134, 80: 0.11389304444639885, 90: 0.11942022861382826, 100: 0.11698891042908603, 110: 0.12324781993975353}",80,0.11389304444639885,0.01,0.001,0.01
concrete,noisyFCN,32,1e-09,0.002,"{0: 0.4097797821562376, 10: 0.14342193996078073, 20: 0.12379786629810743, 30: 0.12342612092396284, 40: 0.12686202667978458, 50: 0.11775012943510954, 60: 0.11130417919349467, 70: 0.11631985997898175, 80: 0.11083762925902914, 90: 0.1145697852767624, 100: 0.12304574134283963, 110: 0.11163099870928243}",80,0.11083762925902914,0.01,0.005,0.01
concrete,noisyFCN,32,1e-09,0.002,"{0: 0.412190973158466, 10: 0.14316344531213057, 20: 0.12667321145760288, 30: 0.13347050706729985, 40: 0.12184299047320464, 50: 0.11619665454808796, 60: 0.11446560719385687, 70: 0.12447488801588262, 80: 0.11464250087809624, 90: 0.11009576561963301, 100: 0.10931514305417087, 110: 0.10376444453743879, 120: 0.10824181887847754, 130: 0.11421291556052385, 140: 0.11153063449859948}",110,0.10376444453743879,0.01,0.01,0.01
concrete,noisyFCN,32,1e-09,0.002,"{0: 0.4182280177129082, 10: 0.14824031388636263, 20: 0.1288231706737657, 30: 0.127766181341698, 40: 0.12462362543621266, 50: 0.11984496767525972, 60: 0.1250189542991205, 70: 0.11692300500670352, 80: 0.11712982416152955, 90: 0.1182526716902709, 100: 0.1188123636952679}",70,0.11692300500670352,0.01,0.05,0.01
concrete,noisyFCN,32,1e-09,0.002,"{0: 0.4121183688613722, 10: 0.1434374413474656, 20: 0.12903088052069434, 30: 0.12205532945228599, 40: 0.1187263498940152, 50: 0.1299822976737003, 60: 0.1089102119120376, 70: 0.11058552781024951, 80: 0.10391141078881619, 90: 0.11462891756051, 100: 0.10522616479865221, 110: 0.11484762451601134}",80,0.10391141078881619,0.01,0.1,0.01
energy,FCN,32,0.1,0.0001,"{0: 0.9327694467921169, 10: 0.2875076688962127, 20: 0.1457645846602044, 30: 0.114949845900881, 40: 0.103781459651521, 50: 0.0980327026488804, 60: 0.09437532585516908, 70: 0.09179464485513661, 80: 0.08992876465239082, 90: 0.08858787036313068, 100: 0.08760722680070726, 110: 0.0868573827870358, 120: 0.08635287369167854, 130: 0.08604043946196424, 140: 0.08586781957382507, 150: 0.08581820855635366, 160: 0.08585238848678448, 170: 0.08597505898213015, 180: 0.08615792023210896}",150,0.08581820855635366,0.01,0.01,0.01
energy,FCN,32,0.1,0.0005,"{0: 0.5960743799807627, 10: 0.09513769224067617, 20: 0.08727332729070199, 30: 0.08572407253280205, 40: 0.08625001784900134, 50: 0.08767932384151642, 60: 0.08885600429281988}",30,0.08572407253280205,0.01,0.01,0.01
energy,FCN,32,0.1,0.001,"{0: 0.276304349308012, 10: 0.08862937212071784, 20: 0.08763533882309196, 30: 0.08947862710296814, 40: 0.09065425192556684, 50: 0.09095640578896193}",20,0.08763533882309196,0.01,0.01,0.01
energy,FCN,32,0.1,0.002,"{0: 0.15498288812302724, 10: 0.09102697112852855, 20: 0.09430086606564592, 30: 0.09458185435324515, 40: 0.09467226620691546}",10,0.09102697112852855,0.01,0.01,0.01
energy,FCN,32,0.01,0.0001,"{0: 0.834651188734101, 10: 0.17114422392181025, 20: 0.09724132452106994, 30: 0.084227233344728, 40: 0.07834815588908467, 50: 0.07454665228337204, 60: 0.07181850189769345, 70: 0.0697495096664631, 80: 0.06811052046693374, 90: 0.06671565951861161, 100: 0.06547016503338247, 110: 0.064315175057385, 120: 0.06323914880169584, 130: 0.0621539739927387, 140: 0.06106981721098592, 150: 0.06000389757319267, 160: 0.05896700552897931, 170: 0.05794475547771731, 180: 0.05684287085117308, 190: 0.05572879094499898, 200: 0.05463672643560903, 210: 0.05354830765835796, 220: 0.05245461089403236, 230: 0.051300648560837624, 240: 0.050134466326540186, 250: 0.04896213763940736, 260: 0.04777409814727134, 270: 0.046589953855810114, 280: 0.04546005297330567, 290: 0.0443897441014157, 300: 0.0433843897389727, 310: 0.042407971091134526, 320: 0.04145195101707177, 330: 0.04050197184347008, 340: 0.03964337501369539, 350: 0.03886293798062455, 360: 0.03810071491348486, 370: 0.03739823487182744, 380: 0.0367400527347982, 390: 0.03612184728456429, 400: 0.035559606663738745, 410: 0.03504033302862208, 420: 0.034523087596503646, 430: 0.03401035877858481, 440: 0.03356757845596029, 450: 0.03316308686920092, 460: 0.03276128440104324, 470: 0.032377559619376176, 480: 0.031999726290823885, 490: 0.031633770329708676, 500: 0.03129131944740111, 510: 0.030967914176240664, 520: 0.03064011493423443, 530: 0.03033063515207, 540: 0.03003130604662066, 550: 0.029737908666421932, 560: 0.02944184020474428, 570: 0.029167909438206834, 580: 0.02891965850142063, 590: 0.028660465679753944, 600: 0.028434667492184335, 610: 0.0282087630706359, 620: 0.027982330317101956, 630: 0.027768594774180623, 640: 0.027580704264304055, 650: 0.027381700138678976, 660: 0.027202456552715526, 670: 0.027019539296723367, 680: 0.026878869418597507, 690: 0.026715276256331754, 700: 0.026564274186559655, 710: 0.026413552489717072, 720: 0.02626449214176632, 730: 0.026122007195979423, 740: 0.02600767832010087, 750: 0.025873923916347335, 760: 0.02574523026060338, 770: 0.025617621797538515, 780: 0.02550479676874855, 790: 0.025378181810940002, 800: 0.025284454877017006, 810: 0.025177829058556124, 820: 0.02508445020696052, 830: 0.024975637735618474, 840: 0.024884843634791282, 850: 0.02478992338589584, 860: 0.02470407872956669, 870: 0.02463755569120741, 880: 0.024570436220564963, 890: 0.024490501548696218, 900: 0.024416584042452675, 910: 0.02434680957451918, 920: 0.024284136301375985, 930: 0.02421745789227018, 940: 0.02415656038095367, 950: 0.024094834834670887, 960: 0.024035528730206347, 970: 0.023976645904243008, 980: 0.023930626300300233, 990: 0.023864873074189743, 1000: 0.023828534176815207, 1010: 0.023783560972285917, 1020: 0.023726527537968327, 1030: 0.023693840671715483, 1040: 0.02364973458475738, 1050: 0.02360632191935345, 1060: 0.0235541884742571, 1070: 0.023508743489615187, 1080: 0.023465082741574723, 1090: 0.023421557536009833, 1100: 0.023389094139882622, 1110: 0.023355516629184576, 1120: 0.023329653560059692, 1130: 0.023309844607562046, 1140: 0.023285831700537295, 1150: 0.02325434895989741, 1160: 0.023229019081945676, 1170: 0.02320264056722164, 1180: 0.023181315298116113, 1190: 0.023156090454359412, 1200: 0.02312567817690463, 1210: 0.0230983768791997, 1220: 0.02307629372205128, 1230: 0.023072195839393534, 1240: 0.023052353919044935, 1250: 0.023013713298504247, 1260: 0.02301402335300571, 1270: 0.022993194233856012, 1280: 0.022978753091721007, 1290: 0.022946521959127417, 1300: 0.022923802259719107, 1310: 0.02290817259323171, 1320: 0.022910255138622902, 1330: 0.022895498468942656, 1340: 0.022881710977573706, 1350: 0.022873626626242517, 1360: 0.022871888749396763, 1370: 0.022857031987377496, 1380: 0.022845900474744534, 1390: 0.022838320155811363, 1400: 0.022849084322076274, 1410: 0.022828352658218833, 1420: 0.022822676481502574, 1430: 0.022809755876853983, 1440: 0.022800369530059244, 1450: 0.022800936917143196, 1460: 0.022782637569549385, 1470: 0.022779914308262397, 1480: 0.022780320935142956, 1490: 0.02276694336001192, 1500: 0.022761417011313678, 1510: 0.022771680540169748, 1520: 0.022745423734373778, 1530: 0.02274416930209902, 1540: 0.022728246082562326, 1550: 0.02273634033567839, 1560: 0.022721656173339537, 1570: 0.022706982260960927, 1580: 0.02271858625199363, 1590: 0.022691009283998236, 1600: 0.0226936580282582, 1610: 0.02267738678128294, 1620: 0.022683252676711722, 1630: 0.022687676417085627, 1640: 0.022680947157527893}",1610,0.02267738678128294,0.01,0.01,0.01
energy,FCN,32,0.01,0.0005,"{0: 0.5074114113152385, 10: 0.07445503992280386, 20: 0.06656840860974736, 30: 0.06199675047012722, 40: 0.05841407636713024, 50: 0.05451024257860095, 60: 0.04898263664552963, 70: 0.04344426038223562, 80: 0.03907594023570051, 90: 0.03616571265046761, 100: 0.034059903489066554, 110: 0.03258166387577892, 120: 0.03149285653545732, 130: 0.030471892109830645, 140: 0.02971602763852032, 150: 0.028942054363796033, 160: 0.02830764476984926, 170: 0.027698131983445107, 180: 0.027275904765327534, 190: 0.026790463796557463, 200: 0.026433963806388395, 210: 0.026060266198405947, 220: 0.02563040888260424, 230: 0.025329464939974643, 240: 0.025137377329052534, 250: 0.024886654233171452, 260: 0.02464651173154692, 270: 0.02436743426293941, 280: 0.024214110405119907, 290: 0.023950291237930774, 300: 0.023753235430095367, 310: 0.02350629504025777, 320: 0.023349469863240775, 330: 0.023095515294949583, 340: 0.022975179119457383, 350: 0.022869026375849828, 360: 0.022733667347489335, 370: 0.022640936429458792, 380: 0.022558371891187784, 390: 0.022432276038009853, 400: 0.02236753041941266, 410: 0.02222216651357505, 420: 0.02220633612067107, 430: 0.022110451147452793, 440: 0.022017569853657964, 450: 0.021968043912323765, 460: 0.02188515877806709, 470: 0.021907869421911846, 480: 0.02182830466243262, 490: 0.02178705613901281, 500: 0.021735908869690186, 510: 0.02172437281987436, 520: 0.02168141983935539, 530: 0.02155486967384331, 540: 0.021528285553108633, 550: 0.02142483247427897, 560: 0.021465529259043537, 570: 0.02143408373421758, 580: 0.02135899845455112, 590: 0.021304386112092732, 600: 0.02127346600167921, 610: 0.0212717341397399, 620: 0.021237334748450777, 630: 0.021208005191741642, 640: 0.021233245708901345, 650: 0.021233710387328675, 660: 0.02117874547603324, 670: 0.02124012563512669, 680: 0.021231024467223573, 690: 0.021196789922189964}",660,0.02117874547603324,0.01,0.01,0.01
energy,FCN,32,0.01,0.001,"{0: 0.24589284793064783, 10: 0.07011402477788939, 20: 0.06323220296253343, 30: 0.05522713750743809, 40: 0.04561620440716888, 50: 0.03916212529843686, 60: 0.034488731030214395, 70: 0.031246771732094236, 80: 0.029205998969672086, 90: 0.02803484123583978, 100: 0.026935935967905823, 110: 0.026182481556992782, 120: 0.025496215738582524, 130: 0.025216567659593937, 140: 0.02471025813292495, 150: 0.024180475299785446, 160: 0.023877051109667778, 170: 0.023617439886785208, 180: 0.023397919054645964, 190: 0.023211234031878407, 200: 0.022842421643530293, 210: 0.022710136773356926, 220: 0.02227875001804997, 230: 0.022197885511463622, 240: 0.022031488218154212, 250: 0.021906383097639492, 260: 0.02178384619838839, 270: 0.02170020273831881, 280: 0.021564851524056346, 290: 0.02154229310640697, 300: 0.021399989571384108, 310: 0.02130012577308999, 320: 0.021345968540982814, 330: 0.02132902174421458, 340: 0.021309807328784108}",310,0.02130012577308999,0.01,0.01,0.01
energy,FCN,32,0.01,0.002,"{0: 0.15498269048443594, 10: 0.06670969593428412, 20: 0.055003379099393755, 30: 0.0417961301835405, 40: 0.03500759682459075, 50: 0.03144047120056016, 60: 0.029422651810265453, 70: 0.02776710301593957, 80: 0.02647634297780624, 90: 0.025815808509445325, 100: 0.025191003959995857, 110: 0.02463350365370091, 120: 0.02398528966448946, 130: 0.023990619049696633, 140: 0.023655276355228988, 150: 0.0233417822578089, 160: 0.022937822546256308, 170: 0.02302160415784523, 180: 0.023034416449616336, 190: 0.023065916160361122}",160,0.022937822546256308,0.01,0.01,0.01
energy,FCN,32,0.001,0.0001,"{0: 0.8502539616226594, 10: 0.16573131187397785, 20: 0.0935401912892316, 30: 0.08151019542185955, 40: 0.07541360815084094, 50: 0.07112982375630454, 60: 0.06786260049873061, 70: 0.06516978921405708, 80: 0.06285290008361906, 90: 0.060815538246967574, 100: 0.058895166760615146, 110: 0.05702094625908542, 120: 0.05510017554156903, 130: 0.053100769435479186, 140: 0.05089316707420719, 150: 0.04873061102664655, 160: 0.046531107015863084, 170: 0.04443056927920659, 180: 0.04239877715918337, 190: 0.04046291414969534, 200: 0.03863775585063709, 210: 0.036959819167784874, 220: 0.03536857976426121, 230: 0.03385312172494741, 240: 0.03229403188165392, 250: 0.030837543324201078, 260: 0.029472258642135134, 270: 0.028153579122151405, 280: 0.026827877889199013, 290: 0.025506518344581917, 300: 0.024291150106555793, 310: 0.02309239747214481, 320: 0.021923370505310125, 330: 0.02078211428288494, 340: 0.019692631062518895, 350: 0.018720912222153312, 360: 0.017869315168672732, 370: 0.01709450649732594, 380: 0.016420075637090407, 390: 0.01581126838644705, 400: 0.015271512873673853, 410: 0.014783189062120481, 420: 0.01433343329838887, 430: 0.013960950740881281, 440: 0.013641956865918584, 450: 0.01334877992158091, 460: 0.01310715298463162, 470: 0.012897053028962185, 480: 0.01269763432863683, 490: 0.01252879077259823, 500: 0.012397763345665622, 510: 0.012251557873252406, 520: 0.012120963071064441, 530: 0.012023432840527742, 540: 0.011923885459767256, 550: 0.011811082909117298, 560: 0.011714558511615935, 570: 0.011622744838293933, 580: 0.011531049314604316, 590: 0.011442616612675404, 600: 0.011363797279105322, 610: 0.01129171393834542, 620: 0.011223205381712184, 630: 0.011145475987885178, 640: 0.011075454062528887, 650: 0.01102460069454264, 660: 0.010951312957052253, 670: 0.010894081468083086, 680: 0.010854446379373262, 690: 0.0107829263631672, 700: 0.010754633111752373, 710: 0.01070134297454429, 720: 0.010664162325235755, 730: 0.010633097291757359, 740: 0.010608390683148618, 750: 0.010573933143320122, 760: 0.010550833823275768, 770: 0.010525667635401467, 780: 0.010509293500704418, 790: 0.010491058800898775, 800: 0.01047291664134075, 810: 0.010464070698857807, 820: 0.010445308576381563, 830: 0.010432103062891374, 840: 0.010417179364162903, 850: 0.01038627623541048, 860: 0.010376922373737985, 870: 0.01035263889012296, 880: 0.010326345955862886, 890: 0.010318898948836204, 900: 0.010297679023448029, 910: 0.010284476766756765, 920: 0.010281318860823879, 930: 0.010276089468207517, 940: 0.01027134517730315, 950: 0.010267327581341764, 960: 0.010271705699682148, 970: 0.010258780311327367, 980: 0.01026113861906138, 990: 0.01025019597348288, 1000: 0.010241872649073827, 1010: 0.01024008852489393, 1020: 0.010237613215910447, 1030: 0.010241189604784236, 1040: 0.010226624098539503, 1050: 0.01021115319057604, 1060: 0.010214359044838028, 1070: 0.010195861799898393, 1080: 0.010188509767330656, 1090: 0.010192618289172718, 1100: 0.0101713820777046, 1110: 0.010176043373567473, 1120: 0.010173011392798843, 1130: 0.010176574369175273}",1100,0.0101713820777046,0.01,0.01,0.01
energy,FCN,32,0.001,0.0005,"{0: 0.49045373741649045, 10: 0.07366335958323844, 20: 0.0649885170154773, 30: 0.05705192291362634, 40: 0.047341276726267284, 50: 0.03800378957447784, 60: 0.03180080751831231, 70: 0.026449326525911376, 80: 0.022373240507789594, 90: 0.018985306647026894, 100: 0.016599654049569014, 110: 0.015227042556386955, 120: 0.014491778164238082, 130: 0.013997627602855129, 140: 0.013571392020711351, 150: 0.013270447185375001, 160: 0.013105516564525493, 170: 0.012974868238746311, 180: 0.012752654766630395, 190: 0.012682760138224497, 200: 0.012633559661373093, 210: 0.01250144118481859, 220: 0.012427673395040407, 230: 0.012421881299186362, 240: 0.01238218492132083, 250: 0.012374268133961846, 260: 0.01228339917351796, 270: 0.012261833082256469, 280: 0.012340578230106081, 290: 0.012251592991772087, 300: 0.01225240119551319, 310: 0.012139541211827354, 320: 0.011937001441518127, 330: 0.011713543060909316, 340: 0.011616655881228042, 350: 0.011700605591961413, 360: 0.011725165326730177, 370: 0.011725840238412647}",340,0.011616655881228042,0.01,0.01,0.01
energy,FCN,32,0.001,0.001,"{0: 0.22531107220846894, 10: 0.06750797059068707, 20: 0.05218684262018013, 30: 0.036609310867900646, 40: 0.02700697903409769, 50: 0.020037736739145544, 60: 0.01578672886525091, 70: 0.014453997681053673, 80: 0.013733161485085035, 90: 0.013359732579777007, 100: 0.013090923215670597, 110: 0.012959905392531909, 120: 0.01259431631320336, 130: 0.012439690604714093, 140: 0.01352862361410175, 150: 0.012536666726086035, 160: 0.011671254375330606, 170: 0.012295392328146143, 180: 0.011875025454775048, 190: 0.012921059652855121}",160,0.011671254375330606,0.01,0.01,0.01
energy,FCN,32,0.001,0.002,"{0: 0.14110465505278683, 10: 0.05812637503307914, 20: 0.03216885255887264, 30: 0.020511628198322574, 40: 0.014067443442922798, 50: 0.012456353887079991, 60: 0.012301644504613459, 70: 0.011464138184756629, 80: 0.015050152376568208, 90: 0.01190060701922047, 100: 0.01132257115682973, 110: 0.01213678494219929, 120: 0.011669884048532395, 130: 0.013782604254497205}",100,0.01132257115682973,0.01,0.01,0.01
energy,FCN,32,0.0001,0.0001,"{0: 0.8647865987294328, 10: 0.16464532373444996, 20: 0.09138405182278825, 30: 0.08014054028455113, 40: 0.0745773841091832, 50: 0.07088846297375832, 60: 0.06809409124001922, 70: 0.0657175139398054, 80: 0.06356821169799429, 90: 0.06143936570954731, 100: 0.05918284819060352, 110: 0.05690580476072928, 120: 0.05448439612624194, 130: 0.051966396140489014, 140: 0.049415917100001774, 150: 0.04681435491416544, 160: 0.0443023463832042, 170: 0.041926102774913085, 180: 0.039645575788346245, 190: 0.03754096633292796, 200: 0.03556097680634536, 210: 0.03373002057539317, 220: 0.0320284321892018, 230: 0.030410788350768502, 240: 0.02889715405708589, 250: 0.027450017683261607, 260: 0.026127242631803122, 270: 0.02486166588911931, 280: 0.023634445692886596, 290: 0.022425327423126334, 300: 0.021201025089193158, 310: 0.020052306004678878, 320: 0.01897529079262914, 330: 0.01798750657695489, 340: 0.01712812486776317, 350: 0.016351646333327138, 360: 0.015645613637569743, 370: 0.015048729781323067, 380: 0.014500725672158394, 390: 0.014022903257736908, 400: 0.013629828744340655, 410: 0.013306151263541927, 420: 0.013020251997822616, 430: 0.012793362490519012, 440: 0.012597786442962677, 450: 0.012415197807113802, 460: 0.012268841617426526, 470: 0.01215427979667052, 480: 0.012066135942433479, 490: 0.011976184919275424, 500: 0.011905670211383931, 510: 0.011838298142549655, 520: 0.011770588049634559, 530: 0.011696786886880724, 540: 0.011640774169779136, 550: 0.01157874585255061, 560: 0.011530864439315336, 570: 0.01147731043663763, 580: 0.011418697268242945, 590: 0.01136093327226213, 600: 0.011333345255352617, 610: 0.011285541227091599, 620: 0.011251935646308811, 630: 0.011228556551228387, 640: 0.011179709308855826, 650: 0.011165224896416448, 660: 0.011146924454943747, 670: 0.011115199864031327, 680: 0.011097283643615393, 690: 0.011081363292510023, 700: 0.011038607385197702, 710: 0.011047805705151566, 720: 0.011017107891630592, 730: 0.01101486842883705, 740: 0.01100246743942664, 750: 0.010998868546110402, 760: 0.010980253958101215, 770: 0.011004729497746798, 780: 0.01102631775375322, 790: 0.011045768348529675}",760,0.010980253958101215,0.01,0.01,0.01
energy,FCN,32,0.0001,0.0005,"{0: 0.5263712620816199, 10: 0.07319784330669107, 20: 0.06433871013468487, 30: 0.055351693317439096, 40: 0.04656651094382078, 50: 0.0378663035372043, 60: 0.031189718586408222, 70: 0.025583777651334745, 80: 0.02074159802649258, 90: 0.016559230858505004, 100: 0.014004472100306125, 110: 0.012561182217881248, 120: 0.011880534459337419, 130: 0.011451111496297694, 140: 0.011200321102300122, 150: 0.010983110635089433, 160: 0.01090263627014243, 170: 0.010871962327748442, 180: 0.010756154034205311, 190: 0.010709246723474116, 200: 0.010788189071859541, 210: 0.01141151191263807, 220: 0.010954097524798206}",190,0.010709246723474116,0.01,0.01,0.01
energy,FCN,32,0.0001,0.001,"{0: 0.21353568091966718, 10: 0.06792805404241573, 20: 0.05175783736416535, 30: 0.035954317029634586, 40: 0.02542952114809764, 50: 0.017373382736890656, 60: 0.014192340135344459, 70: 0.013122216741974358, 80: 0.012666321175221831, 90: 0.012567055318032889, 100: 0.012207371886687033, 110: 0.012405579466612044, 120: 0.014190819211327524, 130: 0.018379367003459386}",100,0.012207371886687033,0.01,0.01,0.01
energy,FCN,32,0.0001,0.002,"{0: 0.15211659908517114, 10: 0.05843629057421203, 20: 0.032150536491537464, 30: 0.0188617337268185, 40: 0.014887658028371702, 50: 0.010697544689142389, 60: 0.014261540916900897, 70: 0.011402177465683627, 80: 0.012416088759293899}",50,0.010697544689142389,0.01,0.01,0.01
energy,FCN,32,1e-05,0.0001,"{0: 0.8745279456144586, 10: 0.164566633851627, 20: 0.09206296599627845, 30: 0.07960324659744977, 40: 0.07367278818851883, 50: 0.06998277261558293, 60: 0.06723805681977227, 70: 0.06485970044642882, 80: 0.06263161160907801, 90: 0.06051410869504712, 100: 0.058321408416783425, 110: 0.056047728581657644, 120: 0.05381083419976211, 130: 0.05151969201795288, 140: 0.0492301063998634, 150: 0.04703994809644796, 160: 0.04478103265163303, 170: 0.04258249642638489, 180: 0.04039422810657587, 190: 0.03824513092052177, 200: 0.03615537089232753, 210: 0.03405944523526305, 220: 0.032040697700334964, 230: 0.030147975057166893, 240: 0.02839584930773959, 250: 0.02679615221189254, 260: 0.025203625917882545, 270: 0.02374693647120855, 280: 0.022423243904805306, 290: 0.021211998232178696, 300: 0.020093300523452127, 310: 0.019042808880926958, 320: 0.018071241026160107, 330: 0.017144913908380154, 340: 0.016273401057248105, 350: 0.015501402896697002, 360: 0.014821318270211343, 370: 0.014206385503814872, 380: 0.013664960916777574, 390: 0.013210017928898565, 400: 0.012832213427864513, 410: 0.012500500263973691, 420: 0.012237711337509333, 430: 0.012011984906140846, 440: 0.011816387978265357, 450: 0.011661954492471559, 460: 0.011527418584516787, 470: 0.011414003352021796, 480: 0.011321441842622654, 490: 0.011244681036698331, 500: 0.011169638113354178, 510: 0.011126102696482093, 520: 0.011076670481699132, 530: 0.01103187358847421, 540: 0.01099268443313717, 550: 0.010953257649051584, 560: 0.010920656696331849, 570: 0.010895899759835657, 580: 0.010866231832248135, 590: 0.01082550775408437, 600: 0.010797031767039254, 610: 0.01076051644996051, 620: 0.010743948137994612, 630: 0.010717070978492355, 640: 0.010678715500287988, 650: 0.010657462088584077, 660: 0.010622618030399227, 670: 0.010570093755579628, 680: 0.010545369264969233, 690: 0.010516738315393043, 700: 0.01049531883581595, 710: 0.010469417579995383, 720: 0.010457353363208067, 730: 0.010446625398418577, 740: 0.01042629460814467, 750: 0.010429051292057984, 760: 0.010423389953794113, 770: 0.010433759787480512, 780: 0.01046151704866527, 790: 0.010508402990365697}",760,0.010423389953794113,0.01,0.01,0.01
energy,FCN,32,1e-05,0.0005,"{0: 0.4261235020982255, 10: 0.07258021503212245, 20: 0.062320115056281634, 30: 0.05229773620729659, 40: 0.04362427550352495, 50: 0.036423581612101394, 60: 0.029450187092148215, 70: 0.022857550416932684, 80: 0.017942966917942053, 90: 0.01521104177328252, 100: 0.014037581129148791, 110: 0.013393850343414351, 120: 0.013041441041482684, 130: 0.012747072499639134, 140: 0.012558447191680148, 150: 0.012386832603998308, 160: 0.01224287480055565, 170: 0.012172256571424556, 180: 0.01211291435345318, 190: 0.012081923612481444, 200: 0.011983501294961191, 210: 0.012024715922906446, 220: 0.011986308137850354, 230: 0.012005639491486347}",200,0.011983501294961191,0.01,0.01,0.01
energy,FCN,32,1e-05,0.001,"{0: 0.22273646745819353, 10: 0.06554956604741136, 20: 0.050939869012186625, 30: 0.034595030271371854, 40: 0.024472176638476156, 50: 0.018287474270234777, 60: 0.01462891296104121, 70: 0.01284206461046682, 80: 0.012433366179262679, 90: 0.011831240525873091, 100: 0.012474364729571603, 110: 0.011714077061016123, 120: 0.011628786457063764, 130: 0.011757647386832378, 140: 0.011373746483675479, 150: 0.012776357187242442, 160: 0.011459248610919282, 170: 0.012309427949394245}",140,0.011373746483675479,0.01,0.01,0.01
energy,FCN,32,1e-05,0.002,"{0: 0.1439436163919601, 10: 0.06067352270796611, 20: 0.0328186320468404, 30: 0.01975099036943475, 40: 0.014471417088391747, 50: 0.014341909269410405, 60: 0.01722147014697359, 70: 0.014815038210594081, 80: 0.014092839903251681, 90: 0.014285843392222618, 100: 0.015463769783437307, 110: 0.014490000881288434}",80,0.014092839903251681,0.01,0.01,0.01
energy,FCN,32,1e-09,0.0001,"{0: 0.8945156187402968, 10: 0.18826337587711464, 20: 0.10328640638630056, 30: 0.08636339031716958, 40: 0.07926240988223691, 50: 0.07489723382565112, 60: 0.0717498396117775, 70: 0.06903124349615057, 80: 0.06658871382485823, 90: 0.06421681571859575, 100: 0.06190154415538044, 110: 0.05960756295724192, 120: 0.057399320030639786, 130: 0.05518562068806979, 140: 0.05296692502165172, 150: 0.0506976894543268, 160: 0.048452012936542325, 170: 0.04626574168294791, 180: 0.04413381658487521, 190: 0.04214881898153349, 200: 0.040364874547562664, 210: 0.03868017387403244, 220: 0.03708599739044301, 230: 0.035598810083367745, 240: 0.03419040063492666, 250: 0.03280356597241228, 260: 0.03145289972087379, 270: 0.02991964297085369, 280: 0.028419474466957917, 290: 0.027061742200442558, 300: 0.025747724866992783, 310: 0.024484668617022205, 320: 0.023331179268887548, 330: 0.022219134037652626, 340: 0.021189648011932925, 350: 0.020273364339940876, 360: 0.01945103345639675, 370: 0.018775653666997256, 380: 0.018180854464756376, 390: 0.017648044064507935, 400: 0.01717866726900365, 410: 0.01673387983697451, 420: 0.016395934362385997, 430: 0.016084996437052877, 440: 0.01586380136397526, 450: 0.015664983495938832, 460: 0.015503086804485667, 470: 0.015381771629008667, 480: 0.015290435610380505, 490: 0.015222513656301107, 500: 0.015167877430675445, 510: 0.015135130513145153, 520: 0.015104308487520002, 530: 0.015068420119644179, 540: 0.01506403749720539, 550: 0.015054113181079767, 560: 0.015050711299750894, 570: 0.015030803348470392, 580: 0.015021666038225814, 590: 0.015016982013263592, 600: 0.015014395349082211, 610: 0.015040739651336944, 620: 0.015055113245736681, 630: 0.01506386922917417}",600,0.015014395349082211,0.01,0.01,0.01
energy,FCN,32,1e-09,0.0005,"{0: 0.5124955492656453, 10: 0.07450799896764974, 20: 0.06567859902052456, 30: 0.05741582020330743, 40: 0.04768788354491434, 50: 0.039744349387410435, 60: 0.03420760946828183, 70: 0.029781551358819915, 80: 0.025259406649879097, 90: 0.02092370584827573, 100: 0.018003389020798587, 110: 0.01648776013554076, 120: 0.01563703247546945, 130: 0.01506533060667486, 140: 0.01475617619664297, 150: 0.014514595965167038, 160: 0.01441355401172928, 170: 0.014347433801799989, 180: 0.014242614066201208, 190: 0.014229261592168552, 200: 0.014386840433606713, 210: 0.0146666483630121, 220: 0.014459255683556941}",190,0.014229261592168552,0.01,0.01,0.01
energy,FCN,32,1e-09,0.001,"{0: 0.24081659932625418, 10: 0.06558089737461262, 20: 0.0519530976459525, 30: 0.035054491216588164, 40: 0.024249829051267158, 50: 0.017410919549074966, 60: 0.015043716504077553, 70: 0.014175319587125406, 80: 0.013562161494609985, 90: 0.013002134346471822, 100: 0.012700248635634057, 110: 0.012917620164638762, 120: 0.016097946414669623, 130: 0.012770756321604071}",100,0.012700248635634057,0.01,0.01,0.01
energy,FCN,32,1e-09,0.002,"{0: 0.13293541858696895, 10: 0.0595697918240744, 20: 0.03564522228633565, 30: 0.0205558207687415, 40: 0.016409737550270337, 50: 0.012178390554473794, 60: 0.013025935281276125, 70: 0.016681700361976737, 80: 0.011774252751646268, 90: 0.012253310451564327, 100: 0.013427084570411233, 110: 0.01640374426141989}",80,0.011774252751646268,0.01,0.01,0.01
energy,noisyFCN,32,0.1,0.0001,"{0: 0.9173737896596146, 10: 0.27183094318907974, 20: 0.13793150519605368, 30: 0.11065288912542148, 40: 0.10079394044166134, 50: 0.09581874882767365, 60: 0.09282480783231271, 70: 0.09074319879380796, 80: 0.0891836763480878, 90: 0.08801111746303847, 100: 0.08706856919545643, 110: 0.086429361781267, 120: 0.086020684458229, 130: 0.0857676617632377, 140: 0.08564545766947096, 150: 0.08561074965791465, 160: 0.08565291564285508, 170: 0.08579918730919098, 180: 0.08602302873808274}",150,0.08561074965791465,0.01,0.001,0.01
energy,noisyFCN,32,0.1,0.0001,"{0: 0.9071961356769573, 10: 0.25669544231457886, 20: 0.1342698460989724, 30: 0.10954231925236216, 40: 0.10057624121719515, 50: 0.09581522755349665, 60: 0.09281074601164362, 70: 0.09068415870811324, 80: 0.08912694472742608, 90: 0.08788720355456658, 100: 0.08702848282852808, 110: 0.08641452825601285, 120: 0.08602781490635414, 130: 0.08584734664314606, 140: 0.08583321352142359, 150: 0.08585841833609717, 160: 0.08594681776361943, 170: 0.08608656320832625}",140,0.08583321352142359,0.01,0.005,0.01
energy,noisyFCN,32,0.1,0.0001,"{0: 0.8967778992592518, 10: 0.2629027570337037, 20: 0.1364063992830224, 30: 0.10956747817521284, 40: 0.09947317901754973, 50: 0.09439663100884896, 60: 0.09132444087307198, 70: 0.08924716222243326, 80: 0.08776617617012818, 90: 0.08670379530792868, 100: 0.08590535493613513, 110: 0.08537485285993658, 120: 0.08501677490610943, 130: 0.08479388096198136, 140: 0.08477309831941539, 150: 0.08478249053700548, 160: 0.0849688745221821, 170: 0.08522921645991265}",140,0.08477309831941539,0.01,0.01,0.01
energy,noisyFCN,32,0.1,0.0001,"{0: 0.8956241984137309, 10: 0.2900988196545754, 20: 0.1511810866549589, 30: 0.11701485988695541, 40: 0.10416903701481399, 50: 0.09812554787935279, 60: 0.09448922541879756, 70: 0.09204995609242947, 80: 0.09036631992534369, 90: 0.08884201484486436, 100: 0.08782703471931715, 110: 0.08720657279193361, 120: 0.0866922745420808, 130: 0.08637886584931162, 140: 0.08632458218894815, 150: 0.08631533665057979, 160: 0.08635639923134517, 170: 0.08656833975112996, 180: 0.08672061171956132}",150,0.08631533665057979,0.01,0.05,0.01
energy,noisyFCN,32,0.1,0.0001,"{0: 0.948652882090127, 10: 0.30496349614667173, 20: 0.15134832916971716, 30: 0.11690416686970692, 40: 0.10464917085205858, 50: 0.09854237313657765, 60: 0.09435531168185074, 70: 0.09187212598805632, 80: 0.08984740411714523, 90: 0.08862488125918247, 100: 0.08768616778517617, 110: 0.08672462089753588, 120: 0.08624635077392309, 130: 0.0857396746338542, 140: 0.08558159168384147, 150: 0.08550663781616111, 160: 0.08544856892938647, 170: 0.08543142963145696, 180: 0.08557810252213358, 190: 0.08573129153271111, 200: 0.08602460517696853}",170,0.08543142963145696,0.01,0.1,0.01
energy,noisyFCN,32,0.1,0.0005,"{0: 0.5562310467596676, 10: 0.09303430215191574, 20: 0.08620081227985235, 30: 0.08531726442806709, 40: 0.08624679115189403, 50: 0.08750419343680076, 60: 0.08868884794363399}",30,0.08531726442806709,0.01,0.001,0.01
energy,noisyFCN,32,0.1,0.0005,"{0: 0.5619184325937111, 10: 0.09396327144739294, 20: 0.08687495508564005, 30: 0.08597542907122642, 40: 0.08687767527732358, 50: 0.08809026998878479, 60: 0.089138460412123}",30,0.08597542907122642,0.01,0.005,0.01
energy,noisyFCN,32,0.1,0.0005,"{0: 0.5258633365491923, 10: 0.09266073047622242, 20: 0.0876431312409541, 30: 0.0868450486813325, 40: 0.08722591921150899, 50: 0.08836456327035666, 60: 0.08936853407741022}",30,0.0868450486813325,0.01,0.01,0.01
energy,noisyFCN,32,0.1,0.0005,"{0: 0.5643150615347364, 10: 0.09805475719383314, 20: 0.08860949760263925, 30: 0.08686564543384893, 40: 0.08718082220996759, 50: 0.08837688161643857, 60: 0.08933248946257755}",30,0.08686564543384893,0.01,0.05,0.01
energy,noisyFCN,32,0.1,0.0005,"{0: 0.5739318084084445, 10: 0.09420485242716665, 20: 0.08712514135830166, 30: 0.08601945561648416, 40: 0.08625238146550986, 50: 0.0878204109341077, 60: 0.08916109797965444}",30,0.08601945561648416,0.01,0.1,0.01
energy,noisyFCN,32,0.1,0.001,"{0: 0.29549319184487394, 10: 0.08848800979267672, 20: 0.08819946189268611, 30: 0.09024142853793551, 40: 0.09124155585787765, 50: 0.09155134964611679}",20,0.08819946189268611,0.01,0.001,0.01
energy,noisyFCN,32,0.1,0.001,"{0: 0.3168297976040926, 10: 0.08623450565579238, 20: 0.08646988503016281, 30: 0.08928626927831532, 40: 0.09062963850646277}",10,0.08623450565579238,0.01,0.005,0.01
energy,noisyFCN,32,0.1,0.001,"{0: 0.290194238552519, 10: 0.08725878425209614, 20: 0.087605000859866, 30: 0.09002200119097073, 40: 0.09113412668279817}",10,0.08725878425209614,0.01,0.01,0.01
energy,noisyFCN,32,0.1,0.001,"{0: 0.3094623211430149, 10: 0.08762399217025227, 20: 0.08784776590024726, 30: 0.0898484492584354, 40: 0.0906388492593682}",10,0.08762399217025227,0.01,0.05,0.01
energy,noisyFCN,32,0.1,0.001,"{0: 0.3407938548271519, 10: 0.08782072950228523, 20: 0.08828092110031098, 30: 0.08966777742228778, 40: 0.09082209772464991}",10,0.08782072950228523,0.01,0.1,0.01
energy,noisyFCN,32,0.1,0.002,"{0: 0.16779420686150637, 10: 0.09085913629678351, 20: 0.09442271977001694, 30: 0.09488849095671507, 40: 0.09484288354383046}",10,0.09085913629678351,0.01,0.001,0.01
energy,noisyFCN,32,0.1,0.002,"{0: 0.1794883024618258, 10: 0.0904175635349285, 20: 0.09456375995850733, 30: 0.09480187946179065, 40: 0.0949696288320099}",10,0.0904175635349285,0.01,0.005,0.01
energy,noisyFCN,32,0.1,0.002,"{0: 0.15648137273632587, 10: 0.09245697155964226, 20: 0.09455722396046133, 30: 0.09470336250469284, 40: 0.09520550556297178}",10,0.09245697155964226,0.01,0.01,0.01
energy,noisyFCN,32,0.1,0.002,"{0: 0.1740839606914364, 10: 0.09119277662717627, 20: 0.09373659083410435, 30: 0.09457321907720709, 40: 0.09448401041971387}",10,0.09119277662717627,0.01,0.05,0.01
energy,noisyFCN,32,0.1,0.002,"{0: 0.15019389569965919, 10: 0.09089915757028402, 20: 0.09444652076988844, 30: 0.09441855256535699, 40: 0.09490205208764352}",10,0.09089915757028402,0.01,0.1,0.01
energy,noisyFCN,32,0.01,0.0001,"{0: 0.8799343214326741, 10: 0.17128937691609, 20: 0.09351291194176828, 30: 0.08240539222264567, 40: 0.07765811924459806, 50: 0.07465509373119208, 60: 0.0723561290476293, 70: 0.07034865958117396, 80: 0.0687299991395177, 90: 0.06728362237177386, 100: 0.06599001222373636, 110: 0.06475375725261, 120: 0.06356592003028186, 130: 0.06244120349064638, 140: 0.0613772526345169, 150: 0.060335295581496286, 160: 0.05928882883498465, 170: 0.058264691822948765, 180: 0.05721893633693341, 190: 0.056127850670234916, 200: 0.05501565001180064, 210: 0.053836652872418386, 220: 0.05253672022777138, 230: 0.05127928197472259, 240: 0.05005370237337388, 250: 0.048793198024737625, 260: 0.04753052826767744, 270: 0.046311163367445625, 280: 0.045163604226169406, 290: 0.04403846684148689, 300: 0.04296573546132802, 310: 0.04198417051004026, 320: 0.041043987150877356, 330: 0.04014648398200497, 340: 0.039322016467718254, 350: 0.038508522349412114, 360: 0.037748115959136734, 370: 0.03702757051744597, 380: 0.03630273629545443, 390: 0.03568807705342134, 400: 0.035093585317069395, 410: 0.03453969942078374, 420: 0.03401385140268267, 430: 0.03352734248205874, 440: 0.033066783762954875, 450: 0.032623989625873526, 460: 0.03219791331483486, 470: 0.03178240401705341, 480: 0.031380397748605744, 490: 0.031015368217214356, 500: 0.0306449240172863, 510: 0.03031111068409927, 520: 0.029960374562778537, 530: 0.029629793830263595, 540: 0.029319742297266867, 550: 0.029039681684680102, 560: 0.02877711904763095, 570: 0.02853126374635496, 580: 0.028310319772142857, 590: 0.02810543228725775, 600: 0.02788775871334915, 610: 0.027713353665751384, 620: 0.027523782571292864, 630: 0.027338503492547007, 640: 0.027170978131634892, 650: 0.027000127133494905, 660: 0.026836894369481463, 670: 0.026681281582705697, 680: 0.02654007250108207, 690: 0.02636610353617518, 700: 0.026246434259317157, 710: 0.02610028358790778, 720: 0.0259737207690696, 730: 0.025863567035554386, 740: 0.025734855940779712, 750: 0.025620248207161345, 760: 0.025528169652852005, 770: 0.0254286701309501, 780: 0.02536025452367364, 790: 0.025277556632943954, 800: 0.025200310143215505, 810: 0.025107933909240147, 820: 0.025029230577513474, 830: 0.024956649052870164, 840: 0.0248815505335776, 850: 0.024796314653807064, 860: 0.02474740467226801, 870: 0.024672808633640846, 880: 0.024603668117741062, 890: 0.024532102436888793, 900: 0.02448538511640967, 910: 0.02442860030264405, 920: 0.02435955212262969, 930: 0.024323703584874547, 940: 0.02427039419472273, 950: 0.024219439945684047, 960: 0.024163446451996452, 970: 0.024102945518089693, 980: 0.02404800937578676, 990: 0.02400306628603157, 1000: 0.02395551231569721, 1010: 0.023918597009561744, 1020: 0.023869167280316503, 1030: 0.023829835017999814, 1040: 0.023782515597116242, 1050: 0.023750883522805303, 1060: 0.023711826104393218, 1070: 0.023666575130020108, 1080: 0.02362588845760893, 1090: 0.02355655756470312, 1100: 0.023501329046121587, 1110: 0.023488110009177193, 1120: 0.023431377808396957, 1130: 0.023382845764559426, 1140: 0.023342782689210546, 1150: 0.02330143921155203, 1160: 0.02326162660865089, 1170: 0.02320808978689487, 1180: 0.023186462930490915, 1190: 0.02312825240860613, 1200: 0.0231136333945591, 1210: 0.02306190563702697, 1220: 0.023041739410794126, 1230: 0.0230005703440479, 1240: 0.022946117154426706, 1250: 0.022935359870440743, 1260: 0.022891045183561, 1270: 0.022885134014981594, 1280: 0.02285207993693885, 1290: 0.022822398347049, 1300: 0.022780543792132384, 1310: 0.022763977184227374, 1320: 0.022728846372876876, 1330: 0.022718646191432924, 1340: 0.022676923950853807, 1350: 0.022669789151268833, 1360: 0.022640140273454474, 1370: 0.022609997243255152, 1380: 0.022598982233701586, 1390: 0.022561465467357496, 1400: 0.022537885407959278, 1410: 0.02253009605925373, 1420: 0.022517106994489035, 1430: 0.022483535003605705, 1440: 0.022474558579851023, 1450: 0.02243818452614781, 1460: 0.022412891637727046, 1470: 0.02238258464485566, 1480: 0.02238399139157986, 1490: 0.022342406004303837, 1500: 0.02233686996188189, 1510: 0.022316841379316443, 1520: 0.02228447728960769, 1530: 0.02227514710251997, 1540: 0.022254248442532706, 1550: 0.02223950773038146, 1560: 0.022213122412496834, 1570: 0.022192205296384722, 1580: 0.022195070210755403, 1590: 0.022169565331371054, 1600: 0.02213747657879673, 1610: 0.022135565352992194, 1620: 0.022123917665168212, 1630: 0.022094447390521056, 1640: 0.02206767621483268, 1650: 0.02207221971698404, 1660: 0.022075078374004027, 1670: 0.022032125563116595, 1680: 0.022026322236204925, 1690: 0.02201064601761511, 1700: 0.021992999234827747, 1710: 0.021975815117306532, 1720: 0.021972429082587046, 1730: 0.021943783996010817, 1740: 0.02194835898185509, 1750: 0.021934964216989383, 1760: 0.021923181032120195, 1770: 0.02191297376783339, 1780: 0.02188083984267588, 1790: 0.021887195522322364, 1800: 0.02186980349981521, 1810: 0.021851844955486456, 1820: 0.02184093279063237, 1830: 0.021856088761558506, 1840: 0.021815885086167133, 1850: 0.021810439924220316, 1860: 0.021802153311050183, 1870: 0.021794966255070984, 1880: 0.021778223103037175, 1890: 0.021780669043024555, 1900: 0.02177398655922071, 1910: 0.02173615943150915, 1920: 0.0217342737875705, 1930: 0.02173242342118266, 1940: 0.021733950862744666, 1950: 0.021703323607614646, 1960: 0.021708092378785328, 1970: 0.021704823765037306, 1980: 0.021693689006714763, 1990: 0.021691791253745575}",1990,0.021691791253745575,0.01,0.001,0.01
energy,noisyFCN,32,0.01,0.0001,"{0: 0.910774974655854, 10: 0.17984095299210562, 20: 0.09809688257554222, 30: 0.08568607254630803, 40: 0.07963475067018032, 50: 0.075735817081838, 60: 0.07292983252776077, 70: 0.07067845588802942, 80: 0.06884017076875057, 90: 0.06718401322663863, 100: 0.0656361811227454, 110: 0.06426035023602099, 120: 0.06298994657481875, 130: 0.06181532810729503, 140: 0.06068804474190269, 150: 0.05952676808520879, 160: 0.05844452669817966, 170: 0.05736904831740454, 180: 0.05631278268104154, 190: 0.05526664669790674, 200: 0.05417535487827056, 210: 0.053004782361154815, 220: 0.05175759747870665, 230: 0.050453828742366924, 240: 0.04907714278533644, 250: 0.04769117810987964, 260: 0.046323892537975614, 270: 0.044924902906868514, 280: 0.04363801616911696, 290: 0.0424185391739418, 300: 0.04125931526853389, 310: 0.04013711073504485, 320: 0.03908120857927301, 330: 0.038126487540053586, 340: 0.03725786293686374, 350: 0.03647158088781437, 360: 0.03572241968018371, 370: 0.03502691582914759, 380: 0.034383637856483046, 390: 0.033825655893984834, 400: 0.03327246572766227, 410: 0.03273693724695157, 420: 0.032287368740140196, 430: 0.031830154204554685, 440: 0.031410511019380874, 450: 0.031040622643117514, 460: 0.030727507568315892, 470: 0.030405941016537125, 480: 0.03011699064992101, 490: 0.029837285285818325, 500: 0.02954684017380265, 510: 0.02926593876627387, 520: 0.02904043315683768, 530: 0.02878767568007356, 540: 0.028581588198004458, 550: 0.028348867090074607, 560: 0.02815483369818969, 570: 0.027961517525726353, 580: 0.027766786733381305, 590: 0.027572589099191712, 600: 0.027375482419247782, 610: 0.02720206389773409, 620: 0.027030537813637755, 630: 0.026868439412908042, 640: 0.026683191072623257, 650: 0.026533553936927978, 660: 0.026369330287625135, 670: 0.026195933249934578, 680: 0.026070177067862133, 690: 0.025899277658102578, 700: 0.025774798672420374, 710: 0.02562966044775235, 720: 0.025504157043036213, 730: 0.025346307527940704, 740: 0.02520940481360759, 750: 0.025083323205953655, 760: 0.024963462115918954, 770: 0.024850888637070908, 780: 0.02472779972549003, 790: 0.024622845582541873, 800: 0.024518536923766755, 810: 0.02440047532359247, 820: 0.02431733565804451, 830: 0.02422582606429873, 840: 0.02413405180483854, 850: 0.0240238419867626, 860: 0.023935079649557482, 870: 0.02384361715650445, 880: 0.023772809722172956, 890: 0.023687347849674835, 900: 0.023617023193155402, 910: 0.023542631404132035, 920: 0.023463110203042824, 930: 0.023372345534218446, 940: 0.02332215387678025, 950: 0.023249714079820783, 960: 0.023183855046925904, 970: 0.023118364594714905, 980: 0.02304534473212285, 990: 0.022992502122930757, 1000: 0.02294544836305907, 1010: 0.02290295835459779, 1020: 0.022833488209417118, 1030: 0.022783345877915702, 1040: 0.022736399952040725, 1050: 0.02268587438180878, 1060: 0.022640311038269294, 1070: 0.022593320392352227, 1080: 0.02255499453463706, 1090: 0.02250304977849819, 1100: 0.022468858066383726, 1110: 0.022429646238760124, 1120: 0.022365300320649917, 1130: 0.022321761805451458, 1140: 0.022302743694175883, 1150: 0.02228099204489136, 1160: 0.022238542666845197, 1170: 0.02220760030098737, 1180: 0.022178133067493833, 1190: 0.022142112481577998, 1200: 0.022096024353519393, 1210: 0.022066748204926413, 1220: 0.022042548311540372, 1230: 0.022011102977422665, 1240: 0.02197515100544073, 1250: 0.02195009088646916, 1260: 0.021929681432343685, 1270: 0.021895673335160588, 1280: 0.02187982289299049, 1290: 0.02185053492813218, 1300: 0.021815154750153817, 1310: 0.021792967552245933, 1320: 0.02175782143547843, 1330: 0.021758773070120196, 1340: 0.02170580943328181, 1350: 0.02168153253807579, 1360: 0.021674634116228487, 1370: 0.021656155372819237, 1380: 0.021637770686138237, 1390: 0.021584664664787204, 1400: 0.021569154553803527, 1410: 0.021546929732772384, 1420: 0.021531458540918764, 1430: 0.02150305571528823, 1440: 0.021504667939129918, 1450: 0.021474572813095415, 1460: 0.021445040872034297, 1470: 0.021429732885034452, 1480: 0.02141496933136231, 1490: 0.021395304054294913, 1500: 0.021388742253561667, 1510: 0.02137790373478725, 1520: 0.02134504786535043, 1530: 0.021321163286086194, 1540: 0.021315996432494443, 1550: 0.02129048063785561, 1560: 0.02128998063170547, 1570: 0.02128167359179995, 1580: 0.021248553238494325, 1590: 0.021234792017472377, 1600: 0.021225481933496937, 1610: 0.02120067545945277, 1620: 0.021198703515165, 1630: 0.021181053499597223, 1640: 0.02117422149387178, 1650: 0.02116615153287079, 1660: 0.0211420002841646, 1670: 0.021123755065490645, 1680: 0.021120101371766387, 1690: 0.021110347648664235, 1700: 0.02110195530993822, 1710: 0.021099430032612665, 1720: 0.021085392577591282, 1730: 0.021071678618428177, 1740: 0.021049361180737032, 1750: 0.021045296002955426, 1760: 0.02102974338351977, 1770: 0.02102077254829634, 1780: 0.0210123352844213, 1790: 0.02100197533705358, 1800: 0.02099040763736403, 1810: 0.020979770741002306, 1820: 0.020977173330577338, 1830: 0.020968514364935166, 1840: 0.02095477315380635, 1850: 0.020952282178966775, 1860: 0.020956766609994713, 1870: 0.020941709264130786, 1880: 0.020909277734627342, 1890: 0.02091257789040782, 1900: 0.02089650658457403, 1910: 0.020901918718518098, 1920: 0.020882490474974518, 1930: 0.020877693550057703, 1940: 0.02087747909917615, 1950: 0.020846380870086733, 1960: 0.020855184691579168, 1970: 0.02083372661917627, 1980: 0.02083783198168369, 1990: 0.020824969822982025}",1990,0.020824969822982025,0.01,0.005,0.01
energy,noisyFCN,32,0.01,0.0001,"{0: 0.8941765256155559, 10: 0.18335421458651316, 20: 0.09693609791480509, 30: 0.08444973208634803, 40: 0.07883094145608444, 50: 0.07531978849296282, 60: 0.07282541823890802, 70: 0.07100228355552266, 80: 0.0695056894040161, 90: 0.06822545728682836, 100: 0.067139496692801, 110: 0.0661194541732498, 120: 0.06519569429041036, 130: 0.06432702771219058, 140: 0.0634770777156917, 150: 0.06263744045229183, 160: 0.061799983670367785, 170: 0.06094762179461834, 180: 0.06003284420548487, 190: 0.05909363846581935, 200: 0.05812372158704902, 210: 0.057087438982205994, 220: 0.056080480537465546, 230: 0.05500724474510582, 240: 0.05386097055024367, 250: 0.0526346873635493, 260: 0.051376922780134726, 270: 0.05005843371006905, 280: 0.04868426160807691, 290: 0.04729225442590999, 300: 0.04592457856338977, 310: 0.04459286411631096, 320: 0.04340022729282004, 330: 0.042270299302138256, 340: 0.04121478457690501, 350: 0.04020282059622919, 360: 0.039239678733864095, 370: 0.038342466700375756, 380: 0.037548042542852114, 390: 0.03679623803153374, 400: 0.03610545210440993, 410: 0.035486186290484785, 420: 0.03487913875631947, 430: 0.03431661781035319, 440: 0.03380157714638887, 450: 0.033340367285020114, 460: 0.032901295262927475, 470: 0.03249546565457048, 480: 0.0320981626324013, 490: 0.03177901625545855, 500: 0.03144088464090383, 510: 0.03112285139351213, 520: 0.03081500108728532, 530: 0.030521536716282983, 540: 0.030270274533061893, 550: 0.03002153380868174, 560: 0.029783251768991693, 570: 0.02955464099779751, 580: 0.029304249192980643, 590: 0.029076751219348263, 600: 0.028852672907746617, 610: 0.02862558518725682, 620: 0.02842787932259479, 630: 0.02820149580542781, 640: 0.02798759945992623, 650: 0.02777499102818661, 660: 0.027551006757077435, 670: 0.027374390301068835, 680: 0.027175161655479375, 690: 0.02695552245570404, 700: 0.02677077602885051, 710: 0.026611464824187397, 720: 0.026425175492316745, 730: 0.026250852504329302, 740: 0.02611257383433796, 750: 0.02595990544727973, 760: 0.025803684080884754, 770: 0.025691984417682827, 780: 0.025539302518565222, 790: 0.02540190533003628, 800: 0.02529561778409579, 810: 0.025170403278795113, 820: 0.025057868646363703, 830: 0.024963338671252878, 840: 0.024862754111085496, 850: 0.024746713005468064, 860: 0.024650630975390626, 870: 0.024558040516990454, 880: 0.024458497604865376, 890: 0.02436100846370224, 900: 0.024292217034612686, 910: 0.024189986291005224, 920: 0.024118636756232742, 930: 0.0240287145569436, 940: 0.023956429604458304, 950: 0.023884861070653303, 960: 0.02380988342983157, 970: 0.02373133091660427, 980: 0.02367571436916866, 990: 0.023598894531332532, 1000: 0.02354005843090142, 1010: 0.023481140136157697, 1020: 0.023427751914409496, 1030: 0.02337777500463977, 1040: 0.02332571546946679, 1050: 0.02327197712241479, 1060: 0.02320733180603003, 1070: 0.023162121671548245, 1080: 0.023119383474967566, 1090: 0.02307039539862335, 1100: 0.023010355727251817, 1110: 0.022984429796075012, 1120: 0.02294337728588196, 1130: 0.022887377567712412, 1140: 0.02281658047243931, 1150: 0.0227851658304586, 1160: 0.022742171329908505, 1170: 0.022707763966731503, 1180: 0.022675372622450375, 1190: 0.02264283066519885, 1200: 0.02260123107060502, 1210: 0.02255158904271095, 1220: 0.022538633970537535, 1230: 0.022481754187861434, 1240: 0.022450576685408737, 1250: 0.022429821655793727, 1260: 0.02241304629084751, 1270: 0.022380769229912965, 1280: 0.022344083196428815, 1290: 0.02231625859327361, 1300: 0.022284831819795424, 1310: 0.022267202175850792, 1320: 0.02221816268275495, 1330: 0.022208503759477905, 1340: 0.022160068064119742, 1350: 0.022138783184698023, 1360: 0.022120107949702573, 1370: 0.022094385327795386, 1380: 0.022066233405729427, 1390: 0.022049971079739567, 1400: 0.02203173287648285, 1410: 0.02199747109537174, 1420: 0.021986901664697543, 1430: 0.02195565902904683, 1440: 0.02193589311025567, 1450: 0.021911000016112018, 1460: 0.021899359712982187, 1470: 0.021889197024030558, 1480: 0.021868560435633955, 1490: 0.021838145643868885, 1500: 0.021836295735012026, 1510: 0.021807820426418583, 1520: 0.021796791278536832, 1530: 0.02177689477138983, 1540: 0.02175003157219326, 1550: 0.021738204832310308, 1560: 0.021722317765268638, 1570: 0.02169741755238469, 1580: 0.021682482351406594, 1590: 0.02167697189152082, 1600: 0.02164031004206222, 1610: 0.02163708146691807, 1620: 0.02161670617789515, 1630: 0.021619094804914397, 1640: 0.021601542419309967, 1650: 0.0215717296780256, 1660: 0.021572712718110815, 1670: 0.021543717933226614, 1680: 0.021532982066209145, 1690: 0.021518094768601465, 1700: 0.021515227503593953, 1710: 0.021504345164869754, 1720: 0.021486901727696305, 1730: 0.021465861011958354, 1740: 0.02147067678454525, 1750: 0.021473291567071832, 1760: 0.021444598179274316, 1770: 0.02141709565715652, 1780: 0.021425914302578525, 1790: 0.02139684600296552, 1800: 0.02139831409218267, 1810: 0.02139641397807553, 1820: 0.021367972422657804, 1830: 0.02136703849091528, 1840: 0.021366444613879387, 1850: 0.021363747544789233, 1860: 0.021351230507695437, 1870: 0.02134574525679896, 1880: 0.02132918366202351, 1890: 0.021314410926451664, 1900: 0.021303453048169572, 1910: 0.021302526921190754, 1920: 0.021285181420449457, 1930: 0.02129181500248225, 1940: 0.0212692552396719, 1950: 0.02128317032141434, 1960: 0.021278857120502544, 1970: 0.021255339467139596, 1980: 0.021261010986274795, 1990: 0.021257191537389728}",1970,0.021255339467139596,0.01,0.01,0.01
energy,noisyFCN,32,0.01,0.0001,"{0: 0.9341647748182602, 10: 0.1796095871606001, 20: 0.0962078290382147, 30: 0.08346326760073852, 40: 0.07794843870328694, 50: 0.07443630347778349, 60: 0.07192959844853566, 70: 0.07004800099925679, 80: 0.0685415177166017, 90: 0.06720174628882254, 100: 0.06593885168807556, 110: 0.06471739686830916, 120: 0.06358286989608256, 130: 0.06246279279758386, 140: 0.06139744338128276, 150: 0.060480710763027946, 160: 0.05948916343756354, 170: 0.05856494777297816, 180: 0.05764908535225016, 190: 0.056647456033590005, 200: 0.05561348092852116, 210: 0.05450676780367325, 220: 0.05329574616413648, 230: 0.05215415447100343, 240: 0.050948655005089126, 250: 0.04972768198903817, 260: 0.0484867029602045, 270: 0.04727956672600868, 280: 0.046060215100282575, 290: 0.044875306897108655, 300: 0.04367229891711317, 310: 0.04247672413848812, 320: 0.041356509534623984, 330: 0.0403308893924679, 340: 0.03934336940396845, 350: 0.038413422999551784, 360: 0.037571872789901796, 370: 0.03677745031012418, 380: 0.036009345503130966, 390: 0.03531539950871824, 400: 0.03466261998062235, 410: 0.03404798293676152, 420: 0.03348918111060685, 430: 0.032956040497433815, 440: 0.032452923330382424, 450: 0.03199313563917452, 460: 0.031558055144637984, 470: 0.031163003258819218, 480: 0.03078508372944259, 490: 0.030430529586619275, 500: 0.030086999974561962, 510: 0.029784833328649712, 520: 0.02948650828831163, 530: 0.029229108995395426, 540: 0.028962819723805384, 550: 0.028707538395285937, 560: 0.028500766433824088, 570: 0.028288359088021586, 580: 0.028076487703949677, 590: 0.027874182701268728, 600: 0.02770064234950555, 610: 0.027571067366116996, 620: 0.02739672621794757, 630: 0.02726307358472594, 640: 0.02714539972255206, 650: 0.02702138826993804, 660: 0.02689630738180863, 670: 0.026749352934356575, 680: 0.026671539408946836, 690: 0.026570364524894963, 700: 0.02646286740624021, 710: 0.026382781405860332, 720: 0.02633068334533682, 730: 0.026236379944636085, 740: 0.02616946486634313, 750: 0.026074181948074114, 760: 0.026008911357551328, 770: 0.025924198929899167, 780: 0.025839008417441762, 790: 0.02575520757972046, 800: 0.02568031679560852, 810: 0.025580927391063484, 820: 0.02549385927869775, 830: 0.025417351465228877, 840: 0.02533547198674222, 850: 0.025290106375633826, 860: 0.02519403979019389, 870: 0.025128590302844967, 880: 0.02505712247195819, 890: 0.024980576429404364, 900: 0.02492012750676643, 910: 0.02483822216402566, 920: 0.024760462690775836, 930: 0.02468742494175081, 940: 0.02462789293695859, 950: 0.0245294674300278, 960: 0.02446514119322254, 970: 0.024403165801232512, 980: 0.024325765879765423, 990: 0.02425457944416525, 1000: 0.02420375728896542, 1010: 0.02413359515015922, 1020: 0.02406527256521363, 1030: 0.02399125859157734, 1040: 0.023932455078002717, 1050: 0.02387264356723145, 1060: 0.023813707342560764, 1070: 0.023759366925118146, 1080: 0.023702153206933113, 1090: 0.023658139119576406, 1100: 0.023607256967193534, 1110: 0.023545308090973802, 1120: 0.02348352925541376, 1130: 0.02344799338455528, 1140: 0.023391698381719426, 1150: 0.02335219084330258, 1160: 0.023319191000779706, 1170: 0.023284101804491718, 1180: 0.023234237664144952, 1190: 0.023215436758221537, 1200: 0.023155544255503285, 1210: 0.023130618042868527, 1220: 0.023085697208185256, 1230: 0.023040022615551364, 1240: 0.0230069823608281, 1250: 0.02297271229197633, 1260: 0.02296029339252405, 1270: 0.022927859971131205, 1280: 0.022896479213130917, 1290: 0.02286898313065628, 1300: 0.022854179018959708, 1310: 0.02282702600104057, 1320: 0.02278120148525796, 1330: 0.022773304311964497, 1340: 0.022723586373051, 1350: 0.022702824641463483, 1360: 0.022665379434703835, 1370: 0.022643508940019576, 1380: 0.02262343021521056, 1390: 0.02260021779717989, 1400: 0.02256504682292505, 1410: 0.022540524808880365, 1420: 0.022525377283162014, 1430: 0.022497713279441313, 1440: 0.022483940718403324, 1450: 0.022465459092946054, 1460: 0.022438514310065726, 1470: 0.022399537436099078, 1480: 0.022395634463231444, 1490: 0.022380523862448532, 1500: 0.022359535661189017, 1510: 0.02235902249892521, 1520: 0.022339332193820404, 1530: 0.02230190456903578, 1540: 0.02228854663645734, 1550: 0.02226780151761398, 1560: 0.022255795803350537, 1570: 0.02224159268906863, 1580: 0.022213838095726468, 1590: 0.022186385180220737, 1600: 0.022165977763858348, 1610: 0.022168698865514657, 1620: 0.022143080478451434, 1630: 0.02213321059868266, 1640: 0.022118732168243737, 1650: 0.02209402180815397, 1660: 0.022076728691061576, 1670: 0.02206032624949571, 1680: 0.0220582914126705, 1690: 0.02204036922862486, 1700: 0.022037297726252448, 1710: 0.02201201837598249, 1720: 0.02200605397048246, 1730: 0.02198764888333127, 1740: 0.021976448407198815, 1750: 0.02196522045003725, 1760: 0.02195964780444108, 1770: 0.02194412440465229, 1780: 0.021920721341675716, 1790: 0.021921839846831097, 1800: 0.02190304000497135, 1810: 0.021915392050506927, 1820: 0.021901567408763638, 1830: 0.02189089045858011, 1840: 0.021881759898667807, 1850: 0.021878694110467688, 1860: 0.021868935036139698, 1870: 0.021849086769019525, 1880: 0.021852744221647596, 1890: 0.021826646328876053, 1900: 0.021832942971509128, 1910: 0.02182350836336259, 1920: 0.021819619198546844, 1930: 0.021809450321780288, 1940: 0.021789971752583535, 1950: 0.021786707662434224, 1960: 0.02177859096497786, 1970: 0.021772895957994077, 1980: 0.02176054196486104, 1990: 0.021759432331934087}",1990,0.021759432331934087,0.01,0.05,0.01
energy,noisyFCN,32,0.01,0.0001,"{0: 0.9275794362793061, 10: 0.197714306418298, 20: 0.09265609458674753, 30: 0.08107244417798229, 40: 0.0759950175666895, 50: 0.0728599185644627, 60: 0.07048224434713339, 70: 0.06845330971716548, 80: 0.06703497792849712, 90: 0.06570760404598502, 100: 0.06456563422143832, 110: 0.0632327531273367, 120: 0.0620570993118706, 130: 0.06107477398315429, 140: 0.06003113328635009, 150: 0.059018783717026846, 160: 0.05808485696003125, 170: 0.05708798005170033, 180: 0.05630221238604836, 190: 0.055533975901934415, 200: 0.05452414716788924, 210: 0.05350611965418632, 220: 0.05239314549828107, 230: 0.051247152899815594, 240: 0.05020015439763119, 250: 0.04909040945354071, 260: 0.04792129352542816, 270: 0.04672580581969195, 280: 0.0455723933563258, 290: 0.044514195623396875, 300: 0.043401939689310706, 310: 0.04232806094814011, 320: 0.04124328719173235, 330: 0.04022878780792224, 340: 0.03934054971744216, 350: 0.03851691504852757, 360: 0.03776511033185399, 370: 0.03708379970711779, 380: 0.036456575138263746, 390: 0.03584149636414612, 400: 0.03521342865937029, 410: 0.034620032251063915, 420: 0.034139938897938704, 430: 0.03368815388190386, 440: 0.03320367469585261, 450: 0.03280343469979563, 460: 0.032413359349671725, 470: 0.03204099935575412, 480: 0.03168048775527345, 490: 0.03133350231188362, 500: 0.03105507852326158, 510: 0.03076692110990804, 520: 0.030463099868688347, 530: 0.030207809883374764, 540: 0.029954215881428242, 550: 0.029722597841215614, 560: 0.029500680545417685, 570: 0.029294035050237987, 580: 0.029084429848806614, 590: 0.028894537568437916, 600: 0.028715539252002938, 610: 0.028559226184556103, 620: 0.028380632088954694, 630: 0.028191769507547416, 640: 0.0280411126895176, 650: 0.02786211146630856, 660: 0.027707386829329383, 670: 0.027579216569524067, 680: 0.027407048530598593, 690: 0.02724185333243771, 700: 0.02709703388222095, 710: 0.026939884755513666, 720: 0.026818297937682208, 730: 0.02669936527432155, 740: 0.02658168848146681, 750: 0.026469806324023775, 760: 0.026352412780833955, 770: 0.026245741433521465, 780: 0.026129454566784206, 790: 0.02603428718809837, 800: 0.025933866299898346, 810: 0.025834073001618395, 820: 0.025761719700830327, 830: 0.025694694519281292, 840: 0.025624781922220896, 850: 0.0255360749925647, 860: 0.025468353140743215, 870: 0.025382086001043636, 880: 0.025303889098030424, 890: 0.025248183728686403, 900: 0.025182521163545402, 910: 0.02511670939730066, 920: 0.02505660176015998, 930: 0.024992176704779, 940: 0.024925949213911888, 950: 0.02486563950611221, 960: 0.024793800233619885, 970: 0.02472543539967193, 980: 0.024699969698345918, 990: 0.02462797218368428, 1000: 0.02458401284195849, 1010: 0.024528544010972077, 1020: 0.024487653250396292, 1030: 0.024435127264465405, 1040: 0.024386578124931585, 1050: 0.024354566105864978, 1060: 0.024306877951696167, 1070: 0.024260855779745898, 1080: 0.024234647448998236, 1090: 0.024179017688598925, 1100: 0.02415337487300539, 1110: 0.024114106551997385, 1120: 0.024078233084935202, 1130: 0.0240467348878906, 1140: 0.024023034894501555, 1150: 0.023992640656949987, 1160: 0.023973388022737085, 1170: 0.023936989858590624, 1180: 0.023916919652397922, 1190: 0.023881603363197827, 1200: 0.023853015869842974, 1210: 0.02383562055283962, 1220: 0.023816158923088478, 1230: 0.023802217736112366, 1240: 0.023752067838915265, 1250: 0.02373522993335561, 1260: 0.023727826347198982, 1270: 0.023694902905052613, 1280: 0.023683674668432207, 1290: 0.023660552478292997, 1300: 0.023646973448618203, 1310: 0.023625286742096525, 1320: 0.023601356854802066, 1330: 0.02360353940159706, 1340: 0.023588339553598035, 1350: 0.02356638027655213, 1360: 0.02354767327440805, 1370: 0.02353263126231167, 1380: 0.023509719806030543, 1390: 0.02350886565282212, 1400: 0.023493095521987535, 1410: 0.023467280313955514, 1420: 0.023462313597600582, 1430: 0.02346102824936358, 1440: 0.02345672447090902, 1450: 0.02343043476985138, 1460: 0.023422122661033766, 1470: 0.023407558296915966, 1480: 0.02339154920310743, 1490: 0.023395364277494776, 1500: 0.023371689723225914, 1510: 0.02335589976295358, 1520: 0.02335774147731375, 1530: 0.0233503018105811, 1540: 0.023329062363390766, 1550: 0.02331048468338614, 1560: 0.023300271336221107, 1570: 0.023302264944315716, 1580: 0.023282431420988913, 1590: 0.023264447919921123, 1600: 0.02326999956822115, 1610: 0.02325631176170811, 1620: 0.023243616398572364, 1630: 0.023227311966524437, 1640: 0.023228148701530598, 1650: 0.023209648258888764, 1660: 0.02320483463510869, 1670: 0.023198113188209114, 1680: 0.023191426270897708, 1690: 0.02317117096251243, 1700: 0.023164543939060995, 1710: 0.023156070211828035, 1720: 0.023142732068817846, 1730: 0.023151309015910802, 1740: 0.023146092201300452, 1750: 0.023135679205883296, 1760: 0.023122229107696422, 1770: 0.023129371290957705, 1780: 0.023125075590295918, 1790: 0.023120852915800273, 1800: 0.02309691033262909, 1810: 0.023114679671906398, 1820: 0.023095034586428784, 1830: 0.023113692886496832, 1840: 0.023099871590985754, 1850: 0.023089635620762806, 1860: 0.02308223779736166, 1870: 0.023101749820986, 1880: 0.023084307212581652, 1890: 0.023071132542538904, 1900: 0.02307695817188924, 1910: 0.023082441074581767, 1920: 0.023091954580906245}",1890,0.023071132542538904,0.01,0.1,0.01
energy,noisyFCN,32,0.01,0.0005,"{0: 0.4877727007915159, 10: 0.07291708686610596, 20: 0.06518181076353509, 30: 0.060173692331006015, 40: 0.05607178867087672, 50: 0.05129072925056773, 60: 0.04558096790824527, 70: 0.04067446276337984, 80: 0.03707229116596168, 90: 0.0340106526443589, 100: 0.031822398833768625, 110: 0.03039218451250327, 120: 0.029220423556136375, 130: 0.028369730109862528, 140: 0.02761667827282046, 150: 0.027035225964695368, 160: 0.026510910874506473, 170: 0.026010033476332628, 180: 0.02558562609931973, 190: 0.025212611568172894, 200: 0.024739104535370593, 210: 0.024459638772948166, 220: 0.024127112569638197, 230: 0.02387745192151069, 240: 0.023617981966199134, 250: 0.02330598072214026, 260: 0.023128150679929748, 270: 0.022970073890870933, 280: 0.022761396182556758, 290: 0.022666603645803085, 300: 0.02247700811258621, 310: 0.022360997896392742, 320: 0.022280496681675335, 330: 0.022186238687511774, 340: 0.02212214977443854, 350: 0.022010171958039906, 360: 0.021902711207066224, 370: 0.021859416546128514, 380: 0.021784157774310725, 390: 0.02168676626524591, 400: 0.021553030115439666, 410: 0.021605664107183422, 420: 0.02152019701903063, 430: 0.021448195829399663, 440: 0.021436772529593383, 450: 0.02136385040450804, 460: 0.021393991076101602, 470: 0.021263595010331076, 480: 0.021230196236534334, 490: 0.021192609688248987, 500: 0.021236989850519212, 510: 0.021208288607041225, 520: 0.02123030085115632}",490,0.021192609688248987,0.01,0.001,0.01
energy,noisyFCN,32,0.01,0.0005,"{0: 0.4890819946329037, 10: 0.0717794589201808, 20: 0.06586719547690954, 30: 0.06157549828470675, 40: 0.05731720471300119, 50: 0.05271910263386056, 60: 0.047667571856646114, 70: 0.042847227859920886, 80: 0.03879205162629364, 90: 0.035835905354725715, 100: 0.03401805037538497, 110: 0.03262782678803484, 120: 0.03166094554383886, 130: 0.030695202967168635, 140: 0.029904440489482053, 150: 0.029357341388281423, 160: 0.028809598654977293, 170: 0.028207975679763502, 180: 0.027813957257321175, 190: 0.027328716407317877, 200: 0.026940160071397608, 210: 0.026597243291788236, 220: 0.02620218901816911, 230: 0.02582752687235177, 240: 0.02555089619571243, 250: 0.02524117526435545, 260: 0.024975208697886993, 270: 0.024807923539626936, 280: 0.02461529475020243, 290: 0.024395899186746194, 300: 0.024171679462171525, 310: 0.02403972113824508, 320: 0.0238971617225993, 330: 0.02379843434059475, 340: 0.0236837727506884, 350: 0.023599495289629534, 360: 0.02351315730471945, 370: 0.02339487172274447, 380: 0.023287684503606593, 390: 0.023200248170971244, 400: 0.023211312295247616, 410: 0.023149500459985713, 420: 0.022997945807968538, 430: 0.02293005738271827, 440: 0.02292191548193278, 450: 0.022909764450936655, 460: 0.02281071193201966, 470: 0.022761270597301035, 480: 0.022746790529283488, 490: 0.022573569698941188, 500: 0.022552006904397758, 510: 0.022489435381926205, 520: 0.022440871764081178, 530: 0.02240342987088359, 540: 0.02240028439190695, 550: 0.022231754279338833, 560: 0.022226661465209067, 570: 0.02219532220921671, 580: 0.02222405173856128, 590: 0.022077524297408075, 600: 0.02203625044412439, 610: 0.02197075674863187, 620: 0.021921578922295203, 630: 0.021912388735742874, 640: 0.02189751442816736, 650: 0.021861821132439358, 660: 0.021859128886366326, 670: 0.021804382419629474, 680: 0.021723743500894278, 690: 0.021668033387428058, 700: 0.021671920382161664, 710: 0.021718737969576407, 720: 0.021637374141026254, 730: 0.02156442778271154, 740: 0.021567886997315662, 750: 0.021494131550559254, 760: 0.02146508776447852, 770: 0.02145030308873808, 780: 0.02145283293834483, 790: 0.0214468488750991, 800: 0.021340346780837606, 810: 0.02131023724473676, 820: 0.021269700503319118, 830: 0.02126783742737579, 840: 0.021306780194629078, 850: 0.02128354407137916, 860: 0.02130357506140664}",830,0.02126783742737579,0.01,0.005,0.01
energy,noisyFCN,32,0.01,0.0005,"{0: 0.48170874847200224, 10: 0.07474698763413698, 20: 0.06636305930795239, 30: 0.061419942927925755, 40: 0.057383790931276026, 50: 0.05280401765849374, 60: 0.047726360225274725, 70: 0.04327323732411807, 80: 0.0396646866635209, 90: 0.037031625036418825, 100: 0.034975832560714466, 110: 0.03326245137269014, 120: 0.031801429234979334, 130: 0.030700772327156078, 140: 0.02990458912647964, 150: 0.029111896803215055, 160: 0.028510910123571764, 170: 0.028032969263066105, 180: 0.02761545883960586, 190: 0.027183811298387695, 200: 0.02679601789983522, 210: 0.026267767462973258, 220: 0.025935821472187405, 230: 0.0255586956200547, 240: 0.025261560014637606, 250: 0.02493480815165272, 260: 0.02450744978339771, 270: 0.024277028534921363, 280: 0.024052457751585342, 290: 0.023897044123580506, 300: 0.02375328312830918, 310: 0.023659460119457222, 320: 0.023392094500356914, 330: 0.02340642635373037, 340: 0.023128138416932453, 350: 0.02305042938973869, 360: 0.023042588460583234, 370: 0.022915929165241416, 380: 0.022856415089159733, 390: 0.022726594616513635, 400: 0.022647338930885347, 410: 0.02256632803836382, 420: 0.02245483843826416, 430: 0.022511240206763105, 440: 0.022387659274201527, 450: 0.02239912076088968, 460: 0.022323242853172585, 470: 0.02222754277505391, 480: 0.022132087157008713, 490: 0.022060940788387776, 500: 0.022082870436640412, 510: 0.022043323390186827, 520: 0.02203528583109355, 530: 0.02188053901950137, 540: 0.02186335250074929, 550: 0.021967646860203895, 560: 0.02185873524688644, 570: 0.021821905245057872, 580: 0.021764517884031703, 590: 0.021738145753217947, 600: 0.021796591566483586, 610: 0.021688118659994586, 620: 0.021708042038013527, 630: 0.021722562868417693, 640: 0.021631951534339354, 650: 0.021615880610592348, 660: 0.02168256573284207, 670: 0.02149740007694691, 680: 0.021590975862019746, 690: 0.02156403649632619, 700: 0.021501763924975187}",670,0.02149740007694691,0.01,0.01,0.01
energy,noisyFCN,32,0.01,0.0005,"{0: 0.5381656251183418, 10: 0.07596803088901473, 20: 0.06762145352009279, 30: 0.062349310032720484, 40: 0.058257792927756735, 50: 0.05365592432213945, 60: 0.04847572006292142, 70: 0.04402015443410172, 80: 0.040618205890675135, 90: 0.03784722224186734, 100: 0.03538213439968949, 110: 0.03323889062062797, 120: 0.031436191891423944, 130: 0.030070291646495197, 140: 0.02907168801636096, 150: 0.028126620474021608, 160: 0.027308685318435905, 170: 0.0267455603419944, 180: 0.02624545138258267, 190: 0.02575311131549965, 200: 0.025237782352992365, 210: 0.024773114046902873, 220: 0.0244371478202912, 230: 0.024201821302765453, 240: 0.023928602600866645, 250: 0.023562919554578277, 260: 0.02336959200178256, 270: 0.02306679412561223, 280: 0.022929592116774485, 290: 0.022884946474940774, 300: 0.022630238207957037, 310: 0.02249915379800988, 320: 0.0224106968222001, 330: 0.022228490845993504, 340: 0.022200575066047928, 350: 0.02205642812883979, 360: 0.021993420001724617, 370: 0.021817700258169065, 380: 0.021732353025608685, 390: 0.02173867457438676, 400: 0.021602143835354318, 410: 0.021465320438275683, 420: 0.021413793500627533, 430: 0.021356330106540568, 440: 0.021312421042654343, 450: 0.02130068092383906, 460: 0.021214261421106835, 470: 0.021149223038335132, 480: 0.021133102953566064, 490: 0.0211011070311, 500: 0.021031941583187212, 510: 0.020983918173297967, 520: 0.020914657520658804, 530: 0.020909229667856542, 540: 0.020874415648132704, 550: 0.02076306039251225, 560: 0.020890741082565965, 570: 0.020901937737060988, 580: 0.020769248310862326}",550,0.02076306039251225,0.01,0.05,0.01
energy,noisyFCN,32,0.01,0.0005,"{0: 0.5598952304064932, 10: 0.07570818945672153, 20: 0.06701560611920397, 30: 0.06164830563708843, 40: 0.05681918647731604, 50: 0.05266922589981817, 60: 0.04853136661927589, 70: 0.04466237344034438, 80: 0.041463457655713236, 90: 0.03868946005162892, 100: 0.036302217661760484, 110: 0.03437448542296497, 120: 0.032704072149117185, 130: 0.03133802666699614, 140: 0.030374160242221893, 150: 0.0293758755698244, 160: 0.028597738003048177, 170: 0.027974990940988303, 180: 0.027353788507990834, 190: 0.02675222305330982, 200: 0.02622688395847154, 210: 0.025633662467290923, 220: 0.025202667262610213, 230: 0.024765217801580565, 240: 0.024413310146071218, 250: 0.024017902286620228, 260: 0.023703075165042487, 270: 0.023487591653477385, 280: 0.023242780318235207, 290: 0.022988651182110763, 300: 0.022851482224115077, 310: 0.022619980001926627, 320: 0.02244082029844846, 330: 0.022333819987124505, 340: 0.02217644675570628, 350: 0.022041705980952557, 360: 0.02194261325332847, 370: 0.021812708750113947, 380: 0.021729433029223748, 390: 0.021685069106051513, 400: 0.02160791454566875, 410: 0.02148898193617908, 420: 0.02153303980858115, 430: 0.021405736944639063, 440: 0.021290462882128037, 450: 0.021214245632936297, 460: 0.021212819493452058, 470: 0.021190370451626694, 480: 0.021091422035979353, 490: 0.02102434639720286, 500: 0.02107851159690969, 510: 0.020955374873464588, 520: 0.021018906686527995, 530: 0.02091315989889623, 540: 0.02086361852908582, 550: 0.020880777487318057, 560: 0.020918781989491514, 570: 0.020881728768918684}",540,0.02086361852908582,0.01,0.1,0.01
energy,noisyFCN,32,0.01,0.001,"{0: 0.207281539476261, 10: 0.06920761836956585, 20: 0.06184670228481801, 30: 0.053704449225787584, 40: 0.04516826545119317, 50: 0.03805367507767387, 60: 0.033938666954676296, 70: 0.03173623987879814, 80: 0.030169793521640585, 90: 0.028875222392494432, 100: 0.02810276693653444, 110: 0.027373808319888303, 120: 0.027009949177865044, 130: 0.02655192748428098, 140: 0.026161814632529014, 150: 0.025948031247208292, 160: 0.02567989601729199, 170: 0.025420967172858605, 180: 0.025247386712186192, 190: 0.02524069080112633, 200: 0.025158674584724743, 210: 0.025114082481042316, 220: 0.02491225095662644, 230: 0.02496169235415317, 240: 0.025006882237166454, 250: 0.025005780043971432}",220,0.02491225095662644,0.01,0.001,0.01
energy,noisyFCN,32,0.01,0.001,"{0: 0.2106306272982264, 10: 0.0697653953022247, 20: 0.06115671520590719, 30: 0.05026923856395976, 40: 0.039207509751381375, 50: 0.03386112556023334, 60: 0.03129164010741132, 70: 0.02968896020272843, 80: 0.02831352418441264, 90: 0.0270121297470984, 100: 0.025892412527257658, 110: 0.024968601155275903, 120: 0.023977990222067796, 130: 0.023630961941339908, 140: 0.02310031739063685, 150: 0.022484612813626313, 160: 0.022158588552565736, 170: 0.022079454658310464, 180: 0.021839128144896698, 190: 0.02171590327332771, 200: 0.02157930003842318, 210: 0.021282523983026224, 220: 0.02124254792947563, 230: 0.020982536802563123, 240: 0.021015630268934816, 250: 0.02098925720178376, 260: 0.020917240646236436, 270: 0.020985884923702892, 280: 0.020815815083587208, 290: 0.020829906604521737, 300: 0.020752412041913117, 310: 0.02080022310869135, 320: 0.02075398433025056, 330: 0.020697033634417005, 340: 0.020735683674857917, 350: 0.02077594557855247, 360: 0.02078400792889908}",330,0.020697033634417005,0.01,0.005,0.01
energy,noisyFCN,32,0.01,0.001,"{0: 0.21983114978511792, 10: 0.07081802968696946, 20: 0.062429651367168625, 30: 0.05399995245229129, 40: 0.044283704996639285, 50: 0.03729643240922549, 60: 0.032709148315374935, 70: 0.030297782812250162, 80: 0.028580778641654786, 90: 0.027451550752827163, 100: 0.026456734527974396, 110: 0.025660019521403517, 120: 0.02479697562648398, 130: 0.02391843936729674, 140: 0.02344293635433874, 150: 0.02304809083413632, 160: 0.022642565576237242, 170: 0.022556774353197133, 180: 0.022100671649442925, 190: 0.022133094747615954, 200: 0.021758746156449373, 210: 0.021540233200309466, 220: 0.02142662961506655, 230: 0.02151823644301013, 240: 0.02123760020294067, 250: 0.021253824422606888, 260: 0.021089216987174798, 270: 0.02109317165642667, 280: 0.020977494016455545, 290: 0.021047998710277162, 300: 0.02103454229493535, 310: 0.02092255632400882, 320: 0.020774738903079338, 330: 0.020863654061071508, 340: 0.020740267697870175, 350: 0.020732072595639472, 360: 0.02065531418457832, 370: 0.02078005620735825, 380: 0.02068906641305466, 390: 0.020686244107504796}",360,0.02065531418457832,0.01,0.01,0.01
energy,noisyFCN,32,0.01,0.001,"{0: 0.25156001177240683, 10: 0.07111762031688382, 20: 0.06257958827547974, 30: 0.05382549769801052, 40: 0.04307557255328576, 50: 0.03601530948878486, 60: 0.03228137968787031, 70: 0.03000720275686881, 80: 0.028602226934339003, 90: 0.02735678344033038, 100: 0.026472923872235477, 110: 0.025707572231926424, 120: 0.025003143608635637, 130: 0.024509113607748174, 140: 0.02405308208183918, 150: 0.023489976322543266, 160: 0.023123090051280392, 170: 0.022820420430554367, 180: 0.022586273240561283, 190: 0.02239386265474062, 200: 0.022172125531418847, 210: 0.022043037301943045, 220: 0.02173342041360463, 230: 0.02178845449459882, 240: 0.02169331792676475, 250: 0.0215602401919801, 260: 0.021459822373209748, 270: 0.02128009486223052, 280: 0.021202690765091844, 290: 0.02116041455882602, 300: 0.021136171768843835, 310: 0.02109499934707723, 320: 0.021048988166868322, 330: 0.021086805073963183, 340: 0.020923455348073258, 350: 0.021015674355037053, 360: 0.020928854539500868, 370: 0.020903067154938677, 380: 0.020792043985835944, 390: 0.02083325647192547, 400: 0.020849930406670346, 410: 0.02085282710757825}",380,0.020792043985835944,0.01,0.05,0.01
energy,noisyFCN,32,0.01,0.001,"{0: 0.2444913101358349, 10: 0.06877322803264727, 20: 0.06045902526937301, 30: 0.051273127566557816, 40: 0.041057138128386614, 50: 0.034942930815963606, 60: 0.03222605977671657, 70: 0.030521570720194614, 80: 0.029142254607993516, 90: 0.028063093723763265, 100: 0.02732435650490478, 110: 0.026633208341162694, 120: 0.025951984789861483, 130: 0.025493721280971375, 140: 0.02476141730679181, 150: 0.02429415510065469, 160: 0.0238890588479659, 170: 0.023224817433667694, 180: 0.02321204562241632, 190: 0.023052830809627264, 200: 0.02250250802692768, 210: 0.022531252993015304, 220: 0.02226715516140127, 230: 0.022282780332541198, 240: 0.021896114218178213, 250: 0.021887176178393763, 260: 0.021719303788691975, 270: 0.02168643778058691, 280: 0.02157195071909116, 290: 0.021407502803241, 300: 0.02146191905995782, 310: 0.02131629325340235, 320: 0.021259136340705878, 330: 0.021181860226975446, 340: 0.021157448654705154, 350: 0.02108449589971994, 360: 0.021238831132794362, 370: 0.02113613993275524, 380: 0.020996024857451324, 390: 0.021119729197763705, 400: 0.021135745060101484, 410: 0.020909234194508772, 420: 0.021024107589635528, 430: 0.020839500976531533, 440: 0.020910032341902446, 450: 0.020850510618648305, 460: 0.020752215557029753, 470: 0.02068953448403828, 480: 0.020848520909968922, 490: 0.02086285674438331, 500: 0.02072366647805617}",470,0.02068953448403828,0.01,0.1,0.01
energy,noisyFCN,32,0.01,0.002,"{0: 0.14070119984417173, 10: 0.06642033754160655, 20: 0.05542096215424761, 30: 0.04289375540794062, 40: 0.0352949038160339, 50: 0.03241496753515076, 60: 0.030186148652069318, 70: 0.02882774722426395, 80: 0.02725456621511275, 90: 0.026370348177098536, 100: 0.025554975917443434, 110: 0.024788459304580644, 120: 0.024376505591133173, 130: 0.0241988985515127, 140: 0.024161844949374418, 150: 0.0238457556661776, 160: 0.024251125465696705, 170: 0.02373218724766517, 180: 0.02418035322227558, 190: 0.023940290349885558, 200: 0.023983254824312832}",170,0.02373218724766517,0.01,0.001,0.01
energy,noisyFCN,32,0.01,0.002,"{0: 0.1473791427772299, 10: 0.06803278863165882, 20: 0.05559191849853784, 30: 0.04117352087629107, 40: 0.03434787838916278, 50: 0.03216397678403835, 60: 0.03065114797683941, 70: 0.029098477042932426, 80: 0.027577298442126474, 90: 0.026704349226462164, 100: 0.02576984730125264, 110: 0.025297581474206753, 120: 0.024699355102603824, 130: 0.024512100470015626, 140: 0.024577974113962793, 150: 0.024551824811390722, 160: 0.024615182713648286}",130,0.024512100470015626,0.01,0.005,0.01
energy,noisyFCN,32,0.01,0.002,"{0: 0.14853566145020675, 10: 0.07025490504492525, 20: 0.056534730282023916, 30: 0.04278642137746056, 40: 0.03554393953593964, 50: 0.033130593618940836, 60: 0.031391759220360284, 70: 0.02907383732523014, 80: 0.02794215556846811, 90: 0.026903132087866717, 100: 0.02606182232721061, 110: 0.02517981016729139, 120: 0.024464211921618094, 130: 0.024414921927202644, 140: 0.024146040615231082, 150: 0.023757882872066365, 160: 0.023667493359959435, 170: 0.02352395019673112, 180: 0.02337700438646119, 190: 0.0231296047314358, 200: 0.023275401592319184, 210: 0.02328391599147523, 220: 0.023210549643296736}",190,0.0231296047314358,0.01,0.01,0.01
energy,noisyFCN,32,0.01,0.002,"{0: 0.15508663140244283, 10: 0.06715029993789738, 20: 0.056589555263809245, 30: 0.0444129728270871, 40: 0.03733668928730334, 50: 0.034199904928046684, 60: 0.03268379838239761, 70: 0.03096805320255529, 80: 0.030200170934960933, 90: 0.028642321022444128, 100: 0.027541655144977813, 110: 0.026659959357881784, 120: 0.025799672157699412, 130: 0.025059279203007778, 140: 0.02468369592971207, 150: 0.024455472255875615, 160: 0.024294909102812172, 170: 0.023874919202442363, 180: 0.024062480270792073, 190: 0.024126763047391524, 200: 0.023498843262731973, 210: 0.023658110594989366, 220: 0.023422544784958116, 230: 0.023139446006009663, 240: 0.023388222420190185, 250: 0.02359925374901586, 260: 0.023282474355543}",230,0.023139446006009663,0.01,0.05,0.01
energy,noisyFCN,32,0.01,0.002,"{0: 0.14021834010293321, 10: 0.06608793983678093, 20: 0.05267241484031635, 30: 0.0415578736380829, 40: 0.03393671143302024, 50: 0.03038322038094048, 60: 0.02828005656734552, 70: 0.026521995029305835, 80: 0.025892369738502785, 90: 0.024836287441882283, 100: 0.024815770966541677, 110: 0.024530756606232697, 120: 0.02467909236987833, 130: 0.024513041250498063, 140: 0.023820722012208508, 150: 0.023919739777761732, 160: 0.02367704441885356, 170: 0.023895218553386235, 180: 0.024194076863941344, 190: 0.024542552196000808}",160,0.02367704441885356,0.01,0.1,0.01
energy,noisyFCN,32,0.001,0.0001,"{0: 0.8810749395583513, 10: 0.17493304633786802, 20: 0.09312429312573389, 30: 0.0809752747911017, 40: 0.07546540595909826, 50: 0.07194909508117005, 60: 0.06931653467795061, 70: 0.06699943711729697, 80: 0.06488843166826566, 90: 0.06287375413498036, 100: 0.06096217382943035, 110: 0.0589530676469757, 120: 0.05691117439143469, 130: 0.054915596242072054, 140: 0.05288767693617671, 150: 0.050763551758779266, 160: 0.04860987525751563, 170: 0.04647298828740525, 180: 0.04432821786089467, 190: 0.0422183049001881, 200: 0.04011279025955286, 210: 0.03804213573080483, 220: 0.036002272872921307, 230: 0.03404239259077345, 240: 0.03227698573760473, 250: 0.030577508955459094, 260: 0.029017411913873192, 270: 0.02757361872357781, 280: 0.026126149590345017, 290: 0.024779919984880903, 300: 0.02354263949538014, 310: 0.022415290328193775, 320: 0.02135526291585641, 330: 0.020406332462191916, 340: 0.01959986946409374, 350: 0.018772738405251232, 360: 0.018100998736322167, 370: 0.01747029293119991, 380: 0.016915563328257922, 390: 0.016413013126085944, 400: 0.015939537959634327, 410: 0.015574461157806937, 420: 0.015234991984249976, 430: 0.01493528885531023, 440: 0.014706473629194295, 450: 0.014451359242834394, 460: 0.014258629999787716, 470: 0.01409510544719832, 480: 0.013914898724120056, 490: 0.013733601807447218, 500: 0.013656999779832623, 510: 0.01356215510023583, 520: 0.013422783006674769, 530: 0.013329548138604274, 540: 0.01323819904675424, 550: 0.013163731222435799, 560: 0.013079836792493166, 570: 0.012980139905550348, 580: 0.012924799482671659, 590: 0.012855077083055616, 600: 0.012797138790520437, 610: 0.012742701914982169, 620: 0.012671358974601596, 630: 0.012615614453638221, 640: 0.012536617418457931, 650: 0.012498142613701529, 660: 0.01245162018959443, 670: 0.012424117921576387, 680: 0.01234779563509886, 690: 0.012314695994913732, 700: 0.012311751878254715, 710: 0.012261534525101623, 720: 0.012232270794502936, 730: 0.012186710917933689, 740: 0.012147376373659471, 750: 0.01210862291173958, 760: 0.012039138217656856, 770: 0.012030049696848677, 780: 0.012002015236778055, 790: 0.012011543336144037, 800: 0.011930325483290349, 810: 0.011899173092635756, 820: 0.011919481984540615, 830: 0.011887243980392625, 840: 0.011842676497574815, 850: 0.01179292450682437, 860: 0.011798450444489478, 870: 0.011792320438130537, 880: 0.011786558810600646, 890: 0.011777056855282755, 900: 0.01175217055696381, 910: 0.011730259484903771, 920: 0.011741551064678737, 930: 0.011716812260448437, 940: 0.01172265653583746, 950: 0.011669338368761684, 960: 0.011666896491068574, 970: 0.011634730363946633, 980: 0.011620302406114474, 990: 0.011585152145675242, 1000: 0.011561878926977048, 1010: 0.011577715629265637, 1020: 0.01155909037647721, 1030: 0.011509724839152448, 1040: 0.011513345171134523, 1050: 0.011488435537977968, 1060: 0.011485380459875742, 1070: 0.011477786678955899, 1080: 0.011422795921839165, 1090: 0.011393567731356472, 1100: 0.011373255670633686, 1110: 0.011343580638046693, 1120: 0.01135215700750367, 1130: 0.011330318841802689, 1140: 0.011330167597908725, 1150: 0.01132963610151178, 1160: 0.01129763960284961, 1170: 0.011295989400112741, 1180: 0.011275742079826291, 1190: 0.011270655224956974, 1200: 0.011261894210726698, 1210: 0.01124772132769938, 1220: 0.011244467444016321, 1230: 0.011236009519414655, 1240: 0.01122548342176605, 1250: 0.011236774529251365, 1260: 0.01122282540599932, 1270: 0.011239148154765403, 1280: 0.011207709276886598, 1290: 0.0112005390605055, 1300: 0.011181313978558014, 1310: 0.011176011175739933, 1320: 0.011171247334807007, 1330: 0.011164052599010035, 1340: 0.011148847556917148, 1350: 0.011140708292843273, 1360: 0.011152317343180666, 1370: 0.011095407705676586, 1380: 0.011101211938737938, 1390: 0.01111433062394335, 1400: 0.011099336840627921}",1370,0.011095407705676586,0.01,0.001,0.01
energy,noisyFCN,32,0.001,0.0001,"{0: 0.817784140012462, 10: 0.15416868648470822, 20: 0.0886629693103376, 30: 0.07940430069421944, 40: 0.07493772735965938, 50: 0.07195370620285155, 60: 0.06962237520738951, 70: 0.06748959679669433, 80: 0.06539354488848408, 90: 0.06328214328548884, 100: 0.06109865420455378, 110: 0.058856969340636736, 120: 0.056508363744582346, 130: 0.05417902924112482, 140: 0.05184322890695112, 150: 0.04941188248017621, 160: 0.047078445745381566, 170: 0.04479707842641841, 180: 0.042637166331976346, 190: 0.040491028548560036, 200: 0.03845804569314047, 210: 0.036584626871352194, 220: 0.034872208262294604, 230: 0.03333016702684104, 240: 0.031830964274342004, 250: 0.030439311567424347, 260: 0.029127810697287114, 270: 0.027835422372076805, 280: 0.026581890923314276, 290: 0.025375346526579034, 300: 0.02423736655581447, 310: 0.023142050795865808, 320: 0.0220917521362128, 330: 0.021128651854551966, 340: 0.020199839505113143, 350: 0.01934029392435835, 360: 0.01856900204797753, 370: 0.01783143621274198, 380: 0.017197991722722294, 390: 0.016603876669448913, 400: 0.01610268904000479, 410: 0.015663523615455706, 420: 0.015260827572817433, 430: 0.014970766005343228, 440: 0.014680364058831764, 450: 0.014410091318238755, 460: 0.014171606184241695, 470: 0.013979304149721076, 480: 0.013773599800465209, 490: 0.013634233925316302, 500: 0.013459928340486977, 510: 0.013318012276331467, 520: 0.013166776861311272, 530: 0.013068895356703063, 540: 0.012941181825047655, 550: 0.012842743288339332, 560: 0.012745543991295091, 570: 0.0126571306932728, 580: 0.012582519259025765, 590: 0.012483137585823496, 600: 0.012391305705635456, 610: 0.012302307338023979, 620: 0.012227214106131312, 630: 0.012164269110000955, 640: 0.012084772590697745, 650: 0.01204095965106843, 660: 0.011981196021299953, 670: 0.011965170799288216, 680: 0.01191033173331875, 690: 0.011898673947006324, 700: 0.011865746992347631, 710: 0.011860325073086764, 720: 0.011824748202710034, 730: 0.011775035481387582, 740: 0.01175962737856395, 750: 0.011702864968238887, 760: 0.011737030741598398, 770: 0.011677447492553422, 780: 0.01168664795423889, 790: 0.01163524116569313, 800: 0.011587502660872032, 810: 0.011545179431964325, 820: 0.011503329678379892, 830: 0.011488063279941516, 840: 0.011457660044632195, 850: 0.01144754824169128, 860: 0.011404277668059603, 870: 0.011384745814997516, 880: 0.01135725356960168, 890: 0.01137664732705108, 900: 0.011310192991041147, 910: 0.011321186530462752, 920: 0.011304931563981732, 930: 0.011245506938659106, 940: 0.011263067005533593, 950: 0.011229010428188167, 960: 0.011211386242925855, 970: 0.011217341743812797, 980: 0.011204650644764082, 990: 0.011236528529125591, 1000: 0.011226782636593083, 1010: 0.011239730114968528}",980,0.011204650644764082,0.01,0.005,0.01
energy,noisyFCN,32,0.001,0.0001,"{0: 0.9177451147360116, 10: 0.18035326888525344, 20: 0.09665760927793028, 30: 0.08141502994459605, 40: 0.07537645333113033, 50: 0.07150281693612108, 60: 0.06872473810571647, 70: 0.06626482310716182, 80: 0.06390248153507153, 90: 0.061629459664561216, 100: 0.05932676427688945, 110: 0.057018800561483764, 120: 0.05478106184018368, 130: 0.052546248270746596, 140: 0.05034221836798837, 150: 0.048156811534319735, 160: 0.04596897187253864, 170: 0.0438028496029368, 180: 0.0417619095948157, 190: 0.03985733277877259, 200: 0.03811915535834787, 210: 0.03647448055934711, 220: 0.034948663654181464, 230: 0.033511314064454956, 240: 0.03215673639640504, 250: 0.03071807431506186, 260: 0.029329990279304337, 270: 0.028026596299596907, 280: 0.0268405265249158, 290: 0.025708401960551776, 300: 0.024651447208812998, 310: 0.023645936653830284, 320: 0.022720798042789155, 330: 0.021817590112511304, 340: 0.020934185134446788, 350: 0.020095661325040346, 360: 0.01940339027620841, 370: 0.018794848152720443, 380: 0.018209041527064186, 390: 0.01771822059798877, 400: 0.01718616023511747, 410: 0.016653939991281792, 420: 0.016250405719300937, 430: 0.015865882493775997, 440: 0.015551142301174594, 450: 0.01524127684742129, 460: 0.014963812537528062, 470: 0.014776224628965703, 480: 0.014611888360606978, 490: 0.014453203756884525, 500: 0.014285531867788036, 510: 0.014176803307592129, 520: 0.014051122160974256, 530: 0.013916139065271995, 540: 0.01382765880382843, 550: 0.013746437494666992, 560: 0.013688301915836865, 570: 0.013619063077930187, 580: 0.013558346166557333, 590: 0.013475924684771231, 600: 0.013429349628836313, 610: 0.013399134976281677, 620: 0.013317502355921726, 630: 0.013258704474955741, 640: 0.013174387622775077, 650: 0.01312825058100443, 660: 0.013017542552432326, 670: 0.012963064380104795, 680: 0.012959538347096613, 690: 0.012904963058255803, 700: 0.012825204385860345, 710: 0.012779344259221944, 720: 0.012685168849091563, 730: 0.012614710823877679, 740: 0.012600508868628768, 750: 0.012569726325246822, 760: 0.012489521208225562, 770: 0.012430890183808937, 780: 0.012377560927800601, 790: 0.012360977791557587, 800: 0.01230319238317614, 810: 0.01228332014552833, 820: 0.012220292311252616, 830: 0.012156920339110316, 840: 0.012134592005031936, 850: 0.012104914216335857, 860: 0.012037054411597739, 870: 0.01200269885874086, 880: 0.011963402248279013, 890: 0.011942510796217073, 900: 0.011940688742780255, 910: 0.011937423919724886, 920: 0.011894259912098517, 930: 0.01190296752589608, 940: 0.011897414579628054, 950: 0.01186643930202454, 960: 0.011836733244243808, 970: 0.011853163277547384, 980: 0.011862958883093359, 990: 0.011824533973903548, 1000: 0.01178403814907511, 1010: 0.011757256722619663, 1020: 0.011730593852770796, 1030: 0.01172831096614057, 1040: 0.011679343476034545, 1050: 0.01166092427957599, 1060: 0.011654561020989496, 1070: 0.01162238619338081, 1080: 0.011619667658552787, 1090: 0.011560775583822694, 1100: 0.011564084079005365, 1110: 0.011526023270295418, 1120: 0.011541879371612445, 1130: 0.011503550043724567, 1140: 0.011472185219209936, 1150: 0.011439791925432213, 1160: 0.0114171040152795, 1170: 0.011393805914293459, 1180: 0.011395097396635766, 1190: 0.01138841157710083, 1200: 0.011380132366188778, 1210: 0.0113229079662688, 1220: 0.011309886567183378, 1230: 0.01131830902197441, 1240: 0.01127484376644923, 1250: 0.011249776801257515, 1260: 0.01121225200036639, 1270: 0.011208239547383498, 1280: 0.011196730967835, 1290: 0.011180375163584519, 1300: 0.011163363737833313, 1310: 0.011149982136926079, 1320: 0.011133060510084478, 1330: 0.011111515690724615, 1340: 0.011074825784599368, 1350: 0.0110661298755393, 1360: 0.011025910948515018, 1370: 0.01100574595616356, 1380: 0.01098244031464231, 1390: 0.01097692396221418, 1400: 0.010990061902262465, 1410: 0.010957750247106976, 1420: 0.010937700597722023, 1430: 0.010941346695004411, 1440: 0.010914461589879482, 1450: 0.010876856083352, 1460: 0.010908416938210458, 1470: 0.010882011831626464, 1480: 0.010873146236089806, 1490: 0.0109027640188271, 1500: 0.010869916434276029, 1510: 0.010898735676361461, 1520: 0.010847338457946462, 1530: 0.01086147978894912, 1540: 0.01085440067191575, 1550: 0.010843683401137337, 1560: 0.010811441142720733, 1570: 0.01085196403878642, 1580: 0.010822751808985542, 1590: 0.01083694369182503}",1560,0.010811441142720733,0.01,0.01,0.01
energy,noisyFCN,32,0.001,0.0001,"{0: 0.8525846361351318, 10: 0.1764595124565187, 20: 0.09337453739396115, 30: 0.08095737179714205, 40: 0.07558540549557732, 50: 0.07193315073065276, 60: 0.0692318288806747, 70: 0.0673081839497123, 80: 0.06529598265377884, 90: 0.06342774431307951, 100: 0.06150006271385359, 110: 0.059323410453195655, 120: 0.05706783502158976, 130: 0.054626139810508165, 140: 0.05225762234903662, 150: 0.0498995833403247, 160: 0.04756386438346173, 170: 0.045305675674564005, 180: 0.04310455813161869, 190: 0.04105177177596646, 200: 0.03904640518270873, 210: 0.03726352026414731, 220: 0.03547235147688177, 230: 0.03390818339079026, 240: 0.03232738985153126, 250: 0.030835833288351842, 260: 0.029407588346817483, 270: 0.027937912300485267, 280: 0.026567953714449716, 290: 0.02513488111748157, 300: 0.02372304319016666, 310: 0.02238092945699221, 320: 0.021100356942756436, 330: 0.019886250003246835, 340: 0.018798588428859328, 350: 0.017802015628740658, 360: 0.016903909773834068, 370: 0.016144285223162663, 380: 0.01550459879690437, 390: 0.014954656993692977, 400: 0.014482244971569112, 410: 0.014104072109369235, 420: 0.013794371798819727, 430: 0.01354536265509674, 440: 0.01333303252248957, 450: 0.01314256670021487, 460: 0.01295419533421846, 470: 0.012821468453721261, 480: 0.012712587936002204, 490: 0.012574331804662626, 500: 0.012478512392209167, 510: 0.012366726874459128, 520: 0.01228394791205587, 530: 0.012216283797492377, 540: 0.012119140001054837, 550: 0.012061645392878134, 560: 0.01202091496008558, 570: 0.011952714281714983, 580: 0.01187678966111417, 590: 0.011832982224654185, 600: 0.011795153681103919, 610: 0.011764595576321306, 620: 0.011697905167366792, 630: 0.011669167630820296, 640: 0.011632845498505778, 650: 0.0116266876764101, 660: 0.011620366964258347, 670: 0.011592147316682875, 680: 0.011568187981559449, 690: 0.011557496141944705, 700: 0.011560699116181936, 710: 0.011526246109720917, 720: 0.011536975376438049, 730: 0.01152876659854899, 740: 0.011530219557119515}",710,0.011526246109720917,0.01,0.05,0.01
energy,noisyFCN,32,0.001,0.0001,"{0: 0.9187511982924776, 10: 0.17490909618865358, 20: 0.09393028836202322, 30: 0.0826645865368117, 40: 0.07706156722902377, 50: 0.07289838755045767, 60: 0.0698203912500094, 70: 0.06720761233528867, 80: 0.06482084734536887, 90: 0.06256673558210868, 100: 0.060280727779443835, 110: 0.05798968051403948, 120: 0.05562532710043785, 130: 0.05335245800406778, 140: 0.05118305556253681, 150: 0.048822206911481605, 160: 0.046567408945974983, 170: 0.04444103767998804, 180: 0.04241431149882856, 190: 0.04031266678349584, 200: 0.038412418794102884, 210: 0.03676388635978204, 220: 0.03506095439407145, 230: 0.03340502055611362, 240: 0.032002176665833174, 250: 0.03056876625159169, 260: 0.02920134710802124, 270: 0.027879230842822456, 280: 0.026624144581122333, 290: 0.02538553180557087, 300: 0.024184139677317567, 310: 0.023038242269105298, 320: 0.021939334524049413, 330: 0.020897872955640738, 340: 0.019853335821671668, 350: 0.018882055594294758, 360: 0.017973279776221696, 370: 0.0171302540318135, 380: 0.016390899964735483, 390: 0.015761347509613756, 400: 0.015205919685932805, 410: 0.01471657630068059, 420: 0.014307475096406966, 430: 0.01390695246647759, 440: 0.01362279293200717, 450: 0.01336553995227549, 460: 0.013142620333323068, 470: 0.0129481677494111, 480: 0.012775758323168417, 490: 0.012651165684479803, 500: 0.012506024099553259, 510: 0.0123985888764007, 520: 0.012281570205069987, 530: 0.012215698085845461, 540: 0.012153635912664324, 550: 0.012088780143469133, 560: 0.012011245903837694, 570: 0.011966981302301843, 580: 0.011900171236866545, 590: 0.011868803143252036, 600: 0.011786156650257756, 610: 0.011766143866699112, 620: 0.011682469926339561, 630: 0.011622693066204823, 640: 0.011553319400817146, 650: 0.011511197758164029, 660: 0.011450565010137925, 670: 0.011414848018549834, 680: 0.011362056977618409, 690: 0.011310485532544786, 700: 0.011278837148420881, 710: 0.011250321746347158, 720: 0.011236563079542225, 730: 0.011165975229339244, 740: 0.011148209485701902, 750: 0.011107299882781065, 760: 0.011082651471096277, 770: 0.011060517379552558, 780: 0.011072785932087595, 790: 0.011055285110995202, 800: 0.011040188149253272, 810: 0.010968690811937312, 820: 0.011042310709552548, 830: 0.011017553296248492, 840: 0.010993980263066533}",810,0.010968690811937312,0.01,0.1,0.01
energy,noisyFCN,32,0.001,0.0005,"{0: 0.48226625245522775, 10: 0.07208748195267242, 20: 0.06317384319691981, 30: 0.0541267868260491, 40: 0.04376375404600261, 50: 0.035638020233394276, 60: 0.030075132042243054, 70: 0.02515851287122835, 80: 0.021002583744111864, 90: 0.017523664214681697, 100: 0.015232296003453017, 110: 0.013939239145008947, 120: 0.013361992611766146, 130: 0.013119837935672837, 140: 0.012971973289340518, 150: 0.012568082527186627, 160: 0.012534022363982414, 170: 0.012480210752093473, 180: 0.012156605038630034, 190: 0.012016487705449167, 200: 0.011884001109527637, 210: 0.01173163112375836, 220: 0.011638580632670238, 230: 0.011615927970017254, 240: 0.01159245311181412, 250: 0.011619171290245695, 260: 0.011513597623043048, 270: 0.011497397739693422, 280: 0.011404084208305104, 290: 0.011274508768800604, 300: 0.011282414339637196, 310: 0.011211527627337325, 320: 0.010900623999798192, 330: 0.010775239882894147, 340: 0.01073623600864107, 350: 0.010690730896210029, 360: 0.010714012415905614, 370: 0.01078434349928316, 380: 0.010825992612284624}",350,0.010690730896210029,0.01,0.001,0.01
energy,noisyFCN,32,0.001,0.0005,"{0: 0.5006007748684151, 10: 0.07626167325491383, 20: 0.06524115573705697, 30: 0.056518293623396054, 40: 0.047008616719993214, 50: 0.037661261883268, 60: 0.03095073383075586, 70: 0.02513255266224195, 80: 0.020449530605887604, 90: 0.016941961392216105, 100: 0.014842188600440825, 110: 0.013767746408554007, 120: 0.013279731578650266, 130: 0.013013410744137241, 140: 0.01274826279938803, 150: 0.012479221639010519, 160: 0.012389730828188983, 170: 0.012147424454866199, 180: 0.012019940833625047, 190: 0.011898166716794393, 200: 0.011784128833368001, 210: 0.011618803244523032, 220: 0.011567482086414636, 230: 0.011549080071386681, 240: 0.01139714890600937, 250: 0.011329688637898586, 260: 0.011313467355175423, 270: 0.011260051228673032, 280: 0.011299120405017108, 290: 0.011248726854501753, 300: 0.011240859328552297, 310: 0.011072889021484227, 320: 0.011192431322873776, 330: 0.011091055424009367, 340: 0.011185806540610457}",310,0.011072889021484227,0.01,0.005,0.01
energy,noisyFCN,32,0.001,0.0005,"{0: 0.5033207832591209, 10: 0.07410681555505658, 20: 0.06362156421313536, 30: 0.053405734349906586, 40: 0.04367503555126386, 50: 0.03542391429153161, 60: 0.029258873306863248, 70: 0.024254637201308337, 80: 0.020317670116398408, 90: 0.01762812541762753, 100: 0.01589785949009908, 110: 0.015196689031534094, 120: 0.014387051348515995, 130: 0.013998384720592597, 140: 0.013830810383545129, 150: 0.0136372334519323, 160: 0.013459780723475668, 170: 0.01318674985548762, 180: 0.01311734904698093, 190: 0.01294858315109305, 200: 0.012937369054836518, 210: 0.012428841492620175, 220: 0.012159023158325228, 230: 0.011975599186601448, 240: 0.011962331062986878, 250: 0.011982818807156386, 260: 0.011910979801548866, 270: 0.01198598348482099, 280: 0.011890206133106936, 290: 0.011805948426600188, 300: 0.011710696159171216, 310: 0.01154158268407867, 320: 0.011291912681838084, 330: 0.011234058712251752, 340: 0.011188549818797527, 350: 0.011063320517514408, 360: 0.011289486911916922, 370: 0.011261962009073753, 380: 0.011145227897763808}",350,0.011063320517514408,0.01,0.01,0.01
energy,noisyFCN,32,0.001,0.0005,"{0: 0.4991564756367312, 10: 0.07461339987955436, 20: 0.06540181424891284, 30: 0.056189113359053765, 40: 0.04603201601364828, 50: 0.036654269977645385, 60: 0.0301551450943587, 70: 0.025152103820728543, 80: 0.021200012304802368, 90: 0.018376880350251975, 100: 0.01640594640137747, 110: 0.015297981486589363, 120: 0.014856871146861156, 130: 0.014387695691356511, 140: 0.013923177532712674, 150: 0.013489510892096851, 160: 0.013116986550044157, 170: 0.01285598288474779, 180: 0.012562220440411626, 190: 0.012399948217179792, 200: 0.012179564282645147, 210: 0.012064210361960342, 220: 0.01189485460881744, 230: 0.012029159147434873, 240: 0.012028703111142324, 250: 0.012002876315126376}",220,0.01189485460881744,0.01,0.05,0.01
energy,noisyFCN,32,0.001,0.0005,"{0: 0.46837906181597794, 10: 0.075869175981406, 20: 0.06541239239154308, 30: 0.05757525205780002, 40: 0.04846869345397396, 50: 0.03920152264713097, 60: 0.03149204984362898, 70: 0.025461110472058502, 80: 0.02118365682217656, 90: 0.01800859687145088, 100: 0.016031764969045993, 110: 0.01429271107769417, 120: 0.013310787057352374, 130: 0.01252314090273463, 140: 0.012177323906812889, 150: 0.011829261917446623, 160: 0.011541549380973931, 170: 0.011514091353906178, 180: 0.011461684908484513, 190: 0.011200329555998175, 200: 0.011316099162068896, 210: 0.011251082502473824, 220: 0.011032028731051049, 230: 0.010957760113230249, 240: 0.010788095038032672, 250: 0.010790332744160436, 260: 0.010827071676009655, 270: 0.010683982827883513, 280: 0.010483328632771568, 290: 0.010457346505642744, 300: 0.010206523184458124, 310: 0.010067835963548013, 320: 0.009937286208885582, 330: 0.010081910538830596, 340: 0.010006009457913674, 350: 0.010152259096453608}",320,0.009937286208885582,0.01,0.1,0.01
energy,noisyFCN,32,0.001,0.001,"{0: 0.21069632132407207, 10: 0.06689823095932627, 20: 0.051280349240006885, 30: 0.03503424693859729, 40: 0.02422797281250872, 50: 0.017301963823985876, 60: 0.01400910018681715, 70: 0.01279438703597599, 80: 0.012060748889317902, 90: 0.011811490928699347, 100: 0.011449653257092175, 110: 0.011202965289422346, 120: 0.011294117411053647, 130: 0.01093116446107618, 140: 0.010237870331643606, 150: 0.010166325176021253, 160: 0.009967607504726809, 170: 0.010151694109160652, 180: 0.009671819215712666, 190: 0.009815102178634691, 200: 0.010190185414425863, 210: 0.010012398414263149}",180,0.009671819215712666,0.01,0.001,0.01
energy,noisyFCN,32,0.001,0.001,"{0: 0.21229831599524288, 10: 0.06746343464646341, 20: 0.05119421928286886, 30: 0.03244089604429003, 40: 0.023055172311451162, 50: 0.018073474593221246, 60: 0.014681480593699328, 70: 0.0133368824088409, 80: 0.012404231153211084, 90: 0.012187618324708124, 100: 0.011866735129720304, 110: 0.011826659418994048, 120: 0.01192207947376121, 130: 0.011740445240988969, 140: 0.011422741669773218, 150: 0.011961084599037572, 160: 0.011355428820542714, 170: 0.011648125139077623, 180: 0.010942212002584991, 190: 0.010740608376166961, 200: 0.010616512579192234, 210: 0.010266649322036872, 220: 0.010721394309122872, 230: 0.010787192082739339, 240: 0.010748488799643154}",210,0.010266649322036872,0.01,0.005,0.01
energy,noisyFCN,32,0.001,0.001,"{0: 0.19957212780684325, 10: 0.06728798339579578, 20: 0.05075604443828232, 30: 0.03469018369171321, 40: 0.022761785034643885, 50: 0.016318947561735648, 60: 0.0141965167497759, 70: 0.013215009888414878, 80: 0.012648574334788856, 90: 0.012315396372018839, 100: 0.012316702949979216, 110: 0.011936724763405803, 120: 0.011802837648407255, 130: 0.012104827986453456, 140: 0.011463724935617719, 150: 0.01097113577090179, 160: 0.011421854645172692, 170: 0.01150621546258102, 180: 0.0109999503365389}",150,0.01097113577090179,0.01,0.01,0.01
energy,noisyFCN,32,0.001,0.001,"{0: 0.2544741119354801, 10: 0.06837353190002753, 20: 0.05588669523489518, 30: 0.038111140591993685, 40: 0.02668808394352623, 50: 0.021004382797493174, 60: 0.017321476334062724, 70: 0.014977215896268103, 80: 0.013643498309691453, 90: 0.012884064556145278, 100: 0.012445866860293907, 110: 0.012002064179498506, 120: 0.012132313209046515, 130: 0.012450606016436966, 140: 0.011844708231840927, 150: 0.011820402850340951, 160: 0.012319333198356552, 170: 0.011572617506994402, 180: 0.011524943548674092, 190: 0.011212758251268372, 200: 0.011543971485632465, 210: 0.01147744363723972, 220: 0.01121723208253463}",190,0.011212758251268372,0.01,0.05,0.01
energy,noisyFCN,32,0.001,0.001,"{0: 0.20864921734739936, 10: 0.0678604775973436, 20: 0.05177404247477548, 30: 0.033761913737590736, 40: 0.024747014566749537, 50: 0.01840527085303132, 60: 0.01500603394691106, 70: 0.013514340318829778, 80: 0.01260138010095016, 90: 0.013019483964110725, 100: 0.012890264846811026, 110: 0.012369039947012874, 120: 0.012576216246496316, 130: 0.012457825318731066, 140: 0.012733902923383467}",110,0.012369039947012874,0.01,0.1,0.01
energy,noisyFCN,32,0.001,0.002,"{0: 0.12605763265028186, 10: 0.05945164806446711, 20: 0.03241462976621236, 30: 0.021221408143706096, 40: 0.012665397977558482, 50: 0.011636070556606981, 60: 0.011702297995564312, 70: 0.011607276602604381, 80: 0.012576136324186273, 90: 0.010809440676725663, 100: 0.012297132751835787, 110: 0.01058482542943334, 120: 0.011538010000125989, 130: 0.011456798876279612, 140: 0.011572343351881228}",110,0.01058482542943334,0.01,0.001,0.01
energy,noisyFCN,32,0.001,0.002,"{0: 0.14064070920649965, 10: 0.06037542240007247, 20: 0.034532392882461085, 30: 0.022606277021595705, 40: 0.017672561174778677, 50: 0.01310757584931925, 60: 0.013052710321996628, 70: 0.012735908138093416, 80: 0.0126000567728622, 90: 0.012496231979360688, 100: 0.014581126135721947, 110: 0.011494185547125304, 120: 0.012786947989429944, 130: 0.012387101533812164, 140: 0.01308914531903858}",110,0.011494185547125304,0.01,0.005,0.01
energy,noisyFCN,32,0.001,0.002,"{0: 0.15160576673220844, 10: 0.059598521550184615, 20: 0.03475756902452724, 30: 0.020670288629277767, 40: 0.015604513064217987, 50: 0.014500710113485698, 60: 0.015430933422694863, 70: 0.012844383031093592, 80: 0.012757264990851086, 90: 0.014095497421146247, 100: 0.013080399880101564, 110: 0.012438594942097444, 120: 0.012935676421499936, 130: 0.011611218733868686, 140: 0.011236273248506283, 150: 0.011770945715572868, 160: 0.012329662963263884, 170: 0.011429524066987457}",140,0.011236273248506283,0.01,0.01,0.01
energy,noisyFCN,32,0.001,0.002,"{0: 0.14123384380470067, 10: 0.06169610905661974, 20: 0.03287046966079027, 30: 0.019752791203537592, 40: 0.01589018000070342, 50: 0.012651902707148402, 60: 0.012072636457225904, 70: 0.011212756042272513, 80: 0.011031556051342638, 90: 0.010575514460980743, 100: 0.01079559850815684, 110: 0.010914587050896794, 120: 0.010159890513989281, 130: 0.011675142755355339, 140: 0.01025846515555398, 150: 0.010454271569690173}",120,0.010159890513989281,0.01,0.05,0.01
energy,noisyFCN,32,0.001,0.002,"{0: 0.16264324991878282, 10: 0.06136102692746535, 20: 0.03595519495176408, 30: 0.022632269556772534, 40: 0.015884051987893635, 50: 0.014447831121829052, 60: 0.013503469768268623, 70: 0.012735213715668483, 80: 0.01398622421369028, 90: 0.012050377819838563, 100: 0.013212131577646068, 110: 0.01206752564435333, 120: 0.012447269510377982}",90,0.012050377819838563,0.01,0.1,0.01
energy,noisyFCN,32,0.0001,0.0001,"{0: 0.9099722066609427, 10: 0.18222331628233185, 20: 0.09348137834624864, 30: 0.0812959589922085, 40: 0.07631866603217871, 50: 0.07328881578830009, 60: 0.0709724484845414, 70: 0.06895627009778059, 80: 0.06691785921317474, 90: 0.06489605234046388, 100: 0.06285106888045618, 110: 0.060641362173843985, 120: 0.05826795596391554, 130: 0.055894970407481835, 140: 0.053409564696867015, 150: 0.05094513054979327, 160: 0.04843120843630845, 170: 0.045978969793087014, 180: 0.04364595079252589, 190: 0.041490540282477326, 200: 0.03931971422371651, 210: 0.03727546244364181, 220: 0.03531508841247109, 230: 0.03347701063278109, 240: 0.03172086261666633, 250: 0.030035900671393036, 260: 0.02840111719025591, 270: 0.026754985239809077, 280: 0.02513685858361974, 290: 0.02358664604650884, 300: 0.02217809731210492, 310: 0.020888686395226307, 320: 0.01978141576981173, 330: 0.018729660165036032, 340: 0.017793043419484393, 350: 0.017004158284639765, 360: 0.016344400984896083, 370: 0.01579595173010385, 380: 0.015294299190698876, 390: 0.014920493597533408, 400: 0.01457248701720558, 410: 0.01430792045329815, 420: 0.014065116461551114, 430: 0.013840007744967842, 440: 0.013655312897000222, 450: 0.013512542489399718, 460: 0.013376935535274007, 470: 0.01327540409137678, 480: 0.013177676650808583, 490: 0.013081862133204359, 500: 0.013013011166796349, 510: 0.012925549601537972, 520: 0.012870138296223188, 530: 0.012805697168024339, 540: 0.012769762187509515, 550: 0.01273391678461123, 560: 0.012700761232091162, 570: 0.012645626339356883, 580: 0.012567838067994441, 590: 0.012571140079022122, 600: 0.01249933606466718, 610: 0.012491920229812653, 620: 0.012431222249249942, 630: 0.012416987991407087, 640: 0.0123968495154838, 650: 0.012325873711858528, 660: 0.012254072353827222, 670: 0.012249163988214042, 680: 0.01218795474662366, 690: 0.012144753643213874, 700: 0.01210506689081478, 710: 0.012084924015034682, 720: 0.01204841653740064, 730: 0.01202989131773039, 740: 0.011968309851530873, 750: 0.01196024551211608, 760: 0.011938270857634862, 770: 0.011896142684403366, 780: 0.011898666757079368, 790: 0.011832479461662618, 800: 0.011830882857948758, 810: 0.011853646939476636, 820: 0.011916470303451294, 830: 0.011954930172787537}",800,0.011830882857948758,0.01,0.001,0.01
energy,noisyFCN,32,0.0001,0.0001,"{0: 0.9351874327192494, 10: 0.18952302952877573, 20: 0.09218693849999685, 30: 0.08004030592011704, 40: 0.07502589921593492, 50: 0.07186798549236241, 60: 0.06950506440084664, 70: 0.0675042583904917, 80: 0.06557083031157405, 90: 0.06362681160461867, 100: 0.0615518562678423, 110: 0.05925464565690304, 120: 0.056997701317304285, 130: 0.05472150691907183, 140: 0.0523735115932422, 150: 0.04988780546728355, 160: 0.04738142382168347, 170: 0.04494241493158653, 180: 0.04259114818351834, 190: 0.040222090675306764, 200: 0.037988782188838104, 210: 0.035842442241071956, 220: 0.03376502505223441, 230: 0.03186423147185856, 240: 0.03004331238489381, 250: 0.02831326206036604, 260: 0.026654090470825932, 270: 0.02505625160926126, 280: 0.02348619668858577, 290: 0.02198584177204228, 300: 0.020575884598223276, 310: 0.019309954933413035, 320: 0.01814820940382744, 330: 0.017101879665429722, 340: 0.01615052157090725, 350: 0.015371304456262242, 360: 0.014669601885656742, 370: 0.014147144330817648, 380: 0.013710031539981748, 390: 0.013337375672429097, 400: 0.01303981031066145, 410: 0.012792653490009843, 420: 0.012645769347792348, 430: 0.01245559671187187, 440: 0.012356181531810893, 450: 0.012264914968422528, 460: 0.01217714545000347, 470: 0.012132978090770888, 480: 0.012092860139718727, 490: 0.012012933859037834, 500: 0.012005781725842933, 510: 0.011965542744860544, 520: 0.011985228222926528, 530: 0.011994394898977153, 540: 0.011958202034149105, 550: 0.011972766336451807, 560: 0.011944950794408627, 570: 0.011912182658450489, 580: 0.011930720641745812, 590: 0.011884611987923541, 600: 0.011826550089854088, 610: 0.011854083937738406, 620: 0.01181807431863929, 630: 0.011801015781942472, 640: 0.01180292959310741, 650: 0.011736750153371129, 660: 0.011730127176164383, 670: 0.011703476128116891, 680: 0.011695065148565513, 690: 0.011679791483043031, 700: 0.011652479495683876, 710: 0.011633498686006188, 720: 0.011668907093944473, 730: 0.011632310974013346, 740: 0.011624355786125626, 750: 0.011559235127800391, 760: 0.011528292872651162, 770: 0.011564686302593151, 780: 0.011572708940118807, 790: 0.011391558031676038, 800: 0.011348776249198871, 810: 0.011242954880378988, 820: 0.011255070654330044, 830: 0.011249938410338533, 840: 0.011356833730378057}",810,0.011242954880378988,0.01,0.005,0.01
energy,noisyFCN,32,0.0001,0.0001,"{0: 0.8655181434477676, 10: 0.16664182967413876, 20: 0.09374180130266309, 30: 0.08044232430109562, 40: 0.07524449538981201, 50: 0.07208139532761193, 60: 0.06954477590079404, 70: 0.06730453313056364, 80: 0.06511604581507352, 90: 0.06301459916403702, 100: 0.060871606898275234, 110: 0.05868353937186155, 120: 0.05657572104139684, 130: 0.05450520034346694, 140: 0.05238475765306545, 150: 0.05022752609093491, 160: 0.04808763586065141, 170: 0.045891812841286184, 180: 0.04365409011534893, 190: 0.04138761207403762, 200: 0.03906334495055473, 210: 0.036871087896238795, 220: 0.03477721690647994, 230: 0.03274973715996482, 240: 0.03092642107519939, 250: 0.029234595657562746, 260: 0.027610474493536773, 270: 0.02615593766355938, 280: 0.024773891488673306, 290: 0.023434324002763036, 300: 0.022134276253894795, 310: 0.020884478529591244, 320: 0.019690554855508312, 330: 0.01860046580820624, 340: 0.01760382000327122, 350: 0.016707613407139554, 360: 0.015963226058086553, 370: 0.015306261721931424, 380: 0.014738108391692189, 390: 0.01422861384727606, 400: 0.013747077326309054, 410: 0.01337130783277441, 420: 0.013086061803324889, 430: 0.012828544194036905, 440: 0.012543766101700365, 450: 0.012370065442957587, 460: 0.012190871450312234, 470: 0.012072592836288445, 480: 0.011991906368030788, 490: 0.011886611748581095, 500: 0.011782820268039975, 510: 0.01169861242682532, 520: 0.011609607256078075, 530: 0.01154810538844136, 540: 0.011459488988825813, 550: 0.011414658727739257, 560: 0.01135465498540988, 570: 0.01130527213911434, 580: 0.01125852533673348, 590: 0.011218885199815893, 600: 0.01114660615938567, 610: 0.011109124025667324, 620: 0.011106785808521202, 630: 0.011021920227459688, 640: 0.0109779353858661, 650: 0.010954465874246474, 660: 0.010902811184127788, 670: 0.01088736115608627, 680: 0.010872102409586812, 690: 0.010856101194943516, 700: 0.010860791777022403, 710: 0.010834874825294665, 720: 0.01080274786185719, 730: 0.010790233107267077, 740: 0.0107669328179771, 750: 0.01077673734776059, 760: 0.010807374967084647, 770: 0.010775210197089487}",740,0.0107669328179771,0.01,0.01,0.01
energy,noisyFCN,32,0.0001,0.0001,"{0: 0.8346863918188141, 10: 0.1739601178785634, 20: 0.09233383842683483, 30: 0.07974308516855527, 40: 0.07428288119015306, 50: 0.07135764716552302, 60: 0.06914734237911892, 70: 0.06716800356646482, 80: 0.06551206739830141, 90: 0.06375759361875577, 100: 0.06197583228081571, 110: 0.060095412109166836, 120: 0.05832308478028825, 130: 0.056488364793317536, 140: 0.054677992710014764, 150: 0.052694616782092085, 160: 0.05068982804858667, 170: 0.04867744019932029, 180: 0.04660333611103879, 190: 0.04445939610645078, 200: 0.04228564841506697, 210: 0.04018944961810913, 220: 0.038141374620414725, 230: 0.03616300094304213, 240: 0.034337324728884164, 250: 0.03259844335460645, 260: 0.030960709063576314, 270: 0.029286448810685005, 280: 0.027696698965008502, 290: 0.026165537836282598, 300: 0.02475222242204416, 310: 0.023365143944517892, 320: 0.022016230968585432, 330: 0.020736555873654562, 340: 0.019513574685773798, 350: 0.01842423307013169, 360: 0.01747945569948158, 370: 0.016646824937622127, 380: 0.015869009665828077, 390: 0.015218942227244464, 400: 0.014693213408254557, 410: 0.014280035864553356, 420: 0.013963835626367918, 430: 0.013681598457787197, 440: 0.013441701930283897, 450: 0.013271166160543824, 460: 0.013105415900868547, 470: 0.012964709015089216, 480: 0.012827741503035301, 490: 0.012743253642664615, 500: 0.012630151863359227, 510: 0.012586611430403368, 520: 0.012533497007487496, 530: 0.012479332043360717, 540: 0.012422615032299, 550: 0.01237754072665306, 560: 0.012338141678465924, 570: 0.012321371381178121, 580: 0.01226486713270116, 590: 0.012197540613149746, 600: 0.012154607624115923, 610: 0.012084895131969756, 620: 0.0121032923180101, 630: 0.011999436588164736, 640: 0.012002074917413192, 650: 0.011945221624763512, 660: 0.011929437653144827, 670: 0.011918729164913312, 680: 0.011888168186113667, 690: 0.011801907301915299, 700: 0.011828782061241765, 710: 0.01186283353815933, 720: 0.011770083700043194, 730: 0.011794961447050858, 740: 0.011728111549248188, 750: 0.011695329699326195, 760: 0.011669218196571726, 770: 0.011642463309470653, 780: 0.011595295593673772, 790: 0.011540674405065964, 800: 0.011515143652701402, 810: 0.011495195490256096, 820: 0.01145958165951817, 830: 0.011455129881233164, 840: 0.011428373926878373, 850: 0.011383216856855578, 860: 0.011372048898416209, 870: 0.011361409822166341, 880: 0.011314782023695005, 890: 0.011290564918144593, 900: 0.011293289084128978, 910: 0.011255260576784122, 920: 0.011250261329913813, 930: 0.01124756639967553, 940: 0.011233512749112214, 950: 0.01116014864792476, 960: 0.011171198519030926, 970: 0.011108289016965553, 980: 0.01112157601825163, 990: 0.011129581956479584, 1000: 0.01112392784907965}",970,0.011108289016965553,0.01,0.05,0.01
energy,noisyFCN,32,0.0001,0.0001,"{0: 0.932877162890515, 10: 0.1799676844940795, 20: 0.09677734795710047, 30: 0.08335243811259647, 40: 0.076890036758166, 50: 0.07285428838006229, 60: 0.07018418927775905, 70: 0.06769081626356037, 80: 0.06551339183040941, 90: 0.06367958430128821, 100: 0.061581063328709794, 110: 0.05950771519234303, 120: 0.05767901149895784, 130: 0.055520630616301955, 140: 0.053297136512135766, 150: 0.05083192710404862, 160: 0.04860030993706033, 170: 0.046278019804086946, 180: 0.04410341076948088, 190: 0.04197626989590523, 200: 0.03994177993340809, 210: 0.03805498627087568, 220: 0.03620615683676727, 230: 0.034485702432704955, 240: 0.03287477339607357, 250: 0.03141527802216821, 260: 0.03005917089122757, 270: 0.02874636856612405, 280: 0.027472499366906756, 290: 0.026291217476896132, 300: 0.02518647361611797, 310: 0.0241405179282951, 320: 0.023121270851963093, 330: 0.02210673444699454, 340: 0.02121326752723467, 350: 0.020375637096139005, 360: 0.019592424678376286, 370: 0.018834160173747016, 380: 0.018138717800824662, 390: 0.017473897392777514, 400: 0.0168727834176361, 410: 0.016324762249789716, 420: 0.01587779098665152, 430: 0.01544504937052123, 440: 0.015089883938541965, 450: 0.014755414881971015, 460: 0.014498022292169288, 470: 0.0142416395094555, 480: 0.014023102960480654, 490: 0.013878322089758496, 500: 0.013728291455045089, 510: 0.013645001944523404, 520: 0.013530387442574395, 530: 0.013443091367838717, 540: 0.013358590505693485, 550: 0.013304828815028124, 560: 0.013270164624737346, 570: 0.013197382334974764, 580: 0.013163896380869941, 590: 0.01309907343745029, 600: 0.013090308462151062, 610: 0.013043015689927825, 620: 0.01302669152347355, 630: 0.013015761631763762, 640: 0.012970480098640196, 650: 0.012951329973761269, 660: 0.012911353045465049, 670: 0.012885433487647749, 680: 0.012872157125074307, 690: 0.012888886000713803, 700: 0.012866631987368492, 710: 0.01285626477109201, 720: 0.012770363433599597, 730: 0.012794896770319818, 740: 0.01276342171104929, 750: 0.012774335964421868, 760: 0.012732803254813654, 770: 0.012702971055354475, 780: 0.012686807194812313, 790: 0.01267437110062305, 800: 0.012684422680321402, 810: 0.012621306059699577, 820: 0.012593872643690435, 830: 0.012573051941894491, 840: 0.012532320236915051, 850: 0.012516744185711253, 860: 0.012479038373557854, 870: 0.012469732165674232, 880: 0.012446420344518002, 890: 0.012447379613733364, 900: 0.012395490504236249, 910: 0.012361452447735325, 920: 0.012251455290658854, 930: 0.012244989467713017, 940: 0.012161404617189345, 950: 0.012146127446329064, 960: 0.012079302770201444, 970: 0.01206215568210552, 980: 0.012072439908851734, 990: 0.012043210002404403, 1000: 0.012320960831881667, 1010: 0.012184999972248211, 1020: 0.011940444920035273, 1030: 0.012054880696726066, 1040: 0.012353823615249738, 1050: 0.012090673426425105}",1020,0.011940444920035273,0.01,0.1,0.01
energy,noisyFCN,32,0.0001,0.0005,"{0: 0.48838766339650463, 10: 0.07102853770240074, 20: 0.06248572371923914, 30: 0.05297670087329105, 40: 0.04333670229771312, 50: 0.03530411080194246, 60: 0.030059616938039734, 70: 0.026187116163717612, 80: 0.022784285678839934, 90: 0.01966205683892947, 100: 0.016796369583961742, 110: 0.015241431065800426, 120: 0.014461035535022999, 130: 0.014081819122377895, 140: 0.013608675573803668, 150: 0.013607500245359963, 160: 0.013322944445062618, 170: 0.013221266354030406, 180: 0.013045706987946003, 190: 0.012947892913376132, 200: 0.012938740631751888, 210: 0.014396669724269734, 220: 0.0126621747254448, 230: 0.012566817805615882, 240: 0.012760761810294608, 250: 0.012172478554549653, 260: 0.011873378252515485, 270: 0.011750741570385618, 280: 0.011676426546311264, 290: 0.012829935920897559, 300: 0.016092712544294542, 310: 0.011340001502708464, 320: 0.010755365844242503, 330: 0.010840184627405929, 340: 0.011994419519072189, 350: 0.012868227779057944}",320,0.010755365844242503,0.01,0.001,0.01
energy,noisyFCN,32,0.0001,0.0005,"{0: 0.48428252797023175, 10: 0.0725105160961751, 20: 0.06362955326634726, 30: 0.055845541009406606, 40: 0.04707960299397808, 50: 0.03879097577735065, 60: 0.032693745971409206, 70: 0.028198201986240512, 80: 0.024052452446534627, 90: 0.020200206606430276, 100: 0.01735025798894716, 110: 0.0157103801887186, 120: 0.01464091939713861, 130: 0.014185639943688705, 140: 0.013904531418435114, 150: 0.013690431002320433, 160: 0.013610159347458678, 170: 0.013426508021052006, 180: 0.013350627241217022, 190: 0.01332550929405225, 200: 0.01318721649226178, 210: 0.013041493405010656, 220: 0.013228572105960807, 230: 0.014091503139082296, 240: 0.012614593775124926, 250: 0.01262520271585913, 260: 0.0121032615823667, 270: 0.012707769048729034, 280: 0.013402181582091674, 290: 0.014540627054839345}",260,0.0121032615823667,0.01,0.005,0.01
energy,noisyFCN,32,0.0001,0.0005,"{0: 0.5160501385321383, 10: 0.07329307495256783, 20: 0.06583898305072715, 30: 0.058907930780657446, 40: 0.050910468303252035, 50: 0.043192619338828245, 60: 0.03608596227173366, 70: 0.029181135936704627, 80: 0.023387452881243543, 90: 0.019186504991303303, 100: 0.016616584114779016, 110: 0.015278019758313, 120: 0.01461731294731323, 130: 0.014235772859870169, 140: 0.013960772562624573, 150: 0.013612468031885589, 160: 0.013556402369846598, 170: 0.01339439304796754, 180: 0.013143919406248464, 190: 0.013087772392779171, 200: 0.013458271178810512, 210: 0.012988616688534228, 220: 0.012949540222918398, 230: 0.014113750101522549, 240: 0.0119301797240336, 250: 0.014930740331985898, 260: 0.013265288539189115, 270: 0.013272233864889054}",240,0.0119301797240336,0.01,0.01,0.01
energy,noisyFCN,32,0.0001,0.0005,"{0: 0.500686738324391, 10: 0.07355576754351163, 20: 0.06524208166300019, 30: 0.05601410032863794, 40: 0.045460481140586304, 50: 0.03642955196858263, 60: 0.02995785943410102, 70: 0.025091382312795313, 80: 0.02157952327844275, 90: 0.019222762829056984, 100: 0.01718635880885447, 110: 0.015897121920006946, 120: 0.015171593551884074, 130: 0.014649074873201204, 140: 0.014364734695069705, 150: 0.014169212892739935, 160: 0.01398751365674274, 170: 0.014070847865447798, 180: 0.013403444649500459, 190: 0.013745157341640996, 200: 0.01409887225415166, 210: 0.014337301019648188}",180,0.013403444649500459,0.01,0.05,0.01
energy,noisyFCN,32,0.0001,0.0005,"{0: 0.47378942116044387, 10: 0.07478942607021659, 20: 0.06510283959910072, 30: 0.056223377632281316, 40: 0.045462775545788814, 50: 0.03697987865246003, 60: 0.0302412739134039, 70: 0.02501811108327374, 80: 0.0206548385033127, 90: 0.017451197191487983, 100: 0.015501946310385989, 110: 0.01443079801784749, 120: 0.013741345404220668, 130: 0.013476621665745203, 140: 0.01329631694153996, 150: 0.013185896195161468, 160: 0.012880533372574462, 170: 0.012843312941194692, 180: 0.01292845827219386, 190: 0.012714971038452682, 200: 0.012577774174877359, 210: 0.012914386299463227, 220: 0.012856296691065425, 230: 0.01394141678250636}",200,0.012577774174877359,0.01,0.1,0.01
energy,noisyFCN,32,0.0001,0.001,"{0: 0.24251704134953656, 10: 0.06921470750187311, 20: 0.0569146064629074, 30: 0.03948850915606509, 40: 0.027213950434385115, 50: 0.01902176668810619, 60: 0.015125427020503419, 70: 0.013324365978528027, 80: 0.012337793979131447, 90: 0.011556788487788117, 100: 0.011899843906896098, 110: 0.012839059480920872, 120: 0.013366806880210611}",90,0.011556788487788117,0.01,0.001,0.01
energy,noisyFCN,32,0.0001,0.001,"{0: 0.22781246873469066, 10: 0.06795389260508355, 20: 0.05209490799082052, 30: 0.035439437308538504, 40: 0.025746646985847575, 50: 0.01772261124007939, 60: 0.014760752453147374, 70: 0.013740826122895705, 80: 0.01355678216538957, 90: 0.01312058959338741, 100: 0.013103140645770808, 110: 0.013961155263402436, 120: 0.013627268309234145, 130: 0.01663024681624644}",100,0.013103140645770808,0.01,0.005,0.01
energy,noisyFCN,32,0.0001,0.001,"{0: 0.23102588158050694, 10: 0.06803458362234865, 20: 0.052646130728162356, 30: 0.035500915438099634, 40: 0.024556943953238843, 50: 0.017021040379947443, 60: 0.01349676382176426, 70: 0.01196113077588017, 80: 0.012021734231992848, 90: 0.011634427564004894, 100: 0.012419022535789805, 110: 0.01396402334476638, 120: 0.011421246613970036, 130: 0.01009386559505441, 140: 0.012435810969985837, 150: 0.010394116610874003, 160: 0.01161546298396674}",130,0.01009386559505441,0.01,0.01,0.01
energy,noisyFCN,32,0.0001,0.001,"{0: 0.21813605879801487, 10: 0.06686281492320693, 20: 0.054041839412541516, 30: 0.03704761828977467, 40: 0.026231047288765037, 50: 0.0188455210752387, 60: 0.01402478511013884, 70: 0.012404782226348653, 80: 0.011895780891600084, 90: 0.012692613926717763, 100: 0.010836965385248493, 110: 0.011296227259935536, 120: 0.01447192805394824, 130: 0.01157677247459954}",100,0.010836965385248493,0.01,0.05,0.01
energy,noisyFCN,32,0.0001,0.001,"{0: 0.2451834241020891, 10: 0.06741891449016205, 20: 0.05383296651132907, 30: 0.03720820634493657, 40: 0.027507997990869993, 50: 0.01911459600337681, 60: 0.015100586215337244, 70: 0.014049392273170693, 80: 0.013860504935104184, 90: 0.013967120344474402, 100: 0.01401498569617492, 110: 0.014043533441369955}",80,0.013860504935104184,0.01,0.1,0.01
energy,noisyFCN,32,0.0001,0.002,"{0: 0.1462932007768846, 10: 0.06794278791637783, 20: 0.03529729152101525, 30: 0.020509551417201212, 40: 0.015394947129310044, 50: 0.01770368317596681, 60: 0.018600471495256853, 70: 0.01318667315533274, 80: 0.012091379038300393, 90: 0.011910283578368352, 100: 0.014264380796506501, 110: 0.015495809536031543, 120: 0.012997820891485096}",90,0.011910283578368352,0.01,0.001,0.01
energy,noisyFCN,32,0.0001,0.002,"{0: 0.14378052727629245, 10: 0.06467359285505235, 20: 0.036489653439580896, 30: 0.022578115797897435, 40: 0.016147597809585947, 50: 0.013289136434025794, 60: 0.013342289307704475, 70: 0.01649066559210351, 80: 0.013112261882167265, 90: 0.013199927779226128, 100: 0.01273938876997635, 110: 0.012826202092470068, 120: 0.010898767314604521, 130: 0.01199771629539175, 140: 0.01659487000634658, 150: 0.01105096795802605}",120,0.010898767314604521,0.01,0.005,0.01
energy,noisyFCN,32,0.0001,0.002,"{0: 0.13745623976359617, 10: 0.060588282495478894, 20: 0.02970291070052223, 30: 0.01750958782503925, 40: 0.012795854843301419, 50: 0.011842186663060979, 60: 0.014907577002499717, 70: 0.013107750710625237, 80: 0.013778463195908608}",50,0.011842186663060979,0.01,0.01,0.01
energy,noisyFCN,32,0.0001,0.002,"{0: 0.1522684181328775, 10: 0.05985444479284446, 20: 0.03348388327165245, 30: 0.019512751895880226, 40: 0.014172629986949367, 50: 0.014705351353851986, 60: 0.011357390360884873, 70: 0.010980613875511538, 80: 0.015855993407362743, 90: 0.01579971410589563, 100: 0.011124407164054892}",70,0.010980613875511538,0.01,0.05,0.01
energy,noisyFCN,32,0.0001,0.002,"{0: 0.14635195143656873, 10: 0.06709656725209005, 20: 0.038293318797409825, 30: 0.022124234865767492, 40: 0.01447000726471579, 50: 0.014168700185710769, 60: 0.017340294329140953, 70: 0.012429621908379271, 80: 0.01124741665956403, 90: 0.011432602529143526, 100: 0.01268966533457154, 110: 0.012125845999382096}",80,0.01124741665956403,0.01,0.1,0.01
energy,noisyFCN,32,1e-05,0.0001,"{0: 0.8127482499612994, 10: 0.14399343812472024, 20: 0.08929627872273618, 30: 0.07876278195765024, 40: 0.07344682599043872, 50: 0.06986171876435461, 60: 0.06713433133362016, 70: 0.06477745891527964, 80: 0.06269594842299181, 90: 0.0605590538741028, 100: 0.05843678758667459, 110: 0.05618944188343331, 120: 0.05391547355548145, 130: 0.0516486781403893, 140: 0.049388043552400764, 150: 0.047269349016212436, 160: 0.04523577758150904, 170: 0.04318939298033857, 180: 0.04114486215725257, 190: 0.03919074837821938, 200: 0.03716238594008107, 210: 0.035382379072665074, 220: 0.03365488929938916, 230: 0.032048293296905596, 240: 0.030482408143957307, 250: 0.029060986857897524, 260: 0.02767471409172284, 270: 0.02640558870539802, 280: 0.025199811425674214, 290: 0.024064979937181274, 300: 0.022932489175216904, 310: 0.02181014182356621, 320: 0.02080739480759201, 330: 0.019870595404374056, 340: 0.01901129857678819, 350: 0.01822790958103491, 360: 0.017563225760610084, 370: 0.017007219530398743, 380: 0.016443118928455874, 390: 0.016025835370482817, 400: 0.015611689958664798, 410: 0.015272804429039893, 420: 0.01497789706311664, 430: 0.014769510589872664, 440: 0.014539459947753347, 450: 0.014353151195281036, 460: 0.014201296734390623, 470: 0.01409757687884872, 480: 0.013968969292950625, 490: 0.013957535304892748, 500: 0.013877704875216269, 510: 0.01386885029710278, 520: 0.013844591943979339, 530: 0.013805407584587384, 540: 0.01376776817944494, 550: 0.013746760950171674, 560: 0.013703802859182995, 570: 0.013690427369318331, 580: 0.013673626488926418, 590: 0.013693920712060081, 600: 0.013638823895908692, 610: 0.013653828213844107, 620: 0.013633565962879134, 630: 0.013655496360261182, 640: 0.013667316054936495, 650: 0.013677816047363841}",620,0.013633565962879134,0.01,0.001,0.01
energy,noisyFCN,32,1e-05,0.0001,"{0: 0.8512653679446063, 10: 0.1651294102487875, 20: 0.0930159000880191, 30: 0.08138669759549491, 40: 0.07490457867086134, 50: 0.07068812181927611, 60: 0.06761911932260342, 70: 0.06500336693717243, 80: 0.06248760585113714, 90: 0.05999998872647615, 100: 0.057555569312830034, 110: 0.055125865017702044, 120: 0.05276118881114679, 130: 0.050458448034911396, 140: 0.04813224117938286, 150: 0.045814893335127824, 160: 0.043530454881331386, 170: 0.04142321126619196, 180: 0.039408543067978696, 190: 0.03747350067758217, 200: 0.03577921860789905, 210: 0.0341588474666633, 220: 0.03261727807187135, 230: 0.031200052853204496, 240: 0.029772117134671712, 250: 0.02844189227528013, 260: 0.027158194328975427, 270: 0.02593813358133183, 280: 0.02478314228134939, 290: 0.02361386719051916, 300: 0.022500461825385232, 310: 0.02145185471802461, 320: 0.020448296819282907, 330: 0.019518504039249502, 340: 0.018584904065036652, 350: 0.01772201748369464, 360: 0.016924027707186935, 370: 0.016180071064972223, 380: 0.015545518042036337, 390: 0.014930887802701487, 400: 0.014452698576600092, 410: 0.014059843922086784, 420: 0.013735422104416861, 430: 0.01346102789973841, 440: 0.013225599505142812, 450: 0.01299560892296498, 460: 0.012823377954015813, 470: 0.01265279192094658, 480: 0.012505084413322098, 490: 0.012376671367291748, 500: 0.012287409579626868, 510: 0.012204592677912431, 520: 0.012046616035733905, 530: 0.01201103286903069, 540: 0.01192139657554391, 550: 0.011890770953983231, 560: 0.011818029169565706, 570: 0.01173036640005264, 580: 0.011682990446808886, 590: 0.011630307906186256, 600: 0.011595328938323712, 610: 0.011538297592450144, 620: 0.011515175056580852, 630: 0.011504194509810477, 640: 0.01147299017109236, 650: 0.011416370432881491, 660: 0.011392489521647913, 670: 0.011355952387962377, 680: 0.011360699410373912, 690: 0.011363563203036501, 700: 0.011395111840166668}",670,0.011355952387962377,0.01,0.005,0.01
energy,noisyFCN,32,1e-05,0.0001,"{0: 0.8878026803048567, 10: 0.17314089375897979, 20: 0.0941151235079338, 30: 0.08070114400914537, 40: 0.07526292408245908, 50: 0.07164254394280074, 60: 0.06877021298436074, 70: 0.06619537757769452, 80: 0.06390523512701377, 90: 0.0617620733508615, 100: 0.05973343348584144, 110: 0.05773931871372255, 120: 0.055698305749591705, 130: 0.053699565569752375, 140: 0.0516449689953987, 150: 0.0495230768914602, 160: 0.04728301872229808, 170: 0.04501615492193822, 180: 0.04278934115632589, 190: 0.04065691284680429, 200: 0.03866979550189429, 210: 0.036730520804174965, 220: 0.03492066674967194, 230: 0.033293538472580306, 240: 0.031756483194658194, 250: 0.030297973651280563, 260: 0.028917317796812825, 270: 0.02755754167988835, 280: 0.02623539095729347, 290: 0.024930002740193934, 300: 0.023622535980937998, 310: 0.022390145785991394, 320: 0.021247455908036957, 330: 0.02008478667735497, 340: 0.019089230087846538, 350: 0.018208492723384588, 360: 0.017393378880682764, 370: 0.016654247206434814, 380: 0.01602856757641375, 390: 0.015471442278728284, 400: 0.014989926573596612, 410: 0.014619797709115335, 420: 0.014287288942874893, 430: 0.013997726108358513, 440: 0.01377085362401296, 450: 0.013566273390612758, 460: 0.013392901240659208, 470: 0.013272044657901234, 480: 0.013187646720542021, 490: 0.013081094625826881, 500: 0.013010431398051341, 510: 0.012937758046851665, 520: 0.012872968209547694, 530: 0.012806564228658607, 540: 0.012751989112738693, 550: 0.012713718295964252, 560: 0.012682154697533508, 570: 0.01265988580971424, 580: 0.012620344580147791, 590: 0.012611224268668971, 600: 0.012578719327188796, 610: 0.012567903530624697, 620: 0.012586209535865377, 630: 0.012582002010064375, 640: 0.012593847026411203}",610,0.012567903530624697,0.01,0.01,0.01
energy,noisyFCN,32,1e-05,0.0001,"{0: 0.8848163205528998, 10: 0.18231391093817678, 20: 0.09553851701838563, 30: 0.08246612208581965, 40: 0.076268635011984, 50: 0.07224426380222469, 60: 0.06912852090473225, 70: 0.066436403254515, 80: 0.06402508722809129, 90: 0.06186331980556993, 100: 0.059760657589826516, 110: 0.05753341377561971, 120: 0.05555938534576639, 130: 0.05340732477563637, 140: 0.051163912709049186, 150: 0.04888631985079055, 160: 0.046856199316486796, 170: 0.04491648136279504, 180: 0.04302005751705656, 190: 0.04127182865543404, 200: 0.03956390554761864, 210: 0.037944602582062004, 220: 0.03638623979349272, 230: 0.03486484306318656, 240: 0.033420508565421135, 250: 0.032046668498558264, 260: 0.030664856236228923, 270: 0.029266742173312717, 280: 0.027958922481081665, 290: 0.026730647001936326, 300: 0.02553390579058078, 310: 0.024414182782910965, 320: 0.02333218849193457, 330: 0.02226719471255962, 340: 0.021290662600611042, 350: 0.020344080129524367, 360: 0.019535894073917322, 370: 0.018728531892947018, 380: 0.01794847351959784, 390: 0.017258984252302056, 400: 0.016707652354148467, 410: 0.016256782549986894, 420: 0.015800110408203387, 430: 0.015381851943645946, 440: 0.015016121922876857, 450: 0.014735846168916576, 460: 0.014504430603941496, 470: 0.014333384948187186, 480: 0.014156600339138342, 490: 0.013995056361663557, 500: 0.013907652468372528, 510: 0.013765088502974546, 520: 0.013727814735807245, 530: 0.013679103736096515, 540: 0.013565883703401237, 550: 0.01356030660601365, 560: 0.013494004684710296, 570: 0.013436889037845883, 580: 0.013421727049865915, 590: 0.013384823811550936, 600: 0.0133231993579566, 610: 0.013278680594046402, 620: 0.013254446296328432, 630: 0.013219509099319817, 640: 0.01322266859380129, 650: 0.013237206255710496, 660: 0.01321182955739374, 670: 0.013215016779879202, 680: 0.013201834293839278, 690: 0.013247471276755596, 700: 0.013238422443719606, 710: 0.013259840471535727}",680,0.013201834293839278,0.01,0.05,0.01
energy,noisyFCN,32,1e-05,0.0001,"{0: 0.9125341784250223, 10: 0.1871394093024656, 20: 0.09171725439130425, 30: 0.08043353105705928, 40: 0.07600368595555848, 50: 0.07312678928460563, 60: 0.07082000049969348, 70: 0.06929035681486924, 80: 0.06754699342084872, 90: 0.06581616059380595, 100: 0.06454504703908988, 110: 0.06272868568656859, 120: 0.06096908363262789, 130: 0.059052133370961934, 140: 0.057023696881718565, 150: 0.05502319260726655, 160: 0.052950496330765914, 170: 0.05092950059808756, 180: 0.04889300347862046, 190: 0.04693592572342701, 200: 0.04501775919752575, 210: 0.042880886358842116, 220: 0.040965633061988166, 230: 0.039051170802327506, 240: 0.037244845493087785, 250: 0.03552914549995427, 260: 0.03382014897697276, 270: 0.03226324966877171, 280: 0.030765180281428845, 290: 0.0294406968867127, 300: 0.02810595896225122, 310: 0.026858354749771957, 320: 0.025725708122143115, 330: 0.024606079734289875, 340: 0.02357222258232362, 350: 0.02261060882996761, 360: 0.02162562755004662, 370: 0.020716568225267074, 380: 0.019841260883366803, 390: 0.019075963651386797, 400: 0.018355487130148385, 410: 0.01770913766931152, 420: 0.01712566767231486, 430: 0.01661139860434956, 440: 0.016088340605651195, 450: 0.01565496744273977, 460: 0.015366774180927117, 470: 0.015072360415372604, 480: 0.014795599769930987, 490: 0.014611400495164517, 500: 0.014413320885328956, 510: 0.01426318521614744, 520: 0.014164207489396691, 530: 0.014061225912164174, 540: 0.013963929220004296, 550: 0.013856352913608858, 560: 0.013833078725257764, 570: 0.013713733431082911, 580: 0.013674209002920778, 590: 0.013646075555002862, 600: 0.013574177570038778, 610: 0.013543955363406707, 620: 0.013516513615616751, 630: 0.013500759918386679, 640: 0.013463573616696117, 650: 0.013411895302636345, 660: 0.01337157866310447, 670: 0.01332780514507006, 680: 0.013257727438605565, 690: 0.013217668164562168, 700: 0.013145491322466497, 710: 0.013028299907940088, 720: 0.012846074088939712, 730: 0.01258694383412685, 740: 0.012405183770166672, 750: 0.01236712836359934, 760: 0.012892955458718913, 770: 0.012961324701200132, 780: 0.012932707502614788}",750,0.01236712836359934,0.01,0.1,0.01
energy,noisyFCN,32,1e-05,0.0005,"{0: 0.4800606975281507, 10: 0.07361567024894751, 20: 0.06528555554160671, 30: 0.0576211505226059, 40: 0.04871721383237321, 50: 0.04046501980328121, 60: 0.03372382399131183, 70: 0.028516434474252277, 80: 0.02415492013449329, 90: 0.02078770298774435, 100: 0.01803553880738621, 110: 0.01658500705672001, 120: 0.015539699695720388, 130: 0.014823684372058988, 140: 0.014445989152897454, 150: 0.01416965904481154, 160: 0.014105804704624214, 170: 0.01400790507565699, 180: 0.013672907933665785, 190: 0.013348853872503327, 200: 0.013984326239663863, 210: 0.013209574495387722, 220: 0.012757479409087316, 230: 0.013191600332321363, 240: 0.012508505961246908, 250: 0.012500548105851744, 260: 0.015030209107147474, 270: 0.014443282414176584, 280: 0.01286889687245065}",250,0.012500548105851744,0.01,0.001,0.01
energy,noisyFCN,32,1e-05,0.0005,"{0: 0.47194817380064347, 10: 0.07049351277344468, 20: 0.06114422337539464, 30: 0.05350748249655459, 40: 0.044298630076153075, 50: 0.035619180072826356, 60: 0.029212657301053036, 70: 0.024323298815351342, 80: 0.020513502831454, 90: 0.01806377141969682, 100: 0.016386304779146297, 110: 0.015110683410031134, 120: 0.01441842888380255, 130: 0.013928856990507037, 140: 0.013811584720299924, 150: 0.013348949055358578, 160: 0.013181893565465725, 170: 0.013320828215534982, 180: 0.012946632973537967, 190: 0.014323669526026928, 200: 0.013148685580068103, 210: 0.013448176898909269}",180,0.012946632973537967,0.01,0.005,0.01
energy,noisyFCN,32,1e-05,0.0005,"{0: 0.49478612063440436, 10: 0.07365435363570165, 20: 0.06252458561651233, 30: 0.05231690787843437, 40: 0.04403780092471967, 50: 0.036569072846405176, 60: 0.030813230959767818, 70: 0.02504948681734545, 80: 0.020211192084133512, 90: 0.017209912028834453, 100: 0.015748927943477008, 110: 0.015025305618310687, 120: 0.014640225575548935, 130: 0.014388426332051207, 140: 0.01436576642257159, 150: 0.01414475478619182, 160: 0.014426123023846915, 170: 0.014238202312431697, 180: 0.014271949223320526}",150,0.01414475478619182,0.01,0.01,0.01
energy,noisyFCN,32,1e-05,0.0005,"{0: 0.5056000691929547, 10: 0.07217311799430885, 20: 0.0622460162298617, 30: 0.054118029125442946, 40: 0.04429039755513648, 50: 0.03584568734368522, 60: 0.0304391285541847, 70: 0.026278983145419967, 80: 0.0222245436711886, 90: 0.019296482887690536, 100: 0.017470599743263905, 110: 0.01640979133075416, 120: 0.015880477893340395, 130: 0.015413504288938108, 140: 0.015382477831689775, 150: 0.015264343419157573, 160: 0.015179556922774349, 170: 0.015048104715693058, 180: 0.01488794033577849, 190: 0.014641385934512113, 200: 0.015147039288756459, 210: 0.014713261727746124, 220: 0.014291325363493274, 230: 0.014999040453475675, 240: 0.014837826853430594, 250: 0.014412544114612253}",220,0.014291325363493274,0.01,0.05,0.01
energy,noisyFCN,32,1e-05,0.0005,"{0: 0.489740361205168, 10: 0.07315071591250694, 20: 0.06362298340529828, 30: 0.05649980389025631, 40: 0.04756224965829341, 50: 0.03910928418278679, 60: 0.03142185634158241, 70: 0.024938861727684745, 80: 0.020222901958698143, 90: 0.017222497664631808, 100: 0.015286057902824998, 110: 0.014260479315107965, 120: 0.013527820534906327, 130: 0.0130068367550689, 140: 0.01255528013831754, 150: 0.012420435855245807, 160: 0.012399921802547925, 170: 0.01230595962931522, 180: 0.012169583614316823, 190: 0.01222296703200205, 200: 0.012378475486270971, 210: 0.012174005476591802}",180,0.012169583614316823,0.01,0.1,0.01
energy,noisyFCN,32,1e-05,0.001,"{0: 0.20790100660694927, 10: 0.06876583865624133, 20: 0.05590386442014905, 30: 0.04167474347362713, 40: 0.03163241286651959, 50: 0.023799116269332933, 60: 0.017644110742328814, 70: 0.014818841143553812, 80: 0.014318073576202784, 90: 0.013143796484466078, 100: 0.014094053780865836, 110: 0.015611086846751923, 120: 0.014778418509620047}",90,0.013143796484466078,0.01,0.001,0.01
energy,noisyFCN,32,1e-05,0.001,"{0: 0.20813225210944317, 10: 0.06493379482375086, 20: 0.04659591942973952, 30: 0.032201044140407184, 40: 0.025025393538088636, 50: 0.01924659415466832, 60: 0.014393314577732944, 70: 0.01439509615994713, 80: 0.012975388428902095, 90: 0.012993924929404774, 100: 0.012972635975983637, 110: 0.013485736629870928, 120: 0.012850218347402733, 130: 0.014158597496250928, 140: 0.014013417866555165, 150: 0.013586124849514287}",120,0.012850218347402733,0.01,0.005,0.01
energy,noisyFCN,32,1e-05,0.001,"{0: 0.19490359528500384, 10: 0.06904758569863531, 20: 0.05524821689859575, 30: 0.039449908621892224, 40: 0.027999531421907208, 50: 0.021011032731802673, 60: 0.01751768305241331, 70: 0.015809599182135415, 80: 0.015612143003404752, 90: 0.015605422467818524, 100: 0.016512163658219864, 110: 0.014519340847113062, 120: 0.014566768152140527, 130: 0.015542067750428466, 140: 0.01314730112345679, 150: 0.01536405570671016, 160: 0.013314114830788214, 170: 0.013177598943191815}",140,0.01314730112345679,0.01,0.01,0.01
energy,noisyFCN,32,1e-05,0.001,"{0: 0.20228967112961346, 10: 0.06716329355011794, 20: 0.05227124894790795, 30: 0.03631786465109602, 40: 0.02734324673872665, 50: 0.018938955748469873, 60: 0.014389133176020457, 70: 0.013274148481661053, 80: 0.012954162661826274, 90: 0.012685956468270188, 100: 0.012435808867788584, 110: 0.012227556368195322, 120: 0.012385149513720457, 130: 0.012201227461672176, 140: 0.013899967317496353, 150: 0.011780153027040913, 160: 0.015419678327416586, 170: 0.012399384874242785, 180: 0.011072156085668364, 190: 0.012072693286261291, 200: 0.012834400236462613, 210: 0.012953328773355494}",180,0.011072156085668364,0.01,0.05,0.01
energy,noisyFCN,32,1e-05,0.001,"{0: 0.23196358005773793, 10: 0.06974831359888194, 20: 0.055879033049319037, 30: 0.03810686843796689, 40: 0.028061352976537397, 50: 0.020416956713618508, 60: 0.015860218374192908, 70: 0.013866262744509422, 80: 0.013802229818470568, 90: 0.012998492061591847, 100: 0.012830571383292456, 110: 0.013331563802187493, 120: 0.012671243127966211, 130: 0.014235123961766221, 140: 0.014012394958850594, 150: 0.014295488324050592}",120,0.012671243127966211,0.01,0.1,0.01
energy,noisyFCN,32,1e-05,0.002,"{0: 0.15696690027298774, 10: 0.05903264759817188, 20: 0.03348178234163338, 30: 0.016451633151451317, 40: 0.012243197911099844, 50: 0.014319204237469968, 60: 0.012260375210714212, 70: 0.01174330356760852, 80: 0.011878031659493995, 90: 0.013214442609941781, 100: 0.013790842771981227}",70,0.01174330356760852,0.01,0.001,0.01
energy,noisyFCN,32,1e-05,0.002,"{0: 0.16992503081510563, 10: 0.06060069653728271, 20: 0.03193011443615635, 30: 0.018995872737079415, 40: 0.014051241183912402, 50: 0.014978508689264152, 60: 0.013587495911738329, 70: 0.013780394180746225, 80: 0.013398960467818221, 90: 0.015108485152756498, 100: 0.016090293651165925, 110: 0.014181216267984808}",80,0.013398960467818221,0.01,0.005,0.01
energy,noisyFCN,32,1e-05,0.002,"{0: 0.15193190601775125, 10: 0.06179016216036306, 20: 0.034716004275424026, 30: 0.01978936499878655, 40: 0.018387578332871912, 50: 0.014700168464698992, 60: 0.013868997744569438, 70: 0.013054573426340147, 80: 0.012915239939234002, 90: 0.013478891658094603, 100: 0.017558961983825495, 110: 0.014564828175490822}",80,0.012915239939234002,0.01,0.01,0.01
energy,noisyFCN,32,1e-05,0.002,"{0: 0.13732312160635826, 10: 0.05881411318417614, 20: 0.03166777402173475, 30: 0.01703220404534102, 40: 0.014341986125791139, 50: 0.016031424275235854, 60: 0.014331783407843047, 70: 0.012517681698297839, 80: 0.014919751369065797, 90: 0.01395794767062199, 100: 0.015600349836403488}",70,0.012517681698297839,0.01,0.05,0.01
energy,noisyFCN,32,1e-05,0.002,"{0: 0.14840784356401202, 10: 0.06549420171935774, 20: 0.037639066594136836, 30: 0.02282905629574736, 40: 0.014530378896455084, 50: 0.015829016922971978, 60: 0.012046416761860298, 70: 0.011597836229840461, 80: 0.01052550003893289, 90: 0.012374060357819416, 100: 0.010703783934605998, 110: 0.010921588136826824}",80,0.01052550003893289,0.01,0.1,0.01
energy,noisyFCN,32,1e-09,0.0001,"{0: 0.8613526307692865, 10: 0.17519954608235216, 20: 0.09874930381725253, 30: 0.08515240228751667, 40: 0.0783579263918069, 50: 0.07411389420471573, 60: 0.07092817018671735, 70: 0.06833950175412071, 80: 0.06611625280578295, 90: 0.0640364535693608, 100: 0.06196208655974213, 110: 0.05988418596962897, 120: 0.057810738546604734, 130: 0.05580379615763609, 140: 0.05363062164384643, 150: 0.05138657747458915, 160: 0.04911183112042873, 170: 0.04675906762737926, 180: 0.04447368341512352, 190: 0.04230847740110184, 200: 0.040188742078087036, 210: 0.03826729733073384, 220: 0.03656605540867981, 230: 0.034959364219939934, 240: 0.03342799593841102, 250: 0.032049504108056695, 260: 0.030736607098466602, 270: 0.029350038247306347, 280: 0.028085759248846164, 290: 0.026899089981637585, 300: 0.02569822101263814, 310: 0.024524129990909825, 320: 0.023302765042940238, 330: 0.022185507864177063, 340: 0.0210830601374628, 350: 0.020045600149035257, 360: 0.0191464361888233, 370: 0.018304421161028976, 380: 0.01758401241934484, 390: 0.016943790169149008, 400: 0.01640406714966559, 410: 0.015891810479721245, 420: 0.01552181399886499, 430: 0.015243569915096622, 440: 0.014974712092376274, 450: 0.014781497112064104, 460: 0.014597261897878485, 470: 0.014436881047416954, 480: 0.014297522681883303, 490: 0.014203268563153681, 500: 0.014122123013763296, 510: 0.01404245890036233, 520: 0.013977841799340196, 530: 0.013906010150026635, 540: 0.013891644778052093, 550: 0.013814670518492477, 560: 0.013822155054281308, 570: 0.013821293790524944, 580: 0.01376096128622512, 590: 0.013735990776919602, 600: 0.013691000790846267, 610: 0.013697702794304874, 620: 0.013679980058543257, 630: 0.013768663503429212, 640: 0.013709258322416446, 650: 0.013734084915361804}",620,0.013679980058543257,0.01,0.001,0.01
energy,noisyFCN,32,1e-09,0.0001,"{0: 0.9060928918036971, 10: 0.17415439270602595, 20: 0.09301033936918583, 30: 0.08048444946851235, 40: 0.07518464308716163, 50: 0.07175703063462237, 60: 0.06888328271705865, 70: 0.06644460141031198, 80: 0.06427307306526582, 90: 0.06218215594492434, 100: 0.06012086749546539, 110: 0.0581516646023025, 120: 0.056103106587579075, 130: 0.05401482584093207, 140: 0.0518711004052701, 150: 0.049672417087805884, 160: 0.047345889493918374, 170: 0.04503814083476012, 180: 0.042794280693354045, 190: 0.04065293898759056, 200: 0.03851370426595179, 210: 0.03646354384349931, 220: 0.034497749544933336, 230: 0.032608851358864474, 240: 0.03083300126767883, 250: 0.029161203958642263, 260: 0.027601574761359816, 270: 0.02607478524627633, 280: 0.024647802054831407, 290: 0.02324344228772395, 300: 0.021945163713005738, 310: 0.020614996839919943, 320: 0.019415357011190005, 330: 0.0183240052090674, 340: 0.017358314488780717, 350: 0.01652869908559899, 360: 0.015870183909429313, 370: 0.015241724884803576, 380: 0.014731632661574382, 390: 0.01426903579468991, 400: 0.013937805711132723, 410: 0.013610314782229755, 420: 0.01335865497559569, 430: 0.013153298886689712, 440: 0.012950205154839606, 450: 0.0128073224852833, 460: 0.012668608381895406, 470: 0.012533810186096447, 480: 0.012416206162900038, 490: 0.012300148210671347, 500: 0.01221948684954463, 510: 0.012136747463782929, 520: 0.01206739782405997, 530: 0.011991605453176308, 540: 0.011973561212387197, 550: 0.011907362433873572, 560: 0.011890986507668382, 570: 0.011820783296183662, 580: 0.011819348555389908, 590: 0.01176534699031312, 600: 0.011768117527733515, 610: 0.011772575583899778, 620: 0.011735607134944143, 630: 0.011699872331970073, 640: 0.011738187089035127, 650: 0.01172918396725492, 660: 0.011751089668638462}",630,0.011699872331970073,0.01,0.005,0.01
energy,noisyFCN,32,1e-09,0.0001,"{0: 0.8712378293661123, 10: 0.16463797912249864, 20: 0.09073125145297663, 30: 0.08128409337549786, 40: 0.07603719005288959, 50: 0.07228332459042823, 60: 0.06930478139053452, 70: 0.06665881550892558, 80: 0.06424105796686422, 90: 0.06186457301278869, 100: 0.05957777888654241, 110: 0.05713360499613971, 120: 0.05472320841301859, 130: 0.05221955085573682, 140: 0.049686036711352896, 150: 0.04720894899137351, 160: 0.044860321627965806, 170: 0.042591631229096504, 180: 0.04048285437895547, 190: 0.038494933650838954, 200: 0.03662117902945673, 210: 0.03477150812893053, 220: 0.03303615148838966, 230: 0.031430503850430155, 240: 0.029895725299984188, 250: 0.028445172829668425, 260: 0.026994102453090786, 270: 0.025545199496534277, 280: 0.02404760957041272, 290: 0.02257510561006464, 300: 0.021215350053957204, 310: 0.01988665731113608, 320: 0.018708512115755367, 330: 0.0176321880957458, 340: 0.016709437333573687, 350: 0.0159191662552041, 360: 0.015255411910745906, 370: 0.014674619038609286, 380: 0.014201069977216391, 390: 0.01380574785014802, 400: 0.01350669565096827, 410: 0.013274429184209005, 420: 0.013021647954610633, 430: 0.012837213967638456, 440: 0.012670381618563126, 450: 0.012530634103001046, 460: 0.012418102777044063, 470: 0.012332983410072045, 480: 0.012281103541993382, 490: 0.01221710810761521, 500: 0.012130459414850402, 510: 0.012088704658713176, 520: 0.012050772514879429, 530: 0.012005050812181228, 540: 0.01191731075077651, 550: 0.011918394805139346, 560: 0.011868620827877489, 570: 0.011857540918074476, 580: 0.01183826003292424, 590: 0.011803952862070302, 600: 0.011787827203491402, 610: 0.011797156390254516, 620: 0.011763675597201035, 630: 0.011765874426153563, 640: 0.011729476662079852, 650: 0.011675526892241796, 660: 0.011704819237990358, 670: 0.011756078352103802, 680: 0.011714562473379996}",650,0.011675526892241796,0.01,0.01,0.01
energy,noisyFCN,32,1e-09,0.0001,"{0: 0.9078183992042806, 10: 0.1809393140692306, 20: 0.09849316188669613, 30: 0.08574689350675682, 40: 0.079696243213333, 50: 0.07552249431987454, 60: 0.07227212126151683, 70: 0.06972654990133931, 80: 0.06747401430150293, 90: 0.06540733252406343, 100: 0.06337461546723777, 110: 0.061461652205035834, 120: 0.059564405835159026, 130: 0.05768098379514479, 140: 0.05571795220200212, 150: 0.05370116952355386, 160: 0.051712216631841154, 170: 0.04972976789719523, 180: 0.04769924057643366, 190: 0.04564579039832941, 200: 0.04358810162772246, 210: 0.04160677331646101, 220: 0.039654908618562926, 230: 0.03775840478369701, 240: 0.036005837776935626, 250: 0.03430598235410935, 260: 0.03274852363004194, 270: 0.031245619368528536, 280: 0.02983829016840317, 290: 0.02849845263174052, 300: 0.027220325723218947, 310: 0.02609108331285921, 320: 0.02502933895583055, 330: 0.023993215579293767, 340: 0.0231325460031855, 350: 0.022297958898869825, 360: 0.02146209661844995, 370: 0.020733603932595, 380: 0.02006484455146381, 390: 0.019399005987095697, 400: 0.018794113436152015, 410: 0.01820631695247955, 420: 0.01769471514995386, 430: 0.017156712023046562, 440: 0.0166768682509905, 450: 0.016233081669091987, 460: 0.01576140167590816, 470: 0.01537165868288574, 480: 0.014984711387640185, 490: 0.014657348496773614, 500: 0.01437739560929963, 510: 0.01414411265278161, 520: 0.013944923817055348, 530: 0.013738343841144914, 540: 0.013571654049714143, 550: 0.013432095306473036, 560: 0.013331754453252843, 570: 0.013208899603379332, 580: 0.013106732376405899, 590: 0.013041854813778366, 600: 0.01300770652278221, 610: 0.012887948416667483, 620: 0.012863326465615915, 630: 0.01279786255439776, 640: 0.012751920415118573, 650: 0.01272681951857969, 660: 0.012697989098413909, 670: 0.01263490292525055, 680: 0.012649263076394334, 690: 0.012666728332123367, 700: 0.012656271566456753}",670,0.01263490292525055,0.01,0.05,0.01
energy,noisyFCN,32,1e-09,0.0001,"{0: 0.8844607363204137, 10: 0.1780895159991045, 20: 0.09483867927424497, 30: 0.08383442664760503, 40: 0.07838538177435547, 50: 0.07523178732305404, 60: 0.07233705125728258, 70: 0.07024854764235063, 80: 0.06811397458236369, 90: 0.06637299980143539, 100: 0.06440558014406525, 110: 0.062063799842528765, 120: 0.06037468419479923, 130: 0.05816241008112007, 140: 0.056024641167225, 150: 0.05398957891717173, 160: 0.05180377096442179, 170: 0.04969356394981474, 180: 0.04746053004837204, 190: 0.04525819512822184, 200: 0.04320584589434984, 210: 0.04116820986257916, 220: 0.0391801958490825, 230: 0.03724010215048653, 240: 0.03548379787271831, 250: 0.03374239827384476, 260: 0.03199547255551015, 270: 0.030243171999678086, 280: 0.02840623815326604, 290: 0.026696531655492545, 300: 0.025097777345071914, 310: 0.02360549054118366, 320: 0.022215130310552795, 330: 0.02098061512941208, 340: 0.01985528775892122, 350: 0.018834162592777655, 360: 0.017932100237278793, 370: 0.017098571448067413, 380: 0.01643299704933209, 390: 0.015822784347437578, 400: 0.01530550623591381, 410: 0.014928649207826602, 420: 0.014548487203660174, 430: 0.01427539175364628, 440: 0.014048213591804354, 450: 0.01384227708590036, 460: 0.01370762492859356, 470: 0.01352794483443294, 480: 0.01338327400994306, 490: 0.013298344518765895, 500: 0.013197834773467537, 510: 0.013124640442964223, 520: 0.013091408079990296, 530: 0.012993910492887029, 540: 0.0129773721861286, 550: 0.012933697435666257, 560: 0.012870830223229917, 570: 0.01286084717704378, 580: 0.012838077348822413, 590: 0.012798672496545604, 600: 0.012764928775861727, 610: 0.012757858790556053, 620: 0.012742077570739255, 630: 0.012718884864933496, 640: 0.012640904076720149, 650: 0.012650980958577302, 660: 0.012660750629327963, 670: 0.012654595793484668}",640,0.012640904076720149,0.01,0.1,0.01
energy,noisyFCN,32,1e-09,0.0005,"{0: 0.48461961191160974, 10: 0.07659434321019057, 20: 0.06691929394108413, 30: 0.059601021988418414, 40: 0.0507645236001791, 50: 0.04266582808452226, 60: 0.03520245378469326, 70: 0.02873579890703191, 80: 0.023507413968983072, 90: 0.020156596916365645, 100: 0.01815718475744867, 110: 0.01651955645486234, 120: 0.015523301644304622, 130: 0.015019767064284411, 140: 0.014952513425782627, 150: 0.014399609562343721, 160: 0.014248266985001173, 170: 0.014267924007233895, 180: 0.014566394442690662, 190: 0.014261329525816796}",160,0.014248266985001173,0.01,0.001,0.01
energy,noisyFCN,32,1e-09,0.0005,"{0: 0.4704075711259329, 10: 0.0730381735002861, 20: 0.06481343263728681, 30: 0.05628379634821692, 40: 0.04603105603409309, 50: 0.03762287641427969, 60: 0.03083940342701221, 70: 0.024661897328413757, 80: 0.019398537586456408, 90: 0.016595436085197257, 100: 0.015215071243401924, 110: 0.014395306370735333, 120: 0.013963152328177176, 130: 0.013720173795321366, 140: 0.013560816051551901, 150: 0.01338032012292451, 160: 0.013193068776193296, 170: 0.013157014034658188, 180: 0.013206854523631868, 190: 0.013472589758286477, 200: 0.01349834874637279}",170,0.013157014034658188,0.01,0.005,0.01
energy,noisyFCN,32,1e-09,0.0005,"{0: 0.460905345470035, 10: 0.07194094310929089, 20: 0.061757126357989765, 30: 0.05304476368169888, 40: 0.04360296744900426, 50: 0.03489102122908741, 60: 0.029300729384590957, 70: 0.024217562779548858, 80: 0.020010963974834105, 90: 0.017598654598064194, 100: 0.01637833914428445, 110: 0.015701224480378407, 120: 0.015141800236414687, 130: 0.014890529037276107, 140: 0.014713205637289384, 150: 0.014503129137083879, 160: 0.014567129797444064, 170: 0.014475915562840608, 180: 0.014787549268532263, 190: 0.014656532573903818, 200: 0.014310719719171269, 210: 0.01407788983373289, 220: 0.013534541322295961, 230: 0.01395782072945593, 240: 0.01360615721824176, 250: 0.017142539570577504}",220,0.013534541322295961,0.01,0.01,0.01
energy,noisyFCN,32,1e-09,0.0005,"{0: 0.4917107962408527, 10: 0.07326226536332012, 20: 0.06288422486507367, 30: 0.05419719498626879, 40: 0.045098006334659754, 50: 0.03660039704416643, 60: 0.029574727953000656, 70: 0.022970667353224377, 80: 0.017934856974467284, 90: 0.014802088747854856, 100: 0.013263094954825189, 110: 0.012309480376475083, 120: 0.011855563033120435, 130: 0.01175783731524454, 140: 0.011585580833071544, 150: 0.011571066080456405, 160: 0.01157885801256116, 170: 0.011684392563917768, 180: 0.011780531855152853}",150,0.011571066080456405,0.01,0.05,0.01
energy,noisyFCN,32,1e-09,0.0005,"{0: 0.4842093275941627, 10: 0.07362223923966978, 20: 0.06422320157756221, 30: 0.05522969077111252, 40: 0.04503615507420326, 50: 0.03626043709352718, 60: 0.02920022347285861, 70: 0.02250527463131935, 80: 0.017679382554911683, 90: 0.014866705917159084, 100: 0.013587608021204489, 110: 0.012595889062808008, 120: 0.012213438860580522, 130: 0.011914731504381455, 140: 0.011669861039577003, 150: 0.011623770921444787, 160: 0.011562514471630703, 170: 0.011480486940956963, 180: 0.011398522726514709, 190: 0.011782691556132171, 200: 0.012748352590688673, 210: 0.012839499515209829}",180,0.011398522726514709,0.01,0.1,0.01
energy,noisyFCN,32,1e-09,0.001,"{0: 0.21113477377482895, 10: 0.06703188613267655, 20: 0.05155488983805571, 30: 0.03543376164049343, 40: 0.025233069577408396, 50: 0.018435741084171394, 60: 0.014738448703887224, 70: 0.01327797629068988, 80: 0.012390116755727107, 90: 0.01196933185867146, 100: 0.012522018180126614, 110: 0.01168392158280867, 120: 0.016830148107697313, 130: 0.011046801116287721, 140: 0.015327753909835854, 150: 0.013715089285999682, 160: 0.01423936922595453}",130,0.011046801116287721,0.01,0.001,0.01
energy,noisyFCN,32,1e-09,0.001,"{0: 0.21112778529109724, 10: 0.06632779212217958, 20: 0.052428782497837154, 30: 0.035906161843546704, 40: 0.025387218151567748, 50: 0.01854963040461695, 60: 0.015080951894896, 70: 0.01439167081192086, 80: 0.015116997851252728, 90: 0.012624738010781797, 100: 0.01510510713459809, 110: 0.014210524794355275, 120: 0.012184799449213218, 130: 0.012965930735884281, 140: 0.01287805235156608, 150: 0.012928787611129996}",120,0.012184799449213218,0.01,0.005,0.01
energy,noisyFCN,32,1e-09,0.001,"{0: 0.1951649929050619, 10: 0.06619246220363866, 20: 0.0529081827419592, 30: 0.03703351643794929, 40: 0.027069481675316098, 50: 0.020866284916093235, 60: 0.01709524180905703, 70: 0.015329967098148975, 80: 0.014502684573262958, 90: 0.013676494761631658, 100: 0.014760930514451914, 110: 0.013321252666859648, 120: 0.014819888586103202, 130: 0.015554147574645443, 140: 0.014974540368086948}",110,0.013321252666859648,0.01,0.01,0.01
energy,noisyFCN,32,1e-09,0.001,"{0: 0.21001040678067667, 10: 0.06792732363150435, 20: 0.052822555363472176, 30: 0.03733517812833331, 40: 0.028640674946050902, 50: 0.021148971576349394, 60: 0.015342600497190124, 70: 0.013593700205614036, 80: 0.012962020875598853, 90: 0.014006652030162886, 100: 0.013063783365073767, 110: 0.013653451403560507}",80,0.012962020875598853,0.01,0.05,0.01
energy,noisyFCN,32,1e-09,0.001,"{0: 0.2197910143125777, 10: 0.066698436034285, 20: 0.052305789172299846, 30: 0.03667527042849651, 40: 0.026592673679090583, 50: 0.019500546851277938, 60: 0.016048631670161254, 70: 0.014710563415005817, 80: 0.014668642437103136, 90: 0.013672850274030424, 100: 0.01619633978693748, 110: 0.01399711870732225, 120: 0.014080766309238896}",90,0.013672850274030424,0.01,0.1,0.01
energy,noisyFCN,32,1e-09,0.002,"{0: 0.14848968253884176, 10: 0.06294729579038998, 20: 0.03412890929957636, 30: 0.02178840485439807, 40: 0.016139527769466606, 50: 0.01733496160054408, 60: 0.010873922026789034, 70: 0.011136390097594696, 80: 0.015568062746801763, 90: 0.013417143789103261}",60,0.010873922026789034,0.01,0.001,0.01
energy,noisyFCN,32,1e-09,0.002,"{0: 0.13309703369081363, 10: 0.06257473176103678, 20: 0.03575289564029198, 30: 0.02092300733094845, 40: 0.015068082397327764, 50: 0.015847610189962606, 60: 0.011200183453655244, 70: 0.013931781560749585, 80: 0.010700918113700842, 90: 0.011671990978302028, 100: 0.013391763816268498, 110: 0.011664379138164852}",80,0.010700918113700842,0.01,0.005,0.01
energy,noisyFCN,32,1e-09,0.002,"{0: 0.147519224012246, 10: 0.0596200647337781, 20: 0.03554018258126945, 30: 0.02278059945319766, 40: 0.013885797418052695, 50: 0.011590306569604787, 60: 0.012829668781288512, 70: 0.012310319003618894, 80: 0.012809035670580487}",50,0.011590306569604787,0.01,0.01,0.01
energy,noisyFCN,32,1e-09,0.002,"{0: 0.1433830750611374, 10: 0.059732066420484474, 20: 0.03601066185191014, 30: 0.021924798107677092, 40: 0.01375587057857498, 50: 0.012913783462131012, 60: 0.013109849341904841, 70: 0.015818640406478228, 80: 0.01424054102954772}",50,0.012913783462131012,0.01,0.05,0.01
energy,noisyFCN,32,1e-09,0.002,"{0: 0.1474373730555163, 10: 0.06439266530234591, 20: 0.03781229892173886, 30: 0.022705684076906773, 40: 0.015006512282290857, 50: 0.013655805370919224, 60: 0.013311656488756823, 70: 0.012521587592822328, 80: 0.013769015593087571, 90: 0.014338055615131259, 100: 0.015195456440381155}",70,0.012521587592822328,0.01,0.1,0.01
kin8nm,FCN,32,0.1,0.0001,"{0: 0.7930319717684053, 10: 0.44882580552551976, 20: 0.39827454098262544, 30: 0.383611306067942, 40: 0.37754495005906463, 50: 0.37320098080159164, 60: 0.37010438698845577, 70: 0.36786261274952786, 80: 0.36625021147758924, 90: 0.3649022971622064, 100: 0.3638467192632176, 110: 0.36296265914255577, 120: 0.36219089165777907, 130: 0.36154335436353713, 140: 0.36098984338986206, 150: 0.36047826341509565, 160: 0.36001598577884664, 170: 0.35969369268713536, 180: 0.3594263797138688, 190: 0.3592061050981322, 200: 0.35900009842758723, 210: 0.3588108913863561, 220: 0.358646005768931, 230: 0.35849737451856994, 240: 0.3583631493653689, 250: 0.3582408921874817, 260: 0.3581247737067793, 270: 0.35802504507888433, 280: 0.3579190177500896, 290: 0.35785024009603034, 300: 0.3577675239239614, 310: 0.35769212012762164, 320: 0.35761775973022036, 330: 0.35755610705759916, 340: 0.3575275460973756, 350: 0.3574903811600475, 360: 0.35745407543362934, 370: 0.35742159980686716, 380: 0.35739815919724915, 390: 0.35737097650877603, 400: 0.3573543616136852, 410: 0.3573342726416105, 420: 0.3573131947132685, 430: 0.35731200519352324, 440: 0.3572925907586316, 450: 0.3572860645627943, 460: 0.3572643510673739, 470: 0.3572491229776656, 480: 0.35723742612617426, 490: 0.3572264371269306, 500: 0.3572221332659812, 510: 0.3572113693389377, 520: 0.35720609272393156, 530: 0.3571865199874836, 540: 0.35716726317052794, 550: 0.3571457044724768, 560: 0.3571382467414014, 570: 0.3571307233178834, 580: 0.35712694605468154, 590: 0.35711542906328164, 600: 0.3571121677580089, 610: 0.3571033378153964, 620: 0.35710155229150314, 630: 0.35709396181428865, 640: 0.35709730627535163, 650: 0.3570881285409886, 660: 0.35708171831507884, 670: 0.3570713179251978, 680: 0.35706184136457714, 690: 0.35705614852296597, 700: 0.35704621166025013, 710: 0.35703979580583656, 720: 0.3570348202628345, 730: 0.35702746358077075, 740: 0.35702007133328334, 750: 0.35702401766905945, 760: 0.3570177050291079, 770: 0.3570196705038525, 780: 0.357016258814063, 790: 0.35700543607804736, 800: 0.3570030720793754, 810: 0.35699396930613847, 820: 0.3569964350431759, 830: 0.3569862799901302, 840: 0.3569894137226489, 850: 0.35697279000920745, 860: 0.3569692140101204, 870: 0.35696312910234695, 880: 0.3569583749948987, 890: 0.3569526969157249, 900: 0.35694991913496343, 910: 0.35694250700290414, 920: 0.35693261551303157, 930: 0.35693028683140876, 940: 0.3569333446385508, 950: 0.3569274928396423, 960: 0.35691551775263064, 970: 0.3569173783639316, 980: 0.35690985195959835, 990: 0.3569047341810637, 1000: 0.35691033154960117, 1010: 0.3569128921711033, 1020: 0.35691670144580767}",990,0.3569047341810637,0.01,0.01,0.01
kin8nm,FCN,32,0.1,0.0005,"{0: 0.5374827292528959, 10: 0.38312821094187277, 20: 0.37354403952067217, 30: 0.3700736435737455, 40: 0.368369779807457, 50: 0.36731346453914776, 60: 0.3664595993991466, 70: 0.3659181866952317, 80: 0.3653873726248768, 90: 0.3651094452907236, 100: 0.36472443968689106, 110: 0.3645429810408483, 120: 0.36432247033752085, 130: 0.36422472522486027, 140: 0.36394417840971804, 150: 0.3638806715738572, 160: 0.3637773246102833, 170: 0.363620407024414, 180: 0.363456729953291, 190: 0.3633682003534044, 200: 0.36324969585133193, 210: 0.36311907501476026, 220: 0.36305514277666157, 230: 0.3629848285783965, 240: 0.3628204103010765, 250: 0.3626962799240707, 260: 0.36253659546710193, 270: 0.3623852036196963, 280: 0.362292857560358, 290: 0.36215148801585384, 300: 0.3619946314092001, 310: 0.36195979567247977, 320: 0.3618003584349107, 330: 0.36170041738826225, 340: 0.3616943096317919, 350: 0.3616073294851858, 360: 0.36157535513597133, 370: 0.36154073793459424, 380: 0.3614580130748292, 390: 0.3614392619426582, 400: 0.36131530721620686, 410: 0.36132240412353483, 420: 0.36122662716750337, 430: 0.36117710338087206, 440: 0.36120181189696343, 450: 0.3611773043828862, 460: 0.3611121693634712, 470: 0.3610233744698809, 480: 0.36104581056178997, 490: 0.3609232400003591, 500: 0.36093922446129273, 510: 0.3609768885443378, 520: 0.3608968332387178, 530: 0.3608236034310936, 540: 0.3609306878418619, 550: 0.36078846397994885, 560: 0.36071505973359014, 570: 0.3606980280441368, 580: 0.3606339230263188, 590: 0.3606384687238208, 600: 0.3606077348891427, 610: 0.3605519522142284, 620: 0.3604904796838456, 630: 0.36048135079939014, 640: 0.3603925339615444, 650: 0.3603954789686636, 660: 0.3603420400411547, 670: 0.3602540049798061, 680: 0.36024745216424314, 690: 0.3601894906063349, 700: 0.3601671039309594, 710: 0.36010952579773553, 720: 0.3600623922773977, 730: 0.36005929170779893, 740: 0.3600327299418115, 750: 0.35997096796074246, 760: 0.3599252612562046, 770: 0.35987695187371715, 780: 0.3599082986344616, 790: 0.3599311200503511, 800: 0.3599509977681601}",770,0.35987695187371715,0.01,0.01,0.01
kin8nm,FCN,32,0.1,0.001,"{0: 0.48476244604193086, 10: 0.37859294913445785, 20: 0.3735496267985325, 30: 0.37175703721014347, 40: 0.37065541845924593, 50: 0.36976430149792855, 60: 0.3692199630753297, 70: 0.3684243455016552, 80: 0.3680205465951285, 90: 0.36787259058014754, 100: 0.367342838973815, 110: 0.366977651030329, 120: 0.3668529847068773, 130: 0.36658377072529397, 140: 0.36650116841514063, 150: 0.3660848838659626, 160: 0.366037218121369, 170: 0.36603612226999627, 180: 0.36597677760464986, 190: 0.36564245896683534, 200: 0.3655052085568005, 210: 0.36543069296633846, 220: 0.365380579299604, 230: 0.36528569865343086, 240: 0.365147003548344, 250: 0.3650293535272087, 260: 0.36477581009957416, 270: 0.3646563404560215, 280: 0.36461161271609377, 290: 0.3644116329046015, 300: 0.3645246977601839, 310: 0.36433099615282766, 320: 0.36415794429181636, 330: 0.36407511560969075, 340: 0.3636866102636781, 350: 0.36350855026595663, 360: 0.36348023047001077, 370: 0.36334473612092755, 380: 0.3633304489623214, 390: 0.3631427309622396, 400: 0.36302305464984985, 410: 0.3628543865067194, 420: 0.3628083398587665, 430: 0.36282496948187654, 440: 0.36279160438043306, 450: 0.36280528669930895, 460: 0.362746616752343, 470: 0.36267428114320915, 480: 0.3627019929109801, 490: 0.36245077516458224, 500: 0.36251302189125933, 510: 0.36255601738966625, 520: 0.362473738256927}",490,0.36245077516458224,0.01,0.01,0.01
kin8nm,FCN,32,0.1,0.002,"{0: 0.4343516936380329, 10: 0.38039495357760983, 20: 0.3771732076487019, 30: 0.37417446752475686, 40: 0.3727201128982334, 50: 0.37106908286944507, 60: 0.371204322119523, 70: 0.3703868862910958, 80: 0.3699316928682468, 90: 0.36966488277228227, 100: 0.36943908324381697, 110: 0.36918332412353655, 120: 0.36892536915385415, 130: 0.3684324338757526, 140: 0.36840243146961227, 150: 0.36840876849549586, 160: 0.36821297751332294, 170: 0.36863966654147495, 180: 0.36804938554998756, 190: 0.36822106888986456, 200: 0.36779940527755034, 210: 0.3680689564000119, 220: 0.3679548717469051, 230: 0.36730354731625275, 240: 0.3678251320191766, 250: 0.36770276936088875, 260: 0.3674425709769361}",230,0.36730354731625275,0.01,0.01,0.01
kin8nm,FCN,32,0.01,0.0001,"{0: 0.6755816321084411, 10: 0.30105698706433676, 20: 0.20899829426976074, 30: 0.17204293893562486, 40: 0.15316124888412408, 50: 0.14098635046665098, 60: 0.13237822621745124, 70: 0.12599584757695695, 80: 0.12129544640237136, 90: 0.11746302452611104, 100: 0.11453766814142749, 110: 0.11228252200258244, 120: 0.11038792240297657, 130: 0.10880601771098944, 140: 0.10747929962573896, 150: 0.10637851595087126, 160: 0.10550785383957514, 170: 0.10475941635701727, 180: 0.10406811213378783, 190: 0.10345868458811572, 200: 0.1029514194678904, 210: 0.10253797102381661, 220: 0.10216916929701063, 230: 0.10183450823458631, 240: 0.1015406648438941, 250: 0.10128983085864436, 260: 0.10104205999187336, 270: 0.10080678543790007, 280: 0.10056689203679174, 290: 0.10035195601210264, 300: 0.10014633276798948, 310: 0.09996531703826751, 320: 0.09978041528493843, 330: 0.09964057957804133, 340: 0.09951024206762522, 350: 0.09937459777706276, 360: 0.0993138235184687, 370: 0.09921925484763115, 380: 0.09914170919366548, 390: 0.09905972691550813, 400: 0.09897784147166104, 410: 0.09890920180250021, 420: 0.09885506631249491, 430: 0.09876862603812156, 440: 0.0987040280083231, 450: 0.09862850633143697, 460: 0.09853849861368169, 470: 0.0984705150501057, 480: 0.09837880826213971, 490: 0.09827828995636227, 500: 0.09821190351904115, 510: 0.0981492197060058, 520: 0.09805109271200749, 530: 0.09797862433246625, 540: 0.09790029940917741, 550: 0.09783176153212966, 560: 0.09778753262733197, 570: 0.09771205978883438, 580: 0.09765898497824685, 590: 0.09760832477478769, 600: 0.09755357321685747, 610: 0.09749989736649592, 620: 0.09744881411202426, 630: 0.09739773561831314, 640: 0.0973439521703976, 650: 0.09730045601297391, 660: 0.09723673324574764, 670: 0.09717382230893071, 680: 0.0971282835633968, 690: 0.09710244017215139, 700: 0.09707103489666291, 710: 0.09705594790632165, 720: 0.0970222140937684, 730: 0.09695672014855028, 740: 0.09692034137202939, 750: 0.09689643134246204, 760: 0.09683522891495851, 770: 0.09680172292784575, 780: 0.0967792489688776, 790: 0.09677558401404987, 800: 0.0967498788591765, 810: 0.09672729471434974, 820: 0.0967050400648034, 830: 0.09671036243695198, 840: 0.09669525282524226, 850: 0.09666975491953575, 860: 0.09663555431388421, 870: 0.09661167344018043, 880: 0.0966068121466939, 890: 0.09658190692663463, 900: 0.09656812972978931, 910: 0.09656502129893581, 920: 0.09656042457379148, 930: 0.09654892444050786, 940: 0.09654547077063129, 950: 0.09652998484169048, 960: 0.09654238651687948, 970: 0.09654242162418393, 980: 0.09652758440419631, 990: 0.09651746541270523, 1000: 0.09651687399573342, 1010: 0.09650671169145224, 1020: 0.09649671369134599, 1030: 0.0964927045149972, 1040: 0.09648889643992904, 1050: 0.09648331385854134, 1060: 0.09647572658259888, 1070: 0.09646576761692519, 1080: 0.09644765697747833, 1090: 0.0964388546625909, 1100: 0.09642726800714789, 1110: 0.09642415666145368, 1120: 0.09642519508858179, 1130: 0.09641623161287219, 1140: 0.09641138291843931, 1150: 0.09641586657771364, 1160: 0.09640587742068445, 1170: 0.09640723297838552, 1180: 0.0963996153597984, 1190: 0.09638594763996865, 1200: 0.09637481542765433, 1210: 0.09635841401976401, 1220: 0.09634250505002126, 1230: 0.09635988743184146, 1240: 0.0963451428612094, 1250: 0.0963552915752387}",1220,0.09634250505002126,0.01,0.01,0.01
kin8nm,FCN,32,0.01,0.0005,"{0: 0.44464798614697265, 10: 0.15373341316484357, 20: 0.12665699544520687, 30: 0.11577557067799468, 40: 0.11119200616995142, 50: 0.10878100985987635, 60: 0.10724932630814665, 70: 0.10622581801259609, 80: 0.10544616559576403, 90: 0.10484347092802575, 100: 0.10439003556826916, 110: 0.10406538222539596, 120: 0.10377445112252023, 130: 0.10346897832313225, 140: 0.10329531111864816, 150: 0.10310927326091926, 160: 0.10301187935930334, 170: 0.1029320212526352, 180: 0.10286033923474724, 190: 0.10277962946929822, 200: 0.10266183799243862, 210: 0.10266552232764332, 220: 0.10262138538400131, 230: 0.10254859682687165, 240: 0.10248461871501095, 250: 0.10235706533028832, 260: 0.10231741941240657, 270: 0.10240338392727813, 280: 0.10244393457570429, 290: 0.10245358316749915}",260,0.10231741941240657,0.01,0.01,0.01
kin8nm,FCN,32,0.01,0.001,"{0: 0.3610854077429755, 10: 0.13508876777892403, 20: 0.12078357297774411, 30: 0.1158530477969318, 40: 0.11309799564291594, 50: 0.11105623155700928, 60: 0.10967327855619761, 70: 0.10887681277367318, 80: 0.10792394185358482, 90: 0.10753211874114635, 100: 0.10695002157041525, 110: 0.10674700213302146, 120: 0.10629231149945802, 130: 0.10621799146902915, 140: 0.10611734203544701, 150: 0.1061859515293716, 160: 0.10616649297732168, 170: 0.10605806238824486, 180: 0.10604135451785761, 190: 0.10587583562365643, 200: 0.10556059578246209, 210: 0.1056399073934576, 220: 0.10562522191335118, 230: 0.10556054959135427, 240: 0.10551411947223503, 250: 0.10558048797675253, 260: 0.10543083995032662, 270: 0.10544945460530623, 280: 0.10545004219161562, 290: 0.10528104413453958, 300: 0.10542486034901888, 310: 0.10537208951223716, 320: 0.10526925473935889, 330: 0.10544338226847454, 340: 0.10537672026481701, 350: 0.10537064323912719}",320,0.10526925473935889,0.01,0.01,0.01
kin8nm,FCN,32,0.01,0.002,"{0: 0.2992107451847281, 10: 0.1386802302091279, 20: 0.12380807476193464, 30: 0.11875823706554889, 40: 0.11716882205103826, 50: 0.11555095513813196, 60: 0.11508682734723363, 70: 0.11470263906685288, 80: 0.11398933721680644, 90: 0.11384415720978422, 100: 0.11266905779386785, 110: 0.11276211304509642, 120: 0.11267740053480849, 130: 0.11174211084827583, 140: 0.11168894055414387, 150: 0.1117428039187445, 160: 0.1114615703498825, 170: 0.11119522199951193, 180: 0.11141432448305108, 190: 0.11078896637296687, 200: 0.1109020025222445, 210: 0.11096944563079914, 220: 0.11065221994536209, 230: 0.11086987493518559, 240: 0.11034448556387386, 250: 0.11051593043592552, 260: 0.11003446167544637, 270: 0.11038959424888439, 280: 0.11031172793562138, 290: 0.11035608722141217}",260,0.11003446167544637,0.01,0.01,0.01
kin8nm,FCN,32,0.001,0.0001,"{0: 0.6882557630484868, 10: 0.281062740617017, 20: 0.1872692986724005, 30: 0.15119463197885596, 40: 0.1312724331551063, 50: 0.11814427614387302, 60: 0.10936702404323655, 70: 0.10311203537907587, 80: 0.09859959723591043, 90: 0.09530719980142413, 100: 0.09284108989941856, 110: 0.09086719289579515, 120: 0.0893043441573692, 130: 0.0879646562318499, 140: 0.08680684720473952, 150: 0.08585546008266988, 160: 0.08499997703134818, 170: 0.08424418979340773, 180: 0.08358335802791413, 190: 0.08295167231806029, 200: 0.08239003950501501, 210: 0.08191805739393532, 220: 0.08146171023963347, 230: 0.08105589564464974, 240: 0.0806912328665895, 250: 0.08033380352162171, 260: 0.08000417193544003, 270: 0.07971639171550644, 280: 0.07942807562473421, 290: 0.07920019973603883, 300: 0.07900632357565388, 310: 0.07882371709522676, 320: 0.07863678850189955, 330: 0.07846038242707461, 340: 0.07832068016572487, 350: 0.0781771463515892, 360: 0.07805099950631793, 370: 0.07787368342792736, 380: 0.07775905811544612, 390: 0.07760963544649088, 400: 0.07745158619804872, 410: 0.0773320299426196, 420: 0.0772234542475082, 430: 0.07714551866459729, 440: 0.077041998367488, 450: 0.07695608987246738, 460: 0.07689891489503277, 470: 0.07683151980362783, 480: 0.07679357869691547, 490: 0.07675736803494791, 500: 0.07668243467542094, 510: 0.07660749299451242, 520: 0.07654042822007454, 530: 0.07646447983785179, 540: 0.07640535407731633, 550: 0.07635427743544417, 560: 0.0762854309787218, 570: 0.07625571326249161, 580: 0.07621103344949325, 590: 0.07618491927276506, 600: 0.07617301530869969, 610: 0.07615748424760957, 620: 0.0761570546524797, 630: 0.07612683787815169, 640: 0.07614626645714938, 650: 0.07613791904698909, 660: 0.07612670637923093, 670: 0.07612417855546047, 680: 0.0761104923005648, 690: 0.07610994462024116, 700: 0.07610086345371132, 710: 0.07609728868563229, 720: 0.07604597271354831, 730: 0.07605573208480146, 740: 0.0760396469221942, 750: 0.07602824302728288, 760: 0.07601034040961153, 770: 0.07598137969942083, 780: 0.07596320741773957, 790: 0.07594762517637489, 800: 0.0759340090103591, 810: 0.07589612513263733, 820: 0.07585731318470652, 830: 0.0758165383461146, 840: 0.07579953231175537, 850: 0.07581283678571901, 860: 0.07579522268524505, 870: 0.07576962684071106, 880: 0.07577728038012979, 890: 0.07575408760967782, 900: 0.07578337403460048, 910: 0.07574794280322243, 920: 0.07573021155733667, 930: 0.07573293208028062, 940: 0.07571860782579595, 950: 0.07570750155053962, 960: 0.07570016297063314, 970: 0.07568499017550892, 980: 0.075668216342249, 990: 0.07565422881658282, 1000: 0.07565672168290988, 1010: 0.07567282430012935, 1020: 0.07569549825155128}",990,0.07565422881658282,0.01,0.01,0.01
kin8nm,FCN,32,0.001,0.0005,"{0: 0.42373517380600567, 10: 0.12149881559151969, 20: 0.09640031117964457, 30: 0.08842773418527376, 40: 0.08490239778091757, 50: 0.08294161066903584, 60: 0.08171833732805264, 70: 0.08085454241880326, 80: 0.08009311669331012, 90: 0.07934822470979801, 100: 0.07904532633611507, 110: 0.07873831577405518, 120: 0.07861968904743202, 130: 0.07847127611189678, 140: 0.07840774605295872, 150: 0.07834250595054384, 160: 0.07815456816696487, 170: 0.07798177895085978, 180: 0.07793891725967789, 190: 0.0777643230241373, 200: 0.07759807547641843, 210: 0.07749530571713441, 220: 0.07742913339630525, 230: 0.07724239251744194, 240: 0.07713538117004627, 250: 0.07716459973080542, 260: 0.07698591162134953, 270: 0.0769676786052316, 280: 0.07682022433837499, 290: 0.07675263853753508, 300: 0.07673521771562734, 310: 0.07671597712923191, 320: 0.0767575123953657, 330: 0.0765997360224273, 340: 0.07653346050228013, 350: 0.07656650554272346, 360: 0.07660239625302465, 370: 0.07653128798641883, 380: 0.07641807332268949, 390: 0.07641801680153376, 400: 0.07639822503168088, 410: 0.07637317101872335, 420: 0.07648994349023534, 430: 0.07627399573943253, 440: 0.0763100093988858, 450: 0.07628535688129845, 460: 0.07622856387831897, 470: 0.07627514149945264, 480: 0.07613307547989324, 490: 0.07622073301533192, 500: 0.07604948014056494, 510: 0.07610198889574164, 520: 0.07604644687315072, 530: 0.07604890479377371, 540: 0.07610185428533878, 550: 0.0759011680572645, 560: 0.07595519170044977, 570: 0.07592307303902514, 580: 0.0759487700087732}",550,0.0759011680572645,0.01,0.01,0.01
kin8nm,FCN,32,0.001,0.001,"{0: 0.33916940597553336, 10: 0.10169203748784757, 20: 0.09090663306682362, 30: 0.08760217192763828, 40: 0.08636153491955098, 50: 0.08558608142905275, 60: 0.0843796676387363, 70: 0.08307941546361361, 80: 0.08263628183469954, 90: 0.08158907241547139, 100: 0.08087537787744696, 110: 0.08031010283788761, 120: 0.08039140888940068, 130: 0.080306444192045, 140: 0.08036067803988131, 150: 0.08005784328922753, 160: 0.08021926186990314, 170: 0.07983465045009429, 180: 0.07981628895020565, 190: 0.07960058802300003, 200: 0.07965523059196956, 210: 0.08014158202992105, 220: 0.0799504276608284}",190,0.07960058802300003,0.01,0.01,0.01
kin8nm,FCN,32,0.001,0.002,"{0: 0.2645289519023857, 10: 0.09972458663568035, 20: 0.09365295596321115, 30: 0.09101195795856198, 40: 0.08731314802264929, 50: 0.08512635627013383, 60: 0.08391262337547896, 70: 0.08262432178990609, 80: 0.08163484857462777, 90: 0.08210645679679189, 100: 0.08159132112595166, 110: 0.0806240843105023, 120: 0.08071240891522864, 130: 0.08044648514364286, 140: 0.08031157363918123, 150: 0.08073370079322507, 160: 0.08045345202424745, 170: 0.08023009184938883, 180: 0.0803190315410229, 190: 0.08044843812955008, 200: 0.08041173623011588}",170,0.08023009184938883,0.01,0.01,0.01
kin8nm,FCN,32,0.0001,0.0001,"{0: 0.7061060974757941, 10: 0.28300835492925147, 20: 0.19096461593715364, 30: 0.15518028105938053, 40: 0.13465835263238196, 50: 0.12047456549255782, 60: 0.11032179944839875, 70: 0.10311874493173856, 80: 0.09797597508923697, 90: 0.09420957444196953, 100: 0.09142766276756562, 110: 0.08932687557738785, 120: 0.08774692882193182, 130: 0.08650595244427262, 140: 0.0854882233518432, 150: 0.0845905587534047, 160: 0.08387347502285188, 170: 0.0832269259849953, 180: 0.08263512709391271, 190: 0.08212436966494133, 200: 0.08165926853672031, 210: 0.0813177074468421, 220: 0.0810200108306492, 230: 0.08076102814028926, 240: 0.0804984277431792, 250: 0.08030036636009112, 260: 0.0801741592646351, 270: 0.08004329414534501, 280: 0.07996366782758804, 290: 0.07989692714640764, 300: 0.07983263985783327, 310: 0.07974790444558047, 320: 0.0797315820027177, 330: 0.07964991157452103, 340: 0.07957959975767828, 350: 0.0795374592568395, 360: 0.07953642356426331, 370: 0.07953407164480022, 380: 0.07956683841055572, 390: 0.07959522935213176, 400: 0.07963692503929543}",370,0.07953407164480022,0.01,0.01,0.01
kin8nm,FCN,32,0.0001,0.0005,"{0: 0.41650531229562837, 10: 0.1183868820455466, 20: 0.09361448410907883, 30: 0.08662320487016101, 40: 0.08361731412517581, 50: 0.08224043198346635, 60: 0.08160170375152734, 70: 0.08095482614254844, 80: 0.08087149927869454, 90: 0.08112111649947676, 100: 0.08138144087469475, 110: 0.08180706037332912}",80,0.08087149927869454,0.01,0.01,0.01
kin8nm,FCN,32,0.0001,0.001,"{0: 0.34827914957232037, 10: 0.10438089107887996, 20: 0.09285124484890284, 30: 0.08999217122761961, 40: 0.08909027272318935, 50: 0.08885758228579332, 60: 0.08958716590096973, 70: 0.08961883381004938, 80: 0.08987721704519025}",50,0.08885758228579332,0.01,0.01,0.01
kin8nm,FCN,32,0.0001,0.002,"{0: 0.2630257109952814, 10: 0.09945180285024577, 20: 0.09211384436001797, 30: 0.09084788655001771, 40: 0.08946144459630533, 50: 0.09080291016545547, 60: 0.09151336654534567, 70: 0.08783385645078992, 80: 0.08922433427707341, 90: 0.09063420059938063, 100: 0.09090768580893863}",70,0.08783385645078992,0.01,0.01,0.01
kin8nm,FCN,32,1e-05,0.0001,"{0: 0.6925133381661006, 10: 0.2868225888151949, 20: 0.19249555118721878, 30: 0.15430142953960221, 40: 0.1332602454394675, 50: 0.11975258263212223, 60: 0.11042457713954187, 70: 0.10388030410717716, 80: 0.09918949468709173, 90: 0.0957127578692438, 100: 0.09313451986602703, 110: 0.09110221621983831, 120: 0.08950965448856421, 130: 0.088259186039432, 140: 0.08717525827628611, 150: 0.08626809631908225, 160: 0.08547340007136908, 170: 0.08476969368990735, 180: 0.08416869519281152, 190: 0.08364247628960142, 200: 0.08316606225835475, 210: 0.08276414317546245, 220: 0.08242858382979834, 230: 0.08212521383630109, 240: 0.08187405732015512, 250: 0.08162183544085416, 260: 0.08139962832358044, 270: 0.0811863515552099, 280: 0.08103595207919241, 290: 0.08091166549388679, 300: 0.08075816616144316, 310: 0.08064262007694319, 320: 0.08053065836373718, 330: 0.08044727604305243, 340: 0.08034977214104565, 350: 0.08027671203113111, 360: 0.0802425623004426, 370: 0.08020707857964637, 380: 0.08019819373427409, 390: 0.08019647593056518, 400: 0.08016132992202453, 410: 0.08018684753024155, 420: 0.08021571359658863, 430: 0.0802509978293594}",400,0.08016132992202453,0.01,0.01,0.01
kin8nm,FCN,32,1e-05,0.0005,"{0: 0.42742833400964314, 10: 0.1203069375888347, 20: 0.09495426016192621, 30: 0.08814387743499505, 40: 0.08555328749175288, 50: 0.08416264895405337, 60: 0.08376397494085852, 70: 0.08373897966285367, 80: 0.08379285002818537, 90: 0.08430073287385675, 100: 0.08499579283527563}",70,0.08373897966285367,0.01,0.01,0.01
kin8nm,FCN,32,1e-05,0.001,"{0: 0.32614197101410103, 10: 0.1034838289085177, 20: 0.09032430115689878, 30: 0.08755901805360337, 40: 0.08655461741991621, 50: 0.0866353165141882, 60: 0.08790029474787596, 70: 0.0894439523226646}",40,0.08655461741991621,0.01,0.01,0.01
kin8nm,FCN,32,1e-05,0.002,"{0: 0.25952322155644475, 10: 0.10089891289569486, 20: 0.09319552731298729, 30: 0.09102232874906643, 40: 0.09243946254869768, 50: 0.08992735589227024, 60: 0.09026820869904505, 70: 0.09445595066319243, 80: 0.09410096541107224}",50,0.08992735589227024,0.01,0.01,0.01
kin8nm,FCN,32,1e-09,0.0001,"{0: 0.7053902221322333, 10: 0.2760788200966795, 20: 0.185070472731877, 30: 0.15125762630069373, 40: 0.1314975450137316, 50: 0.11830851829801241, 60: 0.10931537917045046, 70: 0.10307466311225011, 80: 0.09857650780579785, 90: 0.0951834752255796, 100: 0.09266066031260431, 110: 0.09073418169595932, 120: 0.08914888836874776, 130: 0.08782667710251364, 140: 0.08668893108329026, 150: 0.08574371927376054, 160: 0.08504471086149272, 170: 0.08449334265789021, 180: 0.08399651144754147, 190: 0.08350049409506272, 200: 0.08304057465551891, 210: 0.08265237716537603, 220: 0.08237034473397857, 230: 0.08217440878907609, 240: 0.08199373187073182, 250: 0.08188269551147656, 260: 0.08181910189452432, 270: 0.08178832426560059, 280: 0.08177895059435489, 290: 0.08175587957568675, 300: 0.08176299910088224, 310: 0.08178392978009169, 320: 0.08176875099014046}",290,0.08175587957568675,0.01,0.01,0.01
kin8nm,FCN,32,1e-09,0.0005,"{0: 0.42269524685014537, 10: 0.12324317832443202, 20: 0.0971407618669437, 30: 0.08974010565208816, 40: 0.08677622244894563, 50: 0.08567778617438113, 60: 0.08480507213200977, 70: 0.08448531529406503, 80: 0.08423402834515484, 90: 0.0844394557537758, 100: 0.08467560781312125, 110: 0.08502492760190168}",80,0.08423402834515484,0.01,0.01,0.01
kin8nm,FCN,32,1e-09,0.001,"{0: 0.3273429931502708, 10: 0.10355488961977004, 20: 0.09138961434101074, 30: 0.08854888216931901, 40: 0.08786932169715964, 50: 0.0876244022998082, 60: 0.08932335467762559, 70: 0.09017324048274884, 80: 0.09204088715016616}",50,0.0876244022998082,0.01,0.01,0.01
kin8nm,FCN,32,1e-09,0.002,"{0: 0.25919332999116546, 10: 0.10384153327143734, 20: 0.09537429043047382, 30: 0.09142692761941282, 40: 0.08960103989136817, 50: 0.08985907559442112, 60: 0.09127440982412738, 70: 0.09205204257142012}",40,0.08960103989136817,0.01,0.01,0.01
kin8nm,noisyFCN,32,0.1,0.0001,"{0: 0.7798671583698672, 10: 0.4597976416809025, 20: 0.4038951203015909, 30: 0.38723721221719537, 40: 0.37976683249406784, 50: 0.37454815228466365, 60: 0.3710340906131751, 70: 0.3683969089355234, 80: 0.3663603340728686, 90: 0.3648333417824685, 100: 0.36366915154064633, 110: 0.36273989024666004, 120: 0.36200961559120176, 130: 0.36144477028324373, 140: 0.3609806586776592, 150: 0.36060076542105085, 160: 0.3602781062110375, 170: 0.3599915433321096, 180: 0.3597191119253239, 190: 0.35945395148394754, 200: 0.35923216128850316, 210: 0.3590479849459859, 220: 0.3588419048776452, 230: 0.35865265351364634, 240: 0.358502213127837, 250: 0.35834283927949057, 260: 0.3582178390518468, 270: 0.35812089708609374, 280: 0.35802141310812363, 290: 0.35795453340231786, 300: 0.35786541347480316, 310: 0.35778777102262155, 320: 0.3577283285059158, 330: 0.357672829698288, 340: 0.3576444260305749, 350: 0.3576073347654533, 360: 0.35756576632120446, 370: 0.357532586121205, 380: 0.35750201871028114, 390: 0.3574662094975819, 400: 0.3574280451548194, 410: 0.3573907683200915, 420: 0.35737741263426637, 430: 0.35737271779151986, 440: 0.35732699529694834, 450: 0.3573160440703891, 460: 0.35730074430290343, 470: 0.35727494364646445, 480: 0.3572476514359134, 490: 0.3572157783249942, 500: 0.3572270097577567, 510: 0.35721594708975635, 520: 0.3572010525287719, 530: 0.3571873369879896, 540: 0.3571808565184011, 550: 0.35714740420096724, 560: 0.3571481555899446, 570: 0.3571265666891387, 580: 0.3571245678025029, 590: 0.3571083143751767, 600: 0.35709333344583305, 610: 0.35708549689544056, 620: 0.35707469999805463, 630: 0.3570570839648156, 640: 0.35703731583233655, 650: 0.3570360655813579, 660: 0.35703293254522805, 670: 0.3570184793106508, 680: 0.35700669602952306, 690: 0.3570035649352668, 700: 0.35700647469262853, 710: 0.3569990505764439, 720: 0.3569963402307194, 730: 0.3569948668540474, 740: 0.3569792584640841, 750: 0.3569792648736458, 760: 0.3569741874606728, 770: 0.3569659615857214, 780: 0.3569675815872964, 790: 0.35695921113549567, 800: 0.3569456725928892, 810: 0.3569471987890198, 820: 0.35695396423996834, 830: 0.35696785388085056}",800,0.3569456725928892,0.01,0.001,0.01
kin8nm,noisyFCN,32,0.1,0.0001,"{0: 0.800902903728179, 10: 0.44346391017948295, 20: 0.39370428145275727, 30: 0.38198666266860515, 40: 0.3766316039467089, 50: 0.37265630757591567, 60: 0.3694166897356629, 70: 0.367039174257655, 80: 0.36533623946408483, 90: 0.36410941057641083, 100: 0.36308499570269887, 110: 0.36235114289149767, 120: 0.3617116914298307, 130: 0.3611500850353302, 140: 0.360713184770991, 150: 0.3603293074487008, 160: 0.3600034771031636, 170: 0.35972761267936615, 180: 0.3594679485885916, 190: 0.35924571344080036, 200: 0.35906881423124826, 210: 0.3589293352316503, 220: 0.35877772500928173, 230: 0.3586514753289419, 240: 0.35852876575556997, 250: 0.35841491011443666, 260: 0.3583134049731426, 270: 0.35824852506422067, 280: 0.3581825952126247, 290: 0.35811300805925017, 300: 0.3580574518316379, 310: 0.3580189333075713, 320: 0.3579760481301703, 330: 0.3579255855047649, 340: 0.3579060832259971, 350: 0.3578733229557669, 360: 0.3578275995546749, 370: 0.3578015320509681, 380: 0.3577594275148061, 390: 0.35774422569861947, 400: 0.3577285110471421, 410: 0.35770215550932816, 420: 0.3576937193190124, 430: 0.3576887471651051, 440: 0.3576696239239384, 450: 0.3576403663572475, 460: 0.3576319447249084, 470: 0.35760556394638526, 480: 0.3575955277025613, 490: 0.35757488242349156, 500: 0.3575491226384734, 510: 0.35753625497874514, 520: 0.35751368401228134, 530: 0.3575018106529458, 540: 0.35749874992491204, 550: 0.3574970233366649, 560: 0.357468365614934, 570: 0.35746346675185453, 580: 0.3574561181776689, 590: 0.3574451913659657, 600: 0.35743400158070837, 610: 0.35743471697999024, 620: 0.35741367958141496, 630: 0.35741248069959547, 640: 0.35741589508063315, 650: 0.3574036077477135, 660: 0.35740356875501156, 670: 0.3573827402901325, 680: 0.3573673663802105, 690: 0.35736453184458317, 700: 0.35736253137870067, 710: 0.3573437343310283, 720: 0.3573287876180672, 730: 0.35731511889377104, 740: 0.3573101500507205, 750: 0.3572951903835806, 760: 0.3572823188284126, 770: 0.35727657580664635, 780: 0.35727512224841035, 790: 0.3572593201000347, 800: 0.3572450174821478, 810: 0.35724445120714443, 820: 0.35722719664920133, 830: 0.35723445704543655, 840: 0.35721567511606767, 850: 0.3572178193612738, 860: 0.3572156540894075, 870: 0.3572104229065122, 880: 0.35720310141790906, 890: 0.35719753107760915, 900: 0.3571918191209059, 910: 0.3571845098859038, 920: 0.3571884089366195, 930: 0.3571754886634446, 940: 0.35717629727038214, 950: 0.3571615800698951, 960: 0.35717105049522957, 970: 0.3571569196467807, 980: 0.35714348354939585, 990: 0.35715000349627396, 1000: 0.35714189823138265, 1010: 0.3571443526008733, 1020: 0.3571328749147906, 1030: 0.3571242768762996, 1040: 0.35713819293531357, 1050: 0.35712515595288746, 1060: 0.35712676265784865}",1030,0.3571242768762996,0.01,0.005,0.01
kin8nm,noisyFCN,32,0.1,0.0001,"{0: 0.7967912344472324, 10: 0.4506868875862148, 20: 0.39942958172187154, 30: 0.3853262435006641, 40: 0.3785094990531024, 50: 0.3737599140436092, 60: 0.3705023409031317, 70: 0.36821072033965013, 80: 0.3665240507777017, 90: 0.3652159248458281, 100: 0.3641568542509429, 110: 0.3633603909027129, 120: 0.3627297294955699, 130: 0.36221898427809407, 140: 0.36179327200274825, 150: 0.36141822527056533, 160: 0.36111160705560685, 170: 0.3608313835848221, 180: 0.36058626115549436, 190: 0.3603494691653255, 200: 0.36016196282968366, 210: 0.35997365740769877, 220: 0.35983396411546664, 230: 0.35965619456888054, 240: 0.35949798908587977, 250: 0.3593616799525924, 260: 0.3592258074113977, 270: 0.3591119785906193, 280: 0.35898934718614584, 290: 0.3588946513454091, 300: 0.358799895149053, 310: 0.35871604525781464, 320: 0.35865057930550986, 330: 0.35858995771942, 340: 0.35852540933046256, 350: 0.3584727225765602, 360: 0.3584060525758499, 370: 0.35835010600927414, 380: 0.35831555955842415, 390: 0.35826663517736995, 400: 0.3582177649513216, 410: 0.35815977884613615, 420: 0.35810419269202287, 430: 0.35806269952922715, 440: 0.358030235063441, 450: 0.3579879996912261, 460: 0.35794620902053, 470: 0.357910853539713, 480: 0.35787268877548967, 490: 0.3578389220023914, 500: 0.35780367760925263, 510: 0.3577881306066072, 520: 0.35775534057679514, 530: 0.3577245393789633, 540: 0.3577031226986188, 550: 0.35767151745546627, 560: 0.3576530008806583, 570: 0.357617746565653, 580: 0.3575828949560312, 590: 0.3575601015390748, 600: 0.35754464179479584, 610: 0.3575267469907641, 620: 0.3575170946223113, 630: 0.3575128553614431, 640: 0.3574840635431197, 650: 0.3574599926318004, 660: 0.3574544553791011, 670: 0.35743728293112087, 680: 0.3574038407007062, 690: 0.3573885251968495, 700: 0.35739758313359166, 710: 0.35738102914996306, 720: 0.3573794206383433, 730: 0.35736155796584185, 740: 0.35734610662793104, 750: 0.3573339026090477, 760: 0.35730866617641766, 770: 0.35728941235386824, 780: 0.3572781608755807, 790: 0.35724764444630475, 800: 0.3572364147107202, 810: 0.35721926264110376, 820: 0.35720469579786485, 830: 0.3572015696453164, 840: 0.35717896460138826, 850: 0.35717891736349006, 860: 0.35715988219077255, 870: 0.35716351507929844, 880: 0.35715411489375565, 890: 0.357152798968045, 900: 0.3571446567252568, 910: 0.3571315265979168, 920: 0.35711397160075586, 930: 0.3571155066090664, 940: 0.3570977029546345, 950: 0.3571065885565066, 960: 0.35709409649906326, 970: 0.35709734760418865, 980: 0.3570825359914866, 990: 0.35708523013758275, 1000: 0.3570822708614119, 1010: 0.35707152760925087, 1020: 0.3570706938488694, 1030: 0.35706051418164353, 1040: 0.3570626898224295, 1050: 0.35705140671834246, 1060: 0.3570363024854625, 1070: 0.3570411630525897, 1080: 0.35703692749055793, 1090: 0.3570271395357869, 1100: 0.35701780505425756, 1110: 0.357020734513224, 1120: 0.3570122509727391, 1130: 0.35700292028559566, 1140: 0.3569902180258257, 1150: 0.35699801144536275, 1160: 0.3569906966656756, 1170: 0.3569818538443491, 1180: 0.35698610827149513, 1190: 0.35698434699342874, 1200: 0.35698294201735975}",1170,0.3569818538443491,0.01,0.01,0.01
kin8nm,noisyFCN,32,0.1,0.0001,"{0: 0.7817115847116154, 10: 0.45175525748872564, 20: 0.3991072443040051, 30: 0.3835221181335478, 40: 0.37752940678537705, 50: 0.3735188592670675, 60: 0.37057058242749674, 70: 0.36830432018909975, 80: 0.3663949215649738, 90: 0.3649473118888348, 100: 0.3637853474600686, 110: 0.36281147620485765, 120: 0.3620207262361327, 130: 0.36138511211197993, 140: 0.36085245468568505, 150: 0.3603991861134099, 160: 0.3600324420674705, 170: 0.35970221447614315, 180: 0.3594362520623803, 190: 0.35923592328794124, 200: 0.3590568235238708, 210: 0.3589188716695535, 220: 0.35880894237116784, 230: 0.3587003680204207, 240: 0.3586203324354904, 250: 0.3585145506687808, 260: 0.35844673402560373, 270: 0.35837289646260173, 280: 0.35830278624048867, 290: 0.3582607162859599, 300: 0.3582006715488647, 310: 0.35814664682694103, 320: 0.35810218570698715, 330: 0.3580589410210274, 340: 0.3579954470630544, 350: 0.35793313922973136, 360: 0.35787489972466224, 370: 0.3577966593846057, 380: 0.35774438753872206, 390: 0.35768594957641325, 400: 0.35764035549608736, 410: 0.35757453127558947, 420: 0.35752505637750404, 430: 0.35749087645869804, 440: 0.3574541882081188, 450: 0.3574104189981754, 460: 0.35739406304265564, 470: 0.35735651987256833, 480: 0.3573417899669188, 490: 0.3573088771867445, 500: 0.35728773608466663, 510: 0.35726384741221395, 520: 0.35727199266998566, 530: 0.35723733305921024, 540: 0.35720792357573405, 550: 0.35720444721257094, 560: 0.35720043988611583, 570: 0.35718716929938454, 580: 0.35716803191791213, 590: 0.3571586376967348, 600: 0.357159722128814, 610: 0.35713760347549817, 620: 0.3571445638798359, 630: 0.3571179969220899, 640: 0.3571112564416009, 650: 0.35710280761863766, 660: 0.3570891060051905, 670: 0.35709168450806517, 680: 0.35707832475555695, 690: 0.3570733343016205, 700: 0.35706422712395075, 710: 0.3570448889227893, 720: 0.35704332554263873, 730: 0.3570336635574347, 740: 0.3570114215518864, 750: 0.35701746090707354, 760: 0.35701018089551306, 770: 0.35700192646001055, 780: 0.35698769898208005, 790: 0.3569679822215434, 800: 0.35696358497757535, 810: 0.35695386732551115, 820: 0.3569471959759323, 830: 0.3569420321559096, 840: 0.3569374915551823, 850: 0.35691785734651477, 860: 0.3569263818539317, 870: 0.3569206974483278, 880: 0.35693398046471386}",850,0.35691785734651477,0.01,0.05,0.01
kin8nm,noisyFCN,32,0.1,0.0001,"{0: 0.7775884467842892, 10: 0.452168660481784, 20: 0.39735495049345027, 30: 0.3831804944422534, 40: 0.37687834510775264, 50: 0.3727445431855515, 60: 0.3696275668486158, 70: 0.36736047503842234, 80: 0.3654821769667935, 90: 0.36409638220611157, 100: 0.36300689733442243, 110: 0.36215111222238333, 120: 0.3614286003860724, 130: 0.36088581509666173, 140: 0.36040636038748075, 150: 0.36000361711637296, 160: 0.3597157542608157, 170: 0.3594352591779559, 180: 0.35922096147238125, 190: 0.3590484814845891, 200: 0.3589125434792869, 210: 0.3587905612564068, 220: 0.35868173811252124, 230: 0.35858380770878817, 240: 0.3584703084207746, 250: 0.3583449742359669, 260: 0.3582781248763702, 270: 0.35819324674590486, 280: 0.35814538633226584, 290: 0.35808245738382427, 300: 0.3580398235595307, 310: 0.3579871582602081, 320: 0.3579212742839897, 330: 0.35786264295733927, 340: 0.35780862066538227, 350: 0.35777511425493813, 360: 0.35775284043025984, 370: 0.35770943164872293, 380: 0.35768244671167804, 390: 0.3576578115332608, 400: 0.35762619854057426, 410: 0.357594206622901, 420: 0.3575729572607987, 430: 0.35754769824023613, 440: 0.35753391456855554, 450: 0.35750064001563303, 460: 0.3574991572864276, 470: 0.3574741885870815, 480: 0.3574640383483202, 490: 0.35743634014892944, 500: 0.357420888712658, 510: 0.35737544987506076, 520: 0.35737542718380805, 530: 0.3573728060053495, 540: 0.35735210605297607, 550: 0.3573417655523786, 560: 0.3573498687787572, 570: 0.3573281452328492, 580: 0.3573218750662976, 590: 0.357298911479512, 600: 0.35730376833017213, 610: 0.35729293949047725, 620: 0.3572809905080275, 630: 0.357267849107052, 640: 0.3572603544415561, 650: 0.3572580755321805, 660: 0.3572457608817476, 670: 0.3572325418838201, 680: 0.3572221765257073, 690: 0.3572109176367043, 700: 0.3572085790299838, 710: 0.3571949728951077, 720: 0.3571757225958095, 730: 0.3571803429505855, 740: 0.35717052655404846, 750: 0.357168436233292, 760: 0.35715402172931954, 770: 0.35714833861069156, 780: 0.357149286592742, 790: 0.35714379198928803, 800: 0.3571396549176595, 810: 0.3571392444361224, 820: 0.35713339987869874, 830: 0.35710991633612654, 840: 0.3571242376386766, 850: 0.35710789883062344, 860: 0.3570992769623453, 870: 0.357085818043834, 880: 0.35708203515819836, 890: 0.3570671441910886, 900: 0.35706112946007706, 910: 0.3570597490997224, 920: 0.3570398590886641, 930: 0.3570435357049213, 940: 0.3570204774736882, 950: 0.357026795730781, 960: 0.3570294930646206, 970: 0.3570235431502774}",940,0.3570204774736882,0.01,0.1,0.01
kin8nm,noisyFCN,32,0.1,0.0005,"{0: 0.537102006118088, 10: 0.3820708582628094, 20: 0.37233277870905646, 30: 0.3691847817081446, 40: 0.3676969965545488, 50: 0.36673508600802907, 60: 0.36600781204750227, 70: 0.36559149854958506, 80: 0.3652245287865189, 90: 0.36484180532712407, 100: 0.36449182292111243, 110: 0.3641941827730123, 120: 0.36387814747590025, 130: 0.3637150372251595, 140: 0.3634971872504667, 150: 0.3633292073926564, 160: 0.3631911563762023, 170: 0.3630147161408751, 180: 0.3628802016119808, 190: 0.36275806280159995, 200: 0.36268983601816146, 210: 0.362587653310978, 220: 0.36250512617341857, 230: 0.36245043003841826, 240: 0.36227465228544553, 250: 0.36214088487780677, 260: 0.3620139869391676, 270: 0.36186635667852685, 280: 0.36177770083372174, 290: 0.3616618432915071, 300: 0.36152359269154405, 310: 0.36149303991724435, 320: 0.3613759685248893, 330: 0.3613310719454562, 340: 0.36133395241489935, 350: 0.3611741547268125, 360: 0.36114378719619045, 370: 0.3611750118525645, 380: 0.36110509656878176, 390: 0.3611961770434205, 400: 0.3611253092470914, 410: 0.3609815750488581, 420: 0.3610188151497426, 430: 0.36097016278195937, 440: 0.3609853725913932, 450: 0.3609019846348954, 460: 0.3609012410211069, 470: 0.36086923432521884, 480: 0.3608295697622736, 490: 0.36085924913466927, 500: 0.36068308881818567, 510: 0.3606365687940941, 520: 0.36058093356224846, 530: 0.36057623016651774, 540: 0.36053643773703464, 550: 0.36050127465565257, 560: 0.36059067931935973, 570: 0.3605375334417289, 580: 0.3604892350003298, 590: 0.360506090984806, 600: 0.3604211801033791, 610: 0.3603569197436423, 620: 0.36038016166005715, 630: 0.36037996253964594, 640: 0.36031575191732856, 650: 0.3602638518690987, 660: 0.36023430156536734, 670: 0.3601906483810304, 680: 0.3602303504873395, 690: 0.3601630015644556, 700: 0.360069968537245, 710: 0.3600691171393883, 720: 0.35999198787525394, 730: 0.36001346318813504, 740: 0.3598799551777509, 750: 0.3599128728558305, 760: 0.35990234741313765, 770: 0.3598624701196739, 780: 0.3598560994873956, 790: 0.3598112022772101, 800: 0.3598694295279771, 810: 0.3598184410107571, 820: 0.3597919818036366, 830: 0.3598145060604014, 840: 0.3597666645698082, 850: 0.3597639917684921, 860: 0.3597637048134816, 870: 0.35971502407219924, 880: 0.35978262439422126, 890: 0.35978036813641534, 900: 0.35980807944047427}",870,0.35971502407219924,0.01,0.001,0.01
kin8nm,noisyFCN,32,0.1,0.0005,"{0: 0.5277247175562312, 10: 0.3805151207253142, 20: 0.37218108849498216, 30: 0.36932465382229007, 40: 0.36768879575714264, 50: 0.3666429399522896, 60: 0.3657442857295152, 70: 0.36509592609831193, 80: 0.3647851938646952, 90: 0.3644370925981747, 100: 0.36414596201507016, 110: 0.36395752045473834, 120: 0.3637835191177306, 130: 0.36368640127360524, 140: 0.36350719921649954, 150: 0.36334915072172336, 160: 0.3632014331582992, 170: 0.36306086607492005, 180: 0.362975860267107, 190: 0.36273024003951376, 200: 0.36277348912131996, 210: 0.36251679186392266, 220: 0.3623533044049059, 230: 0.36227528528715836, 240: 0.36212021994346844, 250: 0.36200435865627906, 260: 0.36192656425834996, 270: 0.36189345945648566, 280: 0.36175546847835366, 290: 0.361691799922817, 300: 0.36163609625324317, 310: 0.3615101399424281, 320: 0.36147978868528213, 330: 0.3613578396291083, 340: 0.3612960237780921, 350: 0.3612234381363634, 360: 0.36119511734024956, 370: 0.36118888176378217, 380: 0.36100657752850085, 390: 0.3610045217039867, 400: 0.36101337417348384, 410: 0.3609773598062937, 420: 0.36081931630290726, 430: 0.3607659313917846, 440: 0.36069346887048265, 450: 0.3607727874784602, 460: 0.3606998559475846, 470: 0.36061638756779646, 480: 0.3605131642945899, 490: 0.3604722976052086, 500: 0.36044689164734967, 510: 0.3603412338759563, 520: 0.36034105779507364, 530: 0.3603568834597846, 540: 0.3602859968079202, 550: 0.36039317169113716, 560: 0.3603537191894722, 570: 0.3602405329973231, 580: 0.3601792233377939, 590: 0.3601415495718826, 600: 0.36015156341269167, 610: 0.3600937141387678, 620: 0.3601525412755315, 630: 0.36005312241832127, 640: 0.36010273926078973, 650: 0.3600255012181111, 660: 0.3599877665169221, 670: 0.3599687077697123, 680: 0.359907415412439, 690: 0.359890710556499, 700: 0.3598892401829896, 710: 0.3598327639042915, 720: 0.35976688606063134, 730: 0.3597456953047237, 740: 0.3597094574881258, 750: 0.3597284275502628, 760: 0.3596701239058849, 770: 0.35960996223798836, 780: 0.35969469654348807, 790: 0.3597084023988426, 800: 0.3596069591600616, 810: 0.3595900557547649, 820: 0.3595659976784991, 830: 0.35956907594661236, 840: 0.3595064377263686, 850: 0.3595045949256988, 860: 0.35951100622559995, 870: 0.3595077125634675, 880: 0.3594008933587075, 890: 0.35948518713000893, 900: 0.3594444947635721, 910: 0.3593702961672428, 920: 0.3593368554469819, 930: 0.35929398132972856, 940: 0.35932407018728335, 950: 0.3592327503879649, 960: 0.3593242581928188, 970: 0.3592310122297961, 980: 0.359180919366218, 990: 0.35915664707725314, 1000: 0.359149353163103, 1010: 0.35911725216508084, 1020: 0.35906540614357263, 1030: 0.3590607337692274, 1040: 0.35903609938011066, 1050: 0.35908380165409387, 1060: 0.35904895342721205, 1070: 0.35901769184755117, 1080: 0.3590222001256355, 1090: 0.3590866183213322, 1100: 0.35903876544086577}",1070,0.35901769184755117,0.01,0.005,0.01
kin8nm,noisyFCN,32,0.1,0.0005,"{0: 0.5243025239289587, 10: 0.3825308139320919, 20: 0.3737727363658182, 30: 0.3702460843094733, 40: 0.3683198240458171, 50: 0.36699854354729683, 60: 0.36606318363048895, 70: 0.3652621298426245, 80: 0.3646586447988919, 90: 0.3641322857404394, 100: 0.3638658188948526, 110: 0.36352405301637447, 120: 0.3633122669304544, 130: 0.36306285234746233, 140: 0.3629349429658333, 150: 0.36281688790172156, 160: 0.3627331223178088, 170: 0.36252378559157805, 180: 0.3624501701918443, 190: 0.3624429770140313, 200: 0.3624190170056078, 210: 0.36236900408460554, 220: 0.3623235033028376, 230: 0.3621924828076636, 240: 0.3621911156593786, 250: 0.36215384209333934, 260: 0.362076331252719, 270: 0.3619982129443062, 280: 0.36184254968638563, 290: 0.3618232019898438, 300: 0.36180688595368987, 310: 0.36179630689697645, 320: 0.3616965555355358, 330: 0.36159576571622615, 340: 0.3615853790478451, 350: 0.3615372925128537, 360: 0.361440403742333, 370: 0.3614260894554072, 380: 0.36138178524429815, 390: 0.36138965611305024, 400: 0.3612856520648785, 410: 0.36130774657476444, 420: 0.36125310580498293, 430: 0.3611755379503391, 440: 0.3611250720385379, 450: 0.3611021352448594, 460: 0.3609777911827779, 470: 0.36097423824448743, 480: 0.36093693058176013, 490: 0.3608399140354649, 500: 0.36087628030298935, 510: 0.36084917011478723, 520: 0.36079306535428923, 530: 0.3607888375637499, 540: 0.3608224594877048, 550: 0.36076890728654915, 560: 0.3606730044100008, 570: 0.3606975440856845, 580: 0.36067076863908454, 590: 0.36068099761172545, 600: 0.3606601324332888, 610: 0.36067346606548206, 620: 0.3606987202606856, 630: 0.3606930523776192}",600,0.3606601324332888,0.01,0.01,0.01
kin8nm,noisyFCN,32,0.1,0.0005,"{0: 0.5381415843496965, 10: 0.3807560166545769, 20: 0.3720045837175156, 30: 0.3686574402587268, 40: 0.36702244184201555, 50: 0.366259409748746, 60: 0.3655713056464779, 70: 0.36512572259994125, 80: 0.3648308526722864, 90: 0.3645622605361529, 100: 0.3644085056435013, 110: 0.36421453493002226, 120: 0.364025735228067, 130: 0.36385491204173565, 140: 0.363693224732387, 150: 0.36358063078080866, 160: 0.3633861261546973, 170: 0.36334724613467423, 180: 0.36316604042884987, 190: 0.3630852175039475, 200: 0.3630894839551517, 210: 0.3630006547753085, 220: 0.3628974304840324, 230: 0.36274298707491437, 240: 0.36264446222508856, 250: 0.36254343676470663, 260: 0.36243630301569135, 270: 0.3623799384627817, 280: 0.36227335685355894, 290: 0.3621714743814589, 300: 0.3621141279945166, 310: 0.36207109240906116, 320: 0.36200146673303757, 330: 0.3619090729721549, 340: 0.3618310025780731, 350: 0.3617511049540576, 360: 0.3617644910828697, 370: 0.36164528856678824, 380: 0.36148048323828186, 390: 0.36145471176937405, 400: 0.361351080896554, 410: 0.3612795963037525, 420: 0.3612420848051171, 430: 0.3612039284898498, 440: 0.3611159841632031, 450: 0.3611635201987281, 460: 0.3610301375609656, 470: 0.36092080438905655, 480: 0.360884808552549, 490: 0.36092599053526164, 500: 0.36079819692419435, 510: 0.360754433626682, 520: 0.3606497135817487, 530: 0.3607178059618341, 540: 0.3606499684579094, 550: 0.36059776451786185, 560: 0.36062523340185393, 570: 0.3606409576800154, 580: 0.3605753177984239, 590: 0.3605074279648238, 600: 0.3604843913815773, 610: 0.360479387754508, 620: 0.3604556325673064, 630: 0.3604192723241578, 640: 0.36050229447360155, 650: 0.3604200812400214, 660: 0.3603776908875811, 670: 0.3603711366485534, 680: 0.3603619711027869, 690: 0.3603939478469808, 700: 0.3603624211943888, 710: 0.3603440735199052, 720: 0.3603863685712824, 730: 0.3603363043740223, 740: 0.3603000944467383, 750: 0.3602873950138064, 760: 0.36032011705863853, 770: 0.36028150117283964, 780: 0.36037542570144077, 790: 0.3602142053731589, 800: 0.3602404476428408, 810: 0.36025534656104374, 820: 0.3601871492867824, 830: 0.36016921287943326, 840: 0.36019411435744525, 850: 0.3601052671757853, 860: 0.36002065727677557, 870: 0.3601347232275781, 880: 0.36000525205852835, 890: 0.3601243815950022, 900: 0.35999290569516273, 910: 0.3599931988963109, 920: 0.3599031205735618, 930: 0.3599446056777412, 940: 0.35995389168094755, 950: 0.3598346040421513, 960: 0.3598945171307789, 970: 0.3598783224213386, 980: 0.359799931571157, 990: 0.35980207384474977, 1000: 0.3598040842421749, 1010: 0.3597956136586176, 1020: 0.3597999039665617, 1030: 0.35991815662430676, 1040: 0.35982600778798896}",1010,0.3597956136586176,0.01,0.05,0.01
kin8nm,noisyFCN,32,0.1,0.0005,"{0: 0.5362765016584647, 10: 0.38066323465738405, 20: 0.37117250044096284, 30: 0.3683682386611046, 40: 0.3669905232861407, 50: 0.3658741400910514, 60: 0.3650362948470339, 70: 0.36458338021180114, 80: 0.3640782854771014, 90: 0.36369497436251946, 100: 0.3632719641114627, 110: 0.3629785854888653, 120: 0.3627311684124339, 130: 0.36251600324488414, 140: 0.36230960520205996, 150: 0.3622310327721435, 160: 0.36207941607755145, 170: 0.36198052328832386, 180: 0.36186470023900247, 190: 0.3617532635069431, 200: 0.3617318312008222, 210: 0.36154363574938087, 220: 0.36147660266033804, 230: 0.3614001650175633, 240: 0.3613383537424212, 250: 0.36129878504325375, 260: 0.3612969693588085, 270: 0.3611487841957713, 280: 0.361198717762536, 290: 0.3610372876021308, 300: 0.36107027574405437, 310: 0.3608713358385477, 320: 0.3609174495480443, 330: 0.3608939885137368, 340: 0.3606733109634555, 350: 0.3607539308908977, 360: 0.36064508918568394, 370: 0.36064774754916556, 380: 0.36072639600076817, 390: 0.36063207938369224, 400: 0.3605488406984846, 410: 0.3605458193339669, 420: 0.36049726458307885, 430: 0.36041252812616736, 440: 0.360362901049845, 450: 0.36039220613434964, 460: 0.3603494488354428, 470: 0.3603422403153503, 480: 0.36025363195082755, 490: 0.3603088230898409, 500: 0.36035506525341876, 510: 0.36028460241331123}",480,0.36025363195082755,0.01,0.1,0.01
kin8nm,noisyFCN,32,0.1,0.001,"{0: 0.479893146338212, 10: 0.3790631972121691, 20: 0.3734090328458385, 30: 0.3711637875144834, 40: 0.3698174402422709, 50: 0.3687924808279952, 60: 0.36806469433733124, 70: 0.3675877804313169, 80: 0.3672014115209209, 90: 0.3669648545794082, 100: 0.3669037246977377, 110: 0.3665126084945868, 120: 0.366564637952368, 130: 0.3664917928811774, 140: 0.3663175110508321, 150: 0.3661709423226493, 160: 0.3661765849401639, 170: 0.36585134576116085, 180: 0.3658181992551683, 190: 0.36566156865999433, 200: 0.3655163202241912, 210: 0.36543331827437114, 220: 0.3650906116765434, 230: 0.365045774490138, 240: 0.3648151679118888, 250: 0.3646005959466511, 260: 0.364581301565994, 270: 0.3645381711892667, 280: 0.3644210578517597, 290: 0.36417905374789916, 300: 0.3640713617004029, 310: 0.36392240880560073, 320: 0.36396811329205636, 330: 0.363899198341781, 340: 0.36372011660062165, 350: 0.36362674168804604, 360: 0.3635126228014084, 370: 0.36348133241802794, 380: 0.36332713951741247, 390: 0.36329965111163154, 400: 0.36309341433430486, 410: 0.36307170775438863, 420: 0.36305099262600926, 430: 0.3628994401792694, 440: 0.36290899509452534, 450: 0.3627684797413496, 460: 0.36267922620226034, 470: 0.36267860454575757, 480: 0.3627198158740427, 490: 0.3628406609175875, 500: 0.36280518924114913}",470,0.36267860454575757,0.01,0.001,0.01
kin8nm,noisyFCN,32,0.1,0.001,"{0: 0.48548384757450663, 10: 0.3784270600492362, 20: 0.3734030537770737, 30: 0.3710634317503668, 40: 0.3695458002340678, 50: 0.36854774159294135, 60: 0.36787620829924783, 70: 0.3671824462950407, 80: 0.3668839298450692, 90: 0.36656918866646676, 100: 0.36657380282408264, 110: 0.3664653844837393, 120: 0.36621477458448926, 130: 0.3659988367419604, 140: 0.36602360998077743, 150: 0.36599262762927703, 160: 0.36575270741762356, 170: 0.36559309056782724, 180: 0.36562041182653326, 190: 0.36539205153419446, 200: 0.3650614776087946, 210: 0.36492980204047176, 220: 0.3647601208705445, 230: 0.3646204091957104, 240: 0.36465552054406036, 250: 0.36435113611043746, 260: 0.36428859314718, 270: 0.36415168331771264, 280: 0.36401536070555573, 290: 0.36386275177452687, 300: 0.3638816739108034, 310: 0.3639128541053943, 320: 0.36378901507844386, 330: 0.3636492411625802, 340: 0.36355381781678436, 350: 0.36331960329320345, 360: 0.36335993810473083, 370: 0.36314454255371525, 380: 0.36298127700993593, 390: 0.3629267853144665, 400: 0.3629052606957157, 410: 0.3627223425030236, 420: 0.3626435312913215, 430: 0.3625632462956988, 440: 0.362575129672218, 450: 0.36236905132051866, 460: 0.36231565251464637, 470: 0.3623240135896507, 480: 0.3621580327630064, 490: 0.3623423085748445, 500: 0.36223949584712806, 510: 0.36222369716426306}",480,0.3621580327630064,0.01,0.005,0.01
kin8nm,noisyFCN,32,0.1,0.001,"{0: 0.4817925453639991, 10: 0.3782026372251026, 20: 0.37266011029811424, 30: 0.37079752828347756, 40: 0.36994117038469493, 50: 0.36950498776229185, 60: 0.3687999795430676, 70: 0.36846061226575316, 80: 0.36816342000556884, 90: 0.3678885586863165, 100: 0.36734328899774, 110: 0.36720838486850504, 120: 0.3670936436937998, 130: 0.36672935986585353, 140: 0.36669142852192016, 150: 0.3663419001268593, 160: 0.36618739529994093, 170: 0.36585020158109016, 180: 0.36561755005309526, 190: 0.3657042687136759, 200: 0.3654836374716929, 210: 0.3653636161340508, 220: 0.36516846730988173, 230: 0.36496302700576644, 240: 0.36491155179269374, 250: 0.36472411143095074, 260: 0.3646972345931576, 270: 0.3646706398643138, 280: 0.36434052913433035, 290: 0.3642879992622748, 300: 0.3641661994541345, 310: 0.36387854594465174, 320: 0.3638435645040282, 330: 0.3637497442689684, 340: 0.363731047240334, 350: 0.3635919221206626, 360: 0.36336035743376144, 370: 0.3632737143003185, 380: 0.3632019876810073, 390: 0.36321960220204835, 400: 0.3630700873817115, 410: 0.3629250168419558, 420: 0.3629553423591625, 430: 0.3628673291494177, 440: 0.36267059727618656, 450: 0.36284935820267616, 460: 0.3627204516087343, 470: 0.36273377079568}",440,0.36267059727618656,0.01,0.01,0.01
kin8nm,noisyFCN,32,0.1,0.001,"{0: 0.4949472089876233, 10: 0.3780315733066229, 20: 0.37322404899043177, 30: 0.3711455532277431, 40: 0.36978399622624003, 50: 0.36890580000213924, 60: 0.36825462968168526, 70: 0.3678509744529217, 80: 0.36751775239695006, 90: 0.3670445043933813, 100: 0.3669943813407816, 110: 0.36674965314343105, 120: 0.36639436837887146, 130: 0.36616864322034115, 140: 0.36579156172506616, 150: 0.3657204899218181, 160: 0.36553558607437703, 170: 0.3653114369184135, 180: 0.3652079663248401, 190: 0.3652448990053213, 200: 0.365083683573206, 210: 0.3649354844640506, 220: 0.3646677030277451, 230: 0.3646499163132024, 240: 0.3646476524022831, 250: 0.3645140552563301, 260: 0.364594519201189, 270: 0.3645205016329753, 280: 0.36426954525610133, 290: 0.36427185065813317, 300: 0.36419245442990894, 310: 0.36390212012846923, 320: 0.3639839709572541, 330: 0.3639958114284833, 340: 0.3639057588113666}",310,0.36390212012846923,0.01,0.05,0.01
kin8nm,noisyFCN,32,0.1,0.001,"{0: 0.49179070426485955, 10: 0.3801021915344189, 20: 0.37413697733066326, 30: 0.37175632603539177, 40: 0.3706032192678672, 50: 0.36973278838650014, 60: 0.36925782741170143, 70: 0.36888124834465896, 80: 0.36858765784030906, 90: 0.3682429525683823, 100: 0.36787112771848374, 110: 0.3676989251062219, 120: 0.3673148227017083, 130: 0.367200846013381, 140: 0.3665735436105379, 150: 0.36656153546203163, 160: 0.3665064279886277, 170: 0.3662207604530827, 180: 0.36606685265194266, 190: 0.3657833217469689, 200: 0.36554607610584205, 210: 0.36530212765480174, 220: 0.36527543250333633, 230: 0.36522677488742483, 240: 0.36518337168011483, 250: 0.3650464393991378, 260: 0.36485494448290823, 270: 0.3647878366370163, 280: 0.36469047324160975, 290: 0.3644002586384204, 300: 0.3643696997877135, 310: 0.36412544429974125, 320: 0.364104792970155, 330: 0.36379698194971494, 340: 0.36386082051116364, 350: 0.36378347990063625, 360: 0.3637083933588919, 370: 0.36347503726257396, 380: 0.3633799764715872, 390: 0.36313707244462423, 400: 0.36313006273904674, 410: 0.3629473160670746, 420: 0.3628694744421761, 430: 0.36280295173060234, 440: 0.3626760861656658, 450: 0.3627648356746648, 460: 0.3627342684461425, 470: 0.3626157174551611, 480: 0.36241999910439615, 490: 0.3625310046471588, 500: 0.3624119663463178, 510: 0.36230537886530123, 520: 0.3623484194403347, 530: 0.3623055862668193, 540: 0.36225446128675365, 550: 0.36204923189375776, 560: 0.3621831085759331, 570: 0.36210809776082076, 580: 0.36208093268386976}",550,0.36204923189375776,0.01,0.1,0.01
kin8nm,noisyFCN,32,0.1,0.002,"{0: 0.43238748204106925, 10: 0.3821878493952983, 20: 0.3769600033814629, 30: 0.3738146632067214, 40: 0.37178447691540595, 50: 0.3704206780749576, 60: 0.36973346164675824, 70: 0.36907710067761124, 80: 0.36828592779364416, 90: 0.3683593713803976, 100: 0.36814256602448003, 110: 0.36802277349790113, 120: 0.3677776211151996, 130: 0.36773706208810253, 140: 0.36754628777809384, 150: 0.36776470949645146, 160: 0.36766727785172243, 170: 0.3675547894530701}",140,0.36754628777809384,0.01,0.001,0.01
kin8nm,noisyFCN,32,0.1,0.002,"{0: 0.42729552156123873, 10: 0.3818415091550512, 20: 0.37613278953505136, 30: 0.3735601373545018, 40: 0.37192685867425745, 50: 0.3711948005518547, 60: 0.37042750311524203, 70: 0.36971988656752597, 80: 0.36922602241338354, 90: 0.3692501393734582, 100: 0.36886347180641693, 110: 0.3687255220253775, 120: 0.36865144886344686, 130: 0.36843168287945083, 140: 0.3681146359372378, 150: 0.36796944187690767, 160: 0.36765361548074327, 170: 0.3681962960057857, 180: 0.3676164508760213, 190: 0.3676747068845779, 200: 0.36746942756438594, 210: 0.3676109456524067, 220: 0.3674477902728554, 230: 0.36746976385717495, 240: 0.3675262146017445, 250: 0.3672764061884536, 260: 0.3673881540846451, 270: 0.3675000008485231, 280: 0.36731614387382566}",250,0.3672764061884536,0.01,0.005,0.01
kin8nm,noisyFCN,32,0.1,0.002,"{0: 0.4350470301876667, 10: 0.3807699046470987, 20: 0.3761816417264891, 30: 0.373684884622221, 40: 0.3724900195111481, 50: 0.3715899607880356, 60: 0.37079757365952415, 70: 0.3702040301490909, 80: 0.3698280419630761, 90: 0.3689834480403791, 100: 0.3686678546634684, 110: 0.3686675277145918, 120: 0.3683321817677335, 130: 0.36839562837834505, 140: 0.36793083993009124, 150: 0.3677825909442026, 160: 0.36782972451698487, 170: 0.36786074870452456, 180: 0.36745295271354217, 190: 0.3676789055787937, 200: 0.3677885014112493, 210: 0.3676424800044239}",180,0.36745295271354217,0.01,0.01,0.01
kin8nm,noisyFCN,32,0.1,0.002,"{0: 0.437165076440632, 10: 0.3822007458995503, 20: 0.37722106351613693, 30: 0.37421538917758507, 40: 0.3729618704836954, 50: 0.37215945277658646, 60: 0.37126547372531826, 70: 0.3709286481651877, 80: 0.3704441996336291, 90: 0.36988192449030227, 100: 0.3697277965078184, 110: 0.3691160148605798, 120: 0.3694091089149659, 130: 0.368910230474896, 140: 0.36824388913618544, 150: 0.36859813075747627, 160: 0.36864734787503983, 170: 0.36818799092233817, 180: 0.36778064257475307, 190: 0.3674875810362329, 200: 0.36730481386120484, 210: 0.36729498162368907, 220: 0.36696472324583257, 230: 0.3673782894208192, 240: 0.3671505072259376, 250: 0.36705592047084246}",220,0.36696472324583257,0.01,0.05,0.01
kin8nm,noisyFCN,32,0.1,0.002,"{0: 0.4325891028289006, 10: 0.38293398010542706, 20: 0.37724689468854994, 30: 0.3747066710726681, 40: 0.3733077377304945, 50: 0.3717272175635623, 60: 0.37099110106395655, 70: 0.3704825593279052, 80: 0.37040646517254766, 90: 0.3699063436299646, 100: 0.36997557616166976, 110: 0.3692243810487418, 120: 0.36899359161037604, 130: 0.36896244005970036, 140: 0.3687636349522803, 150: 0.3685508962683085, 160: 0.3687590242158138, 170: 0.3682689475828339, 180: 0.36801986203348047, 190: 0.3679851932633217, 200: 0.36757525321207873, 210: 0.3677509132685845, 220: 0.3675888092137848, 230: 0.3675360604506517, 240: 0.36788587473145506, 250: 0.3671058033742386, 260: 0.367324532478755, 270: 0.3670820715568951, 280: 0.3672765457137608, 290: 0.36748652362386747, 300: 0.36694177008911194, 310: 0.36712014192184184, 320: 0.36691871882556365, 330: 0.3671129743861316, 340: 0.3669268671006927, 350: 0.3672698117844241}",320,0.36691871882556365,0.01,0.1,0.01
kin8nm,noisyFCN,32,0.01,0.0001,"{0: 0.7187903929252941, 10: 0.3117639635096441, 20: 0.21849246759709287, 30: 0.1793704685415009, 40: 0.15929443889978712, 50: 0.1463769156967131, 60: 0.13688739661478447, 70: 0.1295679318396432, 80: 0.12387535254927914, 90: 0.11956629729242962, 100: 0.11613564441710933, 110: 0.11334336502500834, 120: 0.11103894084056012, 130: 0.10925705638543852, 140: 0.10786342741630914, 150: 0.10665462056486526, 160: 0.10564423663756908, 170: 0.10477203843010756, 180: 0.10413040512762768, 190: 0.10356857656370375, 200: 0.1030207747173862, 210: 0.1025619260407428, 220: 0.1021433002114575, 230: 0.10179373777547082, 240: 0.10147079558221068, 250: 0.10112104616227194, 260: 0.10082454284358251, 270: 0.1005282258551136, 280: 0.10027445623555695, 290: 0.10003308533629598, 300: 0.09984322584519403, 310: 0.09963587872862087, 320: 0.09944895121717727, 330: 0.09928500061819936, 340: 0.09914255021570824, 350: 0.09902262697627799, 360: 0.09887509766089839, 370: 0.09875954209803442, 380: 0.09867087841158531, 390: 0.09858165271231899, 400: 0.0985327410154335, 410: 0.09843843215302624, 420: 0.09838096130275746, 430: 0.09831189948541363, 440: 0.09825821917986508, 450: 0.09819230283075446, 460: 0.09810929275060316, 470: 0.09804615684851556, 480: 0.09800370068781142, 490: 0.09794609202757178, 500: 0.09787597988276375, 510: 0.09785307031837022, 520: 0.09779412554259724, 530: 0.09774320452074921, 540: 0.09772749409108444, 550: 0.09769501885736924, 560: 0.09769775155484414, 570: 0.0976510986891543, 580: 0.09760764268662608, 590: 0.09758078424757499, 600: 0.09752348432883422, 610: 0.09749576646756503, 620: 0.0974628256322718, 630: 0.09744895380155388, 640: 0.09743677847826668, 650: 0.09740698417058853, 660: 0.09739635996628151, 670: 0.09736928199516362, 680: 0.09735605576091204, 690: 0.09729340097352114, 700: 0.09727463817465039, 710: 0.09723331637752675, 720: 0.09721048707038256, 730: 0.09718745990003391, 740: 0.09713608306661375, 750: 0.09709572859274473, 760: 0.09708876413156131, 770: 0.09703776794850125, 780: 0.09702058419498549, 790: 0.09697903527029557, 800: 0.09690953566815699, 810: 0.09687973635185587, 820: 0.09683014461075826, 830: 0.0967920800153281, 840: 0.09677207469249534, 850: 0.0967645896727528, 860: 0.09673205716677277, 870: 0.09675265177557275, 880: 0.09674166422283695, 890: 0.09671057264562459, 900: 0.09670551535080263, 910: 0.09669090986858148, 920: 0.09666497436060147, 930: 0.09666233977724253, 940: 0.0966474653695196, 950: 0.09665218851356427, 960: 0.09662451053334532, 970: 0.09662168998502348, 980: 0.09657217684938235, 990: 0.09660332241817116, 1000: 0.09658241490331441, 1010: 0.09657919407830017}",980,0.09657217684938235,0.01,0.001,0.01
kin8nm,noisyFCN,32,0.01,0.0001,"{0: 0.6890169779337401, 10: 0.3011651987230156, 20: 0.21475550153223794, 30: 0.17787216251357255, 40: 0.1590490704145617, 50: 0.14721309448046357, 60: 0.13866549374327994, 70: 0.13207237640323385, 80: 0.1266349363600181, 90: 0.12212904613834193, 100: 0.11855162680740819, 110: 0.11565151517190506, 120: 0.11329705504101828, 130: 0.11142214509102573, 140: 0.1097311607009459, 150: 0.10834749410939375, 160: 0.10717340873244197, 170: 0.10619556595491857, 180: 0.10530744628986428, 190: 0.10454697469153047, 200: 0.10389231225969375, 210: 0.10333772841494679, 220: 0.1028381661033897, 230: 0.10236685441830111, 240: 0.10199936476604936, 250: 0.10167389599288974, 260: 0.10139663876997256, 270: 0.10114503897705321, 280: 0.10091560092919986, 290: 0.1006600134247377, 300: 0.10044922382306531, 310: 0.10027655323295263, 320: 0.10010126124367298, 330: 0.09995409277875757, 340: 0.09982650830472962, 350: 0.09968774255825966, 360: 0.09957302835116733, 370: 0.09949697947154867, 380: 0.09937390348769595, 390: 0.0993171456985314, 400: 0.09924399337633286, 410: 0.09917679042653973, 420: 0.09913138905376458, 430: 0.09906215548361572, 440: 0.09899942321951387, 450: 0.09891048545230838, 460: 0.09886604462766302, 470: 0.09882445397987967, 480: 0.09875009561825973, 490: 0.09869006689331553, 500: 0.09865684115206311, 510: 0.09863189601887296, 520: 0.09857043102488859, 530: 0.09853687627545442, 540: 0.09847711484119213, 550: 0.09846525552640287, 560: 0.09842127133767993, 570: 0.09837548556755871, 580: 0.09834216480392119, 590: 0.09830077001082946, 600: 0.09825888436280722, 610: 0.0981972165174165, 620: 0.09811878675927835, 630: 0.09808706855496588, 640: 0.09803440449042648, 650: 0.09803157928221576, 660: 0.09800077303609354, 670: 0.09799146779651116, 680: 0.09797748408531091, 690: 0.09794438069529694, 700: 0.09792858275943786, 710: 0.09789203916732128, 720: 0.09786454548087165, 730: 0.09784301232965839, 740: 0.09783261490889322, 750: 0.09783230127408593, 760: 0.09779457211805934, 770: 0.0977856395942778, 780: 0.09775646267356033, 790: 0.09775098435208378, 800: 0.09773858100001458, 810: 0.09773944302263766, 820: 0.097718557719041, 830: 0.09772232846114783, 840: 0.09769101015508527, 850: 0.09768206976442492, 860: 0.09767496229760071, 870: 0.0976808247848207, 880: 0.09766911378309065, 890: 0.09761358006742875, 900: 0.09760055263707205, 910: 0.09759180758221554, 920: 0.0975881804592514, 930: 0.09757318991961361, 940: 0.09755021511488207, 950: 0.09754392626273356, 960: 0.0975487323364564, 970: 0.09754656269320104, 980: 0.0975588288573181}",950,0.09754392626273356,0.01,0.005,0.01
kin8nm,noisyFCN,32,0.01,0.0001,"{0: 0.7100548141736037, 10: 0.2993736716921889, 20: 0.2069237811518782, 30: 0.17177492224643678, 40: 0.15376625597571708, 50: 0.1421946770912485, 60: 0.13375873144726894, 70: 0.12730881682747927, 80: 0.12230521972449178, 90: 0.11828371159140298, 100: 0.11504317586781601, 110: 0.11240201860452312, 120: 0.11026441924629575, 130: 0.10854339750815803, 140: 0.10709220911621468, 150: 0.10588759575089016, 160: 0.10491670580717605, 170: 0.10411318958631985, 180: 0.103439985355481, 190: 0.10287062824495881, 200: 0.10232302826740791, 210: 0.10190673195434959, 220: 0.10150751675982446, 230: 0.10113127905606623, 240: 0.10075012521414246, 250: 0.10048047515501243, 260: 0.10020492576509044, 270: 0.09996805574569434, 280: 0.09977468714760848, 290: 0.0995781611626684, 300: 0.0994022150373001, 310: 0.0992137004258764, 320: 0.09902569109994155, 330: 0.0988467539969991, 340: 0.09869969005679909, 350: 0.09857241407008062, 360: 0.09844375036152793, 370: 0.09833084100587614, 380: 0.09822491119865451, 390: 0.09814001446873821, 400: 0.09805006112533497, 410: 0.09795179146254308, 420: 0.09785650292115392, 430: 0.09777031708453006, 440: 0.0977095632357903, 450: 0.09760430623472485, 460: 0.09752416441413317, 470: 0.0974543392015615, 480: 0.09740552112605122, 490: 0.09733211580716737, 500: 0.09727029434422299, 510: 0.09722776088084177, 520: 0.09715384054746268, 530: 0.09711451909240224, 540: 0.0970624725439355, 550: 0.09701523881782523, 560: 0.0969683980791009, 570: 0.09691258923767083, 580: 0.09686769959492134, 590: 0.09684955043319152, 600: 0.09682222303739993, 610: 0.09678796629224462, 620: 0.09676123448089977, 630: 0.09674015168682336, 640: 0.09671014003522839, 650: 0.09668702898600816, 660: 0.09668023697748049, 670: 0.09664320715258459, 680: 0.09660846756748767, 690: 0.09660844526601944, 700: 0.09656755575876189, 710: 0.09655408900138826, 720: 0.09651749385510804, 730: 0.09650264141738907, 740: 0.09648111029966316, 750: 0.09645169950759595, 760: 0.09643083152303901, 770: 0.09641976289208395, 780: 0.09639181021230887, 790: 0.0963681830512968, 800: 0.09637130219878197, 810: 0.09634685691516455, 820: 0.09632567831058943, 830: 0.09630203678260067, 840: 0.09629942949988594, 850: 0.09628426124550363, 860: 0.09628151689223027, 870: 0.09628747906869325, 880: 0.09630401887927606, 890: 0.09628395160670744}",860,0.09628151689223027,0.01,0.01,0.01
kin8nm,noisyFCN,32,0.01,0.0001,"{0: 0.7133186039265011, 10: 0.3051772137447977, 20: 0.2130464949109247, 30: 0.17389599373869552, 40: 0.15449248975652247, 50: 0.14229454866104824, 60: 0.13372185167186465, 70: 0.12725409631787682, 80: 0.12208434133532202, 90: 0.11798601649771918, 100: 0.11464351565947765, 110: 0.11199985310891072, 120: 0.10977910270923992, 130: 0.10792580653403827, 140: 0.10645805198462865, 150: 0.10526116083155732, 160: 0.10421885035663134, 170: 0.10331873538291898, 180: 0.10260667135750212, 190: 0.10196740462895626, 200: 0.10142139710088507, 210: 0.10088178127428996, 220: 0.10045500840911326, 230: 0.10008729444105527, 240: 0.09975073805502638, 250: 0.09942900192725537, 260: 0.09907212927734563, 270: 0.09876573918596018, 280: 0.09854841438117531, 290: 0.09833519768621475, 300: 0.09814141076549608, 310: 0.09798269408786549, 320: 0.0978660279210306, 330: 0.09774273101648605, 340: 0.0975936585459289, 350: 0.09747333647598092, 360: 0.0973472712414961, 370: 0.09727957718147942, 380: 0.09720396098441794, 390: 0.09710894520440234, 400: 0.09702938380287851, 410: 0.0969658324888393, 420: 0.0968948455709196, 430: 0.09681914299261944, 440: 0.0967735787302615, 450: 0.09672303026431453, 460: 0.09665009987244885, 470: 0.09659830726831464, 480: 0.09654088635981503, 490: 0.09647352992777877, 500: 0.09640877426074082, 510: 0.09635488231442874, 520: 0.09628628821481679, 530: 0.09621735459763213, 540: 0.09617208938650212, 550: 0.0961298392373132, 560: 0.09607937128375071, 570: 0.09607263349562566, 580: 0.09600944282860331, 590: 0.09596508316361688, 600: 0.09593985228409171, 610: 0.0959180848318079, 620: 0.09589668195412893, 630: 0.09586078249756773, 640: 0.09584909166489916, 650: 0.09579997241596125, 660: 0.0957925225799825, 670: 0.09576734825752437, 680: 0.09575978019395173, 690: 0.09572100375983647, 700: 0.09569952743099949, 710: 0.09569573591151612, 720: 0.09566651833542526, 730: 0.09564636108194216, 740: 0.09566684239503428, 750: 0.09564691438054089, 760: 0.0956311026047593, 770: 0.09559562217636301, 780: 0.09559461308097869, 790: 0.09558974475278463, 800: 0.09560709118185225, 810: 0.0955931909511372, 820: 0.09559506751175899}",790,0.09558974475278463,0.01,0.05,0.01
kin8nm,noisyFCN,32,0.01,0.0001,"{0: 0.6985185632612343, 10: 0.3110084510270117, 20: 0.21525666403064941, 30: 0.1740938100710298, 40: 0.15386446130052495, 50: 0.14150537121157347, 60: 0.1327705840181675, 70: 0.1262427193072641, 80: 0.1212018556256214, 90: 0.11730753757356963, 100: 0.11414162065265776, 110: 0.11159952285289369, 120: 0.10973721652463667, 130: 0.1081772493129863, 140: 0.10687589821208876, 150: 0.10581736276312674, 160: 0.10491045945791208, 170: 0.10414987534334394, 180: 0.10345921547767459, 190: 0.10287846736945068, 200: 0.10233116449485606, 210: 0.10180812045740846, 220: 0.10135671841555502, 230: 0.10095523550368515, 240: 0.10062405817048467, 250: 0.10031613752232629, 260: 0.10005614809446231, 270: 0.09977612373228867, 280: 0.09956505217246688, 290: 0.09934379439985289, 300: 0.09915601501189082, 310: 0.09897749859613894, 320: 0.09885307878334107, 330: 0.09868740966780609, 340: 0.09854320918301557, 350: 0.09840027404695768, 360: 0.09828066952358028, 370: 0.09818532121571168, 380: 0.09807011682467967, 390: 0.0979814612597916, 400: 0.09790948647698032, 410: 0.09783429850271302, 420: 0.09777066828311001, 430: 0.09770043370222269, 440: 0.09764270453716942, 450: 0.0975684431197463, 460: 0.09752079209327731, 470: 0.09745678767785333, 480: 0.09740354160248095, 490: 0.09734440420417338, 500: 0.09729081020363499, 510: 0.0972713679883408, 520: 0.0972403292915276, 530: 0.09724723515306709, 540: 0.09722631864235694, 550: 0.09722300862633437, 560: 0.09722200343684322, 570: 0.09718356702943949, 580: 0.0971493980101908, 590: 0.0971474699899657, 600: 0.09714367725898351, 610: 0.09710704828154824, 620: 0.09710041162775458, 630: 0.09706771478909378, 640: 0.0970489073552875, 650: 0.09701543298212904, 660: 0.09698264077594114, 670: 0.0969780326070736, 680: 0.09695570497744418, 690: 0.0969077635551249, 700: 0.09692502930467725, 710: 0.0968843600564913, 720: 0.09689241281672067, 730: 0.09686815010291526, 740: 0.09683077282045068, 750: 0.09681387812915901, 760: 0.09680664426823547, 770: 0.09679495174824886, 780: 0.09676458244652822, 790: 0.09674910382659478, 800: 0.09670351646777797, 810: 0.09668336809694213, 820: 0.09669130455020068, 830: 0.09669392815030861, 840: 0.0966542562975259, 850: 0.09664009432032294, 860: 0.09662748785904336, 870: 0.09661566942629321, 880: 0.09660802530819546, 890: 0.09661264388494724, 900: 0.09659586225653913, 910: 0.09657257930205158, 920: 0.09656657705921805, 930: 0.09654500638145791, 940: 0.0965402904422398, 950: 0.09652971630398802, 960: 0.0965315449561892, 970: 0.09652998195922366, 980: 0.09649950417611071, 990: 0.0965049722768697, 1000: 0.09647377232092927, 1010: 0.09646193832897589, 1020: 0.09644079070574225, 1030: 0.09643474319883794, 1040: 0.09644584830863487, 1050: 0.0964122557025812, 1060: 0.0963962889306892, 1070: 0.09640247734542609, 1080: 0.09636685994532983, 1090: 0.09635998975012193, 1100: 0.0963542511580753, 1110: 0.09634616978448593, 1120: 0.09633212340779332, 1130: 0.09632959729722995, 1140: 0.0963386680569549, 1150: 0.09631729723456199, 1160: 0.09632993645168983, 1170: 0.0963083829335416, 1180: 0.09632381460799144, 1190: 0.09632349367654255, 1200: 0.0962954287936223, 1210: 0.09630377420114378, 1220: 0.09630904397706175, 1230: 0.09629658415470993}",1200,0.0962954287936223,0.01,0.1,0.01
kin8nm,noisyFCN,32,0.01,0.0005,"{0: 0.445640096616982, 10: 0.1522925076721216, 20: 0.12488864788404319, 30: 0.11544022059455154, 40: 0.11129041551504364, 50: 0.10944770020359577, 60: 0.10824654931208681, 70: 0.10732917404491463, 80: 0.10645161585352117, 90: 0.10582964987157939, 100: 0.10516020018897501, 110: 0.10463944262205908, 120: 0.10441011454095943, 130: 0.1041577769735742, 140: 0.10380208600501599, 150: 0.10374820264050458, 160: 0.10345332600054646, 170: 0.10339094816892735, 180: 0.1033323436359324, 190: 0.10307283166525846, 200: 0.10302992625713192, 210: 0.10294862903021318, 220: 0.10287734904480392, 230: 0.10282077362908934, 240: 0.10263346011376881, 250: 0.10250407731511497, 260: 0.10249714943190802, 270: 0.10255780630736203, 280: 0.10238444923061056, 290: 0.10236952415110986, 300: 0.10225874788805592, 310: 0.10229470414601698, 320: 0.10220802285693362, 330: 0.10221126237855868, 340: 0.10211671312822534, 350: 0.10206389635031358, 360: 0.10202854954676517, 370: 0.10196836198788477, 380: 0.10194260524386403, 390: 0.10196576724751216, 400: 0.10187102392425448, 410: 0.1018706334672261, 420: 0.1018118913394174, 430: 0.1017597694716748, 440: 0.10166033771629435, 450: 0.10161773938128427, 460: 0.10156218594681558, 470: 0.10171673297006964, 480: 0.10174771044041568, 490: 0.10171841742080275}",460,0.10156218594681558,0.01,0.001,0.01
kin8nm,noisyFCN,32,0.01,0.0005,"{0: 0.43284353675122256, 10: 0.14685920862145876, 20: 0.12165698604820094, 30: 0.1135355288904556, 40: 0.11027177416823153, 50: 0.10891713083675728, 60: 0.10768411052773574, 70: 0.10664246652906, 80: 0.10594463842328661, 90: 0.1055352374855553, 100: 0.10513075806090791, 110: 0.1047142408659592, 120: 0.10463243842558419, 130: 0.10437287665873156, 140: 0.10419561026799887, 150: 0.10406810614411469, 160: 0.10402069626803927, 170: 0.10393000068663287, 180: 0.1037575119417707, 190: 0.10372770323787077, 200: 0.1034109726375931, 210: 0.10335746891873246, 220: 0.10327812223217299, 230: 0.1031812905525272, 240: 0.10338353226771357, 250: 0.10316025613076736, 260: 0.10295581726671572, 270: 0.10300556958870657, 280: 0.10282770065668101, 290: 0.1027735826521573, 300: 0.10272341625030357, 310: 0.10269993457014182, 320: 0.10258057462610573, 330: 0.10239381782994146, 340: 0.10238352172153968, 350: 0.10238867373282093, 360: 0.10234050875958364, 370: 0.1025338512520283, 380: 0.10240553004079991, 390: 0.1023437915986772}",360,0.10234050875958364,0.01,0.005,0.01
kin8nm,noisyFCN,32,0.01,0.0005,"{0: 0.438703008413689, 10: 0.15077688301723863, 20: 0.12426517833250006, 30: 0.11469940629315518, 40: 0.11085585081980273, 50: 0.10875863557673382, 60: 0.10728069832795617, 70: 0.10624993463176646, 80: 0.1054064076073579, 90: 0.1050369086828761, 100: 0.10447361204209452, 110: 0.10425471775230492, 120: 0.10386333791786669, 130: 0.1035976713393392, 140: 0.1034013109666756, 150: 0.10316665382201026, 160: 0.10298376562831842, 170: 0.1027522630112467, 180: 0.10277276305505186, 190: 0.10252633530060007, 200: 0.10242437531521224, 210: 0.10240196509025826, 220: 0.10237843045506183, 230: 0.10237678035234302, 240: 0.10228061910895789, 250: 0.1021874560892199, 260: 0.10211590955652872, 270: 0.10197236945000612, 280: 0.10206024529997566, 290: 0.1020474945447657, 300: 0.1020405313605438}",270,0.10197236945000612,0.01,0.01,0.01
kin8nm,noisyFCN,32,0.01,0.0005,"{0: 0.44398982972201484, 10: 0.14964565552860418, 20: 0.1241127981558541, 30: 0.11497233599647697, 40: 0.11125789975883438, 50: 0.10944520747574442, 60: 0.10802075144380811, 70: 0.10725937585185544, 80: 0.10643455478299794, 90: 0.10578934800553456, 100: 0.10517301500437419, 110: 0.10464612076645681, 120: 0.1044340564022915, 130: 0.10404580911326286, 140: 0.10399929510516386, 150: 0.10383720202876678, 160: 0.10370036671105058, 170: 0.10358171319492113, 180: 0.1036275820173945, 190: 0.10357918539251405, 200: 0.10352702118154378, 210: 0.10335091862521324, 220: 0.10332241537793545, 230: 0.10332858065384598, 240: 0.10317727853885386, 250: 0.10311973173692893, 260: 0.10314966541586243, 270: 0.10297744292355086, 280: 0.10299302811615949, 290: 0.10290150967622118, 300: 0.10290764172652045, 310: 0.10273297195841749, 320: 0.10278744521208853, 330: 0.102567430454759, 340: 0.10251638270789917, 350: 0.10242096360401773, 360: 0.10243231415293079, 370: 0.1024012638926652, 380: 0.10223700643316318, 390: 0.10240408542798755, 400: 0.1024347333661293, 410: 0.10237040129084433}",380,0.10223700643316318,0.01,0.05,0.01
kin8nm,noisyFCN,32,0.01,0.0005,"{0: 0.43525718385501777, 10: 0.14904939110569324, 20: 0.12328841576175183, 30: 0.11395916857283776, 40: 0.11038104703596097, 50: 0.1084867724440625, 60: 0.10740782758745104, 70: 0.10682965171793617, 80: 0.1060425118382899, 90: 0.10561966567762704, 100: 0.10519426081752022, 110: 0.10485837650783673, 120: 0.10471601689265167, 130: 0.10444089190453576, 140: 0.10418910770485261, 150: 0.10409730046709191, 160: 0.10377951090806885, 170: 0.10368929088362452, 180: 0.1037314185652557, 190: 0.10365877698430533, 200: 0.10331229692302535, 210: 0.10349606505745279, 220: 0.10336582989199576, 230: 0.10336799762193893}",200,0.10331229692302535,0.01,0.1,0.01
kin8nm,noisyFCN,32,0.01,0.001,"{0: 0.3661039518949783, 10: 0.13502653792835498, 20: 0.12003599037844374, 30: 0.11551693324081094, 40: 0.11347129115643417, 50: 0.11204708778112385, 60: 0.11103802684894329, 70: 0.10972443067022268, 80: 0.1093316136094314, 90: 0.10884147522239222, 100: 0.10845647114921782, 110: 0.10799699804259758, 120: 0.10750072374163282, 130: 0.10749852261823782, 140: 0.10759724616845268, 150: 0.10751959152638182, 160: 0.10734632131757556, 170: 0.10737587136935264, 180: 0.10701840490274042, 190: 0.10761026734008047, 200: 0.10721962733659869, 210: 0.10701627140188925, 220: 0.10702566994890046, 230: 0.10663485633820816, 240: 0.10673514360736616, 250: 0.10669785195541899, 260: 0.10669808354411572}",230,0.10663485633820816,0.01,0.001,0.01
kin8nm,noisyFCN,32,0.01,0.001,"{0: 0.357750558307413, 10: 0.13657397215493117, 20: 0.12053099418275459, 30: 0.11526456976792257, 40: 0.11356008691563686, 50: 0.11246906244271196, 60: 0.1113865278882737, 70: 0.11061102669650354, 80: 0.1098983755363057, 90: 0.10904731803763743, 100: 0.10892509252929847, 110: 0.10819021241776994, 120: 0.10792459737779872, 130: 0.10755330438777282, 140: 0.10737309723146568, 150: 0.10710766241642533, 160: 0.1066169651705939, 170: 0.10667764421324508, 180: 0.10661411335705877, 190: 0.1068274954914229, 200: 0.1061554914509528, 210: 0.10610375482758698, 220: 0.10581615933112962, 230: 0.10569472194371125, 240: 0.10592564428983912, 250: 0.1058832695227565, 260: 0.10585984696670896}",230,0.10569472194371125,0.01,0.005,0.01
kin8nm,noisyFCN,32,0.01,0.001,"{0: 0.355055335629323, 10: 0.13687499696165756, 20: 0.12009436311298338, 30: 0.11542734630995517, 40: 0.11319524447802583, 50: 0.11158581668689153, 60: 0.11107196293994645, 70: 0.11053074357277826, 80: 0.10995367990599277, 90: 0.10931614904676065, 100: 0.10916713644512847, 110: 0.10856034287148601, 120: 0.10839164368632007, 130: 0.10796778007051674, 140: 0.107707162905158, 150: 0.10716393070490968, 160: 0.10715629084040668, 170: 0.10695173733625343, 180: 0.10654429300047774, 190: 0.106216787155021, 200: 0.10621623504556513, 210: 0.1061581660819115, 220: 0.1061029544677721, 230: 0.10597714754825224, 240: 0.10606030384955636, 250: 0.10563280120460486, 260: 0.10552854594476195, 270: 0.1054966157082408, 280: 0.105532397597034, 290: 0.10542373197480262, 300: 0.10556037204300306, 310: 0.10545782283284362, 320: 0.10547891096251119}",290,0.10542373197480262,0.01,0.01,0.01
kin8nm,noisyFCN,32,0.01,0.001,"{0: 0.3617459637018657, 10: 0.13363493226221151, 20: 0.11890323067192488, 30: 0.11462824642948377, 40: 0.11276909815156315, 50: 0.1115509043159028, 60: 0.11051876761997552, 70: 0.10979379773149325, 80: 0.10927349797628076, 90: 0.10851645566336487, 100: 0.1083648957328341, 110: 0.10805651822079307, 120: 0.10745175524581504, 130: 0.1073341823069486, 140: 0.10719475993249897, 150: 0.10690065912311526, 160: 0.10696615580871853, 170: 0.10686916170061114, 180: 0.10655896328295981, 190: 0.106568473820529, 200: 0.10630529201931842, 210: 0.10637740135546354, 220: 0.10635706490574079, 230: 0.10640762296215774}",200,0.10630529201931842,0.01,0.05,0.01
kin8nm,noisyFCN,32,0.01,0.001,"{0: 0.35772182296576155, 10: 0.1367842257264551, 20: 0.12191945793639403, 30: 0.11694833966600626, 40: 0.11445632878151342, 50: 0.11256733678098277, 60: 0.11159506873419509, 70: 0.1109597762407086, 80: 0.11028256121825455, 90: 0.11003292805577988, 100: 0.1094592657249909, 110: 0.10930759437195807, 120: 0.10907707080172395, 130: 0.10888756124720747, 140: 0.10856543685717479, 150: 0.10823887186045042, 160: 0.1081758875694843, 170: 0.10782082803640525, 180: 0.1074947627338951, 190: 0.1071658096841579, 200: 0.10694089732247755, 210: 0.10675673104207602, 220: 0.1068421738402312, 230: 0.1068982600495145, 240: 0.10655742502830431, 250: 0.10658729029977683, 260: 0.10640994608318091, 270: 0.10695671046170314, 280: 0.10676634467378805, 290: 0.10667516952960576}",260,0.10640994608318091,0.01,0.1,0.01
kin8nm,noisyFCN,32,0.01,0.002,"{0: 0.28705655156038307, 10: 0.1413529578821453, 20: 0.12631030214236416, 30: 0.12131686419471048, 40: 0.11811162973131054, 50: 0.11564826235081341, 60: 0.11454312064472325, 70: 0.11350234807024555, 80: 0.1132890224146931, 90: 0.11239399934085223, 100: 0.1117455037472361, 110: 0.11115502818736149, 120: 0.11103599338580541, 130: 0.11058344055316807, 140: 0.11051575099034319, 150: 0.11069380636419726, 160: 0.11017024632655883, 170: 0.11014165825078222, 180: 0.11003959532924253, 190: 0.11059881886795841, 200: 0.11041632679568322, 210: 0.10993708928082516, 220: 0.10972882530764982, 230: 0.11000952826126668, 240: 0.1099479844653597, 250: 0.11037090174381495}",220,0.10972882530764982,0.01,0.001,0.01
kin8nm,noisyFCN,32,0.01,0.002,"{0: 0.2973267739592139, 10: 0.13993361999882029, 20: 0.12636837768459144, 30: 0.12184695320663182, 40: 0.1186937180360377, 50: 0.11720243564982344, 60: 0.11620776454971367, 70: 0.11475056937613408, 80: 0.11444702069148063, 90: 0.11454107464446135, 100: 0.11401125350931811, 110: 0.11316433358318323, 120: 0.11319999788279826, 130: 0.11276114339169345, 140: 0.11222452484927672, 150: 0.11233767054007641, 160: 0.11207386187393853, 170: 0.11181319491946554, 180: 0.11191833526523909, 190: 0.11172281935626145, 200: 0.11156299004603662, 210: 0.11142237019455341, 220: 0.11169373609538749, 230: 0.11146495278558663, 240: 0.11151883764098114}",210,0.11142237019455341,0.01,0.005,0.01
kin8nm,noisyFCN,32,0.01,0.002,"{0: 0.30090306244042336, 10: 0.1396022360277007, 20: 0.12501149575566828, 30: 0.11897759317763998, 40: 0.11580233630029908, 50: 0.11395811581623294, 60: 0.11333267982119313, 70: 0.11282407378396017, 80: 0.11216679597646984, 90: 0.11175596610236145, 100: 0.11111452559393901, 110: 0.11049613875676237, 120: 0.11060233897045506, 130: 0.11041568757567592, 140: 0.11007593555642706, 150: 0.11045904359409098, 160: 0.10994051949999573, 170: 0.10993596115850765, 180: 0.10988033991699223, 190: 0.11034843945689121, 200: 0.10983736780426587, 210: 0.11007484749765677, 220: 0.10970928845033405, 230: 0.1100911204229599, 240: 0.10985705594135506, 250: 0.11038679458296156}",220,0.10970928845033405,0.01,0.01,0.01
kin8nm,noisyFCN,32,0.01,0.002,"{0: 0.2920429808081993, 10: 0.143789669866874, 20: 0.1320679026656457, 30: 0.12640150641492798, 40: 0.12236276489960529, 50: 0.12043494858127726, 60: 0.11890539608484381, 70: 0.11774789333582285, 80: 0.11753811827157479, 90: 0.11623253657435088, 100: 0.1165280699672481, 110: 0.11584425716809443, 120: 0.11529878639884061, 130: 0.1148497082740838, 140: 0.11417188421801669, 150: 0.11454711734231678, 160: 0.11395477193082133, 170: 0.11377251081561046, 180: 0.11380104342348325, 190: 0.1136128848840839, 200: 0.11341976994440764, 210: 0.11306520920014158, 220: 0.11261640756585153, 230: 0.11348595445857064, 240: 0.11282138656480911, 250: 0.11251918790744105, 260: 0.11313898844370998, 270: 0.11303207238854644, 280: 0.11296524349859742}",250,0.11251918790744105,0.01,0.05,0.01
kin8nm,noisyFCN,32,0.01,0.002,"{0: 0.2840834783991567, 10: 0.14019540521031343, 20: 0.12711275222517132, 30: 0.12167195713432903, 40: 0.11901933117524877, 50: 0.1167414691569409, 60: 0.11531453547103639, 70: 0.11405262452904794, 80: 0.11371705120200608, 90: 0.11344462129042272, 100: 0.11351493556758518, 110: 0.11339114053555288, 120: 0.11294929236543771, 130: 0.11212496490536886, 140: 0.11233256680035639, 150: 0.11287177309458003, 160: 0.11258954824094052}",130,0.11212496490536886,0.01,0.1,0.01
kin8nm,noisyFCN,32,0.001,0.0001,"{0: 0.7102579452852995, 10: 0.2957074966022541, 20: 0.19927833580662782, 30: 0.15907896680105676, 40: 0.13718805206207157, 50: 0.122947189121311, 60: 0.11284977631126587, 70: 0.10560493818655028, 80: 0.10029260011916549, 90: 0.09612747525443258, 100: 0.09289996791087811, 110: 0.09033171107591859, 120: 0.08824334762005212, 130: 0.0866063254995009, 140: 0.0852292378053046, 150: 0.08412496220984586, 160: 0.08310071565415021, 170: 0.08215691162497891, 180: 0.08136676025269432, 190: 0.08074412155916794, 200: 0.08015560080863864, 210: 0.07967661711080845, 220: 0.0791835163101362, 230: 0.0787154117955863, 240: 0.07836479519644671, 250: 0.07806194974295869, 260: 0.07776235382380736, 270: 0.07753112800523751, 280: 0.07722036312591851, 290: 0.07703389816191139, 300: 0.07685215145296576, 310: 0.07671250666283022, 320: 0.07661632838608974, 330: 0.07644480313270222, 340: 0.07636154300932295, 350: 0.07623962977301975, 360: 0.07615163814129931, 370: 0.07609321986781986, 380: 0.07590243130726315, 390: 0.07589363756070958, 400: 0.07589017469313657, 410: 0.07577009868392871, 420: 0.07571726566524535, 430: 0.07565203496599152, 440: 0.07556628198687146, 450: 0.07551088683759608, 460: 0.07546287514594678, 470: 0.07542258747965933, 480: 0.07541192606978761, 490: 0.07535847810422187, 500: 0.07535891918744933, 510: 0.07529241265001577, 520: 0.07528938002961305, 530: 0.07526945893624186, 540: 0.07524051979444188, 550: 0.07525421731738358, 560: 0.07518717068045382, 570: 0.0752210751748974, 580: 0.0751959786614275, 590: 0.07519043978222567}",560,0.07518717068045382,0.01,0.001,0.01
kin8nm,noisyFCN,32,0.001,0.0001,"{0: 0.6963423141710322, 10: 0.2879539005088153, 20: 0.19476915488157878, 30: 0.15639918381891132, 40: 0.1350686679837011, 50: 0.12116443437021288, 60: 0.11141802332208392, 70: 0.10436792365059651, 80: 0.09916559066697309, 90: 0.0952535266286175, 100: 0.09217805867576799, 110: 0.08982918684169429, 120: 0.08799250953054984, 130: 0.08649224902960885, 140: 0.08531445094217463, 150: 0.08425672262691156, 160: 0.08343101084562211, 170: 0.08267291882007144, 180: 0.08205417063494264, 190: 0.0814493456095862, 200: 0.08100506557460788, 210: 0.08060911819035033, 220: 0.08037343995777471, 230: 0.08010014368208376, 240: 0.07980951821487493, 250: 0.07952968071512465, 260: 0.0792912162424665, 270: 0.07910357005222231, 280: 0.07894141684034162, 290: 0.07866980742583689, 300: 0.0784907950389078, 310: 0.0783266301892814, 320: 0.07815561832759496, 330: 0.07801965600791624, 340: 0.07786684177344128, 350: 0.07771538612698752, 360: 0.07759445866534313, 370: 0.07739683669398527, 380: 0.07731595302670632, 390: 0.0772055823503297, 400: 0.07710276099051902, 410: 0.07699082223312012, 420: 0.07686568611195775, 430: 0.07676843555325324, 440: 0.07676051329002652, 450: 0.07661048160362957, 460: 0.07666203613818426, 470: 0.07658743427170553, 480: 0.07657166205510874, 490: 0.07656861131483035, 500: 0.07650035572620592, 510: 0.07648961899596422, 520: 0.07649798135718618, 530: 0.07646300271715775, 540: 0.07646813680296098, 550: 0.07642991638647145, 560: 0.07645344459720073, 570: 0.07642183370828581, 580: 0.07643638191436028, 590: 0.07644963088519599, 600: 0.07639935613622015, 610: 0.0763848113647722, 620: 0.07638970800828912, 630: 0.0763308656867093, 640: 0.07623570242098598, 650: 0.07639853340164462, 660: 0.0763536274209108, 670: 0.07639399576720549}",640,0.07623570242098598,0.01,0.005,0.01
kin8nm,noisyFCN,32,0.001,0.0001,"{0: 0.6774473451423376, 10: 0.28677686587473994, 20: 0.186794783158914, 30: 0.15055135764691058, 40: 0.13075906430710266, 50: 0.11789837641685282, 60: 0.10887470145830062, 70: 0.10246529928714698, 80: 0.0978961624896363, 90: 0.09437004417754707, 100: 0.09168668812780206, 110: 0.08957909269342423, 120: 0.0879307013651216, 130: 0.08653522184430473, 140: 0.08539504155884076, 150: 0.0844516882193239, 160: 0.08358325674309264, 170: 0.08289450394756112, 180: 0.08220353701777025, 190: 0.08162545574654552, 200: 0.08109787537096809, 210: 0.080745177343804, 220: 0.08040774233301592, 230: 0.08012229252352125, 240: 0.07975999738434725, 250: 0.0794464082951001, 260: 0.0792228664230655, 270: 0.07897446372550393, 280: 0.078808912425438, 290: 0.07859482003785215, 300: 0.07847414948949563, 310: 0.07828455175750855, 320: 0.07804860486840971, 330: 0.07789259914695132, 340: 0.07773185224111726, 350: 0.07753206013508614, 360: 0.07740768254919403, 370: 0.07729063925817074, 380: 0.0772123804241274, 390: 0.07713388581081285, 400: 0.0770520132256646, 410: 0.0768993763723953, 420: 0.07684880141989438, 430: 0.07677189346716995, 440: 0.07668296778944021, 450: 0.07655730452378222, 460: 0.07652339372789256, 470: 0.07642709391736868, 480: 0.07638190648403827, 490: 0.07634807476171175, 500: 0.07636179717672824, 510: 0.0762435189946062, 520: 0.07617840418290922, 530: 0.07609382182283689, 540: 0.07607354147471103, 550: 0.07602575263779743, 560: 0.07592189137956537, 570: 0.07587155036586382, 580: 0.07589290097045742, 590: 0.07581283549849144, 600: 0.07575676746001073, 610: 0.07571070916479869, 620: 0.07566354077973494, 630: 0.07566704754600076, 640: 0.07560018068779048, 650: 0.07558169294992108, 660: 0.07548541815981953, 670: 0.0755637025531551, 680: 0.07554284296150554, 690: 0.07557834506982501}",660,0.07548541815981953,0.01,0.01,0.01
kin8nm,noisyFCN,32,0.001,0.0001,"{0: 0.6952972416145836, 10: 0.27510637251101255, 20: 0.18649544374152355, 30: 0.15265977923498458, 40: 0.13269008791695494, 50: 0.11923201199271061, 60: 0.10985848281648858, 70: 0.10324997572761888, 80: 0.09853719225412072, 90: 0.09502978405252688, 100: 0.0923504694876838, 110: 0.09002958751762472, 120: 0.08830536305079076, 130: 0.08692329572047629, 140: 0.08566200968224578, 150: 0.08462846563208101, 160: 0.0837746124123867, 170: 0.08295316939146738, 180: 0.0822728309757362, 190: 0.08161624966413521, 200: 0.08109528541210592, 210: 0.0805213842977014, 220: 0.08005889665725709, 230: 0.07962484351893896, 240: 0.07926002559309994, 250: 0.07885716557037598, 260: 0.07857276252641605, 270: 0.07826425059654256, 280: 0.07802033765855335, 290: 0.07776971938247697, 300: 0.07759636441485138, 310: 0.07740079893777765, 320: 0.07719767425988155, 330: 0.07696840916734231, 340: 0.07685501631757666, 350: 0.07664662886434095, 360: 0.07648910244964564, 370: 0.07637443938194577, 380: 0.07623609473085027, 390: 0.0761556490278132, 400: 0.07595230513754316, 410: 0.07582779774096197, 420: 0.0756762497766369, 430: 0.07558766747936693, 440: 0.07549469929740946, 450: 0.07539535657198528, 460: 0.07531889984112333, 470: 0.07514772451673277, 480: 0.07502796595537345, 490: 0.07495505700898329, 500: 0.07487401872674179, 510: 0.07478846627646303, 520: 0.07467649757648474, 530: 0.07460003469562036, 540: 0.07453171809472629, 550: 0.07449907011127264, 560: 0.0744058469753676, 570: 0.07438375556033264, 580: 0.07432301055407906, 590: 0.07427842158279298, 600: 0.07424568493337566, 610: 0.07423999147342546, 620: 0.07418984684001635, 630: 0.07418396980014888, 640: 0.07414378748955769, 650: 0.07414302809454734, 660: 0.07408503162009772, 670: 0.07409244443651838, 680: 0.07403616093107404, 690: 0.07399701644206631, 700: 0.07395198674985345, 710: 0.07391048811724502, 720: 0.07390041638121787, 730: 0.07399306376667084, 740: 0.07388984721017168, 750: 0.07388032679055331, 760: 0.07386170691506375, 770: 0.07384581624790101, 780: 0.07388522513444823, 790: 0.07389547009222404, 800: 0.07385275470450399}",770,0.07384581624790101,0.01,0.05,0.01
kin8nm,noisyFCN,32,0.001,0.0001,"{0: 0.6815350058244369, 10: 0.2830895767458411, 20: 0.18922134760093987, 30: 0.15416869448997086, 40: 0.13392911109855263, 50: 0.1206464555880997, 60: 0.11135865099349247, 70: 0.10453702186962337, 80: 0.0993872468469712, 90: 0.09551234497672642, 100: 0.0925955614924369, 110: 0.0902240698838059, 120: 0.08831616214020167, 130: 0.08670083214594274, 140: 0.08535914070498149, 150: 0.08420657767447334, 160: 0.08324248450143741, 170: 0.08238820866673234, 180: 0.08165494515246201, 190: 0.08100374802450053, 200: 0.0804980157920199, 210: 0.08000565499057327, 220: 0.07960704383677397, 230: 0.07924957963903125, 240: 0.07888250260197978, 250: 0.07857696048201786, 260: 0.07828138653036823, 270: 0.07799763020425984, 280: 0.07773413975649245, 290: 0.07746744775212319, 300: 0.07724112529704708, 310: 0.07699590298968116, 320: 0.07682450112892057, 330: 0.07662440624537602, 340: 0.0764940340526146, 350: 0.07638562675649405, 360: 0.07627168549325956, 370: 0.07621937187034569, 380: 0.07605335575158166, 390: 0.07599527338983095, 400: 0.07593571329530294, 410: 0.07588805442962285, 420: 0.07579380736288747, 430: 0.07574568117309415, 440: 0.07569338723500889, 450: 0.07556759249996418, 460: 0.0755893121949118, 470: 0.07550569189154124, 480: 0.0754881881523003, 490: 0.075394916509497, 500: 0.07533923366136, 510: 0.07530733204437563, 520: 0.0752292140625561, 530: 0.07517511877482273, 540: 0.0751377747080513, 550: 0.07508149181210895, 560: 0.07504737902239865, 570: 0.07503598593579347, 580: 0.07492057397503929, 590: 0.0749556334890388, 600: 0.07492672736500203, 610: 0.07492778168551167}",580,0.07492057397503929,0.01,0.1,0.01
kin8nm,noisyFCN,32,0.001,0.0005,"{0: 0.4194283105443494, 10: 0.1246173507977105, 20: 0.09720310366487554, 30: 0.0894770144135517, 40: 0.08615614612919623, 50: 0.08435573190419954, 60: 0.08300993097775002, 70: 0.08229043057179726, 80: 0.0816812091448476, 90: 0.08145203486231485, 100: 0.08120304406745174, 110: 0.080678983131569, 120: 0.0808484821910667, 130: 0.08041640596136422, 140: 0.08061052279313577, 150: 0.0804298723438371, 160: 0.08064997746885483}",130,0.08041640596136422,0.01,0.001,0.01
kin8nm,noisyFCN,32,0.001,0.0005,"{0: 0.4244581594709815, 10: 0.12138418137657399, 20: 0.09522218309043565, 30: 0.08775195993786875, 40: 0.08421064339638583, 50: 0.08226952238850405, 60: 0.08106451540010055, 70: 0.0803210204810831, 80: 0.07946600238454567, 90: 0.07893678484064577, 100: 0.07860484584478362, 110: 0.07817155579375196, 120: 0.07802594864382009, 130: 0.07774931403046892, 140: 0.07738552052246872, 150: 0.07759907818116803, 160: 0.07764707069658178, 170: 0.07709674818904132, 180: 0.0770603989073344, 190: 0.07678017526915502, 200: 0.07657596897361126, 210: 0.07658937498348133, 220: 0.0764451864097476, 230: 0.0765085752384748, 240: 0.076547535686838, 250: 0.07642411365191007, 260: 0.07653878431559531, 270: 0.07651735104583972, 280: 0.07657441278037706}",250,0.07642411365191007,0.01,0.005,0.01
kin8nm,noisyFCN,32,0.001,0.0005,"{0: 0.4344076734085928, 10: 0.12128988745312112, 20: 0.09664469116097271, 30: 0.08898114055949383, 40: 0.0856262016788641, 50: 0.08380609411735482, 60: 0.08269111608407813, 70: 0.08198655057962927, 80: 0.0813749529532311, 90: 0.08113503788959428, 100: 0.08085153360611633, 110: 0.0805585101646388, 120: 0.08087073511460457, 130: 0.08070093087366853, 140: 0.08054049414804534, 150: 0.08020891261037534, 160: 0.08008911358123964, 170: 0.08007135158208022, 180: 0.0798598499141165, 190: 0.07965284863631947, 200: 0.07955005364888652, 210: 0.0795016243898687, 220: 0.07928409025040688, 230: 0.07943927174730381, 240: 0.0796241668784597, 250: 0.07953068187420922}",220,0.07928409025040688,0.01,0.01,0.01
kin8nm,noisyFCN,32,0.001,0.0005,"{0: 0.437073711630431, 10: 0.1234289237771401, 20: 0.09686807712790967, 30: 0.08860815742094885, 40: 0.08518922430063705, 50: 0.08354384585224767, 60: 0.08248819332959437, 70: 0.0818380578177698, 80: 0.08120343833624159, 90: 0.08052619610812359, 100: 0.0804963840320968, 110: 0.08011371346342443, 120: 0.0795087180756042, 130: 0.07941226663391951, 140: 0.0793773256531091, 150: 0.07915662553309513, 160: 0.0788626025184103, 170: 0.0789522849830355, 180: 0.07869990504192981, 190: 0.07867324615835032, 200: 0.07866638189819856, 210: 0.07853543677837685, 220: 0.07851783482796512, 230: 0.07837518705515029, 240: 0.07831944059613036, 250: 0.07822673077529095, 260: 0.07840395340600177, 270: 0.07800256947954337, 280: 0.07779237955259415, 290: 0.07818321112943745, 300: 0.07815018977750476, 310: 0.07818078794230272}",280,0.07779237955259415,0.01,0.05,0.01
kin8nm,noisyFCN,32,0.001,0.0005,"{0: 0.4526929121681773, 10: 0.12561293039468546, 20: 0.09649032737294772, 30: 0.08818195942375684, 40: 0.08450685632109045, 50: 0.08224990881260831, 60: 0.08093288745581813, 70: 0.07994687997566731, 80: 0.07932049208164038, 90: 0.0788698380262748, 100: 0.07862639381727671, 110: 0.07859398567745643, 120: 0.0786005959968643, 130: 0.0779175702880346, 140: 0.07825053750176202, 150: 0.07759245683506921, 160: 0.07772270269234821, 170: 0.07753140087660348, 180: 0.07731587586917635, 190: 0.07708510269513284, 200: 0.07734829963354276, 210: 0.07713563122355158, 220: 0.07704179675267127, 230: 0.07736639864563628, 240: 0.07734704198975535, 250: 0.07732334469035947}",220,0.07704179675267127,0.01,0.1,0.01
kin8nm,noisyFCN,32,0.001,0.001,"{0: 0.3473386724856816, 10: 0.10330614504942784, 20: 0.09153005437132196, 30: 0.08780880790541956, 40: 0.08510718048454069, 50: 0.08331882139479685, 60: 0.08246354360856664, 70: 0.08186707239269045, 80: 0.0814608403751894, 90: 0.0809780881683173, 100: 0.08038424495605945, 110: 0.08019320794126952, 120: 0.0795040138674569, 130: 0.0797296412178213, 140: 0.079750068228548, 150: 0.07953263289721355}",120,0.0795040138674569,0.01,0.001,0.01
kin8nm,noisyFCN,32,0.001,0.001,"{0: 0.3341997489104318, 10: 0.10615954322177037, 20: 0.09346017874492162, 30: 0.08953836931331546, 40: 0.08896219648104595, 50: 0.08865449223031285, 60: 0.08741968368836817, 70: 0.08698129223344016, 80: 0.0857629052975692, 90: 0.08428601960777306, 100: 0.08343171613995387, 110: 0.0829621539044477, 120: 0.08196481980463176, 130: 0.08164401153130357, 140: 0.08119834558983827, 150: 0.08101193513637088, 160: 0.08066312730184977, 170: 0.0804793311646567, 180: 0.08007646659629293, 190: 0.07999182944992858, 200: 0.07967350659572461, 210: 0.0793596355238845, 220: 0.0796880067692789, 230: 0.07970997238411874, 240: 0.07938746318973436}",210,0.0793596355238845,0.01,0.005,0.01
kin8nm,noisyFCN,32,0.001,0.001,"{0: 0.3434263532042018, 10: 0.10287185103634089, 20: 0.09096630544410397, 30: 0.08670985979638043, 40: 0.08443025977412044, 50: 0.08387667652389269, 60: 0.08285623701868486, 70: 0.08282027934222116, 80: 0.08234499245399447, 90: 0.08263642820030614, 100: 0.08202784890932027, 110: 0.08097726261519236, 120: 0.07993727383916098, 130: 0.07928722338937451, 140: 0.07953874453997947, 150: 0.07918381642575761, 160: 0.07904398109496039, 170: 0.07853581369149991, 180: 0.07863525694940965, 190: 0.07878578932246848, 200: 0.07834550832537142, 210: 0.07810345892885094, 220: 0.078394660130849, 230: 0.0789133778052186, 240: 0.07849914010406202}",210,0.07810345892885094,0.01,0.01,0.01
kin8nm,noisyFCN,32,0.001,0.001,"{0: 0.34638915020185335, 10: 0.10491609930929136, 20: 0.09171540271821063, 30: 0.08888029436910898, 40: 0.08716029955310509, 50: 0.08603623312599198, 60: 0.08458535762447031, 70: 0.08309538037917916, 80: 0.08245597536538982, 90: 0.08194354443746224, 100: 0.08161530617758206, 110: 0.08125347148008082, 120: 0.08103440985036121, 130: 0.08104783046179183, 140: 0.0810352551233211, 150: 0.08105579257914988}",120,0.08103440985036121,0.01,0.05,0.01
kin8nm,noisyFCN,32,0.001,0.001,"{0: 0.35136997392567526, 10: 0.10207465247662986, 20: 0.09018776635030802, 30: 0.08651259189995068, 40: 0.08578067904016265, 50: 0.08482430002540904, 60: 0.08330785420699957, 70: 0.08234708560985951, 80: 0.08150184049625987, 90: 0.080822583441417, 100: 0.08062463550317332, 110: 0.07975661060856679, 120: 0.07958279157568007, 130: 0.07945386023590031, 140: 0.07968239991141803, 150: 0.07949419321089235, 160: 0.07963546949667599}",130,0.07945386023590031,0.01,0.1,0.01
kin8nm,noisyFCN,32,0.001,0.002,"{0: 0.2631179531218589, 10: 0.1068942979039691, 20: 0.0980072015571909, 30: 0.09238222704860573, 40: 0.08797964958574743, 50: 0.08445571189137872, 60: 0.08369564984210054, 70: 0.08316296024577333, 80: 0.0838449713673112, 90: 0.08350497061870929, 100: 0.08349206897614374}",70,0.08316296024577333,0.01,0.001,0.01
kin8nm,noisyFCN,32,0.001,0.002,"{0: 0.2707225816625583, 10: 0.10136240792525852, 20: 0.09304691538996875, 30: 0.0894232401932944, 40: 0.08697553700228933, 50: 0.0866212352983671, 60: 0.08530154256797798, 70: 0.08323380274626005, 80: 0.08297562990473724, 90: 0.08315176544179263, 100: 0.08312463584575489, 110: 0.08292897933602622, 120: 0.08282471962928155, 130: 0.08276875597570174, 140: 0.08207878449268756, 150: 0.082442791990354, 160: 0.08257069088168825, 170: 0.0824368476415672}",140,0.08207878449268756,0.01,0.005,0.01
kin8nm,noisyFCN,32,0.001,0.002,"{0: 0.262127953529925, 10: 0.10405820350190975, 20: 0.09561898676840411, 30: 0.09263295163110843, 40: 0.0900360637025999, 50: 0.08727318620426985, 60: 0.08496616088707723, 70: 0.08362800782894861, 80: 0.08324521648197054, 90: 0.0838752358356428, 100: 0.08516126628219586, 110: 0.08307521228930918, 120: 0.08267786907187562, 130: 0.08278480125232351, 140: 0.08240821609325254, 150: 0.08213667444794932, 160: 0.08251518310569508, 170: 0.08169747274836776, 180: 0.08147892200299747, 190: 0.08152394844640128, 200: 0.08226136077316334, 210: 0.08136141394794172, 220: 0.08122154297078452, 230: 0.08084328433450508, 240: 0.08048724023021162, 250: 0.08108340472862582, 260: 0.0807552146921443, 270: 0.08010436800287132, 280: 0.07973918131491756, 290: 0.08087954129636854, 300: 0.08041967465745185, 310: 0.08029162675942784}",280,0.07973918131491756,0.01,0.01,0.01
kin8nm,noisyFCN,32,0.001,0.002,"{0: 0.2702970333219129, 10: 0.10057318289815065, 20: 0.09470297883011197, 30: 0.09297960550992149, 40: 0.09076649287297162, 50: 0.09024544672170201, 60: 0.08826335645688774, 70: 0.08666891327812576, 80: 0.08538509807157613, 90: 0.08451198341280881, 100: 0.08302212277861479, 110: 0.0827155226528613, 120: 0.08319933409323416, 130: 0.08383088482125325, 140: 0.08193751080050385, 150: 0.08175354490891304, 160: 0.08253783754976164, 170: 0.08184813320656531, 180: 0.08117170559905548, 190: 0.08177789925819191, 200: 0.0817527944888474, 210: 0.08120119801969602}",180,0.08117170559905548,0.01,0.05,0.01
kin8nm,noisyFCN,32,0.001,0.002,"{0: 0.25973486027969983, 10: 0.1040786245105914, 20: 0.09583578365973577, 30: 0.09222153674656877, 40: 0.09104275507746376, 50: 0.08925596394488211, 60: 0.08782966735168343, 70: 0.08533328379324957, 80: 0.08376663677437123, 90: 0.08387123265659555, 100: 0.08231653719065088, 110: 0.08220327169694026, 120: 0.08228598488137942, 130: 0.0822777272156001, 140: 0.08151640203878555, 150: 0.08222811271285971, 160: 0.0822803641124155, 170: 0.08214256649787106}",140,0.08151640203878555,0.01,0.1,0.01
kin8nm,noisyFCN,32,0.0001,0.0001,"{0: 0.7043938192372515, 10: 0.2877264906039252, 20: 0.192751158210964, 30: 0.15670164112667212, 40: 0.13554459129058166, 50: 0.12135244711913813, 60: 0.11137306297152202, 70: 0.10441330025690616, 80: 0.09939865807428791, 90: 0.09570904602588175, 100: 0.09285957618488526, 110: 0.09064410500488919, 120: 0.08893884886424222, 130: 0.0875172281316485, 140: 0.08641449758342204, 150: 0.08554899338217108, 160: 0.0848491856710754, 170: 0.08424113085412419, 180: 0.08372001801192895, 190: 0.08317336680791557, 200: 0.08278004811337221, 210: 0.08247475766339671, 220: 0.08220039294369853, 230: 0.08195298724457153, 240: 0.08171534553151376, 250: 0.08151257021470008, 260: 0.08126314738379244, 270: 0.0810575217054906, 280: 0.0809111128946286, 290: 0.08081038045041625, 300: 0.08071475322487162, 310: 0.080611130467362, 320: 0.08059561305501398, 330: 0.08050540598970976, 340: 0.08041695838352053, 350: 0.08029672387543027, 360: 0.08024619879043347, 370: 0.08012858205028303, 380: 0.08009400354412269, 390: 0.0800204888261177, 400: 0.08002705597623488, 410: 0.08009586561023666, 420: 0.08001240160287011, 430: 0.0800507608535065, 440: 0.08006945238711509, 450: 0.080083965857848}",420,0.08001240160287011,0.01,0.001,0.01
kin8nm,noisyFCN,32,0.0001,0.0001,"{0: 0.7094051135899891, 10: 0.2723885288577625, 20: 0.18007071162663107, 30: 0.14548203057340986, 40: 0.12629917194665619, 50: 0.11403925505392268, 60: 0.10528578449547339, 70: 0.09900876630691949, 80: 0.09479805551094023, 90: 0.09165431932012522, 100: 0.08933407826104689, 110: 0.08754698187033504, 120: 0.08615047544172408, 130: 0.08509010064765782, 140: 0.08419056715083166, 150: 0.08347809772633794, 160: 0.08283322627351013, 170: 0.08225197917844355, 180: 0.08177274830932238, 190: 0.08130907440693678, 200: 0.08098422666721486, 210: 0.0807688919622179, 220: 0.0804457133323968, 230: 0.080267873695717, 240: 0.08004613404173935, 250: 0.07989334692842243, 260: 0.07985313368490654, 270: 0.07970868827396335, 280: 0.07958756738516456, 290: 0.07945415310477363, 300: 0.0794374146345832, 310: 0.07929126433467862, 320: 0.07929658351789315, 330: 0.07919195839431106, 340: 0.07918223508189581, 350: 0.07910363196214157, 360: 0.0790695467907901, 370: 0.07912256248913727, 380: 0.0790212646975364, 390: 0.07905739796333812, 400: 0.07901702556270522, 410: 0.07905783025791555, 420: 0.07906705800093247, 430: 0.07904176846741186}",400,0.07901702556270522,0.01,0.005,0.01
kin8nm,noisyFCN,32,0.0001,0.0001,"{0: 0.709540474655665, 10: 0.2755419367807067, 20: 0.19100327161353264, 30: 0.15448897613842089, 40: 0.1327005746184663, 50: 0.1182322766219086, 60: 0.10865961688656538, 70: 0.10213129025905528, 80: 0.09736965061548912, 90: 0.09394267294049953, 100: 0.09138086944898668, 110: 0.08937371483843819, 120: 0.08772616299027719, 130: 0.08639480151300916, 140: 0.08538209864303473, 150: 0.08454082723396623, 160: 0.08375633091902343, 170: 0.0832570613250843, 180: 0.08279804525618531, 190: 0.08244750237745901, 200: 0.08205707362329998, 210: 0.08171568670413737, 220: 0.08147520875098412, 230: 0.08117363154375543, 240: 0.080935752963091, 250: 0.08066776263701411, 260: 0.08047901853115322, 270: 0.0803495660932764, 280: 0.080274343259922, 290: 0.08007909916453622, 300: 0.07998118308099349, 310: 0.0799097220005283, 320: 0.0798446827655008, 330: 0.07976802301287055, 340: 0.07975390641088043, 350: 0.07971709405297618, 360: 0.0796760625601932, 370: 0.07967085201873407, 380: 0.0795654168808534, 390: 0.07950533677761712, 400: 0.07943594902722594, 410: 0.07943403814149072, 420: 0.07933542928397723, 430: 0.07934435563083045, 440: 0.07930721567935481, 450: 0.07935696628350965, 460: 0.07935279784158722, 470: 0.07936974618571835}",440,0.07930721567935481,0.01,0.01,0.01
kin8nm,noisyFCN,32,0.0001,0.0001,"{0: 0.6963355633754804, 10: 0.2801370730137693, 20: 0.19038208336127924, 30: 0.15399919774577597, 40: 0.1331654788345105, 50: 0.11935315995112536, 60: 0.11001568823077394, 70: 0.10351373094016689, 80: 0.09892257638781769, 90: 0.09557854863360235, 100: 0.09303522980246275, 110: 0.09102393281392582, 120: 0.08944582803217596, 130: 0.0881341939206087, 140: 0.08701662433442017, 150: 0.08612136808309351, 160: 0.08531113503027046, 170: 0.08467382124485481, 180: 0.08414460009491748, 190: 0.08363255419701036, 200: 0.08328995907965861, 210: 0.08300439499636984, 220: 0.08268910367475024, 230: 0.0823432922929798, 240: 0.08216685272821306, 250: 0.08200567120907588, 260: 0.08189912106559578, 270: 0.08178753591753538, 280: 0.08166514588558335, 290: 0.08156290921594969, 300: 0.08143017347660265, 310: 0.08130703761381051, 320: 0.08116455785805085, 330: 0.08121988340866948, 340: 0.08121698964887533, 350: 0.08112001736414196, 360: 0.08117680622309568, 370: 0.08118521417198138, 380: 0.08120309244458898}",350,0.08112001736414196,0.01,0.05,0.01
kin8nm,noisyFCN,32,0.0001,0.0001,"{0: 0.697309241587253, 10: 0.2868450342695322, 20: 0.18852479824861385, 30: 0.15189676614462125, 40: 0.13132662803952058, 50: 0.11795331185483104, 60: 0.10878566686573035, 70: 0.1023143036480518, 80: 0.09762301030330743, 90: 0.09423984529393303, 100: 0.09169175525655573, 110: 0.08971055953830218, 120: 0.08812289683422585, 130: 0.08675695717013021, 140: 0.08565827923833602, 150: 0.08475483461761642, 160: 0.0839734488821694, 170: 0.08330376510712513, 180: 0.0827326279186715, 190: 0.08220514251355879, 200: 0.08176864265284974, 210: 0.0813723591809598, 220: 0.08101034570646196, 230: 0.08070931927985844, 240: 0.08045789306719162, 250: 0.08015126510247068, 260: 0.07995910230876244, 270: 0.07981177343370618, 280: 0.07963717680158278, 290: 0.07947329268552801, 300: 0.07936520394596396, 310: 0.07923291791693746, 320: 0.07917160740201427, 330: 0.0791050732960963, 340: 0.07904288587461175, 350: 0.07895951211696295, 360: 0.07893018232359286, 370: 0.07887589875888913, 380: 0.07884438380754592, 390: 0.07882913399077052, 400: 0.07883326593939077, 410: 0.07879696995724708, 420: 0.0787939146583583, 430: 0.07880366631970584, 440: 0.0787924549314115, 450: 0.07889434153977534, 460: 0.07893476349185756, 470: 0.07895787153387021}",440,0.0787924549314115,0.01,0.1,0.01
kin8nm,noisyFCN,32,0.0001,0.0005,"{0: 0.4142896753514626, 10: 0.12163198588444582, 20: 0.0973200767446061, 30: 0.08948423358095559, 40: 0.08640291442702963, 50: 0.08508600294475813, 60: 0.08428547613400866, 70: 0.08414914679803648, 80: 0.08378681340632246, 90: 0.08402554723559488, 100: 0.08357986074341003, 110: 0.08410897651181758, 120: 0.08386155485638166, 130: 0.084214691328949}",100,0.08357986074341003,0.01,0.001,0.01
kin8nm,noisyFCN,32,0.0001,0.0005,"{0: 0.4244082717222112, 10: 0.12129754701601851, 20: 0.09664556265952169, 30: 0.08967236203358808, 40: 0.08650976045152846, 50: 0.08513971697370963, 60: 0.08441047466016036, 70: 0.0839890689898331, 80: 0.0838569393071388, 90: 0.08410333847004339, 100: 0.08379602571659231, 110: 0.08416982074865968, 120: 0.08456405110257012, 130: 0.08453049168727755}",100,0.08379602571659231,0.01,0.005,0.01
kin8nm,noisyFCN,32,0.0001,0.0005,"{0: 0.4321387053630364, 10: 0.11899965983279322, 20: 0.09642726885694469, 30: 0.08939813793492497, 40: 0.08638919246535756, 50: 0.08524392932467229, 60: 0.08417257080710797, 70: 0.08360289636847941, 80: 0.08370718698933026, 90: 0.08341774418105247, 100: 0.08353193625839087, 110: 0.08384158614985134, 120: 0.08413843646458045}",90,0.08341774418105247,0.01,0.01,0.01
kin8nm,noisyFCN,32,0.0001,0.0005,"{0: 0.4337795930842042, 10: 0.12598354121039526, 20: 0.0981813175380728, 30: 0.090736279612689, 40: 0.08784067864988523, 50: 0.08699777922071453, 60: 0.08608967039630593, 70: 0.08606196815979804, 80: 0.08592028905767184, 90: 0.08624876127645056, 100: 0.08650462220217642, 110: 0.08679875551939145}",80,0.08592028905767184,0.01,0.05,0.01
kin8nm,noisyFCN,32,0.0001,0.0005,"{0: 0.43733115197290723, 10: 0.12563665030392915, 20: 0.0980228267529338, 30: 0.09144293298420954, 40: 0.08894845813333023, 50: 0.08751633845664505, 60: 0.08715840537162786, 70: 0.08592348153532427, 80: 0.0861893788371079, 90: 0.08643039503605722, 100: 0.08680827860712556}",70,0.08592348153532427,0.01,0.1,0.01
kin8nm,noisyFCN,32,0.0001,0.001,"{0: 0.33950175581479075, 10: 0.10456285537031577, 20: 0.0940012100660835, 30: 0.09105388162439458, 40: 0.0910047789862554, 50: 0.09131880846454249, 60: 0.09142967241435805, 70: 0.0907386729180868, 80: 0.0914250998133487, 90: 0.09103564019521192, 100: 0.09119530676138887}",70,0.0907386729180868,0.01,0.001,0.01
kin8nm,noisyFCN,32,0.0001,0.001,"{0: 0.3400471496355123, 10: 0.10216041789208044, 20: 0.0907964598704056, 30: 0.08754096192609058, 40: 0.08694616862535219, 50: 0.08662890839825287, 60: 0.08645758370972986, 70: 0.08830306276810142, 80: 0.08878423980513078, 90: 0.08889699882302016}",60,0.08645758370972986,0.01,0.005,0.01
kin8nm,noisyFCN,32,0.0001,0.001,"{0: 0.32125699151678855, 10: 0.1042005343978291, 20: 0.09133815124952568, 30: 0.08864323817811147, 40: 0.0876975642574767, 50: 0.08824819914493776, 60: 0.08864922217788078, 70: 0.08778544654667128}",40,0.0876975642574767,0.01,0.01,0.01
kin8nm,noisyFCN,32,0.0001,0.001,"{0: 0.3358371398432438, 10: 0.10088587692135151, 20: 0.0898019496888536, 30: 0.08655969232288682, 40: 0.08598669761712249, 50: 0.08652849952092322, 60: 0.08699741020952692, 70: 0.08722537552711679}",40,0.08598669761712249,0.01,0.05,0.01
kin8nm,noisyFCN,32,0.0001,0.001,"{0: 0.34913869488006827, 10: 0.1062306027685177, 20: 0.0975119643044661, 30: 0.09269483012561677, 40: 0.09161389289928071, 50: 0.08939244984379266, 60: 0.08683098571928868, 70: 0.08649242938362917, 80: 0.0861331826200821, 90: 0.08637375388726962, 100: 0.08649681380080032, 110: 0.0870427019911155}",80,0.0861331826200821,0.01,0.1,0.01
kin8nm,noisyFCN,32,0.0001,0.002,"{0: 0.26887044992102255, 10: 0.10014071272940812, 20: 0.09115120911569954, 30: 0.09012357057927485, 40: 0.09269172532555311, 50: 0.08964462896074958, 60: 0.08830165661455436, 70: 0.08779146149123133, 80: 0.08954339323321868, 90: 0.09146845015489688, 100: 0.09068879558404311}",70,0.08779146149123133,0.01,0.001,0.01
kin8nm,noisyFCN,32,0.0001,0.002,"{0: 0.2677832928702998, 10: 0.1053925723853331, 20: 0.1007750317958028, 30: 0.09213700232558428, 40: 0.08907373422533879, 50: 0.08754139315959591, 60: 0.0876252679332252, 70: 0.08857377582797873, 80: 0.09135735536953873}",50,0.08754139315959591,0.01,0.005,0.01
kin8nm,noisyFCN,32,0.0001,0.002,"{0: 0.270158785654194, 10: 0.09847745201207382, 20: 0.08962172690825196, 30: 0.08674944069092942, 40: 0.086503998810291, 50: 0.08446153444103037, 60: 0.08526667534682049, 70: 0.08649892344928285, 80: 0.08718144860389618}",50,0.08446153444103037,0.01,0.01,0.01
kin8nm,noisyFCN,32,0.0001,0.002,"{0: 0.26123073412243103, 10: 0.09763804382272137, 20: 0.09075706103862428, 30: 0.08864868475903098, 40: 0.08877305567054498, 50: 0.08806415916240151, 60: 0.09009499247284022, 70: 0.09102579231229681, 80: 0.09387317209328741}",50,0.08806415916240151,0.01,0.05,0.01
kin8nm,noisyFCN,32,0.0001,0.002,"{0: 0.2747622424301064, 10: 0.09507336567898386, 20: 0.08876451444524183, 30: 0.08740563404635766, 40: 0.08496920600741982, 50: 0.08537937711466129, 60: 0.08545765553108253, 70: 0.08787269533229997}",40,0.08496920600741982,0.01,0.1,0.01
kin8nm,noisyFCN,32,1e-05,0.0001,"{0: 0.6971858341035183, 10: 0.28299348853150247, 20: 0.19432430417526472, 30: 0.15670545121491414, 40: 0.13449521870526568, 50: 0.11964127426809038, 60: 0.10953747580162287, 70: 0.10247569716121233, 80: 0.09753603365444187, 90: 0.09407571706829476, 100: 0.09156636443939646, 110: 0.08966553513000304, 120: 0.08815089689157925, 130: 0.08698149767516412, 140: 0.08617516818973174, 150: 0.0854906143456422, 160: 0.08499017054085348, 170: 0.08439132108215279, 180: 0.08413941702228497, 190: 0.08373192927433648, 200: 0.0834850299577459, 210: 0.08333825156118846, 220: 0.08303580955154623, 230: 0.083034910753835, 240: 0.08293144025045848, 250: 0.08278081535558475, 260: 0.08262004166188425, 270: 0.08259848288947609, 280: 0.08256601411366823, 290: 0.08244987361905613, 300: 0.08255193163500404, 310: 0.08254680168623851, 320: 0.08263666544973744}",290,0.08244987361905613,0.01,0.001,0.01
kin8nm,noisyFCN,32,1e-05,0.0001,"{0: 0.7025568121319237, 10: 0.28734478227578164, 20: 0.19154034001010423, 30: 0.15320715397707246, 40: 0.13159713309821003, 50: 0.11750267155031993, 60: 0.10814103793558845, 70: 0.10174359134007464, 80: 0.09720227703032427, 90: 0.09386841751436512, 100: 0.09125400506236811, 110: 0.08930745098604748, 120: 0.08764985096781483, 130: 0.08644170631111751, 140: 0.08535092068315209, 150: 0.08450970428477414, 160: 0.08378756496296161, 170: 0.08326043049461282, 180: 0.08277562784436172, 190: 0.08244240143927026, 200: 0.08212698473170175, 210: 0.08189661759552394, 220: 0.08168290261975085, 230: 0.08152056680645652, 240: 0.08143698583414308, 250: 0.08130821316090317, 260: 0.08125584718160923, 270: 0.08113329140962226, 280: 0.0810801411712623, 290: 0.08103363834482927, 300: 0.08109055602675658, 310: 0.08104674568707988, 320: 0.0810368353541384}",290,0.08103363834482927,0.01,0.005,0.01
kin8nm,noisyFCN,32,1e-05,0.0001,"{0: 0.6945099507186077, 10: 0.2801118070574932, 20: 0.19022453894525132, 30: 0.153271575097921, 40: 0.1322436069730221, 50: 0.11860270535212865, 60: 0.10933207681582699, 70: 0.10289380376843489, 80: 0.0983372375389375, 90: 0.09490341520242777, 100: 0.09225646463403918, 110: 0.09016801409713018, 120: 0.08858011904656105, 130: 0.08727593214580305, 140: 0.08635260959491288, 150: 0.08551119586762257, 160: 0.08478948718668575, 170: 0.08417891932343612, 180: 0.083660046754088, 190: 0.08319245932639156, 200: 0.0827357418399263, 210: 0.08235169270120948, 220: 0.0820264574324691, 230: 0.08169733655780806, 240: 0.08141583236263336, 250: 0.08115126394542715, 260: 0.08108270580178678, 270: 0.0807914456455315, 280: 0.08069904339063032, 290: 0.08066879059806711, 300: 0.08051230711537302, 310: 0.08045361459762448, 320: 0.08038092410759436, 330: 0.08030545458391514, 340: 0.08029204296346, 350: 0.08019889002668057, 360: 0.08018218645276314, 370: 0.08003604965275563, 380: 0.08017471750168018, 390: 0.08007596120186852, 400: 0.08004920910095645}",370,0.08003604965275563,0.01,0.01,0.01
kin8nm,noisyFCN,32,1e-05,0.0001,"{0: 0.7009900647539211, 10: 0.2826632689826009, 20: 0.19072534609522637, 30: 0.15327455602231962, 40: 0.13233516044763532, 50: 0.11866837578424412, 60: 0.10939727230979579, 70: 0.10291910255276011, 80: 0.09826896335386241, 90: 0.09488681953932093, 100: 0.09250618680671366, 110: 0.09060062081625507, 120: 0.08916334126319632, 130: 0.08795254795302482, 140: 0.08697537780182175, 150: 0.08608608656898793, 160: 0.08520867013905539, 170: 0.08456638258522435, 180: 0.08400265835938489, 190: 0.08346788088100858, 200: 0.08301067529648422, 210: 0.08257066440918681, 220: 0.08220554930031927, 230: 0.08197030525211899, 240: 0.08173670304819902, 250: 0.08147310399437493, 260: 0.08136447972222507, 270: 0.08116744479726645, 280: 0.08115090774582137, 290: 0.0809848564324028, 300: 0.08092299887069979, 310: 0.08085889433420188, 320: 0.08078298621344321, 330: 0.08069088304641532, 340: 0.08068141974602079, 350: 0.0806139566006723, 360: 0.08065247385287576, 370: 0.08059267623495496, 380: 0.08057667251412577, 390: 0.08058031988851422, 400: 0.08057879667538365, 410: 0.08060395948267599}",380,0.08057667251412577,0.01,0.05,0.01
kin8nm,noisyFCN,32,1e-05,0.0001,"{0: 0.6880317264195963, 10: 0.29076785835394836, 20: 0.19229516219885856, 30: 0.1539951193127472, 40: 0.13299529962359175, 50: 0.11968492161520076, 60: 0.11066728311234555, 70: 0.10431011405158246, 80: 0.09977264430697477, 90: 0.09661633023861153, 100: 0.09411488383083316, 110: 0.09216236711297358, 120: 0.09063597165624634, 130: 0.08919655021056651, 140: 0.08804465844563227, 150: 0.08720254432034677, 160: 0.08648999111446054, 170: 0.0857488013255229, 180: 0.08506799710493734, 190: 0.08454467262117897, 200: 0.08408011069440628, 210: 0.08364131214241899, 220: 0.08335146064518578, 230: 0.08305194790767215, 240: 0.08276409733272952, 250: 0.08264511381289742, 260: 0.0824423971094557, 270: 0.08227893389722707, 280: 0.0821600427803874, 290: 0.08203644776652004, 300: 0.08191062074348993, 310: 0.08182879133968493, 320: 0.08176516835637734, 330: 0.08173052720765753, 340: 0.08168757617888775, 350: 0.08163665047618049, 360: 0.08162407542036598, 370: 0.08164267151396025, 380: 0.08161259233419091, 390: 0.08160232339676257, 400: 0.08167227620390453, 410: 0.08163604618685383, 420: 0.08167168443469419}",390,0.08160232339676257,0.01,0.1,0.01
kin8nm,noisyFCN,32,1e-05,0.0005,"{0: 0.42490852536737067, 10: 0.12257917322182106, 20: 0.09564056147163735, 30: 0.0880959773098817, 40: 0.08519055817928087, 50: 0.08432310988267251, 60: 0.08343399051772225, 70: 0.08382931131772443, 80: 0.08414091162453967, 90: 0.08477236155608453}",60,0.08343399051772225,0.01,0.001,0.01
kin8nm,noisyFCN,32,1e-05,0.0005,"{0: 0.4211343921693452, 10: 0.12207280748860654, 20: 0.09648434760152443, 30: 0.09023540379084605, 40: 0.08819319171658749, 50: 0.08666642344740111, 60: 0.0865188149297169, 70: 0.08669389730728663, 80: 0.08647387328879791, 90: 0.08654334125709384, 100: 0.0866650056075281, 110: 0.08691027616135141}",80,0.08647387328879791,0.01,0.005,0.01
kin8nm,noisyFCN,32,1e-05,0.0005,"{0: 0.43352114193525876, 10: 0.1239563085577787, 20: 0.09835048297274193, 30: 0.09051800908687266, 40: 0.08753319434134295, 50: 0.08618081719609376, 60: 0.08537522019993377, 70: 0.08572896416557003, 80: 0.08631727770816248, 90: 0.08707653343501734}",60,0.08537522019993377,0.01,0.01,0.01
kin8nm,noisyFCN,32,1e-05,0.0005,"{0: 0.4344128033000646, 10: 0.12027700850147283, 20: 0.0951220660067784, 30: 0.08819766067427301, 40: 0.08516971395493564, 50: 0.08350284549729435, 60: 0.08294133090834284, 70: 0.0827793303068545, 80: 0.08322998754047854, 90: 0.08349934306055505, 100: 0.08424483556588266}",70,0.0827793303068545,0.01,0.05,0.01
kin8nm,noisyFCN,32,1e-05,0.0005,"{0: 0.42607567595921625, 10: 0.12405573743914847, 20: 0.09878790447579347, 30: 0.09135431048326118, 40: 0.08805084096158614, 50: 0.08641629366014787, 60: 0.08553847442228037, 70: 0.0853524125609127, 80: 0.08535715982872094, 90: 0.08543666893610148, 100: 0.08558495732592138}",70,0.0853524125609127,0.01,0.1,0.01
kin8nm,noisyFCN,32,1e-05,0.001,"{0: 0.34306292012945305, 10: 0.09874360587648938, 20: 0.08942156183683611, 30: 0.0882688836596887, 40: 0.08623078923250085, 50: 0.0865621618808047, 60: 0.08794146979687074, 70: 0.08966686423688097}",40,0.08623078923250085,0.01,0.001,0.01
kin8nm,noisyFCN,32,1e-05,0.001,"{0: 0.33244398915969176, 10: 0.09797997037937567, 20: 0.08818706081177516, 30: 0.08558107822488976, 40: 0.08593559224239541, 50: 0.08770344373317528, 60: 0.08714535134264331}",30,0.08558107822488976,0.01,0.005,0.01
kin8nm,noisyFCN,32,1e-05,0.001,"{0: 0.3403183634837942, 10: 0.10266683922903508, 20: 0.09607047926242045, 30: 0.09362048554615764, 40: 0.09150461333983398, 50: 0.09109674086427945, 60: 0.09171669317173449, 70: 0.09146450737592061, 80: 0.08927993967229142, 90: 0.0889604816087846, 100: 0.08869800676623099, 110: 0.08816114149353486, 120: 0.08908650633853969, 130: 0.09190911887736229, 140: 0.09436642762135702}",110,0.08816114149353486,0.01,0.01,0.01
kin8nm,noisyFCN,32,1e-05,0.001,"{0: 0.34341347732181876, 10: 0.10158811225802669, 20: 0.09349153720613994, 30: 0.09173190931613448, 40: 0.09050439403972418, 50: 0.0918854674766161, 60: 0.09302795700686423, 70: 0.09271535562820866}",40,0.09050439403972418,0.01,0.05,0.01
kin8nm,noisyFCN,32,1e-05,0.001,"{0: 0.3482561120675499, 10: 0.10286352643337085, 20: 0.09203002153162959, 30: 0.0887089922602047, 40: 0.08808597678521726, 50: 0.087643131052103, 60: 0.088341730195719, 70: 0.08954826563807912, 80: 0.09063925749643223}",50,0.087643131052103,0.01,0.1,0.01
kin8nm,noisyFCN,32,1e-05,0.002,"{0: 0.2641766491886068, 10: 0.09834976964522832, 20: 0.09315971651502337, 30: 0.09541377701826584, 40: 0.09121359807176461, 50: 0.09004941453264775, 60: 0.09096680626783074, 70: 0.0937068904280099, 80: 0.09989427636559207}",50,0.09004941453264775,0.01,0.001,0.01
kin8nm,noisyFCN,32,1e-05,0.002,"{0: 0.26693734094239985, 10: 0.09643679944517893, 20: 0.09359850825503663, 30: 0.09590343052392492, 40: 0.09615575125582218, 50: 0.09387433762704026}",20,0.09359850825503663,0.01,0.005,0.01
kin8nm,noisyFCN,32,1e-05,0.002,"{0: 0.26502671802366196, 10: 0.09707007588435372, 20: 0.09328162748371085, 30: 0.09461713586096707, 40: 0.09393267016833591, 50: 0.08980317239818521, 60: 0.09190388065360959, 70: 0.0933827295469417, 80: 0.09871932983034024}",50,0.08980317239818521,0.01,0.01,0.01
kin8nm,noisyFCN,32,1e-05,0.002,"{0: 0.25888111921233314, 10: 0.09807848880329141, 20: 0.08943008660054559, 30: 0.08902451998102759, 40: 0.08887197757544119, 50: 0.0912562776802315, 60: 0.09214549398478084, 70: 0.08929637633243978}",40,0.08887197757544119,0.01,0.05,0.01
kin8nm,noisyFCN,32,1e-05,0.002,"{0: 0.26830972555900956, 10: 0.09993348491476212, 20: 0.09000066591945988, 30: 0.09105181154350965, 40: 0.0882211543548008, 50: 0.08928678934269832, 60: 0.08974880943641388, 70: 0.09030510755001976}",40,0.0882211543548008,0.01,0.1,0.01
kin8nm,noisyFCN,32,1e-09,0.0001,"{0: 0.6833815594518237, 10: 0.29092030965637256, 20: 0.19354853442388037, 30: 0.1550218872882983, 40: 0.1332178844998323, 50: 0.11889508748516653, 60: 0.10914608708401159, 70: 0.10231547080975094, 80: 0.0972541500211547, 90: 0.09353215040935986, 100: 0.09073715694297395, 110: 0.08856316974339037, 120: 0.086794270271597, 130: 0.08542826502932874, 140: 0.08437311491538577, 150: 0.08349504174070828, 160: 0.08281768468689588, 170: 0.08217106141141797, 180: 0.08175752110782539, 190: 0.08127618153828284, 200: 0.0809379006639529, 210: 0.0805816608913631, 220: 0.08038600652640177, 230: 0.08005123899672123, 240: 0.07989036368996608, 250: 0.07978608577389155, 260: 0.07969243651176759, 270: 0.07959638264368538, 280: 0.07954243867459022, 290: 0.07943739926160093, 300: 0.07950034427787789, 310: 0.07933360730987034, 320: 0.0794365467973013, 330: 0.07945095696748364, 340: 0.07955729902589728}",310,0.07933360730987034,0.01,0.001,0.01
kin8nm,noisyFCN,32,1e-09,0.0001,"{0: 0.6934032505325403, 10: 0.29388021485906685, 20: 0.19338894364842385, 30: 0.15487786532084527, 40: 0.13354652896462998, 50: 0.11963317862686537, 60: 0.11010411274932315, 70: 0.10328217079085893, 80: 0.09845035348831888, 90: 0.0948727371973954, 100: 0.09226565957395981, 110: 0.090251290308791, 120: 0.08871328346697668, 130: 0.08747633506917714, 140: 0.08653260837571272, 150: 0.08561121878125803, 160: 0.0849483264828926, 170: 0.08430584280245615, 180: 0.0837451250855588, 190: 0.08338820070592279, 200: 0.08304275057055788, 210: 0.08277298007642384, 220: 0.08242116909892538, 230: 0.08220990891766107, 240: 0.08200194870564534, 250: 0.08183144308021159, 260: 0.08167648713219136, 270: 0.08164882054918424, 280: 0.08151089011031905, 290: 0.08144904772775159, 300: 0.0814578223888756, 310: 0.08144486279577387, 320: 0.08139864198169253, 330: 0.08142819730121895, 340: 0.08150601197914246, 350: 0.08148440429228467}",320,0.08139864198169253,0.01,0.005,0.01
kin8nm,noisyFCN,32,1e-09,0.0001,"{0: 0.6979029544869435, 10: 0.28319675506211145, 20: 0.184256612348988, 30: 0.1478722848177009, 40: 0.12760514365363507, 50: 0.11436923744978482, 60: 0.10528412321933478, 70: 0.09903199556214637, 80: 0.09454107940176168, 90: 0.09127660817764742, 100: 0.08892819975673104, 110: 0.08719034911140652, 120: 0.08587716060104357, 130: 0.08481087797490372, 140: 0.0839592082332343, 150: 0.08334332115851154, 160: 0.08276741891139756, 170: 0.08238266260504346, 180: 0.08194485239315873, 190: 0.08154631069511888, 200: 0.0812230063535903, 210: 0.08094820040952785, 220: 0.08066017097832592, 230: 0.0805259502073787, 240: 0.08042707325693647, 250: 0.08034191013890055, 260: 0.08028616975701061, 270: 0.08019799849933491, 280: 0.0802382214084075, 290: 0.08018323086768332, 300: 0.0802043598918, 310: 0.08026767153521845, 320: 0.08022031415367951}",290,0.08018323086768332,0.01,0.01,0.01
kin8nm,noisyFCN,32,1e-09,0.0001,"{0: 0.6922495904775436, 10: 0.27625695587794413, 20: 0.1868050049248559, 30: 0.15144873698512884, 40: 0.13122090053381974, 50: 0.117901514971902, 60: 0.10865644519991688, 70: 0.10204784223478905, 80: 0.09740549030694176, 90: 0.09387915974072245, 100: 0.09116038295699506, 110: 0.08921357340582955, 120: 0.08747693558366182, 130: 0.08635370178370845, 140: 0.08533296318707083, 150: 0.0843313427454937, 160: 0.08369276321935012, 170: 0.08305253010785829, 180: 0.08245588250104195, 190: 0.08197044243661958, 200: 0.08154801475138493, 210: 0.08113518094543312, 220: 0.08082149569059852, 230: 0.08057747941709666, 240: 0.08036136688379043, 250: 0.08027047310294146, 260: 0.08005142584899304, 270: 0.0799134035959283, 280: 0.0798540751646926, 290: 0.079745921249114, 300: 0.07965850072926717, 310: 0.07942740915374888, 320: 0.07933247225179511, 330: 0.07926672071181094, 340: 0.07917498820217235, 350: 0.07913184073348672, 360: 0.07913365329648052, 370: 0.0791192960899938, 380: 0.07910698278901489, 390: 0.07909930731769607, 400: 0.07906573852048178, 410: 0.07909407333141623, 420: 0.07913194207016783, 430: 0.07916507148563019}",400,0.07906573852048178,0.01,0.05,0.01
kin8nm,noisyFCN,32,1e-09,0.0001,"{0: 0.6958183084788325, 10: 0.28822349894755206, 20: 0.19467276445951626, 30: 0.15719171257866976, 40: 0.13598275195858084, 50: 0.1221553127827526, 60: 0.1123699674366622, 70: 0.1054121405963437, 80: 0.10048363230430843, 90: 0.09686145669043279, 100: 0.09412847873485605, 110: 0.09201829821256072, 120: 0.09032840797077035, 130: 0.08904449742100354, 140: 0.08803235638538913, 150: 0.08726767765798979, 160: 0.0865315130301071, 170: 0.08590353510921464, 180: 0.08542339603286131, 190: 0.08499573597796073, 200: 0.08465675368369119, 210: 0.08442426377410826, 220: 0.08421865562564419, 230: 0.08407610197066177, 240: 0.08392296805647854, 250: 0.08378503204104373, 260: 0.08369564722381848, 270: 0.08360740695786843, 280: 0.08344312842229076, 290: 0.08341654973170397, 300: 0.08328692556022586, 310: 0.08322327762909595, 320: 0.08315726707673939, 330: 0.08309755398614808, 340: 0.08305312394092819, 350: 0.08298579011551983, 360: 0.08291415051629762, 370: 0.08292632247433673, 380: 0.08297714416443396, 390: 0.08300727408424109}",360,0.08291415051629762,0.01,0.1,0.01
kin8nm,noisyFCN,32,1e-09,0.0005,"{0: 0.4316369535353254, 10: 0.12078942559326519, 20: 0.09492926099648924, 30: 0.08740048069793709, 40: 0.0838288345050297, 50: 0.08258641009198682, 60: 0.08199883796123386, 70: 0.08154019810185462, 80: 0.08154962804166314, 90: 0.0813816069822042, 100: 0.08150992541567331, 110: 0.08182953467792949, 120: 0.08276560413093229}",90,0.0813816069822042,0.01,0.001,0.01
kin8nm,noisyFCN,32,1e-09,0.0005,"{0: 0.4368042469976161, 10: 0.12170735913993931, 20: 0.09663419736733428, 30: 0.08925448363940577, 40: 0.08710182070659234, 50: 0.08628260910389893, 60: 0.08611072007380557, 70: 0.08597168017228034, 80: 0.08613762568984225, 90: 0.08653972609067061, 100: 0.08729622382667322}",70,0.08597168017228034,0.01,0.005,0.01
kin8nm,noisyFCN,32,1e-09,0.0005,"{0: 0.4318781021532427, 10: 0.1236452948632281, 20: 0.09607471474347416, 30: 0.08920521257276512, 40: 0.08610435846730609, 50: 0.08461474361148921, 60: 0.08408245629601943, 70: 0.08381707672401847, 80: 0.08357428842197863, 90: 0.08358272275210167, 100: 0.0841081046481654, 110: 0.08419134567946712}",80,0.08357428842197863,0.01,0.01,0.01
kin8nm,noisyFCN,32,1e-09,0.0005,"{0: 0.43789208521153533, 10: 0.12419686891888856, 20: 0.0993059306680688, 30: 0.09250003273407018, 40: 0.08888346910172225, 50: 0.08709211075308317, 60: 0.08556365612406133, 70: 0.08542895673422853, 80: 0.08554407197208277, 90: 0.08532682523824278, 100: 0.08526434338265779, 110: 0.08565331121099905, 120: 0.08598492668600055, 130: 0.08608922523971349}",100,0.08526434338265779,0.01,0.05,0.01
kin8nm,noisyFCN,32,1e-09,0.0005,"{0: 0.42249572075250896, 10: 0.1247774180283566, 20: 0.09828017940814181, 30: 0.09087837893944076, 40: 0.08850763493342877, 50: 0.08724455553951499, 60: 0.08657067488993168, 70: 0.08657158319230203, 80: 0.08675231792339477, 90: 0.08672780479325756}",60,0.08657067488993168,0.01,0.1,0.01
kin8nm,noisyFCN,32,1e-09,0.001,"{0: 0.3351051475911039, 10: 0.10260185692504006, 20: 0.09241695556680204, 30: 0.090986464083846, 40: 0.09010258022978093, 50: 0.09075762439997309, 60: 0.0928631573224604, 70: 0.08713126094291537, 80: 0.08961872570886267, 90: 0.09097215018572952, 100: 0.09114525425218657}",70,0.08713126094291537,0.01,0.001,0.01
kin8nm,noisyFCN,32,1e-09,0.001,"{0: 0.35597676639163567, 10: 0.10635053014068555, 20: 0.09436831024334266, 30: 0.09220608681672712, 40: 0.09252279931288653, 50: 0.09133204922818325, 60: 0.08944161951442468, 70: 0.0874119272214168, 80: 0.08808303490885079, 90: 0.08970760433365779, 100: 0.0916688591765066}",70,0.0874119272214168,0.01,0.005,0.01
kin8nm,noisyFCN,32,1e-09,0.001,"{0: 0.33366823555644504, 10: 0.10147430182003063, 20: 0.09233117464982636, 30: 0.08999920934172857, 40: 0.08985368795436574, 50: 0.0898798024227208, 60: 0.08913821340245136, 70: 0.09072933263605358, 80: 0.09131251006914169, 90: 0.09331047464194714}",60,0.08913821340245136,0.01,0.01,0.01
kin8nm,noisyFCN,32,1e-09,0.001,"{0: 0.3476443766930116, 10: 0.10398584628875848, 20: 0.09271836765277039, 30: 0.09102772347995264, 40: 0.09205882830078042, 50: 0.09260777043013595, 60: 0.09167992866119412}",30,0.09102772347995264,0.01,0.05,0.01
kin8nm,noisyFCN,32,1e-09,0.001,"{0: 0.3321285759935292, 10: 0.10546356054161592, 20: 0.09415331377516872, 30: 0.09206992522567417, 40: 0.09050146481051055, 50: 0.08949564927154754, 60: 0.08931313768252286, 70: 0.09005489527415982, 80: 0.09121372079938403, 90: 0.09181544030332736}",60,0.08931313768252286,0.01,0.1,0.01
kin8nm,noisyFCN,32,1e-09,0.002,"{0: 0.26908115242183517, 10: 0.0980685463273129, 20: 0.09281024044597991, 30: 0.09068319192005408, 40: 0.0878768201005129, 50: 0.08931825151087765, 60: 0.0916885184034065, 70: 0.09666170402230854}",40,0.0878768201005129,0.01,0.001,0.01
kin8nm,noisyFCN,32,1e-09,0.002,"{0: 0.2646343391360738, 10: 0.09695287033484382, 20: 0.09312698892501595, 30: 0.09117624842078298, 40: 0.08697870371269305, 50: 0.08787308356654601, 60: 0.09144739963550474, 70: 0.0928844415643321}",40,0.08697870371269305,0.01,0.005,0.01
kin8nm,noisyFCN,32,1e-09,0.002,"{0: 0.25919024878551544, 10: 0.09992264510838485, 20: 0.09433702505564426, 30: 0.09251856267910187, 40: 0.09149762330712445, 50: 0.09099389170891782, 60: 0.09203884523745358, 70: 0.09467639489638859, 80: 0.09572310526699454}",50,0.09099389170891782,0.01,0.01,0.01
kin8nm,noisyFCN,32,1e-09,0.002,"{0: 0.2692222287295238, 10: 0.09867286767688178, 20: 0.09364956213776224, 30: 0.09309362465190611, 40: 0.08951208452036616, 50: 0.088643484653162, 60: 0.09020353429869794, 70: 0.09190617308349518, 80: 0.09224260569546294}",50,0.088643484653162,0.01,0.05,0.01
kin8nm,noisyFCN,32,1e-09,0.002,"{0: 0.2727881667611568, 10: 0.0978250179826006, 20: 0.09506893095271743, 30: 0.0965610554113813, 40: 0.09622547196252909, 50: 0.0976560015348118}",20,0.09506893095271743,0.01,0.1,0.01
