dataset_name,model_name,batch_size,weight_decay,learning_rate,epoch2loss,best_epoch,best_loss,fix_noiselevel,init_noiselevel,dropout_prob
power-plant,dropoutFCN,32,0.1,0.0001,"{0: 0.17646050467214475, 10: 0.0779660977580407, 20: 0.07933222898367565, 30: 0.08191882619829446, 40: 0.08218109684125076}",10,0.0779660977580407,0.01,0.01,0.2
power-plant,dropoutFCN,32,0.1,0.0001,"{0: 0.17251372352924985, 10: 0.07735192948775987, 20: 0.07843960716470684, 30: 0.08040390135029818, 40: 0.08143274225498633}",10,0.07735192948775987,0.01,0.01,0.1
power-plant,dropoutFCN,32,0.1,0.0001,"{0: 0.1576871384591752, 10: 0.07423187666587154, 20: 0.07717574843271054, 30: 0.0795353863248174, 40: 0.08045352667347147}",10,0.07423187666587154,0.01,0.01,0.05
power-plant,dropoutFCN,32,0.1,0.0001,"{0: 0.18609022762685493, 10: 0.07293023666606371, 20: 0.07648208648484714, 30: 0.078863297768096, 40: 0.07984659795632114}",10,0.07293023666606371,0.01,0.01,0.01
power-plant,dropoutFCN,32,0.1,0.0001,"{0: 0.15664024688515593, 10: 0.07526736200301358, 20: 0.0765741842560211, 30: 0.07881707359566123, 40: 0.07983518138782009}",10,0.07526736200301358,0.01,0.01,0.005
power-plant,dropoutFCN,32,0.1,0.0001,"{0: 0.173856532548136, 10: 0.07442805557305521, 20: 0.07671497733540542, 30: 0.07893871594777803, 40: 0.07985227151804161}",10,0.07442805557305521,0.01,0.01,0.001
power-plant,dropoutFCN,32,0.1,0.0005,"{0: 0.0835229184532024, 10: 0.08406548003937794, 20: 0.0847254182802657, 30: 0.08282638684042748, 40: 0.0839093068056447, 50: 0.08361483381612175, 60: 0.08373702235019402}",30,0.08282638684042748,0.01,0.01,0.2
power-plant,dropoutFCN,32,0.1,0.0005,"{0: 0.08244870597377232, 10: 0.08220647627145988, 20: 0.08195660088693635, 30: 0.08201727893213213, 40: 0.08203313514682121, 50: 0.08320366397897817}",20,0.08195660088693635,0.01,0.01,0.1
power-plant,dropoutFCN,32,0.1,0.0005,"{0: 0.07939308613619786, 10: 0.0817825779929047, 20: 0.08162516984647439, 30: 0.08201810643023524}",0,0.07939308613619786,0.01,0.01,0.05
power-plant,dropoutFCN,32,0.1,0.0005,"{0: 0.0789378601400959, 10: 0.08088708379798357, 20: 0.08086508937233637, 30: 0.08099816927323104}",0,0.0789378601400959,0.01,0.01,0.01
power-plant,dropoutFCN,32,0.1,0.0005,"{0: 0.07640297971582684, 10: 0.08083286397532738, 20: 0.08114583758428742, 30: 0.0809165037044337}",0,0.07640297971582684,0.01,0.01,0.005
power-plant,dropoutFCN,32,0.1,0.0005,"{0: 0.07877191243907954, 10: 0.0807718277315381, 20: 0.08085931513653866, 30: 0.08078458426446142}",0,0.07877191243907954,0.01,0.01,0.001
power-plant,dropoutFCN,32,0.1,0.001,"{0: 0.0828647960118087, 10: 0.08460977665945421, 20: 0.08366100044445565, 30: 0.08516294501527359}",0,0.0828647960118087,0.01,0.01,0.2
power-plant,dropoutFCN,32,0.1,0.001,"{0: 0.0807587985379385, 10: 0.08173232711758752, 20: 0.08272009346892184, 30: 0.08328907083760984}",0,0.0807587985379385,0.01,0.01,0.1
power-plant,dropoutFCN,32,0.1,0.001,"{0: 0.07635674441786156, 10: 0.0831666788320597, 20: 0.08210189866239388, 30: 0.08225307683712958}",0,0.07635674441786156,0.01,0.01,0.05
power-plant,dropoutFCN,32,0.1,0.001,"{0: 0.07669382969921072, 10: 0.0818700158499549, 20: 0.08188085840254325, 30: 0.08152054011133378}",0,0.07669382969921072,0.01,0.01,0.01
power-plant,dropoutFCN,32,0.1,0.001,"{0: 0.07709061274226939, 10: 0.08155384791584949, 20: 0.08163682408901304, 30: 0.08142182653350498}",0,0.07709061274226939,0.01,0.01,0.005
power-plant,dropoutFCN,32,0.1,0.001,"{0: 0.07508760594949207, 10: 0.08123534839051319, 20: 0.08122412862222111, 30: 0.08112030417191894}",0,0.07508760594949207,0.01,0.01,0.001
power-plant,dropoutFCN,32,0.1,0.002,"{0: 0.08671109101149976, 10: 0.0850579859083267, 20: 0.08656068062741434, 30: 0.08665310107354966, 40: 0.08753875295551557}",10,0.0850579859083267,0.01,0.01,0.2
power-plant,dropoutFCN,32,0.1,0.002,"{0: 0.0839183730004663, 10: 0.08652685576337127, 20: 0.08495857684476295, 30: 0.08542354150440894}",0,0.0839183730004663,0.01,0.01,0.1
power-plant,dropoutFCN,32,0.1,0.002,"{0: 0.08340570823650835, 10: 0.08435518831639006, 20: 0.08520726443243537, 30: 0.08434542115089155}",0,0.08340570823650835,0.01,0.01,0.05
power-plant,dropoutFCN,32,0.1,0.002,"{0: 0.0823142912496413, 10: 0.08252298277614058, 20: 0.08210431140041613, 30: 0.08225835342267718, 40: 0.08238944610658658, 50: 0.08217238824129991}",20,0.08210431140041613,0.01,0.01,0.01
power-plant,dropoutFCN,32,0.1,0.002,"{0: 0.08103919562102656, 10: 0.08231341736766487, 20: 0.08154238807020082, 30: 0.08201396234928529}",0,0.08103919562102656,0.01,0.01,0.005
power-plant,dropoutFCN,32,0.1,0.002,"{0: 0.08214475806680357, 10: 0.082495693411514, 20: 0.08198990120119788, 30: 0.08182354109662957, 40: 0.08156358485029955, 50: 0.08127692231528227, 60: 0.08107074497524501, 70: 0.08130765579455271, 80: 0.08109826342523899, 90: 0.08112965664992283}",60,0.08107074497524501,0.01,0.01,0.001
power-plant,dropoutFCN,32,0.01,0.0001,"{0: 0.1329249074122298, 10: 0.06311585887831253, 20: 0.06185544979572272, 30: 0.061478433432426184, 40: 0.06127809684119202, 50: 0.06144331706324341, 60: 0.06090954742155623, 70: 0.060903251035154704, 80: 0.060959481901531734, 90: 0.06089720971854512, 100: 0.06051366396893419, 110: 0.06114611271147633, 120: 0.060561094785788507, 130: 0.06094136431383146}",100,0.06051366396893419,0.01,0.01,0.2
power-plant,dropoutFCN,32,0.01,0.0001,"{0: 0.11918488587134787, 10: 0.061107190079848016, 20: 0.06057642743840378, 30: 0.06062727573561275, 40: 0.06037121307014669, 50: 0.06062647464213598, 60: 0.06044107975402335, 70: 0.06053265433656254}",40,0.06037121307014669,0.01,0.01,0.1
power-plant,dropoutFCN,32,0.01,0.0001,"{0: 0.12095677798917781, 10: 0.06074690666748058, 20: 0.06032691607861958, 30: 0.060359761637457765, 40: 0.06028174200774337, 50: 0.06017297346923504, 60: 0.060175634325532835, 70: 0.06021635966330663, 80: 0.06020321327965672}",50,0.06017297346923504,0.01,0.01,0.05
power-plant,dropoutFCN,32,0.01,0.0001,"{0: 0.11650503289371535, 10: 0.06059860143473435, 20: 0.060162740775917364, 30: 0.060132974580972366, 40: 0.060149821630285406, 50: 0.06012176192737391, 60: 0.06005727159536202, 70: 0.05998033648017852, 80: 0.06000553808706186, 90: 0.05992628901743061, 100: 0.05990369969812268, 110: 0.05986453083456818, 120: 0.05978917809993649, 130: 0.05980155602444909, 140: 0.05978672342893034, 150: 0.059816450645902595, 160: 0.059743554532717624, 170: 0.0597051731350422, 180: 0.059714317230444645, 190: 0.05960270260796434, 200: 0.05965824129287498, 210: 0.05969897232381756, 220: 0.05964094070705948}",190,0.05960270260796434,0.01,0.01,0.01
power-plant,dropoutFCN,32,0.01,0.0001,"{0: 0.1102229309579131, 10: 0.06010145302687801, 20: 0.059894417369008, 30: 0.059897749142936094, 40: 0.05988809277973441, 50: 0.05993008779210355, 60: 0.059897043245002446, 70: 0.059848721682735785, 80: 0.05984470906577044, 90: 0.05979432838742049, 100: 0.05974231786759036, 110: 0.05972213681780303, 120: 0.0597037222299007, 130: 0.05972560166137033, 140: 0.05965157623897244, 150: 0.059638170797643754, 160: 0.05962862737946648, 170: 0.05963272147652425, 180: 0.059621368639635595, 190: 0.0596203738413459, 200: 0.05957865980893971, 210: 0.05956308227716067, 220: 0.05957462571094949, 230: 0.059549077251840186, 240: 0.059563733232572844, 250: 0.05954316341179213, 260: 0.05956571895021605, 270: 0.059591110375400325, 280: 0.05958085820661746}",250,0.05954316341179213,0.01,0.01,0.005
power-plant,dropoutFCN,32,0.01,0.0001,"{0: 0.11896833490291306, 10: 0.06055617244428456, 20: 0.060205401172182815, 30: 0.06014132635197278, 40: 0.06008810277560288, 50: 0.06003768991614814, 60: 0.059963360864659684, 70: 0.059879323644298876, 80: 0.059794733295840966, 90: 0.0597236178389761, 100: 0.0596799903446696, 110: 0.05965053432939406, 120: 0.059605898944618554, 130: 0.05959816536412603, 140: 0.05955748696368175, 150: 0.059535987056988, 160: 0.059513093611555254, 170: 0.05949592547119027, 180: 0.05948102819668781, 190: 0.05948288585160359, 200: 0.05945290220852475, 210: 0.05945699350736043, 220: 0.05944325783166323, 230: 0.05945100049196254, 240: 0.05945617400932966, 250: 0.05944031758189017, 260: 0.05943783378569445, 270: 0.05943557205257074, 280: 0.059424974703377764, 290: 0.059420427701847287, 300: 0.05943171456850464, 310: 0.059427027525633794, 320: 0.0594128297467146, 330: 0.05941216028397156, 340: 0.059413968369381974, 350: 0.059411097504339296, 360: 0.059415767389527155, 370: 0.05942648043411545, 380: 0.05939487169501227, 390: 0.0593903427857026, 400: 0.05941436844280336, 410: 0.059407227336708335, 420: 0.059403948559201544}",390,0.0593903427857026,0.01,0.01,0.001
power-plant,dropoutFCN,32,0.01,0.0005,"{0: 0.06761693746209282, 10: 0.06271307764376052, 20: 0.06318705486471143, 30: 0.06312398988277165, 40: 0.06216403297504101, 50: 0.06238227519064743, 60: 0.061971087485140505, 70: 0.0622986125824612, 80: 0.06217155017316765, 90: 0.06240084405135373}",60,0.061971087485140505,0.01,0.01,0.2
power-plant,dropoutFCN,32,0.01,0.0005,"{0: 0.06462332127297699, 10: 0.06200461485380991, 20: 0.06167992539573532, 30: 0.06147883143400708, 40: 0.061356280884343625, 50: 0.06169792370779844, 60: 0.061408819496150825, 70: 0.06197413333923487}",40,0.061356280884343625,0.01,0.01,0.1
power-plant,dropoutFCN,32,0.01,0.0005,"{0: 0.06483155746358621, 10: 0.06167914778014385, 20: 0.061554874102998244, 30: 0.061414190325025396, 40: 0.061213235506631734, 50: 0.06120056788579242, 60: 0.06120474376360073, 70: 0.061239920432089326, 80: 0.06152134541508978}",50,0.06120056788579242,0.01,0.01,0.05
power-plant,dropoutFCN,32,0.01,0.0005,"{0: 0.06321818369889623, 10: 0.061203937097957496, 20: 0.061211216799304746, 30: 0.06090217106779895, 40: 0.060737201442801814, 50: 0.060870130585353545, 60: 0.06078816718707929, 70: 0.06089430110190678}",40,0.060737201442801814,0.01,0.01,0.01
power-plant,dropoutFCN,32,0.01,0.0005,"{0: 0.06338568211752586, 10: 0.06116653902279977, 20: 0.0610481678212193, 30: 0.06090475398056553, 40: 0.06086146219155917, 50: 0.060727267599695975, 60: 0.06075879526259274, 70: 0.06068152773208928, 80: 0.060657800029409924, 90: 0.06069273679871488, 100: 0.060520508350018654, 110: 0.060586308031652866, 120: 0.06042176856888948, 130: 0.06061205204407406, 140: 0.060426878514991844, 150: 0.0605669270547855}",120,0.06042176856888948,0.01,0.01,0.005
power-plant,dropoutFCN,32,0.01,0.0005,"{0: 0.06269445405248987, 10: 0.06120504796859368, 20: 0.06090506424119604, 30: 0.060663079735243874, 40: 0.060648456357184855, 50: 0.06055369783903204, 60: 0.06051515973258559, 70: 0.060456848061769285, 80: 0.060442205888586585, 90: 0.06038215293591189, 100: 0.06034211428093905, 110: 0.06036154102317816, 120: 0.060301170874405105, 130: 0.06034853625723532, 140: 0.06031841038837098, 150: 0.06027410563739512, 160: 0.06030466044706084, 170: 0.06023998131954149, 180: 0.06027264606171843, 190: 0.06028641910803717, 200: 0.06028637728591742}",170,0.06023998131954149,0.01,0.01,0.001
power-plant,dropoutFCN,32,0.01,0.001,"{0: 0.06589255802161373, 10: 0.06258192337817252, 20: 0.06462773911326351, 30: 0.06433068466580587, 40: 0.062805435857789}",10,0.06258192337817252,0.01,0.01,0.2
power-plant,dropoutFCN,32,0.01,0.001,"{0: 0.06440151923335155, 10: 0.06356169562136985, 20: 0.06369316115535742, 30: 0.06310365864994201, 40: 0.06276721048480446, 50: 0.06393121772134813, 60: 0.0626982682469438, 70: 0.0623933349368979, 80: 0.06258503363701809, 90: 0.06309100416595535, 100: 0.06303885902051018}",70,0.0623933349368979,0.01,0.01,0.1
power-plant,dropoutFCN,32,0.01,0.001,"{0: 0.06357092684396923, 10: 0.06281173694899699, 20: 0.06292937927123168, 30: 0.06309931611489432, 40: 0.062815664229518}",10,0.06281173694899699,0.01,0.01,0.05
power-plant,dropoutFCN,32,0.01,0.001,"{0: 0.06359747018094886, 10: 0.062375140803849316, 20: 0.06277272917231887, 30: 0.062141061303174594, 40: 0.062123555450645074, 50: 0.06186294704509736, 60: 0.061620139610600796, 70: 0.06185462327485456, 80: 0.061531770091429294, 90: 0.06144371697731206, 100: 0.0614464199614985, 110: 0.06170481849257832, 120: 0.061397128197997884, 130: 0.06136961793654163, 140: 0.061250056344876846, 150: 0.06154043541157792, 160: 0.06124550680875329, 170: 0.061154253380619986, 180: 0.06131008774480558, 190: 0.061350662980499994, 200: 0.061335423904309926}",170,0.061154253380619986,0.01,0.01,0.01
power-plant,dropoutFCN,32,0.01,0.001,"{0: 0.06334109523116704, 10: 0.06269133298315603, 20: 0.06232820535492241, 30: 0.062032850352346625, 40: 0.06197963858419133, 50: 0.06161763691552265, 60: 0.061614799212055746, 70: 0.06167537173532132, 80: 0.06138590030862194, 90: 0.06138072557066916, 100: 0.061294153082060154, 110: 0.061337079780502915, 120: 0.061150700917860026, 130: 0.06102431521103511, 140: 0.06139002212180613, 150: 0.06096766875660514, 160: 0.06112345483251436, 170: 0.06107833311408358, 180: 0.061200843181861544}",150,0.06096766875660514,0.01,0.01,0.005
power-plant,dropoutFCN,32,0.01,0.001,"{0: 0.06350176524649777, 10: 0.06263498398218567, 20: 0.06193412092797582, 30: 0.06151197659841427, 40: 0.06131068078473638, 50: 0.06111003380264375, 60: 0.06108952373762411, 70: 0.061056818075307495, 80: 0.06096599578677203, 90: 0.0608629269287026, 100: 0.060941285269214975, 110: 0.06082365672769842, 120: 0.060832165417946074, 130: 0.060784448232590216, 140: 0.060781682896662324, 150: 0.06075899856299126, 160: 0.06074225986201347, 170: 0.060700283072495434, 180: 0.060668949056149335, 190: 0.060577074112501385, 200: 0.060624010673774854, 210: 0.0606293344269395, 220: 0.060628796969481834}",190,0.060577074112501385,0.01,0.01,0.001
power-plant,dropoutFCN,32,0.01,0.002,"{0: 0.06554542793704546, 10: 0.0663475968349819, 20: 0.06587587280437572, 30: 0.06514616567563267, 40: 0.0659668828757748, 50: 0.06687993713411464, 60: 0.06694015052987178}",30,0.06514616567563267,0.01,0.01,0.2
power-plant,dropoutFCN,32,0.01,0.002,"{0: 0.06456682528996868, 10: 0.066680838589887, 20: 0.06595120484409271, 30: 0.0640937331207944, 40: 0.06494657226779729, 50: 0.0655537288873215, 60: 0.06531043323918648}",30,0.0640937331207944,0.01,0.01,0.1
power-plant,dropoutFCN,32,0.01,0.002,"{0: 0.06593055086736753, 10: 0.06415543230168583, 20: 0.06391469658103247, 30: 0.0636934199175003, 40: 0.06425982752222967, 50: 0.06430859088657244, 60: 0.0649361565431852}",30,0.0636934199175003,0.01,0.01,0.05
power-plant,dropoutFCN,32,0.01,0.002,"{0: 0.06533919909990862, 10: 0.06361605713846316, 20: 0.06303878444752899, 30: 0.06255432480193222, 40: 0.06279488111221836, 50: 0.06258996469002123, 60: 0.06265458626037654}",30,0.06255432480193222,0.01,0.01,0.01
power-plant,dropoutFCN,32,0.01,0.002,"{0: 0.06560444209213985, 10: 0.06348912122964698, 20: 0.06295481672757128, 30: 0.06275361492415606, 40: 0.062361199278698785, 50: 0.0622467351683786, 60: 0.06231959838624433, 70: 0.06242788342790018, 80: 0.062425264808123895}",50,0.0622467351683786,0.01,0.01,0.005
power-plant,dropoutFCN,32,0.01,0.002,"{0: 0.06558022216415342, 10: 0.06275295127306627, 20: 0.0627757192283175, 30: 0.06279727533142673, 40: 0.06287431851524314}",10,0.06275295127306627,0.01,0.01,0.001
power-plant,dropoutFCN,32,0.001,0.0001,"{0: 0.1193753733661757, 10: 0.06090426015868348, 20: 0.059536739884418974, 30: 0.05921789448368327, 40: 0.058815452153400116, 50: 0.05841924729129422, 60: 0.05811377369789261, 70: 0.05800014083495854, 80: 0.057559644870760394, 90: 0.057674403239624285, 100: 0.05766065924478925, 110: 0.05749224462783582, 120: 0.05731839888845589, 130: 0.05721298205933706, 140: 0.05704089042703693, 150: 0.05686790530268959, 160: 0.05675576167152102, 170: 0.056723727081038525, 180: 0.056612888790888216, 190: 0.056708625373169196, 200: 0.056557780501918765, 210: 0.056519267812225514, 220: 0.05636086505923972, 230: 0.05630267289748621, 240: 0.05635895487265653, 250: 0.0565742039330158, 260: 0.05622107601735614, 270: 0.05614220607803919, 280: 0.05625980304216545, 290: 0.0561472356650927, 300: 0.05636630004908507}",270,0.05614220607803919,0.01,0.01,0.2
power-plant,dropoutFCN,32,0.001,0.0001,"{0: 0.11913094853831048, 10: 0.05987208030445801, 20: 0.05884468327970244, 30: 0.05832900696228436, 40: 0.05780480596416367, 50: 0.05754384581829284, 60: 0.05730053532830408, 70: 0.05704947359371611, 80: 0.05683557385834807, 90: 0.05673787110667601, 100: 0.05667494860514932, 110: 0.056474718859755614, 120: 0.0564056250075242, 130: 0.05628056330197708, 140: 0.05621967058276232, 150: 0.056089030542022376, 160: 0.05609792570464719, 170: 0.05588139404222196, 180: 0.05581515378598419, 190: 0.05589618911022959, 200: 0.05575398219134462, 210: 0.05569961424074747, 220: 0.05561523365871333, 230: 0.055534498976905676, 240: 0.055328956179723075, 250: 0.055375492691119396, 260: 0.05541883679132381, 270: 0.05533464546538972}",240,0.055328956179723075,0.01,0.01,0.1
power-plant,dropoutFCN,32,0.001,0.0001,"{0: 0.10894077709710584, 10: 0.05923063897376818, 20: 0.05828010617338247, 30: 0.057565347030690474, 40: 0.057328042185255966, 50: 0.05685811966218766, 60: 0.05663145430567207, 70: 0.05645984697356384, 80: 0.05621027472458777, 90: 0.05614085015199698, 100: 0.05596109289968274, 110: 0.05579198145944779, 120: 0.05569412603968553, 130: 0.05563596028341079, 140: 0.05554114578370043, 150: 0.055419915595425494, 160: 0.055215423248910635, 170: 0.05515091941221051, 180: 0.055172596734065646, 190: 0.05499753131230615, 200: 0.05497643636986029, 210: 0.05504217507344198, 220: 0.0548491495619146, 230: 0.05475985629868947, 240: 0.05483765409397753, 250: 0.05471999310052321, 260: 0.054702171327115356, 270: 0.054747453399680776, 280: 0.054655157271416774, 290: 0.05470166058714428, 300: 0.0545408007488707, 310: 0.054589254214468384, 320: 0.054413633700047905, 330: 0.054357997137541615, 340: 0.054426435749090465, 350: 0.05433396585338399, 360: 0.054420715145937895, 370: 0.05436606320905486, 380: 0.05438832606902126}",350,0.05433396585338399,0.01,0.01,0.05
power-plant,dropoutFCN,32,0.001,0.0001,"{0: 0.10642678822426418, 10: 0.05908375802305314, 20: 0.05798550289622142, 30: 0.057365066850132415, 40: 0.05686367229722703, 50: 0.05651553155295534, 60: 0.05623693840255524, 70: 0.05607543792750393, 80: 0.05581886821713753, 90: 0.05559655159880352, 100: 0.05546505160364128, 110: 0.05527851795158896, 120: 0.055178641505993276, 130: 0.055080317245100555, 140: 0.05505229601678968, 150: 0.05494745186226276, 160: 0.05478112095805745, 170: 0.05476626817248662, 180: 0.05466955247936508, 190: 0.05457464078289233, 200: 0.05450644694064788, 210: 0.05447709770702425, 220: 0.05440082804190908, 230: 0.05442161173470972, 240: 0.05428529432763283, 250: 0.05428478495391896, 260: 0.05422593688356362, 270: 0.05414976359912954, 280: 0.05412976643464533, 290: 0.054071929767057804, 300: 0.05412651775425, 310: 0.054029272548180005, 320: 0.054027580138158914, 330: 0.05400365379176912, 340: 0.05397995155059613, 350: 0.05395056451508479, 360: 0.05389898244269359, 370: 0.05392335666319675, 380: 0.05391093828442436, 390: 0.05388164329301255, 400: 0.05382007818494031, 410: 0.05383859413785249, 420: 0.053856254390607906, 430: 0.053823054935506986}",400,0.05382007818494031,0.01,0.01,0.01
power-plant,dropoutFCN,32,0.001,0.0001,"{0: 0.10596540401000762, 10: 0.058714151301582564, 20: 0.057690576371835334, 30: 0.05714085638498737, 40: 0.05670463285851712, 50: 0.05637130765419327, 60: 0.056046902977325286, 70: 0.055854508777209454, 80: 0.05563298621496948, 90: 0.05547616495663323, 100: 0.055281444008289535, 110: 0.055158890597439406, 120: 0.0549859611163943, 130: 0.05487167900922577, 140: 0.054742710926694194, 150: 0.05473401973417853, 160: 0.05467473297573692, 170: 0.054519706369823596, 180: 0.05445673346469533, 190: 0.05441707636381028, 200: 0.05434996174293477, 210: 0.054302361421096054, 220: 0.05429585963933623, 230: 0.05423037107301808, 240: 0.05417317703464373, 250: 0.054098122002639845, 260: 0.0540774618909026, 270: 0.05406269146647077, 280: 0.05402474769396929, 290: 0.054022550383938314, 300: 0.053973314589079356, 310: 0.05397496835929463, 320: 0.05395426372471943, 330: 0.05390262105995282, 340: 0.05385658088598557, 350: 0.05385893507142727, 360: 0.053787630477088365, 370: 0.053792754228495734, 380: 0.05377919722967941, 390: 0.05377660065134576, 400: 0.0537661130857058, 410: 0.05368677958311861, 420: 0.053712996794666554, 430: 0.05365664297930426, 440: 0.053710901230368945, 450: 0.05366881646929189, 460: 0.05362861344227523, 470: 0.05364918280333804, 480: 0.053602706105929085, 490: 0.0536502503527961, 500: 0.05356827711656076, 510: 0.05359591611438832, 520: 0.053619304928476205, 530: 0.05359973520980601}",500,0.05356827711656076,0.01,0.01,0.005
power-plant,dropoutFCN,32,0.001,0.0001,"{0: 0.11544608890721413, 10: 0.05868404390659698, 20: 0.05765784258656701, 30: 0.05703028036829907, 40: 0.0565873166531739, 50: 0.056173361678302544, 60: 0.055876911884108794, 70: 0.055625067960097994, 80: 0.05536766350785673, 90: 0.0552123443511308, 100: 0.05502081397706038, 110: 0.05493995989034023, 120: 0.054823012776150856, 130: 0.054705012450408055, 140: 0.05460682260546714, 150: 0.05454828080387579, 160: 0.05448866396879748, 170: 0.05443162028488513, 180: 0.05437286746736506, 190: 0.05431207121785171, 200: 0.05425639228234014, 210: 0.05419781218541021, 220: 0.05415189643563447, 230: 0.054080551861432305, 240: 0.05403841783482229, 250: 0.05399298572227187, 260: 0.05396174012660315, 270: 0.05393493294800933, 280: 0.05388172430827948, 290: 0.05386421475968337, 300: 0.053845822249423615, 310: 0.05378785235557384, 320: 0.05381079970914347, 330: 0.05376373296895096, 340: 0.05373708210442102, 350: 0.053720989161485475, 360: 0.05371700952360102, 370: 0.053689593819812954, 380: 0.05366387739835835, 390: 0.053676939607749274, 400: 0.05363854644680612, 410: 0.0536288941801429, 420: 0.05361410531832709, 430: 0.053623075668013845, 440: 0.05358859409095381, 450: 0.053589317183990196, 460: 0.05359094094985163, 470: 0.05358074989160405, 480: 0.05355799373422758, 490: 0.05353908436610737, 500: 0.053515232163819745, 510: 0.05352261214766881, 520: 0.053492655670322284, 530: 0.053502615477559155, 540: 0.053477102245980235, 550: 0.0534675495610343, 560: 0.053467609358007116, 570: 0.05344268025810358, 580: 0.053468098460593014, 590: 0.05344112005360217, 600: 0.053435895195430905, 610: 0.05346387523002451, 620: 0.053422578436837634, 630: 0.05343474726487278, 640: 0.053427453989537674, 650: 0.05338860215485338, 660: 0.05339097848993579, 670: 0.05337221590133799, 680: 0.05338561200443803, 690: 0.05335204679309569, 700: 0.053360349868669665, 710: 0.053354053305536664, 720: 0.05333675653211413, 730: 0.053378016575861754, 740: 0.0533555849696699, 750: 0.053355235927632985}",720,0.05333675653211413,0.01,0.01,0.001
power-plant,dropoutFCN,32,0.001,0.0005,"{0: 0.0656154434046753, 10: 0.05990386392787095, 20: 0.058971414675355174, 30: 0.0591018311505964, 40: 0.058387491216411534, 50: 0.05817230418828612, 60: 0.05806644538178054, 70: 0.05758223540456229, 80: 0.058645303628650655, 90: 0.058283797414746444, 100: 0.05797264280208756}",70,0.05758223540456229,0.01,0.01,0.2
power-plant,dropoutFCN,32,0.001,0.0005,"{0: 0.06292531138915194, 10: 0.05965790321077084, 20: 0.05839818329575315, 30: 0.058575200788859284, 40: 0.0582640941175626, 50: 0.05798212874218521, 60: 0.05807952741629611, 70: 0.057737310866582715, 80: 0.05718850809156502, 90: 0.05726528998110889, 100: 0.05716844594958627, 110: 0.05726776403960383, 120: 0.057417088552409554, 130: 0.05696897875578215, 140: 0.057294390976858955, 150: 0.056840196432736224, 160: 0.05703639708457692, 170: 0.057486119075392604, 180: 0.057181098932154485}",150,0.056840196432736224,0.01,0.01,0.1
power-plant,dropoutFCN,32,0.001,0.0005,"{0: 0.06301233158773877, 10: 0.0590840372152769, 20: 0.05806247234912047, 30: 0.05789758741262865, 40: 0.05736668538985732, 50: 0.05766969938423777, 60: 0.05722371737678533, 70: 0.05639827899639863, 80: 0.05639708477615837, 90: 0.05657926536512364, 100: 0.05644498017115581, 110: 0.056623444010581836}",80,0.05639708477615837,0.01,0.01,0.05
power-plant,dropoutFCN,32,0.001,0.0005,"{0: 0.062296563328681574, 10: 0.058613121695601025, 20: 0.05783853278937923, 30: 0.05744642824312137, 40: 0.05714147238501256, 50: 0.056589981737322416, 60: 0.056684346241633876, 70: 0.05647213124975266, 80: 0.05641074187244468, 90: 0.056268575396081114, 100: 0.0561391846350492, 110: 0.056153072190221975, 120: 0.05586578092980586, 130: 0.0558390317195472, 140: 0.05579028756121137, 150: 0.055660744595099176, 160: 0.05572395047619085, 170: 0.055466312461216895, 180: 0.055482130354501516, 190: 0.055382305028699896, 200: 0.05537265364984354, 210: 0.05536823029309586, 220: 0.05533090079679949, 230: 0.055191144906387234, 240: 0.05527702270681341, 250: 0.055214773928119465, 260: 0.05516037856846505, 270: 0.05504938752242624, 280: 0.054960741587525674, 290: 0.0551325175396006, 300: 0.054998383762732014, 310: 0.054972720769113734}",280,0.054960741587525674,0.01,0.01,0.01
power-plant,dropoutFCN,32,0.001,0.0005,"{0: 0.062447685685145714, 10: 0.05856339873477499, 20: 0.057434199569217984, 30: 0.05712021326649922, 40: 0.056773220240693, 50: 0.056832913497558424, 60: 0.05642821002523739, 70: 0.05626922972351467, 80: 0.05614207662870281, 90: 0.0559795204072289, 100: 0.05587020348402745, 110: 0.055724966983621185, 120: 0.05577728186472253, 130: 0.05564711847852342, 140: 0.05555331866534182, 150: 0.055584915606774754, 160: 0.05542242366611044, 170: 0.05530018548770225, 180: 0.05542004386335868, 190: 0.05533681187863748, 200: 0.055261819039841044, 210: 0.055123647864397274, 220: 0.055142592585070274, 230: 0.05515733466130137, 240: 0.055033272988860314, 250: 0.05496288229808879, 260: 0.05498694862650261, 270: 0.05502192290644823, 280: 0.054878377733895665, 290: 0.05495990060405744, 300: 0.054960941946661644, 310: 0.05494038938904218}",280,0.054878377733895665,0.01,0.01,0.005
power-plant,dropoutFCN,32,0.001,0.0005,"{0: 0.06226302356885022, 10: 0.05835550329884901, 20: 0.05748027803978273, 30: 0.057057637055447995, 40: 0.05665685007301559, 50: 0.05642320297189003, 60: 0.05611537771361068, 70: 0.05592757867127888, 80: 0.055804074813820014, 90: 0.055613487608742594, 100: 0.05551798244464481, 110: 0.055398401048388425, 120: 0.05529398790340888, 130: 0.055256073755944234, 140: 0.05518924896703664, 150: 0.05503809424983671, 160: 0.05503827242159355, 170: 0.05496333897190138, 180: 0.05487142260246358, 190: 0.054860406843494317, 200: 0.05486197737212928, 210: 0.05483398942925246, 220: 0.05478536528325488, 230: 0.05477934317700439, 240: 0.054711584429897465, 250: 0.05476562870951272, 260: 0.05472584301346124, 270: 0.05476092468749953}",240,0.054711584429897465,0.01,0.01,0.001
power-plant,dropoutFCN,32,0.001,0.001,"{0: 0.06424010306119905, 10: 0.06074385338151709, 20: 0.05901159733091359, 30: 0.06060254244282202, 40: 0.059806095651750525, 50: 0.05921839191887187}",20,0.05901159733091359,0.01,0.01,0.2
power-plant,dropoutFCN,32,0.001,0.001,"{0: 0.06261366865294016, 10: 0.05999486367470932, 20: 0.05985573358407957, 30: 0.05970466790260469, 40: 0.05888418913453867, 50: 0.058997654656530486, 60: 0.0590719731325422, 70: 0.058404157666489376, 80: 0.05791288320221849, 90: 0.05823354617033953, 100: 0.05974213901825191, 110: 0.0581144469639633}",80,0.05791288320221849,0.01,0.01,0.1
power-plant,dropoutFCN,32,0.001,0.001,"{0: 0.06297224514199773, 10: 0.059405546527548134, 20: 0.058736592263654706, 30: 0.0591030174680637, 40: 0.05907822578849594, 50: 0.058509407304370334, 60: 0.058556443384746026, 70: 0.0581803774733064, 80: 0.05824821418495786, 90: 0.057981494557144374, 100: 0.05864194826400586, 110: 0.05801002154028806, 120: 0.05767491134067575, 130: 0.05765439583341734, 140: 0.057911481032652846, 150: 0.05742059916359291, 160: 0.05770218872969387, 170: 0.058072436915319756, 180: 0.05775963769654143}",150,0.05742059916359291,0.01,0.01,0.05
power-plant,dropoutFCN,32,0.001,0.001,"{0: 0.06204885941351135, 10: 0.05911740989091321, 20: 0.058843600297832796, 30: 0.05858221777496867, 40: 0.058025895215966516, 50: 0.0576081591867902, 60: 0.057268797047368335, 70: 0.05708653423386105, 80: 0.05710056575607029, 90: 0.05646824099045582, 100: 0.05686906912160361, 110: 0.05649178587245722, 120: 0.056560374843744245}",90,0.05646824099045582,0.01,0.01,0.01
power-plant,dropoutFCN,32,0.001,0.001,"{0: 0.06289936477018411, 10: 0.05941827414652114, 20: 0.05888879797992534, 30: 0.058042178717848766, 40: 0.05771327137084794, 50: 0.057612832607388795, 60: 0.057192788545818704, 70: 0.056784117386237544, 80: 0.05683168512325498, 90: 0.05661973423417001, 100: 0.05647465798913174, 110: 0.05640321630816365, 120: 0.05641099254796663, 130: 0.05652169580296122, 140: 0.05622473423731452, 150: 0.056246608298012334, 160: 0.05624295222931317, 170: 0.0561823535200404, 180: 0.05619306154141927, 190: 0.05609413351520853, 200: 0.056028734351703545, 210: 0.0559390000846373, 220: 0.055838407560835523, 230: 0.055762265132766456, 240: 0.05605098604612171, 250: 0.0558175210289247, 260: 0.055564981912149314, 270: 0.05582712334459666, 280: 0.055862158915368554, 290: 0.0558828424197132}",260,0.055564981912149314,0.01,0.01,0.005
power-plant,dropoutFCN,32,0.001,0.001,"{0: 0.0625735490925928, 10: 0.059304140571134735, 20: 0.05843899745215927, 30: 0.057925476296777315, 40: 0.05755572004933046, 50: 0.05724332211633163, 60: 0.05690449651321724, 70: 0.056661797696071416, 80: 0.05642963803585729, 90: 0.05642682998530104, 100: 0.05631696813251682, 110: 0.056151456640027776, 120: 0.05617607119691912, 130: 0.05604539200142471, 140: 0.05607301038979486, 150: 0.056048643351289694, 160: 0.056114449431147316}",130,0.05604539200142471,0.01,0.01,0.001
power-plant,dropoutFCN,32,0.001,0.002,"{0: 0.06422802773505784, 10: 0.06336404996184299, 20: 0.0629477008803424, 30: 0.06271072016562358, 40: 0.06259643559127447, 50: 0.06179006766662609, 60: 0.06191721075862121, 70: 0.062144608620749844, 80: 0.06271538033478588}",50,0.06179006766662609,0.01,0.01,0.2
power-plant,dropoutFCN,32,0.001,0.002,"{0: 0.06298826001921272, 10: 0.0620661476101255, 20: 0.06198460557343094, 30: 0.06152695152822955, 40: 0.061169612433381246, 50: 0.06045997380572658, 60: 0.06076250204779572, 70: 0.0615879680533327, 80: 0.06162743272944613}",50,0.06045997380572658,0.01,0.01,0.1
power-plant,dropoutFCN,32,0.001,0.002,"{0: 0.06284427490864938, 10: 0.06076350715679864, 20: 0.06063813897199351, 30: 0.06029679727857162, 40: 0.05998877214174567, 50: 0.06020172699891185, 60: 0.06050836325616658, 70: 0.060610126861887534}",40,0.05998877214174567,0.01,0.01,0.05
power-plant,dropoutFCN,32,0.001,0.002,"{0: 0.06319656264862462, 10: 0.06057506226708396, 20: 0.060467886528780136, 30: 0.060126854236098, 40: 0.06000273553898346, 50: 0.059313551441834325, 60: 0.058595905157455906, 70: 0.0584786690926671, 80: 0.05902192865520441, 90: 0.059625982977131974, 100: 0.058440514285883885, 110: 0.05855093342836726, 120: 0.05844780428809815, 130: 0.05844637870164869}",100,0.058440514285883885,0.01,0.01,0.01
power-plant,dropoutFCN,32,0.001,0.002,"{0: 0.06394620411629977, 10: 0.06056528161634567, 20: 0.05965491891958639, 30: 0.059632261963497926, 40: 0.05925086156581579, 50: 0.059180885894464595, 60: 0.058569864569760655, 70: 0.05815716280111847, 80: 0.05784081942510555, 90: 0.05845086834029389, 100: 0.05787731366719011, 110: 0.05763811671038662, 120: 0.057503295293217446, 130: 0.05739382960190618, 140: 0.05757834971170931, 150: 0.05738594008886748, 160: 0.05754169184071305, 170: 0.057594512136611944, 180: 0.05733952596854058, 190: 0.05745056683673013, 200: 0.057150378416895554, 210: 0.05719538387688503, 220: 0.05716766419836674, 230: 0.0573950144082803}",200,0.057150378416895554,0.01,0.01,0.005
power-plant,dropoutFCN,32,0.001,0.002,"{0: 0.06394948355482782, 10: 0.060286734629085535, 20: 0.06005476992086008, 30: 0.059152976352297416, 40: 0.058811026587768364, 50: 0.05815522274917069, 60: 0.0577775769795546, 70: 0.057803531747366556, 80: 0.05778058848519185, 90: 0.057378471258742555, 100: 0.05706306650407071, 110: 0.057343502410244516, 120: 0.05711712605412583, 130: 0.05707109559949686}",100,0.05706306650407071,0.01,0.01,0.001
power-plant,dropoutFCN,32,0.0001,0.0001,"{0: 0.12344324157365316, 10: 0.06111064132027216, 20: 0.05999568125524971, 30: 0.05909491180231213, 40: 0.05832074644689701, 50: 0.057982007712058345, 60: 0.05758426343511962, 70: 0.05729256953967878, 80: 0.056952806748827835, 90: 0.0567126861487959, 100: 0.05644618585650953, 110: 0.05626795470504483, 120: 0.05621424767061654, 130: 0.055982933557935, 140: 0.05581828891067294, 150: 0.05576057665800103, 160: 0.055555146047022184, 170: 0.05539414738794333, 180: 0.055214533644486787, 190: 0.055341713597317085, 200: 0.055077544355858765, 210: 0.054854896684137525, 220: 0.05491632818951322, 230: 0.054602948119814684, 240: 0.054424370282584664, 250: 0.05442725267312269, 260: 0.05465708331197559, 270: 0.05412805413446593, 280: 0.05424585307796154, 290: 0.05382990599672177, 300: 0.054034239346985036, 310: 0.05391097526904626, 320: 0.05385515473628688}",290,0.05382990599672177,0.01,0.01,0.2
power-plant,dropoutFCN,32,0.0001,0.0001,"{0: 0.10437552750397842, 10: 0.059869582864143366, 20: 0.05879054106957604, 30: 0.05806999760561924, 40: 0.057448490226117574, 50: 0.05707296600913976, 60: 0.05691069085590864, 70: 0.05655005756347039, 80: 0.05623060868812776, 90: 0.05588797198703597, 100: 0.05566587806600161, 110: 0.05552586429934112, 120: 0.055360843362661095, 130: 0.0549263773571988, 140: 0.05472740808770045, 150: 0.05461432885143498, 160: 0.0547009805458195, 170: 0.05456885531360937, 180: 0.05425267251758631, 190: 0.05419408718449935, 200: 0.05418891517829666, 210: 0.05402267177307844, 220: 0.053907767484732715, 230: 0.053862229207890744, 240: 0.05363806240884783, 250: 0.05359157616063, 260: 0.0534317989686352, 270: 0.05349291096588106, 280: 0.053011019228372036, 290: 0.053263822300798194, 300: 0.053229529785447795, 310: 0.05292823922060904, 320: 0.052748773313769745, 330: 0.05281640664673883, 340: 0.05289170447726975, 350: 0.05293317577423343}",320,0.052748773313769745,0.01,0.01,0.1
power-plant,dropoutFCN,32,0.0001,0.0001,"{0: 0.11227672348889106, 10: 0.05895426504616017, 20: 0.0577082868418052, 30: 0.05698205823259741, 40: 0.05639577818124545, 50: 0.0559348808099502, 60: 0.055613645444768454, 70: 0.055287417070568036, 80: 0.05481628691968994, 90: 0.05461385907152907, 100: 0.054346270297777256, 110: 0.05432082823197922, 120: 0.05415103383863477, 130: 0.053614870402337034, 140: 0.05375941389108217, 150: 0.05345511971685009, 160: 0.05326938673621523, 170: 0.05324832629424738, 180: 0.05305674631364944, 190: 0.052985168056571996, 200: 0.052832241756118524, 210: 0.05277008057384306, 220: 0.0526179548613781, 230: 0.052828913472299344, 240: 0.052807361474754774, 250: 0.05257494840095012, 260: 0.0524689111868457, 270: 0.05227713588424728, 280: 0.052369667933697225, 290: 0.05232963114312815, 300: 0.05231097095213694}",270,0.05227713588424728,0.01,0.01,0.05
power-plant,dropoutFCN,32,0.0001,0.0001,"{0: 0.1180958292422023, 10: 0.05879522186097454, 20: 0.05749483556503003, 30: 0.056515268335572466, 40: 0.0558406042266721, 50: 0.0553174395720709, 60: 0.054817103023827515, 70: 0.05438585242737563, 80: 0.05408228286341697, 90: 0.05368890731130195, 100: 0.05349471968439092, 110: 0.05327824489232853, 120: 0.05303964435641374, 130: 0.05293950725871318, 140: 0.052766200273160715, 150: 0.05262316446447011, 160: 0.05248316803912365, 170: 0.052354733152037314, 180: 0.05235094533573892, 190: 0.05211113984840363, 200: 0.05194314347301898, 210: 0.05193770087275875, 220: 0.05187221610755956, 230: 0.05179158604195515, 240: 0.051700899134132984, 250: 0.05177609861656394, 260: 0.051665815465842126, 270: 0.05153164724832813, 280: 0.051440985503203786, 290: 0.05132243972154584, 300: 0.05142845252092974, 310: 0.051337711181443056, 320: 0.051255546332311885, 330: 0.051257891824816035, 340: 0.05119546229033765, 350: 0.05105911641695787, 360: 0.05103524457018617, 370: 0.05103937253113355, 380: 0.050858721874162974, 390: 0.050948326640182506, 400: 0.050845488089243926, 410: 0.05084945175040454, 420: 0.0507717975675596, 430: 0.050785896027390476, 440: 0.050704297568160875, 450: 0.050666060896624364, 460: 0.05070442571387703, 470: 0.050693376466077744, 480: 0.05074770995492517}",450,0.050666060896624364,0.01,0.01,0.01
power-plant,dropoutFCN,32,0.0001,0.0001,"{0: 0.11228378511590938, 10: 0.05819509729121366, 20: 0.05684646278092723, 30: 0.05608121984596308, 40: 0.05551502278751469, 50: 0.054962500208347885, 60: 0.054560448106554194, 70: 0.05426027487353426, 80: 0.05393069981078349, 90: 0.05362560543549701, 100: 0.05334763116450815, 110: 0.05316187610394253, 120: 0.05295380625510965, 130: 0.05280741945852302, 140: 0.052672260256021966, 150: 0.05249537246490521, 160: 0.052423281740288166, 170: 0.052141375326479514, 180: 0.052155265698744846, 190: 0.0518864201492375, 200: 0.05182962768155532, 210: 0.05183082162501375, 220: 0.05177128543099616, 230: 0.051530998175338426, 240: 0.051531340937855864, 250: 0.051372029429236785, 260: 0.051363373149234094, 270: 0.05121004512314196, 280: 0.05124992084818643, 290: 0.05113669197335946, 300: 0.05108909765486719, 310: 0.051011993006947295, 320: 0.050955414039652334, 330: 0.05093504372552565, 340: 0.05083493779189541, 350: 0.05078699559912384, 360: 0.05072043172967343, 370: 0.050737126943570354, 380: 0.05068411402190024, 390: 0.05064719743429134, 400: 0.05052089060783569, 410: 0.050576350869795304, 420: 0.050475565922542834, 430: 0.05043847560747293, 440: 0.050404498552235256, 450: 0.050314104912916345, 460: 0.050274499497244496, 470: 0.050146101200088486, 480: 0.050279147485919204, 490: 0.05024259079715421, 500: 0.05021138102340167}",470,0.050146101200088486,0.01,0.01,0.005
power-plant,dropoutFCN,32,0.0001,0.0001,"{0: 0.11059269399660603, 10: 0.058663261403086406, 20: 0.05728546309273952, 30: 0.05639501124630171, 40: 0.05567005739779492, 50: 0.05508626730058934, 60: 0.05456275865197048, 70: 0.05411119053503399, 80: 0.053736207976418905, 90: 0.053436930705945816, 100: 0.05318149041965749, 110: 0.05296657384282427, 120: 0.05269425896138319, 130: 0.052546320368961584, 140: 0.05234093305012612, 150: 0.052186940099972934, 160: 0.052062947683424586, 170: 0.051973003981597585, 180: 0.0518647159439752, 190: 0.051777200457635134, 200: 0.0516596392701932, 210: 0.05152869302927291, 220: 0.05149153421939371, 230: 0.05140378934320968, 240: 0.051314320156080194, 250: 0.0512103691659601, 260: 0.05123043815281701, 270: 0.05113568794320169, 280: 0.051087549698262714, 290: 0.051106265774312355, 300: 0.05089086321200746, 310: 0.05085487635546156, 320: 0.05080459759149171, 330: 0.05084054553249162, 340: 0.05069434363752249, 350: 0.05073846885606581, 360: 0.05067868681718053, 370: 0.050706228474352785, 380: 0.050691338507803, 390: 0.05058858307416503, 400: 0.05059112742488035, 410: 0.050555418807993115, 420: 0.05053574184764682, 430: 0.05051385473686759, 440: 0.05048040218283001, 450: 0.05049991450066593, 460: 0.05043403505954178, 470: 0.05038461916771, 480: 0.05037105177206065, 490: 0.05039491634436553, 500: 0.05040952105671455, 510: 0.05034524558968836, 520: 0.05028796464045434, 530: 0.05030823424440343, 540: 0.0502514946140112, 550: 0.05031654065747001, 560: 0.05026752353268904, 570: 0.050248815228799204, 580: 0.05016758991361688, 590: 0.05016469753760873, 600: 0.050163313906429106, 610: 0.05014184428991917, 620: 0.05008339960403406, 630: 0.050068889447102215, 640: 0.05013468951364952, 650: 0.05009509518171943, 660: 0.050002653871513744, 670: 0.050071097155560074, 680: 0.050060077318199225, 690: 0.05008080756795118}",660,0.050002653871513744,0.01,0.01,0.001
power-plant,dropoutFCN,32,0.0001,0.0005,"{0: 0.0652291764024715, 10: 0.05905961800101003, 20: 0.057906554763793784, 30: 0.05751675831611828, 40: 0.05635202919992534, 50: 0.056067667062690695, 60: 0.05553574752719963, 70: 0.05548930429574348, 80: 0.054691356673832195, 90: 0.05458794380404445, 100: 0.054406723392643054, 110: 0.05441002348595804, 120: 0.054214325710959466, 130: 0.05399267375820771, 140: 0.05428249088796315, 150: 0.05379149202699275, 160: 0.053957310145495, 170: 0.05356559230261815, 180: 0.05357047906063955, 190: 0.05293203043757776, 200: 0.05362957117800302, 210: 0.05399998238860376, 220: 0.05333274350802225}",190,0.05293203043757776,0.01,0.01,0.2
power-plant,dropoutFCN,32,0.0001,0.0005,"{0: 0.06379771373640018, 10: 0.058284087337204804, 20: 0.05701783629505939, 30: 0.05673513110754569, 40: 0.055687096670765455, 50: 0.0560806971843668, 60: 0.05548147998128032, 70: 0.054956300056407205, 80: 0.05455115305072583, 90: 0.05483792754638267, 100: 0.05402362951767499, 110: 0.053594879762531564, 120: 0.05375265042867202, 130: 0.05353919164418761, 140: 0.053040871051426686, 150: 0.05307453598593485, 160: 0.05291483763024194, 170: 0.05327727034779346, 180: 0.05248176405315079, 190: 0.05279168389469059, 200: 0.05294485076482906, 210: 0.05255389288359839}",180,0.05248176405315079,0.01,0.01,0.1
power-plant,dropoutFCN,32,0.0001,0.0005,"{0: 0.0620446525477376, 10: 0.0582607615168549, 20: 0.0565164603962646, 30: 0.055783023019272224, 40: 0.05480938733348841, 50: 0.05421322245024547, 60: 0.053883627195940656, 70: 0.053810806239914855, 80: 0.05323792063378717, 90: 0.0524947619226734, 100: 0.053154223106124755, 110: 0.052544584606894894, 120: 0.05280902669123495}",90,0.0524947619226734,0.01,0.01,0.05
power-plant,dropoutFCN,32,0.0001,0.0005,"{0: 0.06262947176266763, 10: 0.057655994186349105, 20: 0.05577613106679378, 30: 0.05511633092888489, 40: 0.054735022559591825, 50: 0.0539587145661797, 60: 0.053667189423969176, 70: 0.0534275301751561, 80: 0.05334894821330993, 90: 0.05343506577051636, 100: 0.05286928829424794, 110: 0.05315030350357743, 120: 0.052748938046395244, 130: 0.05260369762575449, 140: 0.052718807785115875, 150: 0.05256724971873087, 160: 0.052374770816556115, 170: 0.052348649909304615, 180: 0.052464525798975634, 190: 0.05206190829527916, 200: 0.051994797101395276, 210: 0.052278626013569786, 220: 0.052061740843120985, 230: 0.051987429413528394, 240: 0.051894572638959156, 250: 0.05167981432442078, 260: 0.05172163071269029, 270: 0.05148717569484433, 280: 0.05176837963935667, 290: 0.05141943736253912, 300: 0.05135546448625794, 310: 0.05110569595410869, 320: 0.05131215397228663, 330: 0.05113463236943415, 340: 0.051190195781537204}",310,0.05110569595410869,0.01,0.01,0.01
power-plant,dropoutFCN,32,0.0001,0.0005,"{0: 0.061766901787898745, 10: 0.05733493856383691, 20: 0.055677507887017794, 30: 0.05462548742906469, 40: 0.05400918762262078, 50: 0.05354123359344559, 60: 0.053137231550033984, 70: 0.05275750350847319, 80: 0.05257689204352858, 90: 0.052382708250628816, 100: 0.05221576698937397, 110: 0.051967666243453045, 120: 0.052247412561493255, 130: 0.0518852437470272, 140: 0.051830212296146747, 150: 0.0515303398684097, 160: 0.05155323961755119, 170: 0.05136742694782463, 180: 0.05133349499328217, 190: 0.051311993697423765, 200: 0.051547319871654874, 210: 0.051146678965047744, 220: 0.05102805585462763, 230: 0.05125657206182038, 240: 0.050955255174567005, 250: 0.05115488558662188, 260: 0.051087145743032636, 270: 0.05102571810972506}",240,0.050955255174567005,0.01,0.01,0.005
power-plant,dropoutFCN,32,0.0001,0.0005,"{0: 0.062172860033815516, 10: 0.05700777152184024, 20: 0.05560297191044274, 30: 0.05452382597996923, 40: 0.053856832943535306, 50: 0.05339073528336652, 60: 0.053001592539964816, 70: 0.05277279487804234, 80: 0.05256347578084284, 90: 0.052379458888014416, 100: 0.0522666085010469, 110: 0.05217074461349526, 120: 0.05208669573342891, 130: 0.05201040450455141, 140: 0.051976210808764266, 150: 0.05185351533055704, 160: 0.051803280077528435, 170: 0.051930944704745095, 180: 0.05166647981451986, 190: 0.05170105827938283, 200: 0.05160963123148723, 210: 0.05147587783372286, 220: 0.05149805108062859, 230: 0.05156252983782479, 240: 0.051461210043829045, 250: 0.051429231740828175, 260: 0.05126742986937349, 270: 0.05125716452896047, 280: 0.051131641214968916, 290: 0.051297623531773716, 300: 0.05126292053205071, 310: 0.05132567583276274}",280,0.051131641214968916,0.01,0.01,0.001
power-plant,dropoutFCN,32,0.0001,0.001,"{0: 0.06460104773300028, 10: 0.05837307333572241, 20: 0.05671516965325315, 30: 0.05610461688288815, 40: 0.05599792559011159, 50: 0.056250141202047035, 60: 0.054702581976188734, 70: 0.05535101685081689, 80: 0.05448583848021815, 90: 0.05450820377036888, 100: 0.054777318594778676, 110: 0.054473915148521665, 120: 0.05384884935469233, 130: 0.05365833854565418, 140: 0.05360343311089927, 150: 0.053630938319062335, 160: 0.05361761619061585, 170: 0.05381427937429517}",140,0.05360343311089927,0.01,0.01,0.2
power-plant,dropoutFCN,32,0.0001,0.001,"{0: 0.06226918190639134, 10: 0.0579652682749819, 20: 0.05687719170013879, 30: 0.05605283434535602, 40: 0.055885142392953044, 50: 0.05525641420744006, 60: 0.05501827952452167, 70: 0.054185377845420546, 80: 0.05453440106297695, 90: 0.05371836749256316, 100: 0.053829412782302355, 110: 0.05287972367832524, 120: 0.05266503044511204, 130: 0.05290907422750246, 140: 0.05309714633447511, 150: 0.0526188837876144, 160: 0.052318963367204305, 170: 0.05279780424034136, 180: 0.05350551152079606, 190: 0.05296403841467658}",160,0.052318963367204305,0.01,0.01,0.1
power-plant,dropoutFCN,32,0.0001,0.001,"{0: 0.06250148294202418, 10: 0.058302064868492286, 20: 0.05649939909852342, 30: 0.05593358250337634, 40: 0.05531401997089701, 50: 0.05508503739843135, 60: 0.05416406275420251, 70: 0.054401463196200664, 80: 0.05453891110707547, 90: 0.05369919363846389, 100: 0.05320657933622669, 110: 0.05274950012217676, 120: 0.05339408874135727, 130: 0.05266759215222496, 140: 0.05332815755389948, 150: 0.05213183633857053, 160: 0.05281415990070182, 170: 0.052316075378159445, 180: 0.05237412422692598}",150,0.05213183633857053,0.01,0.01,0.05
power-plant,dropoutFCN,32,0.0001,0.001,"{0: 0.0627151724684569, 10: 0.0581196502933511, 20: 0.056378956260854, 30: 0.05540891860000632, 40: 0.05461475301625812, 50: 0.05364802064210259, 60: 0.05362223299829445, 70: 0.05364075677004584, 80: 0.05291032346015482, 90: 0.05246136425268481, 100: 0.052659034448771645, 110: 0.052436004883719675, 120: 0.05215293443927492, 130: 0.052163018344428734, 140: 0.051864704880626236, 150: 0.05197663315481564, 160: 0.05180111398330992, 170: 0.05212298299770605, 180: 0.05206055950953366, 190: 0.05162560286514413, 200: 0.05196296991239815, 210: 0.05150265643224442, 220: 0.051682040752358785, 230: 0.05163071756564874, 240: 0.05095419817886909, 250: 0.0512545589944178, 260: 0.05106724045615042, 270: 0.051099668098583996}",240,0.05095419817886909,0.01,0.01,0.01
power-plant,dropoutFCN,32,0.0001,0.001,"{0: 0.06196222356959828, 10: 0.058061572328216994, 20: 0.0563030496600281, 30: 0.055200999851180474, 40: 0.05446801612317813, 50: 0.05431621589078729, 60: 0.05370226938873786, 70: 0.053264230560082323, 80: 0.05300600379521998, 90: 0.05332866911590264, 100: 0.05291226984657259, 110: 0.05285284364014871, 120: 0.05266842666012359, 130: 0.052380651972803796, 140: 0.05264336073386834, 150: 0.052566034782197436, 160: 0.05208353542815912, 170: 0.052260610958727007, 180: 0.05219313378004542, 190: 0.05173795094557197, 200: 0.05199964976404198, 210: 0.05212841800183373, 220: 0.051867496974666596}",190,0.05173795094557197,0.01,0.01,0.005
power-plant,dropoutFCN,32,0.0001,0.001,"{0: 0.06252137462954255, 10: 0.05842181241799027, 20: 0.05661635420505727, 30: 0.055503597793547986, 40: 0.0546863879641587, 50: 0.05413048322141918, 60: 0.05365495732294854, 70: 0.053200477979110684, 80: 0.05280409950981391, 90: 0.052618814995611086, 100: 0.052523851308508354, 110: 0.0522400928591142, 120: 0.05206774339936547, 130: 0.05216313063632035, 140: 0.05199134572347208, 150: 0.051847348488656055, 160: 0.05184948766262243, 170: 0.05180742849341646, 180: 0.05195331482899827, 190: 0.0516944596841452, 200: 0.051465321650478325, 210: 0.051332465378516455, 220: 0.05142571344847291, 230: 0.05138659860986514, 240: 0.05131768064672813, 250: 0.05121822918707418, 260: 0.05111440642149005, 270: 0.05120121229386332, 280: 0.051138212438185414, 290: 0.05095006565278289, 300: 0.05115526837816355, 310: 0.051207087804786375, 320: 0.05102073191898589}",290,0.05095006565278289,0.01,0.01,0.001
power-plant,dropoutFCN,32,0.0001,0.002,"{0: 0.06375566644855105, 10: 0.05958433994266911, 20: 0.058702367918133914, 30: 0.05776554904646362, 40: 0.058528477156991165, 50: 0.05805794098841606, 60: 0.060000273974898724}",30,0.05776554904646362,0.01,0.01,0.2
power-plant,dropoutFCN,32,0.0001,0.002,"{0: 0.06374170864972376, 10: 0.05962523152138991, 20: 0.059328969739284976, 30: 0.05871663580977386, 40: 0.057659522679660326, 50: 0.056849818458697556, 60: 0.056261815257300785, 70: 0.0566498734321947, 80: 0.05558117378477687, 90: 0.05560790843941445, 100: 0.05503349009436759, 110: 0.055716082503603416, 120: 0.055171065837100505, 130: 0.05544227897925362}",100,0.05503349009436759,0.01,0.01,0.1
power-plant,dropoutFCN,32,0.0001,0.002,"{0: 0.064660304929995, 10: 0.05910688936304531, 20: 0.05825707034640635, 30: 0.05740953623350782, 40: 0.05667664418011514, 50: 0.05640018926973397, 60: 0.05577952814891185, 70: 0.0559644436254342, 80: 0.056188521130962246, 90: 0.05529751755396708, 100: 0.055699097631292514, 110: 0.05570148517109959, 120: 0.05438488231064413, 130: 0.05512500030290122, 140: 0.05555294926826325, 150: 0.05444383014722472}",120,0.05438488231064413,0.01,0.01,0.05
power-plant,dropoutFCN,32,0.0001,0.002,"{0: 0.06424655618189615, 10: 0.05860512663254617, 20: 0.056729907885452804, 30: 0.05617063409342005, 40: 0.0554840442471333, 50: 0.054835627558120346, 60: 0.05521168397227285, 70: 0.05462782590728661, 80: 0.05462614094836647, 90: 0.053779150391195116, 100: 0.0540261412442463, 110: 0.053518620461622715, 120: 0.05400617661305181, 130: 0.053917630217051746, 140: 0.05327327494877084, 150: 0.05266252042217732, 160: 0.053189899466238845, 170: 0.05336439287685044, 180: 0.0533402642269548}",150,0.05266252042217732,0.01,0.01,0.01
power-plant,dropoutFCN,32,0.0001,0.002,"{0: 0.06408352764239551, 10: 0.05847049654631982, 20: 0.05728896342083569, 30: 0.05675847953544279, 40: 0.05595839188050802, 50: 0.055320208536000524, 60: 0.054986133647618576, 70: 0.05421468712594306, 80: 0.05401768665824132, 90: 0.05461731269603913, 100: 0.05368238007454094, 110: 0.05380339375163207, 120: 0.05324715431894685, 130: 0.05319456411828466, 140: 0.053592585110645866, 150: 0.053103874034482315, 160: 0.05314143461231248, 170: 0.053150371888118976, 180: 0.05293316022456292, 190: 0.05334471920157204, 200: 0.053290230983885044, 210: 0.05307557263574485}",180,0.05293316022456292,0.01,0.01,0.005
power-plant,dropoutFCN,32,0.0001,0.002,"{0: 0.06380804908061645, 10: 0.05873458321702711, 20: 0.05630759168856424, 30: 0.05557876936669652, 40: 0.05521688825144198, 50: 0.05483847500939154, 60: 0.054524519725520325, 70: 0.054146535985220554, 80: 0.05408990083126723, 90: 0.05375279080285482, 100: 0.05350628475199456, 110: 0.05344658582188176, 120: 0.05321295017956203, 130: 0.05309181846634585, 140: 0.05265792285679847, 150: 0.05273270445831513, 160: 0.05275807772663775, 170: 0.05253157131155336, 180: 0.05271306027646074, 190: 0.052248585841999574, 200: 0.05222254794420428, 210: 0.0522438384126178, 220: 0.052228985857581976, 230: 0.05226275105644891}",200,0.05222254794420428,0.01,0.01,0.001
power-plant,dropoutFCN,32,1e-05,0.0001,"{0: 0.12530721612674176, 10: 0.06097510477519572, 20: 0.05970766845381401, 30: 0.05893914209201449, 40: 0.05813768635764253, 50: 0.05769483890351531, 60: 0.05736699190428853, 70: 0.057056622848709306, 80: 0.05699206675803521, 90: 0.05670929675542395, 100: 0.05634669751690913, 110: 0.056039427068365066, 120: 0.0558513701837486, 130: 0.05581071423520588, 140: 0.05578482053800118, 150: 0.05526806835303939, 160: 0.05548574969234501, 170: 0.05510064394786028, 180: 0.05516545170607996, 190: 0.055135607807793474, 200: 0.055143637279807235}",170,0.05510064394786028,0.01,0.01,0.2
power-plant,dropoutFCN,32,1e-05,0.0001,"{0: 0.10667870164735174, 10: 0.059643422214674426, 20: 0.05839677195080624, 30: 0.0576108514629128, 40: 0.05704796842640671, 50: 0.05662567932684813, 60: 0.056376413921063226, 70: 0.055945287961934966, 80: 0.05563549267729685, 90: 0.05536310209357072, 100: 0.05500577203331356, 110: 0.05480565270916875, 120: 0.054707308705017034, 130: 0.054339101268010316, 140: 0.05431484923405944, 150: 0.053899218398160864, 160: 0.053798566991351535, 170: 0.05368267785988175, 180: 0.05355439707010934, 190: 0.053334864616583745, 200: 0.05323926898126387, 210: 0.053017710811731546, 220: 0.05300207008293182, 230: 0.053189054185493675, 240: 0.052950255838541925, 250: 0.052810659591364814, 260: 0.05250327721765465, 270: 0.052638310668560576, 280: 0.052408595952437576, 290: 0.052552985067226256, 300: 0.052306474450421206, 310: 0.05227563476911538, 320: 0.05212265381399461, 330: 0.05206484944469163, 340: 0.05197344564911235, 350: 0.05202655643021851, 360: 0.05211089482731838, 370: 0.051754266594069356, 380: 0.05197684439257061, 390: 0.051700466241958655, 400: 0.05172177368511782, 410: 0.05164349867496944, 420: 0.05156871266709704, 430: 0.05160945362212912, 440: 0.051498905650837076, 450: 0.051510536220687464, 460: 0.051373941321038306, 470: 0.05149777605233673, 480: 0.051374778164423276, 490: 0.05115031854462728, 500: 0.05133016087574456, 510: 0.05125162897916191, 520: 0.051254309660312705}",490,0.05115031854462728,0.01,0.01,0.1
power-plant,dropoutFCN,32,1e-05,0.0001,"{0: 0.12545331953943573, 10: 0.05912426181160557, 20: 0.0578980677638274, 30: 0.057093408726478626, 40: 0.05653270941436568, 50: 0.055970474726044696, 60: 0.05546541068486823, 70: 0.05499466851136149, 80: 0.054719989542134403, 90: 0.05453576630065647, 100: 0.054042994403651526, 110: 0.054021930442084844, 120: 0.053760239636925576, 130: 0.05367998934148436, 140: 0.053429960205988225, 150: 0.053286857884316405, 160: 0.05306391295305081, 170: 0.05291024426332756, 180: 0.05278882390174169, 190: 0.05283226983413897, 200: 0.05269354430664723, 210: 0.052621939303896095, 220: 0.05251905203246839, 230: 0.052373975035475674, 240: 0.05223159969763315, 250: 0.05216130539396009, 260: 0.05215963893708163, 270: 0.05204458377952405, 280: 0.05195171183759336, 290: 0.05182382522725715, 300: 0.05174350950050116, 310: 0.05165875439407262, 320: 0.05181663875523773, 330: 0.05166152163041178, 340: 0.05154390093396699, 350: 0.05147821828165344, 360: 0.05138857409090114, 370: 0.05138937187305329, 380: 0.05127795780292791, 390: 0.05116557720503532, 400: 0.051295271003836275, 410: 0.05123435392413077, 420: 0.051148575287018806, 430: 0.05114730673027168, 440: 0.05104566374504753, 450: 0.05084419325739168, 460: 0.050810375098936024, 470: 0.05103267857042709, 480: 0.050985894076893565, 490: 0.05075964412389019, 500: 0.050831659097224355, 510: 0.05072054288204858, 520: 0.05069290718969187, 530: 0.050575549556828525, 540: 0.05088012942218252, 550: 0.050547734018229894, 560: 0.05062049810087914, 570: 0.05050421740072538, 580: 0.05046950527207816, 590: 0.050547415807448225, 600: 0.050440890320725226, 610: 0.050414388155210654, 620: 0.05031150557486529, 630: 0.05031838819304389, 640: 0.05017144214484156, 650: 0.050466389119519374, 660: 0.05034865575008925, 670: 0.05024826255136834}",640,0.05017144214484156,0.01,0.01,0.05
power-plant,dropoutFCN,32,1e-05,0.0001,"{0: 0.11937550804887549, 10: 0.058792569501083594, 20: 0.05726094862577671, 30: 0.05642817542247299, 40: 0.05584822921332404, 50: 0.0553202591971957, 60: 0.054821215878718375, 70: 0.0544774852060534, 80: 0.054114718933164184, 90: 0.05374302424344489, 100: 0.05339241343533395, 110: 0.05322527359534159, 120: 0.05288559836195946, 130: 0.05276406219053616, 140: 0.05250571434801956, 150: 0.052271036600364584, 160: 0.052240988093896476, 170: 0.0520743399880886, 180: 0.0518321945395356, 190: 0.05171104055621969, 200: 0.05161931105462199, 210: 0.051585661530902646, 220: 0.05130582438014743, 230: 0.05128665010881813, 240: 0.05128609930105351, 250: 0.05118151964049049, 260: 0.05113546518431278, 270: 0.05097774740335066, 280: 0.05100724441047362, 290: 0.05083921542754283, 300: 0.05083420017690794, 310: 0.0507354779655209, 320: 0.05074963291502612, 330: 0.050620206752904476, 340: 0.05051006332800022, 350: 0.05047502066151525, 360: 0.05055183888888071, 370: 0.05040157939688246, 380: 0.05035588010257539, 390: 0.05033641819883259, 400: 0.05030994112827729, 410: 0.05027475775296112, 420: 0.05035933962301055, 430: 0.050147784046721655, 440: 0.05029311305487416, 450: 0.050058411419298635, 460: 0.050128151099175365, 470: 0.04997003772892191, 480: 0.05004152979497604, 490: 0.04979038932855105, 500: 0.049846770097666596, 510: 0.04986927414327598, 520: 0.04991510307242232}",490,0.04979038932855105,0.01,0.01,0.01
power-plant,dropoutFCN,32,1e-05,0.0001,"{0: 0.10532988761619877, 10: 0.058637721478830396, 20: 0.05733966103464647, 30: 0.056533022759513586, 40: 0.055680228123962984, 50: 0.055171007296304794, 60: 0.05475383455007754, 70: 0.054305673173681145, 80: 0.05396045326557346, 90: 0.05367242038533243, 100: 0.0533385727443219, 110: 0.053064762123916795, 120: 0.05280921208307872, 130: 0.05262454734215325, 140: 0.052580989880791296, 150: 0.05238202264687626, 160: 0.05228205255570586, 170: 0.05215332988806877, 180: 0.051954730113930904, 190: 0.05197073928183693, 200: 0.05174511130794275, 210: 0.05166475962746436, 220: 0.05174410049924331, 230: 0.05155075077950649, 240: 0.05147642107437951, 250: 0.051554935768210144, 260: 0.05136408767598831, 270: 0.05131964010864624, 280: 0.05132572989560502, 290: 0.05132448005929606, 300: 0.05110268118520474, 310: 0.0512028061923687, 320: 0.05102347952501387, 330: 0.05103064125028463, 340: 0.05096020143263791, 350: 0.05092659356391673, 360: 0.0510106445136944, 370: 0.05091552034222813, 380: 0.05086164512863632, 390: 0.05074113882850774, 400: 0.05076467808036254, 410: 0.050760464781275806, 420: 0.05079121733782048}",390,0.05074113882850774,0.01,0.01,0.005
power-plant,dropoutFCN,32,1e-05,0.0001,"{0: 0.11062531959652482, 10: 0.058739676434848766, 20: 0.057322259991951396, 30: 0.05642465845223502, 40: 0.05573808511549059, 50: 0.055106362138550594, 60: 0.054610603498838894, 70: 0.054184245610863865, 80: 0.053768567329662766, 90: 0.05342998823788621, 100: 0.05322271987298686, 110: 0.05299459276008173, 120: 0.052768145454313665, 130: 0.05248492990474157, 140: 0.0524316472774143, 150: 0.052281574919645336, 160: 0.05222542226624473, 170: 0.052082839080494284, 180: 0.051966567667092935, 190: 0.051894753595735275, 200: 0.051779564982907166, 210: 0.05170070235503912, 220: 0.051606875985882074, 230: 0.051614522323072974, 240: 0.051533264021778505, 250: 0.051488650497931346, 260: 0.05138250359170201, 270: 0.05144746449067973, 280: 0.05132833776729562, 290: 0.05118706595371338, 300: 0.05121410715193906, 310: 0.0512335625376403, 320: 0.05114236092770551, 330: 0.05107675802290688, 340: 0.05101050407577409, 350: 0.05096468684208919, 360: 0.0510290036899135, 370: 0.05099279749225102, 380: 0.050953775109755496, 390: 0.05086168656000702, 400: 0.05096315447606738, 410: 0.050925213440050146, 420: 0.0508351775008687, 430: 0.05080467793293918, 440: 0.050744258366832086, 450: 0.05067690174768398, 460: 0.05062894129008873, 470: 0.05072349283141854, 480: 0.050620011151968194, 490: 0.05056261923043183, 500: 0.050623710507102945, 510: 0.05061121561726042, 520: 0.05059094761437334}",490,0.05056261923043183,0.01,0.01,0.001
power-plant,dropoutFCN,32,1e-05,0.0005,"{0: 0.06411782196088672, 10: 0.05934524611388947, 20: 0.05819221808572848, 30: 0.057444155637916605, 40: 0.05699203009545818, 50: 0.05704375510302989, 60: 0.056206008749733374, 70: 0.05558719035835634, 80: 0.055405408761234134, 90: 0.05475599892399703, 100: 0.05438402924672373, 110: 0.0541748045052128, 120: 0.05369657014853409, 130: 0.05369573616281572, 140: 0.053648806369921254, 150: 0.0535292663198725, 160: 0.05387553783181949, 170: 0.05323053047701115, 180: 0.052925893947308955, 190: 0.05306012446821641, 200: 0.05254858541068661, 210: 0.053033927354646446, 220: 0.05231098835360418, 230: 0.05225685266865939, 240: 0.0524838328390656, 250: 0.05244586962541714, 260: 0.05205174070175417, 270: 0.052399905072375054, 280: 0.052284156681007256, 290: 0.05261101047414394}",260,0.05205174070175417,0.01,0.01,0.2
power-plant,dropoutFCN,32,1e-05,0.0005,"{0: 0.06338226392170324, 10: 0.058669950745991774, 20: 0.05687524442063607, 30: 0.05604860458144293, 40: 0.054727082090350376, 50: 0.054845658873824796, 60: 0.054434538464015095, 70: 0.05393488530551736, 80: 0.05378196977345394, 90: 0.053527390001989764, 100: 0.05295134887124553, 110: 0.053215330539162164, 120: 0.052898412483112466, 130: 0.05238764482586515, 140: 0.051968064974383776, 150: 0.05219179101562591, 160: 0.051960910463840784, 170: 0.05221008869840745, 180: 0.05189350931248883, 190: 0.051827404259890644, 200: 0.05172691689764382, 210: 0.05167008441817109, 220: 0.0517315487022044, 230: 0.05153615571018264, 240: 0.051407391162772, 250: 0.05151891899570159, 260: 0.051181944651615165, 270: 0.0513492211163785, 280: 0.051222160845565044, 290: 0.051233404798589066}",260,0.051181944651615165,0.01,0.01,0.1
power-plant,dropoutFCN,32,1e-05,0.0005,"{0: 0.06216883530155082, 10: 0.058564557204731416, 20: 0.05633628306450934, 30: 0.05504349521977851, 40: 0.05404827456358465, 50: 0.053526764765341996, 60: 0.05384114369504918, 70: 0.052912505131395705, 80: 0.052708257585571815, 90: 0.052994421574071436, 100: 0.052542665931204616, 110: 0.0524792715685672, 120: 0.05237622529074369, 130: 0.05171021947666821, 140: 0.05177696143106762, 150: 0.051812653065103485, 160: 0.05173162878704461}",130,0.05171021947666821,0.01,0.01,0.05
power-plant,dropoutFCN,32,1e-05,0.0005,"{0: 0.06168766402503271, 10: 0.05696951033274846, 20: 0.055336271026441806, 30: 0.05425751966224479, 40: 0.053715114773927895, 50: 0.05294731625183342, 60: 0.05275284336268175, 70: 0.052729143638561536, 80: 0.05228257513332675, 90: 0.052196849913514386, 100: 0.051900584761068735, 110: 0.051721608611599565, 120: 0.051818547606173535, 130: 0.05155897087652704, 140: 0.05155606284562457, 150: 0.05135026296814912, 160: 0.05126778888497835, 170: 0.05102340733938898, 180: 0.0510860199431773, 190: 0.05072699666172716, 200: 0.0506345030669663, 210: 0.05039526627775548, 220: 0.0505049213576785, 230: 0.05063248588977761, 240: 0.05031185384623151, 250: 0.050260252455867446, 260: 0.050397257039691404, 270: 0.05018263307175717, 280: 0.05013715993809429, 290: 0.05032055507021762, 300: 0.049850231743532036, 310: 0.05015328909692287, 320: 0.050073329299019885, 330: 0.04980385623350676, 340: 0.04993940737186291, 350: 0.050101737343407025, 360: 0.04986190062271452}",330,0.04980385623350676,0.01,0.01,0.01
power-plant,dropoutFCN,32,1e-05,0.0005,"{0: 0.06223891585938572, 10: 0.057115911332603644, 20: 0.055429647663755785, 30: 0.05454011293580787, 40: 0.053622498094342094, 50: 0.05310552116453153, 60: 0.05282949779610176, 70: 0.05256353349923304, 80: 0.052036289938960666, 90: 0.05201767676317376, 100: 0.05159667679600564, 110: 0.05169118462766433, 120: 0.051517198149309974, 130: 0.05121024115676206, 140: 0.05113987564737339, 150: 0.051049501474477885, 160: 0.05115504286912257, 170: 0.050875701862746356, 180: 0.051065988296877585, 190: 0.05064335425851306, 200: 0.050785824909092434, 210: 0.05070535850767756, 220: 0.05072450600279107}",190,0.05064335425851306,0.01,0.01,0.005
power-plant,dropoutFCN,32,1e-05,0.0005,"{0: 0.062165637348159775, 10: 0.05735595646217848, 20: 0.05552793626116868, 30: 0.054531641574620114, 40: 0.05378898786688151, 50: 0.05323005930569501, 60: 0.052777455125392114, 70: 0.05254549260573808, 80: 0.05223223959495658, 90: 0.0519746198609379, 100: 0.05173469880066446, 110: 0.051552144655566345, 120: 0.051348936400440304, 130: 0.05140752369322338, 140: 0.05140880668557052, 150: 0.05118502072379054, 160: 0.05103192337005412, 170: 0.050968113320642314, 180: 0.050908102312540116, 190: 0.0508877256153731, 200: 0.05062580381892334, 210: 0.05082276116345513, 220: 0.05066519205256873, 230: 0.05060585919031683, 240: 0.050464918481769795, 250: 0.050463094699615255, 260: 0.050510694205134744, 270: 0.05060253267326009, 280: 0.05055320019035033}",250,0.050463094699615255,0.01,0.01,0.001
power-plant,dropoutFCN,32,1e-05,0.001,"{0: 0.06465257101831659, 10: 0.05832171485037986, 20: 0.05829175676245879, 30: 0.056173700805919616, 40: 0.055457107256965565, 50: 0.05523947906938746, 60: 0.05494015441019058, 70: 0.05383621682734337, 80: 0.05364335165658531, 90: 0.05391935531200207, 100: 0.0537374274733484, 110: 0.054241258183962346}",80,0.05364335165658531,0.01,0.01,0.2
power-plant,dropoutFCN,32,1e-05,0.001,"{0: 0.06262294955785755, 10: 0.058173193000786126, 20: 0.057069167966068576, 30: 0.05610190084789033, 40: 0.054812966335353985, 50: 0.05484351938192652, 60: 0.05322176308226202, 70: 0.05316352512290699, 80: 0.053081708157550145, 90: 0.05322509468464574, 100: 0.0517936317662519, 110: 0.05268270558669069, 120: 0.052648701266691654, 130: 0.05221861696081185}",100,0.0517936317662519,0.01,0.01,0.1
power-plant,dropoutFCN,32,1e-05,0.001,"{0: 0.06222508415647991, 10: 0.05822769076346831, 20: 0.057376386768776565, 30: 0.05575628124622532, 40: 0.054289252459937376, 50: 0.0541653362851237, 60: 0.05330466234510909, 70: 0.05281069329539471, 80: 0.053062193874297926, 90: 0.052568014810649336, 100: 0.05179407326388039, 110: 0.052082903886799724, 120: 0.05149019180780416, 130: 0.05167167833422157, 140: 0.0514765870861341, 150: 0.05150504196711174, 160: 0.0510718353508974, 170: 0.05153928839434323, 180: 0.050638255252841616, 190: 0.05150578464941642, 200: 0.05066440005888695, 210: 0.050965270906357454}",180,0.050638255252841616,0.01,0.01,0.05
power-plant,dropoutFCN,32,1e-05,0.001,"{0: 0.062113194248550864, 10: 0.0573264818220946, 20: 0.055598552510424004, 30: 0.0541217144911658, 40: 0.05375837187864616, 50: 0.05319983822891779, 60: 0.05256760310834567, 70: 0.05241240033897314, 80: 0.052175386992407556, 90: 0.051705772100264655, 100: 0.051480572380067535, 110: 0.05158675619721005, 120: 0.05135423196869689, 130: 0.05117624838128979, 140: 0.05102710278231163, 150: 0.050822087855276685, 160: 0.05076932970940207, 170: 0.050848623014288066, 180: 0.05062751740946608, 190: 0.04994908244650518, 200: 0.05009410640104321, 210: 0.0496638258690998, 220: 0.04985224649494052, 230: 0.04968526582816691, 240: 0.04961856153651937, 250: 0.04982577917352703, 260: 0.04947469344040562, 270: 0.049565821563753755, 280: 0.04953704849928077, 290: 0.04953674840879853}",260,0.04947469344040562,0.01,0.01,0.01
power-plant,dropoutFCN,32,1e-05,0.001,"{0: 0.06328606023026401, 10: 0.058377491878226696, 20: 0.05553664483077368, 30: 0.054476586622340686, 40: 0.05381600901921805, 50: 0.05298045105330181, 60: 0.05290255790095091, 70: 0.05218885159506348, 80: 0.05200808749825754, 90: 0.051835328973720174, 100: 0.051711295724877204, 110: 0.05165759633439669, 120: 0.05159033738159672, 130: 0.05148200491707505, 140: 0.0513840966455096, 150: 0.05106628771649235, 160: 0.05100145094546762, 170: 0.05154374579832628, 180: 0.05093387830189215, 190: 0.05092586345097368, 200: 0.050948537132515535, 210: 0.05047615889716993, 220: 0.05079423305684897, 230: 0.0508673444868357, 240: 0.05020958565915079, 250: 0.05057412058227221, 260: 0.050109525442277106, 270: 0.05046996173972344, 280: 0.05041688566034554, 290: 0.05022293611566732}",260,0.050109525442277106,0.01,0.01,0.005
power-plant,dropoutFCN,32,1e-05,0.001,"{0: 0.06268803637992068, 10: 0.05781266401692471, 20: 0.05547938203593977, 30: 0.05452492903886332, 40: 0.05376419758335223, 50: 0.0532731803287847, 60: 0.05282210468497014, 70: 0.052445083843931074, 80: 0.05230206103174988, 90: 0.05188856784476788, 100: 0.051743269821970084, 110: 0.05158935185911397, 120: 0.05145057370018025, 130: 0.05124438087764803, 140: 0.05129628645371438, 150: 0.05113318219944092, 160: 0.05099988107656066, 170: 0.05078802233281519, 180: 0.05075291406588968, 190: 0.05051118500640073, 200: 0.05056675623356462, 210: 0.05037224954716103, 220: 0.05018822772627879, 230: 0.050287911558393815, 240: 0.050252868098971934, 250: 0.05019150177146253}",220,0.05018822772627879,0.01,0.01,0.001
power-plant,dropoutFCN,32,1e-05,0.002,"{0: 0.06645561797249279, 10: 0.05925980934792441, 20: 0.058422755233344434, 30: 0.0575149905396463, 40: 0.05634763419405971, 50: 0.05620451863788663, 60: 0.05662499418681512, 70: 0.05533840608554219, 80: 0.05503587786965154, 90: 0.05521079137118936, 100: 0.05467369408331242, 110: 0.05479701920230969, 120: 0.05651670414643621, 130: 0.05690026161757161}",100,0.05467369408331242,0.01,0.01,0.2
power-plant,dropoutFCN,32,1e-05,0.002,"{0: 0.06358183467149423, 10: 0.05946956320458534, 20: 0.057842084819805885, 30: 0.05584357812643677, 40: 0.05587936191017828, 50: 0.054317253968357904, 60: 0.05452072108534798, 70: 0.054023999481361315, 80: 0.05369150798157539, 90: 0.05439059540652924, 100: 0.05507793544576285, 110: 0.054923722622000334}",80,0.05369150798157539,0.01,0.01,0.1
power-plant,dropoutFCN,32,1e-05,0.002,"{0: 0.06257665437593064, 10: 0.05776949499602132, 20: 0.05676944016542359, 30: 0.055038909696145485, 40: 0.055716189369076144, 50: 0.053804813983258724, 60: 0.05369702823809821, 70: 0.05329213368790563, 80: 0.052575813069150344, 90: 0.05232202698085962, 100: 0.05212622576055098, 110: 0.051891510255062355, 120: 0.05283878884118991, 130: 0.051769479575525114, 140: 0.05194200738213901, 150: 0.05093990004466462, 160: 0.051333699778953225, 170: 0.05129446186279829, 180: 0.051078937938426175}",150,0.05093990004466462,0.01,0.01,0.05
power-plant,dropoutFCN,32,1e-05,0.002,"{0: 0.06288447531720569, 10: 0.05724061796747952, 20: 0.056548321581589886, 30: 0.05482641660204549, 40: 0.05451335530667302, 50: 0.05394377495115937, 60: 0.053249756534768156, 70: 0.05319682982251983, 80: 0.05246339315323066, 90: 0.05220610144786031, 100: 0.051927073178684315, 110: 0.051380813654862224, 120: 0.05146307912210898, 130: 0.051185571687525536, 140: 0.05096003026130784, 150: 0.05133158215802479, 160: 0.05072259358034413, 170: 0.05074470125798501, 180: 0.050958797712080936, 190: 0.05104673798500662}",160,0.05072259358034413,0.01,0.01,0.01
power-plant,dropoutFCN,32,1e-05,0.002,"{0: 0.06306755450398563, 10: 0.05816781411745362, 20: 0.05605633423075551, 30: 0.0548773502199295, 40: 0.05404160441341601, 50: 0.05337232591141229, 60: 0.05293629030461513, 70: 0.052489455979266006, 80: 0.05225897279680045, 90: 0.051856993524318704, 100: 0.05180228863833121, 110: 0.05117610780974961, 120: 0.051079212803485485, 130: 0.051275418059983965, 140: 0.051322521384699636, 150: 0.05081433333687977, 160: 0.05073385232885136, 170: 0.05044056992289505, 180: 0.050500914555815554, 190: 0.050500557964512825, 200: 0.05026886413942431, 210: 0.050477441757419805, 220: 0.0501182442461795, 230: 0.05024272207516102, 240: 0.05022888599676757, 250: 0.05023155709537208}",220,0.0501182442461795,0.01,0.01,0.005
power-plant,dropoutFCN,32,1e-05,0.002,"{0: 0.06428799263429881, 10: 0.057876443568818714, 20: 0.05592811408473837, 30: 0.05490562729968122, 40: 0.05386974510476268, 50: 0.05347397134144551, 60: 0.05299204307084408, 70: 0.0526219112504819, 80: 0.05267001642470419, 90: 0.05272333069624491, 100: 0.05225809585199583, 110: 0.05220668557281771, 120: 0.051959193142598635, 130: 0.05183119746286087, 140: 0.051456598747844695, 150: 0.05140610871852915, 160: 0.05127052748067314, 170: 0.051057565022987264, 180: 0.0510745372522574, 190: 0.05124569498082715, 200: 0.05124264751665699}",170,0.051057565022987264,0.01,0.01,0.001
power-plant,dropoutFCN,32,1e-09,0.0001,"{0: 0.12932218892103514, 10: 0.060792317252222415, 20: 0.05928338957798331, 30: 0.05872819487929228, 40: 0.05806919640455384, 50: 0.057713918975476265, 60: 0.0571032261989813, 70: 0.05695341243203604, 80: 0.05666254540235301, 90: 0.05624339023698192, 100: 0.05621039387980278, 110: 0.05598241424202259, 120: 0.05588525513433945, 130: 0.05573213808950126, 140: 0.05583265631705374, 150: 0.055311564091462505, 160: 0.055363619455303305, 170: 0.054942342529027056, 180: 0.054899883694737125, 190: 0.05455293188121905, 200: 0.0545371347720196, 210: 0.054366772638158437, 220: 0.05410349561498279, 230: 0.054236433275730134, 240: 0.05411546365948071, 250: 0.05403939449897364, 260: 0.0538493165861153, 270: 0.05427622414255956, 280: 0.054064821027196744, 290: 0.05385402835431722}",260,0.0538493165861153,0.01,0.01,0.2
power-plant,dropoutFCN,32,1e-09,0.0001,"{0: 0.12608089027215844, 10: 0.060105992441527645, 20: 0.05882578111695268, 30: 0.057984417197794326, 40: 0.05750266658626989, 50: 0.05699302046294556, 60: 0.056479486140942725, 70: 0.05628288999834545, 80: 0.05567722491150932, 90: 0.0554167446747153, 100: 0.055429085630114484, 110: 0.05506763995733529, 120: 0.05496878740277948, 130: 0.05446358435330181, 140: 0.05433190719853962, 150: 0.05416165485303881, 160: 0.054043599714397504, 170: 0.053939486578551424, 180: 0.053922736514687084, 190: 0.0535744738299645, 200: 0.05344736553594705, 210: 0.05338496145323442, 220: 0.053165911536826926, 230: 0.05346301870944318, 240: 0.053142041180197094, 250: 0.05306419544114539, 260: 0.052942109737989476, 270: 0.052823260883495524, 280: 0.052833262339426076, 290: 0.05250933599080952, 300: 0.05278618500834472, 310: 0.05249926964211239, 320: 0.052616071772578786, 330: 0.0523967961359025, 340: 0.05253899311878303, 350: 0.05227099188379082, 360: 0.05234481379046215, 370: 0.05227024955698216, 380: 0.0519951881490895, 390: 0.05211823277994617, 400: 0.05200468192544805, 410: 0.05199188472879286, 420: 0.05210742154983524, 430: 0.05195316476759122, 440: 0.052037481519376094, 450: 0.0516825662136479, 460: 0.05190994709050749, 470: 0.05184247271092553, 480: 0.0516671507994752, 490: 0.05163593352676227, 500: 0.0516539108164338, 510: 0.05140944461479886, 520: 0.05144187932353035, 530: 0.05155071526707807, 540: 0.051353389509277494, 550: 0.05134020137371522, 560: 0.05146468013375579, 570: 0.0513024710424869, 580: 0.05118731696968026, 590: 0.05105849126643025, 600: 0.05117065531101472, 610: 0.051187655839953106, 620: 0.05115834473223409}",590,0.05105849126643025,0.01,0.01,0.1
power-plant,dropoutFCN,32,1e-09,0.0001,"{0: 0.13550000040314134, 10: 0.05916645502536857, 20: 0.05800988671268485, 30: 0.05714663072330178, 40: 0.05664682758788546, 50: 0.05626148010090396, 60: 0.05563430186040189, 70: 0.055326130574101726, 80: 0.05489727749535125, 90: 0.05452991003908351, 100: 0.05433653982391441, 110: 0.0542009409681524, 120: 0.05374710985456258, 130: 0.05357602663665606, 140: 0.05337594961389245, 150: 0.05335855528253647, 160: 0.05308069115360433, 170: 0.05276697864263671, 180: 0.05280295710996937, 190: 0.05268344966281054, 200: 0.05243363064070705, 210: 0.05241717601466746, 220: 0.052409546254429784, 230: 0.052185458267009335, 240: 0.051992305269963256, 250: 0.05195748794710923, 260: 0.05181004961169437, 270: 0.051777651582804805, 280: 0.051591970596585913, 290: 0.051742857622156024, 300: 0.05158890471718699, 310: 0.05158670211278986, 320: 0.05144144483727629, 330: 0.051414276070543795, 340: 0.05141083239707559, 350: 0.0512206930870708, 360: 0.051289958957278906, 370: 0.05131014661356227, 380: 0.05115075563637809, 390: 0.05104612339827873, 400: 0.0511468529587634, 410: 0.050956489908128635, 420: 0.050924249876389306, 430: 0.05098045454038963, 440: 0.05092231035678892, 450: 0.050698173918772405, 460: 0.05080914400635659, 470: 0.05068975730922085, 480: 0.05072551363738377, 490: 0.05062683661463783, 500: 0.05069862457211331, 510: 0.05046414132958871, 520: 0.05051335711296421, 530: 0.050572907786137454, 540: 0.05044358441076202, 550: 0.05055871525672821, 560: 0.05046665000652095, 570: 0.0503621466181838, 580: 0.05037215878492568, 590: 0.05034174355363907, 600: 0.05036310728896063, 610: 0.05009199392772636, 620: 0.05013654984469949, 630: 0.05015803997272846, 640: 0.05029283882730144}",610,0.05009199392772636,0.01,0.01,0.05
power-plant,dropoutFCN,32,1e-09,0.0001,"{0: 0.11409222096931677, 10: 0.058765143195414773, 20: 0.05769473820151083, 30: 0.05683410608802127, 40: 0.056153549940203926, 50: 0.05556519502653658, 60: 0.055090956288407066, 70: 0.05475557467520357, 80: 0.05426972400933122, 90: 0.05394966354276225, 100: 0.0537387231455622, 110: 0.05348329281397417, 120: 0.05317947064571103, 130: 0.05303860188845962, 140: 0.05292081597695676, 150: 0.052689884684505896, 160: 0.05243757649589609, 170: 0.05242945856132301, 180: 0.05225582149265984, 190: 0.052199392723496794, 200: 0.052052785367306245, 210: 0.051862498678781545, 220: 0.05181278611308273, 230: 0.051701627839997336, 240: 0.051559002118957545, 250: 0.05169784629716427, 260: 0.05155523053145552, 270: 0.05151169489491296, 280: 0.05150401038128557, 290: 0.05124571061671992, 300: 0.05122345924986514, 310: 0.05124954471373626, 320: 0.05127891298449331, 330: 0.05113250320740583, 340: 0.05100596784781376, 350: 0.05097839845176475, 360: 0.050936864831935644, 370: 0.05089680449490079, 380: 0.05071423075932985, 390: 0.050785377004710516, 400: 0.05088131575856262, 410: 0.050724394527482994}",380,0.05071423075932985,0.01,0.01,0.01
power-plant,dropoutFCN,32,1e-09,0.0001,"{0: 0.10672563197023002, 10: 0.05878029703011094, 20: 0.057298608175688784, 30: 0.05648699817751039, 40: 0.05582265587998307, 50: 0.05529055799686602, 60: 0.05480707966031909, 70: 0.05449510709328319, 80: 0.05417060590822374, 90: 0.0538834555331168, 100: 0.05359933718642107, 110: 0.053448312092318206, 120: 0.05328334531554797, 130: 0.053096987303607256, 140: 0.052862669744904875, 150: 0.052773907184482195, 160: 0.05269593826851521, 170: 0.05253078465921104, 180: 0.052356431115465694, 190: 0.052281575138132155, 200: 0.052231562153436675, 210: 0.05203161163551752, 220: 0.052050562878301156, 230: 0.051875595376730435, 240: 0.05180782199113931, 250: 0.051757546699536715, 260: 0.05165049919113757, 270: 0.05165074214251151, 280: 0.05147977038580853, 290: 0.0515849912353869, 300: 0.05153166090403977, 310: 0.05139983687496601, 320: 0.0512694623554943, 330: 0.05136784736518892, 340: 0.05118279330938179, 350: 0.051272535092374304, 360: 0.0512173954215265, 370: 0.05114978400791883, 380: 0.05110937612561532, 390: 0.05112744824928902, 400: 0.05104311090241653, 410: 0.05096749739578007, 420: 0.05089395216546516, 430: 0.05092014723882422, 440: 0.05087971193812744, 450: 0.05087423597712419, 460: 0.05077179871209235, 470: 0.05084587047810794, 480: 0.050653494027312486, 490: 0.05083197862541491, 500: 0.05062212723591504, 510: 0.050571366213982026, 520: 0.050645412020153546, 530: 0.05051472142295782, 540: 0.05049324521651823, 550: 0.050611395822563944, 560: 0.05053667101284669, 570: 0.05048523841355189, 580: 0.05036510361038059, 590: 0.050435013865427716, 600: 0.05031966497653062, 610: 0.05028067104639503, 620: 0.05051619516817294, 630: 0.05037911822535592, 640: 0.05023169684502902, 650: 0.05017715655209, 660: 0.05011812496349579, 670: 0.05043208766273688, 680: 0.05018569039343481, 690: 0.05023774817615907}",660,0.05011812496349579,0.01,0.01,0.005
power-plant,dropoutFCN,32,1e-09,0.0001,"{0: 0.11376220252767473, 10: 0.058493260639657985, 20: 0.057056639882813606, 30: 0.05605644647419703, 40: 0.05523668607874811, 50: 0.05464099795999283, 60: 0.05415445625251153, 70: 0.053773250596131285, 80: 0.05341951125917734, 90: 0.053214038911956515, 100: 0.05292875330257883, 110: 0.05275147340587244, 120: 0.052657538933875925, 130: 0.05240611976029565, 140: 0.05231313397756887, 150: 0.05221561860966203, 160: 0.05213171517340902, 170: 0.05194482551798102, 180: 0.05191795678299617, 190: 0.05180239693012971, 200: 0.05167792066631307, 210: 0.05166443241324847, 220: 0.05161670750868488, 230: 0.05148490039054545, 240: 0.05143788352275216, 250: 0.05132385798802337, 260: 0.05125230338898035, 270: 0.05120332185443168, 280: 0.05117378652584383, 290: 0.05112568681684665, 300: 0.051039621769018176, 310: 0.050942671690498556, 320: 0.05099629392842512, 330: 0.05092874373419298, 340: 0.05084368018172562, 350: 0.050812244306203756, 360: 0.05081357746588742, 370: 0.050789435043374576, 380: 0.050821095399749806, 390: 0.0507895779065331, 400: 0.050651867371297024, 410: 0.05064237795833941, 420: 0.05063505990025006, 430: 0.05061990990029706, 440: 0.05057176519438472, 450: 0.05065438142669265, 460: 0.05057755139955229, 470: 0.05047021925593871, 480: 0.05047803583090441, 490: 0.0504928870816753, 500: 0.05046620165388884, 510: 0.05049042082087425, 520: 0.05043427608059915, 530: 0.05033823398110977, 540: 0.050377348216335126, 550: 0.05031796575981477, 560: 0.05042201502821038, 570: 0.05023804592921667, 580: 0.050297371491289246, 590: 0.05033847128362726, 600: 0.05026440539975635}",570,0.05023804592921667,0.01,0.01,0.001
power-plant,dropoutFCN,32,1e-09,0.0005,"{0: 0.06523857676463865, 10: 0.05967071795925477, 20: 0.05755629400376999, 30: 0.05721345001736746, 40: 0.05618687409372982, 50: 0.05548271931246561, 60: 0.05451793185684106, 70: 0.05507129920842122, 80: 0.05401188279659567, 90: 0.05396521133997555, 100: 0.0539189452785931, 110: 0.053443387461722655, 120: 0.05346694037154169, 130: 0.05274387586947458, 140: 0.05320156930460672, 150: 0.05285294980346059, 160: 0.053369169379611905}",130,0.05274387586947458,0.01,0.01,0.2
power-plant,dropoutFCN,32,1e-09,0.0005,"{0: 0.06358176888218274, 10: 0.05802890648947395, 20: 0.05632794120319938, 30: 0.05595202251921109, 40: 0.05503550871930189, 50: 0.054342691914205266, 60: 0.054389953985671605, 70: 0.05384301494197565, 80: 0.053102308411105706, 90: 0.05303306768209798, 100: 0.05267370653112905, 110: 0.05264598938949842, 120: 0.05235925810322425, 130: 0.05241220686775029, 140: 0.052347226326255124, 150: 0.0523360193419552, 160: 0.05192086147128637, 170: 0.05162489179401075, 180: 0.05177710529839278, 190: 0.051793964492125456, 200: 0.051393424272010824, 210: 0.05110125184759312, 220: 0.05179390623708881, 230: 0.05114438067292827, 240: 0.05150939279612865}",210,0.05110125184759312,0.01,0.01,0.1
power-plant,dropoutFCN,32,1e-09,0.0005,"{0: 0.06254416479801521, 10: 0.057698310665996164, 20: 0.05609725810913461, 30: 0.055395439690110626, 40: 0.053976235677657816, 50: 0.05351600813345546, 60: 0.0534128355184603, 70: 0.052665129830574364, 80: 0.0527458078408381, 90: 0.05208085734587394, 100: 0.052544898994956145, 110: 0.051661121475744046, 120: 0.051829350057233124, 130: 0.05138915421940957, 140: 0.05091969932745587, 150: 0.05110114209207802, 160: 0.05119097580266274, 170: 0.05111595221699454}",140,0.05091969932745587,0.01,0.01,0.05
power-plant,dropoutFCN,32,1e-09,0.0005,"{0: 0.06191548966377034, 10: 0.05779593354685577, 20: 0.05590634546482428, 30: 0.05458606354146506, 40: 0.05387287458548149, 50: 0.053605332290335574, 60: 0.05311436491481432, 70: 0.05242283495690749, 80: 0.052524795326619064, 90: 0.05199727867051616, 100: 0.05205849139219461, 110: 0.052013293997351905, 120: 0.051516320903278845, 130: 0.05145649240744351, 140: 0.05152581068764078, 150: 0.05127105032411707, 160: 0.05073644858926074, 170: 0.05084315459546784, 180: 0.05082797251186495, 190: 0.050903673811164986}",160,0.05073644858926074,0.01,0.01,0.01
power-plant,dropoutFCN,32,1e-09,0.0005,"{0: 0.06190354880768858, 10: 0.0573998123845433, 20: 0.055749346449326984, 30: 0.05423864866048578, 40: 0.0532252356255422, 50: 0.053131932002266645, 60: 0.05248885576465634, 70: 0.05218970292842516, 80: 0.05202029643469526, 90: 0.05151468977631801, 100: 0.05155953489371849, 110: 0.051531143883518336, 120: 0.051100383212551836, 130: 0.051043490919676984, 140: 0.05072026140574668, 150: 0.05079495619206882, 160: 0.05049662743486081, 170: 0.05060966598525225, 180: 0.050670127959967226, 190: 0.05073046780020093}",160,0.05049662743486081,0.01,0.01,0.005
power-plant,dropoutFCN,32,1e-09,0.0005,"{0: 0.062136939633515284, 10: 0.05748447078086537, 20: 0.05552485352488895, 30: 0.054288598415545605, 40: 0.053266164535397356, 50: 0.05289067772257844, 60: 0.05255085548776243, 70: 0.05227375164110656, 80: 0.05202818952373783, 90: 0.05177724620079059, 100: 0.051650249105928844, 110: 0.05156382419504831, 120: 0.05135763992274746, 130: 0.05133099166150401, 140: 0.051235893485269704, 150: 0.05116235678454273, 160: 0.051290413851065496, 170: 0.05111972969735227, 180: 0.05093689478904358, 190: 0.05094433375080894, 200: 0.05108502376233467, 210: 0.05099938970114167}",180,0.05093689478904358,0.01,0.01,0.001
power-plant,dropoutFCN,32,1e-09,0.001,"{0: 0.06542611100899182, 10: 0.05912613476962327, 20: 0.05853590648760302, 30: 0.05601933399352373, 40: 0.0564942128438375, 50: 0.05504447024016912, 60: 0.05425217877207363, 70: 0.05377165188918219, 80: 0.05276167900107258, 90: 0.053694013062569323, 100: 0.05288543431679486, 110: 0.05308254347083656}",80,0.05276167900107258,0.01,0.01,0.2
power-plant,dropoutFCN,32,1e-09,0.001,"{0: 0.06239429769695566, 10: 0.059263252680290236, 20: 0.05724280692305504, 30: 0.055638662186171264, 40: 0.0545418130585328, 50: 0.05373979155915028, 60: 0.05325715843251579, 70: 0.05313965712978137, 80: 0.0529221998175744, 90: 0.052797342243517495, 100: 0.05177479803366296, 110: 0.051672831552682985, 120: 0.051212112775136764, 130: 0.051910215092854414, 140: 0.05164526144952205, 150: 0.05179573205210365}",120,0.051212112775136764,0.01,0.01,0.1
power-plant,dropoutFCN,32,1e-09,0.001,"{0: 0.06187598612140518, 10: 0.0579197238678983, 20: 0.056351117821421014, 30: 0.054540755506990654, 40: 0.054385720842166085, 50: 0.05407477263303406, 60: 0.05329345415536526, 70: 0.052625804494116316, 80: 0.051857854047204034, 90: 0.05251849795823536, 100: 0.052088087149858533, 110: 0.052269900946707935}",80,0.051857854047204034,0.01,0.01,0.05
power-plant,dropoutFCN,32,1e-09,0.001,"{0: 0.06285647151927945, 10: 0.05800981973133805, 20: 0.055898539414896954, 30: 0.05476894288908095, 40: 0.053729358274588766, 50: 0.05303503095974055, 60: 0.05288347441533374, 70: 0.05216942959483141, 80: 0.05201676248663715, 90: 0.051816913699334076, 100: 0.05119679310317286, 110: 0.05118167526855598, 120: 0.05129043139086894, 130: 0.050947534661494244, 140: 0.050593559030292876, 150: 0.05076599680031476, 160: 0.050124194836596844, 170: 0.05009773791618438, 180: 0.04989923596951519, 190: 0.050133661721773325, 200: 0.05022279069538517, 210: 0.049829928304411304, 220: 0.04998742239294162, 230: 0.04951522296873259, 240: 0.04965744642805185, 250: 0.04962428398889801, 260: 0.04951248228065122, 270: 0.049609868784193864, 280: 0.0494373753893713, 290: 0.04971875616664603, 300: 0.04948843240303399, 310: 0.049510082636185865}",280,0.0494373753893713,0.01,0.01,0.01
power-plant,dropoutFCN,32,1e-09,0.001,"{0: 0.06208726040175472, 10: 0.05769931901803362, 20: 0.055499297656760385, 30: 0.054006537556428966, 40: 0.053343059965295495, 50: 0.05276563026238792, 60: 0.05226989034049316, 70: 0.05217329317724813, 80: 0.05193016609317923, 90: 0.05172091112152508, 100: 0.05110367747446902, 110: 0.051241188863974996, 120: 0.05101487916522531, 130: 0.05067700092926243, 140: 0.05094863415021182, 150: 0.050504673248300345, 160: 0.05065715035155559, 170: 0.05031493975807253, 180: 0.05026346444467006, 190: 0.050462485455005465, 200: 0.05038610376655617, 210: 0.050216310070211545, 220: 0.05003470334697975, 230: 0.05018326074356281, 240: 0.05028425904876731, 250: 0.050172706327757256}",220,0.05003470334697975,0.01,0.01,0.005
power-plant,dropoutFCN,32,1e-09,0.001,"{0: 0.06210565012480782, 10: 0.057757608837200644, 20: 0.05557430673071523, 30: 0.05445038667780805, 40: 0.053575144233534856, 50: 0.05328403836723161, 60: 0.05274738426851651, 70: 0.05273997338719562, 80: 0.05238613233658542, 90: 0.05228533931844731, 100: 0.0520167915730377, 110: 0.0518099656968932, 120: 0.05174776658812683, 130: 0.05171726511633434, 140: 0.05164250249108001, 150: 0.05197760370118322, 160: 0.05158486522993107, 170: 0.05181771423914794, 180: 0.05159688619659736, 190: 0.051819912564906756}",160,0.05158486522993107,0.01,0.01,0.001
power-plant,dropoutFCN,32,1e-09,0.002,"{0: 0.0669877979514589, 10: 0.0595242803807299, 20: 0.05752252950711002, 30: 0.056193434456453216, 40: 0.057628630183051165, 50: 0.05713453139816532, 60: 0.05462850180208847, 70: 0.05568655192287986, 80: 0.054902466350975974, 90: 0.05483765440193219}",60,0.05462850180208847,0.01,0.01,0.2
power-plant,dropoutFCN,32,1e-09,0.002,"{0: 0.06232812127104668, 10: 0.062224691019084254, 20: 0.05592681517735272, 30: 0.055002679245320096, 40: 0.054609830955229456, 50: 0.05382228408087266, 60: 0.05409379399416483, 70: 0.053426736185437994, 80: 0.05291918312700283, 90: 0.05313432688622377, 100: 0.053320844631278085, 110: 0.05290501568064463, 120: 0.05353758211328663, 130: 0.05182820738723633, 140: 0.052770939480233925, 150: 0.05140531539076586, 160: 0.052032877996267844, 170: 0.052063438325082444, 180: 0.05219167637629234}",150,0.05140531539076586,0.01,0.01,0.1
power-plant,dropoutFCN,32,1e-09,0.002,"{0: 0.06378787858936574, 10: 0.05854728319100418, 20: 0.0562632155196036, 30: 0.05537164943962443, 40: 0.05395129501820278, 50: 0.05428983403739725, 60: 0.05388137640048224, 70: 0.052333438039377025, 80: 0.05230568208188211, 90: 0.05221546731311091, 100: 0.051740425911207685, 110: 0.05230729627997038, 120: 0.05054983858628108, 130: 0.05157628086691435, 140: 0.05180718671984134, 150: 0.051425474333921674}",120,0.05054983858628108,0.01,0.01,0.05
power-plant,dropoutFCN,32,1e-09,0.002,"{0: 0.0637526692662594, 10: 0.057404308874617324, 20: 0.05537294158043994, 30: 0.055002271850466224, 40: 0.05412373087203457, 50: 0.053940979576202565, 60: 0.053112206086627076, 70: 0.05271980299846414, 80: 0.05199594282120482, 90: 0.05248626977896794, 100: 0.051534784282870075, 110: 0.0517770479909488, 120: 0.050935496435753916, 130: 0.051516160686230716, 140: 0.05146289988690289, 150: 0.05090883157263417, 160: 0.05116512153592086, 170: 0.050685802332428954, 180: 0.0512455135418061, 190: 0.051204349750070786, 200: 0.051165152870237166}",170,0.050685802332428954,0.01,0.01,0.01
power-plant,dropoutFCN,32,1e-09,0.002,"{0: 0.06427694126295222, 10: 0.058853262239206436, 20: 0.056545750862522906, 30: 0.05522599754554961, 40: 0.0540334625541111, 50: 0.053263182581450186, 60: 0.05277618520697054, 70: 0.052301552761850646, 80: 0.05207709587540814, 90: 0.05186070632866796, 100: 0.051466848786604326, 110: 0.05095188648165468, 120: 0.05122129256313777, 130: 0.05079874689091457, 140: 0.05111528793145764, 150: 0.05117880901364287, 160: 0.050826328663068056}",130,0.05079874689091457,0.01,0.01,0.005
power-plant,dropoutFCN,32,1e-09,0.002,"{0: 0.0637775792127388, 10: 0.05842700483055181, 20: 0.05588216191245256, 30: 0.054580101112481225, 40: 0.05333146088572795, 50: 0.05264511678193821, 60: 0.052015840060295845, 70: 0.05154418890719916, 80: 0.05135965473664409, 90: 0.05119320716653284, 100: 0.05112085797237018, 110: 0.051483172012137625, 120: 0.05132531824816154, 130: 0.050906227994178786, 140: 0.05109024695878567, 150: 0.05085953081497744, 160: 0.050883619659173505, 170: 0.050860898775649296, 180: 0.05133592439979805}",150,0.05085953081497744,0.01,0.01,0.001
protein-tertiary-structure,dropoutFCN,32,0.1,0.0001,"{0: 0.7991788306380083, 10: 0.7443603682414061, 20: 0.7438547059734549, 30: 0.743805867788033, 40: 0.7440825113379883, 50: 0.7435721057877919, 60: 0.7444989249663918, 70: 0.7440459660389717, 80: 0.7437161995810702}",50,0.7435721057877919,0.01,0.01,0.2
protein-tertiary-structure,dropoutFCN,32,0.1,0.0001,"{0: 0.7832147381208256, 10: 0.7419389800393664, 20: 0.7418050722731172, 30: 0.7418607279510394, 40: 0.7420496027438613, 50: 0.7423319016457037}",20,0.7418050722731172,0.01,0.01,0.1
protein-tertiary-structure,dropoutFCN,32,0.1,0.0001,"{0: 0.7852693668235775, 10: 0.7395068364018375, 20: 0.7400141797500605, 30: 0.7403714963508559, 40: 0.7408610457290494}",10,0.7395068364018375,0.01,0.01,0.05
protein-tertiary-structure,dropoutFCN,32,0.1,0.0001,"{0: 0.7766308711185507, 10: 0.7385362968483083, 20: 0.7390532204990347, 30: 0.7393918010324184, 40: 0.7395183411377426}",10,0.7385362968483083,0.01,0.01,0.01
protein-tertiary-structure,dropoutFCN,32,0.1,0.0001,"{0: 0.7781237452811732, 10: 0.738854153377015, 20: 0.7392595998249485, 30: 0.739446249390102, 40: 0.739603986054307}",10,0.738854153377015,0.01,0.01,0.005
protein-tertiary-structure,dropoutFCN,32,0.1,0.0001,"{0: 0.7776236578164374, 10: 0.7384623565855662, 20: 0.7389792019663697, 30: 0.73926652914934, 40: 0.7393390697339165}",10,0.7384623565855662,0.01,0.01,0.001
protein-tertiary-structure,dropoutFCN,32,0.1,0.0005,"{0: 0.7587752931828732, 10: 0.7525599732628813, 20: 0.751589817377795, 30: 0.7507188144610415, 40: 0.7515616967321661, 50: 0.7515969001256093, 60: 0.7516717492873439}",30,0.7507188144610415,0.01,0.01,0.2
protein-tertiary-structure,dropoutFCN,32,0.1,0.0005,"{0: 0.754167201279242, 10: 0.7491926774705584, 20: 0.7489539239228036, 30: 0.7489568372108549, 40: 0.749426623903412, 50: 0.7491315971132779}",20,0.7489539239228036,0.01,0.01,0.1
protein-tertiary-structure,dropoutFCN,32,0.1,0.0005,"{0: 0.7538585827544114, 10: 0.7478622101561789, 20: 0.7474701931742362, 30: 0.7472090710262036, 40: 0.7469847247099451, 50: 0.7478785201135414, 60: 0.7472735117926381, 70: 0.7469432708412397, 80: 0.7472325714684337, 90: 0.7468214243765756, 100: 0.7472553812325308, 110: 0.7473928447797877, 120: 0.7476599693384718}",90,0.7468214243765756,0.01,0.01,0.05
protein-tertiary-structure,dropoutFCN,32,0.1,0.0005,"{0: 0.7493553461657283, 10: 0.7459538994591748, 20: 0.74575155076737, 30: 0.7455554461499065, 40: 0.7449870858147148, 50: 0.7451816528658011, 60: 0.7446138771214258, 70: 0.7444806362053795, 80: 0.744350939741284, 90: 0.7445824899400124, 100: 0.7444628173019038, 110: 0.7443422201451664, 120: 0.7440595543370558, 130: 0.7443586437325566, 140: 0.7440744529520467, 150: 0.7440464270106434, 160: 0.7440330571263665, 170: 0.7440718539709745, 180: 0.7435870980140054, 190: 0.7438501434554496, 200: 0.7440205856110066, 210: 0.7436284596468059}",180,0.7435870980140054,0.01,0.01,0.01
protein-tertiary-structure,dropoutFCN,32,0.1,0.0005,"{0: 0.7495710895070967, 10: 0.7456167506043554, 20: 0.7450535184353637, 30: 0.7449081049893402, 40: 0.7445881675496949, 50: 0.7443282831251146, 60: 0.7438713718105803, 70: 0.7437837598724094, 80: 0.7437486609660567, 90: 0.7436818603186609, 100: 0.7436093702718383, 110: 0.7434471659468639, 120: 0.743620189105109, 130: 0.7434692042960906, 140: 0.743327646422695, 150: 0.7432386748182328, 160: 0.7431815054478845, 170: 0.7430806560298586, 180: 0.7430660983467048, 190: 0.7432111348885762, 200: 0.7430472514861214, 210: 0.7429778297247449, 220: 0.7429467096653757, 230: 0.7426913177346671, 240: 0.742759477458772, 250: 0.74278313171521, 260: 0.7425822159412906, 270: 0.7428223036327705, 280: 0.7427837654626879, 290: 0.7427493990471545}",260,0.7425822159412906,0.01,0.01,0.005
protein-tertiary-structure,dropoutFCN,32,0.1,0.0005,"{0: 0.7512084537840219, 10: 0.7453112951269611, 20: 0.7451787779791663, 30: 0.7448395175185778, 40: 0.7442667408422543, 50: 0.7438349014810743, 60: 0.7434778209333361, 70: 0.743166502495638, 80: 0.7428807998058241, 90: 0.7426427557225186, 100: 0.7425023949424395, 110: 0.7422331416937911, 120: 0.7423443560922277, 130: 0.7422728719143054, 140: 0.7421926907702543, 150: 0.7421037747947548, 160: 0.7419605559839972, 170: 0.7416677662348764, 180: 0.7416862116553332, 190: 0.7416021105335175, 200: 0.741698866767661, 210: 0.7415908959223045, 220: 0.7415148594104568, 230: 0.7414169121059784, 240: 0.7413737623604694, 250: 0.7414504493810468, 260: 0.7413917014741422, 270: 0.7413862540301419}",240,0.7413737623604694,0.01,0.01,0.001
protein-tertiary-structure,dropoutFCN,32,0.1,0.001,"{0: 0.7570334912441383, 10: 0.7549377209265367, 20: 0.7555333764191132, 30: 0.7550607496754482, 40: 0.7571156451554119}",10,0.7549377209265367,0.01,0.01,0.2
protein-tertiary-structure,dropoutFCN,32,0.1,0.001,"{0: 0.7549043857324828, 10: 0.7528771644289611, 20: 0.7517685175285058, 30: 0.7518981943181549, 40: 0.7521263833064351, 50: 0.7529655854691943}",20,0.7517685175285058,0.01,0.01,0.1
protein-tertiary-structure,dropoutFCN,32,0.1,0.001,"{0: 0.7530144379437582, 10: 0.7499352783875711, 20: 0.7502996152112063, 30: 0.7497491045544551, 40: 0.7508768770399413, 50: 0.7499622755274171, 60: 0.7498356347785108}",30,0.7497491045544551,0.01,0.01,0.05
protein-tertiary-structure,dropoutFCN,32,0.1,0.001,"{0: 0.750809830965932, 10: 0.7482317547820024, 20: 0.7472599559837655, 30: 0.7473813289467879, 40: 0.7470841667373385, 50: 0.7469663560314966, 60: 0.7465974962474748, 70: 0.7465243760828377, 80: 0.7463533358414934, 90: 0.7465395241814599, 100: 0.746647180562909, 110: 0.7464511976568826}",80,0.7463533358414934,0.01,0.01,0.01
protein-tertiary-structure,dropoutFCN,32,0.1,0.001,"{0: 0.7506355785288686, 10: 0.7481075256641377, 20: 0.7473700556141257, 30: 0.7467399313686414, 40: 0.7463255958516453, 50: 0.746363035713544, 60: 0.7463466841986814, 70: 0.7457601936045959, 80: 0.7452650175539348, 90: 0.7454607612498851, 100: 0.7455901726844525, 110: 0.7452480673601626, 120: 0.7452438796502235, 130: 0.745493477456625, 140: 0.7451144989524134, 150: 0.7449219036171951, 160: 0.7448033096408817, 170: 0.7449172956263546, 180: 0.7450145718733758, 190: 0.744902257045483}",160,0.7448033096408817,0.01,0.01,0.005
protein-tertiary-structure,dropoutFCN,32,0.1,0.001,"{0: 0.749680895517624, 10: 0.7474122913608635, 20: 0.7463751639308708, 30: 0.7457034250872058, 40: 0.745225076935, 50: 0.7448259399663811, 60: 0.7446249814648112, 70: 0.7443043009991841, 80: 0.7442192668937916, 90: 0.7440656791933595, 100: 0.7437118390501444, 110: 0.7437406432419308, 120: 0.743534924837812, 130: 0.7435251138827867, 140: 0.7434194266196178, 150: 0.7433963497005441, 160: 0.7432306328578118, 170: 0.7430843455203212, 180: 0.7432780367818899, 190: 0.7431349759119499, 200: 0.7431499276628124}",170,0.7430843455203212,0.01,0.01,0.001
protein-tertiary-structure,dropoutFCN,32,0.1,0.002,"{0: 0.7653388280757417, 10: 0.7633339032515768, 20: 0.7611361108949433, 30: 0.7636227452252413, 40: 0.7626385749605471, 50: 0.7627426952989271}",20,0.7611361108949433,0.01,0.01,0.2
protein-tertiary-structure,dropoutFCN,32,0.1,0.002,"{0: 0.762330233984264, 10: 0.758434202158994, 20: 0.7552082064156612, 30: 0.7569230108002418, 40: 0.757506012034097, 50: 0.7577406317348612}",20,0.7552082064156612,0.01,0.01,0.1
protein-tertiary-structure,dropoutFCN,32,0.1,0.002,"{0: 0.7614111160092605, 10: 0.7546796946376021, 20: 0.7544399574922215, 30: 0.7537060964997773, 40: 0.7550729961363652, 50: 0.7551997016225441, 60: 0.7542658423106948}",30,0.7537060964997773,0.01,0.01,0.05
protein-tertiary-structure,dropoutFCN,32,0.1,0.002,"{0: 0.7574161106221685, 10: 0.7512560149787394, 20: 0.7503011664418553, 30: 0.7499480109442087, 40: 0.7502118429316498, 50: 0.7493938248834192, 60: 0.7494758040207234, 70: 0.7491704744508348, 80: 0.7489669604729576, 90: 0.7489311082153799, 100: 0.7493905618368235, 110: 0.7492752046965505, 120: 0.7494629047465569}",90,0.7489311082153799,0.01,0.01,0.01
protein-tertiary-structure,dropoutFCN,32,0.1,0.002,"{0: 0.757280171346973, 10: 0.7514853257827796, 20: 0.7490685482183579, 30: 0.7491059689220075, 40: 0.7483055451802982, 50: 0.7480115793733544, 60: 0.747902420784123, 70: 0.7476927309950213, 80: 0.7473995679719809, 90: 0.7477802657417277, 100: 0.7478027244205514, 110: 0.7478672790061587}",80,0.7473995679719809,0.01,0.01,0.005
protein-tertiary-structure,dropoutFCN,32,0.1,0.002,"{0: 0.7569616669505866, 10: 0.749761290159734, 20: 0.7487305997337526, 30: 0.7477469294022295, 40: 0.7475203409851965, 50: 0.7470628544299571, 60: 0.7470067328918402, 70: 0.7470591154129466, 80: 0.7467926585445394, 90: 0.7469365199643956, 100: 0.7467754332557022, 110: 0.7468629633000377, 120: 0.7468826370431321, 130: 0.7467795431528333}",100,0.7467754332557022,0.01,0.01,0.001
protein-tertiary-structure,dropoutFCN,32,0.01,0.0001,"{0: 0.7331465449533903, 10: 0.6435545344794387, 20: 0.6279270688048799, 30: 0.6180752559500171, 40: 0.6123924804626124, 50: 0.6086455997335116, 60: 0.6063408302231379, 70: 0.6049240312435675, 80: 0.6035332714362698, 90: 0.6021544248516681, 100: 0.6023958184142825, 110: 0.60109409547683, 120: 0.6005540679700946, 130: 0.6011581408750766, 140: 0.6005560936340506, 150: 0.5996799647663347, 160: 0.5995242946014399, 170: 0.6002300947968667, 180: 0.600355745350145, 190: 0.5992432109975074, 200: 0.5995874858733856, 210: 0.5996621903730058, 220: 0.5990312686444613, 230: 0.5987901529432575, 240: 0.5986587678976513, 250: 0.5988118902657126, 260: 0.5988131095334247, 270: 0.598597738878133, 280: 0.5987906144973969, 290: 0.5982946072760041, 300: 0.5987296835362521, 310: 0.5989051614508532, 320: 0.5979494638703381, 330: 0.5980799927039326, 340: 0.5975995499820936, 350: 0.5978730954808233, 360: 0.5984647877792387, 370: 0.5983985381318622}",340,0.5975995499820936,0.01,0.01,0.2
protein-tertiary-structure,dropoutFCN,32,0.01,0.0001,"{0: 0.7276675759825018, 10: 0.6358982964525175, 20: 0.622466653548322, 30: 0.613814718075958, 40: 0.6087235600197382, 50: 0.6055558729616355, 60: 0.6034287626589679, 70: 0.6023348949440741, 80: 0.6005613597627343, 90: 0.6001310866119742, 100: 0.5990804158608949, 110: 0.5991923144252898, 120: 0.5985756728514884, 130: 0.5983724948749625, 140: 0.5968885809852795, 150: 0.5969163114215726, 160: 0.5964756216937463, 170: 0.5968031084017393, 180: 0.5963118159878953, 190: 0.5966007980757748, 200: 0.5963037096568965, 210: 0.5953942324581654, 220: 0.5960969898736145, 230: 0.5954771170784665, 240: 0.595885274147505}",210,0.5953942324581654,0.01,0.01,0.1
protein-tertiary-structure,dropoutFCN,32,0.01,0.0001,"{0: 0.7282664593577621, 10: 0.633750580580704, 20: 0.6178814068243099, 30: 0.6089931524418735, 40: 0.6037840638176829, 50: 0.6006775837926475, 60: 0.6000373082583859, 70: 0.5980690622145794, 80: 0.5971384264981641, 90: 0.5958342116304626, 100: 0.5951312133298102, 110: 0.5950778223307722, 120: 0.5941474913470813, 130: 0.5937612591314081, 140: 0.5933503000744909, 150: 0.5925875844779204, 160: 0.5923919863178245, 170: 0.5924207473491809, 180: 0.5919098239857672, 190: 0.5917501915059511, 200: 0.5916359231915128, 210: 0.5910329174081623, 220: 0.5903480424948094, 230: 0.5912786134827952, 240: 0.5901402060982353, 250: 0.5900740581588176, 260: 0.5898264810493901, 270: 0.5902295531486511, 280: 0.5899385597187305, 290: 0.5898114101432304, 300: 0.5898619503103513, 310: 0.5906115832992747, 320: 0.5900869426109445}",290,0.5898114101432304,0.01,0.01,0.05
protein-tertiary-structure,dropoutFCN,32,0.01,0.0001,"{0: 0.7143218205547736, 10: 0.629914914628149, 20: 0.6140601816613729, 30: 0.6047705958848574, 40: 0.6002551282655142, 50: 0.5972499547750287, 60: 0.5953318956230275, 70: 0.5934862689267448, 80: 0.59216600806716, 90: 0.5910960263182486, 100: 0.5900418683584409, 110: 0.5891020207493006, 120: 0.5878650124656705, 130: 0.5878245640857837, 140: 0.5871960466447261, 150: 0.5872317178320322, 160: 0.5861087886075558, 170: 0.5861936829821184, 180: 0.585760865904534, 190: 0.5853989693979117, 200: 0.5855329431941437, 210: 0.5850356954830194, 220: 0.5845917704584401, 230: 0.5845086818146858, 240: 0.5839735205191995, 250: 0.584023475353509, 260: 0.5834248749943886, 270: 0.5834375039238114, 280: 0.5833005883457306, 290: 0.5833268657356653, 300: 0.5833781555389423, 310: 0.5831946385434043, 320: 0.5825294059549142, 330: 0.5831171433119511, 340: 0.5825359273921803, 350: 0.5828885555524346}",320,0.5825294059549142,0.01,0.01,0.01
protein-tertiary-structure,dropoutFCN,32,0.01,0.0001,"{0: 0.7139514441450736, 10: 0.6321414909749333, 20: 0.6165212894413571, 30: 0.6080140069308004, 40: 0.6029241633453125, 50: 0.599488551753042, 60: 0.5968525532974374, 70: 0.5946862261400276, 80: 0.5929818023464858, 90: 0.5919416129320648, 100: 0.5907324764717291, 110: 0.5896239551286712, 120: 0.5886295083555357, 130: 0.587931736048549, 140: 0.5872679355637243, 150: 0.5865061655466095, 160: 0.5864382333729438, 170: 0.5855579164477995, 180: 0.5847486729299138, 190: 0.5848016227316418, 200: 0.5841557088343496, 210: 0.5832966772664729, 220: 0.583164218419747, 230: 0.5830610685063302, 240: 0.582494413675484, 250: 0.5822696435420557, 260: 0.5822701560391765, 270: 0.5822999239138953, 280: 0.581854943853323, 290: 0.5819105371168056, 300: 0.5816211221261105, 310: 0.5810634406120319, 320: 0.5812707864490373, 330: 0.5810189848372735, 340: 0.5810062074714402, 350: 0.5809102836154292, 360: 0.5807790999133681, 370: 0.5805502163683279, 380: 0.5805365693540698, 390: 0.5804395268459018, 400: 0.5802183301638428, 410: 0.5802223064918941, 420: 0.5803012549737989, 430: 0.5801922936025754, 440: 0.5800373812795656, 450: 0.5800166740930244, 460: 0.579674493399091, 470: 0.5799784797252174, 480: 0.5797557277122698, 490: 0.5796811207319398}",460,0.579674493399091,0.01,0.01,0.005
protein-tertiary-structure,dropoutFCN,32,0.01,0.0001,"{0: 0.7119922949547192, 10: 0.6287448061325052, 20: 0.6131661997191061, 30: 0.6049541691900203, 40: 0.5992436743669605, 50: 0.5957991617872969, 60: 0.5932580917013468, 70: 0.5914061796682649, 80: 0.589789621255081, 90: 0.5885437491618484, 100: 0.5874367999626767, 110: 0.5867824833345969, 120: 0.5859862560476088, 130: 0.5852861386431728, 140: 0.5845475774953897, 150: 0.5837541026322707, 160: 0.5831099645130204, 170: 0.5825313369203966, 180: 0.5820266621714878, 190: 0.5818058074424444, 200: 0.5813585849324547, 210: 0.5809671883751827, 220: 0.5803932335436522, 230: 0.5801623862696266, 240: 0.5800472793807372, 250: 0.5797656836645062, 260: 0.5799612562083827, 270: 0.5791389531879247, 280: 0.5792974779207061, 290: 0.5788814290988327, 300: 0.5786222210726526, 310: 0.5787957584512453, 320: 0.5785842397407589, 330: 0.5782243507281029, 340: 0.5783749136445747, 350: 0.5781423184450311, 360: 0.5779524753644667, 370: 0.5777495897129569, 380: 0.5778023141970584, 390: 0.5776214761609128, 400: 0.5775657751933823, 410: 0.5775356060851731, 420: 0.57737531836478, 430: 0.5774683996410588, 440: 0.5771497189424755, 450: 0.5774604548454942, 460: 0.5772540033009382, 470: 0.5771911523255726}",440,0.5771497189424755,0.01,0.01,0.001
protein-tertiary-structure,dropoutFCN,32,0.01,0.0005,"{0: 0.6687734858993439, 10: 0.6172628339604438, 20: 0.6106655681385134, 30: 0.6097533332982831, 40: 0.6095615596886521, 50: 0.6104657911389096, 60: 0.6081657156685394, 70: 0.6097753816100572, 80: 0.6089743182306968, 90: 0.6093878853977955}",60,0.6081657156685394,0.01,0.01,0.2
protein-tertiary-structure,dropoutFCN,32,0.01,0.0005,"{0: 0.6618411806355985, 10: 0.6134048129492227, 20: 0.6083046934232851, 30: 0.6053835917469418, 40: 0.6049300157290782, 50: 0.6038933808212885, 60: 0.6034245861403097, 70: 0.6033487548630464, 80: 0.6030557788345672, 90: 0.6017260760612241, 100: 0.6014971374642505, 110: 0.6016065385457142, 120: 0.6030601402154399, 130: 0.6014833502013255, 140: 0.6024581362519933, 150: 0.6021594885420453, 160: 0.6013610223545565, 170: 0.6028047056838575, 180: 0.6025348849870292, 190: 0.6020103815336268}",160,0.6013610223545565,0.01,0.01,0.1
protein-tertiary-structure,dropoutFCN,32,0.01,0.0005,"{0: 0.6617875413012688, 10: 0.6108472402491336, 20: 0.6055909001117478, 30: 0.6030185302780062, 40: 0.6026537921697281, 50: 0.6003651047669415, 60: 0.6012653514654858, 70: 0.6011556692557425, 80: 0.6011858014485953}",50,0.6003651047669415,0.01,0.01,0.05
protein-tertiary-structure,dropoutFCN,32,0.01,0.0005,"{0: 0.6580148001920932, 10: 0.606787093822226, 20: 0.5998157315533106, 30: 0.5982470505486077, 40: 0.5979444450354828, 50: 0.5969825055278426, 60: 0.5967459450244832, 70: 0.5964325129795809, 80: 0.5959870114534705, 90: 0.5957837461519208, 100: 0.5953043548875326, 110: 0.5945707969571107, 120: 0.5952199947773957, 130: 0.5952653510326158, 140: 0.5946026136649628}",110,0.5945707969571107,0.01,0.01,0.01
protein-tertiary-structure,dropoutFCN,32,0.01,0.0005,"{0: 0.6577255064986905, 10: 0.6061858873612808, 20: 0.6005424022424697, 30: 0.5975224624233735, 40: 0.5961059193350987, 50: 0.5958699610915175, 60: 0.5946183850181666, 70: 0.5944975622772642, 80: 0.5935274086987844, 90: 0.5937206739436163, 100: 0.5936321184316625, 110: 0.5947979742978988}",80,0.5935274086987844,0.01,0.01,0.005
protein-tertiary-structure,dropoutFCN,32,0.01,0.0005,"{0: 0.6579154701048565, 10: 0.6070007461459657, 20: 0.6000241731580329, 30: 0.5980363143592978, 40: 0.5962178688609308, 50: 0.5947416850047347, 60: 0.5939861476483361, 70: 0.5926086502278975, 80: 0.5925038025029241, 90: 0.591837235564716, 100: 0.5916970694459612, 110: 0.591241810088402, 120: 0.5900231677643106, 130: 0.590389043982206, 140: 0.5899835887070438, 150: 0.589634576738281, 160: 0.5897803325107127, 170: 0.5895990549979688, 180: 0.5893837136985155, 190: 0.5893059135209515, 200: 0.5892354832184374, 210: 0.5893273850581028, 220: 0.5898445827891867, 230: 0.5882939418276131, 240: 0.5885887316750588, 250: 0.5880098116246715, 260: 0.5879236968060443, 270: 0.5888216402376554, 280: 0.5885388074703753, 290: 0.588661883297022}",260,0.5879236968060443,0.01,0.01,0.001
protein-tertiary-structure,dropoutFCN,32,0.01,0.001,"{0: 0.6615747659920278, 10: 0.62123422978439, 20: 0.6182883085795976, 30: 0.6184581527735571, 40: 0.6180367197004879, 50: 0.61622169093394, 60: 0.6169869271228366, 70: 0.6144367437316653, 80: 0.6150473310222451, 90: 0.6168048636545448, 100: 0.6164642777600134}",70,0.6144367437316653,0.01,0.01,0.2
protein-tertiary-structure,dropoutFCN,32,0.01,0.001,"{0: 0.6577679203250584, 10: 0.6167456537679828, 20: 0.6122630558829638, 30: 0.6132724408229804, 40: 0.6097993214445123, 50: 0.6108523708181467, 60: 0.6083638576772389, 70: 0.6105126629838342, 80: 0.609574375366005, 90: 0.60826547297896, 100: 0.6095405526318355, 110: 0.6092040314308391, 120: 0.6114382012089898}",90,0.60826547297896,0.01,0.01,0.1
protein-tertiary-structure,dropoutFCN,32,0.01,0.001,"{0: 0.6545916080752175, 10: 0.611249413980276, 20: 0.6094852907263286, 30: 0.6091085759208681, 40: 0.6060138888380202, 50: 0.6059841059349227, 60: 0.6055259269873468, 70: 0.6051732402218967, 80: 0.6054847418705351, 90: 0.6059357480733636, 100: 0.6076046578581132}",70,0.6051732402218967,0.01,0.01,0.05
protein-tertiary-structure,dropoutFCN,32,0.01,0.001,"{0: 0.6550977663026594, 10: 0.6064312710481949, 20: 0.6020686987980516, 30: 0.6007899762164824, 40: 0.5998045704063772, 50: 0.5994291766719242, 60: 0.5995666942441226, 70: 0.5988381819853267, 80: 0.5989686714473489, 90: 0.5981639706781182, 100: 0.5992513785245425, 110: 0.5980582783820566, 120: 0.5985305068508187, 130: 0.5988059289355416, 140: 0.5973598429955315, 150: 0.5970894582624384, 160: 0.5982361434703886, 170: 0.5979790884450853, 180: 0.5984736006742588}",150,0.5970894582624384,0.01,0.01,0.01
protein-tertiary-structure,dropoutFCN,32,0.01,0.001,"{0: 0.654365562808998, 10: 0.605727879472721, 20: 0.6027360912427996, 30: 0.6005770656493201, 40: 0.6001676599930059, 50: 0.5983618148254107, 60: 0.597217683900253, 70: 0.5966343258339212, 80: 0.5962930408856254, 90: 0.596859007308286, 100: 0.5970320413846952, 110: 0.5960296223171644, 120: 0.5968615932897926, 130: 0.5964670137579364, 140: 0.5967680654231433}",110,0.5960296223171644,0.01,0.01,0.005
protein-tertiary-structure,dropoutFCN,32,0.01,0.001,"{0: 0.6564211891639946, 10: 0.6053830593689545, 20: 0.6006698974032536, 30: 0.5971154581887368, 40: 0.5964601451806321, 50: 0.5961083708559383, 60: 0.5956868260001446, 70: 0.5946820055583423, 80: 0.5952189840199036, 90: 0.5950621517747653, 100: 0.5945503524895889, 110: 0.5960341727705959, 120: 0.5948381940848766, 130: 0.5951136014961336}",100,0.5945503524895889,0.01,0.01,0.001
protein-tertiary-structure,dropoutFCN,32,0.01,0.002,"{0: 0.6671494017713607, 10: 0.6356254436332265, 20: 0.636717035314941, 30: 0.6355253028839716, 40: 0.6317068296699361, 50: 0.6363282402751078, 60: 0.6313595162364849, 70: 0.6287718740881251, 80: 0.632329749422281, 90: 0.6340091003553736, 100: 0.6335909036803059}",70,0.6287718740881251,0.01,0.01,0.2
protein-tertiary-structure,dropoutFCN,32,0.01,0.002,"{0: 0.6625554053095881, 10: 0.6297793484383842, 20: 0.6261519163983824, 30: 0.6231608233277706, 40: 0.6258037754597987, 50: 0.6302448335413462, 60: 0.6247550410993225}",30,0.6231608233277706,0.01,0.01,0.1
protein-tertiary-structure,dropoutFCN,32,0.01,0.002,"{0: 0.6612639512430363, 10: 0.6202469918642952, 20: 0.6206864584221471, 30: 0.6206155787564318, 40: 0.6160416414838374, 50: 0.6164459255231942, 60: 0.616857246572762, 70: 0.6184385781209628}",40,0.6160416414838374,0.01,0.01,0.05
protein-tertiary-structure,dropoutFCN,32,0.01,0.002,"{0: 0.6607322901464612, 10: 0.6161109037139103, 20: 0.6111919931197469, 30: 0.6106239359638284, 40: 0.6088054498658665, 50: 0.6078772144615521, 60: 0.6081394996253469, 70: 0.608082950534035, 80: 0.6076303956004102, 90: 0.6078864465627147, 100: 0.6058082024445778, 110: 0.6062567854634754, 120: 0.6069453364836217, 130: 0.6072284320673382}",100,0.6058082024445778,0.01,0.01,0.01
protein-tertiary-structure,dropoutFCN,32,0.01,0.002,"{0: 0.6615277829975984, 10: 0.6127970621098786, 20: 0.6065834004878157, 30: 0.6041601854538037, 40: 0.6047775519635736, 50: 0.6043297198258389, 60: 0.6048697534415417}",30,0.6041601854538037,0.01,0.01,0.005
protein-tertiary-structure,dropoutFCN,32,0.01,0.002,"{0: 0.6577249124921575, 10: 0.6129566025622938, 20: 0.6082945616286074, 30: 0.6069265165504013, 40: 0.6048703041601887, 50: 0.6054701448204817, 60: 0.6055525977571218, 70: 0.6041914973975155, 80: 0.6058205012630177, 90: 0.6043947602581068, 100: 0.6036845646141638, 110: 0.6039145364281545, 120: 0.6057976204315378, 130: 0.6049638701701184}",100,0.6036845646141638,0.01,0.01,0.001
protein-tertiary-structure,dropoutFCN,32,0.001,0.0001,"{0: 0.7321183729840074, 10: 0.6296484593647306, 20: 0.6011973575100964, 30: 0.5812152737224341, 40: 0.5690304778213021, 50: 0.5589187850804347, 60: 0.5520673667678848, 70: 0.5457836197462778, 80: 0.5405997566886185, 90: 0.5366213386896539, 100: 0.532297363311217, 110: 0.5298119643708626, 120: 0.5265435211503993, 130: 0.5246019809854592, 140: 0.522962532617167, 150: 0.5212847037741132, 160: 0.5180364066925457, 170: 0.5171561257707048, 180: 0.5155359145127388, 190: 0.5142152570359677, 200: 0.5136282702859523, 210: 0.5137061956154493, 220: 0.5117929620147652, 230: 0.5117745919622864, 240: 0.5103264362668783, 250: 0.5100753530113323, 260: 0.5094048294326639, 270: 0.5095829810844755, 280: 0.5079670770062326, 290: 0.507064767287319, 300: 0.5081925024988003, 310: 0.5070452116635469, 320: 0.5072257109311817, 330: 0.5051240202783289, 340: 0.5058617923578607, 350: 0.5046266512750005, 360: 0.5048046063891882, 370: 0.5038004710490462, 380: 0.5049470847662951, 390: 0.5030399603004788, 400: 0.5038948841219343, 410: 0.5047235672658378, 420: 0.5044244582754118}",390,0.5030399603004788,0.01,0.01,0.2
protein-tertiary-structure,dropoutFCN,32,0.001,0.0001,"{0: 0.7170879459501192, 10: 0.6121179256624657, 20: 0.5859138061294851, 30: 0.5679415541738241, 40: 0.5567683051981906, 50: 0.5481715258938749, 60: 0.5405496725196584, 70: 0.5339668533515538, 80: 0.5296081157423211, 90: 0.5264436847769092, 100: 0.5212869770975834, 110: 0.5180872424314806, 120: 0.5158977706168223, 130: 0.5121558696048613, 140: 0.5104171364496725, 150: 0.5081495846384317, 160: 0.5057725689866575, 170: 0.5041600964522323, 180: 0.5034560616666386, 190: 0.5015934103382513, 200: 0.4999668025645912, 210: 0.4993863259775755, 220: 0.4977370971696466, 230: 0.4968293524217886, 240: 0.4944901632147822, 250: 0.4946629151786574, 260: 0.49442280584765025, 270: 0.492979296588103, 280: 0.4918024553216983, 290: 0.49157280999071995, 300: 0.49113871981990326, 310: 0.49082262367591445, 320: 0.4896712436331779, 330: 0.48786096486696834, 340: 0.4884822479945366, 350: 0.4875543855419546, 360: 0.4881923608819979, 370: 0.48855216247095734, 380: 0.4865916474485691, 390: 0.4856629091915095, 400: 0.4850062082198806, 410: 0.4843638889108422, 420: 0.4833363113171957, 430: 0.4842887931421013, 440: 0.4831939782880174, 450: 0.48313349581945975, 460: 0.48379767414319164, 470: 0.48237596833001833, 480: 0.4829131203582106, 490: 0.4816880412171777, 500: 0.4813545221114966, 510: 0.4827286896186087, 520: 0.480429132407286, 530: 0.4806276670359989, 540: 0.4801599687825724, 550: 0.4793332851247146, 560: 0.4805340369212513, 570: 0.48014789837430455, 580: 0.4794504500768905}",550,0.4793332851247146,0.01,0.01,0.1
protein-tertiary-structure,dropoutFCN,32,0.001,0.0001,"{0: 0.7078455819138944, 10: 0.6090759177446401, 20: 0.581580849510026, 30: 0.5640018470073263, 40: 0.5525547911032397, 50: 0.5452370194095895, 60: 0.5373404690697805, 70: 0.5307633335771978, 80: 0.5255790173685287, 90: 0.5213474792073415, 100: 0.5175999160012732, 110: 0.5154258671462347, 120: 0.5122035952171979, 130: 0.5091757325077237, 140: 0.5068469527934607, 150: 0.5041645174673512, 160: 0.5030863140136022, 170: 0.49982591692725353, 180: 0.4999731281174659, 190: 0.4974634253193674, 200: 0.49664172051141114, 210: 0.4959736862652355, 220: 0.49345248754536797, 230: 0.49302808195721415, 240: 0.4911782887514531, 250: 0.4913721061711458, 260: 0.4887998415915174, 270: 0.4886964073311578, 280: 0.48702592545488255, 290: 0.48779643105636533, 300: 0.4872727130701856, 310: 0.48688147855968344, 320: 0.4860456438827546, 330: 0.4842404312046572, 340: 0.48317488670696473, 350: 0.4837097705147844, 360: 0.4828606501032039, 370: 0.4817877727396194, 380: 0.4829468685606678, 390: 0.4827261258978671, 400: 0.48323038608563545}",370,0.4817877727396194,0.01,0.01,0.05
protein-tertiary-structure,dropoutFCN,32,0.001,0.0001,"{0: 0.7047107320326422, 10: 0.6003435790684561, 20: 0.5699029652301035, 30: 0.5546692316305768, 40: 0.5447982228861928, 50: 0.5376576025523918, 60: 0.5313236047589343, 70: 0.526666716112999, 80: 0.5229427546144668, 90: 0.5209735069987211, 100: 0.5178391304631411, 110: 0.5158235336630874, 120: 0.513024634477949, 130: 0.5106551047184898, 140: 0.5094782581210673, 150: 0.5077985690195146, 160: 0.50341941386197, 170: 0.5048284401853855, 180: 0.5029388226892652, 190: 0.5005816673789725, 200: 0.4987603289460994, 210: 0.4972335578079031, 220: 0.49689914321729517, 230: 0.496385681511872, 240: 0.4949033146590951, 250: 0.49428894056832745, 260: 0.49177584565915566, 270: 0.4924906455065531, 280: 0.49023437666638825, 290: 0.490796648540676, 300: 0.4902635518843076, 310: 0.4878114922335737, 320: 0.48523273850855675, 330: 0.4864519261296797, 340: 0.4862354209001024, 350: 0.48588762277396713}",320,0.48523273850855675,0.01,0.01,0.01
protein-tertiary-structure,dropoutFCN,32,0.001,0.0001,"{0: 0.7082554910020745, 10: 0.6074985143262521, 20: 0.5793319255274254, 30: 0.5619255694612678, 40: 0.5492655903291522, 50: 0.5402139375945425, 60: 0.5354563747742566, 70: 0.5302409827274175, 80: 0.5261934549205809, 90: 0.5232929233473087, 100: 0.5206611428156529, 110: 0.5167379297971761, 120: 0.5159605537339205, 130: 0.5125122759832301, 140: 0.5117345533002825, 150: 0.5100433734427791, 160: 0.5075400043963401, 170: 0.5065987578272069, 180: 0.5033135035220407, 190: 0.5037007854871157, 200: 0.5034289953675003, 210: 0.500688687158506, 220: 0.49966663144976325, 230: 0.49832676661332015, 240: 0.49730704722007213, 250: 0.49589971988717235, 260: 0.4949712013555171, 270: 0.49360602643882157, 280: 0.4918877417229354, 290: 0.4909402011374356, 300: 0.48957549895560504, 310: 0.48869076816451573, 320: 0.48675214807833467, 330: 0.4871106595613844, 340: 0.4877783168745922, 350: 0.4863229038998999, 360: 0.48488564653956506, 370: 0.4836894571397715, 380: 0.4849484660673906, 390: 0.48380420169324445, 400: 0.4832819097980158, 410: 0.482617404315112, 420: 0.4804831114055939, 430: 0.4797670692874588, 440: 0.48079839803229507, 450: 0.479420823305768, 460: 0.48108569401068724, 470: 0.4799063018196314, 480: 0.47852829822080506, 490: 0.47942499656289056, 500: 0.4787093187247379, 510: 0.476860194584886, 520: 0.4783055569502488, 530: 0.47781047996013337, 540: 0.4760597454064481, 550: 0.478193642099589, 560: 0.4757410733466549, 570: 0.47602759157300484, 580: 0.47681915471317166, 590: 0.47513137002185346, 600: 0.47555241744544874, 610: 0.47659752210782297, 620: 0.47588519314964595}",590,0.47513137002185346,0.01,0.01,0.005
protein-tertiary-structure,dropoutFCN,32,0.001,0.0001,"{0: 0.705308183176421, 10: 0.5991108199913866, 20: 0.5694857665986156, 30: 0.5524869819101366, 40: 0.5415720889614902, 50: 0.5333459267478222, 60: 0.5260916083201232, 70: 0.5208821249080662, 80: 0.5164697983757728, 90: 0.5132198900976531, 100: 0.5101898748000998, 110: 0.5060104371958796, 120: 0.5029946506071401, 130: 0.5004832097108084, 140: 0.49881018411609646, 150: 0.4970783601588293, 160: 0.4945335733170018, 170: 0.49309875374940815, 180: 0.49227649115222843, 190: 0.4914709719497754, 200: 0.4889313616742445, 210: 0.48802282160313065, 220: 0.48812690016648014, 230: 0.4869738228898086, 240: 0.4867608722673074, 250: 0.4859815881790411, 260: 0.4848214324981656, 270: 0.482443096740501, 280: 0.4838554952857742, 290: 0.4831278532417289, 300: 0.48252242162160036}",270,0.482443096740501,0.01,0.01,0.001
protein-tertiary-structure,dropoutFCN,32,0.001,0.0005,"{0: 0.6605284089368029, 10: 0.5688959779641584, 20: 0.5422326802820141, 30: 0.5281799299186878, 40: 0.5241384774246847, 50: 0.5225735740384856, 60: 0.5221080841115209, 70: 0.5139406149065996, 80: 0.5135120629855915, 90: 0.5121723679177199, 100: 0.5100410591726201, 110: 0.5092297102986907, 120: 0.5098475883641147, 130: 0.5078018373257142, 140: 0.5092537974855329, 150: 0.5064628490179066, 160: 0.5030472435783749, 170: 0.5053923350162173, 180: 0.5059164040029998, 190: 0.5050199689573762}",160,0.5030472435783749,0.01,0.01,0.2
protein-tertiary-structure,dropoutFCN,32,0.001,0.0005,"{0: 0.6519639746439705, 10: 0.5530557653021848, 20: 0.5299038891347718, 30: 0.5193483945309992, 40: 0.5101929663140193, 50: 0.5065866600966386, 60: 0.505420841059089, 70: 0.5014509266969103, 80: 0.500896994371218, 90: 0.5015005526676308, 100: 0.5008580050311726, 110: 0.4965821145286384, 120: 0.4981135382709668, 130: 0.4963680499688888, 140: 0.49740572923045157, 150: 0.49118640309467054, 160: 0.491501550130039, 170: 0.49057559310690557, 180: 0.48931575765233165, 190: 0.48994060468767797, 200: 0.49157399833375237, 210: 0.4888705483068387, 220: 0.48822725218983, 230: 0.4910991614799302, 240: 0.4912369471721937, 250: 0.4893554755307557}",220,0.48822725218983,0.01,0.01,0.1
protein-tertiary-structure,dropoutFCN,32,0.001,0.0005,"{0: 0.6470283163401914, 10: 0.5445488479401493, 20: 0.523370440560928, 30: 0.5106644699153049, 40: 0.5037738688544388, 50: 0.4987854084932627, 60: 0.49371318788294527, 70: 0.4916247855090525, 80: 0.4927162835034249, 90: 0.4883035055428067, 100: 0.4874400496487131, 110: 0.4880700514046935, 120: 0.48625868902364855, 130: 0.4840645021790756, 140: 0.4894289261326656, 150: 0.4810685686060239, 160: 0.4810432366452601, 170: 0.4812986098071728, 180: 0.48120093360661065, 190: 0.4797902454269563, 200: 0.48132393992707145, 210: 0.47988757510412994, 220: 0.47969839750579446, 230: 0.47770525659127194, 240: 0.4799244912114694, 250: 0.4762027144776967, 260: 0.47712161772930173, 270: 0.4729544785045322, 280: 0.4732795671094297, 290: 0.4751932501345766, 300: 0.4741125584173396}",270,0.4729544785045322,0.01,0.01,0.05
protein-tertiary-structure,dropoutFCN,32,0.001,0.0005,"{0: 0.6430636078867216, 10: 0.5451176584811692, 20: 0.5201949478359199, 30: 0.5099203102078167, 40: 0.5052686989703611, 50: 0.5010278948568847, 60: 0.49775600934361897, 70: 0.4957054743394548, 80: 0.4942358570885955, 90: 0.49438150012947685, 100: 0.4972823189697779, 110: 0.497114317897456}",80,0.4942358570885955,0.01,0.01,0.01
protein-tertiary-structure,dropoutFCN,32,0.001,0.0005,"{0: 0.6449362307349354, 10: 0.5409909138934473, 20: 0.5203131409948988, 30: 0.508777539476651, 40: 0.503478788552225, 50: 0.5031076655519634, 60: 0.49887213396662117, 70: 0.4942043318062356, 80: 0.4934148273430055, 90: 0.4919546252520096, 100: 0.4873906881594345, 110: 0.48758729033191023, 120: 0.48938036655178063, 130: 0.485635235968324, 140: 0.48692566789624614, 150: 0.48386286305245674, 160: 0.48542512878797844, 170: 0.48503616893047274, 180: 0.48471633131873126}",150,0.48386286305245674,0.01,0.01,0.005
protein-tertiary-structure,dropoutFCN,32,0.001,0.0005,"{0: 0.6437113401230705, 10: 0.5469683405629853, 20: 0.5232815623215581, 30: 0.5114170953014672, 40: 0.5034630528652796, 50: 0.49818948739028973, 60: 0.4934962159951784, 70: 0.490181749781601, 80: 0.4877150438309389, 90: 0.48780980799316237, 100: 0.4853859823029955, 110: 0.4857323802879356, 120: 0.48711028148650437, 130: 0.48368334990711703, 140: 0.48279992318617226, 150: 0.48332221146011045, 160: 0.480522339976088, 170: 0.4803823084493146, 180: 0.4795001245285183, 190: 0.4791116418553324, 200: 0.4763128614665774, 210: 0.4753273633269096, 220: 0.4768116253497718, 230: 0.47411839083606716, 240: 0.4740882958140717, 250: 0.4743638874906905, 260: 0.47382485559879217, 270: 0.47565133124517844, 280: 0.4737116482693816, 290: 0.4731117111007494, 300: 0.4734076798460002, 310: 0.47432366164968176, 320: 0.47333263470656206}",290,0.4731117111007494,0.01,0.01,0.001
protein-tertiary-structure,dropoutFCN,32,0.001,0.001,"{0: 0.6464473024710331, 10: 0.5521110903701466, 20: 0.5341668313878968, 30: 0.5299792939863396, 40: 0.5241828273615373, 50: 0.5251663565167914, 60: 0.520271330500111, 70: 0.5164812193544466, 80: 0.5131911551215993, 90: 0.5171849332581411, 100: 0.5135098767084852, 110: 0.5101618455484893, 120: 0.5194516637099613, 130: 0.5123688280570023, 140: 0.5133376976077028}",110,0.5101618455484893,0.01,0.01,0.2
protein-tertiary-structure,dropoutFCN,32,0.001,0.001,"{0: 0.6368377532808329, 10: 0.5389801232993572, 20: 0.521877827790577, 30: 0.5134332182667534, 40: 0.5101865576918136, 50: 0.5105582881272835, 60: 0.5057167361973822, 70: 0.5050697667708539, 80: 0.5040777046130296, 90: 0.5008712298864937, 100: 0.5027240323137827, 110: 0.5074022334787552, 120: 0.5011707644561927}",90,0.5008712298864937,0.01,0.01,0.1
protein-tertiary-structure,dropoutFCN,32,0.001,0.001,"{0: 0.6381392970874726, 10: 0.5357254006960288, 20: 0.5140788525791146, 30: 0.5073154158044559, 40: 0.5045165706273903, 50: 0.501311260899943, 60: 0.4964445202444634, 70: 0.4938717729937353, 80: 0.49081978916251234, 90: 0.4915644677491815, 100: 0.4906742041446693, 110: 0.4866799239252149, 120: 0.4887846857862758, 130: 0.48763504406665115, 140: 0.4857106493572176, 150: 0.488057574726337, 160: 0.4888852648257386, 170: 0.4937782599581804}",140,0.4857106493572176,0.01,0.01,0.05
protein-tertiary-structure,dropoutFCN,32,0.001,0.001,"{0: 0.6349949041526447, 10: 0.5324750626683088, 20: 0.509897087711829, 30: 0.5034507042174896, 40: 0.4980293712201104, 50: 0.4921659710515037, 60: 0.4914954880981332, 70: 0.48761745079326035, 80: 0.4874964916402623, 90: 0.4828770370632044, 100: 0.4821368166516784, 110: 0.4830868116840028, 120: 0.4791330811612733, 130: 0.48093091095516344, 140: 0.4755215722007682, 150: 0.47904988133098697, 160: 0.47510714627785633, 170: 0.4767893360637747, 180: 0.47744794136038016, 190: 0.47226573429959934, 200: 0.4736779535934483, 210: 0.47352727932366373, 220: 0.4739180977471353}",190,0.47226573429959934,0.01,0.01,0.01
protein-tertiary-structure,dropoutFCN,32,0.001,0.001,"{0: 0.6347958916462886, 10: 0.5307469239744781, 20: 0.5100689502153435, 30: 0.5010908976980679, 40: 0.4965168321219598, 50: 0.4926389468516576, 60: 0.4903102724836983, 70: 0.4912343966389354, 80: 0.48758311103250307, 90: 0.48895554335685915, 100: 0.49206280167357885, 110: 0.48750227770243093, 120: 0.4863622680844837, 130: 0.4837770197714084, 140: 0.4842167290434201, 150: 0.4854756229140656, 160: 0.4861184846146852}",130,0.4837770197714084,0.01,0.01,0.005
protein-tertiary-structure,dropoutFCN,32,0.001,0.001,"{0: 0.6354284649643683, 10: 0.5311668786227799, 20: 0.5137430533465971, 30: 0.5124612608009087, 40: 0.5065053128935617, 50: 0.5035694190068724, 60: 0.49990668103412583, 70: 0.5032768190425291, 80: 0.49699775409929464, 90: 0.4953431672913987, 100: 0.4930036821101755, 110: 0.4956263085409132, 120: 0.49344425758019417, 130: 0.5037542383020556}",100,0.4930036821101755,0.01,0.01,0.001
protein-tertiary-structure,dropoutFCN,32,0.001,0.002,"{0: 0.6367522844915978, 10: 0.5607113795513181, 20: 0.5484097152329976, 30: 0.5456944080229309, 40: 0.5419086525057036, 50: 0.550199860044161, 60: 0.5409337330129468, 70: 0.5388002129994982, 80: 0.5403722794274615, 90: 0.5378696341841593, 100: 0.538251614156952, 110: 0.5347492619904475, 120: 0.535717301785529, 130: 0.538908128189726, 140: 0.5378958924752621}",110,0.5347492619904475,0.01,0.01,0.2
protein-tertiary-structure,dropoutFCN,32,0.001,0.002,"{0: 0.6323456569760415, 10: 0.5490973034444211, 20: 0.5290724373472719, 30: 0.5269412399285937, 40: 0.5233036908344773, 50: 0.5176142054192954, 60: 0.5168904977734115, 70: 0.521963285894617, 80: 0.5170273973477375, 90: 0.519089007383679}",60,0.5168904977734115,0.01,0.01,0.1
protein-tertiary-structure,dropoutFCN,32,0.001,0.002,"{0: 0.6369958264859444, 10: 0.5377492656857549, 20: 0.5232358370204817, 30: 0.5197120133699527, 40: 0.5120579282595508, 50: 0.5105513152459552, 60: 0.5103137375250961, 70: 0.5102129465106948, 80: 0.5094850386174153, 90: 0.5041670680484378, 100: 0.5070942773977454, 110: 0.5032064241675542, 120: 0.5081910846959679, 130: 0.5061715255025648, 140: 0.505604945484823}",110,0.5032064241675542,0.01,0.01,0.05
protein-tertiary-structure,dropoutFCN,32,0.001,0.002,"{0: 0.6360310095628148, 10: 0.5301271945040473, 20: 0.5170675223583879, 30: 0.5123642938876497, 40: 0.5087275531942961, 50: 0.5025192852832773, 60: 0.5055790422248346, 70: 0.5037924506583036, 80: 0.49972477749159755, 90: 0.5051735521983419, 100: 0.50399036209067, 110: 0.49983396473549774}",80,0.49972477749159755,0.01,0.01,0.01
protein-tertiary-structure,dropoutFCN,32,0.001,0.002,"{0: 0.6296811271137417, 10: 0.5395860479671353, 20: 0.5179953243567612, 30: 0.511279801974981, 40: 0.5068370578676982, 50: 0.5023176589750428, 60: 0.5012059333311509, 70: 0.503773491140017, 80: 0.5014720473523793, 90: 0.4984214238815589, 100: 0.4978332747337477, 110: 0.501032183591766, 120: 0.49964026285801477, 130: 0.4989443893489267}",100,0.4978332747337477,0.01,0.01,0.005
protein-tertiary-structure,dropoutFCN,32,0.001,0.002,"{0: 0.624150982328074, 10: 0.5292587894159801, 20: 0.5135469721054331, 30: 0.5085114301228404, 40: 0.5014526596967299, 50: 0.5015766940456283, 60: 0.500818176839371, 70: 0.4979663506836564, 80: 0.4966997576047847, 90: 0.4986402757716995, 100: 0.4966950799545673, 110: 0.4939597687531826, 120: 0.4932878863167801, 130: 0.49474481384242874, 140: 0.492360387921199, 150: 0.4956985705368157, 160: 0.4937821743474071, 170: 0.49286133851423564}",140,0.492360387921199,0.01,0.01,0.001
protein-tertiary-structure,dropoutFCN,32,0.0001,0.0001,"{0: 0.7322651251125479, 10: 0.6250687227727527, 20: 0.5949046389539944, 30: 0.5746079734909836, 40: 0.5598750216340903, 50: 0.5496742196653728, 60: 0.5414699821674347, 70: 0.5356183609430527, 80: 0.5300180973955987, 90: 0.5253867100494573, 100: 0.5214298403200569, 110: 0.5178101519693856, 120: 0.5154707709064372, 130: 0.51165554018306, 140: 0.5108458003187897, 150: 0.5046458204100288, 160: 0.502933921757398, 170: 0.5005295971004167, 180: 0.5004369891539489, 190: 0.4945032362998288, 200: 0.49648425588562733, 210: 0.492509980328828, 220: 0.4917737611401306, 230: 0.49145823142006745, 240: 0.490511714632334, 250: 0.4874993528643829, 260: 0.4859289292104698, 270: 0.48529316205145934, 280: 0.48412455412200595, 290: 0.48528093966855845, 300: 0.48285096169476327, 310: 0.48247604751924644, 320: 0.4811549262230949, 330: 0.4804909188081939, 340: 0.4785355154681367, 350: 0.47987004884000334, 360: 0.4786413161496384, 370: 0.47634423855537167, 380: 0.47709544860198594, 390: 0.4759599751896097, 400: 0.47432468763536006, 410: 0.4755154997850684, 420: 0.47541914453363116, 430: 0.4751493441300017}",400,0.47432468763536006,0.01,0.01,0.2
protein-tertiary-structure,dropoutFCN,32,0.0001,0.0001,"{0: 0.7193829137214173, 10: 0.6117353486545947, 20: 0.5811765245685134, 30: 0.560107503941292, 40: 0.5473584042644839, 50: 0.5358770229054141, 60: 0.5288163488817126, 70: 0.5213747932126386, 80: 0.5168035788061409, 90: 0.5110761308203615, 100: 0.5063908609458191, 110: 0.5031406696683949, 120: 0.4992312825285903, 130: 0.49575725596791775, 140: 0.4925065446004323, 150: 0.491812016440283, 160: 0.486338634108059, 170: 0.48512321800695035, 180: 0.481673732462618, 190: 0.47956737225626256, 200: 0.4757976048668334, 210: 0.4747517883292775, 220: 0.4735226581156759, 230: 0.47021241996689084, 240: 0.47112037853731764, 250: 0.47098384161527995, 260: 0.46746837581665623, 270: 0.4668958615766198, 280: 0.4651466521782205, 290: 0.46406872297336593, 300: 0.4627473911629245, 310: 0.4629861214267964, 320: 0.46263996804484364, 330: 0.4602802682825381, 340: 0.45823774370528947, 350: 0.45809899329584136, 360: 0.45813058923811684, 370: 0.45638531522154474, 380: 0.4555949963722344, 390: 0.4560607304195835, 400: 0.45542098455656516, 410: 0.4578051292349959, 420: 0.45513929813930465, 430: 0.4549318367003889, 440: 0.4565533931465394, 450: 0.4561330029090206, 460: 0.4565220004443439}",430,0.4549318367003889,0.01,0.01,0.1
protein-tertiary-structure,dropoutFCN,32,0.0001,0.0001,"{0: 0.7155259119877928, 10: 0.6039110289510081, 20: 0.5738127262607369, 30: 0.5558158129771326, 40: 0.543537023832485, 50: 0.5340025274662714, 60: 0.527639524361607, 70: 0.5216026442009392, 80: 0.5149695915152636, 90: 0.5116501185546853, 100: 0.508587133546539, 110: 0.5057584943784385, 120: 0.5032109874050112, 130: 0.49775231100234807, 140: 0.49554600531397597, 150: 0.49252840233514855, 160: 0.4905226334435492, 170: 0.4878338631029873, 180: 0.48760167922058295, 190: 0.48442178102443634, 200: 0.4821459529302472, 210: 0.48239316265082816, 220: 0.4801483881876029, 230: 0.4788241657364144, 240: 0.47914987109805746, 250: 0.477182386891733, 260: 0.47645909193803604, 270: 0.47626873981689855, 280: 0.4754298170455251, 290: 0.4742765994617413, 300: 0.47293859784613623, 310: 0.47246351166050493, 320: 0.47003315533897033, 330: 0.47097557521370026, 340: 0.4684668419541101, 350: 0.4672177877052614, 360: 0.46619365186166134, 370: 0.4673326910429264, 380: 0.4647183825980661, 390: 0.4653300365561492, 400: 0.46397490139066555, 410: 0.4638583202560934, 420: 0.4619483314857897, 430: 0.45982166654897727, 440: 0.460982886001435, 450: 0.45980963086935633, 460: 0.458691161751568, 470: 0.4600776223162173, 480: 0.45856399632346123, 490: 0.4577420806746934, 500: 0.4595887860548431, 510: 0.4574652576508534, 520: 0.4570910373976382, 530: 0.45613891410543533, 540: 0.45500446671401773, 550: 0.45599062087828895, 560: 0.45762812650867274, 570: 0.4580217158709322}",540,0.45500446671401773,0.01,0.01,0.05
protein-tertiary-structure,dropoutFCN,32,0.0001,0.0001,"{0: 0.7076037860294984, 10: 0.5959747240888057, 20: 0.5645852792717271, 30: 0.5499174380286733, 40: 0.5408463010472799, 50: 0.5330562689602315, 60: 0.5272970225391174, 70: 0.521545650963775, 80: 0.5171479797693637, 90: 0.5138323133707706, 100: 0.5082058166008515, 110: 0.5068463626281206, 120: 0.5000923291860555, 130: 0.4970144822423942, 140: 0.495147402801397, 150: 0.4928872612026563, 160: 0.4888718911047706, 170: 0.487827267158308, 180: 0.4856341116532203, 190: 0.48337502379522, 200: 0.4803637507549573, 210: 0.4799672844348846, 220: 0.4800200584299554, 230: 0.47810502138129307, 240: 0.4772992990229891, 250: 0.4756534876192934, 260: 0.47685135063122586, 270: 0.4746954865018441, 280: 0.47276176786815494, 290: 0.4743569149472223, 300: 0.4714336861373921, 310: 0.47189906334058074, 320: 0.47001663807401217, 330: 0.4677646446033088, 340: 0.46909536081657927, 350: 0.4668497772726273, 360: 0.4647022107144875, 370: 0.46777152620952583, 380: 0.46573742724405703, 390: 0.46446298120036805, 400: 0.46303962174107466, 410: 0.46360482936932945, 420: 0.46394834341930036, 430: 0.46078622583247447, 440: 0.4594514357644283, 450: 0.46060926826655707, 460: 0.4590644971650823, 470: 0.45992681408006514, 480: 0.4608021693558843, 490: 0.4586900892340564, 500: 0.4612837148227059, 510: 0.45955292385011354, 520: 0.4583534765738914, 530: 0.45799169237182846, 540: 0.45799056167355745, 550: 0.46116136871382885, 560: 0.4591298020220643, 570: 0.4592262392446175}",540,0.45799056167355745,0.01,0.01,0.01
protein-tertiary-structure,dropoutFCN,32,0.0001,0.0001,"{0: 0.7052801083247535, 10: 0.6023312176626352, 20: 0.5736736384657096, 30: 0.5546674451726966, 40: 0.5422304433320011, 50: 0.5343876903211546, 60: 0.5271110259300922, 70: 0.5224768367052051, 80: 0.5188379507365438, 90: 0.5160646660863585, 100: 0.5106532126050868, 110: 0.5076197219710512, 120: 0.5059923652381049, 130: 0.5031058941541936, 140: 0.5001678675435803, 150: 0.5006771302335741, 160: 0.49691122638924623, 170: 0.49784273062329715, 180: 0.4955653142888723, 190: 0.4940419201494217, 200: 0.4937304611435108, 210: 0.4904287987265451, 220: 0.49216460909323806, 230: 0.4907144313541624, 240: 0.49154509417539005}",210,0.4904287987265451,0.01,0.01,0.005
protein-tertiary-structure,dropoutFCN,32,0.0001,0.0001,"{0: 0.7034239949359344, 10: 0.5951632552594901, 20: 0.5657201627375166, 30: 0.5491805871083408, 40: 0.5386152914206558, 50: 0.5319041983831961, 60: 0.5253946554924055, 70: 0.5217681339017114, 80: 0.518459093175123, 90: 0.5159948171812883, 100: 0.5146986063844953, 110: 0.512586167108587, 120: 0.5115855509817092, 130: 0.5103689158122009, 140: 0.5098406400132967, 150: 0.5092385290389767, 160: 0.5189876277396179, 170: 0.510222819346984, 180: 0.509558391445467}",150,0.5092385290389767,0.01,0.01,0.001
protein-tertiary-structure,dropoutFCN,32,0.0001,0.0005,"{0: 0.6654521296684265, 10: 0.555183039944138, 20: 0.5269176092134288, 30: 0.5105421145275629, 40: 0.5006016297226685, 50: 0.494876034394126, 60: 0.49188918269320725, 70: 0.4869158056611632, 80: 0.4846348265494253, 90: 0.47968965536270225, 100: 0.4827698555047227, 110: 0.4773764840687448, 120: 0.4800570572180517, 130: 0.48117995130441055, 140: 0.48137394617327856}",110,0.4773764840687448,0.01,0.01,0.2
protein-tertiary-structure,dropoutFCN,32,0.0001,0.0005,"{0: 0.6540530728603153, 10: 0.541942149226194, 20: 0.5128637315752703, 30: 0.4981155444869511, 40: 0.4871551285863309, 50: 0.4824561974935813, 60: 0.4765660776324598, 70: 0.4739403785766393, 80: 0.4689174206356368, 90: 0.4707649848593289, 100: 0.4705350620877956, 110: 0.46685426496630067, 120: 0.4662352247192675, 130: 0.46187612743428497, 140: 0.4614751114664215, 150: 0.46172602436932547, 160: 0.4630381290237954, 170: 0.4581209506160039, 180: 0.4619561468558261, 190: 0.45985659684528973, 200: 0.46207638366288906}",170,0.4581209506160039,0.01,0.01,0.1
protein-tertiary-structure,dropoutFCN,32,0.0001,0.0005,"{0: 0.64365633151603, 10: 0.5397137460294447, 20: 0.5140966478263344, 30: 0.4968915074505066, 40: 0.4957691592373381, 50: 0.48628197466194234, 60: 0.4789007042720469, 70: 0.4747281246630074, 80: 0.4690644885752698, 90: 0.4714531529307521, 100: 0.4678573716386058, 110: 0.4683801312393642, 120: 0.4632538760265358, 130: 0.4633634446006637, 140: 0.45913667623706117, 150: 0.46417401867610036, 160: 0.4637802817619181, 170: 0.46387322243178974}",140,0.45913667623706117,0.01,0.01,0.05
protein-tertiary-structure,dropoutFCN,32,0.0001,0.0005,"{0: 0.6396823571276106, 10: 0.5306987045489788, 20: 0.5085430260595833, 30: 0.4967239310217316, 40: 0.4863900040795851, 50: 0.48356070643619553, 60: 0.47803731345189837, 70: 0.47928378964922125, 80: 0.4763065087436919, 90: 0.47397009755312725, 100: 0.4764437562330158, 110: 0.4687651434304934, 120: 0.4701674737017383, 130: 0.4726291883884347, 140: 0.4701392989622157}",110,0.4687651434304934,0.01,0.01,0.01
protein-tertiary-structure,dropoutFCN,32,0.0001,0.0005,"{0: 0.6407913689896029, 10: 0.5319422850443483, 20: 0.5077272381373465, 30: 0.49826062477308125, 40: 0.49750673498228604, 50: 0.49322016106182553, 60: 0.4871637164898225, 70: 0.49101364428877287, 80: 0.4886435869899561, 90: 0.49086725757145633}",60,0.4871637164898225,0.01,0.01,0.005
protein-tertiary-structure,dropoutFCN,32,0.0001,0.0005,"{0: 0.6391765424049102, 10: 0.5307402802395692, 20: 0.5069420161980283, 30: 0.4953050931169772, 40: 0.486320593183447, 50: 0.48592764317225745, 60: 0.4837322593091997, 70: 0.48260335571701063, 80: 0.4849359801524048, 90: 0.48257618920582124, 100: 0.4845710695297676, 110: 0.48625070241219126, 120: 0.4860881905767833}",90,0.48257618920582124,0.01,0.01,0.001
protein-tertiary-structure,dropoutFCN,32,0.0001,0.001,"{0: 0.64450382751441, 10: 0.5380895904101936, 20: 0.5198431153492654, 30: 0.5108033030052761, 40: 0.49952352711214854, 50: 0.4910634662838286, 60: 0.49158867865226547, 70: 0.4881423268700053, 80: 0.4876568726602268, 90: 0.4821210115798492, 100: 0.4920361046335103, 110: 0.48119269542291077, 120: 0.4830697012471251, 130: 0.48365559772321653, 140: 0.4732134362035558, 150: 0.47879668080092974, 160: 0.4761331284803886, 170: 0.47563232513640263}",140,0.4732134362035558,0.01,0.01,0.2
protein-tertiary-structure,dropoutFCN,32,0.0001,0.001,"{0: 0.6339932672110662, 10: 0.5299507291254169, 20: 0.5081813835023931, 30: 0.4940816571218208, 40: 0.4959281166681387, 50: 0.49205941959934985, 60: 0.4842356491354612, 70: 0.4837382960149461, 80: 0.488033527501441, 90: 0.48181368818042286, 100: 0.4753899781460821, 110: 0.47878389687918654, 120: 0.4807332188464031, 130: 0.47329548993479165, 140: 0.4844185421305684, 150: 0.46864823695078706, 160: 0.4700072585723108, 170: 0.48613239397954666, 180: 0.46277372949090373, 190: 0.4825229394215104, 200: 0.48309477770804926, 210: 0.4688238218844985}",180,0.46277372949090373,0.01,0.01,0.1
protein-tertiary-structure,dropoutFCN,32,0.0001,0.001,"{0: 0.634534914441216, 10: 0.5224977113358269, 20: 0.5065256539926545, 30: 0.4958541439740863, 40: 0.4984990161079409, 50: 0.49761159028133656, 60: 0.4979961030820503}",30,0.4958541439740863,0.01,0.01,0.05
protein-tertiary-structure,dropoutFCN,32,0.0001,0.001,"{0: 0.6319844899507445, 10: 0.5083835533199507, 20: 0.49280175948543115, 30: 0.4863520936973189, 40: 0.4820714327683409, 50: 0.48120731625897184, 60: 0.48122663494771806, 70: 0.4848957321595761, 80: 0.4945723588084133}",50,0.48120731625897184,0.01,0.01,0.01
protein-tertiary-structure,dropoutFCN,32,0.0001,0.001,"{0: 0.6326765171661008, 10: 0.5225824321148916, 20: 0.5183389303976996, 30: 0.5122701587273152, 40: 0.5071952101962427, 50: 0.5019138182992858, 60: 0.49261423380407987, 70: 0.4910189236936886, 80: 0.4976538493209784, 90: 0.5045820508152117, 100: 0.5088099651011374}",70,0.4910189236936886,0.01,0.01,0.005
protein-tertiary-structure,dropoutFCN,32,0.0001,0.001,"{0: 0.62736158310088, 10: 0.5094491186881547, 20: 0.49420267481001245, 30: 0.48464577045750545, 40: 0.48401942889528426, 50: 0.4874920789722973, 60: 0.4936088066760876, 70: 0.4960598033615075}",40,0.48401942889528426,0.01,0.01,0.001
protein-tertiary-structure,dropoutFCN,32,0.0001,0.002,"{0: 0.6328455545270323, 10: 0.5318751058757317, 20: 0.5150139485173962, 30: 0.5053783562921963, 40: 0.5009614387764907, 50: 0.5015387692836397, 60: 0.49336112147617095, 70: 0.49829323402294223, 80: 0.4955383600700028, 90: 0.4886491851365181, 100: 0.4908960945533825, 110: 0.4841400958480553, 120: 0.4872988749703417, 130: 0.4815980099074445, 140: 0.4839914893604922, 150: 0.4830088741801683, 160: 0.4851728252275425}",130,0.4815980099074445,0.01,0.01,0.2
protein-tertiary-structure,dropoutFCN,32,0.0001,0.002,"{0: 0.6251194492345447, 10: 0.5138226520772106, 20: 0.5000470448983914, 30: 0.49994752824339395, 40: 0.5038739437989654, 50: 0.49902461469864595, 60: 0.49029617162393835, 70: 0.4861460083372375, 80: 0.4958768700822844, 90: 0.5067387424765155, 100: 0.4840385898452366, 110: 0.48925165897851175, 120: 0.5022086551071873, 130: 0.4849580040929841}",100,0.4840385898452366,0.01,0.01,0.1
protein-tertiary-structure,dropoutFCN,32,0.0001,0.002,"{0: 0.6221463784871946, 10: 0.5109142914550099, 20: 0.4944541478074977, 30: 0.48471202909657335, 40: 0.47269182087423867, 50: 0.4791118427410107, 60: 0.47435049546339647, 70: 0.4703098800439819, 80: 0.4727377046236083, 90: 0.46556331949722446, 100: 0.4597104927761963, 110: 0.464555855594403, 120: 0.4657575740939227, 130: 0.4633779291907505}",100,0.4597104927761963,0.01,0.01,0.05
protein-tertiary-structure,dropoutFCN,32,0.0001,0.002,"{0: 0.6182690549721566, 10: 0.506934993979075, 20: 0.4946537681108184, 30: 0.5002937327747047, 40: 0.489502870680149, 50: 0.49465037634870707, 60: 0.49174901981677505, 70: 0.4942595066826545}",40,0.489502870680149,0.01,0.01,0.01
protein-tertiary-structure,dropoutFCN,32,0.0001,0.002,"{0: 0.6296431438012302, 10: 0.5068561019323671, 20: 0.49750523949743225, 30: 0.49102954715352637, 40: 0.5052362614026202, 50: 0.4980946865516348, 60: 0.5099446481133498}",30,0.49102954715352637,0.01,0.01,0.005
protein-tertiary-structure,dropoutFCN,32,0.0001,0.002,"{0: 0.6174261891209458, 10: 0.5172278422747103, 20: 0.49821700692707704, 30: 0.4980032855108581, 40: 0.5081358835736502, 50: 0.5123792931029616, 60: 0.5232670362339258}",30,0.4980032855108581,0.01,0.01,0.001
protein-tertiary-structure,dropoutFCN,32,1e-05,0.0001,"{0: 0.7286415265061177, 10: 0.6232625421615647, 20: 0.5929988367523873, 30: 0.5720255850511179, 40: 0.5572689740316628, 50: 0.5474585448238181, 60: 0.5384801811424682, 70: 0.5303776849188683, 80: 0.525088566223775, 90: 0.5187581171347342, 100: 0.514470833128867, 110: 0.5096610227818011, 120: 0.5056872116714219, 130: 0.5028963080624721, 140: 0.4995768031618041, 150: 0.49782683581868686, 160: 0.49589545125305134, 170: 0.49419111936940113, 180: 0.4915799462723429, 190: 0.489393808254926, 200: 0.4876158157130047, 210: 0.4857326612120458, 220: 0.484801584086589, 230: 0.48398163762238366, 240: 0.48209272391762054, 250: 0.4811901108642944, 260: 0.4802040613345285, 270: 0.4794857138809129, 280: 0.478265078677235, 290: 0.476899448770023, 300: 0.4762639894627171, 310: 0.47544392426464643, 320: 0.475678443735295, 330: 0.47617537876907895, 340: 0.47612979412038375}",310,0.47544392426464643,0.01,0.01,0.2
protein-tertiary-structure,dropoutFCN,32,1e-05,0.0001,"{0: 0.7170534535672989, 10: 0.6115285851773964, 20: 0.5791396682153188, 30: 0.5600862291522202, 40: 0.5464581448563288, 50: 0.5359480166039362, 60: 0.5275760069299216, 70: 0.5191319891524285, 80: 0.5121240194820149, 90: 0.5062732946182236, 100: 0.5011033150064472, 110: 0.4981494761314461, 120: 0.49329142393303566, 130: 0.48931139404790897, 140: 0.48683423422251515, 150: 0.48496748601729234, 160: 0.48377831355095025, 170: 0.48116521464282114, 180: 0.48174533126204067, 190: 0.4798418599604927, 200: 0.4796413675023098, 210: 0.4774671736041974, 220: 0.4750837632981894, 230: 0.47556229896348656, 240: 0.47532202360970144, 250: 0.4745659581690681, 260: 0.47242645390893606, 270: 0.47270871072815057, 280: 0.4710541781289191, 290: 0.4715979432334624, 300: 0.46908916238454895, 310: 0.46950724040649705, 320: 0.46988317629448684, 330: 0.4676119252696666, 340: 0.4685966365230899, 350: 0.4678378138882554, 360: 0.4666438879060264, 370: 0.46696455348379207, 380: 0.4654896406736301, 390: 0.46475715491352354, 400: 0.4628042420321957, 410: 0.4637955370452896, 420: 0.4623062041835368, 430: 0.46678518903144556, 440: 0.4625990154203583, 450: 0.46371979957599085}",420,0.4623062041835368,0.01,0.01,0.1
protein-tertiary-structure,dropoutFCN,32,1e-05,0.0001,"{0: 0.7099399845570888, 10: 0.60568086533977, 20: 0.5725826412989342, 30: 0.5516863147296899, 40: 0.5402291608165679, 50: 0.5304494115568671, 60: 0.5242154137846967, 70: 0.5209994656514845, 80: 0.5180856073171703, 90: 0.5148754005760507, 100: 0.5106033753870064, 110: 0.5117058593694067, 120: 0.5077091254378494, 130: 0.5055437169715418, 140: 0.5013066355326231, 150: 0.5044581250746286, 160: 0.49961305940317385, 170: 0.4962233971132095, 180: 0.4935264105179577, 190: 0.48933659774047056, 200: 0.49059299838479564, 210: 0.4900120114575045, 220: 0.48835555094826866, 230: 0.48733482264668043, 240: 0.4844656015963002, 250: 0.4830548196288588, 260: 0.4811236278340708, 270: 0.47976872540442184, 280: 0.47719701837071, 290: 0.4794496253835209, 300: 0.4768248362703309, 310: 0.4759101328534607, 320: 0.47570213950892404, 330: 0.47383483234689106, 340: 0.47398499945517913, 350: 0.4743617846897271, 360: 0.4728752626506961, 370: 0.4720394826147274, 380: 0.4660089361988245, 390: 0.46862881841387266, 400: 0.4671307373089862, 410: 0.4666987173873388}",380,0.4660089361988245,0.01,0.01,0.05
protein-tertiary-structure,dropoutFCN,32,1e-05,0.0001,"{0: 0.709492714972335, 10: 0.5980013855329508, 20: 0.5632473321990246, 30: 0.5454486315561861, 40: 0.5339856802924416, 50: 0.5245519276829088, 60: 0.5178968979326629, 70: 0.5137514108192608, 80: 0.5074786822595886, 90: 0.5035830145927148, 100: 0.50152324571866, 110: 0.49873948427431636, 120: 0.49782002521201163, 130: 0.4958798852170537, 140: 0.4943413283128463, 150: 0.49407213044764076, 160: 0.4929750712776338, 170: 0.49261108162196265, 180: 0.49282556236849917, 190: 0.4938917641730683, 200: 0.49391201565861814}",170,0.49261108162196265,0.01,0.01,0.01
protein-tertiary-structure,dropoutFCN,32,1e-05,0.0001,"{0: 0.7051875543348347, 10: 0.6004008283589934, 20: 0.5694328639603056, 30: 0.5522730421360735, 40: 0.539686328838142, 50: 0.5308500863702759, 60: 0.5233117531754587, 70: 0.517803849351458, 80: 0.5125917070651761, 90: 0.507173004563752, 100: 0.503628215597045, 110: 0.500697059500862, 120: 0.49699110866006874, 130: 0.4948188273275148, 140: 0.4925056875612306, 150: 0.4895861278550305, 160: 0.48874865359139186, 170: 0.48815103943463745, 180: 0.48590232537726585, 190: 0.4855262451251675, 200: 0.4837346696702866, 210: 0.48429642375816184, 220: 0.48308532603842835, 230: 0.47983205835992804, 240: 0.4781807297956762, 250: 0.4762692635069047, 260: 0.47703999851405926, 270: 0.4754794912058111, 280: 0.4746323633568704, 290: 0.47511644714292156, 300: 0.47461322542089307, 310: 0.47347650396617197, 320: 0.4722577167669181, 330: 0.4723106736284358, 340: 0.471829768024494, 350: 0.4723273723518767, 360: 0.4712912476900438, 370: 0.47083676430866206, 380: 0.473555130532555, 390: 0.470703783703195, 400: 0.47118795509262856, 410: 0.46995444047607127, 420: 0.4718515824432899, 430: 0.47082452990366974, 440: 0.46923883617650775, 450: 0.47082648071624134, 460: 0.471169954813509, 470: 0.47186494833424053}",440,0.46923883617650775,0.01,0.01,0.005
protein-tertiary-structure,dropoutFCN,32,1e-05,0.0001,"{0: 0.6984847671807703, 10: 0.5960231423395645, 20: 0.5644876998119742, 30: 0.546539165909078, 40: 0.5346063542219766, 50: 0.5252655538363836, 60: 0.5181303880762046, 70: 0.5127627722760127, 80: 0.5078303551319651, 90: 0.5039120893460163, 100: 0.5000271506724633, 110: 0.4968722467587017, 120: 0.49450704078955676, 130: 0.49195916999072314, 140: 0.4897394357357191, 150: 0.48836485816123726, 160: 0.4865329910219943, 170: 0.48572226635313187, 180: 0.48389986219636727, 190: 0.4826526099093259, 200: 0.4806074806550579, 210: 0.48029256450206137, 220: 0.4791991848194749, 230: 0.4795983242725911, 240: 0.47946198274850016, 250: 0.47695275676876997, 260: 0.4757937427743153, 270: 0.47878851571041964, 280: 0.47565963174104614, 290: 0.4783700104756169, 300: 0.4756703663414343, 310: 0.47322041780376145, 320: 0.472478434863527, 330: 0.47235091409068514, 340: 0.4722893773984903, 350: 0.4699778855111726, 360: 0.4688156195865621, 370: 0.46866144294092277, 380: 0.46954384985467773, 390: 0.4689721349799848, 400: 0.4686364491626652, 410: 0.46782809237057277, 420: 0.46835087500250516, 430: 0.4679313495679159, 440: 0.4684176230044713}",410,0.46782809237057277,0.01,0.01,0.001
protein-tertiary-structure,dropoutFCN,32,1e-05,0.0005,"{0: 0.662036722340197, 10: 0.5548864752689218, 20: 0.5307568001088382, 30: 0.5132482436701982, 40: 0.500194632458408, 50: 0.49795163976219897, 60: 0.4955480815761241, 70: 0.4896852986944327, 80: 0.4879742285951266, 90: 0.48312976164505644, 100: 0.47907341093497846, 110: 0.4775503463312343, 120: 0.4829461681671905, 130: 0.47829621660857546, 140: 0.4749969476558714, 150: 0.47285528616705264, 160: 0.47411928731389363, 170: 0.47642567180175927, 180: 0.4702946757457183, 190: 0.4691382777982949, 200: 0.47289878548158226, 210: 0.46699121949217093, 220: 0.4753670544271212, 230: 0.4725644738426979, 240: 0.46886558072209616}",210,0.46699121949217093,0.01,0.01,0.2
protein-tertiary-structure,dropoutFCN,32,1e-05,0.0005,"{0: 0.6525178044972784, 10: 0.5438346802681446, 20: 0.5207384267982892, 30: 0.5167969010958413, 40: 0.5054456544431049, 50: 0.5026331987162257, 60: 0.4987679371217316, 70: 0.5004013759512743, 80: 0.49095391627096807, 90: 0.4855129305874935, 100: 0.4888685718226763, 110: 0.48547886765547316, 120: 0.47686038395503205, 130: 0.47604222940165564, 140: 0.4889902330751301, 150: 0.4778943842227609, 160: 0.4825958158889773}",130,0.47604222940165564,0.01,0.01,0.1
protein-tertiary-structure,dropoutFCN,32,1e-05,0.0005,"{0: 0.6439473397726321, 10: 0.540275580600545, 20: 0.5131724186423058, 30: 0.50409782204297, 40: 0.4936958962561565, 50: 0.48908990952609577, 60: 0.48079853281001006, 70: 0.4794237599811709, 80: 0.4738038742768721, 90: 0.472451481289221, 100: 0.475257229033764, 110: 0.4697555681494262, 120: 0.4731276589563148, 130: 0.4786847623575216, 140: 0.47430388292254727}",110,0.4697555681494262,0.01,0.01,0.05
protein-tertiary-structure,dropoutFCN,32,1e-05,0.0005,"{0: 0.6434031692066677, 10: 0.5310006334796004, 20: 0.513592785822194, 30: 0.5068198350717565, 40: 0.5087447353197961, 50: 0.5123933880374494, 60: 0.5165670352675091}",30,0.5068198350717565,0.01,0.01,0.01
protein-tertiary-structure,dropoutFCN,32,1e-05,0.0005,"{0: 0.6428339725136345, 10: 0.5295311591594876, 20: 0.5083361108703291, 30: 0.49429500302710033, 40: 0.4823100269845983, 50: 0.4783305756913009, 60: 0.47625238984068846, 70: 0.48101597455329753, 80: 0.47789361945116193, 90: 0.47969184725079395}",60,0.47625238984068846,0.01,0.01,0.005
protein-tertiary-structure,dropoutFCN,32,1e-05,0.0005,"{0: 0.641620830301916, 10: 0.526616067985566, 20: 0.5018354439177953, 30: 0.4924863871647379, 40: 0.48687595063662237, 50: 0.48193266998140427, 60: 0.479349545148718, 70: 0.4795566636082514, 80: 0.4791776588371965, 90: 0.4775820046357294, 100: 0.4770020122744542, 110: 0.48056355209761337, 120: 0.48008348956806984, 130: 0.48145572787009827}",100,0.4770020122744542,0.01,0.01,0.001
protein-tertiary-structure,dropoutFCN,32,1e-05,0.001,"{0: 0.6441508107383065, 10: 0.536252796043938, 20: 0.5137919583904083, 30: 0.5037306681356196, 40: 0.48933077183378104, 50: 0.489081973633643, 60: 0.4843766571557799, 70: 0.4870572962568286, 80: 0.47852173074895576, 90: 0.4807839165226347, 100: 0.4750460663181751, 110: 0.4783720523401036, 120: 0.47228814608790304, 130: 0.4729440126450667, 140: 0.4768053071998536, 150: 0.4753892047515721}",120,0.47228814608790304,0.01,0.01,0.2
protein-tertiary-structure,dropoutFCN,32,1e-05,0.001,"{0: 0.6335628328396874, 10: 0.5193782581431804, 20: 0.49648165386458115, 30: 0.48555369965379747, 40: 0.4820827750361659, 50: 0.47483012101026584, 60: 0.4705308959581814, 70: 0.4719709429769149, 80: 0.46763118710580265, 90: 0.47768571593077214, 100: 0.46359128971966684, 110: 0.4632991069824065, 120: 0.4621585593681769, 130: 0.46743204127407517, 140: 0.4639392328873663, 150: 0.4621131166046877, 160: 0.46158357679122064, 170: 0.46560314892766747, 180: 0.4694556812654621, 190: 0.45960139661751287, 200: 0.4678390840625616, 210: 0.46196632908245744, 220: 0.46649147328881535}",190,0.45960139661751287,0.01,0.01,0.1
protein-tertiary-structure,dropoutFCN,32,1e-05,0.001,"{0: 0.6323673898836593, 10: 0.5167422927376996, 20: 0.4949072058102696, 30: 0.4878340160155802, 40: 0.4898105506826478, 50: 0.4912593568532964, 60: 0.4832582144967243, 70: 0.48107559637471836, 80: 0.48916232658636466, 90: 0.48910192433770555, 100: 0.5004201720992194}",70,0.48107559637471836,0.01,0.01,0.05
protein-tertiary-structure,dropoutFCN,32,1e-05,0.001,"{0: 0.6257968696938896, 10: 0.5090218945066998, 20: 0.4877954525540337, 30: 0.4858622678847402, 40: 0.48865450569085256, 50: 0.498781622199073, 60: 0.49740073213073244}",30,0.4858622678847402,0.01,0.01,0.01
protein-tertiary-structure,dropoutFCN,32,1e-05,0.001,"{0: 0.6257435886388778, 10: 0.5111946799262376, 20: 0.5051972120240185, 30: 0.5133755533782864, 40: 0.49993726831261665, 50: 0.4999339630774912, 60: 0.49455361535979103, 70: 0.4936058072069107, 80: 0.49398073162867123, 90: 0.4904962662445221, 100: 0.49397463817862935, 110: 0.4986825366479202, 120: 0.49633675183376147}",90,0.4904962662445221,0.01,0.01,0.005
protein-tertiary-structure,dropoutFCN,32,1e-05,0.001,"{0: 0.6298444176664634, 10: 0.5149201486795516, 20: 0.5054201356914414, 30: 0.5104238619940704, 40: 0.5132186137751453, 50: 0.518333448578532}",20,0.5054201356914414,0.01,0.01,0.001
protein-tertiary-structure,dropoutFCN,32,1e-05,0.002,"{0: 0.6305554909714769, 10: 0.5255798660406108, 20: 0.5124487721502845, 30: 0.502715457264781, 40: 0.49604331482883124, 50: 0.4905910914326519, 60: 0.48642911723921956, 70: 0.4853502659716552, 80: 0.4902906075750183, 90: 0.4837950943030974, 100: 0.48631661760176714, 110: 0.48866503349562596, 120: 0.4907371043797486}",90,0.4837950943030974,0.01,0.01,0.2
protein-tertiary-structure,dropoutFCN,32,1e-05,0.002,"{0: 0.6207359353277371, 10: 0.514286270151049, 20: 0.5058704749516334, 30: 0.5064312130861788, 40: 0.494236906804174, 50: 0.49271757898415347, 60: 0.48681414515011356, 70: 0.48777675654254066, 80: 0.4909184789795528, 90: 0.4920426649849178}",60,0.48681414515011356,0.01,0.01,0.1
protein-tertiary-structure,dropoutFCN,32,1e-05,0.002,"{0: 0.6290375107165174, 10: 0.5012616136793971, 20: 0.48403151948101863, 30: 0.4835865481583861, 40: 0.4781666170003742, 50: 0.4785156748325573, 60: 0.48071940958369536, 70: 0.4766243250992469, 80: 0.4797440115090275, 90: 0.4731726902347281, 100: 0.48148120999107863, 110: 0.47539110006122626, 120: 0.4825234265969163}",90,0.4731726902347281,0.01,0.01,0.05
protein-tertiary-structure,dropoutFCN,32,1e-05,0.002,"{0: 0.6157535725938776, 10: 0.5121117603426206, 20: 0.4928577819876493, 30: 0.48882898935213664, 40: 0.49136895858997853, 50: 0.49089404460726815, 60: 0.4873157537801454, 70: 0.48524719692358814, 80: 0.4845403180712086, 90: 0.4858783263744317, 100: 0.48089110797281054, 110: 0.48591832141376107, 120: 0.48121031489601107, 130: 0.47917819619373087, 140: 0.4847477582086926, 150: 0.5026547522017535, 160: 0.4951449382327618}",130,0.47917819619373087,0.01,0.01,0.01
protein-tertiary-structure,dropoutFCN,32,1e-05,0.002,"{0: 0.6224675638883291, 10: 0.5158100681892409, 20: 0.5015975912199159, 30: 0.511141423735515, 40: 0.5080689515405595, 50: 0.5226775417570402}",20,0.5015975912199159,0.01,0.01,0.005
protein-tertiary-structure,dropoutFCN,32,1e-05,0.002,"{0: 0.6232937778515651, 10: 0.5054339224077109, 20: 0.4966954636377026, 30: 0.49259620951627187, 40: 0.4979474408504932, 50: 0.499199557682804, 60: 0.5086500773896762}",30,0.49259620951627187,0.01,0.01,0.001
protein-tertiary-structure,dropoutFCN,32,1e-09,0.0001,"{0: 0.7325683548020805, 10: 0.6236754238715215, 20: 0.5928407947087349, 30: 0.5721195582601688, 40: 0.5601316175715987, 50: 0.5492561512133864, 60: 0.540703305708813, 70: 0.5318165529068363, 80: 0.5260296810800312, 90: 0.5189663945754729, 100: 0.5147991615363617, 110: 0.5113521221731375, 120: 0.5074900251383468, 130: 0.5047180809754515, 140: 0.5022357232888032, 150: 0.500274133614103, 160: 0.5012590253194846, 170: 0.4992764434801824, 180: 0.4972654969730665, 190: 0.4958639900668224, 200: 0.4958222339981515, 210: 0.4949036566396147, 220: 0.49363687745983087, 230: 0.48967890892637334, 240: 0.4914107898808247, 250: 0.49039862747605756, 260: 0.48867860791945905, 270: 0.48568572317565223, 280: 0.48735360116047677, 290: 0.4880769166598157, 300: 0.48605144892774865}",270,0.48568572317565223,0.01,0.01,0.2
protein-tertiary-structure,dropoutFCN,32,1e-09,0.0001,"{0: 0.716987948750803, 10: 0.6078060420627905, 20: 0.575044423401019, 30: 0.5571505256309364, 40: 0.5445730574842547, 50: 0.5365332192315668, 60: 0.530480541154114, 70: 0.523883571229871, 80: 0.5185910217401718, 90: 0.5166975308613115, 100: 0.5138706740173731, 110: 0.5086456557513482, 120: 0.5081363690804175, 130: 0.5051383327237638, 140: 0.502886403389718, 150: 0.5011126343049758, 160: 0.49757976352022687, 170: 0.49695941602686566, 180: 0.4939051498365691, 190: 0.49264709440061266, 200: 0.49310552282938697, 210: 0.4904990712460746, 220: 0.4895787929462497, 230: 0.48567367839763687, 240: 0.48486467858890075, 250: 0.48547079527877807, 260: 0.4817912864954696, 270: 0.47858698854809256, 280: 0.4794839216316137, 290: 0.4779960646056394, 300: 0.47939627043497846, 310: 0.47659935010703364, 320: 0.4786105274115866, 330: 0.47422825092457793, 340: 0.47663482854777267, 350: 0.4744669263927882, 360: 0.47435038842627664}",330,0.47422825092457793,0.01,0.01,0.1
protein-tertiary-structure,dropoutFCN,32,1e-09,0.0001,"{0: 0.7123426903895879, 10: 0.605260796653193, 20: 0.5719730583701996, 30: 0.555127042992716, 40: 0.5423576302642488, 50: 0.5324066134048056, 60: 0.525323277126366, 70: 0.5218420761726178, 80: 0.5155496638477046, 90: 0.5127136301222615, 100: 0.507300182652593, 110: 0.5039877970888866, 120: 0.5000430484854955, 130: 0.49711620539539486, 140: 0.4949960927671054, 150: 0.49009996768507935, 160: 0.4871337026626049, 170: 0.4898355808055377, 180: 0.4882007516033037, 190: 0.4855873560770066, 200: 0.48521885746704563, 210: 0.48538133918699106, 220: 0.48415027282224843, 230: 0.4871005360757225, 240: 0.48280762733874827, 250: 0.4816283799939793, 260: 0.4855473325648997, 270: 0.48151103890417896, 280: 0.4811119929075295, 290: 0.48113686486154694, 300: 0.4802647278252997, 310: 0.4815065350741537, 320: 0.47864303122, 330: 0.4783066217090643, 340: 0.47863274273888334, 350: 0.47439960979607854, 360: 0.4765730366761393, 370: 0.4729950497623038, 380: 0.47415129969378605, 390: 0.47550381618935605, 400: 0.4737957640383034}",370,0.4729950497623038,0.01,0.01,0.05
protein-tertiary-structure,dropoutFCN,32,1e-09,0.0001,"{0: 0.7093636165041339, 10: 0.6004254329192273, 20: 0.5673826513448297, 30: 0.5491615425682801, 40: 0.53804015069718, 50: 0.5275743216734176, 60: 0.522524168320059, 70: 0.519102518417872, 80: 0.5158707729730494, 90: 0.5124856577179078, 100: 0.5093759664337444, 110: 0.5062218482203628, 120: 0.5048036768044436, 130: 0.5015020828814174, 140: 0.4992843288753857, 150: 0.49592533527971494, 160: 0.49438728881817895, 170: 0.4929849977063414, 180: 0.491001412390853, 190: 0.4897055474469834, 200: 0.48751164061241586, 210: 0.4861039162777675, 220: 0.4843650849647421, 230: 0.48304408775837276, 240: 0.479890005470608, 250: 0.4773894915992507, 260: 0.4780519638214054, 270: 0.47978936673168293, 280: 0.47777574005690615}",250,0.4773894915992507,0.01,0.01,0.01
protein-tertiary-structure,dropoutFCN,32,1e-09,0.0001,"{0: 0.7106403384706964, 10: 0.5999887738126732, 20: 0.5663712490355903, 30: 0.5478578218829928, 40: 0.5376349946464988, 50: 0.5286523732333568, 60: 0.521745985450377, 70: 0.516404831653427, 80: 0.5114987876289625, 90: 0.5076333955174076, 100: 0.5038641595831065, 110: 0.5001569083108159, 120: 0.4984351384074966, 130: 0.497461766503978, 140: 0.4938671056178291, 150: 0.492161776209003, 160: 0.49165024286988485, 170: 0.48894073537550753, 180: 0.48789374512325756, 190: 0.4882319343971062, 200: 0.4893278168932051, 210: 0.4838200132670159, 220: 0.48404698682384417, 230: 0.4848982282410902, 240: 0.485029973505214}",210,0.4838200132670159,0.01,0.01,0.005
protein-tertiary-structure,dropoutFCN,32,1e-09,0.0001,"{0: 0.7045727568212456, 10: 0.5973898733773256, 20: 0.5670462530124695, 30: 0.5489916877798036, 40: 0.5379941839436256, 50: 0.5298200540254137, 60: 0.523149271618099, 70: 0.5193740075543994, 80: 0.5139592281252868, 90: 0.510101683900942, 100: 0.5068258008902824, 110: 0.5029322069724304, 120: 0.49963158844875666, 130: 0.49803146396199194, 140: 0.49576315953324174, 150: 0.495779763408965, 160: 0.49398597493108715, 170: 0.49294489875566494, 180: 0.4918727695847629, 190: 0.49326801691886824, 200: 0.49270939677066306, 210: 0.4905656359990279, 220: 0.49014650160810813, 230: 0.4934968126133804, 240: 0.489504865001871, 250: 0.488563470120854, 260: 0.4888283354787763, 270: 0.48702388347528264, 280: 0.4876836626378176, 290: 0.4851707565971923, 300: 0.4859198996351147, 310: 0.48677574933135614, 320: 0.48692766910372587}",290,0.4851707565971923,0.01,0.01,0.001
protein-tertiary-structure,dropoutFCN,32,1e-09,0.0005,"{0: 0.6567766359045919, 10: 0.5527367115103544, 20: 0.5220380314548182, 30: 0.5083334387728569, 40: 0.49788244466389225, 50: 0.4942088722230766, 60: 0.4935388129711418, 70: 0.48660660453558624, 80: 0.47756400169316837, 90: 0.4771981470331556, 100: 0.4785660148284953, 110: 0.47856734478735863, 120: 0.4731110254177954, 130: 0.47264364422787397, 140: 0.4761626996681817, 150: 0.47222422189348895, 160: 0.47756517449392505, 170: 0.4782839043730343, 180: 0.4753683102522401}",150,0.47222422189348895,0.01,0.01,0.2
protein-tertiary-structure,dropoutFCN,32,1e-09,0.0005,"{0: 0.6465247972648687, 10: 0.5393229798776785, 20: 0.5108150082656786, 30: 0.4957534379520056, 40: 0.49043263563195544, 50: 0.4827900818129304, 60: 0.47902836012915795, 70: 0.47499841052903297, 80: 0.4753805224479416, 90: 0.46480229628988756, 100: 0.4662961646450003, 110: 0.46177268673276, 120: 0.4605485263482071, 130: 0.4663059624008555, 140: 0.4630542368996253, 150: 0.4580119660107503, 160: 0.46169245507035406, 170: 0.4627162176916803, 180: 0.46093305622273056}",150,0.4580119660107503,0.01,0.01,0.1
protein-tertiary-structure,dropoutFCN,32,1e-09,0.0005,"{0: 0.6426350434147996, 10: 0.5309221104085194, 20: 0.509216841315489, 30: 0.4980392951112906, 40: 0.4932366449840062, 50: 0.4874962123984334, 60: 0.48296061848734284, 70: 0.48876843513827223, 80: 0.48135247902107664, 90: 0.48623466353026973, 100: 0.4887034882546198, 110: 0.4858957393855009}",80,0.48135247902107664,0.01,0.01,0.05
protein-tertiary-structure,dropoutFCN,32,1e-09,0.0005,"{0: 0.6387830997301893, 10: 0.5285298979546331, 20: 0.5033838717904918, 30: 0.49001959638881765, 40: 0.47838224294797643, 50: 0.4727898403628078, 60: 0.4690296061959748, 70: 0.46552281321093714, 80: 0.4639422883303256, 90: 0.4616567693497278, 100: 0.45848719924123243, 110: 0.4594785470332724, 120: 0.4605136096880152, 130: 0.46002546757587937}",100,0.45848719924123243,0.01,0.01,0.01
protein-tertiary-structure,dropoutFCN,32,1e-09,0.0005,"{0: 0.6370030820708706, 10: 0.5296994015640711, 20: 0.5080688450213481, 30: 0.4965652047668071, 40: 0.4936223420297954, 50: 0.49473131398211867, 60: 0.4844921857788972, 70: 0.4892883820193707, 80: 0.4898222100396833, 90: 0.48328616096932653, 100: 0.48642049901630957, 110: 0.4817348925440683, 120: 0.48016022425495, 130: 0.48489016749512304, 140: 0.48460628893613666, 150: 0.48191683325043755}",120,0.48016022425495,0.01,0.01,0.005
protein-tertiary-structure,dropoutFCN,32,1e-09,0.0005,"{0: 0.6402642070536853, 10: 0.5263147526386808, 20: 0.5063431141321066, 30: 0.5028538596777394, 40: 0.5005788824846744, 50: 0.4933356695180716, 60: 0.4880070097323109, 70: 0.4955337758549164, 80: 0.4946362961703395, 90: 0.49480172319149035}",60,0.4880070097323109,0.01,0.01,0.001
protein-tertiary-structure,dropoutFCN,32,1e-09,0.001,"{0: 0.6448582173064448, 10: 0.5376904889172366, 20: 0.5103119239236394, 30: 0.4985061437646296, 40: 0.49822869712997386, 50: 0.49259683768406326, 60: 0.4892680699085167, 70: 0.48558002123214755, 80: 0.4816074223752457, 90: 0.4816153571976705, 100: 0.4819100768751948, 110: 0.4773921008645089, 120: 0.48269872979465867, 130: 0.4856610212240458, 140: 0.4804618969972094}",110,0.4773921008645089,0.01,0.01,0.2
protein-tertiary-structure,dropoutFCN,32,1e-09,0.001,"{0: 0.6348267841120534, 10: 0.5236840102597435, 20: 0.49803393501946475, 30: 0.49058384967755736, 40: 0.4796762546631288, 50: 0.47777164369960046, 60: 0.4740307268388375, 70: 0.47586248626707073, 80: 0.47103461617723114, 90: 0.47130685588704946, 100: 0.4698303578081432, 110: 0.46963385143457803, 120: 0.4677130924802322, 130: 0.4691258201443744, 140: 0.4667042794681343, 150: 0.4755852701019771, 160: 0.46319183714259016, 170: 0.46969516772026026, 180: 0.4627133137372246, 190: 0.46028634842250105, 200: 0.4649394722963713, 210: 0.4673350040383877, 220: 0.46392459238511885}",190,0.46028634842250105,0.01,0.01,0.1
protein-tertiary-structure,dropoutFCN,32,1e-09,0.001,"{0: 0.6302133549312441, 10: 0.5180225057495202, 20: 0.4898543571396029, 30: 0.4751199656754256, 40: 0.46719829133754204, 50: 0.46809783618389994, 60: 0.46768101570399195, 70: 0.4658879715426777, 80: 0.46746515575097414, 90: 0.4644670048202239, 100: 0.4710742113383063, 110: 0.4652014438417361, 120: 0.4753963081656286}",90,0.4644670048202239,0.01,0.01,0.05
protein-tertiary-structure,dropoutFCN,32,1e-09,0.001,"{0: 0.6300266820860239, 10: 0.5170243081784827, 20: 0.5019931901428465, 30: 0.49420337362332123, 40: 0.4920546339768637, 50: 0.4889055711462068, 60: 0.49565243091633004, 70: 0.49298278546575613, 80: 0.4983473482376454}",50,0.4889055711462068,0.01,0.01,0.01
protein-tertiary-structure,dropoutFCN,32,1e-09,0.001,"{0: 0.6283200417146896, 10: 0.5171821419504743, 20: 0.502794713454711, 30: 0.4945229203496163, 40: 0.5026484017031153, 50: 0.5044326442277004, 60: 0.510583894885451}",30,0.4945229203496163,0.01,0.01,0.005
protein-tertiary-structure,dropoutFCN,32,1e-09,0.001,"{0: 0.6325051612946477, 10: 0.5158466617834494, 20: 0.5041286268998363, 30: 0.500221519909044, 40: 0.5055596526796975, 50: 0.5097711879720894, 60: 0.5135259771138234}",30,0.500221519909044,0.01,0.01,0.001
protein-tertiary-structure,dropoutFCN,32,1e-09,0.002,"{0: 0.6326109768043497, 10: 0.5233135436307688, 20: 0.5126519056691105, 30: 0.4972322177099492, 40: 0.490191527980386, 50: 0.4926586627495217, 60: 0.4945928440945327, 70: 0.49163575695879247}",40,0.490191527980386,0.01,0.01,0.2
protein-tertiary-structure,dropoutFCN,32,1e-09,0.002,"{0: 0.6239996613353753, 10: 0.5089749296877775, 20: 0.4933445722116058, 30: 0.4816656454963292, 40: 0.48427834303151335, 50: 0.4863154396689212, 60: 0.48430957804625213}",30,0.4816656454963292,0.01,0.01,0.1
protein-tertiary-structure,dropoutFCN,32,1e-09,0.002,"{0: 0.622234807853763, 10: 0.5193587745726866, 20: 0.4857430339960308, 30: 0.5149733744957832, 40: 0.4992027230180387, 50: 0.5027932441589339}",20,0.4857430339960308,0.01,0.01,0.05
protein-tertiary-structure,dropoutFCN,32,1e-09,0.002,"{0: 0.6201631887805321, 10: 0.5138198062242143, 20: 0.49639343513400497, 30: 0.4955841914268186, 40: 0.4948235504353898, 50: 0.5089704947652958, 60: 0.5133644843757168, 70: 0.5193215269253675}",40,0.4948235504353898,0.01,0.01,0.01
protein-tertiary-structure,dropoutFCN,32,1e-09,0.002,"{0: 0.621289378139351, 10: 0.508959976353611, 20: 0.505040830682929, 30: 0.5005068330065446, 40: 0.4954893234334786, 50: 0.49808651091940936, 60: 0.4980042682186122, 70: 0.49861103575520654}",40,0.4954893234334786,0.01,0.01,0.005
protein-tertiary-structure,dropoutFCN,32,1e-09,0.002,"{0: 0.6148994628542827, 10: 0.5182810180981317, 20: 0.5173291682938668, 30: 0.517705354088981, 40: 0.518172588887371, 50: 0.5231173302401627}",20,0.5173291682938668,0.01,0.01,0.001
