dataset_name,model_name,batch_size,weight_decay,learning_rate,epoch2loss,best_epoch,best_loss,fix_noiselevel,init_noiselevel,dropout_prob
energy,dropoutFCN,32,0.1,0.0001,"{0: 0.8971727683816482, 10: 0.29154339211433233, 20: 0.15538707021815004, 30: 0.12354500258102363, 40: 0.11083606481472683, 50: 0.10439635909767082, 60: 0.0999593338808838, 70: 0.09833152878299149, 80: 0.09645241570930695, 90: 0.09534784408032251, 100: 0.09443733728751809, 110: 0.09378283132867114, 120: 0.09259451297941594, 130: 0.09244750664889312, 140: 0.09202593244452342, 150: 0.09153673101296493, 160: 0.09101850193132405, 170: 0.09143106953415825, 180: 0.091921025480443, 190: 0.09206413700580834}",160,0.09101850193132405,0.01,0.01,0.2
energy,dropoutFCN,32,0.1,0.0001,"{0: 0.8796571208733838, 10: 0.293405325136613, 20: 0.1504910997135805, 30: 0.11867183881218349, 40: 0.10691705707057975, 50: 0.10141134504549076, 60: 0.09775764251994987, 70: 0.09530057887025759, 80: 0.09413150014931974, 90: 0.09273021716197999, 100: 0.09201575296420933, 110: 0.0912004677458404, 120: 0.09069313666011578, 130: 0.09030116951463223, 140: 0.09025806235890539, 150: 0.09004609274660431, 160: 0.08986829704488737, 170: 0.08944143494003998, 180: 0.08985685982782252, 190: 0.08977507099253042, 200: 0.09007227562261663}",170,0.08944143494003998,0.01,0.01,0.1
energy,dropoutFCN,32,0.1,0.0001,"{0: 0.9270739140136233, 10: 0.2816769631965056, 20: 0.14176046908970247, 30: 0.11202060895714143, 40: 0.10149649917288936, 50: 0.09622775126245123, 60: 0.09340543778387052, 70: 0.09189267218684923, 80: 0.09089718029621949, 90: 0.09027511661297065, 100: 0.08929127094998815, 110: 0.0889231039754084, 120: 0.08872590521053841, 130: 0.08864569564054652, 140: 0.08805782811178234, 150: 0.08822064884240335, 160: 0.08826151158535034, 170: 0.0884815906575286}",140,0.08805782811178234,0.01,0.01,0.05
energy,dropoutFCN,32,0.1,0.0001,"{0: 0.8354334120812075, 10: 0.2620274149384893, 20: 0.14153694554907187, 30: 0.11143307656141085, 40: 0.10064119492403892, 50: 0.09522213888078168, 60: 0.0920834677819449, 70: 0.09009172859204843, 80: 0.0888557673860046, 90: 0.08764665317399556, 100: 0.08667254907384517, 110: 0.08624300329171307, 120: 0.08601799651118464, 130: 0.08570946909305525, 140: 0.08578876757123668, 150: 0.08581165322423474, 160: 0.08591373292474799}",130,0.08570946909305525,0.01,0.01,0.01
energy,dropoutFCN,32,0.1,0.0001,"{0: 0.8651076825542416, 10: 0.23057234668142237, 20: 0.13141801731059444, 30: 0.10870858707952927, 40: 0.09940936651215401, 50: 0.09434381522557012, 60: 0.09136932297704951, 70: 0.08924214475390102, 80: 0.0877116230343892, 90: 0.08680240287463235, 100: 0.08619690277720075, 110: 0.08565722383627268, 120: 0.08536266492910342, 130: 0.08515333558539383, 140: 0.08508676123348184, 150: 0.08506243632751101, 160: 0.08525888062968869, 170: 0.08532799589104467, 180: 0.08564117091769824}",150,0.08506243632751101,0.01,0.01,0.005
energy,dropoutFCN,32,0.1,0.0001,"{0: 0.9341990876274078, 10: 0.2819729083012251, 20: 0.14142011779426383, 30: 0.1124086054113727, 40: 0.10194791440681808, 50: 0.09668960415822862, 60: 0.09346713221670547, 70: 0.09118817567112333, 80: 0.08955820648640883, 90: 0.08836256690113826, 100: 0.08749404649982433, 110: 0.08688912173487592, 120: 0.08642840775800564, 130: 0.08609195439412835, 140: 0.08593460979844021, 150: 0.08587333785413934, 160: 0.08588889673467431, 170: 0.08597198365682937, 180: 0.08621734694583835}",150,0.08587333785413934,0.01,0.01,0.001
energy,dropoutFCN,32,0.1,0.0005,"{0: 0.6321771690976726, 10: 0.1008617591358623, 20: 0.09459122708771096, 30: 0.09303898069857121, 40: 0.09247432253439554, 50: 0.0922630526053934, 60: 0.09296835519241346, 70: 0.0944565978132096, 80: 0.09360144209465741}",50,0.0922630526053934,0.01,0.01,0.2
energy,dropoutFCN,32,0.1,0.0005,"{0: 0.5611564502761504, 10: 0.09928028934983893, 20: 0.09031664671841326, 30: 0.08868387467284353, 40: 0.08835287844059897, 50: 0.0899108619860263, 60: 0.09127116685157996, 70: 0.09187541264550583}",40,0.08835287844059897,0.01,0.01,0.1
energy,dropoutFCN,32,0.1,0.0005,"{0: 0.5656604148388926, 10: 0.09870911917197264, 20: 0.08963626836353693, 30: 0.08789384649649677, 40: 0.08794927772024815, 50: 0.08901496147606575, 60: 0.08983100132415187}",30,0.08789384649649677,0.01,0.01,0.05
energy,dropoutFCN,32,0.1,0.0005,"{0: 0.5486715287673192, 10: 0.09574560868889828, 20: 0.08892013263947865, 30: 0.08687314277922695, 40: 0.0868662403514389, 50: 0.08799563794086873, 60: 0.0893095194891256, 70: 0.09016079151027047}",40,0.0868662403514389,0.01,0.01,0.01
energy,dropoutFCN,32,0.1,0.0005,"{0: 0.5784769029755854, 10: 0.09662821955534992, 20: 0.08777375351267705, 30: 0.08634527741881604, 40: 0.08678090436681737, 50: 0.08797172112483494, 60: 0.08914041097710232}",30,0.08634527741881604,0.01,0.01,0.005
energy,dropoutFCN,32,0.1,0.0005,"{0: 0.5659266016411173, 10: 0.09607528755869546, 20: 0.08768781418951213, 30: 0.08624905818701187, 40: 0.08691194015827541, 50: 0.08821753704133199, 60: 0.08906326316298048}",30,0.08624905818701187,0.01,0.01,0.001
energy,dropoutFCN,32,0.1,0.001,"{0: 0.3705418866955406, 10: 0.09405309185445285, 20: 0.09325004023888675, 30: 0.0947055112371425, 40: 0.09443449066813098, 50: 0.0941198022337289}",20,0.09325004023888675,0.01,0.01,0.2
energy,dropoutFCN,32,0.1,0.001,"{0: 0.307252242539575, 10: 0.08954675513161162, 20: 0.08836551768476608, 30: 0.09058916613779337, 40: 0.09184985858648041, 50: 0.09174388665698471}",20,0.08836551768476608,0.01,0.01,0.1
energy,dropoutFCN,32,0.1,0.001,"{0: 0.2682232963237289, 10: 0.0881222482558673, 20: 0.08797358960711636, 30: 0.09122862435542678, 40: 0.09112653425309669, 50: 0.09247687922014358}",20,0.08797358960711636,0.01,0.01,0.05
energy,dropoutFCN,32,0.1,0.001,"{0: 0.2815738145469046, 10: 0.08942493586256696, 20: 0.08777341007338307, 30: 0.09043021697670671, 40: 0.0913149487009235, 50: 0.09156477573862334}",20,0.08777341007338307,0.01,0.01,0.01
energy,dropoutFCN,32,0.1,0.001,"{0: 0.311418290226742, 10: 0.08767343315322067, 20: 0.08782015961350227, 30: 0.09024618110769306, 40: 0.09154472962234332}",10,0.08767343315322067,0.01,0.01,0.005
energy,dropoutFCN,32,0.1,0.001,"{0: 0.29921859706558734, 10: 0.08670832981677845, 20: 0.08649634104547271, 30: 0.08889005315956411, 40: 0.09025373244252217, 50: 0.090861735850231}",20,0.08649634104547271,0.01,0.01,0.001
energy,dropoutFCN,32,0.1,0.002,"{0: 0.16943703331951934, 10: 0.09339501792169025, 20: 0.09815994098466761, 30: 0.100814748421365, 40: 0.09706655664494335}",10,0.09339501792169025,0.01,0.01,0.2
energy,dropoutFCN,32,0.1,0.002,"{0: 0.16103805218065212, 10: 0.09257581444924139, 20: 0.09519665696488513, 30: 0.09749443589822779, 40: 0.09742397085878826}",10,0.09257581444924139,0.01,0.01,0.1
energy,dropoutFCN,32,0.1,0.002,"{0: 0.15342555874056232, 10: 0.09252855823419101, 20: 0.09518243233626975, 30: 0.09547248948437444, 40: 0.09615861829457148}",10,0.09252855823419101,0.01,0.01,0.05
energy,dropoutFCN,32,0.1,0.002,"{0: 0.16528981419745153, 10: 0.09128541575212741, 20: 0.09346497918341488, 30: 0.09443533032711515, 40: 0.09516695909103791}",10,0.09128541575212741,0.01,0.01,0.01
energy,dropoutFCN,32,0.1,0.002,"{0: 0.1591269049708579, 10: 0.09194413210794987, 20: 0.09464066341175773, 30: 0.09539257059546291, 40: 0.09536449781677477}",10,0.09194413210794987,0.01,0.01,0.005
energy,dropoutFCN,32,0.1,0.002,"{0: 0.16120144486363758, 10: 0.09028424677319499, 20: 0.09415941814202222, 30: 0.09496658168217746, 40: 0.09522755732748663}",10,0.09028424677319499,0.01,0.01,0.001
energy,dropoutFCN,32,0.01,0.0001,"{0: 0.9037219257302624, 10: 0.21827032595086412, 20: 0.10971171375625724, 30: 0.09079615195087794, 40: 0.08393727720476907, 50: 0.08077437676927272, 60: 0.07868358423290658, 70: 0.07582498201029182, 80: 0.07554734862559352, 90: 0.07376075384627734, 100: 0.07343855815741375, 110: 0.07282514624326417, 120: 0.0722528431198644, 130: 0.07108561257854965, 140: 0.07051113750604364, 150: 0.06996768544830592, 160: 0.06936669537464166, 170: 0.06858710630890068, 180: 0.0676126878342179, 190: 0.06736752777238116, 200: 0.06710756939328044, 210: 0.0671532200357683, 220: 0.06621760320125437, 230: 0.06595663193096428, 240: 0.06544718705564559, 250: 0.06454801436691908, 260: 0.06443747101250083, 270: 0.06421981895707153, 280: 0.0641481708761046, 290: 0.06394830649994451, 300: 0.0636015435658156, 310: 0.06327012407763608, 320: 0.06246775111249808, 330: 0.06209941928942856, 340: 0.06179906996320792, 350: 0.06241060337214355, 360: 0.06145781449006388, 370: 0.060608287606456354, 380: 0.060236738547464294, 390: 0.060099201201925856, 400: 0.05942569911980429, 410: 0.05953225370049159, 420: 0.059108180590604485, 430: 0.058980027822558914, 440: 0.05844731298007799, 450: 0.0583020641045814, 460: 0.0576102133988778, 470: 0.05727027756590597, 480: 0.057026227898463774, 490: 0.05680661066233571, 500: 0.05661507775935311, 510: 0.05648501481750155, 520: 0.05563394043489835, 530: 0.055022631468670646, 540: 0.05471704855564237, 550: 0.0550428583983674, 560: 0.05411260675633452, 570: 0.0540609731145653, 580: 0.0533455122669375, 590: 0.0534411941670496, 600: 0.05281420591863635, 610: 0.05280071425734639, 620: 0.052743193839158944, 630: 0.05243384429538757, 640: 0.05183836977969094, 650: 0.05174384817047094, 660: 0.051432368398064233, 670: 0.05074399718653555, 680: 0.050779882066054105, 690: 0.050616532139749225, 700: 0.04969144203746921, 710: 0.04998501470285417, 720: 0.049555112424590944, 730: 0.04932324135588889, 740: 0.048442161693577214, 750: 0.047717990925083484, 760: 0.04795150057277758, 770: 0.047229622104794165, 780: 0.047040155529181484, 790: 0.0460717150692493, 800: 0.04608972930654388, 810: 0.04632821011298793, 820: 0.045647470648191336, 830: 0.045311773975080495, 840: 0.04504818431596136, 850: 0.044667743943511494, 860: 0.04440838980118457, 870: 0.04356023162940009, 880: 0.043831564682941346, 890: 0.043888134397362756, 900: 0.04256535393621474, 910: 0.04299791488485163, 920: 0.042796083161833046, 930: 0.04324714444656142}",900,0.04256535393621474,0.01,0.01,0.2
energy,dropoutFCN,32,0.01,0.0001,"{0: 0.8929725180367509, 10: 0.19090817461971218, 20: 0.09716702513878353, 30: 0.08436534640615215, 40: 0.07943019723348636, 50: 0.0760438232231693, 60: 0.07406634351805372, 70: 0.07203068823505088, 80: 0.07102048377789816, 90: 0.06970804682880041, 100: 0.06930442201302567, 110: 0.06803462971426377, 120: 0.06716166922350168, 130: 0.06627865154864661, 140: 0.06607773120511448, 150: 0.06495286357395055, 160: 0.06408079623010228, 170: 0.06323741101742378, 180: 0.0627307192739345, 190: 0.06193560310255268, 200: 0.06096118938102851, 210: 0.060678972926139274, 220: 0.06015557815156569, 230: 0.059259449200329585, 240: 0.05840737836443629, 250: 0.057595741426179715, 260: 0.05690221806488386, 270: 0.056234267492437616, 280: 0.05592279052574103, 290: 0.05519261361409724, 300: 0.05393892981188465, 310: 0.052894420076549396, 320: 0.05307896818141968, 330: 0.0519570859133955, 340: 0.05125398315061304, 350: 0.04992935295850655, 360: 0.04988004655106678, 370: 0.04872113225665566, 380: 0.04760271628938022, 390: 0.047365401534746686, 400: 0.046233515448567394, 410: 0.04534986638546578, 420: 0.044541428494996406, 430: 0.04475840684058753, 440: 0.043947186559939184, 450: 0.0425411110414448, 460: 0.04237748473131957, 470: 0.04176860701093654, 480: 0.04168240296694496, 490: 0.040461700178874446, 500: 0.03990420267342385, 510: 0.03937390255929828, 520: 0.0384689858522627, 530: 0.03874615497473048, 540: 0.03836118604878132, 550: 0.03658969182584161, 560: 0.037925987223126754, 570: 0.036975907885490475, 580: 0.03597456732717423, 590: 0.036016240250902644, 600: 0.03556378809361557, 610: 0.03523988537698901, 620: 0.03500767263918857, 630: 0.03494529195316558, 640: 0.034654443975879114, 650: 0.03475961721331322, 660: 0.03395823784789197, 670: 0.03379125377215673, 680: 0.03442557731289062, 690: 0.033529828413705276, 700: 0.032721322648923315, 710: 0.03314806719730254, 720: 0.03286984512542949, 730: 0.03246191292991245, 740: 0.03264666420341682, 750: 0.03150521922207635, 760: 0.03186810583195956, 770: 0.031576718094417464, 780: 0.031192836129481073, 790: 0.03168361263770938, 800: 0.031093565456387473, 810: 0.031116527974889563, 820: 0.03142209456729345, 830: 0.0304846207195066, 840: 0.031159282983288787, 850: 0.03103306990553264, 860: 0.03114792170187012}",830,0.0304846207195066,0.01,0.01,0.1
energy,dropoutFCN,32,0.01,0.0001,"{0: 0.8671578991783312, 10: 0.18556828845183596, 20: 0.09870576811848872, 30: 0.08570552585564835, 40: 0.07998384072419391, 50: 0.07671133376768187, 60: 0.07372691507835906, 70: 0.07258238693485494, 80: 0.0708355173627472, 90: 0.06953515818869609, 100: 0.06852728280999829, 110: 0.06749565908368803, 120: 0.06629137042495278, 130: 0.06565687960771169, 140: 0.06442722111287974, 150: 0.06364844997878807, 160: 0.06280240697931937, 170: 0.061816346377489825, 180: 0.06116812252487347, 190: 0.06049913480817302, 200: 0.05945712983832667, 210: 0.058358475810340614, 220: 0.057770803017986386, 230: 0.056747085709727065, 240: 0.05587474805160545, 250: 0.05507924714824899, 260: 0.05415672611062381, 270: 0.05335446152794874, 280: 0.05270498015550547, 290: 0.051991141469922994, 300: 0.05099871486716353, 310: 0.050280442666974866, 320: 0.04943147706982296, 330: 0.04846823560442628, 340: 0.0477485075618813, 350: 0.047445789709295985, 360: 0.04689509320850732, 370: 0.045791133116535, 380: 0.04508717442692264, 390: 0.0441172387377947, 400: 0.04354674369578367, 410: 0.04294589942009127, 420: 0.042391933561340585, 430: 0.042057522556713606, 440: 0.040837567000409435, 450: 0.040442463567332235, 460: 0.03985512025473587, 470: 0.039964793319674265, 480: 0.03892230432955731, 490: 0.038643290727583865, 500: 0.03783642086323922, 510: 0.037956956120295544, 520: 0.0376215403006583, 530: 0.03686939585404318, 540: 0.03653715064471823, 550: 0.036492194997661355, 560: 0.036009571153244053, 570: 0.035562919303238606, 580: 0.03586310379521919, 590: 0.03533768494381724, 600: 0.03489619911324735, 610: 0.0343980916180079, 620: 0.0343380595410798, 630: 0.0344416261395045, 640: 0.033635617929940125, 650: 0.03439865381272335, 660: 0.033131068013186424, 670: 0.03341726472507703, 680: 0.03310371810729489, 690: 0.032572557366455965, 700: 0.03294388775775929, 710: 0.031836542933156506, 720: 0.031903632962759707, 730: 0.032229497912820856, 740: 0.031711938912546686, 750: 0.03131408994652725, 760: 0.031217629679801556, 770: 0.032128562377801775, 780: 0.0312794920692587, 790: 0.030198267760559845, 800: 0.03090728638582224, 810: 0.030629458119138215, 820: 0.03093402930464003}",790,0.030198267760559845,0.01,0.01,0.05
energy,dropoutFCN,32,0.01,0.0001,"{0: 0.947073626861435, 10: 0.19217548902735748, 20: 0.09925113017292844, 30: 0.08506769259504585, 40: 0.07885048736224934, 50: 0.07498778963838118, 60: 0.07216969362723101, 70: 0.07045599812063061, 80: 0.068810085156183, 90: 0.06749393311255329, 100: 0.06627303516246726, 110: 0.06513577209688513, 120: 0.06394058832603065, 130: 0.06283708647564779, 140: 0.061708393751210525, 150: 0.06079228365056264, 160: 0.05948356770194484, 170: 0.05844098350908754, 180: 0.05724206044018769, 190: 0.056124978232744, 200: 0.055165153466374586, 210: 0.05422359794888689, 220: 0.05298703933020728, 230: 0.05195128361050422, 240: 0.0511910860821571, 250: 0.04991449168567361, 260: 0.0487417719825282, 270: 0.047876336108126055, 280: 0.046876554958563035, 290: 0.04585940738831832, 300: 0.04512847820039941, 310: 0.04392917199490047, 320: 0.043421939875785076, 330: 0.042552737507725355, 340: 0.041753818046370614, 350: 0.04084570504428068, 360: 0.04069197956687623, 370: 0.03972691943099161, 380: 0.039104610158364625, 390: 0.03866184083862804, 400: 0.03767708783638361, 410: 0.03723590289606629, 420: 0.03724950247533708, 430: 0.036398436842772004, 440: 0.03590499604286932, 450: 0.03545497497368674, 460: 0.035123177601502895, 470: 0.034400992293427676, 480: 0.03437390828587827, 490: 0.03418752668294115, 500: 0.03347986853265308, 510: 0.03324178607006574, 520: 0.032752664038504575, 530: 0.0324247407992947, 540: 0.03213215103080241, 550: 0.0315809828900898, 560: 0.03166045560126032, 570: 0.0311863938118112, 580: 0.03108996316208675, 590: 0.031035851590672004, 600: 0.030665209852595948, 610: 0.030406229745104606, 620: 0.030044380873620442, 630: 0.029610968074126675, 640: 0.029471354102501107, 650: 0.029645507826911603, 660: 0.028912897157769162, 670: 0.029192156688830673, 680: 0.029312838204915044, 690: 0.028942730739950046}",660,0.028912897157769162,0.01,0.01,0.01
energy,dropoutFCN,32,0.01,0.0001,"{0: 0.9095582095063814, 10: 0.176654850015414, 20: 0.09737501889159404, 30: 0.08513911445437075, 40: 0.07924868906887232, 50: 0.07523220749458964, 60: 0.07262516106243898, 70: 0.07042869282800739, 80: 0.06862079436328114, 90: 0.06716874445823691, 100: 0.06581051361064513, 110: 0.0646313244387295, 120: 0.06341146832051738, 130: 0.06222914036377762, 140: 0.0611060531166205, 150: 0.06004509129941932, 160: 0.058993164830204725, 170: 0.05767521869649883, 180: 0.056479997872982544, 190: 0.055388794278776375, 200: 0.05433725715979415, 210: 0.053058491561695384, 220: 0.052006331347619214, 230: 0.05099748164166114, 240: 0.04988238369542314, 250: 0.048929109711134955, 260: 0.04780290948067421, 270: 0.04665450824385649, 280: 0.045841532052665515, 290: 0.04485109282758543, 300: 0.04374462293907076, 310: 0.04281412699644238, 320: 0.04190865082051354, 330: 0.04088272284723815, 340: 0.0402858072956129, 350: 0.039303564654488685, 360: 0.03834278958637476, 370: 0.03772886931855496, 380: 0.03705759200959004, 390: 0.03610042345032491, 400: 0.035762247070521176, 410: 0.034757250041816214, 420: 0.03439532971315212, 430: 0.03408124461118641, 440: 0.03362499847471929, 450: 0.03292225813889097, 460: 0.03241466915081751, 470: 0.03232532673842205, 480: 0.03177884859703834, 490: 0.03179719364696323, 500: 0.031018164350129752, 510: 0.03103801580517094, 520: 0.030512606547446586, 530: 0.03037601993054918, 540: 0.02994997570079898, 550: 0.029860075874427638, 560: 0.029933539959765283, 570: 0.029433425627355892, 580: 0.02927577771692296, 590: 0.02889139057747403, 600: 0.02889200453699235, 610: 0.02859895321056813, 620: 0.02841501951326386, 630: 0.02836004250398516, 640: 0.02776433578771197, 650: 0.028024608298602916, 660: 0.027891149620860554, 670: 0.027760057684615515, 680: 0.02721361793487307, 690: 0.027523036766387683, 700: 0.02739012168868572, 710: 0.027181726421500012, 720: 0.02700619810945639, 730: 0.027046138483608435, 740: 0.026816091955742822, 750: 0.026631169631957063, 760: 0.02652773676182184, 770: 0.026625228606787076, 780: 0.026509858107517777, 790: 0.02623211453562893, 800: 0.0263073031392232, 810: 0.025927004686158432, 820: 0.026248528914458825, 830: 0.02628760879729492, 840: 0.026286522651446965}",810,0.025927004686158432,0.01,0.01,0.005
energy,dropoutFCN,32,0.01,0.0001,"{0: 0.8804200531911107, 10: 0.16806367952776294, 20: 0.09418389762872284, 30: 0.08329087422152018, 40: 0.07763385144226807, 50: 0.0740677788547797, 60: 0.07172434277376714, 70: 0.06975346634455652, 80: 0.06818956139394558, 90: 0.06667721306270366, 100: 0.06543896244909586, 110: 0.06426465229911914, 120: 0.06306909850833178, 130: 0.06201288678004243, 140: 0.060927442598039824, 150: 0.05988251375816202, 160: 0.0587758817522427, 170: 0.057746617197066905, 180: 0.05675187828005608, 190: 0.05558805522553232, 200: 0.054446445461290606, 210: 0.05314041702527372, 220: 0.05181105406727733, 230: 0.05038634343721955, 240: 0.04905456172057339, 250: 0.04768699234544905, 260: 0.04644589486166857, 270: 0.04509594948704396, 280: 0.044000094172095564, 290: 0.04283645344796569, 300: 0.041781990209528094, 310: 0.04074412373800834, 320: 0.03982481842722302, 330: 0.03898656811641126, 340: 0.03809579459643238, 350: 0.0372380513394497, 360: 0.0364041763212714, 370: 0.03557847642172071, 380: 0.03496834327691828, 390: 0.034102433123460105, 400: 0.03364571126915964, 410: 0.033102007247045824, 420: 0.03265567556262914, 430: 0.03221294232766405, 440: 0.03172396695578709, 450: 0.03128293975219518, 460: 0.030661491833366063, 470: 0.030334586506593025, 480: 0.03007807220335676, 490: 0.029706433470872713, 500: 0.02929547739446195, 510: 0.029140188323149407, 520: 0.028688475548303494, 530: 0.028548578373634996, 540: 0.028253648401187503, 550: 0.028060472617949882, 560: 0.02775461912623357, 570: 0.027621669915826118, 580: 0.02738595081253198, 590: 0.02723553208613156, 600: 0.027003789318304182, 610: 0.026897626166549327, 620: 0.026736536407159294, 630: 0.026623006287739264, 640: 0.026438735161628563, 650: 0.026305316091969056, 660: 0.026186997046356287, 670: 0.02602233660490405, 680: 0.025905819035054657, 690: 0.02580067512289923, 700: 0.02575239204416454, 710: 0.0255912978051663, 720: 0.02538956646665615, 730: 0.025223859670302256, 740: 0.025294439655130473, 750: 0.025202697098397158, 760: 0.02518326556760638, 770: 0.02497741413361928, 780: 0.024791076630214903, 790: 0.024806783660773622, 800: 0.024695311064044826, 810: 0.02459383205547045, 820: 0.024659603367460686, 830: 0.024505811349534598, 840: 0.024469055966665893, 850: 0.02437586205651879, 860: 0.024378890741636842, 870: 0.02419335689111664, 880: 0.024256759249150564, 890: 0.024315992687614967, 900: 0.024149431403704992, 910: 0.024059007063683798, 920: 0.024135044125479354, 930: 0.023999375258697147, 940: 0.024117888338510335, 950: 0.02390272487645072, 960: 0.023818051756097608, 970: 0.023807866953975694, 980: 0.02383145668329012, 990: 0.023691314849523398, 1000: 0.02359309530129683, 1010: 0.023601729320204566, 1020: 0.023440833292443737, 1030: 0.023519017838346794, 1040: 0.023453060863285115, 1050: 0.023495113076082347}",1020,0.023440833292443737,0.01,0.01,0.001
energy,dropoutFCN,32,0.01,0.0005,"{0: 0.5450346957289917, 10: 0.08341620441714351, 20: 0.07558299079884948, 30: 0.07262299542721073, 40: 0.07054128170948845, 50: 0.06842042110616067, 60: 0.06671303048398229, 70: 0.0642883070105694, 80: 0.06218213694311374, 90: 0.06063332962043266, 100: 0.059366917988059764, 110: 0.059005573930922116, 120: 0.05671203724342864, 130: 0.05466577439872675, 140: 0.05215236813934202, 150: 0.051655435261697545, 160: 0.05006960197438141, 170: 0.049074530656315805, 180: 0.04701831039991098, 190: 0.04649228574649764, 200: 0.045608187592227775, 210: 0.043497508912523894, 220: 0.04453018681550485, 230: 0.042420550450279475, 240: 0.042144336679079734, 250: 0.04070631737723861, 260: 0.039974588261005896, 270: 0.04032125851003135, 280: 0.037555830492898096, 290: 0.03760610793655266, 300: 0.038049775349055945, 310: 0.0362719939760968, 320: 0.03622602736372583, 330: 0.03563996926411802, 340: 0.03502186898355101, 350: 0.033190680883316406, 360: 0.0339563213119227, 370: 0.03429139650532437, 380: 0.034590579001435307}",350,0.033190680883316406,0.01,0.01,0.2
energy,dropoutFCN,32,0.01,0.0005,"{0: 0.4600265191337926, 10: 0.07748084443865991, 20: 0.07057845400767725, 30: 0.0668541682751778, 40: 0.0635149525582004, 50: 0.061420578677686355, 60: 0.058500857684946485, 70: 0.05601934936445235, 80: 0.05224587259774175, 90: 0.05005043642750569, 100: 0.04641788387771656, 110: 0.04381391973775036, 120: 0.04189905148080455, 130: 0.03971691121607046, 140: 0.03727205576099317, 150: 0.036142989474394774, 160: 0.03618887314225624, 170: 0.0352174942701058, 180: 0.03418428919078366, 190: 0.032556214150501604, 200: 0.03217922574479898, 210: 0.03248565718273425, 220: 0.031902835036336376, 230: 0.030233486157492072, 240: 0.03160414025897497, 250: 0.0311560417551661, 260: 0.030813297615404543}",230,0.030233486157492072,0.01,0.01,0.1
energy,dropoutFCN,32,0.01,0.0005,"{0: 0.47859742897090385, 10: 0.08013879514214803, 20: 0.07018226900202632, 30: 0.06562303502520259, 40: 0.06237327868217439, 50: 0.059778507496239607, 60: 0.055611599053714364, 70: 0.05129398537478724, 80: 0.04705825690698913, 90: 0.04441941709059183, 100: 0.042272457903305416, 110: 0.03977158069824094, 120: 0.037061519875048035, 130: 0.03586124255438971, 140: 0.0335939931308752, 150: 0.03345883024600003, 160: 0.031723332927862315, 170: 0.03042940814308718, 180: 0.02930385397344244, 190: 0.029319374042539682, 200: 0.02986482389188839, 210: 0.0282620349925994, 220: 0.02716224040800347, 230: 0.028043876920457955, 240: 0.02751126561200168, 250: 0.02738212872381971}",220,0.02716224040800347,0.01,0.01,0.05
energy,dropoutFCN,32,0.01,0.0005,"{0: 0.4705583062415662, 10: 0.07687507438463845, 20: 0.06836887530840494, 30: 0.06313600748500339, 40: 0.058713439324510494, 50: 0.05320290742201454, 60: 0.04788448960001105, 70: 0.043332333795852405, 80: 0.03975521071143592, 90: 0.036495352700088524, 100: 0.03588413675068045, 110: 0.03419453861634008, 120: 0.03210091406806427, 130: 0.030936485320462725, 140: 0.030435467281979704, 150: 0.030211746891309833, 160: 0.029581428188733792, 170: 0.027800699446648737, 180: 0.026922551615929047, 190: 0.026968261590032606, 200: 0.02596877471908905, 210: 0.025865504887279244, 220: 0.02623590278752892, 230: 0.0251511833548951, 240: 0.02437390814957723, 250: 0.024641734080526424, 260: 0.024078767698029267, 270: 0.02442356519106645, 280: 0.023905129372496635, 290: 0.024375367050514563, 300: 0.023398456750426448, 310: 0.024019484914735996, 320: 0.02386229901797856, 330: 0.02302855030526388, 340: 0.023643642251135133, 350: 0.02353024036153966, 360: 0.023461590609142706}",330,0.02302855030526388,0.01,0.01,0.01
energy,dropoutFCN,32,0.01,0.0005,"{0: 0.485498849626352, 10: 0.0744168400042048, 20: 0.06667023533817437, 30: 0.06238050367223903, 40: 0.05815812112778668, 50: 0.05425443524261657, 60: 0.048817737175018396, 70: 0.04267183953388983, 80: 0.03847408494392618, 90: 0.03444069787079408, 100: 0.03286200816202255, 110: 0.03120293018962842, 120: 0.029814144062563754, 130: 0.02874344394562261, 140: 0.027798286112285797, 150: 0.02772345955296308, 160: 0.026698888061034643, 170: 0.026487484105565888, 180: 0.02537346720590236, 190: 0.025159084635590467, 200: 0.024897313475341704, 210: 0.024025956007679167, 220: 0.023863261534981244, 230: 0.02380073273656973, 240: 0.023370423076065377, 250: 0.023275079329510645, 260: 0.02328097337074146, 270: 0.022704550860876423, 280: 0.02293534440169783, 290: 0.022691914886405005, 300: 0.022320451812232023, 310: 0.022731219024219807, 320: 0.023163772862879742, 330: 0.022435234618556548}",300,0.022320451812232023,0.01,0.01,0.005
energy,dropoutFCN,32,0.01,0.0005,"{0: 0.48375667348696705, 10: 0.07429111089999796, 20: 0.06620331758005919, 30: 0.061938183496151454, 40: 0.05752466454616384, 50: 0.05287311903429313, 60: 0.04744091596030862, 70: 0.042830000185226105, 80: 0.03919545641092242, 90: 0.03662729396995077, 100: 0.03453807469388374, 110: 0.032954760716179685, 120: 0.0318318554300154, 130: 0.030744067077887037, 140: 0.030057259625752147, 150: 0.029326072894558103, 160: 0.02843604836298651, 170: 0.028038620774070773, 180: 0.027281212696129604, 190: 0.02661190500534305, 200: 0.02624060134410235, 210: 0.025545549389820454, 220: 0.02507720377785765, 230: 0.02439725892458175, 240: 0.024146941952967422, 250: 0.023976592559878322, 260: 0.023542341211217132, 270: 0.0232854413144925, 280: 0.02285001911354509, 290: 0.0231203074799261, 300: 0.022424557683218584, 310: 0.02250421362571934, 320: 0.022130197356365032, 330: 0.022124495997892867, 340: 0.02183100030816199, 350: 0.022131517536637307, 360: 0.02145897340690825, 370: 0.021150924343162462, 380: 0.0217706035296581, 390: 0.021681065863492638, 400: 0.021436980216935582}",370,0.021150924343162462,0.01,0.01,0.001
energy,dropoutFCN,32,0.01,0.001,"{0: 0.25861124580726774, 10: 0.07714358075815694, 20: 0.07115123498875522, 30: 0.06752862784101434, 40: 0.06427233125783596, 50: 0.06080093973172389, 60: 0.06088474925841299, 70: 0.058173436714343975, 80: 0.05336276918657616, 90: 0.05263305161946197, 100: 0.05044086876679195, 110: 0.04798989596773065, 120: 0.04655912427451871, 130: 0.04208986641483896, 140: 0.04374970299764369, 150: 0.04197999497503936, 160: 0.041780257951227424, 170: 0.041187934243862155, 180: 0.04075774869781151, 190: 0.039977777390424914, 200: 0.03968731718666392, 210: 0.03667348035967828, 220: 0.03765963531611531, 230: 0.03916294734726926, 240: 0.03678716054491825}",210,0.03667348035967828,0.01,0.01,0.2
energy,dropoutFCN,32,0.01,0.001,"{0: 0.2368914329428109, 10: 0.07262854165986318, 20: 0.06677200534820008, 30: 0.06261848259092125, 40: 0.0573304829853631, 50: 0.05433222238214218, 60: 0.047311987659511494, 70: 0.0404953944108418, 80: 0.03944185355502686, 90: 0.03733279387382576, 100: 0.035004155189603245, 110: 0.035192164754678484, 120: 0.033184872817818595, 130: 0.03406421853348317, 140: 0.03237241697709302, 150: 0.031696448532543456, 160: 0.03262650592427134, 170: 0.03034664127679288, 180: 0.03090693796306499, 190: 0.03184848640515743, 200: 0.031247373282468495}",170,0.03034664127679288,0.01,0.01,0.1
energy,dropoutFCN,32,0.01,0.001,"{0: 0.23529204663599743, 10: 0.07067920639018654, 20: 0.06582054825154333, 30: 0.05906229992223973, 40: 0.0524443745158298, 50: 0.04585414054002561, 60: 0.042451301576798314, 70: 0.03894579316102496, 80: 0.03687004908193441, 90: 0.032921433208184324, 100: 0.03197002490054194, 110: 0.03084641187319585, 120: 0.0304126014378392, 130: 0.02826029828242043, 140: 0.02849222532168525, 150: 0.02806607521174213, 160: 0.02788844526384543, 170: 0.028554786602786132, 180: 0.028597306728355094, 190: 0.027935796666169955}",160,0.02788844526384543,0.01,0.01,0.05
energy,dropoutFCN,32,0.01,0.001,"{0: 0.19969086642763734, 10: 0.06981235526474328, 20: 0.06144593510844779, 30: 0.0527719960788417, 40: 0.04420209163642241, 50: 0.039057642337831995, 60: 0.03442568167767039, 70: 0.03277183148369946, 80: 0.0307640648446853, 90: 0.029647088705238207, 100: 0.02954314038332233, 110: 0.028241942513088147, 120: 0.026771178519159382, 130: 0.026730855482894944, 140: 0.02605790974400758, 150: 0.025689049975334104, 160: 0.024987613212420996, 170: 0.02475924059814685, 180: 0.024266785067644785, 190: 0.02501159364601624, 200: 0.0241682012998512, 210: 0.023732440473019527, 220: 0.024180440467626046, 230: 0.024695855971586144, 240: 0.023602718479760552, 250: 0.023763846247165894, 260: 0.023050624687325418, 270: 0.024383011522491733, 280: 0.02359416051772111, 290: 0.02327231185044783}",260,0.023050624687325418,0.01,0.01,0.01
energy,dropoutFCN,32,0.01,0.001,"{0: 0.21133948493787136, 10: 0.07096037274497391, 20: 0.061676251745926655, 30: 0.053263996374078006, 40: 0.04465657299518283, 50: 0.037275596433689676, 60: 0.0343988941193191, 70: 0.03127536653829872, 80: 0.03021446937958543, 90: 0.027972903525511156, 100: 0.027669369035024222, 110: 0.026561671959497674, 120: 0.02581607061482328, 130: 0.025328611911825737, 140: 0.024824102641921527, 150: 0.024743137616745105, 160: 0.02548536936514547, 170: 0.024247113001070728, 180: 0.024813920156053347, 190: 0.025483721877853784, 200: 0.02396907533789442, 210: 0.023420402503968492, 220: 0.024121465568156277, 230: 0.022821947768967094, 240: 0.0229016204113986, 250: 0.023105024326283356, 260: 0.02368503194044137}",230,0.022821947768967094,0.01,0.01,0.005
energy,dropoutFCN,32,0.01,0.001,"{0: 0.2573681817350428, 10: 0.0691095515730126, 20: 0.061184242520023066, 30: 0.053643059511471004, 40: 0.04465539180284522, 50: 0.03748320447342818, 60: 0.033105315543203756, 70: 0.030527474901409418, 80: 0.029080308463131997, 90: 0.027614739468820444, 100: 0.02679642856485499, 110: 0.025549940077167665, 120: 0.0253127185439642, 130: 0.02477764417328597, 140: 0.024476471132229293, 150: 0.02383183264640904, 160: 0.02347284142495465, 170: 0.02339490522774127, 180: 0.022770560655941983, 190: 0.02319345937377232, 200: 0.022606641215468494, 210: 0.022403080811778435, 220: 0.0221129424325098, 230: 0.021959795658422657, 240: 0.022030803446467916, 250: 0.022087302779217537, 260: 0.02174291316450623, 270: 0.022061082421834625, 280: 0.021548144620442678, 290: 0.021759671912661763, 300: 0.02166042303395628, 310: 0.02208824521224828}",280,0.021548144620442678,0.01,0.01,0.001
energy,dropoutFCN,32,0.01,0.002,"{0: 0.1479657136699239, 10: 0.07701718523069634, 20: 0.07082936374035402, 30: 0.07163595094731669, 40: 0.06568357888174728, 50: 0.0666743412187866, 60: 0.057653655125294676, 70: 0.057953570709258065, 80: 0.05520685030931666, 90: 0.05175706477465629, 100: 0.04747331657303058, 110: 0.04844626487344087, 120: 0.046878295608523225, 130: 0.04561493158718792, 140: 0.04517641939420423, 150: 0.04650921528362305, 160: 0.042689727489950334, 170: 0.04562881462550054, 180: 0.04619357077300342, 190: 0.03984390656194074, 200: 0.04591345497291953, 210: 0.04434830242099881, 220: 0.04008403175099483}",190,0.03984390656194074,0.01,0.01,0.2
energy,dropoutFCN,32,0.01,0.002,"{0: 0.14160326369306367, 10: 0.07178252822354955, 20: 0.06660205569283598, 30: 0.06099510322211108, 40: 0.05939524147590526, 50: 0.05408370453046589, 60: 0.048359022029593246, 70: 0.04159456185160415, 80: 0.042037069079765677, 90: 0.04140375984486828, 100: 0.037416092770112826, 110: 0.033178453357384056, 120: 0.03749392158169993, 130: 0.037535592089227784, 140: 0.03706890340091609}",110,0.033178453357384056,0.01,0.01,0.1
energy,dropoutFCN,32,0.01,0.002,"{0: 0.13997448356401343, 10: 0.07045463394583677, 20: 0.06153571440956322, 30: 0.05423751134918433, 40: 0.05064644038391227, 50: 0.04385100701759533, 60: 0.04067864233229966, 70: 0.03759353304954349, 80: 0.038229815824115956, 90: 0.038121605627253655, 100: 0.03649386940145395, 110: 0.03435310335149888, 120: 0.03190180733646017, 130: 0.03272837699631381, 140: 0.03262729648593528, 150: 0.03250957292075254}",120,0.03190180733646017,0.01,0.01,0.05
energy,dropoutFCN,32,0.01,0.002,"{0: 0.1386088890670602, 10: 0.06927247573215056, 20: 0.05953911449176803, 30: 0.050043585037932506, 40: 0.04177468707222717, 50: 0.03778834222796939, 60: 0.03377720567796344, 70: 0.03378286787935468, 80: 0.03123906551580119, 90: 0.032031074801578324, 100: 0.029664535562102034, 110: 0.029801235870832676, 120: 0.028958160434040876, 130: 0.029068846351292178, 140: 0.02911805842733615, 150: 0.028661466720096312, 160: 0.028959516090044622, 170: 0.029103121592900433, 180: 0.028310058698406675, 190: 0.029078459473656733, 200: 0.029672973194707835, 210: 0.0306068525665123}",180,0.028310058698406675,0.01,0.01,0.01
energy,dropoutFCN,32,0.01,0.002,"{0: 0.1517018679016537, 10: 0.06717908359000513, 20: 0.05812836168248241, 30: 0.04649256479313345, 40: 0.03787945219652344, 50: 0.03510948344687771, 60: 0.03141575101805213, 70: 0.03004662966275992, 80: 0.02910510495498202, 90: 0.028417510513673538, 100: 0.02914746654243882, 110: 0.027581926383074124, 120: 0.026815370357156348, 130: 0.02618962922888816, 140: 0.025531535269624272, 150: 0.025880026146764556, 160: 0.026150982011485448, 170: 0.02590559019654886}",140,0.025531535269624272,0.01,0.01,0.005
energy,dropoutFCN,32,0.01,0.002,"{0: 0.13474570578151618, 10: 0.06756719497929775, 20: 0.05462942703496841, 30: 0.04151788264717576, 40: 0.03434570597939756, 50: 0.03132052018093527, 60: 0.029325887450322014, 70: 0.028357938361741074, 80: 0.027293219923993937, 90: 0.02689047689416437, 100: 0.02615379649258511, 110: 0.02541975506076046, 120: 0.025458796321725097, 130: 0.025178439046442312, 140: 0.025621563501906298, 150: 0.025319306568918974, 160: 0.02501202335745776, 170: 0.024745246009360223, 180: 0.02495533777131496, 190: 0.02488300972040353, 200: 0.02513950625832965}",170,0.024745246009360223,0.01,0.01,0.001
energy,dropoutFCN,32,0.001,0.0001,"{0: 0.940599491441153, 10: 0.21214716663666286, 20: 0.10131396915737301, 30: 0.08717888383740713, 40: 0.08099030089901874, 50: 0.07758947137068482, 60: 0.07640498388267176, 70: 0.07498815590397812, 80: 0.07325188933087082, 90: 0.07200138939113342, 100: 0.07132041380276097, 110: 0.07076268352743913, 120: 0.06985348605138848, 130: 0.06848827993325213, 140: 0.06770116628665145, 150: 0.06694564906035949, 160: 0.06694950456223965, 170: 0.06520959983691405, 180: 0.06418954838009203, 190: 0.06375535650219255, 200: 0.06284310936631879, 210: 0.06146201664244518, 220: 0.06017178413016898, 230: 0.05948041645063014, 240: 0.058183449791208375, 250: 0.05762102142300078, 260: 0.056183204511370446, 270: 0.05590510167465494, 280: 0.05424145847553017, 290: 0.05358621584963762, 300: 0.051628005511410294, 310: 0.05094744475846622, 320: 0.04945571769297512, 330: 0.04898673636449284, 340: 0.04772242101106218, 350: 0.047380188354453005, 360: 0.04603278578721919, 370: 0.04539007674741313, 380: 0.04369580902012248, 390: 0.043031108061301775, 400: 0.04232627619482407, 410: 0.04116490860797954, 420: 0.040716472298590066, 430: 0.03931249466280445, 440: 0.03848349260615378, 450: 0.038186033749805205, 460: 0.037320769602249386, 470: 0.037302231936842525, 480: 0.03654457572075537, 490: 0.035331980156047285, 500: 0.03495727995109926, 510: 0.03421108641373854, 520: 0.03380677366469616, 530: 0.03395808102518586, 540: 0.033053419694024436, 550: 0.03254638348813933, 560: 0.030776801898476723, 570: 0.030054054502832217, 580: 0.030715140763322157, 590: 0.03049672847569255, 600: 0.028845055428434498, 610: 0.02953338706767846, 620: 0.027801980115706632, 630: 0.027689311814789973, 640: 0.027517073683134836, 650: 0.027318043901738837, 660: 0.026239384466532224, 670: 0.02559448501476741, 680: 0.025543056104933477, 690: 0.025260866857448466, 700: 0.024451738194735402, 710: 0.02431936148567989, 720: 0.024218241397157864, 730: 0.023076880385042405, 740: 0.02321122640007284, 750: 0.022992444134167272, 760: 0.021869833996477493, 770: 0.022381087690720905, 780: 0.021584139071359257, 790: 0.022284504349549407, 800: 0.021568805398686372, 810: 0.020835284996262894, 820: 0.02076045326510223, 830: 0.021227491886743374, 840: 0.020007105946330313, 850: 0.020642115658552042, 860: 0.019761539894929094, 870: 0.019385422894977678, 880: 0.01913987047603873, 890: 0.020426262396955136, 900: 0.019160682705604507, 910: 0.018835056521590315, 920: 0.018973321213302426, 930: 0.018291207109149096, 940: 0.017956494562058258, 950: 0.018562372899017847, 960: 0.018264035954272072, 970: 0.017947460724606637, 980: 0.018424469070263554, 990: 0.017709719846264675, 1000: 0.016502207513540132, 1010: 0.01669561970501336, 1020: 0.01748809970723666, 1030: 0.017015940406314177}",1000,0.016502207513540132,0.01,0.01,0.2
energy,dropoutFCN,32,0.001,0.0001,"{0: 0.9044099797205369, 10: 0.2175082467630452, 20: 0.1054135769792323, 30: 0.08720256682308089, 40: 0.08026732878475748, 50: 0.0765948048610934, 60: 0.074007556949709, 70: 0.07154203104348035, 80: 0.07019082569782455, 90: 0.06882792204314593, 100: 0.06736664371968396, 110: 0.06673393774081052, 120: 0.0645985586419513, 130: 0.06326210249325093, 140: 0.062088413866626314, 150: 0.061421802250600635, 160: 0.060376883092058686, 170: 0.05865616484007826, 180: 0.057809178722871155, 190: 0.05662104896649939, 200: 0.0555529892328428, 210: 0.054245350070622436, 220: 0.052387782346442834, 230: 0.051703503193274415, 240: 0.050233667704567074, 250: 0.04888234940972802, 260: 0.04804985315972021, 270: 0.046046814200182, 280: 0.045152431180993345, 290: 0.043811254786019896, 300: 0.0430500709367453, 310: 0.0419046707737828, 320: 0.04120948117081879, 330: 0.03953169173136896, 340: 0.038885770137947466, 350: 0.0389416649809531, 360: 0.03807219524315345, 370: 0.03676309461955998, 380: 0.0354594369187671, 390: 0.03497242108945662, 400: 0.033650257517018264, 410: 0.032907364224511335, 420: 0.032283645421296345, 430: 0.032575678767187824, 440: 0.030586194250284315, 450: 0.030563486807369068, 460: 0.028626140865370558, 470: 0.028638025320193522, 480: 0.028144730732696903, 490: 0.02754268250966229, 500: 0.027697121871502008, 510: 0.026415185738435855, 520: 0.025323778828356514, 530: 0.02559592197559189, 540: 0.02432078363801616, 550: 0.02517063260636007, 560: 0.02387102426029866, 570: 0.023005594300434105, 580: 0.02263492254122514, 590: 0.022456235813770625, 600: 0.022385814194146092, 610: 0.020870863377584207, 620: 0.021410472427910526, 630: 0.020436782500699534, 640: 0.01998262883588626, 650: 0.019317578037824135, 660: 0.020024578606948906, 670: 0.01987242446798997, 680: 0.019054499445586116, 690: 0.01913700197013667, 700: 0.018640438593823753, 710: 0.018547284738814195, 720: 0.018781263659956828, 730: 0.018046443803774848, 740: 0.01768389771185149, 750: 0.017451190713514496, 760: 0.017192823396603173, 770: 0.017550856427205264, 780: 0.017536391147666697, 790: 0.017457654422905488}",760,0.017192823396603173,0.01,0.01,0.1
energy,dropoutFCN,32,0.001,0.0001,"{0: 0.8999767304706078, 10: 0.20616520007904188, 20: 0.10046781933630973, 30: 0.08508155170878251, 40: 0.07858221498115069, 50: 0.07422644011730926, 60: 0.07171184390745575, 70: 0.069678200717296, 80: 0.0673741577865163, 90: 0.06565638734761332, 100: 0.06411115909115674, 110: 0.06229313633775935, 120: 0.06051964194086985, 130: 0.05906414744195565, 140: 0.05754057699716379, 150: 0.05560600849348363, 160: 0.05399849297813688, 170: 0.05241177946589286, 180: 0.05004359770516078, 190: 0.04963939626106982, 200: 0.04811671635856688, 210: 0.04628569080702753, 220: 0.04472955981549757, 230: 0.04470767456629539, 240: 0.04235454088415318, 250: 0.041858517468188125, 260: 0.039744885277445435, 270: 0.03859022398838381, 280: 0.03788074174242728, 290: 0.03624354805601219, 300: 0.03674198155975689, 310: 0.03414493546150024, 320: 0.03408633407476436, 330: 0.03247106547107319, 340: 0.03187656671781449, 350: 0.03185713406087187, 360: 0.030461935253545003, 370: 0.029595621013260437, 380: 0.028750724381591326, 390: 0.027964556851183098, 400: 0.02744842633497261, 410: 0.027181369685084437, 420: 0.026813713230036763, 430: 0.025414149980561608, 440: 0.024154073638238505, 450: 0.023836094097090445, 460: 0.02319065383376657, 470: 0.023003976191671455, 480: 0.02256171450092862, 490: 0.021294752058864642, 500: 0.02232851118795692, 510: 0.022263637584834343, 520: 0.020789777973273804, 530: 0.020087148294319023, 540: 0.018956851874251383, 550: 0.019972491326778984, 560: 0.018006585321178, 570: 0.018196752485569047, 580: 0.018367472792315626, 590: 0.01715037958306975, 600: 0.017382072379811854, 610: 0.017300139109769273, 620: 0.017538348408039812}",590,0.01715037958306975,0.01,0.01,0.05
energy,dropoutFCN,32,0.001,0.0001,"{0: 0.8873286079505627, 10: 0.17435994544248334, 20: 0.09233887365481845, 30: 0.08034737832326898, 40: 0.0750604936379632, 50: 0.0715461051120101, 60: 0.06908692481910073, 70: 0.0670396810506489, 80: 0.06513828154090769, 90: 0.06317927235133938, 100: 0.06146690291462422, 110: 0.05968619103465385, 120: 0.05807875845962114, 130: 0.055903391704443896, 140: 0.054210741397409966, 150: 0.05208195363709239, 160: 0.050253991520410365, 170: 0.048036347958442374, 180: 0.04569301663862059, 190: 0.04413406644704167, 200: 0.04229679274532011, 210: 0.04037413688369843, 220: 0.038563374119177596, 230: 0.036694070192876384, 240: 0.035460879541034857, 250: 0.03382532389023479, 260: 0.03313342618976818, 270: 0.03178462587767651, 280: 0.0306872130606602, 290: 0.029548349558927767, 300: 0.028564022155882007, 310: 0.028451409619179913, 320: 0.02755520391335936, 330: 0.025797095000133163, 340: 0.0251003965844667, 350: 0.024719019743323318, 360: 0.02430308491694646, 370: 0.02268861309098539, 380: 0.022335282722062293, 390: 0.021207316631683865, 400: 0.021100166642361407, 410: 0.020858348868156722, 420: 0.019729388763304632, 430: 0.01901399651806696, 440: 0.01822697182159757, 450: 0.018237034275042453, 460: 0.01786204314110824, 470: 0.01732742974322871, 480: 0.017327083376108783, 490: 0.01672549193927813, 500: 0.016023396503271625, 510: 0.015792935230478387, 520: 0.015695761883174314, 530: 0.01579469534010291, 540: 0.015673436447590745, 550: 0.015168837652947964, 560: 0.015217259309949572, 570: 0.014722510595850256, 580: 0.015282708992326352, 590: 0.014864319050591476, 600: 0.014288573593557114, 610: 0.013972482229512834, 620: 0.01373073526287103, 630: 0.014021241065242834, 640: 0.014010657080974593, 650: 0.014088526669148404}",620,0.01373073526287103,0.01,0.01,0.01
energy,dropoutFCN,32,0.001,0.0001,"{0: 0.9110393920310826, 10: 0.1740405946969986, 20: 0.09145935291324346, 30: 0.07962105047723841, 40: 0.07451700547385594, 50: 0.07158404490847786, 60: 0.06917484215091192, 70: 0.06700649070925241, 80: 0.06502635120574941, 90: 0.06280799649951736, 100: 0.06051859648032585, 110: 0.05837149400356871, 120: 0.05620353229043008, 130: 0.05373419440848802, 140: 0.05148670427366152, 150: 0.04911634553013826, 160: 0.04697962160153094, 170: 0.04502403361043358, 180: 0.04309836521980072, 190: 0.0411901463259582, 200: 0.03921569831923542, 210: 0.037763344882423285, 220: 0.03605340382233947, 230: 0.03418084553918425, 240: 0.03299229004930874, 250: 0.031667051151271705, 260: 0.03022098997360815, 270: 0.0286103932410141, 280: 0.02745037743809079, 290: 0.026448216342557024, 300: 0.02498856630872905, 310: 0.023715711485901847, 320: 0.022685225982495533, 330: 0.021776432214188374, 340: 0.021584033810781965, 350: 0.0199626637951898, 360: 0.019227157889015196, 370: 0.018230311947265387, 380: 0.017407701695597317, 390: 0.016761346879785984, 400: 0.016464394337408157, 410: 0.01588217125301673, 420: 0.015292756919770556, 430: 0.014937953601424836, 440: 0.015062680112811927, 450: 0.014442983990222091, 460: 0.014648309711197582, 470: 0.014567706462750036, 480: 0.013851124558890242, 490: 0.013809435804862704, 500: 0.0136966512277206, 510: 0.013820638643697102, 520: 0.013013393462685352, 530: 0.013221145132523043, 540: 0.012950750956403429, 550: 0.01259127231447594, 560: 0.01290772130270231, 570: 0.01265451126639706, 580: 0.01257791058071614, 590: 0.012703277575658683, 600: 0.012590932287201314, 610: 0.012192552338495671, 620: 0.012173748306888357, 630: 0.012018883979851888, 640: 0.012312881910733311, 650: 0.011668949988728366, 660: 0.01193200207613165, 670: 0.012363100306637505, 680: 0.012092879848381201}",650,0.011668949988728366,0.01,0.01,0.005
energy,dropoutFCN,32,0.001,0.0001,"{0: 0.9281372149960131, 10: 0.18319947212283078, 20: 0.09874232636878098, 30: 0.08540335367125272, 40: 0.07868900160010649, 50: 0.07418778386157178, 60: 0.07093465178182137, 70: 0.06845229580674697, 80: 0.06628215442853864, 90: 0.06414521971726662, 100: 0.06204026843128595, 110: 0.06002343150217439, 120: 0.0579054367067805, 130: 0.05587787695539868, 140: 0.05389282256146359, 150: 0.051974578045470454, 160: 0.04991174006883532, 170: 0.04804586474198461, 180: 0.04607440678468072, 190: 0.04434435385115883, 200: 0.04232017900126942, 210: 0.04069136985229219, 220: 0.038978075242238765, 230: 0.0373081611997423, 240: 0.03579633455506551, 250: 0.03423505597626839, 260: 0.03283036198582702, 270: 0.031570334091691216, 280: 0.03012596738329732, 290: 0.028691098512094858, 300: 0.027451056059423596, 310: 0.025972885291466834, 320: 0.024693116591107556, 330: 0.02365154480470008, 340: 0.022044615506357258, 350: 0.021572010747454816, 360: 0.020387377247351353, 370: 0.019429428678680687, 380: 0.01842217756256284, 390: 0.017691830459693685, 400: 0.01663686653861547, 410: 0.016318936507533736, 420: 0.015770017483779215, 430: 0.015189825183972983, 440: 0.014544462433473859, 450: 0.013842135040526662, 460: 0.013672815458510207, 470: 0.013397595995343754, 480: 0.013125197846463812, 490: 0.012891923856473272, 500: 0.012460086963188007, 510: 0.01226591204572233, 520: 0.012447648810940942, 530: 0.012214208225811856, 540: 0.011966177265891016, 550: 0.011778801502817557, 560: 0.01193980336459618, 570: 0.011407783184402604, 580: 0.011118142667752667, 590: 0.011527066555481908, 600: 0.011147495753297019, 610: 0.0111556620344889}",580,0.011118142667752667,0.01,0.01,0.001
energy,dropoutFCN,32,0.001,0.0005,"{0: 0.53853166309036, 10: 0.07919262277870262, 20: 0.07373410694109478, 30: 0.06910856397963756, 40: 0.06604248009861413, 50: 0.06182250408727567, 60: 0.0582144742131265, 70: 0.05355183382382174, 80: 0.046956315404915114, 90: 0.045697946349779764, 100: 0.03839846897344502, 110: 0.037976187887520496, 120: 0.03454390314833277, 130: 0.03126748578220022, 140: 0.029239055671579327, 150: 0.026123114187440705, 160: 0.026215786666897445, 170: 0.024201436442394152, 180: 0.02193308624189571, 190: 0.019650467395098285, 200: 0.018734573290659622, 210: 0.020832350257648586, 220: 0.018757534295734596, 230: 0.018987697757498537}",200,0.018734573290659622,0.01,0.01,0.2
energy,dropoutFCN,32,0.001,0.0005,"{0: 0.49859559051310176, 10: 0.07808379429043348, 20: 0.0694795852593306, 30: 0.06364715923585607, 40: 0.05861163431209802, 50: 0.052782323287645296, 60: 0.047365544739215434, 70: 0.04188711333771149, 80: 0.039346266877565025, 90: 0.03573203709532098, 100: 0.032557368577350844, 110: 0.03136333547980407, 120: 0.02779476051537193, 130: 0.025015864371444107, 140: 0.022423750600093256, 150: 0.020246104077825417, 160: 0.0201151496641746, 170: 0.01745963194005973, 180: 0.015746966146794612, 190: 0.016548021242402837, 200: 0.016533563527020793, 210: 0.01692890632048837}",180,0.015746966146794612,0.01,0.01,0.1
energy,dropoutFCN,32,0.001,0.0005,"{0: 0.4731688054723612, 10: 0.0731719409251283, 20: 0.06420864304595911, 30: 0.05711252414137939, 40: 0.04950156244140863, 50: 0.04319190151625024, 60: 0.03619806279143929, 70: 0.03290568800444732, 80: 0.0301124131133725, 90: 0.024778708051574855, 100: 0.02203968667078778, 110: 0.019283280646601994, 120: 0.017729372572820118, 130: 0.01667238078009986, 140: 0.01607264592113053, 150: 0.014796003181272332, 160: 0.015756951601249597, 170: 0.013830822508724555, 180: 0.01303086813465287, 190: 0.01272690351609318, 200: 0.01607314788643432, 210: 0.012719895774676082, 220: 0.015033076484489644, 230: 0.013892284393515109, 240: 0.013883801634377135}",210,0.012719895774676082,0.01,0.01,0.05
energy,dropoutFCN,32,0.001,0.0005,"{0: 0.5108911955712494, 10: 0.07246698523795511, 20: 0.06403801384754701, 30: 0.05533512656564643, 40: 0.044864714829548825, 50: 0.03697826041276854, 60: 0.031281771070859984, 70: 0.025961883605945535, 80: 0.022730451708307755, 90: 0.018755066107576743, 100: 0.016459579896104866, 110: 0.015871099821737105, 120: 0.016486268619992216, 130: 0.014998265150147494, 140: 0.013880589343227598, 150: 0.014190672265940923, 160: 0.013086828420502966, 170: 0.01362219295358576, 180: 0.012180092422035688, 190: 0.012224734093379227, 200: 0.012274062441540062, 210: 0.012769317490624776}",180,0.012180092422035688,0.01,0.01,0.01
energy,dropoutFCN,32,0.001,0.0005,"{0: 0.5136774673162263, 10: 0.07253440221101067, 20: 0.06312342566780237, 30: 0.05379439953674392, 40: 0.04304011575078291, 50: 0.0342329555754759, 60: 0.02832288842200915, 70: 0.02498536954174499, 80: 0.02160820626804793, 90: 0.019114285468505045, 100: 0.01688298560345306, 110: 0.016507232117607015, 120: 0.01528519954816387, 130: 0.014144327465653833, 140: 0.012989604830449936, 150: 0.013973747779902328, 160: 0.013376610327472801, 170: 0.01290152448364914, 180: 0.013216852990523881, 190: 0.012493773240843813, 200: 0.012546893362788525, 210: 0.011695606521239294, 220: 0.011737130286067021, 230: 0.011149645129033253, 240: 0.01152860447106525, 250: 0.01043816849220195, 260: 0.011830102646564259, 270: 0.011845365960392259, 280: 0.011207814311602962}",250,0.01043816849220195,0.01,0.01,0.005
energy,dropoutFCN,32,0.001,0.0005,"{0: 0.47488089861606697, 10: 0.07294966566001401, 20: 0.06415863794873043, 30: 0.05644078868565783, 40: 0.046891647659606586, 50: 0.03784237576967102, 60: 0.031020213845001608, 70: 0.02628215628617901, 80: 0.02252734553540061, 90: 0.018362566098415915, 100: 0.016124950320185953, 110: 0.014359435788650569, 120: 0.013495035419012449, 130: 0.013099005812036543, 140: 0.012548092103438005, 150: 0.012845243829474157, 160: 0.011675069284232242, 170: 0.011974013719844764, 180: 0.011086185186168924, 190: 0.011217346177705145, 200: 0.011299586027111414, 210: 0.01089934543985141, 220: 0.010930488254417167, 230: 0.010878236873124272, 240: 0.01040289290995349, 250: 0.01047045131328532, 260: 0.010683210788628078, 270: 0.010115900663250599, 280: 0.01073038071031765, 290: 0.010577790718922854, 300: 0.010813582867461412}",270,0.010115900663250599,0.01,0.01,0.001
energy,dropoutFCN,32,0.001,0.001,"{0: 0.2783345357006619, 10: 0.07386554387377832, 20: 0.06832322335002519, 30: 0.06351369398170775, 40: 0.05200885836763388, 50: 0.04534399525988433, 60: 0.04091004634502688, 70: 0.03813397772491026, 80: 0.03383571801966077, 90: 0.026889707778539402, 100: 0.026373737546630572, 110: 0.022498699206887175, 120: 0.018881872960733848, 130: 0.0194198504024522, 140: 0.01696567314186764, 150: 0.017139555019350463, 160: 0.019759169836406583, 170: 0.01665584573676872, 180: 0.016539977725451745, 190: 0.018422624789621256, 200: 0.019552758443784346, 210: 0.017824302817588462}",180,0.016539977725451745,0.01,0.01,0.2
energy,dropoutFCN,32,0.001,0.001,"{0: 0.23782851552345202, 10: 0.06907535717387796, 20: 0.05992180971287495, 30: 0.05081814071231805, 40: 0.0402804605607214, 50: 0.03324722326124182, 60: 0.027568181457329904, 70: 0.026525379028744765, 80: 0.020060679850265467, 90: 0.01981527557223936, 100: 0.017146190563950395, 110: 0.016609147894423984, 120: 0.01719608052156932, 130: 0.0153588326532564, 140: 0.016228687959663222, 150: 0.01655470874070164, 160: 0.016178395926163415}",130,0.0153588326532564,0.01,0.01,0.1
energy,dropoutFCN,32,0.001,0.001,"{0: 0.2446069389204335, 10: 0.07061551198160729, 20: 0.059349705295705026, 30: 0.044794379886997936, 40: 0.034621567416533494, 50: 0.0271040689940951, 60: 0.022758455047098163, 70: 0.01932247197159915, 80: 0.01780760784330713, 90: 0.01637391553073079, 100: 0.014269432230719355, 110: 0.014055473020919165, 120: 0.0163736037565533, 130: 0.013210332054259038, 140: 0.014258426719315487, 150: 0.012003577450782113, 160: 0.01126057622305315, 170: 0.012180379681675478, 180: 0.015296427772942581, 190: 0.013593561398569213}",160,0.01126057622305315,0.01,0.01,0.05
energy,dropoutFCN,32,0.001,0.001,"{0: 0.23396751820727318, 10: 0.0682550703611423, 20: 0.05456000031923495, 30: 0.035875104789565154, 40: 0.03007957016974469, 50: 0.02372729156104748, 60: 0.01948510791309993, 70: 0.015331088274138404, 80: 0.013364279253415018, 90: 0.015274097027032913, 100: 0.012558215967893766, 110: 0.012986848452124125, 120: 0.010833535491839283, 130: 0.011421875793531022, 140: 0.012621287250210866, 150: 0.012304495443907378}",120,0.010833535491839283,0.01,0.01,0.01
energy,dropoutFCN,32,0.001,0.001,"{0: 0.24065990829712453, 10: 0.06774681963867606, 20: 0.05242146030768473, 30: 0.03796715529246535, 40: 0.028139748493107446, 50: 0.020868264354976927, 60: 0.015031375136937909, 70: 0.015963378462602335, 80: 0.012454070631210092, 90: 0.012705877790192527, 100: 0.01261696624246245, 110: 0.012984641017443168}",80,0.012454070631210092,0.01,0.01,0.005
energy,dropoutFCN,32,0.001,0.001,"{0: 0.2429879320219137, 10: 0.06757763293209941, 20: 0.05316846778671669, 30: 0.03709310946252987, 40: 0.026635451318988333, 50: 0.01936429623863458, 60: 0.013907052860121744, 70: 0.01492176446378505, 80: 0.011665075315691567, 90: 0.012835481260073639, 100: 0.011187061662675857, 110: 0.011955828054849165, 120: 0.009859618786414587, 130: 0.011583842629462274, 140: 0.011917727928574894, 150: 0.01114272878926203}",120,0.009859618786414587,0.01,0.01,0.001
energy,dropoutFCN,32,0.001,0.002,"{0: 0.13764433731567888, 10: 0.07248037752088278, 20: 0.0611894325551932, 30: 0.04708873626978242, 40: 0.038285190204495306, 50: 0.034588483962816635, 60: 0.027117645058954188, 70: 0.022558656595518242, 80: 0.019531705333425152, 90: 0.021800064992874076, 100: 0.018086007529727922, 110: 0.01768565250807157, 120: 0.019062067795416766, 130: 0.016787457914818654, 140: 0.020281322576479462, 150: 0.018895458239107713, 160: 0.01947975428366576}",130,0.016787457914818654,0.01,0.01,0.2
energy,dropoutFCN,32,0.001,0.002,"{0: 0.15953037262769218, 10: 0.06660293634729188, 20: 0.05189985637707575, 30: 0.038388243187122084, 40: 0.03362723034695457, 50: 0.02613979950522393, 60: 0.022275035296593224, 70: 0.019214426680498685, 80: 0.02009632893858221, 90: 0.014965568670704334, 100: 0.013306095566256481, 110: 0.01630828927763727, 120: 0.015679979898997755, 130: 0.01756126434312232}",100,0.013306095566256481,0.01,0.01,0.1
energy,dropoutFCN,32,0.001,0.002,"{0: 0.1451844755549733, 10: 0.06895610470104803, 20: 0.047445145669411486, 30: 0.03430594221615448, 40: 0.025742479381400375, 50: 0.019997124080104928, 60: 0.016349490563253986, 70: 0.018132911883711647, 80: 0.01486659444042874, 90: 0.01542152844959758, 100: 0.013526741762941089, 110: 0.012583451423502085, 120: 0.013868898204296298, 130: 0.014805114834095107, 140: 0.01321382228591419}",110,0.012583451423502085,0.01,0.01,0.05
energy,dropoutFCN,32,0.001,0.002,"{0: 0.15058973256916136, 10: 0.06489074432560323, 20: 0.04249470521970604, 30: 0.02895034306244355, 40: 0.018807320437325442, 50: 0.01628248153730292, 60: 0.01662360393101734, 70: 0.014281072070993167, 80: 0.01594214512805581, 90: 0.013842452554421717, 100: 0.01468612158336624, 110: 0.013110009701687936, 120: 0.012829116597353585, 130: 0.014442094124585003, 140: 0.01328970405168749, 150: 0.012444087128634932, 160: 0.012622268725790836, 170: 0.013472920617228443, 180: 0.012770697205310943}",150,0.012444087128634932,0.01,0.01,0.01
energy,dropoutFCN,32,0.001,0.002,"{0: 0.14409703726563855, 10: 0.06218291960123394, 20: 0.03893912204591041, 30: 0.025110232706616026, 40: 0.018100837136054142, 50: 0.01556078845383824, 60: 0.013041716127421924, 70: 0.015519469045077772, 80: 0.013342469249329799, 90: 0.013147434067948272}",60,0.013041716127421924,0.01,0.01,0.005
energy,dropoutFCN,32,0.001,0.002,"{0: 0.13514496407450619, 10: 0.05771731012265602, 20: 0.031238952458379477, 30: 0.01792115889863024, 40: 0.012860728860175499, 50: 0.012758696517508264, 60: 0.011737748596970677, 70: 0.013025581742438628, 80: 0.011314066638617688, 90: 0.011001333814460893, 100: 0.011563992805780968, 110: 0.011338887868694117, 120: 0.011306502345781096}",90,0.011001333814460893,0.01,0.01,0.001
energy,dropoutFCN,32,0.0001,0.0001,"{0: 0.9067312072455589, 10: 0.21918641349347165, 20: 0.10902154602742935, 30: 0.09046238608281962, 40: 0.08381768520978568, 50: 0.08043951067905195, 60: 0.07812708366702481, 70: 0.07639462968966856, 80: 0.07494218573907638, 90: 0.07365755444693198, 100: 0.07270809224501748, 110: 0.07237131353713473, 120: 0.07148690301407087, 130: 0.07096829566566862, 140: 0.07009675725668921, 150: 0.06953607125302863, 160: 0.06881428586427576, 170: 0.06745695787705763, 180: 0.0675000138858843, 190: 0.06679472838549928, 200: 0.06577130403753464, 210: 0.06495216022275749, 220: 0.0638024983281404, 230: 0.06251367058827888, 240: 0.06232502613642145, 250: 0.06143763110872771, 260: 0.06043544563193106, 270: 0.05979008305071594, 280: 0.058907690016481065, 290: 0.05762892600511863, 300: 0.05659243992375769, 310: 0.055627784886952636, 320: 0.055081714054451184, 330: 0.054278676222856405, 340: 0.05370287289221089, 350: 0.05205767476578943, 360: 0.05171930674152201, 370: 0.050256909913574954, 380: 0.04906751953073339, 390: 0.04916031447236861, 400: 0.04783849947360075, 410: 0.047804323572074106, 420: 0.046141552486644734, 430: 0.04597022675641112, 440: 0.044989182602246255, 450: 0.04442179210848464, 460: 0.042644986911354966, 470: 0.04274211438035355, 480: 0.04153857549480418, 490: 0.04179869734826254, 500: 0.04000068498653968, 510: 0.03956401142165488, 520: 0.038499479978411744, 530: 0.03755102429502223, 540: 0.03692310180454973, 550: 0.036260079212266295, 560: 0.03527537034756221, 570: 0.0354618432166361, 580: 0.034144119060258576, 590: 0.03345588020392991, 600: 0.03251941860778207, 610: 0.03116163525662847, 620: 0.031011267519090134, 630: 0.029646008655599687, 640: 0.02941594099782096, 650: 0.02887480690386174, 660: 0.02840919281600194, 670: 0.027489286848405597, 680: 0.02765566523453859, 690: 0.026931506582969878, 700: 0.02632690109156135, 710: 0.025267984383066395, 720: 0.025382550929052505, 730: 0.025118967283263405, 740: 0.023844377873245715, 750: 0.023854324979156228, 760: 0.02374677355189582, 770: 0.023213085183764793, 780: 0.022424758516210334, 790: 0.022118963915944062, 800: 0.022264741584581665, 810: 0.021600040179339315, 820: 0.021182577787050322, 830: 0.021397996094627954, 840: 0.020796400020002038, 850: 0.02052415129385405, 860: 0.020119644655578812, 870: 0.01973401420828793, 880: 0.01963709017879269, 890: 0.020780619534878718, 900: 0.019345639199197222, 910: 0.018923823675457262, 920: 0.0190330070209845, 930: 0.018835530080736344, 940: 0.018629332367957878, 950: 0.018727760822537656, 960: 0.017882342762660715, 970: 0.01771375624208254, 980: 0.01847786211658045, 990: 0.01828199499037837, 1000: 0.017929283053854134}",970,0.01771375624208254,0.01,0.01,0.2
energy,dropoutFCN,32,0.0001,0.0001,"{0: 0.9025724525088137, 10: 0.18407166932489688, 20: 0.09606457621854145, 30: 0.08433303619986547, 40: 0.07918430457397349, 50: 0.07646098288167609, 60: 0.07343374775206504, 70: 0.07153656096344756, 80: 0.07007711105168811, 90: 0.06879476796213538, 100: 0.06734631033868736, 110: 0.06598154209950408, 120: 0.065043482301685, 130: 0.06372234786097389, 140: 0.06249277170866183, 150: 0.060596332830932645, 160: 0.05954417704723604, 170: 0.05826088388244518, 180: 0.05659832925654031, 190: 0.05451099200040901, 200: 0.05333005869389971, 210: 0.05305795030591172, 220: 0.05019918670965945, 230: 0.04945659869846131, 240: 0.04821479623385323, 250: 0.047010564877013994, 260: 0.045749674935807914, 270: 0.0434360545131563, 280: 0.04370877037256039, 290: 0.04124905048552655, 300: 0.040581127879370314, 310: 0.03938807031822676, 320: 0.038846071754517306, 330: 0.03822992175904875, 340: 0.03598041772205886, 350: 0.03598475625710449, 360: 0.03385874004643567, 370: 0.03369339491914316, 380: 0.03371998880956707, 390: 0.03151813627836483, 400: 0.03094567638081732, 410: 0.030199438145831793, 420: 0.030020925609063987, 430: 0.02770602685421324, 440: 0.02776829274548768, 450: 0.027554650309948813, 460: 0.027109926706695105, 470: 0.026459926901816904, 480: 0.023984152856232618, 490: 0.023916143005981685, 500: 0.023153576561710677, 510: 0.023536250733164815, 520: 0.022762470103141925, 530: 0.021359611134273593, 540: 0.020729711618486458, 550: 0.02140170208333743, 560: 0.020198813844613677, 570: 0.021312350584992198, 580: 0.019793430770179237, 590: 0.019035653183272716, 600: 0.019908288383577628, 610: 0.019065498048085862, 620: 0.018436515799275594, 630: 0.01771716854009863, 640: 0.018699894946413102, 650: 0.01822702571220659, 660: 0.01772413097337379}",630,0.01771716854009863,0.01,0.01,0.1
energy,dropoutFCN,32,0.0001,0.0001,"{0: 0.9004350667140905, 10: 0.19665005799414206, 20: 0.10048974112131018, 30: 0.0840436535038766, 40: 0.07804220211866553, 50: 0.07431448512668055, 60: 0.07222853690047201, 70: 0.07025876022263614, 80: 0.06861249864842198, 90: 0.06668238074826699, 100: 0.06485662763975794, 110: 0.06307436825488347, 120: 0.0614064345679215, 130: 0.060044158716611215, 140: 0.058271987042952736, 150: 0.05662960421393772, 160: 0.05488711132006489, 170: 0.05376544437009614, 180: 0.05098868072376511, 190: 0.04975004444038068, 200: 0.04791504940127041, 210: 0.04609552239402126, 220: 0.04531102848893266, 230: 0.043850860136841495, 240: 0.04242606361751737, 250: 0.04062753829354845, 260: 0.039695749328426164, 270: 0.03858315531389326, 280: 0.037123864879463016, 290: 0.036691202565443747, 300: 0.03526141011759025, 310: 0.03402732845828261, 320: 0.0336165786724412, 330: 0.03312248295503474, 340: 0.031854367439474854, 350: 0.030418365891547693, 360: 0.029847581571361016, 370: 0.029838703431146363, 380: 0.028453417924570033, 390: 0.027277960961799526, 400: 0.027024450415590717, 410: 0.026975019477922475, 420: 0.025382048448598114, 430: 0.024482474976329584, 440: 0.023582364073017986, 450: 0.022948029180600155, 460: 0.023345081394310636, 470: 0.022499734919141385, 480: 0.021685192738421975, 490: 0.02101892590704984, 500: 0.020784777215098946, 510: 0.021131256551710297, 520: 0.020005031997680774, 530: 0.0189904752369773, 540: 0.01930403462461566, 550: 0.017874450248748154, 560: 0.018949736117935333, 570: 0.018048528255578254, 580: 0.01767536716242252, 590: 0.01847627223802597, 600: 0.017459513771026336, 610: 0.017681921063062767, 620: 0.017736821170902743, 630: 0.017292448521498506, 640: 0.016348871369089614, 650: 0.015632349632751914, 660: 0.01556280200346941, 670: 0.015903537791305745, 680: 0.015978236075236997, 690: 0.01566264684918156}",660,0.01556280200346941,0.01,0.01,0.05
energy,dropoutFCN,32,0.0001,0.0001,"{0: 0.864139406769717, 10: 0.1710901952985047, 20: 0.09369013647331756, 30: 0.08087257864327331, 40: 0.07476190220806403, 50: 0.07107353618617504, 60: 0.06856522859691953, 70: 0.06612726448496771, 80: 0.06420284786173364, 90: 0.06249944512101391, 100: 0.06072447320160136, 110: 0.05892878927451308, 120: 0.05736823850364092, 130: 0.05532488771498911, 140: 0.05358692374560542, 150: 0.05110199094209912, 160: 0.048888390838373, 170: 0.046998711500635115, 180: 0.04531572156506436, 190: 0.043188956519210245, 200: 0.041605372831431946, 210: 0.0402252065519043, 220: 0.03854513188175372, 230: 0.03720678676053331, 240: 0.0356221084151922, 250: 0.03430240941378541, 260: 0.033334003810465584, 270: 0.03174803093295208, 280: 0.030615955882551955, 290: 0.029684441916492645, 300: 0.028852768962542234, 310: 0.02785614427257546, 320: 0.02753574488900267, 330: 0.02569248367703713, 340: 0.024601447476513754, 350: 0.023950302402804047, 360: 0.023192907964598965, 370: 0.02217436122365309, 380: 0.02152494778445776, 390: 0.020117240435143804, 400: 0.020399104173882444, 410: 0.02005163639030162, 420: 0.019236373134015973, 430: 0.017393481289250688, 440: 0.01790631374843964, 450: 0.017654017879009866, 460: 0.0169245713090644, 470: 0.01623962056787947, 480: 0.016160151583761845, 490: 0.01615525999506279, 500: 0.014445842894912065, 510: 0.015665771229053344, 520: 0.014474978104125008, 530: 0.014236490514529587, 540: 0.01392695842705261, 550: 0.014466421972122629, 560: 0.014394219832746335, 570: 0.014028354660600054}",540,0.01392695842705261,0.01,0.01,0.01
energy,dropoutFCN,32,0.0001,0.0001,"{0: 0.9035703500509105, 10: 0.18421334443919488, 20: 0.09991592812399919, 30: 0.0844978118795213, 40: 0.07816692944563947, 50: 0.07444367595359545, 60: 0.07175620191318581, 70: 0.06968124952367365, 80: 0.06769091450119835, 90: 0.06568188583288417, 100: 0.06399462752210035, 110: 0.06190467621099864, 120: 0.06011592581208811, 130: 0.058028502156777996, 140: 0.05582769208592796, 150: 0.053567551884129413, 160: 0.0515076859294971, 170: 0.04920583304465135, 180: 0.04733179830288777, 190: 0.04537695788470655, 200: 0.04326572507062777, 210: 0.04171160518697074, 220: 0.039822020621750095, 230: 0.03782420063255533, 240: 0.036035874068804555, 250: 0.034376121780883624, 260: 0.032810526126311745, 270: 0.031752757934696285, 280: 0.030130897379054177, 290: 0.028552048125627134, 300: 0.027235173155875998, 310: 0.025554201915000224, 320: 0.024817144656242306, 330: 0.02351913635992482, 340: 0.022425860031599142, 350: 0.022441497519408743, 360: 0.021340241674847694, 370: 0.02070830450825841, 380: 0.020869709703550943, 390: 0.019522069658283216, 400: 0.018608332361529967, 410: 0.018733447399208854, 420: 0.018977345640340492, 430: 0.017927121355874938, 440: 0.017183938859295988, 450: 0.01684009839094084, 460: 0.016566042632162947, 470: 0.0161062873153687, 480: 0.015519329684167232, 490: 0.015557911743273516, 500: 0.015620977749300055, 510: 0.01438281194227593, 520: 0.015103266557846648, 530: 0.014852025054573198, 540: 0.014269498720051139, 550: 0.01428419883162112, 560: 0.013762966333444714, 570: 0.013287930908536815, 580: 0.013934574075558079, 590: 0.013101446971396069, 600: 0.01397893634097489, 610: 0.012505501420284915, 620: 0.013390673680579026, 630: 0.012996781272939045, 640: 0.012228632847255057, 650: 0.013625211102507414, 660: 0.01326141518836226, 670: 0.012613465981562929}",640,0.012228632847255057,0.01,0.01,0.005
energy,dropoutFCN,32,0.0001,0.0001,"{0: 0.8607459455430627, 10: 0.17527485217580824, 20: 0.09388429750440741, 30: 0.08125869320358227, 40: 0.0752880924182837, 50: 0.07157491195123228, 60: 0.06894308177064884, 70: 0.06684058501196356, 80: 0.06484532922895594, 90: 0.06261089144429255, 100: 0.06027357367733892, 110: 0.0578800745987124, 120: 0.05548389045759692, 130: 0.05314380922382687, 140: 0.05054229967585091, 150: 0.04810383502822446, 160: 0.04570452058520235, 170: 0.043452197632066064, 180: 0.041223345102458564, 190: 0.03917082829060045, 200: 0.03712485089925914, 210: 0.035183238556952885, 220: 0.03357320124613362, 230: 0.03176964057963696, 240: 0.03021791019176191, 250: 0.028604271107278922, 260: 0.02716619162439831, 270: 0.025770369323183263, 280: 0.024606962495399176, 290: 0.023747425901590707, 300: 0.02242777757644534, 310: 0.021450498747682428, 320: 0.020700495418443664, 330: 0.019866396741020302, 340: 0.019507626211041056, 350: 0.018556489377735248, 360: 0.018447295962939, 370: 0.018034813128631227, 380: 0.017807837592729064, 390: 0.016940300144859904, 400: 0.016846925724847892, 410: 0.01716573387823823, 420: 0.01674867653819582, 430: 0.01691176505518801, 440: 0.01677019796815198, 450: 0.01669481730384758, 460: 0.016156611987007935, 470: 0.01611539673710106, 480: 0.01609833079922607, 490: 0.01573452413628032, 500: 0.015566206686213608, 510: 0.01612354982424615, 520: 0.01577279702948331, 530: 0.016192880117160774}",500,0.015566206686213608,0.01,0.01,0.001
energy,dropoutFCN,32,0.0001,0.0005,"{0: 0.49301864655434446, 10: 0.08078958545871676, 20: 0.0708619001978249, 30: 0.06621216539167911, 40: 0.06463839992410134, 50: 0.05933406438902426, 60: 0.05609231392944691, 70: 0.05074964439009574, 80: 0.04723663879929583, 90: 0.04447582594660081, 100: 0.04065253023069596, 110: 0.03747269129359482, 120: 0.03471985894272593, 130: 0.03311866659665606, 140: 0.02936023581774532, 150: 0.026925179183728398, 160: 0.024544015344255658, 170: 0.022802117909885088, 180: 0.021225257618105762, 190: 0.019222505711089542, 200: 0.0181165317246497, 210: 0.018320999888589772, 220: 0.016909654488531108, 230: 0.016221250467797797, 240: 0.01626262991366044, 250: 0.014875346127977935, 260: 0.01612480809470443, 270: 0.016201207383461202, 280: 0.01575606147530642}",250,0.014875346127977935,0.01,0.01,0.2
energy,dropoutFCN,32,0.0001,0.0005,"{0: 0.5498955231038282, 10: 0.07531277037830285, 20: 0.06797050793296366, 30: 0.06346055770554289, 40: 0.05886675233651197, 50: 0.0541741555325531, 60: 0.04639302620910754, 70: 0.040297671926558996, 80: 0.03468929595717006, 90: 0.03094700266807322, 100: 0.026613045998010003, 110: 0.02412020521476521, 120: 0.020102934232973407, 130: 0.01776780752050794, 140: 0.015528514086961842, 150: 0.01441762296231688, 160: 0.01361738400603058, 170: 0.014214835674507542, 180: 0.013063552652391458, 190: 0.015254715312355227, 200: 0.012203829658012793, 210: 0.011668895678235983, 220: 0.010642551100553056, 230: 0.011652966685219259, 240: 0.010875587835255029, 250: 0.010264360048554567, 260: 0.012907545951157947, 270: 0.01167661586812869, 280: 0.010281595473794517}",250,0.010264360048554567,0.01,0.01,0.1
energy,dropoutFCN,32,0.0001,0.0005,"{0: 0.48000200143118443, 10: 0.0752005899436479, 20: 0.06577618590381192, 30: 0.05957118429483874, 40: 0.05198085532962728, 50: 0.04391786212636068, 60: 0.03828089486668067, 70: 0.031966603570918746, 80: 0.02969687605187581, 90: 0.026825792963976396, 100: 0.022382486696308747, 110: 0.018910263084182023, 120: 0.01781690832705108, 130: 0.01752922695403685, 140: 0.016678695373773856, 150: 0.016616929890360774, 160: 0.01335427423156614, 170: 0.01513107599591007, 180: 0.014360018579137135, 190: 0.013232293367839173, 200: 0.012782279024511085, 210: 0.013066694118736922, 220: 0.01201723781109599, 230: 0.012871364027104837, 240: 0.012239318344244065, 250: 0.014993662266655277}",220,0.01201723781109599,0.01,0.01,0.05
energy,dropoutFCN,32,0.0001,0.0005,"{0: 0.47443048868531407, 10: 0.07396624719982987, 20: 0.06571195445657889, 30: 0.058427333414324226, 40: 0.04823336198198093, 50: 0.03911662867433521, 60: 0.0326762901694794, 70: 0.028727947010017067, 80: 0.02203373451989408, 90: 0.01760119085109394, 100: 0.01658731110885046, 110: 0.015788712638452516, 120: 0.013237393900452176, 130: 0.013551171282094057, 140: 0.013679691568001116, 150: 0.012702730692119722, 160: 0.012189116117082847, 170: 0.011248217173184846, 180: 0.011062553716560558, 190: 0.011273488475502086, 200: 0.011215652918881746, 210: 0.010578557994046875, 220: 0.011873175570222199, 230: 0.01064627600489198, 240: 0.011012656830115175}",210,0.010578557994046875,0.01,0.01,0.01
energy,dropoutFCN,32,0.0001,0.0005,"{0: 0.4078969972548001, 10: 0.07169306102485225, 20: 0.06311053342687262, 30: 0.05527512726918763, 40: 0.04761042831311437, 50: 0.039441071553189294, 60: 0.033706171547677, 70: 0.028594601206311653, 80: 0.02340829777642419, 90: 0.020355853303575793, 100: 0.016978665929961435, 110: 0.015203023181765713, 120: 0.015011666065739079, 130: 0.015268193520496331, 140: 0.014132547015556352, 150: 0.012859656034524297, 160: 0.013624480502203546, 170: 0.012645898599601616, 180: 0.012575313621628236, 190: 0.012414966846438773, 200: 0.013277558394595157, 210: 0.011839916278607771, 220: 0.01464529984539908, 230: 0.012638207200560114, 240: 0.011995271122954187}",210,0.011839916278607771,0.01,0.01,0.005
energy,dropoutFCN,32,0.0001,0.0005,"{0: 0.46996536545796064, 10: 0.07179374528415008, 20: 0.06312112935432573, 30: 0.055151168278745055, 40: 0.04523320945301772, 50: 0.03627616601789949, 60: 0.030652915768193255, 70: 0.02570782311026846, 80: 0.02146737989637513, 90: 0.018062639247745725, 100: 0.015603093046289845, 110: 0.014261225803094746, 120: 0.013064033276146131, 130: 0.01280542827508852, 140: 0.012869463878329115, 150: 0.01216485129321009, 160: 0.011941904782594506, 170: 0.012255026594099286, 180: 0.01159960206025323, 190: 0.011730643191666413, 200: 0.011364806403012358, 210: 0.011698361159457825, 220: 0.012359530789417423, 230: 0.011704990411616437}",200,0.011364806403012358,0.01,0.01,0.001
energy,dropoutFCN,32,0.0001,0.001,"{0: 0.27656788144761624, 10: 0.07266804940197193, 20: 0.06798928538557054, 30: 0.06183086173321173, 40: 0.05341779892641306, 50: 0.04802462193634801, 60: 0.038681201471504126, 70: 0.03289686979123446, 80: 0.02719921954405633, 90: 0.024259253478095516, 100: 0.02182135917613757, 110: 0.019850617360363886, 120: 0.017173050336257233, 130: 0.019094124725333006, 140: 0.015565674507963917, 150: 0.014624779756109818, 160: 0.015505465308824181, 170: 0.017525331679531513, 180: 0.014975041207884366}",150,0.014624779756109818,0.01,0.01,0.2
energy,dropoutFCN,32,0.0001,0.001,"{0: 0.21446475683868244, 10: 0.07104495256914785, 20: 0.06185663678630835, 30: 0.05112915771102152, 40: 0.03966704396525772, 50: 0.029241098864514176, 60: 0.025894322986306784, 70: 0.02375789182135265, 80: 0.018319951069202284, 90: 0.019299852986839033, 100: 0.015103953612024218, 110: 0.014253603830725287, 120: 0.01727822589611417, 130: 0.014051181667980975, 140: 0.011289281347178406, 150: 0.01425690754023436, 160: 0.013990538364481598, 170: 0.012755649382229653}",140,0.011289281347178406,0.01,0.01,0.1
energy,dropoutFCN,32,0.0001,0.001,"{0: 0.23125588870753164, 10: 0.06875519281064299, 20: 0.05800962472344682, 30: 0.04437226823256896, 40: 0.03574185336256177, 50: 0.02993707322348845, 60: 0.022476229217019132, 70: 0.01694202218047096, 80: 0.016385499761675328, 90: 0.014902916027740187, 100: 0.014170557971746841, 110: 0.012976981712810327, 120: 0.012699089421689963, 130: 0.012235274558977993, 140: 0.014477778271356514, 150: 0.011925201419583028, 160: 0.011534918786534093, 170: 0.011385748975796174, 180: 0.0099672750835387, 190: 0.013612062796626617, 200: 0.011171104857137277, 210: 0.011801615116096696}",180,0.0099672750835387,0.01,0.01,0.05
energy,dropoutFCN,32,0.0001,0.001,"{0: 0.22272339597310636, 10: 0.06874931065079434, 20: 0.05393304598784464, 30: 0.037601688561714544, 40: 0.02775633376792786, 50: 0.01922227781026161, 60: 0.01911060728128256, 70: 0.016939480056074874, 80: 0.014977620655910823, 90: 0.014177644077423324, 100: 0.013379242716303242, 110: 0.013235326816219755, 120: 0.016849948007399425, 130: 0.013143624703934948, 140: 0.014698945525954198, 150: 0.012386812101781474, 160: 0.013787012805227067, 170: 0.011877834381676906, 180: 0.010728602138622617, 190: 0.011632511200075222, 200: 0.01273161819957889, 210: 0.01188591275408598}",180,0.010728602138622617,0.01,0.01,0.01
energy,dropoutFCN,32,0.0001,0.001,"{0: 0.2124575460025045, 10: 0.06751725752828647, 20: 0.05313514587008268, 30: 0.03746251043472968, 40: 0.02706743549912032, 50: 0.02190991626767183, 60: 0.016221694368111893, 70: 0.016201936231269948, 80: 0.013145938146286933, 90: 0.013476024310164253, 100: 0.012217088373382635, 110: 0.011890262718605753, 120: 0.012934521325992616, 130: 0.011486559718642217, 140: 0.012632177887437512, 150: 0.011522948941098945, 160: 0.011834452617538621}",130,0.011486559718642217,0.01,0.01,0.005
energy,dropoutFCN,32,0.0001,0.001,"{0: 0.2195866738673084, 10: 0.06958450224967014, 20: 0.05704586180459494, 30: 0.04091633155084993, 40: 0.02841964232470077, 50: 0.02142444086469254, 60: 0.01592228653251491, 70: 0.014772332986742534, 80: 0.015640940361581895, 90: 0.014377559714531196, 100: 0.013321310680522952, 110: 0.014361343025358343, 120: 0.013732012981077471, 130: 0.013406328247482977}",100,0.013321310680522952,0.01,0.01,0.001
energy,dropoutFCN,32,0.0001,0.002,"{0: 0.1481700130010563, 10: 0.07361400259988127, 20: 0.05479971036462923, 30: 0.042889109047684094, 40: 0.03299222891107867, 50: 0.026789789001976122, 60: 0.020951926374395108, 70: 0.0223086847416142, 80: 0.017409620638296264, 90: 0.023241708475059193, 100: 0.017258561111333233, 110: 0.015369612847852177, 120: 0.01811664697084704, 130: 0.01991210455101221, 140: 0.018570363328534095}",110,0.015369612847852177,0.01,0.01,0.2
energy,dropoutFCN,32,0.0001,0.002,"{0: 0.17068301111590814, 10: 0.06729733491348462, 20: 0.04551262952964273, 30: 0.032700368758813825, 40: 0.022824547617960243, 50: 0.022425068612418365, 60: 0.018494568028496326, 70: 0.012614343572677563, 80: 0.013510174639388972, 90: 0.01622897118762459, 100: 0.014210718970531808}",70,0.012614343572677563,0.01,0.01,0.1
energy,dropoutFCN,32,0.0001,0.002,"{0: 0.15777857319150118, 10: 0.06406822433747579, 20: 0.038515326983240644, 30: 0.02819934677475137, 40: 0.02140669828016665, 50: 0.015621947973552514, 60: 0.015217389463117232, 70: 0.013135972572925017, 80: 0.011901109704943172, 90: 0.01073755087547166, 100: 0.01130081618917945, 110: 0.01139942867523495, 120: 0.010863833203894403}",90,0.01073755087547166,0.01,0.01,0.05
energy,dropoutFCN,32,0.0001,0.002,"{0: 0.13918069642964132, 10: 0.063450108032401, 20: 0.03860419855806711, 30: 0.02504748906850851, 40: 0.019879869469588564, 50: 0.01669118521765111, 60: 0.014669258091844519, 70: 0.015559102433264322, 80: 0.013771431477037601, 90: 0.0118013528897697, 100: 0.014369618568835552, 110: 0.012882770902777466, 120: 0.01429441756576669}",90,0.0118013528897697,0.01,0.01,0.01
energy,dropoutFCN,32,0.0001,0.002,"{0: 0.14958050249597002, 10: 0.06147876858371633, 20: 0.03471074051733981, 30: 0.02186444902093243, 40: 0.014994600164835226, 50: 0.014579274902122963, 60: 0.016984726439746387, 70: 0.01571991123083056, 80: 0.014816260218667965}",50,0.014579274902122963,0.01,0.01,0.005
energy,dropoutFCN,32,0.0001,0.002,"{0: 0.12853424312149891, 10: 0.061275049403168816, 20: 0.032710868248639786, 30: 0.01820441122073345, 40: 0.012881722192795245, 50: 0.015516839529780266, 60: 0.014705562446523107, 70: 0.011125817719867322, 80: 0.01198631698894001, 90: 0.012720437009972645, 100: 0.0116521027714449}",70,0.011125817719867322,0.01,0.01,0.001
energy,dropoutFCN,32,1e-05,0.0001,"{0: 0.9007247420687461, 10: 0.2163405725509266, 20: 0.10565422089780616, 30: 0.08861939554971233, 40: 0.08231259031328267, 50: 0.07901897806225897, 60: 0.07674538384957677, 70: 0.07452412527901092, 80: 0.07267757455741272, 90: 0.07201995398955005, 100: 0.07094104806375587, 110: 0.06987709464465842, 120: 0.06928504680856958, 130: 0.06819529754694194, 140: 0.0680815550365973, 150: 0.06714399549233767, 160: 0.06648324333790674, 170: 0.0661620955255891, 180: 0.0646849180582534, 190: 0.06421388983741397, 200: 0.0633070051554885, 210: 0.062403852755322266, 220: 0.0616444608131822, 230: 0.06075816047800535, 240: 0.05912862937809562, 250: 0.058617415353328116, 260: 0.05785287252359075, 270: 0.056702890282010976, 280: 0.05622880175480338, 290: 0.055463058949728326, 300: 0.05412579136800681, 310: 0.05382567156678706, 320: 0.05252839391101531, 330: 0.052000910444000195, 340: 0.050936565884912424, 350: 0.049454558513314824, 360: 0.04949127046417931, 370: 0.048730490838295296, 380: 0.04755726742222914, 390: 0.04623811954274172, 400: 0.0458548181890492, 410: 0.04430660504609939, 420: 0.043696377494556266, 430: 0.04354782981854406, 440: 0.041820600530395546, 450: 0.04202887919959459, 460: 0.04152355526086014, 470: 0.039753556983227904, 480: 0.04000781044660887, 490: 0.03852001349361645, 500: 0.03798676515456106, 510: 0.03680521085864304, 520: 0.03592933178038362, 530: 0.03601221590007835, 540: 0.035114854913218314, 550: 0.033615826711994035, 560: 0.03321963056944798, 570: 0.03226608950304624, 580: 0.032479034237366, 590: 0.030873288432272473, 600: 0.030583891125380257, 610: 0.02989601134433677, 620: 0.029092923895678458, 630: 0.0282234552793883, 640: 0.02811883423573237, 650: 0.025648233158915824, 660: 0.025936151092407045, 670: 0.026779354606099315, 680: 0.02544410360852182, 690: 0.025085659990491553, 700: 0.02368557041365215, 710: 0.02343925514934811, 720: 0.023508361161775976, 730: 0.022313806970294565, 740: 0.02202093207387706, 750: 0.022360217694913552, 760: 0.02122917687010224, 770: 0.020489345124485643, 780: 0.019880088828091984, 790: 0.020281092330091486, 800: 0.020497620017936185, 810: 0.01969980360448805, 820: 0.019241736333022334, 830: 0.018563880847885413, 840: 0.01857185567694792, 850: 0.019009552505445747, 860: 0.017935555451180314, 870: 0.018418698820719816, 880: 0.018122677457773705, 890: 0.01776957447395696, 900: 0.017382067362325445, 910: 0.016270508465181983, 920: 0.01633302013815645, 930: 0.016519957441922493, 940: 0.016903995259564535}",910,0.016270508465181983,0.01,0.01,0.2
energy,dropoutFCN,32,1e-05,0.0001,"{0: 0.9010823738586102, 10: 0.18999705766795016, 20: 0.09771262295459741, 30: 0.08559683333309305, 40: 0.07997049639364187, 50: 0.07689053232902117, 60: 0.07367018276487178, 70: 0.07228138411367208, 80: 0.07056742883810564, 90: 0.0694627669128111, 100: 0.0681795876554119, 110: 0.06704745169937029, 120: 0.06586727915627391, 130: 0.06456212808773881, 140: 0.06412840542452632, 150: 0.06282901345678572, 160: 0.06187589140639939, 170: 0.061084196388505, 180: 0.05991226028947414, 190: 0.058743921536358934, 200: 0.057708957643568, 210: 0.05641593735525565, 220: 0.05509036834803912, 230: 0.053821617127801445, 240: 0.05250731957965885, 250: 0.052096134674101444, 260: 0.05103929045537019, 270: 0.04893322450905844, 280: 0.048103821427265554, 290: 0.04661828653677637, 300: 0.045177655142556825, 310: 0.04514663599696649, 320: 0.043734028986920186, 330: 0.04170353553839664, 340: 0.041352906746497615, 350: 0.0405678512350541, 360: 0.03987964429060578, 370: 0.0381477648178077, 380: 0.03718761996375145, 390: 0.03683272018188574, 400: 0.0363545957270041, 410: 0.03481958742385925, 420: 0.03434352937690575, 430: 0.03307301750552844, 440: 0.03182758547471918, 450: 0.032271177818675716, 460: 0.030781230339652597, 470: 0.029440717479405475, 480: 0.028536951978553514, 490: 0.02918721420198131, 500: 0.027114997579421096, 510: 0.027073787162175983, 520: 0.027444391222091004, 530: 0.024242848061709333, 540: 0.023797252451310584, 550: 0.023768477547528005, 560: 0.022654996566200365, 570: 0.021976110003799235, 580: 0.022970505751392357, 590: 0.021276372807691506, 600: 0.020477806189171072, 610: 0.020027382809588844, 620: 0.019023187300501888, 630: 0.018417567588730515, 640: 0.019229459010936468, 650: 0.01767158499425723, 660: 0.017455772305778564, 670: 0.016570237093070983, 680: 0.017065701794857883, 690: 0.016194912179679923, 700: 0.016552881462002744, 710: 0.015937889360341247, 720: 0.015416688168431069, 730: 0.016477156161053462, 740: 0.015456432133851472, 750: 0.014485889008385645, 760: 0.01413515631642476, 770: 0.013998712110565881, 780: 0.01470752486068615, 790: 0.013713608295749214, 800: 0.013942253625428266, 810: 0.01343848958482893, 820: 0.014188249301655395, 830: 0.013655960246114754, 840: 0.014851982392545472}",810,0.01343848958482893,0.01,0.01,0.1
energy,dropoutFCN,32,1e-05,0.0001,"{0: 0.9163496626975711, 10: 0.18545541186305217, 20: 0.09398315321337807, 30: 0.07969030166407529, 40: 0.0742955494415366, 50: 0.07075656244053882, 60: 0.06896244653505706, 70: 0.06705616780204343, 80: 0.06566837336110876, 90: 0.06402483706464454, 100: 0.06288515434178507, 110: 0.06118067475612976, 120: 0.059216847134386394, 130: 0.05806556284709659, 140: 0.056338215940069006, 150: 0.055202444269061554, 160: 0.05324136914977562, 170: 0.0518979006182384, 180: 0.05014848435799328, 190: 0.04836598345618851, 200: 0.0466366252794268, 210: 0.04521951393836119, 220: 0.043254205686359605, 230: 0.04202039689173163, 240: 0.04037375323599528, 250: 0.03914378585789651, 260: 0.03758548433851095, 270: 0.03560881416439835, 280: 0.03462442572018961, 290: 0.0341077855628172, 300: 0.03206438337652926, 310: 0.031022617390212236, 320: 0.030273568556462425, 330: 0.02871219173282798, 340: 0.027720540369459028, 350: 0.026734207233052348, 360: 0.025796801167277478, 370: 0.0244469372059355, 380: 0.024259508765566616, 390: 0.023066998684465267, 400: 0.022230661390258658, 410: 0.021174785105021743, 420: 0.021296055470787535, 430: 0.019989154694097195, 440: 0.019282718864074056, 450: 0.01893143430161056, 460: 0.019039930627479856, 470: 0.017849751710000493, 480: 0.01764713793492269, 490: 0.016757545104394547, 500: 0.016117176731809325, 510: 0.016515381176679566, 520: 0.0145658293364471, 530: 0.014541250180654644, 540: 0.014983801916713326, 550: 0.015417339088459537, 560: 0.014994610248794638}",530,0.014541250180654644,0.01,0.01,0.05
energy,dropoutFCN,32,1e-05,0.0001,"{0: 0.8720492561944212, 10: 0.17500701986137077, 20: 0.09054003069406905, 30: 0.08005418237514708, 40: 0.07560098480250015, 50: 0.07245443355146605, 60: 0.07026163576339366, 70: 0.06859200189366002, 80: 0.06682549324877166, 90: 0.06508268769122942, 100: 0.06341732450407513, 110: 0.06133041628267143, 120: 0.05977711279049971, 130: 0.05740146321090248, 140: 0.055488568711561645, 150: 0.053511318315863685, 160: 0.0518790974264723, 170: 0.05004990939743539, 180: 0.048129831114765265, 190: 0.046415258067402224, 200: 0.044659968782189, 210: 0.04261730680631691, 220: 0.041547661469202905, 230: 0.04006501891142954, 240: 0.037519481803417035, 250: 0.036654244089683076, 260: 0.03484068043385007, 270: 0.03353997962620081, 280: 0.03221849469897724, 290: 0.029928912601815877, 300: 0.02932397539368788, 310: 0.027412816309611527, 320: 0.026615286814988526, 330: 0.02468172302843233, 340: 0.023294495889827894, 350: 0.021965644128449823, 360: 0.021081966199412768, 370: 0.02088721397368968, 380: 0.019941155327449007, 390: 0.018889283962392867, 400: 0.018310765443511498, 410: 0.017699232864412454, 420: 0.018007501871968673, 430: 0.016974253435590003, 440: 0.016800949774587192, 450: 0.015749544529168585, 460: 0.015479976391909078, 470: 0.01487466674939783, 480: 0.01449121873332757, 490: 0.014443419670233559, 500: 0.013766693615957979, 510: 0.014108046016731702, 520: 0.013206553314311632, 530: 0.013886879210529285, 540: 0.013667360985758114, 550: 0.013104046580340607, 560: 0.013001359898202775, 570: 0.013337581905440899, 580: 0.012591674150872983, 590: 0.013215732445855225, 600: 0.011992038194922769, 610: 0.012410990012181305, 620: 0.012751356931148816, 630: 0.013051438229745638}",600,0.011992038194922769,0.01,0.01,0.01
energy,dropoutFCN,32,1e-05,0.0001,"{0: 0.8405090790517518, 10: 0.16841505535615217, 20: 0.09716234924516232, 30: 0.08447929308757804, 40: 0.07795860042067412, 50: 0.07362678558375142, 60: 0.07021582153329495, 70: 0.06715172113843017, 80: 0.06462341243150185, 90: 0.06212099383199245, 100: 0.059614840226391144, 110: 0.05746912556008651, 120: 0.05539912228576425, 130: 0.05316242681614887, 140: 0.050690149465173896, 150: 0.04832716755798368, 160: 0.046246092657887684, 170: 0.044462919808595514, 180: 0.04208889540752085, 190: 0.04030388147070831, 200: 0.03846155928824443, 210: 0.03648828787779539, 220: 0.0342472229972154, 230: 0.03291138494179978, 240: 0.030834182309922454, 250: 0.03010229962248235, 260: 0.02808853331042197, 270: 0.026710131428624394, 280: 0.025114044277179913, 290: 0.023940045964213612, 300: 0.022216324542126395, 310: 0.021096016313519723, 320: 0.02061984286116399, 330: 0.0199804010312827, 340: 0.01860321165466768, 350: 0.017421587943602775, 360: 0.017016104434301706, 370: 0.016480761647992025, 380: 0.015975459384012385, 390: 0.014918511035920031, 400: 0.01563520381525288, 410: 0.01475580428272295, 420: 0.014696352427628467, 430: 0.013802213290504944, 440: 0.014551105724200038, 450: 0.014250894824563504, 460: 0.012888328176561267, 470: 0.013053104483925765, 480: 0.013159898788955321, 490: 0.01346943043254283}",460,0.012888328176561267,0.01,0.01,0.005
energy,dropoutFCN,32,1e-05,0.0001,"{0: 0.8822624780425354, 10: 0.17485162281348962, 20: 0.09315371792939732, 30: 0.08027387738285438, 40: 0.07488392034882421, 50: 0.07138968301736148, 60: 0.06874442141049784, 70: 0.06653296623508581, 80: 0.0643604643832568, 90: 0.062189280250962854, 100: 0.05993763416346178, 110: 0.0577476274077652, 120: 0.055359697410933384, 130: 0.053075130362181325, 140: 0.0509063141094527, 150: 0.0486326360380679, 160: 0.04630470312555861, 170: 0.04390857285642073, 180: 0.0418912312763382, 190: 0.03981626082227124, 200: 0.03798887190388772, 210: 0.03614839967824325, 220: 0.03457938356842142, 230: 0.03288086949855459, 240: 0.03149848258514794, 250: 0.030120493664068486, 260: 0.02884501951540468, 270: 0.027579740646694818, 280: 0.026471210353192644, 290: 0.02530385473209088, 300: 0.02429145170030881, 310: 0.023209609021969547, 320: 0.021978836369693406, 330: 0.02105992084122548, 340: 0.02028432175922728, 350: 0.0193870442423547, 360: 0.019010543578737427, 370: 0.018048552819183234, 380: 0.0176478825671037, 390: 0.016919006425730947, 400: 0.0171362158810236, 410: 0.01645344167977063, 420: 0.015930782062986225, 430: 0.015449667842166235, 440: 0.01533315370593423, 450: 0.015327581813576066, 460: 0.014928178115115195, 470: 0.014748959411178927, 480: 0.01496389076709757, 490: 0.014220647329215557, 500: 0.014215537346725732, 510: 0.014386006449123934, 520: 0.013873453726566256, 530: 0.014018009528001358, 540: 0.013936297819413085, 550: 0.013755347407702867, 560: 0.013202413828395815, 570: 0.013447090112418634, 580: 0.013753710474754896, 590: 0.013577374980396312}",560,0.013202413828395815,0.01,0.01,0.001
energy,dropoutFCN,32,1e-05,0.0005,"{0: 0.5278573910252311, 10: 0.0811563008702327, 20: 0.0738942843606301, 30: 0.06966025743578397, 40: 0.06628384640633736, 50: 0.06377887416148875, 60: 0.05957381772886557, 70: 0.05522555955385909, 80: 0.05033778202870552, 90: 0.046597691043649345, 100: 0.04319270884549396, 110: 0.03774350752315965, 120: 0.03500353667662134, 130: 0.03153571016531907, 140: 0.029579452428791498, 150: 0.027279503134121606, 160: 0.028212258333915496, 170: 0.024255010977513543, 180: 0.021308523181299083, 190: 0.0202029745607742, 200: 0.019155098257533483, 210: 0.020601728868286092, 220: 0.01976733131156188, 230: 0.018425515486694813, 240: 0.01677496964706491, 250: 0.01637274605225398, 260: 0.0171241110443347, 270: 0.014962249369151104, 280: 0.01824222073235997, 290: 0.014870968491671152, 300: 0.01573742108233844, 310: 0.017313501066212357, 320: 0.01650953110726755}",290,0.014870968491671152,0.01,0.01,0.2
energy,dropoutFCN,32,1e-05,0.0005,"{0: 0.5117218821903204, 10: 0.07797245921992339, 20: 0.06930610634526554, 30: 0.06258457374037718, 40: 0.055982400106687424, 50: 0.05036759385656638, 60: 0.044591915544495334, 70: 0.03892170744073616, 80: 0.03559528798595772, 90: 0.030453415305081742, 100: 0.02922369118987934, 110: 0.026137584872349184, 120: 0.023096114050909257, 130: 0.020697719734407864, 140: 0.01946280260685661, 150: 0.017731935560120378, 160: 0.017930990283496755, 170: 0.015932125640866972, 180: 0.015440874188499409, 190: 0.016440855880063977, 200: 0.01547595575735108, 210: 0.013772234590231325, 220: 0.014623404919689562, 230: 0.013131554881437241, 240: 0.014049615549311136, 250: 0.014597383052493976, 260: 0.013342456364159871}",230,0.013131554881437241,0.01,0.01,0.1
energy,dropoutFCN,32,1e-05,0.0005,"{0: 0.5305314942938192, 10: 0.07694511124329234, 20: 0.06779335612754146, 30: 0.059413443581431635, 40: 0.051902196427138655, 50: 0.04746691423217432, 60: 0.039774844150503176, 70: 0.03452181425499198, 80: 0.029263845231673503, 90: 0.025157644864090813, 100: 0.02308782430048662, 110: 0.02080222825585155, 120: 0.019999751479402295, 130: 0.016491421219606936, 140: 0.01647405855911997, 150: 0.014893604428115766, 160: 0.01725277943915474, 170: 0.016181081626998706, 180: 0.014548947818924348, 190: 0.013638759942311462, 200: 0.012265622786562888, 210: 0.0134675885017926, 220: 0.013959236209001875, 230: 0.013718752678238947}",200,0.012265622786562888,0.01,0.01,0.05
energy,dropoutFCN,32,1e-05,0.0005,"{0: 0.5126808442903268, 10: 0.07513738969137601, 20: 0.06607004547200965, 30: 0.057431248752106104, 40: 0.0486180149348445, 50: 0.04114010789237125, 60: 0.03349098620754305, 70: 0.028179702732757217, 80: 0.022994404881284004, 90: 0.02042153280595295, 100: 0.018005506923479565, 110: 0.014854642649245858, 120: 0.014591625750220752, 130: 0.012666813890703787, 140: 0.011934357422575162, 150: 0.014183078306477243, 160: 0.011165236641445466, 170: 0.011768083773316538, 180: 0.011601165550974795, 190: 0.01054061844999073, 200: 0.011881724293387788, 210: 0.01216662408757717, 220: 0.010844301199745306}",190,0.01054061844999073,0.01,0.01,0.01
energy,dropoutFCN,32,1e-05,0.0005,"{0: 0.49652099889166496, 10: 0.0735636677213165, 20: 0.06412234555194574, 30: 0.05472398610458158, 40: 0.04587881587580785, 50: 0.037047012485677946, 60: 0.030861649949187504, 70: 0.0258700938840729, 80: 0.02128732220663097, 90: 0.018064028622442788, 100: 0.017019291167727997, 110: 0.013612748085685383, 120: 0.01499598193382436, 130: 0.01483042086521145, 140: 0.014415121327973452}",110,0.013612748085685383,0.01,0.01,0.005
energy,dropoutFCN,32,1e-05,0.0005,"{0: 0.4639420840504423, 10: 0.07310517103762908, 20: 0.06350599753334135, 30: 0.05223626483544086, 40: 0.041972245413754904, 50: 0.03489134373838673, 60: 0.030071630439018865, 70: 0.026704136241839583, 80: 0.022104350038942268, 90: 0.01961530478889408, 100: 0.01788823263510897, 110: 0.01621373057592321, 120: 0.015408597104787614, 130: 0.015338890628615381, 140: 0.01492968622235601, 150: 0.014981517117414894, 160: 0.014196516321377445, 170: 0.014072404514070228, 180: 0.01463811209282088, 190: 0.013693788544986485, 200: 0.013632479940226924, 210: 0.014360057846306026, 220: 0.01393593330910412, 230: 0.014718667733133354}",200,0.013632479940226924,0.01,0.01,0.001
energy,dropoutFCN,32,1e-05,0.001,"{0: 0.24247831037231055, 10: 0.07508973546378792, 20: 0.06831154921378205, 30: 0.0630680729345224, 40: 0.050361245041821115, 50: 0.0432226210410565, 60: 0.03854515161496845, 70: 0.03339263135742326, 80: 0.02829623236292984, 90: 0.024429866475466844, 100: 0.02197748998903194, 110: 0.01932311078920061, 120: 0.02098919347034849, 130: 0.020394435627742215, 140: 0.016527687980927845, 150: 0.017536777625979782, 160: 0.019322585267604775, 170: 0.01572624794702158, 180: 0.016257870785184984, 190: 0.014562552600220694, 200: 0.018299301605590713, 210: 0.015575283364143693, 220: 0.015469984658554991}",190,0.014562552600220694,0.01,0.01,0.2
energy,dropoutFCN,32,1e-05,0.001,"{0: 0.24261650686643446, 10: 0.0713720907201596, 20: 0.058155504603588815, 30: 0.04556665852021436, 40: 0.0345536253745101, 50: 0.03293837395797177, 60: 0.02894465719165602, 70: 0.020819035474537183, 80: 0.01967362885696184, 90: 0.016747700094612662, 100: 0.015292933260157801, 110: 0.013873097049098452, 120: 0.014166160025420996, 130: 0.013292068277769794, 140: 0.015060573742841263, 150: 0.014728263609633137, 160: 0.012848617383391242, 170: 0.014203572380363317, 180: 0.014187666653877284, 190: 0.016878553397713204}",160,0.012848617383391242,0.01,0.01,0.1
energy,dropoutFCN,32,1e-05,0.001,"{0: 0.24044473123092835, 10: 0.07105641252969833, 20: 0.0585538312574315, 30: 0.0448056111462026, 40: 0.03562815087751462, 50: 0.0286720901808607, 60: 0.023952247403158905, 70: 0.019609989442688918, 80: 0.017353295676974228, 90: 0.01347840499459573, 100: 0.012758162851289844, 110: 0.014061743573151708, 120: 0.013093582629252833, 130: 0.012912483411223813}",100,0.012758162851289844,0.01,0.01,0.05
energy,dropoutFCN,32,1e-05,0.001,"{0: 0.23770445804627408, 10: 0.06554110155589944, 20: 0.05102134530148148, 30: 0.03660541821475245, 40: 0.03042155790308921, 50: 0.024508148437040928, 60: 0.0168992015202724, 70: 0.015188528536160428, 80: 0.012011761221437395, 90: 0.012911204254922749, 100: 0.012229671581745977, 110: 0.011656357264949308, 120: 0.010806494914084638, 130: 0.010789172922839613, 140: 0.011624595958900388, 150: 0.011316711306929446, 160: 0.009726994875053869, 170: 0.011091134421836213, 180: 0.011055961447962418, 190: 0.009767788618380496}",160,0.009726994875053869,0.01,0.01,0.01
energy,dropoutFCN,32,1e-05,0.001,"{0: 0.22222899912151356, 10: 0.06818416611116822, 20: 0.052709239020578204, 30: 0.03676848970423114, 40: 0.027109151047731532, 50: 0.018530169639209622, 60: 0.01593550855631991, 70: 0.013608333698394306, 80: 0.017913886239000216, 90: 0.014671225341164268, 100: 0.012606591729323862, 110: 0.014344794537629286, 120: 0.013128376253719815, 130: 0.014413805724215098}",100,0.012606591729323862,0.01,0.01,0.005
energy,dropoutFCN,32,1e-05,0.001,"{0: 0.2334957637918579, 10: 0.06856911057224277, 20: 0.05743071968601049, 30: 0.04067587893861867, 40: 0.02912060134867525, 50: 0.02067834735065639, 60: 0.01749814853668471, 70: 0.01436413235969342, 80: 0.01374393595022852, 90: 0.013638172691605272, 100: 0.01350512284321027, 110: 0.015415790397065624, 120: 0.01285877652082994, 130: 0.012720063554752864, 140: 0.011059158769892097, 150: 0.012022978269650103, 160: 0.012020785753023986, 170: 0.012058042943754186}",140,0.011059158769892097,0.01,0.01,0.001
energy,dropoutFCN,32,1e-05,0.002,"{0: 0.16251358448799716, 10: 0.07200217659080106, 20: 0.05814423803212754, 30: 0.04814757228470613, 40: 0.0373333396009508, 50: 0.029879612388645633, 60: 0.024312393925935087, 70: 0.02097863561591583, 80: 0.021786343081199266, 90: 0.01807167164754958, 100: 0.01964798767286472, 110: 0.016363548353715576, 120: 0.016207575571180723, 130: 0.017585294884069118, 140: 0.01735345962283954, 150: 0.015959586882394034, 160: 0.01728159870456978, 170: 0.019524380042482435, 180: 0.017710126902933904}",150,0.015959586882394034,0.01,0.01,0.2
energy,dropoutFCN,32,1e-05,0.002,"{0: 0.14951296852903811, 10: 0.0691571396028425, 20: 0.048635216685828486, 30: 0.03378852953369476, 40: 0.02785958006007861, 50: 0.024104894812086154, 60: 0.017868629517375046, 70: 0.018506223777020835, 80: 0.019106061096107914, 90: 0.017878256017742143}",60,0.017868629517375046,0.01,0.01,0.1
energy,dropoutFCN,32,1e-05,0.002,"{0: 0.16115319231212513, 10: 0.0625712697475247, 20: 0.038841835802239, 30: 0.028200449580933658, 40: 0.021521368966461833, 50: 0.014893296650507468, 60: 0.014901171585870902, 70: 0.017134897604358285, 80: 0.013975856562883485, 90: 0.01183653004041981, 100: 0.012917495530056968, 110: 0.012151094271121073, 120: 0.013968405256393663}",90,0.01183653004041981,0.01,0.01,0.05
energy,dropoutFCN,32,1e-05,0.002,"{0: 0.14004632410555223, 10: 0.06074399932807849, 20: 0.03417959211936128, 30: 0.02821724908484744, 40: 0.018638209984333066, 50: 0.01706227606000319, 60: 0.015370552826786493, 70: 0.014280910896312126, 80: 0.015793870107036055, 90: 0.01456983267437251, 100: 0.01231511842456213, 110: 0.013212408741764048, 120: 0.01440511007749679, 130: 0.013094899407156604}",100,0.01231511842456213,0.01,0.01,0.01
energy,dropoutFCN,32,1e-05,0.002,"{0: 0.14316492251705268, 10: 0.061058577100704, 20: 0.034570363033615034, 30: 0.02353674412080523, 40: 0.017460580010689012, 50: 0.016975521175835024, 60: 0.01354518656158507, 70: 0.01515267374440601, 80: 0.01373785613592519, 90: 0.0153539294185566}",60,0.01354518656158507,0.01,0.01,0.005
energy,dropoutFCN,32,1e-05,0.002,"{0: 0.15950295136866371, 10: 0.0582020127473792, 20: 0.030728823096294898, 30: 0.01928629896288367, 40: 0.01438873542242341, 50: 0.01292977108776879, 60: 0.012271866160660276, 70: 0.014452111778075033, 80: 0.011969014542746067, 90: 0.01599286589839779, 100: 0.016880996873425765, 110: 0.01289071844247489}",80,0.011969014542746067,0.01,0.01,0.001
energy,dropoutFCN,32,1e-09,0.0001,"{0: 0.8962196282811059, 10: 0.20392050621597888, 20: 0.10182742865694835, 30: 0.08744090617350478, 40: 0.08279431205256278, 50: 0.07980649301745757, 60: 0.07733934031404464, 70: 0.07498350164732757, 80: 0.07413090462557445, 90: 0.07247623100407112, 100: 0.07137568167449396, 110: 0.07037188867634572, 120: 0.06950191606447353, 130: 0.06864301193533827, 140: 0.06850405348375227, 150: 0.06685151097878733, 160: 0.06640602988752622, 170: 0.06543672106113455, 180: 0.0649063343628814, 190: 0.06396561267330307, 200: 0.06379766526167653, 210: 0.06286490780801499, 220: 0.06205464028716723, 230: 0.0615026428097469, 240: 0.06065684469809226, 250: 0.05957194154715436, 260: 0.05959264775582962, 270: 0.057508823594422755, 280: 0.05709989538368353, 290: 0.056690725962805555, 300: 0.05576367053688247, 310: 0.0547301905017431, 320: 0.05389444991468582, 330: 0.053092839737963596, 340: 0.05297766259052063, 350: 0.05111378527965234, 360: 0.04998419055052118, 370: 0.049277673971032554, 380: 0.04835661916000421, 390: 0.046436393988238935, 400: 0.04658507525679566, 410: 0.04611223421918382, 420: 0.04511037307282369, 430: 0.04437476473817122, 440: 0.04420227017350457, 450: 0.0431500517947029, 460: 0.041071389787227776, 470: 0.040710248097560894, 480: 0.04058695150747564, 490: 0.03932000734726262, 500: 0.03965152926424274, 510: 0.038270769829525556, 520: 0.03754607348215154, 530: 0.03668318767089153, 540: 0.03757872364026863, 550: 0.03642829214868809, 560: 0.034345607750845664, 570: 0.035029389989413004, 580: 0.03351489198295439, 590: 0.03464202167925303, 600: 0.032610085565464256, 610: 0.03255138070560028, 620: 0.031174515871603924, 630: 0.030830527249886032, 640: 0.030493931964612773, 650: 0.029184869455560147, 660: 0.029772681264224395, 670: 0.029300825863750907, 680: 0.028016477463563116, 690: 0.02805518486592772, 700: 0.02749431165605267, 710: 0.027381446591613057, 720: 0.027158709540769533, 730: 0.02662764661583573, 740: 0.025479570512529394, 750: 0.025158676327190432, 760: 0.025312440491012216, 770: 0.024043865513498904, 780: 0.02428927104753819, 790: 0.02260877405242766, 800: 0.02382505865990778, 810: 0.023735581435224428, 820: 0.022366438538464657, 830: 0.021788659083192607, 840: 0.02105297101508887, 850: 0.020714737913855176, 860: 0.02133132862341735, 870: 0.021977601267991226, 880: 0.021306692006201243}",850,0.020714737913855176,0.01,0.01,0.2
energy,dropoutFCN,32,1e-09,0.0001,"{0: 0.9317844966483342, 10: 0.2161314080873839, 20: 0.09996058650997007, 30: 0.08380888267193701, 40: 0.07793612453252907, 50: 0.07419752776722073, 60: 0.07232113273504749, 70: 0.07010340465923619, 80: 0.06869549683235485, 90: 0.06682908305379212, 100: 0.06549955006744938, 110: 0.06452092221909153, 120: 0.06370864449326838, 130: 0.06263656376845024, 140: 0.0608340354727917, 150: 0.05971325348030444, 160: 0.05830686843437536, 170: 0.05770591181240788, 180: 0.05602561865946769, 190: 0.055096747518264974, 200: 0.0539524760256644, 210: 0.05168759743185912, 220: 0.05069706696655994, 230: 0.04978606065964358, 240: 0.048754052436405, 250: 0.04735848414214526, 260: 0.0468695482575014, 270: 0.04407312458530753, 280: 0.043113673157621574, 290: 0.041790680875017396, 300: 0.04087312326165901, 310: 0.04050803565861233, 320: 0.03881669598923879, 330: 0.03845475985721106, 340: 0.0378308066239055, 350: 0.0354515321406284, 360: 0.03475339298790556, 370: 0.033318461123151365, 380: 0.033181627725905036, 390: 0.032465673963882266, 400: 0.032051490229772564, 410: 0.029607402722163945, 420: 0.0298426755609277, 430: 0.02875228832891293, 440: 0.0280940201053552, 450: 0.027578347782597823, 460: 0.027174203162763366, 470: 0.02614604064914945, 480: 0.025547574591882127, 490: 0.025826841704602022, 500: 0.02441262984987213, 510: 0.024325993506223713, 520: 0.02382652642790987, 530: 0.022838063818824243, 540: 0.02239069729841333, 550: 0.022937874144828712, 560: 0.02178740898934437, 570: 0.020921243021869665, 580: 0.021793278286092784, 590: 0.021245354944503688, 600: 0.020862110031218302, 610: 0.01989123469580317, 620: 0.0198776217616174, 630: 0.019890193088524074, 640: 0.01984624202103396, 650: 0.0189120501447402, 660: 0.01947049806173779, 670: 0.019155478464568852, 680: 0.01868722743267725, 690: 0.019064820380654275, 700: 0.018854952313171754, 710: 0.018668081558963767, 720: 0.019270693191988625, 730: 0.018510696515550172, 740: 0.017612361355520727, 750: 0.018149098412059403, 760: 0.01756381719882955, 770: 0.0170643080352861, 780: 0.017284430218998288, 790: 0.017326375354202044, 800: 0.017626519953353147}",770,0.0170643080352861,0.01,0.01,0.1
energy,dropoutFCN,32,1e-09,0.0001,"{0: 0.9139753480267719, 10: 0.18669882396547122, 20: 0.0912147706032681, 30: 0.08115209289283398, 40: 0.07672262418854797, 50: 0.07362529617694161, 60: 0.07118151567466224, 70: 0.06942109535100079, 80: 0.06781545799088037, 90: 0.06643918662494727, 100: 0.06497589495327455, 110: 0.06353584831742133, 120: 0.062386444811531105, 130: 0.06060957745920137, 140: 0.05912426882069079, 150: 0.057730485468618274, 160: 0.055956799983948494, 170: 0.05451190792397509, 180: 0.0522069861655865, 190: 0.05111578465849618, 200: 0.04907754413027867, 210: 0.047325649332912, 220: 0.045990656293738955, 230: 0.044357040982361276, 240: 0.04167430890523226, 250: 0.04045431457274233, 260: 0.03951356715249504, 270: 0.037996619010442705, 280: 0.03709469788381216, 290: 0.03500887218172131, 300: 0.03411214576075113, 310: 0.03246745258722642, 320: 0.03153022557912104, 330: 0.030562894943792253, 340: 0.029510020569123763, 350: 0.02829344452502893, 360: 0.02734941406331646, 370: 0.027184393679976115, 380: 0.026024298305363437, 390: 0.02475016786935714, 400: 0.023870891893405917, 410: 0.022981546939041964, 420: 0.022432307268310536, 430: 0.02187951091427704, 440: 0.020796049567835418, 450: 0.02007250509886551, 460: 0.02025223858259776, 470: 0.0194126448900999, 480: 0.019369323959088268, 490: 0.018412601805262156, 500: 0.017343897918542354, 510: 0.01796940252079112, 520: 0.01639390618644737, 530: 0.017207518941645232, 540: 0.016449320845168883, 550: 0.015165023661764618, 560: 0.01576311789285707, 570: 0.015071448220597191, 580: 0.015023947993272798, 590: 0.014337131978878653, 600: 0.014894635324564623, 610: 0.013620470596474163, 620: 0.013902770077697232, 630: 0.014620679932706406, 640: 0.013802973413287572}",610,0.013620470596474163,0.01,0.01,0.05
energy,dropoutFCN,32,1e-09,0.0001,"{0: 0.9532686920844761, 10: 0.20445401430245194, 20: 0.09532692185609909, 30: 0.08019662448287598, 40: 0.07456797531864397, 50: 0.071069825086338, 60: 0.06857712242077561, 70: 0.06650225355263935, 80: 0.06473880040048599, 90: 0.06301530237104454, 100: 0.061290796515179935, 110: 0.05954571082894126, 120: 0.05793601516259363, 130: 0.05587996135089821, 140: 0.05395001360967082, 150: 0.05220503283769595, 160: 0.05053407147066976, 170: 0.04855288831251718, 180: 0.0469841362265258, 190: 0.04535978664366639, 200: 0.04350140611953287, 210: 0.04150624872947055, 220: 0.04010914201921072, 230: 0.03815016351142725, 240: 0.03699333180250024, 250: 0.035332164744405, 260: 0.03417596169174568, 270: 0.03307727511501004, 280: 0.031743072853034515, 290: 0.030436367605824393, 300: 0.029138303452495233, 310: 0.028933078697090043, 320: 0.027161657062943666, 330: 0.026361565755519577, 340: 0.024951424659083964, 350: 0.024827141290738847, 360: 0.02380612925361327, 370: 0.02259852297015227, 380: 0.021932639486022226, 390: 0.021296574511170174, 400: 0.021188418399907503, 410: 0.01985559230651714, 420: 0.01976211610094148, 430: 0.018509915438804026, 440: 0.018192373631703534, 450: 0.017338199413295993, 460: 0.01741976036702464, 470: 0.016122282108230666, 480: 0.015832413681617075, 490: 0.016966312741814822, 500: 0.015571096924687328, 510: 0.015820226946831502, 520: 0.014883667402409834, 530: 0.016047641811101705, 540: 0.015210722441552051, 550: 0.015102740256635886}",520,0.014883667402409834,0.01,0.01,0.01
energy,dropoutFCN,32,1e-09,0.0001,"{0: 0.8812691783533244, 10: 0.19388303177369906, 20: 0.09844040353951908, 30: 0.08418320593316524, 40: 0.07787117904297164, 50: 0.07374631079261611, 60: 0.07053898336763273, 70: 0.06793087161357493, 80: 0.06563936876085669, 90: 0.0635072577421, 100: 0.06143480128720731, 110: 0.05943250795159756, 120: 0.057109066210692117, 130: 0.055076563675177506, 140: 0.05291204885647294, 150: 0.05078583459843879, 160: 0.048805219882595986, 170: 0.047049995243060784, 180: 0.045351914765257906, 190: 0.0434359713928089, 200: 0.04160539283146941, 210: 0.039918620265473145, 220: 0.03811691275225685, 230: 0.03684909071738039, 240: 0.0354699994974741, 250: 0.034222446852461084, 260: 0.033199662341897994, 270: 0.031072200368183717, 280: 0.03031164577763811, 290: 0.029353298069781365, 300: 0.028266305976012197, 310: 0.02689902651786911, 320: 0.025964498204441883, 330: 0.025125962899836218, 340: 0.024397331122003617, 350: 0.022703378393354373, 360: 0.02203705868103215, 370: 0.02186174018100732, 380: 0.021566909107073144, 390: 0.021346776183472665, 400: 0.020743075442589413, 410: 0.02069041844150547, 420: 0.01933710653586585, 430: 0.019250314515374484, 440: 0.018695816715307137, 450: 0.01878494313201471, 460: 0.017413398709498703, 470: 0.016981172541822475, 480: 0.017824129037674222, 490: 0.017249816413122256, 500: 0.016620839978989665, 510: 0.01690369476726214, 520: 0.015620166200679724, 530: 0.01612489769869789, 540: 0.016894418526553566, 550: 0.01686041751288361}",520,0.015620166200679724,0.01,0.01,0.005
energy,dropoutFCN,32,1e-09,0.0001,"{0: 0.8598184794358344, 10: 0.16680109231897502, 20: 0.09339926123160307, 30: 0.08191058401519356, 40: 0.07587905744266688, 50: 0.07202956842678865, 60: 0.06913505750235979, 70: 0.06668223566298094, 80: 0.06454093959418342, 90: 0.062325060466686975, 100: 0.059991208434762286, 110: 0.05770447851423938, 120: 0.05530261169202, 130: 0.052976682266252975, 140: 0.05041521940994513, 150: 0.04811473618430701, 160: 0.04589287587812023, 170: 0.043699496693926046, 180: 0.0418703901059017, 190: 0.03973971623269483, 200: 0.037830555418191726, 210: 0.03615383023941547, 220: 0.03444569380026681, 230: 0.03308267741908825, 240: 0.031677304766302615, 250: 0.030084288208052173, 260: 0.029159441078783044, 270: 0.0277334670262769, 280: 0.026606603676293604, 290: 0.025297248240435666, 300: 0.024542140656011978, 310: 0.023313880793394786, 320: 0.022505771995755562, 330: 0.021689680645171086, 340: 0.020661571575297678, 350: 0.019994622826234636, 360: 0.01906200267131724, 370: 0.018739473299691476, 380: 0.01767732448578993, 390: 0.017108675088685275, 400: 0.016474670006984313, 410: 0.016086939000564925, 420: 0.015298336968121311, 430: 0.01493689562980392, 440: 0.014823116408344486, 450: 0.014179209143287791, 460: 0.013953412704141946, 470: 0.013775406613303976, 480: 0.013179624325448207, 490: 0.013348342971083093, 500: 0.012851039133891493, 510: 0.013064385909727656, 520: 0.012619850146020056, 530: 0.012844740689807727, 540: 0.012861798442234862, 550: 0.012687771400062145}",520,0.012619850146020056,0.01,0.01,0.001
energy,dropoutFCN,32,1e-09,0.0005,"{0: 0.48001508316039787, 10: 0.0798839250167624, 20: 0.07170508103332217, 30: 0.06658343514595114, 40: 0.06282879507056668, 50: 0.058801831426472564, 60: 0.05374516169609474, 70: 0.04796021525802317, 80: 0.04209760204563296, 90: 0.03724756452421157, 100: 0.035441911627735745, 110: 0.031502535772688245, 120: 0.029594008731401937, 130: 0.026641808178781767, 140: 0.023127848019059555, 150: 0.022386236027191954, 160: 0.022260607896474705, 170: 0.019002095386599412, 180: 0.020453313549112378, 190: 0.016303227124972796, 200: 0.017857553510388324, 210: 0.015860482419199382, 220: 0.015335626649435333, 230: 0.015340284222055994, 240: 0.01449187668450013, 250: 0.016632747282185317, 260: 0.015932094658621068, 270: 0.014244823866501088, 280: 0.012756201632926123, 290: 0.013238548136022186, 300: 0.01344911577068314, 310: 0.01294477796928038}",280,0.012756201632926123,0.01,0.01,0.2
energy,dropoutFCN,32,1e-09,0.0005,"{0: 0.5505216064603109, 10: 0.07626763423605631, 20: 0.06838061912286907, 30: 0.0630637276803996, 40: 0.0562840620276492, 50: 0.05215211741211183, 60: 0.0463872765741153, 70: 0.03795764038681102, 80: 0.036306000445755535, 90: 0.03220840742285015, 100: 0.02784080305487398, 110: 0.024962520562747857, 120: 0.02394418877187144, 130: 0.02103233034433912, 140: 0.017848207244673613, 150: 0.01733526816365958, 160: 0.01740491796254131, 170: 0.01603228615513229, 180: 0.01538740482534327, 190: 0.015508100347685034, 200: 0.015358740565065787, 210: 0.013850802565225617, 220: 0.0135770061646413, 230: 0.014112099028322422, 240: 0.015048071748462738, 250: 0.013002697727341944, 260: 0.012180829643232517, 270: 0.013462886707970207, 280: 0.012325679345743332, 290: 0.014166989371574762}",260,0.012180829643232517,0.01,0.01,0.1
energy,dropoutFCN,32,1e-09,0.0005,"{0: 0.4951651468565189, 10: 0.07437563225811646, 20: 0.06652258002603513, 30: 0.05877155698756409, 40: 0.051486050427619355, 50: 0.0428145403163335, 60: 0.036346622338133946, 70: 0.03290770692902494, 80: 0.02909061400552209, 90: 0.0267754610139327, 100: 0.021772726791509028, 110: 0.019467377773354878, 120: 0.01829823676010664, 130: 0.017497791515398382, 140: 0.01602542579410379, 150: 0.01490728157730958, 160: 0.015286171379434966, 170: 0.012689179686788982, 180: 0.014343393749842804, 190: 0.012244842986957452, 200: 0.014198645542526062, 210: 0.014230356581261355, 220: 0.012522415105401419}",190,0.012244842986957452,0.01,0.01,0.05
energy,dropoutFCN,32,1e-09,0.0005,"{0: 0.5004272124774612, 10: 0.07404184771157274, 20: 0.06394226103713238, 30: 0.054533528997415724, 40: 0.04402224625108656, 50: 0.036536672300264764, 60: 0.030856696838160745, 70: 0.024102462748494823, 80: 0.02176087483221013, 90: 0.017720564451318383, 100: 0.0162498613967439, 110: 0.016554203854709185, 120: 0.01653758348917208, 130: 0.013871498595772743, 140: 0.012658204358094921, 150: 0.014869279944088782, 160: 0.012786297147166854, 170: 0.01444174084892092}",140,0.012658204358094921,0.01,0.01,0.01
energy,dropoutFCN,32,1e-09,0.0005,"{0: 0.4757698684942717, 10: 0.07339495666504828, 20: 0.06355166519032182, 30: 0.05479022756583346, 40: 0.045746035015032514, 50: 0.03801711471226276, 60: 0.033514718337754844, 70: 0.02785236624901285, 80: 0.023721910447580336, 90: 0.02016109670233714, 100: 0.01673773003991097, 110: 0.016543972089650326, 120: 0.015542816082950306, 130: 0.015211819063494258, 140: 0.01531894097257841, 150: 0.013600868113697923, 160: 0.01362877332481419, 170: 0.01333958475857846, 180: 0.012692121533642475, 190: 0.012592284783013944, 200: 0.011488541100046585, 210: 0.01216753054336736, 220: 0.010956405429597773, 230: 0.012144897391481665, 240: 0.0116776650996168, 250: 0.01088949090431406, 260: 0.011823533911207836, 270: 0.012588378634563479, 280: 0.012424659551775814}",250,0.01088949090431406,0.01,0.01,0.005
energy,dropoutFCN,32,1e-09,0.0005,"{0: 0.5351249542178177, 10: 0.07407973517582969, 20: 0.06523422986521224, 30: 0.05793492715092289, 40: 0.04991380872343176, 50: 0.04099660140987151, 60: 0.03465778065827248, 70: 0.02908044811966267, 80: 0.025822990738758083, 90: 0.02167700992381531, 100: 0.018425467880781605, 110: 0.017101984052179924, 120: 0.01512780397011787, 130: 0.014568534802248734, 140: 0.01488319991238879, 150: 0.013787782604231543, 160: 0.014231993654224237, 170: 0.01407085939277101, 180: 0.013817007926320148}",150,0.013787782604231543,0.01,0.01,0.001
energy,dropoutFCN,32,1e-09,0.001,"{0: 0.24695963052953065, 10: 0.07398094036818091, 20: 0.06705430860761626, 30: 0.059248418855866514, 40: 0.05284992566839404, 50: 0.042082719736155724, 60: 0.03841301607104337, 70: 0.031320834265309114, 80: 0.029513244674813265, 90: 0.024434761345653623, 100: 0.019946698023508534, 110: 0.02250076995202538, 120: 0.016988937628935708, 130: 0.01721164242074134, 140: 0.016717901710814574, 150: 0.01511165450173057, 160: 0.013421455351157926, 170: 0.015514573728382452, 180: 0.01391495798975001, 190: 0.013214002462188618, 200: 0.01413632815708218, 210: 0.013817400787500846, 220: 0.012446225605551047, 230: 0.014857739815035395, 240: 0.013764972382863231, 250: 0.01198821994881294, 260: 0.015054309923240528, 270: 0.01268487553399314, 280: 0.012975833431287446}",250,0.01198821994881294,0.01,0.01,0.2
energy,dropoutFCN,32,1e-09,0.001,"{0: 0.2659548006515876, 10: 0.06929285774886504, 20: 0.058350137222221134, 30: 0.04465544194561012, 40: 0.034445446048303796, 50: 0.02886605284438798, 60: 0.022717749775444072, 70: 0.018636893654545274, 80: 0.016943452476920896, 90: 0.015280392086156943, 100: 0.013508916868639937, 110: 0.012673334597656979, 120: 0.014911652733123107, 130: 0.010588897759817004, 140: 0.013640101425256368, 150: 0.011316739308558314, 160: 0.011661383819927831}",130,0.010588897759817004,0.01,0.01,0.1
energy,dropoutFCN,32,1e-09,0.001,"{0: 0.21147179928649576, 10: 0.07045063552239744, 20: 0.057304627508993525, 30: 0.046867842157064125, 40: 0.038316136937502555, 50: 0.028986123498908035, 60: 0.019648215440963984, 70: 0.01855856291527718, 80: 0.016352119036706508, 90: 0.015012170132830507, 100: 0.014296617972071584, 110: 0.014523760978404077, 120: 0.01628581161275516, 130: 0.013087349551179106, 140: 0.014178759008089922, 150: 0.013290808839881357, 160: 0.013697762510055453}",130,0.013087349551179106,0.01,0.01,0.05
energy,dropoutFCN,32,1e-09,0.001,"{0: 0.2135595239453613, 10: 0.06648868319502628, 20: 0.051444953280449804, 30: 0.03749064178771175, 40: 0.029724472112865285, 50: 0.023970111144882122, 60: 0.01742614628748347, 70: 0.017159672438955366, 80: 0.015542964117858951, 90: 0.015775302510773612, 100: 0.0134126575916656, 110: 0.014172488101761166, 120: 0.01374110691702433, 130: 0.013597002570427619}",100,0.0134126575916656,0.01,0.01,0.01
energy,dropoutFCN,32,1e-09,0.001,"{0: 0.21013134607915385, 10: 0.0655337374621644, 20: 0.052266183545370826, 30: 0.03669376442777138, 40: 0.027277290160721435, 50: 0.01927855840881542, 60: 0.015535722647518152, 70: 0.014280481405524426, 80: 0.013303769295410814, 90: 0.013336142537899155, 100: 0.013743622968496919, 110: 0.014165838036609719}",80,0.013303769295410814,0.01,0.01,0.005
energy,dropoutFCN,32,1e-09,0.001,"{0: 0.22040865653700054, 10: 0.06595153942362604, 20: 0.05094280182127633, 30: 0.036197941969495745, 40: 0.026044614304080022, 50: 0.018716086381129045, 60: 0.015433130231808201, 70: 0.013940487373183347, 80: 0.012658978955136018, 90: 0.012143317541644012, 100: 0.012751125298998033, 110: 0.01181356939780719, 120: 0.011863855105816948, 130: 0.013987794792523883, 140: 0.0129012353980064}",110,0.01181356939780719,0.01,0.01,0.001
energy,dropoutFCN,32,1e-09,0.002,"{0: 0.15858911230820555, 10: 0.07221424977649979, 20: 0.06299548606550505, 30: 0.0453691861033539, 40: 0.03966755505758481, 50: 0.02800282823661916, 60: 0.022146435458335726, 70: 0.020195133227871847, 80: 0.015869270815219477, 90: 0.015293575558501356, 100: 0.014227811899272007, 110: 0.02060032054541977, 120: 0.015430502933649264, 130: 0.015415074127511147}",100,0.014227811899272007,0.01,0.01,0.2
energy,dropoutFCN,32,1e-09,0.002,"{0: 0.15680952112559204, 10: 0.0663787566862209, 20: 0.05115794067184289, 30: 0.037519166629260484, 40: 0.022833966185114997, 50: 0.016653598195747958, 60: 0.01599162988450096, 70: 0.013512057385081058, 80: 0.017230675135869854, 90: 0.010644498894739101, 100: 0.013139902878062127, 110: 0.0133562981298631, 120: 0.01617804167198379}",90,0.010644498894739101,0.01,0.01,0.1
energy,dropoutFCN,32,1e-09,0.002,"{0: 0.1455285705263561, 10: 0.06675069145615, 20: 0.042801153203630135, 30: 0.029406256226053896, 40: 0.02259488251327368, 50: 0.016970650707528553, 60: 0.0175695072461079, 70: 0.014826052022424364, 80: 0.014735207725060585, 90: 0.01517254646741401, 100: 0.012347157512160024, 110: 0.013311033583117452, 120: 0.011076338720827795, 130: 0.014005523257371616, 140: 0.011090808963050834, 150: 0.01364548807767857}",120,0.011076338720827795,0.01,0.01,0.05
energy,dropoutFCN,32,1e-09,0.002,"{0: 0.15614556032485538, 10: 0.06434562448945924, 20: 0.042389918679321084, 30: 0.027160924873917434, 40: 0.0203826138019109, 50: 0.01625667577233316, 60: 0.015367138698547144, 70: 0.011973565735092194, 80: 0.013534470429408396, 90: 0.013935810914462974, 100: 0.011109954002136435, 110: 0.01164264160923498, 120: 0.01139527404248639, 130: 0.012991640828331399}",100,0.011109954002136435,0.01,0.01,0.01
energy,dropoutFCN,32,1e-09,0.002,"{0: 0.1438756016434216, 10: 0.06374614692764666, 20: 0.03556971894677687, 30: 0.02175875420440209, 40: 0.01528730847431275, 50: 0.016388194709477538, 60: 0.013179944715743524, 70: 0.015791878907235123, 80: 0.015673626949815778, 90: 0.01973692944483623}",60,0.013179944715743524,0.01,0.01,0.005
energy,dropoutFCN,32,1e-09,0.002,"{0: 0.15830810874378812, 10: 0.059868011097472765, 20: 0.03403429588861292, 30: 0.026033026389961366, 40: 0.015720401330230758, 50: 0.011862019157911238, 60: 0.01254585590652325, 70: 0.01420806632658354, 80: 0.012644046140549444}",50,0.011862019157911238,0.01,0.01,0.001
kin8nm,dropoutFCN,32,0.1,0.0001,"{0: 0.7998697965129604, 10: 0.4769456661541188, 20: 0.42369524514396933, 30: 0.4076511895691778, 40: 0.4009656387299693, 50: 0.39606748100792133, 60: 0.3922798779971424, 70: 0.38855842117519046, 80: 0.3867416913720271, 90: 0.38510090830538257, 100: 0.3830027133500157, 110: 0.38271609438623044, 120: 0.3814369340860173, 130: 0.3811450256530772, 140: 0.38059798695301433, 150: 0.38023698961482943, 160: 0.3804736625491897, 170: 0.379489686419929, 180: 0.37839685594057676, 190: 0.3788455606404849, 200: 0.37867136195816264, 210: 0.3784535210567161}",180,0.37839685594057676,0.01,0.01,0.2
kin8nm,dropoutFCN,32,0.1,0.0001,"{0: 0.7982093433829285, 10: 0.47345583792913937, 20: 0.41108348214018475, 30: 0.39540160373630606, 40: 0.38959441830236463, 50: 0.38530914422557344, 60: 0.3822046528519584, 70: 0.3794147072327715, 80: 0.377382265761067, 90: 0.3760465565889418, 100: 0.3750232550118894, 110: 0.3739545259626034, 120: 0.37355464378800446, 130: 0.37239229142287567, 140: 0.37226272627068974, 150: 0.3715324131616267, 160: 0.3711398322275124, 170: 0.37048038378450815, 180: 0.36997232914349937, 190: 0.36989180942479183, 200: 0.37007737381436934, 210: 0.3696028666172719, 220: 0.36955053553809897, 230: 0.3692603364297155, 240: 0.3688893182359405, 250: 0.36910619064696376, 260: 0.36893027698874087, 270: 0.36880818202237065, 280: 0.3687609756417623, 290: 0.36849933194175755, 300: 0.3684827724476085, 310: 0.36861136052075416, 320: 0.368482178882194, 330: 0.3681320458782091, 340: 0.36806796697511823, 350: 0.3684206908778948, 360: 0.36833750141780264, 370: 0.368044374972354, 380: 0.36863215351964274, 390: 0.3682829846438267, 400: 0.36847762550780133}",370,0.368044374972354,0.01,0.01,0.1
kin8nm,dropoutFCN,32,0.1,0.0001,"{0: 0.8015713475854465, 10: 0.4552559947645943, 20: 0.40203873389973604, 30: 0.3883354856546718, 40: 0.38260538501309665, 50: 0.37891223012788816, 60: 0.3762207773107947, 70: 0.37439485663913824, 80: 0.37292699393127154, 90: 0.3714377559145374, 100: 0.3700679917746563, 110: 0.3695790748771291, 120: 0.3690993107357556, 130: 0.3684935132311715, 140: 0.36803401930388224, 150: 0.36714973218447977, 160: 0.36718767057289226, 170: 0.3670403945791583, 180: 0.366232444347879, 190: 0.3657650501730411, 200: 0.3661211605839575, 210: 0.36562720947847266, 220: 0.3653307854728941, 230: 0.3653470638232018, 240: 0.3650554927124724, 250: 0.36496326473931257, 260: 0.36494628037312765, 270: 0.36470920373233084, 280: 0.3647611862880128, 290: 0.36502898973750364, 300: 0.36455234539525755, 310: 0.36431110753767054, 320: 0.36416142542491275, 330: 0.36445912741693853, 340: 0.36380691846060437, 350: 0.36404640177941916, 360: 0.3640162183004236, 370: 0.3640912585948345}",340,0.36380691846060437,0.01,0.01,0.05
kin8nm,dropoutFCN,32,0.1,0.0001,"{0: 0.7724120794738554, 10: 0.44587576243287763, 20: 0.3982017904112689, 30: 0.38544092932880514, 40: 0.3793098984676532, 50: 0.3746640067625914, 60: 0.3713709719538423, 70: 0.3689024347041752, 80: 0.36708602816232105, 90: 0.3656663851517565, 100: 0.36482818986473065, 110: 0.3639249303031597, 120: 0.3633466052164668, 130: 0.362821964615387, 140: 0.3625236693978516, 150: 0.36221221683739835, 160: 0.36181861097490675, 170: 0.36165534763430346, 180: 0.36133134014300394, 190: 0.3611999434577899, 200: 0.36101268699984596, 210: 0.36079804395026394, 220: 0.36082921371641413, 230: 0.3607743435482724, 240: 0.3607063477352289, 250: 0.36063559938734235, 260: 0.36043735945546346, 270: 0.3604053151775456, 280: 0.3602120922151445, 290: 0.3600780187260994, 300: 0.3600738147036536, 310: 0.3600335679268966, 320: 0.36004133297831753, 330: 0.35987105450041657, 340: 0.35981293119164215, 350: 0.35978156410643264, 360: 0.35993649836946784, 370: 0.3597603303479018, 380: 0.35977797837939246, 390: 0.359708890575262, 400: 0.35955271935340577, 410: 0.35951735136574064, 420: 0.35955453275252214, 430: 0.35971393283134423, 440: 0.359455768181055, 450: 0.3594521054506626, 460: 0.3595596229633959, 470: 0.3596797402441402, 480: 0.35937112012845424, 490: 0.35934943004595876, 500: 0.35961698667670083, 510: 0.35931935359595796, 520: 0.35947418557407207, 530: 0.359458712442711, 540: 0.35933423762555644}",510,0.35931935359595796,0.01,0.01,0.01
kin8nm,dropoutFCN,32,0.1,0.0001,"{0: 0.7870081768191732, 10: 0.4584889505277796, 20: 0.40666017462881554, 30: 0.39021827939315124, 40: 0.3830314496550154, 50: 0.37785481753101624, 60: 0.37409242146337907, 70: 0.3710998278679033, 80: 0.36891642190374696, 90: 0.36750710365356, 100: 0.3661155487600624, 110: 0.3651638946081621, 120: 0.36438015590836254, 130: 0.36367009502785114, 140: 0.36311445897520145, 150: 0.3626593853002082, 160: 0.362150728075933, 170: 0.36173758903199704, 180: 0.3614198464357673, 190: 0.36119772216192, 200: 0.36083304713374675, 210: 0.36057087948064276, 220: 0.3603425165003217, 230: 0.3603895641350797, 240: 0.36016744920955956, 250: 0.3599849590998828, 260: 0.35986466628369046, 270: 0.35977534383004206, 280: 0.3597003866296273, 290: 0.35963630444303163, 300: 0.3595849295853514, 310: 0.35936829767741596, 320: 0.3592769956284303, 330: 0.35930199727697243, 340: 0.3591996077633769, 350: 0.3591455454872369, 360: 0.3592477286394882, 370: 0.3590515555126621, 380: 0.3589964418817358, 390: 0.35887649851331405, 400: 0.35880955707007844, 410: 0.35888585962056624, 420: 0.3588838143447981, 430: 0.35880887470521705, 440: 0.35883348109281843, 450: 0.35870629065159604, 460: 0.3587622296068723, 470: 0.35873272887332197, 480: 0.35868115212881213, 490: 0.3585530261352323, 500: 0.35866390058847986, 510: 0.35862057809335046, 520: 0.3585121472380795, 530: 0.35861935301003844, 540: 0.3585073177770692, 550: 0.35854393545962704, 560: 0.3585034805422608, 570: 0.3585899275880176, 580: 0.3584043660699797, 590: 0.35837208165296486, 600: 0.35834729346201716, 610: 0.3585183061608344, 620: 0.35844884411542316, 630: 0.35844586305653314}",600,0.35834729346201716,0.01,0.01,0.005
kin8nm,dropoutFCN,32,0.1,0.0001,"{0: 0.7856049031217209, 10: 0.4542239619850534, 20: 0.39713854666559073, 30: 0.3822241645470288, 40: 0.37603948019436306, 50: 0.37175075396809765, 60: 0.3684573519997762, 70: 0.366225952245936, 80: 0.3645470099121747, 90: 0.3632694302440476, 100: 0.3623619695843585, 110: 0.36170962133286383, 120: 0.36128741242192075, 130: 0.36092488146246593, 140: 0.36060785214212093, 150: 0.36032305034177214, 160: 0.3600733518568742, 170: 0.35989496647693153, 180: 0.3597348754552095, 190: 0.35962239280813585, 200: 0.3594667773177637, 210: 0.35937991718384543, 220: 0.35923097994818975, 230: 0.35913296207969636, 240: 0.3589889464720747, 250: 0.3589054809888944, 260: 0.3587987814294057, 270: 0.3587887674965386, 280: 0.35867206613572944, 290: 0.3586064645657356, 300: 0.3585250725725352, 310: 0.35839054211798616, 320: 0.3583686827043141, 330: 0.3583499287600863, 340: 0.3582646655461157, 350: 0.358167484301339, 360: 0.35812613725790304, 370: 0.3580891871200712, 380: 0.3580731627330075, 390: 0.35800423715010493, 400: 0.35800698631046457, 410: 0.35799703039903213, 420: 0.35791267531741533, 430: 0.35786736400830443, 440: 0.3577779472010979, 450: 0.35780882681874665, 460: 0.3577585902848707, 470: 0.35776249853795694, 480: 0.3577412173328885, 490: 0.3576828876259014, 500: 0.35768096138835986, 510: 0.3576788636639715, 520: 0.35768784052924824, 530: 0.35761943941449414, 540: 0.3576349649892002, 550: 0.35762254945069855, 560: 0.3576088002966081, 570: 0.3576405942820204, 580: 0.3576216176727397, 590: 0.35754100566010893, 600: 0.357530750325234, 610: 0.3575535016883494, 620: 0.35753027814067123, 630: 0.3574541093317775, 640: 0.3575077268238156, 650: 0.3574596883151727, 660: 0.3574352190075475, 670: 0.3574645351534006, 680: 0.35741593332041, 690: 0.3574544010487286, 700: 0.3574128189857307, 710: 0.35739174971476195, 720: 0.35740859870553077, 730: 0.35738688868793467, 740: 0.35744048202967105, 750: 0.3573998829308655, 760: 0.35738751883197295}",730,0.35738688868793467,0.01,0.01,0.001
kin8nm,dropoutFCN,32,0.1,0.0005,"{0: 0.5565202410180937, 10: 0.40533991280180726, 20: 0.3955305703677544, 30: 0.3915589267738455, 40: 0.3906060160826542, 50: 0.3889534855272002, 60: 0.3888136528976466, 70: 0.3895223494470038, 80: 0.38905091139425846, 90: 0.3869614861056533, 100: 0.3885312767028767, 110: 0.3885005767375026, 120: 0.3896184898369261}",90,0.3869614861056533,0.01,0.01,0.2
kin8nm,dropoutFCN,32,0.1,0.0005,"{0: 0.5466213931622047, 10: 0.39508499562773647, 20: 0.3843447081177894, 30: 0.38246066873812373, 40: 0.38115740069188153, 50: 0.38083143022845434, 60: 0.3792588024440938, 70: 0.37969842843767115, 80: 0.3798607513169614, 90: 0.3791840126786135, 100: 0.37944252648665844, 110: 0.37881874681122646, 120: 0.3785017964920502, 130: 0.3786287725766021, 140: 0.37873862755122584, 150: 0.3789699674153146}",120,0.3785017964920502,0.01,0.01,0.1
kin8nm,dropoutFCN,32,0.1,0.0005,"{0: 0.5489768224466255, 10: 0.38772047715585334, 20: 0.3794929649619775, 30: 0.3770351722930426, 40: 0.37643262030487074, 50: 0.37461252664636585, 60: 0.3741091487616004, 70: 0.37457615890447316, 80: 0.37389334634369054, 90: 0.3745705071608686, 100: 0.3733692939777164, 110: 0.37452728676398644, 120: 0.3738400616580795, 130: 0.3736008541415142}",100,0.3733692939777164,0.01,0.01,0.05
kin8nm,dropoutFCN,32,0.1,0.0005,"{0: 0.5417473655032197, 10: 0.38512865064759694, 20: 0.374432313499648, 30: 0.37158193515344473, 40: 0.3709399999033633, 50: 0.3689470534770384, 60: 0.36892684936123976, 70: 0.368467174744865, 80: 0.36820238751587864, 90: 0.3679817448845221, 100: 0.3674717875089071, 110: 0.3674804206217126, 120: 0.36718208222419524, 130: 0.36718542797022824, 140: 0.3670192185694144, 150: 0.3671851666041264, 160: 0.36681702977984926, 170: 0.3667420773910984, 180: 0.3665218659260111, 190: 0.3667749332872479, 200: 0.36631863342719323, 210: 0.3662172957987907, 220: 0.3666504961621798, 230: 0.36607277686333983, 240: 0.36649520123947743, 250: 0.36594505339158634, 260: 0.36602329005423745, 270: 0.36541199550886816, 280: 0.365706711130714, 290: 0.36596593335898975, 300: 0.3657743393184393}",270,0.36541199550886816,0.01,0.01,0.01
kin8nm,dropoutFCN,32,0.1,0.0005,"{0: 0.5284563873668657, 10: 0.3833735396686715, 20: 0.3738304641115905, 30: 0.37077794146008436, 40: 0.3694487678151141, 50: 0.3678466474645365, 60: 0.3672757574476246, 70: 0.3667967232473851, 80: 0.3666234718851045, 90: 0.3658127820936237, 100: 0.36552815691682594, 110: 0.36567671097636256, 120: 0.3653323460180438, 130: 0.36528022611660615, 140: 0.3654297065786645, 150: 0.36494095924982867, 160: 0.3651388658229049, 170: 0.3649921446263038, 180: 0.3647640351822753, 190: 0.3650448554896414, 200: 0.36434063205731987, 210: 0.3646497288104024, 220: 0.364611539673276, 230: 0.3646908225039594}",200,0.36434063205731987,0.01,0.01,0.005
kin8nm,dropoutFCN,32,0.1,0.0005,"{0: 0.5334593584637168, 10: 0.3818092988688947, 20: 0.3724502970857674, 30: 0.36965076365434363, 40: 0.3680982604379673, 50: 0.36716302016360564, 60: 0.366292374376604, 70: 0.3656475977246113, 80: 0.3652125610187443, 90: 0.3645557227691377, 100: 0.3643974584514337, 110: 0.3641472174948839, 120: 0.3638620177383861, 130: 0.36353974281112095, 140: 0.36329235416932343, 150: 0.36318722229519335, 160: 0.36304870530876615, 170: 0.3628292852487861, 180: 0.36256138421389245, 190: 0.3627544196785642, 200: 0.36275180918039124, 210: 0.36261936245226856}",180,0.36256138421389245,0.01,0.01,0.001
kin8nm,dropoutFCN,32,0.1,0.001,"{0: 0.5135478600243208, 10: 0.40094885546611314, 20: 0.39960217668248416, 30: 0.39730546876569584, 40: 0.3949848483738424, 50: 0.39695569078140036, 60: 0.3944039039837587, 70: 0.39340634676151, 80: 0.39659976036718214, 90: 0.39627292047068724, 100: 0.39497633921331743}",70,0.39340634676151,0.01,0.01,0.2
kin8nm,dropoutFCN,32,0.1,0.001,"{0: 0.500267149806637, 10: 0.39216823341167045, 20: 0.3887943136068309, 30: 0.3870102267694329, 40: 0.3859514013313555, 50: 0.38542964887309716, 60: 0.38676964636951017, 70: 0.3870274546715351, 80: 0.38434081210490423, 90: 0.3861292054504334, 100: 0.3851861994732516, 110: 0.3863548045093319}",80,0.38434081210490423,0.01,0.01,0.1
kin8nm,dropoutFCN,32,0.1,0.001,"{0: 0.4847750017787922, 10: 0.3855303053607303, 20: 0.379940154122548, 30: 0.37996382424638575, 40: 0.37989114685711933, 50: 0.37905019681395447, 60: 0.3778835339726009, 70: 0.3780001046728002, 80: 0.3786396784755852, 90: 0.37768419236567546, 100: 0.3781937092885649, 110: 0.378318474406265, 120: 0.37809117068522}",90,0.37768419236567546,0.01,0.01,0.05
kin8nm,dropoutFCN,32,0.1,0.001,"{0: 0.48777638690724484, 10: 0.3801366997284549, 20: 0.37485760095939363, 30: 0.37295324130571755, 40: 0.3726233302753905, 50: 0.3716115542473832, 60: 0.3719144341929524, 70: 0.37191851477058363, 80: 0.371555922382278, 90: 0.37156244434636637, 100: 0.37129035026050733, 110: 0.37098304012437355, 120: 0.3709630975779227, 130: 0.3717699998523257, 140: 0.37184681563575317, 150: 0.3713148144011126}",120,0.3709630975779227,0.01,0.01,0.01
kin8nm,dropoutFCN,32,0.1,0.001,"{0: 0.4852093441909663, 10: 0.37833045458804193, 20: 0.3741477248296635, 30: 0.37276442272333227, 40: 0.3716942525969204, 50: 0.371339936785691, 60: 0.37045045316618447, 70: 0.3700712907347341, 80: 0.3704004731039827, 90: 0.36992729797155105, 100: 0.36995842527025335, 110: 0.36918007404437625, 120: 0.36968575869621734, 130: 0.3692420233598823, 140: 0.3692209423722995}",110,0.36918007404437625,0.01,0.01,0.005
kin8nm,dropoutFCN,32,0.1,0.001,"{0: 0.4877426980521199, 10: 0.379530797829699, 20: 0.37452225791980825, 30: 0.3721416451038344, 40: 0.3711626564412812, 50: 0.3704098308468544, 60: 0.36991280139097854, 70: 0.36913290742503335, 80: 0.36906066211545274, 90: 0.3686529653298475, 100: 0.368020591828002, 110: 0.36814252807734876, 120: 0.3681498072386543, 130: 0.36779115160198017, 140: 0.36769497966421516, 150: 0.36737138799430236, 160: 0.3674342791607236, 170: 0.36734515834198683, 180: 0.36700189037673, 190: 0.3667997160974865, 200: 0.3667481678241527, 210: 0.3666682281199957, 220: 0.3663361732316407, 230: 0.36641107312296056, 240: 0.3661844685351693, 250: 0.366077076423954, 260: 0.3659155271181602, 270: 0.3657120458265474, 280: 0.3655740600554308, 290: 0.3655101052503758, 300: 0.3652674082835928, 310: 0.36513589781230626, 320: 0.36517338325328863, 330: 0.36500859183297346, 340: 0.36478809835023485, 350: 0.3649946178000827, 360: 0.3647772435109086, 370: 0.3646667584289621, 380: 0.36456757445636595, 390: 0.3646492412107537, 400: 0.3645229485229769, 410: 0.36462940284341117, 420: 0.3644750675272874, 430: 0.36438010786538627, 440: 0.36442484102643147, 450: 0.3641952160755434, 460: 0.36442769965473093, 470: 0.36419532123771653, 480: 0.36414080620945855, 490: 0.3637629767686194, 500: 0.36424973067565614, 510: 0.36407407951501375, 520: 0.3642019424846149}",490,0.3637629767686194,0.01,0.01,0.001
kin8nm,dropoutFCN,32,0.1,0.002,"{0: 0.4643230331867869, 10: 0.41180192846142305, 20: 0.4085348482596146, 30: 0.40854548096413856, 40: 0.4065024408425656, 50: 0.40592743900201905, 60: 0.4079822273049101, 70: 0.40733200143140325, 80: 0.4055242730115262, 90: 0.40504697067069656, 100: 0.4069782014836676, 110: 0.4066829156642523, 120: 0.40644116913519673}",90,0.40504697067069656,0.01,0.01,0.2
kin8nm,dropoutFCN,32,0.1,0.002,"{0: 0.44827851301412186, 10: 0.400487058548309, 20: 0.39641451413222695, 30: 0.3971728547142881, 40: 0.3956586497319246, 50: 0.3954603866334544, 60: 0.39528800662657215, 70: 0.3959877180176207, 80: 0.3974999302737306, 90: 0.39525293007516876, 100: 0.3947218743201526, 110: 0.39502494628902207, 120: 0.39562379172633894, 130: 0.3968299045838644}",100,0.3947218743201526,0.01,0.01,0.1
kin8nm,dropoutFCN,32,0.1,0.002,"{0: 0.43664587752828954, 10: 0.3945309582190404, 20: 0.39076861849867, 30: 0.3894256139544008, 40: 0.38760454536963496, 50: 0.3874141519926469, 60: 0.3885875735362111, 70: 0.38737451619583446, 80: 0.3879310362012338, 90: 0.3874160939026516, 100: 0.38774273841512025}",70,0.38737451619583446,0.01,0.01,0.05
kin8nm,dropoutFCN,32,0.1,0.002,"{0: 0.42993000582490026, 10: 0.38344479528570496, 20: 0.3801168055795728, 30: 0.37879852060971364, 40: 0.37817637458789577, 50: 0.37686221960267813, 60: 0.37738841703330106, 70: 0.37745751984360654, 80: 0.37652022428450826, 90: 0.37577424806628285, 100: 0.37560461224172537, 110: 0.37654936449869425, 120: 0.37655532475346354, 130: 0.3751377087535593, 140: 0.37591139288723135, 150: 0.37570798489531737, 160: 0.3757952621987019}",130,0.3751377087535593,0.01,0.01,0.01
kin8nm,dropoutFCN,32,0.1,0.002,"{0: 0.427685964596127, 10: 0.3837399948673011, 20: 0.37865747821419804, 30: 0.37748365092731206, 40: 0.37635676744004476, 50: 0.3748893094277983, 60: 0.3751228583255522, 70: 0.37389616170195267, 80: 0.37354718725321795, 90: 0.37412625579618225, 100: 0.37407926075756626, 110: 0.3735692119467061}",80,0.37354718725321795,0.01,0.01,0.005
kin8nm,dropoutFCN,32,0.1,0.002,"{0: 0.433000213751254, 10: 0.3830086411159551, 20: 0.3773468912081831, 30: 0.3753941579830812, 40: 0.3736579081208049, 50: 0.3731318867742367, 60: 0.37244694593633093, 70: 0.37204904706005654, 80: 0.37113418374302104, 90: 0.3706989389618027, 100: 0.3703804561258443, 110: 0.3700656734173141, 120: 0.36961571440101804, 130: 0.36978023514188796, 140: 0.36945529037912905, 150: 0.3692079419906536, 160: 0.36893892205119116, 170: 0.3689526533387216, 180: 0.36928341065337106, 190: 0.3687347396956265, 200: 0.36849209254781184, 210: 0.3689704047413725, 220: 0.36856427171385364, 230: 0.3683516786846619, 240: 0.36880505904396454, 250: 0.36865812979651463, 260: 0.36860971592039116}",230,0.3683516786846619,0.01,0.01,0.001
kin8nm,dropoutFCN,32,0.01,0.0001,"{0: 0.7536024198359005, 10: 0.3656416954675967, 20: 0.28313197551408276, 30: 0.23313548420765598, 40: 0.20509021153943033, 50: 0.18788327009524028, 60: 0.17682929455839544, 70: 0.16754442073977743, 80: 0.16248867826257554, 90: 0.1572933497620163, 100: 0.1540931243765323, 110: 0.1506838063374859, 120: 0.14826120351297606, 130: 0.14554834946639394, 140: 0.14370987760645731, 150: 0.14306969597849345, 160: 0.14096895580181285, 170: 0.14067323929262623, 180: 0.13998188955550958, 190: 0.13859833727282556, 200: 0.13820438756118358, 210: 0.13655999043582429, 220: 0.13736675273602944, 230: 0.1360367036316946, 240: 0.13590051623715194, 250: 0.1356630541529717, 260: 0.1353624525318655, 270: 0.13497439843990705, 280: 0.13441242193365643, 290: 0.13409778425753704, 300: 0.1338979488864871, 310: 0.1342394489089164, 320: 0.1329306374772413, 330: 0.1337181773049616, 340: 0.1330329353691644, 350: 0.13273705289627222, 360: 0.13298864743023334, 370: 0.13271652627987582, 380: 0.13261601057572844, 390: 0.13217210060352114, 400: 0.13239625797244775, 410: 0.13238122770757282, 420: 0.13208692982426098, 430: 0.13189414688983983, 440: 0.131832231620783, 450: 0.13140243997832782, 460: 0.13115689402791922, 470: 0.13108028998447496, 480: 0.1315319027903285, 490: 0.13153642021338635, 500: 0.13119396711196693}",470,0.13108028998447496,0.01,0.01,0.2
kin8nm,dropoutFCN,32,0.01,0.0001,"{0: 0.7135629468065348, 10: 0.3434398013509838, 20: 0.2549670053010207, 30: 0.20994976743591467, 40: 0.1851485250736793, 50: 0.16972689861043605, 60: 0.15975707457129212, 70: 0.1519416001515344, 80: 0.14624455331098823, 90: 0.14121314255903822, 100: 0.13785528986726042, 110: 0.13450969949394076, 120: 0.13209590117967154, 130: 0.13003692550871573, 140: 0.12822767776743943, 150: 0.1270298890808691, 160: 0.12559324156896604, 170: 0.1244498047203579, 180: 0.12356591359418326, 190: 0.12284562833646025, 200: 0.12234746472499244, 210: 0.12130861735635083, 220: 0.12136096336684281, 230: 0.12099371009502527, 240: 0.12041392596975982, 250: 0.12053222402802802, 260: 0.11995506415036357, 270: 0.11970729185069644, 280: 0.11927024378817386, 290: 0.11960911659530057, 300: 0.119029471096216, 310: 0.11870589026469433, 320: 0.11868471874535538, 330: 0.1188533125446325, 340: 0.11832767556205939, 350: 0.11796493467835559, 360: 0.11822595258187674, 370: 0.11773211396995623, 380: 0.11770534872391654, 390: 0.11738846387651262, 400: 0.11796278770100707, 410: 0.11784740372671876, 420: 0.11716724835501627, 430: 0.1175342392796419, 440: 0.11755281511925922, 450: 0.1172871987140202}",420,0.11716724835501627,0.01,0.01,0.1
kin8nm,dropoutFCN,32,0.01,0.0001,"{0: 0.7059437911464558, 10: 0.3231632098045124, 20: 0.2324465963054856, 30: 0.1905998102952566, 40: 0.1688514111461495, 50: 0.1555407112001479, 60: 0.1470904966121188, 70: 0.14052730472592376, 80: 0.13598262914138665, 90: 0.13170708787264007, 100: 0.12852937604617812, 110: 0.12604385413000535, 120: 0.12405099929490002, 130: 0.12184330570639026, 140: 0.11965923404621033, 150: 0.11862687106466825, 160: 0.11734011416965799, 170: 0.11639815744629951, 180: 0.11562056283496717, 190: 0.11480739597589902, 200: 0.11405407057614465, 210: 0.11381729666105025, 220: 0.11290451052983075, 230: 0.11258511848372514, 240: 0.11234271168201573, 250: 0.11178558345667104, 260: 0.11159779115411075, 270: 0.11132000747342627, 280: 0.1110054807159194, 290: 0.1110165716427359, 300: 0.11106633068690737, 310: 0.11028589953685937, 320: 0.11064659832995309, 330: 0.11040432737634678, 340: 0.11021525008477481, 350: 0.11027522361597102, 360: 0.10930932053910018, 370: 0.10970346090051988, 380: 0.1091924058649942, 390: 0.1092699753284387, 400: 0.10946270394009847, 410: 0.10955262541824903}",380,0.1091924058649942,0.01,0.01,0.05
kin8nm,dropoutFCN,32,0.01,0.0001,"{0: 0.6937475455987359, 10: 0.30944856561741846, 20: 0.21742839170698164, 30: 0.17961067074134374, 40: 0.1603351831942676, 50: 0.1478823288293923, 60: 0.1392550012663837, 70: 0.13282069404731486, 80: 0.12736302653064155, 90: 0.12303132495029216, 100: 0.11996320460676684, 110: 0.11727892097555051, 120: 0.11496796750723552, 130: 0.11301331167462006, 140: 0.11130546525463544, 150: 0.11004562924553052, 160: 0.10896365717678731, 170: 0.10795756308618158, 180: 0.10748998940194202, 190: 0.10673737150057519, 200: 0.10614671662188066, 210: 0.10567472302016201, 220: 0.10530053874666034, 230: 0.10465781499993161, 240: 0.10445169622039048, 250: 0.10441748997426495, 260: 0.10377202762659121, 270: 0.10358476077933607, 280: 0.10319305470482103, 290: 0.10318100133929334, 300: 0.10256985407979306, 310: 0.10230333239496048, 320: 0.1027205058005616, 330: 0.10235935435581027, 340: 0.10212502572321824, 350: 0.10176822697741268, 360: 0.1015708851770523, 370: 0.10148226089806756, 380: 0.10137908122568409, 390: 0.10164553101438219, 400: 0.10133683933636879, 410: 0.10113478153196272, 420: 0.10116256161347428, 430: 0.10098546029038005, 440: 0.10089068074609667, 450: 0.10094177187007962, 460: 0.10083436916148811, 470: 0.10092251855084536, 480: 0.10051785370006328, 490: 0.10087219016883249, 500: 0.10038866615081585, 510: 0.10070819966868169, 520: 0.10061310407587383, 530: 0.10048759645950675}",500,0.10038866615081585,0.01,0.01,0.01
kin8nm,dropoutFCN,32,0.01,0.0001,"{0: 0.7093000450095601, 10: 0.31344396141035596, 20: 0.22503973149375095, 30: 0.18436666525371054, 40: 0.16316889212455601, 50: 0.15014944539179398, 60: 0.14126427221684915, 70: 0.13404233186186593, 80: 0.12865511769563584, 90: 0.12445831051861948, 100: 0.12089218990192638, 110: 0.11837502191728566, 120: 0.11617338545420837, 130: 0.11432781599325507, 140: 0.11267249262942321, 150: 0.11129890647467408, 160: 0.11036008802612148, 170: 0.10944568328412288, 180: 0.10832140302527724, 190: 0.10763892521784138, 200: 0.1072597522439372, 210: 0.1063045557990587, 220: 0.10572948197691559, 230: 0.10529313598678862, 240: 0.10485789345850789, 250: 0.10455234802318447, 260: 0.10456391192773751, 270: 0.10387261790734852, 280: 0.10377535555381631, 290: 0.10366769607489579, 300: 0.10323479517005263, 310: 0.10310564880385054, 320: 0.10294339700687442, 330: 0.10287309672222515, 340: 0.10264390954988123, 350: 0.10251863025464321, 360: 0.10258606206167253, 370: 0.10239146190824706, 380: 0.10186389621877781, 390: 0.10181446151585036, 400: 0.10171028542563107, 410: 0.10153280376524858, 420: 0.10153656646439682, 430: 0.10128419838553548, 440: 0.10105612358275676, 450: 0.10107760206991553, 460: 0.10105760628598988, 470: 0.1010400784685449, 480: 0.10105984615200139, 490: 0.10040117969098047, 500: 0.10041957666079356, 510: 0.10030231032172843, 520: 0.10049452708342685, 530: 0.1002864159520018, 540: 0.10034086492703491, 550: 0.10019330065705437, 560: 0.10007220827523086, 570: 0.09987856809524863, 580: 0.09977833963342468, 590: 0.0999950989852068, 600: 0.10004148796716224, 610: 0.09958333559835217, 620: 0.09952693005036908, 630: 0.0994315367197223, 640: 0.0995271781217382, 650: 0.09934320256162509, 660: 0.09894801817914418, 670: 0.0990971363093699, 680: 0.09899699914249677, 690: 0.09913148749899606}",660,0.09894801817914418,0.01,0.01,0.005
kin8nm,dropoutFCN,32,0.01,0.0001,"{0: 0.704583259905746, 10: 0.3030031743048289, 20: 0.20827949918237332, 30: 0.17164463656199053, 40: 0.15312772818138562, 50: 0.14108783881485581, 60: 0.13264681853718696, 70: 0.12608180706971006, 80: 0.12104861630112138, 90: 0.11711558172058276, 100: 0.11406897650677902, 110: 0.11152469182896729, 120: 0.1094817668475609, 130: 0.10796964481968488, 140: 0.10670829021101946, 150: 0.10551716204716106, 160: 0.10449415364333384, 170: 0.10377687185390863, 180: 0.1030782479878692, 190: 0.10254170928876186, 200: 0.10202961630616143, 210: 0.10149725354862205, 220: 0.10114493326908805, 230: 0.1008362555088222, 240: 0.10041308529603817, 250: 0.10011579959704839, 260: 0.09983220422567983, 270: 0.09938618683600554, 280: 0.09933357152096019, 290: 0.0991661220582541, 300: 0.09881108482057144, 310: 0.09861823302525899, 320: 0.09869996395983582, 330: 0.09843130074878774, 340: 0.09833571821614999, 350: 0.09820923288619152, 360: 0.09806868691029964, 370: 0.09792965978741316, 380: 0.09777942121012588, 390: 0.09785798864186415, 400: 0.09766303940877692, 410: 0.09758534395043335, 420: 0.09751356223509784, 430: 0.09734515871630973, 440: 0.09749630680156784, 450: 0.09736578540912026, 460: 0.0972416954324951, 470: 0.09722292573622292, 480: 0.09707437189707535, 490: 0.09700919463219634, 500: 0.09675900781580164, 510: 0.09700831236074149, 520: 0.0969071690856037, 530: 0.09675104935296897, 540: 0.09665665515592785, 550: 0.09656864579118266, 560: 0.09653320721591845, 570: 0.09653437756511132, 580: 0.09638096718770559, 590: 0.09630936301463211, 600: 0.09636132107170527, 610: 0.09638230388953294, 620: 0.09626308877377658, 630: 0.09620772941140103, 640: 0.09605723419728357, 650: 0.09607409594820145, 660: 0.09600494942099128, 670: 0.09582860970996414, 680: 0.09603946635443188, 690: 0.09598758021894495, 700: 0.09592033298438203}",670,0.09582860970996414,0.01,0.01,0.001
kin8nm,dropoutFCN,32,0.01,0.0005,"{0: 0.4879051213554719, 10: 0.190864625777619, 20: 0.15896935726758463, 30: 0.14762198756585326, 40: 0.14079436059477324, 50: 0.13889729547473087, 60: 0.13870385301184207, 70: 0.13890291284090944, 80: 0.13767295663022117, 90: 0.13536928802980447, 100: 0.13416774008371443, 110: 0.13493831378042184, 120: 0.13298143499574988, 130: 0.134721525757088, 140: 0.134141860062062, 150: 0.13329863416339485}",120,0.13298143499574988,0.01,0.01,0.2
kin8nm,dropoutFCN,32,0.01,0.0005,"{0: 0.4617065519430388, 10: 0.16798561546509266, 20: 0.14084699993388886, 30: 0.13251644337157703, 40: 0.1283760279830683, 50: 0.12634428371567025, 60: 0.1265138061950931, 70: 0.1245521976771238, 80: 0.12054694149839858, 90: 0.12052563004992065, 100: 0.12152888317687531, 110: 0.12112516229437001, 120: 0.12076367889927034}",90,0.12052563004992065,0.01,0.01,0.1
kin8nm,dropoutFCN,32,0.01,0.0005,"{0: 0.4477897881500327, 10: 0.16012645985409463, 20: 0.13455798793032261, 30: 0.1268626997182184, 40: 0.12215499374155023, 50: 0.11796418174225384, 60: 0.11629341803959518, 70: 0.1188142413401682, 80: 0.11559236085268218, 90: 0.1158967366328745, 100: 0.11564135492930823, 110: 0.11499039801436868, 120: 0.11462666427026753, 130: 0.11399674356445673, 140: 0.11424533108916002, 150: 0.11503922739564709, 160: 0.11385687726795483, 170: 0.11366535519370595, 180: 0.11259741951923177, 190: 0.11235988906813595, 200: 0.1133919261101927, 210: 0.1124894077625305, 220: 0.11180750512119624, 230: 0.11416967400720483, 240: 0.11458661234481685, 250: 0.1114424892623787, 260: 0.11208087702129407, 270: 0.11166692594001178, 280: 0.11203251157954693}",250,0.1114424892623787,0.01,0.01,0.05
kin8nm,dropoutFCN,32,0.01,0.0005,"{0: 0.4517715677736166, 10: 0.1550518214828381, 20: 0.12814525845527103, 30: 0.11778619396233188, 40: 0.11435092331686832, 50: 0.11158691410425667, 60: 0.1115918310411802, 70: 0.10946677189531359, 80: 0.10925596187319808, 90: 0.10860425399989397, 100: 0.10806435370397911, 110: 0.10809760699383889, 120: 0.1083591145624015, 130: 0.10685293395900115, 140: 0.10631940251280943, 150: 0.10562537979535738, 160: 0.1056929506409648, 170: 0.1057597548369112, 180: 0.10605536923606625}",150,0.10562537979535738,0.01,0.01,0.01
kin8nm,dropoutFCN,32,0.01,0.0005,"{0: 0.44068972367314707, 10: 0.15003667890507383, 20: 0.12553376679476252, 30: 0.11533718574056528, 40: 0.11173458271601837, 50: 0.10967526266168952, 60: 0.10872749641616535, 70: 0.10844368818011829, 80: 0.10777642467535856, 90: 0.10587858862660353, 100: 0.10604835831546025, 110: 0.10609727099539845, 120: 0.10638188177043366}",90,0.10587858862660353,0.01,0.01,0.005
kin8nm,dropoutFCN,32,0.01,0.0005,"{0: 0.4394181869427606, 10: 0.15173609831380278, 20: 0.12620442069304044, 30: 0.11716603685082236, 40: 0.11223000528983462, 50: 0.10990586661441867, 60: 0.10779420087095226, 70: 0.10739744439313918, 80: 0.10664825610464428, 90: 0.1061753100139188, 100: 0.10627926023779581, 110: 0.10555737709743959, 120: 0.10509439543162993, 130: 0.10514199311661676, 140: 0.10503564230415245, 150: 0.10525118200594782, 160: 0.10448390894498369, 170: 0.10479233003500084, 180: 0.10454845725113056, 190: 0.10469248401557381}",160,0.10448390894498369,0.01,0.01,0.001
kin8nm,dropoutFCN,32,0.01,0.001,"{0: 0.4092678130004795, 10: 0.16983024830203974, 20: 0.15337384225076522, 30: 0.15192013356875148, 40: 0.14714694768880343, 50: 0.14637544824343945, 60: 0.14510915109576739, 70: 0.14410378064884344, 80: 0.14397808438231974, 90: 0.1446234698384104, 100: 0.14710270636282097, 110: 0.14344970536327542, 120: 0.14261704489385968, 130: 0.143369766100655, 140: 0.1420969772447237, 150: 0.14349992613474033, 160: 0.14424008440439956, 170: 0.14382565848706208}",140,0.1420969772447237,0.01,0.01,0.2
kin8nm,dropoutFCN,32,0.01,0.001,"{0: 0.38928425326670524, 10: 0.1551032946130054, 20: 0.13841200038007126, 30: 0.1359701910515066, 40: 0.13047030219742267, 50: 0.13152409769958692, 60: 0.12789952581405395, 70: 0.1287276855260237, 80: 0.12923763932516225, 90: 0.128819156607984}",60,0.12789952581405395,0.01,0.01,0.1
kin8nm,dropoutFCN,32,0.01,0.001,"{0: 0.36491623570273346, 10: 0.14334897413156317, 20: 0.1293226303771704, 30: 0.1259258748219929, 40: 0.12326939099695675, 50: 0.12115332465539222, 60: 0.1218400122758414, 70: 0.11962296182539507, 80: 0.1217335294015612, 90: 0.12011853144378248, 100: 0.11896521421033661, 110: 0.11867788189952429, 120: 0.11798684090271956, 130: 0.11864462754990086, 140: 0.11811721527880854, 150: 0.1193879680429688}",120,0.11798684090271956,0.01,0.01,0.05
kin8nm,dropoutFCN,32,0.01,0.001,"{0: 0.36505549432276363, 10: 0.13876912896288418, 20: 0.12289569884582381, 30: 0.11841525816418727, 40: 0.1161627147981367, 50: 0.11532222513035414, 60: 0.11312680123310667, 70: 0.11348491453044082, 80: 0.11350832412210592, 90: 0.1133320289901392}",60,0.11312680123310667,0.01,0.01,0.01
kin8nm,dropoutFCN,32,0.01,0.001,"{0: 0.3735831749483456, 10: 0.13644452820374292, 20: 0.12140156201685473, 30: 0.11819607332535456, 40: 0.1147290222442563, 50: 0.11297946208865924, 60: 0.11223878015379336, 70: 0.11233522943428256, 80: 0.10995031809400553, 90: 0.11030569335290637, 100: 0.11057487508608488, 110: 0.10971562684881528, 120: 0.10863162120013421, 130: 0.10801670642669645, 140: 0.10783085000451924, 150: 0.10737738433572044, 160: 0.10785201427310158, 170: 0.10746127940123791, 180: 0.10723571132721224, 190: 0.10703461866556693, 200: 0.1073619437501192, 210: 0.10629335470703198, 220: 0.10672063220837716, 230: 0.10701258205642343, 240: 0.10712192338830455}",210,0.10629335470703198,0.01,0.01,0.005
kin8nm,dropoutFCN,32,0.01,0.001,"{0: 0.36012123931823825, 10: 0.13398475235112478, 20: 0.12036820903460621, 30: 0.11609681673405867, 40: 0.11371385397815408, 50: 0.11125187636022342, 60: 0.10963811997769919, 70: 0.10926886156136026, 80: 0.10908748874653354, 90: 0.10889381128405788, 100: 0.10803267757052762, 110: 0.10774894455667472, 120: 0.10763046157763814, 130: 0.10744967261747837, 140: 0.10704871483718885, 150: 0.10672602604547306, 160: 0.10685851755760627, 170: 0.10688543046858393, 180: 0.10653384252799361, 190: 0.10641344512907633, 200: 0.1060805872720956, 210: 0.10618065017023681, 220: 0.10620594724848882, 230: 0.10642348175638042}",200,0.1060805872720956,0.01,0.01,0.001
kin8nm,dropoutFCN,32,0.01,0.002,"{0: 0.3435440105950056, 10: 0.1689329055082423, 20: 0.1552914866423587, 30: 0.15183807466514807, 40: 0.151806812374298, 50: 0.15256275642075123, 60: 0.15110379087959386, 70: 0.15207067941382535, 80: 0.1500069019482331, 90: 0.1500444174469506, 100: 0.14899083120847717, 110: 0.1508914710470009, 120: 0.15169349354249687, 130: 0.1485353707622615, 140: 0.15159960088936236, 150: 0.15229034685943005, 160: 0.15143010785204009}",130,0.1485353707622615,0.01,0.01,0.2
kin8nm,dropoutFCN,32,0.01,0.002,"{0: 0.31491350174193145, 10: 0.1579246768926025, 20: 0.14606422073636877, 30: 0.1437336154564922, 40: 0.14047875692603898, 50: 0.13936527706005347, 60: 0.13909075957611247, 70: 0.1404799876188724, 80: 0.13858916236867236, 90: 0.13707025460009054, 100: 0.13593995232352815, 110: 0.1373956073970287, 120: 0.13659431933157073, 130: 0.14082502198304434}",100,0.13593995232352815,0.01,0.01,0.1
kin8nm,dropoutFCN,32,0.01,0.002,"{0: 0.30004515762377443, 10: 0.14490288720659614, 20: 0.13573499165148656, 30: 0.13388890075980747, 40: 0.13037993727367775, 50: 0.1299047543741026, 60: 0.12780351491708694, 70: 0.12730883288098965, 80: 0.12895771836162215, 90: 0.1271804333700327, 100: 0.12757823091649345, 110: 0.12733334426966203, 120: 0.1284662730956657}",90,0.1271804333700327,0.01,0.01,0.05
kin8nm,dropoutFCN,32,0.01,0.002,"{0: 0.29187648447680115, 10: 0.1401246900329925, 20: 0.12822279416394003, 30: 0.124778832144174, 40: 0.12088716468913327, 50: 0.12085739745477253, 60: 0.11974580826321819, 70: 0.11837051204475857, 80: 0.11746945237206843, 90: 0.11840979085371969, 100: 0.1166907995680104, 110: 0.1187762334204844, 120: 0.11741973935457761, 130: 0.11702461599556253}",100,0.1166907995680104,0.01,0.01,0.01
kin8nm,dropoutFCN,32,0.01,0.002,"{0: 0.297132867752106, 10: 0.13919570722482522, 20: 0.1257003026978493, 30: 0.12076395551403366, 40: 0.1188548629899425, 50: 0.116435950630669, 60: 0.11548760061090757, 70: 0.11540978332192608, 80: 0.11279241188090809, 90: 0.11351049442646954, 100: 0.11279574218999713, 110: 0.11185304900523382, 120: 0.11234810198051685, 130: 0.11339696682764484, 140: 0.11339910994517259}",110,0.11185304900523382,0.01,0.01,0.005
kin8nm,dropoutFCN,32,0.01,0.002,"{0: 0.28921196817976924, 10: 0.13637214310559345, 20: 0.12341828089615577, 30: 0.11958698577986912, 40: 0.11851036427931243, 50: 0.11539451003034387, 60: 0.11464585314138484, 70: 0.11481413580454809, 80: 0.11422698274460172, 90: 0.11347058373417104, 100: 0.11369564424032733, 110: 0.11299342593357768, 120: 0.1128765489430065, 130: 0.11311077505340394, 140: 0.11273103188372816, 150: 0.11169760353982931, 160: 0.11229586267323674, 170: 0.1114611688759433, 180: 0.11272153244572929, 190: 0.11172755594433068, 200: 0.11140482630365593, 210: 0.11158824607345282, 220: 0.11134174757093818, 230: 0.11046816717806059, 240: 0.1110063910841683, 250: 0.11073827305695857, 260: 0.10998876550375387, 270: 0.11059348620759232, 280: 0.11028226554920954, 290: 0.11057196685409029}",260,0.10998876550375387,0.01,0.01,0.001
kin8nm,dropoutFCN,32,0.001,0.0001,"{0: 0.7458554051515744, 10: 0.35197898872540395, 20: 0.2592105935365856, 30: 0.2125067081608274, 40: 0.18689929500635122, 50: 0.1693157085031171, 60: 0.15590260288983898, 70: 0.14668461601740276, 80: 0.13882064436555847, 90: 0.1326361206647757, 100: 0.1268162569058843, 110: 0.12247713528000906, 120: 0.11962403343989872, 130: 0.11634958510655073, 140: 0.11335737189623689, 150: 0.11051306882910128, 160: 0.10894823285581554, 170: 0.10687723126219499, 180: 0.1049642514349548, 190: 0.10394123623964927, 200: 0.10193513418292985, 210: 0.10046370361220054, 220: 0.10030887200326406, 230: 0.09871061834659274, 240: 0.09802541124882035, 250: 0.09688542190777175, 260: 0.09667141928917872, 270: 0.09473903392577353, 280: 0.09457998421314669, 290: 0.09355908907764723, 300: 0.09211668017104858, 310: 0.09271139068074155, 320: 0.09189785000537518, 330: 0.09100958443550747, 340: 0.0910002330671842, 350: 0.0900960118990664, 360: 0.08985337595889614, 370: 0.08919307786356837, 380: 0.08943020479147157, 390: 0.08890593913010034, 400: 0.08880012987687527, 410: 0.08759691169227682, 420: 0.08803707913593488, 430: 0.08814981917288353, 440: 0.08710357640109413, 450: 0.08640541012202033, 460: 0.0868813165714145, 470: 0.08661481943355723, 480: 0.08707079696932818}",450,0.08640541012202033,0.01,0.01,0.2
kin8nm,dropoutFCN,32,0.001,0.0001,"{0: 0.707144604939513, 10: 0.3127784099132523, 20: 0.22526436693196739, 30: 0.18514397585200976, 40: 0.16290183491694726, 50: 0.14684974944695256, 60: 0.13570258779139815, 70: 0.12595253152709673, 80: 0.12000536025931119, 90: 0.11394473087131092, 100: 0.10890963526036097, 110: 0.10484060353635002, 120: 0.10261255694751484, 130: 0.09913613413028717, 140: 0.09742402477667336, 150: 0.09449075808972643, 160: 0.0930037990918875, 170: 0.0916433319037602, 180: 0.09084807326463983, 190: 0.0890058714876055, 200: 0.08814764228174869, 210: 0.08777544772933818, 220: 0.08650698346648296, 230: 0.08561216241051238, 240: 0.08415738718502827, 250: 0.08369966896000472, 260: 0.08368714118334716, 270: 0.08289117962941636, 280: 0.0821462305580799, 290: 0.08205135525975601, 300: 0.08074803705956526, 310: 0.08107628462488534, 320: 0.08053347889672588, 330: 0.08020115585256846, 340: 0.0797548763042684, 350: 0.07954713829568634, 360: 0.07933496538758485, 370: 0.07856415984267781, 380: 0.07790637055412097, 390: 0.07792264458166978, 400: 0.0783690904369692, 410: 0.07738690042471207, 420: 0.0780278826089544, 430: 0.07732215535645419, 440: 0.07660301477526169, 450: 0.07742564144334206, 460: 0.07617279104523547, 470: 0.07654735473805883, 480: 0.07621624899217949, 490: 0.07613380585423167, 500: 0.07510157019249235, 510: 0.07594226859222969, 520: 0.07531151326012395, 530: 0.07551365669001334}",500,0.07510157019249235,0.01,0.01,0.1
kin8nm,dropoutFCN,32,0.001,0.0001,"{0: 0.7034750542852892, 10: 0.29430477431278085, 20: 0.20224865720150192, 30: 0.16456571894064245, 40: 0.14248128476481742, 50: 0.12788257040576712, 60: 0.11774674002268634, 70: 0.11041914208007168, 80: 0.10501111827653345, 90: 0.0999694901274276, 100: 0.09717061107868999, 110: 0.09388132741505079, 120: 0.09122295055688585, 130: 0.08950713086561783, 140: 0.08780640819977603, 150: 0.08597034127216882, 160: 0.0844414156344329, 170: 0.08395818160451993, 180: 0.0816295391154454, 190: 0.08151248199380953, 200: 0.0805153606952449, 210: 0.0801158654242479, 220: 0.0790773127010861, 230: 0.07890015051687263, 240: 0.07852309114084303, 250: 0.07732439021883952, 260: 0.07693980852771622, 270: 0.07668441460247595, 280: 0.07600148716936779, 290: 0.07561042915591895, 300: 0.07526712977506897, 310: 0.07605985461367375, 320: 0.07561181846674096, 330: 0.07435917414866038, 340: 0.07416617150026375, 350: 0.07361367754426791, 360: 0.07358820744780045, 370: 0.07291312399507331, 380: 0.07379757243025821, 390: 0.07318430861834493, 400: 0.07339954899744106}",370,0.07291312399507331,0.01,0.01,0.05
kin8nm,dropoutFCN,32,0.001,0.0001,"{0: 0.7072031795118598, 10: 0.28859784309200714, 20: 0.1979037921904196, 30: 0.1603965556267549, 40: 0.13935374084042823, 50: 0.12500373349023636, 60: 0.11524988273282213, 70: 0.10795338806062107, 80: 0.10250986577457981, 90: 0.09853909914445916, 100: 0.09469960307514932, 110: 0.09221976610562818, 120: 0.0901638779586955, 130: 0.08812984331073562, 140: 0.08620556538110816, 150: 0.08534217613660493, 160: 0.08394934826677904, 170: 0.0828571979578859, 180: 0.08184031001742856, 190: 0.08060624178962592, 200: 0.08042666925940484, 210: 0.08016832408128702, 220: 0.07948916355014848, 230: 0.07833757324234535, 240: 0.07821523231056152, 250: 0.07726446963565867, 260: 0.0774006505256125, 270: 0.07720833104125516, 280: 0.07732442589991081, 290: 0.07668606547092467, 300: 0.07589998746292961, 310: 0.07610864738191557, 320: 0.07557286856131135, 330: 0.07509865269979497, 340: 0.07450680451178043, 350: 0.0745280821468286, 360: 0.07483160805722357, 370: 0.07387165304217946, 380: 0.07365873023589697, 390: 0.07378784562739686, 400: 0.07441368838809063, 410: 0.07332173782441616, 420: 0.07345741504471845, 430: 0.07379363321441827, 440: 0.07353024860705897}",410,0.07332173782441616,0.01,0.01,0.01
kin8nm,dropoutFCN,32,0.001,0.0001,"{0: 0.690247708370686, 10: 0.2919111451181401, 20: 0.19951096787901154, 30: 0.16112870431582998, 40: 0.1389586481525704, 50: 0.12413989030819106, 60: 0.11369986803812655, 70: 0.10598894543456563, 80: 0.10112710000750888, 90: 0.09679080178417758, 100: 0.09400520840546325, 110: 0.0904522587295179, 120: 0.08888141713801634, 130: 0.08717554771382743, 140: 0.08560201320173688, 150: 0.08432665078597146, 160: 0.08331167540220087, 170: 0.0826755332876992, 180: 0.08128801105085037, 190: 0.08132514978891227, 200: 0.0801173235437285, 210: 0.08022667389409144, 220: 0.0792068478317024, 230: 0.07888269798172069, 240: 0.07883858383237216, 250: 0.0784421917605017, 260: 0.07778406444909204, 270: 0.07720831968574624, 280: 0.07762624033553367, 290: 0.07713931014441869, 300: 0.07694892655865564, 310: 0.0766822196680089, 320: 0.07642627791447543, 330: 0.07622706550549638, 340: 0.07517111927700638, 350: 0.07597495183437329, 360: 0.07578626629008196, 370: 0.07574145278774395}",340,0.07517111927700638,0.01,0.01,0.005
kin8nm,dropoutFCN,32,0.001,0.0001,"{0: 0.6947558854245492, 10: 0.2755652910116925, 20: 0.18812622531674544, 30: 0.15259989386470332, 40: 0.13178832540186347, 50: 0.11848318036575478, 60: 0.10886020573653302, 70: 0.10179754534817997, 80: 0.09681667673016606, 90: 0.09296609934405445, 100: 0.09023507046093451, 110: 0.0878148699254541, 120: 0.08601229643001056, 130: 0.0847823303933244, 140: 0.08332229733285763, 150: 0.08277849499424597, 160: 0.08161571192230069, 170: 0.08092104089571867, 180: 0.0803604937754491, 190: 0.0797665678326542, 200: 0.07938758811191485, 210: 0.07904958798081171, 220: 0.07853755375323541, 230: 0.07808188115010586, 240: 0.07796296709441132, 250: 0.07794257692237526, 260: 0.07747239036268086, 270: 0.07718620342875908, 280: 0.07678600794780291, 290: 0.07675135538663788, 300: 0.07655970028107052, 310: 0.07607731404769692, 320: 0.0763107883569011, 330: 0.07612993340534371, 340: 0.07588160611321423, 350: 0.07571302166289327, 360: 0.07580875148328976, 370: 0.07544943241591015, 380: 0.075355817961759, 390: 0.07523228538737688, 400: 0.07517739828947148, 410: 0.07460129537380497, 420: 0.07478331957502704, 430: 0.07463876407192307, 440: 0.07488051976286629}",410,0.07460129537380497,0.01,0.01,0.001
kin8nm,dropoutFCN,32,0.001,0.0005,"{0: 0.4743277136454761, 10: 0.17205084417944985, 20: 0.12946646972427234, 30: 0.11416665302609263, 40: 0.10430655953517329, 50: 0.10103699414905103, 60: 0.0991356608353002, 70: 0.09571211509928763, 80: 0.09092339798736604, 90: 0.09168020639455837, 100: 0.0911218145446822, 110: 0.08997991658738738, 120: 0.0878021843764782, 130: 0.08766780672624978, 140: 0.08824269093270934, 150: 0.08704121981937112, 160: 0.0870834420956075, 170: 0.08809918208323717, 180: 0.08763320119926941}",150,0.08704121981937112,0.01,0.01,0.2
kin8nm,dropoutFCN,32,0.001,0.0005,"{0: 0.4424884136912208, 10: 0.1442928554020754, 20: 0.10904443507937134, 30: 0.09815383761166957, 40: 0.0931010450556634, 50: 0.08903009175858102, 60: 0.0863188073256749, 70: 0.0831681201415155, 80: 0.08307785637915102, 90: 0.08203681117007776, 100: 0.08118466314900419, 110: 0.07974895504729679, 120: 0.07929883013161247, 130: 0.07873474800281756, 140: 0.07848206972067533, 150: 0.07948993102442788, 160: 0.07881117155817259, 170: 0.08026455701255339}",140,0.07848206972067533,0.01,0.01,0.1
kin8nm,dropoutFCN,32,0.001,0.0005,"{0: 0.4342116069671535, 10: 0.138140156776628, 20: 0.10551733154578598, 30: 0.0946805994217009, 40: 0.089501911384347, 50: 0.08639557157966855, 60: 0.08598522479900224, 70: 0.08347937741659377, 80: 0.07869499351556002, 90: 0.07992078309228412, 100: 0.07913976427034751, 110: 0.07824253212857184, 120: 0.07914119633553549, 130: 0.08032350157078924, 140: 0.07792960312752403, 150: 0.07794018358662433, 160: 0.07811980212883926, 170: 0.07902294567715903}",140,0.07792960312752403,0.01,0.01,0.05
kin8nm,dropoutFCN,32,0.001,0.0005,"{0: 0.43433940896733675, 10: 0.12712150549755824, 20: 0.09802097284827901, 30: 0.08993700456716198, 40: 0.08500005616325143, 50: 0.08250492791317955, 60: 0.07981516658754129, 70: 0.07916079243741393, 80: 0.07779563051856367, 90: 0.07845471656193512, 100: 0.07711250894652534, 110: 0.07683746823262191, 120: 0.07554327854206053, 130: 0.07707058940202069, 140: 0.07517609720261068, 150: 0.07592937200135133, 160: 0.07607538401959238, 170: 0.07488684002007813, 180: 0.07534586252940213, 190: 0.07632872032070279, 200: 0.0742588063416653, 210: 0.0737523635408808, 220: 0.07517751798186421, 230: 0.07524510957154854, 240: 0.07449000221871864}",210,0.0737523635408808,0.01,0.01,0.01
kin8nm,dropoutFCN,32,0.001,0.0005,"{0: 0.4192147111755437, 10: 0.1210088372685666, 20: 0.0962621284311643, 30: 0.08936542713115143, 40: 0.08538021704277308, 50: 0.08340590443889126, 60: 0.08067015762325902, 70: 0.08109236382177445, 80: 0.08003398516297436, 90: 0.08013842647393464, 100: 0.07932395956579341, 110: 0.07809689231821272, 120: 0.07965802983326989, 130: 0.07876486107253153, 140: 0.07779129475133549, 150: 0.07726532845992239, 160: 0.07726670025667104, 170: 0.07694335403901843, 180: 0.07638649929749178, 190: 0.07633325155709395, 200: 0.07481853583959139, 210: 0.07639402049069353, 220: 0.0752802990619545, 230: 0.07516251553228195}",200,0.07481853583959139,0.01,0.01,0.005
kin8nm,dropoutFCN,32,0.001,0.0005,"{0: 0.4257379406905325, 10: 0.1226393458739335, 20: 0.09741546578184676, 30: 0.09031465633438165, 40: 0.0864947195134653, 50: 0.08415008755920882, 60: 0.08223767053720296, 70: 0.08132012896894532, 80: 0.08044521359544199, 90: 0.07975181484001977, 100: 0.07900197994024367, 110: 0.07930587822185019, 120: 0.07869387885514943, 130: 0.07794006480345397, 140: 0.07831354017286767, 150: 0.07795659549427643, 160: 0.07771526733437621, 170: 0.07644574320258148, 180: 0.07838190576789665, 190: 0.07664330861169066, 200: 0.07711548166316419}",170,0.07644574320258148,0.01,0.01,0.001
kin8nm,dropoutFCN,32,0.001,0.001,"{0: 0.39836633868420523, 10: 0.13302219452277636, 20: 0.11371328763605333, 30: 0.10720448364707749, 40: 0.09767873168671706, 50: 0.098859556093848, 60: 0.0960120931976611, 70: 0.09550795125400176, 80: 0.0949904892700721, 90: 0.09071905964996325, 100: 0.09234575470694309, 110: 0.09526912659268186, 120: 0.09101007860061269}",90,0.09071905964996325,0.01,0.01,0.2
kin8nm,dropoutFCN,32,0.001,0.001,"{0: 0.3798694806737156, 10: 0.12434713981079996, 20: 0.10086792366495652, 30: 0.09331781359449151, 40: 0.09264970580969153, 50: 0.08891607952125659, 60: 0.08529982303543988, 70: 0.08353142789550476, 80: 0.08213631511101835, 90: 0.08422376053510376, 100: 0.08164632554887824, 110: 0.0812345084116287, 120: 0.08178388805196588, 130: 0.08163806521899264, 140: 0.08373009189423922}",110,0.0812345084116287,0.01,0.01,0.1
kin8nm,dropoutFCN,32,0.001,0.001,"{0: 0.3500929609061353, 10: 0.10782906991896808, 20: 0.0944783341784, 30: 0.09046941048352294, 40: 0.08574669495578695, 50: 0.0842101136091733, 60: 0.07935333326043673, 70: 0.08175492503363482, 80: 0.0777080268487208, 90: 0.078466163686944, 100: 0.07940801016191816, 110: 0.0785667745597593}",80,0.0777080268487208,0.01,0.01,0.05
kin8nm,dropoutFCN,32,0.001,0.001,"{0: 0.3394383389118198, 10: 0.10277674613114755, 20: 0.08666407567858657, 30: 0.08534906898893382, 40: 0.0828016880245748, 50: 0.0808667668750889, 60: 0.07804573365860049, 70: 0.08038122227303178, 80: 0.07812200088491045, 90: 0.07716811042621229, 100: 0.07697345591996127, 110: 0.07836183891341275, 120: 0.07668531927206253, 130: 0.07668883307088929, 140: 0.077543395455482, 150: 0.07589199071773048, 160: 0.07522339965220552, 170: 0.07649113595907713, 180: 0.07498781608375756, 190: 0.07630055343397076, 200: 0.07535635787206427, 210: 0.07603871541421253}",180,0.07498781608375756,0.01,0.01,0.01
kin8nm,dropoutFCN,32,0.001,0.001,"{0: 0.3360020109260425, 10: 0.10381052138853582, 20: 0.09061584567297422, 30: 0.08571445827326987, 40: 0.08220593816833298, 50: 0.08092376058694684, 60: 0.0807302791713289, 70: 0.08043029178610332, 80: 0.07874607417905118, 90: 0.07943179892670753, 100: 0.07753177839584906, 110: 0.07835830634694564, 120: 0.07868611213558643, 130: 0.07620227656320273, 140: 0.07721760091334216, 150: 0.07788725180956138, 160: 0.0792895466547465}",130,0.07620227656320273,0.01,0.01,0.005
kin8nm,dropoutFCN,32,0.001,0.001,"{0: 0.33631229047170585, 10: 0.10328129776256989, 20: 0.09418528425408383, 30: 0.09072564767851078, 40: 0.0848685161425062, 50: 0.08386086991024187, 60: 0.08216771479854751, 70: 0.08286683034235803, 80: 0.08009293809498673, 90: 0.07942114880851323, 100: 0.07899914291255691, 110: 0.07906540833740056, 120: 0.07835100048015033, 130: 0.07878137119060734, 140: 0.07912357369142453, 150: 0.07808093703618399, 160: 0.07825163732889312, 170: 0.07758977538101144, 180: 0.07749285381309222, 190: 0.07753920718312486, 200: 0.07743258426220118, 210: 0.07650277173144447, 220: 0.07787403641830123, 230: 0.07715239226361699, 240: 0.07782248238101591}",210,0.07650277173144447,0.01,0.01,0.001
kin8nm,dropoutFCN,32,0.001,0.002,"{0: 0.32875797025022807, 10: 0.12183585896960072, 20: 0.11193974815339806, 30: 0.1069621077010994, 40: 0.10402511098774177, 50: 0.10279412964601857, 60: 0.10229407425779584, 70: 0.10248486305839921, 80: 0.10008301143066375, 90: 0.09992375634255306, 100: 0.10201217821920891, 110: 0.09986419570117624, 120: 0.10209819847498094, 130: 0.10588153301573852, 140: 0.09852243767470145, 150: 0.10240969216793436, 160: 0.10106882931174917, 170: 0.09587664845031288, 180: 0.10151580420985033, 190: 0.1021284850449646, 200: 0.09836477817627012}",170,0.09587664845031288,0.01,0.01,0.2
kin8nm,dropoutFCN,32,0.001,0.002,"{0: 0.2959938568070406, 10: 0.11377485099991869, 20: 0.10104102660099781, 30: 0.09490007661263451, 40: 0.09404492077618484, 50: 0.09255808887735266, 60: 0.09079106602275036, 70: 0.09173307490744136, 80: 0.09427440220175562, 90: 0.09134944617155306}",60,0.09079106602275036,0.01,0.01,0.1
kin8nm,dropoutFCN,32,0.001,0.002,"{0: 0.27691896274440053, 10: 0.10260011274134151, 20: 0.09272441032786727, 30: 0.09065733928898159, 40: 0.08635600503069993, 50: 0.08915433199029084, 60: 0.08706329833689366, 70: 0.09139595393220265}",40,0.08635600503069993,0.01,0.01,0.05
kin8nm,dropoutFCN,32,0.001,0.002,"{0: 0.2703947035186939, 10: 0.10278057448226925, 20: 0.09546559335907759, 30: 0.0889652356757829, 40: 0.08600218690327693, 50: 0.08347766829796056, 60: 0.08525615746870577, 70: 0.08704345126262536, 80: 0.08595035208470778}",50,0.08347766829796056,0.01,0.01,0.01
kin8nm,dropoutFCN,32,0.001,0.002,"{0: 0.26308912003666274, 10: 0.10303585136801474, 20: 0.08993069467178802, 30: 0.0887055484855335, 40: 0.08696428712292152, 50: 0.0857094412773929, 60: 0.08362203796902869, 70: 0.085899529348712, 80: 0.0842880174442701, 90: 0.08357070815758007, 100: 0.08400708362114376, 110: 0.08247974381453203, 120: 0.0840790320951858, 130: 0.08174541421964607, 140: 0.08115533868787607, 150: 0.08213573134992516, 160: 0.08249865985082375, 170: 0.08193464329548836}",140,0.08115533868787607,0.01,0.01,0.005
kin8nm,dropoutFCN,32,0.001,0.002,"{0: 0.27156311637407804, 10: 0.1027396319026738, 20: 0.09348986551910721, 30: 0.09182968841915928, 40: 0.09153538049405117, 50: 0.09132340874447895, 60: 0.08875355557934755, 70: 0.08525081518582465, 80: 0.08580601862720441, 90: 0.08329325152457526, 100: 0.08284292760682671, 110: 0.08251778872491665, 120: 0.0825832039026458, 130: 0.08155118387580003, 140: 0.08203968862454777, 150: 0.08127517506910052, 160: 0.08188701001339563, 170: 0.08198320991812333, 180: 0.08138910687836161}",150,0.08127517506910052,0.01,0.01,0.001
kin8nm,dropoutFCN,32,0.0001,0.0001,"{0: 0.7370348272145719, 10: 0.3582601014746501, 20: 0.26480022245655277, 30: 0.21785145218140262, 40: 0.19111354687164878, 50: 0.17149877617016068, 60: 0.1580284683292092, 70: 0.14705713155822964, 80: 0.13869795130457252, 90: 0.13137728534676754, 100: 0.12555031916706733, 110: 0.12135114232686584, 120: 0.11715356671088646, 130: 0.11333639682226353, 140: 0.10983213036949961, 150: 0.10813706393044328, 160: 0.10570003217732349, 170: 0.10528774550631288, 180: 0.10171614362959128, 190: 0.10134491025418643, 200: 0.09962457422239142, 210: 0.09834736880200565, 220: 0.0968232157276375, 230: 0.09553944567734665, 240: 0.09486331896365022, 250: 0.09398516273035173, 260: 0.09239453286847481, 270: 0.09205337355939602, 280: 0.09080960223256111, 290: 0.0903368894122202, 300: 0.09000688587029483, 310: 0.08986652899437092, 320: 0.08859377748754452, 330: 0.08920269039065995, 340: 0.08740909852884393, 350: 0.0872390348646627, 360: 0.08690448085349801, 370: 0.08679634793980467, 380: 0.08548485541372444, 390: 0.08561370662058174, 400: 0.08570772680241603, 410: 0.08488286727699428, 420: 0.0843527814118026, 430: 0.08411714272638002, 440: 0.08395612380781473, 450: 0.08413399679690985, 460: 0.08309598233602608, 470: 0.08371328061041536, 480: 0.08293086485437676, 490: 0.08277161284580205, 500: 0.08242406262385017, 510: 0.08200766431446618, 520: 0.08191862922877653, 530: 0.08250863499538195, 540: 0.08117123873405394, 550: 0.08119540405705027, 560: 0.08131026695740913, 570: 0.0817145183884362}",540,0.08117123873405394,0.01,0.01,0.2
kin8nm,dropoutFCN,32,0.0001,0.0001,"{0: 0.7127458371235442, 10: 0.3260154496459366, 20: 0.23100001019834043, 30: 0.1866114751858501, 40: 0.16149680116842186, 50: 0.143497632845427, 60: 0.13194026970332548, 70: 0.12298787889936331, 80: 0.11612588073940229, 90: 0.11029604883366, 100: 0.10567293014757498, 110: 0.10216513485431014, 120: 0.09970031214909947, 130: 0.09738121694533042, 140: 0.0954636103016343, 150: 0.0937599422720002, 160: 0.09259536509757396, 170: 0.0910988933223011, 180: 0.09000201967954163, 190: 0.08850033659899383, 200: 0.08771517125548119, 210: 0.08687104372727569, 220: 0.08508654380866447, 230: 0.08523572132750323, 240: 0.08396771956533448, 250: 0.08497149669975894, 260: 0.08268566627290692, 270: 0.08248617389726183, 280: 0.08152233954978912, 290: 0.08111248371660328, 300: 0.08087291830080998, 310: 0.0805031778887759, 320: 0.08029539169059112, 330: 0.07895059206636376, 340: 0.07866729819237932, 350: 0.0784321520202726, 360: 0.07802838352996676, 370: 0.07810809945417127, 380: 0.07774304906098754, 390: 0.07730833057621198, 400: 0.07715093043614103, 410: 0.07742961013667414, 420: 0.07629060379033945, 430: 0.07708249279212571, 440: 0.07696490361127296, 450: 0.07685765628150933}",420,0.07629060379033945,0.01,0.01,0.1
kin8nm,dropoutFCN,32,0.0001,0.0001,"{0: 0.6941019174766401, 10: 0.3073331258067295, 20: 0.20997510810024317, 30: 0.16961446907657024, 40: 0.14593844191935212, 50: 0.1307229489532158, 60: 0.11899905111570348, 70: 0.11051386171170732, 80: 0.10442180376431369, 90: 0.09977396234049939, 100: 0.09570684526852705, 110: 0.09343307528956526, 120: 0.09181504831378585, 130: 0.08921643702332707, 140: 0.08734688382492721, 150: 0.08578223393560645, 160: 0.08388057666220894, 170: 0.08354791115255884, 180: 0.0821576369800118, 190: 0.08180287616076426, 200: 0.08084235194125608, 210: 0.07912772312424136, 220: 0.07984307285262912, 230: 0.07940318670335719, 240: 0.07878809900872666, 250: 0.07788499756655613, 260: 0.07823226125701895, 270: 0.07659467480193402, 280: 0.07640564497079605, 290: 0.07568867663092725, 300: 0.07551305333527922, 310: 0.07518198579570266, 320: 0.07480267413941627, 330: 0.07448497320092048, 340: 0.07475395830427384, 350: 0.07428876775589385, 360: 0.07368409091208646, 370: 0.07380760023597613, 380: 0.072991574169686, 390: 0.07358369076115363, 400: 0.07292995448152324, 410: 0.07372156184184912, 420: 0.07228315780848496, 430: 0.07327586526141562, 440: 0.07246861149771326, 450: 0.07270586662003438}",420,0.07228315780848496,0.01,0.01,0.05
kin8nm,dropoutFCN,32,0.0001,0.0001,"{0: 0.6865138991681214, 10: 0.27428593756609876, 20: 0.18707574158019674, 30: 0.15418799684327547, 40: 0.13477618906028047, 50: 0.12128763571332372, 60: 0.11159322523287632, 70: 0.1050911832397849, 80: 0.09946595618832912, 90: 0.09583581418321843, 100: 0.09285127714482555, 110: 0.09020712252656074, 120: 0.08845906325538694, 130: 0.08678423211456672, 140: 0.08491545128609475, 150: 0.08417123733329723, 160: 0.08292971037705801, 170: 0.0823357774945645, 180: 0.08151952362267881, 190: 0.08056937435709638, 200: 0.07984344128842735, 210: 0.08016009398113491, 220: 0.07956561928373691, 230: 0.0789365655332048, 240: 0.0787817689813721, 250: 0.07790345853280675, 260: 0.07779691263031352, 270: 0.07738686958354343, 280: 0.0774458881782977, 290: 0.0776599179766492, 300: 0.07746295042535417}",270,0.07738686958354343,0.01,0.01,0.01
kin8nm,dropoutFCN,32,0.0001,0.0001,"{0: 0.6893066107909562, 10: 0.2862995522367163, 20: 0.18952177597208303, 30: 0.15362808290244007, 40: 0.13307346605356243, 50: 0.11904975415507324, 60: 0.1096429244279459, 70: 0.10248941785055266, 80: 0.09784553504147357, 90: 0.09428221685339841, 100: 0.09179892922582332, 110: 0.08995650419108134, 120: 0.08809996601952406, 130: 0.08576317125922435, 140: 0.08522794215892375, 150: 0.08369363016872096, 160: 0.08325787326036513, 170: 0.08180706460725416, 180: 0.0823868337468195, 190: 0.08152914346920179, 200: 0.08088066482790221, 210: 0.08057961821967878, 220: 0.07996010713231656, 230: 0.07976931947654244, 240: 0.07988181014168869, 250: 0.07991853867906666, 260: 0.0796011326458512, 270: 0.0790358058636419, 280: 0.07908326482466163, 290: 0.07904303979618585, 300: 0.07959157894878019}",270,0.0790358058636419,0.01,0.01,0.005
kin8nm,dropoutFCN,32,0.0001,0.0001,"{0: 0.7001127788701463, 10: 0.2881218405019115, 20: 0.1896245235295297, 30: 0.1519966887922552, 40: 0.13139607557436375, 50: 0.11818903341651384, 60: 0.10909183121843306, 70: 0.10293107292471046, 80: 0.09831651620704844, 90: 0.09502052068418101, 100: 0.09236341247157717, 110: 0.0899451797011263, 120: 0.0885458699173749, 130: 0.08669036110976067, 140: 0.08541141454035729, 150: 0.08435089445959369, 160: 0.0834572861386185, 170: 0.08249295685909072, 180: 0.0822690097370655, 190: 0.08121546965685397, 200: 0.08103105507457387, 210: 0.08052417545074383, 220: 0.08038069333548589, 230: 0.07968970837581231, 240: 0.07935545205817632, 250: 0.07953502052946933, 260: 0.07925184878364365, 270: 0.0787725409976491, 280: 0.07867428930660803, 290: 0.07841255077367543, 300: 0.0784720847888261, 310: 0.07822277174644747, 320: 0.07779407077228132, 330: 0.07785814321933714, 340: 0.0780476331486293, 350: 0.07807920011710279}",320,0.07779407077228132,0.01,0.01,0.001
kin8nm,dropoutFCN,32,0.0001,0.0005,"{0: 0.4642063012587185, 10: 0.16666920329696344, 20: 0.12412327636854421, 30: 0.11074271938696256, 40: 0.10153354125072873, 50: 0.09767789204415422, 60: 0.09433978536031218, 70: 0.0916133362565994, 80: 0.08892253606360492, 90: 0.08754882400576569, 100: 0.08555621488864106, 110: 0.08653298368571741, 120: 0.08482578858842416, 130: 0.08498657456768569, 140: 0.08424247111186899, 150: 0.08293320870410373, 160: 0.08107548975020677, 170: 0.08146332868427958, 180: 0.08076780046166557, 190: 0.0816942868822719, 200: 0.0810164569367742, 210: 0.08022177517240736, 220: 0.08117766042917943, 230: 0.0814272975778442, 240: 0.08157860737195068}",210,0.08022177517240736,0.01,0.01,0.2
kin8nm,dropoutFCN,32,0.0001,0.0005,"{0: 0.45254654044790643, 10: 0.1402423005465727, 20: 0.10852891351320279, 30: 0.09993721383545477, 40: 0.09062462173050605, 50: 0.08771203131428848, 60: 0.0849621853904112, 70: 0.08298279455759368, 80: 0.0821938532521957, 90: 0.07909927365929509, 100: 0.08063813047107468, 110: 0.07950514050047906, 120: 0.07825762256055979, 130: 0.07767940168795204, 140: 0.07759660365982493, 150: 0.07778419520340071, 160: 0.07803632466571746, 170: 0.07775668876100665}",140,0.07759660365982493,0.01,0.01,0.1
kin8nm,dropoutFCN,32,0.0001,0.0005,"{0: 0.43667446666646753, 10: 0.13578029718064988, 20: 0.10417509296800334, 30: 0.09429837982663464, 40: 0.08786061502743178, 50: 0.08347904490533377, 60: 0.08128475282896952, 70: 0.08245264909120008, 80: 0.0810960788520307, 90: 0.07941398812055382, 100: 0.07635689882992669, 110: 0.07794260338636413, 120: 0.07743369238216369, 130: 0.07760484814878561}",100,0.07635689882992669,0.01,0.01,0.05
kin8nm,dropoutFCN,32,0.0001,0.0005,"{0: 0.4240840202548548, 10: 0.11939583763169655, 20: 0.09391804407467337, 30: 0.08815026598633678, 40: 0.08446384706582834, 50: 0.0818712874312921, 60: 0.08202651711807023, 70: 0.07805232096760678, 80: 0.07816153907567937, 90: 0.07810432834451533, 100: 0.0785622107998956}",70,0.07805232096760678,0.01,0.01,0.01
kin8nm,dropoutFCN,32,0.0001,0.0005,"{0: 0.42958271837733014, 10: 0.1271761496602278, 20: 0.09860023312629719, 30: 0.09292935824076978, 40: 0.08540137259939982, 50: 0.08428207023799708, 60: 0.08299992240095935, 70: 0.08193527045549491, 80: 0.08203409482444272, 90: 0.08133239917555106, 100: 0.07979316952759241, 110: 0.07931149644370653, 120: 0.08048082525924931, 130: 0.08007862717162587, 140: 0.08059227486596278}",110,0.07931149644370653,0.01,0.01,0.005
kin8nm,dropoutFCN,32,0.0001,0.0005,"{0: 0.4356937448234852, 10: 0.1213982781478049, 20: 0.09593152236977279, 30: 0.08937484766859805, 40: 0.08625091521984402, 50: 0.08363817652663322, 60: 0.08329832222558864, 70: 0.08325890912193584, 80: 0.08376620965908069, 90: 0.082630376203179, 100: 0.08201434006908434, 110: 0.08363205334036482, 120: 0.08366610709030722, 130: 0.08344807722795752}",100,0.08201434006908434,0.01,0.01,0.001
kin8nm,dropoutFCN,32,0.0001,0.001,"{0: 0.396575489159393, 10: 0.12869511671051215, 20: 0.10710147071925784, 30: 0.10233146133052055, 40: 0.0943767872783173, 50: 0.09300145963086619, 60: 0.09160987487334832, 70: 0.08865735449300473, 80: 0.0876245013191371, 90: 0.08772213601850723, 100: 0.08698167998264207, 110: 0.08543417388527294, 120: 0.08560544216852307, 130: 0.08616093173029958, 140: 0.08556120635052658}",110,0.08543417388527294,0.01,0.01,0.2
kin8nm,dropoutFCN,32,0.0001,0.001,"{0: 0.3628413766754531, 10: 0.11569035098528699, 20: 0.09842237467887896, 30: 0.09176344606807843, 40: 0.08549481888553719, 50: 0.0830140340359426, 60: 0.08485210582728475, 70: 0.07941604010192342, 80: 0.08202203151883289, 90: 0.08127053313618135, 100: 0.07918379249644113, 110: 0.07999729709888323, 120: 0.07773788095060943, 130: 0.07744927294994873, 140: 0.07766923867745852, 150: 0.07983140194130016, 160: 0.07916656978327845}",130,0.07744927294994873,0.01,0.01,0.1
kin8nm,dropoutFCN,32,0.0001,0.001,"{0: 0.3453709857251477, 10: 0.11014286490289509, 20: 0.09106659082411567, 30: 0.08520062019008282, 40: 0.08299888146763086, 50: 0.083705375368514, 60: 0.07988725085728363, 70: 0.08077310396382893, 80: 0.08215356145999128, 90: 0.0796044813646763, 100: 0.07977370233989264, 110: 0.08009579840212214, 120: 0.07956280583622909, 130: 0.08148195499434269, 140: 0.08138741083141351, 150: 0.08011922231227597}",120,0.07956280583622909,0.01,0.01,0.05
kin8nm,dropoutFCN,32,0.0001,0.001,"{0: 0.34166847165019004, 10: 0.10179311468788868, 20: 0.08951388040534239, 30: 0.08499428692391844, 40: 0.08289621937969298, 50: 0.08125517644375062, 60: 0.08101926444663249, 70: 0.082925836020823, 80: 0.08056625270882672, 90: 0.08046871215171518, 100: 0.08143610579458352, 110: 0.08035437934019286, 120: 0.0813763854143205, 130: 0.0798929439564984, 140: 0.07983810907246104, 150: 0.08095439154433555, 160: 0.08017375399972344, 170: 0.08138270672072798}",140,0.07983810907246104,0.01,0.01,0.01
kin8nm,dropoutFCN,32,0.0001,0.001,"{0: 0.34896146444011855, 10: 0.1010823217199385, 20: 0.08914672104865617, 30: 0.08533843406330807, 40: 0.08066638787756589, 50: 0.0809275940807526, 60: 0.08108264926553302, 70: 0.07977500104080892, 80: 0.08131017857841827, 90: 0.08179889883309509, 100: 0.08453338777683221}",70,0.07977500104080892,0.01,0.01,0.005
kin8nm,dropoutFCN,32,0.0001,0.001,"{0: 0.3396578727566123, 10: 0.10353825791610931, 20: 0.09349807597718256, 30: 0.09038446801041956, 40: 0.08815069295438659, 50: 0.08581523697272, 60: 0.08665222032845488, 70: 0.08593331907586989, 80: 0.08633044006557034}",50,0.08581523697272,0.01,0.01,0.001
kin8nm,dropoutFCN,32,0.0001,0.002,"{0: 0.3327605328952902, 10: 0.1231183482200922, 20: 0.10288555662040985, 30: 0.09916287887915973, 40: 0.09700488883267133, 50: 0.09240218860886137, 60: 0.09202352429753063, 70: 0.09011928549904916, 80: 0.09068215713256415, 90: 0.0897906309958278, 100: 0.08832766535945755, 110: 0.08742828318493286, 120: 0.08924952374231762, 130: 0.08905881209050613, 140: 0.08794160373588797}",110,0.08742828318493286,0.01,0.01,0.2
kin8nm,dropoutFCN,32,0.0001,0.002,"{0: 0.2961930436676842, 10: 0.10802228243351045, 20: 0.09741585374336773, 30: 0.0902145291866156, 40: 0.08539034075659459, 50: 0.08510441255679232, 60: 0.08617150079607082, 70: 0.08337635358637621, 80: 0.08337171831020532, 90: 0.08987851991850976, 100: 0.08554498868272663, 110: 0.0854529522184001}",80,0.08337171831020532,0.01,0.01,0.1
kin8nm,dropoutFCN,32,0.0001,0.002,"{0: 0.2820837322298309, 10: 0.09884106045239634, 20: 0.08914267639433632, 30: 0.08766514786399174, 40: 0.08839519324663395, 50: 0.08440134275240406, 60: 0.08663628891771138, 70: 0.08309907832603033, 80: 0.08252288135169752, 90: 0.08533825945284243, 100: 0.08191667864863536, 110: 0.08200874265013874, 120: 0.08499337767528219, 130: 0.08572456581587869}",100,0.08191667864863536,0.01,0.01,0.05
kin8nm,dropoutFCN,32,0.0001,0.002,"{0: 0.27373200937757564, 10: 0.09703082729356552, 20: 0.08822572503869766, 30: 0.08552043889737967, 40: 0.08682393273057568, 50: 0.08872947081580501, 60: 0.0885353209767914}",30,0.08552043889737967,0.01,0.01,0.01
kin8nm,dropoutFCN,32,0.0001,0.002,"{0: 0.2710324456098774, 10: 0.10308353698801606, 20: 0.0971551255315339, 30: 0.09014703692625615, 40: 0.08738243568223894, 50: 0.0859313600221209, 60: 0.08670988192096543, 70: 0.08792801723129116, 80: 0.08654880860171918}",50,0.0859313600221209,0.01,0.01,0.005
kin8nm,dropoutFCN,32,0.0001,0.002,"{0: 0.25731175753483415, 10: 0.1005326794601841, 20: 0.09046790171007923, 30: 0.09200886549343455, 40: 0.08869614259483916, 50: 0.09214929252796468, 60: 0.09486990966725645, 70: 0.09160112168157071}",40,0.08869614259483916,0.01,0.01,0.001
kin8nm,dropoutFCN,32,1e-05,0.0001,"{0: 0.7630676618337378, 10: 0.3529996833037888, 20: 0.2605572270108835, 30: 0.2125939271636949, 40: 0.18423544597540634, 50: 0.16539242320476308, 60: 0.15083655842580046, 70: 0.14007531388593933, 80: 0.132253190897248, 90: 0.12553606644279486, 100: 0.12056309772061254, 110: 0.11668540687023152, 120: 0.11361477992831459, 130: 0.11076922078268636, 140: 0.10831860109483535, 150: 0.10631519929646024, 160: 0.10357289928541694, 170: 0.10255500003807849, 180: 0.1012291830760526, 190: 0.0993236529423104, 200: 0.09849111911851793, 210: 0.09667477812349327, 220: 0.09647553915098123, 230: 0.0950723248876954, 240: 0.09393850568581545, 250: 0.09370068450336697, 260: 0.093049267212495, 270: 0.09185819284988642, 280: 0.09133539902993572, 290: 0.09032508959457522, 300: 0.08980777568161742, 310: 0.08905454995987513, 320: 0.08921278401881397, 330: 0.08834669624031592, 340: 0.08828938079493324, 350: 0.08731532897317987, 360: 0.08672786015308044, 370: 0.08722440087522416, 380: 0.0871017724203088, 390: 0.0870380597742716}",360,0.08672786015308044,0.01,0.01,0.2
kin8nm,dropoutFCN,32,1e-05,0.0001,"{0: 0.7419068340270826, 10: 0.3155362246336821, 20: 0.22363252006908155, 30: 0.18246816327741427, 40: 0.15869682308425012, 50: 0.14201796133183783, 60: 0.1296963437239928, 70: 0.12045330256838152, 80: 0.11351299752347657, 90: 0.10827097688967043, 100: 0.10416811302049785, 110: 0.10097397148243185, 120: 0.09794123794747203, 130: 0.09577915261496119, 140: 0.09372399573190314, 150: 0.09197599406952642, 160: 0.09043892231751069, 170: 0.08958303842364793, 180: 0.08766901976296375, 190: 0.0869983245202709, 200: 0.08643559686553819, 210: 0.084596256368871, 220: 0.08433948896087852, 230: 0.08312184297503783, 240: 0.08248351040668268, 250: 0.08205034001746937, 260: 0.0812940247021318, 270: 0.08128813169847189, 280: 0.08054638214151963, 290: 0.08089138193637803, 300: 0.08021680983494597, 310: 0.07922689536993148, 320: 0.07911345053668312, 330: 0.07875039002211555, 340: 0.07804618263144016, 350: 0.07817718135765153, 360: 0.0777913796768683, 370: 0.07774245655579999, 380: 0.0768943960928004, 390: 0.07729706490610429, 400: 0.07614354540397392, 410: 0.07660083535082793, 420: 0.07678622415006266, 430: 0.07608850318470807, 440: 0.07550291559131266, 450: 0.07584019075533224, 460: 0.07555059478833659, 470: 0.07516277443220651, 480: 0.07482244205289974, 490: 0.0756885459131277, 500: 0.07519928353077826, 510: 0.07495696719454677}",480,0.07482244205289974,0.01,0.01,0.1
kin8nm,dropoutFCN,32,1e-05,0.0001,"{0: 0.712594265214592, 10: 0.2910751256042937, 20: 0.20325105171427166, 30: 0.1669155127035178, 40: 0.14523870719343443, 50: 0.13053091393693053, 60: 0.12042462892536021, 70: 0.1123250544008744, 80: 0.10583559966272116, 90: 0.101385854842496, 100: 0.09800737741424675, 110: 0.09402202866290775, 120: 0.09233738527132196, 130: 0.09019516120321017, 140: 0.087305704544652, 150: 0.08665563720937473, 160: 0.08518602576653518, 170: 0.08289951002431184, 180: 0.0832811849416852, 190: 0.08180601969833222, 200: 0.08082500574076909, 210: 0.07986160390780303, 220: 0.08001853009231928, 230: 0.077928799652038, 240: 0.07819433145859866, 250: 0.07880464329047689, 260: 0.07758069868759776, 270: 0.07762186562465552, 280: 0.0765618130866095, 290: 0.07625539998522941, 300: 0.0772819635329621, 310: 0.07629153203643826, 320: 0.07552260060084298, 330: 0.07553785038992637, 340: 0.07479757323171858, 350: 0.07541385954498422, 360: 0.07443595165726818, 370: 0.07457706995424188, 380: 0.0751886775221668, 390: 0.07428255560156932, 400: 0.07380423488627914, 410: 0.07468551290864134, 420: 0.07413972725021589, 430: 0.07392715543607442}",400,0.07380423488627914,0.01,0.01,0.05
kin8nm,dropoutFCN,32,1e-05,0.0001,"{0: 0.7068967556076545, 10: 0.29225285490039815, 20: 0.19693976208756162, 30: 0.15680832043814463, 40: 0.134467521366257, 50: 0.1204907597182294, 60: 0.11060873821444998, 70: 0.10448383967209422, 80: 0.0986328240092588, 90: 0.09511063103702991, 100: 0.09273771997393015, 110: 0.09027648516920721, 120: 0.08819798801548402, 130: 0.08654655931260105, 140: 0.08522814762263406, 150: 0.08388073609882044, 160: 0.08301990171849064, 170: 0.08199269701732803, 180: 0.08100982348156115, 190: 0.0806895239543944, 200: 0.08022575623416048, 210: 0.08009928724498364, 220: 0.07933975066363583, 230: 0.07864718341864042, 240: 0.07832686442600507, 250: 0.07892531548487196, 260: 0.07767839309558874, 270: 0.07793070680922314, 280: 0.07780525611931602, 290: 0.07752422016454918, 300: 0.07754662225870945, 310: 0.07769406219618218, 320: 0.07687317859944305, 330: 0.07694246350724658, 340: 0.07702866450494583, 350: 0.07686945706640183, 360: 0.07684908882138788, 370: 0.07632472691569663, 380: 0.07663444549071576, 390: 0.07604181962777568, 400: 0.0758518329204488, 410: 0.07622090889185529, 420: 0.07610733417135701, 430: 0.07679469237659518}",400,0.0758518329204488,0.01,0.01,0.01
kin8nm,dropoutFCN,32,1e-05,0.0001,"{0: 0.671295176773753, 10: 0.2783025879147575, 20: 0.18773296818699495, 30: 0.15053225609218843, 40: 0.12895384158127626, 50: 0.1154034529071809, 60: 0.10654944048165885, 70: 0.10072990774572996, 80: 0.09585225061403568, 90: 0.09242037600768174, 100: 0.08994233044873656, 110: 0.08809473345612158, 120: 0.0869807533082205, 130: 0.08563778871147767, 140: 0.08413211476356956, 150: 0.08339210892458483, 160: 0.08237038206978062, 170: 0.081894800425706, 180: 0.08132489125536811, 190: 0.08125907298519705, 200: 0.08081029468817953, 210: 0.07975863743567244, 220: 0.0793428724289736, 230: 0.07917927298677474, 240: 0.07944157688243599, 250: 0.07870398610350235, 260: 0.07917611555019013, 270: 0.07829531694796513, 280: 0.07880171451459465, 290: 0.07892819595610154, 300: 0.07804664057024521, 310: 0.07763996992086145, 320: 0.07754710303646781, 330: 0.07838356155600529, 340: 0.07763727415010142, 350: 0.07756742862369426}",320,0.07754710303646781,0.01,0.01,0.005
kin8nm,dropoutFCN,32,1e-05,0.0001,"{0: 0.694911851775394, 10: 0.2780890421756873, 20: 0.1871755066036164, 30: 0.15180056987766366, 40: 0.13128764934653658, 50: 0.11762318787098822, 60: 0.10800014489844756, 70: 0.10103595289339809, 80: 0.09671403828075158, 90: 0.09346826591458819, 100: 0.0909788842942757, 110: 0.08921015331406221, 120: 0.08759688849491595, 130: 0.08643183826017516, 140: 0.08542055332623748, 150: 0.08499739682473424, 160: 0.08368926202767828, 170: 0.08336109690036167, 180: 0.08288320530119872, 190: 0.08217928776087924, 200: 0.08239216330226813, 210: 0.0818399058613897, 220: 0.08154462625640713, 230: 0.08127457480648945, 240: 0.0812318280722605, 250: 0.08170998276185308, 260: 0.08067947937443096, 270: 0.08080790367952456, 280: 0.08077647289173948, 290: 0.08064058714249239, 300: 0.08034952228213152, 310: 0.07973617664728887, 320: 0.08045538158307919, 330: 0.0803480148351767, 340: 0.07995331496568776}",310,0.07973617664728887,0.01,0.01,0.001
kin8nm,dropoutFCN,32,1e-05,0.0005,"{0: 0.46854646869813943, 10: 0.1691894189657853, 20: 0.12556281689643192, 30: 0.11131003937171938, 40: 0.10259384819684877, 50: 0.09795922998865234, 60: 0.09299190572524259, 70: 0.09180240662725045, 80: 0.08956642803875849, 90: 0.08784185695308402, 100: 0.08628808316558659, 110: 0.08591025628424773, 120: 0.086643133500846, 130: 0.08469797177787361, 140: 0.0841104886200756, 150: 0.0829825791762431, 160: 0.08340436661983061, 170: 0.08471123143696177, 180: 0.08340008617422257}",150,0.0829825791762431,0.01,0.01,0.2
kin8nm,dropoutFCN,32,1e-05,0.0005,"{0: 0.43268261418174553, 10: 0.14579853464389778, 20: 0.11188402401410875, 30: 0.10055134986785733, 40: 0.09168442175078702, 50: 0.08745454741239517, 60: 0.08523158897536962, 70: 0.08423269274251208, 80: 0.0813686137845524, 90: 0.08162386440611132, 100: 0.08269502723806268, 110: 0.07835256481334155, 120: 0.07919406885346703, 130: 0.0796263373297821, 140: 0.07610743851434854, 150: 0.07905917101556738, 160: 0.07778751828111824, 170: 0.07767061228560221}",140,0.07610743851434854,0.01,0.01,0.1
kin8nm,dropoutFCN,32,1e-05,0.0005,"{0: 0.4427174229356622, 10: 0.133203214456649, 20: 0.10193300537077195, 30: 0.09056029410627635, 40: 0.08548508697570523, 50: 0.08268968695435933, 60: 0.07977315749890133, 70: 0.07720537120977597, 80: 0.08040408288055613, 90: 0.07842457249025118, 100: 0.07721160242131139}",70,0.07720537120977597,0.01,0.01,0.05
kin8nm,dropoutFCN,32,1e-05,0.0005,"{0: 0.43930228923216025, 10: 0.12184847854850764, 20: 0.09660126021366844, 30: 0.0886137389240381, 40: 0.08492088084399352, 50: 0.08342082481819532, 60: 0.08203928008659003, 70: 0.08047424491866531, 80: 0.08059567849086374, 90: 0.0796300456511172, 100: 0.07863490703056594, 110: 0.07987798346839467, 120: 0.07801299701838378, 130: 0.07796343018912348, 140: 0.07759621437530997, 150: 0.07862712286821077, 160: 0.07804205608141915, 170: 0.07887497425641411}",140,0.07759621437530997,0.01,0.01,0.01
kin8nm,dropoutFCN,32,1e-05,0.0005,"{0: 0.4277041687207814, 10: 0.11997230523552112, 20: 0.09471208163532721, 30: 0.08697150752007357, 40: 0.08467178796784504, 50: 0.08239362654595266, 60: 0.08061122852239078, 70: 0.0795860719110122, 80: 0.08057514963770965, 90: 0.0785738241948629, 100: 0.07889705197621813, 110: 0.07922505685094319, 120: 0.07965241529099246}",90,0.0785738241948629,0.01,0.01,0.005
kin8nm,dropoutFCN,32,1e-05,0.0005,"{0: 0.43435662843117584, 10: 0.12594017509333277, 20: 0.09822509887968599, 30: 0.09181787923917115, 40: 0.0886590902524372, 50: 0.0857697873320781, 60: 0.08583281662809975, 70: 0.0852256081993845, 80: 0.08514582955287192, 90: 0.0841642025115674, 100: 0.08470975665830383, 110: 0.08457279068511592, 120: 0.08397387064672307, 130: 0.08421421874624277, 140: 0.08481492184210342, 150: 0.08499507722520444}",120,0.08397387064672307,0.01,0.01,0.001
kin8nm,dropoutFCN,32,1e-05,0.001,"{0: 0.3964806476322589, 10: 0.1322241157023341, 20: 0.11022981262504947, 30: 0.1005424824364373, 40: 0.09500593198471358, 50: 0.09349977876597401, 60: 0.08885064293276587, 70: 0.08988298899172846, 80: 0.08663564710348463, 90: 0.08544172072447406, 100: 0.08788656267898053, 110: 0.08682889433765797, 120: 0.08553898122081217}",90,0.08544172072447406,0.01,0.01,0.2
kin8nm,dropoutFCN,32,1e-05,0.001,"{0: 0.3743106371692514, 10: 0.11611025651102666, 20: 0.09552579043414122, 30: 0.08935524906895975, 40: 0.08569088077808464, 50: 0.08435543226002351, 60: 0.0814670308461097, 70: 0.08199437773696276, 80: 0.08329569454764214, 90: 0.08168898793530818}",60,0.0814670308461097,0.01,0.01,0.1
kin8nm,dropoutFCN,32,1e-05,0.001,"{0: 0.35054003265480127, 10: 0.10468409203250303, 20: 0.08861081294278152, 30: 0.08599730839626774, 40: 0.08305337349869554, 50: 0.08071403296939958, 60: 0.07861831074992262, 70: 0.07978466003089438, 80: 0.07707045885177188, 90: 0.078149869196914, 100: 0.07667670693603228, 110: 0.07706810748251279, 120: 0.07994015664043568, 130: 0.07821663754143585}",100,0.07667670693603228,0.01,0.01,0.05
kin8nm,dropoutFCN,32,1e-05,0.001,"{0: 0.34926789401939984, 10: 0.10324930081955222, 20: 0.09327584272814952, 30: 0.08441479445839276, 40: 0.0839993727085244, 50: 0.08364003635928664, 60: 0.08321801058994936, 70: 0.0818228127215071, 80: 0.08236454402249531, 90: 0.0809809983244463, 100: 0.08338373473651964, 110: 0.08288235883507003, 120: 0.08322927329116851}",90,0.0809809983244463,0.01,0.01,0.01
kin8nm,dropoutFCN,32,1e-05,0.001,"{0: 0.3546173666355865, 10: 0.10460641247014568, 20: 0.08919218992731226, 30: 0.0887487393711944, 40: 0.084826087815718, 50: 0.08717964539166409, 60: 0.08616554442184624, 70: 0.08671833362790866}",40,0.084826087815718,0.01,0.01,0.005
kin8nm,dropoutFCN,32,1e-05,0.001,"{0: 0.3353784929321736, 10: 0.10098859807433205, 20: 0.09147448639718933, 30: 0.08938166101133946, 40: 0.08903510866656995, 50: 0.08785743733304907, 60: 0.08451892587252721, 70: 0.08216315724598086, 80: 0.08370444384204698, 90: 0.08524487131013264, 100: 0.08568711919021785}",70,0.08216315724598086,0.01,0.01,0.001
kin8nm,dropoutFCN,32,1e-05,0.002,"{0: 0.3263383956824713, 10: 0.11803195365843569, 20: 0.10249526574155421, 30: 0.09945548108008098, 40: 0.09548282575025988, 50: 0.09472631365141933, 60: 0.09025092000405757, 70: 0.08920544271629796, 80: 0.08905875534228556, 90: 0.09055308736550002, 100: 0.08740059327114497, 110: 0.08697819354534013, 120: 0.08780893171299553, 130: 0.08798863210451038, 140: 0.08838448618241501}",110,0.08697819354534013,0.01,0.01,0.2
kin8nm,dropoutFCN,32,1e-05,0.002,"{0: 0.3043780795063757, 10: 0.10887736189255612, 20: 0.09477537331827753, 30: 0.09079380407088579, 40: 0.08790222040969324, 50: 0.08467615505522538, 60: 0.08542030678027972, 70: 0.08484369419782586, 80: 0.08466006856309334, 90: 0.08661349099280259, 100: 0.08188801385380853, 110: 0.08298025131932722, 120: 0.082885268041092, 130: 0.08281711619264928}",100,0.08188801385380853,0.01,0.01,0.1
kin8nm,dropoutFCN,32,1e-05,0.002,"{0: 0.2718319206294649, 10: 0.10478323404967957, 20: 0.088555804722939, 30: 0.08754176915180936, 40: 0.08693144608923149, 50: 0.08404097236822403, 60: 0.0838586262908498, 70: 0.08553851538096098, 80: 0.08279148991396013, 90: 0.08393946061197224, 100: 0.08070171230756926, 110: 0.08580233113223266, 120: 0.08353991365373878, 130: 0.08513536419248517}",100,0.08070171230756926,0.01,0.01,0.05
kin8nm,dropoutFCN,32,1e-05,0.002,"{0: 0.26281825090344035, 10: 0.09376893927910282, 20: 0.08966883181951249, 30: 0.0875989084857646, 40: 0.08452265105291572, 50: 0.08582350561507378, 60: 0.08680166075435171, 70: 0.0864012208782917}",40,0.08452265105291572,0.01,0.01,0.01
kin8nm,dropoutFCN,32,1e-05,0.002,"{0: 0.2566259506141192, 10: 0.10076894889673485, 20: 0.09490345441081957, 30: 0.08884691843061225, 40: 0.0867355069819703, 50: 0.08889382811398243, 60: 0.0886791678418524, 70: 0.09097436765685343}",40,0.0867355069819703,0.01,0.01,0.005
kin8nm,dropoutFCN,32,1e-05,0.002,"{0: 0.2591077545738018, 10: 0.09782128142662827, 20: 0.09282414669628651, 30: 0.09190739605486845, 40: 0.09364196347788308, 50: 0.09504465623134269, 60: 0.09626217593456618}",30,0.09190739605486845,0.01,0.01,0.001
kin8nm,dropoutFCN,32,1e-09,0.0001,"{0: 0.7467002591764524, 10: 0.3586597113569166, 20: 0.26723526741914483, 30: 0.21844985762119928, 40: 0.1919650471579614, 50: 0.1716944961837325, 60: 0.15705140080194432, 70: 0.14618481531516853, 80: 0.1371679946436215, 90: 0.13025289952130265, 100: 0.12477248287100592, 110: 0.12029975844732536, 120: 0.1167842262560966, 130: 0.11333439564696009, 140: 0.11093794731847162, 150: 0.10848247312303165, 160: 0.10668353666484942, 170: 0.10499749756742785, 180: 0.1031914988213598, 190: 0.10093960330141435, 200: 0.09952176944442505, 210: 0.09795801033238465, 220: 0.09819359390077709, 230: 0.09605270996979158, 240: 0.09570630127827567, 250: 0.09432228971174814, 260: 0.09436793676983424, 270: 0.09294816753330244, 280: 0.0926843073772463, 290: 0.0914510479279292, 300: 0.0911635427223658, 310: 0.09057299897520761, 320: 0.0903956029775099, 330: 0.08974490908028634, 340: 0.08950263260071277, 350: 0.08888143772693344, 360: 0.0882616103236872, 370: 0.08737806951111066, 380: 0.08756783966436703, 390: 0.08681890482415175, 400: 0.0866437482242253, 410: 0.08621658678664954, 420: 0.0866578337789106, 430: 0.08600609235110959, 440: 0.08599398539947448, 450: 0.08574865563045683, 460: 0.08486193472981618, 470: 0.0848541549846925, 480: 0.08442736852145072, 490: 0.08453882227772384, 500: 0.08474122596996574, 510: 0.08412798849368076, 520: 0.08433515819726525, 530: 0.08407809880641555, 540: 0.0829942555144438, 550: 0.08296348955048613, 560: 0.08323375624605603, 570: 0.0833110553254956, 580: 0.08321155542704281}",550,0.08296348955048613,0.01,0.01,0.2
kin8nm,dropoutFCN,32,1e-09,0.0001,"{0: 0.7124982634139665, 10: 0.3200773493333877, 20: 0.22508199646297372, 30: 0.18426565054827404, 40: 0.16082728894273876, 50: 0.1448856268671802, 60: 0.132928860062349, 70: 0.12493653485840743, 80: 0.11716761571050482, 90: 0.11216072242282753, 100: 0.10898916037407065, 110: 0.10514967161158342, 120: 0.101735922220072, 130: 0.09924862080691366, 140: 0.09785088852454067, 150: 0.0959362683415138, 160: 0.09452736022062802, 170: 0.09290238570129036, 180: 0.09126270992413335, 190: 0.08934475061545062, 200: 0.08911145273557937, 210: 0.08856270963976913, 220: 0.08697538979123891, 230: 0.08634245332768738, 240: 0.08558780165372729, 250: 0.0849281236887344, 260: 0.08479841427945167, 270: 0.08395452425896306, 280: 0.08341277318881121, 290: 0.08334864664216306, 300: 0.08248616902144443, 310: 0.0819171257819984, 320: 0.08183494802878234, 330: 0.08061895910435898, 340: 0.0806726824918724, 350: 0.08075171679330015, 360: 0.07985908326451971, 370: 0.08022507215993138, 380: 0.0793207282861284, 390: 0.08030061500176604, 400: 0.0794148067347697, 410: 0.07870154105473615, 420: 0.0786228417161587, 430: 0.07790947216841926, 440: 0.07826302248587688, 450: 0.07840406411750896, 460: 0.07848965557451784}",430,0.07790947216841926,0.01,0.01,0.1
kin8nm,dropoutFCN,32,1e-09,0.0001,"{0: 0.7059982693448004, 10: 0.29530619945249503, 20: 0.20239996857326634, 30: 0.16529983948429466, 40: 0.14458810896436586, 50: 0.12978661042290232, 60: 0.11941028556905894, 70: 0.11145323288865092, 80: 0.1053603817877717, 90: 0.10098299130203303, 100: 0.09748203910341965, 110: 0.09512212227873636, 120: 0.0931692014226578, 130: 0.09052006778077804, 140: 0.08898664937677842, 150: 0.08745819079155169, 160: 0.08628409108847232, 170: 0.08492225907966526, 180: 0.0841273992546345, 190: 0.08404270087888766, 200: 0.08183751953567198, 210: 0.08111955111111264, 220: 0.08168279165227994, 230: 0.08135415532676768, 240: 0.07973790146138673, 250: 0.07952556997399743, 260: 0.07914628361094524, 270: 0.07847566583402135, 280: 0.07854300359011604, 290: 0.07830758327799656, 300: 0.07727227221614531, 310: 0.07800154923840526, 320: 0.07727683914171683, 330: 0.07686833644213946, 340: 0.07688716806163981, 350: 0.0763943572944547, 360: 0.0766417364520654, 370: 0.07624962137793782, 380: 0.0758749566000944, 390: 0.07646769577263084, 400: 0.07736847880509987, 410: 0.0757804776517383, 420: 0.07579755707548555, 430: 0.07548732576674835, 440: 0.07586291042787426, 450: 0.07501186404621185, 460: 0.07491936704302413, 470: 0.07524424614930816, 480: 0.07568876828491032, 490: 0.0747898059498001, 500: 0.07517298801317844, 510: 0.074637351823965, 520: 0.07398720287393958, 530: 0.07410053811197548, 540: 0.07464592017166433, 550: 0.07392848182235404, 560: 0.07435696268616955, 570: 0.07428661907894218, 580: 0.07452490502095908}",550,0.07392848182235404,0.01,0.01,0.05
kin8nm,dropoutFCN,32,1e-09,0.0001,"{0: 0.6917774494375684, 10: 0.28316745246210717, 20: 0.19262627162388726, 30: 0.15634735581773204, 40: 0.1352661434188665, 50: 0.12145916750788555, 60: 0.11095593160514025, 70: 0.10331531375447725, 80: 0.09793596096927495, 90: 0.0938235636748976, 100: 0.09110814695355576, 110: 0.08881594780093702, 120: 0.08721428007818255, 130: 0.08511388389467404, 140: 0.08401184574223092, 150: 0.08365743042050718, 160: 0.08135645836003626, 170: 0.08166941195293001, 180: 0.08081235637907239, 190: 0.08055461544736969, 200: 0.07911285354155473, 210: 0.07853008535569345, 220: 0.0788386556801185, 230: 0.0786025477098446, 240: 0.07773809600558623, 250: 0.07705060821880702, 260: 0.07743039380854985, 270: 0.07661853042392344, 280: 0.07701000891228366, 290: 0.07667600034591183, 300: 0.07696606008844101}",270,0.07661853042392344,0.01,0.01,0.01
kin8nm,dropoutFCN,32,1e-09,0.0001,"{0: 0.7094961658001304, 10: 0.26996368335945664, 20: 0.17959648993121474, 30: 0.14789376678944652, 40: 0.12889195220147148, 50: 0.1163904476555903, 60: 0.10795151046704785, 70: 0.10182347398725751, 80: 0.0974092693640338, 90: 0.09417304982865053, 100: 0.09213620974672623, 110: 0.08971885972322668, 120: 0.08800952480606448, 130: 0.08680346318888983, 140: 0.08600684513787002, 150: 0.08466670961725915, 160: 0.08456733007858047, 170: 0.08295177259059001, 180: 0.08263912724145289, 190: 0.08197333497742704, 200: 0.08175542800791355, 210: 0.0816607343378228, 220: 0.0804863497995986, 230: 0.08063024251245962, 240: 0.08013726387489176, 250: 0.07975125432504256, 260: 0.079770643366283, 270: 0.08001818158354117, 280: 0.07916076129906627, 290: 0.07988112251788984, 300: 0.07868108720754753, 310: 0.07855073978960452, 320: 0.07878930349431147, 330: 0.07862740220795406, 340: 0.07775110041409963, 350: 0.0783292483116124, 360: 0.0781412614398484, 370: 0.07835242961001143}",340,0.07775110041409963,0.01,0.01,0.005
kin8nm,dropoutFCN,32,1e-09,0.0001,"{0: 0.676120934691662, 10: 0.2795544504279783, 20: 0.18656819842790198, 30: 0.1499268880152945, 40: 0.12949949078873071, 50: 0.11658906301905722, 60: 0.108186473853408, 70: 0.1018587969411131, 80: 0.09757860932492815, 90: 0.09421231321633754, 100: 0.09169929443578295, 110: 0.089769239745844, 120: 0.0884696502427118, 130: 0.08703923891720158, 140: 0.08614809847619861, 150: 0.08503221917288002, 160: 0.08454266649942858, 170: 0.08382240217296388, 180: 0.08319494312903032, 190: 0.08292687204549774, 200: 0.08237666291512387, 210: 0.08199219207332316, 220: 0.08147046176761076, 230: 0.08147393347787821, 240: 0.0807782407252392, 250: 0.08066852819544516, 260: 0.08066591362011996, 270: 0.08007831259069145, 280: 0.07985419348415619, 290: 0.07980981700073464, 300: 0.08004254195037, 310: 0.07990113821404823, 320: 0.07999679259862566}",290,0.07980981700073464,0.01,0.01,0.001
kin8nm,dropoutFCN,32,1e-09,0.0005,"{0: 0.4787159040039377, 10: 0.17217150924596444, 20: 0.12846717784504863, 30: 0.11112432919080191, 40: 0.1036701787757123, 50: 0.10021993513258369, 60: 0.09553515809106548, 70: 0.09261682666069905, 80: 0.08995007611654246, 90: 0.08824125700003341, 100: 0.08633369650263756, 110: 0.08780260038245898, 120: 0.08579336520800168, 130: 0.08521233814017241, 140: 0.0839036628025974, 150: 0.08324225176641302, 160: 0.08426263046730684, 170: 0.0836142854959054, 180: 0.083602649789871}",150,0.08324225176641302,0.01,0.01,0.2
kin8nm,dropoutFCN,32,1e-09,0.0005,"{0: 0.4465268032838533, 10: 0.1451211793571182, 20: 0.11257089415034291, 30: 0.09922524881705744, 40: 0.093711279220006, 50: 0.08850348377951094, 60: 0.08715206644573412, 70: 0.08418149886334712, 80: 0.08213331370528641, 90: 0.08243396039490306, 100: 0.08119713587232083, 110: 0.08003875464290515, 120: 0.07993580040090127, 130: 0.07902803199265121, 140: 0.07763121284814785, 150: 0.07967083377429898, 160: 0.07771010982176216, 170: 0.07803220458110466}",140,0.07763121284814785,0.01,0.01,0.1
kin8nm,dropoutFCN,32,1e-09,0.0005,"{0: 0.4368806510308483, 10: 0.1369617960536793, 20: 0.10464583547026367, 30: 0.09435687366880033, 40: 0.08807984389457342, 50: 0.08572266212891202, 60: 0.08269445270918027, 70: 0.07979097781851734, 80: 0.07935680043583973, 90: 0.07698623766980342, 100: 0.07690986349167296, 110: 0.07663343226478032, 120: 0.07699698695637554, 130: 0.07759731460846281, 140: 0.07628642690399619, 150: 0.0763698127018372, 160: 0.07600161991695242, 170: 0.07683307005537834, 180: 0.07619398755343329, 190: 0.0773935394472985}",160,0.07600161991695242,0.01,0.01,0.05
kin8nm,dropoutFCN,32,1e-09,0.0005,"{0: 0.4261066778248769, 10: 0.13007941365313327, 20: 0.10237567046800355, 30: 0.09217088780556273, 40: 0.08697716469225474, 50: 0.08429114565135169, 60: 0.07936383419317784, 70: 0.07902119399742177, 80: 0.07967524283703771, 90: 0.07882143922972887, 100: 0.0778788960544298, 110: 0.07743990363780612, 120: 0.0780862671851351, 130: 0.07709469010055306, 140: 0.07717850898634568, 150: 0.07702379388254506, 160: 0.07760734715967402, 170: 0.07671783225628151, 180: 0.07783783031993045, 190: 0.08000272393267056, 200: 0.07929746041549164}",170,0.07671783225628151,0.01,0.01,0.01
kin8nm,dropoutFCN,32,1e-09,0.0005,"{0: 0.4201010382415403, 10: 0.11819941408504586, 20: 0.09462028951811377, 30: 0.08648138565898449, 40: 0.08210304284365985, 50: 0.0811235947143358, 60: 0.08124869523308745, 70: 0.07930007001094873, 80: 0.08099527280989596, 90: 0.08122226773555649, 100: 0.08004675142409452}",70,0.07930007001094873,0.01,0.01,0.005
kin8nm,dropoutFCN,32,1e-09,0.0005,"{0: 0.4207995984409094, 10: 0.12053029564781018, 20: 0.09594009954951002, 30: 0.08909467047620698, 40: 0.08659535232856823, 50: 0.0848077051024363, 60: 0.08484312661021257, 70: 0.08336805112243761, 80: 0.08359161823111631, 90: 0.08394418026876634, 100: 0.0840215052798445}",70,0.08336805112243761,0.01,0.01,0.001
kin8nm,dropoutFCN,32,1e-09,0.001,"{0: 0.401370351816548, 10: 0.13470968645316103, 20: 0.10888081746435432, 30: 0.10119152328477125, 40: 0.09599847255814213, 50: 0.08966323594497641, 60: 0.0909110975306057, 70: 0.08917489690879891, 80: 0.08686330313954141, 90: 0.08538213135894578, 100: 0.08451584209529395, 110: 0.08640694673822487, 120: 0.08360730805817676, 130: 0.08303338089306475, 140: 0.08341130869129766, 150: 0.08408796894776156, 160: 0.08436695843019465}",130,0.08303338089306475,0.01,0.01,0.2
kin8nm,dropoutFCN,32,1e-09,0.001,"{0: 0.365904580615153, 10: 0.12094013063379334, 20: 0.09614850543729228, 30: 0.09120979435242785, 40: 0.0867530767076806, 50: 0.08323202205216043, 60: 0.08509457132877046, 70: 0.08244749921304398, 80: 0.08200124556815433, 90: 0.08078005966564991, 100: 0.080182146675033, 110: 0.07958415420985229, 120: 0.08109886829127776, 130: 0.07978405725338297, 140: 0.07880527914759088, 150: 0.07983020070276567, 160: 0.07937737987530599, 170: 0.07920634249229587}",140,0.07880527914759088,0.01,0.01,0.1
kin8nm,dropoutFCN,32,1e-09,0.001,"{0: 0.36379841141818714, 10: 0.10875531783662387, 20: 0.09136804669489648, 30: 0.08732210697973862, 40: 0.0838321815984863, 50: 0.08085999900258914, 60: 0.07984158366103317, 70: 0.08246175601649904, 80: 0.08079033142664875, 90: 0.08080436410804276}",60,0.07984158366103317,0.01,0.01,0.05
kin8nm,dropoutFCN,32,1e-09,0.001,"{0: 0.34306529208966474, 10: 0.10459229104769094, 20: 0.08937007960360645, 30: 0.08579099677668178, 40: 0.08573691894899652, 50: 0.08170288915014054, 60: 0.0813779496896063, 70: 0.0807093356063828, 80: 0.08294871511173324, 90: 0.0810465730615564, 100: 0.08179254946849288}",70,0.0807093356063828,0.01,0.01,0.01
kin8nm,dropoutFCN,32,1e-09,0.001,"{0: 0.341957774652454, 10: 0.10331934019581616, 20: 0.08946929146077047, 30: 0.08580751378360396, 40: 0.08394722140318259, 50: 0.08449827369010394, 60: 0.08649915553304852, 70: 0.08484484777309946}",40,0.08394722140318259,0.01,0.01,0.005
kin8nm,dropoutFCN,32,1e-09,0.001,"{0: 0.3519225360510906, 10: 0.10270114742904937, 20: 0.09205426841873263, 30: 0.09022622472808703, 40: 0.0879772515140734, 50: 0.08690347092163361, 60: 0.0847829421713407, 70: 0.08415076893503068, 80: 0.08455771432689863, 90: 0.08688750622675392, 100: 0.08733764168948968}",70,0.08415076893503068,0.01,0.01,0.001
kin8nm,dropoutFCN,32,1e-09,0.002,"{0: 0.3219043041186505, 10: 0.11887763748751293, 20: 0.10427168718406973, 30: 0.0964398629560885, 40: 0.09413737045178583, 50: 0.09273765070164806, 60: 0.08811958213698225, 70: 0.08887837753305128, 80: 0.08679244565159153, 90: 0.0872604040751123, 100: 0.08844267321640557, 110: 0.08636301644427866, 120: 0.0892134094535704, 130: 0.0923814901898167, 140: 0.08732050500279273}",110,0.08636301644427866,0.01,0.01,0.2
kin8nm,dropoutFCN,32,1e-09,0.002,"{0: 0.2939867366818438, 10: 0.10517933100792014, 20: 0.09388129135615474, 30: 0.08990087736148597, 40: 0.09197479183247072, 50: 0.08620685663054235, 60: 0.08307564149223903, 70: 0.08515172979113708, 80: 0.08866177106195365, 90: 0.0860194232894786}",60,0.08307564149223903,0.01,0.01,0.1
kin8nm,dropoutFCN,32,1e-09,0.002,"{0: 0.2804021845250011, 10: 0.09816886415633949, 20: 0.09030495668842738, 30: 0.08420176984122292, 40: 0.08201154872256133, 50: 0.08462156770556842, 60: 0.08175374661629103, 70: 0.08150013760476085, 80: 0.08239215392475926, 90: 0.08471641177548919, 100: 0.08124854082648313, 110: 0.08187769187338809, 120: 0.0828727416900015, 130: 0.08449229415701802}",100,0.08124854082648313,0.01,0.01,0.05
kin8nm,dropoutFCN,32,1e-09,0.002,"{0: 0.26812231549787513, 10: 0.10101331612740608, 20: 0.08988977513179411, 30: 0.09090589266375579, 40: 0.08711847799979684, 50: 0.09024922053712374, 60: 0.09224123270242718, 70: 0.0897193296567147}",40,0.08711847799979684,0.01,0.01,0.01
kin8nm,dropoutFCN,32,1e-09,0.002,"{0: 0.2615207810888697, 10: 0.09827108367682946, 20: 0.08837377714277034, 30: 0.08632278655023766, 40: 0.08519708559377162, 50: 0.08713072531524171, 60: 0.08804486340346089, 70: 0.0916464557608265}",40,0.08519708559377162,0.01,0.01,0.005
kin8nm,dropoutFCN,32,1e-09,0.002,"{0: 0.2718535845864221, 10: 0.09904836384028719, 20: 0.09048989491684833, 30: 0.08813795165235264, 40: 0.08655218563356526, 50: 0.08858695933967686, 60: 0.09111613188738102, 70: 0.09457348617281752}",40,0.08655218563356526,0.01,0.01,0.001
