{'datasets': ['protein-tertiary-structure'], 'models': ['noisyFCN'], 'optimizer_name': 'Adam', 'hyperparam_eval_interval': 10, 'patience': 3, 'global_max_epochs': 2000, 'dropout_probs': [0.2, 0.1, 0.05, 0.01, 0.005, 0.001], 'fix_noiselevels': [0.001, 0.005, 0.01, 0.05, 0.1], 'init_noiselevels': [0.001, 0.005, 0.01, 0.05, 0.1], 'batch_sizes': [32], 'batch_sizes_specific': {'energy': [32]}, 'weight_decays': [0.01], 'dropout_batch_size': 32, 'n_hidden': 2, 'nonlinearity': 'relu', 'learning_rates': [0.0005], 'mc_samples': 500, 'num_units': 50, 'num_units_specific': {'protein-tertiary-structure': 100}, 'normalize_X': True, 'normalize_y': True, 'n_folds': 5, 'inverted_cv_fraction': 5}
use_cuda: True
/home/xueqiong/noise_injection_uncertainty/regression/utils.py:39: FutureWarning: The 'delim_whitespace' keyword in pd.read_csv is deprecated and will be removed in a future version. Use ``sep='\s+'`` instead
  return pd.read_csv(dataset_path, engine='python', header=None, delim_whitespace=True)
batch_size:32, weight_decay:0.01, learning_rate:0.0005, model_name:noisyFCN, init_noiselevel:0.001
fold 0
model_name noisyFCN
using Adam as optimizer
fold 1
model_name noisyFCN
using Adam as optimizer
fold 2
model_name noisyFCN
using Adam as optimizer
fold 3
model_name noisyFCN
using Adam as optimizer
fold 4
model_name noisyFCN
using Adam as optimizer
epoch 0
avg_train_loss: 0.7019, train_losses:[0.7055159329728555, 0.697378399297399, 0.7006480333606884, 0.7031927201164373, 0.702569132870593]
avg_val_loss: 0.6566, val_losses:[0.6503221017546678, 0.6655448441364017, 0.660189135015638, 0.6601703984417745, 0.6469618019639239]
epoch 1
avg_train_loss: 0.6478, train_losses:[0.6482294870501486, 0.6449635991327755, 0.6463574643777328, 0.6506096317981775, 0.6490808669760267]
epoch 2
avg_train_loss: 0.6353, train_losses:[0.6352379341867944, 0.6318713732606774, 0.6341939241566722, 0.6388001510466185, 0.6364841602108299]
epoch 3
avg_train_loss: 0.6269, train_losses:[0.626215215408224, 0.6237949958631109, 0.6261943460598338, 0.6298755073171003, 0.6282470792723399]
epoch 4
avg_train_loss: 0.6201, train_losses:[0.6189168572393257, 0.6174378651852822, 0.6197247552803274, 0.6222149636188489, 0.6219927153578217]
epoch 5
avg_train_loss: 0.6143, train_losses:[0.6131732933065158, 0.6123163644912388, 0.6141752154678773, 0.6155514261498296, 0.6162440233279793]
epoch 6
avg_train_loss: 0.6096, train_losses:[0.6085546308433484, 0.60813702720155, 0.6096576260205568, 0.6098812244659152, 0.611786699342291]
epoch 7
avg_train_loss: 0.6058, train_losses:[0.6050374653438201, 0.6046087508011464, 0.605854012968437, 0.6052576121635651, 0.6081676665422157]
epoch 8
avg_train_loss: 0.6028, train_losses:[0.6019755467916572, 0.602067484446136, 0.6028541217362033, 0.6017558284198826, 0.6052900938628002]
epoch 9
avg_train_loss: 0.6002, train_losses:[0.5994377945445952, 0.5994206085767012, 0.6002679532738441, 0.598827146892606, 0.6030957346627568]
epoch 10
avg_train_loss: 0.5983, train_losses:[0.5976296922500456, 0.5976592281691813, 0.5980463337514562, 0.5968130650846829, 0.6011709595404314]
avg_val_loss: 0.6038, val_losses:[0.5944427177075791, 0.6106374641169905, 0.6017932123184465, 0.6111884598883837, 0.6008816474998759]
epoch 11
avg_train_loss: 0.5966, train_losses:[0.5959844380463379, 0.5958088454898129, 0.5962304176132187, 0.5952833398601772, 0.5995801724142206]
epoch 12
avg_train_loss: 0.5952, train_losses:[0.5947523920028607, 0.5944359435285531, 0.5947556351619061, 0.5937068140714068, 0.5982597116134003]
epoch 13
avg_train_loss: 0.5940, train_losses:[0.593629531115044, 0.5930013088206181, 0.5935017175700833, 0.5926318433120855, 0.5970877412850697]
epoch 14
avg_train_loss: 0.5931, train_losses:[0.5927568610525801, 0.5921898284970861, 0.592683805311309, 0.591413469972717, 0.5962641023499597]
epoch 15
avg_train_loss: 0.5922, train_losses:[0.5919900059264184, 0.5913433729858912, 0.591900726903445, 0.5906586860935896, 0.5951787860517018]
epoch 16
avg_train_loss: 0.5915, train_losses:[0.5913108376397317, 0.5905759431424048, 0.5911599016411155, 0.5899014129776996, 0.5944255340966075]
epoch 17
avg_train_loss: 0.5907, train_losses:[0.5905909568715944, 0.5898773003847275, 0.5904210718381017, 0.5892119327952173, 0.593592986625385]
epoch 18
avg_train_loss: 0.5901, train_losses:[0.5900715295420512, 0.58913161070561, 0.5899354271308388, 0.5884844826017417, 0.5930355682356103]
epoch 19
avg_train_loss: 0.5896, train_losses:[0.5895290990638615, 0.5885624088929675, 0.5893529961276731, 0.5879293607535978, 0.5925195842749176]
epoch 20
avg_train_loss: 0.5891, train_losses:[0.5890285408822302, 0.5879217608925601, 0.5889898147036227, 0.5873781913978562, 0.5919758892904886]
avg_val_loss: 0.5979, val_losses:[0.5875360149616783, 0.6037025487176932, 0.5941246568920411, 0.6062755007080421, 0.5977309344569603]
epoch 21
avg_train_loss: 0.5885, train_losses:[0.5883827074569467, 0.5875432396377405, 0.5885845974963955, 0.5867493186038718, 0.5914804569249663]
epoch 22
avg_train_loss: 0.5881, train_losses:[0.5879985584072058, 0.5870125786217943, 0.5882437263717291, 0.5861590223231403, 0.5909657540201766]
epoch 23
avg_train_loss: 0.5876, train_losses:[0.5875574600367859, 0.5866197829923969, 0.5878836012544005, 0.5855294885636028, 0.5904391152873071]
epoch 24
avg_train_loss: 0.5872, train_losses:[0.5871766194287259, 0.5861746506031615, 0.5875615531572105, 0.5851343882932333, 0.5900054184835237]
epoch 25
avg_train_loss: 0.5869, train_losses:[0.5868928844831719, 0.5858700571703089, 0.5872489024663552, 0.5845999980482393, 0.5896454604781194]
epoch 26
avg_train_loss: 0.5865, train_losses:[0.5865336961019074, 0.5854465789874267, 0.5869005590042866, 0.5841267871423712, 0.5892604122612178]
epoch 27
avg_train_loss: 0.5861, train_losses:[0.5861827811149813, 0.585058942174962, 0.5865708650264342, 0.583646120822079, 0.5888252698757682]
epoch 28
avg_train_loss: 0.5857, train_losses:[0.585782617518935, 0.5848203983094102, 0.5861986988686553, 0.5831892997577339, 0.5885025776400338]
epoch 29
avg_train_loss: 0.5853, train_losses:[0.5854587784372967, 0.5844259489530437, 0.5857579872757018, 0.582902091506133, 0.5880167385756978]
epoch 30
avg_train_loss: 0.5850, train_losses:[0.5850479908749066, 0.5840750562218854, 0.5855612347709039, 0.5825192771253007, 0.5877752859271158]
avg_val_loss: 0.5957, val_losses:[0.5849745532471543, 0.6010593217758756, 0.5912447207463118, 0.601769710680297, 0.599266611891017]
epoch 31
avg_train_loss: 0.5847, train_losses:[0.5847365618501538, 0.5837877363482811, 0.5852831569266856, 0.5821156703391636, 0.5875911674808084]
epoch 32
avg_train_loss: 0.5844, train_losses:[0.5845372674181443, 0.583508096620831, 0.5850776031821591, 0.5817155296200426, 0.5870311655795556]
epoch 33
avg_train_loss: 0.5841, train_losses:[0.584255715301521, 0.5832794425745512, 0.5847199760833347, 0.5814565273476122, 0.5867545423048904]
epoch 34
avg_train_loss: 0.5838, train_losses:[0.5839744856247029, 0.5830466211662875, 0.5844993095584174, 0.581081174822913, 0.5865661186713802]
epoch 35
avg_train_loss: 0.5836, train_losses:[0.5836135133177833, 0.5827140229675455, 0.5842883932124922, 0.5808743528865686, 0.586519013972691]
epoch 36
avg_train_loss: 0.5833, train_losses:[0.5833860967333359, 0.5826251769728154, 0.5841288899611241, 0.5804706046883252, 0.5861377381424736]
epoch 37
avg_train_loss: 0.5831, train_losses:[0.5831445880870928, 0.5822813370044766, 0.5836654379223069, 0.580246314570849, 0.5859263285035332]
epoch 38
avg_train_loss: 0.5828, train_losses:[0.5828462488753023, 0.5821484256667255, 0.583390649608069, 0.579927959050341, 0.5856476099142143]
epoch 39
avg_train_loss: 0.5826, train_losses:[0.5827028314831944, 0.5819370941309786, 0.5831301559690579, 0.579646779191373, 0.5853845420692794]
epoch 40
avg_train_loss: 0.5823, train_losses:[0.5824527064272201, 0.5818044765498122, 0.5828517124911672, 0.5793430462459734, 0.5852955078857102]
avg_val_loss: 0.5933, val_losses:[0.5826462695666051, 0.5989978213249635, 0.5891811205533679, 0.6006219864005646, 0.5949248026928138]
epoch 41
avg_train_loss: 0.5821, train_losses:[0.5822380178365806, 0.5815575464530977, 0.5826530836284044, 0.5792079391673619, 0.5850779315120977]
epoch 42
avg_train_loss: 0.5819, train_losses:[0.5820224218448038, 0.5813632751812953, 0.5823734713011283, 0.5788922438444909, 0.5847832111977026]
epoch 43
avg_train_loss: 0.5817, train_losses:[0.5817743372484605, 0.581102743450055, 0.5822720210003235, 0.5787769262166753, 0.5845272302814922]
epoch 44
avg_train_loss: 0.5815, train_losses:[0.5815509041552297, 0.5810222586874437, 0.5821367303177367, 0.5784356574066093, 0.5843787972549442]
epoch 45
avg_train_loss: 0.5813, train_losses:[0.5813693602275656, 0.5807667761561477, 0.5818794337478844, 0.578337105706746, 0.5842733410875279]
epoch 46
avg_train_loss: 0.5812, train_losses:[0.5812927365087162, 0.5806746637140572, 0.5816667897266983, 0.57812898232731, 0.5840681660113414]
epoch 47
avg_train_loss: 0.5810, train_losses:[0.5811923060405934, 0.5805393951344947, 0.5813670563849337, 0.5779508568890522, 0.583976280339774]
epoch 48
avg_train_loss: 0.5808, train_losses:[0.5809515046015157, 0.5803191587336548, 0.5813029098263094, 0.5778040930455158, 0.5837969256299465]
epoch 49
avg_train_loss: 0.5807, train_losses:[0.580835550647734, 0.5802844863368543, 0.5812026088603615, 0.577535703995672, 0.5837000493910757]
epoch 50
avg_train_loss: 0.5805, train_losses:[0.5806189805791625, 0.5799441358460414, 0.5811754428403942, 0.577361813397469, 0.5834980117821769]
avg_val_loss: 0.5925, val_losses:[0.5810599808804044, 0.5981122040351069, 0.5878910154238642, 0.5993959873495197, 0.5962135838869167]
epoch 51
avg_train_loss: 0.5804, train_losses:[0.5804440270083796, 0.5799140857042122, 0.5809626758646443, 0.5770935975925261, 0.5835217268712635]
epoch 52
avg_train_loss: 0.5803, train_losses:[0.5804717545771324, 0.5797203283659088, 0.5808518335727761, 0.5769708484719782, 0.5833215712238339]
epoch 53
avg_train_loss: 0.5801, train_losses:[0.5801256010923973, 0.5796567377962013, 0.5806778925803703, 0.5769032404378118, 0.5831618972150162]
epoch 54
avg_train_loss: 0.5800, train_losses:[0.5801077210105234, 0.5793632792510867, 0.5805479880278138, 0.5767062985767131, 0.58314990281684]
epoch 55
avg_train_loss: 0.5799, train_losses:[0.5800206296146679, 0.5793570147697245, 0.5804289248304347, 0.5766074694485612, 0.5829919854140077]
epoch 56
avg_train_loss: 0.5798, train_losses:[0.5798585591580327, 0.5792794179394202, 0.5803234382563182, 0.5764069015062001, 0.5829965166459403]
epoch 57
avg_train_loss: 0.5796, train_losses:[0.5797598282888516, 0.5791312800007848, 0.5800094853505066, 0.5762605929028883, 0.5828823372161631]
epoch 58
avg_train_loss: 0.5796, train_losses:[0.579750089225524, 0.579030665484712, 0.5800912361074635, 0.5761552837914339, 0.5827575087734661]
epoch 59
avg_train_loss: 0.5794, train_losses:[0.579385274601214, 0.5789271676919586, 0.5799133934985098, 0.5760839100041584, 0.582691086952325]
epoch 60
avg_train_loss: 0.5793, train_losses:[0.579337078660587, 0.5788737584884164, 0.579795243007564, 0.5759880862243925, 0.5826441453497674]
avg_val_loss: 0.5922, val_losses:[0.5798813383794635, 0.5974542717961677, 0.5874866528297294, 0.5982096156608673, 0.5981162061223311]
epoch 61
avg_train_loss: 0.5792, train_losses:[0.5791754404806962, 0.5787165318403962, 0.5796972443527383, 0.5758524333754143, 0.5825671315787838]
epoch 62
avg_train_loss: 0.5791, train_losses:[0.579095664802979, 0.5787006410856895, 0.5796223014718375, 0.5756891558335852, 0.5824184827918936]
epoch 63
avg_train_loss: 0.5790, train_losses:[0.5790614421242111, 0.5785111319148333, 0.5794895999936764, 0.5755861030054821, 0.5824057731053959]
epoch 64
avg_train_loss: 0.5789, train_losses:[0.5789923963782345, 0.5784721289667714, 0.5793852670414217, 0.5755432299070821, 0.5822757195258248]
epoch 65
avg_train_loss: 0.5788, train_losses:[0.5787905748351473, 0.578262419776302, 0.5792171386067272, 0.5755269063389916, 0.5821489961938778]
epoch 66
avg_train_loss: 0.5787, train_losses:[0.5787352602788225, 0.5782952963945402, 0.5791248185900917, 0.5753364535626803, 0.5820551578531308]
epoch 67
avg_train_loss: 0.5787, train_losses:[0.5789171149277991, 0.5781713038480297, 0.5789530103368828, 0.5753504168177936, 0.5819517590275582]
epoch 68
avg_train_loss: 0.5785, train_losses:[0.5784892679262802, 0.5780781136365731, 0.5789140279399696, 0.5751626019721501, 0.5817495332123299]
epoch 69
avg_train_loss: 0.5784, train_losses:[0.5784388201003007, 0.5779987531547873, 0.5787981776258082, 0.5751505763832471, 0.5816793474153008]
epoch 70
avg_train_loss: 0.5784, train_losses:[0.5784123422902621, 0.5779498120288143, 0.5787627040437668, 0.5750843349220641, 0.5816010408581028]
avg_val_loss: 0.5917, val_losses:[0.5792187115884436, 0.5967984966555954, 0.58701010410685, 0.5973120031174992, 0.5981470665330767]
epoch 71
avg_train_loss: 0.5782, train_losses:[0.5782090918812586, 0.5778405586619134, 0.5787290589681602, 0.5749679107001194, 0.5814716975000105]
epoch 72
avg_train_loss: 0.5782, train_losses:[0.578272550869441, 0.5777842689066373, 0.5787535874433919, 0.5748560665962649, 0.5814750443207723]
epoch 73
avg_train_loss: 0.5782, train_losses:[0.5782284612483264, 0.5777685714439262, 0.5786859407559178, 0.5747549583434766, 0.5813262106837251]
epoch 74
avg_train_loss: 0.5781, train_losses:[0.5781217628875664, 0.5776453370333866, 0.578586470200162, 0.5746145844826118, 0.5813317748388176]
epoch 75
avg_train_loss: 0.5780, train_losses:[0.5780073545793484, 0.5775874319732969, 0.5783642453539949, 0.5746001988067924, 0.5813297718351976]
epoch 76
avg_train_loss: 0.5779, train_losses:[0.5778619084196266, 0.577481360405263, 0.5783494616241545, 0.5745139508043391, 0.5811700038087487]
epoch 77
avg_train_loss: 0.5778, train_losses:[0.5778776074342131, 0.5773864458157717, 0.5782889464744909, 0.5744239645456882, 0.5810476799748937]
epoch 78
avg_train_loss: 0.5777, train_losses:[0.5777407480865767, 0.5773998966271459, 0.578268303850626, 0.5743160329663147, 0.5809437418482547]
epoch 79
avg_train_loss: 0.5776, train_losses:[0.5775841903335417, 0.5772115487825411, 0.5781705667621703, 0.5742742943723816, 0.5809228718036411]
epoch 80
avg_train_loss: 0.5776, train_losses:[0.5776181762840936, 0.5771661150030644, 0.5781207226544428, 0.5741779688093649, 0.5807202636454296]
avg_val_loss: 0.5909, val_losses:[0.5780858757620677, 0.5959351755759096, 0.586851609922977, 0.5975077796441798, 0.5961045629669239]
epoch 81
avg_train_loss: 0.5775, train_losses:[0.5774836022461931, 0.5771338198982248, 0.5782224038954977, 0.5741141998656248, 0.580629812277323]
epoch 82
avg_train_loss: 0.5774, train_losses:[0.5774542849480232, 0.5770113628754655, 0.5779896442526923, 0.5740269153132064, 0.5805081595313244]
epoch 83
avg_train_loss: 0.5774, train_losses:[0.5773991472403311, 0.5769651155548051, 0.5781112759302388, 0.5738728178255371, 0.580592952494545]
epoch 84
avg_train_loss: 0.5773, train_losses:[0.5772701459994554, 0.5768547451043595, 0.5780868065403235, 0.5738318523720926, 0.5804614303329366]
epoch 85
avg_train_loss: 0.5772, train_losses:[0.5771705577618464, 0.5768527743141615, 0.5779832128245589, 0.5737838239719003, 0.5804558175988775]
epoch 86
avg_train_loss: 0.5772, train_losses:[0.5771667116034624, 0.5766649717603085, 0.5779428273815157, 0.5736668509440634, 0.580358264964999]
epoch 87
avg_train_loss: 0.5771, train_losses:[0.5770565635355495, 0.5767150968002639, 0.57790778043896, 0.5736280671047286, 0.5802785251429616]
epoch 88
avg_train_loss: 0.5770, train_losses:[0.5768882036616423, 0.5765272154571638, 0.5777805919515572, 0.5735269680970041, 0.5800549747498452]
epoch 89
avg_train_loss: 0.5770, train_losses:[0.576989360407484, 0.5765667765916145, 0.5777517169338224, 0.573375175824623, 0.5801888599134427]
no_improve_num: 1
epoch 90
avg_train_loss: 0.5769, train_losses:[0.5766933953655745, 0.5764821190741504, 0.5776635956649357, 0.5733747335635353, 0.5800419458522487]
avg_val_loss: 0.5909, val_losses:[0.5774040726408438, 0.5959533466998876, 0.586003926220008, 0.5973243477550771, 0.5978128613019132]
epoch 91
avg_train_loss: 0.5768, train_losses:[0.5768556329217245, 0.5764815288747294, 0.5776067777689649, 0.5732104396888905, 0.5800163412910351]
epoch 92
avg_train_loss: 0.5768, train_losses:[0.576746827232201, 0.5763717636027652, 0.5774876402913313, 0.5732278113462196, 0.5799888165796717]
epoch 93
avg_train_loss: 0.5767, train_losses:[0.5765667986661266, 0.5762118293658456, 0.5775833655341329, 0.573162321461177, 0.579855716890759]
epoch 94
avg_train_loss: 0.5766, train_losses:[0.5764309513592095, 0.5762421168875971, 0.5774683634380364, 0.5731476674931757, 0.5798294421703385]
epoch 95
avg_train_loss: 0.5765, train_losses:[0.5764380079813519, 0.5761023563719074, 0.5773376485071082, 0.57294821092582, 0.5797278596653677]
epoch 96
avg_train_loss: 0.5765, train_losses:[0.5764459957084092, 0.576108371553233, 0.5772143111229106, 0.5729107605456638, 0.5798421145642213]
epoch 97
avg_train_loss: 0.5764, train_losses:[0.5764347848643098, 0.5761253672167972, 0.5771947690475813, 0.5728617534089774, 0.5795712909306499]
epoch 98
avg_train_loss: 0.5764, train_losses:[0.5762786309573348, 0.5760324650391299, 0.577226316398945, 0.5727876095677781, 0.5796542516599608]
epoch 99
avg_train_loss: 0.5763, train_losses:[0.5762398134319157, 0.575925937187123, 0.5771732377428407, 0.5727559870828322, 0.5795203638570433]
no_improve_num: 2
epoch 100
avg_train_loss: 0.5763, train_losses:[0.5761881624605103, 0.5758794158789793, 0.577126534675865, 0.5727045475595507, 0.5795011557165156]
avg_val_loss: 0.5910, val_losses:[0.5774031281634173, 0.5957122486895741, 0.5857821272601355, 0.5967032430405596, 0.5995441874791652]
epoch 101
avg_train_loss: 0.5762, train_losses:[0.5761181539774275, 0.5759092050185718, 0.5771040636229556, 0.5726066828721058, 0.5794936190525397]
epoch 102
avg_train_loss: 0.5762, train_losses:[0.5761517857908123, 0.5757909371532969, 0.5771303382778321, 0.5726152162982495, 0.5794345547230139]
epoch 103
avg_train_loss: 0.5761, train_losses:[0.575990090134505, 0.5756208050640809, 0.5769787409440231, 0.5726104003826612, 0.5794287982030336]
epoch 104
avg_train_loss: 0.5761, train_losses:[0.5759935766325115, 0.5755276261719469, 0.5770122185392742, 0.572365049468924, 0.5794537066069232]
epoch 105
avg_train_loss: 0.5760, train_losses:[0.5760121606161781, 0.5756169458186211, 0.5768286589840232, 0.572353717627416, 0.5794240083910491]
epoch 106
avg_train_loss: 0.5760, train_losses:[0.5759152951033459, 0.575400714451962, 0.576918033934081, 0.5723904675516761, 0.5793083253838056]
epoch 107
avg_train_loss: 0.5759, train_losses:[0.5757343641257602, 0.575332095671324, 0.5768177081788572, 0.572368121911485, 0.5792329222090146]
epoch 108
avg_train_loss: 0.5759, train_losses:[0.5758896657048477, 0.5752187748591876, 0.5767206404639833, 0.5722561026310315, 0.5793380316805609]
epoch 109
avg_train_loss: 0.5759, train_losses:[0.5758355492778474, 0.5753277096700452, 0.5766733068590076, 0.5722124925679486, 0.5792829923793008]
epoch 110
avg_train_loss: 0.5758, train_losses:[0.5757984325610997, 0.575179125673115, 0.576702762805642, 0.5721918196550183, 0.5791837332457879]
avg_val_loss: 0.5907, val_losses:[0.5767915081510261, 0.5953019484317545, 0.5857729840037502, 0.5954445442802123, 0.6003599863452557]
epoch 111
avg_train_loss: 0.5757, train_losses:[0.5757027683139283, 0.5750730115751396, 0.5766138494326337, 0.572126509599146, 0.5791784911488386]
epoch 112
avg_train_loss: 0.5757, train_losses:[0.5756851654067886, 0.5750959217232701, 0.5765796103654905, 0.5720393776630897, 0.5790835202791105]
epoch 113
avg_train_loss: 0.5757, train_losses:[0.5757364313155295, 0.5749471120852762, 0.5766958887732571, 0.5719503064926547, 0.5790611847235203]
epoch 114
avg_train_loss: 0.5756, train_losses:[0.5755982161297334, 0.5750256777929812, 0.5766337601802157, 0.5718986067654768, 0.5790746042241942]
epoch 115
avg_train_loss: 0.5756, train_losses:[0.575542829203468, 0.5749343055629036, 0.5766692136734124, 0.5717955426872947, 0.5790544409919375]
epoch 116
avg_train_loss: 0.5755, train_losses:[0.5755100618193407, 0.5748836338045527, 0.5765990904676302, 0.5718297088672055, 0.5789214190000456]
epoch 117
avg_train_loss: 0.5755, train_losses:[0.5755072666635258, 0.5748945084843209, 0.5765415471370853, 0.5715345576057779, 0.5789822808042875]
epoch 118
avg_train_loss: 0.5755, train_losses:[0.5755316693065033, 0.5748219811607198, 0.5765890985443207, 0.5717068172714556, 0.5789000103141956]
epoch 119
avg_train_loss: 0.5754, train_losses:[0.5753920622533756, 0.5747833512655984, 0.5765993534677538, 0.5715997745206098, 0.5788067312527015]
epoch 120
avg_train_loss: 0.5754, train_losses:[0.5754525264233191, 0.5748091865604982, 0.5765514279648478, 0.5714937396680758, 0.5789066544929065]
avg_val_loss: 0.5897, val_losses:[0.5763603282118163, 0.5942356450743113, 0.5850967170111351, 0.5948690101392318, 0.597798841761526]
epoch 121
avg_train_loss: 0.5754, train_losses:[0.5754048564564637, 0.5746795612192579, 0.5763890215658688, 0.5714558741703966, 0.5788703233235779]
epoch 122
avg_train_loss: 0.5753, train_losses:[0.5752337301771695, 0.5747131155325521, 0.5763458198578385, 0.5714780759067234, 0.5787648964982322]
epoch 123
avg_train_loss: 0.5753, train_losses:[0.5752658029137325, 0.5746431153505774, 0.5763330317278378, 0.5714294602316421, 0.5788062260469257]
epoch 124
avg_train_loss: 0.5752, train_losses:[0.5752421722066053, 0.5744871604258082, 0.576183114215723, 0.5713316385079307, 0.5787320853020954]
epoch 125
avg_train_loss: 0.5752, train_losses:[0.5753109153674144, 0.5745555845906721, 0.5760372836368967, 0.571360496972327, 0.5787421033586718]
epoch 126
avg_train_loss: 0.5752, train_losses:[0.5753197898568871, 0.5745223412043853, 0.5760290909461925, 0.5712968848749298, 0.5787102367784444]
epoch 127
avg_train_loss: 0.5751, train_losses:[0.5751910855292981, 0.574485621101795, 0.5760759437447117, 0.5713192356218503, 0.5785907688558924]
epoch 128
avg_train_loss: 0.5750, train_losses:[0.5751538541489118, 0.5743965453459958, 0.5758755717612504, 0.5711088865739816, 0.5786631371628901]
epoch 129
avg_train_loss: 0.5750, train_losses:[0.5750676461204897, 0.5744960860029399, 0.5757817850980662, 0.5712069596353299, 0.5786094806739113]
no_improve_num: 1
epoch 130
avg_train_loss: 0.5749, train_losses:[0.5749559174531566, 0.5743124361313879, 0.5757083512857166, 0.5710520885224655, 0.5785401744547316]
avg_val_loss: 0.5903, val_losses:[0.5764039831929183, 0.5943631560111349, 0.5852668594430994, 0.5953412779827204, 0.5999338529910332]
epoch 131
avg_train_loss: 0.5749, train_losses:[0.575008510227642, 0.5742253792046824, 0.5758530323321376, 0.5711361811501313, 0.5785214437175126]
epoch 132
avg_train_loss: 0.5749, train_losses:[0.5750598584896484, 0.5742966188626689, 0.5756820833922923, 0.5709666710860029, 0.5784485294133959]
epoch 133
avg_train_loss: 0.5749, train_losses:[0.5749278155565628, 0.5743301597406317, 0.575708483074973, 0.5711427846999906, 0.5784560673440824]
epoch 134
avg_train_loss: 0.5749, train_losses:[0.5749234988642419, 0.5743667060209501, 0.575632277533611, 0.5709794690567677, 0.5783909060182151]
epoch 135
avg_train_loss: 0.5748, train_losses:[0.5747991769576205, 0.5742803163171959, 0.5756871331787722, 0.5709374620443846, 0.5783084470977773]
epoch 136
avg_train_loss: 0.5748, train_losses:[0.5748095476892513, 0.5741541577537389, 0.5756286243026745, 0.5709233186118452, 0.5783019769471966]
epoch 137
avg_train_loss: 0.5747, train_losses:[0.5747078313986205, 0.5741544939608383, 0.5755459985547459, 0.57086795124084, 0.5783300259831141]
epoch 138
avg_train_loss: 0.5747, train_losses:[0.574904701426418, 0.5741192042780765, 0.575636980903606, 0.5708397162006629, 0.5781748631139979]
epoch 139
avg_train_loss: 0.5747, train_losses:[0.574747421556401, 0.5741162713210152, 0.5755079887194103, 0.5707947796262006, 0.5782028344732597]
no_improve_num: 2
epoch 140
avg_train_loss: 0.5747, train_losses:[0.5747429400231346, 0.5740509515221348, 0.57552176725552, 0.5708696399858181, 0.5782086408592825]
avg_val_loss: 0.5899, val_losses:[0.575841762800596, 0.5942738600338974, 0.5843483537732862, 0.5942330962731504, 0.6009362095721502]
epoch 141
avg_train_loss: 0.5747, train_losses:[0.5745689634903367, 0.5740843551589112, 0.5755041755414348, 0.5708805676269006, 0.5782155637102765]
epoch 142
avg_train_loss: 0.5746, train_losses:[0.5744594567991131, 0.574083178796575, 0.5755278404264809, 0.5708187866804397, 0.5781661747126562]
epoch 143
avg_train_loss: 0.5746, train_losses:[0.5745356496810815, 0.5740735759052282, 0.5755427170468618, 0.5708007069178126, 0.5780198184481341]
epoch 144
avg_train_loss: 0.5746, train_losses:[0.5746405214660865, 0.5740531941043808, 0.5753850070853528, 0.5707574226253648, 0.5780773084721181]
epoch 145
avg_train_loss: 0.5745, train_losses:[0.5744699833414848, 0.5740108321381613, 0.5754767746078462, 0.5705387856022491, 0.5778934069673302]
epoch 146
avg_train_loss: 0.5745, train_losses:[0.5746574897355864, 0.5740229397565132, 0.5752781411790667, 0.5706986164683773, 0.5779275281337729]
epoch 147
avg_train_loss: 0.5745, train_losses:[0.5745038619336177, 0.5740351983568701, 0.5751799883223999, 0.5706681397125197, 0.5779794686859189]
epoch 148
avg_train_loss: 0.5745, train_losses:[0.5743755796693145, 0.5741421819938872, 0.5752808160828621, 0.5706105684461797, 0.5780172044907956]
epoch 149
avg_train_loss: 0.5745, train_losses:[0.5744221395238454, 0.5739377691690607, 0.5752448889275384, 0.5707479564518029, 0.5779330857842447]
no_improve_num: 3
epoch 150
avg_train_loss: 0.5744, train_losses:[0.5743399898086251, 0.5738962244913356, 0.5752318599024749, 0.5705562642371564, 0.5778972409585142]
avg_val_loss: 0.5898, val_losses:[0.5757823792966285, 0.5940591784567557, 0.5844018952074608, 0.5942127046338095, 0.6007358851883827]
batch_size:32, weight_decay:0.01, learning_rate:0.0005, model_name:noisyFCN, init_noiselevel:0.005
fold 0
model_name noisyFCN
using Adam as optimizer
fold 1
model_name noisyFCN
using Adam as optimizer
fold 2
model_name noisyFCN
using Adam as optimizer
fold 3
model_name noisyFCN
using Adam as optimizer
fold 4
model_name noisyFCN
using Adam as optimizer
epoch 0
avg_train_loss: 0.7038, train_losses:[0.7021431591499612, 0.6992646482668018, 0.7019423851716928, 0.7118304884604412, 0.7036364808977994]
avg_val_loss: 0.6564, val_losses:[0.6496484983817824, 0.6652043381316651, 0.657913020453167, 0.6668461731211057, 0.6423513807352284]
epoch 1
avg_train_loss: 0.6479, train_losses:[0.6494275885834441, 0.6417946538210086, 0.6447598267518839, 0.6534075171379599, 0.6502879726539728]
epoch 2
avg_train_loss: 0.6356, train_losses:[0.6396743477940677, 0.6291757628541089, 0.6317594493116081, 0.6389359112753998, 0.638341424515522]
epoch 3
avg_train_loss: 0.6274, train_losses:[0.6326083822086951, 0.6209796675184229, 0.6229679837304095, 0.6298151700282507, 0.6307780642000821]
epoch 4
avg_train_loss: 0.6213, train_losses:[0.6271371370124863, 0.6147791634586123, 0.6167095244209828, 0.6225998498155466, 0.6250728225918176]
epoch 5
avg_train_loss: 0.6160, train_losses:[0.6221057968087186, 0.6099450635617581, 0.6113568988240494, 0.6167893529795695, 0.6199882976935831]
epoch 6
avg_train_loss: 0.6114, train_losses:[0.6169228330542222, 0.6059843942278104, 0.6069773579212413, 0.6118668933148045, 0.6154489360929953]
epoch 7
avg_train_loss: 0.6078, train_losses:[0.6125402534651994, 0.6028695033617079, 0.6036738113974606, 0.6078854198977909, 0.6118097455551736]
epoch 8
avg_train_loss: 0.6048, train_losses:[0.6089026675900613, 0.6003352418670722, 0.601227461383402, 0.6048319001598126, 0.6085251414036187]
epoch 9
avg_train_loss: 0.6023, train_losses:[0.6059194016323004, 0.5982599438701088, 0.5990560981220195, 0.602430721810002, 0.6057296241463672]
epoch 10
avg_train_loss: 0.6003, train_losses:[0.6036597810216966, 0.5964048250684342, 0.5975461756583913, 0.6003781349677622, 0.6032959537394014]
avg_val_loss: 0.6059, val_losses:[0.5986308793324631, 0.608569090705565, 0.602556532045458, 0.6124140237285838, 0.6072512588388872]
epoch 11
avg_train_loss: 0.5986, train_losses:[0.601763753063813, 0.5949331307922783, 0.5963480888149616, 0.5986160512785886, 0.6014559529095509]
epoch 12
avg_train_loss: 0.5972, train_losses:[0.6003304644469565, 0.5934894508967153, 0.5951692728393123, 0.5969635946538348, 0.5999394139949294]
epoch 13
avg_train_loss: 0.5958, train_losses:[0.5987354963646192, 0.5925530534082716, 0.5941800384859232, 0.595225628896533, 0.5984648491973937]
epoch 14
avg_train_loss: 0.5949, train_losses:[0.5979576728046379, 0.5916061142497252, 0.5935424653740117, 0.5939824768420137, 0.5973451397360976]
epoch 15
avg_train_loss: 0.5938, train_losses:[0.596559852515441, 0.5907373345354011, 0.592867527102717, 0.5928942292921567, 0.596179884257531]
epoch 16
avg_train_loss: 0.5930, train_losses:[0.59552350867274, 0.5900329008138913, 0.592252034107548, 0.5919495144456796, 0.5952943962414082]
epoch 17
avg_train_loss: 0.5922, train_losses:[0.5946037303917913, 0.5892020821485814, 0.5917126801124981, 0.5909150240646704, 0.5945771189600747]
epoch 18
avg_train_loss: 0.5915, train_losses:[0.5938066841251203, 0.5885512075943279, 0.5910760613327191, 0.5902236673928637, 0.5936603596118593]
epoch 19
avg_train_loss: 0.5908, train_losses:[0.5929172657399369, 0.5878513798941944, 0.5907406462722715, 0.5895245885632714, 0.5928539423867948]
epoch 20
avg_train_loss: 0.5902, train_losses:[0.5920973057835194, 0.587332805597196, 0.5902847272100848, 0.5888227580242676, 0.5922547889176134]
avg_val_loss: 0.5982, val_losses:[0.5895203247745783, 0.6006718505205997, 0.5962661880196909, 0.6058235612579654, 0.5986532484201084]
epoch 21
avg_train_loss: 0.5895, train_losses:[0.5913200454565769, 0.586660083444801, 0.5897543520874804, 0.5882858960978475, 0.5916398083868779]
epoch 22
avg_train_loss: 0.5890, train_losses:[0.5907158734825558, 0.5861380976713665, 0.5893540252797542, 0.5877839494947814, 0.5910737139085155]
epoch 23
avg_train_loss: 0.5885, train_losses:[0.5900452656729129, 0.5857547229443502, 0.5890304683054516, 0.5870556451618788, 0.5905904147131971]
epoch 24
avg_train_loss: 0.5880, train_losses:[0.5892947329061302, 0.5851570316511611, 0.5886860800057443, 0.5867315336588886, 0.5901131704317281]
epoch 25
avg_train_loss: 0.5876, train_losses:[0.5886700263224428, 0.5847551744213215, 0.5882777778981841, 0.5862044193280563, 0.5900681743013153]
epoch 26
avg_train_loss: 0.5872, train_losses:[0.5881144367162231, 0.5843819653075089, 0.5879157976420384, 0.5858018018329996, 0.5896503204886862]
epoch 27
avg_train_loss: 0.5867, train_losses:[0.5876177081253815, 0.5838938555662236, 0.58767254074902, 0.5853253172366674, 0.5891627210100867]
epoch 28
avg_train_loss: 0.5864, train_losses:[0.587242520736932, 0.5835404880478519, 0.5873934936465599, 0.5848705151439768, 0.5888589569107177]
epoch 29
avg_train_loss: 0.5860, train_losses:[0.5866121422215188, 0.5832602975105129, 0.587180898509451, 0.5845954473760695, 0.5885500320364123]
epoch 30
avg_train_loss: 0.5856, train_losses:[0.5863063334237484, 0.5827895930362692, 0.5868734412146538, 0.5840642654218008, 0.5881760900131712]
avg_val_loss: 0.5957, val_losses:[0.585069953548105, 0.5977116784584137, 0.5941896383205496, 0.6041816477976293, 0.5975416222838772]
epoch 31
avg_train_loss: 0.5853, train_losses:[0.5859054487493768, 0.5825008717437639, 0.5867575185285152, 0.583603211312648, 0.5878985674594357]
epoch 32
avg_train_loss: 0.5850, train_losses:[0.5856039310664943, 0.5821349292868295, 0.5864920780033654, 0.5832738318543336, 0.5876881386903982]
epoch 33
avg_train_loss: 0.5847, train_losses:[0.5851775751932761, 0.5817127171349517, 0.586348847156057, 0.5828880616354414, 0.5872704593091287]
epoch 34
avg_train_loss: 0.5844, train_losses:[0.5847988863501619, 0.5815051961092578, 0.5860862853089855, 0.5825806511596273, 0.5870435107466268]
epoch 35
avg_train_loss: 0.5841, train_losses:[0.5844569073595208, 0.5811356135043895, 0.5860439171882152, 0.5823164903228005, 0.586742339530766]
epoch 36
avg_train_loss: 0.5839, train_losses:[0.5841943066829774, 0.5808993373687981, 0.5857231654711741, 0.5820929981106496, 0.5865055075170108]
epoch 37
avg_train_loss: 0.5836, train_losses:[0.5838942834337681, 0.5804307440520922, 0.5856324356910646, 0.5816960866753411, 0.5865795772079238]
epoch 38
avg_train_loss: 0.5834, train_losses:[0.5835183403206609, 0.5802715205272954, 0.5854378282854797, 0.5815922231206107, 0.5861157075342494]
epoch 39
avg_train_loss: 0.5832, train_losses:[0.5834573857988011, 0.5799454840368359, 0.5854510575574663, 0.5812661214737839, 0.5858802799116609]
epoch 40
avg_train_loss: 0.5829, train_losses:[0.5830432415114447, 0.5797673920626749, 0.5851784798144789, 0.5808794799725359, 0.5856770406749155]
avg_val_loss: 0.5939, val_losses:[0.5823067586995774, 0.5959771299062409, 0.5925379855981107, 0.6030080733655074, 0.595530329423892]
epoch 41
avg_train_loss: 0.5827, train_losses:[0.5827715660985054, 0.5793446652054335, 0.5851183362453071, 0.5807675626545775, 0.5855050242116612]
epoch 42
avg_train_loss: 0.5824, train_losses:[0.5824668958070855, 0.579075282586669, 0.5848290046502802, 0.5804102309548411, 0.5852764651547923]
epoch 43
avg_train_loss: 0.5823, train_losses:[0.5822622424497079, 0.5788814734601223, 0.5847786890249467, 0.5801245537190173, 0.5852648849180687]
epoch 44
avg_train_loss: 0.5820, train_losses:[0.5820973651635698, 0.5787425007839517, 0.5845296913433659, 0.5798161576210253, 0.5849817294688014]
epoch 45
avg_train_loss: 0.5818, train_losses:[0.5818982865155674, 0.5783045260313249, 0.5844578640968565, 0.5796592282569497, 0.5848253849785364]
epoch 46
avg_train_loss: 0.5817, train_losses:[0.5816639350395556, 0.5781551544677777, 0.584271539810289, 0.5794436837886605, 0.5848936416647612]
epoch 47
avg_train_loss: 0.5814, train_losses:[0.581445001935097, 0.5778560244288024, 0.5840782164207639, 0.5791713405927098, 0.5845670953700496]
epoch 48
avg_train_loss: 0.5812, train_losses:[0.5811270297980917, 0.5777044238323891, 0.5839030929583123, 0.5788731542202872, 0.5844617846584945]
epoch 49
avg_train_loss: 0.5811, train_losses:[0.5808447130365815, 0.5775820829477537, 0.5838863372224345, 0.5787609583569749, 0.5842290754704034]
epoch 50
avg_train_loss: 0.5808, train_losses:[0.5805948377205455, 0.5772477478561808, 0.5837660693012785, 0.5784040258283247, 0.5841559780145809]
avg_val_loss: 0.5925, val_losses:[0.5802228076179057, 0.5941077914087437, 0.5911783445349023, 0.6015379056426139, 0.5953280984247363]
epoch 51
avg_train_loss: 0.5806, train_losses:[0.5802885662826299, 0.5771415822367545, 0.5835583126573057, 0.5782736029697279, 0.5839094725302926]
epoch 52
avg_train_loss: 0.5804, train_losses:[0.5799674394699564, 0.5768846486774569, 0.5834513380097615, 0.5780425695949051, 0.5837583272561718]
epoch 53
avg_train_loss: 0.5803, train_losses:[0.5796987317846426, 0.5769384249178766, 0.5832895023425162, 0.577965835967836, 0.5836041914980089]
epoch 54
avg_train_loss: 0.5801, train_losses:[0.5795283474810412, 0.5766728194316231, 0.5831977156659693, 0.5778336439223277, 0.5833527437769293]
epoch 55
avg_train_loss: 0.5799, train_losses:[0.5792492928656303, 0.5763456469296261, 0.583073296524778, 0.5776586339524802, 0.583184083824163]
epoch 56
avg_train_loss: 0.5798, train_losses:[0.5790147646835465, 0.5763600190560656, 0.5829235616268595, 0.5774471567339146, 0.5830260675079235]
epoch 57
avg_train_loss: 0.5796, train_losses:[0.5788216340320667, 0.5762122658501684, 0.582918467084454, 0.5773121880512314, 0.582946360343399]
epoch 58
avg_train_loss: 0.5795, train_losses:[0.5787258006223229, 0.5759265346469586, 0.5828586921977179, 0.5770880459240212, 0.5827478156831725]
epoch 59
avg_train_loss: 0.5793, train_losses:[0.5783943554365049, 0.5758601379218571, 0.5826666634877957, 0.5770040686758524, 0.5827015913810107]
epoch 60
avg_train_loss: 0.5792, train_losses:[0.578264748279905, 0.5757066298240673, 0.5825104279464688, 0.5768226414117504, 0.5825529133905327]
avg_val_loss: 0.5919, val_losses:[0.5783681354513581, 0.593212172896122, 0.5901276544174308, 0.6007993111718593, 0.596940427073499]
epoch 61
avg_train_loss: 0.5790, train_losses:[0.5780338428553817, 0.5755341949879005, 0.5824340008433168, 0.5766509999749715, 0.5825019785007917]
epoch 62
avg_train_loss: 0.5789, train_losses:[0.5778612886490354, 0.575345587666459, 0.582323752294522, 0.5765124459202633, 0.5824190409429187]
epoch 63
avg_train_loss: 0.5787, train_losses:[0.5776875111880527, 0.5750915082138783, 0.5821832909746809, 0.5764403835442548, 0.5822075015088973]
epoch 64
avg_train_loss: 0.5787, train_losses:[0.5776380617576933, 0.5750974757310392, 0.5821097747235294, 0.5763644269648568, 0.5821576313770777]
epoch 65
avg_train_loss: 0.5785, train_losses:[0.5776040266521987, 0.5749567643698456, 0.5818748192074855, 0.5761155346254788, 0.5821546264297245]
epoch 66
avg_train_loss: 0.5784, train_losses:[0.5772824537812306, 0.5747948596258128, 0.5818738553746983, 0.5759271254940126, 0.5820019894062015]
epoch 67
avg_train_loss: 0.5783, train_losses:[0.5771465889474889, 0.5747924990643727, 0.5818812108856118, 0.5759381238635508, 0.5819165594137576]
epoch 68
avg_train_loss: 0.5782, train_losses:[0.5770447329391881, 0.5746079238086647, 0.5817351856808286, 0.5758637186260362, 0.5819157889807536]
epoch 69
avg_train_loss: 0.5781, train_losses:[0.5769432518371174, 0.5744817474332616, 0.5816488217968608, 0.5757115363532976, 0.581895097049514]
epoch 70
avg_train_loss: 0.5780, train_losses:[0.5768310062649122, 0.574380113561067, 0.5815491929294414, 0.5756033502775485, 0.5817595824682763]
avg_val_loss: 0.5917, val_losses:[0.5775269908552794, 0.5927995825801144, 0.5895477844682468, 0.6006543865796238, 0.598055001260675]
epoch 71
avg_train_loss: 0.5779, train_losses:[0.5766802976384545, 0.5742599470820593, 0.5815092355657472, 0.575502963017549, 0.581640453282904]
epoch 72
avg_train_loss: 0.5778, train_losses:[0.5766927211164153, 0.5742610989585705, 0.581324917218746, 0.5753919573551476, 0.5815441476910984]
epoch 73
avg_train_loss: 0.5777, train_losses:[0.5766068826033908, 0.574076465621581, 0.5812938119808179, 0.5753418808795262, 0.5813218292535711]
epoch 74
avg_train_loss: 0.5776, train_losses:[0.5764611977725538, 0.5740323014412001, 0.5812037695654555, 0.5752294320503297, 0.5813174060219638]
epoch 75
avg_train_loss: 0.5776, train_losses:[0.5763394975640236, 0.5739737477562257, 0.5810256548386006, 0.5751692462383745, 0.5812519462248398]
epoch 76
avg_train_loss: 0.5775, train_losses:[0.5763085029104603, 0.5738372435212791, 0.5810202501716012, 0.5750581240529353, 0.5811959707103206]
epoch 77
avg_train_loss: 0.5774, train_losses:[0.5761631020463583, 0.5738131525242223, 0.5810321403726073, 0.574991357179059, 0.5810582576324921]
epoch 78
avg_train_loss: 0.5773, train_losses:[0.5762464176232982, 0.5736705150554392, 0.5808173298762438, 0.5748756230804116, 0.5808550550529699]
epoch 79
avg_train_loss: 0.5772, train_losses:[0.5760429496075469, 0.5734755835502349, 0.5807122618258336, 0.5747622787355705, 0.5807934566218296]
epoch 80
avg_train_loss: 0.5771, train_losses:[0.5759573821350715, 0.5734047903110182, 0.5806404401412297, 0.574668721387444, 0.580645947707584]
avg_val_loss: 0.5910, val_losses:[0.5766553022675099, 0.5923242916561662, 0.5886808250858531, 0.5999824874010408, 0.5973771981784983]
epoch 81
avg_train_loss: 0.5770, train_losses:[0.5758160872483362, 0.5735167385300349, 0.5806451422505804, 0.5746203318778462, 0.5805280333303665]
epoch 82
avg_train_loss: 0.5769, train_losses:[0.575780070369357, 0.5732881380193857, 0.5805586045728528, 0.5745968202985453, 0.5804640016090484]
epoch 83
avg_train_loss: 0.5768, train_losses:[0.5756808322690682, 0.5733144709429091, 0.5804657153783956, 0.5744839660999255, 0.5802668618857738]
epoch 84
avg_train_loss: 0.5768, train_losses:[0.5756199702059938, 0.5732893118624701, 0.5804151373720594, 0.5744053345597079, 0.5800846259996705]
epoch 85
avg_train_loss: 0.5767, train_losses:[0.5753618653839612, 0.5732349606969943, 0.5804478842905745, 0.5743967157508831, 0.5800119513197481]
epoch 86
avg_train_loss: 0.5766, train_losses:[0.5753968223360689, 0.5732311729090864, 0.5802772942697908, 0.5742825348351893, 0.5799359112297786]
epoch 87
avg_train_loss: 0.5766, train_losses:[0.575429559067601, 0.5731308810100014, 0.5802182833599426, 0.5742607780991529, 0.5798913753674593]
epoch 88
avg_train_loss: 0.5765, train_losses:[0.5753414083436291, 0.5730743232833051, 0.5801680937807043, 0.5741607166678309, 0.5798040372117778]
epoch 89
avg_train_loss: 0.5765, train_losses:[0.5753303232584669, 0.5730112081780996, 0.580079708864061, 0.5740952023509326, 0.5798297873795546]
epoch 90
avg_train_loss: 0.5764, train_losses:[0.5753291204979549, 0.5729487861054487, 0.5800008423430147, 0.5741442213782029, 0.5797652365186428]
avg_val_loss: 0.5905, val_losses:[0.5760754072529315, 0.5925283077083455, 0.5881286265909696, 0.6001814003441688, 0.5955818971856296]
epoch 91
avg_train_loss: 0.5764, train_losses:[0.5752774051522298, 0.5729781864147002, 0.5799498064438059, 0.5740779374247552, 0.5796225393455472]
epoch 92
avg_train_loss: 0.5763, train_losses:[0.5751930755875982, 0.5728630711355602, 0.5798390397702267, 0.5739949468231651, 0.5795406724881389]
epoch 93
avg_train_loss: 0.5763, train_losses:[0.5751812364457388, 0.5728748443451147, 0.579822408526532, 0.5739716283810796, 0.579453336580767]
epoch 94
avg_train_loss: 0.5762, train_losses:[0.5751425745233292, 0.5730128562637368, 0.5797064175089949, 0.5738378169484292, 0.5793490227298103]
epoch 95
avg_train_loss: 0.5761, train_losses:[0.5750068289640478, 0.5728281473715924, 0.5795131650902785, 0.573798384618624, 0.579131696110005]
epoch 96
avg_train_loss: 0.5761, train_losses:[0.5749884642184312, 0.5728673850072152, 0.5794875303722281, 0.5738239835763314, 0.5791161161018424]
epoch 97
avg_train_loss: 0.5760, train_losses:[0.5749570098085228, 0.5726471463824279, 0.5795587479373733, 0.5737947779948659, 0.5789906639364943]
epoch 98
avg_train_loss: 0.5760, train_losses:[0.57486446728105, 0.5727822434838242, 0.5793861083289982, 0.573786476263526, 0.5790316674314073]
epoch 99
avg_train_loss: 0.5759, train_losses:[0.574977851084667, 0.5727186116916609, 0.5793555583447808, 0.57364618812647, 0.5789509757842068]
epoch 100
avg_train_loss: 0.5759, train_losses:[0.5748380559796691, 0.5726605864813807, 0.5793500150272802, 0.5737295566881448, 0.5789030152778409]
avg_val_loss: 0.5902, val_losses:[0.5757802470885162, 0.5925123045332725, 0.5876470501507275, 0.5999906258747945, 0.5950159312858812]
epoch 101
avg_train_loss: 0.5758, train_losses:[0.5748972752705488, 0.5725551268675364, 0.5792306102258594, 0.5735666379920605, 0.5785835245047597]
epoch 102
avg_train_loss: 0.5758, train_losses:[0.5748313114311296, 0.5726478115952728, 0.5792889220870897, 0.5735997937299688, 0.57871502890798]
epoch 103
avg_train_loss: 0.5757, train_losses:[0.5747461021404734, 0.5725528784178977, 0.579166956359184, 0.5735794747739681, 0.5786610293684883]
epoch 104
avg_train_loss: 0.5757, train_losses:[0.57472663302773, 0.5724356984030696, 0.5791732346322794, 0.5734903193806854, 0.5786501487552329]
epoch 105
avg_train_loss: 0.5757, train_losses:[0.5747491898125944, 0.5724672934837686, 0.5790145701309066, 0.5735157611061178, 0.5785088735646982]
epoch 106
avg_train_loss: 0.5756, train_losses:[0.5746656121866147, 0.572512074051978, 0.5789997947225403, 0.5734746977215922, 0.5783719314290019]
epoch 107
avg_train_loss: 0.5755, train_losses:[0.5746042363101997, 0.5723723068868483, 0.5789131625250064, 0.5734650751151137, 0.5783562818983792]
epoch 108
avg_train_loss: 0.5755, train_losses:[0.5746522511416644, 0.5722942649778452, 0.5789532534558931, 0.5734899383514716, 0.5782040993429621]
epoch 109
avg_train_loss: 0.5755, train_losses:[0.5746142931475232, 0.5723567246295066, 0.5788099007272995, 0.5734246009483764, 0.5781916793544256]
epoch 110
avg_train_loss: 0.5754, train_losses:[0.5745020699614272, 0.5723307428758504, 0.5788257632183215, 0.5732162712306007, 0.5782266946231241]
avg_val_loss: 0.5894, val_losses:[0.5750583642792046, 0.5917608776965134, 0.5872691706081582, 0.6005831671670208, 0.5925231835534496]
epoch 111
avg_train_loss: 0.5754, train_losses:[0.5744983888843052, 0.5723491735272963, 0.5788290229551442, 0.573189135412126, 0.5780916039541606]
epoch 112
avg_train_loss: 0.5754, train_losses:[0.5744696595717915, 0.5723759235937236, 0.5787354414042775, 0.573214377596311, 0.5780198889929234]
epoch 113
avg_train_loss: 0.5753, train_losses:[0.5743570819634068, 0.5722984581799813, 0.5786483279013245, 0.5732321899037914, 0.5780113440231497]
epoch 114
avg_train_loss: 0.5753, train_losses:[0.5743217907145135, 0.5722531203336987, 0.5786248073406971, 0.5731414239010348, 0.5779172655979564]
epoch 115
avg_train_loss: 0.5753, train_losses:[0.5742276949470629, 0.5723211383063601, 0.5786978007768157, 0.5731722261831376, 0.5778798522585253]
epoch 116
avg_train_loss: 0.5752, train_losses:[0.5741995135036138, 0.5722888178399651, 0.5784860327526727, 0.5731007637709423, 0.5777719684583625]
epoch 117
avg_train_loss: 0.5751, train_losses:[0.5741305119962709, 0.5722938554334287, 0.5784587502178139, 0.5729994310308139, 0.5777599242389471]
epoch 118
avg_train_loss: 0.5751, train_losses:[0.574158100118219, 0.5721888795037311, 0.578407081383548, 0.5729478757237738, 0.5777155253320864]
epoch 119
avg_train_loss: 0.5750, train_losses:[0.5741517812641912, 0.5721687033345295, 0.5783640552431403, 0.5729299544306453, 0.5776329079465461]
epoch 120
avg_train_loss: 0.5750, train_losses:[0.5740722108535716, 0.5720129435693015, 0.5783061305157784, 0.5730394398650445, 0.5775148055340662]
avg_val_loss: 0.5889, val_losses:[0.5745170436360658, 0.5919859690126604, 0.5868554428918319, 0.5992974719992097, 0.5917592800302282]
epoch 121
avg_train_loss: 0.5750, train_losses:[0.5740703877033475, 0.5721516013817519, 0.578328574455672, 0.5729820238402207, 0.577553726312191]
epoch 122
avg_train_loss: 0.5749, train_losses:[0.5741082543730797, 0.5720894427572727, 0.5782033214441358, 0.5728195936091593, 0.5774636969461098]
epoch 123
avg_train_loss: 0.5749, train_losses:[0.573998534836637, 0.5721726223516339, 0.5781535817356738, 0.5728429707465558, 0.5774817918841592]
epoch 124
avg_train_loss: 0.5749, train_losses:[0.5739756031536888, 0.5720794083366071, 0.5781480992610598, 0.5728182493062, 0.5773352139982122]
epoch 125
avg_train_loss: 0.5748, train_losses:[0.5738713936956921, 0.5719721905069185, 0.5780386050072424, 0.5727550394123594, 0.5773382419948127]
epoch 126
avg_train_loss: 0.5748, train_losses:[0.5738841196284791, 0.5719036057168339, 0.5780635278767572, 0.5728074379264545, 0.5773905492535996]
epoch 127
avg_train_loss: 0.5748, train_losses:[0.5739962507468136, 0.5718472883353232, 0.5780047629147317, 0.5728013151759237, 0.5773155818395118]
epoch 128
avg_train_loss: 0.5748, train_losses:[0.5740533488133308, 0.571870799413625, 0.5779865016193333, 0.5727218876396762, 0.5772470846452461]
epoch 129
avg_train_loss: 0.5747, train_losses:[0.5739122885612052, 0.5718885382605751, 0.5779279214689761, 0.5727090192612175, 0.5772241033889629]
epoch 130
avg_train_loss: 0.5747, train_losses:[0.5737963024721965, 0.5718842995530512, 0.5778605055567889, 0.5725348729935678, 0.5772265157356473]
avg_val_loss: 0.5888, val_losses:[0.5745691210785019, 0.5914907361194542, 0.5868738850837557, 0.5996212348417292, 0.5911971383925146]
epoch 131
avg_train_loss: 0.5746, train_losses:[0.5737555200504475, 0.5718395979044301, 0.5778497533550243, 0.5726122364875832, 0.5771411767671616]
epoch 132
avg_train_loss: 0.5746, train_losses:[0.5738242583234598, 0.5717907339445482, 0.5778534953463134, 0.5725873378971804, 0.5771419827210149]
epoch 133
avg_train_loss: 0.5746, train_losses:[0.5738283698586586, 0.5718357589372169, 0.5778388222802645, 0.5724923508542487, 0.5770747688024507]
epoch 134
avg_train_loss: 0.5746, train_losses:[0.5737230017280768, 0.5718633719767456, 0.5777683977153372, 0.5725064893297475, 0.5770623861961357]
epoch 135
avg_train_loss: 0.5746, train_losses:[0.5738078114352391, 0.5717117291966098, 0.5777890367018667, 0.5724267044242773, 0.5770223715461081]
epoch 136
avg_train_loss: 0.5745, train_losses:[0.5736111977866372, 0.5716811426618555, 0.5776461206673639, 0.5724890082631613, 0.5771088489413148]
epoch 137
avg_train_loss: 0.5745, train_losses:[0.5736609277357984, 0.5716313944995417, 0.5777683489656743, 0.5724200558832673, 0.5769175110341291]
epoch 138
avg_train_loss: 0.5744, train_losses:[0.5736234824776458, 0.5716563199208937, 0.5775797171217493, 0.5723362523993278, 0.5770047348762969]
epoch 139
avg_train_loss: 0.5744, train_losses:[0.5736496345669456, 0.5716460010772987, 0.5775170564553733, 0.5723944548849047, 0.5768962977312784]
no_improve_num: 1
epoch 140
avg_train_loss: 0.5744, train_losses:[0.5736297282774415, 0.5715356328691299, 0.5774959312328598, 0.5723312258135899, 0.5769120828814075]
avg_val_loss: 0.5890, val_losses:[0.5739863955234917, 0.591645209657636, 0.5869002939166634, 0.5999824527640379, 0.5923740616778066]
epoch 141
avg_train_loss: 0.5744, train_losses:[0.5735921984074541, 0.5716091321494438, 0.5775627247533747, 0.572253909255661, 0.5769629824417315]
epoch 142
avg_train_loss: 0.5744, train_losses:[0.5735766146247125, 0.571576885608938, 0.5774937241075061, 0.5722773795636281, 0.5768396340059064]
epoch 143
avg_train_loss: 0.5743, train_losses:[0.5734564144239804, 0.5715205443892354, 0.5774387209995536, 0.5721369980105933, 0.57674701915293]
epoch 144
avg_train_loss: 0.5743, train_losses:[0.5734757379414781, 0.5714248262439219, 0.5774864782563491, 0.572133391144482, 0.5767667641059059]
epoch 145
avg_train_loss: 0.5743, train_losses:[0.573460957235962, 0.5715184083080074, 0.577437338968913, 0.5722492311362276, 0.5766269065479414]
epoch 146
avg_train_loss: 0.5742, train_losses:[0.5734054666049057, 0.5715123548491234, 0.5774294875747266, 0.5721519332763889, 0.5767030455635368]
epoch 147
avg_train_loss: 0.5742, train_losses:[0.5733077126372584, 0.5714913047153876, 0.5773260271003013, 0.5721472624754129, 0.5767716767195878]
epoch 148
avg_train_loss: 0.5741, train_losses:[0.5733990789449557, 0.5714232922883389, 0.5773763719607692, 0.57204518014583, 0.5764924357037442]
epoch 149
avg_train_loss: 0.5741, train_losses:[0.57335910534563, 0.5714044221526847, 0.5772393329601266, 0.5721219953349524, 0.576609600102688]
epoch 150
avg_train_loss: 0.5741, train_losses:[0.5733192402676115, 0.571418174508533, 0.5771906708173725, 0.5720330802746358, 0.5766176840793701]
avg_val_loss: 0.5887, val_losses:[0.5739102059005632, 0.5921038344484121, 0.5864421685764792, 0.5996888536189576, 0.5914562646810835]
epoch 151
avg_train_loss: 0.5741, train_losses:[0.5732685510883383, 0.5714575466726151, 0.5773874695485082, 0.5719506942293513, 0.5766275851627476]
epoch 152
avg_train_loss: 0.5741, train_losses:[0.5732324621795276, 0.571441350102722, 0.5773133535911711, 0.5719587139511115, 0.5765073000773782]
epoch 153
avg_train_loss: 0.5741, train_losses:[0.5733337816543793, 0.5713930163689949, 0.5772092753582976, 0.5718695904608855, 0.5765191109694955]
epoch 154
avg_train_loss: 0.5740, train_losses:[0.5731823223682432, 0.5715258788450711, 0.5771874443420068, 0.571909667232436, 0.57641474179057]
epoch 155
avg_train_loss: 0.5741, train_losses:[0.573251900525627, 0.5714634956304044, 0.5773146212066361, 0.5718699034723345, 0.5764302716842356]
epoch 156
avg_train_loss: 0.5740, train_losses:[0.5731588877554484, 0.5713433003011764, 0.5772162381693643, 0.5718559254234895, 0.5763190688861431]
epoch 157
avg_train_loss: 0.5740, train_losses:[0.573264529087393, 0.5712861223721336, 0.5771370591185206, 0.5718220411869697, 0.5763333687833445]
epoch 158
avg_train_loss: 0.5740, train_losses:[0.5731609522752589, 0.5712981908351603, 0.5770518992740382, 0.5717960377172397, 0.5764587405227451]
epoch 159
avg_train_loss: 0.5739, train_losses:[0.5731459947333295, 0.5713543446160041, 0.5771245564704721, 0.5717646339102838, 0.5763281362661495]
no_improve_num: 1
epoch 160
avg_train_loss: 0.5740, train_losses:[0.5731757864878934, 0.5713485930661425, 0.5772046838801531, 0.5717712889378074, 0.5763107185214208]
avg_val_loss: 0.5890, val_losses:[0.5736928764255675, 0.5921216705172248, 0.5868298966196761, 0.5997947597578606, 0.5925328071779603]
epoch 161
avg_train_loss: 0.5739, train_losses:[0.5731047494372284, 0.5712974733554755, 0.5771336606823189, 0.5717469417876156, 0.5763552575769916]
epoch 162
avg_train_loss: 0.5739, train_losses:[0.5731494430759727, 0.5712650435103722, 0.5770513624758333, 0.5717158862881109, 0.5764442441428279]
epoch 163
avg_train_loss: 0.5739, train_losses:[0.5731407195155538, 0.5713903541551418, 0.576978208361543, 0.5717231986927303, 0.5762230971601796]
epoch 164
avg_train_loss: 0.5739, train_losses:[0.573071761271322, 0.5713242611312547, 0.577019795854331, 0.571677153918294, 0.5761985701828425]
epoch 165
avg_train_loss: 0.5738, train_losses:[0.572970751654272, 0.5712564469043642, 0.5770039632440399, 0.5716498793026843, 0.5762617966264295]
epoch 166
avg_train_loss: 0.5738, train_losses:[0.5730525679912053, 0.5711997200191687, 0.5770259993543191, 0.5715198783149162, 0.5761626080988013]
epoch 167
avg_train_loss: 0.5738, train_losses:[0.5730429604340492, 0.5712315054530754, 0.5768966938338396, 0.5716458841174139, 0.5761998448481696]
epoch 168
avg_train_loss: 0.5738, train_losses:[0.5729674724232866, 0.5713081361655473, 0.5769768891838954, 0.5717536421474175, 0.5762120972072978]
epoch 169
avg_train_loss: 0.5738, train_losses:[0.5730894505437937, 0.571257459391095, 0.5768739543797912, 0.5716516690417627, 0.5761704629026705]
no_improve_num: 2
epoch 170
avg_train_loss: 0.5738, train_losses:[0.5730786627568321, 0.5711994919260602, 0.5769334979271071, 0.5715494552172093, 0.5761112099717317]
avg_val_loss: 0.5888, val_losses:[0.5735557819913283, 0.5918836895276146, 0.5866641453809062, 0.5991710953590599, 0.5928276400705581]
epoch 171
avg_train_loss: 0.5738, train_losses:[0.5730514255298126, 0.5712179556862195, 0.57699063040575, 0.5715056953635219, 0.5761494100362661]
epoch 172
avg_train_loss: 0.5737, train_losses:[0.5729519015585847, 0.5712585702162232, 0.5768916115231455, 0.5714921048314228, 0.576026784688605]
epoch 173
avg_train_loss: 0.5737, train_losses:[0.5730026481511404, 0.5712660197194682, 0.5767257380266398, 0.5715270378496192, 0.576118314430755]
epoch 174
avg_train_loss: 0.5737, train_losses:[0.5729709631533105, 0.5712129980632205, 0.5768054035537842, 0.5715590146305857, 0.5760732698354204]
epoch 175
avg_train_loss: 0.5737, train_losses:[0.5729761007694248, 0.5711937433740474, 0.5767650988327042, 0.5715346938062709, 0.5760913205363475]
epoch 176
avg_train_loss: 0.5737, train_losses:[0.572999832112214, 0.5711280815780649, 0.5766436766074313, 0.5714430633151959, 0.5761579579386178]
epoch 177
avg_train_loss: 0.5737, train_losses:[0.5729884213246421, 0.57120822364299, 0.576607324338022, 0.5715306889828763, 0.5760120493198851]
epoch 178
avg_train_loss: 0.5737, train_losses:[0.5729987867346842, 0.5711334465317158, 0.5767348343650607, 0.57142396625034, 0.5760179265521012]
epoch 179
avg_train_loss: 0.5736, train_losses:[0.5729260494944688, 0.5711961608946122, 0.5766287012576291, 0.5714080666426115, 0.576032553154767]
no_improve_num: 3
epoch 180
avg_train_loss: 0.5736, train_losses:[0.5728789335430823, 0.5712152036611378, 0.5766349645679567, 0.5714454876145239, 0.5758475717200401]
avg_val_loss: 0.5888, val_losses:[0.5735560501552075, 0.591778511816611, 0.5862000355861283, 0.5997147013601163, 0.5926984813840354]
batch_size:32, weight_decay:0.01, learning_rate:0.0005, model_name:noisyFCN, init_noiselevel:0.01
fold 0
model_name noisyFCN
using Adam as optimizer
fold 1
model_name noisyFCN
using Adam as optimizer
fold 2
model_name noisyFCN
using Adam as optimizer
fold 3
model_name noisyFCN
using Adam as optimizer
fold 4
model_name noisyFCN
using Adam as optimizer
epoch 0
avg_train_loss: 0.7052, train_losses:[0.7039937736045782, 0.7008039386743207, 0.7023399660294614, 0.7090376388425036, 0.7098538515605903]
avg_val_loss: 0.6591, val_losses:[0.6583869970608918, 0.6679793859548022, 0.6628700973998332, 0.6611343118781777, 0.6450714040089331]
epoch 1
avg_train_loss: 0.6497, train_losses:[0.6536524611354897, 0.6450620439558713, 0.6495670326204039, 0.6504928580203567, 0.6499738304915121]
epoch 2
avg_train_loss: 0.6367, train_losses:[0.6393697188921034, 0.6315980745859987, 0.636879932533368, 0.63797163832162, 0.6377719483268673]
epoch 3
avg_train_loss: 0.6282, train_losses:[0.6297131229274627, 0.6234174940967908, 0.6284491221551285, 0.6294711082659515, 0.629997280890521]
epoch 4
avg_train_loss: 0.6216, train_losses:[0.6226370097648565, 0.6170067811894515, 0.6222456290426426, 0.6226327063571597, 0.623557005266487]
epoch 5
avg_train_loss: 0.6163, train_losses:[0.6169869884353196, 0.6118666310193382, 0.617435310496848, 0.6167583997490653, 0.6183709456643006]
epoch 6
avg_train_loss: 0.6117, train_losses:[0.6123311324742273, 0.6075373731361862, 0.6128777509633057, 0.611840092401035, 0.6140274805694848]
epoch 7
avg_train_loss: 0.6079, train_losses:[0.6085683755233192, 0.6039975746795543, 0.6092812602189329, 0.6073515454395854, 0.6103114258710259]
epoch 8
avg_train_loss: 0.6048, train_losses:[0.6054903839993868, 0.6006281385762432, 0.6064087121015888, 0.6040894113490973, 0.6075323274776847]
epoch 9
avg_train_loss: 0.6024, train_losses:[0.6030999035693031, 0.5983029332827972, 0.6036854419505572, 0.6015901797650823, 0.6050783333653584]
epoch 10
avg_train_loss: 0.6005, train_losses:[0.6010790943700256, 0.5964101593165385, 0.6019902598785785, 0.5997546662919183, 0.6031451802061802]
avg_val_loss: 0.6067, val_losses:[0.5988363299691418, 0.6086843018243755, 0.6064126725745557, 0.6135923060234313, 0.6061156709836831]
epoch 11
avg_train_loss: 0.5988, train_losses:[0.5992387236702261, 0.5949989501463889, 0.6002767955873581, 0.5979077144008749, 0.6014386626423521]
epoch 12
avg_train_loss: 0.5973, train_losses:[0.5975842023973572, 0.5937941192920775, 0.598843498359833, 0.5964335397511612, 0.6000444235918349]
epoch 13
avg_train_loss: 0.5961, train_losses:[0.5962423938007526, 0.5927786328919085, 0.5978505498979987, 0.595078960136936, 0.5987411672436541]
epoch 14
avg_train_loss: 0.5951, train_losses:[0.5950069479015758, 0.5920099435263338, 0.5968548289312143, 0.5939744567180285, 0.5975709149538371]
epoch 15
avg_train_loss: 0.5942, train_losses:[0.5941512354023004, 0.5914830609707502, 0.5961515810278909, 0.5928831503880209, 0.5964422203713433]
epoch 16
avg_train_loss: 0.5933, train_losses:[0.5930222543656865, 0.5906937343904725, 0.5953359384053177, 0.5921076163158233, 0.5955285056091584]
epoch 17
avg_train_loss: 0.5925, train_losses:[0.5920533284228765, 0.5901369348244235, 0.5946202775511258, 0.5911451126232901, 0.5947442529622495]
epoch 18
avg_train_loss: 0.5919, train_losses:[0.5913476531215657, 0.5896696376068182, 0.5939966099012227, 0.590359537058396, 0.5938975004912302]
epoch 19
avg_train_loss: 0.5913, train_losses:[0.5907213145554947, 0.589321463730931, 0.5934009021513079, 0.5896699913275043, 0.5931926893010009]
epoch 20
avg_train_loss: 0.5907, train_losses:[0.5900423505542732, 0.5888635589055956, 0.5928498121733856, 0.5891320572384283, 0.5924226720712379]
avg_val_loss: 0.5998, val_losses:[0.5899728507687358, 0.6034734560212623, 0.5984077368812906, 0.6099225758316902, 0.5972600340224016]
epoch 21
avg_train_loss: 0.5901, train_losses:[0.5896001251230935, 0.5883540197884612, 0.5922643872073454, 0.5885258589009785, 0.5919314916096083]
epoch 22
avg_train_loss: 0.5896, train_losses:[0.5889381018099422, 0.5877638938881781, 0.5918408450248746, 0.5880837891726008, 0.5913114441179164]
epoch 23
avg_train_loss: 0.5891, train_losses:[0.5884371689237023, 0.5873366731274713, 0.5914046533710504, 0.5875538712483946, 0.5905607263662621]
epoch 24
avg_train_loss: 0.5886, train_losses:[0.5879796024581335, 0.5869222209740904, 0.590889351885731, 0.5871518390894009, 0.5901358870839558]
epoch 25
avg_train_loss: 0.5882, train_losses:[0.5875719698361672, 0.5865352820880869, 0.590505741656521, 0.5868505006491533, 0.5895362373737261]
epoch 26
avg_train_loss: 0.5877, train_losses:[0.5870898508535165, 0.586151964843597, 0.589941020548256, 0.5863650130957572, 0.5889554801079457]
epoch 27
avg_train_loss: 0.5873, train_losses:[0.5867817526015658, 0.5858455976904015, 0.5896454318911352, 0.5859076314897163, 0.5884655347259152]
epoch 28
avg_train_loss: 0.5869, train_losses:[0.5863721734471294, 0.5855239384092965, 0.5892119008361546, 0.5855946181640556, 0.5880435172229643]
epoch 29
avg_train_loss: 0.5866, train_losses:[0.5860967263026946, 0.5851789243249713, 0.5888627888332177, 0.5854287179017713, 0.5875392744934459]
epoch 30
avg_train_loss: 0.5862, train_losses:[0.5856771268859104, 0.5848783291587376, 0.5884863093475512, 0.5850683468610591, 0.5871130650985497]
avg_val_loss: 0.5967, val_losses:[0.5860106738413294, 0.6002586635471906, 0.5946865119258937, 0.6074501984315246, 0.5952259663710378]
epoch 31
avg_train_loss: 0.5860, train_losses:[0.585519627891892, 0.5845860457234613, 0.5882212028075898, 0.5847320709139884, 0.5866972836287145]
epoch 32
avg_train_loss: 0.5857, train_losses:[0.5852802251854637, 0.5844680529067289, 0.5878391944498987, 0.5843137558095867, 0.5864697614091822]
epoch 33
avg_train_loss: 0.5853, train_losses:[0.5850894439431011, 0.5840397739482088, 0.5874348099358722, 0.5840297365551518, 0.5859859839959501]
epoch 34
avg_train_loss: 0.5850, train_losses:[0.5848716838956063, 0.5838952444173773, 0.5869546116638685, 0.5837387528939882, 0.5856246854684808]
epoch 35
avg_train_loss: 0.5847, train_losses:[0.5845555497962392, 0.5834989263015331, 0.5866612118069368, 0.5834767160869155, 0.585353256807442]
epoch 36
avg_train_loss: 0.5844, train_losses:[0.5842318805268429, 0.583192820464208, 0.5863312378173915, 0.5832907980129163, 0.5850393546520402]
epoch 37
avg_train_loss: 0.5841, train_losses:[0.5840070228098959, 0.5830710525087783, 0.5860132650062775, 0.5828141918784631, 0.5847515703608009]
epoch 38
avg_train_loss: 0.5838, train_losses:[0.583671107395878, 0.5827802897485339, 0.5856592598422345, 0.5826541553908721, 0.584414963654128]
epoch 39
avg_train_loss: 0.5837, train_losses:[0.5835393349473549, 0.5826459875047181, 0.5856009145158891, 0.5823987620089155, 0.5842556370946901]
epoch 40
avg_train_loss: 0.5834, train_losses:[0.5834270549691338, 0.5825684962324943, 0.5852107253876082, 0.5820869233379171, 0.5838951702137145]
avg_val_loss: 0.5946, val_losses:[0.5837542206004163, 0.5982618719905521, 0.5913041674066016, 0.6049481183433038, 0.5948714668174595]
epoch 41
avg_train_loss: 0.5832, train_losses:[0.5833278535924913, 0.5821181504296365, 0.5848939683690942, 0.5819925065196102, 0.5835949338262844]
epoch 42
avg_train_loss: 0.5830, train_losses:[0.5830990552380857, 0.5819894446275621, 0.5847635757374471, 0.5817074210198083, 0.5835546225052771]
epoch 43
avg_train_loss: 0.5828, train_losses:[0.5828343712949947, 0.5817440265931744, 0.5845273715583701, 0.5815792065767399, 0.5831178586323665]
epoch 44
avg_train_loss: 0.5826, train_losses:[0.5827990965750006, 0.5815863926185755, 0.5842901734580437, 0.5813018304113851, 0.5828701471091458]
epoch 45
avg_train_loss: 0.5823, train_losses:[0.5824523389158192, 0.5814401308790516, 0.584017137728501, 0.5811041098733495, 0.5826986652059569]
epoch 46
avg_train_loss: 0.5822, train_losses:[0.5823968880164406, 0.581314607095795, 0.5837346550751691, 0.5809714455444803, 0.5824562570216862]
epoch 47
avg_train_loss: 0.5820, train_losses:[0.5822906940763053, 0.5811002680742692, 0.5835843106567764, 0.5808882879299302, 0.5823230663210345]
epoch 48
avg_train_loss: 0.5819, train_losses:[0.5820003024118462, 0.5810911201166415, 0.5834395072891686, 0.5806549496952028, 0.5821638572398505]
epoch 49
avg_train_loss: 0.5817, train_losses:[0.5818651598702327, 0.5808628188552385, 0.583314793668406, 0.5805599906624013, 0.5819207278165691]
epoch 50
avg_train_loss: 0.5816, train_losses:[0.5817080826014275, 0.5806463858852927, 0.5832465637954994, 0.5803241332307538, 0.5818784684451923]
avg_val_loss: 0.5936, val_losses:[0.5824420624854901, 0.5973750592923578, 0.5890660086941716, 0.6056603694916814, 0.59361959655732]
epoch 51
avg_train_loss: 0.5814, train_losses:[0.581440609298634, 0.580500873958229, 0.5830149367855421, 0.5802724627600943, 0.5816746826899806]
epoch 52
avg_train_loss: 0.5812, train_losses:[0.5813954693633149, 0.5804370476317552, 0.582832057112636, 0.5800759539679703, 0.5813140476134463]
epoch 53
avg_train_loss: 0.5810, train_losses:[0.5812307062886942, 0.5803321287344994, 0.5826574204889968, 0.580017458653472, 0.5808653341659973]
epoch 54
avg_train_loss: 0.5809, train_losses:[0.5809255999609995, 0.5802356037565033, 0.5825416632873635, 0.5798524852396463, 0.5811154378377725]
epoch 55
avg_train_loss: 0.5808, train_losses:[0.5807682774714313, 0.5801486971784258, 0.5823945204634147, 0.5797219886048489, 0.580940756378106]
epoch 56
avg_train_loss: 0.5807, train_losses:[0.5806909540033798, 0.5800935881172958, 0.5821345449654809, 0.5794977300299543, 0.5809401568736603]
epoch 57
avg_train_loss: 0.5805, train_losses:[0.5805024419593531, 0.5798058927040844, 0.5820470839748011, 0.5794657809118808, 0.5806374127941085]
epoch 58
avg_train_loss: 0.5804, train_losses:[0.580352626632739, 0.579914922289321, 0.5817569512678503, 0.5793366503378664, 0.5806371820002317]
epoch 59
avg_train_loss: 0.5803, train_losses:[0.580394557311993, 0.5796999450070762, 0.5816971860589517, 0.5793040681238458, 0.5803529845653246]
epoch 60
avg_train_loss: 0.5802, train_losses:[0.580062576716919, 0.5796356348966629, 0.58158805840211, 0.5792787408268268, 0.580202148710751]
avg_val_loss: 0.5929, val_losses:[0.5813905389090289, 0.5972279559739939, 0.5880014536011589, 0.6046322584966827, 0.5930916262396442]
epoch 61
avg_train_loss: 0.5800, train_losses:[0.5801629974481434, 0.5794998229040773, 0.5813941104499163, 0.5789446189246554, 0.5801501351292706]
epoch 62
avg_train_loss: 0.5799, train_losses:[0.5799893325633028, 0.5794264094840231, 0.5811872711557838, 0.5789014054024131, 0.5800397179199076]
epoch 63
avg_train_loss: 0.5798, train_losses:[0.5797435633610843, 0.5794712696846245, 0.5811443451541121, 0.5786303839094716, 0.5800420023247373]
epoch 64
avg_train_loss: 0.5797, train_losses:[0.5797543292242409, 0.5792724643601797, 0.5809841886425986, 0.5785325340371424, 0.5798203570808204]
epoch 65
avg_train_loss: 0.5796, train_losses:[0.5795946285995668, 0.579292372319681, 0.5808810392194123, 0.5784654540723905, 0.5797823010913918]
epoch 66
avg_train_loss: 0.5795, train_losses:[0.5795129070186833, 0.579089831459912, 0.5807763612416582, 0.5784650792415139, 0.5796846248045537]
epoch 67
avg_train_loss: 0.5794, train_losses:[0.5793231126509965, 0.5791898292704496, 0.5804545157477166, 0.5782541793216406, 0.5796991392076056]
epoch 68
avg_train_loss: 0.5793, train_losses:[0.5791986605069942, 0.5790179879187104, 0.5805104948692532, 0.5782458711496101, 0.5795148069030587]
epoch 69
avg_train_loss: 0.5793, train_losses:[0.5791215461185218, 0.5790694491804679, 0.5804657565947416, 0.5781669820703635, 0.5794593094109479]
epoch 70
avg_train_loss: 0.5792, train_losses:[0.5790182645883722, 0.578852912116744, 0.580398864153367, 0.5780544798735547, 0.5794281298726149]
avg_val_loss: 0.5923, val_losses:[0.5800945672308534, 0.5965245729410308, 0.5873226634837311, 0.6040058536364665, 0.5937378575170933]
epoch 71
avg_train_loss: 0.5790, train_losses:[0.5788556931814481, 0.5788193879591191, 0.5803661085488298, 0.5779287124407582, 0.5792516558828845]
epoch 72
avg_train_loss: 0.5789, train_losses:[0.5786999028776734, 0.5787497853749711, 0.5801221619652875, 0.5777354074731353, 0.5793609401518911]
epoch 73
avg_train_loss: 0.5788, train_losses:[0.578554986015425, 0.5786409005703474, 0.5799825486394873, 0.5778371427223078, 0.5790854973294166]
epoch 74
avg_train_loss: 0.5788, train_losses:[0.5785019889610875, 0.5786901145310984, 0.5798233222879148, 0.5778341683126569, 0.5790814534552651]
epoch 75
avg_train_loss: 0.5787, train_losses:[0.5784344964937839, 0.5785513455864427, 0.5798383798382388, 0.5775714989574776, 0.5790031765781988]
epoch 76
avg_train_loss: 0.5786, train_losses:[0.5783868957849718, 0.5784706837084066, 0.5797981787995474, 0.5774898697630808, 0.5789010983087235]
epoch 77
avg_train_loss: 0.5786, train_losses:[0.5782847200699588, 0.5783954356579157, 0.5795479083703149, 0.5775492265425916, 0.5789847253400868]
epoch 78
avg_train_loss: 0.5784, train_losses:[0.5781928657137195, 0.5783438463827247, 0.579484296278009, 0.5773346110652451, 0.5788581688310892]
epoch 79
avg_train_loss: 0.5784, train_losses:[0.5780941179327617, 0.5783195989435866, 0.5794100504661684, 0.5772960005512561, 0.5787974120416455]
epoch 80
avg_train_loss: 0.5783, train_losses:[0.577954491878324, 0.5782655104197961, 0.5793064945269629, 0.5772072847888154, 0.5786947418068934]
avg_val_loss: 0.5921, val_losses:[0.5795741449642885, 0.5968193621995167, 0.5864376652610583, 0.603544402793732, 0.594227476237966]
epoch 81
avg_train_loss: 0.5782, train_losses:[0.5779165091111996, 0.5781816553930217, 0.5791910419287499, 0.5770856863442136, 0.5786886266611534]
epoch 82
avg_train_loss: 0.5782, train_losses:[0.5778384838288518, 0.578164866049468, 0.5790881764173108, 0.5771519654180108, 0.5785908579655288]
epoch 83
avg_train_loss: 0.5780, train_losses:[0.5777717317772192, 0.5780529751276486, 0.5789980564550165, 0.5769155566092864, 0.5784866462456686]
epoch 84
avg_train_loss: 0.5780, train_losses:[0.5776179661719675, 0.5780190738154072, 0.5789769776400965, 0.5768996146610186, 0.5784667231426615]
epoch 85
avg_train_loss: 0.5779, train_losses:[0.5776095700817113, 0.5779339051891832, 0.5788889319813524, 0.5769004617772927, 0.5784012329444804]
epoch 86
avg_train_loss: 0.5779, train_losses:[0.5774543985587489, 0.5778863672600473, 0.5787523218828381, 0.5768037376602742, 0.5783854457293277]
epoch 87
avg_train_loss: 0.5778, train_losses:[0.5773476351210485, 0.5779195192078765, 0.5786451018067995, 0.5768547745411154, 0.5781238615814251]
epoch 88
avg_train_loss: 0.5777, train_losses:[0.577290252894321, 0.5778199990226545, 0.5786095181882339, 0.5766990332385215, 0.5781707149419006]
epoch 89
avg_train_loss: 0.5777, train_losses:[0.5772692218759435, 0.5776978467458761, 0.5785754145476825, 0.5767819070971227, 0.578318785746208]
epoch 90
avg_train_loss: 0.5776, train_losses:[0.5770913746785705, 0.5777111386346121, 0.5784179300439448, 0.5765316078573833, 0.5780715175065673]
avg_val_loss: 0.5914, val_losses:[0.5794494066372651, 0.5956974307647148, 0.5855988034120883, 0.6018422489464731, 0.5941943565211445]
epoch 91
avg_train_loss: 0.5776, train_losses:[0.5771517205006986, 0.577710740142726, 0.5784475455689969, 0.5765835354740115, 0.5779681055780739]
epoch 92
avg_train_loss: 0.5775, train_losses:[0.5770739267044049, 0.5774518809992407, 0.5783330908165267, 0.5766079596640264, 0.5780048589449331]
epoch 93
avg_train_loss: 0.5774, train_losses:[0.57699860155503, 0.5775611064710783, 0.5781607575732154, 0.576479693779952, 0.5780362145682738]
epoch 94
avg_train_loss: 0.5773, train_losses:[0.5768746192830756, 0.5775599877664144, 0.5780454942040169, 0.5763434593890628, 0.5778748607340611]
epoch 95
avg_train_loss: 0.5773, train_losses:[0.5768420807659579, 0.5774213291495142, 0.5778617052298426, 0.5762495634622372, 0.5779219107890498]
epoch 96
avg_train_loss: 0.5772, train_losses:[0.5768099895148281, 0.5772417073764339, 0.5779717316303116, 0.5762191485247891, 0.5776692061203008]
epoch 97
avg_train_loss: 0.5772, train_losses:[0.5767760905079974, 0.5772945981273019, 0.5779291405323267, 0.5761802035531246, 0.5777413935646327]
epoch 98
avg_train_loss: 0.5770, train_losses:[0.5766595409863647, 0.5771951871761908, 0.5777104873499513, 0.5759990544983404, 0.5776851111639877]
epoch 99
avg_train_loss: 0.5770, train_losses:[0.5766845097930225, 0.5772248632142031, 0.5777839027393804, 0.575936977485811, 0.5775665440275253]
no_improve_num: 1
epoch 100
avg_train_loss: 0.5770, train_losses:[0.5767653586476136, 0.5771417904976276, 0.5776870226568408, 0.5758422581485254, 0.5775891083975022]
avg_val_loss: 0.5914, val_losses:[0.5789129866168231, 0.5953026498229155, 0.5847865266521006, 0.6025812286194743, 0.5952041502563337]
epoch 101
avg_train_loss: 0.5769, train_losses:[0.576497439005477, 0.5768270910460332, 0.5776626871131297, 0.5757980219301667, 0.5774951447379284]
epoch 102
avg_train_loss: 0.5769, train_losses:[0.5765173243650281, 0.5770312348974412, 0.5775799809833471, 0.5758166189275922, 0.5775508262044959]
epoch 103
avg_train_loss: 0.5768, train_losses:[0.576392807101317, 0.5769872919326314, 0.5775064120376734, 0.5756965877285425, 0.5773661358077555]
epoch 104
avg_train_loss: 0.5768, train_losses:[0.5764268634565081, 0.5768588675617475, 0.577461617930267, 0.5756201427156885, 0.5773889111278323]
epoch 105
avg_train_loss: 0.5767, train_losses:[0.5763198391815341, 0.576854289174752, 0.5774437958074796, 0.5755605729209039, 0.5774673344586511]
epoch 106
avg_train_loss: 0.5766, train_losses:[0.5762869631987093, 0.5767531936628205, 0.5773210104856688, 0.575439902445899, 0.5772624328209107]
epoch 107
avg_train_loss: 0.5766, train_losses:[0.5763382453227159, 0.5767738549886177, 0.5772614197527849, 0.5753918224326098, 0.5771824720413515]
epoch 108
avg_train_loss: 0.5765, train_losses:[0.5761836704368101, 0.5766804285356881, 0.577357960671108, 0.5752140277148996, 0.5772149649672582]
epoch 109
avg_train_loss: 0.5764, train_losses:[0.5761345347683802, 0.5765468606161266, 0.5771117320893122, 0.5753556220759235, 0.5770008630955888]
epoch 110
avg_train_loss: 0.5764, train_losses:[0.5760551156819114, 0.576524829536205, 0.5772783834440486, 0.5751160922684505, 0.5771107354116225]
avg_val_loss: 0.5912, val_losses:[0.5785282872219106, 0.594001546695582, 0.584905149157262, 0.6026175858398694, 0.595944839318376]
epoch 111
avg_train_loss: 0.5764, train_losses:[0.5761469693110908, 0.5764806130014111, 0.5771216430035003, 0.57509199073921, 0.577071466393951]
epoch 112
avg_train_loss: 0.5763, train_losses:[0.5759322797978796, 0.576361702836875, 0.5769796815821783, 0.5750403326255116, 0.5770183542728815]
epoch 113
avg_train_loss: 0.5763, train_losses:[0.5759961447970088, 0.576357526530223, 0.5771267196300941, 0.575004073548057, 0.5769836963998892]
epoch 114
avg_train_loss: 0.5762, train_losses:[0.5758760965130728, 0.5765040727945054, 0.5769595487942094, 0.5749408973046606, 0.5767078129861041]
epoch 115
avg_train_loss: 0.5761, train_losses:[0.5758611997651522, 0.5763920699278845, 0.5768021306443493, 0.5747730354402178, 0.576749556464088]
epoch 116
avg_train_loss: 0.5762, train_losses:[0.5760617078615334, 0.5763821511117583, 0.5767405774651436, 0.5748668086629792, 0.5768225850694995]
epoch 117
avg_train_loss: 0.5761, train_losses:[0.5757985955955969, 0.5763232247343183, 0.5767025162000035, 0.5747933064133288, 0.576731567392099]
epoch 118
avg_train_loss: 0.5760, train_losses:[0.5757593038479908, 0.5761906907548421, 0.5766154192911205, 0.5747108041087438, 0.576548644293034]
epoch 119
avg_train_loss: 0.5760, train_losses:[0.5757023355830261, 0.5762276828062971, 0.5766190099725147, 0.5747129416491827, 0.57662664131664]
no_improve_num: 1
epoch 120
avg_train_loss: 0.5759, train_losses:[0.5756738164457726, 0.5760868017021054, 0.5766409497626491, 0.5746632429075855, 0.5765777604084972]
avg_val_loss: 0.5917, val_losses:[0.5775644256554782, 0.5951712510780313, 0.5848301133367229, 0.6023993081972868, 0.5983324259307751]
epoch 121
avg_train_loss: 0.5758, train_losses:[0.5755792199540938, 0.575953886272861, 0.5766194476869332, 0.5745382721917689, 0.5764505751711009]
epoch 122
avg_train_loss: 0.5758, train_losses:[0.57559702638909, 0.5760160801240987, 0.5764273096186685, 0.5745903578512318, 0.5765592341371226]
epoch 123
avg_train_loss: 0.5758, train_losses:[0.5754500984021376, 0.5760457116159534, 0.5764248672823522, 0.5745662404733104, 0.5764648286032354]
epoch 124
avg_train_loss: 0.5757, train_losses:[0.5752821114223176, 0.5758579558525714, 0.5762937183191458, 0.5744766950725422, 0.576387865969078]
epoch 125
avg_train_loss: 0.5757, train_losses:[0.575476275052616, 0.5758208415023319, 0.5763497752177482, 0.5745929418695015, 0.576414691692365]
epoch 126
avg_train_loss: 0.5756, train_losses:[0.5753214991479225, 0.5757796645742879, 0.5762013676702807, 0.5744018658685559, 0.5763180367083469]
epoch 127
avg_train_loss: 0.5756, train_losses:[0.5752922836584857, 0.5758058256937921, 0.5762937959943825, 0.5745562230132994, 0.5762353880501223]
epoch 128
avg_train_loss: 0.5756, train_losses:[0.5752929127281102, 0.5757525228120487, 0.5762031279043777, 0.5744473647076622, 0.576276267260757]
epoch 129
avg_train_loss: 0.5755, train_losses:[0.5752262596645447, 0.5755959363900491, 0.5760726397407431, 0.5743666873811335, 0.5762367062764495]
epoch 130
avg_train_loss: 0.5755, train_losses:[0.5751530101974861, 0.5756365866091154, 0.5761496102080402, 0.5743458683678851, 0.5761146269218346]
avg_val_loss: 0.5908, val_losses:[0.576915756098084, 0.5945025010644632, 0.5846501744981182, 0.6024852924632361, 0.5953215622817186]
epoch 131
avg_train_loss: 0.5754, train_losses:[0.575144916645556, 0.575661309783621, 0.5760437678247227, 0.5742186333527306, 0.5760845764219004]
epoch 132
avg_train_loss: 0.5754, train_losses:[0.5750557311057686, 0.5754981979778151, 0.5761468743513829, 0.5742132186749124, 0.5760972527666172]
epoch 133
avg_train_loss: 0.5754, train_losses:[0.5750104533956786, 0.5754777762294121, 0.5760840911214669, 0.5741910780024414, 0.5760867661329767]
epoch 134
avg_train_loss: 0.5753, train_losses:[0.5749326089455179, 0.5754417140038985, 0.5759801892688123, 0.5741694700937062, 0.575968188431088]
epoch 135
avg_train_loss: 0.5753, train_losses:[0.5749657730884, 0.5754115631245783, 0.5759435909273488, 0.5742161356203662, 0.5759280971348799]
epoch 136
avg_train_loss: 0.5753, train_losses:[0.5748677355348585, 0.5753690815987771, 0.5760022003352429, 0.5741513816674594, 0.5759510158132103]
epoch 137
avg_train_loss: 0.5752, train_losses:[0.5747903904973672, 0.5752859819606244, 0.5758420582834615, 0.5741693716962479, 0.5758364127440516]
epoch 138
avg_train_loss: 0.5752, train_losses:[0.5747721990587673, 0.5752840240110758, 0.5759626155744045, 0.5742558788456117, 0.5758666591686973]
epoch 139
avg_train_loss: 0.5752, train_losses:[0.5747451319046724, 0.5751938154045142, 0.5759400375602096, 0.5740907794661357, 0.5758759580797977]
no_improve_num: 1
epoch 140
avg_train_loss: 0.5751, train_losses:[0.5746317890669017, 0.5750914318746394, 0.5758644843156896, 0.5741214440712235, 0.5758303000258344]
avg_val_loss: 0.5911, val_losses:[0.5762862419314735, 0.5942312536774657, 0.584511794580598, 0.6019188310257053, 0.598349811276039]
epoch 141
avg_train_loss: 0.5751, train_losses:[0.5746759819223569, 0.5750831229378724, 0.5758979825700283, 0.5740688115334932, 0.5757911625139144]
epoch 142
avg_train_loss: 0.5751, train_losses:[0.5746450798151519, 0.5751308815836169, 0.5758283698151898, 0.5739610518691325, 0.5757591404052352]
epoch 143
avg_train_loss: 0.5750, train_losses:[0.5745082634169928, 0.5750939846547963, 0.5756824585530952, 0.5740250792398514, 0.5756665244647612]
epoch 144
avg_train_loss: 0.5750, train_losses:[0.5745277722410481, 0.5750595942716488, 0.5756734367026602, 0.574008625217484, 0.5756035529517958]
epoch 145
avg_train_loss: 0.5749, train_losses:[0.5745218407591688, 0.5750374739935096, 0.5755637104495701, 0.5738898295037637, 0.5757268794095791]
epoch 146
avg_train_loss: 0.5749, train_losses:[0.5745196703269125, 0.5748890893127846, 0.575667040142847, 0.5740265199678395, 0.5755473380656098]
epoch 147
avg_train_loss: 0.5750, train_losses:[0.5745113677707568, 0.5749105841627078, 0.5756326754593273, 0.5741558885673727, 0.5755538095562155]
epoch 148
avg_train_loss: 0.5749, train_losses:[0.5744007254529098, 0.5748835676360041, 0.5755631428195508, 0.5739585080346619, 0.5756628292211666]
epoch 149
avg_train_loss: 0.5748, train_losses:[0.5744290316757003, 0.5748979921026005, 0.5755766859390031, 0.5738286571602966, 0.5754811486268249]
epoch 150
avg_train_loss: 0.5748, train_losses:[0.5742535287267457, 0.5747868578667057, 0.5755374680134206, 0.5738746303437849, 0.57560731072854]
avg_val_loss: 0.5905, val_losses:[0.575737986678518, 0.5939494792727869, 0.5841769216424604, 0.6013689512386664, 0.5971135083380261]
epoch 151
avg_train_loss: 0.5748, train_losses:[0.5742694645204628, 0.5748600855688127, 0.5754601172959022, 0.5737757822815304, 0.5754660539643693]
epoch 152
avg_train_loss: 0.5747, train_losses:[0.574290634912328, 0.5747371263351203, 0.5755897660150671, 0.5737534776356978, 0.5753557128676206]
epoch 153
avg_train_loss: 0.5748, train_losses:[0.5743273198920253, 0.5746414565830679, 0.5755896586688675, 0.5738364109034321, 0.5754865738388226]
epoch 154
avg_train_loss: 0.5747, train_losses:[0.5741031474747313, 0.5747076367909929, 0.5755058106744106, 0.5738340058477672, 0.5753789906564006]
epoch 155
avg_train_loss: 0.5746, train_losses:[0.5741928268245512, 0.5746722147731708, 0.5752922935440546, 0.5737037649170386, 0.5753624245159871]
epoch 156
avg_train_loss: 0.5746, train_losses:[0.5741586032069189, 0.5746179028363371, 0.5753416829115383, 0.5735882092616676, 0.5753355159147916]
epoch 157
avg_train_loss: 0.5746, train_losses:[0.57410304065397, 0.5746888248364128, 0.5752719127676079, 0.5736673663235355, 0.5753946252960447]
epoch 158
avg_train_loss: 0.5745, train_losses:[0.5741243014273069, 0.5745239871475382, 0.575242286090233, 0.5735291892890296, 0.5751944924982841]
epoch 159
avg_train_loss: 0.5746, train_losses:[0.5741397647665901, 0.5744576618107446, 0.5752738248594402, 0.5736735286153238, 0.5752853221689334]
no_improve_num: 1
epoch 160
avg_train_loss: 0.5745, train_losses:[0.5740237177878533, 0.5744664747954417, 0.5750986201129288, 0.5735054471676304, 0.5753111256974079]
avg_val_loss: 0.5907, val_losses:[0.575927118578455, 0.5939707495776196, 0.584101004794075, 0.6016375965737769, 0.5980778388177977]
epoch 161
avg_train_loss: 0.5745, train_losses:[0.5741233876944363, 0.5745033508248579, 0.5751418079436894, 0.573514454759955, 0.5753209529042619]
epoch 162
avg_train_loss: 0.5744, train_losses:[0.5738881274222285, 0.5742665174254494, 0.5752019714571086, 0.5733864194688935, 0.5753300823082897]
epoch 163
avg_train_loss: 0.5744, train_losses:[0.5739864729232578, 0.5743247669754175, 0.5752038504117154, 0.5733660297966567, 0.5753279264725605]
epoch 164
avg_train_loss: 0.5744, train_losses:[0.5739796377834788, 0.5743171704635388, 0.5751581550984541, 0.573351692569086, 0.5752338957058303]
epoch 165
avg_train_loss: 0.5744, train_losses:[0.5738846982417851, 0.5743256279485953, 0.5752123582268224, 0.5733230607854284, 0.5752885605942866]
epoch 166
avg_train_loss: 0.5743, train_losses:[0.5738914843915847, 0.5742888009091586, 0.5751541153955383, 0.5732236815489902, 0.5751835234555877]
epoch 167
avg_train_loss: 0.5743, train_losses:[0.573979286558624, 0.5742831660289688, 0.5750384684931483, 0.5732645751385848, 0.5751645613379763]
epoch 168
avg_train_loss: 0.5744, train_losses:[0.5739744482426704, 0.574196569147803, 0.5751268081997083, 0.5732756555793217, 0.5752077898367256]
epoch 169
avg_train_loss: 0.5743, train_losses:[0.5738791526066543, 0.5742236281901921, 0.5750505237020996, 0.5731639381080981, 0.575249193461521]
epoch 170
avg_train_loss: 0.5743, train_losses:[0.5738241519100149, 0.5742976260990914, 0.5750140316783618, 0.5731412177816276, 0.5751851534067941]
avg_val_loss: 0.5903, val_losses:[0.5755646617316118, 0.5937016012809699, 0.5843549746787334, 0.6009967129087455, 0.5970268819650189]
epoch 171
avg_train_loss: 0.5743, train_losses:[0.573787512767668, 0.5740940126734233, 0.5750784208264851, 0.5731989269418786, 0.5751677892589986]
epoch 172
avg_train_loss: 0.5742, train_losses:[0.5737094495213956, 0.5740917970901446, 0.5750571366426384, 0.5731416310937207, 0.5750893739031624]
epoch 173
avg_train_loss: 0.5742, train_losses:[0.5737522877911889, 0.5740408047717535, 0.5749790276588078, 0.5730524739978555, 0.5750549968367182]
epoch 174
avg_train_loss: 0.5742, train_losses:[0.5737838395374965, 0.57407982949495, 0.5750735292233641, 0.5732486932582841, 0.5750376559866245]
epoch 175
avg_train_loss: 0.5742, train_losses:[0.5735875905633367, 0.5740733729496511, 0.5749551544395718, 0.573147374019676, 0.5749964912447331]
epoch 176
avg_train_loss: 0.5741, train_losses:[0.5735677053361635, 0.5739342552403315, 0.5749823800214156, 0.5731342042342125, 0.5750410746148136]
epoch 177
avg_train_loss: 0.5741, train_losses:[0.5735541974047745, 0.5739997462078175, 0.5748137778696064, 0.572993236017263, 0.5749505467104981]
epoch 178
avg_train_loss: 0.5741, train_losses:[0.5735600770760084, 0.5739341898253183, 0.5749138956042738, 0.5729959259306675, 0.5749555756416219]
epoch 179
avg_train_loss: 0.5741, train_losses:[0.5735953723756634, 0.5739703039633066, 0.5746699464546382, 0.5730891765227066, 0.5749266068067351]
epoch 180
avg_train_loss: 0.5740, train_losses:[0.5734896230295203, 0.5739444059376086, 0.5747585372575001, 0.5729629041326463, 0.574926710786985]
avg_val_loss: 0.5901, val_losses:[0.5752376741816865, 0.5932719094010019, 0.5836375370872172, 0.600243333773452, 0.5981844558847479]
epoch 181
avg_train_loss: 0.5740, train_losses:[0.5734566817864627, 0.5738896661617426, 0.5746124493158091, 0.5729422561260952, 0.5748582854286576]
epoch 182
avg_train_loss: 0.5740, train_losses:[0.5736001444456782, 0.5739716892402589, 0.5746240862800658, 0.5729710697928162, 0.5748267969636134]
epoch 183
avg_train_loss: 0.5739, train_losses:[0.5735267957461627, 0.5739413304340649, 0.5744890192813875, 0.5729300928163908, 0.5748190350532206]
epoch 184
avg_train_loss: 0.5739, train_losses:[0.5735563881906312, 0.5739088934120468, 0.5743993026539711, 0.5729149517896264, 0.5747658968973766]
epoch 185
avg_train_loss: 0.5739, train_losses:[0.5734144072242319, 0.5738874806302676, 0.5744512565058484, 0.5729115681939975, 0.5748040439352012]
epoch 186
avg_train_loss: 0.5739, train_losses:[0.5735273843713057, 0.5738497899802792, 0.5744784051252592, 0.5728580588771766, 0.5747836117203874]
epoch 187
avg_train_loss: 0.5738, train_losses:[0.573395523826356, 0.5738715480482403, 0.5743097931530518, 0.5728547901732833, 0.574785146077702]
epoch 188
avg_train_loss: 0.5738, train_losses:[0.5733575469836484, 0.5737742562584341, 0.5743760060501542, 0.5728944376842673, 0.5747663212413913]
epoch 189
avg_train_loss: 0.5738, train_losses:[0.5733123861224495, 0.5737339966517182, 0.5743608338117526, 0.5728207668820008, 0.5747378697987705]
no_improve_num: 1
epoch 190
avg_train_loss: 0.5738, train_losses:[0.573295302979543, 0.5737990009738672, 0.5743275775725969, 0.5727697178183261, 0.5747424498703435]
avg_val_loss: 0.5902, val_losses:[0.575296979153663, 0.5931560594771295, 0.5835627560099406, 0.6003431827379768, 0.5984961572502923]
epoch 191
avg_train_loss: 0.5738, train_losses:[0.5732536387483459, 0.5736260165008827, 0.5742871311970573, 0.5728100296878088, 0.5748005121991138]
epoch 192
avg_train_loss: 0.5739, train_losses:[0.5735265699014407, 0.5737913414684713, 0.5743663678342931, 0.5728790284651135, 0.5748036937894792]
epoch 193
avg_train_loss: 0.5738, train_losses:[0.5733145332276958, 0.5737691666913984, 0.5743822122506499, 0.5727645598486115, 0.5745960994343199]
epoch 194
avg_train_loss: 0.5737, train_losses:[0.5733536946503478, 0.5735935321100043, 0.5743224243562646, 0.5727505941811668, 0.5745306967043463]
epoch 195
avg_train_loss: 0.5737, train_losses:[0.5733696729821527, 0.5736001614185524, 0.5743040250315226, 0.5726530521035818, 0.5747163973537905]
epoch 196
avg_train_loss: 0.5737, train_losses:[0.5733610978091334, 0.5736406277098272, 0.5742416532461541, 0.5727185079899249, 0.5746549156392485]
epoch 197
avg_train_loss: 0.5737, train_losses:[0.5733045639247023, 0.5736815212922936, 0.5741357410732453, 0.5726168764506349, 0.5746952447715933]
epoch 198
avg_train_loss: 0.5737, train_losses:[0.573432202415259, 0.5737331152353304, 0.5740793749889131, 0.572719315682045, 0.5745495644418271]
epoch 199
avg_train_loss: 0.5737, train_losses:[0.5733384930464707, 0.573656102553762, 0.574195648011957, 0.5726738209354502, 0.5746227951181445]
epoch 200
avg_train_loss: 0.5736, train_losses:[0.5731612231732474, 0.5736990181566461, 0.5740632187962943, 0.5726582791113889, 0.5746047829846891]
avg_val_loss: 0.5892, val_losses:[0.5748534659080302, 0.5928354773818592, 0.5833084351282979, 0.6008848900822353, 0.5943306114355549]
epoch 201
avg_train_loss: 0.5736, train_losses:[0.5732321468860886, 0.5736325024279498, 0.5740510176214395, 0.5725938529656991, 0.5745382772266531]
epoch 202
avg_train_loss: 0.5737, train_losses:[0.5733458334418728, 0.5735809348240277, 0.5741518942354301, 0.5726113321219714, 0.574690721013661]
epoch 203
avg_train_loss: 0.5736, train_losses:[0.5733682584761759, 0.573521899045477, 0.5739828724540506, 0.5725763977066797, 0.5745913733896115]
epoch 204
avg_train_loss: 0.5736, train_losses:[0.5732158806060309, 0.5734839698180562, 0.5741058499436638, 0.5725302552964668, 0.5745555874109431]
epoch 205
avg_train_loss: 0.5735, train_losses:[0.5731951061399584, 0.5734380488392922, 0.5739909303943082, 0.5725224467886236, 0.5745902292239987]
epoch 206
avg_train_loss: 0.5735, train_losses:[0.5730779472933635, 0.5734865625091102, 0.5739646680098381, 0.5725003428744208, 0.5746440153980867]
epoch 207
avg_train_loss: 0.5735, train_losses:[0.5730337305406553, 0.5735325175293421, 0.5739770059533924, 0.5724738898088533, 0.5744870931696204]
epoch 208
avg_train_loss: 0.5736, train_losses:[0.5731770570665852, 0.5735310170673862, 0.5739469703853438, 0.5725886818753051, 0.5745668865234226]
epoch 209
avg_train_loss: 0.5735, train_losses:[0.5732375210084315, 0.5734666031238773, 0.5739644349596891, 0.5724976031228003, 0.5744947204380327]
no_improve_num: 1
epoch 210
avg_train_loss: 0.5734, train_losses:[0.5730875296457809, 0.5734336459241999, 0.5738866871412701, 0.5724216102433652, 0.5744143758410555]
avg_val_loss: 0.5895, val_losses:[0.5747429379368311, 0.5917936253045872, 0.5829358700521823, 0.6000821001138358, 0.5978582512165693]
epoch 211
avg_train_loss: 0.5735, train_losses:[0.573243465648667, 0.5733256489023193, 0.5738237634564414, 0.572502155527083, 0.5744409368706805]
epoch 212
avg_train_loss: 0.5734, train_losses:[0.5730026658938426, 0.5734115203346549, 0.573865246735293, 0.5724624682742383, 0.574424580698768]
epoch 213
avg_train_loss: 0.5734, train_losses:[0.573087206020685, 0.5733898880785823, 0.5738572626842662, 0.5723699483344963, 0.5745332912007723]
epoch 214
avg_train_loss: 0.5734, train_losses:[0.5730654825848005, 0.5733195813665808, 0.573776511864622, 0.5723828600106878, 0.5744072786931117]
epoch 215
avg_train_loss: 0.5734, train_losses:[0.5730364513082769, 0.5734181843730356, 0.5737937153206454, 0.5724226160837107, 0.5742487966509258]
epoch 216
avg_train_loss: 0.5734, train_losses:[0.5730102064302656, 0.5735283994465322, 0.5738168317969327, 0.5723868374349267, 0.5744355430291197]
epoch 217
avg_train_loss: 0.5734, train_losses:[0.5731530258615387, 0.5733683220582653, 0.5738360872274216, 0.5723103891706697, 0.5742259518124618]
epoch 218
avg_train_loss: 0.5734, train_losses:[0.5731025028123672, 0.5733205741167956, 0.57381755763475, 0.5723571613531279, 0.574329238010753]
epoch 219
avg_train_loss: 0.5733, train_losses:[0.5730451943486023, 0.5732501592643278, 0.5736677454342892, 0.5723468458770211, 0.574243020503039]
no_improve_num: 2
epoch 220
avg_train_loss: 0.5733, train_losses:[0.5729139062746273, 0.5732390100390526, 0.5736997556029807, 0.5724838323786533, 0.5742612497450078]
avg_val_loss: 0.5895, val_losses:[0.574755051731656, 0.5926683126568583, 0.5829387104900642, 0.5997424274581173, 0.5972153010297956]
epoch 221
avg_train_loss: 0.5733, train_losses:[0.572974728098915, 0.5733010643701687, 0.573600549861943, 0.5723061049791421, 0.5742842933267164]
epoch 222
avg_train_loss: 0.5733, train_losses:[0.5729907451115215, 0.5732802170372296, 0.5736058392482195, 0.5723521069680458, 0.5742019950341573]
epoch 223
avg_train_loss: 0.5733, train_losses:[0.5730755628570728, 0.5732675174496671, 0.5736047582467978, 0.5723396813435278, 0.5742310395051143]
epoch 224
avg_train_loss: 0.5732, train_losses:[0.5729349512578474, 0.5732740523585673, 0.573593535667913, 0.5721874905324191, 0.5741064852421541]
epoch 225
avg_train_loss: 0.5732, train_losses:[0.572955089514039, 0.5732707378865673, 0.5735831185816399, 0.5722917345675046, 0.5741262830589188]
epoch 226
avg_train_loss: 0.5733, train_losses:[0.5729464362890152, 0.5732127866429081, 0.5736944443397406, 0.5723773505615456, 0.5740982831844105]
epoch 227
avg_train_loss: 0.5732, train_losses:[0.5729167138189704, 0.5732695527037944, 0.5734853015960365, 0.572384281425769, 0.5740687548299622]
epoch 228
avg_train_loss: 0.5733, train_losses:[0.5729741572144377, 0.5733929194799432, 0.5734825837936783, 0.5723705342876437, 0.5741684314851734]
epoch 229
avg_train_loss: 0.5732, train_losses:[0.5728518366589636, 0.5733050258927754, 0.5734104911255495, 0.572343364129342, 0.5740734663665563]
epoch 230
avg_train_loss: 0.5732, train_losses:[0.5728174276879322, 0.5733331195188097, 0.5734234473896486, 0.5723181181744255, 0.5741366100218415]
avg_val_loss: 0.5889, val_losses:[0.5745749221655194, 0.5921918749890726, 0.5828062168753863, 0.5994682922965437, 0.5952548470537541]
epoch 231
avg_train_loss: 0.5732, train_losses:[0.5728413662895961, 0.5733144787898594, 0.5735108978308339, 0.5723786801389991, 0.5739998099369578]
epoch 232
avg_train_loss: 0.5731, train_losses:[0.5727465128016374, 0.5732057654939506, 0.5734289183636841, 0.5722976123976684, 0.5740546295188955]
epoch 233
avg_train_loss: 0.5732, train_losses:[0.5728437207392536, 0.5731537553346547, 0.5734432564323632, 0.5722968769145989, 0.5740760603782924]
epoch 234
avg_train_loss: 0.5731, train_losses:[0.5727224142325688, 0.5732662529460993, 0.5733480721994179, 0.5723080557670502, 0.5740521807797346]
epoch 235
avg_train_loss: 0.5732, train_losses:[0.5727668843258921, 0.5732207865283597, 0.5734253591393351, 0.5722671410295885, 0.5741004068961931]
epoch 236
avg_train_loss: 0.5731, train_losses:[0.5727357416148555, 0.5731269871691235, 0.5733329568895924, 0.572379800911812, 0.574010743617653]
epoch 237
avg_train_loss: 0.5731, train_losses:[0.5726992678531483, 0.5731346199891856, 0.5733149436682082, 0.5723703676127563, 0.5739498457875069]
epoch 238
avg_train_loss: 0.5731, train_losses:[0.5727077713384819, 0.5731371692317997, 0.5732717889583803, 0.5723212939714853, 0.5739249585103969]
epoch 239
avg_train_loss: 0.5731, train_losses:[0.5726954726011674, 0.5730176598030163, 0.5733290219484536, 0.572268630932885, 0.5739721746144602]
no_improve_num: 1
epoch 240
avg_train_loss: 0.5731, train_losses:[0.572735653176283, 0.5731543562261311, 0.5732268318673912, 0.5723169196968455, 0.5739051774378372]
avg_val_loss: 0.5892, val_losses:[0.5745697237843452, 0.5924986894785323, 0.5828385327591243, 0.5992261597542257, 0.5969560792564759]
epoch 241
avg_train_loss: 0.5730, train_losses:[0.5726271259486135, 0.5730471627010117, 0.5732317406816665, 0.5722318260769175, 0.5738709716909617]
epoch 242
avg_train_loss: 0.5731, train_losses:[0.5727607260298777, 0.5731628843337409, 0.5731933494372946, 0.5722540574862438, 0.5738797948768397]
epoch 243
avg_train_loss: 0.5731, train_losses:[0.5726553836966798, 0.5731512408137268, 0.5732402662578049, 0.5723914997739046, 0.5739367415470977]
epoch 244
avg_train_loss: 0.5730, train_losses:[0.572647905359507, 0.573118379797743, 0.5731092391901397, 0.5722601032672135, 0.5738381627024043]
epoch 245
avg_train_loss: 0.5730, train_losses:[0.5726512720677982, 0.5730691100427922, 0.5731196562499373, 0.5721967358468117, 0.5739049960823354]
epoch 246
avg_train_loss: 0.5730, train_losses:[0.5726017547235396, 0.5731252813076921, 0.5731047130394353, 0.5722575184567135, 0.5737471917344521]
epoch 247
avg_train_loss: 0.5730, train_losses:[0.5727366110215194, 0.5729565856706604, 0.573166440097937, 0.572163388497088, 0.5738098098473485]
epoch 248
avg_train_loss: 0.5730, train_losses:[0.572736380073123, 0.5729287042218465, 0.5731708165333904, 0.5721612223711844, 0.5737681800026833]
epoch 249
avg_train_loss: 0.5730, train_losses:[0.5726899885685682, 0.5730509633417886, 0.5730123924138618, 0.5721499963810248, 0.5738673202934789]
no_improve_num: 2
epoch 250
avg_train_loss: 0.5730, train_losses:[0.5726732478748849, 0.5730032679156218, 0.5730406886981322, 0.5722070156684779, 0.5738318663233533]
avg_val_loss: 0.5893, val_losses:[0.5745638109701846, 0.5927333114608905, 0.5826870966547416, 0.5988952336667159, 0.5974515747215788]
epoch 251
avg_train_loss: 0.5729, train_losses:[0.5725276585760354, 0.5730414589232536, 0.5729470865981533, 0.5722560909583619, 0.5739247650132082]
epoch 252
avg_train_loss: 0.5729, train_losses:[0.5725414659073775, 0.5730281826408453, 0.5729313292782613, 0.5721440730006685, 0.5738345101563286]
epoch 253
avg_train_loss: 0.5729, train_losses:[0.5726269089813525, 0.573094659733545, 0.5728754584499348, 0.5722304508841008, 0.5738081927506083]
epoch 254
avg_train_loss: 0.5729, train_losses:[0.5726176932401668, 0.572990059092955, 0.5727856403070531, 0.5722039108086232, 0.5738743043335243]
epoch 255
avg_train_loss: 0.5729, train_losses:[0.5725355267760963, 0.5730171036980144, 0.5727628104593135, 0.572210004125453, 0.5737628105870521]
epoch 256
avg_train_loss: 0.5728, train_losses:[0.5725662393162141, 0.5728572253387945, 0.5727964294401954, 0.5721187716446124, 0.5737760585889442]
epoch 257
avg_train_loss: 0.5729, train_losses:[0.5725725103696263, 0.57302591944228, 0.5727234471136314, 0.5722288023290316, 0.5737551361570857]
epoch 258
avg_train_loss: 0.5728, train_losses:[0.5725815874664206, 0.5729967575251321, 0.5726596989124788, 0.572174370968049, 0.5737507686037272]
epoch 259
avg_train_loss: 0.5728, train_losses:[0.5724863406981892, 0.5728986652628889, 0.5727660554757218, 0.5722443299092386, 0.5738235610062851]
no_improve_num: 3
epoch 260
avg_train_loss: 0.5728, train_losses:[0.5724579685654961, 0.5729589978757463, 0.5727360362593898, 0.5721282761945069, 0.573653037424734]
avg_val_loss: 0.5889, val_losses:[0.5744090089303345, 0.5921858017751228, 0.5825091972285255, 0.5989392535989851, 0.5966689141967246]
batch_size:32, weight_decay:0.01, learning_rate:0.0005, model_name:noisyFCN, init_noiselevel:0.05
fold 0
model_name noisyFCN
using Adam as optimizer
fold 1
model_name noisyFCN
using Adam as optimizer
fold 2
model_name noisyFCN
using Adam as optimizer
fold 3
model_name noisyFCN
using Adam as optimizer
fold 4
model_name noisyFCN
using Adam as optimizer
epoch 0
avg_train_loss: 0.7065, train_losses:[0.7046821548647357, 0.7105677358949458, 0.7062040872111467, 0.7071410272674321, 0.7041086165227574]
avg_val_loss: 0.6610, val_losses:[0.6537403768124241, 0.6728018828879879, 0.6610833437403353, 0.6663977811860146, 0.6511995576489096]
epoch 1
avg_train_loss: 0.6509, train_losses:[0.6486898873441875, 0.6506957114995326, 0.6475710826209788, 0.6552654734970862, 0.6524379487952949]
epoch 2
avg_train_loss: 0.6387, train_losses:[0.6366856325579793, 0.6375352574000862, 0.635732236878573, 0.6435075899165463, 0.6399925736817601]
epoch 3
avg_train_loss: 0.6303, train_losses:[0.6283551642133633, 0.6291199452742549, 0.6277723303702091, 0.634839165510916, 0.6312995034642798]
epoch 4
avg_train_loss: 0.6235, train_losses:[0.6215224471115686, 0.6232426388990273, 0.6212897187893573, 0.626875962240669, 0.6245965492135598]
epoch 5
avg_train_loss: 0.6177, train_losses:[0.6151832972245925, 0.6182564896937988, 0.615720423260055, 0.6199088884042708, 0.6194496493660818]
epoch 6
avg_train_loss: 0.6128, train_losses:[0.6101948100293619, 0.613589584165534, 0.6106888061177969, 0.614355893679164, 0.6152324025277738]
epoch 7
avg_train_loss: 0.6090, train_losses:[0.6063054615111926, 0.6098211515559552, 0.6066476809182996, 0.6101643718473855, 0.6119625361561694]
epoch 8
avg_train_loss: 0.6059, train_losses:[0.6032825670407028, 0.6066746546034647, 0.6035219170689017, 0.60655915475044, 0.6093092842988015]
epoch 9
avg_train_loss: 0.6033, train_losses:[0.6008659140638534, 0.6040566666087067, 0.6009316784933846, 0.6037249343737868, 0.6070253823573136]
epoch 10
avg_train_loss: 0.6014, train_losses:[0.59911527923717, 0.6020971875727252, 0.5989380402914806, 0.6014804440001361, 0.6051606152599197]
avg_val_loss: 0.6067, val_losses:[0.5951393721280275, 0.6141465415439108, 0.6048573304659619, 0.6127230544322922, 0.6067728910405757]
epoch 11
avg_train_loss: 0.5996, train_losses:[0.5974619470471284, 0.6004203173074512, 0.5971453031444507, 0.5993476264201919, 0.6034297511659719]
epoch 12
avg_train_loss: 0.5981, train_losses:[0.59624860637575, 0.5988810670878045, 0.5957302272708781, 0.5975937705619263, 0.6019810931521621]
epoch 13
avg_train_loss: 0.5967, train_losses:[0.5950878250931685, 0.5975581016584355, 0.5943620596967568, 0.5962085581540238, 0.6005023239096186]
epoch 14
avg_train_loss: 0.5957, train_losses:[0.5942158138303528, 0.5965030661131738, 0.5935034373108208, 0.5951150257492854, 0.5993785720445328]
epoch 15
avg_train_loss: 0.5948, train_losses:[0.5934611190211383, 0.5954956048622558, 0.5924908545470423, 0.5941102906160899, 0.5983180630495432]
epoch 16
avg_train_loss: 0.5939, train_losses:[0.5926577627269857, 0.5946389563845249, 0.5918585955740248, 0.593202744413091, 0.5973140418863498]
epoch 17
avg_train_loss: 0.5933, train_losses:[0.59207632763481, 0.5937575523689642, 0.5912375958342945, 0.5924988043590528, 0.5967492065917473]
epoch 18
avg_train_loss: 0.5926, train_losses:[0.5915373155411426, 0.5933593217743373, 0.5905708179433308, 0.5918102908361336, 0.5958769737704784]
epoch 19
avg_train_loss: 0.5919, train_losses:[0.5906630662967197, 0.5925944357622667, 0.5899491669148665, 0.591086590185593, 0.5951754681982921]
epoch 20
avg_train_loss: 0.5913, train_losses:[0.5901135016901874, 0.5919724422825426, 0.5894515039707617, 0.5905614525113331, 0.5944325574698532]
avg_val_loss: 0.5998, val_losses:[0.5877374284935728, 0.6055497234842239, 0.595698451774277, 0.6091215640970375, 0.6008576360669143]
epoch 21
avg_train_loss: 0.5908, train_losses:[0.5896246585044511, 0.5915348935930487, 0.5887814013617543, 0.5899071996382346, 0.5939726247656487]
epoch 22
avg_train_loss: 0.5903, train_losses:[0.5892101879342594, 0.5908825836598895, 0.5883928698625336, 0.5894798022152423, 0.5935352631722771]
epoch 23
avg_train_loss: 0.5898, train_losses:[0.5889228483730171, 0.5903446312487037, 0.5878689771742581, 0.5889743908353346, 0.5927874896432495]
epoch 24
avg_train_loss: 0.5892, train_losses:[0.5883852830203462, 0.5897934983172309, 0.5872860178267393, 0.5883301861002997, 0.5923524799406553]
epoch 25
avg_train_loss: 0.5888, train_losses:[0.5879148451000616, 0.5893699797998426, 0.586811573829544, 0.5879098885605242, 0.5918445812233553]
epoch 26
avg_train_loss: 0.5884, train_losses:[0.5877294798460576, 0.5887746844251933, 0.5864723375242197, 0.5876413896360644, 0.5913110358501305]
epoch 27
avg_train_loss: 0.5879, train_losses:[0.5873147969703408, 0.5881625636248674, 0.5860169209397584, 0.5871409063833389, 0.5909056540263453]
epoch 28
avg_train_loss: 0.5875, train_losses:[0.5870954842164526, 0.5875997783407244, 0.585687366616442, 0.5867992118309017, 0.5905141314432826]
epoch 29
avg_train_loss: 0.5871, train_losses:[0.5866370635024997, 0.5871445389816635, 0.585219622014727, 0.5863525953304088, 0.5901007491357505]
epoch 30
avg_train_loss: 0.5868, train_losses:[0.5865526890027233, 0.5866711494349707, 0.5849474641518096, 0.5860354104810089, 0.589816310948421]
avg_val_loss: 0.5961, val_losses:[0.5848755502620975, 0.601047527281756, 0.5916895107100761, 0.6059338376547154, 0.5968364989288262]
epoch 31
avg_train_loss: 0.5864, train_losses:[0.5861863124870352, 0.5862303705166902, 0.5844813962049038, 0.5856428822263132, 0.5893837714457554]
epoch 32
avg_train_loss: 0.5861, train_losses:[0.5860034801280017, 0.5859413811713015, 0.5843028581052409, 0.5851605859744755, 0.5890554146589404]
epoch 33
avg_train_loss: 0.5857, train_losses:[0.5856954953951305, 0.5854317406934819, 0.583780100176005, 0.5847805133075104, 0.5888184136390947]
epoch 34
avg_train_loss: 0.5854, train_losses:[0.5854370575512128, 0.5851333655991536, 0.5835962272681777, 0.5844415695398764, 0.588476401279089]
epoch 35
avg_train_loss: 0.5851, train_losses:[0.5852607539180167, 0.5848429990824089, 0.5831826690989319, 0.5841615030914774, 0.5880884927479446]
epoch 36
avg_train_loss: 0.5849, train_losses:[0.5849205873224103, 0.5846573647918523, 0.5828741712146093, 0.5838535513247587, 0.5879517854832228]
epoch 37
avg_train_loss: 0.5846, train_losses:[0.5847208494430042, 0.5842610280331367, 0.58269060745178, 0.5835833773941028, 0.5876502198030572]
epoch 38
avg_train_loss: 0.5843, train_losses:[0.5845482903244221, 0.5840132233996083, 0.5823485344423319, 0.5832358802499682, 0.5873880883057913]
epoch 39
avg_train_loss: 0.5840, train_losses:[0.584349630770369, 0.583590585011488, 0.5821472445958117, 0.5829290697980466, 0.5870329919890398]
epoch 40
avg_train_loss: 0.5838, train_losses:[0.5841560867945766, 0.5834155136509133, 0.5819180989573373, 0.5826213567248455, 0.5868173149035442]
avg_val_loss: 0.5935, val_losses:[0.582622401258472, 0.5973612888272838, 0.5889216407622342, 0.6033561236467032, 0.5954098289393545]
epoch 41
avg_train_loss: 0.5835, train_losses:[0.5839669237530472, 0.5831478797656673, 0.5816891930836227, 0.5822748676236198, 0.5864209899513614]
epoch 42
avg_train_loss: 0.5833, train_losses:[0.5838749396278408, 0.5830135547854501, 0.5813905292610306, 0.5819933232429532, 0.5863233993324537]
epoch 43
avg_train_loss: 0.5831, train_losses:[0.5836299277815824, 0.5827276059836388, 0.5811266798135152, 0.5816730388817628, 0.5861065547306942]
epoch 44
avg_train_loss: 0.5828, train_losses:[0.5832507328071148, 0.5826774413484567, 0.5809248359128311, 0.5813725289067715, 0.5858720923009362]
epoch 45
avg_train_loss: 0.5827, train_losses:[0.5832363603405661, 0.5823064903152788, 0.5808991791650734, 0.5811257520282289, 0.5857180294825012]
epoch 46
avg_train_loss: 0.5824, train_losses:[0.582910207842324, 0.5821736021273551, 0.5806477144780587, 0.5809912769356274, 0.5853510190957685]
epoch 47
avg_train_loss: 0.5822, train_losses:[0.582697545530595, 0.5818825546040722, 0.5804979954614065, 0.5808823336312047, 0.5851347780388952]
epoch 48
avg_train_loss: 0.5819, train_losses:[0.5824804388206356, 0.5816940940652037, 0.5802375338252447, 0.5804328388976265, 0.5848937415679133]
epoch 49
avg_train_loss: 0.5818, train_losses:[0.5824324280440056, 0.581432312970346, 0.5801530273793951, 0.5801688358653544, 0.5848160983761168]
epoch 50
avg_train_loss: 0.5816, train_losses:[0.582238775102931, 0.5811896428817662, 0.5800152623657893, 0.5800468963075271, 0.584480556533264]
avg_val_loss: 0.5920, val_losses:[0.5811066813191642, 0.5960459065303721, 0.5872883274855959, 0.6011366168136592, 0.5943731377853468]
epoch 51
avg_train_loss: 0.5814, train_losses:[0.5820383946554349, 0.5810331285690249, 0.5797060555981943, 0.5799323199446373, 0.5843597117939232]
epoch 52
avg_train_loss: 0.5812, train_losses:[0.5819010980434648, 0.5807542556676409, 0.5795897771619156, 0.5795604554148324, 0.5844355858714753]
epoch 53
avg_train_loss: 0.5811, train_losses:[0.5817488480401193, 0.5806224445077676, 0.5796902776314342, 0.5793798708119814, 0.5841418317152174]
epoch 54
avg_train_loss: 0.5809, train_losses:[0.5817416925907999, 0.5804017342329962, 0.5792516617383614, 0.5791802798118859, 0.583967385717114]
epoch 55
avg_train_loss: 0.5807, train_losses:[0.5814904101025188, 0.5801318481976421, 0.5792428635922007, 0.5789523315828043, 0.5838521948534559]
epoch 56
avg_train_loss: 0.5806, train_losses:[0.5814492727330431, 0.5800733418672718, 0.5790327666100469, 0.5787014764681966, 0.5836514437012909]
epoch 57
avg_train_loss: 0.5804, train_losses:[0.5813182735135999, 0.5797243818748139, 0.5789235616038216, 0.5784749117055459, 0.5836013111526301]
epoch 58
avg_train_loss: 0.5802, train_losses:[0.5809541838839622, 0.5798269399377276, 0.5785961431764044, 0.578129074575309, 0.5833783142509984]
epoch 59
avg_train_loss: 0.5800, train_losses:[0.5810261265802307, 0.5793334805273394, 0.5786481494458287, 0.5779748444827322, 0.5831671754804256]
epoch 60
avg_train_loss: 0.5799, train_losses:[0.5809704994085721, 0.5792599484600921, 0.5783872392891445, 0.5776880181961547, 0.5829966861978163]
avg_val_loss: 0.5909, val_losses:[0.5798514354289254, 0.5949531725086084, 0.5859269966873231, 0.5985588490661579, 0.5953003047691009]
epoch 61
avg_train_loss: 0.5797, train_losses:[0.580871074655545, 0.5789774920562654, 0.578187110836083, 0.5775312181774371, 0.582796526159666]
epoch 62
avg_train_loss: 0.5795, train_losses:[0.5806837581116154, 0.5787305505648747, 0.5780357689059469, 0.5773369628826204, 0.5826702203412712]
epoch 63
avg_train_loss: 0.5794, train_losses:[0.5806415265538497, 0.5786337829546114, 0.5778655082249082, 0.577187819790986, 0.5826883035612282]
epoch 64
avg_train_loss: 0.5792, train_losses:[0.5804684406855584, 0.5784238640206372, 0.5777611915653094, 0.5770184531358324, 0.5823944799476786]
epoch 65
avg_train_loss: 0.5791, train_losses:[0.5805141361413804, 0.5782349241212854, 0.5778134133723142, 0.5768923097276002, 0.582180881110863]
epoch 66
avg_train_loss: 0.5789, train_losses:[0.5803575914632016, 0.5781652004154973, 0.5775274372171703, 0.5766960069326885, 0.5819351825253697]
epoch 67
avg_train_loss: 0.5788, train_losses:[0.5801586617361832, 0.5777557486798125, 0.5775377131927513, 0.576597686175112, 0.5817550158254661]
epoch 68
avg_train_loss: 0.5787, train_losses:[0.5799976022347691, 0.5778996663134788, 0.5773390089214677, 0.5765533849032335, 0.5817731285544877]
epoch 69
avg_train_loss: 0.5785, train_losses:[0.5799198317064245, 0.5774792525938294, 0.5772049518739757, 0.5764505620917905, 0.581534396136607]
epoch 70
avg_train_loss: 0.5784, train_losses:[0.5798872515656444, 0.5776377908169366, 0.5769857890430699, 0.5762087130624367, 0.5813128084241651]
avg_val_loss: 0.5900, val_losses:[0.5790970104426916, 0.5940715660077228, 0.5848040327570291, 0.5973972284160091, 0.5948030998662497]
epoch 71
avg_train_loss: 0.5782, train_losses:[0.5797641656972845, 0.5772213531346139, 0.576710849089011, 0.5760228846876542, 0.5813345093984201]
epoch 72
avg_train_loss: 0.5781, train_losses:[0.5797441583607289, 0.5772852962142594, 0.5765021892820281, 0.5760057234367373, 0.5810520972150816]
epoch 73
avg_train_loss: 0.5779, train_losses:[0.579631034353692, 0.576889022200598, 0.5761441635406106, 0.5758352090678461, 0.5808961762053501]
epoch 74
avg_train_loss: 0.5778, train_losses:[0.5794851649555766, 0.5770043490500568, 0.5760821039775156, 0.5757124976311928, 0.5807720370406383]
epoch 75
avg_train_loss: 0.5776, train_losses:[0.5793037423409912, 0.5767518757091586, 0.575950904590576, 0.5755040977022533, 0.5806103610668218]
epoch 76
avg_train_loss: 0.5776, train_losses:[0.5793974730796343, 0.5767372990691568, 0.5758629354339972, 0.575588669279013, 0.5805198815989172]
epoch 77
avg_train_loss: 0.5774, train_losses:[0.5793231864546908, 0.5764115853076972, 0.5756633740732976, 0.5753850950015419, 0.5803075773160087]
epoch 78
avg_train_loss: 0.5773, train_losses:[0.5792681217319872, 0.5765235781971031, 0.5754972102844332, 0.5752323741210954, 0.5801913295390747]
epoch 79
avg_train_loss: 0.5773, train_losses:[0.5792506751080754, 0.5762054876450752, 0.5754745085682489, 0.5751251937054543, 0.5802251349564896]
epoch 80
avg_train_loss: 0.5772, train_losses:[0.5792223178953819, 0.5763386466434144, 0.5753619969369741, 0.5750643506284154, 0.5800445306059994]
avg_val_loss: 0.5888, val_losses:[0.5782818025792901, 0.5928575206001682, 0.5831330326780753, 0.5957648386651576, 0.5941547197093724]
epoch 81
avg_train_loss: 0.5771, train_losses:[0.5791640598752694, 0.5761266114360084, 0.575322720765147, 0.574934764070824, 0.579995932691619]
epoch 82
avg_train_loss: 0.5770, train_losses:[0.5791129396147253, 0.5759465800431582, 0.5752047616375536, 0.5748484586805455, 0.5799871136642991]
epoch 83
avg_train_loss: 0.5769, train_losses:[0.5789685710777358, 0.5760104697358438, 0.5751414774125441, 0.574785692351205, 0.579807835421439]
epoch 84
avg_train_loss: 0.5769, train_losses:[0.5789552904533347, 0.5757749331564859, 0.574978061787402, 0.5746913099399323, 0.5799032099564349]
epoch 85
avg_train_loss: 0.5768, train_losses:[0.5788701895964127, 0.5758842364929623, 0.5749291111811399, 0.5747408950229441, 0.5796433933546622]
epoch 86
avg_train_loss: 0.5767, train_losses:[0.5787470943353368, 0.5756524329256033, 0.5749767635987683, 0.5745914772574983, 0.579597966338957]
epoch 87
avg_train_loss: 0.5766, train_losses:[0.5787753415196522, 0.5756595023048952, 0.5747219918406926, 0.5745039627098038, 0.5795355279564255]
epoch 88
avg_train_loss: 0.5765, train_losses:[0.5787697538739083, 0.5754280153486439, 0.5748292389462472, 0.5742448222237192, 0.5793605145981879]
epoch 89
avg_train_loss: 0.5765, train_losses:[0.5786868823186812, 0.5754647593932918, 0.5745564745831067, 0.574329278957621, 0.5793995183804851]
epoch 90
avg_train_loss: 0.5765, train_losses:[0.5786990250864015, 0.5754288768920647, 0.5745676145561898, 0.5743474189399406, 0.5793727858683704]
avg_val_loss: 0.5887, val_losses:[0.5778308425409735, 0.59205178660872, 0.5824144207764897, 0.5956808820975776, 0.5955434148431541]
epoch 91
avg_train_loss: 0.5763, train_losses:[0.5786066016093648, 0.5751780605733254, 0.574482897924897, 0.574176903064997, 0.5791439073682402]
epoch 92
avg_train_loss: 0.5763, train_losses:[0.5785586720047827, 0.5751402743282156, 0.5746353305139267, 0.574220251694088, 0.5790805642813692]
epoch 93
avg_train_loss: 0.5762, train_losses:[0.5784499311335539, 0.5750906292861937, 0.5744371243804122, 0.5741600448310031, 0.5790722416417267]
epoch 94
avg_train_loss: 0.5762, train_losses:[0.5785751513907421, 0.5750209303004377, 0.5742877316975099, 0.5739850028827453, 0.5789338154424258]
epoch 95
avg_train_loss: 0.5761, train_losses:[0.5784363701878994, 0.5750961442117049, 0.57420014854246, 0.5740604617591843, 0.5788411675898025]
epoch 96
avg_train_loss: 0.5761, train_losses:[0.5783612380189231, 0.5748418162839032, 0.5742631613236772, 0.5738954422788926, 0.5789526413784533]
epoch 97
avg_train_loss: 0.5760, train_losses:[0.5783149347187339, 0.5748433185523073, 0.5742615141524653, 0.5737281224802739, 0.5787862970502516]
epoch 98
avg_train_loss: 0.5759, train_losses:[0.5783053298315368, 0.5747993574211863, 0.5739537412119005, 0.5737466931426578, 0.5787582659478622]
epoch 99
avg_train_loss: 0.5759, train_losses:[0.5782485732265006, 0.5747788641887559, 0.5740255038580293, 0.5736906858093693, 0.57875330185522]
epoch 100
avg_train_loss: 0.5758, train_losses:[0.5782233600849929, 0.574637163596561, 0.5739489336340787, 0.5735943341679204, 0.5786235879536973]
avg_val_loss: 0.5883, val_losses:[0.5772132822703807, 0.5919877922288932, 0.5816489321637776, 0.5955757537271964, 0.5950583079396994]
epoch 101
avg_train_loss: 0.5758, train_losses:[0.5781525519807643, 0.5746008054679055, 0.5739956088345032, 0.5735516174576323, 0.5784964369663665]
epoch 102
avg_train_loss: 0.5757, train_losses:[0.5781505677857837, 0.574673047560054, 0.5738634503579756, 0.5734975458140514, 0.5784987192124931]
epoch 103
avg_train_loss: 0.5756, train_losses:[0.5780948031855733, 0.5744242359039443, 0.5737512987801385, 0.573455844414215, 0.5785211192522118]
epoch 104
avg_train_loss: 0.5756, train_losses:[0.5780418852198603, 0.5745388504262706, 0.5736644383489721, 0.5734218352832869, 0.578378471985889]
epoch 105
avg_train_loss: 0.5756, train_losses:[0.5780428046103557, 0.5745336822410608, 0.573754492391181, 0.5734035521720224, 0.5782529496219586]
epoch 106
avg_train_loss: 0.5755, train_losses:[0.5778857385977392, 0.5744527782989639, 0.573605227122957, 0.5733871695817496, 0.578140355311604]
epoch 107
avg_train_loss: 0.5754, train_losses:[0.5779160995301247, 0.5743134958179427, 0.5735542895295604, 0.5731986226724577, 0.5781174886376541]
epoch 108
avg_train_loss: 0.5754, train_losses:[0.5778387282410916, 0.5744333065671762, 0.5734330727241288, 0.5732756847462306, 0.578124728732476]
epoch 109
avg_train_loss: 0.5754, train_losses:[0.5778417867758343, 0.5743208256333014, 0.5733980796919346, 0.5731278138421877, 0.5780870563934715]
no_improve_num: 1
epoch 110
avg_train_loss: 0.5753, train_losses:[0.5778118763068704, 0.5742354047397409, 0.5735076963035972, 0.5730006757041829, 0.5780823554874721]
avg_val_loss: 0.5885, val_losses:[0.5769760960256596, 0.5919890246773183, 0.5815308584661224, 0.5954263808623973, 0.5964755126040382]
epoch 111
avg_train_loss: 0.5753, train_losses:[0.5777239635249175, 0.574164652610968, 0.573416193658956, 0.5730409809333901, 0.5779438749621666]
epoch 112
avg_train_loss: 0.5753, train_losses:[0.5777062676803958, 0.5742174460906075, 0.5733725627799687, 0.5729927236173104, 0.5779887987800972]
epoch 113
avg_train_loss: 0.5752, train_losses:[0.5776763301330379, 0.5742551468807375, 0.5733162338876967, 0.5728888060605721, 0.5778185172584094]
epoch 114
avg_train_loss: 0.5751, train_losses:[0.577641659330881, 0.5741311380884125, 0.5732604362317242, 0.5727589534958438, 0.5778521875410079]
epoch 115
avg_train_loss: 0.5751, train_losses:[0.5775675568516434, 0.5740563315322362, 0.5732090774242963, 0.5727527580495193, 0.5778633001415362]
epoch 116
avg_train_loss: 0.5750, train_losses:[0.5774619788492521, 0.5739612786445725, 0.5731639660927711, 0.5727038107934345, 0.5778620958092011]
epoch 117
avg_train_loss: 0.5750, train_losses:[0.5774674822436361, 0.574086892593423, 0.5729183940826028, 0.5726384117623505, 0.5777706844413706]
epoch 118
avg_train_loss: 0.5749, train_losses:[0.5775163983848214, 0.5738009319325948, 0.5730050609631278, 0.5725791220963622, 0.5778475914339363]
epoch 119
avg_train_loss: 0.5749, train_losses:[0.5774331328263349, 0.5739806984516661, 0.5728926042503225, 0.572564729450341, 0.5776410243322864]
epoch 120
avg_train_loss: 0.5749, train_losses:[0.5773981679906183, 0.5738532162565567, 0.5730134820300253, 0.5726442146829559, 0.5775044165878522]
avg_val_loss: 0.5879, val_losses:[0.5764271168129128, 0.5915268343769332, 0.5811469226696786, 0.5943252739317189, 0.5961141066351766]
epoch 121
avg_train_loss: 0.5748, train_losses:[0.5773937901702891, 0.5736731266683764, 0.5728703206036868, 0.5725373625582201, 0.5774694094814954]
epoch 122
avg_train_loss: 0.5748, train_losses:[0.577372304747704, 0.5737427337350415, 0.5727404267941003, 0.5724901380244288, 0.5775420533693503]
epoch 123
avg_train_loss: 0.5748, train_losses:[0.577320329141058, 0.5735982591919233, 0.5728274043694622, 0.572533968537328, 0.5774771910360867]
epoch 124
avg_train_loss: 0.5747, train_losses:[0.5773274245723066, 0.5735900852153709, 0.572868013437353, 0.5724253509648453, 0.5773494020053496]
epoch 125
avg_train_loss: 0.5747, train_losses:[0.5773022962116701, 0.5735913347093295, 0.5727702329859937, 0.5723695867495489, 0.5773954220045879]
epoch 126
avg_train_loss: 0.5746, train_losses:[0.5772756882579333, 0.5733502928863711, 0.5727953987606778, 0.5724505640452555, 0.5773203461054849]
epoch 127
avg_train_loss: 0.5746, train_losses:[0.5772298295272974, 0.5734457100696728, 0.5726213527397026, 0.572395882109336, 0.5771938782132876]
epoch 128
avg_train_loss: 0.5746, train_losses:[0.5772199625014509, 0.573382086786349, 0.5727341276704786, 0.572451133764808, 0.5771328990203982]
epoch 129
avg_train_loss: 0.5745, train_losses:[0.577258420847126, 0.5732778588341515, 0.5726625925798006, 0.5723952671613709, 0.5771360486741761]
epoch 130
avg_train_loss: 0.5745, train_losses:[0.5770746380723072, 0.5734299550022406, 0.5725445408508613, 0.572482462663224, 0.5771126761101822]
avg_val_loss: 0.5876, val_losses:[0.5758340594725188, 0.5910863124299476, 0.5811465825965467, 0.5954550253786122, 0.594712702138884]
epoch 131
avg_train_loss: 0.5745, train_losses:[0.5771215221445793, 0.5733418630214394, 0.5725167569115559, 0.5724597635396085, 0.5770272591677099]
epoch 132
avg_train_loss: 0.5745, train_losses:[0.5771061915619289, 0.5732654920322307, 0.5725230361438813, 0.5723599644312466, 0.5770049392851191]
epoch 133
avg_train_loss: 0.5744, train_losses:[0.5769794004972068, 0.5732499310347683, 0.5724442798854199, 0.5724427446824304, 0.577014942625857]
epoch 134
avg_train_loss: 0.5744, train_losses:[0.576911660198242, 0.5731111420603288, 0.5727199016769424, 0.5724409220759737, 0.5769126546811386]
epoch 135
avg_train_loss: 0.5744, train_losses:[0.5768421823893621, 0.5732102603118412, 0.5724267879414494, 0.5723059635975846, 0.5770116192453527]
epoch 136
avg_train_loss: 0.5743, train_losses:[0.5768732187256488, 0.5730774955917001, 0.5723694957764501, 0.5723719302851635, 0.5769715061014397]
epoch 137
avg_train_loss: 0.5743, train_losses:[0.5768429772021378, 0.5730626827468837, 0.572370742905937, 0.5722485891760575, 0.5769501090685135]
epoch 138
avg_train_loss: 0.5743, train_losses:[0.576878208974691, 0.573020978588497, 0.5724152031116548, 0.5723547298066229, 0.5769671466045242]
epoch 139
avg_train_loss: 0.5742, train_losses:[0.5767637862820945, 0.573041796533558, 0.57220708531449, 0.5723516792929584, 0.5767992366707616]
no_improve_num: 1
epoch 140
avg_train_loss: 0.5742, train_losses:[0.5767634392505618, 0.5729725429645735, 0.5723068111781994, 0.5723015395549909, 0.5767633222940598]
avg_val_loss: 0.5879, val_losses:[0.5754170707581359, 0.5914821528469554, 0.5809167171088304, 0.5954398585910335, 0.5960195910057258]
epoch 141
avg_train_loss: 0.5742, train_losses:[0.576776623945842, 0.5727235710355717, 0.5722275602726704, 0.5722350681321354, 0.5768402389926436]
epoch 142
avg_train_loss: 0.5742, train_losses:[0.5767705210937354, 0.5728894231398203, 0.572340080532943, 0.5721940938236325, 0.5767238498654573]
epoch 143
avg_train_loss: 0.5742, train_losses:[0.5768461418835332, 0.572833561683844, 0.5722812387388259, 0.5721764076640764, 0.5766301756268791]
epoch 144
avg_train_loss: 0.5741, train_losses:[0.5766578240561103, 0.5728129638668192, 0.5721196211467423, 0.5721376379168706, 0.5767771703828403]
epoch 145
avg_train_loss: 0.5741, train_losses:[0.5767791864669706, 0.5728112341875617, 0.5721895684101708, 0.5721675175407821, 0.5767700323376546]
epoch 146
avg_train_loss: 0.5741, train_losses:[0.5767508192302205, 0.5726988644408801, 0.5721430186998548, 0.5721697657989822, 0.5766512185551029]
epoch 147
avg_train_loss: 0.5741, train_losses:[0.5767377702670196, 0.5727075375816391, 0.5720644229321997, 0.572191604573632, 0.5766688165189595]
epoch 148
avg_train_loss: 0.5740, train_losses:[0.5766302567256276, 0.5727372679821341, 0.5721769580208258, 0.5720424628414161, 0.576583293738938]
epoch 149
avg_train_loss: 0.5739, train_losses:[0.5765913373324145, 0.5726039440797156, 0.5720015828022198, 0.5719778873725173, 0.5765683615657334]
epoch 150
avg_train_loss: 0.5740, train_losses:[0.5765359588905496, 0.5727786654129455, 0.5719241612442338, 0.5720278964484765, 0.5765276772778462]
avg_val_loss: 0.5873, val_losses:[0.5754448534671084, 0.5898965396596969, 0.5804322099561849, 0.5950209185108389, 0.5954819939676174]
epoch 151
avg_train_loss: 0.5739, train_losses:[0.5764800292620282, 0.5725111541360445, 0.5719827906228506, 0.5720158596655006, 0.5765016046812809]
epoch 152
avg_train_loss: 0.5739, train_losses:[0.576552332146149, 0.572594828982338, 0.5719431141567625, 0.5719869580795357, 0.5762823767449925]
epoch 153
avg_train_loss: 0.5739, train_losses:[0.5766376406061281, 0.572644731395371, 0.571865000427696, 0.5720551116111668, 0.5763551497395872]
epoch 154
avg_train_loss: 0.5739, train_losses:[0.5764637425693094, 0.572542457987557, 0.5719524259146421, 0.5720000424242755, 0.5764208758962404]
epoch 155
avg_train_loss: 0.5739, train_losses:[0.576530903110409, 0.5726375647794725, 0.5719574589624548, 0.5719462539439981, 0.5764065460500878]
epoch 156
avg_train_loss: 0.5738, train_losses:[0.5766277543142162, 0.5725208041681542, 0.5718605383784093, 0.5718884902389904, 0.5763480672219485]
epoch 157
avg_train_loss: 0.5738, train_losses:[0.5765128499088841, 0.5724771554711112, 0.5717638819471929, 0.5719007996887261, 0.5763202112718441]
epoch 158
avg_train_loss: 0.5738, train_losses:[0.576427146565842, 0.5726270417420585, 0.5717370131317436, 0.5717470958550424, 0.5763367087695709]
epoch 159
avg_train_loss: 0.5738, train_losses:[0.5764700638224308, 0.5724758069259515, 0.5718445473424061, 0.57192352426147, 0.5762521008601585]
no_improve_num: 1
epoch 160
avg_train_loss: 0.5738, train_losses:[0.5765799692519669, 0.572382028303193, 0.5717808683768943, 0.5718204195412581, 0.5762609885790414]
avg_val_loss: 0.5875, val_losses:[0.5754832595574557, 0.5908730506440794, 0.5808474963131997, 0.5953229698340424, 0.5950814781291945]
epoch 161
avg_train_loss: 0.5738, train_losses:[0.5766221630861246, 0.5724598473612496, 0.5717141080017513, 0.5717999704150836, 0.5762362087157412]
epoch 162
avg_train_loss: 0.5738, train_losses:[0.5765458874130256, 0.5724988480507421, 0.5717447562836344, 0.5718023579673446, 0.5762469742212429]
epoch 163
avg_train_loss: 0.5737, train_losses:[0.5764217786041597, 0.5722379026734092, 0.5717678999890228, 0.5717313684219909, 0.5762630640906488]
epoch 164
avg_train_loss: 0.5738, train_losses:[0.5765535036919689, 0.5723887114976637, 0.571805969414747, 0.57184288027277, 0.576236313518742]
epoch 165
avg_train_loss: 0.5737, train_losses:[0.5765747442909246, 0.5722775529714555, 0.5718043148161207, 0.5717407407101419, 0.5763148468130841]
epoch 166
avg_train_loss: 0.5737, train_losses:[0.5764408688841427, 0.572474338134882, 0.5717195710066414, 0.5717409153918515, 0.5761577388994906]
epoch 167
avg_train_loss: 0.5737, train_losses:[0.5765407930294735, 0.5723589268385515, 0.5717259177985009, 0.5717453352737082, 0.5762185469968276]
epoch 168
avg_train_loss: 0.5737, train_losses:[0.5764504844348831, 0.5722986451300607, 0.5717242779752768, 0.5717942597648796, 0.5762632358053008]
epoch 169
avg_train_loss: 0.5737, train_losses:[0.5764401989810496, 0.5723063194882488, 0.571739668645242, 0.5717446763223345, 0.5761698673734968]
no_improve_num: 2
epoch 170
avg_train_loss: 0.5737, train_losses:[0.5763803473233191, 0.5724182499462341, 0.5717783043914634, 0.5716937047444943, 0.576099938413265]
avg_val_loss: 0.5877, val_losses:[0.574892895341783, 0.5909016866721106, 0.5808349461507908, 0.5965465697268572, 0.5954430140290122]
epoch 171
avg_train_loss: 0.5737, train_losses:[0.5764442719902271, 0.5722391680934389, 0.5717483786725736, 0.5717510690981784, 0.576134174797433]
epoch 172
avg_train_loss: 0.5737, train_losses:[0.5764509103452723, 0.5722370138642289, 0.5717988719021116, 0.5717538453850612, 0.5761091648489624]
epoch 173
avg_train_loss: 0.5736, train_losses:[0.5763176785370908, 0.5721937851185361, 0.5717108478128073, 0.571692330507853, 0.57598510067271]
epoch 174
avg_train_loss: 0.5736, train_losses:[0.576330523086522, 0.5722594047959666, 0.5718751135418892, 0.5715103400911571, 0.5759096935511581]
epoch 175
avg_train_loss: 0.5736, train_losses:[0.5763305719746724, 0.5722177825407607, 0.5717437452489866, 0.5716937415811709, 0.5760019708684971]
epoch 176
avg_train_loss: 0.5735, train_losses:[0.5763071054323454, 0.5721164039581903, 0.5717452705022549, 0.5716244497183354, 0.5759347195514193]
epoch 177
avg_train_loss: 0.5736, train_losses:[0.576243780394233, 0.5723096275857472, 0.5716048743408175, 0.5716704714254258, 0.576034162496468]
epoch 178
avg_train_loss: 0.5736, train_losses:[0.5762623034616959, 0.5720542671638333, 0.5717829259662164, 0.5716462217022611, 0.5760371785713249]
epoch 179
avg_train_loss: 0.5735, train_losses:[0.5762287053007917, 0.5719894802427375, 0.5716978073564092, 0.5714943108336016, 0.5758846920460678]
no_improve_num: 3
epoch 180
avg_train_loss: 0.5735, train_losses:[0.576323072155633, 0.5720506766636949, 0.5716745442502926, 0.5715369707405634, 0.5758940232481089]
avg_val_loss: 0.5877, val_losses:[0.5750690358689008, 0.5906267184140465, 0.5808394674038128, 0.5958602104060585, 0.5963072221972631]
batch_size:32, weight_decay:0.01, learning_rate:0.0005, model_name:noisyFCN, init_noiselevel:0.1
fold 0
model_name noisyFCN
using Adam as optimizer
fold 1
model_name noisyFCN
using Adam as optimizer
fold 2
model_name noisyFCN
using Adam as optimizer
fold 3
model_name noisyFCN
using Adam as optimizer
fold 4
model_name noisyFCN
using Adam as optimizer
epoch 0
avg_train_loss: 0.7046, train_losses:[0.7068624016356125, 0.7008595701502952, 0.7001383046846132, 0.7082417044823858, 0.7069824447686578]
avg_val_loss: 0.6597, val_losses:[0.6612099272371952, 0.6679853162300201, 0.6611386587161322, 0.6615112666323225, 0.646452177933098]
epoch 1
avg_train_loss: 0.6500, train_losses:[0.6575226990669171, 0.6434505788242991, 0.647845597968061, 0.6511081478746197, 0.6500578618846306]
epoch 2
avg_train_loss: 0.6375, train_losses:[0.643210696867363, 0.63144864470289, 0.6358327742977985, 0.6396217166707436, 0.6376026295949254]
epoch 3
avg_train_loss: 0.6288, train_losses:[0.6336548545723322, 0.6231059442070074, 0.6272506907790524, 0.6306763727167125, 0.6294766667641234]
epoch 4
avg_train_loss: 0.6217, train_losses:[0.6259658435739484, 0.6165228804114103, 0.621074060142136, 0.6226298524581743, 0.622518334225649]
epoch 5
avg_train_loss: 0.6159, train_losses:[0.6197913964441445, 0.61165697246237, 0.6159314525161218, 0.6150630619987236, 0.6169323536506421]
epoch 6
avg_train_loss: 0.6111, train_losses:[0.6148994452998062, 0.6079100254077542, 0.6116868908353086, 0.6087765462787434, 0.6124188609139196]
epoch 7
avg_train_loss: 0.6074, train_losses:[0.6109631482719108, 0.6047013217755962, 0.6081515612138545, 0.6039553008352186, 0.6089957402926155]
epoch 8
avg_train_loss: 0.6044, train_losses:[0.6079765288049467, 0.6022991736858924, 0.6053005258866841, 0.6001725434273288, 0.60622175806237]
epoch 9
avg_train_loss: 0.6022, train_losses:[0.6058399012515887, 0.6000810542475494, 0.6031837604045623, 0.5975707641639133, 0.6042121710657699]
epoch 10
avg_train_loss: 0.6003, train_losses:[0.6039569248189264, 0.5982583849867623, 0.6013989052024852, 0.5956466700086817, 0.6024414842793797]
avg_val_loss: 0.6057, val_losses:[0.6006372536167154, 0.6119212829074492, 0.6044225424092309, 0.6098015026200969, 0.6019068796690726]
epoch 11
avg_train_loss: 0.5988, train_losses:[0.602611419860652, 0.5969611709939935, 0.5998501735349118, 0.5939799299414689, 0.6008069178389122]
epoch 12
avg_train_loss: 0.5976, train_losses:[0.6011926274510285, 0.59551586081252, 0.5987147095670429, 0.5926870650807171, 0.5998456719038313]
epoch 13
avg_train_loss: 0.5965, train_losses:[0.5999596585507934, 0.5945872340736894, 0.597650079069031, 0.5915287115728908, 0.5987955926423257]
epoch 14
avg_train_loss: 0.5955, train_losses:[0.5988286251609096, 0.5934125649821922, 0.5965274357838891, 0.5906297136844681, 0.598099412020559]
epoch 15
avg_train_loss: 0.5947, train_losses:[0.5980053033860343, 0.5926570013100813, 0.5957410003598275, 0.589914275458217, 0.5970982347491727]
epoch 16
avg_train_loss: 0.5940, train_losses:[0.5970825765803917, 0.5919959017375644, 0.5952172266038664, 0.589273538875658, 0.5963946082633719]
epoch 17
avg_train_loss: 0.5932, train_losses:[0.5961758373892946, 0.5911504432452602, 0.5946778879972299, 0.5886254300649024, 0.5955578442787691]
epoch 18
avg_train_loss: 0.5925, train_losses:[0.5953542225694951, 0.5902548741666229, 0.5941794432561447, 0.5879471748899289, 0.5948923737018409]
epoch 19
avg_train_loss: 0.5920, train_losses:[0.5948489333407198, 0.5897417872564742, 0.5935358666997297, 0.5874690557502115, 0.594333177705565]
epoch 20
avg_train_loss: 0.5914, train_losses:[0.594214934586998, 0.5889997742493518, 0.5931191013008178, 0.5868722886864365, 0.5936984990738577]
avg_val_loss: 0.5995, val_losses:[0.5919195578058218, 0.6045825834871886, 0.5976519793683394, 0.6043545265609618, 0.5987882387807553]
epoch 21
avg_train_loss: 0.5909, train_losses:[0.593480477928321, 0.5885156039744905, 0.5927650018002609, 0.5865089726585732, 0.5932218025490545]
epoch 22
avg_train_loss: 0.5904, train_losses:[0.592880958929074, 0.5881256157611315, 0.5923824793400345, 0.5858454483814486, 0.5925671705599119]
epoch 23
avg_train_loss: 0.5899, train_losses:[0.5921941991343905, 0.587680776418732, 0.5919028674895923, 0.585600431873454, 0.5921425490744603]
epoch 24
avg_train_loss: 0.5895, train_losses:[0.5917394642713076, 0.5873726663179473, 0.5914504439393241, 0.585120352152924, 0.5917038313430467]
epoch 25
avg_train_loss: 0.5890, train_losses:[0.5912284410561537, 0.5867517097741207, 0.5911876531458163, 0.5847778596411919, 0.5912980985141312]
epoch 26
avg_train_loss: 0.5886, train_losses:[0.590625141380743, 0.5864701847969889, 0.5908628630455645, 0.5842760982632201, 0.5907169227857839]
epoch 27
avg_train_loss: 0.5882, train_losses:[0.5901002976433052, 0.5860046431415614, 0.5904615521145847, 0.5840628564298697, 0.590451950036031]
epoch 28
avg_train_loss: 0.5879, train_losses:[0.5897952326765539, 0.5857134776207552, 0.5901950149531734, 0.5836895141582175, 0.5901637137245738]
epoch 29
avg_train_loss: 0.5875, train_losses:[0.5893520223054513, 0.5853239692933176, 0.5899404679889433, 0.5833368252197964, 0.5897915645002162]
epoch 30
avg_train_loss: 0.5872, train_losses:[0.5889741268657981, 0.585092130953358, 0.58951322566287, 0.5830171152215654, 0.5894967379043121]
avg_val_loss: 0.5957, val_losses:[0.5874942713289194, 0.6012446581054715, 0.5945696942106009, 0.6011494077570014, 0.5942334416885073]
epoch 31
avg_train_loss: 0.5869, train_losses:[0.588536382342654, 0.584790042557071, 0.5892395771645048, 0.5827859083482874, 0.5891903713946299]
epoch 32
avg_train_loss: 0.5866, train_losses:[0.5882054701283033, 0.5844343680230726, 0.5889215857349585, 0.582344724065675, 0.5889113179375047]
epoch 33
avg_train_loss: 0.5863, train_losses:[0.5879914491210901, 0.5842740839349725, 0.5885997050570265, 0.5821210632031522, 0.5886405959747781]
epoch 34
avg_train_loss: 0.5860, train_losses:[0.5876921882928202, 0.5837561642341171, 0.5883187083631503, 0.5819416129937743, 0.5882528752670989]
epoch 35
avg_train_loss: 0.5857, train_losses:[0.5873267617978205, 0.5835908342056224, 0.5880168532838045, 0.5817296584054843, 0.5879512530044729]
epoch 36
avg_train_loss: 0.5855, train_losses:[0.5871479466333988, 0.5835488550740466, 0.5877371787369123, 0.5812968623437753, 0.5878272729891317]
epoch 37
avg_train_loss: 0.5852, train_losses:[0.586846466329942, 0.5831292345287428, 0.587393449218524, 0.5811789597618807, 0.5875807368919891]
epoch 38
avg_train_loss: 0.5849, train_losses:[0.5864281333738809, 0.5829236340426233, 0.5869756553925541, 0.5809436677434331, 0.5872839161105636]
epoch 39
avg_train_loss: 0.5847, train_losses:[0.5862691007419862, 0.5826477257437297, 0.5866278896436223, 0.5806384720006248, 0.5870862259179888]
epoch 40
avg_train_loss: 0.5845, train_losses:[0.5860894053790527, 0.5825424472309012, 0.5863611246803336, 0.5805319543325461, 0.5869595713997956]
avg_val_loss: 0.5945, val_losses:[0.5850749409873254, 0.5999468434406008, 0.5921583064628524, 0.600970107446493, 0.5945771926898915]
epoch 41
avg_train_loss: 0.5842, train_losses:[0.5858494757538788, 0.5822051866249558, 0.5861155330599175, 0.5803067071488262, 0.5866555639371954]
epoch 42
avg_train_loss: 0.5840, train_losses:[0.5856723686137385, 0.582236951043373, 0.5858334712825443, 0.5799488329963151, 0.5865268094000048]
epoch 43
avg_train_loss: 0.5838, train_losses:[0.5854100031603771, 0.5820903975563526, 0.585524090884116, 0.5797795474235998, 0.5862524404142241]
epoch 44
avg_train_loss: 0.5836, train_losses:[0.5852237733467743, 0.5819068233845529, 0.5853119085601377, 0.579543115009872, 0.5860324351737387]
epoch 45
avg_train_loss: 0.5834, train_losses:[0.5849961942756702, 0.5816945213818528, 0.5852426510544402, 0.5793236933731831, 0.5859331664278873]
epoch 46
avg_train_loss: 0.5833, train_losses:[0.5848005192428974, 0.581613841381292, 0.5847799355251297, 0.5792909247762713, 0.5859107678300194]
epoch 47
avg_train_loss: 0.5831, train_losses:[0.5847399747338681, 0.5814690775783622, 0.5847975861819705, 0.5790250072551099, 0.5856157648314115]
epoch 48
avg_train_loss: 0.5829, train_losses:[0.5845661332468212, 0.5812996550159785, 0.5845148579127788, 0.5787998581582694, 0.5855012665408157]
epoch 49
avg_train_loss: 0.5828, train_losses:[0.5845384809847601, 0.581109141930365, 0.5841788287760232, 0.5785508862842553, 0.5854719296348246]
epoch 50
avg_train_loss: 0.5826, train_losses:[0.5843637336728904, 0.5809392825476223, 0.5839916958421786, 0.5784370898721842, 0.5852827559741645]
avg_val_loss: 0.5932, val_losses:[0.5835793630272309, 0.5986176828665536, 0.5904590883948396, 0.5994713022455713, 0.5938633956043625]
epoch 51
avg_train_loss: 0.5825, train_losses:[0.5842424547170866, 0.5808434192948245, 0.5838930833778371, 0.5783490842933735, 0.5852348170140996]
epoch 52
avg_train_loss: 0.5824, train_losses:[0.584167670329105, 0.580775858936024, 0.583783745951015, 0.5782819580330401, 0.5849708255822824]
epoch 53
avg_train_loss: 0.5821, train_losses:[0.5840270580985392, 0.5804782006157049, 0.5834531922239704, 0.5780172855060093, 0.5847699439385492]
epoch 54
avg_train_loss: 0.5821, train_losses:[0.583936143571932, 0.5804416793181377, 0.5834789574156454, 0.5778991878327989, 0.5846388644169829]
epoch 55
avg_train_loss: 0.5819, train_losses:[0.5838933916817268, 0.580396669632419, 0.5831210508937004, 0.5776960135899247, 0.5845304189059713]
epoch 56
avg_train_loss: 0.5819, train_losses:[0.5836798070733, 0.580234751162842, 0.5832490786544999, 0.5777346227913367, 0.5845842621105526]
epoch 57
avg_train_loss: 0.5817, train_losses:[0.5836289673559967, 0.5802379645918636, 0.5830266963499972, 0.577542261163395, 0.5842962579411431]
epoch 58
avg_train_loss: 0.5816, train_losses:[0.5836347584135121, 0.5800222373433966, 0.5828669140298737, 0.5772226479496495, 0.5841301996370344]
epoch 59
avg_train_loss: 0.5815, train_losses:[0.5834105806176051, 0.580038701755387, 0.5825849425280697, 0.57728056172631, 0.5842832256344249]
epoch 60
avg_train_loss: 0.5814, train_losses:[0.5834265910133566, 0.5797133788628871, 0.5825966625034078, 0.5772109929209107, 0.5839731194688857]
avg_val_loss: 0.5925, val_losses:[0.5830519550140233, 0.5972893789229341, 0.5900504182430015, 0.600143416927896, 0.5921788250344121]
epoch 61
avg_train_loss: 0.5813, train_losses:[0.5832225446449817, 0.5799701261686163, 0.5824247595674662, 0.5770400106534196, 0.583849642757218]
epoch 62
avg_train_loss: 0.5812, train_losses:[0.5830227133455237, 0.5797032494305807, 0.5823996242294999, 0.5769710579558188, 0.5838625386705552]
epoch 63
avg_train_loss: 0.5811, train_losses:[0.5831661450873882, 0.5797268673316803, 0.5822756151826022, 0.576814456919307, 0.5837557732496852]
epoch 64
avg_train_loss: 0.5810, train_losses:[0.5829077137483133, 0.579503641240715, 0.5822193215496739, 0.5766366598249056, 0.5836053484610656]
epoch 65
avg_train_loss: 0.5808, train_losses:[0.5828745397218988, 0.5794098888521871, 0.5818920146760346, 0.5764546072975508, 0.5835991645260099]
epoch 66
avg_train_loss: 0.5807, train_losses:[0.5827316237749691, 0.5793413406615173, 0.5817231723806613, 0.5763020986768062, 0.5835529220337194]
epoch 67
avg_train_loss: 0.5806, train_losses:[0.5826313572965004, 0.5793630628611965, 0.581460741320848, 0.5762380978020188, 0.5832711326036523]
epoch 68
avg_train_loss: 0.5805, train_losses:[0.5825571644643034, 0.5791596306699405, 0.5813734473665488, 0.5761500650409485, 0.5833538970050223]
epoch 69
avg_train_loss: 0.5805, train_losses:[0.5825510444845423, 0.5790434215813147, 0.5814363398244662, 0.5761532765392904, 0.5831976257110857]
epoch 70
avg_train_loss: 0.5803, train_losses:[0.5824169588190004, 0.5789543223141947, 0.5811162980680491, 0.5760390827442521, 0.5830945095534336]
avg_val_loss: 0.5913, val_losses:[0.5818804109888324, 0.5969724813754953, 0.5885134229360911, 0.5993097243746301, 0.5896113966415983]
epoch 71
avg_train_loss: 0.5802, train_losses:[0.5823506083772608, 0.5787465371244708, 0.5810613297164047, 0.5759958703024165, 0.5829689943580267]
epoch 72
avg_train_loss: 0.5802, train_losses:[0.5823612766840675, 0.5788701896748211, 0.5809754570865588, 0.5759707416098172, 0.5828684397175189]
epoch 73
avg_train_loss: 0.5801, train_losses:[0.5821936919393711, 0.5787407973582726, 0.5808107325664716, 0.5758348317665956, 0.5827193808055435]
epoch 74
avg_train_loss: 0.5801, train_losses:[0.5821304264468425, 0.5787904926234243, 0.5808308256268359, 0.575741914771776, 0.5828363496626403]
epoch 75
avg_train_loss: 0.5800, train_losses:[0.5820707493547363, 0.578721974029382, 0.5806128199288593, 0.5757516462814211, 0.5827494544769157]
epoch 76
avg_train_loss: 0.5799, train_losses:[0.5819847325471059, 0.5786819577015481, 0.5806117658062465, 0.5755021891703664, 0.5827317812761453]
epoch 77
avg_train_loss: 0.5799, train_losses:[0.5819761862691117, 0.578532430061486, 0.5806303789985718, 0.5756526936203161, 0.5827060575341533]
epoch 78
avg_train_loss: 0.5798, train_losses:[0.5818733905309713, 0.5783135470549076, 0.5804156310273116, 0.5755237231786696, 0.5826743977251023]
epoch 79
avg_train_loss: 0.5797, train_losses:[0.5819005438161914, 0.5783036914329018, 0.5803954208777397, 0.575417511583405, 0.582655697010149]
epoch 80
avg_train_loss: 0.5797, train_losses:[0.5818227865215564, 0.5783526634314211, 0.5803487631023108, 0.5754610674540598, 0.5825459617758377]
avg_val_loss: 0.5911, val_losses:[0.581145263641148, 0.5960089922260844, 0.5880494066172323, 0.599798055885756, 0.5905044359578142]
epoch 81
avg_train_loss: 0.5796, train_losses:[0.5817114257729408, 0.578241223084017, 0.5802212416317178, 0.575275348190175, 0.5825356270008536]
epoch 82
avg_train_loss: 0.5796, train_losses:[0.5816415436231113, 0.5783547147429792, 0.5801956271898776, 0.5753762745507354, 0.5823656403213573]
epoch 83
avg_train_loss: 0.5795, train_losses:[0.5815719253043309, 0.5781953464996853, 0.5801166568418454, 0.5751609051551794, 0.5823275239330441]
epoch 84
avg_train_loss: 0.5794, train_losses:[0.5814840014617012, 0.5782011148584761, 0.5799847580783982, 0.575061231316975, 0.5824245718132526]
epoch 85
avg_train_loss: 0.5794, train_losses:[0.5814967114948928, 0.5781128805460519, 0.5799505579934707, 0.5751322604748664, 0.5823025653780004]
epoch 86
avg_train_loss: 0.5793, train_losses:[0.5814522289519437, 0.5779146324925523, 0.5798256574063362, 0.5750326377283942, 0.5822798911666909]
epoch 87
avg_train_loss: 0.5793, train_losses:[0.5813995414743597, 0.5781739914692613, 0.5797799234733708, 0.574969101652529, 0.5822021285049312]
epoch 88
avg_train_loss: 0.5792, train_losses:[0.5813429453988247, 0.5778121137234512, 0.5797298951527302, 0.5748406096874892, 0.582068063448048]
epoch 89
avg_train_loss: 0.5792, train_losses:[0.5813652012705555, 0.5779207027389813, 0.5795697948753185, 0.5748451208255295, 0.5821244239245051]
epoch 90
avg_train_loss: 0.5790, train_losses:[0.5811765689297044, 0.5777990386757081, 0.5795064528419294, 0.5746656055819794, 0.5819697842883725]
avg_val_loss: 0.5903, val_losses:[0.5808762161233507, 0.594864970309594, 0.5875576600866174, 0.5970446007962401, 0.5910549959307358]
epoch 91
avg_train_loss: 0.5791, train_losses:[0.5811096521002604, 0.5778713012945665, 0.5794746517955851, 0.5747706818051931, 0.5820606959693758]
epoch 92
avg_train_loss: 0.5789, train_losses:[0.5810416990517959, 0.5776159617761302, 0.5793115961912956, 0.5745771202312958, 0.5820200306862222]
epoch 93
avg_train_loss: 0.5789, train_losses:[0.5810530852476403, 0.5775520272837324, 0.5792523231957492, 0.5745895967469428, 0.5818766555459314]
epoch 94
avg_train_loss: 0.5789, train_losses:[0.5809986586410583, 0.5776579522158274, 0.5792361238601776, 0.5745495290728039, 0.5819404910614994]
epoch 95
avg_train_loss: 0.5788, train_losses:[0.5810461188807015, 0.5774175131325434, 0.5791614186361742, 0.5744805113960185, 0.581827363140094]
epoch 96
avg_train_loss: 0.5788, train_losses:[0.5809882091609122, 0.5774351462146999, 0.5791399460868237, 0.5744632449597156, 0.5817565783355281]
epoch 97
avg_train_loss: 0.5787, train_losses:[0.5808637858019596, 0.5774458590605361, 0.5790451209480861, 0.5743250051292409, 0.5817842463440496]
epoch 98
avg_train_loss: 0.5787, train_losses:[0.5807612906042584, 0.5773922330811714, 0.5789860351592283, 0.5744818133798227, 0.5816461843749906]
epoch 99
avg_train_loss: 0.5786, train_losses:[0.5807627598169003, 0.5772787984006816, 0.5789423772099933, 0.5744034939529215, 0.5816186579896141]
epoch 100
avg_train_loss: 0.5786, train_losses:[0.5806910380083133, 0.5772592408300183, 0.5789307937080502, 0.5742768253081603, 0.581691241910325]
avg_val_loss: 0.5902, val_losses:[0.5806907081809284, 0.5945927216672043, 0.5869992971420288, 0.5980912022485064, 0.590533808875827]
epoch 101
avg_train_loss: 0.5785, train_losses:[0.5806613981420334, 0.5772680544277266, 0.5788661530196502, 0.5741890576723867, 0.5815654998067071]
epoch 102
avg_train_loss: 0.5785, train_losses:[0.5805817425411897, 0.5772780294524971, 0.5788375398248946, 0.5742336898694892, 0.5814686965686597]
epoch 103
avg_train_loss: 0.5785, train_losses:[0.580626161479647, 0.577194707106977, 0.5787975184738312, 0.5741906890967466, 0.581479757413262]
epoch 104
avg_train_loss: 0.5784, train_losses:[0.5805980592246148, 0.5771648961392988, 0.5787153356661904, 0.5741150756335525, 0.5813542299621236]
epoch 105
avg_train_loss: 0.5783, train_losses:[0.5805384987940342, 0.5770165313172846, 0.5785819962450172, 0.574109011247388, 0.5812168431009965]
epoch 106
avg_train_loss: 0.5783, train_losses:[0.5804271606026005, 0.5769533477788514, 0.5786120285749004, 0.5741268258572244, 0.5812669041802914]
epoch 107
avg_train_loss: 0.5782, train_losses:[0.580521801864461, 0.5769002922797026, 0.5784865923483762, 0.5740887031260035, 0.5811466378308359]
epoch 108
avg_train_loss: 0.5782, train_losses:[0.5803441826909527, 0.5769204484007913, 0.5785172621793333, 0.5741302023848955, 0.5810288614476983]
epoch 109
avg_train_loss: 0.5781, train_losses:[0.5802924750923854, 0.5769038392804866, 0.5784985225010111, 0.5741014349872806, 0.5809497475273805]
epoch 110
avg_train_loss: 0.5781, train_losses:[0.5802776521563053, 0.576657490515915, 0.5783803181587646, 0.5740009089841154, 0.5809659171751228]
avg_val_loss: 0.5901, val_losses:[0.5801867761010109, 0.5949877053234475, 0.586741232955099, 0.597582407681623, 0.5909746513626105]
epoch 111
avg_train_loss: 0.5780, train_losses:[0.5802224266536008, 0.5766760734222297, 0.5783892758487209, 0.5737721811524705, 0.5809120114984874]
epoch 112
avg_train_loss: 0.5780, train_losses:[0.5802120503987597, 0.5765686990567771, 0.5782877256576432, 0.5740043044071942, 0.5808558606809812]
epoch 113
avg_train_loss: 0.5779, train_losses:[0.580144575421622, 0.5764667476631227, 0.5781374264024924, 0.5739329497760087, 0.580701648635064]
epoch 114
avg_train_loss: 0.5778, train_losses:[0.5800750078870498, 0.5763185604860448, 0.5782338033067226, 0.5738682481500209, 0.5807336435155724]
epoch 115
avg_train_loss: 0.5778, train_losses:[0.5800460811706816, 0.5762344526838066, 0.5782333017515688, 0.5738339353219516, 0.5806831835690329]
epoch 116
avg_train_loss: 0.5777, train_losses:[0.5800232315579139, 0.5762049273640619, 0.578242893288971, 0.5736161823128841, 0.5804062360408643]
epoch 117
avg_train_loss: 0.5777, train_losses:[0.5799791694082536, 0.5760213735580819, 0.5781052476577643, 0.5737351852467841, 0.5805320759785376]
epoch 118
avg_train_loss: 0.5776, train_losses:[0.5799390049628672, 0.5759538495736538, 0.5780820373724379, 0.573695731017613, 0.5805351094248452]
epoch 119
avg_train_loss: 0.5776, train_losses:[0.579888687221525, 0.5758159388395525, 0.5780289781208868, 0.573679580164912, 0.5803963337477983]
epoch 120
avg_train_loss: 0.5775, train_losses:[0.5798531035520448, 0.5756585380189684, 0.578042834790464, 0.5736249641012183, 0.5803863673412492]
avg_val_loss: 0.5899, val_losses:[0.5799085027706888, 0.5935275807591822, 0.5862633951361654, 0.5983351118596864, 0.5914610026963361]
epoch 121
avg_train_loss: 0.5775, train_losses:[0.5799016862701383, 0.5756232525600776, 0.5779372103621498, 0.5736900836837244, 0.5803264195970845]
epoch 122
avg_train_loss: 0.5774, train_losses:[0.5797664181773189, 0.5755654060058967, 0.5778397928439553, 0.5736691768500063, 0.5801557076340639]
epoch 123
avg_train_loss: 0.5773, train_losses:[0.5797958070613455, 0.5755364979782229, 0.5778096966631538, 0.5737090638935796, 0.5798786094610003]
epoch 124
avg_train_loss: 0.5773, train_losses:[0.5797964899435756, 0.5755265757345293, 0.5778620968808498, 0.5735005802010417, 0.5799917101297969]
epoch 125
avg_train_loss: 0.5772, train_losses:[0.5796640686054121, 0.5754287440244381, 0.577712099351429, 0.5734941934056207, 0.5796330036508658]
epoch 126
avg_train_loss: 0.5771, train_losses:[0.5795537913102629, 0.5753731961837574, 0.5777218734358203, 0.5734989865043628, 0.5794579489229155]
epoch 127
avg_train_loss: 0.5771, train_losses:[0.5797183014332553, 0.5752395318462953, 0.5775833457100439, 0.5734710857029286, 0.579392793987624]
epoch 128
avg_train_loss: 0.5770, train_losses:[0.579701258639111, 0.5752426407681127, 0.5775127537401145, 0.5735261361665035, 0.5791686164953188]
epoch 129
avg_train_loss: 0.5770, train_losses:[0.5796854406433322, 0.5751826262561226, 0.5775482076324812, 0.57338300047136, 0.5791612768516982]
epoch 130
avg_train_loss: 0.5770, train_losses:[0.5796241342449113, 0.575130669502116, 0.5775259426348266, 0.5734397175392121, 0.5790974109758034]
avg_val_loss: 0.5897, val_losses:[0.5795492964868127, 0.5938099719094206, 0.58591545595894, 0.5973438628713371, 0.5917547478774912]
epoch 131
avg_train_loss: 0.5770, train_losses:[0.5795920382790942, 0.5751054358237156, 0.57744273223309, 0.5734710994865154, 0.5791495865618448]
epoch 132
avg_train_loss: 0.5769, train_losses:[0.5796215485189676, 0.5750622679738607, 0.5773772983102652, 0.5735616068107754, 0.578935852814229]
epoch 133
avg_train_loss: 0.5768, train_losses:[0.5796135953649261, 0.5749932370287437, 0.5773076146701543, 0.5733212037220412, 0.5789592639619867]
epoch 134
avg_train_loss: 0.5769, train_losses:[0.5796435177336385, 0.5750552390838551, 0.5773008872900011, 0.5733222907334163, 0.5789852605803475]
epoch 135
avg_train_loss: 0.5768, train_losses:[0.5795503759480282, 0.5750172498678938, 0.5772062880713389, 0.5733368479861761, 0.5789474401624538]
epoch 136
avg_train_loss: 0.5768, train_losses:[0.579466352866582, 0.5749519857837867, 0.5772647481102008, 0.5734594847647889, 0.578815257433612]
epoch 137
avg_train_loss: 0.5768, train_losses:[0.5795730151146702, 0.5748483846131137, 0.5771106449251934, 0.5733616478848345, 0.5788720238032816]
epoch 138
avg_train_loss: 0.5767, train_losses:[0.5795229645117862, 0.5748787250982162, 0.5771338720734185, 0.573368058240454, 0.5787392172010867]
epoch 139
avg_train_loss: 0.5766, train_losses:[0.5793950654548213, 0.5747815034798605, 0.5770764698433828, 0.5733106310358135, 0.5785462771410887]
epoch 140
avg_train_loss: 0.5766, train_losses:[0.579431334425991, 0.5747855982896297, 0.5770260116980425, 0.573373731464391, 0.578562166805034]
avg_val_loss: 0.5895, val_losses:[0.5793365833577488, 0.5936831062374764, 0.5851524078293676, 0.5976729242221993, 0.591458638194091]
epoch 141
avg_train_loss: 0.5766, train_losses:[0.5793732533237551, 0.5746825604640078, 0.5769390132477152, 0.573303556436762, 0.5785022264900667]
epoch 142
avg_train_loss: 0.5765, train_losses:[0.5793643705168815, 0.5747516104593126, 0.5769529440407302, 0.5731279518644032, 0.5784128842921438]
epoch 143
avg_train_loss: 0.5766, train_losses:[0.5793161338894198, 0.5747615583985611, 0.5769876969354701, 0.5732716683061724, 0.5784793159577859]
epoch 144
avg_train_loss: 0.5765, train_losses:[0.5793413344794727, 0.5747024900245158, 0.5768603621990789, 0.5731970313972748, 0.578300856633217]
epoch 145
avg_train_loss: 0.5764, train_losses:[0.5792660015910863, 0.5746982622758395, 0.5768687385304168, 0.5732080518749286, 0.5781859696905226]
epoch 146
avg_train_loss: 0.5764, train_losses:[0.5791596038542655, 0.574765739485071, 0.5767952715767686, 0.5732415985133636, 0.5782652006492077]
epoch 147
avg_train_loss: 0.5764, train_losses:[0.5791427740703035, 0.574604548094608, 0.5767231528994513, 0.5731549496413149, 0.5782901092934057]
epoch 148
avg_train_loss: 0.5764, train_losses:[0.5790838406931312, 0.5746647564128307, 0.5767346702328459, 0.5731011686047447, 0.5782298521296939]
epoch 149
avg_train_loss: 0.5764, train_losses:[0.579154582995396, 0.5746829488513924, 0.5767046610161315, 0.573212278035071, 0.5781299550708924]
epoch 150
avg_train_loss: 0.5764, train_losses:[0.5791604974147916, 0.5746434652883126, 0.5767162183031914, 0.5731923739216548, 0.5782277596254272]
avg_val_loss: 0.5894, val_losses:[0.5790766812020904, 0.5934229408096416, 0.5857312964565428, 0.5974249036908068, 0.5914368313182697]
epoch 151
avg_train_loss: 0.5763, train_losses:[0.5791075189259355, 0.5746496621745006, 0.5767580213641087, 0.5731043328961346, 0.5780396727414605]
epoch 152
avg_train_loss: 0.5763, train_losses:[0.5791334105710221, 0.5746650987072736, 0.5767199305359445, 0.5731617658836496, 0.5779574235492152]
epoch 153
avg_train_loss: 0.5763, train_losses:[0.5791039608644748, 0.574486412213083, 0.5765950818816504, 0.5730942376397103, 0.5780299116805292]
epoch 154
avg_train_loss: 0.5763, train_losses:[0.5790281803333328, 0.5745908294177159, 0.5765733186204054, 0.5731437419396614, 0.5780267458446238]
epoch 155
avg_train_loss: 0.5763, train_losses:[0.5791318038504014, 0.5745761924185157, 0.5766527638728794, 0.5730706480348807, 0.5779654566904748]
epoch 156
avg_train_loss: 0.5763, train_losses:[0.5790821278808457, 0.5745502851436807, 0.5765909705949147, 0.5731363965261214, 0.5778954729643516]
epoch 157
avg_train_loss: 0.5762, train_losses:[0.5790286454479251, 0.5745799907650828, 0.5764139145118845, 0.5730754949553931, 0.5778596103354297]
epoch 158
avg_train_loss: 0.5762, train_losses:[0.5789232261278552, 0.5745387636607503, 0.5764189278944616, 0.5730825405514806, 0.5777882314068837]
epoch 159
avg_train_loss: 0.5761, train_losses:[0.578947651423734, 0.5745163233816128, 0.576312116804816, 0.5730856475650207, 0.5777519383610672]
epoch 160
avg_train_loss: 0.5761, train_losses:[0.5790382301973996, 0.5744170905723641, 0.576266797902819, 0.5728691212086265, 0.5776961686809288]
avg_val_loss: 0.5893, val_losses:[0.5790241759739336, 0.5935900260129066, 0.585091931361782, 0.5964037892563316, 0.5925574113007385]
epoch 161
avg_train_loss: 0.5761, train_losses:[0.5789805146025679, 0.5743615927287526, 0.5762517336277012, 0.5730601275299564, 0.5777027551815356]
epoch 162
avg_train_loss: 0.5761, train_losses:[0.5790101853556501, 0.5744560648789554, 0.5761921421616478, 0.5729454071909036, 0.577774214878163]
epoch 163
avg_train_loss: 0.5760, train_losses:[0.5790593902006601, 0.5743924677636735, 0.5761121947206431, 0.5729245562114644, 0.5777514146515397]
epoch 164
avg_train_loss: 0.5760, train_losses:[0.5789131161886932, 0.5744945787408369, 0.576080285399418, 0.573019603716442, 0.5775698068706622]
epoch 165
avg_train_loss: 0.5760, train_losses:[0.5789057174370711, 0.5744008163211245, 0.5761077851622204, 0.5729848723432822, 0.5777811751032326]
epoch 166
avg_train_loss: 0.5759, train_losses:[0.578862583730513, 0.5743832471071971, 0.5760333665056672, 0.5728729052644981, 0.577592338379475]
epoch 167
avg_train_loss: 0.5760, train_losses:[0.5789462212869906, 0.574425820400364, 0.5760059543118168, 0.5728303458801678, 0.5775480541038239]
epoch 168
avg_train_loss: 0.5759, train_losses:[0.5788652807047473, 0.5742950102592282, 0.5760762207117145, 0.5728371103088021, 0.5775053501536452]
epoch 169
avg_train_loss: 0.5759, train_losses:[0.5788314966303839, 0.5743087742816364, 0.575950230247734, 0.5728184820213312, 0.5775094266690174]
no_improve_num: 1
epoch 170
avg_train_loss: 0.5758, train_losses:[0.5787943380781693, 0.574225247366548, 0.5759019070614649, 0.5728027745101247, 0.5775160067871944]
avg_val_loss: 0.5894, val_losses:[0.5788589358468256, 0.5935932867136323, 0.5839799169195925, 0.5975559426735574, 0.59299401431347]
epoch 171
avg_train_loss: 0.5759, train_losses:[0.578828688827395, 0.5742250905008577, 0.5758771970229133, 0.5728099408643224, 0.5775976357718089]
epoch 172
avg_train_loss: 0.5759, train_losses:[0.5788475370270246, 0.5743782444390779, 0.5758521309307708, 0.57287546060973, 0.5774799632508034]
epoch 173
avg_train_loss: 0.5758, train_losses:[0.5786431713857294, 0.5744103267903444, 0.5758410272984565, 0.5729063667422393, 0.5774459194677587]
epoch 174
avg_train_loss: 0.5758, train_losses:[0.5787782387957973, 0.574254826235161, 0.5758498950631357, 0.5728011476487267, 0.577539363849256]
epoch 175
avg_train_loss: 0.5758, train_losses:[0.5786803312393201, 0.5742328510909818, 0.575750301640389, 0.5728420961425348, 0.5774550623820097]
epoch 176
avg_train_loss: 0.5758, train_losses:[0.5787421985531496, 0.5742308760616384, 0.5758032008715843, 0.5727154261892696, 0.5774990210315479]
epoch 177
avg_train_loss: 0.5758, train_losses:[0.5787341036122705, 0.5742939964599204, 0.5756706771809202, 0.5727733834133519, 0.5775000419311386]
epoch 178
avg_train_loss: 0.5757, train_losses:[0.578708618570776, 0.5741601081086235, 0.5756728656552562, 0.572696260547607, 0.5773262656075521]
epoch 179
avg_train_loss: 0.5757, train_losses:[0.5787850559484842, 0.5742236352713876, 0.575617645105519, 0.5726370980386695, 0.5773357684672229]
epoch 180
avg_train_loss: 0.5757, train_losses:[0.5786503700940867, 0.5742146774185047, 0.5756834071563225, 0.5726889542995749, 0.5773582738964581]
avg_val_loss: 0.5889, val_losses:[0.5787102423381232, 0.5913013049255096, 0.58409786350629, 0.5975751945583713, 0.59262746137436]
epoch 181
avg_train_loss: 0.5757, train_losses:[0.5786473036798083, 0.5742902139956377, 0.5755748556872177, 0.5727174140521344, 0.5773882071299355]
epoch 182
avg_train_loss: 0.5757, train_losses:[0.5786283446188387, 0.5742135992234929, 0.5755587748074005, 0.5726395840148644, 0.5773905627353116]
epoch 183
avg_train_loss: 0.5756, train_losses:[0.5784103359881841, 0.574101735948274, 0.5755518551372498, 0.572616996102881, 0.577302192263351]
epoch 184
avg_train_loss: 0.5756, train_losses:[0.5786028203140803, 0.5741408293816733, 0.5754769377523188, 0.5726160398879285, 0.5772913892371448]
epoch 185
avg_train_loss: 0.5756, train_losses:[0.5785458989210497, 0.5741346979970532, 0.5755595011563998, 0.5726940138891421, 0.5772264663624408]
epoch 186
avg_train_loss: 0.5756, train_losses:[0.5785599828446637, 0.5741293941367885, 0.5755696727530812, 0.5726845372353293, 0.5773063263550016]
epoch 187
avg_train_loss: 0.5756, train_losses:[0.5785203180705927, 0.5740679277648533, 0.5755179751683875, 0.5725149020904454, 0.5772247256616173]
epoch 188
avg_train_loss: 0.5756, train_losses:[0.5784945724952754, 0.5741831101391864, 0.5755329007807846, 0.5726996094134034, 0.5772254147970466]
epoch 189
avg_train_loss: 0.5756, train_losses:[0.5785271299729713, 0.5741507296200986, 0.5754544697665018, 0.5726328973062714, 0.5772322856110759]
no_improve_num: 1
epoch 190
avg_train_loss: 0.5756, train_losses:[0.5787062711697287, 0.5742251534006921, 0.5754213191485607, 0.5726208807251706, 0.5772298592531862]
avg_val_loss: 0.5891, val_losses:[0.5789700967742232, 0.5935103836339143, 0.5839689186040667, 0.5971619724754885, 0.5917627026534198]
epoch 191
avg_train_loss: 0.5756, train_losses:[0.5784371564470309, 0.5741070246319298, 0.5755764167619264, 0.5726605926135291, 0.577180161060035]
epoch 192
avg_train_loss: 0.5756, train_losses:[0.5784771930154348, 0.5741708966674496, 0.5754256304663418, 0.5725895710581982, 0.5771619484278614]
epoch 193
avg_train_loss: 0.5755, train_losses:[0.5784759254060795, 0.5741067937609234, 0.5753925561591273, 0.5724611598517803, 0.5771665282143226]
epoch 194
avg_train_loss: 0.5756, train_losses:[0.5784780337979389, 0.5740790720656731, 0.5754466430292133, 0.5727223003805081, 0.5771259459923636]
epoch 195
avg_train_loss: 0.5755, train_losses:[0.5784838395188446, 0.5740064981776616, 0.5753612560162307, 0.5725559294682017, 0.5772171883296654]
epoch 196
avg_train_loss: 0.5755, train_losses:[0.5783240811713275, 0.5739646320662027, 0.5754436611615993, 0.5725986718455325, 0.5771135812340432]
epoch 197
avg_train_loss: 0.5755, train_losses:[0.5784401205312111, 0.5740373057996823, 0.5754841224388091, 0.5725591183961238, 0.577169701764537]
epoch 198
avg_train_loss: 0.5755, train_losses:[0.5784855069133155, 0.5739392772661625, 0.5753607168678102, 0.5725207160187765, 0.5770656181738907]
epoch 199
avg_train_loss: 0.5755, train_losses:[0.5784137938314823, 0.5740254550615251, 0.5753634889959927, 0.5725847148457806, 0.5769803789660011]
no_improve_num: 2
epoch 200
avg_train_loss: 0.5755, train_losses:[0.5783768092115148, 0.574031469466913, 0.5753256508424813, 0.5725079349109105, 0.5770450228914563]
avg_val_loss: 0.5889, val_losses:[0.5788192553477517, 0.5929776365857674, 0.5839280820339287, 0.5967148508516609, 0.5922595621491469]
epoch 201
avg_train_loss: 0.5755, train_losses:[0.5784420877064762, 0.5739832380001499, 0.5753766923035956, 0.5724974831762681, 0.5770161097877677]
epoch 202
avg_train_loss: 0.5755, train_losses:[0.5783636804815074, 0.5739942394938048, 0.5753669281516145, 0.5725670855343555, 0.5770658948829759]
epoch 203
avg_train_loss: 0.5754, train_losses:[0.5784583200387489, 0.5740264633019825, 0.5753543841080007, 0.5723416770604709, 0.5769458404815114]
epoch 204
avg_train_loss: 0.5754, train_losses:[0.5784469263645754, 0.5738908152868315, 0.5753163869768635, 0.5723595947223736, 0.5770775863662254]
epoch 205
avg_train_loss: 0.5754, train_losses:[0.5782454003010212, 0.5739226618528195, 0.5753282726709137, 0.5723739872013952, 0.5769623610610696]
epoch 206
avg_train_loss: 0.5754, train_losses:[0.5783535055285389, 0.5739650697969139, 0.5751689694648471, 0.5723809747650792, 0.5769969038833307]
epoch 207
avg_train_loss: 0.5754, train_losses:[0.5783527415475778, 0.5739701933850514, 0.5751501605101521, 0.5723956864416675, 0.5769555028978554]
epoch 208
avg_train_loss: 0.5753, train_losses:[0.5782552545249134, 0.5739193197851337, 0.5751198592414724, 0.5723831153094766, 0.5769392866384173]
epoch 209
avg_train_loss: 0.5754, train_losses:[0.5784279346368308, 0.5738932012790707, 0.5752024281178492, 0.5723828285719718, 0.5769669009644721]
epoch 210
avg_train_loss: 0.5753, train_losses:[0.5781878810367655, 0.5738183889919527, 0.575108899424431, 0.5722732609105753, 0.5769322474211052]
avg_val_loss: 0.5885, val_losses:[0.5787323209265794, 0.5914496118145529, 0.5836025736559052, 0.5967807827042119, 0.592150668797433]
epoch 211
avg_train_loss: 0.5753, train_losses:[0.5783463019018362, 0.5739181498726525, 0.5751025663143293, 0.572245198212075, 0.5769272643644594]
epoch 212
avg_train_loss: 0.5753, train_losses:[0.5783770914003138, 0.5739046636064227, 0.5752119345342709, 0.5722735524880173, 0.5769172791690469]
epoch 213
avg_train_loss: 0.5753, train_losses:[0.5783277498293726, 0.5738395618399358, 0.5751284120344923, 0.5723976079537096, 0.5769837355375844]
epoch 214
avg_train_loss: 0.5753, train_losses:[0.5782437423318517, 0.5738502803627442, 0.5751208796077387, 0.5721899952746987, 0.5769366175160311]
epoch 215
avg_train_loss: 0.5752, train_losses:[0.5783240129254654, 0.5736976504167013, 0.5750430594743668, 0.5722975922405983, 0.5768558479233552]
epoch 216
avg_train_loss: 0.5753, train_losses:[0.5783183238212805, 0.5738861723014922, 0.5750402609378259, 0.5722288592942661, 0.5768394801799792]
epoch 217
avg_train_loss: 0.5752, train_losses:[0.5782444910221554, 0.5738067186196053, 0.5750164475431855, 0.572250396619143, 0.5768473126310883]
epoch 218
avg_train_loss: 0.5752, train_losses:[0.5782596680607807, 0.5738374848460607, 0.5749737802383396, 0.5722412663176628, 0.5768629609642417]
epoch 219
avg_train_loss: 0.5752, train_losses:[0.5783451620452319, 0.5736743763924688, 0.5749781998106358, 0.5721986404440224, 0.5767402416559717]
no_improve_num: 1
epoch 220
avg_train_loss: 0.5752, train_losses:[0.5782239534981402, 0.5737402993841632, 0.5749427763631331, 0.5721966105491604, 0.5767577890776636]
avg_val_loss: 0.5889, val_losses:[0.5785487686144258, 0.5922209607849392, 0.5837133194117398, 0.5967392135191049, 0.5933267306994714]
epoch 221
avg_train_loss: 0.5752, train_losses:[0.5784072366953262, 0.5737166441341865, 0.5750335697558807, 0.5720862411373716, 0.5767540674856717]
epoch 222
avg_train_loss: 0.5752, train_losses:[0.5783855686850203, 0.5737759027168423, 0.5748470484401895, 0.572182594628037, 0.5768317934942813]
epoch 223
avg_train_loss: 0.5752, train_losses:[0.5783250632620723, 0.5738220152198489, 0.5747806838706808, 0.5720950961876694, 0.5768343083997298]
epoch 224
avg_train_loss: 0.5751, train_losses:[0.5782296058318375, 0.5737682762366598, 0.574757599537767, 0.5721508064203057, 0.5766843847723725]
epoch 225
avg_train_loss: 0.5751, train_losses:[0.5783758573192077, 0.5736990273253383, 0.5749138667336876, 0.5719940300401952, 0.5767147454331445]
epoch 226
avg_train_loss: 0.5752, train_losses:[0.5783833675757297, 0.5737770871705188, 0.5749467127461719, 0.5720269168138495, 0.5767306345309393]
epoch 227
avg_train_loss: 0.5751, train_losses:[0.5782871068544284, 0.5736553441774744, 0.5748464262481023, 0.5720823071116764, 0.5767687001408524]
epoch 228
avg_train_loss: 0.5752, train_losses:[0.5782624164322343, 0.5738367964304373, 0.5748721997836537, 0.5721255277853764, 0.5767040475194891]
epoch 229
avg_train_loss: 0.5751, train_losses:[0.5782885607784495, 0.5737065201120601, 0.5748556917816808, 0.5719875212260199, 0.5766716042519007]
no_improve_num: 2
epoch 230
avg_train_loss: 0.5751, train_losses:[0.5782697653181468, 0.5737355163573371, 0.5747360484883641, 0.5720041644091763, 0.5766796217445991]
avg_val_loss: 0.5889, val_losses:[0.5784976365495546, 0.5925595910558613, 0.5835042928303625, 0.5975023197870332, 0.5925853832488897]
epoch 231
avg_train_loss: 0.5751, train_losses:[0.5784077498080826, 0.573696487978476, 0.5747900548523645, 0.5720438609722556, 0.5767255672441409]
epoch 232
avg_train_loss: 0.5751, train_losses:[0.5782533424921421, 0.5736521565193612, 0.574801824485681, 0.5719481328823123, 0.5766383008429371]
epoch 233
avg_train_loss: 0.5751, train_losses:[0.5782370245704751, 0.5736895555959807, 0.5748060667551866, 0.5719106845061528, 0.5767131794528654]
epoch 234
avg_train_loss: 0.5751, train_losses:[0.5782962183816777, 0.5737193913916298, 0.5747859044388157, 0.572032946524151, 0.5766962780129051]
epoch 235
avg_train_loss: 0.5751, train_losses:[0.5783365749948665, 0.5736425539110993, 0.5747686091166523, 0.5719787892820113, 0.5766367203708358]
epoch 236
avg_train_loss: 0.5751, train_losses:[0.5782338308270548, 0.573670153201663, 0.5747359397532157, 0.5721004693456908, 0.5766046340590669]
epoch 237
avg_train_loss: 0.5751, train_losses:[0.5781394485776904, 0.5737138071591973, 0.5746906630369777, 0.5720254764738304, 0.57671524153571]
epoch 238
avg_train_loss: 0.5751, train_losses:[0.5783052118238307, 0.5737625192226489, 0.5746635649675682, 0.5720204098346346, 0.5765140900663035]
epoch 239
avg_train_loss: 0.5750, train_losses:[0.578179808416825, 0.5737157074592198, 0.5746032100439552, 0.5719714954500013, 0.5766241776987195]
no_improve_num: 3
epoch 240
avg_train_loss: 0.5750, train_losses:[0.5781482463674493, 0.5736599802750936, 0.5746662827006825, 0.571893643148817, 0.5765974237665674]
avg_val_loss: 0.5891, val_losses:[0.5786923707647533, 0.5929535118237014, 0.5835140953221021, 0.5962572571063801, 0.5938637464700859]
                 dataset_name model_name  ...  init_noiselevel  dropout_prob
0  protein-tertiary-structure   noisyFCN  ...            0.001          0.01
1  protein-tertiary-structure   noisyFCN  ...            0.005          0.01
2  protein-tertiary-structure   noisyFCN  ...            0.010          0.01
3  protein-tertiary-structure   noisyFCN  ...            0.050          0.01
4  protein-tertiary-structure   noisyFCN  ...            0.100          0.01

[5 rows x 11 columns]
