{'datasets': ['protein-tertiary-structure'], 'models': ['noisyFCN'], 'optimizer_name': 'Adam', 'hyperparam_eval_interval': 10, 'patience': 3, 'global_max_epochs': 2000, 'dropout_probs': [0.2, 0.1, 0.05, 0.01, 0.005, 0.001], 'fix_noiselevels': [0.001, 0.005, 0.01, 0.05, 0.1], 'init_noiselevels': [0.001, 0.005, 0.01, 0.05, 0.1], 'batch_sizes': [32], 'batch_sizes_specific': {'energy': [32]}, 'weight_decays': [0.01], 'dropout_batch_size': 32, 'n_hidden': 2, 'nonlinearity': 'relu', 'learning_rates': [0.0001], 'mc_samples': 500, 'num_units': 50, 'num_units_specific': {'protein-tertiary-structure': 100}, 'normalize_X': True, 'normalize_y': True, 'n_folds': 5, 'inverted_cv_fraction': 5}
use_cuda: True
/home/xueqiong/noise_injection_uncertainty/regression/utils.py:39: FutureWarning: The 'delim_whitespace' keyword in pd.read_csv is deprecated and will be removed in a future version. Use ``sep='\s+'`` instead
  return pd.read_csv(dataset_path, engine='python', header=None, delim_whitespace=True)
batch_size:32, weight_decay:0.01, learning_rate:0.0001, model_name:noisyFCN, init_noiselevel:0.001
fold 0
model_name noisyFCN
using Adam as optimizer
fold 1
model_name noisyFCN
using Adam as optimizer
fold 2
model_name noisyFCN
using Adam as optimizer
fold 3
model_name noisyFCN
using Adam as optimizer
fold 4
model_name noisyFCN
using Adam as optimizer
epoch 0
avg_train_loss: 0.7905, train_losses:[0.7874982020093024, 0.7852024032000242, 0.7774967403660654, 0.7910544563028962, 0.8113325691799885]
avg_val_loss: 0.7206, val_losses:[0.71266723403322, 0.7274571321156241, 0.7253551174419017, 0.7130878838063003, 0.7241999079713148]
epoch 1
avg_train_loss: 0.6970, train_losses:[0.69659541038713, 0.6918424112659843, 0.6930471329432091, 0.6965974263181676, 0.7067269378221962]
epoch 2
avg_train_loss: 0.6702, train_losses:[0.6702223074738823, 0.663531469387193, 0.6713134051020969, 0.6730252547402098, 0.6729879596323952]
epoch 3
avg_train_loss: 0.6571, train_losses:[0.6561696387397932, 0.650165187451871, 0.6593926990407335, 0.6607642842091832, 0.6591363978081263]
epoch 4
avg_train_loss: 0.6490, train_losses:[0.6472263221379514, 0.6421494640540543, 0.6514291262510156, 0.6529442887687951, 0.6510037962809049]
epoch 5
avg_train_loss: 0.6429, train_losses:[0.6405666193409939, 0.6362860398199347, 0.6453819954122799, 0.6472036252525396, 0.6451325045878955]
epoch 6
avg_train_loss: 0.6381, train_losses:[0.6352112428879768, 0.6316966246229928, 0.6401765090304721, 0.6426226904481281, 0.6407086908841729]
epoch 7
avg_train_loss: 0.6340, train_losses:[0.6306648059595465, 0.6278419036275766, 0.6355292001558971, 0.6388321634840622, 0.6370296291319647]
epoch 8
avg_train_loss: 0.6304, train_losses:[0.6266453766756015, 0.6245766242368256, 0.631411903874005, 0.6355828037980306, 0.6339248991515999]
epoch 9
avg_train_loss: 0.6273, train_losses:[0.6230232202693519, 0.6217746977257518, 0.627715062719547, 0.6327295659318891, 0.6312336995291452]
epoch 10
avg_train_loss: 0.6245, train_losses:[0.619871912566045, 0.619292140563006, 0.624328418661403, 0.6301253947569088, 0.6287278492984769]
avg_val_loss: 0.6279, val_losses:[0.6169421347956587, 0.6366727307339062, 0.6350196778766115, 0.6278487964293598, 0.6232264558104885]
epoch 11
avg_train_loss: 0.6219, train_losses:[0.617062360688799, 0.6169851321784189, 0.6212167270456384, 0.6277411539944724, 0.626439933627294]
epoch 12
avg_train_loss: 0.6195, train_losses:[0.6145575226165837, 0.614851241379851, 0.6182803760815739, 0.6255582037424818, 0.6243090557322177]
epoch 13
avg_train_loss: 0.6172, train_losses:[0.6120811190127626, 0.6127832184630692, 0.6155305160718364, 0.6235028755376852, 0.6223376247055856]
epoch 14
avg_train_loss: 0.6151, train_losses:[0.6097336080409369, 0.61083769449005, 0.6129734644916878, 0.6215665999115293, 0.6205138410475307]
epoch 15
avg_train_loss: 0.6131, train_losses:[0.6076772103027117, 0.6089856864899579, 0.6105233950374124, 0.6196886298413459, 0.6187541758540029]
epoch 16
avg_train_loss: 0.6112, train_losses:[0.6056060867448547, 0.607095200869979, 0.6082993587663242, 0.6178896231072428, 0.6170111578011327]
epoch 17
avg_train_loss: 0.6094, train_losses:[0.60388879978926, 0.6052913009279284, 0.6061799722704029, 0.6161888602426185, 0.6153006575562776]
epoch 18
avg_train_loss: 0.6076, train_losses:[0.6022985646969661, 0.6035017391624956, 0.6041814810667527, 0.6145270308562084, 0.6136346496371798]
epoch 19
avg_train_loss: 0.6060, train_losses:[0.6008306510806812, 0.6018243606926278, 0.6022919123465295, 0.612970989836852, 0.611997310729468]
epoch 20
avg_train_loss: 0.6044, train_losses:[0.599453666770479, 0.600306934693198, 0.6005895872096864, 0.6114514974439564, 0.610374084661221]
avg_val_loss: 0.6112, val_losses:[0.599813187584226, 0.6200439707982307, 0.6103730256707026, 0.6150834441950727, 0.6107112271268228]
epoch 21
avg_train_loss: 0.6030, train_losses:[0.5981805978358355, 0.598810285764629, 0.5990573517970809, 0.6098923500586929, 0.6088703351096082]
epoch 22
avg_train_loss: 0.6016, train_losses:[0.5970395134943504, 0.5974429255302992, 0.5976295438911582, 0.608346436193726, 0.607307412356517]
epoch 23
avg_train_loss: 0.6002, train_losses:[0.5960200891063159, 0.5961869427710329, 0.5963178882145289, 0.6067565734456422, 0.6058695948570335]
epoch 24
avg_train_loss: 0.5990, train_losses:[0.5950601728392538, 0.5949635691351448, 0.5950949952730854, 0.605184074522193, 0.60451616092883]
epoch 25
avg_train_loss: 0.5978, train_losses:[0.594160464751927, 0.5938782085339258, 0.5939827200149933, 0.6036443362967726, 0.6031662941150071]
epoch 26
avg_train_loss: 0.5966, train_losses:[0.593342310496299, 0.5927531527076619, 0.5929469577549349, 0.6022182323053089, 0.6018955383907499]
epoch 27
avg_train_loss: 0.5956, train_losses:[0.5925546795008599, 0.5917641107399895, 0.5920027284336745, 0.6007535989912516, 0.6007503957203931]
epoch 28
avg_train_loss: 0.5945, train_losses:[0.5917796234684223, 0.5907744262144099, 0.5911552918846478, 0.5993668097047643, 0.5995589044065738]
epoch 29
avg_train_loss: 0.5935, train_losses:[0.5910858226762535, 0.5898572081736181, 0.5903244428987053, 0.597960894021549, 0.5984106982187672]
epoch 30
avg_train_loss: 0.5926, train_losses:[0.5904475908705961, 0.5889710959185949, 0.5895419196916009, 0.5966416025667223, 0.5973621813003297]
avg_val_loss: 0.6023, val_losses:[0.5924312466356099, 0.6100762598221625, 0.5995277244731574, 0.6068212103042118, 0.602847722138519]
epoch 31
avg_train_loss: 0.5917, train_losses:[0.5898129986039345, 0.5881595611185315, 0.5888051753607528, 0.5954274944185897, 0.5963799331509808]
epoch 32
avg_train_loss: 0.5909, train_losses:[0.5892033762416488, 0.5873828288711864, 0.5881293403518641, 0.5942495631056398, 0.5954121425045275]
epoch 33
avg_train_loss: 0.5901, train_losses:[0.5886194435586511, 0.5866255592480345, 0.5874777619895005, 0.5930398379639924, 0.5945660740450723]
epoch 34
avg_train_loss: 0.5893, train_losses:[0.5880618487419614, 0.5859495679335155, 0.5868889140362629, 0.5919919339035901, 0.5937595860471292]
epoch 35
avg_train_loss: 0.5886, train_losses:[0.587529867236809, 0.5852618145169601, 0.586349433929947, 0.5909230088549765, 0.5929263511633668]
epoch 36
avg_train_loss: 0.5879, train_losses:[0.587052987512006, 0.5846024192865845, 0.5858328597947319, 0.5899377149292779, 0.5921465045517547]
epoch 37
avg_train_loss: 0.5873, train_losses:[0.5865682885995238, 0.5840036393547912, 0.5852922704620047, 0.588987126571209, 0.5914492853290317]
epoch 38
avg_train_loss: 0.5866, train_losses:[0.586133579901197, 0.5833938559782975, 0.5848006040522808, 0.5880898392130819, 0.5907210939501061]
epoch 39
avg_train_loss: 0.5860, train_losses:[0.5857043651678795, 0.5828333439147398, 0.5843496704939005, 0.5872285808414138, 0.5900502484589631]
epoch 40
avg_train_loss: 0.5855, train_losses:[0.5853053119000353, 0.5822884756581045, 0.5839463981104511, 0.5863699093677424, 0.5893884488544748]
avg_val_loss: 0.5975, val_losses:[0.5884537617129284, 0.6042398632395475, 0.5934430311591928, 0.6028785562684696, 0.5983000383343183]
epoch 41
avg_train_loss: 0.5849, train_losses:[0.5849163594800513, 0.5818011888099873, 0.583555651966816, 0.5855968609021002, 0.5887592211070406]
epoch 42
avg_train_loss: 0.5844, train_losses:[0.5845667205217103, 0.5813227279684723, 0.5831803450513702, 0.5848705793380591, 0.5882627001767669]
epoch 43
avg_train_loss: 0.5839, train_losses:[0.5842096883512502, 0.5808287855460091, 0.5828046086900287, 0.5842131642274635, 0.5876908147002694]
epoch 44
avg_train_loss: 0.5835, train_losses:[0.5839020619264661, 0.5803888940805455, 0.5824596123850643, 0.5836018035609953, 0.587120949989853]
epoch 45
avg_train_loss: 0.5831, train_losses:[0.5835566272289014, 0.5799951018803055, 0.582128056284955, 0.5829844738906614, 0.5866650694443324]
epoch 46
avg_train_loss: 0.5827, train_losses:[0.5832403077903915, 0.5795780269372254, 0.581840014561161, 0.5824291550744914, 0.5861628723019082]
epoch 47
avg_train_loss: 0.5823, train_losses:[0.5829562666304808, 0.5791716573585977, 0.5815013515658832, 0.5819192580728791, 0.5857249276754031]
epoch 48
avg_train_loss: 0.5819, train_losses:[0.5826845888265942, 0.5787545614387233, 0.5812407588308663, 0.5814032053077421, 0.5852770516622159]
epoch 49
avg_train_loss: 0.5815, train_losses:[0.582383815860644, 0.5783629952449886, 0.5809725070079529, 0.5809349121679455, 0.5848517859464333]
epoch 50
avg_train_loss: 0.5811, train_losses:[0.5821249101771873, 0.577974049199506, 0.5806653944392776, 0.5804973297923672, 0.5844569047063984]
avg_val_loss: 0.5944, val_losses:[0.5860216685318631, 0.6002813442509015, 0.5898667619791093, 0.6003214997868566, 0.5957199350577876]
epoch 51
avg_train_loss: 0.5808, train_losses:[0.5818595771061758, 0.5776780050384231, 0.5804448381036282, 0.5801012206491817, 0.5840558349165709]
epoch 52
avg_train_loss: 0.5805, train_losses:[0.5815840285888363, 0.5773212338172485, 0.5801795808627103, 0.5796798016604481, 0.5836681051056812]
epoch 53
avg_train_loss: 0.5802, train_losses:[0.5813227153050056, 0.5769732052290831, 0.5799058019966228, 0.5793757615058216, 0.5833005154207787]
epoch 54
avg_train_loss: 0.5799, train_losses:[0.5810799914791737, 0.5766362130415876, 0.5796967270262938, 0.5790063949120392, 0.5829234121722962]
epoch 55
avg_train_loss: 0.5796, train_losses:[0.5808572747903124, 0.5763423875145833, 0.5794280233897049, 0.5786662383751112, 0.5825706805763503]
epoch 56
avg_train_loss: 0.5793, train_losses:[0.5806056567873698, 0.576075887954585, 0.5791947362640205, 0.5783337737018118, 0.5822443319618238]
epoch 57
avg_train_loss: 0.5790, train_losses:[0.5803477925589858, 0.5757477658473623, 0.5789669509441863, 0.5780078872901332, 0.5819153188925974]
epoch 58
avg_train_loss: 0.5787, train_losses:[0.580082976370444, 0.5755118941260373, 0.5787151201978536, 0.5777284507147903, 0.5816066147517975]
epoch 59
avg_train_loss: 0.5785, train_losses:[0.5799210905136725, 0.5752670473691873, 0.5785449359741756, 0.5774114874200524, 0.5812689851986281]
epoch 60
avg_train_loss: 0.5782, train_losses:[0.5796772204995029, 0.5750090380933982, 0.5782917644664995, 0.5770785248391176, 0.5809627030087051]
avg_val_loss: 0.5924, val_losses:[0.5840340489667997, 0.5976645661228029, 0.5872335532690082, 0.598219400768937, 0.5946345191760556]
epoch 61
avg_train_loss: 0.5780, train_losses:[0.5794717245979777, 0.5747768245743065, 0.5781266552544058, 0.5768057731659195, 0.5806724542482834]
epoch 62
avg_train_loss: 0.5777, train_losses:[0.5792717875652931, 0.5745697105391553, 0.5778850180428156, 0.576522017075553, 0.5803736800441687]
epoch 63
avg_train_loss: 0.5775, train_losses:[0.5790576318992794, 0.5743381975574228, 0.5776751385818732, 0.5762259166019601, 0.5801222260424849]
epoch 64
avg_train_loss: 0.5772, train_losses:[0.5788850975679366, 0.5741416283103812, 0.5774659292134262, 0.5759661186410238, 0.5797741637580851]
epoch 65
avg_train_loss: 0.5770, train_losses:[0.5786658610494216, 0.5739287728084858, 0.5772976035092915, 0.5757493215933542, 0.5796064559278127]
epoch 66
avg_train_loss: 0.5768, train_losses:[0.5784603531422456, 0.5737287371217334, 0.5771119854014153, 0.5755382350777669, 0.5792736330448774]
epoch 67
avg_train_loss: 0.5766, train_losses:[0.578215863756655, 0.5735292012488573, 0.5768717875787606, 0.5753346026436609, 0.5790574350602414]
epoch 68
avg_train_loss: 0.5764, train_losses:[0.577991726046791, 0.5733363666369705, 0.5767580454629833, 0.5751144895894268, 0.5787795173294218]
epoch 69
avg_train_loss: 0.5762, train_losses:[0.5777614798373787, 0.5731540531277449, 0.5765910203893441, 0.5749241408610705, 0.5785278145514569]
epoch 70
avg_train_loss: 0.5760, train_losses:[0.577568158097485, 0.5729714586170476, 0.5764169484406437, 0.5747436073183846, 0.5783006405877631]
avg_val_loss: 0.5906, val_losses:[0.5820348746865861, 0.5958959117309797, 0.5853442613570534, 0.5967708331844236, 0.5930406537911096]
epoch 71
avg_train_loss: 0.5758, train_losses:[0.5773711147708172, 0.5727997827722161, 0.5762514071961954, 0.5745530907491977, 0.5780270338930099]
epoch 72
avg_train_loss: 0.5756, train_losses:[0.5771097613765043, 0.5725912427488388, 0.576083409860356, 0.5743645188296608, 0.5777898299143388]
epoch 73
avg_train_loss: 0.5754, train_losses:[0.5769154388276408, 0.572426125449478, 0.5759274435205447, 0.5741779134611764, 0.5775514460740657]
epoch 74
avg_train_loss: 0.5752, train_losses:[0.5767092196686477, 0.5722185571465701, 0.575810337659703, 0.5740140417791404, 0.5773451121327199]
epoch 75
avg_train_loss: 0.5750, train_losses:[0.5765165938695478, 0.572081505398961, 0.5756599370642331, 0.5738644603946983, 0.577102139728617]
epoch 76
avg_train_loss: 0.5749, train_losses:[0.5763208655190589, 0.5718854112885315, 0.5755420531415025, 0.573685783794223, 0.5768934905496438]
epoch 77
avg_train_loss: 0.5747, train_losses:[0.5761097786053198, 0.5717281145800548, 0.5753837824926821, 0.5735733215602441, 0.5766875349393515]
epoch 78
avg_train_loss: 0.5745, train_losses:[0.5759831598659817, 0.5715536290606155, 0.575287991158722, 0.5733921865578755, 0.5764263794650891]
epoch 79
avg_train_loss: 0.5744, train_losses:[0.5758096118463247, 0.5713873407123607, 0.5751831689298664, 0.5732528628095938, 0.5762872433986628]
epoch 80
avg_train_loss: 0.5742, train_losses:[0.5756291578016165, 0.5712216481641273, 0.575051418893928, 0.5731444709239979, 0.576067058672194]
avg_val_loss: 0.5892, val_losses:[0.5803249932563873, 0.5942661802397573, 0.5840630056151963, 0.595246413512619, 0.5920195512885015]
epoch 81
avg_train_loss: 0.5741, train_losses:[0.5754474423693109, 0.5710860641485651, 0.5749174037165249, 0.5729749700876223, 0.5759037472689528]
epoch 82
avg_train_loss: 0.5739, train_losses:[0.5753264640842874, 0.5709374345484913, 0.5748038490416432, 0.5728287060375962, 0.5757627955458278]
epoch 83
avg_train_loss: 0.5738, train_losses:[0.5751648537974234, 0.5707855361060368, 0.5746858802952732, 0.5727165636213232, 0.575548636578497]
epoch 84
avg_train_loss: 0.5736, train_losses:[0.5750038966077782, 0.57058064096361, 0.5745639222636109, 0.5725726855808472, 0.5753912237664137]
epoch 85
avg_train_loss: 0.5735, train_losses:[0.5748472235882763, 0.57046005570225, 0.5744336033175362, 0.5724358417417825, 0.5752266542343261]
epoch 86
avg_train_loss: 0.5733, train_losses:[0.57466585061945, 0.5702984254833582, 0.574319568777099, 0.5723170619276577, 0.5750499597921289]
epoch 87
avg_train_loss: 0.5732, train_losses:[0.5745698924588771, 0.5701599554743151, 0.5742092319933901, 0.5721370300918509, 0.5749265101009076]
epoch 88
avg_train_loss: 0.5730, train_losses:[0.5743829891740895, 0.5699913604994208, 0.5740976987218419, 0.5720164687481096, 0.57475402584261]
epoch 89
avg_train_loss: 0.5729, train_losses:[0.574249959547584, 0.5698344761560266, 0.573962506088458, 0.5718791132941946, 0.5745881174054484]
epoch 90
avg_train_loss: 0.5728, train_losses:[0.5740988913340658, 0.5696926509311243, 0.5738405233917513, 0.5717804002196486, 0.5744342186728901]
avg_val_loss: 0.5881, val_losses:[0.5790264633113412, 0.592616191486428, 0.582909465406344, 0.5944416487137119, 0.5914932351219256]
epoch 91
avg_train_loss: 0.5726, train_losses:[0.57394995420604, 0.5695423290352918, 0.5737311785782463, 0.5716188219834935, 0.5742763578525182]
epoch 92
avg_train_loss: 0.5725, train_losses:[0.5738051613085001, 0.5694094799945469, 0.5735953950102355, 0.5715294636275057, 0.5740952168321355]
epoch 93
avg_train_loss: 0.5724, train_losses:[0.5736800530144428, 0.5692896562417376, 0.5734845728907118, 0.5714102134179314, 0.5739580412225123]
epoch 94
avg_train_loss: 0.5722, train_losses:[0.5735118816567465, 0.569154902117039, 0.5733567762941862, 0.5712944576215397, 0.5738111650160106]
epoch 95
avg_train_loss: 0.5721, train_losses:[0.5733926224322421, 0.5690209853167284, 0.5732375698741795, 0.5711684350610272, 0.5736438946530388]
epoch 96
avg_train_loss: 0.5720, train_losses:[0.5732508706383398, 0.5688960708849096, 0.5731186399894201, 0.5710608996019401, 0.5734949562985242]
epoch 97
avg_train_loss: 0.5718, train_losses:[0.5731397508051527, 0.5687949923662182, 0.5729740992777534, 0.5709820043885085, 0.5733545438886846]
epoch 98
avg_train_loss: 0.5717, train_losses:[0.5729978120082199, 0.5686683980882663, 0.572852807365215, 0.57085922786575, 0.5732049811639078]
epoch 99
avg_train_loss: 0.5716, train_losses:[0.5728587446493165, 0.5685521294683127, 0.5727598140586505, 0.5707751361301071, 0.5730591758207918]
epoch 100
avg_train_loss: 0.5715, train_losses:[0.5727510439602967, 0.5684362704559097, 0.5726601837615506, 0.5706612701738528, 0.572901960900691]
avg_val_loss: 0.5871, val_losses:[0.5778086519891388, 0.5915106650387408, 0.5817953512709991, 0.5935806300579174, 0.5910003196189415]
epoch 101
avg_train_loss: 0.5714, train_losses:[0.5725827893287999, 0.5683586817536042, 0.5725125288777582, 0.5705515709777726, 0.572793939684818]
epoch 102
avg_train_loss: 0.5712, train_losses:[0.5724988383484656, 0.5682252665675082, 0.5723901192951395, 0.5704871416000272, 0.5726433390677912]
epoch 103
avg_train_loss: 0.5711, train_losses:[0.5723697686091915, 0.568112897490862, 0.5723091838898875, 0.5703921424231401, 0.5725027241227209]
epoch 104
avg_train_loss: 0.5710, train_losses:[0.5722216577285844, 0.5680324262470821, 0.5722116036080612, 0.5703016101507509, 0.5723543352721997]
epoch 105
avg_train_loss: 0.5709, train_losses:[0.5720869275133582, 0.5679296474533037, 0.5721059637465288, 0.5702167739995898, 0.5722283831145475]
epoch 106
avg_train_loss: 0.5708, train_losses:[0.5720032640352652, 0.5678021453363493, 0.5719822057348356, 0.5701172261687857, 0.5720788642603207]
epoch 107
avg_train_loss: 0.5707, train_losses:[0.5718716707713343, 0.5677377470358267, 0.5718846833550715, 0.5700149749220385, 0.5719576925752071]
epoch 108
avg_train_loss: 0.5706, train_losses:[0.5717326522272644, 0.5676455675535306, 0.57178072964493, 0.5699297626172408, 0.5718065906014129]
epoch 109
avg_train_loss: 0.5705, train_losses:[0.571636603076282, 0.567568450788367, 0.5716821433689961, 0.5698308274055702, 0.5716760440025561]
epoch 110
avg_train_loss: 0.5704, train_losses:[0.5714881603733364, 0.5674835727375867, 0.571576997649459, 0.5697445300944124, 0.5715527995143967]
avg_val_loss: 0.5864, val_losses:[0.576791217821746, 0.5906392131914642, 0.580819526126969, 0.5929987076137893, 0.5905412776897747]
epoch 111
avg_train_loss: 0.5703, train_losses:[0.5713561280793551, 0.5673785661532571, 0.5714694377513881, 0.5696351994035852, 0.5714125286747527]
epoch 112
avg_train_loss: 0.5702, train_losses:[0.5712344751032342, 0.567302525265475, 0.5713618493717182, 0.5695917624408059, 0.5712963226300308]
epoch 113
avg_train_loss: 0.5701, train_losses:[0.5710960284884082, 0.5672320652904967, 0.5712609947385568, 0.5694723936767032, 0.5711936785603899]
epoch 114
avg_train_loss: 0.5700, train_losses:[0.5710090234293725, 0.5671686641616084, 0.5711935359583556, 0.5694249446117854, 0.5710574716912017]
epoch 115
avg_train_loss: 0.5699, train_losses:[0.5708927810426315, 0.5670951772189081, 0.5711090897892229, 0.5693294254619153, 0.5709720564675458]
epoch 116
avg_train_loss: 0.5698, train_losses:[0.5707909554914141, 0.567044243924736, 0.5710030227057424, 0.5692483307124528, 0.5708389909268728]
epoch 117
avg_train_loss: 0.5697, train_losses:[0.5706651106450817, 0.5669392073619197, 0.5709204147371746, 0.5691694016367728, 0.5706939735674249]
epoch 118
avg_train_loss: 0.5696, train_losses:[0.5705515570149666, 0.5668739054360827, 0.5708281378288698, 0.5690975725593763, 0.5706085092393821]
epoch 119
avg_train_loss: 0.5695, train_losses:[0.5704364053665457, 0.5668358829515365, 0.5707331062092317, 0.5690023106786882, 0.5705105033552319]
epoch 120
avg_train_loss: 0.5694, train_losses:[0.5703015623674462, 0.5667605363915753, 0.5706578619019784, 0.5689303548963622, 0.5703807693248207]
avg_val_loss: 0.5856, val_losses:[0.5757363767462284, 0.5897961327477982, 0.5800555529890286, 0.5922095465484141, 0.5903310568493009]
epoch 121
avg_train_loss: 0.5693, train_losses:[0.5702152509499033, 0.5666798662796383, 0.5705663277880725, 0.5688746850094333, 0.5702811767083301]
epoch 122
avg_train_loss: 0.5692, train_losses:[0.570093438311865, 0.5666152722554411, 0.570464602697371, 0.5688227437405777, 0.570160770259041]
epoch 123
avg_train_loss: 0.5691, train_losses:[0.5699750771548427, 0.5665682925391695, 0.5703694524509058, 0.5687256343022489, 0.5700531929254825]
epoch 124
avg_train_loss: 0.5691, train_losses:[0.5698672750868087, 0.566499020017753, 0.5702845447352722, 0.568651890339848, 0.56996633273926]
epoch 125
avg_train_loss: 0.5690, train_losses:[0.5697631852841131, 0.566448037701016, 0.5702270660010345, 0.5685720686089024, 0.5698581455435537]
epoch 126
avg_train_loss: 0.5689, train_losses:[0.5696848789778911, 0.5663742705490745, 0.5701469702357642, 0.5685088034228795, 0.5697107752995102]
epoch 127
avg_train_loss: 0.5688, train_losses:[0.5695806618664194, 0.5662972858440327, 0.570053420744771, 0.5684275791182909, 0.5696461314392233]
epoch 128
avg_train_loss: 0.5687, train_losses:[0.5694687133358056, 0.5662326757308379, 0.5699601699857321, 0.5683589057063414, 0.5695123078597607]
epoch 129
avg_train_loss: 0.5686, train_losses:[0.569376337793799, 0.5661830427820398, 0.5698344961654445, 0.568294005794659, 0.5694274144394567]
epoch 130
avg_train_loss: 0.5686, train_losses:[0.5693033288470721, 0.5661282886564172, 0.5698274211305644, 0.5681961559498238, 0.5693108946822194]
avg_val_loss: 0.5849, val_losses:[0.5749189493735012, 0.5890434945527364, 0.5792544858612388, 0.5914021789644754, 0.5901208689396599]
epoch 131
avg_train_loss: 0.5685, train_losses:[0.5692003499896631, 0.5660415923574655, 0.5697020944191996, 0.5681391061411348, 0.5692096573986837]
epoch 132
avg_train_loss: 0.5684, train_losses:[0.569097045207857, 0.5659880258177825, 0.5696393179181505, 0.5680708915324102, 0.569089856966607]
epoch 133
avg_train_loss: 0.5683, train_losses:[0.5690096704725337, 0.5659255109299446, 0.5695503969853498, 0.5680066007491599, 0.5690607889087633]
epoch 134
avg_train_loss: 0.5682, train_losses:[0.5688943002214764, 0.5658636233012099, 0.5694822700453696, 0.5679174401065872, 0.568909850894582]
epoch 135
avg_train_loss: 0.5681, train_losses:[0.5687923217209158, 0.5657762078444298, 0.5694014429638765, 0.5678771665869614, 0.5688292652519248]
epoch 136
avg_train_loss: 0.5681, train_losses:[0.5686913695130752, 0.5657777106688208, 0.569332611476507, 0.5678340745916388, 0.5687548705458527]
epoch 137
avg_train_loss: 0.5680, train_losses:[0.5686305725554535, 0.5656886291270922, 0.5692486041439493, 0.5677665635252502, 0.568657912158145]
epoch 138
avg_train_loss: 0.5679, train_losses:[0.5685324226477574, 0.5656046113926919, 0.5691791632460811, 0.5677003939645757, 0.5685459551499061]
epoch 139
avg_train_loss: 0.5678, train_losses:[0.568444135136757, 0.5655535861285143, 0.569115199423848, 0.5676252644319547, 0.5684785046945003]
epoch 140
avg_train_loss: 0.5678, train_losses:[0.5683577614934883, 0.5654818479386801, 0.5690489740974858, 0.5675962797646463, 0.56837958756066]
avg_val_loss: 0.5844, val_losses:[0.5743222686173047, 0.5884646567894948, 0.5786139858669965, 0.5907735889671897, 0.5898962033094768]
epoch 141
avg_train_loss: 0.5677, train_losses:[0.5682674185865646, 0.5654179532054541, 0.5689694594729198, 0.5675572878467123, 0.5682753166068003]
epoch 142
avg_train_loss: 0.5676, train_losses:[0.568207602772677, 0.5653884820811924, 0.5688960100399865, 0.5674615380233845, 0.5681932092739354]
epoch 143
avg_train_loss: 0.5675, train_losses:[0.5680836454203397, 0.5653115250563546, 0.568827732362391, 0.5674028630344959, 0.5680944349810744]
epoch 144
avg_train_loss: 0.5675, train_losses:[0.56802462717065, 0.5652503689413911, 0.5687563570436058, 0.5673757838564208, 0.5680082887635134]
epoch 145
avg_train_loss: 0.5674, train_losses:[0.5679391024399207, 0.5652021980782164, 0.568699898351818, 0.5673063609497179, 0.5679133248342196]
epoch 146
avg_train_loss: 0.5673, train_losses:[0.5678438466231555, 0.5651568434820652, 0.5686102670714426, 0.5672543968232845, 0.5678346646122061]
epoch 147
avg_train_loss: 0.5673, train_losses:[0.5677490307712317, 0.5651018833123889, 0.5686085253335831, 0.567199225194283, 0.5677720806394034]
epoch 148
avg_train_loss: 0.5672, train_losses:[0.567631712103866, 0.5650418793142532, 0.5685275557585587, 0.567148432475182, 0.5676983228240717]
epoch 149
avg_train_loss: 0.5672, train_losses:[0.5675688582208479, 0.5650006995319395, 0.5684784760533649, 0.5671255703303072, 0.5676172914295814]
epoch 150
avg_train_loss: 0.5671, train_losses:[0.5675252216536871, 0.5649328931947676, 0.5683982863609338, 0.5670567507477776, 0.5675261951061453]
avg_val_loss: 0.5840, val_losses:[0.5736038924094446, 0.5878337133007329, 0.5780768075715295, 0.5903711793965878, 0.590076104173118]
epoch 151
avg_train_loss: 0.5670, train_losses:[0.5674479659793765, 0.5648898246761438, 0.5683487882196067, 0.5670058464820268, 0.5674624376175132]
epoch 152
avg_train_loss: 0.5670, train_losses:[0.5673714977270856, 0.5648617020277981, 0.568265426640353, 0.5669700296687148, 0.5673676089126425]
epoch 153
avg_train_loss: 0.5669, train_losses:[0.5672752504920301, 0.5647974775230717, 0.5682157385959027, 0.5669053425605016, 0.5672361063259912]
epoch 154
avg_train_loss: 0.5668, train_losses:[0.56723277407194, 0.564742031613319, 0.5681568232913589, 0.5668572853569306, 0.5671625478159816]
epoch 155
avg_train_loss: 0.5668, train_losses:[0.5671474730475216, 0.564706321255202, 0.5680787475954607, 0.5668198731922169, 0.5670408529060305]
epoch 156
avg_train_loss: 0.5667, train_losses:[0.5670717158780114, 0.5646196583164815, 0.5679970086954841, 0.5667849812661351, 0.5669329070411159]
epoch 157
avg_train_loss: 0.5666, train_losses:[0.5669794450122454, 0.5645875288152872, 0.5679181842787336, 0.5667171997946108, 0.5667990557202814]
epoch 158
avg_train_loss: 0.5665, train_losses:[0.5669165276734061, 0.5645718491899795, 0.5678367771542541, 0.5666934873971256, 0.5666936071938596]
epoch 159
avg_train_loss: 0.5665, train_losses:[0.5668358875012607, 0.5644986955217006, 0.5677803980561631, 0.5666064342207857, 0.5666025476539104]
epoch 160
avg_train_loss: 0.5664, train_losses:[0.5667729474871177, 0.5644809991048994, 0.5676710670058792, 0.5664898473553676, 0.5664778381109531]
avg_val_loss: 0.5836, val_losses:[0.5729825146515642, 0.5872432397121253, 0.5772800382832058, 0.5899498588696389, 0.5903576324551792]
epoch 161
avg_train_loss: 0.5663, train_losses:[0.5667078758274221, 0.5643813538857633, 0.5676147135198432, 0.5665270793263626, 0.5664354947823163]
epoch 162
avg_train_loss: 0.5663, train_losses:[0.5666203261517434, 0.5643295576734775, 0.5675261304071149, 0.5664609228486908, 0.5663135569001443]
epoch 163
avg_train_loss: 0.5662, train_losses:[0.5665570076816078, 0.5643535521721886, 0.5674268480661557, 0.5664359256755007, 0.5662211686580482]
epoch 164
avg_train_loss: 0.5661, train_losses:[0.5664866821841742, 0.5643025522451274, 0.5673555096339433, 0.5663575529502308, 0.5661325983838564]
epoch 165
avg_train_loss: 0.5661, train_losses:[0.5664231583756606, 0.5642426181282292, 0.5672998809185557, 0.5663208033406226, 0.5660185181403788]
epoch 166
avg_train_loss: 0.5660, train_losses:[0.5663434583019762, 0.5641803233388972, 0.5672470265390053, 0.5663005062962073, 0.5659729111784385]
epoch 167
avg_train_loss: 0.5659, train_losses:[0.566266474831103, 0.5641829973598342, 0.567159338935812, 0.566220130123129, 0.5658863233146535]
epoch 168
avg_train_loss: 0.5659, train_losses:[0.5661911748355521, 0.5641405083251553, 0.5670795155491254, 0.5661909931693848, 0.5657816904684682]
epoch 169
avg_train_loss: 0.5658, train_losses:[0.5661351227758685, 0.5640664038215553, 0.567029810511435, 0.5661327565568037, 0.565747475577652]
epoch 170
avg_train_loss: 0.5658, train_losses:[0.5660772162412935, 0.5640065851248858, 0.5669666152728383, 0.566115082117777, 0.5656779118333339]
avg_val_loss: 0.5831, val_losses:[0.5723400976352554, 0.5867419206446045, 0.5767826176706324, 0.5896496096806919, 0.58983795811662]
epoch 171
avg_train_loss: 0.5657, train_losses:[0.5660215756404134, 0.5639925304557537, 0.56688724515191, 0.5660776307091469, 0.5655869232576956]
epoch 172
avg_train_loss: 0.5657, train_losses:[0.5659411851308163, 0.5639287132511305, 0.5668363517564154, 0.5660349343412578, 0.5655155359264995]
epoch 173
avg_train_loss: 0.5656, train_losses:[0.5658841240201157, 0.5638718733590559, 0.5667511594834381, 0.5659879233491968, 0.565461228519283]
epoch 174
avg_train_loss: 0.5655, train_losses:[0.565812740007162, 0.563830752443126, 0.5666826234633822, 0.5659551647875426, 0.5653954201404785]
epoch 175
avg_train_loss: 0.5655, train_losses:[0.5657981268451354, 0.5637975674782297, 0.5666231849772206, 0.5659137868844974, 0.5652949682175828]
epoch 176
avg_train_loss: 0.5654, train_losses:[0.5657084767161938, 0.5637303859287687, 0.5665184244975306, 0.5658629085128681, 0.565298296021392]
epoch 177
avg_train_loss: 0.5654, train_losses:[0.5656922900909305, 0.5637089425921501, 0.5664655138451836, 0.5658503365609531, 0.5652193158551352]
epoch 178
avg_train_loss: 0.5653, train_losses:[0.565571977081886, 0.5636578971668291, 0.5664239564652968, 0.5658118334674989, 0.565155439715218]
epoch 179
avg_train_loss: 0.5653, train_losses:[0.5655031034841109, 0.5636187096749095, 0.5663593714366821, 0.5657567534775584, 0.5650999671866761]
epoch 180
avg_train_loss: 0.5652, train_losses:[0.5654208018296922, 0.5635445276172494, 0.5662631689819911, 0.5657214674219491, 0.5650324414943564]
avg_val_loss: 0.5826, val_losses:[0.5718414727840264, 0.5861778486959429, 0.5761977689048217, 0.5889970529058257, 0.5897514219978848]
epoch 181
avg_train_loss: 0.5652, train_losses:[0.5653580881225752, 0.5635250761983303, 0.5662203563914601, 0.5657065452849791, 0.5649929495844763]
epoch 182
avg_train_loss: 0.5651, train_losses:[0.565279472813916, 0.5635040633401542, 0.5661643354588954, 0.5656584199027531, 0.5649358227561858]
epoch 183
avg_train_loss: 0.5650, train_losses:[0.5652004815074186, 0.5634496249947137, 0.5660552829091605, 0.5656180555240773, 0.5648813819370424]
epoch 184
avg_train_loss: 0.5650, train_losses:[0.5651221447420767, 0.563387332725652, 0.5659802036424377, 0.5655902243849479, 0.5648515137416248]
epoch 185
avg_train_loss: 0.5649, train_losses:[0.5650563082379093, 0.5633465213905487, 0.5659252488320268, 0.5655488907867254, 0.5647733249600115]
epoch 186
avg_train_loss: 0.5649, train_losses:[0.5649822373521679, 0.5632992083713436, 0.5658388049714846, 0.5655161270399335, 0.5646898835730452]
epoch 187
avg_train_loss: 0.5648, train_losses:[0.5649120176470218, 0.5632654793264437, 0.5657877193980048, 0.5654786703219342, 0.5646571660890627]
epoch 188
avg_train_loss: 0.5648, train_losses:[0.564823477711868, 0.5631872009122303, 0.5656982473172427, 0.5654365231102294, 0.5646067745286095]
epoch 189
avg_train_loss: 0.5647, train_losses:[0.5647538618329128, 0.5631925379718361, 0.5656416580011233, 0.5653924510281588, 0.5645573415301024]
epoch 190
avg_train_loss: 0.5647, train_losses:[0.5646738851791762, 0.5631474550221173, 0.5655754139341337, 0.5653786378477531, 0.5644957502063904]
avg_val_loss: 0.5822, val_losses:[0.5712776152434629, 0.5856924305216966, 0.5753839053839824, 0.5887823568857382, 0.5896265511632682]
epoch 191
avg_train_loss: 0.5646, train_losses:[0.564600904783292, 0.5630932856287112, 0.5654768542376313, 0.5653221020377338, 0.5644453627474731]
epoch 192
avg_train_loss: 0.5646, train_losses:[0.564527349991863, 0.5630575040553956, 0.5654316655200641, 0.5653095875194671, 0.5644343477488378]
epoch 193
avg_train_loss: 0.5645, train_losses:[0.5644291919785708, 0.5630262655975121, 0.5653269750784283, 0.5652979470746919, 0.5643591838398152]
epoch 194
avg_train_loss: 0.5644, train_losses:[0.5643936410919507, 0.5629723205081537, 0.565261423748689, 0.5652577619793825, 0.5643069432686632]
epoch 195
avg_train_loss: 0.5644, train_losses:[0.5643416548421273, 0.562900871710509, 0.5651604113537413, 0.5652242676861958, 0.5642817980998426]
epoch 196
avg_train_loss: 0.5643, train_losses:[0.5642744117420674, 0.5629043560171533, 0.5650997467006312, 0.565188984176314, 0.5641874366727408]
epoch 197
avg_train_loss: 0.5643, train_losses:[0.5642035156941558, 0.5628586133798366, 0.5650288702303822, 0.5651313406204784, 0.564187645016105]
epoch 198
avg_train_loss: 0.5642, train_losses:[0.564142990231241, 0.5628164797979567, 0.5649449750157356, 0.5651383127652002, 0.564133657931923]
epoch 199
avg_train_loss: 0.5642, train_losses:[0.5640933969122917, 0.5627783223623605, 0.564877143732471, 0.5650819759689536, 0.5640825755294431]
epoch 200
avg_train_loss: 0.5641, train_losses:[0.5640400316133837, 0.5627241682657217, 0.564827777995448, 0.5650881375560844, 0.5640139709906091]
avg_val_loss: 0.5818, val_losses:[0.5706233192218431, 0.5853782886606399, 0.5746561718945036, 0.588376930515281, 0.5897841965031142]
epoch 201
avg_train_loss: 0.5641, train_losses:[0.563979978647671, 0.5627197039191706, 0.5647375614726923, 0.565022530896486, 0.5640045098264931]
epoch 202
avg_train_loss: 0.5640, train_losses:[0.5639154385155061, 0.5626623043977889, 0.5646598079375876, 0.5650022592156627, 0.5639514010208657]
epoch 203
avg_train_loss: 0.5640, train_losses:[0.5638573592787792, 0.5626769860704331, 0.5646039999989126, 0.5649585540472563, 0.5638839843919308]
epoch 204
avg_train_loss: 0.5639, train_losses:[0.5637986950359155, 0.5625743116036215, 0.5645303918042311, 0.5649241856958525, 0.5638706646681451]
epoch 205
avg_train_loss: 0.5639, train_losses:[0.5637492840786262, 0.5626077951782772, 0.5644537082302373, 0.5648933652077252, 0.5638257511712593]
epoch 206
avg_train_loss: 0.5638, train_losses:[0.5637051338121735, 0.5625536343191679, 0.5643319050948906, 0.5648645203232574, 0.5637693908577232]
epoch 207
avg_train_loss: 0.5638, train_losses:[0.563616738708547, 0.5625270998005042, 0.5642685600229211, 0.5648535835501411, 0.563707538620116]
epoch 208
avg_train_loss: 0.5638, train_losses:[0.5635899857012955, 0.5624887812834929, 0.5641840494611394, 0.5648207765656956, 0.563695468679549]
epoch 209
avg_train_loss: 0.5637, train_losses:[0.5635432984361595, 0.5624342025411823, 0.5641009395830525, 0.5647636428152073, 0.5636698668513351]
epoch 210
avg_train_loss: 0.5637, train_losses:[0.5634803757024145, 0.5623844796202655, 0.5640503390887782, 0.5647533723893121, 0.5636097426963208]
avg_val_loss: 0.5815, val_losses:[0.570276649846753, 0.5849451682305945, 0.5740566055387263, 0.5881254169578286, 0.5898871124605457]
epoch 211
avg_train_loss: 0.5636, train_losses:[0.563479800618505, 0.5624010219529006, 0.5639805572548673, 0.5647241777361456, 0.56356098536375]
epoch 212
avg_train_loss: 0.5636, train_losses:[0.563397559674595, 0.5623612180762073, 0.5639092440172104, 0.5646774028572528, 0.5635204559974337]
epoch 213
avg_train_loss: 0.5635, train_losses:[0.5633654372637609, 0.5623195117549705, 0.5638624153684804, 0.5646571588790359, 0.5635046433666063]
epoch 214
avg_train_loss: 0.5635, train_losses:[0.5632795835598714, 0.5623011917316759, 0.5637966250906506, 0.5646354230373123, 0.5634946184754942]
epoch 215
avg_train_loss: 0.5635, train_losses:[0.5632639861014819, 0.5622627363441363, 0.5637303292781861, 0.5646025445586563, 0.5634527779454757]
epoch 216
avg_train_loss: 0.5634, train_losses:[0.5632514350988673, 0.5622051625636358, 0.5636819873207409, 0.5645760962943309, 0.5633918004062343]
epoch 217
avg_train_loss: 0.5634, train_losses:[0.5631977155365242, 0.5621734018640172, 0.5636137156816111, 0.5645454769207106, 0.5633889087378465]
epoch 218
avg_train_loss: 0.5633, train_losses:[0.5631285077539756, 0.562116673964604, 0.5635700703917698, 0.5645079430345834, 0.5633338008020458]
epoch 219
avg_train_loss: 0.5633, train_losses:[0.5630893949934134, 0.5621008730180711, 0.5635392907564586, 0.5644803946799534, 0.5633192285783339]
epoch 220
avg_train_loss: 0.5633, train_losses:[0.5630650769174659, 0.5620661302563449, 0.5634520788641938, 0.5644629430491047, 0.5632648972339508]
avg_val_loss: 0.5812, val_losses:[0.5698285493488046, 0.5847877917987687, 0.5734961759739435, 0.5879243071391737, 0.5899016289941726]
epoch 221
avg_train_loss: 0.5632, train_losses:[0.5630170760182585, 0.5620314349449422, 0.56339877157936, 0.5644296813050679, 0.5632527926156506]
epoch 222
avg_train_loss: 0.5632, train_losses:[0.5629934116953091, 0.5619832753196268, 0.5633482818547795, 0.5644304957372561, 0.5632197812588566]
epoch 223
avg_train_loss: 0.5632, train_losses:[0.5629416541312395, 0.5619358945840709, 0.5633042098949037, 0.5643963379022401, 0.563174166533731]
epoch 224
avg_train_loss: 0.5631, train_losses:[0.5629067720927632, 0.5619015282885965, 0.5632516488014876, 0.564376533124128, 0.5631583962501423]
epoch 225
avg_train_loss: 0.5631, train_losses:[0.5628892069194145, 0.5618485485849193, 0.5631926255356965, 0.5643638727010553, 0.563103246810219]
epoch 226
avg_train_loss: 0.5631, train_losses:[0.5628346890983988, 0.5618441963348951, 0.5631573796679594, 0.5643294272721516, 0.5630880697015955]
epoch 227
avg_train_loss: 0.5630, train_losses:[0.5627936867257962, 0.5618103252567315, 0.5630931400965996, 0.5643074399756877, 0.5630694480929297]
epoch 228
avg_train_loss: 0.5630, train_losses:[0.5627545676701591, 0.561754137137079, 0.5630393824379538, 0.5642867853991231, 0.5630343298703835]
epoch 229
avg_train_loss: 0.5629, train_losses:[0.562719711563481, 0.5617285121101039, 0.5630018565026428, 0.5642606306958704, 0.56299056028251]
epoch 230
avg_train_loss: 0.5629, train_losses:[0.5626758186660027, 0.5616832310844585, 0.5629359839306085, 0.5642658503119032, 0.5629880720146435]
avg_val_loss: 0.5810, val_losses:[0.5696509744286194, 0.5843343840395474, 0.5732095548815621, 0.5879050421718041, 0.590023945188053]
epoch 231
avg_train_loss: 0.5629, train_losses:[0.5626401946416505, 0.5616240138220144, 0.5628853002765822, 0.5642390394636868, 0.5629521071202152]
epoch 232
avg_train_loss: 0.5628, train_losses:[0.5625972067563988, 0.5616269041391588, 0.5628367589520175, 0.5641927046871048, 0.5629242586237462]
epoch 233
avg_train_loss: 0.5628, train_losses:[0.5625471854884416, 0.5615812006001429, 0.5627959994194134, 0.5641689811861746, 0.5629016177216335]
epoch 234
avg_train_loss: 0.5628, train_losses:[0.5625131020996614, 0.561551220367045, 0.5627437376974384, 0.5641585689367837, 0.5628518072881382]
epoch 235
avg_train_loss: 0.5627, train_losses:[0.5624613088057976, 0.5615103630530487, 0.5626928676676489, 0.5641563011864577, 0.5628658644615733]
epoch 236
avg_train_loss: 0.5627, train_losses:[0.5624118139616967, 0.5614826643732113, 0.5626491450610093, 0.5641066992171263, 0.5627915021482673]
epoch 237
avg_train_loss: 0.5627, train_losses:[0.5623837956505006, 0.561436786202382, 0.5626130290880607, 0.5641256346323609, 0.5628030477846453]
epoch 238
avg_train_loss: 0.5626, train_losses:[0.5623592927852873, 0.5614050242706314, 0.562551797458674, 0.5640752263282912, 0.5627878730831796]
epoch 239
avg_train_loss: 0.5626, train_losses:[0.5622934034277444, 0.5613515555703832, 0.5625017914263866, 0.5640407488863555, 0.5627597513315504]
epoch 240
avg_train_loss: 0.5626, train_losses:[0.5622368407704831, 0.5613501643567944, 0.5624616042364526, 0.5640092003802498, 0.5627075800629152]
avg_val_loss: 0.5807, val_losses:[0.5693583524632816, 0.5839917639068556, 0.5726310915107592, 0.5875997661615601, 0.5900174765361339]
epoch 241
avg_train_loss: 0.5625, train_losses:[0.5622001245883131, 0.5613130000369796, 0.562380355124259, 0.563990958182899, 0.5626792187115298]
epoch 242
avg_train_loss: 0.5625, train_losses:[0.562154289253931, 0.5612553758459837, 0.5623799074937229, 0.5639814854647809, 0.5626627623839376]
epoch 243
avg_train_loss: 0.5625, train_losses:[0.5621102164509103, 0.5612568216684817, 0.5623411563547666, 0.5639622719797344, 0.562615480981141]
epoch 244
avg_train_loss: 0.5624, train_losses:[0.5620883677021001, 0.5612166825062422, 0.5622926140567156, 0.5639299701338084, 0.5626109337137096]
epoch 245
avg_train_loss: 0.5624, train_losses:[0.5620229737288674, 0.5612050454320102, 0.5622412009886341, 0.5639205112471368, 0.5625759253895183]
epoch 246
avg_train_loss: 0.5624, train_losses:[0.5619594057916956, 0.5611556971322021, 0.5621993492513708, 0.5638900999470241, 0.5625727107872871]
epoch 247
avg_train_loss: 0.5623, train_losses:[0.5619857726080163, 0.5610699215852009, 0.5621507909274563, 0.5638726817945284, 0.5625308073086704]
epoch 248
avg_train_loss: 0.5623, train_losses:[0.561918857310082, 0.5610956767365267, 0.5620983021632491, 0.5638511291189149, 0.5625168955585125]
epoch 249
avg_train_loss: 0.5623, train_losses:[0.5618580990801031, 0.5610650932647917, 0.5620646592566022, 0.5638099327598421, 0.5624928818271022]
epoch 250
avg_train_loss: 0.5622, train_losses:[0.5618225554538978, 0.5609962875340746, 0.5620094536696328, 0.5637956238214133, 0.5624517135824094]
avg_val_loss: 0.5805, val_losses:[0.569087296651005, 0.5835418806581757, 0.5725356739157452, 0.5873348743061526, 0.5902132076634417]
epoch 251
avg_train_loss: 0.5622, train_losses:[0.5617857957214588, 0.5610075093136009, 0.561962539020119, 0.5637574231247429, 0.5624263759916787]
epoch 252
avg_train_loss: 0.5622, train_losses:[0.5617846472032714, 0.560974970001198, 0.5619124143691507, 0.5637456443166246, 0.562410110163529]
epoch 253
avg_train_loss: 0.5621, train_losses:[0.561715373867222, 0.5609336985268721, 0.5618718378132546, 0.563745052949224, 0.5623230149597032]
epoch 254
avg_train_loss: 0.5621, train_losses:[0.5616402243506404, 0.5609006909492845, 0.5618261549109238, 0.5637047947884811, 0.5624002043310046]
epoch 255
avg_train_loss: 0.5621, train_losses:[0.5616562531061785, 0.560873167428735, 0.5617910773931628, 0.5636750687696922, 0.562338930198171]
epoch 256
avg_train_loss: 0.5620, train_losses:[0.5615906853330764, 0.5608409943518146, 0.5617573347815721, 0.5636472914553879, 0.5623122791180409]
epoch 257
avg_train_loss: 0.5620, train_losses:[0.561573951620796, 0.5608004264707392, 0.5616932225719394, 0.5636155725779987, 0.562302052819926]
epoch 258
avg_train_loss: 0.5620, train_losses:[0.5615465962618389, 0.5607811263953185, 0.561646245655968, 0.5635928588205233, 0.5622766196760337]
epoch 259
avg_train_loss: 0.5619, train_losses:[0.5614927469875528, 0.560752408207634, 0.5616163000600382, 0.5635822338990226, 0.5622880502576073]
epoch 260
avg_train_loss: 0.5619, train_losses:[0.5614655812567803, 0.5607097588216545, 0.5616112920295986, 0.5635583145125097, 0.5622514216556435]
avg_val_loss: 0.5803, val_losses:[0.5686847931157212, 0.5833756522564055, 0.5721541902268538, 0.5870830397291784, 0.5903425834881536]
epoch 261
avg_train_loss: 0.5619, train_losses:[0.561465106242363, 0.5607182016280464, 0.5615573120556274, 0.5635651587700662, 0.5622277366825021]
epoch 262
avg_train_loss: 0.5619, train_losses:[0.5613995379254935, 0.5607009169969202, 0.5615349221095953, 0.5635280314997507, 0.5622032795982705]
epoch 263
avg_train_loss: 0.5618, train_losses:[0.5613353477840148, 0.5606138424079574, 0.5614794408183039, 0.5635136097550462, 0.5621884620970058]
epoch 264
avg_train_loss: 0.5618, train_losses:[0.5613241073463426, 0.5605832863048293, 0.5614387638222578, 0.5634819367343549, 0.5621463833316943]
epoch 265
avg_train_loss: 0.5618, train_losses:[0.5613165844670854, 0.5605860281449646, 0.561407630485608, 0.563441996323169, 0.5621498959408573]
epoch 266
avg_train_loss: 0.5617, train_losses:[0.5612515213834367, 0.5605299638810635, 0.5613901464720877, 0.5634242156896299, 0.5621210476471391]
epoch 267
avg_train_loss: 0.5617, train_losses:[0.5612257104419841, 0.5605542326941294, 0.5613396903124148, 0.563394803029527, 0.5621128072418671]
epoch 268
avg_train_loss: 0.5617, train_losses:[0.5611858490786913, 0.5604487593506676, 0.5613136927895043, 0.5633714689811139, 0.5620845329758247]
epoch 269
avg_train_loss: 0.5616, train_losses:[0.5611599440064197, 0.5604136936440639, 0.5612681878762922, 0.5633547400425817, 0.5620448918669736]
epoch 270
avg_train_loss: 0.5616, train_losses:[0.5611094295658803, 0.5604121339949626, 0.5612762266665694, 0.5633556456739293, 0.5620504258613175]
avg_val_loss: 0.5802, val_losses:[0.56841586621648, 0.5831196297057359, 0.5719551122121771, 0.5869318405363555, 0.59057962959617]
epoch 271
avg_train_loss: 0.5616, train_losses:[0.5610807376470484, 0.5603951444869674, 0.5612432063430335, 0.5633429156099357, 0.56198873243502]
epoch 272
avg_train_loss: 0.5616, train_losses:[0.5610290450112488, 0.5604012532563629, 0.5612009517067208, 0.5632792610151822, 0.5620261810224076]
epoch 273
avg_train_loss: 0.5616, train_losses:[0.5610074448252326, 0.5603366715942184, 0.5611743404557578, 0.5632985589236797, 0.5619799464684424]
epoch 274
avg_train_loss: 0.5615, train_losses:[0.5609655196610427, 0.5602959041627311, 0.5611518931962356, 0.5632785339289402, 0.561968574257387]
epoch 275
avg_train_loss: 0.5615, train_losses:[0.5609245723840923, 0.5602894158834119, 0.5611091604947058, 0.5632259976186901, 0.5619589592551246]
epoch 276
avg_train_loss: 0.5615, train_losses:[0.5609009309034465, 0.5602802107334707, 0.5610697450573299, 0.5632169037811919, 0.5619430498736664]
epoch 277
avg_train_loss: 0.5614, train_losses:[0.5608389654324754, 0.5602242286130671, 0.5610220867804551, 0.5632295015437286, 0.5619267148366794]
epoch 278
avg_train_loss: 0.5614, train_losses:[0.560804596109622, 0.5601908357691568, 0.5609898939670185, 0.5632074680423111, 0.5618887566283571]
epoch 279
avg_train_loss: 0.5614, train_losses:[0.5607661949124738, 0.5601760261553779, 0.5609890372177117, 0.5631710136250778, 0.5618683513769674]
epoch 280
avg_train_loss: 0.5614, train_losses:[0.5607372059276116, 0.5601561647602868, 0.5609211946212341, 0.5631617305249614, 0.5618321271652698]
avg_val_loss: 0.5799, val_losses:[0.5680689145563339, 0.5829074445750946, 0.5715531281993512, 0.5867215552844196, 0.5904093957814185]
epoch 281
avg_train_loss: 0.5613, train_losses:[0.5607238762847188, 0.5600969747595292, 0.5609061634955613, 0.5631312564726665, 0.5618388207131141]
epoch 282
avg_train_loss: 0.5613, train_losses:[0.5606735758950551, 0.5600927246868597, 0.5608765399463763, 0.5631146875280145, 0.5618208050402003]
epoch 283
avg_train_loss: 0.5613, train_losses:[0.5606513812450152, 0.5600605765977816, 0.5608390146546252, 0.5630938673956645, 0.5617796880056481]
epoch 284
avg_train_loss: 0.5613, train_losses:[0.5606272287778046, 0.5600699241995042, 0.5608048836322291, 0.5630523963383413, 0.561770577284585]
epoch 285
avg_train_loss: 0.5612, train_losses:[0.5606003404885584, 0.5600348797609259, 0.5607884203026821, 0.5630410283729604, 0.5617413331132224]
epoch 286
avg_train_loss: 0.5612, train_losses:[0.5605746601856936, 0.559994884940416, 0.560779399914513, 0.5630152386292715, 0.5617193135632604]
epoch 287
avg_train_loss: 0.5612, train_losses:[0.5605381340756832, 0.5599861639002673, 0.5607415066938615, 0.5630051712709655, 0.5617010246229673]
epoch 288
avg_train_loss: 0.5612, train_losses:[0.5604975153686498, 0.5599723478055129, 0.5606924253695851, 0.5629919636447905, 0.561696954803648]
epoch 289
avg_train_loss: 0.5611, train_losses:[0.560467724905279, 0.5599544018727973, 0.5606656497420174, 0.5629576209828319, 0.5616586558664368]
epoch 290
avg_train_loss: 0.5611, train_losses:[0.5604272334988754, 0.559940083256531, 0.5606488625898259, 0.5629382851134644, 0.5616211692044134]
avg_val_loss: 0.5798, val_losses:[0.5677491472900378, 0.5826487081598614, 0.5712872345834966, 0.586808566131829, 0.5904503674569711]
epoch 291
avg_train_loss: 0.5611, train_losses:[0.560413051562717, 0.5598638169069042, 0.5606151132595512, 0.5629035650402797, 0.5616298244391144]
epoch 292
avg_train_loss: 0.5611, train_losses:[0.56036470548323, 0.5598152565993589, 0.5605832939695057, 0.5628924863683141, 0.5616158609411764]
epoch 293
avg_train_loss: 0.5610, train_losses:[0.5603448291111152, 0.5598035359814792, 0.5605716697379596, 0.5628819137024522, 0.5615883755059912]
epoch 294
avg_train_loss: 0.5610, train_losses:[0.5603156819306746, 0.5597839837924838, 0.5605528099522151, 0.5628693347986645, 0.5615635497030443]
epoch 295
avg_train_loss: 0.5610, train_losses:[0.5603008634852578, 0.5597454744283936, 0.5605030731092239, 0.5628338293848468, 0.5615373950065184]
epoch 296
avg_train_loss: 0.5610, train_losses:[0.5602591540867456, 0.5597371938123357, 0.5604750919880513, 0.5628187111260506, 0.5615187443938431]
epoch 297
avg_train_loss: 0.5609, train_losses:[0.5602240221902092, 0.5597709453411006, 0.5604715372869509, 0.5627929345172972, 0.5614900246977366]
epoch 298
avg_train_loss: 0.5609, train_losses:[0.5601760798692093, 0.5596876918239051, 0.5604424072748962, 0.5627820618231963, 0.5614576519993757]
epoch 299
avg_train_loss: 0.5609, train_losses:[0.5601802586849303, 0.5596940250653664, 0.5604203864450917, 0.5627505977232309, 0.5614796913075809]
epoch 300
avg_train_loss: 0.5609, train_losses:[0.5601366029555697, 0.5596369304233618, 0.5604110342203281, 0.5627225982901314, 0.5614232643064098]
avg_val_loss: 0.5796, val_losses:[0.5674381476535617, 0.5824175590909666, 0.5709913159159667, 0.5865158938524159, 0.5905764329426924]
epoch 301
avg_train_loss: 0.5608, train_losses:[0.5601255377393012, 0.559595501682139, 0.5603748017426708, 0.5627078213726577, 0.5614141900755757]
epoch 302
avg_train_loss: 0.5608, train_losses:[0.5600687183179304, 0.5596628150727893, 0.5603392107516785, 0.5626962261817524, 0.5613941028296695]
epoch 303
avg_train_loss: 0.5608, train_losses:[0.5600299687960201, 0.5595909905705743, 0.5603466261279193, 0.5626347740872751, 0.5613660011254684]
epoch 304
avg_train_loss: 0.5608, train_losses:[0.5600109515030619, 0.5595635623977016, 0.5603006082913529, 0.5626283956123098, 0.5613686294809495]
epoch 305
avg_train_loss: 0.5608, train_losses:[0.5600111999843926, 0.5595379089807737, 0.5602826033995891, 0.5626289161056394, 0.5613435567630939]
epoch 306
avg_train_loss: 0.5607, train_losses:[0.5599605127419088, 0.5595193653713265, 0.5602638465162222, 0.5625750824906322, 0.5612980102081842]
epoch 307
avg_train_loss: 0.5607, train_losses:[0.5599384736887688, 0.559492242627708, 0.5602405644393446, 0.5625800501835108, 0.5613152124736093]
epoch 308
avg_train_loss: 0.5607, train_losses:[0.5598149190705177, 0.5594756570574192, 0.5602261543367608, 0.5625607850100136, 0.5612621521491961]
epoch 309
avg_train_loss: 0.5607, train_losses:[0.5599293211243926, 0.5594371260444626, 0.560192650919687, 0.5625527255382463, 0.5612701253070195]
epoch 310
avg_train_loss: 0.5606, train_losses:[0.5597751301321532, 0.5593689741166398, 0.5601596107781718, 0.5625299877379025, 0.5612461680440249]
avg_val_loss: 0.5794, val_losses:[0.5671589299761501, 0.5821955580601882, 0.5708328502106833, 0.5861085088620896, 0.5906441447316394]
epoch 311
avg_train_loss: 0.5606, train_losses:[0.5598519770888997, 0.5593540208158924, 0.5601450962091155, 0.5624861502934966, 0.5611906927173151]
epoch 312
avg_train_loss: 0.5606, train_losses:[0.5597713825423004, 0.5593547935999792, 0.5600804319920838, 0.5625261298773184, 0.56117393096174]
epoch 313
avg_train_loss: 0.5606, train_losses:[0.55981212831372, 0.5593361213864898, 0.56008587360879, 0.5624847931845096, 0.56121521096616]
epoch 314
avg_train_loss: 0.5605, train_losses:[0.5597502688427677, 0.5592652952860045, 0.5600694076479791, 0.5624795855629263, 0.5611512507956683]
epoch 315
avg_train_loss: 0.5605, train_losses:[0.5597304899516493, 0.5592828132819319, 0.5600539565139316, 0.562442809528667, 0.5611481685260126]
epoch 316
avg_train_loss: 0.5605, train_losses:[0.5596695550807691, 0.5592837943330015, 0.560058672812149, 0.5624368585933565, 0.5611013278489363]
epoch 317
avg_train_loss: 0.5605, train_losses:[0.5596639667018557, 0.5593006479235885, 0.5600080191304997, 0.5624185806448273, 0.5611494984826512]
epoch 318
avg_train_loss: 0.5605, train_losses:[0.5596127398629035, 0.5592765534337937, 0.5599849289709248, 0.5623878619501588, 0.5610858710131164]
epoch 319
avg_train_loss: 0.5605, train_losses:[0.5596126066154543, 0.5592707297522715, 0.559961089892949, 0.5623505829219004, 0.5610612047261124]
epoch 320
avg_train_loss: 0.5604, train_losses:[0.5595859150620639, 0.5592473637773809, 0.5599520990291088, 0.5623641590757309, 0.5610355359984663]
avg_val_loss: 0.5793, val_losses:[0.5668867115067282, 0.5820681758146559, 0.5706838018600612, 0.5859971520059076, 0.5909176588775422]
epoch 321
avg_train_loss: 0.5604, train_losses:[0.559561056357101, 0.5592166410421336, 0.5599277057707011, 0.562361865203186, 0.5610330200218121]
epoch 322
avg_train_loss: 0.5604, train_losses:[0.5595149439416675, 0.5592097315976612, 0.5598944236323322, 0.5623728796515388, 0.5610156484081622]
epoch 323
avg_train_loss: 0.5604, train_losses:[0.5595024904200494, 0.559198575981592, 0.5598791705660651, 0.5623126549561422, 0.5609888860407758]
epoch 324
avg_train_loss: 0.5603, train_losses:[0.5594860658690598, 0.5591418378422444, 0.5598307678716357, 0.5622969492961888, 0.5609786795294153]
epoch 325
avg_train_loss: 0.5603, train_losses:[0.5594453019496581, 0.5591378382935972, 0.5598533872488106, 0.5622779485056544, 0.5609628289054127]
epoch 326
avg_train_loss: 0.5603, train_losses:[0.559411710770157, 0.5591484630623542, 0.5598340746555386, 0.5622792224019382, 0.5609247989874159]
epoch 327
avg_train_loss: 0.5603, train_losses:[0.5594151584794231, 0.559118570974561, 0.5598103120308504, 0.5622587371172689, 0.5608902265868487]
epoch 328
avg_train_loss: 0.5603, train_losses:[0.5593982328315108, 0.559068481588028, 0.5597718382112254, 0.5622339392032598, 0.5609160433893111]
epoch 329
avg_train_loss: 0.5603, train_losses:[0.5593787091444802, 0.5590765677461472, 0.559745813000983, 0.5622218307641653, 0.5608668608859017]
epoch 330
avg_train_loss: 0.5602, train_losses:[0.559348819226665, 0.5590508940896676, 0.5597404637554889, 0.5621889019401846, 0.5608477628840373]
avg_val_loss: 0.5791, val_losses:[0.566655101827606, 0.5818054710350777, 0.5705130057157641, 0.5859182949468251, 0.5907335890453979]
epoch 331
avg_train_loss: 0.5602, train_losses:[0.5593229660566852, 0.559053642281902, 0.5597000291289909, 0.5621622346750709, 0.5608468520701607]
epoch 332
avg_train_loss: 0.5602, train_losses:[0.5592814788085353, 0.5590542957090471, 0.5596758592266019, 0.5621766584624671, 0.5608505061314017]
epoch 333
avg_train_loss: 0.5602, train_losses:[0.5592816121639232, 0.5589697708351854, 0.5596481619886645, 0.5621538406957319, 0.5608168340770374]
epoch 334
avg_train_loss: 0.5602, train_losses:[0.5592478991744173, 0.5590006243780565, 0.5596147352387192, 0.5621191806131243, 0.5607933246064613]
epoch 335
avg_train_loss: 0.5601, train_losses:[0.5591825747973006, 0.558946438287733, 0.5595720170335798, 0.5621397353981901, 0.5607768020189019]
epoch 336
avg_train_loss: 0.5601, train_losses:[0.5592122515440435, 0.5589693767983224, 0.5596237757707206, 0.5621000585757, 0.5607756894192312]
epoch 337
avg_train_loss: 0.5601, train_losses:[0.5591990446622392, 0.5589305092941632, 0.5595776404111545, 0.5620965832788943, 0.5607456680536433]
epoch 338
avg_train_loss: 0.5601, train_losses:[0.5591772086889079, 0.558912996347941, 0.5595391110315368, 0.5620598277122838, 0.5607474706237134]
epoch 339
avg_train_loss: 0.5601, train_losses:[0.5591497403546385, 0.5589050879213129, 0.5595241294294279, 0.5620678704413106, 0.5606946709525216]
epoch 340
avg_train_loss: 0.5601, train_losses:[0.5591184941750545, 0.5588967708809862, 0.5595201629844024, 0.562033630413919, 0.5607112331991233]
avg_val_loss: 0.5790, val_losses:[0.5665541783747035, 0.5816510971393745, 0.5703218462233565, 0.5856782629855819, 0.5905570657022537]
epoch 341
avg_train_loss: 0.5600, train_losses:[0.5591035577137852, 0.5588383733387156, 0.5594875247827067, 0.5620014961878546, 0.5607174770117165]
epoch 342
avg_train_loss: 0.5600, train_losses:[0.5590821644017298, 0.5588215665844225, 0.5594652990747916, 0.5620103025007089, 0.5606734875619648]
epoch 343
avg_train_loss: 0.5600, train_losses:[0.5590616355902122, 0.558830602395627, 0.5594701280550534, 0.5619984438901442, 0.5606649058616534]
epoch 344
avg_train_loss: 0.5600, train_losses:[0.5590525678555852, 0.55881444948496, 0.5594309626895786, 0.5619778398737639, 0.5606331269980878]
epoch 345
avg_train_loss: 0.5600, train_losses:[0.5590158973132174, 0.5588013522007966, 0.5593887189897111, 0.5619602924746844, 0.5605865577881137]
epoch 346
avg_train_loss: 0.5600, train_losses:[0.5589887381626413, 0.558810617481839, 0.5593898331141022, 0.5619531237753626, 0.5606446809149251]
epoch 347
avg_train_loss: 0.5599, train_losses:[0.5590022222171431, 0.558726159406848, 0.5593790809143742, 0.5619199195464374, 0.5606011185625529]
epoch 348
avg_train_loss: 0.5599, train_losses:[0.5589643218277232, 0.5586935595539908, 0.5593584375756689, 0.56192012681855, 0.5605842885675205]
epoch 349
avg_train_loss: 0.5599, train_losses:[0.5589466227287434, 0.5586802994002935, 0.5593401625924032, 0.5619122693003615, 0.560589318097379]
epoch 350
avg_train_loss: 0.5599, train_losses:[0.5589220154276062, 0.5587297866347058, 0.5593242358716587, 0.5618666875509845, 0.5605470301985366]
avg_val_loss: 0.5789, val_losses:[0.566359677845229, 0.5816231842035802, 0.5701550178080125, 0.5857757319513852, 0.5907031780321654]
epoch 351
avg_train_loss: 0.5599, train_losses:[0.5588891895324787, 0.5587090752863821, 0.5592889147196322, 0.5618708446373941, 0.5605196628077558]
epoch 352
avg_train_loss: 0.5598, train_losses:[0.5588940436910035, 0.5587099690444567, 0.5592750639500329, 0.5618405132150814, 0.5605190109445763]
epoch 353
avg_train_loss: 0.5598, train_losses:[0.5588544702820731, 0.5586638119464146, 0.5592590326100724, 0.5618312850110323, 0.5604706093825749]
epoch 354
avg_train_loss: 0.5598, train_losses:[0.5588604801967977, 0.5586148252783953, 0.5592299902158476, 0.561813815121208, 0.5604725982405798]
epoch 355
avg_train_loss: 0.5598, train_losses:[0.5588307833164053, 0.5586064217057369, 0.5592479853646033, 0.561791788106304, 0.560443822454849]
epoch 356
avg_train_loss: 0.5598, train_losses:[0.558825868052275, 0.5586148064542681, 0.5592071234224745, 0.5617844126715089, 0.560446870099721]
epoch 357
avg_train_loss: 0.5598, train_losses:[0.5587952073390953, 0.5585895895012972, 0.5591956121601307, 0.5617764146424018, 0.5604485599651222]
epoch 358
avg_train_loss: 0.5597, train_losses:[0.5587612991085849, 0.5586044240672787, 0.5591732677317058, 0.5617547245168522, 0.5604432707514221]
epoch 359
avg_train_loss: 0.5597, train_losses:[0.5587590267657664, 0.5585779269667356, 0.5591573398623292, 0.5617443879152805, 0.5604244527211358]
epoch 360
avg_train_loss: 0.5597, train_losses:[0.5587163144748611, 0.5585557183824019, 0.5591389210699002, 0.5617150185987336, 0.5603874581253103]
avg_val_loss: 0.5788, val_losses:[0.5661493207084786, 0.5814472828485511, 0.5700519885198331, 0.5856937229413388, 0.5906605871731365]
epoch 361
avg_train_loss: 0.5597, train_losses:[0.558703696036944, 0.5585574865876808, 0.5591363876169061, 0.5617245053590845, 0.5603685077705947]
epoch 362
avg_train_loss: 0.5597, train_losses:[0.5586859627661553, 0.5585574454029016, 0.5591138841355019, 0.5616970397986398, 0.5603658972101588]
epoch 363
avg_train_loss: 0.5597, train_losses:[0.5586753807574736, 0.5585137767779039, 0.5590923146346662, 0.5616870394153688, 0.5603656393551054]
epoch 364
avg_train_loss: 0.5596, train_losses:[0.5586549401808703, 0.558503041225197, 0.5590956026229542, 0.5616630201436744, 0.5603073875044187]
epoch 365
avg_train_loss: 0.5596, train_losses:[0.558633056553557, 0.5584930214129339, 0.5590600039784867, 0.5616419452705589, 0.5603205079025171]
epoch 366
avg_train_loss: 0.5596, train_losses:[0.5586058769292223, 0.5584695465196025, 0.5590543148783749, 0.5616246138285959, 0.5602847513881101]
epoch 367
avg_train_loss: 0.5596, train_losses:[0.5585768037154024, 0.5584580077674752, 0.559037448340218, 0.5616417994095393, 0.56031709483808]
epoch 368
avg_train_loss: 0.5596, train_losses:[0.5585290168996561, 0.558458436311165, 0.559001965762594, 0.5616181885112268, 0.560267736604016]
epoch 369
avg_train_loss: 0.5596, train_losses:[0.5585026644005067, 0.5584018002789098, 0.5590004233165007, 0.5615944915103013, 0.5602793376620422]
epoch 370
avg_train_loss: 0.5595, train_losses:[0.5585014270995644, 0.5584162352135377, 0.5589826907300035, 0.5615792786227417, 0.5602462428856274]
avg_val_loss: 0.5786, val_losses:[0.5659203228972332, 0.5813587578704681, 0.5699806177210446, 0.5853664080790684, 0.5904945971667278]
epoch 371
avg_train_loss: 0.5595, train_losses:[0.5584915484692737, 0.5583855619427935, 0.5589623575749533, 0.561578944202743, 0.5602166509064589]
epoch 372
avg_train_loss: 0.5595, train_losses:[0.5584482806293535, 0.5583719451897015, 0.5589602526880514, 0.5615626724402066, 0.5602096566268292]
epoch 373
avg_train_loss: 0.5595, train_losses:[0.5584453260091696, 0.5583636952079095, 0.5589157396941287, 0.561565925124346, 0.5601824737685095]
epoch 374
avg_train_loss: 0.5595, train_losses:[0.5584238891529549, 0.5583644471404517, 0.558931235441541, 0.5615325523214206, 0.5601609857849399]
epoch 375
avg_train_loss: 0.5595, train_losses:[0.5583978449047441, 0.5583411444248523, 0.5589088192867354, 0.5615341336631748, 0.560154924859306]
epoch 376
avg_train_loss: 0.5595, train_losses:[0.5583812868456228, 0.558332315149536, 0.5588879254260444, 0.5615283408348515, 0.5601266991070618]
epoch 377
avg_train_loss: 0.5594, train_losses:[0.5583422610613672, 0.5583169259560928, 0.5588739273993486, 0.5614941682315612, 0.5601270738619997]
epoch 378
avg_train_loss: 0.5594, train_losses:[0.5583213174836369, 0.5583262953319316, 0.5588529559591403, 0.5614756895931523, 0.5601149333847893]
epoch 379
avg_train_loss: 0.5594, train_losses:[0.5582971280789389, 0.5583045207900589, 0.5588261466587262, 0.5614779415935717, 0.5601306919584317]
epoch 380
avg_train_loss: 0.5594, train_losses:[0.5582916918937968, 0.5582585705822702, 0.5587932653461665, 0.5614456457158492, 0.5601219226383065]
avg_val_loss: 0.5786, val_losses:[0.5658039784429828, 0.5812883715380635, 0.5698701162163605, 0.5852981821034504, 0.5907884559519243]
epoch 381
avg_train_loss: 0.5594, train_losses:[0.5582621097646161, 0.5582907589386471, 0.558788791238278, 0.5614234702656861, 0.5600952999756703]
epoch 382
avg_train_loss: 0.5594, train_losses:[0.5582358725258237, 0.5582219909610684, 0.5587574100292356, 0.5614646334539297, 0.5600794447776609]
epoch 383
avg_train_loss: 0.5593, train_losses:[0.5582072216176431, 0.5582140074548273, 0.5587268630041717, 0.5613858166662153, 0.5600684029622304]
epoch 384
avg_train_loss: 0.5593, train_losses:[0.5582132875567013, 0.5582032810361905, 0.5587116772387927, 0.561442296227877, 0.5600617109010401]
epoch 385
avg_train_loss: 0.5593, train_losses:[0.5581712410773961, 0.5582172373567422, 0.5586914932450431, 0.5614126653296859, 0.5600281636237903]
epoch 386
avg_train_loss: 0.5593, train_losses:[0.5581394052441951, 0.5581696136264076, 0.5586685416728353, 0.5613911956539526, 0.5600165591647883]
epoch 387
avg_train_loss: 0.5593, train_losses:[0.5581263578125039, 0.5581748763161493, 0.5586520247689627, 0.5613520400925834, 0.5599971898261585]
epoch 388
avg_train_loss: 0.5593, train_losses:[0.5580932962787315, 0.5581667041582645, 0.5586407495892386, 0.5613571670685752, 0.5600011887137513]
epoch 389
avg_train_loss: 0.5592, train_losses:[0.5580286868783404, 0.55812818215311, 0.558602565780924, 0.5613419594119765, 0.5599777106421232]
epoch 390
avg_train_loss: 0.5592, train_losses:[0.5580644234727248, 0.5581639396418072, 0.5585849704600523, 0.5613240412969341, 0.5599616426652257]
avg_val_loss: 0.5784, val_losses:[0.5656222371279875, 0.5811864901830447, 0.5695895723376392, 0.5852251982646545, 0.5904858204235204]
epoch 391
avg_train_loss: 0.5592, train_losses:[0.5579889230041902, 0.5581253490598461, 0.5585485119177221, 0.5613089379835948, 0.5599284025551404]
epoch 392
avg_train_loss: 0.5592, train_losses:[0.5579820735838985, 0.5581211762652797, 0.5585234034850404, 0.5613318047443827, 0.5599690303990501]
epoch 393
avg_train_loss: 0.5592, train_losses:[0.5579527233786369, 0.5580944706523455, 0.5584942351139642, 0.5613008781880111, 0.5599289382027035]
epoch 394
avg_train_loss: 0.5591, train_losses:[0.5579256528499256, 0.5580770126795807, 0.558490207412626, 0.5612769951402304, 0.5599142238833759]
epoch 395
avg_train_loss: 0.5591, train_losses:[0.5578817329514433, 0.5580716187341671, 0.558464908429188, 0.5612817945177547, 0.5599297125050812]
epoch 396
avg_train_loss: 0.5591, train_losses:[0.5578651405860986, 0.5580697941013113, 0.5584409650374832, 0.561263885776081, 0.5599272529601855]
epoch 397
avg_train_loss: 0.5591, train_losses:[0.5578242415272632, 0.558023984382039, 0.558433029367498, 0.5612403606219429, 0.5598950052344442]
epoch 398
avg_train_loss: 0.5591, train_losses:[0.5577942919824008, 0.558041890304065, 0.5584257060671649, 0.5612441806061754, 0.5598846730784149]
epoch 399
avg_train_loss: 0.5591, train_losses:[0.5577897898837296, 0.5579982671589978, 0.5583991689335299, 0.56122027121928, 0.5598635796813409]
epoch 400
avg_train_loss: 0.5590, train_losses:[0.5577419626479406, 0.5579713967560329, 0.5583112591779378, 0.5612047262334252, 0.5598466188770443]
avg_val_loss: 0.5782, val_losses:[0.5654667598661608, 0.5810770110075829, 0.5694999255344844, 0.5849846083560374, 0.5901044074500956]
epoch 401
avg_train_loss: 0.5590, train_losses:[0.557763691224158, 0.5579866595673448, 0.5583724011569858, 0.5611899613806631, 0.5598419816853718]
epoch 402
avg_train_loss: 0.5590, train_losses:[0.5577218680703229, 0.5579564165540741, 0.5583931211139416, 0.5611837505876751, 0.5598318722912143]
epoch 403
avg_train_loss: 0.5590, train_losses:[0.5576967141383631, 0.5578963577097675, 0.5583323272885828, 0.5611728283791749, 0.5598188837124901]
epoch 404
avg_train_loss: 0.5590, train_losses:[0.5576709078403176, 0.5579335659413447, 0.558313584031986, 0.5611665369711442, 0.5598050099758726]
epoch 405
avg_train_loss: 0.5590, train_losses:[0.5576438981035783, 0.5579213594581389, 0.5582742307897871, 0.5611481031100449, 0.5597856491946679]
epoch 406
avg_train_loss: 0.5589, train_losses:[0.5576206087846151, 0.5579441282766446, 0.5582493108896088, 0.5611357926073963, 0.5597842627533215]
epoch 407
avg_train_loss: 0.5589, train_losses:[0.5575892434099975, 0.5579022440080391, 0.5582861455967768, 0.5611388244955003, 0.5597928953501506]
epoch 408
avg_train_loss: 0.5589, train_losses:[0.5575745809484312, 0.5578922582769571, 0.5582297688835234, 0.5611155337977711, 0.5597491286296865]
epoch 409
avg_train_loss: 0.5589, train_losses:[0.5575449228852913, 0.5578727300300195, 0.5582233070899527, 0.5611249489213509, 0.5597289855711216]
epoch 410
avg_train_loss: 0.5589, train_losses:[0.5574990748589302, 0.5578968896751633, 0.5582077292947623, 0.5611020122793255, 0.5597547006538629]
avg_val_loss: 0.5782, val_losses:[0.56521358562653, 0.5809442138873897, 0.5694591138342356, 0.5848882646936691, 0.5903875457908104]
epoch 411
avg_train_loss: 0.5589, train_losses:[0.5574952709494394, 0.557876297364038, 0.5582112473190578, 0.5610902831118747, 0.5596773590084567]
epoch 412
avg_train_loss: 0.5589, train_losses:[0.5574604730136524, 0.5579011052155489, 0.5581894369129765, 0.5610822023079296, 0.5597015003762448]
epoch 413
avg_train_loss: 0.5588, train_losses:[0.5574457446116348, 0.5578214824433884, 0.5581720296134262, 0.5610645418245808, 0.5596667667572104]
epoch 414
avg_train_loss: 0.5588, train_losses:[0.5574455412120828, 0.55785460287002, 0.5581681029693224, 0.5610494918401588, 0.5596777493304953]
epoch 415
avg_train_loss: 0.5588, train_losses:[0.557413587953638, 0.5578324586406584, 0.5581473965271245, 0.5610276619541709, 0.5596461113569302]
epoch 416
avg_train_loss: 0.5588, train_losses:[0.5573943873927408, 0.5577881055937747, 0.5581357425533353, 0.5610253379809443, 0.5596516152312557]
epoch 417
avg_train_loss: 0.5588, train_losses:[0.5573639166213794, 0.5577995731704166, 0.5581216076846232, 0.5610236089941247, 0.5596336683476576]
epoch 418
avg_train_loss: 0.5588, train_losses:[0.5573418744156104, 0.5577883304538092, 0.5581060249975627, 0.5610043256258042, 0.5595985459176768]
epoch 419
avg_train_loss: 0.5588, train_losses:[0.55733291858709, 0.5577727638139965, 0.558089400906344, 0.5609997210361448, 0.5596497637930342]
epoch 420
avg_train_loss: 0.5587, train_losses:[0.5572771995574379, 0.5577369923808224, 0.5580747840031164, 0.5609521508964284, 0.5595803418307091]
avg_val_loss: 0.5780, val_losses:[0.5649907008552708, 0.5807863198800117, 0.5692106834587967, 0.5846127926513147, 0.5902989703882842]
epoch 421
avg_train_loss: 0.5587, train_losses:[0.5572992028950399, 0.5577441804480389, 0.558080931808697, 0.5609862786847323, 0.5595672976185393]
epoch 422
avg_train_loss: 0.5587, train_losses:[0.5572602384404138, 0.5577361385489192, 0.5580628875884986, 0.5609708311106301, 0.559564805261356]
epoch 423
avg_train_loss: 0.5587, train_losses:[0.5572346601967817, 0.5577315400730791, 0.5580458371571718, 0.560939749557132, 0.5595435338405144]
epoch 424
avg_train_loss: 0.5587, train_losses:[0.5572122077745242, 0.5576934827538165, 0.558022870155819, 0.5609269524274756, 0.559531693871073]
epoch 425
avg_train_loss: 0.5587, train_losses:[0.5571882770951642, 0.5576850613763401, 0.5580037552779987, 0.5609001195200215, 0.559507152426352]
epoch 426
avg_train_loss: 0.5587, train_losses:[0.5571711083445342, 0.5577180095223924, 0.5580187509243769, 0.5609234853167111, 0.5594758952195094]
epoch 427
avg_train_loss: 0.5586, train_losses:[0.5571503349273015, 0.5576635478611431, 0.5579966230090553, 0.5609014322294846, 0.5595118077959342]
epoch 428
avg_train_loss: 0.5586, train_losses:[0.5571385001009593, 0.5576505520802256, 0.5579554474923626, 0.5608738278332099, 0.5594586520772074]
epoch 429
avg_train_loss: 0.5586, train_losses:[0.5571129866369268, 0.5576496496442752, 0.5579666860400867, 0.5608601158485262, 0.559477857912403]
epoch 430
avg_train_loss: 0.5586, train_losses:[0.557102151246898, 0.5576087553092917, 0.5579693474209777, 0.5608412439685396, 0.5594762497518792]
avg_val_loss: 0.5779, val_losses:[0.5649010236266208, 0.5805888231031651, 0.5690968307018996, 0.5846614298378002, 0.5904000551404687]
epoch 431
avg_train_loss: 0.5586, train_losses:[0.5570728647683232, 0.5576342015355702, 0.5579374521236561, 0.5608433457802027, 0.559441146326632]
epoch 432
avg_train_loss: 0.5586, train_losses:[0.5570233880273995, 0.5576153181702795, 0.5579359953321277, 0.5608214880113709, 0.5594665352334021]
epoch 433
avg_train_loss: 0.5586, train_losses:[0.5570174841086205, 0.5576157537106466, 0.5579074349479793, 0.5608105154687472, 0.559433932323607]
epoch 434
avg_train_loss: 0.5585, train_losses:[0.5570179303237321, 0.5575552938236351, 0.557921600025312, 0.5607771722767054, 0.5594128189198352]
epoch 435
avg_train_loss: 0.5585, train_losses:[0.5570037797957411, 0.5576057600898461, 0.5579149154072706, 0.5608059372212574, 0.5593847317889168]
epoch 436
avg_train_loss: 0.5585, train_losses:[0.5569830659872264, 0.5575649756559542, 0.5578779834186912, 0.5607677180466786, 0.5594243839886144]
epoch 437
avg_train_loss: 0.5585, train_losses:[0.5569536175881646, 0.5575911105279899, 0.5578857823790381, 0.560754758169683, 0.5593797008131345]
epoch 438
avg_train_loss: 0.5585, train_losses:[0.5569365106803831, 0.5575545531299706, 0.5578606817159165, 0.5607593760042532, 0.5593710577608507]
epoch 439
avg_train_loss: 0.5585, train_losses:[0.5569424017788784, 0.5575400355620473, 0.5578567183461298, 0.5607157674472227, 0.5593507701099057]
epoch 440
avg_train_loss: 0.5585, train_losses:[0.556895363042461, 0.5575065563263295, 0.5578557332534633, 0.5607298719616988, 0.5593673169645469]
avg_val_loss: 0.5779, val_losses:[0.5647030854642237, 0.580674504832979, 0.5690591575197791, 0.5846417244786983, 0.5902004399020663]
epoch 441
avg_train_loss: 0.5585, train_losses:[0.5568681579119735, 0.5575602569728993, 0.5578431499893536, 0.5606953718037275, 0.5593164125532503]
epoch 442
avg_train_loss: 0.5584, train_losses:[0.5568642788261321, 0.5575000158086825, 0.5578377841823748, 0.560678801946687, 0.559284517746961]
epoch 443
avg_train_loss: 0.5584, train_losses:[0.5568182032341373, 0.5575278545676833, 0.5578190379808805, 0.5606826756203118, 0.559319613922224]
epoch 444
avg_train_loss: 0.5584, train_losses:[0.5568448187598859, 0.5574803652140824, 0.5578142773992245, 0.5606727010894124, 0.5592763893580166]
epoch 445
avg_train_loss: 0.5584, train_losses:[0.5568095160552189, 0.5574593910061593, 0.557826607970352, 0.5606577188539266, 0.5593043116984251]
epoch 446
avg_train_loss: 0.5584, train_losses:[0.5567952873387726, 0.5574288937745066, 0.5578041085600751, 0.5606439441740849, 0.5593040781389645]
epoch 447
avg_train_loss: 0.5584, train_losses:[0.5567828836828642, 0.5574324114902599, 0.557784248700567, 0.5605895300262932, 0.5592643253722118]
epoch 448
avg_train_loss: 0.5584, train_losses:[0.5567643650531133, 0.5574743961827228, 0.5577630234431833, 0.5605990504034845, 0.5592656741910282]
epoch 449
avg_train_loss: 0.5584, train_losses:[0.5567640878865255, 0.5574151140164477, 0.5577859614028772, 0.5605744038808332, 0.5592605102961549]
epoch 450
avg_train_loss: 0.5584, train_losses:[0.5567271173067543, 0.5574480131338254, 0.5577767954683404, 0.5606135458276519, 0.5592366657419023]
avg_val_loss: 0.5778, val_losses:[0.5645932559841917, 0.5805251041331284, 0.5689887631390774, 0.5844654092880583, 0.5903529749664861]
epoch 451
avg_train_loss: 0.5583, train_losses:[0.5567105224628893, 0.5574512494458822, 0.5577584346899854, 0.5605703282067882, 0.5592253556933513]
epoch 452
avg_train_loss: 0.5583, train_losses:[0.556700219103427, 0.557430378127099, 0.5577300632517669, 0.5605618672849996, 0.5592279322318111]
epoch 453
avg_train_loss: 0.5583, train_losses:[0.5566845682478947, 0.5574139856756961, 0.557731498272234, 0.5605575774429754, 0.5592234114919902]
epoch 454
avg_train_loss: 0.5583, train_losses:[0.5566604717846518, 0.5573726695432007, 0.5577226870043756, 0.5605471158675689, 0.5591799654285488]
epoch 455
avg_train_loss: 0.5583, train_losses:[0.5566590276851022, 0.5574212965762998, 0.5577156212603825, 0.5605181965093713, 0.5592030409264795]
epoch 456
avg_train_loss: 0.5583, train_losses:[0.5566309340997996, 0.5573816602430961, 0.557658491781625, 0.5605318606924211, 0.5591896654307655]
epoch 457
avg_train_loss: 0.5583, train_losses:[0.556598837274545, 0.5573228972056405, 0.5576911407853515, 0.5605002995870011, 0.5591724590149281]
epoch 458
avg_train_loss: 0.5583, train_losses:[0.5566029807901905, 0.5573656801445563, 0.5576501229958233, 0.5604862874406824, 0.5591706152462121]
epoch 459
avg_train_loss: 0.5582, train_losses:[0.5565765683747993, 0.5573332936063505, 0.5576930743916358, 0.5604584927186937, 0.5591645661404961]
epoch 460
avg_train_loss: 0.5582, train_losses:[0.5565521183812908, 0.5573502096904739, 0.5576735433179223, 0.5604564805858816, 0.5591458774083817]
avg_val_loss: 0.5778, val_losses:[0.5644701788403288, 0.580487525787317, 0.5689070579929725, 0.5844728533762538, 0.5905386025524973]
epoch 461
avg_train_loss: 0.5582, train_losses:[0.5565665792701193, 0.5572699005250158, 0.5576661484520986, 0.5604391316333867, 0.5591310042818175]
epoch 462
avg_train_loss: 0.5582, train_losses:[0.556518932795237, 0.5572958543286209, 0.5576440188056824, 0.5604444035559727, 0.5591387845493331]
epoch 463
avg_train_loss: 0.5582, train_losses:[0.5565482108566185, 0.5573063661444683, 0.5576329449624526, 0.560415955718436, 0.5590977619804449]
epoch 464
avg_train_loss: 0.5582, train_losses:[0.5565207969255637, 0.5572934914078007, 0.5576061691475195, 0.5603865793868825, 0.5591120008026396]
epoch 465
avg_train_loss: 0.5582, train_losses:[0.5565166971719916, 0.5572938792351252, 0.5575900854205607, 0.5603813669691488, 0.5590891545915663]
epoch 466
avg_train_loss: 0.5582, train_losses:[0.5564894793739642, 0.5573029209320516, 0.5575871000744645, 0.5603282074943435, 0.5591054299872512]
epoch 467
avg_train_loss: 0.5582, train_losses:[0.5564880645197319, 0.5572741620504041, 0.5576133954882211, 0.5603083535806366, 0.5590905824800129]
epoch 468
avg_train_loss: 0.5581, train_losses:[0.5564759931138441, 0.5572330729601409, 0.5575942987054316, 0.5603101967412968, 0.5590800647732663]
epoch 469
avg_train_loss: 0.5581, train_losses:[0.5564577330342851, 0.5572404378790449, 0.5575998287444177, 0.5602837292852411, 0.5590533531028195]
epoch 470
avg_train_loss: 0.5581, train_losses:[0.5564573124108627, 0.5572448324217487, 0.5575715006894685, 0.5602664334356029, 0.5590459319946299]
avg_val_loss: 0.5776, val_losses:[0.5643699901855365, 0.5803781670430522, 0.5688533629650331, 0.5841093018877062, 0.590393287780964]
epoch 471
avg_train_loss: 0.5581, train_losses:[0.5564528083224509, 0.5572309015727277, 0.5575493058826118, 0.5602598439320495, 0.5590242499680863]
epoch 472
avg_train_loss: 0.5581, train_losses:[0.5564237624090126, 0.5572296898237612, 0.5575477178007895, 0.5602365394110201, 0.5590529633265662]
epoch 473
avg_train_loss: 0.5581, train_losses:[0.5564109558683109, 0.5572319566199487, 0.5575447138545901, 0.56020267045192, 0.5590289366714483]
epoch 474
avg_train_loss: 0.5581, train_losses:[0.5563954378060698, 0.5571957760058881, 0.5575300159055827, 0.5601898469047404, 0.5590278716039768]
epoch 475
avg_train_loss: 0.5581, train_losses:[0.5563795546926188, 0.557200165268753, 0.5575261005522893, 0.5601658242614846, 0.55899520843378]
epoch 476
avg_train_loss: 0.5581, train_losses:[0.556382831819815, 0.5572044052063724, 0.557512119317212, 0.5601731399460192, 0.5589990626556782]
epoch 477
avg_train_loss: 0.5580, train_losses:[0.5563608801849198, 0.5571784650305556, 0.5575048177248063, 0.5601400154146566, 0.5590189700449557]
epoch 478
avg_train_loss: 0.5580, train_losses:[0.556342542114454, 0.5571363198360852, 0.5575052933705641, 0.5601243773071092, 0.5590135750425828]
epoch 479
avg_train_loss: 0.5580, train_losses:[0.5563576137599618, 0.5572219188653983, 0.5574945080234277, 0.5600986734644114, 0.5589879785418853]
epoch 480
avg_train_loss: 0.5580, train_losses:[0.5563156503589453, 0.5571444234690961, 0.557479001296802, 0.5600871509275499, 0.5589623784406338]
avg_val_loss: 0.5775, val_losses:[0.5643158185526014, 0.5800669240759291, 0.56879666651698, 0.5838513906754413, 0.5906282613647642]
epoch 481
avg_train_loss: 0.5580, train_losses:[0.5563260796891493, 0.5571222535635273, 0.5574842816406544, 0.560042136646284, 0.5589765218033464]
epoch 482
avg_train_loss: 0.5580, train_losses:[0.5562423117282911, 0.557114892485617, 0.5574609800655409, 0.5600387826085876, 0.558932689148757]
epoch 483
avg_train_loss: 0.5580, train_losses:[0.5562747599535467, 0.5571510336551577, 0.557471280922044, 0.5600138604416937, 0.5589560725958731]
epoch 484
avg_train_loss: 0.5580, train_losses:[0.556324829916179, 0.557131826083327, 0.5574503944439627, 0.559986093165702, 0.5589160540764719]
epoch 485
avg_train_loss: 0.5579, train_losses:[0.556261004096814, 0.5571073279277096, 0.5574320115524006, 0.5599640629554009, 0.5589116940256251]
epoch 486
avg_train_loss: 0.5579, train_losses:[0.556244822882749, 0.5570620427250345, 0.5574313119315032, 0.5599446086343525, 0.5589015449561332]
epoch 487
avg_train_loss: 0.5579, train_losses:[0.5562570680599941, 0.5570963216898369, 0.557440038172064, 0.5599318484941163, 0.5588831376741049]
epoch 488
avg_train_loss: 0.5579, train_losses:[0.5562536104183176, 0.5570767622506096, 0.557416421008207, 0.5598937541182262, 0.5588546491140092]
epoch 489
avg_train_loss: 0.5579, train_losses:[0.5562375530874977, 0.5570896081940813, 0.5574310505545355, 0.5598711631951564, 0.558878272071275]
epoch 490
avg_train_loss: 0.5579, train_losses:[0.5562337449520992, 0.5570630073836558, 0.5573980200603091, 0.5599018604497081, 0.5588788714738953]
avg_val_loss: 0.5775, val_losses:[0.5642686202313644, 0.5801693294418792, 0.5688954406021168, 0.5835450350611004, 0.5904359810824209]
epoch 491
avg_train_loss: 0.5579, train_losses:[0.556203294607655, 0.5570508232458274, 0.5573919230654123, 0.559862008785637, 0.558854333947424]
epoch 492
avg_train_loss: 0.5579, train_losses:[0.5562032758649912, 0.5570711502941866, 0.5574261678858996, 0.559834993237511, 0.5588655604215794]
epoch 493
avg_train_loss: 0.5579, train_losses:[0.5561725453948055, 0.5570463695078319, 0.557393483292903, 0.5597985011221269, 0.5588582127826109]
epoch 494
avg_train_loss: 0.5578, train_losses:[0.5561851556965776, 0.5570157003408005, 0.5574157286884559, 0.5597642550908917, 0.5588480857644753]
epoch 495
avg_train_loss: 0.5578, train_losses:[0.5561539046699284, 0.5569845117414988, 0.5573849986459526, 0.5597620415411401, 0.5588501418314623]
epoch 496
avg_train_loss: 0.5578, train_losses:[0.5561270419377495, 0.5570021329605653, 0.5573759944425004, 0.559734102771708, 0.5588290435589776]
epoch 497
avg_train_loss: 0.5578, train_losses:[0.5561447071948465, 0.5569718837275733, 0.5573816989636109, 0.5597205339882678, 0.5588179935323291]
epoch 498
avg_train_loss: 0.5578, train_losses:[0.5561239928242351, 0.5570087036053696, 0.5573571223863495, 0.559690008484784, 0.5588311189035908]
epoch 499
avg_train_loss: 0.5578, train_losses:[0.5561364613350966, 0.5569728645149056, 0.5573636931390925, 0.5596714823980883, 0.5588252277905064]
epoch 500
avg_train_loss: 0.5578, train_losses:[0.5561065610755181, 0.5569745200259206, 0.5573506779933353, 0.5596432625019347, 0.5588028485313602]
avg_val_loss: 0.5773, val_losses:[0.564132140257718, 0.5801075019519707, 0.5686224080083538, 0.5832584219925778, 0.5901541429963381]
epoch 501
avg_train_loss: 0.5578, train_losses:[0.5560840260515322, 0.5569894012917451, 0.5573469290980334, 0.5596355404826368, 0.5587873578527773]
epoch 502
avg_train_loss: 0.5578, train_losses:[0.5561016647454904, 0.5569285383213735, 0.5573446074271629, 0.5596268991054287, 0.5587821866957008]
epoch 503
avg_train_loss: 0.5577, train_losses:[0.5560850225246189, 0.556951843021622, 0.5573334770708198, 0.559594463799231, 0.5587657688581928]
epoch 504
avg_train_loss: 0.5577, train_losses:[0.5560688322823859, 0.5569397117290229, 0.5573163523022142, 0.5595866877952361, 0.5587650421246717]
epoch 505
avg_train_loss: 0.5577, train_losses:[0.5560509483126771, 0.5569470535653067, 0.5573213941582439, 0.5595608976839441, 0.5587533164280138]
epoch 506
avg_train_loss: 0.5577, train_losses:[0.5560399127123838, 0.5569226534334348, 0.5572808401106517, 0.5595411616903703, 0.5587535362532349]
epoch 507
avg_train_loss: 0.5577, train_losses:[0.5560484464939109, 0.5569128590972723, 0.5573204584812024, 0.5595048013275842, 0.5587507863464749]
epoch 508
avg_train_loss: 0.5577, train_losses:[0.5560310907911651, 0.5569108916623431, 0.5572901006016533, 0.5594989749710116, 0.5587204900476407]
epoch 509
avg_train_loss: 0.5577, train_losses:[0.5560051116565533, 0.5568809387367547, 0.5572639255621111, 0.5594610643467489, 0.5587149004931656]
epoch 510
avg_train_loss: 0.5577, train_losses:[0.5560239710573838, 0.5569125425604999, 0.5572928859533625, 0.5594388737729279, 0.5587176147691048]
avg_val_loss: 0.5772, val_losses:[0.5640839194239725, 0.580065379609367, 0.5686230956082529, 0.583101418193644, 0.5899193534895395]
epoch 511
avg_train_loss: 0.5577, train_losses:[0.5559852574322675, 0.5568960508623843, 0.5572678002448624, 0.559414015067965, 0.5587093914012953]
epoch 512
avg_train_loss: 0.5576, train_losses:[0.5559807821350151, 0.5568784326951358, 0.557265652526605, 0.5593984542487036, 0.5586926281549932]
epoch 513
avg_train_loss: 0.5576, train_losses:[0.5559848501566034, 0.5568490982387627, 0.5572410654874219, 0.5593606484116751, 0.5586535743559516]
epoch 514
avg_train_loss: 0.5576, train_losses:[0.5559787844150935, 0.5568464363853847, 0.5572767928377607, 0.5593571106457721, 0.5586918408800315]
epoch 515
avg_train_loss: 0.5576, train_losses:[0.5559728761502487, 0.5568529978716797, 0.5572552596695476, 0.5593170278133536, 0.5586741763507308]
epoch 516
avg_train_loss: 0.5576, train_losses:[0.5559498991004004, 0.5568171132972122, 0.5572455406828452, 0.559321319003595, 0.558638165203033]
epoch 517
avg_train_loss: 0.5576, train_losses:[0.5559230660412209, 0.556785749886878, 0.5572310689186689, 0.5592936567449714, 0.5586367354002647]
epoch 518
avg_train_loss: 0.5576, train_losses:[0.5559346717561636, 0.5568257014035454, 0.5572380996701104, 0.559257094412314, 0.5586154057799719]
epoch 519
avg_train_loss: 0.5576, train_losses:[0.5559185643132076, 0.5568157519429701, 0.5572132054736333, 0.5592417334621896, 0.558594709030344]
no_improve_num: 1
epoch 520
avg_train_loss: 0.5575, train_losses:[0.555928330041503, 0.5567958050786432, 0.5571828564817279, 0.5592233137013658, 0.5586029028117013]
avg_val_loss: 0.5772, val_losses:[0.5640209526805192, 0.5799925726457454, 0.5687324528047683, 0.5829820785184237, 0.5904788849065706]
epoch 521
avg_train_loss: 0.5575, train_losses:[0.5559083619254432, 0.5567685585128771, 0.5572247470036583, 0.5591837608619135, 0.558627068100364]
epoch 522
avg_train_loss: 0.5575, train_losses:[0.5559029473789846, 0.5568210110554556, 0.5571875452433204, 0.5591579487046215, 0.5585391973885451]
epoch 523
avg_train_loss: 0.5575, train_losses:[0.5558780174669693, 0.5567749670467741, 0.5571876978892129, 0.5591524642636877, 0.5586567691225521]
epoch 524
avg_train_loss: 0.5575, train_losses:[0.5558887480341236, 0.5567917873097153, 0.557205310523068, 0.5591018169514486, 0.5586069090266655]
epoch 525
avg_train_loss: 0.5575, train_losses:[0.5558778164685475, 0.5567452166918487, 0.5571876661266804, 0.5590695131840075, 0.5585782814542338]
epoch 526
avg_train_loss: 0.5575, train_losses:[0.5558645069144994, 0.5567405096183294, 0.5571782440614109, 0.5590680323027691, 0.5585834542323742]
epoch 527
avg_train_loss: 0.5575, train_losses:[0.5558971348110904, 0.5567560199598882, 0.5571767515787832, 0.559000319798057, 0.5585502084322733]
epoch 528
avg_train_loss: 0.5575, train_losses:[0.5558756939000409, 0.5567155531543766, 0.5571700522525467, 0.5589965436532882, 0.5585094252431981]
epoch 529
avg_train_loss: 0.5575, train_losses:[0.555865224911476, 0.5567107367276062, 0.5571697248190425, 0.5589734349261954, 0.5585653946766913]
epoch 530
avg_train_loss: 0.5574, train_losses:[0.5558515818019583, 0.5567259459462633, 0.5571573828023243, 0.5589552695751924, 0.5585544785425868]
avg_val_loss: 0.5771, val_losses:[0.5639337416887447, 0.580002356409717, 0.5686715762765417, 0.582792360770893, 0.5901054556315033]
epoch 531
avg_train_loss: 0.5574, train_losses:[0.5558282961020012, 0.5566948653082089, 0.5571598862218438, 0.5589226990246767, 0.5585446312068443]
epoch 532
avg_train_loss: 0.5574, train_losses:[0.5558379014576121, 0.5566813860050528, 0.5571420302938322, 0.5588904007509156, 0.5585166881225205]
epoch 533
avg_train_loss: 0.5574, train_losses:[0.5558274710419099, 0.5566825407134313, 0.5571451067891914, 0.5588694110537682, 0.5585183865249816]
epoch 534
avg_train_loss: 0.5574, train_losses:[0.5557979553358504, 0.5566612532364315, 0.5571414885548795, 0.5588349612156646, 0.5585215927041977]
epoch 535
avg_train_loss: 0.5574, train_losses:[0.5557872824548807, 0.5566546066474852, 0.5571426389121006, 0.5587984795143425, 0.5585091248168895]
epoch 536
avg_train_loss: 0.5574, train_losses:[0.5557958091755782, 0.5566493585335608, 0.5571529645517697, 0.5587823533297408, 0.5584973019337872]
epoch 537
avg_train_loss: 0.5574, train_losses:[0.5557784897504671, 0.5566306969500111, 0.5571280278131316, 0.5587514169998122, 0.5584744245437092]
epoch 538
avg_train_loss: 0.5573, train_losses:[0.5557760492083795, 0.5566225169818345, 0.557143323513206, 0.5587171389698009, 0.5584559568750153]
epoch 539
avg_train_loss: 0.5573, train_losses:[0.5557688749247499, 0.5566139123425289, 0.5571095613300623, 0.5586931867607144, 0.5584986732967958]
epoch 540
avg_train_loss: 0.5573, train_losses:[0.555740324287683, 0.5565884310900951, 0.5571143051832339, 0.5586658548132855, 0.558462723757671]
avg_val_loss: 0.5769, val_losses:[0.5637536830584078, 0.5798555059773163, 0.5685086856697107, 0.5825137870061164, 0.5900190325139193]
epoch 541
avg_train_loss: 0.5573, train_losses:[0.5557624826254662, 0.5566249428900623, 0.5571191129137992, 0.5586183980490694, 0.5584661676019564]
epoch 542
avg_train_loss: 0.5573, train_losses:[0.5557511770538291, 0.5565819888436383, 0.5570996306141877, 0.5586133153249492, 0.5584500457104298]
epoch 543
avg_train_loss: 0.5573, train_losses:[0.5557512807688031, 0.5565779770724444, 0.5570746373950215, 0.55857275555558, 0.5584505377969928]
epoch 544
avg_train_loss: 0.5573, train_losses:[0.5557564166049447, 0.5565884686029169, 0.5571166555597274, 0.5585663412927779, 0.5584440059482326]
epoch 545
avg_train_loss: 0.5573, train_losses:[0.5557448273822428, 0.5565808007882665, 0.5570844026997079, 0.5585213904164188, 0.5584190771262698]
epoch 546
avg_train_loss: 0.5573, train_losses:[0.5557397137163326, 0.556530171881637, 0.5570894856417424, 0.5585149655705184, 0.5584228133404208]
epoch 547
avg_train_loss: 0.5573, train_losses:[0.555724413584656, 0.5565663946519264, 0.5570409121493652, 0.558494882094309, 0.5584358374481402]
epoch 548
avg_train_loss: 0.5572, train_losses:[0.555699441309699, 0.5565409469165405, 0.55711320836368, 0.5584654548889377, 0.5584036480481139]
epoch 549
avg_train_loss: 0.5572, train_losses:[0.5556809473979435, 0.5565411739231325, 0.5570796440792803, 0.5584454862494763, 0.5584155760967163]
epoch 550
avg_train_loss: 0.5572, train_losses:[0.5556929704838872, 0.5565314222462344, 0.5570535548613029, 0.558423044749408, 0.5584151464699885]
avg_val_loss: 0.5769, val_losses:[0.5637579958703132, 0.5798610447941215, 0.5684794899429049, 0.5823495828080604, 0.5898710198093464]
epoch 551
avg_train_loss: 0.5572, train_losses:[0.5557043370246789, 0.556512421784608, 0.5570583510933264, 0.5583799808721546, 0.5583815784569693]
epoch 552
avg_train_loss: 0.5572, train_losses:[0.5557047039617639, 0.5564865458130563, 0.5570657355888746, 0.5583660685142796, 0.5583917374239116]
epoch 553
avg_train_loss: 0.5572, train_losses:[0.5556791668570876, 0.5565049281028084, 0.5570449004469153, 0.5583199621922994, 0.5583758826576427]
epoch 554
avg_train_loss: 0.5572, train_losses:[0.555682778258667, 0.5565029085660024, 0.5570339800845767, 0.5582973653437944, 0.5583809299703274]
epoch 555
avg_train_loss: 0.5572, train_losses:[0.5557072287633575, 0.5564808269839392, 0.5570351830670761, 0.5582697990845538, 0.5583762192605574]
epoch 556
avg_train_loss: 0.5572, train_losses:[0.5556666465498367, 0.5564723222175955, 0.5570198706588833, 0.5582365386429111, 0.5583610438178012]
epoch 557
avg_train_loss: 0.5571, train_losses:[0.555673657224653, 0.5564503882133904, 0.5570420463626009, 0.5582087670941704, 0.5583609773053063]
epoch 558
avg_train_loss: 0.5571, train_losses:[0.5556676816507737, 0.5564421184553693, 0.5570288377130436, 0.5581583034154368, 0.5583508670721058]
epoch 559
avg_train_loss: 0.5571, train_losses:[0.5556564906938973, 0.5564526388727206, 0.5570285497647907, 0.5581296046536894, 0.5583327439039216]
epoch 560
avg_train_loss: 0.5571, train_losses:[0.5556421113783234, 0.5564292830644472, 0.5570098764118337, 0.5581053352082648, 0.5583460621410532]
avg_val_loss: 0.5768, val_losses:[0.5637226869528192, 0.5798362914502857, 0.568339678992563, 0.5820008070722733, 0.5899488690969656]
epoch 561
avg_train_loss: 0.5571, train_losses:[0.5556651186958532, 0.5563961436772373, 0.5569829383281582, 0.5580631193780033, 0.5583022419987961]
epoch 562
avg_train_loss: 0.5571, train_losses:[0.5556516621311349, 0.556458288740117, 0.5570236004347535, 0.5580560674013045, 0.5583332757757908]
epoch 563
avg_train_loss: 0.5571, train_losses:[0.5556584935908103, 0.5564018028925451, 0.5569906795066011, 0.5580194287731947, 0.5583091132445659]
epoch 564
avg_train_loss: 0.5571, train_losses:[0.5556273262595341, 0.5564091705812007, 0.5569938918175392, 0.5579798267574155, 0.5583213791302095]
epoch 565
avg_train_loss: 0.5570, train_losses:[0.5556271855948535, 0.5563718319503342, 0.5569778480809041, 0.5579381858980333, 0.5583048130549644]
epoch 566
avg_train_loss: 0.5570, train_losses:[0.5556209141728199, 0.5563938652419839, 0.5569658039367027, 0.5579298284855239, 0.5583098603106268]
epoch 567
avg_train_loss: 0.5570, train_losses:[0.5556094271865334, 0.5563654690827149, 0.5570042653902019, 0.5578787240308924, 0.5582932360114924]
epoch 568
avg_train_loss: 0.5570, train_losses:[0.5556076923262113, 0.5563537063544297, 0.5569766359236029, 0.5578227069362666, 0.5582940461035388]
epoch 569
avg_train_loss: 0.5570, train_losses:[0.5555913445686184, 0.5563604676070145, 0.5569755790434582, 0.5578330385064624, 0.5582666809407026]
epoch 570
avg_train_loss: 0.5570, train_losses:[0.5555968966006533, 0.5563414156982724, 0.5569534921224953, 0.5578054231289377, 0.5582760754864252]
avg_val_loss: 0.5767, val_losses:[0.5637139776690795, 0.5798941586974606, 0.5684342195512949, 0.5817704949203665, 0.5898148767637906]
epoch 571
avg_train_loss: 0.5570, train_losses:[0.5555897933509665, 0.5563231619494285, 0.5569594784963687, 0.5577483861283128, 0.5582669035926028]
epoch 572
avg_train_loss: 0.5570, train_losses:[0.5555842174074226, 0.5563108195508513, 0.5569609236080996, 0.5577635747021384, 0.5582534303565128]
epoch 573
avg_train_loss: 0.5570, train_losses:[0.5555862529548178, 0.5563201343269455, 0.5569572788228685, 0.5576968321898558, 0.5582438641653795]
epoch 574
avg_train_loss: 0.5570, train_losses:[0.5555806218545242, 0.5563054487114785, 0.556956600419082, 0.5576848458835644, 0.5582343874667468]
epoch 575
avg_train_loss: 0.5569, train_losses:[0.5555544904630071, 0.5563061978691777, 0.5569369901976832, 0.5576962608084524, 0.558202411717236]
epoch 576
avg_train_loss: 0.5569, train_losses:[0.5555657666976807, 0.5562862902345113, 0.5569529494446783, 0.5576457336443671, 0.5582444341892718]
epoch 577
avg_train_loss: 0.5569, train_losses:[0.55555901825316, 0.5562696444608225, 0.5569566939104144, 0.5576404079560168, 0.5582320424227241]
epoch 578
avg_train_loss: 0.5569, train_losses:[0.5555427131415936, 0.5562555300210641, 0.556943226973384, 0.5576035326546785, 0.5582243180778389]
epoch 579
avg_train_loss: 0.5569, train_losses:[0.5555431339666377, 0.5562693663288948, 0.5569362913954916, 0.5575840832020793, 0.558241772194679]
no_improve_num: 1
epoch 580
avg_train_loss: 0.5569, train_losses:[0.5555071761607554, 0.5562629707415494, 0.5569407453432551, 0.5575314839614461, 0.5582053311555066]
avg_val_loss: 0.5767, val_losses:[0.5636658032963279, 0.5798261150711626, 0.568347958824715, 0.581668606388678, 0.5902009288459088]
epoch 581
avg_train_loss: 0.5569, train_losses:[0.5555161593507546, 0.5562498086431645, 0.5569394875868835, 0.5575214484644468, 0.5582043019550915]
epoch 582
avg_train_loss: 0.5569, train_losses:[0.5555474582330071, 0.5562108892183845, 0.5569249436014371, 0.557506063142546, 0.558213117467391]
epoch 583
avg_train_loss: 0.5569, train_losses:[0.5555165639136916, 0.5562248323215192, 0.5569129223015757, 0.5574807926254326, 0.5581995835065744]
epoch 584
avg_train_loss: 0.5569, train_losses:[0.5555124359269836, 0.5562323341791772, 0.5569220620863999, 0.5574776703365093, 0.5582188631734905]
epoch 585
avg_train_loss: 0.5569, train_losses:[0.5555091761718316, 0.5562188941586326, 0.5568993622031394, 0.5574480780712601, 0.558179798894556]
epoch 586
avg_train_loss: 0.5568, train_losses:[0.5554922932167873, 0.5561958741165386, 0.5568913188101869, 0.5574232487185349, 0.5581781345996046]
epoch 587
avg_train_loss: 0.5568, train_losses:[0.5554857411435742, 0.5562115799414552, 0.5569086512612764, 0.5573973524473523, 0.5582031583026799]
epoch 588
avg_train_loss: 0.5568, train_losses:[0.5554618706024435, 0.5561899028856705, 0.5568917599542094, 0.5573550604754005, 0.5581732171349502]
epoch 589
avg_train_loss: 0.5568, train_losses:[0.5554571026911289, 0.5562043763361366, 0.5568841913211015, 0.5573602691682259, 0.5581825882933644]
epoch 590
avg_train_loss: 0.5568, train_losses:[0.5554794373235945, 0.5561960603090095, 0.556874966555821, 0.5573297671271848, 0.55818887097076]
avg_val_loss: 0.5767, val_losses:[0.5635746840539813, 0.5797742602684075, 0.568297852033863, 0.5813326155763027, 0.590319436909137]
epoch 591
avg_train_loss: 0.5568, train_losses:[0.5554706654249023, 0.556162613794036, 0.5568543264695373, 0.5573324898336324, 0.5581655301885786]
epoch 592
avg_train_loss: 0.5568, train_losses:[0.5554724729402866, 0.5561458213396033, 0.556860765188634, 0.5573005706553505, 0.5581529693955751]
epoch 593
avg_train_loss: 0.5568, train_losses:[0.5554601704190026, 0.5561523504666473, 0.5568421761359149, 0.5572494316684351, 0.5581593593197864]
epoch 594
avg_train_loss: 0.5568, train_losses:[0.5554397718285734, 0.556151649698136, 0.5568458554249179, 0.5572592802051721, 0.5581428388868571]
epoch 595
avg_train_loss: 0.5568, train_losses:[0.555467826458136, 0.5561660312722793, 0.5568387424159303, 0.5572256889044943, 0.5581505634191014]
epoch 596
avg_train_loss: 0.5568, train_losses:[0.5554586142035786, 0.5561235076197798, 0.5568464510375737, 0.557222805366113, 0.5581387634915668]
epoch 597
avg_train_loss: 0.5568, train_losses:[0.5554490400911718, 0.5561385174723356, 0.5568527005704241, 0.5571967186999728, 0.5581318934717774]
epoch 598
avg_train_loss: 0.5567, train_losses:[0.5554200281112623, 0.5561053333872428, 0.5568427976844422, 0.5571916853334351, 0.5581382495328607]
epoch 599
avg_train_loss: 0.5567, train_losses:[0.5554274342577137, 0.5561105015215381, 0.5568300344760952, 0.557171174475406, 0.558094017404146]
epoch 600
avg_train_loss: 0.5567, train_losses:[0.5554187099233936, 0.5560944713923254, 0.5568316044608501, 0.5571416570229775, 0.5581536101760541]
avg_val_loss: 0.5766, val_losses:[0.563579091404865, 0.5796524733080961, 0.5682181237710701, 0.5810903366657657, 0.5902575401415129]
epoch 601
avg_train_loss: 0.5567, train_losses:[0.5554130325417745, 0.5561102355775351, 0.5568231271537412, 0.5571381116015628, 0.5580984728289413]
epoch 602
avg_train_loss: 0.5567, train_losses:[0.5553931727596565, 0.5561162518789808, 0.5568155986148227, 0.5571136569748302, 0.5581023986953455]
epoch 603
avg_train_loss: 0.5567, train_losses:[0.5554043700034615, 0.5560762701424918, 0.5568151227144922, 0.5570907493031835, 0.5580983348592996]
epoch 604
avg_train_loss: 0.5567, train_losses:[0.5554081774790074, 0.5560838385790695, 0.5568067589305359, 0.557083094953395, 0.5580974746771942]
epoch 605
avg_train_loss: 0.5567, train_losses:[0.5553926322976407, 0.5560605584786946, 0.5567847140018568, 0.5570490868662152, 0.5580925351571104]
epoch 606
avg_train_loss: 0.5567, train_losses:[0.5553978832536153, 0.5560624835608651, 0.556784045485676, 0.5570654568439358, 0.5580880747143486]
epoch 607
avg_train_loss: 0.5567, train_losses:[0.5553871285916596, 0.5560482410384295, 0.5567822823637057, 0.5570324373472522, 0.5580675853509239]
epoch 608
avg_train_loss: 0.5567, train_losses:[0.5553834874987517, 0.5560648882326342, 0.5568091745917014, 0.5570314977070222, 0.558091904815794]
epoch 609
avg_train_loss: 0.5567, train_losses:[0.5553601616903492, 0.5560423151449311, 0.5568042096471902, 0.5570090038138459, 0.5580809155871865]
epoch 610
avg_train_loss: 0.5567, train_losses:[0.5553668219875286, 0.5560455019140763, 0.5567771801046911, 0.5570131183234727, 0.5580562291101988]
avg_val_loss: 0.5765, val_losses:[0.563567161295312, 0.5796782544145692, 0.5683023497040715, 0.5810989371997437, 0.5900320319480229]
epoch 611
avg_train_loss: 0.5566, train_losses:[0.5553740724861657, 0.5560530309539939, 0.55678024418301, 0.5569673606266504, 0.558067034458029]
epoch 612
avg_train_loss: 0.5566, train_losses:[0.5553472957853193, 0.5560282400519365, 0.5567742350666256, 0.5569637236130162, 0.5580516662634476]
epoch 613
avg_train_loss: 0.5566, train_losses:[0.5553595886735704, 0.556012661535796, 0.5567883213669307, 0.5569295088534971, 0.5580671377417916]
epoch 614
avg_train_loss: 0.5566, train_losses:[0.555351994898858, 0.5560187220728205, 0.5567735534939177, 0.5569397095060936, 0.5580072481156177]
epoch 615
avg_train_loss: 0.5566, train_losses:[0.5553177878752956, 0.5560052089827695, 0.5567722839416631, 0.5569284169665447, 0.5580203923531303]
epoch 616
avg_train_loss: 0.5566, train_losses:[0.5553411128996141, 0.5559715935435038, 0.5567557543234093, 0.5569104241568035, 0.5580236254509672]
epoch 617
avg_train_loss: 0.5566, train_losses:[0.5553344191780512, 0.5559929868341751, 0.5567608649100075, 0.5568898301705895, 0.5580039266005589]
epoch 618
avg_train_loss: 0.5566, train_losses:[0.5553084023340874, 0.5559897907211917, 0.5567471835514436, 0.5568795234925168, 0.5580182049107287]
epoch 619
avg_train_loss: 0.5566, train_losses:[0.5553299832418187, 0.555986799921129, 0.5567431107398145, 0.5568698017655933, 0.5579964188509859]
epoch 620
avg_train_loss: 0.5566, train_losses:[0.5553143688553598, 0.5559650530278933, 0.5567294733490189, 0.5568433691839674, 0.55800166321661]
avg_val_loss: 0.5764, val_losses:[0.5634468291990904, 0.5797207673765424, 0.5681362196414119, 0.5809568855155438, 0.5899230433070901]
epoch 621
avg_train_loss: 0.5566, train_losses:[0.5553189328620499, 0.5559670413785195, 0.5567516241168269, 0.5568329057043567, 0.5579992983654677]
epoch 622
avg_train_loss: 0.5566, train_losses:[0.5553225323211126, 0.5559682892289564, 0.5567206201459011, 0.5568363832902806, 0.5580235109663864]
epoch 623
avg_train_loss: 0.5566, train_losses:[0.5553058234897543, 0.5559563558737963, 0.5567299172974147, 0.5567981098764322, 0.5579900689116589]
epoch 624
avg_train_loss: 0.5566, train_losses:[0.555302247044068, 0.555949501688921, 0.5567154992908564, 0.5568143614533863, 0.5579703003351392]
epoch 625
avg_train_loss: 0.5565, train_losses:[0.5552847008170414, 0.5559479239366425, 0.5567048687239505, 0.5567748272252383, 0.5579845442119576]
epoch 626
avg_train_loss: 0.5565, train_losses:[0.5552878395014679, 0.5559230740928477, 0.5566799992169568, 0.5567730481476666, 0.5579719208369281]
epoch 627
avg_train_loss: 0.5565, train_losses:[0.5552882855149578, 0.555934105724861, 0.5566886165207474, 0.5567354903897439, 0.5579880944029203]
epoch 628
avg_train_loss: 0.5565, train_losses:[0.5552828691905631, 0.5559152159677578, 0.5566760645507565, 0.5567300904425232, 0.557969829721563]
epoch 629
avg_train_loss: 0.5565, train_losses:[0.5552871973916089, 0.555904181544609, 0.556692090721872, 0.5567266845412301, 0.5579737831501259]
no_improve_num: 1
epoch 630
avg_train_loss: 0.5565, train_losses:[0.5552569190059642, 0.5559157695687823, 0.5566741407465413, 0.5567139252787607, 0.5579603448361504]
avg_val_loss: 0.5764, val_losses:[0.5634814470342491, 0.5795678631666662, 0.5680992434760236, 0.580890046763293, 0.5902052267840027]
epoch 631
avg_train_loss: 0.5565, train_losses:[0.555262622716515, 0.5558794173655619, 0.5566714102766432, 0.556671272493726, 0.5579571396140953]
epoch 632
avg_train_loss: 0.5565, train_losses:[0.5552437613951877, 0.5558351304108547, 0.5566828113436092, 0.5566630548375816, 0.5579583188158673]
epoch 633
avg_train_loss: 0.5565, train_losses:[0.5552543685006693, 0.5558711224180766, 0.5566668923109618, 0.5566753636753246, 0.5579520244774018]
epoch 634
avg_train_loss: 0.5565, train_losses:[0.5552475272816931, 0.5558593704297063, 0.5566297146108034, 0.5566620283941546, 0.5579482125172088]
epoch 635
avg_train_loss: 0.5565, train_losses:[0.5552350052657499, 0.5558474967494532, 0.5566508851411561, 0.5566228676619037, 0.5579462530827349]
epoch 636
avg_train_loss: 0.5565, train_losses:[0.5552296050873771, 0.5558404729916343, 0.5566676518175524, 0.5566370756805674, 0.5579116761611104]
epoch 637
avg_train_loss: 0.5565, train_losses:[0.5552032632415881, 0.5558346428022144, 0.5566516707567276, 0.5566204234386943, 0.557956080314027]
epoch 638
avg_train_loss: 0.5564, train_losses:[0.5552407489910635, 0.5558054090497287, 0.5566532849801162, 0.5566019446750357, 0.5579229493895173]
epoch 639
avg_train_loss: 0.5564, train_losses:[0.5552212809495622, 0.5558167975632035, 0.5566247363185338, 0.5565603067951729, 0.5579470749091658]
epoch 640
avg_train_loss: 0.5564, train_losses:[0.5552143164257302, 0.5558041364721317, 0.5566069626826903, 0.5565622434695678, 0.5579242203769029]
avg_val_loss: 0.5764, val_losses:[0.5633485020184527, 0.5795013869624981, 0.5681178243055652, 0.5805750415676096, 0.5904698585831708]
epoch 641
avg_train_loss: 0.5564, train_losses:[0.5552046193383937, 0.5558058399151219, 0.556625294415313, 0.5565478263285568, 0.5579238264543104]
epoch 642
avg_train_loss: 0.5564, train_losses:[0.5552000669605867, 0.5557697652420193, 0.5566111151694795, 0.5565432871987155, 0.5578980019823423]
epoch 643
avg_train_loss: 0.5564, train_losses:[0.5551936354285877, 0.5557890505135257, 0.5566145008607513, 0.5565214569940025, 0.5579317085026424]
epoch 644
avg_train_loss: 0.5564, train_losses:[0.5551741288793943, 0.5557917195326174, 0.5566146150335736, 0.5564884324313212, 0.55789920971158]
epoch 645
avg_train_loss: 0.5564, train_losses:[0.5551972549296535, 0.5557663648048757, 0.5565956434557712, 0.556492192678531, 0.5578900843235546]
epoch 646
avg_train_loss: 0.5564, train_losses:[0.5551869171173338, 0.5557689791814546, 0.5565952891271653, 0.5564904610013865, 0.5579034154314445]
epoch 647
avg_train_loss: 0.5564, train_losses:[0.5551815964084265, 0.555757282979138, 0.5566168368406469, 0.5564642908842631, 0.5578881739486644]
epoch 648
avg_train_loss: 0.5564, train_losses:[0.5551825422174633, 0.5557366216737066, 0.5565844051504003, 0.5564511825455328, 0.5579118225496943]
epoch 649
avg_train_loss: 0.5564, train_losses:[0.5551675199896171, 0.5557150112304452, 0.5565831625278693, 0.5564427450851686, 0.557888547831975]
epoch 650
avg_train_loss: 0.5564, train_losses:[0.555146326358315, 0.5557273384249197, 0.5565908835074922, 0.5564138530976145, 0.5578930170724704]
avg_val_loss: 0.5763, val_losses:[0.5634473551854388, 0.5795601678705938, 0.568118013864139, 0.5805641166316986, 0.589937643691319]
epoch 651
avg_train_loss: 0.5564, train_losses:[0.5551885644759113, 0.5557316610498041, 0.5565640143600801, 0.5563952831144308, 0.5578881652160992]
epoch 652
avg_train_loss: 0.5563, train_losses:[0.5551528763379219, 0.5557084660642998, 0.5565628293952215, 0.5564070968682592, 0.557861839106325]
epoch 653
avg_train_loss: 0.5563, train_losses:[0.5551837010244629, 0.5556910590081211, 0.5565553280813309, 0.5563838073211987, 0.5578524396770457]
epoch 654
avg_train_loss: 0.5563, train_losses:[0.5551173836384855, 0.5556501529016937, 0.5565364793969947, 0.5563551534039682, 0.5578734956633871]
epoch 655
avg_train_loss: 0.5563, train_losses:[0.5551679129684758, 0.5557076532063895, 0.5565369068694423, 0.556343519292963, 0.5578584630697563]
epoch 656
avg_train_loss: 0.5563, train_losses:[0.5551487625685927, 0.5556772003050167, 0.5565338636009182, 0.5563376392714371, 0.5578669502107241]
epoch 657
avg_train_loss: 0.5563, train_losses:[0.5551269164143878, 0.5556795515409478, 0.5565233195928195, 0.5563353662840403, 0.5578788851712495]
epoch 658
avg_train_loss: 0.5563, train_losses:[0.555123791197878, 0.5556633307693328, 0.556519152778676, 0.5563045210300579, 0.5578553787676611]
epoch 659
avg_train_loss: 0.5563, train_losses:[0.5551050858746571, 0.5556569068297114, 0.5565017143010922, 0.5562915633637721, 0.5578574245502604]
epoch 660
avg_train_loss: 0.5563, train_losses:[0.5551137364134292, 0.5556353753426967, 0.556519005558238, 0.5563000738223625, 0.5578406210339621]
avg_val_loss: 0.5763, val_losses:[0.5633410590136818, 0.5795267120857, 0.5679627425018614, 0.5803691866180521, 0.5904179031468272]
epoch 661
avg_train_loss: 0.5563, train_losses:[0.5551065387192897, 0.5556454221793844, 0.5565142959522289, 0.556270510153779, 0.5578186004168677]
epoch 662
avg_train_loss: 0.5563, train_losses:[0.5551123813817559, 0.5556236046024979, 0.5565062192774537, 0.5562601392622767, 0.5578294827285745]
epoch 663
avg_train_loss: 0.5563, train_losses:[0.5550782308061363, 0.5556144574014604, 0.5565036122529358, 0.5562622463568334, 0.5578404891412734]
epoch 664
avg_train_loss: 0.5563, train_losses:[0.5550911474220573, 0.5556262801101398, 0.5565069968383435, 0.5562546337457742, 0.5578307599558341]
epoch 665
avg_train_loss: 0.5562, train_losses:[0.5550721427946025, 0.5556096812867938, 0.5564463469891479, 0.556231528628523, 0.5578436961717516]
epoch 666
avg_train_loss: 0.5562, train_losses:[0.5550891280410499, 0.5555903152994338, 0.5564972411198486, 0.556181357415181, 0.5578265569974804]
epoch 667
avg_train_loss: 0.5562, train_losses:[0.5550386524259093, 0.5555802939688987, 0.5564928210098946, 0.556222441311142, 0.5578110411272392]
epoch 668
avg_train_loss: 0.5562, train_losses:[0.555077777632024, 0.5555860300254629, 0.5564789533570308, 0.5561962472377047, 0.5578087236494481]
epoch 669
avg_train_loss: 0.5562, train_losses:[0.5550629491605141, 0.5555724642072861, 0.556490995324126, 0.5561805587929787, 0.5578141446092081]
epoch 670
avg_train_loss: 0.5562, train_losses:[0.5550844299498754, 0.5555587618617449, 0.5564812522059637, 0.5561613398081425, 0.5578015559119117]
avg_val_loss: 0.5763, val_losses:[0.5631721762786785, 0.5793404570364864, 0.5680507575046565, 0.5803019421925323, 0.5904702843376168]
epoch 671
avg_train_loss: 0.5562, train_losses:[0.5550563511725604, 0.5555598426442341, 0.5564768403217644, 0.5561799724426977, 0.557806156564479]
epoch 672
avg_train_loss: 0.5562, train_losses:[0.555047619526911, 0.5555456247644405, 0.5564733097439775, 0.5561408671462084, 0.5577891881925023]
epoch 673
avg_train_loss: 0.5562, train_losses:[0.5550555275054911, 0.5555370406823933, 0.556464406620162, 0.5560946666781348, 0.5578213096829863]
epoch 674
avg_train_loss: 0.5562, train_losses:[0.5550442288154646, 0.5555497424348425, 0.5564630729420509, 0.5561056014930774, 0.5577961145544437]
epoch 675
avg_train_loss: 0.5562, train_losses:[0.5550576481596107, 0.5555134152123367, 0.5564704077592549, 0.5561587182811243, 0.5577999750732382]
epoch 676
avg_train_loss: 0.5562, train_losses:[0.5550389597522396, 0.5555272480925998, 0.5564530351284396, 0.5561130492509717, 0.5577764811086674]
epoch 677
avg_train_loss: 0.5562, train_losses:[0.5550188208911834, 0.5555067095594581, 0.556436713141755, 0.5560983700884148, 0.5578118613488984]
epoch 678
avg_train_loss: 0.5562, train_losses:[0.5549854750505668, 0.5555083663708308, 0.556445951458452, 0.5560774700395694, 0.5577814016647477]
epoch 679
avg_train_loss: 0.5562, train_losses:[0.5550183079963412, 0.5554853356102059, 0.5564543161038824, 0.5560665029315647, 0.5577846906159735]
epoch 680
avg_train_loss: 0.5562, train_losses:[0.5549920633280978, 0.5554955433297418, 0.5564458823246401, 0.5560695701177076, 0.5577578082572767]
avg_val_loss: 0.5762, val_losses:[0.5632928205315201, 0.5793275277976604, 0.5680368157688901, 0.5801707240374212, 0.5902638301098523]
epoch 681
avg_train_loss: 0.5562, train_losses:[0.5550203211148591, 0.555473122981614, 0.5564447376861413, 0.5560579027472821, 0.5577636556260749]
epoch 682
avg_train_loss: 0.5561, train_losses:[0.5550094208698773, 0.5554773245143887, 0.5564419015461507, 0.5560265330938058, 0.557790724847003]
epoch 683
avg_train_loss: 0.5561, train_losses:[0.5549782896716386, 0.5554591444307516, 0.5564410958580273, 0.5560106699123827, 0.5577587078336779]
epoch 684
avg_train_loss: 0.5561, train_losses:[0.5550014343769887, 0.5554415052928185, 0.5564306138455206, 0.5559960329590055, 0.5577697230604025]
epoch 685
avg_train_loss: 0.5561, train_losses:[0.5549981522703495, 0.5554659962552285, 0.5564058067373621, 0.5560016286706323, 0.5577235953011473]
epoch 686
avg_train_loss: 0.5561, train_losses:[0.5549877751560709, 0.5554390159501537, 0.5564041904162941, 0.5559764034756143, 0.5577448545477177]
epoch 687
avg_train_loss: 0.5561, train_losses:[0.5549717154505964, 0.5554406137291611, 0.55640757384085, 0.555951768679602, 0.5577281329766053]
epoch 688
avg_train_loss: 0.5561, train_losses:[0.5549613097080849, 0.5554541514995308, 0.5564047854200118, 0.5559464323409463, 0.5577669885741144]
epoch 689
avg_train_loss: 0.5561, train_losses:[0.5549598714514891, 0.555426720631242, 0.5564034830624948, 0.5559383941025828, 0.5577469366861364]
no_improve_num: 1
epoch 690
avg_train_loss: 0.5561, train_losses:[0.5549219084147707, 0.5554120270496846, 0.5563912185662331, 0.555929390852251, 0.5577070581158671]
avg_val_loss: 0.5762, val_losses:[0.5631663146054173, 0.579424725231193, 0.5678534093850686, 0.5800238835024707, 0.59063127213257]
epoch 691
avg_train_loss: 0.5561, train_losses:[0.5549564559079986, 0.5554230241504321, 0.5563937259489411, 0.5559008695124341, 0.5577624849124865]
epoch 692
avg_train_loss: 0.5561, train_losses:[0.5549203424237532, 0.555424457238183, 0.5563778063928921, 0.5558673447346701, 0.5577454747105453]
epoch 693
avg_train_loss: 0.5561, train_losses:[0.5549365505166272, 0.5553838702386944, 0.5563759733815382, 0.5558788880161557, 0.5577391112935792]
epoch 694
avg_train_loss: 0.5561, train_losses:[0.5549184396452104, 0.5553899047604207, 0.5563763918217447, 0.5558924549320502, 0.5577308295185943]
epoch 695
avg_train_loss: 0.5561, train_losses:[0.5548938193323509, 0.5553913537803524, 0.5563734240004365, 0.5558694725249729, 0.5577506972854868]
epoch 696
avg_train_loss: 0.5560, train_losses:[0.5549540107102846, 0.5553730425703662, 0.5563545992540849, 0.5558306936773004, 0.5576967124048113]
epoch 697
avg_train_loss: 0.5560, train_losses:[0.5548870923350749, 0.5553949443110396, 0.5563581131970703, 0.5558250714727969, 0.5577532529578405]
epoch 698
avg_train_loss: 0.5560, train_losses:[0.5549193977429828, 0.5553774220372719, 0.55637407057041, 0.5557978785821671, 0.5577252860137376]
epoch 699
avg_train_loss: 0.5560, train_losses:[0.5549125382721589, 0.5553578403127464, 0.5563459904061826, 0.5557517833422477, 0.5577130536002117]
epoch 700
avg_train_loss: 0.5560, train_losses:[0.5549010996221091, 0.5553623929278152, 0.556328677628475, 0.5557739040602886, 0.5577178694510437]
avg_val_loss: 0.5761, val_losses:[0.5630948047535626, 0.5792832900400254, 0.567973925806027, 0.5799125354440222, 0.5899877135319551]
epoch 701
avg_train_loss: 0.5560, train_losses:[0.554913655889288, 0.5553523803841132, 0.5563477536646039, 0.5557466185988614, 0.5577092814131058]
epoch 702
avg_train_loss: 0.5560, train_losses:[0.5548936021451389, 0.555349811106624, 0.5563587481259412, 0.5557465230485448, 0.5576938298151958]
epoch 703
avg_train_loss: 0.5560, train_losses:[0.5548440141294491, 0.5553339415873576, 0.5563449227443729, 0.5557189608013707, 0.5576870226421788]
epoch 704
avg_train_loss: 0.5560, train_losses:[0.554879514197239, 0.5553436989300268, 0.5563430221062776, 0.5556802164737628, 0.5576820972921485]
epoch 705
avg_train_loss: 0.5560, train_losses:[0.5548976932737862, 0.5553284640351623, 0.5563258761714756, 0.5556845261011809, 0.5576553976045405]
epoch 706
avg_train_loss: 0.5560, train_losses:[0.5548543632549815, 0.5553314110089991, 0.5563175620312416, 0.5556334831167034, 0.5577048405167899]
epoch 707
avg_train_loss: 0.5560, train_losses:[0.5549046664917868, 0.5553180214254255, 0.5563326204023082, 0.5556235805586112, 0.5576796743922567]
epoch 708
avg_train_loss: 0.5560, train_losses:[0.5548689422390892, 0.5553103709084842, 0.5563318918782393, 0.5556229020743797, 0.5576767681261482]
epoch 709
avg_train_loss: 0.5560, train_losses:[0.5548729875039105, 0.5553022200135337, 0.5563234405212579, 0.5555934251682618, 0.557678348842631]
epoch 710
avg_train_loss: 0.5560, train_losses:[0.5548793352244513, 0.5553056640579707, 0.556317734385138, 0.5555999616544948, 0.5576785996513516]
avg_val_loss: 0.5760, val_losses:[0.5630685604586373, 0.5793670128485666, 0.5678062022294408, 0.5796699399209763, 0.5900862942209917]
epoch 711
avg_train_loss: 0.5559, train_losses:[0.5548642211141726, 0.5552915850639034, 0.556308564051584, 0.5555735013142564, 0.5576501275096188]
epoch 712
avg_train_loss: 0.5559, train_losses:[0.5548459927706706, 0.5552973346922498, 0.5563112868639338, 0.5555659450594939, 0.5576604059750352]
epoch 713
avg_train_loss: 0.5559, train_losses:[0.5548419966037678, 0.5552798415090192, 0.5563186536595481, 0.5555517250565635, 0.5576639710773418]
epoch 714
avg_train_loss: 0.5559, train_losses:[0.5548392677040744, 0.5552802108543622, 0.5563080291901686, 0.555537937723438, 0.5576487903233612]
epoch 715
avg_train_loss: 0.5559, train_losses:[0.5548421972315316, 0.5552651801370241, 0.5562932854343594, 0.5555264448962344, 0.5576407265162979]
epoch 716
avg_train_loss: 0.5559, train_losses:[0.5548331179902165, 0.5552582178177919, 0.5563087615572677, 0.5554916386613759, 0.5576137637479458]
epoch 717
avg_train_loss: 0.5559, train_losses:[0.5548257043878385, 0.555244516620883, 0.5563045992256412, 0.5554849006003684, 0.5576441915810426]
epoch 718
avg_train_loss: 0.5559, train_losses:[0.5548168711452606, 0.5552589722543116, 0.556286693222152, 0.555475367313284, 0.5576530723431992]
epoch 719
avg_train_loss: 0.5559, train_losses:[0.5548078356130679, 0.5552568606120674, 0.5562898278822925, 0.5554746146322979, 0.557626012473936]
epoch 720
avg_train_loss: 0.5559, train_losses:[0.5548087608098584, 0.5552387608115102, 0.5562850890492955, 0.5554361916976921, 0.5576236479364165]
avg_val_loss: 0.5759, val_losses:[0.5630674827770081, 0.5793008725141687, 0.5677561011896998, 0.5797733632824501, 0.5897752817958479]
epoch 721
avg_train_loss: 0.5559, train_losses:[0.5547847114894153, 0.5552431011628041, 0.556297743648762, 0.5554354102601685, 0.5576215824811075]
epoch 722
avg_train_loss: 0.5559, train_losses:[0.5547978380810116, 0.5552522881739278, 0.5562695025640096, 0.55544340946642, 0.5576045382490441]
epoch 723
avg_train_loss: 0.5559, train_losses:[0.5547944905532495, 0.555249118266663, 0.5562648917729582, 0.5554213334472805, 0.5576136018207722]
epoch 724
avg_train_loss: 0.5559, train_losses:[0.5547745115109274, 0.5552219427928823, 0.5562695153557811, 0.5554018147325648, 0.5575954342810561]
epoch 725
avg_train_loss: 0.5559, train_losses:[0.5547830716254596, 0.5552018797751571, 0.5562701575389569, 0.5553935736160143, 0.5576033376638919]
epoch 726
avg_train_loss: 0.5558, train_losses:[0.5547783365295905, 0.5552375603879761, 0.5562692132023689, 0.555387329714313, 0.5575674387728303]
epoch 727
avg_train_loss: 0.5558, train_losses:[0.5547763376590001, 0.5552109489252086, 0.5562718465211969, 0.5553588263137285, 0.5575679266886159]
epoch 728
avg_train_loss: 0.5558, train_losses:[0.5547693998469773, 0.5552305685963479, 0.5562620645165383, 0.5553661103640353, 0.5575602385651403]
epoch 729
avg_train_loss: 0.5558, train_losses:[0.5547662938598744, 0.5552058954484422, 0.5562467743905888, 0.5553671565052833, 0.5575156124038613]
epoch 730
avg_train_loss: 0.5558, train_losses:[0.5547829838976542, 0.5551892068607088, 0.5562518553102974, 0.5553317914404762, 0.557533823899661]
avg_val_loss: 0.5759, val_losses:[0.562989271512298, 0.5792183322594989, 0.5678272021424499, 0.5796671415167102, 0.5898257916158767]
epoch 731
avg_train_loss: 0.5558, train_losses:[0.5547675016649999, 0.5552005068969159, 0.5562371339120851, 0.5553205451231918, 0.557525484589128]
epoch 732
avg_train_loss: 0.5558, train_losses:[0.5547356413174618, 0.5551802906712017, 0.5562500678572823, 0.5553177195102934, 0.5574816208614325]
epoch 733
avg_train_loss: 0.5558, train_losses:[0.5547522171111389, 0.5552016829527466, 0.5562334930411645, 0.5553008212605185, 0.5574891840489458]
epoch 734
avg_train_loss: 0.5558, train_losses:[0.5547359938355462, 0.555143662758568, 0.5562320941618812, 0.5553036142860686, 0.557477656676011]
epoch 735
avg_train_loss: 0.5558, train_losses:[0.5547504080947937, 0.5551709868814491, 0.5562345506463324, 0.5552789185524687, 0.5574695931296214]
epoch 736
avg_train_loss: 0.5558, train_losses:[0.5547522146387283, 0.555149183394655, 0.5562519862156773, 0.5552588962847124, 0.5574581081650207]
epoch 737
avg_train_loss: 0.5558, train_losses:[0.5547391018979261, 0.5551591684149698, 0.5562355692896506, 0.5552431415502613, 0.557435768740057]
epoch 738
avg_train_loss: 0.5558, train_losses:[0.554749183155904, 0.5551554255591519, 0.5562260224328204, 0.5552610243917037, 0.55738547614596]
epoch 739
avg_train_loss: 0.5557, train_losses:[0.5547362944106073, 0.5551437242063194, 0.5562411647049548, 0.5552302874166752, 0.5573895284960761]
epoch 740
avg_train_loss: 0.5557, train_losses:[0.5547460618537048, 0.5551343975162206, 0.5561867455726286, 0.5551879906444998, 0.5573704687765718]
avg_val_loss: 0.5758, val_losses:[0.5629844335653066, 0.5792085806968614, 0.5677420081655005, 0.5793796502307283, 0.5896150209233695]
epoch 741
avg_train_loss: 0.5557, train_losses:[0.5547184846315434, 0.5551246571881756, 0.5562380428040004, 0.5552139993584282, 0.5573513026085646]
epoch 742
avg_train_loss: 0.5557, train_losses:[0.5547248432213222, 0.5551285509058403, 0.5561642028035214, 0.5552149862381954, 0.557320597471721]
epoch 743
avg_train_loss: 0.5557, train_losses:[0.5547183857147566, 0.5550883028811661, 0.5562030433810119, 0.5552062203352006, 0.5572901806398641]
epoch 744
avg_train_loss: 0.5557, train_losses:[0.5547203220113657, 0.5550973136047355, 0.5562044074999141, 0.5551779958424816, 0.5573190363790717]
epoch 745
avg_train_loss: 0.5557, train_losses:[0.5547160137586404, 0.5550919414008527, 0.556208443392385, 0.555186376977098, 0.5572719898594685]
epoch 746
avg_train_loss: 0.5557, train_losses:[0.5547158191937811, 0.5550490681934956, 0.5561917963387044, 0.5551687094980902, 0.5572297618381635]
epoch 747
avg_train_loss: 0.5557, train_losses:[0.5547166034000378, 0.5550692980347787, 0.556177737381549, 0.555144295766942, 0.5572238504862189]
epoch 748
avg_train_loss: 0.5557, train_losses:[0.5547133974167598, 0.5550741732047197, 0.5561612813999897, 0.5551417231402936, 0.557183505383544]
epoch 749
avg_train_loss: 0.5557, train_losses:[0.5546884599958669, 0.5550800604021423, 0.5561720571975931, 0.555121903035884, 0.5572061245234853]
epoch 750
avg_train_loss: 0.5556, train_losses:[0.5546838510866172, 0.5550508206936725, 0.5561310647411081, 0.555118155525458, 0.5571397926184394]
avg_val_loss: 0.5758, val_losses:[0.5629859462582024, 0.5792257254593226, 0.5675954699793262, 0.5793083470034212, 0.5896377370225855]
epoch 751
avg_train_loss: 0.5556, train_losses:[0.5546987239108094, 0.5550446227209681, 0.5561232180982675, 0.5551170613789178, 0.5571675404501006]
epoch 752
avg_train_loss: 0.5556, train_losses:[0.5546803409744426, 0.5550425452484962, 0.5560924439861666, 0.5551031100092968, 0.5571466856100886]
epoch 753
avg_train_loss: 0.5556, train_losses:[0.5546829745865383, 0.5550495383740857, 0.5561241437064476, 0.5550763982591229, 0.5571407684418646]
epoch 754
avg_train_loss: 0.5556, train_losses:[0.5546800689380048, 0.5550331923027826, 0.5561388086811562, 0.5550712814191997, 0.5571351626441666]
epoch 755
avg_train_loss: 0.5556, train_losses:[0.554667175237704, 0.5550298757178288, 0.5561567148414622, 0.555081397861168, 0.5570969697888861]
epoch 756
avg_train_loss: 0.5556, train_losses:[0.554680579786082, 0.5550217145493405, 0.5561467145498374, 0.5550507371357688, 0.557096192281038]
epoch 757
avg_train_loss: 0.5556, train_losses:[0.5546708833036105, 0.5550048382753033, 0.5561254688696096, 0.5550399496492031, 0.5570855398875076]
epoch 758
avg_train_loss: 0.5556, train_losses:[0.5546835444140297, 0.5550148201114223, 0.5561144724837023, 0.5550518693083494, 0.5570594351099736]
epoch 759
avg_train_loss: 0.5556, train_losses:[0.554657022742125, 0.5550047407739411, 0.5561329880585802, 0.5550184838450122, 0.5570452542835789]
epoch 760
avg_train_loss: 0.5556, train_losses:[0.5546563581911692, 0.5550014597640013, 0.5561174836597677, 0.5550277408442938, 0.5570366007351103]
avg_val_loss: 0.5757, val_losses:[0.5629324499083393, 0.5791536639651363, 0.5676487125512337, 0.5792392742703876, 0.5894948044163467]
epoch 761
avg_train_loss: 0.5555, train_losses:[0.5546457452366242, 0.5550049628173828, 0.556080973170341, 0.5549927547741552, 0.557011552382089]
epoch 762
avg_train_loss: 0.5556, train_losses:[0.5546380262263761, 0.5549842770688945, 0.5561145230683255, 0.5550230811793482, 0.5570034163643692]
epoch 763
avg_train_loss: 0.5556, train_losses:[0.5546475247347502, 0.5549940330643647, 0.5561188295940293, 0.5549904100247376, 0.5570149804189652]
epoch 764
avg_train_loss: 0.5555, train_losses:[0.5546395192914663, 0.554975694021431, 0.5561057162809474, 0.5549936652087814, 0.55697529985065]
epoch 765
avg_train_loss: 0.5555, train_losses:[0.5546386699553179, 0.5549861025286026, 0.5560864718724402, 0.5549782489562917, 0.5569744118416392]
epoch 766
avg_train_loss: 0.5555, train_losses:[0.5546389134836811, 0.5549586725839035, 0.5560831374724855, 0.5549639213963756, 0.5569607764217751]
epoch 767
avg_train_loss: 0.5555, train_losses:[0.5546401909113982, 0.5549459163121548, 0.556093661725739, 0.5549675771068507, 0.5569486819371607]
epoch 768
avg_train_loss: 0.5555, train_losses:[0.5546313051331514, 0.5549706005920176, 0.55610169721879, 0.554972707213069, 0.5569452997095943]
epoch 769
avg_train_loss: 0.5555, train_losses:[0.554611631559797, 0.5549524138558855, 0.5560848671721089, 0.5549478693107727, 0.5569318703970036]
epoch 770
avg_train_loss: 0.5555, train_losses:[0.5546388494433608, 0.5549430008136925, 0.5560779963554868, 0.5549098303971196, 0.5569181555613022]
avg_val_loss: 0.5756, val_losses:[0.5629195231092551, 0.5791142266500806, 0.5675823199173882, 0.5795357768548973, 0.5889708868397462]
epoch 771
avg_train_loss: 0.5555, train_losses:[0.5546097051100617, 0.5549305934929549, 0.556065527227541, 0.5549624169722496, 0.5568729713630428]
epoch 772
avg_train_loss: 0.5555, train_losses:[0.5546247981437535, 0.5549384949565093, 0.5560718193514304, 0.5549166663739338, 0.5569143760183135]
epoch 773
avg_train_loss: 0.5555, train_losses:[0.5546143451708694, 0.5549403501920641, 0.5560493899629151, 0.5549162268255733, 0.556884456576098]
epoch 774
avg_train_loss: 0.5555, train_losses:[0.5546194432324885, 0.5549128506929991, 0.5560559045569101, 0.5549070721136214, 0.5568848092063653]
epoch 775
avg_train_loss: 0.5555, train_losses:[0.5546087644739431, 0.5549183525874405, 0.5560427740856251, 0.5548879143056714, 0.5568820957531772]
epoch 776
avg_train_loss: 0.5555, train_losses:[0.554602616544131, 0.5549236065809771, 0.5560584479973021, 0.5548782964495202, 0.5568706045772137]
epoch 777
avg_train_loss: 0.5555, train_losses:[0.5546265061497057, 0.5549153993806446, 0.556036957497518, 0.5548732512758986, 0.5568829361648202]
epoch 778
avg_train_loss: 0.5555, train_losses:[0.554605370463234, 0.5549186297020955, 0.5560368010778391, 0.5548451296234415, 0.5568704805943392]
epoch 779
avg_train_loss: 0.5555, train_losses:[0.5546079362490035, 0.55489490985683, 0.5560465046903842, 0.5548636038984734, 0.55685449202106]
epoch 780
avg_train_loss: 0.5554, train_losses:[0.5546090032387412, 0.554878212424221, 0.556036648600983, 0.5548514873782217, 0.5568289378879663]
avg_val_loss: 0.5756, val_losses:[0.5628693019682321, 0.578897789354873, 0.567588580612669, 0.5791949142405484, 0.5895068057903897]
epoch 781
avg_train_loss: 0.5554, train_losses:[0.5546043576628695, 0.554894110889427, 0.5560095324976401, 0.5548366408493577, 0.5568473118567249]
epoch 782
avg_train_loss: 0.5554, train_losses:[0.5546030277544716, 0.5548844478150462, 0.5560515258771433, 0.5548197926190545, 0.5568162109847927]
epoch 783
avg_train_loss: 0.5554, train_losses:[0.5545942075276891, 0.5548814574263731, 0.5560208967350576, 0.5548244219531847, 0.55682864390111]
epoch 784
avg_train_loss: 0.5554, train_losses:[0.5545842738119291, 0.5548643147501022, 0.556012958698564, 0.5548287368991367, 0.556803569004186]
epoch 785
avg_train_loss: 0.5554, train_losses:[0.5545788259917941, 0.5548518696955737, 0.5560085546002176, 0.5548258670078913, 0.5567955178438648]
epoch 786
avg_train_loss: 0.5554, train_losses:[0.5546027904132443, 0.5548593518655937, 0.5560004031849204, 0.5548035632428805, 0.5567866239176922]
epoch 787
avg_train_loss: 0.5554, train_losses:[0.5545945930221089, 0.5548672268627469, 0.5559822389937508, 0.5548069786051151, 0.5567807751233352]
epoch 788
avg_train_loss: 0.5554, train_losses:[0.5545856169805123, 0.5548675152539564, 0.555974936106079, 0.5547865309595357, 0.5567865774322602]
epoch 789
avg_train_loss: 0.5554, train_losses:[0.5545987496126108, 0.554859545933527, 0.5560468245946449, 0.5547778127441262, 0.5567609909919339]
epoch 790
avg_train_loss: 0.5554, train_losses:[0.5545621444465612, 0.5548188001549793, 0.5559849198993532, 0.5547690186853855, 0.5567548347534468]
avg_val_loss: 0.5755, val_losses:[0.5628801891186923, 0.5789391089205829, 0.5675017187565065, 0.5790464089463215, 0.5892074435639734]
epoch 791
avg_train_loss: 0.5554, train_losses:[0.5545712914307027, 0.5548616621794649, 0.5559937111394644, 0.5547515277698889, 0.556753611905141]
epoch 792
avg_train_loss: 0.5554, train_losses:[0.5545591250691801, 0.5548383601827788, 0.5559940376463238, 0.5547530505670393, 0.5567138841019573]
epoch 793
avg_train_loss: 0.5554, train_losses:[0.5545698428038314, 0.5548331440605024, 0.5559866951247301, 0.5547425237945339, 0.5567180646627478]
epoch 794
avg_train_loss: 0.5554, train_losses:[0.5545724727969209, 0.5548318029183181, 0.5559700471342219, 0.5547402804455148, 0.5567153963060901]
epoch 795
avg_train_loss: 0.5554, train_losses:[0.5545624530946333, 0.5548219857663278, 0.5559573157657975, 0.554755208500792, 0.5566879921277494]
epoch 796
avg_train_loss: 0.5554, train_losses:[0.5545525644565787, 0.5548322428872328, 0.5559663590044165, 0.5547384368724466, 0.5567000782219328]
epoch 797
avg_train_loss: 0.5553, train_losses:[0.5545576093226766, 0.5548122244625067, 0.5559590620472714, 0.5546959066794642, 0.5566714318402726]
epoch 798
avg_train_loss: 0.5554, train_losses:[0.5545439784815286, 0.5548323221825705, 0.5559732203264934, 0.5547234888841234, 0.5566963478892296]
epoch 799
avg_train_loss: 0.5554, train_losses:[0.554552176481602, 0.5548165439561462, 0.555970875780734, 0.5547186688332554, 0.5566969452879216]
no_improve_num: 1
epoch 800
avg_train_loss: 0.5553, train_losses:[0.5545597060041897, 0.5548027233004663, 0.555980179571505, 0.5547064334672439, 0.5566462941943288]
avg_val_loss: 0.5755, val_losses:[0.5628279832497115, 0.5789991458354792, 0.5674876979063065, 0.5790154232961877, 0.5892591897648759]
epoch 801
avg_train_loss: 0.5553, train_losses:[0.5545118473744896, 0.5548186240446076, 0.555953858319633, 0.5547083601817347, 0.5566650030308935]
epoch 802
avg_train_loss: 0.5553, train_losses:[0.5545643038934942, 0.5547939587823473, 0.555929154932558, 0.5546847839521573, 0.5566530076714834]
epoch 803
avg_train_loss: 0.5553, train_losses:[0.5545444708578073, 0.554781084431612, 0.5559647149369555, 0.5546884754117741, 0.5566486530133213]
epoch 804
avg_train_loss: 0.5553, train_losses:[0.5545403585609269, 0.5548036940769799, 0.555936712476477, 0.5546764725511261, 0.556632487625963]
epoch 805
avg_train_loss: 0.5553, train_losses:[0.5545340843548857, 0.5547640627028534, 0.5559632912011893, 0.5546698062338102, 0.5566304814046534]
epoch 806
avg_train_loss: 0.5553, train_losses:[0.5545453366271358, 0.5547858444257141, 0.5559421514476633, 0.5546426065094295, 0.5566052021762949]
epoch 807
avg_train_loss: 0.5553, train_losses:[0.554514615901995, 0.5547746159122294, 0.5559234369842625, 0.554661222127324, 0.5566082201084511]
epoch 808
avg_train_loss: 0.5553, train_losses:[0.5545429613432447, 0.5547755662292404, 0.5559400271643546, 0.554646232339174, 0.5565855197157383]
epoch 809
avg_train_loss: 0.5553, train_losses:[0.5545398677365236, 0.5547691309193818, 0.5559244062384311, 0.5546379451683768, 0.5565891678914584]
epoch 810
avg_train_loss: 0.5553, train_losses:[0.5545384612893017, 0.5547591574933282, 0.5559088500310095, 0.5546109841813004, 0.5565838624671198]
avg_val_loss: 0.5754, val_losses:[0.562836970798432, 0.5789405357907733, 0.567454546832543, 0.578985699835706, 0.5888711231663424]
epoch 811
avg_train_loss: 0.5553, train_losses:[0.5545401720731516, 0.554783778846881, 0.5559358852677918, 0.5546457885811985, 0.5565604347299321]
epoch 812
avg_train_loss: 0.5553, train_losses:[0.5545445536020965, 0.5547823527883928, 0.5559272207051162, 0.5546165386837092, 0.5565174078377638]
epoch 813
avg_train_loss: 0.5553, train_losses:[0.5545312104770311, 0.5547524415098876, 0.5559000832176626, 0.5546274695853596, 0.5565416655596511]
epoch 814
avg_train_loss: 0.5553, train_losses:[0.5545360918585471, 0.5547491523139065, 0.5558725277950747, 0.5546164272276872, 0.5565285446687166]
epoch 815
avg_train_loss: 0.5553, train_losses:[0.5545402433453746, 0.5547427609371944, 0.5559321446797078, 0.5546135192941087, 0.556515874115841]
epoch 816
avg_train_loss: 0.5553, train_losses:[0.5545227875405513, 0.5547567645777285, 0.5559050581658644, 0.5546116897459623, 0.5565159433572625]
epoch 817
avg_train_loss: 0.5553, train_losses:[0.554518344178941, 0.5547476629116092, 0.5559098766516193, 0.5545899125626429, 0.5565185457797948]
epoch 818
avg_train_loss: 0.5552, train_losses:[0.5545101848270837, 0.5547040416758375, 0.5559037778645303, 0.5545721515576808, 0.5564817651969839]
epoch 819
avg_train_loss: 0.5552, train_losses:[0.554529615495269, 0.5547318521630072, 0.5559052698950367, 0.5545585742317974, 0.5565163436337738]
epoch 820
avg_train_loss: 0.5552, train_losses:[0.5545084737662586, 0.5547132780954583, 0.5558821895701161, 0.5545829810803168, 0.5564802040432392]
avg_val_loss: 0.5754, val_losses:[0.5628767333404442, 0.5789332026517732, 0.5674159972658245, 0.5788588905099866, 0.5889557667153986]
epoch 821
avg_train_loss: 0.5552, train_losses:[0.5545342119793321, 0.5547164779801915, 0.555878981483049, 0.5545538460908559, 0.5564635058960922]
epoch 822
avg_train_loss: 0.5552, train_losses:[0.5544991842478542, 0.5546941932460211, 0.5558948437867054, 0.5545514259593929, 0.5564611359984721]
epoch 823
avg_train_loss: 0.5552, train_losses:[0.5545137045478521, 0.5547076351860442, 0.5558787350036785, 0.5545317256233147, 0.5564687704883574]
epoch 824
avg_train_loss: 0.5552, train_losses:[0.5545107145033613, 0.554713320997076, 0.5558768309217231, 0.5545585069146167, 0.5564664687528071]
epoch 825
avg_train_loss: 0.5552, train_losses:[0.5545096225410554, 0.5547457739696042, 0.5558929910205062, 0.5545441554146795, 0.5564565485954546]
epoch 826
avg_train_loss: 0.5552, train_losses:[0.5545172526015489, 0.5546988672647966, 0.5558798986638529, 0.5545217982087393, 0.5564438943061669]
epoch 827
avg_train_loss: 0.5552, train_losses:[0.5544912326497612, 0.5547044087432637, 0.5558617832121633, 0.5545208467940106, 0.5564307355238829]
epoch 828
avg_train_loss: 0.5552, train_losses:[0.5544803112691316, 0.5546827434568861, 0.5559134971241347, 0.5544841548471662, 0.556432527422628]
epoch 829
avg_train_loss: 0.5552, train_losses:[0.5544939760234426, 0.5546881328362829, 0.5558739250654582, 0.5545333455735717, 0.556400955521671]
epoch 830
avg_train_loss: 0.5552, train_losses:[0.5544812327797087, 0.5547145925207418, 0.5558771057258759, 0.5544754623222201, 0.5564261719276952]
avg_val_loss: 0.5754, val_losses:[0.5628746526316571, 0.5788414371670213, 0.5673745060791421, 0.5787112334639025, 0.5889827037457236]
epoch 831
avg_train_loss: 0.5552, train_losses:[0.5544859505829602, 0.5546812068048685, 0.5558686313453353, 0.5545182164811777, 0.5564175732917468]
epoch 832
avg_train_loss: 0.5552, train_losses:[0.554491295026194, 0.5546915205417343, 0.5558805073554383, 0.5544998218395559, 0.5564102385235367]
epoch 833
avg_train_loss: 0.5552, train_losses:[0.5544740882647979, 0.5546825009906003, 0.5558645889704239, 0.5545033733422045, 0.5564108945452745]
epoch 834
avg_train_loss: 0.5552, train_losses:[0.554460119163676, 0.5546823586874894, 0.5558732513478469, 0.5544636130758592, 0.5564018430826491]
epoch 835
avg_train_loss: 0.5552, train_losses:[0.5544738924148553, 0.5546839153438335, 0.5558629854737126, 0.5544924511041738, 0.5563957818556112]
epoch 836
avg_train_loss: 0.5552, train_losses:[0.5544818754007498, 0.5546725277875524, 0.5558698348390166, 0.5544517328011537, 0.5563947919273011]
epoch 837
avg_train_loss: 0.5552, train_losses:[0.5544837599050425, 0.5546708758487021, 0.5558641407309498, 0.5544725288295378, 0.5563819583719735]
epoch 838
avg_train_loss: 0.5552, train_losses:[0.5544592363135344, 0.5546801442956112, 0.5558493677379697, 0.5544571199942797, 0.5563780617865445]
epoch 839
avg_train_loss: 0.5552, train_losses:[0.5544829786233175, 0.5546626755004497, 0.5558045513259174, 0.5544357988301775, 0.556376831411289]
epoch 840
avg_train_loss: 0.5552, train_losses:[0.5544717907518628, 0.5546777163324722, 0.5558595918906857, 0.5544412578474401, 0.556365907819476]
avg_val_loss: 0.5753, val_losses:[0.5628460059648852, 0.5789134396349324, 0.567348446646593, 0.5786390784775053, 0.5888747173036103]
epoch 841
avg_train_loss: 0.5552, train_losses:[0.5544920689965898, 0.5546682762699279, 0.5558496041077473, 0.5544126551869049, 0.5563468015004951]
epoch 842
avg_train_loss: 0.5551, train_losses:[0.5544714265254685, 0.5546652910236243, 0.5558440627820239, 0.554405103571476, 0.5563449826464719]
epoch 843
avg_train_loss: 0.5551, train_losses:[0.5544423033502197, 0.5546540710770217, 0.5558560003702195, 0.5543915717978218, 0.5563388552124161]
epoch 844
avg_train_loss: 0.5551, train_losses:[0.5544676214571626, 0.5546487502306451, 0.555831741615832, 0.554392776539928, 0.5563312020884424]
epoch 845
avg_train_loss: 0.5551, train_losses:[0.5544646887322716, 0.5546277368796162, 0.555848121781554, 0.5543978703196335, 0.5563245685851296]
epoch 846
avg_train_loss: 0.5551, train_losses:[0.5544748889816249, 0.5546416880445607, 0.5557927621841822, 0.5543604523964842, 0.5563179848501065]
epoch 847
avg_train_loss: 0.5551, train_losses:[0.5544513075781108, 0.5546421275695005, 0.5558540220385585, 0.5543430299172701, 0.556319228035025]
epoch 848
avg_train_loss: 0.5551, train_losses:[0.5544394967915823, 0.5546415399076607, 0.5558265750211927, 0.5543582555711438, 0.5563026933057786]
epoch 849
avg_train_loss: 0.5551, train_losses:[0.5544044311083992, 0.5546460087326556, 0.5558333934609995, 0.5543582656053833, 0.5562832129731503]
no_improve_num: 1
epoch 850
avg_train_loss: 0.5551, train_losses:[0.5544655621448922, 0.5546354196835098, 0.5558192952589093, 0.5543497121260351, 0.556299756288333]
avg_val_loss: 0.5753, val_losses:[0.5627843244847694, 0.5788519245704634, 0.5672891626384752, 0.5787122961649466, 0.5890721861393221]
epoch 851
avg_train_loss: 0.5551, train_losses:[0.5544426813968593, 0.5546368387555035, 0.5558119769522754, 0.5543588479038843, 0.5562962570631294]
epoch 852
avg_train_loss: 0.5551, train_losses:[0.5544128741744553, 0.5546213415631362, 0.5558289499466456, 0.554335939592751, 0.5562800255461405]
epoch 853
avg_train_loss: 0.5551, train_losses:[0.554434195248948, 0.5546269622290021, 0.5558103600976229, 0.5543387378543533, 0.5562944189925753]
epoch 854
avg_train_loss: 0.5551, train_losses:[0.5544467051655576, 0.5546099671214247, 0.5557797694082414, 0.5543257244794041, 0.5562739130600857]
epoch 855
avg_train_loss: 0.5551, train_losses:[0.5544317418051136, 0.5546225879034477, 0.5558351530657927, 0.5543242865140394, 0.5562692072175802]
epoch 856
avg_train_loss: 0.5551, train_losses:[0.5544104396525041, 0.5546149231029387, 0.5558197254216817, 0.5543145889949476, 0.556268378108581]
epoch 857
avg_train_loss: 0.5551, train_losses:[0.5544174148867208, 0.5546079230621351, 0.5558266144168346, 0.5543047055909088, 0.5562513957498373]
epoch 858
avg_train_loss: 0.5551, train_losses:[0.5544248325357871, 0.5545784890729093, 0.5558027146507524, 0.554291244663832, 0.5562523531346792]
epoch 859
avg_train_loss: 0.5551, train_losses:[0.5544230938059592, 0.5546243788654935, 0.5557950539397001, 0.5542847548112532, 0.5562287446081402]
epoch 860
avg_train_loss: 0.5551, train_losses:[0.554398442058457, 0.5545938768020501, 0.5558211825410999, 0.5542909012136288, 0.5562250556084927]
avg_val_loss: 0.5753, val_losses:[0.5628228213180361, 0.5788670628875987, 0.5673283159496583, 0.578487626195068, 0.5890145384594024]
epoch 861
avg_train_loss: 0.5551, train_losses:[0.5544087615232096, 0.5545931391215085, 0.5557981779301876, 0.5542846142545113, 0.5562234968822707]
epoch 862
avg_train_loss: 0.5551, train_losses:[0.5544171066215262, 0.554569577924961, 0.5558064015891574, 0.5542941587570527, 0.5562239642822304]
epoch 863
avg_train_loss: 0.5551, train_losses:[0.5544000194319313, 0.5546265960984037, 0.5557944945639475, 0.5542853202560201, 0.5562144135441531]
epoch 864
avg_train_loss: 0.5551, train_losses:[0.5544111552890822, 0.5545942905010938, 0.55579461369992, 0.5542788427848414, 0.5562123043404849]
epoch 865
avg_train_loss: 0.5550, train_losses:[0.5544114596684785, 0.554590891582222, 0.5558052525618243, 0.5542621327488448, 0.5561717496969766]
epoch 866
avg_train_loss: 0.5550, train_losses:[0.5544083073409893, 0.5545827168103844, 0.5558075611558021, 0.5542467228942775, 0.5561953336753952]
epoch 867
avg_train_loss: 0.5550, train_losses:[0.5544087206897409, 0.5545796895453213, 0.5557997457378363, 0.554255871225618, 0.5561771733938092]
epoch 868
avg_train_loss: 0.5550, train_losses:[0.5544150074390904, 0.5545701649269481, 0.5557877801262726, 0.554250411486387, 0.5561752274329014]
epoch 869
avg_train_loss: 0.5550, train_losses:[0.5544137133969377, 0.5545749677524058, 0.5558093333731474, 0.5542369048339715, 0.5561662310823743]
epoch 870
avg_train_loss: 0.5550, train_losses:[0.5543995621724356, 0.5545747794439263, 0.5557930373019685, 0.5542245466590119, 0.5561611745646535]
avg_val_loss: 0.5753, val_losses:[0.5627993986558373, 0.5788218053993313, 0.5672983599601914, 0.5785095095390079, 0.5890377903486484]
epoch 871
avg_train_loss: 0.5550, train_losses:[0.5543928214384143, 0.5545571041067668, 0.5557798252390997, 0.5542207194489867, 0.556125696632923]
epoch 872
avg_train_loss: 0.5550, train_losses:[0.55439927765786, 0.5545646133154675, 0.5557875518132133, 0.5542192635769749, 0.5561339331525295]
epoch 873
avg_train_loss: 0.5550, train_losses:[0.5544043128685227, 0.5545407109720908, 0.5557336899284117, 0.5542159898019926, 0.5561347598217868]
epoch 874
avg_train_loss: 0.5550, train_losses:[0.5543850903247595, 0.5545833261944075, 0.5557814442973339, 0.554215217914002, 0.5561387884343144]
epoch 875
avg_train_loss: 0.5550, train_losses:[0.5543828594039819, 0.5545465964374003, 0.5557717481997764, 0.5542050908186733, 0.5561345228532046]
epoch 876
avg_train_loss: 0.5550, train_losses:[0.5543624229575668, 0.5545535642401295, 0.5557653770198477, 0.5541787064317416, 0.5561042550899821]
epoch 877
avg_train_loss: 0.5550, train_losses:[0.5543712998868648, 0.5545557555371681, 0.5557572358363384, 0.5541905944892452, 0.5560906794417567]
epoch 878
avg_train_loss: 0.5550, train_losses:[0.5543603145820001, 0.5545158488660359, 0.5557655611737, 0.5541814793816848, 0.5561040982744546]
epoch 879
avg_train_loss: 0.5550, train_losses:[0.5543825274838876, 0.5545463919554051, 0.5557571471554127, 0.5541726275135465, 0.5560881851091564]
epoch 880
avg_train_loss: 0.5550, train_losses:[0.5543888434561519, 0.5545343308312015, 0.5557556622081383, 0.554155713122841, 0.5560712302718411]
avg_val_loss: 0.5753, val_losses:[0.5628175615400862, 0.5787537529915917, 0.5672279641620771, 0.5783794838840948, 0.5890737021797142]
epoch 881
avg_train_loss: 0.5550, train_losses:[0.5543738302177786, 0.5545206012015714, 0.5557579597047808, 0.5541869011692107, 0.556095803722391]
epoch 882
avg_train_loss: 0.5550, train_losses:[0.5543689827534989, 0.5545175846356919, 0.5557654870522989, 0.5541576520741346, 0.556085327837463]
epoch 883
avg_train_loss: 0.5550, train_losses:[0.5543552113963407, 0.5544904431178425, 0.5557602539286361, 0.554155588785438, 0.5560717529956966]
epoch 884
avg_train_loss: 0.5550, train_losses:[0.5543402759146673, 0.5545060613157646, 0.5557490775007355, 0.5541559666151816, 0.5560758077651894]
epoch 885
avg_train_loss: 0.5550, train_losses:[0.5543584075144156, 0.5545093245626364, 0.555734575234671, 0.5541458714198548, 0.556060590569856]
epoch 886
avg_train_loss: 0.5550, train_losses:[0.5543571256102914, 0.5544594401764088, 0.5557566894926738, 0.5541370210211103, 0.5560621718361972]
epoch 887
avg_train_loss: 0.5550, train_losses:[0.5543624553962446, 0.55452028616576, 0.5557738351423543, 0.5541410385823068, 0.5560478024491199]
epoch 888
avg_train_loss: 0.5550, train_losses:[0.5543558734809957, 0.5544889681243627, 0.5557570297505348, 0.5541423036133493, 0.5560327803353818]
epoch 889
avg_train_loss: 0.5549, train_losses:[0.5543207483112895, 0.5544776346719184, 0.5557314200457841, 0.5541243927709413, 0.5560141074106767]
epoch 890
avg_train_loss: 0.5549, train_losses:[0.5543298348272756, 0.5544982477073019, 0.5557625747991299, 0.5541281193860363, 0.556006038267951]
avg_val_loss: 0.5752, val_losses:[0.5628254084585794, 0.5787286089143419, 0.5671976927901546, 0.5783316355691966, 0.5891156841034835]
epoch 891
avg_train_loss: 0.5549, train_losses:[0.5543320347410925, 0.5544936828584851, 0.5557545126044526, 0.5541149382751405, 0.5560020996448332]
epoch 892
avg_train_loss: 0.5549, train_losses:[0.5543377074691218, 0.5544851454121286, 0.5557409895168206, 0.5541164254952402, 0.5560170639379112]
epoch 893
avg_train_loss: 0.5549, train_losses:[0.5543352165725448, 0.5544888124001764, 0.5557155342297888, 0.554099614218717, 0.5560041247038824]
epoch 894
avg_train_loss: 0.5549, train_losses:[0.5543167070951933, 0.5544816963780658, 0.5557216907050989, 0.5540942428172476, 0.5559972596816943]
epoch 895
avg_train_loss: 0.5549, train_losses:[0.5543040500559014, 0.5544918514651954, 0.5557406251336096, 0.5540658799133258, 0.5559918071600654]
epoch 896
avg_train_loss: 0.5549, train_losses:[0.5543072266940697, 0.5544582987149779, 0.5557342533773282, 0.5540741457051035, 0.5559817097813311]
epoch 897
avg_train_loss: 0.5549, train_losses:[0.5543152012525879, 0.5544750493105228, 0.5557322062051231, 0.554041637003546, 0.5560123611420283]
epoch 898
avg_train_loss: 0.5549, train_losses:[0.5543008933904927, 0.5544798626101216, 0.5557331100239127, 0.5540972599930835, 0.5560059220238235]
epoch 899
avg_train_loss: 0.5549, train_losses:[0.5543217712334664, 0.5544792540112008, 0.5556930081810196, 0.5540816802753595, 0.5559858683477876]
no_improve_num: 1
epoch 900
avg_train_loss: 0.5549, train_losses:[0.554296380235218, 0.5544510733375796, 0.5557401642449248, 0.554057231163691, 0.5559666237170309]
avg_val_loss: 0.5753, val_losses:[0.5627477482741234, 0.5787121818677249, 0.5671935832547705, 0.5782785737744215, 0.589516231308484]
epoch 901
avg_train_loss: 0.5549, train_losses:[0.5542724862896871, 0.5544657403101751, 0.5557257435174929, 0.5540528575163184, 0.5559542080784847]
epoch 902
avg_train_loss: 0.5549, train_losses:[0.5542844465674426, 0.5544356559812625, 0.5557090265703555, 0.5540578022558997, 0.5559892087168783]
epoch 903
avg_train_loss: 0.5549, train_losses:[0.5542956719445911, 0.5544655498785589, 0.5557362197929482, 0.5540455606375817, 0.5559776391392607]
epoch 904
avg_train_loss: 0.5549, train_losses:[0.5543240870980418, 0.5544596467255348, 0.5557105333803374, 0.5540398975568412, 0.5559402282395715]
epoch 905
avg_train_loss: 0.5549, train_losses:[0.5542761111123417, 0.5544444781153041, 0.5557259759138992, 0.5540310997894848, 0.5559795318046391]
epoch 906
avg_train_loss: 0.5549, train_losses:[0.5543094486864719, 0.5544175272816071, 0.5557022388340587, 0.554027129227509, 0.5559520455996522]
epoch 907
avg_train_loss: 0.5549, train_losses:[0.5542942858244938, 0.5544146870694708, 0.5557057313725674, 0.5540100976050351, 0.555917788316794]
epoch 908
avg_train_loss: 0.5549, train_losses:[0.5542692390635875, 0.5544358094081843, 0.5557386265135188, 0.5540231060962607, 0.5559291625602887]
epoch 909
avg_train_loss: 0.5549, train_losses:[0.5542748245933227, 0.554426470566819, 0.5557081965145286, 0.5539899713880979, 0.5559162874560352]
epoch 910
avg_train_loss: 0.5549, train_losses:[0.55429509794007, 0.554442397859843, 0.5557333433469637, 0.5539965067297719, 0.5559266445511952]
avg_val_loss: 0.5752, val_losses:[0.5627471581702189, 0.5787106506792236, 0.5671725069806927, 0.5781577674192664, 0.5889755631157972]
epoch 911
avg_train_loss: 0.5549, train_losses:[0.5542852537707831, 0.5544114343649656, 0.5556991659393764, 0.553999310376097, 0.5559245585067457]
epoch 912
avg_train_loss: 0.5549, train_losses:[0.5542766234328677, 0.5544402518013999, 0.5556833401109033, 0.5539912638264424, 0.5559122221455542]
epoch 913
avg_train_loss: 0.5549, train_losses:[0.554271125971047, 0.5543982884176942, 0.5557383903657286, 0.5539968949297909, 0.5558934574026512]
epoch 914
avg_train_loss: 0.5548, train_losses:[0.5542575471462393, 0.5543881895677211, 0.5556965020168311, 0.5539805499745347, 0.555901859433693]
epoch 915
avg_train_loss: 0.5549, train_losses:[0.554261371333977, 0.5543990807682423, 0.5556998739428453, 0.5539739849975381, 0.5559246593792777]
epoch 916
avg_train_loss: 0.5548, train_losses:[0.5542667978209157, 0.5543959971458645, 0.5556878727766335, 0.5539778248649204, 0.5558983628274444]
epoch 917
avg_train_loss: 0.5548, train_losses:[0.5542712635869644, 0.5543980171174808, 0.5556774571566993, 0.5539786871333645, 0.5559027266295471]
epoch 918
avg_train_loss: 0.5548, train_losses:[0.5542722208477018, 0.5543859388931166, 0.5557120228651163, 0.5539407156967638, 0.5559058893984649]
epoch 919
avg_train_loss: 0.5548, train_losses:[0.554233172219106, 0.5543984592869222, 0.5557097923068502, 0.5539751281584967, 0.5559013164831964]
no_improve_num: 1
epoch 920
avg_train_loss: 0.5548, train_losses:[0.5542345114143178, 0.5543904404449655, 0.5556960459161506, 0.5539454389631465, 0.5558910029083063]
avg_val_loss: 0.5752, val_losses:[0.5628167732061381, 0.5786305872472205, 0.5671709135319344, 0.5781128043618149, 0.5892020577840821]
epoch 921
avg_train_loss: 0.5548, train_losses:[0.5542671136092442, 0.5543994822539039, 0.5556978624821052, 0.55392378038527, 0.5559040831545263]
epoch 922
avg_train_loss: 0.5548, train_losses:[0.5542826668249269, 0.5543822282203853, 0.5556967494656148, 0.5539535576902846, 0.5558719920121501]
epoch 923
avg_train_loss: 0.5548, train_losses:[0.5542617795199932, 0.554380838334648, 0.5556894846538796, 0.5539295003131232, 0.555868201557528]
epoch 924
avg_train_loss: 0.5548, train_losses:[0.5542691521952198, 0.5543619994350699, 0.5556974836697107, 0.5539290336079603, 0.5558999850847071]
epoch 925
avg_train_loss: 0.5548, train_losses:[0.5542496063522138, 0.554370463143921, 0.5556949594485429, 0.5539232746581781, 0.5558724332307065]
epoch 926
avg_train_loss: 0.5548, train_losses:[0.5542528671908273, 0.5543790235883794, 0.5556913133537895, 0.5539176279332276, 0.5559046196818629]
epoch 927
avg_train_loss: 0.5548, train_losses:[0.5542584244609511, 0.5543635359190695, 0.5556682996373191, 0.5538946785085955, 0.555829279129828]
epoch 928
avg_train_loss: 0.5548, train_losses:[0.5542606432396269, 0.5543450399177811, 0.5556805166771477, 0.5538971406863117, 0.5558702975971803]
epoch 929
avg_train_loss: 0.5548, train_losses:[0.5542376921521256, 0.5543432064349583, 0.5556776271868555, 0.5538757687288366, 0.5558432921557473]
no_improve_num: 2
epoch 930
avg_train_loss: 0.5548, train_losses:[0.5542650977046822, 0.5543633898177333, 0.5556891599738342, 0.5538825139250091, 0.5558194455772015]
avg_val_loss: 0.5752, val_losses:[0.5627810277377743, 0.578682138487438, 0.5671935824971879, 0.5781373582496268, 0.5893477800604162]
epoch 931
avg_train_loss: 0.5548, train_losses:[0.5542700030689877, 0.5543692817267882, 0.5556347753778652, 0.5538722319914074, 0.5558914489615431]
epoch 932
avg_train_loss: 0.5548, train_losses:[0.5542544912814557, 0.5543300535052655, 0.5556896171457568, 0.5538658777303836, 0.5558587151488044]
epoch 933
avg_train_loss: 0.5548, train_losses:[0.5542454049283962, 0.5543423644844744, 0.5556835504551998, 0.5538619146742306, 0.5558615840367644]
epoch 934
avg_train_loss: 0.5548, train_losses:[0.5542397731132623, 0.5543332174158146, 0.5556923410904462, 0.5538707053125318, 0.5558492379247515]
epoch 935
avg_train_loss: 0.5548, train_losses:[0.5542414660159225, 0.5543542137247255, 0.5556710024870924, 0.5538570787227487, 0.5558495888891516]
epoch 936
avg_train_loss: 0.5548, train_losses:[0.5542325115172901, 0.5543302126162875, 0.5556793991557378, 0.5538521737138269, 0.5558408020509468]
epoch 937
avg_train_loss: 0.5548, train_losses:[0.5542065299061947, 0.5543264677157411, 0.555708448319561, 0.5538509169227951, 0.5558492845405202]
epoch 938
avg_train_loss: 0.5548, train_losses:[0.5542662786024866, 0.5543161143439352, 0.5556849170404027, 0.5538585600184316, 0.5558284994673498]
epoch 939
avg_train_loss: 0.5548, train_losses:[0.5541947066883698, 0.5543354619603075, 0.5556777506953696, 0.5538303694062903, 0.5558260428305938]
epoch 940
avg_train_loss: 0.5548, train_losses:[0.5542633218031601, 0.5543288627330935, 0.5556613799814246, 0.5538304556921956, 0.5558291955147021]
avg_val_loss: 0.5752, val_losses:[0.5627921965053144, 0.57861725702725, 0.5672272601641803, 0.5780435193590214, 0.5890734383256921]
epoch 941
avg_train_loss: 0.5548, train_losses:[0.5542588907567609, 0.5543322637302971, 0.555659806721846, 0.5538289412267021, 0.5557951049244565]
epoch 942
avg_train_loss: 0.5548, train_losses:[0.5542308221094047, 0.5542995945470979, 0.5556677326691889, 0.5538230133729934, 0.5558324275983558]
epoch 943
avg_train_loss: 0.5548, train_losses:[0.5542168730054811, 0.5543392441506698, 0.5556714222877357, 0.553821513615695, 0.5558257528475209]
epoch 944
avg_train_loss: 0.5548, train_losses:[0.5542154435978339, 0.5543252234924567, 0.5556708342226527, 0.5538095923048808, 0.5558009800264805]
epoch 945
avg_train_loss: 0.5548, train_losses:[0.5542177393226501, 0.5543264017264119, 0.5556695835169279, 0.5538167467959885, 0.5558204173642591]
epoch 946
avg_train_loss: 0.5548, train_losses:[0.5542129981068522, 0.5543263225889093, 0.5556754620456392, 0.5538292400482661, 0.5558132932365991]
epoch 947
avg_train_loss: 0.5548, train_losses:[0.5541827786945118, 0.5542973804108107, 0.5556612560024601, 0.5538143199702805, 0.5557985281633095]
epoch 948
avg_train_loss: 0.5548, train_losses:[0.5542177142401065, 0.5543106398639238, 0.5556714348982513, 0.5537944333225914, 0.5557916679228527]
epoch 949
avg_train_loss: 0.5547, train_losses:[0.5541873608471474, 0.5543137917952978, 0.5556639305885487, 0.5537953612147982, 0.5557595944288928]
no_improve_num: 1
epoch 950
avg_train_loss: 0.5548, train_losses:[0.5542325790096169, 0.5543045649964902, 0.5556552842980866, 0.5538130505483673, 0.555762610878468]
avg_val_loss: 0.5752, val_losses:[0.5627616696244008, 0.5785584320571721, 0.5671354025313156, 0.577988187553486, 0.589657352816674]
epoch 951
avg_train_loss: 0.5547, train_losses:[0.5542136206451583, 0.5543027500822036, 0.5556474531006836, 0.5538000715030622, 0.555772300742926]
epoch 952
avg_train_loss: 0.5547, train_losses:[0.5542175024742757, 0.5542884665267144, 0.5556379393301644, 0.5537836727749138, 0.5557777528694716]
epoch 953
avg_train_loss: 0.5547, train_losses:[0.5542081687477862, 0.5542930725552189, 0.5556424152852326, 0.553733548835731, 0.5557644575268124]
epoch 954
avg_train_loss: 0.5548, train_losses:[0.5542352431398936, 0.5542838642180269, 0.5556730392258881, 0.5538364218764136, 0.5557709186474971]
epoch 955
avg_train_loss: 0.5547, train_losses:[0.5542069546068542, 0.554287182270338, 0.5556510210375304, 0.5537698771274423, 0.5557562618474255]
epoch 956
avg_train_loss: 0.5547, train_losses:[0.5542087812538895, 0.5542855129014009, 0.5556322430979425, 0.5537727690809804, 0.5557656891647056]
epoch 957
avg_train_loss: 0.5547, train_losses:[0.5542175451875095, 0.5542799468953589, 0.5556512623704584, 0.553775752724494, 0.5557431962966789]
epoch 958
avg_train_loss: 0.5547, train_losses:[0.554202696179107, 0.5542945813040268, 0.5556540997629469, 0.553750150724133, 0.5557431502592797]
epoch 959
avg_train_loss: 0.5547, train_losses:[0.5541842667149883, 0.554272151920603, 0.5556274121666352, 0.5537738942843774, 0.555737605455128]
epoch 960
avg_train_loss: 0.5547, train_losses:[0.5541756006289494, 0.5543052901459428, 0.5556623566507882, 0.5537427333357492, 0.5557442955612664]
avg_val_loss: 0.5751, val_losses:[0.5628411751945634, 0.5785936677457532, 0.5671891478285269, 0.5778809692000404, 0.5891970024368293]
epoch 961
avg_train_loss: 0.5547, train_losses:[0.5541928754020007, 0.554260911420815, 0.5556415582589507, 0.5537278311633924, 0.5557295970452749]
epoch 962
avg_train_loss: 0.5547, train_losses:[0.5541847029752872, 0.5542921594984934, 0.5556521553566683, 0.5537330801347178, 0.5557059718030422]
epoch 963
avg_train_loss: 0.5547, train_losses:[0.5541909977854282, 0.5542944734059135, 0.5556380400961675, 0.5537353489766519, 0.5557303193473451]
epoch 964
avg_train_loss: 0.5547, train_losses:[0.5541799414282914, 0.5542618331869833, 0.5556334834557943, 0.5537332325301106, 0.5557210944634702]
epoch 965
avg_train_loss: 0.5547, train_losses:[0.5541856862167007, 0.5542722709537281, 0.555634584753792, 0.5537287755081267, 0.5557339058045205]
epoch 966
avg_train_loss: 0.5547, train_losses:[0.5541798854874576, 0.5542629474936485, 0.5556359956529822, 0.5537252594053462, 0.5557126156273998]
epoch 967
avg_train_loss: 0.5547, train_losses:[0.5541773465316191, 0.5542658987972584, 0.5556373110527701, 0.5537234752872341, 0.5556987227190546]
epoch 968
avg_train_loss: 0.5547, train_losses:[0.5541711233378833, 0.5542580982901276, 0.5556449019070241, 0.5537092925659735, 0.5557005362374153]
epoch 969
avg_train_loss: 0.5547, train_losses:[0.5541947868380536, 0.5542869118489098, 0.555635942597985, 0.5537164746853522, 0.5557129262607085]
epoch 970
avg_train_loss: 0.5547, train_losses:[0.5541888249764808, 0.5542787098408429, 0.5556173955925374, 0.553664619891804, 0.5556657257970604]
avg_val_loss: 0.5751, val_losses:[0.5628460508944217, 0.5786076996827265, 0.5671581532747608, 0.5780962260756415, 0.5888110266121572]
epoch 971
avg_train_loss: 0.5547, train_losses:[0.5541789841247858, 0.5542717646950884, 0.5555970642561548, 0.5537037649240444, 0.5556796689909698]
epoch 972
avg_train_loss: 0.5547, train_losses:[0.5541639712407779, 0.5542526957483015, 0.5556109778298692, 0.5536897256636916, 0.5557263032797338]
epoch 973
avg_train_loss: 0.5547, train_losses:[0.5541975216153224, 0.5542488462855633, 0.5556478649851329, 0.5537091064335817, 0.5556877101683072]
epoch 974
avg_train_loss: 0.5547, train_losses:[0.5541487625557051, 0.5542554271428077, 0.5556365166839693, 0.553694797904506, 0.555674584886652]
epoch 975
avg_train_loss: 0.5547, train_losses:[0.5541554915467948, 0.5542563135192909, 0.5556142444075708, 0.5536979379422412, 0.5556595324899747]
epoch 976
avg_train_loss: 0.5547, train_losses:[0.5541682774956161, 0.554233954270659, 0.5556297588996837, 0.5536875000563563, 0.5556848848657855]
epoch 977
avg_train_loss: 0.5547, train_losses:[0.5541499256761855, 0.5542451786396994, 0.5556187441417703, 0.553667025731553, 0.5556719478963583]
epoch 978
avg_train_loss: 0.5547, train_losses:[0.5541649083434267, 0.5542673924193537, 0.5556186809914363, 0.5536587140413272, 0.5556567744330921]
epoch 979
avg_train_loss: 0.5547, train_losses:[0.5541540965838586, 0.5542541337116296, 0.5556180364458253, 0.5536534502691423, 0.5556589195526932]
no_improve_num: 1
epoch 980
avg_train_loss: 0.5547, train_losses:[0.5541321216850875, 0.554244381445141, 0.5556198967433047, 0.5536675567000419, 0.5556418120054595]
avg_val_loss: 0.5752, val_losses:[0.5627971915936754, 0.5786066906641493, 0.5671458057860655, 0.5778073009057206, 0.5895344748107249]
epoch 981
avg_train_loss: 0.5547, train_losses:[0.5541297887193333, 0.5542439865773526, 0.5556192503281114, 0.5536496112866548, 0.555630558396813]
epoch 982
avg_train_loss: 0.5547, train_losses:[0.5541458720125002, 0.5542474359464331, 0.5555934239880626, 0.5536693252790336, 0.5556529675153039]
epoch 983
avg_train_loss: 0.5546, train_losses:[0.5541455573076333, 0.5542160338797364, 0.5556013258059822, 0.553654933167615, 0.5556190270323139]
epoch 984
avg_train_loss: 0.5547, train_losses:[0.5541387217035136, 0.5542307540061032, 0.5556085033562893, 0.5536525266303368, 0.5556209948246346]
epoch 985
avg_train_loss: 0.5547, train_losses:[0.5541503406562392, 0.5542264375449343, 0.555613818236499, 0.5536557601084898, 0.5556218853548477]
epoch 986
avg_train_loss: 0.5546, train_losses:[0.554141960005311, 0.55422907997543, 0.5555850597703144, 0.5536328464391091, 0.5556176021864168]
epoch 987
avg_train_loss: 0.5546, train_losses:[0.5541175572075533, 0.5542091428551296, 0.5556245503942239, 0.5536270606879081, 0.5556183613819455]
epoch 988
avg_train_loss: 0.5547, train_losses:[0.554137450481262, 0.5542288947085856, 0.5556374664521215, 0.5536355345623581, 0.5556245718649767]
epoch 989
avg_train_loss: 0.5546, train_losses:[0.5541137342336184, 0.5542058512172868, 0.5556058216217981, 0.5536206398622207, 0.5556071988461333]
no_improve_num: 2
epoch 990
avg_train_loss: 0.5546, train_losses:[0.5541328110436484, 0.5542036021210333, 0.5556068221863779, 0.5536211733815285, 0.5555702159684002]
avg_val_loss: 0.5752, val_losses:[0.5628332666145479, 0.5784412274859847, 0.5670674402840529, 0.5777245855354229, 0.5898223171115509]
epoch 991
avg_train_loss: 0.5546, train_losses:[0.5541226427421566, 0.5541993921720836, 0.5556051632131735, 0.553602361089894, 0.5556088217876641]
epoch 992
avg_train_loss: 0.5546, train_losses:[0.5541170919239246, 0.5541958448098062, 0.5555902640926348, 0.5536111441622932, 0.5556095914793777]
epoch 993
avg_train_loss: 0.5546, train_losses:[0.5541025937717556, 0.5541987710084703, 0.5555858177881635, 0.5536137599298576, 0.5555631957191643]
epoch 994
avg_train_loss: 0.5546, train_losses:[0.5540929884181813, 0.5542076597204132, 0.5556031101450635, 0.5536100716157415, 0.5556145159251966]
epoch 995
avg_train_loss: 0.5546, train_losses:[0.5541209717470088, 0.5542006050279323, 0.5556124508224073, 0.5535925390236313, 0.555555976555617]
epoch 996
avg_train_loss: 0.5546, train_losses:[0.5541065515226127, 0.5541859979705603, 0.5555925654730391, 0.5535962625543229, 0.5556123949708518]
epoch 997
avg_train_loss: 0.5546, train_losses:[0.554116743611382, 0.554186837393646, 0.5555895596470747, 0.5535738967244763, 0.5555788122786514]
epoch 998
avg_train_loss: 0.5546, train_losses:[0.554084295591821, 0.5541857231725174, 0.5555749016924642, 0.5535864141102503, 0.5555792370584798]
epoch 999
avg_train_loss: 0.5546, train_losses:[0.5541023750224853, 0.554158659009143, 0.5555978201233734, 0.5535624958061808, 0.5555599894951451]
epoch 1000
avg_train_loss: 0.5546, train_losses:[0.5540903065533488, 0.5541669686485307, 0.5555889696390924, 0.553586271256244, 0.5555530829932727]
avg_val_loss: 0.5750, val_losses:[0.5628181626126465, 0.5785131673922349, 0.567112310313618, 0.5776621925711909, 0.58901810189816]
epoch 1001
avg_train_loss: 0.5546, train_losses:[0.5540600773124638, 0.5541368588032825, 0.5555971144741934, 0.5535740780831198, 0.5555869758137266]
epoch 1002
avg_train_loss: 0.5546, train_losses:[0.5540851710084383, 0.5541894917768413, 0.5555807274227876, 0.553550273442727, 0.5555395182607538]
epoch 1003
avg_train_loss: 0.5546, train_losses:[0.5540754586447005, 0.5541542273538058, 0.5555771317802797, 0.5535383004200415, 0.5555980930167729]
epoch 1004
avg_train_loss: 0.5546, train_losses:[0.5540826085585902, 0.5541830699858139, 0.555570727632162, 0.5535459283930385, 0.5555667204252109]
epoch 1005
avg_train_loss: 0.5546, train_losses:[0.5540797478574209, 0.5541308622383528, 0.5555868025468307, 0.5535300104947672, 0.55550444053222]
epoch 1006
avg_train_loss: 0.5546, train_losses:[0.5540770305153303, 0.5541749686571956, 0.5555785160267215, 0.5535568442015798, 0.5555597804145636]
epoch 1007
avg_train_loss: 0.5546, train_losses:[0.5540628799486442, 0.5541417701001512, 0.5555844052087932, 0.5535399659602045, 0.5555207647105229]
epoch 1008
avg_train_loss: 0.5546, train_losses:[0.5540734110040815, 0.5541493440283722, 0.5555992349918618, 0.5535346119226331, 0.5555261799395369]
epoch 1009
avg_train_loss: 0.5546, train_losses:[0.5540731851430669, 0.5541461739775284, 0.5555723640990989, 0.5534832484799446, 0.5555135918246832]
no_improve_num: 1
epoch 1010
avg_train_loss: 0.5546, train_losses:[0.5540731028631184, 0.5541843875555801, 0.5555965192159028, 0.5535130469012596, 0.5555296221953427]
avg_val_loss: 0.5751, val_losses:[0.5628533629636646, 0.5785281791523439, 0.5670848437569026, 0.5776772578508456, 0.5893473610681155]
epoch 1011
avg_train_loss: 0.5546, train_losses:[0.5540667346158678, 0.5541650668760594, 0.555598794346802, 0.553516783197247, 0.5555205016175596]
epoch 1012
avg_train_loss: 0.5546, train_losses:[0.5540645030169083, 0.5541425507036944, 0.5555828207643063, 0.5535020843165034, 0.5554908249235485]
epoch 1013
avg_train_loss: 0.5546, train_losses:[0.554078091717102, 0.5541273742037451, 0.5555901570539592, 0.5534938289591533, 0.5554924797609365]
epoch 1014
avg_train_loss: 0.5546, train_losses:[0.5540654393028878, 0.554166101947466, 0.5555942544919374, 0.5534986291441825, 0.555499173842347]
epoch 1015
avg_train_loss: 0.5546, train_losses:[0.554048712335767, 0.5541601793186085, 0.555590123774173, 0.5535231862221898, 0.5554941167503298]
epoch 1016
avg_train_loss: 0.5546, train_losses:[0.5540694697067703, 0.5541529690760691, 0.5555745395393104, 0.5535230734688651, 0.5554784254630569]
epoch 1017
avg_train_loss: 0.5545, train_losses:[0.5540468916905388, 0.554131465183722, 0.5555458290224118, 0.5535079956626967, 0.5554985748185182]
epoch 1018
avg_train_loss: 0.5546, train_losses:[0.5540577911371805, 0.5541306338896533, 0.5555998244682961, 0.5535014648768567, 0.5554730517422386]
epoch 1019
avg_train_loss: 0.5545, train_losses:[0.5540351106686559, 0.5541252832908505, 0.555595849111188, 0.5534791082574521, 0.5554479842134166]
no_improve_num: 2
epoch 1020
avg_train_loss: 0.5545, train_losses:[0.5540492345540814, 0.5541174788317323, 0.5556018009201921, 0.5534943571029031, 0.555486662899094]
avg_val_loss: 0.5751, val_losses:[0.5628737071522667, 0.5785329239166742, 0.56709102929673, 0.5775483493859022, 0.5893747305498546]
epoch 1021
avg_train_loss: 0.5545, train_losses:[0.5540259072365716, 0.5540957781006821, 0.5555941370157792, 0.5534698402076765, 0.5554733518060478]
epoch 1022
avg_train_loss: 0.5545, train_losses:[0.5540574757459855, 0.554106848949118, 0.5555763840227306, 0.553490162175782, 0.555485177629874]
epoch 1023
avg_train_loss: 0.5545, train_losses:[0.5540173453990911, 0.5541304995485596, 0.5555739585656058, 0.5534733218545448, 0.5554824241999478]
epoch 1024
avg_train_loss: 0.5545, train_losses:[0.5540360156645898, 0.5541041945211179, 0.5555820117911761, 0.5534616652118148, 0.5554554218417946]
epoch 1025
avg_train_loss: 0.5545, train_losses:[0.5540444697913227, 0.5541037901659123, 0.5555798470369103, 0.5534741023806979, 0.5554524878994825]
epoch 1026
avg_train_loss: 0.5545, train_losses:[0.5539614919855772, 0.5540933910433105, 0.5555787941505028, 0.5534525864297489, 0.555431563634763]
epoch 1027
avg_train_loss: 0.5545, train_losses:[0.5540300239691277, 0.5541172641861747, 0.5555731358760959, 0.5534617783144133, 0.5554986018715489]
epoch 1028
avg_train_loss: 0.5545, train_losses:[0.5540126577963138, 0.554083088113567, 0.5555657871042321, 0.5534477291236868, 0.5554585625756483]
epoch 1029
avg_train_loss: 0.5545, train_losses:[0.5540119970619126, 0.554114428000361, 0.5555986136286635, 0.5534504385007052, 0.5554453257053329]
epoch 1030
avg_train_loss: 0.5545, train_losses:[0.5540165112436247, 0.5540772012776377, 0.5555934709699722, 0.5534411849585213, 0.5554790079748433]
avg_val_loss: 0.5750, val_losses:[0.5628130534510803, 0.5784786483197814, 0.5670779651023007, 0.5774997183985604, 0.589170736911976]
epoch 1031
avg_train_loss: 0.5545, train_losses:[0.5540057621252452, 0.5540954896015339, 0.555588921135856, 0.5534566702827072, 0.5554523032651958]
epoch 1032
avg_train_loss: 0.5545, train_losses:[0.5539962970697668, 0.5540446483751232, 0.5555832435078105, 0.5534313692066811, 0.5554309448038145]
epoch 1033
avg_train_loss: 0.5545, train_losses:[0.553999552136707, 0.554082437356381, 0.5555818103080478, 0.5534133497655757, 0.5553984365307504]
epoch 1034
avg_train_loss: 0.5545, train_losses:[0.5540070108391929, 0.5540847563593292, 0.5555653114340354, 0.553404994686989, 0.5554671161883806]
epoch 1035
avg_train_loss: 0.5545, train_losses:[0.5539721866253887, 0.554090845281215, 0.555564469566033, 0.5534261429921227, 0.5554433467977276]
epoch 1036
avg_train_loss: 0.5545, train_losses:[0.5539872167816485, 0.5540786570661496, 0.5555760126642263, 0.5534232827685319, 0.5554404888214008]
epoch 1037
avg_train_loss: 0.5545, train_losses:[0.5539547597644685, 0.554077268148807, 0.5555686873639698, 0.5534232760977076, 0.5554197627093372]
epoch 1038
avg_train_loss: 0.5545, train_losses:[0.5539700319216551, 0.5540594995219369, 0.5555570440659432, 0.5534116491391783, 0.5554434607731802]
epoch 1039
avg_train_loss: 0.5545, train_losses:[0.553972169913197, 0.5540658305272311, 0.5555776724092952, 0.5533886493101604, 0.5554156970607953]
no_improve_num: 1
epoch 1040
avg_train_loss: 0.5545, train_losses:[0.5539674757750281, 0.5540718551134922, 0.5555722919654018, 0.5533969348751127, 0.555420153202443]
avg_val_loss: 0.5751, val_losses:[0.562870541426333, 0.5784884283528622, 0.5671537073645514, 0.5777307304753393, 0.5891869860212943]
epoch 1041
avg_train_loss: 0.5545, train_losses:[0.5539789061463722, 0.5540379823907885, 0.5555728963964576, 0.553410204665916, 0.5554406795733708]
epoch 1042
avg_train_loss: 0.5545, train_losses:[0.5539676823720138, 0.5540561451156192, 0.5555808948359361, 0.5533905018238234, 0.5554164417441366]
epoch 1043
avg_train_loss: 0.5545, train_losses:[0.5539594659021784, 0.5540574182023617, 0.5555619670242803, 0.5533962812779131, 0.5554268947305193]
epoch 1044
avg_train_loss: 0.5545, train_losses:[0.5539656671313775, 0.5540383520059787, 0.5555710284740153, 0.5533755230311794, 0.555399368703569]
epoch 1045
avg_train_loss: 0.5545, train_losses:[0.5539715408680115, 0.5540442052851468, 0.55558314748908, 0.5533855937834493, 0.555435191270219]
epoch 1046
avg_train_loss: 0.5545, train_losses:[0.5539461434463835, 0.5540237484362533, 0.5555517973542055, 0.5533729383153805, 0.5553748711701282]
epoch 1047
avg_train_loss: 0.5545, train_losses:[0.5539501066613899, 0.554050187319064, 0.5555563220283879, 0.5533877666748783, 0.5554502985875627]
epoch 1048
avg_train_loss: 0.5545, train_losses:[0.5539557249923145, 0.5540283517225002, 0.5555805993747324, 0.5533862164918101, 0.5554006928357821]
epoch 1049
avg_train_loss: 0.5545, train_losses:[0.5539433835254733, 0.5540458440941529, 0.5555643432551821, 0.5533286814827391, 0.5554098198041412]
epoch 1050
avg_train_loss: 0.5545, train_losses:[0.5539342051026158, 0.5540246265279211, 0.5555614640129706, 0.5533641020220027, 0.5554110667280964]
avg_val_loss: 0.5750, val_losses:[0.5628162297872437, 0.5783337395471743, 0.5670406133307123, 0.5774585404356304, 0.5892818539666634]
epoch 1051
avg_train_loss: 0.5545, train_losses:[0.5539255486231341, 0.5540255193685155, 0.5555555729083654, 0.5533604665694085, 0.5553980070506515]
epoch 1052
avg_train_loss: 0.5544, train_losses:[0.5539285258229024, 0.5540179048288132, 0.5555425321485167, 0.5533542474783673, 0.5553788134345302]
epoch 1053
avg_train_loss: 0.5544, train_losses:[0.5539249076843099, 0.5539944226730305, 0.5555559100237805, 0.5533432115430562, 0.5553987313322117]
epoch 1054
avg_train_loss: 0.5544, train_losses:[0.5539193059861504, 0.5540042593415859, 0.5555826607867187, 0.553346900367336, 0.5553830350310454]
epoch 1055
avg_train_loss: 0.5544, train_losses:[0.5539299583607761, 0.5540096441956976, 0.5555570318159025, 0.5533371353946125, 0.555376678949597]
epoch 1056
avg_train_loss: 0.5544, train_losses:[0.553916401759151, 0.5540194446690999, 0.5555750363797767, 0.5533198494447994, 0.5553952918094055]
epoch 1057
avg_train_loss: 0.5544, train_losses:[0.5539194103385743, 0.5540102974670441, 0.5555674889759994, 0.5533252328661756, 0.5553827840390387]
epoch 1058
avg_train_loss: 0.5544, train_losses:[0.5539104564570263, 0.5540141506088677, 0.5555663494208092, 0.5533274193375333, 0.5553812055464274]
epoch 1059
avg_train_loss: 0.5544, train_losses:[0.5539123351489141, 0.5539926115661339, 0.5555574794627313, 0.553333873807555, 0.5553858442491922]
epoch 1060
avg_train_loss: 0.5544, train_losses:[0.553905502951996, 0.5539965073173257, 0.555539888825998, 0.5533195538573276, 0.5553806920561192]
avg_val_loss: 0.5750, val_losses:[0.5628144038013541, 0.5784134551672983, 0.5670746012970254, 0.5772176079937746, 0.5892480249741222]
epoch 1061
avg_train_loss: 0.5544, train_losses:[0.5538854232903047, 0.5539890601296744, 0.5555801719959675, 0.5533141689044416, 0.5553642683330905]
epoch 1062
avg_train_loss: 0.5544, train_losses:[0.5538767063243383, 0.5539499844858187, 0.5555607512113145, 0.5533001593741125, 0.55536594396327]
epoch 1063
avg_train_loss: 0.5544, train_losses:[0.5539015097788688, 0.554006156231352, 0.5555747254690621, 0.5532758930202193, 0.5553689351560184]
epoch 1064
avg_train_loss: 0.5544, train_losses:[0.5538901259088009, 0.5539823159976159, 0.5555466173995884, 0.5532793838836394, 0.5553594982874952]
epoch 1065
avg_train_loss: 0.5544, train_losses:[0.5538817616666137, 0.5539296984684766, 0.5555582220371793, 0.5532856827669443, 0.5553623221155821]
epoch 1066
avg_train_loss: 0.5544, train_losses:[0.5538909241511807, 0.5539565082556338, 0.5555591778967481, 0.5532969952731429, 0.5553548510965467]
epoch 1067
avg_train_loss: 0.5544, train_losses:[0.5538798882005953, 0.5539600095259878, 0.5555608250394478, 0.5532815472000782, 0.555377559602725]
epoch 1068
avg_train_loss: 0.5544, train_losses:[0.5539044833392649, 0.5539658039957962, 0.5555330378314284, 0.5532840526154481, 0.5553794580110684]
epoch 1069
avg_train_loss: 0.5544, train_losses:[0.5538792475163438, 0.5539200904367969, 0.5555316657780028, 0.5532739650277733, 0.5553676492247048]
no_improve_num: 1
epoch 1070
avg_train_loss: 0.5544, train_losses:[0.5538638635385871, 0.5539763202065875, 0.5555289042217175, 0.5532848673144285, 0.5553600000597112]
avg_val_loss: 0.5750, val_losses:[0.5627854543499923, 0.578413089214167, 0.5670841939302356, 0.5772277936186639, 0.5896090912225795]
epoch 1071
avg_train_loss: 0.5544, train_losses:[0.5538563393681368, 0.5539423105461481, 0.5555228991642409, 0.5532514723534913, 0.5553667564991314]
epoch 1072
avg_train_loss: 0.5544, train_losses:[0.5538516682657467, 0.5539364425261998, 0.5555412771842989, 0.5532600329639311, 0.5553658703677851]
epoch 1073
avg_train_loss: 0.5544, train_losses:[0.5538454133074419, 0.5539192649011637, 0.5555368607931437, 0.5532870397394802, 0.5553728437120673]
epoch 1074
avg_train_loss: 0.5544, train_losses:[0.5538823137595492, 0.5539364822751885, 0.5555727574547252, 0.5532589024521832, 0.5553664551604652]
epoch 1075
avg_train_loss: 0.5544, train_losses:[0.5538559035110813, 0.5539137651054201, 0.5555383606380152, 0.5532370548957918, 0.5553535378515289]
epoch 1076
avg_train_loss: 0.5544, train_losses:[0.553835091773522, 0.553909176599667, 0.5555298355954612, 0.5532485557664759, 0.5553430801689486]
epoch 1077
avg_train_loss: 0.5544, train_losses:[0.5538474795074325, 0.5539153127743279, 0.5555293766435659, 0.5532664560899381, 0.5553318512306132]
epoch 1078
avg_train_loss: 0.5544, train_losses:[0.5538268651268865, 0.5539010842401557, 0.5555267255331579, 0.553289724309912, 0.5553070437929353]
epoch 1079
avg_train_loss: 0.5544, train_losses:[0.5538510408070585, 0.5539019400281958, 0.5555309363048868, 0.5532512175017322, 0.5553324083918934]
epoch 1080
avg_train_loss: 0.5544, train_losses:[0.5538401245321399, 0.5538844353912281, 0.5555370161456535, 0.5532402979397703, 0.5553541824036289]
avg_val_loss: 0.5749, val_losses:[0.5627640677114254, 0.5783494998885094, 0.5670369254755847, 0.5770788531380304, 0.5894845979274981]
epoch 1081
avg_train_loss: 0.5544, train_losses:[0.5538199787935463, 0.5538865686426255, 0.5555142201723821, 0.5532231668007362, 0.5553434120390085]
epoch 1082
avg_train_loss: 0.5544, train_losses:[0.5538252535205057, 0.5538798795675243, 0.5554985591950372, 0.553227182480131, 0.5553462789882088]
epoch 1083
avg_train_loss: 0.5544, train_losses:[0.5538239195389437, 0.5538786204435878, 0.5555280694736058, 0.5531948714156169, 0.5553492419100922]
epoch 1084
avg_train_loss: 0.5544, train_losses:[0.5538055020743661, 0.5538838531080014, 0.5555108056960606, 0.5532311713173754, 0.5553403852276583]
epoch 1085
avg_train_loss: 0.5543, train_losses:[0.5538090368475119, 0.5538628494816515, 0.5555284559557678, 0.5532058153463004, 0.5552953432105483]
epoch 1086
avg_train_loss: 0.5543, train_losses:[0.5538106327375895, 0.5538614370041104, 0.5555163124080367, 0.5532034347061986, 0.5553346291190535]
epoch 1087
avg_train_loss: 0.5543, train_losses:[0.5538053133137654, 0.5538709464407833, 0.5554959699722823, 0.5531960262400805, 0.5553441832336683]
epoch 1088
avg_train_loss: 0.5543, train_losses:[0.5538007150130713, 0.5538873202218206, 0.555505735991809, 0.5531841619841104, 0.5553272234435549]
epoch 1089
avg_train_loss: 0.5543, train_losses:[0.5538340459479443, 0.5538818438416783, 0.5555029855328588, 0.5531720105059289, 0.5553420389042342]
epoch 1090
avg_train_loss: 0.5543, train_losses:[0.5538007902199705, 0.5538623098454697, 0.5555051558469933, 0.5531969687702202, 0.555320031654807]
avg_val_loss: 0.5749, val_losses:[0.5627167938111404, 0.5783068497796454, 0.566995222784871, 0.577283152803072, 0.5892965829783023]
epoch 1091
avg_train_loss: 0.5543, train_losses:[0.5537787524376576, 0.5538743697935472, 0.5555154674057347, 0.5531813183291322, 0.5553309729805699]
epoch 1092
avg_train_loss: 0.5543, train_losses:[0.5537865972679403, 0.5538611515140119, 0.5555377743223561, 0.5531837261219633, 0.5553208918776427]
epoch 1093
avg_train_loss: 0.5543, train_losses:[0.5537781575235494, 0.553864617349876, 0.5555167032484842, 0.5531556381749378, 0.5553091969119569]
epoch 1094
avg_train_loss: 0.5543, train_losses:[0.5537839458581547, 0.5538554743492888, 0.5555071946162612, 0.5531906608373632, 0.5553059269206615]
epoch 1095
avg_train_loss: 0.5543, train_losses:[0.5537715925404432, 0.5538539067890849, 0.5555060094538542, 0.5531502838827936, 0.5553069431444196]
epoch 1096
avg_train_loss: 0.5543, train_losses:[0.5537892120335064, 0.5538491913126283, 0.5554811508120253, 0.55317799276998, 0.5553318547863639]
epoch 1097
avg_train_loss: 0.5543, train_losses:[0.5537810981422322, 0.5538487138054347, 0.5555040053186995, 0.5531633201499426, 0.5552988252272221]
epoch 1098
avg_train_loss: 0.5543, train_losses:[0.5537617355956774, 0.5538458537009838, 0.5555207871472656, 0.5531685577612138, 0.5552653111532703]
epoch 1099
avg_train_loss: 0.5543, train_losses:[0.5537849290792025, 0.5538382391012024, 0.5555172302486932, 0.553140946624871, 0.5553355380471195]
no_improve_num: 1
epoch 1100
avg_train_loss: 0.5543, train_losses:[0.5537665725858161, 0.55382894889036, 0.5554971682238018, 0.5531744203709821, 0.5552845948972841]
avg_val_loss: 0.5749, val_losses:[0.5628099288423318, 0.5783360075947365, 0.5669324664090751, 0.5771441402633415, 0.5894038580753166]
epoch 1101
avg_train_loss: 0.5543, train_losses:[0.5537579106890264, 0.5538430924461126, 0.5555246526205931, 0.5531582464020575, 0.5553128333084894]
epoch 1102
avg_train_loss: 0.5543, train_losses:[0.5537616484075664, 0.5537995302763098, 0.5555160015156513, 0.5531615985559155, 0.5553028900855973]
epoch 1103
avg_train_loss: 0.5543, train_losses:[0.553765447714382, 0.5538351219546487, 0.5554968796605012, 0.5531432482547567, 0.5553050307452361]
epoch 1104
avg_train_loss: 0.5543, train_losses:[0.5537508604780441, 0.5538127042235286, 0.5555111318302256, 0.553139275492254, 0.55529448781832]
epoch 1105
avg_train_loss: 0.5543, train_losses:[0.5537415318185706, 0.5538477495327456, 0.5555172278271973, 0.5531614757571502, 0.5552745070983042]
epoch 1106
avg_train_loss: 0.5543, train_losses:[0.5537424148112728, 0.5538120057013671, 0.5555050055024385, 0.5531432649414911, 0.5553106172082853]
epoch 1107
avg_train_loss: 0.5543, train_losses:[0.5537185958913855, 0.5538328792665004, 0.555505817027406, 0.553127269885275, 0.5552799491400404]
epoch 1108
avg_train_loss: 0.5543, train_losses:[0.5537136350546601, 0.553817060065065, 0.5554966111514233, 0.553143763172943, 0.5552599268751717]
epoch 1109
avg_train_loss: 0.5543, train_losses:[0.5537545101795841, 0.5538111751913825, 0.5555096079149916, 0.5531400297739933, 0.5552888713737353]
epoch 1110
avg_train_loss: 0.5543, train_losses:[0.55372803851595, 0.5538072031162261, 0.5554772857297215, 0.5531197738715891, 0.5552696155095762]
avg_val_loss: 0.5749, val_losses:[0.5627473723176433, 0.5782907504078728, 0.5670085186855347, 0.5769820153851709, 0.5892842494933054]
epoch 1111
avg_train_loss: 0.5543, train_losses:[0.5537501106513277, 0.5537895642012988, 0.5555235528622514, 0.5531333010405314, 0.5552971914718104]
epoch 1112
avg_train_loss: 0.5543, train_losses:[0.5537510620772575, 0.5538017766292874, 0.5554759558600185, 0.5531153406643764, 0.5552663811042984]
epoch 1113
avg_train_loss: 0.5543, train_losses:[0.5536969202214947, 0.5537973401207754, 0.5554864233109641, 0.5531421167664676, 0.5552731586664251]
epoch 1114
avg_train_loss: 0.5543, train_losses:[0.5537638655895619, 0.5537998497579797, 0.5555122450524108, 0.5531280652723669, 0.5552444111515593]
epoch 1115
avg_train_loss: 0.5543, train_losses:[0.5537266121489197, 0.5538002907360208, 0.5554671848798248, 0.5531412117175826, 0.5552526187974931]
epoch 1116
avg_train_loss: 0.5543, train_losses:[0.553701923288784, 0.553772429367905, 0.5554783565624895, 0.5531229536012887, 0.5552634598657508]
epoch 1117
avg_train_loss: 0.5543, train_losses:[0.553710224523198, 0.5538054765285, 0.555520453060248, 0.5531298514026219, 0.5552621921734421]
epoch 1118
avg_train_loss: 0.5543, train_losses:[0.5537134688960462, 0.5537812515467514, 0.5554728094671293, 0.5531153252871641, 0.5552773714733528]
epoch 1119
avg_train_loss: 0.5543, train_losses:[0.5537246446070699, 0.5537894424635927, 0.5555294505368699, 0.5530939269345684, 0.5552677663481755]
epoch 1120
avg_train_loss: 0.5543, train_losses:[0.5537097711922689, 0.5537582171080595, 0.5554639858229622, 0.5530954386404933, 0.555275475948711]
avg_val_loss: 0.5749, val_losses:[0.5627481617309429, 0.5783700647535945, 0.5669848408972091, 0.5769587942318006, 0.5892192702465464]
epoch 1121
avg_train_loss: 0.5543, train_losses:[0.5537001090445329, 0.5537651109166738, 0.5554836045532007, 0.5530944460277477, 0.555239860760118]
epoch 1122
avg_train_loss: 0.5543, train_losses:[0.5536872629534092, 0.5537473905669794, 0.5555216776325529, 0.5531120497423921, 0.5552722035136007]
epoch 1123
avg_train_loss: 0.5543, train_losses:[0.5536927463648508, 0.5537937215830128, 0.5554978058979851, 0.5531303918951865, 0.5552567538666696]
epoch 1124
avg_train_loss: 0.5543, train_losses:[0.5536952507537833, 0.5537698225399172, 0.5554998432884871, 0.5531092204320792, 0.5552645427771437]
epoch 1125
avg_train_loss: 0.5542, train_losses:[0.5536689354487306, 0.5537703965098164, 0.5554811761247027, 0.5530882191976949, 0.5552405611004385]
epoch 1126
avg_train_loss: 0.5543, train_losses:[0.5536694796173256, 0.5537571629864649, 0.5554839528351946, 0.5531096265316172, 0.5552618053012555]
epoch 1127
avg_train_loss: 0.5543, train_losses:[0.5536868186587944, 0.5537522307555701, 0.5554890935306208, 0.5531051093988979, 0.5552552943796967]
epoch 1128
avg_train_loss: 0.5543, train_losses:[0.5536745516677197, 0.5537584509310913, 0.555475517381882, 0.5531161374332891, 0.5552396003472051]
epoch 1129
avg_train_loss: 0.5542, train_losses:[0.5536671646590292, 0.5537408237387298, 0.5554475876212702, 0.5530887763036769, 0.5552598933623237]
no_improve_num: 1
epoch 1130
avg_train_loss: 0.5542, train_losses:[0.5536687162493756, 0.5537252722317395, 0.5554472899829603, 0.5530829654678956, 0.5552604759596436]
avg_val_loss: 0.5749, val_losses:[0.5626550430977493, 0.5782951822742928, 0.5670267351341326, 0.5771132182420009, 0.5893324188615143]
epoch 1131
avg_train_loss: 0.5542, train_losses:[0.5536677113244738, 0.5537377391856341, 0.555449891582024, 0.5530845036534595, 0.5552744643804202]
epoch 1132
avg_train_loss: 0.5542, train_losses:[0.5536582112377487, 0.5537378846373007, 0.5554870848518516, 0.5530746185794235, 0.5552666634993262]
epoch 1133
avg_train_loss: 0.5542, train_losses:[0.5536428519046706, 0.553678251166744, 0.5555331664456535, 0.5530903589132035, 0.5552848066375509]
epoch 1134
avg_train_loss: 0.5543, train_losses:[0.5536571714648926, 0.5537749395682243, 0.5555098436045509, 0.5530650602871855, 0.5552669375446532]
epoch 1135
avg_train_loss: 0.5542, train_losses:[0.5536453347119439, 0.5537400906099491, 0.5554870067306035, 0.5530734352061537, 0.5552500049256881]
epoch 1136
avg_train_loss: 0.5542, train_losses:[0.5536489671269761, 0.5537413717666477, 0.5554795368289533, 0.5530684631468433, 0.5552503104106934]
epoch 1137
avg_train_loss: 0.5542, train_losses:[0.5536445750403902, 0.5537243891769216, 0.5554772290801572, 0.5530549214723459, 0.5552233758602569]
epoch 1138
avg_train_loss: 0.5542, train_losses:[0.5536294962872113, 0.5537213183626077, 0.5554856033891691, 0.553047847981195, 0.5552583120267411]
epoch 1139
avg_train_loss: 0.5542, train_losses:[0.5536463842400277, 0.5537239578003462, 0.5554810495877912, 0.5530339922484455, 0.5552521828494307]
no_improve_num: 2
epoch 1140
avg_train_loss: 0.5542, train_losses:[0.5536519595176093, 0.5537017614049556, 0.5554678227861786, 0.5530505934861595, 0.5552469894251276]
avg_val_loss: 0.5749, val_losses:[0.5627147753381723, 0.578318405553782, 0.566996151744073, 0.5769228139617036, 0.5895400931432379]
epoch 1141
avg_train_loss: 0.5542, train_losses:[0.5536349149271996, 0.5536990213081346, 0.5554677793010802, 0.5530536549413608, 0.5552538317239104]
epoch 1142
avg_train_loss: 0.5542, train_losses:[0.5536249037011661, 0.5537200765333254, 0.5554686980235767, 0.5530380927300956, 0.5552616513286993]
epoch 1143
avg_train_loss: 0.5542, train_losses:[0.553628978135951, 0.5537165694302008, 0.5554595239630777, 0.5530407028379987, 0.5552623435799926]
epoch 1144
avg_train_loss: 0.5542, train_losses:[0.5536193630108563, 0.5537147183462182, 0.555479012798081, 0.5530196691893756, 0.5552485979033475]
epoch 1145
avg_train_loss: 0.5542, train_losses:[0.5536062363826015, 0.553693750072895, 0.5554822753779721, 0.5530608446989402, 0.5552488787261877]
epoch 1146
avg_train_loss: 0.5542, train_losses:[0.5536177594347182, 0.5537060858016664, 0.5554755314139318, 0.553062677908861, 0.5552480166297606]
epoch 1147
avg_train_loss: 0.5542, train_losses:[0.5536056954725377, 0.5537014507396492, 0.5554603012734679, 0.5530039949314797, 0.5552441178367521]
epoch 1148
avg_train_loss: 0.5542, train_losses:[0.5536123405727424, 0.5536990310928928, 0.5554836745362671, 0.5530244979731072, 0.5552503555764653]
epoch 1149
avg_train_loss: 0.5542, train_losses:[0.5536282457036813, 0.553681650240396, 0.5554634475400891, 0.5530768842045763, 0.5552514214829798]
epoch 1150
avg_train_loss: 0.5542, train_losses:[0.5535951492669671, 0.5537071844215588, 0.5554685014567573, 0.5530178878960026, 0.5552210949541556]
avg_val_loss: 0.5748, val_losses:[0.562542181348514, 0.5782868532237092, 0.5668932328104273, 0.5769111748453338, 0.5892310168750955]
epoch 1151
avg_train_loss: 0.5542, train_losses:[0.5536081931142741, 0.5537207325876612, 0.5554723898334857, 0.5530284113305501, 0.5552271049914178]
epoch 1152
avg_train_loss: 0.5542, train_losses:[0.5535980342360471, 0.5536918348121411, 0.5554740391044136, 0.5530050728210041, 0.5552585537689084]
epoch 1153
avg_train_loss: 0.5542, train_losses:[0.5536034812069275, 0.5537070383080029, 0.5554653334557332, 0.5530365200855647, 0.5552384686613402]
epoch 1154
avg_train_loss: 0.5542, train_losses:[0.553589949698029, 0.5536772408428633, 0.5554640587509263, 0.5530242047725094, 0.5552239799020524]
epoch 1155
avg_train_loss: 0.5542, train_losses:[0.5535890344540145, 0.5537086944849803, 0.5554609647572548, 0.5530204180487155, 0.5552320277713696]
epoch 1156
avg_train_loss: 0.5542, train_losses:[0.5535803889069049, 0.5536915765389243, 0.5554607691231899, 0.5530164671906702, 0.5551937825492094]
epoch 1157
avg_train_loss: 0.5542, train_losses:[0.5535629510301128, 0.5536853667357151, 0.5554469413588207, 0.5529778608526926, 0.5552633193382495]
epoch 1158
avg_train_loss: 0.5542, train_losses:[0.5535827701681642, 0.5537038913805109, 0.555473748494348, 0.5530286179967796, 0.5552129094410386]
epoch 1159
avg_train_loss: 0.5542, train_losses:[0.5535826788987428, 0.5536583372685696, 0.5554706461405076, 0.5530192593903863, 0.5552079946401424]
epoch 1160
avg_train_loss: 0.5542, train_losses:[0.553572914701957, 0.5536791153139349, 0.5554718191282275, 0.5529885250547681, 0.5552640917018673]
avg_val_loss: 0.5747, val_losses:[0.562555345051012, 0.5781758135828439, 0.5669520081629172, 0.5768537668887262, 0.5890463519578687]
epoch 1161
avg_train_loss: 0.5542, train_losses:[0.5535587224138525, 0.5536713396123726, 0.5554501257787686, 0.5530242491404661, 0.55521825210097]
epoch 1162
avg_train_loss: 0.5542, train_losses:[0.5535675536239217, 0.5536600543016714, 0.5554718432780166, 0.5529980642021173, 0.5551917724463072]
epoch 1163
avg_train_loss: 0.5542, train_losses:[0.5535405372906934, 0.5536611965777352, 0.555463945337749, 0.5529667059871037, 0.5552479050818306]
epoch 1164
avg_train_loss: 0.5542, train_losses:[0.5535629468103149, 0.553694755733003, 0.5554626251906885, 0.5530039573555239, 0.5552209746736605]
epoch 1165
avg_train_loss: 0.5542, train_losses:[0.5535579974578753, 0.5536530627361038, 0.5554616864709935, 0.552996199838602, 0.555221209858258]
epoch 1166
avg_train_loss: 0.5542, train_losses:[0.5535323040190566, 0.5536867651282553, 0.5554731914484452, 0.5530034498046729, 0.5552042369041283]
epoch 1167
avg_train_loss: 0.5542, train_losses:[0.553527132271865, 0.5536723159548647, 0.5554592497576801, 0.5530076107870637, 0.5552392275880493]
epoch 1168
avg_train_loss: 0.5542, train_losses:[0.5535488567382599, 0.5536293989273914, 0.555485456763413, 0.5529811552959271, 0.5552198499119377]
epoch 1169
avg_train_loss: 0.5542, train_losses:[0.5535513305356946, 0.5536837744116926, 0.5554414320216904, 0.5529926358476328, 0.5552083106091135]
epoch 1170
avg_train_loss: 0.5542, train_losses:[0.5535290241546942, 0.553665941040863, 0.5554496163379695, 0.5529539568270992, 0.5552092762825609]
avg_val_loss: 0.5747, val_losses:[0.5624318221227318, 0.5782616796414677, 0.5669292693941649, 0.5766048780210328, 0.5892009920699796]
epoch 1171
avg_train_loss: 0.5542, train_losses:[0.5535299294479692, 0.5536748324594235, 0.5554354124780062, 0.5529894745897317, 0.5552234575773534]
epoch 1172
avg_train_loss: 0.5542, train_losses:[0.5535276398614111, 0.5536601425671344, 0.5554433867391835, 0.5529596160495351, 0.5552321928184801]
epoch 1173
avg_train_loss: 0.5542, train_losses:[0.553519699464519, 0.5536535126231726, 0.5554412274755428, 0.5529746738157367, 0.5552062193145351]
epoch 1174
avg_train_loss: 0.5542, train_losses:[0.5535200789958268, 0.5536358355966685, 0.5554598710801468, 0.5529743830529277, 0.5552001197399689]
epoch 1175
avg_train_loss: 0.5542, train_losses:[0.5535153324869523, 0.5536513052829595, 0.55542860853459, 0.552977062782404, 0.5552249627229342]
epoch 1176
avg_train_loss: 0.5542, train_losses:[0.553532490944697, 0.5536386335039055, 0.5554449079457633, 0.5529829101850147, 0.5552138489982511]
epoch 1177
avg_train_loss: 0.5542, train_losses:[0.5535092917159742, 0.5536564538507933, 0.5554464720794182, 0.5529749487410661, 0.555213268193062]
epoch 1178
avg_train_loss: 0.5541, train_losses:[0.5535026628188157, 0.5536411573187754, 0.5554100878702937, 0.552954938158199, 0.5552175002450319]
epoch 1179
avg_train_loss: 0.5541, train_losses:[0.5535189053339982, 0.5536288409864107, 0.5554138722061952, 0.5529780869031093, 0.5551946050802736]
no_improve_num: 1
epoch 1180
avg_train_loss: 0.5541, train_losses:[0.5534543331663988, 0.5536437788417204, 0.5554594517356979, 0.5529477947827557, 0.5551999954882746]
avg_val_loss: 0.5748, val_losses:[0.5626080724260138, 0.5782383607843786, 0.5669260409029191, 0.5768075754558745, 0.589262636047429]
epoch 1181
avg_train_loss: 0.5541, train_losses:[0.5535200354272285, 0.5536286386173693, 0.5554190375931414, 0.5529701289406977, 0.5551913083332785]
epoch 1182
avg_train_loss: 0.5541, train_losses:[0.5535082957438867, 0.5536365868479739, 0.5554421525195897, 0.5529449572161395, 0.5551763879596266]
epoch 1183
avg_train_loss: 0.5542, train_losses:[0.5534977000310447, 0.553634639735078, 0.5554497014263646, 0.5529636304957795, 0.5552117052716246]
epoch 1184
avg_train_loss: 0.5541, train_losses:[0.553495234803547, 0.5536340634475486, 0.5554470625211924, 0.5529252593728374, 0.5552209946966503]
epoch 1185
avg_train_loss: 0.5541, train_losses:[0.5534999510182645, 0.5536197034896864, 0.5554175641749576, 0.5529655618292383, 0.5552076416555219]
epoch 1186
avg_train_loss: 0.5541, train_losses:[0.553496837039614, 0.5536238864824371, 0.5554567900085879, 0.5529563501225214, 0.5552121761988238]
epoch 1187
avg_train_loss: 0.5541, train_losses:[0.5534964967043631, 0.5536127741264238, 0.5554054330768521, 0.5529206496469184, 0.5551833375174442]
epoch 1188
avg_train_loss: 0.5541, train_losses:[0.5534794523461237, 0.5536518159538542, 0.5554504854574753, 0.5529209270864083, 0.5552019419542374]
epoch 1189
avg_train_loss: 0.5541, train_losses:[0.5534970314150713, 0.5536398389313216, 0.5554237700434904, 0.5529369559203547, 0.5552005928136521]
no_improve_num: 2
epoch 1190
avg_train_loss: 0.5541, train_losses:[0.5534736436701376, 0.553646559312761, 0.555432545355494, 0.5529440260002308, 0.5552140339543068]
avg_val_loss: 0.5748, val_losses:[0.5625611194800823, 0.578268801854806, 0.56691440947642, 0.5768254159724303, 0.589292461475171]
epoch 1191
avg_train_loss: 0.5541, train_losses:[0.5534597097692986, 0.5536095754554935, 0.5554556300855413, 0.5529426316625253, 0.5552059455624659]
epoch 1192
avg_train_loss: 0.5541, train_losses:[0.5534632633400961, 0.5536376799945523, 0.5554436389169104, 0.5529232907852029, 0.5552179034419019]
epoch 1193
avg_train_loss: 0.5541, train_losses:[0.5534926785265788, 0.5536120134070488, 0.5554390906754013, 0.5529271909282837, 0.5551944896181669]
epoch 1194
avg_train_loss: 0.5541, train_losses:[0.5534497152554568, 0.5536114273418893, 0.5554419957149969, 0.5529219971849884, 0.5551963169359356]
epoch 1195
avg_train_loss: 0.5541, train_losses:[0.5534690631732432, 0.5535959826841725, 0.5554456365431492, 0.5529406075108245, 0.5552023254906169]
epoch 1196
avg_train_loss: 0.5541, train_losses:[0.5534806220916052, 0.5536143513166057, 0.5554287583190848, 0.5529128629702158, 0.5552179249637649]
epoch 1197
avg_train_loss: 0.5541, train_losses:[0.5534696243758098, 0.5536078568674614, 0.5554141815202296, 0.5529333889366284, 0.5551895204709009]
epoch 1198
avg_train_loss: 0.5541, train_losses:[0.5534491293206386, 0.5536293577965817, 0.5554095358486386, 0.5529244494323308, 0.5552072483601752]
epoch 1199
avg_train_loss: 0.5541, train_losses:[0.5534643662938349, 0.5536145865978304, 0.5554458488221986, 0.5529251937460198, 0.5552165054901874]
no_improve_num: 3
epoch 1200
avg_train_loss: 0.5541, train_losses:[0.5534331216009557, 0.553613838125441, 0.5554446462653448, 0.5528959086726866, 0.5552054984991189]
avg_val_loss: 0.5747, val_losses:[0.5624336232550242, 0.5782357549282865, 0.5668458794739397, 0.5767573706028777, 0.5891671460987506]
batch_size:32, weight_decay:0.01, learning_rate:0.0001, model_name:noisyFCN, init_noiselevel:0.005
fold 0
model_name noisyFCN
using Adam as optimizer
fold 1
model_name noisyFCN
using Adam as optimizer
fold 2
model_name noisyFCN
using Adam as optimizer
fold 3
model_name noisyFCN
using Adam as optimizer
fold 4
model_name noisyFCN
using Adam as optimizer
epoch 0
avg_train_loss: 0.7852, train_losses:[0.7870629010546067, 0.7746505545499397, 0.7888552579005008, 0.7839485965428584, 0.7915151437661255]
avg_val_loss: 0.7134, val_losses:[0.7116348647193145, 0.7106631116754976, 0.7248127985818473, 0.7233894372126501, 0.6966660900185054]
epoch 1
avg_train_loss: 0.6902, train_losses:[0.6940659846138424, 0.6783628315583778, 0.688077833124044, 0.6991939887373384, 0.6913328407174726]
epoch 2
avg_train_loss: 0.6658, train_losses:[0.667812360207954, 0.655897110475565, 0.6616240703225009, 0.6737591062346615, 0.669843828375098]
epoch 3
avg_train_loss: 0.6545, train_losses:[0.6555354421219494, 0.6459958894258399, 0.6502655832512588, 0.6615079813107487, 0.6591286617980981]
epoch 4
avg_train_loss: 0.6474, train_losses:[0.6477789627205146, 0.639468931911885, 0.6437143516596737, 0.653837652921587, 0.6521484795385034]
epoch 5
avg_train_loss: 0.6421, train_losses:[0.6418702261686675, 0.6344792338424, 0.6391254067196935, 0.648352115775098, 0.6467943624327934]
epoch 6
avg_train_loss: 0.6378, train_losses:[0.6370451061625498, 0.6304817453628072, 0.6354023459856456, 0.6440059518257693, 0.6422993839275842]
epoch 7
avg_train_loss: 0.6341, train_losses:[0.632900224748412, 0.6270591361670856, 0.6323005378859319, 0.6403116420673576, 0.6381478865843613]
epoch 8
avg_train_loss: 0.6308, train_losses:[0.6292121675390286, 0.6240310990093925, 0.6294610421336678, 0.6370076262438086, 0.6342867989226966]
epoch 9
avg_train_loss: 0.6278, train_losses:[0.6260076176298651, 0.6213536596043238, 0.6267404758425541, 0.6339832347287476, 0.6309241456983519]
epoch 10
avg_train_loss: 0.6250, train_losses:[0.6228791514133639, 0.6189266011049136, 0.6243473000613919, 0.6310128271885229, 0.6280085489864605]
avg_val_loss: 0.6288, val_losses:[0.6182112848439373, 0.6352583474029164, 0.6351901051270533, 0.6317787708701113, 0.6234700541929055]
epoch 11
avg_train_loss: 0.6224, train_losses:[0.619927133146331, 0.6166612813212635, 0.6220296007985603, 0.6281501592268692, 0.6253608458800053]
epoch 12
avg_train_loss: 0.6200, train_losses:[0.6172023047758786, 0.6145375591704064, 0.6199043764424331, 0.6255172342535502, 0.6229252475922887]
epoch 13
avg_train_loss: 0.6177, train_losses:[0.6145519582510084, 0.6125043105467313, 0.6177963720854849, 0.6230192347812665, 0.6206633442898535]
epoch 14
avg_train_loss: 0.6156, train_losses:[0.6121047187190388, 0.6106200181460745, 0.6157898739925777, 0.6207849146927386, 0.6185159198822701]
epoch 15
avg_train_loss: 0.6135, train_losses:[0.609737405571853, 0.608810485370599, 0.6138940472937984, 0.6186007043127767, 0.6164336792347747]
epoch 16
avg_train_loss: 0.6115, train_losses:[0.6074703156013298, 0.6070237643763443, 0.6120192096598079, 0.616564918031584, 0.6144670993435883]
epoch 17
avg_train_loss: 0.6096, train_losses:[0.6052860596029499, 0.6053741303768231, 0.6102549514356838, 0.6145694908441369, 0.612564504325789]
epoch 18
avg_train_loss: 0.6078, train_losses:[0.6032559445926121, 0.6038046169420308, 0.6084996972887436, 0.6126801989055874, 0.6107757059548973]
epoch 19
avg_train_loss: 0.6061, train_losses:[0.6012510337078335, 0.6022628045250721, 0.6068349303303774, 0.6108779532770416, 0.609162219653808]
epoch 20
avg_train_loss: 0.6044, train_losses:[0.5994741345863663, 0.6006799364625994, 0.6052219314692828, 0.6091963136249495, 0.6076733693857247]
avg_val_loss: 0.6117, val_losses:[0.5975554828372046, 0.6180675129788128, 0.6154563176969174, 0.615774846873649, 0.6115182301364614]
epoch 21
avg_train_loss: 0.6029, train_losses:[0.5976778131202243, 0.5991505470572243, 0.6036815693451195, 0.6076411126681656, 0.6062488415429578]
epoch 22
avg_train_loss: 0.6014, train_losses:[0.596112469244888, 0.5976679537926577, 0.6022246156497416, 0.6060790165229829, 0.604958307556528]
epoch 23
avg_train_loss: 0.6000, train_losses:[0.5945057939382524, 0.5963358650869979, 0.6008252110749114, 0.6045699777607875, 0.6037357072817492]
epoch 24
avg_train_loss: 0.5987, train_losses:[0.5930123912378579, 0.5950536669129518, 0.599477252856095, 0.6031508034350186, 0.6025936987876762]
epoch 25
avg_train_loss: 0.5974, train_losses:[0.5915659603538335, 0.5938917037835187, 0.5981731382657658, 0.6016851936430365, 0.6014787965383265]
epoch 26
avg_train_loss: 0.5961, train_losses:[0.5902731809592627, 0.5926930475097313, 0.5969390774521026, 0.6003010810505001, 0.6004208100246116]
epoch 27
avg_train_loss: 0.5949, train_losses:[0.5889145238971296, 0.5915955994523219, 0.5957309214011505, 0.5990136677113711, 0.5993485100220115]
epoch 28
avg_train_loss: 0.5938, train_losses:[0.5876864415329994, 0.590490385942449, 0.5945651249254708, 0.5977479151241698, 0.5983345559773361]
epoch 29
avg_train_loss: 0.5927, train_losses:[0.5864738626939882, 0.5894687555451077, 0.5934605841291742, 0.5964638663864879, 0.5974050291626932]
epoch 30
avg_train_loss: 0.5916, train_losses:[0.5853910955251389, 0.5884841353838618, 0.5924637523413347, 0.5952855210985375, 0.5964949988587332]
avg_val_loss: 0.6016, val_losses:[0.5849709544975901, 0.6073569800336618, 0.6026269954231995, 0.6073880757369254, 0.6057323816208451]
epoch 31
avg_train_loss: 0.5906, train_losses:[0.5844326570773143, 0.5875504609297553, 0.591464851092937, 0.5941696662624961, 0.5956086051607451]
epoch 32
avg_train_loss: 0.5897, train_losses:[0.5834972226131349, 0.5866683702113367, 0.590502164868689, 0.5931800094588705, 0.5948519157641602]
epoch 33
avg_train_loss: 0.5889, train_losses:[0.582631767950854, 0.5858290418409717, 0.589595314246009, 0.5921758373540373, 0.5940451186684388]
epoch 34
avg_train_loss: 0.5880, train_losses:[0.5818463181958117, 0.585018074552806, 0.5887239051943747, 0.5912160861784203, 0.593319120548194]
epoch 35
avg_train_loss: 0.5872, train_losses:[0.5811453580766713, 0.5842487031562924, 0.5879509483769582, 0.5902830049470406, 0.5925930136374572]
epoch 36
avg_train_loss: 0.5865, train_losses:[0.5805274301359422, 0.5835880250360869, 0.5871302017703854, 0.5894241597213593, 0.5919090383436016]
epoch 37
avg_train_loss: 0.5858, train_losses:[0.5799533010779575, 0.5829380335804378, 0.5863234430198182, 0.5885065205897494, 0.5912635997905095]
epoch 38
avg_train_loss: 0.5851, train_losses:[0.5793964253070842, 0.5822717577761759, 0.5855704260405207, 0.5877527810199645, 0.5906616780044962]
epoch 39
avg_train_loss: 0.5845, train_losses:[0.578844620397241, 0.5816797814965676, 0.5848202902687363, 0.5869020068236531, 0.5900318359919743]
epoch 40
avg_train_loss: 0.5838, train_losses:[0.5783118533396512, 0.5811164249593259, 0.5840984478526174, 0.5860949232626993, 0.5895161114177923]
avg_val_loss: 0.5959, val_losses:[0.579759334180302, 0.6005143497719112, 0.5943279070852232, 0.6026001002466937, 0.6020989988005311]
epoch 41
avg_train_loss: 0.5832, train_losses:[0.5778022065056594, 0.5806353991588937, 0.5834833364314481, 0.5853445083875376, 0.5889413281185666]
epoch 42
avg_train_loss: 0.5827, train_losses:[0.5773396348832681, 0.5800889368308484, 0.5828645186652841, 0.5846329006878855, 0.5884090138333766]
epoch 43
avg_train_loss: 0.5821, train_losses:[0.5770173849567308, 0.5796224309740123, 0.5822470317158337, 0.5838951994689947, 0.5878826447062371]
epoch 44
avg_train_loss: 0.5816, train_losses:[0.5766157867434606, 0.5791878048264993, 0.5817337315042714, 0.5832314722556405, 0.5873979257114992]
epoch 45
avg_train_loss: 0.5812, train_losses:[0.5762965952213247, 0.5788092460537664, 0.5811494544597002, 0.5826136983619722, 0.5869334488638734]
epoch 46
avg_train_loss: 0.5807, train_losses:[0.5759315209124466, 0.5783666460727583, 0.5806214217444441, 0.5820035419834525, 0.586465647605268]
epoch 47
avg_train_loss: 0.5802, train_losses:[0.5756089709199936, 0.5779590597891419, 0.5801898124530236, 0.5813695743670326, 0.5860083387762174]
epoch 48
avg_train_loss: 0.5798, train_losses:[0.5753042282321575, 0.5775762764631298, 0.5797181504817991, 0.5808338924026075, 0.5855503859204869]
epoch 49
avg_train_loss: 0.5794, train_losses:[0.5750029832374192, 0.5772038372282197, 0.5792675143132656, 0.5803104588739587, 0.5851409313244395]
epoch 50
avg_train_loss: 0.5790, train_losses:[0.5747239573561432, 0.5768395731429332, 0.578854814290422, 0.5798319574688221, 0.5846989662762595]
avg_val_loss: 0.5925, val_losses:[0.5772911507126671, 0.5965696191207721, 0.5893850229518636, 0.5993870834810936, 0.5997376687348117]
epoch 51
avg_train_loss: 0.5786, train_losses:[0.5744346299666582, 0.5765097554243963, 0.5784177819946179, 0.5793737458955457, 0.584263866303217]
epoch 52
avg_train_loss: 0.5782, train_losses:[0.5742009596886232, 0.5761692758814932, 0.5779893349182921, 0.578931661273644, 0.583843208701783]
epoch 53
avg_train_loss: 0.5779, train_losses:[0.5739001090678021, 0.5758422310691131, 0.5777170837290054, 0.5785442203630548, 0.5835322117983065]
epoch 54
avg_train_loss: 0.5776, train_losses:[0.5737236084054824, 0.5755568898550597, 0.5772988004187033, 0.5781439924619324, 0.5830903829235644]
epoch 55
avg_train_loss: 0.5772, train_losses:[0.5734590127034154, 0.5752428395578614, 0.5769488341816384, 0.5777813774194765, 0.5827652809967577]
epoch 56
avg_train_loss: 0.5769, train_losses:[0.5732584117796276, 0.5749625531911939, 0.5765594672805632, 0.5774230878918148, 0.5824406062732291]
epoch 57
avg_train_loss: 0.5766, train_losses:[0.5730278527919549, 0.5747069156373142, 0.5763224224757989, 0.5770797182160781, 0.582106233718406]
epoch 58
avg_train_loss: 0.5763, train_losses:[0.5728226916148974, 0.5744258691530817, 0.5760144001781731, 0.5767259953548827, 0.5817475917765527]
epoch 59
avg_train_loss: 0.5761, train_losses:[0.5725994348896659, 0.574182940825907, 0.5757302002504044, 0.5763700130770545, 0.5813725747476596]
epoch 60
avg_train_loss: 0.5758, train_losses:[0.5724190146868403, 0.5739420838533119, 0.5754756065975326, 0.576061676312842, 0.5810917173274899]
avg_val_loss: 0.5902, val_losses:[0.5754918348549721, 0.5939785557169887, 0.5863064091779404, 0.5971221623564738, 0.5982974008532285]
epoch 61
avg_train_loss: 0.5755, train_losses:[0.5722207102271479, 0.5737143173311293, 0.5752060610236975, 0.5757157535005464, 0.580780046721275]
epoch 62
avg_train_loss: 0.5753, train_losses:[0.572018753359298, 0.5734939593280161, 0.5749986136041496, 0.5753922767584091, 0.5804946410887323]
epoch 63
avg_train_loss: 0.5750, train_losses:[0.5718422186147789, 0.5733135091955818, 0.5747268694830441, 0.5751242258921675, 0.5801970369057918]
epoch 64
avg_train_loss: 0.5748, train_losses:[0.5716720250961407, 0.573079996475675, 0.5744729904953008, 0.5748638398814226, 0.5799095552728788]
epoch 65
avg_train_loss: 0.5746, train_losses:[0.5714838381740976, 0.5728953051816356, 0.5742301580646617, 0.5745800569132655, 0.5796912508705233]
epoch 66
avg_train_loss: 0.5743, train_losses:[0.5713211590971575, 0.5727067467870395, 0.5740216880324973, 0.5743139225704585, 0.5793819704170808]
epoch 67
avg_train_loss: 0.5741, train_losses:[0.5711697619878692, 0.5725202363263303, 0.5738100773811536, 0.57406347661739, 0.5791495745952979]
epoch 68
avg_train_loss: 0.5739, train_losses:[0.5710148798591329, 0.5723397516493924, 0.5735966062571844, 0.5738569767960161, 0.5788635206308882]
epoch 69
avg_train_loss: 0.5737, train_losses:[0.5708471926723265, 0.572110139063402, 0.5733928892367008, 0.5736133123971997, 0.5786013101698907]
epoch 70
avg_train_loss: 0.5735, train_losses:[0.5707005005398964, 0.5719670564324202, 0.5732007617505162, 0.5734027800671357, 0.5783542153555724]
avg_val_loss: 0.5887, val_losses:[0.5742193763334601, 0.5921155624789131, 0.5842668710143347, 0.5953304583100619, 0.597583269082242]
epoch 71
avg_train_loss: 0.5733, train_losses:[0.57054134962943, 0.5717950124346645, 0.5729877922020665, 0.5731752102441504, 0.5780691752607124]
epoch 72
avg_train_loss: 0.5731, train_losses:[0.5704069917278652, 0.5715965468752277, 0.5727916718197296, 0.572952730664346, 0.5778569777399297]
epoch 73
avg_train_loss: 0.5729, train_losses:[0.5702770379103907, 0.5714593272542027, 0.5726106487458701, 0.5727781418800175, 0.5775757502325086]
epoch 74
avg_train_loss: 0.5728, train_losses:[0.570172213192832, 0.5713065217283176, 0.5724320236189859, 0.5726129562319472, 0.5773030202237572]
epoch 75
avg_train_loss: 0.5726, train_losses:[0.5700220176669113, 0.5711519904619247, 0.5722279559948049, 0.5723866692641698, 0.5770587692197855]
epoch 76
avg_train_loss: 0.5724, train_losses:[0.5698885206000368, 0.5710134072046674, 0.5720577152335746, 0.5722410491263776, 0.5767802844831849]
epoch 77
avg_train_loss: 0.5722, train_losses:[0.5697758395434704, 0.5708484596218292, 0.5718750332313155, 0.5720384971845479, 0.5765513534451079]
epoch 78
avg_train_loss: 0.5721, train_losses:[0.569638920373275, 0.5707149741797647, 0.5717115854709464, 0.5718692041620157, 0.5763296075974785]
epoch 79
avg_train_loss: 0.5719, train_losses:[0.5695135406659739, 0.5705700703251654, 0.5715446374921179, 0.5717122625336435, 0.5760630866380537]
epoch 80
avg_train_loss: 0.5717, train_losses:[0.5694101927310323, 0.5704443591478545, 0.5713982468226987, 0.5715405099768787, 0.5759123913272737]
avg_val_loss: 0.5874, val_losses:[0.5730780571173723, 0.5907721437765338, 0.5825387339082363, 0.5938963345919571, 0.5969283308175954]
epoch 81
avg_train_loss: 0.5716, train_losses:[0.5692908141159826, 0.5702988004384664, 0.5712048805305376, 0.5713756351214012, 0.5756740109938749]
epoch 82
avg_train_loss: 0.5714, train_losses:[0.5692264766196515, 0.5701821466621655, 0.5710545759619445, 0.5712042716831538, 0.5754363506490682]
epoch 83
avg_train_loss: 0.5713, train_losses:[0.5690748798866342, 0.570057103039769, 0.570854914214046, 0.5710604165980115, 0.5752197864221161]
epoch 84
avg_train_loss: 0.5711, train_losses:[0.5689869051070527, 0.5698988586424901, 0.5707163328671027, 0.570916770468217, 0.5750160376458965]
epoch 85
avg_train_loss: 0.5709, train_losses:[0.5688740732130788, 0.5697574339419829, 0.5705471131849424, 0.5707566428384909, 0.5748079635372934]
epoch 86
avg_train_loss: 0.5708, train_losses:[0.5687700359277227, 0.56964426462507, 0.5703994887012093, 0.5705986318019399, 0.5745976136749651]
epoch 87
avg_train_loss: 0.5706, train_losses:[0.5686780297300408, 0.569496805660464, 0.5702627493998975, 0.5704389065132398, 0.5743561103457356]
epoch 88
avg_train_loss: 0.5705, train_losses:[0.5685563407899188, 0.5693814682228155, 0.5700893259070458, 0.5702945485848058, 0.5741957166212185]
epoch 89
avg_train_loss: 0.5704, train_losses:[0.5684386906729091, 0.5692732733205201, 0.5699390455045343, 0.5701375736685012, 0.5739918434018725]
epoch 90
avg_train_loss: 0.5702, train_losses:[0.5683194483642546, 0.5691176754004255, 0.5697515337440392, 0.5699715311214352, 0.5737850759033298]
avg_val_loss: 0.5864, val_losses:[0.5718756861596774, 0.5894281172729572, 0.5812883826574211, 0.5928867286926771, 0.5963541545002365]
epoch 91
avg_train_loss: 0.5701, train_losses:[0.5682452017357447, 0.5690735636864696, 0.5696191985919885, 0.5698521510644855, 0.5736037383309899]
epoch 92
avg_train_loss: 0.5699, train_losses:[0.5681205896304474, 0.5689348981614832, 0.5694720522264236, 0.569704679076956, 0.5733939483344302]
epoch 93
avg_train_loss: 0.5698, train_losses:[0.5680077583515213, 0.5688295542132757, 0.5692982325552428, 0.5695625065588205, 0.5732156956099708]
epoch 94
avg_train_loss: 0.5697, train_losses:[0.5679223943111833, 0.5687287218216263, 0.569206594579729, 0.5693985572239502, 0.5730227062174966]
epoch 95
avg_train_loss: 0.5695, train_losses:[0.567795165204153, 0.5685983656936745, 0.5690609265303276, 0.5692753925520871, 0.5727901373939859]
epoch 96
avg_train_loss: 0.5694, train_losses:[0.5676674848720195, 0.5684893430735484, 0.5689532756051885, 0.5691405769714909, 0.5726650439236388]
epoch 97
avg_train_loss: 0.5693, train_losses:[0.5675958087419296, 0.5684037660983815, 0.5688371636635597, 0.5690103480616873, 0.5724630939255032]
epoch 98
avg_train_loss: 0.5691, train_losses:[0.5674980831418328, 0.5683154585026097, 0.5687211024592979, 0.5688679964994836, 0.5723063694953398]
epoch 99
avg_train_loss: 0.5690, train_losses:[0.5673952437760331, 0.5682196034704751, 0.5685976964137753, 0.5687227138447094, 0.572157781408738]
epoch 100
avg_train_loss: 0.5689, train_losses:[0.5672764266853301, 0.5680956404320009, 0.5684623790051233, 0.5685711491359254, 0.5719875864184618]
avg_val_loss: 0.5854, val_losses:[0.5709377637004956, 0.5885382374811974, 0.5799567316405122, 0.5919948565482572, 0.595388595428279]
epoch 101
avg_train_loss: 0.5688, train_losses:[0.5671939515385658, 0.5680188638249057, 0.5683265780304463, 0.5684571997622917, 0.5718295666116402]
epoch 102
avg_train_loss: 0.5686, train_losses:[0.5670843427188657, 0.5679203604439682, 0.568220446631707, 0.5683236201578411, 0.5716759812942664]
epoch 103
avg_train_loss: 0.5685, train_losses:[0.5669482071520987, 0.5678193401206068, 0.568081262334303, 0.5681805936448757, 0.5715526746191646]
epoch 104
avg_train_loss: 0.5684, train_losses:[0.5669129723776237, 0.5677496293715533, 0.5679754395245749, 0.5680498086697835, 0.5714126246433628]
epoch 105
avg_train_loss: 0.5683, train_losses:[0.5668048506904505, 0.5676667607428945, 0.5678615523369535, 0.5679223871984207, 0.5712781639287784]
epoch 106
avg_train_loss: 0.5682, train_losses:[0.5667146424850955, 0.5675921749664606, 0.5677498161607426, 0.5678062583002105, 0.571091548103248]
epoch 107
avg_train_loss: 0.5681, train_losses:[0.5666065297548099, 0.5675095985119624, 0.5676480065457793, 0.5676648950118144, 0.5710208805488468]
epoch 108
avg_train_loss: 0.5680, train_losses:[0.5665224851141069, 0.567423428154197, 0.5675153165600503, 0.5675662460783995, 0.5708613366487331]
epoch 109
avg_train_loss: 0.5679, train_losses:[0.5664155295839576, 0.5673322432122713, 0.5674167445442636, 0.567391702485825, 0.5707369207219868]
epoch 110
avg_train_loss: 0.5678, train_losses:[0.566350518190796, 0.5672177195825986, 0.5673023506183874, 0.5673185569648923, 0.570593460488062]
avg_val_loss: 0.5845, val_losses:[0.5701247534864959, 0.5875879267745613, 0.578978321029952, 0.5911086230586262, 0.5948201218969252]
epoch 111
avg_train_loss: 0.5677, train_losses:[0.5662410407347067, 0.5671746753125382, 0.5671902812023771, 0.5671930785342798, 0.5704761823947042]
epoch 112
avg_train_loss: 0.5675, train_losses:[0.5661536027838788, 0.5670834921200364, 0.5670495854495478, 0.5670646658146814, 0.5703487317101362]
epoch 113
avg_train_loss: 0.5675, train_losses:[0.5660517576101941, 0.5670010436891544, 0.5669995624891909, 0.5670084355072332, 0.5702313022753963]
epoch 114
avg_train_loss: 0.5673, train_losses:[0.565969189485316, 0.5669113208196143, 0.5668623742417113, 0.5668261915034957, 0.5701063336025288]
epoch 115
avg_train_loss: 0.5672, train_losses:[0.5658669774723024, 0.5668503018949226, 0.5667691519418689, 0.5667332037018121, 0.5699801201725554]
epoch 116
avg_train_loss: 0.5671, train_losses:[0.5657769976981285, 0.5667631987316964, 0.5666610547364477, 0.5666264803684841, 0.5698670104820089]
epoch 117
avg_train_loss: 0.5670, train_losses:[0.565698723423268, 0.5666869781522131, 0.5665633404577101, 0.5665212975200209, 0.5697276797657279]
epoch 118
avg_train_loss: 0.5669, train_losses:[0.5656233980478325, 0.5666165724480715, 0.566476346469534, 0.5664067971246938, 0.5696241728868806]
epoch 119
avg_train_loss: 0.5669, train_losses:[0.5655084140630595, 0.5665439037510591, 0.5663936131208331, 0.5663073349830764, 0.5695051819481158]
epoch 120
avg_train_loss: 0.5668, train_losses:[0.5654304002894365, 0.5664290483519993, 0.5662806724611621, 0.5662470057967681, 0.5694081318766201]
avg_val_loss: 0.5839, val_losses:[0.5694455410615659, 0.5868045030615117, 0.578047171070127, 0.5904318514345317, 0.594766315441434]
epoch 121
avg_train_loss: 0.5667, train_losses:[0.565358024856156, 0.5663783683882595, 0.5662066284786686, 0.5661092026614025, 0.5692780692793721]
epoch 122
avg_train_loss: 0.5666, train_losses:[0.5652624018966111, 0.5663203061875408, 0.5661065306963949, 0.5660241766244292, 0.5691781560099318]
epoch 123
avg_train_loss: 0.5665, train_losses:[0.5651763094442162, 0.5662437582030655, 0.566023087820862, 0.5659397771520847, 0.5690764971031621]
epoch 124
avg_train_loss: 0.5664, train_losses:[0.5650750556735723, 0.5662003876094379, 0.5659233550307373, 0.565797896530116, 0.5689275474052734]
epoch 125
avg_train_loss: 0.5663, train_losses:[0.5649982979048604, 0.56610771895237, 0.565827068351162, 0.5657375321679639, 0.5688501727154172]
epoch 126
avg_train_loss: 0.5662, train_losses:[0.5649142877638562, 0.5660644122320632, 0.5657332316389757, 0.5656361369577199, 0.5687490756579789]
epoch 127
avg_train_loss: 0.5661, train_losses:[0.5648123694259639, 0.5660084586635206, 0.5656545268367946, 0.5655277204753052, 0.5686291519395149]
epoch 128
avg_train_loss: 0.5661, train_losses:[0.5647479100931525, 0.5659291688959343, 0.5655833825947104, 0.5654948605315818, 0.5685075085288891]
epoch 129
avg_train_loss: 0.5660, train_losses:[0.5646694353595644, 0.5658559999227418, 0.5654751444069017, 0.5653874557884724, 0.5684138894146284]
epoch 130
avg_train_loss: 0.5659, train_losses:[0.5645790123681276, 0.5658110078901157, 0.5653474620870642, 0.5653136640376754, 0.5682875913553458]
avg_val_loss: 0.5832, val_losses:[0.5686084272489369, 0.5862039013265407, 0.5771582291900778, 0.5897498253477846, 0.5942206978472027]
epoch 131
avg_train_loss: 0.5658, train_losses:[0.5645351681490316, 0.5657292104771022, 0.5652740537829039, 0.5652239420184082, 0.5681752969988288]
epoch 132
avg_train_loss: 0.5657, train_losses:[0.564406469075824, 0.5656549994867403, 0.565176094698866, 0.5651359371096328, 0.5680585767347271]
epoch 133
avg_train_loss: 0.5656, train_losses:[0.5643615726627584, 0.5655908694407227, 0.5650663231969976, 0.5650547347329224, 0.5679524911302058]
epoch 134
avg_train_loss: 0.5655, train_losses:[0.5643160565585283, 0.5655213758462958, 0.5649955173431921, 0.5649987364257654, 0.5678623130661355]
epoch 135
avg_train_loss: 0.5654, train_losses:[0.5642367442785649, 0.5654477089369558, 0.5649124958222144, 0.5648894279957974, 0.5677581409605146]
epoch 136
avg_train_loss: 0.5654, train_losses:[0.5641582211394963, 0.5653900906418647, 0.5648370776336283, 0.5647931944424996, 0.5676314063096317]
epoch 137
avg_train_loss: 0.5653, train_losses:[0.5640873242015984, 0.5653463547180155, 0.5647404794730955, 0.5646998069198529, 0.5675358947214246]
epoch 138
avg_train_loss: 0.5652, train_losses:[0.5640107200868871, 0.5652702128015112, 0.564654054074169, 0.5646425702466211, 0.5674391463836783]
epoch 139
avg_train_loss: 0.5651, train_losses:[0.5639795545864982, 0.5651814876371899, 0.564571786227011, 0.564575961259781, 0.5673321396075784]
epoch 140
avg_train_loss: 0.5651, train_losses:[0.5638778677916843, 0.5651670746569158, 0.5644984324258576, 0.5644956175223256, 0.5672283871416285]
avg_val_loss: 0.5827, val_losses:[0.5682231254658772, 0.5855909556789901, 0.576344574077771, 0.5891267454850636, 0.5941965323187993]
epoch 141
avg_train_loss: 0.5650, train_losses:[0.563777813903862, 0.5651160167198535, 0.564418136181494, 0.5644096075789947, 0.5671370339895412]
epoch 142
avg_train_loss: 0.5649, train_losses:[0.563773328543858, 0.5650194712110744, 0.5643447774538487, 0.5643466150882438, 0.5670596672909596]
epoch 143
avg_train_loss: 0.5648, train_losses:[0.5636948796626415, 0.5649643530423499, 0.5642513724216884, 0.564283282812119, 0.5669693442516449]
epoch 144
avg_train_loss: 0.5647, train_losses:[0.5635500678758038, 0.5649004145959283, 0.5641521072246763, 0.5641781247743157, 0.5669109140432026]
epoch 145
avg_train_loss: 0.5647, train_losses:[0.5635671523608178, 0.5648506421779231, 0.5640798505180155, 0.5641436174251736, 0.5668452651273916]
epoch 146
avg_train_loss: 0.5646, train_losses:[0.5634937055550752, 0.564791209697642, 0.5640091202336209, 0.5640692947578205, 0.5667526756452865]
epoch 147
avg_train_loss: 0.5645, train_losses:[0.5634001439382728, 0.5647316878378874, 0.5639136214831744, 0.5640037062126004, 0.5666686332264901]
epoch 148
avg_train_loss: 0.5645, train_losses:[0.5633519498488988, 0.5646688174239335, 0.5638321759833804, 0.5639181032750866, 0.5665934684824973]
epoch 149
avg_train_loss: 0.5644, train_losses:[0.5632935692387707, 0.5646132365824784, 0.5637622194759063, 0.5638869012435085, 0.5664950227075968]
epoch 150
avg_train_loss: 0.5643, train_losses:[0.5632376648699756, 0.5645311864622267, 0.5636964633658126, 0.56381837518132, 0.5664598374308435]
avg_val_loss: 0.5820, val_losses:[0.567764141332489, 0.5850426840524751, 0.5755675881958503, 0.5880506902798711, 0.5937565464899147]
epoch 151
avg_train_loss: 0.5643, train_losses:[0.5631565559784878, 0.5644881664376746, 0.5635886777737267, 0.5637214468786289, 0.5663721094337402]
epoch 152
avg_train_loss: 0.5642, train_losses:[0.5631116415213059, 0.5644382506361518, 0.5635201645043281, 0.5637201188479595, 0.5662825351059885]
epoch 153
avg_train_loss: 0.5641, train_losses:[0.5630427400386504, 0.5644044445768861, 0.563448854142325, 0.5636317609343566, 0.5661953669624347]
epoch 154
avg_train_loss: 0.5641, train_losses:[0.5629192387808838, 0.5643397401312505, 0.5633499586480762, 0.5635668052508768, 0.566129426291785]
epoch 155
avg_train_loss: 0.5640, train_losses:[0.5628827597159172, 0.5642835275074437, 0.5632746851790056, 0.5635298567171054, 0.5660270659938542]
epoch 156
avg_train_loss: 0.5640, train_losses:[0.5628805490082157, 0.5642328524905617, 0.5632086381207737, 0.563464525398299, 0.5660022365170391]
epoch 157
avg_train_loss: 0.5639, train_losses:[0.5628301309937231, 0.5641698592768241, 0.5631157283527654, 0.563413167493077, 0.565925934926659]
epoch 158
avg_train_loss: 0.5638, train_losses:[0.5627526977579762, 0.564123158828893, 0.5630689588219369, 0.563326820398691, 0.5658568471763831]
epoch 159
avg_train_loss: 0.5638, train_losses:[0.5626920904733438, 0.5640879383776989, 0.5629746448102881, 0.5633116543240048, 0.565781764858193]
epoch 160
avg_train_loss: 0.5637, train_losses:[0.5626351468082528, 0.5640144621392735, 0.5629094020491943, 0.5632247185372685, 0.565702227192595]
avg_val_loss: 0.5816, val_losses:[0.5673044766251696, 0.5847135981820036, 0.5748242431037557, 0.5875815831850799, 0.5936103414941707]
epoch 161
avg_train_loss: 0.5637, train_losses:[0.5626127486201734, 0.5640184987119629, 0.5628502278156543, 0.5631861182367381, 0.5656732612536288]
epoch 162
avg_train_loss: 0.5636, train_losses:[0.5625311714186961, 0.5639651822319615, 0.5627753828556515, 0.563153373952542, 0.5655769606594246]
epoch 163
avg_train_loss: 0.5635, train_losses:[0.5624854772316646, 0.5639021720820082, 0.5626945677838824, 0.5630586570591548, 0.565544775800821]
epoch 164
avg_train_loss: 0.5635, train_losses:[0.5624329415812671, 0.5638588306237226, 0.5626335224121373, 0.5630251627466206, 0.5654441673108523]
epoch 165
avg_train_loss: 0.5634, train_losses:[0.5623714295186152, 0.5638094293524172, 0.5625949687177672, 0.5629731061827861, 0.5653729247634685]
epoch 166
avg_train_loss: 0.5634, train_losses:[0.5623139129548671, 0.563770827771895, 0.5625047376660355, 0.5629546017816152, 0.5652990089840164]
epoch 167
avg_train_loss: 0.5633, train_losses:[0.5622717827252012, 0.5637233994454914, 0.5624661925578951, 0.5628595463054558, 0.5652724728202076]
epoch 168
avg_train_loss: 0.5633, train_losses:[0.5621919992982896, 0.5636689249812695, 0.5624042840419756, 0.56283617744982, 0.5651980216009167]
epoch 169
avg_train_loss: 0.5632, train_losses:[0.5621352072648731, 0.5636141478504169, 0.56231022350332, 0.5627967966964533, 0.5651451868161781]
epoch 170
avg_train_loss: 0.5631, train_losses:[0.5621026040129606, 0.5635724642553983, 0.5622426981859491, 0.5627153091453148, 0.565059929617738]
avg_val_loss: 0.5811, val_losses:[0.566797283820088, 0.5841141914643598, 0.574255798078714, 0.5872959109445535, 0.5931196290166604]
epoch 171
avg_train_loss: 0.5631, train_losses:[0.5620552315886959, 0.5635297688966356, 0.5621638826670252, 0.5626978454629924, 0.565037680516172]
epoch 172
avg_train_loss: 0.5630, train_losses:[0.5619849538165244, 0.5634639501331339, 0.5621183373256242, 0.5626527841152986, 0.5649737893997425]
epoch 173
avg_train_loss: 0.5630, train_losses:[0.5619795675235675, 0.5634203109693311, 0.5620770060837271, 0.5625905573223475, 0.5649018651216884]
epoch 174
avg_train_loss: 0.5629, train_losses:[0.5619085762858143, 0.563368429240968, 0.5620070547919395, 0.5625753007786166, 0.5648169832402636]
epoch 175
avg_train_loss: 0.5629, train_losses:[0.5618570861086658, 0.5633060338719801, 0.5619437617424201, 0.5624765524101049, 0.564780464280054]
epoch 176
avg_train_loss: 0.5628, train_losses:[0.561792478577857, 0.5632723421138414, 0.5618886513880607, 0.5624936343035684, 0.5647151128539006]
epoch 177
avg_train_loss: 0.5628, train_losses:[0.5617510960222403, 0.5632343410826497, 0.5618127320760763, 0.562430155529992, 0.5646498220465752]
epoch 178
avg_train_loss: 0.5627, train_losses:[0.5616937208298669, 0.5632006896142122, 0.5617760702991573, 0.5623762876372735, 0.5645712935298913]
epoch 179
avg_train_loss: 0.5627, train_losses:[0.5616458132061141, 0.5631302276209812, 0.561706848572132, 0.5623466928181505, 0.5645114287369496]
epoch 180
avg_train_loss: 0.5626, train_losses:[0.561616912928653, 0.563115478690217, 0.561646350827098, 0.5622896934708715, 0.5644563171680107]
avg_val_loss: 0.5807, val_losses:[0.5663543424800851, 0.5835936514588674, 0.5737358863210033, 0.5868597954483131, 0.5928912841602386]
epoch 181
avg_train_loss: 0.5626, train_losses:[0.56157085124244, 0.5630499010722777, 0.5616001871040547, 0.5622478358875997, 0.5643770476051965]
epoch 182
avg_train_loss: 0.5625, train_losses:[0.5615170413699055, 0.5630048633061667, 0.5615363328784443, 0.5622109779949643, 0.5643076965868171]
epoch 183
avg_train_loss: 0.5625, train_losses:[0.561427467374508, 0.5629515187294803, 0.561475112140698, 0.5621630413865768, 0.5642484100941542]
epoch 184
avg_train_loss: 0.5624, train_losses:[0.5613939853171058, 0.562907622143752, 0.5614326935350971, 0.5621185014415464, 0.564208019096636]
epoch 185
avg_train_loss: 0.5624, train_losses:[0.5613716568595569, 0.5628566367619592, 0.5613656333567574, 0.5620619631234763, 0.5641174100821048]
epoch 186
avg_train_loss: 0.5623, train_losses:[0.561330736872805, 0.5628085774087758, 0.5613004774803239, 0.5620462268190739, 0.5640894997286083]
epoch 187
avg_train_loss: 0.5623, train_losses:[0.5612865349586332, 0.5627569425304412, 0.561255209103889, 0.5620011075173851, 0.5640598933675893]
epoch 188
avg_train_loss: 0.5622, train_losses:[0.5612349745540285, 0.562720569754688, 0.5612158300541233, 0.5619507341030197, 0.5639755078371845]
epoch 189
avg_train_loss: 0.5622, train_losses:[0.5611902627713754, 0.5626594597927452, 0.5611635128169601, 0.561925713778984, 0.5638865719153383]
epoch 190
avg_train_loss: 0.5621, train_losses:[0.5611433650377113, 0.5626229497330375, 0.5610854653847467, 0.5618714545529652, 0.5638541769538239]
avg_val_loss: 0.5803, val_losses:[0.5660414902486485, 0.5831796666287783, 0.573291925429581, 0.5864208200369863, 0.5924587969802129]
epoch 191
avg_train_loss: 0.5621, train_losses:[0.5611078419728376, 0.5625782129981819, 0.5610538423988015, 0.5618342360407221, 0.5638082798499626]
epoch 192
avg_train_loss: 0.5620, train_losses:[0.5610603510195016, 0.5625317982928854, 0.5609977098819103, 0.5618044281645753, 0.5637705667155418]
epoch 193
avg_train_loss: 0.5620, train_losses:[0.5610127366655904, 0.5624917030485179, 0.5609488591740673, 0.5617462709511977, 0.5637030026634746]
epoch 194
avg_train_loss: 0.5619, train_losses:[0.5609536029070806, 0.562428937952328, 0.5608874648095611, 0.5617030782132927, 0.5636321761307698]
epoch 195
avg_train_loss: 0.5619, train_losses:[0.5608982139788552, 0.5623734480829532, 0.5608382801511516, 0.5616718608330143, 0.5636251581909391]
epoch 196
avg_train_loss: 0.5618, train_losses:[0.5608655878011394, 0.5623285077550705, 0.560793904974768, 0.5616457284323709, 0.5635193707603435]
epoch 197
avg_train_loss: 0.5618, train_losses:[0.5608480571865502, 0.5622758292038252, 0.5607536948407015, 0.5616348311434878, 0.5635039498241642]
epoch 198
avg_train_loss: 0.5618, train_losses:[0.5607918268689192, 0.5622461844395658, 0.5606987141616263, 0.5615947137920231, 0.5634657880256977]
epoch 199
avg_train_loss: 0.5617, train_losses:[0.5607483171685962, 0.5621717039360911, 0.5606752421938449, 0.56153896969612, 0.5634082665009399]
epoch 200
avg_train_loss: 0.5617, train_losses:[0.5607410060470234, 0.5621170677163455, 0.560609315906961, 0.56149993327276, 0.5633788231545921]
avg_val_loss: 0.5800, val_losses:[0.5657187294191035, 0.5826952932342669, 0.5727560741418826, 0.5861911012270387, 0.5924721438582312]
epoch 201
avg_train_loss: 0.5616, train_losses:[0.5606789710023388, 0.56207279543012, 0.5605646392268347, 0.561453798938613, 0.5633416990773085]
epoch 202
avg_train_loss: 0.5616, train_losses:[0.5606511859775352, 0.5620229445039161, 0.5605188214172406, 0.5614268882591845, 0.5632868517010495]
epoch 203
avg_train_loss: 0.5615, train_losses:[0.5606007932248055, 0.5619862212018556, 0.5604931060851657, 0.5613900577789426, 0.5632452330490564]
epoch 204
avg_train_loss: 0.5615, train_losses:[0.560572329496838, 0.561944112621056, 0.5604214655972971, 0.5613454018271478, 0.5632032422366422]
epoch 205
avg_train_loss: 0.5614, train_losses:[0.5605047167632586, 0.5618932445993364, 0.5603761207064774, 0.561307538651172, 0.5631668529696879]
epoch 206
avg_train_loss: 0.5614, train_losses:[0.560509296311106, 0.56185217730661, 0.5603284986217009, 0.5612785963203297, 0.5631029697386346]
epoch 207
avg_train_loss: 0.5614, train_losses:[0.5604438813305302, 0.5618253410825822, 0.5602798125063403, 0.561249250247293, 0.5630861358701555]
epoch 208
avg_train_loss: 0.5613, train_losses:[0.5604153291925024, 0.5617935162998751, 0.5602371625898314, 0.5612194960269351, 0.5630429132976573]
epoch 209
avg_train_loss: 0.5613, train_losses:[0.5603579063074522, 0.5617513532649466, 0.5601766535947185, 0.5611747052819255, 0.5630105464033568]
epoch 210
avg_train_loss: 0.5612, train_losses:[0.5603338983418427, 0.5616943703386281, 0.5601335710959777, 0.5611287726223455, 0.5629571809279262]
avg_val_loss: 0.5797, val_losses:[0.5654413500403355, 0.5823520281055153, 0.5723183643822789, 0.5860081737983482, 0.5924349387790937]
epoch 211
avg_train_loss: 0.5612, train_losses:[0.560300325098519, 0.5616751868952025, 0.5601137737554631, 0.5611246994563511, 0.5629177251009728]
epoch 212
avg_train_loss: 0.5612, train_losses:[0.5602730779309428, 0.5616345371873182, 0.560054352889809, 0.5610836682915707, 0.5628568093495175]
epoch 213
avg_train_loss: 0.5611, train_losses:[0.5602420968939666, 0.561567484923136, 0.5600335360872704, 0.5610398171603156, 0.5628314159787123]
epoch 214
avg_train_loss: 0.5611, train_losses:[0.5602114882460053, 0.5615402041886157, 0.5599768904983543, 0.5610244077975828, 0.5627895548717725]
epoch 215
avg_train_loss: 0.5611, train_losses:[0.5601909403965194, 0.5614823792598805, 0.5599205980140584, 0.5609851685825906, 0.5627294546498518]
epoch 216
avg_train_loss: 0.5610, train_losses:[0.5601506880339255, 0.5614331549695857, 0.5598961663640437, 0.5609524317186808, 0.56270041103423]
epoch 217
avg_train_loss: 0.5610, train_losses:[0.5601105686275496, 0.5613674278308889, 0.5598574062743096, 0.5608875417811587, 0.5626475713089123]
epoch 218
avg_train_loss: 0.5609, train_losses:[0.560087508312047, 0.5613391065465564, 0.5598117067555064, 0.560877213871719, 0.5626201809707098]
epoch 219
avg_train_loss: 0.5609, train_losses:[0.560073265543185, 0.5612739815508154, 0.5597965175890355, 0.5608424676141998, 0.5625636354526633]
epoch 220
avg_train_loss: 0.5609, train_losses:[0.5600292815717972, 0.5612540324767971, 0.5597498753343978, 0.5608310034284668, 0.5625164417420904]
avg_val_loss: 0.5794, val_losses:[0.5651732485029106, 0.5820173483835277, 0.571948653991486, 0.5854852948665162, 0.5921960028062563]
epoch 221
avg_train_loss: 0.5608, train_losses:[0.5599854847297078, 0.5612233576032629, 0.55970888494708, 0.5607711959329983, 0.5624712530757229]
epoch 222
avg_train_loss: 0.5608, train_losses:[0.5599761927042709, 0.561180687974677, 0.5596746191049936, 0.5607166392550167, 0.5624235313341431]
epoch 223
avg_train_loss: 0.5608, train_losses:[0.5599480833334214, 0.5611129052720389, 0.5596384141843271, 0.5607267392230734, 0.562374433179004]
epoch 224
avg_train_loss: 0.5607, train_losses:[0.5599262097932988, 0.5611016742056988, 0.5595844806098033, 0.5606685738226361, 0.5623669619766826]
epoch 225
avg_train_loss: 0.5607, train_losses:[0.5598943319148628, 0.5610587459087991, 0.5595700143973494, 0.5606676426108006, 0.5622906465543104]
epoch 226
avg_train_loss: 0.5607, train_losses:[0.5598502359111003, 0.5610326644298331, 0.5595278327338056, 0.5605919073661139, 0.5622657997793589]
epoch 227
avg_train_loss: 0.5606, train_losses:[0.5598309460888514, 0.560990384103057, 0.5594942953546905, 0.560593837696556, 0.562227114287657]
epoch 228
avg_train_loss: 0.5606, train_losses:[0.5598032768315139, 0.5609456080947547, 0.559452643355205, 0.5605418405387995, 0.5621816737047062]
epoch 229
avg_train_loss: 0.5606, train_losses:[0.5597594526014701, 0.5609075329126314, 0.55941859334804, 0.5605157516874067, 0.5621536175084111]
epoch 230
avg_train_loss: 0.5605, train_losses:[0.5597191513731282, 0.5608572003337713, 0.5593829583078159, 0.5604707194882926, 0.5621039724641604]
avg_val_loss: 0.5792, val_losses:[0.5650110975247973, 0.58178606835874, 0.5715776652818627, 0.5852743872156622, 0.5923005047556219]
epoch 231
avg_train_loss: 0.5605, train_losses:[0.5597336732229651, 0.5608359989542929, 0.5593503692671725, 0.5604242286850921, 0.5620559176713436]
epoch 232
avg_train_loss: 0.5604, train_losses:[0.5596657733476195, 0.5608121534203523, 0.5593088120054074, 0.5604029790304745, 0.5620221010653296]
epoch 233
avg_train_loss: 0.5604, train_losses:[0.5596547464700067, 0.5607859858296088, 0.5592686586349538, 0.560361607435742, 0.5619614069882485]
epoch 234
avg_train_loss: 0.5604, train_losses:[0.5596218959037251, 0.5607463245167088, 0.5592268353243017, 0.560327823004977, 0.5619500945895621]
epoch 235
avg_train_loss: 0.5603, train_losses:[0.5595961374836852, 0.5607175346922532, 0.5591935859749029, 0.5603162535310106, 0.5619066733715719]
epoch 236
avg_train_loss: 0.5603, train_losses:[0.5595624358359044, 0.5606672854930957, 0.5591664214070187, 0.5602898928692406, 0.5618731307497894]
epoch 237
avg_train_loss: 0.5603, train_losses:[0.5595414550233458, 0.5606481351532918, 0.5591389259271481, 0.5602593906713826, 0.5618462038362745]
epoch 238
avg_train_loss: 0.5603, train_losses:[0.5595301358839997, 0.5606132073069953, 0.5590960933210893, 0.5602237581157886, 0.5617886869303268]
epoch 239
avg_train_loss: 0.5602, train_losses:[0.5594836735898919, 0.5605708996309599, 0.5590560929407106, 0.5601775742356752, 0.5617645818287514]
epoch 240
avg_train_loss: 0.5602, train_losses:[0.5594484363755917, 0.5605356921670491, 0.5590370747414733, 0.5601714673124413, 0.561726857078064]
avg_val_loss: 0.5789, val_losses:[0.564767551479956, 0.581434772072292, 0.5712709611469367, 0.5848219057274464, 0.5920897986701175]
epoch 241
avg_train_loss: 0.5601, train_losses:[0.5594235710883958, 0.5605077816511189, 0.5589842897828929, 0.5601552674819803, 0.5616751014697546]
epoch 242
avg_train_loss: 0.5601, train_losses:[0.5593857184059087, 0.5604790136537305, 0.5589524162342303, 0.5601217089346322, 0.5616374671565096]
epoch 243
avg_train_loss: 0.5601, train_losses:[0.5593628859737465, 0.5604730253369579, 0.558926977056562, 0.5600954722752475, 0.5616136319742872]
epoch 244
avg_train_loss: 0.5601, train_losses:[0.5593543379544748, 0.5604196942312429, 0.5588975083385219, 0.560061433303302, 0.5615618042815851]
epoch 245
avg_train_loss: 0.5600, train_losses:[0.559319723139993, 0.5604199916964434, 0.5588712674033334, 0.560056832091314, 0.561536945560452]
epoch 246
avg_train_loss: 0.5600, train_losses:[0.5592946084101997, 0.5603306077793151, 0.5588372461608523, 0.5600357678430465, 0.5614907203703707]
epoch 247
avg_train_loss: 0.5600, train_losses:[0.5592046642843568, 0.5603519406812576, 0.5588089095461489, 0.559982533381293, 0.5614645164065369]
epoch 248
avg_train_loss: 0.5599, train_losses:[0.5592204135943718, 0.5603090478280125, 0.5587138198798512, 0.559962120692625, 0.5614396178593674]
epoch 249
avg_train_loss: 0.5599, train_losses:[0.5591963018832398, 0.5602740855746817, 0.5587361096993669, 0.5599233794993167, 0.5613905507366042]
epoch 250
avg_train_loss: 0.5599, train_losses:[0.5591864298025968, 0.5602546692990212, 0.558693330588207, 0.5599354830699619, 0.5613351813044658]
avg_val_loss: 0.5786, val_losses:[0.5644668808714262, 0.5811713041137668, 0.5709635179209321, 0.5846197008597845, 0.5919318914152742]
epoch 251
avg_train_loss: 0.5599, train_losses:[0.559138381656724, 0.5602148252924982, 0.5586802104973804, 0.559898134295899, 0.561326785684365]
epoch 252
avg_train_loss: 0.5598, train_losses:[0.5591042890463007, 0.5601851514896347, 0.5586436630928688, 0.5598651246654367, 0.5612796109825988]
epoch 253
avg_train_loss: 0.5598, train_losses:[0.559075429384394, 0.5601362757226688, 0.5586180058155997, 0.5598304885452526, 0.5612514047890197]
epoch 254
avg_train_loss: 0.5598, train_losses:[0.5590608444168085, 0.5601146224582346, 0.5585795010073435, 0.5598063015264104, 0.5612083298758892]
epoch 255
avg_train_loss: 0.5597, train_losses:[0.5590500517990745, 0.5600997664694474, 0.5585268489520299, 0.559758070964908, 0.561184750561084]
epoch 256
avg_train_loss: 0.5597, train_losses:[0.5590227888316953, 0.5600434169384536, 0.5585029069085423, 0.5597310431932171, 0.5611452325431151]
epoch 257
avg_train_loss: 0.5597, train_losses:[0.558927049795124, 0.5600545142909674, 0.5584574491014714, 0.5597278266176762, 0.5611106935861545]
epoch 258
avg_train_loss: 0.5596, train_losses:[0.5589949368522227, 0.560022986925601, 0.558432819623993, 0.5596886815060093, 0.5610847928508703]
epoch 259
avg_train_loss: 0.5596, train_losses:[0.5589767441672345, 0.5600213773751498, 0.5584053336203385, 0.5596482743010692, 0.5610470482156757]
epoch 260
avg_train_loss: 0.5596, train_losses:[0.5589268310988047, 0.5599948223501421, 0.5583551157244645, 0.5596044001829132, 0.5610171202038161]
avg_val_loss: 0.5784, val_losses:[0.564341689607754, 0.5809129547988096, 0.5705782143213033, 0.5844119035172889, 0.5916964514226846]
epoch 261
avg_train_loss: 0.5596, train_losses:[0.5589014861110164, 0.5599720582992748, 0.5583187870692232, 0.5595888910459927, 0.5609912082962248]
epoch 262
avg_train_loss: 0.5595, train_losses:[0.5588789120294613, 0.5599475169793205, 0.5582969150443176, 0.5595505006009792, 0.5609734212544115]
epoch 263
avg_train_loss: 0.5595, train_losses:[0.5588891769728777, 0.5599095457860915, 0.5582426659971355, 0.5594992509512905, 0.5609363932597827]
epoch 264
avg_train_loss: 0.5595, train_losses:[0.5588263597137134, 0.5599062485843067, 0.5582256978600133, 0.559529808165374, 0.5608907972176218]
epoch 265
avg_train_loss: 0.5595, train_losses:[0.5588294071714867, 0.5598867761906298, 0.5582120807067328, 0.5594550402920357, 0.5609077223381482]
epoch 266
avg_train_loss: 0.5594, train_losses:[0.5588035178725426, 0.5598626060092291, 0.5581734666317802, 0.5594366654174786, 0.5608574526018665]
epoch 267
avg_train_loss: 0.5594, train_losses:[0.5587816246060868, 0.5598163935405961, 0.5581296002098676, 0.5594214781246631, 0.560841423921512]
epoch 268
avg_train_loss: 0.5594, train_losses:[0.558780017282638, 0.5597934744508526, 0.5580800162205002, 0.5594130401429339, 0.5607533475423064]
epoch 269
avg_train_loss: 0.5593, train_losses:[0.5587104248976925, 0.5597844877009079, 0.5580569328203409, 0.5593648149590263, 0.5607912052935454]
epoch 270
avg_train_loss: 0.5593, train_losses:[0.5587196718637532, 0.5597756974892706, 0.5580496325069086, 0.5593381520562711, 0.560732462093513]
avg_val_loss: 0.5782, val_losses:[0.5642248970719004, 0.5808363877897691, 0.5702717844557205, 0.5840149795779345, 0.5916758576757338]
epoch 271
avg_train_loss: 0.5593, train_losses:[0.5586831633090794, 0.5597334379061003, 0.5580134609556379, 0.5592684832027638, 0.5607117598045714]
epoch 272
avg_train_loss: 0.5593, train_losses:[0.5586740726934538, 0.5597276429149268, 0.5579717651818592, 0.5593016627625715, 0.560695953083703]
epoch 273
avg_train_loss: 0.5592, train_losses:[0.5586275559350342, 0.5596814216431683, 0.5579684605995013, 0.559253599892211, 0.5606668974730231]
epoch 274
avg_train_loss: 0.5592, train_losses:[0.5585966285619932, 0.5596887509453083, 0.5579205936503637, 0.5592150849407582, 0.560648163102666]
epoch 275
avg_train_loss: 0.5592, train_losses:[0.55857930950754, 0.5596485273799837, 0.557895458738043, 0.5591893473111655, 0.5606130106585655]
epoch 276
avg_train_loss: 0.5592, train_losses:[0.5585691101481731, 0.5596425804781239, 0.5578409470899074, 0.559159121872579, 0.5606165548458897]
epoch 277
avg_train_loss: 0.5591, train_losses:[0.5585323541752645, 0.5596027565390614, 0.5578145633292246, 0.5591375501355764, 0.5605693485985465]
epoch 278
avg_train_loss: 0.5591, train_losses:[0.5584968450915261, 0.5595978746891315, 0.5578017005992261, 0.5590927138454658, 0.560538908159438]
epoch 279
avg_train_loss: 0.5591, train_losses:[0.5584823136005101, 0.55956020323291, 0.5577280219388081, 0.5590614286816294, 0.560539762207568]
epoch 280
avg_train_loss: 0.5591, train_losses:[0.5584656399205568, 0.5595706259625518, 0.5577869294799013, 0.5590507116210869, 0.5605058216349714]
avg_val_loss: 0.5780, val_losses:[0.56402766717593, 0.5807404623944625, 0.5699457045427124, 0.5837767065035705, 0.5915871118834398]
epoch 281
avg_train_loss: 0.5590, train_losses:[0.5584424404209686, 0.5595479896501795, 0.5577292318986373, 0.5590010637176673, 0.5604937474462395]
epoch 282
avg_train_loss: 0.5590, train_losses:[0.5584358710755036, 0.5595069656297287, 0.557689205792155, 0.5589973018462834, 0.560432717955567]
epoch 283
avg_train_loss: 0.5590, train_losses:[0.5584075056920433, 0.559496969734066, 0.5576633699209025, 0.5589486062964568, 0.5604240376228874]
epoch 284
avg_train_loss: 0.5590, train_losses:[0.5583763401998008, 0.5594679602713719, 0.5576385306245657, 0.5589281054044416, 0.5603850420232971]
epoch 285
avg_train_loss: 0.5589, train_losses:[0.5583760361544039, 0.5594877130636923, 0.5576200695913898, 0.5589093933167136, 0.5603564538573802]
epoch 286
avg_train_loss: 0.5589, train_losses:[0.5583403395116482, 0.5594341586131598, 0.5575682820345774, 0.5588885973718294, 0.5603591006432984]
epoch 287
avg_train_loss: 0.5589, train_losses:[0.5583271780110002, 0.5594254825845277, 0.557558008647492, 0.5588611039723274, 0.5603181304983124]
epoch 288
avg_train_loss: 0.5589, train_losses:[0.5583251090799531, 0.5594100929888597, 0.5575515935445999, 0.5588284681524142, 0.5602982236914773]
epoch 289
avg_train_loss: 0.5589, train_losses:[0.5582858765581876, 0.5593704979320812, 0.5575302738875684, 0.5587998608026489, 0.5602851374253266]
epoch 290
avg_train_loss: 0.5588, train_losses:[0.5582720237173845, 0.5593636752745131, 0.5574962721860913, 0.5587717753657108, 0.560236900621251]
avg_val_loss: 0.5778, val_losses:[0.5637932952976592, 0.5805714673824579, 0.569695359821184, 0.5834497415385677, 0.5917267835713789]
epoch 291
avg_train_loss: 0.5588, train_losses:[0.5582246206751462, 0.5593555990773165, 0.5574572364246205, 0.5587618580026859, 0.5601979914471737]
epoch 292
avg_train_loss: 0.5588, train_losses:[0.5582510481144026, 0.5593182677791634, 0.5574358263800075, 0.5587205543636026, 0.5601970763810593]
epoch 293
avg_train_loss: 0.5588, train_losses:[0.558216816625381, 0.5593144023638784, 0.5574146974651709, 0.5587074023473168, 0.5601657890827095]
epoch 294
avg_train_loss: 0.5587, train_losses:[0.5581863432227557, 0.5593010491658785, 0.5573809658144644, 0.5586761378904278, 0.5601598754009947]
epoch 295
avg_train_loss: 0.5587, train_losses:[0.5582042885546795, 0.5592606023728397, 0.5573581953371627, 0.558626044325847, 0.5601062131405398]
epoch 296
avg_train_loss: 0.5587, train_losses:[0.5581575572952996, 0.559219817757692, 0.5573240845400622, 0.5586120130427857, 0.5601120790334547]
epoch 297
avg_train_loss: 0.5587, train_losses:[0.5581732849931067, 0.5593120452788839, 0.5572932140406095, 0.5585739513856034, 0.5600781644141721]
epoch 298
avg_train_loss: 0.5587, train_losses:[0.5581287303083142, 0.5592650771731661, 0.557291143718577, 0.5585605387367206, 0.5600495816042829]
epoch 299
avg_train_loss: 0.5586, train_losses:[0.558101612608291, 0.5592086289758852, 0.5572370195607116, 0.5585383504805299, 0.560030089366203]
epoch 300
avg_train_loss: 0.5586, train_losses:[0.5580876498368659, 0.5592360814451809, 0.5572175546005589, 0.558505379320083, 0.5599938627229096]
avg_val_loss: 0.5776, val_losses:[0.5636724712370653, 0.5805057402971551, 0.5695210357368587, 0.583008862061466, 0.5913608087712523]
epoch 301
avg_train_loss: 0.5586, train_losses:[0.5580879902393242, 0.559198897143442, 0.5571804744363845, 0.5584630506092105, 0.5599865271156564]
epoch 302
avg_train_loss: 0.5586, train_losses:[0.5580519799792364, 0.5591928269805126, 0.5571601297115121, 0.5584312823284155, 0.5599640103104631]
epoch 303
avg_train_loss: 0.5585, train_losses:[0.5580308190819163, 0.5591617872125854, 0.5571486403546441, 0.558423575963305, 0.559942988704524]
epoch 304
avg_train_loss: 0.5585, train_losses:[0.5580351204061897, 0.5591178363641668, 0.557109332695223, 0.5583954024075378, 0.5599214084710159]
epoch 305
avg_train_loss: 0.5585, train_losses:[0.5580303691520793, 0.559134510775253, 0.5570963824105286, 0.5583693915979665, 0.5599045070514207]
epoch 306
avg_train_loss: 0.5585, train_losses:[0.5579781711812299, 0.5591078944501461, 0.5570429712416848, 0.5583503077179423, 0.5598837701743526]
epoch 307
avg_train_loss: 0.5585, train_losses:[0.557967921542727, 0.5590972636266308, 0.5570556293135236, 0.5583338018055026, 0.5598646124497257]
epoch 308
avg_train_loss: 0.5584, train_losses:[0.5579807825782894, 0.5590797364365543, 0.557018034287169, 0.5583067789511388, 0.5598446261252278]
epoch 309
avg_train_loss: 0.5584, train_losses:[0.5579605128362922, 0.5590712895121936, 0.5569658702091169, 0.5582807517603203, 0.5598126495529658]
epoch 310
avg_train_loss: 0.5584, train_losses:[0.5579184968385095, 0.5590527670333028, 0.5569690706284529, 0.5582534866270362, 0.5597928561635791]
avg_val_loss: 0.5775, val_losses:[0.5635878237500711, 0.5804509121455732, 0.5692028815879576, 0.5828495363614362, 0.5914880114868731]
epoch 311
avg_train_loss: 0.5584, train_losses:[0.5579242592311334, 0.5590487925203578, 0.5569396839174594, 0.5582553530373164, 0.5597740427439568]
epoch 312
avg_train_loss: 0.5584, train_losses:[0.5578948807316385, 0.5590056808567448, 0.5568891202792091, 0.5582386166510039, 0.5597456479204537]
epoch 313
avg_train_loss: 0.5583, train_losses:[0.5579117770507338, 0.5589923899740803, 0.5568505149147176, 0.5581967225813477, 0.5597303632799029]
epoch 314
avg_train_loss: 0.5583, train_losses:[0.5578597099262034, 0.5590050750621974, 0.5568374673811971, 0.5581598784763723, 0.5597022583946694]
epoch 315
avg_train_loss: 0.5583, train_losses:[0.5578379982352872, 0.55898725582932, 0.5568174268483553, 0.5581873369393286, 0.5596889302804526]
epoch 316
avg_train_loss: 0.5583, train_losses:[0.5578385823229256, 0.5589797849653848, 0.5568052774373047, 0.5581511979611501, 0.559549792837344]
epoch 317
avg_train_loss: 0.5583, train_losses:[0.5578112447025975, 0.5589826056059682, 0.5567686878449973, 0.5581225070310787, 0.5596786447605573]
epoch 318
avg_train_loss: 0.5582, train_losses:[0.5578069842179024, 0.5589438393952869, 0.5567814824085605, 0.5580939058613215, 0.5596205469190838]
epoch 319
avg_train_loss: 0.5582, train_losses:[0.5577501217248593, 0.5589411051689135, 0.5567343676220989, 0.5580553238533704, 0.5595946310443665]
epoch 320
avg_train_loss: 0.5582, train_losses:[0.5577769528431762, 0.558935158467657, 0.5566627251159776, 0.5580487937752426, 0.5595608197903069]
avg_val_loss: 0.5773, val_losses:[0.5634815966690337, 0.5803665018185934, 0.5689879806702851, 0.5826194369680523, 0.5910031106088773]
epoch 321
avg_train_loss: 0.5582, train_losses:[0.5577439424337213, 0.5589100681819389, 0.5567252792854086, 0.5580158866836281, 0.5595544666821667]
epoch 322
avg_train_loss: 0.5581, train_losses:[0.5577269740542459, 0.5588934639097176, 0.5566296033502932, 0.5579711899411329, 0.5595092997657515]
epoch 323
avg_train_loss: 0.5581, train_losses:[0.5577085080049685, 0.558880630280439, 0.5566484949718873, 0.557979000926478, 0.5595042099754912]
epoch 324
avg_train_loss: 0.5581, train_losses:[0.5576639264556232, 0.5588579155362398, 0.5566134811441545, 0.5579493866814178, 0.5594810057414659]
epoch 325
avg_train_loss: 0.5581, train_losses:[0.5576800063456616, 0.5588773439672398, 0.5566083818504033, 0.5579490309964483, 0.5594264193157591]
epoch 326
avg_train_loss: 0.5581, train_losses:[0.557637203009359, 0.5588453115000122, 0.5565810422566272, 0.5579236771648027, 0.5594043251927863]
epoch 327
avg_train_loss: 0.5581, train_losses:[0.5576576429994268, 0.5588249652151179, 0.5565115145800009, 0.5578898379856225, 0.559391134836414]
epoch 328
avg_train_loss: 0.5580, train_losses:[0.5575957294001986, 0.5588092281347776, 0.5565654121681213, 0.5578403632232382, 0.5593564713793048]
epoch 329
avg_train_loss: 0.5580, train_losses:[0.5576352500290704, 0.5588088724304607, 0.5565076440192916, 0.5578635635456055, 0.5593475140483551]
epoch 330
avg_train_loss: 0.5580, train_losses:[0.557625131273545, 0.5587931253830882, 0.5565158299485436, 0.5578274520551738, 0.5593314113815055]
avg_val_loss: 0.5771, val_losses:[0.5634307939570932, 0.5802437612735721, 0.5687198965165301, 0.5824517775171684, 0.5908944039575516]
epoch 331
avg_train_loss: 0.5580, train_losses:[0.5575843918440416, 0.5587340315334389, 0.5564666134990894, 0.5578244681245021, 0.5592875566796329]
epoch 332
avg_train_loss: 0.5580, train_losses:[0.5575732019421147, 0.5587418721327226, 0.5564466916032577, 0.5578043956448172, 0.5592831335661433]
epoch 333
avg_train_loss: 0.5580, train_losses:[0.5575588079407482, 0.5587238555794904, 0.5564310261780178, 0.5577754567944935, 0.5592778958558418]
epoch 334
avg_train_loss: 0.5579, train_losses:[0.5575511607403807, 0.5587443847351903, 0.5563937986019667, 0.5577719039813045, 0.5592053627624071]
epoch 335
avg_train_loss: 0.5579, train_losses:[0.557533087221914, 0.5586831194105548, 0.5563751830573891, 0.5577322552025483, 0.559233887824951]
epoch 336
avg_train_loss: 0.5579, train_losses:[0.5575048797896421, 0.5586860287921431, 0.5563637491240632, 0.5577382691435955, 0.5592105915731496]
epoch 337
avg_train_loss: 0.5579, train_losses:[0.5574822771837198, 0.5586684119191425, 0.5563307563391887, 0.5577312073230776, 0.559194265130245]
epoch 338
avg_train_loss: 0.5579, train_losses:[0.5574862915678485, 0.5586481705915372, 0.5563260110278245, 0.5577053513731633, 0.5591433090526289]
epoch 339
avg_train_loss: 0.5579, train_losses:[0.5574727965341332, 0.5586439466706167, 0.5563060542534897, 0.5576782094571622, 0.5591506174520764]
epoch 340
avg_train_loss: 0.5578, train_losses:[0.5574492460622262, 0.5586214102973952, 0.5562619235015654, 0.5576502746509187, 0.5591364288787886]
avg_val_loss: 0.5770, val_losses:[0.5633938680528308, 0.5801027454003066, 0.5685413559228976, 0.5823442121012804, 0.5907438824970648]
epoch 341
avg_train_loss: 0.5578, train_losses:[0.5574605925874903, 0.5585888242352529, 0.5562601521538406, 0.5576362911379243, 0.5591068506216407]
epoch 342
avg_train_loss: 0.5578, train_losses:[0.5574410629821523, 0.558605202833825, 0.556227515485691, 0.5576235293928615, 0.5590953271384446]
epoch 343
avg_train_loss: 0.5578, train_losses:[0.557414084036496, 0.5585317337712963, 0.5561968570657027, 0.5576039097991123, 0.5590684989957808]
epoch 344
avg_train_loss: 0.5578, train_losses:[0.557401386736015, 0.5585966832737498, 0.5561933657898748, 0.5575758987147273, 0.5590492120340774]
epoch 345
avg_train_loss: 0.5577, train_losses:[0.5573878956329029, 0.5585454455635229, 0.556171232463355, 0.5575638297130247, 0.5590392059318287]
epoch 346
avg_train_loss: 0.5577, train_losses:[0.5573964714678115, 0.5585633803897386, 0.5561484068191206, 0.5575472954259065, 0.5590100888877158]
epoch 347
avg_train_loss: 0.5577, train_losses:[0.5573735682155476, 0.5585357493203498, 0.5561297981968852, 0.5575225611723952, 0.5590186208156642]
epoch 348
avg_train_loss: 0.5577, train_losses:[0.557348088373447, 0.5585075155571095, 0.5561015085559452, 0.5575240868289066, 0.5589772182580013]
epoch 349
avg_train_loss: 0.5577, train_losses:[0.5573245188981936, 0.558517672837638, 0.5560769517274192, 0.5574815317132522, 0.5589739095607513]
epoch 350
avg_train_loss: 0.5577, train_losses:[0.5573009654467671, 0.5584981420826496, 0.5560530617186014, 0.5574731491143333, 0.5589640299829447]
avg_val_loss: 0.5768, val_losses:[0.5632631458740214, 0.5799873869683356, 0.5683707355214742, 0.5818634017318328, 0.5905670764962463]
epoch 351
avg_train_loss: 0.5576, train_losses:[0.5573050564959878, 0.5584943978765777, 0.5560494544696127, 0.5574635660786427, 0.5589165476985654]
epoch 352
avg_train_loss: 0.5576, train_losses:[0.5572894832953262, 0.5584780396977947, 0.5560281612066835, 0.5574212692514794, 0.55894121410776]
epoch 353
avg_train_loss: 0.5576, train_losses:[0.5572556873171413, 0.5584596623925772, 0.5559820089068286, 0.5574261147127807, 0.5588940826452249]
epoch 354
avg_train_loss: 0.5576, train_losses:[0.5572590597604473, 0.5584439989835535, 0.5559383366058004, 0.5573740015360403, 0.5588840045604091]
epoch 355
avg_train_loss: 0.5576, train_losses:[0.5572144566151866, 0.5584320266441412, 0.5559783137080471, 0.5573884529506895, 0.5588676942792667]
epoch 356
avg_train_loss: 0.5575, train_losses:[0.5571569062441778, 0.5583922596418011, 0.5559258739949169, 0.5573660474461893, 0.5588567154002154]
epoch 357
avg_train_loss: 0.5575, train_losses:[0.5572263474332771, 0.5584189222217579, 0.5559315995172608, 0.557341402410243, 0.5588274622559792]
epoch 358
avg_train_loss: 0.5575, train_losses:[0.557193618956012, 0.5584135301540729, 0.5559121564401814, 0.5573523410305391, 0.5588001121266775]
epoch 359
avg_train_loss: 0.5575, train_losses:[0.5571730241592383, 0.558374983382045, 0.5558395620030578, 0.5573335881908057, 0.5588007628168258]
epoch 360
avg_train_loss: 0.5575, train_losses:[0.5571294769287827, 0.558373853016931, 0.5558517287678236, 0.5573192181304786, 0.5587691168886432]
avg_val_loss: 0.5766, val_losses:[0.5631394342669408, 0.5797690701269624, 0.5680941497349292, 0.5816685326343451, 0.5902632025501778]
epoch 361
avg_train_loss: 0.5575, train_losses:[0.5571186200792896, 0.5583655802722624, 0.555834710261956, 0.5573053566230008, 0.5587672945440377]
epoch 362
avg_train_loss: 0.5575, train_losses:[0.5571053350029203, 0.5583653491497382, 0.5558475135746752, 0.5572771904956665, 0.5587202806697283]
epoch 363
avg_train_loss: 0.5575, train_losses:[0.5571006849424952, 0.5583733185058077, 0.5558014508335127, 0.557279418434888, 0.5587125992056482]
epoch 364
avg_train_loss: 0.5574, train_losses:[0.5570672246032032, 0.5583449206999622, 0.5557586071565943, 0.5572513859806484, 0.5587176373051509]
epoch 365
avg_train_loss: 0.5574, train_losses:[0.557112219857702, 0.5583341442343599, 0.5557624909489768, 0.5572303498677611, 0.5586865899038882]
epoch 366
avg_train_loss: 0.5574, train_losses:[0.5570733882737574, 0.558299588037799, 0.5557585048448255, 0.557202771148712, 0.5586659068314775]
epoch 367
avg_train_loss: 0.5574, train_losses:[0.5570365902291383, 0.5582583617094042, 0.5557316985381868, 0.5572024471224094, 0.5586836628857182]
epoch 368
avg_train_loss: 0.5574, train_losses:[0.5570330566759051, 0.5582931776984721, 0.5557002479957476, 0.5571783539726854, 0.558636133781919]
epoch 369
avg_train_loss: 0.5574, train_losses:[0.5570312166485262, 0.55825066633369, 0.5556905161337738, 0.5571597474023063, 0.5586327031179418]
epoch 370
avg_train_loss: 0.5573, train_losses:[0.5569780935786421, 0.5582330685567004, 0.5556914484199064, 0.557159403426665, 0.5586115765664459]
avg_val_loss: 0.5765, val_losses:[0.5630011264460325, 0.5795571668985129, 0.5679290038128115, 0.5815421378040666, 0.5903405010895758]
epoch 371
avg_train_loss: 0.5573, train_losses:[0.5570021419255992, 0.5582391437968285, 0.5556699705286013, 0.5571328006173344, 0.558601848444066]
epoch 372
avg_train_loss: 0.5573, train_losses:[0.5569668038740154, 0.5581756735880977, 0.5556623599907826, 0.5571013838607718, 0.5585647639402914]
epoch 373
avg_train_loss: 0.5573, train_losses:[0.556956639716968, 0.5582112077055017, 0.5556184435748556, 0.5571062434467875, 0.5585660669783091]
epoch 374
avg_train_loss: 0.5573, train_losses:[0.5569310636911735, 0.5582324362428007, 0.5555989250057555, 0.5570546006614234, 0.5585271428114276]
epoch 375
avg_train_loss: 0.5573, train_losses:[0.5569337915257345, 0.5581926678667861, 0.5556140556652993, 0.5570047018877625, 0.558531384325034]
epoch 376
avg_train_loss: 0.5572, train_losses:[0.5569289982834134, 0.5581799060076748, 0.5555779796928574, 0.5570608001544364, 0.558481137377326]
epoch 377
avg_train_loss: 0.5572, train_losses:[0.5568922639043834, 0.558164490696086, 0.5555421321841818, 0.5570070976403209, 0.5584742234503293]
epoch 378
avg_train_loss: 0.5572, train_losses:[0.5569122185525266, 0.5581409881378249, 0.5555322578510792, 0.5569778605376579, 0.5584454448419922]
epoch 379
avg_train_loss: 0.5572, train_losses:[0.5568841904637004, 0.558156146898127, 0.5555079763501075, 0.5569535655962633, 0.5584542805850058]
epoch 380
avg_train_loss: 0.5572, train_losses:[0.5568609949517398, 0.5581266891216236, 0.5554931834352824, 0.5569459615062632, 0.5584362915007978]
avg_val_loss: 0.5763, val_losses:[0.562942831425356, 0.579500901433505, 0.567818335778436, 0.5812042786300516, 0.5901620621854585]
epoch 381
avg_train_loss: 0.5571, train_losses:[0.5568787164592309, 0.5581161010775311, 0.5554803999670179, 0.5569047806944574, 0.558358570550885]
epoch 382
avg_train_loss: 0.5571, train_losses:[0.5568511391026552, 0.5581097155997786, 0.5554606394560518, 0.5568756912429694, 0.5584278166033424]
epoch 383
avg_train_loss: 0.5571, train_losses:[0.5568297310253804, 0.5580984114354198, 0.5554553426423608, 0.5568710426570297, 0.5583765849815263]
epoch 384
avg_train_loss: 0.5571, train_losses:[0.5568198136226421, 0.558093773655584, 0.5553941381707949, 0.5568450498742638, 0.5583626480682212]
epoch 385
avg_train_loss: 0.5571, train_losses:[0.5567917592578352, 0.558084400125118, 0.5553816338955173, 0.5568053506422439, 0.5583445529020825]
epoch 386
avg_train_loss: 0.5571, train_losses:[0.5567789650954788, 0.5580753637446889, 0.5553887242067987, 0.5567621896953836, 0.558325788403561]
epoch 387
avg_train_loss: 0.5570, train_losses:[0.5567732308137957, 0.5580526426555185, 0.5553770112373027, 0.5567438342813856, 0.5582978203230842]
epoch 388
avg_train_loss: 0.5570, train_losses:[0.5567813629385885, 0.5580663758216731, 0.5553591415603262, 0.5567310340826002, 0.5583082341554795]
epoch 389
avg_train_loss: 0.5570, train_losses:[0.5567744651698404, 0.5580367769232764, 0.5553442683125249, 0.5567072855317117, 0.5582701694986543]
epoch 390
avg_train_loss: 0.5570, train_losses:[0.5567245255993694, 0.5580126590463923, 0.555332756807828, 0.5566628497252643, 0.5582454791767311]
avg_val_loss: 0.5762, val_losses:[0.5629528880738424, 0.5793608083284437, 0.5676406854176856, 0.5812213292404718, 0.5900220128439241]
epoch 391
avg_train_loss: 0.5570, train_losses:[0.5567348523571221, 0.5580364936723998, 0.5552940414577268, 0.5566370736297294, 0.5582376365634251]
epoch 392
avg_train_loss: 0.5570, train_losses:[0.5567229331348227, 0.5579887495322104, 0.5552664413464204, 0.5566856059414006, 0.5581989802019964]
epoch 393
avg_train_loss: 0.5570, train_losses:[0.5567052794984625, 0.5579826015097339, 0.5552649673681768, 0.5565948313330669, 0.558211231290341]
epoch 394
avg_train_loss: 0.5570, train_losses:[0.5567003085317783, 0.557992157793902, 0.5552446484854929, 0.5566161086363214, 0.558199614995129]
epoch 395
avg_train_loss: 0.5569, train_losses:[0.5566853806343363, 0.5579566032791111, 0.555211448547646, 0.556586544208093, 0.5581581814824778]
epoch 396
avg_train_loss: 0.5569, train_losses:[0.556673969264302, 0.5579596674409298, 0.5552245420244193, 0.5565647344211325, 0.5581533662466724]
epoch 397
avg_train_loss: 0.5569, train_losses:[0.5566669523127401, 0.5579534772459319, 0.555221822128455, 0.556551127713481, 0.5581357226364271]
epoch 398
avg_train_loss: 0.5569, train_losses:[0.5566412457725896, 0.557947576721117, 0.5551914434635501, 0.5565301165517779, 0.5580883025471363]
epoch 399
avg_train_loss: 0.5569, train_losses:[0.5566233488115243, 0.5579324830021153, 0.5551818091314508, 0.5565109494447944, 0.5581399111151777]
epoch 400
avg_train_loss: 0.5569, train_losses:[0.5566182424162117, 0.5579272863811295, 0.5551678787681547, 0.5564907303057497, 0.558085602693778]
avg_val_loss: 0.5761, val_losses:[0.5628842274127998, 0.5793367423482715, 0.5674703303819735, 0.5807582649911576, 0.589883951279816]
epoch 401
avg_train_loss: 0.5568, train_losses:[0.5565960422551811, 0.557943166888774, 0.5551292319856954, 0.5564737656949692, 0.5580732373855993]
epoch 402
avg_train_loss: 0.5568, train_losses:[0.5565921271646068, 0.5578957201638888, 0.5551481097809344, 0.5564597592164582, 0.5580447440437725]
epoch 403
avg_train_loss: 0.5568, train_losses:[0.5565571165200517, 0.5579032165940558, 0.5551273136171175, 0.5564563935875555, 0.5580446901128513]
epoch 404
avg_train_loss: 0.5568, train_losses:[0.5565761293325295, 0.5578853007467476, 0.5550686381547237, 0.5564315561964412, 0.5580278748662416]
epoch 405
avg_train_loss: 0.5568, train_losses:[0.5565437958788513, 0.5578783753700942, 0.5550892046817029, 0.5564184022036527, 0.5580081404583269]
epoch 406
avg_train_loss: 0.5568, train_losses:[0.5565300916067035, 0.5578760812154828, 0.55508350775297, 0.5563972012864784, 0.5579863916219576]
epoch 407
avg_train_loss: 0.5568, train_losses:[0.5565412508967666, 0.55786863033449, 0.5550633255656687, 0.5563816464954997, 0.5579695633213035]
epoch 408
avg_train_loss: 0.5567, train_losses:[0.556514714429094, 0.5578499427906298, 0.5550354922249943, 0.5563439611803379, 0.5579519974773204]
epoch 409
avg_train_loss: 0.5567, train_losses:[0.5565053364293489, 0.5578316826336808, 0.5550430301953239, 0.5563172860611457, 0.5579354424603377]
epoch 410
avg_train_loss: 0.5567, train_losses:[0.5565009251133559, 0.5578443386302426, 0.5550229586494116, 0.5563142765896995, 0.5579217491750104]
avg_val_loss: 0.5760, val_losses:[0.5627830080302081, 0.5793344543184497, 0.5673881569439162, 0.5805052489355905, 0.5902046449462073]
epoch 411
avg_train_loss: 0.5567, train_losses:[0.5564652616974352, 0.5577902672840027, 0.5550032764877909, 0.5562973747137903, 0.5578977041546237]
epoch 412
avg_train_loss: 0.5567, train_losses:[0.556435497383777, 0.5578515532524515, 0.5550011717638157, 0.5562759918524552, 0.557894558484264]
epoch 413
avg_train_loss: 0.5567, train_losses:[0.5564621950550596, 0.5578129227850506, 0.5549676572534796, 0.5562594319135689, 0.5578522388728505]
epoch 414
avg_train_loss: 0.5567, train_losses:[0.5564591914611889, 0.5578075152709095, 0.55497557460441, 0.5562181593567997, 0.5578649967269395]
epoch 415
avg_train_loss: 0.5566, train_losses:[0.556433010311901, 0.5577959769678486, 0.5549395166272065, 0.5562372655048113, 0.5578390686453668]
epoch 416
avg_train_loss: 0.5566, train_losses:[0.5564418724474675, 0.5578004652126709, 0.5549152616608614, 0.5561816832642245, 0.5578138001168443]
epoch 417
avg_train_loss: 0.5566, train_losses:[0.5563940596225325, 0.5577885855631959, 0.5549212077348507, 0.5561653871268567, 0.5578360968565084]
epoch 418
avg_train_loss: 0.5566, train_losses:[0.556418339019715, 0.5577578688694691, 0.5549259556265643, 0.5561675409945734, 0.5578167317538244]
epoch 419
avg_train_loss: 0.5566, train_losses:[0.5563910657064994, 0.5577454579653655, 0.5548738384856171, 0.5561389127148552, 0.5577773147631624]
epoch 420
avg_train_loss: 0.5566, train_losses:[0.5563751709376897, 0.5577361619797949, 0.5548646210235196, 0.5560955700743335, 0.557748528061725]
avg_val_loss: 0.5759, val_losses:[0.5626958276512878, 0.5792411720718502, 0.5672129663154208, 0.5805478201744024, 0.5896711319994574]
epoch 421
avg_train_loss: 0.5566, train_losses:[0.5563846976710534, 0.5577428545883658, 0.5548643122899112, 0.5560402170103167, 0.5577487841124285]
epoch 422
avg_train_loss: 0.5565, train_losses:[0.5563552363641352, 0.5577246806063284, 0.554843662641875, 0.5560931358456501, 0.5577122745201759]
epoch 423
avg_train_loss: 0.5565, train_losses:[0.5563529310307253, 0.557726285514391, 0.554824032022071, 0.5560762299709122, 0.557714106668552]
epoch 424
avg_train_loss: 0.5565, train_losses:[0.5563234509648504, 0.557716575901057, 0.5548023621258902, 0.5560312780365488, 0.5576791745588007]
epoch 425
avg_train_loss: 0.5565, train_losses:[0.5563302308195749, 0.5576895908069598, 0.5548117467078683, 0.5560184008814401, 0.5576458947000664]
epoch 426
avg_train_loss: 0.5565, train_losses:[0.5563044201937927, 0.5576902851225611, 0.554789781383069, 0.5560219944639454, 0.5576597661802283]
epoch 427
avg_train_loss: 0.5565, train_losses:[0.5563045628848724, 0.557669416411621, 0.5547655606007524, 0.5559814516155176, 0.557608371889948]
epoch 428
avg_train_loss: 0.5565, train_losses:[0.5562746287243503, 0.5576664889064897, 0.554742284529755, 0.5559711729068435, 0.5576051875136337]
epoch 429
avg_train_loss: 0.5564, train_losses:[0.5562498649689124, 0.5576400730716774, 0.5547485654035655, 0.555959117735569, 0.5575879960132131]
epoch 430
avg_train_loss: 0.5564, train_losses:[0.5562918700750547, 0.5576415045546016, 0.5547216903256267, 0.5559275373243702, 0.5575565647741672]
avg_val_loss: 0.5758, val_losses:[0.5625996663423124, 0.5790949397861298, 0.567190418392318, 0.5803099102753669, 0.5897591617212978]
epoch 431
avg_train_loss: 0.5564, train_losses:[0.5562824188214923, 0.5576336375713984, 0.5547086112047197, 0.5559090639332147, 0.557550672891281]
epoch 432
avg_train_loss: 0.5564, train_losses:[0.5562438122635639, 0.5575942600836911, 0.5547034083324457, 0.5559031513192491, 0.5575480014065405]
epoch 433
avg_train_loss: 0.5564, train_losses:[0.5562630461083204, 0.5576130820714923, 0.5547040032689563, 0.5558881035292442, 0.5575153081977858]
epoch 434
avg_train_loss: 0.5564, train_losses:[0.556231681902701, 0.5575753728163093, 0.5546869753459335, 0.5558723988661977, 0.5574924822174266]
epoch 435
avg_train_loss: 0.5563, train_losses:[0.5562093037138566, 0.5575784213718002, 0.5546454667930996, 0.5558352609038267, 0.557471998613259]
epoch 436
avg_train_loss: 0.5563, train_losses:[0.556176171567714, 0.5575641474106487, 0.554609271411783, 0.5558247344154246, 0.5574344655635564]
epoch 437
avg_train_loss: 0.5563, train_losses:[0.5561913575632268, 0.5575184035595291, 0.5545957230807174, 0.5557975426337136, 0.5574329651630493]
epoch 438
avg_train_loss: 0.5563, train_losses:[0.5561846812340739, 0.5575660459673571, 0.5546116695685264, 0.5557976860070484, 0.5574382405773414]
epoch 439
avg_train_loss: 0.5563, train_losses:[0.5561596613804888, 0.5575319031786087, 0.5546121706735955, 0.5557565024081801, 0.5574115109367092]
epoch 440
avg_train_loss: 0.5563, train_losses:[0.556127203387786, 0.5574863066304088, 0.5545469746540945, 0.5557626348355301, 0.5573832725743803]
avg_val_loss: 0.5756, val_losses:[0.5624675563576933, 0.5791158919877264, 0.5669457874240096, 0.5799615764872077, 0.5893555575051941]
epoch 441
avg_train_loss: 0.5563, train_losses:[0.5561699457997387, 0.5574997503554959, 0.5545519251164713, 0.5557260384705695, 0.557343287054626]
epoch 442
avg_train_loss: 0.5562, train_losses:[0.5561419273602379, 0.557490646874782, 0.554534191371159, 0.5557141323170167, 0.5573560659092307]
epoch 443
avg_train_loss: 0.5562, train_losses:[0.5561178202904761, 0.5574877471109522, 0.5544823139135083, 0.5556881368541089, 0.557320410507664]
epoch 444
avg_train_loss: 0.5562, train_losses:[0.55609771164415, 0.5574599353885954, 0.5545494198558817, 0.5556642407834047, 0.55729378178844]
epoch 445
avg_train_loss: 0.5562, train_losses:[0.5560592371096849, 0.5574881891042293, 0.554510877560261, 0.5556614958283174, 0.5573141419107152]
epoch 446
avg_train_loss: 0.5562, train_losses:[0.5560939114167993, 0.557447628911251, 0.5544485738924498, 0.5556386889379482, 0.5572754993527675]
epoch 447
avg_train_loss: 0.5562, train_losses:[0.5560815060644182, 0.557459286954131, 0.5544965552587995, 0.555623375961549, 0.5572651671519351]
epoch 448
avg_train_loss: 0.5562, train_losses:[0.5560752986379002, 0.5574578172394716, 0.554490581084052, 0.5555835127113629, 0.5572514712313608]
epoch 449
avg_train_loss: 0.5562, train_losses:[0.556051026814766, 0.5574283862816981, 0.5544685876849702, 0.5556026767349611, 0.5572419983247142]
epoch 450
avg_train_loss: 0.5561, train_losses:[0.5560636188850562, 0.5574441851743379, 0.5544446480141008, 0.5555601788910468, 0.5572192667977999]
avg_val_loss: 0.5755, val_losses:[0.5624860558367107, 0.5789875795692307, 0.5668776876632838, 0.579658570047837, 0.5893026193906337]
epoch 451
avg_train_loss: 0.5561, train_losses:[0.5560422403219274, 0.5574215346914282, 0.5544428351873107, 0.5555609056819845, 0.5572152757344879]
epoch 452
avg_train_loss: 0.5561, train_losses:[0.5560186142520974, 0.5574230084711052, 0.554427449938727, 0.5555330951276075, 0.5571612882715147]
epoch 453
avg_train_loss: 0.5561, train_losses:[0.5560198673161842, 0.5574040978125612, 0.5544482487989782, 0.5555367994309286, 0.5571764879813526]
epoch 454
avg_train_loss: 0.5561, train_losses:[0.5560221889137379, 0.5573956163172215, 0.5544031101426327, 0.5554788980081743, 0.5571664587158118]
epoch 455
avg_train_loss: 0.5561, train_losses:[0.5559940957214956, 0.5574084850235698, 0.5544116504452953, 0.5554911448370874, 0.5571551805427528]
epoch 456
avg_train_loss: 0.5561, train_losses:[0.5560048377444234, 0.5573704968992164, 0.5543670602975009, 0.5554606708499631, 0.5571391664316082]
epoch 457
avg_train_loss: 0.5561, train_losses:[0.5559514402064227, 0.5573799703881808, 0.5543803802747757, 0.5554553945079941, 0.5571467818719565]
epoch 458
avg_train_loss: 0.5560, train_losses:[0.5559814303892419, 0.5573434387457954, 0.554351670849485, 0.5554050066257503, 0.5571130629044927]
epoch 459
avg_train_loss: 0.5560, train_losses:[0.555967420061591, 0.557288011506408, 0.5543513687123655, 0.5553986268881042, 0.5570914208994906]
epoch 460
avg_train_loss: 0.5560, train_losses:[0.5559542985879251, 0.5573605799007396, 0.5543244365531069, 0.5554149237158733, 0.5571070328442406]
avg_val_loss: 0.5754, val_losses:[0.5624141037480433, 0.578872737433882, 0.566860749492786, 0.5795430162980352, 0.5890759347630955]
epoch 461
avg_train_loss: 0.5560, train_losses:[0.5559409662323052, 0.5573341299796547, 0.5543251376749653, 0.5553801282799907, 0.557084781197034]
epoch 462
avg_train_loss: 0.5560, train_losses:[0.5559434894148162, 0.5573351831786775, 0.5543092055287666, 0.5553559316871767, 0.5570781982929081]
epoch 463
avg_train_loss: 0.5560, train_losses:[0.5559220403513291, 0.5573241933108508, 0.5542909623813502, 0.5553119841644965, 0.5570497521696577]
epoch 464
avg_train_loss: 0.5560, train_losses:[0.5559133639255636, 0.5573284239901686, 0.5542815342144812, 0.5553357757748377, 0.5570581284225256]
epoch 465
avg_train_loss: 0.5560, train_losses:[0.5559011087812863, 0.5573079145363627, 0.5542661077780634, 0.5553132311137459, 0.5570377677463192]
epoch 466
avg_train_loss: 0.5560, train_losses:[0.5559008149269457, 0.5573087892361032, 0.5542603967561832, 0.5552566936673329, 0.5570398467648008]
epoch 467
avg_train_loss: 0.5559, train_losses:[0.5558764764403736, 0.5572870874602863, 0.5542475273075007, 0.5552728691575842, 0.5570313823513113]
epoch 468
avg_train_loss: 0.5559, train_losses:[0.5558936615997446, 0.5572905706213533, 0.554206951002104, 0.555243014062266, 0.557040508769812]
epoch 469
avg_train_loss: 0.5559, train_losses:[0.5558686278363045, 0.557291011245029, 0.5541966588499524, 0.555212995923286, 0.5569903339431539]
epoch 470
avg_train_loss: 0.5559, train_losses:[0.555872495828884, 0.5572531137709762, 0.5542292367504924, 0.5552133638776435, 0.5570147973202089]
avg_val_loss: 0.5753, val_losses:[0.5624096752215038, 0.5787889599816401, 0.5666645168606433, 0.5792540115737941, 0.5893101649019743]
epoch 471
avg_train_loss: 0.5559, train_losses:[0.5558612043198455, 0.5572697671686095, 0.5541927584268416, 0.5551844675256943, 0.5569876812880069]
epoch 472
avg_train_loss: 0.5559, train_losses:[0.5558588016500364, 0.5572543926039347, 0.5542029418784666, 0.5551508592867642, 0.5569846073191757]
epoch 473
avg_train_loss: 0.5559, train_losses:[0.5558429246381851, 0.5572609113861605, 0.5541747656079358, 0.5551457186666915, 0.5569794638668137]
epoch 474
avg_train_loss: 0.5559, train_losses:[0.55579131101362, 0.5572368763370656, 0.5541666348069213, 0.5551245071623458, 0.5569454721288797]
epoch 475
avg_train_loss: 0.5558, train_losses:[0.5558136341903119, 0.5571960328697901, 0.5541580439033428, 0.5551098464410388, 0.5569668523605785]
epoch 476
avg_train_loss: 0.5559, train_losses:[0.5558126561910604, 0.5572405471233388, 0.5541605996182144, 0.5551018959437183, 0.5569357743423885]
epoch 477
avg_train_loss: 0.5558, train_losses:[0.5557947950086672, 0.5572249186060558, 0.5541269805721619, 0.5550874713396526, 0.5569250761843516]
epoch 478
avg_train_loss: 0.5558, train_losses:[0.555777635155864, 0.5572105085635514, 0.5541223960163596, 0.5550613105918246, 0.5569243370240318]
epoch 479
avg_train_loss: 0.5558, train_losses:[0.5557836682041232, 0.5571898889825933, 0.554110695195075, 0.5550461903779097, 0.5568955113152362]
epoch 480
avg_train_loss: 0.5558, train_losses:[0.5557885900952914, 0.5571771287323816, 0.5540900627276445, 0.555012325343303, 0.556902122290649]
avg_val_loss: 0.5752, val_losses:[0.5623352604232005, 0.5787239103299665, 0.5665925285994429, 0.5789881532221882, 0.5891955595416668]
epoch 481
avg_train_loss: 0.5558, train_losses:[0.5557670938319803, 0.5571780169703008, 0.554094057420062, 0.5550052222595977, 0.5568961817310435]
epoch 482
avg_train_loss: 0.5558, train_losses:[0.5557616313769672, 0.557178654206619, 0.5540431248040717, 0.555015449916253, 0.556876999246499]
epoch 483
avg_train_loss: 0.5558, train_losses:[0.5557100553151202, 0.5571693890640642, 0.5541149079035934, 0.5549883501534255, 0.5568898970252816]
epoch 484
avg_train_loss: 0.5558, train_losses:[0.5557598665809267, 0.5571768515444097, 0.5540963938989202, 0.5549618001241534, 0.5568507356902396]
epoch 485
avg_train_loss: 0.5557, train_losses:[0.555717403341595, 0.5571754844694088, 0.554048512897367, 0.5549430875955055, 0.5568441327712698]
epoch 486
avg_train_loss: 0.5557, train_losses:[0.555703726329097, 0.5571706219771907, 0.5540362333385449, 0.5549407445374692, 0.5568386291779829]
epoch 487
avg_train_loss: 0.5557, train_losses:[0.5556373337117813, 0.5571452172065565, 0.5540433948996469, 0.5549125105715891, 0.556822731184702]
epoch 488
avg_train_loss: 0.5557, train_losses:[0.5556375798306769, 0.5571553337147137, 0.5540330832940642, 0.5549036361533968, 0.556787476613578]
epoch 489
avg_train_loss: 0.5557, train_losses:[0.5557095698041593, 0.5571355120299165, 0.5540015483047531, 0.5548838046420914, 0.5568309269577685]
epoch 490
avg_train_loss: 0.5557, train_losses:[0.5556780113167654, 0.5571307237751847, 0.5539581040907237, 0.5548656668002194, 0.5567806005005435]
avg_val_loss: 0.5751, val_losses:[0.5622900314623986, 0.5787214579047182, 0.5665090954725707, 0.578992461521182, 0.5890392466214526]
epoch 491
avg_train_loss: 0.5557, train_losses:[0.55566430346227, 0.5571340814726188, 0.5539783372190501, 0.5548557684069374, 0.5567684100880492]
epoch 492
avg_train_loss: 0.5557, train_losses:[0.555651010111268, 0.5571128365683288, 0.5540162571229986, 0.5548383530221566, 0.5567899701763767]
epoch 493
avg_train_loss: 0.5557, train_losses:[0.5556537439517093, 0.5571302782657487, 0.5539717732033201, 0.5548207734756305, 0.5567395614970002]
epoch 494
avg_train_loss: 0.5557, train_losses:[0.5556402298678063, 0.5571124611050934, 0.5539843495532341, 0.5547864371861367, 0.5567269203758018]
epoch 495
avg_train_loss: 0.5556, train_losses:[0.5556093389068144, 0.5570300926171822, 0.5539566757441358, 0.5547870499244104, 0.5567347119011579]
epoch 496
avg_train_loss: 0.5556, train_losses:[0.5556059547144669, 0.5570986490030579, 0.5539227896960761, 0.5547760885748412, 0.556751850900289]
epoch 497
avg_train_loss: 0.5556, train_losses:[0.5556216264999524, 0.5570848053289102, 0.5539385010523494, 0.5547693250748882, 0.5567202259074538]
epoch 498
avg_train_loss: 0.5556, train_losses:[0.5556108547184886, 0.5570783140415594, 0.5539350366655134, 0.5547314767068999, 0.5567009066385178]
epoch 499
avg_train_loss: 0.5556, train_losses:[0.5555929652357523, 0.5570787487642389, 0.5539171901118887, 0.5547052012251713, 0.5566690425387624]
epoch 500
avg_train_loss: 0.5556, train_losses:[0.5555850150021693, 0.5570521700863681, 0.5539034606390755, 0.5547140905582718, 0.5566498970861593]
avg_val_loss: 0.5750, val_losses:[0.5622305145017009, 0.5786399591306333, 0.5664575458941473, 0.5786534966349813, 0.5889441821502166]
epoch 501
avg_train_loss: 0.5556, train_losses:[0.5555756200865742, 0.5570425718862879, 0.55388215246022, 0.5546813067786412, 0.5566400912789776]
epoch 502
avg_train_loss: 0.5556, train_losses:[0.5555808268548297, 0.5570627411952631, 0.5538922117292223, 0.5546638915771528, 0.5566363498798661]
epoch 503
avg_train_loss: 0.5555, train_losses:[0.5555580446468157, 0.5570253496112286, 0.5538835191981665, 0.554650334262724, 0.5566008695246858]
epoch 504
avg_train_loss: 0.5555, train_losses:[0.5555511844407858, 0.5570014666062162, 0.5538691754514968, 0.5546023148255291, 0.5565924413285328]
epoch 505
avg_train_loss: 0.5555, train_losses:[0.5555378100521503, 0.5569901582790838, 0.5538594279404272, 0.5546260330293096, 0.5565733179313589]
epoch 506
avg_train_loss: 0.5555, train_losses:[0.5555272698239478, 0.5570342027155724, 0.5538426973359709, 0.5546215921950974, 0.556590154125535]
epoch 507
avg_train_loss: 0.5555, train_losses:[0.555521419754433, 0.5570142595985563, 0.5538535672256983, 0.5545935933383508, 0.5565886346103227]
epoch 508
avg_train_loss: 0.5555, train_losses:[0.5554641407885216, 0.5570091998144955, 0.5538302200596606, 0.5545851534401979, 0.5565564234603441]
epoch 509
avg_train_loss: 0.5555, train_losses:[0.5554814981001672, 0.5569852824584548, 0.5537853179645313, 0.5545987757287199, 0.5565459051630088]
epoch 510
avg_train_loss: 0.5555, train_losses:[0.5554758267794161, 0.5569636889707567, 0.5537995618636963, 0.5545568398083222, 0.5565556415617751]
avg_val_loss: 0.5749, val_losses:[0.562250616170188, 0.5785879693396906, 0.5663183710606711, 0.578593556666221, 0.5887939295298158]
epoch 511
avg_train_loss: 0.5555, train_losses:[0.5554957295598895, 0.5569670294998048, 0.5538007960140463, 0.5545764186663587, 0.5565461962172873]
epoch 512
avg_train_loss: 0.5555, train_losses:[0.5554869438592812, 0.5569592664036667, 0.553788228918361, 0.55453828209249, 0.5565077400694654]
epoch 513
avg_train_loss: 0.5554, train_losses:[0.5554635173622657, 0.5569554774386143, 0.5537751560029193, 0.5545181578520557, 0.5565053905858455]
epoch 514
avg_train_loss: 0.5554, train_losses:[0.5554501223002866, 0.556945947899859, 0.5537583085719744, 0.554520787417463, 0.5565039503276226]
epoch 515
avg_train_loss: 0.5554, train_losses:[0.5554497896286935, 0.5568878326461798, 0.5537614055533117, 0.5544756833534806, 0.5564734257438949]
epoch 516
avg_train_loss: 0.5554, train_losses:[0.5554435712046328, 0.5569495414782911, 0.553730501875902, 0.5544802167269229, 0.5564826148829044]
epoch 517
avg_train_loss: 0.5554, train_losses:[0.5554174965522896, 0.5569319688490157, 0.5537308657784797, 0.5544657016314102, 0.5564754988157604]
epoch 518
avg_train_loss: 0.5554, train_losses:[0.5553934325603098, 0.5569451367058361, 0.5537037453983147, 0.5544595063520854, 0.5564413212908736]
epoch 519
avg_train_loss: 0.5554, train_losses:[0.5553968976069984, 0.5569231005680632, 0.5537390979055573, 0.5544314598454301, 0.5564423738989622]
epoch 520
avg_train_loss: 0.5554, train_losses:[0.5553919013337466, 0.5569286023005963, 0.5536999092293653, 0.5544233522309014, 0.556447072568871]
avg_val_loss: 0.5748, val_losses:[0.5621622483334744, 0.5784564782430422, 0.5662264198134046, 0.5784138541689527, 0.588599351943028]
epoch 521
avg_train_loss: 0.5554, train_losses:[0.5553525404054873, 0.5568838346015483, 0.5537037683180083, 0.5543717074680162, 0.5564388175210748]
epoch 522
avg_train_loss: 0.5553, train_losses:[0.5553276996489214, 0.5569016751187441, 0.5536777365336791, 0.5543724546420846, 0.5564295851917105]
epoch 523
avg_train_loss: 0.5554, train_losses:[0.5553967521115453, 0.5568980251524484, 0.5536802062660962, 0.554381286174952, 0.5564238984874482]
epoch 524
avg_train_loss: 0.5553, train_losses:[0.5553202804357601, 0.5568889034331246, 0.553679133437478, 0.5543760729324024, 0.5563972848628541]
epoch 525
avg_train_loss: 0.5553, train_losses:[0.555340284813162, 0.5568658493067946, 0.5536581857825106, 0.5543503263825806, 0.5563825064667004]
epoch 526
avg_train_loss: 0.5553, train_losses:[0.5553092102848535, 0.5568589714130502, 0.5536695307803381, 0.5543361579061927, 0.5563656837868205]
epoch 527
avg_train_loss: 0.5553, train_losses:[0.5553031729577355, 0.5568819694580222, 0.5536816824132997, 0.554298302376564, 0.5563563782814929]
epoch 528
avg_train_loss: 0.5553, train_losses:[0.5552967809435732, 0.556880322103518, 0.5536560106498232, 0.55430296508009, 0.556359059549639]
epoch 529
avg_train_loss: 0.5553, train_losses:[0.5552776406410636, 0.5568531050294955, 0.5536346816835753, 0.5542741276525671, 0.5563485448772959]
epoch 530
avg_train_loss: 0.5553, train_losses:[0.5552831509455702, 0.5568559984035494, 0.5536428612077771, 0.5542545997375924, 0.5563441165829187]
avg_val_loss: 0.5747, val_losses:[0.5621652693285453, 0.5783453729531634, 0.5661970357580786, 0.578189396933159, 0.5885886477765782]
epoch 531
avg_train_loss: 0.5552, train_losses:[0.5552583002341915, 0.5568101538923289, 0.5536232994183341, 0.5542335795395749, 0.5563127926965872]
epoch 532
avg_train_loss: 0.5552, train_losses:[0.5552668808957992, 0.5567961675046991, 0.5536122391041185, 0.5542095173306226, 0.5563098261741499]
epoch 533
avg_train_loss: 0.5552, train_losses:[0.555271450629358, 0.5568223760623073, 0.5536299928405195, 0.5542052935705922, 0.5563010711544147]
epoch 534
avg_train_loss: 0.5552, train_losses:[0.5552332259977577, 0.5568148244825186, 0.5536200445550521, 0.5541619966218057, 0.5562822316104115]
epoch 535
avg_train_loss: 0.5552, train_losses:[0.5552343039300504, 0.5568266672983719, 0.5536421772828168, 0.5541697326955558, 0.5562588829713652]
epoch 536
avg_train_loss: 0.5552, train_losses:[0.5552278871103196, 0.5567888655864403, 0.5535941528957095, 0.5541393580671565, 0.55628147394634]
epoch 537
avg_train_loss: 0.5552, train_losses:[0.5551874961379563, 0.5568045079728465, 0.5535794786912114, 0.5541151305009854, 0.5562411467201709]
epoch 538
avg_train_loss: 0.5552, train_losses:[0.5551769132657637, 0.5568002306547832, 0.5535904042733095, 0.5541058464497852, 0.5562564739808532]
epoch 539
avg_train_loss: 0.5552, train_losses:[0.555198642422407, 0.5567936050701252, 0.5535777020422636, 0.5540855908131548, 0.5562432858850097]
epoch 540
avg_train_loss: 0.5552, train_losses:[0.5551477337016331, 0.5568105861089943, 0.5535610121287153, 0.5540786245236061, 0.556233209148365]
avg_val_loss: 0.5747, val_losses:[0.5620437053989253, 0.5783037852846697, 0.5661140459229325, 0.5781129261859864, 0.5887064971742635]
epoch 541
avg_train_loss: 0.5552, train_losses:[0.5551540691599137, 0.5568012759803801, 0.5535749775232581, 0.5540618065273806, 0.5562265787609161]
epoch 542
avg_train_loss: 0.5551, train_losses:[0.5551536645379159, 0.5567810482652886, 0.553554478311423, 0.5540460649808161, 0.5561999528928094]
epoch 543
avg_train_loss: 0.5551, train_losses:[0.5551311132355302, 0.5567824315138052, 0.5535136625243515, 0.5540538149033237, 0.5561966062023843]
epoch 544
avg_train_loss: 0.5551, train_losses:[0.5551250585160021, 0.5567750898709967, 0.5535440563495726, 0.5540341469814842, 0.5561836485582834]
epoch 545
avg_train_loss: 0.5551, train_losses:[0.5550753134859514, 0.5567710785794178, 0.5535287258219099, 0.5540102967379478, 0.556192056788469]
epoch 546
avg_train_loss: 0.5551, train_losses:[0.5551139572624155, 0.5567788950340038, 0.5535073209807638, 0.5539976539944431, 0.5561574638069076]
epoch 547
avg_train_loss: 0.5551, train_losses:[0.5550892942892734, 0.5567701341695127, 0.5535080850900297, 0.5539949112989434, 0.5561554696947006]
epoch 548
avg_train_loss: 0.5551, train_losses:[0.55510555402172, 0.5567735229421331, 0.5534966048163174, 0.5539736987050264, 0.5561708328224392]
epoch 549
avg_train_loss: 0.5551, train_losses:[0.5550973311549806, 0.5567722298205153, 0.5535209658519251, 0.5539610929203933, 0.5561360251191569]
epoch 550
avg_train_loss: 0.5551, train_losses:[0.5550746285325173, 0.5567336933688666, 0.5535140408051981, 0.5539324151059098, 0.5561109118706317]
avg_val_loss: 0.5745, val_losses:[0.5620099621399416, 0.5782939346823615, 0.5660234463578188, 0.5778465373473397, 0.5883958991627148]
epoch 551
avg_train_loss: 0.5551, train_losses:[0.5550659704054408, 0.5567513343804551, 0.5534673670914785, 0.5539128126550895, 0.5561388707379263]
epoch 552
avg_train_loss: 0.5551, train_losses:[0.5550684104444926, 0.5567175567630749, 0.5534699058945733, 0.5539150457987964, 0.5561180989916931]
epoch 553
avg_train_loss: 0.5551, train_losses:[0.5550821266835961, 0.5567566549406919, 0.5534842413890129, 0.5538893705354535, 0.5560909203082237]
epoch 554
avg_train_loss: 0.5551, train_losses:[0.5550502735007533, 0.556738075116744, 0.5534818890899859, 0.5539004471015934, 0.5561036099310014]
epoch 555
avg_train_loss: 0.5550, train_losses:[0.5550330436852493, 0.5567207962033216, 0.5534899993255955, 0.5538786927402115, 0.5560800637380338]
epoch 556
avg_train_loss: 0.5550, train_losses:[0.5550205951145619, 0.556741886805978, 0.5534704345566331, 0.5538520540177942, 0.5560537515661503]
epoch 557
avg_train_loss: 0.5550, train_losses:[0.5550195477187795, 0.556760514012024, 0.5534829035359086, 0.5538415901990927, 0.5560242313618248]
epoch 558
avg_train_loss: 0.5550, train_losses:[0.5550041683436979, 0.5567220679785053, 0.5534563266319006, 0.5538284920483637, 0.5559998892998131]
epoch 559
avg_train_loss: 0.5550, train_losses:[0.5549926738220582, 0.5567402271892138, 0.5534640642198495, 0.5538023100304734, 0.5560668453511048]
epoch 560
avg_train_loss: 0.5550, train_losses:[0.554977854920447, 0.5567078419544205, 0.5534489179763803, 0.5537959278540204, 0.5560084179652687]
avg_val_loss: 0.5745, val_losses:[0.5619788458190265, 0.57828467340601, 0.5659638001030222, 0.5775839031369892, 0.5884401107857695]
epoch 561
avg_train_loss: 0.5550, train_losses:[0.5549311681746394, 0.556716306050222, 0.5534452802275399, 0.5537714351381134, 0.5560408437066314]
epoch 562
avg_train_loss: 0.5550, train_losses:[0.5549924890144631, 0.5567497458648408, 0.5534413801425017, 0.5537423646278562, 0.5559986744427821]
epoch 563
avg_train_loss: 0.5550, train_losses:[0.5549451463915023, 0.5567271708169275, 0.5534444835716575, 0.5537196619616064, 0.5559665876911265]
epoch 564
avg_train_loss: 0.5550, train_losses:[0.5549490672985548, 0.5567206493067001, 0.5534286965970954, 0.5536781742460609, 0.5559912760091216]
epoch 565
avg_train_loss: 0.5549, train_losses:[0.5549174787817596, 0.5566896444213489, 0.5534070301793965, 0.5536684119779183, 0.5560037942430891]
epoch 566
avg_train_loss: 0.5549, train_losses:[0.5549236817155777, 0.556697774776352, 0.5534238684375762, 0.5536453175567956, 0.5559699339009347]
epoch 567
avg_train_loss: 0.5549, train_losses:[0.5549159880159705, 0.556725522908473, 0.5534181913960663, 0.5536375331855038, 0.5559549399562362]
epoch 568
avg_train_loss: 0.5549, train_losses:[0.5549021077322251, 0.5567132023033594, 0.5534239502226352, 0.5535918650086791, 0.5559586616256157]
epoch 569
avg_train_loss: 0.5549, train_losses:[0.5548855262055699, 0.5567048393045055, 0.5534068424106112, 0.5535724247777231, 0.5559621116690449]
epoch 570
avg_train_loss: 0.5549, train_losses:[0.5548716563145024, 0.5567070938160305, 0.5534028508871153, 0.5535795170207025, 0.5559432240714951]
avg_val_loss: 0.5743, val_losses:[0.5617815702848133, 0.5782844402009026, 0.5659016462579294, 0.5774381635080551, 0.5882960642668118]
epoch 571
avg_train_loss: 0.5549, train_losses:[0.55486617452418, 0.5566895146035038, 0.5533885210564103, 0.5535675116794976, 0.5559439010326533]
epoch 572
avg_train_loss: 0.5549, train_losses:[0.5548704675982598, 0.5566842527884741, 0.5533842922711139, 0.5535486351764699, 0.5559025949445826]
epoch 573
avg_train_loss: 0.5549, train_losses:[0.5548508178182925, 0.5566873247677128, 0.5533876465094135, 0.5535094739238724, 0.555911060331525]
epoch 574
avg_train_loss: 0.5548, train_losses:[0.5548251134226628, 0.5566764422725612, 0.553377771966543, 0.5534908618537038, 0.5558622838679568]
epoch 575
avg_train_loss: 0.5549, train_losses:[0.5548432774264669, 0.5566846749922842, 0.5533716312625238, 0.5534918017037016, 0.5559629700997496]
epoch 576
avg_train_loss: 0.5549, train_losses:[0.554829038311233, 0.5566762556432435, 0.5533863689595017, 0.5534783005765331, 0.555914221829659]
epoch 577
avg_train_loss: 0.5548, train_losses:[0.5547959524952938, 0.5566808201814817, 0.5533681913778055, 0.5534852975482076, 0.5559056383168517]
epoch 578
avg_train_loss: 0.5548, train_losses:[0.5548268502299573, 0.5566731880253453, 0.5533320738366888, 0.5534597602358, 0.5559085774644894]
epoch 579
avg_train_loss: 0.5548, train_losses:[0.554819808725363, 0.55666226810189, 0.553349243872402, 0.5534518516615197, 0.5558838127039651]
epoch 580
avg_train_loss: 0.5548, train_losses:[0.5547943263354982, 0.5566543855266152, 0.5533301155062993, 0.5534249028491303, 0.5558654508931855]
avg_val_loss: 0.5742, val_losses:[0.5618329921861286, 0.5782403667083574, 0.5658050092563157, 0.5772121845087393, 0.5880547912313744]
epoch 581
avg_train_loss: 0.5548, train_losses:[0.554799960075202, 0.556660879315907, 0.5533313793479779, 0.5534222011714099, 0.5558615120867815]
epoch 582
avg_train_loss: 0.5548, train_losses:[0.5547835783107633, 0.5566500044945963, 0.553329882720906, 0.5533786653152646, 0.5558708530111327]
epoch 583
avg_train_loss: 0.5548, train_losses:[0.5547658839773854, 0.5566747360251976, 0.5533268985214055, 0.5533588645227436, 0.5558474312612915]
epoch 584
avg_train_loss: 0.5548, train_losses:[0.5548209205199043, 0.5566538238729456, 0.5533248515141634, 0.5533399950123201, 0.5558152702176637]
epoch 585
avg_train_loss: 0.5548, train_losses:[0.5547705684478996, 0.5566585960875579, 0.5533113267117294, 0.5533404664932677, 0.5558253386534839]
epoch 586
avg_train_loss: 0.5548, train_losses:[0.5547325903302919, 0.5566543420751204, 0.5533142318450077, 0.5533393772253598, 0.5558127499643336]
epoch 587
avg_train_loss: 0.5548, train_losses:[0.5547628754672058, 0.5566474404786166, 0.5532768456518058, 0.5533202674389944, 0.555798425702298]
epoch 588
avg_train_loss: 0.5547, train_losses:[0.5547454655282452, 0.5566254350667559, 0.5532822644160257, 0.5532910511542724, 0.5558000598405739]
epoch 589
avg_train_loss: 0.5547, train_losses:[0.5547690374514702, 0.556630147171651, 0.5532597173049256, 0.5532973246709305, 0.5557846756919544]
epoch 590
avg_train_loss: 0.5547, train_losses:[0.5547460380399517, 0.5566373505397079, 0.5532790775094111, 0.5532734062385563, 0.5557945731177557]
avg_val_loss: 0.5741, val_losses:[0.5617550989269021, 0.5782160928735841, 0.5657615328854968, 0.5769298493544456, 0.5879413810598844]
epoch 591
avg_train_loss: 0.5547, train_losses:[0.5547466277485563, 0.5566244540543813, 0.5532747764519299, 0.5532572266191349, 0.5557897020041234]
epoch 592
avg_train_loss: 0.5547, train_losses:[0.5547566979906624, 0.5566498892770074, 0.5532660312854129, 0.5532496666639029, 0.5558275919159661]
epoch 593
avg_train_loss: 0.5547, train_losses:[0.5547110907045839, 0.5566292438172021, 0.5532496227745428, 0.5532903619871502, 0.555791221238297]
epoch 594
avg_train_loss: 0.5547, train_losses:[0.5547354768817961, 0.5566098836880703, 0.5532589897848916, 0.5532269429404136, 0.5557862426986359]
epoch 595
avg_train_loss: 0.5547, train_losses:[0.5547277253188218, 0.5566175107690444, 0.5532383464787718, 0.5532309328519549, 0.5557185073758761]
epoch 596
avg_train_loss: 0.5547, train_losses:[0.5547130780134985, 0.5565812994942421, 0.553243662637955, 0.5531833949635506, 0.5557695480705823]
epoch 597
avg_train_loss: 0.5547, train_losses:[0.5547141029844768, 0.5566201826648082, 0.5532319898828068, 0.5532033593995067, 0.555735672442366]
epoch 598
avg_train_loss: 0.5547, train_losses:[0.5547110693367658, 0.5566024256596931, 0.5532329556992249, 0.5531944733086448, 0.5557418345663738]
epoch 599
avg_train_loss: 0.5547, train_losses:[0.5546830344600119, 0.5565991654432553, 0.5532181702097777, 0.5531876525888845, 0.5557266871704664]
epoch 600
avg_train_loss: 0.5547, train_losses:[0.5547089585702518, 0.5566052624452801, 0.553231824980764, 0.5531667953316814, 0.5557320941801164]
avg_val_loss: 0.5741, val_losses:[0.561754535362827, 0.5781521930856849, 0.5657936275632587, 0.5767716856965345, 0.5877782796301302]
epoch 601
avg_train_loss: 0.5547, train_losses:[0.5546791092252228, 0.556583883226372, 0.5532388452030765, 0.5531567700552689, 0.5557098743595256]
epoch 602
avg_train_loss: 0.5547, train_losses:[0.5546393600490848, 0.5565774428342231, 0.553213517428479, 0.5531653273776471, 0.5557018452261223]
epoch 603
avg_train_loss: 0.5547, train_losses:[0.5546825862144281, 0.556600038460779, 0.5532238941293316, 0.5531588061393035, 0.5556961183577626]
epoch 604
avg_train_loss: 0.5547, train_losses:[0.5546363236560614, 0.5565931894926084, 0.55319822080176, 0.5531329635279829, 0.5556914520724738]
epoch 605
avg_train_loss: 0.5547, train_losses:[0.5546536202266495, 0.556583268394492, 0.5531942309441881, 0.5531184612883939, 0.5557030373353099]
epoch 606
avg_train_loss: 0.5546, train_losses:[0.5546357590605491, 0.5565743485065521, 0.5531897071579553, 0.5531408337544429, 0.555677259202145]
epoch 607
avg_train_loss: 0.5546, train_losses:[0.5546394815922973, 0.5565820355546826, 0.553183990144451, 0.553115250454996, 0.555691223217357]
epoch 608
avg_train_loss: 0.5546, train_losses:[0.5546185011890917, 0.5565751050254769, 0.5531662142907697, 0.5531049518428063, 0.5556612539824134]
epoch 609
avg_train_loss: 0.5546, train_losses:[0.5546229632159759, 0.5565703692442979, 0.5531801148079569, 0.5531023843646371, 0.5556699970478208]
no_improve_num: 1
epoch 610
avg_train_loss: 0.5546, train_losses:[0.5546254722483154, 0.5565836191835184, 0.5531614118003297, 0.5530496849832314, 0.555635806863973]
avg_val_loss: 0.5741, val_losses:[0.5616518811920846, 0.5781856996937823, 0.5657350719015798, 0.5766504063980329, 0.5882320399979153]
epoch 611
avg_train_loss: 0.5546, train_losses:[0.554634175717853, 0.5565828519318066, 0.5531312828753633, 0.5530861189664195, 0.5556265279392051]
epoch 612
avg_train_loss: 0.5546, train_losses:[0.5546182168618816, 0.5565706577149341, 0.553191078319358, 0.5530704950742141, 0.5556521124692828]
epoch 613
avg_train_loss: 0.5546, train_losses:[0.5546246910154683, 0.5565598075637592, 0.5531555411348614, 0.5530623179328134, 0.5556373267701957]
epoch 614
avg_train_loss: 0.5546, train_losses:[0.5546208630111761, 0.5565590478871141, 0.5531449829521522, 0.5530502457754268, 0.5556198914625842]
epoch 615
avg_train_loss: 0.5546, train_losses:[0.5546259790293384, 0.5565431251122472, 0.5531463371427171, 0.5530492306584505, 0.5556160895749814]
epoch 616
avg_train_loss: 0.5546, train_losses:[0.5546048040612735, 0.5565058337687778, 0.5531411169269109, 0.553036296582912, 0.555618215404737]
epoch 617
avg_train_loss: 0.5546, train_losses:[0.5546128549793964, 0.5565600088809061, 0.5531216737011612, 0.5530151581409448, 0.5555959286358377]
epoch 618
avg_train_loss: 0.5546, train_losses:[0.5545942622852688, 0.5565286076186593, 0.5531142378817104, 0.5530148200601901, 0.5555853381522842]
epoch 619
avg_train_loss: 0.5546, train_losses:[0.5545605529493909, 0.5565200571615988, 0.5531175609134644, 0.5530145222019293, 0.5555869325134001]
epoch 620
avg_train_loss: 0.5546, train_losses:[0.5545901412351589, 0.5565062005683934, 0.5531209864606456, 0.5530155476250288, 0.5555640639495667]
avg_val_loss: 0.5740, val_losses:[0.5617062080561406, 0.578142047466045, 0.5656506859068501, 0.5766630817163474, 0.5878421153410853]
epoch 621
avg_train_loss: 0.5546, train_losses:[0.5545883883551594, 0.5565343858151595, 0.5531073566418617, 0.5529544451740005, 0.5556147426582676]
epoch 622
avg_train_loss: 0.5545, train_losses:[0.5545902797817943, 0.5565208253124616, 0.5530985435818112, 0.5529375920701566, 0.5555863131814696]
epoch 623
avg_train_loss: 0.5545, train_losses:[0.5545880016347172, 0.5565124041773385, 0.5530845974533339, 0.5529788497588589, 0.5555378601323618]
epoch 624
avg_train_loss: 0.5545, train_losses:[0.55458200621231, 0.5565014322110674, 0.5531014004745722, 0.5529528464490008, 0.5555909653333623]
epoch 625
avg_train_loss: 0.5545, train_losses:[0.554579920624059, 0.5565163908201658, 0.55309121478678, 0.5529433689418601, 0.5555675360280601]
epoch 626
avg_train_loss: 0.5545, train_losses:[0.5545676841715311, 0.55647628932451, 0.553085418719273, 0.5529546862523557, 0.5555457788623551]
epoch 627
avg_train_loss: 0.5545, train_losses:[0.5545458423878312, 0.5564840577208527, 0.5530631664909875, 0.5529292486672944, 0.5555514177370873]
epoch 628
avg_train_loss: 0.5545, train_losses:[0.5545629486846383, 0.5564979031546072, 0.5530901994549442, 0.5529271271639202, 0.5555160774287914]
epoch 629
avg_train_loss: 0.5545, train_losses:[0.5545022415138062, 0.5564951675515043, 0.5530512156772285, 0.5529039270503026, 0.5555288748523162]
epoch 630
avg_train_loss: 0.5545, train_losses:[0.5545369387711631, 0.5564927858340507, 0.55307117316844, 0.5528916167350194, 0.5555416162921152]
avg_val_loss: 0.5739, val_losses:[0.5617105252302554, 0.5780449879206936, 0.5656181431474852, 0.576425704324573, 0.5876523021500641]
epoch 631
avg_train_loss: 0.5545, train_losses:[0.5545467581776496, 0.5564603248017492, 0.5530776542545518, 0.5528850425363797, 0.5555280462076417]
epoch 632
avg_train_loss: 0.5545, train_losses:[0.5545448422366775, 0.5564770046118144, 0.5530368455690416, 0.55286576143172, 0.5554991432498579]
epoch 633
avg_train_loss: 0.5545, train_losses:[0.5545249770596539, 0.5564658075655579, 0.5530761645029806, 0.5528822028781937, 0.5555140109918834]
epoch 634
avg_train_loss: 0.5545, train_losses:[0.5545169658060015, 0.5564774430329267, 0.5530643640826544, 0.5528461805238638, 0.5554956465173455]
epoch 635
avg_train_loss: 0.5545, train_losses:[0.554517888913259, 0.5564642427445566, 0.5530454902811527, 0.5528556782970317, 0.5555051454424744]
epoch 636
avg_train_loss: 0.5545, train_losses:[0.5544658124489638, 0.5564783142776057, 0.5530448910983686, 0.5528413830566533, 0.555480911360423]
epoch 637
avg_train_loss: 0.5545, train_losses:[0.554506192415638, 0.5564833550990518, 0.5530330926555636, 0.5528436976748405, 0.5554770159195139]
epoch 638
avg_train_loss: 0.5545, train_losses:[0.5544930434990301, 0.5564761601797553, 0.5530351029391593, 0.5528496956266825, 0.5554768617433066]
epoch 639
avg_train_loss: 0.5545, train_losses:[0.5544980646389478, 0.5564561534796316, 0.5530307671803578, 0.5528097369860514, 0.5554726155620138]
no_improve_num: 1
epoch 640
avg_train_loss: 0.5544, train_losses:[0.5544772178905077, 0.5564551098250502, 0.5530249705833394, 0.5528040475468488, 0.5554592312726392]
avg_val_loss: 0.5739, val_losses:[0.5616077176531075, 0.5781094493624193, 0.565517456524682, 0.57648895312092, 0.5877684335554799]
epoch 641
avg_train_loss: 0.5544, train_losses:[0.5544843421129158, 0.55644804004557, 0.5530166692450599, 0.5527966334770753, 0.5554211725013347]
epoch 642
avg_train_loss: 0.5544, train_losses:[0.5544841738851346, 0.556448325513266, 0.5530194276446432, 0.5527648780114724, 0.5554433223025564]
epoch 643
avg_train_loss: 0.5544, train_losses:[0.5544499264578223, 0.5564331816648171, 0.5530153188364276, 0.5527970683290777, 0.555423883522927]
epoch 644
avg_train_loss: 0.5544, train_losses:[0.5544771608132613, 0.5564541267872948, 0.553013052053478, 0.5527675083212504, 0.5554454907891007]
epoch 645
avg_train_loss: 0.5544, train_losses:[0.5544502987002032, 0.5564541421594156, 0.5529847683247354, 0.5527633087201738, 0.5553979193706469]
epoch 646
avg_train_loss: 0.5544, train_losses:[0.554443213396877, 0.5564481608403387, 0.5530006955240766, 0.5527573976743761, 0.5553889863352901]
epoch 647
avg_train_loss: 0.5544, train_losses:[0.554418202828069, 0.5564537624488886, 0.553009299021878, 0.5527421202271678, 0.5554478636192985]
epoch 648
avg_train_loss: 0.5544, train_losses:[0.5544476765072227, 0.556434613223095, 0.5529891792008267, 0.5527359479897316, 0.5554091466756993]
epoch 649
avg_train_loss: 0.5544, train_losses:[0.5544317423916492, 0.5564353596589023, 0.5529896412788753, 0.5527023396469357, 0.5553914742243653]
epoch 650
avg_train_loss: 0.5544, train_losses:[0.5544245211566586, 0.5564429239917674, 0.5530140722547813, 0.5527249359934234, 0.5554008815349476]
avg_val_loss: 0.5738, val_losses:[0.5615750939708859, 0.5780658926715515, 0.5655405637474029, 0.5762579041588285, 0.5877224908884006]
epoch 651
avg_train_loss: 0.5544, train_losses:[0.5544180570800796, 0.5564382573393089, 0.5530079527393609, 0.5526952956628028, 0.5553911681243333]
epoch 652
avg_train_loss: 0.5544, train_losses:[0.5544042237639879, 0.5564396478981365, 0.5529856038508215, 0.5526934980502985, 0.5553756293188895]
epoch 653
avg_train_loss: 0.5544, train_losses:[0.5544142380102725, 0.55643665690969, 0.5529931388558877, 0.5526859574782355, 0.5553687671926222]
epoch 654
avg_train_loss: 0.5544, train_losses:[0.5544002958286911, 0.556424284210846, 0.5529787894556666, 0.5526496058656238, 0.5553667840653631]
epoch 655
avg_train_loss: 0.5544, train_losses:[0.5543811600799787, 0.5564236785048899, 0.5529580973102742, 0.5526813842794325, 0.5553528343179569]
epoch 656
avg_train_loss: 0.5544, train_losses:[0.5543859895958615, 0.5564228794152921, 0.5529767823796874, 0.5526484726533683, 0.555341163823004]
epoch 657
avg_train_loss: 0.5544, train_losses:[0.5543816734636006, 0.5564297239600067, 0.5529756022842963, 0.5526734661352534, 0.5553345119625684]
epoch 658
avg_train_loss: 0.5543, train_losses:[0.5543624203996198, 0.5564115540154929, 0.5529466752746602, 0.5526651560804029, 0.5553295270771346]
epoch 659
avg_train_loss: 0.5543, train_losses:[0.5543428663410421, 0.556411874543966, 0.5529752084724756, 0.5526549550286363, 0.5553367278917054]
epoch 660
avg_train_loss: 0.5543, train_losses:[0.5543657590152992, 0.5564261760936753, 0.5529420757479437, 0.5526341327354727, 0.5553317796105454]
avg_val_loss: 0.5737, val_losses:[0.5615849939219626, 0.5780252692590927, 0.5654315709807075, 0.5762608850264591, 0.5873787955973173]
epoch 661
avg_train_loss: 0.5543, train_losses:[0.5543550586363996, 0.556409797018543, 0.5529291570872943, 0.5526448815860416, 0.555317028377394]
epoch 662
avg_train_loss: 0.5543, train_losses:[0.554328059200692, 0.5564132479405173, 0.5529519018038705, 0.5526373512254006, 0.5553035809887193]
epoch 663
avg_train_loss: 0.5543, train_losses:[0.5543479869883554, 0.556399512073855, 0.5529439361757643, 0.5526152250096067, 0.5553100959466457]
epoch 664
avg_train_loss: 0.5543, train_losses:[0.5543455593724537, 0.5564037031284154, 0.5529419525489901, 0.5525703567461773, 0.5553027529387066]
epoch 665
avg_train_loss: 0.5543, train_losses:[0.5543324014052754, 0.5563920636998946, 0.5529223074409418, 0.5526018733736652, 0.5552918099837337]
epoch 666
avg_train_loss: 0.5543, train_losses:[0.5543131140432176, 0.5564034281531898, 0.5529280880263527, 0.5526144292874972, 0.5552832440786126]
epoch 667
avg_train_loss: 0.5543, train_losses:[0.554314251044534, 0.5564008265663457, 0.5529428996268174, 0.5525864519299281, 0.5552485647000494]
epoch 668
avg_train_loss: 0.5543, train_losses:[0.5543055780015311, 0.5563742878431585, 0.5529351149938249, 0.5525890717217784, 0.5552767720259293]
epoch 669
avg_train_loss: 0.5543, train_losses:[0.5542830975029545, 0.5563974286576187, 0.5529205234562259, 0.5525854398708795, 0.5552416015668402]
epoch 670
avg_train_loss: 0.5543, train_losses:[0.5542813375336132, 0.5563954514847727, 0.5529129006846593, 0.5525811223303221, 0.5552242327269202]
avg_val_loss: 0.5737, val_losses:[0.5615302859612692, 0.5780182270155231, 0.5653631543712374, 0.5759333676452502, 0.5874757245142255]
epoch 671
avg_train_loss: 0.5543, train_losses:[0.5542778528033597, 0.5563814499622839, 0.5529244572548422, 0.5525682385685414, 0.5552202520661135]
epoch 672
avg_train_loss: 0.5543, train_losses:[0.5542952405272841, 0.556369808609193, 0.5529014905182449, 0.5525426210178588, 0.5552062551042038]
epoch 673
avg_train_loss: 0.5543, train_losses:[0.5542689089295756, 0.5563815849774861, 0.552888726851667, 0.5525485481149771, 0.5551817092769081]
epoch 674
avg_train_loss: 0.5543, train_losses:[0.5542437361449764, 0.5563989180680623, 0.5529108551498659, 0.5525349325879074, 0.5551917127561289]
epoch 675
avg_train_loss: 0.5542, train_losses:[0.5542602418517213, 0.5563757902327391, 0.5528948805531525, 0.5525392485826991, 0.555179483303692]
epoch 676
avg_train_loss: 0.5542, train_losses:[0.5542648432846785, 0.5563907529455501, 0.5528468573879942, 0.5525452238734934, 0.5551629557551884]
epoch 677
avg_train_loss: 0.5542, train_losses:[0.5542530729996558, 0.5563825674602729, 0.5529000364455534, 0.5525178804265042, 0.5551615506308774]
epoch 678
avg_train_loss: 0.5542, train_losses:[0.5542411616365263, 0.5563649853028487, 0.5528725839925503, 0.5525259443644958, 0.5551473911471326]
epoch 679
avg_train_loss: 0.5542, train_losses:[0.5542329005227773, 0.5563815076026453, 0.5528802877589823, 0.5525168866742911, 0.5551311545347897]
epoch 680
avg_train_loss: 0.5542, train_losses:[0.554231037789546, 0.556334267342368, 0.5528489860906858, 0.5525103845706534, 0.5551500321045524]
avg_val_loss: 0.5736, val_losses:[0.5614746703473665, 0.5780145297109779, 0.5653846038565766, 0.5758538872341616, 0.5874875665460537]
epoch 681
avg_train_loss: 0.5542, train_losses:[0.5542125168666038, 0.5563921695318954, 0.5528754944657467, 0.552498000326426, 0.5550821044128319]
epoch 682
avg_train_loss: 0.5542, train_losses:[0.554213212220862, 0.5563650313845891, 0.5528724388249869, 0.5524770745596236, 0.5551303397139614]
epoch 683
avg_train_loss: 0.5542, train_losses:[0.554216285199044, 0.5563674140347974, 0.5528592680802933, 0.5524899087540537, 0.5550588872184418]
epoch 684
avg_train_loss: 0.5542, train_losses:[0.5542252885471317, 0.5563563827693688, 0.5528858894164103, 0.5524821355014813, 0.5550920951027549]
epoch 685
avg_train_loss: 0.5542, train_losses:[0.5542154683585976, 0.5563693537406447, 0.5528897609119107, 0.5524739327154402, 0.5550757340717237]
epoch 686
avg_train_loss: 0.5542, train_losses:[0.5542006780485609, 0.5563457546575625, 0.5528389721478519, 0.552472011661629, 0.5550661253582116]
epoch 687
avg_train_loss: 0.5542, train_losses:[0.554190957412227, 0.5563681780717645, 0.5528665725585357, 0.5524472753297857, 0.5550611867586316]
epoch 688
avg_train_loss: 0.5542, train_losses:[0.5541948255473672, 0.5563444908566155, 0.5528607134527066, 0.5524572545142749, 0.5550305101207424]
epoch 689
avg_train_loss: 0.5542, train_losses:[0.554154128712976, 0.5563443784820951, 0.5527918779634535, 0.5524705441108378, 0.5550515030159298]
epoch 690
avg_train_loss: 0.5542, train_losses:[0.5541827686786016, 0.5563562715536635, 0.5528326326225169, 0.5524393010339865, 0.5550360701987371]
avg_val_loss: 0.5736, val_losses:[0.5614435208842486, 0.578032812248476, 0.565309068471401, 0.5757362007671193, 0.5872847174705216]
epoch 691
avg_train_loss: 0.5542, train_losses:[0.5541672797618853, 0.5563392234420037, 0.5528236796472479, 0.5524367450950909, 0.5550055755395226]
epoch 692
avg_train_loss: 0.5542, train_losses:[0.5541725169505657, 0.5563424816921215, 0.5528648018380781, 0.5524593466949417, 0.555011752216448]
epoch 693
avg_train_loss: 0.5542, train_losses:[0.5541505264658326, 0.5563495714036296, 0.5528331057123643, 0.5524429565825534, 0.5550021851536875]
epoch 694
avg_train_loss: 0.5541, train_losses:[0.5541615965556418, 0.5563367437741215, 0.5528008805152378, 0.5524358319324632, 0.554992266503354]
epoch 695
avg_train_loss: 0.5541, train_losses:[0.5541523725459332, 0.556322552962539, 0.552806397428453, 0.5524217822122253, 0.5549641397581965]
epoch 696
avg_train_loss: 0.5541, train_losses:[0.5541453826870213, 0.55635005808868, 0.5528382997071776, 0.5524096579723096, 0.5549952570932948]
epoch 697
avg_train_loss: 0.5541, train_losses:[0.5541444409246729, 0.5563306144637601, 0.5527979354079283, 0.5523849482137879, 0.5549612969905443]
epoch 698
avg_train_loss: 0.5541, train_losses:[0.5541419273426093, 0.5563286011436206, 0.5528018806236232, 0.5523916268982478, 0.5549566702339612]
epoch 699
avg_train_loss: 0.5541, train_losses:[0.5541216144658058, 0.5563217468803368, 0.5527751950842594, 0.5523757396332244, 0.5549567175584362]
epoch 700
avg_train_loss: 0.5541, train_losses:[0.5541363914219745, 0.5563146212567605, 0.5528438038449139, 0.5523774257316643, 0.5549442361323939]
avg_val_loss: 0.5735, val_losses:[0.5614192055249876, 0.5780437907446632, 0.5652273567921643, 0.5755079219017717, 0.5871172071709015]
epoch 701
avg_train_loss: 0.5541, train_losses:[0.5541465445488939, 0.5563115532295091, 0.5528066919467193, 0.5523771138250609, 0.5549367478192953]
epoch 702
avg_train_loss: 0.5541, train_losses:[0.5541380994442192, 0.556281102164115, 0.5527991489114102, 0.5523499797631383, 0.5549061984471387]
epoch 703
avg_train_loss: 0.5541, train_losses:[0.5541195076339681, 0.5562999294694317, 0.5527842048475804, 0.5523699304888245, 0.5549200486172349]
epoch 704
avg_train_loss: 0.5541, train_losses:[0.5540665102598872, 0.5562882263223706, 0.5527851792828135, 0.5523511918084274, 0.5549100210216343]
epoch 705
avg_train_loss: 0.5541, train_losses:[0.554139638448489, 0.5562799788129893, 0.5527881797138723, 0.552322273976648, 0.5549023207564717]
epoch 706
avg_train_loss: 0.5541, train_losses:[0.5541037582893311, 0.5562933096635752, 0.552775089939605, 0.5523247957243871, 0.5548676402333885]
epoch 707
avg_train_loss: 0.5541, train_losses:[0.5541208776732139, 0.5562752833031824, 0.552752964199353, 0.5523115128098495, 0.554880128082591]
epoch 708
avg_train_loss: 0.5541, train_losses:[0.5541100000342921, 0.5562779417422308, 0.5528006986586499, 0.5522837539205024, 0.5548710923784985]
epoch 709
avg_train_loss: 0.5541, train_losses:[0.5541078148836579, 0.55626649441736, 0.5527780298251183, 0.5523271660614206, 0.5548288081127942]
no_improve_num: 1
epoch 710
avg_train_loss: 0.5541, train_losses:[0.5540852846660054, 0.5562776825260765, 0.552774759654886, 0.5522991547428288, 0.5548506554104647]
avg_val_loss: 0.5735, val_losses:[0.5613972182170899, 0.5779485658607442, 0.5651920293383346, 0.5754830244624649, 0.5874908563541936]
epoch 711
avg_train_loss: 0.5540, train_losses:[0.5540561922879492, 0.5562644835075152, 0.5527546788038308, 0.5522813951594008, 0.5548768684164136]
epoch 712
avg_train_loss: 0.5541, train_losses:[0.5541206834403175, 0.5562899571797909, 0.552745128617189, 0.5522692728664574, 0.554842384339389]
epoch 713
avg_train_loss: 0.5540, train_losses:[0.5540709948683924, 0.5562673022571324, 0.5527538166616548, 0.5522745493265482, 0.5548276897823776]
epoch 714
avg_train_loss: 0.5540, train_losses:[0.5540926579542431, 0.5562640822621704, 0.5527413520610308, 0.5522728205831, 0.5548391021860416]
epoch 715
avg_train_loss: 0.5540, train_losses:[0.5540830497229784, 0.5562522128383736, 0.5527535367395716, 0.5522401898750077, 0.5547972686168224]
epoch 716
avg_train_loss: 0.5540, train_losses:[0.5540840476175993, 0.5562518072153957, 0.5527439154578896, 0.5522597037151644, 0.5548137287201086]
epoch 717
avg_train_loss: 0.5540, train_losses:[0.554109951885421, 0.5562558756056053, 0.552733735384954, 0.5522224464355651, 0.5548145511371281]
epoch 718
avg_train_loss: 0.5540, train_losses:[0.5540755831022618, 0.5562527812626599, 0.5527488840804679, 0.552261514507409, 0.5547789768498501]
epoch 719
avg_train_loss: 0.5540, train_losses:[0.5540690923810807, 0.5562542948493683, 0.5527367518887177, 0.5522297881975137, 0.5547827861462848]
epoch 720
avg_train_loss: 0.5540, train_losses:[0.5540608054658748, 0.5562405113215962, 0.5527423897239879, 0.5522274792909206, 0.5547640680720999]
avg_val_loss: 0.5734, val_losses:[0.5613823877798985, 0.5780021019429641, 0.5652393241780401, 0.5754878689588803, 0.5871080905769352]
epoch 721
avg_train_loss: 0.5540, train_losses:[0.554059551855984, 0.5562585962683427, 0.5527403643228441, 0.5522211654672503, 0.5547395481207307]
epoch 722
avg_train_loss: 0.5540, train_losses:[0.5540553409844625, 0.5562236621554836, 0.5527193976482377, 0.5522197693974318, 0.5547409378449351]
epoch 723
avg_train_loss: 0.5540, train_losses:[0.5540785379627623, 0.5562468423442014, 0.5527169673583039, 0.5521748756227582, 0.5547592975336687]
epoch 724
avg_train_loss: 0.5540, train_losses:[0.5540483635507373, 0.5562432358548578, 0.5527203551167064, 0.552160149861169, 0.5547412941449976]
epoch 725
avg_train_loss: 0.5540, train_losses:[0.5540430536499705, 0.556252304353203, 0.5527076200885442, 0.5522033034549501, 0.5547150187973313]
epoch 726
avg_train_loss: 0.5540, train_losses:[0.5540562904532372, 0.5562134485461525, 0.5527116003517784, 0.5521775902134266, 0.5547317748140145]
epoch 727
avg_train_loss: 0.5540, train_losses:[0.5540562848037588, 0.556247615939866, 0.5527007912255109, 0.5521586704992207, 0.5547158753340795]
epoch 728
avg_train_loss: 0.5540, train_losses:[0.5540158838358511, 0.5562292074423588, 0.5526983976531136, 0.5521637922798919, 0.5547041827836975]
epoch 729
avg_train_loss: 0.5540, train_losses:[0.5540665786116515, 0.5562219065882141, 0.5526798165797226, 0.5521723787732521, 0.5546987154444042]
no_improve_num: 1
epoch 730
avg_train_loss: 0.5540, train_losses:[0.5540462613073188, 0.5562411280770279, 0.5526964753763348, 0.5521478222899268, 0.554689012395565]
avg_val_loss: 0.5735, val_losses:[0.5613874022354922, 0.5780059355472108, 0.5652676124023385, 0.5753271118676025, 0.5873228933330179]
epoch 731
avg_train_loss: 0.5540, train_losses:[0.5540307864674572, 0.5562220547200227, 0.5526793732260087, 0.5521417223501325, 0.5547482246858624]
epoch 732
avg_train_loss: 0.5540, train_losses:[0.5540340219160031, 0.5562253870721942, 0.5526978224795945, 0.5521754020690168, 0.5546704639750816]
epoch 733
avg_train_loss: 0.5540, train_losses:[0.5540327977143562, 0.5562336702645283, 0.5526930508983593, 0.5521274477169088, 0.5547021523156713]
epoch 734
avg_train_loss: 0.5540, train_losses:[0.554027699512213, 0.5562308005708313, 0.5526884297716543, 0.5521366230950763, 0.5546935717028576]
epoch 735
avg_train_loss: 0.5539, train_losses:[0.5540011283615491, 0.556210734550166, 0.5526877056221635, 0.5521474103423436, 0.5546899473706246]
epoch 736
avg_train_loss: 0.5539, train_losses:[0.5540428880290142, 0.5562195407235146, 0.5526696048542299, 0.5521023977993005, 0.5546736664722831]
epoch 737
avg_train_loss: 0.5539, train_losses:[0.5540158045170928, 0.5562164015686377, 0.5526833265432267, 0.5521206150037172, 0.5546529673684469]
epoch 738
avg_train_loss: 0.5539, train_losses:[0.5540199071626112, 0.5562339685616725, 0.5526883402679496, 0.5520770734145937, 0.5546680679042042]
epoch 739
avg_train_loss: 0.5539, train_losses:[0.55402573412914, 0.5562231176528891, 0.5526602542546587, 0.552088078825614, 0.5546650186749256]
epoch 740
avg_train_loss: 0.5539, train_losses:[0.5540227829141213, 0.5562290273127926, 0.5526805262267132, 0.5520695888037301, 0.5546589093821221]
avg_val_loss: 0.5734, val_losses:[0.5613753001750518, 0.5780009864636648, 0.5651287372538801, 0.5751667606613912, 0.5870960779109243]
epoch 741
avg_train_loss: 0.5539, train_losses:[0.5540075602316207, 0.5562211701153658, 0.5526909562391721, 0.5520953628300977, 0.5546413255475886]
epoch 742
avg_train_loss: 0.5539, train_losses:[0.5540109442793708, 0.5561980347701465, 0.5526630054223394, 0.5520508140646307, 0.55463003069142]
epoch 743
avg_train_loss: 0.5539, train_losses:[0.554015626261182, 0.5562036578911119, 0.5526527575006751, 0.5521014818424823, 0.5546068090737248]
epoch 744
avg_train_loss: 0.5539, train_losses:[0.5539964054525865, 0.556205596952381, 0.5526492094958562, 0.5520581691274963, 0.5546193974736904]
epoch 745
avg_train_loss: 0.5539, train_losses:[0.5539993394340487, 0.5561981320036982, 0.5526396096940044, 0.5520391177564119, 0.5546005870518144]
epoch 746
avg_train_loss: 0.5539, train_losses:[0.5539930618920862, 0.5562042292613141, 0.5526491333175073, 0.5520326451791397, 0.5546243173047724]
epoch 747
avg_train_loss: 0.5539, train_losses:[0.5539854632010649, 0.5562086456850547, 0.5526464980354143, 0.5520384167669313, 0.5546013860530145]
epoch 748
avg_train_loss: 0.5539, train_losses:[0.5539746843546982, 0.5561578853649181, 0.5526421759237486, 0.5520419673958862, 0.5546018250680644]
epoch 749
avg_train_loss: 0.5539, train_losses:[0.5540155063553813, 0.5562331437225504, 0.5526707527410769, 0.5520309529821552, 0.5545987056850067]
epoch 750
avg_train_loss: 0.5539, train_losses:[0.553996208073171, 0.556213687532938, 0.5526322973627019, 0.5520465210353558, 0.5546149073385779]
avg_val_loss: 0.5732, val_losses:[0.5613213145001364, 0.5779769186424853, 0.5650335987343788, 0.5749814630173848, 0.5869093232789673]
epoch 751
avg_train_loss: 0.5539, train_losses:[0.5540006710613218, 0.5562115380998784, 0.5526384981133042, 0.5520286117326038, 0.5545859870867308]
epoch 752
avg_train_loss: 0.5539, train_losses:[0.5539889975750406, 0.5562120897356013, 0.5526206463073345, 0.5520171649861223, 0.5545817386734204]
epoch 753
avg_train_loss: 0.5539, train_losses:[0.5539493281575626, 0.5561879401888492, 0.5526062464528314, 0.5519710513752151, 0.5545771773173963]
epoch 754
avg_train_loss: 0.5539, train_losses:[0.5539908683629537, 0.5562074356030305, 0.5526005723195606, 0.5520109737687602, 0.5545776311297453]
epoch 755
avg_train_loss: 0.5539, train_losses:[0.5539687270632154, 0.5561959533996568, 0.5525977773959161, 0.5520110234532142, 0.5545182833543514]
epoch 756
avg_train_loss: 0.5539, train_losses:[0.553989814415487, 0.5561735175796155, 0.5525973433697476, 0.5519940657831051, 0.5545642640570465]
epoch 757
avg_train_loss: 0.5539, train_losses:[0.5539991693937094, 0.5561863037707901, 0.5526002006922274, 0.5519839661072979, 0.5545559952179884]
epoch 758
avg_train_loss: 0.5539, train_losses:[0.5539762203040951, 0.5562023851129115, 0.5525988447827873, 0.551986292406301, 0.5545488350318399]
epoch 759
avg_train_loss: 0.5539, train_losses:[0.5539549300186487, 0.5561939823945994, 0.5525857571754432, 0.551995006746095, 0.5545561337008312]
no_improve_num: 1
epoch 760
avg_train_loss: 0.5538, train_losses:[0.5539501689054449, 0.5561593577780486, 0.5526057789085967, 0.5519670225181167, 0.5545431302392745]
avg_val_loss: 0.5733, val_losses:[0.5613635324814353, 0.5779590985969522, 0.5650473824286373, 0.5750317408834241, 0.5869689186033882]
epoch 761
avg_train_loss: 0.5538, train_losses:[0.5539611191179655, 0.556212998272133, 0.5525891988299512, 0.5519721349549497, 0.5545142060365934]
epoch 762
avg_train_loss: 0.5538, train_losses:[0.5539590573006994, 0.5561923747707547, 0.5525863888783682, 0.5519767154172223, 0.5545195861398416]
epoch 763
avg_train_loss: 0.5538, train_losses:[0.553981775877746, 0.5561808267002466, 0.5525821946172095, 0.5519654468003835, 0.5545214924172689]
epoch 764
avg_train_loss: 0.5538, train_losses:[0.5539704819186994, 0.5561980609371701, 0.5525837457228494, 0.55196471401884, 0.5545116253884516]
epoch 765
avg_train_loss: 0.5538, train_losses:[0.5539537089961062, 0.5561807620122932, 0.5525789255691339, 0.5519561816822677, 0.554505019361764]
epoch 766
avg_train_loss: 0.5538, train_losses:[0.5539525728236787, 0.5561952647294606, 0.5525720802179329, 0.5519526385255322, 0.5545034510109844]
epoch 767
avg_train_loss: 0.5538, train_losses:[0.5539728809185878, 0.5561731503604641, 0.5525720836353175, 0.5519566236806364, 0.5544727963674292]
epoch 768
avg_train_loss: 0.5538, train_losses:[0.553961485633478, 0.5561694407701762, 0.552551954568184, 0.5519252466852821, 0.554489515523238]
epoch 769
avg_train_loss: 0.5538, train_losses:[0.5539656716077846, 0.556158152044127, 0.5525504050490414, 0.551925325114054, 0.5544851516518939]
no_improve_num: 2
epoch 770
avg_train_loss: 0.5538, train_losses:[0.5539444996721903, 0.5561785839540556, 0.5525515603958883, 0.5519149881581171, 0.5544741648956125]
avg_val_loss: 0.5733, val_losses:[0.5613600166708749, 0.5780255527986404, 0.5649375512786653, 0.5750158934363808, 0.5870344816595561]
epoch 771
avg_train_loss: 0.5538, train_losses:[0.5539618180056936, 0.5561792109260008, 0.5525547527849815, 0.5519122471570537, 0.5544649821227409]
epoch 772
avg_train_loss: 0.5538, train_losses:[0.5539669447016552, 0.5561874695072601, 0.5525473637743309, 0.5519325933920517, 0.5544634214211018]
epoch 773
avg_train_loss: 0.5538, train_losses:[0.5539463404775435, 0.5561758513793501, 0.5525384657582632, 0.5519047953850563, 0.5544576648929755]
epoch 774
avg_train_loss: 0.5538, train_losses:[0.5539175833086616, 0.5561605068206559, 0.5525521306775374, 0.551931011677603, 0.5544724996964495]
epoch 775
avg_train_loss: 0.5538, train_losses:[0.5539758732277577, 0.5561846856188349, 0.5525309360523832, 0.5519139951472198, 0.5544303402974662]
epoch 776
avg_train_loss: 0.5538, train_losses:[0.5539585015154408, 0.5561966763567289, 0.552523008235458, 0.5519253576311403, 0.5544475214972072]
epoch 777
avg_train_loss: 0.5538, train_losses:[0.5539200839462102, 0.5561671631943602, 0.552528374669704, 0.5518923045990795, 0.5544315209940384]
epoch 778
avg_train_loss: 0.5538, train_losses:[0.553949831394933, 0.556183903165057, 0.5525465042023214, 0.5519166243490973, 0.5544316806118068]
epoch 779
avg_train_loss: 0.5538, train_losses:[0.5539387676592596, 0.5561547429515099, 0.5525049021011309, 0.5518690076144216, 0.5544188504533819]
epoch 780
avg_train_loss: 0.5538, train_losses:[0.5539361902222047, 0.5561444325933337, 0.5525175186409534, 0.5518925773055527, 0.5544275544381164]
avg_val_loss: 0.5732, val_losses:[0.5613319099405611, 0.5779694525273719, 0.5649135585559169, 0.5747841234755872, 0.5869621983996631]
epoch 781
avg_train_loss: 0.5538, train_losses:[0.5539442161921984, 0.5561490846251702, 0.552511366800904, 0.5518612326684312, 0.5543898427536925]
epoch 782
avg_train_loss: 0.5538, train_losses:[0.5539380018188992, 0.5561602695445993, 0.5525196569583485, 0.5518728767016639, 0.5544142437279347]
epoch 783
avg_train_loss: 0.5538, train_losses:[0.5539349721323402, 0.5561592038969692, 0.5525165993787627, 0.5518431424835959, 0.5544045099847806]
epoch 784
avg_train_loss: 0.5538, train_losses:[0.5539311892953631, 0.5561151887974439, 0.5524987698631829, 0.5518478679942919, 0.5544271077046845]
epoch 785
avg_train_loss: 0.5538, train_losses:[0.5539055991417995, 0.5561547291618134, 0.552499887158532, 0.5518422657554197, 0.5544003126716393]
epoch 786
avg_train_loss: 0.5538, train_losses:[0.5539077169304482, 0.5561271992301038, 0.5524942985067166, 0.5518369758355588, 0.5543849531281625]
epoch 787
avg_train_loss: 0.5538, train_losses:[0.5539289679913256, 0.5561349171986402, 0.5524853485231865, 0.5518353123798374, 0.5543875012572743]
epoch 788
avg_train_loss: 0.5537, train_losses:[0.5539092098346483, 0.5561533481657565, 0.552466204000879, 0.5518119793935017, 0.554373825367836]
epoch 789
avg_train_loss: 0.5538, train_losses:[0.5539037614788923, 0.5561342996743989, 0.5524848009575728, 0.5518178051645569, 0.5544495896732968]
no_improve_num: 1
epoch 790
avg_train_loss: 0.5538, train_losses:[0.55392062695599, 0.5561073909225953, 0.5525123213672433, 0.5518407033029634, 0.5543788043555299]
avg_val_loss: 0.5732, val_losses:[0.561296398561151, 0.5781034313542475, 0.564895175186617, 0.5747091370201085, 0.5871004573206487]
epoch 791
avg_train_loss: 0.5537, train_losses:[0.5539019398520315, 0.5561269959293261, 0.5524821893955502, 0.5518123342587469, 0.554375055677923]
epoch 792
avg_train_loss: 0.5537, train_losses:[0.5539142465666377, 0.5561259160531159, 0.55245442328652, 0.551829845958581, 0.5543682083163706]
epoch 793
avg_train_loss: 0.5537, train_losses:[0.5539024438164617, 0.5561373054728695, 0.5524665066614, 0.5518089080415304, 0.5543714631804518]
epoch 794
avg_train_loss: 0.5537, train_losses:[0.5539084571546805, 0.5560780596320889, 0.5524931648474313, 0.551806814074781, 0.5543700678151081]
epoch 795
avg_train_loss: 0.5537, train_losses:[0.5538979160201991, 0.5561303474925754, 0.5524615602457117, 0.5517982711225252, 0.5543558448166148]
epoch 796
avg_train_loss: 0.5537, train_losses:[0.553908693831982, 0.5561129100220813, 0.5524565287497746, 0.5518092379871584, 0.5543686860455211]
epoch 797
avg_train_loss: 0.5537, train_losses:[0.5538760107297633, 0.5561050599211244, 0.5524660838669812, 0.5517859693048804, 0.5543474813448986]
epoch 798
avg_train_loss: 0.5537, train_losses:[0.5538738016289251, 0.5560908409334302, 0.552440778818602, 0.5517905057321775, 0.5543583241360458]
epoch 799
avg_train_loss: 0.5537, train_losses:[0.553903834968953, 0.5560946285176799, 0.5524648126874977, 0.5517876770847719, 0.5543725036183422]
no_improve_num: 2
epoch 800
avg_train_loss: 0.5537, train_losses:[0.5538932045527541, 0.5561132236251572, 0.5524391166988785, 0.5517716946217606, 0.5542988563408303]
avg_val_loss: 0.5732, val_losses:[0.5613157285339962, 0.5779639807444087, 0.5648711673122164, 0.5746834985265253, 0.5871438137197051]
epoch 801
avg_train_loss: 0.5537, train_losses:[0.5538632342632677, 0.5561028816388629, 0.5524771596836588, 0.5517700114712731, 0.5543449686959058]
epoch 802
avg_train_loss: 0.5537, train_losses:[0.553878617609684, 0.5560973292208958, 0.552455795663762, 0.5517648103871181, 0.5543671693203308]
epoch 803
avg_train_loss: 0.5537, train_losses:[0.5539037416833155, 0.556100815525427, 0.5524523778209706, 0.5517620532878924, 0.5543342658579634]
epoch 804
avg_train_loss: 0.5537, train_losses:[0.5538902200966443, 0.5560908925699479, 0.552436475714356, 0.5517531082878784, 0.5543163328348686]
epoch 805
avg_train_loss: 0.5537, train_losses:[0.553899316416736, 0.5561000089809208, 0.5524338085597551, 0.551731324438826, 0.5542988116190182]
epoch 806
avg_train_loss: 0.5537, train_losses:[0.5538733879156253, 0.5561001585464831, 0.5524335540053369, 0.5517505457514754, 0.5542214729550661]
epoch 807
avg_train_loss: 0.5537, train_losses:[0.5538593690302569, 0.5561015785950177, 0.5524180752857866, 0.55176722673563, 0.5543295230323929]
epoch 808
avg_train_loss: 0.5537, train_losses:[0.5538736359305787, 0.5561025136916333, 0.5524034579141451, 0.5517431188227233, 0.554302572466823]
epoch 809
avg_train_loss: 0.5537, train_losses:[0.5538847231337862, 0.5560850929760992, 0.5523928499166407, 0.5517211914262085, 0.5543441980185202]
epoch 810
avg_train_loss: 0.5537, train_losses:[0.5538478697165397, 0.5560874394423554, 0.5523288710094449, 0.5517451414551339, 0.5542905295752136]
avg_val_loss: 0.5731, val_losses:[0.5612424657703896, 0.5779859360912808, 0.5647811503118385, 0.5744871632052817, 0.5869025983010048]
epoch 811
avg_train_loss: 0.5537, train_losses:[0.5539004207370213, 0.5560585738000258, 0.5524162705523733, 0.5517181980865281, 0.5542890325390252]
epoch 812
avg_train_loss: 0.5537, train_losses:[0.5538679645059619, 0.5560676262368672, 0.5523766711261082, 0.5517116344190538, 0.5542782084349157]
epoch 813
avg_train_loss: 0.5537, train_losses:[0.5538662166135517, 0.5560660487554542, 0.5523930802622088, 0.5517277948548911, 0.5542937397052636]
epoch 814
avg_train_loss: 0.5536, train_losses:[0.5538501348987359, 0.5560732923307307, 0.5523674964261225, 0.551687088597235, 0.5542541891030964]
epoch 815
avg_train_loss: 0.5537, train_losses:[0.5538628940827969, 0.5560992363567058, 0.5523962058636327, 0.5517152349279744, 0.5542561411939065]
epoch 816
avg_train_loss: 0.5537, train_losses:[0.5538634723783961, 0.5560792756334385, 0.5523659282681818, 0.5516980464632308, 0.5542753559327344]
epoch 817
avg_train_loss: 0.5537, train_losses:[0.5538493642662979, 0.5560774405967037, 0.5523950660762721, 0.551714392041681, 0.5542588665321809]
epoch 818
avg_train_loss: 0.5537, train_losses:[0.5538704053413173, 0.5560763971742927, 0.5523947765537414, 0.551705323705244, 0.5542723850521606]
epoch 819
avg_train_loss: 0.5536, train_losses:[0.5538747700806803, 0.5560507256714986, 0.5523804082397833, 0.5516999551101847, 0.5542264084347093]
no_improve_num: 1
epoch 820
avg_train_loss: 0.5536, train_losses:[0.5538599897600782, 0.5560432172061504, 0.5523571029275418, 0.55169947069185, 0.5542503120315292]
avg_val_loss: 0.5731, val_losses:[0.5612872507959275, 0.5779890636285342, 0.5647753498683589, 0.5745564513280123, 0.5869429488694361]
epoch 821
avg_train_loss: 0.5536, train_losses:[0.5538545089737907, 0.5560691072728859, 0.5523332232217922, 0.5517009556686547, 0.5542539147074893]
epoch 822
avg_train_loss: 0.5536, train_losses:[0.5538364115539979, 0.5560649925677472, 0.552340373612242, 0.5516888925862776, 0.5542259295691847]
epoch 823
avg_train_loss: 0.5536, train_losses:[0.5538808620228173, 0.5560746632039569, 0.5523221503092804, 0.5516959993215744, 0.5542384186199296]
epoch 824
avg_train_loss: 0.5536, train_losses:[0.5538535709017288, 0.5560650733100764, 0.5523363527314169, 0.5516947043242647, 0.5542372062637357]
epoch 825
avg_train_loss: 0.5536, train_losses:[0.5538483203021561, 0.5560661848276425, 0.5523279576207566, 0.5516815045827168, 0.554227361836133]
epoch 826
avg_train_loss: 0.5536, train_losses:[0.5538305383896435, 0.5560543465645682, 0.5523508808335604, 0.5516909498792769, 0.5542296121782564]
epoch 827
avg_train_loss: 0.5536, train_losses:[0.5538564189923825, 0.5560587316656779, 0.55233097894511, 0.5516939142781091, 0.5542230407763524]
epoch 828
avg_train_loss: 0.5536, train_losses:[0.5538496309954032, 0.5560459040534808, 0.5523283783052765, 0.5516850116787135, 0.5542208853723639]
epoch 829
avg_train_loss: 0.5536, train_losses:[0.5537963341297228, 0.556058254189033, 0.552320750022719, 0.5516815063789822, 0.5541642175861863]
epoch 830
avg_train_loss: 0.5536, train_losses:[0.5538465593878408, 0.5560537522003371, 0.5523332090573645, 0.5516813613285222, 0.5542298196581392]
avg_val_loss: 0.5730, val_losses:[0.5613074464820457, 0.5779952289417205, 0.5647300408318897, 0.5745040333969957, 0.5866039411137832]
epoch 831
avg_train_loss: 0.5536, train_losses:[0.5538569357445109, 0.5560498025998812, 0.5523089608524716, 0.5516671393093757, 0.5541752583304113]
epoch 832
avg_train_loss: 0.5536, train_losses:[0.5538254234406865, 0.556036887687561, 0.5523033446640313, 0.5516496553335322, 0.5542036668311316]
epoch 833
avg_train_loss: 0.5536, train_losses:[0.5538554531963301, 0.5560393861856802, 0.5523087115178131, 0.5516805857624644, 0.5542187247834147]
epoch 834
avg_train_loss: 0.5536, train_losses:[0.5538649865098901, 0.5560406865392005, 0.5522809451318078, 0.5516642099560461, 0.5541769985913481]
epoch 835
avg_train_loss: 0.5536, train_losses:[0.5538750369991876, 0.5560467591643574, 0.5522974582781867, 0.5516600523299423, 0.5541962927663784]
epoch 836
avg_train_loss: 0.5536, train_losses:[0.5538537883516599, 0.5560427300964726, 0.5522917974193572, 0.5516610825278083, 0.5541992734710881]
epoch 837
avg_train_loss: 0.5536, train_losses:[0.5538462052954785, 0.5560321458638433, 0.5522934390693953, 0.551661306880734, 0.5542000589865029]
epoch 838
avg_train_loss: 0.5536, train_losses:[0.5538244036405898, 0.5560399954525999, 0.5522949014696705, 0.5516597560663253, 0.5542194737475052]
epoch 839
avg_train_loss: 0.5536, train_losses:[0.5538405857446412, 0.5560379079000655, 0.5522810602312749, 0.5516475941272405, 0.5541480383831278]
no_improve_num: 1
epoch 840
avg_train_loss: 0.5536, train_losses:[0.5538496157515871, 0.5560242553693194, 0.5522750536483985, 0.5516313531089457, 0.5541811353793411]
avg_val_loss: 0.5731, val_losses:[0.5612732712339797, 0.5780947933728796, 0.5647080257744742, 0.5743951874872822, 0.5869103128496841]
epoch 841
avg_train_loss: 0.5536, train_losses:[0.5538222415664661, 0.5560415489288212, 0.5522789858523711, 0.5516445419720909, 0.5541507036931629]
epoch 842
avg_train_loss: 0.5536, train_losses:[0.5538400267578757, 0.5560249295909848, 0.5522942263916225, 0.5516469417611547, 0.5542104478064531]
epoch 843
avg_train_loss: 0.5536, train_losses:[0.5538312799111785, 0.5560202903020417, 0.5522777155160326, 0.5516442525585173, 0.5541866455139057]
epoch 844
avg_train_loss: 0.5536, train_losses:[0.5538265239708928, 0.5560258816268709, 0.552285492866208, 0.5516463292540331, 0.5541763809863801]
epoch 845
avg_train_loss: 0.5536, train_losses:[0.5538185434981406, 0.5560028999590729, 0.5522689577532559, 0.5516116456132635, 0.5541447884881368]
epoch 846
avg_train_loss: 0.5536, train_losses:[0.5537988083059617, 0.5560267725805722, 0.5522592911779907, 0.5516120179605284, 0.5541702184265586]
epoch 847
avg_train_loss: 0.5536, train_losses:[0.5538159346142233, 0.5560142976992822, 0.5522635625298871, 0.5516545438929813, 0.554178428813638]
epoch 848
avg_train_loss: 0.5536, train_losses:[0.5538094701486571, 0.5560212600582277, 0.5522796148425689, 0.5516312642202886, 0.5541386050907204]
epoch 849
avg_train_loss: 0.5536, train_losses:[0.5537941993722731, 0.5560017065566553, 0.5522631985947241, 0.551621862415955, 0.5541447685506804]
epoch 850
avg_train_loss: 0.5536, train_losses:[0.5538181351716002, 0.5559988114453969, 0.5522763353814498, 0.551616705707903, 0.554147824814073]
avg_val_loss: 0.5729, val_losses:[0.5612584161712805, 0.5780206380181093, 0.5646267469926042, 0.5743033664953485, 0.5864895584480302]
epoch 851
avg_train_loss: 0.5536, train_losses:[0.5538322400129476, 0.5560313396360256, 0.5522530240531451, 0.5516086010362353, 0.5541444537873247]
epoch 852
avg_train_loss: 0.5536, train_losses:[0.5537978853555211, 0.5559750124076411, 0.5522693878875162, 0.5516106641416396, 0.5541247227803856]
epoch 853
avg_train_loss: 0.5536, train_losses:[0.5538309521171992, 0.5560277469954394, 0.5522427957498751, 0.5516097100437142, 0.5541342452720359]
epoch 854
avg_train_loss: 0.5536, train_losses:[0.5538076611689705, 0.5559999515250069, 0.5522505423537724, 0.5516110947972649, 0.5541378042485132]
epoch 855
avg_train_loss: 0.5536, train_losses:[0.5538317315639639, 0.5560331610439538, 0.5522286355460831, 0.5516163016887334, 0.5541272193409306]
epoch 856
avg_train_loss: 0.5536, train_losses:[0.5538155128156931, 0.5560174559501702, 0.5522451284671663, 0.5516098965834222, 0.5541173750232995]
epoch 857
avg_train_loss: 0.5536, train_losses:[0.5538341810792317, 0.5560114256421319, 0.5522324902723675, 0.5516054948434378, 0.5541261810698893]
epoch 858
avg_train_loss: 0.5535, train_losses:[0.5538013023612773, 0.5560092967744772, 0.552221742966546, 0.5516022177926133, 0.5541034791416461]
epoch 859
avg_train_loss: 0.5535, train_losses:[0.5538093441107081, 0.5560157496233799, 0.5522263324916084, 0.551586718472018, 0.5540884085222559]
no_improve_num: 1
epoch 860
avg_train_loss: 0.5535, train_losses:[0.5537870627328247, 0.5559678367320077, 0.5522202433029303, 0.5516075820680825, 0.5541061092281628]
avg_val_loss: 0.5729, val_losses:[0.5613043406988177, 0.5778867885830853, 0.5645557430267204, 0.5743264669649943, 0.5866593164684605]
epoch 861
avg_train_loss: 0.5535, train_losses:[0.5538282641202183, 0.5560048859859591, 0.5522194943824928, 0.5515828151467778, 0.5541069308509425]
epoch 862
avg_train_loss: 0.5535, train_losses:[0.5538160613527564, 0.5560096202091528, 0.552214447007326, 0.5515825908905898, 0.5540960949880106]
epoch 863
avg_train_loss: 0.5535, train_losses:[0.5537981721653246, 0.5559803093017771, 0.552199764061818, 0.5515703861639359, 0.5540858454940194]
epoch 864
avg_train_loss: 0.5535, train_losses:[0.5538040710802216, 0.5560217534843644, 0.5521940015612552, 0.5515836862987924, 0.554085351049175]
epoch 865
avg_train_loss: 0.5535, train_losses:[0.553797056338351, 0.556022716261184, 0.5522081015453546, 0.551573337940033, 0.554099762119588]
epoch 866
avg_train_loss: 0.5535, train_losses:[0.5538024726423799, 0.556013324551169, 0.5522114338435566, 0.551592109601857, 0.5540775725615714]
epoch 867
avg_train_loss: 0.5535, train_losses:[0.5537775612510412, 0.556021580493018, 0.5522054243789167, 0.5515689711508501, 0.5540660738301469]
epoch 868
avg_train_loss: 0.5535, train_losses:[0.5537983137098087, 0.5560000166263864, 0.5521975492992819, 0.5515560765595449, 0.5540405746136465]
epoch 869
avg_train_loss: 0.5535, train_losses:[0.5538037959807645, 0.556021024660918, 0.5522022592596562, 0.551587175088972, 0.5540620147513939]
no_improve_num: 2
epoch 870
avg_train_loss: 0.5535, train_losses:[0.5537660199959547, 0.5559998354306694, 0.552193158503889, 0.5515703218975551, 0.5540416207374795]
avg_val_loss: 0.5730, val_losses:[0.5612726537919328, 0.5780081050601572, 0.5645930466551558, 0.5742419163711869, 0.5870661493075096]
epoch 871
avg_train_loss: 0.5535, train_losses:[0.553781530080904, 0.5560060854930312, 0.5521967579283297, 0.5515471125938611, 0.5540381947289696]
epoch 872
avg_train_loss: 0.5535, train_losses:[0.5537913473774918, 0.5559982833698727, 0.5521733563998092, 0.5515480146174037, 0.5540479673491454]
epoch 873
avg_train_loss: 0.5535, train_losses:[0.5538105847964497, 0.5559970955395432, 0.552182964460001, 0.551553709171482, 0.5540305766533743]
epoch 874
avg_train_loss: 0.5535, train_losses:[0.5537924118439044, 0.5559835531787176, 0.5521785098523849, 0.551544251473156, 0.554038780849456]
epoch 875
avg_train_loss: 0.5535, train_losses:[0.5537885996047932, 0.5559840403342184, 0.5521704551767683, 0.5515346218537074, 0.5540433314078913]
epoch 876
avg_train_loss: 0.5535, train_losses:[0.5537772055701449, 0.5559884747654168, 0.5521720933727634, 0.551522475547426, 0.5540186753726908]
epoch 877
avg_train_loss: 0.5535, train_losses:[0.5537833792342068, 0.5559791818774874, 0.5521449156505961, 0.5515165179494375, 0.5540265837327629]
epoch 878
avg_train_loss: 0.5535, train_losses:[0.5537776846129213, 0.5559765908269002, 0.5521530962053083, 0.551502876363283, 0.5540267815066277]
epoch 879
avg_train_loss: 0.5535, train_losses:[0.5538080905435856, 0.5560086646285957, 0.5521347264048952, 0.5515023416963613, 0.5540303191689662]
no_improve_num: 3
epoch 880
avg_train_loss: 0.5535, train_losses:[0.5537818571559698, 0.5559977488689323, 0.5521537354883915, 0.5515006728946122, 0.5540156825018561]
avg_val_loss: 0.5730, val_losses:[0.5613183101148607, 0.5781068354172998, 0.5645324596782615, 0.5741778483103416, 0.5867243279616907]
batch_size:32, weight_decay:0.01, learning_rate:0.0001, model_name:noisyFCN, init_noiselevel:0.01
fold 0
model_name noisyFCN
using Adam as optimizer
fold 1
model_name noisyFCN
using Adam as optimizer
fold 2
model_name noisyFCN
using Adam as optimizer
fold 3
model_name noisyFCN
using Adam as optimizer
fold 4
model_name noisyFCN
using Adam as optimizer
epoch 0
avg_train_loss: 0.7892, train_losses:[0.7901489313443774, 0.7964071556913045, 0.7801236429281929, 0.7884935918645155, 0.7906810367581492]
avg_val_loss: 0.7178, val_losses:[0.7115091342808396, 0.7316566554920357, 0.7230579591080907, 0.7209016385667553, 0.7020794765391332]
epoch 1
avg_train_loss: 0.6934, train_losses:[0.696460042475318, 0.6939997143625183, 0.6883881524417521, 0.6967922875551839, 0.6916017858760839]
epoch 2
avg_train_loss: 0.6675, train_losses:[0.672225266412956, 0.6648078786197325, 0.6626957887612128, 0.6706875288808668, 0.6671761870832249]
epoch 3
avg_train_loss: 0.6548, train_losses:[0.6594214060526744, 0.6518550349050873, 0.6496248163775978, 0.6579885071398526, 0.6548697217022019]
epoch 4
avg_train_loss: 0.6469, train_losses:[0.6508230320103987, 0.6442469146028713, 0.641911960554004, 0.6505230281311206, 0.6471205279526365]
epoch 5
avg_train_loss: 0.6412, train_losses:[0.6443242763993957, 0.6389179677662169, 0.6367587846866022, 0.6450250390902424, 0.6411663136904856]
epoch 6
avg_train_loss: 0.6367, train_losses:[0.6388861996554764, 0.6346030861274731, 0.6327897921333381, 0.6407889110175986, 0.6364902253113143]
epoch 7
avg_train_loss: 0.6329, train_losses:[0.6344315857891667, 0.6310015469448378, 0.6294607677347949, 0.637001327729125, 0.6326794571786594]
epoch 8
avg_train_loss: 0.6295, train_losses:[0.6305349783205451, 0.6278193136729016, 0.6264417757545467, 0.6335860515767445, 0.6292148828262089]
epoch 9
avg_train_loss: 0.6265, train_losses:[0.6271605404085524, 0.6249489527814686, 0.6237457869551197, 0.6305041301990552, 0.6260256474381737]
epoch 10
avg_train_loss: 0.6237, train_losses:[0.6241561861372533, 0.6222531133470005, 0.6213170422350749, 0.6276477725031631, 0.6229699105452006]
avg_val_loss: 0.6279, val_losses:[0.6206368329185467, 0.6372946524564663, 0.633342610342965, 0.6279348733321849, 0.6200859183460848]
epoch 11
avg_train_loss: 0.6211, train_losses:[0.6214564103950999, 0.6198408149530797, 0.6190432053433943, 0.6250159554895014, 0.6201213673439381]
epoch 12
avg_train_loss: 0.6188, train_losses:[0.6190819542502568, 0.6175944589654524, 0.6169231670984715, 0.6226062273261903, 0.6176969054187763]
epoch 13
avg_train_loss: 0.6166, train_losses:[0.616902831898693, 0.6154438948514794, 0.6148481979015589, 0.6202630121065497, 0.6155100182804626]
epoch 14
avg_train_loss: 0.6145, train_losses:[0.6149103275027082, 0.613309149026553, 0.6129803709383116, 0.6180204138468803, 0.6134622670456541]
epoch 15
avg_train_loss: 0.6126, train_losses:[0.6130863718430606, 0.6111785763210279, 0.6112384407929321, 0.6158292026267566, 0.6115827070969415]
epoch 16
avg_train_loss: 0.6107, train_losses:[0.6113183760918351, 0.6090282947033777, 0.6095552129052557, 0.6137483133243115, 0.6098686733116491]
epoch 17
avg_train_loss: 0.6090, train_losses:[0.6096931770456645, 0.6069890389897172, 0.6080425090184849, 0.6118000759336951, 0.6082376670940043]
epoch 18
avg_train_loss: 0.6073, train_losses:[0.6081360877486855, 0.6051175291184606, 0.6064894719371815, 0.6099225795144374, 0.6066468839593577]
epoch 19
avg_train_loss: 0.6057, train_losses:[0.6066593220962443, 0.6034632728924801, 0.605050819598806, 0.6081159353535237, 0.6052460873511477]
epoch 20
avg_train_loss: 0.6042, train_losses:[0.6053035046362912, 0.6019592764710209, 0.6036450567478305, 0.6063533386269473, 0.6038837422067812]
avg_val_loss: 0.6122, val_losses:[0.6047515076978034, 0.6201510746263653, 0.6159861953887064, 0.61401791809295, 0.6059736967771153]
epoch 21
avg_train_loss: 0.6028, train_losses:[0.6040147634945899, 0.6005345211530215, 0.6023115664053554, 0.6047080757097237, 0.6026127484753204]
epoch 22
avg_train_loss: 0.6015, train_losses:[0.6027458500242187, 0.5991973023441983, 0.6010081984809674, 0.603047440767443, 0.6014091607910762]
epoch 23
avg_train_loss: 0.6002, train_losses:[0.6014869098342853, 0.5978974027005911, 0.5997575208507564, 0.6015032822029532, 0.6002887587363528]
epoch 24
avg_train_loss: 0.5989, train_losses:[0.6002343920931955, 0.596658631028421, 0.5985445168284156, 0.6000592549153826, 0.5992294201413285]
epoch 25
avg_train_loss: 0.5978, train_losses:[0.5990964121604619, 0.595501716958408, 0.5972937064945227, 0.5987101487486217, 0.5982167204009292]
epoch 26
avg_train_loss: 0.5966, train_losses:[0.5980047598161944, 0.5944139209452515, 0.5960908852945033, 0.5973935022577987, 0.5972171151419717]
epoch 27
avg_train_loss: 0.5956, train_losses:[0.5969579315618931, 0.5934126165260456, 0.5949287359094654, 0.596145557908987, 0.5963480133322463]
epoch 28
avg_train_loss: 0.5945, train_losses:[0.5959352546363532, 0.5924468543583521, 0.5938485677715499, 0.5949535722232278, 0.5954633969067713]
epoch 29
avg_train_loss: 0.5936, train_losses:[0.5949254057578207, 0.5915752387871223, 0.5928213784951851, 0.5938444860040516, 0.594691490954318]
epoch 30
avg_train_loss: 0.5926, train_losses:[0.5939218361869673, 0.5907364956835767, 0.5918703556272595, 0.592776280251754, 0.5939027431176728]
avg_val_loss: 0.6034, val_losses:[0.5952590512654259, 0.6110646267381704, 0.6036615647447879, 0.6064640240899295, 0.6003786811351516]
epoch 31
avg_train_loss: 0.5918, train_losses:[0.5930004966989321, 0.5899302525935298, 0.5909832610717237, 0.5917700540004407, 0.5931278072420783]
epoch 32
avg_train_loss: 0.5909, train_losses:[0.5921098645394015, 0.5891588096163761, 0.5901105351173039, 0.5908356844914535, 0.5924741474310036]
epoch 33
avg_train_loss: 0.5901, train_losses:[0.5912155507406522, 0.5884393625098591, 0.5892884217198335, 0.5899861640394474, 0.5917954785227205]
epoch 34
avg_train_loss: 0.5894, train_losses:[0.5903595229255354, 0.5877279592891473, 0.588507957378988, 0.5891096993247759, 0.591151747980355]
epoch 35
avg_train_loss: 0.5887, train_losses:[0.5895874523369498, 0.5870763670922825, 0.5877868310841537, 0.5883230442115613, 0.5905349067411935]
epoch 36
avg_train_loss: 0.5880, train_losses:[0.5888055792536543, 0.5864639683616505, 0.587103627076069, 0.5875388941064003, 0.589924233560437]
epoch 37
avg_train_loss: 0.5873, train_losses:[0.588057614679881, 0.5858514604396757, 0.586466230370852, 0.58681988323167, 0.5893161363479168]
epoch 38
avg_train_loss: 0.5867, train_losses:[0.5873901890764215, 0.5853162704849445, 0.5858758026063513, 0.5861325644339284, 0.5887189214756144]
epoch 39
avg_train_loss: 0.5861, train_losses:[0.5867482610109234, 0.5847807105973164, 0.5852400816292987, 0.585477159027521, 0.5881794957950399]
epoch 40
avg_train_loss: 0.5855, train_losses:[0.586085252592886, 0.5843203624438493, 0.5846988099255234, 0.5848057484247559, 0.5876912432476457]
avg_val_loss: 0.5983, val_losses:[0.588979650096879, 0.6058481555420371, 0.5958618571462732, 0.6026261695848392, 0.5981433335518563]
epoch 41
avg_train_loss: 0.5850, train_losses:[0.5855047460823002, 0.5838422952451187, 0.5841178733132627, 0.5841991349198867, 0.5872297903398876]
epoch 42
avg_train_loss: 0.5844, train_losses:[0.5848447548787937, 0.5834047585429462, 0.5835366736173785, 0.5835923526770727, 0.5867908789279993]
epoch 43
avg_train_loss: 0.5839, train_losses:[0.5843282893504224, 0.5829733701473534, 0.5829421786479589, 0.5830688946554706, 0.5863671465838592]
epoch 44
avg_train_loss: 0.5835, train_losses:[0.5838082300633815, 0.5825496829093311, 0.5824441392009436, 0.5825001385599954, 0.5860133667094501]
epoch 45
avg_train_loss: 0.5830, train_losses:[0.5832944276877274, 0.5821918176811223, 0.5819252756665361, 0.5820921552487953, 0.5856529851094676]
epoch 46
avg_train_loss: 0.5826, train_losses:[0.5827918456873765, 0.581840777358868, 0.5814442521206, 0.5815440365014194, 0.5853227170313319]
epoch 47
avg_train_loss: 0.5822, train_losses:[0.5823111206799196, 0.581459609024036, 0.5809625927272948, 0.5810791320924932, 0.5850040603770704]
epoch 48
avg_train_loss: 0.5818, train_losses:[0.5818429026523213, 0.5811261608272564, 0.5805952703027774, 0.5806308815078642, 0.5847095937550972]
epoch 49
avg_train_loss: 0.5814, train_losses:[0.5813561683736997, 0.5808075261127432, 0.5801752336379522, 0.580186178412799, 0.584427356447078]
epoch 50
avg_train_loss: 0.5810, train_losses:[0.5809538946730286, 0.5805081884136866, 0.5797927246008376, 0.5798481793473195, 0.5841217886657032]
avg_val_loss: 0.5950, val_losses:[0.5845150609224632, 0.6026526029536482, 0.5905395804882636, 0.5996319014745543, 0.5976064514924816]
epoch 51
avg_train_loss: 0.5807, train_losses:[0.5804543191707142, 0.5801829017214313, 0.5794225050366263, 0.579411564553876, 0.5838875767147507]
epoch 52
avg_train_loss: 0.5803, train_losses:[0.5800870160550305, 0.5798835772255355, 0.5790497560355605, 0.5790094349311968, 0.5836136638996003]
epoch 53
avg_train_loss: 0.5800, train_losses:[0.5796883600550867, 0.5796240057875031, 0.5787148854288294, 0.5786609293561844, 0.5833451542939679]
epoch 54
avg_train_loss: 0.5797, train_losses:[0.5792640148076099, 0.5792882037337113, 0.5784062428697961, 0.5782807831380611, 0.5831180950185062]
epoch 55
avg_train_loss: 0.5794, train_losses:[0.5789744372281019, 0.5789938134360485, 0.5780903764037768, 0.5779238865937778, 0.5828690623852567]
epoch 56
avg_train_loss: 0.5791, train_losses:[0.5786005632354437, 0.5786988037160501, 0.5778103440497967, 0.5775552229435764, 0.5826180740932273]
epoch 57
avg_train_loss: 0.5788, train_losses:[0.5783062439248825, 0.5783929293871813, 0.5775114523662666, 0.5772278823166456, 0.5823965926093451]
epoch 58
avg_train_loss: 0.5785, train_losses:[0.577971222912499, 0.578132111019247, 0.5772383352569445, 0.5769073880490238, 0.5821705150713405]
epoch 59
avg_train_loss: 0.5782, train_losses:[0.5776786358982032, 0.5778463070367437, 0.5769784835791218, 0.5766004598022187, 0.5819445282681093]
epoch 60
avg_train_loss: 0.5779, train_losses:[0.5773514880205189, 0.5775745533457395, 0.5767344533877797, 0.576311687112494, 0.5817516981309043]
avg_val_loss: 0.5928, val_losses:[0.5812404556028078, 0.600020854520687, 0.5875256085829182, 0.5974769743068534, 0.5978798629026585]
epoch 61
avg_train_loss: 0.5777, train_losses:[0.5769771207106811, 0.5773348844030588, 0.5764637423717609, 0.5760097314738583, 0.5815508307386849]
epoch 62
avg_train_loss: 0.5774, train_losses:[0.5767169749931891, 0.5770652022539997, 0.5762217824087685, 0.5757294277025612, 0.5813547974240834]
epoch 63
avg_train_loss: 0.5772, train_losses:[0.5764278305905948, 0.5767913507858013, 0.575978223614874, 0.5754572539023716, 0.581150008006322]
epoch 64
avg_train_loss: 0.5769, train_losses:[0.5761357464898528, 0.5765468045999392, 0.5757458724411697, 0.5751839667170702, 0.5809710280432864]
epoch 65
avg_train_loss: 0.5767, train_losses:[0.575846174321543, 0.5763304483154513, 0.5755487813709106, 0.5749471806060769, 0.5807945014341487]
epoch 66
avg_train_loss: 0.5764, train_losses:[0.5755120002563974, 0.5760922570453741, 0.5753193109118666, 0.5746510271090538, 0.5805943768801903]
epoch 67
avg_train_loss: 0.5763, train_losses:[0.575326237257933, 0.5758465833445945, 0.5751371558996334, 0.5745493822698652, 0.5804115253075136]
epoch 68
avg_train_loss: 0.5760, train_losses:[0.5750371299455695, 0.5756393836100736, 0.5749281826463913, 0.5742490297786669, 0.5802199790162338]
epoch 69
avg_train_loss: 0.5758, train_losses:[0.5748160087068842, 0.5754146730891257, 0.5747074959430198, 0.5740545457471817, 0.580034931704404]
epoch 70
avg_train_loss: 0.5756, train_losses:[0.5745427401797285, 0.5752169861638575, 0.5744981877148104, 0.5738073426446163, 0.5798543831869375]
avg_val_loss: 0.5912, val_losses:[0.578779417788769, 0.5978345248694952, 0.5854292107651562, 0.5959898731300246, 0.5980665510048822]
epoch 71
avg_train_loss: 0.5754, train_losses:[0.5743662481016019, 0.5749993549444289, 0.5743048272533836, 0.5735860615342455, 0.5797171259457514]
epoch 72
avg_train_loss: 0.5752, train_losses:[0.5740976960865047, 0.5748061597618125, 0.5741138843267776, 0.573371787854416, 0.5795389958885796]
epoch 73
avg_train_loss: 0.5750, train_losses:[0.5738052104349306, 0.5746222424055835, 0.5739425820705077, 0.5731542582298794, 0.5793506393337146]
epoch 74
avg_train_loss: 0.5748, train_losses:[0.5735940636965958, 0.5744126939299443, 0.5737529325811898, 0.5729750667091812, 0.5791931584980443]
epoch 75
avg_train_loss: 0.5746, train_losses:[0.5733695882196107, 0.5741828996625121, 0.5735814345706967, 0.5727472678796803, 0.5790453302830935]
epoch 76
avg_train_loss: 0.5744, train_losses:[0.5731663746177533, 0.5739700143104346, 0.5734239640134724, 0.5725626512935776, 0.5788700705801706]
epoch 77
avg_train_loss: 0.5742, train_losses:[0.5729591527109644, 0.5738053210926124, 0.5732408523311108, 0.5723921674438857, 0.5787227856456313]
epoch 78
avg_train_loss: 0.5740, train_losses:[0.5727350451302943, 0.5736562574317483, 0.5730324825109993, 0.5721966910450631, 0.5785638300898753]
epoch 79
avg_train_loss: 0.5739, train_losses:[0.5725280201976413, 0.5734718894675004, 0.5728447675810858, 0.5720237457935927, 0.578401808251086]
epoch 80
avg_train_loss: 0.5737, train_losses:[0.5723437340530744, 0.5733309401398489, 0.5726307275847823, 0.5718275811217075, 0.5782923679648648]
avg_val_loss: 0.5898, val_losses:[0.5769284208794834, 0.5959894261644303, 0.5836614866847791, 0.5945625780742155, 0.5977843046807539]
epoch 81
avg_train_loss: 0.5735, train_losses:[0.5721590782831343, 0.5731619752524234, 0.5724628296137777, 0.5716394793685046, 0.5781188915340206]
epoch 82
avg_train_loss: 0.5733, train_losses:[0.571961952169409, 0.5730149385303225, 0.5722754201996733, 0.5714745316481971, 0.578001997926057]
epoch 83
avg_train_loss: 0.5732, train_losses:[0.5717629258758194, 0.572859979186617, 0.5720847273857002, 0.5712760334372597, 0.577838720561084]
epoch 84
avg_train_loss: 0.5730, train_losses:[0.5715813884855836, 0.5727315193792066, 0.5718942977327406, 0.5710985000109808, 0.5776714147383584]
epoch 85
avg_train_loss: 0.5728, train_losses:[0.571404638812422, 0.5725775786441974, 0.571706999536378, 0.5709424547006667, 0.5775668286219865]
epoch 86
avg_train_loss: 0.5727, train_losses:[0.5712272915409371, 0.5724168313222885, 0.5715531746217859, 0.5707561536789935, 0.5774583170505858]
epoch 87
avg_train_loss: 0.5725, train_losses:[0.5710386340075669, 0.5722933725435488, 0.5713546866334719, 0.5705969574871634, 0.5773290401805501]
epoch 88
avg_train_loss: 0.5724, train_losses:[0.5708617771266934, 0.5721754649944307, 0.5711884794837406, 0.5704457386785908, 0.5771799202872476]
epoch 89
avg_train_loss: 0.5722, train_losses:[0.5706817352658118, 0.5720542125304853, 0.5710903079414341, 0.5702749403215804, 0.5770596466674429]
epoch 90
avg_train_loss: 0.5721, train_losses:[0.570504972000502, 0.5719083100012542, 0.5708931785956533, 0.5701323733175155, 0.5768934489233305]
avg_val_loss: 0.5885, val_losses:[0.5752303033061117, 0.5948688040115933, 0.5818310292656343, 0.593431341952764, 0.5969894584604402]
epoch 91
avg_train_loss: 0.5719, train_losses:[0.5703662760876761, 0.571760462230746, 0.5707468098439292, 0.5699875229405043, 0.5768384221058914]
epoch 92
avg_train_loss: 0.5718, train_losses:[0.5702028239649484, 0.5716327165935747, 0.5706172156155519, 0.5698598521212451, 0.5766903455667651]
epoch 93
avg_train_loss: 0.5717, train_losses:[0.5700384955254342, 0.5715166604155971, 0.5704960517612517, 0.5697158794988472, 0.576562869218068]
epoch 94
avg_train_loss: 0.5715, train_losses:[0.5698643627684692, 0.5713810385664515, 0.5703568571424502, 0.5695915816574968, 0.5764563892429214]
epoch 95
avg_train_loss: 0.5714, train_losses:[0.5696671418742552, 0.5712403186679061, 0.5702284727435608, 0.5694552720077755, 0.5763442291251555]
epoch 96
avg_train_loss: 0.5713, train_losses:[0.5695716211674182, 0.571100490342183, 0.5700885442831749, 0.5693460456225309, 0.5762171002543492]
epoch 97
avg_train_loss: 0.5711, train_losses:[0.5693731360405019, 0.5710060472356758, 0.5700047848841072, 0.5692156811221906, 0.5760968407557215]
epoch 98
avg_train_loss: 0.5710, train_losses:[0.5692104120406364, 0.5708820098945447, 0.5698757075056142, 0.5690936978012715, 0.5759991302106718]
epoch 99
avg_train_loss: 0.5709, train_losses:[0.5690381084743976, 0.5707602911408991, 0.5697631629692843, 0.5689718183501066, 0.5758969670186298]
epoch 100
avg_train_loss: 0.5708, train_losses:[0.5688956224865822, 0.5706023990112052, 0.5696344366140246, 0.5688752862094517, 0.5757654461481703]
avg_val_loss: 0.5874, val_losses:[0.5738665458241072, 0.5938360927713296, 0.5806199994034433, 0.5924049235113628, 0.5964603965043891]
epoch 101
avg_train_loss: 0.5706, train_losses:[0.5687388649509648, 0.5705054450292519, 0.5695400480553291, 0.5687381178237378, 0.5756898817019628]
epoch 102
avg_train_loss: 0.5705, train_losses:[0.5685585558049912, 0.5703746144245405, 0.5694401698165927, 0.5686591335414117, 0.5755873720258479]
epoch 103
avg_train_loss: 0.5704, train_losses:[0.5684393907764764, 0.5702543622013583, 0.569315820522017, 0.5685406851759125, 0.5754310145385607]
epoch 104
avg_train_loss: 0.5703, train_losses:[0.5683043706884275, 0.5701731880150157, 0.5692243662461978, 0.5683999120696265, 0.57542079223201]
epoch 105
avg_train_loss: 0.5702, train_losses:[0.5681915954684569, 0.570064842867958, 0.5691054465647142, 0.5683142685175765, 0.5752915089795445]
epoch 106
avg_train_loss: 0.5701, train_losses:[0.5680472389167524, 0.5699459614660692, 0.5690029573993688, 0.5682007220440104, 0.5752031516023586]
epoch 107
avg_train_loss: 0.5700, train_losses:[0.5679020246442913, 0.569840081304156, 0.5688978619895162, 0.5680993056410943, 0.5750696862454262]
epoch 108
avg_train_loss: 0.5699, train_losses:[0.5677603565803838, 0.5697330007054708, 0.5688121882054251, 0.5679941585081694, 0.5749740172388841]
epoch 109
avg_train_loss: 0.5697, train_losses:[0.567622090427087, 0.5696248893478414, 0.5687258237125192, 0.5678925941516456, 0.5748806814605198]
epoch 110
avg_train_loss: 0.5696, train_losses:[0.5675017264872004, 0.5695349155449259, 0.5686433360977999, 0.5677838418623199, 0.5747857157309492]
avg_val_loss: 0.5866, val_losses:[0.5727149987417899, 0.5928338735550337, 0.5796885628167179, 0.591579331235024, 0.5961360133463337]
epoch 111
avg_train_loss: 0.5695, train_losses:[0.5673947063770367, 0.5694194631483344, 0.5685394969352119, 0.5676738063328722, 0.5746826384869759]
epoch 112
avg_train_loss: 0.5694, train_losses:[0.5672655693022526, 0.5693336197006718, 0.5684469668818036, 0.567555874745977, 0.5745879541341766]
epoch 113
avg_train_loss: 0.5693, train_losses:[0.5671588319246552, 0.5692191777318267, 0.5683693045916814, 0.5675021008781753, 0.5744692835876879]
epoch 114
avg_train_loss: 0.5692, train_losses:[0.5670386082686085, 0.5690953169542068, 0.5682718379511296, 0.5673947094919888, 0.5743780641082011]
epoch 115
avg_train_loss: 0.5692, train_losses:[0.5669315384515884, 0.5690319274012504, 0.5681983997112507, 0.5673037435508513, 0.5742874186360251]
epoch 116
avg_train_loss: 0.5690, train_losses:[0.5668139511061084, 0.5689114754301078, 0.5680790603472455, 0.5672096186989735, 0.5741728313579836]
epoch 117
avg_train_loss: 0.5689, train_losses:[0.5666923483561723, 0.5687799530494126, 0.5679982717999201, 0.5671294962819732, 0.5740630918958726]
epoch 118
avg_train_loss: 0.5688, train_losses:[0.5665845670164696, 0.5687009901165755, 0.5679281618421036, 0.5670328451417966, 0.5739978324712032]
epoch 119
avg_train_loss: 0.5688, train_losses:[0.5664788621126186, 0.5685797957257651, 0.5678323358271891, 0.5669476490665208, 0.5739287762624311]
epoch 120
avg_train_loss: 0.5686, train_losses:[0.566381938182469, 0.5684891314502784, 0.5677356510773002, 0.5668129829333649, 0.5737986729960307]
avg_val_loss: 0.5858, val_losses:[0.5718926086368107, 0.5918988954406692, 0.5789185075856337, 0.5908202023654097, 0.5955310692677672]
epoch 121
avg_train_loss: 0.5686, train_losses:[0.5662679624870314, 0.5683799065690496, 0.5676865126635577, 0.5667950858327938, 0.5737061395098705]
epoch 122
avg_train_loss: 0.5684, train_losses:[0.5661619397827089, 0.5682585465817219, 0.5675796756869187, 0.5666578496686133, 0.5735792587514423]
epoch 123
avg_train_loss: 0.5684, train_losses:[0.5660611222499614, 0.5681145931551274, 0.5675031415756397, 0.5666125284225104, 0.5735505984522564]
epoch 124
avg_train_loss: 0.5683, train_losses:[0.5659612384493197, 0.5680230581899302, 0.5674439211177985, 0.5665076163559506, 0.5734165680242298]
epoch 125
avg_train_loss: 0.5682, train_losses:[0.5658956408891695, 0.5679366760174561, 0.5673477319212563, 0.5664430101764139, 0.5733544103382747]
epoch 126
avg_train_loss: 0.5681, train_losses:[0.5658021048355442, 0.5677892865634296, 0.5672652852296153, 0.5663595303817227, 0.5732604452735074]
epoch 127
avg_train_loss: 0.5680, train_losses:[0.5657097740290973, 0.5676547168064244, 0.5671900014228546, 0.5662639339130178, 0.573164225484042]
epoch 128
avg_train_loss: 0.5679, train_losses:[0.5656036851399336, 0.5675605078844425, 0.5671178390954758, 0.5661841531774492, 0.5730650162939591]
epoch 129
avg_train_loss: 0.5678, train_losses:[0.5655150170976636, 0.5674497064769576, 0.5670501483913554, 0.5661073349701122, 0.5730071701083953]
epoch 130
avg_train_loss: 0.5677, train_losses:[0.5654244482686279, 0.5673285140494122, 0.5669843386458386, 0.5660283392757991, 0.5729115481045592]
avg_val_loss: 0.5849, val_losses:[0.5710561396125172, 0.590993009117664, 0.5781540021603756, 0.5902030728905029, 0.5943409837680543]
epoch 131
avg_train_loss: 0.5676, train_losses:[0.5653514687260716, 0.5671942433013366, 0.5668976828769049, 0.5659764075809155, 0.5728246502550766]
epoch 132
avg_train_loss: 0.5676, train_losses:[0.5652569261060593, 0.567095988035145, 0.5668559121385802, 0.5658897542630082, 0.572735521198541]
epoch 133
avg_train_loss: 0.5675, train_losses:[0.5651765399588207, 0.5669969230097025, 0.5667590930883293, 0.5658182126970177, 0.5726488205160423]
epoch 134
avg_train_loss: 0.5674, train_losses:[0.5650751893181549, 0.5668782279326624, 0.5666984663563757, 0.5657471839943023, 0.572563011557153]
epoch 135
avg_train_loss: 0.5673, train_losses:[0.5650108290732031, 0.5667806123039193, 0.5666203521283465, 0.565685865632999, 0.5725005499746723]
epoch 136
avg_train_loss: 0.5672, train_losses:[0.5649242958209681, 0.5667114406768106, 0.5665758587243058, 0.5656093835126031, 0.5723850000005644]
epoch 137
avg_train_loss: 0.5672, train_losses:[0.5648492965104538, 0.5665836875409445, 0.5664905114511473, 0.5655348373079755, 0.5723292840924992]
epoch 138
avg_train_loss: 0.5671, train_losses:[0.5647725179441667, 0.5664654958275429, 0.5664373887682138, 0.5654517429710457, 0.5722511861393389]
epoch 139
avg_train_loss: 0.5670, train_losses:[0.5646855000709573, 0.5663798889268404, 0.5663685064762704, 0.5653779362900662, 0.5721624208283551]
epoch 140
avg_train_loss: 0.5669, train_losses:[0.5646000590966984, 0.5662748797866006, 0.5663109992909823, 0.5652718859320153, 0.5721061958777248]
avg_val_loss: 0.5843, val_losses:[0.570335652755065, 0.5900085590829676, 0.577527274374462, 0.5900253601391588, 0.5937291004248432]
epoch 141
avg_train_loss: 0.5668, train_losses:[0.5645090731919661, 0.5661884878222404, 0.5662266262453255, 0.5652429247505701, 0.5719981740264598]
epoch 142
avg_train_loss: 0.5668, train_losses:[0.5644485836787965, 0.5660995118956166, 0.566163439034935, 0.5651478042636591, 0.5719883902054659]
epoch 143
avg_train_loss: 0.5667, train_losses:[0.5643710999297066, 0.5660124475598258, 0.5661227485017284, 0.5650938797325775, 0.5718841634317061]
epoch 144
avg_train_loss: 0.5666, train_losses:[0.5642762828945287, 0.5659016220473565, 0.5660508436757018, 0.5649846477701531, 0.5718278596680462]
epoch 145
avg_train_loss: 0.5665, train_losses:[0.5642223881840986, 0.5658095689797771, 0.5659678515874069, 0.5649169051841069, 0.5717289078890568]
epoch 146
avg_train_loss: 0.5665, train_losses:[0.5641082091400237, 0.5657489993678382, 0.565908931796273, 0.5648440745798455, 0.5716614537434905]
epoch 147
avg_train_loss: 0.5664, train_losses:[0.5640563638176, 0.5656644189512945, 0.5658415153342088, 0.5647660409373287, 0.5716304916517321]
epoch 148
avg_train_loss: 0.5663, train_losses:[0.5640238463363376, 0.565608231387629, 0.5657705570320594, 0.5647175724918501, 0.5715495916041452]
epoch 149
avg_train_loss: 0.5663, train_losses:[0.5639439170412783, 0.5655263442672525, 0.5656997012290442, 0.5646625470130628, 0.5714714377161354]
epoch 150
avg_train_loss: 0.5662, train_losses:[0.5638645214752948, 0.5654424526838315, 0.5656384995333394, 0.5646130147987009, 0.5714409181951776]
avg_val_loss: 0.5837, val_losses:[0.5696858035397201, 0.5890971284038433, 0.5769290203146877, 0.5895045634516441, 0.5932774697580645]
epoch 151
avg_train_loss: 0.5661, train_losses:[0.5637902505299959, 0.5653602623937884, 0.5655653563473481, 0.564532487662965, 0.5713452440647703]
epoch 152
avg_train_loss: 0.5660, train_losses:[0.5637103960243366, 0.5652924012216468, 0.5655204342794593, 0.5644434767478629, 0.5712496027222126]
epoch 153
avg_train_loss: 0.5660, train_losses:[0.5636213589126804, 0.5652107725516697, 0.5654593176864057, 0.5643868889724177, 0.57124442992778]
epoch 154
avg_train_loss: 0.5659, train_losses:[0.5635776519877219, 0.5651107754844846, 0.565376363018268, 0.5643831139029643, 0.5711569993958963]
epoch 155
avg_train_loss: 0.5659, train_losses:[0.5635114373615614, 0.5650150677033369, 0.5653300370468483, 0.5643015037933771, 0.571116582107003]
epoch 156
avg_train_loss: 0.5658, train_losses:[0.5634353355983074, 0.5649467478257263, 0.565271694467852, 0.5642382790559087, 0.5710413593590642]
epoch 157
avg_train_loss: 0.5657, train_losses:[0.5633749293263529, 0.5648861296555633, 0.5651965746690746, 0.5641449547284008, 0.5709848803738777]
epoch 158
avg_train_loss: 0.5657, train_losses:[0.5633120732051313, 0.5648010140680438, 0.5651300360858552, 0.5641238781547393, 0.5709272827853821]
epoch 159
avg_train_loss: 0.5656, train_losses:[0.5632391830603776, 0.5647143579284523, 0.5650969117744434, 0.5640471674086688, 0.5708654917042422]
epoch 160
avg_train_loss: 0.5655, train_losses:[0.5631855276951715, 0.5646196905148425, 0.5650057253661788, 0.564022641690969, 0.5708143116061897]
avg_val_loss: 0.5832, val_losses:[0.5689655463519897, 0.5884009805129039, 0.5763460324568812, 0.5890664668198539, 0.5930272013258582]
epoch 161
avg_train_loss: 0.5655, train_losses:[0.5631066997144025, 0.5645747426027286, 0.5649609847333054, 0.5639415320276168, 0.5707534705743742]
epoch 162
avg_train_loss: 0.5654, train_losses:[0.563055167624397, 0.5644940004141187, 0.5649074847470847, 0.5638638866085396, 0.5707109955281887]
epoch 163
avg_train_loss: 0.5653, train_losses:[0.5629688718050355, 0.5643911257054753, 0.5648537091318957, 0.5638119386759879, 0.5706451800215907]
epoch 164
avg_train_loss: 0.5653, train_losses:[0.5629225367932282, 0.5643627560003881, 0.5647965633075311, 0.5637768700143037, 0.5705635561282573]
epoch 165
avg_train_loss: 0.5652, train_losses:[0.5628563354985333, 0.5642706273980196, 0.5647345500603834, 0.5637189159835819, 0.5705112137803618]
epoch 166
avg_train_loss: 0.5652, train_losses:[0.5627978361577124, 0.5641892819371691, 0.5646959448608551, 0.5636494205827068, 0.5704402684090126]
epoch 167
avg_train_loss: 0.5651, train_losses:[0.5627358155177721, 0.5641151880197222, 0.5646392112915976, 0.5636044881089024, 0.5703829789163312]
epoch 168
avg_train_loss: 0.5650, train_losses:[0.5626653187478673, 0.5640358354256184, 0.5645381023321153, 0.5635576778596721, 0.5703146209421258]
epoch 169
avg_train_loss: 0.5650, train_losses:[0.5625875301692965, 0.5639565825833, 0.5645175803574034, 0.5634993945340103, 0.5702525937192278]
epoch 170
avg_train_loss: 0.5649, train_losses:[0.5625311779968559, 0.5638892882815325, 0.564456530246532, 0.563448517268245, 0.5702273488264682]
avg_val_loss: 0.5825, val_losses:[0.568363428816405, 0.5876882422144692, 0.5757637337385769, 0.5885097642193828, 0.5924033211710155]
epoch 171
avg_train_loss: 0.5648, train_losses:[0.5624616678959321, 0.5638199722118836, 0.5643972979113446, 0.5634003290320077, 0.5701532011126924]
epoch 172
avg_train_loss: 0.5648, train_losses:[0.5624105315749025, 0.5637141139147145, 0.5643358068336334, 0.5633454553356021, 0.570099156761782]
epoch 173
avg_train_loss: 0.5647, train_losses:[0.5623454734482942, 0.5636796050534102, 0.5642903583948395, 0.5633034202794852, 0.5700604491087523]
epoch 174
avg_train_loss: 0.5647, train_losses:[0.5622815910221332, 0.563607578967256, 0.5642271027552946, 0.5632475751182014, 0.5700052470249835]
epoch 175
avg_train_loss: 0.5646, train_losses:[0.5622256104016722, 0.5635563958068774, 0.5641672393790714, 0.5632110641552696, 0.569923391963055]
epoch 176
avg_train_loss: 0.5646, train_losses:[0.5621429049541444, 0.5634727914568691, 0.5641238617734922, 0.5631651492964342, 0.5699085014691131]
epoch 177
avg_train_loss: 0.5645, train_losses:[0.5620738077376315, 0.5633941237388093, 0.5640679987900795, 0.5630978888528423, 0.5698444134341542]
epoch 178
avg_train_loss: 0.5645, train_losses:[0.562049181968769, 0.5633961501582441, 0.5640031050746978, 0.5630716614945275, 0.569781535270844]
epoch 179
avg_train_loss: 0.5644, train_losses:[0.561983774969558, 0.5633076747134952, 0.5639494737106103, 0.5630164521745032, 0.5697357339767447]
epoch 180
avg_train_loss: 0.5643, train_losses:[0.5619475800810944, 0.5632337831508336, 0.5638912929808205, 0.5629527984483521, 0.5696656008602182]
avg_val_loss: 0.5821, val_losses:[0.5678738696467311, 0.5870686997656323, 0.5753940543353566, 0.588040043173127, 0.5921000738721391]
epoch 181
avg_train_loss: 0.5643, train_losses:[0.5619014620100726, 0.5631684180766993, 0.5638325297743286, 0.5629318954698835, 0.5696309169361594]
epoch 182
avg_train_loss: 0.5642, train_losses:[0.5618488754716012, 0.5630754405129134, 0.56378446846399, 0.5628844988642626, 0.569625078589111]
epoch 183
avg_train_loss: 0.5642, train_losses:[0.5617863750109101, 0.5630816517987542, 0.563719444775983, 0.5628500789384567, 0.5695700171713264]
epoch 184
avg_train_loss: 0.5641, train_losses:[0.5617107157867371, 0.5630049863666328, 0.5636477535609304, 0.5628140477137941, 0.5695037219479417]
epoch 185
avg_train_loss: 0.5641, train_losses:[0.5616764643819803, 0.5629270928307731, 0.563622141214733, 0.5627653831139038, 0.5694775747498545]
epoch 186
avg_train_loss: 0.5640, train_losses:[0.5616442103142676, 0.5628767398137946, 0.563565659937251, 0.5627270642598383, 0.5693973943813098]
epoch 187
avg_train_loss: 0.5640, train_losses:[0.5615500424844002, 0.5627852883321658, 0.5635043420036299, 0.5626709260639382, 0.5693711564769605]
epoch 188
avg_train_loss: 0.5639, train_losses:[0.5615353419468971, 0.5627749674194035, 0.5634519307985741, 0.5626512850097064, 0.5693276940806896]
epoch 189
avg_train_loss: 0.5639, train_losses:[0.5614776630736751, 0.5627077253661467, 0.5634182986471167, 0.5626168070433508, 0.56926043262178]
epoch 190
avg_train_loss: 0.5638, train_losses:[0.5614578045277624, 0.5626431800753197, 0.563344196860317, 0.562582159460265, 0.5692156934951585]
avg_val_loss: 0.5817, val_losses:[0.5674113265327927, 0.5864807788882895, 0.5747943256043729, 0.5879458067634481, 0.5920075738508236]
epoch 191
avg_train_loss: 0.5638, train_losses:[0.5614090840002761, 0.5626280861679342, 0.5633038091322288, 0.5625086503269675, 0.5691747494623344]
epoch 192
avg_train_loss: 0.5637, train_losses:[0.5613523295967849, 0.5625423760756595, 0.5632552159644332, 0.562439810525252, 0.569130721612105]
epoch 193
avg_train_loss: 0.5637, train_losses:[0.5612839730892109, 0.5624967160237786, 0.5631957717269642, 0.5624628605916558, 0.5690652696433347]
epoch 194
avg_train_loss: 0.5637, train_losses:[0.5612459905807323, 0.5624604783039593, 0.5631553533788659, 0.5624075561327045, 0.5690370428891265]
epoch 195
avg_train_loss: 0.5636, train_losses:[0.56119307300197, 0.5624034282335696, 0.5631000433926311, 0.5623542047711454, 0.5689837257238429]
epoch 196
avg_train_loss: 0.5636, train_losses:[0.5611294718318534, 0.5623567890969389, 0.563075681540354, 0.5623211949227689, 0.5689530460393313]
epoch 197
avg_train_loss: 0.5635, train_losses:[0.5611123580159857, 0.5622764706843804, 0.5630467814400756, 0.5622950997813927, 0.5689062416488329]
epoch 198
avg_train_loss: 0.5635, train_losses:[0.5610468288381486, 0.5622625722852383, 0.562992452909172, 0.5622681592242883, 0.5688007567299346]
epoch 199
avg_train_loss: 0.5634, train_losses:[0.5609922195664557, 0.5622161096978628, 0.5629550263610981, 0.5622367252545349, 0.5688153482516378]
epoch 200
avg_train_loss: 0.5634, train_losses:[0.5609769179032694, 0.5621730845166852, 0.5628874201954956, 0.5621837126865342, 0.5687536856133347]
avg_val_loss: 0.5814, val_losses:[0.5670418013139258, 0.5859551931137886, 0.5743325106739525, 0.5877323766883417, 0.5917828437276978]
epoch 201
avg_train_loss: 0.5633, train_losses:[0.5609126630127399, 0.5620802375589017, 0.5628200507173777, 0.5621772430154645, 0.568698965596488]
epoch 202
avg_train_loss: 0.5633, train_losses:[0.5608691658109205, 0.5620866647061397, 0.5628262189906073, 0.5621302656769024, 0.568660934973858]
epoch 203
avg_train_loss: 0.5633, train_losses:[0.5608140741910786, 0.5620300560872963, 0.5627600506498452, 0.5621028020675032, 0.568654573886662]
epoch 204
avg_train_loss: 0.5632, train_losses:[0.56079259173783, 0.5619799817195372, 0.5627220537121834, 0.5620392331629549, 0.5685826493560804]
epoch 205
avg_train_loss: 0.5632, train_losses:[0.5607176807701687, 0.5619525633915018, 0.5626715256143252, 0.5620151662087666, 0.5685461892103487]
epoch 206
avg_train_loss: 0.5631, train_losses:[0.5606884942551837, 0.5618912002315046, 0.5626392100194344, 0.5620050309416528, 0.568481304491741]
epoch 207
avg_train_loss: 0.5631, train_losses:[0.5606436603672215, 0.5618695580694971, 0.5625679920856679, 0.5619311047204392, 0.568448104061063]
epoch 208
avg_train_loss: 0.5631, train_losses:[0.5605835723050916, 0.5618157887371635, 0.5625524895014499, 0.5618791294722316, 0.5684344466713033]
epoch 209
avg_train_loss: 0.5630, train_losses:[0.5605432638692861, 0.5617873498208743, 0.5624992233759379, 0.5618904092800883, 0.5683864925962435]
epoch 210
avg_train_loss: 0.5630, train_losses:[0.5604916504585621, 0.56172521480649, 0.5624570888796327, 0.5617971776791761, 0.5683398179641688]
avg_val_loss: 0.5811, val_losses:[0.566631237486599, 0.5856304125119807, 0.573934188017155, 0.5874270573492599, 0.5916363568564071]
epoch 211
avg_train_loss: 0.5629, train_losses:[0.5604451041330454, 0.5616991263420479, 0.5624369560000176, 0.5617947139954076, 0.5682821437620768]
epoch 212
avg_train_loss: 0.5629, train_losses:[0.5603718917154861, 0.561650229477111, 0.5623672490430798, 0.561801679723878, 0.5682608659995356]
epoch 213
avg_train_loss: 0.5629, train_losses:[0.5603610851716045, 0.5616272924440618, 0.5623321015809474, 0.5617177094744231, 0.5682125833617121]
epoch 214
avg_train_loss: 0.5628, train_losses:[0.5603049587339105, 0.5615916657049459, 0.5622861362515374, 0.5617265949889324, 0.5681703451048958]
epoch 215
avg_train_loss: 0.5628, train_losses:[0.5602560460691706, 0.561549603321972, 0.5622668230309983, 0.561671969530486, 0.5680486782784505]
epoch 216
avg_train_loss: 0.5627, train_losses:[0.560211671267518, 0.5614788082213195, 0.5622089948416954, 0.5616420075696017, 0.5680910447785253]
epoch 217
avg_train_loss: 0.5627, train_losses:[0.5601642899556094, 0.5614850191039171, 0.5621983412634497, 0.5615976950924491, 0.5680484524740292]
epoch 218
avg_train_loss: 0.5626, train_losses:[0.560131681363779, 0.5614415767574333, 0.5621128381001236, 0.5615718943410345, 0.5679811918908201]
epoch 219
avg_train_loss: 0.5626, train_losses:[0.5600785855453985, 0.5613734512512069, 0.562127805024586, 0.5615467011407194, 0.5679691279742567]
epoch 220
avg_train_loss: 0.5626, train_losses:[0.5600651794594012, 0.5613520306957942, 0.5620549917587654, 0.5615546250372242, 0.5679228599441007]
avg_val_loss: 0.5808, val_losses:[0.5662574303375008, 0.5852668509630617, 0.5736598221431652, 0.5873680570028805, 0.5913964078327292]
epoch 221
avg_train_loss: 0.5626, train_losses:[0.5600103234843137, 0.5613261060377138, 0.562056946366283, 0.5615039817961124, 0.5679053962800906]
epoch 222
avg_train_loss: 0.5625, train_losses:[0.5599690221435132, 0.5612769226480948, 0.5619954646690684, 0.5614734619899667, 0.5678592923358113]
epoch 223
avg_train_loss: 0.5625, train_losses:[0.5599186015995858, 0.5612361117976981, 0.5619661027656799, 0.5614337348313165, 0.5678385064276708]
epoch 224
avg_train_loss: 0.5624, train_losses:[0.5598781244390731, 0.5611821586964262, 0.5619379339856975, 0.561403454532303, 0.5677832441975449]
epoch 225
avg_train_loss: 0.5624, train_losses:[0.5598587115217364, 0.5611787658974833, 0.5618796128376534, 0.5613709299006012, 0.5677417126308948]
epoch 226
avg_train_loss: 0.5624, train_losses:[0.5598099654147805, 0.5611452580467704, 0.5618615317573578, 0.5612978561335431, 0.5677298745228258]
epoch 227
avg_train_loss: 0.5623, train_losses:[0.5597572798149251, 0.5611020135623722, 0.5618492027258862, 0.5613314702653232, 0.5676840312521331]
epoch 228
avg_train_loss: 0.5623, train_losses:[0.5597506564022817, 0.5610413501210284, 0.5618016331604858, 0.5613116815996295, 0.5676555131911188]
epoch 229
avg_train_loss: 0.5623, train_losses:[0.5597080482642155, 0.5610193611555855, 0.5617799290171425, 0.5612802607821226, 0.5676098050104393]
epoch 230
avg_train_loss: 0.5622, train_losses:[0.5596567270928225, 0.5609749862846892, 0.5617785593648471, 0.5612536878494495, 0.5675627795972508]
avg_val_loss: 0.5805, val_losses:[0.5658342750798782, 0.5850070612310336, 0.5733242858559182, 0.5873382784995418, 0.5910123090166548]
epoch 231
avg_train_loss: 0.5622, train_losses:[0.5596062828247518, 0.5609392620218087, 0.5617122931887235, 0.5611884208377557, 0.5675440873175318]
epoch 232
avg_train_loss: 0.5622, train_losses:[0.559572150631321, 0.5609076100675214, 0.5616855241250596, 0.5611932369132158, 0.5675065456452356]
epoch 233
avg_train_loss: 0.5621, train_losses:[0.5595537088560644, 0.5608420988564106, 0.561649211768584, 0.561169410121939, 0.5674373601708759]
epoch 234
avg_train_loss: 0.5621, train_losses:[0.5594946581269653, 0.5608486754154488, 0.561639804818826, 0.5611148656563214, 0.5674833870983294]
epoch 235
avg_train_loss: 0.5621, train_losses:[0.559468826025426, 0.5607581717855487, 0.5616010583416058, 0.5611077514630614, 0.5674259752601292]
epoch 236
avg_train_loss: 0.5620, train_losses:[0.5594172632054351, 0.5607554150376333, 0.5615403343608261, 0.5610682049981106, 0.5673971748814747]
epoch 237
avg_train_loss: 0.5620, train_losses:[0.5593931954009738, 0.5607228898173594, 0.5615379734328012, 0.5610266411510576, 0.567361735044745]
epoch 238
avg_train_loss: 0.5620, train_losses:[0.5593197056681563, 0.5606836998336816, 0.5614939019963271, 0.5610348459431319, 0.5673354650245952]
epoch 239
avg_train_loss: 0.5619, train_losses:[0.5593024130770493, 0.5606205456301753, 0.5615103827386501, 0.5609806130959412, 0.5673149346091536]
epoch 240
avg_train_loss: 0.5619, train_losses:[0.5592601787169468, 0.560614513600207, 0.5614552249950645, 0.5609267329878039, 0.567284229134249]
avg_val_loss: 0.5803, val_losses:[0.5654851433943086, 0.584774907289901, 0.5730962620189448, 0.5872614291810071, 0.5910461217311642]
epoch 241
avg_train_loss: 0.5619, train_losses:[0.5592196279563979, 0.5605584114955944, 0.5614239693250085, 0.5608609176019733, 0.5672499837853535]
epoch 242
avg_train_loss: 0.5619, train_losses:[0.5591979794015597, 0.5605543078277118, 0.5613912975767343, 0.5608670846308512, 0.5672413084950785]
epoch 243
avg_train_loss: 0.5618, train_losses:[0.5591741212713595, 0.5604996554375054, 0.5613685484081898, 0.5608375587235526, 0.567191128006916]
epoch 244
avg_train_loss: 0.5618, train_losses:[0.5591434803252445, 0.5604415859315671, 0.5613259403515869, 0.5608043215213468, 0.5671582133803876]
epoch 245
avg_train_loss: 0.5617, train_losses:[0.5590790452053562, 0.5604077213613011, 0.5613136729226471, 0.56077574976187, 0.5671378185233572]
epoch 246
avg_train_loss: 0.5617, train_losses:[0.5590471101743203, 0.560408852786456, 0.5612789706512255, 0.5606956548814946, 0.5671050018693672]
epoch 247
avg_train_loss: 0.5617, train_losses:[0.559007516755972, 0.5603474155824478, 0.5612155912872887, 0.5607061700913057, 0.5670682857177354]
epoch 248
avg_train_loss: 0.5616, train_losses:[0.5589574117213615, 0.5603583617747557, 0.5612260566629571, 0.5606746871397192, 0.5670277429308024]
epoch 249
avg_train_loss: 0.5616, train_losses:[0.5589607671510617, 0.5602424601631674, 0.5611931771242603, 0.5606094993531009, 0.5670098094556018]
epoch 250
avg_train_loss: 0.5616, train_losses:[0.5588949940640204, 0.5602786093894265, 0.561152951408305, 0.5605809904547634, 0.566971682285992]
avg_val_loss: 0.5800, val_losses:[0.5651218485470529, 0.5845010783627692, 0.5729333533115916, 0.5867859278527443, 0.5907308050131393]
epoch 251
avg_train_loss: 0.5616, train_losses:[0.5588889036900516, 0.560246644978659, 0.5611267372989742, 0.5605640614475091, 0.566931520184321]
epoch 252
avg_train_loss: 0.5615, train_losses:[0.5588692005760755, 0.5601895926374804, 0.5610871462491708, 0.5605382130451677, 0.5669275421669073]
epoch 253
avg_train_loss: 0.5615, train_losses:[0.5588305104225665, 0.5601579278181048, 0.561082280647092, 0.5605322483008132, 0.5669089576349862]
epoch 254
avg_train_loss: 0.5615, train_losses:[0.558818234875811, 0.5601379162576782, 0.561057280065682, 0.5604847322364213, 0.56688531655276]
epoch 255
avg_train_loss: 0.5614, train_losses:[0.5587834536420329, 0.5600976270268408, 0.560994966848338, 0.5604733276115466, 0.5668467150264642]
epoch 256
avg_train_loss: 0.5614, train_losses:[0.5587531135377712, 0.5600798700583842, 0.5609837332596911, 0.5604433566224943, 0.5668241001876371]
epoch 257
avg_train_loss: 0.5614, train_losses:[0.558693940640229, 0.5600471585886151, 0.560958557210451, 0.5604298546613454, 0.5667910980073679]
epoch 258
avg_train_loss: 0.5614, train_losses:[0.5586928290921142, 0.5600009894116053, 0.560915028046514, 0.5603772137726107, 0.5667778658495423]
epoch 259
avg_train_loss: 0.5613, train_losses:[0.5586689009218232, 0.5599673998002722, 0.5608820803271256, 0.5603762776617773, 0.5667261859302526]
epoch 260
avg_train_loss: 0.5613, train_losses:[0.5586321882670132, 0.5599372587861551, 0.560882226050676, 0.5603505566211631, 0.5667239391886831]
avg_val_loss: 0.5798, val_losses:[0.5647816751047906, 0.5843229392390442, 0.5726091164911773, 0.5865783490606128, 0.590595416956876]
epoch 261
avg_train_loss: 0.5613, train_losses:[0.558635025516941, 0.5599195575732033, 0.5608414372768279, 0.5603143733055765, 0.5666537010003362]
epoch 262
avg_train_loss: 0.5612, train_losses:[0.5585665373504518, 0.559893307565042, 0.5608063285545578, 0.5603113573343789, 0.5666716896894608]
epoch 263
avg_train_loss: 0.5612, train_losses:[0.5585916286819548, 0.5598443937353772, 0.5607909545438333, 0.5602811388914515, 0.5666368386329027]
epoch 264
avg_train_loss: 0.5612, train_losses:[0.5585325608333476, 0.559809174221011, 0.560759299121247, 0.5602730883674072, 0.5665970055623932]
epoch 265
avg_train_loss: 0.5612, train_losses:[0.5585135729608527, 0.5597816926693245, 0.56073129052862, 0.5602485959417132, 0.5665735093739509]
epoch 266
avg_train_loss: 0.5612, train_losses:[0.5584812844219534, 0.559757424263575, 0.5607047332246771, 0.5602598126369126, 0.5665476868366697]
epoch 267
avg_train_loss: 0.5611, train_losses:[0.558447625377431, 0.5597087471234312, 0.5606863669170021, 0.5602015563560411, 0.5665406360764051]
epoch 268
avg_train_loss: 0.5611, train_losses:[0.5584359415514231, 0.5596523791084195, 0.5606688875305961, 0.5601760163512722, 0.5665112642238614]
epoch 269
avg_train_loss: 0.5611, train_losses:[0.5584121159759858, 0.5596431228249963, 0.5606117902583458, 0.5601702614237394, 0.5664833467547907]
epoch 270
avg_train_loss: 0.5610, train_losses:[0.5583779961894125, 0.559629112328309, 0.5605982910272351, 0.5601379361561024, 0.5664720247274737]
avg_val_loss: 0.5796, val_losses:[0.56451724228335, 0.5838922689940836, 0.5724004155155478, 0.5864985945593941, 0.5906045499918173]
epoch 271
avg_train_loss: 0.5610, train_losses:[0.5583346372022657, 0.5596045022350179, 0.5605370071106428, 0.5601313290167674, 0.5664410584527189]
epoch 272
avg_train_loss: 0.5610, train_losses:[0.5583227510499845, 0.5595355941212515, 0.5605372578729453, 0.5601330786555467, 0.5663678713822049]
epoch 273
avg_train_loss: 0.5610, train_losses:[0.5583069290889806, 0.5595184177517684, 0.5604778064972564, 0.5600898299971737, 0.5664254060628328]
epoch 274
avg_train_loss: 0.5609, train_losses:[0.5582840582387361, 0.5595193678355906, 0.5604337095973978, 0.5600645037887078, 0.5664043706045363]
epoch 275
avg_train_loss: 0.5609, train_losses:[0.5582620996204012, 0.5594771451430663, 0.5604409858974918, 0.5600643249920844, 0.5663283816595391]
epoch 276
avg_train_loss: 0.5609, train_losses:[0.5582409653452808, 0.5594665487235304, 0.560398730375266, 0.5600338344139449, 0.5663168659150902]
epoch 277
avg_train_loss: 0.5609, train_losses:[0.5582113163164187, 0.5594553174586235, 0.5603563339887744, 0.5600207492423529, 0.5663086896640316]
epoch 278
avg_train_loss: 0.5608, train_losses:[0.5581758283520354, 0.5594187277054263, 0.5603182679213738, 0.5600264428636766, 0.5662990321841936]
epoch 279
avg_train_loss: 0.5608, train_losses:[0.5581392241553987, 0.559393966090436, 0.5603120679915141, 0.5599830069028957, 0.5662536878386726]
epoch 280
avg_train_loss: 0.5608, train_losses:[0.5581358213283263, 0.5593514305117124, 0.5602759691095615, 0.5599762214384061, 0.5662188912588211]
avg_val_loss: 0.5793, val_losses:[0.5642282590280225, 0.5836567041064866, 0.5722078525239659, 0.586224864150586, 0.5903621882509833]
epoch 281
avg_train_loss: 0.5608, train_losses:[0.5581220680356502, 0.5593372160961448, 0.5602559301550707, 0.5599520398888047, 0.566202964831754]
epoch 282
avg_train_loss: 0.5607, train_losses:[0.5580958188523046, 0.5593095086976999, 0.5602002672943496, 0.559937806779451, 0.5660935009586464]
epoch 283
avg_train_loss: 0.5607, train_losses:[0.5580594535243317, 0.5592834494358068, 0.560181427678913, 0.5599317064201208, 0.5661638939097163]
epoch 284
avg_train_loss: 0.5607, train_losses:[0.5580222320987581, 0.5592580699768318, 0.5601628095784251, 0.5599019507517531, 0.5661176917281522]
epoch 285
avg_train_loss: 0.5607, train_losses:[0.5579908590177144, 0.5592284928474598, 0.5601408644829946, 0.5598591989226454, 0.5661027073265507]
epoch 286
avg_train_loss: 0.5607, train_losses:[0.5580419822822169, 0.559180546428857, 0.5601122315537597, 0.5598669406978067, 0.5661032311908532]
epoch 287
avg_train_loss: 0.5606, train_losses:[0.557954509949812, 0.5591650547016574, 0.5600741393264635, 0.5598688001562143, 0.5660363437048607]
epoch 288
avg_train_loss: 0.5606, train_losses:[0.5579980915475886, 0.5591304023937015, 0.5600600818295374, 0.5598481682315328, 0.5660465882460537]
epoch 289
avg_train_loss: 0.5606, train_losses:[0.5579091984650465, 0.5591304616765663, 0.5600495407602265, 0.5598337634464647, 0.5660108259968277]
epoch 290
avg_train_loss: 0.5606, train_losses:[0.557913949397377, 0.5590973091747867, 0.5600090845561424, 0.5598116467751123, 0.5659728583920371]
avg_val_loss: 0.5792, val_losses:[0.5640855745831295, 0.5834149476509856, 0.5718703888243659, 0.5859566326347941, 0.5906225569819152]
epoch 291
avg_train_loss: 0.5605, train_losses:[0.5578630925870411, 0.559075085570661, 0.5599713052842893, 0.5598109990198481, 0.5659363757346976]
epoch 292
avg_train_loss: 0.5605, train_losses:[0.5578620057039707, 0.5590536605653168, 0.5599721723101888, 0.5597703730819305, 0.5659309713236373]
epoch 293
avg_train_loss: 0.5605, train_losses:[0.5578743314443257, 0.5590247307472341, 0.5599393347210075, 0.5597454985303231, 0.5659129320068146]
epoch 294
avg_train_loss: 0.5605, train_losses:[0.5578122485888425, 0.5590194191459213, 0.5598936798033498, 0.5597409109053917, 0.5658883982764025]
epoch 295
avg_train_loss: 0.5605, train_losses:[0.5577860925750493, 0.5590096606087969, 0.5599032167460989, 0.5596994366506348, 0.5658659235862853]
epoch 296
avg_train_loss: 0.5604, train_losses:[0.5577698523754604, 0.558971408350962, 0.5598616706162908, 0.559676458343197, 0.5658281268326657]
epoch 297
avg_train_loss: 0.5604, train_losses:[0.5577655734271132, 0.5589522544664872, 0.5598138334277257, 0.5596670269432541, 0.565796227713043]
epoch 298
avg_train_loss: 0.5604, train_losses:[0.5577247543285594, 0.5589245885043392, 0.5598337858885799, 0.559650579221053, 0.5657719997975512]
epoch 299
avg_train_loss: 0.5604, train_losses:[0.5576944957140525, 0.5589174696585076, 0.5598099314221907, 0.559619222830817, 0.5657455648239704]
epoch 300
avg_train_loss: 0.5603, train_losses:[0.5576708618665159, 0.5587875691159812, 0.5597742819609296, 0.5596049992964535, 0.5657330915806348]
avg_val_loss: 0.5789, val_losses:[0.5636792474713859, 0.5834630483793759, 0.5717080038917086, 0.5857841334692259, 0.5899483601436907]
epoch 301
avg_train_loss: 0.5603, train_losses:[0.5576529486148314, 0.5588717703087409, 0.5597638488752684, 0.5595893852317745, 0.5656914383934645]
epoch 302
avg_train_loss: 0.5603, train_losses:[0.5576423270048131, 0.5588729390562972, 0.5597035945364028, 0.559554787267972, 0.5656662658905746]
epoch 303
avg_train_loss: 0.5603, train_losses:[0.5575881935743898, 0.558808579811307, 0.5596906250813622, 0.5595438328010317, 0.5656393048939882]
epoch 304
avg_train_loss: 0.5602, train_losses:[0.5575859717815727, 0.5587799701296554, 0.5596840857367865, 0.5595239484017289, 0.5656060171498779]
epoch 305
avg_train_loss: 0.5602, train_losses:[0.5575515078839253, 0.5587709847768061, 0.559650984575202, 0.5594958045525648, 0.5655986340144985]
epoch 306
avg_train_loss: 0.5602, train_losses:[0.5575272638967936, 0.5587423833779334, 0.5596506127381009, 0.5594867006777723, 0.565535165955008]
epoch 307
avg_train_loss: 0.5602, train_losses:[0.5575267789275636, 0.5587223009933319, 0.5596125725780597, 0.5594593831035206, 0.5655369671687608]
epoch 308
avg_train_loss: 0.5601, train_losses:[0.5575211267730855, 0.5586929954930814, 0.5595793214466516, 0.5594435469628146, 0.5654931758635191]
epoch 309
avg_train_loss: 0.5601, train_losses:[0.5574746182892986, 0.5586915412085853, 0.5595740134765645, 0.5594246272822124, 0.5654648639790197]
epoch 310
avg_train_loss: 0.5601, train_losses:[0.5574838404681199, 0.558658957536372, 0.5595424386618929, 0.5593721601057742, 0.5654213903330545]
avg_val_loss: 0.5789, val_losses:[0.5635429481038048, 0.5831668139628183, 0.5715663348518957, 0.5857857133548117, 0.5904636130005757]
epoch 311
avg_train_loss: 0.5601, train_losses:[0.557464593300044, 0.5586444006043739, 0.559505042807146, 0.5593655440645393, 0.5654132006043568]
epoch 312
avg_train_loss: 0.5601, train_losses:[0.5574466117821316, 0.5586358505138983, 0.5595029834867293, 0.5593551923820782, 0.5653991120604849]
epoch 313
avg_train_loss: 0.5600, train_losses:[0.5573995149562865, 0.5585901227415934, 0.5594866451910963, 0.5593384089323927, 0.5653649278313992]
epoch 314
avg_train_loss: 0.5600, train_losses:[0.5573808913733198, 0.5585766708039893, 0.5594599134742727, 0.5593074584848778, 0.5653396256841303]
epoch 315
avg_train_loss: 0.5600, train_losses:[0.5573735960719159, 0.5585553999923399, 0.5594430984372007, 0.5592916750529501, 0.5653149305071615]
epoch 316
avg_train_loss: 0.5600, train_losses:[0.5573749054291652, 0.5585082858474016, 0.5594027574812542, 0.5592717866751845, 0.5652901853297404]
epoch 317
avg_train_loss: 0.5600, train_losses:[0.5573472544990288, 0.5585224379853108, 0.5593885218037707, 0.5592522362376496, 0.5652745392367506]
epoch 318
avg_train_loss: 0.5599, train_losses:[0.5573286380216967, 0.5585352228272498, 0.5593993033160232, 0.5592272806779391, 0.5652359067065901]
epoch 319
avg_train_loss: 0.5599, train_losses:[0.5573106907672395, 0.5584960464133177, 0.5593588988777798, 0.5591877576143337, 0.5651839970320451]
epoch 320
avg_train_loss: 0.5599, train_losses:[0.5573153680547291, 0.5584669823315316, 0.5593419124867733, 0.5591640993481791, 0.5651927244977676]
avg_val_loss: 0.5785, val_losses:[0.5633144617259902, 0.5829369490616175, 0.5713965577376708, 0.5852547817515662, 0.5897551320692827]
epoch 321
avg_train_loss: 0.5599, train_losses:[0.5572923383347976, 0.5584501557674056, 0.5593312894205988, 0.5591544720229401, 0.5651913371359176]
epoch 322
avg_train_loss: 0.5599, train_losses:[0.5572725469024074, 0.5584415761678754, 0.5592966202497441, 0.5591333625676443, 0.5651085968712924]
epoch 323
avg_train_loss: 0.5598, train_losses:[0.5572677707877407, 0.5584042233308314, 0.5592743814242046, 0.5591153367031593, 0.5651125501532266]
epoch 324
avg_train_loss: 0.5598, train_losses:[0.5572562683947114, 0.5583928379211076, 0.55924994183763, 0.5591010593551718, 0.5650852952634635]
epoch 325
avg_train_loss: 0.5598, train_losses:[0.5572208920513133, 0.5584044221989884, 0.5592442155739703, 0.559058929661127, 0.565062036287985]
epoch 326
avg_train_loss: 0.5598, train_losses:[0.5572247236664655, 0.5583820705040391, 0.5592248585628454, 0.5590370590933957, 0.5650582054493221]
epoch 327
avg_train_loss: 0.5598, train_losses:[0.5572061674638136, 0.558361367843774, 0.5591985671815212, 0.5590144552064633, 0.5650244845675366]
epoch 328
avg_train_loss: 0.5597, train_losses:[0.5572053834897271, 0.558303695048731, 0.5591829619902299, 0.5590415074415771, 0.564986405223384]
epoch 329
avg_train_loss: 0.5597, train_losses:[0.5571924909787903, 0.5583265584990549, 0.5591663386525465, 0.5590444272565749, 0.5649738079157133]
epoch 330
avg_train_loss: 0.5597, train_losses:[0.5571727753622374, 0.5582994091312002, 0.5591569999038458, 0.5589772995227744, 0.5649604611877732]
avg_val_loss: 0.5785, val_losses:[0.5632336173607252, 0.5828258812842969, 0.5712275288136618, 0.5852004046548955, 0.5900315397290209]
epoch 331
avg_train_loss: 0.5597, train_losses:[0.5571643000672716, 0.5582698785081961, 0.5591070037367616, 0.5589395740339964, 0.5649429491362286]
epoch 332
avg_train_loss: 0.5597, train_losses:[0.5571416383434475, 0.558256258585164, 0.5591366023785489, 0.5589356036390203, 0.5649196996305327]
epoch 333
avg_train_loss: 0.5596, train_losses:[0.5571152659998433, 0.5582310575552094, 0.5591032867832114, 0.5588719654876297, 0.5648880531199076]
epoch 334
avg_train_loss: 0.5596, train_losses:[0.5571079992737211, 0.5582036529567915, 0.5590941768730082, 0.55883843988505, 0.5648799448069025]
epoch 335
avg_train_loss: 0.5596, train_losses:[0.5570839245122958, 0.5581963674920785, 0.5590703871678894, 0.558868595271326, 0.5648456875403364]
epoch 336
avg_train_loss: 0.5596, train_losses:[0.5570822255100727, 0.5581768062932444, 0.5590706399158593, 0.5588248151180077, 0.5648399056006084]
epoch 337
avg_train_loss: 0.5596, train_losses:[0.5570775528272949, 0.5581435700400859, 0.5590473155513934, 0.5588274105788132, 0.5647949842387118]
epoch 338
avg_train_loss: 0.5595, train_losses:[0.5570589754645563, 0.5580988270508871, 0.5590235819907665, 0.5587824903469032, 0.5647751802879718]
epoch 339
avg_train_loss: 0.5595, train_losses:[0.5570237801101621, 0.558128031275989, 0.5590034069477948, 0.5587503926713755, 0.5647367612861358]
epoch 340
avg_train_loss: 0.5595, train_losses:[0.5570370416436436, 0.5581002676515888, 0.5589790255484038, 0.5587757418066631, 0.564738708456732]
avg_val_loss: 0.5783, val_losses:[0.5631101267152395, 0.5826615060029076, 0.571019145550258, 0.5849793529973194, 0.5898905228466985]
epoch 341
avg_train_loss: 0.5595, train_losses:[0.5570258693438948, 0.5580462770853548, 0.5589518546813715, 0.5586879586114032, 0.5647300070420761]
epoch 342
avg_train_loss: 0.5595, train_losses:[0.5570133916500851, 0.5580736355704654, 0.5589420931789837, 0.5587065144800556, 0.5646842598173809]
epoch 343
avg_train_loss: 0.5595, train_losses:[0.5569835779676432, 0.5580376176650488, 0.5589161824450143, 0.5586785601877957, 0.56468114056466]
epoch 344
avg_train_loss: 0.5594, train_losses:[0.5569759674603733, 0.5580229203697842, 0.558910918790951, 0.5586771308198618, 0.5646268955154531]
epoch 345
avg_train_loss: 0.5594, train_losses:[0.5569439016054206, 0.5579780963276776, 0.5588963751761625, 0.5586529890946028, 0.5646234474392948]
epoch 346
avg_train_loss: 0.5594, train_losses:[0.5569440960317924, 0.5579875079564827, 0.5588665488282173, 0.5586331113569598, 0.5646118884108114]
epoch 347
avg_train_loss: 0.5594, train_losses:[0.5569403634128537, 0.5579775904122019, 0.5588546012709529, 0.5585816580521281, 0.5645890089597828]
epoch 348
avg_train_loss: 0.5594, train_losses:[0.5569211759431054, 0.5579528153659534, 0.5588440621486144, 0.5585926188742226, 0.5645564109864938]
epoch 349
avg_train_loss: 0.5593, train_losses:[0.5569082489894942, 0.5579156007853319, 0.5588236487074293, 0.5585472851143417, 0.564537625410069]
epoch 350
avg_train_loss: 0.5593, train_losses:[0.5568818422052522, 0.5579194038618608, 0.5587899296672383, 0.5585275126058712, 0.5645034885339697]
avg_val_loss: 0.5782, val_losses:[0.5629935800475274, 0.5826024010286674, 0.5708881377424392, 0.5846762190885649, 0.5899089885057811]
epoch 351
avg_train_loss: 0.5593, train_losses:[0.5568738244243546, 0.5578972476258303, 0.5587780119438632, 0.5585187389699746, 0.5645066523618738]
epoch 352
avg_train_loss: 0.5593, train_losses:[0.5568673064150116, 0.5578746618125445, 0.5587557500275573, 0.5584926286611541, 0.564487155680124]
epoch 353
avg_train_loss: 0.5593, train_losses:[0.5568626092769574, 0.5578569368377726, 0.5587512712864448, 0.5584868943173554, 0.5644596436765981]
epoch 354
avg_train_loss: 0.5593, train_losses:[0.5568109839644484, 0.557842516598102, 0.5587187280994447, 0.5584580020131129, 0.564462575142511]
epoch 355
avg_train_loss: 0.5592, train_losses:[0.5568254388025918, 0.5578112064576244, 0.5587005478294603, 0.5584359537169455, 0.564433194361897]
epoch 356
avg_train_loss: 0.5592, train_losses:[0.5568077084726275, 0.5578198049454343, 0.5587048361644138, 0.5584225086864093, 0.5644388725372453]
epoch 357
avg_train_loss: 0.5592, train_losses:[0.556814772338892, 0.5577702481861863, 0.5586663134077605, 0.5584013758664267, 0.564394242038195]
epoch 358
avg_train_loss: 0.5592, train_losses:[0.5567772087023753, 0.5577747187616233, 0.5586389221438631, 0.5583391105892042, 0.5643930452450289]
epoch 359
avg_train_loss: 0.5592, train_losses:[0.5567724789504973, 0.5577530640990757, 0.5586539557500928, 0.5583848479721394, 0.5643976127431743]
epoch 360
avg_train_loss: 0.5592, train_losses:[0.5567595590821548, 0.5577214248550966, 0.5586348107695542, 0.55833723998662, 0.564337874193636]
avg_val_loss: 0.5782, val_losses:[0.5628171159837584, 0.5824397097067933, 0.5708165871358983, 0.584687979328546, 0.5900023969846583]
epoch 361
avg_train_loss: 0.5591, train_losses:[0.5567621091903162, 0.5576995473701146, 0.558580336867429, 0.5582932820834814, 0.5643040862372782]
epoch 362
avg_train_loss: 0.5591, train_losses:[0.5567675881477531, 0.5576786240808141, 0.5585494890493898, 0.5582806070795, 0.5642949267702545]
epoch 363
avg_train_loss: 0.5591, train_losses:[0.5567359284544543, 0.557660560726928, 0.5585971245145098, 0.5582558535558498, 0.5642995543332965]
epoch 364
avg_train_loss: 0.5591, train_losses:[0.5567313785470211, 0.5576608933822285, 0.5585407791809116, 0.5582337840048947, 0.5642730845068425]
epoch 365
avg_train_loss: 0.5591, train_losses:[0.556712374096749, 0.5576349938596428, 0.5585185358178674, 0.5582314035480853, 0.564216614714473]
epoch 366
avg_train_loss: 0.5591, train_losses:[0.5567154387616035, 0.5576519736511053, 0.5584907079311595, 0.558196785245957, 0.5642423487652908]
epoch 367
avg_train_loss: 0.5590, train_losses:[0.5566977811559449, 0.5576257614918018, 0.5585019929292453, 0.5581878204371282, 0.5642117431976111]
epoch 368
avg_train_loss: 0.5590, train_losses:[0.5566606935195514, 0.5575938731616271, 0.5584743273866333, 0.5581532273224276, 0.5641904320484858]
epoch 369
avg_train_loss: 0.5590, train_losses:[0.5567047870692327, 0.5575610868749642, 0.5584760875575963, 0.5581352374137973, 0.5641542161172476]
epoch 370
avg_train_loss: 0.5590, train_losses:[0.5566841259715326, 0.5575667742959142, 0.5584191016578681, 0.5581227495849375, 0.5641909883707228]
avg_val_loss: 0.5779, val_losses:[0.5627708625228122, 0.5823775229760983, 0.5706809940063776, 0.5842929934321393, 0.5895239380521811]
epoch 371
avg_train_loss: 0.5590, train_losses:[0.5566699221706303, 0.5575295723757046, 0.5583793450013644, 0.5580852769775255, 0.5641225104988867]
epoch 372
avg_train_loss: 0.5590, train_losses:[0.5566677884294349, 0.5575375643561632, 0.5583699186022486, 0.5580401631959923, 0.5641403871228073]
epoch 373
avg_train_loss: 0.5590, train_losses:[0.5566472725339202, 0.557533194643467, 0.5584119161628547, 0.5580592863005854, 0.5641028702837433]
epoch 374
avg_train_loss: 0.5589, train_losses:[0.5566548046490767, 0.5574925939652756, 0.5583631765872172, 0.558033913713038, 0.5640856664135464]
epoch 375
avg_train_loss: 0.5589, train_losses:[0.5566379622627454, 0.55750308416586, 0.55831848093633, 0.5580098977619906, 0.5640495507561054]
epoch 376
avg_train_loss: 0.5589, train_losses:[0.5566248990393974, 0.5574718480816129, 0.558346207778023, 0.5579940397229369, 0.5640615946130216]
epoch 377
avg_train_loss: 0.5589, train_losses:[0.5566132686003494, 0.5574893662771252, 0.5582923957304189, 0.557970652505478, 0.5640575485272178]
epoch 378
avg_train_loss: 0.5589, train_losses:[0.5566164713536084, 0.5574160766690357, 0.5582865667822958, 0.5579141150580467, 0.5640375362656979]
epoch 379
avg_train_loss: 0.5588, train_losses:[0.5565743376067653, 0.5574513668864003, 0.5582572819574255, 0.5579389731275961, 0.5640251072717035]
epoch 380
avg_train_loss: 0.5588, train_losses:[0.5566114876827258, 0.5573951580689652, 0.5582808688291622, 0.557916229986316, 0.564014848841496]
avg_val_loss: 0.5778, val_losses:[0.5627208760857696, 0.5822463683601741, 0.5705017896970634, 0.5841389585668734, 0.5894394436287971]
epoch 381
avg_train_loss: 0.5588, train_losses:[0.5565729819580078, 0.557425112549484, 0.5582216930722589, 0.5578793201679682, 0.5639860554562252]
epoch 382
avg_train_loss: 0.5588, train_losses:[0.5565626995671935, 0.5574024100115388, 0.5582421052303973, 0.5578348770899048, 0.563980353514777]
epoch 383
avg_train_loss: 0.5588, train_losses:[0.5565903636780883, 0.5573779129699317, 0.5582312630829896, 0.5578341539251013, 0.5639490665748534]
epoch 384
avg_train_loss: 0.5588, train_losses:[0.556545159541559, 0.5573615466499123, 0.5581976822595078, 0.5578609191182412, 0.5639384104137751]
epoch 385
avg_train_loss: 0.5588, train_losses:[0.5565419631139237, 0.5573371281501075, 0.5581774746414073, 0.5578124255830909, 0.5639289472335118]
epoch 386
avg_train_loss: 0.5587, train_losses:[0.5565302881348279, 0.5573438861227771, 0.5581640990450787, 0.5577890021022531, 0.5639014208888655]
epoch 387
avg_train_loss: 0.5587, train_losses:[0.5565296904285658, 0.557327853101618, 0.5581290678677041, 0.5577946614886339, 0.5638890049977919]
epoch 388
avg_train_loss: 0.5587, train_losses:[0.5565124786836536, 0.5572877060109649, 0.5581207184742362, 0.5577643788414414, 0.5638669712126084]
epoch 389
avg_train_loss: 0.5587, train_losses:[0.5565080782898498, 0.5572908623464474, 0.5581142021532196, 0.5577301751487088, 0.5638761790468017]
epoch 390
avg_train_loss: 0.5587, train_losses:[0.5565067181056241, 0.5572691054077711, 0.5581085345838525, 0.5576955978989817, 0.5638428971189707]
avg_val_loss: 0.5777, val_losses:[0.5626038791981163, 0.5821078552791814, 0.5703248121348401, 0.5840397639582192, 0.5892574746892907]
epoch 391
avg_train_loss: 0.5587, train_losses:[0.5564883550401877, 0.5572860095778899, 0.5580755996908574, 0.557705751550321, 0.5638444865395076]
epoch 392
avg_train_loss: 0.5587, train_losses:[0.5564840247068407, 0.5572482104004844, 0.5580641008638833, 0.5576865085185432, 0.5638215363237462]
epoch 393
avg_train_loss: 0.5586, train_losses:[0.5564807532515252, 0.5572148465860137, 0.5580307983006338, 0.5576620624311989, 0.5638011721040083]
epoch 394
avg_train_loss: 0.5586, train_losses:[0.5564694836724015, 0.5572342323445115, 0.5580185868288206, 0.5576125214147296, 0.5637727396416831]
epoch 395
avg_train_loss: 0.5586, train_losses:[0.5564955881117927, 0.5571840632084832, 0.5580083081099636, 0.5576352348748639, 0.563768134745024]
epoch 396
avg_train_loss: 0.5586, train_losses:[0.5564300335927661, 0.5571465704877877, 0.5579822722565436, 0.5575840418299347, 0.5637627636309415]
epoch 397
avg_train_loss: 0.5586, train_losses:[0.5564496407816945, 0.557178092803449, 0.5579663105941622, 0.5575718369576653, 0.5637466656154861]
epoch 398
avg_train_loss: 0.5586, train_losses:[0.5564436785657564, 0.5571109310454917, 0.5579512778840287, 0.557589805731666, 0.5637100722126024]
epoch 399
avg_train_loss: 0.5585, train_losses:[0.5564241065628549, 0.5571383862977767, 0.5579234210554542, 0.5575428365618342, 0.5637032349969546]
epoch 400
avg_train_loss: 0.5585, train_losses:[0.5564176104162194, 0.5571228233309395, 0.5578923046550203, 0.557537424595725, 0.5636596247824681]
avg_val_loss: 0.5777, val_losses:[0.5626013743000896, 0.5820527624135723, 0.5702837676775168, 0.5840217833214646, 0.5893243570807464]
epoch 401
avg_train_loss: 0.5585, train_losses:[0.556404026514213, 0.5571156439578916, 0.5579227929043282, 0.5575217673453251, 0.5637023965851667]
epoch 402
avg_train_loss: 0.5585, train_losses:[0.5563971436002939, 0.5570942400708842, 0.5579053513861274, 0.5575024980314568, 0.5636754045521315]
epoch 403
avg_train_loss: 0.5585, train_losses:[0.5563783367168029, 0.5571011649577395, 0.5578831826353007, 0.557489613729982, 0.563666246119656]
epoch 404
avg_train_loss: 0.5585, train_losses:[0.5563811234920829, 0.5570684601435204, 0.55788562794299, 0.5574578250293978, 0.5636578264401978]
epoch 405
avg_train_loss: 0.5585, train_losses:[0.5563840141961779, 0.5570553949059928, 0.5578541295266182, 0.5574670139223232, 0.5636238002078169]
epoch 406
avg_train_loss: 0.5585, train_losses:[0.5563519861361137, 0.5570648890774654, 0.5578401850477723, 0.5574364139074329, 0.563635776354769]
epoch 407
avg_train_loss: 0.5584, train_losses:[0.5563730329685502, 0.5570278732988121, 0.5578198261075575, 0.5574184886999939, 0.5635944724091093]
epoch 408
avg_train_loss: 0.5584, train_losses:[0.5563537800410205, 0.5570163353114214, 0.5578019956490403, 0.557377870711874, 0.5636108561228155]
epoch 409
avg_train_loss: 0.5584, train_losses:[0.5563190066806684, 0.5570338154493262, 0.5577887941988001, 0.5573865913151758, 0.5635882984529643]
epoch 410
avg_train_loss: 0.5584, train_losses:[0.5563210729519393, 0.5569809127722342, 0.5577787775025075, 0.5573822694244793, 0.5635578244073283]
avg_val_loss: 0.5775, val_losses:[0.5625352287766581, 0.5819001819032682, 0.5702801021099807, 0.5839022459416209, 0.5890623352089627]
epoch 411
avg_train_loss: 0.5584, train_losses:[0.5563279543934095, 0.557010741102792, 0.5577682633058958, 0.5573444807018675, 0.5635352468000209]
epoch 412
avg_train_loss: 0.5584, train_losses:[0.5563031354466, 0.5569783526939857, 0.5577639055825576, 0.5573402660820169, 0.5635667208424843]
epoch 413
avg_train_loss: 0.5584, train_losses:[0.5562985258062174, 0.5569464829354022, 0.5577368250725581, 0.5573152403742768, 0.5635227224605892]
epoch 414
avg_train_loss: 0.5584, train_losses:[0.5562759376111491, 0.5569494281190833, 0.5577009672404484, 0.557296459890998, 0.5635281749129768]
epoch 415
avg_train_loss: 0.5583, train_losses:[0.5562538212921254, 0.5569347884723265, 0.5577343557107989, 0.5572841966971305, 0.5635012263065319]
epoch 416
avg_train_loss: 0.5583, train_losses:[0.556281429026358, 0.5569412455206612, 0.5577147508069156, 0.5572568355614085, 0.5634965236124745]
epoch 417
avg_train_loss: 0.5583, train_losses:[0.5562562282713419, 0.5569168257001329, 0.5576986917918424, 0.5572629276094476, 0.5634847145084151]
epoch 418
avg_train_loss: 0.5583, train_losses:[0.5562531856972922, 0.55690667902816, 0.5576473317665386, 0.5572478319791139, 0.5634705849288183]
epoch 419
avg_train_loss: 0.5583, train_losses:[0.5562649201160696, 0.5568776919413921, 0.55763915136457, 0.5572430160034463, 0.5634488096870294]
epoch 420
avg_train_loss: 0.5583, train_losses:[0.5562346913232327, 0.5568893027651007, 0.5576278690873576, 0.5572201941380899, 0.5634405784908664]
avg_val_loss: 0.5774, val_losses:[0.5624992495899858, 0.5817997838298333, 0.5700731980469899, 0.5837309657264736, 0.5890089210393716]
epoch 421
avg_train_loss: 0.5583, train_losses:[0.5562200157358954, 0.5568839318289903, 0.5576447424032595, 0.557176293613612, 0.5634245041111738]
epoch 422
avg_train_loss: 0.5583, train_losses:[0.5562071316380787, 0.5568778673430334, 0.5576060684711259, 0.5571719940061771, 0.5634209535495659]
epoch 423
avg_train_loss: 0.5582, train_losses:[0.5562114874062981, 0.5568564544594251, 0.557584325213189, 0.5571496482733215, 0.5633821284467933]
epoch 424
avg_train_loss: 0.5582, train_losses:[0.5562068956674712, 0.5568485655748193, 0.5575841003399167, 0.5571574048361047, 0.5633818077531134]
epoch 425
avg_train_loss: 0.5582, train_losses:[0.556194114916007, 0.5568302525135802, 0.5575844693665347, 0.5571334924360862, 0.5633623511743656]
epoch 426
avg_train_loss: 0.5582, train_losses:[0.5561842358519244, 0.556823329562496, 0.5575548883391448, 0.5571044826740146, 0.5633490938493197]
epoch 427
avg_train_loss: 0.5582, train_losses:[0.5561598364206367, 0.5567930999041116, 0.5575384780218267, 0.5571213610620238, 0.5633312299250904]
epoch 428
avg_train_loss: 0.5582, train_losses:[0.5561543442030146, 0.5568200899908897, 0.5575171369908672, 0.5570901388550463, 0.5633336583276386]
epoch 429
avg_train_loss: 0.5582, train_losses:[0.5561629960513088, 0.5567947545556892, 0.5575157493514799, 0.5570621922305176, 0.5632995148002897]
epoch 430
avg_train_loss: 0.5582, train_losses:[0.556150622681411, 0.5567930095837375, 0.5575156601512258, 0.557048873107589, 0.5632798413655561]
avg_val_loss: 0.5774, val_losses:[0.562482303379337, 0.5818048837456332, 0.5698999072809078, 0.5837325542713101, 0.5889326022126232]
epoch 431
avg_train_loss: 0.5581, train_losses:[0.5561547123824144, 0.5567288062951039, 0.5574878857655264, 0.5570271664287011, 0.5632659935578144]
epoch 432
avg_train_loss: 0.5581, train_losses:[0.5561141705767166, 0.5567647502359362, 0.5574751014622633, 0.5570445883763673, 0.5632348547375102]
epoch 433
avg_train_loss: 0.5581, train_losses:[0.5561389269475083, 0.556720389502992, 0.5574596005174938, 0.5569860043096628, 0.5632540065440321]
epoch 434
avg_train_loss: 0.5581, train_losses:[0.5561303398156796, 0.5567182801386645, 0.5574519711290722, 0.5569539279123438, 0.5632274972214568]
epoch 435
avg_train_loss: 0.5581, train_losses:[0.5561056887972736, 0.5567165122480376, 0.5574373355687172, 0.5569901347667449, 0.5631935469835724]
epoch 436
avg_train_loss: 0.5581, train_losses:[0.5560958837670192, 0.5567196030065987, 0.5574444344356795, 0.5569371979707949, 0.5631711826113317]
epoch 437
avg_train_loss: 0.5581, train_losses:[0.5560865643414084, 0.5566706573981087, 0.5574063643908344, 0.5569045380051658, 0.563196606395413]
epoch 438
avg_train_loss: 0.5581, train_losses:[0.5561035276925629, 0.5566463806495011, 0.5574041486975801, 0.5569447819638041, 0.5631809330131572]
epoch 439
avg_train_loss: 0.5580, train_losses:[0.556077872743107, 0.5566478622547444, 0.5573858170423476, 0.5568947845320025, 0.5631643294009157]
epoch 440
avg_train_loss: 0.5580, train_losses:[0.5560716083187691, 0.556629597498175, 0.5573652887094268, 0.5568775898770679, 0.5631496764131952]
avg_val_loss: 0.5774, val_losses:[0.5623883175095591, 0.581662292255312, 0.5699035006581523, 0.5837770900440229, 0.5890795143984132]
epoch 441
avg_train_loss: 0.5580, train_losses:[0.5560782660865139, 0.5566297585602424, 0.5573849241844423, 0.5568765989954171, 0.5631363005223977]
epoch 442
avg_train_loss: 0.5580, train_losses:[0.5560318860275498, 0.5565706586018655, 0.5573786427627911, 0.5568604920045823, 0.5631421910611857]
epoch 443
avg_train_loss: 0.5580, train_losses:[0.5560521452587475, 0.5566082199706481, 0.5573328414393282, 0.5568173071003899, 0.5631008203016273]
epoch 444
avg_train_loss: 0.5580, train_losses:[0.5560453193059898, 0.5565651636613334, 0.5573599328654072, 0.5568260772017984, 0.5630915878663644]
epoch 445
avg_train_loss: 0.5580, train_losses:[0.5560124191693028, 0.5565456209903038, 0.5573042909081635, 0.5568120136735347, 0.5630793004466387]
epoch 446
avg_train_loss: 0.5580, train_losses:[0.5559981514543482, 0.5565530603819193, 0.5573672274397513, 0.5568111022847699, 0.5630587022642107]
epoch 447
avg_train_loss: 0.5579, train_losses:[0.5560095202211239, 0.5565171539559454, 0.557317065841113, 0.5567857256994121, 0.5630371718967452]
epoch 448
avg_train_loss: 0.5579, train_losses:[0.5559779783644585, 0.5565095190850452, 0.5573338873972837, 0.5567604943447518, 0.5630379311452232]
epoch 449
avg_train_loss: 0.5579, train_losses:[0.5559661874712628, 0.5565084131375309, 0.5572902130107956, 0.5567572539014886, 0.5630203652360717]
epoch 450
avg_train_loss: 0.5579, train_losses:[0.5559953126240327, 0.5564992224768521, 0.5572937252247228, 0.5567344958789039, 0.5629992662182235]
avg_val_loss: 0.5773, val_losses:[0.5623332773040874, 0.5816102686256793, 0.5698749718891559, 0.5836467744304751, 0.5888237862263695]
epoch 451
avg_train_loss: 0.5579, train_losses:[0.5559910567440496, 0.5564735529149206, 0.5572818341703888, 0.5567140934118409, 0.5629825237484207]
epoch 452
avg_train_loss: 0.5579, train_losses:[0.5559576858494016, 0.5564749740835754, 0.5572711313292615, 0.5566830830409562, 0.5629633572545716]
epoch 453
avg_train_loss: 0.5579, train_losses:[0.5559488395706624, 0.5564635378764057, 0.5572650907252832, 0.5567054743932481, 0.5629881736814153]
epoch 454
avg_train_loss: 0.5578, train_losses:[0.5559267002382623, 0.5564576429817215, 0.5572444182736387, 0.5566732460913523, 0.5629462303197399]
epoch 455
avg_train_loss: 0.5578, train_losses:[0.5559321409283238, 0.5564324685261068, 0.5572228309934424, 0.5566440419690978, 0.5629529627446058]
epoch 456
avg_train_loss: 0.5578, train_losses:[0.5559313545042293, 0.5564360337909581, 0.5572408999092339, 0.5566176536973859, 0.5629115255988164]
epoch 457
avg_train_loss: 0.5578, train_losses:[0.5559253005586022, 0.5564111679498118, 0.5572047913514803, 0.5566294588252714, 0.5629300092459866]
epoch 458
avg_train_loss: 0.5578, train_losses:[0.5559133502967569, 0.5563414098481907, 0.5572185055682578, 0.55659278432277, 0.5629110908930266]
epoch 459
avg_train_loss: 0.5578, train_losses:[0.5559023096498135, 0.5564034726565792, 0.5572302451782828, 0.5565945574494492, 0.5628958332525571]
epoch 460
avg_train_loss: 0.5578, train_losses:[0.5559051435780761, 0.5563877123480032, 0.5571964540838213, 0.5565981702562701, 0.5628842008607512]
avg_val_loss: 0.5773, val_losses:[0.562305210204305, 0.5815226953342767, 0.5697358121828937, 0.5837814582653574, 0.5889210406224411]
epoch 461
avg_train_loss: 0.5578, train_losses:[0.5558779624527803, 0.5563604131060441, 0.5571931801784978, 0.556561494536911, 0.5628669483790033]
epoch 462
avg_train_loss: 0.5578, train_losses:[0.5558699646935202, 0.5563323527954361, 0.5571870397962585, 0.5565738055955465, 0.562866201744683]
epoch 463
avg_train_loss: 0.5577, train_losses:[0.555886640485409, 0.5563478921582882, 0.5571855102111803, 0.5564468494638183, 0.5628593605782012]
epoch 464
avg_train_loss: 0.5578, train_losses:[0.5558933828059278, 0.5563175841587048, 0.5571895206463766, 0.5565855086754005, 0.5628348212758912]
epoch 465
avg_train_loss: 0.5577, train_losses:[0.5558679774599593, 0.5563164457847322, 0.5571460922830647, 0.5565322016777248, 0.5628416471237268]
epoch 466
avg_train_loss: 0.5577, train_losses:[0.5558641297334072, 0.5563081785154143, 0.5571546491553583, 0.5565204406896987, 0.5628321177323724]
epoch 467
avg_train_loss: 0.5577, train_losses:[0.555847774629863, 0.5562991539532703, 0.5571565379385098, 0.5564981787947769, 0.5627898345012164]
epoch 468
avg_train_loss: 0.5577, train_losses:[0.5558529989880769, 0.556276676531969, 0.5571486430857006, 0.55648195943044, 0.562814869759463]
epoch 469
avg_train_loss: 0.5577, train_losses:[0.5558436038952993, 0.5562554579301352, 0.557138246511881, 0.5564713931512991, 0.5627610207223104]
epoch 470
avg_train_loss: 0.5577, train_losses:[0.5558232482523108, 0.5562547779673453, 0.5571237271751863, 0.5564537199240386, 0.5627756567825397]
avg_val_loss: 0.5772, val_losses:[0.5622212232886172, 0.5813817667377863, 0.5696400685992676, 0.5836243555163594, 0.589351968500639]
epoch 471
avg_train_loss: 0.5577, train_losses:[0.5558379613677442, 0.5562306225786579, 0.5571244766699399, 0.556424035200004, 0.5627538259154512]
epoch 472
avg_train_loss: 0.5577, train_losses:[0.5558131499685074, 0.556253372628024, 0.5571247496880103, 0.5564666930479816, 0.5627513541351891]
epoch 473
avg_train_loss: 0.5577, train_losses:[0.5558248517653147, 0.5562139766868474, 0.5570979782232162, 0.5564211608079125, 0.5627323930032497]
epoch 474
avg_train_loss: 0.5576, train_losses:[0.555807965260508, 0.5562175891413396, 0.5570555222972504, 0.5563913046423704, 0.5627364301976405]
epoch 475
avg_train_loss: 0.5576, train_losses:[0.555805206421023, 0.5561989017787351, 0.5570614710574913, 0.5563838791779208, 0.562719760048466]
epoch 476
avg_train_loss: 0.5576, train_losses:[0.5557913590586254, 0.5561680187726324, 0.5570012138287158, 0.5563421766946227, 0.5627256197870405]
epoch 477
avg_train_loss: 0.5576, train_losses:[0.5558053409617018, 0.5562061884267022, 0.5570519282168008, 0.5563756725539409, 0.5627122046974524]
epoch 478
avg_train_loss: 0.5576, train_losses:[0.5557777914492747, 0.5561923402954949, 0.5570609413995429, 0.5563539388699759, 0.5627142725599191]
epoch 479
avg_train_loss: 0.5576, train_losses:[0.5557240972321943, 0.556171591562654, 0.5570258517967045, 0.5563452561246964, 0.562674000840932]
epoch 480
avg_train_loss: 0.5576, train_losses:[0.5558480767567996, 0.5561420393366066, 0.5570346065066447, 0.5563193803547665, 0.5626627402755591]
avg_val_loss: 0.5771, val_losses:[0.5621932329857172, 0.5812343227027527, 0.5696162087711721, 0.5834067031889808, 0.588904813559346]
epoch 481
avg_train_loss: 0.5576, train_losses:[0.5557923897951673, 0.556145443199281, 0.5570036866302619, 0.5563111127534855, 0.562639704505912]
epoch 482
avg_train_loss: 0.5576, train_losses:[0.5557656079051101, 0.5561333008582247, 0.5570087454693486, 0.5563126677775092, 0.5626479029671748]
epoch 483
avg_train_loss: 0.5576, train_losses:[0.5557370320184998, 0.5561208041050626, 0.5570136393982463, 0.5563036033706572, 0.5625841038725945]
epoch 484
avg_train_loss: 0.5576, train_losses:[0.5557585196711423, 0.556106264034945, 0.5569996339991237, 0.5562925510877026, 0.5626307977171271]
epoch 485
avg_train_loss: 0.5575, train_losses:[0.5557029770909528, 0.5560945679100185, 0.5569904873367622, 0.5562788859087642, 0.5626143252481377]
epoch 486
avg_train_loss: 0.5575, train_losses:[0.5557956927910278, 0.5560940332563346, 0.5569874005383347, 0.5562573869632746, 0.5625899423540527]
epoch 487
avg_train_loss: 0.5575, train_losses:[0.5557161197348883, 0.5560705382038964, 0.5569859426572349, 0.5562257161288542, 0.5626023721341408]
epoch 488
avg_train_loss: 0.5575, train_losses:[0.5557171821199142, 0.5560576939874463, 0.5569654302890803, 0.5562633750438039, 0.5625858789416013]
epoch 489
avg_train_loss: 0.5575, train_losses:[0.5557122501048969, 0.556055709440137, 0.5569360180373121, 0.5562408522077428, 0.5625518856192606]
no_improve_num: 1
epoch 490
avg_train_loss: 0.5575, train_losses:[0.555711659121392, 0.5560615993360307, 0.5569518097408176, 0.5562279977605231, 0.5625677786678894]
avg_val_loss: 0.5771, val_losses:[0.562121907743711, 0.5812618667528378, 0.5695615142229494, 0.5835536336481726, 0.5891215930127133]
epoch 491
avg_train_loss: 0.5575, train_losses:[0.5557177450128439, 0.5560448562045587, 0.5569590159580526, 0.5561989742830902, 0.5625568271554916]
epoch 492
avg_train_loss: 0.5575, train_losses:[0.5557144546763769, 0.5560347093055069, 0.5569354527432523, 0.5561996424092656, 0.5625288342540017]
epoch 493
avg_train_loss: 0.5575, train_losses:[0.5557051199417793, 0.5560330396331191, 0.5569350029559759, 0.5561790726970721, 0.562545731258438]
epoch 494
avg_train_loss: 0.5575, train_losses:[0.5557044947131484, 0.5559850777731516, 0.5569121680065985, 0.5561637668955512, 0.5625437203409308]
epoch 495
avg_train_loss: 0.5575, train_losses:[0.5556927174222838, 0.5560376234099289, 0.5569080330955117, 0.5561323952207674, 0.5625110839427259]
epoch 496
avg_train_loss: 0.5574, train_losses:[0.5556781647650713, 0.5559884406078639, 0.5569037991108214, 0.5561499740239411, 0.562507948267569]
epoch 497
avg_train_loss: 0.5574, train_losses:[0.5556891466912465, 0.5559870278421463, 0.5568692864777673, 0.556098935317304, 0.5625207953127548]
epoch 498
avg_train_loss: 0.5574, train_losses:[0.5556847033031606, 0.5559725877682039, 0.5568944433220394, 0.5561417316223073, 0.5625107758469117]
epoch 499
avg_train_loss: 0.5574, train_losses:[0.5556820344256114, 0.5559701052419789, 0.5568646504168068, 0.5560974372503685, 0.5624619261055546]
no_improve_num: 2
epoch 500
avg_train_loss: 0.5574, train_losses:[0.5556797850961692, 0.5559648618447783, 0.5568689972810899, 0.5561092623265745, 0.5624620904480317]
avg_val_loss: 0.5771, val_losses:[0.5620303282943664, 0.5812143413066148, 0.5695145892546251, 0.5835431421635596, 0.5893612837387343]
epoch 501
avg_train_loss: 0.5574, train_losses:[0.5556722197052998, 0.5559531413552034, 0.556838688212301, 0.5561299858628231, 0.5624823813411045]
epoch 502
avg_train_loss: 0.5574, train_losses:[0.5556719757024129, 0.5559263847228358, 0.5568292797167773, 0.5560978197510129, 0.5624551433503212]
epoch 503
avg_train_loss: 0.5574, train_losses:[0.555667183745175, 0.5559381303479056, 0.5568500026247404, 0.5560519812802945, 0.5624262497849326]
epoch 504
avg_train_loss: 0.5574, train_losses:[0.5556504420189445, 0.5559126607661049, 0.5568564268637393, 0.5560725065216839, 0.562452692261025]
epoch 505
avg_train_loss: 0.5574, train_losses:[0.555674625882103, 0.5558948987031385, 0.5568155242693975, 0.5560739982701237, 0.5624390823423692]
epoch 506
avg_train_loss: 0.5574, train_losses:[0.5556522525769823, 0.5558894559041964, 0.5568207050121718, 0.5560433945730932, 0.5624287550047282]
epoch 507
avg_train_loss: 0.5574, train_losses:[0.5556357004320951, 0.5558565762229387, 0.556807365133418, 0.556051894681774, 0.5624151310096986]
epoch 508
avg_train_loss: 0.5573, train_losses:[0.5556418857128207, 0.5558414922377807, 0.556795400980047, 0.5560173440674843, 0.5623981618027519]
epoch 509
avg_train_loss: 0.5573, train_losses:[0.5556499681735253, 0.5558241576737374, 0.5567930745395014, 0.5560302636048822, 0.5624119228061893]
no_improve_num: 3
epoch 510
avg_train_loss: 0.5573, train_losses:[0.5556415806593158, 0.5557973388400831, 0.5567867868757266, 0.5559710506416627, 0.5624052058914019]
avg_val_loss: 0.5771, val_losses:[0.5620474071634326, 0.5811190285023826, 0.5694839843589946, 0.5836901762975245, 0.5890481108488966]
batch_size:32, weight_decay:0.01, learning_rate:0.0001, model_name:noisyFCN, init_noiselevel:0.05
fold 0
model_name noisyFCN
using Adam as optimizer
fold 1
model_name noisyFCN
using Adam as optimizer
fold 2
model_name noisyFCN
using Adam as optimizer
fold 3
model_name noisyFCN
using Adam as optimizer
fold 4
model_name noisyFCN
using Adam as optimizer
epoch 0
avg_train_loss: 0.7941, train_losses:[0.8099629203320999, 0.7787868428589538, 0.7897464634861632, 0.8017283937800476, 0.7903744940209033]
avg_val_loss: 0.7168, val_losses:[0.7187835210999195, 0.7168062311941211, 0.7242389989547656, 0.7301404307542545, 0.694247378750275]
epoch 1
avg_train_loss: 0.6941, train_losses:[0.6995131943485484, 0.6873019278980187, 0.6891654702980623, 0.7065878364737352, 0.6881705645786962]
epoch 2
avg_train_loss: 0.6681, train_losses:[0.6688553697549596, 0.6637101187616221, 0.6631652100686515, 0.6760620584627869, 0.6686232569635737]
epoch 3
avg_train_loss: 0.6555, train_losses:[0.6541226372674169, 0.6520348419439936, 0.6509237665096623, 0.6616864879126347, 0.6587059161319944]
epoch 4
avg_train_loss: 0.6476, train_losses:[0.645328916910956, 0.6448613166580985, 0.6433570371028662, 0.6522217548964359, 0.6520956700268837]
epoch 5
avg_train_loss: 0.6420, train_losses:[0.6395735099749272, 0.6395270565338413, 0.6379610196035479, 0.6454530970022277, 0.6472601635226041]
epoch 6
avg_train_loss: 0.6374, train_losses:[0.6348002290979874, 0.6350867560609834, 0.6335448891186155, 0.6401219452926792, 0.6432761186513644]
epoch 7
avg_train_loss: 0.6336, train_losses:[0.6308340432398115, 0.6313237498609533, 0.6298469815161506, 0.6361001168499925, 0.6398155390523864]
epoch 8
avg_train_loss: 0.6304, train_losses:[0.6275566854352942, 0.6281580075203597, 0.6266880280197544, 0.6325343400754181, 0.6368182675302786]
epoch 9
avg_train_loss: 0.6274, train_losses:[0.6246586883789442, 0.6253010575782818, 0.623904779069216, 0.6292804226512957, 0.6340133867311692]
epoch 10
avg_train_loss: 0.6248, train_losses:[0.6221377578265406, 0.6226846597406231, 0.6214187787489647, 0.6263358039993956, 0.6314265382889436]
avg_val_loss: 0.6281, val_losses:[0.618649761252705, 0.6400946825355784, 0.6346746916260666, 0.6255222203237235, 0.621476420862809]
epoch 11
avg_train_loss: 0.6224, train_losses:[0.6197710245329392, 0.6203096052500313, 0.6191421100389205, 0.6236216554852062, 0.6289314587935408]
epoch 12
avg_train_loss: 0.6201, train_losses:[0.6175565974727116, 0.6181427765565465, 0.6170531011855398, 0.6211991534581511, 0.6267602606941902]
epoch 13
avg_train_loss: 0.6180, train_losses:[0.6154848925195777, 0.6161005055407055, 0.6150626198160444, 0.6188882868830538, 0.6245609950510974]
epoch 14
avg_train_loss: 0.6160, train_losses:[0.613571934669545, 0.614131214368835, 0.6131527206840467, 0.6166955690250393, 0.6224814325803223]
epoch 15
avg_train_loss: 0.6141, train_losses:[0.6117993859519402, 0.6123412566124389, 0.6113488512968355, 0.6146669910149746, 0.620521948900284]
epoch 16
avg_train_loss: 0.6123, train_losses:[0.6100540179543513, 0.610528955362409, 0.6094862001743095, 0.612686017825581, 0.6186596598148802]
epoch 17
avg_train_loss: 0.6105, train_losses:[0.6084230666740276, 0.6087577282011796, 0.6076585463058123, 0.6107084180275222, 0.6168923811645672]
epoch 18
avg_train_loss: 0.6088, train_losses:[0.6068197009943636, 0.6071014229395215, 0.6059395640912322, 0.6087982145660246, 0.615095614242443]
epoch 19
avg_train_loss: 0.6071, train_losses:[0.605233058984594, 0.6054724839997413, 0.6043025884975493, 0.6068928897376755, 0.613405038261407]
epoch 20
avg_train_loss: 0.6055, train_losses:[0.603668602462282, 0.6038559530680452, 0.6028339803945901, 0.605189890028875, 0.6118220189066716]
avg_val_loss: 0.6123, val_losses:[0.6030771806744485, 0.6230000488025269, 0.6168770490732776, 0.6107062798991821, 0.6077116635114264]
epoch 21
avg_train_loss: 0.6040, train_losses:[0.6021557471128728, 0.6023017919014283, 0.6014668997340881, 0.6035834220747971, 0.6103091220052839]
epoch 22
avg_train_loss: 0.6024, train_losses:[0.6004079483182412, 0.6008034300607812, 0.6001878529099717, 0.6019586276445146, 0.6088721922459914]
epoch 23
avg_train_loss: 0.6010, train_losses:[0.5988683939961735, 0.5994158880159177, 0.5989577576126526, 0.6004420920173418, 0.6075128851097203]
epoch 24
avg_train_loss: 0.5997, train_losses:[0.5974705115545679, 0.5980175272056442, 0.5977319099410499, 0.5989111070905103, 0.6062234728220987]
epoch 25
avg_train_loss: 0.5984, train_losses:[0.5961173710635042, 0.5966692860343106, 0.596471463782243, 0.5975305899266408, 0.6049858206108943]
epoch 26
avg_train_loss: 0.5971, train_losses:[0.5948601286701376, 0.5953729063456786, 0.5952709792036425, 0.596247306972295, 0.6038483381556474]
epoch 27
avg_train_loss: 0.5959, train_losses:[0.5936965035105907, 0.5941195112063773, 0.5941160223988867, 0.5950307236163948, 0.6027402967373432]
epoch 28
avg_train_loss: 0.5948, train_losses:[0.5926225109368681, 0.5929882167511229, 0.5930033471825695, 0.5938477301314917, 0.6017325187871507]
epoch 29
avg_train_loss: 0.5938, train_losses:[0.591584850720893, 0.5919056562403568, 0.5919253563279722, 0.5927658965491326, 0.6007534632660643]
epoch 30
avg_train_loss: 0.5928, train_losses:[0.5906075349869749, 0.5909037419931529, 0.5908871598514497, 0.5917162304257827, 0.5997964347567212]
avg_val_loss: 0.6031, val_losses:[0.5923666832175626, 0.6119099826585959, 0.6049362103991517, 0.6036229259706805, 0.6026837369371073]
epoch 31
avg_train_loss: 0.5918, train_losses:[0.589678209859379, 0.5899479553522474, 0.5898403682861728, 0.5907010012499907, 0.5988144308218657]
epoch 32
avg_train_loss: 0.5909, train_losses:[0.5887843413796452, 0.5890637244509246, 0.5888664245495493, 0.5897542163472549, 0.5978847876571967]
epoch 33
avg_train_loss: 0.5900, train_losses:[0.5879785763629619, 0.5882125161337438, 0.5879208863557462, 0.5888748679933914, 0.5970311807090506]
epoch 34
avg_train_loss: 0.5892, train_losses:[0.5872564809361541, 0.587466291387516, 0.587063280631534, 0.5880806230228298, 0.5961704518408238]
epoch 35
avg_train_loss: 0.5884, train_losses:[0.586520430947383, 0.5867049463479468, 0.5862099748793048, 0.5873228795736062, 0.5953761370427723]
epoch 36
avg_train_loss: 0.5877, train_losses:[0.5857835026093167, 0.5859234183634676, 0.5853783724354203, 0.5866132252625773, 0.5945602489557197]
epoch 37
avg_train_loss: 0.5869, train_losses:[0.5850748158203434, 0.5851985849741766, 0.5846274325966317, 0.5859924135889734, 0.5938434887326642]
epoch 38
avg_train_loss: 0.5863, train_losses:[0.584353316666044, 0.5845128594983828, 0.5839195913985328, 0.5854017686046754, 0.5931576225451959]
epoch 39
avg_train_loss: 0.5856, train_losses:[0.583767632671215, 0.5838483957755218, 0.5832684027279845, 0.5847843478553405, 0.5924964557828613]
epoch 40
avg_train_loss: 0.5850, train_losses:[0.583193181047157, 0.5831510008499523, 0.58260475071542, 0.5842513508594989, 0.5918123606361781]
avg_val_loss: 0.5978, val_losses:[0.5864987257963259, 0.6052208690104368, 0.5961157093938296, 0.6007507386812995, 0.6003429387976655]
epoch 41
avg_train_loss: 0.5844, train_losses:[0.5826351721872414, 0.5824622499420192, 0.5819692282419762, 0.5836804291126436, 0.5912830866196124]
epoch 42
avg_train_loss: 0.5838, train_losses:[0.5821400685057339, 0.5817882052455068, 0.5813875858644502, 0.583145926062392, 0.5906982961591515]
epoch 43
avg_train_loss: 0.5833, train_losses:[0.5816486299671311, 0.581254229887902, 0.580803481515921, 0.5826176169463029, 0.5901471252476923]
epoch 44
avg_train_loss: 0.5828, train_losses:[0.581194529087945, 0.5807180858495015, 0.5803036691530127, 0.5821054161203878, 0.5895998303121567]
epoch 45
avg_train_loss: 0.5823, train_losses:[0.5807028886568608, 0.5803012518137036, 0.5797458690508961, 0.5817081642306882, 0.5891365168629668]
epoch 46
avg_train_loss: 0.5819, train_losses:[0.5803555098422123, 0.5798705849200452, 0.5792145008135287, 0.5812324131643434, 0.5886360331565382]
epoch 47
avg_train_loss: 0.5814, train_losses:[0.5799076101779693, 0.5794469586348849, 0.5787211678239667, 0.580862950224959, 0.58814224019164]
epoch 48
avg_train_loss: 0.5810, train_losses:[0.5794854512195761, 0.5790782830177278, 0.5782674265338777, 0.5804973855814757, 0.5876492280907623]
epoch 49
avg_train_loss: 0.5806, train_losses:[0.5791258362028993, 0.5786982728748477, 0.5777814213740071, 0.5801025185954621, 0.5872428757669953]
epoch 50
avg_train_loss: 0.5802, train_losses:[0.5787374344767189, 0.5783580245023284, 0.5773254463139623, 0.5797379592129166, 0.5868118886284869]
avg_val_loss: 0.5943, val_losses:[0.5829710860436155, 0.6007285429852345, 0.5902832383354847, 0.598646931599704, 0.5989035556328107]
epoch 51
avg_train_loss: 0.5798, train_losses:[0.578457066351468, 0.5779757647856163, 0.5769012072335041, 0.5793689974223879, 0.5864128031674607]
epoch 52
avg_train_loss: 0.5795, train_losses:[0.5781206140720381, 0.5776440792994174, 0.5765114116359955, 0.5790224813792191, 0.5860419777820585]
epoch 53
avg_train_loss: 0.5791, train_losses:[0.5778229479200429, 0.5773406606098184, 0.5761176552490496, 0.5787019086400571, 0.5856416708860662]
epoch 54
avg_train_loss: 0.5788, train_losses:[0.5775141419538179, 0.5770413885722012, 0.5757675838999156, 0.5783644919759262, 0.5852499212603826]
epoch 55
avg_train_loss: 0.5785, train_losses:[0.5772330927039071, 0.5767490074950385, 0.5754401340195262, 0.5780740367354875, 0.5848743294136469]
epoch 56
avg_train_loss: 0.5782, train_losses:[0.5770296022287297, 0.5764761046259943, 0.575107527519676, 0.5777479045908456, 0.5844782267182809]
epoch 57
avg_train_loss: 0.5779, train_losses:[0.5767502434620196, 0.5761978115924509, 0.5748170666969661, 0.5774645638002762, 0.5841649691516362]
epoch 58
avg_train_loss: 0.5776, train_losses:[0.5764665676995379, 0.5759484117633192, 0.5745238453810666, 0.577193655748006, 0.5838144287819319]
epoch 59
avg_train_loss: 0.5773, train_losses:[0.5762703840405988, 0.5756842059404331, 0.5742235258886061, 0.5768968170103908, 0.5834785828674135]
epoch 60
avg_train_loss: 0.5770, train_losses:[0.5759984515784285, 0.575422641825056, 0.5739711714637297, 0.5766119124537696, 0.5831067304240072]
avg_val_loss: 0.5920, val_losses:[0.5808322126583207, 0.5980150456781741, 0.5865082035091417, 0.5974760889697469, 0.5969909048425884]
epoch 61
avg_train_loss: 0.5768, train_losses:[0.5757761174350163, 0.5752112710138256, 0.5736923149059161, 0.5763790088745145, 0.5828166002497022]
epoch 62
avg_train_loss: 0.5765, train_losses:[0.5755510805171844, 0.5749715336847587, 0.5734346124982265, 0.5761249340948712, 0.5824947742363689]
epoch 63
avg_train_loss: 0.5763, train_losses:[0.5753451131000897, 0.5747378174186661, 0.5731939609617653, 0.5758682026174571, 0.5822061455256303]
epoch 64
avg_train_loss: 0.5760, train_losses:[0.5751292161340819, 0.5744961462674373, 0.5729411996685412, 0.5756357835685485, 0.5819007086349801]
epoch 65
avg_train_loss: 0.5758, train_losses:[0.5749211568621734, 0.5742676103144001, 0.572717226310843, 0.5753759028745242, 0.5816376886480865]
epoch 66
avg_train_loss: 0.5755, train_losses:[0.5747116552788343, 0.5740478270306482, 0.572464894182466, 0.5751440030236791, 0.5813503354946674]
epoch 67
avg_train_loss: 0.5753, train_losses:[0.5744991922181399, 0.5738335687473783, 0.5722818212725522, 0.5749125844578872, 0.5810875835983386]
epoch 68
avg_train_loss: 0.5751, train_losses:[0.5742902039369594, 0.5735994017103403, 0.5720377542475883, 0.5746978406911505, 0.5808202465432287]
epoch 69
avg_train_loss: 0.5749, train_losses:[0.5740889018607643, 0.5733786762182285, 0.5718255254080775, 0.5744492464360937, 0.5805720942983605]
epoch 70
avg_train_loss: 0.5747, train_losses:[0.5738921762531047, 0.5731830106738912, 0.5716318187989946, 0.5742766709148804, 0.580308100015426]
avg_val_loss: 0.5899, val_losses:[0.578933499518258, 0.5957587141392415, 0.583814863031543, 0.5961581066818988, 0.5949566777838325]
epoch 71
avg_train_loss: 0.5744, train_losses:[0.5737047624807149, 0.5729693160126474, 0.5714437356794985, 0.5740834738087124, 0.5800428417018321]
epoch 72
avg_train_loss: 0.5742, train_losses:[0.5735214201106393, 0.572804829581213, 0.571247546083923, 0.5738812394942446, 0.5797733755300357]
epoch 73
avg_train_loss: 0.5740, train_losses:[0.5733242604584821, 0.5725963420486998, 0.5710879752546917, 0.57367152830487, 0.5795496419363373]
epoch 74
avg_train_loss: 0.5738, train_losses:[0.5731277335010652, 0.5723983552408083, 0.5709276003523464, 0.5734804412697232, 0.5792802507530003]
epoch 75
avg_train_loss: 0.5736, train_losses:[0.5729407823606743, 0.572262040436498, 0.5707486312630586, 0.5732802935475414, 0.5790110209469784]
epoch 76
avg_train_loss: 0.5735, train_losses:[0.5727880609985762, 0.5720696996916679, 0.5705866295940163, 0.573107275840594, 0.578760471661853]
epoch 77
avg_train_loss: 0.5733, train_losses:[0.5726226556185846, 0.5718919285708148, 0.5703865172238428, 0.5729298588874566, 0.5785384757712319]
epoch 78
avg_train_loss: 0.5731, train_losses:[0.5724454474884172, 0.5717343209984648, 0.5702768652428609, 0.5727574888349626, 0.5783289008426001]
epoch 79
avg_train_loss: 0.5729, train_losses:[0.5723111235977714, 0.5715800574061509, 0.570075192019966, 0.5725904608408648, 0.5781209598445202]
epoch 80
avg_train_loss: 0.5728, train_losses:[0.5721525530337424, 0.5714114878844583, 0.569902517309064, 0.5724097782142683, 0.5778848709052616]
avg_val_loss: 0.5884, val_losses:[0.5774355533467758, 0.5939835156103423, 0.5820874347865329, 0.5953623726994545, 0.5933721910870877]
epoch 81
avg_train_loss: 0.5726, train_losses:[0.5720196320507391, 0.5712764084504105, 0.5697611361303137, 0.5722607900953213, 0.5777087677848034]
epoch 82
avg_train_loss: 0.5724, train_losses:[0.5718789796465572, 0.5711093699964276, 0.5696343704597321, 0.5721039071928088, 0.5774792536239863]
epoch 83
avg_train_loss: 0.5723, train_losses:[0.571723989194062, 0.5709524367282245, 0.5695039626046347, 0.5719774672348197, 0.5772540805459397]
epoch 84
avg_train_loss: 0.5721, train_losses:[0.571603501790466, 0.5707932240339707, 0.5693397245506653, 0.5718240079355708, 0.5770511809057822]
epoch 85
avg_train_loss: 0.5720, train_losses:[0.5714926783980786, 0.5706144265246782, 0.5692179884371948, 0.5716825169463566, 0.5768305038728071]
epoch 86
avg_train_loss: 0.5718, train_losses:[0.5713579644347767, 0.5704701751929815, 0.5690723241228847, 0.5715464700981921, 0.5766067138921536]
epoch 87
avg_train_loss: 0.5717, train_losses:[0.5712327089711958, 0.5703230491036267, 0.56895565713324, 0.5714199514812973, 0.5763558897878265]
epoch 88
avg_train_loss: 0.5715, train_losses:[0.5711007598288201, 0.5701399148457539, 0.5687984399879114, 0.5713015040210588, 0.576181432104215]
epoch 89
avg_train_loss: 0.5714, train_losses:[0.5709809461754208, 0.5700233565159042, 0.568672147252397, 0.5711627751522632, 0.5759550769610599]
epoch 90
avg_train_loss: 0.5712, train_losses:[0.5708461466390173, 0.5698787759361087, 0.5685660496894307, 0.5710611509355037, 0.57575139485211]
avg_val_loss: 0.5875, val_losses:[0.5762577909979808, 0.5927604597677408, 0.5806047928387046, 0.5945533080490069, 0.593292035842737]
epoch 91
avg_train_loss: 0.5711, train_losses:[0.5707256198764381, 0.5697720680930232, 0.568435860469555, 0.5709014988619258, 0.5755732382836198]
epoch 92
avg_train_loss: 0.5709, train_losses:[0.5705907671689523, 0.5695854407182523, 0.5683320916342157, 0.570797265135, 0.5753638989713261]
epoch 93
avg_train_loss: 0.5708, train_losses:[0.570520416413829, 0.56944094888048, 0.5682045482418545, 0.5707242997782555, 0.5752035883405877]
epoch 94
avg_train_loss: 0.5707, train_losses:[0.5703725120161589, 0.5693334435241111, 0.5680921093817269, 0.5706072090594009, 0.5750233098402268]
epoch 95
avg_train_loss: 0.5706, train_losses:[0.5702845647507999, 0.5692195542673224, 0.567971377859159, 0.5704870095643444, 0.5748728567033546]
epoch 96
avg_train_loss: 0.5704, train_losses:[0.570176252504724, 0.5690283037883256, 0.5678699468671878, 0.5703780080421893, 0.5746867182770599]
epoch 97
avg_train_loss: 0.5703, train_losses:[0.5700652148292906, 0.5689229961971796, 0.5677490817265128, 0.570250811504178, 0.5745176924363307]
epoch 98
avg_train_loss: 0.5702, train_losses:[0.5699574895281777, 0.5688360651251306, 0.5676382547925094, 0.5701331259679528, 0.5744049385652298]
epoch 99
avg_train_loss: 0.5701, train_losses:[0.5698633960376257, 0.568682229133569, 0.5675030641997806, 0.5700139765508574, 0.5742175361204949]
epoch 100
avg_train_loss: 0.5699, train_losses:[0.5697508663988929, 0.5685450637507953, 0.5674050808600514, 0.5699028254968685, 0.5740624388230048]
avg_val_loss: 0.5866, val_losses:[0.5752050801347933, 0.5913569566915803, 0.5792654222830798, 0.5940768141816252, 0.5929449723189225]
epoch 101
avg_train_loss: 0.5698, train_losses:[0.5696374923423573, 0.5684281659125467, 0.567296071414574, 0.5697842146355482, 0.5739411485721395]
epoch 102
avg_train_loss: 0.5697, train_losses:[0.5694875025336188, 0.5682944325492115, 0.5671912576782653, 0.5696816350418897, 0.5737776673156185]
epoch 103
avg_train_loss: 0.5696, train_losses:[0.5694417036275785, 0.5681855641309265, 0.567105981335184, 0.5695731994644824, 0.573656907388873]
epoch 104
avg_train_loss: 0.5695, train_losses:[0.5693201395136391, 0.5680703899864211, 0.5669771548534077, 0.5694844302275087, 0.5735051809796483]
epoch 105
avg_train_loss: 0.5694, train_losses:[0.5692045118732415, 0.5679558353416415, 0.5668553216581109, 0.5693899510480434, 0.573367130789777]
epoch 106
avg_train_loss: 0.5692, train_losses:[0.5691187496831632, 0.5678200618730406, 0.5667926178915507, 0.5692635543175251, 0.5732019562628061]
epoch 107
avg_train_loss: 0.5691, train_losses:[0.5690122264541975, 0.5676993354826593, 0.5666583373576987, 0.5691693074916976, 0.5730845872676811]
epoch 108
avg_train_loss: 0.5690, train_losses:[0.5689332230524398, 0.5675901201550365, 0.5665418744091293, 0.5690695468350218, 0.5729567459474516]
epoch 109
avg_train_loss: 0.5689, train_losses:[0.5688335379244432, 0.5674395699278154, 0.5664778847406343, 0.5689659996276616, 0.5727974785690638]
epoch 110
avg_train_loss: 0.5688, train_losses:[0.5686902115084889, 0.5673242973390102, 0.5663430342204375, 0.5688745755940664, 0.572697345698419]
avg_val_loss: 0.5857, val_losses:[0.5743119008467467, 0.5902106799485661, 0.5781157979209908, 0.5934821403432254, 0.5924248956571582]
epoch 111
avg_train_loss: 0.5687, train_losses:[0.5686429750871687, 0.567239906707468, 0.5662279512007562, 0.5688071790996703, 0.5725371053558694]
epoch 112
avg_train_loss: 0.5686, train_losses:[0.5685410362429324, 0.5670906007646288, 0.56614179970174, 0.5687006048950576, 0.5724284387203421]
epoch 113
avg_train_loss: 0.5685, train_losses:[0.5684727047262558, 0.5669964374580101, 0.566014610947545, 0.5686086429217534, 0.5723016217251171]
epoch 114
avg_train_loss: 0.5684, train_losses:[0.5683734379162708, 0.5668602371910703, 0.565916055035012, 0.5685135423322483, 0.5721880334500848]
epoch 115
avg_train_loss: 0.5683, train_losses:[0.5682746241256179, 0.5667643904946656, 0.5658313112520083, 0.5684372031279744, 0.5720527441152641]
epoch 116
avg_train_loss: 0.5682, train_losses:[0.5682175276557809, 0.5666226424602936, 0.5657141997396516, 0.5683947367044468, 0.5719337908031022]
epoch 117
avg_train_loss: 0.5681, train_losses:[0.5681285724411959, 0.5665103430327146, 0.5656200400398195, 0.5682018812379607, 0.5718475110310585]
epoch 118
avg_train_loss: 0.5680, train_losses:[0.5680174443741078, 0.5663874412000853, 0.5655317770268637, 0.5681834949096666, 0.5717422536720551]
epoch 119
avg_train_loss: 0.5679, train_losses:[0.567971853688209, 0.56626663418346, 0.5654437727983068, 0.5680705287927207, 0.5716358058086359]
epoch 120
avg_train_loss: 0.5678, train_losses:[0.5678828744073346, 0.5661679728533705, 0.5653170891266255, 0.567996917853745, 0.5715460776590301]
avg_val_loss: 0.5851, val_losses:[0.5736200550923146, 0.5892229565460368, 0.5768674150327198, 0.5928488122858082, 0.5928683263021065]
epoch 121
avg_train_loss: 0.5677, train_losses:[0.5677847450059825, 0.5660506072570463, 0.5652361634012477, 0.567889499632536, 0.5714076483683034]
epoch 122
avg_train_loss: 0.5676, train_losses:[0.567729225139792, 0.5659564452314375, 0.5651728806812721, 0.567765400555477, 0.5712845454666317]
epoch 123
avg_train_loss: 0.5675, train_losses:[0.5676310269997248, 0.5658390699328367, 0.565043484194822, 0.567684599114551, 0.5711660293203666]
epoch 124
avg_train_loss: 0.5674, train_losses:[0.5675439546907156, 0.5657443346684617, 0.5649140106766951, 0.5675906331527261, 0.571045657451058]
epoch 125
avg_train_loss: 0.5673, train_losses:[0.5674940150591471, 0.565620959507705, 0.5648421666691161, 0.5675115542996793, 0.5708612948309875]
epoch 126
avg_train_loss: 0.5672, train_losses:[0.567425872123852, 0.5655597258172974, 0.5647140606852392, 0.5674209815716073, 0.5707489637887362]
epoch 127
avg_train_loss: 0.5671, train_losses:[0.5673926627627403, 0.5654464834624451, 0.5645819636055487, 0.567330739449016, 0.5706422172463362]
epoch 128
avg_train_loss: 0.5670, train_losses:[0.5673263924706845, 0.5653718630254226, 0.5645190959756023, 0.5672119262990991, 0.5705178920950934]
epoch 129
avg_train_loss: 0.5669, train_losses:[0.5672122991585644, 0.5652900097123069, 0.5644139742877325, 0.5671397560942213, 0.5703992932542061]
epoch 130
avg_train_loss: 0.5668, train_losses:[0.5671341192528031, 0.5651820348626944, 0.5642983897169707, 0.56699711457264, 0.570266954561099]
avg_val_loss: 0.5841, val_losses:[0.5728759443448739, 0.5880839118088174, 0.5757446252568198, 0.5919516887497964, 0.5918559738363054]
epoch 131
avg_train_loss: 0.5667, train_losses:[0.5670873798878269, 0.5650917631994815, 0.5642134866141953, 0.567014358234865, 0.5702288512919987]
epoch 132
avg_train_loss: 0.5666, train_losses:[0.5670320941633932, 0.5650125070375345, 0.5641115548206059, 0.566896044341819, 0.5700670521295477]
epoch 133
avg_train_loss: 0.5665, train_losses:[0.5669321238059807, 0.564889545304956, 0.5640229370106304, 0.5668290843938614, 0.5700162117828579]
epoch 134
avg_train_loss: 0.5665, train_losses:[0.5669022393808272, 0.5648170264372433, 0.5639246102298626, 0.5667427551653907, 0.5698867042696474]
epoch 135
avg_train_loss: 0.5664, train_losses:[0.5668330288081613, 0.5647191813345891, 0.56384963299997, 0.5666307759261756, 0.5697669951751516]
epoch 136
avg_train_loss: 0.5663, train_losses:[0.5667480237337262, 0.5646116477186086, 0.5637703370248819, 0.5665861356570804, 0.5696792305656285]
epoch 137
avg_train_loss: 0.5662, train_losses:[0.566737077046529, 0.5645813918107191, 0.5636940387905277, 0.5665119614107305, 0.5696256982509565]
epoch 138
avg_train_loss: 0.5661, train_losses:[0.5666414372953656, 0.5644765480592652, 0.5635895998321445, 0.5663933287824219, 0.5694932179713618]
epoch 139
avg_train_loss: 0.5660, train_losses:[0.5665747218899891, 0.5643984067426592, 0.5635187810073484, 0.5663328003949755, 0.5693923264061702]
epoch 140
avg_train_loss: 0.5660, train_losses:[0.5665264695054927, 0.5643168670142903, 0.5634362928590446, 0.5662778929697175, 0.5693542912339714]
avg_val_loss: 0.5834, val_losses:[0.572241822756329, 0.5871022029360966, 0.5750224525458959, 0.5914963081395576, 0.5911470192289535]
epoch 141
avg_train_loss: 0.5659, train_losses:[0.5664783263103024, 0.5642435909250321, 0.5633961876741207, 0.5661961179417948, 0.5692637834544714]
epoch 142
avg_train_loss: 0.5658, train_losses:[0.5663998714985592, 0.5641822597821401, 0.5633288196480857, 0.5661146368415297, 0.56916953775015]
epoch 143
avg_train_loss: 0.5658, train_losses:[0.566376793208184, 0.5640866523291304, 0.5632619437967077, 0.5660462789307507, 0.5690759277472458]
epoch 144
avg_train_loss: 0.5657, train_losses:[0.5662951252525406, 0.5640174176901753, 0.5631632256133957, 0.565952809490667, 0.5689474639629298]
epoch 145
avg_train_loss: 0.5656, train_losses:[0.5662035985436467, 0.563979061764208, 0.5631208699626169, 0.5658686031860864, 0.568889022846927]
epoch 146
avg_train_loss: 0.5655, train_losses:[0.5661789424215663, 0.5638892459776517, 0.5630443650803625, 0.5658212035378121, 0.5688078293786343]
epoch 147
avg_train_loss: 0.5655, train_losses:[0.5661239757317728, 0.5638438974902282, 0.5629842444064452, 0.5657001305313608, 0.5687219024730931]
epoch 148
avg_train_loss: 0.5654, train_losses:[0.5660328249311074, 0.5637719438575145, 0.562925015014119, 0.5656679525401679, 0.5686498353459135]
epoch 149
avg_train_loss: 0.5653, train_losses:[0.5660161770566843, 0.5636845409521892, 0.5628476514865, 0.5656144819978313, 0.5685445740645874]
epoch 150
avg_train_loss: 0.5653, train_losses:[0.5659370107874292, 0.5636256275233374, 0.5628118270848835, 0.5655323953606464, 0.5684706586028312]
avg_val_loss: 0.5830, val_losses:[0.5717359381701527, 0.5863796304333515, 0.5743725740617948, 0.5911232946559968, 0.5912587991205313]
epoch 151
avg_train_loss: 0.5652, train_losses:[0.5658660220668913, 0.5635669205244717, 0.562724925252042, 0.5654461738856916, 0.5684189978349041]
epoch 152
avg_train_loss: 0.5651, train_losses:[0.5658420768952139, 0.5634891916961613, 0.562695775568642, 0.5653668819807125, 0.5683038334621991]
epoch 153
avg_train_loss: 0.5651, train_losses:[0.5657712593453181, 0.5634500652650425, 0.5626381228879009, 0.5652964129490542, 0.5682337800669869]
epoch 154
avg_train_loss: 0.5650, train_losses:[0.5657103119168735, 0.5633812923131123, 0.5625795051300209, 0.5652489686110431, 0.5681332785346492]
epoch 155
avg_train_loss: 0.5649, train_losses:[0.565663502338697, 0.5632960872789123, 0.5625154556450765, 0.5651868512385503, 0.5680484877260588]
epoch 156
avg_train_loss: 0.5649, train_losses:[0.5656087058399496, 0.5632606736008933, 0.562468140640204, 0.5651070366010198, 0.5679577423507307]
epoch 157
avg_train_loss: 0.5648, train_losses:[0.5655327540302267, 0.5631644966401356, 0.5624191435530314, 0.5650441321975309, 0.567890862045481]
epoch 158
avg_train_loss: 0.5648, train_losses:[0.5654961623972643, 0.5631359139971646, 0.5623612131578618, 0.5650120791343498, 0.5678416425182762]
epoch 159
avg_train_loss: 0.5647, train_losses:[0.5654287679812, 0.5630967008219095, 0.5623235562255248, 0.5649329871117456, 0.5677153770268998]
epoch 160
avg_train_loss: 0.5646, train_losses:[0.5654006908148212, 0.5630380557636481, 0.5622651210125972, 0.5648821759880532, 0.5676500956404807]
avg_val_loss: 0.5826, val_losses:[0.5713463953255923, 0.5857600434826455, 0.5740035345226229, 0.5906493332813847, 0.5911383107589724]
epoch 161
avg_train_loss: 0.5646, train_losses:[0.5653502416569172, 0.5629624256340853, 0.5622263631834691, 0.5647873082267096, 0.5675766720371982]
epoch 162
avg_train_loss: 0.5645, train_losses:[0.5652902795981142, 0.5629071852358201, 0.5621655799972146, 0.564737965622203, 0.5675066340746768]
epoch 163
avg_train_loss: 0.5645, train_losses:[0.5652443926139765, 0.5628443485252613, 0.5621253419314263, 0.564687650019272, 0.5674306436837558]
epoch 164
avg_train_loss: 0.5644, train_losses:[0.5651915277969435, 0.5627945640995687, 0.562078128403324, 0.5646247868260195, 0.5673450383394488]
epoch 165
avg_train_loss: 0.5643, train_losses:[0.5651460484815303, 0.5627481598154621, 0.5620285450860287, 0.5645385542802052, 0.5672855566511458]
epoch 166
avg_train_loss: 0.5643, train_losses:[0.5650902936935718, 0.5626904525054459, 0.5619823037406999, 0.5645136727146094, 0.5671996008515667]
epoch 167
avg_train_loss: 0.5642, train_losses:[0.5650325794795428, 0.5626794339900388, 0.561910438929436, 0.5644383012523421, 0.5671167429824239]
epoch 168
avg_train_loss: 0.5642, train_losses:[0.5649833799153897, 0.5625959054283739, 0.5618869457954581, 0.5643687736225571, 0.5670521399501375]
epoch 169
avg_train_loss: 0.5641, train_losses:[0.5649256329144273, 0.5625243860285417, 0.5618237409197555, 0.5643186490387961, 0.5669743952463441]
epoch 170
avg_train_loss: 0.5641, train_losses:[0.5649020326867861, 0.5624461739203461, 0.5617801501308844, 0.5642489549601845, 0.5668954505031839]
avg_val_loss: 0.5822, val_losses:[0.5708483440825176, 0.5852940980000331, 0.573541012189257, 0.590311981166372, 0.5911311701616346]
epoch 171
avg_train_loss: 0.5640, train_losses:[0.5648381563377856, 0.5624042995902607, 0.5617325838566005, 0.564218053201235, 0.5668169669445476]
epoch 172
avg_train_loss: 0.5639, train_losses:[0.5647977700841827, 0.5623381995360925, 0.5616737149331748, 0.5641447420196326, 0.5667732144430131]
epoch 173
avg_train_loss: 0.5639, train_losses:[0.5647536343731813, 0.5622920266840705, 0.5616468746543122, 0.5640929198225973, 0.566689414267366]
epoch 174
avg_train_loss: 0.5638, train_losses:[0.5646540290791984, 0.5622064350271843, 0.561587098335859, 0.5640268745117528, 0.5666289422312313]
epoch 175
avg_train_loss: 0.5638, train_losses:[0.5646977253059916, 0.5621495885274194, 0.5615335119741234, 0.5640060248479456, 0.5666063611414877]
epoch 176
avg_train_loss: 0.5637, train_losses:[0.5646341991717013, 0.5620800835311883, 0.5615034997188287, 0.5639165913950339, 0.566520778854574]
epoch 177
avg_train_loss: 0.5637, train_losses:[0.5645786907572112, 0.5620270113015186, 0.5614617612582918, 0.5639049858654201, 0.5664433059355788]
epoch 178
avg_train_loss: 0.5636, train_losses:[0.5645254980423332, 0.5619988981833581, 0.561443327010242, 0.5638333107047433, 0.566381482331336]
epoch 179
avg_train_loss: 0.5636, train_losses:[0.5645031198331231, 0.5619333938039616, 0.5613820552398245, 0.5637688052362221, 0.566357041111536]
epoch 180
avg_train_loss: 0.5635, train_losses:[0.5644587474875884, 0.5618414026912424, 0.5613228591883819, 0.5637458267882601, 0.5662893723745855]
avg_val_loss: 0.5819, val_losses:[0.5704219959318858, 0.5845584494177722, 0.5731946551866571, 0.5900061704820178, 0.5910769831195694]
epoch 181
avg_train_loss: 0.5635, train_losses:[0.564441269769143, 0.5618130303956228, 0.5612669273379495, 0.5637094575775436, 0.5662190332811224]
epoch 182
avg_train_loss: 0.5634, train_losses:[0.5643689476535787, 0.5617626098761346, 0.5612165284938032, 0.5636475109194986, 0.5661623245406806]
epoch 183
avg_train_loss: 0.5634, train_losses:[0.5643446510819004, 0.5616643557809776, 0.561146226496489, 0.563610359842558, 0.5661006375497623]
epoch 184
avg_train_loss: 0.5633, train_losses:[0.5643076309765286, 0.5616292517947788, 0.561121207343488, 0.5635704186920929, 0.566041844744361]
epoch 185
avg_train_loss: 0.5633, train_losses:[0.5642586471373217, 0.5615633988054987, 0.5610891619663673, 0.5635362458495042, 0.5659235347623918]
epoch 186
avg_train_loss: 0.5632, train_losses:[0.5642371148366925, 0.561505992446293, 0.561044534158099, 0.5634845556127983, 0.5659671896579602]
epoch 187
avg_train_loss: 0.5632, train_losses:[0.5642033876257346, 0.5614448836584398, 0.56098425937806, 0.5634269768049953, 0.5658912970603645]
epoch 188
avg_train_loss: 0.5631, train_losses:[0.5641708523203067, 0.5613978768342437, 0.5609375581867764, 0.5634004962985222, 0.5657986363858591]
epoch 189
avg_train_loss: 0.5631, train_losses:[0.5641295078711754, 0.5613422275514147, 0.560910656612906, 0.563330783024107, 0.5657936213966991]
epoch 190
avg_train_loss: 0.5631, train_losses:[0.564084178053099, 0.5613062313691998, 0.5608659034876388, 0.5632809881660232, 0.5657279323127177]
avg_val_loss: 0.5816, val_losses:[0.5701600250217682, 0.5841021932619784, 0.5728024131241304, 0.5896338144335344, 0.5913315412449407]
epoch 191
avg_train_loss: 0.5630, train_losses:[0.5640397700144285, 0.5612273165689411, 0.5607897522700644, 0.5632792522222395, 0.5656389337721883]
epoch 192
avg_train_loss: 0.5629, train_losses:[0.5639844445705365, 0.5611738677121294, 0.5607672982653827, 0.5631980707652993, 0.5656105898696412]
epoch 193
avg_train_loss: 0.5629, train_losses:[0.5639686167502862, 0.5611294141802907, 0.5607415303711636, 0.5631779348002625, 0.5655745084337545]
epoch 194
avg_train_loss: 0.5629, train_losses:[0.5639277254508281, 0.5610792102227837, 0.5607001759611099, 0.5631456612638444, 0.5655179853743667]
epoch 195
avg_train_loss: 0.5628, train_losses:[0.5638539821187494, 0.5609578275652437, 0.560637143475962, 0.5630817000443631, 0.5654407781347056]
epoch 196
avg_train_loss: 0.5628, train_losses:[0.5638665162767943, 0.5610418112459566, 0.5605864859207338, 0.5630436287724773, 0.5654178175327311]
epoch 197
avg_train_loss: 0.5627, train_losses:[0.5638054513049842, 0.560920786768199, 0.5605382337358223, 0.5630191745367684, 0.5653424264588968]
epoch 198
avg_train_loss: 0.5627, train_losses:[0.5637853465485296, 0.5608730863544431, 0.5605132920930949, 0.5629784164745766, 0.5652903741877539]
epoch 199
avg_train_loss: 0.5626, train_losses:[0.5637139912208331, 0.5608108354514162, 0.5604660837256913, 0.5628957945849525, 0.5652569326014243]
epoch 200
avg_train_loss: 0.5626, train_losses:[0.5636960669512401, 0.5607658271719573, 0.5604162018393681, 0.5628836211809296, 0.5652309829694775]
avg_val_loss: 0.5815, val_losses:[0.5699300945937447, 0.5836295169918561, 0.5724880685649218, 0.5894840647406276, 0.5917266298181181]
epoch 201
avg_train_loss: 0.5626, train_losses:[0.5636325453727837, 0.5607277079131087, 0.5603769796084513, 0.5628693306837507, 0.5651630994945142]
epoch 202
avg_train_loss: 0.5625, train_losses:[0.5636423257827987, 0.560682083647028, 0.5603165869551207, 0.5628204734130223, 0.5650858702768112]
epoch 203
avg_train_loss: 0.5625, train_losses:[0.5635855023228857, 0.5606098538313956, 0.5602925324413934, 0.5627834971623885, 0.5650715150679333]
epoch 204
avg_train_loss: 0.5624, train_losses:[0.5635519386392779, 0.5606103677129617, 0.5602340927031807, 0.5627471532663861, 0.5650048227490697]
epoch 205
avg_train_loss: 0.5624, train_losses:[0.5635329166703276, 0.560535492721521, 0.5601902442683601, 0.562721858723715, 0.5649497783972589]
epoch 206
avg_train_loss: 0.5623, train_losses:[0.5635025928851973, 0.5604750831095722, 0.560170641842997, 0.5626685833368466, 0.564905157009565]
epoch 207
avg_train_loss: 0.5623, train_losses:[0.5634780962478517, 0.5604179288170997, 0.5601366849015187, 0.5626080558607706, 0.5648556395446699]
epoch 208
avg_train_loss: 0.5623, train_losses:[0.5634285072464561, 0.5603865431306319, 0.5600817652873177, 0.5625742947651616, 0.5647820598712234]
epoch 209
avg_train_loss: 0.5622, train_losses:[0.5634083559744693, 0.560349563499272, 0.5600661082589052, 0.5625591649935675, 0.5647439009075822]
epoch 210
avg_train_loss: 0.5622, train_losses:[0.5633573599046942, 0.5602914104853264, 0.5600252909342144, 0.5625361852330285, 0.5647056586709491]
avg_val_loss: 0.5811, val_losses:[0.5695730039855732, 0.583114698527207, 0.5720611322817295, 0.5891386311986464, 0.5918281341654933]
epoch 211
avg_train_loss: 0.5622, train_losses:[0.563367111818854, 0.5602583354978936, 0.5600065054959316, 0.5624927311242656, 0.5646507366076347]
epoch 212
avg_train_loss: 0.5621, train_losses:[0.5633204141630768, 0.5602131845243001, 0.5599692781235387, 0.5624622495844769, 0.5646015827538815]
epoch 213
avg_train_loss: 0.5621, train_losses:[0.5632602384586779, 0.5601436575289105, 0.559941133835491, 0.5624295061525902, 0.5645819211838691]
epoch 214
avg_train_loss: 0.5620, train_losses:[0.5632678992511936, 0.5600715150948645, 0.5598941608297571, 0.5623578743466706, 0.5645297504528731]
epoch 215
avg_train_loss: 0.5620, train_losses:[0.563228402464587, 0.560045558672215, 0.5598894627548753, 0.5623689960729975, 0.5644727195728276]
epoch 216
avg_train_loss: 0.5620, train_losses:[0.5632079283291859, 0.5600034685520128, 0.5598360974804062, 0.5623265964157552, 0.5644373695666598]
epoch 217
avg_train_loss: 0.5619, train_losses:[0.5631908039332748, 0.5599667200584515, 0.5598027039939544, 0.5622848921076797, 0.5643870950893771]
epoch 218
avg_train_loss: 0.5619, train_losses:[0.5631677836345714, 0.5599080891269409, 0.559750421543648, 0.5622293517830048, 0.5643379609653562]
epoch 219
avg_train_loss: 0.5618, train_losses:[0.5631128503101005, 0.5598529125633013, 0.5597445115415987, 0.5622184003464984, 0.5642774194189804]
epoch 220
avg_train_loss: 0.5618, train_losses:[0.5631117132008453, 0.5598121433834083, 0.5596838879357984, 0.5621876516794528, 0.5642494516521265]
avg_val_loss: 0.5808, val_losses:[0.5692757216734168, 0.5828238194213957, 0.5717610698654073, 0.5886774554235681, 0.5916525834632611]
epoch 221
avg_train_loss: 0.5618, train_losses:[0.5630736338528936, 0.5597856684164382, 0.5596654463132853, 0.5621543066045912, 0.5641822854816319]
epoch 222
avg_train_loss: 0.5617, train_losses:[0.5630581951888376, 0.5597272402399014, 0.5596363466707411, 0.562120688787616, 0.5641513141970564]
epoch 223
avg_train_loss: 0.5617, train_losses:[0.5630264800414482, 0.5596609642993855, 0.5596018909682997, 0.5620788679198441, 0.5641040167913454]
epoch 224
avg_train_loss: 0.5617, train_losses:[0.5630023203464081, 0.5596246297981358, 0.5595490762084151, 0.5620320434725826, 0.5640493693232161]
epoch 225
avg_train_loss: 0.5616, train_losses:[0.5629911501361923, 0.5595944270531823, 0.5595255307057682, 0.562017767229441, 0.5640142775264548]
epoch 226
avg_train_loss: 0.5616, train_losses:[0.5629600862530978, 0.5595420424021007, 0.5595146929309021, 0.5619896923236682, 0.5639697476840662]
epoch 227
avg_train_loss: 0.5615, train_losses:[0.562935589674813, 0.5594808900364846, 0.5594611946391176, 0.5619443531464793, 0.5639162463406746]
epoch 228
avg_train_loss: 0.5615, train_losses:[0.5629236575752058, 0.5594458507321296, 0.5594086633490422, 0.5619232915355855, 0.5638760309475472]
epoch 229
avg_train_loss: 0.5615, train_losses:[0.5628960056451077, 0.5594154908384009, 0.559412064941946, 0.5618896129174737, 0.5638289637736354]
epoch 230
avg_train_loss: 0.5615, train_losses:[0.5628659629653149, 0.559368871602231, 0.5593760034475653, 0.5618732295563547, 0.563780450965108]
avg_val_loss: 0.5807, val_losses:[0.5691163576462237, 0.582391016524363, 0.5713726769253515, 0.5883322379229677, 0.5920615130561894]
epoch 231
avg_train_loss: 0.5614, train_losses:[0.5628287948981892, 0.5593082027130304, 0.5593419332313975, 0.5618407432633086, 0.5637413764384432]
epoch 232
avg_train_loss: 0.5614, train_losses:[0.5628079024345934, 0.5592959931301469, 0.5593052740694497, 0.5618135783227299, 0.5636924817838417]
epoch 233
avg_train_loss: 0.5614, train_losses:[0.5628043331617489, 0.5592561510685596, 0.559285011779306, 0.5617727014249613, 0.5636627584577698]
epoch 234
avg_train_loss: 0.5613, train_losses:[0.5627723443425463, 0.5592259335675515, 0.5592379950970349, 0.5617695302509425, 0.5636266464864164]
epoch 235
avg_train_loss: 0.5613, train_losses:[0.5627444042055495, 0.5591779200883772, 0.5591989316685979, 0.5617218789289952, 0.5635500980951722]
epoch 236
avg_train_loss: 0.5612, train_losses:[0.5627125841945539, 0.5591337199042817, 0.5591639487011919, 0.5616882435403907, 0.5635496054098745]
epoch 237
avg_train_loss: 0.5612, train_losses:[0.5627020561451116, 0.5590980109228941, 0.5591380677848192, 0.5616514177860371, 0.5634391991813863]
epoch 238
avg_train_loss: 0.5612, train_losses:[0.5626733241789317, 0.5590651362923598, 0.5590996284180516, 0.5616123826599799, 0.5634612828692697]
epoch 239
avg_train_loss: 0.5611, train_losses:[0.5626491185874801, 0.559023445281128, 0.5590786409845651, 0.5615890139845816, 0.5634048274383855]
epoch 240
avg_train_loss: 0.5611, train_losses:[0.5626076696331811, 0.5589695905365828, 0.5590493274011207, 0.5615635586486718, 0.5633443016057395]
avg_val_loss: 0.5804, val_losses:[0.568901704645424, 0.5821292252427847, 0.57110334859286, 0.5878794384374145, 0.5918195630892695]
epoch 241
avg_train_loss: 0.5611, train_losses:[0.5625885048183707, 0.5589224064309803, 0.5590259896502014, 0.5615411313639457, 0.5632876278444344]
epoch 242
avg_train_loss: 0.5610, train_losses:[0.5625908635183748, 0.5588900711942746, 0.5589705830505541, 0.5614970563675262, 0.5632631936872594]
epoch 243
avg_train_loss: 0.5610, train_losses:[0.5625417289985771, 0.5588296370863177, 0.5589238480479365, 0.5614395270568117, 0.5632213657388143]
epoch 244
avg_train_loss: 0.5610, train_losses:[0.5625587429974889, 0.5588261604586057, 0.5589432148468744, 0.5614520170230642, 0.5631901108169386]
epoch 245
avg_train_loss: 0.5609, train_losses:[0.5624522295950312, 0.5588142057081337, 0.5588847225953953, 0.5613956021350999, 0.5631530872048846]
epoch 246
avg_train_loss: 0.5609, train_losses:[0.5624990562458744, 0.5587572472330186, 0.5588550830977369, 0.5613867177478388, 0.5631231575434498]
epoch 247
avg_train_loss: 0.5609, train_losses:[0.5624736318802668, 0.558710386160885, 0.5587973702685836, 0.5613104054152458, 0.56307361844672]
epoch 248
avg_train_loss: 0.5609, train_losses:[0.5624577890178221, 0.5586508891565952, 0.5587888154512011, 0.5613460906083377, 0.5630217331940316]
epoch 249
avg_train_loss: 0.5608, train_losses:[0.5624332281874125, 0.5586048309295167, 0.5587400046053772, 0.561288393745987, 0.5629816789786412]
epoch 250
avg_train_loss: 0.5608, train_losses:[0.5623959381290262, 0.5586152265553073, 0.5586947664884775, 0.5612586015841069, 0.5629367380458604]
avg_val_loss: 0.5803, val_losses:[0.5687664098934804, 0.5817700550988575, 0.5707928253292174, 0.5878328971072952, 0.5922739213447612]
epoch 251
avg_train_loss: 0.5608, train_losses:[0.5624058302659285, 0.5585778730003681, 0.55867459959998, 0.5612533071858021, 0.5628945722237171]
epoch 252
avg_train_loss: 0.5607, train_losses:[0.5623870226105729, 0.5585293039212641, 0.5586723478551516, 0.5611986158816055, 0.562881267056922]
epoch 253
avg_train_loss: 0.5607, train_losses:[0.5623404750244119, 0.5585050155692306, 0.5586023987486165, 0.5611951082988657, 0.5628290715782275]
epoch 254
avg_train_loss: 0.5607, train_losses:[0.5623278920841188, 0.5584534063436827, 0.558572268546713, 0.5611317626770191, 0.5628101989979201]
epoch 255
avg_train_loss: 0.5606, train_losses:[0.5622373836234461, 0.5584352841784005, 0.5585304988246427, 0.5611158076376024, 0.5627542388142662]
epoch 256
avg_train_loss: 0.5606, train_losses:[0.5622961228227096, 0.5583881956475537, 0.5585053308830356, 0.5610819791983372, 0.562720493824247]
epoch 257
avg_train_loss: 0.5606, train_losses:[0.562273216943255, 0.5583713124583025, 0.5584753794258227, 0.561071745879984, 0.5627045536833056]
epoch 258
avg_train_loss: 0.5605, train_losses:[0.5622450780867716, 0.558330249760105, 0.5584555180775731, 0.5610339739652833, 0.5626455974437116]
epoch 259
avg_train_loss: 0.5605, train_losses:[0.5621923290942289, 0.5583117325284677, 0.5584090125916348, 0.5610188999990903, 0.5626222927077996]
epoch 260
avg_train_loss: 0.5605, train_losses:[0.5622220288971164, 0.5582600429037546, 0.5583544234006402, 0.5609994057966752, 0.5625309450420767]
avg_val_loss: 0.5800, val_losses:[0.5686482863094175, 0.5813117986887355, 0.5705664710495435, 0.5874593525583242, 0.592221769741026]
epoch 261
avg_train_loss: 0.5605, train_losses:[0.5621893693907364, 0.5582372403482502, 0.5583852162839171, 0.5609636833320966, 0.5625732928510407]
epoch 262
avg_train_loss: 0.5604, train_losses:[0.5621762244923048, 0.558199636396575, 0.5583315403981111, 0.5609105358721068, 0.5624953875112227]
epoch 263
avg_train_loss: 0.5604, train_losses:[0.5621418136109595, 0.5581622193124975, 0.5583167594746806, 0.5609208160623942, 0.5624821232701808]
epoch 264
avg_train_loss: 0.5604, train_losses:[0.5621273107542861, 0.5581709173036297, 0.5582820746465836, 0.5608683221547992, 0.5624374934513255]
epoch 265
avg_train_loss: 0.5603, train_losses:[0.5620936505774241, 0.5581443114933955, 0.5582278215669692, 0.560815544293707, 0.5624206214511885]
epoch 266
avg_train_loss: 0.5603, train_losses:[0.5620688921089529, 0.5581157321883824, 0.5582147095369341, 0.5608011839336198, 0.5623801222293286]
epoch 267
avg_train_loss: 0.5603, train_losses:[0.5620655021815907, 0.5580860345086316, 0.5581785674122363, 0.5607360844837449, 0.5623642745908531]
epoch 268
avg_train_loss: 0.5603, train_losses:[0.5620363060926338, 0.5580808029500821, 0.5581536049352751, 0.5607663571099358, 0.5623139951729914]
epoch 269
avg_train_loss: 0.5602, train_losses:[0.5620011506185878, 0.558023167871519, 0.5581185068561825, 0.5607324088544797, 0.5622996576858443]
epoch 270
avg_train_loss: 0.5602, train_losses:[0.5619967464428514, 0.5580297130193351, 0.5581050801823779, 0.5606882078333492, 0.5622561469305501]
avg_val_loss: 0.5798, val_losses:[0.5684449250652146, 0.5811061015607425, 0.5702390009724444, 0.5872302808787012, 0.5921432120249922]
epoch 271
avg_train_loss: 0.5602, train_losses:[0.5619936004572784, 0.5579937108740082, 0.5580650310380803, 0.5606897682991198, 0.5622315539702115]
epoch 272
avg_train_loss: 0.5602, train_losses:[0.5619688256554198, 0.5579611854144358, 0.5580399591600084, 0.560650690307085, 0.5622161364268617]
epoch 273
avg_train_loss: 0.5601, train_losses:[0.5619377533021809, 0.5579336840060752, 0.5580000975726915, 0.5606481426570781, 0.5621687101791575]
epoch 274
avg_train_loss: 0.5601, train_losses:[0.5619251367949436, 0.5579121833030154, 0.5579846148410746, 0.5606085856120839, 0.5621433646419555]
epoch 275
avg_train_loss: 0.5601, train_losses:[0.5618965726084968, 0.5578898231226472, 0.5579414149537486, 0.5605774720974867, 0.5621138385928393]
epoch 276
avg_train_loss: 0.5601, train_losses:[0.5618749582661992, 0.5579023036075925, 0.5579221249319147, 0.5605482598115933, 0.5620818425637378]
epoch 277
avg_train_loss: 0.5600, train_losses:[0.5618500726355858, 0.5578598332249496, 0.5578963063308774, 0.5605225004455612, 0.5620747887894351]
epoch 278
avg_train_loss: 0.5600, train_losses:[0.5618307115085288, 0.5578591751085745, 0.557866532200894, 0.5605107837144981, 0.5619978720786322]
epoch 279
avg_train_loss: 0.5600, train_losses:[0.5618249949451091, 0.5577887912997257, 0.5578519164259329, 0.5604632447996566, 0.5619886970974569]
epoch 280
avg_train_loss: 0.5600, train_losses:[0.5618046780236537, 0.557777393922028, 0.5577640720140735, 0.5604584548973298, 0.5619853514456531]
avg_val_loss: 0.5796, val_losses:[0.5683600421696067, 0.5809415156225111, 0.5699394391715991, 0.5870888031814468, 0.5915598831357951]
epoch 281
avg_train_loss: 0.5599, train_losses:[0.5617852335331865, 0.5577367430594017, 0.557813108619083, 0.5604116325711684, 0.5619242683499013]
epoch 282
avg_train_loss: 0.5599, train_losses:[0.561754595293689, 0.5577267520403346, 0.5577931325786827, 0.5604304373895653, 0.5618919477007241]
epoch 283
avg_train_loss: 0.5599, train_losses:[0.561720670344877, 0.5577246262560651, 0.557753532926357, 0.5604012302949194, 0.5618958221533364]
epoch 284
avg_train_loss: 0.5599, train_losses:[0.5617010862691176, 0.5577035158629233, 0.5577213980434949, 0.560365182462949, 0.5618245345990287]
epoch 285
avg_train_loss: 0.5599, train_losses:[0.5616987003237197, 0.5576976151028831, 0.5577057090000137, 0.5603352396937948, 0.5618314971864525]
epoch 286
avg_train_loss: 0.5598, train_losses:[0.561686649511749, 0.5576722993135704, 0.557684772664369, 0.5602944493303945, 0.5617979963457582]
epoch 287
avg_train_loss: 0.5598, train_losses:[0.5616576837317018, 0.5576698926866827, 0.5576535239736794, 0.5602826809872528, 0.5617842908495027]
epoch 288
avg_train_loss: 0.5598, train_losses:[0.5616275384753844, 0.5576565482052536, 0.5576458266184076, 0.5602377044957838, 0.561737446812181]
epoch 289
avg_train_loss: 0.5598, train_losses:[0.5616248908577144, 0.5576521754570318, 0.5576104009652865, 0.5602330001105527, 0.5616971456655896]
epoch 290
avg_train_loss: 0.5597, train_losses:[0.5615780503357113, 0.5575890002492373, 0.557567673937674, 0.5601865214738928, 0.5617007833166137]
avg_val_loss: 0.5794, val_losses:[0.5682218156503461, 0.5807111732487602, 0.5697176458895231, 0.5867169124923378, 0.5917204092961964]
epoch 291
avg_train_loss: 0.5597, train_losses:[0.5615650039548962, 0.5575969040833731, 0.5575712627250471, 0.5601441873263648, 0.5616534908229704]
epoch 292
avg_train_loss: 0.5597, train_losses:[0.5615539020740424, 0.557563416647358, 0.5575771083100084, 0.5601281057490182, 0.561622583436008]
epoch 293
avg_train_loss: 0.5597, train_losses:[0.5615459231572388, 0.5575371061985349, 0.5575491584177839, 0.5601016886321775, 0.5615857843779566]
epoch 294
avg_train_loss: 0.5596, train_losses:[0.5615086106048046, 0.5575551086962967, 0.5575296606686613, 0.5600631120965223, 0.5615751985050672]
epoch 295
avg_train_loss: 0.5596, train_losses:[0.5615016323075686, 0.5575392039288877, 0.5575132072043174, 0.5600311770838156, 0.5615623132304707]
epoch 296
avg_train_loss: 0.5596, train_losses:[0.5614793800752098, 0.5575212665335239, 0.5574758929146787, 0.5600157926773582, 0.5615085104995369]
epoch 297
avg_train_loss: 0.5596, train_losses:[0.5614663606770695, 0.5574527643522957, 0.5574391970677799, 0.5599872275520471, 0.5615050039143775]
epoch 298
avg_train_loss: 0.5596, train_losses:[0.5614699598917422, 0.5574575992508647, 0.5574569117649409, 0.559939477393758, 0.5614728459662487]
epoch 299
avg_train_loss: 0.5595, train_losses:[0.5614274277690983, 0.5574363080662674, 0.5574037310088724, 0.5599252259164715, 0.5614292550741917]
epoch 300
avg_train_loss: 0.5595, train_losses:[0.5613925613471326, 0.557416095699876, 0.5574163681690876, 0.5599010140594756, 0.5614082456262317]
avg_val_loss: 0.5792, val_losses:[0.5681843897782177, 0.5805761392559365, 0.5696090853848027, 0.5864059450001734, 0.5911690788623607]
epoch 301
avg_train_loss: 0.5595, train_losses:[0.5613997922151559, 0.5573987581817706, 0.5573803308876301, 0.559850507373222, 0.5613937338584268]
epoch 302
avg_train_loss: 0.5595, train_losses:[0.5613691918255345, 0.5573798823375772, 0.5573480693395517, 0.5598181368313493, 0.5613694727437099]
epoch 303
avg_train_loss: 0.5594, train_losses:[0.5613354592766953, 0.5573586539825524, 0.5573505616535898, 0.5597936346066411, 0.5613371453414576]
epoch 304
avg_train_loss: 0.5594, train_losses:[0.5613526279458619, 0.5573697491701795, 0.5573205004714497, 0.5597680542235796, 0.5612990403983442]
epoch 305
avg_train_loss: 0.5594, train_losses:[0.5613139675712546, 0.5573362370110774, 0.5573174121659515, 0.5597224256287439, 0.5612788452376462]
epoch 306
avg_train_loss: 0.5594, train_losses:[0.5613091787299871, 0.5573608111200015, 0.5573019950692987, 0.559691163531235, 0.5612436628649595]
epoch 307
avg_train_loss: 0.5593, train_losses:[0.5612596645261378, 0.5573015340747117, 0.5572706460708369, 0.5596415955422741, 0.561249443904549]
epoch 308
avg_train_loss: 0.5593, train_losses:[0.5612449054633785, 0.5572825017191932, 0.5572265230497778, 0.5596093176832106, 0.5611909643391922]
epoch 309
avg_train_loss: 0.5593, train_losses:[0.5612352784914864, 0.5572568026644997, 0.5572370941790387, 0.5595696413372808, 0.5611967694951616]
epoch 310
avg_train_loss: 0.5593, train_losses:[0.5612112002963839, 0.5572581430409291, 0.5572282103538742, 0.559538415395212, 0.5611585846515208]
avg_val_loss: 0.5791, val_losses:[0.5679710005270387, 0.5804334071973838, 0.5693303971272993, 0.5860426060420594, 0.5916388339035624]
epoch 311
avg_train_loss: 0.5593, train_losses:[0.5611853439900678, 0.5572654574505636, 0.5571904835606655, 0.5594622848336704, 0.5611546563168636]
epoch 312
avg_train_loss: 0.5592, train_losses:[0.5611710074977032, 0.557220286372851, 0.5571709120078485, 0.5594336816456604, 0.5610962928693706]
epoch 313
avg_train_loss: 0.5592, train_losses:[0.56114352418641, 0.5572254643489287, 0.5571543257787254, 0.559375422429056, 0.5610705448562239]
epoch 314
avg_train_loss: 0.5592, train_losses:[0.5611436662461494, 0.5572059718490963, 0.5571381251356683, 0.5593362974133617, 0.5610458045664325]
epoch 315
avg_train_loss: 0.5591, train_losses:[0.5610997507955622, 0.5571719244945793, 0.5571248469572021, 0.5592844712806317, 0.5610114589030094]
epoch 316
avg_train_loss: 0.5591, train_losses:[0.5611069463085223, 0.5571718391607762, 0.5571001529811725, 0.5592343223851735, 0.5609927036869113]
epoch 317
avg_train_loss: 0.5591, train_losses:[0.5610566531629807, 0.5571613891266798, 0.5570775201258981, 0.55922173359989, 0.5609925065973148]
epoch 318
avg_train_loss: 0.5591, train_losses:[0.5610666449864977, 0.5571509725750093, 0.5570591176546369, 0.5591771870828096, 0.5609559646489534]
epoch 319
avg_train_loss: 0.5591, train_losses:[0.5610391498406266, 0.5571236676346939, 0.5570569807587761, 0.5591531226977695, 0.5609320587671665]
epoch 320
avg_train_loss: 0.5590, train_losses:[0.5609985841274929, 0.557066641971721, 0.5570432399910793, 0.5591069773375676, 0.5608932732256837]
avg_val_loss: 0.5790, val_losses:[0.5678278583800579, 0.5802354162078551, 0.5692246956823301, 0.5858194703887651, 0.5918832324351555]
epoch 321
avg_train_loss: 0.5590, train_losses:[0.5609697793860925, 0.5571025928287856, 0.5570299095070781, 0.5590700949509607, 0.5608343561604422]
epoch 322
avg_train_loss: 0.5590, train_losses:[0.5609762075231094, 0.5570958797688584, 0.5569965481212313, 0.5590590698889609, 0.5608897419294829]
epoch 323
avg_train_loss: 0.5590, train_losses:[0.5609548180825963, 0.5570778333165662, 0.5569846105839502, 0.5590211401788702, 0.5608270282389868]
epoch 324
avg_train_loss: 0.5590, train_losses:[0.5609171608875401, 0.5570715552033425, 0.5569675414160693, 0.5590099144779052, 0.5608124572656936]
epoch 325
avg_train_loss: 0.5589, train_losses:[0.5608599453224622, 0.5570555957710185, 0.5569277628153948, 0.5589764408906475, 0.5608025939514749]
epoch 326
avg_train_loss: 0.5589, train_losses:[0.560893741135684, 0.556991546939817, 0.5569413517192466, 0.5589504344271421, 0.5607650600423639]
epoch 327
avg_train_loss: 0.5589, train_losses:[0.5608490864200946, 0.5570007586149668, 0.556873859290638, 0.5589001593379364, 0.5607527369266491]
epoch 328
avg_train_loss: 0.5589, train_losses:[0.5608113315179815, 0.5569838424066119, 0.5568877911141635, 0.5588793534901721, 0.5607298649211098]
epoch 329
avg_train_loss: 0.5588, train_losses:[0.5608325606652367, 0.556959156695032, 0.5568683830174163, 0.5588614386866122, 0.560692753783826]
epoch 330
avg_train_loss: 0.5588, train_losses:[0.5607751260861328, 0.5569655232804317, 0.5568266699754589, 0.5588238170869358, 0.5606838067983594]
avg_val_loss: 0.5789, val_losses:[0.5677499668315018, 0.5800682064922223, 0.5689329041130673, 0.5855850127773955, 0.5919319107566393]
epoch 331
avg_train_loss: 0.5588, train_losses:[0.5607518095869465, 0.5569108248522713, 0.5568192634868618, 0.5588026051243593, 0.5606596102166472]
epoch 332
avg_train_loss: 0.5588, train_losses:[0.5607606325651513, 0.5569218886001641, 0.5568078456730823, 0.5587256416180993, 0.5606382807918596]
epoch 333
avg_train_loss: 0.5588, train_losses:[0.5607348431951751, 0.5568859207529143, 0.5567787142150544, 0.5587577705745079, 0.5606107406763166]
epoch 334
avg_train_loss: 0.5587, train_losses:[0.5607220322758221, 0.5568765969089389, 0.5567827693715544, 0.5587349350630338, 0.5605881261022361]
epoch 335
avg_train_loss: 0.5587, train_losses:[0.5607223765233471, 0.5568700567721326, 0.5567768034531103, 0.5587008897288063, 0.5605834132907852]
epoch 336
avg_train_loss: 0.5587, train_losses:[0.5606791416007013, 0.5568493564773576, 0.5567564805176284, 0.5586723167331241, 0.5605708382055378]
epoch 337
avg_train_loss: 0.5587, train_losses:[0.560629957555303, 0.556832116399517, 0.5567283455510165, 0.5586514891254999, 0.5605372250063817]
epoch 338
avg_train_loss: 0.5587, train_losses:[0.5606172023547964, 0.556769306227658, 0.5567378177691538, 0.5586240079017032, 0.5605248475035667]
epoch 339
avg_train_loss: 0.5586, train_losses:[0.5605902014731156, 0.5567615942171422, 0.5566913213154565, 0.5585745939689677, 0.5605067571802544]
epoch 340
avg_train_loss: 0.5586, train_losses:[0.5605538163556755, 0.556745783740424, 0.5566599334427179, 0.5585796280584919, 0.5604697541858519]
avg_val_loss: 0.5788, val_losses:[0.5675301877783021, 0.5799164279034771, 0.5689334290282101, 0.58539700921937, 0.5923526595856337]
epoch 341
avg_train_loss: 0.5586, train_losses:[0.5605464805649852, 0.5567372674297153, 0.5566614835646887, 0.5585267741290262, 0.5604844892287296]
epoch 342
avg_train_loss: 0.5586, train_losses:[0.560525971298545, 0.556752325895483, 0.5566431578379463, 0.5585350538805551, 0.5604581507451062]
epoch 343
avg_train_loss: 0.5586, train_losses:[0.5605065738531214, 0.5567278730823266, 0.5566395434079695, 0.5585323702927742, 0.5604396341268003]
epoch 344
avg_train_loss: 0.5585, train_losses:[0.5604779063569806, 0.556731589819999, 0.5565912917118376, 0.5585204529909716, 0.5604088803702598]
epoch 345
avg_train_loss: 0.5585, train_losses:[0.5604787638435301, 0.5566991564210603, 0.556569771520725, 0.5584919322672208, 0.5603867744762454]
epoch 346
avg_train_loss: 0.5585, train_losses:[0.5604411401909791, 0.5566996626043464, 0.5565859358128303, 0.5584615684092853, 0.5603484664113857]
epoch 347
avg_train_loss: 0.5585, train_losses:[0.5604364970386401, 0.5566935311046595, 0.5565407210636723, 0.5584354013246324, 0.560372877112011]
epoch 348
avg_train_loss: 0.5585, train_losses:[0.5604032863007989, 0.5566877585138512, 0.5565383596875993, 0.558427371750907, 0.5603292884927019]
epoch 349
avg_train_loss: 0.5585, train_losses:[0.5603952091779757, 0.556658126232821, 0.5564944068738792, 0.558403315082476, 0.5603289171713239]
epoch 350
avg_train_loss: 0.5584, train_losses:[0.560373748102728, 0.556636416404359, 0.5565107261519097, 0.5583996182921057, 0.5603047264547675]
avg_val_loss: 0.5787, val_losses:[0.5673455756813903, 0.5798560497587099, 0.5686262926964775, 0.585120338982729, 0.5925846521061845]
epoch 351
avg_train_loss: 0.5584, train_losses:[0.5603429403809148, 0.5566179187748231, 0.5564627984494952, 0.5583486434424967, 0.5603040720581666]
epoch 352
avg_train_loss: 0.5584, train_losses:[0.5603094161886681, 0.5565832274775235, 0.556460061865778, 0.5583193261575645, 0.5602687022245141]
epoch 353
avg_train_loss: 0.5584, train_losses:[0.5603003653760008, 0.5565834585715356, 0.5564395816939478, 0.558313479826196, 0.5602399512923805]
epoch 354
avg_train_loss: 0.5584, train_losses:[0.5602970862305519, 0.5566089763582134, 0.5564394669264436, 0.5582863490299323, 0.560226080533144]
epoch 355
avg_train_loss: 0.5583, train_losses:[0.5602447199565678, 0.5565722908418766, 0.5564338438523195, 0.5582574534467928, 0.5602199167554881]
epoch 356
avg_train_loss: 0.5583, train_losses:[0.560249205534486, 0.5565455850782355, 0.5564093077602713, 0.5581844666906631, 0.560198080055828]
epoch 357
avg_train_loss: 0.5583, train_losses:[0.5602282078895774, 0.5565207434215003, 0.5563702282917147, 0.5582344049546669, 0.5601723312199303]
epoch 358
avg_train_loss: 0.5583, train_losses:[0.5602081223706762, 0.5565191842408128, 0.5563778608164723, 0.5582542196499147, 0.5601242387353421]
epoch 359
avg_train_loss: 0.5583, train_losses:[0.560196547994657, 0.5564796467337678, 0.5563636986392325, 0.558190948299158, 0.5601719607498145]
epoch 360
avg_train_loss: 0.5582, train_losses:[0.5601796792264427, 0.5564897910809824, 0.5563225444964677, 0.5581599792505217, 0.5600812603569721]
avg_val_loss: 0.5785, val_losses:[0.5672116113748481, 0.5797211261204199, 0.5685599683835497, 0.584964944492912, 0.5922366812165283]
epoch 361
avg_train_loss: 0.5582, train_losses:[0.5601589668048402, 0.556464805436883, 0.556318687627699, 0.5581316527036614, 0.560118118482029]
epoch 362
avg_train_loss: 0.5582, train_losses:[0.5601480903288067, 0.5564645995924143, 0.5563417616432885, 0.5581517830752257, 0.5600527157194712]
epoch 363
avg_train_loss: 0.5582, train_losses:[0.5601117951305342, 0.5564840538594934, 0.5563078334950063, 0.5581080018282629, 0.5600957616611764]
epoch 364
avg_train_loss: 0.5582, train_losses:[0.5600989478643027, 0.5564350281725999, 0.5562780007440473, 0.558119955196914, 0.5600290044631009]
epoch 365
avg_train_loss: 0.5582, train_losses:[0.5601388186264215, 0.5563972021917392, 0.5562808073576724, 0.5580802208939343, 0.560021562594704]
epoch 366
avg_train_loss: 0.5582, train_losses:[0.5600541485310269, 0.5564177509434308, 0.5562686440164009, 0.5580764434925943, 0.5599965832468687]
epoch 367
avg_train_loss: 0.5581, train_losses:[0.5600793432821992, 0.5564110213841348, 0.5562459647290939, 0.5579672507262268, 0.5599947876253789]
epoch 368
avg_train_loss: 0.5581, train_losses:[0.5600268547399795, 0.5563829118503587, 0.5562522614373293, 0.5580219587904749, 0.5599766466743685]
epoch 369
avg_train_loss: 0.5581, train_losses:[0.560020578464771, 0.5563841080826071, 0.5561847322056477, 0.558005942238136, 0.5599463261614019]
no_improve_num: 1
epoch 370
avg_train_loss: 0.5581, train_losses:[0.5599903331247055, 0.5563764085410645, 0.5561962409018981, 0.5579890094733879, 0.5599217325086491]
avg_val_loss: 0.5786, val_losses:[0.5671266613191345, 0.5797287667076233, 0.5684166176488235, 0.584788070499563, 0.592970148926553]
epoch 371
avg_train_loss: 0.5581, train_losses:[0.55997343969552, 0.5563827662204912, 0.5561862199186004, 0.5579863410907281, 0.5599141950300682]
epoch 372
avg_train_loss: 0.5581, train_losses:[0.5599372537232123, 0.5563655532923248, 0.556185805233851, 0.5579195182363047, 0.559892778910948]
epoch 373
avg_train_loss: 0.5581, train_losses:[0.5599499458874335, 0.5563392062104835, 0.5561570042866029, 0.557972634469383, 0.5598791459634099]
epoch 374
avg_train_loss: 0.5580, train_losses:[0.5599181802613231, 0.5563515389913024, 0.556145695191679, 0.5579380508278433, 0.5598502518807471]
epoch 375
avg_train_loss: 0.5580, train_losses:[0.5599047224359607, 0.5563228165583627, 0.5561237599146103, 0.5579333666322677, 0.5598513681868704]
epoch 376
avg_train_loss: 0.5580, train_losses:[0.5599033930183789, 0.5563115317344046, 0.5561134931158677, 0.5578766277108727, 0.5597940574452185]
epoch 377
avg_train_loss: 0.5580, train_losses:[0.5598796695653084, 0.5562952377099907, 0.5561037986862707, 0.5578930754045616, 0.5597836642671319]
epoch 378
avg_train_loss: 0.5580, train_losses:[0.5598435680133969, 0.5563237380882875, 0.5560821431663221, 0.5578684513352268, 0.5597962344443845]
epoch 379
avg_train_loss: 0.5580, train_losses:[0.5598408486082487, 0.5563057385242222, 0.5560883691359191, 0.5578126194453294, 0.5597503544472273]
epoch 380
avg_train_loss: 0.5579, train_losses:[0.5598196426352597, 0.5562619027111183, 0.5560577867170969, 0.5577893434975452, 0.5597613962219276]
avg_val_loss: 0.5785, val_losses:[0.5669588382833558, 0.5796672363774574, 0.5683426103647964, 0.5848221928756941, 0.5925617113570948]
epoch 381
avg_train_loss: 0.5579, train_losses:[0.5597915077501111, 0.5562674899424178, 0.5560549385490532, 0.557824633002106, 0.5597270265602423]
epoch 382
avg_train_loss: 0.5579, train_losses:[0.5597897600165543, 0.556268400247721, 0.556029628531414, 0.5578050053526569, 0.5597222147050477]
epoch 383
avg_train_loss: 0.5579, train_losses:[0.5597544144581293, 0.5562303980617873, 0.5560111405888803, 0.5577709125894899, 0.5597161590539808]
epoch 384
avg_train_loss: 0.5579, train_losses:[0.5597678892319271, 0.5562190866695991, 0.5559874029734188, 0.557745773120317, 0.5596750567963626]
epoch 385
avg_train_loss: 0.5579, train_losses:[0.5597415903111764, 0.5562494151612702, 0.5560309359253982, 0.5577136342335347, 0.5596498500271151]
epoch 386
avg_train_loss: 0.5579, train_losses:[0.5597315250627694, 0.5562106337597239, 0.555978607458522, 0.5577333563620585, 0.5596342302865958]
epoch 387
avg_train_loss: 0.5578, train_losses:[0.5597111521923339, 0.5562071227453435, 0.5559826171809145, 0.557670088518296, 0.559630177345891]
epoch 388
avg_train_loss: 0.5578, train_losses:[0.5596878366421948, 0.5561986701104069, 0.5559605868911867, 0.5576985355289803, 0.5596003903788068]
epoch 389
avg_train_loss: 0.5578, train_losses:[0.5596791187801322, 0.5561796182535977, 0.5559554124719994, 0.5576608729359637, 0.5595599710696934]
epoch 390
avg_train_loss: 0.5578, train_losses:[0.5596438949624682, 0.5562089663652531, 0.5559001226255238, 0.5576477377398085, 0.5595769864321569]
avg_val_loss: 0.5784, val_losses:[0.5668453887274019, 0.5797154549791853, 0.5680764751289652, 0.5844917286773417, 0.5926524172427551]
epoch 391
avg_train_loss: 0.5578, train_losses:[0.5596660290201211, 0.5561701775098167, 0.5559431323307149, 0.5576143870276878, 0.5595458329123064]
epoch 392
avg_train_loss: 0.5578, train_losses:[0.5596352661194041, 0.5561658163782587, 0.5558989262639525, 0.5575942833485853, 0.5595305565970182]
epoch 393
avg_train_loss: 0.5578, train_losses:[0.5595797441270218, 0.5561621826852713, 0.5559073433289665, 0.5575947834781315, 0.5595202248645835]
epoch 394
avg_train_loss: 0.5577, train_losses:[0.5595900716362732, 0.5561255711050066, 0.5559019020625523, 0.5575843141005795, 0.5595016029952441]
epoch 395
avg_train_loss: 0.5577, train_losses:[0.5595743576466995, 0.5560969068561957, 0.5558878876291521, 0.5575500710773758, 0.5594537273788609]
epoch 396
avg_train_loss: 0.5577, train_losses:[0.5595676613773725, 0.556124524856838, 0.555856240585064, 0.5575513115034532, 0.5594422489066617]
epoch 397
avg_train_loss: 0.5577, train_losses:[0.5595589297602352, 0.5561171148001494, 0.5558559910304546, 0.5575328077784274, 0.5594291619684619]
epoch 398
avg_train_loss: 0.5577, train_losses:[0.5595516764918468, 0.5561328780617693, 0.5558338199049733, 0.5575174510043145, 0.5594256244731174]
epoch 399
avg_train_loss: 0.5577, train_losses:[0.5595328830457237, 0.5560876395304251, 0.5558231854359762, 0.5574993041831525, 0.5593829334181353]
no_improve_num: 1
epoch 400
avg_train_loss: 0.5577, train_losses:[0.5595236346479459, 0.5561109187448868, 0.5557961471830161, 0.5574777142492899, 0.5593990212836129]
avg_val_loss: 0.5784, val_losses:[0.5667352707794623, 0.5795266373375489, 0.5682632798328742, 0.5844736835564586, 0.5929722688183751]
epoch 401
avg_train_loss: 0.5576, train_losses:[0.5594981596182884, 0.5560792315098717, 0.5558253805658622, 0.5574711160546231, 0.5593666534199323]
epoch 402
avg_train_loss: 0.5576, train_losses:[0.5594848500357281, 0.5560646456522998, 0.5557742040773263, 0.5574341575324354, 0.5593819528089059]
epoch 403
avg_train_loss: 0.5576, train_losses:[0.5594943985096044, 0.5560487785402733, 0.5557916327548775, 0.557463785499985, 0.5593426686314362]
epoch 404
avg_train_loss: 0.5576, train_losses:[0.5594590362776828, 0.556049834342048, 0.55577214506647, 0.557458558650013, 0.5593357467131649]
epoch 405
avg_train_loss: 0.5576, train_losses:[0.5594285565066656, 0.5560407205776134, 0.555774502807244, 0.5574469198945826, 0.5592975632910099]
epoch 406
avg_train_loss: 0.5576, train_losses:[0.5594385524624075, 0.556016744513024, 0.5557634076837692, 0.5574184210803808, 0.5592870193173264]
epoch 407
avg_train_loss: 0.5576, train_losses:[0.5594251842996031, 0.555996425412426, 0.5557699211983758, 0.5574057055107411, 0.559265419472204]
epoch 408
avg_train_loss: 0.5576, train_losses:[0.5593920247797621, 0.5560082066288025, 0.5557548267207474, 0.5573889441671348, 0.5592327777790668]
epoch 409
avg_train_loss: 0.5575, train_losses:[0.5593811717325676, 0.5559883154252794, 0.5557434653549105, 0.5573526624439069, 0.5592292398438357]
epoch 410
avg_train_loss: 0.5575, train_losses:[0.5593843230580584, 0.5559701434075252, 0.5557127829521328, 0.5573531638351158, 0.559174291635775]
avg_val_loss: 0.5782, val_losses:[0.5666260511615783, 0.5793810139527424, 0.5680309093371594, 0.5842663674499878, 0.5928534329621892]
epoch 411
avg_train_loss: 0.5575, train_losses:[0.5593627764280384, 0.5560003957534327, 0.5557212521719747, 0.5573585862611101, 0.5592021533206983]
epoch 412
avg_train_loss: 0.5575, train_losses:[0.5593479948427189, 0.5559654044350223, 0.5557054129102067, 0.5573584277315322, 0.5591556228329709]
epoch 413
avg_train_loss: 0.5575, train_losses:[0.5593244902000163, 0.5559546224940694, 0.555701268596221, 0.5573024069089431, 0.5591615703615217]
epoch 414
avg_train_loss: 0.5575, train_losses:[0.5593146720725031, 0.5559551680485584, 0.5556956617088505, 0.5573258468850765, 0.5591366291738556]
epoch 415
avg_train_loss: 0.5575, train_losses:[0.559302000520528, 0.5559482809728841, 0.5556811719860945, 0.5573054799584055, 0.5591298246849621]
epoch 416
avg_train_loss: 0.5574, train_losses:[0.5592948522970015, 0.5558960131462546, 0.5556749463688261, 0.5572952198854749, 0.5590827816681603]
epoch 417
avg_train_loss: 0.5574, train_losses:[0.5592592188880796, 0.5559449275145952, 0.5556603632362009, 0.557264817207232, 0.5590828721992823]
epoch 418
avg_train_loss: 0.5574, train_losses:[0.5592574097617591, 0.5559335909716379, 0.5556625304567674, 0.5572777368546054, 0.5590600058185903]
epoch 419
avg_train_loss: 0.5574, train_losses:[0.559251255337287, 0.5559155223735531, 0.5556540651288338, 0.5572672394435024, 0.5590489514908277]
no_improve_num: 1
epoch 420
avg_train_loss: 0.5574, train_losses:[0.5592171364223708, 0.5558984111410897, 0.5556316641608199, 0.5572494511228845, 0.5590397085553068]
avg_val_loss: 0.5784, val_losses:[0.566584295122386, 0.5794216328197055, 0.5679972284198932, 0.5843274443873262, 0.5935116566518019]
epoch 421
avg_train_loss: 0.5574, train_losses:[0.5592658383579002, 0.5558823888965042, 0.555638659066382, 0.5572238314093517, 0.5590294893768392]
epoch 422
avg_train_loss: 0.5574, train_losses:[0.5592032377645829, 0.5558904570400375, 0.555630638788635, 0.5572225202110324, 0.5589942831077162]
epoch 423
avg_train_loss: 0.5574, train_losses:[0.5592186295078267, 0.5558950742615965, 0.5556154702710686, 0.5572128241898466, 0.5589857226604481]
epoch 424
avg_train_loss: 0.5574, train_losses:[0.5591870290444416, 0.555886802290829, 0.555618996637204, 0.557191305272616, 0.5589502309252367]
epoch 425
avg_train_loss: 0.5574, train_losses:[0.5591856959243539, 0.5558615753402772, 0.5555786013798723, 0.5571913784887563, 0.5589486478830566]
epoch 426
avg_train_loss: 0.5573, train_losses:[0.5591637932427796, 0.5558280313005208, 0.5555909110169736, 0.5571848824429317, 0.5588855604721709]
epoch 427
avg_train_loss: 0.5573, train_losses:[0.559155159344919, 0.555846753187263, 0.5555716156328193, 0.5571307721226225, 0.558866458918629]
epoch 428
avg_train_loss: 0.5573, train_losses:[0.5591216966248628, 0.5558337921514523, 0.5555421798524196, 0.557178091505128, 0.5588409375204355]
epoch 429
avg_train_loss: 0.5573, train_losses:[0.559128820977612, 0.555820769625122, 0.5555538257165394, 0.5571405277321604, 0.558834969830412]
epoch 430
avg_train_loss: 0.5573, train_losses:[0.5591013452403671, 0.5558473026183858, 0.55554161102489, 0.5571262360405261, 0.5588194969794587]
avg_val_loss: 0.5782, val_losses:[0.5663777961705867, 0.5794171667887537, 0.5678646006071943, 0.584221243459181, 0.5931552655876758]
epoch 431
avg_train_loss: 0.5573, train_losses:[0.5590842308420371, 0.5557999805099153, 0.5555161581817566, 0.5571061232558655, 0.5587979901133461]
epoch 432
avg_train_loss: 0.5573, train_losses:[0.559100507512736, 0.5557986516055522, 0.5555168299910905, 0.5571282420646106, 0.5587684835862377]
epoch 433
avg_train_loss: 0.5572, train_losses:[0.5590689069862169, 0.555787039016127, 0.5554943489955879, 0.5571007156144381, 0.5587655944634905]
epoch 434
avg_train_loss: 0.5572, train_losses:[0.5590524055114894, 0.5557913569283607, 0.5555070114827365, 0.5570460058221501, 0.5587351893904562]
epoch 435
avg_train_loss: 0.5572, train_losses:[0.5590756422316498, 0.5557667021982841, 0.5554908414922748, 0.5570847703964379, 0.5587508955279774]
epoch 436
avg_train_loss: 0.5572, train_losses:[0.5590238067316611, 0.5557582745247146, 0.5554684173357386, 0.5570384417937542, 0.5587127511864952]
epoch 437
avg_train_loss: 0.5572, train_losses:[0.5589934597009841, 0.5557576461852047, 0.5554859629477175, 0.5570710248407368, 0.558698216699358]
epoch 438
avg_train_loss: 0.5572, train_losses:[0.5590017966366801, 0.5557819248980956, 0.5554751128596767, 0.557045824695677, 0.5586828879723869]
epoch 439
avg_train_loss: 0.5572, train_losses:[0.559019698222823, 0.5557618823704218, 0.5554557641150379, 0.5570515171388382, 0.5586349881255791]
epoch 440
avg_train_loss: 0.5572, train_losses:[0.5589961911077099, 0.5557588147464138, 0.5554475871610027, 0.5570291149081436, 0.5586435796418802]
avg_val_loss: 0.5781, val_losses:[0.5663446363805502, 0.5792692919254498, 0.5678635083930128, 0.5840576081160592, 0.593180190676089]
epoch 441
avg_train_loss: 0.5572, train_losses:[0.5589748587342604, 0.5557452289768615, 0.5554248716775242, 0.5570136379604195, 0.5586389391388384]
epoch 442
avg_train_loss: 0.5571, train_losses:[0.5589425608148646, 0.5557152383928358, 0.5554064039358472, 0.5570041658746601, 0.5586307292975443]
epoch 443
avg_train_loss: 0.5571, train_losses:[0.5589772002821711, 0.5557246712173677, 0.5554004758448768, 0.5569734924399711, 0.5585985726731485]
epoch 444
avg_train_loss: 0.5571, train_losses:[0.5589183944663111, 0.5557062085732555, 0.5553825408017651, 0.5569770980546027, 0.5585826504087129]
epoch 445
avg_train_loss: 0.5571, train_losses:[0.5589495596612127, 0.5556843847797025, 0.5553783229793894, 0.5569696099815499, 0.5585859300775151]
epoch 446
avg_train_loss: 0.5571, train_losses:[0.5589296407123151, 0.5557062998508232, 0.5553729064839219, 0.5569583204805812, 0.5585631622110737]
epoch 447
avg_train_loss: 0.5571, train_losses:[0.5589095221885664, 0.5556848052850032, 0.5553745764729983, 0.5569290069898013, 0.5585403835755547]
epoch 448
avg_train_loss: 0.5571, train_losses:[0.5588935508157622, 0.5556956565308409, 0.5553598003355354, 0.5569285919181014, 0.5585401663733617]
epoch 449
avg_train_loss: 0.5571, train_losses:[0.5588628967255471, 0.5556745712762488, 0.5553287077040497, 0.5569309476243299, 0.5584915896020529]
epoch 450
avg_train_loss: 0.5571, train_losses:[0.5588543680191822, 0.5556795192224284, 0.5553324225884326, 0.5569053107994355, 0.5585153830031871]
avg_val_loss: 0.5780, val_losses:[0.566236734581691, 0.5792590783351722, 0.5676618585808773, 0.5839453876157007, 0.5930764193805989]
epoch 451
avg_train_loss: 0.5570, train_losses:[0.5588281555737389, 0.555663718595639, 0.5553178805682878, 0.5568635642180279, 0.5585007858240525]
epoch 452
avg_train_loss: 0.5570, train_losses:[0.5588687240830996, 0.5556467226530631, 0.5553205589118702, 0.5568680581286212, 0.5584575023598337]
epoch 453
avg_train_loss: 0.5570, train_losses:[0.5588011211312236, 0.5556252680022133, 0.5553132494521482, 0.5568457233362839, 0.5584429942781163]
epoch 454
avg_train_loss: 0.5570, train_losses:[0.5588371885866797, 0.5556029405100041, 0.5553141274613344, 0.5568373519120904, 0.5584412301899844]
epoch 455
avg_train_loss: 0.5570, train_losses:[0.5587743833046541, 0.5556444164113375, 0.5553021059415222, 0.5568415878692103, 0.5584211349731686]
epoch 456
avg_train_loss: 0.5570, train_losses:[0.5587844332685133, 0.5556260065533936, 0.5553003929439077, 0.5568232827781348, 0.5583898142149202]
epoch 457
avg_train_loss: 0.5570, train_losses:[0.558742325895407, 0.5556115175169656, 0.5552666484382957, 0.5568089116435107, 0.558385173630418]
epoch 458
avg_train_loss: 0.5570, train_losses:[0.5587827856879486, 0.5556139053981346, 0.5553034003746987, 0.5567917105051174, 0.5583817899569277]
epoch 459
avg_train_loss: 0.5570, train_losses:[0.5587493558118499, 0.555586631531987, 0.5552862409699434, 0.5567876177655338, 0.558356816804163]
no_improve_num: 1
epoch 460
avg_train_loss: 0.5569, train_losses:[0.5587431497844636, 0.5555747470761786, 0.5552742891949177, 0.5567686701644109, 0.5583408083260116]
avg_val_loss: 0.5780, val_losses:[0.5660515318839655, 0.5792416253832173, 0.5676761401616861, 0.5838816574285538, 0.5933588931246362]
epoch 461
avg_train_loss: 0.5569, train_losses:[0.5587201918968151, 0.555589707253445, 0.5552730626593477, 0.5567407103652333, 0.5583205520984529]
epoch 462
avg_train_loss: 0.5569, train_losses:[0.5587037005337171, 0.5555859660065268, 0.5552731115149129, 0.5567403977040766, 0.558317552136482]
epoch 463
avg_train_loss: 0.5569, train_losses:[0.5586714936658284, 0.5555604184592764, 0.5552497680615641, 0.556723916711254, 0.5583047423961304]
epoch 464
avg_train_loss: 0.5569, train_losses:[0.5586567721861527, 0.5555588746802402, 0.5552693418953528, 0.5566994007548917, 0.5582821666705603]
epoch 465
avg_train_loss: 0.5569, train_losses:[0.558681806163434, 0.5555608195763166, 0.5552513747740383, 0.5567121010389653, 0.5582971644846325]
epoch 466
avg_train_loss: 0.5569, train_losses:[0.5586627903958757, 0.5555321879800247, 0.5552355169895574, 0.5566925803212712, 0.5582432959784213]
epoch 467
avg_train_loss: 0.5569, train_losses:[0.5586326896796062, 0.5555121229654308, 0.5552443330107981, 0.5567088108450591, 0.5582390175795025]
epoch 468
avg_train_loss: 0.5569, train_losses:[0.5586144599491919, 0.5555205034819447, 0.5552347293394405, 0.5566656043408782, 0.558250632335111]
epoch 469
avg_train_loss: 0.5568, train_losses:[0.5586135998721101, 0.5555132536645443, 0.5552103024407715, 0.556654450093392, 0.5582114200424558]
epoch 470
avg_train_loss: 0.5568, train_losses:[0.5585983721898008, 0.5555020919346559, 0.5551952943569872, 0.5566593426587979, 0.5581928090603117]
avg_val_loss: 0.5780, val_losses:[0.56593808947617, 0.5790608039445787, 0.5677017929271481, 0.5838598510321982, 0.5934059550000905]
epoch 471
avg_train_loss: 0.5568, train_losses:[0.5585866894228154, 0.5555039867786754, 0.5551943102316971, 0.5566639480936387, 0.5581815863618502]
epoch 472
avg_train_loss: 0.5568, train_losses:[0.5585958213057016, 0.5555160591285189, 0.5551736760392816, 0.5566556434723889, 0.5581672809986497]
epoch 473
avg_train_loss: 0.5568, train_losses:[0.5585567440733119, 0.5554892059102327, 0.5551628051129339, 0.55664457490187, 0.5581473807249464]
epoch 474
avg_train_loss: 0.5568, train_losses:[0.558532169184377, 0.5554637853214663, 0.5551475556473437, 0.5566292239544182, 0.558123393085333]
epoch 475
avg_train_loss: 0.5568, train_losses:[0.5585286151451657, 0.5554653163739018, 0.5551499702657793, 0.5566013065202189, 0.558114022798546]
epoch 476
avg_train_loss: 0.5568, train_losses:[0.5585566306356957, 0.5554531354986778, 0.555142681465145, 0.5566035444468385, 0.5580843346511892]
epoch 477
avg_train_loss: 0.5568, train_losses:[0.5585287938430148, 0.5554462820815939, 0.5551325457408186, 0.5565970002185391, 0.558088521007894]
epoch 478
avg_train_loss: 0.5567, train_losses:[0.5585136339788853, 0.5554659986624684, 0.5551558981530915, 0.5565533468159735, 0.5580342433011742]
epoch 479
avg_train_loss: 0.5567, train_losses:[0.5584984528467303, 0.5554329419228101, 0.5551577790607805, 0.5565458428911847, 0.5580877029571569]
epoch 480
avg_train_loss: 0.5567, train_losses:[0.5584867782077437, 0.5554255868405971, 0.5551439101431992, 0.5565584343545734, 0.5580199022867877]
avg_val_loss: 0.5779, val_losses:[0.5658106775138488, 0.5790472219220696, 0.5676279544944367, 0.5836469897712957, 0.593240682644685]
epoch 481
avg_train_loss: 0.5567, train_losses:[0.5584773225388716, 0.5554446095824302, 0.5551041754858541, 0.5565358334410507, 0.5580480562519698]
epoch 482
avg_train_loss: 0.5567, train_losses:[0.5584609743922915, 0.5554339477315886, 0.5551266807838895, 0.5565189982825488, 0.5580123876578759]
epoch 483
avg_train_loss: 0.5567, train_losses:[0.558454384412178, 0.555417266313642, 0.5551315946285222, 0.5565224878415381, 0.5579979025602373]
epoch 484
avg_train_loss: 0.5567, train_losses:[0.5584370637753006, 0.5554216341506463, 0.5551020996833795, 0.5564987364964592, 0.5579760781611122]
epoch 485
avg_train_loss: 0.5567, train_losses:[0.5584155555348509, 0.5554038874964591, 0.5551026906628113, 0.5564766940330625, 0.5579998893776568]
epoch 486
avg_train_loss: 0.5567, train_losses:[0.5584092576902028, 0.5553728418652123, 0.5550948426269485, 0.556470607428807, 0.5579611262541024]
epoch 487
avg_train_loss: 0.5567, train_losses:[0.5583840820156938, 0.5553900324062512, 0.5551103208984509, 0.5564752503835976, 0.5579587358202914]
epoch 488
avg_train_loss: 0.5567, train_losses:[0.5584035585965832, 0.5554058522756854, 0.5551016275629451, 0.55644851387266, 0.5579757109412701]
epoch 489
avg_train_loss: 0.5567, train_losses:[0.558385842341437, 0.5553837664117085, 0.5550777943360694, 0.5564530363096571, 0.5579658452769162]
epoch 490
avg_train_loss: 0.5566, train_losses:[0.5583424043104703, 0.5553736841048909, 0.5550853774716776, 0.5564515655502312, 0.5579509266017156]
avg_val_loss: 0.5778, val_losses:[0.5657069279967688, 0.5789907505819507, 0.5674503578161532, 0.5835426164989802, 0.5933347590279879]
epoch 491
avg_train_loss: 0.5566, train_losses:[0.5583645935656045, 0.5553684018568341, 0.5550634991781727, 0.5564292559799434, 0.5579311692667444]
epoch 492
avg_train_loss: 0.5566, train_losses:[0.5583594790484031, 0.5553589234535975, 0.5550894255958599, 0.5564047452983285, 0.557933110429629]
epoch 493
avg_train_loss: 0.5566, train_losses:[0.5583344471402891, 0.5553583315617769, 0.5550675525893217, 0.5564386705648473, 0.5579020870592126]
epoch 494
avg_train_loss: 0.5566, train_losses:[0.5583172198542199, 0.5553510778443221, 0.5550363678106478, 0.5563998012725692, 0.5578989702828908]
epoch 495
avg_train_loss: 0.5566, train_losses:[0.5583154820082686, 0.5553235383681712, 0.5550651896797026, 0.5563856581373707, 0.5579228316424436]
epoch 496
avg_train_loss: 0.5566, train_losses:[0.5582989420197393, 0.5553384479180462, 0.5550453823538267, 0.5563735189968029, 0.5578933851028444]
epoch 497
avg_train_loss: 0.5566, train_losses:[0.5583302142064751, 0.5553174713110294, 0.5550583088553167, 0.5563750449374176, 0.5578999120354636]
epoch 498
avg_train_loss: 0.5566, train_losses:[0.5582809345170774, 0.555331973657539, 0.5550430891584454, 0.55638440845401, 0.5578795643766444]
epoch 499
avg_train_loss: 0.5566, train_losses:[0.5582933128603083, 0.555302918619195, 0.5550299458037428, 0.5563424957608298, 0.5578665389003886]
epoch 500
avg_train_loss: 0.5566, train_losses:[0.5582693457240943, 0.5552975451210646, 0.5550610738880475, 0.556329245068074, 0.557857813866262]
avg_val_loss: 0.5777, val_losses:[0.5656471777535762, 0.579010709356509, 0.5674497892626228, 0.5833532706756352, 0.5931037649911501]
epoch 501
avg_train_loss: 0.5565, train_losses:[0.5582461893837514, 0.5552813378530063, 0.555027209305562, 0.5563099040257885, 0.557843393598959]
epoch 502
avg_train_loss: 0.5565, train_losses:[0.5582539607219368, 0.5552934155702616, 0.5550148852535335, 0.5563107599523163, 0.5578249941575033]
epoch 503
avg_train_loss: 0.5565, train_losses:[0.5582325952703229, 0.5552549564140269, 0.5549846432473526, 0.556311028296431, 0.5578052699525157]
epoch 504
avg_train_loss: 0.5565, train_losses:[0.558234818837003, 0.5552623258897831, 0.5550174397668217, 0.5562799725698473, 0.5577966487723751]
epoch 505
avg_train_loss: 0.5565, train_losses:[0.5581957547446402, 0.555240607077958, 0.5549913562573835, 0.5562732423608816, 0.557765669647227]
epoch 506
avg_train_loss: 0.5565, train_losses:[0.5581366867269968, 0.5552095592186905, 0.5549948626039181, 0.5562535131521805, 0.5577659198694319]
epoch 507
avg_train_loss: 0.5565, train_losses:[0.5581936054969097, 0.5551984353508976, 0.5549984317158726, 0.5562651085141588, 0.5577615772837153]
epoch 508
avg_train_loss: 0.5565, train_losses:[0.5581802077446059, 0.5552145663662718, 0.554986011832479, 0.5562667418121742, 0.557750094840317]
epoch 509
avg_train_loss: 0.5565, train_losses:[0.5581625615967576, 0.55516162821294, 0.5549645453663988, 0.5562432706233854, 0.5577547346142874]
epoch 510
avg_train_loss: 0.5564, train_losses:[0.5581606346439867, 0.55515935939239, 0.5549568031900308, 0.5562285168078794, 0.5577319868034201]
avg_val_loss: 0.5776, val_losses:[0.5655599562085944, 0.5789202518584999, 0.5673789288464247, 0.5831983987711908, 0.5931611089937149]
epoch 511
avg_train_loss: 0.5564, train_losses:[0.5581776512089917, 0.5551432150771173, 0.5549650596522265, 0.5562077349693803, 0.557726940940732]
epoch 512
avg_train_loss: 0.5564, train_losses:[0.5581652698108878, 0.5551161074897419, 0.5549471289531441, 0.5561808635521974, 0.5577039143924132]
epoch 513
avg_train_loss: 0.5564, train_losses:[0.5581248642647438, 0.5551188622051485, 0.5549525354571405, 0.5562232293736667, 0.5577026795653416]
epoch 514
avg_train_loss: 0.5564, train_losses:[0.5581185857920634, 0.5551006496431203, 0.554948624382706, 0.5561788692140203, 0.5576745160937195]
epoch 515
avg_train_loss: 0.5564, train_losses:[0.5581045526791333, 0.5550798594067753, 0.5549422204199171, 0.5561878862784876, 0.55764220885294]
epoch 516
avg_train_loss: 0.5564, train_losses:[0.5581162006877739, 0.5550922354038638, 0.5549251621884814, 0.556161535811847, 0.5576631178723278]
epoch 517
avg_train_loss: 0.5564, train_losses:[0.5581032132069462, 0.5550229777769896, 0.5549001082282579, 0.5561565995617577, 0.5576646736211687]
epoch 518
avg_train_loss: 0.5564, train_losses:[0.5580978123524283, 0.555004222990284, 0.5548875410185239, 0.5561523423427218, 0.5576427761071755]
epoch 519
avg_train_loss: 0.5564, train_losses:[0.5580492704535474, 0.5550592633076075, 0.5549067901315355, 0.556151720757536, 0.557654487120579]
epoch 520
avg_train_loss: 0.5563, train_losses:[0.5580682895916488, 0.5550202352383068, 0.5548714991453613, 0.5561223658162031, 0.5576360815858782]
avg_val_loss: 0.5776, val_losses:[0.5654642739036263, 0.5787481284131766, 0.5674281679689518, 0.5830866352316296, 0.593262499003804]
epoch 521
avg_train_loss: 0.5563, train_losses:[0.5580492868663616, 0.5550197104549174, 0.5549083683848133, 0.5561136090126566, 0.5576153820706665]
epoch 522
avg_train_loss: 0.5563, train_losses:[0.558054419765752, 0.5549939368959453, 0.5548788365999391, 0.5560707219769079, 0.5576111560427004]
epoch 523
avg_train_loss: 0.5563, train_losses:[0.5580385820721523, 0.5549791189199608, 0.554851711859452, 0.5561045986190135, 0.5575892070864041]
epoch 524
avg_train_loss: 0.5563, train_losses:[0.5579966215284602, 0.5550035296400224, 0.5548540967580468, 0.5560872879257477, 0.5575886082621534]
epoch 525
avg_train_loss: 0.5563, train_losses:[0.5580193359345869, 0.5550037240745405, 0.5548653336072614, 0.5560727760979307, 0.5575987438295682]
epoch 526
avg_train_loss: 0.5563, train_losses:[0.5579859506433409, 0.554951307715914, 0.5548514869189725, 0.5560648320810142, 0.5575585521251529]
epoch 527
avg_train_loss: 0.5563, train_losses:[0.5580238610425613, 0.5549485238285073, 0.554839507513639, 0.5560492896795819, 0.5575412715761913]
epoch 528
avg_train_loss: 0.5563, train_losses:[0.5579819633498256, 0.5549309815972545, 0.5548236395767968, 0.5560424782028489, 0.5575535127345014]
epoch 529
avg_train_loss: 0.5563, train_losses:[0.5579760095958858, 0.5549201020062688, 0.5548279062649205, 0.5560327658961354, 0.5575527002393702]
epoch 530
avg_train_loss: 0.5563, train_losses:[0.5579657753396866, 0.5549076603721798, 0.554826366411396, 0.5560386666317366, 0.5575437066585001]
avg_val_loss: 0.5776, val_losses:[0.5653839473257107, 0.5785886390753028, 0.5673053241075836, 0.5831668065662053, 0.5933151347608498]
epoch 531
avg_train_loss: 0.5562, train_losses:[0.5579615867748476, 0.5549257122855666, 0.5548038488714664, 0.5560187516694481, 0.5575086782420775]
epoch 532
avg_train_loss: 0.5562, train_losses:[0.5579457292653053, 0.5548984955720191, 0.554803799783731, 0.5560097733977943, 0.5574986575095237]
epoch 533
avg_train_loss: 0.5562, train_losses:[0.5579591765533926, 0.5548687766822853, 0.5548047998147264, 0.5559638547967397, 0.5574886820486404]
epoch 534
avg_train_loss: 0.5562, train_losses:[0.5579451784533798, 0.554882073853915, 0.5547797735723835, 0.5559507393686676, 0.5574799513774474]
epoch 535
avg_train_loss: 0.5562, train_losses:[0.5579124657127835, 0.5548799390058374, 0.5547821844333253, 0.5559935980562134, 0.557507064224544]
epoch 536
avg_train_loss: 0.5562, train_losses:[0.5579206770097007, 0.5548699992587399, 0.5547823968060575, 0.5559252463254425, 0.5574949616509024]
epoch 537
avg_train_loss: 0.5562, train_losses:[0.5579152592515524, 0.5548232041626978, 0.5547496379898306, 0.5559608707703487, 0.5574643278164307]
epoch 538
avg_train_loss: 0.5562, train_losses:[0.5579161713042429, 0.5548498116368196, 0.554755532931356, 0.5559401643006571, 0.5574449548935392]
epoch 539
avg_train_loss: 0.5562, train_losses:[0.5578862766024966, 0.5548382355144312, 0.5547557633991191, 0.5559368478042946, 0.5574432432415284]
epoch 540
avg_train_loss: 0.5562, train_losses:[0.5579067995405117, 0.5548480170761333, 0.5547379981662128, 0.5559265421455313, 0.5574528893902114]
avg_val_loss: 0.5775, val_losses:[0.5653827680465513, 0.57871809888932, 0.5672116769424012, 0.5830229931358628, 0.593047788978731]
epoch 541
avg_train_loss: 0.5562, train_losses:[0.5578973559689366, 0.5548361948256848, 0.5547423879148026, 0.555907335114413, 0.5574108161601405]
epoch 542
avg_train_loss: 0.5561, train_losses:[0.5578538412158537, 0.5548054103820036, 0.5547520821101926, 0.5558971344465422, 0.55741748112757]
epoch 543
avg_train_loss: 0.5561, train_losses:[0.557810773551576, 0.5548106972785587, 0.5547156526767287, 0.5558528978290135, 0.557400829820208]
epoch 544
avg_train_loss: 0.5561, train_losses:[0.5578824906515856, 0.5548363739461247, 0.5547007767732246, 0.555879942952383, 0.557400567586653]
epoch 545
avg_train_loss: 0.5561, train_losses:[0.5578761264510234, 0.5548065561976468, 0.5546986869794318, 0.5557598440512385, 0.5573804586396707]
epoch 546
avg_train_loss: 0.5561, train_losses:[0.5578485440701999, 0.5548143662899507, 0.5547033389623903, 0.555872082699065, 0.5573760720897245]
epoch 547
avg_train_loss: 0.5561, train_losses:[0.557839584404759, 0.5548020262324245, 0.5546975956016249, 0.5558247534452465, 0.5573588481354423]
epoch 548
avg_train_loss: 0.5561, train_losses:[0.5578394282233602, 0.5547881487897109, 0.5546901459863678, 0.5558316482711336, 0.557364969802095]
epoch 549
avg_train_loss: 0.5561, train_losses:[0.5578315286192052, 0.554755694817221, 0.5546863620150145, 0.5558006504191183, 0.557350958800469]
epoch 550
avg_train_loss: 0.5561, train_losses:[0.5577944224030742, 0.554780102339849, 0.5546770385162397, 0.5558004047951122, 0.5573380277043437]
avg_val_loss: 0.5775, val_losses:[0.5652790942714402, 0.5785729648621499, 0.5672102780294529, 0.5829658886440403, 0.5932487832874206]
epoch 551
avg_train_loss: 0.5561, train_losses:[0.5577954216031441, 0.5547864970382262, 0.5546478581313664, 0.5557773486535843, 0.5573325222333924]
epoch 552
avg_train_loss: 0.5561, train_losses:[0.5577822151082905, 0.5547954618837134, 0.5546643607384336, 0.5557600046336909, 0.5573153605882434]
epoch 553
avg_train_loss: 0.5561, train_losses:[0.5577953783563259, 0.5547757179861649, 0.554656999351981, 0.5557592561653747, 0.5573340103822408]
epoch 554
avg_train_loss: 0.5560, train_losses:[0.5577838878895207, 0.554773609564775, 0.5546205775984677, 0.5557658418024772, 0.5573012325686152]
epoch 555
avg_train_loss: 0.5560, train_losses:[0.5577540910007337, 0.5547572027463047, 0.5546547926095047, 0.555766761719429, 0.5572697291718621]
epoch 556
avg_train_loss: 0.5560, train_losses:[0.5577857754486865, 0.5547666798736227, 0.5546357295830615, 0.555771434819706, 0.5572843163598671]
epoch 557
avg_train_loss: 0.5560, train_losses:[0.5577608651367361, 0.5547390039882291, 0.5546179575479715, 0.5557650419715635, 0.5572589430853662]
epoch 558
avg_train_loss: 0.5560, train_losses:[0.5577594175749971, 0.5547364331344253, 0.5546302125883831, 0.5557466565648227, 0.5572565855208651]
epoch 559
avg_train_loss: 0.5560, train_losses:[0.5577553460851098, 0.554776527298386, 0.5546185477677582, 0.555708547118226, 0.557245558539391]
epoch 560
avg_train_loss: 0.5560, train_losses:[0.5577369561795595, 0.5547788089697682, 0.554607661823655, 0.5557101329109302, 0.5572612308993176]
avg_val_loss: 0.5774, val_losses:[0.5652032304864218, 0.5786157440533155, 0.5672744077151634, 0.5826321094841258, 0.5933948275396379]
epoch 561
avg_train_loss: 0.5560, train_losses:[0.5577250233121609, 0.5547392675300835, 0.5546139332517983, 0.5557250494055498, 0.5572349941354152]
epoch 562
avg_train_loss: 0.5560, train_losses:[0.5577154315690639, 0.5547563197749865, 0.5545933619612539, 0.5557259774586466, 0.557228528330752]
epoch 563
avg_train_loss: 0.5560, train_losses:[0.557728269868225, 0.5547332749466716, 0.5545926944572542, 0.5556960362566423, 0.5572329771613201]
epoch 564
avg_train_loss: 0.5560, train_losses:[0.5577119003130951, 0.5547359493250288, 0.5545866301515348, 0.5556977827916706, 0.5572162878933672]
epoch 565
avg_train_loss: 0.5560, train_losses:[0.557700832644782, 0.5547279500138932, 0.5545833245895809, 0.5556971867146742, 0.5572215068677548]
epoch 566
avg_train_loss: 0.5560, train_losses:[0.5576674023328547, 0.5547290231154134, 0.5545785740767862, 0.5556843940390225, 0.5572063225458045]
epoch 567
avg_train_loss: 0.5560, train_losses:[0.5576581470636495, 0.5547394840900283, 0.5545801431674816, 0.5556789061236798, 0.5571969090605167]
epoch 568
avg_train_loss: 0.5560, train_losses:[0.5576536411769357, 0.5547166853215479, 0.5545797936696482, 0.5556744342448303, 0.5571925232844452]
epoch 569
avg_train_loss: 0.5560, train_losses:[0.557660984841052, 0.5547314749758053, 0.5545460398629662, 0.5556705444985004, 0.5571781437718283]
epoch 570
avg_train_loss: 0.5559, train_losses:[0.557668027828278, 0.5547102478325466, 0.5545441124519643, 0.5556512546905077, 0.5571554385118509]
avg_val_loss: 0.5774, val_losses:[0.565169519086638, 0.5785638823101262, 0.5671763849483253, 0.5826201482077872, 0.5933318164356424]
epoch 571
avg_train_loss: 0.5559, train_losses:[0.5576297299224947, 0.5547124026462558, 0.5545681205540249, 0.5556501502602469, 0.5571666475127299]
epoch 572
avg_train_loss: 0.5559, train_losses:[0.5576619052681675, 0.5547112887845838, 0.5545439775182254, 0.5556546111965414, 0.5571425383422028]
epoch 573
avg_train_loss: 0.5559, train_losses:[0.557629085185445, 0.5547086986952633, 0.5545448523442339, 0.5556369892483786, 0.5571303190641819]
epoch 574
avg_train_loss: 0.5559, train_losses:[0.557609209530207, 0.5546883601269781, 0.5545152517473277, 0.5556334913821713, 0.5571172134226522]
epoch 575
avg_train_loss: 0.5559, train_losses:[0.5576015617168283, 0.5546980819526758, 0.5545129095151256, 0.5556206711933155, 0.5571319690302322]
epoch 576
avg_train_loss: 0.5559, train_losses:[0.5575986560336729, 0.5546961031933325, 0.5545174575957447, 0.5556435307568227, 0.5571034521829794]
epoch 577
avg_train_loss: 0.5559, train_losses:[0.5575830505144919, 0.5546863604376817, 0.5545039008454491, 0.5556117314629573, 0.5571222714596112]
epoch 578
avg_train_loss: 0.5559, train_losses:[0.5575765867658026, 0.5547044810490519, 0.5544933131893255, 0.555577299717848, 0.5570764431898688]
epoch 579
avg_train_loss: 0.5559, train_losses:[0.5575698953964918, 0.5547140271584565, 0.554489350880598, 0.5555878884411406, 0.5570971932757564]
epoch 580
avg_train_loss: 0.5559, train_losses:[0.5575540463917158, 0.5546982825386898, 0.5544853616441836, 0.5556294759369835, 0.5570725174049251]
avg_val_loss: 0.5773, val_losses:[0.5650557099070334, 0.5785977683937972, 0.5669581935642618, 0.5825030348642091, 0.5936162433805461]
epoch 581
avg_train_loss: 0.5559, train_losses:[0.55754692315705, 0.554682900733966, 0.5544673166215719, 0.5555850002298219, 0.5570584110822999]
epoch 582
avg_train_loss: 0.5559, train_losses:[0.5575533096622581, 0.5546707920881585, 0.5544763656542666, 0.5556157946293341, 0.5570636643148991]
epoch 583
avg_train_loss: 0.5559, train_losses:[0.5575592678844589, 0.5546826911594974, 0.5544597503916308, 0.5555924853793613, 0.5570382565744624]
epoch 584
avg_train_loss: 0.5559, train_losses:[0.5575417223030288, 0.5546774593290642, 0.554472424061651, 0.5555848297231055, 0.5570309237694503]
epoch 585
avg_train_loss: 0.5559, train_losses:[0.5575371815927997, 0.5546789653926388, 0.5544484383497728, 0.5555792779588812, 0.5570325852703067]
epoch 586
avg_train_loss: 0.5558, train_losses:[0.5575251746304756, 0.5546686047787474, 0.5544240211472707, 0.5555397775298477, 0.557036001483192]
epoch 587
avg_train_loss: 0.5558, train_losses:[0.5575168785526873, 0.5546615072803681, 0.5544687979905717, 0.5555707171906061, 0.5570242847431157]
epoch 588
avg_train_loss: 0.5558, train_losses:[0.5575056429641168, 0.554676472032816, 0.5544747933172596, 0.5555656833098316, 0.5569887990074698]
epoch 589
avg_train_loss: 0.5558, train_losses:[0.5574972863326364, 0.5546690111807179, 0.5544393793133875, 0.5555670654178623, 0.5569910574182553]
epoch 590
avg_train_loss: 0.5558, train_losses:[0.5574674186624428, 0.5546868366353532, 0.5544238640860685, 0.5555578743600501, 0.5569827990020675]
avg_val_loss: 0.5772, val_losses:[0.565051175612186, 0.5785534088934512, 0.5668413392894985, 0.5824015381004831, 0.5931564597499508]
epoch 591
avg_train_loss: 0.5558, train_losses:[0.5575146843901778, 0.5546549627435265, 0.5544288069275555, 0.5555685356386123, 0.55697660884343]
epoch 592
avg_train_loss: 0.5558, train_losses:[0.5574777191768001, 0.554656867903852, 0.5544244204680456, 0.55553458629053, 0.5569690352819225]
epoch 593
avg_train_loss: 0.5558, train_losses:[0.5574572192093931, 0.5546427721609346, 0.554404648281355, 0.5555573056506423, 0.5569588085154098]
epoch 594
avg_train_loss: 0.5558, train_losses:[0.5574749757522041, 0.5546485382794853, 0.5544066519929008, 0.5555427501147212, 0.5569365307275301]
epoch 595
avg_train_loss: 0.5558, train_losses:[0.557444376700617, 0.5546422901050351, 0.5544139334659132, 0.5555475549889803, 0.5569023215796789]
epoch 596
avg_train_loss: 0.5558, train_losses:[0.5574532794578476, 0.5546562835911714, 0.5543758346767499, 0.555550832649761, 0.5569346839081187]
epoch 597
avg_train_loss: 0.5558, train_losses:[0.5574316591218892, 0.5546477102011795, 0.5543821410892985, 0.5555389553627212, 0.5569194625053507]
epoch 598
avg_train_loss: 0.5558, train_losses:[0.5574351833007356, 0.5546406508958405, 0.5543776768914179, 0.5555183128926182, 0.55692287197738]
epoch 599
avg_train_loss: 0.5558, train_losses:[0.5574157762569012, 0.5546351573035255, 0.5543785317080084, 0.5554925300234118, 0.5568995335168228]
epoch 600
avg_train_loss: 0.5558, train_losses:[0.5574118016492552, 0.5546391376023998, 0.5543860205885661, 0.5555346337377987, 0.5568802607577568]
avg_val_loss: 0.5772, val_losses:[0.5649401434127369, 0.5785394196173395, 0.5669205239175268, 0.5822660209410208, 0.5931831063013249]
epoch 601
avg_train_loss: 0.5558, train_losses:[0.5574035023882892, 0.5546317211467706, 0.5543582285721765, 0.5554869247469777, 0.5568956312617432]
epoch 602
avg_train_loss: 0.5558, train_losses:[0.5573842094174847, 0.5546500235159543, 0.5543276140344201, 0.555512832341556, 0.5568936192404463]
epoch 603
avg_train_loss: 0.5558, train_losses:[0.5573888338577084, 0.5546299992095794, 0.5543890936828333, 0.5554973117671911, 0.5568725000326141]
epoch 604
avg_train_loss: 0.5557, train_losses:[0.5573552337824172, 0.5546419845047079, 0.5543479558266146, 0.5554800603119853, 0.5568559880308461]
epoch 605
avg_train_loss: 0.5557, train_losses:[0.5573658836113154, 0.5546087121419326, 0.5543679036807203, 0.5555076927601401, 0.5568416304473948]
epoch 606
avg_train_loss: 0.5557, train_losses:[0.557353567831883, 0.5546378898487005, 0.5543540513103675, 0.5554868199118838, 0.5568456945278222]
epoch 607
avg_train_loss: 0.5557, train_losses:[0.5573408555808537, 0.5546267395959699, 0.5543314892426094, 0.5554826085607473, 0.556849175074134]
epoch 608
avg_train_loss: 0.5557, train_losses:[0.5573396628219959, 0.554626243747319, 0.5543413229683041, 0.5554930069776735, 0.5568134164906304]
epoch 609
avg_train_loss: 0.5557, train_losses:[0.5573285304840585, 0.5546342304795059, 0.5543404959693867, 0.5554692916515833, 0.5567982107649349]
no_improve_num: 1
epoch 610
avg_train_loss: 0.5557, train_losses:[0.5572759972470106, 0.5546201780047909, 0.5543237849588857, 0.5554321241872859, 0.5567922562430005]
avg_val_loss: 0.5772, val_losses:[0.564842879226401, 0.5785365312562478, 0.5668725972213395, 0.5820743759603502, 0.5935293833469028]
epoch 611
avg_train_loss: 0.5557, train_losses:[0.557295909035286, 0.5546165209430436, 0.5543248682677548, 0.5554667428651636, 0.5568166310276932]
epoch 612
avg_train_loss: 0.5557, train_losses:[0.5572941668147567, 0.5546201211851719, 0.554308896693329, 0.5554449975757362, 0.5567866890087013]
epoch 613
avg_train_loss: 0.5557, train_losses:[0.5572956992877081, 0.5545965482833694, 0.5543019032113377, 0.5554331765319626, 0.556782789751368]
epoch 614
avg_train_loss: 0.5557, train_losses:[0.5572751205106883, 0.5546200920803789, 0.5542881350393938, 0.5554332783406957, 0.5567857026727991]
epoch 615
avg_train_loss: 0.5557, train_losses:[0.5572942724828127, 0.5546021746231525, 0.5542906816690731, 0.5554371890373444, 0.5567926427445419]
epoch 616
avg_train_loss: 0.5557, train_losses:[0.5572565243828833, 0.5546212986218052, 0.5542797147015925, 0.5554007303392158, 0.5567589710038006]
epoch 617
avg_train_loss: 0.5557, train_losses:[0.5572379222980761, 0.5546067941328114, 0.5542877771121476, 0.5554547409423616, 0.5567741185789211]
epoch 618
avg_train_loss: 0.5557, train_losses:[0.5572387418573594, 0.5546293854998562, 0.554287900292772, 0.5554181408341632, 0.5567442779538083]
epoch 619
avg_train_loss: 0.5557, train_losses:[0.5572379272082753, 0.5546086449072335, 0.5542661974202557, 0.5554089324806787, 0.5567626532870302]
epoch 620
avg_train_loss: 0.5556, train_losses:[0.5572181048931559, 0.5546049258478576, 0.554266930200781, 0.5553995420414908, 0.5567532503468036]
avg_val_loss: 0.5771, val_losses:[0.5647627063522219, 0.5785506676988913, 0.5667599659645771, 0.5819825511886495, 0.5936413966221129]
epoch 621
avg_train_loss: 0.5557, train_losses:[0.5572268920132617, 0.554602228168966, 0.5542739995984021, 0.5554052333665683, 0.5567491999883966]
epoch 622
avg_train_loss: 0.5556, train_losses:[0.5572039431171226, 0.5546036662850377, 0.5542353845071951, 0.5554003443600893, 0.5567359524874865]
epoch 623
avg_train_loss: 0.5556, train_losses:[0.5572101351043127, 0.5546030700817731, 0.5542422347991439, 0.5553811863881944, 0.5567024949674839]
epoch 624
avg_train_loss: 0.5556, train_losses:[0.5572038871823985, 0.5546077348106799, 0.5542296315622749, 0.5553682295864377, 0.5567016042336196]
epoch 625
avg_train_loss: 0.5556, train_losses:[0.5571929340107243, 0.5546141345872745, 0.5542196060842407, 0.5553638366159752, 0.5567158634127921]
epoch 626
avg_train_loss: 0.5556, train_losses:[0.5571671538012939, 0.554601920319234, 0.5542017323463198, 0.5553778303943611, 0.5567033414153497]
epoch 627
avg_train_loss: 0.5556, train_losses:[0.5571768994427813, 0.5545993597939558, 0.5542243786674742, 0.5553920110973689, 0.5566821572672104]
epoch 628
avg_train_loss: 0.5556, train_losses:[0.5571746121738534, 0.5545814273505411, 0.5542177208752905, 0.5553647899715666, 0.5566959514739459]
epoch 629
avg_train_loss: 0.5556, train_losses:[0.5571420387517572, 0.5545926286104856, 0.5541970284814353, 0.5553579171377101, 0.5566745215920749]
epoch 630
avg_train_loss: 0.5556, train_losses:[0.5571618794286997, 0.5545870426123366, 0.554203574446939, 0.5553608171143628, 0.5566885897015815]
avg_val_loss: 0.5770, val_losses:[0.564624835819401, 0.5786223908550543, 0.5667696786216818, 0.5816209236340916, 0.5935771530315874]
epoch 631
avg_train_loss: 0.5556, train_losses:[0.5571415228224079, 0.5545838797587734, 0.5541884636135208, 0.5553394539213182, 0.5566520156862959]
epoch 632
avg_train_loss: 0.5556, train_losses:[0.5571408672629616, 0.5545816676957267, 0.5541663451235006, 0.555346786123551, 0.5566395485117671]
epoch 633
avg_train_loss: 0.5556, train_losses:[0.5571249371981496, 0.5545672351072414, 0.5541679370727921, 0.5553253902229999, 0.5566672329142134]
epoch 634
avg_train_loss: 0.5556, train_losses:[0.5571194262052782, 0.5545724359826468, 0.5541828938530398, 0.5553330582677839, 0.5566648851697752]
epoch 635
avg_train_loss: 0.5556, train_losses:[0.5571580479174132, 0.5545729783101717, 0.5541522385693877, 0.5553212606915444, 0.5566558705354399]
epoch 636
avg_train_loss: 0.5556, train_losses:[0.5571302985124285, 0.5545428435982575, 0.5541710696372897, 0.5553159575023335, 0.5566506254203791]
epoch 637
avg_train_loss: 0.5556, train_losses:[0.5571229265622252, 0.5545588529349864, 0.5541475949058665, 0.5553180227532769, 0.5566439433055154]
epoch 638
avg_train_loss: 0.5556, train_losses:[0.5571162746068854, 0.5545507568302008, 0.5541513407849905, 0.5553421609348833, 0.5566511980469344]
epoch 639
avg_train_loss: 0.5556, train_losses:[0.5571208511487377, 0.5545451197942891, 0.55412923336583, 0.5553283010984211, 0.5566354536637104]
epoch 640
avg_train_loss: 0.5556, train_losses:[0.557102802608949, 0.5545682416440979, 0.5541422330966983, 0.5553156155754937, 0.5566326401729604]
avg_val_loss: 0.5770, val_losses:[0.5645996061516082, 0.578630415455181, 0.5666566280225791, 0.5816730047015197, 0.5934361938148851]
epoch 641
avg_train_loss: 0.5555, train_losses:[0.5571161007866501, 0.5545232368237736, 0.5541149028223213, 0.5553059520836136, 0.5566057495541694]
epoch 642
avg_train_loss: 0.5555, train_losses:[0.5571049950525833, 0.5545627246840413, 0.5540822017839252, 0.5552905834820507, 0.5566362246099157]
epoch 643
avg_train_loss: 0.5555, train_losses:[0.557095446841426, 0.5545386196376237, 0.5541237410687813, 0.555297443465075, 0.5566202646211243]
epoch 644
avg_train_loss: 0.5555, train_losses:[0.5570872743984199, 0.5545424243067597, 0.5541078697064082, 0.5553041486067715, 0.5565689111710638]
epoch 645
avg_train_loss: 0.5555, train_losses:[0.55708814397412, 0.5545327342059178, 0.5541034781228581, 0.5553134759984727, 0.5566299226711857]
epoch 646
avg_train_loss: 0.5555, train_losses:[0.5570847422040335, 0.5545277568677869, 0.554081211062146, 0.55530226495377, 0.5566314145509249]
epoch 647
avg_train_loss: 0.5555, train_losses:[0.5570814178362817, 0.5545164517716918, 0.5541140966759669, 0.5552937825042915, 0.5566217382700045]
epoch 648
avg_train_loss: 0.5555, train_losses:[0.5570810932193704, 0.5545246674533699, 0.5541017947065967, 0.5553018394181118, 0.5565770770888585]
epoch 649
avg_train_loss: 0.5555, train_losses:[0.5570621330301343, 0.5545207062749455, 0.5540846014701416, 0.5552686108082454, 0.5565358352079505]
no_improve_num: 1
epoch 650
avg_train_loss: 0.5555, train_losses:[0.5570608421813421, 0.5545174449821741, 0.5540938167816085, 0.555271029808387, 0.5566478125650212]
avg_val_loss: 0.5770, val_losses:[0.564580638963081, 0.5785867417788952, 0.5666427655804592, 0.5817259168044879, 0.5935476709904731]
epoch 651
avg_train_loss: 0.5555, train_losses:[0.5570419652190651, 0.5545060420833027, 0.5540408859100756, 0.5552766857804381, 0.5565813653404243]
epoch 652
avg_train_loss: 0.5555, train_losses:[0.5570478523604817, 0.5545162225248597, 0.5540866468053498, 0.5552453110966044, 0.5565968402767664]
epoch 653
avg_train_loss: 0.5555, train_losses:[0.5570364422185065, 0.5545006496429231, 0.5540373990393745, 0.5552735464086652, 0.5565800273639999]
epoch 654
avg_train_loss: 0.5555, train_losses:[0.5570627400517223, 0.554488251667042, 0.5540343965635874, 0.5552758094310662, 0.5565849245857212]
epoch 655
avg_train_loss: 0.5555, train_losses:[0.557027964377813, 0.5545109964192584, 0.5540727653953746, 0.5552714383284029, 0.5566383773094158]
epoch 656
avg_train_loss: 0.5555, train_losses:[0.5570043988881506, 0.5544928370456235, 0.5540322844529293, 0.5552666420637941, 0.5565497969504147]
epoch 657
avg_train_loss: 0.5555, train_losses:[0.5570031345902776, 0.5544568111904091, 0.5540426657462741, 0.555259997361741, 0.556585026268785]
epoch 658
avg_train_loss: 0.5555, train_losses:[0.5570043126511233, 0.5545238980612105, 0.5540479758018212, 0.5552648334181068, 0.5566043109821788]
epoch 659
avg_train_loss: 0.5555, train_losses:[0.5570074424947473, 0.5544796526140806, 0.5540301172181067, 0.5552486856722118, 0.5565486221882396]
no_improve_num: 2
epoch 660
avg_train_loss: 0.5555, train_losses:[0.5569254082781643, 0.554482185823703, 0.5540583111844986, 0.5552133126168751, 0.5565962713648097]
avg_val_loss: 0.5770, val_losses:[0.5646106074160039, 0.5786420432729801, 0.5664431068746383, 0.5816062624310802, 0.5938595407415831]
epoch 661
avg_train_loss: 0.5555, train_losses:[0.5569646648967678, 0.5544652104943917, 0.554022470632787, 0.55524250222441, 0.5565969720676295]
epoch 662
avg_train_loss: 0.5555, train_losses:[0.5569848873982094, 0.554475288786088, 0.5540334102286059, 0.5552456173058695, 0.5565684327454259]
epoch 663
avg_train_loss: 0.5554, train_losses:[0.5569898367974904, 0.5544532521208403, 0.554021833253908, 0.5552302569107138, 0.5565541550787938]
epoch 664
avg_train_loss: 0.5554, train_losses:[0.556992223245924, 0.5544462345185903, 0.5540035217832394, 0.5552206694332378, 0.5565605559431498]
epoch 665
avg_train_loss: 0.5554, train_losses:[0.5569758873880796, 0.5544421733602835, 0.554013961102878, 0.5552197998045865, 0.5565520811353011]
epoch 666
avg_train_loss: 0.5554, train_losses:[0.5569543179015, 0.5544438881348157, 0.5540221752958148, 0.5552129751389486, 0.5565326247805696]
epoch 667
avg_train_loss: 0.5554, train_losses:[0.5569544531366531, 0.554420295940472, 0.5540089865558828, 0.5552109147992227, 0.5565369470052353]
epoch 668
avg_train_loss: 0.5554, train_losses:[0.5569441077747241, 0.5544269912953738, 0.5540112849282556, 0.5551878310080396, 0.5565361483746806]
epoch 669
avg_train_loss: 0.5554, train_losses:[0.55692315523196, 0.5544217292746493, 0.5539773260723903, 0.5551972196163403, 0.5564998084809328]
no_improve_num: 3
epoch 670
avg_train_loss: 0.5554, train_losses:[0.556938168199468, 0.554414004989654, 0.5539910191820322, 0.5552188520882907, 0.5565209252978994]
avg_val_loss: 0.5770, val_losses:[0.5644430411722192, 0.5785688759199791, 0.5664897027181214, 0.5814607517631617, 0.5940719790605979]
batch_size:32, weight_decay:0.01, learning_rate:0.0001, model_name:noisyFCN, init_noiselevel:0.1
fold 0
model_name noisyFCN
using Adam as optimizer
fold 1
model_name noisyFCN
using Adam as optimizer
fold 2
model_name noisyFCN
using Adam as optimizer
fold 3
model_name noisyFCN
using Adam as optimizer
fold 4
model_name noisyFCN
using Adam as optimizer
epoch 0
avg_train_loss: 0.7886, train_losses:[0.8029581132017235, 0.7859776053205604, 0.7882940202720279, 0.782027958846049, 0.783753595954003]
avg_val_loss: 0.7209, val_losses:[0.7296236616365731, 0.7318753449011325, 0.725367143210515, 0.7145035700734821, 0.7029331892223681]
epoch 1
avg_train_loss: 0.6978, train_losses:[0.7078800992241164, 0.6976111717747441, 0.6917615607149206, 0.6959395800346548, 0.6956013968135223]
epoch 2
avg_train_loss: 0.6708, train_losses:[0.6736322701574043, 0.6680767851344757, 0.6673951552372609, 0.6725884382284127, 0.6721331997290488]
epoch 3
avg_train_loss: 0.6573, train_losses:[0.6576287991389523, 0.6533938724276886, 0.6549876650498955, 0.6595742708105097, 0.660819379227139]
epoch 4
avg_train_loss: 0.6486, train_losses:[0.6480134622478899, 0.6442299856170012, 0.6467953241530875, 0.6511252932615812, 0.6530135510861262]
epoch 5
avg_train_loss: 0.6426, train_losses:[0.6416387099487697, 0.6377569047041894, 0.6412464235829888, 0.6451395985617214, 0.6473739835242357]
epoch 6
avg_train_loss: 0.6377, train_losses:[0.6365607608190285, 0.6329292341153867, 0.6363790776135961, 0.6405198452543316, 0.6422879566166494]
epoch 7
avg_train_loss: 0.6337, train_losses:[0.6322618166989866, 0.6290116679983282, 0.6326397048049082, 0.6368280345653002, 0.6379888319970807]
epoch 8
avg_train_loss: 0.6303, train_losses:[0.6283218648414378, 0.6255905289133812, 0.6295284354459048, 0.633305264052057, 0.6345264299598176]
epoch 9
avg_train_loss: 0.6270, train_losses:[0.6247148831500734, 0.6225034484743693, 0.6267033334852393, 0.6300061556110662, 0.6312323468653934]
epoch 10
avg_train_loss: 0.6242, train_losses:[0.6218476132035488, 0.6197854265177071, 0.6241736481169933, 0.6269070733072948, 0.6281966044103837]
avg_val_loss: 0.6279, val_losses:[0.6171033754771698, 0.6359728352365654, 0.6363474226020733, 0.6252554317014015, 0.6248949212803744]
epoch 11
avg_train_loss: 0.6215, train_losses:[0.6188733638784999, 0.617213871170533, 0.621844567199895, 0.623892934361378, 0.6256156929475746]
epoch 12
avg_train_loss: 0.6191, train_losses:[0.616057063090356, 0.6151483695381678, 0.619661128341339, 0.6211107745565527, 0.6232813141972247]
epoch 13
avg_train_loss: 0.6167, train_losses:[0.613526328686879, 0.6128942543788958, 0.6176800011761648, 0.6184170870784692, 0.621041762278154]
epoch 14
avg_train_loss: 0.6145, train_losses:[0.6110862957509486, 0.6108407338849953, 0.6158418900986928, 0.6158154754756467, 0.6189424774719096]
epoch 15
avg_train_loss: 0.6125, train_losses:[0.6089125602748041, 0.6088253176260782, 0.6141558631083057, 0.6134663635996787, 0.6170142158199989]
epoch 16
avg_train_loss: 0.6105, train_losses:[0.6068361332069745, 0.6069647820825095, 0.6125541826635706, 0.6111988496596289, 0.6150829470131556]
epoch 17
avg_train_loss: 0.6087, train_losses:[0.6050194421391111, 0.6052343589226516, 0.6110152388619388, 0.6090101651697419, 0.6133595498326341]
epoch 18
avg_train_loss: 0.6069, train_losses:[0.6032716997802028, 0.6034637432390516, 0.609506008243538, 0.6068304233428912, 0.6116596226713705]
epoch 19
avg_train_loss: 0.6052, train_losses:[0.6016027313674702, 0.6018364312227853, 0.6080070110280085, 0.6048004390475128, 0.6100024024946892]
epoch 20
avg_train_loss: 0.6036, train_losses:[0.6000940804152883, 0.6003769153911928, 0.6065682733262995, 0.6027483081053502, 0.6082666346418152]
avg_val_loss: 0.6114, val_losses:[0.5983567793536776, 0.6186553291712723, 0.618296510610845, 0.6086897243074467, 0.6128298391599744]
epoch 21
avg_train_loss: 0.6020, train_losses:[0.59859029928091, 0.598936739212937, 0.60515282847906, 0.6008956287653563, 0.606510072873234]
epoch 22
avg_train_loss: 0.6005, train_losses:[0.5973031569904765, 0.5975945627383467, 0.6037173282706253, 0.5990593441017309, 0.6047013475340345]
epoch 23
avg_train_loss: 0.5990, train_losses:[0.5959995436620332, 0.5963302308401851, 0.6023180049085746, 0.5972944829200181, 0.6030217827392826]
epoch 24
avg_train_loss: 0.5977, train_losses:[0.5949309108446044, 0.5951813525340887, 0.6010200875761096, 0.5957168053351815, 0.6014757156983024]
epoch 25
avg_train_loss: 0.5964, train_losses:[0.5938250560578346, 0.5940330540326987, 0.5997233287044254, 0.5941976830207985, 0.6000725430218399]
epoch 26
avg_train_loss: 0.5951, train_losses:[0.5928043886949405, 0.5929424516401239, 0.5984706170949872, 0.5927493710386645, 0.5987488977388067]
epoch 27
avg_train_loss: 0.5940, train_losses:[0.5919028999628919, 0.5919701618931887, 0.5972427506390955, 0.5914164694730579, 0.5975731525148087]
epoch 28
avg_train_loss: 0.5929, train_losses:[0.5909852974887394, 0.5909970299218494, 0.5960678263903519, 0.590161222991128, 0.5964421211728246]
epoch 29
avg_train_loss: 0.5919, train_losses:[0.5901639714379352, 0.5901260376465343, 0.5949191775276178, 0.5890127362861426, 0.5953654453323336]
epoch 30
avg_train_loss: 0.5909, train_losses:[0.5893773814800697, 0.5892719339757417, 0.5937759744647293, 0.5878764370610163, 0.5943638868991413]
avg_val_loss: 0.6020, val_losses:[0.5893117326709014, 0.6086391318165345, 0.6046113989401078, 0.6017950890053487, 0.6057532188050274]
epoch 31
avg_train_loss: 0.5900, train_losses:[0.5886343224172357, 0.5884669352291377, 0.5927399466588198, 0.5868221508414719, 0.5934490894658718]
epoch 32
avg_train_loss: 0.5892, train_losses:[0.5879163284465825, 0.587718710913772, 0.5917694160197517, 0.5858518597370299, 0.592556888078493]
epoch 33
avg_train_loss: 0.5884, train_losses:[0.5872744531285576, 0.5870069661114211, 0.590851062977567, 0.5849257479009864, 0.5917251502309192]
epoch 34
avg_train_loss: 0.5876, train_losses:[0.5865783659268986, 0.5862762865913649, 0.5899672541945178, 0.5840694848087181, 0.590922540746394]
epoch 35
avg_train_loss: 0.5868, train_losses:[0.5860013801390795, 0.5856482002408225, 0.5891456776196913, 0.5832023351175856, 0.5902247041753037]
epoch 36
avg_train_loss: 0.5862, train_losses:[0.5854086452835987, 0.5849859929224894, 0.5883502733350211, 0.5825360925014634, 0.5895155102719175]
epoch 37
avg_train_loss: 0.5855, train_losses:[0.5848484649303675, 0.5843098106132393, 0.5875921182956344, 0.5817998645653237, 0.5888798705204045]
epoch 38
avg_train_loss: 0.5848, train_losses:[0.5843196655580815, 0.5836106749416257, 0.5868522088434893, 0.5811451749309272, 0.5882886124183462]
epoch 39
avg_train_loss: 0.5842, train_losses:[0.5838423155722434, 0.5829355294562609, 0.5861555251045663, 0.58052490690048, 0.5876610792528757]
epoch 40
avg_train_loss: 0.5837, train_losses:[0.5833568624319913, 0.5823349828058937, 0.585502271785903, 0.5800024212378158, 0.5870595984817676]
avg_val_loss: 0.5971, val_losses:[0.5847550828722115, 0.6030034115198158, 0.5960803558074729, 0.5986285731980461, 0.6030813343313758]
epoch 41
avg_train_loss: 0.5831, train_losses:[0.5829198600046985, 0.5817973474579367, 0.5848287493199243, 0.5794687187109158, 0.5865147998094461]
epoch 42
avg_train_loss: 0.5826, train_losses:[0.5825609554598279, 0.5812433421393871, 0.5842022473914665, 0.5789523687616266, 0.5859849681509833]
epoch 43
avg_train_loss: 0.5821, train_losses:[0.5820961762518154, 0.5807424087480749, 0.5836371818666403, 0.578469651265209, 0.5855124031070218]
epoch 44
avg_train_loss: 0.5816, train_losses:[0.5817524274673616, 0.5802166453431667, 0.5831016102523731, 0.5780310110970973, 0.5850291466132953]
epoch 45
avg_train_loss: 0.5812, train_losses:[0.5813813235866696, 0.5798120823756808, 0.5825524927387191, 0.5775445819982487, 0.5846178044635154]
epoch 46
avg_train_loss: 0.5807, train_losses:[0.5809766808075725, 0.5794338636428945, 0.5820245866581304, 0.5771299255858782, 0.5841422936043746]
epoch 47
avg_train_loss: 0.5804, train_losses:[0.5806748949312824, 0.5790800136643618, 0.5815460434531671, 0.5767200572357826, 0.5838007516217099]
epoch 48
avg_train_loss: 0.5799, train_losses:[0.5803100662341909, 0.5787139794349703, 0.5810588358504912, 0.5763018652305419, 0.5833317619888806]
epoch 49
avg_train_loss: 0.5796, train_losses:[0.5799748064488631, 0.5783867440188828, 0.5806537700549879, 0.5758963903060849, 0.5829321175622243]
epoch 50
avg_train_loss: 0.5792, train_losses:[0.5796843046358678, 0.5780804150556725, 0.580194661287923, 0.5755847580335054, 0.582542280474207]
avg_val_loss: 0.5934, val_losses:[0.5815998907295817, 0.5991231626999644, 0.5907118177746299, 0.5958904670662155, 0.599838372346415]
epoch 51
avg_train_loss: 0.5789, train_losses:[0.5793698678035563, 0.5777586966648122, 0.5797537006006278, 0.5752595687743869, 0.5821643075697635]
epoch 52
avg_train_loss: 0.5785, train_losses:[0.5790725182545223, 0.5774723222295868, 0.5793675957234568, 0.5749417779909337, 0.5817921772157297]
epoch 53
avg_train_loss: 0.5782, train_losses:[0.5787738845305753, 0.5771660119397968, 0.5789563264035265, 0.5746173214451332, 0.5814639366200929]
epoch 54
avg_train_loss: 0.5779, train_losses:[0.5785030494317264, 0.5768957434160177, 0.5785513016512597, 0.5743310207301023, 0.5811479270368615]
epoch 55
avg_train_loss: 0.5776, train_losses:[0.5782546836282165, 0.5766511123372724, 0.5782008004855722, 0.5740730802897659, 0.5807726956609659]
epoch 56
avg_train_loss: 0.5773, train_losses:[0.5779685101506813, 0.5764069850478112, 0.5778012564279467, 0.5738115311697419, 0.5804938029539102]
epoch 57
avg_train_loss: 0.5770, train_losses:[0.577711106855787, 0.5761675388786869, 0.5774710014471126, 0.573587806372801, 0.5802256937306876]
epoch 58
avg_train_loss: 0.5768, train_losses:[0.5774672615168446, 0.5759309648889079, 0.5771037679927156, 0.5733312248550277, 0.5799464092801075]
epoch 59
avg_train_loss: 0.5765, train_losses:[0.5772556938801489, 0.5756948826664696, 0.5767815575677223, 0.573102325807936, 0.5796513972027275]
epoch 60
avg_train_loss: 0.5762, train_losses:[0.5770166724035378, 0.5754915782004706, 0.5764478172130749, 0.5728706955516669, 0.5794134246687168]
avg_val_loss: 0.5909, val_losses:[0.5794953085798799, 0.5966601532568155, 0.5865155827466363, 0.5941228623743411, 0.597817215243606]
epoch 61
avg_train_loss: 0.5760, train_losses:[0.5767662716350952, 0.5752603070282263, 0.5761327031907798, 0.5726813001167861, 0.5791428519864217]
epoch 62
avg_train_loss: 0.5758, train_losses:[0.576559023708935, 0.5750500328104892, 0.5758064653903014, 0.5724337668007821, 0.5789249399385443]
epoch 63
avg_train_loss: 0.5755, train_losses:[0.5763367825049415, 0.5748897506459408, 0.5755535909242168, 0.5722230904843723, 0.5786683104338665]
epoch 64
avg_train_loss: 0.5753, train_losses:[0.5761422867203417, 0.574691159317384, 0.5752605662179049, 0.5720829555288298, 0.5784472347658092]
epoch 65
avg_train_loss: 0.5751, train_losses:[0.5759654369980538, 0.5744765511045254, 0.574993802103871, 0.5718943500800254, 0.5782134624775176]
epoch 66
avg_train_loss: 0.5749, train_losses:[0.5757544076421945, 0.5743377505337882, 0.5747607337498594, 0.5717135503794957, 0.5780276004833423]
epoch 67
avg_train_loss: 0.5747, train_losses:[0.5755680188102343, 0.5741544737396158, 0.574499467838962, 0.5715569068272984, 0.5778232897518925]
epoch 68
avg_train_loss: 0.5745, train_losses:[0.5753630360805264, 0.5739622396831693, 0.5742494714216518, 0.571383757073467, 0.5776324259529385]
epoch 69
avg_train_loss: 0.5743, train_losses:[0.5751998161322175, 0.5738034846944225, 0.5740278920151552, 0.5712459303941954, 0.5774222051077436]
epoch 70
avg_train_loss: 0.5741, train_losses:[0.5749774097268034, 0.5736335065117434, 0.5738054110810238, 0.5710647627851311, 0.5772459040749378]
avg_val_loss: 0.5892, val_losses:[0.5778325118824027, 0.594940830420744, 0.5836988270600442, 0.5927941277898106, 0.596615029169993]
epoch 71
avg_train_loss: 0.5740, train_losses:[0.574810025844078, 0.5734645868995719, 0.5735598944108976, 0.5709465966817479, 0.5770743891761752]
epoch 72
avg_train_loss: 0.5738, train_losses:[0.5746016236199106, 0.5733098341609985, 0.573370058947023, 0.570778646148599, 0.5768673286764482]
epoch 73
avg_train_loss: 0.5736, train_losses:[0.5744380183034499, 0.5731377568182859, 0.5731545763724967, 0.5706334176404299, 0.5767344276004432]
epoch 74
avg_train_loss: 0.5735, train_losses:[0.5742533173030607, 0.5729961968194914, 0.5729477016275816, 0.5705048934546265, 0.5765479701992852]
epoch 75
avg_train_loss: 0.5733, train_losses:[0.574084909754806, 0.5728413803949629, 0.5727662055046063, 0.5703944387721687, 0.5762856036436856]
epoch 76
avg_train_loss: 0.5731, train_losses:[0.5739297247680002, 0.5726780537664168, 0.5725639919052322, 0.5702486776316231, 0.576226566473089]
epoch 77
avg_train_loss: 0.5730, train_losses:[0.5737506687125888, 0.572517001887929, 0.5723779066706207, 0.5701547260042804, 0.5760384212145311]
epoch 78
avg_train_loss: 0.5728, train_losses:[0.5735915898523198, 0.5723753974814644, 0.5721822335787107, 0.5700240100866282, 0.5758813242084979]
epoch 79
avg_train_loss: 0.5727, train_losses:[0.5734077585213135, 0.5722354198111481, 0.5719886914114031, 0.5699165545043228, 0.5757319145031895]
epoch 80
avg_train_loss: 0.5725, train_losses:[0.573256737436339, 0.5720981560024039, 0.5717890850463148, 0.5697799624825101, 0.5755653985865996]
avg_val_loss: 0.5878, val_losses:[0.576360145129352, 0.5934908538058887, 0.5816718337557689, 0.5918272172099697, 0.5956047423684968]
epoch 81
avg_train_loss: 0.5723, train_losses:[0.5730733330625251, 0.5719531359994978, 0.5716183524118414, 0.5696771106283898, 0.5754123210898836]
epoch 82
avg_train_loss: 0.5722, train_losses:[0.5729164157570514, 0.5718207169545256, 0.571421652532322, 0.5695358540955845, 0.5752614814066669]
epoch 83
avg_train_loss: 0.5721, train_losses:[0.5727756755700765, 0.5717039693671491, 0.5712940854789513, 0.5694557005056421, 0.5750794492451174]
epoch 84
avg_train_loss: 0.5719, train_losses:[0.572608787623575, 0.5715712397495349, 0.5710943127617738, 0.5693236141577203, 0.5749114602213595]
epoch 85
avg_train_loss: 0.5718, train_losses:[0.5724376100101954, 0.5714374770471997, 0.5709436384822713, 0.5692070133946666, 0.5747446162837181]
epoch 86
avg_train_loss: 0.5716, train_losses:[0.5722687626803915, 0.571334066476161, 0.5707512688200137, 0.5691278139749484, 0.5745574932321916]
epoch 87
avg_train_loss: 0.5715, train_losses:[0.5721290996334789, 0.5711779590786088, 0.5706022843007252, 0.5690083759752048, 0.5743916227271099]
epoch 88
avg_train_loss: 0.5713, train_losses:[0.571972370493924, 0.5710810316862698, 0.5704724736651468, 0.568891871690131, 0.5742263294225901]
epoch 89
avg_train_loss: 0.5712, train_losses:[0.571807358571388, 0.5709393190639852, 0.5703343086362915, 0.5687775408056317, 0.5740566684710323]
epoch 90
avg_train_loss: 0.5710, train_losses:[0.5716529919952332, 0.5708102083171147, 0.5701455411621165, 0.5687013352938002, 0.5739032629125347]
avg_val_loss: 0.5868, val_losses:[0.5749893841015864, 0.5925337056392234, 0.5801002476911686, 0.5909068984413173, 0.5953538904527682]
epoch 91
avg_train_loss: 0.5709, train_losses:[0.5714978186067617, 0.5706819588427997, 0.5700781053851087, 0.5686448399048417, 0.5737646947194436]
epoch 92
avg_train_loss: 0.5708, train_losses:[0.5713124421006424, 0.5705521890824399, 0.5699216025709092, 0.5684998241176603, 0.5736307747640684]
epoch 93
avg_train_loss: 0.5706, train_losses:[0.5711593241142038, 0.5704237077717786, 0.5697459700036945, 0.5684046766664038, 0.5735012949270614]
epoch 94
avg_train_loss: 0.5705, train_losses:[0.5710216179109757, 0.5703127567977132, 0.5696591493999253, 0.5683205274482345, 0.5733788347079712]
epoch 95
avg_train_loss: 0.5704, train_losses:[0.5708712451453986, 0.5702006465584171, 0.5695386421803867, 0.5681939187125871, 0.5732409703294908]
epoch 96
avg_train_loss: 0.5703, train_losses:[0.5707225814509058, 0.5700803020495592, 0.5693994785665093, 0.5681469693047285, 0.5731045095601563]
epoch 97
avg_train_loss: 0.5701, train_losses:[0.5705277209124371, 0.5699850482775222, 0.5692497821192586, 0.5680243373293943, 0.5729594922862419]
epoch 98
avg_train_loss: 0.5701, train_losses:[0.5704472090836515, 0.5698821017447423, 0.5691384241118822, 0.5679529577348053, 0.5728450962326411]
epoch 99
avg_train_loss: 0.5699, train_losses:[0.5703146049683652, 0.5697930359468106, 0.5690143596007109, 0.5678572195413787, 0.5727088733035163]
epoch 100
avg_train_loss: 0.5698, train_losses:[0.5701746150317156, 0.5696882224192515, 0.5688867220164331, 0.5677796922114711, 0.5726027113501453]
avg_val_loss: 0.5860, val_losses:[0.5737138791367447, 0.5914513246681059, 0.5790297960557295, 0.5902939527774747, 0.5955454933147993]
epoch 101
avg_train_loss: 0.5697, train_losses:[0.5700401167159697, 0.5695990704739021, 0.5687514516283858, 0.5676780985790815, 0.5725015565616537]
epoch 102
avg_train_loss: 0.5696, train_losses:[0.5698954563469655, 0.5695114034137112, 0.5686617618553395, 0.5675892754775693, 0.572390807017906]
epoch 103
avg_train_loss: 0.5695, train_losses:[0.5697677110397205, 0.5694062793175833, 0.5685320746916166, 0.5675253134516015, 0.5722389077698743]
epoch 104
avg_train_loss: 0.5694, train_losses:[0.5696769647571872, 0.5692951137081431, 0.5684009768853129, 0.5674034460162702, 0.5721800579299069]
epoch 105
avg_train_loss: 0.5693, train_losses:[0.5695391944077366, 0.5692270204735946, 0.5683066082219869, 0.567324863367258, 0.5720659505641573]
epoch 106
avg_train_loss: 0.5692, train_losses:[0.569407001944729, 0.5691128871925349, 0.5682015020182499, 0.5672667954254147, 0.571947048934607]
epoch 107
avg_train_loss: 0.5691, train_losses:[0.5692916633217898, 0.5690109364200381, 0.5680980317967433, 0.5671304207231918, 0.5718495678393359]
epoch 108
avg_train_loss: 0.5690, train_losses:[0.5691831787462567, 0.5689148557661873, 0.5679810022262627, 0.5670338494954373, 0.5717288428184129]
epoch 109
avg_train_loss: 0.5689, train_losses:[0.569044487148948, 0.5688160667841576, 0.5678821779268467, 0.5669687340736682, 0.5716293819479821]
epoch 110
avg_train_loss: 0.5688, train_losses:[0.5689260535812535, 0.5687191555928283, 0.5678000736579533, 0.5669023249417092, 0.5715392582139894]
avg_val_loss: 0.5851, val_losses:[0.5727524941241593, 0.5906854845126241, 0.5780010683884854, 0.589610578324017, 0.594552803179682]
epoch 111
avg_train_loss: 0.5687, train_losses:[0.5688120123139859, 0.5686340696925644, 0.5676882653480453, 0.5668295110455664, 0.5714573049432873]
epoch 112
avg_train_loss: 0.5686, train_losses:[0.5686897175477494, 0.568543736430893, 0.5675772115469557, 0.5667332343544075, 0.5713164519665752]
epoch 113
avg_train_loss: 0.5685, train_losses:[0.5686061098251612, 0.5684374132024239, 0.5674706425743221, 0.5666394785841353, 0.5712222874498569]
epoch 114
avg_train_loss: 0.5684, train_losses:[0.5684742126034066, 0.5683493016846917, 0.5673761598970272, 0.5665884682318109, 0.5711143356301802]
epoch 115
avg_train_loss: 0.5683, train_losses:[0.5683696676185289, 0.568242665396914, 0.5672790040042633, 0.5665015621343668, 0.5709955748865574]
epoch 116
avg_train_loss: 0.5682, train_losses:[0.5682694318069116, 0.568180825614618, 0.5671708203337176, 0.5664216542906254, 0.5709030410827013]
epoch 117
avg_train_loss: 0.5681, train_losses:[0.5681514807136342, 0.5680524971993306, 0.5670802329330908, 0.5663456416512536, 0.5708251566252813]
epoch 118
avg_train_loss: 0.5680, train_losses:[0.5680485476752465, 0.5679935449247142, 0.566986954413403, 0.5662732809689364, 0.5707029427916068]
epoch 119
avg_train_loss: 0.5679, train_losses:[0.5679274014679292, 0.5679117304614364, 0.5668989282243826, 0.5662081824375599, 0.5706410823020516]
epoch 120
avg_train_loss: 0.5678, train_losses:[0.5678458487258015, 0.5678018204017312, 0.5667853778242865, 0.5661162822714639, 0.5705360002297432]
avg_val_loss: 0.5845, val_losses:[0.5718907027137365, 0.5899279524886708, 0.5772997600728899, 0.5892809683611537, 0.5941656719569367]
epoch 121
avg_train_loss: 0.5677, train_losses:[0.5677465231074753, 0.5677026490025572, 0.5667092436936351, 0.5660553141513464, 0.5704287739257531]
epoch 122
avg_train_loss: 0.5677, train_losses:[0.5676587319888933, 0.5676333898899963, 0.5666671622808391, 0.5659829764824055, 0.5703393296700481]
epoch 123
avg_train_loss: 0.5676, train_losses:[0.5675410377350789, 0.5675256922813069, 0.566578219202246, 0.5658996311316554, 0.5702254563443759]
epoch 124
avg_train_loss: 0.5675, train_losses:[0.5674501988328704, 0.5674655593766966, 0.5664684472523296, 0.5658421161818986, 0.570117024429121]
epoch 125
avg_train_loss: 0.5674, train_losses:[0.567326209642647, 0.5674043887347939, 0.5663857975358677, 0.5657686160584398, 0.5700884612960145]
epoch 126
avg_train_loss: 0.5673, train_losses:[0.5672815875490277, 0.5673319544290198, 0.5662814011644501, 0.5657178969658504, 0.5699637160855792]
epoch 127
avg_train_loss: 0.5672, train_losses:[0.5671514356556265, 0.5672636752321343, 0.5661935961461961, 0.5656532096346316, 0.5698885853880006]
epoch 128
avg_train_loss: 0.5671, train_losses:[0.567062415592198, 0.5671584495910106, 0.56610890147944, 0.5656031082343016, 0.5697883334506221]
epoch 129
avg_train_loss: 0.5671, train_losses:[0.5669410044622237, 0.5671019134357906, 0.5660225252680414, 0.5655194737214958, 0.5697040642865355]
epoch 130
avg_train_loss: 0.5670, train_losses:[0.5668683101938881, 0.5670309007477377, 0.5659123535024605, 0.5654593296696541, 0.5696234390662963]
avg_val_loss: 0.5840, val_losses:[0.571231097964555, 0.589370536375717, 0.5765834481350887, 0.5885637943350717, 0.5942653281855544]
epoch 131
avg_train_loss: 0.5669, train_losses:[0.5667787049512133, 0.5669443668723086, 0.5658394984459777, 0.5654036664952993, 0.5695092663895942]
epoch 132
avg_train_loss: 0.5668, train_losses:[0.5666833507206971, 0.5668776992105234, 0.5657287394564222, 0.5653442778514268, 0.5694059454769128]
epoch 133
avg_train_loss: 0.5667, train_losses:[0.5666110258537105, 0.5668125375257581, 0.5656403007027343, 0.5652651281986442, 0.5693367662139158]
epoch 134
avg_train_loss: 0.5667, train_losses:[0.5665332410570725, 0.5667319627737174, 0.5655686913888259, 0.565214131554553, 0.569239487258792]
epoch 135
avg_train_loss: 0.5666, train_losses:[0.5664705936569916, 0.566712896397097, 0.5654380691040486, 0.5651545168307334, 0.5691677626078289]
epoch 136
avg_train_loss: 0.5665, train_losses:[0.5663811674787507, 0.5666112889363156, 0.5654344149485038, 0.5650976880736708, 0.569087399327887]
epoch 137
avg_train_loss: 0.5664, train_losses:[0.5663075931992688, 0.5665285659497439, 0.5653200448547099, 0.5650268947998321, 0.5690031037095044]
epoch 138
avg_train_loss: 0.5664, train_losses:[0.5662244984713154, 0.5664550491079836, 0.5652442157286853, 0.5649659167982188, 0.5689009566670056]
epoch 139
avg_train_loss: 0.5663, train_losses:[0.5661516574142971, 0.5664250992942924, 0.5651870919258817, 0.5648920731257825, 0.5688704058978016]
epoch 140
avg_train_loss: 0.5662, train_losses:[0.5660883925592186, 0.5663305700963737, 0.5650894337162825, 0.5648608666269618, 0.568748512118342]
avg_val_loss: 0.5835, val_losses:[0.570483242909863, 0.5888277369801979, 0.575826692054942, 0.5884406877961887, 0.5941603523808923]
epoch 141
avg_train_loss: 0.5662, train_losses:[0.5660328298840748, 0.5662770257554341, 0.5650136009671786, 0.5647886700666765, 0.5686588272690626]
epoch 142
avg_train_loss: 0.5661, train_losses:[0.5659334648273386, 0.566195386009506, 0.5649530451775217, 0.5647340605088439, 0.5685747903529226]
epoch 143
avg_train_loss: 0.5660, train_losses:[0.5658752036627436, 0.5661421689819124, 0.5648636228260183, 0.5647045722559095, 0.5685235186036662]
epoch 144
avg_train_loss: 0.5660, train_losses:[0.5658290393816767, 0.566091941636298, 0.5647962049363101, 0.5646258623734747, 0.5684405703948335]
epoch 145
avg_train_loss: 0.5659, train_losses:[0.5657546592592912, 0.5660310169116691, 0.5647150374116271, 0.564584530020622, 0.5683604918519085]
epoch 146
avg_train_loss: 0.5658, train_losses:[0.5656895325365288, 0.5659613088193368, 0.564631567194981, 0.5645354031003299, 0.5682539285834051]
epoch 147
avg_train_loss: 0.5658, train_losses:[0.5656311515414866, 0.5658772975928343, 0.5645709012567877, 0.5644662285975675, 0.5682088418607749]
epoch 148
avg_train_loss: 0.5657, train_losses:[0.5655561829181895, 0.565818181637106, 0.5644951237805187, 0.5644347363001062, 0.5681421326062743]
epoch 149
avg_train_loss: 0.5656, train_losses:[0.5654711069544089, 0.5657571132102345, 0.5644575349290806, 0.564384419482354, 0.5680875370081159]
epoch 150
avg_train_loss: 0.5656, train_losses:[0.5654060933291535, 0.5657092102359983, 0.5643550784142175, 0.5643011690302143, 0.5679874486271208]
avg_val_loss: 0.5832, val_losses:[0.5698065653970793, 0.5883985841161846, 0.5752593715757527, 0.5881363527116936, 0.5942738531977183]
epoch 151
avg_train_loss: 0.5655, train_losses:[0.5653727010707605, 0.5656790115285686, 0.5642924237781608, 0.5642650084622302, 0.5679317487464082]
epoch 152
avg_train_loss: 0.5654, train_losses:[0.5652954867533202, 0.5656071363490659, 0.5642377549425548, 0.5642138303383188, 0.5678682425430406]
epoch 153
avg_train_loss: 0.5654, train_losses:[0.5652379951254819, 0.5655443881901099, 0.5641733208002259, 0.564212006950833, 0.5678223926129523]
epoch 154
avg_train_loss: 0.5653, train_losses:[0.5651728900149273, 0.5654935122796899, 0.5640741246718551, 0.5641478157462586, 0.5677518837843271]
epoch 155
avg_train_loss: 0.5653, train_losses:[0.5650937877411878, 0.5654321655141776, 0.5640539905478884, 0.5641003886815175, 0.5676797591541836]
epoch 156
avg_train_loss: 0.5652, train_losses:[0.5650342370312129, 0.5653704648966197, 0.5639840069396179, 0.5640440028952913, 0.5676296835952857]
epoch 157
avg_train_loss: 0.5651, train_losses:[0.5649632846921755, 0.565307052980975, 0.5639030497144267, 0.5639919549523084, 0.5675776414822665]
epoch 158
avg_train_loss: 0.5651, train_losses:[0.5649139132527229, 0.5652707147161216, 0.563832058912502, 0.563937847406842, 0.567501651653423]
epoch 159
avg_train_loss: 0.5650, train_losses:[0.5648183484274106, 0.5652100703544961, 0.5637743801349994, 0.5639064419146145, 0.5674556320126108]
epoch 160
avg_train_loss: 0.5650, train_losses:[0.5648019459712988, 0.5651419987698323, 0.5636891876481809, 0.5638425019692686, 0.5674154499734835]
avg_val_loss: 0.5828, val_losses:[0.5693183377725237, 0.5879912401493641, 0.5747133084491773, 0.588150693033666, 0.5939327677036649]
epoch 161
avg_train_loss: 0.5649, train_losses:[0.5646950730123295, 0.5651072523463317, 0.5636652036979461, 0.5638150380533639, 0.5673289242355456]
epoch 162
avg_train_loss: 0.5649, train_losses:[0.5646724857846376, 0.5650432693934658, 0.5635726453604873, 0.563773251235206, 0.567274479636635]
epoch 163
avg_train_loss: 0.5648, train_losses:[0.564616296394158, 0.5650005187628865, 0.5635181842745726, 0.5637079251504153, 0.5672257931298924]
epoch 164
avg_train_loss: 0.5647, train_losses:[0.5645459615752887, 0.5649357351013401, 0.5634363264280254, 0.563664798402858, 0.5671602966511072]
epoch 165
avg_train_loss: 0.5647, train_losses:[0.564485142060485, 0.5648930948718333, 0.5633806831307108, 0.5636012111537974, 0.5671060586156489]
epoch 166
avg_train_loss: 0.5646, train_losses:[0.5643976239416439, 0.5648256444884596, 0.5633197969321033, 0.5635428645433871, 0.5670295209568251]
epoch 167
avg_train_loss: 0.5646, train_losses:[0.564396134856035, 0.5647685643346992, 0.5632505170749185, 0.5635272953293348, 0.5669408802233776]
epoch 168
avg_train_loss: 0.5645, train_losses:[0.5643029386651737, 0.5647659504183878, 0.5631988919416286, 0.5634213674421594, 0.566943248699512]
epoch 169
avg_train_loss: 0.5645, train_losses:[0.5642438345063464, 0.5647034440913223, 0.5631259969864683, 0.563386054520979, 0.5668850244272761]
epoch 170
avg_train_loss: 0.5644, train_losses:[0.5641702442172937, 0.5646654726262096, 0.5630698519201589, 0.5633122280566422, 0.5668039206103319]
avg_val_loss: 0.5824, val_losses:[0.5687242408862315, 0.5875671476928103, 0.5743720864066827, 0.5875546817442621, 0.5937316137431683]
epoch 171
avg_train_loss: 0.5644, train_losses:[0.5641202897288596, 0.5646098979993843, 0.5630065067504335, 0.563271565695474, 0.5667679156169745]
epoch 172
avg_train_loss: 0.5643, train_losses:[0.5640624012261813, 0.5645488315765095, 0.5629260599598933, 0.5631653265696943, 0.5667287254041867]
epoch 173
avg_train_loss: 0.5642, train_losses:[0.5640002084380396, 0.5645370475038268, 0.5628994131359529, 0.5630953878385261, 0.5666715644968978]
epoch 174
avg_train_loss: 0.5642, train_losses:[0.5639359671864995, 0.5644748120258719, 0.5628082108016171, 0.5629806146114759, 0.5666040943076869]
epoch 175
avg_train_loss: 0.5641, train_losses:[0.5638726078991879, 0.5644272940145076, 0.5627664368556757, 0.5629329483990593, 0.566546405173886]
epoch 176
avg_train_loss: 0.5641, train_losses:[0.5638131690484782, 0.5643629706632567, 0.5627035976686333, 0.5628821907824852, 0.5664959546971292]
epoch 177
avg_train_loss: 0.5640, train_losses:[0.5637662858213877, 0.5643281273626062, 0.5626437640041047, 0.5628042691916907, 0.566442474606781]
epoch 178
avg_train_loss: 0.5639, train_losses:[0.5636915826502589, 0.5642457167205028, 0.5625935323388999, 0.56275791470405, 0.5663848672104416]
epoch 179
avg_train_loss: 0.5639, train_losses:[0.563619657572461, 0.5642327520341189, 0.5625200337286214, 0.5626854596251397, 0.5663200951720646]
epoch 180
avg_train_loss: 0.5638, train_losses:[0.5635509591920166, 0.5641730923894106, 0.5624503898996152, 0.5626195317599048, 0.5662716470920471]
avg_val_loss: 0.5821, val_losses:[0.5681039903990571, 0.5871348844715623, 0.5739005415658246, 0.5871303376317986, 0.5940326296481492]
epoch 181
avg_train_loss: 0.5638, train_losses:[0.5635194656899171, 0.5641292355088845, 0.5623747484568394, 0.562561140320252, 0.5662402804226633]
epoch 182
avg_train_loss: 0.5637, train_losses:[0.5634975304311776, 0.5640792549919145, 0.5623126857024203, 0.562501545951051, 0.5661915398994658]
epoch 183
avg_train_loss: 0.5637, train_losses:[0.5634148480601602, 0.5640198561009798, 0.5622405895863583, 0.5624467296628365, 0.5661280216358717]
epoch 184
avg_train_loss: 0.5636, train_losses:[0.5633849801394669, 0.563969392946666, 0.562180402517832, 0.5623767029778023, 0.5660804479650352]
epoch 185
avg_train_loss: 0.5635, train_losses:[0.5633353976103289, 0.5639148710484133, 0.5621170041138902, 0.5623027306717934, 0.5660268838359666]
epoch 186
avg_train_loss: 0.5635, train_losses:[0.5632689126156912, 0.5638848510714181, 0.5620572762151735, 0.5622332144153005, 0.5659807695095471]
epoch 187
avg_train_loss: 0.5634, train_losses:[0.5632583411870528, 0.5638160535409982, 0.5620226923241526, 0.5621830311779785, 0.56596156672912]
epoch 188
avg_train_loss: 0.5634, train_losses:[0.563214626239998, 0.5637684735737554, 0.5619697226170379, 0.562097791686848, 0.5659023445413724]
epoch 189
avg_train_loss: 0.5633, train_losses:[0.5631556459949646, 0.5637387027878396, 0.5618909570025189, 0.5620459101988017, 0.5658839039379282]
epoch 190
avg_train_loss: 0.5633, train_losses:[0.5631175931673835, 0.5636543081869991, 0.5618550475063976, 0.5620108440390583, 0.5658072618996981]
avg_val_loss: 0.5817, val_losses:[0.5678048523190538, 0.5867107884307466, 0.5734019542027159, 0.58671320422321, 0.5940857594980445]
epoch 191
avg_train_loss: 0.5632, train_losses:[0.5630587310502146, 0.5636632017582267, 0.56178005260101, 0.5619591050343603, 0.565775316184672]
epoch 192
avg_train_loss: 0.5632, train_losses:[0.5629831598674807, 0.5635764449789, 0.5617437892711724, 0.5619072467531656, 0.5657402484798523]
epoch 193
avg_train_loss: 0.5631, train_losses:[0.5629754367005688, 0.5635308233094614, 0.5616656711471619, 0.5618575837047042, 0.5656785982398367]
epoch 194
avg_train_loss: 0.5631, train_losses:[0.5628861354605226, 0.5634579779878404, 0.561597380103479, 0.5617993377207912, 0.5656139474879919]
epoch 195
avg_train_loss: 0.5630, train_losses:[0.5628550949838648, 0.5634270338099432, 0.5615819076851133, 0.5617394812414529, 0.5656093789349329]
epoch 196
avg_train_loss: 0.5630, train_losses:[0.5627944982303978, 0.5633914711478061, 0.5614946922960372, 0.5616835815944731, 0.565557783429082]
epoch 197
avg_train_loss: 0.5629, train_losses:[0.5627528932067121, 0.5633212274374682, 0.5614225218630621, 0.5616542291184227, 0.565518715574032]
epoch 198
avg_train_loss: 0.5629, train_losses:[0.5626909189315971, 0.5632667195926493, 0.5613944439512943, 0.561576103896924, 0.5654700957427051]
epoch 199
avg_train_loss: 0.5628, train_losses:[0.5626285821795117, 0.5632172285559384, 0.5613651303413744, 0.561556198863991, 0.5654325123056128]
epoch 200
avg_train_loss: 0.5628, train_losses:[0.5625925771452933, 0.5631375919146545, 0.5613031940872083, 0.5614979612035885, 0.5653847159747301]
avg_val_loss: 0.5813, val_losses:[0.5674580484119549, 0.5863353491187894, 0.5729236982714956, 0.5861985658840092, 0.5938149721750214]
epoch 201
avg_train_loss: 0.5627, train_losses:[0.562550700712437, 0.5631196194259283, 0.5612367854032974, 0.5614589524146094, 0.5653347019714557]
epoch 202
avg_train_loss: 0.5627, train_losses:[0.5624823745988123, 0.5631073839295756, 0.5611772096067057, 0.5614058012734977, 0.5652897373214517]
epoch 203
avg_train_loss: 0.5626, train_losses:[0.5624376674229077, 0.5630524653306107, 0.5611233893761153, 0.5613790351364021, 0.5652516027185717]
epoch 204
avg_train_loss: 0.5626, train_losses:[0.5623904710794841, 0.5630064880271171, 0.5610860674615137, 0.5613211092135666, 0.5652034944917427]
epoch 205
avg_train_loss: 0.5626, train_losses:[0.5623307744565569, 0.5629716067197736, 0.5610433680418065, 0.5612913681770221, 0.5651817968084918]
epoch 206
avg_train_loss: 0.5625, train_losses:[0.5622776874138081, 0.5629059013898149, 0.5609690854472588, 0.561270486777158, 0.5651225012533486]
epoch 207
avg_train_loss: 0.5625, train_losses:[0.5622206380826976, 0.5628318949476372, 0.5609179067877265, 0.5611973222650983, 0.5650899575001656]
epoch 208
avg_train_loss: 0.5624, train_losses:[0.5621848920976337, 0.5628502629151264, 0.560893807599537, 0.5611646561754672, 0.5650546720473676]
epoch 209
avg_train_loss: 0.5624, train_losses:[0.5621109321811713, 0.5627951113444208, 0.5608228999023764, 0.5611121409682795, 0.565015427158295]
epoch 210
avg_train_loss: 0.5623, train_losses:[0.5620870103935282, 0.5627427095840141, 0.5607853881152004, 0.5610660911095164, 0.5649849078857917]
avg_val_loss: 0.5810, val_losses:[0.5670616778826247, 0.5860873757937543, 0.5724655320462885, 0.585781052665859, 0.5937592254400644]
epoch 211
avg_train_loss: 0.5623, train_losses:[0.562042981026728, 0.562688846763403, 0.5607195986927352, 0.5610525650515296, 0.564934995190863]
epoch 212
avg_train_loss: 0.5622, train_losses:[0.5619843712196639, 0.562643246295801, 0.560659007411564, 0.561010267589971, 0.5648926304992111]
epoch 213
avg_train_loss: 0.5622, train_losses:[0.5619534950422207, 0.5626201526984758, 0.5606091207250172, 0.5609651733015821, 0.5648510383789015]
epoch 214
avg_train_loss: 0.5622, train_losses:[0.5618808643763402, 0.5625675107934867, 0.5605434290645968, 0.5609462363752037, 0.5648144930906597]
epoch 215
avg_train_loss: 0.5621, train_losses:[0.5618308613928161, 0.5625374001142581, 0.560523023494801, 0.5609029998039448, 0.5647630996923719]
epoch 216
avg_train_loss: 0.5621, train_losses:[0.5618165089316122, 0.5624790238899092, 0.5604608078358435, 0.5608646337052505, 0.5647170858189628]
epoch 217
avg_train_loss: 0.5620, train_losses:[0.5617834499415308, 0.5624499372580691, 0.5604086980652865, 0.5608357821805071, 0.5646849372591561]
epoch 218
avg_train_loss: 0.5620, train_losses:[0.5617180956164761, 0.5624142255364604, 0.5603774305219575, 0.5607901133692871, 0.5646447824685645]
epoch 219
avg_train_loss: 0.5620, train_losses:[0.5617167823713918, 0.5623704055180682, 0.5603239561172432, 0.5607487859184873, 0.5646101324890943]
epoch 220
avg_train_loss: 0.5619, train_losses:[0.5616265399229475, 0.5623195339750983, 0.560288154500906, 0.5607314132744342, 0.56455229607879]
avg_val_loss: 0.5806, val_losses:[0.5666971625331257, 0.5857319821747043, 0.5720079106288772, 0.5856927638580455, 0.5929422624258476]
epoch 221
avg_train_loss: 0.5619, train_losses:[0.5616302311951988, 0.5622748066533246, 0.5601952915335514, 0.5606880010377967, 0.5645055523397037]
epoch 222
avg_train_loss: 0.5618, train_losses:[0.5615764436741516, 0.5622332058484184, 0.5602109358231435, 0.560666642152123, 0.5644734148992546]
epoch 223
avg_train_loss: 0.5618, train_losses:[0.561536005483635, 0.5621963716778898, 0.5601525319165542, 0.5606189591837283, 0.5644450325595725]
epoch 224
avg_train_loss: 0.5617, train_losses:[0.5615008884378545, 0.5621457810437271, 0.5601089997160735, 0.5605714184777129, 0.5643899100341969]
epoch 225
avg_train_loss: 0.5617, train_losses:[0.5614489254396875, 0.5620857586267441, 0.5600286922175578, 0.5605535400953666, 0.5643423390230455]
epoch 226
avg_train_loss: 0.5617, train_losses:[0.5614121186011074, 0.5620471008223032, 0.5600174159808476, 0.5605132057959883, 0.5643216215091372]
epoch 227
avg_train_loss: 0.5616, train_losses:[0.5613776658252342, 0.5620067062217692, 0.5600048903560811, 0.5604874799276566, 0.564264083635258]
epoch 228
avg_train_loss: 0.5616, train_losses:[0.5613630910670342, 0.5619542434046346, 0.5599168977299317, 0.5604353169666697, 0.5642370830610898]
epoch 229
avg_train_loss: 0.5616, train_losses:[0.5613428912795914, 0.5619116144801944, 0.5598885811185366, 0.5604333750908443, 0.5641936217075133]
epoch 230
avg_train_loss: 0.5615, train_losses:[0.5612544702950811, 0.5618637733681542, 0.5598434849025228, 0.5603726509542661, 0.5641405683398263]
avg_val_loss: 0.5803, val_losses:[0.5663848296775181, 0.5853310765114836, 0.5716403517482612, 0.5853079292020528, 0.5927838255076411]
epoch 231
avg_train_loss: 0.5615, train_losses:[0.5612529022389695, 0.5618157935811738, 0.559813206516878, 0.560330816007603, 0.564122740400771]
epoch 232
avg_train_loss: 0.5614, train_losses:[0.5611938157902591, 0.5617640113479867, 0.5597674160524702, 0.5602815248665047, 0.5640988283687167]
epoch 233
avg_train_loss: 0.5614, train_losses:[0.5611523077608267, 0.5617411345203741, 0.559714517644054, 0.5602983357204373, 0.5640358034258122]
epoch 234
avg_train_loss: 0.5613, train_losses:[0.5611066575171245, 0.5617005407920187, 0.5596709988646484, 0.560238530455026, 0.5639850153278845]
epoch 235
avg_train_loss: 0.5613, train_losses:[0.5610727266500054, 0.5616220874476328, 0.5596236253711782, 0.5601759502407663, 0.56399319008007]
epoch 236
avg_train_loss: 0.5613, train_losses:[0.5610345619326104, 0.5615927850511332, 0.5596421749304995, 0.5601726436757958, 0.5639504358932036]
epoch 237
avg_train_loss: 0.5612, train_losses:[0.5610110307776834, 0.5615413615190934, 0.5595646519324018, 0.5601317542673041, 0.5639191079134822]
epoch 238
avg_train_loss: 0.5612, train_losses:[0.5609618920034659, 0.5614754648716053, 0.5595238373489503, 0.560104587204607, 0.5639067295186748]
epoch 239
avg_train_loss: 0.5612, train_losses:[0.5609204141073005, 0.5614874690234464, 0.5594935226164269, 0.5600219952364454, 0.563872401153388]
epoch 240
avg_train_loss: 0.5611, train_losses:[0.56086609038884, 0.5614282378501291, 0.5594278883224476, 0.5600375108670076, 0.5637954795956857]
avg_val_loss: 0.5800, val_losses:[0.5662305901753408, 0.5849522707223469, 0.5712730456558557, 0.5850066478108714, 0.5926813006792125]
epoch 241
avg_train_loss: 0.5611, train_losses:[0.5608626706214787, 0.5613961640351959, 0.5593825126527644, 0.5600117236588632, 0.5637915289571446]
epoch 242
avg_train_loss: 0.5611, train_losses:[0.560815445295457, 0.5613495574655476, 0.5593598551181895, 0.5599815601934663, 0.5637535405840006]
epoch 243
avg_train_loss: 0.5610, train_losses:[0.5607673774680559, 0.561329183100261, 0.5593079697056497, 0.5599232078734985, 0.5637178567445749]
epoch 244
avg_train_loss: 0.5610, train_losses:[0.5607459925243159, 0.5612957207427164, 0.5592600118496023, 0.5599123969204169, 0.5637075019262358]
epoch 245
avg_train_loss: 0.5609, train_losses:[0.5607387654728472, 0.5612527142960564, 0.5591989053946538, 0.5598830045782742, 0.5636638404445862]
epoch 246
avg_train_loss: 0.5609, train_losses:[0.5606810437682695, 0.5612222730632801, 0.5591803032731881, 0.5598640087743108, 0.5636144677472111]
epoch 247
avg_train_loss: 0.5609, train_losses:[0.5606446816275474, 0.5611719787039355, 0.5591258129684316, 0.5598059790244894, 0.5635635579880329]
epoch 248
avg_train_loss: 0.5608, train_losses:[0.5605995436229081, 0.5611342025999857, 0.5590834459514887, 0.5597787505344066, 0.5636018952849916]
epoch 249
avg_train_loss: 0.5608, train_losses:[0.5605886242116532, 0.5611031422768366, 0.55903725173674, 0.5597648647987313, 0.5635158983234241]
epoch 250
avg_train_loss: 0.5608, train_losses:[0.5605392073095812, 0.5610546580712682, 0.5590113632666848, 0.5597020553457858, 0.563527774701634]
avg_val_loss: 0.5797, val_losses:[0.5659396632848027, 0.5846806663754567, 0.5709360669801938, 0.5844356739099061, 0.5926756274022321]
epoch 251
avg_train_loss: 0.5607, train_losses:[0.560518812382963, 0.5610183139023638, 0.5589577287051636, 0.5596669440889894, 0.563487427929019]
epoch 252
avg_train_loss: 0.5607, train_losses:[0.5604691710923251, 0.5609722072382378, 0.5589104390679562, 0.5596624667521002, 0.5634223523851266]
epoch 253
avg_train_loss: 0.5607, train_losses:[0.560436398883535, 0.5609502668890616, 0.5588830872913467, 0.5596784653947372, 0.5634195717392486]
epoch 254
avg_train_loss: 0.5606, train_losses:[0.5604048487318712, 0.5608746128530813, 0.5588406184330854, 0.5596251220369451, 0.5633924652094136]
epoch 255
avg_train_loss: 0.5606, train_losses:[0.5603502823607778, 0.5608401046862515, 0.5588027826196068, 0.5595530309206918, 0.5633787780376964]
epoch 256
avg_train_loss: 0.5606, train_losses:[0.5603312903682776, 0.5608275529932356, 0.5587568255465003, 0.5595452336710739, 0.5633608759899551]
epoch 257
avg_train_loss: 0.5605, train_losses:[0.5602993123816544, 0.5606825690775439, 0.5587008352400554, 0.5595782228104665, 0.5633228766237173]
epoch 258
avg_train_loss: 0.5605, train_losses:[0.5602489433489951, 0.5607807027944132, 0.558676332629415, 0.5594896167698983, 0.5632798386081184]
epoch 259
avg_train_loss: 0.5605, train_losses:[0.5602326171201103, 0.5606671851425553, 0.5586476546184013, 0.5594873761376795, 0.5632559198148429]
epoch 260
avg_train_loss: 0.5604, train_losses:[0.5601859013794851, 0.5606394403667214, 0.5585844357839659, 0.55944985144672, 0.5632257130818239]
avg_val_loss: 0.5795, val_losses:[0.5657368203330043, 0.5842730781330475, 0.5704938460523775, 0.584400518068903, 0.5924519765337938]
epoch 261
avg_train_loss: 0.5604, train_losses:[0.5601637703278273, 0.5606011627697336, 0.5585470595985277, 0.5594203749682843, 0.5632028047489764]
epoch 262
avg_train_loss: 0.5604, train_losses:[0.5601334834068674, 0.5605771422048097, 0.5585063790079143, 0.5593711411966821, 0.5631709531615532]
epoch 263
avg_train_loss: 0.5603, train_losses:[0.5600971534746894, 0.5605321476580232, 0.5584850725581169, 0.5593337063790671, 0.5631418148929082]
epoch 264
avg_train_loss: 0.5603, train_losses:[0.5600569690789459, 0.5604970312384915, 0.5584498006302768, 0.5593154049762415, 0.5631027529274519]
epoch 265
avg_train_loss: 0.5603, train_losses:[0.5600358449480403, 0.5604842552872511, 0.5583907985184627, 0.5592927215546731, 0.5630890961160617]
epoch 266
avg_train_loss: 0.5602, train_losses:[0.5600171579255451, 0.5604104062850798, 0.5584090593474839, 0.5592442502936199, 0.56306130864165]
epoch 267
avg_train_loss: 0.5602, train_losses:[0.5599568948802914, 0.5603882929058621, 0.5583319494394917, 0.559225346571674, 0.5630265623229245]
epoch 268
avg_train_loss: 0.5602, train_losses:[0.5598910516472572, 0.5604112514238327, 0.5583268881605797, 0.5592082332547689, 0.5629895306788655]
epoch 269
avg_train_loss: 0.5601, train_losses:[0.5599101855854481, 0.5603445947993037, 0.5582819013049451, 0.559167806089289, 0.5629235395230735]
epoch 270
avg_train_loss: 0.5601, train_losses:[0.5598284531393999, 0.560302930597637, 0.5582290802540588, 0.5591054903974979, 0.562926233006221]
avg_val_loss: 0.5793, val_losses:[0.5654979786277224, 0.5839415647398013, 0.5701761942785002, 0.5844036632342076, 0.5922413691430225]
epoch 271
avg_train_loss: 0.5601, train_losses:[0.5598334258269957, 0.5602625549189861, 0.5582046044876053, 0.5590877273854842, 0.5628765091163564]
epoch 272
avg_train_loss: 0.5600, train_losses:[0.55976803633628, 0.5602497866242756, 0.5581738933201438, 0.5590662556008702, 0.5628502979310497]
epoch 273
avg_train_loss: 0.5600, train_losses:[0.5597363815674364, 0.5601969127067761, 0.5581467969696094, 0.5590634312618539, 0.5628363876105235]
epoch 274
avg_train_loss: 0.5600, train_losses:[0.5597135447892084, 0.5601355056696384, 0.5581376380083294, 0.5590175256918691, 0.5628002587076059]
epoch 275
avg_train_loss: 0.5599, train_losses:[0.5596627817940214, 0.5601244455804651, 0.5581067755574486, 0.5589997327410821, 0.5627670126916346]
epoch 276
avg_train_loss: 0.5599, train_losses:[0.5596234697600223, 0.5600657955254498, 0.5580651176864971, 0.5589334160393962, 0.5627541637117621]
epoch 277
avg_train_loss: 0.5599, train_losses:[0.5596235293524475, 0.5600537866660494, 0.5579953965081073, 0.5589323255006611, 0.5627053888488927]
epoch 278
avg_train_loss: 0.5598, train_losses:[0.55958287250838, 0.5600353153837747, 0.5579783778983739, 0.5589100546722723, 0.5626437614585461]
epoch 279
avg_train_loss: 0.5598, train_losses:[0.5595624647451856, 0.5600178358100031, 0.5579016856750165, 0.5588851074645845, 0.5626758785257252]
epoch 280
avg_train_loss: 0.5598, train_losses:[0.559514235512553, 0.5599565005135022, 0.5579038203489664, 0.5588659680775184, 0.5625964357493858]
avg_val_loss: 0.5789, val_losses:[0.56494161557089, 0.5836703232505437, 0.5698332583479042, 0.5839942407783987, 0.592163727021465]
epoch 281
avg_train_loss: 0.5597, train_losses:[0.5595188222149128, 0.5598912534552204, 0.5578998244631118, 0.5588304940606669, 0.5625932497682997]
epoch 282
avg_train_loss: 0.5597, train_losses:[0.5594770069100645, 0.5599108406489868, 0.5578623656616891, 0.5587892744753951, 0.562587005194051]
epoch 283
avg_train_loss: 0.5597, train_losses:[0.5594307017525125, 0.5598629690605156, 0.5578185769822204, 0.5587845605304481, 0.562542081791569]
epoch 284
avg_train_loss: 0.5597, train_losses:[0.559410394054737, 0.559846547715106, 0.5578015563257221, 0.5587447081332073, 0.5625437697467215]
epoch 285
avg_train_loss: 0.5596, train_losses:[0.5593460335083711, 0.5597862935055633, 0.5577907912894179, 0.5587297730496857, 0.5624928230492815]
epoch 286
avg_train_loss: 0.5596, train_losses:[0.5593689181646048, 0.5597480614618229, 0.5577300589016277, 0.558675310484194, 0.5625179570865253]
epoch 287
avg_train_loss: 0.5596, train_losses:[0.5593010774886241, 0.559706810294256, 0.5577162449982355, 0.5586671737302505, 0.5624554462245176]
epoch 288
avg_train_loss: 0.5596, train_losses:[0.5593151170167875, 0.5596788813207833, 0.5576890288783516, 0.5586238718946855, 0.562445942745747]
epoch 289
avg_train_loss: 0.5595, train_losses:[0.559237010482965, 0.559663619712073, 0.5576645075881812, 0.5586187507280438, 0.5623892907466135]
epoch 290
avg_train_loss: 0.5595, train_losses:[0.5592641105563713, 0.5596006290593374, 0.5576136006229409, 0.55857545054822, 0.562397882820919]
avg_val_loss: 0.5787, val_losses:[0.5649143890334525, 0.5832986841603219, 0.5696146961312257, 0.5837841207364942, 0.5918728111870892]
epoch 291
avg_train_loss: 0.5595, train_losses:[0.5592554429693715, 0.5595629924714359, 0.5575773057607044, 0.5585732181611033, 0.5623572140716213]
epoch 292
avg_train_loss: 0.5594, train_losses:[0.5592035967630712, 0.5595314129980831, 0.5575581734069742, 0.5585424956458069, 0.5623303773837515]
epoch 293
avg_train_loss: 0.5594, train_losses:[0.559171555821626, 0.5595023490955161, 0.5575375174740461, 0.5585117974849761, 0.5623038759995015]
epoch 294
avg_train_loss: 0.5594, train_losses:[0.5591661801331516, 0.5594814005118673, 0.5574622331988714, 0.558452689235674, 0.5623009028258147]
epoch 295
avg_train_loss: 0.5593, train_losses:[0.5591421515614056, 0.5594456491868856, 0.5574724929938086, 0.5584266728326303, 0.562255708868588]
epoch 296
avg_train_loss: 0.5593, train_losses:[0.5590954843932605, 0.5594183513308205, 0.5574497538411743, 0.5584441275000226, 0.5622384904536195]
epoch 297
avg_train_loss: 0.5593, train_losses:[0.5590688553690466, 0.5593742555103504, 0.5574220810564768, 0.5583709511248729, 0.5622193706895837]
epoch 298
avg_train_loss: 0.5593, train_losses:[0.559043974090609, 0.5593417685543969, 0.5573849519125059, 0.5583816551991505, 0.5622048987396692]
epoch 299
avg_train_loss: 0.5592, train_losses:[0.5590128872511625, 0.5593307810347492, 0.557356354236505, 0.5583470154793078, 0.5621641061826369]
epoch 300
avg_train_loss: 0.5592, train_losses:[0.5589986101190527, 0.5592908954493686, 0.5573073831238989, 0.5583303309026225, 0.5621418659032426]
avg_val_loss: 0.5786, val_losses:[0.5647313717986385, 0.5830787016880452, 0.5693536797589058, 0.5838026561029331, 0.5918968219031004]
epoch 301
avg_train_loss: 0.5592, train_losses:[0.5589718043745108, 0.5592562738316847, 0.5573058341851822, 0.5583156591012911, 0.5620983939312905]
epoch 302
avg_train_loss: 0.5592, train_losses:[0.5589348993971183, 0.559236952336513, 0.5572659692395416, 0.558279907502389, 0.5621253595996363]
epoch 303
avg_train_loss: 0.5591, train_losses:[0.558912897181673, 0.559204228104503, 0.5572406028757888, 0.5582503827091008, 0.562072096210499]
epoch 304
avg_train_loss: 0.5591, train_losses:[0.5588973408683492, 0.5591674288104408, 0.557203100334695, 0.5582116106748133, 0.5620541413722834]
epoch 305
avg_train_loss: 0.5591, train_losses:[0.5588676554396574, 0.5591649635350834, 0.5571743975405152, 0.5581743885802225, 0.5620303930758257]
epoch 306
avg_train_loss: 0.5590, train_losses:[0.5588063620407393, 0.5591376231297294, 0.5571305617141736, 0.5581285451127503, 0.562023716064462]
epoch 307
avg_train_loss: 0.5590, train_losses:[0.5588098068478762, 0.5590965227781861, 0.5570970552218609, 0.5581213680013266, 0.5619824912617469]
epoch 308
avg_train_loss: 0.5590, train_losses:[0.5587893642509836, 0.5590811840634639, 0.5570868782282372, 0.5581274054740603, 0.5619522432812059]
epoch 309
avg_train_loss: 0.5590, train_losses:[0.5587549056952907, 0.5590512744692119, 0.5570641240537743, 0.5580637149835311, 0.561944032991879]
epoch 310
avg_train_loss: 0.5590, train_losses:[0.5587442222933385, 0.5590274724977597, 0.5570320507591878, 0.5580350435578054, 0.5619251856398872]
avg_val_loss: 0.5783, val_losses:[0.5644999690006645, 0.5828830583492752, 0.5690865817170366, 0.5836444726908518, 0.5914334230014964]
epoch 311
avg_train_loss: 0.5589, train_losses:[0.558710623651801, 0.5589925040776588, 0.5569602164396293, 0.5579979712721485, 0.5618759925832706]
epoch 312
avg_train_loss: 0.5589, train_losses:[0.558702310204005, 0.5589836277786829, 0.5569487785105295, 0.5579881612003352, 0.5618894906892499]
epoch 313
avg_train_loss: 0.5589, train_losses:[0.558666630574855, 0.5589316827614983, 0.5568943931895374, 0.5579592134022886, 0.5618587821758688]
epoch 314
avg_train_loss: 0.5589, train_losses:[0.5586479048430462, 0.5589060860878174, 0.556961215285334, 0.5579189653562303, 0.5618218977553638]
epoch 315
avg_train_loss: 0.5588, train_losses:[0.5586331573562187, 0.5588876029648551, 0.5569026556535402, 0.557887674204843, 0.5618145691170562]
epoch 316
avg_train_loss: 0.5588, train_losses:[0.5586026936008822, 0.5588422110646318, 0.5568841153036425, 0.557887563014595, 0.5617807710229398]
epoch 317
avg_train_loss: 0.5588, train_losses:[0.5585944800087371, 0.5588476188384371, 0.5568487714294709, 0.5578614507109425, 0.5617475765836814]
epoch 318
avg_train_loss: 0.5588, train_losses:[0.5585604771504816, 0.5588147170877589, 0.5568189567491036, 0.5578296303700206, 0.5617536044119159]
epoch 319
avg_train_loss: 0.5587, train_losses:[0.5585490693281732, 0.5587911193304915, 0.5567975952932636, 0.5578275734945206, 0.5617283219740139]
epoch 320
avg_train_loss: 0.5587, train_losses:[0.5585163908408493, 0.5587582511182453, 0.5567675433409129, 0.5578204406258039, 0.5617096818493773]
avg_val_loss: 0.5781, val_losses:[0.5643229092814581, 0.5826869406334539, 0.5688136168984063, 0.5834551648688281, 0.5910422006971267]
epoch 321
avg_train_loss: 0.5587, train_losses:[0.5584996667249432, 0.5587362958531428, 0.5567399468689788, 0.5577747883831965, 0.5616770774651473]
epoch 322
avg_train_loss: 0.5587, train_losses:[0.5584804320614807, 0.5587532296219258, 0.556707472457352, 0.5577669953788338, 0.5616776136381306]
epoch 323
avg_train_loss: 0.5586, train_losses:[0.5584682957313961, 0.5587189178630619, 0.5566924644957626, 0.5577013793509582, 0.5616261963759906]
epoch 324
avg_train_loss: 0.5586, train_losses:[0.5584097171430972, 0.5586983566963665, 0.5566760306070446, 0.5576819962563095, 0.5616066766001903]
epoch 325
avg_train_loss: 0.5586, train_losses:[0.5584025936905173, 0.5586606237699911, 0.5566461260299124, 0.5576648269069245, 0.5615938874449058]
epoch 326
avg_train_loss: 0.5586, train_losses:[0.5583309155238454, 0.5586433828378043, 0.5566313722459734, 0.5576803074644902, 0.5615811965798556]
epoch 327
avg_train_loss: 0.5585, train_losses:[0.558360648547458, 0.5585969278886296, 0.5565928566438326, 0.557618677369693, 0.5615337199243966]
epoch 328
avg_train_loss: 0.5585, train_losses:[0.5583786524677723, 0.5586115197418988, 0.5565780070203824, 0.5576451357008432, 0.5615173243378231]
epoch 329
avg_train_loss: 0.5585, train_losses:[0.55834680119728, 0.5586107097474227, 0.5565541664679212, 0.5576223410391304, 0.5615087491502784]
epoch 330
avg_train_loss: 0.5585, train_losses:[0.5583276485530835, 0.5585623374347232, 0.5565049005152689, 0.5575703753211083, 0.5614867730880021]
avg_val_loss: 0.5779, val_losses:[0.5641305120456931, 0.5825024866432184, 0.5686598345525313, 0.5832253223285333, 0.590841199495937]
epoch 331
avg_train_loss: 0.5585, train_losses:[0.5582977231091323, 0.5585527519072744, 0.5565238855772807, 0.5575505653334196, 0.5614862431223085]
epoch 332
avg_train_loss: 0.5585, train_losses:[0.5582880666903014, 0.5585322605179507, 0.5564943210095463, 0.5575265206299078, 0.561442727353121]
epoch 333
avg_train_loss: 0.5584, train_losses:[0.5582647105816322, 0.5585091236320572, 0.5564444365286177, 0.557513016142379, 0.5614530472615646]
epoch 334
avg_train_loss: 0.5584, train_losses:[0.5582633161767194, 0.558495406071212, 0.5564337720831707, 0.5574738587205923, 0.5614294250292972]
epoch 335
avg_train_loss: 0.5584, train_losses:[0.5582403857564521, 0.5584621028521831, 0.5564189195738837, 0.557488355185453, 0.561384178106456]
epoch 336
avg_train_loss: 0.5584, train_losses:[0.558233009439817, 0.5584324437595511, 0.5563996254870321, 0.5574359425812655, 0.5613804172423591]
epoch 337
avg_train_loss: 0.5584, train_losses:[0.5582085914165723, 0.5584291823537495, 0.5563544109944835, 0.5574568118838327, 0.5613577038363321]
epoch 338
avg_train_loss: 0.5583, train_losses:[0.5581907378021179, 0.5584255279283575, 0.5563501053608025, 0.5574004464318593, 0.5613500792153859]
epoch 339
avg_train_loss: 0.5583, train_losses:[0.5581575134089946, 0.5583864560307944, 0.5563339155808738, 0.5574007984845848, 0.5613303965511781]
epoch 340
avg_train_loss: 0.5583, train_losses:[0.5581490716178388, 0.5583752811568059, 0.5563118392053323, 0.5573854038453214, 0.5612897792115993]
avg_val_loss: 0.5777, val_losses:[0.5639895913182866, 0.582209873797383, 0.5684842429591835, 0.5831482902207922, 0.5908148747412085]
epoch 341
avg_train_loss: 0.5583, train_losses:[0.5581329389599613, 0.5583488784243437, 0.5562369925794055, 0.5573516935512317, 0.5612626339635906]
epoch 342
avg_train_loss: 0.5583, train_losses:[0.5581231674803584, 0.5583267136733638, 0.5562904740266204, 0.5573525162020465, 0.5612370659822126]
epoch 343
avg_train_loss: 0.5582, train_losses:[0.5581116268199537, 0.5583109967195451, 0.5562401750910761, 0.5573341096820604, 0.561226960017542]
epoch 344
avg_train_loss: 0.5582, train_losses:[0.558089116320488, 0.5582920106860837, 0.5562161211272261, 0.5573184259408205, 0.5612304888129055]
epoch 345
avg_train_loss: 0.5582, train_losses:[0.5580474252756527, 0.558286541384082, 0.5561912911808372, 0.5572919806173193, 0.5612079701096826]
epoch 346
avg_train_loss: 0.5582, train_losses:[0.5580203670601159, 0.5582506981685212, 0.5561933893877502, 0.5572744589148129, 0.5611809514390652]
epoch 347
avg_train_loss: 0.5582, train_losses:[0.5580109533468692, 0.5582096666666866, 0.5561584028603989, 0.5572569275151215, 0.5611647138410503]
epoch 348
avg_train_loss: 0.5581, train_losses:[0.5580094636014078, 0.5581996466171616, 0.5561317844895453, 0.5572331157782587, 0.5611590259393187]
epoch 349
avg_train_loss: 0.5581, train_losses:[0.5579968594704792, 0.5581382191398689, 0.5561429513292179, 0.5571984573442642, 0.5611428322199998]
epoch 350
avg_train_loss: 0.5581, train_losses:[0.5579655509063159, 0.5581491482605284, 0.5561138628451064, 0.5572414687652756, 0.561106245680163]
avg_val_loss: 0.5776, val_losses:[0.5638490517771242, 0.582073945295001, 0.5682785988456811, 0.5830431020665531, 0.5905364557424486]
epoch 351
avg_train_loss: 0.5581, train_losses:[0.5579622220906691, 0.5581319813295844, 0.5560890636083372, 0.5572169277559001, 0.5611016780801918]
epoch 352
avg_train_loss: 0.5581, train_losses:[0.5579390483803185, 0.5581510393246517, 0.5560534040598857, 0.5571874242968264, 0.5610690282735894]
epoch 353
avg_train_loss: 0.5581, train_losses:[0.5579439038402191, 0.5581089940632225, 0.556047052319132, 0.5571696541812148, 0.5610732247436147]
epoch 354
avg_train_loss: 0.5580, train_losses:[0.557946434360535, 0.5580792051496906, 0.5560325741010275, 0.5571396284091256, 0.5610383886513496]
epoch 355
avg_train_loss: 0.5580, train_losses:[0.5578647033665697, 0.5580904444061452, 0.5560151209600533, 0.5571502894168223, 0.5610126773361562]
epoch 356
avg_train_loss: 0.5580, train_losses:[0.5579176019990099, 0.5580689029174764, 0.5560012845055888, 0.5571060590200333, 0.5609843135735401]
epoch 357
avg_train_loss: 0.5580, train_losses:[0.5578844538860644, 0.5580553567665717, 0.5559868258590371, 0.5571073845976398, 0.560997998411414]
epoch 358
avg_train_loss: 0.5580, train_losses:[0.5578473315463139, 0.558018437091167, 0.5559622682118052, 0.5570478874059844, 0.5609562245364461]
epoch 359
avg_train_loss: 0.5580, train_losses:[0.5578189021917771, 0.558012497915081, 0.5559323396376274, 0.5570800872303544, 0.5609964199391678]
epoch 360
avg_train_loss: 0.5579, train_losses:[0.5578014367091162, 0.5579927513058235, 0.5559099087909194, 0.5570556029866284, 0.5609326787467079]
avg_val_loss: 0.5775, val_losses:[0.5637432427554243, 0.5819340249920895, 0.5681694104027288, 0.5830218429625385, 0.5904155483722947]
epoch 361
avg_train_loss: 0.5579, train_losses:[0.5577910314309453, 0.5579555213714105, 0.5559017121024048, 0.5570233493873296, 0.5608933922883443]
epoch 362
avg_train_loss: 0.5579, train_losses:[0.5577631402900377, 0.5579395682667465, 0.5558771368631777, 0.5570426948785285, 0.5609062443718618]
epoch 363
avg_train_loss: 0.5579, train_losses:[0.5577640047783561, 0.557963632387031, 0.5558767189361898, 0.5570236800610358, 0.5608503274803883]
epoch 364
avg_train_loss: 0.5579, train_losses:[0.5577388485796806, 0.5579337763793241, 0.5558488100037021, 0.5570163496469219, 0.5609010414085347]
epoch 365
avg_train_loss: 0.5579, train_losses:[0.5577267276563386, 0.5579048665676044, 0.5558443007545916, 0.55698226469812, 0.5608674594698438]
epoch 366
avg_train_loss: 0.5578, train_losses:[0.5577170624618759, 0.557877446269176, 0.555837353670011, 0.5569444214887939, 0.5608647938950622]
epoch 367
avg_train_loss: 0.5578, train_losses:[0.5576914987085245, 0.5578625956752944, 0.5557894418875577, 0.5569136725121878, 0.5608341466114628]
epoch 368
avg_train_loss: 0.5578, train_losses:[0.5576648076520602, 0.5578028415840969, 0.5557903624979658, 0.5569258103788736, 0.5608058989341262]
epoch 369
avg_train_loss: 0.5578, train_losses:[0.5576378058233687, 0.5578344383113722, 0.5557807715735746, 0.5568929910965277, 0.5607912565240512]
epoch 370
avg_train_loss: 0.5578, train_losses:[0.5576112075474695, 0.5578061086689073, 0.5557486559323391, 0.5569097781143048, 0.5607669889943202]
avg_val_loss: 0.5774, val_losses:[0.5635954319322893, 0.5818517627620918, 0.568104680450917, 0.5829133555115906, 0.5904969912105861]
epoch 371
avg_train_loss: 0.5577, train_losses:[0.5575678698487141, 0.5577790910455043, 0.5557627554215491, 0.5568696555899219, 0.5607559065423214]
epoch 372
avg_train_loss: 0.5577, train_losses:[0.5575815717054756, 0.5577575542817057, 0.5557428888983448, 0.5568654601954052, 0.5607587926836145]
epoch 373
avg_train_loss: 0.5577, train_losses:[0.5575736733578918, 0.5577402466870993, 0.5557218804982467, 0.5568580687418746, 0.560746675662954]
epoch 374
avg_train_loss: 0.5577, train_losses:[0.557534932271504, 0.5577282658714329, 0.5557169945262749, 0.556848284770896, 0.5607175581178591]
epoch 375
avg_train_loss: 0.5577, train_losses:[0.5575365160642847, 0.5577133446682357, 0.5556892224032182, 0.5568089959223644, 0.5606807533086967]
epoch 376
avg_train_loss: 0.5577, train_losses:[0.5575093848739425, 0.5577080773951664, 0.555679989285915, 0.5568083556220086, 0.5606654183948009]
epoch 377
avg_train_loss: 0.5577, train_losses:[0.557519272571096, 0.5576550829955135, 0.555677939409129, 0.5567831767123891, 0.5606629153703656]
epoch 378
avg_train_loss: 0.5576, train_losses:[0.5574507129979694, 0.5576840840542521, 0.5556869711186573, 0.5567805982081652, 0.5606408168037227]
epoch 379
avg_train_loss: 0.5576, train_losses:[0.5574776027454084, 0.5576173710622252, 0.5556736457648062, 0.556743109359012, 0.5606008384972954]
epoch 380
avg_train_loss: 0.5576, train_losses:[0.5574356556105721, 0.5576220056894321, 0.5556444077426264, 0.5567752940637973, 0.5606023947267531]
avg_val_loss: 0.5772, val_losses:[0.5633624232180281, 0.5817370345248084, 0.5679301962722793, 0.5828884436456301, 0.5902148903947896]
epoch 381
avg_train_loss: 0.5576, train_losses:[0.5574390731315836, 0.5576121894640865, 0.5556157536594144, 0.5567183646863472, 0.560592306581566]
epoch 382
avg_train_loss: 0.5576, train_losses:[0.5573993920424543, 0.5575138239628038, 0.5556344891484876, 0.5567309817261507, 0.560575630929735]
epoch 383
avg_train_loss: 0.5576, train_losses:[0.5574002762632154, 0.5575689989389279, 0.555616616041907, 0.5566996569752339, 0.5605606236947566]
epoch 384
avg_train_loss: 0.5576, train_losses:[0.5573853323786049, 0.5575692676791577, 0.5556138821607342, 0.5566877607673292, 0.5605315352188396]
epoch 385
avg_train_loss: 0.5575, train_losses:[0.5573571851925011, 0.5575182475746605, 0.5555764271290248, 0.5566508441193037, 0.5605165300977609]
epoch 386
avg_train_loss: 0.5575, train_losses:[0.5573386584754833, 0.5575017913100163, 0.5555507840711711, 0.5566838747072127, 0.5605248346042971]
epoch 387
avg_train_loss: 0.5575, train_losses:[0.5573194658063411, 0.5574677562503447, 0.5555652831927531, 0.5566483861970255, 0.5604844950246439]
epoch 388
avg_train_loss: 0.5575, train_losses:[0.5573117773163105, 0.5574411689068176, 0.55552599802738, 0.5566314373147676, 0.5604779057340151]
epoch 389
avg_train_loss: 0.5575, train_losses:[0.557282324385854, 0.5574152444411942, 0.5555266178061176, 0.5566081808499449, 0.5604341088283643]
epoch 390
avg_train_loss: 0.5575, train_losses:[0.5572627969372564, 0.5574354230644771, 0.5555164180312878, 0.5566056637985639, 0.5604473958050307]
avg_val_loss: 0.5771, val_losses:[0.5632313680612961, 0.5815931817490464, 0.5678960556082668, 0.5827855128757742, 0.5902120920072298]
epoch 391
avg_train_loss: 0.5574, train_losses:[0.5572429769642063, 0.5573958806788001, 0.5554832871417164, 0.5565913040107563, 0.5604239656566123]
epoch 392
avg_train_loss: 0.5574, train_losses:[0.5572333837099656, 0.5573865223616015, 0.5554759915002032, 0.5565815309864058, 0.5603843574374364]
epoch 393
avg_train_loss: 0.5574, train_losses:[0.5571943990361536, 0.5573936289237887, 0.5554349144400297, 0.5565825206949855, 0.5603716142747479]
epoch 394
avg_train_loss: 0.5574, train_losses:[0.5571940875042816, 0.5573299604201988, 0.5554616802064674, 0.556564999506716, 0.560372797093366]
epoch 395
avg_train_loss: 0.5574, train_losses:[0.5571733703659553, 0.5573169386209281, 0.555455333005255, 0.5565719044686716, 0.56033495510066]
epoch 396
avg_train_loss: 0.5574, train_losses:[0.5571609844894075, 0.5573233732454769, 0.5554437238077571, 0.5565206512977326, 0.5603284791948953]
epoch 397
avg_train_loss: 0.5573, train_losses:[0.5571522779466677, 0.5572960341404805, 0.5553924142978326, 0.5565095473568762, 0.5603187844590997]
epoch 398
avg_train_loss: 0.5573, train_losses:[0.5571641053109735, 0.5572777907822779, 0.5553606491625385, 0.5565369808279169, 0.5603017552402056]
epoch 399
avg_train_loss: 0.5573, train_losses:[0.5571147153732469, 0.5572595067504783, 0.5554005982801122, 0.5565250012138339, 0.5602932429035065]
epoch 400
avg_train_loss: 0.5573, train_losses:[0.5571110974668246, 0.5572179384484022, 0.5553788072093402, 0.5565012424810537, 0.560253784600154]
avg_val_loss: 0.5770, val_losses:[0.5631898105942813, 0.5813486009766955, 0.5676746322220102, 0.5827892258370266, 0.5901737711089371]
epoch 401
avg_train_loss: 0.5573, train_losses:[0.5570614777150777, 0.5572276589493034, 0.5553736537139963, 0.5564839019406607, 0.5602699122875949]
epoch 402
avg_train_loss: 0.5573, train_losses:[0.5570374249344818, 0.5571929136917458, 0.5553281636148815, 0.5564584216830972, 0.5602477271284451]
epoch 403
avg_train_loss: 0.5573, train_losses:[0.5570888557452656, 0.5571755608167941, 0.5552934728806967, 0.5564637480567574, 0.5602335941845298]
epoch 404
avg_train_loss: 0.5572, train_losses:[0.5571051959899076, 0.5571444657953794, 0.5553374924922693, 0.5564550320296552, 0.5601940947354809]
epoch 405
avg_train_loss: 0.5572, train_losses:[0.557039714111687, 0.557140006249052, 0.5553135580778179, 0.5564392367875886, 0.5601868328377574]
epoch 406
avg_train_loss: 0.5572, train_losses:[0.5570429580059385, 0.5571167568532054, 0.5552969735146188, 0.5564474574802767, 0.5601842790919443]
epoch 407
avg_train_loss: 0.5572, train_losses:[0.5570382181037359, 0.5570802879528194, 0.5552940087135617, 0.5564237936756374, 0.5601573280457576]
epoch 408
avg_train_loss: 0.5572, train_losses:[0.5569742164601389, 0.557065737056232, 0.5552749107475182, 0.5564013274636834, 0.5601358924209217]
epoch 409
avg_train_loss: 0.5572, train_losses:[0.5569942430770161, 0.5570369107647394, 0.5552582654656639, 0.5563923034544714, 0.5601321877116174]
epoch 410
avg_train_loss: 0.5572, train_losses:[0.5569992131781528, 0.5569917307270845, 0.555249405154875, 0.5563935237642103, 0.5601292183095515]
avg_val_loss: 0.5768, val_losses:[0.5630272891419791, 0.5810443074696374, 0.5675183495032391, 0.5825552431647856, 0.5896513383853885]
epoch 411
avg_train_loss: 0.5571, train_losses:[0.5569894232084222, 0.557009017174842, 0.5552271245671854, 0.556399570685666, 0.5600999128025087]
epoch 412
avg_train_loss: 0.5571, train_losses:[0.5569487823270841, 0.55697691619496, 0.5552264113582129, 0.5564119060295234, 0.5600900012270192]
epoch 413
avg_train_loss: 0.5571, train_losses:[0.5569542165123028, 0.5569707622816701, 0.555193188020039, 0.5563725975106647, 0.5600924010247142]
epoch 414
avg_train_loss: 0.5571, train_losses:[0.5569157633212167, 0.5569417390883402, 0.5551663675978508, 0.5563905550946657, 0.5600605348558623]
epoch 415
avg_train_loss: 0.5571, train_losses:[0.5569260765601383, 0.5569469701540369, 0.5551668146459243, 0.5563530856256267, 0.5600485620243523]
epoch 416
avg_train_loss: 0.5571, train_losses:[0.5569271343730375, 0.5569054296289024, 0.5551879766491084, 0.5563448955784058, 0.5600282656001119]
epoch 417
avg_train_loss: 0.5571, train_losses:[0.5568980311114873, 0.5568747729145516, 0.5551421806329779, 0.5563476917423288, 0.5600174635555047]
epoch 418
avg_train_loss: 0.5570, train_losses:[0.556897678461025, 0.5568713475832482, 0.5551541558327696, 0.5563265801862987, 0.5599874818693245]
epoch 419
avg_train_loss: 0.5570, train_losses:[0.5568915263623295, 0.5567803515292096, 0.5551373903192617, 0.5563439012386387, 0.5599971970069012]
epoch 420
avg_train_loss: 0.5570, train_losses:[0.556853892695905, 0.5568548460942645, 0.5551325753140255, 0.5563147599194811, 0.559980439503564]
avg_val_loss: 0.5767, val_losses:[0.5629788961374028, 0.5809370690769098, 0.5674519077242764, 0.5826964475539305, 0.5896179203683395]
epoch 421
avg_train_loss: 0.5570, train_losses:[0.5568612481457211, 0.5568422988084121, 0.555094598334867, 0.5563016195504077, 0.5599790459018401]
epoch 422
avg_train_loss: 0.5570, train_losses:[0.5568224137044521, 0.5567984187627844, 0.5550717945961084, 0.5562924360208208, 0.559955538235614]
epoch 423
avg_train_loss: 0.5570, train_losses:[0.5567997570985586, 0.556778999531025, 0.5550861801191842, 0.5562870151874336, 0.5599581868177361]
epoch 424
avg_train_loss: 0.5570, train_losses:[0.5568129520846875, 0.5567496936041106, 0.5550492307870728, 0.5562855860292677, 0.559938525936065]
epoch 425
avg_train_loss: 0.5570, train_losses:[0.5567912528393237, 0.5567608528483508, 0.5550272177207187, 0.5562750647280399, 0.5599275575654175]
epoch 426
avg_train_loss: 0.5569, train_losses:[0.5567673734268419, 0.5567282147851426, 0.5550619805193568, 0.5562560948263443, 0.5599009989958994]
epoch 427
avg_train_loss: 0.5569, train_losses:[0.5567745744141344, 0.5567203782294924, 0.5550257516627423, 0.556265562223892, 0.5598488391276606]
epoch 428
avg_train_loss: 0.5569, train_losses:[0.5567561189347175, 0.5566783819651707, 0.5550099136005212, 0.5562552640302199, 0.5598978309605606]
epoch 429
avg_train_loss: 0.5569, train_losses:[0.5567462324004523, 0.5566868149796764, 0.5550312044276984, 0.5562439346081713, 0.5598894289295189]
epoch 430
avg_train_loss: 0.5569, train_losses:[0.5567126661670437, 0.5566904650742768, 0.5550143716071926, 0.5562279878831005, 0.5598719177333094]
avg_val_loss: 0.5765, val_losses:[0.5628711725455972, 0.5808048744792738, 0.5673179135991199, 0.5825242710778243, 0.5891843841270126]
epoch 431
avg_train_loss: 0.5569, train_losses:[0.556692738473063, 0.5566640895281474, 0.5550005291875795, 0.556207665033155, 0.5598547561451828]
epoch 432
avg_train_loss: 0.5569, train_losses:[0.5566886837646112, 0.5566333557434247, 0.5549531599750044, 0.5562124962719862, 0.5598538205469503]
epoch 433
avg_train_loss: 0.5569, train_losses:[0.5566899149578441, 0.5566227338798518, 0.5549745530508163, 0.5561799636731757, 0.5598399126050706]
epoch 434
avg_train_loss: 0.5568, train_losses:[0.5566562757883252, 0.5565839465325045, 0.5549482731517413, 0.5561944880656852, 0.55982349546405]
epoch 435
avg_train_loss: 0.5568, train_losses:[0.5566277674714318, 0.5565918805111084, 0.5549445546279864, 0.5561877880388645, 0.5598173483898686]
epoch 436
avg_train_loss: 0.5568, train_losses:[0.5566617882129137, 0.5565809198112089, 0.5549159330812082, 0.5561690461651068, 0.559832776400892]
epoch 437
avg_train_loss: 0.5568, train_losses:[0.5566467696814639, 0.5565410650077466, 0.5549139454545869, 0.556135163150536, 0.5598132202814915]
epoch 438
avg_train_loss: 0.5568, train_losses:[0.5565955049844892, 0.5565474961436303, 0.5549000013504721, 0.5561263743899634, 0.5597865635805872]
epoch 439
avg_train_loss: 0.5568, train_losses:[0.5566292188680546, 0.5565173704171159, 0.5548839457303812, 0.5561389584941632, 0.5597866997662441]
epoch 440
avg_train_loss: 0.5568, train_losses:[0.5565827523174905, 0.5564941727932197, 0.5548982014193192, 0.5561158863939789, 0.5597869351463467]
avg_val_loss: 0.5765, val_losses:[0.5627206505908982, 0.5805938008363674, 0.5672313007514008, 0.582591773920475, 0.5894540737827597]
epoch 441
avg_train_loss: 0.5567, train_losses:[0.5566031884787842, 0.5564831323550259, 0.5548565838523251, 0.5560573581815536, 0.5597448930423312]
epoch 442
avg_train_loss: 0.5568, train_losses:[0.5565605832285911, 0.5564695242472243, 0.5548551772829082, 0.556143853820156, 0.5597274326693251]
epoch 443
avg_train_loss: 0.5567, train_losses:[0.5565369125576158, 0.5564408627406711, 0.554856727814232, 0.5560677812798167, 0.55977371910548]
epoch 444
avg_train_loss: 0.5567, train_losses:[0.5565138263204977, 0.5564511304273634, 0.5548258220309965, 0.5560779676885589, 0.5597331272589634]
epoch 445
avg_train_loss: 0.5567, train_losses:[0.556503188069568, 0.5564159153272885, 0.5547944012837517, 0.5560705059352732, 0.5597407024700459]
epoch 446
avg_train_loss: 0.5567, train_losses:[0.5565039939022889, 0.5564103378552899, 0.554807832484878, 0.5560469633520666, 0.5597072803894321]
epoch 447
avg_train_loss: 0.5567, train_losses:[0.5564977097007033, 0.5563916198472181, 0.5547884895363516, 0.5560263578907314, 0.5596775012018251]
epoch 448
avg_train_loss: 0.5567, train_losses:[0.5565154672495859, 0.5563755419520118, 0.5547939138502574, 0.5559990204017627, 0.5596972265472597]
epoch 449
avg_train_loss: 0.5567, train_losses:[0.5564510732605072, 0.556352615226104, 0.5547618683163198, 0.5560124308949235, 0.5596917930873867]
epoch 450
avg_train_loss: 0.5567, train_losses:[0.5564740873313428, 0.5563293682772106, 0.5547631506094312, 0.5560180548030278, 0.5596922354178789]
avg_val_loss: 0.5764, val_losses:[0.5626259579332015, 0.5804002122327052, 0.567105625021795, 0.5825556974292404, 0.5891946061117653]
epoch 451
avg_train_loss: 0.5566, train_losses:[0.5564693016019726, 0.5563016482356649, 0.5547401356750848, 0.5559940157225188, 0.5596562806937935]
epoch 452
avg_train_loss: 0.5566, train_losses:[0.5564424300615767, 0.556308042618372, 0.5547464412261592, 0.555977790272875, 0.5596194861201425]
epoch 453
avg_train_loss: 0.5566, train_losses:[0.5564209832851711, 0.5562784810525595, 0.5547329381520183, 0.5559737642476437, 0.5596154539600102]
epoch 454
avg_train_loss: 0.5566, train_losses:[0.5564209978732078, 0.5562817332214436, 0.5547166883560551, 0.5559596498964767, 0.5596646661679895]
epoch 455
avg_train_loss: 0.5566, train_losses:[0.5564186473806291, 0.5562676786062808, 0.5547086240494423, 0.5559558695044162, 0.55962562567552]
epoch 456
avg_train_loss: 0.5566, train_losses:[0.5563699742729176, 0.5562308018111097, 0.5546878982698986, 0.5559364609799867, 0.5596230649241043]
epoch 457
avg_train_loss: 0.5566, train_losses:[0.5563741480684641, 0.5562382578741853, 0.5546598411353403, 0.5559300653895866, 0.5595928355206292]
epoch 458
avg_train_loss: 0.5566, train_losses:[0.5563678150255695, 0.5562104626522159, 0.5546902802195226, 0.5559105470882969, 0.5595926274175737]
epoch 459
avg_train_loss: 0.5565, train_losses:[0.556349572542079, 0.5562063413047651, 0.5546466127981449, 0.5559274364168245, 0.5595701369933618]
epoch 460
avg_train_loss: 0.5565, train_losses:[0.5563310953913931, 0.5562102294259025, 0.5546336065359582, 0.5559185887257158, 0.5595621258790203]
avg_val_loss: 0.5763, val_losses:[0.562463492468698, 0.5802876472196179, 0.5670873667758166, 0.5823774188532926, 0.5891501492265145]
epoch 461
avg_train_loss: 0.5565, train_losses:[0.5563256565261092, 0.5561968415113078, 0.5546546559731831, 0.5558985997866235, 0.559541093565099]
epoch 462
avg_train_loss: 0.5565, train_losses:[0.5563014159970937, 0.5561711460715474, 0.5546230446466698, 0.5559020371999496, 0.5595556621190155]
epoch 463
avg_train_loss: 0.5565, train_losses:[0.5562945791669517, 0.5561777013982002, 0.5545776973628662, 0.5558987683422945, 0.5595408739313102]
epoch 464
avg_train_loss: 0.5565, train_losses:[0.5562565975342034, 0.5561588655972817, 0.5545798636751171, 0.5558612466787141, 0.5595332759805304]
epoch 465
avg_train_loss: 0.5565, train_losses:[0.5562694650155477, 0.5561518621034535, 0.5545456244959619, 0.5558780194831855, 0.5595239825598672]
epoch 466
avg_train_loss: 0.5565, train_losses:[0.5562485024507637, 0.5561472849445168, 0.5546060245013535, 0.5558431975859933, 0.5595084471920564]
epoch 467
avg_train_loss: 0.5565, train_losses:[0.5562300561502218, 0.5561294482031441, 0.5545492592734292, 0.555832240733197, 0.559519161418176]
epoch 468
avg_train_loss: 0.5564, train_losses:[0.5562428225376732, 0.5561222049516841, 0.5545591457506702, 0.5558296994393624, 0.5594699927589778]
epoch 469
avg_train_loss: 0.5564, train_losses:[0.5562158643223849, 0.556108937439816, 0.5545730949299472, 0.5558417458054747, 0.5594939409269081]
epoch 470
avg_train_loss: 0.5564, train_losses:[0.556196544688649, 0.5560821951124003, 0.5545341198667657, 0.5558148066169535, 0.5594783592365863]
avg_val_loss: 0.5761, val_losses:[0.5623662470712254, 0.580140285459685, 0.5669988743167635, 0.5823830602777383, 0.5888080735588543]
epoch 471
avg_train_loss: 0.5564, train_losses:[0.5561718776586356, 0.5560682286201398, 0.5545172151915746, 0.5557880981314206, 0.5594589506136324]
epoch 472
avg_train_loss: 0.5564, train_losses:[0.5561788574466496, 0.556065265213123, 0.5544979280148458, 0.5557820854856396, 0.5594493259460821]
epoch 473
avg_train_loss: 0.5564, train_losses:[0.5561778890702479, 0.556064284132523, 0.554474658332606, 0.5557933169073633, 0.5594633209203557]
epoch 474
avg_train_loss: 0.5564, train_losses:[0.5561883533828206, 0.5560441103125188, 0.5544751665657119, 0.5557680734085646, 0.5594249860346276]
epoch 475
avg_train_loss: 0.5564, train_losses:[0.5561131152749229, 0.5560522743668437, 0.554457667194327, 0.5557860468555027, 0.5594226492792104]
epoch 476
avg_train_loss: 0.5563, train_losses:[0.5560966428622202, 0.556022673841218, 0.5544317907339956, 0.5557412226341768, 0.5594119877376663]
epoch 477
avg_train_loss: 0.5563, train_losses:[0.5561261191115404, 0.5560089227337944, 0.5544428255970463, 0.5557602468861357, 0.5593724197599753]
epoch 478
avg_train_loss: 0.5563, train_losses:[0.556100322346735, 0.5559970635316025, 0.554414566704421, 0.5557342773081848, 0.5594198898008421]
epoch 479
avg_train_loss: 0.5563, train_losses:[0.5561018964372392, 0.5559674512121305, 0.5543949539474775, 0.5557361197305841, 0.5593753384365905]
epoch 480
avg_train_loss: 0.5563, train_losses:[0.5561355187866275, 0.5559751191693416, 0.5543998937015062, 0.5557197845672142, 0.559363944206763]
avg_val_loss: 0.5761, val_losses:[0.5621861026263293, 0.580064468897316, 0.5669172824985003, 0.5823138156467665, 0.5888216340228989]
epoch 481
avg_train_loss: 0.5563, train_losses:[0.5560921540705757, 0.5559619308937503, 0.5543929785770066, 0.5557045847534926, 0.5593573474462068]
epoch 482
avg_train_loss: 0.5563, train_losses:[0.5560485627114616, 0.5559603948007744, 0.5543684014111729, 0.5557029301935613, 0.5593483034331437]
epoch 483
avg_train_loss: 0.5563, train_losses:[0.5560681805130187, 0.5559221025953841, 0.5543707802224241, 0.5556851278256192, 0.5593408090634572]
epoch 484
avg_train_loss: 0.5563, train_losses:[0.556038976442697, 0.555928428822857, 0.5543682208804, 0.5556813404450277, 0.5593263402334797]
epoch 485
avg_train_loss: 0.5563, train_losses:[0.5560593035205866, 0.5559047497764383, 0.5543568061153836, 0.5556825051968101, 0.5593372925034602]
epoch 486
avg_train_loss: 0.5562, train_losses:[0.5560315877721557, 0.5559123833266151, 0.5543192503380369, 0.5556729035202845, 0.5593083614580974]
epoch 487
avg_train_loss: 0.5562, train_losses:[0.5560159620847033, 0.5558934165561643, 0.5543411788475437, 0.5556667892409164, 0.5592926107861231]
epoch 488
avg_train_loss: 0.5562, train_losses:[0.555994945617704, 0.5558821555072643, 0.5543270908976072, 0.5556598197590256, 0.5593106683663891]
epoch 489
avg_train_loss: 0.5562, train_losses:[0.5560038923386299, 0.5558511911896079, 0.5543150664654828, 0.5556305137730502, 0.5592896611423005]
epoch 490
avg_train_loss: 0.5562, train_losses:[0.5560224763121135, 0.5558646854820073, 0.5542970536677078, 0.5556408551850285, 0.5592836457653028]
avg_val_loss: 0.5760, val_losses:[0.5620855321824852, 0.5798718909658792, 0.566796843978214, 0.5822804145951797, 0.5887805898050065]
epoch 491
avg_train_loss: 0.5562, train_losses:[0.5560043499830395, 0.5558185100089043, 0.5542920652495527, 0.5556308645193083, 0.5592262067803924]
epoch 492
avg_train_loss: 0.5562, train_losses:[0.5559856697566183, 0.5558153361170668, 0.5542890728548463, 0.5556065446420041, 0.5592472318158183]
epoch 493
avg_train_loss: 0.5562, train_losses:[0.5559699603452809, 0.5558385082012067, 0.5542385752975715, 0.5556118000703127, 0.5592456751016706]
epoch 494
avg_train_loss: 0.5562, train_losses:[0.5559417093993985, 0.5558055651170789, 0.554281533577031, 0.5555952800891648, 0.5592271879028228]
epoch 495
avg_train_loss: 0.5562, train_losses:[0.5559714596789703, 0.5557599914468226, 0.5542559837722296, 0.5555928492218599, 0.5592561007132536]
epoch 496
avg_train_loss: 0.5562, train_losses:[0.5559344947079459, 0.5557848209522914, 0.55423033781021, 0.5555889385323393, 0.559248008912291]
epoch 497
avg_train_loss: 0.5562, train_losses:[0.5559189672815008, 0.5557818157413748, 0.554223687239746, 0.5555770175595978, 0.55927154892648]
epoch 498
avg_train_loss: 0.5561, train_losses:[0.5558948941880362, 0.5557295021323824, 0.5542412214570488, 0.5555496001103475, 0.5592196291467605]
epoch 499
avg_train_loss: 0.5561, train_losses:[0.5558878683651232, 0.5557505251408829, 0.5542329753447627, 0.5555433435075027, 0.5591935121827362]
no_improve_num: 1
epoch 500
avg_train_loss: 0.5561, train_losses:[0.5559026307352917, 0.5557267106821284, 0.5542007820608758, 0.5555540831578125, 0.5592231166864559]
avg_val_loss: 0.5760, val_losses:[0.5620249087031428, 0.5797619386189815, 0.5666478854133504, 0.5825126794447775, 0.5888794662034726]
epoch 501
avg_train_loss: 0.5561, train_losses:[0.555886748574961, 0.555721007722058, 0.5541917667336128, 0.5555380857910942, 0.5591982944596249]
epoch 502
avg_train_loss: 0.5561, train_losses:[0.5558843831257242, 0.5557268026439877, 0.5541892057297377, 0.5555111528273857, 0.5591906541901175]
epoch 503
avg_train_loss: 0.5561, train_losses:[0.5558674497571297, 0.5557298459155667, 0.5541715490507241, 0.5555012505788539, 0.5591742843939369]
epoch 504
avg_train_loss: 0.5561, train_losses:[0.555858736265572, 0.5556921867195688, 0.5541926367003367, 0.5555013566857934, 0.5591778363118622]
epoch 505
avg_train_loss: 0.5561, train_losses:[0.5558335055809472, 0.5556894950414659, 0.5541484718723227, 0.5554903170327019, 0.5591537846972484]
epoch 506
avg_train_loss: 0.5561, train_losses:[0.5558335825820753, 0.5556843173586561, 0.554157255389715, 0.5554912054396574, 0.5591467713680818]
epoch 507
avg_train_loss: 0.5561, train_losses:[0.5558429942994716, 0.5556946751274425, 0.5541175532504745, 0.5554932643385015, 0.559153091448064]
epoch 508
avg_train_loss: 0.5560, train_losses:[0.555801374099177, 0.5556567744254072, 0.5541324051976648, 0.5554663199027268, 0.5591326198715386]
epoch 509
avg_train_loss: 0.5560, train_losses:[0.5558317831946897, 0.5556481886244848, 0.5541360928936783, 0.5554643752418755, 0.559120705263918]
epoch 510
avg_train_loss: 0.5560, train_losses:[0.5557998742115372, 0.5556641116396682, 0.5541172215829163, 0.5554193268397152, 0.5591105632733432]
avg_val_loss: 0.5758, val_losses:[0.5620114660147387, 0.5797007820295704, 0.5665187484761544, 0.5823538569017921, 0.5883385289425795]
epoch 511
avg_train_loss: 0.5560, train_losses:[0.555792676112118, 0.555630311156564, 0.5541355758991966, 0.5554503738690756, 0.5591009146360421]
epoch 512
avg_train_loss: 0.5560, train_losses:[0.5557579820888534, 0.5556200052493376, 0.5541019341228527, 0.5553902551268564, 0.5590694975303923]
epoch 513
avg_train_loss: 0.5560, train_losses:[0.555786570357882, 0.5556295985025601, 0.5541087104766929, 0.5554141150074987, 0.559075093104798]
epoch 514
avg_train_loss: 0.5560, train_losses:[0.5557687679044035, 0.5556033175169687, 0.554087787291258, 0.5553743345942663, 0.5590773763203044]
epoch 515
avg_train_loss: 0.5560, train_losses:[0.5557502963380256, 0.5555916696081205, 0.5540760969746633, 0.555422842247003, 0.5590573371483097]
epoch 516
avg_train_loss: 0.5560, train_losses:[0.555746656684981, 0.5555959769291096, 0.5540581280346811, 0.5553916227395148, 0.5590627896006973]
epoch 517
avg_train_loss: 0.5560, train_losses:[0.5557377335089795, 0.555583907354109, 0.5540719539091024, 0.5553973354975812, 0.5590617888992367]
epoch 518
avg_train_loss: 0.5560, train_losses:[0.5557292162380224, 0.5555768469225401, 0.5540445609894636, 0.5553617139792432, 0.5590533568785134]
epoch 519
avg_train_loss: 0.5559, train_losses:[0.5556762924212095, 0.5555563401875712, 0.554045004701616, 0.5553923760803534, 0.5590453749677596]
epoch 520
avg_train_loss: 0.5559, train_losses:[0.5557227146129815, 0.5555593430441991, 0.5540191209930894, 0.5553604323123807, 0.5590326507527824]
avg_val_loss: 0.5758, val_losses:[0.5618933180169654, 0.5795816184312117, 0.5665322401263894, 0.5826231564950206, 0.5882623057961138]
epoch 521
avg_train_loss: 0.5559, train_losses:[0.5557098731326793, 0.5555743305238835, 0.5540331985014701, 0.5553630656648123, 0.5590388480066292]
epoch 522
avg_train_loss: 0.5559, train_losses:[0.5557003229338181, 0.5555584044181869, 0.5540097114507626, 0.555355178388088, 0.5590155979836592]
epoch 523
avg_train_loss: 0.5559, train_losses:[0.5556881008269736, 0.555529094727669, 0.5539991426574612, 0.5553457721714995, 0.5590170124026128]
epoch 524
avg_train_loss: 0.5559, train_losses:[0.5556721070191823, 0.5555346356684784, 0.5539885555878732, 0.5553001774348392, 0.559007843074796]
epoch 525
avg_train_loss: 0.5559, train_losses:[0.5556892997403822, 0.5555177796421392, 0.5540103563283364, 0.5553487929266282, 0.5590109959177523]
epoch 526
avg_train_loss: 0.5559, train_losses:[0.5556698430731913, 0.5554939536777148, 0.5539820711984256, 0.5553398473909931, 0.5589515812673643]
epoch 527
avg_train_loss: 0.5559, train_losses:[0.5556316768670548, 0.5554757751418801, 0.5539912331147862, 0.5553050770386725, 0.5589765848048939]
epoch 528
avg_train_loss: 0.5559, train_losses:[0.5556639327045573, 0.5554735076003036, 0.5539975229210452, 0.5553037965326618, 0.5589477702398941]
epoch 529
avg_train_loss: 0.5559, train_losses:[0.5556149163961239, 0.5555009480221986, 0.5539629115524602, 0.555291576768905, 0.5589918157914892]
epoch 530
avg_train_loss: 0.5559, train_losses:[0.5556132745078057, 0.5554950643246421, 0.5539525662108971, 0.5552884221522977, 0.558935584466575]
avg_val_loss: 0.5758, val_losses:[0.5618002733295369, 0.5796271484944442, 0.5664971065566858, 0.58260589846174, 0.5882657516061315]
epoch 531
avg_train_loss: 0.5558, train_losses:[0.5555753283930471, 0.5554625958323409, 0.5539456472718793, 0.5553000332743655, 0.5589325635040884]
epoch 532
avg_train_loss: 0.5558, train_losses:[0.5556276546787441, 0.5554620756791206, 0.5539485554702135, 0.5552545929717168, 0.5589251931702258]
epoch 533
avg_train_loss: 0.5558, train_losses:[0.5556142092704219, 0.5554560927226317, 0.5539323653847974, 0.5552631802053745, 0.5589172311236139]
epoch 534
avg_train_loss: 0.5558, train_losses:[0.555591224009075, 0.5554610511857208, 0.553936604507784, 0.555256402761963, 0.5588964648393068]
epoch 535
avg_train_loss: 0.5558, train_losses:[0.5554875488198483, 0.5554258566276301, 0.5539307848973893, 0.5552661676909, 0.5589196641205341]
epoch 536
avg_train_loss: 0.5558, train_losses:[0.5556024433396115, 0.5554354788155911, 0.5539199877564067, 0.5552441289483386, 0.5588949008100066]
epoch 537
avg_train_loss: 0.5558, train_losses:[0.5555736948384224, 0.5554126579501963, 0.5538839563097566, 0.5552377541758794, 0.5588730171442977]
epoch 538
avg_train_loss: 0.5558, train_losses:[0.5555811040886247, 0.5554361854738975, 0.5539214413545747, 0.5552307807358914, 0.5588828462328891]
epoch 539
avg_train_loss: 0.5558, train_losses:[0.5555382159388655, 0.5553777748944473, 0.5538871727345903, 0.5552320501557682, 0.5588894331204333]
epoch 540
avg_train_loss: 0.5558, train_losses:[0.5555621258308333, 0.555414679641706, 0.5539080480868243, 0.5552202237751314, 0.5588696363137787]
avg_val_loss: 0.5756, val_losses:[0.561738741182802, 0.5794444310627659, 0.5663072325109018, 0.582307358004445, 0.588191757246469]
epoch 541
avg_train_loss: 0.5558, train_losses:[0.5555478051301254, 0.5554122022201737, 0.5538857699328501, 0.5552159644482333, 0.5588996315997888]
epoch 542
avg_train_loss: 0.5558, train_losses:[0.5555267012571007, 0.5554034684982291, 0.5538751968321779, 0.5552145098786158, 0.5588668183427016]
epoch 543
avg_train_loss: 0.5558, train_losses:[0.55551454246759, 0.5553999527936003, 0.5538697829435353, 0.5551939979086129, 0.558842787964839]
epoch 544
avg_train_loss: 0.5558, train_losses:[0.5555211137213323, 0.5553923877845901, 0.5538460834976932, 0.5551958839495067, 0.558848743097727]
epoch 545
avg_train_loss: 0.5557, train_losses:[0.5555276510843138, 0.5553892000531598, 0.5538182557474363, 0.5551922874577441, 0.5588148188375948]
epoch 546
avg_train_loss: 0.5557, train_losses:[0.5554892567300811, 0.555401795979718, 0.5538005480194587, 0.5551896816602667, 0.5588495269065447]
epoch 547
avg_train_loss: 0.5558, train_losses:[0.5554983482906807, 0.5553810895833432, 0.553848605083524, 0.5551945365265036, 0.5588280238161261]
epoch 548
avg_train_loss: 0.5557, train_losses:[0.5554797542055675, 0.5553813947223846, 0.5538221990446709, 0.5551730843307535, 0.5588165947293525]
epoch 549
avg_train_loss: 0.5557, train_losses:[0.5554708085782862, 0.5553453795134026, 0.5538419796852132, 0.5551604205778692, 0.5588072742923159]
epoch 550
avg_train_loss: 0.5557, train_losses:[0.5554305072969932, 0.5553449757895373, 0.5538114410569769, 0.5551412404214867, 0.5587846284007478]
avg_val_loss: 0.5756, val_losses:[0.5617239015365015, 0.579444598675882, 0.566356141083029, 0.5821924969865534, 0.5881946483487441]
epoch 551
avg_train_loss: 0.5557, train_losses:[0.5554568723292681, 0.5553592966776109, 0.5538062681937383, 0.5551563832475713, 0.5587963471528984]
epoch 552
avg_train_loss: 0.5557, train_losses:[0.5554485517106669, 0.5553243129699073, 0.5537705632539476, 0.5551142708125404, 0.5587868962039285]
epoch 553
avg_train_loss: 0.5557, train_losses:[0.5554480340481863, 0.5553294561632014, 0.5537999695100184, 0.5551213227047211, 0.5587922510259119]
epoch 554
avg_train_loss: 0.5557, train_losses:[0.5554447187554439, 0.5553343396138847, 0.5537636746762941, 0.5550903909285898, 0.5587593705435504]
epoch 555
avg_train_loss: 0.5557, train_losses:[0.5553920938579509, 0.5553410583151439, 0.5537865288856273, 0.5550550286712109, 0.558774051671799]
epoch 556
avg_train_loss: 0.5557, train_losses:[0.5554009588650979, 0.5553266102435441, 0.5537695752693346, 0.555116997869127, 0.5587551778736574]
epoch 557
avg_train_loss: 0.5557, train_losses:[0.5554209665478724, 0.5553220778222038, 0.5537454216779307, 0.5551035349309255, 0.5587215702912024]
epoch 558
avg_train_loss: 0.5557, train_losses:[0.5553971656659916, 0.5553178295539458, 0.5537551805368351, 0.5550912087751078, 0.5587536106918359]
epoch 559
avg_train_loss: 0.5557, train_losses:[0.5554071532595278, 0.5553148128312494, 0.553753805709585, 0.5550762143384593, 0.5587378006677444]
epoch 560
avg_train_loss: 0.5557, train_losses:[0.5553598474600059, 0.5553108983638693, 0.5537359820512149, 0.5550917692068281, 0.5587643612289716]
avg_val_loss: 0.5756, val_losses:[0.5616123246188631, 0.5793716560316587, 0.5661684328844692, 0.582507738490989, 0.5881628495151714]
epoch 561
avg_train_loss: 0.5556, train_losses:[0.5553707142785677, 0.5552878599263485, 0.5537316603774143, 0.5550616278434373, 0.5587535525860643]
epoch 562
avg_train_loss: 0.5556, train_losses:[0.5553607230151107, 0.5552675791491319, 0.5537394483605843, 0.5550803004825723, 0.5587452892292974]
epoch 563
avg_train_loss: 0.5556, train_losses:[0.5553237560808213, 0.5552887723843188, 0.5537295088426023, 0.5550287021700488, 0.5587333636082178]
epoch 564
avg_train_loss: 0.5556, train_losses:[0.5553437515787257, 0.5552751357582598, 0.5536966132149077, 0.5550049911228174, 0.5587258106358507]
epoch 565
avg_train_loss: 0.5556, train_losses:[0.5553288323510132, 0.5552820631022513, 0.5537019193826198, 0.5550438328051537, 0.5587258574186135]
epoch 566
avg_train_loss: 0.5556, train_losses:[0.5553150641627765, 0.5552729144481126, 0.5536951539183834, 0.5550069761222479, 0.5587191787128715]
epoch 567
avg_train_loss: 0.5556, train_losses:[0.5553219752487342, 0.5552361902112609, 0.5536998025389451, 0.5549964957766836, 0.5587230062971875]
epoch 568
avg_train_loss: 0.5556, train_losses:[0.5553030269307344, 0.5552578218512676, 0.553657388265154, 0.5550028605210132, 0.5587075025604872]
epoch 569
avg_train_loss: 0.5556, train_losses:[0.5552873680938373, 0.555256239210174, 0.5536854894652367, 0.554944939704907, 0.5587149598004796]
epoch 570
avg_train_loss: 0.5556, train_losses:[0.5552625953204143, 0.5552297223822796, 0.5536697282452903, 0.5549622094822226, 0.5586936452870358]
avg_val_loss: 0.5755, val_losses:[0.5616101632193821, 0.5793136318345465, 0.5661340966012222, 0.5824047558145052, 0.5881804288769759]
epoch 571
avg_train_loss: 0.5556, train_losses:[0.5553295270983699, 0.5552025497780428, 0.553653882291314, 0.5549874031927017, 0.5586965795348247]
epoch 572
avg_train_loss: 0.5556, train_losses:[0.5552810198763705, 0.5552513049600081, 0.5536603727212638, 0.5549678514089861, 0.558690508459213]
epoch 573
avg_train_loss: 0.5556, train_losses:[0.555222992236448, 0.555229789827765, 0.5536504397488563, 0.5549687218339409, 0.5586792439592981]
epoch 574
avg_train_loss: 0.5555, train_losses:[0.5552188960326383, 0.5552296014245844, 0.5536438078355198, 0.5549420652374618, 0.5586738428107307]
epoch 575
avg_train_loss: 0.5555, train_losses:[0.5553046700715506, 0.5551332008247231, 0.5536412738183926, 0.5549324481592851, 0.5586730629690394]
epoch 576
avg_train_loss: 0.5556, train_losses:[0.5552499678013783, 0.555271642092503, 0.553631269930164, 0.5549418155362186, 0.5586701068043041]
epoch 577
avg_train_loss: 0.5555, train_losses:[0.555223651241791, 0.5552336678861509, 0.5535756325837419, 0.554931673953664, 0.5586602451681716]
epoch 578
avg_train_loss: 0.5555, train_losses:[0.5552256613135823, 0.5552392182614263, 0.5536317491867816, 0.554925433278927, 0.5586163778358492]
epoch 579
avg_train_loss: 0.5555, train_losses:[0.5551882381116126, 0.5552183692920936, 0.553615231327752, 0.554934133036794, 0.558680174392935]
epoch 580
avg_train_loss: 0.5555, train_losses:[0.5552134392698719, 0.5552164953138747, 0.5535972059174248, 0.5549055109493032, 0.5586519166511542]
avg_val_loss: 0.5755, val_losses:[0.5614696075286764, 0.579154786751442, 0.5660337239760461, 0.5824156583161958, 0.5882063068575778]
epoch 581
avg_train_loss: 0.5555, train_losses:[0.5551619193219681, 0.555219468727637, 0.553590304639646, 0.5549089394821135, 0.5586333466314204]
epoch 582
avg_train_loss: 0.5555, train_losses:[0.5551677696338361, 0.5552007421873051, 0.5535743558566091, 0.5549008399731812, 0.5586061699640984]
epoch 583
avg_train_loss: 0.5555, train_losses:[0.5551647690805823, 0.5552087362053642, 0.5535801521990547, 0.5548940937200226, 0.5586422570003942]
epoch 584
avg_train_loss: 0.5555, train_losses:[0.5551718664689862, 0.5551560282295824, 0.5535676480276427, 0.5548833054310436, 0.5586222124805179]
epoch 585
avg_train_loss: 0.5555, train_losses:[0.5551623055739965, 0.555194160390178, 0.5535344991204304, 0.5548470665666653, 0.5586048559411327]
epoch 586
avg_train_loss: 0.5555, train_losses:[0.5551471739552224, 0.5551773452736793, 0.5535148640893899, 0.554870901595916, 0.5586356399602475]
epoch 587
avg_train_loss: 0.5555, train_losses:[0.5551283448037441, 0.5551540281339881, 0.5535154217157185, 0.554855078378341, 0.5585974675434053]
epoch 588
avg_train_loss: 0.5555, train_losses:[0.5551143686316095, 0.5551844303733475, 0.5535427115802359, 0.5548704270692602, 0.5586115052111247]
epoch 589
avg_train_loss: 0.5555, train_losses:[0.5551293673450801, 0.5551627859456426, 0.5535321092036977, 0.5548407394298586, 0.5586001380954233]
epoch 590
avg_train_loss: 0.5554, train_losses:[0.5551292741755277, 0.5551632058287675, 0.553518861901851, 0.5548521607842359, 0.5585539353762198]
avg_val_loss: 0.5754, val_losses:[0.5614831439333078, 0.5790890401482044, 0.565919743057351, 0.5823375275181636, 0.5880450446661735]
epoch 591
avg_train_loss: 0.5554, train_losses:[0.5550639112560971, 0.5551557983045685, 0.5535229275406383, 0.554825034917519, 0.5586005065290267]
epoch 592
avg_train_loss: 0.5554, train_losses:[0.5551075049430243, 0.5551847561297265, 0.5535169951504433, 0.5548263387922896, 0.5585748420291803]
epoch 593
avg_train_loss: 0.5554, train_losses:[0.5550875268558592, 0.555159369950031, 0.5534809547407958, 0.554826089282485, 0.5585548263544656]
epoch 594
avg_train_loss: 0.5554, train_losses:[0.5551058797363491, 0.5551301459761937, 0.5534905213076664, 0.5548235523520273, 0.5585703563418107]
epoch 595
avg_train_loss: 0.5554, train_losses:[0.5550900754264011, 0.5551345688762649, 0.5534627610986143, 0.5547931083413531, 0.5585614281533535]
epoch 596
avg_train_loss: 0.5554, train_losses:[0.5550709930422464, 0.5550916016338081, 0.5534883318903929, 0.5548225910221992, 0.5585498178169769]
epoch 597
avg_train_loss: 0.5554, train_losses:[0.5550667367468005, 0.5551391595917095, 0.5534661553292742, 0.5548146913294528, 0.5585491255127343]
epoch 598
avg_train_loss: 0.5554, train_losses:[0.5550422665137402, 0.5551148138131556, 0.5534652122675865, 0.5547978100892106, 0.5585172170903231]
epoch 599
avg_train_loss: 0.5554, train_losses:[0.5550437325961557, 0.5550946900940864, 0.5534739762887796, 0.5547898560136156, 0.5585288664992266]
epoch 600
avg_train_loss: 0.5554, train_losses:[0.555038549395227, 0.555118462665441, 0.5534437614261634, 0.554782959873115, 0.5584305194177898]
avg_val_loss: 0.5753, val_losses:[0.5613701701555256, 0.5789995471994881, 0.5659670397136256, 0.5822620327736293, 0.5879981944540148]
epoch 601
avg_train_loss: 0.5554, train_losses:[0.5550088269883161, 0.5550884360726093, 0.5534350983848145, 0.5547813475244, 0.5585283377758056]
epoch 602
avg_train_loss: 0.5554, train_losses:[0.5550297468419029, 0.5551127759135083, 0.5534384294223723, 0.5547296520628431, 0.5585275657461757]
epoch 603
avg_train_loss: 0.5554, train_losses:[0.5550036884761058, 0.5550957772744978, 0.5534120626956612, 0.5547899541340988, 0.5585291597081352]
epoch 604
avg_train_loss: 0.5554, train_losses:[0.5549919396016695, 0.5551010957614942, 0.5534207654768342, 0.5547458620130797, 0.5584973811174622]
epoch 605
avg_train_loss: 0.5554, train_losses:[0.5550035898851722, 0.5550880850656685, 0.5534045777192312, 0.5547532051945261, 0.5585094321795593]
epoch 606
avg_train_loss: 0.5553, train_losses:[0.554954914749025, 0.5550932954213631, 0.553388221778652, 0.5547278938653281, 0.5585032865268637]
epoch 607
avg_train_loss: 0.5553, train_losses:[0.55496951680557, 0.5550924876304687, 0.5533921407652076, 0.5547130515857923, 0.5584934856480419]
epoch 608
avg_train_loss: 0.5553, train_losses:[0.554986860474153, 0.5550890307514922, 0.5533929504022636, 0.5547204585540045, 0.5584790773187747]
epoch 609
avg_train_loss: 0.5553, train_losses:[0.5549528281119344, 0.5550612795767177, 0.5533855883844705, 0.55472256078724, 0.5584710126685953]
no_improve_num: 1
epoch 610
avg_train_loss: 0.5553, train_losses:[0.5549635641798966, 0.5550319653884084, 0.5533862996281413, 0.5547215724411337, 0.5584753926202413]
avg_val_loss: 0.5753, val_losses:[0.5613048566940363, 0.5790468804478173, 0.5658399849555785, 0.5824458584427686, 0.5880185544099751]
epoch 611
avg_train_loss: 0.5553, train_losses:[0.5549419342007225, 0.5550766197801813, 0.5533585787739993, 0.5547223765733086, 0.5584523197331194]
epoch 612
avg_train_loss: 0.5553, train_losses:[0.5549350311388979, 0.5550515638699305, 0.5533519272178297, 0.5547219137335784, 0.5584658624998154]
epoch 613
avg_train_loss: 0.5553, train_losses:[0.5549309919288349, 0.5550199610461469, 0.5533461340035739, 0.5546981621583655, 0.5584703637705779]
epoch 614
avg_train_loss: 0.5553, train_losses:[0.5549258971196372, 0.5550250121767709, 0.5533371748757907, 0.5547089457479316, 0.5584513139240856]
epoch 615
avg_train_loss: 0.5553, train_losses:[0.5548902458152696, 0.5549863645481119, 0.5533305170021438, 0.5546880082229231, 0.5584499227906147]
epoch 616
avg_train_loss: 0.5553, train_losses:[0.5549102352584159, 0.5550478105501543, 0.5533254714619373, 0.5547036612036288, 0.5584351013018587]
epoch 617
avg_train_loss: 0.5553, train_losses:[0.5549152795766731, 0.5550182349848772, 0.553328014869744, 0.554676441651086, 0.5584551111928782]
epoch 618
avg_train_loss: 0.5553, train_losses:[0.5548720260213388, 0.5550320259176614, 0.5533161577530121, 0.5546823877963556, 0.5584407252489552]
epoch 619
avg_train_loss: 0.5553, train_losses:[0.5549201040011009, 0.5550341547700417, 0.5533028552862692, 0.5546672751890744, 0.5584322550110402]
epoch 620
avg_train_loss: 0.5552, train_losses:[0.5548897327473179, 0.5549745244042542, 0.5532890016491626, 0.5546358142488659, 0.5584356469649898]
avg_val_loss: 0.5753, val_losses:[0.5611962739750387, 0.5789558239952208, 0.5657789704577102, 0.5823558787920281, 0.5880503553455159]
epoch 621
avg_train_loss: 0.5553, train_losses:[0.5548883125307652, 0.55500227731216, 0.5532747741933605, 0.5546615958472452, 0.5584267956833867]
epoch 622
avg_train_loss: 0.5552, train_losses:[0.5548715348120214, 0.5549894386362312, 0.5532566684072888, 0.5546500156761319, 0.5584162678022243]
epoch 623
avg_train_loss: 0.5552, train_losses:[0.5548340092718074, 0.5550038693480062, 0.5532804003875281, 0.554622215165159, 0.5583915508956683]
epoch 624
avg_train_loss: 0.5552, train_losses:[0.5548603832304211, 0.5549962425389158, 0.5532289158680044, 0.5546242392007746, 0.5584102068073489]
epoch 625
avg_train_loss: 0.5552, train_losses:[0.5548486778064613, 0.5549824869876704, 0.5532573578554594, 0.554654813635177, 0.5583934115429988]
epoch 626
avg_train_loss: 0.5552, train_losses:[0.5548267850165658, 0.5549838182249381, 0.5532234822937604, 0.5546499307078953, 0.5583875099052183]
epoch 627
avg_train_loss: 0.5552, train_losses:[0.5548098479515748, 0.5549646726201872, 0.5532193380734574, 0.5546550887315792, 0.5584295102525836]
epoch 628
avg_train_loss: 0.5552, train_losses:[0.5548269658182041, 0.5549656204210012, 0.5532484934592868, 0.5546413824900567, 0.558404754965915]
epoch 629
avg_train_loss: 0.5552, train_losses:[0.5547835685229503, 0.5549676391360464, 0.5532092158537061, 0.5546344914155537, 0.5584013535992051]
epoch 630
avg_train_loss: 0.5552, train_losses:[0.5548059398668426, 0.5549659723780074, 0.5532015269624688, 0.5546275596379232, 0.5583880058041325]
avg_val_loss: 0.5752, val_losses:[0.5611355958479226, 0.578829340560361, 0.5657547549812361, 0.582226655433392, 0.5880866010799116]
epoch 631
avg_train_loss: 0.5552, train_losses:[0.5548012942604222, 0.554950399493016, 0.5532077244097352, 0.5546206062399385, 0.5583918983002447]
epoch 632
avg_train_loss: 0.5552, train_losses:[0.5548064501772622, 0.5549618759491554, 0.5531725925824426, 0.5545952256252031, 0.558377437327132]
epoch 633
avg_train_loss: 0.5552, train_losses:[0.5547916228116163, 0.5549475274847436, 0.5531747406530287, 0.5546071144128215, 0.5583748707920211]
epoch 634
avg_train_loss: 0.5552, train_losses:[0.5547454642451987, 0.5549507573204697, 0.5531701321959003, 0.5546077142055618, 0.5583905603930617]
epoch 635
avg_train_loss: 0.5552, train_losses:[0.5547513657811766, 0.554957166719914, 0.5531674516629923, 0.5546098500016683, 0.5583560130741813]
epoch 636
avg_train_loss: 0.5552, train_losses:[0.5547433194738753, 0.5548958255916607, 0.5531627621152793, 0.5545891767964884, 0.5583818940715873]
epoch 637
avg_train_loss: 0.5551, train_losses:[0.5547196668816382, 0.5549087413888758, 0.553151935097639, 0.5545892225116441, 0.5583534084440696]
epoch 638
avg_train_loss: 0.5552, train_losses:[0.5547497068222282, 0.5549399301062994, 0.553141077688086, 0.5545899702671566, 0.5583710488895747]
epoch 639
avg_train_loss: 0.5552, train_losses:[0.5547204151076012, 0.5549284766900119, 0.5531500273315069, 0.5545914656967185, 0.558362665940654]
epoch 640
avg_train_loss: 0.5551, train_losses:[0.5547189829200195, 0.5549089523227628, 0.553125722782537, 0.5545524525525087, 0.5583519132611073]
avg_val_loss: 0.5752, val_losses:[0.5610343435756557, 0.5787313709627886, 0.5656748191733919, 0.5823752497069185, 0.5880874604263744]
epoch 641
avg_train_loss: 0.5551, train_losses:[0.5546733037324143, 0.5549090026548499, 0.553137049620163, 0.5545564072393282, 0.5583260013127858]
epoch 642
avg_train_loss: 0.5551, train_losses:[0.5547317730132852, 0.5549143007118742, 0.5531267605921281, 0.5545697498878335, 0.5583620071207481]
epoch 643
avg_train_loss: 0.5551, train_losses:[0.5547010225133159, 0.5549035819406027, 0.5531266068464814, 0.554558232855853, 0.5583735219732047]
epoch 644
avg_train_loss: 0.5551, train_losses:[0.5546747457668698, 0.5549186046124238, 0.5530860117088112, 0.5545355354500945, 0.5583525656374879]
epoch 645
avg_train_loss: 0.5551, train_losses:[0.5546859821985852, 0.5549084399391028, 0.5530971211290915, 0.5545113443071737, 0.5583388760138099]
epoch 646
avg_train_loss: 0.5551, train_losses:[0.554650823056655, 0.5548798493952121, 0.5530938846337423, 0.5545634903360179, 0.5583453896602223]
epoch 647
avg_train_loss: 0.5551, train_losses:[0.5546504436475421, 0.5549075373086588, 0.5530718934463885, 0.5545392762377634, 0.5583468837516139]
epoch 648
avg_train_loss: 0.5551, train_losses:[0.5546348777195148, 0.5548682276177472, 0.5531035158967126, 0.5545387869234858, 0.5583369475750547]
epoch 649
avg_train_loss: 0.5551, train_losses:[0.5546438954967859, 0.554866178699173, 0.5530759925543641, 0.5545389484641501, 0.5583698452659459]
epoch 650
avg_train_loss: 0.5551, train_losses:[0.5546340491931611, 0.5548941675664851, 0.5530748685362578, 0.5545129850152927, 0.5583456217981971]
avg_val_loss: 0.5751, val_losses:[0.5609992830108486, 0.5786414939441267, 0.5656108746066582, 0.5822746251244288, 0.5881268961987514]
epoch 651
avg_train_loss: 0.5551, train_losses:[0.5546020388676527, 0.5548513314625968, 0.5530493759553368, 0.5545142541592124, 0.5583627212767688]
epoch 652
avg_train_loss: 0.5551, train_losses:[0.554631843613573, 0.5548775402167353, 0.5530532877751604, 0.5545125440820564, 0.5583413412324291]
epoch 653
avg_train_loss: 0.5551, train_losses:[0.5545968866207335, 0.5548771832222437, 0.5530201462668505, 0.554511778329269, 0.5583585984714698]
epoch 654
avg_train_loss: 0.5551, train_losses:[0.5546071835486699, 0.5548837988011743, 0.5530409428542763, 0.5544933984793421, 0.5583416633435215]
epoch 655
avg_train_loss: 0.5551, train_losses:[0.5545910960662539, 0.5548518103200444, 0.5530183223182863, 0.5544990923552386, 0.5583091316790761]
epoch 656
avg_train_loss: 0.5550, train_losses:[0.5545726369861601, 0.5548424428596109, 0.5530317218750018, 0.5544678766663418, 0.5583218411659957]
epoch 657
avg_train_loss: 0.5551, train_losses:[0.5546089160180447, 0.5548484756502426, 0.5530369636582111, 0.5545053147659086, 0.5583576388627564]
epoch 658
avg_train_loss: 0.5551, train_losses:[0.5545800115778102, 0.5548738644174155, 0.5529955167975185, 0.5544846425942941, 0.5583336258930017]
epoch 659
avg_train_loss: 0.5550, train_losses:[0.554582216442558, 0.5548445486925051, 0.5529591652673884, 0.5544687902525784, 0.5583335383799911]
epoch 660
avg_train_loss: 0.5550, train_losses:[0.5545642975149194, 0.5548342286361255, 0.5530349099709803, 0.5544513828715648, 0.5583118104871153]
avg_val_loss: 0.5751, val_losses:[0.5609529540686068, 0.5786348868788177, 0.5655532070110123, 0.5822888432067813, 0.5879755682017127]
epoch 661
avg_train_loss: 0.5550, train_losses:[0.5545566631694574, 0.5548348319888111, 0.5530200800962654, 0.5544593882191294, 0.558319358119747]
epoch 662
avg_train_loss: 0.5550, train_losses:[0.5545592459016255, 0.5548390901752233, 0.5530180359585674, 0.5544573638933009, 0.5583166722164986]
epoch 663
avg_train_loss: 0.5550, train_losses:[0.5545300122051459, 0.554837482247928, 0.5530252073909822, 0.5544461321823825, 0.5583039904628049]
epoch 664
avg_train_loss: 0.5550, train_losses:[0.554501906626412, 0.5548125196436804, 0.5529970938227372, 0.5544382068673983, 0.5583201869354885]
epoch 665
avg_train_loss: 0.5550, train_losses:[0.5545504251208928, 0.554806421397304, 0.5530162589796933, 0.5544131446294872, 0.5582883185590569]
epoch 666
avg_train_loss: 0.5550, train_losses:[0.5545277875203822, 0.5548200668427813, 0.552958638342533, 0.5544686415770026, 0.5583086198179777]
epoch 667
avg_train_loss: 0.5550, train_losses:[0.5544926171304099, 0.5548153505343809, 0.5530041707414556, 0.5544301102870708, 0.5583134564005059]
epoch 668
avg_train_loss: 0.5550, train_losses:[0.5544984778084802, 0.5548269953191124, 0.5529832150032943, 0.5544305627300501, 0.5582969117330792]
epoch 669
avg_train_loss: 0.5550, train_losses:[0.554499621204664, 0.5547997394186727, 0.5529729731099128, 0.5544280686350211, 0.5583072265543149]
no_improve_num: 1
epoch 670
avg_train_loss: 0.5550, train_losses:[0.5544760489005982, 0.5548063191547788, 0.5529664261342643, 0.5544003692403434, 0.5582733125704241]
avg_val_loss: 0.5751, val_losses:[0.5608377880096697, 0.5785905969946115, 0.5655053974794563, 0.5824436663326807, 0.5882230375131146]
epoch 671
avg_train_loss: 0.5550, train_losses:[0.5544804756314802, 0.5547902131160461, 0.5529489664497523, 0.5544193685553742, 0.5582788729294574]
epoch 672
avg_train_loss: 0.5550, train_losses:[0.5544780125566496, 0.5548256093212101, 0.5529336531413902, 0.5544225700856656, 0.5583023020351815]
epoch 673
avg_train_loss: 0.5550, train_losses:[0.5544604334836288, 0.5547968555636029, 0.5529723328594531, 0.5544148107958992, 0.5582595255607233]
epoch 674
avg_train_loss: 0.5550, train_losses:[0.5544627819294428, 0.55479361486984, 0.552936014800548, 0.554396641560116, 0.5582972358358808]
epoch 675
avg_train_loss: 0.5550, train_losses:[0.5544598978727513, 0.5547930276845604, 0.5529361833154872, 0.5544060922475086, 0.5582956929537252]
epoch 676
avg_train_loss: 0.5550, train_losses:[0.5544471978839821, 0.5547948520872824, 0.5529196954919687, 0.5543916694519276, 0.5582843001127993]
epoch 677
avg_train_loss: 0.5550, train_losses:[0.5544998762926666, 0.5547964847651586, 0.552924975569029, 0.5544118846634241, 0.5582932458804314]
epoch 678
avg_train_loss: 0.5550, train_losses:[0.5544595113885527, 0.5547855741967427, 0.5529160524581981, 0.5543969182287596, 0.5582831688301638]
epoch 679
avg_train_loss: 0.5550, train_losses:[0.5544320398425935, 0.5547909554399946, 0.5529007251116764, 0.5543852110115893, 0.5582832952772184]
epoch 680
avg_train_loss: 0.5550, train_losses:[0.5544440259767939, 0.5547893105344801, 0.5529079377502544, 0.5543779145900652, 0.5582886166718873]
avg_val_loss: 0.5750, val_losses:[0.5607813894952339, 0.578561040014945, 0.5655010042090193, 0.5822114923685582, 0.5880318733595186]
epoch 681
avg_train_loss: 0.5549, train_losses:[0.5544195190526726, 0.5547836590031962, 0.5529105598902838, 0.5543522275786993, 0.5582757285706117]
epoch 682
avg_train_loss: 0.5549, train_losses:[0.5544270624993712, 0.5547585038737262, 0.5528917687353154, 0.554359060617744, 0.5582746389020706]
epoch 683
avg_train_loss: 0.5549, train_losses:[0.5544086523318668, 0.5547762396759862, 0.5528888021665052, 0.5543636802567259, 0.5582835099215518]
epoch 684
avg_train_loss: 0.5549, train_losses:[0.5544306492664549, 0.5547583542776152, 0.5528913345319644, 0.554373253358988, 0.5582690371733244]
epoch 685
avg_train_loss: 0.5549, train_losses:[0.5544008909016527, 0.5547854245527721, 0.5528765582885994, 0.5543593536645798, 0.5582694363827032]
epoch 686
avg_train_loss: 0.5549, train_losses:[0.5543758013582687, 0.5547654268278652, 0.5528709788869394, 0.5543664384770899, 0.5582650486882371]
epoch 687
avg_train_loss: 0.5549, train_losses:[0.5544134547489897, 0.5547257375873166, 0.5528770928037958, 0.5543478353464979, 0.5582434165155169]
epoch 688
avg_train_loss: 0.5549, train_losses:[0.554399252591609, 0.5547652868016529, 0.5528480168609562, 0.554338505814349, 0.558255114979931]
epoch 689
avg_train_loss: 0.5549, train_losses:[0.5543645201217499, 0.5547359182233671, 0.5528410330649488, 0.5543401924300806, 0.558263845329355]
epoch 690
avg_train_loss: 0.5549, train_losses:[0.5543890020101687, 0.5547516626608597, 0.5528462804426488, 0.554350390822071, 0.5582434779489498]
avg_val_loss: 0.5750, val_losses:[0.5607112538289939, 0.5784880431180315, 0.5654628301996244, 0.582318464955688, 0.5879800550073402]
epoch 691
avg_train_loss: 0.5549, train_losses:[0.5543675012358286, 0.5547396424302039, 0.5528529558268277, 0.5543420598942919, 0.5582470477963302]
epoch 692
avg_train_loss: 0.5549, train_losses:[0.5543589187066752, 0.5547521676802393, 0.5528494290941075, 0.5543373325079038, 0.558260508349021]
epoch 693
avg_train_loss: 0.5549, train_losses:[0.5543525126054754, 0.5547328126242331, 0.5528382638572249, 0.5543421909463057, 0.5582421891787379]
epoch 694
avg_train_loss: 0.5549, train_losses:[0.5543514604664934, 0.5547483959558718, 0.5528498472451194, 0.5543292403764898, 0.5582544712913122]
epoch 695
avg_train_loss: 0.5549, train_losses:[0.5543686841926173, 0.5547282407675377, 0.5528461027284688, 0.5543260555624632, 0.5582372444859127]
epoch 696
avg_train_loss: 0.5549, train_losses:[0.554339938241229, 0.5547323112187682, 0.5528202890926184, 0.554311555726041, 0.5582580707536559]
epoch 697
avg_train_loss: 0.5549, train_losses:[0.5543248635876894, 0.5547298064052083, 0.5528306087589926, 0.5543141614277989, 0.5582551858139051]
epoch 698
avg_train_loss: 0.5549, train_losses:[0.5543549284214211, 0.5547415386957576, 0.5528558307413025, 0.5543189723201578, 0.5582459961046722]
epoch 699
avg_train_loss: 0.5549, train_losses:[0.5543225746426547, 0.5547238098820285, 0.5528404235241089, 0.5543182135589563, 0.5582633478949105]
no_improve_num: 1
epoch 700
avg_train_loss: 0.5549, train_losses:[0.5543078578756298, 0.5547321206639388, 0.5528451177885458, 0.5543125786950591, 0.5582382435785286]
avg_val_loss: 0.5750, val_losses:[0.560693023088152, 0.5784659624360405, 0.5654310490388729, 0.5823331568122839, 0.5881890859709469]
epoch 701
avg_train_loss: 0.5549, train_losses:[0.5543136167246011, 0.5547291836377867, 0.5528263613308246, 0.5542964352504253, 0.5582538979519778]
epoch 702
avg_train_loss: 0.5549, train_losses:[0.5543362491134983, 0.5547177028294716, 0.5528301304453124, 0.5543155690348543, 0.5582503915460315]
epoch 703
avg_train_loss: 0.5549, train_losses:[0.5543314986719841, 0.5547114204394258, 0.5527742103520679, 0.5542867568782589, 0.5582164771914955]
epoch 704
avg_train_loss: 0.5549, train_losses:[0.554302538411074, 0.554730789643567, 0.552828292705015, 0.5543033076352154, 0.5582465437269283]
epoch 705
avg_train_loss: 0.5549, train_losses:[0.5543016807575247, 0.554722123906802, 0.5528137341987391, 0.5542906058797114, 0.5582331914230173]
epoch 706
avg_train_loss: 0.5549, train_losses:[0.5542885735704816, 0.5547262751349835, 0.5528125075735596, 0.5542821523547885, 0.5582462347309756]
epoch 707
avg_train_loss: 0.5549, train_losses:[0.5542550199272228, 0.5547377023923937, 0.5528122921866861, 0.5542900945896958, 0.558243386619515]
epoch 708
avg_train_loss: 0.5549, train_losses:[0.5542823602175099, 0.5547079674156989, 0.5527958959401128, 0.5542988039429189, 0.5582475987462475]
epoch 709
avg_train_loss: 0.5549, train_losses:[0.5543212103547163, 0.5547190055515367, 0.5528004226793894, 0.5543026279208886, 0.558231370096668]
epoch 710
avg_train_loss: 0.5549, train_losses:[0.5542828207538659, 0.554689776298879, 0.552798040010852, 0.5542798118261871, 0.5582402552454723]
avg_val_loss: 0.5750, val_losses:[0.5606950996546728, 0.5784456601425714, 0.5654579853773671, 0.5821953961411607, 0.5881388453168905]
epoch 711
avg_train_loss: 0.5548, train_losses:[0.5542584942220301, 0.5547007047902346, 0.5527883251828499, 0.5542811092847062, 0.5582142455852861]
epoch 712
avg_train_loss: 0.5548, train_losses:[0.5542721253564459, 0.5546958218578614, 0.5527606345454747, 0.5542775267262191, 0.5582167147751045]
epoch 713
avg_train_loss: 0.5548, train_losses:[0.5542362790208416, 0.5546860007304629, 0.5527733541200528, 0.5542770243900362, 0.5582176237479738]
epoch 714
avg_train_loss: 0.5548, train_losses:[0.5542708287054317, 0.5546895131867434, 0.5527741341268776, 0.5542464305683917, 0.5582114358335729]
epoch 715
avg_train_loss: 0.5548, train_losses:[0.554253397003556, 0.5546980044943352, 0.5527727080612614, 0.5542797194305359, 0.5582186553677656]
epoch 716
avg_train_loss: 0.5548, train_losses:[0.5542653673766483, 0.5546807132422807, 0.5527753610453249, 0.5542709285386802, 0.5582021245730613]
epoch 717
avg_train_loss: 0.5548, train_losses:[0.5542505919499527, 0.5546822675748848, 0.5527651994849194, 0.5542619965004921, 0.5581856514075846]
epoch 718
avg_train_loss: 0.5548, train_losses:[0.5542437560281263, 0.5546772272259258, 0.5527667236119579, 0.5542625815982752, 0.5582080424947948]
epoch 719
avg_train_loss: 0.5548, train_losses:[0.5542297478673985, 0.5546559482302718, 0.5527611943081779, 0.5542302075035853, 0.5582016404533348]
epoch 720
avg_train_loss: 0.5548, train_losses:[0.5542321244913606, 0.554679005538761, 0.5527731768376282, 0.5541916904778738, 0.5581846673240651]
avg_val_loss: 0.5748, val_losses:[0.5606169228721907, 0.5784577592093387, 0.5652862330416244, 0.5818402297968941, 0.5879641487143482]
epoch 721
avg_train_loss: 0.5548, train_losses:[0.5542133126874875, 0.5546777644253373, 0.552747673558542, 0.5542836497720544, 0.5581926904008805]
epoch 722
avg_train_loss: 0.5548, train_losses:[0.5542085824957078, 0.5546589133938404, 0.5527473590776992, 0.5542633480536835, 0.5582075651362894]
epoch 723
avg_train_loss: 0.5548, train_losses:[0.5541618966989474, 0.5546822035620583, 0.5527427265013304, 0.5542465048883596, 0.5581844029195878]
epoch 724
avg_train_loss: 0.5548, train_losses:[0.5541613953494886, 0.5546775480659959, 0.5527385058562521, 0.5542462162161018, 0.5581935179580573]
epoch 725
avg_train_loss: 0.5548, train_losses:[0.5541644617841327, 0.5546639367831631, 0.5527411268150639, 0.5542511628323935, 0.5581801240930013]
epoch 726
avg_train_loss: 0.5548, train_losses:[0.5541298461937133, 0.5546652881978668, 0.5527517820001728, 0.5542428100632909, 0.5581759331256326]
epoch 727
avg_train_loss: 0.5548, train_losses:[0.5541365514708424, 0.5546502263106414, 0.5527203298162484, 0.5542296637932212, 0.558175224227887]
epoch 728
avg_train_loss: 0.5548, train_losses:[0.5541231390408922, 0.5546364680171384, 0.5527365528800365, 0.5542408158941501, 0.558174714904283]
epoch 729
avg_train_loss: 0.5548, train_losses:[0.5541506040433134, 0.5546362990276755, 0.5527043087060391, 0.5542407108401236, 0.5581849361722124]
no_improve_num: 1
epoch 730
avg_train_loss: 0.5548, train_losses:[0.5541344681798559, 0.5546731020598838, 0.5527431766653743, 0.5542117119452533, 0.5581637604430153]
avg_val_loss: 0.5749, val_losses:[0.560599590086686, 0.5784085784532569, 0.5652773779273049, 0.5824231984544618, 0.587972170916198]
epoch 731
avg_train_loss: 0.5548, train_losses:[0.5541504062504716, 0.5546457049642339, 0.5527326360909529, 0.5542331549448176, 0.5581748124287886]
epoch 732
avg_train_loss: 0.5548, train_losses:[0.5541385575142744, 0.5546494467253892, 0.5527184395586116, 0.5542229445441215, 0.5581457335692832]
epoch 733
avg_train_loss: 0.5548, train_losses:[0.5541182207239254, 0.554658541565904, 0.5527092710518717, 0.5542112789292296, 0.5581801816366956]
epoch 734
avg_train_loss: 0.5548, train_losses:[0.5541291087351593, 0.5546457434291577, 0.5526969503744595, 0.5542049974312067, 0.5581544127492969]
epoch 735
avg_train_loss: 0.5548, train_losses:[0.5541211072469175, 0.5546543318491246, 0.5527121107640272, 0.5542202216869668, 0.5581751538867489]
epoch 736
avg_train_loss: 0.5548, train_losses:[0.5541202586785605, 0.5546365997951936, 0.5526699526270783, 0.5541960645244165, 0.5581629387184099]
epoch 737
avg_train_loss: 0.5548, train_losses:[0.5541023707130779, 0.5546514345383576, 0.5526966891991134, 0.5542006336622749, 0.5581299551966673]
epoch 738
avg_train_loss: 0.5548, train_losses:[0.5541045510777444, 0.5546391279785317, 0.5526743395753678, 0.5541936575156695, 0.5581472879210766]
epoch 739
avg_train_loss: 0.5548, train_losses:[0.5541187641715704, 0.5546465182141863, 0.5527058904663109, 0.5542047218663906, 0.5581412523337298]
no_improve_num: 2
epoch 740
avg_train_loss: 0.5547, train_losses:[0.5541202207288919, 0.5546112495265482, 0.5526805660765127, 0.5541908718890217, 0.5581396443931493]
avg_val_loss: 0.5749, val_losses:[0.5606057787464505, 0.5783154093064098, 0.5652322678092204, 0.5822065248016257, 0.5881115770066221]
epoch 741
avg_train_loss: 0.5548, train_losses:[0.554095843192897, 0.5546305476611063, 0.5526899732177094, 0.5541989985690126, 0.5581464030890252]
epoch 742
avg_train_loss: 0.5547, train_losses:[0.5540936350899839, 0.5546206965918796, 0.5526704964677837, 0.5542062481155474, 0.5581496428055273]
epoch 743
avg_train_loss: 0.5547, train_losses:[0.5540980785717525, 0.5546091114138296, 0.5526665154021362, 0.5542017616425514, 0.5581475300664733]
epoch 744
avg_train_loss: 0.5547, train_losses:[0.5540843715278168, 0.5546257406738934, 0.5526442386534036, 0.5541874603463965, 0.5581293158987694]
epoch 745
avg_train_loss: 0.5547, train_losses:[0.5540840193009635, 0.5546156577235157, 0.5526631373887785, 0.5541919233182548, 0.558120048072994]
epoch 746
avg_train_loss: 0.5547, train_losses:[0.5540945272513782, 0.5546225559362387, 0.5526607959813918, 0.5541882197470849, 0.5581302560750816]
epoch 747
avg_train_loss: 0.5547, train_losses:[0.5540804619054651, 0.5546071959748748, 0.5526557781183346, 0.5541923606243385, 0.558111801106079]
epoch 748
avg_train_loss: 0.5547, train_losses:[0.554066265454587, 0.5545853091419817, 0.5526321527755643, 0.5541917747098861, 0.5581397791980508]
epoch 749
avg_train_loss: 0.5547, train_losses:[0.5540724694209523, 0.5545933622025888, 0.5526460899247516, 0.5541726626710611, 0.5581226291162192]
no_improve_num: 3
epoch 750
avg_train_loss: 0.5547, train_losses:[0.5540581462071021, 0.5546003876670634, 0.552574686101965, 0.554175168264632, 0.5581208547762839]
avg_val_loss: 0.5749, val_losses:[0.560548592435706, 0.5783541937644681, 0.5651251370991223, 0.5825325230586328, 0.5881493793216933]
                 dataset_name model_name  ...  init_noiselevel  dropout_prob
0  protein-tertiary-structure   noisyFCN  ...            0.001          0.01
1  protein-tertiary-structure   noisyFCN  ...            0.005          0.01
2  protein-tertiary-structure   noisyFCN  ...            0.010          0.01
3  protein-tertiary-structure   noisyFCN  ...            0.050          0.01
4  protein-tertiary-structure   noisyFCN  ...            0.100          0.01

[5 rows x 11 columns]
