{'datasets': ['protein-tertiary-structure'], 'models': ['noisyFCN'], 'optimizer_name': 'Adam', 'hyperparam_eval_interval': 10, 'patience': 3, 'global_max_epochs': 2000, 'dropout_probs': [0.2, 0.1, 0.05, 0.01, 0.005, 0.001], 'fix_noiselevels': [0.001, 0.005, 0.01, 0.05, 0.1], 'init_noiselevels': [0.001, 0.005, 0.01, 0.05, 0.1], 'batch_sizes': [32], 'batch_sizes_specific': {'energy': [32]}, 'weight_decays': [0.01], 'dropout_batch_size': 32, 'n_hidden': 2, 'nonlinearity': 'relu', 'learning_rates': [0.002], 'mc_samples': 500, 'num_units': 50, 'num_units_specific': {'protein-tertiary-structure': 100}, 'normalize_X': True, 'normalize_y': True, 'n_folds': 5, 'inverted_cv_fraction': 5}
use_cuda: True
/home/xueqiong/noise_injection_uncertainty/regression/utils.py:39: FutureWarning: The 'delim_whitespace' keyword in pd.read_csv is deprecated and will be removed in a future version. Use ``sep='\s+'`` instead
  return pd.read_csv(dataset_path, engine='python', header=None, delim_whitespace=True)
13 1
405 101 506
model_name FCN
using Adam as optimizer
epoch 0
train_loss: 0.8284
test_loss: 0.6319
epoch 1
train_loss: 0.4646
test_loss: 0.3950
epoch 2
train_loss: 0.3071
test_loss: 0.2006
epoch 3
train_loss: 0.2329
test_loss: 0.1344
epoch 4
train_loss: 0.2074
test_loss: 0.1169
epoch 5
train_loss: 0.1866
test_loss: 0.1066
epoch 6
train_loss: 0.1719
test_loss: 0.0983
epoch 7
train_loss: 0.1601
test_loss: 0.0941
epoch 8
train_loss: 0.1502
test_loss: 0.0908
epoch 9
train_loss: 0.1410
test_loss: 0.0879
epoch 10
train_loss: 0.1330
test_loss: 0.0859
epoch 11
train_loss: 0.1258
test_loss: 0.0838
epoch 12
train_loss: 0.1196
test_loss: 0.0818
epoch 13
train_loss: 0.1135
test_loss: 0.0798
epoch 14
train_loss: 0.1080
test_loss: 0.0784
epoch 15
train_loss: 0.1031
test_loss: 0.0773
epoch 16
train_loss: 0.0984
test_loss: 0.0763
epoch 17
train_loss: 0.0945
test_loss: 0.0761
epoch 18
train_loss: 0.0906
test_loss: 0.0763
epoch 19
train_loss: 0.0864
test_loss: 0.0759
epoch 20
train_loss: 0.0826
test_loss: 0.0756
epoch 21
train_loss: 0.0790
test_loss: 0.0762
epoch 22
train_loss: 0.0758
test_loss: 0.0764
epoch 23
train_loss: 0.0730
test_loss: 0.0770
epoch 24
train_loss: 0.0705
test_loss: 0.0770
epoch 25
train_loss: 0.0677
test_loss: 0.0778
epoch 26
train_loss: 0.0654
test_loss: 0.0778
epoch 27
train_loss: 0.0633
test_loss: 0.0786
epoch 28
train_loss: 0.0615
test_loss: 0.0797
epoch 29
train_loss: 0.0597
test_loss: 0.0802
epoch 30
train_loss: 0.0577
test_loss: 0.0817
epoch 31
train_loss: 0.0561
test_loss: 0.0808
epoch 32
train_loss: 0.0544
test_loss: 0.0816
epoch 33
train_loss: 0.0532
test_loss: 0.0819
epoch 34
train_loss: 0.0519
test_loss: 0.0816
epoch 35
train_loss: 0.0505
test_loss: 0.0830
epoch 36
train_loss: 0.0493
test_loss: 0.0826
epoch 37
train_loss: 0.0483
test_loss: 0.0821
epoch 38
train_loss: 0.0472
test_loss: 0.0835
epoch 39
train_loss: 0.0462
test_loss: 0.0832
epoch 40
train_loss: 0.0453
test_loss: 0.0837
epoch 41
train_loss: 0.0442
test_loss: 0.0843
epoch 42
train_loss: 0.0435
test_loss: 0.0841
epoch 43
train_loss: 0.0427
test_loss: 0.0839
epoch 44
train_loss: 0.0420
test_loss: 0.0848
epoch 45
train_loss: 0.0411
test_loss: 0.0851
epoch 46
train_loss: 0.0405
test_loss: 0.0849
epoch 47
train_loss: 0.0397
test_loss: 0.0842
epoch 48
train_loss: 0.0394
test_loss: 0.0842
epoch 49
train_loss: 0.0387
test_loss: 0.0850
/home/xueqiong/noise_injection_uncertainty/regression/utils.py:39: FutureWarning: The 'delim_whitespace' keyword in pd.read_csv is deprecated and will be removed in a future version. Use ``sep='\s+'`` instead
  return pd.read_csv(dataset_path, engine='python', header=None, delim_whitespace=True)
13 1
405 101 506
model_name dropoutFCN
using Adam as optimizer
epoch 0
train_loss: 0.7845
Module: DropoutFullyConnectedNN
  Module: ModuleList
    Module: Linear
    Module: Linear
    Module: Linear
  Module: ModuleList
    Module: Dropout
dropout设置为训练模式
    Module: Dropout
dropout设置为训练模式
    Module: Dropout
dropout设置为训练模式
  Module: ReLU
test_loss: 0.6025
epoch 1
train_loss: 0.5088
Module: DropoutFullyConnectedNN
  Module: ModuleList
    Module: Linear
    Module: Linear
    Module: Linear
  Module: ModuleList
    Module: Dropout
dropout设置为训练模式
    Module: Dropout
dropout设置为训练模式
    Module: Dropout
dropout设置为训练模式
  Module: ReLU
test_loss: 0.3789
epoch 2
train_loss: 0.3427
Module: DropoutFullyConnectedNN
  Module: ModuleList
    Module: Linear
    Module: Linear
    Module: Linear
  Module: ModuleList
    Module: Dropout
dropout设置为训练模式
    Module: Dropout
dropout设置为训练模式
    Module: Dropout
dropout设置为训练模式
  Module: ReLU
test_loss: 0.1897
epoch 3
train_loss: 0.2667
Module: DropoutFullyConnectedNN
  Module: ModuleList
    Module: Linear
    Module: Linear
    Module: Linear
  Module: ModuleList
    Module: Dropout
dropout设置为训练模式
    Module: Dropout
dropout设置为训练模式
    Module: Dropout
dropout设置为训练模式
  Module: ReLU
test_loss: 0.1414
epoch 4
train_loss: 0.2380
Module: DropoutFullyConnectedNN
  Module: ModuleList
    Module: Linear
    Module: Linear
    Module: Linear
  Module: ModuleList
    Module: Dropout
dropout设置为训练模式
    Module: Dropout
dropout设置为训练模式
    Module: Dropout
dropout设置为训练模式
  Module: ReLU
test_loss: 0.1318
epoch 5
train_loss: 0.2218
Module: DropoutFullyConnectedNN
  Module: ModuleList
    Module: Linear
    Module: Linear
    Module: Linear
  Module: ModuleList
    Module: Dropout
dropout设置为训练模式
    Module: Dropout
dropout设置为训练模式
    Module: Dropout
dropout设置为训练模式
  Module: ReLU
test_loss: 0.1221
epoch 6
train_loss: 0.2196
Module: DropoutFullyConnectedNN
  Module: ModuleList
    Module: Linear
    Module: Linear
    Module: Linear
  Module: ModuleList
    Module: Dropout
dropout设置为训练模式
    Module: Dropout
dropout设置为训练模式
    Module: Dropout
dropout设置为训练模式
  Module: ReLU
test_loss: 0.1064
epoch 7
train_loss: 0.2066
Module: DropoutFullyConnectedNN
  Module: ModuleList
    Module: Linear
    Module: Linear
    Module: Linear
  Module: ModuleList
    Module: Dropout
dropout设置为训练模式
    Module: Dropout
dropout设置为训练模式
    Module: Dropout
dropout设置为训练模式
  Module: ReLU
test_loss: 0.1024
epoch 8
train_loss: 0.1894
Module: DropoutFullyConnectedNN
  Module: ModuleList
    Module: Linear
    Module: Linear
    Module: Linear
  Module: ModuleList
    Module: Dropout
dropout设置为训练模式
    Module: Dropout
dropout设置为训练模式
    Module: Dropout
dropout设置为训练模式
  Module: ReLU
test_loss: 0.0971
epoch 9
train_loss: 0.1841
Module: DropoutFullyConnectedNN
  Module: ModuleList
    Module: Linear
    Module: Linear
    Module: Linear
  Module: ModuleList
    Module: Dropout
dropout设置为训练模式
    Module: Dropout
dropout设置为训练模式
    Module: Dropout
dropout设置为训练模式
  Module: ReLU
test_loss: 0.0894
epoch 10
train_loss: 0.1718
Module: DropoutFullyConnectedNN
  Module: ModuleList
    Module: Linear
    Module: Linear
    Module: Linear
  Module: ModuleList
    Module: Dropout
dropout设置为训练模式
    Module: Dropout
dropout设置为训练模式
    Module: Dropout
dropout设置为训练模式
  Module: ReLU
test_loss: 0.0836
epoch 11
train_loss: 0.1759
Module: DropoutFullyConnectedNN
  Module: ModuleList
    Module: Linear
    Module: Linear
    Module: Linear
  Module: ModuleList
    Module: Dropout
dropout设置为训练模式
    Module: Dropout
dropout设置为训练模式
    Module: Dropout
dropout设置为训练模式
  Module: ReLU
test_loss: 0.0828
epoch 12
train_loss: 0.1552
Module: DropoutFullyConnectedNN
  Module: ModuleList
    Module: Linear
    Module: Linear
    Module: Linear
  Module: ModuleList
    Module: Dropout
dropout设置为训练模式
    Module: Dropout
dropout设置为训练模式
    Module: Dropout
dropout设置为训练模式
  Module: ReLU
test_loss: 0.0799
epoch 13
train_loss: 0.1560
Module: DropoutFullyConnectedNN
  Module: ModuleList
    Module: Linear
    Module: Linear
    Module: Linear
  Module: ModuleList
    Module: Dropout
dropout设置为训练模式
    Module: Dropout
dropout设置为训练模式
    Module: Dropout
dropout设置为训练模式
  Module: ReLU
test_loss: 0.0778
epoch 14
train_loss: 0.1457
Module: DropoutFullyConnectedNN
  Module: ModuleList
    Module: Linear
    Module: Linear
    Module: Linear
  Module: ModuleList
    Module: Dropout
dropout设置为训练模式
    Module: Dropout
dropout设置为训练模式
    Module: Dropout
dropout设置为训练模式
  Module: ReLU
test_loss: 0.0796
epoch 15
train_loss: 0.1577
Module: DropoutFullyConnectedNN
  Module: ModuleList
    Module: Linear
    Module: Linear
    Module: Linear
  Module: ModuleList
    Module: Dropout
dropout设置为训练模式
    Module: Dropout
dropout设置为训练模式
    Module: Dropout
dropout设置为训练模式
  Module: ReLU
test_loss: 0.0742
epoch 16
train_loss: 0.1438
Module: DropoutFullyConnectedNN
  Module: ModuleList
    Module: Linear
    Module: Linear
    Module: Linear
  Module: ModuleList
    Module: Dropout
dropout设置为训练模式
    Module: Dropout
dropout设置为训练模式
    Module: Dropout
dropout设置为训练模式
  Module: ReLU
test_loss: 0.0704
epoch 17
train_loss: 0.1526
Module: DropoutFullyConnectedNN
  Module: ModuleList
    Module: Linear
    Module: Linear
    Module: Linear
  Module: ModuleList
    Module: Dropout
dropout设置为训练模式
    Module: Dropout
dropout设置为训练模式
    Module: Dropout
dropout设置为训练模式
  Module: ReLU
test_loss: 0.0775
epoch 18
train_loss: 0.1407
Module: DropoutFullyConnectedNN
  Module: ModuleList
    Module: Linear
    Module: Linear
    Module: Linear
  Module: ModuleList
    Module: Dropout
dropout设置为训练模式
    Module: Dropout
dropout设置为训练模式
    Module: Dropout
dropout设置为训练模式
  Module: ReLU
test_loss: 0.0703
epoch 19
train_loss: 0.1379
Module: DropoutFullyConnectedNN
  Module: ModuleList
    Module: Linear
    Module: Linear
    Module: Linear
  Module: ModuleList
    Module: Dropout
dropout设置为训练模式
    Module: Dropout
dropout设置为训练模式
    Module: Dropout
dropout设置为训练模式
  Module: ReLU
test_loss: 0.0696
epoch 20
train_loss: 0.1242
Module: DropoutFullyConnectedNN
  Module: ModuleList
    Module: Linear
    Module: Linear
    Module: Linear
  Module: ModuleList
    Module: Dropout
dropout设置为训练模式
    Module: Dropout
dropout设置为训练模式
    Module: Dropout
dropout设置为训练模式
  Module: ReLU
test_loss: 0.0744
epoch 21
train_loss: 0.1245
Module: DropoutFullyConnectedNN
  Module: ModuleList
    Module: Linear
    Module: Linear
    Module: Linear
  Module: ModuleList
    Module: Dropout
dropout设置为训练模式
    Module: Dropout
dropout设置为训练模式
    Module: Dropout
dropout设置为训练模式
  Module: ReLU
test_loss: 0.0758
epoch 22
train_loss: 0.1189
Module: DropoutFullyConnectedNN
  Module: ModuleList
    Module: Linear
    Module: Linear
    Module: Linear
  Module: ModuleList
    Module: Dropout
dropout设置为训练模式
    Module: Dropout
dropout设置为训练模式
    Module: Dropout
dropout设置为训练模式
  Module: ReLU
test_loss: 0.0736
epoch 23
train_loss: 0.1218
Module: DropoutFullyConnectedNN
  Module: ModuleList
    Module: Linear
    Module: Linear
    Module: Linear
  Module: ModuleList
    Module: Dropout
dropout设置为训练模式
    Module: Dropout
dropout设置为训练模式
    Module: Dropout
dropout设置为训练模式
  Module: ReLU
test_loss: 0.0755
epoch 24
train_loss: 0.1129
Module: DropoutFullyConnectedNN
  Module: ModuleList
    Module: Linear
    Module: Linear
    Module: Linear
  Module: ModuleList
    Module: Dropout
dropout设置为训练模式
    Module: Dropout
dropout设置为训练模式
    Module: Dropout
dropout设置为训练模式
  Module: ReLU
test_loss: 0.0765
epoch 25
train_loss: 0.1256
Module: DropoutFullyConnectedNN
  Module: ModuleList
    Module: Linear
    Module: Linear
    Module: Linear
  Module: ModuleList
    Module: Dropout
dropout设置为训练模式
    Module: Dropout
dropout设置为训练模式
    Module: Dropout
dropout设置为训练模式
  Module: ReLU
test_loss: 0.0749
epoch 26
train_loss: 0.1151
Module: DropoutFullyConnectedNN
  Module: ModuleList
    Module: Linear
    Module: Linear
    Module: Linear
  Module: ModuleList
    Module: Dropout
dropout设置为训练模式
    Module: Dropout
dropout设置为训练模式
    Module: Dropout
dropout设置为训练模式
  Module: ReLU
test_loss: 0.0753
epoch 27
train_loss: 0.1018
Module: DropoutFullyConnectedNN
  Module: ModuleList
    Module: Linear
    Module: Linear
    Module: Linear
  Module: ModuleList
    Module: Dropout
dropout设置为训练模式
    Module: Dropout
dropout设置为训练模式
    Module: Dropout
dropout设置为训练模式
  Module: ReLU
test_loss: 0.0749
epoch 28
train_loss: 0.1169
Module: DropoutFullyConnectedNN
  Module: ModuleList
    Module: Linear
    Module: Linear
    Module: Linear
  Module: ModuleList
    Module: Dropout
dropout设置为训练模式
    Module: Dropout
dropout设置为训练模式
    Module: Dropout
dropout设置为训练模式
  Module: ReLU
test_loss: 0.0805
epoch 29
train_loss: 0.1003
Module: DropoutFullyConnectedNN
  Module: ModuleList
    Module: Linear
    Module: Linear
    Module: Linear
  Module: ModuleList
    Module: Dropout
dropout设置为训练模式
    Module: Dropout
dropout设置为训练模式
    Module: Dropout
dropout设置为训练模式
  Module: ReLU
test_loss: 0.0792
epoch 30
train_loss: 0.1095
Module: DropoutFullyConnectedNN
  Module: ModuleList
    Module: Linear
    Module: Linear
    Module: Linear
  Module: ModuleList
    Module: Dropout
dropout设置为训练模式
    Module: Dropout
dropout设置为训练模式
    Module: Dropout
dropout设置为训练模式
  Module: ReLU
test_loss: 0.0767
epoch 31
train_loss: 0.1037
Module: DropoutFullyConnectedNN
  Module: ModuleList
    Module: Linear
    Module: Linear
    Module: Linear
  Module: ModuleList
    Module: Dropout
dropout设置为训练模式
    Module: Dropout
dropout设置为训练模式
    Module: Dropout
dropout设置为训练模式
  Module: ReLU
test_loss: 0.0781
epoch 32
train_loss: 0.1061
Module: DropoutFullyConnectedNN
  Module: ModuleList
    Module: Linear
    Module: Linear
    Module: Linear
  Module: ModuleList
    Module: Dropout
dropout设置为训练模式
    Module: Dropout
dropout设置为训练模式
    Module: Dropout
dropout设置为训练模式
  Module: ReLU
test_loss: 0.0775
epoch 33
train_loss: 0.0942
Module: DropoutFullyConnectedNN
  Module: ModuleList
    Module: Linear
    Module: Linear
    Module: Linear
  Module: ModuleList
    Module: Dropout
dropout设置为训练模式
    Module: Dropout
dropout设置为训练模式
    Module: Dropout
dropout设置为训练模式
  Module: ReLU
test_loss: 0.0710
epoch 34
train_loss: 0.0899
Module: DropoutFullyConnectedNN
  Module: ModuleList
    Module: Linear
    Module: Linear
    Module: Linear
  Module: ModuleList
    Module: Dropout
dropout设置为训练模式
    Module: Dropout
dropout设置为训练模式
    Module: Dropout
dropout设置为训练模式
  Module: ReLU
test_loss: 0.0752
epoch 35
train_loss: 0.1035
Module: DropoutFullyConnectedNN
  Module: ModuleList
    Module: Linear
    Module: Linear
    Module: Linear
  Module: ModuleList
    Module: Dropout
dropout设置为训练模式
    Module: Dropout
dropout设置为训练模式
    Module: Dropout
dropout设置为训练模式
  Module: ReLU
test_loss: 0.0771
epoch 36
train_loss: 0.0878
Module: DropoutFullyConnectedNN
  Module: ModuleList
    Module: Linear
    Module: Linear
    Module: Linear
  Module: ModuleList
    Module: Dropout
dropout设置为训练模式
    Module: Dropout
dropout设置为训练模式
    Module: Dropout
dropout设置为训练模式
  Module: ReLU
test_loss: 0.0794
epoch 37
train_loss: 0.0995
Module: DropoutFullyConnectedNN
  Module: ModuleList
    Module: Linear
    Module: Linear
    Module: Linear
  Module: ModuleList
    Module: Dropout
dropout设置为训练模式
    Module: Dropout
dropout设置为训练模式
    Module: Dropout
dropout设置为训练模式
  Module: ReLU
test_loss: 0.0807
epoch 38
train_loss: 0.0990
Module: DropoutFullyConnectedNN
  Module: ModuleList
    Module: Linear
    Module: Linear
    Module: Linear
  Module: ModuleList
    Module: Dropout
dropout设置为训练模式
    Module: Dropout
dropout设置为训练模式
    Module: Dropout
dropout设置为训练模式
  Module: ReLU
test_loss: 0.0765
epoch 39
train_loss: 0.0863
Module: DropoutFullyConnectedNN
  Module: ModuleList
    Module: Linear
    Module: Linear
    Module: Linear
  Module: ModuleList
    Module: Dropout
dropout设置为训练模式
    Module: Dropout
dropout设置为训练模式
    Module: Dropout
dropout设置为训练模式
  Module: ReLU
test_loss: 0.0727
epoch 40
train_loss: 0.0832
Module: DropoutFullyConnectedNN
  Module: ModuleList
    Module: Linear
    Module: Linear
    Module: Linear
  Module: ModuleList
    Module: Dropout
dropout设置为训练模式
    Module: Dropout
dropout设置为训练模式
    Module: Dropout
dropout设置为训练模式
  Module: ReLU
test_loss: 0.0730
epoch 41
train_loss: 0.0839
Module: DropoutFullyConnectedNN
  Module: ModuleList
    Module: Linear
    Module: Linear
    Module: Linear
  Module: ModuleList
    Module: Dropout
dropout设置为训练模式
    Module: Dropout
dropout设置为训练模式
    Module: Dropout
dropout设置为训练模式
  Module: ReLU
test_loss: 0.0814
epoch 42
train_loss: 0.0896
Module: DropoutFullyConnectedNN
  Module: ModuleList
    Module: Linear
    Module: Linear
    Module: Linear
  Module: ModuleList
    Module: Dropout
dropout设置为训练模式
    Module: Dropout
dropout设置为训练模式
    Module: Dropout
dropout设置为训练模式
  Module: ReLU
test_loss: 0.0787
epoch 43
train_loss: 0.0920
Module: DropoutFullyConnectedNN
  Module: ModuleList
    Module: Linear
    Module: Linear
    Module: Linear
  Module: ModuleList
    Module: Dropout
dropout设置为训练模式
    Module: Dropout
dropout设置为训练模式
    Module: Dropout
dropout设置为训练模式
  Module: ReLU
test_loss: 0.0762
epoch 44
train_loss: 0.0966
Module: DropoutFullyConnectedNN
  Module: ModuleList
    Module: Linear
    Module: Linear
    Module: Linear
  Module: ModuleList
    Module: Dropout
dropout设置为训练模式
    Module: Dropout
dropout设置为训练模式
    Module: Dropout
dropout设置为训练模式
  Module: ReLU
test_loss: 0.0743
epoch 45
train_loss: 0.0817
Module: DropoutFullyConnectedNN
  Module: ModuleList
    Module: Linear
    Module: Linear
    Module: Linear
  Module: ModuleList
    Module: Dropout
dropout设置为训练模式
    Module: Dropout
dropout设置为训练模式
    Module: Dropout
dropout设置为训练模式
  Module: ReLU
test_loss: 0.0783
epoch 46
train_loss: 0.0894
Module: DropoutFullyConnectedNN
  Module: ModuleList
    Module: Linear
    Module: Linear
    Module: Linear
  Module: ModuleList
    Module: Dropout
dropout设置为训练模式
    Module: Dropout
dropout设置为训练模式
    Module: Dropout
dropout设置为训练模式
  Module: ReLU
test_loss: 0.0770
epoch 47
train_loss: 0.0860
Module: DropoutFullyConnectedNN
  Module: ModuleList
    Module: Linear
    Module: Linear
    Module: Linear
  Module: ModuleList
    Module: Dropout
dropout设置为训练模式
    Module: Dropout
dropout设置为训练模式
    Module: Dropout
dropout设置为训练模式
  Module: ReLU
test_loss: 0.0756
epoch 48
train_loss: 0.0896
Module: DropoutFullyConnectedNN
  Module: ModuleList
    Module: Linear
    Module: Linear
    Module: Linear
  Module: ModuleList
    Module: Dropout
dropout设置为训练模式
    Module: Dropout
dropout设置为训练模式
    Module: Dropout
dropout设置为训练模式
  Module: ReLU
test_loss: 0.0763
epoch 49
train_loss: 0.0821
Module: DropoutFullyConnectedNN
  Module: ModuleList
    Module: Linear
    Module: Linear
    Module: Linear
  Module: ModuleList
    Module: Dropout
dropout设置为训练模式
    Module: Dropout
dropout设置为训练模式
    Module: Dropout
dropout设置为训练模式
  Module: ReLU
test_loss: 0.0780
epoch 50
train_loss: 0.0897
Module: DropoutFullyConnectedNN
  Module: ModuleList
    Module: Linear
    Module: Linear
    Module: Linear
  Module: ModuleList
    Module: Dropout
dropout设置为训练模式
    Module: Dropout
dropout设置为训练模式
    Module: Dropout
dropout设置为训练模式
  Module: ReLU
test_loss: 0.0727
epoch 51
train_loss: 0.0780
Module: DropoutFullyConnectedNN
  Module: ModuleList
    Module: Linear
    Module: Linear
    Module: Linear
  Module: ModuleList
    Module: Dropout
dropout设置为训练模式
    Module: Dropout
dropout设置为训练模式
    Module: Dropout
dropout设置为训练模式
  Module: ReLU
test_loss: 0.0804
epoch 52
train_loss: 0.0872
Module: DropoutFullyConnectedNN
  Module: ModuleList
    Module: Linear
    Module: Linear
    Module: Linear
  Module: ModuleList
    Module: Dropout
dropout设置为训练模式
    Module: Dropout
dropout设置为训练模式
    Module: Dropout
dropout设置为训练模式
  Module: ReLU
test_loss: 0.0728
epoch 53
train_loss: 0.0746
Module: DropoutFullyConnectedNN
  Module: ModuleList
    Module: Linear
    Module: Linear
    Module: Linear
  Module: ModuleList
    Module: Dropout
dropout设置为训练模式
    Module: Dropout
dropout设置为训练模式
    Module: Dropout
dropout设置为训练模式
  Module: ReLU
test_loss: 0.0711
epoch 54
train_loss: 0.0863
Module: DropoutFullyConnectedNN
  Module: ModuleList
    Module: Linear
    Module: Linear
    Module: Linear
  Module: ModuleList
    Module: Dropout
dropout设置为训练模式
    Module: Dropout
dropout设置为训练模式
    Module: Dropout
dropout设置为训练模式
  Module: ReLU
test_loss: 0.0724
epoch 55
train_loss: 0.0839
Module: DropoutFullyConnectedNN
  Module: ModuleList
    Module: Linear
    Module: Linear
    Module: Linear
  Module: ModuleList
    Module: Dropout
dropout设置为训练模式
    Module: Dropout
dropout设置为训练模式
    Module: Dropout
dropout设置为训练模式
  Module: ReLU
test_loss: 0.0701
epoch 56
train_loss: 0.0782
Module: DropoutFullyConnectedNN
  Module: ModuleList
    Module: Linear
    Module: Linear
    Module: Linear
  Module: ModuleList
    Module: Dropout
dropout设置为训练模式
    Module: Dropout
dropout设置为训练模式
    Module: Dropout
dropout设置为训练模式
  Module: ReLU
test_loss: 0.0707
epoch 57
train_loss: 0.0737
Module: DropoutFullyConnectedNN
  Module: ModuleList
    Module: Linear
    Module: Linear
    Module: Linear
  Module: ModuleList
    Module: Dropout
dropout设置为训练模式
    Module: Dropout
dropout设置为训练模式
    Module: Dropout
dropout设置为训练模式
  Module: ReLU
test_loss: 0.0766
epoch 58
train_loss: 0.0841
Module: DropoutFullyConnectedNN
  Module: ModuleList
    Module: Linear
    Module: Linear
    Module: Linear
  Module: ModuleList
    Module: Dropout
dropout设置为训练模式
    Module: Dropout
dropout设置为训练模式
    Module: Dropout
dropout设置为训练模式
  Module: ReLU
test_loss: 0.0721
epoch 59
train_loss: 0.0823
Module: DropoutFullyConnectedNN
  Module: ModuleList
    Module: Linear
    Module: Linear
    Module: Linear
  Module: ModuleList
    Module: Dropout
dropout设置为训练模式
    Module: Dropout
dropout设置为训练模式
    Module: Dropout
dropout设置为训练模式
  Module: ReLU
test_loss: 0.0670
epoch 60
train_loss: 0.0899
Module: DropoutFullyConnectedNN
  Module: ModuleList
    Module: Linear
    Module: Linear
    Module: Linear
  Module: ModuleList
    Module: Dropout
dropout设置为训练模式
    Module: Dropout
dropout设置为训练模式
    Module: Dropout
dropout设置为训练模式
  Module: ReLU
test_loss: 0.0739
epoch 61
train_loss: 0.0673
Module: DropoutFullyConnectedNN
  Module: ModuleList
    Module: Linear
    Module: Linear
    Module: Linear
  Module: ModuleList
    Module: Dropout
dropout设置为训练模式
    Module: Dropout
dropout设置为训练模式
    Module: Dropout
dropout设置为训练模式
  Module: ReLU
test_loss: 0.0728
epoch 62
train_loss: 0.0757
Module: DropoutFullyConnectedNN
  Module: ModuleList
    Module: Linear
    Module: Linear
    Module: Linear
  Module: ModuleList
    Module: Dropout
dropout设置为训练模式
    Module: Dropout
dropout设置为训练模式
    Module: Dropout
dropout设置为训练模式
  Module: ReLU
test_loss: 0.0677
epoch 63
train_loss: 0.0752
Module: DropoutFullyConnectedNN
  Module: ModuleList
    Module: Linear
    Module: Linear
    Module: Linear
  Module: ModuleList
    Module: Dropout
dropout设置为训练模式
    Module: Dropout
dropout设置为训练模式
    Module: Dropout
dropout设置为训练模式
  Module: ReLU
test_loss: 0.0737
epoch 64
train_loss: 0.0706
Module: DropoutFullyConnectedNN
  Module: ModuleList
    Module: Linear
    Module: Linear
    Module: Linear
  Module: ModuleList
    Module: Dropout
dropout设置为训练模式
    Module: Dropout
dropout设置为训练模式
    Module: Dropout
dropout设置为训练模式
  Module: ReLU
test_loss: 0.0733
epoch 65
train_loss: 0.0702
Module: DropoutFullyConnectedNN
  Module: ModuleList
    Module: Linear
    Module: Linear
    Module: Linear
  Module: ModuleList
    Module: Dropout
dropout设置为训练模式
    Module: Dropout
dropout设置为训练模式
    Module: Dropout
dropout设置为训练模式
  Module: ReLU
test_loss: 0.0746
epoch 66
train_loss: 0.0622
Module: DropoutFullyConnectedNN
  Module: ModuleList
    Module: Linear
    Module: Linear
    Module: Linear
  Module: ModuleList
    Module: Dropout
dropout设置为训练模式
    Module: Dropout
dropout设置为训练模式
    Module: Dropout
dropout设置为训练模式
  Module: ReLU
test_loss: 0.0808
epoch 67
train_loss: 0.0700
Module: DropoutFullyConnectedNN
  Module: ModuleList
    Module: Linear
    Module: Linear
    Module: Linear
  Module: ModuleList
    Module: Dropout
dropout设置为训练模式
    Module: Dropout
dropout设置为训练模式
    Module: Dropout
dropout设置为训练模式
  Module: ReLU
test_loss: 0.0739
epoch 68
train_loss: 0.0650
Module: DropoutFullyConnectedNN
  Module: ModuleList
    Module: Linear
    Module: Linear
    Module: Linear
  Module: ModuleList
    Module: Dropout
dropout设置为训练模式
    Module: Dropout
dropout设置为训练模式
    Module: Dropout
dropout设置为训练模式
  Module: ReLU
test_loss: 0.0722
epoch 69
train_loss: 0.0676
Module: DropoutFullyConnectedNN
  Module: ModuleList
    Module: Linear
    Module: Linear
    Module: Linear
  Module: ModuleList
    Module: Dropout
dropout设置为训练模式
    Module: Dropout
dropout设置为训练模式
    Module: Dropout
dropout设置为训练模式
  Module: ReLU
test_loss: 0.0710
epoch 70
train_loss: 0.0734
Module: DropoutFullyConnectedNN
  Module: ModuleList
    Module: Linear
    Module: Linear
    Module: Linear
  Module: ModuleList
    Module: Dropout
dropout设置为训练模式
    Module: Dropout
dropout设置为训练模式
    Module: Dropout
dropout设置为训练模式
  Module: ReLU
test_loss: 0.0788
epoch 71
train_loss: 0.0728
Module: DropoutFullyConnectedNN
  Module: ModuleList
    Module: Linear
    Module: Linear
    Module: Linear
  Module: ModuleList
    Module: Dropout
dropout设置为训练模式
    Module: Dropout
dropout设置为训练模式
    Module: Dropout
dropout设置为训练模式
  Module: ReLU
test_loss: 0.0739
epoch 72
train_loss: 0.0661
Module: DropoutFullyConnectedNN
  Module: ModuleList
    Module: Linear
    Module: Linear
    Module: Linear
  Module: ModuleList
    Module: Dropout
dropout设置为训练模式
    Module: Dropout
dropout设置为训练模式
    Module: Dropout
dropout设置为训练模式
  Module: ReLU
test_loss: 0.0724
epoch 73
train_loss: 0.0675
Module: DropoutFullyConnectedNN
  Module: ModuleList
    Module: Linear
    Module: Linear
    Module: Linear
  Module: ModuleList
    Module: Dropout
dropout设置为训练模式
    Module: Dropout
dropout设置为训练模式
    Module: Dropout
dropout设置为训练模式
  Module: ReLU
test_loss: 0.0729
epoch 74
train_loss: 0.0708
Module: DropoutFullyConnectedNN
  Module: ModuleList
    Module: Linear
    Module: Linear
    Module: Linear
  Module: ModuleList
    Module: Dropout
dropout设置为训练模式
    Module: Dropout
dropout设置为训练模式
    Module: Dropout
dropout设置为训练模式
  Module: ReLU
test_loss: 0.0733
epoch 75
train_loss: 0.0679
Module: DropoutFullyConnectedNN
  Module: ModuleList
    Module: Linear
    Module: Linear
    Module: Linear
  Module: ModuleList
    Module: Dropout
dropout设置为训练模式
    Module: Dropout
dropout设置为训练模式
    Module: Dropout
dropout设置为训练模式
  Module: ReLU
test_loss: 0.0710
epoch 76
train_loss: 0.0694
Module: DropoutFullyConnectedNN
  Module: ModuleList
    Module: Linear
    Module: Linear
    Module: Linear
  Module: ModuleList
    Module: Dropout
dropout设置为训练模式
    Module: Dropout
dropout设置为训练模式
    Module: Dropout
dropout设置为训练模式
  Module: ReLU
test_loss: 0.0737
epoch 77
train_loss: 0.0722
Module: DropoutFullyConnectedNN
  Module: ModuleList
    Module: Linear
    Module: Linear
    Module: Linear
  Module: ModuleList
    Module: Dropout
dropout设置为训练模式
    Module: Dropout
dropout设置为训练模式
    Module: Dropout
dropout设置为训练模式
  Module: ReLU
test_loss: 0.0778
epoch 78
train_loss: 0.0661
Module: DropoutFullyConnectedNN
  Module: ModuleList
    Module: Linear
    Module: Linear
    Module: Linear
  Module: ModuleList
    Module: Dropout
dropout设置为训练模式
    Module: Dropout
dropout设置为训练模式
    Module: Dropout
dropout设置为训练模式
  Module: ReLU
test_loss: 0.0815
epoch 79
train_loss: 0.0694
Module: DropoutFullyConnectedNN
  Module: ModuleList
    Module: Linear
    Module: Linear
    Module: Linear
  Module: ModuleList
    Module: Dropout
dropout设置为训练模式
    Module: Dropout
dropout设置为训练模式
    Module: Dropout
dropout设置为训练模式
  Module: ReLU
test_loss: 0.0768
epoch 80
train_loss: 0.0796
Module: DropoutFullyConnectedNN
  Module: ModuleList
    Module: Linear
    Module: Linear
    Module: Linear
  Module: ModuleList
    Module: Dropout
dropout设置为训练模式
    Module: Dropout
dropout设置为训练模式
    Module: Dropout
dropout设置为训练模式
  Module: ReLU
test_loss: 0.0778
epoch 81
train_loss: 0.0708
Module: DropoutFullyConnectedNN
  Module: ModuleList
    Module: Linear
    Module: Linear
    Module: Linear
  Module: ModuleList
    Module: Dropout
dropout设置为训练模式
    Module: Dropout
dropout设置为训练模式
    Module: Dropout
dropout设置为训练模式
  Module: ReLU
test_loss: 0.0702
epoch 82
train_loss: 0.0556
Module: DropoutFullyConnectedNN
  Module: ModuleList
    Module: Linear
    Module: Linear
    Module: Linear
  Module: ModuleList
    Module: Dropout
dropout设置为训练模式
    Module: Dropout
dropout设置为训练模式
    Module: Dropout
dropout设置为训练模式
  Module: ReLU
test_loss: 0.0701
epoch 83
train_loss: 0.0638
Module: DropoutFullyConnectedNN
  Module: ModuleList
    Module: Linear
    Module: Linear
    Module: Linear
  Module: ModuleList
    Module: Dropout
dropout设置为训练模式
    Module: Dropout
dropout设置为训练模式
    Module: Dropout
dropout设置为训练模式
  Module: ReLU
test_loss: 0.0724
epoch 84
train_loss: 0.0649
Module: DropoutFullyConnectedNN
  Module: ModuleList
    Module: Linear
    Module: Linear
    Module: Linear
  Module: ModuleList
    Module: Dropout
dropout设置为训练模式
    Module: Dropout
dropout设置为训练模式
    Module: Dropout
dropout设置为训练模式
  Module: ReLU
test_loss: 0.0773
epoch 85
train_loss: 0.0615
Module: DropoutFullyConnectedNN
  Module: ModuleList
    Module: Linear
    Module: Linear
    Module: Linear
  Module: ModuleList
    Module: Dropout
dropout设置为训练模式
    Module: Dropout
dropout设置为训练模式
    Module: Dropout
dropout设置为训练模式
  Module: ReLU
test_loss: 0.0686
epoch 86
train_loss: 0.0650
Module: DropoutFullyConnectedNN
  Module: ModuleList
    Module: Linear
    Module: Linear
    Module: Linear
  Module: ModuleList
    Module: Dropout
dropout设置为训练模式
    Module: Dropout
dropout设置为训练模式
    Module: Dropout
dropout设置为训练模式
  Module: ReLU
test_loss: 0.0764
epoch 87
train_loss: 0.0587
Module: DropoutFullyConnectedNN
  Module: ModuleList
    Module: Linear
    Module: Linear
    Module: Linear
  Module: ModuleList
    Module: Dropout
dropout设置为训练模式
    Module: Dropout
dropout设置为训练模式
    Module: Dropout
dropout设置为训练模式
  Module: ReLU
test_loss: 0.0712
epoch 88
train_loss: 0.0608
Module: DropoutFullyConnectedNN
  Module: ModuleList
    Module: Linear
    Module: Linear
    Module: Linear
  Module: ModuleList
    Module: Dropout
dropout设置为训练模式
    Module: Dropout
dropout设置为训练模式
    Module: Dropout
dropout设置为训练模式
  Module: ReLU
test_loss: 0.0722
epoch 89
train_loss: 0.0649
Module: DropoutFullyConnectedNN
  Module: ModuleList
    Module: Linear
    Module: Linear
    Module: Linear
  Module: ModuleList
    Module: Dropout
dropout设置为训练模式
    Module: Dropout
dropout设置为训练模式
    Module: Dropout
dropout设置为训练模式
  Module: ReLU
test_loss: 0.0762
epoch 90
train_loss: 0.0613
Module: DropoutFullyConnectedNN
  Module: ModuleList
    Module: Linear
    Module: Linear
    Module: Linear
  Module: ModuleList
    Module: Dropout
dropout设置为训练模式
    Module: Dropout
dropout设置为训练模式
    Module: Dropout
dropout设置为训练模式
  Module: ReLU
test_loss: 0.0743
epoch 91
train_loss: 0.0666
Module: DropoutFullyConnectedNN
  Module: ModuleList
    Module: Linear
    Module: Linear
    Module: Linear
  Module: ModuleList
    Module: Dropout
dropout设置为训练模式
    Module: Dropout
dropout设置为训练模式
    Module: Dropout
dropout设置为训练模式
  Module: ReLU
test_loss: 0.0714
epoch 92
train_loss: 0.0646
Module: DropoutFullyConnectedNN
  Module: ModuleList
    Module: Linear
    Module: Linear
    Module: Linear
  Module: ModuleList
    Module: Dropout
dropout设置为训练模式
    Module: Dropout
dropout设置为训练模式
    Module: Dropout
dropout设置为训练模式
  Module: ReLU
test_loss: 0.0718
epoch 93
train_loss: 0.0575
Module: DropoutFullyConnectedNN
  Module: ModuleList
    Module: Linear
    Module: Linear
    Module: Linear
  Module: ModuleList
    Module: Dropout
dropout设置为训练模式
    Module: Dropout
dropout设置为训练模式
    Module: Dropout
dropout设置为训练模式
  Module: ReLU
test_loss: 0.0735
epoch 94
train_loss: 0.0574
Module: DropoutFullyConnectedNN
  Module: ModuleList
    Module: Linear
    Module: Linear
    Module: Linear
  Module: ModuleList
    Module: Dropout
dropout设置为训练模式
    Module: Dropout
dropout设置为训练模式
    Module: Dropout
dropout设置为训练模式
  Module: ReLU
test_loss: 0.0767
epoch 95
train_loss: 0.0555
Module: DropoutFullyConnectedNN
  Module: ModuleList
    Module: Linear
    Module: Linear
    Module: Linear
  Module: ModuleList
    Module: Dropout
dropout设置为训练模式
    Module: Dropout
dropout设置为训练模式
    Module: Dropout
dropout设置为训练模式
  Module: ReLU
test_loss: 0.0770
epoch 96
train_loss: 0.0684
Module: DropoutFullyConnectedNN
  Module: ModuleList
    Module: Linear
    Module: Linear
    Module: Linear
  Module: ModuleList
    Module: Dropout
dropout设置为训练模式
    Module: Dropout
dropout设置为训练模式
    Module: Dropout
dropout设置为训练模式
  Module: ReLU
test_loss: 0.0694
epoch 97
train_loss: 0.0705
Module: DropoutFullyConnectedNN
  Module: ModuleList
    Module: Linear
    Module: Linear
    Module: Linear
  Module: ModuleList
    Module: Dropout
dropout设置为训练模式
    Module: Dropout
dropout设置为训练模式
    Module: Dropout
dropout设置为训练模式
  Module: ReLU
test_loss: 0.0728
epoch 98
train_loss: 0.0653
Module: DropoutFullyConnectedNN
  Module: ModuleList
    Module: Linear
    Module: Linear
    Module: Linear
  Module: ModuleList
    Module: Dropout
dropout设置为训练模式
    Module: Dropout
dropout设置为训练模式
    Module: Dropout
dropout设置为训练模式
  Module: ReLU
test_loss: 0.0695
epoch 99
train_loss: 0.0615
Module: DropoutFullyConnectedNN
  Module: ModuleList
    Module: Linear
    Module: Linear
    Module: Linear
  Module: ModuleList
    Module: Dropout
dropout设置为训练模式
    Module: Dropout
dropout设置为训练模式
    Module: Dropout
dropout设置为训练模式
  Module: ReLU
test_loss: 0.0708
epoch 100
train_loss: 0.0587
Module: DropoutFullyConnectedNN
  Module: ModuleList
    Module: Linear
    Module: Linear
    Module: Linear
  Module: ModuleList
    Module: Dropout
dropout设置为训练模式
    Module: Dropout
dropout设置为训练模式
    Module: Dropout
dropout设置为训练模式
  Module: ReLU
test_loss: 0.0719
epoch 101
train_loss: 0.0608
Module: DropoutFullyConnectedNN
  Module: ModuleList
    Module: Linear
    Module: Linear
    Module: Linear
  Module: ModuleList
    Module: Dropout
dropout设置为训练模式
    Module: Dropout
dropout设置为训练模式
    Module: Dropout
dropout设置为训练模式
  Module: ReLU
test_loss: 0.0685
epoch 102
train_loss: 0.0622
Module: DropoutFullyConnectedNN
  Module: ModuleList
    Module: Linear
    Module: Linear
    Module: Linear
  Module: ModuleList
    Module: Dropout
dropout设置为训练模式
    Module: Dropout
dropout设置为训练模式
    Module: Dropout
dropout设置为训练模式
  Module: ReLU
test_loss: 0.0694
epoch 103
train_loss: 0.0643
Module: DropoutFullyConnectedNN
  Module: ModuleList
    Module: Linear
    Module: Linear
    Module: Linear
  Module: ModuleList
    Module: Dropout
dropout设置为训练模式
    Module: Dropout
dropout设置为训练模式
    Module: Dropout
dropout设置为训练模式
  Module: ReLU
test_loss: 0.0658
epoch 104
train_loss: 0.0603
Module: DropoutFullyConnectedNN
  Module: ModuleList
    Module: Linear
    Module: Linear
    Module: Linear
  Module: ModuleList
    Module: Dropout
dropout设置为训练模式
    Module: Dropout
dropout设置为训练模式
    Module: Dropout
dropout设置为训练模式
  Module: ReLU
test_loss: 0.0684
epoch 105
train_loss: 0.0663
Module: DropoutFullyConnectedNN
  Module: ModuleList
    Module: Linear
    Module: Linear
    Module: Linear
  Module: ModuleList
    Module: Dropout
dropout设置为训练模式
    Module: Dropout
dropout设置为训练模式
    Module: Dropout
dropout设置为训练模式
  Module: ReLU
test_loss: 0.0690
epoch 106
train_loss: 0.0678
Module: DropoutFullyConnectedNN
  Module: ModuleList
    Module: Linear
    Module: Linear
    Module: Linear
  Module: ModuleList
    Module: Dropout
dropout设置为训练模式
    Module: Dropout
dropout设置为训练模式
    Module: Dropout
dropout设置为训练模式
  Module: ReLU
test_loss: 0.0672
epoch 107
train_loss: 0.0544
Module: DropoutFullyConnectedNN
  Module: ModuleList
    Module: Linear
    Module: Linear
    Module: Linear
  Module: ModuleList
    Module: Dropout
dropout设置为训练模式
    Module: Dropout
dropout设置为训练模式
    Module: Dropout
dropout设置为训练模式
  Module: ReLU
test_loss: 0.0733
epoch 108
train_loss: 0.0555
Module: DropoutFullyConnectedNN
  Module: ModuleList
    Module: Linear
    Module: Linear
    Module: Linear
  Module: ModuleList
    Module: Dropout
dropout设置为训练模式
    Module: Dropout
dropout设置为训练模式
    Module: Dropout
dropout设置为训练模式
  Module: ReLU
test_loss: 0.0719
epoch 109
train_loss: 0.0688
Module: DropoutFullyConnectedNN
  Module: ModuleList
    Module: Linear
    Module: Linear
    Module: Linear
  Module: ModuleList
    Module: Dropout
dropout设置为训练模式
    Module: Dropout
dropout设置为训练模式
    Module: Dropout
dropout设置为训练模式
  Module: ReLU
test_loss: 0.0662
epoch 110
train_loss: 0.0614
Module: DropoutFullyConnectedNN
  Module: ModuleList
    Module: Linear
    Module: Linear
    Module: Linear
  Module: ModuleList
    Module: Dropout
dropout设置为训练模式
    Module: Dropout
dropout设置为训练模式
    Module: Dropout
dropout设置为训练模式
  Module: ReLU
test_loss: 0.0724
epoch 111
train_loss: 0.0660
Module: DropoutFullyConnectedNN
  Module: ModuleList
    Module: Linear
    Module: Linear
    Module: Linear
  Module: ModuleList
    Module: Dropout
dropout设置为训练模式
    Module: Dropout
dropout设置为训练模式
    Module: Dropout
dropout设置为训练模式
  Module: ReLU
test_loss: 0.0731
epoch 112
train_loss: 0.0693
Module: DropoutFullyConnectedNN
  Module: ModuleList
    Module: Linear
    Module: Linear
    Module: Linear
  Module: ModuleList
    Module: Dropout
dropout设置为训练模式
    Module: Dropout
dropout设置为训练模式
    Module: Dropout
dropout设置为训练模式
  Module: ReLU
test_loss: 0.0679
epoch 113
train_loss: 0.0609
Module: DropoutFullyConnectedNN
  Module: ModuleList
    Module: Linear
    Module: Linear
    Module: Linear
  Module: ModuleList
    Module: Dropout
dropout设置为训练模式
    Module: Dropout
dropout设置为训练模式
    Module: Dropout
dropout设置为训练模式
  Module: ReLU
test_loss: 0.0717
epoch 114
train_loss: 0.0597
Module: DropoutFullyConnectedNN
  Module: ModuleList
    Module: Linear
    Module: Linear
    Module: Linear
  Module: ModuleList
    Module: Dropout
dropout设置为训练模式
    Module: Dropout
dropout设置为训练模式
    Module: Dropout
dropout设置为训练模式
  Module: ReLU
test_loss: 0.0651
epoch 115
train_loss: 0.0535
Module: DropoutFullyConnectedNN
  Module: ModuleList
    Module: Linear
    Module: Linear
    Module: Linear
  Module: ModuleList
    Module: Dropout
dropout设置为训练模式
    Module: Dropout
dropout设置为训练模式
    Module: Dropout
dropout设置为训练模式
  Module: ReLU
test_loss: 0.0653
epoch 116
train_loss: 0.0567
Module: DropoutFullyConnectedNN
  Module: ModuleList
    Module: Linear
    Module: Linear
    Module: Linear
  Module: ModuleList
    Module: Dropout
dropout设置为训练模式
    Module: Dropout
dropout设置为训练模式
    Module: Dropout
dropout设置为训练模式
  Module: ReLU
test_loss: 0.0664
epoch 117
train_loss: 0.0535
Module: DropoutFullyConnectedNN
  Module: ModuleList
    Module: Linear
    Module: Linear
    Module: Linear
  Module: ModuleList
    Module: Dropout
dropout设置为训练模式
    Module: Dropout
dropout设置为训练模式
    Module: Dropout
dropout设置为训练模式
  Module: ReLU
test_loss: 0.0686
epoch 118
train_loss: 0.0618
Module: DropoutFullyConnectedNN
  Module: ModuleList
    Module: Linear
    Module: Linear
    Module: Linear
  Module: ModuleList
    Module: Dropout
dropout设置为训练模式
    Module: Dropout
dropout设置为训练模式
    Module: Dropout
dropout设置为训练模式
  Module: ReLU
test_loss: 0.0689
epoch 119
train_loss: 0.0584
Module: DropoutFullyConnectedNN
  Module: ModuleList
    Module: Linear
    Module: Linear
    Module: Linear
  Module: ModuleList
    Module: Dropout
dropout设置为训练模式
    Module: Dropout
dropout设置为训练模式
    Module: Dropout
dropout设置为训练模式
  Module: ReLU
test_loss: 0.0774
epoch 120
train_loss: 0.0619
Module: DropoutFullyConnectedNN
  Module: ModuleList
    Module: Linear
    Module: Linear
    Module: Linear
  Module: ModuleList
    Module: Dropout
dropout设置为训练模式
    Module: Dropout
dropout设置为训练模式
    Module: Dropout
dropout设置为训练模式
  Module: ReLU
test_loss: 0.0755
epoch 121
train_loss: 0.0596
Module: DropoutFullyConnectedNN
  Module: ModuleList
    Module: Linear
    Module: Linear
    Module: Linear
  Module: ModuleList
    Module: Dropout
dropout设置为训练模式
    Module: Dropout
dropout设置为训练模式
    Module: Dropout
dropout设置为训练模式
  Module: ReLU
test_loss: 0.0756
epoch 122
train_loss: 0.0572
Module: DropoutFullyConnectedNN
  Module: ModuleList
    Module: Linear
    Module: Linear
    Module: Linear
  Module: ModuleList
    Module: Dropout
dropout设置为训练模式
    Module: Dropout
dropout设置为训练模式
    Module: Dropout
dropout设置为训练模式
  Module: ReLU
test_loss: 0.0684
epoch 123
train_loss: 0.0506
Module: DropoutFullyConnectedNN
  Module: ModuleList
    Module: Linear
    Module: Linear
    Module: Linear
  Module: ModuleList
    Module: Dropout
dropout设置为训练模式
    Module: Dropout
dropout设置为训练模式
    Module: Dropout
dropout设置为训练模式
  Module: ReLU
test_loss: 0.0708
epoch 124
train_loss: 0.0522
Module: DropoutFullyConnectedNN
  Module: ModuleList
    Module: Linear
    Module: Linear
    Module: Linear
  Module: ModuleList
    Module: Dropout
dropout设置为训练模式
    Module: Dropout
dropout设置为训练模式
    Module: Dropout
dropout设置为训练模式
  Module: ReLU
test_loss: 0.0690
epoch 125
train_loss: 0.0601
Module: DropoutFullyConnectedNN
  Module: ModuleList
    Module: Linear
    Module: Linear
    Module: Linear
  Module: ModuleList
    Module: Dropout
dropout设置为训练模式
    Module: Dropout
dropout设置为训练模式
    Module: Dropout
dropout设置为训练模式
  Module: ReLU
test_loss: 0.0676
epoch 126
train_loss: 0.0600
Module: DropoutFullyConnectedNN
  Module: ModuleList
    Module: Linear
    Module: Linear
    Module: Linear
  Module: ModuleList
    Module: Dropout
dropout设置为训练模式
    Module: Dropout
dropout设置为训练模式
    Module: Dropout
dropout设置为训练模式
  Module: ReLU
test_loss: 0.0680
epoch 127
train_loss: 0.0566
Module: DropoutFullyConnectedNN
  Module: ModuleList
    Module: Linear
    Module: Linear
    Module: Linear
  Module: ModuleList
    Module: Dropout
dropout设置为训练模式
    Module: Dropout
dropout设置为训练模式
    Module: Dropout
dropout设置为训练模式
  Module: ReLU
test_loss: 0.0729
epoch 128
train_loss: 0.0571
Module: DropoutFullyConnectedNN
  Module: ModuleList
    Module: Linear
    Module: Linear
    Module: Linear
  Module: ModuleList
    Module: Dropout
dropout设置为训练模式
    Module: Dropout
dropout设置为训练模式
    Module: Dropout
dropout设置为训练模式
  Module: ReLU
test_loss: 0.0713
epoch 129
train_loss: 0.0544
Module: DropoutFullyConnectedNN
  Module: ModuleList
    Module: Linear
    Module: Linear
    Module: Linear
  Module: ModuleList
    Module: Dropout
dropout设置为训练模式
    Module: Dropout
dropout设置为训练模式
    Module: Dropout
dropout设置为训练模式
  Module: ReLU
test_loss: 0.0718
epoch 130
train_loss: 0.0541
Module: DropoutFullyConnectedNN
  Module: ModuleList
    Module: Linear
    Module: Linear
    Module: Linear
  Module: ModuleList
    Module: Dropout
dropout设置为训练模式
    Module: Dropout
dropout设置为训练模式
    Module: Dropout
dropout设置为训练模式
  Module: ReLU
test_loss: 0.0683
epoch 131
train_loss: 0.0523
Module: DropoutFullyConnectedNN
  Module: ModuleList
    Module: Linear
    Module: Linear
    Module: Linear
  Module: ModuleList
    Module: Dropout
dropout设置为训练模式
    Module: Dropout
dropout设置为训练模式
    Module: Dropout
dropout设置为训练模式
  Module: ReLU
test_loss: 0.0682
epoch 132
train_loss: 0.0559
Module: DropoutFullyConnectedNN
  Module: ModuleList
    Module: Linear
    Module: Linear
    Module: Linear
  Module: ModuleList
    Module: Dropout
dropout设置为训练模式
    Module: Dropout
dropout设置为训练模式
    Module: Dropout
dropout设置为训练模式
  Module: ReLU
test_loss: 0.0785
epoch 133
train_loss: 0.0551
Module: DropoutFullyConnectedNN
  Module: ModuleList
    Module: Linear
    Module: Linear
    Module: Linear
  Module: ModuleList
    Module: Dropout
dropout设置为训练模式
    Module: Dropout
dropout设置为训练模式
    Module: Dropout
dropout设置为训练模式
  Module: ReLU
test_loss: 0.0729
epoch 134
train_loss: 0.0510
Module: DropoutFullyConnectedNN
  Module: ModuleList
    Module: Linear
    Module: Linear
    Module: Linear
  Module: ModuleList
    Module: Dropout
dropout设置为训练模式
    Module: Dropout
dropout设置为训练模式
    Module: Dropout
dropout设置为训练模式
  Module: ReLU
test_loss: 0.0695
epoch 135
train_loss: 0.0496
Module: DropoutFullyConnectedNN
  Module: ModuleList
    Module: Linear
    Module: Linear
    Module: Linear
  Module: ModuleList
    Module: Dropout
dropout设置为训练模式
    Module: Dropout
dropout设置为训练模式
    Module: Dropout
dropout设置为训练模式
  Module: ReLU
test_loss: 0.0730
epoch 136
train_loss: 0.0567
Module: DropoutFullyConnectedNN
  Module: ModuleList
    Module: Linear
    Module: Linear
    Module: Linear
  Module: ModuleList
    Module: Dropout
dropout设置为训练模式
    Module: Dropout
dropout设置为训练模式
    Module: Dropout
dropout设置为训练模式
  Module: ReLU
test_loss: 0.0702
epoch 137
train_loss: 0.0534
Module: DropoutFullyConnectedNN
  Module: ModuleList
    Module: Linear
    Module: Linear
    Module: Linear
  Module: ModuleList
    Module: Dropout
dropout设置为训练模式
    Module: Dropout
dropout设置为训练模式
    Module: Dropout
dropout设置为训练模式
  Module: ReLU
test_loss: 0.0758
epoch 138
train_loss: 0.0553
Module: DropoutFullyConnectedNN
  Module: ModuleList
    Module: Linear
    Module: Linear
    Module: Linear
  Module: ModuleList
    Module: Dropout
dropout设置为训练模式
    Module: Dropout
dropout设置为训练模式
    Module: Dropout
dropout设置为训练模式
  Module: ReLU
test_loss: 0.0694
epoch 139
train_loss: 0.0510
Module: DropoutFullyConnectedNN
  Module: ModuleList
    Module: Linear
    Module: Linear
    Module: Linear
  Module: ModuleList
    Module: Dropout
dropout设置为训练模式
    Module: Dropout
dropout设置为训练模式
    Module: Dropout
dropout设置为训练模式
  Module: ReLU
test_loss: 0.0746
/home/xueqiong/noise_injection_uncertainty/regression/utils.py:39: FutureWarning: The 'delim_whitespace' keyword in pd.read_csv is deprecated and will be removed in a future version. Use ``sep='\s+'`` instead
  return pd.read_csv(dataset_path, engine='python', header=None, delim_whitespace=True)
13 1
405 101 506
model_name fixnoiseFCN
using Adam as optimizer
epoch 0
train_loss: 0.6502
test_loss: 0.5331
epoch 1
train_loss: 0.4087
test_loss: 0.3152
epoch 2
train_loss: 0.2869
test_loss: 0.1810
epoch 3
train_loss: 0.2451
test_loss: 0.1387
epoch 4
train_loss: 0.2138
test_loss: 0.1245
epoch 5
train_loss: 0.1915
test_loss: 0.1062
epoch 6
train_loss: 0.1726
test_loss: 0.0932
epoch 7
train_loss: 0.1603
test_loss: 0.0920
epoch 8
train_loss: 0.1504
test_loss: 0.0832
epoch 9
train_loss: 0.1403
test_loss: 0.0789
epoch 10
train_loss: 0.1316
test_loss: 0.0776
epoch 11
train_loss: 0.1197
test_loss: 0.0721
epoch 12
train_loss: 0.1159
test_loss: 0.0736
epoch 13
train_loss: 0.1131
test_loss: 0.0743
epoch 14
train_loss: 0.1106
test_loss: 0.0800
epoch 15
train_loss: 0.1034
test_loss: 0.0746
epoch 16
train_loss: 0.0968
test_loss: 0.0855
epoch 17
train_loss: 0.0982
test_loss: 0.0746
epoch 18
train_loss: 0.0886
test_loss: 0.0755
epoch 19
train_loss: 0.0886
test_loss: 0.0928
epoch 20
train_loss: 0.0874
test_loss: 0.0847
epoch 21
train_loss: 0.0818
test_loss: 0.0823
epoch 22
train_loss: 0.0862
test_loss: 0.0816
epoch 23
train_loss: 0.0801
test_loss: 0.0799
epoch 24
train_loss: 0.0770
test_loss: 0.0842
epoch 25
train_loss: 0.0701
test_loss: 0.0828
epoch 26
train_loss: 0.0696
test_loss: 0.0875
epoch 27
train_loss: 0.0778
test_loss: 0.0989
epoch 28
train_loss: 0.0765
test_loss: 0.0824
epoch 29
train_loss: 0.0700
test_loss: 0.0900
epoch 30
train_loss: 0.0687
test_loss: 0.0818
epoch 31
train_loss: 0.0648
test_loss: 0.0813
epoch 32
train_loss: 0.0655
test_loss: 0.0793
epoch 33
train_loss: 0.0657
test_loss: 0.0797
epoch 34
train_loss: 0.0622
test_loss: 0.0795
epoch 35
train_loss: 0.0677
test_loss: 0.0933
epoch 36
train_loss: 0.0704
test_loss: 0.0797
epoch 37
train_loss: 0.0619
test_loss: 0.0882
epoch 38
train_loss: 0.0596
test_loss: 0.0866
epoch 39
train_loss: 0.0594
test_loss: 0.0809
epoch 40
train_loss: 0.0573
test_loss: 0.0840
epoch 41
train_loss: 0.0606
test_loss: 0.0881
epoch 42
train_loss: 0.0567
test_loss: 0.0825
epoch 43
train_loss: 0.0530
test_loss: 0.0867
epoch 44
train_loss: 0.0602
test_loss: 0.0793
epoch 45
train_loss: 0.0505
test_loss: 0.0848
epoch 46
train_loss: 0.0494
test_loss: 0.0884
epoch 47
train_loss: 0.0508
test_loss: 0.0830
epoch 48
train_loss: 0.0499
test_loss: 0.0830
epoch 49
train_loss: 0.0490
test_loss: 0.0843
/home/xueqiong/noise_injection_uncertainty/regression/utils.py:39: FutureWarning: The 'delim_whitespace' keyword in pd.read_csv is deprecated and will be removed in a future version. Use ``sep='\s+'`` instead
  return pd.read_csv(dataset_path, engine='python', header=None, delim_whitespace=True)
13 1
405 101 506
model_name noisyFCN
using Adam as optimizer
epoch 0
train_loss: 0.7522
test_loss: 0.5472
epoch 1
train_loss: 0.4187
test_loss: 0.3374
epoch 2
train_loss: 0.2813
test_loss: 0.1696
epoch 3
train_loss: 0.2257
test_loss: 0.1244
epoch 4
train_loss: 0.1944
test_loss: 0.1046
epoch 5
train_loss: 0.1748
test_loss: 0.0904
epoch 6
train_loss: 0.1606
test_loss: 0.0813
epoch 7
train_loss: 0.1499
test_loss: 0.0790
epoch 8
train_loss: 0.1411
test_loss: 0.0764
epoch 9
train_loss: 0.1321
test_loss: 0.0741
epoch 10
train_loss: 0.1245
test_loss: 0.0720
epoch 11
train_loss: 0.1172
test_loss: 0.0713
epoch 12
train_loss: 0.1117
test_loss: 0.0701
epoch 13
train_loss: 0.1077
test_loss: 0.0710
epoch 14
train_loss: 0.1038
test_loss: 0.0719
epoch 15
train_loss: 0.1001
test_loss: 0.0724
epoch 16
train_loss: 0.0966
test_loss: 0.0724
epoch 17
train_loss: 0.0934
test_loss: 0.0720
epoch 18
train_loss: 0.0899
test_loss: 0.0718
epoch 19
train_loss: 0.0867
test_loss: 0.0718
epoch 20
train_loss: 0.0843
test_loss: 0.0720
epoch 21
train_loss: 0.0813
test_loss: 0.0725
epoch 22
train_loss: 0.0787
test_loss: 0.0730
epoch 23
train_loss: 0.0765
test_loss: 0.0730
epoch 24
train_loss: 0.0741
test_loss: 0.0739
epoch 25
train_loss: 0.0719
test_loss: 0.0742
epoch 26
train_loss: 0.0699
test_loss: 0.0754
epoch 27
train_loss: 0.0675
test_loss: 0.0755
epoch 28
train_loss: 0.0661
test_loss: 0.0762
epoch 29
train_loss: 0.0657
test_loss: 0.0770
epoch 30
train_loss: 0.0628
test_loss: 0.0764
epoch 31
train_loss: 0.0610
test_loss: 0.0774
epoch 32
train_loss: 0.0597
test_loss: 0.0770
epoch 33
train_loss: 0.0579
test_loss: 0.0782
epoch 34
train_loss: 0.0565
test_loss: 0.0775
epoch 35
train_loss: 0.0550
test_loss: 0.0788
epoch 36
train_loss: 0.0544
test_loss: 0.0782
epoch 37
train_loss: 0.0526
test_loss: 0.0793
epoch 38
train_loss: 0.0517
test_loss: 0.0785
epoch 39
train_loss: 0.0510
test_loss: 0.0790
epoch 40
train_loss: 0.0494
test_loss: 0.0791
epoch 41
train_loss: 0.0486
test_loss: 0.0799
epoch 42
train_loss: 0.0473
test_loss: 0.0801
epoch 43
train_loss: 0.0463
test_loss: 0.0809
epoch 44
train_loss: 0.0456
test_loss: 0.0808
epoch 45
train_loss: 0.0449
test_loss: 0.0809
epoch 46
train_loss: 0.0439
test_loss: 0.0808
epoch 47
train_loss: 0.0432
test_loss: 0.0808
epoch 48
train_loss: 0.0423
test_loss: 0.0798
epoch 49
train_loss: 0.0417
test_loss: 0.0808
epoch 50
train_loss: 0.0407
test_loss: 0.0808
epoch 51
train_loss: 0.0399
test_loss: 0.0814
epoch 52
train_loss: 0.0393
test_loss: 0.0806
epoch 53
train_loss: 0.0385
test_loss: 0.0812
epoch 54
train_loss: 0.0379
test_loss: 0.0819
epoch 55
train_loss: 0.0372
test_loss: 0.0819
epoch 56
train_loss: 0.0369
test_loss: 0.0822
epoch 57
train_loss: 0.0356
test_loss: 0.0840
epoch 58
train_loss: 0.0368
test_loss: 0.0826
epoch 59
train_loss: 0.0350
test_loss: 0.0847
epoch 60
train_loss: 0.0347
test_loss: 0.0839
epoch 61
train_loss: 0.0343
test_loss: 0.0847
epoch 62
train_loss: 0.0334
test_loss: 0.0856
epoch 63
train_loss: 0.0334
test_loss: 0.0857
epoch 64
train_loss: 0.0324
test_loss: 0.0858
epoch 65
train_loss: 0.0320
test_loss: 0.0861
epoch 66
train_loss: 0.0317
test_loss: 0.0873
epoch 67
train_loss: 0.0318
test_loss: 0.0870
epoch 68
train_loss: 0.0311
test_loss: 0.0877
epoch 69
train_loss: 0.0306
test_loss: 0.0879
epoch 70
train_loss: 0.0304
test_loss: 0.0880
epoch 71
train_loss: 0.0293
test_loss: 0.0875
epoch 72
train_loss: 0.0298
test_loss: 0.0886
epoch 73
train_loss: 0.0287
test_loss: 0.0890
epoch 74
train_loss: 0.0286
test_loss: 0.0897
epoch 75
train_loss: 0.0282
test_loss: 0.0897
epoch 76
train_loss: 0.0280
test_loss: 0.0900
epoch 77
train_loss: 0.0274
test_loss: 0.0897
epoch 78
train_loss: 0.0275
test_loss: 0.0912
epoch 79
train_loss: 0.0269
test_loss: 0.0894
epoch 80
train_loss: 0.0266
test_loss: 0.0910
epoch 81
train_loss: 0.0262
test_loss: 0.0915
epoch 82
train_loss: 0.0261
test_loss: 0.0914
epoch 83
train_loss: 0.0253
test_loss: 0.0922
epoch 84
train_loss: 0.0249
test_loss: 0.0915
epoch 85
train_loss: 0.0253
test_loss: 0.0923
epoch 86
train_loss: 0.0248
test_loss: 0.0917
epoch 87
train_loss: 0.0249
test_loss: 0.0921
epoch 88
train_loss: 0.0240
test_loss: 0.0919
epoch 89
train_loss: 0.0244
test_loss: 0.0905
epoch 90
train_loss: 0.0240
test_loss: 0.0913
epoch 91
train_loss: 0.0236
test_loss: 0.0924
epoch 92
train_loss: 0.0237
test_loss: 0.0921
epoch 93
train_loss: 0.0238
test_loss: 0.0912
epoch 94
train_loss: 0.0236
test_loss: 0.0929
epoch 95
train_loss: 0.0228
test_loss: 0.0932
epoch 96
train_loss: 0.0236
test_loss: 0.0909
epoch 97
train_loss: 0.0224
test_loss: 0.0936
epoch 98
train_loss: 0.0224
test_loss: 0.0945
epoch 99
train_loss: 0.0221
test_loss: 0.0931
epoch 100
train_loss: 0.0227
test_loss: 0.0912
epoch 101
train_loss: 0.0216
test_loss: 0.0920
epoch 102
train_loss: 0.0218
test_loss: 0.0934
epoch 103
train_loss: 0.0221
test_loss: 0.0927
epoch 104
train_loss: 0.0214
test_loss: 0.0944
epoch 105
train_loss: 0.0215
test_loss: 0.0947
epoch 106
train_loss: 0.0216
test_loss: 0.0942
epoch 107
train_loss: 0.0220
test_loss: 0.0932
epoch 108
train_loss: 0.0207
test_loss: 0.0916
epoch 109
train_loss: 0.0217
test_loss: 0.0932
/home/xueqiong/noise_injection_uncertainty/regression/utils.py:39: FutureWarning: The 'delim_whitespace' keyword in pd.read_csv is deprecated and will be removed in a future version. Use ``sep='\s+'`` instead
  return pd.read_csv(dataset_path, engine='python', header=None, delim_whitespace=True)
8 1
824 206 1030
model_name FCN
using Adam as optimizer
epoch 0
train_loss: 1.0123
test_loss: 1.0018
epoch 1
train_loss: 0.9638
test_loss: 0.9580
epoch 2
train_loss: 0.9197
test_loss: 0.9173
epoch 3
train_loss: 0.8778
test_loss: 0.8779
epoch 4
train_loss: 0.8372
test_loss: 0.8391
epoch 5
train_loss: 0.7970
test_loss: 0.8007
epoch 6
train_loss: 0.7570
test_loss: 0.7620
epoch 7
train_loss: 0.7171
test_loss: 0.7231
epoch 8
train_loss: 0.6774
test_loss: 0.6841
epoch 9
train_loss: 0.6385
test_loss: 0.6460
epoch 10
train_loss: 0.6011
test_loss: 0.6093
epoch 11
train_loss: 0.5660
test_loss: 0.5752
epoch 12
train_loss: 0.5338
test_loss: 0.5441
epoch 13
train_loss: 0.5049
test_loss: 0.5162
epoch 14
train_loss: 0.4795
test_loss: 0.4916
epoch 15
train_loss: 0.4574
test_loss: 0.4702
epoch 16
train_loss: 0.4383
test_loss: 0.4518
epoch 17
train_loss: 0.4219
test_loss: 0.4361
epoch 18
train_loss: 0.4079
test_loss: 0.4225
epoch 19
train_loss: 0.3957
test_loss: 0.4110
epoch 20
train_loss: 0.3850
test_loss: 0.4010
epoch 21
train_loss: 0.3754
test_loss: 0.3921
epoch 22
train_loss: 0.3668
test_loss: 0.3842
epoch 23
train_loss: 0.3588
test_loss: 0.3771
epoch 24
train_loss: 0.3513
test_loss: 0.3706
epoch 25
train_loss: 0.3442
test_loss: 0.3645
epoch 26
train_loss: 0.3374
test_loss: 0.3587
epoch 27
train_loss: 0.3309
test_loss: 0.3532
epoch 28
train_loss: 0.3248
test_loss: 0.3481
epoch 29
train_loss: 0.3188
test_loss: 0.3433
epoch 30
train_loss: 0.3130
test_loss: 0.3388
epoch 31
train_loss: 0.3075
test_loss: 0.3345
epoch 32
train_loss: 0.3021
test_loss: 0.3303
epoch 33
train_loss: 0.2969
test_loss: 0.3262
epoch 34
train_loss: 0.2918
test_loss: 0.3223
epoch 35
train_loss: 0.2868
test_loss: 0.3184
epoch 36
train_loss: 0.2820
test_loss: 0.3146
epoch 37
train_loss: 0.2773
test_loss: 0.3109
epoch 38
train_loss: 0.2727
test_loss: 0.3073
epoch 39
train_loss: 0.2682
test_loss: 0.3037
epoch 40
train_loss: 0.2638
test_loss: 0.3002
epoch 41
train_loss: 0.2596
test_loss: 0.2968
epoch 42
train_loss: 0.2555
test_loss: 0.2934
epoch 43
train_loss: 0.2516
test_loss: 0.2902
epoch 44
train_loss: 0.2478
test_loss: 0.2870
epoch 45
train_loss: 0.2441
test_loss: 0.2840
epoch 46
train_loss: 0.2406
test_loss: 0.2811
epoch 47
train_loss: 0.2372
test_loss: 0.2782
epoch 48
train_loss: 0.2339
test_loss: 0.2754
epoch 49
train_loss: 0.2307
test_loss: 0.2727
epoch 50
train_loss: 0.2277
test_loss: 0.2700
epoch 51
train_loss: 0.2247
test_loss: 0.2674
epoch 52
train_loss: 0.2219
test_loss: 0.2649
epoch 53
train_loss: 0.2191
test_loss: 0.2624
epoch 54
train_loss: 0.2165
test_loss: 0.2600
epoch 55
train_loss: 0.2139
test_loss: 0.2576
epoch 56
train_loss: 0.2114
test_loss: 0.2552
epoch 57
train_loss: 0.2090
test_loss: 0.2529
epoch 58
train_loss: 0.2066
test_loss: 0.2507
epoch 59
train_loss: 0.2043
test_loss: 0.2485
epoch 60
train_loss: 0.2021
test_loss: 0.2463
epoch 61
train_loss: 0.1999
test_loss: 0.2442
epoch 62
train_loss: 0.1978
test_loss: 0.2421
epoch 63
train_loss: 0.1957
test_loss: 0.2401
epoch 64
train_loss: 0.1937
test_loss: 0.2381
epoch 65
train_loss: 0.1918
test_loss: 0.2362
epoch 66
train_loss: 0.1898
test_loss: 0.2343
epoch 67
train_loss: 0.1880
test_loss: 0.2325
epoch 68
train_loss: 0.1862
test_loss: 0.2307
epoch 69
train_loss: 0.1845
test_loss: 0.2290
epoch 70
train_loss: 0.1828
test_loss: 0.2273
epoch 71
train_loss: 0.1812
test_loss: 0.2256
epoch 72
train_loss: 0.1797
test_loss: 0.2240
epoch 73
train_loss: 0.1781
test_loss: 0.2224
epoch 74
train_loss: 0.1766
test_loss: 0.2209
epoch 75
train_loss: 0.1751
test_loss: 0.2194
epoch 76
train_loss: 0.1737
test_loss: 0.2179
epoch 77
train_loss: 0.1723
test_loss: 0.2164
epoch 78
train_loss: 0.1709
test_loss: 0.2150
epoch 79
train_loss: 0.1696
test_loss: 0.2136
epoch 80
train_loss: 0.1683
test_loss: 0.2123
epoch 81
train_loss: 0.1670
test_loss: 0.2110
epoch 82
train_loss: 0.1657
test_loss: 0.2096
epoch 83
train_loss: 0.1645
test_loss: 0.2084
epoch 84
train_loss: 0.1633
test_loss: 0.2072
epoch 85
train_loss: 0.1621
test_loss: 0.2060
epoch 86
train_loss: 0.1610
test_loss: 0.2048
epoch 87
train_loss: 0.1599
test_loss: 0.2037
epoch 88
train_loss: 0.1587
test_loss: 0.2025
epoch 89
train_loss: 0.1576
test_loss: 0.2014
epoch 90
train_loss: 0.1566
test_loss: 0.2003
epoch 91
train_loss: 0.1556
test_loss: 0.1993
epoch 92
train_loss: 0.1546
test_loss: 0.1982
epoch 93
train_loss: 0.1536
test_loss: 0.1972
epoch 94
train_loss: 0.1526
test_loss: 0.1962
epoch 95
train_loss: 0.1517
test_loss: 0.1952
epoch 96
train_loss: 0.1508
test_loss: 0.1942
epoch 97
train_loss: 0.1498
test_loss: 0.1933
epoch 98
train_loss: 0.1489
test_loss: 0.1923
epoch 99
train_loss: 0.1480
test_loss: 0.1913
epoch 100
train_loss: 0.1472
test_loss: 0.1904
epoch 101
train_loss: 0.1463
test_loss: 0.1895
epoch 102
train_loss: 0.1454
test_loss: 0.1886
epoch 103
train_loss: 0.1446
test_loss: 0.1877
epoch 104
train_loss: 0.1438
test_loss: 0.1869
epoch 105
train_loss: 0.1430
test_loss: 0.1861
epoch 106
train_loss: 0.1422
test_loss: 0.1853
epoch 107
train_loss: 0.1414
test_loss: 0.1845
epoch 108
train_loss: 0.1406
test_loss: 0.1837
epoch 109
train_loss: 0.1399
test_loss: 0.1829
epoch 110
train_loss: 0.1392
test_loss: 0.1822
epoch 111
train_loss: 0.1384
test_loss: 0.1814
epoch 112
train_loss: 0.1377
test_loss: 0.1807
epoch 113
train_loss: 0.1370
test_loss: 0.1800
epoch 114
train_loss: 0.1363
test_loss: 0.1793
epoch 115
train_loss: 0.1356
test_loss: 0.1786
epoch 116
train_loss: 0.1350
test_loss: 0.1780
epoch 117
train_loss: 0.1343
test_loss: 0.1773
epoch 118
train_loss: 0.1336
test_loss: 0.1767
epoch 119
train_loss: 0.1330
test_loss: 0.1761
epoch 120
train_loss: 0.1323
test_loss: 0.1754
epoch 121
train_loss: 0.1317
test_loss: 0.1748
epoch 122
train_loss: 0.1310
test_loss: 0.1742
epoch 123
train_loss: 0.1304
test_loss: 0.1736
epoch 124
train_loss: 0.1298
test_loss: 0.1730
epoch 125
train_loss: 0.1292
test_loss: 0.1724
epoch 126
train_loss: 0.1286
test_loss: 0.1718
epoch 127
train_loss: 0.1280
test_loss: 0.1713
epoch 128
train_loss: 0.1274
test_loss: 0.1708
epoch 129
train_loss: 0.1268
test_loss: 0.1703
epoch 130
train_loss: 0.1262
test_loss: 0.1699
epoch 131
train_loss: 0.1256
test_loss: 0.1694
epoch 132
train_loss: 0.1251
test_loss: 0.1689
epoch 133
train_loss: 0.1245
test_loss: 0.1684
epoch 134
train_loss: 0.1239
test_loss: 0.1680
epoch 135
train_loss: 0.1234
test_loss: 0.1675
epoch 136
train_loss: 0.1228
test_loss: 0.1670
epoch 137
train_loss: 0.1223
test_loss: 0.1665
epoch 138
train_loss: 0.1217
test_loss: 0.1661
epoch 139
train_loss: 0.1212
test_loss: 0.1656
epoch 140
train_loss: 0.1207
test_loss: 0.1652
epoch 141
train_loss: 0.1202
test_loss: 0.1648
epoch 142
train_loss: 0.1197
test_loss: 0.1643
epoch 143
train_loss: 0.1192
test_loss: 0.1639
epoch 144
train_loss: 0.1187
test_loss: 0.1635
epoch 145
train_loss: 0.1182
test_loss: 0.1631
epoch 146
train_loss: 0.1177
test_loss: 0.1627
epoch 147
train_loss: 0.1172
test_loss: 0.1623
epoch 148
train_loss: 0.1167
test_loss: 0.1619
epoch 149
train_loss: 0.1162
test_loss: 0.1615
epoch 150
train_loss: 0.1158
test_loss: 0.1611
epoch 151
train_loss: 0.1153
test_loss: 0.1608
epoch 152
train_loss: 0.1148
test_loss: 0.1604
epoch 153
train_loss: 0.1144
test_loss: 0.1601
epoch 154
train_loss: 0.1139
test_loss: 0.1597
epoch 155
train_loss: 0.1134
test_loss: 0.1594
epoch 156
train_loss: 0.1130
test_loss: 0.1591
epoch 157
train_loss: 0.1125
test_loss: 0.1587
epoch 158
train_loss: 0.1120
test_loss: 0.1585
epoch 159
train_loss: 0.1116
test_loss: 0.1581
epoch 160
train_loss: 0.1111
test_loss: 0.1579
epoch 161
train_loss: 0.1106
test_loss: 0.1576
epoch 162
train_loss: 0.1101
test_loss: 0.1573
epoch 163
train_loss: 0.1096
test_loss: 0.1569
epoch 164
train_loss: 0.1092
test_loss: 0.1567
epoch 165
train_loss: 0.1088
test_loss: 0.1563
epoch 166
train_loss: 0.1084
test_loss: 0.1561
epoch 167
train_loss: 0.1080
test_loss: 0.1557
epoch 168
train_loss: 0.1075
test_loss: 0.1555
epoch 169
train_loss: 0.1071
test_loss: 0.1552
epoch 170
train_loss: 0.1067
test_loss: 0.1549
epoch 171
train_loss: 0.1063
test_loss: 0.1546
epoch 172
train_loss: 0.1060
test_loss: 0.1543
epoch 173
train_loss: 0.1056
test_loss: 0.1540
epoch 174
train_loss: 0.1052
test_loss: 0.1538
epoch 175
train_loss: 0.1048
test_loss: 0.1535
epoch 176
train_loss: 0.1044
test_loss: 0.1532
epoch 177
train_loss: 0.1041
test_loss: 0.1530
epoch 178
train_loss: 0.1037
test_loss: 0.1527
epoch 179
train_loss: 0.1033
test_loss: 0.1524
epoch 180
train_loss: 0.1030
test_loss: 0.1522
epoch 181
train_loss: 0.1026
test_loss: 0.1519
epoch 182
train_loss: 0.1022
test_loss: 0.1517
epoch 183
train_loss: 0.1019
test_loss: 0.1514
epoch 184
train_loss: 0.1015
test_loss: 0.1512
epoch 185
train_loss: 0.1012
test_loss: 0.1509
epoch 186
train_loss: 0.1008
test_loss: 0.1508
epoch 187
train_loss: 0.1005
test_loss: 0.1505
epoch 188
train_loss: 0.1002
test_loss: 0.1503
epoch 189
train_loss: 0.0998
test_loss: 0.1501
epoch 190
train_loss: 0.0995
test_loss: 0.1500
epoch 191
train_loss: 0.0991
test_loss: 0.1497
epoch 192
train_loss: 0.0988
test_loss: 0.1495
epoch 193
train_loss: 0.0985
test_loss: 0.1494
epoch 194
train_loss: 0.0981
test_loss: 0.1491
epoch 195
train_loss: 0.0978
test_loss: 0.1490
epoch 196
train_loss: 0.0975
test_loss: 0.1488
epoch 197
train_loss: 0.0972
test_loss: 0.1486
epoch 198
train_loss: 0.0969
test_loss: 0.1485
epoch 199
train_loss: 0.0965
test_loss: 0.1483
epoch 200
train_loss: 0.0962
test_loss: 0.1481
epoch 201
train_loss: 0.0959
test_loss: 0.1480
epoch 202
train_loss: 0.0956
test_loss: 0.1478
epoch 203
train_loss: 0.0953
test_loss: 0.1476
epoch 204
train_loss: 0.0950
test_loss: 0.1475
epoch 205
train_loss: 0.0947
test_loss: 0.1473
epoch 206
train_loss: 0.0944
test_loss: 0.1471
epoch 207
train_loss: 0.0941
test_loss: 0.1470
epoch 208
train_loss: 0.0938
test_loss: 0.1469
epoch 209
train_loss: 0.0935
test_loss: 0.1467
epoch 210
train_loss: 0.0932
test_loss: 0.1465
epoch 211
train_loss: 0.0929
test_loss: 0.1464
epoch 212
train_loss: 0.0926
test_loss: 0.1462
epoch 213
train_loss: 0.0923
test_loss: 0.1461
epoch 214
train_loss: 0.0920
test_loss: 0.1460
epoch 215
train_loss: 0.0918
test_loss: 0.1458
epoch 216
train_loss: 0.0915
test_loss: 0.1457
epoch 217
train_loss: 0.0912
test_loss: 0.1455
epoch 218
train_loss: 0.0909
test_loss: 0.1454
epoch 219
train_loss: 0.0907
test_loss: 0.1452
epoch 220
train_loss: 0.0904
test_loss: 0.1451
epoch 221
train_loss: 0.0901
test_loss: 0.1449
epoch 222
train_loss: 0.0899
test_loss: 0.1448
epoch 223
train_loss: 0.0896
test_loss: 0.1447
epoch 224
train_loss: 0.0893
test_loss: 0.1445
epoch 225
train_loss: 0.0891
test_loss: 0.1444
epoch 226
train_loss: 0.0888
test_loss: 0.1443
epoch 227
train_loss: 0.0885
test_loss: 0.1441
epoch 228
train_loss: 0.0883
test_loss: 0.1439
epoch 229
train_loss: 0.0880
test_loss: 0.1438
epoch 230
train_loss: 0.0878
test_loss: 0.1437
epoch 231
train_loss: 0.0875
test_loss: 0.1435
epoch 232
train_loss: 0.0873
test_loss: 0.1434
epoch 233
train_loss: 0.0870
test_loss: 0.1432
epoch 234
train_loss: 0.0868
test_loss: 0.1431
epoch 235
train_loss: 0.0866
test_loss: 0.1430
epoch 236
train_loss: 0.0863
test_loss: 0.1429
epoch 237
train_loss: 0.0861
test_loss: 0.1427
epoch 238
train_loss: 0.0858
test_loss: 0.1425
epoch 239
train_loss: 0.0856
test_loss: 0.1424
epoch 240
train_loss: 0.0854
test_loss: 0.1422
epoch 241
train_loss: 0.0851
test_loss: 0.1421
epoch 242
train_loss: 0.0849
test_loss: 0.1420
epoch 243
train_loss: 0.0847
test_loss: 0.1419
epoch 244
train_loss: 0.0844
test_loss: 0.1417
epoch 245
train_loss: 0.0842
test_loss: 0.1416
epoch 246
train_loss: 0.0840
test_loss: 0.1415
epoch 247
train_loss: 0.0838
test_loss: 0.1414
epoch 248
train_loss: 0.0835
test_loss: 0.1413
epoch 249
train_loss: 0.0833
test_loss: 0.1412
epoch 250
train_loss: 0.0831
test_loss: 0.1411
epoch 251
train_loss: 0.0828
test_loss: 0.1409
epoch 252
train_loss: 0.0826
test_loss: 0.1408
epoch 253
train_loss: 0.0824
test_loss: 0.1407
epoch 254
train_loss: 0.0822
test_loss: 0.1406
epoch 255
train_loss: 0.0820
test_loss: 0.1404
epoch 256
train_loss: 0.0817
test_loss: 0.1403
epoch 257
train_loss: 0.0815
test_loss: 0.1402
epoch 258
train_loss: 0.0813
test_loss: 0.1401
epoch 259
train_loss: 0.0811
test_loss: 0.1400
epoch 260
train_loss: 0.0809
test_loss: 0.1399
epoch 261
train_loss: 0.0807
test_loss: 0.1398
epoch 262
train_loss: 0.0804
test_loss: 0.1397
epoch 263
train_loss: 0.0802
test_loss: 0.1396
epoch 264
train_loss: 0.0800
test_loss: 0.1396
epoch 265
train_loss: 0.0798
test_loss: 0.1394
epoch 266
train_loss: 0.0796
test_loss: 0.1393
epoch 267
train_loss: 0.0794
test_loss: 0.1392
epoch 268
train_loss: 0.0792
test_loss: 0.1391
epoch 269
train_loss: 0.0790
test_loss: 0.1390
epoch 270
train_loss: 0.0788
test_loss: 0.1389
epoch 271
train_loss: 0.0786
test_loss: 0.1388
epoch 272
train_loss: 0.0784
test_loss: 0.1389
epoch 273
train_loss: 0.0782
test_loss: 0.1387
epoch 274
train_loss: 0.0780
test_loss: 0.1387
epoch 275
train_loss: 0.0778
test_loss: 0.1387
epoch 276
train_loss: 0.0776
test_loss: 0.1385
epoch 277
train_loss: 0.0775
test_loss: 0.1384
epoch 278
train_loss: 0.0773
test_loss: 0.1384
epoch 279
train_loss: 0.0771
test_loss: 0.1384
epoch 280
train_loss: 0.0769
test_loss: 0.1383
epoch 281
train_loss: 0.0767
test_loss: 0.1382
epoch 282
train_loss: 0.0765
test_loss: 0.1382
epoch 283
train_loss: 0.0764
test_loss: 0.1381
epoch 284
train_loss: 0.0762
test_loss: 0.1381
epoch 285
train_loss: 0.0760
test_loss: 0.1381
epoch 286
train_loss: 0.0758
test_loss: 0.1380
epoch 287
train_loss: 0.0757
test_loss: 0.1380
epoch 288
train_loss: 0.0755
test_loss: 0.1379
epoch 289
train_loss: 0.0753
test_loss: 0.1379
epoch 290
train_loss: 0.0752
test_loss: 0.1378
epoch 291
train_loss: 0.0750
test_loss: 0.1377
epoch 292
train_loss: 0.0748
test_loss: 0.1377
epoch 293
train_loss: 0.0747
test_loss: 0.1376
epoch 294
train_loss: 0.0745
test_loss: 0.1376
epoch 295
train_loss: 0.0743
test_loss: 0.1375
epoch 296
train_loss: 0.0742
test_loss: 0.1375
epoch 297
train_loss: 0.0740
test_loss: 0.1374
epoch 298
train_loss: 0.0738
test_loss: 0.1373
epoch 299
train_loss: 0.0737
test_loss: 0.1372
epoch 300
train_loss: 0.0735
test_loss: 0.1373
epoch 301
train_loss: 0.0733
test_loss: 0.1372
epoch 302
train_loss: 0.0732
test_loss: 0.1371
epoch 303
train_loss: 0.0730
test_loss: 0.1371
epoch 304
train_loss: 0.0729
test_loss: 0.1370
epoch 305
train_loss: 0.0727
test_loss: 0.1370
epoch 306
train_loss: 0.0725
test_loss: 0.1369
epoch 307
train_loss: 0.0724
test_loss: 0.1369
epoch 308
train_loss: 0.0722
test_loss: 0.1368
epoch 309
train_loss: 0.0721
test_loss: 0.1368
epoch 310
train_loss: 0.0719
test_loss: 0.1368
epoch 311
train_loss: 0.0717
test_loss: 0.1367
epoch 312
train_loss: 0.0716
test_loss: 0.1367
epoch 313
train_loss: 0.0714
test_loss: 0.1367
epoch 314
train_loss: 0.0713
test_loss: 0.1366
epoch 315
train_loss: 0.0711
test_loss: 0.1366
epoch 316
train_loss: 0.0710
test_loss: 0.1365
epoch 317
train_loss: 0.0708
test_loss: 0.1364
epoch 318
train_loss: 0.0707
test_loss: 0.1364
epoch 319
train_loss: 0.0705
test_loss: 0.1364
epoch 320
train_loss: 0.0704
test_loss: 0.1363
epoch 321
train_loss: 0.0702
test_loss: 0.1363
epoch 322
train_loss: 0.0701
test_loss: 0.1363
epoch 323
train_loss: 0.0699
test_loss: 0.1362
epoch 324
train_loss: 0.0698
test_loss: 0.1362
epoch 325
train_loss: 0.0696
test_loss: 0.1361
epoch 326
train_loss: 0.0695
test_loss: 0.1361
epoch 327
train_loss: 0.0693
test_loss: 0.1360
epoch 328
train_loss: 0.0692
test_loss: 0.1360
epoch 329
train_loss: 0.0690
test_loss: 0.1360
epoch 330
train_loss: 0.0689
test_loss: 0.1359
epoch 331
train_loss: 0.0687
test_loss: 0.1359
epoch 332
train_loss: 0.0686
test_loss: 0.1359
epoch 333
train_loss: 0.0685
test_loss: 0.1358
epoch 334
train_loss: 0.0683
test_loss: 0.1358
epoch 335
train_loss: 0.0682
test_loss: 0.1358
epoch 336
train_loss: 0.0680
test_loss: 0.1357
epoch 337
train_loss: 0.0679
test_loss: 0.1357
epoch 338
train_loss: 0.0678
test_loss: 0.1357
epoch 339
train_loss: 0.0676
test_loss: 0.1356
epoch 340
train_loss: 0.0675
test_loss: 0.1356
epoch 341
train_loss: 0.0674
test_loss: 0.1355
epoch 342
train_loss: 0.0672
test_loss: 0.1355
epoch 343
train_loss: 0.0671
test_loss: 0.1355
epoch 344
train_loss: 0.0670
test_loss: 0.1355
epoch 345
train_loss: 0.0668
test_loss: 0.1355
epoch 346
train_loss: 0.0667
test_loss: 0.1354
epoch 347
train_loss: 0.0666
test_loss: 0.1354
epoch 348
train_loss: 0.0665
test_loss: 0.1354
epoch 349
train_loss: 0.0663
test_loss: 0.1353
epoch 350
train_loss: 0.0662
test_loss: 0.1353
epoch 351
train_loss: 0.0661
test_loss: 0.1353
epoch 352
train_loss: 0.0659
test_loss: 0.1352
epoch 353
train_loss: 0.0658
test_loss: 0.1352
epoch 354
train_loss: 0.0657
test_loss: 0.1351
epoch 355
train_loss: 0.0656
test_loss: 0.1352
epoch 356
train_loss: 0.0654
test_loss: 0.1351
epoch 357
train_loss: 0.0653
test_loss: 0.1351
epoch 358
train_loss: 0.0652
test_loss: 0.1350
epoch 359
train_loss: 0.0651
test_loss: 0.1350
epoch 360
train_loss: 0.0649
test_loss: 0.1350
epoch 361
train_loss: 0.0648
test_loss: 0.1350
epoch 362
train_loss: 0.0647
test_loss: 0.1350
epoch 363
train_loss: 0.0646
test_loss: 0.1349
epoch 364
train_loss: 0.0645
test_loss: 0.1350
epoch 365
train_loss: 0.0644
test_loss: 0.1350
epoch 366
train_loss: 0.0642
test_loss: 0.1349
epoch 367
train_loss: 0.0641
test_loss: 0.1349
epoch 368
train_loss: 0.0640
test_loss: 0.1348
epoch 369
train_loss: 0.0639
test_loss: 0.1348
epoch 370
train_loss: 0.0638
test_loss: 0.1348
epoch 371
train_loss: 0.0637
test_loss: 0.1348
epoch 372
train_loss: 0.0636
test_loss: 0.1347
epoch 373
train_loss: 0.0635
test_loss: 0.1347
epoch 374
train_loss: 0.0634
test_loss: 0.1347
epoch 375
train_loss: 0.0632
test_loss: 0.1346
epoch 376
train_loss: 0.0631
test_loss: 0.1347
epoch 377
train_loss: 0.0630
test_loss: 0.1346
epoch 378
train_loss: 0.0629
test_loss: 0.1346
epoch 379
train_loss: 0.0628
test_loss: 0.1346
epoch 380
train_loss: 0.0627
test_loss: 0.1346
epoch 381
train_loss: 0.0626
test_loss: 0.1346
epoch 382
train_loss: 0.0625
test_loss: 0.1345
epoch 383
train_loss: 0.0624
test_loss: 0.1345
epoch 384
train_loss: 0.0623
test_loss: 0.1345
epoch 385
train_loss: 0.0622
test_loss: 0.1345
epoch 386
train_loss: 0.0621
test_loss: 0.1344
epoch 387
train_loss: 0.0620
test_loss: 0.1344
epoch 388
train_loss: 0.0619
test_loss: 0.1344
epoch 389
train_loss: 0.0618
test_loss: 0.1344
epoch 390
train_loss: 0.0617
test_loss: 0.1344
epoch 391
train_loss: 0.0616
test_loss: 0.1344
epoch 392
train_loss: 0.0615
test_loss: 0.1343
epoch 393
train_loss: 0.0614
test_loss: 0.1343
epoch 394
train_loss: 0.0613
test_loss: 0.1344
epoch 395
train_loss: 0.0612
test_loss: 0.1343
epoch 396
train_loss: 0.0611
test_loss: 0.1344
epoch 397
train_loss: 0.0610
test_loss: 0.1343
epoch 398
train_loss: 0.0609
test_loss: 0.1343
epoch 399
train_loss: 0.0608
test_loss: 0.1343
epoch 400
train_loss: 0.0607
test_loss: 0.1344
epoch 401
train_loss: 0.0606
test_loss: 0.1343
epoch 402
train_loss: 0.0605
test_loss: 0.1343
epoch 403
train_loss: 0.0604
test_loss: 0.1343
epoch 404
train_loss: 0.0603
test_loss: 0.1343
epoch 405
train_loss: 0.0602
test_loss: 0.1342
epoch 406
train_loss: 0.0601
test_loss: 0.1343
epoch 407
train_loss: 0.0600
test_loss: 0.1342
epoch 408
train_loss: 0.0599
test_loss: 0.1343
epoch 409
train_loss: 0.0598
test_loss: 0.1342
epoch 410
train_loss: 0.0597
test_loss: 0.1343
epoch 411
train_loss: 0.0596
test_loss: 0.1343
epoch 412
train_loss: 0.0595
test_loss: 0.1342
epoch 413
train_loss: 0.0595
test_loss: 0.1343
epoch 414
train_loss: 0.0594
test_loss: 0.1342
epoch 415
train_loss: 0.0593
test_loss: 0.1342
epoch 416
train_loss: 0.0592
test_loss: 0.1342
epoch 417
train_loss: 0.0591
test_loss: 0.1342
epoch 418
train_loss: 0.0590
test_loss: 0.1342
epoch 419
train_loss: 0.0589
test_loss: 0.1342
epoch 420
train_loss: 0.0588
test_loss: 0.1341
epoch 421
train_loss: 0.0587
test_loss: 0.1341
epoch 422
train_loss: 0.0586
test_loss: 0.1342
epoch 423
train_loss: 0.0586
test_loss: 0.1341
epoch 424
train_loss: 0.0585
test_loss: 0.1341
epoch 425
train_loss: 0.0584
test_loss: 0.1341
epoch 426
train_loss: 0.0583
test_loss: 0.1341
epoch 427
train_loss: 0.0582
test_loss: 0.1340
epoch 428
train_loss: 0.0581
test_loss: 0.1341
epoch 429
train_loss: 0.0580
test_loss: 0.1340
epoch 430
train_loss: 0.0579
test_loss: 0.1340
epoch 431
train_loss: 0.0579
test_loss: 0.1340
epoch 432
train_loss: 0.0578
test_loss: 0.1340
epoch 433
train_loss: 0.0577
test_loss: 0.1340
epoch 434
train_loss: 0.0576
test_loss: 0.1340
epoch 435
train_loss: 0.0575
test_loss: 0.1340
epoch 436
train_loss: 0.0575
test_loss: 0.1340
epoch 437
train_loss: 0.0574
test_loss: 0.1340
epoch 438
train_loss: 0.0573
test_loss: 0.1339
epoch 439
train_loss: 0.0572
test_loss: 0.1339
epoch 440
train_loss: 0.0571
test_loss: 0.1340
epoch 441
train_loss: 0.0571
test_loss: 0.1340
epoch 442
train_loss: 0.0570
test_loss: 0.1339
epoch 443
train_loss: 0.0569
test_loss: 0.1340
epoch 444
train_loss: 0.0568
test_loss: 0.1340
epoch 445
train_loss: 0.0568
test_loss: 0.1339
epoch 446
train_loss: 0.0567
test_loss: 0.1339
epoch 447
train_loss: 0.0566
test_loss: 0.1339
epoch 448
train_loss: 0.0565
test_loss: 0.1339
epoch 449
train_loss: 0.0565
test_loss: 0.1339
epoch 450
train_loss: 0.0564
test_loss: 0.1339
epoch 451
train_loss: 0.0563
test_loss: 0.1339
epoch 452
train_loss: 0.0562
test_loss: 0.1339
epoch 453
train_loss: 0.0562
test_loss: 0.1339
epoch 454
train_loss: 0.0561
test_loss: 0.1339
epoch 455
train_loss: 0.0560
test_loss: 0.1339
epoch 456
train_loss: 0.0559
test_loss: 0.1339
epoch 457
train_loss: 0.0559
test_loss: 0.1339
epoch 458
train_loss: 0.0558
test_loss: 0.1339
epoch 459
train_loss: 0.0557
test_loss: 0.1339
epoch 460
train_loss: 0.0556
test_loss: 0.1339
epoch 461
train_loss: 0.0556
test_loss: 0.1338
epoch 462
train_loss: 0.0555
test_loss: 0.1338
epoch 463
train_loss: 0.0554
test_loss: 0.1338
epoch 464
train_loss: 0.0553
test_loss: 0.1338
epoch 465
train_loss: 0.0553
test_loss: 0.1338
epoch 466
train_loss: 0.0552
test_loss: 0.1339
epoch 467
train_loss: 0.0551
test_loss: 0.1339
epoch 468
train_loss: 0.0551
test_loss: 0.1338
epoch 469
train_loss: 0.0550
test_loss: 0.1338
epoch 470
train_loss: 0.0549
test_loss: 0.1338
epoch 471
train_loss: 0.0548
test_loss: 0.1339
epoch 472
train_loss: 0.0548
test_loss: 0.1338
epoch 473
train_loss: 0.0547
test_loss: 0.1338
epoch 474
train_loss: 0.0546
test_loss: 0.1338
epoch 475
train_loss: 0.0546
test_loss: 0.1337
epoch 476
train_loss: 0.0545
test_loss: 0.1338
epoch 477
train_loss: 0.0544
test_loss: 0.1338
epoch 478
train_loss: 0.0543
test_loss: 0.1337
epoch 479
train_loss: 0.0543
test_loss: 0.1338
epoch 480
train_loss: 0.0542
test_loss: 0.1338
epoch 481
train_loss: 0.0541
test_loss: 0.1337
epoch 482
train_loss: 0.0541
test_loss: 0.1337
epoch 483
train_loss: 0.0540
test_loss: 0.1337
epoch 484
train_loss: 0.0539
test_loss: 0.1338
epoch 485
train_loss: 0.0538
test_loss: 0.1337
epoch 486
train_loss: 0.0538
test_loss: 0.1337
epoch 487
train_loss: 0.0537
test_loss: 0.1337
epoch 488
train_loss: 0.0536
test_loss: 0.1337
epoch 489
train_loss: 0.0536
test_loss: 0.1337
epoch 490
train_loss: 0.0535
test_loss: 0.1337
epoch 491
train_loss: 0.0534
test_loss: 0.1337
epoch 492
train_loss: 0.0534
test_loss: 0.1337
epoch 493
train_loss: 0.0533
test_loss: 0.1337
epoch 494
train_loss: 0.0532
test_loss: 0.1337
epoch 495
train_loss: 0.0532
test_loss: 0.1337
epoch 496
train_loss: 0.0531
test_loss: 0.1337
epoch 497
train_loss: 0.0530
test_loss: 0.1337
epoch 498
train_loss: 0.0530
test_loss: 0.1336
epoch 499
train_loss: 0.0529
test_loss: 0.1337
epoch 500
train_loss: 0.0529
test_loss: 0.1337
epoch 501
train_loss: 0.0528
test_loss: 0.1336
epoch 502
train_loss: 0.0527
test_loss: 0.1336
epoch 503
train_loss: 0.0526
test_loss: 0.1336
epoch 504
train_loss: 0.0526
test_loss: 0.1337
epoch 505
train_loss: 0.0525
test_loss: 0.1336
epoch 506
train_loss: 0.0524
test_loss: 0.1336
epoch 507
train_loss: 0.0524
test_loss: 0.1336
epoch 508
train_loss: 0.0523
test_loss: 0.1336
epoch 509
train_loss: 0.0523
test_loss: 0.1336
epoch 510
train_loss: 0.0522
test_loss: 0.1336
epoch 511
train_loss: 0.0521
test_loss: 0.1336
epoch 512
train_loss: 0.0521
test_loss: 0.1335
epoch 513
train_loss: 0.0520
test_loss: 0.1335
epoch 514
train_loss: 0.0519
test_loss: 0.1335
epoch 515
train_loss: 0.0519
test_loss: 0.1335
epoch 516
train_loss: 0.0518
test_loss: 0.1335
epoch 517
train_loss: 0.0517
test_loss: 0.1335
epoch 518
train_loss: 0.0517
test_loss: 0.1335
epoch 519
train_loss: 0.0516
test_loss: 0.1335
epoch 520
train_loss: 0.0516
test_loss: 0.1336
epoch 521
train_loss: 0.0515
test_loss: 0.1335
epoch 522
train_loss: 0.0514
test_loss: 0.1335
epoch 523
train_loss: 0.0514
test_loss: 0.1336
epoch 524
train_loss: 0.0513
test_loss: 0.1335
epoch 525
train_loss: 0.0512
test_loss: 0.1335
epoch 526
train_loss: 0.0512
test_loss: 0.1336
epoch 527
train_loss: 0.0511
test_loss: 0.1336
epoch 528
train_loss: 0.0511
test_loss: 0.1335
epoch 529
train_loss: 0.0510
test_loss: 0.1336
epoch 530
train_loss: 0.0509
test_loss: 0.1335
epoch 531
train_loss: 0.0509
test_loss: 0.1336
epoch 532
train_loss: 0.0508
test_loss: 0.1335
epoch 533
train_loss: 0.0508
test_loss: 0.1335
epoch 534
train_loss: 0.0507
test_loss: 0.1336
epoch 535
train_loss: 0.0507
test_loss: 0.1335
epoch 536
train_loss: 0.0506
test_loss: 0.1334
epoch 537
train_loss: 0.0505
test_loss: 0.1335
epoch 538
train_loss: 0.0505
test_loss: 0.1335
epoch 539
train_loss: 0.0504
test_loss: 0.1335
epoch 540
train_loss: 0.0504
test_loss: 0.1334
epoch 541
train_loss: 0.0503
test_loss: 0.1334
epoch 542
train_loss: 0.0503
test_loss: 0.1334
epoch 543
train_loss: 0.0502
test_loss: 0.1335
epoch 544
train_loss: 0.0502
test_loss: 0.1334
epoch 545
train_loss: 0.0501
test_loss: 0.1334
epoch 546
train_loss: 0.0501
test_loss: 0.1334
epoch 547
train_loss: 0.0500
test_loss: 0.1334
epoch 548
train_loss: 0.0500
test_loss: 0.1334
epoch 549
train_loss: 0.0499
test_loss: 0.1334
epoch 550
train_loss: 0.0498
test_loss: 0.1333
epoch 551
train_loss: 0.0498
test_loss: 0.1334
epoch 552
train_loss: 0.0497
test_loss: 0.1333
epoch 553
train_loss: 0.0497
test_loss: 0.1334
epoch 554
train_loss: 0.0496
test_loss: 0.1334
epoch 555
train_loss: 0.0496
test_loss: 0.1333
epoch 556
train_loss: 0.0495
test_loss: 0.1334
epoch 557
train_loss: 0.0495
test_loss: 0.1333
epoch 558
train_loss: 0.0494
test_loss: 0.1334
epoch 559
train_loss: 0.0494
test_loss: 0.1333
epoch 560
train_loss: 0.0493
test_loss: 0.1333
epoch 561
train_loss: 0.0493
test_loss: 0.1333
epoch 562
train_loss: 0.0492
test_loss: 0.1333
epoch 563
train_loss: 0.0492
test_loss: 0.1333
epoch 564
train_loss: 0.0491
test_loss: 0.1334
epoch 565
train_loss: 0.0491
test_loss: 0.1333
epoch 566
train_loss: 0.0490
test_loss: 0.1333
epoch 567
train_loss: 0.0490
test_loss: 0.1333
epoch 568
train_loss: 0.0490
test_loss: 0.1333
epoch 569
train_loss: 0.0489
test_loss: 0.1333
epoch 570
train_loss: 0.0488
test_loss: 0.1333
epoch 571
train_loss: 0.0488
test_loss: 0.1333
epoch 572
train_loss: 0.0487
test_loss: 0.1333
epoch 573
train_loss: 0.0487
test_loss: 0.1333
epoch 574
train_loss: 0.0487
test_loss: 0.1333
epoch 575
train_loss: 0.0486
test_loss: 0.1332
epoch 576
train_loss: 0.0486
test_loss: 0.1332
epoch 577
train_loss: 0.0485
test_loss: 0.1333
epoch 578
train_loss: 0.0485
test_loss: 0.1332
epoch 579
train_loss: 0.0484
test_loss: 0.1332
epoch 580
train_loss: 0.0484
test_loss: 0.1332
epoch 581
train_loss: 0.0483
test_loss: 0.1333
epoch 582
train_loss: 0.0483
test_loss: 0.1332
epoch 583
train_loss: 0.0482
test_loss: 0.1332
epoch 584
train_loss: 0.0482
test_loss: 0.1333
epoch 585
train_loss: 0.0481
test_loss: 0.1332
epoch 586
train_loss: 0.0481
test_loss: 0.1333
epoch 587
train_loss: 0.0481
test_loss: 0.1332
epoch 588
train_loss: 0.0480
test_loss: 0.1332
epoch 589
train_loss: 0.0480
test_loss: 0.1332
epoch 590
train_loss: 0.0479
test_loss: 0.1332
epoch 591
train_loss: 0.0479
test_loss: 0.1332
epoch 592
train_loss: 0.0478
test_loss: 0.1332
epoch 593
train_loss: 0.0478
test_loss: 0.1333
epoch 594
train_loss: 0.0477
test_loss: 0.1332
epoch 595
train_loss: 0.0477
test_loss: 0.1332
epoch 596
train_loss: 0.0477
test_loss: 0.1332
epoch 597
train_loss: 0.0476
test_loss: 0.1332
epoch 598
train_loss: 0.0476
test_loss: 0.1331
epoch 599
train_loss: 0.0475
test_loss: 0.1332
epoch 600
train_loss: 0.0475
test_loss: 0.1332
epoch 601
train_loss: 0.0474
test_loss: 0.1331
epoch 602
train_loss: 0.0474
test_loss: 0.1331
epoch 603
train_loss: 0.0473
test_loss: 0.1330
epoch 604
train_loss: 0.0473
test_loss: 0.1331
epoch 605
train_loss: 0.0473
test_loss: 0.1330
epoch 606
train_loss: 0.0472
test_loss: 0.1330
epoch 607
train_loss: 0.0472
test_loss: 0.1330
epoch 608
train_loss: 0.0471
test_loss: 0.1330
epoch 609
train_loss: 0.0471
test_loss: 0.1331
epoch 610
train_loss: 0.0471
test_loss: 0.1331
epoch 611
train_loss: 0.0470
test_loss: 0.1330
epoch 612
train_loss: 0.0470
test_loss: 0.1330
epoch 613
train_loss: 0.0469
test_loss: 0.1330
epoch 614
train_loss: 0.0469
test_loss: 0.1329
epoch 615
train_loss: 0.0468
test_loss: 0.1329
epoch 616
train_loss: 0.0468
test_loss: 0.1329
epoch 617
train_loss: 0.0468
test_loss: 0.1329
epoch 618
train_loss: 0.0467
test_loss: 0.1328
epoch 619
train_loss: 0.0467
test_loss: 0.1329
epoch 620
train_loss: 0.0466
test_loss: 0.1328
epoch 621
train_loss: 0.0466
test_loss: 0.1328
epoch 622
train_loss: 0.0466
test_loss: 0.1328
epoch 623
train_loss: 0.0465
test_loss: 0.1327
epoch 624
train_loss: 0.0465
test_loss: 0.1328
epoch 625
train_loss: 0.0464
test_loss: 0.1327
epoch 626
train_loss: 0.0464
test_loss: 0.1327
epoch 627
train_loss: 0.0464
test_loss: 0.1326
epoch 628
train_loss: 0.0463
test_loss: 0.1327
epoch 629
train_loss: 0.0463
test_loss: 0.1327
epoch 630
train_loss: 0.0462
test_loss: 0.1326
epoch 631
train_loss: 0.0462
test_loss: 0.1327
epoch 632
train_loss: 0.0462
test_loss: 0.1325
epoch 633
train_loss: 0.0461
test_loss: 0.1326
epoch 634
train_loss: 0.0461
test_loss: 0.1325
epoch 635
train_loss: 0.0460
test_loss: 0.1325
epoch 636
train_loss: 0.0460
test_loss: 0.1325
epoch 637
train_loss: 0.0460
test_loss: 0.1325
epoch 638
train_loss: 0.0459
test_loss: 0.1325
epoch 639
train_loss: 0.0459
test_loss: 0.1324
epoch 640
train_loss: 0.0458
test_loss: 0.1324
epoch 641
train_loss: 0.0458
test_loss: 0.1325
epoch 642
train_loss: 0.0458
test_loss: 0.1324
epoch 643
train_loss: 0.0457
test_loss: 0.1324
epoch 644
train_loss: 0.0457
test_loss: 0.1323
epoch 645
train_loss: 0.0457
test_loss: 0.1324
epoch 646
train_loss: 0.0456
test_loss: 0.1323
epoch 647
train_loss: 0.0456
test_loss: 0.1322
epoch 648
train_loss: 0.0456
test_loss: 0.1323
epoch 649
train_loss: 0.0455
test_loss: 0.1322
epoch 650
train_loss: 0.0455
test_loss: 0.1322
epoch 651
train_loss: 0.0454
test_loss: 0.1322
epoch 652
train_loss: 0.0454
test_loss: 0.1322
epoch 653
train_loss: 0.0454
test_loss: 0.1322
epoch 654
train_loss: 0.0453
test_loss: 0.1322
epoch 655
train_loss: 0.0453
test_loss: 0.1321
epoch 656
train_loss: 0.0453
test_loss: 0.1321
epoch 657
train_loss: 0.0452
test_loss: 0.1321
epoch 658
train_loss: 0.0452
test_loss: 0.1321
epoch 659
train_loss: 0.0451
test_loss: 0.1320
epoch 660
train_loss: 0.0451
test_loss: 0.1321
epoch 661
train_loss: 0.0451
test_loss: 0.1321
epoch 662
train_loss: 0.0450
test_loss: 0.1320
epoch 663
train_loss: 0.0450
test_loss: 0.1321
epoch 664
train_loss: 0.0450
test_loss: 0.1320
epoch 665
train_loss: 0.0449
test_loss: 0.1320
epoch 666
train_loss: 0.0449
test_loss: 0.1319
epoch 667
train_loss: 0.0449
test_loss: 0.1320
epoch 668
train_loss: 0.0448
test_loss: 0.1319
epoch 669
train_loss: 0.0448
test_loss: 0.1319
epoch 670
train_loss: 0.0448
test_loss: 0.1319
epoch 671
train_loss: 0.0447
test_loss: 0.1319
epoch 672
train_loss: 0.0447
test_loss: 0.1319
epoch 673
train_loss: 0.0446
test_loss: 0.1318
epoch 674
train_loss: 0.0446
test_loss: 0.1319
epoch 675
train_loss: 0.0446
test_loss: 0.1318
epoch 676
train_loss: 0.0445
test_loss: 0.1318
epoch 677
train_loss: 0.0445
test_loss: 0.1318
epoch 678
train_loss: 0.0445
test_loss: 0.1317
epoch 679
train_loss: 0.0444
test_loss: 0.1318
epoch 680
train_loss: 0.0444
test_loss: 0.1317
epoch 681
train_loss: 0.0444
test_loss: 0.1317
epoch 682
train_loss: 0.0443
test_loss: 0.1316
epoch 683
train_loss: 0.0443
test_loss: 0.1316
epoch 684
train_loss: 0.0443
test_loss: 0.1316
epoch 685
train_loss: 0.0442
test_loss: 0.1316
epoch 686
train_loss: 0.0442
test_loss: 0.1316
epoch 687
train_loss: 0.0441
test_loss: 0.1316
epoch 688
train_loss: 0.0441
test_loss: 0.1315
epoch 689
train_loss: 0.0441
test_loss: 0.1315
epoch 690
train_loss: 0.0440
test_loss: 0.1315
epoch 691
train_loss: 0.0440
test_loss: 0.1315
epoch 692
train_loss: 0.0440
test_loss: 0.1315
epoch 693
train_loss: 0.0439
test_loss: 0.1314
epoch 694
train_loss: 0.0439
test_loss: 0.1315
epoch 695
train_loss: 0.0439
test_loss: 0.1314
epoch 696
train_loss: 0.0438
test_loss: 0.1315
epoch 697
train_loss: 0.0438
test_loss: 0.1314
epoch 698
train_loss: 0.0438
test_loss: 0.1314
epoch 699
train_loss: 0.0437
test_loss: 0.1314
epoch 700
train_loss: 0.0437
test_loss: 0.1313
epoch 701
train_loss: 0.0437
test_loss: 0.1313
epoch 702
train_loss: 0.0436
test_loss: 0.1314
epoch 703
train_loss: 0.0436
test_loss: 0.1313
epoch 704
train_loss: 0.0436
test_loss: 0.1313
epoch 705
train_loss: 0.0435
test_loss: 0.1313
epoch 706
train_loss: 0.0435
test_loss: 0.1313
epoch 707
train_loss: 0.0435
test_loss: 0.1311
epoch 708
train_loss: 0.0434
test_loss: 0.1312
epoch 709
train_loss: 0.0434
test_loss: 0.1312
epoch 710
train_loss: 0.0434
test_loss: 0.1312
epoch 711
train_loss: 0.0434
test_loss: 0.1311
epoch 712
train_loss: 0.0433
test_loss: 0.1311
epoch 713
train_loss: 0.0433
test_loss: 0.1311
epoch 714
train_loss: 0.0433
test_loss: 0.1311
epoch 715
train_loss: 0.0432
test_loss: 0.1311
epoch 716
train_loss: 0.0432
test_loss: 0.1311
epoch 717
train_loss: 0.0432
test_loss: 0.1310
epoch 718
train_loss: 0.0431
test_loss: 0.1310
epoch 719
train_loss: 0.0431
test_loss: 0.1310
epoch 720
train_loss: 0.0431
test_loss: 0.1310
epoch 721
train_loss: 0.0430
test_loss: 0.1310
epoch 722
train_loss: 0.0430
test_loss: 0.1308
epoch 723
train_loss: 0.0430
test_loss: 0.1309
epoch 724
train_loss: 0.0430
test_loss: 0.1309
epoch 725
train_loss: 0.0429
test_loss: 0.1309
epoch 726
train_loss: 0.0429
test_loss: 0.1308
epoch 727
train_loss: 0.0429
test_loss: 0.1308
epoch 728
train_loss: 0.0428
test_loss: 0.1308
epoch 729
train_loss: 0.0428
test_loss: 0.1308
epoch 730
train_loss: 0.0428
test_loss: 0.1308
epoch 731
train_loss: 0.0427
test_loss: 0.1307
epoch 732
train_loss: 0.0427
test_loss: 0.1307
epoch 733
train_loss: 0.0427
test_loss: 0.1307
epoch 734
train_loss: 0.0427
test_loss: 0.1307
epoch 735
train_loss: 0.0426
test_loss: 0.1307
epoch 736
train_loss: 0.0426
test_loss: 0.1305
epoch 737
train_loss: 0.0426
test_loss: 0.1307
epoch 738
train_loss: 0.0425
test_loss: 0.1306
epoch 739
train_loss: 0.0425
test_loss: 0.1306
epoch 740
train_loss: 0.0425
test_loss: 0.1305
epoch 741
train_loss: 0.0425
test_loss: 0.1306
epoch 742
train_loss: 0.0424
test_loss: 0.1305
epoch 743
train_loss: 0.0424
test_loss: 0.1305
epoch 744
train_loss: 0.0424
test_loss: 0.1305
epoch 745
train_loss: 0.0423
test_loss: 0.1305
epoch 746
train_loss: 0.0423
test_loss: 0.1304
epoch 747
train_loss: 0.0423
test_loss: 0.1304
epoch 748
train_loss: 0.0423
test_loss: 0.1303
epoch 749
train_loss: 0.0422
test_loss: 0.1304
epoch 750
train_loss: 0.0422
test_loss: 0.1304
epoch 751
train_loss: 0.0422
test_loss: 0.1303
epoch 752
train_loss: 0.0422
test_loss: 0.1303
epoch 753
train_loss: 0.0421
test_loss: 0.1304
epoch 754
train_loss: 0.0421
test_loss: 0.1303
epoch 755
train_loss: 0.0421
test_loss: 0.1303
epoch 756
train_loss: 0.0420
test_loss: 0.1303
epoch 757
train_loss: 0.0420
test_loss: 0.1303
epoch 758
train_loss: 0.0420
test_loss: 0.1303
epoch 759
train_loss: 0.0419
test_loss: 0.1302
epoch 760
train_loss: 0.0419
test_loss: 0.1302
epoch 761
train_loss: 0.0419
test_loss: 0.1303
epoch 762
train_loss: 0.0419
test_loss: 0.1302
epoch 763
train_loss: 0.0418
test_loss: 0.1302
epoch 764
train_loss: 0.0418
test_loss: 0.1302
epoch 765
train_loss: 0.0418
test_loss: 0.1301
epoch 766
train_loss: 0.0418
test_loss: 0.1302
epoch 767
train_loss: 0.0417
test_loss: 0.1301
epoch 768
train_loss: 0.0417
test_loss: 0.1301
epoch 769
train_loss: 0.0417
test_loss: 0.1301
epoch 770
train_loss: 0.0416
test_loss: 0.1300
epoch 771
train_loss: 0.0416
test_loss: 0.1300
epoch 772
train_loss: 0.0416
test_loss: 0.1300
epoch 773
train_loss: 0.0416
test_loss: 0.1300
epoch 774
train_loss: 0.0415
test_loss: 0.1300
epoch 775
train_loss: 0.0415
test_loss: 0.1300
epoch 776
train_loss: 0.0415
test_loss: 0.1299
epoch 777
train_loss: 0.0414
test_loss: 0.1299
epoch 778
train_loss: 0.0414
test_loss: 0.1299
epoch 779
train_loss: 0.0414
test_loss: 0.1298
epoch 780
train_loss: 0.0414
test_loss: 0.1298
epoch 781
train_loss: 0.0414
test_loss: 0.1299
epoch 782
train_loss: 0.0413
test_loss: 0.1298
epoch 783
train_loss: 0.0413
test_loss: 0.1298
epoch 784
train_loss: 0.0413
test_loss: 0.1298
epoch 785
train_loss: 0.0412
test_loss: 0.1297
epoch 786
train_loss: 0.0412
test_loss: 0.1297
epoch 787
train_loss: 0.0412
test_loss: 0.1298
epoch 788
train_loss: 0.0412
test_loss: 0.1296
epoch 789
train_loss: 0.0411
test_loss: 0.1298
epoch 790
train_loss: 0.0411
test_loss: 0.1297
epoch 791
train_loss: 0.0411
test_loss: 0.1297
epoch 792
train_loss: 0.0410
test_loss: 0.1296
epoch 793
train_loss: 0.0410
test_loss: 0.1297
epoch 794
train_loss: 0.0410
test_loss: 0.1296
epoch 795
train_loss: 0.0410
test_loss: 0.1297
epoch 796
train_loss: 0.0409
test_loss: 0.1296
epoch 797
train_loss: 0.0409
test_loss: 0.1296
epoch 798
train_loss: 0.0409
test_loss: 0.1296
epoch 799
train_loss: 0.0409
test_loss: 0.1296
epoch 800
train_loss: 0.0408
test_loss: 0.1296
epoch 801
train_loss: 0.0408
test_loss: 0.1295
epoch 802
train_loss: 0.0408
test_loss: 0.1296
epoch 803
train_loss: 0.0408
test_loss: 0.1296
epoch 804
train_loss: 0.0407
test_loss: 0.1296
epoch 805
train_loss: 0.0407
test_loss: 0.1296
epoch 806
train_loss: 0.0407
test_loss: 0.1295
epoch 807
train_loss: 0.0407
test_loss: 0.1295
epoch 808
train_loss: 0.0406
test_loss: 0.1296
epoch 809
train_loss: 0.0406
test_loss: 0.1295
epoch 810
train_loss: 0.0406
test_loss: 0.1295
epoch 811
train_loss: 0.0406
test_loss: 0.1294
epoch 812
train_loss: 0.0405
test_loss: 0.1295
epoch 813
train_loss: 0.0405
test_loss: 0.1295
epoch 814
train_loss: 0.0405
test_loss: 0.1295
epoch 815
train_loss: 0.0405
test_loss: 0.1295
epoch 816
train_loss: 0.0404
test_loss: 0.1295
epoch 817
train_loss: 0.0404
test_loss: 0.1295
epoch 818
train_loss: 0.0404
test_loss: 0.1295
epoch 819
train_loss: 0.0404
test_loss: 0.1295
epoch 820
train_loss: 0.0403
test_loss: 0.1295
epoch 821
train_loss: 0.0403
test_loss: 0.1295
epoch 822
train_loss: 0.0403
test_loss: 0.1295
epoch 823
train_loss: 0.0403
test_loss: 0.1295
epoch 824
train_loss: 0.0402
test_loss: 0.1295
epoch 825
train_loss: 0.0402
test_loss: 0.1295
epoch 826
train_loss: 0.0402
test_loss: 0.1295
epoch 827
train_loss: 0.0402
test_loss: 0.1295
epoch 828
train_loss: 0.0402
test_loss: 0.1295
epoch 829
train_loss: 0.0401
test_loss: 0.1295
epoch 830
train_loss: 0.0401
test_loss: 0.1295
epoch 831
train_loss: 0.0401
test_loss: 0.1296
epoch 832
train_loss: 0.0401
test_loss: 0.1295
epoch 833
train_loss: 0.0400
test_loss: 0.1295
epoch 834
train_loss: 0.0400
test_loss: 0.1295
epoch 835
train_loss: 0.0400
test_loss: 0.1296
epoch 836
train_loss: 0.0400
test_loss: 0.1295
epoch 837
train_loss: 0.0399
test_loss: 0.1295
epoch 838
train_loss: 0.0399
test_loss: 0.1295
epoch 839
train_loss: 0.0399
test_loss: 0.1295
epoch 840
train_loss: 0.0399
test_loss: 0.1296
epoch 841
train_loss: 0.0398
test_loss: 0.1295
epoch 842
train_loss: 0.0398
test_loss: 0.1295
epoch 843
train_loss: 0.0398
test_loss: 0.1295
epoch 844
train_loss: 0.0398
test_loss: 0.1295
epoch 845
train_loss: 0.0398
test_loss: 0.1296
epoch 846
train_loss: 0.0397
test_loss: 0.1295
epoch 847
train_loss: 0.0397
test_loss: 0.1295
epoch 848
train_loss: 0.0397
test_loss: 0.1295
epoch 849
train_loss: 0.0397
test_loss: 0.1294
epoch 850
train_loss: 0.0396
test_loss: 0.1295
epoch 851
train_loss: 0.0396
test_loss: 0.1294
epoch 852
train_loss: 0.0396
test_loss: 0.1295
epoch 853
train_loss: 0.0396
test_loss: 0.1294
epoch 854
train_loss: 0.0395
test_loss: 0.1294
epoch 855
train_loss: 0.0395
test_loss: 0.1294
epoch 856
train_loss: 0.0395
test_loss: 0.1295
epoch 857
train_loss: 0.0395
test_loss: 0.1295
epoch 858
train_loss: 0.0395
test_loss: 0.1294
epoch 859
train_loss: 0.0394
test_loss: 0.1294
epoch 860
train_loss: 0.0394
test_loss: 0.1294
epoch 861
train_loss: 0.0394
test_loss: 0.1293
epoch 862
train_loss: 0.0394
test_loss: 0.1294
epoch 863
train_loss: 0.0394
test_loss: 0.1293
epoch 864
train_loss: 0.0393
test_loss: 0.1294
epoch 865
train_loss: 0.0393
test_loss: 0.1293
epoch 866
train_loss: 0.0393
test_loss: 0.1293
epoch 867
train_loss: 0.0393
test_loss: 0.1294
epoch 868
train_loss: 0.0392
test_loss: 0.1293
epoch 869
train_loss: 0.0392
test_loss: 0.1293
epoch 870
train_loss: 0.0392
test_loss: 0.1293
epoch 871
train_loss: 0.0392
test_loss: 0.1293
epoch 872
train_loss: 0.0392
test_loss: 0.1293
epoch 873
train_loss: 0.0391
test_loss: 0.1293
epoch 874
train_loss: 0.0391
test_loss: 0.1293
epoch 875
train_loss: 0.0391
test_loss: 0.1293
epoch 876
train_loss: 0.0391
test_loss: 0.1293
epoch 877
train_loss: 0.0390
test_loss: 0.1292
epoch 878
train_loss: 0.0390
test_loss: 0.1293
epoch 879
train_loss: 0.0390
test_loss: 0.1292
epoch 880
train_loss: 0.0390
test_loss: 0.1293
epoch 881
train_loss: 0.0390
test_loss: 0.1293
epoch 882
train_loss: 0.0389
test_loss: 0.1292
epoch 883
train_loss: 0.0389
test_loss: 0.1293
epoch 884
train_loss: 0.0389
test_loss: 0.1293
epoch 885
train_loss: 0.0389
test_loss: 0.1292
epoch 886
train_loss: 0.0389
test_loss: 0.1293
epoch 887
train_loss: 0.0388
test_loss: 0.1293
epoch 888
train_loss: 0.0388
test_loss: 0.1293
epoch 889
train_loss: 0.0388
test_loss: 0.1293
epoch 890
train_loss: 0.0388
test_loss: 0.1293
epoch 891
train_loss: 0.0388
test_loss: 0.1292
epoch 892
train_loss: 0.0387
test_loss: 0.1293
epoch 893
train_loss: 0.0387
test_loss: 0.1292
epoch 894
train_loss: 0.0387
test_loss: 0.1293
epoch 895
train_loss: 0.0387
test_loss: 0.1293
epoch 896
train_loss: 0.0387
test_loss: 0.1293
epoch 897
train_loss: 0.0386
test_loss: 0.1294
epoch 898
train_loss: 0.0386
test_loss: 0.1293
epoch 899
train_loss: 0.0386
test_loss: 0.1293
epoch 900
train_loss: 0.0386
test_loss: 0.1293
epoch 901
train_loss: 0.0386
test_loss: 0.1294
epoch 902
train_loss: 0.0385
test_loss: 0.1293
epoch 903
train_loss: 0.0385
test_loss: 0.1294
epoch 904
train_loss: 0.0385
test_loss: 0.1294
epoch 905
train_loss: 0.0385
test_loss: 0.1293
epoch 906
train_loss: 0.0385
test_loss: 0.1294
epoch 907
train_loss: 0.0384
test_loss: 0.1293
epoch 908
train_loss: 0.0384
test_loss: 0.1294
epoch 909
train_loss: 0.0384
test_loss: 0.1294
epoch 910
train_loss: 0.0384
test_loss: 0.1293
epoch 911
train_loss: 0.0384
test_loss: 0.1293
epoch 912
train_loss: 0.0383
test_loss: 0.1293
epoch 913
train_loss: 0.0383
test_loss: 0.1293
epoch 914
train_loss: 0.0383
test_loss: 0.1293
epoch 915
train_loss: 0.0383
test_loss: 0.1294
epoch 916
train_loss: 0.0383
test_loss: 0.1293
epoch 917
train_loss: 0.0382
test_loss: 0.1293
epoch 918
train_loss: 0.0382
test_loss: 0.1294
epoch 919
train_loss: 0.0382
test_loss: 0.1293
epoch 920
train_loss: 0.0382
test_loss: 0.1293
epoch 921
train_loss: 0.0382
test_loss: 0.1293
epoch 922
train_loss: 0.0381
test_loss: 0.1293
epoch 923
train_loss: 0.0381
test_loss: 0.1292
epoch 924
train_loss: 0.0381
test_loss: 0.1293
epoch 925
train_loss: 0.0381
test_loss: 0.1292
epoch 926
train_loss: 0.0381
test_loss: 0.1293
epoch 927
train_loss: 0.0381
test_loss: 0.1293
epoch 928
train_loss: 0.0380
test_loss: 0.1293
epoch 929
train_loss: 0.0380
test_loss: 0.1292
epoch 930
train_loss: 0.0380
test_loss: 0.1293
epoch 931
train_loss: 0.0380
test_loss: 0.1292
epoch 932
train_loss: 0.0380
test_loss: 0.1292
epoch 933
train_loss: 0.0379
test_loss: 0.1293
epoch 934
train_loss: 0.0379
test_loss: 0.1293
epoch 935
train_loss: 0.0379
test_loss: 0.1292
epoch 936
train_loss: 0.0379
test_loss: 0.1292
epoch 937
train_loss: 0.0379
test_loss: 0.1293
epoch 938
train_loss: 0.0379
test_loss: 0.1291
epoch 939
train_loss: 0.0378
test_loss: 0.1292
epoch 940
train_loss: 0.0378
test_loss: 0.1292
epoch 941
train_loss: 0.0378
test_loss: 0.1292
epoch 942
train_loss: 0.0378
test_loss: 0.1292
epoch 943
train_loss: 0.0378
test_loss: 0.1291
epoch 944
train_loss: 0.0377
test_loss: 0.1292
epoch 945
train_loss: 0.0377
test_loss: 0.1291
epoch 946
train_loss: 0.0377
test_loss: 0.1292
epoch 947
train_loss: 0.0377
test_loss: 0.1291
epoch 948
train_loss: 0.0377
test_loss: 0.1292
epoch 949
train_loss: 0.0376
test_loss: 0.1291
/home/xueqiong/noise_injection_uncertainty/regression/utils.py:39: FutureWarning: The 'delim_whitespace' keyword in pd.read_csv is deprecated and will be removed in a future version. Use ``sep='\s+'`` instead
  return pd.read_csv(dataset_path, engine='python', header=None, delim_whitespace=True)
8 1
824 206 1030
model_name dropoutFCN
using Adam as optimizer
epoch 0
train_loss: 0.7350
Module: DropoutFullyConnectedNN
  Module: ModuleList
    Module: Linear
    Module: Linear
    Module: Linear
  Module: ModuleList
    Module: Dropout
dropout设置为训练模式
    Module: Dropout
dropout设置为训练模式
    Module: Dropout
dropout设置为训练模式
  Module: ReLU
test_loss: 0.5129
epoch 1
train_loss: 0.4590
Module: DropoutFullyConnectedNN
  Module: ModuleList
    Module: Linear
    Module: Linear
    Module: Linear
  Module: ModuleList
    Module: Dropout
dropout设置为训练模式
    Module: Dropout
dropout设置为训练模式
    Module: Dropout
dropout设置为训练模式
  Module: ReLU
test_loss: 0.3737
epoch 2
train_loss: 0.3705
Module: DropoutFullyConnectedNN
  Module: ModuleList
    Module: Linear
    Module: Linear
    Module: Linear
  Module: ModuleList
    Module: Dropout
dropout设置为训练模式
    Module: Dropout
dropout设置为训练模式
    Module: Dropout
dropout设置为训练模式
  Module: ReLU
test_loss: 0.3047
epoch 3
train_loss: 0.3175
Module: DropoutFullyConnectedNN
  Module: ModuleList
    Module: Linear
    Module: Linear
    Module: Linear
  Module: ModuleList
    Module: Dropout
dropout设置为训练模式
    Module: Dropout
dropout设置为训练模式
    Module: Dropout
dropout设置为训练模式
  Module: ReLU
test_loss: 0.2542
epoch 4
train_loss: 0.2722
Module: DropoutFullyConnectedNN
  Module: ModuleList
    Module: Linear
    Module: Linear
    Module: Linear
  Module: ModuleList
    Module: Dropout
dropout设置为训练模式
    Module: Dropout
dropout设置为训练模式
    Module: Dropout
dropout设置为训练模式
  Module: ReLU
test_loss: 0.2379
epoch 5
train_loss: 0.2402
Module: DropoutFullyConnectedNN
  Module: ModuleList
    Module: Linear
    Module: Linear
    Module: Linear
  Module: ModuleList
    Module: Dropout
dropout设置为训练模式
    Module: Dropout
dropout设置为训练模式
    Module: Dropout
dropout设置为训练模式
  Module: ReLU
test_loss: 0.2273
epoch 6
train_loss: 0.2332
Module: DropoutFullyConnectedNN
  Module: ModuleList
    Module: Linear
    Module: Linear
    Module: Linear
  Module: ModuleList
    Module: Dropout
dropout设置为训练模式
    Module: Dropout
dropout设置为训练模式
    Module: Dropout
dropout设置为训练模式
  Module: ReLU
test_loss: 0.2078
epoch 7
train_loss: 0.2230
Module: DropoutFullyConnectedNN
  Module: ModuleList
    Module: Linear
    Module: Linear
    Module: Linear
  Module: ModuleList
    Module: Dropout
dropout设置为训练模式
    Module: Dropout
dropout设置为训练模式
    Module: Dropout
dropout设置为训练模式
  Module: ReLU
test_loss: 0.1962
epoch 8
train_loss: 0.2043
Module: DropoutFullyConnectedNN
  Module: ModuleList
    Module: Linear
    Module: Linear
    Module: Linear
  Module: ModuleList
    Module: Dropout
dropout设置为训练模式
    Module: Dropout
dropout设置为训练模式
    Module: Dropout
dropout设置为训练模式
  Module: ReLU
test_loss: 0.1861
epoch 9
train_loss: 0.1916
Module: DropoutFullyConnectedNN
  Module: ModuleList
    Module: Linear
    Module: Linear
    Module: Linear
  Module: ModuleList
    Module: Dropout
dropout设置为训练模式
    Module: Dropout
dropout设置为训练模式
    Module: Dropout
dropout设置为训练模式
  Module: ReLU
test_loss: 0.1831
epoch 10
train_loss: 0.1840
Module: DropoutFullyConnectedNN
  Module: ModuleList
    Module: Linear
    Module: Linear
    Module: Linear
  Module: ModuleList
    Module: Dropout
dropout设置为训练模式
    Module: Dropout
dropout设置为训练模式
    Module: Dropout
dropout设置为训练模式
  Module: ReLU
test_loss: 0.1762
epoch 11
train_loss: 0.1930
Module: DropoutFullyConnectedNN
  Module: ModuleList
    Module: Linear
    Module: Linear
    Module: Linear
  Module: ModuleList
    Module: Dropout
dropout设置为训练模式
    Module: Dropout
dropout设置为训练模式
    Module: Dropout
dropout设置为训练模式
  Module: ReLU
test_loss: 0.1775
epoch 12
train_loss: 0.1778
Module: DropoutFullyConnectedNN
  Module: ModuleList
    Module: Linear
    Module: Linear
    Module: Linear
  Module: ModuleList
    Module: Dropout
dropout设置为训练模式
    Module: Dropout
dropout设置为训练模式
    Module: Dropout
dropout设置为训练模式
  Module: ReLU
test_loss: 0.1750
epoch 13
train_loss: 0.1663
Module: DropoutFullyConnectedNN
  Module: ModuleList
    Module: Linear
    Module: Linear
    Module: Linear
  Module: ModuleList
    Module: Dropout
dropout设置为训练模式
    Module: Dropout
dropout设置为训练模式
    Module: Dropout
dropout设置为训练模式
  Module: ReLU
test_loss: 0.1659
epoch 14
train_loss: 0.1627
Module: DropoutFullyConnectedNN
  Module: ModuleList
    Module: Linear
    Module: Linear
    Module: Linear
  Module: ModuleList
    Module: Dropout
dropout设置为训练模式
    Module: Dropout
dropout设置为训练模式
    Module: Dropout
dropout设置为训练模式
  Module: ReLU
test_loss: 0.1599
epoch 15
train_loss: 0.1745
Module: DropoutFullyConnectedNN
  Module: ModuleList
    Module: Linear
    Module: Linear
    Module: Linear
  Module: ModuleList
    Module: Dropout
dropout设置为训练模式
    Module: Dropout
dropout设置为训练模式
    Module: Dropout
dropout设置为训练模式
  Module: ReLU
test_loss: 0.1598
epoch 16
train_loss: 0.1660
Module: DropoutFullyConnectedNN
  Module: ModuleList
    Module: Linear
    Module: Linear
    Module: Linear
  Module: ModuleList
    Module: Dropout
dropout设置为训练模式
    Module: Dropout
dropout设置为训练模式
    Module: Dropout
dropout设置为训练模式
  Module: ReLU
test_loss: 0.1619
epoch 17
train_loss: 0.1567
Module: DropoutFullyConnectedNN
  Module: ModuleList
    Module: Linear
    Module: Linear
    Module: Linear
  Module: ModuleList
    Module: Dropout
dropout设置为训练模式
    Module: Dropout
dropout设置为训练模式
    Module: Dropout
dropout设置为训练模式
  Module: ReLU
test_loss: 0.1611
epoch 18
train_loss: 0.1491
Module: DropoutFullyConnectedNN
  Module: ModuleList
    Module: Linear
    Module: Linear
    Module: Linear
  Module: ModuleList
    Module: Dropout
dropout设置为训练模式
    Module: Dropout
dropout设置为训练模式
    Module: Dropout
dropout设置为训练模式
  Module: ReLU
test_loss: 0.1552
epoch 19
train_loss: 0.1498
Module: DropoutFullyConnectedNN
  Module: ModuleList
    Module: Linear
    Module: Linear
    Module: Linear
  Module: ModuleList
    Module: Dropout
dropout设置为训练模式
    Module: Dropout
dropout设置为训练模式
    Module: Dropout
dropout设置为训练模式
  Module: ReLU
test_loss: 0.1589
epoch 20
train_loss: 0.1398
Module: DropoutFullyConnectedNN
  Module: ModuleList
    Module: Linear
    Module: Linear
    Module: Linear
  Module: ModuleList
    Module: Dropout
dropout设置为训练模式
    Module: Dropout
dropout设置为训练模式
    Module: Dropout
dropout设置为训练模式
  Module: ReLU
test_loss: 0.1571
epoch 21
train_loss: 0.1330
Module: DropoutFullyConnectedNN
  Module: ModuleList
    Module: Linear
    Module: Linear
    Module: Linear
  Module: ModuleList
    Module: Dropout
dropout设置为训练模式
    Module: Dropout
dropout设置为训练模式
    Module: Dropout
dropout设置为训练模式
  Module: ReLU
test_loss: 0.1652
epoch 22
train_loss: 0.1391
Module: DropoutFullyConnectedNN
  Module: ModuleList
    Module: Linear
    Module: Linear
    Module: Linear
  Module: ModuleList
    Module: Dropout
dropout设置为训练模式
    Module: Dropout
dropout设置为训练模式
    Module: Dropout
dropout设置为训练模式
  Module: ReLU
test_loss: 0.1579
epoch 23
train_loss: 0.1336
Module: DropoutFullyConnectedNN
  Module: ModuleList
    Module: Linear
    Module: Linear
    Module: Linear
  Module: ModuleList
    Module: Dropout
dropout设置为训练模式
    Module: Dropout
dropout设置为训练模式
    Module: Dropout
dropout设置为训练模式
  Module: ReLU
test_loss: 0.1448
epoch 24
train_loss: 0.1253
Module: DropoutFullyConnectedNN
  Module: ModuleList
    Module: Linear
    Module: Linear
    Module: Linear
  Module: ModuleList
    Module: Dropout
dropout设置为训练模式
    Module: Dropout
dropout设置为训练模式
    Module: Dropout
dropout设置为训练模式
  Module: ReLU
test_loss: 0.1513
epoch 25
train_loss: 0.1348
Module: DropoutFullyConnectedNN
  Module: ModuleList
    Module: Linear
    Module: Linear
    Module: Linear
  Module: ModuleList
    Module: Dropout
dropout设置为训练模式
    Module: Dropout
dropout设置为训练模式
    Module: Dropout
dropout设置为训练模式
  Module: ReLU
test_loss: 0.1384
epoch 26
train_loss: 0.1357
Module: DropoutFullyConnectedNN
  Module: ModuleList
    Module: Linear
    Module: Linear
    Module: Linear
  Module: ModuleList
    Module: Dropout
dropout设置为训练模式
    Module: Dropout
dropout设置为训练模式
    Module: Dropout
dropout设置为训练模式
  Module: ReLU
test_loss: 0.1371
epoch 27
train_loss: 0.1385
Module: DropoutFullyConnectedNN
  Module: ModuleList
    Module: Linear
    Module: Linear
    Module: Linear
  Module: ModuleList
    Module: Dropout
dropout设置为训练模式
    Module: Dropout
dropout设置为训练模式
    Module: Dropout
dropout设置为训练模式
  Module: ReLU
test_loss: 0.1475
epoch 28
train_loss: 0.1285
Module: DropoutFullyConnectedNN
  Module: ModuleList
    Module: Linear
    Module: Linear
    Module: Linear
  Module: ModuleList
    Module: Dropout
dropout设置为训练模式
    Module: Dropout
dropout设置为训练模式
    Module: Dropout
dropout设置为训练模式
  Module: ReLU
test_loss: 0.1465
epoch 29
train_loss: 0.1311
Module: DropoutFullyConnectedNN
  Module: ModuleList
    Module: Linear
    Module: Linear
    Module: Linear
  Module: ModuleList
    Module: Dropout
dropout设置为训练模式
    Module: Dropout
dropout设置为训练模式
    Module: Dropout
dropout设置为训练模式
  Module: ReLU
test_loss: 0.1383
epoch 30
train_loss: 0.1261
Module: DropoutFullyConnectedNN
  Module: ModuleList
    Module: Linear
    Module: Linear
    Module: Linear
  Module: ModuleList
    Module: Dropout
dropout设置为训练模式
    Module: Dropout
dropout设置为训练模式
    Module: Dropout
dropout设置为训练模式
  Module: ReLU
test_loss: 0.1436
epoch 31
train_loss: 0.1227
Module: DropoutFullyConnectedNN
  Module: ModuleList
    Module: Linear
    Module: Linear
    Module: Linear
  Module: ModuleList
    Module: Dropout
dropout设置为训练模式
    Module: Dropout
dropout设置为训练模式
    Module: Dropout
dropout设置为训练模式
  Module: ReLU
test_loss: 0.1437
epoch 32
train_loss: 0.1225
Module: DropoutFullyConnectedNN
  Module: ModuleList
    Module: Linear
    Module: Linear
    Module: Linear
  Module: ModuleList
    Module: Dropout
dropout设置为训练模式
    Module: Dropout
dropout设置为训练模式
    Module: Dropout
dropout设置为训练模式
  Module: ReLU
test_loss: 0.1388
epoch 33
train_loss: 0.1192
Module: DropoutFullyConnectedNN
  Module: ModuleList
    Module: Linear
    Module: Linear
    Module: Linear
  Module: ModuleList
    Module: Dropout
dropout设置为训练模式
    Module: Dropout
dropout设置为训练模式
    Module: Dropout
dropout设置为训练模式
  Module: ReLU
test_loss: 0.1353
epoch 34
train_loss: 0.1226
Module: DropoutFullyConnectedNN
  Module: ModuleList
    Module: Linear
    Module: Linear
    Module: Linear
  Module: ModuleList
    Module: Dropout
dropout设置为训练模式
    Module: Dropout
dropout设置为训练模式
    Module: Dropout
dropout设置为训练模式
  Module: ReLU
test_loss: 0.1369
epoch 35
train_loss: 0.1117
Module: DropoutFullyConnectedNN
  Module: ModuleList
    Module: Linear
    Module: Linear
    Module: Linear
  Module: ModuleList
    Module: Dropout
dropout设置为训练模式
    Module: Dropout
dropout设置为训练模式
    Module: Dropout
dropout设置为训练模式
  Module: ReLU
test_loss: 0.1413
epoch 36
train_loss: 0.1118
Module: DropoutFullyConnectedNN
  Module: ModuleList
    Module: Linear
    Module: Linear
    Module: Linear
  Module: ModuleList
    Module: Dropout
dropout设置为训练模式
    Module: Dropout
dropout设置为训练模式
    Module: Dropout
dropout设置为训练模式
  Module: ReLU
test_loss: 0.1389
epoch 37
train_loss: 0.1005
Module: DropoutFullyConnectedNN
  Module: ModuleList
    Module: Linear
    Module: Linear
    Module: Linear
  Module: ModuleList
    Module: Dropout
dropout设置为训练模式
    Module: Dropout
dropout设置为训练模式
    Module: Dropout
dropout设置为训练模式
  Module: ReLU
test_loss: 0.1337
epoch 38
train_loss: 0.1162
Module: DropoutFullyConnectedNN
  Module: ModuleList
    Module: Linear
    Module: Linear
    Module: Linear
  Module: ModuleList
    Module: Dropout
dropout设置为训练模式
    Module: Dropout
dropout设置为训练模式
    Module: Dropout
dropout设置为训练模式
  Module: ReLU
test_loss: 0.1323
epoch 39
train_loss: 0.1110
Module: DropoutFullyConnectedNN
  Module: ModuleList
    Module: Linear
    Module: Linear
    Module: Linear
  Module: ModuleList
    Module: Dropout
dropout设置为训练模式
    Module: Dropout
dropout设置为训练模式
    Module: Dropout
dropout设置为训练模式
  Module: ReLU
test_loss: 0.1396
epoch 40
train_loss: 0.1087
Module: DropoutFullyConnectedNN
  Module: ModuleList
    Module: Linear
    Module: Linear
    Module: Linear
  Module: ModuleList
    Module: Dropout
dropout设置为训练模式
    Module: Dropout
dropout设置为训练模式
    Module: Dropout
dropout设置为训练模式
  Module: ReLU
test_loss: 0.1364
epoch 41
train_loss: 0.1030
Module: DropoutFullyConnectedNN
  Module: ModuleList
    Module: Linear
    Module: Linear
    Module: Linear
  Module: ModuleList
    Module: Dropout
dropout设置为训练模式
    Module: Dropout
dropout设置为训练模式
    Module: Dropout
dropout设置为训练模式
  Module: ReLU
test_loss: 0.1352
epoch 42
train_loss: 0.1077
Module: DropoutFullyConnectedNN
  Module: ModuleList
    Module: Linear
    Module: Linear
    Module: Linear
  Module: ModuleList
    Module: Dropout
dropout设置为训练模式
    Module: Dropout
dropout设置为训练模式
    Module: Dropout
dropout设置为训练模式
  Module: ReLU
test_loss: 0.1377
epoch 43
train_loss: 0.1166
Module: DropoutFullyConnectedNN
  Module: ModuleList
    Module: Linear
    Module: Linear
    Module: Linear
  Module: ModuleList
    Module: Dropout
dropout设置为训练模式
    Module: Dropout
dropout设置为训练模式
    Module: Dropout
dropout设置为训练模式
  Module: ReLU
test_loss: 0.1408
epoch 44
train_loss: 0.1018
Module: DropoutFullyConnectedNN
  Module: ModuleList
    Module: Linear
    Module: Linear
    Module: Linear
  Module: ModuleList
    Module: Dropout
dropout设置为训练模式
    Module: Dropout
dropout设置为训练模式
    Module: Dropout
dropout设置为训练模式
  Module: ReLU
test_loss: 0.1303
epoch 45
train_loss: 0.1050
Module: DropoutFullyConnectedNN
  Module: ModuleList
    Module: Linear
    Module: Linear
    Module: Linear
  Module: ModuleList
    Module: Dropout
dropout设置为训练模式
    Module: Dropout
dropout设置为训练模式
    Module: Dropout
dropout设置为训练模式
  Module: ReLU
test_loss: 0.1342
epoch 46
train_loss: 0.1015
Module: DropoutFullyConnectedNN
  Module: ModuleList
    Module: Linear
    Module: Linear
    Module: Linear
  Module: ModuleList
    Module: Dropout
dropout设置为训练模式
    Module: Dropout
dropout设置为训练模式
    Module: Dropout
dropout设置为训练模式
  Module: ReLU
test_loss: 0.1339
epoch 47
train_loss: 0.1027
Module: DropoutFullyConnectedNN
  Module: ModuleList
    Module: Linear
    Module: Linear
    Module: Linear
  Module: ModuleList
    Module: Dropout
dropout设置为训练模式
    Module: Dropout
dropout设置为训练模式
    Module: Dropout
dropout设置为训练模式
  Module: ReLU
test_loss: 0.1307
epoch 48
train_loss: 0.0961
Module: DropoutFullyConnectedNN
  Module: ModuleList
    Module: Linear
    Module: Linear
    Module: Linear
  Module: ModuleList
    Module: Dropout
dropout设置为训练模式
    Module: Dropout
dropout设置为训练模式
    Module: Dropout
dropout设置为训练模式
  Module: ReLU
test_loss: 0.1311
epoch 49
train_loss: 0.1084
Module: DropoutFullyConnectedNN
  Module: ModuleList
    Module: Linear
    Module: Linear
    Module: Linear
  Module: ModuleList
    Module: Dropout
dropout设置为训练模式
    Module: Dropout
dropout设置为训练模式
    Module: Dropout
dropout设置为训练模式
  Module: ReLU
test_loss: 0.1250
epoch 50
train_loss: 0.1074
Module: DropoutFullyConnectedNN
  Module: ModuleList
    Module: Linear
    Module: Linear
    Module: Linear
  Module: ModuleList
    Module: Dropout
dropout设置为训练模式
    Module: Dropout
dropout设置为训练模式
    Module: Dropout
dropout设置为训练模式
  Module: ReLU
test_loss: 0.1317
epoch 51
train_loss: 0.1135
Module: DropoutFullyConnectedNN
  Module: ModuleList
    Module: Linear
    Module: Linear
    Module: Linear
  Module: ModuleList
    Module: Dropout
dropout设置为训练模式
    Module: Dropout
dropout设置为训练模式
    Module: Dropout
dropout设置为训练模式
  Module: ReLU
test_loss: 0.1312
epoch 52
train_loss: 0.1090
Module: DropoutFullyConnectedNN
  Module: ModuleList
    Module: Linear
    Module: Linear
    Module: Linear
  Module: ModuleList
    Module: Dropout
dropout设置为训练模式
    Module: Dropout
dropout设置为训练模式
    Module: Dropout
dropout设置为训练模式
  Module: ReLU
test_loss: 0.1316
epoch 53
train_loss: 0.0979
Module: DropoutFullyConnectedNN
  Module: ModuleList
    Module: Linear
    Module: Linear
    Module: Linear
  Module: ModuleList
    Module: Dropout
dropout设置为训练模式
    Module: Dropout
dropout设置为训练模式
    Module: Dropout
dropout设置为训练模式
  Module: ReLU
test_loss: 0.1250
epoch 54
train_loss: 0.1026
Module: DropoutFullyConnectedNN
  Module: ModuleList
    Module: Linear
    Module: Linear
    Module: Linear
  Module: ModuleList
    Module: Dropout
dropout设置为训练模式
    Module: Dropout
dropout设置为训练模式
    Module: Dropout
dropout设置为训练模式
  Module: ReLU
test_loss: 0.1264
epoch 55
train_loss: 0.0990
Module: DropoutFullyConnectedNN
  Module: ModuleList
    Module: Linear
    Module: Linear
    Module: Linear
  Module: ModuleList
    Module: Dropout
dropout设置为训练模式
    Module: Dropout
dropout设置为训练模式
    Module: Dropout
dropout设置为训练模式
  Module: ReLU
test_loss: 0.1277
epoch 56
train_loss: 0.1024
Module: DropoutFullyConnectedNN
  Module: ModuleList
    Module: Linear
    Module: Linear
    Module: Linear
  Module: ModuleList
    Module: Dropout
dropout设置为训练模式
    Module: Dropout
dropout设置为训练模式
    Module: Dropout
dropout设置为训练模式
  Module: ReLU
test_loss: 0.1240
epoch 57
train_loss: 0.1018
Module: DropoutFullyConnectedNN
  Module: ModuleList
    Module: Linear
    Module: Linear
    Module: Linear
  Module: ModuleList
    Module: Dropout
dropout设置为训练模式
    Module: Dropout
dropout设置为训练模式
    Module: Dropout
dropout设置为训练模式
  Module: ReLU
test_loss: 0.1284
epoch 58
train_loss: 0.0955
Module: DropoutFullyConnectedNN
  Module: ModuleList
    Module: Linear
    Module: Linear
    Module: Linear
  Module: ModuleList
    Module: Dropout
dropout设置为训练模式
    Module: Dropout
dropout设置为训练模式
    Module: Dropout
dropout设置为训练模式
  Module: ReLU
test_loss: 0.1278
epoch 59
train_loss: 0.0987
Module: DropoutFullyConnectedNN
  Module: ModuleList
    Module: Linear
    Module: Linear
    Module: Linear
  Module: ModuleList
    Module: Dropout
dropout设置为训练模式
    Module: Dropout
dropout设置为训练模式
    Module: Dropout
dropout设置为训练模式
  Module: ReLU
test_loss: 0.1163
epoch 60
train_loss: 0.0992
Module: DropoutFullyConnectedNN
  Module: ModuleList
    Module: Linear
    Module: Linear
    Module: Linear
  Module: ModuleList
    Module: Dropout
dropout设置为训练模式
    Module: Dropout
dropout设置为训练模式
    Module: Dropout
dropout设置为训练模式
  Module: ReLU
test_loss: 0.1255
epoch 61
train_loss: 0.0912
Module: DropoutFullyConnectedNN
  Module: ModuleList
    Module: Linear
    Module: Linear
    Module: Linear
  Module: ModuleList
    Module: Dropout
dropout设置为训练模式
    Module: Dropout
dropout设置为训练模式
    Module: Dropout
dropout设置为训练模式
  Module: ReLU
test_loss: 0.1277
epoch 62
train_loss: 0.0914
Module: DropoutFullyConnectedNN
  Module: ModuleList
    Module: Linear
    Module: Linear
    Module: Linear
  Module: ModuleList
    Module: Dropout
dropout设置为训练模式
    Module: Dropout
dropout设置为训练模式
    Module: Dropout
dropout设置为训练模式
  Module: ReLU
test_loss: 0.1264
epoch 63
train_loss: 0.0903
Module: DropoutFullyConnectedNN
  Module: ModuleList
    Module: Linear
    Module: Linear
    Module: Linear
  Module: ModuleList
    Module: Dropout
dropout设置为训练模式
    Module: Dropout
dropout设置为训练模式
    Module: Dropout
dropout设置为训练模式
  Module: ReLU
test_loss: 0.1239
epoch 64
train_loss: 0.1053
Module: DropoutFullyConnectedNN
  Module: ModuleList
    Module: Linear
    Module: Linear
    Module: Linear
  Module: ModuleList
    Module: Dropout
dropout设置为训练模式
    Module: Dropout
dropout设置为训练模式
    Module: Dropout
dropout设置为训练模式
  Module: ReLU
test_loss: 0.1278
epoch 65
train_loss: 0.0962
Module: DropoutFullyConnectedNN
  Module: ModuleList
    Module: Linear
    Module: Linear
    Module: Linear
  Module: ModuleList
    Module: Dropout
dropout设置为训练模式
    Module: Dropout
dropout设置为训练模式
    Module: Dropout
dropout设置为训练模式
  Module: ReLU
test_loss: 0.1249
epoch 66
train_loss: 0.0949
Module: DropoutFullyConnectedNN
  Module: ModuleList
    Module: Linear
    Module: Linear
    Module: Linear
  Module: ModuleList
    Module: Dropout
dropout设置为训练模式
    Module: Dropout
dropout设置为训练模式
    Module: Dropout
dropout设置为训练模式
  Module: ReLU
test_loss: 0.1214
epoch 67
train_loss: 0.0892
Module: DropoutFullyConnectedNN
  Module: ModuleList
    Module: Linear
    Module: Linear
    Module: Linear
  Module: ModuleList
    Module: Dropout
dropout设置为训练模式
    Module: Dropout
dropout设置为训练模式
    Module: Dropout
dropout设置为训练模式
  Module: ReLU
test_loss: 0.1192
epoch 68
train_loss: 0.0937
Module: DropoutFullyConnectedNN
  Module: ModuleList
    Module: Linear
    Module: Linear
    Module: Linear
  Module: ModuleList
    Module: Dropout
dropout设置为训练模式
    Module: Dropout
dropout设置为训练模式
    Module: Dropout
dropout设置为训练模式
  Module: ReLU
test_loss: 0.1212
epoch 69
train_loss: 0.0883
Module: DropoutFullyConnectedNN
  Module: ModuleList
    Module: Linear
    Module: Linear
    Module: Linear
  Module: ModuleList
    Module: Dropout
dropout设置为训练模式
    Module: Dropout
dropout设置为训练模式
    Module: Dropout
dropout设置为训练模式
  Module: ReLU
test_loss: 0.1297
epoch 70
train_loss: 0.0934
Module: DropoutFullyConnectedNN
  Module: ModuleList
    Module: Linear
    Module: Linear
    Module: Linear
  Module: ModuleList
    Module: Dropout
dropout设置为训练模式
    Module: Dropout
dropout设置为训练模式
    Module: Dropout
dropout设置为训练模式
  Module: ReLU
test_loss: 0.1176
epoch 71
train_loss: 0.0892
Module: DropoutFullyConnectedNN
  Module: ModuleList
    Module: Linear
    Module: Linear
    Module: Linear
  Module: ModuleList
    Module: Dropout
dropout设置为训练模式
    Module: Dropout
dropout设置为训练模式
    Module: Dropout
dropout设置为训练模式
  Module: ReLU
test_loss: 0.1228
epoch 72
train_loss: 0.0894
Module: DropoutFullyConnectedNN
  Module: ModuleList
    Module: Linear
    Module: Linear
    Module: Linear
  Module: ModuleList
    Module: Dropout
dropout设置为训练模式
    Module: Dropout
dropout设置为训练模式
    Module: Dropout
dropout设置为训练模式
  Module: ReLU
test_loss: 0.1186
epoch 73
train_loss: 0.0832
Module: DropoutFullyConnectedNN
  Module: ModuleList
    Module: Linear
    Module: Linear
    Module: Linear
  Module: ModuleList
    Module: Dropout
dropout设置为训练模式
    Module: Dropout
dropout设置为训练模式
    Module: Dropout
dropout设置为训练模式
  Module: ReLU
test_loss: 0.1200
epoch 74
train_loss: 0.0930
Module: DropoutFullyConnectedNN
  Module: ModuleList
    Module: Linear
    Module: Linear
    Module: Linear
  Module: ModuleList
    Module: Dropout
dropout设置为训练模式
    Module: Dropout
dropout设置为训练模式
    Module: Dropout
dropout设置为训练模式
  Module: ReLU
test_loss: 0.1114
epoch 75
train_loss: 0.0912
Module: DropoutFullyConnectedNN
  Module: ModuleList
    Module: Linear
    Module: Linear
    Module: Linear
  Module: ModuleList
    Module: Dropout
dropout设置为训练模式
    Module: Dropout
dropout设置为训练模式
    Module: Dropout
dropout设置为训练模式
  Module: ReLU
test_loss: 0.1180
epoch 76
train_loss: 0.0949
Module: DropoutFullyConnectedNN
  Module: ModuleList
    Module: Linear
    Module: Linear
    Module: Linear
  Module: ModuleList
    Module: Dropout
dropout设置为训练模式
    Module: Dropout
dropout设置为训练模式
    Module: Dropout
dropout设置为训练模式
  Module: ReLU
test_loss: 0.1185
epoch 77
train_loss: 0.0947
Module: DropoutFullyConnectedNN
  Module: ModuleList
    Module: Linear
    Module: Linear
    Module: Linear
  Module: ModuleList
    Module: Dropout
dropout设置为训练模式
    Module: Dropout
dropout设置为训练模式
    Module: Dropout
dropout设置为训练模式
  Module: ReLU
test_loss: 0.1215
epoch 78
train_loss: 0.0883
Module: DropoutFullyConnectedNN
  Module: ModuleList
    Module: Linear
    Module: Linear
    Module: Linear
  Module: ModuleList
    Module: Dropout
dropout设置为训练模式
    Module: Dropout
dropout设置为训练模式
    Module: Dropout
dropout设置为训练模式
  Module: ReLU
test_loss: 0.1111
epoch 79
train_loss: 0.0881
Module: DropoutFullyConnectedNN
  Module: ModuleList
    Module: Linear
    Module: Linear
    Module: Linear
  Module: ModuleList
    Module: Dropout
dropout设置为训练模式
    Module: Dropout
dropout设置为训练模式
    Module: Dropout
dropout设置为训练模式
  Module: ReLU
test_loss: 0.1197
epoch 80
train_loss: 0.0856
Module: DropoutFullyConnectedNN
  Module: ModuleList
    Module: Linear
    Module: Linear
    Module: Linear
  Module: ModuleList
    Module: Dropout
dropout设置为训练模式
    Module: Dropout
dropout设置为训练模式
    Module: Dropout
dropout设置为训练模式
  Module: ReLU
test_loss: 0.1164
epoch 81
train_loss: 0.0903
Module: DropoutFullyConnectedNN
  Module: ModuleList
    Module: Linear
    Module: Linear
    Module: Linear
  Module: ModuleList
    Module: Dropout
dropout设置为训练模式
    Module: Dropout
dropout设置为训练模式
    Module: Dropout
dropout设置为训练模式
  Module: ReLU
test_loss: 0.1200
epoch 82
train_loss: 0.0846
Module: DropoutFullyConnectedNN
  Module: ModuleList
    Module: Linear
    Module: Linear
    Module: Linear
  Module: ModuleList
    Module: Dropout
dropout设置为训练模式
    Module: Dropout
dropout设置为训练模式
    Module: Dropout
dropout设置为训练模式
  Module: ReLU
test_loss: 0.1156
epoch 83
train_loss: 0.0813
Module: DropoutFullyConnectedNN
  Module: ModuleList
    Module: Linear
    Module: Linear
    Module: Linear
  Module: ModuleList
    Module: Dropout
dropout设置为训练模式
    Module: Dropout
dropout设置为训练模式
    Module: Dropout
dropout设置为训练模式
  Module: ReLU
test_loss: 0.1091
epoch 84
train_loss: 0.0847
Module: DropoutFullyConnectedNN
  Module: ModuleList
    Module: Linear
    Module: Linear
    Module: Linear
  Module: ModuleList
    Module: Dropout
dropout设置为训练模式
    Module: Dropout
dropout设置为训练模式
    Module: Dropout
dropout设置为训练模式
  Module: ReLU
test_loss: 0.1122
epoch 85
train_loss: 0.0849
Module: DropoutFullyConnectedNN
  Module: ModuleList
    Module: Linear
    Module: Linear
    Module: Linear
  Module: ModuleList
    Module: Dropout
dropout设置为训练模式
    Module: Dropout
dropout设置为训练模式
    Module: Dropout
dropout设置为训练模式
  Module: ReLU
test_loss: 0.1102
epoch 86
train_loss: 0.0868
Module: DropoutFullyConnectedNN
  Module: ModuleList
    Module: Linear
    Module: Linear
    Module: Linear
  Module: ModuleList
    Module: Dropout
dropout设置为训练模式
    Module: Dropout
dropout设置为训练模式
    Module: Dropout
dropout设置为训练模式
  Module: ReLU
test_loss: 0.1098
epoch 87
train_loss: 0.0812
Module: DropoutFullyConnectedNN
  Module: ModuleList
    Module: Linear
    Module: Linear
    Module: Linear
  Module: ModuleList
    Module: Dropout
dropout设置为训练模式
    Module: Dropout
dropout设置为训练模式
    Module: Dropout
dropout设置为训练模式
  Module: ReLU
test_loss: 0.1118
epoch 88
train_loss: 0.0919
Module: DropoutFullyConnectedNN
  Module: ModuleList
    Module: Linear
    Module: Linear
    Module: Linear
  Module: ModuleList
    Module: Dropout
dropout设置为训练模式
    Module: Dropout
dropout设置为训练模式
    Module: Dropout
dropout设置为训练模式
  Module: ReLU
test_loss: 0.1067
epoch 89
train_loss: 0.0871
Module: DropoutFullyConnectedNN
  Module: ModuleList
    Module: Linear
    Module: Linear
    Module: Linear
  Module: ModuleList
    Module: Dropout
dropout设置为训练模式
    Module: Dropout
dropout设置为训练模式
    Module: Dropout
dropout设置为训练模式
  Module: ReLU
test_loss: 0.1164
epoch 90
train_loss: 0.0925
Module: DropoutFullyConnectedNN
  Module: ModuleList
    Module: Linear
    Module: Linear
    Module: Linear
  Module: ModuleList
    Module: Dropout
dropout设置为训练模式
    Module: Dropout
dropout设置为训练模式
    Module: Dropout
dropout设置为训练模式
  Module: ReLU
test_loss: 0.1202
epoch 91
train_loss: 0.0859
Module: DropoutFullyConnectedNN
  Module: ModuleList
    Module: Linear
    Module: Linear
    Module: Linear
  Module: ModuleList
    Module: Dropout
dropout设置为训练模式
    Module: Dropout
dropout设置为训练模式
    Module: Dropout
dropout设置为训练模式
  Module: ReLU
test_loss: 0.1196
epoch 92
train_loss: 0.0882
Module: DropoutFullyConnectedNN
  Module: ModuleList
    Module: Linear
    Module: Linear
    Module: Linear
  Module: ModuleList
    Module: Dropout
dropout设置为训练模式
    Module: Dropout
dropout设置为训练模式
    Module: Dropout
dropout设置为训练模式
  Module: ReLU
test_loss: 0.1194
epoch 93
train_loss: 0.0854
Module: DropoutFullyConnectedNN
  Module: ModuleList
    Module: Linear
    Module: Linear
    Module: Linear
  Module: ModuleList
    Module: Dropout
dropout设置为训练模式
    Module: Dropout
dropout设置为训练模式
    Module: Dropout
dropout设置为训练模式
  Module: ReLU
test_loss: 0.1141
epoch 94
train_loss: 0.0824
Module: DropoutFullyConnectedNN
  Module: ModuleList
    Module: Linear
    Module: Linear
    Module: Linear
  Module: ModuleList
    Module: Dropout
dropout设置为训练模式
    Module: Dropout
dropout设置为训练模式
    Module: Dropout
dropout设置为训练模式
  Module: ReLU
test_loss: 0.1083
epoch 95
train_loss: 0.0887
Module: DropoutFullyConnectedNN
  Module: ModuleList
    Module: Linear
    Module: Linear
    Module: Linear
  Module: ModuleList
    Module: Dropout
dropout设置为训练模式
    Module: Dropout
dropout设置为训练模式
    Module: Dropout
dropout设置为训练模式
  Module: ReLU
test_loss: 0.1090
epoch 96
train_loss: 0.0819
Module: DropoutFullyConnectedNN
  Module: ModuleList
    Module: Linear
    Module: Linear
    Module: Linear
  Module: ModuleList
    Module: Dropout
dropout设置为训练模式
    Module: Dropout
dropout设置为训练模式
    Module: Dropout
dropout设置为训练模式
  Module: ReLU
test_loss: 0.1106
epoch 97
train_loss: 0.0819
Module: DropoutFullyConnectedNN
  Module: ModuleList
    Module: Linear
    Module: Linear
    Module: Linear
  Module: ModuleList
    Module: Dropout
dropout设置为训练模式
    Module: Dropout
dropout设置为训练模式
    Module: Dropout
dropout设置为训练模式
  Module: ReLU
test_loss: 0.1207
epoch 98
train_loss: 0.0808
Module: DropoutFullyConnectedNN
  Module: ModuleList
    Module: Linear
    Module: Linear
    Module: Linear
  Module: ModuleList
    Module: Dropout
dropout设置为训练模式
    Module: Dropout
dropout设置为训练模式
    Module: Dropout
dropout设置为训练模式
  Module: ReLU
test_loss: 0.1138
epoch 99
train_loss: 0.0863
Module: DropoutFullyConnectedNN
  Module: ModuleList
    Module: Linear
    Module: Linear
    Module: Linear
  Module: ModuleList
    Module: Dropout
dropout设置为训练模式
    Module: Dropout
dropout设置为训练模式
    Module: Dropout
dropout设置为训练模式
  Module: ReLU
test_loss: 0.1093
epoch 100
train_loss: 0.0811
Module: DropoutFullyConnectedNN
  Module: ModuleList
    Module: Linear
    Module: Linear
    Module: Linear
  Module: ModuleList
    Module: Dropout
dropout设置为训练模式
    Module: Dropout
dropout设置为训练模式
    Module: Dropout
dropout设置为训练模式
  Module: ReLU
test_loss: 0.1135
epoch 101
train_loss: 0.0837
Module: DropoutFullyConnectedNN
  Module: ModuleList
    Module: Linear
    Module: Linear
    Module: Linear
  Module: ModuleList
    Module: Dropout
dropout设置为训练模式
    Module: Dropout
dropout设置为训练模式
    Module: Dropout
dropout设置为训练模式
  Module: ReLU
test_loss: 0.1120
epoch 102
train_loss: 0.0818
Module: DropoutFullyConnectedNN
  Module: ModuleList
    Module: Linear
    Module: Linear
    Module: Linear
  Module: ModuleList
    Module: Dropout
dropout设置为训练模式
    Module: Dropout
dropout设置为训练模式
    Module: Dropout
dropout设置为训练模式
  Module: ReLU
test_loss: 0.1075
epoch 103
train_loss: 0.0797
Module: DropoutFullyConnectedNN
  Module: ModuleList
    Module: Linear
    Module: Linear
    Module: Linear
  Module: ModuleList
    Module: Dropout
dropout设置为训练模式
    Module: Dropout
dropout设置为训练模式
    Module: Dropout
dropout设置为训练模式
  Module: ReLU
test_loss: 0.1047
epoch 104
train_loss: 0.0796
Module: DropoutFullyConnectedNN
  Module: ModuleList
    Module: Linear
    Module: Linear
    Module: Linear
  Module: ModuleList
    Module: Dropout
dropout设置为训练模式
    Module: Dropout
dropout设置为训练模式
    Module: Dropout
dropout设置为训练模式
  Module: ReLU
test_loss: 0.1086
epoch 105
train_loss: 0.0780
Module: DropoutFullyConnectedNN
  Module: ModuleList
    Module: Linear
    Module: Linear
    Module: Linear
  Module: ModuleList
    Module: Dropout
dropout设置为训练模式
    Module: Dropout
dropout设置为训练模式
    Module: Dropout
dropout设置为训练模式
  Module: ReLU
test_loss: 0.1056
epoch 106
train_loss: 0.0829
Module: DropoutFullyConnectedNN
  Module: ModuleList
    Module: Linear
    Module: Linear
    Module: Linear
  Module: ModuleList
    Module: Dropout
dropout设置为训练模式
    Module: Dropout
dropout设置为训练模式
    Module: Dropout
dropout设置为训练模式
  Module: ReLU
test_loss: 0.1073
epoch 107
train_loss: 0.0831
Module: DropoutFullyConnectedNN
  Module: ModuleList
    Module: Linear
    Module: Linear
    Module: Linear
  Module: ModuleList
    Module: Dropout
dropout设置为训练模式
    Module: Dropout
dropout设置为训练模式
    Module: Dropout
dropout设置为训练模式
  Module: ReLU
test_loss: 0.1160
epoch 108
train_loss: 0.0812
Module: DropoutFullyConnectedNN
  Module: ModuleList
    Module: Linear
    Module: Linear
    Module: Linear
  Module: ModuleList
    Module: Dropout
dropout设置为训练模式
    Module: Dropout
dropout设置为训练模式
    Module: Dropout
dropout设置为训练模式
  Module: ReLU
test_loss: 0.1095
epoch 109
train_loss: 0.0867
Module: DropoutFullyConnectedNN
  Module: ModuleList
    Module: Linear
    Module: Linear
    Module: Linear
  Module: ModuleList
    Module: Dropout
dropout设置为训练模式
    Module: Dropout
dropout设置为训练模式
    Module: Dropout
dropout设置为训练模式
  Module: ReLU
test_loss: 0.1110
epoch 110
train_loss: 0.0784
Module: DropoutFullyConnectedNN
  Module: ModuleList
    Module: Linear
    Module: Linear
    Module: Linear
  Module: ModuleList
    Module: Dropout
dropout设置为训练模式
    Module: Dropout
dropout设置为训练模式
    Module: Dropout
dropout设置为训练模式
  Module: ReLU
test_loss: 0.1093
epoch 111
train_loss: 0.0816
Module: DropoutFullyConnectedNN
  Module: ModuleList
    Module: Linear
    Module: Linear
    Module: Linear
  Module: ModuleList
    Module: Dropout
dropout设置为训练模式
    Module: Dropout
dropout设置为训练模式
    Module: Dropout
dropout设置为训练模式
  Module: ReLU
test_loss: 0.1047
epoch 112
train_loss: 0.0823
Module: DropoutFullyConnectedNN
  Module: ModuleList
    Module: Linear
    Module: Linear
    Module: Linear
  Module: ModuleList
    Module: Dropout
dropout设置为训练模式
    Module: Dropout
dropout设置为训练模式
    Module: Dropout
dropout设置为训练模式
  Module: ReLU
test_loss: 0.1111
epoch 113
train_loss: 0.0798
Module: DropoutFullyConnectedNN
  Module: ModuleList
    Module: Linear
    Module: Linear
    Module: Linear
  Module: ModuleList
    Module: Dropout
dropout设置为训练模式
    Module: Dropout
dropout设置为训练模式
    Module: Dropout
dropout设置为训练模式
  Module: ReLU
test_loss: 0.1046
epoch 114
train_loss: 0.0794
Module: DropoutFullyConnectedNN
  Module: ModuleList
    Module: Linear
    Module: Linear
    Module: Linear
  Module: ModuleList
    Module: Dropout
dropout设置为训练模式
    Module: Dropout
dropout设置为训练模式
    Module: Dropout
dropout设置为训练模式
  Module: ReLU
test_loss: 0.1115
epoch 115
train_loss: 0.0783
Module: DropoutFullyConnectedNN
  Module: ModuleList
    Module: Linear
    Module: Linear
    Module: Linear
  Module: ModuleList
    Module: Dropout
dropout设置为训练模式
    Module: Dropout
dropout设置为训练模式
    Module: Dropout
dropout设置为训练模式
  Module: ReLU
test_loss: 0.1138
epoch 116
train_loss: 0.0739
Module: DropoutFullyConnectedNN
  Module: ModuleList
    Module: Linear
    Module: Linear
    Module: Linear
  Module: ModuleList
    Module: Dropout
dropout设置为训练模式
    Module: Dropout
dropout设置为训练模式
    Module: Dropout
dropout设置为训练模式
  Module: ReLU
test_loss: 0.1065
epoch 117
train_loss: 0.0764
Module: DropoutFullyConnectedNN
  Module: ModuleList
    Module: Linear
    Module: Linear
    Module: Linear
  Module: ModuleList
    Module: Dropout
dropout设置为训练模式
    Module: Dropout
dropout设置为训练模式
    Module: Dropout
dropout设置为训练模式
  Module: ReLU
test_loss: 0.1042
epoch 118
train_loss: 0.0856
Module: DropoutFullyConnectedNN
  Module: ModuleList
    Module: Linear
    Module: Linear
    Module: Linear
  Module: ModuleList
    Module: Dropout
dropout设置为训练模式
    Module: Dropout
dropout设置为训练模式
    Module: Dropout
dropout设置为训练模式
  Module: ReLU
test_loss: 0.1042
epoch 119
train_loss: 0.0752
Module: DropoutFullyConnectedNN
  Module: ModuleList
    Module: Linear
    Module: Linear
    Module: Linear
  Module: ModuleList
    Module: Dropout
dropout设置为训练模式
    Module: Dropout
dropout设置为训练模式
    Module: Dropout
dropout设置为训练模式
  Module: ReLU
test_loss: 0.1114
epoch 120
train_loss: 0.0765
Module: DropoutFullyConnectedNN
  Module: ModuleList
    Module: Linear
    Module: Linear
    Module: Linear
  Module: ModuleList
    Module: Dropout
dropout设置为训练模式
    Module: Dropout
dropout设置为训练模式
    Module: Dropout
dropout设置为训练模式
  Module: ReLU
test_loss: 0.1025
epoch 121
train_loss: 0.0805
Module: DropoutFullyConnectedNN
  Module: ModuleList
    Module: Linear
    Module: Linear
    Module: Linear
  Module: ModuleList
    Module: Dropout
dropout设置为训练模式
    Module: Dropout
dropout设置为训练模式
    Module: Dropout
dropout设置为训练模式
  Module: ReLU
test_loss: 0.0994
epoch 122
train_loss: 0.0759
Module: DropoutFullyConnectedNN
  Module: ModuleList
    Module: Linear
    Module: Linear
    Module: Linear
  Module: ModuleList
    Module: Dropout
dropout设置为训练模式
    Module: Dropout
dropout设置为训练模式
    Module: Dropout
dropout设置为训练模式
  Module: ReLU
test_loss: 0.1057
epoch 123
train_loss: 0.0781
Module: DropoutFullyConnectedNN
  Module: ModuleList
    Module: Linear
    Module: Linear
    Module: Linear
  Module: ModuleList
    Module: Dropout
dropout设置为训练模式
    Module: Dropout
dropout设置为训练模式
    Module: Dropout
dropout设置为训练模式
  Module: ReLU
test_loss: 0.1016
epoch 124
train_loss: 0.0787
Module: DropoutFullyConnectedNN
  Module: ModuleList
    Module: Linear
    Module: Linear
    Module: Linear
  Module: ModuleList
    Module: Dropout
dropout设置为训练模式
    Module: Dropout
dropout设置为训练模式
    Module: Dropout
dropout设置为训练模式
  Module: ReLU
test_loss: 0.1061
epoch 125
train_loss: 0.0836
Module: DropoutFullyConnectedNN
  Module: ModuleList
    Module: Linear
    Module: Linear
    Module: Linear
  Module: ModuleList
    Module: Dropout
dropout设置为训练模式
    Module: Dropout
dropout设置为训练模式
    Module: Dropout
dropout设置为训练模式
  Module: ReLU
test_loss: 0.1054
epoch 126
train_loss: 0.0757
Module: DropoutFullyConnectedNN
  Module: ModuleList
    Module: Linear
    Module: Linear
    Module: Linear
  Module: ModuleList
    Module: Dropout
dropout设置为训练模式
    Module: Dropout
dropout设置为训练模式
    Module: Dropout
dropout设置为训练模式
  Module: ReLU
test_loss: 0.1103
epoch 127
train_loss: 0.0850
Module: DropoutFullyConnectedNN
  Module: ModuleList
    Module: Linear
    Module: Linear
    Module: Linear
  Module: ModuleList
    Module: Dropout
dropout设置为训练模式
    Module: Dropout
dropout设置为训练模式
    Module: Dropout
dropout设置为训练模式
  Module: ReLU
test_loss: 0.1037
epoch 128
train_loss: 0.0793
Module: DropoutFullyConnectedNN
  Module: ModuleList
    Module: Linear
    Module: Linear
    Module: Linear
  Module: ModuleList
    Module: Dropout
dropout设置为训练模式
    Module: Dropout
dropout设置为训练模式
    Module: Dropout
dropout设置为训练模式
  Module: ReLU
test_loss: 0.1084
epoch 129
train_loss: 0.0806
Module: DropoutFullyConnectedNN
  Module: ModuleList
    Module: Linear
    Module: Linear
    Module: Linear
  Module: ModuleList
    Module: Dropout
dropout设置为训练模式
    Module: Dropout
dropout设置为训练模式
    Module: Dropout
dropout设置为训练模式
  Module: ReLU
test_loss: 0.1110
epoch 130
train_loss: 0.0825
Module: DropoutFullyConnectedNN
  Module: ModuleList
    Module: Linear
    Module: Linear
    Module: Linear
  Module: ModuleList
    Module: Dropout
dropout设置为训练模式
    Module: Dropout
dropout设置为训练模式
    Module: Dropout
dropout设置为训练模式
  Module: ReLU
test_loss: 0.1055
epoch 131
train_loss: 0.0709
Module: DropoutFullyConnectedNN
  Module: ModuleList
    Module: Linear
    Module: Linear
    Module: Linear
  Module: ModuleList
    Module: Dropout
dropout设置为训练模式
    Module: Dropout
dropout设置为训练模式
    Module: Dropout
dropout设置为训练模式
  Module: ReLU
test_loss: 0.0973
epoch 132
train_loss: 0.0802
Module: DropoutFullyConnectedNN
  Module: ModuleList
    Module: Linear
    Module: Linear
    Module: Linear
  Module: ModuleList
    Module: Dropout
dropout设置为训练模式
    Module: Dropout
dropout设置为训练模式
    Module: Dropout
dropout设置为训练模式
  Module: ReLU
test_loss: 0.1072
epoch 133
train_loss: 0.0840
Module: DropoutFullyConnectedNN
  Module: ModuleList
    Module: Linear
    Module: Linear
    Module: Linear
  Module: ModuleList
    Module: Dropout
dropout设置为训练模式
    Module: Dropout
dropout设置为训练模式
    Module: Dropout
dropout设置为训练模式
  Module: ReLU
test_loss: 0.1070
epoch 134
train_loss: 0.0819
Module: DropoutFullyConnectedNN
  Module: ModuleList
    Module: Linear
    Module: Linear
    Module: Linear
  Module: ModuleList
    Module: Dropout
dropout设置为训练模式
    Module: Dropout
dropout设置为训练模式
    Module: Dropout
dropout设置为训练模式
  Module: ReLU
test_loss: 0.1155
epoch 135
train_loss: 0.0777
Module: DropoutFullyConnectedNN
  Module: ModuleList
    Module: Linear
    Module: Linear
    Module: Linear
  Module: ModuleList
    Module: Dropout
dropout设置为训练模式
    Module: Dropout
dropout设置为训练模式
    Module: Dropout
dropout设置为训练模式
  Module: ReLU
test_loss: 0.0963
epoch 136
train_loss: 0.0723
Module: DropoutFullyConnectedNN
  Module: ModuleList
    Module: Linear
    Module: Linear
    Module: Linear
  Module: ModuleList
    Module: Dropout
dropout设置为训练模式
    Module: Dropout
dropout设置为训练模式
    Module: Dropout
dropout设置为训练模式
  Module: ReLU
test_loss: 0.1138
epoch 137
train_loss: 0.0823
Module: DropoutFullyConnectedNN
  Module: ModuleList
    Module: Linear
    Module: Linear
    Module: Linear
  Module: ModuleList
    Module: Dropout
dropout设置为训练模式
    Module: Dropout
dropout设置为训练模式
    Module: Dropout
dropout设置为训练模式
  Module: ReLU
test_loss: 0.1038
epoch 138
train_loss: 0.0777
Module: DropoutFullyConnectedNN
  Module: ModuleList
    Module: Linear
    Module: Linear
    Module: Linear
  Module: ModuleList
    Module: Dropout
dropout设置为训练模式
    Module: Dropout
dropout设置为训练模式
    Module: Dropout
dropout设置为训练模式
  Module: ReLU
test_loss: 0.1020
epoch 139
train_loss: 0.0804
Module: DropoutFullyConnectedNN
  Module: ModuleList
    Module: Linear
    Module: Linear
    Module: Linear
  Module: ModuleList
    Module: Dropout
dropout设置为训练模式
    Module: Dropout
dropout设置为训练模式
    Module: Dropout
dropout设置为训练模式
  Module: ReLU
test_loss: 0.1082
epoch 140
train_loss: 0.0702
Module: DropoutFullyConnectedNN
  Module: ModuleList
    Module: Linear
    Module: Linear
    Module: Linear
  Module: ModuleList
    Module: Dropout
dropout设置为训练模式
    Module: Dropout
dropout设置为训练模式
    Module: Dropout
dropout设置为训练模式
  Module: ReLU
test_loss: 0.1094
epoch 141
train_loss: 0.0791
Module: DropoutFullyConnectedNN
  Module: ModuleList
    Module: Linear
    Module: Linear
    Module: Linear
  Module: ModuleList
    Module: Dropout
dropout设置为训练模式
    Module: Dropout
dropout设置为训练模式
    Module: Dropout
dropout设置为训练模式
  Module: ReLU
test_loss: 0.1083
epoch 142
train_loss: 0.0750
Module: DropoutFullyConnectedNN
  Module: ModuleList
    Module: Linear
    Module: Linear
    Module: Linear
  Module: ModuleList
    Module: Dropout
dropout设置为训练模式
    Module: Dropout
dropout设置为训练模式
    Module: Dropout
dropout设置为训练模式
  Module: ReLU
test_loss: 0.1085
epoch 143
train_loss: 0.0758
Module: DropoutFullyConnectedNN
  Module: ModuleList
    Module: Linear
    Module: Linear
    Module: Linear
  Module: ModuleList
    Module: Dropout
dropout设置为训练模式
    Module: Dropout
dropout设置为训练模式
    Module: Dropout
dropout设置为训练模式
  Module: ReLU
test_loss: 0.1082
epoch 144
train_loss: 0.0801
Module: DropoutFullyConnectedNN
  Module: ModuleList
    Module: Linear
    Module: Linear
    Module: Linear
  Module: ModuleList
    Module: Dropout
dropout设置为训练模式
    Module: Dropout
dropout设置为训练模式
    Module: Dropout
dropout设置为训练模式
  Module: ReLU
test_loss: 0.1016
epoch 145
train_loss: 0.0803
Module: DropoutFullyConnectedNN
  Module: ModuleList
    Module: Linear
    Module: Linear
    Module: Linear
  Module: ModuleList
    Module: Dropout
dropout设置为训练模式
    Module: Dropout
dropout设置为训练模式
    Module: Dropout
dropout设置为训练模式
  Module: ReLU
test_loss: 0.1052
epoch 146
train_loss: 0.0780
Module: DropoutFullyConnectedNN
  Module: ModuleList
    Module: Linear
    Module: Linear
    Module: Linear
  Module: ModuleList
    Module: Dropout
dropout设置为训练模式
    Module: Dropout
dropout设置为训练模式
    Module: Dropout
dropout设置为训练模式
  Module: ReLU
test_loss: 0.1088
epoch 147
train_loss: 0.0794
Module: DropoutFullyConnectedNN
  Module: ModuleList
    Module: Linear
    Module: Linear
    Module: Linear
  Module: ModuleList
    Module: Dropout
dropout设置为训练模式
    Module: Dropout
dropout设置为训练模式
    Module: Dropout
dropout设置为训练模式
  Module: ReLU
test_loss: 0.1019
epoch 148
train_loss: 0.0763
Module: DropoutFullyConnectedNN
  Module: ModuleList
    Module: Linear
    Module: Linear
    Module: Linear
  Module: ModuleList
    Module: Dropout
dropout设置为训练模式
    Module: Dropout
dropout设置为训练模式
    Module: Dropout
dropout设置为训练模式
  Module: ReLU
test_loss: 0.1017
epoch 149
train_loss: 0.0770
Module: DropoutFullyConnectedNN
  Module: ModuleList
    Module: Linear
    Module: Linear
    Module: Linear
  Module: ModuleList
    Module: Dropout
dropout设置为训练模式
    Module: Dropout
dropout设置为训练模式
    Module: Dropout
dropout设置为训练模式
  Module: ReLU
test_loss: 0.1017
epoch 150
train_loss: 0.0743
Module: DropoutFullyConnectedNN
  Module: ModuleList
    Module: Linear
    Module: Linear
    Module: Linear
  Module: ModuleList
    Module: Dropout
dropout设置为训练模式
    Module: Dropout
dropout设置为训练模式
    Module: Dropout
dropout设置为训练模式
  Module: ReLU
test_loss: 0.1090
epoch 151
train_loss: 0.0733
Module: DropoutFullyConnectedNN
  Module: ModuleList
    Module: Linear
    Module: Linear
    Module: Linear
  Module: ModuleList
    Module: Dropout
dropout设置为训练模式
    Module: Dropout
dropout设置为训练模式
    Module: Dropout
dropout设置为训练模式
  Module: ReLU
test_loss: 0.1062
epoch 152
train_loss: 0.0731
Module: DropoutFullyConnectedNN
  Module: ModuleList
    Module: Linear
    Module: Linear
    Module: Linear
  Module: ModuleList
    Module: Dropout
dropout设置为训练模式
    Module: Dropout
dropout设置为训练模式
    Module: Dropout
dropout设置为训练模式
  Module: ReLU
test_loss: 0.1034
epoch 153
train_loss: 0.0668
Module: DropoutFullyConnectedNN
  Module: ModuleList
    Module: Linear
    Module: Linear
    Module: Linear
  Module: ModuleList
    Module: Dropout
dropout设置为训练模式
    Module: Dropout
dropout设置为训练模式
    Module: Dropout
dropout设置为训练模式
  Module: ReLU
test_loss: 0.1004
epoch 154
train_loss: 0.0763
Module: DropoutFullyConnectedNN
  Module: ModuleList
    Module: Linear
    Module: Linear
    Module: Linear
  Module: ModuleList
    Module: Dropout
dropout设置为训练模式
    Module: Dropout
dropout设置为训练模式
    Module: Dropout
dropout设置为训练模式
  Module: ReLU
test_loss: 0.1100
epoch 155
train_loss: 0.0726
Module: DropoutFullyConnectedNN
  Module: ModuleList
    Module: Linear
    Module: Linear
    Module: Linear
  Module: ModuleList
    Module: Dropout
dropout设置为训练模式
    Module: Dropout
dropout设置为训练模式
    Module: Dropout
dropout设置为训练模式
  Module: ReLU
test_loss: 0.0950
epoch 156
train_loss: 0.0701
Module: DropoutFullyConnectedNN
  Module: ModuleList
    Module: Linear
    Module: Linear
    Module: Linear
  Module: ModuleList
    Module: Dropout
dropout设置为训练模式
    Module: Dropout
dropout设置为训练模式
    Module: Dropout
dropout设置为训练模式
  Module: ReLU
test_loss: 0.0997
epoch 157
train_loss: 0.0737
Module: DropoutFullyConnectedNN
  Module: ModuleList
    Module: Linear
    Module: Linear
    Module: Linear
  Module: ModuleList
    Module: Dropout
dropout设置为训练模式
    Module: Dropout
dropout设置为训练模式
    Module: Dropout
dropout设置为训练模式
  Module: ReLU
test_loss: 0.1009
epoch 158
train_loss: 0.0750
Module: DropoutFullyConnectedNN
  Module: ModuleList
    Module: Linear
    Module: Linear
    Module: Linear
  Module: ModuleList
    Module: Dropout
dropout设置为训练模式
    Module: Dropout
dropout设置为训练模式
    Module: Dropout
dropout设置为训练模式
  Module: ReLU
test_loss: 0.1008
epoch 159
train_loss: 0.0795
Module: DropoutFullyConnectedNN
  Module: ModuleList
    Module: Linear
    Module: Linear
    Module: Linear
  Module: ModuleList
    Module: Dropout
dropout设置为训练模式
    Module: Dropout
dropout设置为训练模式
    Module: Dropout
dropout设置为训练模式
  Module: ReLU
test_loss: 0.1072
epoch 160
train_loss: 0.0727
Module: DropoutFullyConnectedNN
  Module: ModuleList
    Module: Linear
    Module: Linear
    Module: Linear
  Module: ModuleList
    Module: Dropout
dropout设置为训练模式
    Module: Dropout
dropout设置为训练模式
    Module: Dropout
dropout设置为训练模式
  Module: ReLU
test_loss: 0.1087
epoch 161
train_loss: 0.0798
Module: DropoutFullyConnectedNN
  Module: ModuleList
    Module: Linear
    Module: Linear
    Module: Linear
  Module: ModuleList
    Module: Dropout
dropout设置为训练模式
    Module: Dropout
dropout设置为训练模式
    Module: Dropout
dropout设置为训练模式
  Module: ReLU
test_loss: 0.1049
epoch 162
train_loss: 0.0749
Module: DropoutFullyConnectedNN
  Module: ModuleList
    Module: Linear
    Module: Linear
    Module: Linear
  Module: ModuleList
    Module: Dropout
dropout设置为训练模式
    Module: Dropout
dropout设置为训练模式
    Module: Dropout
dropout设置为训练模式
  Module: ReLU
test_loss: 0.1028
epoch 163
train_loss: 0.0708
Module: DropoutFullyConnectedNN
  Module: ModuleList
    Module: Linear
    Module: Linear
    Module: Linear
  Module: ModuleList
    Module: Dropout
dropout设置为训练模式
    Module: Dropout
dropout设置为训练模式
    Module: Dropout
dropout设置为训练模式
  Module: ReLU
test_loss: 0.1067
epoch 164
train_loss: 0.0827
Module: DropoutFullyConnectedNN
  Module: ModuleList
    Module: Linear
    Module: Linear
    Module: Linear
  Module: ModuleList
    Module: Dropout
dropout设置为训练模式
    Module: Dropout
dropout设置为训练模式
    Module: Dropout
dropout设置为训练模式
  Module: ReLU
test_loss: 0.1042
epoch 165
train_loss: 0.0716
Module: DropoutFullyConnectedNN
  Module: ModuleList
    Module: Linear
    Module: Linear
    Module: Linear
  Module: ModuleList
    Module: Dropout
dropout设置为训练模式
    Module: Dropout
dropout设置为训练模式
    Module: Dropout
dropout设置为训练模式
  Module: ReLU
test_loss: 0.1082
epoch 166
train_loss: 0.0739
Module: DropoutFullyConnectedNN
  Module: ModuleList
    Module: Linear
    Module: Linear
    Module: Linear
  Module: ModuleList
    Module: Dropout
dropout设置为训练模式
    Module: Dropout
dropout设置为训练模式
    Module: Dropout
dropout设置为训练模式
  Module: ReLU
test_loss: 0.1027
epoch 167
train_loss: 0.0731
Module: DropoutFullyConnectedNN
  Module: ModuleList
    Module: Linear
    Module: Linear
    Module: Linear
  Module: ModuleList
    Module: Dropout
dropout设置为训练模式
    Module: Dropout
dropout设置为训练模式
    Module: Dropout
dropout设置为训练模式
  Module: ReLU
test_loss: 0.1060
epoch 168
train_loss: 0.0726
Module: DropoutFullyConnectedNN
  Module: ModuleList
    Module: Linear
    Module: Linear
    Module: Linear
  Module: ModuleList
    Module: Dropout
dropout设置为训练模式
    Module: Dropout
dropout设置为训练模式
    Module: Dropout
dropout设置为训练模式
  Module: ReLU
test_loss: 0.0985
epoch 169
train_loss: 0.0714
Module: DropoutFullyConnectedNN
  Module: ModuleList
    Module: Linear
    Module: Linear
    Module: Linear
  Module: ModuleList
    Module: Dropout
dropout设置为训练模式
    Module: Dropout
dropout设置为训练模式
    Module: Dropout
dropout设置为训练模式
  Module: ReLU
test_loss: 0.1066
epoch 170
train_loss: 0.0735
Module: DropoutFullyConnectedNN
  Module: ModuleList
    Module: Linear
    Module: Linear
    Module: Linear
  Module: ModuleList
    Module: Dropout
dropout设置为训练模式
    Module: Dropout
dropout设置为训练模式
    Module: Dropout
dropout设置为训练模式
  Module: ReLU
test_loss: 0.1003
epoch 171
train_loss: 0.0744
Module: DropoutFullyConnectedNN
  Module: ModuleList
    Module: Linear
    Module: Linear
    Module: Linear
  Module: ModuleList
    Module: Dropout
dropout设置为训练模式
    Module: Dropout
dropout设置为训练模式
    Module: Dropout
dropout设置为训练模式
  Module: ReLU
test_loss: 0.1005
epoch 172
train_loss: 0.0738
Module: DropoutFullyConnectedNN
  Module: ModuleList
    Module: Linear
    Module: Linear
    Module: Linear
  Module: ModuleList
    Module: Dropout
dropout设置为训练模式
    Module: Dropout
dropout设置为训练模式
    Module: Dropout
dropout设置为训练模式
  Module: ReLU
test_loss: 0.0987
epoch 173
train_loss: 0.0755
Module: DropoutFullyConnectedNN
  Module: ModuleList
    Module: Linear
    Module: Linear
    Module: Linear
  Module: ModuleList
    Module: Dropout
dropout设置为训练模式
    Module: Dropout
dropout设置为训练模式
    Module: Dropout
dropout设置为训练模式
  Module: ReLU
test_loss: 0.1088
epoch 174
train_loss: 0.0680
Module: DropoutFullyConnectedNN
  Module: ModuleList
    Module: Linear
    Module: Linear
    Module: Linear
  Module: ModuleList
    Module: Dropout
dropout设置为训练模式
    Module: Dropout
dropout设置为训练模式
    Module: Dropout
dropout设置为训练模式
  Module: ReLU
test_loss: 0.1008
epoch 175
train_loss: 0.0728
Module: DropoutFullyConnectedNN
  Module: ModuleList
    Module: Linear
    Module: Linear
    Module: Linear
  Module: ModuleList
    Module: Dropout
dropout设置为训练模式
    Module: Dropout
dropout设置为训练模式
    Module: Dropout
dropout设置为训练模式
  Module: ReLU
test_loss: 0.1017
epoch 176
train_loss: 0.0726
Module: DropoutFullyConnectedNN
  Module: ModuleList
    Module: Linear
    Module: Linear
    Module: Linear
  Module: ModuleList
    Module: Dropout
dropout设置为训练模式
    Module: Dropout
dropout设置为训练模式
    Module: Dropout
dropout设置为训练模式
  Module: ReLU
test_loss: 0.0987
epoch 177
train_loss: 0.0749
Module: DropoutFullyConnectedNN
  Module: ModuleList
    Module: Linear
    Module: Linear
    Module: Linear
  Module: ModuleList
    Module: Dropout
dropout设置为训练模式
    Module: Dropout
dropout设置为训练模式
    Module: Dropout
dropout设置为训练模式
  Module: ReLU
test_loss: 0.1048
epoch 178
train_loss: 0.0703
Module: DropoutFullyConnectedNN
  Module: ModuleList
    Module: Linear
    Module: Linear
    Module: Linear
  Module: ModuleList
    Module: Dropout
dropout设置为训练模式
    Module: Dropout
dropout设置为训练模式
    Module: Dropout
dropout设置为训练模式
  Module: ReLU
test_loss: 0.1060
epoch 179
train_loss: 0.0693
Module: DropoutFullyConnectedNN
  Module: ModuleList
    Module: Linear
    Module: Linear
    Module: Linear
  Module: ModuleList
    Module: Dropout
dropout设置为训练模式
    Module: Dropout
dropout设置为训练模式
    Module: Dropout
dropout设置为训练模式
  Module: ReLU
test_loss: 0.1016
epoch 180
train_loss: 0.0726
Module: DropoutFullyConnectedNN
  Module: ModuleList
    Module: Linear
    Module: Linear
    Module: Linear
  Module: ModuleList
    Module: Dropout
dropout设置为训练模式
    Module: Dropout
dropout设置为训练模式
    Module: Dropout
dropout设置为训练模式
  Module: ReLU
test_loss: 0.1009
epoch 181
train_loss: 0.0741
Module: DropoutFullyConnectedNN
  Module: ModuleList
    Module: Linear
    Module: Linear
    Module: Linear
  Module: ModuleList
    Module: Dropout
dropout设置为训练模式
    Module: Dropout
dropout设置为训练模式
    Module: Dropout
dropout设置为训练模式
  Module: ReLU
test_loss: 0.1034
epoch 182
train_loss: 0.0756
Module: DropoutFullyConnectedNN
  Module: ModuleList
    Module: Linear
    Module: Linear
    Module: Linear
  Module: ModuleList
    Module: Dropout
dropout设置为训练模式
    Module: Dropout
dropout设置为训练模式
    Module: Dropout
dropout设置为训练模式
  Module: ReLU
test_loss: 0.1041
epoch 183
train_loss: 0.0670
Module: DropoutFullyConnectedNN
  Module: ModuleList
    Module: Linear
    Module: Linear
    Module: Linear
  Module: ModuleList
    Module: Dropout
dropout设置为训练模式
    Module: Dropout
dropout设置为训练模式
    Module: Dropout
dropout设置为训练模式
  Module: ReLU
test_loss: 0.1035
epoch 184
train_loss: 0.0692
Module: DropoutFullyConnectedNN
  Module: ModuleList
    Module: Linear
    Module: Linear
    Module: Linear
  Module: ModuleList
    Module: Dropout
dropout设置为训练模式
    Module: Dropout
dropout设置为训练模式
    Module: Dropout
dropout设置为训练模式
  Module: ReLU
test_loss: 0.1028
epoch 185
train_loss: 0.0713
Module: DropoutFullyConnectedNN
  Module: ModuleList
    Module: Linear
    Module: Linear
    Module: Linear
  Module: ModuleList
    Module: Dropout
dropout设置为训练模式
    Module: Dropout
dropout设置为训练模式
    Module: Dropout
dropout设置为训练模式
  Module: ReLU
test_loss: 0.1015
epoch 186
train_loss: 0.0716
Module: DropoutFullyConnectedNN
  Module: ModuleList
    Module: Linear
    Module: Linear
    Module: Linear
  Module: ModuleList
    Module: Dropout
dropout设置为训练模式
    Module: Dropout
dropout设置为训练模式
    Module: Dropout
dropout设置为训练模式
  Module: ReLU
test_loss: 0.0956
epoch 187
train_loss: 0.0658
Module: DropoutFullyConnectedNN
  Module: ModuleList
    Module: Linear
    Module: Linear
    Module: Linear
  Module: ModuleList
    Module: Dropout
dropout设置为训练模式
    Module: Dropout
dropout设置为训练模式
    Module: Dropout
dropout设置为训练模式
  Module: ReLU
test_loss: 0.1034
epoch 188
train_loss: 0.0723
Module: DropoutFullyConnectedNN
  Module: ModuleList
    Module: Linear
    Module: Linear
    Module: Linear
  Module: ModuleList
    Module: Dropout
dropout设置为训练模式
    Module: Dropout
dropout设置为训练模式
    Module: Dropout
dropout设置为训练模式
  Module: ReLU
test_loss: 0.0977
epoch 189
train_loss: 0.0764
Module: DropoutFullyConnectedNN
  Module: ModuleList
    Module: Linear
    Module: Linear
    Module: Linear
  Module: ModuleList
    Module: Dropout
dropout设置为训练模式
    Module: Dropout
dropout设置为训练模式
    Module: Dropout
dropout设置为训练模式
  Module: ReLU
test_loss: 0.1031
epoch 190
train_loss: 0.0697
Module: DropoutFullyConnectedNN
  Module: ModuleList
    Module: Linear
    Module: Linear
    Module: Linear
  Module: ModuleList
    Module: Dropout
dropout设置为训练模式
    Module: Dropout
dropout设置为训练模式
    Module: Dropout
dropout设置为训练模式
  Module: ReLU
test_loss: 0.0954
epoch 191
train_loss: 0.0692
Module: DropoutFullyConnectedNN
  Module: ModuleList
    Module: Linear
    Module: Linear
    Module: Linear
  Module: ModuleList
    Module: Dropout
dropout设置为训练模式
    Module: Dropout
dropout设置为训练模式
    Module: Dropout
dropout设置为训练模式
  Module: ReLU
test_loss: 0.1031
epoch 192
train_loss: 0.0729
Module: DropoutFullyConnectedNN
  Module: ModuleList
    Module: Linear
    Module: Linear
    Module: Linear
  Module: ModuleList
    Module: Dropout
dropout设置为训练模式
    Module: Dropout
dropout设置为训练模式
    Module: Dropout
dropout设置为训练模式
  Module: ReLU
test_loss: 0.1061
epoch 193
train_loss: 0.0684
Module: DropoutFullyConnectedNN
  Module: ModuleList
    Module: Linear
    Module: Linear
    Module: Linear
  Module: ModuleList
    Module: Dropout
dropout设置为训练模式
    Module: Dropout
dropout设置为训练模式
    Module: Dropout
dropout设置为训练模式
  Module: ReLU
test_loss: 0.0923
epoch 194
train_loss: 0.0751
Module: DropoutFullyConnectedNN
  Module: ModuleList
    Module: Linear
    Module: Linear
    Module: Linear
  Module: ModuleList
    Module: Dropout
dropout设置为训练模式
    Module: Dropout
dropout设置为训练模式
    Module: Dropout
dropout设置为训练模式
  Module: ReLU
test_loss: 0.1059
epoch 195
train_loss: 0.0688
Module: DropoutFullyConnectedNN
  Module: ModuleList
    Module: Linear
    Module: Linear
    Module: Linear
  Module: ModuleList
    Module: Dropout
dropout设置为训练模式
    Module: Dropout
dropout设置为训练模式
    Module: Dropout
dropout设置为训练模式
  Module: ReLU
test_loss: 0.1003
epoch 196
train_loss: 0.0735
Module: DropoutFullyConnectedNN
  Module: ModuleList
    Module: Linear
    Module: Linear
    Module: Linear
  Module: ModuleList
    Module: Dropout
dropout设置为训练模式
    Module: Dropout
dropout设置为训练模式
    Module: Dropout
dropout设置为训练模式
  Module: ReLU
test_loss: 0.1021
epoch 197
train_loss: 0.0734
Module: DropoutFullyConnectedNN
  Module: ModuleList
    Module: Linear
    Module: Linear
    Module: Linear
  Module: ModuleList
    Module: Dropout
dropout设置为训练模式
    Module: Dropout
dropout设置为训练模式
    Module: Dropout
dropout设置为训练模式
  Module: ReLU
test_loss: 0.1023
epoch 198
train_loss: 0.0708
Module: DropoutFullyConnectedNN
  Module: ModuleList
    Module: Linear
    Module: Linear
    Module: Linear
  Module: ModuleList
    Module: Dropout
dropout设置为训练模式
    Module: Dropout
dropout设置为训练模式
    Module: Dropout
dropout设置为训练模式
  Module: ReLU
test_loss: 0.0921
epoch 199
train_loss: 0.0657
Module: DropoutFullyConnectedNN
  Module: ModuleList
    Module: Linear
    Module: Linear
    Module: Linear
  Module: ModuleList
    Module: Dropout
dropout设置为训练模式
    Module: Dropout
dropout设置为训练模式
    Module: Dropout
dropout设置为训练模式
  Module: ReLU
test_loss: 0.0998
epoch 200
train_loss: 0.0633
Module: DropoutFullyConnectedNN
  Module: ModuleList
    Module: Linear
    Module: Linear
    Module: Linear
  Module: ModuleList
    Module: Dropout
dropout设置为训练模式
    Module: Dropout
dropout设置为训练模式
    Module: Dropout
dropout设置为训练模式
  Module: ReLU
test_loss: 0.0977
epoch 201
train_loss: 0.0690
Module: DropoutFullyConnectedNN
  Module: ModuleList
    Module: Linear
    Module: Linear
    Module: Linear
  Module: ModuleList
    Module: Dropout
dropout设置为训练模式
    Module: Dropout
dropout设置为训练模式
    Module: Dropout
dropout设置为训练模式
  Module: ReLU
test_loss: 0.1040
epoch 202
train_loss: 0.0708
Module: DropoutFullyConnectedNN
  Module: ModuleList
    Module: Linear
    Module: Linear
    Module: Linear
  Module: ModuleList
    Module: Dropout
dropout设置为训练模式
    Module: Dropout
dropout设置为训练模式
    Module: Dropout
dropout设置为训练模式
  Module: ReLU
test_loss: 0.1033
epoch 203
train_loss: 0.0674
Module: DropoutFullyConnectedNN
  Module: ModuleList
    Module: Linear
    Module: Linear
    Module: Linear
  Module: ModuleList
    Module: Dropout
dropout设置为训练模式
    Module: Dropout
dropout设置为训练模式
    Module: Dropout
dropout设置为训练模式
  Module: ReLU
test_loss: 0.1036
epoch 204
train_loss: 0.0725
Module: DropoutFullyConnectedNN
  Module: ModuleList
    Module: Linear
    Module: Linear
    Module: Linear
  Module: ModuleList
    Module: Dropout
dropout设置为训练模式
    Module: Dropout
dropout设置为训练模式
    Module: Dropout
dropout设置为训练模式
  Module: ReLU
test_loss: 0.0996
epoch 205
train_loss: 0.0688
Module: DropoutFullyConnectedNN
  Module: ModuleList
    Module: Linear
    Module: Linear
    Module: Linear
  Module: ModuleList
    Module: Dropout
dropout设置为训练模式
    Module: Dropout
dropout设置为训练模式
    Module: Dropout
dropout设置为训练模式
  Module: ReLU
test_loss: 0.1066
epoch 206
train_loss: 0.0651
Module: DropoutFullyConnectedNN
  Module: ModuleList
    Module: Linear
    Module: Linear
    Module: Linear
  Module: ModuleList
    Module: Dropout
dropout设置为训练模式
    Module: Dropout
dropout设置为训练模式
    Module: Dropout
dropout设置为训练模式
  Module: ReLU
test_loss: 0.1016
epoch 207
train_loss: 0.0655
Module: DropoutFullyConnectedNN
  Module: ModuleList
    Module: Linear
    Module: Linear
    Module: Linear
  Module: ModuleList
    Module: Dropout
dropout设置为训练模式
    Module: Dropout
dropout设置为训练模式
    Module: Dropout
dropout设置为训练模式
  Module: ReLU
test_loss: 0.0985
epoch 208
train_loss: 0.0696
Module: DropoutFullyConnectedNN
  Module: ModuleList
    Module: Linear
    Module: Linear
    Module: Linear
  Module: ModuleList
    Module: Dropout
dropout设置为训练模式
    Module: Dropout
dropout设置为训练模式
    Module: Dropout
dropout设置为训练模式
  Module: ReLU
test_loss: 0.0931
epoch 209
train_loss: 0.0701
Module: DropoutFullyConnectedNN
  Module: ModuleList
    Module: Linear
    Module: Linear
    Module: Linear
  Module: ModuleList
    Module: Dropout
dropout设置为训练模式
    Module: Dropout
dropout设置为训练模式
    Module: Dropout
dropout设置为训练模式
  Module: ReLU
test_loss: 0.0954
epoch 210
train_loss: 0.0636
Module: DropoutFullyConnectedNN
  Module: ModuleList
    Module: Linear
    Module: Linear
    Module: Linear
  Module: ModuleList
    Module: Dropout
dropout设置为训练模式
    Module: Dropout
dropout设置为训练模式
    Module: Dropout
dropout设置为训练模式
  Module: ReLU
test_loss: 0.1066
epoch 211
train_loss: 0.0691
Module: DropoutFullyConnectedNN
  Module: ModuleList
    Module: Linear
    Module: Linear
    Module: Linear
  Module: ModuleList
    Module: Dropout
dropout设置为训练模式
    Module: Dropout
dropout设置为训练模式
    Module: Dropout
dropout设置为训练模式
  Module: ReLU
test_loss: 0.1072
epoch 212
train_loss: 0.0711
Module: DropoutFullyConnectedNN
  Module: ModuleList
    Module: Linear
    Module: Linear
    Module: Linear
  Module: ModuleList
    Module: Dropout
dropout设置为训练模式
    Module: Dropout
dropout设置为训练模式
    Module: Dropout
dropout设置为训练模式
  Module: ReLU
test_loss: 0.0980
epoch 213
train_loss: 0.0680
Module: DropoutFullyConnectedNN
  Module: ModuleList
    Module: Linear
    Module: Linear
    Module: Linear
  Module: ModuleList
    Module: Dropout
dropout设置为训练模式
    Module: Dropout
dropout设置为训练模式
    Module: Dropout
dropout设置为训练模式
  Module: ReLU
test_loss: 0.1020
epoch 214
train_loss: 0.0662
Module: DropoutFullyConnectedNN
  Module: ModuleList
    Module: Linear
    Module: Linear
    Module: Linear
  Module: ModuleList
    Module: Dropout
dropout设置为训练模式
    Module: Dropout
dropout设置为训练模式
    Module: Dropout
dropout设置为训练模式
  Module: ReLU
test_loss: 0.1023
epoch 215
train_loss: 0.0669
Module: DropoutFullyConnectedNN
  Module: ModuleList
    Module: Linear
    Module: Linear
    Module: Linear
  Module: ModuleList
    Module: Dropout
dropout设置为训练模式
    Module: Dropout
dropout设置为训练模式
    Module: Dropout
dropout设置为训练模式
  Module: ReLU
test_loss: 0.0986
epoch 216
train_loss: 0.0688
Module: DropoutFullyConnectedNN
  Module: ModuleList
    Module: Linear
    Module: Linear
    Module: Linear
  Module: ModuleList
    Module: Dropout
dropout设置为训练模式
    Module: Dropout
dropout设置为训练模式
    Module: Dropout
dropout设置为训练模式
  Module: ReLU
test_loss: 0.1018
epoch 217
train_loss: 0.0697
Module: DropoutFullyConnectedNN
  Module: ModuleList
    Module: Linear
    Module: Linear
    Module: Linear
  Module: ModuleList
    Module: Dropout
dropout设置为训练模式
    Module: Dropout
dropout设置为训练模式
    Module: Dropout
dropout设置为训练模式
  Module: ReLU
test_loss: 0.1020
epoch 218
train_loss: 0.0700
Module: DropoutFullyConnectedNN
  Module: ModuleList
    Module: Linear
    Module: Linear
    Module: Linear
  Module: ModuleList
    Module: Dropout
dropout设置为训练模式
    Module: Dropout
dropout设置为训练模式
    Module: Dropout
dropout设置为训练模式
  Module: ReLU
test_loss: 0.1009
epoch 219
train_loss: 0.0692
Module: DropoutFullyConnectedNN
  Module: ModuleList
    Module: Linear
    Module: Linear
    Module: Linear
  Module: ModuleList
    Module: Dropout
dropout设置为训练模式
    Module: Dropout
dropout设置为训练模式
    Module: Dropout
dropout设置为训练模式
  Module: ReLU
test_loss: 0.0981
epoch 220
train_loss: 0.0708
Module: DropoutFullyConnectedNN
  Module: ModuleList
    Module: Linear
    Module: Linear
    Module: Linear
  Module: ModuleList
    Module: Dropout
dropout设置为训练模式
    Module: Dropout
dropout设置为训练模式
    Module: Dropout
dropout设置为训练模式
  Module: ReLU
test_loss: 0.0991
epoch 221
train_loss: 0.0711
Module: DropoutFullyConnectedNN
  Module: ModuleList
    Module: Linear
    Module: Linear
    Module: Linear
  Module: ModuleList
    Module: Dropout
dropout设置为训练模式
    Module: Dropout
dropout设置为训练模式
    Module: Dropout
dropout设置为训练模式
  Module: ReLU
test_loss: 0.1010
epoch 222
train_loss: 0.0679
Module: DropoutFullyConnectedNN
  Module: ModuleList
    Module: Linear
    Module: Linear
    Module: Linear
  Module: ModuleList
    Module: Dropout
dropout设置为训练模式
    Module: Dropout
dropout设置为训练模式
    Module: Dropout
dropout设置为训练模式
  Module: ReLU
test_loss: 0.1031
epoch 223
train_loss: 0.0647
Module: DropoutFullyConnectedNN
  Module: ModuleList
    Module: Linear
    Module: Linear
    Module: Linear
  Module: ModuleList
    Module: Dropout
dropout设置为训练模式
    Module: Dropout
dropout设置为训练模式
    Module: Dropout
dropout设置为训练模式
  Module: ReLU
test_loss: 0.0955
epoch 224
train_loss: 0.0725
Module: DropoutFullyConnectedNN
  Module: ModuleList
    Module: Linear
    Module: Linear
    Module: Linear
  Module: ModuleList
    Module: Dropout
dropout设置为训练模式
    Module: Dropout
dropout设置为训练模式
    Module: Dropout
dropout设置为训练模式
  Module: ReLU
test_loss: 0.0969
epoch 225
train_loss: 0.0643
Module: DropoutFullyConnectedNN
  Module: ModuleList
    Module: Linear
    Module: Linear
    Module: Linear
  Module: ModuleList
    Module: Dropout
dropout设置为训练模式
    Module: Dropout
dropout设置为训练模式
    Module: Dropout
dropout设置为训练模式
  Module: ReLU
test_loss: 0.0997
epoch 226
train_loss: 0.0708
Module: DropoutFullyConnectedNN
  Module: ModuleList
    Module: Linear
    Module: Linear
    Module: Linear
  Module: ModuleList
    Module: Dropout
dropout设置为训练模式
    Module: Dropout
dropout设置为训练模式
    Module: Dropout
dropout设置为训练模式
  Module: ReLU
test_loss: 0.0960
epoch 227
train_loss: 0.0623
Module: DropoutFullyConnectedNN
  Module: ModuleList
    Module: Linear
    Module: Linear
    Module: Linear
  Module: ModuleList
    Module: Dropout
dropout设置为训练模式
    Module: Dropout
dropout设置为训练模式
    Module: Dropout
dropout设置为训练模式
  Module: ReLU
test_loss: 0.1015
epoch 228
train_loss: 0.0730
Module: DropoutFullyConnectedNN
  Module: ModuleList
    Module: Linear
    Module: Linear
    Module: Linear
  Module: ModuleList
    Module: Dropout
dropout设置为训练模式
    Module: Dropout
dropout设置为训练模式
    Module: Dropout
dropout设置为训练模式
  Module: ReLU
test_loss: 0.1008
epoch 229
train_loss: 0.0667
Module: DropoutFullyConnectedNN
  Module: ModuleList
    Module: Linear
    Module: Linear
    Module: Linear
  Module: ModuleList
    Module: Dropout
dropout设置为训练模式
    Module: Dropout
dropout设置为训练模式
    Module: Dropout
dropout设置为训练模式
  Module: ReLU
test_loss: 0.1010
/home/xueqiong/noise_injection_uncertainty/regression/utils.py:39: FutureWarning: The 'delim_whitespace' keyword in pd.read_csv is deprecated and will be removed in a future version. Use ``sep='\s+'`` instead
  return pd.read_csv(dataset_path, engine='python', header=None, delim_whitespace=True)
8 1
824 206 1030
model_name fixnoiseFCN
using Adam as optimizer
epoch 0
train_loss: 0.8658
test_loss: 0.7355
epoch 1
train_loss: 0.5670
test_loss: 0.5025
epoch 2
train_loss: 0.4134
test_loss: 0.4207
epoch 3
train_loss: 0.3633
test_loss: 0.3745
epoch 4
train_loss: 0.3168
test_loss: 0.3407
epoch 5
train_loss: 0.2796
test_loss: 0.3143
epoch 6
train_loss: 0.2500
test_loss: 0.2845
epoch 7
train_loss: 0.2258
test_loss: 0.2617
epoch 8
train_loss: 0.2044
test_loss: 0.2406
epoch 9
train_loss: 0.1910
test_loss: 0.2257
epoch 10
train_loss: 0.1735
test_loss: 0.2160
epoch 11
train_loss: 0.1726
test_loss: 0.2060
epoch 12
train_loss: 0.1658
test_loss: 0.1964
epoch 13
train_loss: 0.1596
test_loss: 0.1906
epoch 14
train_loss: 0.1476
test_loss: 0.1850
epoch 15
train_loss: 0.1390
test_loss: 0.1879
epoch 16
train_loss: 0.1460
test_loss: 0.1787
epoch 17
train_loss: 0.1283
test_loss: 0.1738
epoch 18
train_loss: 0.1343
test_loss: 0.1759
epoch 19
train_loss: 0.1383
test_loss: 0.1684
epoch 20
train_loss: 0.1310
test_loss: 0.1672
epoch 21
train_loss: 0.1215
test_loss: 0.1720
epoch 22
train_loss: 0.1164
test_loss: 0.1660
epoch 23
train_loss: 0.1193
test_loss: 0.1659
epoch 24
train_loss: 0.1176
test_loss: 0.1619
epoch 25
train_loss: 0.1128
test_loss: 0.1627
epoch 26
train_loss: 0.1055
test_loss: 0.1655
epoch 27
train_loss: 0.1196
test_loss: 0.1614
epoch 28
train_loss: 0.1121
test_loss: 0.1604
epoch 29
train_loss: 0.1038
test_loss: 0.1666
epoch 30
train_loss: 0.1116
test_loss: 0.1570
epoch 31
train_loss: 0.1076
test_loss: 0.1583
epoch 32
train_loss: 0.1030
test_loss: 0.1530
epoch 33
train_loss: 0.1019
test_loss: 0.1561
epoch 34
train_loss: 0.1066
test_loss: 0.1587
epoch 35
train_loss: 0.0992
test_loss: 0.1586
epoch 36
train_loss: 0.0949
test_loss: 0.1519
epoch 37
train_loss: 0.1007
test_loss: 0.1546
epoch 38
train_loss: 0.0927
test_loss: 0.1504
epoch 39
train_loss: 0.0924
test_loss: 0.1493
epoch 40
train_loss: 0.0890
test_loss: 0.1509
epoch 41
train_loss: 0.0956
test_loss: 0.1463
epoch 42
train_loss: 0.0949
test_loss: 0.1605
epoch 43
train_loss: 0.0911
test_loss: 0.1544
epoch 44
train_loss: 0.0868
test_loss: 0.1551
epoch 45
train_loss: 0.0891
test_loss: 0.1494
epoch 46
train_loss: 0.0868
test_loss: 0.1560
epoch 47
train_loss: 0.0915
test_loss: 0.1462
epoch 48
train_loss: 0.0860
test_loss: 0.1488
epoch 49
train_loss: 0.0920
test_loss: 0.1499
epoch 50
train_loss: 0.0851
test_loss: 0.1469
epoch 51
train_loss: 0.0860
test_loss: 0.1539
epoch 52
train_loss: 0.0823
test_loss: 0.1454
epoch 53
train_loss: 0.0858
test_loss: 0.1484
epoch 54
train_loss: 0.0829
test_loss: 0.1465
epoch 55
train_loss: 0.0812
test_loss: 0.1448
epoch 56
train_loss: 0.0833
test_loss: 0.1408
epoch 57
train_loss: 0.0860
test_loss: 0.1437
epoch 58
train_loss: 0.0751
test_loss: 0.1445
epoch 59
train_loss: 0.0785
test_loss: 0.1352
epoch 60
train_loss: 0.0865
test_loss: 0.1438
epoch 61
train_loss: 0.0793
test_loss: 0.1474
epoch 62
train_loss: 0.0777
test_loss: 0.1394
epoch 63
train_loss: 0.0800
test_loss: 0.1387
epoch 64
train_loss: 0.0750
test_loss: 0.1381
epoch 65
train_loss: 0.0795
test_loss: 0.1440
epoch 66
train_loss: 0.0813
test_loss: 0.1403
epoch 67
train_loss: 0.0794
test_loss: 0.1390
epoch 68
train_loss: 0.0810
test_loss: 0.1350
epoch 69
train_loss: 0.0746
test_loss: 0.1397
epoch 70
train_loss: 0.0777
test_loss: 0.1404
epoch 71
train_loss: 0.0750
test_loss: 0.1407
epoch 72
train_loss: 0.0768
test_loss: 0.1375
epoch 73
train_loss: 0.0723
test_loss: 0.1499
epoch 74
train_loss: 0.0748
test_loss: 0.1363
epoch 75
train_loss: 0.0764
test_loss: 0.1430
epoch 76
train_loss: 0.0759
test_loss: 0.1366
epoch 77
train_loss: 0.0722
test_loss: 0.1393
epoch 78
train_loss: 0.0753
test_loss: 0.1356
epoch 79
train_loss: 0.0697
test_loss: 0.1347
epoch 80
train_loss: 0.0713
test_loss: 0.1408
epoch 81
train_loss: 0.0679
test_loss: 0.1375
epoch 82
train_loss: 0.0693
test_loss: 0.1407
epoch 83
train_loss: 0.0740
test_loss: 0.1401
epoch 84
train_loss: 0.0742
test_loss: 0.1371
epoch 85
train_loss: 0.0692
test_loss: 0.1302
epoch 86
train_loss: 0.0709
test_loss: 0.1403
epoch 87
train_loss: 0.0724
test_loss: 0.1339
epoch 88
train_loss: 0.0741
test_loss: 0.1369
epoch 89
train_loss: 0.0674
test_loss: 0.1357
epoch 90
train_loss: 0.0767
test_loss: 0.1429
epoch 91
train_loss: 0.0710
test_loss: 0.1280
epoch 92
train_loss: 0.0693
test_loss: 0.1358
epoch 93
train_loss: 0.0743
test_loss: 0.1343
epoch 94
train_loss: 0.0731
test_loss: 0.1309
epoch 95
train_loss: 0.0728
test_loss: 0.1341
epoch 96
train_loss: 0.0727
test_loss: 0.1386
epoch 97
train_loss: 0.0707
test_loss: 0.1305
epoch 98
train_loss: 0.0712
test_loss: 0.1357
epoch 99
train_loss: 0.0608
test_loss: 0.1340
epoch 100
train_loss: 0.0671
test_loss: 0.1377
epoch 101
train_loss: 0.0717
test_loss: 0.1292
epoch 102
train_loss: 0.0668
test_loss: 0.1460
epoch 103
train_loss: 0.0716
test_loss: 0.1362
epoch 104
train_loss: 0.0641
test_loss: 0.1433
epoch 105
train_loss: 0.0679
test_loss: 0.1311
epoch 106
train_loss: 0.0726
test_loss: 0.1380
epoch 107
train_loss: 0.0654
test_loss: 0.1309
epoch 108
train_loss: 0.0694
test_loss: 0.1329
epoch 109
train_loss: 0.0642
test_loss: 0.1384
epoch 110
train_loss: 0.0667
test_loss: 0.1318
epoch 111
train_loss: 0.0616
test_loss: 0.1295
epoch 112
train_loss: 0.0641
test_loss: 0.1306
epoch 113
train_loss: 0.0649
test_loss: 0.1280
epoch 114
train_loss: 0.0623
test_loss: 0.1266
epoch 115
train_loss: 0.0607
test_loss: 0.1311
epoch 116
train_loss: 0.0670
test_loss: 0.1300
epoch 117
train_loss: 0.0668
test_loss: 0.1310
epoch 118
train_loss: 0.0700
test_loss: 0.1321
epoch 119
train_loss: 0.0720
test_loss: 0.1327
epoch 120
train_loss: 0.0652
test_loss: 0.1292
epoch 121
train_loss: 0.0700
test_loss: 0.1314
epoch 122
train_loss: 0.0705
test_loss: 0.1533
epoch 123
train_loss: 0.0752
test_loss: 0.1233
epoch 124
train_loss: 0.0701
test_loss: 0.1340
epoch 125
train_loss: 0.0656
test_loss: 0.1347
epoch 126
train_loss: 0.0608
test_loss: 0.1337
epoch 127
train_loss: 0.0624
test_loss: 0.1297
epoch 128
train_loss: 0.0624
test_loss: 0.1223
epoch 129
train_loss: 0.0675
test_loss: 0.1293
epoch 130
train_loss: 0.0607
test_loss: 0.1276
epoch 131
train_loss: 0.0671
test_loss: 0.1308
epoch 132
train_loss: 0.0669
test_loss: 0.1285
epoch 133
train_loss: 0.0639
test_loss: 0.1308
epoch 134
train_loss: 0.0604
test_loss: 0.1285
epoch 135
train_loss: 0.0637
test_loss: 0.1263
epoch 136
train_loss: 0.0667
test_loss: 0.1327
epoch 137
train_loss: 0.0651
test_loss: 0.1312
epoch 138
train_loss: 0.0634
test_loss: 0.1294
epoch 139
train_loss: 0.0681
test_loss: 0.1298
epoch 140
train_loss: 0.0650
test_loss: 0.1394
epoch 141
train_loss: 0.0655
test_loss: 0.1214
epoch 142
train_loss: 0.0614
test_loss: 0.1292
epoch 143
train_loss: 0.0625
test_loss: 0.1248
epoch 144
train_loss: 0.0632
test_loss: 0.1264
epoch 145
train_loss: 0.0620
test_loss: 0.1259
epoch 146
train_loss: 0.0640
test_loss: 0.1259
epoch 147
train_loss: 0.0619
test_loss: 0.1234
epoch 148
train_loss: 0.0633
test_loss: 0.1257
epoch 149
train_loss: 0.0636
test_loss: 0.1261
epoch 150
train_loss: 0.0644
test_loss: 0.1289
epoch 151
train_loss: 0.0565
test_loss: 0.1362
epoch 152
train_loss: 0.0634
test_loss: 0.1247
epoch 153
train_loss: 0.0639
test_loss: 0.1334
epoch 154
train_loss: 0.0684
test_loss: 0.1209
epoch 155
train_loss: 0.0609
test_loss: 0.1289
epoch 156
train_loss: 0.0633
test_loss: 0.1290
epoch 157
train_loss: 0.0615
test_loss: 0.1219
epoch 158
train_loss: 0.0564
test_loss: 0.1206
epoch 159
train_loss: 0.0588
test_loss: 0.1222
/home/xueqiong/noise_injection_uncertainty/regression/utils.py:39: FutureWarning: The 'delim_whitespace' keyword in pd.read_csv is deprecated and will be removed in a future version. Use ``sep='\s+'`` instead
  return pd.read_csv(dataset_path, engine='python', header=None, delim_whitespace=True)
8 1
824 206 1030
model_name noisyFCN
using Adam as optimizer
epoch 0
train_loss: 0.9536
test_loss: 0.9445
epoch 1
train_loss: 0.9162
test_loss: 0.9115
epoch 2
train_loss: 0.8796
test_loss: 0.8789
epoch 3
train_loss: 0.8428
test_loss: 0.8458
epoch 4
train_loss: 0.8056
test_loss: 0.8122
epoch 5
train_loss: 0.7685
test_loss: 0.7781
epoch 6
train_loss: 0.7313
test_loss: 0.7438
epoch 7
train_loss: 0.6941
test_loss: 0.7097
epoch 8
train_loss: 0.6574
test_loss: 0.6760
epoch 9
train_loss: 0.6216
test_loss: 0.6432
epoch 10
train_loss: 0.5875
test_loss: 0.6119
epoch 11
train_loss: 0.5554
test_loss: 0.5823
epoch 12
train_loss: 0.5257
test_loss: 0.5546
epoch 13
train_loss: 0.4988
test_loss: 0.5292
epoch 14
train_loss: 0.4748
test_loss: 0.5062
epoch 15
train_loss: 0.4535
test_loss: 0.4856
epoch 16
train_loss: 0.4349
test_loss: 0.4672
epoch 17
train_loss: 0.4187
test_loss: 0.4510
epoch 18
train_loss: 0.4044
test_loss: 0.4364
epoch 19
train_loss: 0.3917
test_loss: 0.4236
epoch 20
train_loss: 0.3807
test_loss: 0.4123
epoch 21
train_loss: 0.3710
test_loss: 0.4023
epoch 22
train_loss: 0.3622
test_loss: 0.3934
epoch 23
train_loss: 0.3544
test_loss: 0.3853
epoch 24
train_loss: 0.3471
test_loss: 0.3780
epoch 25
train_loss: 0.3402
test_loss: 0.3713
epoch 26
train_loss: 0.3341
test_loss: 0.3651
epoch 27
train_loss: 0.3280
test_loss: 0.3593
epoch 28
train_loss: 0.3225
test_loss: 0.3538
epoch 29
train_loss: 0.3174
test_loss: 0.3487
epoch 30
train_loss: 0.3122
test_loss: 0.3439
epoch 31
train_loss: 0.3072
test_loss: 0.3393
epoch 32
train_loss: 0.3025
test_loss: 0.3349
epoch 33
train_loss: 0.2980
test_loss: 0.3306
epoch 34
train_loss: 0.2939
test_loss: 0.3265
epoch 35
train_loss: 0.2894
test_loss: 0.3226
epoch 36
train_loss: 0.2853
test_loss: 0.3187
epoch 37
train_loss: 0.2814
test_loss: 0.3148
epoch 38
train_loss: 0.2773
test_loss: 0.3111
epoch 39
train_loss: 0.2734
test_loss: 0.3074
epoch 40
train_loss: 0.2696
test_loss: 0.3038
epoch 41
train_loss: 0.2658
test_loss: 0.3003
epoch 42
train_loss: 0.2622
test_loss: 0.2969
epoch 43
train_loss: 0.2584
test_loss: 0.2937
epoch 44
train_loss: 0.2552
test_loss: 0.2904
epoch 45
train_loss: 0.2516
test_loss: 0.2874
epoch 46
train_loss: 0.2480
test_loss: 0.2843
epoch 47
train_loss: 0.2449
test_loss: 0.2813
epoch 48
train_loss: 0.2416
test_loss: 0.2784
epoch 49
train_loss: 0.2386
test_loss: 0.2755
epoch 50
train_loss: 0.2356
test_loss: 0.2726
epoch 51
train_loss: 0.2326
test_loss: 0.2699
epoch 52
train_loss: 0.2295
test_loss: 0.2671
epoch 53
train_loss: 0.2268
test_loss: 0.2645
epoch 54
train_loss: 0.2240
test_loss: 0.2619
epoch 55
train_loss: 0.2214
test_loss: 0.2593
epoch 56
train_loss: 0.2187
test_loss: 0.2569
epoch 57
train_loss: 0.2162
test_loss: 0.2545
epoch 58
train_loss: 0.2136
test_loss: 0.2522
epoch 59
train_loss: 0.2115
test_loss: 0.2500
epoch 60
train_loss: 0.2089
test_loss: 0.2477
epoch 61
train_loss: 0.2068
test_loss: 0.2455
epoch 62
train_loss: 0.2046
test_loss: 0.2434
epoch 63
train_loss: 0.2024
test_loss: 0.2413
epoch 64
train_loss: 0.2004
test_loss: 0.2392
epoch 65
train_loss: 0.1983
test_loss: 0.2372
epoch 66
train_loss: 0.1965
test_loss: 0.2353
epoch 67
train_loss: 0.1943
test_loss: 0.2333
epoch 68
train_loss: 0.1927
test_loss: 0.2314
epoch 69
train_loss: 0.1907
test_loss: 0.2296
epoch 70
train_loss: 0.1889
test_loss: 0.2278
epoch 71
train_loss: 0.1872
test_loss: 0.2260
epoch 72
train_loss: 0.1855
test_loss: 0.2243
epoch 73
train_loss: 0.1838
test_loss: 0.2226
epoch 74
train_loss: 0.1823
test_loss: 0.2210
epoch 75
train_loss: 0.1808
test_loss: 0.2194
epoch 76
train_loss: 0.1792
test_loss: 0.2179
epoch 77
train_loss: 0.1777
test_loss: 0.2164
epoch 78
train_loss: 0.1763
test_loss: 0.2148
epoch 79
train_loss: 0.1750
test_loss: 0.2134
epoch 80
train_loss: 0.1736
test_loss: 0.2120
epoch 81
train_loss: 0.1722
test_loss: 0.2106
epoch 82
train_loss: 0.1710
test_loss: 0.2093
epoch 83
train_loss: 0.1696
test_loss: 0.2080
epoch 84
train_loss: 0.1684
test_loss: 0.2067
epoch 85
train_loss: 0.1673
test_loss: 0.2055
epoch 86
train_loss: 0.1662
test_loss: 0.2043
epoch 87
train_loss: 0.1650
test_loss: 0.2032
epoch 88
train_loss: 0.1639
test_loss: 0.2020
epoch 89
train_loss: 0.1630
test_loss: 0.2010
epoch 90
train_loss: 0.1616
test_loss: 0.2000
epoch 91
train_loss: 0.1608
test_loss: 0.1989
epoch 92
train_loss: 0.1597
test_loss: 0.1979
epoch 93
train_loss: 0.1587
test_loss: 0.1968
epoch 94
train_loss: 0.1576
test_loss: 0.1959
epoch 95
train_loss: 0.1568
test_loss: 0.1948
epoch 96
train_loss: 0.1556
test_loss: 0.1939
epoch 97
train_loss: 0.1548
test_loss: 0.1930
epoch 98
train_loss: 0.1540
test_loss: 0.1922
epoch 99
train_loss: 0.1531
test_loss: 0.1913
epoch 100
train_loss: 0.1520
test_loss: 0.1905
epoch 101
train_loss: 0.1510
test_loss: 0.1897
epoch 102
train_loss: 0.1503
test_loss: 0.1888
epoch 103
train_loss: 0.1494
test_loss: 0.1881
epoch 104
train_loss: 0.1485
test_loss: 0.1872
epoch 105
train_loss: 0.1479
test_loss: 0.1863
epoch 106
train_loss: 0.1470
test_loss: 0.1856
epoch 107
train_loss: 0.1462
test_loss: 0.1848
epoch 108
train_loss: 0.1455
test_loss: 0.1841
epoch 109
train_loss: 0.1447
test_loss: 0.1833
epoch 110
train_loss: 0.1439
test_loss: 0.1826
epoch 111
train_loss: 0.1433
test_loss: 0.1819
epoch 112
train_loss: 0.1424
test_loss: 0.1812
epoch 113
train_loss: 0.1418
test_loss: 0.1805
epoch 114
train_loss: 0.1411
test_loss: 0.1798
epoch 115
train_loss: 0.1405
test_loss: 0.1792
epoch 116
train_loss: 0.1397
test_loss: 0.1786
epoch 117
train_loss: 0.1391
test_loss: 0.1778
epoch 118
train_loss: 0.1384
test_loss: 0.1773
epoch 119
train_loss: 0.1377
test_loss: 0.1767
epoch 120
train_loss: 0.1371
test_loss: 0.1760
epoch 121
train_loss: 0.1364
test_loss: 0.1755
epoch 122
train_loss: 0.1357
test_loss: 0.1748
epoch 123
train_loss: 0.1350
test_loss: 0.1743
epoch 124
train_loss: 0.1344
test_loss: 0.1737
epoch 125
train_loss: 0.1339
test_loss: 0.1731
epoch 126
train_loss: 0.1332
test_loss: 0.1726
epoch 127
train_loss: 0.1326
test_loss: 0.1720
epoch 128
train_loss: 0.1322
test_loss: 0.1715
epoch 129
train_loss: 0.1315
test_loss: 0.1710
epoch 130
train_loss: 0.1310
test_loss: 0.1705
epoch 131
train_loss: 0.1304
test_loss: 0.1701
epoch 132
train_loss: 0.1298
test_loss: 0.1695
epoch 133
train_loss: 0.1293
test_loss: 0.1691
epoch 134
train_loss: 0.1287
test_loss: 0.1687
epoch 135
train_loss: 0.1282
test_loss: 0.1683
epoch 136
train_loss: 0.1277
test_loss: 0.1678
epoch 137
train_loss: 0.1271
test_loss: 0.1673
epoch 138
train_loss: 0.1265
test_loss: 0.1669
epoch 139
train_loss: 0.1262
test_loss: 0.1664
epoch 140
train_loss: 0.1255
test_loss: 0.1660
epoch 141
train_loss: 0.1250
test_loss: 0.1656
epoch 142
train_loss: 0.1245
test_loss: 0.1652
epoch 143
train_loss: 0.1241
test_loss: 0.1648
epoch 144
train_loss: 0.1236
test_loss: 0.1643
epoch 145
train_loss: 0.1231
test_loss: 0.1638
epoch 146
train_loss: 0.1226
test_loss: 0.1634
epoch 147
train_loss: 0.1220
test_loss: 0.1631
epoch 148
train_loss: 0.1216
test_loss: 0.1627
epoch 149
train_loss: 0.1211
test_loss: 0.1623
epoch 150
train_loss: 0.1207
test_loss: 0.1619
epoch 151
train_loss: 0.1202
test_loss: 0.1615
epoch 152
train_loss: 0.1196
test_loss: 0.1611
epoch 153
train_loss: 0.1193
test_loss: 0.1606
epoch 154
train_loss: 0.1187
test_loss: 0.1603
epoch 155
train_loss: 0.1185
test_loss: 0.1600
epoch 156
train_loss: 0.1180
test_loss: 0.1597
epoch 157
train_loss: 0.1174
test_loss: 0.1593
epoch 158
train_loss: 0.1169
test_loss: 0.1589
epoch 159
train_loss: 0.1165
test_loss: 0.1585
epoch 160
train_loss: 0.1161
test_loss: 0.1581
epoch 161
train_loss: 0.1156
test_loss: 0.1577
epoch 162
train_loss: 0.1153
test_loss: 0.1574
epoch 163
train_loss: 0.1148
test_loss: 0.1570
epoch 164
train_loss: 0.1145
test_loss: 0.1566
epoch 165
train_loss: 0.1140
test_loss: 0.1562
epoch 166
train_loss: 0.1135
test_loss: 0.1559
epoch 167
train_loss: 0.1132
test_loss: 0.1555
epoch 168
train_loss: 0.1127
test_loss: 0.1551
epoch 169
train_loss: 0.1123
test_loss: 0.1548
epoch 170
train_loss: 0.1119
test_loss: 0.1544
epoch 171
train_loss: 0.1114
test_loss: 0.1540
epoch 172
train_loss: 0.1111
test_loss: 0.1537
epoch 173
train_loss: 0.1106
test_loss: 0.1533
epoch 174
train_loss: 0.1103
test_loss: 0.1530
epoch 175
train_loss: 0.1100
test_loss: 0.1527
epoch 176
train_loss: 0.1095
test_loss: 0.1522
epoch 177
train_loss: 0.1091
test_loss: 0.1520
epoch 178
train_loss: 0.1089
test_loss: 0.1516
epoch 179
train_loss: 0.1086
test_loss: 0.1513
epoch 180
train_loss: 0.1081
test_loss: 0.1509
epoch 181
train_loss: 0.1078
test_loss: 0.1506
epoch 182
train_loss: 0.1073
test_loss: 0.1503
epoch 183
train_loss: 0.1070
test_loss: 0.1501
epoch 184
train_loss: 0.1066
test_loss: 0.1498
epoch 185
train_loss: 0.1063
test_loss: 0.1495
epoch 186
train_loss: 0.1059
test_loss: 0.1492
epoch 187
train_loss: 0.1055
test_loss: 0.1489
epoch 188
train_loss: 0.1052
test_loss: 0.1485
epoch 189
train_loss: 0.1049
test_loss: 0.1483
epoch 190
train_loss: 0.1045
test_loss: 0.1480
epoch 191
train_loss: 0.1043
test_loss: 0.1477
epoch 192
train_loss: 0.1038
test_loss: 0.1475
epoch 193
train_loss: 0.1036
test_loss: 0.1472
epoch 194
train_loss: 0.1032
test_loss: 0.1469
epoch 195
train_loss: 0.1028
test_loss: 0.1466
epoch 196
train_loss: 0.1025
test_loss: 0.1464
epoch 197
train_loss: 0.1022
test_loss: 0.1461
epoch 198
train_loss: 0.1018
test_loss: 0.1459
epoch 199
train_loss: 0.1016
test_loss: 0.1456
epoch 200
train_loss: 0.1012
test_loss: 0.1453
epoch 201
train_loss: 0.1008
test_loss: 0.1450
epoch 202
train_loss: 0.1005
test_loss: 0.1448
epoch 203
train_loss: 0.1003
test_loss: 0.1446
epoch 204
train_loss: 0.1000
test_loss: 0.1443
epoch 205
train_loss: 0.0996
test_loss: 0.1440
epoch 206
train_loss: 0.0992
test_loss: 0.1439
epoch 207
train_loss: 0.0990
test_loss: 0.1436
epoch 208
train_loss: 0.0987
test_loss: 0.1434
epoch 209
train_loss: 0.0983
test_loss: 0.1432
epoch 210
train_loss: 0.0980
test_loss: 0.1430
epoch 211
train_loss: 0.0977
test_loss: 0.1427
epoch 212
train_loss: 0.0975
test_loss: 0.1425
epoch 213
train_loss: 0.0971
test_loss: 0.1423
epoch 214
train_loss: 0.0968
test_loss: 0.1421
epoch 215
train_loss: 0.0965
test_loss: 0.1418
epoch 216
train_loss: 0.0962
test_loss: 0.1416
epoch 217
train_loss: 0.0958
test_loss: 0.1414
epoch 218
train_loss: 0.0956
test_loss: 0.1412
epoch 219
train_loss: 0.0953
test_loss: 0.1410
epoch 220
train_loss: 0.0950
test_loss: 0.1408
epoch 221
train_loss: 0.0947
test_loss: 0.1406
epoch 222
train_loss: 0.0944
test_loss: 0.1405
epoch 223
train_loss: 0.0941
test_loss: 0.1403
epoch 224
train_loss: 0.0938
test_loss: 0.1401
epoch 225
train_loss: 0.0935
test_loss: 0.1399
epoch 226
train_loss: 0.0932
test_loss: 0.1398
epoch 227
train_loss: 0.0930
test_loss: 0.1396
epoch 228
train_loss: 0.0927
test_loss: 0.1395
epoch 229
train_loss: 0.0924
test_loss: 0.1393
epoch 230
train_loss: 0.0921
test_loss: 0.1392
epoch 231
train_loss: 0.0918
test_loss: 0.1390
epoch 232
train_loss: 0.0916
test_loss: 0.1388
epoch 233
train_loss: 0.0913
test_loss: 0.1387
epoch 234
train_loss: 0.0910
test_loss: 0.1386
epoch 235
train_loss: 0.0907
test_loss: 0.1385
epoch 236
train_loss: 0.0904
test_loss: 0.1383
epoch 237
train_loss: 0.0902
test_loss: 0.1382
epoch 238
train_loss: 0.0900
test_loss: 0.1380
epoch 239
train_loss: 0.0896
test_loss: 0.1379
epoch 240
train_loss: 0.0895
test_loss: 0.1378
epoch 241
train_loss: 0.0892
test_loss: 0.1376
epoch 242
train_loss: 0.0890
test_loss: 0.1375
epoch 243
train_loss: 0.0887
test_loss: 0.1374
epoch 244
train_loss: 0.0884
test_loss: 0.1373
epoch 245
train_loss: 0.0881
test_loss: 0.1372
epoch 246
train_loss: 0.0880
test_loss: 0.1371
epoch 247
train_loss: 0.0876
test_loss: 0.1370
epoch 248
train_loss: 0.0875
test_loss: 0.1367
epoch 249
train_loss: 0.0871
test_loss: 0.1367
epoch 250
train_loss: 0.0869
test_loss: 0.1365
epoch 251
train_loss: 0.0866
test_loss: 0.1364
epoch 252
train_loss: 0.0865
test_loss: 0.1362
epoch 253
train_loss: 0.0862
test_loss: 0.1362
epoch 254
train_loss: 0.0860
test_loss: 0.1361
epoch 255
train_loss: 0.0857
test_loss: 0.1360
epoch 256
train_loss: 0.0855
test_loss: 0.1359
epoch 257
train_loss: 0.0852
test_loss: 0.1358
epoch 258
train_loss: 0.0850
test_loss: 0.1357
epoch 259
train_loss: 0.0848
test_loss: 0.1356
epoch 260
train_loss: 0.0845
test_loss: 0.1355
epoch 261
train_loss: 0.0844
test_loss: 0.1354
epoch 262
train_loss: 0.0841
test_loss: 0.1353
epoch 263
train_loss: 0.0839
test_loss: 0.1352
epoch 264
train_loss: 0.0836
test_loss: 0.1351
epoch 265
train_loss: 0.0834
test_loss: 0.1350
epoch 266
train_loss: 0.0832
test_loss: 0.1348
epoch 267
train_loss: 0.0830
test_loss: 0.1347
epoch 268
train_loss: 0.0827
test_loss: 0.1346
epoch 269
train_loss: 0.0826
test_loss: 0.1345
epoch 270
train_loss: 0.0823
test_loss: 0.1344
epoch 271
train_loss: 0.0821
test_loss: 0.1343
epoch 272
train_loss: 0.0819
test_loss: 0.1342
epoch 273
train_loss: 0.0817
test_loss: 0.1341
epoch 274
train_loss: 0.0814
test_loss: 0.1340
epoch 275
train_loss: 0.0812
test_loss: 0.1339
epoch 276
train_loss: 0.0810
test_loss: 0.1338
epoch 277
train_loss: 0.0808
test_loss: 0.1337
epoch 278
train_loss: 0.0806
test_loss: 0.1336
epoch 279
train_loss: 0.0804
test_loss: 0.1335
epoch 280
train_loss: 0.0801
test_loss: 0.1334
epoch 281
train_loss: 0.0800
test_loss: 0.1333
epoch 282
train_loss: 0.0798
test_loss: 0.1332
epoch 283
train_loss: 0.0796
test_loss: 0.1332
epoch 284
train_loss: 0.0794
test_loss: 0.1331
epoch 285
train_loss: 0.0792
test_loss: 0.1330
epoch 286
train_loss: 0.0790
test_loss: 0.1329
epoch 287
train_loss: 0.0788
test_loss: 0.1328
epoch 288
train_loss: 0.0786
test_loss: 0.1328
epoch 289
train_loss: 0.0784
test_loss: 0.1327
epoch 290
train_loss: 0.0782
test_loss: 0.1326
epoch 291
train_loss: 0.0780
test_loss: 0.1326
epoch 292
train_loss: 0.0778
test_loss: 0.1325
epoch 293
train_loss: 0.0776
test_loss: 0.1324
epoch 294
train_loss: 0.0774
test_loss: 0.1324
epoch 295
train_loss: 0.0772
test_loss: 0.1323
epoch 296
train_loss: 0.0770
test_loss: 0.1322
epoch 297
train_loss: 0.0768
test_loss: 0.1322
epoch 298
train_loss: 0.0766
test_loss: 0.1321
epoch 299
train_loss: 0.0765
test_loss: 0.1320
epoch 300
train_loss: 0.0763
test_loss: 0.1320
epoch 301
train_loss: 0.0761
test_loss: 0.1319
epoch 302
train_loss: 0.0759
test_loss: 0.1318
epoch 303
train_loss: 0.0757
test_loss: 0.1318
epoch 304
train_loss: 0.0755
test_loss: 0.1317
epoch 305
train_loss: 0.0753
test_loss: 0.1317
epoch 306
train_loss: 0.0752
test_loss: 0.1316
epoch 307
train_loss: 0.0750
test_loss: 0.1317
epoch 308
train_loss: 0.0748
test_loss: 0.1315
epoch 309
train_loss: 0.0746
test_loss: 0.1315
epoch 310
train_loss: 0.0744
test_loss: 0.1315
epoch 311
train_loss: 0.0742
test_loss: 0.1314
epoch 312
train_loss: 0.0740
test_loss: 0.1313
epoch 313
train_loss: 0.0739
test_loss: 0.1313
epoch 314
train_loss: 0.0737
test_loss: 0.1312
epoch 315
train_loss: 0.0735
test_loss: 0.1311
epoch 316
train_loss: 0.0733
test_loss: 0.1311
epoch 317
train_loss: 0.0732
test_loss: 0.1310
epoch 318
train_loss: 0.0730
test_loss: 0.1309
epoch 319
train_loss: 0.0728
test_loss: 0.1309
epoch 320
train_loss: 0.0727
test_loss: 0.1308
epoch 321
train_loss: 0.0725
test_loss: 0.1308
epoch 322
train_loss: 0.0723
test_loss: 0.1307
epoch 323
train_loss: 0.0721
test_loss: 0.1306
epoch 324
train_loss: 0.0720
test_loss: 0.1305
epoch 325
train_loss: 0.0718
test_loss: 0.1305
epoch 326
train_loss: 0.0717
test_loss: 0.1305
epoch 327
train_loss: 0.0715
test_loss: 0.1304
epoch 328
train_loss: 0.0714
test_loss: 0.1303
epoch 329
train_loss: 0.0712
test_loss: 0.1303
epoch 330
train_loss: 0.0711
test_loss: 0.1302
epoch 331
train_loss: 0.0709
test_loss: 0.1302
epoch 332
train_loss: 0.0708
test_loss: 0.1301
epoch 333
train_loss: 0.0706
test_loss: 0.1300
epoch 334
train_loss: 0.0704
test_loss: 0.1300
epoch 335
train_loss: 0.0703
test_loss: 0.1299
epoch 336
train_loss: 0.0701
test_loss: 0.1299
epoch 337
train_loss: 0.0700
test_loss: 0.1298
epoch 338
train_loss: 0.0699
test_loss: 0.1298
epoch 339
train_loss: 0.0697
test_loss: 0.1297
epoch 340
train_loss: 0.0696
test_loss: 0.1296
epoch 341
train_loss: 0.0695
test_loss: 0.1296
epoch 342
train_loss: 0.0693
test_loss: 0.1295
epoch 343
train_loss: 0.0692
test_loss: 0.1296
epoch 344
train_loss: 0.0690
test_loss: 0.1295
epoch 345
train_loss: 0.0689
test_loss: 0.1295
epoch 346
train_loss: 0.0687
test_loss: 0.1294
epoch 347
train_loss: 0.0686
test_loss: 0.1294
epoch 348
train_loss: 0.0684
test_loss: 0.1293
epoch 349
train_loss: 0.0683
test_loss: 0.1293
epoch 350
train_loss: 0.0682
test_loss: 0.1293
epoch 351
train_loss: 0.0681
test_loss: 0.1291
epoch 352
train_loss: 0.0679
test_loss: 0.1292
epoch 353
train_loss: 0.0679
test_loss: 0.1291
epoch 354
train_loss: 0.0676
test_loss: 0.1291
epoch 355
train_loss: 0.0675
test_loss: 0.1291
epoch 356
train_loss: 0.0674
test_loss: 0.1290
epoch 357
train_loss: 0.0673
test_loss: 0.1289
epoch 358
train_loss: 0.0671
test_loss: 0.1289
epoch 359
train_loss: 0.0670
test_loss: 0.1289
epoch 360
train_loss: 0.0669
test_loss: 0.1288
epoch 361
train_loss: 0.0667
test_loss: 0.1288
epoch 362
train_loss: 0.0666
test_loss: 0.1287
epoch 363
train_loss: 0.0665
test_loss: 0.1286
epoch 364
train_loss: 0.0664
test_loss: 0.1286
epoch 365
train_loss: 0.0663
test_loss: 0.1286
epoch 366
train_loss: 0.0662
test_loss: 0.1285
epoch 367
train_loss: 0.0660
test_loss: 0.1285
epoch 368
train_loss: 0.0659
test_loss: 0.1284
epoch 369
train_loss: 0.0658
test_loss: 0.1283
epoch 370
train_loss: 0.0656
test_loss: 0.1282
epoch 371
train_loss: 0.0655
test_loss: 0.1282
epoch 372
train_loss: 0.0654
test_loss: 0.1281
epoch 373
train_loss: 0.0652
test_loss: 0.1280
epoch 374
train_loss: 0.0651
test_loss: 0.1280
epoch 375
train_loss: 0.0650
test_loss: 0.1280
epoch 376
train_loss: 0.0648
test_loss: 0.1279
epoch 377
train_loss: 0.0647
test_loss: 0.1278
epoch 378
train_loss: 0.0646
test_loss: 0.1278
epoch 379
train_loss: 0.0646
test_loss: 0.1277
epoch 380
train_loss: 0.0644
test_loss: 0.1277
epoch 381
train_loss: 0.0642
test_loss: 0.1276
epoch 382
train_loss: 0.0641
test_loss: 0.1275
epoch 383
train_loss: 0.0641
test_loss: 0.1274
epoch 384
train_loss: 0.0639
test_loss: 0.1274
epoch 385
train_loss: 0.0638
test_loss: 0.1273
epoch 386
train_loss: 0.0636
test_loss: 0.1273
epoch 387
train_loss: 0.0635
test_loss: 0.1272
epoch 388
train_loss: 0.0635
test_loss: 0.1272
epoch 389
train_loss: 0.0633
test_loss: 0.1271
epoch 390
train_loss: 0.0632
test_loss: 0.1271
epoch 391
train_loss: 0.0630
test_loss: 0.1270
epoch 392
train_loss: 0.0629
test_loss: 0.1270
epoch 393
train_loss: 0.0628
test_loss: 0.1269
epoch 394
train_loss: 0.0628
test_loss: 0.1269
epoch 395
train_loss: 0.0626
test_loss: 0.1268
epoch 396
train_loss: 0.0625
test_loss: 0.1267
epoch 397
train_loss: 0.0624
test_loss: 0.1267
epoch 398
train_loss: 0.0623
test_loss: 0.1266
epoch 399
train_loss: 0.0622
test_loss: 0.1266
epoch 400
train_loss: 0.0621
test_loss: 0.1265
epoch 401
train_loss: 0.0619
test_loss: 0.1265
epoch 402
train_loss: 0.0619
test_loss: 0.1264
epoch 403
train_loss: 0.0618
test_loss: 0.1264
epoch 404
train_loss: 0.0617
test_loss: 0.1264
epoch 405
train_loss: 0.0616
test_loss: 0.1262
epoch 406
train_loss: 0.0615
test_loss: 0.1262
epoch 407
train_loss: 0.0615
test_loss: 0.1262
epoch 408
train_loss: 0.0612
test_loss: 0.1261
epoch 409
train_loss: 0.0612
test_loss: 0.1261
epoch 410
train_loss: 0.0611
test_loss: 0.1260
epoch 411
train_loss: 0.0610
test_loss: 0.1259
epoch 412
train_loss: 0.0609
test_loss: 0.1259
epoch 413
train_loss: 0.0608
test_loss: 0.1258
epoch 414
train_loss: 0.0607
test_loss: 0.1258
epoch 415
train_loss: 0.0606
test_loss: 0.1257
epoch 416
train_loss: 0.0605
test_loss: 0.1257
epoch 417
train_loss: 0.0604
test_loss: 0.1256
epoch 418
train_loss: 0.0603
test_loss: 0.1256
epoch 419
train_loss: 0.0602
test_loss: 0.1255
epoch 420
train_loss: 0.0601
test_loss: 0.1255
epoch 421
train_loss: 0.0600
test_loss: 0.1254
epoch 422
train_loss: 0.0599
test_loss: 0.1254
epoch 423
train_loss: 0.0598
test_loss: 0.1253
epoch 424
train_loss: 0.0597
test_loss: 0.1253
epoch 425
train_loss: 0.0597
test_loss: 0.1252
epoch 426
train_loss: 0.0595
test_loss: 0.1251
epoch 427
train_loss: 0.0595
test_loss: 0.1251
epoch 428
train_loss: 0.0594
test_loss: 0.1250
epoch 429
train_loss: 0.0592
test_loss: 0.1250
epoch 430
train_loss: 0.0592
test_loss: 0.1249
epoch 431
train_loss: 0.0590
test_loss: 0.1248
epoch 432
train_loss: 0.0589
test_loss: 0.1248
epoch 433
train_loss: 0.0589
test_loss: 0.1247
epoch 434
train_loss: 0.0588
test_loss: 0.1247
epoch 435
train_loss: 0.0587
test_loss: 0.1247
epoch 436
train_loss: 0.0586
test_loss: 0.1246
epoch 437
train_loss: 0.0586
test_loss: 0.1246
epoch 438
train_loss: 0.0584
test_loss: 0.1245
epoch 439
train_loss: 0.0584
test_loss: 0.1244
epoch 440
train_loss: 0.0582
test_loss: 0.1244
epoch 441
train_loss: 0.0582
test_loss: 0.1243
epoch 442
train_loss: 0.0581
test_loss: 0.1242
epoch 443
train_loss: 0.0580
test_loss: 0.1242
epoch 444
train_loss: 0.0579
test_loss: 0.1241
epoch 445
train_loss: 0.0578
test_loss: 0.1242
epoch 446
train_loss: 0.0577
test_loss: 0.1241
epoch 447
train_loss: 0.0576
test_loss: 0.1241
epoch 448
train_loss: 0.0576
test_loss: 0.1240
epoch 449
train_loss: 0.0575
test_loss: 0.1239
epoch 450
train_loss: 0.0574
test_loss: 0.1239
epoch 451
train_loss: 0.0573
test_loss: 0.1238
epoch 452
train_loss: 0.0572
test_loss: 0.1237
epoch 453
train_loss: 0.0571
test_loss: 0.1237
epoch 454
train_loss: 0.0571
test_loss: 0.1236
epoch 455
train_loss: 0.0570
test_loss: 0.1235
epoch 456
train_loss: 0.0569
test_loss: 0.1235
epoch 457
train_loss: 0.0568
test_loss: 0.1234
epoch 458
train_loss: 0.0567
test_loss: 0.1234
epoch 459
train_loss: 0.0566
test_loss: 0.1233
epoch 460
train_loss: 0.0565
test_loss: 0.1233
epoch 461
train_loss: 0.0565
test_loss: 0.1232
epoch 462
train_loss: 0.0564
test_loss: 0.1231
epoch 463
train_loss: 0.0563
test_loss: 0.1230
epoch 464
train_loss: 0.0562
test_loss: 0.1230
epoch 465
train_loss: 0.0562
test_loss: 0.1229
epoch 466
train_loss: 0.0561
test_loss: 0.1229
epoch 467
train_loss: 0.0560
test_loss: 0.1229
epoch 468
train_loss: 0.0559
test_loss: 0.1228
epoch 469
train_loss: 0.0558
test_loss: 0.1227
epoch 470
train_loss: 0.0558
test_loss: 0.1226
epoch 471
train_loss: 0.0557
test_loss: 0.1226
epoch 472
train_loss: 0.0557
test_loss: 0.1226
epoch 473
train_loss: 0.0556
test_loss: 0.1225
epoch 474
train_loss: 0.0554
test_loss: 0.1224
epoch 475
train_loss: 0.0554
test_loss: 0.1224
epoch 476
train_loss: 0.0553
test_loss: 0.1224
epoch 477
train_loss: 0.0552
test_loss: 0.1223
epoch 478
train_loss: 0.0552
test_loss: 0.1223
epoch 479
train_loss: 0.0551
test_loss: 0.1222
epoch 480
train_loss: 0.0550
test_loss: 0.1222
epoch 481
train_loss: 0.0550
test_loss: 0.1221
epoch 482
train_loss: 0.0549
test_loss: 0.1220
epoch 483
train_loss: 0.0548
test_loss: 0.1219
epoch 484
train_loss: 0.0547
test_loss: 0.1219
epoch 485
train_loss: 0.0547
test_loss: 0.1219
epoch 486
train_loss: 0.0546
test_loss: 0.1217
epoch 487
train_loss: 0.0545
test_loss: 0.1217
epoch 488
train_loss: 0.0545
test_loss: 0.1216
epoch 489
train_loss: 0.0544
test_loss: 0.1216
epoch 490
train_loss: 0.0542
test_loss: 0.1215
epoch 491
train_loss: 0.0543
test_loss: 0.1214
epoch 492
train_loss: 0.0542
test_loss: 0.1214
epoch 493
train_loss: 0.0541
test_loss: 0.1213
epoch 494
train_loss: 0.0541
test_loss: 0.1213
epoch 495
train_loss: 0.0541
test_loss: 0.1212
epoch 496
train_loss: 0.0539
test_loss: 0.1212
epoch 497
train_loss: 0.0539
test_loss: 0.1211
epoch 498
train_loss: 0.0538
test_loss: 0.1211
epoch 499
train_loss: 0.0537
test_loss: 0.1210
epoch 500
train_loss: 0.0537
test_loss: 0.1210
epoch 501
train_loss: 0.0536
test_loss: 0.1209
epoch 502
train_loss: 0.0535
test_loss: 0.1209
epoch 503
train_loss: 0.0535
test_loss: 0.1208
epoch 504
train_loss: 0.0534
test_loss: 0.1208
epoch 505
train_loss: 0.0533
test_loss: 0.1208
epoch 506
train_loss: 0.0532
test_loss: 0.1207
epoch 507
train_loss: 0.0532
test_loss: 0.1206
epoch 508
train_loss: 0.0531
test_loss: 0.1206
epoch 509
train_loss: 0.0530
test_loss: 0.1206
epoch 510
train_loss: 0.0530
test_loss: 0.1207
epoch 511
train_loss: 0.0529
test_loss: 0.1204
epoch 512
train_loss: 0.0530
test_loss: 0.1204
epoch 513
train_loss: 0.0529
test_loss: 0.1205
epoch 514
train_loss: 0.0528
test_loss: 0.1203
epoch 515
train_loss: 0.0528
test_loss: 0.1203
epoch 516
train_loss: 0.0527
test_loss: 0.1203
epoch 517
train_loss: 0.0526
test_loss: 0.1202
epoch 518
train_loss: 0.0526
test_loss: 0.1202
epoch 519
train_loss: 0.0525
test_loss: 0.1201
epoch 520
train_loss: 0.0525
test_loss: 0.1201
epoch 521
train_loss: 0.0524
test_loss: 0.1200
epoch 522
train_loss: 0.0523
test_loss: 0.1200
epoch 523
train_loss: 0.0522
test_loss: 0.1200
epoch 524
train_loss: 0.0522
test_loss: 0.1198
epoch 525
train_loss: 0.0522
test_loss: 0.1198
epoch 526
train_loss: 0.0521
test_loss: 0.1197
epoch 527
train_loss: 0.0520
test_loss: 0.1198
epoch 528
train_loss: 0.0520
test_loss: 0.1196
epoch 529
train_loss: 0.0519
test_loss: 0.1196
epoch 530
train_loss: 0.0519
test_loss: 0.1196
epoch 531
train_loss: 0.0518
test_loss: 0.1195
epoch 532
train_loss: 0.0517
test_loss: 0.1195
epoch 533
train_loss: 0.0517
test_loss: 0.1195
epoch 534
train_loss: 0.0516
test_loss: 0.1194
epoch 535
train_loss: 0.0515
test_loss: 0.1193
epoch 536
train_loss: 0.0515
test_loss: 0.1193
epoch 537
train_loss: 0.0514
test_loss: 0.1192
epoch 538
train_loss: 0.0514
test_loss: 0.1192
epoch 539
train_loss: 0.0514
test_loss: 0.1191
epoch 540
train_loss: 0.0513
test_loss: 0.1191
epoch 541
train_loss: 0.0512
test_loss: 0.1190
epoch 542
train_loss: 0.0512
test_loss: 0.1189
epoch 543
train_loss: 0.0511
test_loss: 0.1189
epoch 544
train_loss: 0.0511
test_loss: 0.1188
epoch 545
train_loss: 0.0510
test_loss: 0.1189
epoch 546
train_loss: 0.0510
test_loss: 0.1187
epoch 547
train_loss: 0.0509
test_loss: 0.1187
epoch 548
train_loss: 0.0509
test_loss: 0.1186
epoch 549
train_loss: 0.0508
test_loss: 0.1186
epoch 550
train_loss: 0.0508
test_loss: 0.1186
epoch 551
train_loss: 0.0507
test_loss: 0.1185
epoch 552
train_loss: 0.0508
test_loss: 0.1185
epoch 553
train_loss: 0.0506
test_loss: 0.1184
epoch 554
train_loss: 0.0506
test_loss: 0.1183
epoch 555
train_loss: 0.0505
test_loss: 0.1183
epoch 556
train_loss: 0.0505
test_loss: 0.1182
epoch 557
train_loss: 0.0504
test_loss: 0.1181
epoch 558
train_loss: 0.0504
test_loss: 0.1182
epoch 559
train_loss: 0.0503
test_loss: 0.1180
epoch 560
train_loss: 0.0503
test_loss: 0.1180
epoch 561
train_loss: 0.0502
test_loss: 0.1180
epoch 562
train_loss: 0.0502
test_loss: 0.1180
epoch 563
train_loss: 0.0501
test_loss: 0.1179
epoch 564
train_loss: 0.0501
test_loss: 0.1178
epoch 565
train_loss: 0.0501
test_loss: 0.1178
epoch 566
train_loss: 0.0500
test_loss: 0.1178
epoch 567
train_loss: 0.0500
test_loss: 0.1177
epoch 568
train_loss: 0.0499
test_loss: 0.1177
epoch 569
train_loss: 0.0499
test_loss: 0.1176
epoch 570
train_loss: 0.0498
test_loss: 0.1176
epoch 571
train_loss: 0.0497
test_loss: 0.1176
epoch 572
train_loss: 0.0497
test_loss: 0.1175
epoch 573
train_loss: 0.0497
test_loss: 0.1175
epoch 574
train_loss: 0.0496
test_loss: 0.1174
epoch 575
train_loss: 0.0496
test_loss: 0.1174
epoch 576
train_loss: 0.0495
test_loss: 0.1174
epoch 577
train_loss: 0.0495
test_loss: 0.1173
epoch 578
train_loss: 0.0494
test_loss: 0.1172
epoch 579
train_loss: 0.0494
test_loss: 0.1172
epoch 580
train_loss: 0.0493
test_loss: 0.1172
epoch 581
train_loss: 0.0493
test_loss: 0.1172
epoch 582
train_loss: 0.0492
test_loss: 0.1172
epoch 583
train_loss: 0.0492
test_loss: 0.1171
epoch 584
train_loss: 0.0491
test_loss: 0.1171
epoch 585
train_loss: 0.0491
test_loss: 0.1171
epoch 586
train_loss: 0.0491
test_loss: 0.1170
epoch 587
train_loss: 0.0490
test_loss: 0.1170
epoch 588
train_loss: 0.0490
test_loss: 0.1169
epoch 589
train_loss: 0.0489
test_loss: 0.1169
epoch 590
train_loss: 0.0489
test_loss: 0.1169
epoch 591
train_loss: 0.0488
test_loss: 0.1169
epoch 592
train_loss: 0.0489
test_loss: 0.1168
epoch 593
train_loss: 0.0488
test_loss: 0.1167
epoch 594
train_loss: 0.0487
test_loss: 0.1167
epoch 595
train_loss: 0.0487
test_loss: 0.1167
epoch 596
train_loss: 0.0486
test_loss: 0.1167
epoch 597
train_loss: 0.0486
test_loss: 0.1166
epoch 598
train_loss: 0.0485
test_loss: 0.1166
epoch 599
train_loss: 0.0486
test_loss: 0.1166
epoch 600
train_loss: 0.0485
test_loss: 0.1166
epoch 601
train_loss: 0.0484
test_loss: 0.1165
epoch 602
train_loss: 0.0484
test_loss: 0.1164
epoch 603
train_loss: 0.0483
test_loss: 0.1164
epoch 604
train_loss: 0.0483
test_loss: 0.1164
epoch 605
train_loss: 0.0483
test_loss: 0.1164
epoch 606
train_loss: 0.0482
test_loss: 0.1163
epoch 607
train_loss: 0.0482
test_loss: 0.1163
epoch 608
train_loss: 0.0481
test_loss: 0.1162
epoch 609
train_loss: 0.0482
test_loss: 0.1162
epoch 610
train_loss: 0.0480
test_loss: 0.1162
epoch 611
train_loss: 0.0480
test_loss: 0.1162
epoch 612
train_loss: 0.0480
test_loss: 0.1161
epoch 613
train_loss: 0.0479
test_loss: 0.1161
epoch 614
train_loss: 0.0479
test_loss: 0.1161
epoch 615
train_loss: 0.0479
test_loss: 0.1160
epoch 616
train_loss: 0.0478
test_loss: 0.1159
epoch 617
train_loss: 0.0478
test_loss: 0.1159
epoch 618
train_loss: 0.0478
test_loss: 0.1159
epoch 619
train_loss: 0.0477
test_loss: 0.1158
epoch 620
train_loss: 0.0477
test_loss: 0.1158
epoch 621
train_loss: 0.0476
test_loss: 0.1158
epoch 622
train_loss: 0.0476
test_loss: 0.1158
epoch 623
train_loss: 0.0475
test_loss: 0.1157
epoch 624
train_loss: 0.0475
test_loss: 0.1157
epoch 625
train_loss: 0.0475
test_loss: 0.1156
epoch 626
train_loss: 0.0474
test_loss: 0.1156
epoch 627
train_loss: 0.0474
test_loss: 0.1156
epoch 628
train_loss: 0.0473
test_loss: 0.1155
epoch 629
train_loss: 0.0473
test_loss: 0.1155
epoch 630
train_loss: 0.0472
test_loss: 0.1154
epoch 631
train_loss: 0.0472
test_loss: 0.1154
epoch 632
train_loss: 0.0472
test_loss: 0.1154
epoch 633
train_loss: 0.0472
test_loss: 0.1153
epoch 634
train_loss: 0.0472
test_loss: 0.1153
epoch 635
train_loss: 0.0471
test_loss: 0.1153
epoch 636
train_loss: 0.0470
test_loss: 0.1152
epoch 637
train_loss: 0.0470
test_loss: 0.1152
epoch 638
train_loss: 0.0470
test_loss: 0.1152
epoch 639
train_loss: 0.0470
test_loss: 0.1150
epoch 640
train_loss: 0.0468
test_loss: 0.1152
epoch 641
train_loss: 0.0469
test_loss: 0.1150
epoch 642
train_loss: 0.0469
test_loss: 0.1150
epoch 643
train_loss: 0.0468
test_loss: 0.1151
epoch 644
train_loss: 0.0469
test_loss: 0.1150
epoch 645
train_loss: 0.0467
test_loss: 0.1150
epoch 646
train_loss: 0.0467
test_loss: 0.1149
epoch 647
train_loss: 0.0466
test_loss: 0.1148
epoch 648
train_loss: 0.0466
test_loss: 0.1149
epoch 649
train_loss: 0.0466
test_loss: 0.1148
epoch 650
train_loss: 0.0465
test_loss: 0.1148
epoch 651
train_loss: 0.0465
test_loss: 0.1148
epoch 652
train_loss: 0.0465
test_loss: 0.1148
epoch 653
train_loss: 0.0464
test_loss: 0.1148
epoch 654
train_loss: 0.0464
test_loss: 0.1147
epoch 655
train_loss: 0.0464
test_loss: 0.1147
epoch 656
train_loss: 0.0463
test_loss: 0.1147
epoch 657
train_loss: 0.0463
test_loss: 0.1146
epoch 658
train_loss: 0.0462
test_loss: 0.1146
epoch 659
train_loss: 0.0462
test_loss: 0.1146
epoch 660
train_loss: 0.0462
test_loss: 0.1145
epoch 661
train_loss: 0.0462
test_loss: 0.1146
epoch 662
train_loss: 0.0461
test_loss: 0.1145
epoch 663
train_loss: 0.0460
test_loss: 0.1145
epoch 664
train_loss: 0.0461
test_loss: 0.1144
epoch 665
train_loss: 0.0460
test_loss: 0.1144
epoch 666
train_loss: 0.0460
test_loss: 0.1144
epoch 667
train_loss: 0.0460
test_loss: 0.1143
epoch 668
train_loss: 0.0459
test_loss: 0.1144
epoch 669
train_loss: 0.0460
test_loss: 0.1143
epoch 670
train_loss: 0.0458
test_loss: 0.1143
epoch 671
train_loss: 0.0458
test_loss: 0.1143
epoch 672
train_loss: 0.0458
test_loss: 0.1142
epoch 673
train_loss: 0.0458
test_loss: 0.1143
epoch 674
train_loss: 0.0458
test_loss: 0.1142
epoch 675
train_loss: 0.0457
test_loss: 0.1142
epoch 676
train_loss: 0.0457
test_loss: 0.1142
epoch 677
train_loss: 0.0456
test_loss: 0.1141
epoch 678
train_loss: 0.0456
test_loss: 0.1141
epoch 679
train_loss: 0.0456
test_loss: 0.1141
epoch 680
train_loss: 0.0455
test_loss: 0.1141
epoch 681
train_loss: 0.0455
test_loss: 0.1141
epoch 682
train_loss: 0.0455
test_loss: 0.1140
epoch 683
train_loss: 0.0455
test_loss: 0.1140
epoch 684
train_loss: 0.0454
test_loss: 0.1140
epoch 685
train_loss: 0.0454
test_loss: 0.1140
epoch 686
train_loss: 0.0453
test_loss: 0.1140
epoch 687
train_loss: 0.0453
test_loss: 0.1139
epoch 688
train_loss: 0.0453
test_loss: 0.1139
epoch 689
train_loss: 0.0452
test_loss: 0.1139
epoch 690
train_loss: 0.0452
test_loss: 0.1139
epoch 691
train_loss: 0.0452
test_loss: 0.1139
epoch 692
train_loss: 0.0451
test_loss: 0.1139
epoch 693
train_loss: 0.0451
test_loss: 0.1138
epoch 694
train_loss: 0.0451
test_loss: 0.1138
epoch 695
train_loss: 0.0451
test_loss: 0.1139
epoch 696
train_loss: 0.0450
test_loss: 0.1137
epoch 697
train_loss: 0.0450
test_loss: 0.1138
epoch 698
train_loss: 0.0449
test_loss: 0.1137
epoch 699
train_loss: 0.0449
test_loss: 0.1137
epoch 700
train_loss: 0.0449
test_loss: 0.1137
epoch 701
train_loss: 0.0449
test_loss: 0.1137
epoch 702
train_loss: 0.0449
test_loss: 0.1136
epoch 703
train_loss: 0.0448
test_loss: 0.1136
epoch 704
train_loss: 0.0448
test_loss: 0.1136
epoch 705
train_loss: 0.0448
test_loss: 0.1136
epoch 706
train_loss: 0.0447
test_loss: 0.1135
epoch 707
train_loss: 0.0447
test_loss: 0.1135
epoch 708
train_loss: 0.0446
test_loss: 0.1135
epoch 709
train_loss: 0.0446
test_loss: 0.1135
epoch 710
train_loss: 0.0446
test_loss: 0.1134
epoch 711
train_loss: 0.0446
test_loss: 0.1134
epoch 712
train_loss: 0.0446
test_loss: 0.1134
epoch 713
train_loss: 0.0445
test_loss: 0.1133
epoch 714
train_loss: 0.0445
test_loss: 0.1133
epoch 715
train_loss: 0.0444
test_loss: 0.1133
epoch 716
train_loss: 0.0444
test_loss: 0.1132
epoch 717
train_loss: 0.0444
test_loss: 0.1133
epoch 718
train_loss: 0.0444
test_loss: 0.1131
epoch 719
train_loss: 0.0443
test_loss: 0.1132
epoch 720
train_loss: 0.0444
test_loss: 0.1131
epoch 721
train_loss: 0.0443
test_loss: 0.1131
epoch 722
train_loss: 0.0443
test_loss: 0.1130
epoch 723
train_loss: 0.0442
test_loss: 0.1130
epoch 724
train_loss: 0.0442
test_loss: 0.1130
epoch 725
train_loss: 0.0442
test_loss: 0.1129
epoch 726
train_loss: 0.0441
test_loss: 0.1129
epoch 727
train_loss: 0.0442
test_loss: 0.1129
epoch 728
train_loss: 0.0441
test_loss: 0.1129
epoch 729
train_loss: 0.0441
test_loss: 0.1128
epoch 730
train_loss: 0.0440
test_loss: 0.1129
epoch 731
train_loss: 0.0440
test_loss: 0.1127
epoch 732
train_loss: 0.0439
test_loss: 0.1128
epoch 733
train_loss: 0.0439
test_loss: 0.1127
epoch 734
train_loss: 0.0439
test_loss: 0.1128
epoch 735
train_loss: 0.0439
test_loss: 0.1127
epoch 736
train_loss: 0.0439
test_loss: 0.1127
epoch 737
train_loss: 0.0438
test_loss: 0.1126
epoch 738
train_loss: 0.0438
test_loss: 0.1127
epoch 739
train_loss: 0.0438
test_loss: 0.1125
epoch 740
train_loss: 0.0438
test_loss: 0.1126
epoch 741
train_loss: 0.0437
test_loss: 0.1125
epoch 742
train_loss: 0.0437
test_loss: 0.1125
epoch 743
train_loss: 0.0437
test_loss: 0.1125
epoch 744
train_loss: 0.0436
test_loss: 0.1125
epoch 745
train_loss: 0.0436
test_loss: 0.1124
epoch 746
train_loss: 0.0436
test_loss: 0.1124
epoch 747
train_loss: 0.0436
test_loss: 0.1124
epoch 748
train_loss: 0.0435
test_loss: 0.1124
epoch 749
train_loss: 0.0435
test_loss: 0.1123
epoch 750
train_loss: 0.0434
test_loss: 0.1123
epoch 751
train_loss: 0.0435
test_loss: 0.1123
epoch 752
train_loss: 0.0434
test_loss: 0.1123
epoch 753
train_loss: 0.0433
test_loss: 0.1123
epoch 754
train_loss: 0.0434
test_loss: 0.1122
epoch 755
train_loss: 0.0433
test_loss: 0.1123
epoch 756
train_loss: 0.0433
test_loss: 0.1122
epoch 757
train_loss: 0.0433
test_loss: 0.1122
epoch 758
train_loss: 0.0432
test_loss: 0.1122
epoch 759
train_loss: 0.0432
test_loss: 0.1123
epoch 760
train_loss: 0.0432
test_loss: 0.1122
epoch 761
train_loss: 0.0432
test_loss: 0.1122
epoch 762
train_loss: 0.0431
test_loss: 0.1122
epoch 763
train_loss: 0.0431
test_loss: 0.1121
epoch 764
train_loss: 0.0431
test_loss: 0.1121
epoch 765
train_loss: 0.0431
test_loss: 0.1121
epoch 766
train_loss: 0.0431
test_loss: 0.1120
epoch 767
train_loss: 0.0430
test_loss: 0.1120
epoch 768
train_loss: 0.0430
test_loss: 0.1120
epoch 769
train_loss: 0.0430
test_loss: 0.1120
epoch 770
train_loss: 0.0429
test_loss: 0.1120
epoch 771
train_loss: 0.0430
test_loss: 0.1119
epoch 772
train_loss: 0.0429
test_loss: 0.1120
epoch 773
train_loss: 0.0429
test_loss: 0.1118
epoch 774
train_loss: 0.0428
test_loss: 0.1119
epoch 775
train_loss: 0.0428
test_loss: 0.1119
epoch 776
train_loss: 0.0428
test_loss: 0.1119
epoch 777
train_loss: 0.0428
test_loss: 0.1118
epoch 778
train_loss: 0.0428
test_loss: 0.1118
epoch 779
train_loss: 0.0427
test_loss: 0.1118
epoch 780
train_loss: 0.0427
test_loss: 0.1118
epoch 781
train_loss: 0.0427
test_loss: 0.1117
epoch 782
train_loss: 0.0427
test_loss: 0.1118
epoch 783
train_loss: 0.0427
test_loss: 0.1117
epoch 784
train_loss: 0.0426
test_loss: 0.1117
epoch 785
train_loss: 0.0426
test_loss: 0.1116
epoch 786
train_loss: 0.0426
test_loss: 0.1116
epoch 787
train_loss: 0.0426
test_loss: 0.1116
epoch 788
train_loss: 0.0425
test_loss: 0.1116
epoch 789
train_loss: 0.0425
test_loss: 0.1116
/home/xueqiong/noise_injection_uncertainty/regression/utils.py:39: FutureWarning: The 'delim_whitespace' keyword in pd.read_csv is deprecated and will be removed in a future version. Use ``sep='\s+'`` instead
  return pd.read_csv(dataset_path, engine='python', header=None, delim_whitespace=True)
8 1
614 154 768
model_name FCN
using Adam as optimizer
epoch 0
train_loss: 1.0462
test_loss: 1.0048
epoch 1
train_loss: 0.9771
test_loss: 0.9386
epoch 2
train_loss: 0.9126
test_loss: 0.8752
epoch 3
train_loss: 0.8504
test_loss: 0.8131
epoch 4
train_loss: 0.7892
test_loss: 0.7518
epoch 5
train_loss: 0.7280
test_loss: 0.6903
epoch 6
train_loss: 0.6664
test_loss: 0.6285
epoch 7
train_loss: 0.6050
test_loss: 0.5672
epoch 8
train_loss: 0.5445
test_loss: 0.5073
epoch 9
train_loss: 0.4860
test_loss: 0.4504
epoch 10
train_loss: 0.4304
test_loss: 0.3973
epoch 11
train_loss: 0.3785
test_loss: 0.3486
epoch 12
train_loss: 0.3311
test_loss: 0.3053
epoch 13
train_loss: 0.2888
test_loss: 0.2676
epoch 14
train_loss: 0.2520
test_loss: 0.2355
epoch 15
train_loss: 0.2206
test_loss: 0.2090
epoch 16
train_loss: 0.1942
test_loss: 0.1871
epoch 17
train_loss: 0.1723
test_loss: 0.1696
epoch 18
train_loss: 0.1547
test_loss: 0.1554
epoch 19
train_loss: 0.1407
test_loss: 0.1441
epoch 20
train_loss: 0.1293
test_loss: 0.1347
epoch 21
train_loss: 0.1201
test_loss: 0.1269
epoch 22
train_loss: 0.1125
test_loss: 0.1202
epoch 23
train_loss: 0.1064
test_loss: 0.1147
epoch 24
train_loss: 0.1014
test_loss: 0.1102
epoch 25
train_loss: 0.0973
test_loss: 0.1064
epoch 26
train_loss: 0.0940
test_loss: 0.1032
epoch 27
train_loss: 0.0913
test_loss: 0.1007
epoch 28
train_loss: 0.0891
test_loss: 0.0986
epoch 29
train_loss: 0.0872
test_loss: 0.0968
epoch 30
train_loss: 0.0857
test_loss: 0.0952
epoch 31
train_loss: 0.0843
test_loss: 0.0939
epoch 32
train_loss: 0.0832
test_loss: 0.0928
epoch 33
train_loss: 0.0823
test_loss: 0.0918
epoch 34
train_loss: 0.0814
test_loss: 0.0909
epoch 35
train_loss: 0.0806
test_loss: 0.0902
epoch 36
train_loss: 0.0799
test_loss: 0.0895
epoch 37
train_loss: 0.0793
test_loss: 0.0889
epoch 38
train_loss: 0.0787
test_loss: 0.0884
epoch 39
train_loss: 0.0781
test_loss: 0.0878
epoch 40
train_loss: 0.0776
test_loss: 0.0874
epoch 41
train_loss: 0.0771
test_loss: 0.0869
epoch 42
train_loss: 0.0766
test_loss: 0.0865
epoch 43
train_loss: 0.0762
test_loss: 0.0861
epoch 44
train_loss: 0.0758
test_loss: 0.0857
epoch 45
train_loss: 0.0753
test_loss: 0.0854
epoch 46
train_loss: 0.0749
test_loss: 0.0850
epoch 47
train_loss: 0.0745
test_loss: 0.0847
epoch 48
train_loss: 0.0741
test_loss: 0.0844
epoch 49
train_loss: 0.0737
test_loss: 0.0841
epoch 50
train_loss: 0.0734
test_loss: 0.0838
epoch 51
train_loss: 0.0730
test_loss: 0.0835
epoch 52
train_loss: 0.0726
test_loss: 0.0832
epoch 53
train_loss: 0.0723
test_loss: 0.0829
epoch 54
train_loss: 0.0719
test_loss: 0.0826
epoch 55
train_loss: 0.0716
test_loss: 0.0823
epoch 56
train_loss: 0.0712
test_loss: 0.0821
epoch 57
train_loss: 0.0709
test_loss: 0.0818
epoch 58
train_loss: 0.0705
test_loss: 0.0815
epoch 59
train_loss: 0.0702
test_loss: 0.0812
epoch 60
train_loss: 0.0698
test_loss: 0.0809
epoch 61
train_loss: 0.0694
test_loss: 0.0805
epoch 62
train_loss: 0.0690
test_loss: 0.0802
epoch 63
train_loss: 0.0687
test_loss: 0.0798
epoch 64
train_loss: 0.0683
test_loss: 0.0795
epoch 65
train_loss: 0.0679
test_loss: 0.0792
epoch 66
train_loss: 0.0675
test_loss: 0.0789
epoch 67
train_loss: 0.0672
test_loss: 0.0786
epoch 68
train_loss: 0.0668
test_loss: 0.0784
epoch 69
train_loss: 0.0665
test_loss: 0.0782
epoch 70
train_loss: 0.0662
test_loss: 0.0779
epoch 71
train_loss: 0.0658
test_loss: 0.0777
epoch 72
train_loss: 0.0655
test_loss: 0.0775
epoch 73
train_loss: 0.0652
test_loss: 0.0773
epoch 74
train_loss: 0.0649
test_loss: 0.0770
epoch 75
train_loss: 0.0646
test_loss: 0.0768
epoch 76
train_loss: 0.0643
test_loss: 0.0766
epoch 77
train_loss: 0.0641
test_loss: 0.0764
epoch 78
train_loss: 0.0638
test_loss: 0.0762
epoch 79
train_loss: 0.0635
test_loss: 0.0759
epoch 80
train_loss: 0.0632
test_loss: 0.0757
epoch 81
train_loss: 0.0630
test_loss: 0.0755
epoch 82
train_loss: 0.0627
test_loss: 0.0753
epoch 83
train_loss: 0.0624
test_loss: 0.0751
epoch 84
train_loss: 0.0622
test_loss: 0.0749
epoch 85
train_loss: 0.0619
test_loss: 0.0747
epoch 86
train_loss: 0.0617
test_loss: 0.0745
epoch 87
train_loss: 0.0614
test_loss: 0.0743
epoch 88
train_loss: 0.0612
test_loss: 0.0741
epoch 89
train_loss: 0.0610
test_loss: 0.0739
epoch 90
train_loss: 0.0607
test_loss: 0.0738
epoch 91
train_loss: 0.0605
test_loss: 0.0736
epoch 92
train_loss: 0.0602
test_loss: 0.0734
epoch 93
train_loss: 0.0600
test_loss: 0.0732
epoch 94
train_loss: 0.0598
test_loss: 0.0730
epoch 95
train_loss: 0.0595
test_loss: 0.0729
epoch 96
train_loss: 0.0593
test_loss: 0.0727
epoch 97
train_loss: 0.0591
test_loss: 0.0725
epoch 98
train_loss: 0.0589
test_loss: 0.0724
epoch 99
train_loss: 0.0586
test_loss: 0.0722
epoch 100
train_loss: 0.0584
test_loss: 0.0720
epoch 101
train_loss: 0.0582
test_loss: 0.0719
epoch 102
train_loss: 0.0580
test_loss: 0.0717
epoch 103
train_loss: 0.0577
test_loss: 0.0715
epoch 104
train_loss: 0.0575
test_loss: 0.0714
epoch 105
train_loss: 0.0573
test_loss: 0.0712
epoch 106
train_loss: 0.0571
test_loss: 0.0710
epoch 107
train_loss: 0.0569
test_loss: 0.0709
epoch 108
train_loss: 0.0566
test_loss: 0.0707
epoch 109
train_loss: 0.0564
test_loss: 0.0705
epoch 110
train_loss: 0.0562
test_loss: 0.0704
epoch 111
train_loss: 0.0560
test_loss: 0.0702
epoch 112
train_loss: 0.0558
test_loss: 0.0701
epoch 113
train_loss: 0.0556
test_loss: 0.0699
epoch 114
train_loss: 0.0554
test_loss: 0.0698
epoch 115
train_loss: 0.0552
test_loss: 0.0696
epoch 116
train_loss: 0.0550
test_loss: 0.0694
epoch 117
train_loss: 0.0548
test_loss: 0.0693
epoch 118
train_loss: 0.0545
test_loss: 0.0691
epoch 119
train_loss: 0.0543
test_loss: 0.0690
epoch 120
train_loss: 0.0541
test_loss: 0.0689
epoch 121
train_loss: 0.0539
test_loss: 0.0687
epoch 122
train_loss: 0.0537
test_loss: 0.0686
epoch 123
train_loss: 0.0535
test_loss: 0.0684
epoch 124
train_loss: 0.0533
test_loss: 0.0683
epoch 125
train_loss: 0.0531
test_loss: 0.0682
epoch 126
train_loss: 0.0529
test_loss: 0.0680
epoch 127
train_loss: 0.0527
test_loss: 0.0679
epoch 128
train_loss: 0.0525
test_loss: 0.0677
epoch 129
train_loss: 0.0523
test_loss: 0.0676
epoch 130
train_loss: 0.0521
test_loss: 0.0674
epoch 131
train_loss: 0.0520
test_loss: 0.0672
epoch 132
train_loss: 0.0518
test_loss: 0.0671
epoch 133
train_loss: 0.0516
test_loss: 0.0669
epoch 134
train_loss: 0.0514
test_loss: 0.0668
epoch 135
train_loss: 0.0512
test_loss: 0.0667
epoch 136
train_loss: 0.0510
test_loss: 0.0665
epoch 137
train_loss: 0.0509
test_loss: 0.0664
epoch 138
train_loss: 0.0507
test_loss: 0.0663
epoch 139
train_loss: 0.0505
test_loss: 0.0661
epoch 140
train_loss: 0.0503
test_loss: 0.0660
epoch 141
train_loss: 0.0501
test_loss: 0.0658
epoch 142
train_loss: 0.0500
test_loss: 0.0657
epoch 143
train_loss: 0.0498
test_loss: 0.0656
epoch 144
train_loss: 0.0496
test_loss: 0.0654
epoch 145
train_loss: 0.0494
test_loss: 0.0653
epoch 146
train_loss: 0.0493
test_loss: 0.0652
epoch 147
train_loss: 0.0491
test_loss: 0.0651
epoch 148
train_loss: 0.0489
test_loss: 0.0649
epoch 149
train_loss: 0.0487
test_loss: 0.0648
epoch 150
train_loss: 0.0486
test_loss: 0.0647
epoch 151
train_loss: 0.0484
test_loss: 0.0646
epoch 152
train_loss: 0.0482
test_loss: 0.0644
epoch 153
train_loss: 0.0480
test_loss: 0.0644
epoch 154
train_loss: 0.0479
test_loss: 0.0642
epoch 155
train_loss: 0.0477
test_loss: 0.0641
epoch 156
train_loss: 0.0475
test_loss: 0.0640
epoch 157
train_loss: 0.0474
test_loss: 0.0639
epoch 158
train_loss: 0.0472
test_loss: 0.0638
epoch 159
train_loss: 0.0470
test_loss: 0.0637
epoch 160
train_loss: 0.0469
test_loss: 0.0636
epoch 161
train_loss: 0.0467
test_loss: 0.0634
epoch 162
train_loss: 0.0465
test_loss: 0.0633
epoch 163
train_loss: 0.0464
test_loss: 0.0632
epoch 164
train_loss: 0.0462
test_loss: 0.0631
epoch 165
train_loss: 0.0460
test_loss: 0.0630
epoch 166
train_loss: 0.0459
test_loss: 0.0629
epoch 167
train_loss: 0.0457
test_loss: 0.0628
epoch 168
train_loss: 0.0456
test_loss: 0.0626
epoch 169
train_loss: 0.0454
test_loss: 0.0626
epoch 170
train_loss: 0.0453
test_loss: 0.0625
epoch 171
train_loss: 0.0451
test_loss: 0.0623
epoch 172
train_loss: 0.0449
test_loss: 0.0622
epoch 173
train_loss: 0.0448
test_loss: 0.0621
epoch 174
train_loss: 0.0446
test_loss: 0.0620
epoch 175
train_loss: 0.0445
test_loss: 0.0619
epoch 176
train_loss: 0.0443
test_loss: 0.0618
epoch 177
train_loss: 0.0442
test_loss: 0.0617
epoch 178
train_loss: 0.0440
test_loss: 0.0616
epoch 179
train_loss: 0.0439
test_loss: 0.0615
epoch 180
train_loss: 0.0437
test_loss: 0.0614
epoch 181
train_loss: 0.0436
test_loss: 0.0613
epoch 182
train_loss: 0.0434
test_loss: 0.0611
epoch 183
train_loss: 0.0433
test_loss: 0.0611
epoch 184
train_loss: 0.0431
test_loss: 0.0609
epoch 185
train_loss: 0.0430
test_loss: 0.0608
epoch 186
train_loss: 0.0428
test_loss: 0.0607
epoch 187
train_loss: 0.0427
test_loss: 0.0606
epoch 188
train_loss: 0.0426
test_loss: 0.0605
epoch 189
train_loss: 0.0424
test_loss: 0.0603
epoch 190
train_loss: 0.0423
test_loss: 0.0603
epoch 191
train_loss: 0.0421
test_loss: 0.0602
epoch 192
train_loss: 0.0420
test_loss: 0.0601
epoch 193
train_loss: 0.0419
test_loss: 0.0600
epoch 194
train_loss: 0.0417
test_loss: 0.0599
epoch 195
train_loss: 0.0416
test_loss: 0.0598
epoch 196
train_loss: 0.0415
test_loss: 0.0597
epoch 197
train_loss: 0.0413
test_loss: 0.0596
epoch 198
train_loss: 0.0412
test_loss: 0.0595
epoch 199
train_loss: 0.0411
test_loss: 0.0594
epoch 200
train_loss: 0.0409
test_loss: 0.0593
epoch 201
train_loss: 0.0408
test_loss: 0.0592
epoch 202
train_loss: 0.0407
test_loss: 0.0591
epoch 203
train_loss: 0.0405
test_loss: 0.0590
epoch 204
train_loss: 0.0404
test_loss: 0.0589
epoch 205
train_loss: 0.0403
test_loss: 0.0588
epoch 206
train_loss: 0.0401
test_loss: 0.0587
epoch 207
train_loss: 0.0400
test_loss: 0.0586
epoch 208
train_loss: 0.0399
test_loss: 0.0585
epoch 209
train_loss: 0.0397
test_loss: 0.0584
epoch 210
train_loss: 0.0396
test_loss: 0.0583
epoch 211
train_loss: 0.0395
test_loss: 0.0581
epoch 212
train_loss: 0.0394
test_loss: 0.0580
epoch 213
train_loss: 0.0392
test_loss: 0.0579
epoch 214
train_loss: 0.0391
test_loss: 0.0578
epoch 215
train_loss: 0.0390
test_loss: 0.0577
epoch 216
train_loss: 0.0388
test_loss: 0.0576
epoch 217
train_loss: 0.0387
test_loss: 0.0574
epoch 218
train_loss: 0.0386
test_loss: 0.0573
epoch 219
train_loss: 0.0384
test_loss: 0.0572
epoch 220
train_loss: 0.0383
test_loss: 0.0571
epoch 221
train_loss: 0.0382
test_loss: 0.0570
epoch 222
train_loss: 0.0380
test_loss: 0.0568
epoch 223
train_loss: 0.0379
test_loss: 0.0567
epoch 224
train_loss: 0.0378
test_loss: 0.0566
epoch 225
train_loss: 0.0376
test_loss: 0.0565
epoch 226
train_loss: 0.0375
test_loss: 0.0564
epoch 227
train_loss: 0.0374
test_loss: 0.0563
epoch 228
train_loss: 0.0372
test_loss: 0.0562
epoch 229
train_loss: 0.0371
test_loss: 0.0560
epoch 230
train_loss: 0.0369
test_loss: 0.0559
epoch 231
train_loss: 0.0368
test_loss: 0.0558
epoch 232
train_loss: 0.0366
test_loss: 0.0556
epoch 233
train_loss: 0.0365
test_loss: 0.0555
epoch 234
train_loss: 0.0363
test_loss: 0.0554
epoch 235
train_loss: 0.0362
test_loss: 0.0552
epoch 236
train_loss: 0.0361
test_loss: 0.0551
epoch 237
train_loss: 0.0359
test_loss: 0.0550
epoch 238
train_loss: 0.0357
test_loss: 0.0548
epoch 239
train_loss: 0.0356
test_loss: 0.0547
epoch 240
train_loss: 0.0354
test_loss: 0.0546
epoch 241
train_loss: 0.0353
test_loss: 0.0545
epoch 242
train_loss: 0.0351
test_loss: 0.0543
epoch 243
train_loss: 0.0350
test_loss: 0.0542
epoch 244
train_loss: 0.0349
test_loss: 0.0540
epoch 245
train_loss: 0.0347
test_loss: 0.0539
epoch 246
train_loss: 0.0346
test_loss: 0.0538
epoch 247
train_loss: 0.0344
test_loss: 0.0536
epoch 248
train_loss: 0.0343
test_loss: 0.0534
epoch 249
train_loss: 0.0341
test_loss: 0.0533
epoch 250
train_loss: 0.0340
test_loss: 0.0531
epoch 251
train_loss: 0.0338
test_loss: 0.0530
epoch 252
train_loss: 0.0337
test_loss: 0.0528
epoch 253
train_loss: 0.0335
test_loss: 0.0527
epoch 254
train_loss: 0.0334
test_loss: 0.0525
epoch 255
train_loss: 0.0332
test_loss: 0.0524
epoch 256
train_loss: 0.0330
test_loss: 0.0522
epoch 257
train_loss: 0.0329
test_loss: 0.0520
epoch 258
train_loss: 0.0327
test_loss: 0.0519
epoch 259
train_loss: 0.0325
test_loss: 0.0517
epoch 260
train_loss: 0.0324
test_loss: 0.0515
epoch 261
train_loss: 0.0322
test_loss: 0.0514
epoch 262
train_loss: 0.0320
test_loss: 0.0512
epoch 263
train_loss: 0.0319
test_loss: 0.0510
epoch 264
train_loss: 0.0317
test_loss: 0.0508
epoch 265
train_loss: 0.0315
test_loss: 0.0506
epoch 266
train_loss: 0.0314
test_loss: 0.0504
epoch 267
train_loss: 0.0312
test_loss: 0.0502
epoch 268
train_loss: 0.0310
test_loss: 0.0500
epoch 269
train_loss: 0.0308
test_loss: 0.0498
epoch 270
train_loss: 0.0307
test_loss: 0.0496
epoch 271
train_loss: 0.0305
test_loss: 0.0494
epoch 272
train_loss: 0.0303
test_loss: 0.0492
epoch 273
train_loss: 0.0301
test_loss: 0.0491
epoch 274
train_loss: 0.0300
test_loss: 0.0489
epoch 275
train_loss: 0.0298
test_loss: 0.0487
epoch 276
train_loss: 0.0296
test_loss: 0.0485
epoch 277
train_loss: 0.0295
test_loss: 0.0483
epoch 278
train_loss: 0.0293
test_loss: 0.0481
epoch 279
train_loss: 0.0291
test_loss: 0.0479
epoch 280
train_loss: 0.0289
test_loss: 0.0478
epoch 281
train_loss: 0.0288
test_loss: 0.0476
epoch 282
train_loss: 0.0286
test_loss: 0.0474
epoch 283
train_loss: 0.0284
test_loss: 0.0471
epoch 284
train_loss: 0.0283
test_loss: 0.0470
epoch 285
train_loss: 0.0281
test_loss: 0.0467
epoch 286
train_loss: 0.0279
test_loss: 0.0465
epoch 287
train_loss: 0.0277
test_loss: 0.0462
epoch 288
train_loss: 0.0276
test_loss: 0.0460
epoch 289
train_loss: 0.0274
test_loss: 0.0458
epoch 290
train_loss: 0.0272
test_loss: 0.0455
epoch 291
train_loss: 0.0270
test_loss: 0.0453
epoch 292
train_loss: 0.0268
test_loss: 0.0450
epoch 293
train_loss: 0.0267
test_loss: 0.0447
epoch 294
train_loss: 0.0265
test_loss: 0.0445
epoch 295
train_loss: 0.0263
test_loss: 0.0443
epoch 296
train_loss: 0.0261
test_loss: 0.0440
epoch 297
train_loss: 0.0260
test_loss: 0.0438
epoch 298
train_loss: 0.0258
test_loss: 0.0436
epoch 299
train_loss: 0.0256
test_loss: 0.0433
epoch 300
train_loss: 0.0254
test_loss: 0.0431
epoch 301
train_loss: 0.0252
test_loss: 0.0429
epoch 302
train_loss: 0.0251
test_loss: 0.0426
epoch 303
train_loss: 0.0249
test_loss: 0.0424
epoch 304
train_loss: 0.0247
test_loss: 0.0422
epoch 305
train_loss: 0.0246
test_loss: 0.0420
epoch 306
train_loss: 0.0244
test_loss: 0.0418
epoch 307
train_loss: 0.0242
test_loss: 0.0415
epoch 308
train_loss: 0.0241
test_loss: 0.0414
epoch 309
train_loss: 0.0239
test_loss: 0.0411
epoch 310
train_loss: 0.0237
test_loss: 0.0410
epoch 311
train_loss: 0.0236
test_loss: 0.0408
epoch 312
train_loss: 0.0234
test_loss: 0.0406
epoch 313
train_loss: 0.0232
test_loss: 0.0404
epoch 314
train_loss: 0.0231
test_loss: 0.0402
epoch 315
train_loss: 0.0229
test_loss: 0.0399
epoch 316
train_loss: 0.0228
test_loss: 0.0398
epoch 317
train_loss: 0.0226
test_loss: 0.0396
epoch 318
train_loss: 0.0225
test_loss: 0.0394
epoch 319
train_loss: 0.0223
test_loss: 0.0392
epoch 320
train_loss: 0.0222
test_loss: 0.0390
epoch 321
train_loss: 0.0220
test_loss: 0.0388
epoch 322
train_loss: 0.0219
test_loss: 0.0386
epoch 323
train_loss: 0.0217
test_loss: 0.0384
epoch 324
train_loss: 0.0216
test_loss: 0.0382
epoch 325
train_loss: 0.0214
test_loss: 0.0380
epoch 326
train_loss: 0.0213
test_loss: 0.0378
epoch 327
train_loss: 0.0211
test_loss: 0.0376
epoch 328
train_loss: 0.0210
test_loss: 0.0374
epoch 329
train_loss: 0.0208
test_loss: 0.0372
epoch 330
train_loss: 0.0207
test_loss: 0.0370
epoch 331
train_loss: 0.0206
test_loss: 0.0369
epoch 332
train_loss: 0.0204
test_loss: 0.0367
epoch 333
train_loss: 0.0203
test_loss: 0.0365
epoch 334
train_loss: 0.0201
test_loss: 0.0363
epoch 335
train_loss: 0.0200
test_loss: 0.0361
epoch 336
train_loss: 0.0199
test_loss: 0.0360
epoch 337
train_loss: 0.0197
test_loss: 0.0358
epoch 338
train_loss: 0.0196
test_loss: 0.0356
epoch 339
train_loss: 0.0195
test_loss: 0.0354
epoch 340
train_loss: 0.0193
test_loss: 0.0352
epoch 341
train_loss: 0.0192
test_loss: 0.0351
epoch 342
train_loss: 0.0191
test_loss: 0.0349
epoch 343
train_loss: 0.0189
test_loss: 0.0347
epoch 344
train_loss: 0.0188
test_loss: 0.0346
epoch 345
train_loss: 0.0187
test_loss: 0.0344
epoch 346
train_loss: 0.0185
test_loss: 0.0342
epoch 347
train_loss: 0.0184
test_loss: 0.0341
epoch 348
train_loss: 0.0183
test_loss: 0.0339
epoch 349
train_loss: 0.0182
test_loss: 0.0338
epoch 350
train_loss: 0.0180
test_loss: 0.0336
epoch 351
train_loss: 0.0179
test_loss: 0.0334
epoch 352
train_loss: 0.0178
test_loss: 0.0333
epoch 353
train_loss: 0.0177
test_loss: 0.0331
epoch 354
train_loss: 0.0176
test_loss: 0.0330
epoch 355
train_loss: 0.0175
test_loss: 0.0328
epoch 356
train_loss: 0.0173
test_loss: 0.0327
epoch 357
train_loss: 0.0172
test_loss: 0.0325
epoch 358
train_loss: 0.0171
test_loss: 0.0324
epoch 359
train_loss: 0.0170
test_loss: 0.0323
epoch 360
train_loss: 0.0169
test_loss: 0.0321
epoch 361
train_loss: 0.0168
test_loss: 0.0320
epoch 362
train_loss: 0.0167
test_loss: 0.0319
epoch 363
train_loss: 0.0166
test_loss: 0.0317
epoch 364
train_loss: 0.0165
test_loss: 0.0316
epoch 365
train_loss: 0.0164
test_loss: 0.0315
epoch 366
train_loss: 0.0162
test_loss: 0.0313
epoch 367
train_loss: 0.0161
test_loss: 0.0312
epoch 368
train_loss: 0.0160
test_loss: 0.0311
epoch 369
train_loss: 0.0159
test_loss: 0.0309
epoch 370
train_loss: 0.0158
test_loss: 0.0308
epoch 371
train_loss: 0.0157
test_loss: 0.0307
epoch 372
train_loss: 0.0156
test_loss: 0.0306
epoch 373
train_loss: 0.0155
test_loss: 0.0305
epoch 374
train_loss: 0.0154
test_loss: 0.0304
epoch 375
train_loss: 0.0153
test_loss: 0.0303
epoch 376
train_loss: 0.0152
test_loss: 0.0302
epoch 377
train_loss: 0.0151
test_loss: 0.0301
epoch 378
train_loss: 0.0150
test_loss: 0.0300
epoch 379
train_loss: 0.0149
test_loss: 0.0299
epoch 380
train_loss: 0.0148
test_loss: 0.0298
epoch 381
train_loss: 0.0147
test_loss: 0.0298
epoch 382
train_loss: 0.0146
test_loss: 0.0297
epoch 383
train_loss: 0.0144
test_loss: 0.0296
epoch 384
train_loss: 0.0143
test_loss: 0.0295
epoch 385
train_loss: 0.0143
test_loss: 0.0295
epoch 386
train_loss: 0.0142
test_loss: 0.0294
epoch 387
train_loss: 0.0141
test_loss: 0.0293
epoch 388
train_loss: 0.0140
test_loss: 0.0292
epoch 389
train_loss: 0.0139
test_loss: 0.0291
epoch 390
train_loss: 0.0138
test_loss: 0.0291
epoch 391
train_loss: 0.0137
test_loss: 0.0290
epoch 392
train_loss: 0.0136
test_loss: 0.0289
epoch 393
train_loss: 0.0135
test_loss: 0.0288
epoch 394
train_loss: 0.0134
test_loss: 0.0288
epoch 395
train_loss: 0.0133
test_loss: 0.0287
epoch 396
train_loss: 0.0132
test_loss: 0.0286
epoch 397
train_loss: 0.0131
test_loss: 0.0285
epoch 398
train_loss: 0.0130
test_loss: 0.0285
epoch 399
train_loss: 0.0129
test_loss: 0.0284
epoch 400
train_loss: 0.0128
test_loss: 0.0283
epoch 401
train_loss: 0.0127
test_loss: 0.0283
epoch 402
train_loss: 0.0126
test_loss: 0.0282
epoch 403
train_loss: 0.0125
test_loss: 0.0281
epoch 404
train_loss: 0.0124
test_loss: 0.0280
epoch 405
train_loss: 0.0123
test_loss: 0.0280
epoch 406
train_loss: 0.0122
test_loss: 0.0279
epoch 407
train_loss: 0.0121
test_loss: 0.0278
epoch 408
train_loss: 0.0120
test_loss: 0.0277
epoch 409
train_loss: 0.0119
test_loss: 0.0277
epoch 410
train_loss: 0.0118
test_loss: 0.0276
epoch 411
train_loss: 0.0117
test_loss: 0.0275
epoch 412
train_loss: 0.0116
test_loss: 0.0274
epoch 413
train_loss: 0.0115
test_loss: 0.0273
epoch 414
train_loss: 0.0114
test_loss: 0.0272
epoch 415
train_loss: 0.0113
test_loss: 0.0270
epoch 416
train_loss: 0.0112
test_loss: 0.0269
epoch 417
train_loss: 0.0111
test_loss: 0.0269
epoch 418
train_loss: 0.0110
test_loss: 0.0267
epoch 419
train_loss: 0.0109
test_loss: 0.0266
epoch 420
train_loss: 0.0108
test_loss: 0.0265
epoch 421
train_loss: 0.0107
test_loss: 0.0264
epoch 422
train_loss: 0.0106
test_loss: 0.0263
epoch 423
train_loss: 0.0105
test_loss: 0.0262
epoch 424
train_loss: 0.0104
test_loss: 0.0261
epoch 425
train_loss: 0.0104
test_loss: 0.0260
epoch 426
train_loss: 0.0103
test_loss: 0.0258
epoch 427
train_loss: 0.0102
test_loss: 0.0257
epoch 428
train_loss: 0.0101
test_loss: 0.0256
epoch 429
train_loss: 0.0100
test_loss: 0.0255
epoch 430
train_loss: 0.0099
test_loss: 0.0254
epoch 431
train_loss: 0.0098
test_loss: 0.0253
epoch 432
train_loss: 0.0097
test_loss: 0.0252
epoch 433
train_loss: 0.0096
test_loss: 0.0250
epoch 434
train_loss: 0.0095
test_loss: 0.0250
epoch 435
train_loss: 0.0094
test_loss: 0.0248
epoch 436
train_loss: 0.0093
test_loss: 0.0247
epoch 437
train_loss: 0.0092
test_loss: 0.0246
epoch 438
train_loss: 0.0091
test_loss: 0.0245
epoch 439
train_loss: 0.0090
test_loss: 0.0244
epoch 440
train_loss: 0.0089
test_loss: 0.0243
epoch 441
train_loss: 0.0088
test_loss: 0.0242
epoch 442
train_loss: 0.0087
test_loss: 0.0240
epoch 443
train_loss: 0.0087
test_loss: 0.0239
epoch 444
train_loss: 0.0086
test_loss: 0.0238
epoch 445
train_loss: 0.0085
test_loss: 0.0237
epoch 446
train_loss: 0.0084
test_loss: 0.0236
epoch 447
train_loss: 0.0083
test_loss: 0.0234
epoch 448
train_loss: 0.0082
test_loss: 0.0233
epoch 449
train_loss: 0.0081
test_loss: 0.0232
epoch 450
train_loss: 0.0080
test_loss: 0.0231
epoch 451
train_loss: 0.0079
test_loss: 0.0230
epoch 452
train_loss: 0.0078
test_loss: 0.0228
epoch 453
train_loss: 0.0078
test_loss: 0.0227
epoch 454
train_loss: 0.0077
test_loss: 0.0226
epoch 455
train_loss: 0.0076
test_loss: 0.0224
epoch 456
train_loss: 0.0075
test_loss: 0.0223
epoch 457
train_loss: 0.0074
test_loss: 0.0222
epoch 458
train_loss: 0.0073
test_loss: 0.0220
epoch 459
train_loss: 0.0073
test_loss: 0.0219
epoch 460
train_loss: 0.0072
test_loss: 0.0218
epoch 461
train_loss: 0.0071
test_loss: 0.0217
epoch 462
train_loss: 0.0070
test_loss: 0.0216
epoch 463
train_loss: 0.0069
test_loss: 0.0214
epoch 464
train_loss: 0.0068
test_loss: 0.0213
epoch 465
train_loss: 0.0068
test_loss: 0.0212
epoch 466
train_loss: 0.0067
test_loss: 0.0211
epoch 467
train_loss: 0.0066
test_loss: 0.0209
epoch 468
train_loss: 0.0065
test_loss: 0.0208
epoch 469
train_loss: 0.0064
test_loss: 0.0207
epoch 470
train_loss: 0.0064
test_loss: 0.0206
epoch 471
train_loss: 0.0063
test_loss: 0.0205
epoch 472
train_loss: 0.0062
test_loss: 0.0204
epoch 473
train_loss: 0.0061
test_loss: 0.0202
epoch 474
train_loss: 0.0061
test_loss: 0.0201
epoch 475
train_loss: 0.0060
test_loss: 0.0200
epoch 476
train_loss: 0.0059
test_loss: 0.0199
epoch 477
train_loss: 0.0058
test_loss: 0.0198
epoch 478
train_loss: 0.0058
test_loss: 0.0197
epoch 479
train_loss: 0.0057
test_loss: 0.0195
epoch 480
train_loss: 0.0056
test_loss: 0.0194
epoch 481
train_loss: 0.0056
test_loss: 0.0193
epoch 482
train_loss: 0.0055
test_loss: 0.0192
epoch 483
train_loss: 0.0054
test_loss: 0.0191
epoch 484
train_loss: 0.0054
test_loss: 0.0190
epoch 485
train_loss: 0.0053
test_loss: 0.0189
epoch 486
train_loss: 0.0052
test_loss: 0.0188
epoch 487
train_loss: 0.0052
test_loss: 0.0187
epoch 488
train_loss: 0.0051
test_loss: 0.0186
epoch 489
train_loss: 0.0051
test_loss: 0.0185
epoch 490
train_loss: 0.0050
test_loss: 0.0184
epoch 491
train_loss: 0.0049
test_loss: 0.0183
epoch 492
train_loss: 0.0049
test_loss: 0.0182
epoch 493
train_loss: 0.0048
test_loss: 0.0181
epoch 494
train_loss: 0.0047
test_loss: 0.0180
epoch 495
train_loss: 0.0047
test_loss: 0.0179
epoch 496
train_loss: 0.0046
test_loss: 0.0178
epoch 497
train_loss: 0.0045
test_loss: 0.0177
epoch 498
train_loss: 0.0045
test_loss: 0.0176
epoch 499
train_loss: 0.0044
test_loss: 0.0175
epoch 500
train_loss: 0.0044
test_loss: 0.0174
epoch 501
train_loss: 0.0043
test_loss: 0.0173
epoch 502
train_loss: 0.0043
test_loss: 0.0172
epoch 503
train_loss: 0.0042
test_loss: 0.0171
epoch 504
train_loss: 0.0042
test_loss: 0.0170
epoch 505
train_loss: 0.0041
test_loss: 0.0169
epoch 506
train_loss: 0.0041
test_loss: 0.0168
epoch 507
train_loss: 0.0040
test_loss: 0.0168
epoch 508
train_loss: 0.0040
test_loss: 0.0167
epoch 509
train_loss: 0.0039
test_loss: 0.0166
epoch 510
train_loss: 0.0039
test_loss: 0.0165
epoch 511
train_loss: 0.0038
test_loss: 0.0165
epoch 512
train_loss: 0.0038
test_loss: 0.0164
epoch 513
train_loss: 0.0037
test_loss: 0.0163
epoch 514
train_loss: 0.0037
test_loss: 0.0163
epoch 515
train_loss: 0.0037
test_loss: 0.0162
epoch 516
train_loss: 0.0036
test_loss: 0.0161
epoch 517
train_loss: 0.0036
test_loss: 0.0160
epoch 518
train_loss: 0.0035
test_loss: 0.0160
epoch 519
train_loss: 0.0035
test_loss: 0.0159
epoch 520
train_loss: 0.0035
test_loss: 0.0159
epoch 521
train_loss: 0.0034
test_loss: 0.0158
epoch 522
train_loss: 0.0034
test_loss: 0.0157
epoch 523
train_loss: 0.0034
test_loss: 0.0157
epoch 524
train_loss: 0.0033
test_loss: 0.0156
epoch 525
train_loss: 0.0033
test_loss: 0.0156
epoch 526
train_loss: 0.0033
test_loss: 0.0155
epoch 527
train_loss: 0.0032
test_loss: 0.0155
epoch 528
train_loss: 0.0032
test_loss: 0.0154
epoch 529
train_loss: 0.0032
test_loss: 0.0154
epoch 530
train_loss: 0.0032
test_loss: 0.0153
epoch 531
train_loss: 0.0031
test_loss: 0.0153
epoch 532
train_loss: 0.0031
test_loss: 0.0152
epoch 533
train_loss: 0.0031
test_loss: 0.0152
epoch 534
train_loss: 0.0030
test_loss: 0.0151
epoch 535
train_loss: 0.0030
test_loss: 0.0151
epoch 536
train_loss: 0.0030
test_loss: 0.0150
epoch 537
train_loss: 0.0030
test_loss: 0.0150
epoch 538
train_loss: 0.0029
test_loss: 0.0149
epoch 539
train_loss: 0.0029
test_loss: 0.0149
epoch 540
train_loss: 0.0029
test_loss: 0.0149
epoch 541
train_loss: 0.0029
test_loss: 0.0148
epoch 542
train_loss: 0.0029
test_loss: 0.0148
epoch 543
train_loss: 0.0028
test_loss: 0.0147
epoch 544
train_loss: 0.0028
test_loss: 0.0147
epoch 545
train_loss: 0.0028
test_loss: 0.0147
epoch 546
train_loss: 0.0028
test_loss: 0.0146
epoch 547
train_loss: 0.0027
test_loss: 0.0146
epoch 548
train_loss: 0.0027
test_loss: 0.0146
epoch 549
train_loss: 0.0027
test_loss: 0.0145
epoch 550
train_loss: 0.0027
test_loss: 0.0145
epoch 551
train_loss: 0.0027
test_loss: 0.0145
epoch 552
train_loss: 0.0027
test_loss: 0.0144
epoch 553
train_loss: 0.0026
test_loss: 0.0144
epoch 554
train_loss: 0.0026
test_loss: 0.0144
epoch 555
train_loss: 0.0026
test_loss: 0.0144
epoch 556
train_loss: 0.0026
test_loss: 0.0143
epoch 557
train_loss: 0.0026
test_loss: 0.0143
epoch 558
train_loss: 0.0026
test_loss: 0.0143
epoch 559
train_loss: 0.0025
test_loss: 0.0142
epoch 560
train_loss: 0.0025
test_loss: 0.0142
epoch 561
train_loss: 0.0025
test_loss: 0.0142
epoch 562
train_loss: 0.0025
test_loss: 0.0141
epoch 563
train_loss: 0.0025
test_loss: 0.0141
epoch 564
train_loss: 0.0025
test_loss: 0.0141
epoch 565
train_loss: 0.0025
test_loss: 0.0141
epoch 566
train_loss: 0.0025
test_loss: 0.0140
epoch 567
train_loss: 0.0024
test_loss: 0.0140
epoch 568
train_loss: 0.0024
test_loss: 0.0140
epoch 569
train_loss: 0.0024
test_loss: 0.0139
epoch 570
train_loss: 0.0024
test_loss: 0.0139
epoch 571
train_loss: 0.0024
test_loss: 0.0139
epoch 572
train_loss: 0.0024
test_loss: 0.0139
epoch 573
train_loss: 0.0024
test_loss: 0.0139
epoch 574
train_loss: 0.0024
test_loss: 0.0138
epoch 575
train_loss: 0.0023
test_loss: 0.0138
epoch 576
train_loss: 0.0023
test_loss: 0.0138
epoch 577
train_loss: 0.0023
test_loss: 0.0138
epoch 578
train_loss: 0.0023
test_loss: 0.0138
epoch 579
train_loss: 0.0023
test_loss: 0.0137
epoch 580
train_loss: 0.0023
test_loss: 0.0137
epoch 581
train_loss: 0.0023
test_loss: 0.0137
epoch 582
train_loss: 0.0023
test_loss: 0.0137
epoch 583
train_loss: 0.0023
test_loss: 0.0137
epoch 584
train_loss: 0.0023
test_loss: 0.0137
epoch 585
train_loss: 0.0022
test_loss: 0.0137
epoch 586
train_loss: 0.0022
test_loss: 0.0136
epoch 587
train_loss: 0.0022
test_loss: 0.0136
epoch 588
train_loss: 0.0022
test_loss: 0.0136
epoch 589
train_loss: 0.0022
test_loss: 0.0136
epoch 590
train_loss: 0.0022
test_loss: 0.0136
epoch 591
train_loss: 0.0022
test_loss: 0.0135
epoch 592
train_loss: 0.0022
test_loss: 0.0135
epoch 593
train_loss: 0.0022
test_loss: 0.0135
epoch 594
train_loss: 0.0022
test_loss: 0.0135
epoch 595
train_loss: 0.0022
test_loss: 0.0135
epoch 596
train_loss: 0.0022
test_loss: 0.0135
epoch 597
train_loss: 0.0022
test_loss: 0.0134
epoch 598
train_loss: 0.0021
test_loss: 0.0134
epoch 599
train_loss: 0.0021
test_loss: 0.0134
epoch 600
train_loss: 0.0021
test_loss: 0.0134
epoch 601
train_loss: 0.0021
test_loss: 0.0134
epoch 602
train_loss: 0.0021
test_loss: 0.0134
epoch 603
train_loss: 0.0021
test_loss: 0.0133
epoch 604
train_loss: 0.0021
test_loss: 0.0133
epoch 605
train_loss: 0.0021
test_loss: 0.0133
epoch 606
train_loss: 0.0021
test_loss: 0.0133
epoch 607
train_loss: 0.0021
test_loss: 0.0133
epoch 608
train_loss: 0.0021
test_loss: 0.0133
epoch 609
train_loss: 0.0021
test_loss: 0.0133
epoch 610
train_loss: 0.0021
test_loss: 0.0132
epoch 611
train_loss: 0.0021
test_loss: 0.0132
epoch 612
train_loss: 0.0021
test_loss: 0.0132
epoch 613
train_loss: 0.0020
test_loss: 0.0132
epoch 614
train_loss: 0.0020
test_loss: 0.0132
epoch 615
train_loss: 0.0020
test_loss: 0.0132
epoch 616
train_loss: 0.0020
test_loss: 0.0131
epoch 617
train_loss: 0.0020
test_loss: 0.0131
epoch 618
train_loss: 0.0020
test_loss: 0.0131
epoch 619
train_loss: 0.0020
test_loss: 0.0131
epoch 620
train_loss: 0.0020
test_loss: 0.0131
epoch 621
train_loss: 0.0020
test_loss: 0.0131
epoch 622
train_loss: 0.0020
test_loss: 0.0131
epoch 623
train_loss: 0.0020
test_loss: 0.0130
epoch 624
train_loss: 0.0020
test_loss: 0.0130
epoch 625
train_loss: 0.0020
test_loss: 0.0130
epoch 626
train_loss: 0.0020
test_loss: 0.0130
epoch 627
train_loss: 0.0020
test_loss: 0.0130
epoch 628
train_loss: 0.0020
test_loss: 0.0130
epoch 629
train_loss: 0.0020
test_loss: 0.0130
epoch 630
train_loss: 0.0020
test_loss: 0.0129
epoch 631
train_loss: 0.0020
test_loss: 0.0129
epoch 632
train_loss: 0.0019
test_loss: 0.0129
epoch 633
train_loss: 0.0019
test_loss: 0.0129
epoch 634
train_loss: 0.0019
test_loss: 0.0129
epoch 635
train_loss: 0.0019
test_loss: 0.0129
epoch 636
train_loss: 0.0019
test_loss: 0.0129
epoch 637
train_loss: 0.0019
test_loss: 0.0129
epoch 638
train_loss: 0.0019
test_loss: 0.0128
epoch 639
train_loss: 0.0019
test_loss: 0.0128
epoch 640
train_loss: 0.0019
test_loss: 0.0128
epoch 641
train_loss: 0.0019
test_loss: 0.0128
epoch 642
train_loss: 0.0019
test_loss: 0.0128
epoch 643
train_loss: 0.0019
test_loss: 0.0128
epoch 644
train_loss: 0.0019
test_loss: 0.0128
epoch 645
train_loss: 0.0019
test_loss: 0.0127
epoch 646
train_loss: 0.0019
test_loss: 0.0127
epoch 647
train_loss: 0.0019
test_loss: 0.0127
epoch 648
train_loss: 0.0019
test_loss: 0.0127
epoch 649
train_loss: 0.0019
test_loss: 0.0127
epoch 650
train_loss: 0.0019
test_loss: 0.0127
epoch 651
train_loss: 0.0019
test_loss: 0.0127
epoch 652
train_loss: 0.0019
test_loss: 0.0127
epoch 653
train_loss: 0.0019
test_loss: 0.0126
epoch 654
train_loss: 0.0019
test_loss: 0.0126
epoch 655
train_loss: 0.0018
test_loss: 0.0126
epoch 656
train_loss: 0.0018
test_loss: 0.0126
epoch 657
train_loss: 0.0018
test_loss: 0.0126
epoch 658
train_loss: 0.0018
test_loss: 0.0125
epoch 659
train_loss: 0.0018
test_loss: 0.0125
epoch 660
train_loss: 0.0018
test_loss: 0.0125
epoch 661
train_loss: 0.0018
test_loss: 0.0125
epoch 662
train_loss: 0.0018
test_loss: 0.0125
epoch 663
train_loss: 0.0018
test_loss: 0.0125
epoch 664
train_loss: 0.0018
test_loss: 0.0125
epoch 665
train_loss: 0.0018
test_loss: 0.0125
epoch 666
train_loss: 0.0018
test_loss: 0.0125
epoch 667
train_loss: 0.0018
test_loss: 0.0125
epoch 668
train_loss: 0.0018
test_loss: 0.0124
epoch 669
train_loss: 0.0018
test_loss: 0.0124
epoch 670
train_loss: 0.0018
test_loss: 0.0124
epoch 671
train_loss: 0.0018
test_loss: 0.0124
epoch 672
train_loss: 0.0018
test_loss: 0.0124
epoch 673
train_loss: 0.0018
test_loss: 0.0124
epoch 674
train_loss: 0.0018
test_loss: 0.0124
epoch 675
train_loss: 0.0018
test_loss: 0.0124
epoch 676
train_loss: 0.0018
test_loss: 0.0123
epoch 677
train_loss: 0.0018
test_loss: 0.0123
epoch 678
train_loss: 0.0018
test_loss: 0.0123
epoch 679
train_loss: 0.0018
test_loss: 0.0123
epoch 680
train_loss: 0.0018
test_loss: 0.0123
epoch 681
train_loss: 0.0018
test_loss: 0.0123
epoch 682
train_loss: 0.0018
test_loss: 0.0123
epoch 683
train_loss: 0.0018
test_loss: 0.0123
epoch 684
train_loss: 0.0018
test_loss: 0.0123
epoch 685
train_loss: 0.0018
test_loss: 0.0123
epoch 686
train_loss: 0.0018
test_loss: 0.0122
epoch 687
train_loss: 0.0018
test_loss: 0.0122
epoch 688
train_loss: 0.0017
test_loss: 0.0122
epoch 689
train_loss: 0.0017
test_loss: 0.0122
epoch 690
train_loss: 0.0017
test_loss: 0.0122
epoch 691
train_loss: 0.0017
test_loss: 0.0122
epoch 692
train_loss: 0.0017
test_loss: 0.0122
epoch 693
train_loss: 0.0017
test_loss: 0.0122
epoch 694
train_loss: 0.0017
test_loss: 0.0122
epoch 695
train_loss: 0.0017
test_loss: 0.0122
epoch 696
train_loss: 0.0017
test_loss: 0.0122
epoch 697
train_loss: 0.0017
test_loss: 0.0121
epoch 698
train_loss: 0.0017
test_loss: 0.0121
epoch 699
train_loss: 0.0017
test_loss: 0.0121
epoch 700
train_loss: 0.0017
test_loss: 0.0121
epoch 701
train_loss: 0.0017
test_loss: 0.0121
epoch 702
train_loss: 0.0017
test_loss: 0.0121
epoch 703
train_loss: 0.0017
test_loss: 0.0121
epoch 704
train_loss: 0.0017
test_loss: 0.0121
epoch 705
train_loss: 0.0017
test_loss: 0.0121
epoch 706
train_loss: 0.0017
test_loss: 0.0121
epoch 707
train_loss: 0.0017
test_loss: 0.0121
epoch 708
train_loss: 0.0017
test_loss: 0.0121
epoch 709
train_loss: 0.0017
test_loss: 0.0121
epoch 710
train_loss: 0.0017
test_loss: 0.0121
epoch 711
train_loss: 0.0017
test_loss: 0.0121
epoch 712
train_loss: 0.0017
test_loss: 0.0120
epoch 713
train_loss: 0.0017
test_loss: 0.0120
epoch 714
train_loss: 0.0017
test_loss: 0.0120
epoch 715
train_loss: 0.0017
test_loss: 0.0120
epoch 716
train_loss: 0.0017
test_loss: 0.0120
epoch 717
train_loss: 0.0017
test_loss: 0.0120
epoch 718
train_loss: 0.0017
test_loss: 0.0120
epoch 719
train_loss: 0.0017
test_loss: 0.0120
epoch 720
train_loss: 0.0017
test_loss: 0.0120
epoch 721
train_loss: 0.0017
test_loss: 0.0120
epoch 722
train_loss: 0.0017
test_loss: 0.0120
epoch 723
train_loss: 0.0017
test_loss: 0.0119
epoch 724
train_loss: 0.0017
test_loss: 0.0120
epoch 725
train_loss: 0.0017
test_loss: 0.0119
epoch 726
train_loss: 0.0017
test_loss: 0.0119
epoch 727
train_loss: 0.0017
test_loss: 0.0119
epoch 728
train_loss: 0.0017
test_loss: 0.0119
epoch 729
train_loss: 0.0017
test_loss: 0.0119
epoch 730
train_loss: 0.0017
test_loss: 0.0119
epoch 731
train_loss: 0.0017
test_loss: 0.0119
epoch 732
train_loss: 0.0017
test_loss: 0.0119
epoch 733
train_loss: 0.0017
test_loss: 0.0119
epoch 734
train_loss: 0.0017
test_loss: 0.0119
epoch 735
train_loss: 0.0017
test_loss: 0.0119
epoch 736
train_loss: 0.0017
test_loss: 0.0119
epoch 737
train_loss: 0.0017
test_loss: 0.0119
epoch 738
train_loss: 0.0017
test_loss: 0.0119
epoch 739
train_loss: 0.0017
test_loss: 0.0119
epoch 740
train_loss: 0.0017
test_loss: 0.0118
epoch 741
train_loss: 0.0017
test_loss: 0.0118
epoch 742
train_loss: 0.0017
test_loss: 0.0118
epoch 743
train_loss: 0.0017
test_loss: 0.0118
epoch 744
train_loss: 0.0017
test_loss: 0.0118
epoch 745
train_loss: 0.0017
test_loss: 0.0118
epoch 746
train_loss: 0.0017
test_loss: 0.0118
epoch 747
train_loss: 0.0017
test_loss: 0.0118
epoch 748
train_loss: 0.0016
test_loss: 0.0118
epoch 749
train_loss: 0.0016
test_loss: 0.0118
epoch 750
train_loss: 0.0016
test_loss: 0.0118
epoch 751
train_loss: 0.0016
test_loss: 0.0118
epoch 752
train_loss: 0.0016
test_loss: 0.0118
epoch 753
train_loss: 0.0016
test_loss: 0.0118
epoch 754
train_loss: 0.0016
test_loss: 0.0118
epoch 755
train_loss: 0.0016
test_loss: 0.0117
epoch 756
train_loss: 0.0016
test_loss: 0.0117
epoch 757
train_loss: 0.0016
test_loss: 0.0117
epoch 758
train_loss: 0.0016
test_loss: 0.0117
epoch 759
train_loss: 0.0016
test_loss: 0.0117
epoch 760
train_loss: 0.0016
test_loss: 0.0117
epoch 761
train_loss: 0.0016
test_loss: 0.0117
epoch 762
train_loss: 0.0016
test_loss: 0.0117
epoch 763
train_loss: 0.0016
test_loss: 0.0117
epoch 764
train_loss: 0.0016
test_loss: 0.0117
epoch 765
train_loss: 0.0016
test_loss: 0.0117
epoch 766
train_loss: 0.0016
test_loss: 0.0117
epoch 767
train_loss: 0.0016
test_loss: 0.0117
epoch 768
train_loss: 0.0016
test_loss: 0.0117
epoch 769
train_loss: 0.0016
test_loss: 0.0117
epoch 770
train_loss: 0.0016
test_loss: 0.0117
epoch 771
train_loss: 0.0016
test_loss: 0.0117
epoch 772
train_loss: 0.0016
test_loss: 0.0117
epoch 773
train_loss: 0.0016
test_loss: 0.0117
epoch 774
train_loss: 0.0016
test_loss: 0.0116
epoch 775
train_loss: 0.0016
test_loss: 0.0117
epoch 776
train_loss: 0.0016
test_loss: 0.0116
epoch 777
train_loss: 0.0016
test_loss: 0.0116
epoch 778
train_loss: 0.0016
test_loss: 0.0116
epoch 779
train_loss: 0.0016
test_loss: 0.0116
epoch 780
train_loss: 0.0016
test_loss: 0.0116
epoch 781
train_loss: 0.0016
test_loss: 0.0116
epoch 782
train_loss: 0.0016
test_loss: 0.0116
epoch 783
train_loss: 0.0016
test_loss: 0.0116
epoch 784
train_loss: 0.0016
test_loss: 0.0116
epoch 785
train_loss: 0.0016
test_loss: 0.0116
epoch 786
train_loss: 0.0016
test_loss: 0.0116
epoch 787
train_loss: 0.0016
test_loss: 0.0116
epoch 788
train_loss: 0.0016
test_loss: 0.0116
epoch 789
train_loss: 0.0016
test_loss: 0.0116
epoch 790
train_loss: 0.0016
test_loss: 0.0116
epoch 791
train_loss: 0.0016
test_loss: 0.0116
epoch 792
train_loss: 0.0016
test_loss: 0.0116
epoch 793
train_loss: 0.0016
test_loss: 0.0116
epoch 794
train_loss: 0.0016
test_loss: 0.0115
epoch 795
train_loss: 0.0016
test_loss: 0.0116
epoch 796
train_loss: 0.0016
test_loss: 0.0116
epoch 797
train_loss: 0.0016
test_loss: 0.0116
epoch 798
train_loss: 0.0016
test_loss: 0.0115
epoch 799
train_loss: 0.0016
test_loss: 0.0115
epoch 800
train_loss: 0.0016
test_loss: 0.0115
epoch 801
train_loss: 0.0016
test_loss: 0.0115
epoch 802
train_loss: 0.0016
test_loss: 0.0115
epoch 803
train_loss: 0.0016
test_loss: 0.0115
epoch 804
train_loss: 0.0016
test_loss: 0.0115
epoch 805
train_loss: 0.0016
test_loss: 0.0115
epoch 806
train_loss: 0.0016
test_loss: 0.0115
epoch 807
train_loss: 0.0016
test_loss: 0.0115
epoch 808
train_loss: 0.0016
test_loss: 0.0115
epoch 809
train_loss: 0.0016
test_loss: 0.0115
epoch 810
train_loss: 0.0016
test_loss: 0.0115
epoch 811
train_loss: 0.0016
test_loss: 0.0115
epoch 812
train_loss: 0.0016
test_loss: 0.0115
epoch 813
train_loss: 0.0016
test_loss: 0.0115
epoch 814
train_loss: 0.0016
test_loss: 0.0115
epoch 815
train_loss: 0.0016
test_loss: 0.0115
epoch 816
train_loss: 0.0016
test_loss: 0.0115
epoch 817
train_loss: 0.0016
test_loss: 0.0115
epoch 818
train_loss: 0.0016
test_loss: 0.0115
epoch 819
train_loss: 0.0016
test_loss: 0.0115
epoch 820
train_loss: 0.0016
test_loss: 0.0115
epoch 821
train_loss: 0.0016
test_loss: 0.0115
epoch 822
train_loss: 0.0016
test_loss: 0.0115
epoch 823
train_loss: 0.0016
test_loss: 0.0115
epoch 824
train_loss: 0.0016
test_loss: 0.0115
epoch 825
train_loss: 0.0016
test_loss: 0.0115
epoch 826
train_loss: 0.0016
test_loss: 0.0114
epoch 827
train_loss: 0.0016
test_loss: 0.0115
epoch 828
train_loss: 0.0016
test_loss: 0.0115
epoch 829
train_loss: 0.0016
test_loss: 0.0115
epoch 830
train_loss: 0.0016
test_loss: 0.0115
epoch 831
train_loss: 0.0016
test_loss: 0.0115
epoch 832
train_loss: 0.0016
test_loss: 0.0114
epoch 833
train_loss: 0.0015
test_loss: 0.0114
epoch 834
train_loss: 0.0015
test_loss: 0.0114
epoch 835
train_loss: 0.0015
test_loss: 0.0114
epoch 836
train_loss: 0.0015
test_loss: 0.0114
epoch 837
train_loss: 0.0015
test_loss: 0.0114
epoch 838
train_loss: 0.0015
test_loss: 0.0114
epoch 839
train_loss: 0.0015
test_loss: 0.0114
epoch 840
train_loss: 0.0015
test_loss: 0.0114
epoch 841
train_loss: 0.0015
test_loss: 0.0114
epoch 842
train_loss: 0.0015
test_loss: 0.0114
epoch 843
train_loss: 0.0015
test_loss: 0.0114
epoch 844
train_loss: 0.0015
test_loss: 0.0114
epoch 845
train_loss: 0.0015
test_loss: 0.0114
epoch 846
train_loss: 0.0015
test_loss: 0.0114
epoch 847
train_loss: 0.0015
test_loss: 0.0114
epoch 848
train_loss: 0.0015
test_loss: 0.0114
epoch 849
train_loss: 0.0015
test_loss: 0.0114
epoch 850
train_loss: 0.0015
test_loss: 0.0114
epoch 851
train_loss: 0.0015
test_loss: 0.0114
epoch 852
train_loss: 0.0015
test_loss: 0.0114
epoch 853
train_loss: 0.0015
test_loss: 0.0114
epoch 854
train_loss: 0.0015
test_loss: 0.0114
epoch 855
train_loss: 0.0015
test_loss: 0.0114
epoch 856
train_loss: 0.0015
test_loss: 0.0114
epoch 857
train_loss: 0.0015
test_loss: 0.0114
epoch 858
train_loss: 0.0015
test_loss: 0.0114
epoch 859
train_loss: 0.0015
test_loss: 0.0114
epoch 860
train_loss: 0.0015
test_loss: 0.0114
epoch 861
train_loss: 0.0015
test_loss: 0.0114
epoch 862
train_loss: 0.0015
test_loss: 0.0114
epoch 863
train_loss: 0.0015
test_loss: 0.0114
epoch 864
train_loss: 0.0015
test_loss: 0.0114
epoch 865
train_loss: 0.0015
test_loss: 0.0114
epoch 866
train_loss: 0.0015
test_loss: 0.0114
epoch 867
train_loss: 0.0015
test_loss: 0.0114
epoch 868
train_loss: 0.0015
test_loss: 0.0114
epoch 869
train_loss: 0.0015
test_loss: 0.0114
epoch 870
train_loss: 0.0015
test_loss: 0.0114
epoch 871
train_loss: 0.0015
test_loss: 0.0114
epoch 872
train_loss: 0.0015
test_loss: 0.0114
epoch 873
train_loss: 0.0015
test_loss: 0.0114
epoch 874
train_loss: 0.0015
test_loss: 0.0114
epoch 875
train_loss: 0.0015
test_loss: 0.0114
epoch 876
train_loss: 0.0015
test_loss: 0.0114
epoch 877
train_loss: 0.0015
test_loss: 0.0114
epoch 878
train_loss: 0.0015
test_loss: 0.0114
epoch 879
train_loss: 0.0015
test_loss: 0.0113
epoch 880
train_loss: 0.0015
test_loss: 0.0113
epoch 881
train_loss: 0.0015
test_loss: 0.0113
epoch 882
train_loss: 0.0015
test_loss: 0.0113
epoch 883
train_loss: 0.0015
test_loss: 0.0113
epoch 884
train_loss: 0.0015
test_loss: 0.0113
epoch 885
train_loss: 0.0015
test_loss: 0.0113
epoch 886
train_loss: 0.0015
test_loss: 0.0113
epoch 887
train_loss: 0.0015
test_loss: 0.0113
epoch 888
train_loss: 0.0015
test_loss: 0.0113
epoch 889
train_loss: 0.0015
test_loss: 0.0113
epoch 890
train_loss: 0.0015
test_loss: 0.0113
epoch 891
train_loss: 0.0015
test_loss: 0.0113
epoch 892
train_loss: 0.0015
test_loss: 0.0113
epoch 893
train_loss: 0.0015
test_loss: 0.0113
epoch 894
train_loss: 0.0015
test_loss: 0.0113
epoch 895
train_loss: 0.0015
test_loss: 0.0113
epoch 896
train_loss: 0.0015
test_loss: 0.0113
epoch 897
train_loss: 0.0015
test_loss: 0.0113
epoch 898
train_loss: 0.0015
test_loss: 0.0113
epoch 899
train_loss: 0.0015
test_loss: 0.0113
epoch 900
train_loss: 0.0015
test_loss: 0.0113
epoch 901
train_loss: 0.0015
test_loss: 0.0113
epoch 902
train_loss: 0.0015
test_loss: 0.0112
epoch 903
train_loss: 0.0015
test_loss: 0.0112
epoch 904
train_loss: 0.0015
test_loss: 0.0112
epoch 905
train_loss: 0.0015
test_loss: 0.0112
epoch 906
train_loss: 0.0015
test_loss: 0.0112
epoch 907
train_loss: 0.0015
test_loss: 0.0112
epoch 908
train_loss: 0.0015
test_loss: 0.0112
epoch 909
train_loss: 0.0015
test_loss: 0.0112
epoch 910
train_loss: 0.0015
test_loss: 0.0112
epoch 911
train_loss: 0.0015
test_loss: 0.0112
epoch 912
train_loss: 0.0015
test_loss: 0.0112
epoch 913
train_loss: 0.0015
test_loss: 0.0112
epoch 914
train_loss: 0.0015
test_loss: 0.0112
epoch 915
train_loss: 0.0015
test_loss: 0.0112
epoch 916
train_loss: 0.0015
test_loss: 0.0112
epoch 917
train_loss: 0.0015
test_loss: 0.0112
epoch 918
train_loss: 0.0015
test_loss: 0.0112
epoch 919
train_loss: 0.0015
test_loss: 0.0111
epoch 920
train_loss: 0.0015
test_loss: 0.0111
epoch 921
train_loss: 0.0015
test_loss: 0.0111
epoch 922
train_loss: 0.0015
test_loss: 0.0111
epoch 923
train_loss: 0.0015
test_loss: 0.0111
epoch 924
train_loss: 0.0015
test_loss: 0.0111
epoch 925
train_loss: 0.0014
test_loss: 0.0111
epoch 926
train_loss: 0.0014
test_loss: 0.0111
epoch 927
train_loss: 0.0014
test_loss: 0.0111
epoch 928
train_loss: 0.0014
test_loss: 0.0111
epoch 929
train_loss: 0.0014
test_loss: 0.0111
epoch 930
train_loss: 0.0014
test_loss: 0.0111
epoch 931
train_loss: 0.0014
test_loss: 0.0111
epoch 932
train_loss: 0.0014
test_loss: 0.0111
epoch 933
train_loss: 0.0014
test_loss: 0.0111
epoch 934
train_loss: 0.0014
test_loss: 0.0111
epoch 935
train_loss: 0.0014
test_loss: 0.0111
epoch 936
train_loss: 0.0014
test_loss: 0.0111
epoch 937
train_loss: 0.0014
test_loss: 0.0111
epoch 938
train_loss: 0.0014
test_loss: 0.0111
epoch 939
train_loss: 0.0014
test_loss: 0.0111
epoch 940
train_loss: 0.0014
test_loss: 0.0110
epoch 941
train_loss: 0.0014
test_loss: 0.0111
epoch 942
train_loss: 0.0014
test_loss: 0.0110
epoch 943
train_loss: 0.0014
test_loss: 0.0110
epoch 944
train_loss: 0.0014
test_loss: 0.0110
epoch 945
train_loss: 0.0014
test_loss: 0.0110
epoch 946
train_loss: 0.0014
test_loss: 0.0110
epoch 947
train_loss: 0.0014
test_loss: 0.0110
epoch 948
train_loss: 0.0014
test_loss: 0.0110
epoch 949
train_loss: 0.0014
test_loss: 0.0110
epoch 950
train_loss: 0.0014
test_loss: 0.0110
epoch 951
train_loss: 0.0014
test_loss: 0.0110
epoch 952
train_loss: 0.0014
test_loss: 0.0110
epoch 953
train_loss: 0.0014
test_loss: 0.0110
epoch 954
train_loss: 0.0014
test_loss: 0.0110
epoch 955
train_loss: 0.0014
test_loss: 0.0110
epoch 956
train_loss: 0.0014
test_loss: 0.0110
epoch 957
train_loss: 0.0014
test_loss: 0.0110
epoch 958
train_loss: 0.0014
test_loss: 0.0110
epoch 959
train_loss: 0.0014
test_loss: 0.0110
epoch 960
train_loss: 0.0014
test_loss: 0.0109
epoch 961
train_loss: 0.0014
test_loss: 0.0109
epoch 962
train_loss: 0.0014
test_loss: 0.0109
epoch 963
train_loss: 0.0014
test_loss: 0.0109
epoch 964
train_loss: 0.0014
test_loss: 0.0110
epoch 965
train_loss: 0.0014
test_loss: 0.0109
epoch 966
train_loss: 0.0014
test_loss: 0.0109
epoch 967
train_loss: 0.0014
test_loss: 0.0109
epoch 968
train_loss: 0.0014
test_loss: 0.0109
epoch 969
train_loss: 0.0014
test_loss: 0.0109
epoch 970
train_loss: 0.0014
test_loss: 0.0109
epoch 971
train_loss: 0.0014
test_loss: 0.0109
epoch 972
train_loss: 0.0014
test_loss: 0.0109
epoch 973
train_loss: 0.0014
test_loss: 0.0109
epoch 974
train_loss: 0.0014
test_loss: 0.0109
epoch 975
train_loss: 0.0014
test_loss: 0.0109
epoch 976
train_loss: 0.0014
test_loss: 0.0109
epoch 977
train_loss: 0.0014
test_loss: 0.0109
epoch 978
train_loss: 0.0014
test_loss: 0.0109
epoch 979
train_loss: 0.0014
test_loss: 0.0108
epoch 980
train_loss: 0.0014
test_loss: 0.0108
epoch 981
train_loss: 0.0014
test_loss: 0.0108
epoch 982
train_loss: 0.0014
test_loss: 0.0108
epoch 983
train_loss: 0.0014
test_loss: 0.0108
epoch 984
train_loss: 0.0014
test_loss: 0.0108
epoch 985
train_loss: 0.0014
test_loss: 0.0108
epoch 986
train_loss: 0.0014
test_loss: 0.0108
epoch 987
train_loss: 0.0014
test_loss: 0.0108
epoch 988
train_loss: 0.0014
test_loss: 0.0108
epoch 989
train_loss: 0.0014
test_loss: 0.0108
epoch 990
train_loss: 0.0014
test_loss: 0.0108
epoch 991
train_loss: 0.0014
test_loss: 0.0108
epoch 992
train_loss: 0.0014
test_loss: 0.0108
epoch 993
train_loss: 0.0014
test_loss: 0.0108
epoch 994
train_loss: 0.0014
test_loss: 0.0108
epoch 995
train_loss: 0.0014
test_loss: 0.0108
epoch 996
train_loss: 0.0014
test_loss: 0.0108
epoch 997
train_loss: 0.0014
test_loss: 0.0108
epoch 998
train_loss: 0.0014
test_loss: 0.0108
epoch 999
train_loss: 0.0014
test_loss: 0.0108
epoch 1000
train_loss: 0.0014
test_loss: 0.0108
epoch 1001
train_loss: 0.0014
test_loss: 0.0108
epoch 1002
train_loss: 0.0014
test_loss: 0.0108
epoch 1003
train_loss: 0.0014
test_loss: 0.0107
epoch 1004
train_loss: 0.0014
test_loss: 0.0108
epoch 1005
train_loss: 0.0014
test_loss: 0.0107
epoch 1006
train_loss: 0.0014
test_loss: 0.0107
epoch 1007
train_loss: 0.0014
test_loss: 0.0107
epoch 1008
train_loss: 0.0014
test_loss: 0.0108
epoch 1009
train_loss: 0.0014
test_loss: 0.0107
epoch 1010
train_loss: 0.0014
test_loss: 0.0107
epoch 1011
train_loss: 0.0014
test_loss: 0.0107
epoch 1012
train_loss: 0.0014
test_loss: 0.0107
epoch 1013
train_loss: 0.0014
test_loss: 0.0107
epoch 1014
train_loss: 0.0014
test_loss: 0.0107
epoch 1015
train_loss: 0.0014
test_loss: 0.0107
epoch 1016
train_loss: 0.0014
test_loss: 0.0107
epoch 1017
train_loss: 0.0014
test_loss: 0.0107
epoch 1018
train_loss: 0.0014
test_loss: 0.0107
epoch 1019
train_loss: 0.0014
test_loss: 0.0107
epoch 1020
train_loss: 0.0014
test_loss: 0.0107
epoch 1021
train_loss: 0.0014
test_loss: 0.0107
epoch 1022
train_loss: 0.0014
test_loss: 0.0107
epoch 1023
train_loss: 0.0014
test_loss: 0.0107
epoch 1024
train_loss: 0.0014
test_loss: 0.0107
epoch 1025
train_loss: 0.0014
test_loss: 0.0107
epoch 1026
train_loss: 0.0014
test_loss: 0.0107
epoch 1027
train_loss: 0.0014
test_loss: 0.0107
epoch 1028
train_loss: 0.0014
test_loss: 0.0107
epoch 1029
train_loss: 0.0014
test_loss: 0.0107
epoch 1030
train_loss: 0.0014
test_loss: 0.0107
epoch 1031
train_loss: 0.0014
test_loss: 0.0107
epoch 1032
train_loss: 0.0014
test_loss: 0.0107
epoch 1033
train_loss: 0.0014
test_loss: 0.0107
epoch 1034
train_loss: 0.0014
test_loss: 0.0107
epoch 1035
train_loss: 0.0014
test_loss: 0.0107
epoch 1036
train_loss: 0.0014
test_loss: 0.0107
epoch 1037
train_loss: 0.0014
test_loss: 0.0107
epoch 1038
train_loss: 0.0014
test_loss: 0.0107
epoch 1039
train_loss: 0.0014
test_loss: 0.0107
epoch 1040
train_loss: 0.0014
test_loss: 0.0107
epoch 1041
train_loss: 0.0014
test_loss: 0.0107
epoch 1042
train_loss: 0.0014
test_loss: 0.0107
epoch 1043
train_loss: 0.0014
test_loss: 0.0107
epoch 1044
train_loss: 0.0014
test_loss: 0.0107
epoch 1045
train_loss: 0.0014
test_loss: 0.0107
epoch 1046
train_loss: 0.0014
test_loss: 0.0107
epoch 1047
train_loss: 0.0014
test_loss: 0.0107
epoch 1048
train_loss: 0.0014
test_loss: 0.0107
epoch 1049
train_loss: 0.0014
test_loss: 0.0107
epoch 1050
train_loss: 0.0014
test_loss: 0.0107
epoch 1051
train_loss: 0.0014
test_loss: 0.0107
epoch 1052
train_loss: 0.0014
test_loss: 0.0107
epoch 1053
train_loss: 0.0014
test_loss: 0.0107
epoch 1054
train_loss: 0.0014
test_loss: 0.0107
epoch 1055
train_loss: 0.0014
test_loss: 0.0107
epoch 1056
train_loss: 0.0013
test_loss: 0.0107
epoch 1057
train_loss: 0.0014
test_loss: 0.0107
epoch 1058
train_loss: 0.0013
test_loss: 0.0107
epoch 1059
train_loss: 0.0013
test_loss: 0.0107
epoch 1060
train_loss: 0.0013
test_loss: 0.0107
epoch 1061
train_loss: 0.0013
test_loss: 0.0107
epoch 1062
train_loss: 0.0013
test_loss: 0.0107
epoch 1063
train_loss: 0.0013
test_loss: 0.0107
epoch 1064
train_loss: 0.0013
test_loss: 0.0107
epoch 1065
train_loss: 0.0013
test_loss: 0.0107
epoch 1066
train_loss: 0.0013
test_loss: 0.0107
epoch 1067
train_loss: 0.0013
test_loss: 0.0107
epoch 1068
train_loss: 0.0013
test_loss: 0.0107
epoch 1069
train_loss: 0.0013
test_loss: 0.0107
epoch 1070
train_loss: 0.0013
test_loss: 0.0107
epoch 1071
train_loss: 0.0013
test_loss: 0.0107
epoch 1072
train_loss: 0.0013
test_loss: 0.0107
epoch 1073
train_loss: 0.0013
test_loss: 0.0107
epoch 1074
train_loss: 0.0013
test_loss: 0.0107
epoch 1075
train_loss: 0.0013
test_loss: 0.0107
epoch 1076
train_loss: 0.0013
test_loss: 0.0107
epoch 1077
train_loss: 0.0013
test_loss: 0.0107
epoch 1078
train_loss: 0.0013
test_loss: 0.0107
epoch 1079
train_loss: 0.0013
test_loss: 0.0107
epoch 1080
train_loss: 0.0013
test_loss: 0.0107
epoch 1081
train_loss: 0.0013
test_loss: 0.0107
epoch 1082
train_loss: 0.0013
test_loss: 0.0107
epoch 1083
train_loss: 0.0013
test_loss: 0.0107
epoch 1084
train_loss: 0.0013
test_loss: 0.0107
epoch 1085
train_loss: 0.0013
test_loss: 0.0107
epoch 1086
train_loss: 0.0013
test_loss: 0.0107
epoch 1087
train_loss: 0.0013
test_loss: 0.0107
epoch 1088
train_loss: 0.0013
test_loss: 0.0107
epoch 1089
train_loss: 0.0013
test_loss: 0.0107
epoch 1090
train_loss: 0.0013
test_loss: 0.0107
epoch 1091
train_loss: 0.0013
test_loss: 0.0107
epoch 1092
train_loss: 0.0013
test_loss: 0.0107
epoch 1093
train_loss: 0.0013
test_loss: 0.0107
epoch 1094
train_loss: 0.0013
test_loss: 0.0107
epoch 1095
train_loss: 0.0013
test_loss: 0.0107
epoch 1096
train_loss: 0.0013
test_loss: 0.0107
epoch 1097
train_loss: 0.0013
test_loss: 0.0107
epoch 1098
train_loss: 0.0013
test_loss: 0.0107
epoch 1099
train_loss: 0.0013
test_loss: 0.0107
/home/xueqiong/noise_injection_uncertainty/regression/utils.py:39: FutureWarning: The 'delim_whitespace' keyword in pd.read_csv is deprecated and will be removed in a future version. Use ``sep='\s+'`` instead
  return pd.read_csv(dataset_path, engine='python', header=None, delim_whitespace=True)
8 1
614 154 768
model_name dropoutFCN
using Adam as optimizer
epoch 0
train_loss: 0.4691
Module: DropoutFullyConnectedNN
  Module: ModuleList
    Module: Linear
    Module: Linear
    Module: Linear
  Module: ModuleList
    Module: Dropout
dropout设置为训练模式
    Module: Dropout
dropout设置为训练模式
    Module: Dropout
dropout设置为训练模式
  Module: ReLU
test_loss: 0.1904
epoch 1
train_loss: 0.1266
Module: DropoutFullyConnectedNN
  Module: ModuleList
    Module: Linear
    Module: Linear
    Module: Linear
  Module: ModuleList
    Module: Dropout
dropout设置为训练模式
    Module: Dropout
dropout设置为训练模式
    Module: Dropout
dropout设置为训练模式
  Module: ReLU
test_loss: 0.0982
epoch 2
train_loss: 0.0932
Module: DropoutFullyConnectedNN
  Module: ModuleList
    Module: Linear
    Module: Linear
    Module: Linear
  Module: ModuleList
    Module: Dropout
dropout设置为训练模式
    Module: Dropout
dropout设置为训练模式
    Module: Dropout
dropout设置为训练模式
  Module: ReLU
test_loss: 0.0926
epoch 3
train_loss: 0.0806
Module: DropoutFullyConnectedNN
  Module: ModuleList
    Module: Linear
    Module: Linear
    Module: Linear
  Module: ModuleList
    Module: Dropout
dropout设置为训练模式
    Module: Dropout
dropout设置为训练模式
    Module: Dropout
dropout设置为训练模式
  Module: ReLU
test_loss: 0.0831
epoch 4
train_loss: 0.0717
Module: DropoutFullyConnectedNN
  Module: ModuleList
    Module: Linear
    Module: Linear
    Module: Linear
  Module: ModuleList
    Module: Dropout
dropout设置为训练模式
    Module: Dropout
dropout设置为训练模式
    Module: Dropout
dropout设置为训练模式
  Module: ReLU
test_loss: 0.0786
epoch 5
train_loss: 0.0705
Module: DropoutFullyConnectedNN
  Module: ModuleList
    Module: Linear
    Module: Linear
    Module: Linear
  Module: ModuleList
    Module: Dropout
dropout设置为训练模式
    Module: Dropout
dropout设置为训练模式
    Module: Dropout
dropout设置为训练模式
  Module: ReLU
test_loss: 0.0791
epoch 6
train_loss: 0.0665
Module: DropoutFullyConnectedNN
  Module: ModuleList
    Module: Linear
    Module: Linear
    Module: Linear
  Module: ModuleList
    Module: Dropout
dropout设置为训练模式
    Module: Dropout
dropout设置为训练模式
    Module: Dropout
dropout设置为训练模式
  Module: ReLU
test_loss: 0.0773
epoch 7
train_loss: 0.0655
Module: DropoutFullyConnectedNN
  Module: ModuleList
    Module: Linear
    Module: Linear
    Module: Linear
  Module: ModuleList
    Module: Dropout
dropout设置为训练模式
    Module: Dropout
dropout设置为训练模式
    Module: Dropout
dropout设置为训练模式
  Module: ReLU
test_loss: 0.0746
epoch 8
train_loss: 0.0610
Module: DropoutFullyConnectedNN
  Module: ModuleList
    Module: Linear
    Module: Linear
    Module: Linear
  Module: ModuleList
    Module: Dropout
dropout设置为训练模式
    Module: Dropout
dropout设置为训练模式
    Module: Dropout
dropout设置为训练模式
  Module: ReLU
test_loss: 0.0707
epoch 9
train_loss: 0.0602
Module: DropoutFullyConnectedNN
  Module: ModuleList
    Module: Linear
    Module: Linear
    Module: Linear
  Module: ModuleList
    Module: Dropout
dropout设置为训练模式
    Module: Dropout
dropout设置为训练模式
    Module: Dropout
dropout设置为训练模式
  Module: ReLU
test_loss: 0.0668
epoch 10
train_loss: 0.0560
Module: DropoutFullyConnectedNN
  Module: ModuleList
    Module: Linear
    Module: Linear
    Module: Linear
  Module: ModuleList
    Module: Dropout
dropout设置为训练模式
    Module: Dropout
dropout设置为训练模式
    Module: Dropout
dropout设置为训练模式
  Module: ReLU
test_loss: 0.0650
epoch 11
train_loss: 0.0527
Module: DropoutFullyConnectedNN
  Module: ModuleList
    Module: Linear
    Module: Linear
    Module: Linear
  Module: ModuleList
    Module: Dropout
dropout设置为训练模式
    Module: Dropout
dropout设置为训练模式
    Module: Dropout
dropout设置为训练模式
  Module: ReLU
test_loss: 0.0623
epoch 12
train_loss: 0.0525
Module: DropoutFullyConnectedNN
  Module: ModuleList
    Module: Linear
    Module: Linear
    Module: Linear
  Module: ModuleList
    Module: Dropout
dropout设置为训练模式
    Module: Dropout
dropout设置为训练模式
    Module: Dropout
dropout设置为训练模式
  Module: ReLU
test_loss: 0.0618
epoch 13
train_loss: 0.0500
Module: DropoutFullyConnectedNN
  Module: ModuleList
    Module: Linear
    Module: Linear
    Module: Linear
  Module: ModuleList
    Module: Dropout
dropout设置为训练模式
    Module: Dropout
dropout设置为训练模式
    Module: Dropout
dropout设置为训练模式
  Module: ReLU
test_loss: 0.0578
epoch 14
train_loss: 0.0485
Module: DropoutFullyConnectedNN
  Module: ModuleList
    Module: Linear
    Module: Linear
    Module: Linear
  Module: ModuleList
    Module: Dropout
dropout设置为训练模式
    Module: Dropout
dropout设置为训练模式
    Module: Dropout
dropout设置为训练模式
  Module: ReLU
test_loss: 0.0557
epoch 15
train_loss: 0.0477
Module: DropoutFullyConnectedNN
  Module: ModuleList
    Module: Linear
    Module: Linear
    Module: Linear
  Module: ModuleList
    Module: Dropout
dropout设置为训练模式
    Module: Dropout
dropout设置为训练模式
    Module: Dropout
dropout设置为训练模式
  Module: ReLU
test_loss: 0.0535
epoch 16
train_loss: 0.0436
Module: DropoutFullyConnectedNN
  Module: ModuleList
    Module: Linear
    Module: Linear
    Module: Linear
  Module: ModuleList
    Module: Dropout
dropout设置为训练模式
    Module: Dropout
dropout设置为训练模式
    Module: Dropout
dropout设置为训练模式
  Module: ReLU
test_loss: 0.0538
epoch 17
train_loss: 0.0442
Module: DropoutFullyConnectedNN
  Module: ModuleList
    Module: Linear
    Module: Linear
    Module: Linear
  Module: ModuleList
    Module: Dropout
dropout设置为训练模式
    Module: Dropout
dropout设置为训练模式
    Module: Dropout
dropout设置为训练模式
  Module: ReLU
test_loss: 0.0510
epoch 18
train_loss: 0.0434
Module: DropoutFullyConnectedNN
  Module: ModuleList
    Module: Linear
    Module: Linear
    Module: Linear
  Module: ModuleList
    Module: Dropout
dropout设置为训练模式
    Module: Dropout
dropout设置为训练模式
    Module: Dropout
dropout设置为训练模式
  Module: ReLU
test_loss: 0.0460
epoch 19
train_loss: 0.0408
Module: DropoutFullyConnectedNN
  Module: ModuleList
    Module: Linear
    Module: Linear
    Module: Linear
  Module: ModuleList
    Module: Dropout
dropout设置为训练模式
    Module: Dropout
dropout设置为训练模式
    Module: Dropout
dropout设置为训练模式
  Module: ReLU
test_loss: 0.0461
epoch 20
train_loss: 0.0353
Module: DropoutFullyConnectedNN
  Module: ModuleList
    Module: Linear
    Module: Linear
    Module: Linear
  Module: ModuleList
    Module: Dropout
dropout设置为训练模式
    Module: Dropout
dropout设置为训练模式
    Module: Dropout
dropout设置为训练模式
  Module: ReLU
test_loss: 0.0444
epoch 21
train_loss: 0.0359
Module: DropoutFullyConnectedNN
  Module: ModuleList
    Module: Linear
    Module: Linear
    Module: Linear
  Module: ModuleList
    Module: Dropout
dropout设置为训练模式
    Module: Dropout
dropout设置为训练模式
    Module: Dropout
dropout设置为训练模式
  Module: ReLU
test_loss: 0.0461
epoch 22
train_loss: 0.0356
Module: DropoutFullyConnectedNN
  Module: ModuleList
    Module: Linear
    Module: Linear
    Module: Linear
  Module: ModuleList
    Module: Dropout
dropout设置为训练模式
    Module: Dropout
dropout设置为训练模式
    Module: Dropout
dropout设置为训练模式
  Module: ReLU
test_loss: 0.0381
epoch 23
train_loss: 0.0300
Module: DropoutFullyConnectedNN
  Module: ModuleList
    Module: Linear
    Module: Linear
    Module: Linear
  Module: ModuleList
    Module: Dropout
dropout设置为训练模式
    Module: Dropout
dropout设置为训练模式
    Module: Dropout
dropout设置为训练模式
  Module: ReLU
test_loss: 0.0424
epoch 24
train_loss: 0.0318
Module: DropoutFullyConnectedNN
  Module: ModuleList
    Module: Linear
    Module: Linear
    Module: Linear
  Module: ModuleList
    Module: Dropout
dropout设置为训练模式
    Module: Dropout
dropout设置为训练模式
    Module: Dropout
dropout设置为训练模式
  Module: ReLU
test_loss: 0.0395
epoch 25
train_loss: 0.0271
Module: DropoutFullyConnectedNN
  Module: ModuleList
    Module: Linear
    Module: Linear
    Module: Linear
  Module: ModuleList
    Module: Dropout
dropout设置为训练模式
    Module: Dropout
dropout设置为训练模式
    Module: Dropout
dropout设置为训练模式
  Module: ReLU
test_loss: 0.0330
epoch 26
train_loss: 0.0224
Module: DropoutFullyConnectedNN
  Module: ModuleList
    Module: Linear
    Module: Linear
    Module: Linear
  Module: ModuleList
    Module: Dropout
dropout设置为训练模式
    Module: Dropout
dropout设置为训练模式
    Module: Dropout
dropout设置为训练模式
  Module: ReLU
test_loss: 0.0327
epoch 27
train_loss: 0.0278
Module: DropoutFullyConnectedNN
  Module: ModuleList
    Module: Linear
    Module: Linear
    Module: Linear
  Module: ModuleList
    Module: Dropout
dropout设置为训练模式
    Module: Dropout
dropout设置为训练模式
    Module: Dropout
dropout设置为训练模式
  Module: ReLU
test_loss: 0.0302
epoch 28
train_loss: 0.0201
Module: DropoutFullyConnectedNN
  Module: ModuleList
    Module: Linear
    Module: Linear
    Module: Linear
  Module: ModuleList
    Module: Dropout
dropout设置为训练模式
    Module: Dropout
dropout设置为训练模式
    Module: Dropout
dropout设置为训练模式
  Module: ReLU
test_loss: 0.0330
epoch 29
train_loss: 0.0244
Module: DropoutFullyConnectedNN
  Module: ModuleList
    Module: Linear
    Module: Linear
    Module: Linear
  Module: ModuleList
    Module: Dropout
dropout设置为训练模式
    Module: Dropout
dropout设置为训练模式
    Module: Dropout
dropout设置为训练模式
  Module: ReLU
test_loss: 0.0295
epoch 30
train_loss: 0.0199
Module: DropoutFullyConnectedNN
  Module: ModuleList
    Module: Linear
    Module: Linear
    Module: Linear
  Module: ModuleList
    Module: Dropout
dropout设置为训练模式
    Module: Dropout
dropout设置为训练模式
    Module: Dropout
dropout设置为训练模式
  Module: ReLU
test_loss: 0.0269
epoch 31
train_loss: 0.0221
Module: DropoutFullyConnectedNN
  Module: ModuleList
    Module: Linear
    Module: Linear
    Module: Linear
  Module: ModuleList
    Module: Dropout
dropout设置为训练模式
    Module: Dropout
dropout设置为训练模式
    Module: Dropout
dropout设置为训练模式
  Module: ReLU
test_loss: 0.0252
epoch 32
train_loss: 0.0145
Module: DropoutFullyConnectedNN
  Module: ModuleList
    Module: Linear
    Module: Linear
    Module: Linear
  Module: ModuleList
    Module: Dropout
dropout设置为训练模式
    Module: Dropout
dropout设置为训练模式
    Module: Dropout
dropout设置为训练模式
  Module: ReLU
test_loss: 0.0235
epoch 33
train_loss: 0.0153
Module: DropoutFullyConnectedNN
  Module: ModuleList
    Module: Linear
    Module: Linear
    Module: Linear
  Module: ModuleList
    Module: Dropout
dropout设置为训练模式
    Module: Dropout
dropout设置为训练模式
    Module: Dropout
dropout设置为训练模式
  Module: ReLU
test_loss: 0.0199
epoch 34
train_loss: 0.0127
Module: DropoutFullyConnectedNN
  Module: ModuleList
    Module: Linear
    Module: Linear
    Module: Linear
  Module: ModuleList
    Module: Dropout
dropout设置为训练模式
    Module: Dropout
dropout设置为训练模式
    Module: Dropout
dropout设置为训练模式
  Module: ReLU
test_loss: 0.0254
epoch 35
train_loss: 0.0133
Module: DropoutFullyConnectedNN
  Module: ModuleList
    Module: Linear
    Module: Linear
    Module: Linear
  Module: ModuleList
    Module: Dropout
dropout设置为训练模式
    Module: Dropout
dropout设置为训练模式
    Module: Dropout
dropout设置为训练模式
  Module: ReLU
test_loss: 0.0217
epoch 36
train_loss: 0.0121
Module: DropoutFullyConnectedNN
  Module: ModuleList
    Module: Linear
    Module: Linear
    Module: Linear
  Module: ModuleList
    Module: Dropout
dropout设置为训练模式
    Module: Dropout
dropout设置为训练模式
    Module: Dropout
dropout设置为训练模式
  Module: ReLU
test_loss: 0.0192
epoch 37
train_loss: 0.0135
Module: DropoutFullyConnectedNN
  Module: ModuleList
    Module: Linear
    Module: Linear
    Module: Linear
  Module: ModuleList
    Module: Dropout
dropout设置为训练模式
    Module: Dropout
dropout设置为训练模式
    Module: Dropout
dropout设置为训练模式
  Module: ReLU
test_loss: 0.0180
epoch 38
train_loss: 0.0136
Module: DropoutFullyConnectedNN
  Module: ModuleList
    Module: Linear
    Module: Linear
    Module: Linear
  Module: ModuleList
    Module: Dropout
dropout设置为训练模式
    Module: Dropout
dropout设置为训练模式
    Module: Dropout
dropout设置为训练模式
  Module: ReLU
test_loss: 0.0173
epoch 39
train_loss: 0.0116
Module: DropoutFullyConnectedNN
  Module: ModuleList
    Module: Linear
    Module: Linear
    Module: Linear
  Module: ModuleList
    Module: Dropout
dropout设置为训练模式
    Module: Dropout
dropout设置为训练模式
    Module: Dropout
dropout设置为训练模式
  Module: ReLU
test_loss: 0.0169
epoch 40
train_loss: 0.0081
Module: DropoutFullyConnectedNN
  Module: ModuleList
    Module: Linear
    Module: Linear
    Module: Linear
  Module: ModuleList
    Module: Dropout
dropout设置为训练模式
    Module: Dropout
dropout设置为训练模式
    Module: Dropout
dropout设置为训练模式
  Module: ReLU
test_loss: 0.0198
epoch 41
train_loss: 0.0086
Module: DropoutFullyConnectedNN
  Module: ModuleList
    Module: Linear
    Module: Linear
    Module: Linear
  Module: ModuleList
    Module: Dropout
dropout设置为训练模式
    Module: Dropout
dropout设置为训练模式
    Module: Dropout
dropout设置为训练模式
  Module: ReLU
test_loss: 0.0142
epoch 42
train_loss: 0.0122
Module: DropoutFullyConnectedNN
  Module: ModuleList
    Module: Linear
    Module: Linear
    Module: Linear
  Module: ModuleList
    Module: Dropout
dropout设置为训练模式
    Module: Dropout
dropout设置为训练模式
    Module: Dropout
dropout设置为训练模式
  Module: ReLU
test_loss: 0.0166
epoch 43
train_loss: 0.0103
Module: DropoutFullyConnectedNN
  Module: ModuleList
    Module: Linear
    Module: Linear
    Module: Linear
  Module: ModuleList
    Module: Dropout
dropout设置为训练模式
    Module: Dropout
dropout设置为训练模式
    Module: Dropout
dropout设置为训练模式
  Module: ReLU
test_loss: 0.0194
epoch 44
train_loss: 0.0083
Module: DropoutFullyConnectedNN
  Module: ModuleList
    Module: Linear
    Module: Linear
    Module: Linear
  Module: ModuleList
    Module: Dropout
dropout设置为训练模式
    Module: Dropout
dropout设置为训练模式
    Module: Dropout
dropout设置为训练模式
  Module: ReLU
test_loss: 0.0163
epoch 45
train_loss: 0.0068
Module: DropoutFullyConnectedNN
  Module: ModuleList
    Module: Linear
    Module: Linear
    Module: Linear
  Module: ModuleList
    Module: Dropout
dropout设置为训练模式
    Module: Dropout
dropout设置为训练模式
    Module: Dropout
dropout设置为训练模式
  Module: ReLU
test_loss: 0.0168
epoch 46
train_loss: 0.0084
Module: DropoutFullyConnectedNN
  Module: ModuleList
    Module: Linear
    Module: Linear
    Module: Linear
  Module: ModuleList
    Module: Dropout
dropout设置为训练模式
    Module: Dropout
dropout设置为训练模式
    Module: Dropout
dropout设置为训练模式
  Module: ReLU
test_loss: 0.0188
epoch 47
train_loss: 0.0076
Module: DropoutFullyConnectedNN
  Module: ModuleList
    Module: Linear
    Module: Linear
    Module: Linear
  Module: ModuleList
    Module: Dropout
dropout设置为训练模式
    Module: Dropout
dropout设置为训练模式
    Module: Dropout
dropout设置为训练模式
  Module: ReLU
test_loss: 0.0151
epoch 48
train_loss: 0.0101
Module: DropoutFullyConnectedNN
  Module: ModuleList
    Module: Linear
    Module: Linear
    Module: Linear
  Module: ModuleList
    Module: Dropout
dropout设置为训练模式
    Module: Dropout
dropout设置为训练模式
    Module: Dropout
dropout设置为训练模式
  Module: ReLU
test_loss: 0.0167
epoch 49
train_loss: 0.0099
Module: DropoutFullyConnectedNN
  Module: ModuleList
    Module: Linear
    Module: Linear
    Module: Linear
  Module: ModuleList
    Module: Dropout
dropout设置为训练模式
    Module: Dropout
dropout设置为训练模式
    Module: Dropout
dropout设置为训练模式
  Module: ReLU
test_loss: 0.0140
epoch 50
train_loss: 0.0074
Module: DropoutFullyConnectedNN
  Module: ModuleList
    Module: Linear
    Module: Linear
    Module: Linear
  Module: ModuleList
    Module: Dropout
dropout设置为训练模式
    Module: Dropout
dropout设置为训练模式
    Module: Dropout
dropout设置为训练模式
  Module: ReLU
test_loss: 0.0180
epoch 51
train_loss: 0.0087
Module: DropoutFullyConnectedNN
  Module: ModuleList
    Module: Linear
    Module: Linear
    Module: Linear
  Module: ModuleList
    Module: Dropout
dropout设置为训练模式
    Module: Dropout
dropout设置为训练模式
    Module: Dropout
dropout设置为训练模式
  Module: ReLU
test_loss: 0.0172
epoch 52
train_loss: 0.0079
Module: DropoutFullyConnectedNN
  Module: ModuleList
    Module: Linear
    Module: Linear
    Module: Linear
  Module: ModuleList
    Module: Dropout
dropout设置为训练模式
    Module: Dropout
dropout设置为训练模式
    Module: Dropout
dropout设置为训练模式
  Module: ReLU
test_loss: 0.0154
epoch 53
train_loss: 0.0085
Module: DropoutFullyConnectedNN
  Module: ModuleList
    Module: Linear
    Module: Linear
    Module: Linear
  Module: ModuleList
    Module: Dropout
dropout设置为训练模式
    Module: Dropout
dropout设置为训练模式
    Module: Dropout
dropout设置为训练模式
  Module: ReLU
test_loss: 0.0225
epoch 54
train_loss: 0.0077
Module: DropoutFullyConnectedNN
  Module: ModuleList
    Module: Linear
    Module: Linear
    Module: Linear
  Module: ModuleList
    Module: Dropout
dropout设置为训练模式
    Module: Dropout
dropout设置为训练模式
    Module: Dropout
dropout设置为训练模式
  Module: ReLU
test_loss: 0.0139
epoch 55
train_loss: 0.0078
Module: DropoutFullyConnectedNN
  Module: ModuleList
    Module: Linear
    Module: Linear
    Module: Linear
  Module: ModuleList
    Module: Dropout
dropout设置为训练模式
    Module: Dropout
dropout设置为训练模式
    Module: Dropout
dropout设置为训练模式
  Module: ReLU
test_loss: 0.0206
epoch 56
train_loss: 0.0069
Module: DropoutFullyConnectedNN
  Module: ModuleList
    Module: Linear
    Module: Linear
    Module: Linear
  Module: ModuleList
    Module: Dropout
dropout设置为训练模式
    Module: Dropout
dropout设置为训练模式
    Module: Dropout
dropout设置为训练模式
  Module: ReLU
test_loss: 0.0166
epoch 57
train_loss: 0.0066
Module: DropoutFullyConnectedNN
  Module: ModuleList
    Module: Linear
    Module: Linear
    Module: Linear
  Module: ModuleList
    Module: Dropout
dropout设置为训练模式
    Module: Dropout
dropout设置为训练模式
    Module: Dropout
dropout设置为训练模式
  Module: ReLU
test_loss: 0.0158
epoch 58
train_loss: 0.0070
Module: DropoutFullyConnectedNN
  Module: ModuleList
    Module: Linear
    Module: Linear
    Module: Linear
  Module: ModuleList
    Module: Dropout
dropout设置为训练模式
    Module: Dropout
dropout设置为训练模式
    Module: Dropout
dropout设置为训练模式
  Module: ReLU
test_loss: 0.0139
epoch 59
train_loss: 0.0086
Module: DropoutFullyConnectedNN
  Module: ModuleList
    Module: Linear
    Module: Linear
    Module: Linear
  Module: ModuleList
    Module: Dropout
dropout设置为训练模式
    Module: Dropout
dropout设置为训练模式
    Module: Dropout
dropout设置为训练模式
  Module: ReLU
test_loss: 0.0121
epoch 60
train_loss: 0.0059
Module: DropoutFullyConnectedNN
  Module: ModuleList
    Module: Linear
    Module: Linear
    Module: Linear
  Module: ModuleList
    Module: Dropout
dropout设置为训练模式
    Module: Dropout
dropout设置为训练模式
    Module: Dropout
dropout设置为训练模式
  Module: ReLU
test_loss: 0.0189
epoch 61
train_loss: 0.0077
Module: DropoutFullyConnectedNN
  Module: ModuleList
    Module: Linear
    Module: Linear
    Module: Linear
  Module: ModuleList
    Module: Dropout
dropout设置为训练模式
    Module: Dropout
dropout设置为训练模式
    Module: Dropout
dropout设置为训练模式
  Module: ReLU
test_loss: 0.0159
epoch 62
train_loss: 0.0072
Module: DropoutFullyConnectedNN
  Module: ModuleList
    Module: Linear
    Module: Linear
    Module: Linear
  Module: ModuleList
    Module: Dropout
dropout设置为训练模式
    Module: Dropout
dropout设置为训练模式
    Module: Dropout
dropout设置为训练模式
  Module: ReLU
test_loss: 0.0269
epoch 63
train_loss: 0.0107
Module: DropoutFullyConnectedNN
  Module: ModuleList
    Module: Linear
    Module: Linear
    Module: Linear
  Module: ModuleList
    Module: Dropout
dropout设置为训练模式
    Module: Dropout
dropout设置为训练模式
    Module: Dropout
dropout设置为训练模式
  Module: ReLU
test_loss: 0.0108
epoch 64
train_loss: 0.0064
Module: DropoutFullyConnectedNN
  Module: ModuleList
    Module: Linear
    Module: Linear
    Module: Linear
  Module: ModuleList
    Module: Dropout
dropout设置为训练模式
    Module: Dropout
dropout设置为训练模式
    Module: Dropout
dropout设置为训练模式
  Module: ReLU
test_loss: 0.0186
epoch 65
train_loss: 0.0057
Module: DropoutFullyConnectedNN
  Module: ModuleList
    Module: Linear
    Module: Linear
    Module: Linear
  Module: ModuleList
    Module: Dropout
dropout设置为训练模式
    Module: Dropout
dropout设置为训练模式
    Module: Dropout
dropout设置为训练模式
  Module: ReLU
test_loss: 0.0186
epoch 66
train_loss: 0.0067
Module: DropoutFullyConnectedNN
  Module: ModuleList
    Module: Linear
    Module: Linear
    Module: Linear
  Module: ModuleList
    Module: Dropout
dropout设置为训练模式
    Module: Dropout
dropout设置为训练模式
    Module: Dropout
dropout设置为训练模式
  Module: ReLU
test_loss: 0.0171
epoch 67
train_loss: 0.0058
Module: DropoutFullyConnectedNN
  Module: ModuleList
    Module: Linear
    Module: Linear
    Module: Linear
  Module: ModuleList
    Module: Dropout
dropout设置为训练模式
    Module: Dropout
dropout设置为训练模式
    Module: Dropout
dropout设置为训练模式
  Module: ReLU
test_loss: 0.0183
epoch 68
train_loss: 0.0067
Module: DropoutFullyConnectedNN
  Module: ModuleList
    Module: Linear
    Module: Linear
    Module: Linear
  Module: ModuleList
    Module: Dropout
dropout设置为训练模式
    Module: Dropout
dropout设置为训练模式
    Module: Dropout
dropout设置为训练模式
  Module: ReLU
test_loss: 0.0171
epoch 69
train_loss: 0.0043
Module: DropoutFullyConnectedNN
  Module: ModuleList
    Module: Linear
    Module: Linear
    Module: Linear
  Module: ModuleList
    Module: Dropout
dropout设置为训练模式
    Module: Dropout
dropout设置为训练模式
    Module: Dropout
dropout设置为训练模式
  Module: ReLU
test_loss: 0.0231
epoch 70
train_loss: 0.0058
Module: DropoutFullyConnectedNN
  Module: ModuleList
    Module: Linear
    Module: Linear
    Module: Linear
  Module: ModuleList
    Module: Dropout
dropout设置为训练模式
    Module: Dropout
dropout设置为训练模式
    Module: Dropout
dropout设置为训练模式
  Module: ReLU
test_loss: 0.0164
epoch 71
train_loss: 0.0068
Module: DropoutFullyConnectedNN
  Module: ModuleList
    Module: Linear
    Module: Linear
    Module: Linear
  Module: ModuleList
    Module: Dropout
dropout设置为训练模式
    Module: Dropout
dropout设置为训练模式
    Module: Dropout
dropout设置为训练模式
  Module: ReLU
test_loss: 0.0178
epoch 72
train_loss: 0.0078
Module: DropoutFullyConnectedNN
  Module: ModuleList
    Module: Linear
    Module: Linear
    Module: Linear
  Module: ModuleList
    Module: Dropout
dropout设置为训练模式
    Module: Dropout
dropout设置为训练模式
    Module: Dropout
dropout设置为训练模式
  Module: ReLU
test_loss: 0.0126
epoch 73
train_loss: 0.0069
Module: DropoutFullyConnectedNN
  Module: ModuleList
    Module: Linear
    Module: Linear
    Module: Linear
  Module: ModuleList
    Module: Dropout
dropout设置为训练模式
    Module: Dropout
dropout设置为训练模式
    Module: Dropout
dropout设置为训练模式
  Module: ReLU
test_loss: 0.0163
epoch 74
train_loss: 0.0058
Module: DropoutFullyConnectedNN
  Module: ModuleList
    Module: Linear
    Module: Linear
    Module: Linear
  Module: ModuleList
    Module: Dropout
dropout设置为训练模式
    Module: Dropout
dropout设置为训练模式
    Module: Dropout
dropout设置为训练模式
  Module: ReLU
test_loss: 0.0223
epoch 75
train_loss: 0.0059
Module: DropoutFullyConnectedNN
  Module: ModuleList
    Module: Linear
    Module: Linear
    Module: Linear
  Module: ModuleList
    Module: Dropout
dropout设置为训练模式
    Module: Dropout
dropout设置为训练模式
    Module: Dropout
dropout设置为训练模式
  Module: ReLU
test_loss: 0.0143
epoch 76
train_loss: 0.0062
Module: DropoutFullyConnectedNN
  Module: ModuleList
    Module: Linear
    Module: Linear
    Module: Linear
  Module: ModuleList
    Module: Dropout
dropout设置为训练模式
    Module: Dropout
dropout设置为训练模式
    Module: Dropout
dropout设置为训练模式
  Module: ReLU
test_loss: 0.0174
epoch 77
train_loss: 0.0051
Module: DropoutFullyConnectedNN
  Module: ModuleList
    Module: Linear
    Module: Linear
    Module: Linear
  Module: ModuleList
    Module: Dropout
dropout设置为训练模式
    Module: Dropout
dropout设置为训练模式
    Module: Dropout
dropout设置为训练模式
  Module: ReLU
test_loss: 0.0180
epoch 78
train_loss: 0.0053
Module: DropoutFullyConnectedNN
  Module: ModuleList
    Module: Linear
    Module: Linear
    Module: Linear
  Module: ModuleList
    Module: Dropout
dropout设置为训练模式
    Module: Dropout
dropout设置为训练模式
    Module: Dropout
dropout设置为训练模式
  Module: ReLU
test_loss: 0.0167
epoch 79
train_loss: 0.0056
Module: DropoutFullyConnectedNN
  Module: ModuleList
    Module: Linear
    Module: Linear
    Module: Linear
  Module: ModuleList
    Module: Dropout
dropout设置为训练模式
    Module: Dropout
dropout设置为训练模式
    Module: Dropout
dropout设置为训练模式
  Module: ReLU
test_loss: 0.0178
epoch 80
train_loss: 0.0070
Module: DropoutFullyConnectedNN
  Module: ModuleList
    Module: Linear
    Module: Linear
    Module: Linear
  Module: ModuleList
    Module: Dropout
dropout设置为训练模式
    Module: Dropout
dropout设置为训练模式
    Module: Dropout
dropout设置为训练模式
  Module: ReLU
test_loss: 0.0178
epoch 81
train_loss: 0.0062
Module: DropoutFullyConnectedNN
  Module: ModuleList
    Module: Linear
    Module: Linear
    Module: Linear
  Module: ModuleList
    Module: Dropout
dropout设置为训练模式
    Module: Dropout
dropout设置为训练模式
    Module: Dropout
dropout设置为训练模式
  Module: ReLU
test_loss: 0.0184
epoch 82
train_loss: 0.0077
Module: DropoutFullyConnectedNN
  Module: ModuleList
    Module: Linear
    Module: Linear
    Module: Linear
  Module: ModuleList
    Module: Dropout
dropout设置为训练模式
    Module: Dropout
dropout设置为训练模式
    Module: Dropout
dropout设置为训练模式
  Module: ReLU
test_loss: 0.0151
epoch 83
train_loss: 0.0064
Module: DropoutFullyConnectedNN
  Module: ModuleList
    Module: Linear
    Module: Linear
    Module: Linear
  Module: ModuleList
    Module: Dropout
dropout设置为训练模式
    Module: Dropout
dropout设置为训练模式
    Module: Dropout
dropout设置为训练模式
  Module: ReLU
test_loss: 0.0177
epoch 84
train_loss: 0.0055
Module: DropoutFullyConnectedNN
  Module: ModuleList
    Module: Linear
    Module: Linear
    Module: Linear
  Module: ModuleList
    Module: Dropout
dropout设置为训练模式
    Module: Dropout
dropout设置为训练模式
    Module: Dropout
dropout设置为训练模式
  Module: ReLU
test_loss: 0.0194
epoch 85
train_loss: 0.0058
Module: DropoutFullyConnectedNN
  Module: ModuleList
    Module: Linear
    Module: Linear
    Module: Linear
  Module: ModuleList
    Module: Dropout
dropout设置为训练模式
    Module: Dropout
dropout设置为训练模式
    Module: Dropout
dropout设置为训练模式
  Module: ReLU
test_loss: 0.0188
epoch 86
train_loss: 0.0050
Module: DropoutFullyConnectedNN
  Module: ModuleList
    Module: Linear
    Module: Linear
    Module: Linear
  Module: ModuleList
    Module: Dropout
dropout设置为训练模式
    Module: Dropout
dropout设置为训练模式
    Module: Dropout
dropout设置为训练模式
  Module: ReLU
test_loss: 0.0141
epoch 87
train_loss: 0.0048
Module: DropoutFullyConnectedNN
  Module: ModuleList
    Module: Linear
    Module: Linear
    Module: Linear
  Module: ModuleList
    Module: Dropout
dropout设置为训练模式
    Module: Dropout
dropout设置为训练模式
    Module: Dropout
dropout设置为训练模式
  Module: ReLU
test_loss: 0.0178
epoch 88
train_loss: 0.0053
Module: DropoutFullyConnectedNN
  Module: ModuleList
    Module: Linear
    Module: Linear
    Module: Linear
  Module: ModuleList
    Module: Dropout
dropout设置为训练模式
    Module: Dropout
dropout设置为训练模式
    Module: Dropout
dropout设置为训练模式
  Module: ReLU
test_loss: 0.0159
epoch 89
train_loss: 0.0064
Module: DropoutFullyConnectedNN
  Module: ModuleList
    Module: Linear
    Module: Linear
    Module: Linear
  Module: ModuleList
    Module: Dropout
dropout设置为训练模式
    Module: Dropout
dropout设置为训练模式
    Module: Dropout
dropout设置为训练模式
  Module: ReLU
test_loss: 0.0193
epoch 90
train_loss: 0.0046
Module: DropoutFullyConnectedNN
  Module: ModuleList
    Module: Linear
    Module: Linear
    Module: Linear
  Module: ModuleList
    Module: Dropout
dropout设置为训练模式
    Module: Dropout
dropout设置为训练模式
    Module: Dropout
dropout设置为训练模式
  Module: ReLU
test_loss: 0.0175
epoch 91
train_loss: 0.0059
Module: DropoutFullyConnectedNN
  Module: ModuleList
    Module: Linear
    Module: Linear
    Module: Linear
  Module: ModuleList
    Module: Dropout
dropout设置为训练模式
    Module: Dropout
dropout设置为训练模式
    Module: Dropout
dropout设置为训练模式
  Module: ReLU
test_loss: 0.0131
epoch 92
train_loss: 0.0060
Module: DropoutFullyConnectedNN
  Module: ModuleList
    Module: Linear
    Module: Linear
    Module: Linear
  Module: ModuleList
    Module: Dropout
dropout设置为训练模式
    Module: Dropout
dropout设置为训练模式
    Module: Dropout
dropout设置为训练模式
  Module: ReLU
test_loss: 0.0186
epoch 93
train_loss: 0.0055
Module: DropoutFullyConnectedNN
  Module: ModuleList
    Module: Linear
    Module: Linear
    Module: Linear
  Module: ModuleList
    Module: Dropout
dropout设置为训练模式
    Module: Dropout
dropout设置为训练模式
    Module: Dropout
dropout设置为训练模式
  Module: ReLU
test_loss: 0.0200
epoch 94
train_loss: 0.0052
Module: DropoutFullyConnectedNN
  Module: ModuleList
    Module: Linear
    Module: Linear
    Module: Linear
  Module: ModuleList
    Module: Dropout
dropout设置为训练模式
    Module: Dropout
dropout设置为训练模式
    Module: Dropout
dropout设置为训练模式
  Module: ReLU
test_loss: 0.0199
epoch 95
train_loss: 0.0042
Module: DropoutFullyConnectedNN
  Module: ModuleList
    Module: Linear
    Module: Linear
    Module: Linear
  Module: ModuleList
    Module: Dropout
dropout设置为训练模式
    Module: Dropout
dropout设置为训练模式
    Module: Dropout
dropout设置为训练模式
  Module: ReLU
test_loss: 0.0150
epoch 96
train_loss: 0.0046
Module: DropoutFullyConnectedNN
  Module: ModuleList
    Module: Linear
    Module: Linear
    Module: Linear
  Module: ModuleList
    Module: Dropout
dropout设置为训练模式
    Module: Dropout
dropout设置为训练模式
    Module: Dropout
dropout设置为训练模式
  Module: ReLU
test_loss: 0.0181
epoch 97
train_loss: 0.0063
Module: DropoutFullyConnectedNN
  Module: ModuleList
    Module: Linear
    Module: Linear
    Module: Linear
  Module: ModuleList
    Module: Dropout
dropout设置为训练模式
    Module: Dropout
dropout设置为训练模式
    Module: Dropout
dropout设置为训练模式
  Module: ReLU
test_loss: 0.0161
epoch 98
train_loss: 0.0043
Module: DropoutFullyConnectedNN
  Module: ModuleList
    Module: Linear
    Module: Linear
    Module: Linear
  Module: ModuleList
    Module: Dropout
dropout设置为训练模式
    Module: Dropout
dropout设置为训练模式
    Module: Dropout
dropout设置为训练模式
  Module: ReLU
test_loss: 0.0191
epoch 99
train_loss: 0.0047
Module: DropoutFullyConnectedNN
  Module: ModuleList
    Module: Linear
    Module: Linear
    Module: Linear
  Module: ModuleList
    Module: Dropout
dropout设置为训练模式
    Module: Dropout
dropout设置为训练模式
    Module: Dropout
dropout设置为训练模式
  Module: ReLU
test_loss: 0.0153
epoch 100
train_loss: 0.0045
Module: DropoutFullyConnectedNN
  Module: ModuleList
    Module: Linear
    Module: Linear
    Module: Linear
  Module: ModuleList
    Module: Dropout
dropout设置为训练模式
    Module: Dropout
dropout设置为训练模式
    Module: Dropout
dropout设置为训练模式
  Module: ReLU
test_loss: 0.0164
epoch 101
train_loss: 0.0051
Module: DropoutFullyConnectedNN
  Module: ModuleList
    Module: Linear
    Module: Linear
    Module: Linear
  Module: ModuleList
    Module: Dropout
dropout设置为训练模式
    Module: Dropout
dropout设置为训练模式
    Module: Dropout
dropout设置为训练模式
  Module: ReLU
test_loss: 0.0144
epoch 102
train_loss: 0.0042
Module: DropoutFullyConnectedNN
  Module: ModuleList
    Module: Linear
    Module: Linear
    Module: Linear
  Module: ModuleList
    Module: Dropout
dropout设置为训练模式
    Module: Dropout
dropout设置为训练模式
    Module: Dropout
dropout设置为训练模式
  Module: ReLU
test_loss: 0.0144
epoch 103
train_loss: 0.0046
Module: DropoutFullyConnectedNN
  Module: ModuleList
    Module: Linear
    Module: Linear
    Module: Linear
  Module: ModuleList
    Module: Dropout
dropout设置为训练模式
    Module: Dropout
dropout设置为训练模式
    Module: Dropout
dropout设置为训练模式
  Module: ReLU
test_loss: 0.0166
epoch 104
train_loss: 0.0046
Module: DropoutFullyConnectedNN
  Module: ModuleList
    Module: Linear
    Module: Linear
    Module: Linear
  Module: ModuleList
    Module: Dropout
dropout设置为训练模式
    Module: Dropout
dropout设置为训练模式
    Module: Dropout
dropout设置为训练模式
  Module: ReLU
test_loss: 0.0158
epoch 105
train_loss: 0.0051
Module: DropoutFullyConnectedNN
  Module: ModuleList
    Module: Linear
    Module: Linear
    Module: Linear
  Module: ModuleList
    Module: Dropout
dropout设置为训练模式
    Module: Dropout
dropout设置为训练模式
    Module: Dropout
dropout设置为训练模式
  Module: ReLU
test_loss: 0.0131
epoch 106
train_loss: 0.0048
Module: DropoutFullyConnectedNN
  Module: ModuleList
    Module: Linear
    Module: Linear
    Module: Linear
  Module: ModuleList
    Module: Dropout
dropout设置为训练模式
    Module: Dropout
dropout设置为训练模式
    Module: Dropout
dropout设置为训练模式
  Module: ReLU
test_loss: 0.0153
epoch 107
train_loss: 0.0044
Module: DropoutFullyConnectedNN
  Module: ModuleList
    Module: Linear
    Module: Linear
    Module: Linear
  Module: ModuleList
    Module: Dropout
dropout设置为训练模式
    Module: Dropout
dropout设置为训练模式
    Module: Dropout
dropout设置为训练模式
  Module: ReLU
test_loss: 0.0186
epoch 108
train_loss: 0.0041
Module: DropoutFullyConnectedNN
  Module: ModuleList
    Module: Linear
    Module: Linear
    Module: Linear
  Module: ModuleList
    Module: Dropout
dropout设置为训练模式
    Module: Dropout
dropout设置为训练模式
    Module: Dropout
dropout设置为训练模式
  Module: ReLU
test_loss: 0.0148
epoch 109
train_loss: 0.0047
Module: DropoutFullyConnectedNN
  Module: ModuleList
    Module: Linear
    Module: Linear
    Module: Linear
  Module: ModuleList
    Module: Dropout
dropout设置为训练模式
    Module: Dropout
dropout设置为训练模式
    Module: Dropout
dropout设置为训练模式
  Module: ReLU
test_loss: 0.0216
/home/xueqiong/noise_injection_uncertainty/regression/utils.py:39: FutureWarning: The 'delim_whitespace' keyword in pd.read_csv is deprecated and will be removed in a future version. Use ``sep='\s+'`` instead
  return pd.read_csv(dataset_path, engine='python', header=None, delim_whitespace=True)
8 1
614 154 768
model_name fixnoiseFCN
using Adam as optimizer
epoch 0
train_loss: 0.5844
test_loss: 0.2267
epoch 1
train_loss: 0.1560
test_loss: 0.1313
epoch 2
train_loss: 0.0992
test_loss: 0.1001
epoch 3
train_loss: 0.0863
test_loss: 0.0908
epoch 4
train_loss: 0.0783
test_loss: 0.0855
epoch 5
train_loss: 0.0731
test_loss: 0.0836
epoch 6
train_loss: 0.0696
test_loss: 0.0799
epoch 7
train_loss: 0.0672
test_loss: 0.0768
epoch 8
train_loss: 0.0646
test_loss: 0.0750
epoch 9
train_loss: 0.0636
test_loss: 0.0759
epoch 10
train_loss: 0.0626
test_loss: 0.0747
epoch 11
train_loss: 0.0599
test_loss: 0.0705
epoch 12
train_loss: 0.0576
test_loss: 0.0693
epoch 13
train_loss: 0.0557
test_loss: 0.0675
epoch 14
train_loss: 0.0537
test_loss: 0.0640
epoch 15
train_loss: 0.0517
test_loss: 0.0614
epoch 16
train_loss: 0.0502
test_loss: 0.0586
epoch 17
train_loss: 0.0477
test_loss: 0.0572
epoch 18
train_loss: 0.0456
test_loss: 0.0571
epoch 19
train_loss: 0.0420
test_loss: 0.0541
epoch 20
train_loss: 0.0397
test_loss: 0.0495
epoch 21
train_loss: 0.0400
test_loss: 0.0440
epoch 22
train_loss: 0.0357
test_loss: 0.0483
epoch 23
train_loss: 0.0324
test_loss: 0.0383
epoch 24
train_loss: 0.0304
test_loss: 0.0421
epoch 25
train_loss: 0.0270
test_loss: 0.0399
epoch 26
train_loss: 0.0238
test_loss: 0.0346
epoch 27
train_loss: 0.0253
test_loss: 0.0333
epoch 28
train_loss: 0.0221
test_loss: 0.0300
epoch 29
train_loss: 0.0196
test_loss: 0.0317
epoch 30
train_loss: 0.0190
test_loss: 0.0274
epoch 31
train_loss: 0.0174
test_loss: 0.0291
epoch 32
train_loss: 0.0161
test_loss: 0.0251
epoch 33
train_loss: 0.0145
test_loss: 0.0229
epoch 34
train_loss: 0.0144
test_loss: 0.0219
epoch 35
train_loss: 0.0128
test_loss: 0.0203
epoch 36
train_loss: 0.0103
test_loss: 0.0188
epoch 37
train_loss: 0.0100
test_loss: 0.0218
epoch 38
train_loss: 0.0092
test_loss: 0.0210
epoch 39
train_loss: 0.0108
test_loss: 0.0273
epoch 40
train_loss: 0.0099
test_loss: 0.0138
epoch 41
train_loss: 0.0075
test_loss: 0.0163
epoch 42
train_loss: 0.0059
test_loss: 0.0149
epoch 43
train_loss: 0.0054
test_loss: 0.0161
epoch 44
train_loss: 0.0059
test_loss: 0.0164
epoch 45
train_loss: 0.0061
test_loss: 0.0192
epoch 46
train_loss: 0.0079
test_loss: 0.0141
epoch 47
train_loss: 0.0056
test_loss: 0.0118
epoch 48
train_loss: 0.0053
test_loss: 0.0122
epoch 49
train_loss: 0.0067
test_loss: 0.0136
epoch 50
train_loss: 0.0044
test_loss: 0.0127
epoch 51
train_loss: 0.0040
test_loss: 0.0131
epoch 52
train_loss: 0.0044
test_loss: 0.0139
epoch 53
train_loss: 0.0049
test_loss: 0.0106
epoch 54
train_loss: 0.0052
test_loss: 0.0101
epoch 55
train_loss: 0.0043
test_loss: 0.0125
epoch 56
train_loss: 0.0042
test_loss: 0.0099
epoch 57
train_loss: 0.0050
test_loss: 0.0159
epoch 58
train_loss: 0.0072
test_loss: 0.0133
epoch 59
train_loss: 0.0050
test_loss: 0.0124
epoch 60
train_loss: 0.0066
test_loss: 0.0093
epoch 61
train_loss: 0.0049
test_loss: 0.0136
epoch 62
train_loss: 0.0061
test_loss: 0.0122
epoch 63
train_loss: 0.0042
test_loss: 0.0093
epoch 64
train_loss: 0.0032
test_loss: 0.0094
epoch 65
train_loss: 0.0044
test_loss: 0.0185
epoch 66
train_loss: 0.0050
test_loss: 0.0122
epoch 67
train_loss: 0.0047
test_loss: 0.0121
epoch 68
train_loss: 0.0053
test_loss: 0.0097
epoch 69
train_loss: 0.0037
test_loss: 0.0160
epoch 70
train_loss: 0.0042
test_loss: 0.0095
epoch 71
train_loss: 0.0035
test_loss: 0.0080
epoch 72
train_loss: 0.0037
test_loss: 0.0088
epoch 73
train_loss: 0.0046
test_loss: 0.0093
epoch 74
train_loss: 0.0040
test_loss: 0.0102
epoch 75
train_loss: 0.0037
test_loss: 0.0084
epoch 76
train_loss: 0.0038
test_loss: 0.0102
epoch 77
train_loss: 0.0039
test_loss: 0.0086
epoch 78
train_loss: 0.0035
test_loss: 0.0083
epoch 79
train_loss: 0.0027
test_loss: 0.0081
epoch 80
train_loss: 0.0039
test_loss: 0.0093
epoch 81
train_loss: 0.0037
test_loss: 0.0078
epoch 82
train_loss: 0.0029
test_loss: 0.0084
epoch 83
train_loss: 0.0051
test_loss: 0.0113
epoch 84
train_loss: 0.0048
test_loss: 0.0081
epoch 85
train_loss: 0.0036
test_loss: 0.0105
epoch 86
train_loss: 0.0036
test_loss: 0.0083
epoch 87
train_loss: 0.0032
test_loss: 0.0102
epoch 88
train_loss: 0.0034
test_loss: 0.0068
epoch 89
train_loss: 0.0029
test_loss: 0.0083
epoch 90
train_loss: 0.0030
test_loss: 0.0128
epoch 91
train_loss: 0.0033
test_loss: 0.0105
epoch 92
train_loss: 0.0037
test_loss: 0.0109
epoch 93
train_loss: 0.0032
test_loss: 0.0111
epoch 94
train_loss: 0.0030
test_loss: 0.0084
epoch 95
train_loss: 0.0042
test_loss: 0.0160
epoch 96
train_loss: 0.0037
test_loss: 0.0087
epoch 97
train_loss: 0.0034
test_loss: 0.0091
epoch 98
train_loss: 0.0035
test_loss: 0.0165
epoch 99
train_loss: 0.0059
test_loss: 0.0084
epoch 100
train_loss: 0.0047
test_loss: 0.0113
epoch 101
train_loss: 0.0049
test_loss: 0.0078
epoch 102
train_loss: 0.0035
test_loss: 0.0127
epoch 103
train_loss: 0.0030
test_loss: 0.0114
epoch 104
train_loss: 0.0029
test_loss: 0.0079
epoch 105
train_loss: 0.0029
test_loss: 0.0092
epoch 106
train_loss: 0.0027
test_loss: 0.0107
epoch 107
train_loss: 0.0030
test_loss: 0.0130
epoch 108
train_loss: 0.0033
test_loss: 0.0080
epoch 109
train_loss: 0.0033
test_loss: 0.0133
epoch 110
train_loss: 0.0054
test_loss: 0.0111
epoch 111
train_loss: 0.0050
test_loss: 0.0116
epoch 112
train_loss: 0.0047
test_loss: 0.0112
epoch 113
train_loss: 0.0034
test_loss: 0.0135
epoch 114
train_loss: 0.0035
test_loss: 0.0082
epoch 115
train_loss: 0.0039
test_loss: 0.0141
epoch 116
train_loss: 0.0031
test_loss: 0.0099
epoch 117
train_loss: 0.0036
test_loss: 0.0055
epoch 118
train_loss: 0.0040
test_loss: 0.0140
epoch 119
train_loss: 0.0035
test_loss: 0.0084
epoch 120
train_loss: 0.0026
test_loss: 0.0118
epoch 121
train_loss: 0.0032
test_loss: 0.0095
epoch 122
train_loss: 0.0030
test_loss: 0.0089
epoch 123
train_loss: 0.0036
test_loss: 0.0092
epoch 124
train_loss: 0.0035
test_loss: 0.0158
epoch 125
train_loss: 0.0033
test_loss: 0.0110
epoch 126
train_loss: 0.0028
test_loss: 0.0104
epoch 127
train_loss: 0.0039
test_loss: 0.0098
epoch 128
train_loss: 0.0042
test_loss: 0.0093
epoch 129
train_loss: 0.0032
test_loss: 0.0125
epoch 130
train_loss: 0.0029
test_loss: 0.0095
epoch 131
train_loss: 0.0035
test_loss: 0.0096
epoch 132
train_loss: 0.0033
test_loss: 0.0108
epoch 133
train_loss: 0.0035
test_loss: 0.0121
epoch 134
train_loss: 0.0033
test_loss: 0.0112
epoch 135
train_loss: 0.0029
test_loss: 0.0089
epoch 136
train_loss: 0.0026
test_loss: 0.0119
epoch 137
train_loss: 0.0039
test_loss: 0.0106
epoch 138
train_loss: 0.0028
test_loss: 0.0103
epoch 139
train_loss: 0.0030
test_loss: 0.0099
/home/xueqiong/noise_injection_uncertainty/regression/utils.py:39: FutureWarning: The 'delim_whitespace' keyword in pd.read_csv is deprecated and will be removed in a future version. Use ``sep='\s+'`` instead
  return pd.read_csv(dataset_path, engine='python', header=None, delim_whitespace=True)
8 1
614 154 768
model_name noisyFCN
using Adam as optimizer
epoch 0
train_loss: 0.6995
test_loss: 0.4103
epoch 1
train_loss: 0.2736
test_loss: 0.1855
epoch 2
train_loss: 0.1338
test_loss: 0.1236
epoch 3
train_loss: 0.0908
test_loss: 0.0943
epoch 4
train_loss: 0.0783
test_loss: 0.0884
epoch 5
train_loss: 0.0741
test_loss: 0.0858
epoch 6
train_loss: 0.0714
test_loss: 0.0842
epoch 7
train_loss: 0.0691
test_loss: 0.0828
epoch 8
train_loss: 0.0671
test_loss: 0.0813
epoch 9
train_loss: 0.0653
test_loss: 0.0800
epoch 10
train_loss: 0.0634
test_loss: 0.0783
epoch 11
train_loss: 0.0616
test_loss: 0.0770
epoch 12
train_loss: 0.0598
test_loss: 0.0753
epoch 13
train_loss: 0.0579
test_loss: 0.0735
epoch 14
train_loss: 0.0558
test_loss: 0.0714
epoch 15
train_loss: 0.0534
test_loss: 0.0688
epoch 16
train_loss: 0.0508
test_loss: 0.0666
epoch 17
train_loss: 0.0477
test_loss: 0.0640
epoch 18
train_loss: 0.0447
test_loss: 0.0615
epoch 19
train_loss: 0.0414
test_loss: 0.0588
epoch 20
train_loss: 0.0379
test_loss: 0.0557
epoch 21
train_loss: 0.0347
test_loss: 0.0517
epoch 22
train_loss: 0.0317
test_loss: 0.0495
epoch 23
train_loss: 0.0288
test_loss: 0.0470
epoch 24
train_loss: 0.0262
test_loss: 0.0445
epoch 25
train_loss: 0.0241
test_loss: 0.0427
epoch 26
train_loss: 0.0224
test_loss: 0.0411
epoch 27
train_loss: 0.0210
test_loss: 0.0393
epoch 28
train_loss: 0.0197
test_loss: 0.0383
epoch 29
train_loss: 0.0188
test_loss: 0.0368
epoch 30
train_loss: 0.0179
test_loss: 0.0360
epoch 31
train_loss: 0.0172
test_loss: 0.0354
epoch 32
train_loss: 0.0167
test_loss: 0.0347
epoch 33
train_loss: 0.0161
test_loss: 0.0340
epoch 34
train_loss: 0.0156
test_loss: 0.0331
epoch 35
train_loss: 0.0151
test_loss: 0.0331
epoch 36
train_loss: 0.0146
test_loss: 0.0319
epoch 37
train_loss: 0.0141
test_loss: 0.0318
epoch 38
train_loss: 0.0136
test_loss: 0.0306
epoch 39
train_loss: 0.0131
test_loss: 0.0296
epoch 40
train_loss: 0.0125
test_loss: 0.0297
epoch 41
train_loss: 0.0120
test_loss: 0.0284
epoch 42
train_loss: 0.0114
test_loss: 0.0282
epoch 43
train_loss: 0.0109
test_loss: 0.0272
epoch 44
train_loss: 0.0104
test_loss: 0.0267
epoch 45
train_loss: 0.0100
test_loss: 0.0256
epoch 46
train_loss: 0.0094
test_loss: 0.0256
epoch 47
train_loss: 0.0089
test_loss: 0.0248
epoch 48
train_loss: 0.0085
test_loss: 0.0241
epoch 49
train_loss: 0.0079
test_loss: 0.0235
epoch 50
train_loss: 0.0074
test_loss: 0.0225
epoch 51
train_loss: 0.0070
test_loss: 0.0224
epoch 52
train_loss: 0.0066
test_loss: 0.0216
epoch 53
train_loss: 0.0062
test_loss: 0.0212
epoch 54
train_loss: 0.0058
test_loss: 0.0208
epoch 55
train_loss: 0.0054
test_loss: 0.0202
epoch 56
train_loss: 0.0051
test_loss: 0.0198
epoch 57
train_loss: 0.0048
test_loss: 0.0191
epoch 58
train_loss: 0.0044
test_loss: 0.0186
epoch 59
train_loss: 0.0042
test_loss: 0.0187
epoch 60
train_loss: 0.0040
test_loss: 0.0179
epoch 61
train_loss: 0.0038
test_loss: 0.0175
epoch 62
train_loss: 0.0036
test_loss: 0.0173
epoch 63
train_loss: 0.0034
test_loss: 0.0171
epoch 64
train_loss: 0.0033
test_loss: 0.0166
epoch 65
train_loss: 0.0031
test_loss: 0.0164
epoch 66
train_loss: 0.0030
test_loss: 0.0161
epoch 67
train_loss: 0.0029
test_loss: 0.0161
epoch 68
train_loss: 0.0028
test_loss: 0.0160
epoch 69
train_loss: 0.0027
test_loss: 0.0158
epoch 70
train_loss: 0.0027
test_loss: 0.0156
epoch 71
train_loss: 0.0026
test_loss: 0.0156
epoch 72
train_loss: 0.0025
test_loss: 0.0156
epoch 73
train_loss: 0.0025
test_loss: 0.0153
epoch 74
train_loss: 0.0024
test_loss: 0.0154
epoch 75
train_loss: 0.0023
test_loss: 0.0153
epoch 76
train_loss: 0.0024
test_loss: 0.0152
epoch 77
train_loss: 0.0023
test_loss: 0.0151
epoch 78
train_loss: 0.0023
test_loss: 0.0153
epoch 79
train_loss: 0.0022
test_loss: 0.0146
epoch 80
train_loss: 0.0022
test_loss: 0.0151
epoch 81
train_loss: 0.0022
test_loss: 0.0150
epoch 82
train_loss: 0.0022
test_loss: 0.0150
epoch 83
train_loss: 0.0022
test_loss: 0.0148
epoch 84
train_loss: 0.0021
test_loss: 0.0149
epoch 85
train_loss: 0.0021
test_loss: 0.0147
epoch 86
train_loss: 0.0021
test_loss: 0.0149
epoch 87
train_loss: 0.0021
test_loss: 0.0146
epoch 88
train_loss: 0.0021
test_loss: 0.0146
epoch 89
train_loss: 0.0021
test_loss: 0.0147
epoch 90
train_loss: 0.0020
test_loss: 0.0144
epoch 91
train_loss: 0.0020
test_loss: 0.0147
epoch 92
train_loss: 0.0020
test_loss: 0.0145
epoch 93
train_loss: 0.0020
test_loss: 0.0141
epoch 94
train_loss: 0.0020
test_loss: 0.0147
epoch 95
train_loss: 0.0020
test_loss: 0.0145
epoch 96
train_loss: 0.0020
test_loss: 0.0143
epoch 97
train_loss: 0.0020
test_loss: 0.0147
epoch 98
train_loss: 0.0020
test_loss: 0.0143
epoch 99
train_loss: 0.0020
test_loss: 0.0142
epoch 100
train_loss: 0.0019
test_loss: 0.0146
epoch 101
train_loss: 0.0019
test_loss: 0.0144
epoch 102
train_loss: 0.0020
test_loss: 0.0142
epoch 103
train_loss: 0.0020
test_loss: 0.0142
epoch 104
train_loss: 0.0020
test_loss: 0.0145
epoch 105
train_loss: 0.0020
test_loss: 0.0143
epoch 106
train_loss: 0.0019
test_loss: 0.0138
epoch 107
train_loss: 0.0019
test_loss: 0.0144
epoch 108
train_loss: 0.0019
test_loss: 0.0143
epoch 109
train_loss: 0.0020
test_loss: 0.0143
epoch 110
train_loss: 0.0019
test_loss: 0.0144
epoch 111
train_loss: 0.0019
test_loss: 0.0143
epoch 112
train_loss: 0.0019
test_loss: 0.0141
epoch 113
train_loss: 0.0019
test_loss: 0.0145
epoch 114
train_loss: 0.0019
test_loss: 0.0146
epoch 115
train_loss: 0.0020
test_loss: 0.0140
epoch 116
train_loss: 0.0019
test_loss: 0.0145
epoch 117
train_loss: 0.0020
test_loss: 0.0141
epoch 118
train_loss: 0.0019
test_loss: 0.0145
epoch 119
train_loss: 0.0019
test_loss: 0.0148
epoch 120
train_loss: 0.0020
test_loss: 0.0136
epoch 121
train_loss: 0.0018
test_loss: 0.0139
epoch 122
train_loss: 0.0019
test_loss: 0.0147
epoch 123
train_loss: 0.0019
test_loss: 0.0142
epoch 124
train_loss: 0.0019
test_loss: 0.0137
epoch 125
train_loss: 0.0019
test_loss: 0.0145
epoch 126
train_loss: 0.0019
test_loss: 0.0142
epoch 127
train_loss: 0.0019
test_loss: 0.0141
epoch 128
train_loss: 0.0019
test_loss: 0.0140
epoch 129
train_loss: 0.0019
test_loss: 0.0142
epoch 130
train_loss: 0.0019
test_loss: 0.0148
epoch 131
train_loss: 0.0019
test_loss: 0.0134
epoch 132
train_loss: 0.0019
test_loss: 0.0144
epoch 133
train_loss: 0.0020
test_loss: 0.0137
epoch 134
train_loss: 0.0019
test_loss: 0.0138
epoch 135
train_loss: 0.0019
test_loss: 0.0139
epoch 136
train_loss: 0.0019
test_loss: 0.0142
epoch 137
train_loss: 0.0019
test_loss: 0.0143
epoch 138
train_loss: 0.0019
test_loss: 0.0135
epoch 139
train_loss: 0.0018
test_loss: 0.0142
epoch 140
train_loss: 0.0018
test_loss: 0.0136
epoch 141
train_loss: 0.0019
test_loss: 0.0135
epoch 142
train_loss: 0.0019
test_loss: 0.0143
epoch 143
train_loss: 0.0019
test_loss: 0.0142
epoch 144
train_loss: 0.0020
test_loss: 0.0134
epoch 145
train_loss: 0.0019
test_loss: 0.0140
epoch 146
train_loss: 0.0019
test_loss: 0.0144
epoch 147
train_loss: 0.0020
test_loss: 0.0140
epoch 148
train_loss: 0.0019
test_loss: 0.0138
epoch 149
train_loss: 0.0019
test_loss: 0.0138
epoch 150
train_loss: 0.0019
test_loss: 0.0138
epoch 151
train_loss: 0.0019
test_loss: 0.0137
epoch 152
train_loss: 0.0019
test_loss: 0.0140
epoch 153
train_loss: 0.0019
test_loss: 0.0139
epoch 154
train_loss: 0.0019
test_loss: 0.0135
epoch 155
train_loss: 0.0018
test_loss: 0.0138
epoch 156
train_loss: 0.0019
test_loss: 0.0144
epoch 157
train_loss: 0.0020
test_loss: 0.0136
epoch 158
train_loss: 0.0019
test_loss: 0.0136
epoch 159
train_loss: 0.0019
test_loss: 0.0143
epoch 160
train_loss: 0.0019
test_loss: 0.0138
epoch 161
train_loss: 0.0019
test_loss: 0.0138
epoch 162
train_loss: 0.0019
test_loss: 0.0138
epoch 163
train_loss: 0.0019
test_loss: 0.0142
epoch 164
train_loss: 0.0020
test_loss: 0.0141
epoch 165
train_loss: 0.0019
test_loss: 0.0137
epoch 166
train_loss: 0.0020
test_loss: 0.0144
epoch 167
train_loss: 0.0019
test_loss: 0.0139
epoch 168
train_loss: 0.0019
test_loss: 0.0138
epoch 169
train_loss: 0.0018
test_loss: 0.0137
epoch 170
train_loss: 0.0018
test_loss: 0.0146
epoch 171
train_loss: 0.0019
test_loss: 0.0140
epoch 172
train_loss: 0.0018
test_loss: 0.0137
epoch 173
train_loss: 0.0018
test_loss: 0.0129
epoch 174
train_loss: 0.0018
test_loss: 0.0144
epoch 175
train_loss: 0.0019
test_loss: 0.0144
epoch 176
train_loss: 0.0019
test_loss: 0.0135
epoch 177
train_loss: 0.0019
test_loss: 0.0147
epoch 178
train_loss: 0.0020
test_loss: 0.0141
epoch 179
train_loss: 0.0019
test_loss: 0.0139
/home/xueqiong/noise_injection_uncertainty/regression/utils.py:39: FutureWarning: The 'delim_whitespace' keyword in pd.read_csv is deprecated and will be removed in a future version. Use ``sep='\s+'`` instead
  return pd.read_csv(dataset_path, engine='python', header=None, delim_whitespace=True)
8 1
6554 1638 8192
model_name FCN
using Adam as optimizer
epoch 0
train_loss: 0.8996
test_loss: 0.8122
epoch 1
train_loss: 0.7061
test_loss: 0.6221
epoch 2
train_loss: 0.5515
test_loss: 0.5264
epoch 3
train_loss: 0.4875
test_loss: 0.4843
epoch 4
train_loss: 0.4507
test_loss: 0.4509
epoch 5
train_loss: 0.4196
test_loss: 0.4218
epoch 6
train_loss: 0.3927
test_loss: 0.3974
epoch 7
train_loss: 0.3700
test_loss: 0.3772
epoch 8
train_loss: 0.3508
test_loss: 0.3602
epoch 9
train_loss: 0.3342
test_loss: 0.3453
epoch 10
train_loss: 0.3197
test_loss: 0.3322
epoch 11
train_loss: 0.3066
test_loss: 0.3201
epoch 12
train_loss: 0.2946
test_loss: 0.3090
epoch 13
train_loss: 0.2836
test_loss: 0.2984
epoch 14
train_loss: 0.2732
test_loss: 0.2884
epoch 15
train_loss: 0.2633
test_loss: 0.2788
epoch 16
train_loss: 0.2540
test_loss: 0.2695
epoch 17
train_loss: 0.2453
test_loss: 0.2607
epoch 18
train_loss: 0.2370
test_loss: 0.2522
epoch 19
train_loss: 0.2292
test_loss: 0.2442
epoch 20
train_loss: 0.2219
test_loss: 0.2365
epoch 21
train_loss: 0.2150
test_loss: 0.2292
epoch 22
train_loss: 0.2085
test_loss: 0.2223
epoch 23
train_loss: 0.2025
test_loss: 0.2159
epoch 24
train_loss: 0.1968
test_loss: 0.2100
epoch 25
train_loss: 0.1915
test_loss: 0.2044
epoch 26
train_loss: 0.1865
test_loss: 0.1992
epoch 27
train_loss: 0.1819
test_loss: 0.1943
epoch 28
train_loss: 0.1776
test_loss: 0.1898
epoch 29
train_loss: 0.1736
test_loss: 0.1855
epoch 30
train_loss: 0.1699
test_loss: 0.1815
epoch 31
train_loss: 0.1664
test_loss: 0.1778
epoch 32
train_loss: 0.1631
test_loss: 0.1743
epoch 33
train_loss: 0.1600
test_loss: 0.1711
epoch 34
train_loss: 0.1571
test_loss: 0.1680
epoch 35
train_loss: 0.1543
test_loss: 0.1651
epoch 36
train_loss: 0.1517
test_loss: 0.1624
epoch 37
train_loss: 0.1492
test_loss: 0.1598
epoch 38
train_loss: 0.1469
test_loss: 0.1574
epoch 39
train_loss: 0.1446
test_loss: 0.1552
epoch 40
train_loss: 0.1426
test_loss: 0.1530
epoch 41
train_loss: 0.1405
test_loss: 0.1510
epoch 42
train_loss: 0.1386
test_loss: 0.1491
epoch 43
train_loss: 0.1368
test_loss: 0.1473
epoch 44
train_loss: 0.1350
test_loss: 0.1456
epoch 45
train_loss: 0.1333
test_loss: 0.1438
epoch 46
train_loss: 0.1317
test_loss: 0.1422
epoch 47
train_loss: 0.1301
test_loss: 0.1407
epoch 48
train_loss: 0.1285
test_loss: 0.1392
epoch 49
train_loss: 0.1270
test_loss: 0.1378
epoch 50
train_loss: 0.1256
test_loss: 0.1364
epoch 51
train_loss: 0.1242
test_loss: 0.1351
epoch 52
train_loss: 0.1229
test_loss: 0.1339
epoch 53
train_loss: 0.1216
test_loss: 0.1326
epoch 54
train_loss: 0.1204
test_loss: 0.1314
epoch 55
train_loss: 0.1192
test_loss: 0.1303
epoch 56
train_loss: 0.1180
test_loss: 0.1292
epoch 57
train_loss: 0.1169
test_loss: 0.1282
epoch 58
train_loss: 0.1158
test_loss: 0.1272
epoch 59
train_loss: 0.1147
test_loss: 0.1262
epoch 60
train_loss: 0.1137
test_loss: 0.1253
epoch 61
train_loss: 0.1127
test_loss: 0.1244
epoch 62
train_loss: 0.1117
test_loss: 0.1236
epoch 63
train_loss: 0.1108
test_loss: 0.1227
epoch 64
train_loss: 0.1099
test_loss: 0.1219
epoch 65
train_loss: 0.1090
test_loss: 0.1211
epoch 66
train_loss: 0.1082
test_loss: 0.1203
epoch 67
train_loss: 0.1073
test_loss: 0.1196
epoch 68
train_loss: 0.1065
test_loss: 0.1188
epoch 69
train_loss: 0.1058
test_loss: 0.1181
epoch 70
train_loss: 0.1050
test_loss: 0.1174
epoch 71
train_loss: 0.1042
test_loss: 0.1167
epoch 72
train_loss: 0.1035
test_loss: 0.1160
epoch 73
train_loss: 0.1028
test_loss: 0.1153
epoch 74
train_loss: 0.1020
test_loss: 0.1146
epoch 75
train_loss: 0.1013
test_loss: 0.1140
epoch 76
train_loss: 0.1007
test_loss: 0.1133
epoch 77
train_loss: 0.1000
test_loss: 0.1127
epoch 78
train_loss: 0.0993
test_loss: 0.1121
epoch 79
train_loss: 0.0987
test_loss: 0.1114
epoch 80
train_loss: 0.0980
test_loss: 0.1108
epoch 81
train_loss: 0.0974
test_loss: 0.1103
epoch 82
train_loss: 0.0968
test_loss: 0.1097
epoch 83
train_loss: 0.0962
test_loss: 0.1091
epoch 84
train_loss: 0.0956
test_loss: 0.1085
epoch 85
train_loss: 0.0950
test_loss: 0.1080
epoch 86
train_loss: 0.0945
test_loss: 0.1074
epoch 87
train_loss: 0.0939
test_loss: 0.1068
epoch 88
train_loss: 0.0934
test_loss: 0.1063
epoch 89
train_loss: 0.0928
test_loss: 0.1057
epoch 90
train_loss: 0.0923
test_loss: 0.1052
epoch 91
train_loss: 0.0918
test_loss: 0.1047
epoch 92
train_loss: 0.0913
test_loss: 0.1042
epoch 93
train_loss: 0.0908
test_loss: 0.1037
epoch 94
train_loss: 0.0903
test_loss: 0.1032
epoch 95
train_loss: 0.0898
test_loss: 0.1028
epoch 96
train_loss: 0.0894
test_loss: 0.1023
epoch 97
train_loss: 0.0889
test_loss: 0.1019
epoch 98
train_loss: 0.0885
test_loss: 0.1014
epoch 99
train_loss: 0.0880
test_loss: 0.1010
epoch 100
train_loss: 0.0876
test_loss: 0.1006
epoch 101
train_loss: 0.0872
test_loss: 0.1002
epoch 102
train_loss: 0.0868
test_loss: 0.0998
epoch 103
train_loss: 0.0864
test_loss: 0.0994
epoch 104
train_loss: 0.0860
test_loss: 0.0990
epoch 105
train_loss: 0.0857
test_loss: 0.0986
epoch 106
train_loss: 0.0853
test_loss: 0.0983
epoch 107
train_loss: 0.0849
test_loss: 0.0979
epoch 108
train_loss: 0.0846
test_loss: 0.0976
epoch 109
train_loss: 0.0842
test_loss: 0.0972
epoch 110
train_loss: 0.0839
test_loss: 0.0969
epoch 111
train_loss: 0.0835
test_loss: 0.0965
epoch 112
train_loss: 0.0832
test_loss: 0.0962
epoch 113
train_loss: 0.0829
test_loss: 0.0959
epoch 114
train_loss: 0.0825
test_loss: 0.0956
epoch 115
train_loss: 0.0822
test_loss: 0.0952
epoch 116
train_loss: 0.0819
test_loss: 0.0949
epoch 117
train_loss: 0.0816
test_loss: 0.0946
epoch 118
train_loss: 0.0813
test_loss: 0.0943
epoch 119
train_loss: 0.0810
test_loss: 0.0940
epoch 120
train_loss: 0.0807
test_loss: 0.0937
epoch 121
train_loss: 0.0804
test_loss: 0.0934
epoch 122
train_loss: 0.0801
test_loss: 0.0931
epoch 123
train_loss: 0.0798
test_loss: 0.0928
epoch 124
train_loss: 0.0795
test_loss: 0.0926
epoch 125
train_loss: 0.0793
test_loss: 0.0923
epoch 126
train_loss: 0.0790
test_loss: 0.0920
epoch 127
train_loss: 0.0788
test_loss: 0.0918
epoch 128
train_loss: 0.0785
test_loss: 0.0916
epoch 129
train_loss: 0.0783
test_loss: 0.0913
epoch 130
train_loss: 0.0780
test_loss: 0.0911
epoch 131
train_loss: 0.0778
test_loss: 0.0908
epoch 132
train_loss: 0.0775
test_loss: 0.0906
epoch 133
train_loss: 0.0773
test_loss: 0.0903
epoch 134
train_loss: 0.0771
test_loss: 0.0901
epoch 135
train_loss: 0.0768
test_loss: 0.0898
epoch 136
train_loss: 0.0766
test_loss: 0.0896
epoch 137
train_loss: 0.0764
test_loss: 0.0894
epoch 138
train_loss: 0.0761
test_loss: 0.0892
epoch 139
train_loss: 0.0759
test_loss: 0.0889
epoch 140
train_loss: 0.0757
test_loss: 0.0887
epoch 141
train_loss: 0.0755
test_loss: 0.0885
epoch 142
train_loss: 0.0753
test_loss: 0.0883
epoch 143
train_loss: 0.0751
test_loss: 0.0881
epoch 144
train_loss: 0.0749
test_loss: 0.0879
epoch 145
train_loss: 0.0747
test_loss: 0.0877
epoch 146
train_loss: 0.0745
test_loss: 0.0875
epoch 147
train_loss: 0.0743
test_loss: 0.0873
epoch 148
train_loss: 0.0741
test_loss: 0.0871
epoch 149
train_loss: 0.0739
test_loss: 0.0869
epoch 150
train_loss: 0.0737
test_loss: 0.0868
epoch 151
train_loss: 0.0735
test_loss: 0.0866
epoch 152
train_loss: 0.0733
test_loss: 0.0865
epoch 153
train_loss: 0.0731
test_loss: 0.0863
epoch 154
train_loss: 0.0730
test_loss: 0.0862
epoch 155
train_loss: 0.0728
test_loss: 0.0860
epoch 156
train_loss: 0.0726
test_loss: 0.0859
epoch 157
train_loss: 0.0724
test_loss: 0.0857
epoch 158
train_loss: 0.0722
test_loss: 0.0856
epoch 159
train_loss: 0.0721
test_loss: 0.0854
epoch 160
train_loss: 0.0719
test_loss: 0.0853
epoch 161
train_loss: 0.0717
test_loss: 0.0851
epoch 162
train_loss: 0.0715
test_loss: 0.0850
epoch 163
train_loss: 0.0714
test_loss: 0.0848
epoch 164
train_loss: 0.0712
test_loss: 0.0847
epoch 165
train_loss: 0.0710
test_loss: 0.0846
epoch 166
train_loss: 0.0709
test_loss: 0.0844
epoch 167
train_loss: 0.0707
test_loss: 0.0843
epoch 168
train_loss: 0.0705
test_loss: 0.0841
epoch 169
train_loss: 0.0704
test_loss: 0.0840
epoch 170
train_loss: 0.0702
test_loss: 0.0839
epoch 171
train_loss: 0.0701
test_loss: 0.0837
epoch 172
train_loss: 0.0699
test_loss: 0.0836
epoch 173
train_loss: 0.0698
test_loss: 0.0835
epoch 174
train_loss: 0.0696
test_loss: 0.0834
epoch 175
train_loss: 0.0695
test_loss: 0.0832
epoch 176
train_loss: 0.0693
test_loss: 0.0831
epoch 177
train_loss: 0.0692
test_loss: 0.0830
epoch 178
train_loss: 0.0690
test_loss: 0.0829
epoch 179
train_loss: 0.0689
test_loss: 0.0828
epoch 180
train_loss: 0.0687
test_loss: 0.0827
epoch 181
train_loss: 0.0686
test_loss: 0.0825
epoch 182
train_loss: 0.0685
test_loss: 0.0824
epoch 183
train_loss: 0.0683
test_loss: 0.0823
epoch 184
train_loss: 0.0682
test_loss: 0.0822
epoch 185
train_loss: 0.0680
test_loss: 0.0821
epoch 186
train_loss: 0.0679
test_loss: 0.0820
epoch 187
train_loss: 0.0678
test_loss: 0.0819
epoch 188
train_loss: 0.0677
test_loss: 0.0818
epoch 189
train_loss: 0.0675
test_loss: 0.0817
epoch 190
train_loss: 0.0674
test_loss: 0.0816
epoch 191
train_loss: 0.0673
test_loss: 0.0815
epoch 192
train_loss: 0.0672
test_loss: 0.0814
epoch 193
train_loss: 0.0670
test_loss: 0.0813
epoch 194
train_loss: 0.0669
test_loss: 0.0812
epoch 195
train_loss: 0.0668
test_loss: 0.0811
epoch 196
train_loss: 0.0667
test_loss: 0.0810
epoch 197
train_loss: 0.0666
test_loss: 0.0809
epoch 198
train_loss: 0.0665
test_loss: 0.0809
epoch 199
train_loss: 0.0664
test_loss: 0.0808
epoch 200
train_loss: 0.0662
test_loss: 0.0807
epoch 201
train_loss: 0.0661
test_loss: 0.0806
epoch 202
train_loss: 0.0660
test_loss: 0.0805
epoch 203
train_loss: 0.0659
test_loss: 0.0804
epoch 204
train_loss: 0.0658
test_loss: 0.0804
epoch 205
train_loss: 0.0657
test_loss: 0.0803
epoch 206
train_loss: 0.0656
test_loss: 0.0802
epoch 207
train_loss: 0.0655
test_loss: 0.0801
epoch 208
train_loss: 0.0654
test_loss: 0.0800
epoch 209
train_loss: 0.0653
test_loss: 0.0800
epoch 210
train_loss: 0.0652
test_loss: 0.0799
epoch 211
train_loss: 0.0651
test_loss: 0.0798
epoch 212
train_loss: 0.0650
test_loss: 0.0798
epoch 213
train_loss: 0.0649
test_loss: 0.0797
epoch 214
train_loss: 0.0648
test_loss: 0.0797
epoch 215
train_loss: 0.0647
test_loss: 0.0796
epoch 216
train_loss: 0.0647
test_loss: 0.0795
epoch 217
train_loss: 0.0646
test_loss: 0.0795
epoch 218
train_loss: 0.0645
test_loss: 0.0794
epoch 219
train_loss: 0.0644
test_loss: 0.0793
epoch 220
train_loss: 0.0643
test_loss: 0.0793
epoch 221
train_loss: 0.0642
test_loss: 0.0792
epoch 222
train_loss: 0.0641
test_loss: 0.0792
epoch 223
train_loss: 0.0640
test_loss: 0.0791
epoch 224
train_loss: 0.0639
test_loss: 0.0791
epoch 225
train_loss: 0.0639
test_loss: 0.0790
epoch 226
train_loss: 0.0638
test_loss: 0.0789
epoch 227
train_loss: 0.0637
test_loss: 0.0789
epoch 228
train_loss: 0.0636
test_loss: 0.0788
epoch 229
train_loss: 0.0635
test_loss: 0.0788
epoch 230
train_loss: 0.0634
test_loss: 0.0787
epoch 231
train_loss: 0.0634
test_loss: 0.0787
epoch 232
train_loss: 0.0633
test_loss: 0.0787
epoch 233
train_loss: 0.0632
test_loss: 0.0786
epoch 234
train_loss: 0.0631
test_loss: 0.0786
epoch 235
train_loss: 0.0631
test_loss: 0.0785
epoch 236
train_loss: 0.0630
test_loss: 0.0785
epoch 237
train_loss: 0.0629
test_loss: 0.0784
epoch 238
train_loss: 0.0628
test_loss: 0.0784
epoch 239
train_loss: 0.0628
test_loss: 0.0784
epoch 240
train_loss: 0.0627
test_loss: 0.0783
epoch 241
train_loss: 0.0626
test_loss: 0.0783
epoch 242
train_loss: 0.0625
test_loss: 0.0782
epoch 243
train_loss: 0.0625
test_loss: 0.0782
epoch 244
train_loss: 0.0624
test_loss: 0.0782
epoch 245
train_loss: 0.0623
test_loss: 0.0781
epoch 246
train_loss: 0.0622
test_loss: 0.0781
epoch 247
train_loss: 0.0622
test_loss: 0.0780
epoch 248
train_loss: 0.0621
test_loss: 0.0780
epoch 249
train_loss: 0.0620
test_loss: 0.0780
epoch 250
train_loss: 0.0620
test_loss: 0.0779
epoch 251
train_loss: 0.0619
test_loss: 0.0779
epoch 252
train_loss: 0.0618
test_loss: 0.0779
epoch 253
train_loss: 0.0618
test_loss: 0.0778
epoch 254
train_loss: 0.0617
test_loss: 0.0778
epoch 255
train_loss: 0.0616
test_loss: 0.0778
epoch 256
train_loss: 0.0616
test_loss: 0.0777
epoch 257
train_loss: 0.0615
test_loss: 0.0777
epoch 258
train_loss: 0.0615
test_loss: 0.0776
epoch 259
train_loss: 0.0614
test_loss: 0.0776
epoch 260
train_loss: 0.0613
test_loss: 0.0775
epoch 261
train_loss: 0.0613
test_loss: 0.0775
epoch 262
train_loss: 0.0612
test_loss: 0.0775
epoch 263
train_loss: 0.0611
test_loss: 0.0774
epoch 264
train_loss: 0.0611
test_loss: 0.0774
epoch 265
train_loss: 0.0610
test_loss: 0.0774
epoch 266
train_loss: 0.0610
test_loss: 0.0773
epoch 267
train_loss: 0.0609
test_loss: 0.0773
epoch 268
train_loss: 0.0609
test_loss: 0.0773
epoch 269
train_loss: 0.0608
test_loss: 0.0772
epoch 270
train_loss: 0.0607
test_loss: 0.0772
epoch 271
train_loss: 0.0607
test_loss: 0.0772
epoch 272
train_loss: 0.0606
test_loss: 0.0772
epoch 273
train_loss: 0.0606
test_loss: 0.0771
epoch 274
train_loss: 0.0605
test_loss: 0.0771
epoch 275
train_loss: 0.0605
test_loss: 0.0771
epoch 276
train_loss: 0.0604
test_loss: 0.0771
epoch 277
train_loss: 0.0604
test_loss: 0.0770
epoch 278
train_loss: 0.0603
test_loss: 0.0770
epoch 279
train_loss: 0.0602
test_loss: 0.0770
epoch 280
train_loss: 0.0602
test_loss: 0.0769
epoch 281
train_loss: 0.0601
test_loss: 0.0769
epoch 282
train_loss: 0.0601
test_loss: 0.0768
epoch 283
train_loss: 0.0600
test_loss: 0.0768
epoch 284
train_loss: 0.0600
test_loss: 0.0768
epoch 285
train_loss: 0.0599
test_loss: 0.0767
epoch 286
train_loss: 0.0599
test_loss: 0.0767
epoch 287
train_loss: 0.0598
test_loss: 0.0767
epoch 288
train_loss: 0.0598
test_loss: 0.0766
epoch 289
train_loss: 0.0597
test_loss: 0.0766
epoch 290
train_loss: 0.0597
test_loss: 0.0766
epoch 291
train_loss: 0.0596
test_loss: 0.0766
epoch 292
train_loss: 0.0596
test_loss: 0.0765
epoch 293
train_loss: 0.0595
test_loss: 0.0765
epoch 294
train_loss: 0.0595
test_loss: 0.0764
epoch 295
train_loss: 0.0594
test_loss: 0.0764
epoch 296
train_loss: 0.0594
test_loss: 0.0764
epoch 297
train_loss: 0.0593
test_loss: 0.0764
epoch 298
train_loss: 0.0593
test_loss: 0.0763
epoch 299
train_loss: 0.0592
test_loss: 0.0763
epoch 300
train_loss: 0.0592
test_loss: 0.0763
epoch 301
train_loss: 0.0591
test_loss: 0.0762
epoch 302
train_loss: 0.0591
test_loss: 0.0762
epoch 303
train_loss: 0.0590
test_loss: 0.0762
epoch 304
train_loss: 0.0590
test_loss: 0.0762
epoch 305
train_loss: 0.0589
test_loss: 0.0762
epoch 306
train_loss: 0.0589
test_loss: 0.0761
epoch 307
train_loss: 0.0588
test_loss: 0.0761
epoch 308
train_loss: 0.0588
test_loss: 0.0761
epoch 309
train_loss: 0.0587
test_loss: 0.0761
epoch 310
train_loss: 0.0587
test_loss: 0.0761
epoch 311
train_loss: 0.0586
test_loss: 0.0761
epoch 312
train_loss: 0.0586
test_loss: 0.0760
epoch 313
train_loss: 0.0585
test_loss: 0.0760
epoch 314
train_loss: 0.0585
test_loss: 0.0760
epoch 315
train_loss: 0.0584
test_loss: 0.0760
epoch 316
train_loss: 0.0584
test_loss: 0.0759
epoch 317
train_loss: 0.0584
test_loss: 0.0759
epoch 318
train_loss: 0.0583
test_loss: 0.0759
epoch 319
train_loss: 0.0583
test_loss: 0.0759
epoch 320
train_loss: 0.0582
test_loss: 0.0759
epoch 321
train_loss: 0.0582
test_loss: 0.0759
epoch 322
train_loss: 0.0581
test_loss: 0.0758
epoch 323
train_loss: 0.0581
test_loss: 0.0758
epoch 324
train_loss: 0.0580
test_loss: 0.0758
epoch 325
train_loss: 0.0580
test_loss: 0.0757
epoch 326
train_loss: 0.0580
test_loss: 0.0757
epoch 327
train_loss: 0.0579
test_loss: 0.0757
epoch 328
train_loss: 0.0579
test_loss: 0.0757
epoch 329
train_loss: 0.0578
test_loss: 0.0756
epoch 330
train_loss: 0.0578
test_loss: 0.0756
epoch 331
train_loss: 0.0578
test_loss: 0.0756
epoch 332
train_loss: 0.0577
test_loss: 0.0756
epoch 333
train_loss: 0.0577
test_loss: 0.0755
epoch 334
train_loss: 0.0576
test_loss: 0.0755
epoch 335
train_loss: 0.0576
test_loss: 0.0755
epoch 336
train_loss: 0.0575
test_loss: 0.0755
epoch 337
train_loss: 0.0575
test_loss: 0.0755
epoch 338
train_loss: 0.0575
test_loss: 0.0754
epoch 339
train_loss: 0.0574
test_loss: 0.0754
epoch 340
train_loss: 0.0574
test_loss: 0.0754
epoch 341
train_loss: 0.0574
test_loss: 0.0754
epoch 342
train_loss: 0.0573
test_loss: 0.0754
epoch 343
train_loss: 0.0573
test_loss: 0.0753
epoch 344
train_loss: 0.0572
test_loss: 0.0753
epoch 345
train_loss: 0.0572
test_loss: 0.0753
epoch 346
train_loss: 0.0572
test_loss: 0.0752
epoch 347
train_loss: 0.0571
test_loss: 0.0752
epoch 348
train_loss: 0.0571
test_loss: 0.0752
epoch 349
train_loss: 0.0571
test_loss: 0.0752
epoch 350
train_loss: 0.0570
test_loss: 0.0752
epoch 351
train_loss: 0.0570
test_loss: 0.0751
epoch 352
train_loss: 0.0570
test_loss: 0.0751
epoch 353
train_loss: 0.0569
test_loss: 0.0751
epoch 354
train_loss: 0.0569
test_loss: 0.0751
epoch 355
train_loss: 0.0568
test_loss: 0.0751
epoch 356
train_loss: 0.0568
test_loss: 0.0750
epoch 357
train_loss: 0.0568
test_loss: 0.0750
epoch 358
train_loss: 0.0567
test_loss: 0.0750
epoch 359
train_loss: 0.0567
test_loss: 0.0750
epoch 360
train_loss: 0.0567
test_loss: 0.0749
epoch 361
train_loss: 0.0566
test_loss: 0.0749
epoch 362
train_loss: 0.0566
test_loss: 0.0749
epoch 363
train_loss: 0.0566
test_loss: 0.0749
epoch 364
train_loss: 0.0566
test_loss: 0.0748
epoch 365
train_loss: 0.0565
test_loss: 0.0748
epoch 366
train_loss: 0.0565
test_loss: 0.0748
epoch 367
train_loss: 0.0565
test_loss: 0.0748
epoch 368
train_loss: 0.0564
test_loss: 0.0748
epoch 369
train_loss: 0.0564
test_loss: 0.0748
epoch 370
train_loss: 0.0564
test_loss: 0.0747
epoch 371
train_loss: 0.0563
test_loss: 0.0747
epoch 372
train_loss: 0.0563
test_loss: 0.0747
epoch 373
train_loss: 0.0563
test_loss: 0.0747
epoch 374
train_loss: 0.0562
test_loss: 0.0747
epoch 375
train_loss: 0.0562
test_loss: 0.0746
epoch 376
train_loss: 0.0562
test_loss: 0.0746
epoch 377
train_loss: 0.0561
test_loss: 0.0746
epoch 378
train_loss: 0.0561
test_loss: 0.0746
epoch 379
train_loss: 0.0561
test_loss: 0.0746
epoch 380
train_loss: 0.0560
test_loss: 0.0745
epoch 381
train_loss: 0.0560
test_loss: 0.0745
epoch 382
train_loss: 0.0560
test_loss: 0.0745
epoch 383
train_loss: 0.0559
test_loss: 0.0745
epoch 384
train_loss: 0.0559
test_loss: 0.0745
epoch 385
train_loss: 0.0559
test_loss: 0.0744
epoch 386
train_loss: 0.0558
test_loss: 0.0744
epoch 387
train_loss: 0.0558
test_loss: 0.0744
epoch 388
train_loss: 0.0558
test_loss: 0.0744
epoch 389
train_loss: 0.0557
test_loss: 0.0744
epoch 390
train_loss: 0.0557
test_loss: 0.0744
epoch 391
train_loss: 0.0557
test_loss: 0.0743
epoch 392
train_loss: 0.0556
test_loss: 0.0743
epoch 393
train_loss: 0.0556
test_loss: 0.0743
epoch 394
train_loss: 0.0556
test_loss: 0.0743
epoch 395
train_loss: 0.0555
test_loss: 0.0742
epoch 396
train_loss: 0.0555
test_loss: 0.0742
epoch 397
train_loss: 0.0555
test_loss: 0.0742
epoch 398
train_loss: 0.0555
test_loss: 0.0742
epoch 399
train_loss: 0.0554
test_loss: 0.0741
epoch 400
train_loss: 0.0554
test_loss: 0.0741
epoch 401
train_loss: 0.0554
test_loss: 0.0741
epoch 402
train_loss: 0.0553
test_loss: 0.0741
epoch 403
train_loss: 0.0553
test_loss: 0.0740
epoch 404
train_loss: 0.0553
test_loss: 0.0740
epoch 405
train_loss: 0.0552
test_loss: 0.0740
epoch 406
train_loss: 0.0552
test_loss: 0.0740
epoch 407
train_loss: 0.0552
test_loss: 0.0740
epoch 408
train_loss: 0.0551
test_loss: 0.0740
epoch 409
train_loss: 0.0551
test_loss: 0.0739
epoch 410
train_loss: 0.0551
test_loss: 0.0739
epoch 411
train_loss: 0.0551
test_loss: 0.0739
epoch 412
train_loss: 0.0550
test_loss: 0.0739
epoch 413
train_loss: 0.0550
test_loss: 0.0739
epoch 414
train_loss: 0.0550
test_loss: 0.0739
epoch 415
train_loss: 0.0549
test_loss: 0.0739
epoch 416
train_loss: 0.0549
test_loss: 0.0739
epoch 417
train_loss: 0.0549
test_loss: 0.0738
epoch 418
train_loss: 0.0549
test_loss: 0.0738
epoch 419
train_loss: 0.0548
test_loss: 0.0738
epoch 420
train_loss: 0.0548
test_loss: 0.0738
epoch 421
train_loss: 0.0548
test_loss: 0.0737
epoch 422
train_loss: 0.0547
test_loss: 0.0738
epoch 423
train_loss: 0.0547
test_loss: 0.0737
epoch 424
train_loss: 0.0547
test_loss: 0.0737
epoch 425
train_loss: 0.0547
test_loss: 0.0737
epoch 426
train_loss: 0.0546
test_loss: 0.0737
epoch 427
train_loss: 0.0546
test_loss: 0.0737
epoch 428
train_loss: 0.0546
test_loss: 0.0736
epoch 429
train_loss: 0.0546
test_loss: 0.0736
epoch 430
train_loss: 0.0545
test_loss: 0.0736
epoch 431
train_loss: 0.0545
test_loss: 0.0736
epoch 432
train_loss: 0.0545
test_loss: 0.0736
epoch 433
train_loss: 0.0545
test_loss: 0.0735
epoch 434
train_loss: 0.0544
test_loss: 0.0736
epoch 435
train_loss: 0.0544
test_loss: 0.0735
epoch 436
train_loss: 0.0544
test_loss: 0.0735
epoch 437
train_loss: 0.0543
test_loss: 0.0735
epoch 438
train_loss: 0.0543
test_loss: 0.0735
epoch 439
train_loss: 0.0543
test_loss: 0.0735
epoch 440
train_loss: 0.0543
test_loss: 0.0735
epoch 441
train_loss: 0.0542
test_loss: 0.0735
epoch 442
train_loss: 0.0542
test_loss: 0.0735
epoch 443
train_loss: 0.0542
test_loss: 0.0735
epoch 444
train_loss: 0.0541
test_loss: 0.0734
epoch 445
train_loss: 0.0541
test_loss: 0.0734
epoch 446
train_loss: 0.0541
test_loss: 0.0734
epoch 447
train_loss: 0.0541
test_loss: 0.0734
epoch 448
train_loss: 0.0540
test_loss: 0.0734
epoch 449
train_loss: 0.0540
test_loss: 0.0734
epoch 450
train_loss: 0.0540
test_loss: 0.0734
epoch 451
train_loss: 0.0540
test_loss: 0.0733
epoch 452
train_loss: 0.0539
test_loss: 0.0733
epoch 453
train_loss: 0.0539
test_loss: 0.0733
epoch 454
train_loss: 0.0539
test_loss: 0.0733
epoch 455
train_loss: 0.0538
test_loss: 0.0733
epoch 456
train_loss: 0.0538
test_loss: 0.0733
epoch 457
train_loss: 0.0538
test_loss: 0.0733
epoch 458
train_loss: 0.0538
test_loss: 0.0732
epoch 459
train_loss: 0.0537
test_loss: 0.0732
epoch 460
train_loss: 0.0537
test_loss: 0.0732
epoch 461
train_loss: 0.0537
test_loss: 0.0732
epoch 462
train_loss: 0.0537
test_loss: 0.0732
epoch 463
train_loss: 0.0536
test_loss: 0.0732
epoch 464
train_loss: 0.0536
test_loss: 0.0732
epoch 465
train_loss: 0.0536
test_loss: 0.0732
epoch 466
train_loss: 0.0536
test_loss: 0.0732
epoch 467
train_loss: 0.0535
test_loss: 0.0732
epoch 468
train_loss: 0.0535
test_loss: 0.0732
epoch 469
train_loss: 0.0535
test_loss: 0.0732
epoch 470
train_loss: 0.0534
test_loss: 0.0731
epoch 471
train_loss: 0.0534
test_loss: 0.0732
epoch 472
train_loss: 0.0534
test_loss: 0.0731
epoch 473
train_loss: 0.0534
test_loss: 0.0732
epoch 474
train_loss: 0.0533
test_loss: 0.0731
epoch 475
train_loss: 0.0533
test_loss: 0.0731
epoch 476
train_loss: 0.0533
test_loss: 0.0731
epoch 477
train_loss: 0.0533
test_loss: 0.0731
epoch 478
train_loss: 0.0532
test_loss: 0.0731
epoch 479
train_loss: 0.0532
test_loss: 0.0731
epoch 480
train_loss: 0.0532
test_loss: 0.0731
epoch 481
train_loss: 0.0532
test_loss: 0.0731
epoch 482
train_loss: 0.0531
test_loss: 0.0731
epoch 483
train_loss: 0.0531
test_loss: 0.0731
epoch 484
train_loss: 0.0531
test_loss: 0.0731
epoch 485
train_loss: 0.0531
test_loss: 0.0731
epoch 486
train_loss: 0.0530
test_loss: 0.0731
epoch 487
train_loss: 0.0530
test_loss: 0.0730
epoch 488
train_loss: 0.0530
test_loss: 0.0730
epoch 489
train_loss: 0.0530
test_loss: 0.0730
epoch 490
train_loss: 0.0529
test_loss: 0.0730
epoch 491
train_loss: 0.0529
test_loss: 0.0730
epoch 492
train_loss: 0.0529
test_loss: 0.0730
epoch 493
train_loss: 0.0529
test_loss: 0.0730
epoch 494
train_loss: 0.0528
test_loss: 0.0730
epoch 495
train_loss: 0.0528
test_loss: 0.0730
epoch 496
train_loss: 0.0528
test_loss: 0.0730
epoch 497
train_loss: 0.0528
test_loss: 0.0730
epoch 498
train_loss: 0.0527
test_loss: 0.0730
epoch 499
train_loss: 0.0527
test_loss: 0.0729
epoch 500
train_loss: 0.0527
test_loss: 0.0729
epoch 501
train_loss: 0.0527
test_loss: 0.0729
epoch 502
train_loss: 0.0527
test_loss: 0.0729
epoch 503
train_loss: 0.0526
test_loss: 0.0729
epoch 504
train_loss: 0.0526
test_loss: 0.0729
epoch 505
train_loss: 0.0526
test_loss: 0.0729
epoch 506
train_loss: 0.0526
test_loss: 0.0729
epoch 507
train_loss: 0.0525
test_loss: 0.0728
epoch 508
train_loss: 0.0525
test_loss: 0.0728
epoch 509
train_loss: 0.0525
test_loss: 0.0728
epoch 510
train_loss: 0.0525
test_loss: 0.0728
epoch 511
train_loss: 0.0524
test_loss: 0.0728
epoch 512
train_loss: 0.0524
test_loss: 0.0728
epoch 513
train_loss: 0.0524
test_loss: 0.0728
epoch 514
train_loss: 0.0524
test_loss: 0.0728
epoch 515
train_loss: 0.0523
test_loss: 0.0728
epoch 516
train_loss: 0.0523
test_loss: 0.0727
epoch 517
train_loss: 0.0523
test_loss: 0.0727
epoch 518
train_loss: 0.0523
test_loss: 0.0727
epoch 519
train_loss: 0.0522
test_loss: 0.0727
epoch 520
train_loss: 0.0522
test_loss: 0.0727
epoch 521
train_loss: 0.0522
test_loss: 0.0727
epoch 522
train_loss: 0.0522
test_loss: 0.0727
epoch 523
train_loss: 0.0521
test_loss: 0.0727
epoch 524
train_loss: 0.0521
test_loss: 0.0727
epoch 525
train_loss: 0.0521
test_loss: 0.0727
epoch 526
train_loss: 0.0521
test_loss: 0.0727
epoch 527
train_loss: 0.0521
test_loss: 0.0727
epoch 528
train_loss: 0.0520
test_loss: 0.0727
epoch 529
train_loss: 0.0520
test_loss: 0.0726
epoch 530
train_loss: 0.0520
test_loss: 0.0726
epoch 531
train_loss: 0.0520
test_loss: 0.0727
epoch 532
train_loss: 0.0519
test_loss: 0.0726
epoch 533
train_loss: 0.0519
test_loss: 0.0726
epoch 534
train_loss: 0.0519
test_loss: 0.0726
epoch 535
train_loss: 0.0519
test_loss: 0.0726
epoch 536
train_loss: 0.0518
test_loss: 0.0726
epoch 537
train_loss: 0.0518
test_loss: 0.0726
epoch 538
train_loss: 0.0518
test_loss: 0.0726
epoch 539
train_loss: 0.0518
test_loss: 0.0726
epoch 540
train_loss: 0.0518
test_loss: 0.0726
epoch 541
train_loss: 0.0517
test_loss: 0.0726
epoch 542
train_loss: 0.0517
test_loss: 0.0726
epoch 543
train_loss: 0.0517
test_loss: 0.0726
epoch 544
train_loss: 0.0517
test_loss: 0.0726
epoch 545
train_loss: 0.0517
test_loss: 0.0726
epoch 546
train_loss: 0.0516
test_loss: 0.0726
epoch 547
train_loss: 0.0516
test_loss: 0.0725
epoch 548
train_loss: 0.0516
test_loss: 0.0725
epoch 549
train_loss: 0.0516
test_loss: 0.0725
epoch 550
train_loss: 0.0516
test_loss: 0.0725
epoch 551
train_loss: 0.0515
test_loss: 0.0725
epoch 552
train_loss: 0.0515
test_loss: 0.0725
epoch 553
train_loss: 0.0515
test_loss: 0.0725
epoch 554
train_loss: 0.0515
test_loss: 0.0725
epoch 555
train_loss: 0.0514
test_loss: 0.0725
epoch 556
train_loss: 0.0514
test_loss: 0.0725
epoch 557
train_loss: 0.0514
test_loss: 0.0725
epoch 558
train_loss: 0.0514
test_loss: 0.0725
epoch 559
train_loss: 0.0514
test_loss: 0.0725
epoch 560
train_loss: 0.0514
test_loss: 0.0725
epoch 561
train_loss: 0.0513
test_loss: 0.0725
epoch 562
train_loss: 0.0513
test_loss: 0.0725
epoch 563
train_loss: 0.0513
test_loss: 0.0724
epoch 564
train_loss: 0.0513
test_loss: 0.0725
epoch 565
train_loss: 0.0513
test_loss: 0.0724
epoch 566
train_loss: 0.0513
test_loss: 0.0725
epoch 567
train_loss: 0.0512
test_loss: 0.0724
epoch 568
train_loss: 0.0512
test_loss: 0.0724
epoch 569
train_loss: 0.0512
test_loss: 0.0724
epoch 570
train_loss: 0.0512
test_loss: 0.0724
epoch 571
train_loss: 0.0512
test_loss: 0.0724
epoch 572
train_loss: 0.0512
test_loss: 0.0724
epoch 573
train_loss: 0.0511
test_loss: 0.0724
epoch 574
train_loss: 0.0511
test_loss: 0.0723
epoch 575
train_loss: 0.0511
test_loss: 0.0724
epoch 576
train_loss: 0.0511
test_loss: 0.0724
epoch 577
train_loss: 0.0511
test_loss: 0.0723
epoch 578
train_loss: 0.0511
test_loss: 0.0723
epoch 579
train_loss: 0.0510
test_loss: 0.0723
epoch 580
train_loss: 0.0510
test_loss: 0.0723
epoch 581
train_loss: 0.0510
test_loss: 0.0723
epoch 582
train_loss: 0.0510
test_loss: 0.0723
epoch 583
train_loss: 0.0510
test_loss: 0.0723
epoch 584
train_loss: 0.0510
test_loss: 0.0723
epoch 585
train_loss: 0.0509
test_loss: 0.0723
epoch 586
train_loss: 0.0509
test_loss: 0.0722
epoch 587
train_loss: 0.0509
test_loss: 0.0722
epoch 588
train_loss: 0.0509
test_loss: 0.0722
epoch 589
train_loss: 0.0509
test_loss: 0.0722
epoch 590
train_loss: 0.0509
test_loss: 0.0722
epoch 591
train_loss: 0.0508
test_loss: 0.0722
epoch 592
train_loss: 0.0508
test_loss: 0.0722
epoch 593
train_loss: 0.0508
test_loss: 0.0722
epoch 594
train_loss: 0.0508
test_loss: 0.0722
epoch 595
train_loss: 0.0508
test_loss: 0.0721
epoch 596
train_loss: 0.0508
test_loss: 0.0721
epoch 597
train_loss: 0.0508
test_loss: 0.0721
epoch 598
train_loss: 0.0507
test_loss: 0.0721
epoch 599
train_loss: 0.0507
test_loss: 0.0721
epoch 600
train_loss: 0.0507
test_loss: 0.0721
epoch 601
train_loss: 0.0507
test_loss: 0.0721
epoch 602
train_loss: 0.0507
test_loss: 0.0721
epoch 603
train_loss: 0.0507
test_loss: 0.0721
epoch 604
train_loss: 0.0506
test_loss: 0.0721
epoch 605
train_loss: 0.0506
test_loss: 0.0720
epoch 606
train_loss: 0.0506
test_loss: 0.0720
epoch 607
train_loss: 0.0506
test_loss: 0.0721
epoch 608
train_loss: 0.0506
test_loss: 0.0720
epoch 609
train_loss: 0.0506
test_loss: 0.0720
epoch 610
train_loss: 0.0505
test_loss: 0.0720
epoch 611
train_loss: 0.0505
test_loss: 0.0720
epoch 612
train_loss: 0.0505
test_loss: 0.0720
epoch 613
train_loss: 0.0505
test_loss: 0.0720
epoch 614
train_loss: 0.0505
test_loss: 0.0720
epoch 615
train_loss: 0.0505
test_loss: 0.0720
epoch 616
train_loss: 0.0505
test_loss: 0.0720
epoch 617
train_loss: 0.0504
test_loss: 0.0720
epoch 618
train_loss: 0.0504
test_loss: 0.0720
epoch 619
train_loss: 0.0504
test_loss: 0.0720
epoch 620
train_loss: 0.0504
test_loss: 0.0720
epoch 621
train_loss: 0.0504
test_loss: 0.0720
epoch 622
train_loss: 0.0504
test_loss: 0.0719
epoch 623
train_loss: 0.0504
test_loss: 0.0719
epoch 624
train_loss: 0.0503
test_loss: 0.0719
epoch 625
train_loss: 0.0503
test_loss: 0.0719
epoch 626
train_loss: 0.0503
test_loss: 0.0719
epoch 627
train_loss: 0.0503
test_loss: 0.0719
epoch 628
train_loss: 0.0503
test_loss: 0.0719
epoch 629
train_loss: 0.0503
test_loss: 0.0719
epoch 630
train_loss: 0.0503
test_loss: 0.0719
epoch 631
train_loss: 0.0502
test_loss: 0.0719
epoch 632
train_loss: 0.0502
test_loss: 0.0719
epoch 633
train_loss: 0.0502
test_loss: 0.0719
epoch 634
train_loss: 0.0502
test_loss: 0.0719
epoch 635
train_loss: 0.0502
test_loss: 0.0719
epoch 636
train_loss: 0.0502
test_loss: 0.0719
epoch 637
train_loss: 0.0502
test_loss: 0.0718
epoch 638
train_loss: 0.0501
test_loss: 0.0718
epoch 639
train_loss: 0.0501
test_loss: 0.0718
epoch 640
train_loss: 0.0501
test_loss: 0.0718
epoch 641
train_loss: 0.0501
test_loss: 0.0718
epoch 642
train_loss: 0.0501
test_loss: 0.0718
epoch 643
train_loss: 0.0501
test_loss: 0.0718
epoch 644
train_loss: 0.0501
test_loss: 0.0718
epoch 645
train_loss: 0.0501
test_loss: 0.0718
epoch 646
train_loss: 0.0500
test_loss: 0.0718
epoch 647
train_loss: 0.0500
test_loss: 0.0718
epoch 648
train_loss: 0.0500
test_loss: 0.0718
epoch 649
train_loss: 0.0500
test_loss: 0.0718
epoch 650
train_loss: 0.0500
test_loss: 0.0717
epoch 651
train_loss: 0.0500
test_loss: 0.0718
epoch 652
train_loss: 0.0500
test_loss: 0.0717
epoch 653
train_loss: 0.0500
test_loss: 0.0717
epoch 654
train_loss: 0.0499
test_loss: 0.0717
epoch 655
train_loss: 0.0499
test_loss: 0.0717
epoch 656
train_loss: 0.0499
test_loss: 0.0717
epoch 657
train_loss: 0.0499
test_loss: 0.0717
epoch 658
train_loss: 0.0499
test_loss: 0.0717
epoch 659
train_loss: 0.0499
test_loss: 0.0717
epoch 660
train_loss: 0.0499
test_loss: 0.0717
epoch 661
train_loss: 0.0499
test_loss: 0.0717
epoch 662
train_loss: 0.0498
test_loss: 0.0716
epoch 663
train_loss: 0.0498
test_loss: 0.0717
epoch 664
train_loss: 0.0498
test_loss: 0.0716
epoch 665
train_loss: 0.0498
test_loss: 0.0716
epoch 666
train_loss: 0.0498
test_loss: 0.0716
epoch 667
train_loss: 0.0498
test_loss: 0.0716
epoch 668
train_loss: 0.0498
test_loss: 0.0716
epoch 669
train_loss: 0.0498
test_loss: 0.0716
epoch 670
train_loss: 0.0498
test_loss: 0.0716
epoch 671
train_loss: 0.0497
test_loss: 0.0716
epoch 672
train_loss: 0.0497
test_loss: 0.0716
epoch 673
train_loss: 0.0497
test_loss: 0.0716
epoch 674
train_loss: 0.0497
test_loss: 0.0716
epoch 675
train_loss: 0.0497
test_loss: 0.0716
epoch 676
train_loss: 0.0497
test_loss: 0.0716
epoch 677
train_loss: 0.0497
test_loss: 0.0715
epoch 678
train_loss: 0.0497
test_loss: 0.0716
epoch 679
train_loss: 0.0497
test_loss: 0.0715
epoch 680
train_loss: 0.0496
test_loss: 0.0715
epoch 681
train_loss: 0.0496
test_loss: 0.0715
epoch 682
train_loss: 0.0496
test_loss: 0.0715
epoch 683
train_loss: 0.0496
test_loss: 0.0715
epoch 684
train_loss: 0.0496
test_loss: 0.0715
epoch 685
train_loss: 0.0496
test_loss: 0.0715
epoch 686
train_loss: 0.0496
test_loss: 0.0715
epoch 687
train_loss: 0.0496
test_loss: 0.0715
epoch 688
train_loss: 0.0496
test_loss: 0.0715
epoch 689
train_loss: 0.0495
test_loss: 0.0715
epoch 690
train_loss: 0.0495
test_loss: 0.0714
epoch 691
train_loss: 0.0495
test_loss: 0.0715
epoch 692
train_loss: 0.0495
test_loss: 0.0714
epoch 693
train_loss: 0.0495
test_loss: 0.0714
epoch 694
train_loss: 0.0495
test_loss: 0.0714
epoch 695
train_loss: 0.0495
test_loss: 0.0715
epoch 696
train_loss: 0.0495
test_loss: 0.0714
epoch 697
train_loss: 0.0495
test_loss: 0.0714
epoch 698
train_loss: 0.0495
test_loss: 0.0714
epoch 699
train_loss: 0.0494
test_loss: 0.0714
epoch 700
train_loss: 0.0494
test_loss: 0.0714
epoch 701
train_loss: 0.0494
test_loss: 0.0714
epoch 702
train_loss: 0.0494
test_loss: 0.0714
epoch 703
train_loss: 0.0494
test_loss: 0.0714
epoch 704
train_loss: 0.0494
test_loss: 0.0714
epoch 705
train_loss: 0.0494
test_loss: 0.0714
epoch 706
train_loss: 0.0494
test_loss: 0.0714
epoch 707
train_loss: 0.0494
test_loss: 0.0714
epoch 708
train_loss: 0.0493
test_loss: 0.0714
epoch 709
train_loss: 0.0493
test_loss: 0.0713
epoch 710
train_loss: 0.0493
test_loss: 0.0714
epoch 711
train_loss: 0.0493
test_loss: 0.0714
epoch 712
train_loss: 0.0493
test_loss: 0.0714
epoch 713
train_loss: 0.0493
test_loss: 0.0713
epoch 714
train_loss: 0.0493
test_loss: 0.0713
epoch 715
train_loss: 0.0493
test_loss: 0.0713
epoch 716
train_loss: 0.0493
test_loss: 0.0713
epoch 717
train_loss: 0.0493
test_loss: 0.0713
epoch 718
train_loss: 0.0493
test_loss: 0.0713
epoch 719
train_loss: 0.0492
test_loss: 0.0713
epoch 720
train_loss: 0.0492
test_loss: 0.0713
epoch 721
train_loss: 0.0492
test_loss: 0.0713
epoch 722
train_loss: 0.0492
test_loss: 0.0713
epoch 723
train_loss: 0.0492
test_loss: 0.0713
epoch 724
train_loss: 0.0492
test_loss: 0.0713
epoch 725
train_loss: 0.0492
test_loss: 0.0712
epoch 726
train_loss: 0.0492
test_loss: 0.0712
epoch 727
train_loss: 0.0492
test_loss: 0.0712
epoch 728
train_loss: 0.0491
test_loss: 0.0712
epoch 729
train_loss: 0.0491
test_loss: 0.0712
epoch 730
train_loss: 0.0491
test_loss: 0.0712
epoch 731
train_loss: 0.0491
test_loss: 0.0712
epoch 732
train_loss: 0.0491
test_loss: 0.0712
epoch 733
train_loss: 0.0491
test_loss: 0.0712
epoch 734
train_loss: 0.0491
test_loss: 0.0712
epoch 735
train_loss: 0.0491
test_loss: 0.0712
epoch 736
train_loss: 0.0491
test_loss: 0.0712
epoch 737
train_loss: 0.0491
test_loss: 0.0712
epoch 738
train_loss: 0.0491
test_loss: 0.0712
epoch 739
train_loss: 0.0490
test_loss: 0.0712
epoch 740
train_loss: 0.0490
test_loss: 0.0712
epoch 741
train_loss: 0.0490
test_loss: 0.0712
epoch 742
train_loss: 0.0490
test_loss: 0.0712
epoch 743
train_loss: 0.0490
test_loss: 0.0712
epoch 744
train_loss: 0.0490
test_loss: 0.0712
epoch 745
train_loss: 0.0490
test_loss: 0.0712
epoch 746
train_loss: 0.0490
test_loss: 0.0712
epoch 747
train_loss: 0.0490
test_loss: 0.0711
epoch 748
train_loss: 0.0490
test_loss: 0.0711
epoch 749
train_loss: 0.0489
test_loss: 0.0711
epoch 750
train_loss: 0.0489
test_loss: 0.0711
epoch 751
train_loss: 0.0489
test_loss: 0.0711
epoch 752
train_loss: 0.0489
test_loss: 0.0712
epoch 753
train_loss: 0.0489
test_loss: 0.0711
epoch 754
train_loss: 0.0489
test_loss: 0.0711
epoch 755
train_loss: 0.0489
test_loss: 0.0711
epoch 756
train_loss: 0.0489
test_loss: 0.0711
epoch 757
train_loss: 0.0489
test_loss: 0.0711
epoch 758
train_loss: 0.0489
test_loss: 0.0711
epoch 759
train_loss: 0.0488
test_loss: 0.0711
epoch 760
train_loss: 0.0488
test_loss: 0.0711
epoch 761
train_loss: 0.0488
test_loss: 0.0711
epoch 762
train_loss: 0.0488
test_loss: 0.0711
epoch 763
train_loss: 0.0488
test_loss: 0.0711
epoch 764
train_loss: 0.0488
test_loss: 0.0711
epoch 765
train_loss: 0.0488
test_loss: 0.0711
epoch 766
train_loss: 0.0488
test_loss: 0.0711
epoch 767
train_loss: 0.0488
test_loss: 0.0711
epoch 768
train_loss: 0.0488
test_loss: 0.0711
epoch 769
train_loss: 0.0488
test_loss: 0.0711
epoch 770
train_loss: 0.0487
test_loss: 0.0711
epoch 771
train_loss: 0.0487
test_loss: 0.0711
epoch 772
train_loss: 0.0487
test_loss: 0.0711
epoch 773
train_loss: 0.0487
test_loss: 0.0711
epoch 774
train_loss: 0.0487
test_loss: 0.0711
epoch 775
train_loss: 0.0487
test_loss: 0.0711
epoch 776
train_loss: 0.0487
test_loss: 0.0711
epoch 777
train_loss: 0.0487
test_loss: 0.0710
epoch 778
train_loss: 0.0487
test_loss: 0.0711
epoch 779
train_loss: 0.0487
test_loss: 0.0710
epoch 780
train_loss: 0.0487
test_loss: 0.0710
epoch 781
train_loss: 0.0486
test_loss: 0.0710
epoch 782
train_loss: 0.0486
test_loss: 0.0710
epoch 783
train_loss: 0.0486
test_loss: 0.0710
epoch 784
train_loss: 0.0486
test_loss: 0.0710
epoch 785
train_loss: 0.0486
test_loss: 0.0710
epoch 786
train_loss: 0.0486
test_loss: 0.0710
epoch 787
train_loss: 0.0486
test_loss: 0.0710
epoch 788
train_loss: 0.0486
test_loss: 0.0710
epoch 789
train_loss: 0.0486
test_loss: 0.0710
epoch 790
train_loss: 0.0486
test_loss: 0.0710
epoch 791
train_loss: 0.0486
test_loss: 0.0710
epoch 792
train_loss: 0.0485
test_loss: 0.0710
epoch 793
train_loss: 0.0485
test_loss: 0.0710
epoch 794
train_loss: 0.0485
test_loss: 0.0710
epoch 795
train_loss: 0.0485
test_loss: 0.0710
epoch 796
train_loss: 0.0485
test_loss: 0.0710
epoch 797
train_loss: 0.0485
test_loss: 0.0710
epoch 798
train_loss: 0.0485
test_loss: 0.0710
epoch 799
train_loss: 0.0485
test_loss: 0.0710
epoch 800
train_loss: 0.0485
test_loss: 0.0710
epoch 801
train_loss: 0.0485
test_loss: 0.0710
epoch 802
train_loss: 0.0485
test_loss: 0.0710
epoch 803
train_loss: 0.0484
test_loss: 0.0710
epoch 804
train_loss: 0.0484
test_loss: 0.0710
epoch 805
train_loss: 0.0484
test_loss: 0.0709
epoch 806
train_loss: 0.0484
test_loss: 0.0709
epoch 807
train_loss: 0.0484
test_loss: 0.0710
epoch 808
train_loss: 0.0484
test_loss: 0.0709
epoch 809
train_loss: 0.0484
test_loss: 0.0709
epoch 810
train_loss: 0.0484
test_loss: 0.0709
epoch 811
train_loss: 0.0484
test_loss: 0.0709
epoch 812
train_loss: 0.0484
test_loss: 0.0709
epoch 813
train_loss: 0.0483
test_loss: 0.0709
epoch 814
train_loss: 0.0483
test_loss: 0.0709
epoch 815
train_loss: 0.0483
test_loss: 0.0708
epoch 816
train_loss: 0.0483
test_loss: 0.0709
epoch 817
train_loss: 0.0483
test_loss: 0.0708
epoch 818
train_loss: 0.0483
test_loss: 0.0708
epoch 819
train_loss: 0.0483
test_loss: 0.0708
epoch 820
train_loss: 0.0483
test_loss: 0.0708
epoch 821
train_loss: 0.0483
test_loss: 0.0708
epoch 822
train_loss: 0.0483
test_loss: 0.0708
epoch 823
train_loss: 0.0483
test_loss: 0.0708
epoch 824
train_loss: 0.0482
test_loss: 0.0708
epoch 825
train_loss: 0.0482
test_loss: 0.0708
epoch 826
train_loss: 0.0482
test_loss: 0.0708
epoch 827
train_loss: 0.0482
test_loss: 0.0708
epoch 828
train_loss: 0.0482
test_loss: 0.0708
epoch 829
train_loss: 0.0482
test_loss: 0.0708
epoch 830
train_loss: 0.0482
test_loss: 0.0708
epoch 831
train_loss: 0.0482
test_loss: 0.0707
epoch 832
train_loss: 0.0482
test_loss: 0.0707
epoch 833
train_loss: 0.0482
test_loss: 0.0707
epoch 834
train_loss: 0.0482
test_loss: 0.0707
epoch 835
train_loss: 0.0481
test_loss: 0.0707
epoch 836
train_loss: 0.0481
test_loss: 0.0707
epoch 837
train_loss: 0.0481
test_loss: 0.0707
epoch 838
train_loss: 0.0481
test_loss: 0.0707
epoch 839
train_loss: 0.0481
test_loss: 0.0707
epoch 840
train_loss: 0.0481
test_loss: 0.0707
epoch 841
train_loss: 0.0481
test_loss: 0.0707
epoch 842
train_loss: 0.0481
test_loss: 0.0707
epoch 843
train_loss: 0.0481
test_loss: 0.0707
epoch 844
train_loss: 0.0481
test_loss: 0.0707
epoch 845
train_loss: 0.0480
test_loss: 0.0707
epoch 846
train_loss: 0.0480
test_loss: 0.0707
epoch 847
train_loss: 0.0480
test_loss: 0.0707
epoch 848
train_loss: 0.0480
test_loss: 0.0706
epoch 849
train_loss: 0.0480
test_loss: 0.0706
epoch 850
train_loss: 0.0480
test_loss: 0.0706
epoch 851
train_loss: 0.0480
test_loss: 0.0706
epoch 852
train_loss: 0.0480
test_loss: 0.0706
epoch 853
train_loss: 0.0480
test_loss: 0.0706
epoch 854
train_loss: 0.0480
test_loss: 0.0706
epoch 855
train_loss: 0.0480
test_loss: 0.0706
epoch 856
train_loss: 0.0480
test_loss: 0.0706
epoch 857
train_loss: 0.0479
test_loss: 0.0705
epoch 858
train_loss: 0.0479
test_loss: 0.0705
epoch 859
train_loss: 0.0479
test_loss: 0.0705
epoch 860
train_loss: 0.0479
test_loss: 0.0705
epoch 861
train_loss: 0.0479
test_loss: 0.0705
epoch 862
train_loss: 0.0479
test_loss: 0.0705
epoch 863
train_loss: 0.0479
test_loss: 0.0705
epoch 864
train_loss: 0.0479
test_loss: 0.0705
epoch 865
train_loss: 0.0479
test_loss: 0.0705
epoch 866
train_loss: 0.0479
test_loss: 0.0705
epoch 867
train_loss: 0.0479
test_loss: 0.0705
epoch 868
train_loss: 0.0478
test_loss: 0.0705
epoch 869
train_loss: 0.0478
test_loss: 0.0705
epoch 870
train_loss: 0.0478
test_loss: 0.0705
epoch 871
train_loss: 0.0478
test_loss: 0.0705
epoch 872
train_loss: 0.0478
test_loss: 0.0704
epoch 873
train_loss: 0.0478
test_loss: 0.0704
epoch 874
train_loss: 0.0478
test_loss: 0.0705
epoch 875
train_loss: 0.0478
test_loss: 0.0704
epoch 876
train_loss: 0.0478
test_loss: 0.0704
epoch 877
train_loss: 0.0478
test_loss: 0.0704
epoch 878
train_loss: 0.0478
test_loss: 0.0704
epoch 879
train_loss: 0.0478
test_loss: 0.0704
epoch 880
train_loss: 0.0477
test_loss: 0.0704
epoch 881
train_loss: 0.0477
test_loss: 0.0704
epoch 882
train_loss: 0.0477
test_loss: 0.0704
epoch 883
train_loss: 0.0477
test_loss: 0.0704
epoch 884
train_loss: 0.0477
test_loss: 0.0704
epoch 885
train_loss: 0.0477
test_loss: 0.0704
epoch 886
train_loss: 0.0477
test_loss: 0.0704
epoch 887
train_loss: 0.0477
test_loss: 0.0703
epoch 888
train_loss: 0.0477
test_loss: 0.0703
epoch 889
train_loss: 0.0477
test_loss: 0.0703
epoch 890
train_loss: 0.0477
test_loss: 0.0703
epoch 891
train_loss: 0.0477
test_loss: 0.0703
epoch 892
train_loss: 0.0477
test_loss: 0.0703
epoch 893
train_loss: 0.0476
test_loss: 0.0703
epoch 894
train_loss: 0.0476
test_loss: 0.0703
epoch 895
train_loss: 0.0476
test_loss: 0.0703
epoch 896
train_loss: 0.0476
test_loss: 0.0703
epoch 897
train_loss: 0.0476
test_loss: 0.0703
epoch 898
train_loss: 0.0476
test_loss: 0.0703
epoch 899
train_loss: 0.0476
test_loss: 0.0703
epoch 900
train_loss: 0.0476
test_loss: 0.0702
epoch 901
train_loss: 0.0476
test_loss: 0.0702
epoch 902
train_loss: 0.0476
test_loss: 0.0702
epoch 903
train_loss: 0.0476
test_loss: 0.0702
epoch 904
train_loss: 0.0475
test_loss: 0.0702
epoch 905
train_loss: 0.0475
test_loss: 0.0702
epoch 906
train_loss: 0.0475
test_loss: 0.0702
epoch 907
train_loss: 0.0475
test_loss: 0.0702
epoch 908
train_loss: 0.0475
test_loss: 0.0702
epoch 909
train_loss: 0.0475
test_loss: 0.0702
epoch 910
train_loss: 0.0475
test_loss: 0.0702
epoch 911
train_loss: 0.0475
test_loss: 0.0702
epoch 912
train_loss: 0.0475
test_loss: 0.0701
epoch 913
train_loss: 0.0475
test_loss: 0.0701
epoch 914
train_loss: 0.0475
test_loss: 0.0701
epoch 915
train_loss: 0.0475
test_loss: 0.0701
epoch 916
train_loss: 0.0474
test_loss: 0.0701
epoch 917
train_loss: 0.0474
test_loss: 0.0701
epoch 918
train_loss: 0.0474
test_loss: 0.0701
epoch 919
train_loss: 0.0474
test_loss: 0.0701
epoch 920
train_loss: 0.0474
test_loss: 0.0701
epoch 921
train_loss: 0.0474
test_loss: 0.0701
epoch 922
train_loss: 0.0474
test_loss: 0.0701
epoch 923
train_loss: 0.0474
test_loss: 0.0701
epoch 924
train_loss: 0.0474
test_loss: 0.0701
epoch 925
train_loss: 0.0474
test_loss: 0.0701
epoch 926
train_loss: 0.0474
test_loss: 0.0700
epoch 927
train_loss: 0.0474
test_loss: 0.0700
epoch 928
train_loss: 0.0474
test_loss: 0.0701
epoch 929
train_loss: 0.0473
test_loss: 0.0700
epoch 930
train_loss: 0.0473
test_loss: 0.0700
epoch 931
train_loss: 0.0473
test_loss: 0.0700
epoch 932
train_loss: 0.0473
test_loss: 0.0700
epoch 933
train_loss: 0.0473
test_loss: 0.0700
epoch 934
train_loss: 0.0473
test_loss: 0.0700
epoch 935
train_loss: 0.0473
test_loss: 0.0700
epoch 936
train_loss: 0.0473
test_loss: 0.0700
epoch 937
train_loss: 0.0473
test_loss: 0.0700
epoch 938
train_loss: 0.0473
test_loss: 0.0700
epoch 939
train_loss: 0.0473
test_loss: 0.0700
epoch 940
train_loss: 0.0473
test_loss: 0.0699
epoch 941
train_loss: 0.0473
test_loss: 0.0699
epoch 942
train_loss: 0.0472
test_loss: 0.0699
epoch 943
train_loss: 0.0472
test_loss: 0.0699
epoch 944
train_loss: 0.0472
test_loss: 0.0699
epoch 945
train_loss: 0.0472
test_loss: 0.0699
epoch 946
train_loss: 0.0472
test_loss: 0.0699
epoch 947
train_loss: 0.0472
test_loss: 0.0699
epoch 948
train_loss: 0.0472
test_loss: 0.0699
epoch 949
train_loss: 0.0472
test_loss: 0.0699
epoch 950
train_loss: 0.0472
test_loss: 0.0699
epoch 951
train_loss: 0.0472
test_loss: 0.0699
epoch 952
train_loss: 0.0472
test_loss: 0.0699
epoch 953
train_loss: 0.0472
test_loss: 0.0698
epoch 954
train_loss: 0.0472
test_loss: 0.0698
epoch 955
train_loss: 0.0471
test_loss: 0.0698
epoch 956
train_loss: 0.0471
test_loss: 0.0698
epoch 957
train_loss: 0.0471
test_loss: 0.0698
epoch 958
train_loss: 0.0471
test_loss: 0.0698
epoch 959
train_loss: 0.0471
test_loss: 0.0698
epoch 960
train_loss: 0.0471
test_loss: 0.0698
epoch 961
train_loss: 0.0471
test_loss: 0.0698
epoch 962
train_loss: 0.0471
test_loss: 0.0698
epoch 963
train_loss: 0.0471
test_loss: 0.0698
epoch 964
train_loss: 0.0471
test_loss: 0.0698
epoch 965
train_loss: 0.0471
test_loss: 0.0697
epoch 966
train_loss: 0.0471
test_loss: 0.0698
epoch 967
train_loss: 0.0471
test_loss: 0.0697
epoch 968
train_loss: 0.0471
test_loss: 0.0697
epoch 969
train_loss: 0.0470
test_loss: 0.0697
epoch 970
train_loss: 0.0470
test_loss: 0.0697
epoch 971
train_loss: 0.0470
test_loss: 0.0697
epoch 972
train_loss: 0.0470
test_loss: 0.0697
epoch 973
train_loss: 0.0470
test_loss: 0.0697
epoch 974
train_loss: 0.0470
test_loss: 0.0697
epoch 975
train_loss: 0.0470
test_loss: 0.0697
epoch 976
train_loss: 0.0470
test_loss: 0.0697
epoch 977
train_loss: 0.0470
test_loss: 0.0697
epoch 978
train_loss: 0.0470
test_loss: 0.0697
epoch 979
train_loss: 0.0470
test_loss: 0.0697
epoch 980
train_loss: 0.0470
test_loss: 0.0697
epoch 981
train_loss: 0.0470
test_loss: 0.0697
epoch 982
train_loss: 0.0470
test_loss: 0.0697
epoch 983
train_loss: 0.0469
test_loss: 0.0697
epoch 984
train_loss: 0.0469
test_loss: 0.0697
epoch 985
train_loss: 0.0469
test_loss: 0.0696
epoch 986
train_loss: 0.0469
test_loss: 0.0696
epoch 987
train_loss: 0.0469
test_loss: 0.0696
epoch 988
train_loss: 0.0469
test_loss: 0.0696
epoch 989
train_loss: 0.0469
test_loss: 0.0696
/home/xueqiong/noise_injection_uncertainty/regression/utils.py:39: FutureWarning: The 'delim_whitespace' keyword in pd.read_csv is deprecated and will be removed in a future version. Use ``sep='\s+'`` instead
  return pd.read_csv(dataset_path, engine='python', header=None, delim_whitespace=True)
8 1
6554 1638 8192
model_name dropoutFCN
using Adam as optimizer
epoch 0
train_loss: 0.9101
Module: DropoutFullyConnectedNN
  Module: ModuleList
    Module: Linear
    Module: Linear
    Module: Linear
  Module: ModuleList
    Module: Dropout
dropout设置为训练模式
    Module: Dropout
dropout设置为训练模式
    Module: Dropout
dropout设置为训练模式
  Module: ReLU
test_loss: 0.8300
epoch 1
train_loss: 0.7409
Module: DropoutFullyConnectedNN
  Module: ModuleList
    Module: Linear
    Module: Linear
    Module: Linear
  Module: ModuleList
    Module: Dropout
dropout设置为训练模式
    Module: Dropout
dropout设置为训练模式
    Module: Dropout
dropout设置为训练模式
  Module: ReLU
test_loss: 0.6603
epoch 2
train_loss: 0.6048
Module: DropoutFullyConnectedNN
  Module: ModuleList
    Module: Linear
    Module: Linear
    Module: Linear
  Module: ModuleList
    Module: Dropout
dropout设置为训练模式
    Module: Dropout
dropout设置为训练模式
    Module: Dropout
dropout设置为训练模式
  Module: ReLU
test_loss: 0.5647
epoch 3
train_loss: 0.5399
Module: DropoutFullyConnectedNN
  Module: ModuleList
    Module: Linear
    Module: Linear
    Module: Linear
  Module: ModuleList
    Module: Dropout
dropout设置为训练模式
    Module: Dropout
dropout设置为训练模式
    Module: Dropout
dropout设置为训练模式
  Module: ReLU
test_loss: 0.5201
epoch 4
train_loss: 0.5032
Module: DropoutFullyConnectedNN
  Module: ModuleList
    Module: Linear
    Module: Linear
    Module: Linear
  Module: ModuleList
    Module: Dropout
dropout设置为训练模式
    Module: Dropout
dropout设置为训练模式
    Module: Dropout
dropout设置为训练模式
  Module: ReLU
test_loss: 0.4868
epoch 5
train_loss: 0.4749
Module: DropoutFullyConnectedNN
  Module: ModuleList
    Module: Linear
    Module: Linear
    Module: Linear
  Module: ModuleList
    Module: Dropout
dropout设置为训练模式
    Module: Dropout
dropout设置为训练模式
    Module: Dropout
dropout设置为训练模式
  Module: ReLU
test_loss: 0.4584
epoch 6
train_loss: 0.4477
Module: DropoutFullyConnectedNN
  Module: ModuleList
    Module: Linear
    Module: Linear
    Module: Linear
  Module: ModuleList
    Module: Dropout
dropout设置为训练模式
    Module: Dropout
dropout设置为训练模式
    Module: Dropout
dropout设置为训练模式
  Module: ReLU
test_loss: 0.4332
epoch 7
train_loss: 0.4302
Module: DropoutFullyConnectedNN
  Module: ModuleList
    Module: Linear
    Module: Linear
    Module: Linear
  Module: ModuleList
    Module: Dropout
dropout设置为训练模式
    Module: Dropout
dropout设置为训练模式
    Module: Dropout
dropout设置为训练模式
  Module: ReLU
test_loss: 0.4117
epoch 8
train_loss: 0.4067
Module: DropoutFullyConnectedNN
  Module: ModuleList
    Module: Linear
    Module: Linear
    Module: Linear
  Module: ModuleList
    Module: Dropout
dropout设置为训练模式
    Module: Dropout
dropout设置为训练模式
    Module: Dropout
dropout设置为训练模式
  Module: ReLU
test_loss: 0.3941
epoch 9
train_loss: 0.3909
Module: DropoutFullyConnectedNN
  Module: ModuleList
    Module: Linear
    Module: Linear
    Module: Linear
  Module: ModuleList
    Module: Dropout
dropout设置为训练模式
    Module: Dropout
dropout设置为训练模式
    Module: Dropout
dropout设置为训练模式
  Module: ReLU
test_loss: 0.3791
epoch 10
train_loss: 0.3748
Module: DropoutFullyConnectedNN
  Module: ModuleList
    Module: Linear
    Module: Linear
    Module: Linear
  Module: ModuleList
    Module: Dropout
dropout设置为训练模式
    Module: Dropout
dropout设置为训练模式
    Module: Dropout
dropout设置为训练模式
  Module: ReLU
test_loss: 0.3658
epoch 11
train_loss: 0.3670
Module: DropoutFullyConnectedNN
  Module: ModuleList
    Module: Linear
    Module: Linear
    Module: Linear
  Module: ModuleList
    Module: Dropout
dropout设置为训练模式
    Module: Dropout
dropout设置为训练模式
    Module: Dropout
dropout设置为训练模式
  Module: ReLU
test_loss: 0.3541
epoch 12
train_loss: 0.3523
Module: DropoutFullyConnectedNN
  Module: ModuleList
    Module: Linear
    Module: Linear
    Module: Linear
  Module: ModuleList
    Module: Dropout
dropout设置为训练模式
    Module: Dropout
dropout设置为训练模式
    Module: Dropout
dropout设置为训练模式
  Module: ReLU
test_loss: 0.3432
epoch 13
train_loss: 0.3426
Module: DropoutFullyConnectedNN
  Module: ModuleList
    Module: Linear
    Module: Linear
    Module: Linear
  Module: ModuleList
    Module: Dropout
dropout设置为训练模式
    Module: Dropout
dropout设置为训练模式
    Module: Dropout
dropout设置为训练模式
  Module: ReLU
test_loss: 0.3334
epoch 14
train_loss: 0.3349
Module: DropoutFullyConnectedNN
  Module: ModuleList
    Module: Linear
    Module: Linear
    Module: Linear
  Module: ModuleList
    Module: Dropout
dropout设置为训练模式
    Module: Dropout
dropout设置为训练模式
    Module: Dropout
dropout设置为训练模式
  Module: ReLU
test_loss: 0.3245
epoch 15
train_loss: 0.3254
Module: DropoutFullyConnectedNN
  Module: ModuleList
    Module: Linear
    Module: Linear
    Module: Linear
  Module: ModuleList
    Module: Dropout
dropout设置为训练模式
    Module: Dropout
dropout设置为训练模式
    Module: Dropout
dropout设置为训练模式
  Module: ReLU
test_loss: 0.3158
epoch 16
train_loss: 0.3164
Module: DropoutFullyConnectedNN
  Module: ModuleList
    Module: Linear
    Module: Linear
    Module: Linear
  Module: ModuleList
    Module: Dropout
dropout设置为训练模式
    Module: Dropout
dropout设置为训练模式
    Module: Dropout
dropout设置为训练模式
  Module: ReLU
test_loss: 0.3073
epoch 17
train_loss: 0.3149
Module: DropoutFullyConnectedNN
  Module: ModuleList
    Module: Linear
    Module: Linear
    Module: Linear
  Module: ModuleList
    Module: Dropout
dropout设置为训练模式
    Module: Dropout
dropout设置为训练模式
    Module: Dropout
dropout设置为训练模式
  Module: ReLU
test_loss: 0.2992
epoch 18
train_loss: 0.3030
Module: DropoutFullyConnectedNN
  Module: ModuleList
    Module: Linear
    Module: Linear
    Module: Linear
  Module: ModuleList
    Module: Dropout
dropout设置为训练模式
    Module: Dropout
dropout设置为训练模式
    Module: Dropout
dropout设置为训练模式
  Module: ReLU
test_loss: 0.2914
epoch 19
train_loss: 0.2956
Module: DropoutFullyConnectedNN
  Module: ModuleList
    Module: Linear
    Module: Linear
    Module: Linear
  Module: ModuleList
    Module: Dropout
dropout设置为训练模式
    Module: Dropout
dropout设置为训练模式
    Module: Dropout
dropout设置为训练模式
  Module: ReLU
test_loss: 0.2838
epoch 20
train_loss: 0.2876
Module: DropoutFullyConnectedNN
  Module: ModuleList
    Module: Linear
    Module: Linear
    Module: Linear
  Module: ModuleList
    Module: Dropout
dropout设置为训练模式
    Module: Dropout
dropout设置为训练模式
    Module: Dropout
dropout设置为训练模式
  Module: ReLU
test_loss: 0.2770
epoch 21
train_loss: 0.2818
Module: DropoutFullyConnectedNN
  Module: ModuleList
    Module: Linear
    Module: Linear
    Module: Linear
  Module: ModuleList
    Module: Dropout
dropout设置为训练模式
    Module: Dropout
dropout设置为训练模式
    Module: Dropout
dropout设置为训练模式
  Module: ReLU
test_loss: 0.2703
epoch 22
train_loss: 0.2760
Module: DropoutFullyConnectedNN
  Module: ModuleList
    Module: Linear
    Module: Linear
    Module: Linear
  Module: ModuleList
    Module: Dropout
dropout设置为训练模式
    Module: Dropout
dropout设置为训练模式
    Module: Dropout
dropout设置为训练模式
  Module: ReLU
test_loss: 0.2636
epoch 23
train_loss: 0.2658
Module: DropoutFullyConnectedNN
  Module: ModuleList
    Module: Linear
    Module: Linear
    Module: Linear
  Module: ModuleList
    Module: Dropout
dropout设置为训练模式
    Module: Dropout
dropout设置为训练模式
    Module: Dropout
dropout设置为训练模式
  Module: ReLU
test_loss: 0.2573
epoch 24
train_loss: 0.2627
Module: DropoutFullyConnectedNN
  Module: ModuleList
    Module: Linear
    Module: Linear
    Module: Linear
  Module: ModuleList
    Module: Dropout
dropout设置为训练模式
    Module: Dropout
dropout设置为训练模式
    Module: Dropout
dropout设置为训练模式
  Module: ReLU
test_loss: 0.2517
epoch 25
train_loss: 0.2571
Module: DropoutFullyConnectedNN
  Module: ModuleList
    Module: Linear
    Module: Linear
    Module: Linear
  Module: ModuleList
    Module: Dropout
dropout设置为训练模式
    Module: Dropout
dropout设置为训练模式
    Module: Dropout
dropout设置为训练模式
  Module: ReLU
test_loss: 0.2465
epoch 26
train_loss: 0.2513
Module: DropoutFullyConnectedNN
  Module: ModuleList
    Module: Linear
    Module: Linear
    Module: Linear
  Module: ModuleList
    Module: Dropout
dropout设置为训练模式
    Module: Dropout
dropout设置为训练模式
    Module: Dropout
dropout设置为训练模式
  Module: ReLU
test_loss: 0.2415
epoch 27
train_loss: 0.2492
Module: DropoutFullyConnectedNN
  Module: ModuleList
    Module: Linear
    Module: Linear
    Module: Linear
  Module: ModuleList
    Module: Dropout
dropout设置为训练模式
    Module: Dropout
dropout设置为训练模式
    Module: Dropout
dropout设置为训练模式
  Module: ReLU
test_loss: 0.2370
epoch 28
train_loss: 0.2450
Module: DropoutFullyConnectedNN
  Module: ModuleList
    Module: Linear
    Module: Linear
    Module: Linear
  Module: ModuleList
    Module: Dropout
dropout设置为训练模式
    Module: Dropout
dropout设置为训练模式
    Module: Dropout
dropout设置为训练模式
  Module: ReLU
test_loss: 0.2321
epoch 29
train_loss: 0.2401
Module: DropoutFullyConnectedNN
  Module: ModuleList
    Module: Linear
    Module: Linear
    Module: Linear
  Module: ModuleList
    Module: Dropout
dropout设置为训练模式
    Module: Dropout
dropout设置为训练模式
    Module: Dropout
dropout设置为训练模式
  Module: ReLU
test_loss: 0.2279
epoch 30
train_loss: 0.2356
Module: DropoutFullyConnectedNN
  Module: ModuleList
    Module: Linear
    Module: Linear
    Module: Linear
  Module: ModuleList
    Module: Dropout
dropout设置为训练模式
    Module: Dropout
dropout设置为训练模式
    Module: Dropout
dropout设置为训练模式
  Module: ReLU
test_loss: 0.2235
epoch 31
train_loss: 0.2320
Module: DropoutFullyConnectedNN
  Module: ModuleList
    Module: Linear
    Module: Linear
    Module: Linear
  Module: ModuleList
    Module: Dropout
dropout设置为训练模式
    Module: Dropout
dropout设置为训练模式
    Module: Dropout
dropout设置为训练模式
  Module: ReLU
test_loss: 0.2201
epoch 32
train_loss: 0.2314
Module: DropoutFullyConnectedNN
  Module: ModuleList
    Module: Linear
    Module: Linear
    Module: Linear
  Module: ModuleList
    Module: Dropout
dropout设置为训练模式
    Module: Dropout
dropout设置为训练模式
    Module: Dropout
dropout设置为训练模式
  Module: ReLU
test_loss: 0.2162
epoch 33
train_loss: 0.2247
Module: DropoutFullyConnectedNN
  Module: ModuleList
    Module: Linear
    Module: Linear
    Module: Linear
  Module: ModuleList
    Module: Dropout
dropout设置为训练模式
    Module: Dropout
dropout设置为训练模式
    Module: Dropout
dropout设置为训练模式
  Module: ReLU
test_loss: 0.2126
epoch 34
train_loss: 0.2228
Module: DropoutFullyConnectedNN
  Module: ModuleList
    Module: Linear
    Module: Linear
    Module: Linear
  Module: ModuleList
    Module: Dropout
dropout设置为训练模式
    Module: Dropout
dropout设置为训练模式
    Module: Dropout
dropout设置为训练模式
  Module: ReLU
test_loss: 0.2091
epoch 35
train_loss: 0.2198
Module: DropoutFullyConnectedNN
  Module: ModuleList
    Module: Linear
    Module: Linear
    Module: Linear
  Module: ModuleList
    Module: Dropout
dropout设置为训练模式
    Module: Dropout
dropout设置为训练模式
    Module: Dropout
dropout设置为训练模式
  Module: ReLU
test_loss: 0.2061
epoch 36
train_loss: 0.2150
Module: DropoutFullyConnectedNN
  Module: ModuleList
    Module: Linear
    Module: Linear
    Module: Linear
  Module: ModuleList
    Module: Dropout
dropout设置为训练模式
    Module: Dropout
dropout设置为训练模式
    Module: Dropout
dropout设置为训练模式
  Module: ReLU
test_loss: 0.2032
epoch 37
train_loss: 0.2153
Module: DropoutFullyConnectedNN
  Module: ModuleList
    Module: Linear
    Module: Linear
    Module: Linear
  Module: ModuleList
    Module: Dropout
dropout设置为训练模式
    Module: Dropout
dropout设置为训练模式
    Module: Dropout
dropout设置为训练模式
  Module: ReLU
test_loss: 0.1998
epoch 38
train_loss: 0.2105
Module: DropoutFullyConnectedNN
  Module: ModuleList
    Module: Linear
    Module: Linear
    Module: Linear
  Module: ModuleList
    Module: Dropout
dropout设置为训练模式
    Module: Dropout
dropout设置为训练模式
    Module: Dropout
dropout设置为训练模式
  Module: ReLU
test_loss: 0.1977
epoch 39
train_loss: 0.2092
Module: DropoutFullyConnectedNN
  Module: ModuleList
    Module: Linear
    Module: Linear
    Module: Linear
  Module: ModuleList
    Module: Dropout
dropout设置为训练模式
    Module: Dropout
dropout设置为训练模式
    Module: Dropout
dropout设置为训练模式
  Module: ReLU
test_loss: 0.1954
epoch 40
train_loss: 0.2063
Module: DropoutFullyConnectedNN
  Module: ModuleList
    Module: Linear
    Module: Linear
    Module: Linear
  Module: ModuleList
    Module: Dropout
dropout设置为训练模式
    Module: Dropout
dropout设置为训练模式
    Module: Dropout
dropout设置为训练模式
  Module: ReLU
test_loss: 0.1917
epoch 41
train_loss: 0.2022
Module: DropoutFullyConnectedNN
  Module: ModuleList
    Module: Linear
    Module: Linear
    Module: Linear
  Module: ModuleList
    Module: Dropout
dropout设置为训练模式
    Module: Dropout
dropout设置为训练模式
    Module: Dropout
dropout设置为训练模式
  Module: ReLU
test_loss: 0.1889
epoch 42
train_loss: 0.1988
Module: DropoutFullyConnectedNN
  Module: ModuleList
    Module: Linear
    Module: Linear
    Module: Linear
  Module: ModuleList
    Module: Dropout
dropout设置为训练模式
    Module: Dropout
dropout设置为训练模式
    Module: Dropout
dropout设置为训练模式
  Module: ReLU
test_loss: 0.1867
epoch 43
train_loss: 0.2040
Module: DropoutFullyConnectedNN
  Module: ModuleList
    Module: Linear
    Module: Linear
    Module: Linear
  Module: ModuleList
    Module: Dropout
dropout设置为训练模式
    Module: Dropout
dropout设置为训练模式
    Module: Dropout
dropout设置为训练模式
  Module: ReLU
test_loss: 0.1848
epoch 44
train_loss: 0.1990
Module: DropoutFullyConnectedNN
  Module: ModuleList
    Module: Linear
    Module: Linear
    Module: Linear
  Module: ModuleList
    Module: Dropout
dropout设置为训练模式
    Module: Dropout
dropout设置为训练模式
    Module: Dropout
dropout设置为训练模式
  Module: ReLU
test_loss: 0.1833
epoch 45
train_loss: 0.1939
Module: DropoutFullyConnectedNN
  Module: ModuleList
    Module: Linear
    Module: Linear
    Module: Linear
  Module: ModuleList
    Module: Dropout
dropout设置为训练模式
    Module: Dropout
dropout设置为训练模式
    Module: Dropout
dropout设置为训练模式
  Module: ReLU
test_loss: 0.1800
epoch 46
train_loss: 0.1934
Module: DropoutFullyConnectedNN
  Module: ModuleList
    Module: Linear
    Module: Linear
    Module: Linear
  Module: ModuleList
    Module: Dropout
dropout设置为训练模式
    Module: Dropout
dropout设置为训练模式
    Module: Dropout
dropout设置为训练模式
  Module: ReLU
test_loss: 0.1782
epoch 47
train_loss: 0.1964
Module: DropoutFullyConnectedNN
  Module: ModuleList
    Module: Linear
    Module: Linear
    Module: Linear
  Module: ModuleList
    Module: Dropout
dropout设置为训练模式
    Module: Dropout
dropout设置为训练模式
    Module: Dropout
dropout设置为训练模式
  Module: ReLU
test_loss: 0.1756
epoch 48
train_loss: 0.1921
Module: DropoutFullyConnectedNN
  Module: ModuleList
    Module: Linear
    Module: Linear
    Module: Linear
  Module: ModuleList
    Module: Dropout
dropout设置为训练模式
    Module: Dropout
dropout设置为训练模式
    Module: Dropout
dropout设置为训练模式
  Module: ReLU
test_loss: 0.1740
epoch 49
train_loss: 0.1870
Module: DropoutFullyConnectedNN
  Module: ModuleList
    Module: Linear
    Module: Linear
    Module: Linear
  Module: ModuleList
    Module: Dropout
dropout设置为训练模式
    Module: Dropout
dropout设置为训练模式
    Module: Dropout
dropout设置为训练模式
  Module: ReLU
test_loss: 0.1725
epoch 50
train_loss: 0.1886
Module: DropoutFullyConnectedNN
  Module: ModuleList
    Module: Linear
    Module: Linear
    Module: Linear
  Module: ModuleList
    Module: Dropout
dropout设置为训练模式
    Module: Dropout
dropout设置为训练模式
    Module: Dropout
dropout设置为训练模式
  Module: ReLU
test_loss: 0.1704
epoch 51
train_loss: 0.1854
Module: DropoutFullyConnectedNN
  Module: ModuleList
    Module: Linear
    Module: Linear
    Module: Linear
  Module: ModuleList
    Module: Dropout
dropout设置为训练模式
    Module: Dropout
dropout设置为训练模式
    Module: Dropout
dropout设置为训练模式
  Module: ReLU
test_loss: 0.1690
epoch 52
train_loss: 0.1842
Module: DropoutFullyConnectedNN
  Module: ModuleList
    Module: Linear
    Module: Linear
    Module: Linear
  Module: ModuleList
    Module: Dropout
dropout设置为训练模式
    Module: Dropout
dropout设置为训练模式
    Module: Dropout
dropout设置为训练模式
  Module: ReLU
test_loss: 0.1668
epoch 53
train_loss: 0.1819
Module: DropoutFullyConnectedNN
  Module: ModuleList
    Module: Linear
    Module: Linear
    Module: Linear
  Module: ModuleList
    Module: Dropout
dropout设置为训练模式
    Module: Dropout
dropout设置为训练模式
    Module: Dropout
dropout设置为训练模式
  Module: ReLU
test_loss: 0.1648
epoch 54
train_loss: 0.1800
Module: DropoutFullyConnectedNN
  Module: ModuleList
    Module: Linear
    Module: Linear
    Module: Linear
  Module: ModuleList
    Module: Dropout
dropout设置为训练模式
    Module: Dropout
dropout设置为训练模式
    Module: Dropout
dropout设置为训练模式
  Module: ReLU
test_loss: 0.1636
epoch 55
train_loss: 0.1811
Module: DropoutFullyConnectedNN
  Module: ModuleList
    Module: Linear
    Module: Linear
    Module: Linear
  Module: ModuleList
    Module: Dropout
dropout设置为训练模式
    Module: Dropout
dropout设置为训练模式
    Module: Dropout
dropout设置为训练模式
  Module: ReLU
test_loss: 0.1618
epoch 56
train_loss: 0.1736
Module: DropoutFullyConnectedNN
  Module: ModuleList
    Module: Linear
    Module: Linear
    Module: Linear
  Module: ModuleList
    Module: Dropout
dropout设置为训练模式
    Module: Dropout
dropout设置为训练模式
    Module: Dropout
dropout设置为训练模式
  Module: ReLU
test_loss: 0.1602
epoch 57
train_loss: 0.1775
Module: DropoutFullyConnectedNN
  Module: ModuleList
    Module: Linear
    Module: Linear
    Module: Linear
  Module: ModuleList
    Module: Dropout
dropout设置为训练模式
    Module: Dropout
dropout设置为训练模式
    Module: Dropout
dropout设置为训练模式
  Module: ReLU
test_loss: 0.1590
epoch 58
train_loss: 0.1717
Module: DropoutFullyConnectedNN
  Module: ModuleList
    Module: Linear
    Module: Linear
    Module: Linear
  Module: ModuleList
    Module: Dropout
dropout设置为训练模式
    Module: Dropout
dropout设置为训练模式
    Module: Dropout
dropout设置为训练模式
  Module: ReLU
test_loss: 0.1575
epoch 59
train_loss: 0.1761
Module: DropoutFullyConnectedNN
  Module: ModuleList
    Module: Linear
    Module: Linear
    Module: Linear
  Module: ModuleList
    Module: Dropout
dropout设置为训练模式
    Module: Dropout
dropout设置为训练模式
    Module: Dropout
dropout设置为训练模式
  Module: ReLU
test_loss: 0.1559
epoch 60
train_loss: 0.1680
Module: DropoutFullyConnectedNN
  Module: ModuleList
    Module: Linear
    Module: Linear
    Module: Linear
  Module: ModuleList
    Module: Dropout
dropout设置为训练模式
    Module: Dropout
dropout设置为训练模式
    Module: Dropout
dropout设置为训练模式
  Module: ReLU
test_loss: 0.1544
epoch 61
train_loss: 0.1719
Module: DropoutFullyConnectedNN
  Module: ModuleList
    Module: Linear
    Module: Linear
    Module: Linear
  Module: ModuleList
    Module: Dropout
dropout设置为训练模式
    Module: Dropout
dropout设置为训练模式
    Module: Dropout
dropout设置为训练模式
  Module: ReLU
test_loss: 0.1542
epoch 62
train_loss: 0.1659
Module: DropoutFullyConnectedNN
  Module: ModuleList
    Module: Linear
    Module: Linear
    Module: Linear
  Module: ModuleList
    Module: Dropout
dropout设置为训练模式
    Module: Dropout
dropout设置为训练模式
    Module: Dropout
dropout设置为训练模式
  Module: ReLU
test_loss: 0.1520
epoch 63
train_loss: 0.1665
Module: DropoutFullyConnectedNN
  Module: ModuleList
    Module: Linear
    Module: Linear
    Module: Linear
  Module: ModuleList
    Module: Dropout
dropout设置为训练模式
    Module: Dropout
dropout设置为训练模式
    Module: Dropout
dropout设置为训练模式
  Module: ReLU
test_loss: 0.1507
epoch 64
train_loss: 0.1698
Module: DropoutFullyConnectedNN
  Module: ModuleList
    Module: Linear
    Module: Linear
    Module: Linear
  Module: ModuleList
    Module: Dropout
dropout设置为训练模式
    Module: Dropout
dropout设置为训练模式
    Module: Dropout
dropout设置为训练模式
  Module: ReLU
test_loss: 0.1494
epoch 65
train_loss: 0.1668
Module: DropoutFullyConnectedNN
  Module: ModuleList
    Module: Linear
    Module: Linear
    Module: Linear
  Module: ModuleList
    Module: Dropout
dropout设置为训练模式
    Module: Dropout
dropout设置为训练模式
    Module: Dropout
dropout设置为训练模式
  Module: ReLU
test_loss: 0.1482
epoch 66
train_loss: 0.1623
Module: DropoutFullyConnectedNN
  Module: ModuleList
    Module: Linear
    Module: Linear
    Module: Linear
  Module: ModuleList
    Module: Dropout
dropout设置为训练模式
    Module: Dropout
dropout设置为训练模式
    Module: Dropout
dropout设置为训练模式
  Module: ReLU
test_loss: 0.1478
epoch 67
train_loss: 0.1630
Module: DropoutFullyConnectedNN
  Module: ModuleList
    Module: Linear
    Module: Linear
    Module: Linear
  Module: ModuleList
    Module: Dropout
dropout设置为训练模式
    Module: Dropout
dropout设置为训练模式
    Module: Dropout
dropout设置为训练模式
  Module: ReLU
test_loss: 0.1467
epoch 68
train_loss: 0.1638
Module: DropoutFullyConnectedNN
  Module: ModuleList
    Module: Linear
    Module: Linear
    Module: Linear
  Module: ModuleList
    Module: Dropout
dropout设置为训练模式
    Module: Dropout
dropout设置为训练模式
    Module: Dropout
dropout设置为训练模式
  Module: ReLU
test_loss: 0.1457
epoch 69
train_loss: 0.1619
Module: DropoutFullyConnectedNN
  Module: ModuleList
    Module: Linear
    Module: Linear
    Module: Linear
  Module: ModuleList
    Module: Dropout
dropout设置为训练模式
    Module: Dropout
dropout设置为训练模式
    Module: Dropout
dropout设置为训练模式
  Module: ReLU
test_loss: 0.1436
epoch 70
train_loss: 0.1621
Module: DropoutFullyConnectedNN
  Module: ModuleList
    Module: Linear
    Module: Linear
    Module: Linear
  Module: ModuleList
    Module: Dropout
dropout设置为训练模式
    Module: Dropout
dropout设置为训练模式
    Module: Dropout
dropout设置为训练模式
  Module: ReLU
test_loss: 0.1425
epoch 71
train_loss: 0.1588
Module: DropoutFullyConnectedNN
  Module: ModuleList
    Module: Linear
    Module: Linear
    Module: Linear
  Module: ModuleList
    Module: Dropout
dropout设置为训练模式
    Module: Dropout
dropout设置为训练模式
    Module: Dropout
dropout设置为训练模式
  Module: ReLU
test_loss: 0.1422
epoch 72
train_loss: 0.1587
Module: DropoutFullyConnectedNN
  Module: ModuleList
    Module: Linear
    Module: Linear
    Module: Linear
  Module: ModuleList
    Module: Dropout
dropout设置为训练模式
    Module: Dropout
dropout设置为训练模式
    Module: Dropout
dropout设置为训练模式
  Module: ReLU
test_loss: 0.1409
epoch 73
train_loss: 0.1577
Module: DropoutFullyConnectedNN
  Module: ModuleList
    Module: Linear
    Module: Linear
    Module: Linear
  Module: ModuleList
    Module: Dropout
dropout设置为训练模式
    Module: Dropout
dropout设置为训练模式
    Module: Dropout
dropout设置为训练模式
  Module: ReLU
test_loss: 0.1406
epoch 74
train_loss: 0.1616
Module: DropoutFullyConnectedNN
  Module: ModuleList
    Module: Linear
    Module: Linear
    Module: Linear
  Module: ModuleList
    Module: Dropout
dropout设置为训练模式
    Module: Dropout
dropout设置为训练模式
    Module: Dropout
dropout设置为训练模式
  Module: ReLU
test_loss: 0.1393
epoch 75
train_loss: 0.1597
Module: DropoutFullyConnectedNN
  Module: ModuleList
    Module: Linear
    Module: Linear
    Module: Linear
  Module: ModuleList
    Module: Dropout
dropout设置为训练模式
    Module: Dropout
dropout设置为训练模式
    Module: Dropout
dropout设置为训练模式
  Module: ReLU
test_loss: 0.1389
epoch 76
train_loss: 0.1577
Module: DropoutFullyConnectedNN
  Module: ModuleList
    Module: Linear
    Module: Linear
    Module: Linear
  Module: ModuleList
    Module: Dropout
dropout设置为训练模式
    Module: Dropout
dropout设置为训练模式
    Module: Dropout
dropout设置为训练模式
  Module: ReLU
test_loss: 0.1379
epoch 77
train_loss: 0.1567
Module: DropoutFullyConnectedNN
  Module: ModuleList
    Module: Linear
    Module: Linear
    Module: Linear
  Module: ModuleList
    Module: Dropout
dropout设置为训练模式
    Module: Dropout
dropout设置为训练模式
    Module: Dropout
dropout设置为训练模式
  Module: ReLU
test_loss: 0.1369
epoch 78
train_loss: 0.1567
Module: DropoutFullyConnectedNN
  Module: ModuleList
    Module: Linear
    Module: Linear
    Module: Linear
  Module: ModuleList
    Module: Dropout
dropout设置为训练模式
    Module: Dropout
dropout设置为训练模式
    Module: Dropout
dropout设置为训练模式
  Module: ReLU
test_loss: 0.1374
epoch 79
train_loss: 0.1551
Module: DropoutFullyConnectedNN
  Module: ModuleList
    Module: Linear
    Module: Linear
    Module: Linear
  Module: ModuleList
    Module: Dropout
dropout设置为训练模式
    Module: Dropout
dropout设置为训练模式
    Module: Dropout
dropout设置为训练模式
  Module: ReLU
test_loss: 0.1364
epoch 80
train_loss: 0.1528
Module: DropoutFullyConnectedNN
  Module: ModuleList
    Module: Linear
    Module: Linear
    Module: Linear
  Module: ModuleList
    Module: Dropout
dropout设置为训练模式
    Module: Dropout
dropout设置为训练模式
    Module: Dropout
dropout设置为训练模式
  Module: ReLU
test_loss: 0.1349
epoch 81
train_loss: 0.1535
Module: DropoutFullyConnectedNN
  Module: ModuleList
    Module: Linear
    Module: Linear
    Module: Linear
  Module: ModuleList
    Module: Dropout
dropout设置为训练模式
    Module: Dropout
dropout设置为训练模式
    Module: Dropout
dropout设置为训练模式
  Module: ReLU
test_loss: 0.1334
epoch 82
train_loss: 0.1533
Module: DropoutFullyConnectedNN
  Module: ModuleList
    Module: Linear
    Module: Linear
    Module: Linear
  Module: ModuleList
    Module: Dropout
dropout设置为训练模式
    Module: Dropout
dropout设置为训练模式
    Module: Dropout
dropout设置为训练模式
  Module: ReLU
test_loss: 0.1335
epoch 83
train_loss: 0.1520
Module: DropoutFullyConnectedNN
  Module: ModuleList
    Module: Linear
    Module: Linear
    Module: Linear
  Module: ModuleList
    Module: Dropout
dropout设置为训练模式
    Module: Dropout
dropout设置为训练模式
    Module: Dropout
dropout设置为训练模式
  Module: ReLU
test_loss: 0.1327
epoch 84
train_loss: 0.1511
Module: DropoutFullyConnectedNN
  Module: ModuleList
    Module: Linear
    Module: Linear
    Module: Linear
  Module: ModuleList
    Module: Dropout
dropout设置为训练模式
    Module: Dropout
dropout设置为训练模式
    Module: Dropout
dropout设置为训练模式
  Module: ReLU
test_loss: 0.1319
epoch 85
train_loss: 0.1477
Module: DropoutFullyConnectedNN
  Module: ModuleList
    Module: Linear
    Module: Linear
    Module: Linear
  Module: ModuleList
    Module: Dropout
dropout设置为训练模式
    Module: Dropout
dropout设置为训练模式
    Module: Dropout
dropout设置为训练模式
  Module: ReLU
test_loss: 0.1308
epoch 86
train_loss: 0.1518
Module: DropoutFullyConnectedNN
  Module: ModuleList
    Module: Linear
    Module: Linear
    Module: Linear
  Module: ModuleList
    Module: Dropout
dropout设置为训练模式
    Module: Dropout
dropout设置为训练模式
    Module: Dropout
dropout设置为训练模式
  Module: ReLU
test_loss: 0.1297
epoch 87
train_loss: 0.1469
Module: DropoutFullyConnectedNN
  Module: ModuleList
    Module: Linear
    Module: Linear
    Module: Linear
  Module: ModuleList
    Module: Dropout
dropout设置为训练模式
    Module: Dropout
dropout设置为训练模式
    Module: Dropout
dropout设置为训练模式
  Module: ReLU
test_loss: 0.1295
epoch 88
train_loss: 0.1470
Module: DropoutFullyConnectedNN
  Module: ModuleList
    Module: Linear
    Module: Linear
    Module: Linear
  Module: ModuleList
    Module: Dropout
dropout设置为训练模式
    Module: Dropout
dropout设置为训练模式
    Module: Dropout
dropout设置为训练模式
  Module: ReLU
test_loss: 0.1286
epoch 89
train_loss: 0.1464
Module: DropoutFullyConnectedNN
  Module: ModuleList
    Module: Linear
    Module: Linear
    Module: Linear
  Module: ModuleList
    Module: Dropout
dropout设置为训练模式
    Module: Dropout
dropout设置为训练模式
    Module: Dropout
dropout设置为训练模式
  Module: ReLU
test_loss: 0.1289
epoch 90
train_loss: 0.1478
Module: DropoutFullyConnectedNN
  Module: ModuleList
    Module: Linear
    Module: Linear
    Module: Linear
  Module: ModuleList
    Module: Dropout
dropout设置为训练模式
    Module: Dropout
dropout设置为训练模式
    Module: Dropout
dropout设置为训练模式
  Module: ReLU
test_loss: 0.1270
epoch 91
train_loss: 0.1451
Module: DropoutFullyConnectedNN
  Module: ModuleList
    Module: Linear
    Module: Linear
    Module: Linear
  Module: ModuleList
    Module: Dropout
dropout设置为训练模式
    Module: Dropout
dropout设置为训练模式
    Module: Dropout
dropout设置为训练模式
  Module: ReLU
test_loss: 0.1269
epoch 92
train_loss: 0.1470
Module: DropoutFullyConnectedNN
  Module: ModuleList
    Module: Linear
    Module: Linear
    Module: Linear
  Module: ModuleList
    Module: Dropout
dropout设置为训练模式
    Module: Dropout
dropout设置为训练模式
    Module: Dropout
dropout设置为训练模式
  Module: ReLU
test_loss: 0.1268
epoch 93
train_loss: 0.1471
Module: DropoutFullyConnectedNN
  Module: ModuleList
    Module: Linear
    Module: Linear
    Module: Linear
  Module: ModuleList
    Module: Dropout
dropout设置为训练模式
    Module: Dropout
dropout设置为训练模式
    Module: Dropout
dropout设置为训练模式
  Module: ReLU
test_loss: 0.1261
epoch 94
train_loss: 0.1446
Module: DropoutFullyConnectedNN
  Module: ModuleList
    Module: Linear
    Module: Linear
    Module: Linear
  Module: ModuleList
    Module: Dropout
dropout设置为训练模式
    Module: Dropout
dropout设置为训练模式
    Module: Dropout
dropout设置为训练模式
  Module: ReLU
test_loss: 0.1255
epoch 95
train_loss: 0.1434
Module: DropoutFullyConnectedNN
  Module: ModuleList
    Module: Linear
    Module: Linear
    Module: Linear
  Module: ModuleList
    Module: Dropout
dropout设置为训练模式
    Module: Dropout
dropout设置为训练模式
    Module: Dropout
dropout设置为训练模式
  Module: ReLU
test_loss: 0.1257
epoch 96
train_loss: 0.1430
Module: DropoutFullyConnectedNN
  Module: ModuleList
    Module: Linear
    Module: Linear
    Module: Linear
  Module: ModuleList
    Module: Dropout
dropout设置为训练模式
    Module: Dropout
dropout设置为训练模式
    Module: Dropout
dropout设置为训练模式
  Module: ReLU
test_loss: 0.1242
epoch 97
train_loss: 0.1433
Module: DropoutFullyConnectedNN
  Module: ModuleList
    Module: Linear
    Module: Linear
    Module: Linear
  Module: ModuleList
    Module: Dropout
dropout设置为训练模式
    Module: Dropout
dropout设置为训练模式
    Module: Dropout
dropout设置为训练模式
  Module: ReLU
test_loss: 0.1237
epoch 98
train_loss: 0.1414
Module: DropoutFullyConnectedNN
  Module: ModuleList
    Module: Linear
    Module: Linear
    Module: Linear
  Module: ModuleList
    Module: Dropout
dropout设置为训练模式
    Module: Dropout
dropout设置为训练模式
    Module: Dropout
dropout设置为训练模式
  Module: ReLU
test_loss: 0.1231
epoch 99
train_loss: 0.1388
Module: DropoutFullyConnectedNN
  Module: ModuleList
    Module: Linear
    Module: Linear
    Module: Linear
  Module: ModuleList
    Module: Dropout
dropout设置为训练模式
    Module: Dropout
dropout设置为训练模式
    Module: Dropout
dropout设置为训练模式
  Module: ReLU
test_loss: 0.1230
epoch 100
train_loss: 0.1405
Module: DropoutFullyConnectedNN
  Module: ModuleList
    Module: Linear
    Module: Linear
    Module: Linear
  Module: ModuleList
    Module: Dropout
dropout设置为训练模式
    Module: Dropout
dropout设置为训练模式
    Module: Dropout
dropout设置为训练模式
  Module: ReLU
test_loss: 0.1226
epoch 101
train_loss: 0.1434
Module: DropoutFullyConnectedNN
  Module: ModuleList
    Module: Linear
    Module: Linear
    Module: Linear
  Module: ModuleList
    Module: Dropout
dropout设置为训练模式
    Module: Dropout
dropout设置为训练模式
    Module: Dropout
dropout设置为训练模式
  Module: ReLU
test_loss: 0.1216
epoch 102
train_loss: 0.1390
Module: DropoutFullyConnectedNN
  Module: ModuleList
    Module: Linear
    Module: Linear
    Module: Linear
  Module: ModuleList
    Module: Dropout
dropout设置为训练模式
    Module: Dropout
dropout设置为训练模式
    Module: Dropout
dropout设置为训练模式
  Module: ReLU
test_loss: 0.1210
epoch 103
train_loss: 0.1409
Module: DropoutFullyConnectedNN
  Module: ModuleList
    Module: Linear
    Module: Linear
    Module: Linear
  Module: ModuleList
    Module: Dropout
dropout设置为训练模式
    Module: Dropout
dropout设置为训练模式
    Module: Dropout
dropout设置为训练模式
  Module: ReLU
test_loss: 0.1209
epoch 104
train_loss: 0.1420
Module: DropoutFullyConnectedNN
  Module: ModuleList
    Module: Linear
    Module: Linear
    Module: Linear
  Module: ModuleList
    Module: Dropout
dropout设置为训练模式
    Module: Dropout
dropout设置为训练模式
    Module: Dropout
dropout设置为训练模式
  Module: ReLU
test_loss: 0.1200
epoch 105
train_loss: 0.1354
Module: DropoutFullyConnectedNN
  Module: ModuleList
    Module: Linear
    Module: Linear
    Module: Linear
  Module: ModuleList
    Module: Dropout
dropout设置为训练模式
    Module: Dropout
dropout设置为训练模式
    Module: Dropout
dropout设置为训练模式
  Module: ReLU
test_loss: 0.1193
epoch 106
train_loss: 0.1417
Module: DropoutFullyConnectedNN
  Module: ModuleList
    Module: Linear
    Module: Linear
    Module: Linear
  Module: ModuleList
    Module: Dropout
dropout设置为训练模式
    Module: Dropout
dropout设置为训练模式
    Module: Dropout
dropout设置为训练模式
  Module: ReLU
test_loss: 0.1194
epoch 107
train_loss: 0.1395
Module: DropoutFullyConnectedNN
  Module: ModuleList
    Module: Linear
    Module: Linear
    Module: Linear
  Module: ModuleList
    Module: Dropout
dropout设置为训练模式
    Module: Dropout
dropout设置为训练模式
    Module: Dropout
dropout设置为训练模式
  Module: ReLU
test_loss: 0.1186
epoch 108
train_loss: 0.1384
Module: DropoutFullyConnectedNN
  Module: ModuleList
    Module: Linear
    Module: Linear
    Module: Linear
  Module: ModuleList
    Module: Dropout
dropout设置为训练模式
    Module: Dropout
dropout设置为训练模式
    Module: Dropout
dropout设置为训练模式
  Module: ReLU
test_loss: 0.1182
epoch 109
train_loss: 0.1378
Module: DropoutFullyConnectedNN
  Module: ModuleList
    Module: Linear
    Module: Linear
    Module: Linear
  Module: ModuleList
    Module: Dropout
dropout设置为训练模式
    Module: Dropout
dropout设置为训练模式
    Module: Dropout
dropout设置为训练模式
  Module: ReLU
test_loss: 0.1174
epoch 110
train_loss: 0.1361
Module: DropoutFullyConnectedNN
  Module: ModuleList
    Module: Linear
    Module: Linear
    Module: Linear
  Module: ModuleList
    Module: Dropout
dropout设置为训练模式
    Module: Dropout
dropout设置为训练模式
    Module: Dropout
dropout设置为训练模式
  Module: ReLU
test_loss: 0.1179
epoch 111
train_loss: 0.1362
Module: DropoutFullyConnectedNN
  Module: ModuleList
    Module: Linear
    Module: Linear
    Module: Linear
  Module: ModuleList
    Module: Dropout
dropout设置为训练模式
    Module: Dropout
dropout设置为训练模式
    Module: Dropout
dropout设置为训练模式
  Module: ReLU
test_loss: 0.1177
epoch 112
train_loss: 0.1349
Module: DropoutFullyConnectedNN
  Module: ModuleList
    Module: Linear
    Module: Linear
    Module: Linear
  Module: ModuleList
    Module: Dropout
dropout设置为训练模式
    Module: Dropout
dropout设置为训练模式
    Module: Dropout
dropout设置为训练模式
  Module: ReLU
test_loss: 0.1164
epoch 113
train_loss: 0.1327
Module: DropoutFullyConnectedNN
  Module: ModuleList
    Module: Linear
    Module: Linear
    Module: Linear
  Module: ModuleList
    Module: Dropout
dropout设置为训练模式
    Module: Dropout
dropout设置为训练模式
    Module: Dropout
dropout设置为训练模式
  Module: ReLU
test_loss: 0.1163
epoch 114
train_loss: 0.1327
Module: DropoutFullyConnectedNN
  Module: ModuleList
    Module: Linear
    Module: Linear
    Module: Linear
  Module: ModuleList
    Module: Dropout
dropout设置为训练模式
    Module: Dropout
dropout设置为训练模式
    Module: Dropout
dropout设置为训练模式
  Module: ReLU
test_loss: 0.1153
epoch 115
train_loss: 0.1351
Module: DropoutFullyConnectedNN
  Module: ModuleList
    Module: Linear
    Module: Linear
    Module: Linear
  Module: ModuleList
    Module: Dropout
dropout设置为训练模式
    Module: Dropout
dropout设置为训练模式
    Module: Dropout
dropout设置为训练模式
  Module: ReLU
test_loss: 0.1155
epoch 116
train_loss: 0.1352
Module: DropoutFullyConnectedNN
  Module: ModuleList
    Module: Linear
    Module: Linear
    Module: Linear
  Module: ModuleList
    Module: Dropout
dropout设置为训练模式
    Module: Dropout
dropout设置为训练模式
    Module: Dropout
dropout设置为训练模式
  Module: ReLU
test_loss: 0.1149
epoch 117
train_loss: 0.1331
Module: DropoutFullyConnectedNN
  Module: ModuleList
    Module: Linear
    Module: Linear
    Module: Linear
  Module: ModuleList
    Module: Dropout
dropout设置为训练模式
    Module: Dropout
dropout设置为训练模式
    Module: Dropout
dropout设置为训练模式
  Module: ReLU
test_loss: 0.1148
epoch 118
train_loss: 0.1330
Module: DropoutFullyConnectedNN
  Module: ModuleList
    Module: Linear
    Module: Linear
    Module: Linear
  Module: ModuleList
    Module: Dropout
dropout设置为训练模式
    Module: Dropout
dropout设置为训练模式
    Module: Dropout
dropout设置为训练模式
  Module: ReLU
test_loss: 0.1145
epoch 119
train_loss: 0.1340
Module: DropoutFullyConnectedNN
  Module: ModuleList
    Module: Linear
    Module: Linear
    Module: Linear
  Module: ModuleList
    Module: Dropout
dropout设置为训练模式
    Module: Dropout
dropout设置为训练模式
    Module: Dropout
dropout设置为训练模式
  Module: ReLU
test_loss: 0.1134
epoch 120
train_loss: 0.1332
Module: DropoutFullyConnectedNN
  Module: ModuleList
    Module: Linear
    Module: Linear
    Module: Linear
  Module: ModuleList
    Module: Dropout
dropout设置为训练模式
    Module: Dropout
dropout设置为训练模式
    Module: Dropout
dropout设置为训练模式
  Module: ReLU
test_loss: 0.1137
epoch 121
train_loss: 0.1311
Module: DropoutFullyConnectedNN
  Module: ModuleList
    Module: Linear
    Module: Linear
    Module: Linear
  Module: ModuleList
    Module: Dropout
dropout设置为训练模式
    Module: Dropout
dropout设置为训练模式
    Module: Dropout
dropout设置为训练模式
  Module: ReLU
test_loss: 0.1140
epoch 122
train_loss: 0.1328
Module: DropoutFullyConnectedNN
  Module: ModuleList
    Module: Linear
    Module: Linear
    Module: Linear
  Module: ModuleList
    Module: Dropout
dropout设置为训练模式
    Module: Dropout
dropout设置为训练模式
    Module: Dropout
dropout设置为训练模式
  Module: ReLU
test_loss: 0.1123
epoch 123
train_loss: 0.1319
Module: DropoutFullyConnectedNN
  Module: ModuleList
    Module: Linear
    Module: Linear
    Module: Linear
  Module: ModuleList
    Module: Dropout
dropout设置为训练模式
    Module: Dropout
dropout设置为训练模式
    Module: Dropout
dropout设置为训练模式
  Module: ReLU
test_loss: 0.1125
epoch 124
train_loss: 0.1329
Module: DropoutFullyConnectedNN
  Module: ModuleList
    Module: Linear
    Module: Linear
    Module: Linear
  Module: ModuleList
    Module: Dropout
dropout设置为训练模式
    Module: Dropout
dropout设置为训练模式
    Module: Dropout
dropout设置为训练模式
  Module: ReLU
test_loss: 0.1123
epoch 125
train_loss: 0.1292
Module: DropoutFullyConnectedNN
  Module: ModuleList
    Module: Linear
    Module: Linear
    Module: Linear
  Module: ModuleList
    Module: Dropout
dropout设置为训练模式
    Module: Dropout
dropout设置为训练模式
    Module: Dropout
dropout设置为训练模式
  Module: ReLU
test_loss: 0.1114
epoch 126
train_loss: 0.1321
Module: DropoutFullyConnectedNN
  Module: ModuleList
    Module: Linear
    Module: Linear
    Module: Linear
  Module: ModuleList
    Module: Dropout
dropout设置为训练模式
    Module: Dropout
dropout设置为训练模式
    Module: Dropout
dropout设置为训练模式
  Module: ReLU
test_loss: 0.1115
epoch 127
train_loss: 0.1291
Module: DropoutFullyConnectedNN
  Module: ModuleList
    Module: Linear
    Module: Linear
    Module: Linear
  Module: ModuleList
    Module: Dropout
dropout设置为训练模式
    Module: Dropout
dropout设置为训练模式
    Module: Dropout
dropout设置为训练模式
  Module: ReLU
test_loss: 0.1107
epoch 128
train_loss: 0.1280
Module: DropoutFullyConnectedNN
  Module: ModuleList
    Module: Linear
    Module: Linear
    Module: Linear
  Module: ModuleList
    Module: Dropout
dropout设置为训练模式
    Module: Dropout
dropout设置为训练模式
    Module: Dropout
dropout设置为训练模式
  Module: ReLU
test_loss: 0.1104
epoch 129
train_loss: 0.1301
Module: DropoutFullyConnectedNN
  Module: ModuleList
    Module: Linear
    Module: Linear
    Module: Linear
  Module: ModuleList
    Module: Dropout
dropout设置为训练模式
    Module: Dropout
dropout设置为训练模式
    Module: Dropout
dropout设置为训练模式
  Module: ReLU
test_loss: 0.1104
epoch 130
train_loss: 0.1318
Module: DropoutFullyConnectedNN
  Module: ModuleList
    Module: Linear
    Module: Linear
    Module: Linear
  Module: ModuleList
    Module: Dropout
dropout设置为训练模式
    Module: Dropout
dropout设置为训练模式
    Module: Dropout
dropout设置为训练模式
  Module: ReLU
test_loss: 0.1104
epoch 131
train_loss: 0.1272
Module: DropoutFullyConnectedNN
  Module: ModuleList
    Module: Linear
    Module: Linear
    Module: Linear
  Module: ModuleList
    Module: Dropout
dropout设置为训练模式
    Module: Dropout
dropout设置为训练模式
    Module: Dropout
dropout设置为训练模式
  Module: ReLU
test_loss: 0.1100
epoch 132
train_loss: 0.1242
Module: DropoutFullyConnectedNN
  Module: ModuleList
    Module: Linear
    Module: Linear
    Module: Linear
  Module: ModuleList
    Module: Dropout
dropout设置为训练模式
    Module: Dropout
dropout设置为训练模式
    Module: Dropout
dropout设置为训练模式
  Module: ReLU
test_loss: 0.1091
epoch 133
train_loss: 0.1275
Module: DropoutFullyConnectedNN
  Module: ModuleList
    Module: Linear
    Module: Linear
    Module: Linear
  Module: ModuleList
    Module: Dropout
dropout设置为训练模式
    Module: Dropout
dropout设置为训练模式
    Module: Dropout
dropout设置为训练模式
  Module: ReLU
test_loss: 0.1089
epoch 134
train_loss: 0.1245
Module: DropoutFullyConnectedNN
  Module: ModuleList
    Module: Linear
    Module: Linear
    Module: Linear
  Module: ModuleList
    Module: Dropout
dropout设置为训练模式
    Module: Dropout
dropout设置为训练模式
    Module: Dropout
dropout设置为训练模式
  Module: ReLU
test_loss: 0.1091
epoch 135
train_loss: 0.1273
Module: DropoutFullyConnectedNN
  Module: ModuleList
    Module: Linear
    Module: Linear
    Module: Linear
  Module: ModuleList
    Module: Dropout
dropout设置为训练模式
    Module: Dropout
dropout设置为训练模式
    Module: Dropout
dropout设置为训练模式
  Module: ReLU
test_loss: 0.1079
epoch 136
train_loss: 0.1278
Module: DropoutFullyConnectedNN
  Module: ModuleList
    Module: Linear
    Module: Linear
    Module: Linear
  Module: ModuleList
    Module: Dropout
dropout设置为训练模式
    Module: Dropout
dropout设置为训练模式
    Module: Dropout
dropout设置为训练模式
  Module: ReLU
test_loss: 0.1091
epoch 137
train_loss: 0.1267
Module: DropoutFullyConnectedNN
  Module: ModuleList
    Module: Linear
    Module: Linear
    Module: Linear
  Module: ModuleList
    Module: Dropout
dropout设置为训练模式
    Module: Dropout
dropout设置为训练模式
    Module: Dropout
dropout设置为训练模式
  Module: ReLU
test_loss: 0.1083
epoch 138
train_loss: 0.1286
Module: DropoutFullyConnectedNN
  Module: ModuleList
    Module: Linear
    Module: Linear
    Module: Linear
  Module: ModuleList
    Module: Dropout
dropout设置为训练模式
    Module: Dropout
dropout设置为训练模式
    Module: Dropout
dropout设置为训练模式
  Module: ReLU
test_loss: 0.1075
epoch 139
train_loss: 0.1251
Module: DropoutFullyConnectedNN
  Module: ModuleList
    Module: Linear
    Module: Linear
    Module: Linear
  Module: ModuleList
    Module: Dropout
dropout设置为训练模式
    Module: Dropout
dropout设置为训练模式
    Module: Dropout
dropout设置为训练模式
  Module: ReLU
test_loss: 0.1078
epoch 140
train_loss: 0.1257
Module: DropoutFullyConnectedNN
  Module: ModuleList
    Module: Linear
    Module: Linear
    Module: Linear
  Module: ModuleList
    Module: Dropout
dropout设置为训练模式
    Module: Dropout
dropout设置为训练模式
    Module: Dropout
dropout设置为训练模式
  Module: ReLU
test_loss: 0.1066
epoch 141
train_loss: 0.1266
Module: DropoutFullyConnectedNN
  Module: ModuleList
    Module: Linear
    Module: Linear
    Module: Linear
  Module: ModuleList
    Module: Dropout
dropout设置为训练模式
    Module: Dropout
dropout设置为训练模式
    Module: Dropout
dropout设置为训练模式
  Module: ReLU
test_loss: 0.1070
epoch 142
train_loss: 0.1236
Module: DropoutFullyConnectedNN
  Module: ModuleList
    Module: Linear
    Module: Linear
    Module: Linear
  Module: ModuleList
    Module: Dropout
dropout设置为训练模式
    Module: Dropout
dropout设置为训练模式
    Module: Dropout
dropout设置为训练模式
  Module: ReLU
test_loss: 0.1065
epoch 143
train_loss: 0.1232
Module: DropoutFullyConnectedNN
  Module: ModuleList
    Module: Linear
    Module: Linear
    Module: Linear
  Module: ModuleList
    Module: Dropout
dropout设置为训练模式
    Module: Dropout
dropout设置为训练模式
    Module: Dropout
dropout设置为训练模式
  Module: ReLU
test_loss: 0.1061
epoch 144
train_loss: 0.1225
Module: DropoutFullyConnectedNN
  Module: ModuleList
    Module: Linear
    Module: Linear
    Module: Linear
  Module: ModuleList
    Module: Dropout
dropout设置为训练模式
    Module: Dropout
dropout设置为训练模式
    Module: Dropout
dropout设置为训练模式
  Module: ReLU
test_loss: 0.1054
epoch 145
train_loss: 0.1245
Module: DropoutFullyConnectedNN
  Module: ModuleList
    Module: Linear
    Module: Linear
    Module: Linear
  Module: ModuleList
    Module: Dropout
dropout设置为训练模式
    Module: Dropout
dropout设置为训练模式
    Module: Dropout
dropout设置为训练模式
  Module: ReLU
test_loss: 0.1058
epoch 146
train_loss: 0.1212
Module: DropoutFullyConnectedNN
  Module: ModuleList
    Module: Linear
    Module: Linear
    Module: Linear
  Module: ModuleList
    Module: Dropout
dropout设置为训练模式
    Module: Dropout
dropout设置为训练模式
    Module: Dropout
dropout设置为训练模式
  Module: ReLU
test_loss: 0.1064
epoch 147
train_loss: 0.1238
Module: DropoutFullyConnectedNN
  Module: ModuleList
    Module: Linear
    Module: Linear
    Module: Linear
  Module: ModuleList
    Module: Dropout
dropout设置为训练模式
    Module: Dropout
dropout设置为训练模式
    Module: Dropout
dropout设置为训练模式
  Module: ReLU
test_loss: 0.1061
epoch 148
train_loss: 0.1260
Module: DropoutFullyConnectedNN
  Module: ModuleList
    Module: Linear
    Module: Linear
    Module: Linear
  Module: ModuleList
    Module: Dropout
dropout设置为训练模式
    Module: Dropout
dropout设置为训练模式
    Module: Dropout
dropout设置为训练模式
  Module: ReLU
test_loss: 0.1049
epoch 149
train_loss: 0.1239
Module: DropoutFullyConnectedNN
  Module: ModuleList
    Module: Linear
    Module: Linear
    Module: Linear
  Module: ModuleList
    Module: Dropout
dropout设置为训练模式
    Module: Dropout
dropout设置为训练模式
    Module: Dropout
dropout设置为训练模式
  Module: ReLU
test_loss: 0.1050
epoch 150
train_loss: 0.1211
Module: DropoutFullyConnectedNN
  Module: ModuleList
    Module: Linear
    Module: Linear
    Module: Linear
  Module: ModuleList
    Module: Dropout
dropout设置为训练模式
    Module: Dropout
dropout设置为训练模式
    Module: Dropout
dropout设置为训练模式
  Module: ReLU
test_loss: 0.1047
epoch 151
train_loss: 0.1192
Module: DropoutFullyConnectedNN
  Module: ModuleList
    Module: Linear
    Module: Linear
    Module: Linear
  Module: ModuleList
    Module: Dropout
dropout设置为训练模式
    Module: Dropout
dropout设置为训练模式
    Module: Dropout
dropout设置为训练模式
  Module: ReLU
test_loss: 0.1052
epoch 152
train_loss: 0.1218
Module: DropoutFullyConnectedNN
  Module: ModuleList
    Module: Linear
    Module: Linear
    Module: Linear
  Module: ModuleList
    Module: Dropout
dropout设置为训练模式
    Module: Dropout
dropout设置为训练模式
    Module: Dropout
dropout设置为训练模式
  Module: ReLU
test_loss: 0.1043
epoch 153
train_loss: 0.1222
Module: DropoutFullyConnectedNN
  Module: ModuleList
    Module: Linear
    Module: Linear
    Module: Linear
  Module: ModuleList
    Module: Dropout
dropout设置为训练模式
    Module: Dropout
dropout设置为训练模式
    Module: Dropout
dropout设置为训练模式
  Module: ReLU
test_loss: 0.1042
epoch 154
train_loss: 0.1230
Module: DropoutFullyConnectedNN
  Module: ModuleList
    Module: Linear
    Module: Linear
    Module: Linear
  Module: ModuleList
    Module: Dropout
dropout设置为训练模式
    Module: Dropout
dropout设置为训练模式
    Module: Dropout
dropout设置为训练模式
  Module: ReLU
test_loss: 0.1030
epoch 155
train_loss: 0.1249
Module: DropoutFullyConnectedNN
  Module: ModuleList
    Module: Linear
    Module: Linear
    Module: Linear
  Module: ModuleList
    Module: Dropout
dropout设置为训练模式
    Module: Dropout
dropout设置为训练模式
    Module: Dropout
dropout设置为训练模式
  Module: ReLU
test_loss: 0.1033
epoch 156
train_loss: 0.1194
Module: DropoutFullyConnectedNN
  Module: ModuleList
    Module: Linear
    Module: Linear
    Module: Linear
  Module: ModuleList
    Module: Dropout
dropout设置为训练模式
    Module: Dropout
dropout设置为训练模式
    Module: Dropout
dropout设置为训练模式
  Module: ReLU
test_loss: 0.1030
epoch 157
train_loss: 0.1193
Module: DropoutFullyConnectedNN
  Module: ModuleList
    Module: Linear
    Module: Linear
    Module: Linear
  Module: ModuleList
    Module: Dropout
dropout设置为训练模式
    Module: Dropout
dropout设置为训练模式
    Module: Dropout
dropout设置为训练模式
  Module: ReLU
test_loss: 0.1032
epoch 158
train_loss: 0.1212
Module: DropoutFullyConnectedNN
  Module: ModuleList
    Module: Linear
    Module: Linear
    Module: Linear
  Module: ModuleList
    Module: Dropout
dropout设置为训练模式
    Module: Dropout
dropout设置为训练模式
    Module: Dropout
dropout设置为训练模式
  Module: ReLU
test_loss: 0.1026
epoch 159
train_loss: 0.1187
Module: DropoutFullyConnectedNN
  Module: ModuleList
    Module: Linear
    Module: Linear
    Module: Linear
  Module: ModuleList
    Module: Dropout
dropout设置为训练模式
    Module: Dropout
dropout设置为训练模式
    Module: Dropout
dropout设置为训练模式
  Module: ReLU
test_loss: 0.1031
epoch 160
train_loss: 0.1231
Module: DropoutFullyConnectedNN
  Module: ModuleList
    Module: Linear
    Module: Linear
    Module: Linear
  Module: ModuleList
    Module: Dropout
dropout设置为训练模式
    Module: Dropout
dropout设置为训练模式
    Module: Dropout
dropout设置为训练模式
  Module: ReLU
test_loss: 0.1033
epoch 161
train_loss: 0.1186
Module: DropoutFullyConnectedNN
  Module: ModuleList
    Module: Linear
    Module: Linear
    Module: Linear
  Module: ModuleList
    Module: Dropout
dropout设置为训练模式
    Module: Dropout
dropout设置为训练模式
    Module: Dropout
dropout设置为训练模式
  Module: ReLU
test_loss: 0.1025
epoch 162
train_loss: 0.1195
Module: DropoutFullyConnectedNN
  Module: ModuleList
    Module: Linear
    Module: Linear
    Module: Linear
  Module: ModuleList
    Module: Dropout
dropout设置为训练模式
    Module: Dropout
dropout设置为训练模式
    Module: Dropout
dropout设置为训练模式
  Module: ReLU
test_loss: 0.1023
epoch 163
train_loss: 0.1193
Module: DropoutFullyConnectedNN
  Module: ModuleList
    Module: Linear
    Module: Linear
    Module: Linear
  Module: ModuleList
    Module: Dropout
dropout设置为训练模式
    Module: Dropout
dropout设置为训练模式
    Module: Dropout
dropout设置为训练模式
  Module: ReLU
test_loss: 0.1011
epoch 164
train_loss: 0.1212
Module: DropoutFullyConnectedNN
  Module: ModuleList
    Module: Linear
    Module: Linear
    Module: Linear
  Module: ModuleList
    Module: Dropout
dropout设置为训练模式
    Module: Dropout
dropout设置为训练模式
    Module: Dropout
dropout设置为训练模式
  Module: ReLU
test_loss: 0.1016
epoch 165
train_loss: 0.1186
Module: DropoutFullyConnectedNN
  Module: ModuleList
    Module: Linear
    Module: Linear
    Module: Linear
  Module: ModuleList
    Module: Dropout
dropout设置为训练模式
    Module: Dropout
dropout设置为训练模式
    Module: Dropout
dropout设置为训练模式
  Module: ReLU
test_loss: 0.1015
epoch 166
train_loss: 0.1178
Module: DropoutFullyConnectedNN
  Module: ModuleList
    Module: Linear
    Module: Linear
    Module: Linear
  Module: ModuleList
    Module: Dropout
dropout设置为训练模式
    Module: Dropout
dropout设置为训练模式
    Module: Dropout
dropout设置为训练模式
  Module: ReLU
test_loss: 0.1003
epoch 167
train_loss: 0.1178
Module: DropoutFullyConnectedNN
  Module: ModuleList
    Module: Linear
    Module: Linear
    Module: Linear
  Module: ModuleList
    Module: Dropout
dropout设置为训练模式
    Module: Dropout
dropout设置为训练模式
    Module: Dropout
dropout设置为训练模式
  Module: ReLU
test_loss: 0.1010
epoch 168
train_loss: 0.1186
Module: DropoutFullyConnectedNN
  Module: ModuleList
    Module: Linear
    Module: Linear
    Module: Linear
  Module: ModuleList
    Module: Dropout
dropout设置为训练模式
    Module: Dropout
dropout设置为训练模式
    Module: Dropout
dropout设置为训练模式
  Module: ReLU
test_loss: 0.1009
epoch 169
train_loss: 0.1183
Module: DropoutFullyConnectedNN
  Module: ModuleList
    Module: Linear
    Module: Linear
    Module: Linear
  Module: ModuleList
    Module: Dropout
dropout设置为训练模式
    Module: Dropout
dropout设置为训练模式
    Module: Dropout
dropout设置为训练模式
  Module: ReLU
test_loss: 0.1005
epoch 170
train_loss: 0.1196
Module: DropoutFullyConnectedNN
  Module: ModuleList
    Module: Linear
    Module: Linear
    Module: Linear
  Module: ModuleList
    Module: Dropout
dropout设置为训练模式
    Module: Dropout
dropout设置为训练模式
    Module: Dropout
dropout设置为训练模式
  Module: ReLU
test_loss: 0.1005
epoch 171
train_loss: 0.1174
Module: DropoutFullyConnectedNN
  Module: ModuleList
    Module: Linear
    Module: Linear
    Module: Linear
  Module: ModuleList
    Module: Dropout
dropout设置为训练模式
    Module: Dropout
dropout设置为训练模式
    Module: Dropout
dropout设置为训练模式
  Module: ReLU
test_loss: 0.1001
epoch 172
train_loss: 0.1165
Module: DropoutFullyConnectedNN
  Module: ModuleList
    Module: Linear
    Module: Linear
    Module: Linear
  Module: ModuleList
    Module: Dropout
dropout设置为训练模式
    Module: Dropout
dropout设置为训练模式
    Module: Dropout
dropout设置为训练模式
  Module: ReLU
test_loss: 0.0998
epoch 173
train_loss: 0.1139
Module: DropoutFullyConnectedNN
  Module: ModuleList
    Module: Linear
    Module: Linear
    Module: Linear
  Module: ModuleList
    Module: Dropout
dropout设置为训练模式
    Module: Dropout
dropout设置为训练模式
    Module: Dropout
dropout设置为训练模式
  Module: ReLU
test_loss: 0.1002
epoch 174
train_loss: 0.1176
Module: DropoutFullyConnectedNN
  Module: ModuleList
    Module: Linear
    Module: Linear
    Module: Linear
  Module: ModuleList
    Module: Dropout
dropout设置为训练模式
    Module: Dropout
dropout设置为训练模式
    Module: Dropout
dropout设置为训练模式
  Module: ReLU
test_loss: 0.0993
epoch 175
train_loss: 0.1179
Module: DropoutFullyConnectedNN
  Module: ModuleList
    Module: Linear
    Module: Linear
    Module: Linear
  Module: ModuleList
    Module: Dropout
dropout设置为训练模式
    Module: Dropout
dropout设置为训练模式
    Module: Dropout
dropout设置为训练模式
  Module: ReLU
test_loss: 0.0997
epoch 176
train_loss: 0.1152
Module: DropoutFullyConnectedNN
  Module: ModuleList
    Module: Linear
    Module: Linear
    Module: Linear
  Module: ModuleList
    Module: Dropout
dropout设置为训练模式
    Module: Dropout
dropout设置为训练模式
    Module: Dropout
dropout设置为训练模式
  Module: ReLU
test_loss: 0.0987
epoch 177
train_loss: 0.1157
Module: DropoutFullyConnectedNN
  Module: ModuleList
    Module: Linear
    Module: Linear
    Module: Linear
  Module: ModuleList
    Module: Dropout
dropout设置为训练模式
    Module: Dropout
dropout设置为训练模式
    Module: Dropout
dropout设置为训练模式
  Module: ReLU
test_loss: 0.0998
epoch 178
train_loss: 0.1152
Module: DropoutFullyConnectedNN
  Module: ModuleList
    Module: Linear
    Module: Linear
    Module: Linear
  Module: ModuleList
    Module: Dropout
dropout设置为训练模式
    Module: Dropout
dropout设置为训练模式
    Module: Dropout
dropout设置为训练模式
  Module: ReLU
test_loss: 0.0987
epoch 179
train_loss: 0.1153
Module: DropoutFullyConnectedNN
  Module: ModuleList
    Module: Linear
    Module: Linear
    Module: Linear
  Module: ModuleList
    Module: Dropout
dropout设置为训练模式
    Module: Dropout
dropout设置为训练模式
    Module: Dropout
dropout设置为训练模式
  Module: ReLU
test_loss: 0.0989
epoch 180
train_loss: 0.1148
Module: DropoutFullyConnectedNN
  Module: ModuleList
    Module: Linear
    Module: Linear
    Module: Linear
  Module: ModuleList
    Module: Dropout
dropout设置为训练模式
    Module: Dropout
dropout设置为训练模式
    Module: Dropout
dropout设置为训练模式
  Module: ReLU
test_loss: 0.0982
epoch 181
train_loss: 0.1187
Module: DropoutFullyConnectedNN
  Module: ModuleList
    Module: Linear
    Module: Linear
    Module: Linear
  Module: ModuleList
    Module: Dropout
dropout设置为训练模式
    Module: Dropout
dropout设置为训练模式
    Module: Dropout
dropout设置为训练模式
  Module: ReLU
test_loss: 0.0985
epoch 182
train_loss: 0.1173
Module: DropoutFullyConnectedNN
  Module: ModuleList
    Module: Linear
    Module: Linear
    Module: Linear
  Module: ModuleList
    Module: Dropout
dropout设置为训练模式
    Module: Dropout
dropout设置为训练模式
    Module: Dropout
dropout设置为训练模式
  Module: ReLU
test_loss: 0.0979
epoch 183
train_loss: 0.1161
Module: DropoutFullyConnectedNN
  Module: ModuleList
    Module: Linear
    Module: Linear
    Module: Linear
  Module: ModuleList
    Module: Dropout
dropout设置为训练模式
    Module: Dropout
dropout设置为训练模式
    Module: Dropout
dropout设置为训练模式
  Module: ReLU
test_loss: 0.0977
epoch 184
train_loss: 0.1202
Module: DropoutFullyConnectedNN
  Module: ModuleList
    Module: Linear
    Module: Linear
    Module: Linear
  Module: ModuleList
    Module: Dropout
dropout设置为训练模式
    Module: Dropout
dropout设置为训练模式
    Module: Dropout
dropout设置为训练模式
  Module: ReLU
test_loss: 0.0976
epoch 185
train_loss: 0.1135
Module: DropoutFullyConnectedNN
  Module: ModuleList
    Module: Linear
    Module: Linear
    Module: Linear
  Module: ModuleList
    Module: Dropout
dropout设置为训练模式
    Module: Dropout
dropout设置为训练模式
    Module: Dropout
dropout设置为训练模式
  Module: ReLU
test_loss: 0.0971
epoch 186
train_loss: 0.1163
Module: DropoutFullyConnectedNN
  Module: ModuleList
    Module: Linear
    Module: Linear
    Module: Linear
  Module: ModuleList
    Module: Dropout
dropout设置为训练模式
    Module: Dropout
dropout设置为训练模式
    Module: Dropout
dropout设置为训练模式
  Module: ReLU
test_loss: 0.0966
epoch 187
train_loss: 0.1150
Module: DropoutFullyConnectedNN
  Module: ModuleList
    Module: Linear
    Module: Linear
    Module: Linear
  Module: ModuleList
    Module: Dropout
dropout设置为训练模式
    Module: Dropout
dropout设置为训练模式
    Module: Dropout
dropout设置为训练模式
  Module: ReLU
test_loss: 0.0975
epoch 188
train_loss: 0.1106
Module: DropoutFullyConnectedNN
  Module: ModuleList
    Module: Linear
    Module: Linear
    Module: Linear
  Module: ModuleList
    Module: Dropout
dropout设置为训练模式
    Module: Dropout
dropout设置为训练模式
    Module: Dropout
dropout设置为训练模式
  Module: ReLU
test_loss: 0.0978
epoch 189
train_loss: 0.1144
Module: DropoutFullyConnectedNN
  Module: ModuleList
    Module: Linear
    Module: Linear
    Module: Linear
  Module: ModuleList
    Module: Dropout
dropout设置为训练模式
    Module: Dropout
dropout设置为训练模式
    Module: Dropout
dropout设置为训练模式
  Module: ReLU
test_loss: 0.0974
epoch 190
train_loss: 0.1126
Module: DropoutFullyConnectedNN
  Module: ModuleList
    Module: Linear
    Module: Linear
    Module: Linear
  Module: ModuleList
    Module: Dropout
dropout设置为训练模式
    Module: Dropout
dropout设置为训练模式
    Module: Dropout
dropout设置为训练模式
  Module: ReLU
test_loss: 0.0961
epoch 191
train_loss: 0.1147
Module: DropoutFullyConnectedNN
  Module: ModuleList
    Module: Linear
    Module: Linear
    Module: Linear
  Module: ModuleList
    Module: Dropout
dropout设置为训练模式
    Module: Dropout
dropout设置为训练模式
    Module: Dropout
dropout设置为训练模式
  Module: ReLU
test_loss: 0.0964
epoch 192
train_loss: 0.1147
Module: DropoutFullyConnectedNN
  Module: ModuleList
    Module: Linear
    Module: Linear
    Module: Linear
  Module: ModuleList
    Module: Dropout
dropout设置为训练模式
    Module: Dropout
dropout设置为训练模式
    Module: Dropout
dropout设置为训练模式
  Module: ReLU
test_loss: 0.0961
epoch 193
train_loss: 0.1105
Module: DropoutFullyConnectedNN
  Module: ModuleList
    Module: Linear
    Module: Linear
    Module: Linear
  Module: ModuleList
    Module: Dropout
dropout设置为训练模式
    Module: Dropout
dropout设置为训练模式
    Module: Dropout
dropout设置为训练模式
  Module: ReLU
test_loss: 0.0959
epoch 194
train_loss: 0.1129
Module: DropoutFullyConnectedNN
  Module: ModuleList
    Module: Linear
    Module: Linear
    Module: Linear
  Module: ModuleList
    Module: Dropout
dropout设置为训练模式
    Module: Dropout
dropout设置为训练模式
    Module: Dropout
dropout设置为训练模式
  Module: ReLU
test_loss: 0.0963
epoch 195
train_loss: 0.1125
Module: DropoutFullyConnectedNN
  Module: ModuleList
    Module: Linear
    Module: Linear
    Module: Linear
  Module: ModuleList
    Module: Dropout
dropout设置为训练模式
    Module: Dropout
dropout设置为训练模式
    Module: Dropout
dropout设置为训练模式
  Module: ReLU
test_loss: 0.0957
epoch 196
train_loss: 0.1113
Module: DropoutFullyConnectedNN
  Module: ModuleList
    Module: Linear
    Module: Linear
    Module: Linear
  Module: ModuleList
    Module: Dropout
dropout设置为训练模式
    Module: Dropout
dropout设置为训练模式
    Module: Dropout
dropout设置为训练模式
  Module: ReLU
test_loss: 0.0961
epoch 197
train_loss: 0.1119
Module: DropoutFullyConnectedNN
  Module: ModuleList
    Module: Linear
    Module: Linear
    Module: Linear
  Module: ModuleList
    Module: Dropout
dropout设置为训练模式
    Module: Dropout
dropout设置为训练模式
    Module: Dropout
dropout设置为训练模式
  Module: ReLU
test_loss: 0.0957
epoch 198
train_loss: 0.1132
Module: DropoutFullyConnectedNN
  Module: ModuleList
    Module: Linear
    Module: Linear
    Module: Linear
  Module: ModuleList
    Module: Dropout
dropout设置为训练模式
    Module: Dropout
dropout设置为训练模式
    Module: Dropout
dropout设置为训练模式
  Module: ReLU
test_loss: 0.0954
epoch 199
train_loss: 0.1119
Module: DropoutFullyConnectedNN
  Module: ModuleList
    Module: Linear
    Module: Linear
    Module: Linear
  Module: ModuleList
    Module: Dropout
dropout设置为训练模式
    Module: Dropout
dropout设置为训练模式
    Module: Dropout
dropout设置为训练模式
  Module: ReLU
test_loss: 0.0953
epoch 200
train_loss: 0.1129
Module: DropoutFullyConnectedNN
  Module: ModuleList
    Module: Linear
    Module: Linear
    Module: Linear
  Module: ModuleList
    Module: Dropout
dropout设置为训练模式
    Module: Dropout
dropout设置为训练模式
    Module: Dropout
dropout设置为训练模式
  Module: ReLU
test_loss: 0.0947
epoch 201
train_loss: 0.1112
Module: DropoutFullyConnectedNN
  Module: ModuleList
    Module: Linear
    Module: Linear
    Module: Linear
  Module: ModuleList
    Module: Dropout
dropout设置为训练模式
    Module: Dropout
dropout设置为训练模式
    Module: Dropout
dropout设置为训练模式
  Module: ReLU
test_loss: 0.0950
epoch 202
train_loss: 0.1132
Module: DropoutFullyConnectedNN
  Module: ModuleList
    Module: Linear
    Module: Linear
    Module: Linear
  Module: ModuleList
    Module: Dropout
dropout设置为训练模式
    Module: Dropout
dropout设置为训练模式
    Module: Dropout
dropout设置为训练模式
  Module: ReLU
test_loss: 0.0950
epoch 203
train_loss: 0.1109
Module: DropoutFullyConnectedNN
  Module: ModuleList
    Module: Linear
    Module: Linear
    Module: Linear
  Module: ModuleList
    Module: Dropout
dropout设置为训练模式
    Module: Dropout
dropout设置为训练模式
    Module: Dropout
dropout设置为训练模式
  Module: ReLU
test_loss: 0.0943
epoch 204
train_loss: 0.1145
Module: DropoutFullyConnectedNN
  Module: ModuleList
    Module: Linear
    Module: Linear
    Module: Linear
  Module: ModuleList
    Module: Dropout
dropout设置为训练模式
    Module: Dropout
dropout设置为训练模式
    Module: Dropout
dropout设置为训练模式
  Module: ReLU
test_loss: 0.0943
epoch 205
train_loss: 0.1098
Module: DropoutFullyConnectedNN
  Module: ModuleList
    Module: Linear
    Module: Linear
    Module: Linear
  Module: ModuleList
    Module: Dropout
dropout设置为训练模式
    Module: Dropout
dropout设置为训练模式
    Module: Dropout
dropout设置为训练模式
  Module: ReLU
test_loss: 0.0942
epoch 206
train_loss: 0.1104
Module: DropoutFullyConnectedNN
  Module: ModuleList
    Module: Linear
    Module: Linear
    Module: Linear
  Module: ModuleList
    Module: Dropout
dropout设置为训练模式
    Module: Dropout
dropout设置为训练模式
    Module: Dropout
dropout设置为训练模式
  Module: ReLU
test_loss: 0.0947
epoch 207
train_loss: 0.1106
Module: DropoutFullyConnectedNN
  Module: ModuleList
    Module: Linear
    Module: Linear
    Module: Linear
  Module: ModuleList
    Module: Dropout
dropout设置为训练模式
    Module: Dropout
dropout设置为训练模式
    Module: Dropout
dropout设置为训练模式
  Module: ReLU
test_loss: 0.0934
epoch 208
train_loss: 0.1098
Module: DropoutFullyConnectedNN
  Module: ModuleList
    Module: Linear
    Module: Linear
    Module: Linear
  Module: ModuleList
    Module: Dropout
dropout设置为训练模式
    Module: Dropout
dropout设置为训练模式
    Module: Dropout
dropout设置为训练模式
  Module: ReLU
test_loss: 0.0944
epoch 209
train_loss: 0.1121
Module: DropoutFullyConnectedNN
  Module: ModuleList
    Module: Linear
    Module: Linear
    Module: Linear
  Module: ModuleList
    Module: Dropout
dropout设置为训练模式
    Module: Dropout
dropout设置为训练模式
    Module: Dropout
dropout设置为训练模式
  Module: ReLU
test_loss: 0.0935
epoch 210
train_loss: 0.1088
Module: DropoutFullyConnectedNN
  Module: ModuleList
    Module: Linear
    Module: Linear
    Module: Linear
  Module: ModuleList
    Module: Dropout
dropout设置为训练模式
    Module: Dropout
dropout设置为训练模式
    Module: Dropout
dropout设置为训练模式
  Module: ReLU
test_loss: 0.0931
epoch 211
train_loss: 0.1108
Module: DropoutFullyConnectedNN
  Module: ModuleList
    Module: Linear
    Module: Linear
    Module: Linear
  Module: ModuleList
    Module: Dropout
dropout设置为训练模式
    Module: Dropout
dropout设置为训练模式
    Module: Dropout
dropout设置为训练模式
  Module: ReLU
test_loss: 0.0932
epoch 212
train_loss: 0.1122
Module: DropoutFullyConnectedNN
  Module: ModuleList
    Module: Linear
    Module: Linear
    Module: Linear
  Module: ModuleList
    Module: Dropout
dropout设置为训练模式
    Module: Dropout
dropout设置为训练模式
    Module: Dropout
dropout设置为训练模式
  Module: ReLU
test_loss: 0.0935
epoch 213
train_loss: 0.1118
Module: DropoutFullyConnectedNN
  Module: ModuleList
    Module: Linear
    Module: Linear
    Module: Linear
  Module: ModuleList
    Module: Dropout
dropout设置为训练模式
    Module: Dropout
dropout设置为训练模式
    Module: Dropout
dropout设置为训练模式
  Module: ReLU
test_loss: 0.0942
epoch 214
train_loss: 0.1083
Module: DropoutFullyConnectedNN
  Module: ModuleList
    Module: Linear
    Module: Linear
    Module: Linear
  Module: ModuleList
    Module: Dropout
dropout设置为训练模式
    Module: Dropout
dropout设置为训练模式
    Module: Dropout
dropout设置为训练模式
  Module: ReLU
test_loss: 0.0928
epoch 215
train_loss: 0.1093
Module: DropoutFullyConnectedNN
  Module: ModuleList
    Module: Linear
    Module: Linear
    Module: Linear
  Module: ModuleList
    Module: Dropout
dropout设置为训练模式
    Module: Dropout
dropout设置为训练模式
    Module: Dropout
dropout设置为训练模式
  Module: ReLU
test_loss: 0.0931
epoch 216
train_loss: 0.1096
Module: DropoutFullyConnectedNN
  Module: ModuleList
    Module: Linear
    Module: Linear
    Module: Linear
  Module: ModuleList
    Module: Dropout
dropout设置为训练模式
    Module: Dropout
dropout设置为训练模式
    Module: Dropout
dropout设置为训练模式
  Module: ReLU
test_loss: 0.0925
epoch 217
train_loss: 0.1092
Module: DropoutFullyConnectedNN
  Module: ModuleList
    Module: Linear
    Module: Linear
    Module: Linear
  Module: ModuleList
    Module: Dropout
dropout设置为训练模式
    Module: Dropout
dropout设置为训练模式
    Module: Dropout
dropout设置为训练模式
  Module: ReLU
test_loss: 0.0922
epoch 218
train_loss: 0.1086
Module: DropoutFullyConnectedNN
  Module: ModuleList
    Module: Linear
    Module: Linear
    Module: Linear
  Module: ModuleList
    Module: Dropout
dropout设置为训练模式
    Module: Dropout
dropout设置为训练模式
    Module: Dropout
dropout设置为训练模式
  Module: ReLU
test_loss: 0.0924
epoch 219
train_loss: 0.1065
Module: DropoutFullyConnectedNN
  Module: ModuleList
    Module: Linear
    Module: Linear
    Module: Linear
  Module: ModuleList
    Module: Dropout
dropout设置为训练模式
    Module: Dropout
dropout设置为训练模式
    Module: Dropout
dropout设置为训练模式
  Module: ReLU
test_loss: 0.0922
epoch 220
train_loss: 0.1084
Module: DropoutFullyConnectedNN
  Module: ModuleList
    Module: Linear
    Module: Linear
    Module: Linear
  Module: ModuleList
    Module: Dropout
dropout设置为训练模式
    Module: Dropout
dropout设置为训练模式
    Module: Dropout
dropout设置为训练模式
  Module: ReLU
test_loss: 0.0928
epoch 221
train_loss: 0.1095
Module: DropoutFullyConnectedNN
  Module: ModuleList
    Module: Linear
    Module: Linear
    Module: Linear
  Module: ModuleList
    Module: Dropout
dropout设置为训练模式
    Module: Dropout
dropout设置为训练模式
    Module: Dropout
dropout设置为训练模式
  Module: ReLU
test_loss: 0.0917
epoch 222
train_loss: 0.1077
Module: DropoutFullyConnectedNN
  Module: ModuleList
    Module: Linear
    Module: Linear
    Module: Linear
  Module: ModuleList
    Module: Dropout
dropout设置为训练模式
    Module: Dropout
dropout设置为训练模式
    Module: Dropout
dropout设置为训练模式
  Module: ReLU
test_loss: 0.0917
epoch 223
train_loss: 0.1056
Module: DropoutFullyConnectedNN
  Module: ModuleList
    Module: Linear
    Module: Linear
    Module: Linear
  Module: ModuleList
    Module: Dropout
dropout设置为训练模式
    Module: Dropout
dropout设置为训练模式
    Module: Dropout
dropout设置为训练模式
  Module: ReLU
test_loss: 0.0925
epoch 224
train_loss: 0.1096
Module: DropoutFullyConnectedNN
  Module: ModuleList
    Module: Linear
    Module: Linear
    Module: Linear
  Module: ModuleList
    Module: Dropout
dropout设置为训练模式
    Module: Dropout
dropout设置为训练模式
    Module: Dropout
dropout设置为训练模式
  Module: ReLU
test_loss: 0.0921
epoch 225
train_loss: 0.1100
Module: DropoutFullyConnectedNN
  Module: ModuleList
    Module: Linear
    Module: Linear
    Module: Linear
  Module: ModuleList
    Module: Dropout
dropout设置为训练模式
    Module: Dropout
dropout设置为训练模式
    Module: Dropout
dropout设置为训练模式
  Module: ReLU
test_loss: 0.0917
epoch 226
train_loss: 0.1061
Module: DropoutFullyConnectedNN
  Module: ModuleList
    Module: Linear
    Module: Linear
    Module: Linear
  Module: ModuleList
    Module: Dropout
dropout设置为训练模式
    Module: Dropout
dropout设置为训练模式
    Module: Dropout
dropout设置为训练模式
  Module: ReLU
test_loss: 0.0917
epoch 227
train_loss: 0.1077
Module: DropoutFullyConnectedNN
  Module: ModuleList
    Module: Linear
    Module: Linear
    Module: Linear
  Module: ModuleList
    Module: Dropout
dropout设置为训练模式
    Module: Dropout
dropout设置为训练模式
    Module: Dropout
dropout设置为训练模式
  Module: ReLU
test_loss: 0.0913
epoch 228
train_loss: 0.1060
Module: DropoutFullyConnectedNN
  Module: ModuleList
    Module: Linear
    Module: Linear
    Module: Linear
  Module: ModuleList
    Module: Dropout
dropout设置为训练模式
    Module: Dropout
dropout设置为训练模式
    Module: Dropout
dropout设置为训练模式
  Module: ReLU
test_loss: 0.0909
epoch 229
train_loss: 0.1055
Module: DropoutFullyConnectedNN
  Module: ModuleList
    Module: Linear
    Module: Linear
    Module: Linear
  Module: ModuleList
    Module: Dropout
dropout设置为训练模式
    Module: Dropout
dropout设置为训练模式
    Module: Dropout
dropout设置为训练模式
  Module: ReLU
test_loss: 0.0902
epoch 230
train_loss: 0.1066
Module: DropoutFullyConnectedNN
  Module: ModuleList
    Module: Linear
    Module: Linear
    Module: Linear
  Module: ModuleList
    Module: Dropout
dropout设置为训练模式
    Module: Dropout
dropout设置为训练模式
    Module: Dropout
dropout设置为训练模式
  Module: ReLU
test_loss: 0.0910
epoch 231
train_loss: 0.1080
Module: DropoutFullyConnectedNN
  Module: ModuleList
    Module: Linear
    Module: Linear
    Module: Linear
  Module: ModuleList
    Module: Dropout
dropout设置为训练模式
    Module: Dropout
dropout设置为训练模式
    Module: Dropout
dropout设置为训练模式
  Module: ReLU
test_loss: 0.0914
epoch 232
train_loss: 0.1103
Module: DropoutFullyConnectedNN
  Module: ModuleList
    Module: Linear
    Module: Linear
    Module: Linear
  Module: ModuleList
    Module: Dropout
dropout设置为训练模式
    Module: Dropout
dropout设置为训练模式
    Module: Dropout
dropout设置为训练模式
  Module: ReLU
test_loss: 0.0909
epoch 233
train_loss: 0.1064
Module: DropoutFullyConnectedNN
  Module: ModuleList
    Module: Linear
    Module: Linear
    Module: Linear
  Module: ModuleList
    Module: Dropout
dropout设置为训练模式
    Module: Dropout
dropout设置为训练模式
    Module: Dropout
dropout设置为训练模式
  Module: ReLU
test_loss: 0.0904
epoch 234
train_loss: 0.1076
Module: DropoutFullyConnectedNN
  Module: ModuleList
    Module: Linear
    Module: Linear
    Module: Linear
  Module: ModuleList
    Module: Dropout
dropout设置为训练模式
    Module: Dropout
dropout设置为训练模式
    Module: Dropout
dropout设置为训练模式
  Module: ReLU
test_loss: 0.0915
epoch 235
train_loss: 0.1056
Module: DropoutFullyConnectedNN
  Module: ModuleList
    Module: Linear
    Module: Linear
    Module: Linear
  Module: ModuleList
    Module: Dropout
dropout设置为训练模式
    Module: Dropout
dropout设置为训练模式
    Module: Dropout
dropout设置为训练模式
  Module: ReLU
test_loss: 0.0904
epoch 236
train_loss: 0.1088
Module: DropoutFullyConnectedNN
  Module: ModuleList
    Module: Linear
    Module: Linear
    Module: Linear
  Module: ModuleList
    Module: Dropout
dropout设置为训练模式
    Module: Dropout
dropout设置为训练模式
    Module: Dropout
dropout设置为训练模式
  Module: ReLU
test_loss: 0.0902
epoch 237
train_loss: 0.1026
Module: DropoutFullyConnectedNN
  Module: ModuleList
    Module: Linear
    Module: Linear
    Module: Linear
  Module: ModuleList
    Module: Dropout
dropout设置为训练模式
    Module: Dropout
dropout设置为训练模式
    Module: Dropout
dropout设置为训练模式
  Module: ReLU
test_loss: 0.0903
epoch 238
train_loss: 0.1049
Module: DropoutFullyConnectedNN
  Module: ModuleList
    Module: Linear
    Module: Linear
    Module: Linear
  Module: ModuleList
    Module: Dropout
dropout设置为训练模式
    Module: Dropout
dropout设置为训练模式
    Module: Dropout
dropout设置为训练模式
  Module: ReLU
test_loss: 0.0902
epoch 239
train_loss: 0.1082
Module: DropoutFullyConnectedNN
  Module: ModuleList
    Module: Linear
    Module: Linear
    Module: Linear
  Module: ModuleList
    Module: Dropout
dropout设置为训练模式
    Module: Dropout
dropout设置为训练模式
    Module: Dropout
dropout设置为训练模式
  Module: ReLU
test_loss: 0.0900
epoch 240
train_loss: 0.1053
Module: DropoutFullyConnectedNN
  Module: ModuleList
    Module: Linear
    Module: Linear
    Module: Linear
  Module: ModuleList
    Module: Dropout
dropout设置为训练模式
    Module: Dropout
dropout设置为训练模式
    Module: Dropout
dropout设置为训练模式
  Module: ReLU
test_loss: 0.0905
epoch 241
train_loss: 0.1046
Module: DropoutFullyConnectedNN
  Module: ModuleList
    Module: Linear
    Module: Linear
    Module: Linear
  Module: ModuleList
    Module: Dropout
dropout设置为训练模式
    Module: Dropout
dropout设置为训练模式
    Module: Dropout
dropout设置为训练模式
  Module: ReLU
test_loss: 0.0901
epoch 242
train_loss: 0.1040
Module: DropoutFullyConnectedNN
  Module: ModuleList
    Module: Linear
    Module: Linear
    Module: Linear
  Module: ModuleList
    Module: Dropout
dropout设置为训练模式
    Module: Dropout
dropout设置为训练模式
    Module: Dropout
dropout设置为训练模式
  Module: ReLU
test_loss: 0.0894
epoch 243
train_loss: 0.1028
Module: DropoutFullyConnectedNN
  Module: ModuleList
    Module: Linear
    Module: Linear
    Module: Linear
  Module: ModuleList
    Module: Dropout
dropout设置为训练模式
    Module: Dropout
dropout设置为训练模式
    Module: Dropout
dropout设置为训练模式
  Module: ReLU
test_loss: 0.0894
epoch 244
train_loss: 0.1046
Module: DropoutFullyConnectedNN
  Module: ModuleList
    Module: Linear
    Module: Linear
    Module: Linear
  Module: ModuleList
    Module: Dropout
dropout设置为训练模式
    Module: Dropout
dropout设置为训练模式
    Module: Dropout
dropout设置为训练模式
  Module: ReLU
test_loss: 0.0895
epoch 245
train_loss: 0.1054
Module: DropoutFullyConnectedNN
  Module: ModuleList
    Module: Linear
    Module: Linear
    Module: Linear
  Module: ModuleList
    Module: Dropout
dropout设置为训练模式
    Module: Dropout
dropout设置为训练模式
    Module: Dropout
dropout设置为训练模式
  Module: ReLU
test_loss: 0.0896
epoch 246
train_loss: 0.1067
Module: DropoutFullyConnectedNN
  Module: ModuleList
    Module: Linear
    Module: Linear
    Module: Linear
  Module: ModuleList
    Module: Dropout
dropout设置为训练模式
    Module: Dropout
dropout设置为训练模式
    Module: Dropout
dropout设置为训练模式
  Module: ReLU
test_loss: 0.0890
epoch 247
train_loss: 0.1051
Module: DropoutFullyConnectedNN
  Module: ModuleList
    Module: Linear
    Module: Linear
    Module: Linear
  Module: ModuleList
    Module: Dropout
dropout设置为训练模式
    Module: Dropout
dropout设置为训练模式
    Module: Dropout
dropout设置为训练模式
  Module: ReLU
test_loss: 0.0890
epoch 248
train_loss: 0.1034
Module: DropoutFullyConnectedNN
  Module: ModuleList
    Module: Linear
    Module: Linear
    Module: Linear
  Module: ModuleList
    Module: Dropout
dropout设置为训练模式
    Module: Dropout
dropout设置为训练模式
    Module: Dropout
dropout设置为训练模式
  Module: ReLU
test_loss: 0.0887
epoch 249
train_loss: 0.1046
Module: DropoutFullyConnectedNN
  Module: ModuleList
    Module: Linear
    Module: Linear
    Module: Linear
  Module: ModuleList
    Module: Dropout
dropout设置为训练模式
    Module: Dropout
dropout设置为训练模式
    Module: Dropout
dropout设置为训练模式
  Module: ReLU
test_loss: 0.0884
epoch 250
train_loss: 0.1038
Module: DropoutFullyConnectedNN
  Module: ModuleList
    Module: Linear
    Module: Linear
    Module: Linear
  Module: ModuleList
    Module: Dropout
dropout设置为训练模式
    Module: Dropout
dropout设置为训练模式
    Module: Dropout
dropout设置为训练模式
  Module: ReLU
test_loss: 0.0886
epoch 251
train_loss: 0.1052
Module: DropoutFullyConnectedNN
  Module: ModuleList
    Module: Linear
    Module: Linear
    Module: Linear
  Module: ModuleList
    Module: Dropout
dropout设置为训练模式
    Module: Dropout
dropout设置为训练模式
    Module: Dropout
dropout设置为训练模式
  Module: ReLU
test_loss: 0.0889
epoch 252
train_loss: 0.1019
Module: DropoutFullyConnectedNN
  Module: ModuleList
    Module: Linear
    Module: Linear
    Module: Linear
  Module: ModuleList
    Module: Dropout
dropout设置为训练模式
    Module: Dropout
dropout设置为训练模式
    Module: Dropout
dropout设置为训练模式
  Module: ReLU
test_loss: 0.0877
epoch 253
train_loss: 0.1035
Module: DropoutFullyConnectedNN
  Module: ModuleList
    Module: Linear
    Module: Linear
    Module: Linear
  Module: ModuleList
    Module: Dropout
dropout设置为训练模式
    Module: Dropout
dropout设置为训练模式
    Module: Dropout
dropout设置为训练模式
  Module: ReLU
test_loss: 0.0882
epoch 254
train_loss: 0.1041
Module: DropoutFullyConnectedNN
  Module: ModuleList
    Module: Linear
    Module: Linear
    Module: Linear
  Module: ModuleList
    Module: Dropout
dropout设置为训练模式
    Module: Dropout
dropout设置为训练模式
    Module: Dropout
dropout设置为训练模式
  Module: ReLU
test_loss: 0.0885
epoch 255
train_loss: 0.1039
Module: DropoutFullyConnectedNN
  Module: ModuleList
    Module: Linear
    Module: Linear
    Module: Linear
  Module: ModuleList
    Module: Dropout
dropout设置为训练模式
    Module: Dropout
dropout设置为训练模式
    Module: Dropout
dropout设置为训练模式
  Module: ReLU
test_loss: 0.0885
epoch 256
train_loss: 0.1040
Module: DropoutFullyConnectedNN
  Module: ModuleList
    Module: Linear
    Module: Linear
    Module: Linear
  Module: ModuleList
    Module: Dropout
dropout设置为训练模式
    Module: Dropout
dropout设置为训练模式
    Module: Dropout
dropout设置为训练模式
  Module: ReLU
test_loss: 0.0886
epoch 257
train_loss: 0.1025
Module: DropoutFullyConnectedNN
  Module: ModuleList
    Module: Linear
    Module: Linear
    Module: Linear
  Module: ModuleList
    Module: Dropout
dropout设置为训练模式
    Module: Dropout
dropout设置为训练模式
    Module: Dropout
dropout设置为训练模式
  Module: ReLU
test_loss: 0.0881
epoch 258
train_loss: 0.1045
Module: DropoutFullyConnectedNN
  Module: ModuleList
    Module: Linear
    Module: Linear
    Module: Linear
  Module: ModuleList
    Module: Dropout
dropout设置为训练模式
    Module: Dropout
dropout设置为训练模式
    Module: Dropout
dropout设置为训练模式
  Module: ReLU
test_loss: 0.0876
epoch 259
train_loss: 0.1000
Module: DropoutFullyConnectedNN
  Module: ModuleList
    Module: Linear
    Module: Linear
    Module: Linear
  Module: ModuleList
    Module: Dropout
dropout设置为训练模式
    Module: Dropout
dropout设置为训练模式
    Module: Dropout
dropout设置为训练模式
  Module: ReLU
test_loss: 0.0877
epoch 260
train_loss: 0.1046
Module: DropoutFullyConnectedNN
  Module: ModuleList
    Module: Linear
    Module: Linear
    Module: Linear
  Module: ModuleList
    Module: Dropout
dropout设置为训练模式
    Module: Dropout
dropout设置为训练模式
    Module: Dropout
dropout设置为训练模式
  Module: ReLU
test_loss: 0.0880
epoch 261
train_loss: 0.1054
Module: DropoutFullyConnectedNN
  Module: ModuleList
    Module: Linear
    Module: Linear
    Module: Linear
  Module: ModuleList
    Module: Dropout
dropout设置为训练模式
    Module: Dropout
dropout设置为训练模式
    Module: Dropout
dropout设置为训练模式
  Module: ReLU
test_loss: 0.0877
epoch 262
train_loss: 0.1012
Module: DropoutFullyConnectedNN
  Module: ModuleList
    Module: Linear
    Module: Linear
    Module: Linear
  Module: ModuleList
    Module: Dropout
dropout设置为训练模式
    Module: Dropout
dropout设置为训练模式
    Module: Dropout
dropout设置为训练模式
  Module: ReLU
test_loss: 0.0881
epoch 263
train_loss: 0.1010
Module: DropoutFullyConnectedNN
  Module: ModuleList
    Module: Linear
    Module: Linear
    Module: Linear
  Module: ModuleList
    Module: Dropout
dropout设置为训练模式
    Module: Dropout
dropout设置为训练模式
    Module: Dropout
dropout设置为训练模式
  Module: ReLU
test_loss: 0.0873
epoch 264
train_loss: 0.1044
Module: DropoutFullyConnectedNN
  Module: ModuleList
    Module: Linear
    Module: Linear
    Module: Linear
  Module: ModuleList
    Module: Dropout
dropout设置为训练模式
    Module: Dropout
dropout设置为训练模式
    Module: Dropout
dropout设置为训练模式
  Module: ReLU
test_loss: 0.0876
epoch 265
train_loss: 0.1002
Module: DropoutFullyConnectedNN
  Module: ModuleList
    Module: Linear
    Module: Linear
    Module: Linear
  Module: ModuleList
    Module: Dropout
dropout设置为训练模式
    Module: Dropout
dropout设置为训练模式
    Module: Dropout
dropout设置为训练模式
  Module: ReLU
test_loss: 0.0866
epoch 266
train_loss: 0.1031
Module: DropoutFullyConnectedNN
  Module: ModuleList
    Module: Linear
    Module: Linear
    Module: Linear
  Module: ModuleList
    Module: Dropout
dropout设置为训练模式
    Module: Dropout
dropout设置为训练模式
    Module: Dropout
dropout设置为训练模式
  Module: ReLU
test_loss: 0.0872
epoch 267
train_loss: 0.1033
Module: DropoutFullyConnectedNN
  Module: ModuleList
    Module: Linear
    Module: Linear
    Module: Linear
  Module: ModuleList
    Module: Dropout
dropout设置为训练模式
    Module: Dropout
dropout设置为训练模式
    Module: Dropout
dropout设置为训练模式
  Module: ReLU
test_loss: 0.0873
epoch 268
train_loss: 0.1038
Module: DropoutFullyConnectedNN
  Module: ModuleList
    Module: Linear
    Module: Linear
    Module: Linear
  Module: ModuleList
    Module: Dropout
dropout设置为训练模式
    Module: Dropout
dropout设置为训练模式
    Module: Dropout
dropout设置为训练模式
  Module: ReLU
test_loss: 0.0872
epoch 269
train_loss: 0.1016
Module: DropoutFullyConnectedNN
  Module: ModuleList
    Module: Linear
    Module: Linear
    Module: Linear
  Module: ModuleList
    Module: Dropout
dropout设置为训练模式
    Module: Dropout
dropout设置为训练模式
    Module: Dropout
dropout设置为训练模式
  Module: ReLU
test_loss: 0.0869
epoch 270
train_loss: 0.1029
Module: DropoutFullyConnectedNN
  Module: ModuleList
    Module: Linear
    Module: Linear
    Module: Linear
  Module: ModuleList
    Module: Dropout
dropout设置为训练模式
    Module: Dropout
dropout设置为训练模式
    Module: Dropout
dropout设置为训练模式
  Module: ReLU
test_loss: 0.0867
epoch 271
train_loss: 0.1011
Module: DropoutFullyConnectedNN
  Module: ModuleList
    Module: Linear
    Module: Linear
    Module: Linear
  Module: ModuleList
    Module: Dropout
dropout设置为训练模式
    Module: Dropout
dropout设置为训练模式
    Module: Dropout
dropout设置为训练模式
  Module: ReLU
test_loss: 0.0876
epoch 272
train_loss: 0.1013
Module: DropoutFullyConnectedNN
  Module: ModuleList
    Module: Linear
    Module: Linear
    Module: Linear
  Module: ModuleList
    Module: Dropout
dropout设置为训练模式
    Module: Dropout
dropout设置为训练模式
    Module: Dropout
dropout设置为训练模式
  Module: ReLU
test_loss: 0.0866
epoch 273
train_loss: 0.1043
Module: DropoutFullyConnectedNN
  Module: ModuleList
    Module: Linear
    Module: Linear
    Module: Linear
  Module: ModuleList
    Module: Dropout
dropout设置为训练模式
    Module: Dropout
dropout设置为训练模式
    Module: Dropout
dropout设置为训练模式
  Module: ReLU
test_loss: 0.0866
epoch 274
train_loss: 0.1024
Module: DropoutFullyConnectedNN
  Module: ModuleList
    Module: Linear
    Module: Linear
    Module: Linear
  Module: ModuleList
    Module: Dropout
dropout设置为训练模式
    Module: Dropout
dropout设置为训练模式
    Module: Dropout
dropout设置为训练模式
  Module: ReLU
test_loss: 0.0864
epoch 275
train_loss: 0.1014
Module: DropoutFullyConnectedNN
  Module: ModuleList
    Module: Linear
    Module: Linear
    Module: Linear
  Module: ModuleList
    Module: Dropout
dropout设置为训练模式
    Module: Dropout
dropout设置为训练模式
    Module: Dropout
dropout设置为训练模式
  Module: ReLU
test_loss: 0.0862
epoch 276
train_loss: 0.1011
Module: DropoutFullyConnectedNN
  Module: ModuleList
    Module: Linear
    Module: Linear
    Module: Linear
  Module: ModuleList
    Module: Dropout
dropout设置为训练模式
    Module: Dropout
dropout设置为训练模式
    Module: Dropout
dropout设置为训练模式
  Module: ReLU
test_loss: 0.0863
epoch 277
train_loss: 0.1019
Module: DropoutFullyConnectedNN
  Module: ModuleList
    Module: Linear
    Module: Linear
    Module: Linear
  Module: ModuleList
    Module: Dropout
dropout设置为训练模式
    Module: Dropout
dropout设置为训练模式
    Module: Dropout
dropout设置为训练模式
  Module: ReLU
test_loss: 0.0869
epoch 278
train_loss: 0.0995
Module: DropoutFullyConnectedNN
  Module: ModuleList
    Module: Linear
    Module: Linear
    Module: Linear
  Module: ModuleList
    Module: Dropout
dropout设置为训练模式
    Module: Dropout
dropout设置为训练模式
    Module: Dropout
dropout设置为训练模式
  Module: ReLU
test_loss: 0.0862
epoch 279
train_loss: 0.1000
Module: DropoutFullyConnectedNN
  Module: ModuleList
    Module: Linear
    Module: Linear
    Module: Linear
  Module: ModuleList
    Module: Dropout
dropout设置为训练模式
    Module: Dropout
dropout设置为训练模式
    Module: Dropout
dropout设置为训练模式
  Module: ReLU
test_loss: 0.0867
epoch 280
train_loss: 0.0989
Module: DropoutFullyConnectedNN
  Module: ModuleList
    Module: Linear
    Module: Linear
    Module: Linear
  Module: ModuleList
    Module: Dropout
dropout设置为训练模式
    Module: Dropout
dropout设置为训练模式
    Module: Dropout
dropout设置为训练模式
  Module: ReLU
test_loss: 0.0858
epoch 281
train_loss: 0.1019
Module: DropoutFullyConnectedNN
  Module: ModuleList
    Module: Linear
    Module: Linear
    Module: Linear
  Module: ModuleList
    Module: Dropout
dropout设置为训练模式
    Module: Dropout
dropout设置为训练模式
    Module: Dropout
dropout设置为训练模式
  Module: ReLU
test_loss: 0.0869
epoch 282
train_loss: 0.0998
Module: DropoutFullyConnectedNN
  Module: ModuleList
    Module: Linear
    Module: Linear
    Module: Linear
  Module: ModuleList
    Module: Dropout
dropout设置为训练模式
    Module: Dropout
dropout设置为训练模式
    Module: Dropout
dropout设置为训练模式
  Module: ReLU
test_loss: 0.0861
epoch 283
train_loss: 0.1004
Module: DropoutFullyConnectedNN
  Module: ModuleList
    Module: Linear
    Module: Linear
    Module: Linear
  Module: ModuleList
    Module: Dropout
dropout设置为训练模式
    Module: Dropout
dropout设置为训练模式
    Module: Dropout
dropout设置为训练模式
  Module: ReLU
test_loss: 0.0863
epoch 284
train_loss: 0.1010
Module: DropoutFullyConnectedNN
  Module: ModuleList
    Module: Linear
    Module: Linear
    Module: Linear
  Module: ModuleList
    Module: Dropout
dropout设置为训练模式
    Module: Dropout
dropout设置为训练模式
    Module: Dropout
dropout设置为训练模式
  Module: ReLU
test_loss: 0.0862
epoch 285
train_loss: 0.0989
Module: DropoutFullyConnectedNN
  Module: ModuleList
    Module: Linear
    Module: Linear
    Module: Linear
  Module: ModuleList
    Module: Dropout
dropout设置为训练模式
    Module: Dropout
dropout设置为训练模式
    Module: Dropout
dropout设置为训练模式
  Module: ReLU
test_loss: 0.0861
epoch 286
train_loss: 0.1026
Module: DropoutFullyConnectedNN
  Module: ModuleList
    Module: Linear
    Module: Linear
    Module: Linear
  Module: ModuleList
    Module: Dropout
dropout设置为训练模式
    Module: Dropout
dropout设置为训练模式
    Module: Dropout
dropout设置为训练模式
  Module: ReLU
test_loss: 0.0862
epoch 287
train_loss: 0.0999
Module: DropoutFullyConnectedNN
  Module: ModuleList
    Module: Linear
    Module: Linear
    Module: Linear
  Module: ModuleList
    Module: Dropout
dropout设置为训练模式
    Module: Dropout
dropout设置为训练模式
    Module: Dropout
dropout设置为训练模式
  Module: ReLU
test_loss: 0.0860
epoch 288
train_loss: 0.0997
Module: DropoutFullyConnectedNN
  Module: ModuleList
    Module: Linear
    Module: Linear
    Module: Linear
  Module: ModuleList
    Module: Dropout
dropout设置为训练模式
    Module: Dropout
dropout设置为训练模式
    Module: Dropout
dropout设置为训练模式
  Module: ReLU
test_loss: 0.0855
epoch 289
train_loss: 0.0993
Module: DropoutFullyConnectedNN
  Module: ModuleList
    Module: Linear
    Module: Linear
    Module: Linear
  Module: ModuleList
    Module: Dropout
dropout设置为训练模式
    Module: Dropout
dropout设置为训练模式
    Module: Dropout
dropout设置为训练模式
  Module: ReLU
test_loss: 0.0852
epoch 290
train_loss: 0.0996
Module: DropoutFullyConnectedNN
  Module: ModuleList
    Module: Linear
    Module: Linear
    Module: Linear
  Module: ModuleList
    Module: Dropout
dropout设置为训练模式
    Module: Dropout
dropout设置为训练模式
    Module: Dropout
dropout设置为训练模式
  Module: ReLU
test_loss: 0.0869
epoch 291
train_loss: 0.1000
Module: DropoutFullyConnectedNN
  Module: ModuleList
    Module: Linear
    Module: Linear
    Module: Linear
  Module: ModuleList
    Module: Dropout
dropout设置为训练模式
    Module: Dropout
dropout设置为训练模式
    Module: Dropout
dropout设置为训练模式
  Module: ReLU
test_loss: 0.0856
epoch 292
train_loss: 0.1004
Module: DropoutFullyConnectedNN
  Module: ModuleList
    Module: Linear
    Module: Linear
    Module: Linear
  Module: ModuleList
    Module: Dropout
dropout设置为训练模式
    Module: Dropout
dropout设置为训练模式
    Module: Dropout
dropout设置为训练模式
  Module: ReLU
test_loss: 0.0857
epoch 293
train_loss: 0.0983
Module: DropoutFullyConnectedNN
  Module: ModuleList
    Module: Linear
    Module: Linear
    Module: Linear
  Module: ModuleList
    Module: Dropout
dropout设置为训练模式
    Module: Dropout
dropout设置为训练模式
    Module: Dropout
dropout设置为训练模式
  Module: ReLU
test_loss: 0.0856
epoch 294
train_loss: 0.1002
Module: DropoutFullyConnectedNN
  Module: ModuleList
    Module: Linear
    Module: Linear
    Module: Linear
  Module: ModuleList
    Module: Dropout
dropout设置为训练模式
    Module: Dropout
dropout设置为训练模式
    Module: Dropout
dropout设置为训练模式
  Module: ReLU
test_loss: 0.0854
epoch 295
train_loss: 0.0975
Module: DropoutFullyConnectedNN
  Module: ModuleList
    Module: Linear
    Module: Linear
    Module: Linear
  Module: ModuleList
    Module: Dropout
dropout设置为训练模式
    Module: Dropout
dropout设置为训练模式
    Module: Dropout
dropout设置为训练模式
  Module: ReLU
test_loss: 0.0857
epoch 296
train_loss: 0.0994
Module: DropoutFullyConnectedNN
  Module: ModuleList
    Module: Linear
    Module: Linear
    Module: Linear
  Module: ModuleList
    Module: Dropout
dropout设置为训练模式
    Module: Dropout
dropout设置为训练模式
    Module: Dropout
dropout设置为训练模式
  Module: ReLU
test_loss: 0.0859
epoch 297
train_loss: 0.0986
Module: DropoutFullyConnectedNN
  Module: ModuleList
    Module: Linear
    Module: Linear
    Module: Linear
  Module: ModuleList
    Module: Dropout
dropout设置为训练模式
    Module: Dropout
dropout设置为训练模式
    Module: Dropout
dropout设置为训练模式
  Module: ReLU
test_loss: 0.0852
epoch 298
train_loss: 0.0988
Module: DropoutFullyConnectedNN
  Module: ModuleList
    Module: Linear
    Module: Linear
    Module: Linear
  Module: ModuleList
    Module: Dropout
dropout设置为训练模式
    Module: Dropout
dropout设置为训练模式
    Module: Dropout
dropout设置为训练模式
  Module: ReLU
test_loss: 0.0846
epoch 299
train_loss: 0.0968
Module: DropoutFullyConnectedNN
  Module: ModuleList
    Module: Linear
    Module: Linear
    Module: Linear
  Module: ModuleList
    Module: Dropout
dropout设置为训练模式
    Module: Dropout
dropout设置为训练模式
    Module: Dropout
dropout设置为训练模式
  Module: ReLU
test_loss: 0.0845
epoch 300
train_loss: 0.0993
Module: DropoutFullyConnectedNN
  Module: ModuleList
    Module: Linear
    Module: Linear
    Module: Linear
  Module: ModuleList
    Module: Dropout
dropout设置为训练模式
    Module: Dropout
dropout设置为训练模式
    Module: Dropout
dropout设置为训练模式
  Module: ReLU
test_loss: 0.0851
epoch 301
train_loss: 0.0985
Module: DropoutFullyConnectedNN
  Module: ModuleList
    Module: Linear
    Module: Linear
    Module: Linear
  Module: ModuleList
    Module: Dropout
dropout设置为训练模式
    Module: Dropout
dropout设置为训练模式
    Module: Dropout
dropout设置为训练模式
  Module: ReLU
test_loss: 0.0849
epoch 302
train_loss: 0.0983
Module: DropoutFullyConnectedNN
  Module: ModuleList
    Module: Linear
    Module: Linear
    Module: Linear
  Module: ModuleList
    Module: Dropout
dropout设置为训练模式
    Module: Dropout
dropout设置为训练模式
    Module: Dropout
dropout设置为训练模式
  Module: ReLU
test_loss: 0.0848
epoch 303
train_loss: 0.0978
Module: DropoutFullyConnectedNN
  Module: ModuleList
    Module: Linear
    Module: Linear
    Module: Linear
  Module: ModuleList
    Module: Dropout
dropout设置为训练模式
    Module: Dropout
dropout设置为训练模式
    Module: Dropout
dropout设置为训练模式
  Module: ReLU
test_loss: 0.0845
epoch 304
train_loss: 0.0988
Module: DropoutFullyConnectedNN
  Module: ModuleList
    Module: Linear
    Module: Linear
    Module: Linear
  Module: ModuleList
    Module: Dropout
dropout设置为训练模式
    Module: Dropout
dropout设置为训练模式
    Module: Dropout
dropout设置为训练模式
  Module: ReLU
test_loss: 0.0854
epoch 305
train_loss: 0.0993
Module: DropoutFullyConnectedNN
  Module: ModuleList
    Module: Linear
    Module: Linear
    Module: Linear
  Module: ModuleList
    Module: Dropout
dropout设置为训练模式
    Module: Dropout
dropout设置为训练模式
    Module: Dropout
dropout设置为训练模式
  Module: ReLU
test_loss: 0.0853
epoch 306
train_loss: 0.0976
Module: DropoutFullyConnectedNN
  Module: ModuleList
    Module: Linear
    Module: Linear
    Module: Linear
  Module: ModuleList
    Module: Dropout
dropout设置为训练模式
    Module: Dropout
dropout设置为训练模式
    Module: Dropout
dropout设置为训练模式
  Module: ReLU
test_loss: 0.0847
epoch 307
train_loss: 0.0980
Module: DropoutFullyConnectedNN
  Module: ModuleList
    Module: Linear
    Module: Linear
    Module: Linear
  Module: ModuleList
    Module: Dropout
dropout设置为训练模式
    Module: Dropout
dropout设置为训练模式
    Module: Dropout
dropout设置为训练模式
  Module: ReLU
test_loss: 0.0848
epoch 308
train_loss: 0.0973
Module: DropoutFullyConnectedNN
  Module: ModuleList
    Module: Linear
    Module: Linear
    Module: Linear
  Module: ModuleList
    Module: Dropout
dropout设置为训练模式
    Module: Dropout
dropout设置为训练模式
    Module: Dropout
dropout设置为训练模式
  Module: ReLU
test_loss: 0.0847
epoch 309
train_loss: 0.0979
Module: DropoutFullyConnectedNN
  Module: ModuleList
    Module: Linear
    Module: Linear
    Module: Linear
  Module: ModuleList
    Module: Dropout
dropout设置为训练模式
    Module: Dropout
dropout设置为训练模式
    Module: Dropout
dropout设置为训练模式
  Module: ReLU
test_loss: 0.0850
epoch 310
train_loss: 0.0980
Module: DropoutFullyConnectedNN
  Module: ModuleList
    Module: Linear
    Module: Linear
    Module: Linear
  Module: ModuleList
    Module: Dropout
dropout设置为训练模式
    Module: Dropout
dropout设置为训练模式
    Module: Dropout
dropout设置为训练模式
  Module: ReLU
test_loss: 0.0847
epoch 311
train_loss: 0.0958
Module: DropoutFullyConnectedNN
  Module: ModuleList
    Module: Linear
    Module: Linear
    Module: Linear
  Module: ModuleList
    Module: Dropout
dropout设置为训练模式
    Module: Dropout
dropout设置为训练模式
    Module: Dropout
dropout设置为训练模式
  Module: ReLU
test_loss: 0.0844
epoch 312
train_loss: 0.0973
Module: DropoutFullyConnectedNN
  Module: ModuleList
    Module: Linear
    Module: Linear
    Module: Linear
  Module: ModuleList
    Module: Dropout
dropout设置为训练模式
    Module: Dropout
dropout设置为训练模式
    Module: Dropout
dropout设置为训练模式
  Module: ReLU
test_loss: 0.0846
epoch 313
train_loss: 0.0968
Module: DropoutFullyConnectedNN
  Module: ModuleList
    Module: Linear
    Module: Linear
    Module: Linear
  Module: ModuleList
    Module: Dropout
dropout设置为训练模式
    Module: Dropout
dropout设置为训练模式
    Module: Dropout
dropout设置为训练模式
  Module: ReLU
test_loss: 0.0848
epoch 314
train_loss: 0.0950
Module: DropoutFullyConnectedNN
  Module: ModuleList
    Module: Linear
    Module: Linear
    Module: Linear
  Module: ModuleList
    Module: Dropout
dropout设置为训练模式
    Module: Dropout
dropout设置为训练模式
    Module: Dropout
dropout设置为训练模式
  Module: ReLU
test_loss: 0.0847
epoch 315
train_loss: 0.0956
Module: DropoutFullyConnectedNN
  Module: ModuleList
    Module: Linear
    Module: Linear
    Module: Linear
  Module: ModuleList
    Module: Dropout
dropout设置为训练模式
    Module: Dropout
dropout设置为训练模式
    Module: Dropout
dropout设置为训练模式
  Module: ReLU
test_loss: 0.0841
epoch 316
train_loss: 0.0975
Module: DropoutFullyConnectedNN
  Module: ModuleList
    Module: Linear
    Module: Linear
    Module: Linear
  Module: ModuleList
    Module: Dropout
dropout设置为训练模式
    Module: Dropout
dropout设置为训练模式
    Module: Dropout
dropout设置为训练模式
  Module: ReLU
test_loss: 0.0841
epoch 317
train_loss: 0.0977
Module: DropoutFullyConnectedNN
  Module: ModuleList
    Module: Linear
    Module: Linear
    Module: Linear
  Module: ModuleList
    Module: Dropout
dropout设置为训练模式
    Module: Dropout
dropout设置为训练模式
    Module: Dropout
dropout设置为训练模式
  Module: ReLU
test_loss: 0.0840
epoch 318
train_loss: 0.0978
Module: DropoutFullyConnectedNN
  Module: ModuleList
    Module: Linear
    Module: Linear
    Module: Linear
  Module: ModuleList
    Module: Dropout
dropout设置为训练模式
    Module: Dropout
dropout设置为训练模式
    Module: Dropout
dropout设置为训练模式
  Module: ReLU
test_loss: 0.0844
epoch 319
train_loss: 0.0953
Module: DropoutFullyConnectedNN
  Module: ModuleList
    Module: Linear
    Module: Linear
    Module: Linear
  Module: ModuleList
    Module: Dropout
dropout设置为训练模式
    Module: Dropout
dropout设置为训练模式
    Module: Dropout
dropout设置为训练模式
  Module: ReLU
test_loss: 0.0836
epoch 320
train_loss: 0.0974
Module: DropoutFullyConnectedNN
  Module: ModuleList
    Module: Linear
    Module: Linear
    Module: Linear
  Module: ModuleList
    Module: Dropout
dropout设置为训练模式
    Module: Dropout
dropout设置为训练模式
    Module: Dropout
dropout设置为训练模式
  Module: ReLU
test_loss: 0.0832
epoch 321
train_loss: 0.0970
Module: DropoutFullyConnectedNN
  Module: ModuleList
    Module: Linear
    Module: Linear
    Module: Linear
  Module: ModuleList
    Module: Dropout
dropout设置为训练模式
    Module: Dropout
dropout设置为训练模式
    Module: Dropout
dropout设置为训练模式
  Module: ReLU
test_loss: 0.0835
epoch 322
train_loss: 0.0957
Module: DropoutFullyConnectedNN
  Module: ModuleList
    Module: Linear
    Module: Linear
    Module: Linear
  Module: ModuleList
    Module: Dropout
dropout设置为训练模式
    Module: Dropout
dropout设置为训练模式
    Module: Dropout
dropout设置为训练模式
  Module: ReLU
test_loss: 0.0835
epoch 323
train_loss: 0.0967
Module: DropoutFullyConnectedNN
  Module: ModuleList
    Module: Linear
    Module: Linear
    Module: Linear
  Module: ModuleList
    Module: Dropout
dropout设置为训练模式
    Module: Dropout
dropout设置为训练模式
    Module: Dropout
dropout设置为训练模式
  Module: ReLU
test_loss: 0.0836
epoch 324
train_loss: 0.0948
Module: DropoutFullyConnectedNN
  Module: ModuleList
    Module: Linear
    Module: Linear
    Module: Linear
  Module: ModuleList
    Module: Dropout
dropout设置为训练模式
    Module: Dropout
dropout设置为训练模式
    Module: Dropout
dropout设置为训练模式
  Module: ReLU
test_loss: 0.0827
epoch 325
train_loss: 0.0957
Module: DropoutFullyConnectedNN
  Module: ModuleList
    Module: Linear
    Module: Linear
    Module: Linear
  Module: ModuleList
    Module: Dropout
dropout设置为训练模式
    Module: Dropout
dropout设置为训练模式
    Module: Dropout
dropout设置为训练模式
  Module: ReLU
test_loss: 0.0832
epoch 326
train_loss: 0.0974
Module: DropoutFullyConnectedNN
  Module: ModuleList
    Module: Linear
    Module: Linear
    Module: Linear
  Module: ModuleList
    Module: Dropout
dropout设置为训练模式
    Module: Dropout
dropout设置为训练模式
    Module: Dropout
dropout设置为训练模式
  Module: ReLU
test_loss: 0.0836
epoch 327
train_loss: 0.0967
Module: DropoutFullyConnectedNN
  Module: ModuleList
    Module: Linear
    Module: Linear
    Module: Linear
  Module: ModuleList
    Module: Dropout
dropout设置为训练模式
    Module: Dropout
dropout设置为训练模式
    Module: Dropout
dropout设置为训练模式
  Module: ReLU
test_loss: 0.0832
epoch 328
train_loss: 0.0961
Module: DropoutFullyConnectedNN
  Module: ModuleList
    Module: Linear
    Module: Linear
    Module: Linear
  Module: ModuleList
    Module: Dropout
dropout设置为训练模式
    Module: Dropout
dropout设置为训练模式
    Module: Dropout
dropout设置为训练模式
  Module: ReLU
test_loss: 0.0836
epoch 329
train_loss: 0.0973
Module: DropoutFullyConnectedNN
  Module: ModuleList
    Module: Linear
    Module: Linear
    Module: Linear
  Module: ModuleList
    Module: Dropout
dropout设置为训练模式
    Module: Dropout
dropout设置为训练模式
    Module: Dropout
dropout设置为训练模式
  Module: ReLU
test_loss: 0.0837
epoch 330
train_loss: 0.0965
Module: DropoutFullyConnectedNN
  Module: ModuleList
    Module: Linear
    Module: Linear
    Module: Linear
  Module: ModuleList
    Module: Dropout
dropout设置为训练模式
    Module: Dropout
dropout设置为训练模式
    Module: Dropout
dropout设置为训练模式
  Module: ReLU
test_loss: 0.0828
epoch 331
train_loss: 0.0960
Module: DropoutFullyConnectedNN
  Module: ModuleList
    Module: Linear
    Module: Linear
    Module: Linear
  Module: ModuleList
    Module: Dropout
dropout设置为训练模式
    Module: Dropout
dropout设置为训练模式
    Module: Dropout
dropout设置为训练模式
  Module: ReLU
test_loss: 0.0828
epoch 332
train_loss: 0.0935
Module: DropoutFullyConnectedNN
  Module: ModuleList
    Module: Linear
    Module: Linear
    Module: Linear
  Module: ModuleList
    Module: Dropout
dropout设置为训练模式
    Module: Dropout
dropout设置为训练模式
    Module: Dropout
dropout设置为训练模式
  Module: ReLU
test_loss: 0.0823
epoch 333
train_loss: 0.0965
Module: DropoutFullyConnectedNN
  Module: ModuleList
    Module: Linear
    Module: Linear
    Module: Linear
  Module: ModuleList
    Module: Dropout
dropout设置为训练模式
    Module: Dropout
dropout设置为训练模式
    Module: Dropout
dropout设置为训练模式
  Module: ReLU
test_loss: 0.0828
epoch 334
train_loss: 0.0969
Module: DropoutFullyConnectedNN
  Module: ModuleList
    Module: Linear
    Module: Linear
    Module: Linear
  Module: ModuleList
    Module: Dropout
dropout设置为训练模式
    Module: Dropout
dropout设置为训练模式
    Module: Dropout
dropout设置为训练模式
  Module: ReLU
test_loss: 0.0831
epoch 335
train_loss: 0.0947
Module: DropoutFullyConnectedNN
  Module: ModuleList
    Module: Linear
    Module: Linear
    Module: Linear
  Module: ModuleList
    Module: Dropout
dropout设置为训练模式
    Module: Dropout
dropout设置为训练模式
    Module: Dropout
dropout设置为训练模式
  Module: ReLU
test_loss: 0.0823
epoch 336
train_loss: 0.0954
Module: DropoutFullyConnectedNN
  Module: ModuleList
    Module: Linear
    Module: Linear
    Module: Linear
  Module: ModuleList
    Module: Dropout
dropout设置为训练模式
    Module: Dropout
dropout设置为训练模式
    Module: Dropout
dropout设置为训练模式
  Module: ReLU
test_loss: 0.0828
epoch 337
train_loss: 0.0966
Module: DropoutFullyConnectedNN
  Module: ModuleList
    Module: Linear
    Module: Linear
    Module: Linear
  Module: ModuleList
    Module: Dropout
dropout设置为训练模式
    Module: Dropout
dropout设置为训练模式
    Module: Dropout
dropout设置为训练模式
  Module: ReLU
test_loss: 0.0826
epoch 338
train_loss: 0.0937
Module: DropoutFullyConnectedNN
  Module: ModuleList
    Module: Linear
    Module: Linear
    Module: Linear
  Module: ModuleList
    Module: Dropout
dropout设置为训练模式
    Module: Dropout
dropout设置为训练模式
    Module: Dropout
dropout设置为训练模式
  Module: ReLU
test_loss: 0.0824
epoch 339
train_loss: 0.0962
Module: DropoutFullyConnectedNN
  Module: ModuleList
    Module: Linear
    Module: Linear
    Module: Linear
  Module: ModuleList
    Module: Dropout
dropout设置为训练模式
    Module: Dropout
dropout设置为训练模式
    Module: Dropout
dropout设置为训练模式
  Module: ReLU
test_loss: 0.0819
epoch 340
train_loss: 0.0961
Module: DropoutFullyConnectedNN
  Module: ModuleList
    Module: Linear
    Module: Linear
    Module: Linear
  Module: ModuleList
    Module: Dropout
dropout设置为训练模式
    Module: Dropout
dropout设置为训练模式
    Module: Dropout
dropout设置为训练模式
  Module: ReLU
test_loss: 0.0818
epoch 341
train_loss: 0.0979
Module: DropoutFullyConnectedNN
  Module: ModuleList
    Module: Linear
    Module: Linear
    Module: Linear
  Module: ModuleList
    Module: Dropout
dropout设置为训练模式
    Module: Dropout
dropout设置为训练模式
    Module: Dropout
dropout设置为训练模式
  Module: ReLU
test_loss: 0.0824
epoch 342
train_loss: 0.0956
Module: DropoutFullyConnectedNN
  Module: ModuleList
    Module: Linear
    Module: Linear
    Module: Linear
  Module: ModuleList
    Module: Dropout
dropout设置为训练模式
    Module: Dropout
dropout设置为训练模式
    Module: Dropout
dropout设置为训练模式
  Module: ReLU
test_loss: 0.0821
epoch 343
train_loss: 0.0955
Module: DropoutFullyConnectedNN
  Module: ModuleList
    Module: Linear
    Module: Linear
    Module: Linear
  Module: ModuleList
    Module: Dropout
dropout设置为训练模式
    Module: Dropout
dropout设置为训练模式
    Module: Dropout
dropout设置为训练模式
  Module: ReLU
test_loss: 0.0817
epoch 344
train_loss: 0.0941
Module: DropoutFullyConnectedNN
  Module: ModuleList
    Module: Linear
    Module: Linear
    Module: Linear
  Module: ModuleList
    Module: Dropout
dropout设置为训练模式
    Module: Dropout
dropout设置为训练模式
    Module: Dropout
dropout设置为训练模式
  Module: ReLU
test_loss: 0.0824
epoch 345
train_loss: 0.0940
Module: DropoutFullyConnectedNN
  Module: ModuleList
    Module: Linear
    Module: Linear
    Module: Linear
  Module: ModuleList
    Module: Dropout
dropout设置为训练模式
    Module: Dropout
dropout设置为训练模式
    Module: Dropout
dropout设置为训练模式
  Module: ReLU
test_loss: 0.0825
epoch 346
train_loss: 0.0953
Module: DropoutFullyConnectedNN
  Module: ModuleList
    Module: Linear
    Module: Linear
    Module: Linear
  Module: ModuleList
    Module: Dropout
dropout设置为训练模式
    Module: Dropout
dropout设置为训练模式
    Module: Dropout
dropout设置为训练模式
  Module: ReLU
test_loss: 0.0822
epoch 347
train_loss: 0.0956
Module: DropoutFullyConnectedNN
  Module: ModuleList
    Module: Linear
    Module: Linear
    Module: Linear
  Module: ModuleList
    Module: Dropout
dropout设置为训练模式
    Module: Dropout
dropout设置为训练模式
    Module: Dropout
dropout设置为训练模式
  Module: ReLU
test_loss: 0.0821
epoch 348
train_loss: 0.0947
Module: DropoutFullyConnectedNN
  Module: ModuleList
    Module: Linear
    Module: Linear
    Module: Linear
  Module: ModuleList
    Module: Dropout
dropout设置为训练模式
    Module: Dropout
dropout设置为训练模式
    Module: Dropout
dropout设置为训练模式
  Module: ReLU
test_loss: 0.0821
epoch 349
train_loss: 0.0941
Module: DropoutFullyConnectedNN
  Module: ModuleList
    Module: Linear
    Module: Linear
    Module: Linear
  Module: ModuleList
    Module: Dropout
dropout设置为训练模式
    Module: Dropout
dropout设置为训练模式
    Module: Dropout
dropout设置为训练模式
  Module: ReLU
test_loss: 0.0818
epoch 350
train_loss: 0.0942
Module: DropoutFullyConnectedNN
  Module: ModuleList
    Module: Linear
    Module: Linear
    Module: Linear
  Module: ModuleList
    Module: Dropout
dropout设置为训练模式
    Module: Dropout
dropout设置为训练模式
    Module: Dropout
dropout设置为训练模式
  Module: ReLU
test_loss: 0.0821
epoch 351
train_loss: 0.0932
Module: DropoutFullyConnectedNN
  Module: ModuleList
    Module: Linear
    Module: Linear
    Module: Linear
  Module: ModuleList
    Module: Dropout
dropout设置为训练模式
    Module: Dropout
dropout设置为训练模式
    Module: Dropout
dropout设置为训练模式
  Module: ReLU
test_loss: 0.0821
epoch 352
train_loss: 0.0965
Module: DropoutFullyConnectedNN
  Module: ModuleList
    Module: Linear
    Module: Linear
    Module: Linear
  Module: ModuleList
    Module: Dropout
dropout设置为训练模式
    Module: Dropout
dropout设置为训练模式
    Module: Dropout
dropout设置为训练模式
  Module: ReLU
test_loss: 0.0822
epoch 353
train_loss: 0.0951
Module: DropoutFullyConnectedNN
  Module: ModuleList
    Module: Linear
    Module: Linear
    Module: Linear
  Module: ModuleList
    Module: Dropout
dropout设置为训练模式
    Module: Dropout
dropout设置为训练模式
    Module: Dropout
dropout设置为训练模式
  Module: ReLU
test_loss: 0.0819
epoch 354
train_loss: 0.0944
Module: DropoutFullyConnectedNN
  Module: ModuleList
    Module: Linear
    Module: Linear
    Module: Linear
  Module: ModuleList
    Module: Dropout
dropout设置为训练模式
    Module: Dropout
dropout设置为训练模式
    Module: Dropout
dropout设置为训练模式
  Module: ReLU
test_loss: 0.0820
epoch 355
train_loss: 0.0933
Module: DropoutFullyConnectedNN
  Module: ModuleList
    Module: Linear
    Module: Linear
    Module: Linear
  Module: ModuleList
    Module: Dropout
dropout设置为训练模式
    Module: Dropout
dropout设置为训练模式
    Module: Dropout
dropout设置为训练模式
  Module: ReLU
test_loss: 0.0818
epoch 356
train_loss: 0.0962
Module: DropoutFullyConnectedNN
  Module: ModuleList
    Module: Linear
    Module: Linear
    Module: Linear
  Module: ModuleList
    Module: Dropout
dropout设置为训练模式
    Module: Dropout
dropout设置为训练模式
    Module: Dropout
dropout设置为训练模式
  Module: ReLU
test_loss: 0.0821
epoch 357
train_loss: 0.0933
Module: DropoutFullyConnectedNN
  Module: ModuleList
    Module: Linear
    Module: Linear
    Module: Linear
  Module: ModuleList
    Module: Dropout
dropout设置为训练模式
    Module: Dropout
dropout设置为训练模式
    Module: Dropout
dropout设置为训练模式
  Module: ReLU
test_loss: 0.0815
epoch 358
train_loss: 0.0968
Module: DropoutFullyConnectedNN
  Module: ModuleList
    Module: Linear
    Module: Linear
    Module: Linear
  Module: ModuleList
    Module: Dropout
dropout设置为训练模式
    Module: Dropout
dropout设置为训练模式
    Module: Dropout
dropout设置为训练模式
  Module: ReLU
test_loss: 0.0822
epoch 359
train_loss: 0.0934
Module: DropoutFullyConnectedNN
  Module: ModuleList
    Module: Linear
    Module: Linear
    Module: Linear
  Module: ModuleList
    Module: Dropout
dropout设置为训练模式
    Module: Dropout
dropout设置为训练模式
    Module: Dropout
dropout设置为训练模式
  Module: ReLU
test_loss: 0.0818
epoch 360
train_loss: 0.0936
Module: DropoutFullyConnectedNN
  Module: ModuleList
    Module: Linear
    Module: Linear
    Module: Linear
  Module: ModuleList
    Module: Dropout
dropout设置为训练模式
    Module: Dropout
dropout设置为训练模式
    Module: Dropout
dropout设置为训练模式
  Module: ReLU
test_loss: 0.0818
epoch 361
train_loss: 0.0949
Module: DropoutFullyConnectedNN
  Module: ModuleList
    Module: Linear
    Module: Linear
    Module: Linear
  Module: ModuleList
    Module: Dropout
dropout设置为训练模式
    Module: Dropout
dropout设置为训练模式
    Module: Dropout
dropout设置为训练模式
  Module: ReLU
test_loss: 0.0822
epoch 362
train_loss: 0.0947
Module: DropoutFullyConnectedNN
  Module: ModuleList
    Module: Linear
    Module: Linear
    Module: Linear
  Module: ModuleList
    Module: Dropout
dropout设置为训练模式
    Module: Dropout
dropout设置为训练模式
    Module: Dropout
dropout设置为训练模式
  Module: ReLU
test_loss: 0.0816
epoch 363
train_loss: 0.0950
Module: DropoutFullyConnectedNN
  Module: ModuleList
    Module: Linear
    Module: Linear
    Module: Linear
  Module: ModuleList
    Module: Dropout
dropout设置为训练模式
    Module: Dropout
dropout设置为训练模式
    Module: Dropout
dropout设置为训练模式
  Module: ReLU
test_loss: 0.0817
epoch 364
train_loss: 0.0939
Module: DropoutFullyConnectedNN
  Module: ModuleList
    Module: Linear
    Module: Linear
    Module: Linear
  Module: ModuleList
    Module: Dropout
dropout设置为训练模式
    Module: Dropout
dropout设置为训练模式
    Module: Dropout
dropout设置为训练模式
  Module: ReLU
test_loss: 0.0808
epoch 365
train_loss: 0.0932
Module: DropoutFullyConnectedNN
  Module: ModuleList
    Module: Linear
    Module: Linear
    Module: Linear
  Module: ModuleList
    Module: Dropout
dropout设置为训练模式
    Module: Dropout
dropout设置为训练模式
    Module: Dropout
dropout设置为训练模式
  Module: ReLU
test_loss: 0.0812
epoch 366
train_loss: 0.0962
Module: DropoutFullyConnectedNN
  Module: ModuleList
    Module: Linear
    Module: Linear
    Module: Linear
  Module: ModuleList
    Module: Dropout
dropout设置为训练模式
    Module: Dropout
dropout设置为训练模式
    Module: Dropout
dropout设置为训练模式
  Module: ReLU
test_loss: 0.0810
epoch 367
train_loss: 0.0945
Module: DropoutFullyConnectedNN
  Module: ModuleList
    Module: Linear
    Module: Linear
    Module: Linear
  Module: ModuleList
    Module: Dropout
dropout设置为训练模式
    Module: Dropout
dropout设置为训练模式
    Module: Dropout
dropout设置为训练模式
  Module: ReLU
test_loss: 0.0813
epoch 368
train_loss: 0.0917
Module: DropoutFullyConnectedNN
  Module: ModuleList
    Module: Linear
    Module: Linear
    Module: Linear
  Module: ModuleList
    Module: Dropout
dropout设置为训练模式
    Module: Dropout
dropout设置为训练模式
    Module: Dropout
dropout设置为训练模式
  Module: ReLU
test_loss: 0.0813
epoch 369
train_loss: 0.0941
Module: DropoutFullyConnectedNN
  Module: ModuleList
    Module: Linear
    Module: Linear
    Module: Linear
  Module: ModuleList
    Module: Dropout
dropout设置为训练模式
    Module: Dropout
dropout设置为训练模式
    Module: Dropout
dropout设置为训练模式
  Module: ReLU
test_loss: 0.0817
epoch 370
train_loss: 0.0939
Module: DropoutFullyConnectedNN
  Module: ModuleList
    Module: Linear
    Module: Linear
    Module: Linear
  Module: ModuleList
    Module: Dropout
dropout设置为训练模式
    Module: Dropout
dropout设置为训练模式
    Module: Dropout
dropout设置为训练模式
  Module: ReLU
test_loss: 0.0807
epoch 371
train_loss: 0.0930
Module: DropoutFullyConnectedNN
  Module: ModuleList
    Module: Linear
    Module: Linear
    Module: Linear
  Module: ModuleList
    Module: Dropout
dropout设置为训练模式
    Module: Dropout
dropout设置为训练模式
    Module: Dropout
dropout设置为训练模式
  Module: ReLU
test_loss: 0.0803
epoch 372
train_loss: 0.0925
Module: DropoutFullyConnectedNN
  Module: ModuleList
    Module: Linear
    Module: Linear
    Module: Linear
  Module: ModuleList
    Module: Dropout
dropout设置为训练模式
    Module: Dropout
dropout设置为训练模式
    Module: Dropout
dropout设置为训练模式
  Module: ReLU
test_loss: 0.0811
epoch 373
train_loss: 0.0924
Module: DropoutFullyConnectedNN
  Module: ModuleList
    Module: Linear
    Module: Linear
    Module: Linear
  Module: ModuleList
    Module: Dropout
dropout设置为训练模式
    Module: Dropout
dropout设置为训练模式
    Module: Dropout
dropout设置为训练模式
  Module: ReLU
test_loss: 0.0808
epoch 374
train_loss: 0.0894
Module: DropoutFullyConnectedNN
  Module: ModuleList
    Module: Linear
    Module: Linear
    Module: Linear
  Module: ModuleList
    Module: Dropout
dropout设置为训练模式
    Module: Dropout
dropout设置为训练模式
    Module: Dropout
dropout设置为训练模式
  Module: ReLU
test_loss: 0.0812
epoch 375
train_loss: 0.0935
Module: DropoutFullyConnectedNN
  Module: ModuleList
    Module: Linear
    Module: Linear
    Module: Linear
  Module: ModuleList
    Module: Dropout
dropout设置为训练模式
    Module: Dropout
dropout设置为训练模式
    Module: Dropout
dropout设置为训练模式
  Module: ReLU
test_loss: 0.0810
epoch 376
train_loss: 0.0915
Module: DropoutFullyConnectedNN
  Module: ModuleList
    Module: Linear
    Module: Linear
    Module: Linear
  Module: ModuleList
    Module: Dropout
dropout设置为训练模式
    Module: Dropout
dropout设置为训练模式
    Module: Dropout
dropout设置为训练模式
  Module: ReLU
test_loss: 0.0805
epoch 377
train_loss: 0.0898
Module: DropoutFullyConnectedNN
  Module: ModuleList
    Module: Linear
    Module: Linear
    Module: Linear
  Module: ModuleList
    Module: Dropout
dropout设置为训练模式
    Module: Dropout
dropout设置为训练模式
    Module: Dropout
dropout设置为训练模式
  Module: ReLU
test_loss: 0.0810
epoch 378
train_loss: 0.0908
Module: DropoutFullyConnectedNN
  Module: ModuleList
    Module: Linear
    Module: Linear
    Module: Linear
  Module: ModuleList
    Module: Dropout
dropout设置为训练模式
    Module: Dropout
dropout设置为训练模式
    Module: Dropout
dropout设置为训练模式
  Module: ReLU
test_loss: 0.0807
epoch 379
train_loss: 0.0936
Module: DropoutFullyConnectedNN
  Module: ModuleList
    Module: Linear
    Module: Linear
    Module: Linear
  Module: ModuleList
    Module: Dropout
dropout设置为训练模式
    Module: Dropout
dropout设置为训练模式
    Module: Dropout
dropout设置为训练模式
  Module: ReLU
test_loss: 0.0805
epoch 380
train_loss: 0.0917
Module: DropoutFullyConnectedNN
  Module: ModuleList
    Module: Linear
    Module: Linear
    Module: Linear
  Module: ModuleList
    Module: Dropout
dropout设置为训练模式
    Module: Dropout
dropout设置为训练模式
    Module: Dropout
dropout设置为训练模式
  Module: ReLU
test_loss: 0.0814
epoch 381
train_loss: 0.0934
Module: DropoutFullyConnectedNN
  Module: ModuleList
    Module: Linear
    Module: Linear
    Module: Linear
  Module: ModuleList
    Module: Dropout
dropout设置为训练模式
    Module: Dropout
dropout设置为训练模式
    Module: Dropout
dropout设置为训练模式
  Module: ReLU
test_loss: 0.0806
epoch 382
train_loss: 0.0939
Module: DropoutFullyConnectedNN
  Module: ModuleList
    Module: Linear
    Module: Linear
    Module: Linear
  Module: ModuleList
    Module: Dropout
dropout设置为训练模式
    Module: Dropout
dropout设置为训练模式
    Module: Dropout
dropout设置为训练模式
  Module: ReLU
test_loss: 0.0804
epoch 383
train_loss: 0.0939
Module: DropoutFullyConnectedNN
  Module: ModuleList
    Module: Linear
    Module: Linear
    Module: Linear
  Module: ModuleList
    Module: Dropout
dropout设置为训练模式
    Module: Dropout
dropout设置为训练模式
    Module: Dropout
dropout设置为训练模式
  Module: ReLU
test_loss: 0.0811
epoch 384
train_loss: 0.0923
Module: DropoutFullyConnectedNN
  Module: ModuleList
    Module: Linear
    Module: Linear
    Module: Linear
  Module: ModuleList
    Module: Dropout
dropout设置为训练模式
    Module: Dropout
dropout设置为训练模式
    Module: Dropout
dropout设置为训练模式
  Module: ReLU
test_loss: 0.0810
epoch 385
train_loss: 0.0943
Module: DropoutFullyConnectedNN
  Module: ModuleList
    Module: Linear
    Module: Linear
    Module: Linear
  Module: ModuleList
    Module: Dropout
dropout设置为训练模式
    Module: Dropout
dropout设置为训练模式
    Module: Dropout
dropout设置为训练模式
  Module: ReLU
test_loss: 0.0806
epoch 386
train_loss: 0.0918
Module: DropoutFullyConnectedNN
  Module: ModuleList
    Module: Linear
    Module: Linear
    Module: Linear
  Module: ModuleList
    Module: Dropout
dropout设置为训练模式
    Module: Dropout
dropout设置为训练模式
    Module: Dropout
dropout设置为训练模式
  Module: ReLU
test_loss: 0.0809
epoch 387
train_loss: 0.0928
Module: DropoutFullyConnectedNN
  Module: ModuleList
    Module: Linear
    Module: Linear
    Module: Linear
  Module: ModuleList
    Module: Dropout
dropout设置为训练模式
    Module: Dropout
dropout设置为训练模式
    Module: Dropout
dropout设置为训练模式
  Module: ReLU
test_loss: 0.0804
epoch 388
train_loss: 0.0919
Module: DropoutFullyConnectedNN
  Module: ModuleList
    Module: Linear
    Module: Linear
    Module: Linear
  Module: ModuleList
    Module: Dropout
dropout设置为训练模式
    Module: Dropout
dropout设置为训练模式
    Module: Dropout
dropout设置为训练模式
  Module: ReLU
test_loss: 0.0814
epoch 389
train_loss: 0.0925
Module: DropoutFullyConnectedNN
  Module: ModuleList
    Module: Linear
    Module: Linear
    Module: Linear
  Module: ModuleList
    Module: Dropout
dropout设置为训练模式
    Module: Dropout
dropout设置为训练模式
    Module: Dropout
dropout设置为训练模式
  Module: ReLU
test_loss: 0.0806
epoch 390
train_loss: 0.0914
Module: DropoutFullyConnectedNN
  Module: ModuleList
    Module: Linear
    Module: Linear
    Module: Linear
  Module: ModuleList
    Module: Dropout
dropout设置为训练模式
    Module: Dropout
dropout设置为训练模式
    Module: Dropout
dropout设置为训练模式
  Module: ReLU
test_loss: 0.0802
epoch 391
train_loss: 0.0904
Module: DropoutFullyConnectedNN
  Module: ModuleList
    Module: Linear
    Module: Linear
    Module: Linear
  Module: ModuleList
    Module: Dropout
dropout设置为训练模式
    Module: Dropout
dropout设置为训练模式
    Module: Dropout
dropout设置为训练模式
  Module: ReLU
test_loss: 0.0808
epoch 392
train_loss: 0.0894
Module: DropoutFullyConnectedNN
  Module: ModuleList
    Module: Linear
    Module: Linear
    Module: Linear
  Module: ModuleList
    Module: Dropout
dropout设置为训练模式
    Module: Dropout
dropout设置为训练模式
    Module: Dropout
dropout设置为训练模式
  Module: ReLU
test_loss: 0.0802
epoch 393
train_loss: 0.0929
Module: DropoutFullyConnectedNN
  Module: ModuleList
    Module: Linear
    Module: Linear
    Module: Linear
  Module: ModuleList
    Module: Dropout
dropout设置为训练模式
    Module: Dropout
dropout设置为训练模式
    Module: Dropout
dropout设置为训练模式
  Module: ReLU
test_loss: 0.0801
epoch 394
train_loss: 0.0916
Module: DropoutFullyConnectedNN
  Module: ModuleList
    Module: Linear
    Module: Linear
    Module: Linear
  Module: ModuleList
    Module: Dropout
dropout设置为训练模式
    Module: Dropout
dropout设置为训练模式
    Module: Dropout
dropout设置为训练模式
  Module: ReLU
test_loss: 0.0806
epoch 395
train_loss: 0.0902
Module: DropoutFullyConnectedNN
  Module: ModuleList
    Module: Linear
    Module: Linear
    Module: Linear
  Module: ModuleList
    Module: Dropout
dropout设置为训练模式
    Module: Dropout
dropout设置为训练模式
    Module: Dropout
dropout设置为训练模式
  Module: ReLU
test_loss: 0.0795
epoch 396
train_loss: 0.0947
Module: DropoutFullyConnectedNN
  Module: ModuleList
    Module: Linear
    Module: Linear
    Module: Linear
  Module: ModuleList
    Module: Dropout
dropout设置为训练模式
    Module: Dropout
dropout设置为训练模式
    Module: Dropout
dropout设置为训练模式
  Module: ReLU
test_loss: 0.0802
epoch 397
train_loss: 0.0932
Module: DropoutFullyConnectedNN
  Module: ModuleList
    Module: Linear
    Module: Linear
    Module: Linear
  Module: ModuleList
    Module: Dropout
dropout设置为训练模式
    Module: Dropout
dropout设置为训练模式
    Module: Dropout
dropout设置为训练模式
  Module: ReLU
test_loss: 0.0806
epoch 398
train_loss: 0.0897
Module: DropoutFullyConnectedNN
  Module: ModuleList
    Module: Linear
    Module: Linear
    Module: Linear
  Module: ModuleList
    Module: Dropout
dropout设置为训练模式
    Module: Dropout
dropout设置为训练模式
    Module: Dropout
dropout设置为训练模式
  Module: ReLU
test_loss: 0.0798
epoch 399
train_loss: 0.0907
Module: DropoutFullyConnectedNN
  Module: ModuleList
    Module: Linear
    Module: Linear
    Module: Linear
  Module: ModuleList
    Module: Dropout
dropout设置为训练模式
    Module: Dropout
dropout设置为训练模式
    Module: Dropout
dropout设置为训练模式
  Module: ReLU
test_loss: 0.0800
epoch 400
train_loss: 0.0928
Module: DropoutFullyConnectedNN
  Module: ModuleList
    Module: Linear
    Module: Linear
    Module: Linear
  Module: ModuleList
    Module: Dropout
dropout设置为训练模式
    Module: Dropout
dropout设置为训练模式
    Module: Dropout
dropout设置为训练模式
  Module: ReLU
test_loss: 0.0800
epoch 401
train_loss: 0.0918
Module: DropoutFullyConnectedNN
  Module: ModuleList
    Module: Linear
    Module: Linear
    Module: Linear
  Module: ModuleList
    Module: Dropout
dropout设置为训练模式
    Module: Dropout
dropout设置为训练模式
    Module: Dropout
dropout设置为训练模式
  Module: ReLU
test_loss: 0.0803
epoch 402
train_loss: 0.0928
Module: DropoutFullyConnectedNN
  Module: ModuleList
    Module: Linear
    Module: Linear
    Module: Linear
  Module: ModuleList
    Module: Dropout
dropout设置为训练模式
    Module: Dropout
dropout设置为训练模式
    Module: Dropout
dropout设置为训练模式
  Module: ReLU
test_loss: 0.0800
epoch 403
train_loss: 0.0915
Module: DropoutFullyConnectedNN
  Module: ModuleList
    Module: Linear
    Module: Linear
    Module: Linear
  Module: ModuleList
    Module: Dropout
dropout设置为训练模式
    Module: Dropout
dropout设置为训练模式
    Module: Dropout
dropout设置为训练模式
  Module: ReLU
test_loss: 0.0801
epoch 404
train_loss: 0.0932
Module: DropoutFullyConnectedNN
  Module: ModuleList
    Module: Linear
    Module: Linear
    Module: Linear
  Module: ModuleList
    Module: Dropout
dropout设置为训练模式
    Module: Dropout
dropout设置为训练模式
    Module: Dropout
dropout设置为训练模式
  Module: ReLU
test_loss: 0.0795
epoch 405
train_loss: 0.0914
Module: DropoutFullyConnectedNN
  Module: ModuleList
    Module: Linear
    Module: Linear
    Module: Linear
  Module: ModuleList
    Module: Dropout
dropout设置为训练模式
    Module: Dropout
dropout设置为训练模式
    Module: Dropout
dropout设置为训练模式
  Module: ReLU
test_loss: 0.0799
epoch 406
train_loss: 0.0922
Module: DropoutFullyConnectedNN
  Module: ModuleList
    Module: Linear
    Module: Linear
    Module: Linear
  Module: ModuleList
    Module: Dropout
dropout设置为训练模式
    Module: Dropout
dropout设置为训练模式
    Module: Dropout
dropout设置为训练模式
  Module: ReLU
test_loss: 0.0792
epoch 407
train_loss: 0.0931
Module: DropoutFullyConnectedNN
  Module: ModuleList
    Module: Linear
    Module: Linear
    Module: Linear
  Module: ModuleList
    Module: Dropout
dropout设置为训练模式
    Module: Dropout
dropout设置为训练模式
    Module: Dropout
dropout设置为训练模式
  Module: ReLU
test_loss: 0.0799
epoch 408
train_loss: 0.0913
Module: DropoutFullyConnectedNN
  Module: ModuleList
    Module: Linear
    Module: Linear
    Module: Linear
  Module: ModuleList
    Module: Dropout
dropout设置为训练模式
    Module: Dropout
dropout设置为训练模式
    Module: Dropout
dropout设置为训练模式
  Module: ReLU
test_loss: 0.0798
epoch 409
train_loss: 0.0906
Module: DropoutFullyConnectedNN
  Module: ModuleList
    Module: Linear
    Module: Linear
    Module: Linear
  Module: ModuleList
    Module: Dropout
dropout设置为训练模式
    Module: Dropout
dropout设置为训练模式
    Module: Dropout
dropout设置为训练模式
  Module: ReLU
test_loss: 0.0799
epoch 410
train_loss: 0.0910
Module: DropoutFullyConnectedNN
  Module: ModuleList
    Module: Linear
    Module: Linear
    Module: Linear
  Module: ModuleList
    Module: Dropout
dropout设置为训练模式
    Module: Dropout
dropout设置为训练模式
    Module: Dropout
dropout设置为训练模式
  Module: ReLU
test_loss: 0.0796
epoch 411
train_loss: 0.0904
Module: DropoutFullyConnectedNN
  Module: ModuleList
    Module: Linear
    Module: Linear
    Module: Linear
  Module: ModuleList
    Module: Dropout
dropout设置为训练模式
    Module: Dropout
dropout设置为训练模式
    Module: Dropout
dropout设置为训练模式
  Module: ReLU
test_loss: 0.0800
epoch 412
train_loss: 0.0877
Module: DropoutFullyConnectedNN
  Module: ModuleList
    Module: Linear
    Module: Linear
    Module: Linear
  Module: ModuleList
    Module: Dropout
dropout设置为训练模式
    Module: Dropout
dropout设置为训练模式
    Module: Dropout
dropout设置为训练模式
  Module: ReLU
test_loss: 0.0802
epoch 413
train_loss: 0.0893
Module: DropoutFullyConnectedNN
  Module: ModuleList
    Module: Linear
    Module: Linear
    Module: Linear
  Module: ModuleList
    Module: Dropout
dropout设置为训练模式
    Module: Dropout
dropout设置为训练模式
    Module: Dropout
dropout设置为训练模式
  Module: ReLU
test_loss: 0.0801
epoch 414
train_loss: 0.0894
Module: DropoutFullyConnectedNN
  Module: ModuleList
    Module: Linear
    Module: Linear
    Module: Linear
  Module: ModuleList
    Module: Dropout
dropout设置为训练模式
    Module: Dropout
dropout设置为训练模式
    Module: Dropout
dropout设置为训练模式
  Module: ReLU
test_loss: 0.0797
epoch 415
train_loss: 0.0924
Module: DropoutFullyConnectedNN
  Module: ModuleList
    Module: Linear
    Module: Linear
    Module: Linear
  Module: ModuleList
    Module: Dropout
dropout设置为训练模式
    Module: Dropout
dropout设置为训练模式
    Module: Dropout
dropout设置为训练模式
  Module: ReLU
test_loss: 0.0794
epoch 416
train_loss: 0.0890
Module: DropoutFullyConnectedNN
  Module: ModuleList
    Module: Linear
    Module: Linear
    Module: Linear
  Module: ModuleList
    Module: Dropout
dropout设置为训练模式
    Module: Dropout
dropout设置为训练模式
    Module: Dropout
dropout设置为训练模式
  Module: ReLU
test_loss: 0.0797
epoch 417
train_loss: 0.0893
Module: DropoutFullyConnectedNN
  Module: ModuleList
    Module: Linear
    Module: Linear
    Module: Linear
  Module: ModuleList
    Module: Dropout
dropout设置为训练模式
    Module: Dropout
dropout设置为训练模式
    Module: Dropout
dropout设置为训练模式
  Module: ReLU
test_loss: 0.0796
epoch 418
train_loss: 0.0899
Module: DropoutFullyConnectedNN
  Module: ModuleList
    Module: Linear
    Module: Linear
    Module: Linear
  Module: ModuleList
    Module: Dropout
dropout设置为训练模式
    Module: Dropout
dropout设置为训练模式
    Module: Dropout
dropout设置为训练模式
  Module: ReLU
test_loss: 0.0795
epoch 419
train_loss: 0.0911
Module: DropoutFullyConnectedNN
  Module: ModuleList
    Module: Linear
    Module: Linear
    Module: Linear
  Module: ModuleList
    Module: Dropout
dropout设置为训练模式
    Module: Dropout
dropout设置为训练模式
    Module: Dropout
dropout设置为训练模式
  Module: ReLU
test_loss: 0.0799
/home/xueqiong/noise_injection_uncertainty/regression/utils.py:39: FutureWarning: The 'delim_whitespace' keyword in pd.read_csv is deprecated and will be removed in a future version. Use ``sep='\s+'`` instead
  return pd.read_csv(dataset_path, engine='python', header=None, delim_whitespace=True)
8 1
6554 1638 8192
model_name fixnoiseFCN
using Adam as optimizer
epoch 0
train_loss: 0.9348
test_loss: 0.8253
epoch 1
train_loss: 0.7134
test_loss: 0.6293
epoch 2
train_loss: 0.5609
test_loss: 0.5379
epoch 3
train_loss: 0.5021
test_loss: 0.5008
epoch 4
train_loss: 0.4690
test_loss: 0.4711
epoch 5
train_loss: 0.4422
test_loss: 0.4451
epoch 6
train_loss: 0.4177
test_loss: 0.4219
epoch 7
train_loss: 0.3974
test_loss: 0.4020
epoch 8
train_loss: 0.3779
test_loss: 0.3850
epoch 9
train_loss: 0.3637
test_loss: 0.3703
epoch 10
train_loss: 0.3492
test_loss: 0.3577
epoch 11
train_loss: 0.3375
test_loss: 0.3466
epoch 12
train_loss: 0.3258
test_loss: 0.3370
epoch 13
train_loss: 0.3157
test_loss: 0.3280
epoch 14
train_loss: 0.3079
test_loss: 0.3198
epoch 15
train_loss: 0.3000
test_loss: 0.3118
epoch 16
train_loss: 0.2917
test_loss: 0.3041
epoch 17
train_loss: 0.2835
test_loss: 0.2961
epoch 18
train_loss: 0.2758
test_loss: 0.2889
epoch 19
train_loss: 0.2698
test_loss: 0.2811
epoch 20
train_loss: 0.2617
test_loss: 0.2740
epoch 21
train_loss: 0.2543
test_loss: 0.2674
epoch 22
train_loss: 0.2491
test_loss: 0.2599
epoch 23
train_loss: 0.2427
test_loss: 0.2531
epoch 24
train_loss: 0.2377
test_loss: 0.2464
epoch 25
train_loss: 0.2297
test_loss: 0.2400
epoch 26
train_loss: 0.2238
test_loss: 0.2338
epoch 27
train_loss: 0.2188
test_loss: 0.2281
epoch 28
train_loss: 0.2124
test_loss: 0.2221
epoch 29
train_loss: 0.2084
test_loss: 0.2168
epoch 30
train_loss: 0.2035
test_loss: 0.2117
epoch 31
train_loss: 0.1981
test_loss: 0.2076
epoch 32
train_loss: 0.1959
test_loss: 0.2019
epoch 33
train_loss: 0.1902
test_loss: 0.1980
epoch 34
train_loss: 0.1888
test_loss: 0.1947
epoch 35
train_loss: 0.1850
test_loss: 0.1900
epoch 36
train_loss: 0.1797
test_loss: 0.1869
epoch 37
train_loss: 0.1787
test_loss: 0.1828
epoch 38
train_loss: 0.1751
test_loss: 0.1799
epoch 39
train_loss: 0.1710
test_loss: 0.1763
epoch 40
train_loss: 0.1691
test_loss: 0.1730
epoch 41
train_loss: 0.1663
test_loss: 0.1702
epoch 42
train_loss: 0.1626
test_loss: 0.1673
epoch 43
train_loss: 0.1621
test_loss: 0.1643
epoch 44
train_loss: 0.1589
test_loss: 0.1622
epoch 45
train_loss: 0.1556
test_loss: 0.1608
epoch 46
train_loss: 0.1550
test_loss: 0.1571
epoch 47
train_loss: 0.1513
test_loss: 0.1557
epoch 48
train_loss: 0.1504
test_loss: 0.1534
epoch 49
train_loss: 0.1487
test_loss: 0.1508
epoch 50
train_loss: 0.1447
test_loss: 0.1491
epoch 51
train_loss: 0.1467
test_loss: 0.1472
epoch 52
train_loss: 0.1436
test_loss: 0.1451
epoch 53
train_loss: 0.1408
test_loss: 0.1433
epoch 54
train_loss: 0.1397
test_loss: 0.1411
epoch 55
train_loss: 0.1381
test_loss: 0.1395
epoch 56
train_loss: 0.1393
test_loss: 0.1381
epoch 57
train_loss: 0.1347
test_loss: 0.1379
epoch 58
train_loss: 0.1347
test_loss: 0.1347
epoch 59
train_loss: 0.1335
test_loss: 0.1340
epoch 60
train_loss: 0.1347
test_loss: 0.1325
epoch 61
train_loss: 0.1298
test_loss: 0.1316
epoch 62
train_loss: 0.1308
test_loss: 0.1293
epoch 63
train_loss: 0.1281
test_loss: 0.1286
epoch 64
train_loss: 0.1273
test_loss: 0.1271
epoch 65
train_loss: 0.1274
test_loss: 0.1260
epoch 66
train_loss: 0.1275
test_loss: 0.1248
epoch 67
train_loss: 0.1234
test_loss: 0.1246
epoch 68
train_loss: 0.1225
test_loss: 0.1225
epoch 69
train_loss: 0.1234
test_loss: 0.1219
epoch 70
train_loss: 0.1212
test_loss: 0.1206
epoch 71
train_loss: 0.1224
test_loss: 0.1198
epoch 72
train_loss: 0.1216
test_loss: 0.1196
epoch 73
train_loss: 0.1191
test_loss: 0.1179
epoch 74
train_loss: 0.1186
test_loss: 0.1173
epoch 75
train_loss: 0.1181
test_loss: 0.1167
epoch 76
train_loss: 0.1187
test_loss: 0.1150
epoch 77
train_loss: 0.1150
test_loss: 0.1149
epoch 78
train_loss: 0.1138
test_loss: 0.1149
epoch 79
train_loss: 0.1158
test_loss: 0.1137
epoch 80
train_loss: 0.1149
test_loss: 0.1137
epoch 81
train_loss: 0.1128
test_loss: 0.1125
epoch 82
train_loss: 0.1127
test_loss: 0.1118
epoch 83
train_loss: 0.1131
test_loss: 0.1113
epoch 84
train_loss: 0.1130
test_loss: 0.1115
epoch 85
train_loss: 0.1120
test_loss: 0.1102
epoch 86
train_loss: 0.1102
test_loss: 0.1092
epoch 87
train_loss: 0.1101
test_loss: 0.1088
epoch 88
train_loss: 0.1091
test_loss: 0.1084
epoch 89
train_loss: 0.1097
test_loss: 0.1099
epoch 90
train_loss: 0.1110
test_loss: 0.1065
epoch 91
train_loss: 0.1079
test_loss: 0.1070
epoch 92
train_loss: 0.1064
test_loss: 0.1072
epoch 93
train_loss: 0.1085
test_loss: 0.1077
epoch 94
train_loss: 0.1061
test_loss: 0.1053
epoch 95
train_loss: 0.1077
test_loss: 0.1048
epoch 96
train_loss: 0.1093
test_loss: 0.1044
epoch 97
train_loss: 0.1063
test_loss: 0.1034
epoch 98
train_loss: 0.1061
test_loss: 0.1037
epoch 99
train_loss: 0.1049
test_loss: 0.1030
epoch 100
train_loss: 0.1034
test_loss: 0.1028
epoch 101
train_loss: 0.1045
test_loss: 0.1024
epoch 102
train_loss: 0.1021
test_loss: 0.1020
epoch 103
train_loss: 0.1037
test_loss: 0.1016
epoch 104
train_loss: 0.1025
test_loss: 0.1012
epoch 105
train_loss: 0.1013
test_loss: 0.1008
epoch 106
train_loss: 0.1029
test_loss: 0.1008
epoch 107
train_loss: 0.1027
test_loss: 0.1008
epoch 108
train_loss: 0.1014
test_loss: 0.0997
epoch 109
train_loss: 0.0995
test_loss: 0.0991
epoch 110
train_loss: 0.0998
test_loss: 0.0987
epoch 111
train_loss: 0.0986
test_loss: 0.0984
epoch 112
train_loss: 0.1027
test_loss: 0.0983
epoch 113
train_loss: 0.0984
test_loss: 0.0994
epoch 114
train_loss: 0.0987
test_loss: 0.0985
epoch 115
train_loss: 0.0985
test_loss: 0.0969
epoch 116
train_loss: 0.0976
test_loss: 0.0970
epoch 117
train_loss: 0.0985
test_loss: 0.0969
epoch 118
train_loss: 0.0974
test_loss: 0.0964
epoch 119
train_loss: 0.0990
test_loss: 0.0966
epoch 120
train_loss: 0.0980
test_loss: 0.0970
epoch 121
train_loss: 0.0968
test_loss: 0.0960
epoch 122
train_loss: 0.0977
test_loss: 0.0957
epoch 123
train_loss: 0.0957
test_loss: 0.0962
epoch 124
train_loss: 0.0973
test_loss: 0.0948
epoch 125
train_loss: 0.0961
test_loss: 0.0947
epoch 126
train_loss: 0.0966
test_loss: 0.0943
epoch 127
train_loss: 0.0966
test_loss: 0.0943
epoch 128
train_loss: 0.0967
test_loss: 0.0935
epoch 129
train_loss: 0.0981
test_loss: 0.0935
epoch 130
train_loss: 0.0976
test_loss: 0.0941
epoch 131
train_loss: 0.0956
test_loss: 0.0935
epoch 132
train_loss: 0.0946
test_loss: 0.0929
epoch 133
train_loss: 0.0925
test_loss: 0.0935
epoch 134
train_loss: 0.0941
test_loss: 0.0920
epoch 135
train_loss: 0.0940
test_loss: 0.0924
epoch 136
train_loss: 0.0934
test_loss: 0.0923
epoch 137
train_loss: 0.0941
test_loss: 0.0920
epoch 138
train_loss: 0.0940
test_loss: 0.0914
epoch 139
train_loss: 0.0943
test_loss: 0.0917
epoch 140
train_loss: 0.0921
test_loss: 0.0912
epoch 141
train_loss: 0.0938
test_loss: 0.0916
epoch 142
train_loss: 0.0937
test_loss: 0.0914
epoch 143
train_loss: 0.0926
test_loss: 0.0909
epoch 144
train_loss: 0.0910
test_loss: 0.0905
epoch 145
train_loss: 0.0929
test_loss: 0.0910
epoch 146
train_loss: 0.0902
test_loss: 0.0899
epoch 147
train_loss: 0.0903
test_loss: 0.0903
epoch 148
train_loss: 0.0924
test_loss: 0.0908
epoch 149
train_loss: 0.0918
test_loss: 0.0898
epoch 150
train_loss: 0.0924
test_loss: 0.0898
epoch 151
train_loss: 0.0908
test_loss: 0.0894
epoch 152
train_loss: 0.0893
test_loss: 0.0896
epoch 153
train_loss: 0.0899
test_loss: 0.0893
epoch 154
train_loss: 0.0918
test_loss: 0.0893
epoch 155
train_loss: 0.0912
test_loss: 0.0900
epoch 156
train_loss: 0.0896
test_loss: 0.0892
epoch 157
train_loss: 0.0895
test_loss: 0.0892
epoch 158
train_loss: 0.0888
test_loss: 0.0891
epoch 159
train_loss: 0.0892
test_loss: 0.0877
epoch 160
train_loss: 0.0891
test_loss: 0.0883
epoch 161
train_loss: 0.0900
test_loss: 0.0877
epoch 162
train_loss: 0.0888
test_loss: 0.0881
epoch 163
train_loss: 0.0902
test_loss: 0.0882
epoch 164
train_loss: 0.0874
test_loss: 0.0878
epoch 165
train_loss: 0.0880
test_loss: 0.0872
epoch 166
train_loss: 0.0866
test_loss: 0.0872
epoch 167
train_loss: 0.0919
test_loss: 0.0878
epoch 168
train_loss: 0.0886
test_loss: 0.0871
epoch 169
train_loss: 0.0876
test_loss: 0.0865
epoch 170
train_loss: 0.0879
test_loss: 0.0865
epoch 171
train_loss: 0.0873
test_loss: 0.0880
epoch 172
train_loss: 0.0865
test_loss: 0.0873
epoch 173
train_loss: 0.0873
test_loss: 0.0867
epoch 174
train_loss: 0.0885
test_loss: 0.0870
epoch 175
train_loss: 0.0867
test_loss: 0.0859
epoch 176
train_loss: 0.0862
test_loss: 0.0868
epoch 177
train_loss: 0.0878
test_loss: 0.0860
epoch 178
train_loss: 0.0888
test_loss: 0.0857
epoch 179
train_loss: 0.0856
test_loss: 0.0854
epoch 180
train_loss: 0.0863
test_loss: 0.0859
epoch 181
train_loss: 0.0861
test_loss: 0.0861
epoch 182
train_loss: 0.0859
test_loss: 0.0864
epoch 183
train_loss: 0.0860
test_loss: 0.0851
epoch 184
train_loss: 0.0852
test_loss: 0.0853
epoch 185
train_loss: 0.0844
test_loss: 0.0857
epoch 186
train_loss: 0.0856
test_loss: 0.0852
epoch 187
train_loss: 0.0851
test_loss: 0.0857
epoch 188
train_loss: 0.0873
test_loss: 0.0860
epoch 189
train_loss: 0.0848
test_loss: 0.0860
epoch 190
train_loss: 0.0872
test_loss: 0.0850
epoch 191
train_loss: 0.0866
test_loss: 0.0854
epoch 192
train_loss: 0.0850
test_loss: 0.0851
epoch 193
train_loss: 0.0870
test_loss: 0.0847
epoch 194
train_loss: 0.0861
test_loss: 0.0840
epoch 195
train_loss: 0.0852
test_loss: 0.0842
epoch 196
train_loss: 0.0834
test_loss: 0.0845
epoch 197
train_loss: 0.0845
test_loss: 0.0841
epoch 198
train_loss: 0.0839
test_loss: 0.0839
epoch 199
train_loss: 0.0841
test_loss: 0.0840
epoch 200
train_loss: 0.0835
test_loss: 0.0848
epoch 201
train_loss: 0.0838
test_loss: 0.0841
epoch 202
train_loss: 0.0851
test_loss: 0.0842
epoch 203
train_loss: 0.0829
test_loss: 0.0837
epoch 204
train_loss: 0.0841
test_loss: 0.0841
epoch 205
train_loss: 0.0828
test_loss: 0.0842
epoch 206
train_loss: 0.0838
test_loss: 0.0837
epoch 207
train_loss: 0.0817
test_loss: 0.0836
epoch 208
train_loss: 0.0840
test_loss: 0.0835
epoch 209
train_loss: 0.0846
test_loss: 0.0833
epoch 210
train_loss: 0.0841
test_loss: 0.0831
epoch 211
train_loss: 0.0827
test_loss: 0.0827
epoch 212
train_loss: 0.0824
test_loss: 0.0832
epoch 213
train_loss: 0.0819
test_loss: 0.0828
epoch 214
train_loss: 0.0822
test_loss: 0.0826
epoch 215
train_loss: 0.0816
test_loss: 0.0832
epoch 216
train_loss: 0.0817
test_loss: 0.0831
epoch 217
train_loss: 0.0833
test_loss: 0.0826
epoch 218
train_loss: 0.0831
test_loss: 0.0832
epoch 219
train_loss: 0.0827
test_loss: 0.0828
epoch 220
train_loss: 0.0815
test_loss: 0.0827
epoch 221
train_loss: 0.0831
test_loss: 0.0824
epoch 222
train_loss: 0.0814
test_loss: 0.0825
epoch 223
train_loss: 0.0804
test_loss: 0.0823
epoch 224
train_loss: 0.0817
test_loss: 0.0826
epoch 225
train_loss: 0.0820
test_loss: 0.0817
epoch 226
train_loss: 0.0817
test_loss: 0.0822
epoch 227
train_loss: 0.0811
test_loss: 0.0815
epoch 228
train_loss: 0.0810
test_loss: 0.0819
epoch 229
train_loss: 0.0804
test_loss: 0.0815
epoch 230
train_loss: 0.0816
test_loss: 0.0816
epoch 231
train_loss: 0.0809
test_loss: 0.0814
epoch 232
train_loss: 0.0817
test_loss: 0.0815
epoch 233
train_loss: 0.0815
test_loss: 0.0818
epoch 234
train_loss: 0.0819
test_loss: 0.0815
epoch 235
train_loss: 0.0819
test_loss: 0.0815
epoch 236
train_loss: 0.0802
test_loss: 0.0819
epoch 237
train_loss: 0.0811
test_loss: 0.0813
epoch 238
train_loss: 0.0816
test_loss: 0.0812
epoch 239
train_loss: 0.0808
test_loss: 0.0811
epoch 240
train_loss: 0.0803
test_loss: 0.0810
epoch 241
train_loss: 0.0796
test_loss: 0.0807
epoch 242
train_loss: 0.0797
test_loss: 0.0818
epoch 243
train_loss: 0.0781
test_loss: 0.0809
epoch 244
train_loss: 0.0810
test_loss: 0.0803
epoch 245
train_loss: 0.0791
test_loss: 0.0803
epoch 246
train_loss: 0.0791
test_loss: 0.0802
epoch 247
train_loss: 0.0806
test_loss: 0.0815
epoch 248
train_loss: 0.0781
test_loss: 0.0806
epoch 249
train_loss: 0.0801
test_loss: 0.0808
epoch 250
train_loss: 0.0786
test_loss: 0.0802
epoch 251
train_loss: 0.0800
test_loss: 0.0800
epoch 252
train_loss: 0.0777
test_loss: 0.0799
epoch 253
train_loss: 0.0795
test_loss: 0.0803
epoch 254
train_loss: 0.0787
test_loss: 0.0805
epoch 255
train_loss: 0.0780
test_loss: 0.0800
epoch 256
train_loss: 0.0795
test_loss: 0.0807
epoch 257
train_loss: 0.0786
test_loss: 0.0800
epoch 258
train_loss: 0.0781
test_loss: 0.0797
epoch 259
train_loss: 0.0798
test_loss: 0.0798
epoch 260
train_loss: 0.0791
test_loss: 0.0795
epoch 261
train_loss: 0.0799
test_loss: 0.0797
epoch 262
train_loss: 0.0772
test_loss: 0.0797
epoch 263
train_loss: 0.0786
test_loss: 0.0795
epoch 264
train_loss: 0.0779
test_loss: 0.0792
epoch 265
train_loss: 0.0789
test_loss: 0.0800
epoch 266
train_loss: 0.0779
test_loss: 0.0797
epoch 267
train_loss: 0.0775
test_loss: 0.0795
epoch 268
train_loss: 0.0765
test_loss: 0.0789
epoch 269
train_loss: 0.0789
test_loss: 0.0790
epoch 270
train_loss: 0.0763
test_loss: 0.0799
epoch 271
train_loss: 0.0773
test_loss: 0.0798
epoch 272
train_loss: 0.0768
test_loss: 0.0791
epoch 273
train_loss: 0.0767
test_loss: 0.0791
epoch 274
train_loss: 0.0770
test_loss: 0.0793
epoch 275
train_loss: 0.0788
test_loss: 0.0788
epoch 276
train_loss: 0.0764
test_loss: 0.0791
epoch 277
train_loss: 0.0771
test_loss: 0.0790
epoch 278
train_loss: 0.0770
test_loss: 0.0791
epoch 279
train_loss: 0.0780
test_loss: 0.0792
epoch 280
train_loss: 0.0770
test_loss: 0.0789
epoch 281
train_loss: 0.0778
test_loss: 0.0790
epoch 282
train_loss: 0.0764
test_loss: 0.0784
epoch 283
train_loss: 0.0772
test_loss: 0.0788
epoch 284
train_loss: 0.0760
test_loss: 0.0784
epoch 285
train_loss: 0.0769
test_loss: 0.0785
epoch 286
train_loss: 0.0764
test_loss: 0.0790
epoch 287
train_loss: 0.0764
test_loss: 0.0784
epoch 288
train_loss: 0.0743
test_loss: 0.0788
epoch 289
train_loss: 0.0758
test_loss: 0.0789
epoch 290
train_loss: 0.0770
test_loss: 0.0780
epoch 291
train_loss: 0.0762
test_loss: 0.0785
epoch 292
train_loss: 0.0764
test_loss: 0.0783
epoch 293
train_loss: 0.0763
test_loss: 0.0781
epoch 294
train_loss: 0.0745
test_loss: 0.0780
epoch 295
train_loss: 0.0746
test_loss: 0.0782
epoch 296
train_loss: 0.0782
test_loss: 0.0785
epoch 297
train_loss: 0.0787
test_loss: 0.0784
epoch 298
train_loss: 0.0759
test_loss: 0.0787
epoch 299
train_loss: 0.0733
test_loss: 0.0782
epoch 300
train_loss: 0.0752
test_loss: 0.0784
epoch 301
train_loss: 0.0755
test_loss: 0.0784
epoch 302
train_loss: 0.0772
test_loss: 0.0781
epoch 303
train_loss: 0.0763
test_loss: 0.0785
epoch 304
train_loss: 0.0769
test_loss: 0.0781
epoch 305
train_loss: 0.0762
test_loss: 0.0778
epoch 306
train_loss: 0.0762
test_loss: 0.0778
epoch 307
train_loss: 0.0748
test_loss: 0.0777
epoch 308
train_loss: 0.0752
test_loss: 0.0780
epoch 309
train_loss: 0.0755
test_loss: 0.0779
epoch 310
train_loss: 0.0740
test_loss: 0.0779
epoch 311
train_loss: 0.0742
test_loss: 0.0774
epoch 312
train_loss: 0.0746
test_loss: 0.0777
epoch 313
train_loss: 0.0747
test_loss: 0.0780
epoch 314
train_loss: 0.0761
test_loss: 0.0778
epoch 315
train_loss: 0.0746
test_loss: 0.0774
epoch 316
train_loss: 0.0757
test_loss: 0.0770
epoch 317
train_loss: 0.0753
test_loss: 0.0781
epoch 318
train_loss: 0.0744
test_loss: 0.0771
epoch 319
train_loss: 0.0740
test_loss: 0.0775
epoch 320
train_loss: 0.0749
test_loss: 0.0772
epoch 321
train_loss: 0.0741
test_loss: 0.0774
epoch 322
train_loss: 0.0758
test_loss: 0.0773
epoch 323
train_loss: 0.0758
test_loss: 0.0787
epoch 324
train_loss: 0.0741
test_loss: 0.0772
epoch 325
train_loss: 0.0734
test_loss: 0.0777
epoch 326
train_loss: 0.0743
test_loss: 0.0779
epoch 327
train_loss: 0.0741
test_loss: 0.0782
epoch 328
train_loss: 0.0741
test_loss: 0.0779
epoch 329
train_loss: 0.0740
test_loss: 0.0772
epoch 330
train_loss: 0.0762
test_loss: 0.0775
epoch 331
train_loss: 0.0742
test_loss: 0.0770
epoch 332
train_loss: 0.0767
test_loss: 0.0765
epoch 333
train_loss: 0.0749
test_loss: 0.0767
epoch 334
train_loss: 0.0745
test_loss: 0.0763
epoch 335
train_loss: 0.0747
test_loss: 0.0765
epoch 336
train_loss: 0.0739
test_loss: 0.0778
epoch 337
train_loss: 0.0734
test_loss: 0.0776
epoch 338
train_loss: 0.0732
test_loss: 0.0768
epoch 339
train_loss: 0.0737
test_loss: 0.0766
epoch 340
train_loss: 0.0727
test_loss: 0.0760
epoch 341
train_loss: 0.0742
test_loss: 0.0759
epoch 342
train_loss: 0.0733
test_loss: 0.0764
epoch 343
train_loss: 0.0753
test_loss: 0.0762
epoch 344
train_loss: 0.0733
test_loss: 0.0764
epoch 345
train_loss: 0.0735
test_loss: 0.0763
epoch 346
train_loss: 0.0734
test_loss: 0.0758
epoch 347
train_loss: 0.0735
test_loss: 0.0761
epoch 348
train_loss: 0.0712
test_loss: 0.0764
epoch 349
train_loss: 0.0733
test_loss: 0.0760
epoch 350
train_loss: 0.0731
test_loss: 0.0762
epoch 351
train_loss: 0.0725
test_loss: 0.0761
epoch 352
train_loss: 0.0724
test_loss: 0.0771
epoch 353
train_loss: 0.0746
test_loss: 0.0771
epoch 354
train_loss: 0.0727
test_loss: 0.0758
epoch 355
train_loss: 0.0717
test_loss: 0.0763
epoch 356
train_loss: 0.0739
test_loss: 0.0759
epoch 357
train_loss: 0.0720
test_loss: 0.0758
epoch 358
train_loss: 0.0741
test_loss: 0.0762
epoch 359
train_loss: 0.0722
test_loss: 0.0756
epoch 360
train_loss: 0.0722
test_loss: 0.0761
epoch 361
train_loss: 0.0726
test_loss: 0.0774
epoch 362
train_loss: 0.0731
test_loss: 0.0758
epoch 363
train_loss: 0.0724
test_loss: 0.0761
epoch 364
train_loss: 0.0734
test_loss: 0.0758
epoch 365
train_loss: 0.0720
test_loss: 0.0755
epoch 366
train_loss: 0.0723
test_loss: 0.0759
epoch 367
train_loss: 0.0727
test_loss: 0.0754
epoch 368
train_loss: 0.0723
test_loss: 0.0755
epoch 369
train_loss: 0.0727
test_loss: 0.0756
epoch 370
train_loss: 0.0715
test_loss: 0.0765
epoch 371
train_loss: 0.0726
test_loss: 0.0758
epoch 372
train_loss: 0.0722
test_loss: 0.0763
epoch 373
train_loss: 0.0710
test_loss: 0.0764
epoch 374
train_loss: 0.0709
test_loss: 0.0753
epoch 375
train_loss: 0.0723
test_loss: 0.0755
epoch 376
train_loss: 0.0717
test_loss: 0.0762
epoch 377
train_loss: 0.0702
test_loss: 0.0752
epoch 378
train_loss: 0.0719
test_loss: 0.0755
epoch 379
train_loss: 0.0722
test_loss: 0.0762
epoch 380
train_loss: 0.0725
test_loss: 0.0761
epoch 381
train_loss: 0.0714
test_loss: 0.0754
epoch 382
train_loss: 0.0738
test_loss: 0.0756
epoch 383
train_loss: 0.0721
test_loss: 0.0762
epoch 384
train_loss: 0.0706
test_loss: 0.0754
epoch 385
train_loss: 0.0713
test_loss: 0.0759
epoch 386
train_loss: 0.0718
test_loss: 0.0753
epoch 387
train_loss: 0.0726
test_loss: 0.0749
epoch 388
train_loss: 0.0715
test_loss: 0.0754
epoch 389
train_loss: 0.0704
test_loss: 0.0754
epoch 390
train_loss: 0.0720
test_loss: 0.0752
epoch 391
train_loss: 0.0712
test_loss: 0.0756
epoch 392
train_loss: 0.0726
test_loss: 0.0754
epoch 393
train_loss: 0.0712
test_loss: 0.0750
epoch 394
train_loss: 0.0719
test_loss: 0.0752
epoch 395
train_loss: 0.0720
test_loss: 0.0749
epoch 396
train_loss: 0.0709
test_loss: 0.0753
epoch 397
train_loss: 0.0701
test_loss: 0.0749
epoch 398
train_loss: 0.0708
test_loss: 0.0752
epoch 399
train_loss: 0.0703
test_loss: 0.0759
epoch 400
train_loss: 0.0724
test_loss: 0.0751
epoch 401
train_loss: 0.0707
test_loss: 0.0753
epoch 402
train_loss: 0.0716
test_loss: 0.0748
epoch 403
train_loss: 0.0708
test_loss: 0.0759
epoch 404
train_loss: 0.0697
test_loss: 0.0753
epoch 405
train_loss: 0.0715
test_loss: 0.0754
epoch 406
train_loss: 0.0720
test_loss: 0.0745
epoch 407
train_loss: 0.0719
test_loss: 0.0745
epoch 408
train_loss: 0.0712
test_loss: 0.0745
epoch 409
train_loss: 0.0731
test_loss: 0.0748
/home/xueqiong/noise_injection_uncertainty/regression/utils.py:39: FutureWarning: The 'delim_whitespace' keyword in pd.read_csv is deprecated and will be removed in a future version. Use ``sep='\s+'`` instead
  return pd.read_csv(dataset_path, engine='python', header=None, delim_whitespace=True)
8 1
6554 1638 8192
model_name noisyFCN
using Adam as optimizer
epoch 0
train_loss: 0.9521
test_loss: 0.8761
epoch 1
train_loss: 0.7774
test_loss: 0.6922
epoch 2
train_loss: 0.6109
test_loss: 0.5659
epoch 3
train_loss: 0.5210
test_loss: 0.5072
epoch 4
train_loss: 0.4743
test_loss: 0.4683
epoch 5
train_loss: 0.4398
test_loss: 0.4373
epoch 6
train_loss: 0.4114
test_loss: 0.4118
epoch 7
train_loss: 0.3870
test_loss: 0.3908
epoch 8
train_loss: 0.3679
test_loss: 0.3729
epoch 9
train_loss: 0.3504
test_loss: 0.3571
epoch 10
train_loss: 0.3350
test_loss: 0.3427
epoch 11
train_loss: 0.3198
test_loss: 0.3292
epoch 12
train_loss: 0.3062
test_loss: 0.3164
epoch 13
train_loss: 0.2931
test_loss: 0.3046
epoch 14
train_loss: 0.2809
test_loss: 0.2937
epoch 15
train_loss: 0.2695
test_loss: 0.2835
epoch 16
train_loss: 0.2593
test_loss: 0.2739
epoch 17
train_loss: 0.2499
test_loss: 0.2648
epoch 18
train_loss: 0.2411
test_loss: 0.2563
epoch 19
train_loss: 0.2325
test_loss: 0.2483
epoch 20
train_loss: 0.2249
test_loss: 0.2409
epoch 21
train_loss: 0.2179
test_loss: 0.2340
epoch 22
train_loss: 0.2113
test_loss: 0.2275
epoch 23
train_loss: 0.2051
test_loss: 0.2214
epoch 24
train_loss: 0.1994
test_loss: 0.2157
epoch 25
train_loss: 0.1941
test_loss: 0.2105
epoch 26
train_loss: 0.1893
test_loss: 0.2054
epoch 27
train_loss: 0.1847
test_loss: 0.2007
epoch 28
train_loss: 0.1803
test_loss: 0.1963
epoch 29
train_loss: 0.1762
test_loss: 0.1922
epoch 30
train_loss: 0.1722
test_loss: 0.1883
epoch 31
train_loss: 0.1688
test_loss: 0.1846
epoch 32
train_loss: 0.1654
test_loss: 0.1812
epoch 33
train_loss: 0.1622
test_loss: 0.1779
epoch 34
train_loss: 0.1592
test_loss: 0.1748
epoch 35
train_loss: 0.1563
test_loss: 0.1719
epoch 36
train_loss: 0.1536
test_loss: 0.1691
epoch 37
train_loss: 0.1510
test_loss: 0.1665
epoch 38
train_loss: 0.1486
test_loss: 0.1639
epoch 39
train_loss: 0.1462
test_loss: 0.1613
epoch 40
train_loss: 0.1439
test_loss: 0.1589
epoch 41
train_loss: 0.1417
test_loss: 0.1565
epoch 42
train_loss: 0.1396
test_loss: 0.1543
epoch 43
train_loss: 0.1376
test_loss: 0.1521
epoch 44
train_loss: 0.1357
test_loss: 0.1500
epoch 45
train_loss: 0.1338
test_loss: 0.1481
epoch 46
train_loss: 0.1320
test_loss: 0.1462
epoch 47
train_loss: 0.1303
test_loss: 0.1444
epoch 48
train_loss: 0.1286
test_loss: 0.1426
epoch 49
train_loss: 0.1270
test_loss: 0.1410
epoch 50
train_loss: 0.1255
test_loss: 0.1394
epoch 51
train_loss: 0.1240
test_loss: 0.1379
epoch 52
train_loss: 0.1226
test_loss: 0.1364
epoch 53
train_loss: 0.1211
test_loss: 0.1350
epoch 54
train_loss: 0.1199
test_loss: 0.1336
epoch 55
train_loss: 0.1186
test_loss: 0.1323
epoch 56
train_loss: 0.1173
test_loss: 0.1311
epoch 57
train_loss: 0.1161
test_loss: 0.1299
epoch 58
train_loss: 0.1149
test_loss: 0.1287
epoch 59
train_loss: 0.1137
test_loss: 0.1275
epoch 60
train_loss: 0.1127
test_loss: 0.1264
epoch 61
train_loss: 0.1117
test_loss: 0.1254
epoch 62
train_loss: 0.1106
test_loss: 0.1243
epoch 63
train_loss: 0.1096
test_loss: 0.1233
epoch 64
train_loss: 0.1087
test_loss: 0.1224
epoch 65
train_loss: 0.1078
test_loss: 0.1214
epoch 66
train_loss: 0.1068
test_loss: 0.1205
epoch 67
train_loss: 0.1059
test_loss: 0.1196
epoch 68
train_loss: 0.1051
test_loss: 0.1188
epoch 69
train_loss: 0.1042
test_loss: 0.1180
epoch 70
train_loss: 0.1033
test_loss: 0.1172
epoch 71
train_loss: 0.1024
test_loss: 0.1164
epoch 72
train_loss: 0.1015
test_loss: 0.1156
epoch 73
train_loss: 0.1008
test_loss: 0.1149
epoch 74
train_loss: 0.0999
test_loss: 0.1141
epoch 75
train_loss: 0.0991
test_loss: 0.1135
epoch 76
train_loss: 0.0984
test_loss: 0.1128
epoch 77
train_loss: 0.0976
test_loss: 0.1121
epoch 78
train_loss: 0.0969
test_loss: 0.1114
epoch 79
train_loss: 0.0963
test_loss: 0.1108
epoch 80
train_loss: 0.0956
test_loss: 0.1101
epoch 81
train_loss: 0.0949
test_loss: 0.1095
epoch 82
train_loss: 0.0943
test_loss: 0.1089
epoch 83
train_loss: 0.0937
test_loss: 0.1083
epoch 84
train_loss: 0.0931
test_loss: 0.1078
epoch 85
train_loss: 0.0924
test_loss: 0.1072
epoch 86
train_loss: 0.0920
test_loss: 0.1067
epoch 87
train_loss: 0.0914
test_loss: 0.1062
epoch 88
train_loss: 0.0908
test_loss: 0.1057
epoch 89
train_loss: 0.0903
test_loss: 0.1052
epoch 90
train_loss: 0.0897
test_loss: 0.1047
epoch 91
train_loss: 0.0892
test_loss: 0.1043
epoch 92
train_loss: 0.0887
test_loss: 0.1038
epoch 93
train_loss: 0.0882
test_loss: 0.1034
epoch 94
train_loss: 0.0878
test_loss: 0.1029
epoch 95
train_loss: 0.0872
test_loss: 0.1025
epoch 96
train_loss: 0.0868
test_loss: 0.1021
epoch 97
train_loss: 0.0864
test_loss: 0.1016
epoch 98
train_loss: 0.0859
test_loss: 0.1012
epoch 99
train_loss: 0.0854
test_loss: 0.1009
epoch 100
train_loss: 0.0850
test_loss: 0.1005
epoch 101
train_loss: 0.0846
test_loss: 0.1001
epoch 102
train_loss: 0.0842
test_loss: 0.0997
epoch 103
train_loss: 0.0838
test_loss: 0.0994
epoch 104
train_loss: 0.0834
test_loss: 0.0990
epoch 105
train_loss: 0.0830
test_loss: 0.0987
epoch 106
train_loss: 0.0826
test_loss: 0.0984
epoch 107
train_loss: 0.0823
test_loss: 0.0981
epoch 108
train_loss: 0.0819
test_loss: 0.0978
epoch 109
train_loss: 0.0815
test_loss: 0.0975
epoch 110
train_loss: 0.0812
test_loss: 0.0972
epoch 111
train_loss: 0.0808
test_loss: 0.0969
epoch 112
train_loss: 0.0805
test_loss: 0.0966
epoch 113
train_loss: 0.0801
test_loss: 0.0963
epoch 114
train_loss: 0.0798
test_loss: 0.0960
epoch 115
train_loss: 0.0795
test_loss: 0.0957
epoch 116
train_loss: 0.0791
test_loss: 0.0953
epoch 117
train_loss: 0.0789
test_loss: 0.0951
epoch 118
train_loss: 0.0785
test_loss: 0.0948
epoch 119
train_loss: 0.0783
test_loss: 0.0946
epoch 120
train_loss: 0.0780
test_loss: 0.0943
epoch 121
train_loss: 0.0777
test_loss: 0.0941
epoch 122
train_loss: 0.0774
test_loss: 0.0938
epoch 123
train_loss: 0.0771
test_loss: 0.0935
epoch 124
train_loss: 0.0768
test_loss: 0.0933
epoch 125
train_loss: 0.0766
test_loss: 0.0931
epoch 126
train_loss: 0.0763
test_loss: 0.0929
epoch 127
train_loss: 0.0760
test_loss: 0.0926
epoch 128
train_loss: 0.0758
test_loss: 0.0924
epoch 129
train_loss: 0.0755
test_loss: 0.0922
epoch 130
train_loss: 0.0752
test_loss: 0.0919
epoch 131
train_loss: 0.0750
test_loss: 0.0917
epoch 132
train_loss: 0.0747
test_loss: 0.0915
epoch 133
train_loss: 0.0745
test_loss: 0.0913
epoch 134
train_loss: 0.0743
test_loss: 0.0911
epoch 135
train_loss: 0.0740
test_loss: 0.0909
epoch 136
train_loss: 0.0738
test_loss: 0.0907
epoch 137
train_loss: 0.0735
test_loss: 0.0905
epoch 138
train_loss: 0.0733
test_loss: 0.0903
epoch 139
train_loss: 0.0731
test_loss: 0.0901
epoch 140
train_loss: 0.0729
test_loss: 0.0899
epoch 141
train_loss: 0.0727
test_loss: 0.0898
epoch 142
train_loss: 0.0724
test_loss: 0.0896
epoch 143
train_loss: 0.0722
test_loss: 0.0894
epoch 144
train_loss: 0.0720
test_loss: 0.0893
epoch 145
train_loss: 0.0718
test_loss: 0.0891
epoch 146
train_loss: 0.0716
test_loss: 0.0889
epoch 147
train_loss: 0.0714
test_loss: 0.0888
epoch 148
train_loss: 0.0712
test_loss: 0.0886
epoch 149
train_loss: 0.0710
test_loss: 0.0885
epoch 150
train_loss: 0.0708
test_loss: 0.0884
epoch 151
train_loss: 0.0706
test_loss: 0.0883
epoch 152
train_loss: 0.0704
test_loss: 0.0881
epoch 153
train_loss: 0.0702
test_loss: 0.0880
epoch 154
train_loss: 0.0700
test_loss: 0.0878
epoch 155
train_loss: 0.0698
test_loss: 0.0877
epoch 156
train_loss: 0.0696
test_loss: 0.0876
epoch 157
train_loss: 0.0694
test_loss: 0.0874
epoch 158
train_loss: 0.0692
test_loss: 0.0873
epoch 159
train_loss: 0.0690
test_loss: 0.0871
epoch 160
train_loss: 0.0689
