{'datasets': ['protein-tertiary-structure'], 'models': ['noisyFCN'], 'optimizer_name': 'Adam', 'hyperparam_eval_interval': 10, 'patience': 3, 'global_max_epochs': 2000, 'dropout_probs': [0.2, 0.1, 0.05, 0.01, 0.005, 0.001], 'fix_noiselevels': [0.001, 0.005, 0.01, 0.05, 0.1], 'init_noiselevels': [0.001, 0.005, 0.01, 0.05, 0.1], 'batch_sizes': [32], 'batch_sizes_specific': {'energy': [32]}, 'weight_decays': [0.01], 'dropout_batch_size': 32, 'n_hidden': 2, 'nonlinearity': 'relu', 'learning_rates': [0.002], 'mc_samples': 500, 'num_units': 50, 'num_units_specific': {'protein-tertiary-structure': 100}, 'normalize_X': True, 'normalize_y': True, 'n_folds': 5, 'inverted_cv_fraction': 5}
use_cuda: True
32
/home/xueqiong/noise_injection_uncertainty/regression/utils.py:39: FutureWarning: The 'delim_whitespace' keyword in pd.read_csv is deprecated and will be removed in a future version. Use ``sep='\s+'`` instead
  return pd.read_csv(dataset_path, engine='python', header=None, delim_whitespace=True)
13 1
405 101 506
model_name FCN
using Adam as optimizer
epoch 0
train_loss: 0.8292
test_loss: 0.6151
epoch 1
train_loss: 0.4874
test_loss: 0.4050
epoch 2
train_loss: 0.3170
test_loss: 0.1913
epoch 3
train_loss: 0.2371
test_loss: 0.1308
epoch 4
train_loss: 0.2041
test_loss: 0.1117
epoch 5
train_loss: 0.1806
test_loss: 0.0999
epoch 6
train_loss: 0.1646
test_loss: 0.0896
epoch 7
train_loss: 0.1526
test_loss: 0.0858
epoch 8
train_loss: 0.1427
test_loss: 0.0817
epoch 9
train_loss: 0.1339
test_loss: 0.0792
epoch 10
train_loss: 0.1263
test_loss: 0.0777
epoch 11
train_loss: 0.1188
test_loss: 0.0759
epoch 12
train_loss: 0.1124
test_loss: 0.0742
epoch 13
train_loss: 0.1064
test_loss: 0.0734
epoch 14
train_loss: 0.1007
test_loss: 0.0726
epoch 15
train_loss: 0.0953
test_loss: 0.0717
epoch 16
train_loss: 0.0905
test_loss: 0.0716
epoch 17
train_loss: 0.0860
test_loss: 0.0706
epoch 18
train_loss: 0.0818
test_loss: 0.0705
epoch 19
train_loss: 0.0780
test_loss: 0.0706
epoch 20
train_loss: 0.0744
test_loss: 0.0706
epoch 21
train_loss: 0.0710
test_loss: 0.0712
epoch 22
train_loss: 0.0685
test_loss: 0.0712
epoch 23
train_loss: 0.0655
test_loss: 0.0718
epoch 24
train_loss: 0.0631
test_loss: 0.0724
epoch 25
train_loss: 0.0609
test_loss: 0.0726
epoch 26
train_loss: 0.0589
test_loss: 0.0733
epoch 27
train_loss: 0.0572
test_loss: 0.0736
epoch 28
train_loss: 0.0555
test_loss: 0.0736
epoch 29
train_loss: 0.0538
test_loss: 0.0743
epoch 30
train_loss: 0.0525
test_loss: 0.0745
epoch 31
train_loss: 0.0510
test_loss: 0.0750
epoch 32
train_loss: 0.0498
test_loss: 0.0753
epoch 33
train_loss: 0.0487
test_loss: 0.0753
epoch 34
train_loss: 0.0475
test_loss: 0.0755
epoch 35
train_loss: 0.0462
test_loss: 0.0758
epoch 36
train_loss: 0.0454
test_loss: 0.0753
epoch 37
train_loss: 0.0442
test_loss: 0.0751
epoch 38
train_loss: 0.0434
test_loss: 0.0757
epoch 39
train_loss: 0.0423
test_loss: 0.0757
epoch 40
train_loss: 0.0414
test_loss: 0.0763
epoch 41
train_loss: 0.0407
test_loss: 0.0761
epoch 42
train_loss: 0.0396
test_loss: 0.0760
epoch 43
train_loss: 0.0390
test_loss: 0.0760
epoch 44
train_loss: 0.0380
test_loss: 0.0768
epoch 45
train_loss: 0.0371
test_loss: 0.0762
epoch 46
train_loss: 0.0362
test_loss: 0.0775
epoch 47
train_loss: 0.0356
test_loss: 0.0769
epoch 48
train_loss: 0.0348
test_loss: 0.0783
epoch 49
train_loss: 0.0341
test_loss: 0.0779
/home/xueqiong/noise_injection_uncertainty/regression/utils.py:39: FutureWarning: The 'delim_whitespace' keyword in pd.read_csv is deprecated and will be removed in a future version. Use ``sep='\s+'`` instead
  return pd.read_csv(dataset_path, engine='python', header=None, delim_whitespace=True)
13 1
405 101 506
model_name dropoutFCN
using Adam as optimizer
epoch 0
train_loss: 0.7104
Module: DropoutFullyConnectedNN
  Module: ModuleList
    Module: Linear
    Module: Linear
    Module: Linear
  Module: ModuleList
    Module: Dropout
dropout设置为训练模式
    Module: Dropout
dropout设置为训练模式
    Module: Dropout
dropout设置为训练模式
  Module: ReLU
test_loss: 0.6046
epoch 1
train_loss: 0.4769
Module: DropoutFullyConnectedNN
  Module: ModuleList
    Module: Linear
    Module: Linear
    Module: Linear
  Module: ModuleList
    Module: Dropout
dropout设置为训练模式
    Module: Dropout
dropout设置为训练模式
    Module: Dropout
dropout设置为训练模式
  Module: ReLU
test_loss: 0.3880
epoch 2
train_loss: 0.3640
Module: DropoutFullyConnectedNN
  Module: ModuleList
    Module: Linear
    Module: Linear
    Module: Linear
  Module: ModuleList
    Module: Dropout
dropout设置为训练模式
    Module: Dropout
dropout设置为训练模式
    Module: Dropout
dropout设置为训练模式
  Module: ReLU
test_loss: 0.2308
epoch 3
train_loss: 0.2770
Module: DropoutFullyConnectedNN
  Module: ModuleList
    Module: Linear
    Module: Linear
    Module: Linear
  Module: ModuleList
    Module: Dropout
dropout设置为训练模式
    Module: Dropout
dropout设置为训练模式
    Module: Dropout
dropout设置为训练模式
  Module: ReLU
test_loss: 0.1635
epoch 4
train_loss: 0.2365
Module: DropoutFullyConnectedNN
  Module: ModuleList
    Module: Linear
    Module: Linear
    Module: Linear
  Module: ModuleList
    Module: Dropout
dropout设置为训练模式
    Module: Dropout
dropout设置为训练模式
    Module: Dropout
dropout设置为训练模式
  Module: ReLU
test_loss: 0.1326
epoch 5
train_loss: 0.2285
Module: DropoutFullyConnectedNN
  Module: ModuleList
    Module: Linear
    Module: Linear
    Module: Linear
  Module: ModuleList
    Module: Dropout
dropout设置为训练模式
    Module: Dropout
dropout设置为训练模式
    Module: Dropout
dropout设置为训练模式
  Module: ReLU
test_loss: 0.1133
epoch 6
train_loss: 0.2176
Module: DropoutFullyConnectedNN
  Module: ModuleList
    Module: Linear
    Module: Linear
    Module: Linear
  Module: ModuleList
    Module: Dropout
dropout设置为训练模式
    Module: Dropout
dropout设置为训练模式
    Module: Dropout
dropout设置为训练模式
  Module: ReLU
test_loss: 0.0996
epoch 7
train_loss: 0.1953
Module: DropoutFullyConnectedNN
  Module: ModuleList
    Module: Linear
    Module: Linear
    Module: Linear
  Module: ModuleList
    Module: Dropout
dropout设置为训练模式
    Module: Dropout
dropout设置为训练模式
    Module: Dropout
dropout设置为训练模式
  Module: ReLU
test_loss: 0.0938
epoch 8
train_loss: 0.1790
Module: DropoutFullyConnectedNN
  Module: ModuleList
    Module: Linear
    Module: Linear
    Module: Linear
  Module: ModuleList
    Module: Dropout
dropout设置为训练模式
    Module: Dropout
dropout设置为训练模式
    Module: Dropout
dropout设置为训练模式
  Module: ReLU
test_loss: 0.0926
epoch 9
train_loss: 0.1806
Module: DropoutFullyConnectedNN
  Module: ModuleList
    Module: Linear
    Module: Linear
    Module: Linear
  Module: ModuleList
    Module: Dropout
dropout设置为训练模式
    Module: Dropout
dropout设置为训练模式
    Module: Dropout
dropout设置为训练模式
  Module: ReLU
test_loss: 0.0922
epoch 10
train_loss: 0.1591
Module: DropoutFullyConnectedNN
  Module: ModuleList
    Module: Linear
    Module: Linear
    Module: Linear
  Module: ModuleList
    Module: Dropout
dropout设置为训练模式
    Module: Dropout
dropout设置为训练模式
    Module: Dropout
dropout设置为训练模式
  Module: ReLU
test_loss: 0.0794
epoch 11
train_loss: 0.1599
Module: DropoutFullyConnectedNN
  Module: ModuleList
    Module: Linear
    Module: Linear
    Module: Linear
  Module: ModuleList
    Module: Dropout
dropout设置为训练模式
    Module: Dropout
dropout设置为训练模式
    Module: Dropout
dropout设置为训练模式
  Module: ReLU
test_loss: 0.0774
epoch 12
train_loss: 0.1506
Module: DropoutFullyConnectedNN
  Module: ModuleList
    Module: Linear
    Module: Linear
    Module: Linear
  Module: ModuleList
    Module: Dropout
dropout设置为训练模式
    Module: Dropout
dropout设置为训练模式
    Module: Dropout
dropout设置为训练模式
  Module: ReLU
test_loss: 0.0773
epoch 13
train_loss: 0.1410
Module: DropoutFullyConnectedNN
  Module: ModuleList
    Module: Linear
    Module: Linear
    Module: Linear
  Module: ModuleList
    Module: Dropout
dropout设置为训练模式
    Module: Dropout
dropout设置为训练模式
    Module: Dropout
dropout设置为训练模式
  Module: ReLU
test_loss: 0.0738
epoch 14
train_loss: 0.1401
Module: DropoutFullyConnectedNN
  Module: ModuleList
    Module: Linear
    Module: Linear
    Module: Linear
  Module: ModuleList
    Module: Dropout
dropout设置为训练模式
    Module: Dropout
dropout设置为训练模式
    Module: Dropout
dropout设置为训练模式
  Module: ReLU
test_loss: 0.0734
epoch 15
train_loss: 0.1348
Module: DropoutFullyConnectedNN
  Module: ModuleList
    Module: Linear
    Module: Linear
    Module: Linear
  Module: ModuleList
    Module: Dropout
dropout设置为训练模式
    Module: Dropout
dropout设置为训练模式
    Module: Dropout
dropout设置为训练模式
  Module: ReLU
test_loss: 0.0744
epoch 16
train_loss: 0.1347
Module: DropoutFullyConnectedNN
  Module: ModuleList
    Module: Linear
    Module: Linear
    Module: Linear
  Module: ModuleList
    Module: Dropout
dropout设置为训练模式
    Module: Dropout
dropout设置为训练模式
    Module: Dropout
dropout设置为训练模式
  Module: ReLU
test_loss: 0.0741
epoch 17
train_loss: 0.1426
Module: DropoutFullyConnectedNN
  Module: ModuleList
    Module: Linear
    Module: Linear
    Module: Linear
  Module: ModuleList
    Module: Dropout
dropout设置为训练模式
    Module: Dropout
dropout设置为训练模式
    Module: Dropout
dropout设置为训练模式
  Module: ReLU
test_loss: 0.0815
epoch 18
train_loss: 0.1081
Module: DropoutFullyConnectedNN
  Module: ModuleList
    Module: Linear
    Module: Linear
    Module: Linear
  Module: ModuleList
    Module: Dropout
dropout设置为训练模式
    Module: Dropout
dropout设置为训练模式
    Module: Dropout
dropout设置为训练模式
  Module: ReLU
test_loss: 0.0771
epoch 19
train_loss: 0.1295
Module: DropoutFullyConnectedNN
  Module: ModuleList
    Module: Linear
    Module: Linear
    Module: Linear
  Module: ModuleList
    Module: Dropout
dropout设置为训练模式
    Module: Dropout
dropout设置为训练模式
    Module: Dropout
dropout设置为训练模式
  Module: ReLU
test_loss: 0.0761
epoch 20
train_loss: 0.1070
Module: DropoutFullyConnectedNN
  Module: ModuleList
    Module: Linear
    Module: Linear
    Module: Linear
  Module: ModuleList
    Module: Dropout
dropout设置为训练模式
    Module: Dropout
dropout设置为训练模式
    Module: Dropout
dropout设置为训练模式
  Module: ReLU
test_loss: 0.0758
epoch 21
train_loss: 0.1204
Module: DropoutFullyConnectedNN
  Module: ModuleList
    Module: Linear
    Module: Linear
    Module: Linear
  Module: ModuleList
    Module: Dropout
dropout设置为训练模式
    Module: Dropout
dropout设置为训练模式
    Module: Dropout
dropout设置为训练模式
  Module: ReLU
test_loss: 0.0731
epoch 22
train_loss: 0.1063
Module: DropoutFullyConnectedNN
  Module: ModuleList
    Module: Linear
    Module: Linear
    Module: Linear
  Module: ModuleList
    Module: Dropout
dropout设置为训练模式
    Module: Dropout
dropout设置为训练模式
    Module: Dropout
dropout设置为训练模式
  Module: ReLU
test_loss: 0.0749
epoch 23
train_loss: 0.0993
Module: DropoutFullyConnectedNN
  Module: ModuleList
    Module: Linear
    Module: Linear
    Module: Linear
  Module: ModuleList
    Module: Dropout
dropout设置为训练模式
    Module: Dropout
dropout设置为训练模式
    Module: Dropout
dropout设置为训练模式
  Module: ReLU
test_loss: 0.0746
epoch 24
train_loss: 0.1030
Module: DropoutFullyConnectedNN
  Module: ModuleList
    Module: Linear
    Module: Linear
    Module: Linear
  Module: ModuleList
    Module: Dropout
dropout设置为训练模式
    Module: Dropout
dropout设置为训练模式
    Module: Dropout
dropout设置为训练模式
  Module: ReLU
test_loss: 0.0809
epoch 25
train_loss: 0.1084
Module: DropoutFullyConnectedNN
  Module: ModuleList
    Module: Linear
    Module: Linear
    Module: Linear
  Module: ModuleList
    Module: Dropout
dropout设置为训练模式
    Module: Dropout
dropout设置为训练模式
    Module: Dropout
dropout设置为训练模式
  Module: ReLU
test_loss: 0.0800
epoch 26
train_loss: 0.1055
Module: DropoutFullyConnectedNN
  Module: ModuleList
    Module: Linear
    Module: Linear
    Module: Linear
  Module: ModuleList
    Module: Dropout
dropout设置为训练模式
    Module: Dropout
dropout设置为训练模式
    Module: Dropout
dropout设置为训练模式
  Module: ReLU
test_loss: 0.0804
epoch 27
train_loss: 0.0953
Module: DropoutFullyConnectedNN
  Module: ModuleList
    Module: Linear
    Module: Linear
    Module: Linear
  Module: ModuleList
    Module: Dropout
dropout设置为训练模式
    Module: Dropout
dropout设置为训练模式
    Module: Dropout
dropout设置为训练模式
  Module: ReLU
test_loss: 0.0808
epoch 28
train_loss: 0.0960
Module: DropoutFullyConnectedNN
  Module: ModuleList
    Module: Linear
    Module: Linear
    Module: Linear
  Module: ModuleList
    Module: Dropout
dropout设置为训练模式
    Module: Dropout
dropout设置为训练模式
    Module: Dropout
dropout设置为训练模式
  Module: ReLU
test_loss: 0.0861
epoch 29
train_loss: 0.1126
Module: DropoutFullyConnectedNN
  Module: ModuleList
    Module: Linear
    Module: Linear
    Module: Linear
  Module: ModuleList
    Module: Dropout
dropout设置为训练模式
    Module: Dropout
dropout设置为训练模式
    Module: Dropout
dropout设置为训练模式
  Module: ReLU
test_loss: 0.0852
epoch 30
train_loss: 0.0984
Module: DropoutFullyConnectedNN
  Module: ModuleList
    Module: Linear
    Module: Linear
    Module: Linear
  Module: ModuleList
    Module: Dropout
dropout设置为训练模式
    Module: Dropout
dropout设置为训练模式
    Module: Dropout
dropout设置为训练模式
  Module: ReLU
test_loss: 0.0744
epoch 31
train_loss: 0.0996
Module: DropoutFullyConnectedNN
  Module: ModuleList
    Module: Linear
    Module: Linear
    Module: Linear
  Module: ModuleList
    Module: Dropout
dropout设置为训练模式
    Module: Dropout
dropout设置为训练模式
    Module: Dropout
dropout设置为训练模式
  Module: ReLU
test_loss: 0.0791
epoch 32
train_loss: 0.0979
Module: DropoutFullyConnectedNN
  Module: ModuleList
    Module: Linear
    Module: Linear
    Module: Linear
  Module: ModuleList
    Module: Dropout
dropout设置为训练模式
    Module: Dropout
dropout设置为训练模式
    Module: Dropout
dropout设置为训练模式
  Module: ReLU
test_loss: 0.0766
epoch 33
train_loss: 0.0915
Module: DropoutFullyConnectedNN
  Module: ModuleList
    Module: Linear
    Module: Linear
    Module: Linear
  Module: ModuleList
    Module: Dropout
dropout设置为训练模式
    Module: Dropout
dropout设置为训练模式
    Module: Dropout
dropout设置为训练模式
  Module: ReLU
test_loss: 0.0799
epoch 34
train_loss: 0.0835
Module: DropoutFullyConnectedNN
  Module: ModuleList
    Module: Linear
    Module: Linear
    Module: Linear
  Module: ModuleList
    Module: Dropout
dropout设置为训练模式
    Module: Dropout
dropout设置为训练模式
    Module: Dropout
dropout设置为训练模式
  Module: ReLU
test_loss: 0.0736
epoch 35
train_loss: 0.0834
Module: DropoutFullyConnectedNN
  Module: ModuleList
    Module: Linear
    Module: Linear
    Module: Linear
  Module: ModuleList
    Module: Dropout
dropout设置为训练模式
    Module: Dropout
dropout设置为训练模式
    Module: Dropout
dropout设置为训练模式
  Module: ReLU
test_loss: 0.0750
epoch 36
train_loss: 0.0816
Module: DropoutFullyConnectedNN
  Module: ModuleList
    Module: Linear
    Module: Linear
    Module: Linear
  Module: ModuleList
    Module: Dropout
dropout设置为训练模式
    Module: Dropout
dropout设置为训练模式
    Module: Dropout
dropout设置为训练模式
  Module: ReLU
test_loss: 0.0745
epoch 37
train_loss: 0.0924
Module: DropoutFullyConnectedNN
  Module: ModuleList
    Module: Linear
    Module: Linear
    Module: Linear
  Module: ModuleList
    Module: Dropout
dropout设置为训练模式
    Module: Dropout
dropout设置为训练模式
    Module: Dropout
dropout设置为训练模式
  Module: ReLU
test_loss: 0.0761
epoch 38
train_loss: 0.1001
Module: DropoutFullyConnectedNN
  Module: ModuleList
    Module: Linear
    Module: Linear
    Module: Linear
  Module: ModuleList
    Module: Dropout
dropout设置为训练模式
    Module: Dropout
dropout设置为训练模式
    Module: Dropout
dropout设置为训练模式
  Module: ReLU
test_loss: 0.0770
epoch 39
train_loss: 0.0988
Module: DropoutFullyConnectedNN
  Module: ModuleList
    Module: Linear
    Module: Linear
    Module: Linear
  Module: ModuleList
    Module: Dropout
dropout设置为训练模式
    Module: Dropout
dropout设置为训练模式
    Module: Dropout
dropout设置为训练模式
  Module: ReLU
test_loss: 0.0760
epoch 40
train_loss: 0.0973
Module: DropoutFullyConnectedNN
  Module: ModuleList
    Module: Linear
    Module: Linear
    Module: Linear
  Module: ModuleList
    Module: Dropout
dropout设置为训练模式
    Module: Dropout
dropout设置为训练模式
    Module: Dropout
dropout设置为训练模式
  Module: ReLU
test_loss: 0.0766
epoch 41
train_loss: 0.0822
Module: DropoutFullyConnectedNN
  Module: ModuleList
    Module: Linear
    Module: Linear
    Module: Linear
  Module: ModuleList
    Module: Dropout
dropout设置为训练模式
    Module: Dropout
dropout设置为训练模式
    Module: Dropout
dropout设置为训练模式
  Module: ReLU
test_loss: 0.0754
epoch 42
train_loss: 0.0805
Module: DropoutFullyConnectedNN
  Module: ModuleList
    Module: Linear
    Module: Linear
    Module: Linear
  Module: ModuleList
    Module: Dropout
dropout设置为训练模式
    Module: Dropout
dropout设置为训练模式
    Module: Dropout
dropout设置为训练模式
  Module: ReLU
test_loss: 0.0717
epoch 43
train_loss: 0.0851
Module: DropoutFullyConnectedNN
  Module: ModuleList
    Module: Linear
    Module: Linear
    Module: Linear
  Module: ModuleList
    Module: Dropout
dropout设置为训练模式
    Module: Dropout
dropout设置为训练模式
    Module: Dropout
dropout设置为训练模式
  Module: ReLU
test_loss: 0.0728
epoch 44
train_loss: 0.0937
Module: DropoutFullyConnectedNN
  Module: ModuleList
    Module: Linear
    Module: Linear
    Module: Linear
  Module: ModuleList
    Module: Dropout
dropout设置为训练模式
    Module: Dropout
dropout设置为训练模式
    Module: Dropout
dropout设置为训练模式
  Module: ReLU
test_loss: 0.0713
epoch 45
train_loss: 0.0861
Module: DropoutFullyConnectedNN
  Module: ModuleList
    Module: Linear
    Module: Linear
    Module: Linear
  Module: ModuleList
    Module: Dropout
dropout设置为训练模式
    Module: Dropout
dropout设置为训练模式
    Module: Dropout
dropout设置为训练模式
  Module: ReLU
test_loss: 0.0743
epoch 46
train_loss: 0.0836
Module: DropoutFullyConnectedNN
  Module: ModuleList
    Module: Linear
    Module: Linear
    Module: Linear
  Module: ModuleList
    Module: Dropout
dropout设置为训练模式
    Module: Dropout
dropout设置为训练模式
    Module: Dropout
dropout设置为训练模式
  Module: ReLU
test_loss: 0.0726
epoch 47
train_loss: 0.0757
Module: DropoutFullyConnectedNN
  Module: ModuleList
    Module: Linear
    Module: Linear
    Module: Linear
  Module: ModuleList
    Module: Dropout
dropout设置为训练模式
    Module: Dropout
dropout设置为训练模式
    Module: Dropout
dropout设置为训练模式
  Module: ReLU
test_loss: 0.0701
epoch 48
train_loss: 0.0846
Module: DropoutFullyConnectedNN
  Module: ModuleList
    Module: Linear
    Module: Linear
    Module: Linear
  Module: ModuleList
    Module: Dropout
dropout设置为训练模式
    Module: Dropout
dropout设置为训练模式
    Module: Dropout
dropout设置为训练模式
  Module: ReLU
test_loss: 0.0769
epoch 49
train_loss: 0.0764
Module: DropoutFullyConnectedNN
  Module: ModuleList
    Module: Linear
    Module: Linear
    Module: Linear
  Module: ModuleList
    Module: Dropout
dropout设置为训练模式
    Module: Dropout
dropout设置为训练模式
    Module: Dropout
dropout设置为训练模式
  Module: ReLU
test_loss: 0.0735
epoch 50
train_loss: 0.0902
Module: DropoutFullyConnectedNN
  Module: ModuleList
    Module: Linear
    Module: Linear
    Module: Linear
  Module: ModuleList
    Module: Dropout
dropout设置为训练模式
    Module: Dropout
dropout设置为训练模式
    Module: Dropout
dropout设置为训练模式
  Module: ReLU
test_loss: 0.0772
epoch 51
train_loss: 0.0731
Module: DropoutFullyConnectedNN
  Module: ModuleList
    Module: Linear
    Module: Linear
    Module: Linear
  Module: ModuleList
    Module: Dropout
dropout设置为训练模式
    Module: Dropout
dropout设置为训练模式
    Module: Dropout
dropout设置为训练模式
  Module: ReLU
test_loss: 0.0799
epoch 52
train_loss: 0.0703
Module: DropoutFullyConnectedNN
  Module: ModuleList
    Module: Linear
    Module: Linear
    Module: Linear
  Module: ModuleList
    Module: Dropout
dropout设置为训练模式
    Module: Dropout
dropout设置为训练模式
    Module: Dropout
dropout设置为训练模式
  Module: ReLU
test_loss: 0.0734
epoch 53
train_loss: 0.0824
Module: DropoutFullyConnectedNN
  Module: ModuleList
    Module: Linear
    Module: Linear
    Module: Linear
  Module: ModuleList
    Module: Dropout
dropout设置为训练模式
    Module: Dropout
dropout设置为训练模式
    Module: Dropout
dropout设置为训练模式
  Module: ReLU
test_loss: 0.0748
epoch 54
train_loss: 0.0774
Module: DropoutFullyConnectedNN
  Module: ModuleList
    Module: Linear
    Module: Linear
    Module: Linear
  Module: ModuleList
    Module: Dropout
dropout设置为训练模式
    Module: Dropout
dropout设置为训练模式
    Module: Dropout
dropout设置为训练模式
  Module: ReLU
test_loss: 0.0749
epoch 55
train_loss: 0.0666
Module: DropoutFullyConnectedNN
  Module: ModuleList
    Module: Linear
    Module: Linear
    Module: Linear
  Module: ModuleList
    Module: Dropout
dropout设置为训练模式
    Module: Dropout
dropout设置为训练模式
    Module: Dropout
dropout设置为训练模式
  Module: ReLU
test_loss: 0.0760
epoch 56
train_loss: 0.0847
Module: DropoutFullyConnectedNN
  Module: ModuleList
    Module: Linear
    Module: Linear
    Module: Linear
  Module: ModuleList
    Module: Dropout
dropout设置为训练模式
    Module: Dropout
dropout设置为训练模式
    Module: Dropout
dropout设置为训练模式
  Module: ReLU
test_loss: 0.0722
epoch 57
train_loss: 0.0953
Module: DropoutFullyConnectedNN
  Module: ModuleList
    Module: Linear
    Module: Linear
    Module: Linear
  Module: ModuleList
    Module: Dropout
dropout设置为训练模式
    Module: Dropout
dropout设置为训练模式
    Module: Dropout
dropout设置为训练模式
  Module: ReLU
test_loss: 0.0668
epoch 58
train_loss: 0.0806
Module: DropoutFullyConnectedNN
  Module: ModuleList
    Module: Linear
    Module: Linear
    Module: Linear
  Module: ModuleList
    Module: Dropout
dropout设置为训练模式
    Module: Dropout
dropout设置为训练模式
    Module: Dropout
dropout设置为训练模式
  Module: ReLU
test_loss: 0.0727
epoch 59
train_loss: 0.0703
Module: DropoutFullyConnectedNN
  Module: ModuleList
    Module: Linear
    Module: Linear
    Module: Linear
  Module: ModuleList
    Module: Dropout
dropout设置为训练模式
    Module: Dropout
dropout设置为训练模式
    Module: Dropout
dropout设置为训练模式
  Module: ReLU
test_loss: 0.0724
epoch 60
train_loss: 0.0654
Module: DropoutFullyConnectedNN
  Module: ModuleList
    Module: Linear
    Module: Linear
    Module: Linear
  Module: ModuleList
    Module: Dropout
dropout设置为训练模式
    Module: Dropout
dropout设置为训练模式
    Module: Dropout
dropout设置为训练模式
  Module: ReLU
test_loss: 0.0748
epoch 61
train_loss: 0.0820
Module: DropoutFullyConnectedNN
  Module: ModuleList
    Module: Linear
    Module: Linear
    Module: Linear
  Module: ModuleList
    Module: Dropout
dropout设置为训练模式
    Module: Dropout
dropout设置为训练模式
    Module: Dropout
dropout设置为训练模式
  Module: ReLU
test_loss: 0.0707
epoch 62
train_loss: 0.0668
Module: DropoutFullyConnectedNN
  Module: ModuleList
    Module: Linear
    Module: Linear
    Module: Linear
  Module: ModuleList
    Module: Dropout
dropout设置为训练模式
    Module: Dropout
dropout设置为训练模式
    Module: Dropout
dropout设置为训练模式
  Module: ReLU
test_loss: 0.0717
epoch 63
train_loss: 0.0687
Module: DropoutFullyConnectedNN
  Module: ModuleList
    Module: Linear
    Module: Linear
    Module: Linear
  Module: ModuleList
    Module: Dropout
dropout设置为训练模式
    Module: Dropout
dropout设置为训练模式
    Module: Dropout
dropout设置为训练模式
  Module: ReLU
test_loss: 0.0733
epoch 64
train_loss: 0.0739
Module: DropoutFullyConnectedNN
  Module: ModuleList
    Module: Linear
    Module: Linear
    Module: Linear
  Module: ModuleList
    Module: Dropout
dropout设置为训练模式
    Module: Dropout
dropout设置为训练模式
    Module: Dropout
dropout设置为训练模式
  Module: ReLU
test_loss: 0.0668
epoch 65
train_loss: 0.0703
Module: DropoutFullyConnectedNN
  Module: ModuleList
    Module: Linear
    Module: Linear
    Module: Linear
  Module: ModuleList
    Module: Dropout
dropout设置为训练模式
    Module: Dropout
dropout设置为训练模式
    Module: Dropout
dropout设置为训练模式
  Module: ReLU
test_loss: 0.0738
epoch 66
train_loss: 0.0688
Module: DropoutFullyConnectedNN
  Module: ModuleList
    Module: Linear
    Module: Linear
    Module: Linear
  Module: ModuleList
    Module: Dropout
dropout设置为训练模式
    Module: Dropout
dropout设置为训练模式
    Module: Dropout
dropout设置为训练模式
  Module: ReLU
test_loss: 0.0743
epoch 67
train_loss: 0.0748
Module: DropoutFullyConnectedNN
  Module: ModuleList
    Module: Linear
    Module: Linear
    Module: Linear
  Module: ModuleList
    Module: Dropout
dropout设置为训练模式
    Module: Dropout
dropout设置为训练模式
    Module: Dropout
dropout设置为训练模式
  Module: ReLU
test_loss: 0.0694
epoch 68
train_loss: 0.0678
Module: DropoutFullyConnectedNN
  Module: ModuleList
    Module: Linear
    Module: Linear
    Module: Linear
  Module: ModuleList
    Module: Dropout
dropout设置为训练模式
    Module: Dropout
dropout设置为训练模式
    Module: Dropout
dropout设置为训练模式
  Module: ReLU
test_loss: 0.0737
epoch 69
train_loss: 0.0772
Module: DropoutFullyConnectedNN
  Module: ModuleList
    Module: Linear
    Module: Linear
    Module: Linear
  Module: ModuleList
    Module: Dropout
dropout设置为训练模式
    Module: Dropout
dropout设置为训练模式
    Module: Dropout
dropout设置为训练模式
  Module: ReLU
test_loss: 0.0757
epoch 70
train_loss: 0.0723
Module: DropoutFullyConnectedNN
  Module: ModuleList
    Module: Linear
    Module: Linear
    Module: Linear
  Module: ModuleList
    Module: Dropout
dropout设置为训练模式
    Module: Dropout
dropout设置为训练模式
    Module: Dropout
dropout设置为训练模式
  Module: ReLU
test_loss: 0.0722
epoch 71
train_loss: 0.0672
Module: DropoutFullyConnectedNN
  Module: ModuleList
    Module: Linear
    Module: Linear
    Module: Linear
  Module: ModuleList
    Module: Dropout
dropout设置为训练模式
    Module: Dropout
dropout设置为训练模式
    Module: Dropout
dropout设置为训练模式
  Module: ReLU
test_loss: 0.0784
epoch 72
train_loss: 0.0663
Module: DropoutFullyConnectedNN
  Module: ModuleList
    Module: Linear
    Module: Linear
    Module: Linear
  Module: ModuleList
    Module: Dropout
dropout设置为训练模式
    Module: Dropout
dropout设置为训练模式
    Module: Dropout
dropout设置为训练模式
  Module: ReLU
test_loss: 0.0760
epoch 73
train_loss: 0.0699
Module: DropoutFullyConnectedNN
  Module: ModuleList
    Module: Linear
    Module: Linear
    Module: Linear
  Module: ModuleList
    Module: Dropout
dropout设置为训练模式
    Module: Dropout
dropout设置为训练模式
    Module: Dropout
dropout设置为训练模式
  Module: ReLU
test_loss: 0.0686
epoch 74
train_loss: 0.0693
Module: DropoutFullyConnectedNN
  Module: ModuleList
    Module: Linear
    Module: Linear
    Module: Linear
  Module: ModuleList
    Module: Dropout
dropout设置为训练模式
    Module: Dropout
dropout设置为训练模式
    Module: Dropout
dropout设置为训练模式
  Module: ReLU
test_loss: 0.0709
epoch 75
train_loss: 0.0747
Module: DropoutFullyConnectedNN
  Module: ModuleList
    Module: Linear
    Module: Linear
    Module: Linear
  Module: ModuleList
    Module: Dropout
dropout设置为训练模式
    Module: Dropout
dropout设置为训练模式
    Module: Dropout
dropout设置为训练模式
  Module: ReLU
test_loss: 0.0693
epoch 76
train_loss: 0.0694
Module: DropoutFullyConnectedNN
  Module: ModuleList
    Module: Linear
    Module: Linear
    Module: Linear
  Module: ModuleList
    Module: Dropout
dropout设置为训练模式
    Module: Dropout
dropout设置为训练模式
    Module: Dropout
dropout设置为训练模式
  Module: ReLU
test_loss: 0.0717
epoch 77
train_loss: 0.0632
Module: DropoutFullyConnectedNN
  Module: ModuleList
    Module: Linear
    Module: Linear
    Module: Linear
  Module: ModuleList
    Module: Dropout
dropout设置为训练模式
    Module: Dropout
dropout设置为训练模式
    Module: Dropout
dropout设置为训练模式
  Module: ReLU
test_loss: 0.0683
epoch 78
train_loss: 0.0744
Module: DropoutFullyConnectedNN
  Module: ModuleList
    Module: Linear
    Module: Linear
    Module: Linear
  Module: ModuleList
    Module: Dropout
dropout设置为训练模式
    Module: Dropout
dropout设置为训练模式
    Module: Dropout
dropout设置为训练模式
  Module: ReLU
test_loss: 0.0689
epoch 79
train_loss: 0.0667
Module: DropoutFullyConnectedNN
  Module: ModuleList
    Module: Linear
    Module: Linear
    Module: Linear
  Module: ModuleList
    Module: Dropout
dropout设置为训练模式
    Module: Dropout
dropout设置为训练模式
    Module: Dropout
dropout设置为训练模式
  Module: ReLU
test_loss: 0.0674
epoch 80
train_loss: 0.0653
Module: DropoutFullyConnectedNN
  Module: ModuleList
    Module: Linear
    Module: Linear
    Module: Linear
  Module: ModuleList
    Module: Dropout
dropout设置为训练模式
    Module: Dropout
dropout设置为训练模式
    Module: Dropout
dropout设置为训练模式
  Module: ReLU
test_loss: 0.0727
epoch 81
train_loss: 0.0668
Module: DropoutFullyConnectedNN
  Module: ModuleList
    Module: Linear
    Module: Linear
    Module: Linear
  Module: ModuleList
    Module: Dropout
dropout设置为训练模式
    Module: Dropout
dropout设置为训练模式
    Module: Dropout
dropout设置为训练模式
  Module: ReLU
test_loss: 0.0727
epoch 82
train_loss: 0.0717
Module: DropoutFullyConnectedNN
  Module: ModuleList
    Module: Linear
    Module: Linear
    Module: Linear
  Module: ModuleList
    Module: Dropout
dropout设置为训练模式
    Module: Dropout
dropout设置为训练模式
    Module: Dropout
dropout设置为训练模式
  Module: ReLU
test_loss: 0.0771
epoch 83
train_loss: 0.0669
Module: DropoutFullyConnectedNN
  Module: ModuleList
    Module: Linear
    Module: Linear
    Module: Linear
  Module: ModuleList
    Module: Dropout
dropout设置为训练模式
    Module: Dropout
dropout设置为训练模式
    Module: Dropout
dropout设置为训练模式
  Module: ReLU
test_loss: 0.0780
epoch 84
train_loss: 0.0657
Module: DropoutFullyConnectedNN
  Module: ModuleList
    Module: Linear
    Module: Linear
    Module: Linear
  Module: ModuleList
    Module: Dropout
dropout设置为训练模式
    Module: Dropout
dropout设置为训练模式
    Module: Dropout
dropout设置为训练模式
  Module: ReLU
test_loss: 0.0759
epoch 85
train_loss: 0.0540
Module: DropoutFullyConnectedNN
  Module: ModuleList
    Module: Linear
    Module: Linear
    Module: Linear
  Module: ModuleList
    Module: Dropout
dropout设置为训练模式
    Module: Dropout
dropout设置为训练模式
    Module: Dropout
dropout设置为训练模式
  Module: ReLU
test_loss: 0.0757
epoch 86
train_loss: 0.0625
Module: DropoutFullyConnectedNN
  Module: ModuleList
    Module: Linear
    Module: Linear
    Module: Linear
  Module: ModuleList
    Module: Dropout
dropout设置为训练模式
    Module: Dropout
dropout设置为训练模式
    Module: Dropout
dropout设置为训练模式
  Module: ReLU
test_loss: 0.0706
epoch 87
train_loss: 0.0602
Module: DropoutFullyConnectedNN
  Module: ModuleList
    Module: Linear
    Module: Linear
    Module: Linear
  Module: ModuleList
    Module: Dropout
dropout设置为训练模式
    Module: Dropout
dropout设置为训练模式
    Module: Dropout
dropout设置为训练模式
  Module: ReLU
test_loss: 0.0758
epoch 88
train_loss: 0.0655
Module: DropoutFullyConnectedNN
  Module: ModuleList
    Module: Linear
    Module: Linear
    Module: Linear
  Module: ModuleList
    Module: Dropout
dropout设置为训练模式
    Module: Dropout
dropout设置为训练模式
    Module: Dropout
dropout设置为训练模式
  Module: ReLU
test_loss: 0.0765
epoch 89
train_loss: 0.0600
Module: DropoutFullyConnectedNN
  Module: ModuleList
    Module: Linear
    Module: Linear
    Module: Linear
  Module: ModuleList
    Module: Dropout
dropout设置为训练模式
    Module: Dropout
dropout设置为训练模式
    Module: Dropout
dropout设置为训练模式
  Module: ReLU
test_loss: 0.0750
epoch 90
train_loss: 0.0584
Module: DropoutFullyConnectedNN
  Module: ModuleList
    Module: Linear
    Module: Linear
    Module: Linear
  Module: ModuleList
    Module: Dropout
dropout设置为训练模式
    Module: Dropout
dropout设置为训练模式
    Module: Dropout
dropout设置为训练模式
  Module: ReLU
test_loss: 0.0734
epoch 91
train_loss: 0.0548
Module: DropoutFullyConnectedNN
  Module: ModuleList
    Module: Linear
    Module: Linear
    Module: Linear
  Module: ModuleList
    Module: Dropout
dropout设置为训练模式
    Module: Dropout
dropout设置为训练模式
    Module: Dropout
dropout设置为训练模式
  Module: ReLU
test_loss: 0.0773
epoch 92
train_loss: 0.0665
Module: DropoutFullyConnectedNN
  Module: ModuleList
    Module: Linear
    Module: Linear
    Module: Linear
  Module: ModuleList
    Module: Dropout
dropout设置为训练模式
    Module: Dropout
dropout设置为训练模式
    Module: Dropout
dropout设置为训练模式
  Module: ReLU
test_loss: 0.0727
epoch 93
train_loss: 0.0647
Module: DropoutFullyConnectedNN
  Module: ModuleList
    Module: Linear
    Module: Linear
    Module: Linear
  Module: ModuleList
    Module: Dropout
dropout设置为训练模式
    Module: Dropout
dropout设置为训练模式
    Module: Dropout
dropout设置为训练模式
  Module: ReLU
test_loss: 0.0759
epoch 94
train_loss: 0.0683
Module: DropoutFullyConnectedNN
  Module: ModuleList
    Module: Linear
    Module: Linear
    Module: Linear
  Module: ModuleList
    Module: Dropout
dropout设置为训练模式
    Module: Dropout
dropout设置为训练模式
    Module: Dropout
dropout设置为训练模式
  Module: ReLU
test_loss: 0.0698
epoch 95
train_loss: 0.0530
Module: DropoutFullyConnectedNN
  Module: ModuleList
    Module: Linear
    Module: Linear
    Module: Linear
  Module: ModuleList
    Module: Dropout
dropout设置为训练模式
    Module: Dropout
dropout设置为训练模式
    Module: Dropout
dropout设置为训练模式
  Module: ReLU
test_loss: 0.0758
epoch 96
train_loss: 0.0653
Module: DropoutFullyConnectedNN
  Module: ModuleList
    Module: Linear
    Module: Linear
    Module: Linear
  Module: ModuleList
    Module: Dropout
dropout设置为训练模式
    Module: Dropout
dropout设置为训练模式
    Module: Dropout
dropout设置为训练模式
  Module: ReLU
test_loss: 0.0744
epoch 97
train_loss: 0.0654
Module: DropoutFullyConnectedNN
  Module: ModuleList
    Module: Linear
    Module: Linear
    Module: Linear
  Module: ModuleList
    Module: Dropout
dropout设置为训练模式
    Module: Dropout
dropout设置为训练模式
    Module: Dropout
dropout设置为训练模式
  Module: ReLU
test_loss: 0.0667
epoch 98
train_loss: 0.0583
Module: DropoutFullyConnectedNN
  Module: ModuleList
    Module: Linear
    Module: Linear
    Module: Linear
  Module: ModuleList
    Module: Dropout
dropout设置为训练模式
    Module: Dropout
dropout设置为训练模式
    Module: Dropout
dropout设置为训练模式
  Module: ReLU
test_loss: 0.0699
epoch 99
train_loss: 0.0656
Module: DropoutFullyConnectedNN
  Module: ModuleList
    Module: Linear
    Module: Linear
    Module: Linear
  Module: ModuleList
    Module: Dropout
dropout设置为训练模式
    Module: Dropout
dropout设置为训练模式
    Module: Dropout
dropout设置为训练模式
  Module: ReLU
test_loss: 0.0753
epoch 100
train_loss: 0.0509
Module: DropoutFullyConnectedNN
  Module: ModuleList
    Module: Linear
    Module: Linear
    Module: Linear
  Module: ModuleList
    Module: Dropout
dropout设置为训练模式
    Module: Dropout
dropout设置为训练模式
    Module: Dropout
dropout设置为训练模式
  Module: ReLU
test_loss: 0.0740
epoch 101
train_loss: 0.0657
Module: DropoutFullyConnectedNN
  Module: ModuleList
    Module: Linear
    Module: Linear
    Module: Linear
  Module: ModuleList
    Module: Dropout
dropout设置为训练模式
    Module: Dropout
dropout设置为训练模式
    Module: Dropout
dropout设置为训练模式
  Module: ReLU
test_loss: 0.0758
epoch 102
train_loss: 0.0628
Module: DropoutFullyConnectedNN
  Module: ModuleList
    Module: Linear
    Module: Linear
    Module: Linear
  Module: ModuleList
    Module: Dropout
dropout设置为训练模式
    Module: Dropout
dropout设置为训练模式
    Module: Dropout
dropout设置为训练模式
  Module: ReLU
test_loss: 0.0778
epoch 103
train_loss: 0.0657
Module: DropoutFullyConnectedNN
  Module: ModuleList
    Module: Linear
    Module: Linear
    Module: Linear
  Module: ModuleList
    Module: Dropout
dropout设置为训练模式
    Module: Dropout
dropout设置为训练模式
    Module: Dropout
dropout设置为训练模式
  Module: ReLU
test_loss: 0.0767
epoch 104
train_loss: 0.0643
Module: DropoutFullyConnectedNN
  Module: ModuleList
    Module: Linear
    Module: Linear
    Module: Linear
  Module: ModuleList
    Module: Dropout
dropout设置为训练模式
    Module: Dropout
dropout设置为训练模式
    Module: Dropout
dropout设置为训练模式
  Module: ReLU
test_loss: 0.0753
epoch 105
train_loss: 0.0638
Module: DropoutFullyConnectedNN
  Module: ModuleList
    Module: Linear
    Module: Linear
    Module: Linear
  Module: ModuleList
    Module: Dropout
dropout设置为训练模式
    Module: Dropout
dropout设置为训练模式
    Module: Dropout
dropout设置为训练模式
  Module: ReLU
test_loss: 0.0742
epoch 106
train_loss: 0.0522
Module: DropoutFullyConnectedNN
  Module: ModuleList
    Module: Linear
    Module: Linear
    Module: Linear
  Module: ModuleList
    Module: Dropout
dropout设置为训练模式
    Module: Dropout
dropout设置为训练模式
    Module: Dropout
dropout设置为训练模式
  Module: ReLU
test_loss: 0.0702
epoch 107
train_loss: 0.0579
Module: DropoutFullyConnectedNN
  Module: ModuleList
    Module: Linear
    Module: Linear
    Module: Linear
  Module: ModuleList
    Module: Dropout
dropout设置为训练模式
    Module: Dropout
dropout设置为训练模式
    Module: Dropout
dropout设置为训练模式
  Module: ReLU
test_loss: 0.0791
epoch 108
train_loss: 0.0608
Module: DropoutFullyConnectedNN
  Module: ModuleList
    Module: Linear
    Module: Linear
    Module: Linear
  Module: ModuleList
    Module: Dropout
dropout设置为训练模式
    Module: Dropout
dropout设置为训练模式
    Module: Dropout
dropout设置为训练模式
  Module: ReLU
test_loss: 0.0692
epoch 109
train_loss: 0.0499
Module: DropoutFullyConnectedNN
  Module: ModuleList
    Module: Linear
    Module: Linear
    Module: Linear
  Module: ModuleList
    Module: Dropout
dropout设置为训练模式
    Module: Dropout
dropout设置为训练模式
    Module: Dropout
dropout设置为训练模式
  Module: ReLU
test_loss: 0.0715
epoch 110
train_loss: 0.0607
Module: DropoutFullyConnectedNN
  Module: ModuleList
    Module: Linear
    Module: Linear
    Module: Linear
  Module: ModuleList
    Module: Dropout
dropout设置为训练模式
    Module: Dropout
dropout设置为训练模式
    Module: Dropout
dropout设置为训练模式
  Module: ReLU
test_loss: 0.0701
epoch 111
train_loss: 0.0603
Module: DropoutFullyConnectedNN
  Module: ModuleList
    Module: Linear
    Module: Linear
    Module: Linear
  Module: ModuleList
    Module: Dropout
dropout设置为训练模式
    Module: Dropout
dropout设置为训练模式
    Module: Dropout
dropout设置为训练模式
  Module: ReLU
test_loss: 0.0750
epoch 112
train_loss: 0.0556
Module: DropoutFullyConnectedNN
  Module: ModuleList
    Module: Linear
    Module: Linear
    Module: Linear
  Module: ModuleList
    Module: Dropout
dropout设置为训练模式
    Module: Dropout
dropout设置为训练模式
    Module: Dropout
dropout设置为训练模式
  Module: ReLU
test_loss: 0.0678
epoch 113
train_loss: 0.0594
Module: DropoutFullyConnectedNN
  Module: ModuleList
    Module: Linear
    Module: Linear
    Module: Linear
  Module: ModuleList
    Module: Dropout
dropout设置为训练模式
    Module: Dropout
dropout设置为训练模式
    Module: Dropout
dropout设置为训练模式
  Module: ReLU
test_loss: 0.0693
epoch 114
train_loss: 0.0521
Module: DropoutFullyConnectedNN
  Module: ModuleList
    Module: Linear
    Module: Linear
    Module: Linear
  Module: ModuleList
    Module: Dropout
dropout设置为训练模式
    Module: Dropout
dropout设置为训练模式
    Module: Dropout
dropout设置为训练模式
  Module: ReLU
test_loss: 0.0749
epoch 115
train_loss: 0.0538
Module: DropoutFullyConnectedNN
  Module: ModuleList
    Module: Linear
    Module: Linear
    Module: Linear
  Module: ModuleList
    Module: Dropout
dropout设置为训练模式
    Module: Dropout
dropout设置为训练模式
    Module: Dropout
dropout设置为训练模式
  Module: ReLU
test_loss: 0.0658
epoch 116
train_loss: 0.0613
Module: DropoutFullyConnectedNN
  Module: ModuleList
    Module: Linear
    Module: Linear
    Module: Linear
  Module: ModuleList
    Module: Dropout
dropout设置为训练模式
    Module: Dropout
dropout设置为训练模式
    Module: Dropout
dropout设置为训练模式
  Module: ReLU
test_loss: 0.0713
epoch 117
train_loss: 0.0554
Module: DropoutFullyConnectedNN
  Module: ModuleList
    Module: Linear
    Module: Linear
    Module: Linear
  Module: ModuleList
    Module: Dropout
dropout设置为训练模式
    Module: Dropout
dropout设置为训练模式
    Module: Dropout
dropout设置为训练模式
  Module: ReLU
test_loss: 0.0737
epoch 118
train_loss: 0.0457
Module: DropoutFullyConnectedNN
  Module: ModuleList
    Module: Linear
    Module: Linear
    Module: Linear
  Module: ModuleList
    Module: Dropout
dropout设置为训练模式
    Module: Dropout
dropout设置为训练模式
    Module: Dropout
dropout设置为训练模式
  Module: ReLU
test_loss: 0.0715
epoch 119
train_loss: 0.0541
Module: DropoutFullyConnectedNN
  Module: ModuleList
    Module: Linear
    Module: Linear
    Module: Linear
  Module: ModuleList
    Module: Dropout
dropout设置为训练模式
    Module: Dropout
dropout设置为训练模式
    Module: Dropout
dropout设置为训练模式
  Module: ReLU
test_loss: 0.0675
epoch 120
train_loss: 0.0529
Module: DropoutFullyConnectedNN
  Module: ModuleList
    Module: Linear
    Module: Linear
    Module: Linear
  Module: ModuleList
    Module: Dropout
dropout设置为训练模式
    Module: Dropout
dropout设置为训练模式
    Module: Dropout
dropout设置为训练模式
  Module: ReLU
test_loss: 0.0709
epoch 121
train_loss: 0.0552
Module: DropoutFullyConnectedNN
  Module: ModuleList
    Module: Linear
    Module: Linear
    Module: Linear
  Module: ModuleList
    Module: Dropout
dropout设置为训练模式
    Module: Dropout
dropout设置为训练模式
    Module: Dropout
dropout设置为训练模式
  Module: ReLU
test_loss: 0.0773
epoch 122
train_loss: 0.0555
Module: DropoutFullyConnectedNN
  Module: ModuleList
    Module: Linear
    Module: Linear
    Module: Linear
  Module: ModuleList
    Module: Dropout
dropout设置为训练模式
    Module: Dropout
dropout设置为训练模式
    Module: Dropout
dropout设置为训练模式
  Module: ReLU
test_loss: 0.0704
epoch 123
train_loss: 0.0519
Module: DropoutFullyConnectedNN
  Module: ModuleList
    Module: Linear
    Module: Linear
    Module: Linear
  Module: ModuleList
    Module: Dropout
dropout设置为训练模式
    Module: Dropout
dropout设置为训练模式
    Module: Dropout
dropout设置为训练模式
  Module: ReLU
test_loss: 0.0641
epoch 124
train_loss: 0.0505
Module: DropoutFullyConnectedNN
  Module: ModuleList
    Module: Linear
    Module: Linear
    Module: Linear
  Module: ModuleList
    Module: Dropout
dropout设置为训练模式
    Module: Dropout
dropout设置为训练模式
    Module: Dropout
dropout设置为训练模式
  Module: ReLU
test_loss: 0.0683
epoch 125
train_loss: 0.0504
Module: DropoutFullyConnectedNN
  Module: ModuleList
    Module: Linear
    Module: Linear
    Module: Linear
  Module: ModuleList
    Module: Dropout
dropout设置为训练模式
    Module: Dropout
dropout设置为训练模式
    Module: Dropout
dropout设置为训练模式
  Module: ReLU
test_loss: 0.0743
epoch 126
train_loss: 0.0534
Module: DropoutFullyConnectedNN
  Module: ModuleList
    Module: Linear
    Module: Linear
    Module: Linear
  Module: ModuleList
    Module: Dropout
dropout设置为训练模式
    Module: Dropout
dropout设置为训练模式
    Module: Dropout
dropout设置为训练模式
  Module: ReLU
test_loss: 0.0749
epoch 127
train_loss: 0.0523
Module: DropoutFullyConnectedNN
  Module: ModuleList
    Module: Linear
    Module: Linear
    Module: Linear
  Module: ModuleList
    Module: Dropout
dropout设置为训练模式
    Module: Dropout
dropout设置为训练模式
    Module: Dropout
dropout设置为训练模式
  Module: ReLU
test_loss: 0.0717
epoch 128
train_loss: 0.0509
Module: DropoutFullyConnectedNN
  Module: ModuleList
    Module: Linear
    Module: Linear
    Module: Linear
  Module: ModuleList
    Module: Dropout
dropout设置为训练模式
    Module: Dropout
dropout设置为训练模式
    Module: Dropout
dropout设置为训练模式
  Module: ReLU
test_loss: 0.0763
epoch 129
train_loss: 0.0493
Module: DropoutFullyConnectedNN
  Module: ModuleList
    Module: Linear
    Module: Linear
    Module: Linear
  Module: ModuleList
    Module: Dropout
dropout设置为训练模式
    Module: Dropout
dropout设置为训练模式
    Module: Dropout
dropout设置为训练模式
  Module: ReLU
test_loss: 0.0712
epoch 130
train_loss: 0.0545
Module: DropoutFullyConnectedNN
  Module: ModuleList
    Module: Linear
    Module: Linear
    Module: Linear
  Module: ModuleList
    Module: Dropout
dropout设置为训练模式
    Module: Dropout
dropout设置为训练模式
    Module: Dropout
dropout设置为训练模式
  Module: ReLU
test_loss: 0.0760
epoch 131
train_loss: 0.0502
Module: DropoutFullyConnectedNN
  Module: ModuleList
    Module: Linear
    Module: Linear
    Module: Linear
  Module: ModuleList
    Module: Dropout
dropout设置为训练模式
    Module: Dropout
dropout设置为训练模式
    Module: Dropout
dropout设置为训练模式
  Module: ReLU
test_loss: 0.0704
epoch 132
train_loss: 0.0491
Module: DropoutFullyConnectedNN
  Module: ModuleList
    Module: Linear
    Module: Linear
    Module: Linear
  Module: ModuleList
    Module: Dropout
dropout设置为训练模式
    Module: Dropout
dropout设置为训练模式
    Module: Dropout
dropout设置为训练模式
  Module: ReLU
test_loss: 0.0663
epoch 133
train_loss: 0.0559
Module: DropoutFullyConnectedNN
  Module: ModuleList
    Module: Linear
    Module: Linear
    Module: Linear
  Module: ModuleList
    Module: Dropout
dropout设置为训练模式
    Module: Dropout
dropout设置为训练模式
    Module: Dropout
dropout设置为训练模式
  Module: ReLU
test_loss: 0.0648
epoch 134
train_loss: 0.0503
Module: DropoutFullyConnectedNN
  Module: ModuleList
    Module: Linear
    Module: Linear
    Module: Linear
  Module: ModuleList
    Module: Dropout
dropout设置为训练模式
    Module: Dropout
dropout设置为训练模式
    Module: Dropout
dropout设置为训练模式
  Module: ReLU
test_loss: 0.0689
epoch 135
train_loss: 0.0551
Module: DropoutFullyConnectedNN
  Module: ModuleList
    Module: Linear
    Module: Linear
    Module: Linear
  Module: ModuleList
    Module: Dropout
dropout设置为训练模式
    Module: Dropout
dropout设置为训练模式
    Module: Dropout
dropout设置为训练模式
  Module: ReLU
test_loss: 0.0709
epoch 136
train_loss: 0.0502
Module: DropoutFullyConnectedNN
  Module: ModuleList
    Module: Linear
    Module: Linear
    Module: Linear
  Module: ModuleList
    Module: Dropout
dropout设置为训练模式
    Module: Dropout
dropout设置为训练模式
    Module: Dropout
dropout设置为训练模式
  Module: ReLU
test_loss: 0.0710
epoch 137
train_loss: 0.0495
Module: DropoutFullyConnectedNN
  Module: ModuleList
    Module: Linear
    Module: Linear
    Module: Linear
  Module: ModuleList
    Module: Dropout
dropout设置为训练模式
    Module: Dropout
dropout设置为训练模式
    Module: Dropout
dropout设置为训练模式
  Module: ReLU
test_loss: 0.0710
epoch 138
train_loss: 0.0566
Module: DropoutFullyConnectedNN
  Module: ModuleList
    Module: Linear
    Module: Linear
    Module: Linear
  Module: ModuleList
    Module: Dropout
dropout设置为训练模式
    Module: Dropout
dropout设置为训练模式
    Module: Dropout
dropout设置为训练模式
  Module: ReLU
test_loss: 0.0715
epoch 139
train_loss: 0.0559
Module: DropoutFullyConnectedNN
  Module: ModuleList
    Module: Linear
    Module: Linear
    Module: Linear
  Module: ModuleList
    Module: Dropout
dropout设置为训练模式
    Module: Dropout
dropout设置为训练模式
    Module: Dropout
dropout设置为训练模式
  Module: ReLU
test_loss: 0.0699
/home/xueqiong/noise_injection_uncertainty/regression/utils.py:39: FutureWarning: The 'delim_whitespace' keyword in pd.read_csv is deprecated and will be removed in a future version. Use ``sep='\s+'`` instead
  return pd.read_csv(dataset_path, engine='python', header=None, delim_whitespace=True)
13 1
405 101 506
model_name fixnoiseFCN
using Adam as optimizer
epoch 0
train_loss: 0.7861
test_loss: 0.6370
epoch 1
train_loss: 0.4773
test_loss: 0.4533
epoch 2
train_loss: 0.3380
test_loss: 0.2714
epoch 3
train_loss: 0.2489
test_loss: 0.1802
epoch 4
train_loss: 0.2140
test_loss: 0.1460
epoch 5
train_loss: 0.1842
test_loss: 0.1249
epoch 6
train_loss: 0.1671
test_loss: 0.1113
epoch 7
train_loss: 0.1545
test_loss: 0.1044
epoch 8
train_loss: 0.1439
test_loss: 0.0999
epoch 9
train_loss: 0.1314
test_loss: 0.0980
epoch 10
train_loss: 0.1256
test_loss: 0.0938
epoch 11
train_loss: 0.1192
test_loss: 0.0854
epoch 12
train_loss: 0.1190
test_loss: 0.0838
epoch 13
train_loss: 0.1107
test_loss: 0.0801
epoch 14
train_loss: 0.1035
test_loss: 0.0804
epoch 15
train_loss: 0.0980
test_loss: 0.0764
epoch 16
train_loss: 0.0963
test_loss: 0.0788
epoch 17
train_loss: 0.0899
test_loss: 0.0784
epoch 18
train_loss: 0.0919
test_loss: 0.0819
epoch 19
train_loss: 0.0820
test_loss: 0.0754
epoch 20
train_loss: 0.0846
test_loss: 0.0815
epoch 21
train_loss: 0.0866
test_loss: 0.0779
epoch 22
train_loss: 0.0799
test_loss: 0.0766
epoch 23
train_loss: 0.0732
test_loss: 0.0787
epoch 24
train_loss: 0.0745
test_loss: 0.0817
epoch 25
train_loss: 0.0733
test_loss: 0.0828
epoch 26
train_loss: 0.0642
test_loss: 0.0800
epoch 27
train_loss: 0.0660
test_loss: 0.0797
epoch 28
train_loss: 0.0809
test_loss: 0.0823
epoch 29
train_loss: 0.0699
test_loss: 0.0808
epoch 30
train_loss: 0.0627
test_loss: 0.0820
epoch 31
train_loss: 0.0715
test_loss: 0.0838
epoch 32
train_loss: 0.0686
test_loss: 0.0800
epoch 33
train_loss: 0.0659
test_loss: 0.0830
epoch 34
train_loss: 0.0644
test_loss: 0.0816
epoch 35
train_loss: 0.0580
test_loss: 0.0831
epoch 36
train_loss: 0.0625
test_loss: 0.0814
epoch 37
train_loss: 0.0569
test_loss: 0.0797
epoch 38
train_loss: 0.0584
test_loss: 0.0792
epoch 39
train_loss: 0.0561
test_loss: 0.0795
epoch 40
train_loss: 0.0556
test_loss: 0.0769
epoch 41
train_loss: 0.0569
test_loss: 0.0805
epoch 42
train_loss: 0.0560
test_loss: 0.0810
epoch 43
train_loss: 0.0583
test_loss: 0.0827
epoch 44
train_loss: 0.0555
test_loss: 0.0842
epoch 45
train_loss: 0.0542
test_loss: 0.0799
epoch 46
train_loss: 0.0544
test_loss: 0.0815
epoch 47
train_loss: 0.0509
test_loss: 0.0788
epoch 48
train_loss: 0.0541
test_loss: 0.0769
epoch 49
train_loss: 0.0548
test_loss: 0.0774
/home/xueqiong/noise_injection_uncertainty/regression/utils.py:39: FutureWarning: The 'delim_whitespace' keyword in pd.read_csv is deprecated and will be removed in a future version. Use ``sep='\s+'`` instead
  return pd.read_csv(dataset_path, engine='python', header=None, delim_whitespace=True)
13 1
405 101 506
model_name noisyFCN
using Adam as optimizer
epoch 0
train_loss: 0.8421
test_loss: 0.6453
epoch 1
train_loss: 0.4727
test_loss: 0.3923
epoch 2
train_loss: 0.3089
test_loss: 0.1976
epoch 3
train_loss: 0.2379
test_loss: 0.1431
epoch 4
train_loss: 0.2139
test_loss: 0.1357
epoch 5
train_loss: 0.1958
test_loss: 0.1270
epoch 6
train_loss: 0.1812
test_loss: 0.1160
epoch 7
train_loss: 0.1682
test_loss: 0.1095
epoch 8
train_loss: 0.1567
test_loss: 0.1045
epoch 9
train_loss: 0.1468
test_loss: 0.1006
epoch 10
train_loss: 0.1390
test_loss: 0.0976
epoch 11
train_loss: 0.1324
test_loss: 0.0952
epoch 12
train_loss: 0.1255
test_loss: 0.0914
epoch 13
train_loss: 0.1199
test_loss: 0.0902
epoch 14
train_loss: 0.1149
test_loss: 0.0888
epoch 15
train_loss: 0.1094
test_loss: 0.0884
epoch 16
train_loss: 0.1050
test_loss: 0.0870
epoch 17
train_loss: 0.1001
test_loss: 0.0866
epoch 18
train_loss: 0.0959
test_loss: 0.0880
epoch 19
train_loss: 0.0933
test_loss: 0.0874
epoch 20
train_loss: 0.0895
test_loss: 0.0881
epoch 21
train_loss: 0.0865
test_loss: 0.0880
epoch 22
train_loss: 0.0837
test_loss: 0.0864
epoch 23
train_loss: 0.0802
test_loss: 0.0870
epoch 24
train_loss: 0.0776
test_loss: 0.0862
epoch 25
train_loss: 0.0750
test_loss: 0.0873
epoch 26
train_loss: 0.0737
test_loss: 0.0849
epoch 27
train_loss: 0.0709
test_loss: 0.0849
epoch 28
train_loss: 0.0688
test_loss: 0.0839
epoch 29
train_loss: 0.0666
test_loss: 0.0842
epoch 30
train_loss: 0.0653
test_loss: 0.0838
epoch 31
train_loss: 0.0640
test_loss: 0.0817
epoch 32
train_loss: 0.0619
test_loss: 0.0829
epoch 33
train_loss: 0.0607
test_loss: 0.0814
epoch 34
train_loss: 0.0590
test_loss: 0.0804
epoch 35
train_loss: 0.0575
test_loss: 0.0826
epoch 36
train_loss: 0.0567
test_loss: 0.0808
epoch 37
train_loss: 0.0552
test_loss: 0.0806
epoch 38
train_loss: 0.0542
test_loss: 0.0811
epoch 39
train_loss: 0.0533
test_loss: 0.0800
epoch 40
train_loss: 0.0519
test_loss: 0.0800
epoch 41
train_loss: 0.0513
test_loss: 0.0788
epoch 42
train_loss: 0.0500
test_loss: 0.0795
epoch 43
train_loss: 0.0490
test_loss: 0.0800
epoch 44
train_loss: 0.0484
test_loss: 0.0788
epoch 45
train_loss: 0.0473
test_loss: 0.0799
epoch 46
train_loss: 0.0471
test_loss: 0.0787
epoch 47
train_loss: 0.0462
test_loss: 0.0790
epoch 48
train_loss: 0.0457
test_loss: 0.0788
epoch 49
train_loss: 0.0447
test_loss: 0.0789
epoch 50
train_loss: 0.0436
test_loss: 0.0786
epoch 51
train_loss: 0.0428
test_loss: 0.0787
epoch 52
train_loss: 0.0417
test_loss: 0.0795
epoch 53
train_loss: 0.0416
test_loss: 0.0786
epoch 54
train_loss: 0.0403
test_loss: 0.0790
epoch 55
train_loss: 0.0407
test_loss: 0.0784
epoch 56
train_loss: 0.0396
test_loss: 0.0788
epoch 57
train_loss: 0.0403
test_loss: 0.0785
epoch 58
train_loss: 0.0395
test_loss: 0.0790
epoch 59
train_loss: 0.0396
test_loss: 0.0796
epoch 60
train_loss: 0.0386
test_loss: 0.0796
epoch 61
train_loss: 0.0380
test_loss: 0.0786
epoch 62
train_loss: 0.0369
test_loss: 0.0792
epoch 63
train_loss: 0.0366
test_loss: 0.0786
epoch 64
train_loss: 0.0355
test_loss: 0.0799
epoch 65
train_loss: 0.0370
test_loss: 0.0790
epoch 66
train_loss: 0.0354
test_loss: 0.0778
epoch 67
train_loss: 0.0342
test_loss: 0.0795
epoch 68
train_loss: 0.0345
test_loss: 0.0779
epoch 69
train_loss: 0.0341
test_loss: 0.0782
epoch 70
train_loss: 0.0332
test_loss: 0.0790
epoch 71
train_loss: 0.0334
test_loss: 0.0789
epoch 72
train_loss: 0.0339
test_loss: 0.0783
epoch 73
train_loss: 0.0326
test_loss: 0.0790
epoch 74
train_loss: 0.0325
test_loss: 0.0788
epoch 75
train_loss: 0.0326
test_loss: 0.0795
epoch 76
train_loss: 0.0321
test_loss: 0.0795
epoch 77
train_loss: 0.0316
test_loss: 0.0800
epoch 78
train_loss: 0.0314
test_loss: 0.0796
epoch 79
train_loss: 0.0317
test_loss: 0.0801
epoch 80
train_loss: 0.0296
test_loss: 0.0811
epoch 81
train_loss: 0.0301
test_loss: 0.0804
epoch 82
train_loss: 0.0298
test_loss: 0.0808
epoch 83
train_loss: 0.0289
test_loss: 0.0809
epoch 84
train_loss: 0.0282
test_loss: 0.0813
epoch 85
train_loss: 0.0277
test_loss: 0.0805
epoch 86
train_loss: 0.0279
test_loss: 0.0806
epoch 87
train_loss: 0.0275
test_loss: 0.0813
epoch 88
train_loss: 0.0270
test_loss: 0.0796
epoch 89
train_loss: 0.0268
test_loss: 0.0797
epoch 90
train_loss: 0.0268
test_loss: 0.0801
epoch 91
train_loss: 0.0265
test_loss: 0.0805
epoch 92
train_loss: 0.0259
test_loss: 0.0799
epoch 93
train_loss: 0.0267
test_loss: 0.0806
epoch 94
train_loss: 0.0264
test_loss: 0.0799
epoch 95
train_loss: 0.0264
test_loss: 0.0801
epoch 96
train_loss: 0.0261
test_loss: 0.0828
epoch 97
train_loss: 0.0276
test_loss: 0.0818
epoch 98
train_loss: 0.0271
test_loss: 0.0793
epoch 99
train_loss: 0.0258
test_loss: 0.0810
epoch 100
train_loss: 0.0260
test_loss: 0.0819
epoch 101
train_loss: 0.0266
test_loss: 0.0817
epoch 102
train_loss: 0.0280
test_loss: 0.0820
epoch 103
train_loss: 0.0273
test_loss: 0.0850
epoch 104
train_loss: 0.0260
test_loss: 0.0833
epoch 105
train_loss: 0.0272
test_loss: 0.0841
epoch 106
train_loss: 0.0264
test_loss: 0.0817
epoch 107
train_loss: 0.0249
test_loss: 0.0813
epoch 108
train_loss: 0.0240
test_loss: 0.0811
epoch 109
train_loss: 0.0237
test_loss: 0.0814
/home/xueqiong/noise_injection_uncertainty/regression/utils.py:39: FutureWarning: The 'delim_whitespace' keyword in pd.read_csv is deprecated and will be removed in a future version. Use ``sep='\s+'`` instead
  return pd.read_csv(dataset_path, engine='python', header=None, delim_whitespace=True)
8 1
824 206 1030
model_name FCN
using Adam as optimizer
epoch 0
train_loss: 1.0160
test_loss: 0.9850
epoch 1
train_loss: 0.9821
test_loss: 0.9546
epoch 2
train_loss: 0.9502
test_loss: 0.9255
epoch 3
train_loss: 0.9189
test_loss: 0.8961
epoch 4
train_loss: 0.8865
test_loss: 0.8654
epoch 5
train_loss: 0.8528
test_loss: 0.8333
epoch 6
train_loss: 0.8175
test_loss: 0.7996
epoch 7
train_loss: 0.7808
test_loss: 0.7647
epoch 8
train_loss: 0.7427
test_loss: 0.7287
epoch 9
train_loss: 0.7039
test_loss: 0.6924
epoch 10
train_loss: 0.6657
test_loss: 0.6572
epoch 11
train_loss: 0.6292
test_loss: 0.6235
epoch 12
train_loss: 0.5948
test_loss: 0.5918
epoch 13
train_loss: 0.5629
test_loss: 0.5625
epoch 14
train_loss: 0.5337
test_loss: 0.5360
epoch 15
train_loss: 0.5074
test_loss: 0.5124
epoch 16
train_loss: 0.4841
test_loss: 0.4918
epoch 17
train_loss: 0.4638
test_loss: 0.4741
epoch 18
train_loss: 0.4465
test_loss: 0.4591
epoch 19
train_loss: 0.4317
test_loss: 0.4463
epoch 20
train_loss: 0.4189
test_loss: 0.4353
epoch 21
train_loss: 0.4076
test_loss: 0.4256
epoch 22
train_loss: 0.3976
test_loss: 0.4169
epoch 23
train_loss: 0.3885
test_loss: 0.4089
epoch 24
train_loss: 0.3801
test_loss: 0.4015
epoch 25
train_loss: 0.3722
test_loss: 0.3947
epoch 26
train_loss: 0.3648
test_loss: 0.3881
epoch 27
train_loss: 0.3578
test_loss: 0.3819
epoch 28
train_loss: 0.3512
test_loss: 0.3760
epoch 29
train_loss: 0.3448
test_loss: 0.3702
epoch 30
train_loss: 0.3386
test_loss: 0.3645
epoch 31
train_loss: 0.3326
test_loss: 0.3590
epoch 32
train_loss: 0.3268
test_loss: 0.3538
epoch 33
train_loss: 0.3212
test_loss: 0.3487
epoch 34
train_loss: 0.3158
test_loss: 0.3438
epoch 35
train_loss: 0.3106
test_loss: 0.3391
epoch 36
train_loss: 0.3055
test_loss: 0.3344
epoch 37
train_loss: 0.3004
test_loss: 0.3298
epoch 38
train_loss: 0.2955
test_loss: 0.3253
epoch 39
train_loss: 0.2906
test_loss: 0.3210
epoch 40
train_loss: 0.2859
test_loss: 0.3168
epoch 41
train_loss: 0.2813
test_loss: 0.3127
epoch 42
train_loss: 0.2768
test_loss: 0.3087
epoch 43
train_loss: 0.2724
test_loss: 0.3047
epoch 44
train_loss: 0.2681
test_loss: 0.3008
epoch 45
train_loss: 0.2639
test_loss: 0.2971
epoch 46
train_loss: 0.2598
test_loss: 0.2933
epoch 47
train_loss: 0.2557
test_loss: 0.2897
epoch 48
train_loss: 0.2517
test_loss: 0.2862
epoch 49
train_loss: 0.2479
test_loss: 0.2827
epoch 50
train_loss: 0.2441
test_loss: 0.2794
epoch 51
train_loss: 0.2404
test_loss: 0.2760
epoch 52
train_loss: 0.2368
test_loss: 0.2727
epoch 53
train_loss: 0.2332
test_loss: 0.2693
epoch 54
train_loss: 0.2297
test_loss: 0.2660
epoch 55
train_loss: 0.2263
test_loss: 0.2628
epoch 56
train_loss: 0.2230
test_loss: 0.2597
epoch 57
train_loss: 0.2197
test_loss: 0.2567
epoch 58
train_loss: 0.2165
test_loss: 0.2538
epoch 59
train_loss: 0.2135
test_loss: 0.2509
epoch 60
train_loss: 0.2105
test_loss: 0.2482
epoch 61
train_loss: 0.2076
test_loss: 0.2456
epoch 62
train_loss: 0.2048
test_loss: 0.2430
epoch 63
train_loss: 0.2021
test_loss: 0.2405
epoch 64
train_loss: 0.1995
test_loss: 0.2380
epoch 65
train_loss: 0.1970
test_loss: 0.2356
epoch 66
train_loss: 0.1944
test_loss: 0.2332
epoch 67
train_loss: 0.1919
test_loss: 0.2308
epoch 68
train_loss: 0.1895
test_loss: 0.2285
epoch 69
train_loss: 0.1872
test_loss: 0.2264
epoch 70
train_loss: 0.1850
test_loss: 0.2244
epoch 71
train_loss: 0.1829
test_loss: 0.2226
epoch 72
train_loss: 0.1810
test_loss: 0.2208
epoch 73
train_loss: 0.1791
test_loss: 0.2191
epoch 74
train_loss: 0.1772
test_loss: 0.2175
epoch 75
train_loss: 0.1755
test_loss: 0.2158
epoch 76
train_loss: 0.1737
test_loss: 0.2142
epoch 77
train_loss: 0.1720
test_loss: 0.2125
epoch 78
train_loss: 0.1703
test_loss: 0.2110
epoch 79
train_loss: 0.1687
test_loss: 0.2095
epoch 80
train_loss: 0.1671
test_loss: 0.2081
epoch 81
train_loss: 0.1656
test_loss: 0.2067
epoch 82
train_loss: 0.1641
test_loss: 0.2055
epoch 83
train_loss: 0.1627
test_loss: 0.2042
epoch 84
train_loss: 0.1613
test_loss: 0.2030
epoch 85
train_loss: 0.1600
test_loss: 0.2017
epoch 86
train_loss: 0.1587
test_loss: 0.2006
epoch 87
train_loss: 0.1575
test_loss: 0.1994
epoch 88
train_loss: 0.1563
test_loss: 0.1984
epoch 89
train_loss: 0.1551
test_loss: 0.1973
epoch 90
train_loss: 0.1540
test_loss: 0.1963
epoch 91
train_loss: 0.1529
test_loss: 0.1953
epoch 92
train_loss: 0.1518
test_loss: 0.1943
epoch 93
train_loss: 0.1507
test_loss: 0.1934
epoch 94
train_loss: 0.1497
test_loss: 0.1925
epoch 95
train_loss: 0.1487
test_loss: 0.1917
epoch 96
train_loss: 0.1477
test_loss: 0.1908
epoch 97
train_loss: 0.1467
test_loss: 0.1900
epoch 98
train_loss: 0.1458
test_loss: 0.1893
epoch 99
train_loss: 0.1449
test_loss: 0.1886
epoch 100
train_loss: 0.1440
test_loss: 0.1878
epoch 101
train_loss: 0.1431
test_loss: 0.1871
epoch 102
train_loss: 0.1423
test_loss: 0.1864
epoch 103
train_loss: 0.1414
test_loss: 0.1857
epoch 104
train_loss: 0.1406
test_loss: 0.1851
epoch 105
train_loss: 0.1398
test_loss: 0.1844
epoch 106
train_loss: 0.1390
test_loss: 0.1839
epoch 107
train_loss: 0.1382
test_loss: 0.1834
epoch 108
train_loss: 0.1374
test_loss: 0.1829
epoch 109
train_loss: 0.1366
test_loss: 0.1824
epoch 110
train_loss: 0.1359
test_loss: 0.1820
epoch 111
train_loss: 0.1352
test_loss: 0.1815
epoch 112
train_loss: 0.1345
test_loss: 0.1811
epoch 113
train_loss: 0.1338
test_loss: 0.1806
epoch 114
train_loss: 0.1332
test_loss: 0.1802
epoch 115
train_loss: 0.1325
test_loss: 0.1798
epoch 116
train_loss: 0.1319
test_loss: 0.1794
epoch 117
train_loss: 0.1312
test_loss: 0.1790
epoch 118
train_loss: 0.1306
test_loss: 0.1787
epoch 119
train_loss: 0.1299
test_loss: 0.1783
epoch 120
train_loss: 0.1293
test_loss: 0.1780
epoch 121
train_loss: 0.1287
test_loss: 0.1777
epoch 122
train_loss: 0.1280
test_loss: 0.1773
epoch 123
train_loss: 0.1274
test_loss: 0.1770
epoch 124
train_loss: 0.1268
test_loss: 0.1766
epoch 125
train_loss: 0.1262
test_loss: 0.1763
epoch 126
train_loss: 0.1256
test_loss: 0.1760
epoch 127
train_loss: 0.1250
test_loss: 0.1757
epoch 128
train_loss: 0.1244
test_loss: 0.1754
epoch 129
train_loss: 0.1239
test_loss: 0.1751
epoch 130
train_loss: 0.1233
test_loss: 0.1748
epoch 131
train_loss: 0.1228
test_loss: 0.1744
epoch 132
train_loss: 0.1222
test_loss: 0.1742
epoch 133
train_loss: 0.1217
test_loss: 0.1739
epoch 134
train_loss: 0.1212
test_loss: 0.1737
epoch 135
train_loss: 0.1206
test_loss: 0.1734
epoch 136
train_loss: 0.1201
test_loss: 0.1731
epoch 137
train_loss: 0.1196
test_loss: 0.1728
epoch 138
train_loss: 0.1191
test_loss: 0.1726
epoch 139
train_loss: 0.1186
test_loss: 0.1723
epoch 140
train_loss: 0.1181
test_loss: 0.1721
epoch 141
train_loss: 0.1176
test_loss: 0.1718
epoch 142
train_loss: 0.1171
test_loss: 0.1716
epoch 143
train_loss: 0.1167
test_loss: 0.1713
epoch 144
train_loss: 0.1162
test_loss: 0.1711
epoch 145
train_loss: 0.1158
test_loss: 0.1709
epoch 146
train_loss: 0.1154
test_loss: 0.1707
epoch 147
train_loss: 0.1149
test_loss: 0.1705
epoch 148
train_loss: 0.1145
test_loss: 0.1703
epoch 149
train_loss: 0.1141
test_loss: 0.1701
epoch 150
train_loss: 0.1136
test_loss: 0.1699
epoch 151
train_loss: 0.1132
test_loss: 0.1697
epoch 152
train_loss: 0.1128
test_loss: 0.1695
epoch 153
train_loss: 0.1124
test_loss: 0.1693
epoch 154
train_loss: 0.1119
test_loss: 0.1691
epoch 155
train_loss: 0.1115
test_loss: 0.1689
epoch 156
train_loss: 0.1111
test_loss: 0.1687
epoch 157
train_loss: 0.1107
test_loss: 0.1685
epoch 158
train_loss: 0.1103
test_loss: 0.1683
epoch 159
train_loss: 0.1099
test_loss: 0.1681
epoch 160
train_loss: 0.1094
test_loss: 0.1679
epoch 161
train_loss: 0.1090
test_loss: 0.1677
epoch 162
train_loss: 0.1086
test_loss: 0.1675
epoch 163
train_loss: 0.1082
test_loss: 0.1673
epoch 164
train_loss: 0.1078
test_loss: 0.1671
epoch 165
train_loss: 0.1074
test_loss: 0.1669
epoch 166
train_loss: 0.1071
test_loss: 0.1667
epoch 167
train_loss: 0.1067
test_loss: 0.1666
epoch 168
train_loss: 0.1063
test_loss: 0.1664
epoch 169
train_loss: 0.1059
test_loss: 0.1663
epoch 170
train_loss: 0.1055
test_loss: 0.1661
epoch 171
train_loss: 0.1052
test_loss: 0.1659
epoch 172
train_loss: 0.1048
test_loss: 0.1658
epoch 173
train_loss: 0.1044
test_loss: 0.1656
epoch 174
train_loss: 0.1041
test_loss: 0.1655
epoch 175
train_loss: 0.1037
test_loss: 0.1652
epoch 176
train_loss: 0.1034
test_loss: 0.1652
epoch 177
train_loss: 0.1031
test_loss: 0.1649
epoch 178
train_loss: 0.1027
test_loss: 0.1648
epoch 179
train_loss: 0.1024
test_loss: 0.1646
epoch 180
train_loss: 0.1020
test_loss: 0.1645
epoch 181
train_loss: 0.1017
test_loss: 0.1642
epoch 182
train_loss: 0.1014
test_loss: 0.1641
epoch 183
train_loss: 0.1011
test_loss: 0.1640
epoch 184
train_loss: 0.1007
test_loss: 0.1638
epoch 185
train_loss: 0.1004
test_loss: 0.1637
epoch 186
train_loss: 0.1001
test_loss: 0.1635
epoch 187
train_loss: 0.0998
test_loss: 0.1633
epoch 188
train_loss: 0.0995
test_loss: 0.1632
epoch 189
train_loss: 0.0992
test_loss: 0.1630
epoch 190
train_loss: 0.0989
test_loss: 0.1629
epoch 191
train_loss: 0.0986
test_loss: 0.1627
epoch 192
train_loss: 0.0983
test_loss: 0.1626
epoch 193
train_loss: 0.0980
test_loss: 0.1624
epoch 194
train_loss: 0.0977
test_loss: 0.1622
epoch 195
train_loss: 0.0974
test_loss: 0.1621
epoch 196
train_loss: 0.0971
test_loss: 0.1620
epoch 197
train_loss: 0.0968
test_loss: 0.1619
epoch 198
train_loss: 0.0965
test_loss: 0.1617
epoch 199
train_loss: 0.0962
test_loss: 0.1616
epoch 200
train_loss: 0.0960
test_loss: 0.1614
epoch 201
train_loss: 0.0957
test_loss: 0.1613
epoch 202
train_loss: 0.0954
test_loss: 0.1612
epoch 203
train_loss: 0.0951
test_loss: 0.1610
epoch 204
train_loss: 0.0948
test_loss: 0.1609
epoch 205
train_loss: 0.0945
test_loss: 0.1607
epoch 206
train_loss: 0.0943
test_loss: 0.1606
epoch 207
train_loss: 0.0940
test_loss: 0.1605
epoch 208
train_loss: 0.0937
test_loss: 0.1603
epoch 209
train_loss: 0.0935
test_loss: 0.1602
epoch 210
train_loss: 0.0932
test_loss: 0.1601
epoch 211
train_loss: 0.0929
test_loss: 0.1599
epoch 212
train_loss: 0.0927
test_loss: 0.1598
epoch 213
train_loss: 0.0924
test_loss: 0.1597
epoch 214
train_loss: 0.0921
test_loss: 0.1595
epoch 215
train_loss: 0.0919
test_loss: 0.1594
epoch 216
train_loss: 0.0916
test_loss: 0.1593
epoch 217
train_loss: 0.0913
test_loss: 0.1592
epoch 218
train_loss: 0.0911
test_loss: 0.1590
epoch 219
train_loss: 0.0908
test_loss: 0.1589
epoch 220
train_loss: 0.0906
test_loss: 0.1588
epoch 221
train_loss: 0.0904
test_loss: 0.1587
epoch 222
train_loss: 0.0901
test_loss: 0.1586
epoch 223
train_loss: 0.0899
test_loss: 0.1585
epoch 224
train_loss: 0.0896
test_loss: 0.1584
epoch 225
train_loss: 0.0894
test_loss: 0.1583
epoch 226
train_loss: 0.0891
test_loss: 0.1581
epoch 227
train_loss: 0.0889
test_loss: 0.1580
epoch 228
train_loss: 0.0886
test_loss: 0.1579
epoch 229
train_loss: 0.0884
test_loss: 0.1578
epoch 230
train_loss: 0.0882
test_loss: 0.1576
epoch 231
train_loss: 0.0879
test_loss: 0.1575
epoch 232
train_loss: 0.0877
test_loss: 0.1574
epoch 233
train_loss: 0.0874
test_loss: 0.1573
epoch 234
train_loss: 0.0872
test_loss: 0.1572
epoch 235
train_loss: 0.0870
test_loss: 0.1571
epoch 236
train_loss: 0.0867
test_loss: 0.1569
epoch 237
train_loss: 0.0865
test_loss: 0.1568
epoch 238
train_loss: 0.0863
test_loss: 0.1567
epoch 239
train_loss: 0.0861
test_loss: 0.1566
epoch 240
train_loss: 0.0858
test_loss: 0.1565
epoch 241
train_loss: 0.0856
test_loss: 0.1565
epoch 242
train_loss: 0.0854
test_loss: 0.1563
epoch 243
train_loss: 0.0852
test_loss: 0.1563
epoch 244
train_loss: 0.0850
test_loss: 0.1561
epoch 245
train_loss: 0.0847
test_loss: 0.1560
epoch 246
train_loss: 0.0845
test_loss: 0.1560
epoch 247
train_loss: 0.0843
test_loss: 0.1558
epoch 248
train_loss: 0.0841
test_loss: 0.1558
epoch 249
train_loss: 0.0839
test_loss: 0.1557
epoch 250
train_loss: 0.0837
test_loss: 0.1556
epoch 251
train_loss: 0.0835
test_loss: 0.1556
epoch 252
train_loss: 0.0833
test_loss: 0.1554
epoch 253
train_loss: 0.0831
test_loss: 0.1553
epoch 254
train_loss: 0.0828
test_loss: 0.1552
epoch 255
train_loss: 0.0826
test_loss: 0.1552
epoch 256
train_loss: 0.0824
test_loss: 0.1551
epoch 257
train_loss: 0.0822
test_loss: 0.1551
epoch 258
train_loss: 0.0820
test_loss: 0.1550
epoch 259
train_loss: 0.0818
test_loss: 0.1549
epoch 260
train_loss: 0.0816
test_loss: 0.1548
epoch 261
train_loss: 0.0814
test_loss: 0.1548
epoch 262
train_loss: 0.0812
test_loss: 0.1547
epoch 263
train_loss: 0.0810
test_loss: 0.1546
epoch 264
train_loss: 0.0808
test_loss: 0.1545
epoch 265
train_loss: 0.0806
test_loss: 0.1544
epoch 266
train_loss: 0.0804
test_loss: 0.1544
epoch 267
train_loss: 0.0802
test_loss: 0.1543
epoch 268
train_loss: 0.0801
test_loss: 0.1542
epoch 269
train_loss: 0.0799
test_loss: 0.1542
epoch 270
train_loss: 0.0797
test_loss: 0.1541
epoch 271
train_loss: 0.0795
test_loss: 0.1540
epoch 272
train_loss: 0.0793
test_loss: 0.1540
epoch 273
train_loss: 0.0791
test_loss: 0.1538
epoch 274
train_loss: 0.0789
test_loss: 0.1538
epoch 275
train_loss: 0.0788
test_loss: 0.1537
epoch 276
train_loss: 0.0786
test_loss: 0.1537
epoch 277
train_loss: 0.0784
test_loss: 0.1537
epoch 278
train_loss: 0.0782
test_loss: 0.1536
epoch 279
train_loss: 0.0780
test_loss: 0.1536
epoch 280
train_loss: 0.0779
test_loss: 0.1536
epoch 281
train_loss: 0.0777
test_loss: 0.1536
epoch 282
train_loss: 0.0775
test_loss: 0.1535
epoch 283
train_loss: 0.0773
test_loss: 0.1535
epoch 284
train_loss: 0.0772
test_loss: 0.1534
epoch 285
train_loss: 0.0770
test_loss: 0.1534
epoch 286
train_loss: 0.0768
test_loss: 0.1534
epoch 287
train_loss: 0.0766
test_loss: 0.1534
epoch 288
train_loss: 0.0765
test_loss: 0.1533
epoch 289
train_loss: 0.0763
test_loss: 0.1533
epoch 290
train_loss: 0.0762
test_loss: 0.1532
epoch 291
train_loss: 0.0760
test_loss: 0.1532
epoch 292
train_loss: 0.0758
test_loss: 0.1532
epoch 293
train_loss: 0.0757
test_loss: 0.1532
epoch 294
train_loss: 0.0755
test_loss: 0.1531
epoch 295
train_loss: 0.0753
test_loss: 0.1531
epoch 296
train_loss: 0.0752
test_loss: 0.1531
epoch 297
train_loss: 0.0750
test_loss: 0.1530
epoch 298
train_loss: 0.0749
test_loss: 0.1530
epoch 299
train_loss: 0.0747
test_loss: 0.1530
epoch 300
train_loss: 0.0746
test_loss: 0.1529
epoch 301
train_loss: 0.0744
test_loss: 0.1529
epoch 302
train_loss: 0.0743
test_loss: 0.1529
epoch 303
train_loss: 0.0741
test_loss: 0.1528
epoch 304
train_loss: 0.0740
test_loss: 0.1528
epoch 305
train_loss: 0.0738
test_loss: 0.1528
epoch 306
train_loss: 0.0737
test_loss: 0.1528
epoch 307
train_loss: 0.0735
test_loss: 0.1527
epoch 308
train_loss: 0.0734
test_loss: 0.1527
epoch 309
train_loss: 0.0732
test_loss: 0.1527
epoch 310
train_loss: 0.0731
test_loss: 0.1526
epoch 311
train_loss: 0.0729
test_loss: 0.1526
epoch 312
train_loss: 0.0728
test_loss: 0.1527
epoch 313
train_loss: 0.0727
test_loss: 0.1525
epoch 314
train_loss: 0.0725
test_loss: 0.1526
epoch 315
train_loss: 0.0724
test_loss: 0.1525
epoch 316
train_loss: 0.0722
test_loss: 0.1525
epoch 317
train_loss: 0.0721
test_loss: 0.1524
epoch 318
train_loss: 0.0720
test_loss: 0.1525
epoch 319
train_loss: 0.0718
test_loss: 0.1524
epoch 320
train_loss: 0.0717
test_loss: 0.1525
epoch 321
train_loss: 0.0715
test_loss: 0.1525
epoch 322
train_loss: 0.0714
test_loss: 0.1525
epoch 323
train_loss: 0.0713
test_loss: 0.1524
epoch 324
train_loss: 0.0711
test_loss: 0.1524
epoch 325
train_loss: 0.0710
test_loss: 0.1525
epoch 326
train_loss: 0.0709
test_loss: 0.1524
epoch 327
train_loss: 0.0707
test_loss: 0.1524
epoch 328
train_loss: 0.0706
test_loss: 0.1524
epoch 329
train_loss: 0.0705
test_loss: 0.1524
epoch 330
train_loss: 0.0703
test_loss: 0.1524
epoch 331
train_loss: 0.0702
test_loss: 0.1524
epoch 332
train_loss: 0.0701
test_loss: 0.1524
epoch 333
train_loss: 0.0699
test_loss: 0.1523
epoch 334
train_loss: 0.0698
test_loss: 0.1524
epoch 335
train_loss: 0.0697
test_loss: 0.1523
epoch 336
train_loss: 0.0696
test_loss: 0.1523
epoch 337
train_loss: 0.0694
test_loss: 0.1524
epoch 338
train_loss: 0.0693
test_loss: 0.1523
epoch 339
train_loss: 0.0692
test_loss: 0.1523
epoch 340
train_loss: 0.0691
test_loss: 0.1523
epoch 341
train_loss: 0.0689
test_loss: 0.1522
epoch 342
train_loss: 0.0688
test_loss: 0.1523
epoch 343
train_loss: 0.0687
test_loss: 0.1523
epoch 344
train_loss: 0.0686
test_loss: 0.1522
epoch 345
train_loss: 0.0684
test_loss: 0.1523
epoch 346
train_loss: 0.0683
test_loss: 0.1523
epoch 347
train_loss: 0.0682
test_loss: 0.1522
epoch 348
train_loss: 0.0681
test_loss: 0.1522
epoch 349
train_loss: 0.0679
test_loss: 0.1522
epoch 350
train_loss: 0.0678
test_loss: 0.1522
epoch 351
train_loss: 0.0677
test_loss: 0.1522
epoch 352
train_loss: 0.0676
test_loss: 0.1522
epoch 353
train_loss: 0.0675
test_loss: 0.1522
epoch 354
train_loss: 0.0673
test_loss: 0.1521
epoch 355
train_loss: 0.0672
test_loss: 0.1521
epoch 356
train_loss: 0.0671
test_loss: 0.1522
epoch 357
train_loss: 0.0670
test_loss: 0.1522
epoch 358
train_loss: 0.0669
test_loss: 0.1520
epoch 359
train_loss: 0.0667
test_loss: 0.1521
epoch 360
train_loss: 0.0666
test_loss: 0.1521
epoch 361
train_loss: 0.0665
test_loss: 0.1521
epoch 362
train_loss: 0.0664
test_loss: 0.1521
epoch 363
train_loss: 0.0663
test_loss: 0.1521
epoch 364
train_loss: 0.0661
test_loss: 0.1521
epoch 365
train_loss: 0.0660
test_loss: 0.1521
epoch 366
train_loss: 0.0659
test_loss: 0.1521
epoch 367
train_loss: 0.0658
test_loss: 0.1520
epoch 368
train_loss: 0.0657
test_loss: 0.1521
epoch 369
train_loss: 0.0656
test_loss: 0.1521
epoch 370
train_loss: 0.0655
test_loss: 0.1521
epoch 371
train_loss: 0.0653
test_loss: 0.1520
epoch 372
train_loss: 0.0652
test_loss: 0.1521
epoch 373
train_loss: 0.0651
test_loss: 0.1521
epoch 374
train_loss: 0.0650
test_loss: 0.1521
epoch 375
train_loss: 0.0649
test_loss: 0.1521
epoch 376
train_loss: 0.0648
test_loss: 0.1521
epoch 377
train_loss: 0.0647
test_loss: 0.1522
epoch 378
train_loss: 0.0646
test_loss: 0.1521
epoch 379
train_loss: 0.0645
test_loss: 0.1521
epoch 380
train_loss: 0.0643
test_loss: 0.1522
epoch 381
train_loss: 0.0642
test_loss: 0.1521
epoch 382
train_loss: 0.0641
test_loss: 0.1522
epoch 383
train_loss: 0.0640
test_loss: 0.1521
epoch 384
train_loss: 0.0639
test_loss: 0.1522
epoch 385
train_loss: 0.0638
test_loss: 0.1521
epoch 386
train_loss: 0.0637
test_loss: 0.1521
epoch 387
train_loss: 0.0636
test_loss: 0.1522
epoch 388
train_loss: 0.0635
test_loss: 0.1521
epoch 389
train_loss: 0.0634
test_loss: 0.1522
epoch 390
train_loss: 0.0633
test_loss: 0.1521
epoch 391
train_loss: 0.0631
test_loss: 0.1521
epoch 392
train_loss: 0.0630
test_loss: 0.1521
epoch 393
train_loss: 0.0629
test_loss: 0.1520
epoch 394
train_loss: 0.0628
test_loss: 0.1521
epoch 395
train_loss: 0.0627
test_loss: 0.1520
epoch 396
train_loss: 0.0626
test_loss: 0.1520
epoch 397
train_loss: 0.0625
test_loss: 0.1520
epoch 398
train_loss: 0.0624
test_loss: 0.1520
epoch 399
train_loss: 0.0623
test_loss: 0.1520
epoch 400
train_loss: 0.0622
test_loss: 0.1520
epoch 401
train_loss: 0.0621
test_loss: 0.1520
epoch 402
train_loss: 0.0620
test_loss: 0.1520
epoch 403
train_loss: 0.0619
test_loss: 0.1519
epoch 404
train_loss: 0.0618
test_loss: 0.1519
epoch 405
train_loss: 0.0617
test_loss: 0.1519
epoch 406
train_loss: 0.0616
test_loss: 0.1519
epoch 407
train_loss: 0.0615
test_loss: 0.1519
epoch 408
train_loss: 0.0614
test_loss: 0.1519
epoch 409
train_loss: 0.0613
test_loss: 0.1519
epoch 410
train_loss: 0.0612
test_loss: 0.1519
epoch 411
train_loss: 0.0611
test_loss: 0.1519
epoch 412
train_loss: 0.0611
test_loss: 0.1518
epoch 413
train_loss: 0.0609
test_loss: 0.1518
epoch 414
train_loss: 0.0609
test_loss: 0.1518
epoch 415
train_loss: 0.0608
test_loss: 0.1518
epoch 416
train_loss: 0.0607
test_loss: 0.1518
epoch 417
train_loss: 0.0606
test_loss: 0.1518
epoch 418
train_loss: 0.0605
test_loss: 0.1518
epoch 419
train_loss: 0.0604
test_loss: 0.1518
epoch 420
train_loss: 0.0603
test_loss: 0.1519
epoch 421
train_loss: 0.0602
test_loss: 0.1518
epoch 422
train_loss: 0.0601
test_loss: 0.1519
epoch 423
train_loss: 0.0600
test_loss: 0.1518
epoch 424
train_loss: 0.0599
test_loss: 0.1519
epoch 425
train_loss: 0.0599
test_loss: 0.1518
epoch 426
train_loss: 0.0598
test_loss: 0.1518
epoch 427
train_loss: 0.0597
test_loss: 0.1518
epoch 428
train_loss: 0.0596
test_loss: 0.1519
epoch 429
train_loss: 0.0595
test_loss: 0.1518
epoch 430
train_loss: 0.0594
test_loss: 0.1519
epoch 431
train_loss: 0.0593
test_loss: 0.1518
epoch 432
train_loss: 0.0592
test_loss: 0.1518
epoch 433
train_loss: 0.0592
test_loss: 0.1518
epoch 434
train_loss: 0.0591
test_loss: 0.1518
epoch 435
train_loss: 0.0590
test_loss: 0.1519
epoch 436
train_loss: 0.0589
test_loss: 0.1519
epoch 437
train_loss: 0.0588
test_loss: 0.1518
epoch 438
train_loss: 0.0587
test_loss: 0.1518
epoch 439
train_loss: 0.0586
test_loss: 0.1519
epoch 440
train_loss: 0.0586
test_loss: 0.1518
epoch 441
train_loss: 0.0585
test_loss: 0.1518
epoch 442
train_loss: 0.0584
test_loss: 0.1519
epoch 443
train_loss: 0.0583
test_loss: 0.1518
epoch 444
train_loss: 0.0582
test_loss: 0.1519
epoch 445
train_loss: 0.0581
test_loss: 0.1518
epoch 446
train_loss: 0.0580
test_loss: 0.1519
epoch 447
train_loss: 0.0580
test_loss: 0.1518
epoch 448
train_loss: 0.0579
test_loss: 0.1518
epoch 449
train_loss: 0.0578
test_loss: 0.1519
epoch 450
train_loss: 0.0577
test_loss: 0.1518
epoch 451
train_loss: 0.0576
test_loss: 0.1518
epoch 452
train_loss: 0.0576
test_loss: 0.1518
epoch 453
train_loss: 0.0575
test_loss: 0.1519
epoch 454
train_loss: 0.0574
test_loss: 0.1518
epoch 455
train_loss: 0.0573
test_loss: 0.1518
epoch 456
train_loss: 0.0572
test_loss: 0.1518
epoch 457
train_loss: 0.0571
test_loss: 0.1518
epoch 458
train_loss: 0.0571
test_loss: 0.1519
epoch 459
train_loss: 0.0570
test_loss: 0.1518
epoch 460
train_loss: 0.0569
test_loss: 0.1519
epoch 461
train_loss: 0.0568
test_loss: 0.1519
epoch 462
train_loss: 0.0567
test_loss: 0.1518
epoch 463
train_loss: 0.0567
test_loss: 0.1519
epoch 464
train_loss: 0.0566
test_loss: 0.1519
epoch 465
train_loss: 0.0565
test_loss: 0.1518
epoch 466
train_loss: 0.0564
test_loss: 0.1519
epoch 467
train_loss: 0.0564
test_loss: 0.1519
epoch 468
train_loss: 0.0563
test_loss: 0.1519
epoch 469
train_loss: 0.0562
test_loss: 0.1519
epoch 470
train_loss: 0.0561
test_loss: 0.1520
epoch 471
train_loss: 0.0560
test_loss: 0.1519
epoch 472
train_loss: 0.0560
test_loss: 0.1520
epoch 473
train_loss: 0.0559
test_loss: 0.1519
epoch 474
train_loss: 0.0558
test_loss: 0.1519
epoch 475
train_loss: 0.0557
test_loss: 0.1520
epoch 476
train_loss: 0.0557
test_loss: 0.1519
epoch 477
train_loss: 0.0556
test_loss: 0.1519
epoch 478
train_loss: 0.0555
test_loss: 0.1520
epoch 479
train_loss: 0.0555
test_loss: 0.1519
epoch 480
train_loss: 0.0554
test_loss: 0.1519
epoch 481
train_loss: 0.0553
test_loss: 0.1519
epoch 482
train_loss: 0.0552
test_loss: 0.1519
epoch 483
train_loss: 0.0552
test_loss: 0.1519
epoch 484
train_loss: 0.0551
test_loss: 0.1519
epoch 485
train_loss: 0.0550
test_loss: 0.1518
epoch 486
train_loss: 0.0550
test_loss: 0.1519
epoch 487
train_loss: 0.0549
test_loss: 0.1518
epoch 488
train_loss: 0.0548
test_loss: 0.1518
epoch 489
train_loss: 0.0548
test_loss: 0.1518
epoch 490
train_loss: 0.0547
test_loss: 0.1518
epoch 491
train_loss: 0.0546
test_loss: 0.1517
epoch 492
train_loss: 0.0546
test_loss: 0.1518
epoch 493
train_loss: 0.0545
test_loss: 0.1517
epoch 494
train_loss: 0.0544
test_loss: 0.1517
epoch 495
train_loss: 0.0543
test_loss: 0.1517
epoch 496
train_loss: 0.0543
test_loss: 0.1516
epoch 497
train_loss: 0.0542
test_loss: 0.1516
epoch 498
train_loss: 0.0542
test_loss: 0.1516
epoch 499
train_loss: 0.0541
test_loss: 0.1516
epoch 500
train_loss: 0.0540
test_loss: 0.1516
epoch 501
train_loss: 0.0540
test_loss: 0.1515
epoch 502
train_loss: 0.0539
test_loss: 0.1516
epoch 503
train_loss: 0.0538
test_loss: 0.1515
epoch 504
train_loss: 0.0538
test_loss: 0.1514
epoch 505
train_loss: 0.0537
test_loss: 0.1514
epoch 506
train_loss: 0.0537
test_loss: 0.1514
epoch 507
train_loss: 0.0536
test_loss: 0.1514
epoch 508
train_loss: 0.0535
test_loss: 0.1514
epoch 509
train_loss: 0.0535
test_loss: 0.1513
epoch 510
train_loss: 0.0534
test_loss: 0.1514
epoch 511
train_loss: 0.0534
test_loss: 0.1513
epoch 512
train_loss: 0.0533
test_loss: 0.1512
epoch 513
train_loss: 0.0532
test_loss: 0.1512
epoch 514
train_loss: 0.0532
test_loss: 0.1512
epoch 515
train_loss: 0.0531
test_loss: 0.1511
epoch 516
train_loss: 0.0530
test_loss: 0.1511
epoch 517
train_loss: 0.0530
test_loss: 0.1511
epoch 518
train_loss: 0.0529
test_loss: 0.1510
epoch 519
train_loss: 0.0529
test_loss: 0.1510
epoch 520
train_loss: 0.0528
test_loss: 0.1510
epoch 521
train_loss: 0.0528
test_loss: 0.1510
epoch 522
train_loss: 0.0527
test_loss: 0.1510
epoch 523
train_loss: 0.0526
test_loss: 0.1509
epoch 524
train_loss: 0.0526
test_loss: 0.1509
epoch 525
train_loss: 0.0525
test_loss: 0.1508
epoch 526
train_loss: 0.0525
test_loss: 0.1509
epoch 527
train_loss: 0.0524
test_loss: 0.1508
epoch 528
train_loss: 0.0524
test_loss: 0.1508
epoch 529
train_loss: 0.0523
test_loss: 0.1508
epoch 530
train_loss: 0.0522
test_loss: 0.1508
epoch 531
train_loss: 0.0522
test_loss: 0.1508
epoch 532
train_loss: 0.0521
test_loss: 0.1507
epoch 533
train_loss: 0.0521
test_loss: 0.1507
epoch 534
train_loss: 0.0520
test_loss: 0.1507
epoch 535
train_loss: 0.0519
test_loss: 0.1506
epoch 536
train_loss: 0.0519
test_loss: 0.1506
epoch 537
train_loss: 0.0518
test_loss: 0.1506
epoch 538
train_loss: 0.0518
test_loss: 0.1505
epoch 539
train_loss: 0.0517
test_loss: 0.1505
epoch 540
train_loss: 0.0517
test_loss: 0.1505
epoch 541
train_loss: 0.0516
test_loss: 0.1505
epoch 542
train_loss: 0.0516
test_loss: 0.1504
epoch 543
train_loss: 0.0515
test_loss: 0.1504
epoch 544
train_loss: 0.0514
test_loss: 0.1504
epoch 545
train_loss: 0.0514
test_loss: 0.1503
epoch 546
train_loss: 0.0513
test_loss: 0.1503
epoch 547
train_loss: 0.0513
test_loss: 0.1503
epoch 548
train_loss: 0.0512
test_loss: 0.1502
epoch 549
train_loss: 0.0512
test_loss: 0.1503
epoch 550
train_loss: 0.0511
test_loss: 0.1502
epoch 551
train_loss: 0.0510
test_loss: 0.1503
epoch 552
train_loss: 0.0510
test_loss: 0.1502
epoch 553
train_loss: 0.0509
test_loss: 0.1502
epoch 554
train_loss: 0.0509
test_loss: 0.1501
epoch 555
train_loss: 0.0508
test_loss: 0.1501
epoch 556
train_loss: 0.0508
test_loss: 0.1501
epoch 557
train_loss: 0.0507
test_loss: 0.1501
epoch 558
train_loss: 0.0507
test_loss: 0.1501
epoch 559
train_loss: 0.0506
test_loss: 0.1500
epoch 560
train_loss: 0.0506
test_loss: 0.1501
epoch 561
train_loss: 0.0505
test_loss: 0.1500
epoch 562
train_loss: 0.0505
test_loss: 0.1500
epoch 563
train_loss: 0.0504
test_loss: 0.1500
epoch 564
train_loss: 0.0504
test_loss: 0.1500
epoch 565
train_loss: 0.0503
test_loss: 0.1499
epoch 566
train_loss: 0.0502
test_loss: 0.1499
epoch 567
train_loss: 0.0502
test_loss: 0.1499
epoch 568
train_loss: 0.0501
test_loss: 0.1498
epoch 569
train_loss: 0.0501
test_loss: 0.1499
epoch 570
train_loss: 0.0500
test_loss: 0.1498
epoch 571
train_loss: 0.0500
test_loss: 0.1498
epoch 572
train_loss: 0.0499
test_loss: 0.1499
epoch 573
train_loss: 0.0499
test_loss: 0.1497
epoch 574
train_loss: 0.0498
test_loss: 0.1498
epoch 575
train_loss: 0.0498
test_loss: 0.1498
epoch 576
train_loss: 0.0497
test_loss: 0.1497
epoch 577
train_loss: 0.0497
test_loss: 0.1497
epoch 578
train_loss: 0.0496
test_loss: 0.1497
epoch 579
train_loss: 0.0496
test_loss: 0.1497
epoch 580
train_loss: 0.0495
test_loss: 0.1496
epoch 581
train_loss: 0.0495
test_loss: 0.1496
epoch 582
train_loss: 0.0495
test_loss: 0.1496
epoch 583
train_loss: 0.0494
test_loss: 0.1497
epoch 584
train_loss: 0.0494
test_loss: 0.1496
epoch 585
train_loss: 0.0493
test_loss: 0.1497
epoch 586
train_loss: 0.0493
test_loss: 0.1495
epoch 587
train_loss: 0.0492
test_loss: 0.1496
epoch 588
train_loss: 0.0492
test_loss: 0.1496
epoch 589
train_loss: 0.0491
test_loss: 0.1495
epoch 590
train_loss: 0.0491
test_loss: 0.1495
epoch 591
train_loss: 0.0490
test_loss: 0.1495
epoch 592
train_loss: 0.0490
test_loss: 0.1495
epoch 593
train_loss: 0.0489
test_loss: 0.1496
epoch 594
train_loss: 0.0489
test_loss: 0.1494
epoch 595
train_loss: 0.0488
test_loss: 0.1496
epoch 596
train_loss: 0.0488
test_loss: 0.1494
epoch 597
train_loss: 0.0488
test_loss: 0.1495
epoch 598
train_loss: 0.0487
test_loss: 0.1495
epoch 599
train_loss: 0.0487
test_loss: 0.1493
epoch 600
train_loss: 0.0486
test_loss: 0.1494
epoch 601
train_loss: 0.0486
test_loss: 0.1494
epoch 602
train_loss: 0.0485
test_loss: 0.1493
epoch 603
train_loss: 0.0485
test_loss: 0.1493
epoch 604
train_loss: 0.0485
test_loss: 0.1493
epoch 605
train_loss: 0.0484
test_loss: 0.1494
epoch 606
train_loss: 0.0484
test_loss: 0.1493
epoch 607
train_loss: 0.0483
test_loss: 0.1492
epoch 608
train_loss: 0.0483
test_loss: 0.1492
epoch 609
train_loss: 0.0482
test_loss: 0.1493
epoch 610
train_loss: 0.0482
test_loss: 0.1492
epoch 611
train_loss: 0.0481
test_loss: 0.1492
epoch 612
train_loss: 0.0481
test_loss: 0.1492
epoch 613
train_loss: 0.0481
test_loss: 0.1492
epoch 614
train_loss: 0.0480
test_loss: 0.1492
epoch 615
train_loss: 0.0480
test_loss: 0.1492
epoch 616
train_loss: 0.0479
test_loss: 0.1491
epoch 617
train_loss: 0.0479
test_loss: 0.1492
epoch 618
train_loss: 0.0479
test_loss: 0.1491
epoch 619
train_loss: 0.0478
test_loss: 0.1491
epoch 620
train_loss: 0.0478
test_loss: 0.1491
epoch 621
train_loss: 0.0477
test_loss: 0.1491
epoch 622
train_loss: 0.0477
test_loss: 0.1490
epoch 623
train_loss: 0.0476
test_loss: 0.1491
epoch 624
train_loss: 0.0476
test_loss: 0.1490
epoch 625
train_loss: 0.0475
test_loss: 0.1491
epoch 626
train_loss: 0.0475
test_loss: 0.1491
epoch 627
train_loss: 0.0475
test_loss: 0.1490
epoch 628
train_loss: 0.0474
test_loss: 0.1491
epoch 629
train_loss: 0.0474
test_loss: 0.1490
epoch 630
train_loss: 0.0473
test_loss: 0.1491
epoch 631
train_loss: 0.0473
test_loss: 0.1490
epoch 632
train_loss: 0.0472
test_loss: 0.1490
epoch 633
train_loss: 0.0472
test_loss: 0.1490
epoch 634
train_loss: 0.0472
test_loss: 0.1490
epoch 635
train_loss: 0.0471
test_loss: 0.1490
epoch 636
train_loss: 0.0471
test_loss: 0.1490
epoch 637
train_loss: 0.0470
test_loss: 0.1490
epoch 638
train_loss: 0.0470
test_loss: 0.1489
epoch 639
train_loss: 0.0469
test_loss: 0.1489
epoch 640
train_loss: 0.0469
test_loss: 0.1490
epoch 641
train_loss: 0.0468
test_loss: 0.1489
epoch 642
train_loss: 0.0468
test_loss: 0.1488
epoch 643
train_loss: 0.0468
test_loss: 0.1489
epoch 644
train_loss: 0.0467
test_loss: 0.1488
epoch 645
train_loss: 0.0467
test_loss: 0.1489
epoch 646
train_loss: 0.0466
test_loss: 0.1488
epoch 647
train_loss: 0.0466
test_loss: 0.1488
epoch 648
train_loss: 0.0465
test_loss: 0.1488
epoch 649
train_loss: 0.0465
test_loss: 0.1488
epoch 650
train_loss: 0.0465
test_loss: 0.1488
epoch 651
train_loss: 0.0464
test_loss: 0.1487
epoch 652
train_loss: 0.0464
test_loss: 0.1488
epoch 653
train_loss: 0.0463
test_loss: 0.1488
epoch 654
train_loss: 0.0463
test_loss: 0.1487
epoch 655
train_loss: 0.0463
test_loss: 0.1488
epoch 656
train_loss: 0.0462
test_loss: 0.1487
epoch 657
train_loss: 0.0462
test_loss: 0.1487
epoch 658
train_loss: 0.0461
test_loss: 0.1487
epoch 659
train_loss: 0.0461
test_loss: 0.1487
epoch 660
train_loss: 0.0461
test_loss: 0.1486
epoch 661
train_loss: 0.0460
test_loss: 0.1486
epoch 662
train_loss: 0.0460
test_loss: 0.1486
epoch 663
train_loss: 0.0459
test_loss: 0.1485
epoch 664
train_loss: 0.0459
test_loss: 0.1486
epoch 665
train_loss: 0.0458
test_loss: 0.1486
epoch 666
train_loss: 0.0458
test_loss: 0.1485
epoch 667
train_loss: 0.0458
test_loss: 0.1486
epoch 668
train_loss: 0.0457
test_loss: 0.1485
epoch 669
train_loss: 0.0457
test_loss: 0.1486
epoch 670
train_loss: 0.0456
test_loss: 0.1485
epoch 671
train_loss: 0.0456
test_loss: 0.1485
epoch 672
train_loss: 0.0456
test_loss: 0.1484
epoch 673
train_loss: 0.0455
test_loss: 0.1485
epoch 674
train_loss: 0.0455
test_loss: 0.1484
epoch 675
train_loss: 0.0454
test_loss: 0.1484
epoch 676
train_loss: 0.0454
test_loss: 0.1484
epoch 677
train_loss: 0.0454
test_loss: 0.1484
epoch 678
train_loss: 0.0453
test_loss: 0.1484
epoch 679
train_loss: 0.0453
test_loss: 0.1483
epoch 680
train_loss: 0.0453
test_loss: 0.1484
epoch 681
train_loss: 0.0452
test_loss: 0.1483
epoch 682
train_loss: 0.0452
test_loss: 0.1483
epoch 683
train_loss: 0.0451
test_loss: 0.1484
epoch 684
train_loss: 0.0451
test_loss: 0.1483
epoch 685
train_loss: 0.0451
test_loss: 0.1484
epoch 686
train_loss: 0.0450
test_loss: 0.1482
epoch 687
train_loss: 0.0450
test_loss: 0.1483
epoch 688
train_loss: 0.0449
test_loss: 0.1483
epoch 689
train_loss: 0.0449
test_loss: 0.1483
epoch 690
train_loss: 0.0449
test_loss: 0.1483
epoch 691
train_loss: 0.0448
test_loss: 0.1483
epoch 692
train_loss: 0.0448
test_loss: 0.1483
epoch 693
train_loss: 0.0448
test_loss: 0.1483
epoch 694
train_loss: 0.0447
test_loss: 0.1482
epoch 695
train_loss: 0.0447
test_loss: 0.1483
epoch 696
train_loss: 0.0446
test_loss: 0.1483
epoch 697
train_loss: 0.0446
test_loss: 0.1483
epoch 698
train_loss: 0.0446
test_loss: 0.1483
epoch 699
train_loss: 0.0445
test_loss: 0.1483
epoch 700
train_loss: 0.0445
test_loss: 0.1482
epoch 701
train_loss: 0.0445
test_loss: 0.1482
epoch 702
train_loss: 0.0444
test_loss: 0.1482
epoch 703
train_loss: 0.0444
test_loss: 0.1482
epoch 704
train_loss: 0.0444
test_loss: 0.1482
epoch 705
train_loss: 0.0443
test_loss: 0.1482
epoch 706
train_loss: 0.0443
test_loss: 0.1481
epoch 707
train_loss: 0.0442
test_loss: 0.1482
epoch 708
train_loss: 0.0442
test_loss: 0.1482
epoch 709
train_loss: 0.0442
test_loss: 0.1482
epoch 710
train_loss: 0.0442
test_loss: 0.1481
epoch 711
train_loss: 0.0441
test_loss: 0.1481
epoch 712
train_loss: 0.0441
test_loss: 0.1481
epoch 713
train_loss: 0.0440
test_loss: 0.1481
epoch 714
train_loss: 0.0440
test_loss: 0.1482
epoch 715
train_loss: 0.0440
test_loss: 0.1480
epoch 716
train_loss: 0.0439
test_loss: 0.1481
epoch 717
train_loss: 0.0439
test_loss: 0.1480
epoch 718
train_loss: 0.0439
test_loss: 0.1481
epoch 719
train_loss: 0.0438
test_loss: 0.1480
epoch 720
train_loss: 0.0438
test_loss: 0.1480
epoch 721
train_loss: 0.0438
test_loss: 0.1480
epoch 722
train_loss: 0.0437
test_loss: 0.1480
epoch 723
train_loss: 0.0437
test_loss: 0.1480
epoch 724
train_loss: 0.0437
test_loss: 0.1480
epoch 725
train_loss: 0.0436
test_loss: 0.1480
epoch 726
train_loss: 0.0436
test_loss: 0.1480
epoch 727
train_loss: 0.0436
test_loss: 0.1480
epoch 728
train_loss: 0.0435
test_loss: 0.1480
epoch 729
train_loss: 0.0435
test_loss: 0.1479
epoch 730
train_loss: 0.0435
test_loss: 0.1480
epoch 731
train_loss: 0.0434
test_loss: 0.1479
epoch 732
train_loss: 0.0434
test_loss: 0.1480
epoch 733
train_loss: 0.0434
test_loss: 0.1479
epoch 734
train_loss: 0.0433
test_loss: 0.1480
epoch 735
train_loss: 0.0433
test_loss: 0.1479
epoch 736
train_loss: 0.0433
test_loss: 0.1480
epoch 737
train_loss: 0.0432
test_loss: 0.1479
epoch 738
train_loss: 0.0432
test_loss: 0.1480
epoch 739
train_loss: 0.0432
test_loss: 0.1479
epoch 740
train_loss: 0.0431
test_loss: 0.1479
epoch 741
train_loss: 0.0431
test_loss: 0.1479
epoch 742
train_loss: 0.0431
test_loss: 0.1480
epoch 743
train_loss: 0.0430
test_loss: 0.1478
epoch 744
train_loss: 0.0430
test_loss: 0.1479
epoch 745
train_loss: 0.0430
test_loss: 0.1479
epoch 746
train_loss: 0.0429
test_loss: 0.1479
epoch 747
train_loss: 0.0429
test_loss: 0.1479
epoch 748
train_loss: 0.0429
test_loss: 0.1479
epoch 749
train_loss: 0.0429
test_loss: 0.1479
epoch 750
train_loss: 0.0428
test_loss: 0.1479
epoch 751
train_loss: 0.0428
test_loss: 0.1479
epoch 752
train_loss: 0.0428
test_loss: 0.1478
epoch 753
train_loss: 0.0427
test_loss: 0.1478
epoch 754
train_loss: 0.0427
test_loss: 0.1478
epoch 755
train_loss: 0.0427
test_loss: 0.1478
epoch 756
train_loss: 0.0426
test_loss: 0.1478
epoch 757
train_loss: 0.0426
test_loss: 0.1478
epoch 758
train_loss: 0.0426
test_loss: 0.1478
epoch 759
train_loss: 0.0426
test_loss: 0.1478
epoch 760
train_loss: 0.0425
test_loss: 0.1477
epoch 761
train_loss: 0.0425
test_loss: 0.1478
epoch 762
train_loss: 0.0425
test_loss: 0.1478
epoch 763
train_loss: 0.0424
test_loss: 0.1478
epoch 764
train_loss: 0.0424
test_loss: 0.1477
epoch 765
train_loss: 0.0424
test_loss: 0.1478
epoch 766
train_loss: 0.0424
test_loss: 0.1477
epoch 767
train_loss: 0.0423
test_loss: 0.1477
epoch 768
train_loss: 0.0423
test_loss: 0.1478
epoch 769
train_loss: 0.0423
test_loss: 0.1478
epoch 770
train_loss: 0.0422
test_loss: 0.1477
epoch 771
train_loss: 0.0422
test_loss: 0.1478
epoch 772
train_loss: 0.0422
test_loss: 0.1478
epoch 773
train_loss: 0.0422
test_loss: 0.1478
epoch 774
train_loss: 0.0421
test_loss: 0.1478
epoch 775
train_loss: 0.0421
test_loss: 0.1478
epoch 776
train_loss: 0.0421
test_loss: 0.1477
epoch 777
train_loss: 0.0420
test_loss: 0.1477
epoch 778
train_loss: 0.0420
test_loss: 0.1478
epoch 779
train_loss: 0.0420
test_loss: 0.1478
epoch 780
train_loss: 0.0420
test_loss: 0.1477
epoch 781
train_loss: 0.0419
test_loss: 0.1478
epoch 782
train_loss: 0.0419
test_loss: 0.1477
epoch 783
train_loss: 0.0419
test_loss: 0.1477
epoch 784
train_loss: 0.0419
test_loss: 0.1478
epoch 785
train_loss: 0.0418
test_loss: 0.1478
epoch 786
train_loss: 0.0418
test_loss: 0.1477
epoch 787
train_loss: 0.0418
test_loss: 0.1478
epoch 788
train_loss: 0.0418
test_loss: 0.1477
epoch 789
train_loss: 0.0417
test_loss: 0.1478
epoch 790
train_loss: 0.0417
test_loss: 0.1477
epoch 791
train_loss: 0.0417
test_loss: 0.1477
epoch 792
train_loss: 0.0417
test_loss: 0.1478
epoch 793
train_loss: 0.0416
test_loss: 0.1477
epoch 794
train_loss: 0.0416
test_loss: 0.1477
epoch 795
train_loss: 0.0416
test_loss: 0.1478
epoch 796
train_loss: 0.0416
test_loss: 0.1477
epoch 797
train_loss: 0.0415
test_loss: 0.1477
epoch 798
train_loss: 0.0415
test_loss: 0.1477
epoch 799
train_loss: 0.0415
test_loss: 0.1478
epoch 800
train_loss: 0.0415
test_loss: 0.1477
epoch 801
train_loss: 0.0414
test_loss: 0.1477
epoch 802
train_loss: 0.0414
test_loss: 0.1477
epoch 803
train_loss: 0.0414
test_loss: 0.1477
epoch 804
train_loss: 0.0414
test_loss: 0.1477
epoch 805
train_loss: 0.0413
test_loss: 0.1477
epoch 806
train_loss: 0.0413
test_loss: 0.1478
epoch 807
train_loss: 0.0413
test_loss: 0.1477
epoch 808
train_loss: 0.0412
test_loss: 0.1477
epoch 809
train_loss: 0.0412
test_loss: 0.1477
epoch 810
train_loss: 0.0412
test_loss: 0.1477
epoch 811
train_loss: 0.0412
test_loss: 0.1477
epoch 812
train_loss: 0.0412
test_loss: 0.1477
epoch 813
train_loss: 0.0411
test_loss: 0.1476
epoch 814
train_loss: 0.0411
test_loss: 0.1477
epoch 815
train_loss: 0.0411
test_loss: 0.1477
epoch 816
train_loss: 0.0411
test_loss: 0.1476
epoch 817
train_loss: 0.0410
test_loss: 0.1477
epoch 818
train_loss: 0.0410
test_loss: 0.1476
epoch 819
train_loss: 0.0410
test_loss: 0.1477
epoch 820
train_loss: 0.0410
test_loss: 0.1476
epoch 821
train_loss: 0.0409
test_loss: 0.1476
epoch 822
train_loss: 0.0409
test_loss: 0.1476
epoch 823
train_loss: 0.0409
test_loss: 0.1476
epoch 824
train_loss: 0.0409
test_loss: 0.1476
epoch 825
train_loss: 0.0408
test_loss: 0.1476
epoch 826
train_loss: 0.0408
test_loss: 0.1475
epoch 827
train_loss: 0.0408
test_loss: 0.1476
epoch 828
train_loss: 0.0408
test_loss: 0.1475
epoch 829
train_loss: 0.0407
test_loss: 0.1475
epoch 830
train_loss: 0.0407
test_loss: 0.1476
epoch 831
train_loss: 0.0407
test_loss: 0.1475
epoch 832
train_loss: 0.0407
test_loss: 0.1475
epoch 833
train_loss: 0.0406
test_loss: 0.1475
epoch 834
train_loss: 0.0406
test_loss: 0.1475
epoch 835
train_loss: 0.0406
test_loss: 0.1475
epoch 836
train_loss: 0.0406
test_loss: 0.1476
epoch 837
train_loss: 0.0405
test_loss: 0.1475
epoch 838
train_loss: 0.0405
test_loss: 0.1475
epoch 839
train_loss: 0.0405
test_loss: 0.1475
epoch 840
train_loss: 0.0405
test_loss: 0.1475
epoch 841
train_loss: 0.0404
test_loss: 0.1475
epoch 842
train_loss: 0.0404
test_loss: 0.1475
epoch 843
train_loss: 0.0404
test_loss: 0.1475
epoch 844
train_loss: 0.0404
test_loss: 0.1475
epoch 845
train_loss: 0.0404
test_loss: 0.1475
epoch 846
train_loss: 0.0403
test_loss: 0.1475
epoch 847
train_loss: 0.0403
test_loss: 0.1474
epoch 848
train_loss: 0.0403
test_loss: 0.1476
epoch 849
train_loss: 0.0403
test_loss: 0.1474
epoch 850
train_loss: 0.0402
test_loss: 0.1475
epoch 851
train_loss: 0.0402
test_loss: 0.1475
epoch 852
train_loss: 0.0402
test_loss: 0.1475
epoch 853
train_loss: 0.0402
test_loss: 0.1474
epoch 854
train_loss: 0.0401
test_loss: 0.1475
epoch 855
train_loss: 0.0401
test_loss: 0.1475
epoch 856
train_loss: 0.0401
test_loss: 0.1475
epoch 857
train_loss: 0.0401
test_loss: 0.1475
epoch 858
train_loss: 0.0400
test_loss: 0.1475
epoch 859
train_loss: 0.0400
test_loss: 0.1475
epoch 860
train_loss: 0.0400
test_loss: 0.1475
epoch 861
train_loss: 0.0400
test_loss: 0.1475
epoch 862
train_loss: 0.0400
test_loss: 0.1475
epoch 863
train_loss: 0.0399
test_loss: 0.1475
epoch 864
train_loss: 0.0399
test_loss: 0.1475
epoch 865
train_loss: 0.0399
test_loss: 0.1475
epoch 866
train_loss: 0.0399
test_loss: 0.1475
epoch 867
train_loss: 0.0398
test_loss: 0.1475
epoch 868
train_loss: 0.0398
test_loss: 0.1475
epoch 869
train_loss: 0.0398
test_loss: 0.1475
epoch 870
train_loss: 0.0398
test_loss: 0.1474
epoch 871
train_loss: 0.0397
test_loss: 0.1475
epoch 872
train_loss: 0.0397
test_loss: 0.1475
epoch 873
train_loss: 0.0397
test_loss: 0.1475
epoch 874
train_loss: 0.0397
test_loss: 0.1475
epoch 875
train_loss: 0.0396
test_loss: 0.1474
epoch 876
train_loss: 0.0396
test_loss: 0.1475
epoch 877
train_loss: 0.0396
test_loss: 0.1474
epoch 878
train_loss: 0.0396
test_loss: 0.1475
epoch 879
train_loss: 0.0396
test_loss: 0.1475
epoch 880
train_loss: 0.0395
test_loss: 0.1475
epoch 881
train_loss: 0.0395
test_loss: 0.1474
epoch 882
train_loss: 0.0395
test_loss: 0.1475
epoch 883
train_loss: 0.0395
test_loss: 0.1475
epoch 884
train_loss: 0.0394
test_loss: 0.1475
epoch 885
train_loss: 0.0394
test_loss: 0.1475
epoch 886
train_loss: 0.0394
test_loss: 0.1475
epoch 887
train_loss: 0.0394
test_loss: 0.1475
epoch 888
train_loss: 0.0393
test_loss: 0.1475
epoch 889
train_loss: 0.0393
test_loss: 0.1475
epoch 890
train_loss: 0.0393
test_loss: 0.1475
epoch 891
train_loss: 0.0393
test_loss: 0.1475
epoch 892
train_loss: 0.0392
test_loss: 0.1474
epoch 893
train_loss: 0.0392
test_loss: 0.1474
epoch 894
train_loss: 0.0392
test_loss: 0.1474
epoch 895
train_loss: 0.0392
test_loss: 0.1474
epoch 896
train_loss: 0.0391
test_loss: 0.1475
epoch 897
train_loss: 0.0391
test_loss: 0.1474
epoch 898
train_loss: 0.0391
test_loss: 0.1474
epoch 899
train_loss: 0.0391
test_loss: 0.1474
epoch 900
train_loss: 0.0390
test_loss: 0.1473
epoch 901
train_loss: 0.0390
test_loss: 0.1474
epoch 902
train_loss: 0.0390
test_loss: 0.1473
epoch 903
train_loss: 0.0390
test_loss: 0.1474
epoch 904
train_loss: 0.0390
test_loss: 0.1473
epoch 905
train_loss: 0.0389
test_loss: 0.1473
epoch 906
train_loss: 0.0389
test_loss: 0.1473
epoch 907
train_loss: 0.0389
test_loss: 0.1474
epoch 908
train_loss: 0.0389
test_loss: 0.1473
epoch 909
train_loss: 0.0388
test_loss: 0.1474
epoch 910
train_loss: 0.0388
test_loss: 0.1473
epoch 911
train_loss: 0.0388
test_loss: 0.1474
epoch 912
train_loss: 0.0388
test_loss: 0.1474
epoch 913
train_loss: 0.0387
test_loss: 0.1473
epoch 914
train_loss: 0.0387
test_loss: 0.1474
epoch 915
train_loss: 0.0387
test_loss: 0.1473
epoch 916
train_loss: 0.0387
test_loss: 0.1473
epoch 917
train_loss: 0.0386
test_loss: 0.1473
epoch 918
train_loss: 0.0386
test_loss: 0.1473
epoch 919
train_loss: 0.0386
test_loss: 0.1473
epoch 920
train_loss: 0.0386
test_loss: 0.1473
epoch 921
train_loss: 0.0386
test_loss: 0.1472
epoch 922
train_loss: 0.0385
test_loss: 0.1472
epoch 923
train_loss: 0.0385
test_loss: 0.1473
epoch 924
train_loss: 0.0385
test_loss: 0.1473
epoch 925
train_loss: 0.0385
test_loss: 0.1473
epoch 926
train_loss: 0.0385
test_loss: 0.1473
epoch 927
train_loss: 0.0384
test_loss: 0.1473
epoch 928
train_loss: 0.0384
test_loss: 0.1473
epoch 929
train_loss: 0.0384
test_loss: 0.1473
epoch 930
train_loss: 0.0384
test_loss: 0.1472
epoch 931
train_loss: 0.0383
test_loss: 0.1473
epoch 932
train_loss: 0.0383
test_loss: 0.1472
epoch 933
train_loss: 0.0383
test_loss: 0.1473
epoch 934
train_loss: 0.0383
test_loss: 0.1472
epoch 935
train_loss: 0.0383
test_loss: 0.1473
epoch 936
train_loss: 0.0382
test_loss: 0.1472
epoch 937
train_loss: 0.0382
test_loss: 0.1473
epoch 938
train_loss: 0.0382
test_loss: 0.1473
epoch 939
train_loss: 0.0382
test_loss: 0.1473
epoch 940
train_loss: 0.0382
test_loss: 0.1473
epoch 941
train_loss: 0.0381
test_loss: 0.1474
epoch 942
train_loss: 0.0381
test_loss: 0.1473
epoch 943
train_loss: 0.0381
test_loss: 0.1473
epoch 944
train_loss: 0.0381
test_loss: 0.1473
epoch 945
train_loss: 0.0381
test_loss: 0.1473
epoch 946
train_loss: 0.0380
test_loss: 0.1473
epoch 947
train_loss: 0.0380
test_loss: 0.1474
epoch 948
train_loss: 0.0380
test_loss: 0.1473
epoch 949
train_loss: 0.0380
test_loss: 0.1473
/home/xueqiong/noise_injection_uncertainty/regression/utils.py:39: FutureWarning: The 'delim_whitespace' keyword in pd.read_csv is deprecated and will be removed in a future version. Use ``sep='\s+'`` instead
  return pd.read_csv(dataset_path, engine='python', header=None, delim_whitespace=True)
8 1
824 206 1030
model_name dropoutFCN
using Adam as optimizer
epoch 0
train_loss: 0.7152
Module: DropoutFullyConnectedNN
  Module: ModuleList
    Module: Linear
    Module: Linear
    Module: Linear
  Module: ModuleList
    Module: Dropout
dropout设置为训练模式
    Module: Dropout
dropout设置为训练模式
    Module: Dropout
dropout设置为训练模式
  Module: ReLU
test_loss: 0.4780
epoch 1
train_loss: 0.4495
Module: DropoutFullyConnectedNN
  Module: ModuleList
    Module: Linear
    Module: Linear
    Module: Linear
  Module: ModuleList
    Module: Dropout
dropout设置为训练模式
    Module: Dropout
dropout设置为训练模式
    Module: Dropout
dropout设置为训练模式
  Module: ReLU
test_loss: 0.3567
epoch 2
train_loss: 0.3567
Module: DropoutFullyConnectedNN
  Module: ModuleList
    Module: Linear
    Module: Linear
    Module: Linear
  Module: ModuleList
    Module: Dropout
dropout设置为训练模式
    Module: Dropout
dropout设置为训练模式
    Module: Dropout
dropout设置为训练模式
  Module: ReLU
test_loss: 0.3169
epoch 3
train_loss: 0.3238
Module: DropoutFullyConnectedNN
  Module: ModuleList
    Module: Linear
    Module: Linear
    Module: Linear
  Module: ModuleList
    Module: Dropout
dropout设置为训练模式
    Module: Dropout
dropout设置为训练模式
    Module: Dropout
dropout设置为训练模式
  Module: ReLU
test_loss: 0.2763
epoch 4
train_loss: 0.2665
Module: DropoutFullyConnectedNN
  Module: ModuleList
    Module: Linear
    Module: Linear
    Module: Linear
  Module: ModuleList
    Module: Dropout
dropout设置为训练模式
    Module: Dropout
dropout设置为训练模式
    Module: Dropout
dropout设置为训练模式
  Module: ReLU
test_loss: 0.2445
epoch 5
train_loss: 0.2343
Module: DropoutFullyConnectedNN
  Module: ModuleList
    Module: Linear
    Module: Linear
    Module: Linear
  Module: ModuleList
    Module: Dropout
dropout设置为训练模式
    Module: Dropout
dropout设置为训练模式
    Module: Dropout
dropout设置为训练模式
  Module: ReLU
test_loss: 0.2229
epoch 6
train_loss: 0.2192
Module: DropoutFullyConnectedNN
  Module: ModuleList
    Module: Linear
    Module: Linear
    Module: Linear
  Module: ModuleList
    Module: Dropout
dropout设置为训练模式
    Module: Dropout
dropout设置为训练模式
    Module: Dropout
dropout设置为训练模式
  Module: ReLU
test_loss: 0.2075
epoch 7
train_loss: 0.2276
Module: DropoutFullyConnectedNN
  Module: ModuleList
    Module: Linear
    Module: Linear
    Module: Linear
  Module: ModuleList
    Module: Dropout
dropout设置为训练模式
    Module: Dropout
dropout设置为训练模式
    Module: Dropout
dropout设置为训练模式
  Module: ReLU
test_loss: 0.1995
epoch 8
train_loss: 0.2053
Module: DropoutFullyConnectedNN
  Module: ModuleList
    Module: Linear
    Module: Linear
    Module: Linear
  Module: ModuleList
    Module: Dropout
dropout设置为训练模式
    Module: Dropout
dropout设置为训练模式
    Module: Dropout
dropout设置为训练模式
  Module: ReLU
test_loss: 0.1913
epoch 9
train_loss: 0.1997
Module: DropoutFullyConnectedNN
  Module: ModuleList
    Module: Linear
    Module: Linear
    Module: Linear
  Module: ModuleList
    Module: Dropout
dropout设置为训练模式
    Module: Dropout
dropout设置为训练模式
    Module: Dropout
dropout设置为训练模式
  Module: ReLU
test_loss: 0.1843
epoch 10
train_loss: 0.1953
Module: DropoutFullyConnectedNN
  Module: ModuleList
    Module: Linear
    Module: Linear
    Module: Linear
  Module: ModuleList
    Module: Dropout
dropout设置为训练模式
    Module: Dropout
dropout设置为训练模式
    Module: Dropout
dropout设置为训练模式
  Module: ReLU
test_loss: 0.1796
epoch 11
train_loss: 0.1820
Module: DropoutFullyConnectedNN
  Module: ModuleList
    Module: Linear
    Module: Linear
    Module: Linear
  Module: ModuleList
    Module: Dropout
dropout设置为训练模式
    Module: Dropout
dropout设置为训练模式
    Module: Dropout
dropout设置为训练模式
  Module: ReLU
test_loss: 0.1701
epoch 12
train_loss: 0.1662
Module: DropoutFullyConnectedNN
  Module: ModuleList
    Module: Linear
    Module: Linear
    Module: Linear
  Module: ModuleList
    Module: Dropout
dropout设置为训练模式
    Module: Dropout
dropout设置为训练模式
    Module: Dropout
dropout设置为训练模式
  Module: ReLU
test_loss: 0.1630
epoch 13
train_loss: 0.1696
Module: DropoutFullyConnectedNN
  Module: ModuleList
    Module: Linear
    Module: Linear
    Module: Linear
  Module: ModuleList
    Module: Dropout
dropout设置为训练模式
    Module: Dropout
dropout设置为训练模式
    Module: Dropout
dropout设置为训练模式
  Module: ReLU
test_loss: 0.1622
epoch 14
train_loss: 0.1685
Module: DropoutFullyConnectedNN
  Module: ModuleList
    Module: Linear
    Module: Linear
    Module: Linear
  Module: ModuleList
    Module: Dropout
dropout设置为训练模式
    Module: Dropout
dropout设置为训练模式
    Module: Dropout
dropout设置为训练模式
  Module: ReLU
test_loss: 0.1583
epoch 15
train_loss: 0.1576
Module: DropoutFullyConnectedNN
  Module: ModuleList
    Module: Linear
    Module: Linear
    Module: Linear
  Module: ModuleList
    Module: Dropout
dropout设置为训练模式
    Module: Dropout
dropout设置为训练模式
    Module: Dropout
dropout设置为训练模式
  Module: ReLU
test_loss: 0.1541
epoch 16
train_loss: 0.1549
Module: DropoutFullyConnectedNN
  Module: ModuleList
    Module: Linear
    Module: Linear
    Module: Linear
  Module: ModuleList
    Module: Dropout
dropout设置为训练模式
    Module: Dropout
dropout设置为训练模式
    Module: Dropout
dropout设置为训练模式
  Module: ReLU
test_loss: 0.1541
epoch 17
train_loss: 0.1392
Module: DropoutFullyConnectedNN
  Module: ModuleList
    Module: Linear
    Module: Linear
    Module: Linear
  Module: ModuleList
    Module: Dropout
dropout设置为训练模式
    Module: Dropout
dropout设置为训练模式
    Module: Dropout
dropout设置为训练模式
  Module: ReLU
test_loss: 0.1461
epoch 18
train_loss: 0.1466
Module: DropoutFullyConnectedNN
  Module: ModuleList
    Module: Linear
    Module: Linear
    Module: Linear
  Module: ModuleList
    Module: Dropout
dropout设置为训练模式
    Module: Dropout
dropout设置为训练模式
    Module: Dropout
dropout设置为训练模式
  Module: ReLU
test_loss: 0.1483
epoch 19
train_loss: 0.1395
Module: DropoutFullyConnectedNN
  Module: ModuleList
    Module: Linear
    Module: Linear
    Module: Linear
  Module: ModuleList
    Module: Dropout
dropout设置为训练模式
    Module: Dropout
dropout设置为训练模式
    Module: Dropout
dropout设置为训练模式
  Module: ReLU
test_loss: 0.1451
epoch 20
train_loss: 0.1397
Module: DropoutFullyConnectedNN
  Module: ModuleList
    Module: Linear
    Module: Linear
    Module: Linear
  Module: ModuleList
    Module: Dropout
dropout设置为训练模式
    Module: Dropout
dropout设置为训练模式
    Module: Dropout
dropout设置为训练模式
  Module: ReLU
test_loss: 0.1469
epoch 21
train_loss: 0.1433
Module: DropoutFullyConnectedNN
  Module: ModuleList
    Module: Linear
    Module: Linear
    Module: Linear
  Module: ModuleList
    Module: Dropout
dropout设置为训练模式
    Module: Dropout
dropout设置为训练模式
    Module: Dropout
dropout设置为训练模式
  Module: ReLU
test_loss: 0.1508
epoch 22
train_loss: 0.1336
Module: DropoutFullyConnectedNN
  Module: ModuleList
    Module: Linear
    Module: Linear
    Module: Linear
  Module: ModuleList
    Module: Dropout
dropout设置为训练模式
    Module: Dropout
dropout设置为训练模式
    Module: Dropout
dropout设置为训练模式
  Module: ReLU
test_loss: 0.1444
epoch 23
train_loss: 0.1211
Module: DropoutFullyConnectedNN
  Module: ModuleList
    Module: Linear
    Module: Linear
    Module: Linear
  Module: ModuleList
    Module: Dropout
dropout设置为训练模式
    Module: Dropout
dropout设置为训练模式
    Module: Dropout
dropout设置为训练模式
  Module: ReLU
test_loss: 0.1424
epoch 24
train_loss: 0.1184
Module: DropoutFullyConnectedNN
  Module: ModuleList
    Module: Linear
    Module: Linear
    Module: Linear
  Module: ModuleList
    Module: Dropout
dropout设置为训练模式
    Module: Dropout
dropout设置为训练模式
    Module: Dropout
dropout设置为训练模式
  Module: ReLU
test_loss: 0.1426
epoch 25
train_loss: 0.1309
Module: DropoutFullyConnectedNN
  Module: ModuleList
    Module: Linear
    Module: Linear
    Module: Linear
  Module: ModuleList
    Module: Dropout
dropout设置为训练模式
    Module: Dropout
dropout设置为训练模式
    Module: Dropout
dropout设置为训练模式
  Module: ReLU
test_loss: 0.1390
epoch 26
train_loss: 0.1349
Module: DropoutFullyConnectedNN
  Module: ModuleList
    Module: Linear
    Module: Linear
    Module: Linear
  Module: ModuleList
    Module: Dropout
dropout设置为训练模式
    Module: Dropout
dropout设置为训练模式
    Module: Dropout
dropout设置为训练模式
  Module: ReLU
test_loss: 0.1395
epoch 27
train_loss: 0.1194
Module: DropoutFullyConnectedNN
  Module: ModuleList
    Module: Linear
    Module: Linear
    Module: Linear
  Module: ModuleList
    Module: Dropout
dropout设置为训练模式
    Module: Dropout
dropout设置为训练模式
    Module: Dropout
dropout设置为训练模式
  Module: ReLU
test_loss: 0.1297
epoch 28
train_loss: 0.1233
Module: DropoutFullyConnectedNN
  Module: ModuleList
    Module: Linear
    Module: Linear
    Module: Linear
  Module: ModuleList
    Module: Dropout
dropout设置为训练模式
    Module: Dropout
dropout设置为训练模式
    Module: Dropout
dropout设置为训练模式
  Module: ReLU
test_loss: 0.1368
epoch 29
train_loss: 0.1110
Module: DropoutFullyConnectedNN
  Module: ModuleList
    Module: Linear
    Module: Linear
    Module: Linear
  Module: ModuleList
    Module: Dropout
dropout设置为训练模式
    Module: Dropout
dropout设置为训练模式
    Module: Dropout
dropout设置为训练模式
  Module: ReLU
test_loss: 0.1310
epoch 30
train_loss: 0.1181
Module: DropoutFullyConnectedNN
  Module: ModuleList
    Module: Linear
    Module: Linear
    Module: Linear
  Module: ModuleList
    Module: Dropout
dropout设置为训练模式
    Module: Dropout
dropout设置为训练模式
    Module: Dropout
dropout设置为训练模式
  Module: ReLU
test_loss: 0.1323
epoch 31
train_loss: 0.1103
Module: DropoutFullyConnectedNN
  Module: ModuleList
    Module: Linear
    Module: Linear
    Module: Linear
  Module: ModuleList
    Module: Dropout
dropout设置为训练模式
    Module: Dropout
dropout设置为训练模式
    Module: Dropout
dropout设置为训练模式
  Module: ReLU
test_loss: 0.1416
epoch 32
train_loss: 0.1101
Module: DropoutFullyConnectedNN
  Module: ModuleList
    Module: Linear
    Module: Linear
    Module: Linear
  Module: ModuleList
    Module: Dropout
dropout设置为训练模式
    Module: Dropout
dropout设置为训练模式
    Module: Dropout
dropout设置为训练模式
  Module: ReLU
test_loss: 0.1328
epoch 33
train_loss: 0.1144
Module: DropoutFullyConnectedNN
  Module: ModuleList
    Module: Linear
    Module: Linear
    Module: Linear
  Module: ModuleList
    Module: Dropout
dropout设置为训练模式
    Module: Dropout
dropout设置为训练模式
    Module: Dropout
dropout设置为训练模式
  Module: ReLU
test_loss: 0.1338
epoch 34
train_loss: 0.1148
Module: DropoutFullyConnectedNN
  Module: ModuleList
    Module: Linear
    Module: Linear
    Module: Linear
  Module: ModuleList
    Module: Dropout
dropout设置为训练模式
    Module: Dropout
dropout设置为训练模式
    Module: Dropout
dropout设置为训练模式
  Module: ReLU
test_loss: 0.1427
epoch 35
train_loss: 0.1108
Module: DropoutFullyConnectedNN
  Module: ModuleList
    Module: Linear
    Module: Linear
    Module: Linear
  Module: ModuleList
    Module: Dropout
dropout设置为训练模式
    Module: Dropout
dropout设置为训练模式
    Module: Dropout
dropout设置为训练模式
  Module: ReLU
test_loss: 0.1275
epoch 36
train_loss: 0.1139
Module: DropoutFullyConnectedNN
  Module: ModuleList
    Module: Linear
    Module: Linear
    Module: Linear
  Module: ModuleList
    Module: Dropout
dropout设置为训练模式
    Module: Dropout
dropout设置为训练模式
    Module: Dropout
dropout设置为训练模式
  Module: ReLU
test_loss: 0.1315
epoch 37
train_loss: 0.1079
Module: DropoutFullyConnectedNN
  Module: ModuleList
    Module: Linear
    Module: Linear
    Module: Linear
  Module: ModuleList
    Module: Dropout
dropout设置为训练模式
    Module: Dropout
dropout设置为训练模式
    Module: Dropout
dropout设置为训练模式
  Module: ReLU
test_loss: 0.1273
epoch 38
train_loss: 0.1196
Module: DropoutFullyConnectedNN
  Module: ModuleList
    Module: Linear
    Module: Linear
    Module: Linear
  Module: ModuleList
    Module: Dropout
dropout设置为训练模式
    Module: Dropout
dropout设置为训练模式
    Module: Dropout
dropout设置为训练模式
  Module: ReLU
test_loss: 0.1382
epoch 39
train_loss: 0.1035
Module: DropoutFullyConnectedNN
  Module: ModuleList
    Module: Linear
    Module: Linear
    Module: Linear
  Module: ModuleList
    Module: Dropout
dropout设置为训练模式
    Module: Dropout
dropout设置为训练模式
    Module: Dropout
dropout设置为训练模式
  Module: ReLU
test_loss: 0.1304
epoch 40
train_loss: 0.1079
Module: DropoutFullyConnectedNN
  Module: ModuleList
    Module: Linear
    Module: Linear
    Module: Linear
  Module: ModuleList
    Module: Dropout
dropout设置为训练模式
    Module: Dropout
dropout设置为训练模式
    Module: Dropout
dropout设置为训练模式
  Module: ReLU
test_loss: 0.1390
epoch 41
train_loss: 0.1086
Module: DropoutFullyConnectedNN
  Module: ModuleList
    Module: Linear
    Module: Linear
    Module: Linear
  Module: ModuleList
    Module: Dropout
dropout设置为训练模式
    Module: Dropout
dropout设置为训练模式
    Module: Dropout
dropout设置为训练模式
  Module: ReLU
test_loss: 0.1335
epoch 42
train_loss: 0.1073
Module: DropoutFullyConnectedNN
  Module: ModuleList
    Module: Linear
    Module: Linear
    Module: Linear
  Module: ModuleList
    Module: Dropout
dropout设置为训练模式
    Module: Dropout
dropout设置为训练模式
    Module: Dropout
dropout设置为训练模式
  Module: ReLU
test_loss: 0.1264
epoch 43
train_loss: 0.1048
Module: DropoutFullyConnectedNN
  Module: ModuleList
    Module: Linear
    Module: Linear
    Module: Linear
  Module: ModuleList
    Module: Dropout
dropout设置为训练模式
    Module: Dropout
dropout设置为训练模式
    Module: Dropout
dropout设置为训练模式
  Module: ReLU
test_loss: 0.1314
epoch 44
train_loss: 0.0974
Module: DropoutFullyConnectedNN
  Module: ModuleList
    Module: Linear
    Module: Linear
    Module: Linear
  Module: ModuleList
    Module: Dropout
dropout设置为训练模式
    Module: Dropout
dropout设置为训练模式
    Module: Dropout
dropout设置为训练模式
  Module: ReLU
test_loss: 0.1254
epoch 45
train_loss: 0.1019
Module: DropoutFullyConnectedNN
  Module: ModuleList
    Module: Linear
    Module: Linear
    Module: Linear
  Module: ModuleList
    Module: Dropout
dropout设置为训练模式
    Module: Dropout
dropout设置为训练模式
    Module: Dropout
dropout设置为训练模式
  Module: ReLU
test_loss: 0.1316
epoch 46
train_loss: 0.1033
Module: DropoutFullyConnectedNN
  Module: ModuleList
    Module: Linear
    Module: Linear
    Module: Linear
  Module: ModuleList
    Module: Dropout
dropout设置为训练模式
    Module: Dropout
dropout设置为训练模式
    Module: Dropout
dropout设置为训练模式
  Module: ReLU
test_loss: 0.1314
epoch 47
train_loss: 0.1000
Module: DropoutFullyConnectedNN
  Module: ModuleList
    Module: Linear
    Module: Linear
    Module: Linear
  Module: ModuleList
    Module: Dropout
dropout设置为训练模式
    Module: Dropout
dropout设置为训练模式
    Module: Dropout
dropout设置为训练模式
  Module: ReLU
test_loss: 0.1310
epoch 48
train_loss: 0.1047
Module: DropoutFullyConnectedNN
  Module: ModuleList
    Module: Linear
    Module: Linear
    Module: Linear
  Module: ModuleList
    Module: Dropout
dropout设置为训练模式
    Module: Dropout
dropout设置为训练模式
    Module: Dropout
dropout设置为训练模式
  Module: ReLU
test_loss: 0.1245
epoch 49
train_loss: 0.0899
Module: DropoutFullyConnectedNN
  Module: ModuleList
    Module: Linear
    Module: Linear
    Module: Linear
  Module: ModuleList
    Module: Dropout
dropout设置为训练模式
    Module: Dropout
dropout设置为训练模式
    Module: Dropout
dropout设置为训练模式
  Module: ReLU
test_loss: 0.1307
epoch 50
train_loss: 0.0998
Module: DropoutFullyConnectedNN
  Module: ModuleList
    Module: Linear
    Module: Linear
    Module: Linear
  Module: ModuleList
    Module: Dropout
dropout设置为训练模式
    Module: Dropout
dropout设置为训练模式
    Module: Dropout
dropout设置为训练模式
  Module: ReLU
test_loss: 0.1310
epoch 51
train_loss: 0.0961
Module: DropoutFullyConnectedNN
  Module: ModuleList
    Module: Linear
    Module: Linear
    Module: Linear
  Module: ModuleList
    Module: Dropout
dropout设置为训练模式
    Module: Dropout
dropout设置为训练模式
    Module: Dropout
dropout设置为训练模式
  Module: ReLU
test_loss: 0.1265
epoch 52
train_loss: 0.0929
Module: DropoutFullyConnectedNN
  Module: ModuleList
    Module: Linear
    Module: Linear
    Module: Linear
  Module: ModuleList
    Module: Dropout
dropout设置为训练模式
    Module: Dropout
dropout设置为训练模式
    Module: Dropout
dropout设置为训练模式
  Module: ReLU
test_loss: 0.1282
epoch 53
train_loss: 0.0879
Module: DropoutFullyConnectedNN
  Module: ModuleList
    Module: Linear
    Module: Linear
    Module: Linear
  Module: ModuleList
    Module: Dropout
dropout设置为训练模式
    Module: Dropout
dropout设置为训练模式
    Module: Dropout
dropout设置为训练模式
  Module: ReLU
test_loss: 0.1280
epoch 54
train_loss: 0.0899
Module: DropoutFullyConnectedNN
  Module: ModuleList
    Module: Linear
    Module: Linear
    Module: Linear
  Module: ModuleList
    Module: Dropout
dropout设置为训练模式
    Module: Dropout
dropout设置为训练模式
    Module: Dropout
dropout设置为训练模式
  Module: ReLU
test_loss: 0.1288
epoch 55
train_loss: 0.0942
Module: DropoutFullyConnectedNN
  Module: ModuleList
    Module: Linear
    Module: Linear
    Module: Linear
  Module: ModuleList
    Module: Dropout
dropout设置为训练模式
    Module: Dropout
dropout设置为训练模式
    Module: Dropout
dropout设置为训练模式
  Module: ReLU
test_loss: 0.1269
epoch 56
train_loss: 0.0903
Module: DropoutFullyConnectedNN
  Module: ModuleList
    Module: Linear
    Module: Linear
    Module: Linear
  Module: ModuleList
    Module: Dropout
dropout设置为训练模式
    Module: Dropout
dropout设置为训练模式
    Module: Dropout
dropout设置为训练模式
  Module: ReLU
test_loss: 0.1247
epoch 57
train_loss: 0.0942
Module: DropoutFullyConnectedNN
  Module: ModuleList
    Module: Linear
    Module: Linear
    Module: Linear
  Module: ModuleList
    Module: Dropout
dropout设置为训练模式
    Module: Dropout
dropout设置为训练模式
    Module: Dropout
dropout设置为训练模式
  Module: ReLU
test_loss: 0.1216
epoch 58
train_loss: 0.0944
Module: DropoutFullyConnectedNN
  Module: ModuleList
    Module: Linear
    Module: Linear
    Module: Linear
  Module: ModuleList
    Module: Dropout
dropout设置为训练模式
    Module: Dropout
dropout设置为训练模式
    Module: Dropout
dropout设置为训练模式
  Module: ReLU
test_loss: 0.1185
epoch 59
train_loss: 0.0851
Module: DropoutFullyConnectedNN
  Module: ModuleList
    Module: Linear
    Module: Linear
    Module: Linear
  Module: ModuleList
    Module: Dropout
dropout设置为训练模式
    Module: Dropout
dropout设置为训练模式
    Module: Dropout
dropout设置为训练模式
  Module: ReLU
test_loss: 0.1183
epoch 60
train_loss: 0.1035
Module: DropoutFullyConnectedNN
  Module: ModuleList
    Module: Linear
    Module: Linear
    Module: Linear
  Module: ModuleList
    Module: Dropout
dropout设置为训练模式
    Module: Dropout
dropout设置为训练模式
    Module: Dropout
dropout设置为训练模式
  Module: ReLU
test_loss: 0.1239
epoch 61
train_loss: 0.0910
Module: DropoutFullyConnectedNN
  Module: ModuleList
    Module: Linear
    Module: Linear
    Module: Linear
  Module: ModuleList
    Module: Dropout
dropout设置为训练模式
    Module: Dropout
dropout设置为训练模式
    Module: Dropout
dropout设置为训练模式
  Module: ReLU
test_loss: 0.1267
epoch 62
train_loss: 0.0955
Module: DropoutFullyConnectedNN
  Module: ModuleList
    Module: Linear
    Module: Linear
    Module: Linear
  Module: ModuleList
    Module: Dropout
dropout设置为训练模式
    Module: Dropout
dropout设置为训练模式
    Module: Dropout
dropout设置为训练模式
  Module: ReLU
test_loss: 0.1270
epoch 63
train_loss: 0.0868
Module: DropoutFullyConnectedNN
  Module: ModuleList
    Module: Linear
    Module: Linear
    Module: Linear
  Module: ModuleList
    Module: Dropout
dropout设置为训练模式
    Module: Dropout
dropout设置为训练模式
    Module: Dropout
dropout设置为训练模式
  Module: ReLU
test_loss: 0.1277
epoch 64
train_loss: 0.0899
Module: DropoutFullyConnectedNN
  Module: ModuleList
    Module: Linear
    Module: Linear
    Module: Linear
  Module: ModuleList
    Module: Dropout
dropout设置为训练模式
    Module: Dropout
dropout设置为训练模式
    Module: Dropout
dropout设置为训练模式
  Module: ReLU
test_loss: 0.1197
epoch 65
train_loss: 0.0913
Module: DropoutFullyConnectedNN
  Module: ModuleList
    Module: Linear
    Module: Linear
    Module: Linear
  Module: ModuleList
    Module: Dropout
dropout设置为训练模式
    Module: Dropout
dropout设置为训练模式
    Module: Dropout
dropout设置为训练模式
  Module: ReLU
test_loss: 0.1273
epoch 66
train_loss: 0.0804
Module: DropoutFullyConnectedNN
  Module: ModuleList
    Module: Linear
    Module: Linear
    Module: Linear
  Module: ModuleList
    Module: Dropout
dropout设置为训练模式
    Module: Dropout
dropout设置为训练模式
    Module: Dropout
dropout设置为训练模式
  Module: ReLU
test_loss: 0.1204
epoch 67
train_loss: 0.0840
Module: DropoutFullyConnectedNN
  Module: ModuleList
    Module: Linear
    Module: Linear
    Module: Linear
  Module: ModuleList
    Module: Dropout
dropout设置为训练模式
    Module: Dropout
dropout设置为训练模式
    Module: Dropout
dropout设置为训练模式
  Module: ReLU
test_loss: 0.1205
epoch 68
train_loss: 0.0885
Module: DropoutFullyConnectedNN
  Module: ModuleList
    Module: Linear
    Module: Linear
    Module: Linear
  Module: ModuleList
    Module: Dropout
dropout设置为训练模式
    Module: Dropout
dropout设置为训练模式
    Module: Dropout
dropout设置为训练模式
  Module: ReLU
test_loss: 0.1219
epoch 69
train_loss: 0.0867
Module: DropoutFullyConnectedNN
  Module: ModuleList
    Module: Linear
    Module: Linear
    Module: Linear
  Module: ModuleList
    Module: Dropout
dropout设置为训练模式
    Module: Dropout
dropout设置为训练模式
    Module: Dropout
dropout设置为训练模式
  Module: ReLU
test_loss: 0.1208
epoch 70
train_loss: 0.0880
Module: DropoutFullyConnectedNN
  Module: ModuleList
    Module: Linear
    Module: Linear
    Module: Linear
  Module: ModuleList
    Module: Dropout
dropout设置为训练模式
    Module: Dropout
dropout设置为训练模式
    Module: Dropout
dropout设置为训练模式
  Module: ReLU
test_loss: 0.1284
epoch 71
train_loss: 0.0930
Module: DropoutFullyConnectedNN
  Module: ModuleList
    Module: Linear
    Module: Linear
    Module: Linear
  Module: ModuleList
    Module: Dropout
dropout设置为训练模式
    Module: Dropout
dropout设置为训练模式
    Module: Dropout
dropout设置为训练模式
  Module: ReLU
test_loss: 0.1263
epoch 72
train_loss: 0.0883
Module: DropoutFullyConnectedNN
  Module: ModuleList
    Module: Linear
    Module: Linear
    Module: Linear
  Module: ModuleList
    Module: Dropout
dropout设置为训练模式
    Module: Dropout
dropout设置为训练模式
    Module: Dropout
dropout设置为训练模式
  Module: ReLU
test_loss: 0.1219
epoch 73
train_loss: 0.0861
Module: DropoutFullyConnectedNN
  Module: ModuleList
    Module: Linear
    Module: Linear
    Module: Linear
  Module: ModuleList
    Module: Dropout
dropout设置为训练模式
    Module: Dropout
dropout设置为训练模式
    Module: Dropout
dropout设置为训练模式
  Module: ReLU
test_loss: 0.1209
epoch 74
train_loss: 0.0913
Module: DropoutFullyConnectedNN
  Module: ModuleList
    Module: Linear
    Module: Linear
    Module: Linear
  Module: ModuleList
    Module: Dropout
dropout设置为训练模式
    Module: Dropout
dropout设置为训练模式
    Module: Dropout
dropout设置为训练模式
  Module: ReLU
test_loss: 0.1238
epoch 75
train_loss: 0.0871
Module: DropoutFullyConnectedNN
  Module: ModuleList
    Module: Linear
    Module: Linear
    Module: Linear
  Module: ModuleList
    Module: Dropout
dropout设置为训练模式
    Module: Dropout
dropout设置为训练模式
    Module: Dropout
dropout设置为训练模式
  Module: ReLU
test_loss: 0.1226
epoch 76
train_loss: 0.0932
Module: DropoutFullyConnectedNN
  Module: ModuleList
    Module: Linear
    Module: Linear
    Module: Linear
  Module: ModuleList
    Module: Dropout
dropout设置为训练模式
    Module: Dropout
dropout设置为训练模式
    Module: Dropout
dropout设置为训练模式
  Module: ReLU
test_loss: 0.1283
epoch 77
train_loss: 0.0833
Module: DropoutFullyConnectedNN
  Module: ModuleList
    Module: Linear
    Module: Linear
    Module: Linear
  Module: ModuleList
    Module: Dropout
dropout设置为训练模式
    Module: Dropout
dropout设置为训练模式
    Module: Dropout
dropout设置为训练模式
  Module: ReLU
test_loss: 0.1220
epoch 78
train_loss: 0.0883
Module: DropoutFullyConnectedNN
  Module: ModuleList
    Module: Linear
    Module: Linear
    Module: Linear
  Module: ModuleList
    Module: Dropout
dropout设置为训练模式
    Module: Dropout
dropout设置为训练模式
    Module: Dropout
dropout设置为训练模式
  Module: ReLU
test_loss: 0.1254
epoch 79
train_loss: 0.0844
Module: DropoutFullyConnectedNN
  Module: ModuleList
    Module: Linear
    Module: Linear
    Module: Linear
  Module: ModuleList
    Module: Dropout
dropout设置为训练模式
    Module: Dropout
dropout设置为训练模式
    Module: Dropout
dropout设置为训练模式
  Module: ReLU
test_loss: 0.1143
epoch 80
train_loss: 0.0824
Module: DropoutFullyConnectedNN
  Module: ModuleList
    Module: Linear
    Module: Linear
    Module: Linear
  Module: ModuleList
    Module: Dropout
dropout设置为训练模式
    Module: Dropout
dropout设置为训练模式
    Module: Dropout
dropout设置为训练模式
  Module: ReLU
test_loss: 0.1181
epoch 81
train_loss: 0.0825
Module: DropoutFullyConnectedNN
  Module: ModuleList
    Module: Linear
    Module: Linear
    Module: Linear
  Module: ModuleList
    Module: Dropout
dropout设置为训练模式
    Module: Dropout
dropout设置为训练模式
    Module: Dropout
dropout设置为训练模式
  Module: ReLU
test_loss: 0.1232
epoch 82
train_loss: 0.0923
Module: DropoutFullyConnectedNN
  Module: ModuleList
    Module: Linear
    Module: Linear
    Module: Linear
  Module: ModuleList
    Module: Dropout
dropout设置为训练模式
    Module: Dropout
dropout设置为训练模式
    Module: Dropout
dropout设置为训练模式
  Module: ReLU
test_loss: 0.1237
epoch 83
train_loss: 0.0864
Module: DropoutFullyConnectedNN
  Module: ModuleList
    Module: Linear
    Module: Linear
    Module: Linear
  Module: ModuleList
    Module: Dropout
dropout设置为训练模式
    Module: Dropout
dropout设置为训练模式
    Module: Dropout
dropout设置为训练模式
  Module: ReLU
test_loss: 0.1260
epoch 84
train_loss: 0.0825
Module: DropoutFullyConnectedNN
  Module: ModuleList
    Module: Linear
    Module: Linear
    Module: Linear
  Module: ModuleList
    Module: Dropout
dropout设置为训练模式
    Module: Dropout
dropout设置为训练模式
    Module: Dropout
dropout设置为训练模式
  Module: ReLU
test_loss: 0.1182
epoch 85
train_loss: 0.0823
Module: DropoutFullyConnectedNN
  Module: ModuleList
    Module: Linear
    Module: Linear
    Module: Linear
  Module: ModuleList
    Module: Dropout
dropout设置为训练模式
    Module: Dropout
dropout设置为训练模式
    Module: Dropout
dropout设置为训练模式
  Module: ReLU
test_loss: 0.1192
epoch 86
train_loss: 0.0801
Module: DropoutFullyConnectedNN
  Module: ModuleList
    Module: Linear
    Module: Linear
    Module: Linear
  Module: ModuleList
    Module: Dropout
dropout设置为训练模式
    Module: Dropout
dropout设置为训练模式
    Module: Dropout
dropout设置为训练模式
  Module: ReLU
test_loss: 0.1151
epoch 87
train_loss: 0.0810
Module: DropoutFullyConnectedNN
  Module: ModuleList
    Module: Linear
    Module: Linear
    Module: Linear
  Module: ModuleList
    Module: Dropout
dropout设置为训练模式
    Module: Dropout
dropout设置为训练模式
    Module: Dropout
dropout设置为训练模式
  Module: ReLU
test_loss: 0.1188
epoch 88
train_loss: 0.0862
Module: DropoutFullyConnectedNN
  Module: ModuleList
    Module: Linear
    Module: Linear
    Module: Linear
  Module: ModuleList
    Module: Dropout
dropout设置为训练模式
    Module: Dropout
dropout设置为训练模式
    Module: Dropout
dropout设置为训练模式
  Module: ReLU
test_loss: 0.1075
epoch 89
train_loss: 0.0820
Module: DropoutFullyConnectedNN
  Module: ModuleList
    Module: Linear
    Module: Linear
    Module: Linear
  Module: ModuleList
    Module: Dropout
dropout设置为训练模式
    Module: Dropout
dropout设置为训练模式
    Module: Dropout
dropout设置为训练模式
  Module: ReLU
test_loss: 0.1112
epoch 90
train_loss: 0.0817
Module: DropoutFullyConnectedNN
  Module: ModuleList
    Module: Linear
    Module: Linear
    Module: Linear
  Module: ModuleList
    Module: Dropout
dropout设置为训练模式
    Module: Dropout
dropout设置为训练模式
    Module: Dropout
dropout设置为训练模式
  Module: ReLU
test_loss: 0.1174
epoch 91
train_loss: 0.0806
Module: DropoutFullyConnectedNN
  Module: ModuleList
    Module: Linear
    Module: Linear
    Module: Linear
  Module: ModuleList
    Module: Dropout
dropout设置为训练模式
    Module: Dropout
dropout设置为训练模式
    Module: Dropout
dropout设置为训练模式
  Module: ReLU
test_loss: 0.1203
epoch 92
train_loss: 0.0806
Module: DropoutFullyConnectedNN
  Module: ModuleList
    Module: Linear
    Module: Linear
    Module: Linear
  Module: ModuleList
    Module: Dropout
dropout设置为训练模式
    Module: Dropout
dropout设置为训练模式
    Module: Dropout
dropout设置为训练模式
  Module: ReLU
test_loss: 0.1198
epoch 93
train_loss: 0.0883
Module: DropoutFullyConnectedNN
  Module: ModuleList
    Module: Linear
    Module: Linear
    Module: Linear
  Module: ModuleList
    Module: Dropout
dropout设置为训练模式
    Module: Dropout
dropout设置为训练模式
    Module: Dropout
dropout设置为训练模式
  Module: ReLU
test_loss: 0.1139
epoch 94
train_loss: 0.0832
Module: DropoutFullyConnectedNN
  Module: ModuleList
    Module: Linear
    Module: Linear
    Module: Linear
  Module: ModuleList
    Module: Dropout
dropout设置为训练模式
    Module: Dropout
dropout设置为训练模式
    Module: Dropout
dropout设置为训练模式
  Module: ReLU
test_loss: 0.1178
epoch 95
train_loss: 0.0783
Module: DropoutFullyConnectedNN
  Module: ModuleList
    Module: Linear
    Module: Linear
    Module: Linear
  Module: ModuleList
    Module: Dropout
dropout设置为训练模式
    Module: Dropout
dropout设置为训练模式
    Module: Dropout
dropout设置为训练模式
  Module: ReLU
test_loss: 0.1220
epoch 96
train_loss: 0.0792
Module: DropoutFullyConnectedNN
  Module: ModuleList
    Module: Linear
    Module: Linear
    Module: Linear
  Module: ModuleList
    Module: Dropout
dropout设置为训练模式
    Module: Dropout
dropout设置为训练模式
    Module: Dropout
dropout设置为训练模式
  Module: ReLU
test_loss: 0.1187
epoch 97
train_loss: 0.0818
Module: DropoutFullyConnectedNN
  Module: ModuleList
    Module: Linear
    Module: Linear
    Module: Linear
  Module: ModuleList
    Module: Dropout
dropout设置为训练模式
    Module: Dropout
dropout设置为训练模式
    Module: Dropout
dropout设置为训练模式
  Module: ReLU
test_loss: 0.1184
epoch 98
train_loss: 0.0810
Module: DropoutFullyConnectedNN
  Module: ModuleList
    Module: Linear
    Module: Linear
    Module: Linear
  Module: ModuleList
    Module: Dropout
dropout设置为训练模式
    Module: Dropout
dropout设置为训练模式
    Module: Dropout
dropout设置为训练模式
  Module: ReLU
test_loss: 0.1200
epoch 99
train_loss: 0.0755
Module: DropoutFullyConnectedNN
  Module: ModuleList
    Module: Linear
    Module: Linear
    Module: Linear
  Module: ModuleList
    Module: Dropout
dropout设置为训练模式
    Module: Dropout
dropout设置为训练模式
    Module: Dropout
dropout设置为训练模式
  Module: ReLU
test_loss: 0.1186
epoch 100
train_loss: 0.0784
Module: DropoutFullyConnectedNN
  Module: ModuleList
    Module: Linear
    Module: Linear
    Module: Linear
  Module: ModuleList
    Module: Dropout
dropout设置为训练模式
    Module: Dropout
dropout设置为训练模式
    Module: Dropout
dropout设置为训练模式
  Module: ReLU
test_loss: 0.1217
epoch 101
train_loss: 0.0786
Module: DropoutFullyConnectedNN
  Module: ModuleList
    Module: Linear
    Module: Linear
    Module: Linear
  Module: ModuleList
    Module: Dropout
dropout设置为训练模式
    Module: Dropout
dropout设置为训练模式
    Module: Dropout
dropout设置为训练模式
  Module: ReLU
test_loss: 0.1113
epoch 102
train_loss: 0.0749
Module: DropoutFullyConnectedNN
  Module: ModuleList
    Module: Linear
    Module: Linear
    Module: Linear
  Module: ModuleList
    Module: Dropout
dropout设置为训练模式
    Module: Dropout
dropout设置为训练模式
    Module: Dropout
dropout设置为训练模式
  Module: ReLU
test_loss: 0.1123
epoch 103
train_loss: 0.0803
Module: DropoutFullyConnectedNN
  Module: ModuleList
    Module: Linear
    Module: Linear
    Module: Linear
  Module: ModuleList
    Module: Dropout
dropout设置为训练模式
    Module: Dropout
dropout设置为训练模式
    Module: Dropout
dropout设置为训练模式
  Module: ReLU
test_loss: 0.1172
epoch 104
train_loss: 0.0798
Module: DropoutFullyConnectedNN
  Module: ModuleList
    Module: Linear
    Module: Linear
    Module: Linear
  Module: ModuleList
    Module: Dropout
dropout设置为训练模式
    Module: Dropout
dropout设置为训练模式
    Module: Dropout
dropout设置为训练模式
  Module: ReLU
test_loss: 0.1163
epoch 105
train_loss: 0.0772
Module: DropoutFullyConnectedNN
  Module: ModuleList
    Module: Linear
    Module: Linear
    Module: Linear
  Module: ModuleList
    Module: Dropout
dropout设置为训练模式
    Module: Dropout
dropout设置为训练模式
    Module: Dropout
dropout设置为训练模式
  Module: ReLU
test_loss: 0.1145
epoch 106
train_loss: 0.0763
Module: DropoutFullyConnectedNN
  Module: ModuleList
    Module: Linear
    Module: Linear
    Module: Linear
  Module: ModuleList
    Module: Dropout
dropout设置为训练模式
    Module: Dropout
dropout设置为训练模式
    Module: Dropout
dropout设置为训练模式
  Module: ReLU
test_loss: 0.1206
epoch 107
train_loss: 0.0748
Module: DropoutFullyConnectedNN
  Module: ModuleList
    Module: Linear
    Module: Linear
    Module: Linear
  Module: ModuleList
    Module: Dropout
dropout设置为训练模式
    Module: Dropout
dropout设置为训练模式
    Module: Dropout
dropout设置为训练模式
  Module: ReLU
test_loss: 0.1128
epoch 108
train_loss: 0.0786
Module: DropoutFullyConnectedNN
  Module: ModuleList
    Module: Linear
    Module: Linear
    Module: Linear
  Module: ModuleList
    Module: Dropout
dropout设置为训练模式
    Module: Dropout
dropout设置为训练模式
    Module: Dropout
dropout设置为训练模式
  Module: ReLU
test_loss: 0.1153
epoch 109
train_loss: 0.0932
Module: DropoutFullyConnectedNN
  Module: ModuleList
    Module: Linear
    Module: Linear
    Module: Linear
  Module: ModuleList
    Module: Dropout
dropout设置为训练模式
    Module: Dropout
dropout设置为训练模式
    Module: Dropout
dropout设置为训练模式
  Module: ReLU
test_loss: 0.1163
epoch 110
train_loss: 0.0770
Module: DropoutFullyConnectedNN
  Module: ModuleList
    Module: Linear
    Module: Linear
    Module: Linear
  Module: ModuleList
    Module: Dropout
dropout设置为训练模式
    Module: Dropout
dropout设置为训练模式
    Module: Dropout
dropout设置为训练模式
  Module: ReLU
test_loss: 0.1123
epoch 111
train_loss: 0.0795
Module: DropoutFullyConnectedNN
  Module: ModuleList
    Module: Linear
    Module: Linear
    Module: Linear
  Module: ModuleList
    Module: Dropout
dropout设置为训练模式
    Module: Dropout
dropout设置为训练模式
    Module: Dropout
dropout设置为训练模式
  Module: ReLU
test_loss: 0.1138
epoch 112
train_loss: 0.0741
Module: DropoutFullyConnectedNN
  Module: ModuleList
    Module: Linear
    Module: Linear
    Module: Linear
  Module: ModuleList
    Module: Dropout
dropout设置为训练模式
    Module: Dropout
dropout设置为训练模式
    Module: Dropout
dropout设置为训练模式
  Module: ReLU
test_loss: 0.1125
epoch 113
train_loss: 0.0840
Module: DropoutFullyConnectedNN
  Module: ModuleList
    Module: Linear
    Module: Linear
    Module: Linear
  Module: ModuleList
    Module: Dropout
dropout设置为训练模式
    Module: Dropout
dropout设置为训练模式
    Module: Dropout
dropout设置为训练模式
  Module: ReLU
test_loss: 0.1118
epoch 114
train_loss: 0.0748
Module: DropoutFullyConnectedNN
  Module: ModuleList
    Module: Linear
    Module: Linear
    Module: Linear
  Module: ModuleList
    Module: Dropout
dropout设置为训练模式
    Module: Dropout
dropout设置为训练模式
    Module: Dropout
dropout设置为训练模式
  Module: ReLU
test_loss: 0.1078
epoch 115
train_loss: 0.0772
Module: DropoutFullyConnectedNN
  Module: ModuleList
    Module: Linear
    Module: Linear
    Module: Linear
  Module: ModuleList
    Module: Dropout
dropout设置为训练模式
    Module: Dropout
dropout设置为训练模式
    Module: Dropout
dropout设置为训练模式
  Module: ReLU
test_loss: 0.1241
epoch 116
train_loss: 0.0787
Module: DropoutFullyConnectedNN
  Module: ModuleList
    Module: Linear
    Module: Linear
    Module: Linear
  Module: ModuleList
    Module: Dropout
dropout设置为训练模式
    Module: Dropout
dropout设置为训练模式
    Module: Dropout
dropout设置为训练模式
  Module: ReLU
test_loss: 0.1071
epoch 117
train_loss: 0.0760
Module: DropoutFullyConnectedNN
  Module: ModuleList
    Module: Linear
    Module: Linear
    Module: Linear
  Module: ModuleList
    Module: Dropout
dropout设置为训练模式
    Module: Dropout
dropout设置为训练模式
    Module: Dropout
dropout设置为训练模式
  Module: ReLU
test_loss: 0.1162
epoch 118
train_loss: 0.0755
Module: DropoutFullyConnectedNN
  Module: ModuleList
    Module: Linear
    Module: Linear
    Module: Linear
  Module: ModuleList
    Module: Dropout
dropout设置为训练模式
    Module: Dropout
dropout设置为训练模式
    Module: Dropout
dropout设置为训练模式
  Module: ReLU
test_loss: 0.1067
epoch 119
train_loss: 0.0801
Module: DropoutFullyConnectedNN
  Module: ModuleList
    Module: Linear
    Module: Linear
    Module: Linear
  Module: ModuleList
    Module: Dropout
dropout设置为训练模式
    Module: Dropout
dropout设置为训练模式
    Module: Dropout
dropout设置为训练模式
  Module: ReLU
test_loss: 0.1068
epoch 120
train_loss: 0.0747
Module: DropoutFullyConnectedNN
  Module: ModuleList
    Module: Linear
    Module: Linear
    Module: Linear
  Module: ModuleList
    Module: Dropout
dropout设置为训练模式
    Module: Dropout
dropout设置为训练模式
    Module: Dropout
dropout设置为训练模式
  Module: ReLU
test_loss: 0.1039
epoch 121
train_loss: 0.0735
Module: DropoutFullyConnectedNN
  Module: ModuleList
    Module: Linear
    Module: Linear
    Module: Linear
  Module: ModuleList
    Module: Dropout
dropout设置为训练模式
    Module: Dropout
dropout设置为训练模式
    Module: Dropout
dropout设置为训练模式
  Module: ReLU
test_loss: 0.1075
epoch 122
train_loss: 0.0772
Module: DropoutFullyConnectedNN
  Module: ModuleList
    Module: Linear
    Module: Linear
    Module: Linear
  Module: ModuleList
    Module: Dropout
dropout设置为训练模式
    Module: Dropout
dropout设置为训练模式
    Module: Dropout
dropout设置为训练模式
  Module: ReLU
test_loss: 0.1195
epoch 123
train_loss: 0.0753
Module: DropoutFullyConnectedNN
  Module: ModuleList
    Module: Linear
    Module: Linear
    Module: Linear
  Module: ModuleList
    Module: Dropout
dropout设置为训练模式
    Module: Dropout
dropout设置为训练模式
    Module: Dropout
dropout设置为训练模式
  Module: ReLU
test_loss: 0.1040
epoch 124
train_loss: 0.0776
Module: DropoutFullyConnectedNN
  Module: ModuleList
    Module: Linear
    Module: Linear
    Module: Linear
  Module: ModuleList
    Module: Dropout
dropout设置为训练模式
    Module: Dropout
dropout设置为训练模式
    Module: Dropout
dropout设置为训练模式
  Module: ReLU
test_loss: 0.1090
epoch 125
train_loss: 0.0794
Module: DropoutFullyConnectedNN
  Module: ModuleList
    Module: Linear
    Module: Linear
    Module: Linear
  Module: ModuleList
    Module: Dropout
dropout设置为训练模式
    Module: Dropout
dropout设置为训练模式
    Module: Dropout
dropout设置为训练模式
  Module: ReLU
test_loss: 0.1184
epoch 126
train_loss: 0.0814
Module: DropoutFullyConnectedNN
  Module: ModuleList
    Module: Linear
    Module: Linear
    Module: Linear
  Module: ModuleList
    Module: Dropout
dropout设置为训练模式
    Module: Dropout
dropout设置为训练模式
    Module: Dropout
dropout设置为训练模式
  Module: ReLU
test_loss: 0.1094
epoch 127
train_loss: 0.0800
Module: DropoutFullyConnectedNN
  Module: ModuleList
    Module: Linear
    Module: Linear
    Module: Linear
  Module: ModuleList
    Module: Dropout
dropout设置为训练模式
    Module: Dropout
dropout设置为训练模式
    Module: Dropout
dropout设置为训练模式
  Module: ReLU
test_loss: 0.1074
epoch 128
train_loss: 0.0731
Module: DropoutFullyConnectedNN
  Module: ModuleList
    Module: Linear
    Module: Linear
    Module: Linear
  Module: ModuleList
    Module: Dropout
dropout设置为训练模式
    Module: Dropout
dropout设置为训练模式
    Module: Dropout
dropout设置为训练模式
  Module: ReLU
test_loss: 0.1167
epoch 129
train_loss: 0.0821
Module: DropoutFullyConnectedNN
  Module: ModuleList
    Module: Linear
    Module: Linear
    Module: Linear
  Module: ModuleList
    Module: Dropout
dropout设置为训练模式
    Module: Dropout
dropout设置为训练模式
    Module: Dropout
dropout设置为训练模式
  Module: ReLU
test_loss: 0.1117
epoch 130
train_loss: 0.0712
Module: DropoutFullyConnectedNN
  Module: ModuleList
    Module: Linear
    Module: Linear
    Module: Linear
  Module: ModuleList
    Module: Dropout
dropout设置为训练模式
    Module: Dropout
dropout设置为训练模式
    Module: Dropout
dropout设置为训练模式
  Module: ReLU
test_loss: 0.1106
epoch 131
train_loss: 0.0771
Module: DropoutFullyConnectedNN
  Module: ModuleList
    Module: Linear
    Module: Linear
    Module: Linear
  Module: ModuleList
    Module: Dropout
dropout设置为训练模式
    Module: Dropout
dropout设置为训练模式
    Module: Dropout
dropout设置为训练模式
  Module: ReLU
test_loss: 0.1129
epoch 132
train_loss: 0.0734
Module: DropoutFullyConnectedNN
  Module: ModuleList
    Module: Linear
    Module: Linear
    Module: Linear
  Module: ModuleList
    Module: Dropout
dropout设置为训练模式
    Module: Dropout
dropout设置为训练模式
    Module: Dropout
dropout设置为训练模式
  Module: ReLU
test_loss: 0.1120
epoch 133
train_loss: 0.0737
Module: DropoutFullyConnectedNN
  Module: ModuleList
    Module: Linear
    Module: Linear
    Module: Linear
  Module: ModuleList
    Module: Dropout
dropout设置为训练模式
    Module: Dropout
dropout设置为训练模式
    Module: Dropout
dropout设置为训练模式
  Module: ReLU
test_loss: 0.1090
epoch 134
train_loss: 0.0737
Module: DropoutFullyConnectedNN
  Module: ModuleList
    Module: Linear
    Module: Linear
    Module: Linear
  Module: ModuleList
    Module: Dropout
dropout设置为训练模式
    Module: Dropout
dropout设置为训练模式
    Module: Dropout
dropout设置为训练模式
  Module: ReLU
test_loss: 0.1106
epoch 135
train_loss: 0.0744
Module: DropoutFullyConnectedNN
  Module: ModuleList
    Module: Linear
    Module: Linear
    Module: Linear
  Module: ModuleList
    Module: Dropout
dropout设置为训练模式
    Module: Dropout
dropout设置为训练模式
    Module: Dropout
dropout设置为训练模式
  Module: ReLU
test_loss: 0.1080
epoch 136
train_loss: 0.0759
Module: DropoutFullyConnectedNN
  Module: ModuleList
    Module: Linear
    Module: Linear
    Module: Linear
  Module: ModuleList
    Module: Dropout
dropout设置为训练模式
    Module: Dropout
dropout设置为训练模式
    Module: Dropout
dropout设置为训练模式
  Module: ReLU
test_loss: 0.1067
epoch 137
train_loss: 0.0765
Module: DropoutFullyConnectedNN
  Module: ModuleList
    Module: Linear
    Module: Linear
    Module: Linear
  Module: ModuleList
    Module: Dropout
dropout设置为训练模式
    Module: Dropout
dropout设置为训练模式
    Module: Dropout
dropout设置为训练模式
  Module: ReLU
test_loss: 0.1149
epoch 138
train_loss: 0.0756
Module: DropoutFullyConnectedNN
  Module: ModuleList
    Module: Linear
    Module: Linear
    Module: Linear
  Module: ModuleList
    Module: Dropout
dropout设置为训练模式
    Module: Dropout
dropout设置为训练模式
    Module: Dropout
dropout设置为训练模式
  Module: ReLU
test_loss: 0.1142
epoch 139
train_loss: 0.0741
Module: DropoutFullyConnectedNN
  Module: ModuleList
    Module: Linear
    Module: Linear
    Module: Linear
  Module: ModuleList
    Module: Dropout
dropout设置为训练模式
    Module: Dropout
dropout设置为训练模式
    Module: Dropout
dropout设置为训练模式
  Module: ReLU
test_loss: 0.1088
epoch 140
train_loss: 0.0756
Module: DropoutFullyConnectedNN
  Module: ModuleList
    Module: Linear
    Module: Linear
    Module: Linear
  Module: ModuleList
    Module: Dropout
dropout设置为训练模式
    Module: Dropout
dropout设置为训练模式
    Module: Dropout
dropout设置为训练模式
  Module: ReLU
test_loss: 0.1107
epoch 141
train_loss: 0.0699
Module: DropoutFullyConnectedNN
  Module: ModuleList
    Module: Linear
    Module: Linear
    Module: Linear
  Module: ModuleList
    Module: Dropout
dropout设置为训练模式
    Module: Dropout
dropout设置为训练模式
    Module: Dropout
dropout设置为训练模式
  Module: ReLU
test_loss: 0.1068
epoch 142
train_loss: 0.0794
Module: DropoutFullyConnectedNN
  Module: ModuleList
    Module: Linear
    Module: Linear
    Module: Linear
  Module: ModuleList
    Module: Dropout
dropout设置为训练模式
    Module: Dropout
dropout设置为训练模式
    Module: Dropout
dropout设置为训练模式
  Module: ReLU
test_loss: 0.1077
epoch 143
train_loss: 0.0681
Module: DropoutFullyConnectedNN
  Module: ModuleList
    Module: Linear
    Module: Linear
    Module: Linear
  Module: ModuleList
    Module: Dropout
dropout设置为训练模式
    Module: Dropout
dropout设置为训练模式
    Module: Dropout
dropout设置为训练模式
  Module: ReLU
test_loss: 0.1059
epoch 144
train_loss: 0.0713
Module: DropoutFullyConnectedNN
  Module: ModuleList
    Module: Linear
    Module: Linear
    Module: Linear
  Module: ModuleList
    Module: Dropout
dropout设置为训练模式
    Module: Dropout
dropout设置为训练模式
    Module: Dropout
dropout设置为训练模式
  Module: ReLU
test_loss: 0.1057
epoch 145
train_loss: 0.0721
Module: DropoutFullyConnectedNN
  Module: ModuleList
    Module: Linear
    Module: Linear
    Module: Linear
  Module: ModuleList
    Module: Dropout
dropout设置为训练模式
    Module: Dropout
dropout设置为训练模式
    Module: Dropout
dropout设置为训练模式
  Module: ReLU
test_loss: 0.1114
epoch 146
train_loss: 0.0691
Module: DropoutFullyConnectedNN
  Module: ModuleList
    Module: Linear
    Module: Linear
    Module: Linear
  Module: ModuleList
    Module: Dropout
dropout设置为训练模式
    Module: Dropout
dropout设置为训练模式
    Module: Dropout
dropout设置为训练模式
  Module: ReLU
test_loss: 0.1106
epoch 147
train_loss: 0.0715
Module: DropoutFullyConnectedNN
  Module: ModuleList
    Module: Linear
    Module: Linear
    Module: Linear
  Module: ModuleList
    Module: Dropout
dropout设置为训练模式
    Module: Dropout
dropout设置为训练模式
    Module: Dropout
dropout设置为训练模式
  Module: ReLU
test_loss: 0.1045
epoch 148
train_loss: 0.0718
Module: DropoutFullyConnectedNN
  Module: ModuleList
    Module: Linear
    Module: Linear
    Module: Linear
  Module: ModuleList
    Module: Dropout
dropout设置为训练模式
    Module: Dropout
dropout设置为训练模式
    Module: Dropout
dropout设置为训练模式
  Module: ReLU
test_loss: 0.1148
epoch 149
train_loss: 0.0709
Module: DropoutFullyConnectedNN
  Module: ModuleList
    Module: Linear
    Module: Linear
    Module: Linear
  Module: ModuleList
    Module: Dropout
dropout设置为训练模式
    Module: Dropout
dropout设置为训练模式
    Module: Dropout
dropout设置为训练模式
  Module: ReLU
test_loss: 0.1092
epoch 150
train_loss: 0.0667
Module: DropoutFullyConnectedNN
  Module: ModuleList
    Module: Linear
    Module: Linear
    Module: Linear
  Module: ModuleList
    Module: Dropout
dropout设置为训练模式
    Module: Dropout
dropout设置为训练模式
    Module: Dropout
dropout设置为训练模式
  Module: ReLU
test_loss: 0.1069
epoch 151
train_loss: 0.0670
Module: DropoutFullyConnectedNN
  Module: ModuleList
    Module: Linear
    Module: Linear
    Module: Linear
  Module: ModuleList
    Module: Dropout
dropout设置为训练模式
    Module: Dropout
dropout设置为训练模式
    Module: Dropout
dropout设置为训练模式
  Module: ReLU
test_loss: 0.1041
epoch 152
train_loss: 0.0677
Module: DropoutFullyConnectedNN
  Module: ModuleList
    Module: Linear
    Module: Linear
    Module: Linear
  Module: ModuleList
    Module: Dropout
dropout设置为训练模式
    Module: Dropout
dropout设置为训练模式
    Module: Dropout
dropout设置为训练模式
  Module: ReLU
test_loss: 0.1046
epoch 153
train_loss: 0.0711
Module: DropoutFullyConnectedNN
  Module: ModuleList
    Module: Linear
    Module: Linear
    Module: Linear
  Module: ModuleList
    Module: Dropout
dropout设置为训练模式
    Module: Dropout
dropout设置为训练模式
    Module: Dropout
dropout设置为训练模式
  Module: ReLU
test_loss: 0.1148
epoch 154
train_loss: 0.0661
Module: DropoutFullyConnectedNN
  Module: ModuleList
    Module: Linear
    Module: Linear
    Module: Linear
  Module: ModuleList
    Module: Dropout
dropout设置为训练模式
    Module: Dropout
dropout设置为训练模式
    Module: Dropout
dropout设置为训练模式
  Module: ReLU
test_loss: 0.1074
epoch 155
train_loss: 0.0683
Module: DropoutFullyConnectedNN
  Module: ModuleList
    Module: Linear
    Module: Linear
    Module: Linear
  Module: ModuleList
    Module: Dropout
dropout设置为训练模式
    Module: Dropout
dropout设置为训练模式
    Module: Dropout
dropout设置为训练模式
  Module: ReLU
test_loss: 0.1070
epoch 156
train_loss: 0.0656
Module: DropoutFullyConnectedNN
  Module: ModuleList
    Module: Linear
    Module: Linear
    Module: Linear
  Module: ModuleList
    Module: Dropout
dropout设置为训练模式
    Module: Dropout
dropout设置为训练模式
    Module: Dropout
dropout设置为训练模式
  Module: ReLU
test_loss: 0.1130
epoch 157
train_loss: 0.0723
Module: DropoutFullyConnectedNN
  Module: ModuleList
    Module: Linear
    Module: Linear
    Module: Linear
  Module: ModuleList
    Module: Dropout
dropout设置为训练模式
    Module: Dropout
dropout设置为训练模式
    Module: Dropout
dropout设置为训练模式
  Module: ReLU
test_loss: 0.1127
epoch 158
train_loss: 0.0720
Module: DropoutFullyConnectedNN
  Module: ModuleList
    Module: Linear
    Module: Linear
    Module: Linear
  Module: ModuleList
    Module: Dropout
dropout设置为训练模式
    Module: Dropout
dropout设置为训练模式
    Module: Dropout
dropout设置为训练模式
  Module: ReLU
test_loss: 0.1059
epoch 159
train_loss: 0.0670
Module: DropoutFullyConnectedNN
  Module: ModuleList
    Module: Linear
    Module: Linear
    Module: Linear
  Module: ModuleList
    Module: Dropout
dropout设置为训练模式
    Module: Dropout
dropout设置为训练模式
    Module: Dropout
dropout设置为训练模式
  Module: ReLU
test_loss: 0.1090
epoch 160
train_loss: 0.0679
Module: DropoutFullyConnectedNN
  Module: ModuleList
    Module: Linear
    Module: Linear
    Module: Linear
  Module: ModuleList
    Module: Dropout
dropout设置为训练模式
    Module: Dropout
dropout设置为训练模式
    Module: Dropout
dropout设置为训练模式
  Module: ReLU
test_loss: 0.1075
epoch 161
train_loss: 0.0713
Module: DropoutFullyConnectedNN
  Module: ModuleList
    Module: Linear
    Module: Linear
    Module: Linear
  Module: ModuleList
    Module: Dropout
dropout设置为训练模式
    Module: Dropout
dropout设置为训练模式
    Module: Dropout
dropout设置为训练模式
  Module: ReLU
test_loss: 0.1125
epoch 162
train_loss: 0.0662
Module: DropoutFullyConnectedNN
  Module: ModuleList
    Module: Linear
    Module: Linear
    Module: Linear
  Module: ModuleList
    Module: Dropout
dropout设置为训练模式
    Module: Dropout
dropout设置为训练模式
    Module: Dropout
dropout设置为训练模式
  Module: ReLU
test_loss: 0.1170
epoch 163
train_loss: 0.0725
Module: DropoutFullyConnectedNN
  Module: ModuleList
    Module: Linear
    Module: Linear
    Module: Linear
  Module: ModuleList
    Module: Dropout
dropout设置为训练模式
    Module: Dropout
dropout设置为训练模式
    Module: Dropout
dropout设置为训练模式
  Module: ReLU
test_loss: 0.1123
epoch 164
train_loss: 0.0698
Module: DropoutFullyConnectedNN
  Module: ModuleList
    Module: Linear
    Module: Linear
    Module: Linear
  Module: ModuleList
    Module: Dropout
dropout设置为训练模式
    Module: Dropout
dropout设置为训练模式
    Module: Dropout
dropout设置为训练模式
  Module: ReLU
test_loss: 0.1107
epoch 165
train_loss: 0.0732
Module: DropoutFullyConnectedNN
  Module: ModuleList
    Module: Linear
    Module: Linear
    Module: Linear
  Module: ModuleList
    Module: Dropout
dropout设置为训练模式
    Module: Dropout
dropout设置为训练模式
    Module: Dropout
dropout设置为训练模式
  Module: ReLU
test_loss: 0.1147
epoch 166
train_loss: 0.0698
Module: DropoutFullyConnectedNN
  Module: ModuleList
    Module: Linear
    Module: Linear
    Module: Linear
  Module: ModuleList
    Module: Dropout
dropout设置为训练模式
    Module: Dropout
dropout设置为训练模式
    Module: Dropout
dropout设置为训练模式
  Module: ReLU
test_loss: 0.1088
epoch 167
train_loss: 0.0651
Module: DropoutFullyConnectedNN
  Module: ModuleList
    Module: Linear
    Module: Linear
    Module: Linear
  Module: ModuleList
    Module: Dropout
dropout设置为训练模式
    Module: Dropout
dropout设置为训练模式
    Module: Dropout
dropout设置为训练模式
  Module: ReLU
test_loss: 0.1035
epoch 168
train_loss: 0.0708
Module: DropoutFullyConnectedNN
  Module: ModuleList
    Module: Linear
    Module: Linear
    Module: Linear
  Module: ModuleList
    Module: Dropout
dropout设置为训练模式
    Module: Dropout
dropout设置为训练模式
    Module: Dropout
dropout设置为训练模式
  Module: ReLU
test_loss: 0.1035
epoch 169
train_loss: 0.0689
Module: DropoutFullyConnectedNN
  Module: ModuleList
    Module: Linear
    Module: Linear
    Module: Linear
  Module: ModuleList
    Module: Dropout
dropout设置为训练模式
    Module: Dropout
dropout设置为训练模式
    Module: Dropout
dropout设置为训练模式
  Module: ReLU
test_loss: 0.0991
epoch 170
train_loss: 0.0694
Module: DropoutFullyConnectedNN
  Module: ModuleList
    Module: Linear
    Module: Linear
    Module: Linear
  Module: ModuleList
    Module: Dropout
dropout设置为训练模式
    Module: Dropout
dropout设置为训练模式
    Module: Dropout
dropout设置为训练模式
  Module: ReLU
test_loss: 0.1075
epoch 171
train_loss: 0.0695
Module: DropoutFullyConnectedNN
  Module: ModuleList
    Module: Linear
    Module: Linear
    Module: Linear
  Module: ModuleList
    Module: Dropout
dropout设置为训练模式
    Module: Dropout
dropout设置为训练模式
    Module: Dropout
dropout设置为训练模式
  Module: ReLU
test_loss: 0.1125
epoch 172
train_loss: 0.0668
Module: DropoutFullyConnectedNN
  Module: ModuleList
    Module: Linear
    Module: Linear
    Module: Linear
  Module: ModuleList
    Module: Dropout
dropout设置为训练模式
    Module: Dropout
dropout设置为训练模式
    Module: Dropout
dropout设置为训练模式
  Module: ReLU
test_loss: 0.1125
epoch 173
train_loss: 0.0731
Module: DropoutFullyConnectedNN
  Module: ModuleList
    Module: Linear
    Module: Linear
    Module: Linear
  Module: ModuleList
    Module: Dropout
dropout设置为训练模式
    Module: Dropout
dropout设置为训练模式
    Module: Dropout
dropout设置为训练模式
  Module: ReLU
test_loss: 0.1102
epoch 174
train_loss: 0.0679
Module: DropoutFullyConnectedNN
  Module: ModuleList
    Module: Linear
    Module: Linear
    Module: Linear
  Module: ModuleList
    Module: Dropout
dropout设置为训练模式
    Module: Dropout
dropout设置为训练模式
    Module: Dropout
dropout设置为训练模式
  Module: ReLU
test_loss: 0.1078
epoch 175
train_loss: 0.0698
Module: DropoutFullyConnectedNN
  Module: ModuleList
    Module: Linear
    Module: Linear
    Module: Linear
  Module: ModuleList
    Module: Dropout
dropout设置为训练模式
    Module: Dropout
dropout设置为训练模式
    Module: Dropout
dropout设置为训练模式
  Module: ReLU
test_loss: 0.1062
epoch 176
train_loss: 0.0666
Module: DropoutFullyConnectedNN
  Module: ModuleList
    Module: Linear
    Module: Linear
    Module: Linear
  Module: ModuleList
    Module: Dropout
dropout设置为训练模式
    Module: Dropout
dropout设置为训练模式
    Module: Dropout
dropout设置为训练模式
  Module: ReLU
test_loss: 0.1118
epoch 177
train_loss: 0.0674
Module: DropoutFullyConnectedNN
  Module: ModuleList
    Module: Linear
    Module: Linear
    Module: Linear
  Module: ModuleList
    Module: Dropout
dropout设置为训练模式
    Module: Dropout
dropout设置为训练模式
    Module: Dropout
dropout设置为训练模式
  Module: ReLU
test_loss: 0.1092
epoch 178
train_loss: 0.0708
Module: DropoutFullyConnectedNN
  Module: ModuleList
    Module: Linear
    Module: Linear
    Module: Linear
  Module: ModuleList
    Module: Dropout
dropout设置为训练模式
    Module: Dropout
dropout设置为训练模式
    Module: Dropout
dropout设置为训练模式
  Module: ReLU
test_loss: 0.1076
epoch 179
train_loss: 0.0671
Module: DropoutFullyConnectedNN
  Module: ModuleList
    Module: Linear
    Module: Linear
    Module: Linear
  Module: ModuleList
    Module: Dropout
dropout设置为训练模式
    Module: Dropout
dropout设置为训练模式
    Module: Dropout
dropout设置为训练模式
  Module: ReLU
test_loss: 0.1070
epoch 180
train_loss: 0.0718
Module: DropoutFullyConnectedNN
  Module: ModuleList
    Module: Linear
    Module: Linear
    Module: Linear
  Module: ModuleList
    Module: Dropout
dropout设置为训练模式
    Module: Dropout
dropout设置为训练模式
    Module: Dropout
dropout设置为训练模式
  Module: ReLU
test_loss: 0.1039
epoch 181
train_loss: 0.0681
Module: DropoutFullyConnectedNN
  Module: ModuleList
    Module: Linear
    Module: Linear
    Module: Linear
  Module: ModuleList
    Module: Dropout
dropout设置为训练模式
    Module: Dropout
dropout设置为训练模式
    Module: Dropout
dropout设置为训练模式
  Module: ReLU
test_loss: 0.1022
epoch 182
train_loss: 0.0735
Module: DropoutFullyConnectedNN
  Module: ModuleList
    Module: Linear
    Module: Linear
    Module: Linear
  Module: ModuleList
    Module: Dropout
dropout设置为训练模式
    Module: Dropout
dropout设置为训练模式
    Module: Dropout
dropout设置为训练模式
  Module: ReLU
test_loss: 0.1101
epoch 183
train_loss: 0.0712
Module: DropoutFullyConnectedNN
  Module: ModuleList
    Module: Linear
    Module: Linear
    Module: Linear
  Module: ModuleList
    Module: Dropout
dropout设置为训练模式
    Module: Dropout
dropout设置为训练模式
    Module: Dropout
dropout设置为训练模式
  Module: ReLU
test_loss: 0.1041
epoch 184
train_loss: 0.0719
Module: DropoutFullyConnectedNN
  Module: ModuleList
    Module: Linear
    Module: Linear
    Module: Linear
  Module: ModuleList
    Module: Dropout
dropout设置为训练模式
    Module: Dropout
dropout设置为训练模式
    Module: Dropout
dropout设置为训练模式
  Module: ReLU
test_loss: 0.1164
epoch 185
train_loss: 0.0739
Module: DropoutFullyConnectedNN
  Module: ModuleList
    Module: Linear
    Module: Linear
    Module: Linear
  Module: ModuleList
    Module: Dropout
dropout设置为训练模式
    Module: Dropout
dropout设置为训练模式
    Module: Dropout
dropout设置为训练模式
  Module: ReLU
test_loss: 0.1183
epoch 186
train_loss: 0.0723
Module: DropoutFullyConnectedNN
  Module: ModuleList
    Module: Linear
    Module: Linear
    Module: Linear
  Module: ModuleList
    Module: Dropout
dropout设置为训练模式
    Module: Dropout
dropout设置为训练模式
    Module: Dropout
dropout设置为训练模式
  Module: ReLU
test_loss: 0.1106
epoch 187
train_loss: 0.0690
Module: DropoutFullyConnectedNN
  Module: ModuleList
    Module: Linear
    Module: Linear
    Module: Linear
  Module: ModuleList
    Module: Dropout
dropout设置为训练模式
    Module: Dropout
dropout设置为训练模式
    Module: Dropout
dropout设置为训练模式
  Module: ReLU
test_loss: 0.1068
epoch 188
train_loss: 0.0688
Module: DropoutFullyConnectedNN
  Module: ModuleList
    Module: Linear
    Module: Linear
    Module: Linear
  Module: ModuleList
    Module: Dropout
dropout设置为训练模式
    Module: Dropout
dropout设置为训练模式
    Module: Dropout
dropout设置为训练模式
  Module: ReLU
test_loss: 0.1023
epoch 189
train_loss: 0.0699
Module: DropoutFullyConnectedNN
  Module: ModuleList
    Module: Linear
    Module: Linear
    Module: Linear
  Module: ModuleList
    Module: Dropout
dropout设置为训练模式
    Module: Dropout
dropout设置为训练模式
    Module: Dropout
dropout设置为训练模式
  Module: ReLU
test_loss: 0.1032
epoch 190
train_loss: 0.0622
Module: DropoutFullyConnectedNN
  Module: ModuleList
    Module: Linear
    Module: Linear
    Module: Linear
  Module: ModuleList
    Module: Dropout
dropout设置为训练模式
    Module: Dropout
dropout设置为训练模式
    Module: Dropout
dropout设置为训练模式
  Module: ReLU
test_loss: 0.1145
epoch 191
train_loss: 0.0598
Module: DropoutFullyConnectedNN
  Module: ModuleList
    Module: Linear
    Module: Linear
    Module: Linear
  Module: ModuleList
    Module: Dropout
dropout设置为训练模式
    Module: Dropout
dropout设置为训练模式
    Module: Dropout
dropout设置为训练模式
  Module: ReLU
test_loss: 0.1057
epoch 192
train_loss: 0.0639
Module: DropoutFullyConnectedNN
  Module: ModuleList
    Module: Linear
    Module: Linear
    Module: Linear
  Module: ModuleList
    Module: Dropout
dropout设置为训练模式
    Module: Dropout
dropout设置为训练模式
    Module: Dropout
dropout设置为训练模式
  Module: ReLU
test_loss: 0.1135
epoch 193
train_loss: 0.0694
Module: DropoutFullyConnectedNN
  Module: ModuleList
    Module: Linear
    Module: Linear
    Module: Linear
  Module: ModuleList
    Module: Dropout
dropout设置为训练模式
    Module: Dropout
dropout设置为训练模式
    Module: Dropout
dropout设置为训练模式
  Module: ReLU
test_loss: 0.1078
epoch 194
train_loss: 0.0661
Module: DropoutFullyConnectedNN
  Module: ModuleList
    Module: Linear
    Module: Linear
    Module: Linear
  Module: ModuleList
    Module: Dropout
dropout设置为训练模式
    Module: Dropout
dropout设置为训练模式
    Module: Dropout
dropout设置为训练模式
  Module: ReLU
test_loss: 0.1128
epoch 195
train_loss: 0.0718
Module: DropoutFullyConnectedNN
  Module: ModuleList
    Module: Linear
    Module: Linear
    Module: Linear
  Module: ModuleList
    Module: Dropout
dropout设置为训练模式
    Module: Dropout
dropout设置为训练模式
    Module: Dropout
dropout设置为训练模式
  Module: ReLU
test_loss: 0.1118
epoch 196
train_loss: 0.0635
Module: DropoutFullyConnectedNN
  Module: ModuleList
    Module: Linear
    Module: Linear
    Module: Linear
  Module: ModuleList
    Module: Dropout
dropout设置为训练模式
    Module: Dropout
dropout设置为训练模式
    Module: Dropout
dropout设置为训练模式
  Module: ReLU
test_loss: 0.1100
epoch 197
train_loss: 0.0671
Module: DropoutFullyConnectedNN
  Module: ModuleList
    Module: Linear
    Module: Linear
    Module: Linear
  Module: ModuleList
    Module: Dropout
dropout设置为训练模式
    Module: Dropout
dropout设置为训练模式
    Module: Dropout
dropout设置为训练模式
  Module: ReLU
test_loss: 0.1020
epoch 198
train_loss: 0.0716
Module: DropoutFullyConnectedNN
  Module: ModuleList
    Module: Linear
    Module: Linear
    Module: Linear
  Module: ModuleList
    Module: Dropout
dropout设置为训练模式
    Module: Dropout
dropout设置为训练模式
    Module: Dropout
dropout设置为训练模式
  Module: ReLU
test_loss: 0.1069
epoch 199
train_loss: 0.0686
Module: DropoutFullyConnectedNN
  Module: ModuleList
    Module: Linear
    Module: Linear
    Module: Linear
  Module: ModuleList
    Module: Dropout
dropout设置为训练模式
    Module: Dropout
dropout设置为训练模式
    Module: Dropout
dropout设置为训练模式
  Module: ReLU
test_loss: 0.1124
epoch 200
train_loss: 0.0656
Module: DropoutFullyConnectedNN
  Module: ModuleList
    Module: Linear
    Module: Linear
    Module: Linear
  Module: ModuleList
    Module: Dropout
dropout设置为训练模式
    Module: Dropout
dropout设置为训练模式
    Module: Dropout
dropout设置为训练模式
  Module: ReLU
test_loss: 0.1000
epoch 201
train_loss: 0.0634
Module: DropoutFullyConnectedNN
  Module: ModuleList
    Module: Linear
    Module: Linear
    Module: Linear
  Module: ModuleList
    Module: Dropout
dropout设置为训练模式
    Module: Dropout
dropout设置为训练模式
    Module: Dropout
dropout设置为训练模式
  Module: ReLU
test_loss: 0.1080
epoch 202
train_loss: 0.0685
Module: DropoutFullyConnectedNN
  Module: ModuleList
    Module: Linear
    Module: Linear
    Module: Linear
  Module: ModuleList
    Module: Dropout
dropout设置为训练模式
    Module: Dropout
dropout设置为训练模式
    Module: Dropout
dropout设置为训练模式
  Module: ReLU
test_loss: 0.1064
epoch 203
train_loss: 0.0613
Module: DropoutFullyConnectedNN
  Module: ModuleList
    Module: Linear
    Module: Linear
    Module: Linear
  Module: ModuleList
    Module: Dropout
dropout设置为训练模式
    Module: Dropout
dropout设置为训练模式
    Module: Dropout
dropout设置为训练模式
  Module: ReLU
test_loss: 0.1032
epoch 204
train_loss: 0.0631
Module: DropoutFullyConnectedNN
  Module: ModuleList
    Module: Linear
    Module: Linear
    Module: Linear
  Module: ModuleList
    Module: Dropout
dropout设置为训练模式
    Module: Dropout
dropout设置为训练模式
    Module: Dropout
dropout设置为训练模式
  Module: ReLU
test_loss: 0.1137
epoch 205
train_loss: 0.0658
Module: DropoutFullyConnectedNN
  Module: ModuleList
    Module: Linear
    Module: Linear
    Module: Linear
  Module: ModuleList
    Module: Dropout
dropout设置为训练模式
    Module: Dropout
dropout设置为训练模式
    Module: Dropout
dropout设置为训练模式
  Module: ReLU
test_loss: 0.1145
epoch 206
train_loss: 0.0668
Module: DropoutFullyConnectedNN
  Module: ModuleList
    Module: Linear
    Module: Linear
    Module: Linear
  Module: ModuleList
    Module: Dropout
dropout设置为训练模式
    Module: Dropout
dropout设置为训练模式
    Module: Dropout
dropout设置为训练模式
  Module: ReLU
test_loss: 0.1111
epoch 207
train_loss: 0.0640
Module: DropoutFullyConnectedNN
  Module: ModuleList
    Module: Linear
    Module: Linear
    Module: Linear
  Module: ModuleList
    Module: Dropout
dropout设置为训练模式
    Module: Dropout
dropout设置为训练模式
    Module: Dropout
dropout设置为训练模式
  Module: ReLU
test_loss: 0.1083
epoch 208
train_loss: 0.0623
Module: DropoutFullyConnectedNN
  Module: ModuleList
    Module: Linear
    Module: Linear
    Module: Linear
  Module: ModuleList
    Module: Dropout
dropout设置为训练模式
    Module: Dropout
dropout设置为训练模式
    Module: Dropout
dropout设置为训练模式
  Module: ReLU
test_loss: 0.1114
epoch 209
train_loss: 0.0593
Module: DropoutFullyConnectedNN
  Module: ModuleList
    Module: Linear
    Module: Linear
    Module: Linear
  Module: ModuleList
    Module: Dropout
dropout设置为训练模式
    Module: Dropout
dropout设置为训练模式
    Module: Dropout
dropout设置为训练模式
  Module: ReLU
test_loss: 0.1089
epoch 210
train_loss: 0.0691
Module: DropoutFullyConnectedNN
  Module: ModuleList
    Module: Linear
    Module: Linear
    Module: Linear
  Module: ModuleList
    Module: Dropout
dropout设置为训练模式
    Module: Dropout
dropout设置为训练模式
    Module: Dropout
dropout设置为训练模式
  Module: ReLU
test_loss: 0.1077
epoch 211
train_loss: 0.0642
Module: DropoutFullyConnectedNN
  Module: ModuleList
    Module: Linear
    Module: Linear
    Module: Linear
  Module: ModuleList
    Module: Dropout
dropout设置为训练模式
    Module: Dropout
dropout设置为训练模式
    Module: Dropout
dropout设置为训练模式
  Module: ReLU
test_loss: 0.1074
epoch 212
train_loss: 0.0581
Module: DropoutFullyConnectedNN
  Module: ModuleList
    Module: Linear
    Module: Linear
    Module: Linear
  Module: ModuleList
    Module: Dropout
dropout设置为训练模式
    Module: Dropout
dropout设置为训练模式
    Module: Dropout
dropout设置为训练模式
  Module: ReLU
test_loss: 0.1066
epoch 213
train_loss: 0.0655
Module: DropoutFullyConnectedNN
  Module: ModuleList
    Module: Linear
    Module: Linear
    Module: Linear
  Module: ModuleList
    Module: Dropout
dropout设置为训练模式
    Module: Dropout
dropout设置为训练模式
    Module: Dropout
dropout设置为训练模式
  Module: ReLU
test_loss: 0.1142
epoch 214
train_loss: 0.0724
Module: DropoutFullyConnectedNN
  Module: ModuleList
    Module: Linear
    Module: Linear
    Module: Linear
  Module: ModuleList
    Module: Dropout
dropout设置为训练模式
    Module: Dropout
dropout设置为训练模式
    Module: Dropout
dropout设置为训练模式
  Module: ReLU
test_loss: 0.1064
epoch 215
train_loss: 0.0650
Module: DropoutFullyConnectedNN
  Module: ModuleList
    Module: Linear
    Module: Linear
    Module: Linear
  Module: ModuleList
    Module: Dropout
dropout设置为训练模式
    Module: Dropout
dropout设置为训练模式
    Module: Dropout
dropout设置为训练模式
  Module: ReLU
test_loss: 0.1103
epoch 216
train_loss: 0.0683
Module: DropoutFullyConnectedNN
  Module: ModuleList
    Module: Linear
    Module: Linear
    Module: Linear
  Module: ModuleList
    Module: Dropout
dropout设置为训练模式
    Module: Dropout
dropout设置为训练模式
    Module: Dropout
dropout设置为训练模式
  Module: ReLU
test_loss: 0.1016
epoch 217
train_loss: 0.0714
Module: DropoutFullyConnectedNN
  Module: ModuleList
    Module: Linear
    Module: Linear
    Module: Linear
  Module: ModuleList
    Module: Dropout
dropout设置为训练模式
    Module: Dropout
dropout设置为训练模式
    Module: Dropout
dropout设置为训练模式
  Module: ReLU
test_loss: 0.1061
epoch 218
train_loss: 0.0679
Module: DropoutFullyConnectedNN
  Module: ModuleList
    Module: Linear
    Module: Linear
    Module: Linear
  Module: ModuleList
    Module: Dropout
dropout设置为训练模式
    Module: Dropout
dropout设置为训练模式
    Module: Dropout
dropout设置为训练模式
  Module: ReLU
test_loss: 0.1083
epoch 219
train_loss: 0.0625
Module: DropoutFullyConnectedNN
  Module: ModuleList
    Module: Linear
    Module: Linear
    Module: Linear
  Module: ModuleList
    Module: Dropout
dropout设置为训练模式
    Module: Dropout
dropout设置为训练模式
    Module: Dropout
dropout设置为训练模式
  Module: ReLU
test_loss: 0.1073
epoch 220
train_loss: 0.0653
Module: DropoutFullyConnectedNN
  Module: ModuleList
    Module: Linear
    Module: Linear
    Module: Linear
  Module: ModuleList
    Module: Dropout
dropout设置为训练模式
    Module: Dropout
dropout设置为训练模式
    Module: Dropout
dropout设置为训练模式
  Module: ReLU
test_loss: 0.1168
epoch 221
train_loss: 0.0587
Module: DropoutFullyConnectedNN
  Module: ModuleList
    Module: Linear
    Module: Linear
    Module: Linear
  Module: ModuleList
    Module: Dropout
dropout设置为训练模式
    Module: Dropout
dropout设置为训练模式
    Module: Dropout
dropout设置为训练模式
  Module: ReLU
test_loss: 0.1064
epoch 222
train_loss: 0.0633
Module: DropoutFullyConnectedNN
  Module: ModuleList
    Module: Linear
    Module: Linear
    Module: Linear
  Module: ModuleList
    Module: Dropout
dropout设置为训练模式
    Module: Dropout
dropout设置为训练模式
    Module: Dropout
dropout设置为训练模式
  Module: ReLU
test_loss: 0.1115
epoch 223
train_loss: 0.0641
Module: DropoutFullyConnectedNN
  Module: ModuleList
    Module: Linear
    Module: Linear
    Module: Linear
  Module: ModuleList
    Module: Dropout
dropout设置为训练模式
    Module: Dropout
dropout设置为训练模式
    Module: Dropout
dropout设置为训练模式
  Module: ReLU
test_loss: 0.1099
epoch 224
train_loss: 0.0670
Module: DropoutFullyConnectedNN
  Module: ModuleList
    Module: Linear
    Module: Linear
    Module: Linear
  Module: ModuleList
    Module: Dropout
dropout设置为训练模式
    Module: Dropout
dropout设置为训练模式
    Module: Dropout
dropout设置为训练模式
  Module: ReLU
test_loss: 0.1113
epoch 225
train_loss: 0.0682
Module: DropoutFullyConnectedNN
  Module: ModuleList
    Module: Linear
    Module: Linear
    Module: Linear
  Module: ModuleList
    Module: Dropout
dropout设置为训练模式
    Module: Dropout
dropout设置为训练模式
    Module: Dropout
dropout设置为训练模式
  Module: ReLU
test_loss: 0.1071
epoch 226
train_loss: 0.0657
Module: DropoutFullyConnectedNN
  Module: ModuleList
    Module: Linear
    Module: Linear
    Module: Linear
  Module: ModuleList
    Module: Dropout
dropout设置为训练模式
    Module: Dropout
dropout设置为训练模式
    Module: Dropout
dropout设置为训练模式
  Module: ReLU
test_loss: 0.1054
epoch 227
train_loss: 0.0582
Module: DropoutFullyConnectedNN
  Module: ModuleList
    Module: Linear
    Module: Linear
    Module: Linear
  Module: ModuleList
    Module: Dropout
dropout设置为训练模式
    Module: Dropout
dropout设置为训练模式
    Module: Dropout
dropout设置为训练模式
  Module: ReLU
test_loss: 0.1076
epoch 228
train_loss: 0.0652
Module: DropoutFullyConnectedNN
  Module: ModuleList
    Module: Linear
    Module: Linear
    Module: Linear
  Module: ModuleList
    Module: Dropout
dropout设置为训练模式
    Module: Dropout
dropout设置为训练模式
    Module: Dropout
dropout设置为训练模式
  Module: ReLU
test_loss: 0.1142
epoch 229
train_loss: 0.0648
Module: DropoutFullyConnectedNN
  Module: ModuleList
    Module: Linear
    Module: Linear
    Module: Linear
  Module: ModuleList
    Module: Dropout
dropout设置为训练模式
    Module: Dropout
dropout设置为训练模式
    Module: Dropout
dropout设置为训练模式
  Module: ReLU
test_loss: 0.1209
/home/xueqiong/noise_injection_uncertainty/regression/utils.py:39: FutureWarning: The 'delim_whitespace' keyword in pd.read_csv is deprecated and will be removed in a future version. Use ``sep='\s+'`` instead
  return pd.read_csv(dataset_path, engine='python', header=None, delim_whitespace=True)
8 1
824 206 1030
model_name fixnoiseFCN
using Adam as optimizer
epoch 0
train_loss: 0.7622
test_loss: 0.6239
epoch 1
train_loss: 0.4764
test_loss: 0.4451
epoch 2
train_loss: 0.3690
test_loss: 0.3737
epoch 3
train_loss: 0.3152
test_loss: 0.3396
epoch 4
train_loss: 0.2830
test_loss: 0.3171
epoch 5
train_loss: 0.2541
test_loss: 0.2915
epoch 6
train_loss: 0.2359
test_loss: 0.2736
epoch 7
train_loss: 0.2178
test_loss: 0.2547
epoch 8
train_loss: 0.2051
test_loss: 0.2405
epoch 9
train_loss: 0.1931
test_loss: 0.2257
epoch 10
train_loss: 0.1763
test_loss: 0.2128
epoch 11
train_loss: 0.1725
test_loss: 0.2016
epoch 12
train_loss: 0.1660
test_loss: 0.1940
epoch 13
train_loss: 0.1628
test_loss: 0.1893
epoch 14
train_loss: 0.1532
test_loss: 0.1818
epoch 15
train_loss: 0.1447
test_loss: 0.1749
epoch 16
train_loss: 0.1368
test_loss: 0.1752
epoch 17
train_loss: 0.1445
test_loss: 0.1666
epoch 18
train_loss: 0.1380
test_loss: 0.1627
epoch 19
train_loss: 0.1320
test_loss: 0.1621
epoch 20
train_loss: 0.1315
test_loss: 0.1624
epoch 21
train_loss: 0.1298
test_loss: 0.1554
epoch 22
train_loss: 0.1248
test_loss: 0.1518
epoch 23
train_loss: 0.1237
test_loss: 0.1462
epoch 24
train_loss: 0.1211
test_loss: 0.1513
epoch 25
train_loss: 0.1132
test_loss: 0.1433
epoch 26
train_loss: 0.1132
test_loss: 0.1499
epoch 27
train_loss: 0.1132
test_loss: 0.1460
epoch 28
train_loss: 0.1120
test_loss: 0.1385
epoch 29
train_loss: 0.1074
test_loss: 0.1400
epoch 30
train_loss: 0.1029
test_loss: 0.1372
epoch 31
train_loss: 0.1071
test_loss: 0.1387
epoch 32
train_loss: 0.1049
test_loss: 0.1361
epoch 33
train_loss: 0.1031
test_loss: 0.1382
epoch 34
train_loss: 0.1046
test_loss: 0.1356
epoch 35
train_loss: 0.1037
test_loss: 0.1371
epoch 36
train_loss: 0.0975
test_loss: 0.1338
epoch 37
train_loss: 0.0934
test_loss: 0.1331
epoch 38
train_loss: 0.0918
test_loss: 0.1340
epoch 39
train_loss: 0.0915
test_loss: 0.1314
epoch 40
train_loss: 0.1014
test_loss: 0.1323
epoch 41
train_loss: 0.0937
test_loss: 0.1269
epoch 42
train_loss: 0.0954
test_loss: 0.1326
epoch 43
train_loss: 0.0908
test_loss: 0.1329
epoch 44
train_loss: 0.0904
test_loss: 0.1313
epoch 45
train_loss: 0.0853
test_loss: 0.1289
epoch 46
train_loss: 0.0907
test_loss: 0.1271
epoch 47
train_loss: 0.0842
test_loss: 0.1283
epoch 48
train_loss: 0.0877
test_loss: 0.1292
epoch 49
train_loss: 0.0867
test_loss: 0.1401
epoch 50
train_loss: 0.0824
test_loss: 0.1293
epoch 51
train_loss: 0.0800
test_loss: 0.1338
epoch 52
train_loss: 0.0806
test_loss: 0.1290
epoch 53
train_loss: 0.0850
test_loss: 0.1243
epoch 54
train_loss: 0.0882
test_loss: 0.1276
epoch 55
train_loss: 0.0816
test_loss: 0.1259
epoch 56
train_loss: 0.0804
test_loss: 0.1265
epoch 57
train_loss: 0.0799
test_loss: 0.1285
epoch 58
train_loss: 0.0767
test_loss: 0.1281
epoch 59
train_loss: 0.0788
test_loss: 0.1340
epoch 60
train_loss: 0.0780
test_loss: 0.1277
epoch 61
train_loss: 0.0792
test_loss: 0.1275
epoch 62
train_loss: 0.0757
test_loss: 0.1295
epoch 63
train_loss: 0.0765
test_loss: 0.1346
epoch 64
train_loss: 0.0838
test_loss: 0.1300
epoch 65
train_loss: 0.0807
test_loss: 0.1263
epoch 66
train_loss: 0.0772
test_loss: 0.1338
epoch 67
train_loss: 0.0783
test_loss: 0.1336
epoch 68
train_loss: 0.0761
test_loss: 0.1282
epoch 69
train_loss: 0.0859
test_loss: 0.1270
epoch 70
train_loss: 0.0695
test_loss: 0.1249
epoch 71
train_loss: 0.0703
test_loss: 0.1267
epoch 72
train_loss: 0.0773
test_loss: 0.1290
epoch 73
train_loss: 0.0687
test_loss: 0.1238
epoch 74
train_loss: 0.0750
test_loss: 0.1223
epoch 75
train_loss: 0.0790
test_loss: 0.1312
epoch 76
train_loss: 0.0700
test_loss: 0.1283
epoch 77
train_loss: 0.0727
test_loss: 0.1240
epoch 78
train_loss: 0.0750
test_loss: 0.1275
epoch 79
train_loss: 0.0733
test_loss: 0.1323
epoch 80
train_loss: 0.0759
test_loss: 0.1316
epoch 81
train_loss: 0.0687
test_loss: 0.1290
epoch 82
train_loss: 0.0700
test_loss: 0.1245
epoch 83
train_loss: 0.0762
test_loss: 0.1258
epoch 84
train_loss: 0.0713
test_loss: 0.1303
epoch 85
train_loss: 0.0752
test_loss: 0.1309
epoch 86
train_loss: 0.0740
test_loss: 0.1268
epoch 87
train_loss: 0.0705
test_loss: 0.1235
epoch 88
train_loss: 0.0760
test_loss: 0.1300
epoch 89
train_loss: 0.0703
test_loss: 0.1274
epoch 90
train_loss: 0.0761
test_loss: 0.1318
epoch 91
train_loss: 0.0705
test_loss: 0.1295
epoch 92
train_loss: 0.0694
test_loss: 0.1296
epoch 93
train_loss: 0.0651
test_loss: 0.1219
epoch 94
train_loss: 0.0746
test_loss: 0.1270
epoch 95
train_loss: 0.0685
test_loss: 0.1296
epoch 96
train_loss: 0.0655
test_loss: 0.1257
epoch 97
train_loss: 0.0692
test_loss: 0.1230
epoch 98
train_loss: 0.0678
test_loss: 0.1194
epoch 99
train_loss: 0.0742
test_loss: 0.1244
epoch 100
train_loss: 0.0706
test_loss: 0.1254
epoch 101
train_loss: 0.0629
test_loss: 0.1271
epoch 102
train_loss: 0.0653
test_loss: 0.1283
epoch 103
train_loss: 0.0707
test_loss: 0.1309
epoch 104
train_loss: 0.0700
test_loss: 0.1390
epoch 105
train_loss: 0.0653
test_loss: 0.1319
epoch 106
train_loss: 0.0708
test_loss: 0.1282
epoch 107
train_loss: 0.0693
test_loss: 0.1260
epoch 108
train_loss: 0.0686
test_loss: 0.1204
epoch 109
train_loss: 0.0681
test_loss: 0.1191
epoch 110
train_loss: 0.0625
test_loss: 0.1314
epoch 111
train_loss: 0.0654
test_loss: 0.1219
epoch 112
train_loss: 0.0693
test_loss: 0.1140
epoch 113
train_loss: 0.0642
test_loss: 0.1383
epoch 114
train_loss: 0.0664
test_loss: 0.1256
epoch 115
train_loss: 0.0672
test_loss: 0.1228
epoch 116
train_loss: 0.0663
test_loss: 0.1304
epoch 117
train_loss: 0.0708
test_loss: 0.1271
epoch 118
train_loss: 0.0680
test_loss: 0.1316
epoch 119
train_loss: 0.0627
test_loss: 0.1227
epoch 120
train_loss: 0.0638
test_loss: 0.1238
epoch 121
train_loss: 0.0629
test_loss: 0.1291
epoch 122
train_loss: 0.0691
test_loss: 0.1320
epoch 123
train_loss: 0.0666
test_loss: 0.1230
epoch 124
train_loss: 0.0691
test_loss: 0.1237
epoch 125
train_loss: 0.0638
test_loss: 0.1230
epoch 126
train_loss: 0.0708
test_loss: 0.1258
epoch 127
train_loss: 0.0624
test_loss: 0.1213
epoch 128
train_loss: 0.0683
test_loss: 0.1226
epoch 129
train_loss: 0.0689
test_loss: 0.1208
epoch 130
train_loss: 0.0630
test_loss: 0.1293
epoch 131
train_loss: 0.0662
test_loss: 0.1201
epoch 132
train_loss: 0.0624
test_loss: 0.1193
epoch 133
train_loss: 0.0615
test_loss: 0.1298
epoch 134
train_loss: 0.0616
test_loss: 0.1206
epoch 135
train_loss: 0.0622
test_loss: 0.1169
epoch 136
train_loss: 0.0650
test_loss: 0.1226
epoch 137
train_loss: 0.0648
test_loss: 0.1229
epoch 138
train_loss: 0.0664
test_loss: 0.1219
epoch 139
train_loss: 0.0651
test_loss: 0.1221
epoch 140
train_loss: 0.0651
test_loss: 0.1126
epoch 141
train_loss: 0.0594
test_loss: 0.1237
epoch 142
train_loss: 0.0622
test_loss: 0.1192
epoch 143
train_loss: 0.0627
test_loss: 0.1176
epoch 144
train_loss: 0.0619
test_loss: 0.1209
epoch 145
train_loss: 0.0617
test_loss: 0.1192
epoch 146
train_loss: 0.0618
test_loss: 0.1160
epoch 147
train_loss: 0.0603
test_loss: 0.1241
epoch 148
train_loss: 0.0617
test_loss: 0.1187
epoch 149
train_loss: 0.0611
test_loss: 0.1196
epoch 150
train_loss: 0.0581
test_loss: 0.1178
epoch 151
train_loss: 0.0586
test_loss: 0.1247
epoch 152
train_loss: 0.0651
test_loss: 0.1128
epoch 153
train_loss: 0.0588
test_loss: 0.1255
epoch 154
train_loss: 0.0643
test_loss: 0.1196
epoch 155
train_loss: 0.0605
test_loss: 0.1195
epoch 156
train_loss: 0.0626
test_loss: 0.1187
epoch 157
train_loss: 0.0636
test_loss: 0.1226
epoch 158
train_loss: 0.0662
test_loss: 0.1203
epoch 159
train_loss: 0.0554
test_loss: 0.1177
/home/xueqiong/noise_injection_uncertainty/regression/utils.py:39: FutureWarning: The 'delim_whitespace' keyword in pd.read_csv is deprecated and will be removed in a future version. Use ``sep='\s+'`` instead
  return pd.read_csv(dataset_path, engine='python', header=None, delim_whitespace=True)
8 1
824 206 1030
model_name noisyFCN
using Adam as optimizer
epoch 0
train_loss: 0.9912
test_loss: 0.9746
epoch 1
train_loss: 0.9469
test_loss: 0.9345
epoch 2
train_loss: 0.9061
test_loss: 0.8967
epoch 3
train_loss: 0.8675
test_loss: 0.8603
epoch 4
train_loss: 0.8295
test_loss: 0.8245
epoch 5
train_loss: 0.7927
test_loss: 0.7886
epoch 6
train_loss: 0.7567
test_loss: 0.7532
epoch 7
train_loss: 0.7218
test_loss: 0.7187
epoch 8
train_loss: 0.6878
test_loss: 0.6856
epoch 9
train_loss: 0.6558
test_loss: 0.6542
epoch 10
train_loss: 0.6252
test_loss: 0.6246
epoch 11
train_loss: 0.5970
test_loss: 0.5975
epoch 12
train_loss: 0.5712
test_loss: 0.5731
epoch 13
train_loss: 0.5482
test_loss: 0.5513
epoch 14
train_loss: 0.5278
test_loss: 0.5320
epoch 15
train_loss: 0.5099
test_loss: 0.5151
epoch 16
train_loss: 0.4942
test_loss: 0.5004
epoch 17
train_loss: 0.4806
test_loss: 0.4877
epoch 18
train_loss: 0.4687
test_loss: 0.4767
epoch 19
train_loss: 0.4581
test_loss: 0.4670
epoch 20
train_loss: 0.4486
test_loss: 0.4585
epoch 21
train_loss: 0.4401
test_loss: 0.4508
epoch 22
train_loss: 0.4322
test_loss: 0.4439
epoch 23
train_loss: 0.4249
test_loss: 0.4375
epoch 24
train_loss: 0.4183
test_loss: 0.4315
epoch 25
train_loss: 0.4115
test_loss: 0.4259
epoch 26
train_loss: 0.4053
test_loss: 0.4207
epoch 27
train_loss: 0.3991
test_loss: 0.4156
epoch 28
train_loss: 0.3931
test_loss: 0.4107
epoch 29
train_loss: 0.3873
test_loss: 0.4058
epoch 30
train_loss: 0.3821
test_loss: 0.4011
epoch 31
train_loss: 0.3768
test_loss: 0.3965
epoch 32
train_loss: 0.3714
test_loss: 0.3921
epoch 33
train_loss: 0.3663
test_loss: 0.3877
epoch 34
train_loss: 0.3610
test_loss: 0.3833
epoch 35
train_loss: 0.3559
test_loss: 0.3790
epoch 36
train_loss: 0.3509
test_loss: 0.3747
epoch 37
train_loss: 0.3461
test_loss: 0.3705
epoch 38
train_loss: 0.3412
test_loss: 0.3663
epoch 39
train_loss: 0.3365
test_loss: 0.3621
epoch 40
train_loss: 0.3314
test_loss: 0.3580
epoch 41
train_loss: 0.3267
test_loss: 0.3537
epoch 42
train_loss: 0.3216
test_loss: 0.3494
epoch 43
train_loss: 0.3169
test_loss: 0.3449
epoch 44
train_loss: 0.3119
test_loss: 0.3403
epoch 45
train_loss: 0.3066
test_loss: 0.3358
epoch 46
train_loss: 0.3014
test_loss: 0.3311
epoch 47
train_loss: 0.2962
test_loss: 0.3264
epoch 48
train_loss: 0.2909
test_loss: 0.3220
epoch 49
train_loss: 0.2855
test_loss: 0.3178
epoch 50
train_loss: 0.2805
test_loss: 0.3136
epoch 51
train_loss: 0.2759
test_loss: 0.3094
epoch 52
train_loss: 0.2713
test_loss: 0.3054
epoch 53
train_loss: 0.2669
test_loss: 0.3014
epoch 54
train_loss: 0.2628
test_loss: 0.2976
epoch 55
train_loss: 0.2584
test_loss: 0.2938
epoch 56
train_loss: 0.2545
test_loss: 0.2901
epoch 57
train_loss: 0.2504
test_loss: 0.2864
epoch 58
train_loss: 0.2465
test_loss: 0.2829
epoch 59
train_loss: 0.2428
test_loss: 0.2795
epoch 60
train_loss: 0.2392
test_loss: 0.2763
epoch 61
train_loss: 0.2357
test_loss: 0.2732
epoch 62
train_loss: 0.2323
test_loss: 0.2701
epoch 63
train_loss: 0.2290
test_loss: 0.2672
epoch 64
train_loss: 0.2258
test_loss: 0.2643
epoch 65
train_loss: 0.2227
test_loss: 0.2616
epoch 66
train_loss: 0.2198
test_loss: 0.2590
epoch 67
train_loss: 0.2169
test_loss: 0.2564
epoch 68
train_loss: 0.2142
test_loss: 0.2540
epoch 69
train_loss: 0.2115
test_loss: 0.2516
epoch 70
train_loss: 0.2089
test_loss: 0.2493
epoch 71
train_loss: 0.2065
test_loss: 0.2470
epoch 72
train_loss: 0.2042
test_loss: 0.2449
epoch 73
train_loss: 0.2020
test_loss: 0.2428
epoch 74
train_loss: 0.1998
test_loss: 0.2408
epoch 75
train_loss: 0.1976
test_loss: 0.2389
epoch 76
train_loss: 0.1955
test_loss: 0.2370
epoch 77
train_loss: 0.1935
test_loss: 0.2351
epoch 78
train_loss: 0.1915
test_loss: 0.2334
epoch 79
train_loss: 0.1897
test_loss: 0.2316
epoch 80
train_loss: 0.1878
test_loss: 0.2299
epoch 81
train_loss: 0.1860
test_loss: 0.2282
epoch 82
train_loss: 0.1843
test_loss: 0.2266
epoch 83
train_loss: 0.1826
test_loss: 0.2251
epoch 84
train_loss: 0.1810
test_loss: 0.2236
epoch 85
train_loss: 0.1794
test_loss: 0.2221
epoch 86
train_loss: 0.1779
test_loss: 0.2207
epoch 87
train_loss: 0.1764
test_loss: 0.2193
epoch 88
train_loss: 0.1750
test_loss: 0.2179
epoch 89
train_loss: 0.1736
test_loss: 0.2166
epoch 90
train_loss: 0.1723
test_loss: 0.2153
epoch 91
train_loss: 0.1709
test_loss: 0.2140
epoch 92
train_loss: 0.1696
test_loss: 0.2127
epoch 93
train_loss: 0.1683
test_loss: 0.2116
epoch 94
train_loss: 0.1672
test_loss: 0.2104
epoch 95
train_loss: 0.1658
test_loss: 0.2092
epoch 96
train_loss: 0.1647
test_loss: 0.2081
epoch 97
train_loss: 0.1636
test_loss: 0.2071
epoch 98
train_loss: 0.1625
test_loss: 0.2060
epoch 99
train_loss: 0.1613
test_loss: 0.2050
epoch 100
train_loss: 0.1602
test_loss: 0.2040
epoch 101
train_loss: 0.1592
test_loss: 0.2032
epoch 102
train_loss: 0.1582
test_loss: 0.2022
epoch 103
train_loss: 0.1572
test_loss: 0.2013
epoch 104
train_loss: 0.1562
test_loss: 0.2004
epoch 105
train_loss: 0.1552
test_loss: 0.1996
epoch 106
train_loss: 0.1542
test_loss: 0.1988
epoch 107
train_loss: 0.1531
test_loss: 0.1980
epoch 108
train_loss: 0.1523
test_loss: 0.1971
epoch 109
train_loss: 0.1513
test_loss: 0.1964
epoch 110
train_loss: 0.1504
test_loss: 0.1956
epoch 111
train_loss: 0.1495
test_loss: 0.1948
epoch 112
train_loss: 0.1486
test_loss: 0.1940
epoch 113
train_loss: 0.1479
test_loss: 0.1933
epoch 114
train_loss: 0.1470
test_loss: 0.1926
epoch 115
train_loss: 0.1461
test_loss: 0.1919
epoch 116
train_loss: 0.1453
test_loss: 0.1913
epoch 117
train_loss: 0.1444
test_loss: 0.1907
epoch 118
train_loss: 0.1437
test_loss: 0.1900
epoch 119
train_loss: 0.1429
test_loss: 0.1894
epoch 120
train_loss: 0.1421
test_loss: 0.1888
epoch 121
train_loss: 0.1413
test_loss: 0.1882
epoch 122
train_loss: 0.1406
test_loss: 0.1876
epoch 123
train_loss: 0.1398
test_loss: 0.1870
epoch 124
train_loss: 0.1390
test_loss: 0.1864
epoch 125
train_loss: 0.1383
test_loss: 0.1858
epoch 126
train_loss: 0.1375
test_loss: 0.1853
epoch 127
train_loss: 0.1367
test_loss: 0.1847
epoch 128
train_loss: 0.1359
test_loss: 0.1841
epoch 129
train_loss: 0.1353
test_loss: 0.1836
epoch 130
train_loss: 0.1347
test_loss: 0.1830
epoch 131
train_loss: 0.1340
test_loss: 0.1824
epoch 132
train_loss: 0.1332
test_loss: 0.1819
epoch 133
train_loss: 0.1325
test_loss: 0.1813
epoch 134
train_loss: 0.1320
test_loss: 0.1808
epoch 135
train_loss: 0.1312
test_loss: 0.1802
epoch 136
train_loss: 0.1305
test_loss: 0.1797
epoch 137
train_loss: 0.1299
test_loss: 0.1791
epoch 138
train_loss: 0.1293
test_loss: 0.1787
epoch 139
train_loss: 0.1287
test_loss: 0.1782
epoch 140
train_loss: 0.1281
test_loss: 0.1776
epoch 141
train_loss: 0.1276
test_loss: 0.1771
epoch 142
train_loss: 0.1270
test_loss: 0.1766
epoch 143
train_loss: 0.1264
test_loss: 0.1762
epoch 144
train_loss: 0.1258
test_loss: 0.1757
epoch 145
train_loss: 0.1253
test_loss: 0.1752
epoch 146
train_loss: 0.1247
test_loss: 0.1747
epoch 147
train_loss: 0.1241
test_loss: 0.1742
epoch 148
train_loss: 0.1236
test_loss: 0.1737
epoch 149
train_loss: 0.1231
test_loss: 0.1733
epoch 150
train_loss: 0.1226
test_loss: 0.1728
epoch 151
train_loss: 0.1221
test_loss: 0.1724
epoch 152
train_loss: 0.1215
test_loss: 0.1719
epoch 153
train_loss: 0.1210
test_loss: 0.1715
epoch 154
train_loss: 0.1205
test_loss: 0.1711
epoch 155
train_loss: 0.1200
test_loss: 0.1707
epoch 156
train_loss: 0.1195
test_loss: 0.1703
epoch 157
train_loss: 0.1190
test_loss: 0.1699
epoch 158
train_loss: 0.1185
test_loss: 0.1695
epoch 159
train_loss: 0.1180
test_loss: 0.1691
epoch 160
train_loss: 0.1175
test_loss: 0.1687
epoch 161
train_loss: 0.1170
test_loss: 0.1684
epoch 162
train_loss: 0.1165
test_loss: 0.1681
epoch 163
train_loss: 0.1161
test_loss: 0.1677
epoch 164
train_loss: 0.1156
test_loss: 0.1674
epoch 165
train_loss: 0.1151
test_loss: 0.1670
epoch 166
train_loss: 0.1148
test_loss: 0.1667
epoch 167
train_loss: 0.1143
test_loss: 0.1664
epoch 168
train_loss: 0.1138
test_loss: 0.1661
epoch 169
train_loss: 0.1134
test_loss: 0.1658
epoch 170
train_loss: 0.1130
test_loss: 0.1654
epoch 171
train_loss: 0.1126
test_loss: 0.1651
epoch 172
train_loss: 0.1121
test_loss: 0.1648
epoch 173
train_loss: 0.1118
test_loss: 0.1644
epoch 174
train_loss: 0.1113
test_loss: 0.1641
epoch 175
train_loss: 0.1109
test_loss: 0.1638
epoch 176
train_loss: 0.1105
test_loss: 0.1634
epoch 177
train_loss: 0.1101
test_loss: 0.1631
epoch 178
train_loss: 0.1097
test_loss: 0.1628
epoch 179
train_loss: 0.1093
test_loss: 0.1625
epoch 180
train_loss: 0.1088
test_loss: 0.1622
epoch 181
train_loss: 0.1085
test_loss: 0.1619
epoch 182
train_loss: 0.1081
test_loss: 0.1616
epoch 183
train_loss: 0.1076
test_loss: 0.1613
epoch 184
train_loss: 0.1073
test_loss: 0.1610
epoch 185
train_loss: 0.1069
test_loss: 0.1607
epoch 186
train_loss: 0.1065
test_loss: 0.1604
epoch 187
train_loss: 0.1061
test_loss: 0.1602
epoch 188
train_loss: 0.1058
test_loss: 0.1599
epoch 189
train_loss: 0.1054
test_loss: 0.1595
epoch 190
train_loss: 0.1050
test_loss: 0.1593
epoch 191
train_loss: 0.1047
test_loss: 0.1590
epoch 192
train_loss: 0.1043
test_loss: 0.1587
epoch 193
train_loss: 0.1040
test_loss: 0.1585
epoch 194
train_loss: 0.1036
test_loss: 0.1582
epoch 195
train_loss: 0.1033
test_loss: 0.1579
epoch 196
train_loss: 0.1029
test_loss: 0.1576
epoch 197
train_loss: 0.1026
test_loss: 0.1574
epoch 198
train_loss: 0.1023
test_loss: 0.1572
epoch 199
train_loss: 0.1019
test_loss: 0.1570
epoch 200
train_loss: 0.1015
test_loss: 0.1567
epoch 201
train_loss: 0.1012
test_loss: 0.1565
epoch 202
train_loss: 0.1009
test_loss: 0.1563
epoch 203
train_loss: 0.1005
test_loss: 0.1561
epoch 204
train_loss: 0.1002
test_loss: 0.1558
epoch 205
train_loss: 0.0999
test_loss: 0.1556
epoch 206
train_loss: 0.0996
test_loss: 0.1555
epoch 207
train_loss: 0.0993
test_loss: 0.1552
epoch 208
train_loss: 0.0989
test_loss: 0.1551
epoch 209
train_loss: 0.0986
test_loss: 0.1548
epoch 210
train_loss: 0.0983
test_loss: 0.1547
epoch 211
train_loss: 0.0980
test_loss: 0.1545
epoch 212
train_loss: 0.0976
test_loss: 0.1543
epoch 213
train_loss: 0.0973
test_loss: 0.1541
epoch 214
train_loss: 0.0970
test_loss: 0.1539
epoch 215
train_loss: 0.0967
test_loss: 0.1538
epoch 216
train_loss: 0.0964
test_loss: 0.1536
epoch 217
train_loss: 0.0961
test_loss: 0.1535
epoch 218
train_loss: 0.0958
test_loss: 0.1533
epoch 219
train_loss: 0.0955
test_loss: 0.1531
epoch 220
train_loss: 0.0953
test_loss: 0.1530
epoch 221
train_loss: 0.0949
test_loss: 0.1528
epoch 222
train_loss: 0.0947
test_loss: 0.1527
epoch 223
train_loss: 0.0943
test_loss: 0.1525
epoch 224
train_loss: 0.0941
test_loss: 0.1523
epoch 225
train_loss: 0.0938
test_loss: 0.1522
epoch 226
train_loss: 0.0935
test_loss: 0.1521
epoch 227
train_loss: 0.0932
test_loss: 0.1519
epoch 228
train_loss: 0.0929
test_loss: 0.1518
epoch 229
train_loss: 0.0927
test_loss: 0.1517
epoch 230
train_loss: 0.0924
test_loss: 0.1515
epoch 231
train_loss: 0.0922
test_loss: 0.1514
epoch 232
train_loss: 0.0919
test_loss: 0.1512
epoch 233
train_loss: 0.0916
test_loss: 0.1511
epoch 234
train_loss: 0.0913
test_loss: 0.1510
epoch 235
train_loss: 0.0911
test_loss: 0.1508
epoch 236
train_loss: 0.0909
test_loss: 0.1506
epoch 237
train_loss: 0.0905
test_loss: 0.1506
epoch 238
train_loss: 0.0904
test_loss: 0.1504
epoch 239
train_loss: 0.0902
test_loss: 0.1502
epoch 240
train_loss: 0.0899
test_loss: 0.1501
epoch 241
train_loss: 0.0896
test_loss: 0.1499
epoch 242
train_loss: 0.0894
test_loss: 0.1499
epoch 243
train_loss: 0.0891
test_loss: 0.1497
epoch 244
train_loss: 0.0889
test_loss: 0.1496
epoch 245
train_loss: 0.0886
test_loss: 0.1495
epoch 246
train_loss: 0.0884
test_loss: 0.1494
epoch 247
train_loss: 0.0881
test_loss: 0.1492
epoch 248
train_loss: 0.0879
test_loss: 0.1491
epoch 249
train_loss: 0.0877
test_loss: 0.1490
epoch 250
train_loss: 0.0874
test_loss: 0.1489
epoch 251
train_loss: 0.0872
test_loss: 0.1488
epoch 252
train_loss: 0.0870
test_loss: 0.1486
epoch 253
train_loss: 0.0867
test_loss: 0.1486
epoch 254
train_loss: 0.0865
test_loss: 0.1485
epoch 255
train_loss: 0.0863
test_loss: 0.1484
epoch 256
train_loss: 0.0861
test_loss: 0.1483
epoch 257
train_loss: 0.0859
test_loss: 0.1483
epoch 258
train_loss: 0.0857
test_loss: 0.1481
epoch 259
train_loss: 0.0854
test_loss: 0.1481
epoch 260
train_loss: 0.0852
test_loss: 0.1479
epoch 261
train_loss: 0.0850
test_loss: 0.1479
epoch 262
train_loss: 0.0849
test_loss: 0.1478
epoch 263
train_loss: 0.0846
test_loss: 0.1477
epoch 264
train_loss: 0.0844
test_loss: 0.1476
epoch 265
train_loss: 0.0842
test_loss: 0.1475
epoch 266
train_loss: 0.0839
test_loss: 0.1475
epoch 267
train_loss: 0.0837
test_loss: 0.1473
epoch 268
train_loss: 0.0835
test_loss: 0.1473
epoch 269
train_loss: 0.0833
test_loss: 0.1472
epoch 270
train_loss: 0.0831
test_loss: 0.1471
epoch 271
train_loss: 0.0829
test_loss: 0.1471
epoch 272
train_loss: 0.0827
test_loss: 0.1470
epoch 273
train_loss: 0.0826
test_loss: 0.1469
epoch 274
train_loss: 0.0823
test_loss: 0.1468
epoch 275
train_loss: 0.0822
test_loss: 0.1468
epoch 276
train_loss: 0.0820
test_loss: 0.1466
epoch 277
train_loss: 0.0818
test_loss: 0.1466
epoch 278
train_loss: 0.0815
test_loss: 0.1465
epoch 279
train_loss: 0.0814
test_loss: 0.1464
epoch 280
train_loss: 0.0811
test_loss: 0.1464
epoch 281
train_loss: 0.0810
test_loss: 0.1462
epoch 282
train_loss: 0.0808
test_loss: 0.1461
epoch 283
train_loss: 0.0806
test_loss: 0.1461
epoch 284
train_loss: 0.0805
test_loss: 0.1460
epoch 285
train_loss: 0.0803
test_loss: 0.1460
epoch 286
train_loss: 0.0800
test_loss: 0.1458
epoch 287
train_loss: 0.0799
test_loss: 0.1458
epoch 288
train_loss: 0.0797
test_loss: 0.1457
epoch 289
train_loss: 0.0795
test_loss: 0.1456
epoch 290
train_loss: 0.0793
test_loss: 0.1456
epoch 291
train_loss: 0.0791
test_loss: 0.1455
epoch 292
train_loss: 0.0789
test_loss: 0.1454
epoch 293
train_loss: 0.0788
test_loss: 0.1454
epoch 294
train_loss: 0.0786
test_loss: 0.1453
epoch 295
train_loss: 0.0784
test_loss: 0.1453
epoch 296
train_loss: 0.0782
test_loss: 0.1451
epoch 297
train_loss: 0.0780
test_loss: 0.1452
epoch 298
train_loss: 0.0779
test_loss: 0.1451
epoch 299
train_loss: 0.0777
test_loss: 0.1450
epoch 300
train_loss: 0.0775
test_loss: 0.1449
epoch 301
train_loss: 0.0774
test_loss: 0.1449
epoch 302
train_loss: 0.0772
test_loss: 0.1448
epoch 303
train_loss: 0.0770
test_loss: 0.1447
epoch 304
train_loss: 0.0769
test_loss: 0.1446
epoch 305
train_loss: 0.0767
test_loss: 0.1446
epoch 306
train_loss: 0.0765
test_loss: 0.1445
epoch 307
train_loss: 0.0763
test_loss: 0.1445
epoch 308
train_loss: 0.0762
test_loss: 0.1444
epoch 309
train_loss: 0.0760
test_loss: 0.1443
epoch 310
train_loss: 0.0758
test_loss: 0.1443
epoch 311
train_loss: 0.0757
test_loss: 0.1442
epoch 312
train_loss: 0.0755
test_loss: 0.1441
epoch 313
train_loss: 0.0754
test_loss: 0.1441
epoch 314
train_loss: 0.0752
test_loss: 0.1440
epoch 315
train_loss: 0.0750
test_loss: 0.1439
epoch 316
train_loss: 0.0749
test_loss: 0.1439
epoch 317
train_loss: 0.0747
test_loss: 0.1439
epoch 318
train_loss: 0.0745
test_loss: 0.1439
epoch 319
train_loss: 0.0744
test_loss: 0.1438
epoch 320
train_loss: 0.0743
test_loss: 0.1438
epoch 321
train_loss: 0.0740
test_loss: 0.1436
epoch 322
train_loss: 0.0740
test_loss: 0.1436
epoch 323
train_loss: 0.0737
test_loss: 0.1436
epoch 324
train_loss: 0.0736
test_loss: 0.1435
epoch 325
train_loss: 0.0734
test_loss: 0.1435
epoch 326
train_loss: 0.0733
test_loss: 0.1435
epoch 327
train_loss: 0.0731
test_loss: 0.1434
epoch 328
train_loss: 0.0730
test_loss: 0.1432
epoch 329
train_loss: 0.0729
test_loss: 0.1433
epoch 330
train_loss: 0.0727
test_loss: 0.1432
epoch 331
train_loss: 0.0725
test_loss: 0.1431
epoch 332
train_loss: 0.0724
test_loss: 0.1431
epoch 333
train_loss: 0.0723
test_loss: 0.1431
epoch 334
train_loss: 0.0721
test_loss: 0.1429
epoch 335
train_loss: 0.0720
test_loss: 0.1429
epoch 336
train_loss: 0.0718
test_loss: 0.1429
epoch 337
train_loss: 0.0716
test_loss: 0.1428
epoch 338
train_loss: 0.0715
test_loss: 0.1427
epoch 339
train_loss: 0.0714
test_loss: 0.1428
epoch 340
train_loss: 0.0712
test_loss: 0.1426
epoch 341
train_loss: 0.0710
test_loss: 0.1426
epoch 342
train_loss: 0.0710
test_loss: 0.1426
epoch 343
train_loss: 0.0708
test_loss: 0.1424
epoch 344
train_loss: 0.0706
test_loss: 0.1425
epoch 345
train_loss: 0.0706
test_loss: 0.1423
epoch 346
train_loss: 0.0704
test_loss: 0.1423
epoch 347
train_loss: 0.0703
test_loss: 0.1422
epoch 348
train_loss: 0.0702
test_loss: 0.1421
epoch 349
train_loss: 0.0700
test_loss: 0.1421
epoch 350
train_loss: 0.0699
test_loss: 0.1421
epoch 351
train_loss: 0.0697
test_loss: 0.1419
epoch 352
train_loss: 0.0697
test_loss: 0.1420
epoch 353
train_loss: 0.0695
test_loss: 0.1419
epoch 354
train_loss: 0.0694
test_loss: 0.1419
epoch 355
train_loss: 0.0693
test_loss: 0.1418
epoch 356
train_loss: 0.0691
test_loss: 0.1418
epoch 357
train_loss: 0.0690
test_loss: 0.1417
epoch 358
train_loss: 0.0688
test_loss: 0.1417
epoch 359
train_loss: 0.0688
test_loss: 0.1416
epoch 360
train_loss: 0.0686
test_loss: 0.1417
epoch 361
train_loss: 0.0684
test_loss: 0.1416
epoch 362
train_loss: 0.0683
test_loss: 0.1415
epoch 363
train_loss: 0.0682
test_loss: 0.1416
epoch 364
train_loss: 0.0681
test_loss: 0.1415
epoch 365
train_loss: 0.0680
test_loss: 0.1415
epoch 366
train_loss: 0.0679
test_loss: 0.1415
epoch 367
train_loss: 0.0677
test_loss: 0.1415
epoch 368
train_loss: 0.0676
test_loss: 0.1414
epoch 369
train_loss: 0.0675
test_loss: 0.1414
epoch 370
train_loss: 0.0674
test_loss: 0.1414
epoch 371
train_loss: 0.0672
test_loss: 0.1413
epoch 372
train_loss: 0.0671
test_loss: 0.1414
epoch 373
train_loss: 0.0670
test_loss: 0.1413
epoch 374
train_loss: 0.0669
test_loss: 0.1412
epoch 375
train_loss: 0.0668
test_loss: 0.1412
epoch 376
train_loss: 0.0667
test_loss: 0.1412
epoch 377
train_loss: 0.0665
test_loss: 0.1412
epoch 378
train_loss: 0.0665
test_loss: 0.1411
epoch 379
train_loss: 0.0664
test_loss: 0.1412
epoch 380
train_loss: 0.0662
test_loss: 0.1411
epoch 381
train_loss: 0.0661
test_loss: 0.1410
epoch 382
train_loss: 0.0660
test_loss: 0.1411
epoch 383
train_loss: 0.0659
test_loss: 0.1410
epoch 384
train_loss: 0.0658
test_loss: 0.1410
epoch 385
train_loss: 0.0657
test_loss: 0.1409
epoch 386
train_loss: 0.0656
test_loss: 0.1409
epoch 387
train_loss: 0.0655
test_loss: 0.1409
epoch 388
train_loss: 0.0654
test_loss: 0.1408
epoch 389
train_loss: 0.0652
test_loss: 0.1408
epoch 390
train_loss: 0.0651
test_loss: 0.1407
epoch 391
train_loss: 0.0650
test_loss: 0.1407
epoch 392
train_loss: 0.0649
test_loss: 0.1407
epoch 393
train_loss: 0.0648
test_loss: 0.1406
epoch 394
train_loss: 0.0647
test_loss: 0.1406
epoch 395
train_loss: 0.0646
test_loss: 0.1405
epoch 396
train_loss: 0.0645
test_loss: 0.1405
epoch 397
train_loss: 0.0644
test_loss: 0.1405
epoch 398
train_loss: 0.0643
test_loss: 0.1404
epoch 399
train_loss: 0.0642
test_loss: 0.1404
epoch 400
train_loss: 0.0641
test_loss: 0.1404
epoch 401
train_loss: 0.0640
test_loss: 0.1403
epoch 402
train_loss: 0.0639
test_loss: 0.1403
epoch 403
train_loss: 0.0638
test_loss: 0.1402
epoch 404
train_loss: 0.0637
test_loss: 0.1402
epoch 405
train_loss: 0.0635
test_loss: 0.1403
epoch 406
train_loss: 0.0635
test_loss: 0.1401
epoch 407
train_loss: 0.0634
test_loss: 0.1401
epoch 408
train_loss: 0.0633
test_loss: 0.1401
epoch 409
train_loss: 0.0632
test_loss: 0.1401
epoch 410
train_loss: 0.0631
test_loss: 0.1401
epoch 411
train_loss: 0.0630
test_loss: 0.1400
epoch 412
train_loss: 0.0629
test_loss: 0.1399
epoch 413
train_loss: 0.0628
test_loss: 0.1399
epoch 414
train_loss: 0.0627
test_loss: 0.1399
epoch 415
train_loss: 0.0626
test_loss: 0.1398
epoch 416
train_loss: 0.0625
test_loss: 0.1398
epoch 417
train_loss: 0.0624
test_loss: 0.1398
epoch 418
train_loss: 0.0623
test_loss: 0.1397
epoch 419
train_loss: 0.0623
test_loss: 0.1397
epoch 420
train_loss: 0.0621
test_loss: 0.1396
epoch 421
train_loss: 0.0620
test_loss: 0.1396
epoch 422
train_loss: 0.0620
test_loss: 0.1395
epoch 423
train_loss: 0.0619
test_loss: 0.1394
epoch 424
train_loss: 0.0618
test_loss: 0.1394
epoch 425
train_loss: 0.0617
test_loss: 0.1394
epoch 426
train_loss: 0.0616
test_loss: 0.1393
epoch 427
train_loss: 0.0615
test_loss: 0.1393
epoch 428
train_loss: 0.0614
test_loss: 0.1392
epoch 429
train_loss: 0.0613
test_loss: 0.1392
epoch 430
train_loss: 0.0612
test_loss: 0.1392
epoch 431
train_loss: 0.0612
test_loss: 0.1391
epoch 432
train_loss: 0.0611
test_loss: 0.1391
epoch 433
train_loss: 0.0609
test_loss: 0.1390
epoch 434
train_loss: 0.0609
test_loss: 0.1390
epoch 435
train_loss: 0.0608
test_loss: 0.1390
epoch 436
train_loss: 0.0607
test_loss: 0.1389
epoch 437
train_loss: 0.0606
test_loss: 0.1388
epoch 438
train_loss: 0.0605
test_loss: 0.1388
epoch 439
train_loss: 0.0604
test_loss: 0.1388
epoch 440
train_loss: 0.0604
test_loss: 0.1387
epoch 441
train_loss: 0.0603
test_loss: 0.1386
epoch 442
train_loss: 0.0602
test_loss: 0.1386
epoch 443
train_loss: 0.0601
test_loss: 0.1386
epoch 444
train_loss: 0.0600
test_loss: 0.1385
epoch 445
train_loss: 0.0600
test_loss: 0.1385
epoch 446
train_loss: 0.0599
test_loss: 0.1385
epoch 447
train_loss: 0.0598
test_loss: 0.1384
epoch 448
train_loss: 0.0597
test_loss: 0.1385
epoch 449
train_loss: 0.0596
test_loss: 0.1383
epoch 450
train_loss: 0.0595
test_loss: 0.1383
epoch 451
train_loss: 0.0595
test_loss: 0.1383
epoch 452
train_loss: 0.0594
test_loss: 0.1384
epoch 453
train_loss: 0.0593
test_loss: 0.1382
epoch 454
train_loss: 0.0592
test_loss: 0.1383
epoch 455
train_loss: 0.0591
test_loss: 0.1382
epoch 456
train_loss: 0.0591
test_loss: 0.1382
epoch 457
train_loss: 0.0590
test_loss: 0.1382
epoch 458
train_loss: 0.0589
test_loss: 0.1382
epoch 459
train_loss: 0.0588
test_loss: 0.1381
epoch 460
train_loss: 0.0588
test_loss: 0.1381
epoch 461
train_loss: 0.0586
test_loss: 0.1380
epoch 462
train_loss: 0.0586
test_loss: 0.1380
epoch 463
train_loss: 0.0585
test_loss: 0.1380
epoch 464
train_loss: 0.0585
test_loss: 0.1379
epoch 465
train_loss: 0.0583
test_loss: 0.1379
epoch 466
train_loss: 0.0583
test_loss: 0.1379
epoch 467
train_loss: 0.0582
test_loss: 0.1379
epoch 468
train_loss: 0.0581
test_loss: 0.1378
epoch 469
train_loss: 0.0581
test_loss: 0.1379
epoch 470
train_loss: 0.0580
test_loss: 0.1377
epoch 471
train_loss: 0.0579
test_loss: 0.1377
epoch 472
train_loss: 0.0578
test_loss: 0.1377
epoch 473
train_loss: 0.0577
test_loss: 0.1377
epoch 474
train_loss: 0.0577
test_loss: 0.1376
epoch 475
train_loss: 0.0577
test_loss: 0.1377
epoch 476
train_loss: 0.0575
test_loss: 0.1376
epoch 477
train_loss: 0.0574
test_loss: 0.1375
epoch 478
train_loss: 0.0574
test_loss: 0.1375
epoch 479
train_loss: 0.0573
test_loss: 0.1375
epoch 480
train_loss: 0.0572
test_loss: 0.1375
epoch 481
train_loss: 0.0571
test_loss: 0.1375
epoch 482
train_loss: 0.0571
test_loss: 0.1374
epoch 483
train_loss: 0.0570
test_loss: 0.1374
epoch 484
train_loss: 0.0569
test_loss: 0.1372
epoch 485
train_loss: 0.0569
test_loss: 0.1372
epoch 486
train_loss: 0.0568
test_loss: 0.1371
epoch 487
train_loss: 0.0568
test_loss: 0.1371
epoch 488
train_loss: 0.0567
test_loss: 0.1371
epoch 489
train_loss: 0.0567
test_loss: 0.1371
epoch 490
train_loss: 0.0565
test_loss: 0.1370
epoch 491
train_loss: 0.0565
test_loss: 0.1370
epoch 492
train_loss: 0.0564
test_loss: 0.1369
epoch 493
train_loss: 0.0563
test_loss: 0.1370
epoch 494
train_loss: 0.0563
test_loss: 0.1369
epoch 495
train_loss: 0.0561
test_loss: 0.1368
epoch 496
train_loss: 0.0561
test_loss: 0.1367
epoch 497
train_loss: 0.0560
test_loss: 0.1368
epoch 498
train_loss: 0.0561
test_loss: 0.1367
epoch 499
train_loss: 0.0560
test_loss: 0.1368
epoch 500
train_loss: 0.0559
test_loss: 0.1367
epoch 501
train_loss: 0.0557
test_loss: 0.1367
epoch 502
train_loss: 0.0558
test_loss: 0.1365
epoch 503
train_loss: 0.0557
test_loss: 0.1365
epoch 504
train_loss: 0.0556
test_loss: 0.1365
epoch 505
train_loss: 0.0555
test_loss: 0.1364
epoch 506
train_loss: 0.0555
test_loss: 0.1365
epoch 507
train_loss: 0.0554
test_loss: 0.1364
epoch 508
train_loss: 0.0553
test_loss: 0.1364
epoch 509
train_loss: 0.0552
test_loss: 0.1364
epoch 510
train_loss: 0.0552
test_loss: 0.1362
epoch 511
train_loss: 0.0551
test_loss: 0.1363
epoch 512
train_loss: 0.0551
test_loss: 0.1362
epoch 513
train_loss: 0.0550
test_loss: 0.1362
epoch 514
train_loss: 0.0549
test_loss: 0.1362
epoch 515
train_loss: 0.0548
test_loss: 0.1361
epoch 516
train_loss: 0.0548
test_loss: 0.1360
epoch 517
train_loss: 0.0547
test_loss: 0.1360
epoch 518
train_loss: 0.0546
test_loss: 0.1359
epoch 519
train_loss: 0.0546
test_loss: 0.1358
epoch 520
train_loss: 0.0545
test_loss: 0.1358
epoch 521
train_loss: 0.0545
test_loss: 0.1358
epoch 522
train_loss: 0.0543
test_loss: 0.1358
epoch 523
train_loss: 0.0544
test_loss: 0.1356
epoch 524
train_loss: 0.0543
test_loss: 0.1356
epoch 525
train_loss: 0.0542
test_loss: 0.1355
epoch 526
train_loss: 0.0541
test_loss: 0.1355
epoch 527
train_loss: 0.0541
test_loss: 0.1355
epoch 528
train_loss: 0.0540
test_loss: 0.1354
epoch 529
train_loss: 0.0540
test_loss: 0.1354
epoch 530
train_loss: 0.0538
test_loss: 0.1353
epoch 531
train_loss: 0.0539
test_loss: 0.1353
epoch 532
train_loss: 0.0537
test_loss: 0.1352
epoch 533
train_loss: 0.0537
test_loss: 0.1352
epoch 534
train_loss: 0.0537
test_loss: 0.1351
epoch 535
train_loss: 0.0536
test_loss: 0.1351
epoch 536
train_loss: 0.0535
test_loss: 0.1350
epoch 537
train_loss: 0.0535
test_loss: 0.1349
epoch 538
train_loss: 0.0534
test_loss: 0.1350
epoch 539
train_loss: 0.0533
test_loss: 0.1349
epoch 540
train_loss: 0.0533
test_loss: 0.1348
epoch 541
train_loss: 0.0532
test_loss: 0.1348
epoch 542
train_loss: 0.0532
test_loss: 0.1347
epoch 543
train_loss: 0.0531
test_loss: 0.1347
epoch 544
train_loss: 0.0530
test_loss: 0.1346
epoch 545
train_loss: 0.0530
test_loss: 0.1346
epoch 546
train_loss: 0.0529
test_loss: 0.1345
epoch 547
train_loss: 0.0528
test_loss: 0.1345
epoch 548
train_loss: 0.0528
test_loss: 0.1344
epoch 549
train_loss: 0.0527
test_loss: 0.1344
epoch 550
train_loss: 0.0527
test_loss: 0.1345
epoch 551
train_loss: 0.0526
test_loss: 0.1343
epoch 552
train_loss: 0.0526
test_loss: 0.1344
epoch 553
train_loss: 0.0526
test_loss: 0.1343
epoch 554
train_loss: 0.0525
test_loss: 0.1343
epoch 555
train_loss: 0.0524
test_loss: 0.1342
epoch 556
train_loss: 0.0523
test_loss: 0.1343
epoch 557
train_loss: 0.0523
test_loss: 0.1342
epoch 558
train_loss: 0.0522
test_loss: 0.1342
epoch 559
train_loss: 0.0521
test_loss: 0.1342
epoch 560
train_loss: 0.0522
test_loss: 0.1342
epoch 561
train_loss: 0.0521
test_loss: 0.1341
epoch 562
train_loss: 0.0520
test_loss: 0.1341
epoch 563
train_loss: 0.0520
test_loss: 0.1341
epoch 564
train_loss: 0.0519
test_loss: 0.1341
epoch 565
train_loss: 0.0518
test_loss: 0.1340
epoch 566
train_loss: 0.0518
test_loss: 0.1340
epoch 567
train_loss: 0.0517
test_loss: 0.1340
epoch 568
train_loss: 0.0517
test_loss: 0.1339
epoch 569
train_loss: 0.0516
test_loss: 0.1339
epoch 570
train_loss: 0.0516
test_loss: 0.1339
epoch 571
train_loss: 0.0515
test_loss: 0.1339
epoch 572
train_loss: 0.0514
test_loss: 0.1338
epoch 573
train_loss: 0.0514
test_loss: 0.1339
epoch 574
train_loss: 0.0514
test_loss: 0.1338
epoch 575
train_loss: 0.0513
test_loss: 0.1337
epoch 576
train_loss: 0.0512
test_loss: 0.1337
epoch 577
train_loss: 0.0512
test_loss: 0.1337
epoch 578
train_loss: 0.0511
test_loss: 0.1336
epoch 579
train_loss: 0.0511
test_loss: 0.1337
epoch 580
train_loss: 0.0510
test_loss: 0.1336
epoch 581
train_loss: 0.0510
test_loss: 0.1336
epoch 582
train_loss: 0.0510
test_loss: 0.1336
epoch 583
train_loss: 0.0509
test_loss: 0.1336
epoch 584
train_loss: 0.0508
test_loss: 0.1335
epoch 585
train_loss: 0.0508
test_loss: 0.1334
epoch 586
train_loss: 0.0508
test_loss: 0.1335
epoch 587
train_loss: 0.0507
test_loss: 0.1334
epoch 588
train_loss: 0.0507
test_loss: 0.1334
epoch 589
train_loss: 0.0506
test_loss: 0.1333
epoch 590
train_loss: 0.0505
test_loss: 0.1333
epoch 591
train_loss: 0.0505
test_loss: 0.1333
epoch 592
train_loss: 0.0505
test_loss: 0.1332
epoch 593
train_loss: 0.0504
test_loss: 0.1333
epoch 594
train_loss: 0.0503
test_loss: 0.1332
epoch 595
train_loss: 0.0503
test_loss: 0.1332
epoch 596
train_loss: 0.0502
test_loss: 0.1331
epoch 597
train_loss: 0.0502
test_loss: 0.1331
epoch 598
train_loss: 0.0501
test_loss: 0.1331
epoch 599
train_loss: 0.0501
test_loss: 0.1331
epoch 600
train_loss: 0.0501
test_loss: 0.1331
epoch 601
train_loss: 0.0500
test_loss: 0.1330
epoch 602
train_loss: 0.0500
test_loss: 0.1330
epoch 603
train_loss: 0.0500
test_loss: 0.1330
epoch 604
train_loss: 0.0499
test_loss: 0.1329
epoch 605
train_loss: 0.0498
test_loss: 0.1329
epoch 606
train_loss: 0.0498
test_loss: 0.1328
epoch 607
train_loss: 0.0497
test_loss: 0.1327
epoch 608
train_loss: 0.0497
test_loss: 0.1328
epoch 609
train_loss: 0.0496
test_loss: 0.1328
epoch 610
train_loss: 0.0496
test_loss: 0.1327
epoch 611
train_loss: 0.0496
test_loss: 0.1327
epoch 612
train_loss: 0.0495
test_loss: 0.1326
epoch 613
train_loss: 0.0494
test_loss: 0.1326
epoch 614
train_loss: 0.0494
test_loss: 0.1326
epoch 615
train_loss: 0.0493
test_loss: 0.1325
epoch 616
train_loss: 0.0493
test_loss: 0.1325
epoch 617
train_loss: 0.0493
test_loss: 0.1325
epoch 618
train_loss: 0.0492
test_loss: 0.1325
epoch 619
train_loss: 0.0492
test_loss: 0.1324
epoch 620
train_loss: 0.0491
test_loss: 0.1324
epoch 621
train_loss: 0.0491
test_loss: 0.1324
epoch 622
train_loss: 0.0490
test_loss: 0.1323
epoch 623
train_loss: 0.0489
test_loss: 0.1323
epoch 624
train_loss: 0.0490
test_loss: 0.1323
epoch 625
train_loss: 0.0489
test_loss: 0.1322
epoch 626
train_loss: 0.0488
test_loss: 0.1321
epoch 627
train_loss: 0.0488
test_loss: 0.1321
epoch 628
train_loss: 0.0487
test_loss: 0.1321
epoch 629
train_loss: 0.0487
test_loss: 0.1321
epoch 630
train_loss: 0.0487
test_loss: 0.1320
epoch 631
train_loss: 0.0486
test_loss: 0.1319
epoch 632
train_loss: 0.0486
test_loss: 0.1320
epoch 633
train_loss: 0.0485
test_loss: 0.1319
epoch 634
train_loss: 0.0485
test_loss: 0.1319
epoch 635
train_loss: 0.0484
test_loss: 0.1318
epoch 636
train_loss: 0.0484
test_loss: 0.1318
epoch 637
train_loss: 0.0484
test_loss: 0.1317
epoch 638
train_loss: 0.0483
test_loss: 0.1318
epoch 639
train_loss: 0.0483
test_loss: 0.1316
epoch 640
train_loss: 0.0482
test_loss: 0.1316
epoch 641
train_loss: 0.0482
test_loss: 0.1316
epoch 642
train_loss: 0.0481
test_loss: 0.1315
epoch 643
train_loss: 0.0481
test_loss: 0.1316
epoch 644
train_loss: 0.0480
test_loss: 0.1315
epoch 645
train_loss: 0.0481
test_loss: 0.1315
epoch 646
train_loss: 0.0479
test_loss: 0.1313
epoch 647
train_loss: 0.0480
test_loss: 0.1314
epoch 648
train_loss: 0.0479
test_loss: 0.1314
epoch 649
train_loss: 0.0478
test_loss: 0.1313
epoch 650
train_loss: 0.0478
test_loss: 0.1313
epoch 651
train_loss: 0.0477
test_loss: 0.1311
epoch 652
train_loss: 0.0477
test_loss: 0.1311
epoch 653
train_loss: 0.0477
test_loss: 0.1312
epoch 654
train_loss: 0.0477
test_loss: 0.1311
epoch 655
train_loss: 0.0476
test_loss: 0.1310
epoch 656
train_loss: 0.0476
test_loss: 0.1310
epoch 657
train_loss: 0.0475
test_loss: 0.1310
epoch 658
train_loss: 0.0474
test_loss: 0.1310
epoch 659
train_loss: 0.0475
test_loss: 0.1309
epoch 660
train_loss: 0.0474
test_loss: 0.1309
epoch 661
train_loss: 0.0474
test_loss: 0.1309
epoch 662
train_loss: 0.0473
test_loss: 0.1308
epoch 663
train_loss: 0.0473
test_loss: 0.1308
epoch 664
train_loss: 0.0472
test_loss: 0.1307
epoch 665
train_loss: 0.0472
test_loss: 0.1307
epoch 666
train_loss: 0.0471
test_loss: 0.1306
epoch 667
train_loss: 0.0471
test_loss: 0.1306
epoch 668
train_loss: 0.0471
test_loss: 0.1306
epoch 669
train_loss: 0.0470
test_loss: 0.1305
epoch 670
train_loss: 0.0470
test_loss: 0.1305
epoch 671
train_loss: 0.0470
test_loss: 0.1303
epoch 672
train_loss: 0.0469
test_loss: 0.1305
epoch 673
train_loss: 0.0469
test_loss: 0.1303
epoch 674
train_loss: 0.0468
test_loss: 0.1303
epoch 675
train_loss: 0.0468
test_loss: 0.1303
epoch 676
train_loss: 0.0467
test_loss: 0.1302
epoch 677
train_loss: 0.0467
test_loss: 0.1301
epoch 678
train_loss: 0.0467
test_loss: 0.1302
epoch 679
train_loss: 0.0466
test_loss: 0.1301
epoch 680
train_loss: 0.0466
test_loss: 0.1301
epoch 681
train_loss: 0.0465
test_loss: 0.1300
epoch 682
train_loss: 0.0465
test_loss: 0.1300
epoch 683
train_loss: 0.0465
test_loss: 0.1299
epoch 684
train_loss: 0.0464
test_loss: 0.1299
epoch 685
train_loss: 0.0464
test_loss: 0.1298
epoch 686
train_loss: 0.0463
test_loss: 0.1298
epoch 687
train_loss: 0.0463
test_loss: 0.1297
epoch 688
train_loss: 0.0463
test_loss: 0.1297
epoch 689
train_loss: 0.0462
test_loss: 0.1296
epoch 690
train_loss: 0.0462
test_loss: 0.1295
epoch 691
train_loss: 0.0461
test_loss: 0.1296
epoch 692
train_loss: 0.0461
test_loss: 0.1295
epoch 693
train_loss: 0.0460
test_loss: 0.1295
epoch 694
train_loss: 0.0460
test_loss: 0.1294
epoch 695
train_loss: 0.0460
test_loss: 0.1294
epoch 696
train_loss: 0.0459
test_loss: 0.1294
epoch 697
train_loss: 0.0459
test_loss: 0.1292
epoch 698
train_loss: 0.0459
test_loss: 0.1292
epoch 699
train_loss: 0.0458
test_loss: 0.1292
epoch 700
train_loss: 0.0458
test_loss: 0.1291
epoch 701
train_loss: 0.0457
test_loss: 0.1291
epoch 702
train_loss: 0.0457
test_loss: 0.1291
epoch 703
train_loss: 0.0456
test_loss: 0.1290
epoch 704
train_loss: 0.0456
test_loss: 0.1290
epoch 705
train_loss: 0.0456
test_loss: 0.1289
epoch 706
train_loss: 0.0455
test_loss: 0.1289
epoch 707
train_loss: 0.0455
test_loss: 0.1287
epoch 708
train_loss: 0.0454
test_loss: 0.1289
epoch 709
train_loss: 0.0454
test_loss: 0.1287
epoch 710
train_loss: 0.0453
test_loss: 0.1287
epoch 711
train_loss: 0.0453
test_loss: 0.1286
epoch 712
train_loss: 0.0453
test_loss: 0.1286
epoch 713
train_loss: 0.0452
test_loss: 0.1286
epoch 714
train_loss: 0.0452
test_loss: 0.1285
epoch 715
train_loss: 0.0452
test_loss: 0.1285
epoch 716
train_loss: 0.0451
test_loss: 0.1284
epoch 717
train_loss: 0.0450
test_loss: 0.1285
epoch 718
train_loss: 0.0451
test_loss: 0.1284
epoch 719
train_loss: 0.0450
test_loss: 0.1283
epoch 720
train_loss: 0.0450
test_loss: 0.1283
epoch 721
train_loss: 0.0450
test_loss: 0.1282
epoch 722
train_loss: 0.0449
test_loss: 0.1282
epoch 723
train_loss: 0.0449
test_loss: 0.1282
epoch 724
train_loss: 0.0449
test_loss: 0.1281
epoch 725
train_loss: 0.0448
test_loss: 0.1281
epoch 726
train_loss: 0.0447
test_loss: 0.1281
epoch 727
train_loss: 0.0447
test_loss: 0.1280
epoch 728
train_loss: 0.0447
test_loss: 0.1280
epoch 729
train_loss: 0.0446
test_loss: 0.1279
epoch 730
train_loss: 0.0446
test_loss: 0.1279
epoch 731
train_loss: 0.0446
test_loss: 0.1278
epoch 732
train_loss: 0.0445
test_loss: 0.1280
epoch 733
train_loss: 0.0445
test_loss: 0.1279
epoch 734
train_loss: 0.0445
test_loss: 0.1279
epoch 735
train_loss: 0.0444
test_loss: 0.1278
epoch 736
train_loss: 0.0444
test_loss: 0.1278
epoch 737
train_loss: 0.0444
test_loss: 0.1277
epoch 738
train_loss: 0.0443
test_loss: 0.1276
epoch 739
train_loss: 0.0443
test_loss: 0.1277
epoch 740
train_loss: 0.0443
test_loss: 0.1276
epoch 741
train_loss: 0.0443
test_loss: 0.1275
epoch 742
train_loss: 0.0442
test_loss: 0.1276
epoch 743
train_loss: 0.0441
test_loss: 0.1275
epoch 744
train_loss: 0.0442
test_loss: 0.1274
epoch 745
train_loss: 0.0441
test_loss: 0.1274
epoch 746
train_loss: 0.0441
test_loss: 0.1274
epoch 747
train_loss: 0.0440
test_loss: 0.1274
epoch 748
train_loss: 0.0440
test_loss: 0.1273
epoch 749
train_loss: 0.0439
test_loss: 0.1273
epoch 750
train_loss: 0.0439
test_loss: 0.1272
epoch 751
train_loss: 0.0439
test_loss: 0.1272
epoch 752
train_loss: 0.0439
test_loss: 0.1272
epoch 753
train_loss: 0.0438
test_loss: 0.1272
epoch 754
train_loss: 0.0438
test_loss: 0.1271
epoch 755
train_loss: 0.0437
test_loss: 0.1270
epoch 756
train_loss: 0.0437
test_loss: 0.1270
epoch 757
train_loss: 0.0437
test_loss: 0.1270
epoch 758
train_loss: 0.0437
test_loss: 0.1270
epoch 759
train_loss: 0.0436
test_loss: 0.1270
epoch 760
train_loss: 0.0436
test_loss: 0.1269
epoch 761
train_loss: 0.0436
test_loss: 0.1269
epoch 762
train_loss: 0.0435
test_loss: 0.1268
epoch 763
train_loss: 0.0435
test_loss: 0.1268
epoch 764
train_loss: 0.0435
test_loss: 0.1268
epoch 765
train_loss: 0.0434
test_loss: 0.1268
epoch 766
train_loss: 0.0434
test_loss: 0.1267
epoch 767
train_loss: 0.0433
test_loss: 0.1267
epoch 768
train_loss: 0.0433
test_loss: 0.1267
epoch 769
train_loss: 0.0433
test_loss: 0.1267
epoch 770
train_loss: 0.0433
test_loss: 0.1266
epoch 771
train_loss: 0.0432
test_loss: 0.1266
epoch 772
train_loss: 0.0432
test_loss: 0.1265
epoch 773
train_loss: 0.0432
test_loss: 0.1265
epoch 774
train_loss: 0.0431
test_loss: 0.1266
epoch 775
train_loss: 0.0431
test_loss: 0.1265
epoch 776
train_loss: 0.0430
test_loss: 0.1265
epoch 777
train_loss: 0.0431
test_loss: 0.1264
epoch 778
train_loss: 0.0430
test_loss: 0.1263
epoch 779
train_loss: 0.0430
test_loss: 0.1265
epoch 780
train_loss: 0.0430
test_loss: 0.1263
epoch 781
train_loss: 0.0429
test_loss: 0.1263
epoch 782
train_loss: 0.0429
test_loss: 0.1263
epoch 783
train_loss: 0.0429
test_loss: 0.1263
epoch 784
train_loss: 0.0428
test_loss: 0.1263
epoch 785
train_loss: 0.0428
test_loss: 0.1262
epoch 786
train_loss: 0.0428
test_loss: 0.1261
epoch 787
train_loss: 0.0427
test_loss: 0.1262
epoch 788
train_loss: 0.0427
test_loss: 0.1260
epoch 789
train_loss: 0.0427
test_loss: 0.1261
/home/xueqiong/noise_injection_uncertainty/regression/utils.py:39: FutureWarning: The 'delim_whitespace' keyword in pd.read_csv is deprecated and will be removed in a future version. Use ``sep='\s+'`` instead
  return pd.read_csv(dataset_path, engine='python', header=None, delim_whitespace=True)
8 1
614 154 768
model_name FCN
using Adam as optimizer
epoch 0
train_loss: 1.0338
test_loss: 0.9901
epoch 1
train_loss: 0.9765
test_loss: 0.9361
epoch 2
train_loss: 0.9231
test_loss: 0.8852
epoch 3
train_loss: 0.8720
test_loss: 0.8359
epoch 4
train_loss: 0.8216
test_loss: 0.7864
epoch 5
train_loss: 0.7709
test_loss: 0.7366
epoch 6
train_loss: 0.7193
test_loss: 0.6861
epoch 7
train_loss: 0.6663
test_loss: 0.6345
epoch 8
train_loss: 0.6121
test_loss: 0.5824
epoch 9
train_loss: 0.5576
test_loss: 0.5304
epoch 10
train_loss: 0.5036
test_loss: 0.4796
epoch 11
train_loss: 0.4510
test_loss: 0.4309
epoch 12
train_loss: 0.4009
test_loss: 0.3855
epoch 13
train_loss: 0.3546
test_loss: 0.3444
epoch 14
train_loss: 0.3131
test_loss: 0.3086
epoch 15
train_loss: 0.2771
test_loss: 0.2780
epoch 16
train_loss: 0.2468
test_loss: 0.2525
epoch 17
train_loss: 0.2219
test_loss: 0.2314
epoch 18
train_loss: 0.2015
test_loss: 0.2142
epoch 19
train_loss: 0.1849
test_loss: 0.1998
epoch 20
train_loss: 0.1710
test_loss: 0.1875
epoch 21
train_loss: 0.1595
test_loss: 0.1772
epoch 22
train_loss: 0.1500
test_loss: 0.1684
epoch 23
train_loss: 0.1419
test_loss: 0.1607
epoch 24
train_loss: 0.1350
test_loss: 0.1538
epoch 25
train_loss: 0.1289
test_loss: 0.1475
epoch 26
train_loss: 0.1236
test_loss: 0.1419
epoch 27
train_loss: 0.1190
test_loss: 0.1368
epoch 28
train_loss: 0.1149
test_loss: 0.1322
epoch 29
train_loss: 0.1113
test_loss: 0.1282
epoch 30
train_loss: 0.1082
test_loss: 0.1246
epoch 31
train_loss: 0.1054
test_loss: 0.1215
epoch 32
train_loss: 0.1029
test_loss: 0.1186
epoch 33
train_loss: 0.1007
test_loss: 0.1160
epoch 34
train_loss: 0.0987
test_loss: 0.1137
epoch 35
train_loss: 0.0970
test_loss: 0.1115
epoch 36
train_loss: 0.0953
test_loss: 0.1096
epoch 37
train_loss: 0.0938
test_loss: 0.1078
epoch 38
train_loss: 0.0924
test_loss: 0.1062
epoch 39
train_loss: 0.0911
test_loss: 0.1047
epoch 40
train_loss: 0.0899
test_loss: 0.1033
epoch 41
train_loss: 0.0888
test_loss: 0.1020
epoch 42
train_loss: 0.0877
test_loss: 0.1008
epoch 43
train_loss: 0.0867
test_loss: 0.0996
epoch 44
train_loss: 0.0858
test_loss: 0.0986
epoch 45
train_loss: 0.0849
test_loss: 0.0976
epoch 46
train_loss: 0.0840
test_loss: 0.0967
epoch 47
train_loss: 0.0832
test_loss: 0.0959
epoch 48
train_loss: 0.0825
test_loss: 0.0950
epoch 49
train_loss: 0.0817
test_loss: 0.0943
epoch 50
train_loss: 0.0810
test_loss: 0.0936
epoch 51
train_loss: 0.0804
test_loss: 0.0929
epoch 52
train_loss: 0.0797
test_loss: 0.0923
epoch 53
train_loss: 0.0791
test_loss: 0.0916
epoch 54
train_loss: 0.0784
test_loss: 0.0909
epoch 55
train_loss: 0.0777
test_loss: 0.0903
epoch 56
train_loss: 0.0770
test_loss: 0.0897
epoch 57
train_loss: 0.0764
test_loss: 0.0891
epoch 58
train_loss: 0.0757
test_loss: 0.0885
epoch 59
train_loss: 0.0751
test_loss: 0.0879
epoch 60
train_loss: 0.0744
test_loss: 0.0873
epoch 61
train_loss: 0.0738
test_loss: 0.0867
epoch 62
train_loss: 0.0731
test_loss: 0.0862
epoch 63
train_loss: 0.0725
test_loss: 0.0856
epoch 64
train_loss: 0.0719
test_loss: 0.0851
epoch 65
train_loss: 0.0713
test_loss: 0.0846
epoch 66
train_loss: 0.0707
test_loss: 0.0841
epoch 67
train_loss: 0.0701
test_loss: 0.0836
epoch 68
train_loss: 0.0696
test_loss: 0.0832
epoch 69
train_loss: 0.0691
test_loss: 0.0827
epoch 70
train_loss: 0.0685
test_loss: 0.0822
epoch 71
train_loss: 0.0680
test_loss: 0.0818
epoch 72
train_loss: 0.0675
test_loss: 0.0813
epoch 73
train_loss: 0.0669
test_loss: 0.0809
epoch 74
train_loss: 0.0664
test_loss: 0.0804
epoch 75
train_loss: 0.0659
test_loss: 0.0800
epoch 76
train_loss: 0.0654
test_loss: 0.0796
epoch 77
train_loss: 0.0649
test_loss: 0.0792
epoch 78
train_loss: 0.0644
test_loss: 0.0787
epoch 79
train_loss: 0.0639
test_loss: 0.0782
epoch 80
train_loss: 0.0634
test_loss: 0.0778
epoch 81
train_loss: 0.0629
test_loss: 0.0774
epoch 82
train_loss: 0.0624
test_loss: 0.0770
epoch 83
train_loss: 0.0619
test_loss: 0.0766
epoch 84
train_loss: 0.0615
test_loss: 0.0762
epoch 85
train_loss: 0.0610
test_loss: 0.0758
epoch 86
train_loss: 0.0606
test_loss: 0.0755
epoch 87
train_loss: 0.0602
test_loss: 0.0751
epoch 88
train_loss: 0.0597
test_loss: 0.0748
epoch 89
train_loss: 0.0593
test_loss: 0.0744
epoch 90
train_loss: 0.0589
test_loss: 0.0741
epoch 91
train_loss: 0.0585
test_loss: 0.0738
epoch 92
train_loss: 0.0581
test_loss: 0.0734
epoch 93
train_loss: 0.0577
test_loss: 0.0731
epoch 94
train_loss: 0.0573
test_loss: 0.0728
epoch 95
train_loss: 0.0569
test_loss: 0.0725
epoch 96
train_loss: 0.0565
test_loss: 0.0722
epoch 97
train_loss: 0.0561
test_loss: 0.0719
epoch 98
train_loss: 0.0557
test_loss: 0.0716
epoch 99
train_loss: 0.0553
test_loss: 0.0714
epoch 100
train_loss: 0.0549
test_loss: 0.0711
epoch 101
train_loss: 0.0546
test_loss: 0.0708
epoch 102
train_loss: 0.0542
test_loss: 0.0706
epoch 103
train_loss: 0.0538
test_loss: 0.0703
epoch 104
train_loss: 0.0535
test_loss: 0.0700
epoch 105
train_loss: 0.0531
test_loss: 0.0698
epoch 106
train_loss: 0.0528
test_loss: 0.0695
epoch 107
train_loss: 0.0525
test_loss: 0.0692
epoch 108
train_loss: 0.0521
test_loss: 0.0690
epoch 109
train_loss: 0.0518
test_loss: 0.0687
epoch 110
train_loss: 0.0514
test_loss: 0.0684
epoch 111
train_loss: 0.0511
test_loss: 0.0682
epoch 112
train_loss: 0.0507
test_loss: 0.0680
epoch 113
train_loss: 0.0504
test_loss: 0.0677
epoch 114
train_loss: 0.0501
test_loss: 0.0675
epoch 115
train_loss: 0.0498
test_loss: 0.0673
epoch 116
train_loss: 0.0494
test_loss: 0.0671
epoch 117
train_loss: 0.0491
test_loss: 0.0668
epoch 118
train_loss: 0.0488
test_loss: 0.0667
epoch 119
train_loss: 0.0485
test_loss: 0.0664
epoch 120
train_loss: 0.0482
test_loss: 0.0662
epoch 121
train_loss: 0.0479
test_loss: 0.0660
epoch 122
train_loss: 0.0476
test_loss: 0.0658
epoch 123
train_loss: 0.0473
test_loss: 0.0656
epoch 124
train_loss: 0.0470
test_loss: 0.0653
epoch 125
train_loss: 0.0467
test_loss: 0.0651
epoch 126
train_loss: 0.0464
test_loss: 0.0649
epoch 127
train_loss: 0.0461
test_loss: 0.0647
epoch 128
train_loss: 0.0458
test_loss: 0.0645
epoch 129
train_loss: 0.0455
test_loss: 0.0643
epoch 130
train_loss: 0.0452
test_loss: 0.0640
epoch 131
train_loss: 0.0449
test_loss: 0.0638
epoch 132
train_loss: 0.0446
test_loss: 0.0636
epoch 133
train_loss: 0.0443
test_loss: 0.0633
epoch 134
train_loss: 0.0441
test_loss: 0.0631
epoch 135
train_loss: 0.0438
test_loss: 0.0628
epoch 136
train_loss: 0.0435
test_loss: 0.0626
epoch 137
train_loss: 0.0432
test_loss: 0.0624
epoch 138
train_loss: 0.0429
test_loss: 0.0621
epoch 139
train_loss: 0.0426
test_loss: 0.0619
epoch 140
train_loss: 0.0423
test_loss: 0.0617
epoch 141
train_loss: 0.0420
test_loss: 0.0614
epoch 142
train_loss: 0.0417
test_loss: 0.0611
epoch 143
train_loss: 0.0414
test_loss: 0.0609
epoch 144
train_loss: 0.0411
test_loss: 0.0606
epoch 145
train_loss: 0.0409
test_loss: 0.0604
epoch 146
train_loss: 0.0406
test_loss: 0.0601
epoch 147
train_loss: 0.0403
test_loss: 0.0599
epoch 148
train_loss: 0.0400
test_loss: 0.0596
epoch 149
train_loss: 0.0397
test_loss: 0.0593
epoch 150
train_loss: 0.0394
test_loss: 0.0590
epoch 151
train_loss: 0.0391
test_loss: 0.0588
epoch 152
train_loss: 0.0388
test_loss: 0.0585
epoch 153
train_loss: 0.0385
test_loss: 0.0583
epoch 154
train_loss: 0.0382
test_loss: 0.0580
epoch 155
train_loss: 0.0379
test_loss: 0.0577
epoch 156
train_loss: 0.0376
test_loss: 0.0575
epoch 157
train_loss: 0.0373
test_loss: 0.0572
epoch 158
train_loss: 0.0370
test_loss: 0.0569
epoch 159
train_loss: 0.0368
test_loss: 0.0567
epoch 160
train_loss: 0.0365
test_loss: 0.0564
epoch 161
train_loss: 0.0362
test_loss: 0.0561
epoch 162
train_loss: 0.0359
test_loss: 0.0559
epoch 163
train_loss: 0.0356
test_loss: 0.0557
epoch 164
train_loss: 0.0354
test_loss: 0.0554
epoch 165
train_loss: 0.0351
test_loss: 0.0551
epoch 166
train_loss: 0.0348
test_loss: 0.0549
epoch 167
train_loss: 0.0345
test_loss: 0.0546
epoch 168
train_loss: 0.0343
test_loss: 0.0544
epoch 169
train_loss: 0.0340
test_loss: 0.0541
epoch 170
train_loss: 0.0337
test_loss: 0.0539
epoch 171
train_loss: 0.0335
test_loss: 0.0536
epoch 172
train_loss: 0.0332
test_loss: 0.0534
epoch 173
train_loss: 0.0329
test_loss: 0.0532
epoch 174
train_loss: 0.0327
test_loss: 0.0530
epoch 175
train_loss: 0.0324
test_loss: 0.0527
epoch 176
train_loss: 0.0321
test_loss: 0.0525
epoch 177
train_loss: 0.0319
test_loss: 0.0523
epoch 178
train_loss: 0.0316
test_loss: 0.0521
epoch 179
train_loss: 0.0314
test_loss: 0.0518
epoch 180
train_loss: 0.0311
test_loss: 0.0516
epoch 181
train_loss: 0.0309
test_loss: 0.0514
epoch 182
train_loss: 0.0307
test_loss: 0.0512
epoch 183
train_loss: 0.0304
test_loss: 0.0509
epoch 184
train_loss: 0.0302
test_loss: 0.0507
epoch 185
train_loss: 0.0300
test_loss: 0.0505
epoch 186
train_loss: 0.0297
test_loss: 0.0503
epoch 187
train_loss: 0.0295
test_loss: 0.0501
epoch 188
train_loss: 0.0293
test_loss: 0.0499
epoch 189
train_loss: 0.0290
test_loss: 0.0497
epoch 190
train_loss: 0.0288
test_loss: 0.0495
epoch 191
train_loss: 0.0286
test_loss: 0.0493
epoch 192
train_loss: 0.0284
test_loss: 0.0491
epoch 193
train_loss: 0.0282
test_loss: 0.0488
epoch 194
train_loss: 0.0280
test_loss: 0.0487
epoch 195
train_loss: 0.0277
test_loss: 0.0484
epoch 196
train_loss: 0.0275
test_loss: 0.0483
epoch 197
train_loss: 0.0273
test_loss: 0.0481
epoch 198
train_loss: 0.0271
test_loss: 0.0479
epoch 199
train_loss: 0.0269
test_loss: 0.0478
epoch 200
train_loss: 0.0267
test_loss: 0.0475
epoch 201
train_loss: 0.0265
test_loss: 0.0473
epoch 202
train_loss: 0.0263
test_loss: 0.0472
epoch 203
train_loss: 0.0261
test_loss: 0.0470
epoch 204
train_loss: 0.0259
test_loss: 0.0468
epoch 205
train_loss: 0.0257
test_loss: 0.0466
epoch 206
train_loss: 0.0255
test_loss: 0.0464
epoch 207
train_loss: 0.0253
test_loss: 0.0463
epoch 208
train_loss: 0.0252
test_loss: 0.0461
epoch 209
train_loss: 0.0250
test_loss: 0.0459
epoch 210
train_loss: 0.0248
test_loss: 0.0457
epoch 211
train_loss: 0.0246
test_loss: 0.0456
epoch 212
train_loss: 0.0244
test_loss: 0.0454
epoch 213
train_loss: 0.0242
test_loss: 0.0452
epoch 214
train_loss: 0.0241
test_loss: 0.0451
epoch 215
train_loss: 0.0239
test_loss: 0.0449
epoch 216
train_loss: 0.0237
test_loss: 0.0447
epoch 217
train_loss: 0.0235
test_loss: 0.0445
epoch 218
train_loss: 0.0234
test_loss: 0.0444
epoch 219
train_loss: 0.0232
test_loss: 0.0442
epoch 220
train_loss: 0.0230
test_loss: 0.0440
epoch 221
train_loss: 0.0229
test_loss: 0.0439
epoch 222
train_loss: 0.0227
test_loss: 0.0436
epoch 223
train_loss: 0.0225
test_loss: 0.0435
epoch 224
train_loss: 0.0224
test_loss: 0.0433
epoch 225
train_loss: 0.0222
test_loss: 0.0431
epoch 226
train_loss: 0.0220
test_loss: 0.0430
epoch 227
train_loss: 0.0219
test_loss: 0.0427
epoch 228
train_loss: 0.0217
test_loss: 0.0426
epoch 229
train_loss: 0.0216
test_loss: 0.0424
epoch 230
train_loss: 0.0214
test_loss: 0.0423
epoch 231
train_loss: 0.0212
test_loss: 0.0421
epoch 232
train_loss: 0.0211
test_loss: 0.0419
epoch 233
train_loss: 0.0209
test_loss: 0.0418
epoch 234
train_loss: 0.0208
test_loss: 0.0415
epoch 235
train_loss: 0.0206
test_loss: 0.0414
epoch 236
train_loss: 0.0205
test_loss: 0.0412
epoch 237
train_loss: 0.0203
test_loss: 0.0410
epoch 238
train_loss: 0.0201
test_loss: 0.0409
epoch 239
train_loss: 0.0200
test_loss: 0.0407
epoch 240
train_loss: 0.0198
test_loss: 0.0405
epoch 241
train_loss: 0.0197
test_loss: 0.0404
epoch 242
train_loss: 0.0195
test_loss: 0.0402
epoch 243
train_loss: 0.0194
test_loss: 0.0401
epoch 244
train_loss: 0.0192
test_loss: 0.0399
epoch 245
train_loss: 0.0191
test_loss: 0.0397
epoch 246
train_loss: 0.0189
test_loss: 0.0395
epoch 247
train_loss: 0.0188
test_loss: 0.0394
epoch 248
train_loss: 0.0187
test_loss: 0.0392
epoch 249
train_loss: 0.0185
test_loss: 0.0391
epoch 250
train_loss: 0.0184
test_loss: 0.0389
epoch 251
train_loss: 0.0182
test_loss: 0.0388
epoch 252
train_loss: 0.0181
test_loss: 0.0386
epoch 253
train_loss: 0.0179
test_loss: 0.0385
epoch 254
train_loss: 0.0178
test_loss: 0.0383
epoch 255
train_loss: 0.0177
test_loss: 0.0382
epoch 256
train_loss: 0.0175
test_loss: 0.0380
epoch 257
train_loss: 0.0174
test_loss: 0.0379
epoch 258
train_loss: 0.0172
test_loss: 0.0377
epoch 259
train_loss: 0.0171
test_loss: 0.0375
epoch 260
train_loss: 0.0170
test_loss: 0.0374
epoch 261
train_loss: 0.0168
test_loss: 0.0372
epoch 262
train_loss: 0.0167
test_loss: 0.0371
epoch 263
train_loss: 0.0166
test_loss: 0.0369
epoch 264
train_loss: 0.0164
test_loss: 0.0368
epoch 265
train_loss: 0.0163
test_loss: 0.0366
epoch 266
train_loss: 0.0162
test_loss: 0.0364
epoch 267
train_loss: 0.0160
test_loss: 0.0364
epoch 268
train_loss: 0.0159
test_loss: 0.0361
epoch 269
train_loss: 0.0158
test_loss: 0.0361
epoch 270
train_loss: 0.0157
test_loss: 0.0359
epoch 271
train_loss: 0.0155
test_loss: 0.0358
epoch 272
train_loss: 0.0154
test_loss: 0.0356
epoch 273
train_loss: 0.0153
test_loss: 0.0354
epoch 274
train_loss: 0.0151
test_loss: 0.0353
epoch 275
train_loss: 0.0150
test_loss: 0.0352
epoch 276
train_loss: 0.0149
test_loss: 0.0350
epoch 277
train_loss: 0.0148
test_loss: 0.0349
epoch 278
train_loss: 0.0147
test_loss: 0.0347
epoch 279
train_loss: 0.0145
test_loss: 0.0345
epoch 280
train_loss: 0.0144
test_loss: 0.0345
epoch 281
train_loss: 0.0143
test_loss: 0.0343
epoch 282
train_loss: 0.0142
test_loss: 0.0341
epoch 283
train_loss: 0.0140
test_loss: 0.0340
epoch 284
train_loss: 0.0139
test_loss: 0.0338
epoch 285
train_loss: 0.0138
test_loss: 0.0338
epoch 286
train_loss: 0.0137
test_loss: 0.0335
epoch 287
train_loss: 0.0136
test_loss: 0.0334
epoch 288
train_loss: 0.0134
test_loss: 0.0333
epoch 289
train_loss: 0.0133
test_loss: 0.0331
epoch 290
train_loss: 0.0132
test_loss: 0.0330
epoch 291
train_loss: 0.0131
test_loss: 0.0329
epoch 292
train_loss: 0.0130
test_loss: 0.0328
epoch 293
train_loss: 0.0129
test_loss: 0.0326
epoch 294
train_loss: 0.0128
test_loss: 0.0325
epoch 295
train_loss: 0.0127
test_loss: 0.0324
epoch 296
train_loss: 0.0126
test_loss: 0.0323
epoch 297
train_loss: 0.0124
test_loss: 0.0322
epoch 298
train_loss: 0.0123
test_loss: 0.0320
epoch 299
train_loss: 0.0122
test_loss: 0.0319
epoch 300
train_loss: 0.0121
test_loss: 0.0318
epoch 301
train_loss: 0.0120
test_loss: 0.0316
epoch 302
train_loss: 0.0119
test_loss: 0.0315
epoch 303
train_loss: 0.0118
test_loss: 0.0314
epoch 304
train_loss: 0.0117
test_loss: 0.0312
epoch 305
train_loss: 0.0116
test_loss: 0.0311
epoch 306
train_loss: 0.0115
test_loss: 0.0310
epoch 307
train_loss: 0.0114
test_loss: 0.0308
epoch 308
train_loss: 0.0113
test_loss: 0.0307
epoch 309
train_loss: 0.0112
test_loss: 0.0306
epoch 310
train_loss: 0.0111
test_loss: 0.0305
epoch 311
train_loss: 0.0110
test_loss: 0.0304
epoch 312
train_loss: 0.0109
test_loss: 0.0303
epoch 313
train_loss: 0.0108
test_loss: 0.0302
epoch 314
train_loss: 0.0107
test_loss: 0.0300
epoch 315
train_loss: 0.0106
test_loss: 0.0299
epoch 316
train_loss: 0.0105
test_loss: 0.0298
epoch 317
train_loss: 0.0104
test_loss: 0.0297
epoch 318
train_loss: 0.0103
test_loss: 0.0296
epoch 319
train_loss: 0.0102
test_loss: 0.0294
epoch 320
train_loss: 0.0101
test_loss: 0.0294
epoch 321
train_loss: 0.0100
test_loss: 0.0292
epoch 322
train_loss: 0.0099
test_loss: 0.0291
epoch 323
train_loss: 0.0098
test_loss: 0.0290
epoch 324
train_loss: 0.0098
test_loss: 0.0289
epoch 325
train_loss: 0.0097
test_loss: 0.0288
epoch 326
train_loss: 0.0096
test_loss: 0.0287
epoch 327
train_loss: 0.0095
test_loss: 0.0285
epoch 328
train_loss: 0.0094
test_loss: 0.0285
epoch 329
train_loss: 0.0093
test_loss: 0.0283
epoch 330
train_loss: 0.0092
test_loss: 0.0282
epoch 331
train_loss: 0.0092
test_loss: 0.0281
epoch 332
train_loss: 0.0091
test_loss: 0.0280
epoch 333
train_loss: 0.0090
test_loss: 0.0279
epoch 334
train_loss: 0.0089
test_loss: 0.0278
epoch 335
train_loss: 0.0088
test_loss: 0.0277
epoch 336
train_loss: 0.0088
test_loss: 0.0277
epoch 337
train_loss: 0.0087
test_loss: 0.0275
epoch 338
train_loss: 0.0086
test_loss: 0.0275
epoch 339
train_loss: 0.0085
test_loss: 0.0273
epoch 340
train_loss: 0.0084
test_loss: 0.0272
epoch 341
train_loss: 0.0084
test_loss: 0.0271
epoch 342
train_loss: 0.0083
test_loss: 0.0271
epoch 343
train_loss: 0.0082
test_loss: 0.0270
epoch 344
train_loss: 0.0081
test_loss: 0.0269
epoch 345
train_loss: 0.0081
test_loss: 0.0268
epoch 346
train_loss: 0.0080
test_loss: 0.0266
epoch 347
train_loss: 0.0079
test_loss: 0.0266
epoch 348
train_loss: 0.0078
test_loss: 0.0265
epoch 349
train_loss: 0.0078
test_loss: 0.0264
epoch 350
train_loss: 0.0077
test_loss: 0.0263
epoch 351
train_loss: 0.0076
test_loss: 0.0262
epoch 352
train_loss: 0.0076
test_loss: 0.0261
epoch 353
train_loss: 0.0075
test_loss: 0.0260
epoch 354
train_loss: 0.0074
test_loss: 0.0259
epoch 355
train_loss: 0.0074
test_loss: 0.0258
epoch 356
train_loss: 0.0073
test_loss: 0.0258
epoch 357
train_loss: 0.0072
test_loss: 0.0256
epoch 358
train_loss: 0.0072
test_loss: 0.0256
epoch 359
train_loss: 0.0071
test_loss: 0.0254
epoch 360
train_loss: 0.0070
test_loss: 0.0254
epoch 361
train_loss: 0.0070
test_loss: 0.0253
epoch 362
train_loss: 0.0069
test_loss: 0.0252
epoch 363
train_loss: 0.0068
test_loss: 0.0251
epoch 364
train_loss: 0.0068
test_loss: 0.0250
epoch 365
train_loss: 0.0067
test_loss: 0.0250
epoch 366
train_loss: 0.0066
test_loss: 0.0249
epoch 367
train_loss: 0.0066
test_loss: 0.0248
epoch 368
train_loss: 0.0065
test_loss: 0.0247
epoch 369
train_loss: 0.0065
test_loss: 0.0246
epoch 370
train_loss: 0.0064
test_loss: 0.0246
epoch 371
train_loss: 0.0063
test_loss: 0.0244
epoch 372
train_loss: 0.0063
test_loss: 0.0244
epoch 373
train_loss: 0.0062
test_loss: 0.0243
epoch 374
train_loss: 0.0062
test_loss: 0.0242
epoch 375
train_loss: 0.0061
test_loss: 0.0242
epoch 376
train_loss: 0.0061
test_loss: 0.0241
epoch 377
train_loss: 0.0060
test_loss: 0.0240
epoch 378
train_loss: 0.0059
test_loss: 0.0240
epoch 379
train_loss: 0.0059
test_loss: 0.0239
epoch 380
train_loss: 0.0058
test_loss: 0.0238
epoch 381
train_loss: 0.0058
test_loss: 0.0238
epoch 382
train_loss: 0.0057
test_loss: 0.0237
epoch 383
train_loss: 0.0057
test_loss: 0.0236
epoch 384
train_loss: 0.0056
test_loss: 0.0235
epoch 385
train_loss: 0.0056
test_loss: 0.0235
epoch 386
train_loss: 0.0055
test_loss: 0.0234
epoch 387
train_loss: 0.0055
test_loss: 0.0233
epoch 388
train_loss: 0.0054
test_loss: 0.0233
epoch 389
train_loss: 0.0054
test_loss: 0.0231
epoch 390
train_loss: 0.0053
test_loss: 0.0231
epoch 391
train_loss: 0.0053
test_loss: 0.0230
epoch 392
train_loss: 0.0052
test_loss: 0.0229
epoch 393
train_loss: 0.0052
test_loss: 0.0229
epoch 394
train_loss: 0.0051
test_loss: 0.0228
epoch 395
train_loss: 0.0051
test_loss: 0.0227
epoch 396
train_loss: 0.0051
test_loss: 0.0227
epoch 397
train_loss: 0.0050
test_loss: 0.0226
epoch 398
train_loss: 0.0050
test_loss: 0.0225
epoch 399
train_loss: 0.0049
test_loss: 0.0225
epoch 400
train_loss: 0.0049
test_loss: 0.0224
epoch 401
train_loss: 0.0048
test_loss: 0.0223
epoch 402
train_loss: 0.0048
test_loss: 0.0223
epoch 403
train_loss: 0.0048
test_loss: 0.0222
epoch 404
train_loss: 0.0047
test_loss: 0.0221
epoch 405
train_loss: 0.0047
test_loss: 0.0222
epoch 406
train_loss: 0.0046
test_loss: 0.0220
epoch 407
train_loss: 0.0046
test_loss: 0.0221
epoch 408
train_loss: 0.0046
test_loss: 0.0219
epoch 409
train_loss: 0.0045
test_loss: 0.0219
epoch 410
train_loss: 0.0045
test_loss: 0.0219
epoch 411
train_loss: 0.0044
test_loss: 0.0218
epoch 412
train_loss: 0.0044
test_loss: 0.0217
epoch 413
train_loss: 0.0044
test_loss: 0.0217
epoch 414
train_loss: 0.0043
test_loss: 0.0216
epoch 415
train_loss: 0.0043
test_loss: 0.0215
epoch 416
train_loss: 0.0043
test_loss: 0.0215
epoch 417
train_loss: 0.0042
test_loss: 0.0215
epoch 418
train_loss: 0.0042
test_loss: 0.0214
epoch 419
train_loss: 0.0042
test_loss: 0.0214
epoch 420
train_loss: 0.0041
test_loss: 0.0213
epoch 421
train_loss: 0.0041
test_loss: 0.0213
epoch 422
train_loss: 0.0041
test_loss: 0.0212
epoch 423
train_loss: 0.0040
test_loss: 0.0211
epoch 424
train_loss: 0.0040
test_loss: 0.0211
epoch 425
train_loss: 0.0040
test_loss: 0.0210
epoch 426
train_loss: 0.0040
test_loss: 0.0210
epoch 427
train_loss: 0.0039
test_loss: 0.0210
epoch 428
train_loss: 0.0039
test_loss: 0.0209
epoch 429
train_loss: 0.0039
test_loss: 0.0209
epoch 430
train_loss: 0.0038
test_loss: 0.0208
epoch 431
train_loss: 0.0038
test_loss: 0.0208
epoch 432
train_loss: 0.0038
test_loss: 0.0208
epoch 433
train_loss: 0.0038
test_loss: 0.0207
epoch 434
train_loss: 0.0037
test_loss: 0.0206
epoch 435
train_loss: 0.0037
test_loss: 0.0207
epoch 436
train_loss: 0.0037
test_loss: 0.0206
epoch 437
train_loss: 0.0037
test_loss: 0.0205
epoch 438
train_loss: 0.0036
test_loss: 0.0205
epoch 439
train_loss: 0.0036
test_loss: 0.0205
epoch 440
train_loss: 0.0036
test_loss: 0.0205
epoch 441
train_loss: 0.0036
test_loss: 0.0204
epoch 442
train_loss: 0.0036
test_loss: 0.0204
epoch 443
train_loss: 0.0035
test_loss: 0.0204
epoch 444
train_loss: 0.0035
test_loss: 0.0203
epoch 445
train_loss: 0.0035
test_loss: 0.0203
epoch 446
train_loss: 0.0035
test_loss: 0.0203
epoch 447
train_loss: 0.0034
test_loss: 0.0202
epoch 448
train_loss: 0.0034
test_loss: 0.0202
epoch 449
train_loss: 0.0034
test_loss: 0.0201
epoch 450
train_loss: 0.0034
test_loss: 0.0201
epoch 451
train_loss: 0.0034
test_loss: 0.0201
epoch 452
train_loss: 0.0033
test_loss: 0.0201
epoch 453
train_loss: 0.0033
test_loss: 0.0200
epoch 454
train_loss: 0.0033
test_loss: 0.0200
epoch 455
train_loss: 0.0033
test_loss: 0.0200
epoch 456
train_loss: 0.0033
test_loss: 0.0199
epoch 457
train_loss: 0.0032
test_loss: 0.0199
epoch 458
train_loss: 0.0032
test_loss: 0.0199
epoch 459
train_loss: 0.0032
test_loss: 0.0199
epoch 460
train_loss: 0.0032
test_loss: 0.0198
epoch 461
train_loss: 0.0032
test_loss: 0.0198
epoch 462
train_loss: 0.0032
test_loss: 0.0198
epoch 463
train_loss: 0.0031
test_loss: 0.0197
epoch 464
train_loss: 0.0031
test_loss: 0.0198
epoch 465
train_loss: 0.0031
test_loss: 0.0197
epoch 466
train_loss: 0.0031
test_loss: 0.0197
epoch 467
train_loss: 0.0031
test_loss: 0.0196
epoch 468
train_loss: 0.0031
test_loss: 0.0196
epoch 469
train_loss: 0.0031
test_loss: 0.0196
epoch 470
train_loss: 0.0030
test_loss: 0.0196
epoch 471
train_loss: 0.0030
test_loss: 0.0196
epoch 472
train_loss: 0.0030
test_loss: 0.0195
epoch 473
train_loss: 0.0030
test_loss: 0.0195
epoch 474
train_loss: 0.0030
test_loss: 0.0195
epoch 475
train_loss: 0.0030
test_loss: 0.0195
epoch 476
train_loss: 0.0029
test_loss: 0.0194
epoch 477
train_loss: 0.0029
test_loss: 0.0194
epoch 478
train_loss: 0.0029
test_loss: 0.0194
epoch 479
train_loss: 0.0029
test_loss: 0.0194
epoch 480
train_loss: 0.0029
test_loss: 0.0194
epoch 481
train_loss: 0.0029
test_loss: 0.0193
epoch 482
train_loss: 0.0029
test_loss: 0.0193
epoch 483
train_loss: 0.0029
test_loss: 0.0193
epoch 484
train_loss: 0.0028
test_loss: 0.0193
epoch 485
train_loss: 0.0028
test_loss: 0.0193
epoch 486
train_loss: 0.0028
test_loss: 0.0192
epoch 487
train_loss: 0.0028
test_loss: 0.0192
epoch 488
train_loss: 0.0028
test_loss: 0.0192
epoch 489
train_loss: 0.0028
test_loss: 0.0192
epoch 490
train_loss: 0.0028
test_loss: 0.0191
epoch 491
train_loss: 0.0028
test_loss: 0.0191
epoch 492
train_loss: 0.0028
test_loss: 0.0191
epoch 493
train_loss: 0.0027
test_loss: 0.0191
epoch 494
train_loss: 0.0027
test_loss: 0.0191
epoch 495
train_loss: 0.0027
test_loss: 0.0191
epoch 496
train_loss: 0.0027
test_loss: 0.0190
epoch 497
train_loss: 0.0027
test_loss: 0.0190
epoch 498
train_loss: 0.0027
test_loss: 0.0190
epoch 499
train_loss: 0.0027
test_loss: 0.0190
epoch 500
train_loss: 0.0027
test_loss: 0.0189
epoch 501
train_loss: 0.0027
test_loss: 0.0189
epoch 502
train_loss: 0.0027
test_loss: 0.0189
epoch 503
train_loss: 0.0026
test_loss: 0.0189
epoch 504
train_loss: 0.0026
test_loss: 0.0189
epoch 505
train_loss: 0.0026
test_loss: 0.0188
epoch 506
train_loss: 0.0026
test_loss: 0.0188
epoch 507
train_loss: 0.0026
test_loss: 0.0188
epoch 508
train_loss: 0.0026
test_loss: 0.0188
epoch 509
train_loss: 0.0026
test_loss: 0.0187
epoch 510
train_loss: 0.0026
test_loss: 0.0187
epoch 511
train_loss: 0.0026
test_loss: 0.0187
epoch 512
train_loss: 0.0026
test_loss: 0.0187
epoch 513
train_loss: 0.0026
test_loss: 0.0187
epoch 514
train_loss: 0.0025
test_loss: 0.0187
epoch 515
train_loss: 0.0025
test_loss: 0.0186
epoch 516
train_loss: 0.0025
test_loss: 0.0186
epoch 517
train_loss: 0.0025
test_loss: 0.0186
epoch 518
train_loss: 0.0025
test_loss: 0.0186
epoch 519
train_loss: 0.0025
test_loss: 0.0186
epoch 520
train_loss: 0.0025
test_loss: 0.0185
epoch 521
train_loss: 0.0025
test_loss: 0.0185
epoch 522
train_loss: 0.0025
test_loss: 0.0185
epoch 523
train_loss: 0.0025
test_loss: 0.0185
epoch 524
train_loss: 0.0025
test_loss: 0.0185
epoch 525
train_loss: 0.0025
test_loss: 0.0185
epoch 526
train_loss: 0.0024
test_loss: 0.0185
epoch 527
train_loss: 0.0024
test_loss: 0.0185
epoch 528
train_loss: 0.0024
test_loss: 0.0184
epoch 529
train_loss: 0.0024
test_loss: 0.0184
epoch 530
train_loss: 0.0024
test_loss: 0.0184
epoch 531
train_loss: 0.0024
test_loss: 0.0184
epoch 532
train_loss: 0.0024
test_loss: 0.0184
epoch 533
train_loss: 0.0024
test_loss: 0.0184
epoch 534
train_loss: 0.0024
test_loss: 0.0183
epoch 535
train_loss: 0.0024
test_loss: 0.0183
epoch 536
train_loss: 0.0024
test_loss: 0.0183
epoch 537
train_loss: 0.0024
test_loss: 0.0183
epoch 538
train_loss: 0.0024
test_loss: 0.0183
epoch 539
train_loss: 0.0024
test_loss: 0.0183
epoch 540
train_loss: 0.0023
test_loss: 0.0182
epoch 541
train_loss: 0.0023
test_loss: 0.0183
epoch 542
train_loss: 0.0023
test_loss: 0.0182
epoch 543
train_loss: 0.0023
test_loss: 0.0182
epoch 544
train_loss: 0.0023
test_loss: 0.0182
epoch 545
train_loss: 0.0023
test_loss: 0.0182
epoch 546
train_loss: 0.0023
test_loss: 0.0182
epoch 547
train_loss: 0.0023
test_loss: 0.0182
epoch 548
train_loss: 0.0023
test_loss: 0.0182
epoch 549
train_loss: 0.0023
test_loss: 0.0182
epoch 550
train_loss: 0.0023
test_loss: 0.0181
epoch 551
train_loss: 0.0023
test_loss: 0.0181
epoch 552
train_loss: 0.0023
test_loss: 0.0181
epoch 553
train_loss: 0.0023
test_loss: 0.0181
epoch 554
train_loss: 0.0023
test_loss: 0.0181
epoch 555
train_loss: 0.0023
test_loss: 0.0181
epoch 556
train_loss: 0.0022
test_loss: 0.0181
epoch 557
train_loss: 0.0022
test_loss: 0.0181
epoch 558
train_loss: 0.0022
test_loss: 0.0181
epoch 559
train_loss: 0.0022
test_loss: 0.0180
epoch 560
train_loss: 0.0022
test_loss: 0.0180
epoch 561
train_loss: 0.0022
test_loss: 0.0180
epoch 562
train_loss: 0.0022
test_loss: 0.0180
epoch 563
train_loss: 0.0022
test_loss: 0.0180
epoch 564
train_loss: 0.0022
test_loss: 0.0180
epoch 565
train_loss: 0.0022
test_loss: 0.0180
epoch 566
train_loss: 0.0022
test_loss: 0.0179
epoch 567
train_loss: 0.0022
test_loss: 0.0179
epoch 568
train_loss: 0.0022
test_loss: 0.0180
epoch 569
train_loss: 0.0022
test_loss: 0.0179
epoch 570
train_loss: 0.0022
test_loss: 0.0179
epoch 571
train_loss: 0.0022
test_loss: 0.0179
epoch 572
train_loss: 0.0022
test_loss: 0.0179
epoch 573
train_loss: 0.0022
test_loss: 0.0179
epoch 574
train_loss: 0.0022
test_loss: 0.0179
epoch 575
train_loss: 0.0021
test_loss: 0.0178
epoch 576
train_loss: 0.0021
test_loss: 0.0179
epoch 577
train_loss: 0.0021
test_loss: 0.0179
epoch 578
train_loss: 0.0021
test_loss: 0.0178
epoch 579
train_loss: 0.0021
test_loss: 0.0178
epoch 580
train_loss: 0.0021
test_loss: 0.0178
epoch 581
train_loss: 0.0021
test_loss: 0.0178
epoch 582
train_loss: 0.0021
test_loss: 0.0178
epoch 583
train_loss: 0.0021
test_loss: 0.0178
epoch 584
train_loss: 0.0021
test_loss: 0.0178
epoch 585
train_loss: 0.0021
test_loss: 0.0178
epoch 586
train_loss: 0.0021
test_loss: 0.0178
epoch 587
train_loss: 0.0021
test_loss: 0.0178
epoch 588
train_loss: 0.0021
test_loss: 0.0177
epoch 589
train_loss: 0.0021
test_loss: 0.0177
epoch 590
train_loss: 0.0021
test_loss: 0.0177
epoch 591
train_loss: 0.0021
test_loss: 0.0177
epoch 592
train_loss: 0.0021
test_loss: 0.0177
epoch 593
train_loss: 0.0021
test_loss: 0.0177
epoch 594
train_loss: 0.0021
test_loss: 0.0176
epoch 595
train_loss: 0.0021
test_loss: 0.0176
epoch 596
train_loss: 0.0021
test_loss: 0.0176
epoch 597
train_loss: 0.0020
test_loss: 0.0176
epoch 598
train_loss: 0.0020
test_loss: 0.0176
epoch 599
train_loss: 0.0020
test_loss: 0.0176
epoch 600
train_loss: 0.0020
test_loss: 0.0175
epoch 601
train_loss: 0.0020
test_loss: 0.0175
epoch 602
train_loss: 0.0020
test_loss: 0.0175
epoch 603
train_loss: 0.0020
test_loss: 0.0175
epoch 604
train_loss: 0.0020
test_loss: 0.0175
epoch 605
train_loss: 0.0020
test_loss: 0.0175
epoch 606
train_loss: 0.0020
test_loss: 0.0175
epoch 607
train_loss: 0.0020
test_loss: 0.0174
epoch 608
train_loss: 0.0020
test_loss: 0.0174
epoch 609
train_loss: 0.0020
test_loss: 0.0174
epoch 610
train_loss: 0.0020
test_loss: 0.0174
epoch 611
train_loss: 0.0020
test_loss: 0.0174
epoch 612
train_loss: 0.0020
test_loss: 0.0174
epoch 613
train_loss: 0.0020
test_loss: 0.0174
epoch 614
train_loss: 0.0020
test_loss: 0.0174
epoch 615
train_loss: 0.0020
test_loss: 0.0173
epoch 616
train_loss: 0.0020
test_loss: 0.0173
epoch 617
train_loss: 0.0020
test_loss: 0.0173
epoch 618
train_loss: 0.0020
test_loss: 0.0173
epoch 619
train_loss: 0.0020
test_loss: 0.0172
epoch 620
train_loss: 0.0020
test_loss: 0.0173
epoch 621
train_loss: 0.0020
test_loss: 0.0172
epoch 622
train_loss: 0.0020
test_loss: 0.0172
epoch 623
train_loss: 0.0019
test_loss: 0.0172
epoch 624
train_loss: 0.0019
test_loss: 0.0172
epoch 625
train_loss: 0.0019
test_loss: 0.0172
epoch 626
train_loss: 0.0019
test_loss: 0.0172
epoch 627
train_loss: 0.0019
test_loss: 0.0172
epoch 628
train_loss: 0.0019
test_loss: 0.0171
epoch 629
train_loss: 0.0019
test_loss: 0.0171
epoch 630
train_loss: 0.0019
test_loss: 0.0171
epoch 631
train_loss: 0.0019
test_loss: 0.0171
epoch 632
train_loss: 0.0019
test_loss: 0.0171
epoch 633
train_loss: 0.0019
test_loss: 0.0171
epoch 634
train_loss: 0.0019
test_loss: 0.0171
epoch 635
train_loss: 0.0019
test_loss: 0.0171
epoch 636
train_loss: 0.0019
test_loss: 0.0170
epoch 637
train_loss: 0.0019
test_loss: 0.0171
epoch 638
train_loss: 0.0019
test_loss: 0.0170
epoch 639
train_loss: 0.0019
test_loss: 0.0170
epoch 640
train_loss: 0.0019
test_loss: 0.0170
epoch 641
train_loss: 0.0019
test_loss: 0.0170
epoch 642
train_loss: 0.0019
test_loss: 0.0170
epoch 643
train_loss: 0.0019
test_loss: 0.0170
epoch 644
train_loss: 0.0019
test_loss: 0.0170
epoch 645
train_loss: 0.0019
test_loss: 0.0169
epoch 646
train_loss: 0.0019
test_loss: 0.0169
epoch 647
train_loss: 0.0019
test_loss: 0.0169
epoch 648
train_loss: 0.0019
test_loss: 0.0169
epoch 649
train_loss: 0.0019
test_loss: 0.0169
epoch 650
train_loss: 0.0019
test_loss: 0.0169
epoch 651
train_loss: 0.0019
test_loss: 0.0169
epoch 652
train_loss: 0.0019
test_loss: 0.0169
epoch 653
train_loss: 0.0019
test_loss: 0.0169
epoch 654
train_loss: 0.0019
test_loss: 0.0169
epoch 655
train_loss: 0.0019
test_loss: 0.0168
epoch 656
train_loss: 0.0018
test_loss: 0.0168
epoch 657
train_loss: 0.0018
test_loss: 0.0168
epoch 658
train_loss: 0.0018
test_loss: 0.0168
epoch 659
train_loss: 0.0018
test_loss: 0.0168
epoch 660
train_loss: 0.0018
test_loss: 0.0168
epoch 661
train_loss: 0.0018
test_loss: 0.0168
epoch 662
train_loss: 0.0018
test_loss: 0.0168
epoch 663
train_loss: 0.0018
test_loss: 0.0168
epoch 664
train_loss: 0.0018
test_loss: 0.0167
epoch 665
train_loss: 0.0018
test_loss: 0.0167
epoch 666
train_loss: 0.0018
test_loss: 0.0167
epoch 667
train_loss: 0.0018
test_loss: 0.0167
epoch 668
train_loss: 0.0018
test_loss: 0.0167
epoch 669
train_loss: 0.0018
test_loss: 0.0167
epoch 670
train_loss: 0.0018
test_loss: 0.0167
epoch 671
train_loss: 0.0018
test_loss: 0.0167
epoch 672
train_loss: 0.0018
test_loss: 0.0167
epoch 673
train_loss: 0.0018
test_loss: 0.0167
epoch 674
train_loss: 0.0018
test_loss: 0.0166
epoch 675
train_loss: 0.0018
test_loss: 0.0166
epoch 676
train_loss: 0.0018
test_loss: 0.0166
epoch 677
train_loss: 0.0018
test_loss: 0.0166
epoch 678
train_loss: 0.0018
test_loss: 0.0166
epoch 679
train_loss: 0.0018
test_loss: 0.0166
epoch 680
train_loss: 0.0018
test_loss: 0.0166
epoch 681
train_loss: 0.0018
test_loss: 0.0166
epoch 682
train_loss: 0.0018
test_loss: 0.0166
epoch 683
train_loss: 0.0018
test_loss: 0.0165
epoch 684
train_loss: 0.0018
test_loss: 0.0166
epoch 685
train_loss: 0.0018
test_loss: 0.0165
epoch 686
train_loss: 0.0018
test_loss: 0.0165
epoch 687
train_loss: 0.0018
test_loss: 0.0165
epoch 688
train_loss: 0.0018
test_loss: 0.0165
epoch 689
train_loss: 0.0018
test_loss: 0.0165
epoch 690
train_loss: 0.0018
test_loss: 0.0165
epoch 691
train_loss: 0.0018
test_loss: 0.0165
epoch 692
train_loss: 0.0018
test_loss: 0.0164
epoch 693
train_loss: 0.0018
test_loss: 0.0165
epoch 694
train_loss: 0.0017
test_loss: 0.0165
epoch 695
train_loss: 0.0018
test_loss: 0.0164
epoch 696
train_loss: 0.0017
test_loss: 0.0164
epoch 697
train_loss: 0.0017
test_loss: 0.0164
epoch 698
train_loss: 0.0017
test_loss: 0.0164
epoch 699
train_loss: 0.0017
test_loss: 0.0164
epoch 700
train_loss: 0.0017
test_loss: 0.0164
epoch 701
train_loss: 0.0017
test_loss: 0.0164
epoch 702
train_loss: 0.0017
test_loss: 0.0163
epoch 703
train_loss: 0.0017
test_loss: 0.0164
epoch 704
train_loss: 0.0017
test_loss: 0.0164
epoch 705
train_loss: 0.0017
test_loss: 0.0163
epoch 706
train_loss: 0.0017
test_loss: 0.0163
epoch 707
train_loss: 0.0017
test_loss: 0.0163
epoch 708
train_loss: 0.0017
test_loss: 0.0163
epoch 709
train_loss: 0.0017
test_loss: 0.0163
epoch 710
train_loss: 0.0017
test_loss: 0.0163
epoch 711
train_loss: 0.0017
test_loss: 0.0163
epoch 712
train_loss: 0.0017
test_loss: 0.0163
epoch 713
train_loss: 0.0017
test_loss: 0.0163
epoch 714
train_loss: 0.0017
test_loss: 0.0162
epoch 715
train_loss: 0.0017
test_loss: 0.0162
epoch 716
train_loss: 0.0017
test_loss: 0.0162
epoch 717
train_loss: 0.0017
test_loss: 0.0162
epoch 718
train_loss: 0.0017
test_loss: 0.0162
epoch 719
train_loss: 0.0017
test_loss: 0.0162
epoch 720
train_loss: 0.0017
test_loss: 0.0162
epoch 721
train_loss: 0.0017
test_loss: 0.0162
epoch 722
train_loss: 0.0017
test_loss: 0.0162
epoch 723
train_loss: 0.0017
test_loss: 0.0161
epoch 724
train_loss: 0.0017
test_loss: 0.0162
epoch 725
train_loss: 0.0017
test_loss: 0.0161
epoch 726
train_loss: 0.0017
test_loss: 0.0162
epoch 727
train_loss: 0.0017
test_loss: 0.0161
epoch 728
train_loss: 0.0017
test_loss: 0.0161
epoch 729
train_loss: 0.0017
test_loss: 0.0161
epoch 730
train_loss: 0.0017
test_loss: 0.0161
epoch 731
train_loss: 0.0017
test_loss: 0.0161
epoch 732
train_loss: 0.0017
test_loss: 0.0161
epoch 733
train_loss: 0.0017
test_loss: 0.0161
epoch 734
train_loss: 0.0017
test_loss: 0.0161
epoch 735
train_loss: 0.0017
test_loss: 0.0161
epoch 736
train_loss: 0.0017
test_loss: 0.0161
epoch 737
train_loss: 0.0017
test_loss: 0.0160
epoch 738
train_loss: 0.0017
test_loss: 0.0160
epoch 739
train_loss: 0.0017
test_loss: 0.0160
epoch 740
train_loss: 0.0017
test_loss: 0.0160
epoch 741
train_loss: 0.0017
test_loss: 0.0160
epoch 742
train_loss: 0.0017
test_loss: 0.0160
epoch 743
train_loss: 0.0017
test_loss: 0.0160
epoch 744
train_loss: 0.0017
test_loss: 0.0160
epoch 745
train_loss: 0.0017
test_loss: 0.0160
epoch 746
train_loss: 0.0017
test_loss: 0.0160
epoch 747
train_loss: 0.0016
test_loss: 0.0159
epoch 748
train_loss: 0.0016
test_loss: 0.0159
epoch 749
train_loss: 0.0016
test_loss: 0.0160
epoch 750
train_loss: 0.0016
test_loss: 0.0159
epoch 751
train_loss: 0.0016
test_loss: 0.0159
epoch 752
train_loss: 0.0016
test_loss: 0.0159
epoch 753
train_loss: 0.0016
test_loss: 0.0159
epoch 754
train_loss: 0.0016
test_loss: 0.0159
epoch 755
train_loss: 0.0016
test_loss: 0.0159
epoch 756
train_loss: 0.0016
test_loss: 0.0159
epoch 757
train_loss: 0.0016
test_loss: 0.0159
epoch 758
train_loss: 0.0016
test_loss: 0.0158
epoch 759
train_loss: 0.0016
test_loss: 0.0159
epoch 760
train_loss: 0.0016
test_loss: 0.0159
epoch 761
train_loss: 0.0016
test_loss: 0.0158
epoch 762
train_loss: 0.0016
test_loss: 0.0158
epoch 763
train_loss: 0.0016
test_loss: 0.0159
epoch 764
train_loss: 0.0016
test_loss: 0.0158
epoch 765
train_loss: 0.0016
test_loss: 0.0158
epoch 766
train_loss: 0.0016
test_loss: 0.0158
epoch 767
train_loss: 0.0016
test_loss: 0.0158
epoch 768
train_loss: 0.0016
test_loss: 0.0158
epoch 769
train_loss: 0.0016
test_loss: 0.0158
epoch 770
train_loss: 0.0016
test_loss: 0.0158
epoch 771
train_loss: 0.0016
test_loss: 0.0158
epoch 772
train_loss: 0.0016
test_loss: 0.0158
epoch 773
train_loss: 0.0016
test_loss: 0.0158
epoch 774
train_loss: 0.0016
test_loss: 0.0157
epoch 775
train_loss: 0.0016
test_loss: 0.0157
epoch 776
train_loss: 0.0016
test_loss: 0.0157
epoch 777
train_loss: 0.0016
test_loss: 0.0157
epoch 778
train_loss: 0.0016
test_loss: 0.0157
epoch 779
train_loss: 0.0016
test_loss: 0.0157
epoch 780
train_loss: 0.0016
test_loss: 0.0157
epoch 781
train_loss: 0.0016
test_loss: 0.0157
epoch 782
train_loss: 0.0016
test_loss: 0.0156
epoch 783
train_loss: 0.0016
test_loss: 0.0157
epoch 784
train_loss: 0.0016
test_loss: 0.0156
epoch 785
train_loss: 0.0016
test_loss: 0.0156
epoch 786
train_loss: 0.0016
test_loss: 0.0156
epoch 787
train_loss: 0.0016
test_loss: 0.0156
epoch 788
train_loss: 0.0016
test_loss: 0.0156
epoch 789
train_loss: 0.0016
test_loss: 0.0156
epoch 790
train_loss: 0.0016
test_loss: 0.0156
epoch 791
train_loss: 0.0016
test_loss: 0.0156
epoch 792
train_loss: 0.0016
test_loss: 0.0156
epoch 793
train_loss: 0.0016
test_loss: 0.0156
epoch 794
train_loss: 0.0016
test_loss: 0.0156
epoch 795
train_loss: 0.0016
test_loss: 0.0156
epoch 796
train_loss: 0.0016
test_loss: 0.0156
epoch 797
train_loss: 0.0016
test_loss: 0.0156
epoch 798
train_loss: 0.0016
test_loss: 0.0156
epoch 799
train_loss: 0.0016
test_loss: 0.0156
epoch 800
train_loss: 0.0016
test_loss: 0.0155
epoch 801
train_loss: 0.0016
test_loss: 0.0155
epoch 802
train_loss: 0.0016
test_loss: 0.0155
epoch 803
train_loss: 0.0016
test_loss: 0.0155
epoch 804
train_loss: 0.0016
test_loss: 0.0155
epoch 805
train_loss: 0.0016
test_loss: 0.0155
epoch 806
train_loss: 0.0016
test_loss: 0.0155
epoch 807
train_loss: 0.0016
test_loss: 0.0155
epoch 808
train_loss: 0.0016
test_loss: 0.0155
epoch 809
train_loss: 0.0016
test_loss: 0.0155
epoch 810
train_loss: 0.0015
test_loss: 0.0155
epoch 811
train_loss: 0.0015
test_loss: 0.0155
epoch 812
train_loss: 0.0015
test_loss: 0.0155
epoch 813
train_loss: 0.0015
test_loss: 0.0155
epoch 814
train_loss: 0.0015
test_loss: 0.0155
epoch 815
train_loss: 0.0015
test_loss: 0.0155
epoch 816
train_loss: 0.0015
test_loss: 0.0155
epoch 817
train_loss: 0.0015
test_loss: 0.0155
epoch 818
train_loss: 0.0015
test_loss: 0.0154
epoch 819
train_loss: 0.0015
test_loss: 0.0155
epoch 820
train_loss: 0.0015
test_loss: 0.0155
epoch 821
train_loss: 0.0015
test_loss: 0.0155
epoch 822
train_loss: 0.0015
test_loss: 0.0154
epoch 823
train_loss: 0.0015
test_loss: 0.0154
epoch 824
train_loss: 0.0015
test_loss: 0.0154
epoch 825
train_loss: 0.0015
test_loss: 0.0154
epoch 826
train_loss: 0.0015
test_loss: 0.0155
epoch 827
train_loss: 0.0015
test_loss: 0.0154
epoch 828
train_loss: 0.0015
test_loss: 0.0154
epoch 829
train_loss: 0.0015
test_loss: 0.0154
epoch 830
train_loss: 0.0015
test_loss: 0.0154
epoch 831
train_loss: 0.0015
test_loss: 0.0154
epoch 832
train_loss: 0.0015
test_loss: 0.0154
epoch 833
train_loss: 0.0015
test_loss: 0.0154
epoch 834
train_loss: 0.0015
test_loss: 0.0154
epoch 835
train_loss: 0.0015
test_loss: 0.0154
epoch 836
train_loss: 0.0015
test_loss: 0.0154
epoch 837
train_loss: 0.0015
test_loss: 0.0154
epoch 838
train_loss: 0.0015
test_loss: 0.0153
epoch 839
train_loss: 0.0015
test_loss: 0.0154
epoch 840
train_loss: 0.0015
test_loss: 0.0154
epoch 841
train_loss: 0.0015
test_loss: 0.0153
epoch 842
train_loss: 0.0015
test_loss: 0.0153
epoch 843
train_loss: 0.0015
test_loss: 0.0153
epoch 844
train_loss: 0.0015
test_loss: 0.0153
epoch 845
train_loss: 0.0015
test_loss: 0.0153
epoch 846
train_loss: 0.0015
test_loss: 0.0153
epoch 847
train_loss: 0.0015
test_loss: 0.0153
epoch 848
train_loss: 0.0015
test_loss: 0.0153
epoch 849
train_loss: 0.0015
test_loss: 0.0153
epoch 850
train_loss: 0.0015
test_loss: 0.0153
epoch 851
train_loss: 0.0015
test_loss: 0.0153
epoch 852
train_loss: 0.0015
test_loss: 0.0153
epoch 853
train_loss: 0.0015
test_loss: 0.0153
epoch 854
train_loss: 0.0015
test_loss: 0.0153
epoch 855
train_loss: 0.0015
test_loss: 0.0153
epoch 856
train_loss: 0.0015
test_loss: 0.0153
epoch 857
train_loss: 0.0015
test_loss: 0.0153
epoch 858
train_loss: 0.0015
test_loss: 0.0152
epoch 859
train_loss: 0.0015
test_loss: 0.0153
epoch 860
train_loss: 0.0015
test_loss: 0.0152
epoch 861
train_loss: 0.0015
test_loss: 0.0152
epoch 862
train_loss: 0.0015
test_loss: 0.0152
epoch 863
train_loss: 0.0015
test_loss: 0.0152
epoch 864
train_loss: 0.0015
test_loss: 0.0152
epoch 865
train_loss: 0.0015
test_loss: 0.0152
epoch 866
train_loss: 0.0015
test_loss: 0.0152
epoch 867
train_loss: 0.0015
test_loss: 0.0152
epoch 868
train_loss: 0.0015
test_loss: 0.0152
epoch 869
train_loss: 0.0015
test_loss: 0.0152
epoch 870
train_loss: 0.0015
test_loss: 0.0151
epoch 871
train_loss: 0.0015
test_loss: 0.0152
epoch 872
train_loss: 0.0015
test_loss: 0.0151
epoch 873
train_loss: 0.0015
test_loss: 0.0152
epoch 874
train_loss: 0.0015
test_loss: 0.0151
epoch 875
train_loss: 0.0015
test_loss: 0.0152
epoch 876
train_loss: 0.0015
test_loss: 0.0151
epoch 877
train_loss: 0.0015
test_loss: 0.0151
epoch 878
train_loss: 0.0015
test_loss: 0.0151
epoch 879
train_loss: 0.0015
test_loss: 0.0151
epoch 880
train_loss: 0.0015
test_loss: 0.0151
epoch 881
train_loss: 0.0015
test_loss: 0.0151
epoch 882
train_loss: 0.0015
test_loss: 0.0151
epoch 883
train_loss: 0.0015
test_loss: 0.0151
epoch 884
train_loss: 0.0015
test_loss: 0.0151
epoch 885
train_loss: 0.0015
test_loss: 0.0151
epoch 886
train_loss: 0.0015
test_loss: 0.0151
epoch 887
train_loss: 0.0015
test_loss: 0.0151
epoch 888
train_loss: 0.0015
test_loss: 0.0150
epoch 889
train_loss: 0.0015
test_loss: 0.0151
epoch 890
train_loss: 0.0015
test_loss: 0.0151
epoch 891
train_loss: 0.0015
test_loss: 0.0150
epoch 892
train_loss: 0.0015
test_loss: 0.0150
epoch 893
train_loss: 0.0015
test_loss: 0.0150
epoch 894
train_loss: 0.0015
test_loss: 0.0150
epoch 895
train_loss: 0.0015
test_loss: 0.0150
epoch 896
train_loss: 0.0015
test_loss: 0.0150
epoch 897
train_loss: 0.0015
test_loss: 0.0150
epoch 898
train_loss: 0.0015
test_loss: 0.0150
epoch 899
train_loss: 0.0015
test_loss: 0.0150
epoch 900
train_loss: 0.0015
test_loss: 0.0150
epoch 901
train_loss: 0.0015
test_loss: 0.0150
epoch 902
train_loss: 0.0015
test_loss: 0.0150
epoch 903
train_loss: 0.0015
test_loss: 0.0150
epoch 904
train_loss: 0.0015
test_loss: 0.0149
epoch 905
train_loss: 0.0015
test_loss: 0.0150
epoch 906
train_loss: 0.0015
test_loss: 0.0149
epoch 907
train_loss: 0.0015
test_loss: 0.0149
epoch 908
train_loss: 0.0015
test_loss: 0.0150
epoch 909
train_loss: 0.0015
test_loss: 0.0149
epoch 910
train_loss: 0.0015
test_loss: 0.0149
epoch 911
train_loss: 0.0015
test_loss: 0.0149
epoch 912
train_loss: 0.0015
test_loss: 0.0149
epoch 913
train_loss: 0.0014
test_loss: 0.0149
epoch 914
train_loss: 0.0014
test_loss: 0.0149
epoch 915
train_loss: 0.0014
test_loss: 0.0149
epoch 916
train_loss: 0.0014
test_loss: 0.0149
epoch 917
train_loss: 0.0014
test_loss: 0.0149
epoch 918
train_loss: 0.0014
test_loss: 0.0149
epoch 919
train_loss: 0.0014
test_loss: 0.0149
epoch 920
train_loss: 0.0014
test_loss: 0.0148
epoch 921
train_loss: 0.0014
test_loss: 0.0149
epoch 922
train_loss: 0.0014
test_loss: 0.0149
epoch 923
train_loss: 0.0014
test_loss: 0.0148
epoch 924
train_loss: 0.0014
test_loss: 0.0148
epoch 925
train_loss: 0.0014
test_loss: 0.0149
epoch 926
train_loss: 0.0014
test_loss: 0.0148
epoch 927
train_loss: 0.0014
test_loss: 0.0148
epoch 928
train_loss: 0.0014
test_loss: 0.0148
epoch 929
train_loss: 0.0014
test_loss: 0.0148
epoch 930
train_loss: 0.0014
test_loss: 0.0148
epoch 931
train_loss: 0.0014
test_loss: 0.0147
epoch 932
train_loss: 0.0014
test_loss: 0.0148
epoch 933
train_loss: 0.0014
test_loss: 0.0148
epoch 934
train_loss: 0.0014
test_loss: 0.0148
epoch 935
train_loss: 0.0014
test_loss: 0.0148
epoch 936
train_loss: 0.0014
test_loss: 0.0148
epoch 937
train_loss: 0.0014
test_loss: 0.0148
epoch 938
train_loss: 0.0014
test_loss: 0.0148
epoch 939
train_loss: 0.0014
test_loss: 0.0148
epoch 940
train_loss: 0.0014
test_loss: 0.0147
epoch 941
train_loss: 0.0014
test_loss: 0.0147
epoch 942
train_loss: 0.0014
test_loss: 0.0147
epoch 943
train_loss: 0.0014
test_loss: 0.0147
epoch 944
train_loss: 0.0014
test_loss: 0.0147
epoch 945
train_loss: 0.0014
test_loss: 0.0147
epoch 946
train_loss: 0.0014
test_loss: 0.0147
epoch 947
train_loss: 0.0014
test_loss: 0.0147
epoch 948
train_loss: 0.0014
test_loss: 0.0147
epoch 949
train_loss: 0.0014
test_loss: 0.0147
epoch 950
train_loss: 0.0014
test_loss: 0.0147
epoch 951
train_loss: 0.0014
test_loss: 0.0146
epoch 952
train_loss: 0.0014
test_loss: 0.0146
epoch 953
train_loss: 0.0014
test_loss: 0.0146
epoch 954
train_loss: 0.0014
test_loss: 0.0146
epoch 955
train_loss: 0.0014
test_loss: 0.0146
epoch 956
train_loss: 0.0014
test_loss: 0.0146
epoch 957
train_loss: 0.0014
test_loss: 0.0146
epoch 958
train_loss: 0.0014
test_loss: 0.0146
epoch 959
train_loss: 0.0014
test_loss: 0.0146
epoch 960
train_loss: 0.0014
test_loss: 0.0146
epoch 961
train_loss: 0.0014
test_loss: 0.0146
epoch 962
train_loss: 0.0014
test_loss: 0.0146
epoch 963
train_loss: 0.0014
test_loss: 0.0146
epoch 964
train_loss: 0.0014
test_loss: 0.0146
epoch 965
train_loss: 0.0014
test_loss: 0.0146
epoch 966
train_loss: 0.0014
test_loss: 0.0145
epoch 967
train_loss: 0.0014
test_loss: 0.0145
epoch 968
train_loss: 0.0014
test_loss: 0.0146
epoch 969
train_loss: 0.0014
test_loss: 0.0145
epoch 970
train_loss: 0.0014
test_loss: 0.0145
epoch 971
train_loss: 0.0014
test_loss: 0.0145
epoch 972
train_loss: 0.0014
test_loss: 0.0145
epoch 973
train_loss: 0.0014
test_loss: 0.0145
epoch 974
train_loss: 0.0014
test_loss: 0.0145
epoch 975
train_loss: 0.0014
test_loss: 0.0145
epoch 976
train_loss: 0.0014
test_loss: 0.0145
epoch 977
train_loss: 0.0014
test_loss: 0.0145
epoch 978
train_loss: 0.0014
test_loss: 0.0145
epoch 979
train_loss: 0.0014
test_loss: 0.0145
epoch 980
train_loss: 0.0014
test_loss: 0.0145
epoch 981
train_loss: 0.0014
test_loss: 0.0145
epoch 982
train_loss: 0.0014
test_loss: 0.0145
epoch 983
train_loss: 0.0014
test_loss: 0.0145
epoch 984
train_loss: 0.0014
test_loss: 0.0145
epoch 985
train_loss: 0.0014
test_loss: 0.0144
epoch 986
train_loss: 0.0014
test_loss: 0.0144
epoch 987
train_loss: 0.0014
test_loss: 0.0144
epoch 988
train_loss: 0.0014
test_loss: 0.0144
epoch 989
train_loss: 0.0014
test_loss: 0.0144
epoch 990
train_loss: 0.0014
test_loss: 0.0144
epoch 991
train_loss: 0.0014
test_loss: 0.0144
epoch 992
train_loss: 0.0014
test_loss: 0.0144
epoch 993
train_loss: 0.0014
test_loss: 0.0144
epoch 994
train_loss: 0.0014
test_loss: 0.0144
epoch 995
train_loss: 0.0014
test_loss: 0.0144
epoch 996
train_loss: 0.0014
test_loss: 0.0144
epoch 997
train_loss: 0.0014
test_loss: 0.0144
epoch 998
train_loss: 0.0014
test_loss: 0.0144
epoch 999
train_loss: 0.0014
test_loss: 0.0144
epoch 1000
train_loss: 0.0014
test_loss: 0.0144
epoch 1001
train_loss: 0.0014
test_loss: 0.0144
epoch 1002
train_loss: 0.0014
test_loss: 0.0143
epoch 1003
train_loss: 0.0014
test_loss: 0.0143
epoch 1004
train_loss: 0.0014
test_loss: 0.0143
epoch 1005
train_loss: 0.0014
test_loss: 0.0143
epoch 1006
train_loss: 0.0014
test_loss: 0.0143
epoch 1007
train_loss: 0.0014
test_loss: 0.0143
epoch 1008
train_loss: 0.0014
test_loss: 0.0143
epoch 1009
train_loss: 0.0014
test_loss: 0.0143
epoch 1010
train_loss: 0.0014
test_loss: 0.0143
epoch 1011
train_loss: 0.0014
test_loss: 0.0143
epoch 1012
train_loss: 0.0014
test_loss: 0.0143
epoch 1013
train_loss: 0.0014
test_loss: 0.0143
epoch 1014
train_loss: 0.0014
test_loss: 0.0143
epoch 1015
train_loss: 0.0014
test_loss: 0.0143
epoch 1016
train_loss: 0.0014
test_loss: 0.0143
epoch 1017
train_loss: 0.0014
test_loss: 0.0143
epoch 1018
train_loss: 0.0014
test_loss: 0.0143
epoch 1019
train_loss: 0.0014
test_loss: 0.0143
epoch 1020
train_loss: 0.0014
test_loss: 0.0143
epoch 1021
train_loss: 0.0014
test_loss: 0.0143
epoch 1022
train_loss: 0.0014
test_loss: 0.0142
epoch 1023
train_loss: 0.0014
test_loss: 0.0142
epoch 1024
train_loss: 0.0014
test_loss: 0.0142
epoch 1025
train_loss: 0.0014
test_loss: 0.0142
epoch 1026
train_loss: 0.0014
test_loss: 0.0143
epoch 1027
train_loss: 0.0014
test_loss: 0.0142
epoch 1028
train_loss: 0.0014
test_loss: 0.0142
epoch 1029
train_loss: 0.0014
test_loss: 0.0142
epoch 1030
train_loss: 0.0014
test_loss: 0.0143
epoch 1031
train_loss: 0.0014
test_loss: 0.0142
epoch 1032
train_loss: 0.0014
test_loss: 0.0142
epoch 1033
train_loss: 0.0014
test_loss: 0.0142
epoch 1034
train_loss: 0.0014
test_loss: 0.0142
epoch 1035
train_loss: 0.0014
test_loss: 0.0142
epoch 1036
train_loss: 0.0014
test_loss: 0.0142
epoch 1037
train_loss: 0.0014
test_loss: 0.0142
epoch 1038
train_loss: 0.0014
test_loss: 0.0142
epoch 1039
train_loss: 0.0014
test_loss: 0.0142
epoch 1040
train_loss: 0.0014
test_loss: 0.0142
epoch 1041
train_loss: 0.0014
test_loss: 0.0142
epoch 1042
train_loss: 0.0014
test_loss: 0.0142
epoch 1043
train_loss: 0.0014
test_loss: 0.0142
epoch 1044
train_loss: 0.0014
test_loss: 0.0142
epoch 1045
train_loss: 0.0014
test_loss: 0.0142
epoch 1046
train_loss: 0.0014
test_loss: 0.0142
epoch 1047
train_loss: 0.0014
test_loss: 0.0142
epoch 1048
train_loss: 0.0014
test_loss: 0.0142
epoch 1049
train_loss: 0.0014
test_loss: 0.0142
epoch 1050
train_loss: 0.0014
test_loss: 0.0141
epoch 1051
train_loss: 0.0014
test_loss: 0.0142
epoch 1052
train_loss: 0.0014
test_loss: 0.0141
epoch 1053
train_loss: 0.0014
test_loss: 0.0142
epoch 1054
train_loss: 0.0014
test_loss: 0.0142
epoch 1055
train_loss: 0.0014
test_loss: 0.0141
epoch 1056
train_loss: 0.0014
test_loss: 0.0141
epoch 1057
train_loss: 0.0014
test_loss: 0.0141
epoch 1058
train_loss: 0.0014
test_loss: 0.0141
epoch 1059
train_loss: 0.0014
test_loss: 0.0141
epoch 1060
train_loss: 0.0013
test_loss: 0.0141
epoch 1061
train_loss: 0.0013
test_loss: 0.0141
epoch 1062
train_loss: 0.0013
test_loss: 0.0141
epoch 1063
train_loss: 0.0013
test_loss: 0.0141
epoch 1064
train_loss: 0.0013
test_loss: 0.0141
epoch 1065
train_loss: 0.0013
test_loss: 0.0141
epoch 1066
train_loss: 0.0013
test_loss: 0.0141
epoch 1067
train_loss: 0.0013
test_loss: 0.0141
epoch 1068
train_loss: 0.0013
test_loss: 0.0141
epoch 1069
train_loss: 0.0013
test_loss: 0.0141
epoch 1070
train_loss: 0.0013
test_loss: 0.0141
epoch 1071
train_loss: 0.0013
test_loss: 0.0141
epoch 1072
train_loss: 0.0013
test_loss: 0.0141
epoch 1073
train_loss: 0.0013
test_loss: 0.0141
epoch 1074
train_loss: 0.0013
test_loss: 0.0141
epoch 1075
train_loss: 0.0013
test_loss: 0.0141
epoch 1076
train_loss: 0.0013
test_loss: 0.0141
epoch 1077
train_loss: 0.0013
test_loss: 0.0141
epoch 1078
train_loss: 0.0013
test_loss: 0.0140
epoch 1079
train_loss: 0.0013
test_loss: 0.0141
epoch 1080
train_loss: 0.0013
test_loss: 0.0141
epoch 1081
train_loss: 0.0013
test_loss: 0.0141
epoch 1082
train_loss: 0.0013
test_loss: 0.0141
epoch 1083
train_loss: 0.0013
test_loss: 0.0141
epoch 1084
train_loss: 0.0013
test_loss: 0.0141
epoch 1085
train_loss: 0.0013
test_loss: 0.0141
epoch 1086
train_loss: 0.0013
test_loss: 0.0141
epoch 1087
train_loss: 0.0013
test_loss: 0.0141
epoch 1088
train_loss: 0.0013
test_loss: 0.0141
epoch 1089
train_loss: 0.0013
test_loss: 0.0141
epoch 1090
train_loss: 0.0013
test_loss: 0.0141
epoch 1091
train_loss: 0.0013
test_loss: 0.0141
epoch 1092
train_loss: 0.0013
test_loss: 0.0140
epoch 1093
train_loss: 0.0013
test_loss: 0.0141
epoch 1094
train_loss: 0.0013
test_loss: 0.0141
epoch 1095
train_loss: 0.0013
test_loss: 0.0140
epoch 1096
train_loss: 0.0013
test_loss: 0.0140
epoch 1097
train_loss: 0.0013
test_loss: 0.0140
epoch 1098
train_loss: 0.0013
test_loss: 0.0140
epoch 1099
train_loss: 0.0013
test_loss: 0.0140
/home/xueqiong/noise_injection_uncertainty/regression/utils.py:39: FutureWarning: The 'delim_whitespace' keyword in pd.read_csv is deprecated and will be removed in a future version. Use ``sep='\s+'`` instead
  return pd.read_csv(dataset_path, engine='python', header=None, delim_whitespace=True)
8 1
614 154 768
model_name dropoutFCN
using Adam as optimizer
epoch 0
train_loss: 0.5503
Module: DropoutFullyConnectedNN
  Module: ModuleList
    Module: Linear
    Module: Linear
    Module: Linear
  Module: ModuleList
    Module: Dropout
dropout设置为训练模式
    Module: Dropout
dropout设置为训练模式
    Module: Dropout
dropout设置为训练模式
  Module: ReLU
test_loss: 0.2359
epoch 1
train_loss: 0.1641
Module: DropoutFullyConnectedNN
  Module: ModuleList
    Module: Linear
    Module: Linear
    Module: Linear
  Module: ModuleList
    Module: Dropout
dropout设置为训练模式
    Module: Dropout
dropout设置为训练模式
    Module: Dropout
dropout设置为训练模式
  Module: ReLU
test_loss: 0.1169
epoch 2
train_loss: 0.1014
Module: DropoutFullyConnectedNN
  Module: ModuleList
    Module: Linear
    Module: Linear
    Module: Linear
  Module: ModuleList
    Module: Dropout
dropout设置为训练模式
    Module: Dropout
dropout设置为训练模式
    Module: Dropout
dropout设置为训练模式
  Module: ReLU
test_loss: 0.0987
epoch 3
train_loss: 0.0856
Module: DropoutFullyConnectedNN
  Module: ModuleList
    Module: Linear
    Module: Linear
    Module: Linear
  Module: ModuleList
    Module: Dropout
dropout设置为训练模式
    Module: Dropout
dropout设置为训练模式
    Module: Dropout
dropout设置为训练模式
  Module: ReLU
test_loss: 0.0864
epoch 4
train_loss: 0.0759
Module: DropoutFullyConnectedNN
  Module: ModuleList
    Module: Linear
    Module: Linear
    Module: Linear
  Module: ModuleList
    Module: Dropout
dropout设置为训练模式
    Module: Dropout
dropout设置为训练模式
    Module: Dropout
dropout设置为训练模式
  Module: ReLU
test_loss: 0.0828
epoch 5
train_loss: 0.0737
Module: DropoutFullyConnectedNN
  Module: ModuleList
    Module: Linear
    Module: Linear
    Module: Linear
  Module: ModuleList
    Module: Dropout
dropout设置为训练模式
    Module: Dropout
dropout设置为训练模式
    Module: Dropout
dropout设置为训练模式
  Module: ReLU
test_loss: 0.0813
epoch 6
train_loss: 0.0691
Module: DropoutFullyConnectedNN
  Module: ModuleList
    Module: Linear
    Module: Linear
    Module: Linear
  Module: ModuleList
    Module: Dropout
dropout设置为训练模式
    Module: Dropout
dropout设置为训练模式
    Module: Dropout
dropout设置为训练模式
  Module: ReLU
test_loss: 0.0789
epoch 7
train_loss: 0.0666
Module: DropoutFullyConnectedNN
  Module: ModuleList
    Module: Linear
    Module: Linear
    Module: Linear
  Module: ModuleList
    Module: Dropout
dropout设置为训练模式
    Module: Dropout
dropout设置为训练模式
    Module: Dropout
dropout设置为训练模式
  Module: ReLU
test_loss: 0.0771
epoch 8
train_loss: 0.0629
Module: DropoutFullyConnectedNN
  Module: ModuleList
    Module: Linear
    Module: Linear
    Module: Linear
  Module: ModuleList
    Module: Dropout
dropout设置为训练模式
    Module: Dropout
dropout设置为训练模式
    Module: Dropout
dropout设置为训练模式
  Module: ReLU
test_loss: 0.0745
epoch 9
train_loss: 0.0616
Module: DropoutFullyConnectedNN
  Module: ModuleList
    Module: Linear
    Module: Linear
    Module: Linear
  Module: ModuleList
    Module: Dropout
dropout设置为训练模式
    Module: Dropout
dropout设置为训练模式
    Module: Dropout
dropout设置为训练模式
  Module: ReLU
test_loss: 0.0722
epoch 10
train_loss: 0.0588
Module: DropoutFullyConnectedNN
  Module: ModuleList
    Module: Linear
    Module: Linear
    Module: Linear
  Module: ModuleList
    Module: Dropout
dropout设置为训练模式
    Module: Dropout
dropout设置为训练模式
    Module: Dropout
dropout设置为训练模式
  Module: ReLU
test_loss: 0.0688
epoch 11
train_loss: 0.0554
Module: DropoutFullyConnectedNN
  Module: ModuleList
    Module: Linear
    Module: Linear
    Module: Linear
  Module: ModuleList
    Module: Dropout
dropout设置为训练模式
    Module: Dropout
dropout设置为训练模式
    Module: Dropout
dropout设置为训练模式
  Module: ReLU
test_loss: 0.0671
epoch 12
train_loss: 0.0535
Module: DropoutFullyConnectedNN
  Module: ModuleList
    Module: Linear
    Module: Linear
    Module: Linear
  Module: ModuleList
    Module: Dropout
dropout设置为训练模式
    Module: Dropout
dropout设置为训练模式
    Module: Dropout
dropout设置为训练模式
  Module: ReLU
test_loss: 0.0652
epoch 13
train_loss: 0.0505
Module: DropoutFullyConnectedNN
  Module: ModuleList
    Module: Linear
    Module: Linear
    Module: Linear
  Module: ModuleList
    Module: Dropout
dropout设置为训练模式
    Module: Dropout
dropout设置为训练模式
    Module: Dropout
dropout设置为训练模式
  Module: ReLU
test_loss: 0.0602
epoch 14
train_loss: 0.0489
Module: DropoutFullyConnectedNN
  Module: ModuleList
    Module: Linear
    Module: Linear
    Module: Linear
  Module: ModuleList
    Module: Dropout
dropout设置为训练模式
    Module: Dropout
dropout设置为训练模式
    Module: Dropout
dropout设置为训练模式
  Module: ReLU
test_loss: 0.0597
epoch 15
train_loss: 0.0443
Module: DropoutFullyConnectedNN
  Module: ModuleList
    Module: Linear
    Module: Linear
    Module: Linear
  Module: ModuleList
    Module: Dropout
dropout设置为训练模式
    Module: Dropout
dropout设置为训练模式
    Module: Dropout
dropout设置为训练模式
  Module: ReLU
test_loss: 0.0539
epoch 16
train_loss: 0.0412
Module: DropoutFullyConnectedNN
  Module: ModuleList
    Module: Linear
    Module: Linear
    Module: Linear
  Module: ModuleList
    Module: Dropout
dropout设置为训练模式
    Module: Dropout
dropout设置为训练模式
    Module: Dropout
dropout设置为训练模式
  Module: ReLU
test_loss: 0.0502
epoch 17
train_loss: 0.0390
Module: DropoutFullyConnectedNN
  Module: ModuleList
    Module: Linear
    Module: Linear
    Module: Linear
  Module: ModuleList
    Module: Dropout
dropout设置为训练模式
    Module: Dropout
dropout设置为训练模式
    Module: Dropout
dropout设置为训练模式
  Module: ReLU
test_loss: 0.0532
epoch 18
train_loss: 0.0354
Module: DropoutFullyConnectedNN
  Module: ModuleList
    Module: Linear
    Module: Linear
    Module: Linear
  Module: ModuleList
    Module: Dropout
dropout设置为训练模式
    Module: Dropout
dropout设置为训练模式
    Module: Dropout
dropout设置为训练模式
  Module: ReLU
test_loss: 0.0494
epoch 19
train_loss: 0.0340
Module: DropoutFullyConnectedNN
  Module: ModuleList
    Module: Linear
    Module: Linear
    Module: Linear
  Module: ModuleList
    Module: Dropout
dropout设置为训练模式
    Module: Dropout
dropout设置为训练模式
    Module: Dropout
dropout设置为训练模式
  Module: ReLU
test_loss: 0.0490
epoch 20
train_loss: 0.0312
Module: DropoutFullyConnectedNN
  Module: ModuleList
    Module: Linear
    Module: Linear
    Module: Linear
  Module: ModuleList
    Module: Dropout
dropout设置为训练模式
    Module: Dropout
dropout设置为训练模式
    Module: Dropout
dropout设置为训练模式
  Module: ReLU
test_loss: 0.0435
epoch 21
train_loss: 0.0299
Module: DropoutFullyConnectedNN
  Module: ModuleList
    Module: Linear
    Module: Linear
    Module: Linear
  Module: ModuleList
    Module: Dropout
dropout设置为训练模式
    Module: Dropout
dropout设置为训练模式
    Module: Dropout
dropout设置为训练模式
  Module: ReLU
test_loss: 0.0417
epoch 22
train_loss: 0.0257
Module: DropoutFullyConnectedNN
  Module: ModuleList
    Module: Linear
    Module: Linear
    Module: Linear
  Module: ModuleList
    Module: Dropout
dropout设置为训练模式
    Module: Dropout
dropout设置为训练模式
    Module: Dropout
dropout设置为训练模式
  Module: ReLU
test_loss: 0.0417
epoch 23
train_loss: 0.0239
Module: DropoutFullyConnectedNN
  Module: ModuleList
    Module: Linear
    Module: Linear
    Module: Linear
  Module: ModuleList
    Module: Dropout
dropout设置为训练模式
    Module: Dropout
dropout设置为训练模式
    Module: Dropout
dropout设置为训练模式
  Module: ReLU
test_loss: 0.0382
epoch 24
train_loss: 0.0245
Module: DropoutFullyConnectedNN
  Module: ModuleList
    Module: Linear
    Module: Linear
    Module: Linear
  Module: ModuleList
    Module: Dropout
dropout设置为训练模式
    Module: Dropout
dropout设置为训练模式
    Module: Dropout
dropout设置为训练模式
  Module: ReLU
test_loss: 0.0347
epoch 25
train_loss: 0.0243
Module: DropoutFullyConnectedNN
  Module: ModuleList
    Module: Linear
    Module: Linear
    Module: Linear
  Module: ModuleList
    Module: Dropout
dropout设置为训练模式
    Module: Dropout
dropout设置为训练模式
    Module: Dropout
dropout设置为训练模式
  Module: ReLU
test_loss: 0.0355
epoch 26
train_loss: 0.0213
Module: DropoutFullyConnectedNN
  Module: ModuleList
    Module: Linear
    Module: Linear
    Module: Linear
  Module: ModuleList
    Module: Dropout
dropout设置为训练模式
    Module: Dropout
dropout设置为训练模式
    Module: Dropout
dropout设置为训练模式
  Module: ReLU
test_loss: 0.0339
epoch 27
train_loss: 0.0207
Module: DropoutFullyConnectedNN
  Module: ModuleList
    Module: Linear
    Module: Linear
    Module: Linear
  Module: ModuleList
    Module: Dropout
dropout设置为训练模式
    Module: Dropout
dropout设置为训练模式
    Module: Dropout
dropout设置为训练模式
  Module: ReLU
test_loss: 0.0312
epoch 28
train_loss: 0.0188
Module: DropoutFullyConnectedNN
  Module: ModuleList
    Module: Linear
    Module: Linear
    Module: Linear
  Module: ModuleList
    Module: Dropout
dropout设置为训练模式
    Module: Dropout
dropout设置为训练模式
    Module: Dropout
dropout设置为训练模式
  Module: ReLU
test_loss: 0.0343
epoch 29
train_loss: 0.0203
Module: DropoutFullyConnectedNN
  Module: ModuleList
    Module: Linear
    Module: Linear
    Module: Linear
  Module: ModuleList
    Module: Dropout
dropout设置为训练模式
    Module: Dropout
dropout设置为训练模式
    Module: Dropout
dropout设置为训练模式
  Module: ReLU
test_loss: 0.0306
epoch 30
train_loss: 0.0192
Module: DropoutFullyConnectedNN
  Module: ModuleList
    Module: Linear
    Module: Linear
    Module: Linear
  Module: ModuleList
    Module: Dropout
dropout设置为训练模式
    Module: Dropout
dropout设置为训练模式
    Module: Dropout
dropout设置为训练模式
  Module: ReLU
test_loss: 0.0280
epoch 31
train_loss: 0.0168
Module: DropoutFullyConnectedNN
  Module: ModuleList
    Module: Linear
    Module: Linear
    Module: Linear
  Module: ModuleList
    Module: Dropout
dropout设置为训练模式
    Module: Dropout
dropout设置为训练模式
    Module: Dropout
dropout设置为训练模式
  Module: ReLU
test_loss: 0.0304
epoch 32
train_loss: 0.0219
Module: DropoutFullyConnectedNN
  Module: ModuleList
    Module: Linear
    Module: Linear
    Module: Linear
  Module: ModuleList
    Module: Dropout
dropout设置为训练模式
    Module: Dropout
dropout设置为训练模式
    Module: Dropout
dropout设置为训练模式
  Module: ReLU
test_loss: 0.0274
epoch 33
train_loss: 0.0141
Module: DropoutFullyConnectedNN
  Module: ModuleList
    Module: Linear
    Module: Linear
    Module: Linear
  Module: ModuleList
    Module: Dropout
dropout设置为训练模式
    Module: Dropout
dropout设置为训练模式
    Module: Dropout
dropout设置为训练模式
  Module: ReLU
test_loss: 0.0297
epoch 34
train_loss: 0.0166
Module: DropoutFullyConnectedNN
  Module: ModuleList
    Module: Linear
    Module: Linear
    Module: Linear
  Module: ModuleList
    Module: Dropout
dropout设置为训练模式
    Module: Dropout
dropout设置为训练模式
    Module: Dropout
dropout设置为训练模式
  Module: ReLU
test_loss: 0.0254
epoch 35
train_loss: 0.0136
Module: DropoutFullyConnectedNN
  Module: ModuleList
    Module: Linear
    Module: Linear
    Module: Linear
  Module: ModuleList
    Module: Dropout
dropout设置为训练模式
    Module: Dropout
dropout设置为训练模式
    Module: Dropout
dropout设置为训练模式
  Module: ReLU
test_loss: 0.0229
epoch 36
train_loss: 0.0131
Module: DropoutFullyConnectedNN
  Module: ModuleList
    Module: Linear
    Module: Linear
    Module: Linear
  Module: ModuleList
    Module: Dropout
dropout设置为训练模式
    Module: Dropout
dropout设置为训练模式
    Module: Dropout
dropout设置为训练模式
  Module: ReLU
test_loss: 0.0215
epoch 37
train_loss: 0.0111
Module: DropoutFullyConnectedNN
  Module: ModuleList
    Module: Linear
    Module: Linear
    Module: Linear
  Module: ModuleList
    Module: Dropout
dropout设置为训练模式
    Module: Dropout
dropout设置为训练模式
    Module: Dropout
dropout设置为训练模式
  Module: ReLU
test_loss: 0.0238
epoch 38
train_loss: 0.0139
Module: DropoutFullyConnectedNN
  Module: ModuleList
    Module: Linear
    Module: Linear
    Module: Linear
  Module: ModuleList
    Module: Dropout
dropout设置为训练模式
    Module: Dropout
dropout设置为训练模式
    Module: Dropout
dropout设置为训练模式
  Module: ReLU
test_loss: 0.0244
epoch 39
train_loss: 0.0109
Module: DropoutFullyConnectedNN
  Module: ModuleList
    Module: Linear
    Module: Linear
    Module: Linear
  Module: ModuleList
    Module: Dropout
dropout设置为训练模式
    Module: Dropout
dropout设置为训练模式
    Module: Dropout
dropout设置为训练模式
  Module: ReLU
test_loss: 0.0203
epoch 40
train_loss: 0.0114
Module: DropoutFullyConnectedNN
  Module: ModuleList
    Module: Linear
    Module: Linear
    Module: Linear
  Module: ModuleList
    Module: Dropout
dropout设置为训练模式
    Module: Dropout
dropout设置为训练模式
    Module: Dropout
dropout设置为训练模式
  Module: ReLU
test_loss: 0.0229
epoch 41
train_loss: 0.0121
Module: DropoutFullyConnectedNN
  Module: ModuleList
    Module: Linear
    Module: Linear
    Module: Linear
  Module: ModuleList
    Module: Dropout
dropout设置为训练模式
    Module: Dropout
dropout设置为训练模式
    Module: Dropout
dropout设置为训练模式
  Module: ReLU
test_loss: 0.0192
epoch 42
train_loss: 0.0090
Module: DropoutFullyConnectedNN
  Module: ModuleList
    Module: Linear
    Module: Linear
    Module: Linear
  Module: ModuleList
    Module: Dropout
dropout设置为训练模式
    Module: Dropout
dropout设置为训练模式
    Module: Dropout
dropout设置为训练模式
  Module: ReLU
test_loss: 0.0225
epoch 43
train_loss: 0.0108
Module: DropoutFullyConnectedNN
  Module: ModuleList
    Module: Linear
    Module: Linear
    Module: Linear
  Module: ModuleList
    Module: Dropout
dropout设置为训练模式
    Module: Dropout
dropout设置为训练模式
    Module: Dropout
dropout设置为训练模式
  Module: ReLU
test_loss: 0.0202
epoch 44
train_loss: 0.0102
Module: DropoutFullyConnectedNN
  Module: ModuleList
    Module: Linear
    Module: Linear
    Module: Linear
  Module: ModuleList
    Module: Dropout
dropout设置为训练模式
    Module: Dropout
dropout设置为训练模式
    Module: Dropout
dropout设置为训练模式
  Module: ReLU
test_loss: 0.0176
epoch 45
train_loss: 0.0088
Module: DropoutFullyConnectedNN
  Module: ModuleList
    Module: Linear
    Module: Linear
    Module: Linear
  Module: ModuleList
    Module: Dropout
dropout设置为训练模式
    Module: Dropout
dropout设置为训练模式
    Module: Dropout
dropout设置为训练模式
  Module: ReLU
test_loss: 0.0186
epoch 46
train_loss: 0.0092
Module: DropoutFullyConnectedNN
  Module: ModuleList
    Module: Linear
    Module: Linear
    Module: Linear
  Module: ModuleList
    Module: Dropout
dropout设置为训练模式
    Module: Dropout
dropout设置为训练模式
    Module: Dropout
dropout设置为训练模式
  Module: ReLU
test_loss: 0.0215
epoch 47
train_loss: 0.0101
Module: DropoutFullyConnectedNN
  Module: ModuleList
    Module: Linear
    Module: Linear
    Module: Linear
  Module: ModuleList
    Module: Dropout
dropout设置为训练模式
    Module: Dropout
dropout设置为训练模式
    Module: Dropout
dropout设置为训练模式
  Module: ReLU
test_loss: 0.0261
epoch 48
train_loss: 0.0094
Module: DropoutFullyConnectedNN
  Module: ModuleList
    Module: Linear
    Module: Linear
    Module: Linear
  Module: ModuleList
    Module: Dropout
dropout设置为训练模式
    Module: Dropout
dropout设置为训练模式
    Module: Dropout
dropout设置为训练模式
  Module: ReLU
test_loss: 0.0179
epoch 49
train_loss: 0.0091
Module: DropoutFullyConnectedNN
  Module: ModuleList
    Module: Linear
    Module: Linear
    Module: Linear
  Module: ModuleList
    Module: Dropout
dropout设置为训练模式
    Module: Dropout
dropout设置为训练模式
    Module: Dropout
dropout设置为训练模式
  Module: ReLU
test_loss: 0.0175
epoch 50
train_loss: 0.0107
Module: DropoutFullyConnectedNN
  Module: ModuleList
    Module: Linear
    Module: Linear
    Module: Linear
  Module: ModuleList
    Module: Dropout
dropout设置为训练模式
    Module: Dropout
dropout设置为训练模式
    Module: Dropout
dropout设置为训练模式
  Module: ReLU
test_loss: 0.0181
epoch 51
train_loss: 0.0077
Module: DropoutFullyConnectedNN
  Module: ModuleList
    Module: Linear
    Module: Linear
    Module: Linear
  Module: ModuleList
    Module: Dropout
dropout设置为训练模式
    Module: Dropout
dropout设置为训练模式
    Module: Dropout
dropout设置为训练模式
  Module: ReLU
test_loss: 0.0161
epoch 52
train_loss: 0.0083
Module: DropoutFullyConnectedNN
  Module: ModuleList
    Module: Linear
    Module: Linear
    Module: Linear
  Module: ModuleList
    Module: Dropout
dropout设置为训练模式
    Module: Dropout
dropout设置为训练模式
    Module: Dropout
dropout设置为训练模式
  Module: ReLU
test_loss: 0.0175
epoch 53
train_loss: 0.0080
Module: DropoutFullyConnectedNN
  Module: ModuleList
    Module: Linear
    Module: Linear
    Module: Linear
  Module: ModuleList
    Module: Dropout
dropout设置为训练模式
    Module: Dropout
dropout设置为训练模式
    Module: Dropout
dropout设置为训练模式
  Module: ReLU
test_loss: 0.0155
epoch 54
train_loss: 0.0093
Module: DropoutFullyConnectedNN
  Module: ModuleList
    Module: Linear
    Module: Linear
    Module: Linear
  Module: ModuleList
    Module: Dropout
dropout设置为训练模式
    Module: Dropout
dropout设置为训练模式
    Module: Dropout
dropout设置为训练模式
  Module: ReLU
test_loss: 0.0199
epoch 55
train_loss: 0.0061
Module: DropoutFullyConnectedNN
  Module: ModuleList
    Module: Linear
    Module: Linear
    Module: Linear
  Module: ModuleList
    Module: Dropout
dropout设置为训练模式
    Module: Dropout
dropout设置为训练模式
    Module: Dropout
dropout设置为训练模式
  Module: ReLU
test_loss: 0.0171
epoch 56
train_loss: 0.0089
Module: DropoutFullyConnectedNN
  Module: ModuleList
    Module: Linear
    Module: Linear
    Module: Linear
  Module: ModuleList
    Module: Dropout
dropout设置为训练模式
    Module: Dropout
dropout设置为训练模式
    Module: Dropout
dropout设置为训练模式
  Module: ReLU
test_loss: 0.0158
epoch 57
train_loss: 0.0061
Module: DropoutFullyConnectedNN
  Module: ModuleList
    Module: Linear
    Module: Linear
    Module: Linear
  Module: ModuleList
    Module: Dropout
dropout设置为训练模式
    Module: Dropout
dropout设置为训练模式
    Module: Dropout
dropout设置为训练模式
  Module: ReLU
test_loss: 0.0153
epoch 58
train_loss: 0.0070
Module: DropoutFullyConnectedNN
  Module: ModuleList
    Module: Linear
    Module: Linear
    Module: Linear
  Module: ModuleList
    Module: Dropout
dropout设置为训练模式
    Module: Dropout
dropout设置为训练模式
    Module: Dropout
dropout设置为训练模式
  Module: ReLU
test_loss: 0.0190
epoch 59
train_loss: 0.0090
Module: DropoutFullyConnectedNN
  Module: ModuleList
    Module: Linear
    Module: Linear
    Module: Linear
  Module: ModuleList
    Module: Dropout
dropout设置为训练模式
    Module: Dropout
dropout设置为训练模式
    Module: Dropout
dropout设置为训练模式
  Module: ReLU
test_loss: 0.0147
epoch 60
train_loss: 0.0073
Module: DropoutFullyConnectedNN
  Module: ModuleList
    Module: Linear
    Module: Linear
    Module: Linear
  Module: ModuleList
    Module: Dropout
dropout设置为训练模式
    Module: Dropout
dropout设置为训练模式
    Module: Dropout
dropout设置为训练模式
  Module: ReLU
test_loss: 0.0194
epoch 61
train_loss: 0.0070
Module: DropoutFullyConnectedNN
  Module: ModuleList
    Module: Linear
    Module: Linear
    Module: Linear
  Module: ModuleList
    Module: Dropout
dropout设置为训练模式
    Module: Dropout
dropout设置为训练模式
    Module: Dropout
dropout设置为训练模式
  Module: ReLU
test_loss: 0.0195
epoch 62
train_loss: 0.0075
Module: DropoutFullyConnectedNN
  Module: ModuleList
    Module: Linear
    Module: Linear
    Module: Linear
  Module: ModuleList
    Module: Dropout
dropout设置为训练模式
    Module: Dropout
dropout设置为训练模式
    Module: Dropout
dropout设置为训练模式
  Module: ReLU
test_loss: 0.0143
epoch 63
train_loss: 0.0085
Module: DropoutFullyConnectedNN
  Module: ModuleList
    Module: Linear
    Module: Linear
    Module: Linear
  Module: ModuleList
    Module: Dropout
dropout设置为训练模式
    Module: Dropout
dropout设置为训练模式
    Module: Dropout
dropout设置为训练模式
  Module: ReLU
test_loss: 0.0200
epoch 64
train_loss: 0.0073
Module: DropoutFullyConnectedNN
  Module: ModuleList
    Module: Linear
    Module: Linear
    Module: Linear
  Module: ModuleList
    Module: Dropout
dropout设置为训练模式
    Module: Dropout
dropout设置为训练模式
    Module: Dropout
dropout设置为训练模式
  Module: ReLU
test_loss: 0.0138
epoch 65
train_loss: 0.0076
Module: DropoutFullyConnectedNN
  Module: ModuleList
    Module: Linear
    Module: Linear
    Module: Linear
  Module: ModuleList
    Module: Dropout
dropout设置为训练模式
    Module: Dropout
dropout设置为训练模式
    Module: Dropout
dropout设置为训练模式
  Module: ReLU
test_loss: 0.0170
epoch 66
train_loss: 0.0079
Module: DropoutFullyConnectedNN
  Module: ModuleList
    Module: Linear
    Module: Linear
    Module: Linear
  Module: ModuleList
    Module: Dropout
dropout设置为训练模式
    Module: Dropout
dropout设置为训练模式
    Module: Dropout
dropout设置为训练模式
  Module: ReLU
test_loss: 0.0162
epoch 67
train_loss: 0.0083
Module: DropoutFullyConnectedNN
  Module: ModuleList
    Module: Linear
    Module: Linear
    Module: Linear
  Module: ModuleList
    Module: Dropout
dropout设置为训练模式
    Module: Dropout
dropout设置为训练模式
    Module: Dropout
dropout设置为训练模式
  Module: ReLU
test_loss: 0.0205
epoch 68
train_loss: 0.0060
Module: DropoutFullyConnectedNN
  Module: ModuleList
    Module: Linear
    Module: Linear
    Module: Linear
  Module: ModuleList
    Module: Dropout
dropout设置为训练模式
    Module: Dropout
dropout设置为训练模式
    Module: Dropout
dropout设置为训练模式
  Module: ReLU
test_loss: 0.0174
epoch 69
train_loss: 0.0068
Module: DropoutFullyConnectedNN
  Module: ModuleList
    Module: Linear
    Module: Linear
    Module: Linear
  Module: ModuleList
    Module: Dropout
dropout设置为训练模式
    Module: Dropout
dropout设置为训练模式
    Module: Dropout
dropout设置为训练模式
  Module: ReLU
test_loss: 0.0120
epoch 70
train_loss: 0.0066
Module: DropoutFullyConnectedNN
  Module: ModuleList
    Module: Linear
    Module: Linear
    Module: Linear
  Module: ModuleList
    Module: Dropout
dropout设置为训练模式
    Module: Dropout
dropout设置为训练模式
    Module: Dropout
dropout设置为训练模式
  Module: ReLU
test_loss: 0.0137
epoch 71
train_loss: 0.0078
Module: DropoutFullyConnectedNN
  Module: ModuleList
    Module: Linear
    Module: Linear
    Module: Linear
  Module: ModuleList
    Module: Dropout
dropout设置为训练模式
    Module: Dropout
dropout设置为训练模式
    Module: Dropout
dropout设置为训练模式
  Module: ReLU
test_loss: 0.0190
epoch 72
train_loss: 0.0074
Module: DropoutFullyConnectedNN
  Module: ModuleList
    Module: Linear
    Module: Linear
    Module: Linear
  Module: ModuleList
    Module: Dropout
dropout设置为训练模式
    Module: Dropout
dropout设置为训练模式
    Module: Dropout
dropout设置为训练模式
  Module: ReLU
test_loss: 0.0123
epoch 73
train_loss: 0.0055
Module: DropoutFullyConnectedNN
  Module: ModuleList
    Module: Linear
    Module: Linear
    Module: Linear
  Module: ModuleList
    Module: Dropout
dropout设置为训练模式
    Module: Dropout
dropout设置为训练模式
    Module: Dropout
dropout设置为训练模式
  Module: ReLU
test_loss: 0.0189
epoch 74
train_loss: 0.0062
Module: DropoutFullyConnectedNN
  Module: ModuleList
    Module: Linear
    Module: Linear
    Module: Linear
  Module: ModuleList
    Module: Dropout
dropout设置为训练模式
    Module: Dropout
dropout设置为训练模式
    Module: Dropout
dropout设置为训练模式
  Module: ReLU
test_loss: 0.0149
epoch 75
train_loss: 0.0059
Module: DropoutFullyConnectedNN
  Module: ModuleList
    Module: Linear
    Module: Linear
    Module: Linear
  Module: ModuleList
    Module: Dropout
dropout设置为训练模式
    Module: Dropout
dropout设置为训练模式
    Module: Dropout
dropout设置为训练模式
  Module: ReLU
test_loss: 0.0166
epoch 76
train_loss: 0.0059
Module: DropoutFullyConnectedNN
  Module: ModuleList
    Module: Linear
    Module: Linear
    Module: Linear
  Module: ModuleList
    Module: Dropout
dropout设置为训练模式
    Module: Dropout
dropout设置为训练模式
    Module: Dropout
dropout设置为训练模式
  Module: ReLU
test_loss: 0.0157
epoch 77
train_loss: 0.0068
Module: DropoutFullyConnectedNN
  Module: ModuleList
    Module: Linear
    Module: Linear
    Module: Linear
  Module: ModuleList
    Module: Dropout
dropout设置为训练模式
    Module: Dropout
dropout设置为训练模式
    Module: Dropout
dropout设置为训练模式
  Module: ReLU
test_loss: 0.0191
epoch 78
train_loss: 0.0069
Module: DropoutFullyConnectedNN
  Module: ModuleList
    Module: Linear
    Module: Linear
    Module: Linear
  Module: ModuleList
    Module: Dropout
dropout设置为训练模式
    Module: Dropout
dropout设置为训练模式
    Module: Dropout
dropout设置为训练模式
  Module: ReLU
test_loss: 0.0122
epoch 79
train_loss: 0.0083
Module: DropoutFullyConnectedNN
  Module: ModuleList
    Module: Linear
    Module: Linear
    Module: Linear
  Module: ModuleList
    Module: Dropout
dropout设置为训练模式
    Module: Dropout
dropout设置为训练模式
    Module: Dropout
dropout设置为训练模式
  Module: ReLU
test_loss: 0.0199
epoch 80
train_loss: 0.0060
Module: DropoutFullyConnectedNN
  Module: ModuleList
    Module: Linear
    Module: Linear
    Module: Linear
  Module: ModuleList
    Module: Dropout
dropout设置为训练模式
    Module: Dropout
dropout设置为训练模式
    Module: Dropout
dropout设置为训练模式
  Module: ReLU
test_loss: 0.0127
epoch 81
train_loss: 0.0065
Module: DropoutFullyConnectedNN
  Module: ModuleList
    Module: Linear
    Module: Linear
    Module: Linear
  Module: ModuleList
    Module: Dropout
dropout设置为训练模式
    Module: Dropout
dropout设置为训练模式
    Module: Dropout
dropout设置为训练模式
  Module: ReLU
test_loss: 0.0134
epoch 82
train_loss: 0.0061
Module: DropoutFullyConnectedNN
  Module: ModuleList
    Module: Linear
    Module: Linear
    Module: Linear
  Module: ModuleList
    Module: Dropout
dropout设置为训练模式
    Module: Dropout
dropout设置为训练模式
    Module: Dropout
dropout设置为训练模式
  Module: ReLU
test_loss: 0.0135
epoch 83
train_loss: 0.0096
Module: DropoutFullyConnectedNN
  Module: ModuleList
    Module: Linear
    Module: Linear
    Module: Linear
  Module: ModuleList
    Module: Dropout
dropout设置为训练模式
    Module: Dropout
dropout设置为训练模式
    Module: Dropout
dropout设置为训练模式
  Module: ReLU
test_loss: 0.0159
epoch 84
train_loss: 0.0063
Module: DropoutFullyConnectedNN
  Module: ModuleList
    Module: Linear
    Module: Linear
    Module: Linear
  Module: ModuleList
    Module: Dropout
dropout设置为训练模式
    Module: Dropout
dropout设置为训练模式
    Module: Dropout
dropout设置为训练模式
  Module: ReLU
test_loss: 0.0150
epoch 85
train_loss: 0.0063
Module: DropoutFullyConnectedNN
  Module: ModuleList
    Module: Linear
    Module: Linear
    Module: Linear
  Module: ModuleList
    Module: Dropout
dropout设置为训练模式
    Module: Dropout
dropout设置为训练模式
    Module: Dropout
dropout设置为训练模式
  Module: ReLU
test_loss: 0.0151
epoch 86
train_loss: 0.0057
Module: DropoutFullyConnectedNN
  Module: ModuleList
    Module: Linear
    Module: Linear
    Module: Linear
  Module: ModuleList
    Module: Dropout
dropout设置为训练模式
    Module: Dropout
dropout设置为训练模式
    Module: Dropout
dropout设置为训练模式
  Module: ReLU
test_loss: 0.0189
epoch 87
train_loss: 0.0067
Module: DropoutFullyConnectedNN
  Module: ModuleList
    Module: Linear
    Module: Linear
    Module: Linear
  Module: ModuleList
    Module: Dropout
dropout设置为训练模式
    Module: Dropout
dropout设置为训练模式
    Module: Dropout
dropout设置为训练模式
  Module: ReLU
test_loss: 0.0183
epoch 88
train_loss: 0.0047
Module: DropoutFullyConnectedNN
  Module: ModuleList
    Module: Linear
    Module: Linear
    Module: Linear
  Module: ModuleList
    Module: Dropout
dropout设置为训练模式
    Module: Dropout
dropout设置为训练模式
    Module: Dropout
dropout设置为训练模式
  Module: ReLU
test_loss: 0.0154
epoch 89
train_loss: 0.0052
Module: DropoutFullyConnectedNN
  Module: ModuleList
    Module: Linear
    Module: Linear
    Module: Linear
  Module: ModuleList
    Module: Dropout
dropout设置为训练模式
    Module: Dropout
dropout设置为训练模式
    Module: Dropout
dropout设置为训练模式
  Module: ReLU
test_loss: 0.0088
epoch 90
train_loss: 0.0054
Module: DropoutFullyConnectedNN
  Module: ModuleList
    Module: Linear
    Module: Linear
    Module: Linear
  Module: ModuleList
    Module: Dropout
dropout设置为训练模式
    Module: Dropout
dropout设置为训练模式
    Module: Dropout
dropout设置为训练模式
  Module: ReLU
test_loss: 0.0110
epoch 91
train_loss: 0.0047
Module: DropoutFullyConnectedNN
  Module: ModuleList
    Module: Linear
    Module: Linear
    Module: Linear
  Module: ModuleList
    Module: Dropout
dropout设置为训练模式
    Module: Dropout
dropout设置为训练模式
    Module: Dropout
dropout设置为训练模式
  Module: ReLU
test_loss: 0.0103
epoch 92
train_loss: 0.0061
Module: DropoutFullyConnectedNN
  Module: ModuleList
    Module: Linear
    Module: Linear
    Module: Linear
  Module: ModuleList
    Module: Dropout
dropout设置为训练模式
    Module: Dropout
dropout设置为训练模式
    Module: Dropout
dropout设置为训练模式
  Module: ReLU
test_loss: 0.0087
epoch 93
train_loss: 0.0047
Module: DropoutFullyConnectedNN
  Module: ModuleList
    Module: Linear
    Module: Linear
    Module: Linear
  Module: ModuleList
    Module: Dropout
dropout设置为训练模式
    Module: Dropout
dropout设置为训练模式
    Module: Dropout
dropout设置为训练模式
  Module: ReLU
test_loss: 0.0135
epoch 94
train_loss: 0.0055
Module: DropoutFullyConnectedNN
  Module: ModuleList
    Module: Linear
    Module: Linear
    Module: Linear
  Module: ModuleList
    Module: Dropout
dropout设置为训练模式
    Module: Dropout
dropout设置为训练模式
    Module: Dropout
dropout设置为训练模式
  Module: ReLU
test_loss: 0.0144
epoch 95
train_loss: 0.0047
Module: DropoutFullyConnectedNN
  Module: ModuleList
    Module: Linear
    Module: Linear
    Module: Linear
  Module: ModuleList
    Module: Dropout
dropout设置为训练模式
    Module: Dropout
dropout设置为训练模式
    Module: Dropout
dropout设置为训练模式
  Module: ReLU
test_loss: 0.0141
epoch 96
train_loss: 0.0043
Module: DropoutFullyConnectedNN
  Module: ModuleList
    Module: Linear
    Module: Linear
    Module: Linear
  Module: ModuleList
    Module: Dropout
dropout设置为训练模式
    Module: Dropout
dropout设置为训练模式
    Module: Dropout
dropout设置为训练模式
  Module: ReLU
test_loss: 0.0083
epoch 97
train_loss: 0.0069
Module: DropoutFullyConnectedNN
  Module: ModuleList
    Module: Linear
    Module: Linear
    Module: Linear
  Module: ModuleList
    Module: Dropout
dropout设置为训练模式
    Module: Dropout
dropout设置为训练模式
    Module: Dropout
dropout设置为训练模式
  Module: ReLU
test_loss: 0.0102
epoch 98
train_loss: 0.0049
Module: DropoutFullyConnectedNN
  Module: ModuleList
    Module: Linear
    Module: Linear
    Module: Linear
  Module: ModuleList
    Module: Dropout
dropout设置为训练模式
    Module: Dropout
dropout设置为训练模式
    Module: Dropout
dropout设置为训练模式
  Module: ReLU
test_loss: 0.0132
epoch 99
train_loss: 0.0051
Module: DropoutFullyConnectedNN
  Module: ModuleList
    Module: Linear
    Module: Linear
    Module: Linear
  Module: ModuleList
    Module: Dropout
dropout设置为训练模式
    Module: Dropout
dropout设置为训练模式
    Module: Dropout
dropout设置为训练模式
  Module: ReLU
test_loss: 0.0102
epoch 100
train_loss: 0.0047
Module: DropoutFullyConnectedNN
  Module: ModuleList
    Module: Linear
    Module: Linear
    Module: Linear
  Module: ModuleList
    Module: Dropout
dropout设置为训练模式
    Module: Dropout
dropout设置为训练模式
    Module: Dropout
dropout设置为训练模式
  Module: ReLU
test_loss: 0.0155
epoch 101
train_loss: 0.0070
Module: DropoutFullyConnectedNN
  Module: ModuleList
    Module: Linear
    Module: Linear
    Module: Linear
  Module: ModuleList
    Module: Dropout
dropout设置为训练模式
    Module: Dropout
dropout设置为训练模式
    Module: Dropout
dropout设置为训练模式
  Module: ReLU
test_loss: 0.0099
epoch 102
train_loss: 0.0058
Module: DropoutFullyConnectedNN
  Module: ModuleList
    Module: Linear
    Module: Linear
    Module: Linear
  Module: ModuleList
    Module: Dropout
dropout设置为训练模式
    Module: Dropout
dropout设置为训练模式
    Module: Dropout
dropout设置为训练模式
  Module: ReLU
test_loss: 0.0129
epoch 103
train_loss: 0.0045
Module: DropoutFullyConnectedNN
  Module: ModuleList
    Module: Linear
    Module: Linear
    Module: Linear
  Module: ModuleList
    Module: Dropout
dropout设置为训练模式
    Module: Dropout
dropout设置为训练模式
    Module: Dropout
dropout设置为训练模式
  Module: ReLU
test_loss: 0.0107
epoch 104
train_loss: 0.0047
Module: DropoutFullyConnectedNN
  Module: ModuleList
    Module: Linear
    Module: Linear
    Module: Linear
  Module: ModuleList
    Module: Dropout
dropout设置为训练模式
    Module: Dropout
dropout设置为训练模式
    Module: Dropout
dropout设置为训练模式
  Module: ReLU
test_loss: 0.0186
epoch 105
train_loss: 0.0056
Module: DropoutFullyConnectedNN
  Module: ModuleList
    Module: Linear
    Module: Linear
    Module: Linear
  Module: ModuleList
    Module: Dropout
dropout设置为训练模式
    Module: Dropout
dropout设置为训练模式
    Module: Dropout
dropout设置为训练模式
  Module: ReLU
test_loss: 0.0119
epoch 106
train_loss: 0.0052
Module: DropoutFullyConnectedNN
  Module: ModuleList
    Module: Linear
    Module: Linear
    Module: Linear
  Module: ModuleList
    Module: Dropout
dropout设置为训练模式
    Module: Dropout
dropout设置为训练模式
    Module: Dropout
dropout设置为训练模式
  Module: ReLU
test_loss: 0.0136
epoch 107
train_loss: 0.0055
Module: DropoutFullyConnectedNN
  Module: ModuleList
    Module: Linear
    Module: Linear
    Module: Linear
  Module: ModuleList
    Module: Dropout
dropout设置为训练模式
    Module: Dropout
dropout设置为训练模式
    Module: Dropout
dropout设置为训练模式
  Module: ReLU
test_loss: 0.0135
epoch 108
train_loss: 0.0039
Module: DropoutFullyConnectedNN
  Module: ModuleList
    Module: Linear
    Module: Linear
    Module: Linear
  Module: ModuleList
    Module: Dropout
dropout设置为训练模式
    Module: Dropout
dropout设置为训练模式
    Module: Dropout
dropout设置为训练模式
  Module: ReLU
test_loss: 0.0115
epoch 109
train_loss: 0.0048
Module: DropoutFullyConnectedNN
  Module: ModuleList
    Module: Linear
    Module: Linear
    Module: Linear
  Module: ModuleList
    Module: Dropout
dropout设置为训练模式
    Module: Dropout
dropout设置为训练模式
    Module: Dropout
dropout设置为训练模式
  Module: ReLU
test_loss: 0.0156
/home/xueqiong/noise_injection_uncertainty/regression/utils.py:39: FutureWarning: The 'delim_whitespace' keyword in pd.read_csv is deprecated and will be removed in a future version. Use ``sep='\s+'`` instead
  return pd.read_csv(dataset_path, engine='python', header=None, delim_whitespace=True)
8 1
614 154 768
model_name fixnoiseFCN
using Adam as optimizer
epoch 0
train_loss: 0.4842
test_loss: 0.2548
epoch 1
train_loss: 0.1574
test_loss: 0.1170
epoch 2
train_loss: 0.0936
test_loss: 0.0914
epoch 3
train_loss: 0.0800
test_loss: 0.0851
epoch 4
train_loss: 0.0743
test_loss: 0.0834
epoch 5
train_loss: 0.0695
test_loss: 0.0799
epoch 6
train_loss: 0.0667
test_loss: 0.0797
epoch 7
train_loss: 0.0645
test_loss: 0.0795
epoch 8
train_loss: 0.0615
test_loss: 0.0757
epoch 9
train_loss: 0.0590
test_loss: 0.0711
epoch 10
train_loss: 0.0590
test_loss: 0.0690
epoch 11
train_loss: 0.0552
test_loss: 0.0653
epoch 12
train_loss: 0.0531
test_loss: 0.0627
epoch 13
train_loss: 0.0505
test_loss: 0.0626
epoch 14
train_loss: 0.0480
test_loss: 0.0595
epoch 15
train_loss: 0.0462
test_loss: 0.0564
epoch 16
train_loss: 0.0437
test_loss: 0.0570
epoch 17
train_loss: 0.0416
test_loss: 0.0553
epoch 18
train_loss: 0.0385
test_loss: 0.0518
epoch 19
train_loss: 0.0371
test_loss: 0.0508
epoch 20
train_loss: 0.0354
test_loss: 0.0476
epoch 21
train_loss: 0.0312
test_loss: 0.0479
epoch 22
train_loss: 0.0285
test_loss: 0.0436
epoch 23
train_loss: 0.0261
test_loss: 0.0399
epoch 24
train_loss: 0.0249
test_loss: 0.0419
epoch 25
train_loss: 0.0243
test_loss: 0.0387
epoch 26
train_loss: 0.0223
test_loss: 0.0379
epoch 27
train_loss: 0.0210
test_loss: 0.0298
epoch 28
train_loss: 0.0192
test_loss: 0.0367
epoch 29
train_loss: 0.0185
test_loss: 0.0261
epoch 30
train_loss: 0.0152
test_loss: 0.0263
epoch 31
train_loss: 0.0151
test_loss: 0.0295
epoch 32
train_loss: 0.0127
test_loss: 0.0248
epoch 33
train_loss: 0.0131
test_loss: 0.0336
epoch 34
train_loss: 0.0137
test_loss: 0.0264
epoch 35
train_loss: 0.0104
test_loss: 0.0195
epoch 36
train_loss: 0.0100
test_loss: 0.0267
epoch 37
train_loss: 0.0134
test_loss: 0.0215
epoch 38
train_loss: 0.0093
test_loss: 0.0206
epoch 39
train_loss: 0.0075
test_loss: 0.0260
epoch 40
train_loss: 0.0102
test_loss: 0.0221
epoch 41
train_loss: 0.0069
test_loss: 0.0163
epoch 42
train_loss: 0.0091
test_loss: 0.0200
epoch 43
train_loss: 0.0077
test_loss: 0.0179
epoch 44
train_loss: 0.0073
test_loss: 0.0170
epoch 45
train_loss: 0.0118
test_loss: 0.0226
epoch 46
train_loss: 0.0089
test_loss: 0.0164
epoch 47
train_loss: 0.0063
test_loss: 0.0193
epoch 48
train_loss: 0.0056
test_loss: 0.0182
epoch 49
train_loss: 0.0053
test_loss: 0.0147
epoch 50
train_loss: 0.0052
test_loss: 0.0119
epoch 51
train_loss: 0.0064
test_loss: 0.0265
epoch 52
train_loss: 0.0081
test_loss: 0.0218
epoch 53
train_loss: 0.0048
test_loss: 0.0162
epoch 54
train_loss: 0.0049
test_loss: 0.0185
epoch 55
train_loss: 0.0054
test_loss: 0.0125
epoch 56
train_loss: 0.0037
test_loss: 0.0192
epoch 57
train_loss: 0.0054
test_loss: 0.0100
epoch 58
train_loss: 0.0037
test_loss: 0.0177
epoch 59
train_loss: 0.0051
test_loss: 0.0129
epoch 60
train_loss: 0.0037
test_loss: 0.0134
epoch 61
train_loss: 0.0059
test_loss: 0.0162
epoch 62
train_loss: 0.0052
test_loss: 0.0126
epoch 63
train_loss: 0.0054
test_loss: 0.0095
epoch 64
train_loss: 0.0050
test_loss: 0.0183
epoch 65
train_loss: 0.0042
test_loss: 0.0147
epoch 66
train_loss: 0.0040
test_loss: 0.0165
epoch 67
train_loss: 0.0059
test_loss: 0.0097
epoch 68
train_loss: 0.0052
test_loss: 0.0101
epoch 69
train_loss: 0.0050
test_loss: 0.0203
epoch 70
train_loss: 0.0070
test_loss: 0.0205
epoch 71
train_loss: 0.0053
test_loss: 0.0129
epoch 72
train_loss: 0.0047
test_loss: 0.0105
epoch 73
train_loss: 0.0041
test_loss: 0.0138
epoch 74
train_loss: 0.0060
test_loss: 0.0121
epoch 75
train_loss: 0.0052
test_loss: 0.0153
epoch 76
train_loss: 0.0051
test_loss: 0.0111
epoch 77
train_loss: 0.0072
test_loss: 0.0266
epoch 78
train_loss: 0.0076
test_loss: 0.0144
epoch 79
train_loss: 0.0064
test_loss: 0.0121
epoch 80
train_loss: 0.0059
test_loss: 0.0138
epoch 81
train_loss: 0.0042
test_loss: 0.0128
epoch 82
train_loss: 0.0047
test_loss: 0.0113
epoch 83
train_loss: 0.0049
test_loss: 0.0132
epoch 84
train_loss: 0.0051
test_loss: 0.0157
epoch 85
train_loss: 0.0038
test_loss: 0.0103
epoch 86
train_loss: 0.0040
test_loss: 0.0120
epoch 87
train_loss: 0.0054
test_loss: 0.0176
epoch 88
train_loss: 0.0047
test_loss: 0.0169
epoch 89
train_loss: 0.0043
test_loss: 0.0146
epoch 90
train_loss: 0.0035
test_loss: 0.0106
epoch 91
train_loss: 0.0040
test_loss: 0.0120
epoch 92
train_loss: 0.0036
test_loss: 0.0091
epoch 93
train_loss: 0.0033
test_loss: 0.0114
epoch 94
train_loss: 0.0043
test_loss: 0.0126
epoch 95
train_loss: 0.0048
test_loss: 0.0123
epoch 96
train_loss: 0.0041
test_loss: 0.0191
epoch 97
train_loss: 0.0042
test_loss: 0.0107
epoch 98
train_loss: 0.0054
test_loss: 0.0103
epoch 99
train_loss: 0.0060
test_loss: 0.0118
epoch 100
train_loss: 0.0042
test_loss: 0.0153
epoch 101
train_loss: 0.0035
test_loss: 0.0094
epoch 102
train_loss: 0.0049
test_loss: 0.0108
epoch 103
train_loss: 0.0036
test_loss: 0.0167
epoch 104
train_loss: 0.0063
test_loss: 0.0164
epoch 105
train_loss: 0.0052
test_loss: 0.0092
epoch 106
train_loss: 0.0032
test_loss: 0.0122
epoch 107
train_loss: 0.0039
test_loss: 0.0107
epoch 108
train_loss: 0.0038
test_loss: 0.0114
epoch 109
train_loss: 0.0038
test_loss: 0.0110
epoch 110
train_loss: 0.0031
test_loss: 0.0124
epoch 111
train_loss: 0.0031
test_loss: 0.0132
epoch 112
train_loss: 0.0038
test_loss: 0.0090
epoch 113
train_loss: 0.0041
test_loss: 0.0193
epoch 114
train_loss: 0.0042
test_loss: 0.0114
epoch 115
train_loss: 0.0033
test_loss: 0.0090
epoch 116
train_loss: 0.0064
test_loss: 0.0180
epoch 117
train_loss: 0.0059
test_loss: 0.0129
epoch 118
train_loss: 0.0044
test_loss: 0.0132
epoch 119
train_loss: 0.0036
test_loss: 0.0161
epoch 120
train_loss: 0.0043
test_loss: 0.0114
epoch 121
train_loss: 0.0057
test_loss: 0.0146
epoch 122
train_loss: 0.0045
test_loss: 0.0125
epoch 123
train_loss: 0.0030
test_loss: 0.0157
epoch 124
train_loss: 0.0034
test_loss: 0.0080
epoch 125
train_loss: 0.0033
test_loss: 0.0090
epoch 126
train_loss: 0.0044
test_loss: 0.0148
epoch 127
train_loss: 0.0037
test_loss: 0.0100
epoch 128
train_loss: 0.0035
test_loss: 0.0112
epoch 129
train_loss: 0.0034
test_loss: 0.0114
epoch 130
train_loss: 0.0050
test_loss: 0.0143
epoch 131
train_loss: 0.0048
test_loss: 0.0122
epoch 132
train_loss: 0.0035
test_loss: 0.0186
epoch 133
train_loss: 0.0041
test_loss: 0.0089
epoch 134
train_loss: 0.0033
test_loss: 0.0081
epoch 135
train_loss: 0.0032
test_loss: 0.0084
epoch 136
train_loss: 0.0030
test_loss: 0.0095
epoch 137
train_loss: 0.0026
test_loss: 0.0085
epoch 138
train_loss: 0.0038
test_loss: 0.0114
epoch 139
train_loss: 0.0033
test_loss: 0.0119
/home/xueqiong/noise_injection_uncertainty/regression/utils.py:39: FutureWarning: The 'delim_whitespace' keyword in pd.read_csv is deprecated and will be removed in a future version. Use ``sep='\s+'`` instead
  return pd.read_csv(dataset_path, engine='python', header=None, delim_whitespace=True)
8 1
614 154 768
model_name noisyFCN
using Adam as optimizer
epoch 0
train_loss: 0.9015
test_loss: 0.6620
epoch 1
train_loss: 0.4509
test_loss: 0.2794
epoch 2
train_loss: 0.1614
test_loss: 0.1424
epoch 3
train_loss: 0.1031
test_loss: 0.1037
epoch 4
train_loss: 0.0848
test_loss: 0.0921
epoch 5
train_loss: 0.0763
test_loss: 0.0862
epoch 6
train_loss: 0.0709
test_loss: 0.0818
epoch 7
train_loss: 0.0670
test_loss: 0.0794
epoch 8
train_loss: 0.0641
test_loss: 0.0776
epoch 9
train_loss: 0.0617
test_loss: 0.0759
epoch 10
train_loss: 0.0599
test_loss: 0.0745
epoch 11
train_loss: 0.0580
test_loss: 0.0731
epoch 12
train_loss: 0.0564
test_loss: 0.0716
epoch 13
train_loss: 0.0545
test_loss: 0.0696
epoch 14
train_loss: 0.0525
test_loss: 0.0676
epoch 15
train_loss: 0.0504
test_loss: 0.0655
epoch 16
train_loss: 0.0482
test_loss: 0.0629
epoch 17
train_loss: 0.0459
test_loss: 0.0605
epoch 18
train_loss: 0.0434
test_loss: 0.0582
epoch 19
train_loss: 0.0410
test_loss: 0.0559
epoch 20
train_loss: 0.0387
test_loss: 0.0535
epoch 21
train_loss: 0.0365
test_loss: 0.0515
epoch 22
train_loss: 0.0344
test_loss: 0.0498
epoch 23
train_loss: 0.0324
test_loss: 0.0476
epoch 24
train_loss: 0.0306
test_loss: 0.0464
epoch 25
train_loss: 0.0288
test_loss: 0.0446
epoch 26
train_loss: 0.0273
test_loss: 0.0423
epoch 27
train_loss: 0.0258
test_loss: 0.0410
epoch 28
train_loss: 0.0244
test_loss: 0.0405
epoch 29
train_loss: 0.0232
test_loss: 0.0383
epoch 30
train_loss: 0.0221
test_loss: 0.0373
epoch 31
train_loss: 0.0212
test_loss: 0.0356
epoch 32
train_loss: 0.0204
test_loss: 0.0350
epoch 33
train_loss: 0.0196
test_loss: 0.0333
epoch 34
train_loss: 0.0189
test_loss: 0.0330
epoch 35
train_loss: 0.0184
test_loss: 0.0318
epoch 36
train_loss: 0.0178
test_loss: 0.0316
epoch 37
train_loss: 0.0170
test_loss: 0.0302
epoch 38
train_loss: 0.0167
test_loss: 0.0295
epoch 39
train_loss: 0.0160
test_loss: 0.0300
epoch 40
train_loss: 0.0157
test_loss: 0.0283
epoch 41
train_loss: 0.0149
test_loss: 0.0290
epoch 42
train_loss: 0.0145
test_loss: 0.0275
epoch 43
train_loss: 0.0140
test_loss: 0.0273
epoch 44
train_loss: 0.0136
test_loss: 0.0263
epoch 45
train_loss: 0.0131
test_loss: 0.0262
epoch 46
train_loss: 0.0128
test_loss: 0.0257
epoch 47
train_loss: 0.0121
test_loss: 0.0249
epoch 48
train_loss: 0.0118
test_loss: 0.0248
epoch 49
train_loss: 0.0113
test_loss: 0.0234
epoch 50
train_loss: 0.0108
test_loss: 0.0239
epoch 51
train_loss: 0.0104
test_loss: 0.0227
epoch 52
train_loss: 0.0099
test_loss: 0.0220
epoch 53
train_loss: 0.0095
test_loss: 0.0219
epoch 54
train_loss: 0.0090
test_loss: 0.0215
epoch 55
train_loss: 0.0085
test_loss: 0.0207
epoch 56
train_loss: 0.0081
test_loss: 0.0205
epoch 57
train_loss: 0.0075
test_loss: 0.0198
epoch 58
train_loss: 0.0071
test_loss: 0.0193
epoch 59
train_loss: 0.0066
test_loss: 0.0193
epoch 60
train_loss: 0.0062
test_loss: 0.0187
epoch 61
train_loss: 0.0058
test_loss: 0.0184
epoch 62
train_loss: 0.0054
test_loss: 0.0179
epoch 63
train_loss: 0.0051
test_loss: 0.0177
epoch 64
train_loss: 0.0048
test_loss: 0.0175
epoch 65
train_loss: 0.0045
test_loss: 0.0169
epoch 66
train_loss: 0.0042
test_loss: 0.0164
epoch 67
train_loss: 0.0040
test_loss: 0.0165
epoch 68
train_loss: 0.0039
test_loss: 0.0162
epoch 69
train_loss: 0.0037
test_loss: 0.0156
epoch 70
train_loss: 0.0036
test_loss: 0.0159
epoch 71
train_loss: 0.0035
test_loss: 0.0154
epoch 72
train_loss: 0.0034
test_loss: 0.0151
epoch 73
train_loss: 0.0032
test_loss: 0.0149
epoch 74
train_loss: 0.0031
test_loss: 0.0151
epoch 75
train_loss: 0.0031
test_loss: 0.0147
epoch 76
train_loss: 0.0031
test_loss: 0.0144
epoch 77
train_loss: 0.0029
test_loss: 0.0145
epoch 78
train_loss: 0.0028
test_loss: 0.0140
epoch 79
train_loss: 0.0028
test_loss: 0.0142
epoch 80
train_loss: 0.0027
test_loss: 0.0140
epoch 81
train_loss: 0.0027
test_loss: 0.0140
epoch 82
train_loss: 0.0027
test_loss: 0.0139
epoch 83
train_loss: 0.0028
test_loss: 0.0140
epoch 84
train_loss: 0.0027
test_loss: 0.0137
epoch 85
train_loss: 0.0027
test_loss: 0.0138
epoch 86
train_loss: 0.0026
test_loss: 0.0135
epoch 87
train_loss: 0.0025
test_loss: 0.0133
epoch 88
train_loss: 0.0024
test_loss: 0.0137
epoch 89
train_loss: 0.0024
test_loss: 0.0134
epoch 90
train_loss: 0.0024
test_loss: 0.0135
epoch 91
train_loss: 0.0024
test_loss: 0.0134
epoch 92
train_loss: 0.0024
test_loss: 0.0134
epoch 93
train_loss: 0.0024
test_loss: 0.0135
epoch 94
train_loss: 0.0024
test_loss: 0.0137
epoch 95
train_loss: 0.0024
test_loss: 0.0133
epoch 96
train_loss: 0.0024
test_loss: 0.0135
epoch 97
train_loss: 0.0024
test_loss: 0.0138
epoch 98
train_loss: 0.0024
test_loss: 0.0137
epoch 99
train_loss: 0.0024
test_loss: 0.0135
epoch 100
train_loss: 0.0024
test_loss: 0.0137
epoch 101
train_loss: 0.0024
test_loss: 0.0135
epoch 102
train_loss: 0.0023
test_loss: 0.0135
epoch 103
train_loss: 0.0023
test_loss: 0.0134
epoch 104
train_loss: 0.0022
test_loss: 0.0133
epoch 105
train_loss: 0.0022
test_loss: 0.0137
epoch 106
train_loss: 0.0023
test_loss: 0.0137
epoch 107
train_loss: 0.0023
test_loss: 0.0134
epoch 108
train_loss: 0.0022
test_loss: 0.0134
epoch 109
train_loss: 0.0022
test_loss: 0.0135
epoch 110
train_loss: 0.0022
test_loss: 0.0133
epoch 111
train_loss: 0.0022
test_loss: 0.0135
epoch 112
train_loss: 0.0022
test_loss: 0.0132
epoch 113
train_loss: 0.0021
test_loss: 0.0130
epoch 114
train_loss: 0.0022
test_loss: 0.0135
epoch 115
train_loss: 0.0022
test_loss: 0.0136
epoch 116
train_loss: 0.0024
test_loss: 0.0138
epoch 117
train_loss: 0.0024
test_loss: 0.0141
epoch 118
train_loss: 0.0023
test_loss: 0.0133
epoch 119
train_loss: 0.0022
test_loss: 0.0137
epoch 120
train_loss: 0.0023
test_loss: 0.0131
epoch 121
train_loss: 0.0021
test_loss: 0.0132
epoch 122
train_loss: 0.0020
test_loss: 0.0126
epoch 123
train_loss: 0.0020
test_loss: 0.0132
epoch 124
train_loss: 0.0021
test_loss: 0.0133
epoch 125
train_loss: 0.0022
test_loss: 0.0138
epoch 126
train_loss: 0.0023
test_loss: 0.0127
epoch 127
train_loss: 0.0020
test_loss: 0.0129
epoch 128
train_loss: 0.0020
test_loss: 0.0130
epoch 129
train_loss: 0.0020
test_loss: 0.0133
epoch 130
train_loss: 0.0021
test_loss: 0.0133
epoch 131
train_loss: 0.0021
test_loss: 0.0132
epoch 132
train_loss: 0.0021
test_loss: 0.0131
epoch 133
train_loss: 0.0020
test_loss: 0.0131
epoch 134
train_loss: 0.0021
test_loss: 0.0127
epoch 135
train_loss: 0.0020
test_loss: 0.0131
epoch 136
train_loss: 0.0021
test_loss: 0.0133
epoch 137
train_loss: 0.0021
test_loss: 0.0134
epoch 138
train_loss: 0.0021
test_loss: 0.0135
epoch 139
train_loss: 0.0022
test_loss: 0.0134
epoch 140
train_loss: 0.0021
test_loss: 0.0135
epoch 141
train_loss: 0.0022
test_loss: 0.0134
epoch 142
train_loss: 0.0021
test_loss: 0.0130
epoch 143
train_loss: 0.0022
test_loss: 0.0133
epoch 144
train_loss: 0.0021
test_loss: 0.0134
epoch 145
train_loss: 0.0021
test_loss: 0.0134
epoch 146
train_loss: 0.0021
test_loss: 0.0133
epoch 147
train_loss: 0.0021
test_loss: 0.0132
epoch 148
train_loss: 0.0020
test_loss: 0.0129
epoch 149
train_loss: 0.0021
test_loss: 0.0133
epoch 150
train_loss: 0.0021
test_loss: 0.0135
epoch 151
train_loss: 0.0021
test_loss: 0.0137
epoch 152
train_loss: 0.0022
test_loss: 0.0134
epoch 153
train_loss: 0.0021
test_loss: 0.0136
epoch 154
train_loss: 0.0022
test_loss: 0.0136
epoch 155
train_loss: 0.0022
test_loss: 0.0130
epoch 156
train_loss: 0.0021
test_loss: 0.0136
epoch 157
train_loss: 0.0021
test_loss: 0.0133
epoch 158
train_loss: 0.0020
test_loss: 0.0133
epoch 159
train_loss: 0.0021
test_loss: 0.0138
epoch 160
train_loss: 0.0022
test_loss: 0.0131
epoch 161
train_loss: 0.0021
test_loss: 0.0128
epoch 162
train_loss: 0.0020
test_loss: 0.0128
epoch 163
train_loss: 0.0020
test_loss: 0.0130
epoch 164
train_loss: 0.0020
test_loss: 0.0129
epoch 165
train_loss: 0.0020
test_loss: 0.0133
epoch 166
train_loss: 0.0020
test_loss: 0.0129
epoch 167
train_loss: 0.0020
test_loss: 0.0132
epoch 168
train_loss: 0.0020
test_loss: 0.0130
epoch 169
train_loss: 0.0020
test_loss: 0.0134
epoch 170
train_loss: 0.0021
test_loss: 0.0135
epoch 171
train_loss: 0.0021
test_loss: 0.0128
epoch 172
train_loss: 0.0019
test_loss: 0.0125
epoch 173
train_loss: 0.0019
test_loss: 0.0130
epoch 174
train_loss: 0.0021
test_loss: 0.0134
epoch 175
train_loss: 0.0020
test_loss: 0.0131
epoch 176
train_loss: 0.0020
test_loss: 0.0130
epoch 177
train_loss: 0.0020
test_loss: 0.0133
epoch 178
train_loss: 0.0021
test_loss: 0.0133
epoch 179
train_loss: 0.0020
test_loss: 0.0127
/home/xueqiong/noise_injection_uncertainty/regression/utils.py:39: FutureWarning: The 'delim_whitespace' keyword in pd.read_csv is deprecated and will be removed in a future version. Use ``sep='\s+'`` instead
  return pd.read_csv(dataset_path, engine='python', header=None, delim_whitespace=True)
8 1
6554 1638 8192
model_name FCN
using Adam as optimizer
epoch 0
train_loss: 0.9241
test_loss: 0.8469
epoch 1
train_loss: 0.7505
test_loss: 0.6762
epoch 2
train_loss: 0.6011
test_loss: 0.5713
epoch 3
train_loss: 0.5329
test_loss: 0.5321
epoch 4
train_loss: 0.5022
test_loss: 0.5060
epoch 5
train_loss: 0.4776
test_loss: 0.4820
epoch 6
train_loss: 0.4545
test_loss: 0.4596
epoch 7
train_loss: 0.4329
test_loss: 0.4389
epoch 8
train_loss: 0.4129
test_loss: 0.4200
epoch 9
train_loss: 0.3946
test_loss: 0.4031
epoch 10
train_loss: 0.3779
test_loss: 0.3878
epoch 11
train_loss: 0.3627
test_loss: 0.3738
epoch 12
train_loss: 0.3486
test_loss: 0.3609
epoch 13
train_loss: 0.3356
test_loss: 0.3491
epoch 14
train_loss: 0.3236
test_loss: 0.3382
epoch 15
train_loss: 0.3123
test_loss: 0.3278
epoch 16
train_loss: 0.3017
test_loss: 0.3179
epoch 17
train_loss: 0.2916
test_loss: 0.3083
epoch 18
train_loss: 0.2820
test_loss: 0.2990
epoch 19
train_loss: 0.2729
test_loss: 0.2900
epoch 20
train_loss: 0.2642
test_loss: 0.2813
epoch 21
train_loss: 0.2559
test_loss: 0.2730
epoch 22
train_loss: 0.2481
test_loss: 0.2650
epoch 23
train_loss: 0.2407
test_loss: 0.2573
epoch 24
train_loss: 0.2337
test_loss: 0.2500
epoch 25
train_loss: 0.2271
test_loss: 0.2430
epoch 26
train_loss: 0.2208
test_loss: 0.2364
epoch 27
train_loss: 0.2149
test_loss: 0.2300
epoch 28
train_loss: 0.2092
test_loss: 0.2240
epoch 29
train_loss: 0.2037
test_loss: 0.2182
epoch 30
train_loss: 0.1984
test_loss: 0.2127
epoch 31
train_loss: 0.1934
test_loss: 0.2075
epoch 32
train_loss: 0.1886
test_loss: 0.2025
epoch 33
train_loss: 0.1839
test_loss: 0.1978
epoch 34
train_loss: 0.1795
test_loss: 0.1933
epoch 35
train_loss: 0.1753
test_loss: 0.1890
epoch 36
train_loss: 0.1713
test_loss: 0.1849
epoch 37
train_loss: 0.1675
test_loss: 0.1810
epoch 38
train_loss: 0.1639
test_loss: 0.1773
epoch 39
train_loss: 0.1604
test_loss: 0.1737
epoch 40
train_loss: 0.1571
test_loss: 0.1703
epoch 41
train_loss: 0.1540
test_loss: 0.1672
epoch 42
train_loss: 0.1510
test_loss: 0.1642
epoch 43
train_loss: 0.1482
test_loss: 0.1614
epoch 44
train_loss: 0.1455
test_loss: 0.1587
epoch 45
train_loss: 0.1430
test_loss: 0.1561
epoch 46
train_loss: 0.1406
test_loss: 0.1536
epoch 47
train_loss: 0.1383
test_loss: 0.1512
epoch 48
train_loss: 0.1360
test_loss: 0.1489
epoch 49
train_loss: 0.1339
test_loss: 0.1467
epoch 50
train_loss: 0.1319
test_loss: 0.1446
epoch 51
train_loss: 0.1300
test_loss: 0.1425
epoch 52
train_loss: 0.1281
test_loss: 0.1406
epoch 53
train_loss: 0.1264
test_loss: 0.1388
epoch 54
train_loss: 0.1247
test_loss: 0.1370
epoch 55
train_loss: 0.1231
test_loss: 0.1353
epoch 56
train_loss: 0.1215
test_loss: 0.1337
epoch 57
train_loss: 0.1200
test_loss: 0.1322
epoch 58
train_loss: 0.1186
test_loss: 0.1307
epoch 59
train_loss: 0.1172
test_loss: 0.1293
epoch 60
train_loss: 0.1159
test_loss: 0.1279
epoch 61
train_loss: 0.1147
test_loss: 0.1266
epoch 62
train_loss: 0.1134
test_loss: 0.1253
epoch 63
train_loss: 0.1122
test_loss: 0.1242
epoch 64
train_loss: 0.1111
test_loss: 0.1231
epoch 65
train_loss: 0.1100
test_loss: 0.1220
epoch 66
train_loss: 0.1090
test_loss: 0.1210
epoch 67
train_loss: 0.1080
test_loss: 0.1200
epoch 68
train_loss: 0.1070
test_loss: 0.1191
epoch 69
train_loss: 0.1060
test_loss: 0.1181
epoch 70
train_loss: 0.1051
test_loss: 0.1172
epoch 71
train_loss: 0.1042
test_loss: 0.1164
epoch 72
train_loss: 0.1033
test_loss: 0.1155
epoch 73
train_loss: 0.1025
test_loss: 0.1147
epoch 74
train_loss: 0.1016
test_loss: 0.1139
epoch 75
train_loss: 0.1008
test_loss: 0.1132
epoch 76
train_loss: 0.1001
test_loss: 0.1124
epoch 77
train_loss: 0.0993
test_loss: 0.1117
epoch 78
train_loss: 0.0986
test_loss: 0.1110
epoch 79
train_loss: 0.0979
test_loss: 0.1103
epoch 80
train_loss: 0.0972
test_loss: 0.1096
epoch 81
train_loss: 0.0965
test_loss: 0.1090
epoch 82
train_loss: 0.0958
test_loss: 0.1084
epoch 83
train_loss: 0.0952
test_loss: 0.1078
epoch 84
train_loss: 0.0945
test_loss: 0.1072
epoch 85
train_loss: 0.0939
test_loss: 0.1066
epoch 86
train_loss: 0.0933
test_loss: 0.1060
epoch 87
train_loss: 0.0927
test_loss: 0.1055
epoch 88
train_loss: 0.0921
test_loss: 0.1050
epoch 89
train_loss: 0.0916
test_loss: 0.1045
epoch 90
train_loss: 0.0910
test_loss: 0.1040
epoch 91
train_loss: 0.0905
test_loss: 0.1035
epoch 92
train_loss: 0.0899
test_loss: 0.1031
epoch 93
train_loss: 0.0894
test_loss: 0.1026
epoch 94
train_loss: 0.0889
test_loss: 0.1022
epoch 95
train_loss: 0.0884
test_loss: 0.1017
epoch 96
train_loss: 0.0880
test_loss: 0.1013
epoch 97
train_loss: 0.0875
test_loss: 0.1009
epoch 98
train_loss: 0.0871
test_loss: 0.1005
epoch 99
train_loss: 0.0866
test_loss: 0.1001
epoch 100
train_loss: 0.0862
test_loss: 0.0998
epoch 101
train_loss: 0.0858
test_loss: 0.0994
epoch 102
train_loss: 0.0854
test_loss: 0.0991
epoch 103
train_loss: 0.0850
test_loss: 0.0987
epoch 104
train_loss: 0.0846
test_loss: 0.0984
epoch 105
train_loss: 0.0843
test_loss: 0.0981
epoch 106
train_loss: 0.0839
test_loss: 0.0978
epoch 107
train_loss: 0.0836
test_loss: 0.0975
epoch 108
train_loss: 0.0832
test_loss: 0.0971
epoch 109
train_loss: 0.0829
test_loss: 0.0968
epoch 110
train_loss: 0.0825
test_loss: 0.0966
epoch 111
train_loss: 0.0822
test_loss: 0.0963
epoch 112
train_loss: 0.0819
test_loss: 0.0960
epoch 113
train_loss: 0.0815
test_loss: 0.0957
epoch 114
train_loss: 0.0812
test_loss: 0.0955
epoch 115
train_loss: 0.0809
test_loss: 0.0952
epoch 116
train_loss: 0.0806
test_loss: 0.0950
epoch 117
train_loss: 0.0803
test_loss: 0.0948
epoch 118
train_loss: 0.0801
test_loss: 0.0945
epoch 119
train_loss: 0.0798
test_loss: 0.0943
epoch 120
train_loss: 0.0795
test_loss: 0.0940
epoch 121
train_loss: 0.0792
test_loss: 0.0938
epoch 122
train_loss: 0.0789
test_loss: 0.0936
epoch 123
train_loss: 0.0787
test_loss: 0.0934
epoch 124
train_loss: 0.0784
test_loss: 0.0931
epoch 125
train_loss: 0.0782
test_loss: 0.0929
epoch 126
train_loss: 0.0779
test_loss: 0.0927
epoch 127
train_loss: 0.0777
test_loss: 0.0925
epoch 128
train_loss: 0.0774
test_loss: 0.0923
epoch 129
train_loss: 0.0772
test_loss: 0.0921
epoch 130
train_loss: 0.0770
test_loss: 0.0919
epoch 131
train_loss: 0.0767
test_loss: 0.0917
epoch 132
train_loss: 0.0765
test_loss: 0.0915
epoch 133
train_loss: 0.0763
test_loss: 0.0913
epoch 134
train_loss: 0.0760
test_loss: 0.0912
epoch 135
train_loss: 0.0758
test_loss: 0.0910
epoch 136
train_loss: 0.0756
test_loss: 0.0908
epoch 137
train_loss: 0.0754
test_loss: 0.0906
epoch 138
train_loss: 0.0751
test_loss: 0.0904
epoch 139
train_loss: 0.0749
test_loss: 0.0903
epoch 140
train_loss: 0.0747
test_loss: 0.0901
epoch 141
train_loss: 0.0745
test_loss: 0.0899
epoch 142
train_loss: 0.0743
test_loss: 0.0897
epoch 143
train_loss: 0.0741
test_loss: 0.0896
epoch 144
train_loss: 0.0739
test_loss: 0.0894
epoch 145
train_loss: 0.0737
test_loss: 0.0892
epoch 146
train_loss: 0.0735
test_loss: 0.0891
epoch 147
train_loss: 0.0733
test_loss: 0.0889
epoch 148
train_loss: 0.0731
test_loss: 0.0887
epoch 149
train_loss: 0.0729
test_loss: 0.0886
epoch 150
train_loss: 0.0727
test_loss: 0.0884
epoch 151
train_loss: 0.0725
test_loss: 0.0883
epoch 152
train_loss: 0.0723
test_loss: 0.0881
epoch 153
train_loss: 0.0721
test_loss: 0.0880
epoch 154
train_loss: 0.0719
test_loss: 0.0879
epoch 155
train_loss: 0.0718
test_loss: 0.0877
epoch 156
train_loss: 0.0716
test_loss: 0.0876
epoch 157
train_loss: 0.0714
test_loss: 0.0875
epoch 158
train_loss: 0.0712
test_loss: 0.0873
epoch 159
train_loss: 0.0711
test_loss: 0.0872
epoch 160
train_loss: 0.0709
test_loss: 0.0870
epoch 161
train_loss: 0.0707
test_loss: 0.0869
epoch 162
train_loss: 0.0706
test_loss: 0.0867
epoch 163
train_loss: 0.0704
test_loss: 0.0866
epoch 164
train_loss: 0.0702
test_loss: 0.0865
epoch 165
train_loss: 0.0701
test_loss: 0.0864
epoch 166
train_loss: 0.0699
test_loss: 0.0863
epoch 167
train_loss: 0.0698
test_loss: 0.0861
epoch 168
train_loss: 0.0696
test_loss: 0.0860
epoch 169
train_loss: 0.0695
test_loss: 0.0859
epoch 170
train_loss: 0.0693
test_loss: 0.0858
epoch 171
train_loss: 0.0692
test_loss: 0.0857
epoch 172
train_loss: 0.0690
test_loss: 0.0856
epoch 173
train_loss: 0.0689
test_loss: 0.0855
epoch 174
train_loss: 0.0687
test_loss: 0.0854
epoch 175
train_loss: 0.0686
test_loss: 0.0853
epoch 176
train_loss: 0.0685
test_loss: 0.0852
epoch 177
train_loss: 0.0683
test_loss: 0.0851
epoch 178
train_loss: 0.0682
test_loss: 0.0850
epoch 179
train_loss: 0.0680
test_loss: 0.0849
epoch 180
train_loss: 0.0679
test_loss: 0.0848
epoch 181
train_loss: 0.0678
test_loss: 0.0847
epoch 182
train_loss: 0.0676
test_loss: 0.0847
epoch 183
train_loss: 0.0675
test_loss: 0.0846
epoch 184
train_loss: 0.0674
test_loss: 0.0845
epoch 185
train_loss: 0.0672
test_loss: 0.0844
epoch 186
train_loss: 0.0671
test_loss: 0.0843
epoch 187
train_loss: 0.0670
test_loss: 0.0843
epoch 188
train_loss: 0.0669
test_loss: 0.0842
epoch 189
train_loss: 0.0668
test_loss: 0.0841
epoch 190
train_loss: 0.0666
test_loss: 0.0841
epoch 191
train_loss: 0.0665
test_loss: 0.0840
epoch 192
train_loss: 0.0664
test_loss: 0.0840
epoch 193
train_loss: 0.0663
test_loss: 0.0839
epoch 194
train_loss: 0.0661
test_loss: 0.0838
epoch 195
train_loss: 0.0660
test_loss: 0.0838
epoch 196
train_loss: 0.0659
test_loss: 0.0837
epoch 197
train_loss: 0.0658
test_loss: 0.0836
epoch 198
train_loss: 0.0657
test_loss: 0.0835
epoch 199
train_loss: 0.0656
test_loss: 0.0835
epoch 200
train_loss: 0.0655
test_loss: 0.0834
epoch 201
train_loss: 0.0654
test_loss: 0.0833
epoch 202
train_loss: 0.0652
test_loss: 0.0833
epoch 203
train_loss: 0.0651
test_loss: 0.0832
epoch 204
train_loss: 0.0650
test_loss: 0.0831
epoch 205
train_loss: 0.0649
test_loss: 0.0831
epoch 206
train_loss: 0.0648
test_loss: 0.0830
epoch 207
train_loss: 0.0647
test_loss: 0.0830
epoch 208
train_loss: 0.0646
test_loss: 0.0829
epoch 209
train_loss: 0.0645
test_loss: 0.0829
epoch 210
train_loss: 0.0644
test_loss: 0.0828
epoch 211
train_loss: 0.0643
test_loss: 0.0828
epoch 212
train_loss: 0.0642
test_loss: 0.0827
epoch 213
train_loss: 0.0641
test_loss: 0.0826
epoch 214
train_loss: 0.0640
test_loss: 0.0826
epoch 215
train_loss: 0.0639
test_loss: 0.0825
epoch 216
train_loss: 0.0638
test_loss: 0.0825
epoch 217
train_loss: 0.0637
test_loss: 0.0824
epoch 218
train_loss: 0.0636
test_loss: 0.0823
epoch 219
train_loss: 0.0635
test_loss: 0.0823
epoch 220
train_loss: 0.0634
test_loss: 0.0822
epoch 221
train_loss: 0.0633
test_loss: 0.0821
epoch 222
train_loss: 0.0632
test_loss: 0.0821
epoch 223
train_loss: 0.0631
test_loss: 0.0820
epoch 224
train_loss: 0.0630
test_loss: 0.0819
epoch 225
train_loss: 0.0629
test_loss: 0.0819
epoch 226
train_loss: 0.0628
test_loss: 0.0818
epoch 227
train_loss: 0.0628
test_loss: 0.0817
epoch 228
train_loss: 0.0627
test_loss: 0.0817
epoch 229
train_loss: 0.0626
test_loss: 0.0817
epoch 230
train_loss: 0.0625
test_loss: 0.0816
epoch 231
train_loss: 0.0624
test_loss: 0.0816
epoch 232
train_loss: 0.0623
test_loss: 0.0815
epoch 233
train_loss: 0.0622
test_loss: 0.0815
epoch 234
train_loss: 0.0621
test_loss: 0.0814
epoch 235
train_loss: 0.0621
test_loss: 0.0814
epoch 236
train_loss: 0.0620
test_loss: 0.0813
epoch 237
train_loss: 0.0619
test_loss: 0.0813
epoch 238
train_loss: 0.0618
test_loss: 0.0812
epoch 239
train_loss: 0.0617
test_loss: 0.0812
epoch 240
train_loss: 0.0616
test_loss: 0.0811
epoch 241
train_loss: 0.0616
test_loss: 0.0811
epoch 242
train_loss: 0.0615
test_loss: 0.0811
epoch 243
train_loss: 0.0614
test_loss: 0.0810
epoch 244
train_loss: 0.0613
test_loss: 0.0810
epoch 245
train_loss: 0.0612
test_loss: 0.0809
epoch 246
train_loss: 0.0612
test_loss: 0.0809
epoch 247
train_loss: 0.0611
test_loss: 0.0809
epoch 248
train_loss: 0.0610
test_loss: 0.0808
epoch 249
train_loss: 0.0609
test_loss: 0.0808
epoch 250
train_loss: 0.0609
test_loss: 0.0808
epoch 251
train_loss: 0.0608
test_loss: 0.0807
epoch 252
train_loss: 0.0607
test_loss: 0.0807
epoch 253
train_loss: 0.0606
test_loss: 0.0807
epoch 254
train_loss: 0.0606
test_loss: 0.0806
epoch 255
train_loss: 0.0605
test_loss: 0.0806
epoch 256
train_loss: 0.0604
test_loss: 0.0805
epoch 257
train_loss: 0.0604
test_loss: 0.0805
epoch 258
train_loss: 0.0603
test_loss: 0.0805
epoch 259
train_loss: 0.0602
test_loss: 0.0804
epoch 260
train_loss: 0.0602
test_loss: 0.0804
epoch 261
train_loss: 0.0601
test_loss: 0.0804
epoch 262
train_loss: 0.0600
test_loss: 0.0804
epoch 263
train_loss: 0.0600
test_loss: 0.0803
epoch 264
train_loss: 0.0599
test_loss: 0.0803
epoch 265
train_loss: 0.0598
test_loss: 0.0803
epoch 266
train_loss: 0.0598
test_loss: 0.0802
epoch 267
train_loss: 0.0597
test_loss: 0.0802
epoch 268
train_loss: 0.0596
test_loss: 0.0802
epoch 269
train_loss: 0.0596
test_loss: 0.0801
epoch 270
train_loss: 0.0595
test_loss: 0.0801
epoch 271
train_loss: 0.0594
test_loss: 0.0801
epoch 272
train_loss: 0.0594
test_loss: 0.0800
epoch 273
train_loss: 0.0593
test_loss: 0.0800
epoch 274
train_loss: 0.0592
test_loss: 0.0799
epoch 275
train_loss: 0.0592
test_loss: 0.0799
epoch 276
train_loss: 0.0591
test_loss: 0.0799
epoch 277
train_loss: 0.0591
test_loss: 0.0799
epoch 278
train_loss: 0.0590
test_loss: 0.0798
epoch 279
train_loss: 0.0589
test_loss: 0.0798
epoch 280
train_loss: 0.0589
test_loss: 0.0797
epoch 281
train_loss: 0.0588
test_loss: 0.0797
epoch 282
train_loss: 0.0588
test_loss: 0.0797
epoch 283
train_loss: 0.0587
test_loss: 0.0796
epoch 284
train_loss: 0.0587
test_loss: 0.0796
epoch 285
train_loss: 0.0586
test_loss: 0.0796
epoch 286
train_loss: 0.0585
test_loss: 0.0795
epoch 287
train_loss: 0.0585
test_loss: 0.0795
epoch 288
train_loss: 0.0584
test_loss: 0.0795
epoch 289
train_loss: 0.0584
test_loss: 0.0795
epoch 290
train_loss: 0.0583
test_loss: 0.0794
epoch 291
train_loss: 0.0583
test_loss: 0.0794
epoch 292
train_loss: 0.0582
test_loss: 0.0794
epoch 293
train_loss: 0.0581
test_loss: 0.0794
epoch 294
train_loss: 0.0581
test_loss: 0.0793
epoch 295
train_loss: 0.0580
test_loss: 0.0793
epoch 296
train_loss: 0.0580
test_loss: 0.0792
epoch 297
train_loss: 0.0579
test_loss: 0.0792
epoch 298
train_loss: 0.0579
test_loss: 0.0792
epoch 299
train_loss: 0.0578
test_loss: 0.0792
epoch 300
train_loss: 0.0578
test_loss: 0.0791
epoch 301
train_loss: 0.0577
test_loss: 0.0791
epoch 302
train_loss: 0.0577
test_loss: 0.0791
epoch 303
train_loss: 0.0576
test_loss: 0.0791
epoch 304
train_loss: 0.0576
test_loss: 0.0790
epoch 305
train_loss: 0.0575
test_loss: 0.0790
epoch 306
train_loss: 0.0575
test_loss: 0.0790
epoch 307
train_loss: 0.0574
test_loss: 0.0790
epoch 308
train_loss: 0.0574
test_loss: 0.0790
epoch 309
train_loss: 0.0573
test_loss: 0.0790
epoch 310
train_loss: 0.0573
test_loss: 0.0789
epoch 311
train_loss: 0.0572
test_loss: 0.0789
epoch 312
train_loss: 0.0572
test_loss: 0.0789
epoch 313
train_loss: 0.0571
test_loss: 0.0789
epoch 314
train_loss: 0.0571
test_loss: 0.0789
epoch 315
train_loss: 0.0570
test_loss: 0.0788
epoch 316
train_loss: 0.0570
test_loss: 0.0788
epoch 317
train_loss: 0.0569
test_loss: 0.0788
epoch 318
train_loss: 0.0569
test_loss: 0.0788
epoch 319
train_loss: 0.0568
test_loss: 0.0788
epoch 320
train_loss: 0.0568
test_loss: 0.0787
epoch 321
train_loss: 0.0568
test_loss: 0.0787
epoch 322
train_loss: 0.0567
test_loss: 0.0787
epoch 323
train_loss: 0.0567
test_loss: 0.0787
epoch 324
train_loss: 0.0566
test_loss: 0.0786
epoch 325
train_loss: 0.0566
test_loss: 0.0786
epoch 326
train_loss: 0.0565
test_loss: 0.0786
epoch 327
train_loss: 0.0565
test_loss: 0.0786
epoch 328
train_loss: 0.0564
test_loss: 0.0785
epoch 329
train_loss: 0.0564
test_loss: 0.0785
epoch 330
train_loss: 0.0564
test_loss: 0.0785
epoch 331
train_loss: 0.0563
test_loss: 0.0784
epoch 332
train_loss: 0.0563
test_loss: 0.0784
epoch 333
train_loss: 0.0562
test_loss: 0.0784
epoch 334
train_loss: 0.0562
test_loss: 0.0784
epoch 335
train_loss: 0.0561
test_loss: 0.0783
epoch 336
train_loss: 0.0561
test_loss: 0.0783
epoch 337
train_loss: 0.0560
test_loss: 0.0783
epoch 338
train_loss: 0.0560
test_loss: 0.0782
epoch 339
train_loss: 0.0560
test_loss: 0.0782
epoch 340
train_loss: 0.0559
test_loss: 0.0782
epoch 341
train_loss: 0.0559
test_loss: 0.0782
epoch 342
train_loss: 0.0558
test_loss: 0.0781
epoch 343
train_loss: 0.0558
test_loss: 0.0781
epoch 344
train_loss: 0.0558
test_loss: 0.0781
epoch 345
train_loss: 0.0557
test_loss: 0.0780
epoch 346
train_loss: 0.0557
test_loss: 0.0780
epoch 347
train_loss: 0.0556
test_loss: 0.0780
epoch 348
train_loss: 0.0556
test_loss: 0.0779
epoch 349
train_loss: 0.0556
test_loss: 0.0779
epoch 350
train_loss: 0.0555
test_loss: 0.0779
epoch 351
train_loss: 0.0555
test_loss: 0.0778
epoch 352
train_loss: 0.0554
test_loss: 0.0778
epoch 353
train_loss: 0.0554
test_loss: 0.0778
epoch 354
train_loss: 0.0554
test_loss: 0.0778
epoch 355
train_loss: 0.0553
test_loss: 0.0778
epoch 356
train_loss: 0.0553
test_loss: 0.0777
epoch 357
train_loss: 0.0552
test_loss: 0.0777
epoch 358
train_loss: 0.0552
test_loss: 0.0776
epoch 359
train_loss: 0.0552
test_loss: 0.0776
epoch 360
train_loss: 0.0551
test_loss: 0.0776
epoch 361
train_loss: 0.0551
test_loss: 0.0776
epoch 362
train_loss: 0.0551
test_loss: 0.0775
epoch 363
train_loss: 0.0550
test_loss: 0.0775
epoch 364
train_loss: 0.0550
test_loss: 0.0775
epoch 365
train_loss: 0.0549
test_loss: 0.0775
epoch 366
train_loss: 0.0549
test_loss: 0.0774
epoch 367
train_loss: 0.0549
test_loss: 0.0774
epoch 368
train_loss: 0.0548
test_loss: 0.0774
epoch 369
train_loss: 0.0548
test_loss: 0.0773
epoch 370
train_loss: 0.0548
test_loss: 0.0773
epoch 371
train_loss: 0.0547
test_loss: 0.0773
epoch 372
train_loss: 0.0547
test_loss: 0.0772
epoch 373
train_loss: 0.0547
test_loss: 0.0772
epoch 374
train_loss: 0.0546
test_loss: 0.0772
epoch 375
train_loss: 0.0546
test_loss: 0.0772
epoch 376
train_loss: 0.0545
test_loss: 0.0771
epoch 377
train_loss: 0.0545
test_loss: 0.0771
epoch 378
train_loss: 0.0545
test_loss: 0.0771
epoch 379
train_loss: 0.0544
test_loss: 0.0770
epoch 380
train_loss: 0.0544
test_loss: 0.0770
epoch 381
train_loss: 0.0544
test_loss: 0.0770
epoch 382
train_loss: 0.0543
test_loss: 0.0770
epoch 383
train_loss: 0.0543
test_loss: 0.0769
epoch 384
train_loss: 0.0543
test_loss: 0.0769
epoch 385
train_loss: 0.0542
test_loss: 0.0768
epoch 386
train_loss: 0.0542
test_loss: 0.0768
epoch 387
train_loss: 0.0542
test_loss: 0.0768
epoch 388
train_loss: 0.0542
test_loss: 0.0767
epoch 389
train_loss: 0.0541
test_loss: 0.0767
epoch 390
train_loss: 0.0541
test_loss: 0.0767
epoch 391
train_loss: 0.0541
test_loss: 0.0767
epoch 392
train_loss: 0.0540
test_loss: 0.0766
epoch 393
train_loss: 0.0540
test_loss: 0.0766
epoch 394
train_loss: 0.0540
test_loss: 0.0766
epoch 395
train_loss: 0.0539
test_loss: 0.0765
epoch 396
train_loss: 0.0539
test_loss: 0.0765
epoch 397
train_loss: 0.0539
test_loss: 0.0765
epoch 398
train_loss: 0.0538
test_loss: 0.0764
epoch 399
train_loss: 0.0538
test_loss: 0.0764
epoch 400
train_loss: 0.0538
test_loss: 0.0764
epoch 401
train_loss: 0.0537
test_loss: 0.0763
epoch 402
train_loss: 0.0537
test_loss: 0.0763
epoch 403
train_loss: 0.0537
test_loss: 0.0763
epoch 404
train_loss: 0.0536
test_loss: 0.0762
epoch 405
train_loss: 0.0536
test_loss: 0.0762
epoch 406
train_loss: 0.0536
test_loss: 0.0762
epoch 407
train_loss: 0.0535
test_loss: 0.0762
epoch 408
train_loss: 0.0535
test_loss: 0.0761
epoch 409
train_loss: 0.0535
test_loss: 0.0761
epoch 410
train_loss: 0.0534
test_loss: 0.0761
epoch 411
train_loss: 0.0534
test_loss: 0.0760
epoch 412
train_loss: 0.0534
test_loss: 0.0760
epoch 413
train_loss: 0.0533
test_loss: 0.0760
epoch 414
train_loss: 0.0533
test_loss: 0.0760
epoch 415
train_loss: 0.0533
test_loss: 0.0759
epoch 416
train_loss: 0.0533
test_loss: 0.0759
epoch 417
train_loss: 0.0532
test_loss: 0.0758
epoch 418
train_loss: 0.0532
test_loss: 0.0758
epoch 419
train_loss: 0.0532
test_loss: 0.0758
epoch 420
train_loss: 0.0531
test_loss: 0.0758
epoch 421
train_loss: 0.0531
test_loss: 0.0757
epoch 422
train_loss: 0.0531
test_loss: 0.0757
epoch 423
train_loss: 0.0530
test_loss: 0.0757
epoch 424
train_loss: 0.0530
test_loss: 0.0757
epoch 425
train_loss: 0.0530
test_loss: 0.0756
epoch 426
train_loss: 0.0529
test_loss: 0.0756
epoch 427
train_loss: 0.0529
test_loss: 0.0756
epoch 428
train_loss: 0.0529
test_loss: 0.0756
epoch 429
train_loss: 0.0529
test_loss: 0.0756
epoch 430
train_loss: 0.0528
test_loss: 0.0755
epoch 431
train_loss: 0.0528
test_loss: 0.0755
epoch 432
train_loss: 0.0528
test_loss: 0.0755
epoch 433
train_loss: 0.0528
test_loss: 0.0755
epoch 434
train_loss: 0.0527
test_loss: 0.0754
epoch 435
train_loss: 0.0527
test_loss: 0.0754
epoch 436
train_loss: 0.0527
test_loss: 0.0754
epoch 437
train_loss: 0.0526
test_loss: 0.0754
epoch 438
train_loss: 0.0526
test_loss: 0.0754
epoch 439
train_loss: 0.0526
test_loss: 0.0754
epoch 440
train_loss: 0.0526
test_loss: 0.0753
epoch 441
train_loss: 0.0525
test_loss: 0.0753
epoch 442
train_loss: 0.0525
test_loss: 0.0753
epoch 443
train_loss: 0.0525
test_loss: 0.0752
epoch 444
train_loss: 0.0525
test_loss: 0.0752
epoch 445
train_loss: 0.0524
test_loss: 0.0752
epoch 446
train_loss: 0.0524
test_loss: 0.0752
epoch 447
train_loss: 0.0524
test_loss: 0.0751
epoch 448
train_loss: 0.0524
test_loss: 0.0751
epoch 449
train_loss: 0.0523
test_loss: 0.0751
epoch 450
train_loss: 0.0523
test_loss: 0.0751
epoch 451
train_loss: 0.0523
test_loss: 0.0751
epoch 452
train_loss: 0.0523
test_loss: 0.0750
epoch 453
train_loss: 0.0522
test_loss: 0.0750
epoch 454
train_loss: 0.0522
test_loss: 0.0750
epoch 455
train_loss: 0.0522
test_loss: 0.0750
epoch 456
train_loss: 0.0522
test_loss: 0.0750
epoch 457
train_loss: 0.0521
test_loss: 0.0749
epoch 458
train_loss: 0.0521
test_loss: 0.0749
epoch 459
train_loss: 0.0521
test_loss: 0.0749
epoch 460
train_loss: 0.0521
test_loss: 0.0749
epoch 461
train_loss: 0.0520
test_loss: 0.0749
epoch 462
train_loss: 0.0520
test_loss: 0.0748
epoch 463
train_loss: 0.0520
test_loss: 0.0748
epoch 464
train_loss: 0.0520
test_loss: 0.0748
epoch 465
train_loss: 0.0520
test_loss: 0.0748
epoch 466
train_loss: 0.0519
test_loss: 0.0748
epoch 467
train_loss: 0.0519
test_loss: 0.0748
epoch 468
train_loss: 0.0519
test_loss: 0.0748
epoch 469
train_loss: 0.0519
test_loss: 0.0747
epoch 470
train_loss: 0.0518
test_loss: 0.0747
epoch 471
train_loss: 0.0518
test_loss: 0.0747
epoch 472
train_loss: 0.0518
test_loss: 0.0747
epoch 473
train_loss: 0.0518
test_loss: 0.0747
epoch 474
train_loss: 0.0517
test_loss: 0.0747
epoch 475
train_loss: 0.0517
test_loss: 0.0747
epoch 476
train_loss: 0.0517
test_loss: 0.0746
epoch 477
train_loss: 0.0517
test_loss: 0.0746
epoch 478
train_loss: 0.0517
test_loss: 0.0746
epoch 479
train_loss: 0.0516
test_loss: 0.0746
epoch 480
train_loss: 0.0516
test_loss: 0.0746
epoch 481
train_loss: 0.0516
test_loss: 0.0746
epoch 482
train_loss: 0.0516
test_loss: 0.0745
epoch 483
train_loss: 0.0516
test_loss: 0.0745
epoch 484
train_loss: 0.0515
test_loss: 0.0745
epoch 485
train_loss: 0.0515
test_loss: 0.0745
epoch 486
train_loss: 0.0515
test_loss: 0.0745
epoch 487
train_loss: 0.0515
test_loss: 0.0745
epoch 488
train_loss: 0.0515
test_loss: 0.0745
epoch 489
train_loss: 0.0514
test_loss: 0.0744
epoch 490
train_loss: 0.0514
test_loss: 0.0744
epoch 491
train_loss: 0.0514
test_loss: 0.0744
epoch 492
train_loss: 0.0514
test_loss: 0.0744
epoch 493
train_loss: 0.0514
test_loss: 0.0744
epoch 494
train_loss: 0.0513
test_loss: 0.0744
epoch 495
train_loss: 0.0513
test_loss: 0.0744
epoch 496
train_loss: 0.0513
test_loss: 0.0744
epoch 497
train_loss: 0.0513
test_loss: 0.0743
epoch 498
train_loss: 0.0513
test_loss: 0.0743
epoch 499
train_loss: 0.0512
test_loss: 0.0743
epoch 500
train_loss: 0.0512
test_loss: 0.0743
epoch 501
train_loss: 0.0512
test_loss: 0.0743
epoch 502
train_loss: 0.0512
test_loss: 0.0743
epoch 503
train_loss: 0.0512
test_loss: 0.0743
epoch 504
train_loss: 0.0511
test_loss: 0.0742
epoch 505
train_loss: 0.0511
test_loss: 0.0742
epoch 506
train_loss: 0.0511
test_loss: 0.0742
epoch 507
train_loss: 0.0511
test_loss: 0.0742
epoch 508
train_loss: 0.0511
test_loss: 0.0742
epoch 509
train_loss: 0.0511
test_loss: 0.0742
epoch 510
train_loss: 0.0510
test_loss: 0.0741
epoch 511
train_loss: 0.0510
test_loss: 0.0741
epoch 512
train_loss: 0.0510
test_loss: 0.0741
epoch 513
train_loss: 0.0510
test_loss: 0.0741
epoch 514
train_loss: 0.0510
test_loss: 0.0741
epoch 515
train_loss: 0.0509
test_loss: 0.0741
epoch 516
train_loss: 0.0509
test_loss: 0.0741
epoch 517
train_loss: 0.0509
test_loss: 0.0740
epoch 518
train_loss: 0.0509
test_loss: 0.0740
epoch 519
train_loss: 0.0509
test_loss: 0.0740
epoch 520
train_loss: 0.0509
test_loss: 0.0740
epoch 521
train_loss: 0.0508
test_loss: 0.0740
epoch 522
train_loss: 0.0508
test_loss: 0.0740
epoch 523
train_loss: 0.0508
test_loss: 0.0740
epoch 524
train_loss: 0.0508
test_loss: 0.0740
epoch 525
train_loss: 0.0508
test_loss: 0.0739
epoch 526
train_loss: 0.0507
test_loss: 0.0739
epoch 527
train_loss: 0.0507
test_loss: 0.0739
epoch 528
train_loss: 0.0507
test_loss: 0.0739
epoch 529
train_loss: 0.0507
test_loss: 0.0739
epoch 530
train_loss: 0.0507
test_loss: 0.0739
epoch 531
train_loss: 0.0507
test_loss: 0.0739
epoch 532
train_loss: 0.0506
test_loss: 0.0739
epoch 533
train_loss: 0.0506
test_loss: 0.0739
epoch 534
train_loss: 0.0506
test_loss: 0.0739
epoch 535
train_loss: 0.0506
test_loss: 0.0739
epoch 536
train_loss: 0.0506
test_loss: 0.0739
epoch 537
train_loss: 0.0506
test_loss: 0.0739
epoch 538
train_loss: 0.0505
test_loss: 0.0739
epoch 539
train_loss: 0.0505
test_loss: 0.0739
epoch 540
train_loss: 0.0505
test_loss: 0.0738
epoch 541
train_loss: 0.0505
test_loss: 0.0738
epoch 542
train_loss: 0.0505
test_loss: 0.0738
epoch 543
train_loss: 0.0505
test_loss: 0.0738
epoch 544
train_loss: 0.0504
test_loss: 0.0738
epoch 545
train_loss: 0.0504
test_loss: 0.0738
epoch 546
train_loss: 0.0504
test_loss: 0.0738
epoch 547
train_loss: 0.0504
test_loss: 0.0738
epoch 548
train_loss: 0.0504
test_loss: 0.0738
epoch 549
train_loss: 0.0504
test_loss: 0.0738
epoch 550
train_loss: 0.0503
test_loss: 0.0738
epoch 551
train_loss: 0.0503
test_loss: 0.0738
epoch 552
train_loss: 0.0503
test_loss: 0.0737
epoch 553
train_loss: 0.0503
test_loss: 0.0738
epoch 554
train_loss: 0.0503
test_loss: 0.0738
epoch 555
train_loss: 0.0503
test_loss: 0.0737
epoch 556
train_loss: 0.0502
test_loss: 0.0737
epoch 557
train_loss: 0.0502
test_loss: 0.0737
epoch 558
train_loss: 0.0502
test_loss: 0.0737
epoch 559
train_loss: 0.0502
test_loss: 0.0737
epoch 560
train_loss: 0.0502
test_loss: 0.0737
epoch 561
train_loss: 0.0502
test_loss: 0.0736
epoch 562
train_loss: 0.0501
test_loss: 0.0736
epoch 563
train_loss: 0.0501
test_loss: 0.0736
epoch 564
train_loss: 0.0501
test_loss: 0.0736
epoch 565
train_loss: 0.0501
test_loss: 0.0736
epoch 566
train_loss: 0.0501
test_loss: 0.0736
epoch 567
train_loss: 0.0501
test_loss: 0.0736
epoch 568
train_loss: 0.0501
test_loss: 0.0735
epoch 569
train_loss: 0.0500
test_loss: 0.0735
epoch 570
train_loss: 0.0500
test_loss: 0.0736
epoch 571
train_loss: 0.0500
test_loss: 0.0735
epoch 572
train_loss: 0.0500
test_loss: 0.0735
epoch 573
train_loss: 0.0500
test_loss: 0.0735
epoch 574
train_loss: 0.0500
test_loss: 0.0735
epoch 575
train_loss: 0.0500
test_loss: 0.0735
epoch 576
train_loss: 0.0499
test_loss: 0.0735
epoch 577
train_loss: 0.0499
test_loss: 0.0735
epoch 578
train_loss: 0.0499
test_loss: 0.0735
epoch 579
train_loss: 0.0499
test_loss: 0.0735
epoch 580
train_loss: 0.0499
test_loss: 0.0734
epoch 581
train_loss: 0.0499
test_loss: 0.0734
epoch 582
train_loss: 0.0498
test_loss: 0.0734
epoch 583
train_loss: 0.0498
test_loss: 0.0734
epoch 584
train_loss: 0.0498
test_loss: 0.0734
epoch 585
train_loss: 0.0498
test_loss: 0.0734
epoch 586
train_loss: 0.0498
test_loss: 0.0734
epoch 587
train_loss: 0.0498
test_loss: 0.0734
epoch 588
train_loss: 0.0498
test_loss: 0.0733
epoch 589
train_loss: 0.0497
test_loss: 0.0734
epoch 590
train_loss: 0.0497
test_loss: 0.0733
epoch 591
train_loss: 0.0497
test_loss: 0.0733
epoch 592
train_loss: 0.0497
test_loss: 0.0733
epoch 593
train_loss: 0.0497
test_loss: 0.0733
epoch 594
train_loss: 0.0497
test_loss: 0.0733
epoch 595
train_loss: 0.0497
test_loss: 0.0733
epoch 596
train_loss: 0.0497
test_loss: 0.0733
epoch 597
train_loss: 0.0496
test_loss: 0.0732
epoch 598
train_loss: 0.0496
test_loss: 0.0732
epoch 599
train_loss: 0.0496
test_loss: 0.0732
epoch 600
train_loss: 0.0496
test_loss: 0.0732
epoch 601
train_loss: 0.0496
test_loss: 0.0732
epoch 602
train_loss: 0.0496
test_loss: 0.0732
epoch 603
train_loss: 0.0496
test_loss: 0.0732
epoch 604
train_loss: 0.0496
test_loss: 0.0732
epoch 605
train_loss: 0.0495
test_loss: 0.0732
epoch 606
train_loss: 0.0495
test_loss: 0.0732
epoch 607
train_loss: 0.0495
test_loss: 0.0732
epoch 608
train_loss: 0.0495
test_loss: 0.0732
epoch 609
train_loss: 0.0495
test_loss: 0.0732
epoch 610
train_loss: 0.0495
test_loss: 0.0732
epoch 611
train_loss: 0.0495
test_loss: 0.0731
epoch 612
train_loss: 0.0495
test_loss: 0.0732
epoch 613
train_loss: 0.0494
test_loss: 0.0731
epoch 614
train_loss: 0.0494
test_loss: 0.0731
epoch 615
train_loss: 0.0494
test_loss: 0.0731
epoch 616
train_loss: 0.0494
test_loss: 0.0731
epoch 617
train_loss: 0.0494
test_loss: 0.0731
epoch 618
train_loss: 0.0494
test_loss: 0.0731
epoch 619
train_loss: 0.0494
test_loss: 0.0731
epoch 620
train_loss: 0.0494
test_loss: 0.0731
epoch 621
train_loss: 0.0494
test_loss: 0.0731
epoch 622
train_loss: 0.0493
test_loss: 0.0731
epoch 623
train_loss: 0.0493
test_loss: 0.0730
epoch 624
train_loss: 0.0493
test_loss: 0.0730
epoch 625
train_loss: 0.0493
test_loss: 0.0730
epoch 626
train_loss: 0.0493
test_loss: 0.0730
epoch 627
train_loss: 0.0493
test_loss: 0.0730
epoch 628
train_loss: 0.0493
test_loss: 0.0730
epoch 629
train_loss: 0.0493
test_loss: 0.0730
epoch 630
train_loss: 0.0492
test_loss: 0.0730
epoch 631
train_loss: 0.0492
test_loss: 0.0729
epoch 632
train_loss: 0.0492
test_loss: 0.0729
epoch 633
train_loss: 0.0492
test_loss: 0.0729
epoch 634
train_loss: 0.0492
test_loss: 0.0729
epoch 635
train_loss: 0.0492
test_loss: 0.0729
epoch 636
train_loss: 0.0492
test_loss: 0.0729
epoch 637
train_loss: 0.0492
test_loss: 0.0729
epoch 638
train_loss: 0.0492
test_loss: 0.0729
epoch 639
train_loss: 0.0492
test_loss: 0.0729
epoch 640
train_loss: 0.0491
test_loss: 0.0728
epoch 641
train_loss: 0.0491
test_loss: 0.0729
epoch 642
train_loss: 0.0491
test_loss: 0.0728
epoch 643
train_loss: 0.0491
test_loss: 0.0728
epoch 644
train_loss: 0.0491
test_loss: 0.0728
epoch 645
train_loss: 0.0491
test_loss: 0.0728
epoch 646
train_loss: 0.0491
test_loss: 0.0728
epoch 647
train_loss: 0.0491
test_loss: 0.0728
epoch 648
train_loss: 0.0491
test_loss: 0.0728
epoch 649
train_loss: 0.0490
test_loss: 0.0728
epoch 650
train_loss: 0.0490
test_loss: 0.0728
epoch 651
train_loss: 0.0490
test_loss: 0.0728
epoch 652
train_loss: 0.0490
test_loss: 0.0728
epoch 653
train_loss: 0.0490
test_loss: 0.0727
epoch 654
train_loss: 0.0490
test_loss: 0.0728
epoch 655
train_loss: 0.0490
test_loss: 0.0727
epoch 656
train_loss: 0.0490
test_loss: 0.0727
epoch 657
train_loss: 0.0490
test_loss: 0.0727
epoch 658
train_loss: 0.0490
test_loss: 0.0727
epoch 659
train_loss: 0.0490
test_loss: 0.0727
epoch 660
train_loss: 0.0489
test_loss: 0.0727
epoch 661
train_loss: 0.0489
test_loss: 0.0727
epoch 662
train_loss: 0.0489
test_loss: 0.0727
epoch 663
train_loss: 0.0489
test_loss: 0.0727
epoch 664
train_loss: 0.0489
test_loss: 0.0727
epoch 665
train_loss: 0.0489
test_loss: 0.0727
epoch 666
train_loss: 0.0489
test_loss: 0.0727
epoch 667
train_loss: 0.0489
test_loss: 0.0727
epoch 668
train_loss: 0.0489
test_loss: 0.0727
epoch 669
train_loss: 0.0488
test_loss: 0.0726
epoch 670
train_loss: 0.0488
test_loss: 0.0726
epoch 671
train_loss: 0.0488
test_loss: 0.0726
epoch 672
train_loss: 0.0488
test_loss: 0.0726
epoch 673
train_loss: 0.0488
test_loss: 0.0726
epoch 674
train_loss: 0.0488
test_loss: 0.0726
epoch 675
train_loss: 0.0488
test_loss: 0.0726
epoch 676
train_loss: 0.0488
test_loss: 0.0726
epoch 677
train_loss: 0.0488
test_loss: 0.0726
epoch 678
train_loss: 0.0488
test_loss: 0.0726
epoch 679
train_loss: 0.0487
test_loss: 0.0726
epoch 680
train_loss: 0.0487
test_loss: 0.0726
epoch 681
train_loss: 0.0487
test_loss: 0.0725
epoch 682
train_loss: 0.0487
test_loss: 0.0725
epoch 683
train_loss: 0.0487
test_loss: 0.0725
epoch 684
train_loss: 0.0487
test_loss: 0.0725
epoch 685
train_loss: 0.0487
test_loss: 0.0725
epoch 686
train_loss: 0.0487
test_loss: 0.0725
epoch 687
train_loss: 0.0487
test_loss: 0.0725
epoch 688
train_loss: 0.0487
test_loss: 0.0724
epoch 689
train_loss: 0.0486
test_loss: 0.0724
epoch 690
train_loss: 0.0486
test_loss: 0.0724
epoch 691
train_loss: 0.0486
test_loss: 0.0724
epoch 692
train_loss: 0.0486
test_loss: 0.0724
epoch 693
train_loss: 0.0486
test_loss: 0.0724
epoch 694
train_loss: 0.0486
test_loss: 0.0724
epoch 695
train_loss: 0.0486
test_loss: 0.0724
epoch 696
train_loss: 0.0486
test_loss: 0.0724
epoch 697
train_loss: 0.0486
test_loss: 0.0724
epoch 698
train_loss: 0.0486
test_loss: 0.0724
epoch 699
train_loss: 0.0486
test_loss: 0.0723
epoch 700
train_loss: 0.0485
test_loss: 0.0724
epoch 701
train_loss: 0.0485
test_loss: 0.0724
epoch 702
train_loss: 0.0485
test_loss: 0.0723
epoch 703
train_loss: 0.0485
test_loss: 0.0723
epoch 704
train_loss: 0.0485
test_loss: 0.0723
epoch 705
train_loss: 0.0485
test_loss: 0.0723
epoch 706
train_loss: 0.0485
test_loss: 0.0723
epoch 707
train_loss: 0.0485
test_loss: 0.0723
epoch 708
train_loss: 0.0485
test_loss: 0.0723
epoch 709
train_loss: 0.0485
test_loss: 0.0723
epoch 710
train_loss: 0.0485
test_loss: 0.0723
epoch 711
train_loss: 0.0485
test_loss: 0.0723
epoch 712
train_loss: 0.0484
test_loss: 0.0722
epoch 713
train_loss: 0.0484
test_loss: 0.0723
epoch 714
train_loss: 0.0484
test_loss: 0.0722
epoch 715
train_loss: 0.0484
test_loss: 0.0722
epoch 716
train_loss: 0.0484
test_loss: 0.0722
epoch 717
train_loss: 0.0484
test_loss: 0.0722
epoch 718
train_loss: 0.0484
test_loss: 0.0722
epoch 719
train_loss: 0.0484
test_loss: 0.0722
epoch 720
train_loss: 0.0484
test_loss: 0.0722
epoch 721
train_loss: 0.0484
test_loss: 0.0722
epoch 722
train_loss: 0.0484
test_loss: 0.0722
epoch 723
train_loss: 0.0484
test_loss: 0.0722
epoch 724
train_loss: 0.0483
test_loss: 0.0722
epoch 725
train_loss: 0.0483
test_loss: 0.0722
epoch 726
train_loss: 0.0483
test_loss: 0.0722
epoch 727
train_loss: 0.0483
test_loss: 0.0722
epoch 728
train_loss: 0.0483
test_loss: 0.0721
epoch 729
train_loss: 0.0483
test_loss: 0.0721
epoch 730
train_loss: 0.0483
test_loss: 0.0721
epoch 731
train_loss: 0.0483
test_loss: 0.0721
epoch 732
train_loss: 0.0483
test_loss: 0.0721
epoch 733
train_loss: 0.0483
test_loss: 0.0721
epoch 734
train_loss: 0.0483
test_loss: 0.0721
epoch 735
train_loss: 0.0483
test_loss: 0.0721
epoch 736
train_loss: 0.0482
test_loss: 0.0721
epoch 737
train_loss: 0.0482
test_loss: 0.0721
epoch 738
train_loss: 0.0482
test_loss: 0.0721
epoch 739
train_loss: 0.0482
test_loss: 0.0721
epoch 740
train_loss: 0.0482
test_loss: 0.0721
epoch 741
train_loss: 0.0482
test_loss: 0.0721
epoch 742
train_loss: 0.0482
test_loss: 0.0720
epoch 743
train_loss: 0.0482
test_loss: 0.0720
epoch 744
train_loss: 0.0482
test_loss: 0.0720
epoch 745
train_loss: 0.0482
test_loss: 0.0720
epoch 746
train_loss: 0.0482
test_loss: 0.0720
epoch 747
train_loss: 0.0482
test_loss: 0.0720
epoch 748
train_loss: 0.0482
test_loss: 0.0720
epoch 749
train_loss: 0.0481
test_loss: 0.0720
epoch 750
train_loss: 0.0481
test_loss: 0.0720
epoch 751
train_loss: 0.0481
test_loss: 0.0720
epoch 752
train_loss: 0.0481
test_loss: 0.0720
epoch 753
train_loss: 0.0481
test_loss: 0.0719
epoch 754
train_loss: 0.0481
test_loss: 0.0720
epoch 755
train_loss: 0.0481
test_loss: 0.0719
epoch 756
train_loss: 0.0481
test_loss: 0.0719
epoch 757
train_loss: 0.0481
test_loss: 0.0719
epoch 758
train_loss: 0.0481
test_loss: 0.0719
epoch 759
train_loss: 0.0481
test_loss: 0.0719
epoch 760
train_loss: 0.0481
test_loss: 0.0719
epoch 761
train_loss: 0.0481
test_loss: 0.0719
epoch 762
train_loss: 0.0480
test_loss: 0.0719
epoch 763
train_loss: 0.0480
test_loss: 0.0719
epoch 764
train_loss: 0.0480
test_loss: 0.0719
epoch 765
train_loss: 0.0480
test_loss: 0.0719
epoch 766
train_loss: 0.0480
test_loss: 0.0719
epoch 767
train_loss: 0.0480
test_loss: 0.0719
epoch 768
train_loss: 0.0480
test_loss: 0.0719
epoch 769
train_loss: 0.0480
test_loss: 0.0719
epoch 770
train_loss: 0.0480
test_loss: 0.0719
epoch 771
train_loss: 0.0480
test_loss: 0.0719
epoch 772
train_loss: 0.0480
test_loss: 0.0719
epoch 773
train_loss: 0.0480
test_loss: 0.0719
epoch 774
train_loss: 0.0480
test_loss: 0.0719
epoch 775
train_loss: 0.0480
test_loss: 0.0719
epoch 776
train_loss: 0.0479
test_loss: 0.0718
epoch 777
train_loss: 0.0479
test_loss: 0.0718
epoch 778
train_loss: 0.0479
test_loss: 0.0719
epoch 779
train_loss: 0.0479
test_loss: 0.0718
epoch 780
train_loss: 0.0479
test_loss: 0.0718
epoch 781
train_loss: 0.0479
test_loss: 0.0718
epoch 782
train_loss: 0.0479
test_loss: 0.0718
epoch 783
train_loss: 0.0479
test_loss: 0.0718
epoch 784
train_loss: 0.0479
test_loss: 0.0718
epoch 785
train_loss: 0.0479
test_loss: 0.0718
epoch 786
train_loss: 0.0479
test_loss: 0.0718
epoch 787
train_loss: 0.0479
test_loss: 0.0718
epoch 788
train_loss: 0.0479
test_loss: 0.0717
epoch 789
train_loss: 0.0479
test_loss: 0.0718
epoch 790
train_loss: 0.0478
test_loss: 0.0717
epoch 791
train_loss: 0.0478
test_loss: 0.0717
epoch 792
train_loss: 0.0478
test_loss: 0.0717
epoch 793
train_loss: 0.0478
test_loss: 0.0718
epoch 794
train_loss: 0.0478
test_loss: 0.0717
epoch 795
train_loss: 0.0478
test_loss: 0.0717
epoch 796
train_loss: 0.0478
test_loss: 0.0717
epoch 797
train_loss: 0.0478
test_loss: 0.0717
epoch 798
train_loss: 0.0478
test_loss: 0.0717
epoch 799
train_loss: 0.0478
test_loss: 0.0717
epoch 800
train_loss: 0.0478
test_loss: 0.0716
epoch 801
train_loss: 0.0478
test_loss: 0.0717
epoch 802
train_loss: 0.0478
test_loss: 0.0716
epoch 803
train_loss: 0.0477
test_loss: 0.0717
epoch 804
train_loss: 0.0477
test_loss: 0.0717
epoch 805
train_loss: 0.0477
test_loss: 0.0716
epoch 806
train_loss: 0.0477
test_loss: 0.0716
epoch 807
train_loss: 0.0477
test_loss: 0.0716
epoch 808
train_loss: 0.0477
test_loss: 0.0716
epoch 809
train_loss: 0.0477
test_loss: 0.0716
epoch 810
train_loss: 0.0477
test_loss: 0.0716
epoch 811
train_loss: 0.0477
test_loss: 0.0716
epoch 812
train_loss: 0.0477
test_loss: 0.0716
epoch 813
train_loss: 0.0477
test_loss: 0.0716
epoch 814
train_loss: 0.0477
test_loss: 0.0716
epoch 815
train_loss: 0.0476
test_loss: 0.0716
epoch 816
train_loss: 0.0476
test_loss: 0.0716
epoch 817
train_loss: 0.0476
test_loss: 0.0716
epoch 818
train_loss: 0.0476
test_loss: 0.0716
epoch 819
train_loss: 0.0476
test_loss: 0.0716
epoch 820
train_loss: 0.0476
test_loss: 0.0716
epoch 821
train_loss: 0.0476
test_loss: 0.0716
epoch 822
train_loss: 0.0476
test_loss: 0.0715
epoch 823
train_loss: 0.0476
test_loss: 0.0715
epoch 824
train_loss: 0.0476
test_loss: 0.0715
epoch 825
train_loss: 0.0476
test_loss: 0.0715
epoch 826
train_loss: 0.0476
test_loss: 0.0715
epoch 827
train_loss: 0.0476
test_loss: 0.0715
epoch 828
train_loss: 0.0475
test_loss: 0.0715
epoch 829
train_loss: 0.0475
test_loss: 0.0715
epoch 830
train_loss: 0.0475
test_loss: 0.0715
epoch 831
train_loss: 0.0475
test_loss: 0.0715
epoch 832
train_loss: 0.0475
test_loss: 0.0715
epoch 833
train_loss: 0.0475
test_loss: 0.0715
epoch 834
train_loss: 0.0475
test_loss: 0.0715
epoch 835
train_loss: 0.0475
test_loss: 0.0715
epoch 836
train_loss: 0.0475
test_loss: 0.0714
epoch 837
train_loss: 0.0475
test_loss: 0.0714
epoch 838
train_loss: 0.0475
test_loss: 0.0714
epoch 839
train_loss: 0.0475
test_loss: 0.0714
epoch 840
train_loss: 0.0475
test_loss: 0.0714
epoch 841
train_loss: 0.0474
test_loss: 0.0714
epoch 842
train_loss: 0.0474
test_loss: 0.0714
epoch 843
train_loss: 0.0474
test_loss: 0.0714
epoch 844
train_loss: 0.0474
test_loss: 0.0714
epoch 845
train_loss: 0.0474
test_loss: 0.0714
epoch 846
train_loss: 0.0474
test_loss: 0.0714
epoch 847
train_loss: 0.0474
test_loss: 0.0714
epoch 848
train_loss: 0.0474
test_loss: 0.0714
epoch 849
train_loss: 0.0474
test_loss: 0.0714
epoch 850
train_loss: 0.0474
test_loss: 0.0714
epoch 851
train_loss: 0.0474
test_loss: 0.0714
epoch 852
train_loss: 0.0474
test_loss: 0.0714
epoch 853
train_loss: 0.0474
test_loss: 0.0714
epoch 854
train_loss: 0.0473
test_loss: 0.0713
epoch 855
train_loss: 0.0473
test_loss: 0.0714
epoch 856
train_loss: 0.0473
test_loss: 0.0713
epoch 857
train_loss: 0.0473
test_loss: 0.0713
epoch 858
train_loss: 0.0473
test_loss: 0.0713
epoch 859
train_loss: 0.0473
test_loss: 0.0713
epoch 860
train_loss: 0.0473
test_loss: 0.0713
epoch 861
train_loss: 0.0473
test_loss: 0.0713
epoch 862
train_loss: 0.0473
test_loss: 0.0713
epoch 863
train_loss: 0.0473
test_loss: 0.0713
epoch 864
train_loss: 0.0473
test_loss: 0.0713
epoch 865
train_loss: 0.0473
test_loss: 0.0713
epoch 866
train_loss: 0.0473
test_loss: 0.0713
epoch 867
train_loss: 0.0473
test_loss: 0.0713
epoch 868
train_loss: 0.0472
test_loss: 0.0713
epoch 869
train_loss: 0.0472
test_loss: 0.0713
epoch 870
train_loss: 0.0472
test_loss: 0.0713
epoch 871
train_loss: 0.0472
test_loss: 0.0713
epoch 872
train_loss: 0.0472
test_loss: 0.0712
epoch 873
train_loss: 0.0472
test_loss: 0.0713
epoch 874
train_loss: 0.0472
test_loss: 0.0713
epoch 875
train_loss: 0.0472
test_loss: 0.0713
epoch 876
train_loss: 0.0472
test_loss: 0.0712
epoch 877
train_loss: 0.0472
test_loss: 0.0713
epoch 878
train_loss: 0.0472
test_loss: 0.0713
epoch 879
train_loss: 0.0472
test_loss: 0.0713
epoch 880
train_loss: 0.0472
test_loss: 0.0712
epoch 881
train_loss: 0.0472
test_loss: 0.0712
epoch 882
train_loss: 0.0472
test_loss: 0.0712
epoch 883
train_loss: 0.0471
test_loss: 0.0712
epoch 884
train_loss: 0.0471
test_loss: 0.0712
epoch 885
train_loss: 0.0471
test_loss: 0.0712
epoch 886
train_loss: 0.0471
test_loss: 0.0712
epoch 887
train_loss: 0.0471
test_loss: 0.0712
epoch 888
train_loss: 0.0471
test_loss: 0.0712
epoch 889
train_loss: 0.0471
test_loss: 0.0712
epoch 890
train_loss: 0.0471
test_loss: 0.0712
epoch 891
train_loss: 0.0471
test_loss: 0.0712
epoch 892
train_loss: 0.0471
test_loss: 0.0712
epoch 893
train_loss: 0.0471
test_loss: 0.0712
epoch 894
train_loss: 0.0471
test_loss: 0.0712
epoch 895
train_loss: 0.0471
test_loss: 0.0712
epoch 896
train_loss: 0.0471
test_loss: 0.0712
epoch 897
train_loss: 0.0471
test_loss: 0.0712
epoch 898
train_loss: 0.0471
test_loss: 0.0712
epoch 899
train_loss: 0.0470
test_loss: 0.0712
epoch 900
train_loss: 0.0470
test_loss: 0.0712
epoch 901
train_loss: 0.0470
test_loss: 0.0711
epoch 902
train_loss: 0.0470
test_loss: 0.0711
epoch 903
train_loss: 0.0470
test_loss: 0.0712
epoch 904
train_loss: 0.0470
test_loss: 0.0711
epoch 905
train_loss: 0.0470
test_loss: 0.0711
epoch 906
train_loss: 0.0470
test_loss: 0.0711
epoch 907
train_loss: 0.0470
test_loss: 0.0711
epoch 908
train_loss: 0.0470
test_loss: 0.0711
epoch 909
train_loss: 0.0470
test_loss: 0.0711
epoch 910
train_loss: 0.0470
test_loss: 0.0711
epoch 911
train_loss: 0.0470
test_loss: 0.0711
epoch 912
train_loss: 0.0470
test_loss: 0.0711
epoch 913
train_loss: 0.0470
test_loss: 0.0711
epoch 914
train_loss: 0.0470
test_loss: 0.0711
epoch 915
train_loss: 0.0469
test_loss: 0.0711
epoch 916
train_loss: 0.0469
test_loss: 0.0711
epoch 917
train_loss: 0.0469
test_loss: 0.0711
epoch 918
train_loss: 0.0469
test_loss: 0.0711
epoch 919
train_loss: 0.0469
test_loss: 0.0711
epoch 920
train_loss: 0.0469
test_loss: 0.0711
epoch 921
train_loss: 0.0469
test_loss: 0.0711
epoch 922
train_loss: 0.0469
test_loss: 0.0711
epoch 923
train_loss: 0.0469
test_loss: 0.0711
epoch 924
train_loss: 0.0469
test_loss: 0.0711
epoch 925
train_loss: 0.0469
test_loss: 0.0711
epoch 926
train_loss: 0.0469
test_loss: 0.0711
epoch 927
train_loss: 0.0469
test_loss: 0.0711
epoch 928
train_loss: 0.0469
test_loss: 0.0711
epoch 929
train_loss: 0.0469
test_loss: 0.0710
epoch 930
train_loss: 0.0469
test_loss: 0.0710
epoch 931
train_loss: 0.0469
test_loss: 0.0710
epoch 932
train_loss: 0.0469
test_loss: 0.0710
epoch 933
train_loss: 0.0468
test_loss: 0.0710
epoch 934
train_loss: 0.0468
test_loss: 0.0710
epoch 935
train_loss: 0.0468
test_loss: 0.0710
epoch 936
train_loss: 0.0468
test_loss: 0.0710
epoch 937
train_loss: 0.0468
test_loss: 0.0710
epoch 938
train_loss: 0.0468
test_loss: 0.0710
epoch 939
train_loss: 0.0468
test_loss: 0.0710
epoch 940
train_loss: 0.0468
test_loss: 0.0710
epoch 941
train_loss: 0.0468
test_loss: 0.0710
epoch 942
train_loss: 0.0468
test_loss: 0.0710
epoch 943
train_loss: 0.0468
test_loss: 0.0710
epoch 944
train_loss: 0.0468
test_loss: 0.0710
epoch 945
train_loss: 0.0468
test_loss: 0.0710
epoch 946
train_loss: 0.0468
test_loss: 0.0710
epoch 947
train_loss: 0.0468
test_loss: 0.0710
epoch 948
train_loss: 0.0468
test_loss: 0.0710
epoch 949
train_loss: 0.0467
test_loss: 0.0710
epoch 950
train_loss: 0.0467
test_loss: 0.0710
epoch 951
train_loss: 0.0467
test_loss: 0.0710
epoch 952
train_loss: 0.0467
test_loss: 0.0710
epoch 953
train_loss: 0.0467
test_loss: 0.0710
epoch 954
train_loss: 0.0467
test_loss: 0.0710
epoch 955
train_loss: 0.0467
test_loss: 0.0710
epoch 956
train_loss: 0.0467
test_loss: 0.0710
epoch 957
train_loss: 0.0467
test_loss: 0.0710
epoch 958
train_loss: 0.0467
test_loss: 0.0710
epoch 959
train_loss: 0.0467
test_loss: 0.0710
epoch 960
train_loss: 0.0467
test_loss: 0.0710
epoch 961
train_loss: 0.0467
test_loss: 0.0710
epoch 962
train_loss: 0.0467
test_loss: 0.0709
epoch 963
train_loss: 0.0467
test_loss: 0.0709
epoch 964
train_loss: 0.0467
test_loss: 0.0709
epoch 965
train_loss: 0.0467
test_loss: 0.0709
epoch 966
train_loss: 0.0466
test_loss: 0.0709
epoch 967
train_loss: 0.0467
test_loss: 0.0709
epoch 968
train_loss: 0.0466
test_loss: 0.0709
epoch 969
train_loss: 0.0466
test_loss: 0.0709
epoch 970
train_loss: 0.0466
test_loss: 0.0709
epoch 971
train_loss: 0.0466
test_loss: 0.0709
epoch 972
train_loss: 0.0466
test_loss: 0.0709
epoch 973
train_loss: 0.0466
test_loss: 0.0709
epoch 974
train_loss: 0.0466
test_loss: 0.0709
epoch 975
train_loss: 0.0466
test_loss: 0.0708
epoch 976
train_loss: 0.0466
test_loss: 0.0709
epoch 977
train_loss: 0.0466
test_loss: 0.0709
epoch 978
train_loss: 0.0466
test_loss: 0.0709
epoch 979
train_loss: 0.0466
test_loss: 0.0709
epoch 980
train_loss: 0.0466
test_loss: 0.0709
epoch 981
train_loss: 0.0466
test_loss: 0.0709
epoch 982
train_loss: 0.0466
test_loss: 0.0708
epoch 983
train_loss: 0.0466
test_loss: 0.0708
epoch 984
train_loss: 0.0466
test_loss: 0.0708
epoch 985
train_loss: 0.0465
test_loss: 0.0709
epoch 986
train_loss: 0.0465
test_loss: 0.0708
epoch 987
train_loss: 0.0465
test_loss: 0.0708
epoch 988
train_loss: 0.0465
test_loss: 0.0708
epoch 989
train_loss: 0.0465
test_loss: 0.0708
/home/xueqiong/noise_injection_uncertainty/regression/utils.py:39: FutureWarning: The 'delim_whitespace' keyword in pd.read_csv is deprecated and will be removed in a future version. Use ``sep='\s+'`` instead
  return pd.read_csv(dataset_path, engine='python', header=None, delim_whitespace=True)
8 1
6554 1638 8192
model_name dropoutFCN
using Adam as optimizer
epoch 0
train_loss: 0.9140
Module: DropoutFullyConnectedNN
  Module: ModuleList
    Module: Linear
    Module: Linear
    Module: Linear
  Module: ModuleList
    Module: Dropout
dropout设置为训练模式
    Module: Dropout
dropout设置为训练模式
    Module: Dropout
dropout设置为训练模式
  Module: ReLU
test_loss: 0.8360
epoch 1
train_loss: 0.7222
Module: DropoutFullyConnectedNN
  Module: ModuleList
    Module: Linear
    Module: Linear
    Module: Linear
  Module: ModuleList
    Module: Dropout
dropout设置为训练模式
    Module: Dropout
dropout设置为训练模式
    Module: Dropout
dropout设置为训练模式
  Module: ReLU
test_loss: 0.6386
epoch 2
train_loss: 0.5632
Module: DropoutFullyConnectedNN
  Module: ModuleList
    Module: Linear
    Module: Linear
    Module: Linear
  Module: ModuleList
    Module: Dropout
dropout设置为训练模式
    Module: Dropout
dropout设置为训练模式
    Module: Dropout
dropout设置为训练模式
  Module: ReLU
test_loss: 0.5393
epoch 3
train_loss: 0.5047
Module: DropoutFullyConnectedNN
  Module: ModuleList
    Module: Linear
    Module: Linear
    Module: Linear
  Module: ModuleList
    Module: Dropout
dropout设置为训练模式
    Module: Dropout
dropout设置为训练模式
    Module: Dropout
dropout设置为训练模式
  Module: ReLU
test_loss: 0.5048
epoch 4
train_loss: 0.4785
Module: DropoutFullyConnectedNN
  Module: ModuleList
    Module: Linear
    Module: Linear
    Module: Linear
  Module: ModuleList
    Module: Dropout
dropout设置为训练模式
    Module: Dropout
dropout设置为训练模式
    Module: Dropout
dropout设置为训练模式
  Module: ReLU
test_loss: 0.4808
epoch 5
train_loss: 0.4561
Module: DropoutFullyConnectedNN
  Module: ModuleList
    Module: Linear
    Module: Linear
    Module: Linear
  Module: ModuleList
    Module: Dropout
dropout设置为训练模式
    Module: Dropout
dropout设置为训练模式
    Module: Dropout
dropout设置为训练模式
  Module: ReLU
test_loss: 0.4597
epoch 6
train_loss: 0.4383
Module: DropoutFullyConnectedNN
  Module: ModuleList
    Module: Linear
    Module: Linear
    Module: Linear
  Module: ModuleList
    Module: Dropout
dropout设置为训练模式
    Module: Dropout
dropout设置为训练模式
    Module: Dropout
dropout设置为训练模式
  Module: ReLU
test_loss: 0.4405
epoch 7
train_loss: 0.4230
Module: DropoutFullyConnectedNN
  Module: ModuleList
    Module: Linear
    Module: Linear
    Module: Linear
  Module: ModuleList
    Module: Dropout
dropout设置为训练模式
    Module: Dropout
dropout设置为训练模式
    Module: Dropout
dropout设置为训练模式
  Module: ReLU
test_loss: 0.4228
epoch 8
train_loss: 0.4060
Module: DropoutFullyConnectedNN
  Module: ModuleList
    Module: Linear
    Module: Linear
    Module: Linear
  Module: ModuleList
    Module: Dropout
dropout设置为训练模式
    Module: Dropout
dropout设置为训练模式
    Module: Dropout
dropout设置为训练模式
  Module: ReLU
test_loss: 0.4078
epoch 9
train_loss: 0.3881
Module: DropoutFullyConnectedNN
  Module: ModuleList
    Module: Linear
    Module: Linear
    Module: Linear
  Module: ModuleList
    Module: Dropout
dropout设置为训练模式
    Module: Dropout
dropout设置为训练模式
    Module: Dropout
dropout设置为训练模式
  Module: ReLU
test_loss: 0.3932
epoch 10
train_loss: 0.3784
Module: DropoutFullyConnectedNN
  Module: ModuleList
    Module: Linear
    Module: Linear
    Module: Linear
  Module: ModuleList
    Module: Dropout
dropout设置为训练模式
    Module: Dropout
dropout设置为训练模式
    Module: Dropout
dropout设置为训练模式
  Module: ReLU
test_loss: 0.3808
epoch 11
train_loss: 0.3660
Module: DropoutFullyConnectedNN
  Module: ModuleList
    Module: Linear
    Module: Linear
    Module: Linear
  Module: ModuleList
    Module: Dropout
dropout设置为训练模式
    Module: Dropout
dropout设置为训练模式
    Module: Dropout
dropout设置为训练模式
  Module: ReLU
test_loss: 0.3686
epoch 12
train_loss: 0.3583
Module: DropoutFullyConnectedNN
  Module: ModuleList
    Module: Linear
    Module: Linear
    Module: Linear
  Module: ModuleList
    Module: Dropout
dropout设置为训练模式
    Module: Dropout
dropout设置为训练模式
    Module: Dropout
dropout设置为训练模式
  Module: ReLU
test_loss: 0.3578
epoch 13
train_loss: 0.3499
Module: DropoutFullyConnectedNN
  Module: ModuleList
    Module: Linear
    Module: Linear
    Module: Linear
  Module: ModuleList
    Module: Dropout
dropout设置为训练模式
    Module: Dropout
dropout设置为训练模式
    Module: Dropout
dropout设置为训练模式
  Module: ReLU
test_loss: 0.3467
epoch 14
train_loss: 0.3373
Module: DropoutFullyConnectedNN
  Module: ModuleList
    Module: Linear
    Module: Linear
    Module: Linear
  Module: ModuleList
    Module: Dropout
dropout设置为训练模式
    Module: Dropout
dropout设置为训练模式
    Module: Dropout
dropout设置为训练模式
  Module: ReLU
test_loss: 0.3368
epoch 15
train_loss: 0.3257
Module: DropoutFullyConnectedNN
  Module: ModuleList
    Module: Linear
    Module: Linear
    Module: Linear
  Module: ModuleList
    Module: Dropout
dropout设置为训练模式
    Module: Dropout
dropout设置为训练模式
    Module: Dropout
dropout设置为训练模式
  Module: ReLU
test_loss: 0.3278
epoch 16
train_loss: 0.3189
Module: DropoutFullyConnectedNN
  Module: ModuleList
    Module: Linear
    Module: Linear
    Module: Linear
  Module: ModuleList
    Module: Dropout
dropout设置为训练模式
    Module: Dropout
dropout设置为训练模式
    Module: Dropout
dropout设置为训练模式
  Module: ReLU
test_loss: 0.3187
epoch 17
train_loss: 0.3102
Module: DropoutFullyConnectedNN
  Module: ModuleList
    Module: Linear
    Module: Linear
    Module: Linear
  Module: ModuleList
    Module: Dropout
dropout设置为训练模式
    Module: Dropout
dropout设置为训练模式
    Module: Dropout
dropout设置为训练模式
  Module: ReLU
test_loss: 0.3100
epoch 18
train_loss: 0.3026
Module: DropoutFullyConnectedNN
  Module: ModuleList
    Module: Linear
    Module: Linear
    Module: Linear
  Module: ModuleList
    Module: Dropout
dropout设置为训练模式
    Module: Dropout
dropout设置为训练模式
    Module: Dropout
dropout设置为训练模式
  Module: ReLU
test_loss: 0.3018
epoch 19
train_loss: 0.2960
Module: DropoutFullyConnectedNN
  Module: ModuleList
    Module: Linear
    Module: Linear
    Module: Linear
  Module: ModuleList
    Module: Dropout
dropout设置为训练模式
    Module: Dropout
dropout设置为训练模式
    Module: Dropout
dropout设置为训练模式
  Module: ReLU
test_loss: 0.2940
epoch 20
train_loss: 0.2886
Module: DropoutFullyConnectedNN
  Module: ModuleList
    Module: Linear
    Module: Linear
    Module: Linear
  Module: ModuleList
    Module: Dropout
dropout设置为训练模式
    Module: Dropout
dropout设置为训练模式
    Module: Dropout
dropout设置为训练模式
  Module: ReLU
test_loss: 0.2863
epoch 21
train_loss: 0.2844
Module: DropoutFullyConnectedNN
  Module: ModuleList
    Module: Linear
    Module: Linear
    Module: Linear
  Module: ModuleList
    Module: Dropout
dropout设置为训练模式
    Module: Dropout
dropout设置为训练模式
    Module: Dropout
dropout设置为训练模式
  Module: ReLU
test_loss: 0.2794
epoch 22
train_loss: 0.2795
Module: DropoutFullyConnectedNN
  Module: ModuleList
    Module: Linear
    Module: Linear
    Module: Linear
  Module: ModuleList
    Module: Dropout
dropout设置为训练模式
    Module: Dropout
dropout设置为训练模式
    Module: Dropout
dropout设置为训练模式
  Module: ReLU
test_loss: 0.2717
epoch 23
train_loss: 0.2760
Module: DropoutFullyConnectedNN
  Module: ModuleList
    Module: Linear
    Module: Linear
    Module: Linear
  Module: ModuleList
    Module: Dropout
dropout设置为训练模式
    Module: Dropout
dropout设置为训练模式
    Module: Dropout
dropout设置为训练模式
  Module: ReLU
test_loss: 0.2654
epoch 24
train_loss: 0.2684
Module: DropoutFullyConnectedNN
  Module: ModuleList
    Module: Linear
    Module: Linear
    Module: Linear
  Module: ModuleList
    Module: Dropout
dropout设置为训练模式
    Module: Dropout
dropout设置为训练模式
    Module: Dropout
dropout设置为训练模式
  Module: ReLU
test_loss: 0.2586
epoch 25
train_loss: 0.2636
Module: DropoutFullyConnectedNN
  Module: ModuleList
    Module: Linear
    Module: Linear
    Module: Linear
  Module: ModuleList
    Module: Dropout
dropout设置为训练模式
    Module: Dropout
dropout设置为训练模式
    Module: Dropout
dropout设置为训练模式
  Module: ReLU
test_loss: 0.2532
epoch 26
train_loss: 0.2624
Module: DropoutFullyConnectedNN
  Module: ModuleList
    Module: Linear
    Module: Linear
    Module: Linear
  Module: ModuleList
    Module: Dropout
dropout设置为训练模式
    Module: Dropout
dropout设置为训练模式
    Module: Dropout
dropout设置为训练模式
  Module: ReLU
test_loss: 0.2472
epoch 27
train_loss: 0.2528
Module: DropoutFullyConnectedNN
  Module: ModuleList
    Module: Linear
    Module: Linear
    Module: Linear
  Module: ModuleList
    Module: Dropout
dropout设置为训练模式
    Module: Dropout
dropout设置为训练模式
    Module: Dropout
dropout设置为训练模式
  Module: ReLU
test_loss: 0.2418
epoch 28
train_loss: 0.2522
Module: DropoutFullyConnectedNN
  Module: ModuleList
    Module: Linear
    Module: Linear
    Module: Linear
  Module: ModuleList
    Module: Dropout
dropout设置为训练模式
    Module: Dropout
dropout设置为训练模式
    Module: Dropout
dropout设置为训练模式
  Module: ReLU
test_loss: 0.2365
epoch 29
train_loss: 0.2469
Module: DropoutFullyConnectedNN
  Module: ModuleList
    Module: Linear
    Module: Linear
    Module: Linear
  Module: ModuleList
    Module: Dropout
dropout设置为训练模式
    Module: Dropout
dropout设置为训练模式
    Module: Dropout
dropout设置为训练模式
  Module: ReLU
test_loss: 0.2313
epoch 30
train_loss: 0.2415
Module: DropoutFullyConnectedNN
  Module: ModuleList
    Module: Linear
    Module: Linear
    Module: Linear
  Module: ModuleList
    Module: Dropout
dropout设置为训练模式
    Module: Dropout
dropout设置为训练模式
    Module: Dropout
dropout设置为训练模式
  Module: ReLU
test_loss: 0.2264
epoch 31
train_loss: 0.2354
Module: DropoutFullyConnectedNN
  Module: ModuleList
    Module: Linear
    Module: Linear
    Module: Linear
  Module: ModuleList
    Module: Dropout
dropout设置为训练模式
    Module: Dropout
dropout设置为训练模式
    Module: Dropout
dropout设置为训练模式
  Module: ReLU
test_loss: 0.2219
epoch 32
train_loss: 0.2317
Module: DropoutFullyConnectedNN
  Module: ModuleList
    Module: Linear
    Module: Linear
    Module: Linear
  Module: ModuleList
    Module: Dropout
dropout设置为训练模式
    Module: Dropout
dropout设置为训练模式
    Module: Dropout
dropout设置为训练模式
  Module: ReLU
test_loss: 0.2179
epoch 33
train_loss: 0.2304
Module: DropoutFullyConnectedNN
  Module: ModuleList
    Module: Linear
    Module: Linear
    Module: Linear
  Module: ModuleList
    Module: Dropout
dropout设置为训练模式
    Module: Dropout
dropout设置为训练模式
    Module: Dropout
dropout设置为训练模式
  Module: ReLU
test_loss: 0.2136
epoch 34
train_loss: 0.2256
Module: DropoutFullyConnectedNN
  Module: ModuleList
    Module: Linear
    Module: Linear
    Module: Linear
  Module: ModuleList
    Module: Dropout
dropout设置为训练模式
    Module: Dropout
dropout设置为训练模式
    Module: Dropout
dropout设置为训练模式
  Module: ReLU
test_loss: 0.2093
epoch 35
train_loss: 0.2240
Module: DropoutFullyConnectedNN
  Module: ModuleList
    Module: Linear
    Module: Linear
    Module: Linear
  Module: ModuleList
    Module: Dropout
dropout设置为训练模式
    Module: Dropout
dropout设置为训练模式
    Module: Dropout
dropout设置为训练模式
  Module: ReLU
test_loss: 0.2061
epoch 36
train_loss: 0.2186
Module: DropoutFullyConnectedNN
  Module: ModuleList
    Module: Linear
    Module: Linear
    Module: Linear
  Module: ModuleList
    Module: Dropout
dropout设置为训练模式
    Module: Dropout
dropout设置为训练模式
    Module: Dropout
dropout设置为训练模式
  Module: ReLU
test_loss: 0.2025
epoch 37
train_loss: 0.2164
Module: DropoutFullyConnectedNN
  Module: ModuleList
    Module: Linear
    Module: Linear
    Module: Linear
  Module: ModuleList
    Module: Dropout
dropout设置为训练模式
    Module: Dropout
dropout设置为训练模式
    Module: Dropout
dropout设置为训练模式
  Module: ReLU
test_loss: 0.1994
epoch 38
train_loss: 0.2116
Module: DropoutFullyConnectedNN
  Module: ModuleList
    Module: Linear
    Module: Linear
    Module: Linear
  Module: ModuleList
    Module: Dropout
dropout设置为训练模式
    Module: Dropout
dropout设置为训练模式
    Module: Dropout
dropout设置为训练模式
  Module: ReLU
test_loss: 0.1965
epoch 39
train_loss: 0.2114
Module: DropoutFullyConnectedNN
  Module: ModuleList
    Module: Linear
    Module: Linear
    Module: Linear
  Module: ModuleList
    Module: Dropout
dropout设置为训练模式
    Module: Dropout
dropout设置为训练模式
    Module: Dropout
dropout设置为训练模式
  Module: ReLU
test_loss: 0.1944
epoch 40
train_loss: 0.2093
Module: DropoutFullyConnectedNN
  Module: ModuleList
    Module: Linear
    Module: Linear
    Module: Linear
  Module: ModuleList
    Module: Dropout
dropout设置为训练模式
    Module: Dropout
dropout设置为训练模式
    Module: Dropout
dropout设置为训练模式
  Module: ReLU
test_loss: 0.1910
epoch 41
train_loss: 0.2074
Module: DropoutFullyConnectedNN
  Module: ModuleList
    Module: Linear
    Module: Linear
    Module: Linear
  Module: ModuleList
    Module: Dropout
dropout设置为训练模式
    Module: Dropout
dropout设置为训练模式
    Module: Dropout
dropout设置为训练模式
  Module: ReLU
test_loss: 0.1881
epoch 42
train_loss: 0.2080
Module: DropoutFullyConnectedNN
  Module: ModuleList
    Module: Linear
    Module: Linear
    Module: Linear
  Module: ModuleList
    Module: Dropout
dropout设置为训练模式
    Module: Dropout
dropout设置为训练模式
    Module: Dropout
dropout设置为训练模式
  Module: ReLU
test_loss: 0.1860
epoch 43
train_loss: 0.2007
Module: DropoutFullyConnectedNN
  Module: ModuleList
    Module: Linear
    Module: Linear
    Module: Linear
  Module: ModuleList
    Module: Dropout
dropout设置为训练模式
    Module: Dropout
dropout设置为训练模式
    Module: Dropout
dropout设置为训练模式
  Module: ReLU
test_loss: 0.1827
epoch 44
train_loss: 0.1994
Module: DropoutFullyConnectedNN
  Module: ModuleList
    Module: Linear
    Module: Linear
    Module: Linear
  Module: ModuleList
    Module: Dropout
dropout设置为训练模式
    Module: Dropout
dropout设置为训练模式
    Module: Dropout
dropout设置为训练模式
  Module: ReLU
test_loss: 0.1811
epoch 45
train_loss: 0.1988
Module: DropoutFullyConnectedNN
  Module: ModuleList
    Module: Linear
    Module: Linear
    Module: Linear
  Module: ModuleList
    Module: Dropout
dropout设置为训练模式
    Module: Dropout
dropout设置为训练模式
    Module: Dropout
dropout设置为训练模式
  Module: ReLU
test_loss: 0.1795
epoch 46
train_loss: 0.1972
Module: DropoutFullyConnectedNN
  Module: ModuleList
    Module: Linear
    Module: Linear
    Module: Linear
  Module: ModuleList
    Module: Dropout
dropout设置为训练模式
    Module: Dropout
dropout设置为训练模式
    Module: Dropout
dropout设置为训练模式
  Module: ReLU
test_loss: 0.1770
epoch 47
train_loss: 0.1961
Module: DropoutFullyConnectedNN
  Module: ModuleList
    Module: Linear
    Module: Linear
    Module: Linear
  Module: ModuleList
    Module: Dropout
dropout设置为训练模式
    Module: Dropout
dropout设置为训练模式
    Module: Dropout
dropout设置为训练模式
  Module: ReLU
test_loss: 0.1754
epoch 48
train_loss: 0.1919
Module: DropoutFullyConnectedNN
  Module: ModuleList
    Module: Linear
    Module: Linear
    Module: Linear
  Module: ModuleList
    Module: Dropout
dropout设置为训练模式
    Module: Dropout
dropout设置为训练模式
    Module: Dropout
dropout设置为训练模式
  Module: ReLU
test_loss: 0.1730
epoch 49
train_loss: 0.1923
Module: DropoutFullyConnectedNN
  Module: ModuleList
    Module: Linear
    Module: Linear
    Module: Linear
  Module: ModuleList
    Module: Dropout
dropout设置为训练模式
    Module: Dropout
dropout设置为训练模式
    Module: Dropout
dropout设置为训练模式
  Module: ReLU
test_loss: 0.1717
epoch 50
train_loss: 0.1901
Module: DropoutFullyConnectedNN
  Module: ModuleList
    Module: Linear
    Module: Linear
    Module: Linear
  Module: ModuleList
    Module: Dropout
dropout设置为训练模式
    Module: Dropout
dropout设置为训练模式
    Module: Dropout
dropout设置为训练模式
  Module: ReLU
test_loss: 0.1702
epoch 51
train_loss: 0.1930
Module: DropoutFullyConnectedNN
  Module: ModuleList
    Module: Linear
    Module: Linear
    Module: Linear
  Module: ModuleList
    Module: Dropout
dropout设置为训练模式
    Module: Dropout
dropout设置为训练模式
    Module: Dropout
dropout设置为训练模式
  Module: ReLU
test_loss: 0.1687
epoch 52
train_loss: 0.1887
Module: DropoutFullyConnectedNN
  Module: ModuleList
    Module: Linear
    Module: Linear
    Module: Linear
  Module: ModuleList
    Module: Dropout
dropout设置为训练模式
    Module: Dropout
dropout设置为训练模式
    Module: Dropout
dropout设置为训练模式
  Module: ReLU
test_loss: 0.1667
epoch 53
train_loss: 0.1821
Module: DropoutFullyConnectedNN
  Module: ModuleList
    Module: Linear
    Module: Linear
    Module: Linear
  Module: ModuleList
    Module: Dropout
dropout设置为训练模式
    Module: Dropout
dropout设置为训练模式
    Module: Dropout
dropout设置为训练模式
  Module: ReLU
test_loss: 0.1652
epoch 54
train_loss: 0.1843
Module: DropoutFullyConnectedNN
  Module: ModuleList
    Module: Linear
    Module: Linear
    Module: Linear
  Module: ModuleList
    Module: Dropout
dropout设置为训练模式
    Module: Dropout
dropout设置为训练模式
    Module: Dropout
dropout设置为训练模式
  Module: ReLU
test_loss: 0.1638
epoch 55
train_loss: 0.1811
Module: DropoutFullyConnectedNN
  Module: ModuleList
    Module: Linear
    Module: Linear
    Module: Linear
  Module: ModuleList
    Module: Dropout
dropout设置为训练模式
    Module: Dropout
dropout设置为训练模式
    Module: Dropout
dropout设置为训练模式
  Module: ReLU
test_loss: 0.1621
epoch 56
train_loss: 0.1814
Module: DropoutFullyConnectedNN
  Module: ModuleList
    Module: Linear
    Module: Linear
    Module: Linear
  Module: ModuleList
    Module: Dropout
dropout设置为训练模式
    Module: Dropout
dropout设置为训练模式
    Module: Dropout
dropout设置为训练模式
  Module: ReLU
test_loss: 0.1603
epoch 57
train_loss: 0.1764
Module: DropoutFullyConnectedNN
  Module: ModuleList
    Module: Linear
    Module: Linear
    Module: Linear
  Module: ModuleList
    Module: Dropout
dropout设置为训练模式
    Module: Dropout
dropout设置为训练模式
    Module: Dropout
dropout设置为训练模式
  Module: ReLU
test_loss: 0.1595
epoch 58
train_loss: 0.1762
Module: DropoutFullyConnectedNN
  Module: ModuleList
    Module: Linear
    Module: Linear
    Module: Linear
  Module: ModuleList
    Module: Dropout
dropout设置为训练模式
    Module: Dropout
dropout设置为训练模式
    Module: Dropout
dropout设置为训练模式
  Module: ReLU
test_loss: 0.1578
epoch 59
train_loss: 0.1747
Module: DropoutFullyConnectedNN
  Module: ModuleList
    Module: Linear
    Module: Linear
    Module: Linear
  Module: ModuleList
    Module: Dropout
dropout设置为训练模式
    Module: Dropout
dropout设置为训练模式
    Module: Dropout
dropout设置为训练模式
  Module: ReLU
test_loss: 0.1569
epoch 60
train_loss: 0.1749
Module: DropoutFullyConnectedNN
  Module: ModuleList
    Module: Linear
    Module: Linear
    Module: Linear
  Module: ModuleList
    Module: Dropout
dropout设置为训练模式
    Module: Dropout
dropout设置为训练模式
    Module: Dropout
dropout设置为训练模式
  Module: ReLU
test_loss: 0.1555
epoch 61
train_loss: 0.1714
Module: DropoutFullyConnectedNN
  Module: ModuleList
    Module: Linear
    Module: Linear
    Module: Linear
  Module: ModuleList
    Module: Dropout
dropout设置为训练模式
    Module: Dropout
dropout设置为训练模式
    Module: Dropout
dropout设置为训练模式
  Module: ReLU
test_loss: 0.1538
epoch 62
train_loss: 0.1736
Module: DropoutFullyConnectedNN
  Module: ModuleList
    Module: Linear
    Module: Linear
    Module: Linear
  Module: ModuleList
    Module: Dropout
dropout设置为训练模式
    Module: Dropout
dropout设置为训练模式
    Module: Dropout
dropout设置为训练模式
  Module: ReLU
test_loss: 0.1532
epoch 63
train_loss: 0.1699
Module: DropoutFullyConnectedNN
  Module: ModuleList
    Module: Linear
    Module: Linear
    Module: Linear
  Module: ModuleList
    Module: Dropout
dropout设置为训练模式
    Module: Dropout
dropout设置为训练模式
    Module: Dropout
dropout设置为训练模式
  Module: ReLU
test_loss: 0.1515
epoch 64
train_loss: 0.1697
Module: DropoutFullyConnectedNN
  Module: ModuleList
    Module: Linear
    Module: Linear
    Module: Linear
  Module: ModuleList
    Module: Dropout
dropout设置为训练模式
    Module: Dropout
dropout设置为训练模式
    Module: Dropout
dropout设置为训练模式
  Module: ReLU
test_loss: 0.1505
epoch 65
train_loss: 0.1657
Module: DropoutFullyConnectedNN
  Module: ModuleList
    Module: Linear
    Module: Linear
    Module: Linear
  Module: ModuleList
    Module: Dropout
dropout设置为训练模式
    Module: Dropout
dropout设置为训练模式
    Module: Dropout
dropout设置为训练模式
  Module: ReLU
test_loss: 0.1492
epoch 66
train_loss: 0.1669
Module: DropoutFullyConnectedNN
  Module: ModuleList
    Module: Linear
    Module: Linear
    Module: Linear
  Module: ModuleList
    Module: Dropout
dropout设置为训练模式
    Module: Dropout
dropout设置为训练模式
    Module: Dropout
dropout设置为训练模式
  Module: ReLU
test_loss: 0.1482
epoch 67
train_loss: 0.1669
Module: DropoutFullyConnectedNN
  Module: ModuleList
    Module: Linear
    Module: Linear
    Module: Linear
  Module: ModuleList
    Module: Dropout
dropout设置为训练模式
    Module: Dropout
dropout设置为训练模式
    Module: Dropout
dropout设置为训练模式
  Module: ReLU
test_loss: 0.1473
epoch 68
train_loss: 0.1682
Module: DropoutFullyConnectedNN
  Module: ModuleList
    Module: Linear
    Module: Linear
    Module: Linear
  Module: ModuleList
    Module: Dropout
dropout设置为训练模式
    Module: Dropout
dropout设置为训练模式
    Module: Dropout
dropout设置为训练模式
  Module: ReLU
test_loss: 0.1468
epoch 69
train_loss: 0.1619
Module: DropoutFullyConnectedNN
  Module: ModuleList
    Module: Linear
    Module: Linear
    Module: Linear
  Module: ModuleList
    Module: Dropout
dropout设置为训练模式
    Module: Dropout
dropout设置为训练模式
    Module: Dropout
dropout设置为训练模式
  Module: ReLU
test_loss: 0.1451
epoch 70
train_loss: 0.1620
Module: DropoutFullyConnectedNN
  Module: ModuleList
    Module: Linear
    Module: Linear
    Module: Linear
  Module: ModuleList
    Module: Dropout
dropout设置为训练模式
    Module: Dropout
dropout设置为训练模式
    Module: Dropout
dropout设置为训练模式
  Module: ReLU
test_loss: 0.1443
epoch 71
train_loss: 0.1601
Module: DropoutFullyConnectedNN
  Module: ModuleList
    Module: Linear
    Module: Linear
    Module: Linear
  Module: ModuleList
    Module: Dropout
dropout设置为训练模式
    Module: Dropout
dropout设置为训练模式
    Module: Dropout
dropout设置为训练模式
  Module: ReLU
test_loss: 0.1433
epoch 72
train_loss: 0.1598
Module: DropoutFullyConnectedNN
  Module: ModuleList
    Module: Linear
    Module: Linear
    Module: Linear
  Module: ModuleList
    Module: Dropout
dropout设置为训练模式
    Module: Dropout
dropout设置为训练模式
    Module: Dropout
dropout设置为训练模式
  Module: ReLU
test_loss: 0.1416
epoch 73
train_loss: 0.1608
Module: DropoutFullyConnectedNN
  Module: ModuleList
    Module: Linear
    Module: Linear
    Module: Linear
  Module: ModuleList
    Module: Dropout
dropout设置为训练模式
    Module: Dropout
dropout设置为训练模式
    Module: Dropout
dropout设置为训练模式
  Module: ReLU
test_loss: 0.1407
epoch 74
train_loss: 0.1600
Module: DropoutFullyConnectedNN
  Module: ModuleList
    Module: Linear
    Module: Linear
    Module: Linear
  Module: ModuleList
    Module: Dropout
dropout设置为训练模式
    Module: Dropout
dropout设置为训练模式
    Module: Dropout
dropout设置为训练模式
  Module: ReLU
test_loss: 0.1398
epoch 75
train_loss: 0.1589
Module: DropoutFullyConnectedNN
  Module: ModuleList
    Module: Linear
    Module: Linear
    Module: Linear
  Module: ModuleList
    Module: Dropout
dropout设置为训练模式
    Module: Dropout
dropout设置为训练模式
    Module: Dropout
dropout设置为训练模式
  Module: ReLU
test_loss: 0.1384
epoch 76
train_loss: 0.1567
Module: DropoutFullyConnectedNN
  Module: ModuleList
    Module: Linear
    Module: Linear
    Module: Linear
  Module: ModuleList
    Module: Dropout
dropout设置为训练模式
    Module: Dropout
dropout设置为训练模式
    Module: Dropout
dropout设置为训练模式
  Module: ReLU
test_loss: 0.1377
epoch 77
train_loss: 0.1585
Module: DropoutFullyConnectedNN
  Module: ModuleList
    Module: Linear
    Module: Linear
    Module: Linear
  Module: ModuleList
    Module: Dropout
dropout设置为训练模式
    Module: Dropout
dropout设置为训练模式
    Module: Dropout
dropout设置为训练模式
  Module: ReLU
test_loss: 0.1371
epoch 78
train_loss: 0.1586
Module: DropoutFullyConnectedNN
  Module: ModuleList
    Module: Linear
    Module: Linear
    Module: Linear
  Module: ModuleList
    Module: Dropout
dropout设置为训练模式
    Module: Dropout
dropout设置为训练模式
    Module: Dropout
dropout设置为训练模式
  Module: ReLU
test_loss: 0.1360
epoch 79
train_loss: 0.1547
Module: DropoutFullyConnectedNN
  Module: ModuleList
    Module: Linear
    Module: Linear
    Module: Linear
  Module: ModuleList
    Module: Dropout
dropout设置为训练模式
    Module: Dropout
dropout设置为训练模式
    Module: Dropout
dropout设置为训练模式
  Module: ReLU
test_loss: 0.1357
epoch 80
train_loss: 0.1518
Module: DropoutFullyConnectedNN
  Module: ModuleList
    Module: Linear
    Module: Linear
    Module: Linear
  Module: ModuleList
    Module: Dropout
dropout设置为训练模式
    Module: Dropout
dropout设置为训练模式
    Module: Dropout
dropout设置为训练模式
  Module: ReLU
test_loss: 0.1349
epoch 81
train_loss: 0.1497
Module: DropoutFullyConnectedNN
  Module: ModuleList
    Module: Linear
    Module: Linear
    Module: Linear
  Module: ModuleList
    Module: Dropout
dropout设置为训练模式
    Module: Dropout
dropout设置为训练模式
    Module: Dropout
dropout设置为训练模式
  Module: ReLU
test_loss: 0.1335
epoch 82
train_loss: 0.1511
Module: DropoutFullyConnectedNN
  Module: ModuleList
    Module: Linear
    Module: Linear
    Module: Linear
  Module: ModuleList
    Module: Dropout
dropout设置为训练模式
    Module: Dropout
dropout设置为训练模式
    Module: Dropout
dropout设置为训练模式
  Module: ReLU
test_loss: 0.1323
epoch 83
train_loss: 0.1502
Module: DropoutFullyConnectedNN
  Module: ModuleList
    Module: Linear
    Module: Linear
    Module: Linear
  Module: ModuleList
    Module: Dropout
dropout设置为训练模式
    Module: Dropout
dropout设置为训练模式
    Module: Dropout
dropout设置为训练模式
  Module: ReLU
test_loss: 0.1324
epoch 84
train_loss: 0.1525
Module: DropoutFullyConnectedNN
  Module: ModuleList
    Module: Linear
    Module: Linear
    Module: Linear
  Module: ModuleList
    Module: Dropout
dropout设置为训练模式
    Module: Dropout
dropout设置为训练模式
    Module: Dropout
dropout设置为训练模式
  Module: ReLU
test_loss: 0.1311
epoch 85
train_loss: 0.1527
Module: DropoutFullyConnectedNN
  Module: ModuleList
    Module: Linear
    Module: Linear
    Module: Linear
  Module: ModuleList
    Module: Dropout
dropout设置为训练模式
    Module: Dropout
dropout设置为训练模式
    Module: Dropout
dropout设置为训练模式
  Module: ReLU
test_loss: 0.1302
epoch 86
train_loss: 0.1473
Module: DropoutFullyConnectedNN
  Module: ModuleList
    Module: Linear
    Module: Linear
    Module: Linear
  Module: ModuleList
    Module: Dropout
dropout设置为训练模式
    Module: Dropout
dropout设置为训练模式
    Module: Dropout
dropout设置为训练模式
  Module: ReLU
test_loss: 0.1296
epoch 87
train_loss: 0.1487
Module: DropoutFullyConnectedNN
  Module: ModuleList
    Module: Linear
    Module: Linear
    Module: Linear
  Module: ModuleList
    Module: Dropout
dropout设置为训练模式
    Module: Dropout
dropout设置为训练模式
    Module: Dropout
dropout设置为训练模式
  Module: ReLU
test_loss: 0.1295
epoch 88
train_loss: 0.1459
Module: DropoutFullyConnectedNN
  Module: ModuleList
    Module: Linear
    Module: Linear
    Module: Linear
  Module: ModuleList
    Module: Dropout
dropout设置为训练模式
    Module: Dropout
dropout设置为训练模式
    Module: Dropout
dropout设置为训练模式
  Module: ReLU
test_loss: 0.1283
epoch 89
train_loss: 0.1485
Module: DropoutFullyConnectedNN
  Module: ModuleList
    Module: Linear
    Module: Linear
    Module: Linear
  Module: ModuleList
    Module: Dropout
dropout设置为训练模式
    Module: Dropout
dropout设置为训练模式
    Module: Dropout
dropout设置为训练模式
  Module: ReLU
test_loss: 0.1271
epoch 90
train_loss: 0.1471
Module: DropoutFullyConnectedNN
  Module: ModuleList
    Module: Linear
    Module: Linear
    Module: Linear
  Module: ModuleList
    Module: Dropout
dropout设置为训练模式
    Module: Dropout
dropout设置为训练模式
    Module: Dropout
dropout设置为训练模式
  Module: ReLU
test_loss: 0.1267
epoch 91
train_loss: 0.1436
Module: DropoutFullyConnectedNN
  Module: ModuleList
    Module: Linear
    Module: Linear
    Module: Linear
  Module: ModuleList
    Module: Dropout
dropout设置为训练模式
    Module: Dropout
dropout设置为训练模式
    Module: Dropout
dropout设置为训练模式
  Module: ReLU
test_loss: 0.1252
epoch 92
train_loss: 0.1460
Module: DropoutFullyConnectedNN
  Module: ModuleList
    Module: Linear
    Module: Linear
    Module: Linear
  Module: ModuleList
    Module: Dropout
dropout设置为训练模式
    Module: Dropout
dropout设置为训练模式
    Module: Dropout
dropout设置为训练模式
  Module: ReLU
test_loss: 0.1253
epoch 93
train_loss: 0.1465
Module: DropoutFullyConnectedNN
  Module: ModuleList
    Module: Linear
    Module: Linear
    Module: Linear
  Module: ModuleList
    Module: Dropout
dropout设置为训练模式
    Module: Dropout
dropout设置为训练模式
    Module: Dropout
dropout设置为训练模式
  Module: ReLU
test_loss: 0.1248
epoch 94
train_loss: 0.1453
Module: DropoutFullyConnectedNN
  Module: ModuleList
    Module: Linear
    Module: Linear
    Module: Linear
  Module: ModuleList
    Module: Dropout
dropout设置为训练模式
    Module: Dropout
dropout设置为训练模式
    Module: Dropout
dropout设置为训练模式
  Module: ReLU
test_loss: 0.1240
epoch 95
train_loss: 0.1423
Module: DropoutFullyConnectedNN
  Module: ModuleList
    Module: Linear
    Module: Linear
    Module: Linear
  Module: ModuleList
    Module: Dropout
dropout设置为训练模式
    Module: Dropout
dropout设置为训练模式
    Module: Dropout
dropout设置为训练模式
  Module: ReLU
test_loss: 0.1231
epoch 96
train_loss: 0.1431
Module: DropoutFullyConnectedNN
  Module: ModuleList
    Module: Linear
    Module: Linear
    Module: Linear
  Module: ModuleList
    Module: Dropout
dropout设置为训练模式
    Module: Dropout
dropout设置为训练模式
    Module: Dropout
dropout设置为训练模式
  Module: ReLU
test_loss: 0.1234
epoch 97
train_loss: 0.1393
Module: DropoutFullyConnectedNN
  Module: ModuleList
    Module: Linear
    Module: Linear
    Module: Linear
  Module: ModuleList
    Module: Dropout
dropout设置为训练模式
    Module: Dropout
dropout设置为训练模式
    Module: Dropout
dropout设置为训练模式
  Module: ReLU
test_loss: 0.1225
epoch 98
train_loss: 0.1409
Module: DropoutFullyConnectedNN
  Module: ModuleList
    Module: Linear
    Module: Linear
    Module: Linear
  Module: ModuleList
    Module: Dropout
dropout设置为训练模式
    Module: Dropout
dropout设置为训练模式
    Module: Dropout
dropout设置为训练模式
  Module: ReLU
test_loss: 0.1223
epoch 99
train_loss: 0.1412
Module: DropoutFullyConnectedNN
  Module: ModuleList
    Module: Linear
    Module: Linear
    Module: Linear
  Module: ModuleList
    Module: Dropout
dropout设置为训练模式
    Module: Dropout
dropout设置为训练模式
    Module: Dropout
dropout设置为训练模式
  Module: ReLU
test_loss: 0.1211
epoch 100
train_loss: 0.1411
Module: DropoutFullyConnectedNN
  Module: ModuleList
    Module: Linear
    Module: Linear
    Module: Linear
  Module: ModuleList
    Module: Dropout
dropout设置为训练模式
    Module: Dropout
dropout设置为训练模式
    Module: Dropout
dropout设置为训练模式
  Module: ReLU
test_loss: 0.1206
epoch 101
train_loss: 0.1375
Module: DropoutFullyConnectedNN
  Module: ModuleList
    Module: Linear
    Module: Linear
    Module: Linear
  Module: ModuleList
    Module: Dropout
dropout设置为训练模式
    Module: Dropout
dropout设置为训练模式
    Module: Dropout
dropout设置为训练模式
  Module: ReLU
test_loss: 0.1199
epoch 102
train_loss: 0.1394
Module: DropoutFullyConnectedNN
  Module: ModuleList
    Module: Linear
    Module: Linear
    Module: Linear
  Module: ModuleList
    Module: Dropout
dropout设置为训练模式
    Module: Dropout
dropout设置为训练模式
    Module: Dropout
dropout设置为训练模式
  Module: ReLU
test_loss: 0.1198
epoch 103
train_loss: 0.1362
Module: DropoutFullyConnectedNN
  Module: ModuleList
    Module: Linear
    Module: Linear
    Module: Linear
  Module: ModuleList
    Module: Dropout
dropout设置为训练模式
    Module: Dropout
dropout设置为训练模式
    Module: Dropout
dropout设置为训练模式
  Module: ReLU
test_loss: 0.1187
epoch 104
train_loss: 0.1356
Module: DropoutFullyConnectedNN
  Module: ModuleList
    Module: Linear
    Module: Linear
    Module: Linear
  Module: ModuleList
    Module: Dropout
dropout设置为训练模式
    Module: Dropout
dropout设置为训练模式
    Module: Dropout
dropout设置为训练模式
  Module: ReLU
test_loss: 0.1186
epoch 105
train_loss: 0.1381
Module: DropoutFullyConnectedNN
  Module: ModuleList
    Module: Linear
    Module: Linear
    Module: Linear
  Module: ModuleList
    Module: Dropout
dropout设置为训练模式
    Module: Dropout
dropout设置为训练模式
    Module: Dropout
dropout设置为训练模式
  Module: ReLU
test_loss: 0.1178
epoch 106
train_loss: 0.1401
Module: DropoutFullyConnectedNN
  Module: ModuleList
    Module: Linear
    Module: Linear
    Module: Linear
  Module: ModuleList
    Module: Dropout
dropout设置为训练模式
    Module: Dropout
dropout设置为训练模式
    Module: Dropout
dropout设置为训练模式
  Module: ReLU
test_loss: 0.1175
epoch 107
train_loss: 0.1365
Module: DropoutFullyConnectedNN
  Module: ModuleList
    Module: Linear
    Module: Linear
    Module: Linear
  Module: ModuleList
    Module: Dropout
dropout设置为训练模式
    Module: Dropout
dropout设置为训练模式
    Module: Dropout
dropout设置为训练模式
  Module: ReLU
test_loss: 0.1171
epoch 108
train_loss: 0.1352
Module: DropoutFullyConnectedNN
  Module: ModuleList
    Module: Linear
    Module: Linear
    Module: Linear
  Module: ModuleList
    Module: Dropout
dropout设置为训练模式
    Module: Dropout
dropout设置为训练模式
    Module: Dropout
dropout设置为训练模式
  Module: ReLU
test_loss: 0.1164
epoch 109
train_loss: 0.1356
Module: DropoutFullyConnectedNN
  Module: ModuleList
    Module: Linear
    Module: Linear
    Module: Linear
  Module: ModuleList
    Module: Dropout
dropout设置为训练模式
    Module: Dropout
dropout设置为训练模式
    Module: Dropout
dropout设置为训练模式
  Module: ReLU
test_loss: 0.1157
epoch 110
train_loss: 0.1357
Module: DropoutFullyConnectedNN
  Module: ModuleList
    Module: Linear
    Module: Linear
    Module: Linear
  Module: ModuleList
    Module: Dropout
dropout设置为训练模式
    Module: Dropout
dropout设置为训练模式
    Module: Dropout
dropout设置为训练模式
  Module: ReLU
test_loss: 0.1154
epoch 111
train_loss: 0.1315
Module: DropoutFullyConnectedNN
  Module: ModuleList
    Module: Linear
    Module: Linear
    Module: Linear
  Module: ModuleList
    Module: Dropout
dropout设置为训练模式
    Module: Dropout
dropout设置为训练模式
    Module: Dropout
dropout设置为训练模式
  Module: ReLU
test_loss: 0.1149
epoch 112
train_loss: 0.1374
Module: DropoutFullyConnectedNN
  Module: ModuleList
    Module: Linear
    Module: Linear
    Module: Linear
  Module: ModuleList
    Module: Dropout
dropout设置为训练模式
    Module: Dropout
dropout设置为训练模式
    Module: Dropout
dropout设置为训练模式
  Module: ReLU
test_loss: 0.1145
epoch 113
train_loss: 0.1323
Module: DropoutFullyConnectedNN
  Module: ModuleList
    Module: Linear
    Module: Linear
    Module: Linear
  Module: ModuleList
    Module: Dropout
dropout设置为训练模式
    Module: Dropout
dropout设置为训练模式
    Module: Dropout
dropout设置为训练模式
  Module: ReLU
test_loss: 0.1143
epoch 114
train_loss: 0.1311
Module: DropoutFullyConnectedNN
  Module: ModuleList
    Module: Linear
    Module: Linear
    Module: Linear
  Module: ModuleList
    Module: Dropout
dropout设置为训练模式
    Module: Dropout
dropout设置为训练模式
    Module: Dropout
dropout设置为训练模式
  Module: ReLU
test_loss: 0.1137
epoch 115
train_loss: 0.1346
Module: DropoutFullyConnectedNN
  Module: ModuleList
    Module: Linear
    Module: Linear
    Module: Linear
  Module: ModuleList
    Module: Dropout
dropout设置为训练模式
    Module: Dropout
dropout设置为训练模式
    Module: Dropout
dropout设置为训练模式
  Module: ReLU
test_loss: 0.1139
epoch 116
train_loss: 0.1337
Module: DropoutFullyConnectedNN
  Module: ModuleList
    Module: Linear
    Module: Linear
    Module: Linear
  Module: ModuleList
    Module: Dropout
dropout设置为训练模式
    Module: Dropout
dropout设置为训练模式
    Module: Dropout
dropout设置为训练模式
  Module: ReLU
test_loss: 0.1130
epoch 117
train_loss: 0.1335
Module: DropoutFullyConnectedNN
  Module: ModuleList
    Module: Linear
    Module: Linear
    Module: Linear
  Module: ModuleList
    Module: Dropout
dropout设置为训练模式
    Module: Dropout
dropout设置为训练模式
    Module: Dropout
dropout设置为训练模式
  Module: ReLU
test_loss: 0.1130
epoch 118
train_loss: 0.1314
Module: DropoutFullyConnectedNN
  Module: ModuleList
    Module: Linear
    Module: Linear
    Module: Linear
  Module: ModuleList
    Module: Dropout
dropout设置为训练模式
    Module: Dropout
dropout设置为训练模式
    Module: Dropout
dropout设置为训练模式
  Module: ReLU
test_loss: 0.1123
epoch 119
train_loss: 0.1294
Module: DropoutFullyConnectedNN
  Module: ModuleList
    Module: Linear
    Module: Linear
    Module: Linear
  Module: ModuleList
    Module: Dropout
dropout设置为训练模式
    Module: Dropout
dropout设置为训练模式
    Module: Dropout
dropout设置为训练模式
  Module: ReLU
test_loss: 0.1112
epoch 120
train_loss: 0.1308
Module: DropoutFullyConnectedNN
  Module: ModuleList
    Module: Linear
    Module: Linear
    Module: Linear
  Module: ModuleList
    Module: Dropout
dropout设置为训练模式
    Module: Dropout
dropout设置为训练模式
    Module: Dropout
dropout设置为训练模式
  Module: ReLU
test_loss: 0.1113
epoch 121
train_loss: 0.1317
Module: DropoutFullyConnectedNN
  Module: ModuleList
    Module: Linear
    Module: Linear
    Module: Linear
  Module: ModuleList
    Module: Dropout
dropout设置为训练模式
    Module: Dropout
dropout设置为训练模式
    Module: Dropout
dropout设置为训练模式
  Module: ReLU
test_loss: 0.1108
epoch 122
train_loss: 0.1325
Module: DropoutFullyConnectedNN
  Module: ModuleList
    Module: Linear
    Module: Linear
    Module: Linear
  Module: ModuleList
    Module: Dropout
dropout设置为训练模式
    Module: Dropout
dropout设置为训练模式
    Module: Dropout
dropout设置为训练模式
  Module: ReLU
test_loss: 0.1110
epoch 123
train_loss: 0.1316
Module: DropoutFullyConnectedNN
  Module: ModuleList
    Module: Linear
    Module: Linear
    Module: Linear
  Module: ModuleList
    Module: Dropout
dropout设置为训练模式
    Module: Dropout
dropout设置为训练模式
    Module: Dropout
dropout设置为训练模式
  Module: ReLU
test_loss: 0.1100
epoch 124
train_loss: 0.1288
Module: DropoutFullyConnectedNN
  Module: ModuleList
    Module: Linear
    Module: Linear
    Module: Linear
  Module: ModuleList
    Module: Dropout
dropout设置为训练模式
    Module: Dropout
dropout设置为训练模式
    Module: Dropout
dropout设置为训练模式
  Module: ReLU
test_loss: 0.1095
epoch 125
train_loss: 0.1280
Module: DropoutFullyConnectedNN
  Module: ModuleList
    Module: Linear
    Module: Linear
    Module: Linear
  Module: ModuleList
    Module: Dropout
dropout设置为训练模式
    Module: Dropout
dropout设置为训练模式
    Module: Dropout
dropout设置为训练模式
  Module: ReLU
test_loss: 0.1094
epoch 126
train_loss: 0.1308
Module: DropoutFullyConnectedNN
  Module: ModuleList
    Module: Linear
    Module: Linear
    Module: Linear
  Module: ModuleList
    Module: Dropout
dropout设置为训练模式
    Module: Dropout
dropout设置为训练模式
    Module: Dropout
dropout设置为训练模式
  Module: ReLU
test_loss: 0.1089
epoch 127
train_loss: 0.1268
Module: DropoutFullyConnectedNN
  Module: ModuleList
    Module: Linear
    Module: Linear
    Module: Linear
  Module: ModuleList
    Module: Dropout
dropout设置为训练模式
    Module: Dropout
dropout设置为训练模式
    Module: Dropout
dropout设置为训练模式
  Module: ReLU
test_loss: 0.1077
epoch 128
train_loss: 0.1249
Module: DropoutFullyConnectedNN
  Module: ModuleList
    Module: Linear
    Module: Linear
    Module: Linear
  Module: ModuleList
    Module: Dropout
dropout设置为训练模式
    Module: Dropout
dropout设置为训练模式
    Module: Dropout
dropout设置为训练模式
  Module: ReLU
test_loss: 0.1071
epoch 129
train_loss: 0.1280
Module: DropoutFullyConnectedNN
  Module: ModuleList
    Module: Linear
    Module: Linear
    Module: Linear
  Module: ModuleList
    Module: Dropout
dropout设置为训练模式
    Module: Dropout
dropout设置为训练模式
    Module: Dropout
dropout设置为训练模式
  Module: ReLU
test_loss: 0.1083
epoch 130
train_loss: 0.1289
Module: DropoutFullyConnectedNN
  Module: ModuleList
    Module: Linear
    Module: Linear
    Module: Linear
  Module: ModuleList
    Module: Dropout
dropout设置为训练模式
    Module: Dropout
dropout设置为训练模式
    Module: Dropout
dropout设置为训练模式
  Module: ReLU
test_loss: 0.1071
epoch 131
train_loss: 0.1267
Module: DropoutFullyConnectedNN
  Module: ModuleList
    Module: Linear
    Module: Linear
    Module: Linear
  Module: ModuleList
    Module: Dropout
dropout设置为训练模式
    Module: Dropout
dropout设置为训练模式
    Module: Dropout
dropout设置为训练模式
  Module: ReLU
test_loss: 0.1067
epoch 132
train_loss: 0.1234
Module: DropoutFullyConnectedNN
  Module: ModuleList
    Module: Linear
    Module: Linear
    Module: Linear
  Module: ModuleList
    Module: Dropout
dropout设置为训练模式
    Module: Dropout
dropout设置为训练模式
    Module: Dropout
dropout设置为训练模式
  Module: ReLU
test_loss: 0.1071
epoch 133
train_loss: 0.1255
Module: DropoutFullyConnectedNN
  Module: ModuleList
    Module: Linear
    Module: Linear
    Module: Linear
  Module: ModuleList
    Module: Dropout
dropout设置为训练模式
    Module: Dropout
dropout设置为训练模式
    Module: Dropout
dropout设置为训练模式
  Module: ReLU
test_loss: 0.1063
epoch 134
train_loss: 0.1236
Module: DropoutFullyConnectedNN
  Module: ModuleList
    Module: Linear
    Module: Linear
    Module: Linear
  Module: ModuleList
    Module: Dropout
dropout设置为训练模式
    Module: Dropout
dropout设置为训练模式
    Module: Dropout
dropout设置为训练模式
  Module: ReLU
test_loss: 0.1058
epoch 135
train_loss: 0.1277
Module: DropoutFullyConnectedNN
  Module: ModuleList
    Module: Linear
    Module: Linear
    Module: Linear
  Module: ModuleList
    Module: Dropout
dropout设置为训练模式
    Module: Dropout
dropout设置为训练模式
    Module: Dropout
dropout设置为训练模式
  Module: ReLU
test_loss: 0.1056
epoch 136
train_loss: 0.1265
Module: DropoutFullyConnectedNN
  Module: ModuleList
    Module: Linear
    Module: Linear
    Module: Linear
  Module: ModuleList
    Module: Dropout
dropout设置为训练模式
    Module: Dropout
dropout设置为训练模式
    Module: Dropout
dropout设置为训练模式
  Module: ReLU
test_loss: 0.1052
epoch 137
train_loss: 0.1264
Module: DropoutFullyConnectedNN
  Module: ModuleList
    Module: Linear
    Module: Linear
    Module: Linear
  Module: ModuleList
    Module: Dropout
dropout设置为训练模式
    Module: Dropout
dropout设置为训练模式
    Module: Dropout
dropout设置为训练模式
  Module: ReLU
test_loss: 0.1050
epoch 138
train_loss: 0.1247
Module: DropoutFullyConnectedNN
  Module: ModuleList
    Module: Linear
    Module: Linear
    Module: Linear
  Module: ModuleList
    Module: Dropout
dropout设置为训练模式
    Module: Dropout
dropout设置为训练模式
    Module: Dropout
dropout设置为训练模式
  Module: ReLU
test_loss: 0.1045
epoch 139
train_loss: 0.1239
Module: DropoutFullyConnectedNN
  Module: ModuleList
    Module: Linear
    Module: Linear
    Module: Linear
  Module: ModuleList
    Module: Dropout
dropout设置为训练模式
    Module: Dropout
dropout设置为训练模式
    Module: Dropout
dropout设置为训练模式
  Module: ReLU
test_loss: 0.1043
epoch 140
train_loss: 0.1282
Module: DropoutFullyConnectedNN
  Module: ModuleList
    Module: Linear
    Module: Linear
    Module: Linear
  Module: ModuleList
    Module: Dropout
dropout设置为训练模式
    Module: Dropout
dropout设置为训练模式
    Module: Dropout
dropout设置为训练模式
  Module: ReLU
test_loss: 0.1045
epoch 141
train_loss: 0.1239
Module: DropoutFullyConnectedNN
  Module: ModuleList
    Module: Linear
    Module: Linear
    Module: Linear
  Module: ModuleList
    Module: Dropout
dropout设置为训练模式
    Module: Dropout
dropout设置为训练模式
    Module: Dropout
dropout设置为训练模式
  Module: ReLU
test_loss: 0.1034
epoch 142
train_loss: 0.1239
Module: DropoutFullyConnectedNN
  Module: ModuleList
    Module: Linear
    Module: Linear
    Module: Linear
  Module: ModuleList
    Module: Dropout
dropout设置为训练模式
    Module: Dropout
dropout设置为训练模式
    Module: Dropout
dropout设置为训练模式
  Module: ReLU
test_loss: 0.1037
epoch 143
train_loss: 0.1240
Module: DropoutFullyConnectedNN
  Module: ModuleList
    Module: Linear
    Module: Linear
    Module: Linear
  Module: ModuleList
    Module: Dropout
dropout设置为训练模式
    Module: Dropout
dropout设置为训练模式
    Module: Dropout
dropout设置为训练模式
  Module: ReLU
test_loss: 0.1041
epoch 144
train_loss: 0.1218
Module: DropoutFullyConnectedNN
  Module: ModuleList
    Module: Linear
    Module: Linear
    Module: Linear
  Module: ModuleList
    Module: Dropout
dropout设置为训练模式
    Module: Dropout
dropout设置为训练模式
    Module: Dropout
dropout设置为训练模式
  Module: ReLU
test_loss: 0.1031
epoch 145
train_loss: 0.1221
Module: DropoutFullyConnectedNN
  Module: ModuleList
    Module: Linear
    Module: Linear
    Module: Linear
  Module: ModuleList
    Module: Dropout
dropout设置为训练模式
    Module: Dropout
dropout设置为训练模式
    Module: Dropout
dropout设置为训练模式
  Module: ReLU
test_loss: 0.1029
epoch 146
train_loss: 0.1214
Module: DropoutFullyConnectedNN
  Module: ModuleList
    Module: Linear
    Module: Linear
    Module: Linear
  Module: ModuleList
    Module: Dropout
dropout设置为训练模式
    Module: Dropout
dropout设置为训练模式
    Module: Dropout
dropout设置为训练模式
  Module: ReLU
test_loss: 0.1032
epoch 147
train_loss: 0.1197
Module: DropoutFullyConnectedNN
  Module: ModuleList
    Module: Linear
    Module: Linear
    Module: Linear
  Module: ModuleList
    Module: Dropout
dropout设置为训练模式
    Module: Dropout
dropout设置为训练模式
    Module: Dropout
dropout设置为训练模式
  Module: ReLU
test_loss: 0.1029
epoch 148
train_loss: 0.1212
Module: DropoutFullyConnectedNN
  Module: ModuleList
    Module: Linear
    Module: Linear
    Module: Linear
  Module: ModuleList
    Module: Dropout
dropout设置为训练模式
    Module: Dropout
dropout设置为训练模式
    Module: Dropout
dropout设置为训练模式
  Module: ReLU
test_loss: 0.1025
epoch 149
train_loss: 0.1209
Module: DropoutFullyConnectedNN
  Module: ModuleList
    Module: Linear
    Module: Linear
    Module: Linear
  Module: ModuleList
    Module: Dropout
dropout设置为训练模式
    Module: Dropout
dropout设置为训练模式
    Module: Dropout
dropout设置为训练模式
  Module: ReLU
test_loss: 0.1019
epoch 150
train_loss: 0.1209
Module: DropoutFullyConnectedNN
  Module: ModuleList
    Module: Linear
    Module: Linear
    Module: Linear
  Module: ModuleList
    Module: Dropout
dropout设置为训练模式
    Module: Dropout
dropout设置为训练模式
    Module: Dropout
dropout设置为训练模式
  Module: ReLU
test_loss: 0.1011
epoch 151
train_loss: 0.1215
Module: DropoutFullyConnectedNN
  Module: ModuleList
    Module: Linear
    Module: Linear
    Module: Linear
  Module: ModuleList
    Module: Dropout
dropout设置为训练模式
    Module: Dropout
dropout设置为训练模式
    Module: Dropout
dropout设置为训练模式
  Module: ReLU
test_loss: 0.1018
epoch 152
train_loss: 0.1202
Module: DropoutFullyConnectedNN
  Module: ModuleList
    Module: Linear
    Module: Linear
    Module: Linear
  Module: ModuleList
    Module: Dropout
dropout设置为训练模式
    Module: Dropout
dropout设置为训练模式
    Module: Dropout
dropout设置为训练模式
  Module: ReLU
test_loss: 0.1007
epoch 153
train_loss: 0.1202
Module: DropoutFullyConnectedNN
  Module: ModuleList
    Module: Linear
    Module: Linear
    Module: Linear
  Module: ModuleList
    Module: Dropout
dropout设置为训练模式
    Module: Dropout
dropout设置为训练模式
    Module: Dropout
dropout设置为训练模式
  Module: ReLU
test_loss: 0.1001
epoch 154
train_loss: 0.1195
Module: DropoutFullyConnectedNN
  Module: ModuleList
    Module: Linear
    Module: Linear
    Module: Linear
  Module: ModuleList
    Module: Dropout
dropout设置为训练模式
    Module: Dropout
dropout设置为训练模式
    Module: Dropout
dropout设置为训练模式
  Module: ReLU
test_loss: 0.1003
epoch 155
train_loss: 0.1209
Module: DropoutFullyConnectedNN
  Module: ModuleList
    Module: Linear
    Module: Linear
    Module: Linear
  Module: ModuleList
    Module: Dropout
dropout设置为训练模式
    Module: Dropout
dropout设置为训练模式
    Module: Dropout
dropout设置为训练模式
  Module: ReLU
test_loss: 0.1008
epoch 156
train_loss: 0.1190
Module: DropoutFullyConnectedNN
  Module: ModuleList
    Module: Linear
    Module: Linear
    Module: Linear
  Module: ModuleList
    Module: Dropout
dropout设置为训练模式
    Module: Dropout
dropout设置为训练模式
    Module: Dropout
dropout设置为训练模式
  Module: ReLU
test_loss: 0.0998
epoch 157
train_loss: 0.1199
Module: DropoutFullyConnectedNN
  Module: ModuleList
    Module: Linear
    Module: Linear
    Module: Linear
  Module: ModuleList
    Module: Dropout
dropout设置为训练模式
    Module: Dropout
dropout设置为训练模式
    Module: Dropout
dropout设置为训练模式
  Module: ReLU
test_loss: 0.1005
epoch 158
train_loss: 0.1203
Module: DropoutFullyConnectedNN
  Module: ModuleList
    Module: Linear
    Module: Linear
    Module: Linear
  Module: ModuleList
    Module: Dropout
dropout设置为训练模式
    Module: Dropout
dropout设置为训练模式
    Module: Dropout
dropout设置为训练模式
  Module: ReLU
test_loss: 0.1002
epoch 159
train_loss: 0.1176
Module: DropoutFullyConnectedNN
  Module: ModuleList
    Module: Linear
    Module: Linear
    Module: Linear
  Module: ModuleList
    Module: Dropout
dropout设置为训练模式
    Module: Dropout
dropout设置为训练模式
    Module: Dropout
dropout设置为训练模式
  Module: ReLU
test_loss: 0.0995
epoch 160
train_loss: 0.1161
Module: DropoutFullyConnectedNN
  Module: ModuleList
    Module: Linear
    Module: Linear
    Module: Linear
  Module: ModuleList
    Module: Dropout
dropout设置为训练模式
    Module: Dropout
dropout设置为训练模式
    Module: Dropout
dropout设置为训练模式
  Module: ReLU
test_loss: 0.0988
epoch 161
train_loss: 0.1166
Module: DropoutFullyConnectedNN
  Module: ModuleList
    Module: Linear
    Module: Linear
    Module: Linear
  Module: ModuleList
    Module: Dropout
dropout设置为训练模式
    Module: Dropout
dropout设置为训练模式
    Module: Dropout
dropout设置为训练模式
  Module: ReLU
test_loss: 0.0995
epoch 162
train_loss: 0.1166
Module: DropoutFullyConnectedNN
  Module: ModuleList
    Module: Linear
    Module: Linear
    Module: Linear
  Module: ModuleList
    Module: Dropout
dropout设置为训练模式
    Module: Dropout
dropout设置为训练模式
    Module: Dropout
dropout设置为训练模式
  Module: ReLU
test_loss: 0.0984
epoch 163
train_loss: 0.1172
Module: DropoutFullyConnectedNN
  Module: ModuleList
    Module: Linear
    Module: Linear
    Module: Linear
  Module: ModuleList
    Module: Dropout
dropout设置为训练模式
    Module: Dropout
dropout设置为训练模式
    Module: Dropout
dropout设置为训练模式
  Module: ReLU
test_loss: 0.0981
epoch 164
train_loss: 0.1176
Module: DropoutFullyConnectedNN
  Module: ModuleList
    Module: Linear
    Module: Linear
    Module: Linear
  Module: ModuleList
    Module: Dropout
dropout设置为训练模式
    Module: Dropout
dropout设置为训练模式
    Module: Dropout
dropout设置为训练模式
  Module: ReLU
test_loss: 0.0981
epoch 165
train_loss: 0.1146
Module: DropoutFullyConnectedNN
  Module: ModuleList
    Module: Linear
    Module: Linear
    Module: Linear
  Module: ModuleList
    Module: Dropout
dropout设置为训练模式
    Module: Dropout
dropout设置为训练模式
    Module: Dropout
dropout设置为训练模式
  Module: ReLU
test_loss: 0.0981
epoch 166
train_loss: 0.1148
Module: DropoutFullyConnectedNN
  Module: ModuleList
    Module: Linear
    Module: Linear
    Module: Linear
  Module: ModuleList
    Module: Dropout
dropout设置为训练模式
    Module: Dropout
dropout设置为训练模式
    Module: Dropout
dropout设置为训练模式
  Module: ReLU
test_loss: 0.0981
epoch 167
train_loss: 0.1169
Module: DropoutFullyConnectedNN
  Module: ModuleList
    Module: Linear
    Module: Linear
    Module: Linear
  Module: ModuleList
    Module: Dropout
dropout设置为训练模式
    Module: Dropout
dropout设置为训练模式
    Module: Dropout
dropout设置为训练模式
  Module: ReLU
test_loss: 0.0976
epoch 168
train_loss: 0.1197
Module: DropoutFullyConnectedNN
  Module: ModuleList
    Module: Linear
    Module: Linear
    Module: Linear
  Module: ModuleList
    Module: Dropout
dropout设置为训练模式
    Module: Dropout
dropout设置为训练模式
    Module: Dropout
dropout设置为训练模式
  Module: ReLU
test_loss: 0.0974
epoch 169
train_loss: 0.1182
Module: DropoutFullyConnectedNN
  Module: ModuleList
    Module: Linear
    Module: Linear
    Module: Linear
  Module: ModuleList
    Module: Dropout
dropout设置为训练模式
    Module: Dropout
dropout设置为训练模式
    Module: Dropout
dropout设置为训练模式
  Module: ReLU
test_loss: 0.0973
epoch 170
train_loss: 0.1154
Module: DropoutFullyConnectedNN
  Module: ModuleList
    Module: Linear
    Module: Linear
    Module: Linear
  Module: ModuleList
    Module: Dropout
dropout设置为训练模式
    Module: Dropout
dropout设置为训练模式
    Module: Dropout
dropout设置为训练模式
  Module: ReLU
test_loss: 0.0969
epoch 171
train_loss: 0.1170
Module: DropoutFullyConnectedNN
  Module: ModuleList
    Module: Linear
    Module: Linear
    Module: Linear
  Module: ModuleList
    Module: Dropout
dropout设置为训练模式
    Module: Dropout
dropout设置为训练模式
    Module: Dropout
dropout设置为训练模式
  Module: ReLU
test_loss: 0.0972
epoch 172
train_loss: 0.1177
Module: DropoutFullyConnectedNN
  Module: ModuleList
    Module: Linear
    Module: Linear
    Module: Linear
  Module: ModuleList
    Module: Dropout
dropout设置为训练模式
    Module: Dropout
dropout设置为训练模式
    Module: Dropout
dropout设置为训练模式
  Module: ReLU
test_loss: 0.0972
epoch 173
train_loss: 0.1167
Module: DropoutFullyConnectedNN
  Module: ModuleList
    Module: Linear
    Module: Linear
    Module: Linear
  Module: ModuleList
    Module: Dropout
dropout设置为训练模式
    Module: Dropout
dropout设置为训练模式
    Module: Dropout
dropout设置为训练模式
  Module: ReLU
test_loss: 0.0971
epoch 174
train_loss: 0.1132
Module: DropoutFullyConnectedNN
  Module: ModuleList
    Module: Linear
    Module: Linear
    Module: Linear
  Module: ModuleList
    Module: Dropout
dropout设置为训练模式
    Module: Dropout
dropout设置为训练模式
    Module: Dropout
dropout设置为训练模式
  Module: ReLU
test_loss: 0.0967
epoch 175
train_loss: 0.1131
Module: DropoutFullyConnectedNN
  Module: ModuleList
    Module: Linear
    Module: Linear
    Module: Linear
  Module: ModuleList
    Module: Dropout
dropout设置为训练模式
    Module: Dropout
dropout设置为训练模式
    Module: Dropout
dropout设置为训练模式
  Module: ReLU
test_loss: 0.0968
epoch 176
train_loss: 0.1161
Module: DropoutFullyConnectedNN
  Module: ModuleList
    Module: Linear
    Module: Linear
    Module: Linear
  Module: ModuleList
    Module: Dropout
dropout设置为训练模式
    Module: Dropout
dropout设置为训练模式
    Module: Dropout
dropout设置为训练模式
  Module: ReLU
test_loss: 0.0969
epoch 177
train_loss: 0.1136
Module: DropoutFullyConnectedNN
  Module: ModuleList
    Module: Linear
    Module: Linear
    Module: Linear
  Module: ModuleList
    Module: Dropout
dropout设置为训练模式
    Module: Dropout
dropout设置为训练模式
    Module: Dropout
dropout设置为训练模式
  Module: ReLU
test_loss: 0.0961
epoch 178
train_loss: 0.1150
Module: DropoutFullyConnectedNN
  Module: ModuleList
    Module: Linear
    Module: Linear
    Module: Linear
  Module: ModuleList
    Module: Dropout
dropout设置为训练模式
    Module: Dropout
dropout设置为训练模式
    Module: Dropout
dropout设置为训练模式
  Module: ReLU
test_loss: 0.0964
epoch 179
train_loss: 0.1141
Module: DropoutFullyConnectedNN
  Module: ModuleList
    Module: Linear
    Module: Linear
    Module: Linear
  Module: ModuleList
    Module: Dropout
dropout设置为训练模式
    Module: Dropout
dropout设置为训练模式
    Module: Dropout
dropout设置为训练模式
  Module: ReLU
test_loss: 0.0962
epoch 180
train_loss: 0.1132
Module: DropoutFullyConnectedNN
  Module: ModuleList
    Module: Linear
    Module: Linear
    Module: Linear
  Module: ModuleList
    Module: Dropout
dropout设置为训练模式
    Module: Dropout
dropout设置为训练模式
    Module: Dropout
dropout设置为训练模式
  Module: ReLU
test_loss: 0.0958
epoch 181
train_loss: 0.1138
Module: DropoutFullyConnectedNN
  Module: ModuleList
    Module: Linear
    Module: Linear
    Module: Linear
  Module: ModuleList
    Module: Dropout
dropout设置为训练模式
    Module: Dropout
dropout设置为训练模式
    Module: Dropout
dropout设置为训练模式
  Module: ReLU
test_loss: 0.0957
epoch 182
train_loss: 0.1139
Module: DropoutFullyConnectedNN
  Module: ModuleList
    Module: Linear
    Module: Linear
    Module: Linear
  Module: ModuleList
    Module: Dropout
dropout设置为训练模式
    Module: Dropout
dropout设置为训练模式
    Module: Dropout
dropout设置为训练模式
  Module: ReLU
test_loss: 0.0953
epoch 183
train_loss: 0.1137
Module: DropoutFullyConnectedNN
  Module: ModuleList
    Module: Linear
    Module: Linear
    Module: Linear
  Module: ModuleList
    Module: Dropout
dropout设置为训练模式
    Module: Dropout
dropout设置为训练模式
    Module: Dropout
dropout设置为训练模式
  Module: ReLU
test_loss: 0.0954
epoch 184
train_loss: 0.1131
Module: DropoutFullyConnectedNN
  Module: ModuleList
    Module: Linear
    Module: Linear
    Module: Linear
  Module: ModuleList
    Module: Dropout
dropout设置为训练模式
    Module: Dropout
dropout设置为训练模式
    Module: Dropout
dropout设置为训练模式
  Module: ReLU
test_loss: 0.0954
epoch 185
train_loss: 0.1177
Module: DropoutFullyConnectedNN
  Module: ModuleList
    Module: Linear
    Module: Linear
    Module: Linear
  Module: ModuleList
    Module: Dropout
dropout设置为训练模式
    Module: Dropout
dropout设置为训练模式
    Module: Dropout
dropout设置为训练模式
  Module: ReLU
test_loss: 0.0949
epoch 186
train_loss: 0.1159
Module: DropoutFullyConnectedNN
  Module: ModuleList
    Module: Linear
    Module: Linear
    Module: Linear
  Module: ModuleList
    Module: Dropout
dropout设置为训练模式
    Module: Dropout
dropout设置为训练模式
    Module: Dropout
dropout设置为训练模式
  Module: ReLU
test_loss: 0.0953
epoch 187
train_loss: 0.1142
Module: DropoutFullyConnectedNN
  Module: ModuleList
    Module: Linear
    Module: Linear
    Module: Linear
  Module: ModuleList
    Module: Dropout
dropout设置为训练模式
    Module: Dropout
dropout设置为训练模式
    Module: Dropout
dropout设置为训练模式
  Module: ReLU
test_loss: 0.0948
epoch 188
train_loss: 0.1124
Module: DropoutFullyConnectedNN
  Module: ModuleList
    Module: Linear
    Module: Linear
    Module: Linear
  Module: ModuleList
    Module: Dropout
dropout设置为训练模式
    Module: Dropout
dropout设置为训练模式
    Module: Dropout
dropout设置为训练模式
  Module: ReLU
test_loss: 0.0945
epoch 189
train_loss: 0.1153
Module: DropoutFullyConnectedNN
  Module: ModuleList
    Module: Linear
    Module: Linear
    Module: Linear
  Module: ModuleList
    Module: Dropout
dropout设置为训练模式
    Module: Dropout
dropout设置为训练模式
    Module: Dropout
dropout设置为训练模式
  Module: ReLU
test_loss: 0.0948
epoch 190
train_loss: 0.1130
Module: DropoutFullyConnectedNN
  Module: ModuleList
    Module: Linear
    Module: Linear
    Module: Linear
  Module: ModuleList
    Module: Dropout
dropout设置为训练模式
    Module: Dropout
dropout设置为训练模式
    Module: Dropout
dropout设置为训练模式
  Module: ReLU
test_loss: 0.0942
epoch 191
train_loss: 0.1109
Module: DropoutFullyConnectedNN
  Module: ModuleList
    Module: Linear
    Module: Linear
    Module: Linear
  Module: ModuleList
    Module: Dropout
dropout设置为训练模式
    Module: Dropout
dropout设置为训练模式
    Module: Dropout
dropout设置为训练模式
  Module: ReLU
test_loss: 0.0939
epoch 192
train_loss: 0.1116
Module: DropoutFullyConnectedNN
  Module: ModuleList
    Module: Linear
    Module: Linear
    Module: Linear
  Module: ModuleList
    Module: Dropout
dropout设置为训练模式
    Module: Dropout
dropout设置为训练模式
    Module: Dropout
dropout设置为训练模式
  Module: ReLU
test_loss: 0.0939
epoch 193
train_loss: 0.1127
Module: DropoutFullyConnectedNN
  Module: ModuleList
    Module: Linear
    Module: Linear
    Module: Linear
  Module: ModuleList
    Module: Dropout
dropout设置为训练模式
    Module: Dropout
dropout设置为训练模式
    Module: Dropout
dropout设置为训练模式
  Module: ReLU
test_loss: 0.0940
epoch 194
train_loss: 0.1127
Module: DropoutFullyConnectedNN
  Module: ModuleList
    Module: Linear
    Module: Linear
    Module: Linear
  Module: ModuleList
    Module: Dropout
dropout设置为训练模式
    Module: Dropout
dropout设置为训练模式
    Module: Dropout
dropout设置为训练模式
  Module: ReLU
test_loss: 0.0936
epoch 195
train_loss: 0.1129
Module: DropoutFullyConnectedNN
  Module: ModuleList
    Module: Linear
    Module: Linear
    Module: Linear
  Module: ModuleList
    Module: Dropout
dropout设置为训练模式
    Module: Dropout
dropout设置为训练模式
    Module: Dropout
dropout设置为训练模式
  Module: ReLU
test_loss: 0.0931
epoch 196
train_loss: 0.1096
Module: DropoutFullyConnectedNN
  Module: ModuleList
    Module: Linear
    Module: Linear
    Module: Linear
  Module: ModuleList
    Module: Dropout
dropout设置为训练模式
    Module: Dropout
dropout设置为训练模式
    Module: Dropout
dropout设置为训练模式
  Module: ReLU
test_loss: 0.0940
epoch 197
train_loss: 0.1097
Module: DropoutFullyConnectedNN
  Module: ModuleList
    Module: Linear
    Module: Linear
    Module: Linear
  Module: ModuleList
    Module: Dropout
dropout设置为训练模式
    Module: Dropout
dropout设置为训练模式
    Module: Dropout
dropout设置为训练模式
  Module: ReLU
test_loss: 0.0932
epoch 198
train_loss: 0.1095
Module: DropoutFullyConnectedNN
  Module: ModuleList
    Module: Linear
    Module: Linear
    Module: Linear
  Module: ModuleList
    Module: Dropout
dropout设置为训练模式
    Module: Dropout
dropout设置为训练模式
    Module: Dropout
dropout设置为训练模式
  Module: ReLU
test_loss: 0.0929
epoch 199
train_loss: 0.1120
Module: DropoutFullyConnectedNN
  Module: ModuleList
    Module: Linear
    Module: Linear
    Module: Linear
  Module: ModuleList
    Module: Dropout
dropout设置为训练模式
    Module: Dropout
dropout设置为训练模式
    Module: Dropout
dropout设置为训练模式
  Module: ReLU
test_loss: 0.0926
epoch 200
train_loss: 0.1088
Module: DropoutFullyConnectedNN
  Module: ModuleList
    Module: Linear
    Module: Linear
    Module: Linear
  Module: ModuleList
    Module: Dropout
dropout设置为训练模式
    Module: Dropout
dropout设置为训练模式
    Module: Dropout
dropout设置为训练模式
  Module: ReLU
test_loss: 0.0923
epoch 201
train_loss: 0.1100
Module: DropoutFullyConnectedNN
  Module: ModuleList
    Module: Linear
    Module: Linear
    Module: Linear
  Module: ModuleList
    Module: Dropout
dropout设置为训练模式
    Module: Dropout
dropout设置为训练模式
    Module: Dropout
dropout设置为训练模式
  Module: ReLU
test_loss: 0.0919
epoch 202
train_loss: 0.1096
Module: DropoutFullyConnectedNN
  Module: ModuleList
    Module: Linear
    Module: Linear
    Module: Linear
  Module: ModuleList
    Module: Dropout
dropout设置为训练模式
    Module: Dropout
dropout设置为训练模式
    Module: Dropout
dropout设置为训练模式
  Module: ReLU
test_loss: 0.0926
epoch 203
train_loss: 0.1106
Module: DropoutFullyConnectedNN
  Module: ModuleList
    Module: Linear
    Module: Linear
    Module: Linear
  Module: ModuleList
    Module: Dropout
dropout设置为训练模式
    Module: Dropout
dropout设置为训练模式
    Module: Dropout
dropout设置为训练模式
  Module: ReLU
test_loss: 0.0925
epoch 204
train_loss: 0.1104
Module: DropoutFullyConnectedNN
  Module: ModuleList
    Module: Linear
    Module: Linear
    Module: Linear
  Module: ModuleList
    Module: Dropout
dropout设置为训练模式
    Module: Dropout
dropout设置为训练模式
    Module: Dropout
dropout设置为训练模式
  Module: ReLU
test_loss: 0.0919
epoch 205
train_loss: 0.1079
Module: DropoutFullyConnectedNN
  Module: ModuleList
    Module: Linear
    Module: Linear
    Module: Linear
  Module: ModuleList
    Module: Dropout
dropout设置为训练模式
    Module: Dropout
dropout设置为训练模式
    Module: Dropout
dropout设置为训练模式
  Module: ReLU
test_loss: 0.0918
epoch 206
train_loss: 0.1103
Module: DropoutFullyConnectedNN
  Module: ModuleList
    Module: Linear
    Module: Linear
    Module: Linear
  Module: ModuleList
    Module: Dropout
dropout设置为训练模式
    Module: Dropout
dropout设置为训练模式
    Module: Dropout
dropout设置为训练模式
  Module: ReLU
test_loss: 0.0916
epoch 207
train_loss: 0.1083
Module: DropoutFullyConnectedNN
  Module: ModuleList
    Module: Linear
    Module: Linear
    Module: Linear
  Module: ModuleList
    Module: Dropout
dropout设置为训练模式
    Module: Dropout
dropout设置为训练模式
    Module: Dropout
dropout设置为训练模式
  Module: ReLU
test_loss: 0.0913
epoch 208
train_loss: 0.1116
Module: DropoutFullyConnectedNN
  Module: ModuleList
    Module: Linear
    Module: Linear
    Module: Linear
  Module: ModuleList
    Module: Dropout
dropout设置为训练模式
    Module: Dropout
dropout设置为训练模式
    Module: Dropout
dropout设置为训练模式
  Module: ReLU
test_loss: 0.0920
epoch 209
train_loss: 0.1113
Module: DropoutFullyConnectedNN
  Module: ModuleList
    Module: Linear
    Module: Linear
    Module: Linear
  Module: ModuleList
    Module: Dropout
dropout设置为训练模式
    Module: Dropout
dropout设置为训练模式
    Module: Dropout
dropout设置为训练模式
  Module: ReLU
test_loss: 0.0914
epoch 210
train_loss: 0.1089
Module: DropoutFullyConnectedNN
  Module: ModuleList
    Module: Linear
    Module: Linear
    Module: Linear
  Module: ModuleList
    Module: Dropout
dropout设置为训练模式
    Module: Dropout
dropout设置为训练模式
    Module: Dropout
dropout设置为训练模式
  Module: ReLU
test_loss: 0.0912
epoch 211
train_loss: 0.1101
Module: DropoutFullyConnectedNN
  Module: ModuleList
    Module: Linear
    Module: Linear
    Module: Linear
  Module: ModuleList
    Module: Dropout
dropout设置为训练模式
    Module: Dropout
dropout设置为训练模式
    Module: Dropout
dropout设置为训练模式
  Module: ReLU
test_loss: 0.0913
epoch 212
train_loss: 0.1093
Module: DropoutFullyConnectedNN
  Module: ModuleList
    Module: Linear
    Module: Linear
    Module: Linear
  Module: ModuleList
    Module: Dropout
dropout设置为训练模式
    Module: Dropout
dropout设置为训练模式
    Module: Dropout
dropout设置为训练模式
  Module: ReLU
test_loss: 0.0912
epoch 213
train_loss: 0.1119
Module: DropoutFullyConnectedNN
  Module: ModuleList
    Module: Linear
    Module: Linear
    Module: Linear
  Module: ModuleList
    Module: Dropout
dropout设置为训练模式
    Module: Dropout
dropout设置为训练模式
    Module: Dropout
dropout设置为训练模式
  Module: ReLU
test_loss: 0.0909
epoch 214
train_loss: 0.1108
Module: DropoutFullyConnectedNN
  Module: ModuleList
    Module: Linear
    Module: Linear
    Module: Linear
  Module: ModuleList
    Module: Dropout
dropout设置为训练模式
    Module: Dropout
dropout设置为训练模式
    Module: Dropout
dropout设置为训练模式
  Module: ReLU
test_loss: 0.0903
epoch 215
train_loss: 0.1072
Module: DropoutFullyConnectedNN
  Module: ModuleList
    Module: Linear
    Module: Linear
    Module: Linear
  Module: ModuleList
    Module: Dropout
dropout设置为训练模式
    Module: Dropout
dropout设置为训练模式
    Module: Dropout
dropout设置为训练模式
  Module: ReLU
test_loss: 0.0904
epoch 216
train_loss: 0.1082
Module: DropoutFullyConnectedNN
  Module: ModuleList
    Module: Linear
    Module: Linear
    Module: Linear
  Module: ModuleList
    Module: Dropout
dropout设置为训练模式
    Module: Dropout
dropout设置为训练模式
    Module: Dropout
dropout设置为训练模式
  Module: ReLU
test_loss: 0.0904
epoch 217
train_loss: 0.1073
Module: DropoutFullyConnectedNN
  Module: ModuleList
    Module: Linear
    Module: Linear
    Module: Linear
  Module: ModuleList
    Module: Dropout
dropout设置为训练模式
    Module: Dropout
dropout设置为训练模式
    Module: Dropout
dropout设置为训练模式
  Module: ReLU
test_loss: 0.0908
epoch 218
train_loss: 0.1055
Module: DropoutFullyConnectedNN
  Module: ModuleList
    Module: Linear
    Module: Linear
    Module: Linear
  Module: ModuleList
    Module: Dropout
dropout设置为训练模式
    Module: Dropout
dropout设置为训练模式
    Module: Dropout
dropout设置为训练模式
  Module: ReLU
test_loss: 0.0898
epoch 219
train_loss: 0.1097
Module: DropoutFullyConnectedNN
  Module: ModuleList
    Module: Linear
    Module: Linear
    Module: Linear
  Module: ModuleList
    Module: Dropout
dropout设置为训练模式
    Module: Dropout
dropout设置为训练模式
    Module: Dropout
dropout设置为训练模式
  Module: ReLU
test_loss: 0.0906
epoch 220
train_loss: 0.1076
Module: DropoutFullyConnectedNN
  Module: ModuleList
    Module: Linear
    Module: Linear
    Module: Linear
  Module: ModuleList
    Module: Dropout
dropout设置为训练模式
    Module: Dropout
dropout设置为训练模式
    Module: Dropout
dropout设置为训练模式
  Module: ReLU
test_loss: 0.0908
epoch 221
train_loss: 0.1059
Module: DropoutFullyConnectedNN
  Module: ModuleList
    Module: Linear
    Module: Linear
    Module: Linear
  Module: ModuleList
    Module: Dropout
dropout设置为训练模式
    Module: Dropout
dropout设置为训练模式
    Module: Dropout
dropout设置为训练模式
  Module: ReLU
test_loss: 0.0896
epoch 222
train_loss: 0.1084
Module: DropoutFullyConnectedNN
  Module: ModuleList
    Module: Linear
    Module: Linear
    Module: Linear
  Module: ModuleList
    Module: Dropout
dropout设置为训练模式
    Module: Dropout
dropout设置为训练模式
    Module: Dropout
dropout设置为训练模式
  Module: ReLU
test_loss: 0.0898
epoch 223
train_loss: 0.1056
Module: DropoutFullyConnectedNN
  Module: ModuleList
    Module: Linear
    Module: Linear
    Module: Linear
  Module: ModuleList
    Module: Dropout
dropout设置为训练模式
    Module: Dropout
dropout设置为训练模式
    Module: Dropout
dropout设置为训练模式
  Module: ReLU
test_loss: 0.0899
epoch 224
train_loss: 0.1055
Module: DropoutFullyConnectedNN
  Module: ModuleList
    Module: Linear
    Module: Linear
    Module: Linear
  Module: ModuleList
    Module: Dropout
dropout设置为训练模式
    Module: Dropout
dropout设置为训练模式
    Module: Dropout
dropout设置为训练模式
  Module: ReLU
test_loss: 0.0889
epoch 225
train_loss: 0.1042
Module: DropoutFullyConnectedNN
  Module: ModuleList
    Module: Linear
    Module: Linear
    Module: Linear
  Module: ModuleList
    Module: Dropout
dropout设置为训练模式
    Module: Dropout
dropout设置为训练模式
    Module: Dropout
dropout设置为训练模式
  Module: ReLU
test_loss: 0.0897
epoch 226
train_loss: 0.1078
Module: DropoutFullyConnectedNN
  Module: ModuleList
    Module: Linear
    Module: Linear
    Module: Linear
  Module: ModuleList
    Module: Dropout
dropout设置为训练模式
    Module: Dropout
dropout设置为训练模式
    Module: Dropout
dropout设置为训练模式
  Module: ReLU
test_loss: 0.0893
epoch 227
train_loss: 0.1054
Module: DropoutFullyConnectedNN
  Module: ModuleList
    Module: Linear
    Module: Linear
    Module: Linear
  Module: ModuleList
    Module: Dropout
dropout设置为训练模式
    Module: Dropout
dropout设置为训练模式
    Module: Dropout
dropout设置为训练模式
  Module: ReLU
test_loss: 0.0895
epoch 228
train_loss: 0.1043
Module: DropoutFullyConnectedNN
  Module: ModuleList
    Module: Linear
    Module: Linear
    Module: Linear
  Module: ModuleList
    Module: Dropout
dropout设置为训练模式
    Module: Dropout
dropout设置为训练模式
    Module: Dropout
dropout设置为训练模式
  Module: ReLU
test_loss: 0.0890
epoch 229
train_loss: 0.1078
Module: DropoutFullyConnectedNN
  Module: ModuleList
    Module: Linear
    Module: Linear
    Module: Linear
  Module: ModuleList
    Module: Dropout
dropout设置为训练模式
    Module: Dropout
dropout设置为训练模式
    Module: Dropout
dropout设置为训练模式
  Module: ReLU
test_loss: 0.0894
epoch 230
train_loss: 0.1050
Module: DropoutFullyConnectedNN
  Module: ModuleList
    Module: Linear
    Module: Linear
    Module: Linear
  Module: ModuleList
    Module: Dropout
dropout设置为训练模式
    Module: Dropout
dropout设置为训练模式
    Module: Dropout
dropout设置为训练模式
  Module: ReLU
test_loss: 0.0885
epoch 231
train_loss: 0.1038
Module: DropoutFullyConnectedNN
  Module: ModuleList
    Module: Linear
    Module: Linear
    Module: Linear
  Module: ModuleList
    Module: Dropout
dropout设置为训练模式
    Module: Dropout
dropout设置为训练模式
    Module: Dropout
dropout设置为训练模式
  Module: ReLU
test_loss: 0.0889
epoch 232
train_loss: 0.1060
Module: DropoutFullyConnectedNN
  Module: ModuleList
    Module: Linear
    Module: Linear
    Module: Linear
  Module: ModuleList
    Module: Dropout
dropout设置为训练模式
    Module: Dropout
dropout设置为训练模式
    Module: Dropout
dropout设置为训练模式
  Module: ReLU
test_loss: 0.0885
epoch 233
train_loss: 0.1068
Module: DropoutFullyConnectedNN
  Module: ModuleList
    Module: Linear
    Module: Linear
    Module: Linear
  Module: ModuleList
    Module: Dropout
dropout设置为训练模式
    Module: Dropout
dropout设置为训练模式
    Module: Dropout
dropout设置为训练模式
  Module: ReLU
test_loss: 0.0885
epoch 234
train_loss: 0.1047
Module: DropoutFullyConnectedNN
  Module: ModuleList
    Module: Linear
    Module: Linear
    Module: Linear
  Module: ModuleList
    Module: Dropout
dropout设置为训练模式
    Module: Dropout
dropout设置为训练模式
    Module: Dropout
dropout设置为训练模式
  Module: ReLU
test_loss: 0.0886
epoch 235
train_loss: 0.1043
Module: DropoutFullyConnectedNN
  Module: ModuleList
    Module: Linear
    Module: Linear
    Module: Linear
  Module: ModuleList
    Module: Dropout
dropout设置为训练模式
    Module: Dropout
dropout设置为训练模式
    Module: Dropout
dropout设置为训练模式
  Module: ReLU
test_loss: 0.0880
epoch 236
train_loss: 0.1020
Module: DropoutFullyConnectedNN
  Module: ModuleList
    Module: Linear
    Module: Linear
    Module: Linear
  Module: ModuleList
    Module: Dropout
dropout设置为训练模式
    Module: Dropout
dropout设置为训练模式
    Module: Dropout
dropout设置为训练模式
  Module: ReLU
test_loss: 0.0882
epoch 237
train_loss: 0.1049
Module: DropoutFullyConnectedNN
  Module: ModuleList
    Module: Linear
    Module: Linear
    Module: Linear
  Module: ModuleList
    Module: Dropout
dropout设置为训练模式
    Module: Dropout
dropout设置为训练模式
    Module: Dropout
dropout设置为训练模式
  Module: ReLU
test_loss: 0.0882
epoch 238
train_loss: 0.1058
Module: DropoutFullyConnectedNN
  Module: ModuleList
    Module: Linear
    Module: Linear
    Module: Linear
  Module: ModuleList
    Module: Dropout
dropout设置为训练模式
    Module: Dropout
dropout设置为训练模式
    Module: Dropout
dropout设置为训练模式
  Module: ReLU
test_loss: 0.0877
epoch 239
train_loss: 0.1067
Module: DropoutFullyConnectedNN
  Module: ModuleList
    Module: Linear
    Module: Linear
    Module: Linear
  Module: ModuleList
    Module: Dropout
dropout设置为训练模式
    Module: Dropout
dropout设置为训练模式
    Module: Dropout
dropout设置为训练模式
  Module: ReLU
test_loss: 0.0878
epoch 240
train_loss: 0.1056
Module: DropoutFullyConnectedNN
  Module: ModuleList
    Module: Linear
    Module: Linear
    Module: Linear
  Module: ModuleList
    Module: Dropout
dropout设置为训练模式
    Module: Dropout
dropout设置为训练模式
    Module: Dropout
dropout设置为训练模式
  Module: ReLU
test_loss: 0.0872
epoch 241
train_loss: 0.1041
Module: DropoutFullyConnectedNN
  Module: ModuleList
    Module: Linear
    Module: Linear
    Module: Linear
  Module: ModuleList
    Module: Dropout
dropout设置为训练模式
    Module: Dropout
dropout设置为训练模式
    Module: Dropout
dropout设置为训练模式
  Module: ReLU
test_loss: 0.0876
epoch 242
train_loss: 0.1047
Module: DropoutFullyConnectedNN
  Module: ModuleList
    Module: Linear
    Module: Linear
    Module: Linear
  Module: ModuleList
    Module: Dropout
dropout设置为训练模式
    Module: Dropout
dropout设置为训练模式
    Module: Dropout
dropout设置为训练模式
  Module: ReLU
test_loss: 0.0874
epoch 243
train_loss: 0.1012
Module: DropoutFullyConnectedNN
  Module: ModuleList
    Module: Linear
    Module: Linear
    Module: Linear
  Module: ModuleList
    Module: Dropout
dropout设置为训练模式
    Module: Dropout
dropout设置为训练模式
    Module: Dropout
dropout设置为训练模式
  Module: ReLU
test_loss: 0.0883
epoch 244
train_loss: 0.1013
Module: DropoutFullyConnectedNN
  Module: ModuleList
    Module: Linear
    Module: Linear
    Module: Linear
  Module: ModuleList
    Module: Dropout
dropout设置为训练模式
    Module: Dropout
dropout设置为训练模式
    Module: Dropout
dropout设置为训练模式
  Module: ReLU
test_loss: 0.0873
epoch 245
train_loss: 0.1043
Module: DropoutFullyConnectedNN
  Module: ModuleList
    Module: Linear
    Module: Linear
    Module: Linear
  Module: ModuleList
    Module: Dropout
dropout设置为训练模式
    Module: Dropout
dropout设置为训练模式
    Module: Dropout
dropout设置为训练模式
  Module: ReLU
test_loss: 0.0868
epoch 246
train_loss: 0.1010
Module: DropoutFullyConnectedNN
  Module: ModuleList
    Module: Linear
    Module: Linear
    Module: Linear
  Module: ModuleList
    Module: Dropout
dropout设置为训练模式
    Module: Dropout
dropout设置为训练模式
    Module: Dropout
dropout设置为训练模式
  Module: ReLU
test_loss: 0.0868
epoch 247
train_loss: 0.1050
Module: DropoutFullyConnectedNN
  Module: ModuleList
    Module: Linear
    Module: Linear
    Module: Linear
  Module: ModuleList
    Module: Dropout
dropout设置为训练模式
    Module: Dropout
dropout设置为训练模式
    Module: Dropout
dropout设置为训练模式
  Module: ReLU
test_loss: 0.0872
epoch 248
train_loss: 0.1034
Module: DropoutFullyConnectedNN
  Module: ModuleList
    Module: Linear
    Module: Linear
    Module: Linear
  Module: ModuleList
    Module: Dropout
dropout设置为训练模式
    Module: Dropout
dropout设置为训练模式
    Module: Dropout
dropout设置为训练模式
  Module: ReLU
test_loss: 0.0867
epoch 249
train_loss: 0.1016
Module: DropoutFullyConnectedNN
  Module: ModuleList
    Module: Linear
    Module: Linear
    Module: Linear
  Module: ModuleList
    Module: Dropout
dropout设置为训练模式
    Module: Dropout
dropout设置为训练模式
    Module: Dropout
dropout设置为训练模式
  Module: ReLU
test_loss: 0.0864
epoch 250
train_loss: 0.1025
Module: DropoutFullyConnectedNN
  Module: ModuleList
    Module: Linear
    Module: Linear
    Module: Linear
  Module: ModuleList
    Module: Dropout
dropout设置为训练模式
    Module: Dropout
dropout设置为训练模式
    Module: Dropout
dropout设置为训练模式
  Module: ReLU
test_loss: 0.0865
epoch 251
train_loss: 0.1023
Module: DropoutFullyConnectedNN
  Module: ModuleList
    Module: Linear
    Module: Linear
    Module: Linear
  Module: ModuleList
    Module: Dropout
dropout设置为训练模式
    Module: Dropout
dropout设置为训练模式
    Module: Dropout
dropout设置为训练模式
  Module: ReLU
test_loss: 0.0868
epoch 252
train_loss: 0.1025
Module: DropoutFullyConnectedNN
  Module: ModuleList
    Module: Linear
    Module: Linear
    Module: Linear
  Module: ModuleList
    Module: Dropout
dropout设置为训练模式
    Module: Dropout
dropout设置为训练模式
    Module: Dropout
dropout设置为训练模式
  Module: ReLU
test_loss: 0.0868
epoch 253
train_loss: 0.1030
Module: DropoutFullyConnectedNN
  Module: ModuleList
    Module: Linear
    Module: Linear
    Module: Linear
  Module: ModuleList
    Module: Dropout
dropout设置为训练模式
    Module: Dropout
dropout设置为训练模式
    Module: Dropout
dropout设置为训练模式
  Module: ReLU
test_loss: 0.0856
epoch 254
train_loss: 0.1021
Module: DropoutFullyConnectedNN
  Module: ModuleList
    Module: Linear
    Module: Linear
    Module: Linear
  Module: ModuleList
    Module: Dropout
dropout设置为训练模式
    Module: Dropout
dropout设置为训练模式
    Module: Dropout
dropout设置为训练模式
  Module: ReLU
test_loss: 0.0862
epoch 255
train_loss: 0.1023
Module: DropoutFullyConnectedNN
  Module: ModuleList
    Module: Linear
    Module: Linear
    Module: Linear
  Module: ModuleList
    Module: Dropout
dropout设置为训练模式
    Module: Dropout
dropout设置为训练模式
    Module: Dropout
dropout设置为训练模式
  Module: ReLU
test_loss: 0.0861
epoch 256
train_loss: 0.1018
Module: DropoutFullyConnectedNN
  Module: ModuleList
    Module: Linear
    Module: Linear
    Module: Linear
  Module: ModuleList
    Module: Dropout
dropout设置为训练模式
    Module: Dropout
dropout设置为训练模式
    Module: Dropout
dropout设置为训练模式
  Module: ReLU
test_loss: 0.0855
epoch 257
train_loss: 0.1001
Module: DropoutFullyConnectedNN
  Module: ModuleList
    Module: Linear
    Module: Linear
    Module: Linear
  Module: ModuleList
    Module: Dropout
dropout设置为训练模式
    Module: Dropout
dropout设置为训练模式
    Module: Dropout
dropout设置为训练模式
  Module: ReLU
test_loss: 0.0855
epoch 258
train_loss: 0.0984
Module: DropoutFullyConnectedNN
  Module: ModuleList
    Module: Linear
    Module: Linear
    Module: Linear
  Module: ModuleList
    Module: Dropout
dropout设置为训练模式
    Module: Dropout
dropout设置为训练模式
    Module: Dropout
dropout设置为训练模式
  Module: ReLU
test_loss: 0.0850
epoch 259
train_loss: 0.1033
Module: DropoutFullyConnectedNN
  Module: ModuleList
    Module: Linear
    Module: Linear
    Module: Linear
  Module: ModuleList
    Module: Dropout
dropout设置为训练模式
    Module: Dropout
dropout设置为训练模式
    Module: Dropout
dropout设置为训练模式
  Module: ReLU
test_loss: 0.0854
epoch 260
train_loss: 0.1016
Module: DropoutFullyConnectedNN
  Module: ModuleList
    Module: Linear
    Module: Linear
    Module: Linear
  Module: ModuleList
    Module: Dropout
dropout设置为训练模式
    Module: Dropout
dropout设置为训练模式
    Module: Dropout
dropout设置为训练模式
  Module: ReLU
test_loss: 0.0850
epoch 261
train_loss: 0.1038
Module: DropoutFullyConnectedNN
  Module: ModuleList
    Module: Linear
    Module: Linear
    Module: Linear
  Module: ModuleList
    Module: Dropout
dropout设置为训练模式
    Module: Dropout
dropout设置为训练模式
    Module: Dropout
dropout设置为训练模式
  Module: ReLU
test_loss: 0.0853
epoch 262
train_loss: 0.0984
Module: DropoutFullyConnectedNN
  Module: ModuleList
    Module: Linear
    Module: Linear
    Module: Linear
  Module: ModuleList
    Module: Dropout
dropout设置为训练模式
    Module: Dropout
dropout设置为训练模式
    Module: Dropout
dropout设置为训练模式
  Module: ReLU
test_loss: 0.0848
epoch 263
train_loss: 0.1016
Module: DropoutFullyConnectedNN
  Module: ModuleList
    Module: Linear
    Module: Linear
    Module: Linear
  Module: ModuleList
    Module: Dropout
dropout设置为训练模式
    Module: Dropout
dropout设置为训练模式
    Module: Dropout
dropout设置为训练模式
  Module: ReLU
test_loss: 0.0842
epoch 264
train_loss: 0.1000
Module: DropoutFullyConnectedNN
  Module: ModuleList
    Module: Linear
    Module: Linear
    Module: Linear
  Module: ModuleList
    Module: Dropout
dropout设置为训练模式
    Module: Dropout
dropout设置为训练模式
    Module: Dropout
dropout设置为训练模式
  Module: ReLU
test_loss: 0.0845
epoch 265
train_loss: 0.0996
Module: DropoutFullyConnectedNN
  Module: ModuleList
    Module: Linear
    Module: Linear
    Module: Linear
  Module: ModuleList
    Module: Dropout
dropout设置为训练模式
    Module: Dropout
dropout设置为训练模式
    Module: Dropout
dropout设置为训练模式
  Module: ReLU
test_loss: 0.0848
epoch 266
train_loss: 0.1000
Module: DropoutFullyConnectedNN
  Module: ModuleList
    Module: Linear
    Module: Linear
    Module: Linear
  Module: ModuleList
    Module: Dropout
dropout设置为训练模式
    Module: Dropout
dropout设置为训练模式
    Module: Dropout
dropout设置为训练模式
  Module: ReLU
test_loss: 0.0849
epoch 267
train_loss: 0.1010
Module: DropoutFullyConnectedNN
  Module: ModuleList
    Module: Linear
    Module: Linear
    Module: Linear
  Module: ModuleList
    Module: Dropout
dropout设置为训练模式
    Module: Dropout
dropout设置为训练模式
    Module: Dropout
dropout设置为训练模式
  Module: ReLU
test_loss: 0.0851
epoch 268
train_loss: 0.1005
Module: DropoutFullyConnectedNN
  Module: ModuleList
    Module: Linear
    Module: Linear
    Module: Linear
  Module: ModuleList
    Module: Dropout
dropout设置为训练模式
    Module: Dropout
dropout设置为训练模式
    Module: Dropout
dropout设置为训练模式
  Module: ReLU
test_loss: 0.0842
epoch 269
train_loss: 0.1004
Module: DropoutFullyConnectedNN
  Module: ModuleList
    Module: Linear
    Module: Linear
    Module: Linear
  Module: ModuleList
    Module: Dropout
dropout设置为训练模式
    Module: Dropout
dropout设置为训练模式
    Module: Dropout
dropout设置为训练模式
  Module: ReLU
test_loss: 0.0847
epoch 270
train_loss: 0.0977
Module: DropoutFullyConnectedNN
  Module: ModuleList
    Module: Linear
    Module: Linear
    Module: Linear
  Module: ModuleList
    Module: Dropout
dropout设置为训练模式
    Module: Dropout
dropout设置为训练模式
    Module: Dropout
dropout设置为训练模式
  Module: ReLU
test_loss: 0.0840
epoch 271
train_loss: 0.1030
Module: DropoutFullyConnectedNN
  Module: ModuleList
    Module: Linear
    Module: Linear
    Module: Linear
  Module: ModuleList
    Module: Dropout
dropout设置为训练模式
    Module: Dropout
dropout设置为训练模式
    Module: Dropout
dropout设置为训练模式
  Module: ReLU
test_loss: 0.0841
epoch 272
train_loss: 0.0995
Module: DropoutFullyConnectedNN
  Module: ModuleList
    Module: Linear
    Module: Linear
    Module: Linear
  Module: ModuleList
    Module: Dropout
dropout设置为训练模式
    Module: Dropout
dropout设置为训练模式
    Module: Dropout
dropout设置为训练模式
  Module: ReLU
test_loss: 0.0840
epoch 273
train_loss: 0.0986
Module: DropoutFullyConnectedNN
  Module: ModuleList
    Module: Linear
    Module: Linear
    Module: Linear
  Module: ModuleList
    Module: Dropout
dropout设置为训练模式
    Module: Dropout
dropout设置为训练模式
    Module: Dropout
dropout设置为训练模式
  Module: ReLU
test_loss: 0.0844
epoch 274
train_loss: 0.1016
Module: DropoutFullyConnectedNN
  Module: ModuleList
    Module: Linear
    Module: Linear
    Module: Linear
  Module: ModuleList
    Module: Dropout
dropout设置为训练模式
    Module: Dropout
dropout设置为训练模式
    Module: Dropout
dropout设置为训练模式
  Module: ReLU
test_loss: 0.0838
epoch 275
train_loss: 0.0993
Module: DropoutFullyConnectedNN
  Module: ModuleList
    Module: Linear
    Module: Linear
    Module: Linear
  Module: ModuleList
    Module: Dropout
dropout设置为训练模式
    Module: Dropout
dropout设置为训练模式
    Module: Dropout
dropout设置为训练模式
  Module: ReLU
test_loss: 0.0841
epoch 276
train_loss: 0.1008
Module: DropoutFullyConnectedNN
  Module: ModuleList
    Module: Linear
    Module: Linear
    Module: Linear
  Module: ModuleList
    Module: Dropout
dropout设置为训练模式
    Module: Dropout
dropout设置为训练模式
    Module: Dropout
dropout设置为训练模式
  Module: ReLU
test_loss: 0.0840
epoch 277
train_loss: 0.1041
Module: DropoutFullyConnectedNN
  Module: ModuleList
    Module: Linear
    Module: Linear
    Module: Linear
  Module: ModuleList
    Module: Dropout
dropout设置为训练模式
    Module: Dropout
dropout设置为训练模式
    Module: Dropout
dropout设置为训练模式
  Module: ReLU
test_loss: 0.0840
epoch 278
train_loss: 0.0977
Module: DropoutFullyConnectedNN
  Module: ModuleList
    Module: Linear
    Module: Linear
    Module: Linear
  Module: ModuleList
    Module: Dropout
dropout设置为训练模式
    Module: Dropout
dropout设置为训练模式
    Module: Dropout
dropout设置为训练模式
  Module: ReLU
test_loss: 0.0836
epoch 279
train_loss: 0.0996
Module: DropoutFullyConnectedNN
  Module: ModuleList
    Module: Linear
    Module: Linear
    Module: Linear
  Module: ModuleList
    Module: Dropout
dropout设置为训练模式
    Module: Dropout
dropout设置为训练模式
    Module: Dropout
dropout设置为训练模式
  Module: ReLU
test_loss: 0.0827
epoch 280
train_loss: 0.0985
Module: DropoutFullyConnectedNN
  Module: ModuleList
    Module: Linear
    Module: Linear
    Module: Linear
  Module: ModuleList
    Module: Dropout
dropout设置为训练模式
    Module: Dropout
dropout设置为训练模式
    Module: Dropout
dropout设置为训练模式
  Module: ReLU
test_loss: 0.0830
epoch 281
train_loss: 0.0990
Module: DropoutFullyConnectedNN
  Module: ModuleList
    Module: Linear
    Module: Linear
    Module: Linear
  Module: ModuleList
    Module: Dropout
dropout设置为训练模式
    Module: Dropout
dropout设置为训练模式
    Module: Dropout
dropout设置为训练模式
  Module: ReLU
test_loss: 0.0836
epoch 282
train_loss: 0.0999
Module: DropoutFullyConnectedNN
  Module: ModuleList
    Module: Linear
    Module: Linear
    Module: Linear
  Module: ModuleList
    Module: Dropout
dropout设置为训练模式
    Module: Dropout
dropout设置为训练模式
    Module: Dropout
dropout设置为训练模式
  Module: ReLU
test_loss: 0.0836
epoch 283
train_loss: 0.0981
Module: DropoutFullyConnectedNN
  Module: ModuleList
    Module: Linear
    Module: Linear
    Module: Linear
  Module: ModuleList
    Module: Dropout
dropout设置为训练模式
    Module: Dropout
dropout设置为训练模式
    Module: Dropout
dropout设置为训练模式
  Module: ReLU
test_loss: 0.0829
epoch 284
train_loss: 0.0981
Module: DropoutFullyConnectedNN
  Module: ModuleList
    Module: Linear
    Module: Linear
    Module: Linear
  Module: ModuleList
    Module: Dropout
dropout设置为训练模式
    Module: Dropout
dropout设置为训练模式
    Module: Dropout
dropout设置为训练模式
  Module: ReLU
test_loss: 0.0829
epoch 285
train_loss: 0.0986
Module: DropoutFullyConnectedNN
  Module: ModuleList
    Module: Linear
    Module: Linear
    Module: Linear
  Module: ModuleList
    Module: Dropout
dropout设置为训练模式
    Module: Dropout
dropout设置为训练模式
    Module: Dropout
dropout设置为训练模式
  Module: ReLU
test_loss: 0.0832
epoch 286
train_loss: 0.0959
Module: DropoutFullyConnectedNN
  Module: ModuleList
    Module: Linear
    Module: Linear
    Module: Linear
  Module: ModuleList
    Module: Dropout
dropout设置为训练模式
    Module: Dropout
dropout设置为训练模式
    Module: Dropout
dropout设置为训练模式
  Module: ReLU
test_loss: 0.0831
epoch 287
train_loss: 0.0977
Module: DropoutFullyConnectedNN
  Module: ModuleList
    Module: Linear
    Module: Linear
    Module: Linear
  Module: ModuleList
    Module: Dropout
dropout设置为训练模式
    Module: Dropout
dropout设置为训练模式
    Module: Dropout
dropout设置为训练模式
  Module: ReLU
test_loss: 0.0828
epoch 288
train_loss: 0.0975
Module: DropoutFullyConnectedNN
  Module: ModuleList
    Module: Linear
    Module: Linear
    Module: Linear
  Module: ModuleList
    Module: Dropout
dropout设置为训练模式
    Module: Dropout
dropout设置为训练模式
    Module: Dropout
dropout设置为训练模式
  Module: ReLU
test_loss: 0.0824
epoch 289
train_loss: 0.0979
Module: DropoutFullyConnectedNN
  Module: ModuleList
    Module: Linear
    Module: Linear
    Module: Linear
  Module: ModuleList
    Module: Dropout
dropout设置为训练模式
    Module: Dropout
dropout设置为训练模式
    Module: Dropout
dropout设置为训练模式
  Module: ReLU
test_loss: 0.0826
epoch 290
train_loss: 0.0994
Module: DropoutFullyConnectedNN
  Module: ModuleList
    Module: Linear
    Module: Linear
    Module: Linear
  Module: ModuleList
    Module: Dropout
dropout设置为训练模式
    Module: Dropout
dropout设置为训练模式
    Module: Dropout
dropout设置为训练模式
  Module: ReLU
test_loss: 0.0827
epoch 291
train_loss: 0.0952
Module: DropoutFullyConnectedNN
  Module: ModuleList
    Module: Linear
    Module: Linear
    Module: Linear
  Module: ModuleList
    Module: Dropout
dropout设置为训练模式
    Module: Dropout
dropout设置为训练模式
    Module: Dropout
dropout设置为训练模式
  Module: ReLU
test_loss: 0.0825
epoch 292
train_loss: 0.0988
Module: DropoutFullyConnectedNN
  Module: ModuleList
    Module: Linear
    Module: Linear
    Module: Linear
  Module: ModuleList
    Module: Dropout
dropout设置为训练模式
    Module: Dropout
dropout设置为训练模式
    Module: Dropout
dropout设置为训练模式
  Module: ReLU
test_loss: 0.0825
epoch 293
train_loss: 0.0960
Module: DropoutFullyConnectedNN
  Module: ModuleList
    Module: Linear
    Module: Linear
    Module: Linear
  Module: ModuleList
    Module: Dropout
dropout设置为训练模式
    Module: Dropout
dropout设置为训练模式
    Module: Dropout
dropout设置为训练模式
  Module: ReLU
test_loss: 0.0817
epoch 294
train_loss: 0.0973
Module: DropoutFullyConnectedNN
  Module: ModuleList
    Module: Linear
    Module: Linear
    Module: Linear
  Module: ModuleList
    Module: Dropout
dropout设置为训练模式
    Module: Dropout
dropout设置为训练模式
    Module: Dropout
dropout设置为训练模式
  Module: ReLU
test_loss: 0.0822
epoch 295
train_loss: 0.0971
Module: DropoutFullyConnectedNN
  Module: ModuleList
    Module: Linear
    Module: Linear
    Module: Linear
  Module: ModuleList
    Module: Dropout
dropout设置为训练模式
    Module: Dropout
dropout设置为训练模式
    Module: Dropout
dropout设置为训练模式
  Module: ReLU
test_loss: 0.0823
epoch 296
train_loss: 0.0964
Module: DropoutFullyConnectedNN
  Module: ModuleList
    Module: Linear
    Module: Linear
    Module: Linear
  Module: ModuleList
    Module: Dropout
dropout设置为训练模式
    Module: Dropout
dropout设置为训练模式
    Module: Dropout
dropout设置为训练模式
  Module: ReLU
test_loss: 0.0824
epoch 297
train_loss: 0.0970
Module: DropoutFullyConnectedNN
  Module: ModuleList
    Module: Linear
    Module: Linear
    Module: Linear
  Module: ModuleList
    Module: Dropout
dropout设置为训练模式
    Module: Dropout
dropout设置为训练模式
    Module: Dropout
dropout设置为训练模式
  Module: ReLU
test_loss: 0.0822
epoch 298
train_loss: 0.1003
Module: DropoutFullyConnectedNN
  Module: ModuleList
    Module: Linear
    Module: Linear
    Module: Linear
  Module: ModuleList
    Module: Dropout
dropout设置为训练模式
    Module: Dropout
dropout设置为训练模式
    Module: Dropout
dropout设置为训练模式
  Module: ReLU
test_loss: 0.0825
epoch 299
train_loss: 0.0986
Module: DropoutFullyConnectedNN
  Module: ModuleList
    Module: Linear
    Module: Linear
    Module: Linear
  Module: ModuleList
    Module: Dropout
dropout设置为训练模式
    Module: Dropout
dropout设置为训练模式
    Module: Dropout
dropout设置为训练模式
  Module: ReLU
test_loss: 0.0820
epoch 300
train_loss: 0.0960
Module: DropoutFullyConnectedNN
  Module: ModuleList
    Module: Linear
    Module: Linear
    Module: Linear
  Module: ModuleList
    Module: Dropout
dropout设置为训练模式
    Module: Dropout
dropout设置为训练模式
    Module: Dropout
dropout设置为训练模式
  Module: ReLU
test_loss: 0.0821
epoch 301
train_loss: 0.0986
Module: DropoutFullyConnectedNN
  Module: ModuleList
    Module: Linear
    Module: Linear
    Module: Linear
  Module: ModuleList
    Module: Dropout
dropout设置为训练模式
    Module: Dropout
dropout设置为训练模式
    Module: Dropout
dropout设置为训练模式
  Module: ReLU
test_loss: 0.0819
epoch 302
train_loss: 0.0973
Module: DropoutFullyConnectedNN
  Module: ModuleList
    Module: Linear
    Module: Linear
    Module: Linear
  Module: ModuleList
    Module: Dropout
dropout设置为训练模式
    Module: Dropout
dropout设置为训练模式
    Module: Dropout
dropout设置为训练模式
  Module: ReLU
test_loss: 0.0818
epoch 303
train_loss: 0.0968
Module: DropoutFullyConnectedNN
  Module: ModuleList
    Module: Linear
    Module: Linear
    Module: Linear
  Module: ModuleList
    Module: Dropout
dropout设置为训练模式
    Module: Dropout
dropout设置为训练模式
    Module: Dropout
dropout设置为训练模式
  Module: ReLU
test_loss: 0.0815
epoch 304
train_loss: 0.0960
Module: DropoutFullyConnectedNN
  Module: ModuleList
    Module: Linear
    Module: Linear
    Module: Linear
  Module: ModuleList
    Module: Dropout
dropout设置为训练模式
    Module: Dropout
dropout设置为训练模式
    Module: Dropout
dropout设置为训练模式
  Module: ReLU
test_loss: 0.0816
epoch 305
train_loss: 0.0968
Module: DropoutFullyConnectedNN
  Module: ModuleList
    Module: Linear
    Module: Linear
    Module: Linear
  Module: ModuleList
    Module: Dropout
dropout设置为训练模式
    Module: Dropout
dropout设置为训练模式
    Module: Dropout
dropout设置为训练模式
  Module: ReLU
test_loss: 0.0809
epoch 306
train_loss: 0.0987
Module: DropoutFullyConnectedNN
  Module: ModuleList
    Module: Linear
    Module: Linear
    Module: Linear
  Module: ModuleList
    Module: Dropout
dropout设置为训练模式
    Module: Dropout
dropout设置为训练模式
    Module: Dropout
dropout设置为训练模式
  Module: ReLU
test_loss: 0.0819
epoch 307
train_loss: 0.0952
Module: DropoutFullyConnectedNN
  Module: ModuleList
    Module: Linear
    Module: Linear
    Module: Linear
  Module: ModuleList
    Module: Dropout
dropout设置为训练模式
    Module: Dropout
dropout设置为训练模式
    Module: Dropout
dropout设置为训练模式
  Module: ReLU
test_loss: 0.0818
epoch 308
train_loss: 0.0950
Module: DropoutFullyConnectedNN
  Module: ModuleList
    Module: Linear
    Module: Linear
    Module: Linear
  Module: ModuleList
    Module: Dropout
dropout设置为训练模式
    Module: Dropout
dropout设置为训练模式
    Module: Dropout
dropout设置为训练模式
  Module: ReLU
test_loss: 0.0816
epoch 309
train_loss: 0.0961
Module: DropoutFullyConnectedNN
  Module: ModuleList
    Module: Linear
    Module: Linear
    Module: Linear
  Module: ModuleList
    Module: Dropout
dropout设置为训练模式
    Module: Dropout
dropout设置为训练模式
    Module: Dropout
dropout设置为训练模式
  Module: ReLU
test_loss: 0.0824
epoch 310
train_loss: 0.0959
Module: DropoutFullyConnectedNN
  Module: ModuleList
    Module: Linear
    Module: Linear
    Module: Linear
  Module: ModuleList
    Module: Dropout
dropout设置为训练模式
    Module: Dropout
dropout设置为训练模式
    Module: Dropout
dropout设置为训练模式
  Module: ReLU
test_loss: 0.0822
epoch 311
train_loss: 0.0954
Module: DropoutFullyConnectedNN
  Module: ModuleList
    Module: Linear
    Module: Linear
    Module: Linear
  Module: ModuleList
    Module: Dropout
dropout设置为训练模式
    Module: Dropout
dropout设置为训练模式
    Module: Dropout
dropout设置为训练模式
  Module: ReLU
test_loss: 0.0808
epoch 312
train_loss: 0.0949
Module: DropoutFullyConnectedNN
  Module: ModuleList
    Module: Linear
    Module: Linear
    Module: Linear
  Module: ModuleList
    Module: Dropout
dropout设置为训练模式
    Module: Dropout
dropout设置为训练模式
    Module: Dropout
dropout设置为训练模式
  Module: ReLU
test_loss: 0.0811
epoch 313
train_loss: 0.0951
Module: DropoutFullyConnectedNN
  Module: ModuleList
    Module: Linear
    Module: Linear
    Module: Linear
  Module: ModuleList
    Module: Dropout
dropout设置为训练模式
    Module: Dropout
dropout设置为训练模式
    Module: Dropout
dropout设置为训练模式
  Module: ReLU
test_loss: 0.0812
epoch 314
train_loss: 0.0963
Module: DropoutFullyConnectedNN
  Module: ModuleList
    Module: Linear
    Module: Linear
    Module: Linear
  Module: ModuleList
    Module: Dropout
dropout设置为训练模式
    Module: Dropout
dropout设置为训练模式
    Module: Dropout
dropout设置为训练模式
  Module: ReLU
test_loss: 0.0813
epoch 315
train_loss: 0.0936
Module: DropoutFullyConnectedNN
  Module: ModuleList
    Module: Linear
    Module: Linear
    Module: Linear
  Module: ModuleList
    Module: Dropout
dropout设置为训练模式
    Module: Dropout
dropout设置为训练模式
    Module: Dropout
dropout设置为训练模式
  Module: ReLU
test_loss: 0.0815
epoch 316
train_loss: 0.0945
Module: DropoutFullyConnectedNN
  Module: ModuleList
    Module: Linear
    Module: Linear
    Module: Linear
  Module: ModuleList
    Module: Dropout
dropout设置为训练模式
    Module: Dropout
dropout设置为训练模式
    Module: Dropout
dropout设置为训练模式
  Module: ReLU
test_loss: 0.0812
epoch 317
train_loss: 0.0959
Module: DropoutFullyConnectedNN
  Module: ModuleList
    Module: Linear
    Module: Linear
    Module: Linear
  Module: ModuleList
    Module: Dropout
dropout设置为训练模式
    Module: Dropout
dropout设置为训练模式
    Module: Dropout
dropout设置为训练模式
  Module: ReLU
test_loss: 0.0810
epoch 318
train_loss: 0.0940
Module: DropoutFullyConnectedNN
  Module: ModuleList
    Module: Linear
    Module: Linear
    Module: Linear
  Module: ModuleList
    Module: Dropout
dropout设置为训练模式
    Module: Dropout
dropout设置为训练模式
    Module: Dropout
dropout设置为训练模式
  Module: ReLU
test_loss: 0.0803
epoch 319
train_loss: 0.0946
Module: DropoutFullyConnectedNN
  Module: ModuleList
    Module: Linear
    Module: Linear
    Module: Linear
  Module: ModuleList
    Module: Dropout
dropout设置为训练模式
    Module: Dropout
dropout设置为训练模式
    Module: Dropout
dropout设置为训练模式
  Module: ReLU
test_loss: 0.0809
epoch 320
train_loss: 0.0970
Module: DropoutFullyConnectedNN
  Module: ModuleList
    Module: Linear
    Module: Linear
    Module: Linear
  Module: ModuleList
    Module: Dropout
dropout设置为训练模式
    Module: Dropout
dropout设置为训练模式
    Module: Dropout
dropout设置为训练模式
  Module: ReLU
test_loss: 0.0811
epoch 321
train_loss: 0.0940
Module: DropoutFullyConnectedNN
  Module: ModuleList
    Module: Linear
    Module: Linear
    Module: Linear
  Module: ModuleList
    Module: Dropout
dropout设置为训练模式
    Module: Dropout
dropout设置为训练模式
    Module: Dropout
dropout设置为训练模式
  Module: ReLU
test_loss: 0.0808
epoch 322
train_loss: 0.0928
Module: DropoutFullyConnectedNN
  Module: ModuleList
    Module: Linear
    Module: Linear
    Module: Linear
  Module: ModuleList
    Module: Dropout
dropout设置为训练模式
    Module: Dropout
dropout设置为训练模式
    Module: Dropout
dropout设置为训练模式
  Module: ReLU
test_loss: 0.0806
epoch 323
train_loss: 0.0956
Module: DropoutFullyConnectedNN
  Module: ModuleList
    Module: Linear
    Module: Linear
    Module: Linear
  Module: ModuleList
    Module: Dropout
dropout设置为训练模式
    Module: Dropout
dropout设置为训练模式
    Module: Dropout
dropout设置为训练模式
  Module: ReLU
test_loss: 0.0809
epoch 324
train_loss: 0.0953
Module: DropoutFullyConnectedNN
  Module: ModuleList
    Module: Linear
    Module: Linear
    Module: Linear
  Module: ModuleList
    Module: Dropout
dropout设置为训练模式
    Module: Dropout
dropout设置为训练模式
    Module: Dropout
dropout设置为训练模式
  Module: ReLU
test_loss: 0.0806
epoch 325
train_loss: 0.0959
Module: DropoutFullyConnectedNN
  Module: ModuleList
    Module: Linear
    Module: Linear
    Module: Linear
  Module: ModuleList
    Module: Dropout
dropout设置为训练模式
    Module: Dropout
dropout设置为训练模式
    Module: Dropout
dropout设置为训练模式
  Module: ReLU
test_loss: 0.0805
epoch 326
train_loss: 0.0916
Module: DropoutFullyConnectedNN
  Module: ModuleList
    Module: Linear
    Module: Linear
    Module: Linear
  Module: ModuleList
    Module: Dropout
dropout设置为训练模式
    Module: Dropout
dropout设置为训练模式
    Module: Dropout
dropout设置为训练模式
  Module: ReLU
test_loss: 0.0800
epoch 327
train_loss: 0.0947
Module: DropoutFullyConnectedNN
  Module: ModuleList
    Module: Linear
    Module: Linear
    Module: Linear
  Module: ModuleList
    Module: Dropout
dropout设置为训练模式
    Module: Dropout
dropout设置为训练模式
    Module: Dropout
dropout设置为训练模式
  Module: ReLU
test_loss: 0.0809
epoch 328
train_loss: 0.0941
Module: DropoutFullyConnectedNN
  Module: ModuleList
    Module: Linear
    Module: Linear
    Module: Linear
  Module: ModuleList
    Module: Dropout
dropout设置为训练模式
    Module: Dropout
dropout设置为训练模式
    Module: Dropout
dropout设置为训练模式
  Module: ReLU
test_loss: 0.0803
epoch 329
train_loss: 0.0957
Module: DropoutFullyConnectedNN
  Module: ModuleList
    Module: Linear
    Module: Linear
    Module: Linear
  Module: ModuleList
    Module: Dropout
dropout设置为训练模式
    Module: Dropout
dropout设置为训练模式
    Module: Dropout
dropout设置为训练模式
  Module: ReLU
test_loss: 0.0806
epoch 330
train_loss: 0.0948
Module: DropoutFullyConnectedNN
  Module: ModuleList
    Module: Linear
    Module: Linear
    Module: Linear
  Module: ModuleList
    Module: Dropout
dropout设置为训练模式
    Module: Dropout
dropout设置为训练模式
    Module: Dropout
dropout设置为训练模式
  Module: ReLU
test_loss: 0.0811
epoch 331
train_loss: 0.0977
Module: DropoutFullyConnectedNN
  Module: ModuleList
    Module: Linear
    Module: Linear
    Module: Linear
  Module: ModuleList
    Module: Dropout
dropout设置为训练模式
    Module: Dropout
dropout设置为训练模式
    Module: Dropout
dropout设置为训练模式
  Module: ReLU
test_loss: 0.0801
epoch 332
train_loss: 0.0953
Module: DropoutFullyConnectedNN
  Module: ModuleList
    Module: Linear
    Module: Linear
    Module: Linear
  Module: ModuleList
    Module: Dropout
dropout设置为训练模式
    Module: Dropout
dropout设置为训练模式
    Module: Dropout
dropout设置为训练模式
  Module: ReLU
test_loss: 0.0797
epoch 333
train_loss: 0.0951
Module: DropoutFullyConnectedNN
  Module: ModuleList
    Module: Linear
    Module: Linear
    Module: Linear
  Module: ModuleList
    Module: Dropout
dropout设置为训练模式
    Module: Dropout
dropout设置为训练模式
    Module: Dropout
dropout设置为训练模式
  Module: ReLU
test_loss: 0.0801
epoch 334
train_loss: 0.0950
Module: DropoutFullyConnectedNN
  Module: ModuleList
    Module: Linear
    Module: Linear
    Module: Linear
  Module: ModuleList
    Module: Dropout
dropout设置为训练模式
    Module: Dropout
dropout设置为训练模式
    Module: Dropout
dropout设置为训练模式
  Module: ReLU
test_loss: 0.0804
epoch 335
train_loss: 0.0946
Module: DropoutFullyConnectedNN
  Module: ModuleList
    Module: Linear
    Module: Linear
    Module: Linear
  Module: ModuleList
    Module: Dropout
dropout设置为训练模式
    Module: Dropout
dropout设置为训练模式
    Module: Dropout
dropout设置为训练模式
  Module: ReLU
test_loss: 0.0805
epoch 336
train_loss: 0.0936
Module: DropoutFullyConnectedNN
  Module: ModuleList
    Module: Linear
    Module: Linear
    Module: Linear
  Module: ModuleList
    Module: Dropout
dropout设置为训练模式
    Module: Dropout
dropout设置为训练模式
    Module: Dropout
dropout设置为训练模式
  Module: ReLU
test_loss: 0.0803
epoch 337
train_loss: 0.0961
Module: DropoutFullyConnectedNN
  Module: ModuleList
    Module: Linear
    Module: Linear
    Module: Linear
  Module: ModuleList
    Module: Dropout
dropout设置为训练模式
    Module: Dropout
dropout设置为训练模式
    Module: Dropout
dropout设置为训练模式
  Module: ReLU
test_loss: 0.0801
epoch 338
train_loss: 0.0934
Module: DropoutFullyConnectedNN
  Module: ModuleList
    Module: Linear
    Module: Linear
    Module: Linear
  Module: ModuleList
    Module: Dropout
dropout设置为训练模式
    Module: Dropout
dropout设置为训练模式
    Module: Dropout
dropout设置为训练模式
  Module: ReLU
test_loss: 0.0795
epoch 339
train_loss: 0.0930
Module: DropoutFullyConnectedNN
  Module: ModuleList
    Module: Linear
    Module: Linear
    Module: Linear
  Module: ModuleList
    Module: Dropout
dropout设置为训练模式
    Module: Dropout
dropout设置为训练模式
    Module: Dropout
dropout设置为训练模式
  Module: ReLU
test_loss: 0.0805
epoch 340
train_loss: 0.0940
Module: DropoutFullyConnectedNN
  Module: ModuleList
    Module: Linear
    Module: Linear
    Module: Linear
  Module: ModuleList
    Module: Dropout
dropout设置为训练模式
    Module: Dropout
dropout设置为训练模式
    Module: Dropout
dropout设置为训练模式
  Module: ReLU
test_loss: 0.0795
epoch 341
train_loss: 0.0952
Module: DropoutFullyConnectedNN
  Module: ModuleList
    Module: Linear
    Module: Linear
    Module: Linear
  Module: ModuleList
    Module: Dropout
dropout设置为训练模式
    Module: Dropout
dropout设置为训练模式
    Module: Dropout
dropout设置为训练模式
  Module: ReLU
test_loss: 0.0801
epoch 342
train_loss: 0.0926
Module: DropoutFullyConnectedNN
  Module: ModuleList
    Module: Linear
    Module: Linear
    Module: Linear
  Module: ModuleList
    Module: Dropout
dropout设置为训练模式
    Module: Dropout
dropout设置为训练模式
    Module: Dropout
dropout设置为训练模式
  Module: ReLU
test_loss: 0.0795
epoch 343
train_loss: 0.0922
Module: DropoutFullyConnectedNN
  Module: ModuleList
    Module: Linear
    Module: Linear
    Module: Linear
  Module: ModuleList
    Module: Dropout
dropout设置为训练模式
    Module: Dropout
dropout设置为训练模式
    Module: Dropout
dropout设置为训练模式
  Module: ReLU
test_loss: 0.0789
epoch 344
train_loss: 0.0926
Module: DropoutFullyConnectedNN
  Module: ModuleList
    Module: Linear
    Module: Linear
    Module: Linear
  Module: ModuleList
    Module: Dropout
dropout设置为训练模式
    Module: Dropout
dropout设置为训练模式
    Module: Dropout
dropout设置为训练模式
  Module: ReLU
test_loss: 0.0793
epoch 345
train_loss: 0.0905
Module: DropoutFullyConnectedNN
  Module: ModuleList
    Module: Linear
    Module: Linear
    Module: Linear
  Module: ModuleList
    Module: Dropout
dropout设置为训练模式
    Module: Dropout
dropout设置为训练模式
    Module: Dropout
dropout设置为训练模式
  Module: ReLU
test_loss: 0.0791
epoch 346
train_loss: 0.0933
Module: DropoutFullyConnectedNN
  Module: ModuleList
    Module: Linear
    Module: Linear
    Module: Linear
  Module: ModuleList
    Module: Dropout
dropout设置为训练模式
    Module: Dropout
dropout设置为训练模式
    Module: Dropout
dropout设置为训练模式
  Module: ReLU
test_loss: 0.0793
epoch 347
train_loss: 0.0954
Module: DropoutFullyConnectedNN
  Module: ModuleList
    Module: Linear
    Module: Linear
    Module: Linear
  Module: ModuleList
    Module: Dropout
dropout设置为训练模式
    Module: Dropout
dropout设置为训练模式
    Module: Dropout
dropout设置为训练模式
  Module: ReLU
test_loss: 0.0793
epoch 348
train_loss: 0.0914
Module: DropoutFullyConnectedNN
  Module: ModuleList
    Module: Linear
    Module: Linear
    Module: Linear
  Module: ModuleList
    Module: Dropout
dropout设置为训练模式
    Module: Dropout
dropout设置为训练模式
    Module: Dropout
dropout设置为训练模式
  Module: ReLU
test_loss: 0.0791
epoch 349
train_loss: 0.0923
Module: DropoutFullyConnectedNN
  Module: ModuleList
    Module: Linear
    Module: Linear
    Module: Linear
  Module: ModuleList
    Module: Dropout
dropout设置为训练模式
    Module: Dropout
dropout设置为训练模式
    Module: Dropout
dropout设置为训练模式
  Module: ReLU
test_loss: 0.0789
epoch 350
train_loss: 0.0940
Module: DropoutFullyConnectedNN
  Module: ModuleList
    Module: Linear
    Module: Linear
    Module: Linear
  Module: ModuleList
    Module: Dropout
dropout设置为训练模式
    Module: Dropout
dropout设置为训练模式
    Module: Dropout
dropout设置为训练模式
  Module: ReLU
test_loss: 0.0793
epoch 351
train_loss: 0.0919
Module: DropoutFullyConnectedNN
  Module: ModuleList
    Module: Linear
    Module: Linear
    Module: Linear
  Module: ModuleList
    Module: Dropout
dropout设置为训练模式
    Module: Dropout
dropout设置为训练模式
    Module: Dropout
dropout设置为训练模式
  Module: ReLU
test_loss: 0.0787
epoch 352
train_loss: 0.0941
Module: DropoutFullyConnectedNN
  Module: ModuleList
    Module: Linear
    Module: Linear
    Module: Linear
  Module: ModuleList
    Module: Dropout
dropout设置为训练模式
    Module: Dropout
dropout设置为训练模式
    Module: Dropout
dropout设置为训练模式
  Module: ReLU
test_loss: 0.0794
epoch 353
train_loss: 0.0947
Module: DropoutFullyConnectedNN
  Module: ModuleList
    Module: Linear
    Module: Linear
    Module: Linear
  Module: ModuleList
    Module: Dropout
dropout设置为训练模式
    Module: Dropout
dropout设置为训练模式
    Module: Dropout
dropout设置为训练模式
  Module: ReLU
test_loss: 0.0792
epoch 354
train_loss: 0.0911
Module: DropoutFullyConnectedNN
  Module: ModuleList
    Module: Linear
    Module: Linear
    Module: Linear
  Module: ModuleList
    Module: Dropout
dropout设置为训练模式
    Module: Dropout
dropout设置为训练模式
    Module: Dropout
dropout设置为训练模式
  Module: ReLU
test_loss: 0.0793
epoch 355
train_loss: 0.0920
Module: DropoutFullyConnectedNN
  Module: ModuleList
    Module: Linear
    Module: Linear
    Module: Linear
  Module: ModuleList
    Module: Dropout
dropout设置为训练模式
    Module: Dropout
dropout设置为训练模式
    Module: Dropout
dropout设置为训练模式
  Module: ReLU
test_loss: 0.0787
epoch 356
train_loss: 0.0943
Module: DropoutFullyConnectedNN
  Module: ModuleList
    Module: Linear
    Module: Linear
    Module: Linear
  Module: ModuleList
    Module: Dropout
dropout设置为训练模式
    Module: Dropout
dropout设置为训练模式
    Module: Dropout
dropout设置为训练模式
  Module: ReLU
test_loss: 0.0789
epoch 357
train_loss: 0.0920
Module: DropoutFullyConnectedNN
  Module: ModuleList
    Module: Linear
    Module: Linear
    Module: Linear
  Module: ModuleList
    Module: Dropout
dropout设置为训练模式
    Module: Dropout
dropout设置为训练模式
    Module: Dropout
dropout设置为训练模式
  Module: ReLU
test_loss: 0.0789
epoch 358
train_loss: 0.0958
Module: DropoutFullyConnectedNN
  Module: ModuleList
    Module: Linear
    Module: Linear
    Module: Linear
  Module: ModuleList
    Module: Dropout
dropout设置为训练模式
    Module: Dropout
dropout设置为训练模式
    Module: Dropout
dropout设置为训练模式
  Module: ReLU
test_loss: 0.0789
epoch 359
train_loss: 0.0900
Module: DropoutFullyConnectedNN
  Module: ModuleList
    Module: Linear
    Module: Linear
    Module: Linear
  Module: ModuleList
    Module: Dropout
dropout设置为训练模式
    Module: Dropout
dropout设置为训练模式
    Module: Dropout
dropout设置为训练模式
  Module: ReLU
test_loss: 0.0778
epoch 360
train_loss: 0.0936
Module: DropoutFullyConnectedNN
  Module: ModuleList
    Module: Linear
    Module: Linear
    Module: Linear
  Module: ModuleList
    Module: Dropout
dropout设置为训练模式
    Module: Dropout
dropout设置为训练模式
    Module: Dropout
dropout设置为训练模式
  Module: ReLU
test_loss: 0.0788
epoch 361
train_loss: 0.0919
Module: DropoutFullyConnectedNN
  Module: ModuleList
    Module: Linear
    Module: Linear
    Module: Linear
  Module: ModuleList
    Module: Dropout
dropout设置为训练模式
    Module: Dropout
dropout设置为训练模式
    Module: Dropout
dropout设置为训练模式
  Module: ReLU
test_loss: 0.0786
epoch 362
train_loss: 0.0937
Module: DropoutFullyConnectedNN
  Module: ModuleList
    Module: Linear
    Module: Linear
    Module: Linear
  Module: ModuleList
    Module: Dropout
dropout设置为训练模式
    Module: Dropout
dropout设置为训练模式
    Module: Dropout
dropout设置为训练模式
  Module: ReLU
test_loss: 0.0790
epoch 363
train_loss: 0.0918
Module: DropoutFullyConnectedNN
  Module: ModuleList
    Module: Linear
    Module: Linear
    Module: Linear
  Module: ModuleList
    Module: Dropout
dropout设置为训练模式
    Module: Dropout
dropout设置为训练模式
    Module: Dropout
dropout设置为训练模式
  Module: ReLU
test_loss: 0.0786
epoch 364
train_loss: 0.0920
Module: DropoutFullyConnectedNN
  Module: ModuleList
    Module: Linear
    Module: Linear
    Module: Linear
  Module: ModuleList
    Module: Dropout
dropout设置为训练模式
    Module: Dropout
dropout设置为训练模式
    Module: Dropout
dropout设置为训练模式
  Module: ReLU
test_loss: 0.0779
epoch 365
train_loss: 0.0930
Module: DropoutFullyConnectedNN
  Module: ModuleList
    Module: Linear
    Module: Linear
    Module: Linear
  Module: ModuleList
    Module: Dropout
dropout设置为训练模式
    Module: Dropout
dropout设置为训练模式
    Module: Dropout
dropout设置为训练模式
  Module: ReLU
test_loss: 0.0781
epoch 366
train_loss: 0.0907
Module: DropoutFullyConnectedNN
  Module: ModuleList
    Module: Linear
    Module: Linear
    Module: Linear
  Module: ModuleList
    Module: Dropout
dropout设置为训练模式
    Module: Dropout
dropout设置为训练模式
    Module: Dropout
dropout设置为训练模式
  Module: ReLU
test_loss: 0.0779
epoch 367
train_loss: 0.0903
Module: DropoutFullyConnectedNN
  Module: ModuleList
    Module: Linear
    Module: Linear
    Module: Linear
  Module: ModuleList
    Module: Dropout
dropout设置为训练模式
    Module: Dropout
dropout设置为训练模式
    Module: Dropout
dropout设置为训练模式
  Module: ReLU
test_loss: 0.0782
epoch 368
train_loss: 0.0911
Module: DropoutFullyConnectedNN
  Module: ModuleList
    Module: Linear
    Module: Linear
    Module: Linear
  Module: ModuleList
    Module: Dropout
dropout设置为训练模式
    Module: Dropout
dropout设置为训练模式
    Module: Dropout
dropout设置为训练模式
  Module: ReLU
test_loss: 0.0788
epoch 369
train_loss: 0.0923
Module: DropoutFullyConnectedNN
  Module: ModuleList
    Module: Linear
    Module: Linear
    Module: Linear
  Module: ModuleList
    Module: Dropout
dropout设置为训练模式
    Module: Dropout
dropout设置为训练模式
    Module: Dropout
dropout设置为训练模式
  Module: ReLU
test_loss: 0.0779
epoch 370
train_loss: 0.0931
Module: DropoutFullyConnectedNN
  Module: ModuleList
    Module: Linear
    Module: Linear
    Module: Linear
  Module: ModuleList
    Module: Dropout
dropout设置为训练模式
    Module: Dropout
dropout设置为训练模式
    Module: Dropout
dropout设置为训练模式
  Module: ReLU
test_loss: 0.0777
epoch 371
train_loss: 0.0895
Module: DropoutFullyConnectedNN
  Module: ModuleList
    Module: Linear
    Module: Linear
    Module: Linear
  Module: ModuleList
    Module: Dropout
dropout设置为训练模式
    Module: Dropout
dropout设置为训练模式
    Module: Dropout
dropout设置为训练模式
  Module: ReLU
test_loss: 0.0779
epoch 372
train_loss: 0.0911
Module: DropoutFullyConnectedNN
  Module: ModuleList
    Module: Linear
    Module: Linear
    Module: Linear
  Module: ModuleList
    Module: Dropout
dropout设置为训练模式
    Module: Dropout
dropout设置为训练模式
    Module: Dropout
dropout设置为训练模式
  Module: ReLU
test_loss: 0.0781
epoch 373
train_loss: 0.0921
Module: DropoutFullyConnectedNN
  Module: ModuleList
    Module: Linear
    Module: Linear
    Module: Linear
  Module: ModuleList
    Module: Dropout
dropout设置为训练模式
    Module: Dropout
dropout设置为训练模式
    Module: Dropout
dropout设置为训练模式
  Module: ReLU
test_loss: 0.0772
epoch 374
train_loss: 0.0922
Module: DropoutFullyConnectedNN
  Module: ModuleList
    Module: Linear
    Module: Linear
    Module: Linear
  Module: ModuleList
    Module: Dropout
dropout设置为训练模式
    Module: Dropout
dropout设置为训练模式
    Module: Dropout
dropout设置为训练模式
  Module: ReLU
test_loss: 0.0785
epoch 375
train_loss: 0.0885
Module: DropoutFullyConnectedNN
  Module: ModuleList
    Module: Linear
    Module: Linear
    Module: Linear
  Module: ModuleList
    Module: Dropout
dropout设置为训练模式
    Module: Dropout
dropout设置为训练模式
    Module: Dropout
dropout设置为训练模式
  Module: ReLU
test_loss: 0.0779
epoch 376
train_loss: 0.0898
Module: DropoutFullyConnectedNN
  Module: ModuleList
    Module: Linear
    Module: Linear
    Module: Linear
  Module: ModuleList
    Module: Dropout
dropout设置为训练模式
    Module: Dropout
dropout设置为训练模式
    Module: Dropout
dropout设置为训练模式
  Module: ReLU
test_loss: 0.0785
epoch 377
train_loss: 0.0932
Module: DropoutFullyConnectedNN
  Module: ModuleList
    Module: Linear
    Module: Linear
    Module: Linear
  Module: ModuleList
    Module: Dropout
dropout设置为训练模式
    Module: Dropout
dropout设置为训练模式
    Module: Dropout
dropout设置为训练模式
  Module: ReLU
test_loss: 0.0778
epoch 378
train_loss: 0.0928
Module: DropoutFullyConnectedNN
  Module: ModuleList
    Module: Linear
    Module: Linear
    Module: Linear
  Module: ModuleList
    Module: Dropout
dropout设置为训练模式
    Module: Dropout
dropout设置为训练模式
    Module: Dropout
dropout设置为训练模式
  Module: ReLU
test_loss: 0.0780
epoch 379
train_loss: 0.0914
Module: DropoutFullyConnectedNN
  Module: ModuleList
    Module: Linear
    Module: Linear
    Module: Linear
  Module: ModuleList
    Module: Dropout
dropout设置为训练模式
    Module: Dropout
dropout设置为训练模式
    Module: Dropout
dropout设置为训练模式
  Module: ReLU
test_loss: 0.0780
epoch 380
train_loss: 0.0885
Module: DropoutFullyConnectedNN
  Module: ModuleList
    Module: Linear
    Module: Linear
    Module: Linear
  Module: ModuleList
    Module: Dropout
dropout设置为训练模式
    Module: Dropout
dropout设置为训练模式
    Module: Dropout
dropout设置为训练模式
  Module: ReLU
test_loss: 0.0777
epoch 381
train_loss: 0.0898
Module: DropoutFullyConnectedNN
  Module: ModuleList
    Module: Linear
    Module: Linear
    Module: Linear
  Module: ModuleList
    Module: Dropout
dropout设置为训练模式
    Module: Dropout
dropout设置为训练模式
    Module: Dropout
dropout设置为训练模式
  Module: ReLU
test_loss: 0.0783
epoch 382
train_loss: 0.0916
Module: DropoutFullyConnectedNN
  Module: ModuleList
    Module: Linear
    Module: Linear
    Module: Linear
  Module: ModuleList
    Module: Dropout
dropout设置为训练模式
    Module: Dropout
dropout设置为训练模式
    Module: Dropout
dropout设置为训练模式
  Module: ReLU
test_loss: 0.0774
epoch 383
train_loss: 0.0899
Module: DropoutFullyConnectedNN
  Module: ModuleList
    Module: Linear
    Module: Linear
    Module: Linear
  Module: ModuleList
    Module: Dropout
dropout设置为训练模式
    Module: Dropout
dropout设置为训练模式
    Module: Dropout
dropout设置为训练模式
  Module: ReLU
test_loss: 0.0775
epoch 384
train_loss: 0.0904
Module: DropoutFullyConnectedNN
  Module: ModuleList
    Module: Linear
    Module: Linear
    Module: Linear
  Module: ModuleList
    Module: Dropout
dropout设置为训练模式
    Module: Dropout
dropout设置为训练模式
    Module: Dropout
dropout设置为训练模式
  Module: ReLU
test_loss: 0.0770
epoch 385
train_loss: 0.0917
Module: DropoutFullyConnectedNN
  Module: ModuleList
    Module: Linear
    Module: Linear
    Module: Linear
  Module: ModuleList
    Module: Dropout
dropout设置为训练模式
    Module: Dropout
dropout设置为训练模式
    Module: Dropout
dropout设置为训练模式
  Module: ReLU
test_loss: 0.0771
epoch 386
train_loss: 0.0892
Module: DropoutFullyConnectedNN
  Module: ModuleList
    Module: Linear
    Module: Linear
    Module: Linear
  Module: ModuleList
    Module: Dropout
dropout设置为训练模式
    Module: Dropout
dropout设置为训练模式
    Module: Dropout
dropout设置为训练模式
  Module: ReLU
test_loss: 0.0768
epoch 387
train_loss: 0.0921
Module: DropoutFullyConnectedNN
  Module: ModuleList
    Module: Linear
    Module: Linear
    Module: Linear
  Module: ModuleList
    Module: Dropout
dropout设置为训练模式
    Module: Dropout
dropout设置为训练模式
    Module: Dropout
dropout设置为训练模式
  Module: ReLU
test_loss: 0.0777
epoch 388
train_loss: 0.0917
Module: DropoutFullyConnectedNN
  Module: ModuleList
    Module: Linear
    Module: Linear
    Module: Linear
  Module: ModuleList
    Module: Dropout
dropout设置为训练模式
    Module: Dropout
dropout设置为训练模式
    Module: Dropout
dropout设置为训练模式
  Module: ReLU
test_loss: 0.0774
epoch 389
train_loss: 0.0905
Module: DropoutFullyConnectedNN
  Module: ModuleList
    Module: Linear
    Module: Linear
    Module: Linear
  Module: ModuleList
    Module: Dropout
dropout设置为训练模式
    Module: Dropout
dropout设置为训练模式
    Module: Dropout
dropout设置为训练模式
  Module: ReLU
test_loss: 0.0778
epoch 390
train_loss: 0.0919
Module: DropoutFullyConnectedNN
  Module: ModuleList
    Module: Linear
    Module: Linear
    Module: Linear
  Module: ModuleList
    Module: Dropout
dropout设置为训练模式
    Module: Dropout
dropout设置为训练模式
    Module: Dropout
dropout设置为训练模式
  Module: ReLU
test_loss: 0.0774
epoch 391
train_loss: 0.0904
Module: DropoutFullyConnectedNN
  Module: ModuleList
    Module: Linear
    Module: Linear
    Module: Linear
  Module: ModuleList
    Module: Dropout
dropout设置为训练模式
    Module: Dropout
dropout设置为训练模式
    Module: Dropout
dropout设置为训练模式
  Module: ReLU
test_loss: 0.0774
epoch 392
train_loss: 0.0906
Module: DropoutFullyConnectedNN
  Module: ModuleList
    Module: Linear
    Module: Linear
    Module: Linear
  Module: ModuleList
    Module: Dropout
dropout设置为训练模式
    Module: Dropout
dropout设置为训练模式
    Module: Dropout
dropout设置为训练模式
  Module: ReLU
test_loss: 0.0774
epoch 393
train_loss: 0.0906
Module: DropoutFullyConnectedNN
  Module: ModuleList
    Module: Linear
    Module: Linear
    Module: Linear
  Module: ModuleList
    Module: Dropout
dropout设置为训练模式
    Module: Dropout
dropout设置为训练模式
    Module: Dropout
dropout设置为训练模式
  Module: ReLU
test_loss: 0.0771
epoch 394
train_loss: 0.0905
Module: DropoutFullyConnectedNN
  Module: ModuleList
    Module: Linear
    Module: Linear
    Module: Linear
  Module: ModuleList
    Module: Dropout
dropout设置为训练模式
    Module: Dropout
dropout设置为训练模式
    Module: Dropout
dropout设置为训练模式
  Module: ReLU
test_loss: 0.0768
epoch 395
train_loss: 0.0898
Module: DropoutFullyConnectedNN
  Module: ModuleList
    Module: Linear
    Module: Linear
    Module: Linear
  Module: ModuleList
    Module: Dropout
dropout设置为训练模式
    Module: Dropout
dropout设置为训练模式
    Module: Dropout
dropout设置为训练模式
  Module: ReLU
test_loss: 0.0771
epoch 396
train_loss: 0.0896
Module: DropoutFullyConnectedNN
  Module: ModuleList
    Module: Linear
    Module: Linear
    Module: Linear
  Module: ModuleList
    Module: Dropout
dropout设置为训练模式
    Module: Dropout
dropout设置为训练模式
    Module: Dropout
dropout设置为训练模式
  Module: ReLU
test_loss: 0.0764
epoch 397
train_loss: 0.0896
Module: DropoutFullyConnectedNN
  Module: ModuleList
    Module: Linear
    Module: Linear
    Module: Linear
  Module: ModuleList
    Module: Dropout
dropout设置为训练模式
    Module: Dropout
dropout设置为训练模式
    Module: Dropout
dropout设置为训练模式
  Module: ReLU
test_loss: 0.0769
epoch 398
train_loss: 0.0888
Module: DropoutFullyConnectedNN
  Module: ModuleList
    Module: Linear
    Module: Linear
    Module: Linear
  Module: ModuleList
    Module: Dropout
dropout设置为训练模式
    Module: Dropout
dropout设置为训练模式
    Module: Dropout
dropout设置为训练模式
  Module: ReLU
test_loss: 0.0767
epoch 399
train_loss: 0.0909
Module: DropoutFullyConnectedNN
  Module: ModuleList
    Module: Linear
    Module: Linear
    Module: Linear
  Module: ModuleList
    Module: Dropout
dropout设置为训练模式
    Module: Dropout
dropout设置为训练模式
    Module: Dropout
dropout设置为训练模式
  Module: ReLU
test_loss: 0.0767
epoch 400
train_loss: 0.0875
Module: DropoutFullyConnectedNN
  Module: ModuleList
    Module: Linear
    Module: Linear
    Module: Linear
  Module: ModuleList
    Module: Dropout
dropout设置为训练模式
    Module: Dropout
dropout设置为训练模式
    Module: Dropout
dropout设置为训练模式
  Module: ReLU
test_loss: 0.0766
epoch 401
train_loss: 0.0886
Module: DropoutFullyConnectedNN
  Module: ModuleList
    Module: Linear
    Module: Linear
    Module: Linear
  Module: ModuleList
    Module: Dropout
dropout设置为训练模式
    Module: Dropout
dropout设置为训练模式
    Module: Dropout
dropout设置为训练模式
  Module: ReLU
test_loss: 0.0763
epoch 402
train_loss: 0.0886
Module: DropoutFullyConnectedNN
  Module: ModuleList
    Module: Linear
    Module: Linear
    Module: Linear
  Module: ModuleList
    Module: Dropout
dropout设置为训练模式
    Module: Dropout
dropout设置为训练模式
    Module: Dropout
dropout设置为训练模式
  Module: ReLU
test_loss: 0.0776
epoch 403
train_loss: 0.0886
Module: DropoutFullyConnectedNN
  Module: ModuleList
    Module: Linear
    Module: Linear
    Module: Linear
  Module: ModuleList
    Module: Dropout
dropout设置为训练模式
    Module: Dropout
dropout设置为训练模式
    Module: Dropout
dropout设置为训练模式
  Module: ReLU
test_loss: 0.0758
epoch 404
train_loss: 0.0890
Module: DropoutFullyConnectedNN
  Module: ModuleList
    Module: Linear
    Module: Linear
    Module: Linear
  Module: ModuleList
    Module: Dropout
dropout设置为训练模式
    Module: Dropout
dropout设置为训练模式
    Module: Dropout
dropout设置为训练模式
  Module: ReLU
test_loss: 0.0761
epoch 405
train_loss: 0.0884
Module: DropoutFullyConnectedNN
  Module: ModuleList
    Module: Linear
    Module: Linear
    Module: Linear
  Module: ModuleList
    Module: Dropout
dropout设置为训练模式
    Module: Dropout
dropout设置为训练模式
    Module: Dropout
dropout设置为训练模式
  Module: ReLU
test_loss: 0.0774
epoch 406
train_loss: 0.0908
Module: DropoutFullyConnectedNN
  Module: ModuleList
    Module: Linear
    Module: Linear
    Module: Linear
  Module: ModuleList
    Module: Dropout
dropout设置为训练模式
    Module: Dropout
dropout设置为训练模式
    Module: Dropout
dropout设置为训练模式
  Module: ReLU
test_loss: 0.0763
epoch 407
train_loss: 0.0899
Module: DropoutFullyConnectedNN
  Module: ModuleList
    Module: Linear
    Module: Linear
    Module: Linear
  Module: ModuleList
    Module: Dropout
dropout设置为训练模式
    Module: Dropout
dropout设置为训练模式
    Module: Dropout
dropout设置为训练模式
  Module: ReLU
test_loss: 0.0765
epoch 408
train_loss: 0.0911
Module: DropoutFullyConnectedNN
  Module: ModuleList
    Module: Linear
    Module: Linear
    Module: Linear
  Module: ModuleList
    Module: Dropout
dropout设置为训练模式
    Module: Dropout
dropout设置为训练模式
    Module: Dropout
dropout设置为训练模式
  Module: ReLU
test_loss: 0.0767
epoch 409
train_loss: 0.0892
Module: DropoutFullyConnectedNN
  Module: ModuleList
    Module: Linear
    Module: Linear
    Module: Linear
  Module: ModuleList
    Module: Dropout
dropout设置为训练模式
    Module: Dropout
dropout设置为训练模式
    Module: Dropout
dropout设置为训练模式
  Module: ReLU
test_loss: 0.0778
epoch 410
train_loss: 0.0886
Module: DropoutFullyConnectedNN
  Module: ModuleList
    Module: Linear
    Module: Linear
    Module: Linear
  Module: ModuleList
    Module: Dropout
dropout设置为训练模式
    Module: Dropout
dropout设置为训练模式
    Module: Dropout
dropout设置为训练模式
  Module: ReLU
test_loss: 0.0765
epoch 411
train_loss: 0.0912
Module: DropoutFullyConnectedNN
  Module: ModuleList
    Module: Linear
    Module: Linear
    Module: Linear
  Module: ModuleList
    Module: Dropout
dropout设置为训练模式
    Module: Dropout
dropout设置为训练模式
    Module: Dropout
dropout设置为训练模式
  Module: ReLU
test_loss: 0.0762
epoch 412
train_loss: 0.0895
Module: DropoutFullyConnectedNN
  Module: ModuleList
    Module: Linear
    Module: Linear
    Module: Linear
  Module: ModuleList
    Module: Dropout
dropout设置为训练模式
    Module: Dropout
dropout设置为训练模式
    Module: Dropout
dropout设置为训练模式
  Module: ReLU
test_loss: 0.0766
epoch 413
train_loss: 0.0889
Module: DropoutFullyConnectedNN
  Module: ModuleList
    Module: Linear
    Module: Linear
    Module: Linear
  Module: ModuleList
    Module: Dropout
dropout设置为训练模式
    Module: Dropout
dropout设置为训练模式
    Module: Dropout
dropout设置为训练模式
  Module: ReLU
test_loss: 0.0763
epoch 414
train_loss: 0.0883
Module: DropoutFullyConnectedNN
  Module: ModuleList
    Module: Linear
    Module: Linear
    Module: Linear
  Module: ModuleList
    Module: Dropout
dropout设置为训练模式
    Module: Dropout
dropout设置为训练模式
    Module: Dropout
dropout设置为训练模式
  Module: ReLU
test_loss: 0.0767
epoch 415
train_loss: 0.0903
Module: DropoutFullyConnectedNN
  Module: ModuleList
    Module: Linear
    Module: Linear
    Module: Linear
  Module: ModuleList
    Module: Dropout
dropout设置为训练模式
    Module: Dropout
dropout设置为训练模式
    Module: Dropout
dropout设置为训练模式
  Module: ReLU
test_loss: 0.0773
epoch 416
train_loss: 0.0885
Module: DropoutFullyConnectedNN
  Module: ModuleList
    Module: Linear
    Module: Linear
    Module: Linear
  Module: ModuleList
    Module: Dropout
dropout设置为训练模式
    Module: Dropout
dropout设置为训练模式
    Module: Dropout
dropout设置为训练模式
  Module: ReLU
test_loss: 0.0764
epoch 417
train_loss: 0.0871
Module: DropoutFullyConnectedNN
  Module: ModuleList
    Module: Linear
    Module: Linear
    Module: Linear
  Module: ModuleList
    Module: Dropout
dropout设置为训练模式
    Module: Dropout
dropout设置为训练模式
    Module: Dropout
dropout设置为训练模式
  Module: ReLU
test_loss: 0.0760
epoch 418
train_loss: 0.0891
Module: DropoutFullyConnectedNN
  Module: ModuleList
    Module: Linear
    Module: Linear
    Module: Linear
  Module: ModuleList
    Module: Dropout
dropout设置为训练模式
    Module: Dropout
dropout设置为训练模式
    Module: Dropout
dropout设置为训练模式
  Module: ReLU
test_loss: 0.0760
epoch 419
train_loss: 0.0879
Module: DropoutFullyConnectedNN
  Module: ModuleList
    Module: Linear
    Module: Linear
    Module: Linear
  Module: ModuleList
    Module: Dropout
dropout设置为训练模式
    Module: Dropout
dropout设置为训练模式
    Module: Dropout
dropout设置为训练模式
  Module: ReLU
test_loss: 0.0759
/home/xueqiong/noise_injection_uncertainty/regression/utils.py:39: FutureWarning: The 'delim_whitespace' keyword in pd.read_csv is deprecated and will be removed in a future version. Use ``sep='\s+'`` instead
  return pd.read_csv(dataset_path, engine='python', header=None, delim_whitespace=True)
8 1
6554 1638 8192
model_name fixnoiseFCN
using Adam as optimizer
epoch 0
train_loss: 0.9094
test_loss: 0.8291
epoch 1
train_loss: 0.7261
test_loss: 0.6507
epoch 2
train_loss: 0.5840
test_loss: 0.5549
epoch 3
train_loss: 0.5206
test_loss: 0.5137
epoch 4
train_loss: 0.4894
test_loss: 0.4846
epoch 5
train_loss: 0.4627
test_loss: 0.4594
epoch 6
train_loss: 0.4381
test_loss: 0.4363
epoch 7
train_loss: 0.4165
test_loss: 0.4152
epoch 8
train_loss: 0.3943
test_loss: 0.3965
epoch 9
train_loss: 0.3782
test_loss: 0.3793
epoch 10
train_loss: 0.3616
test_loss: 0.3630
epoch 11
train_loss: 0.3440
test_loss: 0.3480
epoch 12
train_loss: 0.3278
test_loss: 0.3335
epoch 13
train_loss: 0.3151
test_loss: 0.3213
epoch 14
train_loss: 0.3040
test_loss: 0.3091
epoch 15
train_loss: 0.2935
test_loss: 0.2983
epoch 16
train_loss: 0.2820
test_loss: 0.2884
epoch 17
train_loss: 0.2727
test_loss: 0.2793
epoch 18
train_loss: 0.2625
test_loss: 0.2708
epoch 19
train_loss: 0.2563
test_loss: 0.2629
epoch 20
train_loss: 0.2495
test_loss: 0.2562
epoch 21
train_loss: 0.2433
test_loss: 0.2492
epoch 22
train_loss: 0.2359
test_loss: 0.2425
epoch 23
train_loss: 0.2302
test_loss: 0.2366
epoch 24
train_loss: 0.2259
test_loss: 0.2313
epoch 25
train_loss: 0.2210
test_loss: 0.2265
epoch 26
train_loss: 0.2149
test_loss: 0.2216
epoch 27
train_loss: 0.2118
test_loss: 0.2173
epoch 28
train_loss: 0.2072
test_loss: 0.2133
epoch 29
train_loss: 0.2037
test_loss: 0.2093
epoch 30
train_loss: 0.2007
test_loss: 0.2060
epoch 31
train_loss: 0.1981
test_loss: 0.2016
epoch 32
train_loss: 0.1935
test_loss: 0.1982
epoch 33
train_loss: 0.1911
test_loss: 0.1948
epoch 34
train_loss: 0.1881
test_loss: 0.1921
epoch 35
train_loss: 0.1849
test_loss: 0.1893
epoch 36
train_loss: 0.1824
test_loss: 0.1866
epoch 37
train_loss: 0.1802
test_loss: 0.1837
epoch 38
train_loss: 0.1779
test_loss: 0.1815
epoch 39
train_loss: 0.1751
test_loss: 0.1795
epoch 40
train_loss: 0.1739
test_loss: 0.1766
epoch 41
train_loss: 0.1707
test_loss: 0.1745
epoch 42
train_loss: 0.1687
test_loss: 0.1723
epoch 43
train_loss: 0.1664
test_loss: 0.1705
epoch 44
train_loss: 0.1658
test_loss: 0.1680
epoch 45
train_loss: 0.1648
test_loss: 0.1662
epoch 46
train_loss: 0.1633
test_loss: 0.1640
epoch 47
train_loss: 0.1634
test_loss: 0.1631
epoch 48
train_loss: 0.1578
test_loss: 0.1612
epoch 49
train_loss: 0.1570
test_loss: 0.1592
epoch 50
train_loss: 0.1553
test_loss: 0.1573
epoch 51
train_loss: 0.1550
test_loss: 0.1561
epoch 52
train_loss: 0.1535
test_loss: 0.1543
epoch 53
train_loss: 0.1523
test_loss: 0.1529
epoch 54
train_loss: 0.1499
test_loss: 0.1517
epoch 55
train_loss: 0.1479
test_loss: 0.1512
epoch 56
train_loss: 0.1478
test_loss: 0.1494
epoch 57
train_loss: 0.1458
test_loss: 0.1479
epoch 58
train_loss: 0.1464
test_loss: 0.1465
epoch 59
train_loss: 0.1457
test_loss: 0.1454
epoch 60
train_loss: 0.1435
test_loss: 0.1440
epoch 61
train_loss: 0.1431
test_loss: 0.1430
epoch 62
train_loss: 0.1418
test_loss: 0.1412
epoch 63
train_loss: 0.1413
test_loss: 0.1407
epoch 64
train_loss: 0.1393
test_loss: 0.1402
epoch 65
train_loss: 0.1391
test_loss: 0.1384
epoch 66
train_loss: 0.1363
test_loss: 0.1378
epoch 67
train_loss: 0.1353
test_loss: 0.1370
epoch 68
train_loss: 0.1350
test_loss: 0.1352
epoch 69
train_loss: 0.1336
test_loss: 0.1345
epoch 70
train_loss: 0.1319
test_loss: 0.1344
epoch 71
train_loss: 0.1310
test_loss: 0.1329
epoch 72
train_loss: 0.1336
test_loss: 0.1315
epoch 73
train_loss: 0.1298
test_loss: 0.1305
epoch 74
train_loss: 0.1321
test_loss: 0.1302
epoch 75
train_loss: 0.1296
test_loss: 0.1293
epoch 76
train_loss: 0.1266
test_loss: 0.1288
epoch 77
train_loss: 0.1256
test_loss: 0.1280
epoch 78
train_loss: 0.1272
test_loss: 0.1267
epoch 79
train_loss: 0.1264
test_loss: 0.1256
epoch 80
train_loss: 0.1251
test_loss: 0.1259
epoch 81
train_loss: 0.1245
test_loss: 0.1242
epoch 82
train_loss: 0.1230
test_loss: 0.1234
epoch 83
train_loss: 0.1229
test_loss: 0.1223
epoch 84
train_loss: 0.1221
test_loss: 0.1220
epoch 85
train_loss: 0.1227
test_loss: 0.1214
epoch 86
train_loss: 0.1222
test_loss: 0.1203
epoch 87
train_loss: 0.1217
test_loss: 0.1219
epoch 88
train_loss: 0.1219
test_loss: 0.1193
epoch 89
train_loss: 0.1191
test_loss: 0.1198
epoch 90
train_loss: 0.1188
test_loss: 0.1180
epoch 91
train_loss: 0.1190
test_loss: 0.1182
epoch 92
train_loss: 0.1162
test_loss: 0.1165
epoch 93
train_loss: 0.1168
test_loss: 0.1166
epoch 94
train_loss: 0.1158
test_loss: 0.1157
epoch 95
train_loss: 0.1162
test_loss: 0.1154
epoch 96
train_loss: 0.1181
test_loss: 0.1148
epoch 97
train_loss: 0.1154
test_loss: 0.1149
epoch 98
train_loss: 0.1147
test_loss: 0.1137
epoch 99
train_loss: 0.1147
test_loss: 0.1135
epoch 100
train_loss: 0.1124
test_loss: 0.1128
epoch 101
train_loss: 0.1117
test_loss: 0.1119
epoch 102
train_loss: 0.1107
test_loss: 0.1145
epoch 103
train_loss: 0.1145
test_loss: 0.1110
epoch 104
train_loss: 0.1106
test_loss: 0.1110
epoch 105
train_loss: 0.1128
test_loss: 0.1111
epoch 106
train_loss: 0.1135
test_loss: 0.1099
epoch 107
train_loss: 0.1104
test_loss: 0.1104
epoch 108
train_loss: 0.1120
test_loss: 0.1091
epoch 109
train_loss: 0.1078
test_loss: 0.1098
epoch 110
train_loss: 0.1095
test_loss: 0.1081
epoch 111
train_loss: 0.1060
test_loss: 0.1076
epoch 112
train_loss: 0.1064
test_loss: 0.1068
epoch 113
train_loss: 0.1066
test_loss: 0.1076
epoch 114
train_loss: 0.1055
test_loss: 0.1067
epoch 115
train_loss: 0.1079
test_loss: 0.1055
epoch 116
train_loss: 0.1053
test_loss: 0.1070
epoch 117
train_loss: 0.1041
test_loss: 0.1058
epoch 118
train_loss: 0.1055
test_loss: 0.1051
epoch 119
train_loss: 0.1055
test_loss: 0.1050
epoch 120
train_loss: 0.1063
test_loss: 0.1046
epoch 121
train_loss: 0.1048
test_loss: 0.1034
epoch 122
train_loss: 0.1054
test_loss: 0.1029
epoch 123
train_loss: 0.1043
test_loss: 0.1028
epoch 124
train_loss: 0.1049
test_loss: 0.1028
epoch 125
train_loss: 0.1023
test_loss: 0.1027
epoch 126
train_loss: 0.1031
test_loss: 0.1020
epoch 127
train_loss: 0.1025
test_loss: 0.1014
epoch 128
train_loss: 0.1021
test_loss: 0.1018
epoch 129
train_loss: 0.1015
test_loss: 0.1009
epoch 130
train_loss: 0.1014
test_loss: 0.1003
epoch 131
train_loss: 0.1020
test_loss: 0.1006
epoch 132
train_loss: 0.0998
test_loss: 0.1007
epoch 133
train_loss: 0.1003
test_loss: 0.1005
epoch 134
train_loss: 0.1006
test_loss: 0.1000
epoch 135
train_loss: 0.1006
test_loss: 0.0994
epoch 136
train_loss: 0.1013
test_loss: 0.0991
epoch 137
train_loss: 0.0996
test_loss: 0.0987
epoch 138
train_loss: 0.0979
test_loss: 0.0982
epoch 139
train_loss: 0.0974
test_loss: 0.0980
epoch 140
train_loss: 0.1004
test_loss: 0.0982
epoch 141
train_loss: 0.0996
test_loss: 0.0988
epoch 142
train_loss: 0.0984
test_loss: 0.0972
epoch 143
train_loss: 0.0993
test_loss: 0.0982
epoch 144
train_loss: 0.0974
test_loss: 0.0967
epoch 145
train_loss: 0.0972
test_loss: 0.0970
epoch 146
train_loss: 0.0972
test_loss: 0.0968
epoch 147
train_loss: 0.0957
test_loss: 0.0961
epoch 148
train_loss: 0.0971
test_loss: 0.0957
epoch 149
train_loss: 0.0963
test_loss: 0.0962
epoch 150
train_loss: 0.0956
test_loss: 0.0959
epoch 151
train_loss: 0.0958
test_loss: 0.0956
epoch 152
train_loss: 0.0947
test_loss: 0.0950
epoch 153
train_loss: 0.0982
test_loss: 0.0945
epoch 154
train_loss: 0.0966
test_loss: 0.0956
epoch 155
train_loss: 0.0937
test_loss: 0.0948
epoch 156
train_loss: 0.0951
test_loss: 0.0945
epoch 157
train_loss: 0.0975
test_loss: 0.0940
epoch 158
train_loss: 0.0963
test_loss: 0.0936
epoch 159
train_loss: 0.0951
test_loss: 0.0954
epoch 160
train_loss: 0.0934
test_loss: 0.0933
epoch 161
train_loss: 0.0930
test_loss: 0.0932
epoch 162
train_loss: 0.0941
test_loss: 0.0932
epoch 163
train_loss: 0.0943
test_loss: 0.0930
epoch 164
train_loss: 0.0932
test_loss: 0.0928
epoch 165
train_loss: 0.0928
test_loss: 0.0924
epoch 166
train_loss: 0.0927
test_loss: 0.0924
epoch 167
train_loss: 0.0929
test_loss: 0.0918
epoch 168
train_loss: 0.0919
test_loss: 0.0915
epoch 169
train_loss: 0.0932
test_loss: 0.0924
epoch 170
train_loss: 0.0937
test_loss: 0.0914
epoch 171
train_loss: 0.0927
test_loss: 0.0911
epoch 172
train_loss: 0.0912
test_loss: 0.0914
epoch 173
train_loss: 0.0910
test_loss: 0.0906
epoch 174
train_loss: 0.0934
test_loss: 0.0905
epoch 175
train_loss: 0.0943
test_loss: 0.0909
epoch 176
train_loss: 0.0904
test_loss: 0.0905
epoch 177
train_loss: 0.0918
test_loss: 0.0900
epoch 178
train_loss: 0.0910
test_loss: 0.0904
epoch 179
train_loss: 0.0889
test_loss: 0.0899
epoch 180
train_loss: 0.0903
test_loss: 0.0891
epoch 181
train_loss: 0.0901
test_loss: 0.0895
epoch 182
train_loss: 0.0904
test_loss: 0.0892
epoch 183
train_loss: 0.0899
test_loss: 0.0887
epoch 184
train_loss: 0.0906
test_loss: 0.0896
epoch 185
train_loss: 0.0899
test_loss: 0.0889
epoch 186
train_loss: 0.0901
test_loss: 0.0887
epoch 187
train_loss: 0.0911
test_loss: 0.0885
epoch 188
train_loss: 0.0912
test_loss: 0.0889
epoch 189
train_loss: 0.0873
test_loss: 0.0884
epoch 190
train_loss: 0.0896
test_loss: 0.0895
epoch 191
train_loss: 0.0874
test_loss: 0.0878
epoch 192
train_loss: 0.0897
test_loss: 0.0888
epoch 193
train_loss: 0.0902
test_loss: 0.0881
epoch 194
train_loss: 0.0889
test_loss: 0.0874
epoch 195
train_loss: 0.0910
test_loss: 0.0873
epoch 196
train_loss: 0.0874
test_loss: 0.0875
epoch 197
train_loss: 0.0887
test_loss: 0.0873
epoch 198
train_loss: 0.0904
test_loss: 0.0872
epoch 199
train_loss: 0.0885
test_loss: 0.0871
epoch 200
train_loss: 0.0891
test_loss: 0.0877
epoch 201
train_loss: 0.0884
test_loss: 0.0878
epoch 202
train_loss: 0.0875
test_loss: 0.0867
epoch 203
train_loss: 0.0888
test_loss: 0.0863
epoch 204
train_loss: 0.0907
test_loss: 0.0866
epoch 205
train_loss: 0.0877
test_loss: 0.0868
epoch 206
train_loss: 0.0866
test_loss: 0.0859
epoch 207
train_loss: 0.0850
test_loss: 0.0862
epoch 208
train_loss: 0.0879
test_loss: 0.0860
epoch 209
train_loss: 0.0875
test_loss: 0.0857
epoch 210
train_loss: 0.0875
test_loss: 0.0860
epoch 211
train_loss: 0.0865
test_loss: 0.0859
epoch 212
train_loss: 0.0859
test_loss: 0.0856
epoch 213
train_loss: 0.0846
test_loss: 0.0854
epoch 214
train_loss: 0.0854
test_loss: 0.0860
epoch 215
train_loss: 0.0871
test_loss: 0.0858
epoch 216
train_loss: 0.0870
test_loss: 0.0851
epoch 217
train_loss: 0.0856
test_loss: 0.0853
epoch 218
train_loss: 0.0857
test_loss: 0.0853
epoch 219
train_loss: 0.0843
test_loss: 0.0849
epoch 220
train_loss: 0.0855
test_loss: 0.0851
epoch 221
train_loss: 0.0863
test_loss: 0.0854
epoch 222
train_loss: 0.0845
test_loss: 0.0844
epoch 223
train_loss: 0.0882
test_loss: 0.0840
epoch 224
train_loss: 0.0845
test_loss: 0.0844
epoch 225
train_loss: 0.0850
test_loss: 0.0845
epoch 226
train_loss: 0.0838
test_loss: 0.0836
epoch 227
train_loss: 0.0861
test_loss: 0.0854
epoch 228
train_loss: 0.0856
test_loss: 0.0843
epoch 229
train_loss: 0.0853
test_loss: 0.0835
epoch 230
train_loss: 0.0850
test_loss: 0.0834
epoch 231
train_loss: 0.0846
test_loss: 0.0833
epoch 232
train_loss: 0.0822
test_loss: 0.0834
epoch 233
train_loss: 0.0835
test_loss: 0.0836
epoch 234
train_loss: 0.0838
test_loss: 0.0833
epoch 235
train_loss: 0.0835
test_loss: 0.0835
epoch 236
train_loss: 0.0846
test_loss: 0.0836
epoch 237
train_loss: 0.0857
test_loss: 0.0833
epoch 238
train_loss: 0.0842
test_loss: 0.0846
epoch 239
train_loss: 0.0845
test_loss: 0.0839
epoch 240
train_loss: 0.0858
test_loss: 0.0833
epoch 241
train_loss: 0.0837
test_loss: 0.0836
epoch 242
train_loss: 0.0837
test_loss: 0.0826
epoch 243
train_loss: 0.0837
test_loss: 0.0826
epoch 244
train_loss: 0.0826
test_loss: 0.0823
epoch 245
train_loss: 0.0818
test_loss: 0.0824
epoch 246
train_loss: 0.0846
test_loss: 0.0823
epoch 247
train_loss: 0.0812
test_loss: 0.0823
epoch 248
train_loss: 0.0837
test_loss: 0.0824
epoch 249
train_loss: 0.0835
test_loss: 0.0822
epoch 250
train_loss: 0.0831
test_loss: 0.0819
epoch 251
train_loss: 0.0825
test_loss: 0.0817
epoch 252
train_loss: 0.0819
test_loss: 0.0823
epoch 253
train_loss: 0.0833
test_loss: 0.0817
epoch 254
train_loss: 0.0820
test_loss: 0.0827
epoch 255
train_loss: 0.0832
test_loss: 0.0816
epoch 256
train_loss: 0.0829
test_loss: 0.0825
epoch 257
train_loss: 0.0819
test_loss: 0.0819
epoch 258
train_loss: 0.0827
test_loss: 0.0826
epoch 259
train_loss: 0.0809
test_loss: 0.0814
epoch 260
train_loss: 0.0851
test_loss: 0.0814
epoch 261
train_loss: 0.0823
test_loss: 0.0815
epoch 262
train_loss: 0.0808
test_loss: 0.0811
epoch 263
train_loss: 0.0798
test_loss: 0.0816
epoch 264
train_loss: 0.0823
test_loss: 0.0814
epoch 265
train_loss: 0.0816
test_loss: 0.0805
epoch 266
train_loss: 0.0816
test_loss: 0.0811
epoch 267
train_loss: 0.0813
test_loss: 0.0810
epoch 268
train_loss: 0.0811
test_loss: 0.0801
epoch 269
train_loss: 0.0827
test_loss: 0.0808
epoch 270
train_loss: 0.0791
test_loss: 0.0813
epoch 271
train_loss: 0.0797
test_loss: 0.0819
epoch 272
train_loss: 0.0797
test_loss: 0.0824
epoch 273
train_loss: 0.0790
test_loss: 0.0807
epoch 274
train_loss: 0.0794
test_loss: 0.0808
epoch 275
train_loss: 0.0804
test_loss: 0.0805
epoch 276
train_loss: 0.0794
test_loss: 0.0811
epoch 277
train_loss: 0.0803
test_loss: 0.0809
epoch 278
train_loss: 0.0808
test_loss: 0.0812
epoch 279
train_loss: 0.0804
test_loss: 0.0814
epoch 280
train_loss: 0.0811
test_loss: 0.0804
epoch 281
train_loss: 0.0806
test_loss: 0.0798
epoch 282
train_loss: 0.0804
test_loss: 0.0800
epoch 283
train_loss: 0.0776
test_loss: 0.0802
epoch 284
train_loss: 0.0782
test_loss: 0.0795
epoch 285
train_loss: 0.0784
test_loss: 0.0795
epoch 286
train_loss: 0.0825
test_loss: 0.0798
epoch 287
train_loss: 0.0818
test_loss: 0.0802
epoch 288
train_loss: 0.0811
test_loss: 0.0804
epoch 289
train_loss: 0.0784
test_loss: 0.0792
epoch 290
train_loss: 0.0798
test_loss: 0.0796
epoch 291
train_loss: 0.0803
test_loss: 0.0795
epoch 292
train_loss: 0.0797
test_loss: 0.0799
epoch 293
train_loss: 0.0783
test_loss: 0.0793
epoch 294
train_loss: 0.0806
test_loss: 0.0792
epoch 295
train_loss: 0.0794
test_loss: 0.0796
epoch 296
train_loss: 0.0792
test_loss: 0.0798
epoch 297
train_loss: 0.0799
test_loss: 0.0787
epoch 298
train_loss: 0.0789
test_loss: 0.0789
epoch 299
train_loss: 0.0793
test_loss: 0.0788
epoch 300
train_loss: 0.0786
test_loss: 0.0793
epoch 301
train_loss: 0.0811
test_loss: 0.0787
epoch 302
train_loss: 0.0788
test_loss: 0.0791
epoch 303
train_loss: 0.0787
test_loss: 0.0787
epoch 304
train_loss: 0.0810
test_loss: 0.0788
epoch 305
train_loss: 0.0789
test_loss: 0.0779
epoch 306
train_loss: 0.0787
test_loss: 0.0783
epoch 307
train_loss: 0.0771
test_loss: 0.0782
epoch 308
train_loss: 0.0789
test_loss: 0.0781
epoch 309
train_loss: 0.0786
test_loss: 0.0783
epoch 310
train_loss: 0.0785
test_loss: 0.0785
epoch 311
train_loss: 0.0782
test_loss: 0.0788
epoch 312
train_loss: 0.0788
test_loss: 0.0780
epoch 313
train_loss: 0.0780
test_loss: 0.0790
epoch 314
train_loss: 0.0774
test_loss: 0.0789
epoch 315
train_loss: 0.0765
test_loss: 0.0778
epoch 316
train_loss: 0.0780
test_loss: 0.0790
epoch 317
train_loss: 0.0778
test_loss: 0.0786
epoch 318
train_loss: 0.0785
test_loss: 0.0786
epoch 319
train_loss: 0.0760
test_loss: 0.0777
epoch 320
train_loss: 0.0778
test_loss: 0.0780
epoch 321
train_loss: 0.0761
test_loss: 0.0782
epoch 322
train_loss: 0.0781
test_loss: 0.0783
epoch 323
train_loss: 0.0757
test_loss: 0.0782
epoch 324
train_loss: 0.0779
test_loss: 0.0784
epoch 325
train_loss: 0.0784
test_loss: 0.0774
epoch 326
train_loss: 0.0769
test_loss: 0.0773
epoch 327
train_loss: 0.0780
test_loss: 0.0776
epoch 328
train_loss: 0.0753
test_loss: 0.0771
epoch 329
train_loss: 0.0783
test_loss: 0.0779
epoch 330
train_loss: 0.0781
test_loss: 0.0776
epoch 331
train_loss: 0.0765
test_loss: 0.0771
epoch 332
train_loss: 0.0765
test_loss: 0.0774
epoch 333
train_loss: 0.0765
test_loss: 0.0775
epoch 334
train_loss: 0.0767
test_loss: 0.0774
epoch 335
train_loss: 0.0772
test_loss: 0.0782
epoch 336
train_loss: 0.0753
test_loss: 0.0788
epoch 337
train_loss: 0.0768
test_loss: 0.0785
epoch 338
train_loss: 0.0768
test_loss: 0.0774
epoch 339
train_loss: 0.0756
test_loss: 0.0773
epoch 340
train_loss: 0.0755
test_loss: 0.0769
epoch 341
train_loss: 0.0758
test_loss: 0.0764
epoch 342
train_loss: 0.0766
test_loss: 0.0767
epoch 343
train_loss: 0.0777
test_loss: 0.0783
epoch 344
train_loss: 0.0754
test_loss: 0.0779
epoch 345
train_loss: 0.0765
test_loss: 0.0771
epoch 346
train_loss: 0.0752
test_loss: 0.0768
epoch 347
train_loss: 0.0787
test_loss: 0.0763
epoch 348
train_loss: 0.0754
test_loss: 0.0767
epoch 349
train_loss: 0.0762
test_loss: 0.0767
epoch 350
train_loss: 0.0745
test_loss: 0.0764
epoch 351
train_loss: 0.0758
test_loss: 0.0765
epoch 352
train_loss: 0.0763
test_loss: 0.0760
epoch 353
train_loss: 0.0741
test_loss: 0.0765
epoch 354
train_loss: 0.0750
test_loss: 0.0763
epoch 355
train_loss: 0.0748
test_loss: 0.0762
epoch 356
train_loss: 0.0741
test_loss: 0.0758
epoch 357
train_loss: 0.0756
test_loss: 0.0764
epoch 358
train_loss: 0.0751
test_loss: 0.0765
epoch 359
train_loss: 0.0753
test_loss: 0.0772
epoch 360
train_loss: 0.0750
test_loss: 0.0759
epoch 361
train_loss: 0.0763
test_loss: 0.0756
epoch 362
train_loss: 0.0736
test_loss: 0.0767
epoch 363
train_loss: 0.0749
test_loss: 0.0765
epoch 364
train_loss: 0.0750
test_loss: 0.0760
epoch 365
train_loss: 0.0751
test_loss: 0.0756
epoch 366
train_loss: 0.0739
test_loss: 0.0764
epoch 367
train_loss: 0.0747
test_loss: 0.0759
epoch 368
train_loss: 0.0745
test_loss: 0.0761
epoch 369
train_loss: 0.0753
test_loss: 0.0755
epoch 370
train_loss: 0.0727
test_loss: 0.0766
epoch 371
train_loss: 0.0742
test_loss: 0.0761
epoch 372
train_loss: 0.0749
test_loss: 0.0764
epoch 373
train_loss: 0.0753
test_loss: 0.0759
epoch 374
train_loss: 0.0741
test_loss: 0.0752
epoch 375
train_loss: 0.0744
test_loss: 0.0762
epoch 376
train_loss: 0.0754
test_loss: 0.0764
epoch 377
train_loss: 0.0742
test_loss: 0.0752
epoch 378
train_loss: 0.0750
test_loss: 0.0753
epoch 379
train_loss: 0.0727
test_loss: 0.0763
epoch 380
train_loss: 0.0737
test_loss: 0.0751
epoch 381
train_loss: 0.0757
test_loss: 0.0758
epoch 382
train_loss: 0.0741
test_loss: 0.0755
epoch 383
train_loss: 0.0753
test_loss: 0.0759
epoch 384
train_loss: 0.0745
test_loss: 0.0754
epoch 385
train_loss: 0.0756
test_loss: 0.0750
epoch 386
train_loss: 0.0746
test_loss: 0.0761
epoch 387
train_loss: 0.0758
test_loss: 0.0765
epoch 388
train_loss: 0.0739
test_loss: 0.0755
epoch 389
train_loss: 0.0742
test_loss: 0.0758
epoch 390
train_loss: 0.0746
test_loss: 0.0757
epoch 391
train_loss: 0.0757
test_loss: 0.0760
epoch 392
train_loss: 0.0760
test_loss: 0.0752
epoch 393
train_loss: 0.0726
test_loss: 0.0749
epoch 394
train_loss: 0.0733
test_loss: 0.0752
epoch 395
train_loss: 0.0734
test_loss: 0.0751
epoch 396
train_loss: 0.0735
test_loss: 0.0747
epoch 397
train_loss: 0.0746
test_loss: 0.0746
epoch 398
train_loss: 0.0740
test_loss: 0.0748
epoch 399
train_loss: 0.0728
test_loss: 0.0743
epoch 400
train_loss: 0.0736
test_loss: 0.0748
epoch 401
train_loss: 0.0731
test_loss: 0.0744
epoch 402
train_loss: 0.0733
test_loss: 0.0757
epoch 403
train_loss: 0.0726
test_loss: 0.0749
epoch 404
train_loss: 0.0726
test_loss: 0.0743
epoch 405
train_loss: 0.0729
test_loss: 0.0745
epoch 406
train_loss: 0.0733
test_loss: 0.0748
epoch 407
train_loss: 0.0741
test_loss: 0.0753
epoch 408
train_loss: 0.0729
test_loss: 0.0753
epoch 409
train_loss: 0.0735
test_loss: 0.0746
/home/xueqiong/noise_injection_uncertainty/regression/utils.py:39: FutureWarning: The 'delim_whitespace' keyword in pd.read_csv is deprecated and will be removed in a future version. Use ``sep='\s+'`` instead
  return pd.read_csv(dataset_path, engine='python', header=None, delim_whitespace=True)
8 1
6554 1638 8192
model_name noisyFCN
using Adam as optimizer
epoch 0
train_loss: 0.9717
test_loss: 0.8779
epoch 1
train_loss: 0.7764
test_loss: 0.6867
epoch 2
train_loss: 0.6005
test_loss: 0.5539
epoch 3
train_loss: 0.5124
test_loss: 0.5046
epoch 4
train_loss: 0.4756
test_loss: 0.4751
epoch 5
train_loss: 0.4484
test_loss: 0.4494
epoch 6
train_loss: 0.4222
test_loss: 0.4254
epoch 7
train_loss: 0.4004
test_loss: 0.4028
epoch 8
train_loss: 0.3776
test_loss: 0.3815
epoch 9
train_loss: 0.3575
test_loss: 0.3616
epoch 10
train_loss: 0.3382
test_loss: 0.3424
epoch 11
train_loss: 0.3199
test_loss: 0.3240
epoch 12
train_loss: 0.3021
test_loss: 0.3063
epoch 13
train_loss: 0.2855
test_loss: 0.2900
epoch 14
train_loss: 0.2701
test_loss: 0.2748
epoch 15
train_loss: 0.2558
test_loss: 0.2609
epoch 16
train_loss: 0.2436
test_loss: 0.2485
epoch 17
train_loss: 0.2322
test_loss: 0.2374
epoch 18
train_loss: 0.2226
test_loss: 0.2275
epoch 19
train_loss: 0.2136
test_loss: 0.2188
epoch 20
train_loss: 0.2059
test_loss: 0.2110
epoch 21
train_loss: 0.1992
test_loss: 0.2043
epoch 22
train_loss: 0.1931
test_loss: 0.1984
epoch 23
train_loss: 0.1881
test_loss: 0.1932
epoch 24
train_loss: 0.1835
test_loss: 0.1885
epoch 25
train_loss: 0.1793
test_loss: 0.1844
epoch 26
train_loss: 0.1756
test_loss: 0.1807
epoch 27
train_loss: 0.1723
test_loss: 0.1773
epoch 28
train_loss: 0.1693
test_loss: 0.1743
epoch 29
train_loss: 0.1664
test_loss: 0.1714
epoch 30
train_loss: 0.1638
test_loss: 0.1687
epoch 31
train_loss: 0.1613
test_loss: 0.1662
epoch 32
train_loss: 0.1590
test_loss: 0.1638
epoch 33
train_loss: 0.1567
test_loss: 0.1615
epoch 34
train_loss: 0.1547
test_loss: 0.1594
epoch 35
train_loss: 0.1526
test_loss: 0.1573
epoch 36
train_loss: 0.1506
test_loss: 0.1553
epoch 37
train_loss: 0.1487
test_loss: 0.1534
epoch 38
train_loss: 0.1469
test_loss: 0.1516
epoch 39
train_loss: 0.1452
test_loss: 0.1498
epoch 40
train_loss: 0.1435
test_loss: 0.1480
epoch 41
train_loss: 0.1417
test_loss: 0.1464
epoch 42
train_loss: 0.1400
test_loss: 0.1448
epoch 43
train_loss: 0.1385
test_loss: 0.1432
epoch 44
train_loss: 0.1369
test_loss: 0.1417
epoch 45
train_loss: 0.1353
test_loss: 0.1402
epoch 46
train_loss: 0.1337
test_loss: 0.1388
epoch 47
train_loss: 0.1323
test_loss: 0.1375
epoch 48
train_loss: 0.1308
test_loss: 0.1362
epoch 49
train_loss: 0.1295
test_loss: 0.1349
epoch 50
train_loss: 0.1281
test_loss: 0.1337
epoch 51
train_loss: 0.1268
test_loss: 0.1326
epoch 52
train_loss: 0.1255
test_loss: 0.1314
epoch 53
train_loss: 0.1243
test_loss: 0.1304
epoch 54
train_loss: 0.1231
test_loss: 0.1293
epoch 55
train_loss: 0.1219
test_loss: 0.1283
epoch 56
train_loss: 0.1207
test_loss: 0.1273
epoch 57
train_loss: 0.1196
test_loss: 0.1263
epoch 58
train_loss: 0.1185
test_loss: 0.1254
epoch 59
train_loss: 0.1174
test_loss: 0.1245
epoch 60
train_loss: 0.1163
test_loss: 0.1236
epoch 61
train_loss: 0.1153
test_loss: 0.1228
epoch 62
train_loss: 0.1143
test_loss: 0.1220
epoch 63
train_loss: 0.1133
test_loss: 0.1212
epoch 64
train_loss: 0.1123
test_loss: 0.1204
epoch 65
train_loss: 0.1114
test_loss: 0.1197
epoch 66
train_loss: 0.1104
test_loss: 0.1190
epoch 67
train_loss: 0.1095
test_loss: 0.1182
epoch 68
train_loss: 0.1086
test_loss: 0.1175
epoch 69
train_loss: 0.1078
test_loss: 0.1168
epoch 70
train_loss: 0.1069
test_loss: 0.1161
epoch 71
train_loss: 0.1061
test_loss: 0.1154
epoch 72
train_loss: 0.1053
test_loss: 0.1148
epoch 73
train_loss: 0.1045
test_loss: 0.1142
epoch 74
train_loss: 0.1038
test_loss: 0.1136
epoch 75
train_loss: 0.1030
test_loss: 0.1130
epoch 76
train_loss: 0.1023
test_loss: 0.1124
epoch 77
train_loss: 0.1016
test_loss: 0.1118
epoch 78
train_loss: 0.1009
test_loss: 0.1112
epoch 79
train_loss: 0.1002
test_loss: 0.1107
epoch 80
train_loss: 0.0996
test_loss: 0.1101
epoch 81
train_loss: 0.0989
test_loss: 0.1096
epoch 82
train_loss: 0.0983
test_loss: 0.1092
epoch 83
train_loss: 0.0977
test_loss: 0.1087
epoch 84
train_loss: 0.0972
test_loss: 0.1082
epoch 85
train_loss: 0.0966
test_loss: 0.1077
epoch 86
train_loss: 0.0960
test_loss: 0.1072
epoch 87
train_loss: 0.0955
test_loss: 0.1068
epoch 88
train_loss: 0.0949
test_loss: 0.1063
epoch 89
train_loss: 0.0944
test_loss: 0.1059
epoch 90
train_loss: 0.0939
test_loss: 0.1055
epoch 91
train_loss: 0.0934
test_loss: 0.1051
epoch 92
train_loss: 0.0930
test_loss: 0.1047
epoch 93
train_loss: 0.0925
test_loss: 0.1044
epoch 94
train_loss: 0.0920
test_loss: 0.1040
epoch 95
train_loss: 0.0916
test_loss: 0.1036
epoch 96
train_loss: 0.0911
test_loss: 0.1033
epoch 97
train_loss: 0.0907
test_loss: 0.1030
epoch 98
train_loss: 0.0903
test_loss: 0.1026
epoch 99
train_loss: 0.0899
test_loss: 0.1023
epoch 100
train_loss: 0.0895
test_loss: 0.1020
epoch 101
train_loss: 0.0891
test_loss: 0.1017
epoch 102
train_loss: 0.0887
test_loss: 0.1014
epoch 103
train_loss: 0.0884
test_loss: 0.1011
epoch 104
train_loss: 0.0880
test_loss: 0.1008
epoch 105
train_loss: 0.0876
test_loss: 0.1005
epoch 106
train_loss: 0.0873
test_loss: 0.1002
epoch 107
train_loss: 0.0869
test_loss: 0.0999
epoch 108
train_loss: 0.0866
test_loss: 0.0996
epoch 109
train_loss: 0.0862
test_loss: 0.0994
epoch 110
train_loss: 0.0859
test_loss: 0.0991
epoch 111
train_loss: 0.0855
test_loss: 0.0988
epoch 112
train_loss: 0.0852
test_loss: 0.0986
epoch 113
train_loss: 0.0849
test_loss: 0.0984
epoch 114
train_loss: 0.0846
test_loss: 0.0982
epoch 115
train_loss: 0.0843
test_loss: 0.0979
epoch 116
train_loss: 0.0840
test_loss: 0.0977
epoch 117
train_loss: 0.0837
test_loss: 0.0975
epoch 118
train_loss: 0.0834
test_loss: 0.0973
epoch 119
train_loss: 0.0831
test_loss: 0.0970
epoch 120
train_loss: 0.0828
test_loss: 0.0968
epoch 121
train_loss: 0.0825
test_loss: 0.0965
epoch 122
train_loss: 0.0823
test_loss: 0.0964
epoch 123
train_loss: 0.0820
test_loss: 0.0962
epoch 124
train_loss: 0.0817
test_loss: 0.0960
epoch 125
train_loss: 0.0815
test_loss: 0.0958
epoch 126
train_loss: 0.0812
test_loss: 0.0956
epoch 127
train_loss: 0.0809
test_loss: 0.0954
epoch 128
train_loss: 0.0807
test_loss: 0.0952
epoch 129
train_loss: 0.0804
test_loss: 0.0950
epoch 130
train_loss: 0.0802
test_loss: 0.0948
epoch 131
train_loss: 0.0799
test_loss: 0.0946
epoch 132
train_loss: 0.0797
test_loss: 0.0944
epoch 133
train_loss: 0.0795
test_loss: 0.0942
epoch 134
train_loss: 0.0792
test_loss: 0.0941
epoch 135
train_loss: 0.0790
test_loss: 0.0938
epoch 136
train_loss: 0.0787
test_loss: 0.0937
epoch 137
train_loss: 0.0785
test_loss: 0.0935
epoch 138
train_loss: 0.0783
test_loss: 0.0933
epoch 139
train_loss: 0.0781
test_loss: 0.0932
epoch 140
train_loss: 0.0778
test_loss: 0.0930
epoch 141
train_loss: 0.0776
test_loss: 0.0928
epoch 142
train_loss: 0.0774
test_loss: 0.0927
epoch 143
train_loss: 0.0772
test_loss: 0.0925
epoch 144
train_loss: 0.0770
test_loss: 0.0923
epoch 145
train_loss: 0.0768
test_loss: 0.0922
epoch 146
train_loss: 0.0766
test_loss: 0.0921
epoch 147
train_loss: 0.0764
test_loss: 0.0919
epoch 148
train_loss: 0.0762
test_loss: 0.0918
epoch 149
train_loss: 0.0760
test_loss: 0.0916
epoch 150
train_loss: 0.0758
test_loss: 0.0914
epoch 151
train_loss: 0.0756
test_loss: 0.0913
epoch 152
train_loss: 0.0754
test_loss: 0.0911
epoch 153
train_loss: 0.0752
test_loss: 0.0909
epoch 154
train_loss: 0.0751
test_loss: 0.0908
epoch 155
train_loss: 0.0748
test_loss: 0.0906
Traceback (most recent call last):
  File "/home/xueqiong/anaconda3/lib/python3.12/multiprocessing/resource_sharer.py", line 138, in _serve
    with self._listener.accept() as conn:
         ^^^^^^^^^^^^^^^^^^^^^^^
  File "/home/xueqiong/anaconda3/lib/python3.12/multiprocessing/connection.py", line 482, in accept
    deliver_challenge(c, self._authkey)
  File "/home/xueqiong/anaconda3/lib/python3.12/multiprocessing/connection.py", line 939, in deliver_challenge
    response = connection.recv_bytes(256)        # reject large message
               ^^^^^^^^^^^^^^^^^^^^^^^^^^
  File "/home/xueqiong/anaconda3/lib/python3.12/multiprocessing/connection.py", line 216, in recv_bytes
    buf = self._recv_bytes(maxlength)
          ^^^^^^^^^^^^^^^^^^^^^^^^^^^
  File "/home/xueqiong/anaconda3/lib/python3.12/multiprocessing/connection.py", line 430, in _recv_bytes
    buf = self._recv(4)
          ^^^^^^^^^^^^^
  File "/home/xueqiong/anaconda3/lib/python3.12/multiprocessing/connection.py", line 395, in _recv
    chunk = read(handle, remaining)
            ^^^^^^^^^^^^^^^^^^^^^^^
ConnectionResetError: [Errno 104] Connection reset by peer
