{'datasets': ['protein-tertiary-structure'], 'models': ['noisyFCN'], 'optimizer_name': 'Adam', 'hyperparam_eval_interval': 10, 'patience': 3, 'global_max_epochs': 2000, 'dropout_probs': [0.2, 0.1, 0.05, 0.01, 0.005, 0.001], 'fix_noiselevels': [0.001, 0.005, 0.01, 0.05, 0.1], 'init_noiselevels': [0.001, 0.005, 0.01, 0.05, 0.1], 'batch_sizes': [32], 'batch_sizes_specific': {'energy': [32]}, 'weight_decays': [0.01], 'dropout_batch_size': 32, 'n_hidden': 2, 'nonlinearity': 'relu', 'learning_rates': [0.002], 'mc_samples': 500, 'num_units': 50, 'num_units_specific': {'protein-tertiary-structure': 100}, 'normalize_X': True, 'normalize_y': True, 'n_folds': 5, 'inverted_cv_fraction': 5}
use_cuda: True
32
/home/xueqiong/noise_injection_uncertainty/regression/utils.py:39: FutureWarning: The 'delim_whitespace' keyword in pd.read_csv is deprecated and will be removed in a future version. Use ``sep='\s+'`` instead
  return pd.read_csv(dataset_path, engine='python', header=None, delim_whitespace=True)
13 1
405 101 506
model_name FCN
using Adam as optimizer
epoch 0
train_loss: 0.7249
test_loss: 0.5293
epoch 1
train_loss: 0.4254
test_loss: 0.3086
epoch 2
train_loss: 0.2871
test_loss: 0.1648
epoch 3
train_loss: 0.2334
test_loss: 0.1377
epoch 4
train_loss: 0.2013
test_loss: 0.1216
epoch 5
train_loss: 0.1800
test_loss: 0.1037
epoch 6
train_loss: 0.1647
test_loss: 0.0931
epoch 7
train_loss: 0.1538
test_loss: 0.0868
epoch 8
train_loss: 0.1437
test_loss: 0.0813
epoch 9
train_loss: 0.1345
test_loss: 0.0763
epoch 10
train_loss: 0.1266
test_loss: 0.0728
epoch 11
train_loss: 0.1193
test_loss: 0.0704
epoch 12
train_loss: 0.1129
test_loss: 0.0688
epoch 13
train_loss: 0.1072
test_loss: 0.0682
epoch 14
train_loss: 0.1022
test_loss: 0.0673
epoch 15
train_loss: 0.0974
test_loss: 0.0670
epoch 16
train_loss: 0.0931
test_loss: 0.0670
epoch 17
train_loss: 0.0890
test_loss: 0.0678
epoch 18
train_loss: 0.0854
test_loss: 0.0688
epoch 19
train_loss: 0.0824
test_loss: 0.0691
epoch 20
train_loss: 0.0794
test_loss: 0.0701
epoch 21
train_loss: 0.0772
test_loss: 0.0702
epoch 22
train_loss: 0.0744
test_loss: 0.0711
epoch 23
train_loss: 0.0722
test_loss: 0.0719
epoch 24
train_loss: 0.0701
test_loss: 0.0720
epoch 25
train_loss: 0.0681
test_loss: 0.0727
epoch 26
train_loss: 0.0663
test_loss: 0.0733
epoch 27
train_loss: 0.0646
test_loss: 0.0739
epoch 28
train_loss: 0.0630
test_loss: 0.0747
epoch 29
train_loss: 0.0615
test_loss: 0.0755
epoch 30
train_loss: 0.0600
test_loss: 0.0756
epoch 31
train_loss: 0.0586
test_loss: 0.0761
epoch 32
train_loss: 0.0573
test_loss: 0.0768
epoch 33
train_loss: 0.0562
test_loss: 0.0767
epoch 34
train_loss: 0.0548
test_loss: 0.0767
epoch 35
train_loss: 0.0533
test_loss: 0.0769
epoch 36
train_loss: 0.0521
test_loss: 0.0764
epoch 37
train_loss: 0.0509
test_loss: 0.0777
epoch 38
train_loss: 0.0499
test_loss: 0.0770
epoch 39
train_loss: 0.0489
test_loss: 0.0770
epoch 40
train_loss: 0.0479
test_loss: 0.0770
epoch 41
train_loss: 0.0468
test_loss: 0.0783
epoch 42
train_loss: 0.0459
test_loss: 0.0773
epoch 43
train_loss: 0.0448
test_loss: 0.0783
epoch 44
train_loss: 0.0440
test_loss: 0.0775
epoch 45
train_loss: 0.0430
test_loss: 0.0768
epoch 46
train_loss: 0.0419
test_loss: 0.0772
epoch 47
train_loss: 0.0411
test_loss: 0.0764
epoch 48
train_loss: 0.0400
test_loss: 0.0771
epoch 49
train_loss: 0.0392
test_loss: 0.0763
/home/xueqiong/noise_injection_uncertainty/regression/utils.py:39: FutureWarning: The 'delim_whitespace' keyword in pd.read_csv is deprecated and will be removed in a future version. Use ``sep='\s+'`` instead
  return pd.read_csv(dataset_path, engine='python', header=None, delim_whitespace=True)
13 1
405 101 506
model_name dropoutFCN
using Adam as optimizer
epoch 0
train_loss: 0.7903
Module: DropoutFullyConnectedNN
  Module: ModuleList
    Module: Linear
    Module: Linear
    Module: Linear
  Module: ModuleList
    Module: Dropout
dropout设置为训练模式
    Module: Dropout
dropout设置为训练模式
    Module: Dropout
dropout设置为训练模式
  Module: ReLU
test_loss: 0.5981
epoch 1
train_loss: 0.4721
Module: DropoutFullyConnectedNN
  Module: ModuleList
    Module: Linear
    Module: Linear
    Module: Linear
  Module: ModuleList
    Module: Dropout
dropout设置为训练模式
    Module: Dropout
dropout设置为训练模式
    Module: Dropout
dropout设置为训练模式
  Module: ReLU
test_loss: 0.3459
epoch 2
train_loss: 0.3181
Module: DropoutFullyConnectedNN
  Module: ModuleList
    Module: Linear
    Module: Linear
    Module: Linear
  Module: ModuleList
    Module: Dropout
dropout设置为训练模式
    Module: Dropout
dropout设置为训练模式
    Module: Dropout
dropout设置为训练模式
  Module: ReLU
test_loss: 0.1672
epoch 3
train_loss: 0.2705
Module: DropoutFullyConnectedNN
  Module: ModuleList
    Module: Linear
    Module: Linear
    Module: Linear
  Module: ModuleList
    Module: Dropout
dropout设置为训练模式
    Module: Dropout
dropout设置为训练模式
    Module: Dropout
dropout设置为训练模式
  Module: ReLU
test_loss: 0.1326
epoch 4
train_loss: 0.2401
Module: DropoutFullyConnectedNN
  Module: ModuleList
    Module: Linear
    Module: Linear
    Module: Linear
  Module: ModuleList
    Module: Dropout
dropout设置为训练模式
    Module: Dropout
dropout设置为训练模式
    Module: Dropout
dropout设置为训练模式
  Module: ReLU
test_loss: 0.1248
epoch 5
train_loss: 0.2202
Module: DropoutFullyConnectedNN
  Module: ModuleList
    Module: Linear
    Module: Linear
    Module: Linear
  Module: ModuleList
    Module: Dropout
dropout设置为训练模式
    Module: Dropout
dropout设置为训练模式
    Module: Dropout
dropout设置为训练模式
  Module: ReLU
test_loss: 0.1166
epoch 6
train_loss: 0.2190
Module: DropoutFullyConnectedNN
  Module: ModuleList
    Module: Linear
    Module: Linear
    Module: Linear
  Module: ModuleList
    Module: Dropout
dropout设置为训练模式
    Module: Dropout
dropout设置为训练模式
    Module: Dropout
dropout设置为训练模式
  Module: ReLU
test_loss: 0.1057
epoch 7
train_loss: 0.2031
Module: DropoutFullyConnectedNN
  Module: ModuleList
    Module: Linear
    Module: Linear
    Module: Linear
  Module: ModuleList
    Module: Dropout
dropout设置为训练模式
    Module: Dropout
dropout设置为训练模式
    Module: Dropout
dropout设置为训练模式
  Module: ReLU
test_loss: 0.0949
epoch 8
train_loss: 0.1659
Module: DropoutFullyConnectedNN
  Module: ModuleList
    Module: Linear
    Module: Linear
    Module: Linear
  Module: ModuleList
    Module: Dropout
dropout设置为训练模式
    Module: Dropout
dropout设置为训练模式
    Module: Dropout
dropout设置为训练模式
  Module: ReLU
test_loss: 0.0864
epoch 9
train_loss: 0.1821
Module: DropoutFullyConnectedNN
  Module: ModuleList
    Module: Linear
    Module: Linear
    Module: Linear
  Module: ModuleList
    Module: Dropout
dropout设置为训练模式
    Module: Dropout
dropout设置为训练模式
    Module: Dropout
dropout设置为训练模式
  Module: ReLU
test_loss: 0.0847
epoch 10
train_loss: 0.1678
Module: DropoutFullyConnectedNN
  Module: ModuleList
    Module: Linear
    Module: Linear
    Module: Linear
  Module: ModuleList
    Module: Dropout
dropout设置为训练模式
    Module: Dropout
dropout设置为训练模式
    Module: Dropout
dropout设置为训练模式
  Module: ReLU
test_loss: 0.0810
epoch 11
train_loss: 0.1547
Module: DropoutFullyConnectedNN
  Module: ModuleList
    Module: Linear
    Module: Linear
    Module: Linear
  Module: ModuleList
    Module: Dropout
dropout设置为训练模式
    Module: Dropout
dropout设置为训练模式
    Module: Dropout
dropout设置为训练模式
  Module: ReLU
test_loss: 0.0797
epoch 12
train_loss: 0.1575
Module: DropoutFullyConnectedNN
  Module: ModuleList
    Module: Linear
    Module: Linear
    Module: Linear
  Module: ModuleList
    Module: Dropout
dropout设置为训练模式
    Module: Dropout
dropout设置为训练模式
    Module: Dropout
dropout设置为训练模式
  Module: ReLU
test_loss: 0.0800
epoch 13
train_loss: 0.1681
Module: DropoutFullyConnectedNN
  Module: ModuleList
    Module: Linear
    Module: Linear
    Module: Linear
  Module: ModuleList
    Module: Dropout
dropout设置为训练模式
    Module: Dropout
dropout设置为训练模式
    Module: Dropout
dropout设置为训练模式
  Module: ReLU
test_loss: 0.0770
epoch 14
train_loss: 0.1499
Module: DropoutFullyConnectedNN
  Module: ModuleList
    Module: Linear
    Module: Linear
    Module: Linear
  Module: ModuleList
    Module: Dropout
dropout设置为训练模式
    Module: Dropout
dropout设置为训练模式
    Module: Dropout
dropout设置为训练模式
  Module: ReLU
test_loss: 0.0717
epoch 15
train_loss: 0.1501
Module: DropoutFullyConnectedNN
  Module: ModuleList
    Module: Linear
    Module: Linear
    Module: Linear
  Module: ModuleList
    Module: Dropout
dropout设置为训练模式
    Module: Dropout
dropout设置为训练模式
    Module: Dropout
dropout设置为训练模式
  Module: ReLU
test_loss: 0.0762
epoch 16
train_loss: 0.1318
Module: DropoutFullyConnectedNN
  Module: ModuleList
    Module: Linear
    Module: Linear
    Module: Linear
  Module: ModuleList
    Module: Dropout
dropout设置为训练模式
    Module: Dropout
dropout设置为训练模式
    Module: Dropout
dropout设置为训练模式
  Module: ReLU
test_loss: 0.0790
epoch 17
train_loss: 0.1244
Module: DropoutFullyConnectedNN
  Module: ModuleList
    Module: Linear
    Module: Linear
    Module: Linear
  Module: ModuleList
    Module: Dropout
dropout设置为训练模式
    Module: Dropout
dropout设置为训练模式
    Module: Dropout
dropout设置为训练模式
  Module: ReLU
test_loss: 0.0732
epoch 18
train_loss: 0.1253
Module: DropoutFullyConnectedNN
  Module: ModuleList
    Module: Linear
    Module: Linear
    Module: Linear
  Module: ModuleList
    Module: Dropout
dropout设置为训练模式
    Module: Dropout
dropout设置为训练模式
    Module: Dropout
dropout设置为训练模式
  Module: ReLU
test_loss: 0.0752
epoch 19
train_loss: 0.1225
Module: DropoutFullyConnectedNN
  Module: ModuleList
    Module: Linear
    Module: Linear
    Module: Linear
  Module: ModuleList
    Module: Dropout
dropout设置为训练模式
    Module: Dropout
dropout设置为训练模式
    Module: Dropout
dropout设置为训练模式
  Module: ReLU
test_loss: 0.0713
epoch 20
train_loss: 0.1159
Module: DropoutFullyConnectedNN
  Module: ModuleList
    Module: Linear
    Module: Linear
    Module: Linear
  Module: ModuleList
    Module: Dropout
dropout设置为训练模式
    Module: Dropout
dropout设置为训练模式
    Module: Dropout
dropout设置为训练模式
  Module: ReLU
test_loss: 0.0696
epoch 21
train_loss: 0.1161
Module: DropoutFullyConnectedNN
  Module: ModuleList
    Module: Linear
    Module: Linear
    Module: Linear
  Module: ModuleList
    Module: Dropout
dropout设置为训练模式
    Module: Dropout
dropout设置为训练模式
    Module: Dropout
dropout设置为训练模式
  Module: ReLU
test_loss: 0.0717
epoch 22
train_loss: 0.1068
Module: DropoutFullyConnectedNN
  Module: ModuleList
    Module: Linear
    Module: Linear
    Module: Linear
  Module: ModuleList
    Module: Dropout
dropout设置为训练模式
    Module: Dropout
dropout设置为训练模式
    Module: Dropout
dropout设置为训练模式
  Module: ReLU
test_loss: 0.0724
epoch 23
train_loss: 0.1032
Module: DropoutFullyConnectedNN
  Module: ModuleList
    Module: Linear
    Module: Linear
    Module: Linear
  Module: ModuleList
    Module: Dropout
dropout设置为训练模式
    Module: Dropout
dropout设置为训练模式
    Module: Dropout
dropout设置为训练模式
  Module: ReLU
test_loss: 0.0726
epoch 24
train_loss: 0.1159
Module: DropoutFullyConnectedNN
  Module: ModuleList
    Module: Linear
    Module: Linear
    Module: Linear
  Module: ModuleList
    Module: Dropout
dropout设置为训练模式
    Module: Dropout
dropout设置为训练模式
    Module: Dropout
dropout设置为训练模式
  Module: ReLU
test_loss: 0.0690
epoch 25
train_loss: 0.1057
Module: DropoutFullyConnectedNN
  Module: ModuleList
    Module: Linear
    Module: Linear
    Module: Linear
  Module: ModuleList
    Module: Dropout
dropout设置为训练模式
    Module: Dropout
dropout设置为训练模式
    Module: Dropout
dropout设置为训练模式
  Module: ReLU
test_loss: 0.0745
epoch 26
train_loss: 0.1062
Module: DropoutFullyConnectedNN
  Module: ModuleList
    Module: Linear
    Module: Linear
    Module: Linear
  Module: ModuleList
    Module: Dropout
dropout设置为训练模式
    Module: Dropout
dropout设置为训练模式
    Module: Dropout
dropout设置为训练模式
  Module: ReLU
test_loss: 0.0698
epoch 27
train_loss: 0.0961
Module: DropoutFullyConnectedNN
  Module: ModuleList
    Module: Linear
    Module: Linear
    Module: Linear
  Module: ModuleList
    Module: Dropout
dropout设置为训练模式
    Module: Dropout
dropout设置为训练模式
    Module: Dropout
dropout设置为训练模式
  Module: ReLU
test_loss: 0.0675
epoch 28
train_loss: 0.1001
Module: DropoutFullyConnectedNN
  Module: ModuleList
    Module: Linear
    Module: Linear
    Module: Linear
  Module: ModuleList
    Module: Dropout
dropout设置为训练模式
    Module: Dropout
dropout设置为训练模式
    Module: Dropout
dropout设置为训练模式
  Module: ReLU
test_loss: 0.0687
epoch 29
train_loss: 0.0974
Module: DropoutFullyConnectedNN
  Module: ModuleList
    Module: Linear
    Module: Linear
    Module: Linear
  Module: ModuleList
    Module: Dropout
dropout设置为训练模式
    Module: Dropout
dropout设置为训练模式
    Module: Dropout
dropout设置为训练模式
  Module: ReLU
test_loss: 0.0722
epoch 30
train_loss: 0.1027
Module: DropoutFullyConnectedNN
  Module: ModuleList
    Module: Linear
    Module: Linear
    Module: Linear
  Module: ModuleList
    Module: Dropout
dropout设置为训练模式
    Module: Dropout
dropout设置为训练模式
    Module: Dropout
dropout设置为训练模式
  Module: ReLU
test_loss: 0.0749
epoch 31
train_loss: 0.1041
Module: DropoutFullyConnectedNN
  Module: ModuleList
    Module: Linear
    Module: Linear
    Module: Linear
  Module: ModuleList
    Module: Dropout
dropout设置为训练模式
    Module: Dropout
dropout设置为训练模式
    Module: Dropout
dropout设置为训练模式
  Module: ReLU
test_loss: 0.0748
epoch 32
train_loss: 0.1082
Module: DropoutFullyConnectedNN
  Module: ModuleList
    Module: Linear
    Module: Linear
    Module: Linear
  Module: ModuleList
    Module: Dropout
dropout设置为训练模式
    Module: Dropout
dropout设置为训练模式
    Module: Dropout
dropout设置为训练模式
  Module: ReLU
test_loss: 0.0725
epoch 33
train_loss: 0.0929
Module: DropoutFullyConnectedNN
  Module: ModuleList
    Module: Linear
    Module: Linear
    Module: Linear
  Module: ModuleList
    Module: Dropout
dropout设置为训练模式
    Module: Dropout
dropout设置为训练模式
    Module: Dropout
dropout设置为训练模式
  Module: ReLU
test_loss: 0.0713
epoch 34
train_loss: 0.0903
Module: DropoutFullyConnectedNN
  Module: ModuleList
    Module: Linear
    Module: Linear
    Module: Linear
  Module: ModuleList
    Module: Dropout
dropout设置为训练模式
    Module: Dropout
dropout设置为训练模式
    Module: Dropout
dropout设置为训练模式
  Module: ReLU
test_loss: 0.0744
epoch 35
train_loss: 0.0812
Module: DropoutFullyConnectedNN
  Module: ModuleList
    Module: Linear
    Module: Linear
    Module: Linear
  Module: ModuleList
    Module: Dropout
dropout设置为训练模式
    Module: Dropout
dropout设置为训练模式
    Module: Dropout
dropout设置为训练模式
  Module: ReLU
test_loss: 0.0723
epoch 36
train_loss: 0.0909
Module: DropoutFullyConnectedNN
  Module: ModuleList
    Module: Linear
    Module: Linear
    Module: Linear
  Module: ModuleList
    Module: Dropout
dropout设置为训练模式
    Module: Dropout
dropout设置为训练模式
    Module: Dropout
dropout设置为训练模式
  Module: ReLU
test_loss: 0.0716
epoch 37
train_loss: 0.0892
Module: DropoutFullyConnectedNN
  Module: ModuleList
    Module: Linear
    Module: Linear
    Module: Linear
  Module: ModuleList
    Module: Dropout
dropout设置为训练模式
    Module: Dropout
dropout设置为训练模式
    Module: Dropout
dropout设置为训练模式
  Module: ReLU
test_loss: 0.0729
epoch 38
train_loss: 0.0928
Module: DropoutFullyConnectedNN
  Module: ModuleList
    Module: Linear
    Module: Linear
    Module: Linear
  Module: ModuleList
    Module: Dropout
dropout设置为训练模式
    Module: Dropout
dropout设置为训练模式
    Module: Dropout
dropout设置为训练模式
  Module: ReLU
test_loss: 0.0718
epoch 39
train_loss: 0.0908
Module: DropoutFullyConnectedNN
  Module: ModuleList
    Module: Linear
    Module: Linear
    Module: Linear
  Module: ModuleList
    Module: Dropout
dropout设置为训练模式
    Module: Dropout
dropout设置为训练模式
    Module: Dropout
dropout设置为训练模式
  Module: ReLU
test_loss: 0.0748
epoch 40
train_loss: 0.0893
Module: DropoutFullyConnectedNN
  Module: ModuleList
    Module: Linear
    Module: Linear
    Module: Linear
  Module: ModuleList
    Module: Dropout
dropout设置为训练模式
    Module: Dropout
dropout设置为训练模式
    Module: Dropout
dropout设置为训练模式
  Module: ReLU
test_loss: 0.0756
epoch 41
train_loss: 0.0937
Module: DropoutFullyConnectedNN
  Module: ModuleList
    Module: Linear
    Module: Linear
    Module: Linear
  Module: ModuleList
    Module: Dropout
dropout设置为训练模式
    Module: Dropout
dropout设置为训练模式
    Module: Dropout
dropout设置为训练模式
  Module: ReLU
test_loss: 0.0742
epoch 42
train_loss: 0.0865
Module: DropoutFullyConnectedNN
  Module: ModuleList
    Module: Linear
    Module: Linear
    Module: Linear
  Module: ModuleList
    Module: Dropout
dropout设置为训练模式
    Module: Dropout
dropout设置为训练模式
    Module: Dropout
dropout设置为训练模式
  Module: ReLU
test_loss: 0.0784
epoch 43
train_loss: 0.0799
Module: DropoutFullyConnectedNN
  Module: ModuleList
    Module: Linear
    Module: Linear
    Module: Linear
  Module: ModuleList
    Module: Dropout
dropout设置为训练模式
    Module: Dropout
dropout设置为训练模式
    Module: Dropout
dropout设置为训练模式
  Module: ReLU
test_loss: 0.0752
epoch 44
train_loss: 0.0871
Module: DropoutFullyConnectedNN
  Module: ModuleList
    Module: Linear
    Module: Linear
    Module: Linear
  Module: ModuleList
    Module: Dropout
dropout设置为训练模式
    Module: Dropout
dropout设置为训练模式
    Module: Dropout
dropout设置为训练模式
  Module: ReLU
test_loss: 0.0746
epoch 45
train_loss: 0.0857
Module: DropoutFullyConnectedNN
  Module: ModuleList
    Module: Linear
    Module: Linear
    Module: Linear
  Module: ModuleList
    Module: Dropout
dropout设置为训练模式
    Module: Dropout
dropout设置为训练模式
    Module: Dropout
dropout设置为训练模式
  Module: ReLU
test_loss: 0.0780
epoch 46
train_loss: 0.0929
Module: DropoutFullyConnectedNN
  Module: ModuleList
    Module: Linear
    Module: Linear
    Module: Linear
  Module: ModuleList
    Module: Dropout
dropout设置为训练模式
    Module: Dropout
dropout设置为训练模式
    Module: Dropout
dropout设置为训练模式
  Module: ReLU
test_loss: 0.0773
epoch 47
train_loss: 0.0826
Module: DropoutFullyConnectedNN
  Module: ModuleList
    Module: Linear
    Module: Linear
    Module: Linear
  Module: ModuleList
    Module: Dropout
dropout设置为训练模式
    Module: Dropout
dropout设置为训练模式
    Module: Dropout
dropout设置为训练模式
  Module: ReLU
test_loss: 0.0739
epoch 48
train_loss: 0.0727
Module: DropoutFullyConnectedNN
  Module: ModuleList
    Module: Linear
    Module: Linear
    Module: Linear
  Module: ModuleList
    Module: Dropout
dropout设置为训练模式
    Module: Dropout
dropout设置为训练模式
    Module: Dropout
dropout设置为训练模式
  Module: ReLU
test_loss: 0.0783
epoch 49
train_loss: 0.0772
Module: DropoutFullyConnectedNN
  Module: ModuleList
    Module: Linear
    Module: Linear
    Module: Linear
  Module: ModuleList
    Module: Dropout
dropout设置为训练模式
    Module: Dropout
dropout设置为训练模式
    Module: Dropout
dropout设置为训练模式
  Module: ReLU
test_loss: 0.0789
epoch 50
train_loss: 0.0824
Module: DropoutFullyConnectedNN
  Module: ModuleList
    Module: Linear
    Module: Linear
    Module: Linear
  Module: ModuleList
    Module: Dropout
dropout设置为训练模式
    Module: Dropout
dropout设置为训练模式
    Module: Dropout
dropout设置为训练模式
  Module: ReLU
test_loss: 0.0776
epoch 51
train_loss: 0.0770
Module: DropoutFullyConnectedNN
  Module: ModuleList
    Module: Linear
    Module: Linear
    Module: Linear
  Module: ModuleList
    Module: Dropout
dropout设置为训练模式
    Module: Dropout
dropout设置为训练模式
    Module: Dropout
dropout设置为训练模式
  Module: ReLU
test_loss: 0.0780
epoch 52
train_loss: 0.0832
Module: DropoutFullyConnectedNN
  Module: ModuleList
    Module: Linear
    Module: Linear
    Module: Linear
  Module: ModuleList
    Module: Dropout
dropout设置为训练模式
    Module: Dropout
dropout设置为训练模式
    Module: Dropout
dropout设置为训练模式
  Module: ReLU
test_loss: 0.0756
epoch 53
train_loss: 0.0767
Module: DropoutFullyConnectedNN
  Module: ModuleList
    Module: Linear
    Module: Linear
    Module: Linear
  Module: ModuleList
    Module: Dropout
dropout设置为训练模式
    Module: Dropout
dropout设置为训练模式
    Module: Dropout
dropout设置为训练模式
  Module: ReLU
test_loss: 0.0683
epoch 54
train_loss: 0.0819
Module: DropoutFullyConnectedNN
  Module: ModuleList
    Module: Linear
    Module: Linear
    Module: Linear
  Module: ModuleList
    Module: Dropout
dropout设置为训练模式
    Module: Dropout
dropout设置为训练模式
    Module: Dropout
dropout设置为训练模式
  Module: ReLU
test_loss: 0.0704
epoch 55
train_loss: 0.0829
Module: DropoutFullyConnectedNN
  Module: ModuleList
    Module: Linear
    Module: Linear
    Module: Linear
  Module: ModuleList
    Module: Dropout
dropout设置为训练模式
    Module: Dropout
dropout设置为训练模式
    Module: Dropout
dropout设置为训练模式
  Module: ReLU
test_loss: 0.0676
epoch 56
train_loss: 0.0779
Module: DropoutFullyConnectedNN
  Module: ModuleList
    Module: Linear
    Module: Linear
    Module: Linear
  Module: ModuleList
    Module: Dropout
dropout设置为训练模式
    Module: Dropout
dropout设置为训练模式
    Module: Dropout
dropout设置为训练模式
  Module: ReLU
test_loss: 0.0726
epoch 57
train_loss: 0.0678
Module: DropoutFullyConnectedNN
  Module: ModuleList
    Module: Linear
    Module: Linear
    Module: Linear
  Module: ModuleList
    Module: Dropout
dropout设置为训练模式
    Module: Dropout
dropout设置为训练模式
    Module: Dropout
dropout设置为训练模式
  Module: ReLU
test_loss: 0.0718
epoch 58
train_loss: 0.0766
Module: DropoutFullyConnectedNN
  Module: ModuleList
    Module: Linear
    Module: Linear
    Module: Linear
  Module: ModuleList
    Module: Dropout
dropout设置为训练模式
    Module: Dropout
dropout设置为训练模式
    Module: Dropout
dropout设置为训练模式
  Module: ReLU
test_loss: 0.0680
epoch 59
train_loss: 0.0691
Module: DropoutFullyConnectedNN
  Module: ModuleList
    Module: Linear
    Module: Linear
    Module: Linear
  Module: ModuleList
    Module: Dropout
dropout设置为训练模式
    Module: Dropout
dropout设置为训练模式
    Module: Dropout
dropout设置为训练模式
  Module: ReLU
test_loss: 0.0700
epoch 60
train_loss: 0.0658
Module: DropoutFullyConnectedNN
  Module: ModuleList
    Module: Linear
    Module: Linear
    Module: Linear
  Module: ModuleList
    Module: Dropout
dropout设置为训练模式
    Module: Dropout
dropout设置为训练模式
    Module: Dropout
dropout设置为训练模式
  Module: ReLU
test_loss: 0.0764
epoch 61
train_loss: 0.0761
Module: DropoutFullyConnectedNN
  Module: ModuleList
    Module: Linear
    Module: Linear
    Module: Linear
  Module: ModuleList
    Module: Dropout
dropout设置为训练模式
    Module: Dropout
dropout设置为训练模式
    Module: Dropout
dropout设置为训练模式
  Module: ReLU
test_loss: 0.0839
epoch 62
train_loss: 0.0688
Module: DropoutFullyConnectedNN
  Module: ModuleList
    Module: Linear
    Module: Linear
    Module: Linear
  Module: ModuleList
    Module: Dropout
dropout设置为训练模式
    Module: Dropout
dropout设置为训练模式
    Module: Dropout
dropout设置为训练模式
  Module: ReLU
test_loss: 0.0753
epoch 63
train_loss: 0.0617
Module: DropoutFullyConnectedNN
  Module: ModuleList
    Module: Linear
    Module: Linear
    Module: Linear
  Module: ModuleList
    Module: Dropout
dropout设置为训练模式
    Module: Dropout
dropout设置为训练模式
    Module: Dropout
dropout设置为训练模式
  Module: ReLU
test_loss: 0.0709
epoch 64
train_loss: 0.0657
Module: DropoutFullyConnectedNN
  Module: ModuleList
    Module: Linear
    Module: Linear
    Module: Linear
  Module: ModuleList
    Module: Dropout
dropout设置为训练模式
    Module: Dropout
dropout设置为训练模式
    Module: Dropout
dropout设置为训练模式
  Module: ReLU
test_loss: 0.0711
epoch 65
train_loss: 0.0745
Module: DropoutFullyConnectedNN
  Module: ModuleList
    Module: Linear
    Module: Linear
    Module: Linear
  Module: ModuleList
    Module: Dropout
dropout设置为训练模式
    Module: Dropout
dropout设置为训练模式
    Module: Dropout
dropout设置为训练模式
  Module: ReLU
test_loss: 0.0765
epoch 66
train_loss: 0.0711
Module: DropoutFullyConnectedNN
  Module: ModuleList
    Module: Linear
    Module: Linear
    Module: Linear
  Module: ModuleList
    Module: Dropout
dropout设置为训练模式
    Module: Dropout
dropout设置为训练模式
    Module: Dropout
dropout设置为训练模式
  Module: ReLU
test_loss: 0.0717
epoch 67
train_loss: 0.0569
Module: DropoutFullyConnectedNN
  Module: ModuleList
    Module: Linear
    Module: Linear
    Module: Linear
  Module: ModuleList
    Module: Dropout
dropout设置为训练模式
    Module: Dropout
dropout设置为训练模式
    Module: Dropout
dropout设置为训练模式
  Module: ReLU
test_loss: 0.0703
epoch 68
train_loss: 0.0678
Module: DropoutFullyConnectedNN
  Module: ModuleList
    Module: Linear
    Module: Linear
    Module: Linear
  Module: ModuleList
    Module: Dropout
dropout设置为训练模式
    Module: Dropout
dropout设置为训练模式
    Module: Dropout
dropout设置为训练模式
  Module: ReLU
test_loss: 0.0751
epoch 69
train_loss: 0.0689
Module: DropoutFullyConnectedNN
  Module: ModuleList
    Module: Linear
    Module: Linear
    Module: Linear
  Module: ModuleList
    Module: Dropout
dropout设置为训练模式
    Module: Dropout
dropout设置为训练模式
    Module: Dropout
dropout设置为训练模式
  Module: ReLU
test_loss: 0.0703
epoch 70
train_loss: 0.0624
Module: DropoutFullyConnectedNN
  Module: ModuleList
    Module: Linear
    Module: Linear
    Module: Linear
  Module: ModuleList
    Module: Dropout
dropout设置为训练模式
    Module: Dropout
dropout设置为训练模式
    Module: Dropout
dropout设置为训练模式
  Module: ReLU
test_loss: 0.0717
epoch 71
train_loss: 0.0616
Module: DropoutFullyConnectedNN
  Module: ModuleList
    Module: Linear
    Module: Linear
    Module: Linear
  Module: ModuleList
    Module: Dropout
dropout设置为训练模式
    Module: Dropout
dropout设置为训练模式
    Module: Dropout
dropout设置为训练模式
  Module: ReLU
test_loss: 0.0758
epoch 72
train_loss: 0.0773
Module: DropoutFullyConnectedNN
  Module: ModuleList
    Module: Linear
    Module: Linear
    Module: Linear
  Module: ModuleList
    Module: Dropout
dropout设置为训练模式
    Module: Dropout
dropout设置为训练模式
    Module: Dropout
dropout设置为训练模式
  Module: ReLU
test_loss: 0.0722
epoch 73
train_loss: 0.0643
Module: DropoutFullyConnectedNN
  Module: ModuleList
    Module: Linear
    Module: Linear
    Module: Linear
  Module: ModuleList
    Module: Dropout
dropout设置为训练模式
    Module: Dropout
dropout设置为训练模式
    Module: Dropout
dropout设置为训练模式
  Module: ReLU
test_loss: 0.0713
epoch 74
train_loss: 0.0668
Module: DropoutFullyConnectedNN
  Module: ModuleList
    Module: Linear
    Module: Linear
    Module: Linear
  Module: ModuleList
    Module: Dropout
dropout设置为训练模式
    Module: Dropout
dropout设置为训练模式
    Module: Dropout
dropout设置为训练模式
  Module: ReLU
test_loss: 0.0725
epoch 75
train_loss: 0.0607
Module: DropoutFullyConnectedNN
  Module: ModuleList
    Module: Linear
    Module: Linear
    Module: Linear
  Module: ModuleList
    Module: Dropout
dropout设置为训练模式
    Module: Dropout
dropout设置为训练模式
    Module: Dropout
dropout设置为训练模式
  Module: ReLU
test_loss: 0.0698
epoch 76
train_loss: 0.0564
Module: DropoutFullyConnectedNN
  Module: ModuleList
    Module: Linear
    Module: Linear
    Module: Linear
  Module: ModuleList
    Module: Dropout
dropout设置为训练模式
    Module: Dropout
dropout设置为训练模式
    Module: Dropout
dropout设置为训练模式
  Module: ReLU
test_loss: 0.0649
epoch 77
train_loss: 0.0590
Module: DropoutFullyConnectedNN
  Module: ModuleList
    Module: Linear
    Module: Linear
    Module: Linear
  Module: ModuleList
    Module: Dropout
dropout设置为训练模式
    Module: Dropout
dropout设置为训练模式
    Module: Dropout
dropout设置为训练模式
  Module: ReLU
test_loss: 0.0646
epoch 78
train_loss: 0.0643
Module: DropoutFullyConnectedNN
  Module: ModuleList
    Module: Linear
    Module: Linear
    Module: Linear
  Module: ModuleList
    Module: Dropout
dropout设置为训练模式
    Module: Dropout
dropout设置为训练模式
    Module: Dropout
dropout设置为训练模式
  Module: ReLU
test_loss: 0.0712
epoch 79
train_loss: 0.0687
Module: DropoutFullyConnectedNN
  Module: ModuleList
    Module: Linear
    Module: Linear
    Module: Linear
  Module: ModuleList
    Module: Dropout
dropout设置为训练模式
    Module: Dropout
dropout设置为训练模式
    Module: Dropout
dropout设置为训练模式
  Module: ReLU
test_loss: 0.0712
epoch 80
train_loss: 0.0586
Module: DropoutFullyConnectedNN
  Module: ModuleList
    Module: Linear
    Module: Linear
    Module: Linear
  Module: ModuleList
    Module: Dropout
dropout设置为训练模式
    Module: Dropout
dropout设置为训练模式
    Module: Dropout
dropout设置为训练模式
  Module: ReLU
test_loss: 0.0758
epoch 81
train_loss: 0.0592
Module: DropoutFullyConnectedNN
  Module: ModuleList
    Module: Linear
    Module: Linear
    Module: Linear
  Module: ModuleList
    Module: Dropout
dropout设置为训练模式
    Module: Dropout
dropout设置为训练模式
    Module: Dropout
dropout设置为训练模式
  Module: ReLU
test_loss: 0.0671
epoch 82
train_loss: 0.0632
Module: DropoutFullyConnectedNN
  Module: ModuleList
    Module: Linear
    Module: Linear
    Module: Linear
  Module: ModuleList
    Module: Dropout
dropout设置为训练模式
    Module: Dropout
dropout设置为训练模式
    Module: Dropout
dropout设置为训练模式
  Module: ReLU
test_loss: 0.0673
epoch 83
train_loss: 0.0601
Module: DropoutFullyConnectedNN
  Module: ModuleList
    Module: Linear
    Module: Linear
    Module: Linear
  Module: ModuleList
    Module: Dropout
dropout设置为训练模式
    Module: Dropout
dropout设置为训练模式
    Module: Dropout
dropout设置为训练模式
  Module: ReLU
test_loss: 0.0682
epoch 84
train_loss: 0.0637
Module: DropoutFullyConnectedNN
  Module: ModuleList
    Module: Linear
    Module: Linear
    Module: Linear
  Module: ModuleList
    Module: Dropout
dropout设置为训练模式
    Module: Dropout
dropout设置为训练模式
    Module: Dropout
dropout设置为训练模式
  Module: ReLU
test_loss: 0.0704
epoch 85
train_loss: 0.0631
Module: DropoutFullyConnectedNN
  Module: ModuleList
    Module: Linear
    Module: Linear
    Module: Linear
  Module: ModuleList
    Module: Dropout
dropout设置为训练模式
    Module: Dropout
dropout设置为训练模式
    Module: Dropout
dropout设置为训练模式
  Module: ReLU
test_loss: 0.0717
epoch 86
train_loss: 0.0572
Module: DropoutFullyConnectedNN
  Module: ModuleList
    Module: Linear
    Module: Linear
    Module: Linear
  Module: ModuleList
    Module: Dropout
dropout设置为训练模式
    Module: Dropout
dropout设置为训练模式
    Module: Dropout
dropout设置为训练模式
  Module: ReLU
test_loss: 0.0721
epoch 87
train_loss: 0.0666
Module: DropoutFullyConnectedNN
  Module: ModuleList
    Module: Linear
    Module: Linear
    Module: Linear
  Module: ModuleList
    Module: Dropout
dropout设置为训练模式
    Module: Dropout
dropout设置为训练模式
    Module: Dropout
dropout设置为训练模式
  Module: ReLU
test_loss: 0.0763
epoch 88
train_loss: 0.0594
Module: DropoutFullyConnectedNN
  Module: ModuleList
    Module: Linear
    Module: Linear
    Module: Linear
  Module: ModuleList
    Module: Dropout
dropout设置为训练模式
    Module: Dropout
dropout设置为训练模式
    Module: Dropout
dropout设置为训练模式
  Module: ReLU
test_loss: 0.0700
epoch 89
train_loss: 0.0605
Module: DropoutFullyConnectedNN
  Module: ModuleList
    Module: Linear
    Module: Linear
    Module: Linear
  Module: ModuleList
    Module: Dropout
dropout设置为训练模式
    Module: Dropout
dropout设置为训练模式
    Module: Dropout
dropout设置为训练模式
  Module: ReLU
test_loss: 0.0692
epoch 90
train_loss: 0.0514
Module: DropoutFullyConnectedNN
  Module: ModuleList
    Module: Linear
    Module: Linear
    Module: Linear
  Module: ModuleList
    Module: Dropout
dropout设置为训练模式
    Module: Dropout
dropout设置为训练模式
    Module: Dropout
dropout设置为训练模式
  Module: ReLU
test_loss: 0.0724
epoch 91
train_loss: 0.0544
Module: DropoutFullyConnectedNN
  Module: ModuleList
    Module: Linear
    Module: Linear
    Module: Linear
  Module: ModuleList
    Module: Dropout
dropout设置为训练模式
    Module: Dropout
dropout设置为训练模式
    Module: Dropout
dropout设置为训练模式
  Module: ReLU
test_loss: 0.0720
epoch 92
train_loss: 0.0577
Module: DropoutFullyConnectedNN
  Module: ModuleList
    Module: Linear
    Module: Linear
    Module: Linear
  Module: ModuleList
    Module: Dropout
dropout设置为训练模式
    Module: Dropout
dropout设置为训练模式
    Module: Dropout
dropout设置为训练模式
  Module: ReLU
test_loss: 0.0764
epoch 93
train_loss: 0.0542
Module: DropoutFullyConnectedNN
  Module: ModuleList
    Module: Linear
    Module: Linear
    Module: Linear
  Module: ModuleList
    Module: Dropout
dropout设置为训练模式
    Module: Dropout
dropout设置为训练模式
    Module: Dropout
dropout设置为训练模式
  Module: ReLU
test_loss: 0.0727
epoch 94
train_loss: 0.0611
Module: DropoutFullyConnectedNN
  Module: ModuleList
    Module: Linear
    Module: Linear
    Module: Linear
  Module: ModuleList
    Module: Dropout
dropout设置为训练模式
    Module: Dropout
dropout设置为训练模式
    Module: Dropout
dropout设置为训练模式
  Module: ReLU
test_loss: 0.0683
epoch 95
train_loss: 0.0580
Module: DropoutFullyConnectedNN
  Module: ModuleList
    Module: Linear
    Module: Linear
    Module: Linear
  Module: ModuleList
    Module: Dropout
dropout设置为训练模式
    Module: Dropout
dropout设置为训练模式
    Module: Dropout
dropout设置为训练模式
  Module: ReLU
test_loss: 0.0718
epoch 96
train_loss: 0.0509
Module: DropoutFullyConnectedNN
  Module: ModuleList
    Module: Linear
    Module: Linear
    Module: Linear
  Module: ModuleList
    Module: Dropout
dropout设置为训练模式
    Module: Dropout
dropout设置为训练模式
    Module: Dropout
dropout设置为训练模式
  Module: ReLU
test_loss: 0.0699
epoch 97
train_loss: 0.0545
Module: DropoutFullyConnectedNN
  Module: ModuleList
    Module: Linear
    Module: Linear
    Module: Linear
  Module: ModuleList
    Module: Dropout
dropout设置为训练模式
    Module: Dropout
dropout设置为训练模式
    Module: Dropout
dropout设置为训练模式
  Module: ReLU
test_loss: 0.0704
epoch 98
train_loss: 0.0571
Module: DropoutFullyConnectedNN
  Module: ModuleList
    Module: Linear
    Module: Linear
    Module: Linear
  Module: ModuleList
    Module: Dropout
dropout设置为训练模式
    Module: Dropout
dropout设置为训练模式
    Module: Dropout
dropout设置为训练模式
  Module: ReLU
test_loss: 0.0794
epoch 99
train_loss: 0.0578
Module: DropoutFullyConnectedNN
  Module: ModuleList
    Module: Linear
    Module: Linear
    Module: Linear
  Module: ModuleList
    Module: Dropout
dropout设置为训练模式
    Module: Dropout
dropout设置为训练模式
    Module: Dropout
dropout设置为训练模式
  Module: ReLU
test_loss: 0.0778
epoch 100
train_loss: 0.0537
Module: DropoutFullyConnectedNN
  Module: ModuleList
    Module: Linear
    Module: Linear
    Module: Linear
  Module: ModuleList
    Module: Dropout
dropout设置为训练模式
    Module: Dropout
dropout设置为训练模式
    Module: Dropout
dropout设置为训练模式
  Module: ReLU
test_loss: 0.0744
epoch 101
train_loss: 0.0511
Module: DropoutFullyConnectedNN
  Module: ModuleList
    Module: Linear
    Module: Linear
    Module: Linear
  Module: ModuleList
    Module: Dropout
dropout设置为训练模式
    Module: Dropout
dropout设置为训练模式
    Module: Dropout
dropout设置为训练模式
  Module: ReLU
test_loss: 0.0750
epoch 102
train_loss: 0.0587
Module: DropoutFullyConnectedNN
  Module: ModuleList
    Module: Linear
    Module: Linear
    Module: Linear
  Module: ModuleList
    Module: Dropout
dropout设置为训练模式
    Module: Dropout
dropout设置为训练模式
    Module: Dropout
dropout设置为训练模式
  Module: ReLU
test_loss: 0.0687
epoch 103
train_loss: 0.0594
Module: DropoutFullyConnectedNN
  Module: ModuleList
    Module: Linear
    Module: Linear
    Module: Linear
  Module: ModuleList
    Module: Dropout
dropout设置为训练模式
    Module: Dropout
dropout设置为训练模式
    Module: Dropout
dropout设置为训练模式
  Module: ReLU
test_loss: 0.0688
epoch 104
train_loss: 0.0524
Module: DropoutFullyConnectedNN
  Module: ModuleList
    Module: Linear
    Module: Linear
    Module: Linear
  Module: ModuleList
    Module: Dropout
dropout设置为训练模式
    Module: Dropout
dropout设置为训练模式
    Module: Dropout
dropout设置为训练模式
  Module: ReLU
test_loss: 0.0776
epoch 105
train_loss: 0.0586
Module: DropoutFullyConnectedNN
  Module: ModuleList
    Module: Linear
    Module: Linear
    Module: Linear
  Module: ModuleList
    Module: Dropout
dropout设置为训练模式
    Module: Dropout
dropout设置为训练模式
    Module: Dropout
dropout设置为训练模式
  Module: ReLU
test_loss: 0.0704
epoch 106
train_loss: 0.0564
Module: DropoutFullyConnectedNN
  Module: ModuleList
    Module: Linear
    Module: Linear
    Module: Linear
  Module: ModuleList
    Module: Dropout
dropout设置为训练模式
    Module: Dropout
dropout设置为训练模式
    Module: Dropout
dropout设置为训练模式
  Module: ReLU
test_loss: 0.0677
epoch 107
train_loss: 0.0577
Module: DropoutFullyConnectedNN
  Module: ModuleList
    Module: Linear
    Module: Linear
    Module: Linear
  Module: ModuleList
    Module: Dropout
dropout设置为训练模式
    Module: Dropout
dropout设置为训练模式
    Module: Dropout
dropout设置为训练模式
  Module: ReLU
test_loss: 0.0643
epoch 108
train_loss: 0.0514
Module: DropoutFullyConnectedNN
  Module: ModuleList
    Module: Linear
    Module: Linear
    Module: Linear
  Module: ModuleList
    Module: Dropout
dropout设置为训练模式
    Module: Dropout
dropout设置为训练模式
    Module: Dropout
dropout设置为训练模式
  Module: ReLU
test_loss: 0.0626
epoch 109
train_loss: 0.0582
Module: DropoutFullyConnectedNN
  Module: ModuleList
    Module: Linear
    Module: Linear
    Module: Linear
  Module: ModuleList
    Module: Dropout
dropout设置为训练模式
    Module: Dropout
dropout设置为训练模式
    Module: Dropout
dropout设置为训练模式
  Module: ReLU
test_loss: 0.0704
epoch 110
train_loss: 0.0681
Module: DropoutFullyConnectedNN
  Module: ModuleList
    Module: Linear
    Module: Linear
    Module: Linear
  Module: ModuleList
    Module: Dropout
dropout设置为训练模式
    Module: Dropout
dropout设置为训练模式
    Module: Dropout
dropout设置为训练模式
  Module: ReLU
test_loss: 0.0673
epoch 111
train_loss: 0.0485
Module: DropoutFullyConnectedNN
  Module: ModuleList
    Module: Linear
    Module: Linear
    Module: Linear
  Module: ModuleList
    Module: Dropout
dropout设置为训练模式
    Module: Dropout
dropout设置为训练模式
    Module: Dropout
dropout设置为训练模式
  Module: ReLU
test_loss: 0.0711
epoch 112
train_loss: 0.0451
Module: DropoutFullyConnectedNN
  Module: ModuleList
    Module: Linear
    Module: Linear
    Module: Linear
  Module: ModuleList
    Module: Dropout
dropout设置为训练模式
    Module: Dropout
dropout设置为训练模式
    Module: Dropout
dropout设置为训练模式
  Module: ReLU
test_loss: 0.0790
epoch 113
train_loss: 0.0557
Module: DropoutFullyConnectedNN
  Module: ModuleList
    Module: Linear
    Module: Linear
    Module: Linear
  Module: ModuleList
    Module: Dropout
dropout设置为训练模式
    Module: Dropout
dropout设置为训练模式
    Module: Dropout
dropout设置为训练模式
  Module: ReLU
test_loss: 0.0651
epoch 114
train_loss: 0.0484
Module: DropoutFullyConnectedNN
  Module: ModuleList
    Module: Linear
    Module: Linear
    Module: Linear
  Module: ModuleList
    Module: Dropout
dropout设置为训练模式
    Module: Dropout
dropout设置为训练模式
    Module: Dropout
dropout设置为训练模式
  Module: ReLU
test_loss: 0.0683
epoch 115
train_loss: 0.0522
Module: DropoutFullyConnectedNN
  Module: ModuleList
    Module: Linear
    Module: Linear
    Module: Linear
  Module: ModuleList
    Module: Dropout
dropout设置为训练模式
    Module: Dropout
dropout设置为训练模式
    Module: Dropout
dropout设置为训练模式
  Module: ReLU
test_loss: 0.0675
epoch 116
train_loss: 0.0484
Module: DropoutFullyConnectedNN
  Module: ModuleList
    Module: Linear
    Module: Linear
    Module: Linear
  Module: ModuleList
    Module: Dropout
dropout设置为训练模式
    Module: Dropout
dropout设置为训练模式
    Module: Dropout
dropout设置为训练模式
  Module: ReLU
test_loss: 0.0663
epoch 117
train_loss: 0.0506
Module: DropoutFullyConnectedNN
  Module: ModuleList
    Module: Linear
    Module: Linear
    Module: Linear
  Module: ModuleList
    Module: Dropout
dropout设置为训练模式
    Module: Dropout
dropout设置为训练模式
    Module: Dropout
dropout设置为训练模式
  Module: ReLU
test_loss: 0.0719
epoch 118
train_loss: 0.0568
Module: DropoutFullyConnectedNN
  Module: ModuleList
    Module: Linear
    Module: Linear
    Module: Linear
  Module: ModuleList
    Module: Dropout
dropout设置为训练模式
    Module: Dropout
dropout设置为训练模式
    Module: Dropout
dropout设置为训练模式
  Module: ReLU
test_loss: 0.0735
epoch 119
train_loss: 0.0468
Module: DropoutFullyConnectedNN
  Module: ModuleList
    Module: Linear
    Module: Linear
    Module: Linear
  Module: ModuleList
    Module: Dropout
dropout设置为训练模式
    Module: Dropout
dropout设置为训练模式
    Module: Dropout
dropout设置为训练模式
  Module: ReLU
test_loss: 0.0639
epoch 120
train_loss: 0.0561
Module: DropoutFullyConnectedNN
  Module: ModuleList
    Module: Linear
    Module: Linear
    Module: Linear
  Module: ModuleList
    Module: Dropout
dropout设置为训练模式
    Module: Dropout
dropout设置为训练模式
    Module: Dropout
dropout设置为训练模式
  Module: ReLU
test_loss: 0.0650
epoch 121
train_loss: 0.0494
Module: DropoutFullyConnectedNN
  Module: ModuleList
    Module: Linear
    Module: Linear
    Module: Linear
  Module: ModuleList
    Module: Dropout
dropout设置为训练模式
    Module: Dropout
dropout设置为训练模式
    Module: Dropout
dropout设置为训练模式
  Module: ReLU
test_loss: 0.0668
epoch 122
train_loss: 0.0482
Module: DropoutFullyConnectedNN
  Module: ModuleList
    Module: Linear
    Module: Linear
    Module: Linear
  Module: ModuleList
    Module: Dropout
dropout设置为训练模式
    Module: Dropout
dropout设置为训练模式
    Module: Dropout
dropout设置为训练模式
  Module: ReLU
test_loss: 0.0664
epoch 123
train_loss: 0.0544
Module: DropoutFullyConnectedNN
  Module: ModuleList
    Module: Linear
    Module: Linear
    Module: Linear
  Module: ModuleList
    Module: Dropout
dropout设置为训练模式
    Module: Dropout
dropout设置为训练模式
    Module: Dropout
dropout设置为训练模式
  Module: ReLU
test_loss: 0.0665
epoch 124
train_loss: 0.0487
Module: DropoutFullyConnectedNN
  Module: ModuleList
    Module: Linear
    Module: Linear
    Module: Linear
  Module: ModuleList
    Module: Dropout
dropout设置为训练模式
    Module: Dropout
dropout设置为训练模式
    Module: Dropout
dropout设置为训练模式
  Module: ReLU
test_loss: 0.0721
epoch 125
train_loss: 0.0463
Module: DropoutFullyConnectedNN
  Module: ModuleList
    Module: Linear
    Module: Linear
    Module: Linear
  Module: ModuleList
    Module: Dropout
dropout设置为训练模式
    Module: Dropout
dropout设置为训练模式
    Module: Dropout
dropout设置为训练模式
  Module: ReLU
test_loss: 0.0760
epoch 126
train_loss: 0.0514
Module: DropoutFullyConnectedNN
  Module: ModuleList
    Module: Linear
    Module: Linear
    Module: Linear
  Module: ModuleList
    Module: Dropout
dropout设置为训练模式
    Module: Dropout
dropout设置为训练模式
    Module: Dropout
dropout设置为训练模式
  Module: ReLU
test_loss: 0.0681
epoch 127
train_loss: 0.0513
Module: DropoutFullyConnectedNN
  Module: ModuleList
    Module: Linear
    Module: Linear
    Module: Linear
  Module: ModuleList
    Module: Dropout
dropout设置为训练模式
    Module: Dropout
dropout设置为训练模式
    Module: Dropout
dropout设置为训练模式
  Module: ReLU
test_loss: 0.0674
epoch 128
train_loss: 0.0447
Module: DropoutFullyConnectedNN
  Module: ModuleList
    Module: Linear
    Module: Linear
    Module: Linear
  Module: ModuleList
    Module: Dropout
dropout设置为训练模式
    Module: Dropout
dropout设置为训练模式
    Module: Dropout
dropout设置为训练模式
  Module: ReLU
test_loss: 0.0688
epoch 129
train_loss: 0.0568
Module: DropoutFullyConnectedNN
  Module: ModuleList
    Module: Linear
    Module: Linear
    Module: Linear
  Module: ModuleList
    Module: Dropout
dropout设置为训练模式
    Module: Dropout
dropout设置为训练模式
    Module: Dropout
dropout设置为训练模式
  Module: ReLU
test_loss: 0.0711
epoch 130
train_loss: 0.0554
Module: DropoutFullyConnectedNN
  Module: ModuleList
    Module: Linear
    Module: Linear
    Module: Linear
  Module: ModuleList
    Module: Dropout
dropout设置为训练模式
    Module: Dropout
dropout设置为训练模式
    Module: Dropout
dropout设置为训练模式
  Module: ReLU
test_loss: 0.0753
epoch 131
train_loss: 0.0513
Module: DropoutFullyConnectedNN
  Module: ModuleList
    Module: Linear
    Module: Linear
    Module: Linear
  Module: ModuleList
    Module: Dropout
dropout设置为训练模式
    Module: Dropout
dropout设置为训练模式
    Module: Dropout
dropout设置为训练模式
  Module: ReLU
test_loss: 0.0665
epoch 132
train_loss: 0.0482
Module: DropoutFullyConnectedNN
  Module: ModuleList
    Module: Linear
    Module: Linear
    Module: Linear
  Module: ModuleList
    Module: Dropout
dropout设置为训练模式
    Module: Dropout
dropout设置为训练模式
    Module: Dropout
dropout设置为训练模式
  Module: ReLU
test_loss: 0.0705
epoch 133
train_loss: 0.0498
Module: DropoutFullyConnectedNN
  Module: ModuleList
    Module: Linear
    Module: Linear
    Module: Linear
  Module: ModuleList
    Module: Dropout
dropout设置为训练模式
    Module: Dropout
dropout设置为训练模式
    Module: Dropout
dropout设置为训练模式
  Module: ReLU
test_loss: 0.0698
epoch 134
train_loss: 0.0440
Module: DropoutFullyConnectedNN
  Module: ModuleList
    Module: Linear
    Module: Linear
    Module: Linear
  Module: ModuleList
    Module: Dropout
dropout设置为训练模式
    Module: Dropout
dropout设置为训练模式
    Module: Dropout
dropout设置为训练模式
  Module: ReLU
test_loss: 0.0733
epoch 135
train_loss: 0.0522
Module: DropoutFullyConnectedNN
  Module: ModuleList
    Module: Linear
    Module: Linear
    Module: Linear
  Module: ModuleList
    Module: Dropout
dropout设置为训练模式
    Module: Dropout
dropout设置为训练模式
    Module: Dropout
dropout设置为训练模式
  Module: ReLU
test_loss: 0.0760
epoch 136
train_loss: 0.0523
Module: DropoutFullyConnectedNN
  Module: ModuleList
    Module: Linear
    Module: Linear
    Module: Linear
  Module: ModuleList
    Module: Dropout
dropout设置为训练模式
    Module: Dropout
dropout设置为训练模式
    Module: Dropout
dropout设置为训练模式
  Module: ReLU
test_loss: 0.0675
epoch 137
train_loss: 0.0503
Module: DropoutFullyConnectedNN
  Module: ModuleList
    Module: Linear
    Module: Linear
    Module: Linear
  Module: ModuleList
    Module: Dropout
dropout设置为训练模式
    Module: Dropout
dropout设置为训练模式
    Module: Dropout
dropout设置为训练模式
  Module: ReLU
test_loss: 0.0664
epoch 138
train_loss: 0.0536
Module: DropoutFullyConnectedNN
  Module: ModuleList
    Module: Linear
    Module: Linear
    Module: Linear
  Module: ModuleList
    Module: Dropout
dropout设置为训练模式
    Module: Dropout
dropout设置为训练模式
    Module: Dropout
dropout设置为训练模式
  Module: ReLU
test_loss: 0.0713
epoch 139
train_loss: 0.0458
Module: DropoutFullyConnectedNN
  Module: ModuleList
    Module: Linear
    Module: Linear
    Module: Linear
  Module: ModuleList
    Module: Dropout
dropout设置为训练模式
    Module: Dropout
dropout设置为训练模式
    Module: Dropout
dropout设置为训练模式
  Module: ReLU
test_loss: 0.0680
/home/xueqiong/noise_injection_uncertainty/regression/utils.py:39: FutureWarning: The 'delim_whitespace' keyword in pd.read_csv is deprecated and will be removed in a future version. Use ``sep='\s+'`` instead
  return pd.read_csv(dataset_path, engine='python', header=None, delim_whitespace=True)
13 1
405 101 506
model_name fixnoiseFCN
using Adam as optimizer
epoch 0
train_loss: 0.8726
test_loss: 0.6668
epoch 1
train_loss: 0.4954
test_loss: 0.4287
epoch 2
train_loss: 0.3289
test_loss: 0.2024
epoch 3
train_loss: 0.2423
test_loss: 0.1340
epoch 4
train_loss: 0.2138
test_loss: 0.1232
epoch 5
train_loss: 0.1915
test_loss: 0.1039
epoch 6
train_loss: 0.1756
test_loss: 0.0979
epoch 7
train_loss: 0.1671
test_loss: 0.0863
epoch 8
train_loss: 0.1558
test_loss: 0.0813
epoch 9
train_loss: 0.1419
test_loss: 0.0759
epoch 10
train_loss: 0.1381
test_loss: 0.0789
epoch 11
train_loss: 0.1340
test_loss: 0.0757
epoch 12
train_loss: 0.1212
test_loss: 0.0717
epoch 13
train_loss: 0.1131
test_loss: 0.0712
epoch 14
train_loss: 0.1064
test_loss: 0.0685
epoch 15
train_loss: 0.1150
test_loss: 0.0701
epoch 16
train_loss: 0.1011
test_loss: 0.0693
epoch 17
train_loss: 0.0970
test_loss: 0.0675
epoch 18
train_loss: 0.1013
test_loss: 0.0801
epoch 19
train_loss: 0.0938
test_loss: 0.0761
epoch 20
train_loss: 0.0977
test_loss: 0.0744
epoch 21
train_loss: 0.0858
test_loss: 0.0689
epoch 22
train_loss: 0.0915
test_loss: 0.0720
epoch 23
train_loss: 0.0900
test_loss: 0.0752
epoch 24
train_loss: 0.0837
test_loss: 0.0729
epoch 25
train_loss: 0.0815
test_loss: 0.0685
epoch 26
train_loss: 0.0784
test_loss: 0.0743
epoch 27
train_loss: 0.0803
test_loss: 0.0802
epoch 28
train_loss: 0.0755
test_loss: 0.0693
epoch 29
train_loss: 0.0725
test_loss: 0.0771
epoch 30
train_loss: 0.0713
test_loss: 0.0680
epoch 31
train_loss: 0.0724
test_loss: 0.0729
epoch 32
train_loss: 0.0810
test_loss: 0.0712
epoch 33
train_loss: 0.0698
test_loss: 0.0741
epoch 34
train_loss: 0.0696
test_loss: 0.0700
epoch 35
train_loss: 0.0656
test_loss: 0.0712
epoch 36
train_loss: 0.0643
test_loss: 0.0688
epoch 37
train_loss: 0.0656
test_loss: 0.0804
epoch 38
train_loss: 0.0654
test_loss: 0.0676
epoch 39
train_loss: 0.0644
test_loss: 0.0732
epoch 40
train_loss: 0.0666
test_loss: 0.0671
epoch 41
train_loss: 0.0659
test_loss: 0.0646
epoch 42
train_loss: 0.0616
test_loss: 0.0768
epoch 43
train_loss: 0.0670
test_loss: 0.0664
epoch 44
train_loss: 0.0615
test_loss: 0.0681
epoch 45
train_loss: 0.0586
test_loss: 0.0675
epoch 46
train_loss: 0.0604
test_loss: 0.0758
epoch 47
train_loss: 0.0608
test_loss: 0.0735
epoch 48
train_loss: 0.0596
test_loss: 0.0746
epoch 49
train_loss: 0.0667
test_loss: 0.0703
/home/xueqiong/noise_injection_uncertainty/regression/utils.py:39: FutureWarning: The 'delim_whitespace' keyword in pd.read_csv is deprecated and will be removed in a future version. Use ``sep='\s+'`` instead
  return pd.read_csv(dataset_path, engine='python', header=None, delim_whitespace=True)
13 1
405 101 506
model_name noisyFCN
using Adam as optimizer
epoch 0
train_loss: 0.7542
test_loss: 0.6012
epoch 1
train_loss: 0.4574
test_loss: 0.3779
epoch 2
train_loss: 0.3102
test_loss: 0.2126
epoch 3
train_loss: 0.2534
test_loss: 0.1680
epoch 4
train_loss: 0.2189
test_loss: 0.1483
epoch 5
train_loss: 0.1962
test_loss: 0.1271
epoch 6
train_loss: 0.1767
test_loss: 0.1138
epoch 7
train_loss: 0.1621
test_loss: 0.1096
epoch 8
train_loss: 0.1517
test_loss: 0.1046
epoch 9
train_loss: 0.1422
test_loss: 0.0993
epoch 10
train_loss: 0.1348
test_loss: 0.0949
epoch 11
train_loss: 0.1275
test_loss: 0.0920
epoch 12
train_loss: 0.1216
test_loss: 0.0884
epoch 13
train_loss: 0.1171
test_loss: 0.0854
epoch 14
train_loss: 0.1122
test_loss: 0.0830
epoch 15
train_loss: 0.1072
test_loss: 0.0833
epoch 16
train_loss: 0.1030
test_loss: 0.0802
epoch 17
train_loss: 0.0997
test_loss: 0.0809
epoch 18
train_loss: 0.0958
test_loss: 0.0794
epoch 19
train_loss: 0.0920
test_loss: 0.0787
epoch 20
train_loss: 0.0886
test_loss: 0.0781
epoch 21
train_loss: 0.0851
test_loss: 0.0777
epoch 22
train_loss: 0.0831
test_loss: 0.0785
epoch 23
train_loss: 0.0799
test_loss: 0.0774
epoch 24
train_loss: 0.0772
test_loss: 0.0767
epoch 25
train_loss: 0.0734
test_loss: 0.0776
epoch 26
train_loss: 0.0709
test_loss: 0.0775
epoch 27
train_loss: 0.0690
test_loss: 0.0785
epoch 28
train_loss: 0.0669
test_loss: 0.0783
epoch 29
train_loss: 0.0652
test_loss: 0.0799
epoch 30
train_loss: 0.0635
test_loss: 0.0799
epoch 31
train_loss: 0.0618
test_loss: 0.0805
epoch 32
train_loss: 0.0604
test_loss: 0.0810
epoch 33
train_loss: 0.0593
test_loss: 0.0811
epoch 34
train_loss: 0.0581
test_loss: 0.0813
epoch 35
train_loss: 0.0568
test_loss: 0.0815
epoch 36
train_loss: 0.0558
test_loss: 0.0813
epoch 37
train_loss: 0.0547
test_loss: 0.0818
epoch 38
train_loss: 0.0543
test_loss: 0.0806
epoch 39
train_loss: 0.0531
test_loss: 0.0814
epoch 40
train_loss: 0.0530
test_loss: 0.0815
epoch 41
train_loss: 0.0520
test_loss: 0.0816
epoch 42
train_loss: 0.0512
test_loss: 0.0816
epoch 43
train_loss: 0.0508
test_loss: 0.0812
epoch 44
train_loss: 0.0496
test_loss: 0.0823
epoch 45
train_loss: 0.0497
test_loss: 0.0816
epoch 46
train_loss: 0.0485
test_loss: 0.0843
epoch 47
train_loss: 0.0484
test_loss: 0.0823
epoch 48
train_loss: 0.0479
test_loss: 0.0819
epoch 49
train_loss: 0.0477
test_loss: 0.0832
epoch 50
train_loss: 0.0475
test_loss: 0.0846
epoch 51
train_loss: 0.0475
test_loss: 0.0837
epoch 52
train_loss: 0.0474
test_loss: 0.0869
epoch 53
train_loss: 0.0479
test_loss: 0.0876
epoch 54
train_loss: 0.0497
test_loss: 0.0909
epoch 55
train_loss: 0.0501
test_loss: 0.0873
epoch 56
train_loss: 0.0505
test_loss: 0.0868
epoch 57
train_loss: 0.0516
test_loss: 0.0842
epoch 58
train_loss: 0.0509
test_loss: 0.0837
epoch 59
train_loss: 0.0529
test_loss: 0.0814
epoch 60
train_loss: 0.0491
test_loss: 0.0836
epoch 61
train_loss: 0.0467
test_loss: 0.0921
epoch 62
train_loss: 0.0448
test_loss: 0.0984
epoch 63
train_loss: 0.0448
test_loss: 0.1002
epoch 64
train_loss: 0.0446
test_loss: 0.0939
epoch 65
train_loss: 0.0429
test_loss: 0.0849
epoch 66
train_loss: 0.0402
test_loss: 0.0775
epoch 67
train_loss: 0.0377
test_loss: 0.0748
epoch 68
train_loss: 0.0365
test_loss: 0.0742
epoch 69
train_loss: 0.0366
test_loss: 0.0740
epoch 70
train_loss: 0.0368
test_loss: 0.0749
epoch 71
train_loss: 0.0371
test_loss: 0.0741
epoch 72
train_loss: 0.0363
test_loss: 0.0743
epoch 73
train_loss: 0.0352
test_loss: 0.0740
epoch 74
train_loss: 0.0347
test_loss: 0.0745
epoch 75
train_loss: 0.0342
test_loss: 0.0747
epoch 76
train_loss: 0.0335
test_loss: 0.0752
epoch 77
train_loss: 0.0326
test_loss: 0.0754
epoch 78
train_loss: 0.0320
test_loss: 0.0764
epoch 79
train_loss: 0.0315
test_loss: 0.0754
epoch 80
train_loss: 0.0314
test_loss: 0.0781
epoch 81
train_loss: 0.0314
test_loss: 0.0776
epoch 82
train_loss: 0.0305
test_loss: 0.0762
epoch 83
train_loss: 0.0300
test_loss: 0.0768
epoch 84
train_loss: 0.0298
test_loss: 0.0779
epoch 85
train_loss: 0.0296
test_loss: 0.0756
epoch 86
train_loss: 0.0291
test_loss: 0.0751
epoch 87
train_loss: 0.0292
test_loss: 0.0761
epoch 88
train_loss: 0.0285
test_loss: 0.0755
epoch 89
train_loss: 0.0282
test_loss: 0.0743
epoch 90
train_loss: 0.0282
test_loss: 0.0732
epoch 91
train_loss: 0.0279
test_loss: 0.0725
epoch 92
train_loss: 0.0276
test_loss: 0.0725
epoch 93
train_loss: 0.0274
test_loss: 0.0722
epoch 94
train_loss: 0.0270
test_loss: 0.0720
epoch 95
train_loss: 0.0269
test_loss: 0.0712
epoch 96
train_loss: 0.0267
test_loss: 0.0721
epoch 97
train_loss: 0.0267
test_loss: 0.0715
epoch 98
train_loss: 0.0263
test_loss: 0.0722
epoch 99
train_loss: 0.0263
test_loss: 0.0728
epoch 100
train_loss: 0.0265
test_loss: 0.0727
epoch 101
train_loss: 0.0263
test_loss: 0.0731
epoch 102
train_loss: 0.0264
test_loss: 0.0735
epoch 103
train_loss: 0.0264
test_loss: 0.0734
epoch 104
train_loss: 0.0263
test_loss: 0.0729
epoch 105
train_loss: 0.0263
test_loss: 0.0751
epoch 106
train_loss: 0.0267
test_loss: 0.0746
epoch 107
train_loss: 0.0267
test_loss: 0.0775
epoch 108
train_loss: 0.0274
test_loss: 0.0797
epoch 109
train_loss: 0.0284
test_loss: 0.0792
/home/xueqiong/noise_injection_uncertainty/regression/utils.py:39: FutureWarning: The 'delim_whitespace' keyword in pd.read_csv is deprecated and will be removed in a future version. Use ``sep='\s+'`` instead
  return pd.read_csv(dataset_path, engine='python', header=None, delim_whitespace=True)
8 1
824 206 1030
model_name FCN
using Adam as optimizer
epoch 0
train_loss: 1.0356
test_loss: 1.0408
epoch 1
train_loss: 0.9906
test_loss: 0.9973
epoch 2
train_loss: 0.9474
test_loss: 0.9549
epoch 3
train_loss: 0.9047
test_loss: 0.9126
epoch 4
train_loss: 0.8615
test_loss: 0.8701
epoch 5
train_loss: 0.8179
test_loss: 0.8271
epoch 6
train_loss: 0.7739
test_loss: 0.7837
epoch 7
train_loss: 0.7300
test_loss: 0.7409
epoch 8
train_loss: 0.6867
test_loss: 0.6991
epoch 9
train_loss: 0.6453
test_loss: 0.6592
epoch 10
train_loss: 0.6062
test_loss: 0.6218
epoch 11
train_loss: 0.5696
test_loss: 0.5873
epoch 12
train_loss: 0.5359
test_loss: 0.5557
epoch 13
train_loss: 0.5055
test_loss: 0.5273
epoch 14
train_loss: 0.4784
test_loss: 0.5019
epoch 15
train_loss: 0.4547
test_loss: 0.4799
epoch 16
train_loss: 0.4345
test_loss: 0.4615
epoch 17
train_loss: 0.4176
test_loss: 0.4460
epoch 18
train_loss: 0.4035
test_loss: 0.4330
epoch 19
train_loss: 0.3916
test_loss: 0.4218
epoch 20
train_loss: 0.3813
test_loss: 0.4120
epoch 21
train_loss: 0.3721
test_loss: 0.4033
epoch 22
train_loss: 0.3639
test_loss: 0.3953
epoch 23
train_loss: 0.3564
test_loss: 0.3881
epoch 24
train_loss: 0.3494
test_loss: 0.3817
epoch 25
train_loss: 0.3430
test_loss: 0.3759
epoch 26
train_loss: 0.3370
test_loss: 0.3705
epoch 27
train_loss: 0.3312
test_loss: 0.3655
epoch 28
train_loss: 0.3256
test_loss: 0.3607
epoch 29
train_loss: 0.3202
test_loss: 0.3562
epoch 30
train_loss: 0.3150
test_loss: 0.3521
epoch 31
train_loss: 0.3100
test_loss: 0.3481
epoch 32
train_loss: 0.3050
test_loss: 0.3442
epoch 33
train_loss: 0.3003
test_loss: 0.3404
epoch 34
train_loss: 0.2956
test_loss: 0.3367
epoch 35
train_loss: 0.2911
test_loss: 0.3330
epoch 36
train_loss: 0.2866
test_loss: 0.3294
epoch 37
train_loss: 0.2822
test_loss: 0.3259
epoch 38
train_loss: 0.2779
test_loss: 0.3224
epoch 39
train_loss: 0.2737
test_loss: 0.3190
epoch 40
train_loss: 0.2696
test_loss: 0.3157
epoch 41
train_loss: 0.2655
test_loss: 0.3124
epoch 42
train_loss: 0.2616
test_loss: 0.3092
epoch 43
train_loss: 0.2577
test_loss: 0.3060
epoch 44
train_loss: 0.2539
test_loss: 0.3028
epoch 45
train_loss: 0.2503
test_loss: 0.2998
epoch 46
train_loss: 0.2467
test_loss: 0.2966
epoch 47
train_loss: 0.2432
test_loss: 0.2935
epoch 48
train_loss: 0.2398
test_loss: 0.2904
epoch 49
train_loss: 0.2365
test_loss: 0.2873
epoch 50
train_loss: 0.2332
test_loss: 0.2844
epoch 51
train_loss: 0.2300
test_loss: 0.2815
epoch 52
train_loss: 0.2270
test_loss: 0.2788
epoch 53
train_loss: 0.2240
test_loss: 0.2761
epoch 54
train_loss: 0.2211
test_loss: 0.2735
epoch 55
train_loss: 0.2184
test_loss: 0.2711
epoch 56
train_loss: 0.2158
test_loss: 0.2687
epoch 57
train_loss: 0.2132
test_loss: 0.2664
epoch 58
train_loss: 0.2108
test_loss: 0.2641
epoch 59
train_loss: 0.2084
test_loss: 0.2619
epoch 60
train_loss: 0.2060
test_loss: 0.2598
epoch 61
train_loss: 0.2038
test_loss: 0.2576
epoch 62
train_loss: 0.2016
test_loss: 0.2555
epoch 63
train_loss: 0.1994
test_loss: 0.2534
epoch 64
train_loss: 0.1973
test_loss: 0.2514
epoch 65
train_loss: 0.1953
test_loss: 0.2494
epoch 66
train_loss: 0.1934
test_loss: 0.2474
epoch 67
train_loss: 0.1915
test_loss: 0.2455
epoch 68
train_loss: 0.1897
test_loss: 0.2436
epoch 69
train_loss: 0.1879
test_loss: 0.2417
epoch 70
train_loss: 0.1862
test_loss: 0.2399
epoch 71
train_loss: 0.1846
test_loss: 0.2381
epoch 72
train_loss: 0.1830
test_loss: 0.2363
epoch 73
train_loss: 0.1814
test_loss: 0.2346
epoch 74
train_loss: 0.1799
test_loss: 0.2329
epoch 75
train_loss: 0.1785
test_loss: 0.2312
epoch 76
train_loss: 0.1770
test_loss: 0.2296
epoch 77
train_loss: 0.1756
test_loss: 0.2279
epoch 78
train_loss: 0.1742
test_loss: 0.2262
epoch 79
train_loss: 0.1728
test_loss: 0.2246
epoch 80
train_loss: 0.1714
test_loss: 0.2230
epoch 81
train_loss: 0.1701
test_loss: 0.2214
epoch 82
train_loss: 0.1688
test_loss: 0.2199
epoch 83
train_loss: 0.1676
test_loss: 0.2185
epoch 84
train_loss: 0.1664
test_loss: 0.2170
epoch 85
train_loss: 0.1652
test_loss: 0.2155
epoch 86
train_loss: 0.1641
test_loss: 0.2141
epoch 87
train_loss: 0.1630
test_loss: 0.2127
epoch 88
train_loss: 0.1619
test_loss: 0.2114
epoch 89
train_loss: 0.1609
test_loss: 0.2102
epoch 90
train_loss: 0.1598
test_loss: 0.2091
epoch 91
train_loss: 0.1588
test_loss: 0.2079
epoch 92
train_loss: 0.1579
test_loss: 0.2068
epoch 93
train_loss: 0.1569
test_loss: 0.2057
epoch 94
train_loss: 0.1560
test_loss: 0.2046
epoch 95
train_loss: 0.1551
test_loss: 0.2036
epoch 96
train_loss: 0.1543
test_loss: 0.2027
epoch 97
train_loss: 0.1534
test_loss: 0.2017
epoch 98
train_loss: 0.1526
test_loss: 0.2008
epoch 99
train_loss: 0.1518
test_loss: 0.1998
epoch 100
train_loss: 0.1510
test_loss: 0.1990
epoch 101
train_loss: 0.1503
test_loss: 0.1981
epoch 102
train_loss: 0.1495
test_loss: 0.1973
epoch 103
train_loss: 0.1488
test_loss: 0.1965
epoch 104
train_loss: 0.1480
test_loss: 0.1957
epoch 105
train_loss: 0.1473
test_loss: 0.1949
epoch 106
train_loss: 0.1466
test_loss: 0.1942
epoch 107
train_loss: 0.1459
test_loss: 0.1935
epoch 108
train_loss: 0.1452
test_loss: 0.1927
epoch 109
train_loss: 0.1444
test_loss: 0.1920
epoch 110
train_loss: 0.1437
test_loss: 0.1913
epoch 111
train_loss: 0.1430
test_loss: 0.1906
epoch 112
train_loss: 0.1423
test_loss: 0.1899
epoch 113
train_loss: 0.1416
test_loss: 0.1893
epoch 114
train_loss: 0.1409
test_loss: 0.1886
epoch 115
train_loss: 0.1403
test_loss: 0.1879
epoch 116
train_loss: 0.1396
test_loss: 0.1873
epoch 117
train_loss: 0.1389
test_loss: 0.1866
epoch 118
train_loss: 0.1382
test_loss: 0.1860
epoch 119
train_loss: 0.1376
test_loss: 0.1854
epoch 120
train_loss: 0.1369
test_loss: 0.1848
epoch 121
train_loss: 0.1362
test_loss: 0.1843
epoch 122
train_loss: 0.1356
test_loss: 0.1837
epoch 123
train_loss: 0.1349
test_loss: 0.1832
epoch 124
train_loss: 0.1343
test_loss: 0.1826
epoch 125
train_loss: 0.1337
test_loss: 0.1821
epoch 126
train_loss: 0.1330
test_loss: 0.1815
epoch 127
train_loss: 0.1324
test_loss: 0.1810
epoch 128
train_loss: 0.1318
test_loss: 0.1805
epoch 129
train_loss: 0.1312
test_loss: 0.1800
epoch 130
train_loss: 0.1306
test_loss: 0.1794
epoch 131
train_loss: 0.1300
test_loss: 0.1790
epoch 132
train_loss: 0.1294
test_loss: 0.1785
epoch 133
train_loss: 0.1288
test_loss: 0.1780
epoch 134
train_loss: 0.1282
test_loss: 0.1775
epoch 135
train_loss: 0.1277
test_loss: 0.1771
epoch 136
train_loss: 0.1271
test_loss: 0.1766
epoch 137
train_loss: 0.1266
test_loss: 0.1762
epoch 138
train_loss: 0.1260
test_loss: 0.1758
epoch 139
train_loss: 0.1254
test_loss: 0.1753
epoch 140
train_loss: 0.1249
test_loss: 0.1748
epoch 141
train_loss: 0.1244
test_loss: 0.1744
epoch 142
train_loss: 0.1238
test_loss: 0.1740
epoch 143
train_loss: 0.1233
test_loss: 0.1735
epoch 144
train_loss: 0.1228
test_loss: 0.1731
epoch 145
train_loss: 0.1223
test_loss: 0.1727
epoch 146
train_loss: 0.1217
test_loss: 0.1723
epoch 147
train_loss: 0.1212
test_loss: 0.1719
epoch 148
train_loss: 0.1207
test_loss: 0.1715
epoch 149
train_loss: 0.1202
test_loss: 0.1711
epoch 150
train_loss: 0.1197
test_loss: 0.1707
epoch 151
train_loss: 0.1192
test_loss: 0.1703
epoch 152
train_loss: 0.1187
test_loss: 0.1699
epoch 153
train_loss: 0.1182
test_loss: 0.1696
epoch 154
train_loss: 0.1177
test_loss: 0.1692
epoch 155
train_loss: 0.1172
test_loss: 0.1688
epoch 156
train_loss: 0.1168
test_loss: 0.1685
epoch 157
train_loss: 0.1163
test_loss: 0.1681
epoch 158
train_loss: 0.1158
test_loss: 0.1677
epoch 159
train_loss: 0.1154
test_loss: 0.1674
epoch 160
train_loss: 0.1149
test_loss: 0.1671
epoch 161
train_loss: 0.1145
test_loss: 0.1667
epoch 162
train_loss: 0.1140
test_loss: 0.1665
epoch 163
train_loss: 0.1136
test_loss: 0.1662
epoch 164
train_loss: 0.1131
test_loss: 0.1659
epoch 165
train_loss: 0.1127
test_loss: 0.1656
epoch 166
train_loss: 0.1123
test_loss: 0.1654
epoch 167
train_loss: 0.1118
test_loss: 0.1651
epoch 168
train_loss: 0.1114
test_loss: 0.1649
epoch 169
train_loss: 0.1110
test_loss: 0.1646
epoch 170
train_loss: 0.1106
test_loss: 0.1644
epoch 171
train_loss: 0.1102
test_loss: 0.1641
epoch 172
train_loss: 0.1098
test_loss: 0.1638
epoch 173
train_loss: 0.1094
test_loss: 0.1635
epoch 174
train_loss: 0.1090
test_loss: 0.1634
epoch 175
train_loss: 0.1087
test_loss: 0.1631
epoch 176
train_loss: 0.1083
test_loss: 0.1629
epoch 177
train_loss: 0.1079
test_loss: 0.1627
epoch 178
train_loss: 0.1075
test_loss: 0.1625
epoch 179
train_loss: 0.1071
test_loss: 0.1622
epoch 180
train_loss: 0.1068
test_loss: 0.1620
epoch 181
train_loss: 0.1064
test_loss: 0.1617
epoch 182
train_loss: 0.1061
test_loss: 0.1615
epoch 183
train_loss: 0.1057
test_loss: 0.1612
epoch 184
train_loss: 0.1054
test_loss: 0.1610
epoch 185
train_loss: 0.1050
test_loss: 0.1608
epoch 186
train_loss: 0.1047
test_loss: 0.1606
epoch 187
train_loss: 0.1043
test_loss: 0.1604
epoch 188
train_loss: 0.1040
test_loss: 0.1601
epoch 189
train_loss: 0.1036
test_loss: 0.1600
epoch 190
train_loss: 0.1033
test_loss: 0.1598
epoch 191
train_loss: 0.1030
test_loss: 0.1595
epoch 192
train_loss: 0.1027
test_loss: 0.1593
epoch 193
train_loss: 0.1023
test_loss: 0.1592
epoch 194
train_loss: 0.1020
test_loss: 0.1591
epoch 195
train_loss: 0.1017
test_loss: 0.1589
epoch 196
train_loss: 0.1014
test_loss: 0.1587
epoch 197
train_loss: 0.1011
test_loss: 0.1585
epoch 198
train_loss: 0.1007
test_loss: 0.1584
epoch 199
train_loss: 0.1004
test_loss: 0.1582
epoch 200
train_loss: 0.1001
test_loss: 0.1581
epoch 201
train_loss: 0.0998
test_loss: 0.1579
epoch 202
train_loss: 0.0995
test_loss: 0.1578
epoch 203
train_loss: 0.0992
test_loss: 0.1576
epoch 204
train_loss: 0.0989
test_loss: 0.1574
epoch 205
train_loss: 0.0986
test_loss: 0.1573
epoch 206
train_loss: 0.0983
test_loss: 0.1571
epoch 207
train_loss: 0.0980
test_loss: 0.1570
epoch 208
train_loss: 0.0977
test_loss: 0.1568
epoch 209
train_loss: 0.0974
test_loss: 0.1566
epoch 210
train_loss: 0.0972
test_loss: 0.1565
epoch 211
train_loss: 0.0969
test_loss: 0.1563
epoch 212
train_loss: 0.0966
test_loss: 0.1562
epoch 213
train_loss: 0.0963
test_loss: 0.1560
epoch 214
train_loss: 0.0960
test_loss: 0.1558
epoch 215
train_loss: 0.0958
test_loss: 0.1557
epoch 216
train_loss: 0.0955
test_loss: 0.1555
epoch 217
train_loss: 0.0952
test_loss: 0.1554
epoch 218
train_loss: 0.0950
test_loss: 0.1553
epoch 219
train_loss: 0.0947
test_loss: 0.1551
epoch 220
train_loss: 0.0944
test_loss: 0.1549
epoch 221
train_loss: 0.0942
test_loss: 0.1548
epoch 222
train_loss: 0.0939
test_loss: 0.1547
epoch 223
train_loss: 0.0936
test_loss: 0.1546
epoch 224
train_loss: 0.0934
test_loss: 0.1544
epoch 225
train_loss: 0.0931
test_loss: 0.1542
epoch 226
train_loss: 0.0928
test_loss: 0.1542
epoch 227
train_loss: 0.0926
test_loss: 0.1541
epoch 228
train_loss: 0.0923
test_loss: 0.1539
epoch 229
train_loss: 0.0921
test_loss: 0.1539
epoch 230
train_loss: 0.0918
test_loss: 0.1537
epoch 231
train_loss: 0.0916
test_loss: 0.1537
epoch 232
train_loss: 0.0913
test_loss: 0.1535
epoch 233
train_loss: 0.0911
test_loss: 0.1535
epoch 234
train_loss: 0.0908
test_loss: 0.1534
epoch 235
train_loss: 0.0906
test_loss: 0.1533
epoch 236
train_loss: 0.0903
test_loss: 0.1532
epoch 237
train_loss: 0.0901
test_loss: 0.1531
epoch 238
train_loss: 0.0899
test_loss: 0.1530
epoch 239
train_loss: 0.0896
test_loss: 0.1529
epoch 240
train_loss: 0.0894
test_loss: 0.1528
epoch 241
train_loss: 0.0891
test_loss: 0.1527
epoch 242
train_loss: 0.0889
test_loss: 0.1526
epoch 243
train_loss: 0.0887
test_loss: 0.1525
epoch 244
train_loss: 0.0884
test_loss: 0.1524
epoch 245
train_loss: 0.0882
test_loss: 0.1523
epoch 246
train_loss: 0.0880
test_loss: 0.1522
epoch 247
train_loss: 0.0878
test_loss: 0.1521
epoch 248
train_loss: 0.0875
test_loss: 0.1520
epoch 249
train_loss: 0.0873
test_loss: 0.1519
epoch 250
train_loss: 0.0871
test_loss: 0.1518
epoch 251
train_loss: 0.0869
test_loss: 0.1517
epoch 252
train_loss: 0.0867
test_loss: 0.1516
epoch 253
train_loss: 0.0864
test_loss: 0.1515
epoch 254
train_loss: 0.0862
test_loss: 0.1514
epoch 255
train_loss: 0.0860
test_loss: 0.1514
epoch 256
train_loss: 0.0858
test_loss: 0.1512
epoch 257
train_loss: 0.0856
test_loss: 0.1512
epoch 258
train_loss: 0.0853
test_loss: 0.1511
epoch 259
train_loss: 0.0851
test_loss: 0.1510
epoch 260
train_loss: 0.0849
test_loss: 0.1509
epoch 261
train_loss: 0.0847
test_loss: 0.1508
epoch 262
train_loss: 0.0844
test_loss: 0.1507
epoch 263
train_loss: 0.0842
test_loss: 0.1506
epoch 264
train_loss: 0.0840
test_loss: 0.1505
epoch 265
train_loss: 0.0838
test_loss: 0.1504
epoch 266
train_loss: 0.0836
test_loss: 0.1503
epoch 267
train_loss: 0.0834
test_loss: 0.1502
epoch 268
train_loss: 0.0832
test_loss: 0.1501
epoch 269
train_loss: 0.0830
test_loss: 0.1501
epoch 270
train_loss: 0.0828
test_loss: 0.1500
epoch 271
train_loss: 0.0826
test_loss: 0.1498
epoch 272
train_loss: 0.0824
test_loss: 0.1499
epoch 273
train_loss: 0.0822
test_loss: 0.1497
epoch 274
train_loss: 0.0820
test_loss: 0.1497
epoch 275
train_loss: 0.0818
test_loss: 0.1496
epoch 276
train_loss: 0.0816
test_loss: 0.1495
epoch 277
train_loss: 0.0814
test_loss: 0.1494
epoch 278
train_loss: 0.0812
test_loss: 0.1493
epoch 279
train_loss: 0.0810
test_loss: 0.1493
epoch 280
train_loss: 0.0808
test_loss: 0.1492
epoch 281
train_loss: 0.0806
test_loss: 0.1491
epoch 282
train_loss: 0.0804
test_loss: 0.1490
epoch 283
train_loss: 0.0802
test_loss: 0.1489
epoch 284
train_loss: 0.0800
test_loss: 0.1488
epoch 285
train_loss: 0.0798
test_loss: 0.1488
epoch 286
train_loss: 0.0796
test_loss: 0.1487
epoch 287
train_loss: 0.0794
test_loss: 0.1486
epoch 288
train_loss: 0.0793
test_loss: 0.1486
epoch 289
train_loss: 0.0791
test_loss: 0.1484
epoch 290
train_loss: 0.0789
test_loss: 0.1484
epoch 291
train_loss: 0.0787
test_loss: 0.1483
epoch 292
train_loss: 0.0785
test_loss: 0.1484
epoch 293
train_loss: 0.0784
test_loss: 0.1483
epoch 294
train_loss: 0.0782
test_loss: 0.1482
epoch 295
train_loss: 0.0780
test_loss: 0.1482
epoch 296
train_loss: 0.0778
test_loss: 0.1482
epoch 297
train_loss: 0.0776
test_loss: 0.1481
epoch 298
train_loss: 0.0775
test_loss: 0.1481
epoch 299
train_loss: 0.0773
test_loss: 0.1480
epoch 300
train_loss: 0.0771
test_loss: 0.1480
epoch 301
train_loss: 0.0769
test_loss: 0.1480
epoch 302
train_loss: 0.0768
test_loss: 0.1479
epoch 303
train_loss: 0.0766
test_loss: 0.1479
epoch 304
train_loss: 0.0765
test_loss: 0.1478
epoch 305
train_loss: 0.0763
test_loss: 0.1478
epoch 306
train_loss: 0.0761
test_loss: 0.1477
epoch 307
train_loss: 0.0760
test_loss: 0.1476
epoch 308
train_loss: 0.0758
test_loss: 0.1476
epoch 309
train_loss: 0.0756
test_loss: 0.1475
epoch 310
train_loss: 0.0755
test_loss: 0.1475
epoch 311
train_loss: 0.0753
test_loss: 0.1475
epoch 312
train_loss: 0.0752
test_loss: 0.1474
epoch 313
train_loss: 0.0750
test_loss: 0.1474
epoch 314
train_loss: 0.0749
test_loss: 0.1473
epoch 315
train_loss: 0.0747
test_loss: 0.1473
epoch 316
train_loss: 0.0745
test_loss: 0.1472
epoch 317
train_loss: 0.0744
test_loss: 0.1472
epoch 318
train_loss: 0.0742
test_loss: 0.1472
epoch 319
train_loss: 0.0741
test_loss: 0.1471
epoch 320
train_loss: 0.0739
test_loss: 0.1472
epoch 321
train_loss: 0.0738
test_loss: 0.1471
epoch 322
train_loss: 0.0736
test_loss: 0.1470
epoch 323
train_loss: 0.0735
test_loss: 0.1470
epoch 324
train_loss: 0.0733
test_loss: 0.1469
epoch 325
train_loss: 0.0732
test_loss: 0.1468
epoch 326
train_loss: 0.0730
test_loss: 0.1468
epoch 327
train_loss: 0.0729
test_loss: 0.1468
epoch 328
train_loss: 0.0727
test_loss: 0.1467
epoch 329
train_loss: 0.0726
test_loss: 0.1467
epoch 330
train_loss: 0.0724
test_loss: 0.1466
epoch 331
train_loss: 0.0723
test_loss: 0.1465
epoch 332
train_loss: 0.0721
test_loss: 0.1465
epoch 333
train_loss: 0.0720
test_loss: 0.1464
epoch 334
train_loss: 0.0718
test_loss: 0.1464
epoch 335
train_loss: 0.0717
test_loss: 0.1463
epoch 336
train_loss: 0.0716
test_loss: 0.1463
epoch 337
train_loss: 0.0714
test_loss: 0.1463
epoch 338
train_loss: 0.0713
test_loss: 0.1463
epoch 339
train_loss: 0.0711
test_loss: 0.1462
epoch 340
train_loss: 0.0710
test_loss: 0.1462
epoch 341
train_loss: 0.0709
test_loss: 0.1461
epoch 342
train_loss: 0.0707
test_loss: 0.1460
epoch 343
train_loss: 0.0706
test_loss: 0.1460
epoch 344
train_loss: 0.0705
test_loss: 0.1460
epoch 345
train_loss: 0.0703
test_loss: 0.1459
epoch 346
train_loss: 0.0702
test_loss: 0.1459
epoch 347
train_loss: 0.0701
test_loss: 0.1458
epoch 348
train_loss: 0.0699
test_loss: 0.1458
epoch 349
train_loss: 0.0698
test_loss: 0.1457
epoch 350
train_loss: 0.0697
test_loss: 0.1457
epoch 351
train_loss: 0.0696
test_loss: 0.1457
epoch 352
train_loss: 0.0694
test_loss: 0.1456
epoch 353
train_loss: 0.0693
test_loss: 0.1456
epoch 354
train_loss: 0.0692
test_loss: 0.1456
epoch 355
train_loss: 0.0691
test_loss: 0.1456
epoch 356
train_loss: 0.0690
test_loss: 0.1455
epoch 357
train_loss: 0.0688
test_loss: 0.1455
epoch 358
train_loss: 0.0687
test_loss: 0.1455
epoch 359
train_loss: 0.0686
test_loss: 0.1454
epoch 360
train_loss: 0.0685
test_loss: 0.1454
epoch 361
train_loss: 0.0683
test_loss: 0.1453
epoch 362
train_loss: 0.0682
test_loss: 0.1452
epoch 363
train_loss: 0.0681
test_loss: 0.1452
epoch 364
train_loss: 0.0680
test_loss: 0.1451
epoch 365
train_loss: 0.0679
test_loss: 0.1451
epoch 366
train_loss: 0.0678
test_loss: 0.1450
epoch 367
train_loss: 0.0676
test_loss: 0.1450
epoch 368
train_loss: 0.0675
test_loss: 0.1449
epoch 369
train_loss: 0.0674
test_loss: 0.1449
epoch 370
train_loss: 0.0673
test_loss: 0.1448
epoch 371
train_loss: 0.0672
test_loss: 0.1448
epoch 372
train_loss: 0.0671
test_loss: 0.1447
epoch 373
train_loss: 0.0670
test_loss: 0.1447
epoch 374
train_loss: 0.0669
test_loss: 0.1446
epoch 375
train_loss: 0.0668
test_loss: 0.1446
epoch 376
train_loss: 0.0666
test_loss: 0.1446
epoch 377
train_loss: 0.0665
test_loss: 0.1445
epoch 378
train_loss: 0.0664
test_loss: 0.1445
epoch 379
train_loss: 0.0663
test_loss: 0.1445
epoch 380
train_loss: 0.0662
test_loss: 0.1444
epoch 381
train_loss: 0.0661
test_loss: 0.1444
epoch 382
train_loss: 0.0660
test_loss: 0.1443
epoch 383
train_loss: 0.0659
test_loss: 0.1443
epoch 384
train_loss: 0.0658
test_loss: 0.1443
epoch 385
train_loss: 0.0657
test_loss: 0.1442
epoch 386
train_loss: 0.0656
test_loss: 0.1442
epoch 387
train_loss: 0.0655
test_loss: 0.1442
epoch 388
train_loss: 0.0654
test_loss: 0.1441
epoch 389
train_loss: 0.0653
test_loss: 0.1441
epoch 390
train_loss: 0.0652
test_loss: 0.1441
epoch 391
train_loss: 0.0651
test_loss: 0.1440
epoch 392
train_loss: 0.0650
test_loss: 0.1440
epoch 393
train_loss: 0.0649
test_loss: 0.1440
epoch 394
train_loss: 0.0648
test_loss: 0.1439
epoch 395
train_loss: 0.0647
test_loss: 0.1439
epoch 396
train_loss: 0.0646
test_loss: 0.1439
epoch 397
train_loss: 0.0645
test_loss: 0.1439
epoch 398
train_loss: 0.0644
test_loss: 0.1438
epoch 399
train_loss: 0.0643
test_loss: 0.1438
epoch 400
train_loss: 0.0642
test_loss: 0.1437
epoch 401
train_loss: 0.0641
test_loss: 0.1438
epoch 402
train_loss: 0.0640
test_loss: 0.1437
epoch 403
train_loss: 0.0639
test_loss: 0.1437
epoch 404
train_loss: 0.0638
test_loss: 0.1437
epoch 405
train_loss: 0.0637
test_loss: 0.1436
epoch 406
train_loss: 0.0636
test_loss: 0.1437
epoch 407
train_loss: 0.0635
test_loss: 0.1436
epoch 408
train_loss: 0.0634
test_loss: 0.1435
epoch 409
train_loss: 0.0633
test_loss: 0.1435
epoch 410
train_loss: 0.0632
test_loss: 0.1434
epoch 411
train_loss: 0.0631
test_loss: 0.1434
epoch 412
train_loss: 0.0630
test_loss: 0.1434
epoch 413
train_loss: 0.0629
test_loss: 0.1433
epoch 414
train_loss: 0.0628
test_loss: 0.1433
epoch 415
train_loss: 0.0628
test_loss: 0.1432
epoch 416
train_loss: 0.0627
test_loss: 0.1432
epoch 417
train_loss: 0.0626
test_loss: 0.1431
epoch 418
train_loss: 0.0625
test_loss: 0.1431
epoch 419
train_loss: 0.0624
test_loss: 0.1430
epoch 420
train_loss: 0.0623
test_loss: 0.1430
epoch 421
train_loss: 0.0622
test_loss: 0.1430
epoch 422
train_loss: 0.0621
test_loss: 0.1430
epoch 423
train_loss: 0.0621
test_loss: 0.1429
epoch 424
train_loss: 0.0620
test_loss: 0.1429
epoch 425
train_loss: 0.0619
test_loss: 0.1428
epoch 426
train_loss: 0.0618
test_loss: 0.1428
epoch 427
train_loss: 0.0617
test_loss: 0.1428
epoch 428
train_loss: 0.0616
test_loss: 0.1427
epoch 429
train_loss: 0.0615
test_loss: 0.1427
epoch 430
train_loss: 0.0614
test_loss: 0.1427
epoch 431
train_loss: 0.0614
test_loss: 0.1426
epoch 432
train_loss: 0.0613
test_loss: 0.1426
epoch 433
train_loss: 0.0612
test_loss: 0.1426
epoch 434
train_loss: 0.0611
test_loss: 0.1425
epoch 435
train_loss: 0.0610
test_loss: 0.1425
epoch 436
train_loss: 0.0610
test_loss: 0.1424
epoch 437
train_loss: 0.0609
test_loss: 0.1424
epoch 438
train_loss: 0.0608
test_loss: 0.1423
epoch 439
train_loss: 0.0607
test_loss: 0.1423
epoch 440
train_loss: 0.0606
test_loss: 0.1422
epoch 441
train_loss: 0.0605
test_loss: 0.1422
epoch 442
train_loss: 0.0604
test_loss: 0.1421
epoch 443
train_loss: 0.0604
test_loss: 0.1422
epoch 444
train_loss: 0.0603
test_loss: 0.1421
epoch 445
train_loss: 0.0602
test_loss: 0.1421
epoch 446
train_loss: 0.0601
test_loss: 0.1420
epoch 447
train_loss: 0.0600
test_loss: 0.1420
epoch 448
train_loss: 0.0600
test_loss: 0.1419
epoch 449
train_loss: 0.0599
test_loss: 0.1419
epoch 450
train_loss: 0.0598
test_loss: 0.1418
epoch 451
train_loss: 0.0597
test_loss: 0.1419
epoch 452
train_loss: 0.0597
test_loss: 0.1418
epoch 453
train_loss: 0.0596
test_loss: 0.1417
epoch 454
train_loss: 0.0595
test_loss: 0.1417
epoch 455
train_loss: 0.0594
test_loss: 0.1417
epoch 456
train_loss: 0.0593
test_loss: 0.1416
epoch 457
train_loss: 0.0593
test_loss: 0.1416
epoch 458
train_loss: 0.0592
test_loss: 0.1416
epoch 459
train_loss: 0.0591
test_loss: 0.1415
epoch 460
train_loss: 0.0591
test_loss: 0.1416
epoch 461
train_loss: 0.0590
test_loss: 0.1414
epoch 462
train_loss: 0.0589
test_loss: 0.1415
epoch 463
train_loss: 0.0588
test_loss: 0.1414
epoch 464
train_loss: 0.0588
test_loss: 0.1414
epoch 465
train_loss: 0.0587
test_loss: 0.1413
epoch 466
train_loss: 0.0586
test_loss: 0.1414
epoch 467
train_loss: 0.0585
test_loss: 0.1413
epoch 468
train_loss: 0.0585
test_loss: 0.1413
epoch 469
train_loss: 0.0584
test_loss: 0.1412
epoch 470
train_loss: 0.0583
test_loss: 0.1412
epoch 471
train_loss: 0.0583
test_loss: 0.1411
epoch 472
train_loss: 0.0582
test_loss: 0.1412
epoch 473
train_loss: 0.0581
test_loss: 0.1411
epoch 474
train_loss: 0.0580
test_loss: 0.1411
epoch 475
train_loss: 0.0580
test_loss: 0.1411
epoch 476
train_loss: 0.0579
test_loss: 0.1411
epoch 477
train_loss: 0.0578
test_loss: 0.1411
epoch 478
train_loss: 0.0578
test_loss: 0.1410
epoch 479
train_loss: 0.0577
test_loss: 0.1409
epoch 480
train_loss: 0.0576
test_loss: 0.1410
epoch 481
train_loss: 0.0576
test_loss: 0.1409
epoch 482
train_loss: 0.0575
test_loss: 0.1408
epoch 483
train_loss: 0.0574
test_loss: 0.1409
epoch 484
train_loss: 0.0574
test_loss: 0.1408
epoch 485
train_loss: 0.0573
test_loss: 0.1408
epoch 486
train_loss: 0.0572
test_loss: 0.1407
epoch 487
train_loss: 0.0572
test_loss: 0.1407
epoch 488
train_loss: 0.0571
test_loss: 0.1407
epoch 489
train_loss: 0.0570
test_loss: 0.1407
epoch 490
train_loss: 0.0570
test_loss: 0.1406
epoch 491
train_loss: 0.0569
test_loss: 0.1406
epoch 492
train_loss: 0.0569
test_loss: 0.1406
epoch 493
train_loss: 0.0568
test_loss: 0.1405
epoch 494
train_loss: 0.0567
test_loss: 0.1405
epoch 495
train_loss: 0.0567
test_loss: 0.1405
epoch 496
train_loss: 0.0566
test_loss: 0.1405
epoch 497
train_loss: 0.0565
test_loss: 0.1404
epoch 498
train_loss: 0.0565
test_loss: 0.1404
epoch 499
train_loss: 0.0564
test_loss: 0.1403
epoch 500
train_loss: 0.0563
test_loss: 0.1404
epoch 501
train_loss: 0.0563
test_loss: 0.1403
epoch 502
train_loss: 0.0562
test_loss: 0.1403
epoch 503
train_loss: 0.0562
test_loss: 0.1403
epoch 504
train_loss: 0.0561
test_loss: 0.1402
epoch 505
train_loss: 0.0560
test_loss: 0.1402
epoch 506
train_loss: 0.0560
test_loss: 0.1402
epoch 507
train_loss: 0.0559
test_loss: 0.1402
epoch 508
train_loss: 0.0559
test_loss: 0.1401
epoch 509
train_loss: 0.0558
test_loss: 0.1400
epoch 510
train_loss: 0.0557
test_loss: 0.1400
epoch 511
train_loss: 0.0557
test_loss: 0.1400
epoch 512
train_loss: 0.0556
test_loss: 0.1400
epoch 513
train_loss: 0.0556
test_loss: 0.1399
epoch 514
train_loss: 0.0555
test_loss: 0.1399
epoch 515
train_loss: 0.0554
test_loss: 0.1399
epoch 516
train_loss: 0.0554
test_loss: 0.1398
epoch 517
train_loss: 0.0553
test_loss: 0.1398
epoch 518
train_loss: 0.0553
test_loss: 0.1398
epoch 519
train_loss: 0.0552
test_loss: 0.1397
epoch 520
train_loss: 0.0551
test_loss: 0.1397
epoch 521
train_loss: 0.0551
test_loss: 0.1396
epoch 522
train_loss: 0.0550
test_loss: 0.1397
epoch 523
train_loss: 0.0550
test_loss: 0.1396
epoch 524
train_loss: 0.0549
test_loss: 0.1396
epoch 525
train_loss: 0.0549
test_loss: 0.1395
epoch 526
train_loss: 0.0548
test_loss: 0.1395
epoch 527
train_loss: 0.0548
test_loss: 0.1395
epoch 528
train_loss: 0.0547
test_loss: 0.1394
epoch 529
train_loss: 0.0546
test_loss: 0.1394
epoch 530
train_loss: 0.0546
test_loss: 0.1394
epoch 531
train_loss: 0.0545
test_loss: 0.1393
epoch 532
train_loss: 0.0545
test_loss: 0.1393
epoch 533
train_loss: 0.0544
test_loss: 0.1392
epoch 534
train_loss: 0.0544
test_loss: 0.1392
epoch 535
train_loss: 0.0543
test_loss: 0.1391
epoch 536
train_loss: 0.0543
test_loss: 0.1391
epoch 537
train_loss: 0.0542
test_loss: 0.1391
epoch 538
train_loss: 0.0542
test_loss: 0.1390
epoch 539
train_loss: 0.0541
test_loss: 0.1390
epoch 540
train_loss: 0.0541
test_loss: 0.1390
epoch 541
train_loss: 0.0540
test_loss: 0.1389
epoch 542
train_loss: 0.0539
test_loss: 0.1389
epoch 543
train_loss: 0.0539
test_loss: 0.1388
epoch 544
train_loss: 0.0538
test_loss: 0.1388
epoch 545
train_loss: 0.0538
test_loss: 0.1388
epoch 546
train_loss: 0.0537
test_loss: 0.1388
epoch 547
train_loss: 0.0537
test_loss: 0.1387
epoch 548
train_loss: 0.0536
test_loss: 0.1388
epoch 549
train_loss: 0.0536
test_loss: 0.1386
epoch 550
train_loss: 0.0535
test_loss: 0.1386
epoch 551
train_loss: 0.0535
test_loss: 0.1386
epoch 552
train_loss: 0.0534
test_loss: 0.1386
epoch 553
train_loss: 0.0534
test_loss: 0.1385
epoch 554
train_loss: 0.0533
test_loss: 0.1385
epoch 555
train_loss: 0.0533
test_loss: 0.1385
epoch 556
train_loss: 0.0532
test_loss: 0.1385
epoch 557
train_loss: 0.0532
test_loss: 0.1384
epoch 558
train_loss: 0.0531
test_loss: 0.1384
epoch 559
train_loss: 0.0531
test_loss: 0.1384
epoch 560
train_loss: 0.0530
test_loss: 0.1383
epoch 561
train_loss: 0.0529
test_loss: 0.1383
epoch 562
train_loss: 0.0529
test_loss: 0.1383
epoch 563
train_loss: 0.0528
test_loss: 0.1382
epoch 564
train_loss: 0.0528
test_loss: 0.1382
epoch 565
train_loss: 0.0527
test_loss: 0.1382
epoch 566
train_loss: 0.0527
test_loss: 0.1382
epoch 567
train_loss: 0.0526
test_loss: 0.1381
epoch 568
train_loss: 0.0526
test_loss: 0.1381
epoch 569
train_loss: 0.0525
test_loss: 0.1380
epoch 570
train_loss: 0.0525
test_loss: 0.1380
epoch 571
train_loss: 0.0524
test_loss: 0.1380
epoch 572
train_loss: 0.0524
test_loss: 0.1380
epoch 573
train_loss: 0.0523
test_loss: 0.1380
epoch 574
train_loss: 0.0523
test_loss: 0.1379
epoch 575
train_loss: 0.0522
test_loss: 0.1379
epoch 576
train_loss: 0.0522
test_loss: 0.1379
epoch 577
train_loss: 0.0521
test_loss: 0.1378
epoch 578
train_loss: 0.0521
test_loss: 0.1378
epoch 579
train_loss: 0.0520
test_loss: 0.1378
epoch 580
train_loss: 0.0520
test_loss: 0.1378
epoch 581
train_loss: 0.0519
test_loss: 0.1378
epoch 582
train_loss: 0.0519
test_loss: 0.1377
epoch 583
train_loss: 0.0518
test_loss: 0.1377
epoch 584
train_loss: 0.0518
test_loss: 0.1377
epoch 585
train_loss: 0.0518
test_loss: 0.1376
epoch 586
train_loss: 0.0517
test_loss: 0.1376
epoch 587
train_loss: 0.0517
test_loss: 0.1376
epoch 588
train_loss: 0.0516
test_loss: 0.1376
epoch 589
train_loss: 0.0516
test_loss: 0.1374
epoch 590
train_loss: 0.0515
test_loss: 0.1375
epoch 591
train_loss: 0.0515
test_loss: 0.1374
epoch 592
train_loss: 0.0514
test_loss: 0.1374
epoch 593
train_loss: 0.0514
test_loss: 0.1373
epoch 594
train_loss: 0.0513
test_loss: 0.1374
epoch 595
train_loss: 0.0513
test_loss: 0.1373
epoch 596
train_loss: 0.0512
test_loss: 0.1373
epoch 597
train_loss: 0.0512
test_loss: 0.1373
epoch 598
train_loss: 0.0511
test_loss: 0.1372
epoch 599
train_loss: 0.0511
test_loss: 0.1372
epoch 600
train_loss: 0.0511
test_loss: 0.1372
epoch 601
train_loss: 0.0510
test_loss: 0.1372
epoch 602
train_loss: 0.0510
test_loss: 0.1372
epoch 603
train_loss: 0.0509
test_loss: 0.1372
epoch 604
train_loss: 0.0509
test_loss: 0.1371
epoch 605
train_loss: 0.0508
test_loss: 0.1371
epoch 606
train_loss: 0.0508
test_loss: 0.1371
epoch 607
train_loss: 0.0507
test_loss: 0.1370
epoch 608
train_loss: 0.0507
test_loss: 0.1370
epoch 609
train_loss: 0.0507
test_loss: 0.1370
epoch 610
train_loss: 0.0506
test_loss: 0.1370
epoch 611
train_loss: 0.0506
test_loss: 0.1369
epoch 612
train_loss: 0.0505
test_loss: 0.1369
epoch 613
train_loss: 0.0505
test_loss: 0.1369
epoch 614
train_loss: 0.0504
test_loss: 0.1369
epoch 615
train_loss: 0.0504
test_loss: 0.1369
epoch 616
train_loss: 0.0504
test_loss: 0.1368
epoch 617
train_loss: 0.0503
test_loss: 0.1368
epoch 618
train_loss: 0.0503
test_loss: 0.1367
epoch 619
train_loss: 0.0502
test_loss: 0.1367
epoch 620
train_loss: 0.0502
test_loss: 0.1367
epoch 621
train_loss: 0.0502
test_loss: 0.1367
epoch 622
train_loss: 0.0501
test_loss: 0.1367
epoch 623
train_loss: 0.0501
test_loss: 0.1366
epoch 624
train_loss: 0.0500
test_loss: 0.1366
epoch 625
train_loss: 0.0500
test_loss: 0.1366
epoch 626
train_loss: 0.0500
test_loss: 0.1366
epoch 627
train_loss: 0.0499
test_loss: 0.1365
epoch 628
train_loss: 0.0499
test_loss: 0.1365
epoch 629
train_loss: 0.0498
test_loss: 0.1365
epoch 630
train_loss: 0.0498
test_loss: 0.1365
epoch 631
train_loss: 0.0498
test_loss: 0.1364
epoch 632
train_loss: 0.0497
test_loss: 0.1364
epoch 633
train_loss: 0.0497
test_loss: 0.1364
epoch 634
train_loss: 0.0496
test_loss: 0.1364
epoch 635
train_loss: 0.0496
test_loss: 0.1363
epoch 636
train_loss: 0.0496
test_loss: 0.1363
epoch 637
train_loss: 0.0495
test_loss: 0.1363
epoch 638
train_loss: 0.0495
test_loss: 0.1363
epoch 639
train_loss: 0.0494
test_loss: 0.1363
epoch 640
train_loss: 0.0494
test_loss: 0.1362
epoch 641
train_loss: 0.0494
test_loss: 0.1363
epoch 642
train_loss: 0.0493
test_loss: 0.1361
epoch 643
train_loss: 0.0493
test_loss: 0.1362
epoch 644
train_loss: 0.0492
test_loss: 0.1362
epoch 645
train_loss: 0.0492
test_loss: 0.1361
epoch 646
train_loss: 0.0492
test_loss: 0.1362
epoch 647
train_loss: 0.0491
test_loss: 0.1361
epoch 648
train_loss: 0.0491
test_loss: 0.1361
epoch 649
train_loss: 0.0491
test_loss: 0.1361
epoch 650
train_loss: 0.0490
test_loss: 0.1361
epoch 651
train_loss: 0.0490
test_loss: 0.1361
epoch 652
train_loss: 0.0489
test_loss: 0.1360
epoch 653
train_loss: 0.0489
test_loss: 0.1360
epoch 654
train_loss: 0.0489
test_loss: 0.1360
epoch 655
train_loss: 0.0488
test_loss: 0.1359
epoch 656
train_loss: 0.0488
test_loss: 0.1359
epoch 657
train_loss: 0.0487
test_loss: 0.1359
epoch 658
train_loss: 0.0487
test_loss: 0.1359
epoch 659
train_loss: 0.0487
test_loss: 0.1359
epoch 660
train_loss: 0.0486
test_loss: 0.1358
epoch 661
train_loss: 0.0486
test_loss: 0.1358
epoch 662
train_loss: 0.0485
test_loss: 0.1358
epoch 663
train_loss: 0.0485
test_loss: 0.1357
epoch 664
train_loss: 0.0485
test_loss: 0.1358
epoch 665
train_loss: 0.0484
test_loss: 0.1357
epoch 666
train_loss: 0.0484
test_loss: 0.1357
epoch 667
train_loss: 0.0484
test_loss: 0.1357
epoch 668
train_loss: 0.0483
test_loss: 0.1356
epoch 669
train_loss: 0.0483
test_loss: 0.1356
epoch 670
train_loss: 0.0482
test_loss: 0.1356
epoch 671
train_loss: 0.0482
test_loss: 0.1356
epoch 672
train_loss: 0.0482
test_loss: 0.1355
epoch 673
train_loss: 0.0481
test_loss: 0.1355
epoch 674
train_loss: 0.0481
test_loss: 0.1355
epoch 675
train_loss: 0.0481
test_loss: 0.1355
epoch 676
train_loss: 0.0480
test_loss: 0.1354
epoch 677
train_loss: 0.0480
test_loss: 0.1354
epoch 678
train_loss: 0.0479
test_loss: 0.1354
epoch 679
train_loss: 0.0479
test_loss: 0.1354
epoch 680
train_loss: 0.0479
test_loss: 0.1354
epoch 681
train_loss: 0.0479
test_loss: 0.1354
epoch 682
train_loss: 0.0478
test_loss: 0.1353
epoch 683
train_loss: 0.0478
test_loss: 0.1353
epoch 684
train_loss: 0.0477
test_loss: 0.1353
epoch 685
train_loss: 0.0477
test_loss: 0.1353
epoch 686
train_loss: 0.0477
test_loss: 0.1352
epoch 687
train_loss: 0.0476
test_loss: 0.1352
epoch 688
train_loss: 0.0476
test_loss: 0.1352
epoch 689
train_loss: 0.0476
test_loss: 0.1352
epoch 690
train_loss: 0.0475
test_loss: 0.1352
epoch 691
train_loss: 0.0475
test_loss: 0.1351
epoch 692
train_loss: 0.0475
test_loss: 0.1352
epoch 693
train_loss: 0.0474
test_loss: 0.1351
epoch 694
train_loss: 0.0474
test_loss: 0.1351
epoch 695
train_loss: 0.0474
test_loss: 0.1351
epoch 696
train_loss: 0.0473
test_loss: 0.1351
epoch 697
train_loss: 0.0473
test_loss: 0.1351
epoch 698
train_loss: 0.0473
test_loss: 0.1350
epoch 699
train_loss: 0.0472
test_loss: 0.1350
epoch 700
train_loss: 0.0472
test_loss: 0.1351
epoch 701
train_loss: 0.0472
test_loss: 0.1350
epoch 702
train_loss: 0.0471
test_loss: 0.1350
epoch 703
train_loss: 0.0471
test_loss: 0.1350
epoch 704
train_loss: 0.0471
test_loss: 0.1350
epoch 705
train_loss: 0.0470
test_loss: 0.1350
epoch 706
train_loss: 0.0470
test_loss: 0.1350
epoch 707
train_loss: 0.0470
test_loss: 0.1350
epoch 708
train_loss: 0.0469
test_loss: 0.1350
epoch 709
train_loss: 0.0469
test_loss: 0.1349
epoch 710
train_loss: 0.0468
test_loss: 0.1350
epoch 711
train_loss: 0.0468
test_loss: 0.1349
epoch 712
train_loss: 0.0468
test_loss: 0.1349
epoch 713
train_loss: 0.0468
test_loss: 0.1349
epoch 714
train_loss: 0.0467
test_loss: 0.1349
epoch 715
train_loss: 0.0467
test_loss: 0.1349
epoch 716
train_loss: 0.0467
test_loss: 0.1349
epoch 717
train_loss: 0.0466
test_loss: 0.1348
epoch 718
train_loss: 0.0466
test_loss: 0.1349
epoch 719
train_loss: 0.0465
test_loss: 0.1348
epoch 720
train_loss: 0.0465
test_loss: 0.1348
epoch 721
train_loss: 0.0465
test_loss: 0.1348
epoch 722
train_loss: 0.0464
test_loss: 0.1348
epoch 723
train_loss: 0.0464
test_loss: 0.1348
epoch 724
train_loss: 0.0464
test_loss: 0.1348
epoch 725
train_loss: 0.0464
test_loss: 0.1348
epoch 726
train_loss: 0.0463
test_loss: 0.1348
epoch 727
train_loss: 0.0463
test_loss: 0.1347
epoch 728
train_loss: 0.0462
test_loss: 0.1347
epoch 729
train_loss: 0.0462
test_loss: 0.1347
epoch 730
train_loss: 0.0462
test_loss: 0.1347
epoch 731
train_loss: 0.0461
test_loss: 0.1347
epoch 732
train_loss: 0.0461
test_loss: 0.1347
epoch 733
train_loss: 0.0461
test_loss: 0.1347
epoch 734
train_loss: 0.0460
test_loss: 0.1346
epoch 735
train_loss: 0.0460
test_loss: 0.1347
epoch 736
train_loss: 0.0460
test_loss: 0.1346
epoch 737
train_loss: 0.0459
test_loss: 0.1346
epoch 738
train_loss: 0.0459
test_loss: 0.1346
epoch 739
train_loss: 0.0459
test_loss: 0.1345
epoch 740
train_loss: 0.0459
test_loss: 0.1346
epoch 741
train_loss: 0.0458
test_loss: 0.1346
epoch 742
train_loss: 0.0458
test_loss: 0.1346
epoch 743
train_loss: 0.0458
test_loss: 0.1346
epoch 744
train_loss: 0.0457
test_loss: 0.1346
epoch 745
train_loss: 0.0457
test_loss: 0.1345
epoch 746
train_loss: 0.0457
test_loss: 0.1346
epoch 747
train_loss: 0.0456
test_loss: 0.1346
epoch 748
train_loss: 0.0456
test_loss: 0.1346
epoch 749
train_loss: 0.0456
test_loss: 0.1345
epoch 750
train_loss: 0.0455
test_loss: 0.1345
epoch 751
train_loss: 0.0455
test_loss: 0.1345
epoch 752
train_loss: 0.0455
test_loss: 0.1346
epoch 753
train_loss: 0.0454
test_loss: 0.1345
epoch 754
train_loss: 0.0454
test_loss: 0.1345
epoch 755
train_loss: 0.0454
test_loss: 0.1345
epoch 756
train_loss: 0.0453
test_loss: 0.1345
epoch 757
train_loss: 0.0453
test_loss: 0.1345
epoch 758
train_loss: 0.0453
test_loss: 0.1345
epoch 759
train_loss: 0.0453
test_loss: 0.1345
epoch 760
train_loss: 0.0452
test_loss: 0.1345
epoch 761
train_loss: 0.0452
test_loss: 0.1345
epoch 762
train_loss: 0.0452
test_loss: 0.1345
epoch 763
train_loss: 0.0451
test_loss: 0.1345
epoch 764
train_loss: 0.0451
test_loss: 0.1344
epoch 765
train_loss: 0.0451
test_loss: 0.1344
epoch 766
train_loss: 0.0450
test_loss: 0.1344
epoch 767
train_loss: 0.0450
test_loss: 0.1345
epoch 768
train_loss: 0.0450
test_loss: 0.1345
epoch 769
train_loss: 0.0449
test_loss: 0.1344
epoch 770
train_loss: 0.0449
test_loss: 0.1344
epoch 771
train_loss: 0.0449
test_loss: 0.1344
epoch 772
train_loss: 0.0449
test_loss: 0.1344
epoch 773
train_loss: 0.0448
test_loss: 0.1344
epoch 774
train_loss: 0.0448
test_loss: 0.1344
epoch 775
train_loss: 0.0448
test_loss: 0.1344
epoch 776
train_loss: 0.0447
test_loss: 0.1344
epoch 777
train_loss: 0.0447
test_loss: 0.1344
epoch 778
train_loss: 0.0447
test_loss: 0.1344
epoch 779
train_loss: 0.0446
test_loss: 0.1344
epoch 780
train_loss: 0.0446
test_loss: 0.1344
epoch 781
train_loss: 0.0446
test_loss: 0.1344
epoch 782
train_loss: 0.0446
test_loss: 0.1343
epoch 783
train_loss: 0.0445
test_loss: 0.1343
epoch 784
train_loss: 0.0445
test_loss: 0.1343
epoch 785
train_loss: 0.0445
test_loss: 0.1343
epoch 786
train_loss: 0.0444
test_loss: 0.1344
epoch 787
train_loss: 0.0444
test_loss: 0.1343
epoch 788
train_loss: 0.0444
test_loss: 0.1343
epoch 789
train_loss: 0.0443
test_loss: 0.1343
epoch 790
train_loss: 0.0443
test_loss: 0.1343
epoch 791
train_loss: 0.0443
test_loss: 0.1343
epoch 792
train_loss: 0.0443
test_loss: 0.1343
epoch 793
train_loss: 0.0442
test_loss: 0.1343
epoch 794
train_loss: 0.0442
test_loss: 0.1343
epoch 795
train_loss: 0.0442
test_loss: 0.1343
epoch 796
train_loss: 0.0441
test_loss: 0.1343
epoch 797
train_loss: 0.0441
test_loss: 0.1343
epoch 798
train_loss: 0.0441
test_loss: 0.1342
epoch 799
train_loss: 0.0441
test_loss: 0.1342
epoch 800
train_loss: 0.0440
test_loss: 0.1343
epoch 801
train_loss: 0.0440
test_loss: 0.1342
epoch 802
train_loss: 0.0440
test_loss: 0.1343
epoch 803
train_loss: 0.0439
test_loss: 0.1342
epoch 804
train_loss: 0.0439
test_loss: 0.1342
epoch 805
train_loss: 0.0439
test_loss: 0.1343
epoch 806
train_loss: 0.0439
test_loss: 0.1342
epoch 807
train_loss: 0.0438
test_loss: 0.1342
epoch 808
train_loss: 0.0438
test_loss: 0.1342
epoch 809
train_loss: 0.0438
test_loss: 0.1342
epoch 810
train_loss: 0.0438
test_loss: 0.1341
epoch 811
train_loss: 0.0437
test_loss: 0.1342
epoch 812
train_loss: 0.0437
test_loss: 0.1342
epoch 813
train_loss: 0.0437
test_loss: 0.1342
epoch 814
train_loss: 0.0437
test_loss: 0.1342
epoch 815
train_loss: 0.0436
test_loss: 0.1341
epoch 816
train_loss: 0.0436
test_loss: 0.1341
epoch 817
train_loss: 0.0436
test_loss: 0.1342
epoch 818
train_loss: 0.0436
test_loss: 0.1341
epoch 819
train_loss: 0.0435
test_loss: 0.1341
epoch 820
train_loss: 0.0435
test_loss: 0.1341
epoch 821
train_loss: 0.0435
test_loss: 0.1341
epoch 822
train_loss: 0.0434
test_loss: 0.1341
epoch 823
train_loss: 0.0434
test_loss: 0.1341
epoch 824
train_loss: 0.0434
test_loss: 0.1341
epoch 825
train_loss: 0.0434
test_loss: 0.1341
epoch 826
train_loss: 0.0433
test_loss: 0.1340
epoch 827
train_loss: 0.0433
test_loss: 0.1340
epoch 828
train_loss: 0.0433
test_loss: 0.1341
epoch 829
train_loss: 0.0433
test_loss: 0.1340
epoch 830
train_loss: 0.0432
test_loss: 0.1340
epoch 831
train_loss: 0.0432
test_loss: 0.1340
epoch 832
train_loss: 0.0432
test_loss: 0.1339
epoch 833
train_loss: 0.0432
test_loss: 0.1340
epoch 834
train_loss: 0.0431
test_loss: 0.1339
epoch 835
train_loss: 0.0431
test_loss: 0.1339
epoch 836
train_loss: 0.0431
test_loss: 0.1339
epoch 837
train_loss: 0.0430
test_loss: 0.1339
epoch 838
train_loss: 0.0430
test_loss: 0.1339
epoch 839
train_loss: 0.0430
test_loss: 0.1339
epoch 840
train_loss: 0.0430
test_loss: 0.1338
epoch 841
train_loss: 0.0429
test_loss: 0.1339
epoch 842
train_loss: 0.0429
test_loss: 0.1338
epoch 843
train_loss: 0.0429
test_loss: 0.1338
epoch 844
train_loss: 0.0429
test_loss: 0.1338
epoch 845
train_loss: 0.0428
test_loss: 0.1337
epoch 846
train_loss: 0.0428
test_loss: 0.1338
epoch 847
train_loss: 0.0428
test_loss: 0.1337
epoch 848
train_loss: 0.0428
test_loss: 0.1337
epoch 849
train_loss: 0.0427
test_loss: 0.1337
epoch 850
train_loss: 0.0427
test_loss: 0.1337
epoch 851
train_loss: 0.0427
test_loss: 0.1336
epoch 852
train_loss: 0.0427
test_loss: 0.1336
epoch 853
train_loss: 0.0426
test_loss: 0.1336
epoch 854
train_loss: 0.0426
test_loss: 0.1336
epoch 855
train_loss: 0.0426
test_loss: 0.1335
epoch 856
train_loss: 0.0426
test_loss: 0.1335
epoch 857
train_loss: 0.0426
test_loss: 0.1335
epoch 858
train_loss: 0.0425
test_loss: 0.1335
epoch 859
train_loss: 0.0425
test_loss: 0.1335
epoch 860
train_loss: 0.0425
test_loss: 0.1334
epoch 861
train_loss: 0.0424
test_loss: 0.1334
epoch 862
train_loss: 0.0424
test_loss: 0.1334
epoch 863
train_loss: 0.0424
test_loss: 0.1333
epoch 864
train_loss: 0.0424
test_loss: 0.1334
epoch 865
train_loss: 0.0424
test_loss: 0.1333
epoch 866
train_loss: 0.0423
test_loss: 0.1333
epoch 867
train_loss: 0.0423
test_loss: 0.1333
epoch 868
train_loss: 0.0423
test_loss: 0.1333
epoch 869
train_loss: 0.0423
test_loss: 0.1333
epoch 870
train_loss: 0.0422
test_loss: 0.1332
epoch 871
train_loss: 0.0422
test_loss: 0.1332
epoch 872
train_loss: 0.0422
test_loss: 0.1331
epoch 873
train_loss: 0.0422
test_loss: 0.1331
epoch 874
train_loss: 0.0421
test_loss: 0.1331
epoch 875
train_loss: 0.0421
test_loss: 0.1331
epoch 876
train_loss: 0.0421
test_loss: 0.1330
epoch 877
train_loss: 0.0421
test_loss: 0.1330
epoch 878
train_loss: 0.0420
test_loss: 0.1329
epoch 879
train_loss: 0.0420
test_loss: 0.1330
epoch 880
train_loss: 0.0420
test_loss: 0.1329
epoch 881
train_loss: 0.0420
test_loss: 0.1329
epoch 882
train_loss: 0.0419
test_loss: 0.1329
epoch 883
train_loss: 0.0419
test_loss: 0.1329
epoch 884
train_loss: 0.0419
test_loss: 0.1329
epoch 885
train_loss: 0.0419
test_loss: 0.1328
epoch 886
train_loss: 0.0419
test_loss: 0.1328
epoch 887
train_loss: 0.0418
test_loss: 0.1328
epoch 888
train_loss: 0.0418
test_loss: 0.1328
epoch 889
train_loss: 0.0418
test_loss: 0.1328
epoch 890
train_loss: 0.0418
test_loss: 0.1327
epoch 891
train_loss: 0.0417
test_loss: 0.1327
epoch 892
train_loss: 0.0417
test_loss: 0.1327
epoch 893
train_loss: 0.0417
test_loss: 0.1326
epoch 894
train_loss: 0.0417
test_loss: 0.1326
epoch 895
train_loss: 0.0416
test_loss: 0.1326
epoch 896
train_loss: 0.0416
test_loss: 0.1326
epoch 897
train_loss: 0.0416
test_loss: 0.1325
epoch 898
train_loss: 0.0416
test_loss: 0.1326
epoch 899
train_loss: 0.0415
test_loss: 0.1325
epoch 900
train_loss: 0.0415
test_loss: 0.1325
epoch 901
train_loss: 0.0415
test_loss: 0.1325
epoch 902
train_loss: 0.0415
test_loss: 0.1324
epoch 903
train_loss: 0.0415
test_loss: 0.1325
epoch 904
train_loss: 0.0415
test_loss: 0.1324
epoch 905
train_loss: 0.0414
test_loss: 0.1324
epoch 906
train_loss: 0.0414
test_loss: 0.1324
epoch 907
train_loss: 0.0414
test_loss: 0.1324
epoch 908
train_loss: 0.0414
test_loss: 0.1324
epoch 909
train_loss: 0.0413
test_loss: 0.1323
epoch 910
train_loss: 0.0413
test_loss: 0.1324
epoch 911
train_loss: 0.0413
test_loss: 0.1323
epoch 912
train_loss: 0.0413
test_loss: 0.1323
epoch 913
train_loss: 0.0412
test_loss: 0.1322
epoch 914
train_loss: 0.0412
test_loss: 0.1322
epoch 915
train_loss: 0.0412
test_loss: 0.1322
epoch 916
train_loss: 0.0412
test_loss: 0.1322
epoch 917
train_loss: 0.0411
test_loss: 0.1321
epoch 918
train_loss: 0.0411
test_loss: 0.1322
epoch 919
train_loss: 0.0411
test_loss: 0.1322
epoch 920
train_loss: 0.0411
test_loss: 0.1321
epoch 921
train_loss: 0.0411
test_loss: 0.1321
epoch 922
train_loss: 0.0410
test_loss: 0.1321
epoch 923
train_loss: 0.0410
test_loss: 0.1320
epoch 924
train_loss: 0.0410
test_loss: 0.1321
epoch 925
train_loss: 0.0410
test_loss: 0.1321
epoch 926
train_loss: 0.0410
test_loss: 0.1320
epoch 927
train_loss: 0.0409
test_loss: 0.1320
epoch 928
train_loss: 0.0409
test_loss: 0.1320
epoch 929
train_loss: 0.0409
test_loss: 0.1320
epoch 930
train_loss: 0.0409
test_loss: 0.1319
epoch 931
train_loss: 0.0409
test_loss: 0.1319
epoch 932
train_loss: 0.0408
test_loss: 0.1319
epoch 933
train_loss: 0.0408
test_loss: 0.1319
epoch 934
train_loss: 0.0408
test_loss: 0.1319
epoch 935
train_loss: 0.0408
test_loss: 0.1319
epoch 936
train_loss: 0.0407
test_loss: 0.1319
epoch 937
train_loss: 0.0407
test_loss: 0.1318
epoch 938
train_loss: 0.0407
test_loss: 0.1319
epoch 939
train_loss: 0.0407
test_loss: 0.1318
epoch 940
train_loss: 0.0407
test_loss: 0.1318
epoch 941
train_loss: 0.0406
test_loss: 0.1317
epoch 942
train_loss: 0.0406
test_loss: 0.1317
epoch 943
train_loss: 0.0406
test_loss: 0.1317
epoch 944
train_loss: 0.0406
test_loss: 0.1317
epoch 945
train_loss: 0.0405
test_loss: 0.1317
epoch 946
train_loss: 0.0405
test_loss: 0.1317
epoch 947
train_loss: 0.0405
test_loss: 0.1316
epoch 948
train_loss: 0.0405
test_loss: 0.1316
epoch 949
train_loss: 0.0405
test_loss: 0.1315
/home/xueqiong/noise_injection_uncertainty/regression/utils.py:39: FutureWarning: The 'delim_whitespace' keyword in pd.read_csv is deprecated and will be removed in a future version. Use ``sep='\s+'`` instead
  return pd.read_csv(dataset_path, engine='python', header=None, delim_whitespace=True)
8 1
824 206 1030
model_name dropoutFCN
using Adam as optimizer
epoch 0
train_loss: 0.7705
Module: DropoutFullyConnectedNN
  Module: ModuleList
    Module: Linear
    Module: Linear
    Module: Linear
  Module: ModuleList
    Module: Dropout
dropout设置为训练模式
    Module: Dropout
dropout设置为训练模式
    Module: Dropout
dropout设置为训练模式
  Module: ReLU
test_loss: 0.4912
epoch 1
train_loss: 0.4004
Module: DropoutFullyConnectedNN
  Module: ModuleList
    Module: Linear
    Module: Linear
    Module: Linear
  Module: ModuleList
    Module: Dropout
dropout设置为训练模式
    Module: Dropout
dropout设置为训练模式
    Module: Dropout
dropout设置为训练模式
  Module: ReLU
test_loss: 0.3226
epoch 2
train_loss: 0.3395
Module: DropoutFullyConnectedNN
  Module: ModuleList
    Module: Linear
    Module: Linear
    Module: Linear
  Module: ModuleList
    Module: Dropout
dropout设置为训练模式
    Module: Dropout
dropout设置为训练模式
    Module: Dropout
dropout设置为训练模式
  Module: ReLU
test_loss: 0.2780
epoch 3
train_loss: 0.2991
Module: DropoutFullyConnectedNN
  Module: ModuleList
    Module: Linear
    Module: Linear
    Module: Linear
  Module: ModuleList
    Module: Dropout
dropout设置为训练模式
    Module: Dropout
dropout设置为训练模式
    Module: Dropout
dropout设置为训练模式
  Module: ReLU
test_loss: 0.2489
epoch 4
train_loss: 0.2681
Module: DropoutFullyConnectedNN
  Module: ModuleList
    Module: Linear
    Module: Linear
    Module: Linear
  Module: ModuleList
    Module: Dropout
dropout设置为训练模式
    Module: Dropout
dropout设置为训练模式
    Module: Dropout
dropout设置为训练模式
  Module: ReLU
test_loss: 0.2266
epoch 5
train_loss: 0.2372
Module: DropoutFullyConnectedNN
  Module: ModuleList
    Module: Linear
    Module: Linear
    Module: Linear
  Module: ModuleList
    Module: Dropout
dropout设置为训练模式
    Module: Dropout
dropout设置为训练模式
    Module: Dropout
dropout设置为训练模式
  Module: ReLU
test_loss: 0.2091
epoch 6
train_loss: 0.2266
Module: DropoutFullyConnectedNN
  Module: ModuleList
    Module: Linear
    Module: Linear
    Module: Linear
  Module: ModuleList
    Module: Dropout
dropout设置为训练模式
    Module: Dropout
dropout设置为训练模式
    Module: Dropout
dropout设置为训练模式
  Module: ReLU
test_loss: 0.2072
epoch 7
train_loss: 0.2130
Module: DropoutFullyConnectedNN
  Module: ModuleList
    Module: Linear
    Module: Linear
    Module: Linear
  Module: ModuleList
    Module: Dropout
dropout设置为训练模式
    Module: Dropout
dropout设置为训练模式
    Module: Dropout
dropout设置为训练模式
  Module: ReLU
test_loss: 0.1900
epoch 8
train_loss: 0.2062
Module: DropoutFullyConnectedNN
  Module: ModuleList
    Module: Linear
    Module: Linear
    Module: Linear
  Module: ModuleList
    Module: Dropout
dropout设置为训练模式
    Module: Dropout
dropout设置为训练模式
    Module: Dropout
dropout设置为训练模式
  Module: ReLU
test_loss: 0.1897
epoch 9
train_loss: 0.1919
Module: DropoutFullyConnectedNN
  Module: ModuleList
    Module: Linear
    Module: Linear
    Module: Linear
  Module: ModuleList
    Module: Dropout
dropout设置为训练模式
    Module: Dropout
dropout设置为训练模式
    Module: Dropout
dropout设置为训练模式
  Module: ReLU
test_loss: 0.1885
epoch 10
train_loss: 0.1913
Module: DropoutFullyConnectedNN
  Module: ModuleList
    Module: Linear
    Module: Linear
    Module: Linear
  Module: ModuleList
    Module: Dropout
dropout设置为训练模式
    Module: Dropout
dropout设置为训练模式
    Module: Dropout
dropout设置为训练模式
  Module: ReLU
test_loss: 0.1747
epoch 11
train_loss: 0.1881
Module: DropoutFullyConnectedNN
  Module: ModuleList
    Module: Linear
    Module: Linear
    Module: Linear
  Module: ModuleList
    Module: Dropout
dropout设置为训练模式
    Module: Dropout
dropout设置为训练模式
    Module: Dropout
dropout设置为训练模式
  Module: ReLU
test_loss: 0.1767
epoch 12
train_loss: 0.1793
Module: DropoutFullyConnectedNN
  Module: ModuleList
    Module: Linear
    Module: Linear
    Module: Linear
  Module: ModuleList
    Module: Dropout
dropout设置为训练模式
    Module: Dropout
dropout设置为训练模式
    Module: Dropout
dropout设置为训练模式
  Module: ReLU
test_loss: 0.1674
epoch 13
train_loss: 0.1554
Module: DropoutFullyConnectedNN
  Module: ModuleList
    Module: Linear
    Module: Linear
    Module: Linear
  Module: ModuleList
    Module: Dropout
dropout设置为训练模式
    Module: Dropout
dropout设置为训练模式
    Module: Dropout
dropout设置为训练模式
  Module: ReLU
test_loss: 0.1651
epoch 14
train_loss: 0.1717
Module: DropoutFullyConnectedNN
  Module: ModuleList
    Module: Linear
    Module: Linear
    Module: Linear
  Module: ModuleList
    Module: Dropout
dropout设置为训练模式
    Module: Dropout
dropout设置为训练模式
    Module: Dropout
dropout设置为训练模式
  Module: ReLU
test_loss: 0.1603
epoch 15
train_loss: 0.1607
Module: DropoutFullyConnectedNN
  Module: ModuleList
    Module: Linear
    Module: Linear
    Module: Linear
  Module: ModuleList
    Module: Dropout
dropout设置为训练模式
    Module: Dropout
dropout设置为训练模式
    Module: Dropout
dropout设置为训练模式
  Module: ReLU
test_loss: 0.1582
epoch 16
train_loss: 0.1560
Module: DropoutFullyConnectedNN
  Module: ModuleList
    Module: Linear
    Module: Linear
    Module: Linear
  Module: ModuleList
    Module: Dropout
dropout设置为训练模式
    Module: Dropout
dropout设置为训练模式
    Module: Dropout
dropout设置为训练模式
  Module: ReLU
test_loss: 0.1541
epoch 17
train_loss: 0.1394
Module: DropoutFullyConnectedNN
  Module: ModuleList
    Module: Linear
    Module: Linear
    Module: Linear
  Module: ModuleList
    Module: Dropout
dropout设置为训练模式
    Module: Dropout
dropout设置为训练模式
    Module: Dropout
dropout设置为训练模式
  Module: ReLU
test_loss: 0.1562
epoch 18
train_loss: 0.1400
Module: DropoutFullyConnectedNN
  Module: ModuleList
    Module: Linear
    Module: Linear
    Module: Linear
  Module: ModuleList
    Module: Dropout
dropout设置为训练模式
    Module: Dropout
dropout设置为训练模式
    Module: Dropout
dropout设置为训练模式
  Module: ReLU
test_loss: 0.1501
epoch 19
train_loss: 0.1528
Module: DropoutFullyConnectedNN
  Module: ModuleList
    Module: Linear
    Module: Linear
    Module: Linear
  Module: ModuleList
    Module: Dropout
dropout设置为训练模式
    Module: Dropout
dropout设置为训练模式
    Module: Dropout
dropout设置为训练模式
  Module: ReLU
test_loss: 0.1613
epoch 20
train_loss: 0.1358
Module: DropoutFullyConnectedNN
  Module: ModuleList
    Module: Linear
    Module: Linear
    Module: Linear
  Module: ModuleList
    Module: Dropout
dropout设置为训练模式
    Module: Dropout
dropout设置为训练模式
    Module: Dropout
dropout设置为训练模式
  Module: ReLU
test_loss: 0.1524
epoch 21
train_loss: 0.1288
Module: DropoutFullyConnectedNN
  Module: ModuleList
    Module: Linear
    Module: Linear
    Module: Linear
  Module: ModuleList
    Module: Dropout
dropout设置为训练模式
    Module: Dropout
dropout设置为训练模式
    Module: Dropout
dropout设置为训练模式
  Module: ReLU
test_loss: 0.1511
epoch 22
train_loss: 0.1371
Module: DropoutFullyConnectedNN
  Module: ModuleList
    Module: Linear
    Module: Linear
    Module: Linear
  Module: ModuleList
    Module: Dropout
dropout设置为训练模式
    Module: Dropout
dropout设置为训练模式
    Module: Dropout
dropout设置为训练模式
  Module: ReLU
test_loss: 0.1489
epoch 23
train_loss: 0.1325
Module: DropoutFullyConnectedNN
  Module: ModuleList
    Module: Linear
    Module: Linear
    Module: Linear
  Module: ModuleList
    Module: Dropout
dropout设置为训练模式
    Module: Dropout
dropout设置为训练模式
    Module: Dropout
dropout设置为训练模式
  Module: ReLU
test_loss: 0.1449
epoch 24
train_loss: 0.1258
Module: DropoutFullyConnectedNN
  Module: ModuleList
    Module: Linear
    Module: Linear
    Module: Linear
  Module: ModuleList
    Module: Dropout
dropout设置为训练模式
    Module: Dropout
dropout设置为训练模式
    Module: Dropout
dropout设置为训练模式
  Module: ReLU
test_loss: 0.1477
epoch 25
train_loss: 0.1377
Module: DropoutFullyConnectedNN
  Module: ModuleList
    Module: Linear
    Module: Linear
    Module: Linear
  Module: ModuleList
    Module: Dropout
dropout设置为训练模式
    Module: Dropout
dropout设置为训练模式
    Module: Dropout
dropout设置为训练模式
  Module: ReLU
test_loss: 0.1502
epoch 26
train_loss: 0.1276
Module: DropoutFullyConnectedNN
  Module: ModuleList
    Module: Linear
    Module: Linear
    Module: Linear
  Module: ModuleList
    Module: Dropout
dropout设置为训练模式
    Module: Dropout
dropout设置为训练模式
    Module: Dropout
dropout设置为训练模式
  Module: ReLU
test_loss: 0.1386
epoch 27
train_loss: 0.1239
Module: DropoutFullyConnectedNN
  Module: ModuleList
    Module: Linear
    Module: Linear
    Module: Linear
  Module: ModuleList
    Module: Dropout
dropout设置为训练模式
    Module: Dropout
dropout设置为训练模式
    Module: Dropout
dropout设置为训练模式
  Module: ReLU
test_loss: 0.1534
epoch 28
train_loss: 0.1251
Module: DropoutFullyConnectedNN
  Module: ModuleList
    Module: Linear
    Module: Linear
    Module: Linear
  Module: ModuleList
    Module: Dropout
dropout设置为训练模式
    Module: Dropout
dropout设置为训练模式
    Module: Dropout
dropout设置为训练模式
  Module: ReLU
test_loss: 0.1431
epoch 29
train_loss: 0.1312
Module: DropoutFullyConnectedNN
  Module: ModuleList
    Module: Linear
    Module: Linear
    Module: Linear
  Module: ModuleList
    Module: Dropout
dropout设置为训练模式
    Module: Dropout
dropout设置为训练模式
    Module: Dropout
dropout设置为训练模式
  Module: ReLU
test_loss: 0.1423
epoch 30
train_loss: 0.1154
Module: DropoutFullyConnectedNN
  Module: ModuleList
    Module: Linear
    Module: Linear
    Module: Linear
  Module: ModuleList
    Module: Dropout
dropout设置为训练模式
    Module: Dropout
dropout设置为训练模式
    Module: Dropout
dropout设置为训练模式
  Module: ReLU
test_loss: 0.1384
epoch 31
train_loss: 0.1178
Module: DropoutFullyConnectedNN
  Module: ModuleList
    Module: Linear
    Module: Linear
    Module: Linear
  Module: ModuleList
    Module: Dropout
dropout设置为训练模式
    Module: Dropout
dropout设置为训练模式
    Module: Dropout
dropout设置为训练模式
  Module: ReLU
test_loss: 0.1430
epoch 32
train_loss: 0.1255
Module: DropoutFullyConnectedNN
  Module: ModuleList
    Module: Linear
    Module: Linear
    Module: Linear
  Module: ModuleList
    Module: Dropout
dropout设置为训练模式
    Module: Dropout
dropout设置为训练模式
    Module: Dropout
dropout设置为训练模式
  Module: ReLU
test_loss: 0.1433
epoch 33
train_loss: 0.1167
Module: DropoutFullyConnectedNN
  Module: ModuleList
    Module: Linear
    Module: Linear
    Module: Linear
  Module: ModuleList
    Module: Dropout
dropout设置为训练模式
    Module: Dropout
dropout设置为训练模式
    Module: Dropout
dropout设置为训练模式
  Module: ReLU
test_loss: 0.1402
epoch 34
train_loss: 0.1179
Module: DropoutFullyConnectedNN
  Module: ModuleList
    Module: Linear
    Module: Linear
    Module: Linear
  Module: ModuleList
    Module: Dropout
dropout设置为训练模式
    Module: Dropout
dropout设置为训练模式
    Module: Dropout
dropout设置为训练模式
  Module: ReLU
test_loss: 0.1391
epoch 35
train_loss: 0.1158
Module: DropoutFullyConnectedNN
  Module: ModuleList
    Module: Linear
    Module: Linear
    Module: Linear
  Module: ModuleList
    Module: Dropout
dropout设置为训练模式
    Module: Dropout
dropout设置为训练模式
    Module: Dropout
dropout设置为训练模式
  Module: ReLU
test_loss: 0.1376
epoch 36
train_loss: 0.1113
Module: DropoutFullyConnectedNN
  Module: ModuleList
    Module: Linear
    Module: Linear
    Module: Linear
  Module: ModuleList
    Module: Dropout
dropout设置为训练模式
    Module: Dropout
dropout设置为训练模式
    Module: Dropout
dropout设置为训练模式
  Module: ReLU
test_loss: 0.1362
epoch 37
train_loss: 0.1084
Module: DropoutFullyConnectedNN
  Module: ModuleList
    Module: Linear
    Module: Linear
    Module: Linear
  Module: ModuleList
    Module: Dropout
dropout设置为训练模式
    Module: Dropout
dropout设置为训练模式
    Module: Dropout
dropout设置为训练模式
  Module: ReLU
test_loss: 0.1329
epoch 38
train_loss: 0.1092
Module: DropoutFullyConnectedNN
  Module: ModuleList
    Module: Linear
    Module: Linear
    Module: Linear
  Module: ModuleList
    Module: Dropout
dropout设置为训练模式
    Module: Dropout
dropout设置为训练模式
    Module: Dropout
dropout设置为训练模式
  Module: ReLU
test_loss: 0.1411
epoch 39
train_loss: 0.1114
Module: DropoutFullyConnectedNN
  Module: ModuleList
    Module: Linear
    Module: Linear
    Module: Linear
  Module: ModuleList
    Module: Dropout
dropout设置为训练模式
    Module: Dropout
dropout设置为训练模式
    Module: Dropout
dropout设置为训练模式
  Module: ReLU
test_loss: 0.1337
epoch 40
train_loss: 0.1050
Module: DropoutFullyConnectedNN
  Module: ModuleList
    Module: Linear
    Module: Linear
    Module: Linear
  Module: ModuleList
    Module: Dropout
dropout设置为训练模式
    Module: Dropout
dropout设置为训练模式
    Module: Dropout
dropout设置为训练模式
  Module: ReLU
test_loss: 0.1337
epoch 41
train_loss: 0.1117
Module: DropoutFullyConnectedNN
  Module: ModuleList
    Module: Linear
    Module: Linear
    Module: Linear
  Module: ModuleList
    Module: Dropout
dropout设置为训练模式
    Module: Dropout
dropout设置为训练模式
    Module: Dropout
dropout设置为训练模式
  Module: ReLU
test_loss: 0.1467
epoch 42
train_loss: 0.1062
Module: DropoutFullyConnectedNN
  Module: ModuleList
    Module: Linear
    Module: Linear
    Module: Linear
  Module: ModuleList
    Module: Dropout
dropout设置为训练模式
    Module: Dropout
dropout设置为训练模式
    Module: Dropout
dropout设置为训练模式
  Module: ReLU
test_loss: 0.1377
epoch 43
train_loss: 0.1007
Module: DropoutFullyConnectedNN
  Module: ModuleList
    Module: Linear
    Module: Linear
    Module: Linear
  Module: ModuleList
    Module: Dropout
dropout设置为训练模式
    Module: Dropout
dropout设置为训练模式
    Module: Dropout
dropout设置为训练模式
  Module: ReLU
test_loss: 0.1350
epoch 44
train_loss: 0.0997
Module: DropoutFullyConnectedNN
  Module: ModuleList
    Module: Linear
    Module: Linear
    Module: Linear
  Module: ModuleList
    Module: Dropout
dropout设置为训练模式
    Module: Dropout
dropout设置为训练模式
    Module: Dropout
dropout设置为训练模式
  Module: ReLU
test_loss: 0.1318
epoch 45
train_loss: 0.1033
Module: DropoutFullyConnectedNN
  Module: ModuleList
    Module: Linear
    Module: Linear
    Module: Linear
  Module: ModuleList
    Module: Dropout
dropout设置为训练模式
    Module: Dropout
dropout设置为训练模式
    Module: Dropout
dropout设置为训练模式
  Module: ReLU
test_loss: 0.1413
epoch 46
train_loss: 0.1010
Module: DropoutFullyConnectedNN
  Module: ModuleList
    Module: Linear
    Module: Linear
    Module: Linear
  Module: ModuleList
    Module: Dropout
dropout设置为训练模式
    Module: Dropout
dropout设置为训练模式
    Module: Dropout
dropout设置为训练模式
  Module: ReLU
test_loss: 0.1378
epoch 47
train_loss: 0.1009
Module: DropoutFullyConnectedNN
  Module: ModuleList
    Module: Linear
    Module: Linear
    Module: Linear
  Module: ModuleList
    Module: Dropout
dropout设置为训练模式
    Module: Dropout
dropout设置为训练模式
    Module: Dropout
dropout设置为训练模式
  Module: ReLU
test_loss: 0.1466
epoch 48
train_loss: 0.1031
Module: DropoutFullyConnectedNN
  Module: ModuleList
    Module: Linear
    Module: Linear
    Module: Linear
  Module: ModuleList
    Module: Dropout
dropout设置为训练模式
    Module: Dropout
dropout设置为训练模式
    Module: Dropout
dropout设置为训练模式
  Module: ReLU
test_loss: 0.1431
epoch 49
train_loss: 0.0999
Module: DropoutFullyConnectedNN
  Module: ModuleList
    Module: Linear
    Module: Linear
    Module: Linear
  Module: ModuleList
    Module: Dropout
dropout设置为训练模式
    Module: Dropout
dropout设置为训练模式
    Module: Dropout
dropout设置为训练模式
  Module: ReLU
test_loss: 0.1439
epoch 50
train_loss: 0.1045
Module: DropoutFullyConnectedNN
  Module: ModuleList
    Module: Linear
    Module: Linear
    Module: Linear
  Module: ModuleList
    Module: Dropout
dropout设置为训练模式
    Module: Dropout
dropout设置为训练模式
    Module: Dropout
dropout设置为训练模式
  Module: ReLU
test_loss: 0.1429
epoch 51
train_loss: 0.1023
Module: DropoutFullyConnectedNN
  Module: ModuleList
    Module: Linear
    Module: Linear
    Module: Linear
  Module: ModuleList
    Module: Dropout
dropout设置为训练模式
    Module: Dropout
dropout设置为训练模式
    Module: Dropout
dropout设置为训练模式
  Module: ReLU
test_loss: 0.1465
epoch 52
train_loss: 0.0992
Module: DropoutFullyConnectedNN
  Module: ModuleList
    Module: Linear
    Module: Linear
    Module: Linear
  Module: ModuleList
    Module: Dropout
dropout设置为训练模式
    Module: Dropout
dropout设置为训练模式
    Module: Dropout
dropout设置为训练模式
  Module: ReLU
test_loss: 0.1368
epoch 53
train_loss: 0.0936
Module: DropoutFullyConnectedNN
  Module: ModuleList
    Module: Linear
    Module: Linear
    Module: Linear
  Module: ModuleList
    Module: Dropout
dropout设置为训练模式
    Module: Dropout
dropout设置为训练模式
    Module: Dropout
dropout设置为训练模式
  Module: ReLU
test_loss: 0.1366
epoch 54
train_loss: 0.0993
Module: DropoutFullyConnectedNN
  Module: ModuleList
    Module: Linear
    Module: Linear
    Module: Linear
  Module: ModuleList
    Module: Dropout
dropout设置为训练模式
    Module: Dropout
dropout设置为训练模式
    Module: Dropout
dropout设置为训练模式
  Module: ReLU
test_loss: 0.1449
epoch 55
train_loss: 0.0988
Module: DropoutFullyConnectedNN
  Module: ModuleList
    Module: Linear
    Module: Linear
    Module: Linear
  Module: ModuleList
    Module: Dropout
dropout设置为训练模式
    Module: Dropout
dropout设置为训练模式
    Module: Dropout
dropout设置为训练模式
  Module: ReLU
test_loss: 0.1381
epoch 56
train_loss: 0.1001
Module: DropoutFullyConnectedNN
  Module: ModuleList
    Module: Linear
    Module: Linear
    Module: Linear
  Module: ModuleList
    Module: Dropout
dropout设置为训练模式
    Module: Dropout
dropout设置为训练模式
    Module: Dropout
dropout设置为训练模式
  Module: ReLU
test_loss: 0.1468
epoch 57
train_loss: 0.1063
Module: DropoutFullyConnectedNN
  Module: ModuleList
    Module: Linear
    Module: Linear
    Module: Linear
  Module: ModuleList
    Module: Dropout
dropout设置为训练模式
    Module: Dropout
dropout设置为训练模式
    Module: Dropout
dropout设置为训练模式
  Module: ReLU
test_loss: 0.1483
epoch 58
train_loss: 0.0919
Module: DropoutFullyConnectedNN
  Module: ModuleList
    Module: Linear
    Module: Linear
    Module: Linear
  Module: ModuleList
    Module: Dropout
dropout设置为训练模式
    Module: Dropout
dropout设置为训练模式
    Module: Dropout
dropout设置为训练模式
  Module: ReLU
test_loss: 0.1412
epoch 59
train_loss: 0.0996
Module: DropoutFullyConnectedNN
  Module: ModuleList
    Module: Linear
    Module: Linear
    Module: Linear
  Module: ModuleList
    Module: Dropout
dropout设置为训练模式
    Module: Dropout
dropout设置为训练模式
    Module: Dropout
dropout设置为训练模式
  Module: ReLU
test_loss: 0.1452
epoch 60
train_loss: 0.1004
Module: DropoutFullyConnectedNN
  Module: ModuleList
    Module: Linear
    Module: Linear
    Module: Linear
  Module: ModuleList
    Module: Dropout
dropout设置为训练模式
    Module: Dropout
dropout设置为训练模式
    Module: Dropout
dropout设置为训练模式
  Module: ReLU
test_loss: 0.1418
epoch 61
train_loss: 0.1023
Module: DropoutFullyConnectedNN
  Module: ModuleList
    Module: Linear
    Module: Linear
    Module: Linear
  Module: ModuleList
    Module: Dropout
dropout设置为训练模式
    Module: Dropout
dropout设置为训练模式
    Module: Dropout
dropout设置为训练模式
  Module: ReLU
test_loss: 0.1405
epoch 62
train_loss: 0.0981
Module: DropoutFullyConnectedNN
  Module: ModuleList
    Module: Linear
    Module: Linear
    Module: Linear
  Module: ModuleList
    Module: Dropout
dropout设置为训练模式
    Module: Dropout
dropout设置为训练模式
    Module: Dropout
dropout设置为训练模式
  Module: ReLU
test_loss: 0.1432
epoch 63
train_loss: 0.0940
Module: DropoutFullyConnectedNN
  Module: ModuleList
    Module: Linear
    Module: Linear
    Module: Linear
  Module: ModuleList
    Module: Dropout
dropout设置为训练模式
    Module: Dropout
dropout设置为训练模式
    Module: Dropout
dropout设置为训练模式
  Module: ReLU
test_loss: 0.1297
epoch 64
train_loss: 0.0938
Module: DropoutFullyConnectedNN
  Module: ModuleList
    Module: Linear
    Module: Linear
    Module: Linear
  Module: ModuleList
    Module: Dropout
dropout设置为训练模式
    Module: Dropout
dropout设置为训练模式
    Module: Dropout
dropout设置为训练模式
  Module: ReLU
test_loss: 0.1367
epoch 65
train_loss: 0.0951
Module: DropoutFullyConnectedNN
  Module: ModuleList
    Module: Linear
    Module: Linear
    Module: Linear
  Module: ModuleList
    Module: Dropout
dropout设置为训练模式
    Module: Dropout
dropout设置为训练模式
    Module: Dropout
dropout设置为训练模式
  Module: ReLU
test_loss: 0.1331
epoch 66
train_loss: 0.0957
Module: DropoutFullyConnectedNN
  Module: ModuleList
    Module: Linear
    Module: Linear
    Module: Linear
  Module: ModuleList
    Module: Dropout
dropout设置为训练模式
    Module: Dropout
dropout设置为训练模式
    Module: Dropout
dropout设置为训练模式
  Module: ReLU
test_loss: 0.1374
epoch 67
train_loss: 0.0871
Module: DropoutFullyConnectedNN
  Module: ModuleList
    Module: Linear
    Module: Linear
    Module: Linear
  Module: ModuleList
    Module: Dropout
dropout设置为训练模式
    Module: Dropout
dropout设置为训练模式
    Module: Dropout
dropout设置为训练模式
  Module: ReLU
test_loss: 0.1438
epoch 68
train_loss: 0.0922
Module: DropoutFullyConnectedNN
  Module: ModuleList
    Module: Linear
    Module: Linear
    Module: Linear
  Module: ModuleList
    Module: Dropout
dropout设置为训练模式
    Module: Dropout
dropout设置为训练模式
    Module: Dropout
dropout设置为训练模式
  Module: ReLU
test_loss: 0.1328
epoch 69
train_loss: 0.0871
Module: DropoutFullyConnectedNN
  Module: ModuleList
    Module: Linear
    Module: Linear
    Module: Linear
  Module: ModuleList
    Module: Dropout
dropout设置为训练模式
    Module: Dropout
dropout设置为训练模式
    Module: Dropout
dropout设置为训练模式
  Module: ReLU
test_loss: 0.1313
epoch 70
train_loss: 0.0956
Module: DropoutFullyConnectedNN
  Module: ModuleList
    Module: Linear
    Module: Linear
    Module: Linear
  Module: ModuleList
    Module: Dropout
dropout设置为训练模式
    Module: Dropout
dropout设置为训练模式
    Module: Dropout
dropout设置为训练模式
  Module: ReLU
test_loss: 0.1364
epoch 71
train_loss: 0.0922
Module: DropoutFullyConnectedNN
  Module: ModuleList
    Module: Linear
    Module: Linear
    Module: Linear
  Module: ModuleList
    Module: Dropout
dropout设置为训练模式
    Module: Dropout
dropout设置为训练模式
    Module: Dropout
dropout设置为训练模式
  Module: ReLU
test_loss: 0.1325
epoch 72
train_loss: 0.0955
Module: DropoutFullyConnectedNN
  Module: ModuleList
    Module: Linear
    Module: Linear
    Module: Linear
  Module: ModuleList
    Module: Dropout
dropout设置为训练模式
    Module: Dropout
dropout设置为训练模式
    Module: Dropout
dropout设置为训练模式
  Module: ReLU
test_loss: 0.1393
epoch 73
train_loss: 0.0873
Module: DropoutFullyConnectedNN
  Module: ModuleList
    Module: Linear
    Module: Linear
    Module: Linear
  Module: ModuleList
    Module: Dropout
dropout设置为训练模式
    Module: Dropout
dropout设置为训练模式
    Module: Dropout
dropout设置为训练模式
  Module: ReLU
test_loss: 0.1371
epoch 74
train_loss: 0.0890
Module: DropoutFullyConnectedNN
  Module: ModuleList
    Module: Linear
    Module: Linear
    Module: Linear
  Module: ModuleList
    Module: Dropout
dropout设置为训练模式
    Module: Dropout
dropout设置为训练模式
    Module: Dropout
dropout设置为训练模式
  Module: ReLU
test_loss: 0.1384
epoch 75
train_loss: 0.0887
Module: DropoutFullyConnectedNN
  Module: ModuleList
    Module: Linear
    Module: Linear
    Module: Linear
  Module: ModuleList
    Module: Dropout
dropout设置为训练模式
    Module: Dropout
dropout设置为训练模式
    Module: Dropout
dropout设置为训练模式
  Module: ReLU
test_loss: 0.1333
epoch 76
train_loss: 0.0869
Module: DropoutFullyConnectedNN
  Module: ModuleList
    Module: Linear
    Module: Linear
    Module: Linear
  Module: ModuleList
    Module: Dropout
dropout设置为训练模式
    Module: Dropout
dropout设置为训练模式
    Module: Dropout
dropout设置为训练模式
  Module: ReLU
test_loss: 0.1310
epoch 77
train_loss: 0.0897
Module: DropoutFullyConnectedNN
  Module: ModuleList
    Module: Linear
    Module: Linear
    Module: Linear
  Module: ModuleList
    Module: Dropout
dropout设置为训练模式
    Module: Dropout
dropout设置为训练模式
    Module: Dropout
dropout设置为训练模式
  Module: ReLU
test_loss: 0.1334
epoch 78
train_loss: 0.0926
Module: DropoutFullyConnectedNN
  Module: ModuleList
    Module: Linear
    Module: Linear
    Module: Linear
  Module: ModuleList
    Module: Dropout
dropout设置为训练模式
    Module: Dropout
dropout设置为训练模式
    Module: Dropout
dropout设置为训练模式
  Module: ReLU
test_loss: 0.1324
epoch 79
train_loss: 0.0901
Module: DropoutFullyConnectedNN
  Module: ModuleList
    Module: Linear
    Module: Linear
    Module: Linear
  Module: ModuleList
    Module: Dropout
dropout设置为训练模式
    Module: Dropout
dropout设置为训练模式
    Module: Dropout
dropout设置为训练模式
  Module: ReLU
test_loss: 0.1351
epoch 80
train_loss: 0.0868
Module: DropoutFullyConnectedNN
  Module: ModuleList
    Module: Linear
    Module: Linear
    Module: Linear
  Module: ModuleList
    Module: Dropout
dropout设置为训练模式
    Module: Dropout
dropout设置为训练模式
    Module: Dropout
dropout设置为训练模式
  Module: ReLU
test_loss: 0.1326
epoch 81
train_loss: 0.0837
Module: DropoutFullyConnectedNN
  Module: ModuleList
    Module: Linear
    Module: Linear
    Module: Linear
  Module: ModuleList
    Module: Dropout
dropout设置为训练模式
    Module: Dropout
dropout设置为训练模式
    Module: Dropout
dropout设置为训练模式
  Module: ReLU
test_loss: 0.1298
epoch 82
train_loss: 0.0928
Module: DropoutFullyConnectedNN
  Module: ModuleList
    Module: Linear
    Module: Linear
    Module: Linear
  Module: ModuleList
    Module: Dropout
dropout设置为训练模式
    Module: Dropout
dropout设置为训练模式
    Module: Dropout
dropout设置为训练模式
  Module: ReLU
test_loss: 0.1391
epoch 83
train_loss: 0.0842
Module: DropoutFullyConnectedNN
  Module: ModuleList
    Module: Linear
    Module: Linear
    Module: Linear
  Module: ModuleList
    Module: Dropout
dropout设置为训练模式
    Module: Dropout
dropout设置为训练模式
    Module: Dropout
dropout设置为训练模式
  Module: ReLU
test_loss: 0.1296
epoch 84
train_loss: 0.0883
Module: DropoutFullyConnectedNN
  Module: ModuleList
    Module: Linear
    Module: Linear
    Module: Linear
  Module: ModuleList
    Module: Dropout
dropout设置为训练模式
    Module: Dropout
dropout设置为训练模式
    Module: Dropout
dropout设置为训练模式
  Module: ReLU
test_loss: 0.1368
epoch 85
train_loss: 0.0862
Module: DropoutFullyConnectedNN
  Module: ModuleList
    Module: Linear
    Module: Linear
    Module: Linear
  Module: ModuleList
    Module: Dropout
dropout设置为训练模式
    Module: Dropout
dropout设置为训练模式
    Module: Dropout
dropout设置为训练模式
  Module: ReLU
test_loss: 0.1385
epoch 86
train_loss: 0.0860
Module: DropoutFullyConnectedNN
  Module: ModuleList
    Module: Linear
    Module: Linear
    Module: Linear
  Module: ModuleList
    Module: Dropout
dropout设置为训练模式
    Module: Dropout
dropout设置为训练模式
    Module: Dropout
dropout设置为训练模式
  Module: ReLU
test_loss: 0.1322
epoch 87
train_loss: 0.0852
Module: DropoutFullyConnectedNN
  Module: ModuleList
    Module: Linear
    Module: Linear
    Module: Linear
  Module: ModuleList
    Module: Dropout
dropout设置为训练模式
    Module: Dropout
dropout设置为训练模式
    Module: Dropout
dropout设置为训练模式
  Module: ReLU
test_loss: 0.1254
epoch 88
train_loss: 0.0861
Module: DropoutFullyConnectedNN
  Module: ModuleList
    Module: Linear
    Module: Linear
    Module: Linear
  Module: ModuleList
    Module: Dropout
dropout设置为训练模式
    Module: Dropout
dropout设置为训练模式
    Module: Dropout
dropout设置为训练模式
  Module: ReLU
test_loss: 0.1414
epoch 89
train_loss: 0.0874
Module: DropoutFullyConnectedNN
  Module: ModuleList
    Module: Linear
    Module: Linear
    Module: Linear
  Module: ModuleList
    Module: Dropout
dropout设置为训练模式
    Module: Dropout
dropout设置为训练模式
    Module: Dropout
dropout设置为训练模式
  Module: ReLU
test_loss: 0.1372
epoch 90
train_loss: 0.0842
Module: DropoutFullyConnectedNN
  Module: ModuleList
    Module: Linear
    Module: Linear
    Module: Linear
  Module: ModuleList
    Module: Dropout
dropout设置为训练模式
    Module: Dropout
dropout设置为训练模式
    Module: Dropout
dropout设置为训练模式
  Module: ReLU
test_loss: 0.1465
epoch 91
train_loss: 0.0865
Module: DropoutFullyConnectedNN
  Module: ModuleList
    Module: Linear
    Module: Linear
    Module: Linear
  Module: ModuleList
    Module: Dropout
dropout设置为训练模式
    Module: Dropout
dropout设置为训练模式
    Module: Dropout
dropout设置为训练模式
  Module: ReLU
test_loss: 0.1246
epoch 92
train_loss: 0.0908
Module: DropoutFullyConnectedNN
  Module: ModuleList
    Module: Linear
    Module: Linear
    Module: Linear
  Module: ModuleList
    Module: Dropout
dropout设置为训练模式
    Module: Dropout
dropout设置为训练模式
    Module: Dropout
dropout设置为训练模式
  Module: ReLU
test_loss: 0.1387
epoch 93
train_loss: 0.0850
Module: DropoutFullyConnectedNN
  Module: ModuleList
    Module: Linear
    Module: Linear
    Module: Linear
  Module: ModuleList
    Module: Dropout
dropout设置为训练模式
    Module: Dropout
dropout设置为训练模式
    Module: Dropout
dropout设置为训练模式
  Module: ReLU
test_loss: 0.1378
epoch 94
train_loss: 0.0836
Module: DropoutFullyConnectedNN
  Module: ModuleList
    Module: Linear
    Module: Linear
    Module: Linear
  Module: ModuleList
    Module: Dropout
dropout设置为训练模式
    Module: Dropout
dropout设置为训练模式
    Module: Dropout
dropout设置为训练模式
  Module: ReLU
test_loss: 0.1337
epoch 95
train_loss: 0.0836
Module: DropoutFullyConnectedNN
  Module: ModuleList
    Module: Linear
    Module: Linear
    Module: Linear
  Module: ModuleList
    Module: Dropout
dropout设置为训练模式
    Module: Dropout
dropout设置为训练模式
    Module: Dropout
dropout设置为训练模式
  Module: ReLU
test_loss: 0.1321
epoch 96
train_loss: 0.0917
Module: DropoutFullyConnectedNN
  Module: ModuleList
    Module: Linear
    Module: Linear
    Module: Linear
  Module: ModuleList
    Module: Dropout
dropout设置为训练模式
    Module: Dropout
dropout设置为训练模式
    Module: Dropout
dropout设置为训练模式
  Module: ReLU
test_loss: 0.1356
epoch 97
train_loss: 0.0878
Module: DropoutFullyConnectedNN
  Module: ModuleList
    Module: Linear
    Module: Linear
    Module: Linear
  Module: ModuleList
    Module: Dropout
dropout设置为训练模式
    Module: Dropout
dropout设置为训练模式
    Module: Dropout
dropout设置为训练模式
  Module: ReLU
test_loss: 0.1337
epoch 98
train_loss: 0.0920
Module: DropoutFullyConnectedNN
  Module: ModuleList
    Module: Linear
    Module: Linear
    Module: Linear
  Module: ModuleList
    Module: Dropout
dropout设置为训练模式
    Module: Dropout
dropout设置为训练模式
    Module: Dropout
dropout设置为训练模式
  Module: ReLU
test_loss: 0.1296
epoch 99
train_loss: 0.0842
Module: DropoutFullyConnectedNN
  Module: ModuleList
    Module: Linear
    Module: Linear
    Module: Linear
  Module: ModuleList
    Module: Dropout
dropout设置为训练模式
    Module: Dropout
dropout设置为训练模式
    Module: Dropout
dropout设置为训练模式
  Module: ReLU
test_loss: 0.1340
epoch 100
train_loss: 0.0848
Module: DropoutFullyConnectedNN
  Module: ModuleList
    Module: Linear
    Module: Linear
    Module: Linear
  Module: ModuleList
    Module: Dropout
dropout设置为训练模式
    Module: Dropout
dropout设置为训练模式
    Module: Dropout
dropout设置为训练模式
  Module: ReLU
test_loss: 0.1338
epoch 101
train_loss: 0.0812
Module: DropoutFullyConnectedNN
  Module: ModuleList
    Module: Linear
    Module: Linear
    Module: Linear
  Module: ModuleList
    Module: Dropout
dropout设置为训练模式
    Module: Dropout
dropout设置为训练模式
    Module: Dropout
dropout设置为训练模式
  Module: ReLU
test_loss: 0.1355
epoch 102
train_loss: 0.0801
Module: DropoutFullyConnectedNN
  Module: ModuleList
    Module: Linear
    Module: Linear
    Module: Linear
  Module: ModuleList
    Module: Dropout
dropout设置为训练模式
    Module: Dropout
dropout设置为训练模式
    Module: Dropout
dropout设置为训练模式
  Module: ReLU
test_loss: 0.1377
epoch 103
train_loss: 0.0804
Module: DropoutFullyConnectedNN
  Module: ModuleList
    Module: Linear
    Module: Linear
    Module: Linear
  Module: ModuleList
    Module: Dropout
dropout设置为训练模式
    Module: Dropout
dropout设置为训练模式
    Module: Dropout
dropout设置为训练模式
  Module: ReLU
test_loss: 0.1304
epoch 104
train_loss: 0.0885
Module: DropoutFullyConnectedNN
  Module: ModuleList
    Module: Linear
    Module: Linear
    Module: Linear
  Module: ModuleList
    Module: Dropout
dropout设置为训练模式
    Module: Dropout
dropout设置为训练模式
    Module: Dropout
dropout设置为训练模式
  Module: ReLU
test_loss: 0.1368
epoch 105
train_loss: 0.0781
Module: DropoutFullyConnectedNN
  Module: ModuleList
    Module: Linear
    Module: Linear
    Module: Linear
  Module: ModuleList
    Module: Dropout
dropout设置为训练模式
    Module: Dropout
dropout设置为训练模式
    Module: Dropout
dropout设置为训练模式
  Module: ReLU
test_loss: 0.1382
epoch 106
train_loss: 0.0800
Module: DropoutFullyConnectedNN
  Module: ModuleList
    Module: Linear
    Module: Linear
    Module: Linear
  Module: ModuleList
    Module: Dropout
dropout设置为训练模式
    Module: Dropout
dropout设置为训练模式
    Module: Dropout
dropout设置为训练模式
  Module: ReLU
test_loss: 0.1333
epoch 107
train_loss: 0.0846
Module: DropoutFullyConnectedNN
  Module: ModuleList
    Module: Linear
    Module: Linear
    Module: Linear
  Module: ModuleList
    Module: Dropout
dropout设置为训练模式
    Module: Dropout
dropout设置为训练模式
    Module: Dropout
dropout设置为训练模式
  Module: ReLU
test_loss: 0.1325
epoch 108
train_loss: 0.0877
Module: DropoutFullyConnectedNN
  Module: ModuleList
    Module: Linear
    Module: Linear
    Module: Linear
  Module: ModuleList
    Module: Dropout
dropout设置为训练模式
    Module: Dropout
dropout设置为训练模式
    Module: Dropout
dropout设置为训练模式
  Module: ReLU
test_loss: 0.1381
epoch 109
train_loss: 0.0860
Module: DropoutFullyConnectedNN
  Module: ModuleList
    Module: Linear
    Module: Linear
    Module: Linear
  Module: ModuleList
    Module: Dropout
dropout设置为训练模式
    Module: Dropout
dropout设置为训练模式
    Module: Dropout
dropout设置为训练模式
  Module: ReLU
test_loss: 0.1323
epoch 110
train_loss: 0.0855
Module: DropoutFullyConnectedNN
  Module: ModuleList
    Module: Linear
    Module: Linear
    Module: Linear
  Module: ModuleList
    Module: Dropout
dropout设置为训练模式
    Module: Dropout
dropout设置为训练模式
    Module: Dropout
dropout设置为训练模式
  Module: ReLU
test_loss: 0.1257
epoch 111
train_loss: 0.0803
Module: DropoutFullyConnectedNN
  Module: ModuleList
    Module: Linear
    Module: Linear
    Module: Linear
  Module: ModuleList
    Module: Dropout
dropout设置为训练模式
    Module: Dropout
dropout设置为训练模式
    Module: Dropout
dropout设置为训练模式
  Module: ReLU
test_loss: 0.1329
epoch 112
train_loss: 0.0816
Module: DropoutFullyConnectedNN
  Module: ModuleList
    Module: Linear
    Module: Linear
    Module: Linear
  Module: ModuleList
    Module: Dropout
dropout设置为训练模式
    Module: Dropout
dropout设置为训练模式
    Module: Dropout
dropout设置为训练模式
  Module: ReLU
test_loss: 0.1341
epoch 113
train_loss: 0.0770
Module: DropoutFullyConnectedNN
  Module: ModuleList
    Module: Linear
    Module: Linear
    Module: Linear
  Module: ModuleList
    Module: Dropout
dropout设置为训练模式
    Module: Dropout
dropout设置为训练模式
    Module: Dropout
dropout设置为训练模式
  Module: ReLU
test_loss: 0.1337
epoch 114
train_loss: 0.0832
Module: DropoutFullyConnectedNN
  Module: ModuleList
    Module: Linear
    Module: Linear
    Module: Linear
  Module: ModuleList
    Module: Dropout
dropout设置为训练模式
    Module: Dropout
dropout设置为训练模式
    Module: Dropout
dropout设置为训练模式
  Module: ReLU
test_loss: 0.1289
epoch 115
train_loss: 0.0758
Module: DropoutFullyConnectedNN
  Module: ModuleList
    Module: Linear
    Module: Linear
    Module: Linear
  Module: ModuleList
    Module: Dropout
dropout设置为训练模式
    Module: Dropout
dropout设置为训练模式
    Module: Dropout
dropout设置为训练模式
  Module: ReLU
test_loss: 0.1298
epoch 116
train_loss: 0.0854
Module: DropoutFullyConnectedNN
  Module: ModuleList
    Module: Linear
    Module: Linear
    Module: Linear
  Module: ModuleList
    Module: Dropout
dropout设置为训练模式
    Module: Dropout
dropout设置为训练模式
    Module: Dropout
dropout设置为训练模式
  Module: ReLU
test_loss: 0.1378
epoch 117
train_loss: 0.0744
Module: DropoutFullyConnectedNN
  Module: ModuleList
    Module: Linear
    Module: Linear
    Module: Linear
  Module: ModuleList
    Module: Dropout
dropout设置为训练模式
    Module: Dropout
dropout设置为训练模式
    Module: Dropout
dropout设置为训练模式
  Module: ReLU
test_loss: 0.1316
epoch 118
train_loss: 0.0783
Module: DropoutFullyConnectedNN
  Module: ModuleList
    Module: Linear
    Module: Linear
    Module: Linear
  Module: ModuleList
    Module: Dropout
dropout设置为训练模式
    Module: Dropout
dropout设置为训练模式
    Module: Dropout
dropout设置为训练模式
  Module: ReLU
test_loss: 0.1322
epoch 119
train_loss: 0.0816
Module: DropoutFullyConnectedNN
  Module: ModuleList
    Module: Linear
    Module: Linear
    Module: Linear
  Module: ModuleList
    Module: Dropout
dropout设置为训练模式
    Module: Dropout
dropout设置为训练模式
    Module: Dropout
dropout设置为训练模式
  Module: ReLU
test_loss: 0.1231
epoch 120
train_loss: 0.0791
Module: DropoutFullyConnectedNN
  Module: ModuleList
    Module: Linear
    Module: Linear
    Module: Linear
  Module: ModuleList
    Module: Dropout
dropout设置为训练模式
    Module: Dropout
dropout设置为训练模式
    Module: Dropout
dropout设置为训练模式
  Module: ReLU
test_loss: 0.1308
epoch 121
train_loss: 0.0799
Module: DropoutFullyConnectedNN
  Module: ModuleList
    Module: Linear
    Module: Linear
    Module: Linear
  Module: ModuleList
    Module: Dropout
dropout设置为训练模式
    Module: Dropout
dropout设置为训练模式
    Module: Dropout
dropout设置为训练模式
  Module: ReLU
test_loss: 0.1360
epoch 122
train_loss: 0.0745
Module: DropoutFullyConnectedNN
  Module: ModuleList
    Module: Linear
    Module: Linear
    Module: Linear
  Module: ModuleList
    Module: Dropout
dropout设置为训练模式
    Module: Dropout
dropout设置为训练模式
    Module: Dropout
dropout设置为训练模式
  Module: ReLU
test_loss: 0.1380
epoch 123
train_loss: 0.0794
Module: DropoutFullyConnectedNN
  Module: ModuleList
    Module: Linear
    Module: Linear
    Module: Linear
  Module: ModuleList
    Module: Dropout
dropout设置为训练模式
    Module: Dropout
dropout设置为训练模式
    Module: Dropout
dropout设置为训练模式
  Module: ReLU
test_loss: 0.1256
epoch 124
train_loss: 0.0773
Module: DropoutFullyConnectedNN
  Module: ModuleList
    Module: Linear
    Module: Linear
    Module: Linear
  Module: ModuleList
    Module: Dropout
dropout设置为训练模式
    Module: Dropout
dropout设置为训练模式
    Module: Dropout
dropout设置为训练模式
  Module: ReLU
test_loss: 0.1324
epoch 125
train_loss: 0.0728
Module: DropoutFullyConnectedNN
  Module: ModuleList
    Module: Linear
    Module: Linear
    Module: Linear
  Module: ModuleList
    Module: Dropout
dropout设置为训练模式
    Module: Dropout
dropout设置为训练模式
    Module: Dropout
dropout设置为训练模式
  Module: ReLU
test_loss: 0.1336
epoch 126
train_loss: 0.0765
Module: DropoutFullyConnectedNN
  Module: ModuleList
    Module: Linear
    Module: Linear
    Module: Linear
  Module: ModuleList
    Module: Dropout
dropout设置为训练模式
    Module: Dropout
dropout设置为训练模式
    Module: Dropout
dropout设置为训练模式
  Module: ReLU
test_loss: 0.1327
epoch 127
train_loss: 0.0709
Module: DropoutFullyConnectedNN
  Module: ModuleList
    Module: Linear
    Module: Linear
    Module: Linear
  Module: ModuleList
    Module: Dropout
dropout设置为训练模式
    Module: Dropout
dropout设置为训练模式
    Module: Dropout
dropout设置为训练模式
  Module: ReLU
test_loss: 0.1270
epoch 128
train_loss: 0.0748
Module: DropoutFullyConnectedNN
  Module: ModuleList
    Module: Linear
    Module: Linear
    Module: Linear
  Module: ModuleList
    Module: Dropout
dropout设置为训练模式
    Module: Dropout
dropout设置为训练模式
    Module: Dropout
dropout设置为训练模式
  Module: ReLU
test_loss: 0.1281
epoch 129
train_loss: 0.0746
Module: DropoutFullyConnectedNN
  Module: ModuleList
    Module: Linear
    Module: Linear
    Module: Linear
  Module: ModuleList
    Module: Dropout
dropout设置为训练模式
    Module: Dropout
dropout设置为训练模式
    Module: Dropout
dropout设置为训练模式
  Module: ReLU
test_loss: 0.1317
epoch 130
train_loss: 0.0849
Module: DropoutFullyConnectedNN
  Module: ModuleList
    Module: Linear
    Module: Linear
    Module: Linear
  Module: ModuleList
    Module: Dropout
dropout设置为训练模式
    Module: Dropout
dropout设置为训练模式
    Module: Dropout
dropout设置为训练模式
  Module: ReLU
test_loss: 0.1264
epoch 131
train_loss: 0.0773
Module: DropoutFullyConnectedNN
  Module: ModuleList
    Module: Linear
    Module: Linear
    Module: Linear
  Module: ModuleList
    Module: Dropout
dropout设置为训练模式
    Module: Dropout
dropout设置为训练模式
    Module: Dropout
dropout设置为训练模式
  Module: ReLU
test_loss: 0.1290
epoch 132
train_loss: 0.0697
Module: DropoutFullyConnectedNN
  Module: ModuleList
    Module: Linear
    Module: Linear
    Module: Linear
  Module: ModuleList
    Module: Dropout
dropout设置为训练模式
    Module: Dropout
dropout设置为训练模式
    Module: Dropout
dropout设置为训练模式
  Module: ReLU
test_loss: 0.1286
epoch 133
train_loss: 0.0781
Module: DropoutFullyConnectedNN
  Module: ModuleList
    Module: Linear
    Module: Linear
    Module: Linear
  Module: ModuleList
    Module: Dropout
dropout设置为训练模式
    Module: Dropout
dropout设置为训练模式
    Module: Dropout
dropout设置为训练模式
  Module: ReLU
test_loss: 0.1260
epoch 134
train_loss: 0.0808
Module: DropoutFullyConnectedNN
  Module: ModuleList
    Module: Linear
    Module: Linear
    Module: Linear
  Module: ModuleList
    Module: Dropout
dropout设置为训练模式
    Module: Dropout
dropout设置为训练模式
    Module: Dropout
dropout设置为训练模式
  Module: ReLU
test_loss: 0.1321
epoch 135
train_loss: 0.0829
Module: DropoutFullyConnectedNN
  Module: ModuleList
    Module: Linear
    Module: Linear
    Module: Linear
  Module: ModuleList
    Module: Dropout
dropout设置为训练模式
    Module: Dropout
dropout设置为训练模式
    Module: Dropout
dropout设置为训练模式
  Module: ReLU
test_loss: 0.1316
epoch 136
train_loss: 0.0780
Module: DropoutFullyConnectedNN
  Module: ModuleList
    Module: Linear
    Module: Linear
    Module: Linear
  Module: ModuleList
    Module: Dropout
dropout设置为训练模式
    Module: Dropout
dropout设置为训练模式
    Module: Dropout
dropout设置为训练模式
  Module: ReLU
test_loss: 0.1238
epoch 137
train_loss: 0.0738
Module: DropoutFullyConnectedNN
  Module: ModuleList
    Module: Linear
    Module: Linear
    Module: Linear
  Module: ModuleList
    Module: Dropout
dropout设置为训练模式
    Module: Dropout
dropout设置为训练模式
    Module: Dropout
dropout设置为训练模式
  Module: ReLU
test_loss: 0.1317
epoch 138
train_loss: 0.0728
Module: DropoutFullyConnectedNN
  Module: ModuleList
    Module: Linear
    Module: Linear
    Module: Linear
  Module: ModuleList
    Module: Dropout
dropout设置为训练模式
    Module: Dropout
dropout设置为训练模式
    Module: Dropout
dropout设置为训练模式
  Module: ReLU
test_loss: 0.1331
epoch 139
train_loss: 0.0702
Module: DropoutFullyConnectedNN
  Module: ModuleList
    Module: Linear
    Module: Linear
    Module: Linear
  Module: ModuleList
    Module: Dropout
dropout设置为训练模式
    Module: Dropout
dropout设置为训练模式
    Module: Dropout
dropout设置为训练模式
  Module: ReLU
test_loss: 0.1266
epoch 140
train_loss: 0.0810
Module: DropoutFullyConnectedNN
  Module: ModuleList
    Module: Linear
    Module: Linear
    Module: Linear
  Module: ModuleList
    Module: Dropout
dropout设置为训练模式
    Module: Dropout
dropout设置为训练模式
    Module: Dropout
dropout设置为训练模式
  Module: ReLU
test_loss: 0.1227
epoch 141
train_loss: 0.0813
Module: DropoutFullyConnectedNN
  Module: ModuleList
    Module: Linear
    Module: Linear
    Module: Linear
  Module: ModuleList
    Module: Dropout
dropout设置为训练模式
    Module: Dropout
dropout设置为训练模式
    Module: Dropout
dropout设置为训练模式
  Module: ReLU
test_loss: 0.1250
epoch 142
train_loss: 0.0773
Module: DropoutFullyConnectedNN
  Module: ModuleList
    Module: Linear
    Module: Linear
    Module: Linear
  Module: ModuleList
    Module: Dropout
dropout设置为训练模式
    Module: Dropout
dropout设置为训练模式
    Module: Dropout
dropout设置为训练模式
  Module: ReLU
test_loss: 0.1244
epoch 143
train_loss: 0.0784
Module: DropoutFullyConnectedNN
  Module: ModuleList
    Module: Linear
    Module: Linear
    Module: Linear
  Module: ModuleList
    Module: Dropout
dropout设置为训练模式
    Module: Dropout
dropout设置为训练模式
    Module: Dropout
dropout设置为训练模式
  Module: ReLU
test_loss: 0.1178
epoch 144
train_loss: 0.0780
Module: DropoutFullyConnectedNN
  Module: ModuleList
    Module: Linear
    Module: Linear
    Module: Linear
  Module: ModuleList
    Module: Dropout
dropout设置为训练模式
    Module: Dropout
dropout设置为训练模式
    Module: Dropout
dropout设置为训练模式
  Module: ReLU
test_loss: 0.1239
epoch 145
train_loss: 0.0741
Module: DropoutFullyConnectedNN
  Module: ModuleList
    Module: Linear
    Module: Linear
    Module: Linear
  Module: ModuleList
    Module: Dropout
dropout设置为训练模式
    Module: Dropout
dropout设置为训练模式
    Module: Dropout
dropout设置为训练模式
  Module: ReLU
test_loss: 0.1265
epoch 146
train_loss: 0.0828
Module: DropoutFullyConnectedNN
  Module: ModuleList
    Module: Linear
    Module: Linear
    Module: Linear
  Module: ModuleList
    Module: Dropout
dropout设置为训练模式
    Module: Dropout
dropout设置为训练模式
    Module: Dropout
dropout设置为训练模式
  Module: ReLU
test_loss: 0.1221
epoch 147
train_loss: 0.0724
Module: DropoutFullyConnectedNN
  Module: ModuleList
    Module: Linear
    Module: Linear
    Module: Linear
  Module: ModuleList
    Module: Dropout
dropout设置为训练模式
    Module: Dropout
dropout设置为训练模式
    Module: Dropout
dropout设置为训练模式
  Module: ReLU
test_loss: 0.1210
epoch 148
train_loss: 0.0801
Module: DropoutFullyConnectedNN
  Module: ModuleList
    Module: Linear
    Module: Linear
    Module: Linear
  Module: ModuleList
    Module: Dropout
dropout设置为训练模式
    Module: Dropout
dropout设置为训练模式
    Module: Dropout
dropout设置为训练模式
  Module: ReLU
test_loss: 0.1227
epoch 149
train_loss: 0.0794
Module: DropoutFullyConnectedNN
  Module: ModuleList
    Module: Linear
    Module: Linear
    Module: Linear
  Module: ModuleList
    Module: Dropout
dropout设置为训练模式
    Module: Dropout
dropout设置为训练模式
    Module: Dropout
dropout设置为训练模式
  Module: ReLU
test_loss: 0.1357
epoch 150
train_loss: 0.0728
Module: DropoutFullyConnectedNN
  Module: ModuleList
    Module: Linear
    Module: Linear
    Module: Linear
  Module: ModuleList
    Module: Dropout
dropout设置为训练模式
    Module: Dropout
dropout设置为训练模式
    Module: Dropout
dropout设置为训练模式
  Module: ReLU
test_loss: 0.1182
epoch 151
train_loss: 0.0654
Module: DropoutFullyConnectedNN
  Module: ModuleList
    Module: Linear
    Module: Linear
    Module: Linear
  Module: ModuleList
    Module: Dropout
dropout设置为训练模式
    Module: Dropout
dropout设置为训练模式
    Module: Dropout
dropout设置为训练模式
  Module: ReLU
test_loss: 0.1207
epoch 152
train_loss: 0.0695
Module: DropoutFullyConnectedNN
  Module: ModuleList
    Module: Linear
    Module: Linear
    Module: Linear
  Module: ModuleList
    Module: Dropout
dropout设置为训练模式
    Module: Dropout
dropout设置为训练模式
    Module: Dropout
dropout设置为训练模式
  Module: ReLU
test_loss: 0.1211
epoch 153
train_loss: 0.0752
Module: DropoutFullyConnectedNN
  Module: ModuleList
    Module: Linear
    Module: Linear
    Module: Linear
  Module: ModuleList
    Module: Dropout
dropout设置为训练模式
    Module: Dropout
dropout设置为训练模式
    Module: Dropout
dropout设置为训练模式
  Module: ReLU
test_loss: 0.1226
epoch 154
train_loss: 0.0770
Module: DropoutFullyConnectedNN
  Module: ModuleList
    Module: Linear
    Module: Linear
    Module: Linear
  Module: ModuleList
    Module: Dropout
dropout设置为训练模式
    Module: Dropout
dropout设置为训练模式
    Module: Dropout
dropout设置为训练模式
  Module: ReLU
test_loss: 0.1250
epoch 155
train_loss: 0.0687
Module: DropoutFullyConnectedNN
  Module: ModuleList
    Module: Linear
    Module: Linear
    Module: Linear
  Module: ModuleList
    Module: Dropout
dropout设置为训练模式
    Module: Dropout
dropout设置为训练模式
    Module: Dropout
dropout设置为训练模式
  Module: ReLU
test_loss: 0.1233
epoch 156
train_loss: 0.0695
Module: DropoutFullyConnectedNN
  Module: ModuleList
    Module: Linear
    Module: Linear
    Module: Linear
  Module: ModuleList
    Module: Dropout
dropout设置为训练模式
    Module: Dropout
dropout设置为训练模式
    Module: Dropout
dropout设置为训练模式
  Module: ReLU
test_loss: 0.1207
epoch 157
train_loss: 0.0695
Module: DropoutFullyConnectedNN
  Module: ModuleList
    Module: Linear
    Module: Linear
    Module: Linear
  Module: ModuleList
    Module: Dropout
dropout设置为训练模式
    Module: Dropout
dropout设置为训练模式
    Module: Dropout
dropout设置为训练模式
  Module: ReLU
test_loss: 0.1180
epoch 158
train_loss: 0.0763
Module: DropoutFullyConnectedNN
  Module: ModuleList
    Module: Linear
    Module: Linear
    Module: Linear
  Module: ModuleList
    Module: Dropout
dropout设置为训练模式
    Module: Dropout
dropout设置为训练模式
    Module: Dropout
dropout设置为训练模式
  Module: ReLU
test_loss: 0.1309
epoch 159
train_loss: 0.0712
Module: DropoutFullyConnectedNN
  Module: ModuleList
    Module: Linear
    Module: Linear
    Module: Linear
  Module: ModuleList
    Module: Dropout
dropout设置为训练模式
    Module: Dropout
dropout设置为训练模式
    Module: Dropout
dropout设置为训练模式
  Module: ReLU
test_loss: 0.1202
epoch 160
train_loss: 0.0741
Module: DropoutFullyConnectedNN
  Module: ModuleList
    Module: Linear
    Module: Linear
    Module: Linear
  Module: ModuleList
    Module: Dropout
dropout设置为训练模式
    Module: Dropout
dropout设置为训练模式
    Module: Dropout
dropout设置为训练模式
  Module: ReLU
test_loss: 0.1316
epoch 161
train_loss: 0.0765
Module: DropoutFullyConnectedNN
  Module: ModuleList
    Module: Linear
    Module: Linear
    Module: Linear
  Module: ModuleList
    Module: Dropout
dropout设置为训练模式
    Module: Dropout
dropout设置为训练模式
    Module: Dropout
dropout设置为训练模式
  Module: ReLU
test_loss: 0.1223
epoch 162
train_loss: 0.0718
Module: DropoutFullyConnectedNN
  Module: ModuleList
    Module: Linear
    Module: Linear
    Module: Linear
  Module: ModuleList
    Module: Dropout
dropout设置为训练模式
    Module: Dropout
dropout设置为训练模式
    Module: Dropout
dropout设置为训练模式
  Module: ReLU
test_loss: 0.1250
epoch 163
train_loss: 0.0716
Module: DropoutFullyConnectedNN
  Module: ModuleList
    Module: Linear
    Module: Linear
    Module: Linear
  Module: ModuleList
    Module: Dropout
dropout设置为训练模式
    Module: Dropout
dropout设置为训练模式
    Module: Dropout
dropout设置为训练模式
  Module: ReLU
test_loss: 0.1242
epoch 164
train_loss: 0.0672
Module: DropoutFullyConnectedNN
  Module: ModuleList
    Module: Linear
    Module: Linear
    Module: Linear
  Module: ModuleList
    Module: Dropout
dropout设置为训练模式
    Module: Dropout
dropout设置为训练模式
    Module: Dropout
dropout设置为训练模式
  Module: ReLU
test_loss: 0.1303
epoch 165
train_loss: 0.0723
Module: DropoutFullyConnectedNN
  Module: ModuleList
    Module: Linear
    Module: Linear
    Module: Linear
  Module: ModuleList
    Module: Dropout
dropout设置为训练模式
    Module: Dropout
dropout设置为训练模式
    Module: Dropout
dropout设置为训练模式
  Module: ReLU
test_loss: 0.1289
epoch 166
train_loss: 0.0701
Module: DropoutFullyConnectedNN
  Module: ModuleList
    Module: Linear
    Module: Linear
    Module: Linear
  Module: ModuleList
    Module: Dropout
dropout设置为训练模式
    Module: Dropout
dropout设置为训练模式
    Module: Dropout
dropout设置为训练模式
  Module: ReLU
test_loss: 0.1131
epoch 167
train_loss: 0.0727
Module: DropoutFullyConnectedNN
  Module: ModuleList
    Module: Linear
    Module: Linear
    Module: Linear
  Module: ModuleList
    Module: Dropout
dropout设置为训练模式
    Module: Dropout
dropout设置为训练模式
    Module: Dropout
dropout设置为训练模式
  Module: ReLU
test_loss: 0.1223
epoch 168
train_loss: 0.0697
Module: DropoutFullyConnectedNN
  Module: ModuleList
    Module: Linear
    Module: Linear
    Module: Linear
  Module: ModuleList
    Module: Dropout
dropout设置为训练模式
    Module: Dropout
dropout设置为训练模式
    Module: Dropout
dropout设置为训练模式
  Module: ReLU
test_loss: 0.1167
epoch 169
train_loss: 0.0749
Module: DropoutFullyConnectedNN
  Module: ModuleList
    Module: Linear
    Module: Linear
    Module: Linear
  Module: ModuleList
    Module: Dropout
dropout设置为训练模式
    Module: Dropout
dropout设置为训练模式
    Module: Dropout
dropout设置为训练模式
  Module: ReLU
test_loss: 0.1245
epoch 170
train_loss: 0.0762
Module: DropoutFullyConnectedNN
  Module: ModuleList
    Module: Linear
    Module: Linear
    Module: Linear
  Module: ModuleList
    Module: Dropout
dropout设置为训练模式
    Module: Dropout
dropout设置为训练模式
    Module: Dropout
dropout设置为训练模式
  Module: ReLU
test_loss: 0.1250
epoch 171
train_loss: 0.0681
Module: DropoutFullyConnectedNN
  Module: ModuleList
    Module: Linear
    Module: Linear
    Module: Linear
  Module: ModuleList
    Module: Dropout
dropout设置为训练模式
    Module: Dropout
dropout设置为训练模式
    Module: Dropout
dropout设置为训练模式
  Module: ReLU
test_loss: 0.1252
epoch 172
train_loss: 0.0734
Module: DropoutFullyConnectedNN
  Module: ModuleList
    Module: Linear
    Module: Linear
    Module: Linear
  Module: ModuleList
    Module: Dropout
dropout设置为训练模式
    Module: Dropout
dropout设置为训练模式
    Module: Dropout
dropout设置为训练模式
  Module: ReLU
test_loss: 0.1262
epoch 173
train_loss: 0.0716
Module: DropoutFullyConnectedNN
  Module: ModuleList
    Module: Linear
    Module: Linear
    Module: Linear
  Module: ModuleList
    Module: Dropout
dropout设置为训练模式
    Module: Dropout
dropout设置为训练模式
    Module: Dropout
dropout设置为训练模式
  Module: ReLU
test_loss: 0.1254
epoch 174
train_loss: 0.0776
Module: DropoutFullyConnectedNN
  Module: ModuleList
    Module: Linear
    Module: Linear
    Module: Linear
  Module: ModuleList
    Module: Dropout
dropout设置为训练模式
    Module: Dropout
dropout设置为训练模式
    Module: Dropout
dropout设置为训练模式
  Module: ReLU
test_loss: 0.1219
epoch 175
train_loss: 0.0720
Module: DropoutFullyConnectedNN
  Module: ModuleList
    Module: Linear
    Module: Linear
    Module: Linear
  Module: ModuleList
    Module: Dropout
dropout设置为训练模式
    Module: Dropout
dropout设置为训练模式
    Module: Dropout
dropout设置为训练模式
  Module: ReLU
test_loss: 0.1187
epoch 176
train_loss: 0.0681
Module: DropoutFullyConnectedNN
  Module: ModuleList
    Module: Linear
    Module: Linear
    Module: Linear
  Module: ModuleList
    Module: Dropout
dropout设置为训练模式
    Module: Dropout
dropout设置为训练模式
    Module: Dropout
dropout设置为训练模式
  Module: ReLU
test_loss: 0.1196
epoch 177
train_loss: 0.0690
Module: DropoutFullyConnectedNN
  Module: ModuleList
    Module: Linear
    Module: Linear
    Module: Linear
  Module: ModuleList
    Module: Dropout
dropout设置为训练模式
    Module: Dropout
dropout设置为训练模式
    Module: Dropout
dropout设置为训练模式
  Module: ReLU
test_loss: 0.1187
epoch 178
train_loss: 0.0717
Module: DropoutFullyConnectedNN
  Module: ModuleList
    Module: Linear
    Module: Linear
    Module: Linear
  Module: ModuleList
    Module: Dropout
dropout设置为训练模式
    Module: Dropout
dropout设置为训练模式
    Module: Dropout
dropout设置为训练模式
  Module: ReLU
test_loss: 0.1274
epoch 179
train_loss: 0.0767
Module: DropoutFullyConnectedNN
  Module: ModuleList
    Module: Linear
    Module: Linear
    Module: Linear
  Module: ModuleList
    Module: Dropout
dropout设置为训练模式
    Module: Dropout
dropout设置为训练模式
    Module: Dropout
dropout设置为训练模式
  Module: ReLU
test_loss: 0.1241
epoch 180
train_loss: 0.0640
Module: DropoutFullyConnectedNN
  Module: ModuleList
    Module: Linear
    Module: Linear
    Module: Linear
  Module: ModuleList
    Module: Dropout
dropout设置为训练模式
    Module: Dropout
dropout设置为训练模式
    Module: Dropout
dropout设置为训练模式
  Module: ReLU
test_loss: 0.1307
epoch 181
train_loss: 0.0737
Module: DropoutFullyConnectedNN
  Module: ModuleList
    Module: Linear
    Module: Linear
    Module: Linear
  Module: ModuleList
    Module: Dropout
dropout设置为训练模式
    Module: Dropout
dropout设置为训练模式
    Module: Dropout
dropout设置为训练模式
  Module: ReLU
test_loss: 0.1258
epoch 182
train_loss: 0.0675
Module: DropoutFullyConnectedNN
  Module: ModuleList
    Module: Linear
    Module: Linear
    Module: Linear
  Module: ModuleList
    Module: Dropout
dropout设置为训练模式
    Module: Dropout
dropout设置为训练模式
    Module: Dropout
dropout设置为训练模式
  Module: ReLU
test_loss: 0.1159
epoch 183
train_loss: 0.0776
Module: DropoutFullyConnectedNN
  Module: ModuleList
    Module: Linear
    Module: Linear
    Module: Linear
  Module: ModuleList
    Module: Dropout
dropout设置为训练模式
    Module: Dropout
dropout设置为训练模式
    Module: Dropout
dropout设置为训练模式
  Module: ReLU
test_loss: 0.1211
epoch 184
train_loss: 0.0671
Module: DropoutFullyConnectedNN
  Module: ModuleList
    Module: Linear
    Module: Linear
    Module: Linear
  Module: ModuleList
    Module: Dropout
dropout设置为训练模式
    Module: Dropout
dropout设置为训练模式
    Module: Dropout
dropout设置为训练模式
  Module: ReLU
test_loss: 0.1266
epoch 185
train_loss: 0.0665
Module: DropoutFullyConnectedNN
  Module: ModuleList
    Module: Linear
    Module: Linear
    Module: Linear
  Module: ModuleList
    Module: Dropout
dropout设置为训练模式
    Module: Dropout
dropout设置为训练模式
    Module: Dropout
dropout设置为训练模式
  Module: ReLU
test_loss: 0.1207
epoch 186
train_loss: 0.0704
Module: DropoutFullyConnectedNN
  Module: ModuleList
    Module: Linear
    Module: Linear
    Module: Linear
  Module: ModuleList
    Module: Dropout
dropout设置为训练模式
    Module: Dropout
dropout设置为训练模式
    Module: Dropout
dropout设置为训练模式
  Module: ReLU
test_loss: 0.1289
epoch 187
train_loss: 0.0747
Module: DropoutFullyConnectedNN
  Module: ModuleList
    Module: Linear
    Module: Linear
    Module: Linear
  Module: ModuleList
    Module: Dropout
dropout设置为训练模式
    Module: Dropout
dropout设置为训练模式
    Module: Dropout
dropout设置为训练模式
  Module: ReLU
test_loss: 0.1212
epoch 188
train_loss: 0.0700
Module: DropoutFullyConnectedNN
  Module: ModuleList
    Module: Linear
    Module: Linear
    Module: Linear
  Module: ModuleList
    Module: Dropout
dropout设置为训练模式
    Module: Dropout
dropout设置为训练模式
    Module: Dropout
dropout设置为训练模式
  Module: ReLU
test_loss: 0.1197
epoch 189
train_loss: 0.0684
Module: DropoutFullyConnectedNN
  Module: ModuleList
    Module: Linear
    Module: Linear
    Module: Linear
  Module: ModuleList
    Module: Dropout
dropout设置为训练模式
    Module: Dropout
dropout设置为训练模式
    Module: Dropout
dropout设置为训练模式
  Module: ReLU
test_loss: 0.1287
epoch 190
train_loss: 0.0711
Module: DropoutFullyConnectedNN
  Module: ModuleList
    Module: Linear
    Module: Linear
    Module: Linear
  Module: ModuleList
    Module: Dropout
dropout设置为训练模式
    Module: Dropout
dropout设置为训练模式
    Module: Dropout
dropout设置为训练模式
  Module: ReLU
test_loss: 0.1191
epoch 191
train_loss: 0.0663
Module: DropoutFullyConnectedNN
  Module: ModuleList
    Module: Linear
    Module: Linear
    Module: Linear
  Module: ModuleList
    Module: Dropout
dropout设置为训练模式
    Module: Dropout
dropout设置为训练模式
    Module: Dropout
dropout设置为训练模式
  Module: ReLU
test_loss: 0.1178
epoch 192
train_loss: 0.0682
Module: DropoutFullyConnectedNN
  Module: ModuleList
    Module: Linear
    Module: Linear
    Module: Linear
  Module: ModuleList
    Module: Dropout
dropout设置为训练模式
    Module: Dropout
dropout设置为训练模式
    Module: Dropout
dropout设置为训练模式
  Module: ReLU
test_loss: 0.1232
epoch 193
train_loss: 0.0699
Module: DropoutFullyConnectedNN
  Module: ModuleList
    Module: Linear
    Module: Linear
    Module: Linear
  Module: ModuleList
    Module: Dropout
dropout设置为训练模式
    Module: Dropout
dropout设置为训练模式
    Module: Dropout
dropout设置为训练模式
  Module: ReLU
test_loss: 0.1217
epoch 194
train_loss: 0.0666
Module: DropoutFullyConnectedNN
  Module: ModuleList
    Module: Linear
    Module: Linear
    Module: Linear
  Module: ModuleList
    Module: Dropout
dropout设置为训练模式
    Module: Dropout
dropout设置为训练模式
    Module: Dropout
dropout设置为训练模式
  Module: ReLU
test_loss: 0.1150
epoch 195
train_loss: 0.0804
Module: DropoutFullyConnectedNN
  Module: ModuleList
    Module: Linear
    Module: Linear
    Module: Linear
  Module: ModuleList
    Module: Dropout
dropout设置为训练模式
    Module: Dropout
dropout设置为训练模式
    Module: Dropout
dropout设置为训练模式
  Module: ReLU
test_loss: 0.1117
epoch 196
train_loss: 0.0648
Module: DropoutFullyConnectedNN
  Module: ModuleList
    Module: Linear
    Module: Linear
    Module: Linear
  Module: ModuleList
    Module: Dropout
dropout设置为训练模式
    Module: Dropout
dropout设置为训练模式
    Module: Dropout
dropout设置为训练模式
  Module: ReLU
test_loss: 0.1273
epoch 197
train_loss: 0.0690
Module: DropoutFullyConnectedNN
  Module: ModuleList
    Module: Linear
    Module: Linear
    Module: Linear
  Module: ModuleList
    Module: Dropout
dropout设置为训练模式
    Module: Dropout
dropout设置为训练模式
    Module: Dropout
dropout设置为训练模式
  Module: ReLU
test_loss: 0.1150
epoch 198
train_loss: 0.0655
Module: DropoutFullyConnectedNN
  Module: ModuleList
    Module: Linear
    Module: Linear
    Module: Linear
  Module: ModuleList
    Module: Dropout
dropout设置为训练模式
    Module: Dropout
dropout设置为训练模式
    Module: Dropout
dropout设置为训练模式
  Module: ReLU
test_loss: 0.1211
epoch 199
train_loss: 0.0734
Module: DropoutFullyConnectedNN
  Module: ModuleList
    Module: Linear
    Module: Linear
    Module: Linear
  Module: ModuleList
    Module: Dropout
dropout设置为训练模式
    Module: Dropout
dropout设置为训练模式
    Module: Dropout
dropout设置为训练模式
  Module: ReLU
test_loss: 0.1156
epoch 200
train_loss: 0.0748
Module: DropoutFullyConnectedNN
  Module: ModuleList
    Module: Linear
    Module: Linear
    Module: Linear
  Module: ModuleList
    Module: Dropout
dropout设置为训练模式
    Module: Dropout
dropout设置为训练模式
    Module: Dropout
dropout设置为训练模式
  Module: ReLU
test_loss: 0.1243
epoch 201
train_loss: 0.0738
Module: DropoutFullyConnectedNN
  Module: ModuleList
    Module: Linear
    Module: Linear
    Module: Linear
  Module: ModuleList
    Module: Dropout
dropout设置为训练模式
    Module: Dropout
dropout设置为训练模式
    Module: Dropout
dropout设置为训练模式
  Module: ReLU
test_loss: 0.1169
epoch 202
train_loss: 0.0711
Module: DropoutFullyConnectedNN
  Module: ModuleList
    Module: Linear
    Module: Linear
    Module: Linear
  Module: ModuleList
    Module: Dropout
dropout设置为训练模式
    Module: Dropout
dropout设置为训练模式
    Module: Dropout
dropout设置为训练模式
  Module: ReLU
test_loss: 0.1260
epoch 203
train_loss: 0.0681
Module: DropoutFullyConnectedNN
  Module: ModuleList
    Module: Linear
    Module: Linear
    Module: Linear
  Module: ModuleList
    Module: Dropout
dropout设置为训练模式
    Module: Dropout
dropout设置为训练模式
    Module: Dropout
dropout设置为训练模式
  Module: ReLU
test_loss: 0.1208
epoch 204
train_loss: 0.0648
Module: DropoutFullyConnectedNN
  Module: ModuleList
    Module: Linear
    Module: Linear
    Module: Linear
  Module: ModuleList
    Module: Dropout
dropout设置为训练模式
    Module: Dropout
dropout设置为训练模式
    Module: Dropout
dropout设置为训练模式
  Module: ReLU
test_loss: 0.1186
epoch 205
train_loss: 0.0711
Module: DropoutFullyConnectedNN
  Module: ModuleList
    Module: Linear
    Module: Linear
    Module: Linear
  Module: ModuleList
    Module: Dropout
dropout设置为训练模式
    Module: Dropout
dropout设置为训练模式
    Module: Dropout
dropout设置为训练模式
  Module: ReLU
test_loss: 0.1144
epoch 206
train_loss: 0.0652
Module: DropoutFullyConnectedNN
  Module: ModuleList
    Module: Linear
    Module: Linear
    Module: Linear
  Module: ModuleList
    Module: Dropout
dropout设置为训练模式
    Module: Dropout
dropout设置为训练模式
    Module: Dropout
dropout设置为训练模式
  Module: ReLU
test_loss: 0.1165
epoch 207
train_loss: 0.0675
Module: DropoutFullyConnectedNN
  Module: ModuleList
    Module: Linear
    Module: Linear
    Module: Linear
  Module: ModuleList
    Module: Dropout
dropout设置为训练模式
    Module: Dropout
dropout设置为训练模式
    Module: Dropout
dropout设置为训练模式
  Module: ReLU
test_loss: 0.1225
epoch 208
train_loss: 0.0725
Module: DropoutFullyConnectedNN
  Module: ModuleList
    Module: Linear
    Module: Linear
    Module: Linear
  Module: ModuleList
    Module: Dropout
dropout设置为训练模式
    Module: Dropout
dropout设置为训练模式
    Module: Dropout
dropout设置为训练模式
  Module: ReLU
test_loss: 0.1133
epoch 209
train_loss: 0.0626
Module: DropoutFullyConnectedNN
  Module: ModuleList
    Module: Linear
    Module: Linear
    Module: Linear
  Module: ModuleList
    Module: Dropout
dropout设置为训练模式
    Module: Dropout
dropout设置为训练模式
    Module: Dropout
dropout设置为训练模式
  Module: ReLU
test_loss: 0.1186
epoch 210
train_loss: 0.0673
Module: DropoutFullyConnectedNN
  Module: ModuleList
    Module: Linear
    Module: Linear
    Module: Linear
  Module: ModuleList
    Module: Dropout
dropout设置为训练模式
    Module: Dropout
dropout设置为训练模式
    Module: Dropout
dropout设置为训练模式
  Module: ReLU
test_loss: 0.1199
epoch 211
train_loss: 0.0635
Module: DropoutFullyConnectedNN
  Module: ModuleList
    Module: Linear
    Module: Linear
    Module: Linear
  Module: ModuleList
    Module: Dropout
dropout设置为训练模式
    Module: Dropout
dropout设置为训练模式
    Module: Dropout
dropout设置为训练模式
  Module: ReLU
test_loss: 0.1156
epoch 212
train_loss: 0.0717
Module: DropoutFullyConnectedNN
  Module: ModuleList
    Module: Linear
    Module: Linear
    Module: Linear
  Module: ModuleList
    Module: Dropout
dropout设置为训练模式
    Module: Dropout
dropout设置为训练模式
    Module: Dropout
dropout设置为训练模式
  Module: ReLU
test_loss: 0.1202
epoch 213
train_loss: 0.0683
Module: DropoutFullyConnectedNN
  Module: ModuleList
    Module: Linear
    Module: Linear
    Module: Linear
  Module: ModuleList
    Module: Dropout
dropout设置为训练模式
    Module: Dropout
dropout设置为训练模式
    Module: Dropout
dropout设置为训练模式
  Module: ReLU
test_loss: 0.1214
epoch 214
train_loss: 0.0713
Module: DropoutFullyConnectedNN
  Module: ModuleList
    Module: Linear
    Module: Linear
    Module: Linear
  Module: ModuleList
    Module: Dropout
dropout设置为训练模式
    Module: Dropout
dropout设置为训练模式
    Module: Dropout
dropout设置为训练模式
  Module: ReLU
test_loss: 0.1203
epoch 215
train_loss: 0.0679
Module: DropoutFullyConnectedNN
  Module: ModuleList
    Module: Linear
    Module: Linear
    Module: Linear
  Module: ModuleList
    Module: Dropout
dropout设置为训练模式
    Module: Dropout
dropout设置为训练模式
    Module: Dropout
dropout设置为训练模式
  Module: ReLU
test_loss: 0.1158
epoch 216
train_loss: 0.0668
Module: DropoutFullyConnectedNN
  Module: ModuleList
    Module: Linear
    Module: Linear
    Module: Linear
  Module: ModuleList
    Module: Dropout
dropout设置为训练模式
    Module: Dropout
dropout设置为训练模式
    Module: Dropout
dropout设置为训练模式
  Module: ReLU
test_loss: 0.1264
epoch 217
train_loss: 0.0663
Module: DropoutFullyConnectedNN
  Module: ModuleList
    Module: Linear
    Module: Linear
    Module: Linear
  Module: ModuleList
    Module: Dropout
dropout设置为训练模式
    Module: Dropout
dropout设置为训练模式
    Module: Dropout
dropout设置为训练模式
  Module: ReLU
test_loss: 0.1145
epoch 218
train_loss: 0.0761
Module: DropoutFullyConnectedNN
  Module: ModuleList
    Module: Linear
    Module: Linear
    Module: Linear
  Module: ModuleList
    Module: Dropout
dropout设置为训练模式
    Module: Dropout
dropout设置为训练模式
    Module: Dropout
dropout设置为训练模式
  Module: ReLU
test_loss: 0.1145
epoch 219
train_loss: 0.0701
Module: DropoutFullyConnectedNN
  Module: ModuleList
    Module: Linear
    Module: Linear
    Module: Linear
  Module: ModuleList
    Module: Dropout
dropout设置为训练模式
    Module: Dropout
dropout设置为训练模式
    Module: Dropout
dropout设置为训练模式
  Module: ReLU
test_loss: 0.1084
epoch 220
train_loss: 0.0640
Module: DropoutFullyConnectedNN
  Module: ModuleList
    Module: Linear
    Module: Linear
    Module: Linear
  Module: ModuleList
    Module: Dropout
dropout设置为训练模式
    Module: Dropout
dropout设置为训练模式
    Module: Dropout
dropout设置为训练模式
  Module: ReLU
test_loss: 0.1116
epoch 221
train_loss: 0.0665
Module: DropoutFullyConnectedNN
  Module: ModuleList
    Module: Linear
    Module: Linear
    Module: Linear
  Module: ModuleList
    Module: Dropout
dropout设置为训练模式
    Module: Dropout
dropout设置为训练模式
    Module: Dropout
dropout设置为训练模式
  Module: ReLU
test_loss: 0.1203
epoch 222
train_loss: 0.0727
Module: DropoutFullyConnectedNN
  Module: ModuleList
    Module: Linear
    Module: Linear
    Module: Linear
  Module: ModuleList
    Module: Dropout
dropout设置为训练模式
    Module: Dropout
dropout设置为训练模式
    Module: Dropout
dropout设置为训练模式
  Module: ReLU
test_loss: 0.1134
epoch 223
train_loss: 0.0671
Module: DropoutFullyConnectedNN
  Module: ModuleList
    Module: Linear
    Module: Linear
    Module: Linear
  Module: ModuleList
    Module: Dropout
dropout设置为训练模式
    Module: Dropout
dropout设置为训练模式
    Module: Dropout
dropout设置为训练模式
  Module: ReLU
test_loss: 0.1194
epoch 224
train_loss: 0.0704
Module: DropoutFullyConnectedNN
  Module: ModuleList
    Module: Linear
    Module: Linear
    Module: Linear
  Module: ModuleList
    Module: Dropout
dropout设置为训练模式
    Module: Dropout
dropout设置为训练模式
    Module: Dropout
dropout设置为训练模式
  Module: ReLU
test_loss: 0.1192
epoch 225
train_loss: 0.0623
Module: DropoutFullyConnectedNN
  Module: ModuleList
    Module: Linear
    Module: Linear
    Module: Linear
  Module: ModuleList
    Module: Dropout
dropout设置为训练模式
    Module: Dropout
dropout设置为训练模式
    Module: Dropout
dropout设置为训练模式
  Module: ReLU
test_loss: 0.1126
epoch 226
train_loss: 0.0702
Module: DropoutFullyConnectedNN
  Module: ModuleList
    Module: Linear
    Module: Linear
    Module: Linear
  Module: ModuleList
    Module: Dropout
dropout设置为训练模式
    Module: Dropout
dropout设置为训练模式
    Module: Dropout
dropout设置为训练模式
  Module: ReLU
test_loss: 0.1146
epoch 227
train_loss: 0.0662
Module: DropoutFullyConnectedNN
  Module: ModuleList
    Module: Linear
    Module: Linear
    Module: Linear
  Module: ModuleList
    Module: Dropout
dropout设置为训练模式
    Module: Dropout
dropout设置为训练模式
    Module: Dropout
dropout设置为训练模式
  Module: ReLU
test_loss: 0.1114
epoch 228
train_loss: 0.0687
Module: DropoutFullyConnectedNN
  Module: ModuleList
    Module: Linear
    Module: Linear
    Module: Linear
  Module: ModuleList
    Module: Dropout
dropout设置为训练模式
    Module: Dropout
dropout设置为训练模式
    Module: Dropout
dropout设置为训练模式
  Module: ReLU
test_loss: 0.1210
epoch 229
train_loss: 0.0683
Module: DropoutFullyConnectedNN
  Module: ModuleList
    Module: Linear
    Module: Linear
    Module: Linear
  Module: ModuleList
    Module: Dropout
dropout设置为训练模式
    Module: Dropout
dropout设置为训练模式
    Module: Dropout
dropout设置为训练模式
  Module: ReLU
test_loss: 0.1157
/home/xueqiong/noise_injection_uncertainty/regression/utils.py:39: FutureWarning: The 'delim_whitespace' keyword in pd.read_csv is deprecated and will be removed in a future version. Use ``sep='\s+'`` instead
  return pd.read_csv(dataset_path, engine='python', header=None, delim_whitespace=True)
8 1
824 206 1030
model_name fixnoiseFCN
using Adam as optimizer
epoch 0
train_loss: 0.8397
test_loss: 0.6823
epoch 1
train_loss: 0.5459
test_loss: 0.4400
epoch 2
train_loss: 0.3994
test_loss: 0.3679
epoch 3
train_loss: 0.3512
test_loss: 0.3309
epoch 4
train_loss: 0.3084
test_loss: 0.3034
epoch 5
train_loss: 0.2766
test_loss: 0.2762
epoch 6
train_loss: 0.2480
test_loss: 0.2572
epoch 7
train_loss: 0.2326
test_loss: 0.2422
epoch 8
train_loss: 0.2187
test_loss: 0.2308
epoch 9
train_loss: 0.2018
test_loss: 0.2159
epoch 10
train_loss: 0.1912
test_loss: 0.2119
epoch 11
train_loss: 0.1883
test_loss: 0.1982
epoch 12
train_loss: 0.1784
test_loss: 0.1915
epoch 13
train_loss: 0.1661
test_loss: 0.1881
epoch 14
train_loss: 0.1639
test_loss: 0.1871
epoch 15
train_loss: 0.1619
test_loss: 0.1801
epoch 16
train_loss: 0.1534
test_loss: 0.1749
epoch 17
train_loss: 0.1418
test_loss: 0.1728
epoch 18
train_loss: 0.1408
test_loss: 0.1670
epoch 19
train_loss: 0.1346
test_loss: 0.1779
epoch 20
train_loss: 0.1338
test_loss: 0.1644
epoch 21
train_loss: 0.1336
test_loss: 0.1644
epoch 22
train_loss: 0.1347
test_loss: 0.1647
epoch 23
train_loss: 0.1281
test_loss: 0.1627
epoch 24
train_loss: 0.1228
test_loss: 0.1623
epoch 25
train_loss: 0.1241
test_loss: 0.1572
epoch 26
train_loss: 0.1181
test_loss: 0.1646
epoch 27
train_loss: 0.1154
test_loss: 0.1582
epoch 28
train_loss: 0.1174
test_loss: 0.1622
epoch 29
train_loss: 0.1119
test_loss: 0.1582
epoch 30
train_loss: 0.1093
test_loss: 0.1581
epoch 31
train_loss: 0.1080
test_loss: 0.1630
epoch 32
train_loss: 0.1064
test_loss: 0.1526
epoch 33
train_loss: 0.1047
test_loss: 0.1561
epoch 34
train_loss: 0.1071
test_loss: 0.1549
epoch 35
train_loss: 0.0991
test_loss: 0.1660
epoch 36
train_loss: 0.1022
test_loss: 0.1536
epoch 37
train_loss: 0.1040
test_loss: 0.1576
epoch 38
train_loss: 0.0999
test_loss: 0.1521
epoch 39
train_loss: 0.1030
test_loss: 0.1505
epoch 40
train_loss: 0.0932
test_loss: 0.1482
epoch 41
train_loss: 0.1012
test_loss: 0.1471
epoch 42
train_loss: 0.1003
test_loss: 0.1553
epoch 43
train_loss: 0.0977
test_loss: 0.1495
epoch 44
train_loss: 0.0915
test_loss: 0.1595
epoch 45
train_loss: 0.0963
test_loss: 0.1497
epoch 46
train_loss: 0.0922
test_loss: 0.1578
epoch 47
train_loss: 0.0890
test_loss: 0.1547
epoch 48
train_loss: 0.0894
test_loss: 0.1508
epoch 49
train_loss: 0.0864
test_loss: 0.1510
epoch 50
train_loss: 0.0938
test_loss: 0.1442
epoch 51
train_loss: 0.0862
test_loss: 0.1546
epoch 52
train_loss: 0.0858
test_loss: 0.1484
epoch 53
train_loss: 0.0919
test_loss: 0.1454
epoch 54
train_loss: 0.0878
test_loss: 0.1510
epoch 55
train_loss: 0.0847
test_loss: 0.1460
epoch 56
train_loss: 0.0806
test_loss: 0.1566
epoch 57
train_loss: 0.0825
test_loss: 0.1495
epoch 58
train_loss: 0.0818
test_loss: 0.1420
epoch 59
train_loss: 0.0789
test_loss: 0.1524
epoch 60
train_loss: 0.0815
test_loss: 0.1497
epoch 61
train_loss: 0.0774
test_loss: 0.1516
epoch 62
train_loss: 0.0793
test_loss: 0.1622
epoch 63
train_loss: 0.0859
test_loss: 0.1447
epoch 64
train_loss: 0.0798
test_loss: 0.1524
epoch 65
train_loss: 0.0834
test_loss: 0.1600
epoch 66
train_loss: 0.0825
test_loss: 0.1459
epoch 67
train_loss: 0.0769
test_loss: 0.1504
epoch 68
train_loss: 0.0759
test_loss: 0.1556
epoch 69
train_loss: 0.0819
test_loss: 0.1536
epoch 70
train_loss: 0.0843
test_loss: 0.1511
epoch 71
train_loss: 0.0726
test_loss: 0.1435
epoch 72
train_loss: 0.0709
test_loss: 0.1510
epoch 73
train_loss: 0.0726
test_loss: 0.1514
epoch 74
train_loss: 0.0756
test_loss: 0.1558
epoch 75
train_loss: 0.0752
test_loss: 0.1380
epoch 76
train_loss: 0.0746
test_loss: 0.1461
epoch 77
train_loss: 0.0753
test_loss: 0.1493
epoch 78
train_loss: 0.0782
test_loss: 0.1458
epoch 79
train_loss: 0.0737
test_loss: 0.1481
epoch 80
train_loss: 0.0733
test_loss: 0.1401
epoch 81
train_loss: 0.0746
test_loss: 0.1380
epoch 82
train_loss: 0.0787
test_loss: 0.1510
epoch 83
train_loss: 0.0776
test_loss: 0.1421
epoch 84
train_loss: 0.0733
test_loss: 0.1434
epoch 85
train_loss: 0.0770
test_loss: 0.1344
epoch 86
train_loss: 0.0725
test_loss: 0.1358
epoch 87
train_loss: 0.0725
test_loss: 0.1420
epoch 88
train_loss: 0.0722
test_loss: 0.1367
epoch 89
train_loss: 0.0758
test_loss: 0.1516
epoch 90
train_loss: 0.0713
test_loss: 0.1410
epoch 91
train_loss: 0.0757
test_loss: 0.1462
epoch 92
train_loss: 0.0705
test_loss: 0.1390
epoch 93
train_loss: 0.0691
test_loss: 0.1402
epoch 94
train_loss: 0.0722
test_loss: 0.1442
epoch 95
train_loss: 0.0745
test_loss: 0.1363
epoch 96
train_loss: 0.0749
test_loss: 0.1410
epoch 97
train_loss: 0.0708
test_loss: 0.1442
epoch 98
train_loss: 0.0687
test_loss: 0.1400
epoch 99
train_loss: 0.0660
test_loss: 0.1480
epoch 100
train_loss: 0.0735
test_loss: 0.1396
epoch 101
train_loss: 0.0683
test_loss: 0.1386
epoch 102
train_loss: 0.0664
test_loss: 0.1377
epoch 103
train_loss: 0.0730
test_loss: 0.1467
epoch 104
train_loss: 0.0744
test_loss: 0.1436
epoch 105
train_loss: 0.0700
test_loss: 0.1393
epoch 106
train_loss: 0.0713
test_loss: 0.1417
epoch 107
train_loss: 0.0636
test_loss: 0.1404
epoch 108
train_loss: 0.0677
test_loss: 0.1501
epoch 109
train_loss: 0.0735
test_loss: 0.1439
epoch 110
train_loss: 0.0680
test_loss: 0.1374
epoch 111
train_loss: 0.0720
test_loss: 0.1455
epoch 112
train_loss: 0.0702
test_loss: 0.1429
epoch 113
train_loss: 0.0676
test_loss: 0.1360
epoch 114
train_loss: 0.0688
test_loss: 0.1488
epoch 115
train_loss: 0.0673
test_loss: 0.1433
epoch 116
train_loss: 0.0699
test_loss: 0.1353
epoch 117
train_loss: 0.0694
test_loss: 0.1366
epoch 118
train_loss: 0.0687
test_loss: 0.1459
epoch 119
train_loss: 0.0731
test_loss: 0.1416
epoch 120
train_loss: 0.0678
test_loss: 0.1385
epoch 121
train_loss: 0.0666
test_loss: 0.1536
epoch 122
train_loss: 0.0737
test_loss: 0.1328
epoch 123
train_loss: 0.0670
test_loss: 0.1480
epoch 124
train_loss: 0.0640
test_loss: 0.1346
epoch 125
train_loss: 0.0677
test_loss: 0.1398
epoch 126
train_loss: 0.0650
test_loss: 0.1407
epoch 127
train_loss: 0.0796
test_loss: 0.1389
epoch 128
train_loss: 0.0679
test_loss: 0.1404
epoch 129
train_loss: 0.0629
test_loss: 0.1452
epoch 130
train_loss: 0.0680
test_loss: 0.1383
epoch 131
train_loss: 0.0655
test_loss: 0.1371
epoch 132
train_loss: 0.0685
test_loss: 0.1439
epoch 133
train_loss: 0.0708
test_loss: 0.1346
epoch 134
train_loss: 0.0596
test_loss: 0.1368
epoch 135
train_loss: 0.0702
test_loss: 0.1471
epoch 136
train_loss: 0.0675
test_loss: 0.1391
epoch 137
train_loss: 0.0576
test_loss: 0.1454
epoch 138
train_loss: 0.0617
test_loss: 0.1453
epoch 139
train_loss: 0.0648
test_loss: 0.1397
epoch 140
train_loss: 0.0658
test_loss: 0.1365
epoch 141
train_loss: 0.0673
test_loss: 0.1441
epoch 142
train_loss: 0.0631
test_loss: 0.1417
epoch 143
train_loss: 0.0601
test_loss: 0.1388
epoch 144
train_loss: 0.0630
test_loss: 0.1419
epoch 145
train_loss: 0.0665
test_loss: 0.1466
epoch 146
train_loss: 0.0656
test_loss: 0.1337
epoch 147
train_loss: 0.0715
test_loss: 0.1355
epoch 148
train_loss: 0.0649
test_loss: 0.1417
epoch 149
train_loss: 0.0600
test_loss: 0.1369
epoch 150
train_loss: 0.0611
test_loss: 0.1350
epoch 151
train_loss: 0.0628
test_loss: 0.1387
epoch 152
train_loss: 0.0602
test_loss: 0.1423
epoch 153
train_loss: 0.0635
test_loss: 0.1334
epoch 154
train_loss: 0.0572
test_loss: 0.1389
epoch 155
train_loss: 0.0625
test_loss: 0.1321
epoch 156
train_loss: 0.0592
test_loss: 0.1333
epoch 157
train_loss: 0.0632
test_loss: 0.1322
epoch 158
train_loss: 0.0559
test_loss: 0.1363
epoch 159
train_loss: 0.0645
test_loss: 0.1371
/home/xueqiong/noise_injection_uncertainty/regression/utils.py:39: FutureWarning: The 'delim_whitespace' keyword in pd.read_csv is deprecated and will be removed in a future version. Use ``sep='\s+'`` instead
  return pd.read_csv(dataset_path, engine='python', header=None, delim_whitespace=True)
8 1
824 206 1030
model_name noisyFCN
using Adam as optimizer
epoch 0
train_loss: 0.9660
test_loss: 0.9560
epoch 1
train_loss: 0.9379
test_loss: 0.9305
epoch 2
train_loss: 0.9101
test_loss: 0.9044
epoch 3
train_loss: 0.8813
test_loss: 0.8773
epoch 4
train_loss: 0.8515
test_loss: 0.8486
epoch 5
train_loss: 0.8200
test_loss: 0.8177
epoch 6
train_loss: 0.7868
test_loss: 0.7849
epoch 7
train_loss: 0.7519
test_loss: 0.7501
epoch 8
train_loss: 0.7153
test_loss: 0.7133
epoch 9
train_loss: 0.6770
test_loss: 0.6752
epoch 10
train_loss: 0.6377
test_loss: 0.6362
epoch 11
train_loss: 0.5986
test_loss: 0.5979
epoch 12
train_loss: 0.5604
test_loss: 0.5609
epoch 13
train_loss: 0.5243
test_loss: 0.5264
epoch 14
train_loss: 0.4914
test_loss: 0.4953
epoch 15
train_loss: 0.4619
test_loss: 0.4677
epoch 16
train_loss: 0.4359
test_loss: 0.4439
epoch 17
train_loss: 0.4140
test_loss: 0.4238
epoch 18
train_loss: 0.3954
test_loss: 0.4070
epoch 19
train_loss: 0.3794
test_loss: 0.3932
epoch 20
train_loss: 0.3658
test_loss: 0.3819
epoch 21
train_loss: 0.3542
test_loss: 0.3725
epoch 22
train_loss: 0.3440
test_loss: 0.3647
epoch 23
train_loss: 0.3349
test_loss: 0.3578
epoch 24
train_loss: 0.3269
test_loss: 0.3518
epoch 25
train_loss: 0.3196
test_loss: 0.3465
epoch 26
train_loss: 0.3129
test_loss: 0.3418
epoch 27
train_loss: 0.3067
test_loss: 0.3375
epoch 28
train_loss: 0.3009
test_loss: 0.3335
epoch 29
train_loss: 0.2954
test_loss: 0.3299
epoch 30
train_loss: 0.2905
test_loss: 0.3264
epoch 31
train_loss: 0.2857
test_loss: 0.3231
epoch 32
train_loss: 0.2811
test_loss: 0.3201
epoch 33
train_loss: 0.2767
test_loss: 0.3171
epoch 34
train_loss: 0.2725
test_loss: 0.3143
epoch 35
train_loss: 0.2687
test_loss: 0.3115
epoch 36
train_loss: 0.2646
test_loss: 0.3087
epoch 37
train_loss: 0.2608
test_loss: 0.3061
epoch 38
train_loss: 0.2573
test_loss: 0.3035
epoch 39
train_loss: 0.2537
test_loss: 0.3008
epoch 40
train_loss: 0.2500
test_loss: 0.2980
epoch 41
train_loss: 0.2466
test_loss: 0.2953
epoch 42
train_loss: 0.2432
test_loss: 0.2928
epoch 43
train_loss: 0.2400
test_loss: 0.2903
epoch 44
train_loss: 0.2368
test_loss: 0.2879
epoch 45
train_loss: 0.2338
test_loss: 0.2856
epoch 46
train_loss: 0.2309
test_loss: 0.2834
epoch 47
train_loss: 0.2280
test_loss: 0.2811
epoch 48
train_loss: 0.2252
test_loss: 0.2788
epoch 49
train_loss: 0.2226
test_loss: 0.2765
epoch 50
train_loss: 0.2200
test_loss: 0.2743
epoch 51
train_loss: 0.2175
test_loss: 0.2721
epoch 52
train_loss: 0.2149
test_loss: 0.2700
epoch 53
train_loss: 0.2125
test_loss: 0.2679
epoch 54
train_loss: 0.2101
test_loss: 0.2659
epoch 55
train_loss: 0.2078
test_loss: 0.2638
epoch 56
train_loss: 0.2055
test_loss: 0.2619
epoch 57
train_loss: 0.2035
test_loss: 0.2599
epoch 58
train_loss: 0.2014
test_loss: 0.2579
epoch 59
train_loss: 0.1994
test_loss: 0.2559
epoch 60
train_loss: 0.1973
test_loss: 0.2541
epoch 61
train_loss: 0.1954
test_loss: 0.2523
epoch 62
train_loss: 0.1937
test_loss: 0.2504
epoch 63
train_loss: 0.1917
test_loss: 0.2486
epoch 64
train_loss: 0.1900
test_loss: 0.2467
epoch 65
train_loss: 0.1881
test_loss: 0.2450
epoch 66
train_loss: 0.1865
test_loss: 0.2432
epoch 67
train_loss: 0.1847
test_loss: 0.2414
epoch 68
train_loss: 0.1832
test_loss: 0.2396
epoch 69
train_loss: 0.1815
test_loss: 0.2379
epoch 70
train_loss: 0.1800
test_loss: 0.2361
epoch 71
train_loss: 0.1784
test_loss: 0.2344
epoch 72
train_loss: 0.1770
test_loss: 0.2326
epoch 73
train_loss: 0.1754
test_loss: 0.2308
epoch 74
train_loss: 0.1739
test_loss: 0.2291
epoch 75
train_loss: 0.1725
test_loss: 0.2274
epoch 76
train_loss: 0.1710
test_loss: 0.2257
epoch 77
train_loss: 0.1698
test_loss: 0.2241
epoch 78
train_loss: 0.1684
test_loss: 0.2226
epoch 79
train_loss: 0.1670
test_loss: 0.2211
epoch 80
train_loss: 0.1657
test_loss: 0.2196
epoch 81
train_loss: 0.1645
test_loss: 0.2181
epoch 82
train_loss: 0.1632
test_loss: 0.2166
epoch 83
train_loss: 0.1620
test_loss: 0.2152
epoch 84
train_loss: 0.1609
test_loss: 0.2138
epoch 85
train_loss: 0.1596
test_loss: 0.2124
epoch 86
train_loss: 0.1585
test_loss: 0.2110
epoch 87
train_loss: 0.1574
test_loss: 0.2097
epoch 88
train_loss: 0.1563
test_loss: 0.2083
epoch 89
train_loss: 0.1552
test_loss: 0.2070
epoch 90
train_loss: 0.1542
test_loss: 0.2057
epoch 91
train_loss: 0.1531
test_loss: 0.2044
epoch 92
train_loss: 0.1521
test_loss: 0.2031
epoch 93
train_loss: 0.1512
test_loss: 0.2018
epoch 94
train_loss: 0.1502
test_loss: 0.2006
epoch 95
train_loss: 0.1493
test_loss: 0.1994
epoch 96
train_loss: 0.1483
test_loss: 0.1983
epoch 97
train_loss: 0.1474
test_loss: 0.1971
epoch 98
train_loss: 0.1465
test_loss: 0.1960
epoch 99
train_loss: 0.1456
test_loss: 0.1950
epoch 100
train_loss: 0.1447
test_loss: 0.1939
epoch 101
train_loss: 0.1439
test_loss: 0.1929
epoch 102
train_loss: 0.1430
test_loss: 0.1919
epoch 103
train_loss: 0.1422
test_loss: 0.1909
epoch 104
train_loss: 0.1414
test_loss: 0.1900
epoch 105
train_loss: 0.1407
test_loss: 0.1890
epoch 106
train_loss: 0.1399
test_loss: 0.1880
epoch 107
train_loss: 0.1391
test_loss: 0.1872
epoch 108
train_loss: 0.1383
test_loss: 0.1863
epoch 109
train_loss: 0.1376
test_loss: 0.1854
epoch 110
train_loss: 0.1368
test_loss: 0.1845
epoch 111
train_loss: 0.1360
test_loss: 0.1835
epoch 112
train_loss: 0.1353
test_loss: 0.1827
epoch 113
train_loss: 0.1346
test_loss: 0.1819
epoch 114
train_loss: 0.1339
test_loss: 0.1811
epoch 115
train_loss: 0.1332
test_loss: 0.1802
epoch 116
train_loss: 0.1325
test_loss: 0.1794
epoch 117
train_loss: 0.1318
test_loss: 0.1786
epoch 118
train_loss: 0.1312
test_loss: 0.1778
epoch 119
train_loss: 0.1305
test_loss: 0.1771
epoch 120
train_loss: 0.1298
test_loss: 0.1764
epoch 121
train_loss: 0.1292
test_loss: 0.1757
epoch 122
train_loss: 0.1286
test_loss: 0.1750
epoch 123
train_loss: 0.1280
test_loss: 0.1744
epoch 124
train_loss: 0.1274
test_loss: 0.1737
epoch 125
train_loss: 0.1268
test_loss: 0.1730
epoch 126
train_loss: 0.1262
test_loss: 0.1724
epoch 127
train_loss: 0.1256
test_loss: 0.1717
epoch 128
train_loss: 0.1250
test_loss: 0.1711
epoch 129
train_loss: 0.1244
test_loss: 0.1705
epoch 130
train_loss: 0.1239
test_loss: 0.1699
epoch 131
train_loss: 0.1233
test_loss: 0.1693
epoch 132
train_loss: 0.1228
test_loss: 0.1687
epoch 133
train_loss: 0.1222
test_loss: 0.1681
epoch 134
train_loss: 0.1217
test_loss: 0.1676
epoch 135
train_loss: 0.1211
test_loss: 0.1671
epoch 136
train_loss: 0.1206
test_loss: 0.1665
epoch 137
train_loss: 0.1201
test_loss: 0.1660
epoch 138
train_loss: 0.1195
test_loss: 0.1655
epoch 139
train_loss: 0.1191
test_loss: 0.1649
epoch 140
train_loss: 0.1186
test_loss: 0.1645
epoch 141
train_loss: 0.1180
test_loss: 0.1639
epoch 142
train_loss: 0.1177
test_loss: 0.1634
epoch 143
train_loss: 0.1172
test_loss: 0.1629
epoch 144
train_loss: 0.1167
test_loss: 0.1625
epoch 145
train_loss: 0.1163
test_loss: 0.1620
epoch 146
train_loss: 0.1158
test_loss: 0.1616
epoch 147
train_loss: 0.1153
test_loss: 0.1611
epoch 148
train_loss: 0.1148
test_loss: 0.1607
epoch 149
train_loss: 0.1144
test_loss: 0.1602
epoch 150
train_loss: 0.1139
test_loss: 0.1598
epoch 151
train_loss: 0.1135
test_loss: 0.1595
epoch 152
train_loss: 0.1130
test_loss: 0.1590
epoch 153
train_loss: 0.1126
test_loss: 0.1587
epoch 154
train_loss: 0.1122
test_loss: 0.1583
epoch 155
train_loss: 0.1118
test_loss: 0.1579
epoch 156
train_loss: 0.1113
test_loss: 0.1575
epoch 157
train_loss: 0.1109
test_loss: 0.1571
epoch 158
train_loss: 0.1105
test_loss: 0.1568
epoch 159
train_loss: 0.1101
test_loss: 0.1565
epoch 160
train_loss: 0.1096
test_loss: 0.1561
epoch 161
train_loss: 0.1092
test_loss: 0.1558
epoch 162
train_loss: 0.1088
test_loss: 0.1555
epoch 163
train_loss: 0.1084
test_loss: 0.1551
epoch 164
train_loss: 0.1080
test_loss: 0.1548
epoch 165
train_loss: 0.1076
test_loss: 0.1545
epoch 166
train_loss: 0.1072
test_loss: 0.1542
epoch 167
train_loss: 0.1068
test_loss: 0.1538
epoch 168
train_loss: 0.1065
test_loss: 0.1535
epoch 169
train_loss: 0.1061
test_loss: 0.1532
epoch 170
train_loss: 0.1057
test_loss: 0.1529
epoch 171
train_loss: 0.1053
test_loss: 0.1526
epoch 172
train_loss: 0.1049
test_loss: 0.1524
epoch 173
train_loss: 0.1045
test_loss: 0.1520
epoch 174
train_loss: 0.1042
test_loss: 0.1518
epoch 175
train_loss: 0.1038
test_loss: 0.1515
epoch 176
train_loss: 0.1035
test_loss: 0.1512
epoch 177
train_loss: 0.1031
test_loss: 0.1509
epoch 178
train_loss: 0.1028
test_loss: 0.1506
epoch 179
train_loss: 0.1025
test_loss: 0.1505
epoch 180
train_loss: 0.1022
test_loss: 0.1502
epoch 181
train_loss: 0.1018
test_loss: 0.1500
epoch 182
train_loss: 0.1015
test_loss: 0.1498
epoch 183
train_loss: 0.1012
test_loss: 0.1495
epoch 184
train_loss: 0.1009
test_loss: 0.1493
epoch 185
train_loss: 0.1006
test_loss: 0.1490
epoch 186
train_loss: 0.1002
test_loss: 0.1489
epoch 187
train_loss: 0.0999
test_loss: 0.1486
epoch 188
train_loss: 0.0996
test_loss: 0.1484
epoch 189
train_loss: 0.0993
test_loss: 0.1481
epoch 190
train_loss: 0.0990
test_loss: 0.1480
epoch 191
train_loss: 0.0987
test_loss: 0.1478
epoch 192
train_loss: 0.0984
test_loss: 0.1476
epoch 193
train_loss: 0.0981
test_loss: 0.1474
epoch 194
train_loss: 0.0978
test_loss: 0.1472
epoch 195
train_loss: 0.0975
test_loss: 0.1470
epoch 196
train_loss: 0.0972
test_loss: 0.1469
epoch 197
train_loss: 0.0969
test_loss: 0.1467
epoch 198
train_loss: 0.0966
test_loss: 0.1464
epoch 199
train_loss: 0.0964
test_loss: 0.1464
epoch 200
train_loss: 0.0961
test_loss: 0.1462
epoch 201
train_loss: 0.0958
test_loss: 0.1459
epoch 202
train_loss: 0.0955
test_loss: 0.1458
epoch 203
train_loss: 0.0952
test_loss: 0.1456
epoch 204
train_loss: 0.0950
test_loss: 0.1454
epoch 205
train_loss: 0.0947
test_loss: 0.1452
epoch 206
train_loss: 0.0945
test_loss: 0.1451
epoch 207
train_loss: 0.0942
test_loss: 0.1449
epoch 208
train_loss: 0.0939
test_loss: 0.1447
epoch 209
train_loss: 0.0937
test_loss: 0.1445
epoch 210
train_loss: 0.0934
test_loss: 0.1444
epoch 211
train_loss: 0.0931
test_loss: 0.1442
epoch 212
train_loss: 0.0929
test_loss: 0.1441
epoch 213
train_loss: 0.0926
test_loss: 0.1439
epoch 214
train_loss: 0.0924
test_loss: 0.1438
epoch 215
train_loss: 0.0921
test_loss: 0.1436
epoch 216
train_loss: 0.0919
test_loss: 0.1435
epoch 217
train_loss: 0.0916
test_loss: 0.1433
epoch 218
train_loss: 0.0913
test_loss: 0.1431
epoch 219
train_loss: 0.0911
test_loss: 0.1430
epoch 220
train_loss: 0.0908
test_loss: 0.1429
epoch 221
train_loss: 0.0905
test_loss: 0.1428
epoch 222
train_loss: 0.0903
test_loss: 0.1426
epoch 223
train_loss: 0.0901
test_loss: 0.1425
epoch 224
train_loss: 0.0898
test_loss: 0.1424
epoch 225
train_loss: 0.0896
test_loss: 0.1422
epoch 226
train_loss: 0.0893
test_loss: 0.1422
epoch 227
train_loss: 0.0891
test_loss: 0.1420
epoch 228
train_loss: 0.0888
test_loss: 0.1419
epoch 229
train_loss: 0.0886
test_loss: 0.1418
epoch 230
train_loss: 0.0884
test_loss: 0.1416
epoch 231
train_loss: 0.0881
test_loss: 0.1415
epoch 232
train_loss: 0.0879
test_loss: 0.1414
epoch 233
train_loss: 0.0877
test_loss: 0.1413
epoch 234
train_loss: 0.0875
test_loss: 0.1412
epoch 235
train_loss: 0.0872
test_loss: 0.1411
epoch 236
train_loss: 0.0870
test_loss: 0.1409
epoch 237
train_loss: 0.0867
test_loss: 0.1408
epoch 238
train_loss: 0.0865
test_loss: 0.1407
epoch 239
train_loss: 0.0863
test_loss: 0.1406
epoch 240
train_loss: 0.0860
test_loss: 0.1404
epoch 241
train_loss: 0.0858
test_loss: 0.1403
epoch 242
train_loss: 0.0856
test_loss: 0.1402
epoch 243
train_loss: 0.0854
test_loss: 0.1401
epoch 244
train_loss: 0.0852
test_loss: 0.1399
epoch 245
train_loss: 0.0850
test_loss: 0.1398
epoch 246
train_loss: 0.0847
test_loss: 0.1397
epoch 247
train_loss: 0.0845
test_loss: 0.1396
epoch 248
train_loss: 0.0843
test_loss: 0.1396
epoch 249
train_loss: 0.0841
test_loss: 0.1394
epoch 250
train_loss: 0.0839
test_loss: 0.1393
epoch 251
train_loss: 0.0837
test_loss: 0.1391
epoch 252
train_loss: 0.0837
test_loss: 0.1390
epoch 253
train_loss: 0.0834
test_loss: 0.1389
epoch 254
train_loss: 0.0832
test_loss: 0.1387
epoch 255
train_loss: 0.0830
test_loss: 0.1386
epoch 256
train_loss: 0.0828
test_loss: 0.1386
epoch 257
train_loss: 0.0825
test_loss: 0.1383
epoch 258
train_loss: 0.0824
test_loss: 0.1383
epoch 259
train_loss: 0.0822
test_loss: 0.1382
epoch 260
train_loss: 0.0819
test_loss: 0.1380
epoch 261
train_loss: 0.0817
test_loss: 0.1380
epoch 262
train_loss: 0.0816
test_loss: 0.1378
epoch 263
train_loss: 0.0814
test_loss: 0.1377
epoch 264
train_loss: 0.0813
test_loss: 0.1377
epoch 265
train_loss: 0.0811
test_loss: 0.1375
epoch 266
train_loss: 0.0809
test_loss: 0.1374
epoch 267
train_loss: 0.0806
test_loss: 0.1373
epoch 268
train_loss: 0.0805
test_loss: 0.1373
epoch 269
train_loss: 0.0803
test_loss: 0.1372
epoch 270
train_loss: 0.0801
test_loss: 0.1371
epoch 271
train_loss: 0.0799
test_loss: 0.1370
epoch 272
train_loss: 0.0798
test_loss: 0.1369
epoch 273
train_loss: 0.0796
test_loss: 0.1369
epoch 274
train_loss: 0.0794
test_loss: 0.1368
epoch 275
train_loss: 0.0792
test_loss: 0.1367
epoch 276
train_loss: 0.0790
test_loss: 0.1366
epoch 277
train_loss: 0.0788
test_loss: 0.1365
epoch 278
train_loss: 0.0786
test_loss: 0.1364
epoch 279
train_loss: 0.0785
test_loss: 0.1364
epoch 280
train_loss: 0.0783
test_loss: 0.1363
epoch 281
train_loss: 0.0781
test_loss: 0.1362
epoch 282
train_loss: 0.0780
test_loss: 0.1361
epoch 283
train_loss: 0.0778
test_loss: 0.1360
epoch 284
train_loss: 0.0777
test_loss: 0.1359
epoch 285
train_loss: 0.0775
test_loss: 0.1358
epoch 286
train_loss: 0.0773
test_loss: 0.1358
epoch 287
train_loss: 0.0771
test_loss: 0.1357
epoch 288
train_loss: 0.0770
test_loss: 0.1356
epoch 289
train_loss: 0.0768
test_loss: 0.1355
epoch 290
train_loss: 0.0767
test_loss: 0.1354
epoch 291
train_loss: 0.0765
test_loss: 0.1353
epoch 292
train_loss: 0.0763
test_loss: 0.1352
epoch 293
train_loss: 0.0762
test_loss: 0.1352
epoch 294
train_loss: 0.0760
test_loss: 0.1352
epoch 295
train_loss: 0.0759
test_loss: 0.1350
epoch 296
train_loss: 0.0757
test_loss: 0.1350
epoch 297
train_loss: 0.0755
test_loss: 0.1349
epoch 298
train_loss: 0.0754
test_loss: 0.1348
epoch 299
train_loss: 0.0752
test_loss: 0.1347
epoch 300
train_loss: 0.0751
test_loss: 0.1346
epoch 301
train_loss: 0.0749
test_loss: 0.1345
epoch 302
train_loss: 0.0748
test_loss: 0.1345
epoch 303
train_loss: 0.0746
test_loss: 0.1344
epoch 304
train_loss: 0.0745
test_loss: 0.1342
epoch 305
train_loss: 0.0743
test_loss: 0.1342
epoch 306
train_loss: 0.0741
test_loss: 0.1341
epoch 307
train_loss: 0.0740
test_loss: 0.1340
epoch 308
train_loss: 0.0739
test_loss: 0.1341
epoch 309
train_loss: 0.0737
test_loss: 0.1339
epoch 310
train_loss: 0.0736
test_loss: 0.1338
epoch 311
train_loss: 0.0735
test_loss: 0.1338
epoch 312
train_loss: 0.0733
test_loss: 0.1337
epoch 313
train_loss: 0.0732
test_loss: 0.1337
epoch 314
train_loss: 0.0730
test_loss: 0.1335
epoch 315
train_loss: 0.0729
test_loss: 0.1334
epoch 316
train_loss: 0.0727
test_loss: 0.1334
epoch 317
train_loss: 0.0726
test_loss: 0.1335
epoch 318
train_loss: 0.0725
test_loss: 0.1333
epoch 319
train_loss: 0.0723
test_loss: 0.1332
epoch 320
train_loss: 0.0722
test_loss: 0.1332
epoch 321
train_loss: 0.0721
test_loss: 0.1331
epoch 322
train_loss: 0.0719
test_loss: 0.1330
epoch 323
train_loss: 0.0718
test_loss: 0.1330
epoch 324
train_loss: 0.0716
test_loss: 0.1328
epoch 325
train_loss: 0.0715
test_loss: 0.1329
epoch 326
train_loss: 0.0713
test_loss: 0.1327
epoch 327
train_loss: 0.0713
test_loss: 0.1329
epoch 328
train_loss: 0.0711
test_loss: 0.1327
epoch 329
train_loss: 0.0710
test_loss: 0.1327
epoch 330
train_loss: 0.0709
test_loss: 0.1326
epoch 331
train_loss: 0.0707
test_loss: 0.1325
epoch 332
train_loss: 0.0707
test_loss: 0.1324
epoch 333
train_loss: 0.0705
test_loss: 0.1324
epoch 334
train_loss: 0.0704
test_loss: 0.1323
epoch 335
train_loss: 0.0702
test_loss: 0.1324
epoch 336
train_loss: 0.0701
test_loss: 0.1323
epoch 337
train_loss: 0.0700
test_loss: 0.1321
epoch 338
train_loss: 0.0698
test_loss: 0.1322
epoch 339
train_loss: 0.0697
test_loss: 0.1321
epoch 340
train_loss: 0.0696
test_loss: 0.1321
epoch 341
train_loss: 0.0695
test_loss: 0.1320
epoch 342
train_loss: 0.0694
test_loss: 0.1320
epoch 343
train_loss: 0.0692
test_loss: 0.1319
epoch 344
train_loss: 0.0691
test_loss: 0.1319
epoch 345
train_loss: 0.0690
test_loss: 0.1319
epoch 346
train_loss: 0.0689
test_loss: 0.1318
epoch 347
train_loss: 0.0688
test_loss: 0.1318
epoch 348
train_loss: 0.0686
test_loss: 0.1317
epoch 349
train_loss: 0.0685
test_loss: 0.1317
epoch 350
train_loss: 0.0684
test_loss: 0.1316
epoch 351
train_loss: 0.0682
test_loss: 0.1316
epoch 352
train_loss: 0.0681
test_loss: 0.1315
epoch 353
train_loss: 0.0680
test_loss: 0.1315
epoch 354
train_loss: 0.0678
test_loss: 0.1315
epoch 355
train_loss: 0.0677
test_loss: 0.1314
epoch 356
train_loss: 0.0676
test_loss: 0.1314
epoch 357
train_loss: 0.0674
test_loss: 0.1315
epoch 358
train_loss: 0.0674
test_loss: 0.1313
epoch 359
train_loss: 0.0672
test_loss: 0.1314
epoch 360
train_loss: 0.0671
test_loss: 0.1314
epoch 361
train_loss: 0.0670
test_loss: 0.1313
epoch 362
train_loss: 0.0669
test_loss: 0.1312
epoch 363
train_loss: 0.0668
test_loss: 0.1312
epoch 364
train_loss: 0.0667
test_loss: 0.1312
epoch 365
train_loss: 0.0665
test_loss: 0.1312
epoch 366
train_loss: 0.0665
test_loss: 0.1312
epoch 367
train_loss: 0.0663
test_loss: 0.1312
epoch 368
train_loss: 0.0662
test_loss: 0.1311
epoch 369
train_loss: 0.0661
test_loss: 0.1311
epoch 370
train_loss: 0.0660
test_loss: 0.1311
epoch 371
train_loss: 0.0659
test_loss: 0.1310
epoch 372
train_loss: 0.0658
test_loss: 0.1310
epoch 373
train_loss: 0.0657
test_loss: 0.1310
epoch 374
train_loss: 0.0656
test_loss: 0.1309
epoch 375
train_loss: 0.0655
test_loss: 0.1310
epoch 376
train_loss: 0.0654
test_loss: 0.1309
epoch 377
train_loss: 0.0652
test_loss: 0.1309
epoch 378
train_loss: 0.0652
test_loss: 0.1308
epoch 379
train_loss: 0.0650
test_loss: 0.1308
epoch 380
train_loss: 0.0649
test_loss: 0.1308
epoch 381
train_loss: 0.0648
test_loss: 0.1308
epoch 382
train_loss: 0.0647
test_loss: 0.1308
epoch 383
train_loss: 0.0646
test_loss: 0.1307
epoch 384
train_loss: 0.0645
test_loss: 0.1307
epoch 385
train_loss: 0.0644
test_loss: 0.1307
epoch 386
train_loss: 0.0643
test_loss: 0.1307
epoch 387
train_loss: 0.0642
test_loss: 0.1307
epoch 388
train_loss: 0.0641
test_loss: 0.1306
epoch 389
train_loss: 0.0640
test_loss: 0.1307
epoch 390
train_loss: 0.0639
test_loss: 0.1306
epoch 391
train_loss: 0.0638
test_loss: 0.1306
epoch 392
train_loss: 0.0637
test_loss: 0.1306
epoch 393
train_loss: 0.0636
test_loss: 0.1306
epoch 394
train_loss: 0.0635
test_loss: 0.1305
epoch 395
train_loss: 0.0634
test_loss: 0.1305
epoch 396
train_loss: 0.0633
test_loss: 0.1304
epoch 397
train_loss: 0.0632
test_loss: 0.1304
epoch 398
train_loss: 0.0631
test_loss: 0.1304
epoch 399
train_loss: 0.0630
test_loss: 0.1304
epoch 400
train_loss: 0.0629
test_loss: 0.1304
epoch 401
train_loss: 0.0629
test_loss: 0.1303
epoch 402
train_loss: 0.0628
test_loss: 0.1303
epoch 403
train_loss: 0.0626
test_loss: 0.1303
epoch 404
train_loss: 0.0625
test_loss: 0.1303
epoch 405
train_loss: 0.0624
test_loss: 0.1302
epoch 406
train_loss: 0.0623
test_loss: 0.1302
epoch 407
train_loss: 0.0623
test_loss: 0.1302
epoch 408
train_loss: 0.0621
test_loss: 0.1301
epoch 409
train_loss: 0.0621
test_loss: 0.1301
epoch 410
train_loss: 0.0620
test_loss: 0.1301
epoch 411
train_loss: 0.0619
test_loss: 0.1301
epoch 412
train_loss: 0.0618
test_loss: 0.1300
epoch 413
train_loss: 0.0617
test_loss: 0.1300
epoch 414
train_loss: 0.0616
test_loss: 0.1299
epoch 415
train_loss: 0.0615
test_loss: 0.1299
epoch 416
train_loss: 0.0614
test_loss: 0.1299
epoch 417
train_loss: 0.0614
test_loss: 0.1298
epoch 418
train_loss: 0.0612
test_loss: 0.1298
epoch 419
train_loss: 0.0612
test_loss: 0.1298
epoch 420
train_loss: 0.0611
test_loss: 0.1299
epoch 421
train_loss: 0.0609
test_loss: 0.1298
epoch 422
train_loss: 0.0609
test_loss: 0.1297
epoch 423
train_loss: 0.0608
test_loss: 0.1298
epoch 424
train_loss: 0.0607
test_loss: 0.1297
epoch 425
train_loss: 0.0606
test_loss: 0.1297
epoch 426
train_loss: 0.0605
test_loss: 0.1297
epoch 427
train_loss: 0.0605
test_loss: 0.1298
epoch 428
train_loss: 0.0603
test_loss: 0.1298
epoch 429
train_loss: 0.0602
test_loss: 0.1297
epoch 430
train_loss: 0.0602
test_loss: 0.1297
epoch 431
train_loss: 0.0601
test_loss: 0.1297
epoch 432
train_loss: 0.0600
test_loss: 0.1297
epoch 433
train_loss: 0.0599
test_loss: 0.1296
epoch 434
train_loss: 0.0598
test_loss: 0.1296
epoch 435
train_loss: 0.0597
test_loss: 0.1296
epoch 436
train_loss: 0.0596
test_loss: 0.1296
epoch 437
train_loss: 0.0595
test_loss: 0.1295
epoch 438
train_loss: 0.0594
test_loss: 0.1295
epoch 439
train_loss: 0.0593
test_loss: 0.1295
epoch 440
train_loss: 0.0592
test_loss: 0.1295
epoch 441
train_loss: 0.0591
test_loss: 0.1294
epoch 442
train_loss: 0.0590
test_loss: 0.1294
epoch 443
train_loss: 0.0589
test_loss: 0.1294
epoch 444
train_loss: 0.0589
test_loss: 0.1294
epoch 445
train_loss: 0.0588
test_loss: 0.1294
epoch 446
train_loss: 0.0587
test_loss: 0.1294
epoch 447
train_loss: 0.0586
test_loss: 0.1295
epoch 448
train_loss: 0.0585
test_loss: 0.1295
epoch 449
train_loss: 0.0585
test_loss: 0.1294
epoch 450
train_loss: 0.0583
test_loss: 0.1295
epoch 451
train_loss: 0.0583
test_loss: 0.1294
epoch 452
train_loss: 0.0582
test_loss: 0.1294
epoch 453
train_loss: 0.0581
test_loss: 0.1294
epoch 454
train_loss: 0.0580
test_loss: 0.1294
epoch 455
train_loss: 0.0580
test_loss: 0.1293
epoch 456
train_loss: 0.0579
test_loss: 0.1294
epoch 457
train_loss: 0.0578
test_loss: 0.1293
epoch 458
train_loss: 0.0577
test_loss: 0.1294
epoch 459
train_loss: 0.0576
test_loss: 0.1293
epoch 460
train_loss: 0.0576
test_loss: 0.1293
epoch 461
train_loss: 0.0575
test_loss: 0.1294
epoch 462
train_loss: 0.0574
test_loss: 0.1293
epoch 463
train_loss: 0.0573
test_loss: 0.1293
epoch 464
train_loss: 0.0573
test_loss: 0.1293
epoch 465
train_loss: 0.0572
test_loss: 0.1293
epoch 466
train_loss: 0.0571
test_loss: 0.1293
epoch 467
train_loss: 0.0570
test_loss: 0.1292
epoch 468
train_loss: 0.0570
test_loss: 0.1292
epoch 469
train_loss: 0.0569
test_loss: 0.1292
epoch 470
train_loss: 0.0568
test_loss: 0.1292
epoch 471
train_loss: 0.0568
test_loss: 0.1293
epoch 472
train_loss: 0.0567
test_loss: 0.1292
epoch 473
train_loss: 0.0566
test_loss: 0.1292
epoch 474
train_loss: 0.0565
test_loss: 0.1292
epoch 475
train_loss: 0.0565
test_loss: 0.1292
epoch 476
train_loss: 0.0564
test_loss: 0.1292
epoch 477
train_loss: 0.0564
test_loss: 0.1292
epoch 478
train_loss: 0.0562
test_loss: 0.1292
epoch 479
train_loss: 0.0562
test_loss: 0.1290
epoch 480
train_loss: 0.0562
test_loss: 0.1292
epoch 481
train_loss: 0.0561
test_loss: 0.1291
epoch 482
train_loss: 0.0560
test_loss: 0.1292
epoch 483
train_loss: 0.0559
test_loss: 0.1291
epoch 484
train_loss: 0.0559
test_loss: 0.1291
epoch 485
train_loss: 0.0558
test_loss: 0.1291
epoch 486
train_loss: 0.0557
test_loss: 0.1292
epoch 487
train_loss: 0.0556
test_loss: 0.1292
epoch 488
train_loss: 0.0556
test_loss: 0.1292
epoch 489
train_loss: 0.0555
test_loss: 0.1292
epoch 490
train_loss: 0.0554
test_loss: 0.1292
epoch 491
train_loss: 0.0554
test_loss: 0.1292
epoch 492
train_loss: 0.0553
test_loss: 0.1292
epoch 493
train_loss: 0.0553
test_loss: 0.1293
epoch 494
train_loss: 0.0552
test_loss: 0.1293
epoch 495
train_loss: 0.0551
test_loss: 0.1293
epoch 496
train_loss: 0.0551
test_loss: 0.1292
epoch 497
train_loss: 0.0550
test_loss: 0.1293
epoch 498
train_loss: 0.0550
test_loss: 0.1293
epoch 499
train_loss: 0.0549
test_loss: 0.1293
epoch 500
train_loss: 0.0548
test_loss: 0.1293
epoch 501
train_loss: 0.0548
test_loss: 0.1293
epoch 502
train_loss: 0.0547
test_loss: 0.1293
epoch 503
train_loss: 0.0546
test_loss: 0.1294
epoch 504
train_loss: 0.0546
test_loss: 0.1294
epoch 505
train_loss: 0.0545
test_loss: 0.1294
epoch 506
train_loss: 0.0544
test_loss: 0.1294
epoch 507
train_loss: 0.0544
test_loss: 0.1294
epoch 508
train_loss: 0.0543
test_loss: 0.1295
epoch 509
train_loss: 0.0543
test_loss: 0.1295
epoch 510
train_loss: 0.0542
test_loss: 0.1295
epoch 511
train_loss: 0.0541
test_loss: 0.1294
epoch 512
train_loss: 0.0541
test_loss: 0.1295
epoch 513
train_loss: 0.0541
test_loss: 0.1295
epoch 514
train_loss: 0.0540
test_loss: 0.1294
epoch 515
train_loss: 0.0539
test_loss: 0.1295
epoch 516
train_loss: 0.0539
test_loss: 0.1295
epoch 517
train_loss: 0.0538
test_loss: 0.1294
epoch 518
train_loss: 0.0537
test_loss: 0.1295
epoch 519
train_loss: 0.0537
test_loss: 0.1295
epoch 520
train_loss: 0.0536
test_loss: 0.1295
epoch 521
train_loss: 0.0536
test_loss: 0.1294
epoch 522
train_loss: 0.0535
test_loss: 0.1295
epoch 523
train_loss: 0.0534
test_loss: 0.1295
epoch 524
train_loss: 0.0534
test_loss: 0.1295
epoch 525
train_loss: 0.0534
test_loss: 0.1295
epoch 526
train_loss: 0.0533
test_loss: 0.1294
epoch 527
train_loss: 0.0533
test_loss: 0.1296
epoch 528
train_loss: 0.0532
test_loss: 0.1294
epoch 529
train_loss: 0.0531
test_loss: 0.1296
epoch 530
train_loss: 0.0530
test_loss: 0.1295
epoch 531
train_loss: 0.0530
test_loss: 0.1295
epoch 532
train_loss: 0.0529
test_loss: 0.1296
epoch 533
train_loss: 0.0529
test_loss: 0.1295
epoch 534
train_loss: 0.0528
test_loss: 0.1296
epoch 535
train_loss: 0.0528
test_loss: 0.1296
epoch 536
train_loss: 0.0527
test_loss: 0.1295
epoch 537
train_loss: 0.0526
test_loss: 0.1296
epoch 538
train_loss: 0.0526
test_loss: 0.1295
epoch 539
train_loss: 0.0526
test_loss: 0.1296
epoch 540
train_loss: 0.0526
test_loss: 0.1295
epoch 541
train_loss: 0.0524
test_loss: 0.1295
epoch 542
train_loss: 0.0524
test_loss: 0.1296
epoch 543
train_loss: 0.0523
test_loss: 0.1295
epoch 544
train_loss: 0.0522
test_loss: 0.1295
epoch 545
train_loss: 0.0524
test_loss: 0.1295
epoch 546
train_loss: 0.0522
test_loss: 0.1294
epoch 547
train_loss: 0.0522
test_loss: 0.1294
epoch 548
train_loss: 0.0521
test_loss: 0.1294
epoch 549
train_loss: 0.0521
test_loss: 0.1294
epoch 550
train_loss: 0.0520
test_loss: 0.1295
epoch 551
train_loss: 0.0520
test_loss: 0.1295
epoch 552
train_loss: 0.0520
test_loss: 0.1294
epoch 553
train_loss: 0.0518
test_loss: 0.1294
epoch 554
train_loss: 0.0518
test_loss: 0.1295
epoch 555
train_loss: 0.0517
test_loss: 0.1294
epoch 556
train_loss: 0.0517
test_loss: 0.1294
epoch 557
train_loss: 0.0518
test_loss: 0.1296
epoch 558
train_loss: 0.0517
test_loss: 0.1294
epoch 559
train_loss: 0.0516
test_loss: 0.1294
epoch 560
train_loss: 0.0516
test_loss: 0.1294
epoch 561
train_loss: 0.0515
test_loss: 0.1294
epoch 562
train_loss: 0.0515
test_loss: 0.1294
epoch 563
train_loss: 0.0514
test_loss: 0.1294
epoch 564
train_loss: 0.0514
test_loss: 0.1295
epoch 565
train_loss: 0.0513
test_loss: 0.1294
epoch 566
train_loss: 0.0513
test_loss: 0.1295
epoch 567
train_loss: 0.0512
test_loss: 0.1294
epoch 568
train_loss: 0.0512
test_loss: 0.1294
epoch 569
train_loss: 0.0511
test_loss: 0.1294
epoch 570
train_loss: 0.0511
test_loss: 0.1295
epoch 571
train_loss: 0.0510
test_loss: 0.1295
epoch 572
train_loss: 0.0510
test_loss: 0.1295
epoch 573
train_loss: 0.0509
test_loss: 0.1295
epoch 574
train_loss: 0.0509
test_loss: 0.1294
epoch 575
train_loss: 0.0509
test_loss: 0.1295
epoch 576
train_loss: 0.0508
test_loss: 0.1295
epoch 577
train_loss: 0.0508
test_loss: 0.1295
epoch 578
train_loss: 0.0507
test_loss: 0.1294
epoch 579
train_loss: 0.0507
test_loss: 0.1295
epoch 580
train_loss: 0.0506
test_loss: 0.1295
epoch 581
train_loss: 0.0506
test_loss: 0.1295
epoch 582
train_loss: 0.0505
test_loss: 0.1294
epoch 583
train_loss: 0.0505
test_loss: 0.1295
epoch 584
train_loss: 0.0504
test_loss: 0.1294
epoch 585
train_loss: 0.0504
test_loss: 0.1294
epoch 586
train_loss: 0.0503
test_loss: 0.1294
epoch 587
train_loss: 0.0503
test_loss: 0.1294
epoch 588
train_loss: 0.0503
test_loss: 0.1294
epoch 589
train_loss: 0.0502
test_loss: 0.1294
epoch 590
train_loss: 0.0502
test_loss: 0.1294
epoch 591
train_loss: 0.0501
test_loss: 0.1294
epoch 592
train_loss: 0.0501
test_loss: 0.1294
epoch 593
train_loss: 0.0500
test_loss: 0.1294
epoch 594
train_loss: 0.0500
test_loss: 0.1294
epoch 595
train_loss: 0.0499
test_loss: 0.1294
epoch 596
train_loss: 0.0499
test_loss: 0.1294
epoch 597
train_loss: 0.0499
test_loss: 0.1294
epoch 598
train_loss: 0.0497
test_loss: 0.1293
epoch 599
train_loss: 0.0497
test_loss: 0.1294
epoch 600
train_loss: 0.0497
test_loss: 0.1294
epoch 601
train_loss: 0.0496
test_loss: 0.1294
epoch 602
train_loss: 0.0496
test_loss: 0.1294
epoch 603
train_loss: 0.0495
test_loss: 0.1292
epoch 604
train_loss: 0.0495
test_loss: 0.1295
epoch 605
train_loss: 0.0495
test_loss: 0.1294
epoch 606
train_loss: 0.0494
test_loss: 0.1294
epoch 607
train_loss: 0.0494
test_loss: 0.1295
epoch 608
train_loss: 0.0494
test_loss: 0.1293
epoch 609
train_loss: 0.0493
test_loss: 0.1294
epoch 610
train_loss: 0.0492
test_loss: 0.1294
epoch 611
train_loss: 0.0492
test_loss: 0.1294
epoch 612
train_loss: 0.0492
test_loss: 0.1292
epoch 613
train_loss: 0.0492
test_loss: 0.1294
epoch 614
train_loss: 0.0491
test_loss: 0.1293
epoch 615
train_loss: 0.0490
test_loss: 0.1293
epoch 616
train_loss: 0.0490
test_loss: 0.1293
epoch 617
train_loss: 0.0489
test_loss: 0.1294
epoch 618
train_loss: 0.0489
test_loss: 0.1294
epoch 619
train_loss: 0.0489
test_loss: 0.1294
epoch 620
train_loss: 0.0488
test_loss: 0.1293
epoch 621
train_loss: 0.0488
test_loss: 0.1294
epoch 622
train_loss: 0.0487
test_loss: 0.1293
epoch 623
train_loss: 0.0487
test_loss: 0.1293
epoch 624
train_loss: 0.0487
test_loss: 0.1293
epoch 625
train_loss: 0.0487
test_loss: 0.1292
epoch 626
train_loss: 0.0486
test_loss: 0.1293
epoch 627
train_loss: 0.0485
test_loss: 0.1292
epoch 628
train_loss: 0.0485
test_loss: 0.1293
epoch 629
train_loss: 0.0484
test_loss: 0.1293
epoch 630
train_loss: 0.0484
test_loss: 0.1293
epoch 631
train_loss: 0.0483
test_loss: 0.1293
epoch 632
train_loss: 0.0483
test_loss: 0.1292
epoch 633
train_loss: 0.0483
test_loss: 0.1294
epoch 634
train_loss: 0.0482
test_loss: 0.1292
epoch 635
train_loss: 0.0482
test_loss: 0.1293
epoch 636
train_loss: 0.0482
test_loss: 0.1293
epoch 637
train_loss: 0.0481
test_loss: 0.1293
epoch 638
train_loss: 0.0481
test_loss: 0.1293
epoch 639
train_loss: 0.0480
test_loss: 0.1292
epoch 640
train_loss: 0.0480
test_loss: 0.1293
epoch 641
train_loss: 0.0479
test_loss: 0.1292
epoch 642
train_loss: 0.0479
test_loss: 0.1292
epoch 643
train_loss: 0.0479
test_loss: 0.1292
epoch 644
train_loss: 0.0478
test_loss: 0.1292
epoch 645
train_loss: 0.0478
test_loss: 0.1292
epoch 646
train_loss: 0.0478
test_loss: 0.1292
epoch 647
train_loss: 0.0476
test_loss: 0.1292
epoch 648
train_loss: 0.0477
test_loss: 0.1293
epoch 649
train_loss: 0.0476
test_loss: 0.1293
epoch 650
train_loss: 0.0476
test_loss: 0.1292
epoch 651
train_loss: 0.0475
test_loss: 0.1292
epoch 652
train_loss: 0.0475
test_loss: 0.1292
epoch 653
train_loss: 0.0474
test_loss: 0.1292
epoch 654
train_loss: 0.0475
test_loss: 0.1292
epoch 655
train_loss: 0.0474
test_loss: 0.1291
epoch 656
train_loss: 0.0473
test_loss: 0.1292
epoch 657
train_loss: 0.0473
test_loss: 0.1291
epoch 658
train_loss: 0.0473
test_loss: 0.1292
epoch 659
train_loss: 0.0472
test_loss: 0.1291
epoch 660
train_loss: 0.0472
test_loss: 0.1291
epoch 661
train_loss: 0.0471
test_loss: 0.1292
epoch 662
train_loss: 0.0471
test_loss: 0.1291
epoch 663
train_loss: 0.0470
test_loss: 0.1291
epoch 664
train_loss: 0.0470
test_loss: 0.1291
epoch 665
train_loss: 0.0470
test_loss: 0.1291
epoch 666
train_loss: 0.0470
test_loss: 0.1290
epoch 667
train_loss: 0.0469
test_loss: 0.1291
epoch 668
train_loss: 0.0469
test_loss: 0.1291
epoch 669
train_loss: 0.0468
test_loss: 0.1291
epoch 670
train_loss: 0.0468
test_loss: 0.1292
epoch 671
train_loss: 0.0468
test_loss: 0.1292
epoch 672
train_loss: 0.0467
test_loss: 0.1291
epoch 673
train_loss: 0.0467
test_loss: 0.1292
epoch 674
train_loss: 0.0467
test_loss: 0.1291
epoch 675
train_loss: 0.0466
test_loss: 0.1292
epoch 676
train_loss: 0.0466
test_loss: 0.1292
epoch 677
train_loss: 0.0465
test_loss: 0.1291
epoch 678
train_loss: 0.0465
test_loss: 0.1292
epoch 679
train_loss: 0.0465
test_loss: 0.1292
epoch 680
train_loss: 0.0464
test_loss: 0.1292
epoch 681
train_loss: 0.0464
test_loss: 0.1292
epoch 682
train_loss: 0.0463
test_loss: 0.1291
epoch 683
train_loss: 0.0463
test_loss: 0.1292
epoch 684
train_loss: 0.0463
test_loss: 0.1291
epoch 685
train_loss: 0.0462
test_loss: 0.1292
epoch 686
train_loss: 0.0462
test_loss: 0.1292
epoch 687
train_loss: 0.0462
test_loss: 0.1291
epoch 688
train_loss: 0.0461
test_loss: 0.1292
epoch 689
train_loss: 0.0461
test_loss: 0.1291
epoch 690
train_loss: 0.0460
test_loss: 0.1292
epoch 691
train_loss: 0.0460
test_loss: 0.1292
epoch 692
train_loss: 0.0459
test_loss: 0.1292
epoch 693
train_loss: 0.0459
test_loss: 0.1292
epoch 694
train_loss: 0.0459
test_loss: 0.1293
epoch 695
train_loss: 0.0459
test_loss: 0.1291
epoch 696
train_loss: 0.0458
test_loss: 0.1292
epoch 697
train_loss: 0.0458
test_loss: 0.1292
epoch 698
train_loss: 0.0458
test_loss: 0.1291
epoch 699
train_loss: 0.0457
test_loss: 0.1292
epoch 700
train_loss: 0.0457
test_loss: 0.1292
epoch 701
train_loss: 0.0456
test_loss: 0.1291
epoch 702
train_loss: 0.0456
test_loss: 0.1293
epoch 703
train_loss: 0.0456
test_loss: 0.1292
epoch 704
train_loss: 0.0455
test_loss: 0.1292
epoch 705
train_loss: 0.0455
test_loss: 0.1293
epoch 706
train_loss: 0.0455
test_loss: 0.1292
epoch 707
train_loss: 0.0454
test_loss: 0.1293
epoch 708
train_loss: 0.0454
test_loss: 0.1292
epoch 709
train_loss: 0.0454
test_loss: 0.1292
epoch 710
train_loss: 0.0453
test_loss: 0.1293
epoch 711
train_loss: 0.0453
test_loss: 0.1293
epoch 712
train_loss: 0.0453
test_loss: 0.1292
epoch 713
train_loss: 0.0452
test_loss: 0.1293
epoch 714
train_loss: 0.0452
test_loss: 0.1293
epoch 715
train_loss: 0.0451
test_loss: 0.1293
epoch 716
train_loss: 0.0452
test_loss: 0.1294
epoch 717
train_loss: 0.0451
test_loss: 0.1293
epoch 718
train_loss: 0.0451
test_loss: 0.1294
epoch 719
train_loss: 0.0450
test_loss: 0.1294
epoch 720
train_loss: 0.0450
test_loss: 0.1294
epoch 721
train_loss: 0.0449
test_loss: 0.1294
epoch 722
train_loss: 0.0449
test_loss: 0.1294
epoch 723
train_loss: 0.0449
test_loss: 0.1294
epoch 724
train_loss: 0.0449
test_loss: 0.1294
epoch 725
train_loss: 0.0449
test_loss: 0.1294
epoch 726
train_loss: 0.0448
test_loss: 0.1294
epoch 727
train_loss: 0.0447
test_loss: 0.1295
epoch 728
train_loss: 0.0447
test_loss: 0.1295
epoch 729
train_loss: 0.0447
test_loss: 0.1295
epoch 730
train_loss: 0.0447
test_loss: 0.1295
epoch 731
train_loss: 0.0446
test_loss: 0.1295
epoch 732
train_loss: 0.0446
test_loss: 0.1295
epoch 733
train_loss: 0.0446
test_loss: 0.1296
epoch 734
train_loss: 0.0445
test_loss: 0.1296
epoch 735
train_loss: 0.0445
test_loss: 0.1296
epoch 736
train_loss: 0.0445
test_loss: 0.1296
epoch 737
train_loss: 0.0444
test_loss: 0.1296
epoch 738
train_loss: 0.0444
test_loss: 0.1297
epoch 739
train_loss: 0.0444
test_loss: 0.1296
epoch 740
train_loss: 0.0443
test_loss: 0.1296
epoch 741
train_loss: 0.0443
test_loss: 0.1297
epoch 742
train_loss: 0.0443
test_loss: 0.1297
epoch 743
train_loss: 0.0442
test_loss: 0.1297
epoch 744
train_loss: 0.0442
test_loss: 0.1297
epoch 745
train_loss: 0.0442
test_loss: 0.1298
epoch 746
train_loss: 0.0442
test_loss: 0.1298
epoch 747
train_loss: 0.0441
test_loss: 0.1298
epoch 748
train_loss: 0.0441
test_loss: 0.1298
epoch 749
train_loss: 0.0441
test_loss: 0.1298
epoch 750
train_loss: 0.0440
test_loss: 0.1299
epoch 751
train_loss: 0.0440
test_loss: 0.1298
epoch 752
train_loss: 0.0440
test_loss: 0.1298
epoch 753
train_loss: 0.0439
test_loss: 0.1299
epoch 754
train_loss: 0.0439
test_loss: 0.1299
epoch 755
train_loss: 0.0439
test_loss: 0.1299
epoch 756
train_loss: 0.0438
test_loss: 0.1299
epoch 757
train_loss: 0.0438
test_loss: 0.1299
epoch 758
train_loss: 0.0438
test_loss: 0.1299
epoch 759
train_loss: 0.0437
test_loss: 0.1299
epoch 760
train_loss: 0.0437
test_loss: 0.1300
epoch 761
train_loss: 0.0436
test_loss: 0.1299
epoch 762
train_loss: 0.0436
test_loss: 0.1300
epoch 763
train_loss: 0.0436
test_loss: 0.1299
epoch 764
train_loss: 0.0436
test_loss: 0.1301
epoch 765
train_loss: 0.0436
test_loss: 0.1300
epoch 766
train_loss: 0.0435
test_loss: 0.1300
epoch 767
train_loss: 0.0435
test_loss: 0.1300
epoch 768
train_loss: 0.0435
test_loss: 0.1301
epoch 769
train_loss: 0.0434
test_loss: 0.1300
epoch 770
train_loss: 0.0434
test_loss: 0.1300
epoch 771
train_loss: 0.0434
test_loss: 0.1300
epoch 772
train_loss: 0.0434
test_loss: 0.1300
epoch 773
train_loss: 0.0433
test_loss: 0.1301
epoch 774
train_loss: 0.0433
test_loss: 0.1301
epoch 775
train_loss: 0.0433
test_loss: 0.1300
epoch 776
train_loss: 0.0432
test_loss: 0.1301
epoch 777
train_loss: 0.0432
test_loss: 0.1301
epoch 778
train_loss: 0.0432
test_loss: 0.1301
epoch 779
train_loss: 0.0432
test_loss: 0.1302
epoch 780
train_loss: 0.0432
test_loss: 0.1301
epoch 781
train_loss: 0.0431
test_loss: 0.1301
epoch 782
train_loss: 0.0431
test_loss: 0.1302
epoch 783
train_loss: 0.0430
test_loss: 0.1301
epoch 784
train_loss: 0.0430
test_loss: 0.1302
epoch 785
train_loss: 0.0429
test_loss: 0.1301
epoch 786
train_loss: 0.0430
test_loss: 0.1302
epoch 787
train_loss: 0.0429
test_loss: 0.1302
epoch 788
train_loss: 0.0429
test_loss: 0.1302
epoch 789
train_loss: 0.0429
test_loss: 0.1301
/home/xueqiong/noise_injection_uncertainty/regression/utils.py:39: FutureWarning: The 'delim_whitespace' keyword in pd.read_csv is deprecated and will be removed in a future version. Use ``sep='\s+'`` instead
  return pd.read_csv(dataset_path, engine='python', header=None, delim_whitespace=True)
8 1
614 154 768
model_name FCN
using Adam as optimizer
epoch 0
train_loss: 0.9591
test_loss: 0.9333
epoch 1
train_loss: 0.9029
test_loss: 0.8785
epoch 2
train_loss: 0.8479
test_loss: 0.8243
epoch 3
train_loss: 0.7931
test_loss: 0.7694
epoch 4
train_loss: 0.7375
test_loss: 0.7132
epoch 5
train_loss: 0.6806
test_loss: 0.6559
epoch 6
train_loss: 0.6224
test_loss: 0.5976
epoch 7
train_loss: 0.5638
test_loss: 0.5395
epoch 8
train_loss: 0.5057
test_loss: 0.4828
epoch 9
train_loss: 0.4493
test_loss: 0.4292
epoch 10
train_loss: 0.3958
test_loss: 0.3794
epoch 11
train_loss: 0.3465
test_loss: 0.3346
epoch 12
train_loss: 0.3026
test_loss: 0.2954
epoch 13
train_loss: 0.2645
test_loss: 0.2620
epoch 14
train_loss: 0.2326
test_loss: 0.2345
epoch 15
train_loss: 0.2064
test_loss: 0.2122
epoch 16
train_loss: 0.1854
test_loss: 0.1945
epoch 17
train_loss: 0.1687
test_loss: 0.1805
epoch 18
train_loss: 0.1557
test_loss: 0.1693
epoch 19
train_loss: 0.1454
test_loss: 0.1603
epoch 20
train_loss: 0.1372
test_loss: 0.1527
epoch 21
train_loss: 0.1304
test_loss: 0.1463
epoch 22
train_loss: 0.1246
test_loss: 0.1406
epoch 23
train_loss: 0.1197
test_loss: 0.1356
epoch 24
train_loss: 0.1154
test_loss: 0.1310
epoch 25
train_loss: 0.1116
test_loss: 0.1269
epoch 26
train_loss: 0.1083
test_loss: 0.1232
epoch 27
train_loss: 0.1054
test_loss: 0.1199
epoch 28
train_loss: 0.1028
test_loss: 0.1170
epoch 29
train_loss: 0.1005
test_loss: 0.1143
epoch 30
train_loss: 0.0984
test_loss: 0.1119
epoch 31
train_loss: 0.0965
test_loss: 0.1096
epoch 32
train_loss: 0.0947
test_loss: 0.1076
epoch 33
train_loss: 0.0931
test_loss: 0.1057
epoch 34
train_loss: 0.0916
test_loss: 0.1040
epoch 35
train_loss: 0.0902
test_loss: 0.1024
epoch 36
train_loss: 0.0890
test_loss: 0.1009
epoch 37
train_loss: 0.0878
test_loss: 0.0996
epoch 38
train_loss: 0.0867
test_loss: 0.0984
epoch 39
train_loss: 0.0856
test_loss: 0.0972
epoch 40
train_loss: 0.0847
test_loss: 0.0962
epoch 41
train_loss: 0.0837
test_loss: 0.0952
epoch 42
train_loss: 0.0829
test_loss: 0.0943
epoch 43
train_loss: 0.0820
test_loss: 0.0934
epoch 44
train_loss: 0.0812
test_loss: 0.0925
epoch 45
train_loss: 0.0804
test_loss: 0.0917
epoch 46
train_loss: 0.0796
test_loss: 0.0910
epoch 47
train_loss: 0.0789
test_loss: 0.0902
epoch 48
train_loss: 0.0782
test_loss: 0.0895
epoch 49
train_loss: 0.0775
test_loss: 0.0888
epoch 50
train_loss: 0.0768
test_loss: 0.0881
epoch 51
train_loss: 0.0761
test_loss: 0.0875
epoch 52
train_loss: 0.0755
test_loss: 0.0869
epoch 53
train_loss: 0.0748
test_loss: 0.0863
epoch 54
train_loss: 0.0742
test_loss: 0.0858
epoch 55
train_loss: 0.0735
test_loss: 0.0852
epoch 56
train_loss: 0.0729
test_loss: 0.0846
epoch 57
train_loss: 0.0723
test_loss: 0.0840
epoch 58
train_loss: 0.0717
test_loss: 0.0835
epoch 59
train_loss: 0.0711
test_loss: 0.0831
epoch 60
train_loss: 0.0706
test_loss: 0.0826
epoch 61
train_loss: 0.0701
test_loss: 0.0822
epoch 62
train_loss: 0.0695
test_loss: 0.0817
epoch 63
train_loss: 0.0690
test_loss: 0.0813
epoch 64
train_loss: 0.0685
test_loss: 0.0809
epoch 65
train_loss: 0.0680
test_loss: 0.0805
epoch 66
train_loss: 0.0675
test_loss: 0.0802
epoch 67
train_loss: 0.0671
test_loss: 0.0798
epoch 68
train_loss: 0.0666
test_loss: 0.0795
epoch 69
train_loss: 0.0662
test_loss: 0.0791
epoch 70
train_loss: 0.0658
test_loss: 0.0788
epoch 71
train_loss: 0.0654
test_loss: 0.0785
epoch 72
train_loss: 0.0650
test_loss: 0.0782
epoch 73
train_loss: 0.0646
test_loss: 0.0779
epoch 74
train_loss: 0.0642
test_loss: 0.0776
epoch 75
train_loss: 0.0638
test_loss: 0.0773
epoch 76
train_loss: 0.0634
test_loss: 0.0770
epoch 77
train_loss: 0.0631
test_loss: 0.0768
epoch 78
train_loss: 0.0627
test_loss: 0.0765
epoch 79
train_loss: 0.0624
test_loss: 0.0763
epoch 80
train_loss: 0.0621
test_loss: 0.0760
epoch 81
train_loss: 0.0617
test_loss: 0.0758
epoch 82
train_loss: 0.0614
test_loss: 0.0756
epoch 83
train_loss: 0.0611
test_loss: 0.0754
epoch 84
train_loss: 0.0608
test_loss: 0.0752
epoch 85
train_loss: 0.0605
test_loss: 0.0750
epoch 86
train_loss: 0.0602
test_loss: 0.0748
epoch 87
train_loss: 0.0599
test_loss: 0.0746
epoch 88
train_loss: 0.0596
test_loss: 0.0744
epoch 89
train_loss: 0.0594
test_loss: 0.0742
epoch 90
train_loss: 0.0591
test_loss: 0.0741
epoch 91
train_loss: 0.0588
test_loss: 0.0739
epoch 92
train_loss: 0.0585
test_loss: 0.0737
epoch 93
train_loss: 0.0583
test_loss: 0.0736
epoch 94
train_loss: 0.0580
test_loss: 0.0734
epoch 95
train_loss: 0.0578
test_loss: 0.0733
epoch 96
train_loss: 0.0575
test_loss: 0.0731
epoch 97
train_loss: 0.0573
test_loss: 0.0730
epoch 98
train_loss: 0.0571
test_loss: 0.0728
epoch 99
train_loss: 0.0568
test_loss: 0.0727
epoch 100
train_loss: 0.0566
test_loss: 0.0725
epoch 101
train_loss: 0.0564
test_loss: 0.0724
epoch 102
train_loss: 0.0561
test_loss: 0.0722
epoch 103
train_loss: 0.0559
test_loss: 0.0721
epoch 104
train_loss: 0.0557
test_loss: 0.0719
epoch 105
train_loss: 0.0555
test_loss: 0.0717
epoch 106
train_loss: 0.0553
test_loss: 0.0716
epoch 107
train_loss: 0.0551
test_loss: 0.0714
epoch 108
train_loss: 0.0548
test_loss: 0.0713
epoch 109
train_loss: 0.0546
test_loss: 0.0711
epoch 110
train_loss: 0.0544
test_loss: 0.0710
epoch 111
train_loss: 0.0542
test_loss: 0.0709
epoch 112
train_loss: 0.0540
test_loss: 0.0708
epoch 113
train_loss: 0.0538
test_loss: 0.0706
epoch 114
train_loss: 0.0536
test_loss: 0.0705
epoch 115
train_loss: 0.0534
test_loss: 0.0703
epoch 116
train_loss: 0.0532
test_loss: 0.0702
epoch 117
train_loss: 0.0530
test_loss: 0.0700
epoch 118
train_loss: 0.0528
test_loss: 0.0699
epoch 119
train_loss: 0.0527
test_loss: 0.0698
epoch 120
train_loss: 0.0525
test_loss: 0.0696
epoch 121
train_loss: 0.0523
test_loss: 0.0695
epoch 122
train_loss: 0.0521
test_loss: 0.0694
epoch 123
train_loss: 0.0519
test_loss: 0.0692
epoch 124
train_loss: 0.0517
test_loss: 0.0691
epoch 125
train_loss: 0.0515
test_loss: 0.0690
epoch 126
train_loss: 0.0513
test_loss: 0.0688
epoch 127
train_loss: 0.0511
test_loss: 0.0687
epoch 128
train_loss: 0.0509
test_loss: 0.0685
epoch 129
train_loss: 0.0507
test_loss: 0.0685
epoch 130
train_loss: 0.0505
test_loss: 0.0683
epoch 131
train_loss: 0.0504
test_loss: 0.0682
epoch 132
train_loss: 0.0502
test_loss: 0.0681
epoch 133
train_loss: 0.0500
test_loss: 0.0679
epoch 134
train_loss: 0.0498
test_loss: 0.0678
epoch 135
train_loss: 0.0496
test_loss: 0.0677
epoch 136
train_loss: 0.0494
test_loss: 0.0675
epoch 137
train_loss: 0.0492
test_loss: 0.0674
epoch 138
train_loss: 0.0490
test_loss: 0.0672
epoch 139
train_loss: 0.0488
test_loss: 0.0671
epoch 140
train_loss: 0.0486
test_loss: 0.0670
epoch 141
train_loss: 0.0484
test_loss: 0.0668
epoch 142
train_loss: 0.0482
test_loss: 0.0667
epoch 143
train_loss: 0.0481
test_loss: 0.0665
epoch 144
train_loss: 0.0479
test_loss: 0.0663
epoch 145
train_loss: 0.0477
test_loss: 0.0661
epoch 146
train_loss: 0.0475
test_loss: 0.0660
epoch 147
train_loss: 0.0473
test_loss: 0.0658
epoch 148
train_loss: 0.0472
test_loss: 0.0657
epoch 149
train_loss: 0.0470
test_loss: 0.0655
epoch 150
train_loss: 0.0468
test_loss: 0.0654
epoch 151
train_loss: 0.0466
test_loss: 0.0652
epoch 152
train_loss: 0.0465
test_loss: 0.0651
epoch 153
train_loss: 0.0463
test_loss: 0.0649
epoch 154
train_loss: 0.0461
test_loss: 0.0648
epoch 155
train_loss: 0.0460
test_loss: 0.0646
epoch 156
train_loss: 0.0458
test_loss: 0.0645
epoch 157
train_loss: 0.0456
test_loss: 0.0643
epoch 158
train_loss: 0.0454
test_loss: 0.0642
epoch 159
train_loss: 0.0453
test_loss: 0.0640
epoch 160
train_loss: 0.0451
test_loss: 0.0639
epoch 161
train_loss: 0.0449
test_loss: 0.0637
epoch 162
train_loss: 0.0447
test_loss: 0.0635
epoch 163
train_loss: 0.0446
test_loss: 0.0634
epoch 164
train_loss: 0.0444
test_loss: 0.0633
epoch 165
train_loss: 0.0442
test_loss: 0.0631
epoch 166
train_loss: 0.0440
test_loss: 0.0630
epoch 167
train_loss: 0.0439
test_loss: 0.0628
epoch 168
train_loss: 0.0437
test_loss: 0.0627
epoch 169
train_loss: 0.0435
test_loss: 0.0626
epoch 170
train_loss: 0.0434
test_loss: 0.0625
epoch 171
train_loss: 0.0432
test_loss: 0.0623
epoch 172
train_loss: 0.0430
test_loss: 0.0622
epoch 173
train_loss: 0.0429
test_loss: 0.0620
epoch 174
train_loss: 0.0427
test_loss: 0.0619
epoch 175
train_loss: 0.0425
test_loss: 0.0617
epoch 176
train_loss: 0.0424
test_loss: 0.0616
epoch 177
train_loss: 0.0422
test_loss: 0.0614
epoch 178
train_loss: 0.0421
test_loss: 0.0613
epoch 179
train_loss: 0.0419
test_loss: 0.0612
epoch 180
train_loss: 0.0417
test_loss: 0.0610
epoch 181
train_loss: 0.0416
test_loss: 0.0609
epoch 182
train_loss: 0.0414
test_loss: 0.0608
epoch 183
train_loss: 0.0413
test_loss: 0.0606
epoch 184
train_loss: 0.0411
test_loss: 0.0605
epoch 185
train_loss: 0.0409
test_loss: 0.0603
epoch 186
train_loss: 0.0408
test_loss: 0.0602
epoch 187
train_loss: 0.0406
test_loss: 0.0600
epoch 188
train_loss: 0.0404
test_loss: 0.0599
epoch 189
train_loss: 0.0403
test_loss: 0.0598
epoch 190
train_loss: 0.0401
test_loss: 0.0596
epoch 191
train_loss: 0.0400
test_loss: 0.0595
epoch 192
train_loss: 0.0398
test_loss: 0.0594
epoch 193
train_loss: 0.0396
test_loss: 0.0592
epoch 194
train_loss: 0.0395
test_loss: 0.0591
epoch 195
train_loss: 0.0393
test_loss: 0.0589
epoch 196
train_loss: 0.0391
test_loss: 0.0587
epoch 197
train_loss: 0.0389
test_loss: 0.0586
epoch 198
train_loss: 0.0387
test_loss: 0.0584
epoch 199
train_loss: 0.0386
test_loss: 0.0582
epoch 200
train_loss: 0.0384
test_loss: 0.0580
epoch 201
train_loss: 0.0382
test_loss: 0.0579
epoch 202
train_loss: 0.0380
test_loss: 0.0577
epoch 203
train_loss: 0.0378
test_loss: 0.0575
epoch 204
train_loss: 0.0376
test_loss: 0.0574
epoch 205
train_loss: 0.0375
test_loss: 0.0573
epoch 206
train_loss: 0.0373
test_loss: 0.0571
epoch 207
train_loss: 0.0371
test_loss: 0.0569
epoch 208
train_loss: 0.0369
test_loss: 0.0568
epoch 209
train_loss: 0.0368
test_loss: 0.0567
epoch 210
train_loss: 0.0366
test_loss: 0.0565
epoch 211
train_loss: 0.0364
test_loss: 0.0564
epoch 212
train_loss: 0.0362
test_loss: 0.0563
epoch 213
train_loss: 0.0361
test_loss: 0.0561
epoch 214
train_loss: 0.0359
test_loss: 0.0560
epoch 215
train_loss: 0.0357
test_loss: 0.0558
epoch 216
train_loss: 0.0356
test_loss: 0.0557
epoch 217
train_loss: 0.0354
test_loss: 0.0555
epoch 218
train_loss: 0.0352
test_loss: 0.0554
epoch 219
train_loss: 0.0351
test_loss: 0.0552
epoch 220
train_loss: 0.0349
test_loss: 0.0551
epoch 221
train_loss: 0.0347
test_loss: 0.0550
epoch 222
train_loss: 0.0346
test_loss: 0.0549
epoch 223
train_loss: 0.0344
test_loss: 0.0547
epoch 224
train_loss: 0.0342
test_loss: 0.0546
epoch 225
train_loss: 0.0341
test_loss: 0.0545
epoch 226
train_loss: 0.0339
test_loss: 0.0544
epoch 227
train_loss: 0.0338
test_loss: 0.0542
epoch 228
train_loss: 0.0336
test_loss: 0.0541
epoch 229
train_loss: 0.0334
test_loss: 0.0540
epoch 230
train_loss: 0.0333
test_loss: 0.0538
epoch 231
train_loss: 0.0331
test_loss: 0.0537
epoch 232
train_loss: 0.0330
test_loss: 0.0536
epoch 233
train_loss: 0.0328
test_loss: 0.0535
epoch 234
train_loss: 0.0326
test_loss: 0.0533
epoch 235
train_loss: 0.0325
test_loss: 0.0532
epoch 236
train_loss: 0.0323
test_loss: 0.0531
epoch 237
train_loss: 0.0322
test_loss: 0.0530
epoch 238
train_loss: 0.0320
test_loss: 0.0528
epoch 239
train_loss: 0.0319
test_loss: 0.0527
epoch 240
train_loss: 0.0317
test_loss: 0.0525
epoch 241
train_loss: 0.0315
test_loss: 0.0524
epoch 242
train_loss: 0.0314
test_loss: 0.0523
epoch 243
train_loss: 0.0312
test_loss: 0.0522
epoch 244
train_loss: 0.0311
test_loss: 0.0520
epoch 245
train_loss: 0.0309
test_loss: 0.0519
epoch 246
train_loss: 0.0308
test_loss: 0.0518
epoch 247
train_loss: 0.0306
test_loss: 0.0517
epoch 248
train_loss: 0.0305
test_loss: 0.0516
epoch 249
train_loss: 0.0303
test_loss: 0.0515
epoch 250
train_loss: 0.0302
test_loss: 0.0513
epoch 251
train_loss: 0.0300
test_loss: 0.0511
epoch 252
train_loss: 0.0299
test_loss: 0.0510
epoch 253
train_loss: 0.0297
test_loss: 0.0508
epoch 254
train_loss: 0.0296
test_loss: 0.0507
epoch 255
train_loss: 0.0294
test_loss: 0.0506
epoch 256
train_loss: 0.0293
test_loss: 0.0504
epoch 257
train_loss: 0.0292
test_loss: 0.0503
epoch 258
train_loss: 0.0290
test_loss: 0.0501
epoch 259
train_loss: 0.0289
test_loss: 0.0500
epoch 260
train_loss: 0.0288
test_loss: 0.0498
epoch 261
train_loss: 0.0286
test_loss: 0.0497
epoch 262
train_loss: 0.0285
test_loss: 0.0496
epoch 263
train_loss: 0.0283
test_loss: 0.0495
epoch 264
train_loss: 0.0282
test_loss: 0.0493
epoch 265
train_loss: 0.0281
test_loss: 0.0492
epoch 266
train_loss: 0.0279
test_loss: 0.0491
epoch 267
train_loss: 0.0278
test_loss: 0.0490
epoch 268
train_loss: 0.0277
test_loss: 0.0488
epoch 269
train_loss: 0.0276
test_loss: 0.0487
epoch 270
train_loss: 0.0274
test_loss: 0.0486
epoch 271
train_loss: 0.0273
test_loss: 0.0484
epoch 272
train_loss: 0.0272
test_loss: 0.0483
epoch 273
train_loss: 0.0270
test_loss: 0.0482
epoch 274
train_loss: 0.0269
test_loss: 0.0480
epoch 275
train_loss: 0.0268
test_loss: 0.0479
epoch 276
train_loss: 0.0267
test_loss: 0.0478
epoch 277
train_loss: 0.0265
test_loss: 0.0476
epoch 278
train_loss: 0.0264
test_loss: 0.0475
epoch 279
train_loss: 0.0263
test_loss: 0.0473
epoch 280
train_loss: 0.0262
test_loss: 0.0472
epoch 281
train_loss: 0.0260
test_loss: 0.0470
epoch 282
train_loss: 0.0259
test_loss: 0.0469
epoch 283
train_loss: 0.0258
test_loss: 0.0468
epoch 284
train_loss: 0.0257
test_loss: 0.0466
epoch 285
train_loss: 0.0255
test_loss: 0.0465
epoch 286
train_loss: 0.0254
test_loss: 0.0464
epoch 287
train_loss: 0.0253
test_loss: 0.0462
epoch 288
train_loss: 0.0252
test_loss: 0.0461
epoch 289
train_loss: 0.0251
test_loss: 0.0459
epoch 290
train_loss: 0.0249
test_loss: 0.0458
epoch 291
train_loss: 0.0248
test_loss: 0.0457
epoch 292
train_loss: 0.0247
test_loss: 0.0455
epoch 293
train_loss: 0.0246
test_loss: 0.0454
epoch 294
train_loss: 0.0245
test_loss: 0.0453
epoch 295
train_loss: 0.0243
test_loss: 0.0451
epoch 296
train_loss: 0.0242
test_loss: 0.0450
epoch 297
train_loss: 0.0241
test_loss: 0.0449
epoch 298
train_loss: 0.0240
test_loss: 0.0448
epoch 299
train_loss: 0.0239
test_loss: 0.0446
epoch 300
train_loss: 0.0238
test_loss: 0.0445
epoch 301
train_loss: 0.0236
test_loss: 0.0444
epoch 302
train_loss: 0.0235
test_loss: 0.0443
epoch 303
train_loss: 0.0234
test_loss: 0.0441
epoch 304
train_loss: 0.0233
test_loss: 0.0440
epoch 305
train_loss: 0.0232
test_loss: 0.0439
epoch 306
train_loss: 0.0231
test_loss: 0.0438
epoch 307
train_loss: 0.0229
test_loss: 0.0436
epoch 308
train_loss: 0.0228
test_loss: 0.0435
epoch 309
train_loss: 0.0227
test_loss: 0.0434
epoch 310
train_loss: 0.0226
test_loss: 0.0433
epoch 311
train_loss: 0.0225
test_loss: 0.0432
epoch 312
train_loss: 0.0224
test_loss: 0.0431
epoch 313
train_loss: 0.0223
test_loss: 0.0429
epoch 314
train_loss: 0.0222
test_loss: 0.0428
epoch 315
train_loss: 0.0220
test_loss: 0.0427
epoch 316
train_loss: 0.0219
test_loss: 0.0426
epoch 317
train_loss: 0.0218
test_loss: 0.0425
epoch 318
train_loss: 0.0217
test_loss: 0.0424
epoch 319
train_loss: 0.0216
test_loss: 0.0422
epoch 320
train_loss: 0.0215
test_loss: 0.0421
epoch 321
train_loss: 0.0214
test_loss: 0.0420
epoch 322
train_loss: 0.0213
test_loss: 0.0420
epoch 323
train_loss: 0.0212
test_loss: 0.0418
epoch 324
train_loss: 0.0211
test_loss: 0.0417
epoch 325
train_loss: 0.0210
test_loss: 0.0416
epoch 326
train_loss: 0.0209
test_loss: 0.0415
epoch 327
train_loss: 0.0208
test_loss: 0.0414
epoch 328
train_loss: 0.0207
test_loss: 0.0413
epoch 329
train_loss: 0.0206
test_loss: 0.0411
epoch 330
train_loss: 0.0205
test_loss: 0.0410
epoch 331
train_loss: 0.0204
test_loss: 0.0409
epoch 332
train_loss: 0.0203
test_loss: 0.0408
epoch 333
train_loss: 0.0202
test_loss: 0.0407
epoch 334
train_loss: 0.0201
test_loss: 0.0405
epoch 335
train_loss: 0.0200
test_loss: 0.0405
epoch 336
train_loss: 0.0199
test_loss: 0.0403
epoch 337
train_loss: 0.0198
test_loss: 0.0402
epoch 338
train_loss: 0.0197
test_loss: 0.0401
epoch 339
train_loss: 0.0196
test_loss: 0.0400
epoch 340
train_loss: 0.0196
test_loss: 0.0399
epoch 341
train_loss: 0.0195
test_loss: 0.0398
epoch 342
train_loss: 0.0194
test_loss: 0.0397
epoch 343
train_loss: 0.0193
test_loss: 0.0396
epoch 344
train_loss: 0.0192
test_loss: 0.0395
epoch 345
train_loss: 0.0191
test_loss: 0.0394
epoch 346
train_loss: 0.0190
test_loss: 0.0393
epoch 347
train_loss: 0.0189
test_loss: 0.0392
epoch 348
train_loss: 0.0189
test_loss: 0.0392
epoch 349
train_loss: 0.0188
test_loss: 0.0391
epoch 350
train_loss: 0.0187
test_loss: 0.0390
epoch 351
train_loss: 0.0186
test_loss: 0.0389
epoch 352
train_loss: 0.0185
test_loss: 0.0388
epoch 353
train_loss: 0.0184
test_loss: 0.0387
epoch 354
train_loss: 0.0184
test_loss: 0.0386
epoch 355
train_loss: 0.0183
test_loss: 0.0385
epoch 356
train_loss: 0.0182
test_loss: 0.0385
epoch 357
train_loss: 0.0181
test_loss: 0.0384
epoch 358
train_loss: 0.0180
test_loss: 0.0383
epoch 359
train_loss: 0.0179
test_loss: 0.0382
epoch 360
train_loss: 0.0179
test_loss: 0.0381
epoch 361
train_loss: 0.0178
test_loss: 0.0380
epoch 362
train_loss: 0.0177
test_loss: 0.0379
epoch 363
train_loss: 0.0176
test_loss: 0.0378
epoch 364
train_loss: 0.0175
test_loss: 0.0378
epoch 365
train_loss: 0.0175
test_loss: 0.0377
epoch 366
train_loss: 0.0174
test_loss: 0.0376
epoch 367
train_loss: 0.0173
test_loss: 0.0375
epoch 368
train_loss: 0.0172
test_loss: 0.0374
epoch 369
train_loss: 0.0172
test_loss: 0.0373
epoch 370
train_loss: 0.0171
test_loss: 0.0372
epoch 371
train_loss: 0.0170
test_loss: 0.0371
epoch 372
train_loss: 0.0169
test_loss: 0.0370
epoch 373
train_loss: 0.0169
test_loss: 0.0370
epoch 374
train_loss: 0.0168
test_loss: 0.0369
epoch 375
train_loss: 0.0167
test_loss: 0.0368
epoch 376
train_loss: 0.0166
test_loss: 0.0367
epoch 377
train_loss: 0.0166
test_loss: 0.0366
epoch 378
train_loss: 0.0165
test_loss: 0.0365
epoch 379
train_loss: 0.0164
test_loss: 0.0364
epoch 380
train_loss: 0.0163
test_loss: 0.0363
epoch 381
train_loss: 0.0163
test_loss: 0.0363
epoch 382
train_loss: 0.0162
test_loss: 0.0362
epoch 383
train_loss: 0.0161
test_loss: 0.0361
epoch 384
train_loss: 0.0161
test_loss: 0.0360
epoch 385
train_loss: 0.0160
test_loss: 0.0360
epoch 386
train_loss: 0.0159
test_loss: 0.0358
epoch 387
train_loss: 0.0158
test_loss: 0.0358
epoch 388
train_loss: 0.0158
test_loss: 0.0357
epoch 389
train_loss: 0.0157
test_loss: 0.0356
epoch 390
train_loss: 0.0156
test_loss: 0.0355
epoch 391
train_loss: 0.0156
test_loss: 0.0354
epoch 392
train_loss: 0.0155
test_loss: 0.0354
epoch 393
train_loss: 0.0154
test_loss: 0.0353
epoch 394
train_loss: 0.0153
test_loss: 0.0352
epoch 395
train_loss: 0.0153
test_loss: 0.0351
epoch 396
train_loss: 0.0152
test_loss: 0.0350
epoch 397
train_loss: 0.0151
test_loss: 0.0350
epoch 398
train_loss: 0.0151
test_loss: 0.0348
epoch 399
train_loss: 0.0150
test_loss: 0.0348
epoch 400
train_loss: 0.0149
test_loss: 0.0347
epoch 401
train_loss: 0.0149
test_loss: 0.0346
epoch 402
train_loss: 0.0148
test_loss: 0.0345
epoch 403
train_loss: 0.0147
test_loss: 0.0344
epoch 404
train_loss: 0.0146
test_loss: 0.0344
epoch 405
train_loss: 0.0146
test_loss: 0.0343
epoch 406
train_loss: 0.0145
test_loss: 0.0342
epoch 407
train_loss: 0.0144
test_loss: 0.0341
epoch 408
train_loss: 0.0144
test_loss: 0.0340
epoch 409
train_loss: 0.0143
test_loss: 0.0340
epoch 410
train_loss: 0.0142
test_loss: 0.0339
epoch 411
train_loss: 0.0142
test_loss: 0.0338
epoch 412
train_loss: 0.0141
test_loss: 0.0337
epoch 413
train_loss: 0.0140
test_loss: 0.0336
epoch 414
train_loss: 0.0140
test_loss: 0.0335
epoch 415
train_loss: 0.0139
test_loss: 0.0335
epoch 416
train_loss: 0.0138
test_loss: 0.0334
epoch 417
train_loss: 0.0137
test_loss: 0.0333
epoch 418
train_loss: 0.0137
test_loss: 0.0332
epoch 419
train_loss: 0.0136
test_loss: 0.0331
epoch 420
train_loss: 0.0135
test_loss: 0.0330
epoch 421
train_loss: 0.0135
test_loss: 0.0330
epoch 422
train_loss: 0.0134
test_loss: 0.0328
epoch 423
train_loss: 0.0133
test_loss: 0.0328
epoch 424
train_loss: 0.0133
test_loss: 0.0327
epoch 425
train_loss: 0.0132
test_loss: 0.0325
epoch 426
train_loss: 0.0131
test_loss: 0.0325
epoch 427
train_loss: 0.0131
test_loss: 0.0324
epoch 428
train_loss: 0.0130
test_loss: 0.0323
epoch 429
train_loss: 0.0129
test_loss: 0.0322
epoch 430
train_loss: 0.0129
test_loss: 0.0321
epoch 431
train_loss: 0.0128
test_loss: 0.0320
epoch 432
train_loss: 0.0127
test_loss: 0.0319
epoch 433
train_loss: 0.0126
test_loss: 0.0318
epoch 434
train_loss: 0.0126
test_loss: 0.0317
epoch 435
train_loss: 0.0125
test_loss: 0.0316
epoch 436
train_loss: 0.0124
test_loss: 0.0316
epoch 437
train_loss: 0.0124
test_loss: 0.0315
epoch 438
train_loss: 0.0123
test_loss: 0.0314
epoch 439
train_loss: 0.0122
test_loss: 0.0313
epoch 440
train_loss: 0.0122
test_loss: 0.0312
epoch 441
train_loss: 0.0121
test_loss: 0.0310
epoch 442
train_loss: 0.0120
test_loss: 0.0310
epoch 443
train_loss: 0.0119
test_loss: 0.0309
epoch 444
train_loss: 0.0119
test_loss: 0.0308
epoch 445
train_loss: 0.0118
test_loss: 0.0307
epoch 446
train_loss: 0.0117
test_loss: 0.0306
epoch 447
train_loss: 0.0117
test_loss: 0.0305
epoch 448
train_loss: 0.0116
test_loss: 0.0304
epoch 449
train_loss: 0.0115
test_loss: 0.0303
epoch 450
train_loss: 0.0115
test_loss: 0.0303
epoch 451
train_loss: 0.0114
test_loss: 0.0302
epoch 452
train_loss: 0.0113
test_loss: 0.0301
epoch 453
train_loss: 0.0112
test_loss: 0.0300
epoch 454
train_loss: 0.0112
test_loss: 0.0299
epoch 455
train_loss: 0.0111
test_loss: 0.0299
epoch 456
train_loss: 0.0110
test_loss: 0.0297
epoch 457
train_loss: 0.0109
test_loss: 0.0297
epoch 458
train_loss: 0.0109
test_loss: 0.0296
epoch 459
train_loss: 0.0108
test_loss: 0.0295
epoch 460
train_loss: 0.0107
test_loss: 0.0294
epoch 461
train_loss: 0.0106
test_loss: 0.0293
epoch 462
train_loss: 0.0106
test_loss: 0.0292
epoch 463
train_loss: 0.0105
test_loss: 0.0290
epoch 464
train_loss: 0.0104
test_loss: 0.0290
epoch 465
train_loss: 0.0103
test_loss: 0.0288
epoch 466
train_loss: 0.0102
test_loss: 0.0288
epoch 467
train_loss: 0.0102
test_loss: 0.0287
epoch 468
train_loss: 0.0101
test_loss: 0.0286
epoch 469
train_loss: 0.0100
test_loss: 0.0284
epoch 470
train_loss: 0.0099
test_loss: 0.0284
epoch 471
train_loss: 0.0098
test_loss: 0.0282
epoch 472
train_loss: 0.0098
test_loss: 0.0281
epoch 473
train_loss: 0.0097
test_loss: 0.0280
epoch 474
train_loss: 0.0096
test_loss: 0.0279
epoch 475
train_loss: 0.0095
test_loss: 0.0278
epoch 476
train_loss: 0.0094
test_loss: 0.0278
epoch 477
train_loss: 0.0094
test_loss: 0.0276
epoch 478
train_loss: 0.0093
test_loss: 0.0276
epoch 479
train_loss: 0.0092
test_loss: 0.0275
epoch 480
train_loss: 0.0091
test_loss: 0.0273
epoch 481
train_loss: 0.0091
test_loss: 0.0273
epoch 482
train_loss: 0.0090
test_loss: 0.0271
epoch 483
train_loss: 0.0089
test_loss: 0.0271
epoch 484
train_loss: 0.0088
test_loss: 0.0270
epoch 485
train_loss: 0.0087
test_loss: 0.0268
epoch 486
train_loss: 0.0087
test_loss: 0.0268
epoch 487
train_loss: 0.0086
test_loss: 0.0266
epoch 488
train_loss: 0.0085
test_loss: 0.0265
epoch 489
train_loss: 0.0084
test_loss: 0.0264
epoch 490
train_loss: 0.0084
test_loss: 0.0263
epoch 491
train_loss: 0.0083
test_loss: 0.0262
epoch 492
train_loss: 0.0082
test_loss: 0.0261
epoch 493
train_loss: 0.0081
test_loss: 0.0260
epoch 494
train_loss: 0.0081
test_loss: 0.0259
epoch 495
train_loss: 0.0080
test_loss: 0.0258
epoch 496
train_loss: 0.0079
test_loss: 0.0257
epoch 497
train_loss: 0.0078
test_loss: 0.0256
epoch 498
train_loss: 0.0078
test_loss: 0.0255
epoch 499
train_loss: 0.0077
test_loss: 0.0254
epoch 500
train_loss: 0.0076
test_loss: 0.0253
epoch 501
train_loss: 0.0075
test_loss: 0.0252
epoch 502
train_loss: 0.0075
test_loss: 0.0251
epoch 503
train_loss: 0.0074
test_loss: 0.0250
epoch 504
train_loss: 0.0073
test_loss: 0.0249
epoch 505
train_loss: 0.0073
test_loss: 0.0248
epoch 506
train_loss: 0.0072
test_loss: 0.0247
epoch 507
train_loss: 0.0071
test_loss: 0.0246
epoch 508
train_loss: 0.0070
test_loss: 0.0245
epoch 509
train_loss: 0.0070
test_loss: 0.0244
epoch 510
train_loss: 0.0069
test_loss: 0.0243
epoch 511
train_loss: 0.0068
test_loss: 0.0242
epoch 512
train_loss: 0.0068
test_loss: 0.0241
epoch 513
train_loss: 0.0067
test_loss: 0.0240
epoch 514
train_loss: 0.0066
test_loss: 0.0239
epoch 515
train_loss: 0.0066
test_loss: 0.0238
epoch 516
train_loss: 0.0065
test_loss: 0.0237
epoch 517
train_loss: 0.0064
test_loss: 0.0237
epoch 518
train_loss: 0.0064
test_loss: 0.0236
epoch 519
train_loss: 0.0063
test_loss: 0.0235
epoch 520
train_loss: 0.0062
test_loss: 0.0234
epoch 521
train_loss: 0.0062
test_loss: 0.0233
epoch 522
train_loss: 0.0061
test_loss: 0.0232
epoch 523
train_loss: 0.0060
test_loss: 0.0231
epoch 524
train_loss: 0.0060
test_loss: 0.0230
epoch 525
train_loss: 0.0059
test_loss: 0.0229
epoch 526
train_loss: 0.0059
test_loss: 0.0229
epoch 527
train_loss: 0.0058
test_loss: 0.0228
epoch 528
train_loss: 0.0057
test_loss: 0.0227
epoch 529
train_loss: 0.0057
test_loss: 0.0226
epoch 530
train_loss: 0.0056
test_loss: 0.0225
epoch 531
train_loss: 0.0056
test_loss: 0.0224
epoch 532
train_loss: 0.0055
test_loss: 0.0224
epoch 533
train_loss: 0.0054
test_loss: 0.0223
epoch 534
train_loss: 0.0054
test_loss: 0.0222
epoch 535
train_loss: 0.0053
test_loss: 0.0221
epoch 536
train_loss: 0.0053
test_loss: 0.0221
epoch 537
train_loss: 0.0052
test_loss: 0.0219
epoch 538
train_loss: 0.0052
test_loss: 0.0219
epoch 539
train_loss: 0.0051
test_loss: 0.0218
epoch 540
train_loss: 0.0051
test_loss: 0.0218
epoch 541
train_loss: 0.0050
test_loss: 0.0217
epoch 542
train_loss: 0.0050
test_loss: 0.0216
epoch 543
train_loss: 0.0049
test_loss: 0.0215
epoch 544
train_loss: 0.0049
test_loss: 0.0215
epoch 545
train_loss: 0.0048
test_loss: 0.0214
epoch 546
train_loss: 0.0048
test_loss: 0.0213
epoch 547
train_loss: 0.0047
test_loss: 0.0213
epoch 548
train_loss: 0.0047
test_loss: 0.0212
epoch 549
train_loss: 0.0047
test_loss: 0.0211
epoch 550
train_loss: 0.0046
test_loss: 0.0211
epoch 551
train_loss: 0.0046
test_loss: 0.0210
epoch 552
train_loss: 0.0045
test_loss: 0.0209
epoch 553
train_loss: 0.0045
test_loss: 0.0209
epoch 554
train_loss: 0.0044
test_loss: 0.0208
epoch 555
train_loss: 0.0044
test_loss: 0.0207
epoch 556
train_loss: 0.0044
test_loss: 0.0207
epoch 557
train_loss: 0.0043
test_loss: 0.0206
epoch 558
train_loss: 0.0043
test_loss: 0.0205
epoch 559
train_loss: 0.0042
test_loss: 0.0205
epoch 560
train_loss: 0.0042
test_loss: 0.0204
epoch 561
train_loss: 0.0042
test_loss: 0.0204
epoch 562
train_loss: 0.0041
test_loss: 0.0203
epoch 563
train_loss: 0.0041
test_loss: 0.0203
epoch 564
train_loss: 0.0041
test_loss: 0.0202
epoch 565
train_loss: 0.0040
test_loss: 0.0202
epoch 566
train_loss: 0.0040
test_loss: 0.0201
epoch 567
train_loss: 0.0040
test_loss: 0.0201
epoch 568
train_loss: 0.0039
test_loss: 0.0200
epoch 569
train_loss: 0.0039
test_loss: 0.0200
epoch 570
train_loss: 0.0039
test_loss: 0.0199
epoch 571
train_loss: 0.0038
test_loss: 0.0198
epoch 572
train_loss: 0.0038
test_loss: 0.0198
epoch 573
train_loss: 0.0038
test_loss: 0.0198
epoch 574
train_loss: 0.0037
test_loss: 0.0197
epoch 575
train_loss: 0.0037
test_loss: 0.0197
epoch 576
train_loss: 0.0037
test_loss: 0.0196
epoch 577
train_loss: 0.0037
test_loss: 0.0196
epoch 578
train_loss: 0.0036
test_loss: 0.0196
epoch 579
train_loss: 0.0036
test_loss: 0.0195
epoch 580
train_loss: 0.0036
test_loss: 0.0194
epoch 581
train_loss: 0.0035
test_loss: 0.0195
epoch 582
train_loss: 0.0035
test_loss: 0.0194
epoch 583
train_loss: 0.0035
test_loss: 0.0193
epoch 584
train_loss: 0.0035
test_loss: 0.0193
epoch 585
train_loss: 0.0035
test_loss: 0.0193
epoch 586
train_loss: 0.0034
test_loss: 0.0192
epoch 587
train_loss: 0.0034
test_loss: 0.0192
epoch 588
train_loss: 0.0034
test_loss: 0.0192
epoch 589
train_loss: 0.0034
test_loss: 0.0191
epoch 590
train_loss: 0.0033
test_loss: 0.0191
epoch 591
train_loss: 0.0033
test_loss: 0.0191
epoch 592
train_loss: 0.0033
test_loss: 0.0190
epoch 593
train_loss: 0.0033
test_loss: 0.0190
epoch 594
train_loss: 0.0033
test_loss: 0.0190
epoch 595
train_loss: 0.0032
test_loss: 0.0189
epoch 596
train_loss: 0.0032
test_loss: 0.0189
epoch 597
train_loss: 0.0032
test_loss: 0.0189
epoch 598
train_loss: 0.0032
test_loss: 0.0188
epoch 599
train_loss: 0.0032
test_loss: 0.0188
epoch 600
train_loss: 0.0031
test_loss: 0.0188
epoch 601
train_loss: 0.0031
test_loss: 0.0188
epoch 602
train_loss: 0.0031
test_loss: 0.0188
epoch 603
train_loss: 0.0031
test_loss: 0.0187
epoch 604
train_loss: 0.0031
test_loss: 0.0187
epoch 605
train_loss: 0.0031
test_loss: 0.0187
epoch 606
train_loss: 0.0030
test_loss: 0.0187
epoch 607
train_loss: 0.0030
test_loss: 0.0186
epoch 608
train_loss: 0.0030
test_loss: 0.0186
epoch 609
train_loss: 0.0030
test_loss: 0.0186
epoch 610
train_loss: 0.0030
test_loss: 0.0186
epoch 611
train_loss: 0.0030
test_loss: 0.0186
epoch 612
train_loss: 0.0030
test_loss: 0.0185
epoch 613
train_loss: 0.0029
test_loss: 0.0185
epoch 614
train_loss: 0.0029
test_loss: 0.0185
epoch 615
train_loss: 0.0029
test_loss: 0.0185
epoch 616
train_loss: 0.0029
test_loss: 0.0184
epoch 617
train_loss: 0.0029
test_loss: 0.0184
epoch 618
train_loss: 0.0029
test_loss: 0.0184
epoch 619
train_loss: 0.0029
test_loss: 0.0184
epoch 620
train_loss: 0.0028
test_loss: 0.0184
epoch 621
train_loss: 0.0028
test_loss: 0.0183
epoch 622
train_loss: 0.0028
test_loss: 0.0183
epoch 623
train_loss: 0.0028
test_loss: 0.0183
epoch 624
train_loss: 0.0028
test_loss: 0.0183
epoch 625
train_loss: 0.0028
test_loss: 0.0182
epoch 626
train_loss: 0.0028
test_loss: 0.0183
epoch 627
train_loss: 0.0028
test_loss: 0.0183
epoch 628
train_loss: 0.0027
test_loss: 0.0182
epoch 629
train_loss: 0.0027
test_loss: 0.0182
epoch 630
train_loss: 0.0027
test_loss: 0.0182
epoch 631
train_loss: 0.0027
test_loss: 0.0181
epoch 632
train_loss: 0.0027
test_loss: 0.0182
epoch 633
train_loss: 0.0027
test_loss: 0.0181
epoch 634
train_loss: 0.0027
test_loss: 0.0181
epoch 635
train_loss: 0.0027
test_loss: 0.0181
epoch 636
train_loss: 0.0027
test_loss: 0.0181
epoch 637
train_loss: 0.0027
test_loss: 0.0181
epoch 638
train_loss: 0.0026
test_loss: 0.0180
epoch 639
train_loss: 0.0026
test_loss: 0.0180
epoch 640
train_loss: 0.0026
test_loss: 0.0180
epoch 641
train_loss: 0.0026
test_loss: 0.0180
epoch 642
train_loss: 0.0026
test_loss: 0.0180
epoch 643
train_loss: 0.0026
test_loss: 0.0180
epoch 644
train_loss: 0.0026
test_loss: 0.0180
epoch 645
train_loss: 0.0026
test_loss: 0.0179
epoch 646
train_loss: 0.0026
test_loss: 0.0179
epoch 647
train_loss: 0.0026
test_loss: 0.0179
epoch 648
train_loss: 0.0026
test_loss: 0.0178
epoch 649
train_loss: 0.0025
test_loss: 0.0179
epoch 650
train_loss: 0.0025
test_loss: 0.0178
epoch 651
train_loss: 0.0025
test_loss: 0.0178
epoch 652
train_loss: 0.0025
test_loss: 0.0178
epoch 653
train_loss: 0.0025
test_loss: 0.0178
epoch 654
train_loss: 0.0025
test_loss: 0.0178
epoch 655
train_loss: 0.0025
test_loss: 0.0177
epoch 656
train_loss: 0.0025
test_loss: 0.0177
epoch 657
train_loss: 0.0025
test_loss: 0.0177
epoch 658
train_loss: 0.0025
test_loss: 0.0177
epoch 659
train_loss: 0.0025
test_loss: 0.0177
epoch 660
train_loss: 0.0024
test_loss: 0.0177
epoch 661
train_loss: 0.0024
test_loss: 0.0176
epoch 662
train_loss: 0.0024
test_loss: 0.0176
epoch 663
train_loss: 0.0024
test_loss: 0.0176
epoch 664
train_loss: 0.0024
test_loss: 0.0176
epoch 665
train_loss: 0.0024
test_loss: 0.0175
epoch 666
train_loss: 0.0024
test_loss: 0.0176
epoch 667
train_loss: 0.0024
test_loss: 0.0175
epoch 668
train_loss: 0.0024
test_loss: 0.0175
epoch 669
train_loss: 0.0024
test_loss: 0.0175
epoch 670
train_loss: 0.0024
test_loss: 0.0175
epoch 671
train_loss: 0.0024
test_loss: 0.0175
epoch 672
train_loss: 0.0024
test_loss: 0.0175
epoch 673
train_loss: 0.0024
test_loss: 0.0175
epoch 674
train_loss: 0.0024
test_loss: 0.0175
epoch 675
train_loss: 0.0024
test_loss: 0.0175
epoch 676
train_loss: 0.0023
test_loss: 0.0174
epoch 677
train_loss: 0.0023
test_loss: 0.0174
epoch 678
train_loss: 0.0023
test_loss: 0.0174
epoch 679
train_loss: 0.0023
test_loss: 0.0174
epoch 680
train_loss: 0.0023
test_loss: 0.0174
epoch 681
train_loss: 0.0023
test_loss: 0.0174
epoch 682
train_loss: 0.0023
test_loss: 0.0174
epoch 683
train_loss: 0.0023
test_loss: 0.0174
epoch 684
train_loss: 0.0023
test_loss: 0.0173
epoch 685
train_loss: 0.0023
test_loss: 0.0173
epoch 686
train_loss: 0.0023
test_loss: 0.0173
epoch 687
train_loss: 0.0023
test_loss: 0.0173
epoch 688
train_loss: 0.0023
test_loss: 0.0173
epoch 689
train_loss: 0.0023
test_loss: 0.0173
epoch 690
train_loss: 0.0023
test_loss: 0.0172
epoch 691
train_loss: 0.0023
test_loss: 0.0172
epoch 692
train_loss: 0.0023
test_loss: 0.0172
epoch 693
train_loss: 0.0022
test_loss: 0.0172
epoch 694
train_loss: 0.0022
test_loss: 0.0172
epoch 695
train_loss: 0.0022
test_loss: 0.0172
epoch 696
train_loss: 0.0022
test_loss: 0.0172
epoch 697
train_loss: 0.0022
test_loss: 0.0172
epoch 698
train_loss: 0.0022
test_loss: 0.0172
epoch 699
train_loss: 0.0022
test_loss: 0.0171
epoch 700
train_loss: 0.0022
test_loss: 0.0171
epoch 701
train_loss: 0.0022
test_loss: 0.0171
epoch 702
train_loss: 0.0022
test_loss: 0.0171
epoch 703
train_loss: 0.0022
test_loss: 0.0171
epoch 704
train_loss: 0.0022
test_loss: 0.0171
epoch 705
train_loss: 0.0022
test_loss: 0.0171
epoch 706
train_loss: 0.0022
test_loss: 0.0170
epoch 707
train_loss: 0.0022
test_loss: 0.0170
epoch 708
train_loss: 0.0022
test_loss: 0.0170
epoch 709
train_loss: 0.0022
test_loss: 0.0170
epoch 710
train_loss: 0.0022
test_loss: 0.0170
epoch 711
train_loss: 0.0022
test_loss: 0.0170
epoch 712
train_loss: 0.0022
test_loss: 0.0170
epoch 713
train_loss: 0.0021
test_loss: 0.0170
epoch 714
train_loss: 0.0021
test_loss: 0.0170
epoch 715
train_loss: 0.0021
test_loss: 0.0170
epoch 716
train_loss: 0.0021
test_loss: 0.0169
epoch 717
train_loss: 0.0021
test_loss: 0.0170
epoch 718
train_loss: 0.0021
test_loss: 0.0169
epoch 719
train_loss: 0.0021
test_loss: 0.0170
epoch 720
train_loss: 0.0021
test_loss: 0.0170
epoch 721
train_loss: 0.0021
test_loss: 0.0169
epoch 722
train_loss: 0.0021
test_loss: 0.0169
epoch 723
train_loss: 0.0021
test_loss: 0.0169
epoch 724
train_loss: 0.0021
test_loss: 0.0170
epoch 725
train_loss: 0.0021
test_loss: 0.0169
epoch 726
train_loss: 0.0021
test_loss: 0.0169
epoch 727
train_loss: 0.0021
test_loss: 0.0169
epoch 728
train_loss: 0.0021
test_loss: 0.0169
epoch 729
train_loss: 0.0021
test_loss: 0.0169
epoch 730
train_loss: 0.0021
test_loss: 0.0169
epoch 731
train_loss: 0.0021
test_loss: 0.0169
epoch 732
train_loss: 0.0021
test_loss: 0.0169
epoch 733
train_loss: 0.0021
test_loss: 0.0169
epoch 734
train_loss: 0.0021
test_loss: 0.0169
epoch 735
train_loss: 0.0021
test_loss: 0.0168
epoch 736
train_loss: 0.0021
test_loss: 0.0169
epoch 737
train_loss: 0.0021
test_loss: 0.0168
epoch 738
train_loss: 0.0020
test_loss: 0.0169
epoch 739
train_loss: 0.0020
test_loss: 0.0168
epoch 740
train_loss: 0.0020
test_loss: 0.0168
epoch 741
train_loss: 0.0020
test_loss: 0.0168
epoch 742
train_loss: 0.0020
test_loss: 0.0168
epoch 743
train_loss: 0.0020
test_loss: 0.0168
epoch 744
train_loss: 0.0020
test_loss: 0.0168
epoch 745
train_loss: 0.0020
test_loss: 0.0168
epoch 746
train_loss: 0.0020
test_loss: 0.0168
epoch 747
train_loss: 0.0020
test_loss: 0.0168
epoch 748
train_loss: 0.0020
test_loss: 0.0168
epoch 749
train_loss: 0.0020
test_loss: 0.0168
epoch 750
train_loss: 0.0020
test_loss: 0.0168
epoch 751
train_loss: 0.0020
test_loss: 0.0168
epoch 752
train_loss: 0.0020
test_loss: 0.0167
epoch 753
train_loss: 0.0020
test_loss: 0.0168
epoch 754
train_loss: 0.0020
test_loss: 0.0168
epoch 755
train_loss: 0.0020
test_loss: 0.0168
epoch 756
train_loss: 0.0020
test_loss: 0.0167
epoch 757
train_loss: 0.0020
test_loss: 0.0168
epoch 758
train_loss: 0.0020
test_loss: 0.0167
epoch 759
train_loss: 0.0020
test_loss: 0.0167
epoch 760
train_loss: 0.0020
test_loss: 0.0167
epoch 761
train_loss: 0.0020
test_loss: 0.0167
epoch 762
train_loss: 0.0020
test_loss: 0.0167
epoch 763
train_loss: 0.0020
test_loss: 0.0167
epoch 764
train_loss: 0.0020
test_loss: 0.0167
epoch 765
train_loss: 0.0020
test_loss: 0.0167
epoch 766
train_loss: 0.0020
test_loss: 0.0167
epoch 767
train_loss: 0.0020
test_loss: 0.0167
epoch 768
train_loss: 0.0020
test_loss: 0.0167
epoch 769
train_loss: 0.0020
test_loss: 0.0167
epoch 770
train_loss: 0.0020
test_loss: 0.0166
epoch 771
train_loss: 0.0020
test_loss: 0.0166
epoch 772
train_loss: 0.0020
test_loss: 0.0166
epoch 773
train_loss: 0.0020
test_loss: 0.0166
epoch 774
train_loss: 0.0019
test_loss: 0.0166
epoch 775
train_loss: 0.0019
test_loss: 0.0166
epoch 776
train_loss: 0.0019
test_loss: 0.0166
epoch 777
train_loss: 0.0019
test_loss: 0.0166
epoch 778
train_loss: 0.0019
test_loss: 0.0166
epoch 779
train_loss: 0.0019
test_loss: 0.0165
epoch 780
train_loss: 0.0019
test_loss: 0.0166
epoch 781
train_loss: 0.0019
test_loss: 0.0165
epoch 782
train_loss: 0.0019
test_loss: 0.0165
epoch 783
train_loss: 0.0019
test_loss: 0.0165
epoch 784
train_loss: 0.0019
test_loss: 0.0165
epoch 785
train_loss: 0.0019
test_loss: 0.0165
epoch 786
train_loss: 0.0019
test_loss: 0.0165
epoch 787
train_loss: 0.0019
test_loss: 0.0165
epoch 788
train_loss: 0.0019
test_loss: 0.0165
epoch 789
train_loss: 0.0019
test_loss: 0.0165
epoch 790
train_loss: 0.0019
test_loss: 0.0165
epoch 791
train_loss: 0.0019
test_loss: 0.0165
epoch 792
train_loss: 0.0019
test_loss: 0.0165
epoch 793
train_loss: 0.0019
test_loss: 0.0165
epoch 794
train_loss: 0.0019
test_loss: 0.0165
epoch 795
train_loss: 0.0019
test_loss: 0.0165
epoch 796
train_loss: 0.0019
test_loss: 0.0165
epoch 797
train_loss: 0.0019
test_loss: 0.0165
epoch 798
train_loss: 0.0019
test_loss: 0.0165
epoch 799
train_loss: 0.0019
test_loss: 0.0165
epoch 800
train_loss: 0.0019
test_loss: 0.0165
epoch 801
train_loss: 0.0019
test_loss: 0.0165
epoch 802
train_loss: 0.0019
test_loss: 0.0165
epoch 803
train_loss: 0.0019
test_loss: 0.0165
epoch 804
train_loss: 0.0019
test_loss: 0.0165
epoch 805
train_loss: 0.0019
test_loss: 0.0164
epoch 806
train_loss: 0.0019
test_loss: 0.0164
epoch 807
train_loss: 0.0019
test_loss: 0.0165
epoch 808
train_loss: 0.0019
test_loss: 0.0164
epoch 809
train_loss: 0.0019
test_loss: 0.0164
epoch 810
train_loss: 0.0019
test_loss: 0.0164
epoch 811
train_loss: 0.0019
test_loss: 0.0164
epoch 812
train_loss: 0.0019
test_loss: 0.0164
epoch 813
train_loss: 0.0019
test_loss: 0.0164
epoch 814
train_loss: 0.0019
test_loss: 0.0164
epoch 815
train_loss: 0.0019
test_loss: 0.0164
epoch 816
train_loss: 0.0019
test_loss: 0.0164
epoch 817
train_loss: 0.0019
test_loss: 0.0164
epoch 818
train_loss: 0.0019
test_loss: 0.0164
epoch 819
train_loss: 0.0019
test_loss: 0.0164
epoch 820
train_loss: 0.0019
test_loss: 0.0164
epoch 821
train_loss: 0.0019
test_loss: 0.0163
epoch 822
train_loss: 0.0018
test_loss: 0.0164
epoch 823
train_loss: 0.0018
test_loss: 0.0164
epoch 824
train_loss: 0.0018
test_loss: 0.0164
epoch 825
train_loss: 0.0018
test_loss: 0.0163
epoch 826
train_loss: 0.0018
test_loss: 0.0164
epoch 827
train_loss: 0.0018
test_loss: 0.0163
epoch 828
train_loss: 0.0018
test_loss: 0.0163
epoch 829
train_loss: 0.0018
test_loss: 0.0163
epoch 830
train_loss: 0.0018
test_loss: 0.0163
epoch 831
train_loss: 0.0018
test_loss: 0.0163
epoch 832
train_loss: 0.0018
test_loss: 0.0163
epoch 833
train_loss: 0.0018
test_loss: 0.0163
epoch 834
train_loss: 0.0018
test_loss: 0.0163
epoch 835
train_loss: 0.0018
test_loss: 0.0163
epoch 836
train_loss: 0.0018
test_loss: 0.0163
epoch 837
train_loss: 0.0018
test_loss: 0.0163
epoch 838
train_loss: 0.0018
test_loss: 0.0163
epoch 839
train_loss: 0.0018
test_loss: 0.0163
epoch 840
train_loss: 0.0018
test_loss: 0.0163
epoch 841
train_loss: 0.0018
test_loss: 0.0163
epoch 842
train_loss: 0.0018
test_loss: 0.0163
epoch 843
train_loss: 0.0018
test_loss: 0.0163
epoch 844
train_loss: 0.0018
test_loss: 0.0163
epoch 845
train_loss: 0.0018
test_loss: 0.0163
epoch 846
train_loss: 0.0018
test_loss: 0.0162
epoch 847
train_loss: 0.0018
test_loss: 0.0162
epoch 848
train_loss: 0.0018
test_loss: 0.0162
epoch 849
train_loss: 0.0018
test_loss: 0.0162
epoch 850
train_loss: 0.0018
test_loss: 0.0162
epoch 851
train_loss: 0.0018
test_loss: 0.0162
epoch 852
train_loss: 0.0018
test_loss: 0.0162
epoch 853
train_loss: 0.0018
test_loss: 0.0162
epoch 854
train_loss: 0.0018
test_loss: 0.0162
epoch 855
train_loss: 0.0018
test_loss: 0.0162
epoch 856
train_loss: 0.0018
test_loss: 0.0162
epoch 857
train_loss: 0.0018
test_loss: 0.0162
epoch 858
train_loss: 0.0018
test_loss: 0.0162
epoch 859
train_loss: 0.0018
test_loss: 0.0162
epoch 860
train_loss: 0.0018
test_loss: 0.0162
epoch 861
train_loss: 0.0018
test_loss: 0.0162
epoch 862
train_loss: 0.0018
test_loss: 0.0162
epoch 863
train_loss: 0.0018
test_loss: 0.0162
epoch 864
train_loss: 0.0018
test_loss: 0.0162
epoch 865
train_loss: 0.0018
test_loss: 0.0162
epoch 866
train_loss: 0.0018
test_loss: 0.0162
epoch 867
train_loss: 0.0018
test_loss: 0.0162
epoch 868
train_loss: 0.0018
test_loss: 0.0162
epoch 869
train_loss: 0.0018
test_loss: 0.0162
epoch 870
train_loss: 0.0018
test_loss: 0.0162
epoch 871
train_loss: 0.0018
test_loss: 0.0162
epoch 872
train_loss: 0.0018
test_loss: 0.0162
epoch 873
train_loss: 0.0018
test_loss: 0.0161
epoch 874
train_loss: 0.0018
test_loss: 0.0162
epoch 875
train_loss: 0.0018
test_loss: 0.0162
epoch 876
train_loss: 0.0018
test_loss: 0.0162
epoch 877
train_loss: 0.0018
test_loss: 0.0161
epoch 878
train_loss: 0.0018
test_loss: 0.0162
epoch 879
train_loss: 0.0018
test_loss: 0.0161
epoch 880
train_loss: 0.0018
test_loss: 0.0161
epoch 881
train_loss: 0.0018
test_loss: 0.0161
epoch 882
train_loss: 0.0018
test_loss: 0.0161
epoch 883
train_loss: 0.0018
test_loss: 0.0161
epoch 884
train_loss: 0.0018
test_loss: 0.0161
epoch 885
train_loss: 0.0018
test_loss: 0.0161
epoch 886
train_loss: 0.0018
test_loss: 0.0161
epoch 887
train_loss: 0.0018
test_loss: 0.0161
epoch 888
train_loss: 0.0017
test_loss: 0.0161
epoch 889
train_loss: 0.0017
test_loss: 0.0161
epoch 890
train_loss: 0.0017
test_loss: 0.0161
epoch 891
train_loss: 0.0017
test_loss: 0.0161
epoch 892
train_loss: 0.0017
test_loss: 0.0161
epoch 893
train_loss: 0.0017
test_loss: 0.0161
epoch 894
train_loss: 0.0017
test_loss: 0.0161
epoch 895
train_loss: 0.0017
test_loss: 0.0161
epoch 896
train_loss: 0.0017
test_loss: 0.0161
epoch 897
train_loss: 0.0017
test_loss: 0.0161
epoch 898
train_loss: 0.0017
test_loss: 0.0161
epoch 899
train_loss: 0.0017
test_loss: 0.0161
epoch 900
train_loss: 0.0017
test_loss: 0.0161
epoch 901
train_loss: 0.0017
test_loss: 0.0161
epoch 902
train_loss: 0.0017
test_loss: 0.0161
epoch 903
train_loss: 0.0017
test_loss: 0.0160
epoch 904
train_loss: 0.0017
test_loss: 0.0161
epoch 905
train_loss: 0.0017
test_loss: 0.0160
epoch 906
train_loss: 0.0017
test_loss: 0.0161
epoch 907
train_loss: 0.0017
test_loss: 0.0160
epoch 908
train_loss: 0.0017
test_loss: 0.0160
epoch 909
train_loss: 0.0017
test_loss: 0.0160
epoch 910
train_loss: 0.0017
test_loss: 0.0160
epoch 911
train_loss: 0.0017
test_loss: 0.0160
epoch 912
train_loss: 0.0017
test_loss: 0.0160
epoch 913
train_loss: 0.0017
test_loss: 0.0160
epoch 914
train_loss: 0.0017
test_loss: 0.0160
epoch 915
train_loss: 0.0017
test_loss: 0.0160
epoch 916
train_loss: 0.0017
test_loss: 0.0160
epoch 917
train_loss: 0.0017
test_loss: 0.0160
epoch 918
train_loss: 0.0017
test_loss: 0.0160
epoch 919
train_loss: 0.0017
test_loss: 0.0160
epoch 920
train_loss: 0.0017
test_loss: 0.0160
epoch 921
train_loss: 0.0017
test_loss: 0.0160
epoch 922
train_loss: 0.0017
test_loss: 0.0159
epoch 923
train_loss: 0.0017
test_loss: 0.0160
epoch 924
train_loss: 0.0017
test_loss: 0.0159
epoch 925
train_loss: 0.0017
test_loss: 0.0160
epoch 926
train_loss: 0.0017
test_loss: 0.0159
epoch 927
train_loss: 0.0017
test_loss: 0.0160
epoch 928
train_loss: 0.0017
test_loss: 0.0159
epoch 929
train_loss: 0.0017
test_loss: 0.0159
epoch 930
train_loss: 0.0017
test_loss: 0.0159
epoch 931
train_loss: 0.0017
test_loss: 0.0159
epoch 932
train_loss: 0.0017
test_loss: 0.0160
epoch 933
train_loss: 0.0017
test_loss: 0.0159
epoch 934
train_loss: 0.0017
test_loss: 0.0159
epoch 935
train_loss: 0.0017
test_loss: 0.0159
epoch 936
train_loss: 0.0017
test_loss: 0.0159
epoch 937
train_loss: 0.0017
test_loss: 0.0159
epoch 938
train_loss: 0.0017
test_loss: 0.0159
epoch 939
train_loss: 0.0017
test_loss: 0.0159
epoch 940
train_loss: 0.0017
test_loss: 0.0159
epoch 941
train_loss: 0.0017
test_loss: 0.0159
epoch 942
train_loss: 0.0017
test_loss: 0.0159
epoch 943
train_loss: 0.0017
test_loss: 0.0159
epoch 944
train_loss: 0.0017
test_loss: 0.0159
epoch 945
train_loss: 0.0017
test_loss: 0.0158
epoch 946
train_loss: 0.0017
test_loss: 0.0159
epoch 947
train_loss: 0.0017
test_loss: 0.0159
epoch 948
train_loss: 0.0017
test_loss: 0.0158
epoch 949
train_loss: 0.0017
test_loss: 0.0159
epoch 950
train_loss: 0.0017
test_loss: 0.0158
epoch 951
train_loss: 0.0017
test_loss: 0.0159
epoch 952
train_loss: 0.0017
test_loss: 0.0158
epoch 953
train_loss: 0.0017
test_loss: 0.0158
epoch 954
train_loss: 0.0017
test_loss: 0.0158
epoch 955
train_loss: 0.0017
test_loss: 0.0159
epoch 956
train_loss: 0.0017
test_loss: 0.0158
epoch 957
train_loss: 0.0017
test_loss: 0.0158
epoch 958
train_loss: 0.0017
test_loss: 0.0158
epoch 959
train_loss: 0.0017
test_loss: 0.0158
epoch 960
train_loss: 0.0017
test_loss: 0.0158
epoch 961
train_loss: 0.0017
test_loss: 0.0158
epoch 962
train_loss: 0.0017
test_loss: 0.0158
epoch 963
train_loss: 0.0017
test_loss: 0.0158
epoch 964
train_loss: 0.0017
test_loss: 0.0158
epoch 965
train_loss: 0.0017
test_loss: 0.0158
epoch 966
train_loss: 0.0017
test_loss: 0.0158
epoch 967
train_loss: 0.0017
test_loss: 0.0158
epoch 968
train_loss: 0.0017
test_loss: 0.0158
epoch 969
train_loss: 0.0017
test_loss: 0.0157
epoch 970
train_loss: 0.0017
test_loss: 0.0157
epoch 971
train_loss: 0.0017
test_loss: 0.0158
epoch 972
train_loss: 0.0017
test_loss: 0.0157
epoch 973
train_loss: 0.0017
test_loss: 0.0157
epoch 974
train_loss: 0.0017
test_loss: 0.0157
epoch 975
train_loss: 0.0017
test_loss: 0.0157
epoch 976
train_loss: 0.0017
test_loss: 0.0157
epoch 977
train_loss: 0.0016
test_loss: 0.0157
epoch 978
train_loss: 0.0016
test_loss: 0.0157
epoch 979
train_loss: 0.0016
test_loss: 0.0157
epoch 980
train_loss: 0.0016
test_loss: 0.0157
epoch 981
train_loss: 0.0016
test_loss: 0.0157
epoch 982
train_loss: 0.0016
test_loss: 0.0157
epoch 983
train_loss: 0.0016
test_loss: 0.0157
epoch 984
train_loss: 0.0016
test_loss: 0.0157
epoch 985
train_loss: 0.0016
test_loss: 0.0157
epoch 986
train_loss: 0.0016
test_loss: 0.0157
epoch 987
train_loss: 0.0016
test_loss: 0.0157
epoch 988
train_loss: 0.0016
test_loss: 0.0157
epoch 989
train_loss: 0.0016
test_loss: 0.0157
epoch 990
train_loss: 0.0016
test_loss: 0.0157
epoch 991
train_loss: 0.0016
test_loss: 0.0157
epoch 992
train_loss: 0.0016
test_loss: 0.0157
epoch 993
train_loss: 0.0016
test_loss: 0.0157
epoch 994
train_loss: 0.0016
test_loss: 0.0156
epoch 995
train_loss: 0.0016
test_loss: 0.0157
epoch 996
train_loss: 0.0016
test_loss: 0.0156
epoch 997
train_loss: 0.0016
test_loss: 0.0156
epoch 998
train_loss: 0.0016
test_loss: 0.0156
epoch 999
train_loss: 0.0016
test_loss: 0.0156
epoch 1000
train_loss: 0.0016
test_loss: 0.0156
epoch 1001
train_loss: 0.0016
test_loss: 0.0156
epoch 1002
train_loss: 0.0016
test_loss: 0.0156
epoch 1003
train_loss: 0.0016
test_loss: 0.0156
epoch 1004
train_loss: 0.0016
test_loss: 0.0156
epoch 1005
train_loss: 0.0016
test_loss: 0.0156
epoch 1006
train_loss: 0.0016
test_loss: 0.0156
epoch 1007
train_loss: 0.0016
test_loss: 0.0156
epoch 1008
train_loss: 0.0016
test_loss: 0.0156
epoch 1009
train_loss: 0.0016
test_loss: 0.0156
epoch 1010
train_loss: 0.0016
test_loss: 0.0156
epoch 1011
train_loss: 0.0016
test_loss: 0.0156
epoch 1012
train_loss: 0.0016
test_loss: 0.0156
epoch 1013
train_loss: 0.0016
test_loss: 0.0156
epoch 1014
train_loss: 0.0016
test_loss: 0.0156
epoch 1015
train_loss: 0.0016
test_loss: 0.0156
epoch 1016
train_loss: 0.0016
test_loss: 0.0156
epoch 1017
train_loss: 0.0016
test_loss: 0.0156
epoch 1018
train_loss: 0.0016
test_loss: 0.0156
epoch 1019
train_loss: 0.0016
test_loss: 0.0156
epoch 1020
train_loss: 0.0016
test_loss: 0.0155
epoch 1021
train_loss: 0.0016
test_loss: 0.0155
epoch 1022
train_loss: 0.0016
test_loss: 0.0155
epoch 1023
train_loss: 0.0016
test_loss: 0.0156
epoch 1024
train_loss: 0.0016
test_loss: 0.0155
epoch 1025
train_loss: 0.0016
test_loss: 0.0155
epoch 1026
train_loss: 0.0016
test_loss: 0.0155
epoch 1027
train_loss: 0.0016
test_loss: 0.0155
epoch 1028
train_loss: 0.0016
test_loss: 0.0155
epoch 1029
train_loss: 0.0016
test_loss: 0.0155
epoch 1030
train_loss: 0.0016
test_loss: 0.0155
epoch 1031
train_loss: 0.0016
test_loss: 0.0155
epoch 1032
train_loss: 0.0016
test_loss: 0.0155
epoch 1033
train_loss: 0.0016
test_loss: 0.0155
epoch 1034
train_loss: 0.0016
test_loss: 0.0155
epoch 1035
train_loss: 0.0016
test_loss: 0.0155
epoch 1036
train_loss: 0.0016
test_loss: 0.0155
epoch 1037
train_loss: 0.0016
test_loss: 0.0155
epoch 1038
train_loss: 0.0016
test_loss: 0.0155
epoch 1039
train_loss: 0.0016
test_loss: 0.0155
epoch 1040
train_loss: 0.0016
test_loss: 0.0155
epoch 1041
train_loss: 0.0016
test_loss: 0.0155
epoch 1042
train_loss: 0.0016
test_loss: 0.0155
epoch 1043
train_loss: 0.0016
test_loss: 0.0155
epoch 1044
train_loss: 0.0016
test_loss: 0.0155
epoch 1045
train_loss: 0.0016
test_loss: 0.0155
epoch 1046
train_loss: 0.0016
test_loss: 0.0155
epoch 1047
train_loss: 0.0016
test_loss: 0.0155
epoch 1048
train_loss: 0.0016
test_loss: 0.0155
epoch 1049
train_loss: 0.0016
test_loss: 0.0155
epoch 1050
train_loss: 0.0016
test_loss: 0.0155
epoch 1051
train_loss: 0.0016
test_loss: 0.0155
epoch 1052
train_loss: 0.0016
test_loss: 0.0155
epoch 1053
train_loss: 0.0016
test_loss: 0.0155
epoch 1054
train_loss: 0.0016
test_loss: 0.0154
epoch 1055
train_loss: 0.0016
test_loss: 0.0154
epoch 1056
train_loss: 0.0016
test_loss: 0.0154
epoch 1057
train_loss: 0.0016
test_loss: 0.0155
epoch 1058
train_loss: 0.0016
test_loss: 0.0154
epoch 1059
train_loss: 0.0016
test_loss: 0.0154
epoch 1060
train_loss: 0.0016
test_loss: 0.0154
epoch 1061
train_loss: 0.0016
test_loss: 0.0154
epoch 1062
train_loss: 0.0016
test_loss: 0.0154
epoch 1063
train_loss: 0.0016
test_loss: 0.0154
epoch 1064
train_loss: 0.0016
test_loss: 0.0154
epoch 1065
train_loss: 0.0016
test_loss: 0.0154
epoch 1066
train_loss: 0.0016
test_loss: 0.0154
epoch 1067
train_loss: 0.0016
test_loss: 0.0154
epoch 1068
train_loss: 0.0016
test_loss: 0.0154
epoch 1069
train_loss: 0.0016
test_loss: 0.0154
epoch 1070
train_loss: 0.0016
test_loss: 0.0154
epoch 1071
train_loss: 0.0016
test_loss: 0.0154
epoch 1072
train_loss: 0.0016
test_loss: 0.0154
epoch 1073
train_loss: 0.0016
test_loss: 0.0154
epoch 1074
train_loss: 0.0016
test_loss: 0.0154
epoch 1075
train_loss: 0.0016
test_loss: 0.0153
epoch 1076
train_loss: 0.0016
test_loss: 0.0154
epoch 1077
train_loss: 0.0016
test_loss: 0.0154
epoch 1078
train_loss: 0.0016
test_loss: 0.0153
epoch 1079
train_loss: 0.0016
test_loss: 0.0154
epoch 1080
train_loss: 0.0016
test_loss: 0.0153
epoch 1081
train_loss: 0.0016
test_loss: 0.0153
epoch 1082
train_loss: 0.0016
test_loss: 0.0153
epoch 1083
train_loss: 0.0016
test_loss: 0.0153
epoch 1084
train_loss: 0.0016
test_loss: 0.0153
epoch 1085
train_loss: 0.0016
test_loss: 0.0153
epoch 1086
train_loss: 0.0016
test_loss: 0.0153
epoch 1087
train_loss: 0.0016
test_loss: 0.0153
epoch 1088
train_loss: 0.0016
test_loss: 0.0153
epoch 1089
train_loss: 0.0016
test_loss: 0.0153
epoch 1090
train_loss: 0.0016
test_loss: 0.0153
epoch 1091
train_loss: 0.0016
test_loss: 0.0153
epoch 1092
train_loss: 0.0016
test_loss: 0.0153
epoch 1093
train_loss: 0.0016
test_loss: 0.0153
epoch 1094
train_loss: 0.0016
test_loss: 0.0153
epoch 1095
train_loss: 0.0016
test_loss: 0.0153
epoch 1096
train_loss: 0.0016
test_loss: 0.0153
epoch 1097
train_loss: 0.0016
test_loss: 0.0153
epoch 1098
train_loss: 0.0015
test_loss: 0.0153
epoch 1099
train_loss: 0.0015
test_loss: 0.0153
/home/xueqiong/noise_injection_uncertainty/regression/utils.py:39: FutureWarning: The 'delim_whitespace' keyword in pd.read_csv is deprecated and will be removed in a future version. Use ``sep='\s+'`` instead
  return pd.read_csv(dataset_path, engine='python', header=None, delim_whitespace=True)
8 1
614 154 768
model_name dropoutFCN
using Adam as optimizer
epoch 0
train_loss: 0.5531
Module: DropoutFullyConnectedNN
  Module: ModuleList
    Module: Linear
    Module: Linear
    Module: Linear
  Module: ModuleList
    Module: Dropout
dropout设置为训练模式
    Module: Dropout
dropout设置为训练模式
    Module: Dropout
dropout设置为训练模式
  Module: ReLU
test_loss: 0.2153
epoch 1
train_loss: 0.1416
Module: DropoutFullyConnectedNN
  Module: ModuleList
    Module: Linear
    Module: Linear
    Module: Linear
  Module: ModuleList
    Module: Dropout
dropout设置为训练模式
    Module: Dropout
dropout设置为训练模式
    Module: Dropout
dropout设置为训练模式
  Module: ReLU
test_loss: 0.1058
epoch 2
train_loss: 0.0962
Module: DropoutFullyConnectedNN
  Module: ModuleList
    Module: Linear
    Module: Linear
    Module: Linear
  Module: ModuleList
    Module: Dropout
dropout设置为训练模式
    Module: Dropout
dropout设置为训练模式
    Module: Dropout
dropout设置为训练模式
  Module: ReLU
test_loss: 0.0956
epoch 3
train_loss: 0.0811
Module: DropoutFullyConnectedNN
  Module: ModuleList
    Module: Linear
    Module: Linear
    Module: Linear
  Module: ModuleList
    Module: Dropout
dropout设置为训练模式
    Module: Dropout
dropout设置为训练模式
    Module: Dropout
dropout设置为训练模式
  Module: ReLU
test_loss: 0.0903
epoch 4
train_loss: 0.0759
Module: DropoutFullyConnectedNN
  Module: ModuleList
    Module: Linear
    Module: Linear
    Module: Linear
  Module: ModuleList
    Module: Dropout
dropout设置为训练模式
    Module: Dropout
dropout设置为训练模式
    Module: Dropout
dropout设置为训练模式
  Module: ReLU
test_loss: 0.0852
epoch 5
train_loss: 0.0720
Module: DropoutFullyConnectedNN
  Module: ModuleList
    Module: Linear
    Module: Linear
    Module: Linear
  Module: ModuleList
    Module: Dropout
dropout设置为训练模式
    Module: Dropout
dropout设置为训练模式
    Module: Dropout
dropout设置为训练模式
  Module: ReLU
test_loss: 0.0820
epoch 6
train_loss: 0.0677
Module: DropoutFullyConnectedNN
  Module: ModuleList
    Module: Linear
    Module: Linear
    Module: Linear
  Module: ModuleList
    Module: Dropout
dropout设置为训练模式
    Module: Dropout
dropout设置为训练模式
    Module: Dropout
dropout设置为训练模式
  Module: ReLU
test_loss: 0.0800
epoch 7
train_loss: 0.0675
Module: DropoutFullyConnectedNN
  Module: ModuleList
    Module: Linear
    Module: Linear
    Module: Linear
  Module: ModuleList
    Module: Dropout
dropout设置为训练模式
    Module: Dropout
dropout设置为训练模式
    Module: Dropout
dropout设置为训练模式
  Module: ReLU
test_loss: 0.0771
epoch 8
train_loss: 0.0637
Module: DropoutFullyConnectedNN
  Module: ModuleList
    Module: Linear
    Module: Linear
    Module: Linear
  Module: ModuleList
    Module: Dropout
dropout设置为训练模式
    Module: Dropout
dropout设置为训练模式
    Module: Dropout
dropout设置为训练模式
  Module: ReLU
test_loss: 0.0762
epoch 9
train_loss: 0.0620
Module: DropoutFullyConnectedNN
  Module: ModuleList
    Module: Linear
    Module: Linear
    Module: Linear
  Module: ModuleList
    Module: Dropout
dropout设置为训练模式
    Module: Dropout
dropout设置为训练模式
    Module: Dropout
dropout设置为训练模式
  Module: ReLU
test_loss: 0.0730
epoch 10
train_loss: 0.0582
Module: DropoutFullyConnectedNN
  Module: ModuleList
    Module: Linear
    Module: Linear
    Module: Linear
  Module: ModuleList
    Module: Dropout
dropout设置为训练模式
    Module: Dropout
dropout设置为训练模式
    Module: Dropout
dropout设置为训练模式
  Module: ReLU
test_loss: 0.0736
epoch 11
train_loss: 0.0552
Module: DropoutFullyConnectedNN
  Module: ModuleList
    Module: Linear
    Module: Linear
    Module: Linear
  Module: ModuleList
    Module: Dropout
dropout设置为训练模式
    Module: Dropout
dropout设置为训练模式
    Module: Dropout
dropout设置为训练模式
  Module: ReLU
test_loss: 0.0705
epoch 12
train_loss: 0.0529
Module: DropoutFullyConnectedNN
  Module: ModuleList
    Module: Linear
    Module: Linear
    Module: Linear
  Module: ModuleList
    Module: Dropout
dropout设置为训练模式
    Module: Dropout
dropout设置为训练模式
    Module: Dropout
dropout设置为训练模式
  Module: ReLU
test_loss: 0.0704
epoch 13
train_loss: 0.0516
Module: DropoutFullyConnectedNN
  Module: ModuleList
    Module: Linear
    Module: Linear
    Module: Linear
  Module: ModuleList
    Module: Dropout
dropout设置为训练模式
    Module: Dropout
dropout设置为训练模式
    Module: Dropout
dropout设置为训练模式
  Module: ReLU
test_loss: 0.0678
epoch 14
train_loss: 0.0495
Module: DropoutFullyConnectedNN
  Module: ModuleList
    Module: Linear
    Module: Linear
    Module: Linear
  Module: ModuleList
    Module: Dropout
dropout设置为训练模式
    Module: Dropout
dropout设置为训练模式
    Module: Dropout
dropout设置为训练模式
  Module: ReLU
test_loss: 0.0660
epoch 15
train_loss: 0.0452
Module: DropoutFullyConnectedNN
  Module: ModuleList
    Module: Linear
    Module: Linear
    Module: Linear
  Module: ModuleList
    Module: Dropout
dropout设置为训练模式
    Module: Dropout
dropout设置为训练模式
    Module: Dropout
dropout设置为训练模式
  Module: ReLU
test_loss: 0.0638
epoch 16
train_loss: 0.0427
Module: DropoutFullyConnectedNN
  Module: ModuleList
    Module: Linear
    Module: Linear
    Module: Linear
  Module: ModuleList
    Module: Dropout
dropout设置为训练模式
    Module: Dropout
dropout设置为训练模式
    Module: Dropout
dropout设置为训练模式
  Module: ReLU
test_loss: 0.0583
epoch 17
train_loss: 0.0411
Module: DropoutFullyConnectedNN
  Module: ModuleList
    Module: Linear
    Module: Linear
    Module: Linear
  Module: ModuleList
    Module: Dropout
dropout设置为训练模式
    Module: Dropout
dropout设置为训练模式
    Module: Dropout
dropout设置为训练模式
  Module: ReLU
test_loss: 0.0576
epoch 18
train_loss: 0.0359
Module: DropoutFullyConnectedNN
  Module: ModuleList
    Module: Linear
    Module: Linear
    Module: Linear
  Module: ModuleList
    Module: Dropout
dropout设置为训练模式
    Module: Dropout
dropout设置为训练模式
    Module: Dropout
dropout设置为训练模式
  Module: ReLU
test_loss: 0.0506
epoch 19
train_loss: 0.0333
Module: DropoutFullyConnectedNN
  Module: ModuleList
    Module: Linear
    Module: Linear
    Module: Linear
  Module: ModuleList
    Module: Dropout
dropout设置为训练模式
    Module: Dropout
dropout设置为训练模式
    Module: Dropout
dropout设置为训练模式
  Module: ReLU
test_loss: 0.0462
epoch 20
train_loss: 0.0296
Module: DropoutFullyConnectedNN
  Module: ModuleList
    Module: Linear
    Module: Linear
    Module: Linear
  Module: ModuleList
    Module: Dropout
dropout设置为训练模式
    Module: Dropout
dropout设置为训练模式
    Module: Dropout
dropout设置为训练模式
  Module: ReLU
test_loss: 0.0451
epoch 21
train_loss: 0.0282
Module: DropoutFullyConnectedNN
  Module: ModuleList
    Module: Linear
    Module: Linear
    Module: Linear
  Module: ModuleList
    Module: Dropout
dropout设置为训练模式
    Module: Dropout
dropout设置为训练模式
    Module: Dropout
dropout设置为训练模式
  Module: ReLU
test_loss: 0.0440
epoch 22
train_loss: 0.0276
Module: DropoutFullyConnectedNN
  Module: ModuleList
    Module: Linear
    Module: Linear
    Module: Linear
  Module: ModuleList
    Module: Dropout
dropout设置为训练模式
    Module: Dropout
dropout设置为训练模式
    Module: Dropout
dropout设置为训练模式
  Module: ReLU
test_loss: 0.0400
epoch 23
train_loss: 0.0255
Module: DropoutFullyConnectedNN
  Module: ModuleList
    Module: Linear
    Module: Linear
    Module: Linear
  Module: ModuleList
    Module: Dropout
dropout设置为训练模式
    Module: Dropout
dropout设置为训练模式
    Module: Dropout
dropout设置为训练模式
  Module: ReLU
test_loss: 0.0454
epoch 24
train_loss: 0.0254
Module: DropoutFullyConnectedNN
  Module: ModuleList
    Module: Linear
    Module: Linear
    Module: Linear
  Module: ModuleList
    Module: Dropout
dropout设置为训练模式
    Module: Dropout
dropout设置为训练模式
    Module: Dropout
dropout设置为训练模式
  Module: ReLU
test_loss: 0.0376
epoch 25
train_loss: 0.0214
Module: DropoutFullyConnectedNN
  Module: ModuleList
    Module: Linear
    Module: Linear
    Module: Linear
  Module: ModuleList
    Module: Dropout
dropout设置为训练模式
    Module: Dropout
dropout设置为训练模式
    Module: Dropout
dropout设置为训练模式
  Module: ReLU
test_loss: 0.0327
epoch 26
train_loss: 0.0217
Module: DropoutFullyConnectedNN
  Module: ModuleList
    Module: Linear
    Module: Linear
    Module: Linear
  Module: ModuleList
    Module: Dropout
dropout设置为训练模式
    Module: Dropout
dropout设置为训练模式
    Module: Dropout
dropout设置为训练模式
  Module: ReLU
test_loss: 0.0398
epoch 27
train_loss: 0.0190
Module: DropoutFullyConnectedNN
  Module: ModuleList
    Module: Linear
    Module: Linear
    Module: Linear
  Module: ModuleList
    Module: Dropout
dropout设置为训练模式
    Module: Dropout
dropout设置为训练模式
    Module: Dropout
dropout设置为训练模式
  Module: ReLU
test_loss: 0.0291
epoch 28
train_loss: 0.0181
Module: DropoutFullyConnectedNN
  Module: ModuleList
    Module: Linear
    Module: Linear
    Module: Linear
  Module: ModuleList
    Module: Dropout
dropout设置为训练模式
    Module: Dropout
dropout设置为训练模式
    Module: Dropout
dropout设置为训练模式
  Module: ReLU
test_loss: 0.0381
epoch 29
train_loss: 0.0199
Module: DropoutFullyConnectedNN
  Module: ModuleList
    Module: Linear
    Module: Linear
    Module: Linear
  Module: ModuleList
    Module: Dropout
dropout设置为训练模式
    Module: Dropout
dropout设置为训练模式
    Module: Dropout
dropout设置为训练模式
  Module: ReLU
test_loss: 0.0275
epoch 30
train_loss: 0.0147
Module: DropoutFullyConnectedNN
  Module: ModuleList
    Module: Linear
    Module: Linear
    Module: Linear
  Module: ModuleList
    Module: Dropout
dropout设置为训练模式
    Module: Dropout
dropout设置为训练模式
    Module: Dropout
dropout设置为训练模式
  Module: ReLU
test_loss: 0.0327
epoch 31
train_loss: 0.0155
Module: DropoutFullyConnectedNN
  Module: ModuleList
    Module: Linear
    Module: Linear
    Module: Linear
  Module: ModuleList
    Module: Dropout
dropout设置为训练模式
    Module: Dropout
dropout设置为训练模式
    Module: Dropout
dropout设置为训练模式
  Module: ReLU
test_loss: 0.0300
epoch 32
train_loss: 0.0155
Module: DropoutFullyConnectedNN
  Module: ModuleList
    Module: Linear
    Module: Linear
    Module: Linear
  Module: ModuleList
    Module: Dropout
dropout设置为训练模式
    Module: Dropout
dropout设置为训练模式
    Module: Dropout
dropout设置为训练模式
  Module: ReLU
test_loss: 0.0293
epoch 33
train_loss: 0.0153
Module: DropoutFullyConnectedNN
  Module: ModuleList
    Module: Linear
    Module: Linear
    Module: Linear
  Module: ModuleList
    Module: Dropout
dropout设置为训练模式
    Module: Dropout
dropout设置为训练模式
    Module: Dropout
dropout设置为训练模式
  Module: ReLU
test_loss: 0.0247
epoch 34
train_loss: 0.0155
Module: DropoutFullyConnectedNN
  Module: ModuleList
    Module: Linear
    Module: Linear
    Module: Linear
  Module: ModuleList
    Module: Dropout
dropout设置为训练模式
    Module: Dropout
dropout设置为训练模式
    Module: Dropout
dropout设置为训练模式
  Module: ReLU
test_loss: 0.0246
epoch 35
train_loss: 0.0148
Module: DropoutFullyConnectedNN
  Module: ModuleList
    Module: Linear
    Module: Linear
    Module: Linear
  Module: ModuleList
    Module: Dropout
dropout设置为训练模式
    Module: Dropout
dropout设置为训练模式
    Module: Dropout
dropout设置为训练模式
  Module: ReLU
test_loss: 0.0327
epoch 36
train_loss: 0.0130
Module: DropoutFullyConnectedNN
  Module: ModuleList
    Module: Linear
    Module: Linear
    Module: Linear
  Module: ModuleList
    Module: Dropout
dropout设置为训练模式
    Module: Dropout
dropout设置为训练模式
    Module: Dropout
dropout设置为训练模式
  Module: ReLU
test_loss: 0.0303
epoch 37
train_loss: 0.0137
Module: DropoutFullyConnectedNN
  Module: ModuleList
    Module: Linear
    Module: Linear
    Module: Linear
  Module: ModuleList
    Module: Dropout
dropout设置为训练模式
    Module: Dropout
dropout设置为训练模式
    Module: Dropout
dropout设置为训练模式
  Module: ReLU
test_loss: 0.0321
epoch 38
train_loss: 0.0129
Module: DropoutFullyConnectedNN
  Module: ModuleList
    Module: Linear
    Module: Linear
    Module: Linear
  Module: ModuleList
    Module: Dropout
dropout设置为训练模式
    Module: Dropout
dropout设置为训练模式
    Module: Dropout
dropout设置为训练模式
  Module: ReLU
test_loss: 0.0220
epoch 39
train_loss: 0.0117
Module: DropoutFullyConnectedNN
  Module: ModuleList
    Module: Linear
    Module: Linear
    Module: Linear
  Module: ModuleList
    Module: Dropout
dropout设置为训练模式
    Module: Dropout
dropout设置为训练模式
    Module: Dropout
dropout设置为训练模式
  Module: ReLU
test_loss: 0.0296
epoch 40
train_loss: 0.0112
Module: DropoutFullyConnectedNN
  Module: ModuleList
    Module: Linear
    Module: Linear
    Module: Linear
  Module: ModuleList
    Module: Dropout
dropout设置为训练模式
    Module: Dropout
dropout设置为训练模式
    Module: Dropout
dropout设置为训练模式
  Module: ReLU
test_loss: 0.0276
epoch 41
train_loss: 0.0080
Module: DropoutFullyConnectedNN
  Module: ModuleList
    Module: Linear
    Module: Linear
    Module: Linear
  Module: ModuleList
    Module: Dropout
dropout设置为训练模式
    Module: Dropout
dropout设置为训练模式
    Module: Dropout
dropout设置为训练模式
  Module: ReLU
test_loss: 0.0246
epoch 42
train_loss: 0.0107
Module: DropoutFullyConnectedNN
  Module: ModuleList
    Module: Linear
    Module: Linear
    Module: Linear
  Module: ModuleList
    Module: Dropout
dropout设置为训练模式
    Module: Dropout
dropout设置为训练模式
    Module: Dropout
dropout设置为训练模式
  Module: ReLU
test_loss: 0.0221
epoch 43
train_loss: 0.0081
Module: DropoutFullyConnectedNN
  Module: ModuleList
    Module: Linear
    Module: Linear
    Module: Linear
  Module: ModuleList
    Module: Dropout
dropout设置为训练模式
    Module: Dropout
dropout设置为训练模式
    Module: Dropout
dropout设置为训练模式
  Module: ReLU
test_loss: 0.0198
epoch 44
train_loss: 0.0099
Module: DropoutFullyConnectedNN
  Module: ModuleList
    Module: Linear
    Module: Linear
    Module: Linear
  Module: ModuleList
    Module: Dropout
dropout设置为训练模式
    Module: Dropout
dropout设置为训练模式
    Module: Dropout
dropout设置为训练模式
  Module: ReLU
test_loss: 0.0308
epoch 45
train_loss: 0.0116
Module: DropoutFullyConnectedNN
  Module: ModuleList
    Module: Linear
    Module: Linear
    Module: Linear
  Module: ModuleList
    Module: Dropout
dropout设置为训练模式
    Module: Dropout
dropout设置为训练模式
    Module: Dropout
dropout设置为训练模式
  Module: ReLU
test_loss: 0.0251
epoch 46
train_loss: 0.0097
Module: DropoutFullyConnectedNN
  Module: ModuleList
    Module: Linear
    Module: Linear
    Module: Linear
  Module: ModuleList
    Module: Dropout
dropout设置为训练模式
    Module: Dropout
dropout设置为训练模式
    Module: Dropout
dropout设置为训练模式
  Module: ReLU
test_loss: 0.0242
epoch 47
train_loss: 0.0076
Module: DropoutFullyConnectedNN
  Module: ModuleList
    Module: Linear
    Module: Linear
    Module: Linear
  Module: ModuleList
    Module: Dropout
dropout设置为训练模式
    Module: Dropout
dropout设置为训练模式
    Module: Dropout
dropout设置为训练模式
  Module: ReLU
test_loss: 0.0197
epoch 48
train_loss: 0.0071
Module: DropoutFullyConnectedNN
  Module: ModuleList
    Module: Linear
    Module: Linear
    Module: Linear
  Module: ModuleList
    Module: Dropout
dropout设置为训练模式
    Module: Dropout
dropout设置为训练模式
    Module: Dropout
dropout设置为训练模式
  Module: ReLU
test_loss: 0.0223
epoch 49
train_loss: 0.0112
Module: DropoutFullyConnectedNN
  Module: ModuleList
    Module: Linear
    Module: Linear
    Module: Linear
  Module: ModuleList
    Module: Dropout
dropout设置为训练模式
    Module: Dropout
dropout设置为训练模式
    Module: Dropout
dropout设置为训练模式
  Module: ReLU
test_loss: 0.0198
epoch 50
train_loss: 0.0065
Module: DropoutFullyConnectedNN
  Module: ModuleList
    Module: Linear
    Module: Linear
    Module: Linear
  Module: ModuleList
    Module: Dropout
dropout设置为训练模式
    Module: Dropout
dropout设置为训练模式
    Module: Dropout
dropout设置为训练模式
  Module: ReLU
test_loss: 0.0182
epoch 51
train_loss: 0.0074
Module: DropoutFullyConnectedNN
  Module: ModuleList
    Module: Linear
    Module: Linear
    Module: Linear
  Module: ModuleList
    Module: Dropout
dropout设置为训练模式
    Module: Dropout
dropout设置为训练模式
    Module: Dropout
dropout设置为训练模式
  Module: ReLU
test_loss: 0.0233
epoch 52
train_loss: 0.0069
Module: DropoutFullyConnectedNN
  Module: ModuleList
    Module: Linear
    Module: Linear
    Module: Linear
  Module: ModuleList
    Module: Dropout
dropout设置为训练模式
    Module: Dropout
dropout设置为训练模式
    Module: Dropout
dropout设置为训练模式
  Module: ReLU
test_loss: 0.0174
epoch 53
train_loss: 0.0078
Module: DropoutFullyConnectedNN
  Module: ModuleList
    Module: Linear
    Module: Linear
    Module: Linear
  Module: ModuleList
    Module: Dropout
dropout设置为训练模式
    Module: Dropout
dropout设置为训练模式
    Module: Dropout
dropout设置为训练模式
  Module: ReLU
test_loss: 0.0253
epoch 54
train_loss: 0.0072
Module: DropoutFullyConnectedNN
  Module: ModuleList
    Module: Linear
    Module: Linear
    Module: Linear
  Module: ModuleList
    Module: Dropout
dropout设置为训练模式
    Module: Dropout
dropout设置为训练模式
    Module: Dropout
dropout设置为训练模式
  Module: ReLU
test_loss: 0.0198
epoch 55
train_loss: 0.0079
Module: DropoutFullyConnectedNN
  Module: ModuleList
    Module: Linear
    Module: Linear
    Module: Linear
  Module: ModuleList
    Module: Dropout
dropout设置为训练模式
    Module: Dropout
dropout设置为训练模式
    Module: Dropout
dropout设置为训练模式
  Module: ReLU
test_loss: 0.0184
epoch 56
train_loss: 0.0102
Module: DropoutFullyConnectedNN
  Module: ModuleList
    Module: Linear
    Module: Linear
    Module: Linear
  Module: ModuleList
    Module: Dropout
dropout设置为训练模式
    Module: Dropout
dropout设置为训练模式
    Module: Dropout
dropout设置为训练模式
  Module: ReLU
test_loss: 0.0141
epoch 57
train_loss: 0.0066
Module: DropoutFullyConnectedNN
  Module: ModuleList
    Module: Linear
    Module: Linear
    Module: Linear
  Module: ModuleList
    Module: Dropout
dropout设置为训练模式
    Module: Dropout
dropout设置为训练模式
    Module: Dropout
dropout设置为训练模式
  Module: ReLU
test_loss: 0.0231
epoch 58
train_loss: 0.0076
Module: DropoutFullyConnectedNN
  Module: ModuleList
    Module: Linear
    Module: Linear
    Module: Linear
  Module: ModuleList
    Module: Dropout
dropout设置为训练模式
    Module: Dropout
dropout设置为训练模式
    Module: Dropout
dropout设置为训练模式
  Module: ReLU
test_loss: 0.0218
epoch 59
train_loss: 0.0067
Module: DropoutFullyConnectedNN
  Module: ModuleList
    Module: Linear
    Module: Linear
    Module: Linear
  Module: ModuleList
    Module: Dropout
dropout设置为训练模式
    Module: Dropout
dropout设置为训练模式
    Module: Dropout
dropout设置为训练模式
  Module: ReLU
test_loss: 0.0187
epoch 60
train_loss: 0.0074
Module: DropoutFullyConnectedNN
  Module: ModuleList
    Module: Linear
    Module: Linear
    Module: Linear
  Module: ModuleList
    Module: Dropout
dropout设置为训练模式
    Module: Dropout
dropout设置为训练模式
    Module: Dropout
dropout设置为训练模式
  Module: ReLU
test_loss: 0.0225
epoch 61
train_loss: 0.0074
Module: DropoutFullyConnectedNN
  Module: ModuleList
    Module: Linear
    Module: Linear
    Module: Linear
  Module: ModuleList
    Module: Dropout
dropout设置为训练模式
    Module: Dropout
dropout设置为训练模式
    Module: Dropout
dropout设置为训练模式
  Module: ReLU
test_loss: 0.0201
epoch 62
train_loss: 0.0077
Module: DropoutFullyConnectedNN
  Module: ModuleList
    Module: Linear
    Module: Linear
    Module: Linear
  Module: ModuleList
    Module: Dropout
dropout设置为训练模式
    Module: Dropout
dropout设置为训练模式
    Module: Dropout
dropout设置为训练模式
  Module: ReLU
test_loss: 0.0175
epoch 63
train_loss: 0.0055
Module: DropoutFullyConnectedNN
  Module: ModuleList
    Module: Linear
    Module: Linear
    Module: Linear
  Module: ModuleList
    Module: Dropout
dropout设置为训练模式
    Module: Dropout
dropout设置为训练模式
    Module: Dropout
dropout设置为训练模式
  Module: ReLU
test_loss: 0.0155
epoch 64
train_loss: 0.0084
Module: DropoutFullyConnectedNN
  Module: ModuleList
    Module: Linear
    Module: Linear
    Module: Linear
  Module: ModuleList
    Module: Dropout
dropout设置为训练模式
    Module: Dropout
dropout设置为训练模式
    Module: Dropout
dropout设置为训练模式
  Module: ReLU
test_loss: 0.0179
epoch 65
train_loss: 0.0081
Module: DropoutFullyConnectedNN
  Module: ModuleList
    Module: Linear
    Module: Linear
    Module: Linear
  Module: ModuleList
    Module: Dropout
dropout设置为训练模式
    Module: Dropout
dropout设置为训练模式
    Module: Dropout
dropout设置为训练模式
  Module: ReLU
test_loss: 0.0219
epoch 66
train_loss: 0.0070
Module: DropoutFullyConnectedNN
  Module: ModuleList
    Module: Linear
    Module: Linear
    Module: Linear
  Module: ModuleList
    Module: Dropout
dropout设置为训练模式
    Module: Dropout
dropout设置为训练模式
    Module: Dropout
dropout设置为训练模式
  Module: ReLU
test_loss: 0.0166
epoch 67
train_loss: 0.0055
Module: DropoutFullyConnectedNN
  Module: ModuleList
    Module: Linear
    Module: Linear
    Module: Linear
  Module: ModuleList
    Module: Dropout
dropout设置为训练模式
    Module: Dropout
dropout设置为训练模式
    Module: Dropout
dropout设置为训练模式
  Module: ReLU
test_loss: 0.0166
epoch 68
train_loss: 0.0063
Module: DropoutFullyConnectedNN
  Module: ModuleList
    Module: Linear
    Module: Linear
    Module: Linear
  Module: ModuleList
    Module: Dropout
dropout设置为训练模式
    Module: Dropout
dropout设置为训练模式
    Module: Dropout
dropout设置为训练模式
  Module: ReLU
test_loss: 0.0117
epoch 69
train_loss: 0.0062
Module: DropoutFullyConnectedNN
  Module: ModuleList
    Module: Linear
    Module: Linear
    Module: Linear
  Module: ModuleList
    Module: Dropout
dropout设置为训练模式
    Module: Dropout
dropout设置为训练模式
    Module: Dropout
dropout设置为训练模式
  Module: ReLU
test_loss: 0.0147
epoch 70
train_loss: 0.0066
Module: DropoutFullyConnectedNN
  Module: ModuleList
    Module: Linear
    Module: Linear
    Module: Linear
  Module: ModuleList
    Module: Dropout
dropout设置为训练模式
    Module: Dropout
dropout设置为训练模式
    Module: Dropout
dropout设置为训练模式
  Module: ReLU
test_loss: 0.0177
epoch 71
train_loss: 0.0067
Module: DropoutFullyConnectedNN
  Module: ModuleList
    Module: Linear
    Module: Linear
    Module: Linear
  Module: ModuleList
    Module: Dropout
dropout设置为训练模式
    Module: Dropout
dropout设置为训练模式
    Module: Dropout
dropout设置为训练模式
  Module: ReLU
test_loss: 0.0166
epoch 72
train_loss: 0.0053
Module: DropoutFullyConnectedNN
  Module: ModuleList
    Module: Linear
    Module: Linear
    Module: Linear
  Module: ModuleList
    Module: Dropout
dropout设置为训练模式
    Module: Dropout
dropout设置为训练模式
    Module: Dropout
dropout设置为训练模式
  Module: ReLU
test_loss: 0.0185
epoch 73
train_loss: 0.0060
Module: DropoutFullyConnectedNN
  Module: ModuleList
    Module: Linear
    Module: Linear
    Module: Linear
  Module: ModuleList
    Module: Dropout
dropout设置为训练模式
    Module: Dropout
dropout设置为训练模式
    Module: Dropout
dropout设置为训练模式
  Module: ReLU
test_loss: 0.0136
epoch 74
train_loss: 0.0045
Module: DropoutFullyConnectedNN
  Module: ModuleList
    Module: Linear
    Module: Linear
    Module: Linear
  Module: ModuleList
    Module: Dropout
dropout设置为训练模式
    Module: Dropout
dropout设置为训练模式
    Module: Dropout
dropout设置为训练模式
  Module: ReLU
test_loss: 0.0156
epoch 75
train_loss: 0.0056
Module: DropoutFullyConnectedNN
  Module: ModuleList
    Module: Linear
    Module: Linear
    Module: Linear
  Module: ModuleList
    Module: Dropout
dropout设置为训练模式
    Module: Dropout
dropout设置为训练模式
    Module: Dropout
dropout设置为训练模式
  Module: ReLU
test_loss: 0.0152
epoch 76
train_loss: 0.0053
Module: DropoutFullyConnectedNN
  Module: ModuleList
    Module: Linear
    Module: Linear
    Module: Linear
  Module: ModuleList
    Module: Dropout
dropout设置为训练模式
    Module: Dropout
dropout设置为训练模式
    Module: Dropout
dropout设置为训练模式
  Module: ReLU
test_loss: 0.0142
epoch 77
train_loss: 0.0040
Module: DropoutFullyConnectedNN
  Module: ModuleList
    Module: Linear
    Module: Linear
    Module: Linear
  Module: ModuleList
    Module: Dropout
dropout设置为训练模式
    Module: Dropout
dropout设置为训练模式
    Module: Dropout
dropout设置为训练模式
  Module: ReLU
test_loss: 0.0118
epoch 78
train_loss: 0.0050
Module: DropoutFullyConnectedNN
  Module: ModuleList
    Module: Linear
    Module: Linear
    Module: Linear
  Module: ModuleList
    Module: Dropout
dropout设置为训练模式
    Module: Dropout
dropout设置为训练模式
    Module: Dropout
dropout设置为训练模式
  Module: ReLU
test_loss: 0.0155
epoch 79
train_loss: 0.0046
Module: DropoutFullyConnectedNN
  Module: ModuleList
    Module: Linear
    Module: Linear
    Module: Linear
  Module: ModuleList
    Module: Dropout
dropout设置为训练模式
    Module: Dropout
dropout设置为训练模式
    Module: Dropout
dropout设置为训练模式
  Module: ReLU
test_loss: 0.0127
epoch 80
train_loss: 0.0048
Module: DropoutFullyConnectedNN
  Module: ModuleList
    Module: Linear
    Module: Linear
    Module: Linear
  Module: ModuleList
    Module: Dropout
dropout设置为训练模式
    Module: Dropout
dropout设置为训练模式
    Module: Dropout
dropout设置为训练模式
  Module: ReLU
test_loss: 0.0198
epoch 81
train_loss: 0.0064
Module: DropoutFullyConnectedNN
  Module: ModuleList
    Module: Linear
    Module: Linear
    Module: Linear
  Module: ModuleList
    Module: Dropout
dropout设置为训练模式
    Module: Dropout
dropout设置为训练模式
    Module: Dropout
dropout设置为训练模式
  Module: ReLU
test_loss: 0.0144
epoch 82
train_loss: 0.0070
Module: DropoutFullyConnectedNN
  Module: ModuleList
    Module: Linear
    Module: Linear
    Module: Linear
  Module: ModuleList
    Module: Dropout
dropout设置为训练模式
    Module: Dropout
dropout设置为训练模式
    Module: Dropout
dropout设置为训练模式
  Module: ReLU
test_loss: 0.0147
epoch 83
train_loss: 0.0056
Module: DropoutFullyConnectedNN
  Module: ModuleList
    Module: Linear
    Module: Linear
    Module: Linear
  Module: ModuleList
    Module: Dropout
dropout设置为训练模式
    Module: Dropout
dropout设置为训练模式
    Module: Dropout
dropout设置为训练模式
  Module: ReLU
test_loss: 0.0173
epoch 84
train_loss: 0.0060
Module: DropoutFullyConnectedNN
  Module: ModuleList
    Module: Linear
    Module: Linear
    Module: Linear
  Module: ModuleList
    Module: Dropout
dropout设置为训练模式
    Module: Dropout
dropout设置为训练模式
    Module: Dropout
dropout设置为训练模式
  Module: ReLU
test_loss: 0.0130
epoch 85
train_loss: 0.0058
Module: DropoutFullyConnectedNN
  Module: ModuleList
    Module: Linear
    Module: Linear
    Module: Linear
  Module: ModuleList
    Module: Dropout
dropout设置为训练模式
    Module: Dropout
dropout设置为训练模式
    Module: Dropout
dropout设置为训练模式
  Module: ReLU
test_loss: 0.0140
epoch 86
train_loss: 0.0048
Module: DropoutFullyConnectedNN
  Module: ModuleList
    Module: Linear
    Module: Linear
    Module: Linear
  Module: ModuleList
    Module: Dropout
dropout设置为训练模式
    Module: Dropout
dropout设置为训练模式
    Module: Dropout
dropout设置为训练模式
  Module: ReLU
test_loss: 0.0112
epoch 87
train_loss: 0.0064
Module: DropoutFullyConnectedNN
  Module: ModuleList
    Module: Linear
    Module: Linear
    Module: Linear
  Module: ModuleList
    Module: Dropout
dropout设置为训练模式
    Module: Dropout
dropout设置为训练模式
    Module: Dropout
dropout设置为训练模式
  Module: ReLU
test_loss: 0.0193
epoch 88
train_loss: 0.0056
Module: DropoutFullyConnectedNN
  Module: ModuleList
    Module: Linear
    Module: Linear
    Module: Linear
  Module: ModuleList
    Module: Dropout
dropout设置为训练模式
    Module: Dropout
dropout设置为训练模式
    Module: Dropout
dropout设置为训练模式
  Module: ReLU
test_loss: 0.0114
epoch 89
train_loss: 0.0053
Module: DropoutFullyConnectedNN
  Module: ModuleList
    Module: Linear
    Module: Linear
    Module: Linear
  Module: ModuleList
    Module: Dropout
dropout设置为训练模式
    Module: Dropout
dropout设置为训练模式
    Module: Dropout
dropout设置为训练模式
  Module: ReLU
test_loss: 0.0126
epoch 90
train_loss: 0.0049
Module: DropoutFullyConnectedNN
  Module: ModuleList
    Module: Linear
    Module: Linear
    Module: Linear
  Module: ModuleList
    Module: Dropout
dropout设置为训练模式
    Module: Dropout
dropout设置为训练模式
    Module: Dropout
dropout设置为训练模式
  Module: ReLU
test_loss: 0.0132
epoch 91
train_loss: 0.0038
Module: DropoutFullyConnectedNN
  Module: ModuleList
    Module: Linear
    Module: Linear
    Module: Linear
  Module: ModuleList
    Module: Dropout
dropout设置为训练模式
    Module: Dropout
dropout设置为训练模式
    Module: Dropout
dropout设置为训练模式
  Module: ReLU
test_loss: 0.0146
epoch 92
train_loss: 0.0049
Module: DropoutFullyConnectedNN
  Module: ModuleList
    Module: Linear
    Module: Linear
    Module: Linear
  Module: ModuleList
    Module: Dropout
dropout设置为训练模式
    Module: Dropout
dropout设置为训练模式
    Module: Dropout
dropout设置为训练模式
  Module: ReLU
test_loss: 0.0114
epoch 93
train_loss: 0.0051
Module: DropoutFullyConnectedNN
  Module: ModuleList
    Module: Linear
    Module: Linear
    Module: Linear
  Module: ModuleList
    Module: Dropout
dropout设置为训练模式
    Module: Dropout
dropout设置为训练模式
    Module: Dropout
dropout设置为训练模式
  Module: ReLU
test_loss: 0.0108
epoch 94
train_loss: 0.0039
Module: DropoutFullyConnectedNN
  Module: ModuleList
    Module: Linear
    Module: Linear
    Module: Linear
  Module: ModuleList
    Module: Dropout
dropout设置为训练模式
    Module: Dropout
dropout设置为训练模式
    Module: Dropout
dropout设置为训练模式
  Module: ReLU
test_loss: 0.0115
epoch 95
train_loss: 0.0039
Module: DropoutFullyConnectedNN
  Module: ModuleList
    Module: Linear
    Module: Linear
    Module: Linear
  Module: ModuleList
    Module: Dropout
dropout设置为训练模式
    Module: Dropout
dropout设置为训练模式
    Module: Dropout
dropout设置为训练模式
  Module: ReLU
test_loss: 0.0142
epoch 96
train_loss: 0.0041
Module: DropoutFullyConnectedNN
  Module: ModuleList
    Module: Linear
    Module: Linear
    Module: Linear
  Module: ModuleList
    Module: Dropout
dropout设置为训练模式
    Module: Dropout
dropout设置为训练模式
    Module: Dropout
dropout设置为训练模式
  Module: ReLU
test_loss: 0.0126
epoch 97
train_loss: 0.0045
Module: DropoutFullyConnectedNN
  Module: ModuleList
    Module: Linear
    Module: Linear
    Module: Linear
  Module: ModuleList
    Module: Dropout
dropout设置为训练模式
    Module: Dropout
dropout设置为训练模式
    Module: Dropout
dropout设置为训练模式
  Module: ReLU
test_loss: 0.0145
epoch 98
train_loss: 0.0045
Module: DropoutFullyConnectedNN
  Module: ModuleList
    Module: Linear
    Module: Linear
    Module: Linear
  Module: ModuleList
    Module: Dropout
dropout设置为训练模式
    Module: Dropout
dropout设置为训练模式
    Module: Dropout
dropout设置为训练模式
  Module: ReLU
test_loss: 0.0126
epoch 99
train_loss: 0.0045
Module: DropoutFullyConnectedNN
  Module: ModuleList
    Module: Linear
    Module: Linear
    Module: Linear
  Module: ModuleList
    Module: Dropout
dropout设置为训练模式
    Module: Dropout
dropout设置为训练模式
    Module: Dropout
dropout设置为训练模式
  Module: ReLU
test_loss: 0.0117
epoch 100
train_loss: 0.0044
Module: DropoutFullyConnectedNN
  Module: ModuleList
    Module: Linear
    Module: Linear
    Module: Linear
  Module: ModuleList
    Module: Dropout
dropout设置为训练模式
    Module: Dropout
dropout设置为训练模式
    Module: Dropout
dropout设置为训练模式
  Module: ReLU
test_loss: 0.0133
epoch 101
train_loss: 0.0064
Module: DropoutFullyConnectedNN
  Module: ModuleList
    Module: Linear
    Module: Linear
    Module: Linear
  Module: ModuleList
    Module: Dropout
dropout设置为训练模式
    Module: Dropout
dropout设置为训练模式
    Module: Dropout
dropout设置为训练模式
  Module: ReLU
test_loss: 0.0115
epoch 102
train_loss: 0.0038
Module: DropoutFullyConnectedNN
  Module: ModuleList
    Module: Linear
    Module: Linear
    Module: Linear
  Module: ModuleList
    Module: Dropout
dropout设置为训练模式
    Module: Dropout
dropout设置为训练模式
    Module: Dropout
dropout设置为训练模式
  Module: ReLU
test_loss: 0.0133
epoch 103
train_loss: 0.0050
Module: DropoutFullyConnectedNN
  Module: ModuleList
    Module: Linear
    Module: Linear
    Module: Linear
  Module: ModuleList
    Module: Dropout
dropout设置为训练模式
    Module: Dropout
dropout设置为训练模式
    Module: Dropout
dropout设置为训练模式
  Module: ReLU
test_loss: 0.0091
epoch 104
train_loss: 0.0043
Module: DropoutFullyConnectedNN
  Module: ModuleList
    Module: Linear
    Module: Linear
    Module: Linear
  Module: ModuleList
    Module: Dropout
dropout设置为训练模式
    Module: Dropout
dropout设置为训练模式
    Module: Dropout
dropout设置为训练模式
  Module: ReLU
test_loss: 0.0111
epoch 105
train_loss: 0.0039
Module: DropoutFullyConnectedNN
  Module: ModuleList
    Module: Linear
    Module: Linear
    Module: Linear
  Module: ModuleList
    Module: Dropout
dropout设置为训练模式
    Module: Dropout
dropout设置为训练模式
    Module: Dropout
dropout设置为训练模式
  Module: ReLU
test_loss: 0.0120
epoch 106
train_loss: 0.0045
Module: DropoutFullyConnectedNN
  Module: ModuleList
    Module: Linear
    Module: Linear
    Module: Linear
  Module: ModuleList
    Module: Dropout
dropout设置为训练模式
    Module: Dropout
dropout设置为训练模式
    Module: Dropout
dropout设置为训练模式
  Module: ReLU
test_loss: 0.0148
epoch 107
train_loss: 0.0049
Module: DropoutFullyConnectedNN
  Module: ModuleList
    Module: Linear
    Module: Linear
    Module: Linear
  Module: ModuleList
    Module: Dropout
dropout设置为训练模式
    Module: Dropout
dropout设置为训练模式
    Module: Dropout
dropout设置为训练模式
  Module: ReLU
test_loss: 0.0093
epoch 108
train_loss: 0.0040
Module: DropoutFullyConnectedNN
  Module: ModuleList
    Module: Linear
    Module: Linear
    Module: Linear
  Module: ModuleList
    Module: Dropout
dropout设置为训练模式
    Module: Dropout
dropout设置为训练模式
    Module: Dropout
dropout设置为训练模式
  Module: ReLU
test_loss: 0.0118
epoch 109
train_loss: 0.0039
Module: DropoutFullyConnectedNN
  Module: ModuleList
    Module: Linear
    Module: Linear
    Module: Linear
  Module: ModuleList
    Module: Dropout
dropout设置为训练模式
    Module: Dropout
dropout设置为训练模式
    Module: Dropout
dropout设置为训练模式
  Module: ReLU
test_loss: 0.0083
/home/xueqiong/noise_injection_uncertainty/regression/utils.py:39: FutureWarning: The 'delim_whitespace' keyword in pd.read_csv is deprecated and will be removed in a future version. Use ``sep='\s+'`` instead
  return pd.read_csv(dataset_path, engine='python', header=None, delim_whitespace=True)
8 1
614 154 768
model_name fixnoiseFCN
using Adam as optimizer
epoch 0
train_loss: 0.5942
test_loss: 0.2530
epoch 1
train_loss: 0.1601
test_loss: 0.1246
epoch 2
train_loss: 0.0950
test_loss: 0.0936
epoch 3
train_loss: 0.0789
test_loss: 0.0848
epoch 4
train_loss: 0.0687
test_loss: 0.0777
epoch 5
train_loss: 0.0621
test_loss: 0.0750
epoch 6
train_loss: 0.0593
test_loss: 0.0741
epoch 7
train_loss: 0.0561
test_loss: 0.0687
epoch 8
train_loss: 0.0537
test_loss: 0.0672
epoch 9
train_loss: 0.0491
test_loss: 0.0670
epoch 10
train_loss: 0.0465
test_loss: 0.0576
epoch 11
train_loss: 0.0425
test_loss: 0.0555
epoch 12
train_loss: 0.0390
test_loss: 0.0502
epoch 13
train_loss: 0.0342
test_loss: 0.0468
epoch 14
train_loss: 0.0310
test_loss: 0.0397
epoch 15
train_loss: 0.0309
test_loss: 0.0375
epoch 16
train_loss: 0.0267
test_loss: 0.0390
epoch 17
train_loss: 0.0255
test_loss: 0.0388
epoch 18
train_loss: 0.0220
test_loss: 0.0356
epoch 19
train_loss: 0.0218
test_loss: 0.0348
epoch 20
train_loss: 0.0207
test_loss: 0.0319
epoch 21
train_loss: 0.0188
test_loss: 0.0303
epoch 22
train_loss: 0.0180
test_loss: 0.0299
epoch 23
train_loss: 0.0160
test_loss: 0.0299
epoch 24
train_loss: 0.0168
test_loss: 0.0298
epoch 25
train_loss: 0.0151
test_loss: 0.0294
epoch 26
train_loss: 0.0153
test_loss: 0.0286
epoch 27
train_loss: 0.0162
test_loss: 0.0234
epoch 28
train_loss: 0.0175
test_loss: 0.0216
epoch 29
train_loss: 0.0133
test_loss: 0.0249
epoch 30
train_loss: 0.0128
test_loss: 0.0240
epoch 31
train_loss: 0.0128
test_loss: 0.0197
epoch 32
train_loss: 0.0116
test_loss: 0.0234
epoch 33
train_loss: 0.0114
test_loss: 0.0227
epoch 34
train_loss: 0.0098
test_loss: 0.0187
epoch 35
train_loss: 0.0093
test_loss: 0.0159
epoch 36
train_loss: 0.0084
test_loss: 0.0198
epoch 37
train_loss: 0.0086
test_loss: 0.0152
epoch 38
train_loss: 0.0069
test_loss: 0.0212
epoch 39
train_loss: 0.0064
test_loss: 0.0165
epoch 40
train_loss: 0.0059
test_loss: 0.0129
epoch 41
train_loss: 0.0064
test_loss: 0.0187
epoch 42
train_loss: 0.0079
test_loss: 0.0170
epoch 43
train_loss: 0.0058
test_loss: 0.0137
epoch 44
train_loss: 0.0053
test_loss: 0.0209
epoch 45
train_loss: 0.0063
test_loss: 0.0158
epoch 46
train_loss: 0.0054
test_loss: 0.0144
epoch 47
train_loss: 0.0055
test_loss: 0.0223
epoch 48
train_loss: 0.0057
test_loss: 0.0103
epoch 49
train_loss: 0.0068
test_loss: 0.0151
epoch 50
train_loss: 0.0062
test_loss: 0.0181
epoch 51
train_loss: 0.0056
test_loss: 0.0100
epoch 52
train_loss: 0.0039
test_loss: 0.0091
epoch 53
train_loss: 0.0043
test_loss: 0.0091
epoch 54
train_loss: 0.0073
test_loss: 0.0199
epoch 55
train_loss: 0.0092
test_loss: 0.0133
epoch 56
train_loss: 0.0035
test_loss: 0.0150
epoch 57
train_loss: 0.0037
test_loss: 0.0144
epoch 58
train_loss: 0.0044
test_loss: 0.0096
epoch 59
train_loss: 0.0046
test_loss: 0.0123
epoch 60
train_loss: 0.0040
test_loss: 0.0085
epoch 61
train_loss: 0.0038
test_loss: 0.0113
epoch 62
train_loss: 0.0036
test_loss: 0.0105
epoch 63
train_loss: 0.0052
test_loss: 0.0091
epoch 64
train_loss: 0.0038
test_loss: 0.0090
epoch 65
train_loss: 0.0037
test_loss: 0.0092
epoch 66
train_loss: 0.0037
test_loss: 0.0111
epoch 67
train_loss: 0.0051
test_loss: 0.0159
epoch 68
train_loss: 0.0042
test_loss: 0.0103
epoch 69
train_loss: 0.0055
test_loss: 0.0134
epoch 70
train_loss: 0.0059
test_loss: 0.0154
epoch 71
train_loss: 0.0037
test_loss: 0.0118
epoch 72
train_loss: 0.0034
test_loss: 0.0179
epoch 73
train_loss: 0.0052
test_loss: 0.0083
epoch 74
train_loss: 0.0037
test_loss: 0.0138
epoch 75
train_loss: 0.0048
test_loss: 0.0099
epoch 76
train_loss: 0.0041
test_loss: 0.0151
epoch 77
train_loss: 0.0056
test_loss: 0.0095
epoch 78
train_loss: 0.0035
test_loss: 0.0120
epoch 79
train_loss: 0.0030
test_loss: 0.0117
epoch 80
train_loss: 0.0045
test_loss: 0.0117
epoch 81
train_loss: 0.0039
test_loss: 0.0145
epoch 82
train_loss: 0.0043
test_loss: 0.0118
epoch 83
train_loss: 0.0035
test_loss: 0.0145
epoch 84
train_loss: 0.0035
test_loss: 0.0093
epoch 85
train_loss: 0.0039
test_loss: 0.0106
epoch 86
train_loss: 0.0035
test_loss: 0.0115
epoch 87
train_loss: 0.0042
test_loss: 0.0138
epoch 88
train_loss: 0.0035
test_loss: 0.0107
epoch 89
train_loss: 0.0031
test_loss: 0.0103
epoch 90
train_loss: 0.0037
test_loss: 0.0089
epoch 91
train_loss: 0.0039
test_loss: 0.0077
epoch 92
train_loss: 0.0031
test_loss: 0.0098
epoch 93
train_loss: 0.0044
test_loss: 0.0108
epoch 94
train_loss: 0.0037
test_loss: 0.0117
epoch 95
train_loss: 0.0048
test_loss: 0.0100
epoch 96
train_loss: 0.0036
test_loss: 0.0119
epoch 97
train_loss: 0.0035
test_loss: 0.0128
epoch 98
train_loss: 0.0036
test_loss: 0.0143
epoch 99
train_loss: 0.0038
test_loss: 0.0101
epoch 100
train_loss: 0.0030
test_loss: 0.0091
epoch 101
train_loss: 0.0032
test_loss: 0.0109
epoch 102
train_loss: 0.0034
test_loss: 0.0155
epoch 103
train_loss: 0.0038
test_loss: 0.0098
epoch 104
train_loss: 0.0036
test_loss: 0.0117
epoch 105
train_loss: 0.0026
test_loss: 0.0107
epoch 106
train_loss: 0.0040
test_loss: 0.0085
epoch 107
train_loss: 0.0037
test_loss: 0.0161
epoch 108
train_loss: 0.0030
test_loss: 0.0117
epoch 109
train_loss: 0.0046
test_loss: 0.0113
epoch 110
train_loss: 0.0030
test_loss: 0.0134
epoch 111
train_loss: 0.0028
test_loss: 0.0170
epoch 112
train_loss: 0.0035
test_loss: 0.0090
epoch 113
train_loss: 0.0034
test_loss: 0.0119
epoch 114
train_loss: 0.0034
test_loss: 0.0089
epoch 115
train_loss: 0.0027
test_loss: 0.0091
epoch 116
train_loss: 0.0042
test_loss: 0.0113
epoch 117
train_loss: 0.0036
test_loss: 0.0113
epoch 118
train_loss: 0.0030
test_loss: 0.0121
epoch 119
train_loss: 0.0028
test_loss: 0.0136
epoch 120
train_loss: 0.0036
test_loss: 0.0118
epoch 121
train_loss: 0.0037
test_loss: 0.0119
epoch 122
train_loss: 0.0042
test_loss: 0.0077
epoch 123
train_loss: 0.0027
test_loss: 0.0117
epoch 124
train_loss: 0.0024
test_loss: 0.0112
epoch 125
train_loss: 0.0034
test_loss: 0.0081
epoch 126
train_loss: 0.0028
test_loss: 0.0120
epoch 127
train_loss: 0.0038
test_loss: 0.0128
epoch 128
train_loss: 0.0031
test_loss: 0.0151
epoch 129
train_loss: 0.0033
test_loss: 0.0100
epoch 130
train_loss: 0.0036
test_loss: 0.0146
epoch 131
train_loss: 0.0038
test_loss: 0.0129
epoch 132
train_loss: 0.0039
test_loss: 0.0075
epoch 133
train_loss: 0.0043
test_loss: 0.0110
epoch 134
train_loss: 0.0033
test_loss: 0.0092
epoch 135
train_loss: 0.0041
test_loss: 0.0114
epoch 136
train_loss: 0.0031
test_loss: 0.0149
epoch 137
train_loss: 0.0025
test_loss: 0.0090
epoch 138
train_loss: 0.0035
test_loss: 0.0114
epoch 139
train_loss: 0.0029
test_loss: 0.0111
/home/xueqiong/noise_injection_uncertainty/regression/utils.py:39: FutureWarning: The 'delim_whitespace' keyword in pd.read_csv is deprecated and will be removed in a future version. Use ``sep='\s+'`` instead
  return pd.read_csv(dataset_path, engine='python', header=None, delim_whitespace=True)
8 1
614 154 768
model_name noisyFCN
using Adam as optimizer
epoch 0
train_loss: 0.7267
test_loss: 0.4517
epoch 1
train_loss: 0.2979
test_loss: 0.1854
epoch 2
train_loss: 0.1343
test_loss: 0.1077
epoch 3
train_loss: 0.0902
test_loss: 0.0917
epoch 4
train_loss: 0.0793
test_loss: 0.0866
epoch 5
train_loss: 0.0735
test_loss: 0.0835
epoch 6
train_loss: 0.0693
test_loss: 0.0809
epoch 7
train_loss: 0.0660
test_loss: 0.0790
epoch 8
train_loss: 0.0631
test_loss: 0.0773
epoch 9
train_loss: 0.0607
test_loss: 0.0752
epoch 10
train_loss: 0.0584
test_loss: 0.0732
epoch 11
train_loss: 0.0563
test_loss: 0.0716
epoch 12
train_loss: 0.0544
test_loss: 0.0698
epoch 13
train_loss: 0.0525
test_loss: 0.0681
epoch 14
train_loss: 0.0506
test_loss: 0.0662
epoch 15
train_loss: 0.0487
test_loss: 0.0645
epoch 16
train_loss: 0.0470
test_loss: 0.0628
epoch 17
train_loss: 0.0452
test_loss: 0.0607
epoch 18
train_loss: 0.0436
test_loss: 0.0586
epoch 19
train_loss: 0.0418
test_loss: 0.0568
epoch 20
train_loss: 0.0399
test_loss: 0.0547
epoch 21
train_loss: 0.0380
test_loss: 0.0527
epoch 22
train_loss: 0.0360
test_loss: 0.0507
epoch 23
train_loss: 0.0340
test_loss: 0.0487
epoch 24
train_loss: 0.0319
test_loss: 0.0467
epoch 25
train_loss: 0.0298
test_loss: 0.0452
epoch 26
train_loss: 0.0279
test_loss: 0.0435
epoch 27
train_loss: 0.0261
test_loss: 0.0415
epoch 28
train_loss: 0.0246
test_loss: 0.0397
epoch 29
train_loss: 0.0232
test_loss: 0.0386
epoch 30
train_loss: 0.0217
test_loss: 0.0378
epoch 31
train_loss: 0.0204
test_loss: 0.0374
epoch 32
train_loss: 0.0193
test_loss: 0.0347
epoch 33
train_loss: 0.0182
test_loss: 0.0337
epoch 34
train_loss: 0.0171
test_loss: 0.0327
epoch 35
train_loss: 0.0160
test_loss: 0.0316
epoch 36
train_loss: 0.0150
test_loss: 0.0302
epoch 37
train_loss: 0.0142
test_loss: 0.0296
epoch 38
train_loss: 0.0132
test_loss: 0.0287
epoch 39
train_loss: 0.0122
test_loss: 0.0274
epoch 40
train_loss: 0.0115
test_loss: 0.0267
epoch 41
train_loss: 0.0107
test_loss: 0.0250
epoch 42
train_loss: 0.0099
test_loss: 0.0251
epoch 43
train_loss: 0.0092
test_loss: 0.0239
epoch 44
train_loss: 0.0085
test_loss: 0.0237
epoch 45
train_loss: 0.0079
test_loss: 0.0227
epoch 46
train_loss: 0.0073
test_loss: 0.0220
epoch 47
train_loss: 0.0068
test_loss: 0.0215
epoch 48
train_loss: 0.0064
test_loss: 0.0210
epoch 49
train_loss: 0.0059
test_loss: 0.0207
epoch 50
train_loss: 0.0055
test_loss: 0.0197
epoch 51
train_loss: 0.0051
test_loss: 0.0195
epoch 52
train_loss: 0.0049
test_loss: 0.0190
epoch 53
train_loss: 0.0046
test_loss: 0.0185
epoch 54
train_loss: 0.0044
test_loss: 0.0182
epoch 55
train_loss: 0.0042
test_loss: 0.0181
epoch 56
train_loss: 0.0040
test_loss: 0.0182
epoch 57
train_loss: 0.0040
test_loss: 0.0174
epoch 58
train_loss: 0.0037
test_loss: 0.0170
epoch 59
train_loss: 0.0036
test_loss: 0.0170
epoch 60
train_loss: 0.0035
test_loss: 0.0165
epoch 61
train_loss: 0.0034
test_loss: 0.0167
epoch 62
train_loss: 0.0033
test_loss: 0.0163
epoch 63
train_loss: 0.0032
test_loss: 0.0159
epoch 64
train_loss: 0.0031
test_loss: 0.0162
epoch 65
train_loss: 0.0031
test_loss: 0.0158
epoch 66
train_loss: 0.0030
test_loss: 0.0168
epoch 67
train_loss: 0.0033
test_loss: 0.0162
epoch 68
train_loss: 0.0031
test_loss: 0.0157
epoch 69
train_loss: 0.0030
test_loss: 0.0147
epoch 70
train_loss: 0.0026
test_loss: 0.0147
epoch 71
train_loss: 0.0028
test_loss: 0.0151
epoch 72
train_loss: 0.0027
test_loss: 0.0153
epoch 73
train_loss: 0.0028
test_loss: 0.0153
epoch 74
train_loss: 0.0028
test_loss: 0.0153
epoch 75
train_loss: 0.0027
test_loss: 0.0153
epoch 76
train_loss: 0.0028
test_loss: 0.0146
epoch 77
train_loss: 0.0027
test_loss: 0.0148
epoch 78
train_loss: 0.0027
test_loss: 0.0148
epoch 79
train_loss: 0.0026
test_loss: 0.0144
epoch 80
train_loss: 0.0025
test_loss: 0.0143
epoch 81
train_loss: 0.0026
test_loss: 0.0146
epoch 82
train_loss: 0.0025
test_loss: 0.0147
epoch 83
train_loss: 0.0027
test_loss: 0.0142
epoch 84
train_loss: 0.0025
test_loss: 0.0142
epoch 85
train_loss: 0.0025
test_loss: 0.0140
epoch 86
train_loss: 0.0024
test_loss: 0.0139
epoch 87
train_loss: 0.0024
test_loss: 0.0139
epoch 88
train_loss: 0.0024
test_loss: 0.0141
epoch 89
train_loss: 0.0025
test_loss: 0.0144
epoch 90
train_loss: 0.0026
test_loss: 0.0140
epoch 91
train_loss: 0.0025
test_loss: 0.0138
epoch 92
train_loss: 0.0024
test_loss: 0.0140
epoch 93
train_loss: 0.0024
test_loss: 0.0132
epoch 94
train_loss: 0.0024
test_loss: 0.0138
epoch 95
train_loss: 0.0024
test_loss: 0.0135
epoch 96
train_loss: 0.0024
test_loss: 0.0139
epoch 97
train_loss: 0.0025
test_loss: 0.0135
epoch 98
train_loss: 0.0024
test_loss: 0.0134
epoch 99
train_loss: 0.0023
test_loss: 0.0127
epoch 100
train_loss: 0.0022
test_loss: 0.0130
epoch 101
train_loss: 0.0021
test_loss: 0.0134
epoch 102
train_loss: 0.0023
test_loss: 0.0132
epoch 103
train_loss: 0.0023
test_loss: 0.0132
epoch 104
train_loss: 0.0023
test_loss: 0.0132
epoch 105
train_loss: 0.0023
test_loss: 0.0134
epoch 106
train_loss: 0.0023
test_loss: 0.0132
epoch 107
train_loss: 0.0023
test_loss: 0.0131
epoch 108
train_loss: 0.0023
test_loss: 0.0123
epoch 109
train_loss: 0.0023
test_loss: 0.0113
epoch 110
train_loss: 0.0021
test_loss: 0.0123
epoch 111
train_loss: 0.0020
test_loss: 0.0127
epoch 112
train_loss: 0.0020
test_loss: 0.0128
epoch 113
train_loss: 0.0020
test_loss: 0.0129
epoch 114
train_loss: 0.0021
test_loss: 0.0122
epoch 115
train_loss: 0.0020
test_loss: 0.0124
epoch 116
train_loss: 0.0020
test_loss: 0.0125
epoch 117
train_loss: 0.0020
test_loss: 0.0131
epoch 118
train_loss: 0.0021
test_loss: 0.0126
epoch 119
train_loss: 0.0020
test_loss: 0.0126
epoch 120
train_loss: 0.0021
test_loss: 0.0130
epoch 121
train_loss: 0.0021
test_loss: 0.0129
epoch 122
train_loss: 0.0024
test_loss: 0.0128
epoch 123
train_loss: 0.0020
test_loss: 0.0120
epoch 124
train_loss: 0.0020
test_loss: 0.0130
epoch 125
train_loss: 0.0022
test_loss: 0.0128
epoch 126
train_loss: 0.0021
test_loss: 0.0127
epoch 127
train_loss: 0.0021
test_loss: 0.0128
epoch 128
train_loss: 0.0021
test_loss: 0.0125
epoch 129
train_loss: 0.0021
test_loss: 0.0128
epoch 130
train_loss: 0.0021
test_loss: 0.0126
epoch 131
train_loss: 0.0020
test_loss: 0.0126
epoch 132
train_loss: 0.0022
test_loss: 0.0136
epoch 133
train_loss: 0.0025
test_loss: 0.0129
epoch 134
train_loss: 0.0021
test_loss: 0.0122
epoch 135
train_loss: 0.0020
test_loss: 0.0125
epoch 136
train_loss: 0.0021
test_loss: 0.0128
epoch 137
train_loss: 0.0021
test_loss: 0.0122
epoch 138
train_loss: 0.0020
test_loss: 0.0121
epoch 139
train_loss: 0.0022
test_loss: 0.0132
epoch 140
train_loss: 0.0021
test_loss: 0.0120
epoch 141
train_loss: 0.0020
test_loss: 0.0125
epoch 142
train_loss: 0.0021
test_loss: 0.0128
epoch 143
train_loss: 0.0023
test_loss: 0.0124
epoch 144
train_loss: 0.0021
test_loss: 0.0116
epoch 145
train_loss: 0.0019
test_loss: 0.0121
epoch 146
train_loss: 0.0020
test_loss: 0.0119
epoch 147
train_loss: 0.0020
test_loss: 0.0115
epoch 148
train_loss: 0.0018
test_loss: 0.0114
epoch 149
train_loss: 0.0019
test_loss: 0.0121
epoch 150
train_loss: 0.0018
test_loss: 0.0115
epoch 151
train_loss: 0.0018
test_loss: 0.0118
epoch 152
train_loss: 0.0019
test_loss: 0.0119
epoch 153
train_loss: 0.0019
test_loss: 0.0116
epoch 154
train_loss: 0.0018
test_loss: 0.0119
epoch 155
train_loss: 0.0018
test_loss: 0.0117
epoch 156
train_loss: 0.0018
test_loss: 0.0116
epoch 157
train_loss: 0.0018
test_loss: 0.0117
epoch 158
train_loss: 0.0018
test_loss: 0.0120
epoch 159
train_loss: 0.0018
test_loss: 0.0118
epoch 160
train_loss: 0.0019
test_loss: 0.0116
epoch 161
train_loss: 0.0017
test_loss: 0.0116
epoch 162
train_loss: 0.0017
test_loss: 0.0115
epoch 163
train_loss: 0.0018
test_loss: 0.0121
epoch 164
train_loss: 0.0018
test_loss: 0.0120
epoch 165
train_loss: 0.0018
test_loss: 0.0118
epoch 166
train_loss: 0.0018
test_loss: 0.0116
epoch 167
train_loss: 0.0017
test_loss: 0.0118
epoch 168
train_loss: 0.0018
test_loss: 0.0119
epoch 169
train_loss: 0.0018
test_loss: 0.0115
epoch 170
train_loss: 0.0018
test_loss: 0.0119
epoch 171
train_loss: 0.0017
test_loss: 0.0121
epoch 172
train_loss: 0.0018
test_loss: 0.0118
epoch 173
train_loss: 0.0017
test_loss: 0.0117
epoch 174
train_loss: 0.0018
test_loss: 0.0116
epoch 175
train_loss: 0.0017
test_loss: 0.0120
epoch 176
train_loss: 0.0018
test_loss: 0.0116
epoch 177
train_loss: 0.0017
test_loss: 0.0117
epoch 178
train_loss: 0.0018
test_loss: 0.0119
epoch 179
train_loss: 0.0017
test_loss: 0.0122
/home/xueqiong/noise_injection_uncertainty/regression/utils.py:39: FutureWarning: The 'delim_whitespace' keyword in pd.read_csv is deprecated and will be removed in a future version. Use ``sep='\s+'`` instead
  return pd.read_csv(dataset_path, engine='python', header=None, delim_whitespace=True)
8 1
6554 1638 8192
model_name FCN
using Adam as optimizer
epoch 0
train_loss: 0.9185
test_loss: 0.8480
epoch 1
train_loss: 0.7410
test_loss: 0.6612
epoch 2
train_loss: 0.5808
test_loss: 0.5593
epoch 3
train_loss: 0.5185
test_loss: 0.5271
epoch 4
train_loss: 0.4926
test_loss: 0.5055
epoch 5
train_loss: 0.4718
test_loss: 0.4855
epoch 6
train_loss: 0.4523
test_loss: 0.4662
epoch 7
train_loss: 0.4334
test_loss: 0.4474
epoch 8
train_loss: 0.4148
test_loss: 0.4288
epoch 9
train_loss: 0.3964
test_loss: 0.4105
epoch 10
train_loss: 0.3784
test_loss: 0.3931
epoch 11
train_loss: 0.3616
test_loss: 0.3771
epoch 12
train_loss: 0.3461
test_loss: 0.3622
epoch 13
train_loss: 0.3318
test_loss: 0.3485
epoch 14
train_loss: 0.3187
test_loss: 0.3356
epoch 15
train_loss: 0.3064
test_loss: 0.3237
epoch 16
train_loss: 0.2949
test_loss: 0.3126
epoch 17
train_loss: 0.2842
test_loss: 0.3022
epoch 18
train_loss: 0.2742
test_loss: 0.2923
epoch 19
train_loss: 0.2647
test_loss: 0.2827
epoch 20
train_loss: 0.2558
test_loss: 0.2737
epoch 21
train_loss: 0.2474
test_loss: 0.2652
epoch 22
train_loss: 0.2395
test_loss: 0.2570
epoch 23
train_loss: 0.2321
test_loss: 0.2493
epoch 24
train_loss: 0.2253
test_loss: 0.2420
epoch 25
train_loss: 0.2189
test_loss: 0.2352
epoch 26
train_loss: 0.2129
test_loss: 0.2288
epoch 27
train_loss: 0.2074
test_loss: 0.2228
epoch 28
train_loss: 0.2022
test_loss: 0.2172
epoch 29
train_loss: 0.1974
test_loss: 0.2120
epoch 30
train_loss: 0.1929
test_loss: 0.2072
epoch 31
train_loss: 0.1888
test_loss: 0.2028
epoch 32
train_loss: 0.1850
test_loss: 0.1985
epoch 33
train_loss: 0.1813
test_loss: 0.1944
epoch 34
train_loss: 0.1777
test_loss: 0.1904
epoch 35
train_loss: 0.1743
test_loss: 0.1868
epoch 36
train_loss: 0.1711
test_loss: 0.1833
epoch 37
train_loss: 0.1681
test_loss: 0.1800
epoch 38
train_loss: 0.1653
test_loss: 0.1770
epoch 39
train_loss: 0.1626
test_loss: 0.1741
epoch 40
train_loss: 0.1600
test_loss: 0.1713
epoch 41
train_loss: 0.1575
test_loss: 0.1687
epoch 42
train_loss: 0.1551
test_loss: 0.1662
epoch 43
train_loss: 0.1528
test_loss: 0.1638
epoch 44
train_loss: 0.1506
test_loss: 0.1615
epoch 45
train_loss: 0.1485
test_loss: 0.1593
epoch 46
train_loss: 0.1464
test_loss: 0.1571
epoch 47
train_loss: 0.1444
test_loss: 0.1551
epoch 48
train_loss: 0.1425
test_loss: 0.1532
epoch 49
train_loss: 0.1406
test_loss: 0.1513
epoch 50
train_loss: 0.1388
test_loss: 0.1496
epoch 51
train_loss: 0.1371
test_loss: 0.1479
epoch 52
train_loss: 0.1354
test_loss: 0.1463
epoch 53
train_loss: 0.1337
test_loss: 0.1447
epoch 54
train_loss: 0.1321
test_loss: 0.1432
epoch 55
train_loss: 0.1306
test_loss: 0.1417
epoch 56
train_loss: 0.1291
test_loss: 0.1403
epoch 57
train_loss: 0.1276
test_loss: 0.1389
epoch 58
train_loss: 0.1262
test_loss: 0.1376
epoch 59
train_loss: 0.1248
test_loss: 0.1363
epoch 60
train_loss: 0.1234
test_loss: 0.1351
epoch 61
train_loss: 0.1221
test_loss: 0.1339
epoch 62
train_loss: 0.1208
test_loss: 0.1328
epoch 63
train_loss: 0.1195
test_loss: 0.1316
epoch 64
train_loss: 0.1183
test_loss: 0.1305
epoch 65
train_loss: 0.1171
test_loss: 0.1294
epoch 66
train_loss: 0.1160
test_loss: 0.1284
epoch 67
train_loss: 0.1149
test_loss: 0.1274
epoch 68
train_loss: 0.1139
test_loss: 0.1264
epoch 69
train_loss: 0.1128
test_loss: 0.1254
epoch 70
train_loss: 0.1118
test_loss: 0.1244
epoch 71
train_loss: 0.1108
test_loss: 0.1235
epoch 72
train_loss: 0.1099
test_loss: 0.1226
epoch 73
train_loss: 0.1090
test_loss: 0.1217
epoch 74
train_loss: 0.1080
test_loss: 0.1209
epoch 75
train_loss: 0.1072
test_loss: 0.1201
epoch 76
train_loss: 0.1063
test_loss: 0.1193
epoch 77
train_loss: 0.1054
test_loss: 0.1185
epoch 78
train_loss: 0.1046
test_loss: 0.1177
epoch 79
train_loss: 0.1038
test_loss: 0.1170
epoch 80
train_loss: 0.1031
test_loss: 0.1163
epoch 81
train_loss: 0.1023
test_loss: 0.1156
epoch 82
train_loss: 0.1016
test_loss: 0.1150
epoch 83
train_loss: 0.1008
test_loss: 0.1143
epoch 84
train_loss: 0.1001
test_loss: 0.1137
epoch 85
train_loss: 0.0994
test_loss: 0.1131
epoch 86
train_loss: 0.0987
test_loss: 0.1125
epoch 87
train_loss: 0.0981
test_loss: 0.1119
epoch 88
train_loss: 0.0974
test_loss: 0.1113
epoch 89
train_loss: 0.0968
test_loss: 0.1108
epoch 90
train_loss: 0.0962
test_loss: 0.1102
epoch 91
train_loss: 0.0956
test_loss: 0.1097
epoch 92
train_loss: 0.0950
test_loss: 0.1092
epoch 93
train_loss: 0.0944
test_loss: 0.1086
epoch 94
train_loss: 0.0938
test_loss: 0.1081
epoch 95
train_loss: 0.0933
test_loss: 0.1076
epoch 96
train_loss: 0.0927
test_loss: 0.1071
epoch 97
train_loss: 0.0922
test_loss: 0.1067
epoch 98
train_loss: 0.0917
test_loss: 0.1062
epoch 99
train_loss: 0.0912
test_loss: 0.1057
epoch 100
train_loss: 0.0907
test_loss: 0.1053
epoch 101
train_loss: 0.0902
test_loss: 0.1049
epoch 102
train_loss: 0.0897
test_loss: 0.1044
epoch 103
train_loss: 0.0892
test_loss: 0.1040
epoch 104
train_loss: 0.0888
test_loss: 0.1036
epoch 105
train_loss: 0.0883
test_loss: 0.1032
epoch 106
train_loss: 0.0879
test_loss: 0.1028
epoch 107
train_loss: 0.0874
test_loss: 0.1024
epoch 108
train_loss: 0.0870
test_loss: 0.1021
epoch 109
train_loss: 0.0866
test_loss: 0.1017
epoch 110
train_loss: 0.0861
test_loss: 0.1013
epoch 111
train_loss: 0.0857
test_loss: 0.1010
epoch 112
train_loss: 0.0853
test_loss: 0.1006
epoch 113
train_loss: 0.0849
test_loss: 0.1003
epoch 114
train_loss: 0.0845
test_loss: 0.1000
epoch 115
train_loss: 0.0841
test_loss: 0.0996
epoch 116
train_loss: 0.0837
test_loss: 0.0993
epoch 117
train_loss: 0.0834
test_loss: 0.0990
epoch 118
train_loss: 0.0830
test_loss: 0.0987
epoch 119
train_loss: 0.0826
test_loss: 0.0984
epoch 120
train_loss: 0.0823
test_loss: 0.0981
epoch 121
train_loss: 0.0819
test_loss: 0.0979
epoch 122
train_loss: 0.0816
test_loss: 0.0976
epoch 123
train_loss: 0.0813
test_loss: 0.0973
epoch 124
train_loss: 0.0809
test_loss: 0.0970
epoch 125
train_loss: 0.0806
test_loss: 0.0967
epoch 126
train_loss: 0.0803
test_loss: 0.0964
epoch 127
train_loss: 0.0800
test_loss: 0.0961
epoch 128
train_loss: 0.0796
test_loss: 0.0959
epoch 129
train_loss: 0.0793
test_loss: 0.0956
epoch 130
train_loss: 0.0790
test_loss: 0.0953
epoch 131
train_loss: 0.0787
test_loss: 0.0951
epoch 132
train_loss: 0.0784
test_loss: 0.0948
epoch 133
train_loss: 0.0781
test_loss: 0.0946
epoch 134
train_loss: 0.0779
test_loss: 0.0944
epoch 135
train_loss: 0.0776
test_loss: 0.0942
epoch 136
train_loss: 0.0773
test_loss: 0.0939
epoch 137
train_loss: 0.0770
test_loss: 0.0937
epoch 138
train_loss: 0.0768
test_loss: 0.0935
epoch 139
train_loss: 0.0765
test_loss: 0.0933
epoch 140
train_loss: 0.0763
test_loss: 0.0931
epoch 141
train_loss: 0.0760
test_loss: 0.0929
epoch 142
train_loss: 0.0758
test_loss: 0.0927
epoch 143
train_loss: 0.0755
test_loss: 0.0925
epoch 144
train_loss: 0.0753
test_loss: 0.0923
epoch 145
train_loss: 0.0751
test_loss: 0.0921
epoch 146
train_loss: 0.0748
test_loss: 0.0919
epoch 147
train_loss: 0.0746
test_loss: 0.0917
epoch 148
train_loss: 0.0744
test_loss: 0.0915
epoch 149
train_loss: 0.0742
test_loss: 0.0914
epoch 150
train_loss: 0.0740
test_loss: 0.0912
epoch 151
train_loss: 0.0738
test_loss: 0.0910
epoch 152
train_loss: 0.0735
test_loss: 0.0908
epoch 153
train_loss: 0.0733
test_loss: 0.0906
epoch 154
train_loss: 0.0731
test_loss: 0.0904
epoch 155
train_loss: 0.0729
test_loss: 0.0903
epoch 156
train_loss: 0.0727
test_loss: 0.0901
epoch 157
train_loss: 0.0725
test_loss: 0.0900
epoch 158
train_loss: 0.0723
test_loss: 0.0898
epoch 159
train_loss: 0.0721
test_loss: 0.0896
epoch 160
train_loss: 0.0719
test_loss: 0.0895
epoch 161
train_loss: 0.0718
test_loss: 0.0893
epoch 162
train_loss: 0.0716
test_loss: 0.0891
epoch 163
train_loss: 0.0714
test_loss: 0.0890
epoch 164
train_loss: 0.0712
test_loss: 0.0888
epoch 165
train_loss: 0.0710
test_loss: 0.0887
epoch 166
train_loss: 0.0709
test_loss: 0.0886
epoch 167
train_loss: 0.0707
test_loss: 0.0884
epoch 168
train_loss: 0.0705
test_loss: 0.0883
epoch 169
train_loss: 0.0703
test_loss: 0.0882
epoch 170
train_loss: 0.0702
test_loss: 0.0880
epoch 171
train_loss: 0.0700
test_loss: 0.0879
epoch 172
train_loss: 0.0699
test_loss: 0.0878
epoch 173
train_loss: 0.0697
test_loss: 0.0877
epoch 174
train_loss: 0.0695
test_loss: 0.0876
epoch 175
train_loss: 0.0694
test_loss: 0.0875
epoch 176
train_loss: 0.0692
test_loss: 0.0873
epoch 177
train_loss: 0.0691
test_loss: 0.0872
epoch 178
train_loss: 0.0689
test_loss: 0.0871
epoch 179
train_loss: 0.0687
test_loss: 0.0870
epoch 180
train_loss: 0.0686
test_loss: 0.0869
epoch 181
train_loss: 0.0685
test_loss: 0.0868
epoch 182
train_loss: 0.0683
test_loss: 0.0867
epoch 183
train_loss: 0.0682
test_loss: 0.0866
epoch 184
train_loss: 0.0680
test_loss: 0.0865
epoch 185
train_loss: 0.0679
test_loss: 0.0864
epoch 186
train_loss: 0.0678
test_loss: 0.0862
epoch 187
train_loss: 0.0677
test_loss: 0.0862
epoch 188
train_loss: 0.0675
test_loss: 0.0861
epoch 189
train_loss: 0.0674
test_loss: 0.0860
epoch 190
train_loss: 0.0673
test_loss: 0.0859
epoch 191
train_loss: 0.0672
test_loss: 0.0858
epoch 192
train_loss: 0.0670
test_loss: 0.0857
epoch 193
train_loss: 0.0669
test_loss: 0.0856
epoch 194
train_loss: 0.0668
test_loss: 0.0855
epoch 195
train_loss: 0.0667
test_loss: 0.0854
epoch 196
train_loss: 0.0666
test_loss: 0.0853
epoch 197
train_loss: 0.0664
test_loss: 0.0853
epoch 198
train_loss: 0.0663
test_loss: 0.0852
epoch 199
train_loss: 0.0662
test_loss: 0.0851
epoch 200
train_loss: 0.0661
test_loss: 0.0850
epoch 201
train_loss: 0.0660
test_loss: 0.0850
epoch 202
train_loss: 0.0659
test_loss: 0.0849
epoch 203
train_loss: 0.0658
test_loss: 0.0848
epoch 204
train_loss: 0.0657
test_loss: 0.0847
epoch 205
train_loss: 0.0656
test_loss: 0.0846
epoch 206
train_loss: 0.0655
test_loss: 0.0846
epoch 207
train_loss: 0.0654
test_loss: 0.0844
epoch 208
train_loss: 0.0653
test_loss: 0.0844
epoch 209
train_loss: 0.0652
test_loss: 0.0843
epoch 210
train_loss: 0.0651
test_loss: 0.0842
epoch 211
train_loss: 0.0650
test_loss: 0.0841
epoch 212
train_loss: 0.0649
test_loss: 0.0840
epoch 213
train_loss: 0.0648
test_loss: 0.0840
epoch 214
train_loss: 0.0647
test_loss: 0.0839
epoch 215
train_loss: 0.0646
test_loss: 0.0838
epoch 216
train_loss: 0.0645
test_loss: 0.0837
epoch 217
train_loss: 0.0644
test_loss: 0.0836
epoch 218
train_loss: 0.0643
test_loss: 0.0835
epoch 219
train_loss: 0.0642
test_loss: 0.0835
epoch 220
train_loss: 0.0641
test_loss: 0.0834
epoch 221
train_loss: 0.0640
test_loss: 0.0833
epoch 222
train_loss: 0.0639
test_loss: 0.0832
epoch 223
train_loss: 0.0638
test_loss: 0.0832
epoch 224
train_loss: 0.0637
test_loss: 0.0831
epoch 225
train_loss: 0.0637
test_loss: 0.0830
epoch 226
train_loss: 0.0636
test_loss: 0.0829
epoch 227
train_loss: 0.0635
test_loss: 0.0828
epoch 228
train_loss: 0.0634
test_loss: 0.0827
epoch 229
train_loss: 0.0633
test_loss: 0.0827
epoch 230
train_loss: 0.0632
test_loss: 0.0826
epoch 231
train_loss: 0.0631
test_loss: 0.0825
epoch 232
train_loss: 0.0630
test_loss: 0.0825
epoch 233
train_loss: 0.0630
test_loss: 0.0824
epoch 234
train_loss: 0.0629
test_loss: 0.0824
epoch 235
train_loss: 0.0628
test_loss: 0.0823
epoch 236
train_loss: 0.0627
test_loss: 0.0823
epoch 237
train_loss: 0.0626
test_loss: 0.0822
epoch 238
train_loss: 0.0626
test_loss: 0.0821
epoch 239
train_loss: 0.0625
test_loss: 0.0821
epoch 240
train_loss: 0.0624
test_loss: 0.0820
epoch 241
train_loss: 0.0623
test_loss: 0.0820
epoch 242
train_loss: 0.0623
test_loss: 0.0819
epoch 243
train_loss: 0.0622
test_loss: 0.0819
epoch 244
train_loss: 0.0621
test_loss: 0.0818
epoch 245
train_loss: 0.0620
test_loss: 0.0818
epoch 246
train_loss: 0.0620
test_loss: 0.0817
epoch 247
train_loss: 0.0619
test_loss: 0.0817
epoch 248
train_loss: 0.0618
test_loss: 0.0816
epoch 249
train_loss: 0.0617
test_loss: 0.0816
epoch 250
train_loss: 0.0617
test_loss: 0.0815
epoch 251
train_loss: 0.0616
test_loss: 0.0815
epoch 252
train_loss: 0.0615
test_loss: 0.0814
epoch 253
train_loss: 0.0615
test_loss: 0.0814
epoch 254
train_loss: 0.0614
test_loss: 0.0814
epoch 255
train_loss: 0.0613
test_loss: 0.0813
epoch 256
train_loss: 0.0613
test_loss: 0.0813
epoch 257
train_loss: 0.0612
test_loss: 0.0812
epoch 258
train_loss: 0.0611
test_loss: 0.0812
epoch 259
train_loss: 0.0611
test_loss: 0.0811
epoch 260
train_loss: 0.0610
test_loss: 0.0811
epoch 261
train_loss: 0.0610
test_loss: 0.0810
epoch 262
train_loss: 0.0609
test_loss: 0.0810
epoch 263
train_loss: 0.0608
test_loss: 0.0809
epoch 264
train_loss: 0.0608
test_loss: 0.0809
epoch 265
train_loss: 0.0607
test_loss: 0.0808
epoch 266
train_loss: 0.0607
test_loss: 0.0808
epoch 267
train_loss: 0.0606
test_loss: 0.0807
epoch 268
train_loss: 0.0605
test_loss: 0.0807
epoch 269
train_loss: 0.0605
test_loss: 0.0806
epoch 270
train_loss: 0.0604
test_loss: 0.0806
epoch 271
train_loss: 0.0603
test_loss: 0.0805
epoch 272
train_loss: 0.0603
test_loss: 0.0805
epoch 273
train_loss: 0.0602
test_loss: 0.0804
epoch 274
train_loss: 0.0602
test_loss: 0.0804
epoch 275
train_loss: 0.0601
test_loss: 0.0804
epoch 276
train_loss: 0.0600
test_loss: 0.0803
epoch 277
train_loss: 0.0600
test_loss: 0.0803
epoch 278
train_loss: 0.0599
test_loss: 0.0803
epoch 279
train_loss: 0.0599
test_loss: 0.0802
epoch 280
train_loss: 0.0598
test_loss: 0.0802
epoch 281
train_loss: 0.0598
test_loss: 0.0801
epoch 282
train_loss: 0.0597
test_loss: 0.0801
epoch 283
train_loss: 0.0597
test_loss: 0.0800
epoch 284
train_loss: 0.0596
test_loss: 0.0800
epoch 285
train_loss: 0.0595
test_loss: 0.0800
epoch 286
train_loss: 0.0595
test_loss: 0.0800
epoch 287
train_loss: 0.0594
test_loss: 0.0799
epoch 288
train_loss: 0.0594
test_loss: 0.0799
epoch 289
train_loss: 0.0593
test_loss: 0.0799
epoch 290
train_loss: 0.0593
test_loss: 0.0798
epoch 291
train_loss: 0.0592
test_loss: 0.0798
epoch 292
train_loss: 0.0592
test_loss: 0.0798
epoch 293
train_loss: 0.0591
test_loss: 0.0798
epoch 294
train_loss: 0.0591
test_loss: 0.0797
epoch 295
train_loss: 0.0590
test_loss: 0.0797
epoch 296
train_loss: 0.0590
test_loss: 0.0797
epoch 297
train_loss: 0.0589
test_loss: 0.0796
epoch 298
train_loss: 0.0589
test_loss: 0.0796
epoch 299
train_loss: 0.0588
test_loss: 0.0796
epoch 300
train_loss: 0.0588
test_loss: 0.0796
epoch 301
train_loss: 0.0587
test_loss: 0.0795
epoch 302
train_loss: 0.0587
test_loss: 0.0795
epoch 303
train_loss: 0.0586
test_loss: 0.0795
epoch 304
train_loss: 0.0585
test_loss: 0.0795
epoch 305
train_loss: 0.0585
test_loss: 0.0795
epoch 306
train_loss: 0.0584
test_loss: 0.0794
epoch 307
train_loss: 0.0584
test_loss: 0.0794
epoch 308
train_loss: 0.0584
test_loss: 0.0794
epoch 309
train_loss: 0.0583
test_loss: 0.0793
epoch 310
train_loss: 0.0582
test_loss: 0.0793
epoch 311
train_loss: 0.0582
test_loss: 0.0793
epoch 312
train_loss: 0.0581
test_loss: 0.0793
epoch 313
train_loss: 0.0581
test_loss: 0.0792
epoch 314
train_loss: 0.0581
test_loss: 0.0792
epoch 315
train_loss: 0.0580
test_loss: 0.0792
epoch 316
train_loss: 0.0580
test_loss: 0.0791
epoch 317
train_loss: 0.0579
test_loss: 0.0791
epoch 318
train_loss: 0.0579
test_loss: 0.0791
epoch 319
train_loss: 0.0578
test_loss: 0.0791
epoch 320
train_loss: 0.0578
test_loss: 0.0790
epoch 321
train_loss: 0.0577
test_loss: 0.0790
epoch 322
train_loss: 0.0577
test_loss: 0.0790
epoch 323
train_loss: 0.0576
test_loss: 0.0790
epoch 324
train_loss: 0.0576
test_loss: 0.0789
epoch 325
train_loss: 0.0575
test_loss: 0.0789
epoch 326
train_loss: 0.0575
test_loss: 0.0789
epoch 327
train_loss: 0.0575
test_loss: 0.0789
epoch 328
train_loss: 0.0574
test_loss: 0.0788
epoch 329
train_loss: 0.0574
test_loss: 0.0788
epoch 330
train_loss: 0.0573
test_loss: 0.0788
epoch 331
train_loss: 0.0573
test_loss: 0.0788
epoch 332
train_loss: 0.0572
test_loss: 0.0788
epoch 333
train_loss: 0.0572
test_loss: 0.0788
epoch 334
train_loss: 0.0572
test_loss: 0.0788
epoch 335
train_loss: 0.0571
test_loss: 0.0787
epoch 336
train_loss: 0.0571
test_loss: 0.0787
epoch 337
train_loss: 0.0570
test_loss: 0.0787
epoch 338
train_loss: 0.0570
test_loss: 0.0787
epoch 339
train_loss: 0.0570
test_loss: 0.0787
epoch 340
train_loss: 0.0569
test_loss: 0.0786
epoch 341
train_loss: 0.0569
test_loss: 0.0786
epoch 342
train_loss: 0.0568
test_loss: 0.0786
epoch 343
train_loss: 0.0568
test_loss: 0.0786
epoch 344
train_loss: 0.0568
test_loss: 0.0786
epoch 345
train_loss: 0.0567
test_loss: 0.0786
epoch 346
train_loss: 0.0567
test_loss: 0.0785
epoch 347
train_loss: 0.0566
test_loss: 0.0785
epoch 348
train_loss: 0.0566
test_loss: 0.0785
epoch 349
train_loss: 0.0566
test_loss: 0.0785
epoch 350
train_loss: 0.0565
test_loss: 0.0785
epoch 351
train_loss: 0.0565
test_loss: 0.0785
epoch 352
train_loss: 0.0565
test_loss: 0.0784
epoch 353
train_loss: 0.0564
test_loss: 0.0784
epoch 354
train_loss: 0.0564
test_loss: 0.0784
epoch 355
train_loss: 0.0563
test_loss: 0.0784
epoch 356
train_loss: 0.0563
test_loss: 0.0784
epoch 357
train_loss: 0.0563
test_loss: 0.0783
epoch 358
train_loss: 0.0562
test_loss: 0.0783
epoch 359
train_loss: 0.0562
test_loss: 0.0783
epoch 360
train_loss: 0.0562
test_loss: 0.0783
epoch 361
train_loss: 0.0561
test_loss: 0.0783
epoch 362
train_loss: 0.0561
test_loss: 0.0783
epoch 363
train_loss: 0.0561
test_loss: 0.0783
epoch 364
train_loss: 0.0560
test_loss: 0.0782
epoch 365
train_loss: 0.0560
test_loss: 0.0782
epoch 366
train_loss: 0.0560
test_loss: 0.0782
epoch 367
train_loss: 0.0559
test_loss: 0.0782
epoch 368
train_loss: 0.0559
test_loss: 0.0782
epoch 369
train_loss: 0.0559
test_loss: 0.0781
epoch 370
train_loss: 0.0558
test_loss: 0.0781
epoch 371
train_loss: 0.0558
test_loss: 0.0781
epoch 372
train_loss: 0.0558
test_loss: 0.0781
epoch 373
train_loss: 0.0557
test_loss: 0.0781
epoch 374
train_loss: 0.0557
test_loss: 0.0780
epoch 375
train_loss: 0.0557
test_loss: 0.0780
epoch 376
train_loss: 0.0556
test_loss: 0.0780
epoch 377
train_loss: 0.0556
test_loss: 0.0780
epoch 378
train_loss: 0.0556
test_loss: 0.0779
epoch 379
train_loss: 0.0555
test_loss: 0.0779
epoch 380
train_loss: 0.0555
test_loss: 0.0779
epoch 381
train_loss: 0.0554
test_loss: 0.0779
epoch 382
train_loss: 0.0554
test_loss: 0.0779
epoch 383
train_loss: 0.0554
test_loss: 0.0779
epoch 384
train_loss: 0.0554
test_loss: 0.0778
epoch 385
train_loss: 0.0553
test_loss: 0.0778
epoch 386
train_loss: 0.0553
test_loss: 0.0778
epoch 387
train_loss: 0.0553
test_loss: 0.0778
epoch 388
train_loss: 0.0552
test_loss: 0.0778
epoch 389
train_loss: 0.0552
test_loss: 0.0777
epoch 390
train_loss: 0.0552
test_loss: 0.0777
epoch 391
train_loss: 0.0551
test_loss: 0.0777
epoch 392
train_loss: 0.0551
test_loss: 0.0777
epoch 393
train_loss: 0.0551
test_loss: 0.0777
epoch 394
train_loss: 0.0550
test_loss: 0.0777
epoch 395
train_loss: 0.0550
test_loss: 0.0777
epoch 396
train_loss: 0.0550
test_loss: 0.0777
epoch 397
train_loss: 0.0549
test_loss: 0.0777
epoch 398
train_loss: 0.0549
test_loss: 0.0776
epoch 399
train_loss: 0.0549
test_loss: 0.0776
epoch 400
train_loss: 0.0548
test_loss: 0.0776
epoch 401
train_loss: 0.0548
test_loss: 0.0776
epoch 402
train_loss: 0.0548
test_loss: 0.0776
epoch 403
train_loss: 0.0548
test_loss: 0.0776
epoch 404
train_loss: 0.0547
test_loss: 0.0775
epoch 405
train_loss: 0.0547
test_loss: 0.0775
epoch 406
train_loss: 0.0547
test_loss: 0.0775
epoch 407
train_loss: 0.0546
test_loss: 0.0775
epoch 408
train_loss: 0.0546
test_loss: 0.0775
epoch 409
train_loss: 0.0546
test_loss: 0.0775
epoch 410
train_loss: 0.0545
test_loss: 0.0775
epoch 411
train_loss: 0.0545
test_loss: 0.0775
epoch 412
train_loss: 0.0545
test_loss: 0.0774
epoch 413
train_loss: 0.0545
test_loss: 0.0774
epoch 414
train_loss: 0.0544
test_loss: 0.0774
epoch 415
train_loss: 0.0544
test_loss: 0.0774
epoch 416
train_loss: 0.0544
test_loss: 0.0773
epoch 417
train_loss: 0.0543
test_loss: 0.0773
epoch 418
train_loss: 0.0543
test_loss: 0.0773
epoch 419
train_loss: 0.0543
test_loss: 0.0773
epoch 420
train_loss: 0.0543
test_loss: 0.0773
epoch 421
train_loss: 0.0542
test_loss: 0.0773
epoch 422
train_loss: 0.0542
test_loss: 0.0772
epoch 423
train_loss: 0.0542
test_loss: 0.0772
epoch 424
train_loss: 0.0541
test_loss: 0.0772
epoch 425
train_loss: 0.0541
test_loss: 0.0772
epoch 426
train_loss: 0.0541
test_loss: 0.0772
epoch 427
train_loss: 0.0541
test_loss: 0.0771
epoch 428
train_loss: 0.0540
test_loss: 0.0771
epoch 429
train_loss: 0.0540
test_loss: 0.0771
epoch 430
train_loss: 0.0540
test_loss: 0.0770
epoch 431
train_loss: 0.0539
test_loss: 0.0770
epoch 432
train_loss: 0.0539
test_loss: 0.0770
epoch 433
train_loss: 0.0539
test_loss: 0.0770
epoch 434
train_loss: 0.0538
test_loss: 0.0770
epoch 435
train_loss: 0.0538
test_loss: 0.0770
epoch 436
train_loss: 0.0538
test_loss: 0.0769
epoch 437
train_loss: 0.0538
test_loss: 0.0769
epoch 438
train_loss: 0.0537
test_loss: 0.0769
epoch 439
train_loss: 0.0537
test_loss: 0.0768
epoch 440
train_loss: 0.0537
test_loss: 0.0768
epoch 441
train_loss: 0.0536
test_loss: 0.0768
epoch 442
train_loss: 0.0536
test_loss: 0.0768
epoch 443
train_loss: 0.0536
test_loss: 0.0768
epoch 444
train_loss: 0.0536
test_loss: 0.0768
epoch 445
train_loss: 0.0535
test_loss: 0.0767
epoch 446
train_loss: 0.0535
test_loss: 0.0767
epoch 447
train_loss: 0.0535
test_loss: 0.0767
epoch 448
train_loss: 0.0534
test_loss: 0.0767
epoch 449
train_loss: 0.0534
test_loss: 0.0767
epoch 450
train_loss: 0.0534
test_loss: 0.0766
epoch 451
train_loss: 0.0534
test_loss: 0.0766
epoch 452
train_loss: 0.0533
test_loss: 0.0766
epoch 453
train_loss: 0.0533
test_loss: 0.0766
epoch 454
train_loss: 0.0533
test_loss: 0.0766
epoch 455
train_loss: 0.0532
test_loss: 0.0765
epoch 456
train_loss: 0.0532
test_loss: 0.0765
epoch 457
train_loss: 0.0532
test_loss: 0.0765
epoch 458
train_loss: 0.0532
test_loss: 0.0764
epoch 459
train_loss: 0.0531
test_loss: 0.0764
epoch 460
train_loss: 0.0531
test_loss: 0.0764
epoch 461
train_loss: 0.0531
test_loss: 0.0764
epoch 462
train_loss: 0.0531
test_loss: 0.0764
epoch 463
train_loss: 0.0530
test_loss: 0.0764
epoch 464
train_loss: 0.0530
test_loss: 0.0763
epoch 465
train_loss: 0.0530
test_loss: 0.0763
epoch 466
train_loss: 0.0529
test_loss: 0.0763
epoch 467
train_loss: 0.0529
test_loss: 0.0763
epoch 468
train_loss: 0.0529
test_loss: 0.0762
epoch 469
train_loss: 0.0529
test_loss: 0.0762
epoch 470
train_loss: 0.0528
test_loss: 0.0762
epoch 471
train_loss: 0.0528
test_loss: 0.0762
epoch 472
train_loss: 0.0528
test_loss: 0.0762
epoch 473
train_loss: 0.0528
test_loss: 0.0761
epoch 474
train_loss: 0.0527
test_loss: 0.0761
epoch 475
train_loss: 0.0527
test_loss: 0.0761
epoch 476
train_loss: 0.0527
test_loss: 0.0761
epoch 477
train_loss: 0.0527
test_loss: 0.0761
epoch 478
train_loss: 0.0526
test_loss: 0.0761
epoch 479
train_loss: 0.0526
test_loss: 0.0760
epoch 480
train_loss: 0.0526
test_loss: 0.0760
epoch 481
train_loss: 0.0525
test_loss: 0.0760
epoch 482
train_loss: 0.0525
test_loss: 0.0760
epoch 483
train_loss: 0.0525
test_loss: 0.0760
epoch 484
train_loss: 0.0525
test_loss: 0.0759
epoch 485
train_loss: 0.0524
test_loss: 0.0760
epoch 486
train_loss: 0.0524
test_loss: 0.0759
epoch 487
train_loss: 0.0524
test_loss: 0.0759
epoch 488
train_loss: 0.0524
test_loss: 0.0759
epoch 489
train_loss: 0.0523
test_loss: 0.0759
epoch 490
train_loss: 0.0523
test_loss: 0.0759
epoch 491
train_loss: 0.0523
test_loss: 0.0759
epoch 492
train_loss: 0.0523
test_loss: 0.0759
epoch 493
train_loss: 0.0522
test_loss: 0.0759
epoch 494
train_loss: 0.0522
test_loss: 0.0759
epoch 495
train_loss: 0.0522
test_loss: 0.0758
epoch 496
train_loss: 0.0522
test_loss: 0.0758
epoch 497
train_loss: 0.0521
test_loss: 0.0758
epoch 498
train_loss: 0.0521
test_loss: 0.0758
epoch 499
train_loss: 0.0521
test_loss: 0.0758
epoch 500
train_loss: 0.0521
test_loss: 0.0758
epoch 501
train_loss: 0.0521
test_loss: 0.0758
epoch 502
train_loss: 0.0520
test_loss: 0.0757
epoch 503
train_loss: 0.0520
test_loss: 0.0757
epoch 504
train_loss: 0.0520
test_loss: 0.0757
epoch 505
train_loss: 0.0519
test_loss: 0.0757
epoch 506
train_loss: 0.0519
test_loss: 0.0757
epoch 507
train_loss: 0.0519
test_loss: 0.0757
epoch 508
train_loss: 0.0519
test_loss: 0.0757
epoch 509
train_loss: 0.0519
test_loss: 0.0756
epoch 510
train_loss: 0.0518
test_loss: 0.0756
epoch 511
train_loss: 0.0518
test_loss: 0.0756
epoch 512
train_loss: 0.0518
test_loss: 0.0756
epoch 513
train_loss: 0.0518
test_loss: 0.0756
epoch 514
train_loss: 0.0517
test_loss: 0.0756
epoch 515
train_loss: 0.0517
test_loss: 0.0755
epoch 516
train_loss: 0.0517
test_loss: 0.0755
epoch 517
train_loss: 0.0517
test_loss: 0.0755
epoch 518
train_loss: 0.0516
test_loss: 0.0755
epoch 519
train_loss: 0.0516
test_loss: 0.0755
epoch 520
train_loss: 0.0516
test_loss: 0.0755
epoch 521
train_loss: 0.0516
test_loss: 0.0755
epoch 522
train_loss: 0.0516
test_loss: 0.0754
epoch 523
train_loss: 0.0515
test_loss: 0.0754
epoch 524
train_loss: 0.0515
test_loss: 0.0754
epoch 525
train_loss: 0.0515
test_loss: 0.0754
epoch 526
train_loss: 0.0515
test_loss: 0.0754
epoch 527
train_loss: 0.0514
test_loss: 0.0754
epoch 528
train_loss: 0.0514
test_loss: 0.0754
epoch 529
train_loss: 0.0514
test_loss: 0.0754
epoch 530
train_loss: 0.0514
test_loss: 0.0754
epoch 531
train_loss: 0.0514
test_loss: 0.0753
epoch 532
train_loss: 0.0513
test_loss: 0.0753
epoch 533
train_loss: 0.0513
test_loss: 0.0753
epoch 534
train_loss: 0.0513
test_loss: 0.0753
epoch 535
train_loss: 0.0513
test_loss: 0.0753
epoch 536
train_loss: 0.0513
test_loss: 0.0753
epoch 537
train_loss: 0.0512
test_loss: 0.0753
epoch 538
train_loss: 0.0512
test_loss: 0.0753
epoch 539
train_loss: 0.0512
test_loss: 0.0753
epoch 540
train_loss: 0.0512
test_loss: 0.0753
epoch 541
train_loss: 0.0511
test_loss: 0.0753
epoch 542
train_loss: 0.0511
test_loss: 0.0753
epoch 543
train_loss: 0.0511
test_loss: 0.0753
epoch 544
train_loss: 0.0511
test_loss: 0.0752
epoch 545
train_loss: 0.0511
test_loss: 0.0752
epoch 546
train_loss: 0.0510
test_loss: 0.0752
epoch 547
train_loss: 0.0510
test_loss: 0.0752
epoch 548
train_loss: 0.0510
test_loss: 0.0752
epoch 549
train_loss: 0.0510
test_loss: 0.0752
epoch 550
train_loss: 0.0510
test_loss: 0.0752
epoch 551
train_loss: 0.0509
test_loss: 0.0752
epoch 552
train_loss: 0.0509
test_loss: 0.0752
epoch 553
train_loss: 0.0509
test_loss: 0.0752
epoch 554
train_loss: 0.0509
test_loss: 0.0752
epoch 555
train_loss: 0.0509
test_loss: 0.0752
epoch 556
train_loss: 0.0508
test_loss: 0.0752
epoch 557
train_loss: 0.0508
test_loss: 0.0752
epoch 558
train_loss: 0.0508
test_loss: 0.0751
epoch 559
train_loss: 0.0508
test_loss: 0.0751
epoch 560
train_loss: 0.0508
test_loss: 0.0751
epoch 561
train_loss: 0.0507
test_loss: 0.0752
epoch 562
train_loss: 0.0507
test_loss: 0.0751
epoch 563
train_loss: 0.0507
test_loss: 0.0752
epoch 564
train_loss: 0.0507
test_loss: 0.0751
epoch 565
train_loss: 0.0506
test_loss: 0.0751
epoch 566
train_loss: 0.0506
test_loss: 0.0751
epoch 567
train_loss: 0.0506
test_loss: 0.0752
epoch 568
train_loss: 0.0506
test_loss: 0.0751
epoch 569
train_loss: 0.0506
test_loss: 0.0751
epoch 570
train_loss: 0.0506
test_loss: 0.0751
epoch 571
train_loss: 0.0505
test_loss: 0.0751
epoch 572
train_loss: 0.0505
test_loss: 0.0751
epoch 573
train_loss: 0.0505
test_loss: 0.0751
epoch 574
train_loss: 0.0505
test_loss: 0.0751
epoch 575
train_loss: 0.0505
test_loss: 0.0751
epoch 576
train_loss: 0.0504
test_loss: 0.0751
epoch 577
train_loss: 0.0504
test_loss: 0.0751
epoch 578
train_loss: 0.0504
test_loss: 0.0751
epoch 579
train_loss: 0.0504
test_loss: 0.0751
epoch 580
train_loss: 0.0504
test_loss: 0.0751
epoch 581
train_loss: 0.0503
test_loss: 0.0751
epoch 582
train_loss: 0.0503
test_loss: 0.0751
epoch 583
train_loss: 0.0503
test_loss: 0.0750
epoch 584
train_loss: 0.0503
test_loss: 0.0751
epoch 585
train_loss: 0.0503
test_loss: 0.0751
epoch 586
train_loss: 0.0502
test_loss: 0.0750
epoch 587
train_loss: 0.0502
test_loss: 0.0750
epoch 588
train_loss: 0.0502
test_loss: 0.0750
epoch 589
train_loss: 0.0502
test_loss: 0.0750
epoch 590
train_loss: 0.0502
test_loss: 0.0750
epoch 591
train_loss: 0.0501
test_loss: 0.0750
epoch 592
train_loss: 0.0501
test_loss: 0.0750
epoch 593
train_loss: 0.0501
test_loss: 0.0750
epoch 594
train_loss: 0.0501
test_loss: 0.0750
epoch 595
train_loss: 0.0501
test_loss: 0.0750
epoch 596
train_loss: 0.0501
test_loss: 0.0750
epoch 597
train_loss: 0.0500
test_loss: 0.0750
epoch 598
train_loss: 0.0500
test_loss: 0.0750
epoch 599
train_loss: 0.0500
test_loss: 0.0750
epoch 600
train_loss: 0.0500
test_loss: 0.0750
epoch 601
train_loss: 0.0500
test_loss: 0.0750
epoch 602
train_loss: 0.0499
test_loss: 0.0750
epoch 603
train_loss: 0.0499
test_loss: 0.0749
epoch 604
train_loss: 0.0499
test_loss: 0.0750
epoch 605
train_loss: 0.0499
test_loss: 0.0749
epoch 606
train_loss: 0.0499
test_loss: 0.0750
epoch 607
train_loss: 0.0499
test_loss: 0.0749
epoch 608
train_loss: 0.0498
test_loss: 0.0749
epoch 609
train_loss: 0.0498
test_loss: 0.0749
epoch 610
train_loss: 0.0498
test_loss: 0.0749
epoch 611
train_loss: 0.0498
test_loss: 0.0749
epoch 612
train_loss: 0.0498
test_loss: 0.0749
epoch 613
train_loss: 0.0498
test_loss: 0.0749
epoch 614
train_loss: 0.0497
test_loss: 0.0749
epoch 615
train_loss: 0.0497
test_loss: 0.0749
epoch 616
train_loss: 0.0497
test_loss: 0.0749
epoch 617
train_loss: 0.0497
test_loss: 0.0749
epoch 618
train_loss: 0.0497
test_loss: 0.0749
epoch 619
train_loss: 0.0497
test_loss: 0.0749
epoch 620
train_loss: 0.0496
test_loss: 0.0749
epoch 621
train_loss: 0.0496
test_loss: 0.0749
epoch 622
train_loss: 0.0496
test_loss: 0.0749
epoch 623
train_loss: 0.0496
test_loss: 0.0749
epoch 624
train_loss: 0.0496
test_loss: 0.0748
epoch 625
train_loss: 0.0496
test_loss: 0.0748
epoch 626
train_loss: 0.0496
test_loss: 0.0748
epoch 627
train_loss: 0.0495
test_loss: 0.0748
epoch 628
train_loss: 0.0495
test_loss: 0.0748
epoch 629
train_loss: 0.0495
test_loss: 0.0748
epoch 630
train_loss: 0.0495
test_loss: 0.0748
epoch 631
train_loss: 0.0495
test_loss: 0.0748
epoch 632
train_loss: 0.0495
test_loss: 0.0748
epoch 633
train_loss: 0.0494
test_loss: 0.0748
epoch 634
train_loss: 0.0494
test_loss: 0.0748
epoch 635
train_loss: 0.0494
test_loss: 0.0747
epoch 636
train_loss: 0.0494
test_loss: 0.0748
epoch 637
train_loss: 0.0494
test_loss: 0.0747
epoch 638
train_loss: 0.0494
test_loss: 0.0747
epoch 639
train_loss: 0.0494
test_loss: 0.0747
epoch 640
train_loss: 0.0493
test_loss: 0.0747
epoch 641
train_loss: 0.0493
test_loss: 0.0747
epoch 642
train_loss: 0.0493
test_loss: 0.0747
epoch 643
train_loss: 0.0493
test_loss: 0.0747
epoch 644
train_loss: 0.0493
test_loss: 0.0747
epoch 645
train_loss: 0.0493
test_loss: 0.0747
epoch 646
train_loss: 0.0492
test_loss: 0.0747
epoch 647
train_loss: 0.0492
test_loss: 0.0747
epoch 648
train_loss: 0.0492
test_loss: 0.0747
epoch 649
train_loss: 0.0492
test_loss: 0.0746
epoch 650
train_loss: 0.0492
test_loss: 0.0747
epoch 651
train_loss: 0.0492
test_loss: 0.0746
epoch 652
train_loss: 0.0491
test_loss: 0.0746
epoch 653
train_loss: 0.0491
test_loss: 0.0746
epoch 654
train_loss: 0.0491
test_loss: 0.0746
epoch 655
train_loss: 0.0491
test_loss: 0.0746
epoch 656
train_loss: 0.0491
test_loss: 0.0746
epoch 657
train_loss: 0.0491
test_loss: 0.0746
epoch 658
train_loss: 0.0491
test_loss: 0.0746
epoch 659
train_loss: 0.0490
test_loss: 0.0746
epoch 660
train_loss: 0.0490
test_loss: 0.0746
epoch 661
train_loss: 0.0490
test_loss: 0.0746
epoch 662
train_loss: 0.0490
test_loss: 0.0746
epoch 663
train_loss: 0.0490
test_loss: 0.0746
epoch 664
train_loss: 0.0490
test_loss: 0.0745
epoch 665
train_loss: 0.0490
test_loss: 0.0745
epoch 666
train_loss: 0.0489
test_loss: 0.0745
epoch 667
train_loss: 0.0489
test_loss: 0.0745
epoch 668
train_loss: 0.0489
test_loss: 0.0745
epoch 669
train_loss: 0.0489
test_loss: 0.0745
epoch 670
train_loss: 0.0489
test_loss: 0.0745
epoch 671
train_loss: 0.0489
test_loss: 0.0745
epoch 672
train_loss: 0.0488
test_loss: 0.0745
epoch 673
train_loss: 0.0488
test_loss: 0.0745
epoch 674
train_loss: 0.0488
test_loss: 0.0745
epoch 675
train_loss: 0.0488
test_loss: 0.0744
epoch 676
train_loss: 0.0488
test_loss: 0.0745
epoch 677
train_loss: 0.0488
test_loss: 0.0744
epoch 678
train_loss: 0.0488
test_loss: 0.0744
epoch 679
train_loss: 0.0487
test_loss: 0.0744
epoch 680
train_loss: 0.0487
test_loss: 0.0744
epoch 681
train_loss: 0.0487
test_loss: 0.0744
epoch 682
train_loss: 0.0487
test_loss: 0.0744
epoch 683
train_loss: 0.0487
test_loss: 0.0744
epoch 684
train_loss: 0.0487
test_loss: 0.0744
epoch 685
train_loss: 0.0487
test_loss: 0.0744
epoch 686
train_loss: 0.0486
test_loss: 0.0744
epoch 687
train_loss: 0.0486
test_loss: 0.0744
epoch 688
train_loss: 0.0486
test_loss: 0.0744
epoch 689
train_loss: 0.0486
test_loss: 0.0743
epoch 690
train_loss: 0.0486
test_loss: 0.0744
epoch 691
train_loss: 0.0486
test_loss: 0.0744
epoch 692
train_loss: 0.0486
test_loss: 0.0743
epoch 693
train_loss: 0.0485
test_loss: 0.0744
epoch 694
train_loss: 0.0485
test_loss: 0.0743
epoch 695
train_loss: 0.0485
test_loss: 0.0743
epoch 696
train_loss: 0.0485
test_loss: 0.0743
epoch 697
train_loss: 0.0485
test_loss: 0.0743
epoch 698
train_loss: 0.0485
test_loss: 0.0743
epoch 699
train_loss: 0.0485
test_loss: 0.0743
epoch 700
train_loss: 0.0485
test_loss: 0.0743
epoch 701
train_loss: 0.0484
test_loss: 0.0743
epoch 702
train_loss: 0.0484
test_loss: 0.0743
epoch 703
train_loss: 0.0484
test_loss: 0.0743
epoch 704
train_loss: 0.0484
test_loss: 0.0743
epoch 705
train_loss: 0.0484
test_loss: 0.0743
epoch 706
train_loss: 0.0484
test_loss: 0.0743
epoch 707
train_loss: 0.0484
test_loss: 0.0743
epoch 708
train_loss: 0.0484
test_loss: 0.0743
epoch 709
train_loss: 0.0483
test_loss: 0.0743
epoch 710
train_loss: 0.0483
test_loss: 0.0743
epoch 711
train_loss: 0.0483
test_loss: 0.0743
epoch 712
train_loss: 0.0483
test_loss: 0.0742
epoch 713
train_loss: 0.0483
test_loss: 0.0743
epoch 714
train_loss: 0.0483
test_loss: 0.0742
epoch 715
train_loss: 0.0483
test_loss: 0.0743
epoch 716
train_loss: 0.0483
test_loss: 0.0742
epoch 717
train_loss: 0.0482
test_loss: 0.0742
epoch 718
train_loss: 0.0482
test_loss: 0.0742
epoch 719
train_loss: 0.0482
test_loss: 0.0742
epoch 720
train_loss: 0.0482
test_loss: 0.0742
epoch 721
train_loss: 0.0482
test_loss: 0.0742
epoch 722
train_loss: 0.0482
test_loss: 0.0742
epoch 723
train_loss: 0.0482
test_loss: 0.0742
epoch 724
train_loss: 0.0482
test_loss: 0.0742
epoch 725
train_loss: 0.0482
test_loss: 0.0742
epoch 726
train_loss: 0.0481
test_loss: 0.0742
epoch 727
train_loss: 0.0481
test_loss: 0.0742
epoch 728
train_loss: 0.0481
test_loss: 0.0742
epoch 729
train_loss: 0.0481
test_loss: 0.0742
epoch 730
train_loss: 0.0481
test_loss: 0.0742
epoch 731
train_loss: 0.0481
test_loss: 0.0742
epoch 732
train_loss: 0.0481
test_loss: 0.0742
epoch 733
train_loss: 0.0481
test_loss: 0.0742
epoch 734
train_loss: 0.0481
test_loss: 0.0742
epoch 735
train_loss: 0.0480
test_loss: 0.0742
epoch 736
train_loss: 0.0480
test_loss: 0.0742
epoch 737
train_loss: 0.0480
test_loss: 0.0742
epoch 738
train_loss: 0.0480
test_loss: 0.0742
epoch 739
train_loss: 0.0480
test_loss: 0.0742
epoch 740
train_loss: 0.0480
test_loss: 0.0742
epoch 741
train_loss: 0.0480
test_loss: 0.0741
epoch 742
train_loss: 0.0480
test_loss: 0.0741
epoch 743
train_loss: 0.0480
test_loss: 0.0741
epoch 744
train_loss: 0.0479
test_loss: 0.0741
epoch 745
train_loss: 0.0479
test_loss: 0.0741
epoch 746
train_loss: 0.0479
test_loss: 0.0741
epoch 747
train_loss: 0.0479
test_loss: 0.0741
epoch 748
train_loss: 0.0479
test_loss: 0.0741
epoch 749
train_loss: 0.0479
test_loss: 0.0741
epoch 750
train_loss: 0.0479
test_loss: 0.0741
epoch 751
train_loss: 0.0479
test_loss: 0.0741
epoch 752
train_loss: 0.0479
test_loss: 0.0741
epoch 753
train_loss: 0.0479
test_loss: 0.0741
epoch 754
train_loss: 0.0478
test_loss: 0.0741
epoch 755
train_loss: 0.0478
test_loss: 0.0741
epoch 756
train_loss: 0.0478
test_loss: 0.0741
epoch 757
train_loss: 0.0478
test_loss: 0.0741
epoch 758
train_loss: 0.0478
test_loss: 0.0741
epoch 759
train_loss: 0.0478
test_loss: 0.0741
epoch 760
train_loss: 0.0478
test_loss: 0.0741
epoch 761
train_loss: 0.0478
test_loss: 0.0741
epoch 762
train_loss: 0.0477
test_loss: 0.0741
epoch 763
train_loss: 0.0477
test_loss: 0.0741
epoch 764
train_loss: 0.0477
test_loss: 0.0741
epoch 765
train_loss: 0.0477
test_loss: 0.0741
epoch 766
train_loss: 0.0477
test_loss: 0.0741
epoch 767
train_loss: 0.0477
test_loss: 0.0741
epoch 768
train_loss: 0.0477
test_loss: 0.0741
epoch 769
train_loss: 0.0477
test_loss: 0.0741
epoch 770
train_loss: 0.0477
test_loss: 0.0741
epoch 771
train_loss: 0.0476
test_loss: 0.0741
epoch 772
train_loss: 0.0476
test_loss: 0.0741
epoch 773
train_loss: 0.0476
test_loss: 0.0741
epoch 774
train_loss: 0.0476
test_loss: 0.0741
epoch 775
train_loss: 0.0476
test_loss: 0.0741
epoch 776
train_loss: 0.0476
test_loss: 0.0741
epoch 777
train_loss: 0.0476
test_loss: 0.0741
epoch 778
train_loss: 0.0476
test_loss: 0.0741
epoch 779
train_loss: 0.0476
test_loss: 0.0741
epoch 780
train_loss: 0.0476
test_loss: 0.0741
epoch 781
train_loss: 0.0475
test_loss: 0.0741
epoch 782
train_loss: 0.0475
test_loss: 0.0741
epoch 783
train_loss: 0.0475
test_loss: 0.0741
epoch 784
train_loss: 0.0475
test_loss: 0.0740
epoch 785
train_loss: 0.0475
test_loss: 0.0740
epoch 786
train_loss: 0.0475
test_loss: 0.0740
epoch 787
train_loss: 0.0475
test_loss: 0.0740
epoch 788
train_loss: 0.0475
test_loss: 0.0740
epoch 789
train_loss: 0.0475
test_loss: 0.0740
epoch 790
train_loss: 0.0475
test_loss: 0.0740
epoch 791
train_loss: 0.0474
test_loss: 0.0740
epoch 792
train_loss: 0.0474
test_loss: 0.0740
epoch 793
train_loss: 0.0474
test_loss: 0.0740
epoch 794
train_loss: 0.0474
test_loss: 0.0740
epoch 795
train_loss: 0.0474
test_loss: 0.0740
epoch 796
train_loss: 0.0474
test_loss: 0.0740
epoch 797
train_loss: 0.0474
test_loss: 0.0740
epoch 798
train_loss: 0.0474
test_loss: 0.0740
epoch 799
train_loss: 0.0474
test_loss: 0.0739
epoch 800
train_loss: 0.0473
test_loss: 0.0740
epoch 801
train_loss: 0.0473
test_loss: 0.0739
epoch 802
train_loss: 0.0473
test_loss: 0.0739
epoch 803
train_loss: 0.0473
test_loss: 0.0739
epoch 804
train_loss: 0.0473
test_loss: 0.0739
epoch 805
train_loss: 0.0473
test_loss: 0.0739
epoch 806
train_loss: 0.0473
test_loss: 0.0739
epoch 807
train_loss: 0.0473
test_loss: 0.0739
epoch 808
train_loss: 0.0473
test_loss: 0.0739
epoch 809
train_loss: 0.0473
test_loss: 0.0739
epoch 810
train_loss: 0.0473
test_loss: 0.0739
epoch 811
train_loss: 0.0472
test_loss: 0.0739
epoch 812
train_loss: 0.0472
test_loss: 0.0739
epoch 813
train_loss: 0.0472
test_loss: 0.0739
epoch 814
train_loss: 0.0472
test_loss: 0.0738
epoch 815
train_loss: 0.0472
test_loss: 0.0739
epoch 816
train_loss: 0.0472
test_loss: 0.0739
epoch 817
train_loss: 0.0472
test_loss: 0.0738
epoch 818
train_loss: 0.0472
test_loss: 0.0738
epoch 819
train_loss: 0.0472
test_loss: 0.0738
epoch 820
train_loss: 0.0472
test_loss: 0.0738
epoch 821
train_loss: 0.0472
test_loss: 0.0738
epoch 822
train_loss: 0.0471
test_loss: 0.0738
epoch 823
train_loss: 0.0471
test_loss: 0.0738
epoch 824
train_loss: 0.0471
test_loss: 0.0738
epoch 825
train_loss: 0.0471
test_loss: 0.0738
epoch 826
train_loss: 0.0471
test_loss: 0.0738
epoch 827
train_loss: 0.0471
test_loss: 0.0738
epoch 828
train_loss: 0.0471
test_loss: 0.0738
epoch 829
train_loss: 0.0471
test_loss: 0.0738
epoch 830
train_loss: 0.0471
test_loss: 0.0738
epoch 831
train_loss: 0.0471
test_loss: 0.0737
epoch 832
train_loss: 0.0471
test_loss: 0.0738
epoch 833
train_loss: 0.0470
test_loss: 0.0737
epoch 834
train_loss: 0.0470
test_loss: 0.0737
epoch 835
train_loss: 0.0470
test_loss: 0.0737
epoch 836
train_loss: 0.0470
test_loss: 0.0737
epoch 837
train_loss: 0.0470
test_loss: 0.0737
epoch 838
train_loss: 0.0470
test_loss: 0.0737
epoch 839
train_loss: 0.0470
test_loss: 0.0737
epoch 840
train_loss: 0.0470
test_loss: 0.0737
epoch 841
train_loss: 0.0470
test_loss: 0.0737
epoch 842
train_loss: 0.0470
test_loss: 0.0737
epoch 843
train_loss: 0.0470
test_loss: 0.0737
epoch 844
train_loss: 0.0469
test_loss: 0.0737
epoch 845
train_loss: 0.0469
test_loss: 0.0737
epoch 846
train_loss: 0.0469
test_loss: 0.0737
epoch 847
train_loss: 0.0469
test_loss: 0.0737
epoch 848
train_loss: 0.0469
test_loss: 0.0737
epoch 849
train_loss: 0.0469
test_loss: 0.0737
epoch 850
train_loss: 0.0469
test_loss: 0.0737
epoch 851
train_loss: 0.0469
test_loss: 0.0737
epoch 852
train_loss: 0.0469
test_loss: 0.0737
epoch 853
train_loss: 0.0469
test_loss: 0.0737
epoch 854
train_loss: 0.0469
test_loss: 0.0737
epoch 855
train_loss: 0.0468
test_loss: 0.0737
epoch 856
train_loss: 0.0468
test_loss: 0.0737
epoch 857
train_loss: 0.0468
test_loss: 0.0737
epoch 858
train_loss: 0.0468
test_loss: 0.0737
epoch 859
train_loss: 0.0468
test_loss: 0.0737
epoch 860
train_loss: 0.0468
test_loss: 0.0737
epoch 861
train_loss: 0.0468
test_loss: 0.0737
epoch 862
train_loss: 0.0468
test_loss: 0.0736
epoch 863
train_loss: 0.0468
test_loss: 0.0736
epoch 864
train_loss: 0.0468
test_loss: 0.0736
epoch 865
train_loss: 0.0468
test_loss: 0.0736
epoch 866
train_loss: 0.0467
test_loss: 0.0736
epoch 867
train_loss: 0.0467
test_loss: 0.0736
epoch 868
train_loss: 0.0467
test_loss: 0.0736
epoch 869
train_loss: 0.0467
test_loss: 0.0736
epoch 870
train_loss: 0.0467
test_loss: 0.0736
epoch 871
train_loss: 0.0467
test_loss: 0.0736
epoch 872
train_loss: 0.0467
test_loss: 0.0736
epoch 873
train_loss: 0.0467
test_loss: 0.0736
epoch 874
train_loss: 0.0467
test_loss: 0.0735
epoch 875
train_loss: 0.0467
test_loss: 0.0736
epoch 876
train_loss: 0.0467
test_loss: 0.0735
epoch 877
train_loss: 0.0466
test_loss: 0.0735
epoch 878
train_loss: 0.0466
test_loss: 0.0735
epoch 879
train_loss: 0.0466
test_loss: 0.0735
epoch 880
train_loss: 0.0466
test_loss: 0.0735
epoch 881
train_loss: 0.0466
test_loss: 0.0735
epoch 882
train_loss: 0.0466
test_loss: 0.0735
epoch 883
train_loss: 0.0466
test_loss: 0.0735
epoch 884
train_loss: 0.0466
test_loss: 0.0735
epoch 885
train_loss: 0.0466
test_loss: 0.0735
epoch 886
train_loss: 0.0466
test_loss: 0.0735
epoch 887
train_loss: 0.0466
test_loss: 0.0735
epoch 888
train_loss: 0.0465
test_loss: 0.0735
epoch 889
train_loss: 0.0465
test_loss: 0.0735
epoch 890
train_loss: 0.0465
test_loss: 0.0735
epoch 891
train_loss: 0.0465
test_loss: 0.0735
epoch 892
train_loss: 0.0465
test_loss: 0.0734
epoch 893
train_loss: 0.0465
test_loss: 0.0735
epoch 894
train_loss: 0.0465
test_loss: 0.0735
epoch 895
train_loss: 0.0465
test_loss: 0.0734
epoch 896
train_loss: 0.0465
test_loss: 0.0734
epoch 897
train_loss: 0.0465
test_loss: 0.0734
epoch 898
train_loss: 0.0464
test_loss: 0.0734
epoch 899
train_loss: 0.0464
test_loss: 0.0734
epoch 900
train_loss: 0.0464
test_loss: 0.0734
epoch 901
train_loss: 0.0464
test_loss: 0.0734
epoch 902
train_loss: 0.0464
test_loss: 0.0734
epoch 903
train_loss: 0.0464
test_loss: 0.0734
epoch 904
train_loss: 0.0464
test_loss: 0.0734
epoch 905
train_loss: 0.0464
test_loss: 0.0734
epoch 906
train_loss: 0.0464
test_loss: 0.0734
epoch 907
train_loss: 0.0464
test_loss: 0.0734
epoch 908
train_loss: 0.0464
test_loss: 0.0734
epoch 909
train_loss: 0.0464
test_loss: 0.0734
epoch 910
train_loss: 0.0463
test_loss: 0.0733
epoch 911
train_loss: 0.0463
test_loss: 0.0734
epoch 912
train_loss: 0.0463
test_loss: 0.0734
epoch 913
train_loss: 0.0463
test_loss: 0.0734
epoch 914
train_loss: 0.0463
test_loss: 0.0733
epoch 915
train_loss: 0.0463
test_loss: 0.0733
epoch 916
train_loss: 0.0463
test_loss: 0.0733
epoch 917
train_loss: 0.0463
test_loss: 0.0733
epoch 918
train_loss: 0.0463
test_loss: 0.0733
epoch 919
train_loss: 0.0463
test_loss: 0.0733
epoch 920
train_loss: 0.0463
test_loss: 0.0733
epoch 921
train_loss: 0.0463
test_loss: 0.0733
epoch 922
train_loss: 0.0462
test_loss: 0.0733
epoch 923
train_loss: 0.0462
test_loss: 0.0733
epoch 924
train_loss: 0.0462
test_loss: 0.0733
epoch 925
train_loss: 0.0462
test_loss: 0.0733
epoch 926
train_loss: 0.0462
test_loss: 0.0733
epoch 927
train_loss: 0.0462
test_loss: 0.0733
epoch 928
train_loss: 0.0462
test_loss: 0.0733
epoch 929
train_loss: 0.0462
test_loss: 0.0732
epoch 930
train_loss: 0.0462
test_loss: 0.0733
epoch 931
train_loss: 0.0462
test_loss: 0.0732
epoch 932
train_loss: 0.0461
test_loss: 0.0732
epoch 933
train_loss: 0.0461
test_loss: 0.0732
epoch 934
train_loss: 0.0461
test_loss: 0.0732
epoch 935
train_loss: 0.0461
test_loss: 0.0732
epoch 936
train_loss: 0.0461
test_loss: 0.0732
epoch 937
train_loss: 0.0461
test_loss: 0.0732
epoch 938
train_loss: 0.0461
test_loss: 0.0732
epoch 939
train_loss: 0.0461
test_loss: 0.0732
epoch 940
train_loss: 0.0461
test_loss: 0.0732
epoch 941
train_loss: 0.0461
test_loss: 0.0732
epoch 942
train_loss: 0.0461
test_loss: 0.0732
epoch 943
train_loss: 0.0461
test_loss: 0.0732
epoch 944
train_loss: 0.0460
test_loss: 0.0732
epoch 945
train_loss: 0.0460
test_loss: 0.0732
epoch 946
train_loss: 0.0460
test_loss: 0.0732
epoch 947
train_loss: 0.0460
test_loss: 0.0732
epoch 948
train_loss: 0.0460
test_loss: 0.0732
epoch 949
train_loss: 0.0460
test_loss: 0.0732
epoch 950
train_loss: 0.0460
test_loss: 0.0731
epoch 951
train_loss: 0.0460
test_loss: 0.0732
epoch 952
train_loss: 0.0460
test_loss: 0.0731
epoch 953
train_loss: 0.0460
test_loss: 0.0732
epoch 954
train_loss: 0.0460
test_loss: 0.0731
epoch 955
train_loss: 0.0460
test_loss: 0.0732
epoch 956
train_loss: 0.0459
test_loss: 0.0731
epoch 957
train_loss: 0.0459
test_loss: 0.0731
epoch 958
train_loss: 0.0459
test_loss: 0.0732
epoch 959
train_loss: 0.0459
test_loss: 0.0731
epoch 960
train_loss: 0.0459
test_loss: 0.0731
epoch 961
train_loss: 0.0459
test_loss: 0.0732
epoch 962
train_loss: 0.0459
test_loss: 0.0731
epoch 963
train_loss: 0.0459
test_loss: 0.0731
epoch 964
train_loss: 0.0459
test_loss: 0.0731
epoch 965
train_loss: 0.0459
test_loss: 0.0731
epoch 966
train_loss: 0.0459
test_loss: 0.0731
epoch 967
train_loss: 0.0459
test_loss: 0.0731
epoch 968
train_loss: 0.0459
test_loss: 0.0731
epoch 969
train_loss: 0.0458
test_loss: 0.0731
epoch 970
train_loss: 0.0458
test_loss: 0.0731
epoch 971
train_loss: 0.0458
test_loss: 0.0731
epoch 972
train_loss: 0.0458
test_loss: 0.0731
epoch 973
train_loss: 0.0458
test_loss: 0.0731
epoch 974
train_loss: 0.0458
test_loss: 0.0731
epoch 975
train_loss: 0.0458
test_loss: 0.0731
epoch 976
train_loss: 0.0458
test_loss: 0.0731
epoch 977
train_loss: 0.0458
test_loss: 0.0731
epoch 978
train_loss: 0.0458
test_loss: 0.0731
epoch 979
train_loss: 0.0458
test_loss: 0.0731
epoch 980
train_loss: 0.0458
test_loss: 0.0731
epoch 981
train_loss: 0.0458
test_loss: 0.0731
epoch 982
train_loss: 0.0457
test_loss: 0.0731
epoch 983
train_loss: 0.0457
test_loss: 0.0731
epoch 984
train_loss: 0.0457
test_loss: 0.0731
epoch 985
train_loss: 0.0457
test_loss: 0.0731
epoch 986
train_loss: 0.0457
test_loss: 0.0731
epoch 987
train_loss: 0.0457
test_loss: 0.0731
epoch 988
train_loss: 0.0457
test_loss: 0.0731
epoch 989
train_loss: 0.0457
test_loss: 0.0731
/home/xueqiong/noise_injection_uncertainty/regression/utils.py:39: FutureWarning: The 'delim_whitespace' keyword in pd.read_csv is deprecated and will be removed in a future version. Use ``sep='\s+'`` instead
  return pd.read_csv(dataset_path, engine='python', header=None, delim_whitespace=True)
8 1
6554 1638 8192
model_name dropoutFCN
using Adam as optimizer
epoch 0
train_loss: 0.9373
Module: DropoutFullyConnectedNN
  Module: ModuleList
    Module: Linear
    Module: Linear
    Module: Linear
  Module: ModuleList
    Module: Dropout
dropout设置为训练模式
    Module: Dropout
dropout设置为训练模式
    Module: Dropout
dropout设置为训练模式
  Module: ReLU
test_loss: 0.8528
epoch 1
train_loss: 0.7514
Module: DropoutFullyConnectedNN
  Module: ModuleList
    Module: Linear
    Module: Linear
    Module: Linear
  Module: ModuleList
    Module: Dropout
dropout设置为训练模式
    Module: Dropout
dropout设置为训练模式
    Module: Dropout
dropout设置为训练模式
  Module: ReLU
test_loss: 0.6676
epoch 2
train_loss: 0.5875
Module: DropoutFullyConnectedNN
  Module: ModuleList
    Module: Linear
    Module: Linear
    Module: Linear
  Module: ModuleList
    Module: Dropout
dropout设置为训练模式
    Module: Dropout
dropout设置为训练模式
    Module: Dropout
dropout设置为训练模式
  Module: ReLU
test_loss: 0.5557
epoch 3
train_loss: 0.5208
Module: DropoutFullyConnectedNN
  Module: ModuleList
    Module: Linear
    Module: Linear
    Module: Linear
  Module: ModuleList
    Module: Dropout
dropout设置为训练模式
    Module: Dropout
dropout设置为训练模式
    Module: Dropout
dropout设置为训练模式
  Module: ReLU
test_loss: 0.5117
epoch 4
train_loss: 0.4851
Module: DropoutFullyConnectedNN
  Module: ModuleList
    Module: Linear
    Module: Linear
    Module: Linear
  Module: ModuleList
    Module: Dropout
dropout设置为训练模式
    Module: Dropout
dropout设置为训练模式
    Module: Dropout
dropout设置为训练模式
  Module: ReLU
test_loss: 0.4811
epoch 5
train_loss: 0.4597
Module: DropoutFullyConnectedNN
  Module: ModuleList
    Module: Linear
    Module: Linear
    Module: Linear
  Module: ModuleList
    Module: Dropout
dropout设置为训练模式
    Module: Dropout
dropout设置为训练模式
    Module: Dropout
dropout设置为训练模式
  Module: ReLU
test_loss: 0.4549
epoch 6
train_loss: 0.4359
Module: DropoutFullyConnectedNN
  Module: ModuleList
    Module: Linear
    Module: Linear
    Module: Linear
  Module: ModuleList
    Module: Dropout
dropout设置为训练模式
    Module: Dropout
dropout设置为训练模式
    Module: Dropout
dropout设置为训练模式
  Module: ReLU
test_loss: 0.4332
epoch 7
train_loss: 0.4164
Module: DropoutFullyConnectedNN
  Module: ModuleList
    Module: Linear
    Module: Linear
    Module: Linear
  Module: ModuleList
    Module: Dropout
dropout设置为训练模式
    Module: Dropout
dropout设置为训练模式
    Module: Dropout
dropout设置为训练模式
  Module: ReLU
test_loss: 0.4144
epoch 8
train_loss: 0.3991
Module: DropoutFullyConnectedNN
  Module: ModuleList
    Module: Linear
    Module: Linear
    Module: Linear
  Module: ModuleList
    Module: Dropout
dropout设置为训练模式
    Module: Dropout
dropout设置为训练模式
    Module: Dropout
dropout设置为训练模式
  Module: ReLU
test_loss: 0.3986
epoch 9
train_loss: 0.3887
Module: DropoutFullyConnectedNN
  Module: ModuleList
    Module: Linear
    Module: Linear
    Module: Linear
  Module: ModuleList
    Module: Dropout
dropout设置为训练模式
    Module: Dropout
dropout设置为训练模式
    Module: Dropout
dropout设置为训练模式
  Module: ReLU
test_loss: 0.3845
epoch 10
train_loss: 0.3717
Module: DropoutFullyConnectedNN
  Module: ModuleList
    Module: Linear
    Module: Linear
    Module: Linear
  Module: ModuleList
    Module: Dropout
dropout设置为训练模式
    Module: Dropout
dropout设置为训练模式
    Module: Dropout
dropout设置为训练模式
  Module: ReLU
test_loss: 0.3716
epoch 11
train_loss: 0.3566
Module: DropoutFullyConnectedNN
  Module: ModuleList
    Module: Linear
    Module: Linear
    Module: Linear
  Module: ModuleList
    Module: Dropout
dropout设置为训练模式
    Module: Dropout
dropout设置为训练模式
    Module: Dropout
dropout设置为训练模式
  Module: ReLU
test_loss: 0.3596
epoch 12
train_loss: 0.3477
Module: DropoutFullyConnectedNN
  Module: ModuleList
    Module: Linear
    Module: Linear
    Module: Linear
  Module: ModuleList
    Module: Dropout
dropout设置为训练模式
    Module: Dropout
dropout设置为训练模式
    Module: Dropout
dropout设置为训练模式
  Module: ReLU
test_loss: 0.3489
epoch 13
train_loss: 0.3392
Module: DropoutFullyConnectedNN
  Module: ModuleList
    Module: Linear
    Module: Linear
    Module: Linear
  Module: ModuleList
    Module: Dropout
dropout设置为训练模式
    Module: Dropout
dropout设置为训练模式
    Module: Dropout
dropout设置为训练模式
  Module: ReLU
test_loss: 0.3392
epoch 14
train_loss: 0.3279
Module: DropoutFullyConnectedNN
  Module: ModuleList
    Module: Linear
    Module: Linear
    Module: Linear
  Module: ModuleList
    Module: Dropout
dropout设置为训练模式
    Module: Dropout
dropout设置为训练模式
    Module: Dropout
dropout设置为训练模式
  Module: ReLU
test_loss: 0.3295
epoch 15
train_loss: 0.3214
Module: DropoutFullyConnectedNN
  Module: ModuleList
    Module: Linear
    Module: Linear
    Module: Linear
  Module: ModuleList
    Module: Dropout
dropout设置为训练模式
    Module: Dropout
dropout设置为训练模式
    Module: Dropout
dropout设置为训练模式
  Module: ReLU
test_loss: 0.3215
epoch 16
train_loss: 0.3122
Module: DropoutFullyConnectedNN
  Module: ModuleList
    Module: Linear
    Module: Linear
    Module: Linear
  Module: ModuleList
    Module: Dropout
dropout设置为训练模式
    Module: Dropout
dropout设置为训练模式
    Module: Dropout
dropout设置为训练模式
  Module: ReLU
test_loss: 0.3139
epoch 17
train_loss: 0.3074
Module: DropoutFullyConnectedNN
  Module: ModuleList
    Module: Linear
    Module: Linear
    Module: Linear
  Module: ModuleList
    Module: Dropout
dropout设置为训练模式
    Module: Dropout
dropout设置为训练模式
    Module: Dropout
dropout设置为训练模式
  Module: ReLU
test_loss: 0.3062
epoch 18
train_loss: 0.2975
Module: DropoutFullyConnectedNN
  Module: ModuleList
    Module: Linear
    Module: Linear
    Module: Linear
  Module: ModuleList
    Module: Dropout
dropout设置为训练模式
    Module: Dropout
dropout设置为训练模式
    Module: Dropout
dropout设置为训练模式
  Module: ReLU
test_loss: 0.2996
epoch 19
train_loss: 0.2940
Module: DropoutFullyConnectedNN
  Module: ModuleList
    Module: Linear
    Module: Linear
    Module: Linear
  Module: ModuleList
    Module: Dropout
dropout设置为训练模式
    Module: Dropout
dropout设置为训练模式
    Module: Dropout
dropout设置为训练模式
  Module: ReLU
test_loss: 0.2929
epoch 20
train_loss: 0.2912
Module: DropoutFullyConnectedNN
  Module: ModuleList
    Module: Linear
    Module: Linear
    Module: Linear
  Module: ModuleList
    Module: Dropout
dropout设置为训练模式
    Module: Dropout
dropout设置为训练模式
    Module: Dropout
dropout设置为训练模式
  Module: ReLU
test_loss: 0.2860
epoch 21
train_loss: 0.2808
Module: DropoutFullyConnectedNN
  Module: ModuleList
    Module: Linear
    Module: Linear
    Module: Linear
  Module: ModuleList
    Module: Dropout
dropout设置为训练模式
    Module: Dropout
dropout设置为训练模式
    Module: Dropout
dropout设置为训练模式
  Module: ReLU
test_loss: 0.2802
epoch 22
train_loss: 0.2777
Module: DropoutFullyConnectedNN
  Module: ModuleList
    Module: Linear
    Module: Linear
    Module: Linear
  Module: ModuleList
    Module: Dropout
dropout设置为训练模式
    Module: Dropout
dropout设置为训练模式
    Module: Dropout
dropout设置为训练模式
  Module: ReLU
test_loss: 0.2750
epoch 23
train_loss: 0.2704
Module: DropoutFullyConnectedNN
  Module: ModuleList
    Module: Linear
    Module: Linear
    Module: Linear
  Module: ModuleList
    Module: Dropout
dropout设置为训练模式
    Module: Dropout
dropout设置为训练模式
    Module: Dropout
dropout设置为训练模式
  Module: ReLU
test_loss: 0.2693
epoch 24
train_loss: 0.2707
Module: DropoutFullyConnectedNN
  Module: ModuleList
    Module: Linear
    Module: Linear
    Module: Linear
  Module: ModuleList
    Module: Dropout
dropout设置为训练模式
    Module: Dropout
dropout设置为训练模式
    Module: Dropout
dropout设置为训练模式
  Module: ReLU
test_loss: 0.2651
epoch 25
train_loss: 0.2630
Module: DropoutFullyConnectedNN
  Module: ModuleList
    Module: Linear
    Module: Linear
    Module: Linear
  Module: ModuleList
    Module: Dropout
dropout设置为训练模式
    Module: Dropout
dropout设置为训练模式
    Module: Dropout
dropout设置为训练模式
  Module: ReLU
test_loss: 0.2597
epoch 26
train_loss: 0.2621
Module: DropoutFullyConnectedNN
  Module: ModuleList
    Module: Linear
    Module: Linear
    Module: Linear
  Module: ModuleList
    Module: Dropout
dropout设置为训练模式
    Module: Dropout
dropout设置为训练模式
    Module: Dropout
dropout设置为训练模式
  Module: ReLU
test_loss: 0.2555
epoch 27
train_loss: 0.2549
Module: DropoutFullyConnectedNN
  Module: ModuleList
    Module: Linear
    Module: Linear
    Module: Linear
  Module: ModuleList
    Module: Dropout
dropout设置为训练模式
    Module: Dropout
dropout设置为训练模式
    Module: Dropout
dropout设置为训练模式
  Module: ReLU
test_loss: 0.2502
epoch 28
train_loss: 0.2541
Module: DropoutFullyConnectedNN
  Module: ModuleList
    Module: Linear
    Module: Linear
    Module: Linear
  Module: ModuleList
    Module: Dropout
dropout设置为训练模式
    Module: Dropout
dropout设置为训练模式
    Module: Dropout
dropout设置为训练模式
  Module: ReLU
test_loss: 0.2466
epoch 29
train_loss: 0.2486
Module: DropoutFullyConnectedNN
  Module: ModuleList
    Module: Linear
    Module: Linear
    Module: Linear
  Module: ModuleList
    Module: Dropout
dropout设置为训练模式
    Module: Dropout
dropout设置为训练模式
    Module: Dropout
dropout设置为训练模式
  Module: ReLU
test_loss: 0.2428
epoch 30
train_loss: 0.2449
Module: DropoutFullyConnectedNN
  Module: ModuleList
    Module: Linear
    Module: Linear
    Module: Linear
  Module: ModuleList
    Module: Dropout
dropout设置为训练模式
    Module: Dropout
dropout设置为训练模式
    Module: Dropout
dropout设置为训练模式
  Module: ReLU
test_loss: 0.2385
epoch 31
train_loss: 0.2395
Module: DropoutFullyConnectedNN
  Module: ModuleList
    Module: Linear
    Module: Linear
    Module: Linear
  Module: ModuleList
    Module: Dropout
dropout设置为训练模式
    Module: Dropout
dropout设置为训练模式
    Module: Dropout
dropout设置为训练模式
  Module: ReLU
test_loss: 0.2347
epoch 32
train_loss: 0.2400
Module: DropoutFullyConnectedNN
  Module: ModuleList
    Module: Linear
    Module: Linear
    Module: Linear
  Module: ModuleList
    Module: Dropout
dropout设置为训练模式
    Module: Dropout
dropout设置为训练模式
    Module: Dropout
dropout设置为训练模式
  Module: ReLU
test_loss: 0.2321
epoch 33
train_loss: 0.2360
Module: DropoutFullyConnectedNN
  Module: ModuleList
    Module: Linear
    Module: Linear
    Module: Linear
  Module: ModuleList
    Module: Dropout
dropout设置为训练模式
    Module: Dropout
dropout设置为训练模式
    Module: Dropout
dropout设置为训练模式
  Module: ReLU
test_loss: 0.2284
epoch 34
train_loss: 0.2311
Module: DropoutFullyConnectedNN
  Module: ModuleList
    Module: Linear
    Module: Linear
    Module: Linear
  Module: ModuleList
    Module: Dropout
dropout设置为训练模式
    Module: Dropout
dropout设置为训练模式
    Module: Dropout
dropout设置为训练模式
  Module: ReLU
test_loss: 0.2247
epoch 35
train_loss: 0.2272
Module: DropoutFullyConnectedNN
  Module: ModuleList
    Module: Linear
    Module: Linear
    Module: Linear
  Module: ModuleList
    Module: Dropout
dropout设置为训练模式
    Module: Dropout
dropout设置为训练模式
    Module: Dropout
dropout设置为训练模式
  Module: ReLU
test_loss: 0.2214
epoch 36
train_loss: 0.2248
Module: DropoutFullyConnectedNN
  Module: ModuleList
    Module: Linear
    Module: Linear
    Module: Linear
  Module: ModuleList
    Module: Dropout
dropout设置为训练模式
    Module: Dropout
dropout设置为训练模式
    Module: Dropout
dropout设置为训练模式
  Module: ReLU
test_loss: 0.2188
epoch 37
train_loss: 0.2229
Module: DropoutFullyConnectedNN
  Module: ModuleList
    Module: Linear
    Module: Linear
    Module: Linear
  Module: ModuleList
    Module: Dropout
dropout设置为训练模式
    Module: Dropout
dropout设置为训练模式
    Module: Dropout
dropout设置为训练模式
  Module: ReLU
test_loss: 0.2155
epoch 38
train_loss: 0.2165
Module: DropoutFullyConnectedNN
  Module: ModuleList
    Module: Linear
    Module: Linear
    Module: Linear
  Module: ModuleList
    Module: Dropout
dropout设置为训练模式
    Module: Dropout
dropout设置为训练模式
    Module: Dropout
dropout设置为训练模式
  Module: ReLU
test_loss: 0.2129
epoch 39
train_loss: 0.2194
Module: DropoutFullyConnectedNN
  Module: ModuleList
    Module: Linear
    Module: Linear
    Module: Linear
  Module: ModuleList
    Module: Dropout
dropout设置为训练模式
    Module: Dropout
dropout设置为训练模式
    Module: Dropout
dropout设置为训练模式
  Module: ReLU
test_loss: 0.2100
epoch 40
train_loss: 0.2158
Module: DropoutFullyConnectedNN
  Module: ModuleList
    Module: Linear
    Module: Linear
    Module: Linear
  Module: ModuleList
    Module: Dropout
dropout设置为训练模式
    Module: Dropout
dropout设置为训练模式
    Module: Dropout
dropout设置为训练模式
  Module: ReLU
test_loss: 0.2071
epoch 41
train_loss: 0.2173
Module: DropoutFullyConnectedNN
  Module: ModuleList
    Module: Linear
    Module: Linear
    Module: Linear
  Module: ModuleList
    Module: Dropout
dropout设置为训练模式
    Module: Dropout
dropout设置为训练模式
    Module: Dropout
dropout设置为训练模式
  Module: ReLU
test_loss: 0.2048
epoch 42
train_loss: 0.2146
Module: DropoutFullyConnectedNN
  Module: ModuleList
    Module: Linear
    Module: Linear
    Module: Linear
  Module: ModuleList
    Module: Dropout
dropout设置为训练模式
    Module: Dropout
dropout设置为训练模式
    Module: Dropout
dropout设置为训练模式
  Module: ReLU
test_loss: 0.2034
epoch 43
train_loss: 0.2110
Module: DropoutFullyConnectedNN
  Module: ModuleList
    Module: Linear
    Module: Linear
    Module: Linear
  Module: ModuleList
    Module: Dropout
dropout设置为训练模式
    Module: Dropout
dropout设置为训练模式
    Module: Dropout
dropout设置为训练模式
  Module: ReLU
test_loss: 0.1999
epoch 44
train_loss: 0.2063
Module: DropoutFullyConnectedNN
  Module: ModuleList
    Module: Linear
    Module: Linear
    Module: Linear
  Module: ModuleList
    Module: Dropout
dropout设置为训练模式
    Module: Dropout
dropout设置为训练模式
    Module: Dropout
dropout设置为训练模式
  Module: ReLU
test_loss: 0.1978
epoch 45
train_loss: 0.2067
Module: DropoutFullyConnectedNN
  Module: ModuleList
    Module: Linear
    Module: Linear
    Module: Linear
  Module: ModuleList
    Module: Dropout
dropout设置为训练模式
    Module: Dropout
dropout设置为训练模式
    Module: Dropout
dropout设置为训练模式
  Module: ReLU
test_loss: 0.1963
epoch 46
train_loss: 0.2036
Module: DropoutFullyConnectedNN
  Module: ModuleList
    Module: Linear
    Module: Linear
    Module: Linear
  Module: ModuleList
    Module: Dropout
dropout设置为训练模式
    Module: Dropout
dropout设置为训练模式
    Module: Dropout
dropout设置为训练模式
  Module: ReLU
test_loss: 0.1935
epoch 47
train_loss: 0.1989
Module: DropoutFullyConnectedNN
  Module: ModuleList
    Module: Linear
    Module: Linear
    Module: Linear
  Module: ModuleList
    Module: Dropout
dropout设置为训练模式
    Module: Dropout
dropout设置为训练模式
    Module: Dropout
dropout设置为训练模式
  Module: ReLU
test_loss: 0.1917
epoch 48
train_loss: 0.2014
Module: DropoutFullyConnectedNN
  Module: ModuleList
    Module: Linear
    Module: Linear
    Module: Linear
  Module: ModuleList
    Module: Dropout
dropout设置为训练模式
    Module: Dropout
dropout设置为训练模式
    Module: Dropout
dropout设置为训练模式
  Module: ReLU
test_loss: 0.1902
epoch 49
train_loss: 0.1985
Module: DropoutFullyConnectedNN
  Module: ModuleList
    Module: Linear
    Module: Linear
    Module: Linear
  Module: ModuleList
    Module: Dropout
dropout设置为训练模式
    Module: Dropout
dropout设置为训练模式
    Module: Dropout
dropout设置为训练模式
  Module: ReLU
test_loss: 0.1876
epoch 50
train_loss: 0.1964
Module: DropoutFullyConnectedNN
  Module: ModuleList
    Module: Linear
    Module: Linear
    Module: Linear
  Module: ModuleList
    Module: Dropout
dropout设置为训练模式
    Module: Dropout
dropout设置为训练模式
    Module: Dropout
dropout设置为训练模式
  Module: ReLU
test_loss: 0.1864
epoch 51
train_loss: 0.1950
Module: DropoutFullyConnectedNN
  Module: ModuleList
    Module: Linear
    Module: Linear
    Module: Linear
  Module: ModuleList
    Module: Dropout
dropout设置为训练模式
    Module: Dropout
dropout设置为训练模式
    Module: Dropout
dropout设置为训练模式
  Module: ReLU
test_loss: 0.1841
epoch 52
train_loss: 0.1961
Module: DropoutFullyConnectedNN
  Module: ModuleList
    Module: Linear
    Module: Linear
    Module: Linear
  Module: ModuleList
    Module: Dropout
dropout设置为训练模式
    Module: Dropout
dropout设置为训练模式
    Module: Dropout
dropout设置为训练模式
  Module: ReLU
test_loss: 0.1829
epoch 53
train_loss: 0.1916
Module: DropoutFullyConnectedNN
  Module: ModuleList
    Module: Linear
    Module: Linear
    Module: Linear
  Module: ModuleList
    Module: Dropout
dropout设置为训练模式
    Module: Dropout
dropout设置为训练模式
    Module: Dropout
dropout设置为训练模式
  Module: ReLU
test_loss: 0.1803
epoch 54
train_loss: 0.1905
Module: DropoutFullyConnectedNN
  Module: ModuleList
    Module: Linear
    Module: Linear
    Module: Linear
  Module: ModuleList
    Module: Dropout
dropout设置为训练模式
    Module: Dropout
dropout设置为训练模式
    Module: Dropout
dropout设置为训练模式
  Module: ReLU
test_loss: 0.1798
epoch 55
train_loss: 0.1888
Module: DropoutFullyConnectedNN
  Module: ModuleList
    Module: Linear
    Module: Linear
    Module: Linear
  Module: ModuleList
    Module: Dropout
dropout设置为训练模式
    Module: Dropout
dropout设置为训练模式
    Module: Dropout
dropout设置为训练模式
  Module: ReLU
test_loss: 0.1779
epoch 56
train_loss: 0.1922
Module: DropoutFullyConnectedNN
  Module: ModuleList
    Module: Linear
    Module: Linear
    Module: Linear
  Module: ModuleList
    Module: Dropout
dropout设置为训练模式
    Module: Dropout
dropout设置为训练模式
    Module: Dropout
dropout设置为训练模式
  Module: ReLU
test_loss: 0.1762
epoch 57
train_loss: 0.1882
Module: DropoutFullyConnectedNN
  Module: ModuleList
    Module: Linear
    Module: Linear
    Module: Linear
  Module: ModuleList
    Module: Dropout
dropout设置为训练模式
    Module: Dropout
dropout设置为训练模式
    Module: Dropout
dropout设置为训练模式
  Module: ReLU
test_loss: 0.1749
epoch 58
train_loss: 0.1844
Module: DropoutFullyConnectedNN
  Module: ModuleList
    Module: Linear
    Module: Linear
    Module: Linear
  Module: ModuleList
    Module: Dropout
dropout设置为训练模式
    Module: Dropout
dropout设置为训练模式
    Module: Dropout
dropout设置为训练模式
  Module: ReLU
test_loss: 0.1733
epoch 59
train_loss: 0.1843
Module: DropoutFullyConnectedNN
  Module: ModuleList
    Module: Linear
    Module: Linear
    Module: Linear
  Module: ModuleList
    Module: Dropout
dropout设置为训练模式
    Module: Dropout
dropout设置为训练模式
    Module: Dropout
dropout设置为训练模式
  Module: ReLU
test_loss: 0.1717
epoch 60
train_loss: 0.1806
Module: DropoutFullyConnectedNN
  Module: ModuleList
    Module: Linear
    Module: Linear
    Module: Linear
  Module: ModuleList
    Module: Dropout
dropout设置为训练模式
    Module: Dropout
dropout设置为训练模式
    Module: Dropout
dropout设置为训练模式
  Module: ReLU
test_loss: 0.1704
epoch 61
train_loss: 0.1844
Module: DropoutFullyConnectedNN
  Module: ModuleList
    Module: Linear
    Module: Linear
    Module: Linear
  Module: ModuleList
    Module: Dropout
dropout设置为训练模式
    Module: Dropout
dropout设置为训练模式
    Module: Dropout
dropout设置为训练模式
  Module: ReLU
test_loss: 0.1693
epoch 62
train_loss: 0.1797
Module: DropoutFullyConnectedNN
  Module: ModuleList
    Module: Linear
    Module: Linear
    Module: Linear
  Module: ModuleList
    Module: Dropout
dropout设置为训练模式
    Module: Dropout
dropout设置为训练模式
    Module: Dropout
dropout设置为训练模式
  Module: ReLU
test_loss: 0.1674
epoch 63
train_loss: 0.1807
Module: DropoutFullyConnectedNN
  Module: ModuleList
    Module: Linear
    Module: Linear
    Module: Linear
  Module: ModuleList
    Module: Dropout
dropout设置为训练模式
    Module: Dropout
dropout设置为训练模式
    Module: Dropout
dropout设置为训练模式
  Module: ReLU
test_loss: 0.1660
epoch 64
train_loss: 0.1722
Module: DropoutFullyConnectedNN
  Module: ModuleList
    Module: Linear
    Module: Linear
    Module: Linear
  Module: ModuleList
    Module: Dropout
dropout设置为训练模式
    Module: Dropout
dropout设置为训练模式
    Module: Dropout
dropout设置为训练模式
  Module: ReLU
test_loss: 0.1654
epoch 65
train_loss: 0.1786
Module: DropoutFullyConnectedNN
  Module: ModuleList
    Module: Linear
    Module: Linear
    Module: Linear
  Module: ModuleList
    Module: Dropout
dropout设置为训练模式
    Module: Dropout
dropout设置为训练模式
    Module: Dropout
dropout设置为训练模式
  Module: ReLU
test_loss: 0.1638
epoch 66
train_loss: 0.1737
Module: DropoutFullyConnectedNN
  Module: ModuleList
    Module: Linear
    Module: Linear
    Module: Linear
  Module: ModuleList
    Module: Dropout
dropout设置为训练模式
    Module: Dropout
dropout设置为训练模式
    Module: Dropout
dropout设置为训练模式
  Module: ReLU
test_loss: 0.1618
epoch 67
train_loss: 0.1741
Module: DropoutFullyConnectedNN
  Module: ModuleList
    Module: Linear
    Module: Linear
    Module: Linear
  Module: ModuleList
    Module: Dropout
dropout设置为训练模式
    Module: Dropout
dropout设置为训练模式
    Module: Dropout
dropout设置为训练模式
  Module: ReLU
test_loss: 0.1615
epoch 68
train_loss: 0.1729
Module: DropoutFullyConnectedNN
  Module: ModuleList
    Module: Linear
    Module: Linear
    Module: Linear
  Module: ModuleList
    Module: Dropout
dropout设置为训练模式
    Module: Dropout
dropout设置为训练模式
    Module: Dropout
dropout设置为训练模式
  Module: ReLU
test_loss: 0.1597
epoch 69
train_loss: 0.1731
Module: DropoutFullyConnectedNN
  Module: ModuleList
    Module: Linear
    Module: Linear
    Module: Linear
  Module: ModuleList
    Module: Dropout
dropout设置为训练模式
    Module: Dropout
dropout设置为训练模式
    Module: Dropout
dropout设置为训练模式
  Module: ReLU
test_loss: 0.1578
epoch 70
train_loss: 0.1673
Module: DropoutFullyConnectedNN
  Module: ModuleList
    Module: Linear
    Module: Linear
    Module: Linear
  Module: ModuleList
    Module: Dropout
dropout设置为训练模式
    Module: Dropout
dropout设置为训练模式
    Module: Dropout
dropout设置为训练模式
  Module: ReLU
test_loss: 0.1567
epoch 71
train_loss: 0.1693
Module: DropoutFullyConnectedNN
  Module: ModuleList
    Module: Linear
    Module: Linear
    Module: Linear
  Module: ModuleList
    Module: Dropout
dropout设置为训练模式
    Module: Dropout
dropout设置为训练模式
    Module: Dropout
dropout设置为训练模式
  Module: ReLU
test_loss: 0.1555
epoch 72
train_loss: 0.1703
Module: DropoutFullyConnectedNN
  Module: ModuleList
    Module: Linear
    Module: Linear
    Module: Linear
  Module: ModuleList
    Module: Dropout
dropout设置为训练模式
    Module: Dropout
dropout设置为训练模式
    Module: Dropout
dropout设置为训练模式
  Module: ReLU
test_loss: 0.1541
epoch 73
train_loss: 0.1665
Module: DropoutFullyConnectedNN
  Module: ModuleList
    Module: Linear
    Module: Linear
    Module: Linear
  Module: ModuleList
    Module: Dropout
dropout设置为训练模式
    Module: Dropout
dropout设置为训练模式
    Module: Dropout
dropout设置为训练模式
  Module: ReLU
test_loss: 0.1537
epoch 74
train_loss: 0.1682
Module: DropoutFullyConnectedNN
  Module: ModuleList
    Module: Linear
    Module: Linear
    Module: Linear
  Module: ModuleList
    Module: Dropout
dropout设置为训练模式
    Module: Dropout
dropout设置为训练模式
    Module: Dropout
dropout设置为训练模式
  Module: ReLU
test_loss: 0.1520
epoch 75
train_loss: 0.1676
Module: DropoutFullyConnectedNN
  Module: ModuleList
    Module: Linear
    Module: Linear
    Module: Linear
  Module: ModuleList
    Module: Dropout
dropout设置为训练模式
    Module: Dropout
dropout设置为训练模式
    Module: Dropout
dropout设置为训练模式
  Module: ReLU
test_loss: 0.1510
epoch 76
train_loss: 0.1670
Module: DropoutFullyConnectedNN
  Module: ModuleList
    Module: Linear
    Module: Linear
    Module: Linear
  Module: ModuleList
    Module: Dropout
dropout设置为训练模式
    Module: Dropout
dropout设置为训练模式
    Module: Dropout
dropout设置为训练模式
  Module: ReLU
test_loss: 0.1501
epoch 77
train_loss: 0.1646
Module: DropoutFullyConnectedNN
  Module: ModuleList
    Module: Linear
    Module: Linear
    Module: Linear
  Module: ModuleList
    Module: Dropout
dropout设置为训练模式
    Module: Dropout
dropout设置为训练模式
    Module: Dropout
dropout设置为训练模式
  Module: ReLU
test_loss: 0.1496
epoch 78
train_loss: 0.1652
Module: DropoutFullyConnectedNN
  Module: ModuleList
    Module: Linear
    Module: Linear
    Module: Linear
  Module: ModuleList
    Module: Dropout
dropout设置为训练模式
    Module: Dropout
dropout设置为训练模式
    Module: Dropout
dropout设置为训练模式
  Module: ReLU
test_loss: 0.1481
epoch 79
train_loss: 0.1622
Module: DropoutFullyConnectedNN
  Module: ModuleList
    Module: Linear
    Module: Linear
    Module: Linear
  Module: ModuleList
    Module: Dropout
dropout设置为训练模式
    Module: Dropout
dropout设置为训练模式
    Module: Dropout
dropout设置为训练模式
  Module: ReLU
test_loss: 0.1462
epoch 80
train_loss: 0.1608
Module: DropoutFullyConnectedNN
  Module: ModuleList
    Module: Linear
    Module: Linear
    Module: Linear
  Module: ModuleList
    Module: Dropout
dropout设置为训练模式
    Module: Dropout
dropout设置为训练模式
    Module: Dropout
dropout设置为训练模式
  Module: ReLU
test_loss: 0.1461
epoch 81
train_loss: 0.1612
Module: DropoutFullyConnectedNN
  Module: ModuleList
    Module: Linear
    Module: Linear
    Module: Linear
  Module: ModuleList
    Module: Dropout
dropout设置为训练模式
    Module: Dropout
dropout设置为训练模式
    Module: Dropout
dropout设置为训练模式
  Module: ReLU
test_loss: 0.1437
epoch 82
train_loss: 0.1578
Module: DropoutFullyConnectedNN
  Module: ModuleList
    Module: Linear
    Module: Linear
    Module: Linear
  Module: ModuleList
    Module: Dropout
dropout设置为训练模式
    Module: Dropout
dropout设置为训练模式
    Module: Dropout
dropout设置为训练模式
  Module: ReLU
test_loss: 0.1436
epoch 83
train_loss: 0.1571
Module: DropoutFullyConnectedNN
  Module: ModuleList
    Module: Linear
    Module: Linear
    Module: Linear
  Module: ModuleList
    Module: Dropout
dropout设置为训练模式
    Module: Dropout
dropout设置为训练模式
    Module: Dropout
dropout设置为训练模式
  Module: ReLU
test_loss: 0.1425
epoch 84
train_loss: 0.1574
Module: DropoutFullyConnectedNN
  Module: ModuleList
    Module: Linear
    Module: Linear
    Module: Linear
  Module: ModuleList
    Module: Dropout
dropout设置为训练模式
    Module: Dropout
dropout设置为训练模式
    Module: Dropout
dropout设置为训练模式
  Module: ReLU
test_loss: 0.1414
epoch 85
train_loss: 0.1602
Module: DropoutFullyConnectedNN
  Module: ModuleList
    Module: Linear
    Module: Linear
    Module: Linear
  Module: ModuleList
    Module: Dropout
dropout设置为训练模式
    Module: Dropout
dropout设置为训练模式
    Module: Dropout
dropout设置为训练模式
  Module: ReLU
test_loss: 0.1414
epoch 86
train_loss: 0.1552
Module: DropoutFullyConnectedNN
  Module: ModuleList
    Module: Linear
    Module: Linear
    Module: Linear
  Module: ModuleList
    Module: Dropout
dropout设置为训练模式
    Module: Dropout
dropout设置为训练模式
    Module: Dropout
dropout设置为训练模式
  Module: ReLU
test_loss: 0.1404
epoch 87
train_loss: 0.1552
Module: DropoutFullyConnectedNN
  Module: ModuleList
    Module: Linear
    Module: Linear
    Module: Linear
  Module: ModuleList
    Module: Dropout
dropout设置为训练模式
    Module: Dropout
dropout设置为训练模式
    Module: Dropout
dropout设置为训练模式
  Module: ReLU
test_loss: 0.1392
epoch 88
train_loss: 0.1539
Module: DropoutFullyConnectedNN
  Module: ModuleList
    Module: Linear
    Module: Linear
    Module: Linear
  Module: ModuleList
    Module: Dropout
dropout设置为训练模式
    Module: Dropout
dropout设置为训练模式
    Module: Dropout
dropout设置为训练模式
  Module: ReLU
test_loss: 0.1388
epoch 89
train_loss: 0.1559
Module: DropoutFullyConnectedNN
  Module: ModuleList
    Module: Linear
    Module: Linear
    Module: Linear
  Module: ModuleList
    Module: Dropout
dropout设置为训练模式
    Module: Dropout
dropout设置为训练模式
    Module: Dropout
dropout设置为训练模式
  Module: ReLU
test_loss: 0.1374
epoch 90
train_loss: 0.1509
Module: DropoutFullyConnectedNN
  Module: ModuleList
    Module: Linear
    Module: Linear
    Module: Linear
  Module: ModuleList
    Module: Dropout
dropout设置为训练模式
    Module: Dropout
dropout设置为训练模式
    Module: Dropout
dropout设置为训练模式
  Module: ReLU
test_loss: 0.1364
epoch 91
train_loss: 0.1544
Module: DropoutFullyConnectedNN
  Module: ModuleList
    Module: Linear
    Module: Linear
    Module: Linear
  Module: ModuleList
    Module: Dropout
dropout设置为训练模式
    Module: Dropout
dropout设置为训练模式
    Module: Dropout
dropout设置为训练模式
  Module: ReLU
test_loss: 0.1359
epoch 92
train_loss: 0.1479
Module: DropoutFullyConnectedNN
  Module: ModuleList
    Module: Linear
    Module: Linear
    Module: Linear
  Module: ModuleList
    Module: Dropout
dropout设置为训练模式
    Module: Dropout
dropout设置为训练模式
    Module: Dropout
dropout设置为训练模式
  Module: ReLU
test_loss: 0.1348
epoch 93
train_loss: 0.1511
Module: DropoutFullyConnectedNN
  Module: ModuleList
    Module: Linear
    Module: Linear
    Module: Linear
  Module: ModuleList
    Module: Dropout
dropout设置为训练模式
    Module: Dropout
dropout设置为训练模式
    Module: Dropout
dropout设置为训练模式
  Module: ReLU
test_loss: 0.1340
epoch 94
train_loss: 0.1489
Module: DropoutFullyConnectedNN
  Module: ModuleList
    Module: Linear
    Module: Linear
    Module: Linear
  Module: ModuleList
    Module: Dropout
dropout设置为训练模式
    Module: Dropout
dropout设置为训练模式
    Module: Dropout
dropout设置为训练模式
  Module: ReLU
test_loss: 0.1344
epoch 95
train_loss: 0.1488
Module: DropoutFullyConnectedNN
  Module: ModuleList
    Module: Linear
    Module: Linear
    Module: Linear
  Module: ModuleList
    Module: Dropout
dropout设置为训练模式
    Module: Dropout
dropout设置为训练模式
    Module: Dropout
dropout设置为训练模式
  Module: ReLU
test_loss: 0.1327
epoch 96
train_loss: 0.1465
Module: DropoutFullyConnectedNN
  Module: ModuleList
    Module: Linear
    Module: Linear
    Module: Linear
  Module: ModuleList
    Module: Dropout
dropout设置为训练模式
    Module: Dropout
dropout设置为训练模式
    Module: Dropout
dropout设置为训练模式
  Module: ReLU
test_loss: 0.1315
epoch 97
train_loss: 0.1456
Module: DropoutFullyConnectedNN
  Module: ModuleList
    Module: Linear
    Module: Linear
    Module: Linear
  Module: ModuleList
    Module: Dropout
dropout设置为训练模式
    Module: Dropout
dropout设置为训练模式
    Module: Dropout
dropout设置为训练模式
  Module: ReLU
test_loss: 0.1309
epoch 98
train_loss: 0.1476
Module: DropoutFullyConnectedNN
  Module: ModuleList
    Module: Linear
    Module: Linear
    Module: Linear
  Module: ModuleList
    Module: Dropout
dropout设置为训练模式
    Module: Dropout
dropout设置为训练模式
    Module: Dropout
dropout设置为训练模式
  Module: ReLU
test_loss: 0.1301
epoch 99
train_loss: 0.1452
Module: DropoutFullyConnectedNN
  Module: ModuleList
    Module: Linear
    Module: Linear
    Module: Linear
  Module: ModuleList
    Module: Dropout
dropout设置为训练模式
    Module: Dropout
dropout设置为训练模式
    Module: Dropout
dropout设置为训练模式
  Module: ReLU
test_loss: 0.1286
epoch 100
train_loss: 0.1429
Module: DropoutFullyConnectedNN
  Module: ModuleList
    Module: Linear
    Module: Linear
    Module: Linear
  Module: ModuleList
    Module: Dropout
dropout设置为训练模式
    Module: Dropout
dropout设置为训练模式
    Module: Dropout
dropout设置为训练模式
  Module: ReLU
test_loss: 0.1292
epoch 101
train_loss: 0.1448
Module: DropoutFullyConnectedNN
  Module: ModuleList
    Module: Linear
    Module: Linear
    Module: Linear
  Module: ModuleList
    Module: Dropout
dropout设置为训练模式
    Module: Dropout
dropout设置为训练模式
    Module: Dropout
dropout设置为训练模式
  Module: ReLU
test_loss: 0.1277
epoch 102
train_loss: 0.1420
Module: DropoutFullyConnectedNN
  Module: ModuleList
    Module: Linear
    Module: Linear
    Module: Linear
  Module: ModuleList
    Module: Dropout
dropout设置为训练模式
    Module: Dropout
dropout设置为训练模式
    Module: Dropout
dropout设置为训练模式
  Module: ReLU
test_loss: 0.1272
epoch 103
train_loss: 0.1437
Module: DropoutFullyConnectedNN
  Module: ModuleList
    Module: Linear
    Module: Linear
    Module: Linear
  Module: ModuleList
    Module: Dropout
dropout设置为训练模式
    Module: Dropout
dropout设置为训练模式
    Module: Dropout
dropout设置为训练模式
  Module: ReLU
test_loss: 0.1262
epoch 104
train_loss: 0.1462
Module: DropoutFullyConnectedNN
  Module: ModuleList
    Module: Linear
    Module: Linear
    Module: Linear
  Module: ModuleList
    Module: Dropout
dropout设置为训练模式
    Module: Dropout
dropout设置为训练模式
    Module: Dropout
dropout设置为训练模式
  Module: ReLU
test_loss: 0.1264
epoch 105
train_loss: 0.1411
Module: DropoutFullyConnectedNN
  Module: ModuleList
    Module: Linear
    Module: Linear
    Module: Linear
  Module: ModuleList
    Module: Dropout
dropout设置为训练模式
    Module: Dropout
dropout设置为训练模式
    Module: Dropout
dropout设置为训练模式
  Module: ReLU
test_loss: 0.1251
epoch 106
train_loss: 0.1408
Module: DropoutFullyConnectedNN
  Module: ModuleList
    Module: Linear
    Module: Linear
    Module: Linear
  Module: ModuleList
    Module: Dropout
dropout设置为训练模式
    Module: Dropout
dropout设置为训练模式
    Module: Dropout
dropout设置为训练模式
  Module: ReLU
test_loss: 0.1245
epoch 107
train_loss: 0.1420
Module: DropoutFullyConnectedNN
  Module: ModuleList
    Module: Linear
    Module: Linear
    Module: Linear
  Module: ModuleList
    Module: Dropout
dropout设置为训练模式
    Module: Dropout
dropout设置为训练模式
    Module: Dropout
dropout设置为训练模式
  Module: ReLU
test_loss: 0.1234
epoch 108
train_loss: 0.1371
Module: DropoutFullyConnectedNN
  Module: ModuleList
    Module: Linear
    Module: Linear
    Module: Linear
  Module: ModuleList
    Module: Dropout
dropout设置为训练模式
    Module: Dropout
dropout设置为训练模式
    Module: Dropout
dropout设置为训练模式
  Module: ReLU
test_loss: 0.1223
epoch 109
train_loss: 0.1367
Module: DropoutFullyConnectedNN
  Module: ModuleList
    Module: Linear
    Module: Linear
    Module: Linear
  Module: ModuleList
    Module: Dropout
dropout设置为训练模式
    Module: Dropout
dropout设置为训练模式
    Module: Dropout
dropout设置为训练模式
  Module: ReLU
test_loss: 0.1219
epoch 110
train_loss: 0.1409
Module: DropoutFullyConnectedNN
  Module: ModuleList
    Module: Linear
    Module: Linear
    Module: Linear
  Module: ModuleList
    Module: Dropout
dropout设置为训练模式
    Module: Dropout
dropout设置为训练模式
    Module: Dropout
dropout设置为训练模式
  Module: ReLU
test_loss: 0.1220
epoch 111
train_loss: 0.1389
Module: DropoutFullyConnectedNN
  Module: ModuleList
    Module: Linear
    Module: Linear
    Module: Linear
  Module: ModuleList
    Module: Dropout
dropout设置为训练模式
    Module: Dropout
dropout设置为训练模式
    Module: Dropout
dropout设置为训练模式
  Module: ReLU
test_loss: 0.1208
epoch 112
train_loss: 0.1386
Module: DropoutFullyConnectedNN
  Module: ModuleList
    Module: Linear
    Module: Linear
    Module: Linear
  Module: ModuleList
    Module: Dropout
dropout设置为训练模式
    Module: Dropout
dropout设置为训练模式
    Module: Dropout
dropout设置为训练模式
  Module: ReLU
test_loss: 0.1213
epoch 113
train_loss: 0.1388
Module: DropoutFullyConnectedNN
  Module: ModuleList
    Module: Linear
    Module: Linear
    Module: Linear
  Module: ModuleList
    Module: Dropout
dropout设置为训练模式
    Module: Dropout
dropout设置为训练模式
    Module: Dropout
dropout设置为训练模式
  Module: ReLU
test_loss: 0.1197
epoch 114
train_loss: 0.1359
Module: DropoutFullyConnectedNN
  Module: ModuleList
    Module: Linear
    Module: Linear
    Module: Linear
  Module: ModuleList
    Module: Dropout
dropout设置为训练模式
    Module: Dropout
dropout设置为训练模式
    Module: Dropout
dropout设置为训练模式
  Module: ReLU
test_loss: 0.1197
epoch 115
train_loss: 0.1360
Module: DropoutFullyConnectedNN
  Module: ModuleList
    Module: Linear
    Module: Linear
    Module: Linear
  Module: ModuleList
    Module: Dropout
dropout设置为训练模式
    Module: Dropout
dropout设置为训练模式
    Module: Dropout
dropout设置为训练模式
  Module: ReLU
test_loss: 0.1193
epoch 116
train_loss: 0.1368
Module: DropoutFullyConnectedNN
  Module: ModuleList
    Module: Linear
    Module: Linear
    Module: Linear
  Module: ModuleList
    Module: Dropout
dropout设置为训练模式
    Module: Dropout
dropout设置为训练模式
    Module: Dropout
dropout设置为训练模式
  Module: ReLU
test_loss: 0.1184
epoch 117
train_loss: 0.1333
Module: DropoutFullyConnectedNN
  Module: ModuleList
    Module: Linear
    Module: Linear
    Module: Linear
  Module: ModuleList
    Module: Dropout
dropout设置为训练模式
    Module: Dropout
dropout设置为训练模式
    Module: Dropout
dropout设置为训练模式
  Module: ReLU
test_loss: 0.1176
epoch 118
train_loss: 0.1334
Module: DropoutFullyConnectedNN
  Module: ModuleList
    Module: Linear
    Module: Linear
    Module: Linear
  Module: ModuleList
    Module: Dropout
dropout设置为训练模式
    Module: Dropout
dropout设置为训练模式
    Module: Dropout
dropout设置为训练模式
  Module: ReLU
test_loss: 0.1175
epoch 119
train_loss: 0.1369
Module: DropoutFullyConnectedNN
  Module: ModuleList
    Module: Linear
    Module: Linear
    Module: Linear
  Module: ModuleList
    Module: Dropout
dropout设置为训练模式
    Module: Dropout
dropout设置为训练模式
    Module: Dropout
dropout设置为训练模式
  Module: ReLU
test_loss: 0.1175
epoch 120
train_loss: 0.1306
Module: DropoutFullyConnectedNN
  Module: ModuleList
    Module: Linear
    Module: Linear
    Module: Linear
  Module: ModuleList
    Module: Dropout
dropout设置为训练模式
    Module: Dropout
dropout设置为训练模式
    Module: Dropout
dropout设置为训练模式
  Module: ReLU
test_loss: 0.1158
epoch 121
train_loss: 0.1386
Module: DropoutFullyConnectedNN
  Module: ModuleList
    Module: Linear
    Module: Linear
    Module: Linear
  Module: ModuleList
    Module: Dropout
dropout设置为训练模式
    Module: Dropout
dropout设置为训练模式
    Module: Dropout
dropout设置为训练模式
  Module: ReLU
test_loss: 0.1156
epoch 122
train_loss: 0.1340
Module: DropoutFullyConnectedNN
  Module: ModuleList
    Module: Linear
    Module: Linear
    Module: Linear
  Module: ModuleList
    Module: Dropout
dropout设置为训练模式
    Module: Dropout
dropout设置为训练模式
    Module: Dropout
dropout设置为训练模式
  Module: ReLU
test_loss: 0.1157
epoch 123
train_loss: 0.1302
Module: DropoutFullyConnectedNN
  Module: ModuleList
    Module: Linear
    Module: Linear
    Module: Linear
  Module: ModuleList
    Module: Dropout
dropout设置为训练模式
    Module: Dropout
dropout设置为训练模式
    Module: Dropout
dropout设置为训练模式
  Module: ReLU
test_loss: 0.1143
epoch 124
train_loss: 0.1334
Module: DropoutFullyConnectedNN
  Module: ModuleList
    Module: Linear
    Module: Linear
    Module: Linear
  Module: ModuleList
    Module: Dropout
dropout设置为训练模式
    Module: Dropout
dropout设置为训练模式
    Module: Dropout
dropout设置为训练模式
  Module: ReLU
test_loss: 0.1143
epoch 125
train_loss: 0.1308
Module: DropoutFullyConnectedNN
  Module: ModuleList
    Module: Linear
    Module: Linear
    Module: Linear
  Module: ModuleList
    Module: Dropout
dropout设置为训练模式
    Module: Dropout
dropout设置为训练模式
    Module: Dropout
dropout设置为训练模式
  Module: ReLU
test_loss: 0.1141
epoch 126
train_loss: 0.1312
Module: DropoutFullyConnectedNN
  Module: ModuleList
    Module: Linear
    Module: Linear
    Module: Linear
  Module: ModuleList
    Module: Dropout
dropout设置为训练模式
    Module: Dropout
dropout设置为训练模式
    Module: Dropout
dropout设置为训练模式
  Module: ReLU
test_loss: 0.1130
epoch 127
train_loss: 0.1325
Module: DropoutFullyConnectedNN
  Module: ModuleList
    Module: Linear
    Module: Linear
    Module: Linear
  Module: ModuleList
    Module: Dropout
dropout设置为训练模式
    Module: Dropout
dropout设置为训练模式
    Module: Dropout
dropout设置为训练模式
  Module: ReLU
test_loss: 0.1128
epoch 128
train_loss: 0.1309
Module: DropoutFullyConnectedNN
  Module: ModuleList
    Module: Linear
    Module: Linear
    Module: Linear
  Module: ModuleList
    Module: Dropout
dropout设置为训练模式
    Module: Dropout
dropout设置为训练模式
    Module: Dropout
dropout设置为训练模式
  Module: ReLU
test_loss: 0.1125
epoch 129
train_loss: 0.1292
Module: DropoutFullyConnectedNN
  Module: ModuleList
    Module: Linear
    Module: Linear
    Module: Linear
  Module: ModuleList
    Module: Dropout
dropout设置为训练模式
    Module: Dropout
dropout设置为训练模式
    Module: Dropout
dropout设置为训练模式
  Module: ReLU
test_loss: 0.1121
epoch 130
train_loss: 0.1301
Module: DropoutFullyConnectedNN
  Module: ModuleList
    Module: Linear
    Module: Linear
    Module: Linear
  Module: ModuleList
    Module: Dropout
dropout设置为训练模式
    Module: Dropout
dropout设置为训练模式
    Module: Dropout
dropout设置为训练模式
  Module: ReLU
test_loss: 0.1114
epoch 131
train_loss: 0.1294
Module: DropoutFullyConnectedNN
  Module: ModuleList
    Module: Linear
    Module: Linear
    Module: Linear
  Module: ModuleList
    Module: Dropout
dropout设置为训练模式
    Module: Dropout
dropout设置为训练模式
    Module: Dropout
dropout设置为训练模式
  Module: ReLU
test_loss: 0.1113
epoch 132
train_loss: 0.1280
Module: DropoutFullyConnectedNN
  Module: ModuleList
    Module: Linear
    Module: Linear
    Module: Linear
  Module: ModuleList
    Module: Dropout
dropout设置为训练模式
    Module: Dropout
dropout设置为训练模式
    Module: Dropout
dropout设置为训练模式
  Module: ReLU
test_loss: 0.1110
epoch 133
train_loss: 0.1241
Module: DropoutFullyConnectedNN
  Module: ModuleList
    Module: Linear
    Module: Linear
    Module: Linear
  Module: ModuleList
    Module: Dropout
dropout设置为训练模式
    Module: Dropout
dropout设置为训练模式
    Module: Dropout
dropout设置为训练模式
  Module: ReLU
test_loss: 0.1103
epoch 134
train_loss: 0.1255
Module: DropoutFullyConnectedNN
  Module: ModuleList
    Module: Linear
    Module: Linear
    Module: Linear
  Module: ModuleList
    Module: Dropout
dropout设置为训练模式
    Module: Dropout
dropout设置为训练模式
    Module: Dropout
dropout设置为训练模式
  Module: ReLU
test_loss: 0.1093
epoch 135
train_loss: 0.1271
Module: DropoutFullyConnectedNN
  Module: ModuleList
    Module: Linear
    Module: Linear
    Module: Linear
  Module: ModuleList
    Module: Dropout
dropout设置为训练模式
    Module: Dropout
dropout设置为训练模式
    Module: Dropout
dropout设置为训练模式
  Module: ReLU
test_loss: 0.1097
epoch 136
train_loss: 0.1288
Module: DropoutFullyConnectedNN
  Module: ModuleList
    Module: Linear
    Module: Linear
    Module: Linear
  Module: ModuleList
    Module: Dropout
dropout设置为训练模式
    Module: Dropout
dropout设置为训练模式
    Module: Dropout
dropout设置为训练模式
  Module: ReLU
test_loss: 0.1099
epoch 137
train_loss: 0.1261
Module: DropoutFullyConnectedNN
  Module: ModuleList
    Module: Linear
    Module: Linear
    Module: Linear
  Module: ModuleList
    Module: Dropout
dropout设置为训练模式
    Module: Dropout
dropout设置为训练模式
    Module: Dropout
dropout设置为训练模式
  Module: ReLU
test_loss: 0.1086
epoch 138
train_loss: 0.1278
Module: DropoutFullyConnectedNN
  Module: ModuleList
    Module: Linear
    Module: Linear
    Module: Linear
  Module: ModuleList
    Module: Dropout
dropout设置为训练模式
    Module: Dropout
dropout设置为训练模式
    Module: Dropout
dropout设置为训练模式
  Module: ReLU
test_loss: 0.1087
epoch 139
train_loss: 0.1281
Module: DropoutFullyConnectedNN
  Module: ModuleList
    Module: Linear
    Module: Linear
    Module: Linear
  Module: ModuleList
    Module: Dropout
dropout设置为训练模式
    Module: Dropout
dropout设置为训练模式
    Module: Dropout
dropout设置为训练模式
  Module: ReLU
test_loss: 0.1079
epoch 140
train_loss: 0.1266
Module: DropoutFullyConnectedNN
  Module: ModuleList
    Module: Linear
    Module: Linear
    Module: Linear
  Module: ModuleList
    Module: Dropout
dropout设置为训练模式
    Module: Dropout
dropout设置为训练模式
    Module: Dropout
dropout设置为训练模式
  Module: ReLU
test_loss: 0.1078
epoch 141
train_loss: 0.1238
Module: DropoutFullyConnectedNN
  Module: ModuleList
    Module: Linear
    Module: Linear
    Module: Linear
  Module: ModuleList
    Module: Dropout
dropout设置为训练模式
    Module: Dropout
dropout设置为训练模式
    Module: Dropout
dropout设置为训练模式
  Module: ReLU
test_loss: 0.1068
epoch 142
train_loss: 0.1252
Module: DropoutFullyConnectedNN
  Module: ModuleList
    Module: Linear
    Module: Linear
    Module: Linear
  Module: ModuleList
    Module: Dropout
dropout设置为训练模式
    Module: Dropout
dropout设置为训练模式
    Module: Dropout
dropout设置为训练模式
  Module: ReLU
test_loss: 0.1067
epoch 143
train_loss: 0.1255
Module: DropoutFullyConnectedNN
  Module: ModuleList
    Module: Linear
    Module: Linear
    Module: Linear
  Module: ModuleList
    Module: Dropout
dropout设置为训练模式
    Module: Dropout
dropout设置为训练模式
    Module: Dropout
dropout设置为训练模式
  Module: ReLU
test_loss: 0.1066
epoch 144
train_loss: 0.1240
Module: DropoutFullyConnectedNN
  Module: ModuleList
    Module: Linear
    Module: Linear
    Module: Linear
  Module: ModuleList
    Module: Dropout
dropout设置为训练模式
    Module: Dropout
dropout设置为训练模式
    Module: Dropout
dropout设置为训练模式
  Module: ReLU
test_loss: 0.1066
epoch 145
train_loss: 0.1221
Module: DropoutFullyConnectedNN
  Module: ModuleList
    Module: Linear
    Module: Linear
    Module: Linear
  Module: ModuleList
    Module: Dropout
dropout设置为训练模式
    Module: Dropout
dropout设置为训练模式
    Module: Dropout
dropout设置为训练模式
  Module: ReLU
test_loss: 0.1056
epoch 146
train_loss: 0.1229
Module: DropoutFullyConnectedNN
  Module: ModuleList
    Module: Linear
    Module: Linear
    Module: Linear
  Module: ModuleList
    Module: Dropout
dropout设置为训练模式
    Module: Dropout
dropout设置为训练模式
    Module: Dropout
dropout设置为训练模式
  Module: ReLU
test_loss: 0.1055
epoch 147
train_loss: 0.1252
Module: DropoutFullyConnectedNN
  Module: ModuleList
    Module: Linear
    Module: Linear
    Module: Linear
  Module: ModuleList
    Module: Dropout
dropout设置为训练模式
    Module: Dropout
dropout设置为训练模式
    Module: Dropout
dropout设置为训练模式
  Module: ReLU
test_loss: 0.1056
epoch 148
train_loss: 0.1253
Module: DropoutFullyConnectedNN
  Module: ModuleList
    Module: Linear
    Module: Linear
    Module: Linear
  Module: ModuleList
    Module: Dropout
dropout设置为训练模式
    Module: Dropout
dropout设置为训练模式
    Module: Dropout
dropout设置为训练模式
  Module: ReLU
test_loss: 0.1045
epoch 149
train_loss: 0.1246
Module: DropoutFullyConnectedNN
  Module: ModuleList
    Module: Linear
    Module: Linear
    Module: Linear
  Module: ModuleList
    Module: Dropout
dropout设置为训练模式
    Module: Dropout
dropout设置为训练模式
    Module: Dropout
dropout设置为训练模式
  Module: ReLU
test_loss: 0.1054
epoch 150
train_loss: 0.1242
Module: DropoutFullyConnectedNN
  Module: ModuleList
    Module: Linear
    Module: Linear
    Module: Linear
  Module: ModuleList
    Module: Dropout
dropout设置为训练模式
    Module: Dropout
dropout设置为训练模式
    Module: Dropout
dropout设置为训练模式
  Module: ReLU
test_loss: 0.1044
epoch 151
train_loss: 0.1249
Module: DropoutFullyConnectedNN
  Module: ModuleList
    Module: Linear
    Module: Linear
    Module: Linear
  Module: ModuleList
    Module: Dropout
dropout设置为训练模式
    Module: Dropout
dropout设置为训练模式
    Module: Dropout
dropout设置为训练模式
  Module: ReLU
test_loss: 0.1039
epoch 152
train_loss: 0.1203
Module: DropoutFullyConnectedNN
  Module: ModuleList
    Module: Linear
    Module: Linear
    Module: Linear
  Module: ModuleList
    Module: Dropout
dropout设置为训练模式
    Module: Dropout
dropout设置为训练模式
    Module: Dropout
dropout设置为训练模式
  Module: ReLU
test_loss: 0.1035
epoch 153
train_loss: 0.1221
Module: DropoutFullyConnectedNN
  Module: ModuleList
    Module: Linear
    Module: Linear
    Module: Linear
  Module: ModuleList
    Module: Dropout
dropout设置为训练模式
    Module: Dropout
dropout设置为训练模式
    Module: Dropout
dropout设置为训练模式
  Module: ReLU
test_loss: 0.1043
epoch 154
train_loss: 0.1231
Module: DropoutFullyConnectedNN
  Module: ModuleList
    Module: Linear
    Module: Linear
    Module: Linear
  Module: ModuleList
    Module: Dropout
dropout设置为训练模式
    Module: Dropout
dropout设置为训练模式
    Module: Dropout
dropout设置为训练模式
  Module: ReLU
test_loss: 0.1034
epoch 155
train_loss: 0.1192
Module: DropoutFullyConnectedNN
  Module: ModuleList
    Module: Linear
    Module: Linear
    Module: Linear
  Module: ModuleList
    Module: Dropout
dropout设置为训练模式
    Module: Dropout
dropout设置为训练模式
    Module: Dropout
dropout设置为训练模式
  Module: ReLU
test_loss: 0.1028
epoch 156
train_loss: 0.1193
Module: DropoutFullyConnectedNN
  Module: ModuleList
    Module: Linear
    Module: Linear
    Module: Linear
  Module: ModuleList
    Module: Dropout
dropout设置为训练模式
    Module: Dropout
dropout设置为训练模式
    Module: Dropout
dropout设置为训练模式
  Module: ReLU
test_loss: 0.1026
epoch 157
train_loss: 0.1191
Module: DropoutFullyConnectedNN
  Module: ModuleList
    Module: Linear
    Module: Linear
    Module: Linear
  Module: ModuleList
    Module: Dropout
dropout设置为训练模式
    Module: Dropout
dropout设置为训练模式
    Module: Dropout
dropout设置为训练模式
  Module: ReLU
test_loss: 0.1027
epoch 158
train_loss: 0.1211
Module: DropoutFullyConnectedNN
  Module: ModuleList
    Module: Linear
    Module: Linear
    Module: Linear
  Module: ModuleList
    Module: Dropout
dropout设置为训练模式
    Module: Dropout
dropout设置为训练模式
    Module: Dropout
dropout设置为训练模式
  Module: ReLU
test_loss: 0.1029
epoch 159
train_loss: 0.1185
Module: DropoutFullyConnectedNN
  Module: ModuleList
    Module: Linear
    Module: Linear
    Module: Linear
  Module: ModuleList
    Module: Dropout
dropout设置为训练模式
    Module: Dropout
dropout设置为训练模式
    Module: Dropout
dropout设置为训练模式
  Module: ReLU
test_loss: 0.1022
epoch 160
train_loss: 0.1216
Module: DropoutFullyConnectedNN
  Module: ModuleList
    Module: Linear
    Module: Linear
    Module: Linear
  Module: ModuleList
    Module: Dropout
dropout设置为训练模式
    Module: Dropout
dropout设置为训练模式
    Module: Dropout
dropout设置为训练模式
  Module: ReLU
test_loss: 0.1014
epoch 161
train_loss: 0.1178
Module: DropoutFullyConnectedNN
  Module: ModuleList
    Module: Linear
    Module: Linear
    Module: Linear
  Module: ModuleList
    Module: Dropout
dropout设置为训练模式
    Module: Dropout
dropout设置为训练模式
    Module: Dropout
dropout设置为训练模式
  Module: ReLU
test_loss: 0.1018
epoch 162
train_loss: 0.1188
Module: DropoutFullyConnectedNN
  Module: ModuleList
    Module: Linear
    Module: Linear
    Module: Linear
  Module: ModuleList
    Module: Dropout
dropout设置为训练模式
    Module: Dropout
dropout设置为训练模式
    Module: Dropout
dropout设置为训练模式
  Module: ReLU
test_loss: 0.1017
epoch 163
train_loss: 0.1190
Module: DropoutFullyConnectedNN
  Module: ModuleList
    Module: Linear
    Module: Linear
    Module: Linear
  Module: ModuleList
    Module: Dropout
dropout设置为训练模式
    Module: Dropout
dropout设置为训练模式
    Module: Dropout
dropout设置为训练模式
  Module: ReLU
test_loss: 0.1011
epoch 164
train_loss: 0.1176
Module: DropoutFullyConnectedNN
  Module: ModuleList
    Module: Linear
    Module: Linear
    Module: Linear
  Module: ModuleList
    Module: Dropout
dropout设置为训练模式
    Module: Dropout
dropout设置为训练模式
    Module: Dropout
dropout设置为训练模式
  Module: ReLU
test_loss: 0.1013
epoch 165
train_loss: 0.1207
Module: DropoutFullyConnectedNN
  Module: ModuleList
    Module: Linear
    Module: Linear
    Module: Linear
  Module: ModuleList
    Module: Dropout
dropout设置为训练模式
    Module: Dropout
dropout设置为训练模式
    Module: Dropout
dropout设置为训练模式
  Module: ReLU
test_loss: 0.1007
epoch 166
train_loss: 0.1204
Module: DropoutFullyConnectedNN
  Module: ModuleList
    Module: Linear
    Module: Linear
    Module: Linear
  Module: ModuleList
    Module: Dropout
dropout设置为训练模式
    Module: Dropout
dropout设置为训练模式
    Module: Dropout
dropout设置为训练模式
  Module: ReLU
test_loss: 0.1001
epoch 167
train_loss: 0.1156
Module: DropoutFullyConnectedNN
  Module: ModuleList
    Module: Linear
    Module: Linear
    Module: Linear
  Module: ModuleList
    Module: Dropout
dropout设置为训练模式
    Module: Dropout
dropout设置为训练模式
    Module: Dropout
dropout设置为训练模式
  Module: ReLU
test_loss: 0.1003
epoch 168
train_loss: 0.1208
Module: DropoutFullyConnectedNN
  Module: ModuleList
    Module: Linear
    Module: Linear
    Module: Linear
  Module: ModuleList
    Module: Dropout
dropout设置为训练模式
    Module: Dropout
dropout设置为训练模式
    Module: Dropout
dropout设置为训练模式
  Module: ReLU
test_loss: 0.0996
epoch 169
train_loss: 0.1162
Module: DropoutFullyConnectedNN
  Module: ModuleList
    Module: Linear
    Module: Linear
    Module: Linear
  Module: ModuleList
    Module: Dropout
dropout设置为训练模式
    Module: Dropout
dropout设置为训练模式
    Module: Dropout
dropout设置为训练模式
  Module: ReLU
test_loss: 0.0998
epoch 170
train_loss: 0.1162
Module: DropoutFullyConnectedNN
  Module: ModuleList
    Module: Linear
    Module: Linear
    Module: Linear
  Module: ModuleList
    Module: Dropout
dropout设置为训练模式
    Module: Dropout
dropout设置为训练模式
    Module: Dropout
dropout设置为训练模式
  Module: ReLU
test_loss: 0.0993
epoch 171
train_loss: 0.1161
Module: DropoutFullyConnectedNN
  Module: ModuleList
    Module: Linear
    Module: Linear
    Module: Linear
  Module: ModuleList
    Module: Dropout
dropout设置为训练模式
    Module: Dropout
dropout设置为训练模式
    Module: Dropout
dropout设置为训练模式
  Module: ReLU
test_loss: 0.0988
epoch 172
train_loss: 0.1168
Module: DropoutFullyConnectedNN
  Module: ModuleList
    Module: Linear
    Module: Linear
    Module: Linear
  Module: ModuleList
    Module: Dropout
dropout设置为训练模式
    Module: Dropout
dropout设置为训练模式
    Module: Dropout
dropout设置为训练模式
  Module: ReLU
test_loss: 0.0992
epoch 173
train_loss: 0.1155
Module: DropoutFullyConnectedNN
  Module: ModuleList
    Module: Linear
    Module: Linear
    Module: Linear
  Module: ModuleList
    Module: Dropout
dropout设置为训练模式
    Module: Dropout
dropout设置为训练模式
    Module: Dropout
dropout设置为训练模式
  Module: ReLU
test_loss: 0.0986
epoch 174
train_loss: 0.1141
Module: DropoutFullyConnectedNN
  Module: ModuleList
    Module: Linear
    Module: Linear
    Module: Linear
  Module: ModuleList
    Module: Dropout
dropout设置为训练模式
    Module: Dropout
dropout设置为训练模式
    Module: Dropout
dropout设置为训练模式
  Module: ReLU
test_loss: 0.0981
epoch 175
train_loss: 0.1168
Module: DropoutFullyConnectedNN
  Module: ModuleList
    Module: Linear
    Module: Linear
    Module: Linear
  Module: ModuleList
    Module: Dropout
dropout设置为训练模式
    Module: Dropout
dropout设置为训练模式
    Module: Dropout
dropout设置为训练模式
  Module: ReLU
test_loss: 0.0984
epoch 176
train_loss: 0.1149
Module: DropoutFullyConnectedNN
  Module: ModuleList
    Module: Linear
    Module: Linear
    Module: Linear
  Module: ModuleList
    Module: Dropout
dropout设置为训练模式
    Module: Dropout
dropout设置为训练模式
    Module: Dropout
dropout设置为训练模式
  Module: ReLU
test_loss: 0.0980
epoch 177
train_loss: 0.1177
Module: DropoutFullyConnectedNN
  Module: ModuleList
    Module: Linear
    Module: Linear
    Module: Linear
  Module: ModuleList
    Module: Dropout
dropout设置为训练模式
    Module: Dropout
dropout设置为训练模式
    Module: Dropout
dropout设置为训练模式
  Module: ReLU
test_loss: 0.0981
epoch 178
train_loss: 0.1125
Module: DropoutFullyConnectedNN
  Module: ModuleList
    Module: Linear
    Module: Linear
    Module: Linear
  Module: ModuleList
    Module: Dropout
dropout设置为训练模式
    Module: Dropout
dropout设置为训练模式
    Module: Dropout
dropout设置为训练模式
  Module: ReLU
test_loss: 0.0971
epoch 179
train_loss: 0.1129
Module: DropoutFullyConnectedNN
  Module: ModuleList
    Module: Linear
    Module: Linear
    Module: Linear
  Module: ModuleList
    Module: Dropout
dropout设置为训练模式
    Module: Dropout
dropout设置为训练模式
    Module: Dropout
dropout设置为训练模式
  Module: ReLU
test_loss: 0.0974
epoch 180
train_loss: 0.1147
Module: DropoutFullyConnectedNN
  Module: ModuleList
    Module: Linear
    Module: Linear
    Module: Linear
  Module: ModuleList
    Module: Dropout
dropout设置为训练模式
    Module: Dropout
dropout设置为训练模式
    Module: Dropout
dropout设置为训练模式
  Module: ReLU
test_loss: 0.0974
epoch 181
train_loss: 0.1158
Module: DropoutFullyConnectedNN
  Module: ModuleList
    Module: Linear
    Module: Linear
    Module: Linear
  Module: ModuleList
    Module: Dropout
dropout设置为训练模式
    Module: Dropout
dropout设置为训练模式
    Module: Dropout
dropout设置为训练模式
  Module: ReLU
test_loss: 0.0970
epoch 182
train_loss: 0.1150
Module: DropoutFullyConnectedNN
  Module: ModuleList
    Module: Linear
    Module: Linear
    Module: Linear
  Module: ModuleList
    Module: Dropout
dropout设置为训练模式
    Module: Dropout
dropout设置为训练模式
    Module: Dropout
dropout设置为训练模式
  Module: ReLU
test_loss: 0.0968
epoch 183
train_loss: 0.1132
Module: DropoutFullyConnectedNN
  Module: ModuleList
    Module: Linear
    Module: Linear
    Module: Linear
  Module: ModuleList
    Module: Dropout
dropout设置为训练模式
    Module: Dropout
dropout设置为训练模式
    Module: Dropout
dropout设置为训练模式
  Module: ReLU
test_loss: 0.0967
epoch 184
train_loss: 0.1138
Module: DropoutFullyConnectedNN
  Module: ModuleList
    Module: Linear
    Module: Linear
    Module: Linear
  Module: ModuleList
    Module: Dropout
dropout设置为训练模式
    Module: Dropout
dropout设置为训练模式
    Module: Dropout
dropout设置为训练模式
  Module: ReLU
test_loss: 0.0973
epoch 185
train_loss: 0.1134
Module: DropoutFullyConnectedNN
  Module: ModuleList
    Module: Linear
    Module: Linear
    Module: Linear
  Module: ModuleList
    Module: Dropout
dropout设置为训练模式
    Module: Dropout
dropout设置为训练模式
    Module: Dropout
dropout设置为训练模式
  Module: ReLU
test_loss: 0.0970
epoch 186
train_loss: 0.1146
Module: DropoutFullyConnectedNN
  Module: ModuleList
    Module: Linear
    Module: Linear
    Module: Linear
  Module: ModuleList
    Module: Dropout
dropout设置为训练模式
    Module: Dropout
dropout设置为训练模式
    Module: Dropout
dropout设置为训练模式
  Module: ReLU
test_loss: 0.0972
epoch 187
train_loss: 0.1149
Module: DropoutFullyConnectedNN
  Module: ModuleList
    Module: Linear
    Module: Linear
    Module: Linear
  Module: ModuleList
    Module: Dropout
dropout设置为训练模式
    Module: Dropout
dropout设置为训练模式
    Module: Dropout
dropout设置为训练模式
  Module: ReLU
test_loss: 0.0961
epoch 188
train_loss: 0.1127
Module: DropoutFullyConnectedNN
  Module: ModuleList
    Module: Linear
    Module: Linear
    Module: Linear
  Module: ModuleList
    Module: Dropout
dropout设置为训练模式
    Module: Dropout
dropout设置为训练模式
    Module: Dropout
dropout设置为训练模式
  Module: ReLU
test_loss: 0.0956
epoch 189
train_loss: 0.1112
Module: DropoutFullyConnectedNN
  Module: ModuleList
    Module: Linear
    Module: Linear
    Module: Linear
  Module: ModuleList
    Module: Dropout
dropout设置为训练模式
    Module: Dropout
dropout设置为训练模式
    Module: Dropout
dropout设置为训练模式
  Module: ReLU
test_loss: 0.0955
epoch 190
train_loss: 0.1123
Module: DropoutFullyConnectedNN
  Module: ModuleList
    Module: Linear
    Module: Linear
    Module: Linear
  Module: ModuleList
    Module: Dropout
dropout设置为训练模式
    Module: Dropout
dropout设置为训练模式
    Module: Dropout
dropout设置为训练模式
  Module: ReLU
test_loss: 0.0959
epoch 191
train_loss: 0.1102
Module: DropoutFullyConnectedNN
  Module: ModuleList
    Module: Linear
    Module: Linear
    Module: Linear
  Module: ModuleList
    Module: Dropout
dropout设置为训练模式
    Module: Dropout
dropout设置为训练模式
    Module: Dropout
dropout设置为训练模式
  Module: ReLU
test_loss: 0.0951
epoch 192
train_loss: 0.1125
Module: DropoutFullyConnectedNN
  Module: ModuleList
    Module: Linear
    Module: Linear
    Module: Linear
  Module: ModuleList
    Module: Dropout
dropout设置为训练模式
    Module: Dropout
dropout设置为训练模式
    Module: Dropout
dropout设置为训练模式
  Module: ReLU
test_loss: 0.0955
epoch 193
train_loss: 0.1128
Module: DropoutFullyConnectedNN
  Module: ModuleList
    Module: Linear
    Module: Linear
    Module: Linear
  Module: ModuleList
    Module: Dropout
dropout设置为训练模式
    Module: Dropout
dropout设置为训练模式
    Module: Dropout
dropout设置为训练模式
  Module: ReLU
test_loss: 0.0951
epoch 194
train_loss: 0.1130
Module: DropoutFullyConnectedNN
  Module: ModuleList
    Module: Linear
    Module: Linear
    Module: Linear
  Module: ModuleList
    Module: Dropout
dropout设置为训练模式
    Module: Dropout
dropout设置为训练模式
    Module: Dropout
dropout设置为训练模式
  Module: ReLU
test_loss: 0.0954
epoch 195
train_loss: 0.1118
Module: DropoutFullyConnectedNN
  Module: ModuleList
    Module: Linear
    Module: Linear
    Module: Linear
  Module: ModuleList
    Module: Dropout
dropout设置为训练模式
    Module: Dropout
dropout设置为训练模式
    Module: Dropout
dropout设置为训练模式
  Module: ReLU
test_loss: 0.0938
epoch 196
train_loss: 0.1118
Module: DropoutFullyConnectedNN
  Module: ModuleList
    Module: Linear
    Module: Linear
    Module: Linear
  Module: ModuleList
    Module: Dropout
dropout设置为训练模式
    Module: Dropout
dropout设置为训练模式
    Module: Dropout
dropout设置为训练模式
  Module: ReLU
test_loss: 0.0948
epoch 197
train_loss: 0.1108
Module: DropoutFullyConnectedNN
  Module: ModuleList
    Module: Linear
    Module: Linear
    Module: Linear
  Module: ModuleList
    Module: Dropout
dropout设置为训练模式
    Module: Dropout
dropout设置为训练模式
    Module: Dropout
dropout设置为训练模式
  Module: ReLU
test_loss: 0.0946
epoch 198
train_loss: 0.1138
Module: DropoutFullyConnectedNN
  Module: ModuleList
    Module: Linear
    Module: Linear
    Module: Linear
  Module: ModuleList
    Module: Dropout
dropout设置为训练模式
    Module: Dropout
dropout设置为训练模式
    Module: Dropout
dropout设置为训练模式
  Module: ReLU
test_loss: 0.0941
epoch 199
train_loss: 0.1133
Module: DropoutFullyConnectedNN
  Module: ModuleList
    Module: Linear
    Module: Linear
    Module: Linear
  Module: ModuleList
    Module: Dropout
dropout设置为训练模式
    Module: Dropout
dropout设置为训练模式
    Module: Dropout
dropout设置为训练模式
  Module: ReLU
test_loss: 0.0937
epoch 200
train_loss: 0.1104
Module: DropoutFullyConnectedNN
  Module: ModuleList
    Module: Linear
    Module: Linear
    Module: Linear
  Module: ModuleList
    Module: Dropout
dropout设置为训练模式
    Module: Dropout
dropout设置为训练模式
    Module: Dropout
dropout设置为训练模式
  Module: ReLU
test_loss: 0.0942
epoch 201
train_loss: 0.1082
Module: DropoutFullyConnectedNN
  Module: ModuleList
    Module: Linear
    Module: Linear
    Module: Linear
  Module: ModuleList
    Module: Dropout
dropout设置为训练模式
    Module: Dropout
dropout设置为训练模式
    Module: Dropout
dropout设置为训练模式
  Module: ReLU
test_loss: 0.0937
epoch 202
train_loss: 0.1098
Module: DropoutFullyConnectedNN
  Module: ModuleList
    Module: Linear
    Module: Linear
    Module: Linear
  Module: ModuleList
    Module: Dropout
dropout设置为训练模式
    Module: Dropout
dropout设置为训练模式
    Module: Dropout
dropout设置为训练模式
  Module: ReLU
test_loss: 0.0941
epoch 203
train_loss: 0.1072
Module: DropoutFullyConnectedNN
  Module: ModuleList
    Module: Linear
    Module: Linear
    Module: Linear
  Module: ModuleList
    Module: Dropout
dropout设置为训练模式
    Module: Dropout
dropout设置为训练模式
    Module: Dropout
dropout设置为训练模式
  Module: ReLU
test_loss: 0.0926
epoch 204
train_loss: 0.1075
Module: DropoutFullyConnectedNN
  Module: ModuleList
    Module: Linear
    Module: Linear
    Module: Linear
  Module: ModuleList
    Module: Dropout
dropout设置为训练模式
    Module: Dropout
dropout设置为训练模式
    Module: Dropout
dropout设置为训练模式
  Module: ReLU
test_loss: 0.0930
epoch 205
train_loss: 0.1098
Module: DropoutFullyConnectedNN
  Module: ModuleList
    Module: Linear
    Module: Linear
    Module: Linear
  Module: ModuleList
    Module: Dropout
dropout设置为训练模式
    Module: Dropout
dropout设置为训练模式
    Module: Dropout
dropout设置为训练模式
  Module: ReLU
test_loss: 0.0929
epoch 206
train_loss: 0.1091
Module: DropoutFullyConnectedNN
  Module: ModuleList
    Module: Linear
    Module: Linear
    Module: Linear
  Module: ModuleList
    Module: Dropout
dropout设置为训练模式
    Module: Dropout
dropout设置为训练模式
    Module: Dropout
dropout设置为训练模式
  Module: ReLU
test_loss: 0.0926
epoch 207
train_loss: 0.1084
Module: DropoutFullyConnectedNN
  Module: ModuleList
    Module: Linear
    Module: Linear
    Module: Linear
  Module: ModuleList
    Module: Dropout
dropout设置为训练模式
    Module: Dropout
dropout设置为训练模式
    Module: Dropout
dropout设置为训练模式
  Module: ReLU
test_loss: 0.0928
epoch 208
train_loss: 0.1113
Module: DropoutFullyConnectedNN
  Module: ModuleList
    Module: Linear
    Module: Linear
    Module: Linear
  Module: ModuleList
    Module: Dropout
dropout设置为训练模式
    Module: Dropout
dropout设置为训练模式
    Module: Dropout
dropout设置为训练模式
  Module: ReLU
test_loss: 0.0926
epoch 209
train_loss: 0.1121
Module: DropoutFullyConnectedNN
  Module: ModuleList
    Module: Linear
    Module: Linear
    Module: Linear
  Module: ModuleList
    Module: Dropout
dropout设置为训练模式
    Module: Dropout
dropout设置为训练模式
    Module: Dropout
dropout设置为训练模式
  Module: ReLU
test_loss: 0.0931
epoch 210
train_loss: 0.1096
Module: DropoutFullyConnectedNN
  Module: ModuleList
    Module: Linear
    Module: Linear
    Module: Linear
  Module: ModuleList
    Module: Dropout
dropout设置为训练模式
    Module: Dropout
dropout设置为训练模式
    Module: Dropout
dropout设置为训练模式
  Module: ReLU
test_loss: 0.0925
epoch 211
train_loss: 0.1085
Module: DropoutFullyConnectedNN
  Module: ModuleList
    Module: Linear
    Module: Linear
    Module: Linear
  Module: ModuleList
    Module: Dropout
dropout设置为训练模式
    Module: Dropout
dropout设置为训练模式
    Module: Dropout
dropout设置为训练模式
  Module: ReLU
test_loss: 0.0929
epoch 212
train_loss: 0.1114
Module: DropoutFullyConnectedNN
  Module: ModuleList
    Module: Linear
    Module: Linear
    Module: Linear
  Module: ModuleList
    Module: Dropout
dropout设置为训练模式
    Module: Dropout
dropout设置为训练模式
    Module: Dropout
dropout设置为训练模式
  Module: ReLU
test_loss: 0.0927
epoch 213
train_loss: 0.1105
Module: DropoutFullyConnectedNN
  Module: ModuleList
    Module: Linear
    Module: Linear
    Module: Linear
  Module: ModuleList
    Module: Dropout
dropout设置为训练模式
    Module: Dropout
dropout设置为训练模式
    Module: Dropout
dropout设置为训练模式
  Module: ReLU
test_loss: 0.0923
epoch 214
train_loss: 0.1070
Module: DropoutFullyConnectedNN
  Module: ModuleList
    Module: Linear
    Module: Linear
    Module: Linear
  Module: ModuleList
    Module: Dropout
dropout设置为训练模式
    Module: Dropout
dropout设置为训练模式
    Module: Dropout
dropout设置为训练模式
  Module: ReLU
test_loss: 0.0926
epoch 215
train_loss: 0.1091
Module: DropoutFullyConnectedNN
  Module: ModuleList
    Module: Linear
    Module: Linear
    Module: Linear
  Module: ModuleList
    Module: Dropout
dropout设置为训练模式
    Module: Dropout
dropout设置为训练模式
    Module: Dropout
dropout设置为训练模式
  Module: ReLU
test_loss: 0.0924
epoch 216
train_loss: 0.1105
Module: DropoutFullyConnectedNN
  Module: ModuleList
    Module: Linear
    Module: Linear
    Module: Linear
  Module: ModuleList
    Module: Dropout
dropout设置为训练模式
    Module: Dropout
dropout设置为训练模式
    Module: Dropout
dropout设置为训练模式
  Module: ReLU
test_loss: 0.0916
epoch 217
train_loss: 0.1093
Module: DropoutFullyConnectedNN
  Module: ModuleList
    Module: Linear
    Module: Linear
    Module: Linear
  Module: ModuleList
    Module: Dropout
dropout设置为训练模式
    Module: Dropout
dropout设置为训练模式
    Module: Dropout
dropout设置为训练模式
  Module: ReLU
test_loss: 0.0919
epoch 218
train_loss: 0.1103
Module: DropoutFullyConnectedNN
  Module: ModuleList
    Module: Linear
    Module: Linear
    Module: Linear
  Module: ModuleList
    Module: Dropout
dropout设置为训练模式
    Module: Dropout
dropout设置为训练模式
    Module: Dropout
dropout设置为训练模式
  Module: ReLU
test_loss: 0.0924
epoch 219
train_loss: 0.1102
Module: DropoutFullyConnectedNN
  Module: ModuleList
    Module: Linear
    Module: Linear
    Module: Linear
  Module: ModuleList
    Module: Dropout
dropout设置为训练模式
    Module: Dropout
dropout设置为训练模式
    Module: Dropout
dropout设置为训练模式
  Module: ReLU
test_loss: 0.0914
epoch 220
train_loss: 0.1074
Module: DropoutFullyConnectedNN
  Module: ModuleList
    Module: Linear
    Module: Linear
    Module: Linear
  Module: ModuleList
    Module: Dropout
dropout设置为训练模式
    Module: Dropout
dropout设置为训练模式
    Module: Dropout
dropout设置为训练模式
  Module: ReLU
test_loss: 0.0919
epoch 221
train_loss: 0.1075
Module: DropoutFullyConnectedNN
  Module: ModuleList
    Module: Linear
    Module: Linear
    Module: Linear
  Module: ModuleList
    Module: Dropout
dropout设置为训练模式
    Module: Dropout
dropout设置为训练模式
    Module: Dropout
dropout设置为训练模式
  Module: ReLU
test_loss: 0.0912
epoch 222
train_loss: 0.1118
Module: DropoutFullyConnectedNN
  Module: ModuleList
    Module: Linear
    Module: Linear
    Module: Linear
  Module: ModuleList
    Module: Dropout
dropout设置为训练模式
    Module: Dropout
dropout设置为训练模式
    Module: Dropout
dropout设置为训练模式
  Module: ReLU
test_loss: 0.0909
epoch 223
train_loss: 0.1079
Module: DropoutFullyConnectedNN
  Module: ModuleList
    Module: Linear
    Module: Linear
    Module: Linear
  Module: ModuleList
    Module: Dropout
dropout设置为训练模式
    Module: Dropout
dropout设置为训练模式
    Module: Dropout
dropout设置为训练模式
  Module: ReLU
test_loss: 0.0910
epoch 224
train_loss: 0.1067
Module: DropoutFullyConnectedNN
  Module: ModuleList
    Module: Linear
    Module: Linear
    Module: Linear
  Module: ModuleList
    Module: Dropout
dropout设置为训练模式
    Module: Dropout
dropout设置为训练模式
    Module: Dropout
dropout设置为训练模式
  Module: ReLU
test_loss: 0.0913
epoch 225
train_loss: 0.1063
Module: DropoutFullyConnectedNN
  Module: ModuleList
    Module: Linear
    Module: Linear
    Module: Linear
  Module: ModuleList
    Module: Dropout
dropout设置为训练模式
    Module: Dropout
dropout设置为训练模式
    Module: Dropout
dropout设置为训练模式
  Module: ReLU
test_loss: 0.0903
epoch 226
train_loss: 0.1067
Module: DropoutFullyConnectedNN
  Module: ModuleList
    Module: Linear
    Module: Linear
    Module: Linear
  Module: ModuleList
    Module: Dropout
dropout设置为训练模式
    Module: Dropout
dropout设置为训练模式
    Module: Dropout
dropout设置为训练模式
  Module: ReLU
test_loss: 0.0905
epoch 227
train_loss: 0.1095
Module: DropoutFullyConnectedNN
  Module: ModuleList
    Module: Linear
    Module: Linear
    Module: Linear
  Module: ModuleList
    Module: Dropout
dropout设置为训练模式
    Module: Dropout
dropout设置为训练模式
    Module: Dropout
dropout设置为训练模式
  Module: ReLU
test_loss: 0.0903
epoch 228
train_loss: 0.1058
Module: DropoutFullyConnectedNN
  Module: ModuleList
    Module: Linear
    Module: Linear
    Module: Linear
  Module: ModuleList
    Module: Dropout
dropout设置为训练模式
    Module: Dropout
dropout设置为训练模式
    Module: Dropout
dropout设置为训练模式
  Module: ReLU
test_loss: 0.0911
epoch 229
train_loss: 0.1054
Module: DropoutFullyConnectedNN
  Module: ModuleList
    Module: Linear
    Module: Linear
    Module: Linear
  Module: ModuleList
    Module: Dropout
dropout设置为训练模式
    Module: Dropout
dropout设置为训练模式
    Module: Dropout
dropout设置为训练模式
  Module: ReLU
test_loss: 0.0905
epoch 230
train_loss: 0.1069
Module: DropoutFullyConnectedNN
  Module: ModuleList
    Module: Linear
    Module: Linear
    Module: Linear
  Module: ModuleList
    Module: Dropout
dropout设置为训练模式
    Module: Dropout
dropout设置为训练模式
    Module: Dropout
dropout设置为训练模式
  Module: ReLU
test_loss: 0.0903
epoch 231
train_loss: 0.1050
Module: DropoutFullyConnectedNN
  Module: ModuleList
    Module: Linear
    Module: Linear
    Module: Linear
  Module: ModuleList
    Module: Dropout
dropout设置为训练模式
    Module: Dropout
dropout设置为训练模式
    Module: Dropout
dropout设置为训练模式
  Module: ReLU
test_loss: 0.0900
epoch 232
train_loss: 0.1055
Module: DropoutFullyConnectedNN
  Module: ModuleList
    Module: Linear
    Module: Linear
    Module: Linear
  Module: ModuleList
    Module: Dropout
dropout设置为训练模式
    Module: Dropout
dropout设置为训练模式
    Module: Dropout
dropout设置为训练模式
  Module: ReLU
test_loss: 0.0904
epoch 233
train_loss: 0.1055
Module: DropoutFullyConnectedNN
  Module: ModuleList
    Module: Linear
    Module: Linear
    Module: Linear
  Module: ModuleList
    Module: Dropout
dropout设置为训练模式
    Module: Dropout
dropout设置为训练模式
    Module: Dropout
dropout设置为训练模式
  Module: ReLU
test_loss: 0.0900
epoch 234
train_loss: 0.1033
Module: DropoutFullyConnectedNN
  Module: ModuleList
    Module: Linear
    Module: Linear
    Module: Linear
  Module: ModuleList
    Module: Dropout
dropout设置为训练模式
    Module: Dropout
dropout设置为训练模式
    Module: Dropout
dropout设置为训练模式
  Module: ReLU
test_loss: 0.0911
epoch 235
train_loss: 0.1059
Module: DropoutFullyConnectedNN
  Module: ModuleList
    Module: Linear
    Module: Linear
    Module: Linear
  Module: ModuleList
    Module: Dropout
dropout设置为训练模式
    Module: Dropout
dropout设置为训练模式
    Module: Dropout
dropout设置为训练模式
  Module: ReLU
test_loss: 0.0897
epoch 236
train_loss: 0.1031
Module: DropoutFullyConnectedNN
  Module: ModuleList
    Module: Linear
    Module: Linear
    Module: Linear
  Module: ModuleList
    Module: Dropout
dropout设置为训练模式
    Module: Dropout
dropout设置为训练模式
    Module: Dropout
dropout设置为训练模式
  Module: ReLU
test_loss: 0.0901
epoch 237
train_loss: 0.1059
Module: DropoutFullyConnectedNN
  Module: ModuleList
    Module: Linear
    Module: Linear
    Module: Linear
  Module: ModuleList
    Module: Dropout
dropout设置为训练模式
    Module: Dropout
dropout设置为训练模式
    Module: Dropout
dropout设置为训练模式
  Module: ReLU
test_loss: 0.0893
epoch 238
train_loss: 0.1033
Module: DropoutFullyConnectedNN
  Module: ModuleList
    Module: Linear
    Module: Linear
    Module: Linear
  Module: ModuleList
    Module: Dropout
dropout设置为训练模式
    Module: Dropout
dropout设置为训练模式
    Module: Dropout
dropout设置为训练模式
  Module: ReLU
test_loss: 0.0890
epoch 239
train_loss: 0.1067
Module: DropoutFullyConnectedNN
  Module: ModuleList
    Module: Linear
    Module: Linear
    Module: Linear
  Module: ModuleList
    Module: Dropout
dropout设置为训练模式
    Module: Dropout
dropout设置为训练模式
    Module: Dropout
dropout设置为训练模式
  Module: ReLU
test_loss: 0.0892
epoch 240
train_loss: 0.1065
Module: DropoutFullyConnectedNN
  Module: ModuleList
    Module: Linear
    Module: Linear
    Module: Linear
  Module: ModuleList
    Module: Dropout
dropout设置为训练模式
    Module: Dropout
dropout设置为训练模式
    Module: Dropout
dropout设置为训练模式
  Module: ReLU
test_loss: 0.0893
epoch 241
train_loss: 0.1053
Module: DropoutFullyConnectedNN
  Module: ModuleList
    Module: Linear
    Module: Linear
    Module: Linear
  Module: ModuleList
    Module: Dropout
dropout设置为训练模式
    Module: Dropout
dropout设置为训练模式
    Module: Dropout
dropout设置为训练模式
  Module: ReLU
test_loss: 0.0890
epoch 242
train_loss: 0.1047
Module: DropoutFullyConnectedNN
  Module: ModuleList
    Module: Linear
    Module: Linear
    Module: Linear
  Module: ModuleList
    Module: Dropout
dropout设置为训练模式
    Module: Dropout
dropout设置为训练模式
    Module: Dropout
dropout设置为训练模式
  Module: ReLU
test_loss: 0.0904
epoch 243
train_loss: 0.1044
Module: DropoutFullyConnectedNN
  Module: ModuleList
    Module: Linear
    Module: Linear
    Module: Linear
  Module: ModuleList
    Module: Dropout
dropout设置为训练模式
    Module: Dropout
dropout设置为训练模式
    Module: Dropout
dropout设置为训练模式
  Module: ReLU
test_loss: 0.0887
epoch 244
train_loss: 0.1051
Module: DropoutFullyConnectedNN
  Module: ModuleList
    Module: Linear
    Module: Linear
    Module: Linear
  Module: ModuleList
    Module: Dropout
dropout设置为训练模式
    Module: Dropout
dropout设置为训练模式
    Module: Dropout
dropout设置为训练模式
  Module: ReLU
test_loss: 0.0889
epoch 245
train_loss: 0.1039
Module: DropoutFullyConnectedNN
  Module: ModuleList
    Module: Linear
    Module: Linear
    Module: Linear
  Module: ModuleList
    Module: Dropout
dropout设置为训练模式
    Module: Dropout
dropout设置为训练模式
    Module: Dropout
dropout设置为训练模式
  Module: ReLU
test_loss: 0.0899
epoch 246
train_loss: 0.1069
Module: DropoutFullyConnectedNN
  Module: ModuleList
    Module: Linear
    Module: Linear
    Module: Linear
  Module: ModuleList
    Module: Dropout
dropout设置为训练模式
    Module: Dropout
dropout设置为训练模式
    Module: Dropout
dropout设置为训练模式
  Module: ReLU
test_loss: 0.0883
epoch 247
train_loss: 0.1023
Module: DropoutFullyConnectedNN
  Module: ModuleList
    Module: Linear
    Module: Linear
    Module: Linear
  Module: ModuleList
    Module: Dropout
dropout设置为训练模式
    Module: Dropout
dropout设置为训练模式
    Module: Dropout
dropout设置为训练模式
  Module: ReLU
test_loss: 0.0891
epoch 248
train_loss: 0.1058
Module: DropoutFullyConnectedNN
  Module: ModuleList
    Module: Linear
    Module: Linear
    Module: Linear
  Module: ModuleList
    Module: Dropout
dropout设置为训练模式
    Module: Dropout
dropout设置为训练模式
    Module: Dropout
dropout设置为训练模式
  Module: ReLU
test_loss: 0.0880
epoch 249
train_loss: 0.1048
Module: DropoutFullyConnectedNN
  Module: ModuleList
    Module: Linear
    Module: Linear
    Module: Linear
  Module: ModuleList
    Module: Dropout
dropout设置为训练模式
    Module: Dropout
dropout设置为训练模式
    Module: Dropout
dropout设置为训练模式
  Module: ReLU
test_loss: 0.0877
epoch 250
train_loss: 0.1020
Module: DropoutFullyConnectedNN
  Module: ModuleList
    Module: Linear
    Module: Linear
    Module: Linear
  Module: ModuleList
    Module: Dropout
dropout设置为训练模式
    Module: Dropout
dropout设置为训练模式
    Module: Dropout
dropout设置为训练模式
  Module: ReLU
test_loss: 0.0886
epoch 251
train_loss: 0.1059
Module: DropoutFullyConnectedNN
  Module: ModuleList
    Module: Linear
    Module: Linear
    Module: Linear
  Module: ModuleList
    Module: Dropout
dropout设置为训练模式
    Module: Dropout
dropout设置为训练模式
    Module: Dropout
dropout设置为训练模式
  Module: ReLU
test_loss: 0.0888
epoch 252
train_loss: 0.1027
Module: DropoutFullyConnectedNN
  Module: ModuleList
    Module: Linear
    Module: Linear
    Module: Linear
  Module: ModuleList
    Module: Dropout
dropout设置为训练模式
    Module: Dropout
dropout设置为训练模式
    Module: Dropout
dropout设置为训练模式
  Module: ReLU
test_loss: 0.0882
epoch 253
train_loss: 0.1026
Module: DropoutFullyConnectedNN
  Module: ModuleList
    Module: Linear
    Module: Linear
    Module: Linear
  Module: ModuleList
    Module: Dropout
dropout设置为训练模式
    Module: Dropout
dropout设置为训练模式
    Module: Dropout
dropout设置为训练模式
  Module: ReLU
test_loss: 0.0880
epoch 254
train_loss: 0.0987
Module: DropoutFullyConnectedNN
  Module: ModuleList
    Module: Linear
    Module: Linear
    Module: Linear
  Module: ModuleList
    Module: Dropout
dropout设置为训练模式
    Module: Dropout
dropout设置为训练模式
    Module: Dropout
dropout设置为训练模式
  Module: ReLU
test_loss: 0.0878
epoch 255
train_loss: 0.1044
Module: DropoutFullyConnectedNN
  Module: ModuleList
    Module: Linear
    Module: Linear
    Module: Linear
  Module: ModuleList
    Module: Dropout
dropout设置为训练模式
    Module: Dropout
dropout设置为训练模式
    Module: Dropout
dropout设置为训练模式
  Module: ReLU
test_loss: 0.0883
epoch 256
train_loss: 0.1042
Module: DropoutFullyConnectedNN
  Module: ModuleList
    Module: Linear
    Module: Linear
    Module: Linear
  Module: ModuleList
    Module: Dropout
dropout设置为训练模式
    Module: Dropout
dropout设置为训练模式
    Module: Dropout
dropout设置为训练模式
  Module: ReLU
test_loss: 0.0879
epoch 257
train_loss: 0.1016
Module: DropoutFullyConnectedNN
  Module: ModuleList
    Module: Linear
    Module: Linear
    Module: Linear
  Module: ModuleList
    Module: Dropout
dropout设置为训练模式
    Module: Dropout
dropout设置为训练模式
    Module: Dropout
dropout设置为训练模式
  Module: ReLU
test_loss: 0.0881
epoch 258
train_loss: 0.1036
Module: DropoutFullyConnectedNN
  Module: ModuleList
    Module: Linear
    Module: Linear
    Module: Linear
  Module: ModuleList
    Module: Dropout
dropout设置为训练模式
    Module: Dropout
dropout设置为训练模式
    Module: Dropout
dropout设置为训练模式
  Module: ReLU
test_loss: 0.0878
epoch 259
train_loss: 0.1047
Module: DropoutFullyConnectedNN
  Module: ModuleList
    Module: Linear
    Module: Linear
    Module: Linear
  Module: ModuleList
    Module: Dropout
dropout设置为训练模式
    Module: Dropout
dropout设置为训练模式
    Module: Dropout
dropout设置为训练模式
  Module: ReLU
test_loss: 0.0883
epoch 260
train_loss: 0.1038
Module: DropoutFullyConnectedNN
  Module: ModuleList
    Module: Linear
    Module: Linear
    Module: Linear
  Module: ModuleList
    Module: Dropout
dropout设置为训练模式
    Module: Dropout
dropout设置为训练模式
    Module: Dropout
dropout设置为训练模式
  Module: ReLU
test_loss: 0.0876
epoch 261
train_loss: 0.1004
Module: DropoutFullyConnectedNN
  Module: ModuleList
    Module: Linear
    Module: Linear
    Module: Linear
  Module: ModuleList
    Module: Dropout
dropout设置为训练模式
    Module: Dropout
dropout设置为训练模式
    Module: Dropout
dropout设置为训练模式
  Module: ReLU
test_loss: 0.0871
epoch 262
train_loss: 0.1007
Module: DropoutFullyConnectedNN
  Module: ModuleList
    Module: Linear
    Module: Linear
    Module: Linear
  Module: ModuleList
    Module: Dropout
dropout设置为训练模式
    Module: Dropout
dropout设置为训练模式
    Module: Dropout
dropout设置为训练模式
  Module: ReLU
test_loss: 0.0872
epoch 263
train_loss: 0.1012
Module: DropoutFullyConnectedNN
  Module: ModuleList
    Module: Linear
    Module: Linear
    Module: Linear
  Module: ModuleList
    Module: Dropout
dropout设置为训练模式
    Module: Dropout
dropout设置为训练模式
    Module: Dropout
dropout设置为训练模式
  Module: ReLU
test_loss: 0.0871
epoch 264
train_loss: 0.1002
Module: DropoutFullyConnectedNN
  Module: ModuleList
    Module: Linear
    Module: Linear
    Module: Linear
  Module: ModuleList
    Module: Dropout
dropout设置为训练模式
    Module: Dropout
dropout设置为训练模式
    Module: Dropout
dropout设置为训练模式
  Module: ReLU
test_loss: 0.0872
epoch 265
train_loss: 0.1007
Module: DropoutFullyConnectedNN
  Module: ModuleList
    Module: Linear
    Module: Linear
    Module: Linear
  Module: ModuleList
    Module: Dropout
dropout设置为训练模式
    Module: Dropout
dropout设置为训练模式
    Module: Dropout
dropout设置为训练模式
  Module: ReLU
test_loss: 0.0873
epoch 266
train_loss: 0.1018
Module: DropoutFullyConnectedNN
  Module: ModuleList
    Module: Linear
    Module: Linear
    Module: Linear
  Module: ModuleList
    Module: Dropout
dropout设置为训练模式
    Module: Dropout
dropout设置为训练模式
    Module: Dropout
dropout设置为训练模式
  Module: ReLU
test_loss: 0.0874
epoch 267
train_loss: 0.1013
Module: DropoutFullyConnectedNN
  Module: ModuleList
    Module: Linear
    Module: Linear
    Module: Linear
  Module: ModuleList
    Module: Dropout
dropout设置为训练模式
    Module: Dropout
dropout设置为训练模式
    Module: Dropout
dropout设置为训练模式
  Module: ReLU
test_loss: 0.0863
epoch 268
train_loss: 0.1012
Module: DropoutFullyConnectedNN
  Module: ModuleList
    Module: Linear
    Module: Linear
    Module: Linear
  Module: ModuleList
    Module: Dropout
dropout设置为训练模式
    Module: Dropout
dropout设置为训练模式
    Module: Dropout
dropout设置为训练模式
  Module: ReLU
test_loss: 0.0875
epoch 269
train_loss: 0.1036
Module: DropoutFullyConnectedNN
  Module: ModuleList
    Module: Linear
    Module: Linear
    Module: Linear
  Module: ModuleList
    Module: Dropout
dropout设置为训练模式
    Module: Dropout
dropout设置为训练模式
    Module: Dropout
dropout设置为训练模式
  Module: ReLU
test_loss: 0.0880
epoch 270
train_loss: 0.1011
Module: DropoutFullyConnectedNN
  Module: ModuleList
    Module: Linear
    Module: Linear
    Module: Linear
  Module: ModuleList
    Module: Dropout
dropout设置为训练模式
    Module: Dropout
dropout设置为训练模式
    Module: Dropout
dropout设置为训练模式
  Module: ReLU
test_loss: 0.0872
epoch 271
train_loss: 0.1047
Module: DropoutFullyConnectedNN
  Module: ModuleList
    Module: Linear
    Module: Linear
    Module: Linear
  Module: ModuleList
    Module: Dropout
dropout设置为训练模式
    Module: Dropout
dropout设置为训练模式
    Module: Dropout
dropout设置为训练模式
  Module: ReLU
test_loss: 0.0866
epoch 272
train_loss: 0.1005
Module: DropoutFullyConnectedNN
  Module: ModuleList
    Module: Linear
    Module: Linear
    Module: Linear
  Module: ModuleList
    Module: Dropout
dropout设置为训练模式
    Module: Dropout
dropout设置为训练模式
    Module: Dropout
dropout设置为训练模式
  Module: ReLU
test_loss: 0.0873
epoch 273
train_loss: 0.1002
Module: DropoutFullyConnectedNN
  Module: ModuleList
    Module: Linear
    Module: Linear
    Module: Linear
  Module: ModuleList
    Module: Dropout
dropout设置为训练模式
    Module: Dropout
dropout设置为训练模式
    Module: Dropout
dropout设置为训练模式
  Module: ReLU
test_loss: 0.0870
epoch 274
train_loss: 0.1046
Module: DropoutFullyConnectedNN
  Module: ModuleList
    Module: Linear
    Module: Linear
    Module: Linear
  Module: ModuleList
    Module: Dropout
dropout设置为训练模式
    Module: Dropout
dropout设置为训练模式
    Module: Dropout
dropout设置为训练模式
  Module: ReLU
test_loss: 0.0868
epoch 275
train_loss: 0.1024
Module: DropoutFullyConnectedNN
  Module: ModuleList
    Module: Linear
    Module: Linear
    Module: Linear
  Module: ModuleList
    Module: Dropout
dropout设置为训练模式
    Module: Dropout
dropout设置为训练模式
    Module: Dropout
dropout设置为训练模式
  Module: ReLU
test_loss: 0.0873
epoch 276
train_loss: 0.1047
Module: DropoutFullyConnectedNN
  Module: ModuleList
    Module: Linear
    Module: Linear
    Module: Linear
  Module: ModuleList
    Module: Dropout
dropout设置为训练模式
    Module: Dropout
dropout设置为训练模式
    Module: Dropout
dropout设置为训练模式
  Module: ReLU
test_loss: 0.0875
epoch 277
train_loss: 0.1004
Module: DropoutFullyConnectedNN
  Module: ModuleList
    Module: Linear
    Module: Linear
    Module: Linear
  Module: ModuleList
    Module: Dropout
dropout设置为训练模式
    Module: Dropout
dropout设置为训练模式
    Module: Dropout
dropout设置为训练模式
  Module: ReLU
test_loss: 0.0873
epoch 278
train_loss: 0.0990
Module: DropoutFullyConnectedNN
  Module: ModuleList
    Module: Linear
    Module: Linear
    Module: Linear
  Module: ModuleList
    Module: Dropout
dropout设置为训练模式
    Module: Dropout
dropout设置为训练模式
    Module: Dropout
dropout设置为训练模式
  Module: ReLU
test_loss: 0.0867
epoch 279
train_loss: 0.1003
Module: DropoutFullyConnectedNN
  Module: ModuleList
    Module: Linear
    Module: Linear
    Module: Linear
  Module: ModuleList
    Module: Dropout
dropout设置为训练模式
    Module: Dropout
dropout设置为训练模式
    Module: Dropout
dropout设置为训练模式
  Module: ReLU
test_loss: 0.0863
epoch 280
train_loss: 0.0995
Module: DropoutFullyConnectedNN
  Module: ModuleList
    Module: Linear
    Module: Linear
    Module: Linear
  Module: ModuleList
    Module: Dropout
dropout设置为训练模式
    Module: Dropout
dropout设置为训练模式
    Module: Dropout
dropout设置为训练模式
  Module: ReLU
test_loss: 0.0862
epoch 281
train_loss: 0.1000
Module: DropoutFullyConnectedNN
  Module: ModuleList
    Module: Linear
    Module: Linear
    Module: Linear
  Module: ModuleList
    Module: Dropout
dropout设置为训练模式
    Module: Dropout
dropout设置为训练模式
    Module: Dropout
dropout设置为训练模式
  Module: ReLU
test_loss: 0.0864
epoch 282
train_loss: 0.0987
Module: DropoutFullyConnectedNN
  Module: ModuleList
    Module: Linear
    Module: Linear
    Module: Linear
  Module: ModuleList
    Module: Dropout
dropout设置为训练模式
    Module: Dropout
dropout设置为训练模式
    Module: Dropout
dropout设置为训练模式
  Module: ReLU
test_loss: 0.0866
epoch 283
train_loss: 0.1006
Module: DropoutFullyConnectedNN
  Module: ModuleList
    Module: Linear
    Module: Linear
    Module: Linear
  Module: ModuleList
    Module: Dropout
dropout设置为训练模式
    Module: Dropout
dropout设置为训练模式
    Module: Dropout
dropout设置为训练模式
  Module: ReLU
test_loss: 0.0864
epoch 284
train_loss: 0.0978
Module: DropoutFullyConnectedNN
  Module: ModuleList
    Module: Linear
    Module: Linear
    Module: Linear
  Module: ModuleList
    Module: Dropout
dropout设置为训练模式
    Module: Dropout
dropout设置为训练模式
    Module: Dropout
dropout设置为训练模式
  Module: ReLU
test_loss: 0.0857
epoch 285
train_loss: 0.0965
Module: DropoutFullyConnectedNN
  Module: ModuleList
    Module: Linear
    Module: Linear
    Module: Linear
  Module: ModuleList
    Module: Dropout
dropout设置为训练模式
    Module: Dropout
dropout设置为训练模式
    Module: Dropout
dropout设置为训练模式
  Module: ReLU
test_loss: 0.0860
epoch 286
train_loss: 0.1020
Module: DropoutFullyConnectedNN
  Module: ModuleList
    Module: Linear
    Module: Linear
    Module: Linear
  Module: ModuleList
    Module: Dropout
dropout设置为训练模式
    Module: Dropout
dropout设置为训练模式
    Module: Dropout
dropout设置为训练模式
  Module: ReLU
test_loss: 0.0856
epoch 287
train_loss: 0.1010
Module: DropoutFullyConnectedNN
  Module: ModuleList
    Module: Linear
    Module: Linear
    Module: Linear
  Module: ModuleList
    Module: Dropout
dropout设置为训练模式
    Module: Dropout
dropout设置为训练模式
    Module: Dropout
dropout设置为训练模式
  Module: ReLU
test_loss: 0.0859
epoch 288
train_loss: 0.0973
Module: DropoutFullyConnectedNN
  Module: ModuleList
    Module: Linear
    Module: Linear
    Module: Linear
  Module: ModuleList
    Module: Dropout
dropout设置为训练模式
    Module: Dropout
dropout设置为训练模式
    Module: Dropout
dropout设置为训练模式
  Module: ReLU
test_loss: 0.0858
epoch 289
train_loss: 0.1011
Module: DropoutFullyConnectedNN
  Module: ModuleList
    Module: Linear
    Module: Linear
    Module: Linear
  Module: ModuleList
    Module: Dropout
dropout设置为训练模式
    Module: Dropout
dropout设置为训练模式
    Module: Dropout
dropout设置为训练模式
  Module: ReLU
test_loss: 0.0858
epoch 290
train_loss: 0.1012
Module: DropoutFullyConnectedNN
  Module: ModuleList
    Module: Linear
    Module: Linear
    Module: Linear
  Module: ModuleList
    Module: Dropout
dropout设置为训练模式
    Module: Dropout
dropout设置为训练模式
    Module: Dropout
dropout设置为训练模式
  Module: ReLU
test_loss: 0.0856
epoch 291
train_loss: 0.1005
Module: DropoutFullyConnectedNN
  Module: ModuleList
    Module: Linear
    Module: Linear
    Module: Linear
  Module: ModuleList
    Module: Dropout
dropout设置为训练模式
    Module: Dropout
dropout设置为训练模式
    Module: Dropout
dropout设置为训练模式
  Module: ReLU
test_loss: 0.0858
epoch 292
train_loss: 0.1018
Module: DropoutFullyConnectedNN
  Module: ModuleList
    Module: Linear
    Module: Linear
    Module: Linear
  Module: ModuleList
    Module: Dropout
dropout设置为训练模式
    Module: Dropout
dropout设置为训练模式
    Module: Dropout
dropout设置为训练模式
  Module: ReLU
test_loss: 0.0857
epoch 293
train_loss: 0.0997
Module: DropoutFullyConnectedNN
  Module: ModuleList
    Module: Linear
    Module: Linear
    Module: Linear
  Module: ModuleList
    Module: Dropout
dropout设置为训练模式
    Module: Dropout
dropout设置为训练模式
    Module: Dropout
dropout设置为训练模式
  Module: ReLU
test_loss: 0.0857
epoch 294
train_loss: 0.1001
Module: DropoutFullyConnectedNN
  Module: ModuleList
    Module: Linear
    Module: Linear
    Module: Linear
  Module: ModuleList
    Module: Dropout
dropout设置为训练模式
    Module: Dropout
dropout设置为训练模式
    Module: Dropout
dropout设置为训练模式
  Module: ReLU
test_loss: 0.0862
epoch 295
train_loss: 0.0957
Module: DropoutFullyConnectedNN
  Module: ModuleList
    Module: Linear
    Module: Linear
    Module: Linear
  Module: ModuleList
    Module: Dropout
dropout设置为训练模式
    Module: Dropout
dropout设置为训练模式
    Module: Dropout
dropout设置为训练模式
  Module: ReLU
test_loss: 0.0861
epoch 296
train_loss: 0.0970
Module: DropoutFullyConnectedNN
  Module: ModuleList
    Module: Linear
    Module: Linear
    Module: Linear
  Module: ModuleList
    Module: Dropout
dropout设置为训练模式
    Module: Dropout
dropout设置为训练模式
    Module: Dropout
dropout设置为训练模式
  Module: ReLU
test_loss: 0.0855
epoch 297
train_loss: 0.0989
Module: DropoutFullyConnectedNN
  Module: ModuleList
    Module: Linear
    Module: Linear
    Module: Linear
  Module: ModuleList
    Module: Dropout
dropout设置为训练模式
    Module: Dropout
dropout设置为训练模式
    Module: Dropout
dropout设置为训练模式
  Module: ReLU
test_loss: 0.0851
epoch 298
train_loss: 0.0995
Module: DropoutFullyConnectedNN
  Module: ModuleList
    Module: Linear
    Module: Linear
    Module: Linear
  Module: ModuleList
    Module: Dropout
dropout设置为训练模式
    Module: Dropout
dropout设置为训练模式
    Module: Dropout
dropout设置为训练模式
  Module: ReLU
test_loss: 0.0851
epoch 299
train_loss: 0.0960
Module: DropoutFullyConnectedNN
  Module: ModuleList
    Module: Linear
    Module: Linear
    Module: Linear
  Module: ModuleList
    Module: Dropout
dropout设置为训练模式
    Module: Dropout
dropout设置为训练模式
    Module: Dropout
dropout设置为训练模式
  Module: ReLU
test_loss: 0.0856
epoch 300
train_loss: 0.1014
Module: DropoutFullyConnectedNN
  Module: ModuleList
    Module: Linear
    Module: Linear
    Module: Linear
  Module: ModuleList
    Module: Dropout
dropout设置为训练模式
    Module: Dropout
dropout设置为训练模式
    Module: Dropout
dropout设置为训练模式
  Module: ReLU
test_loss: 0.0861
epoch 301
train_loss: 0.0988
Module: DropoutFullyConnectedNN
  Module: ModuleList
    Module: Linear
    Module: Linear
    Module: Linear
  Module: ModuleList
    Module: Dropout
dropout设置为训练模式
    Module: Dropout
dropout设置为训练模式
    Module: Dropout
dropout设置为训练模式
  Module: ReLU
test_loss: 0.0849
epoch 302
train_loss: 0.0981
Module: DropoutFullyConnectedNN
  Module: ModuleList
    Module: Linear
    Module: Linear
    Module: Linear
  Module: ModuleList
    Module: Dropout
dropout设置为训练模式
    Module: Dropout
dropout设置为训练模式
    Module: Dropout
dropout设置为训练模式
  Module: ReLU
test_loss: 0.0852
epoch 303
train_loss: 0.0957
Module: DropoutFullyConnectedNN
  Module: ModuleList
    Module: Linear
    Module: Linear
    Module: Linear
  Module: ModuleList
    Module: Dropout
dropout设置为训练模式
    Module: Dropout
dropout设置为训练模式
    Module: Dropout
dropout设置为训练模式
  Module: ReLU
test_loss: 0.0848
epoch 304
train_loss: 0.0987
Module: DropoutFullyConnectedNN
  Module: ModuleList
    Module: Linear
    Module: Linear
    Module: Linear
  Module: ModuleList
    Module: Dropout
dropout设置为训练模式
    Module: Dropout
dropout设置为训练模式
    Module: Dropout
dropout设置为训练模式
  Module: ReLU
test_loss: 0.0846
epoch 305
train_loss: 0.0984
Module: DropoutFullyConnectedNN
  Module: ModuleList
    Module: Linear
    Module: Linear
    Module: Linear
  Module: ModuleList
    Module: Dropout
dropout设置为训练模式
    Module: Dropout
dropout设置为训练模式
    Module: Dropout
dropout设置为训练模式
  Module: ReLU
test_loss: 0.0849
epoch 306
train_loss: 0.0988
Module: DropoutFullyConnectedNN
  Module: ModuleList
    Module: Linear
    Module: Linear
    Module: Linear
  Module: ModuleList
    Module: Dropout
dropout设置为训练模式
    Module: Dropout
dropout设置为训练模式
    Module: Dropout
dropout设置为训练模式
  Module: ReLU
test_loss: 0.0858
epoch 307
train_loss: 0.0950
Module: DropoutFullyConnectedNN
  Module: ModuleList
    Module: Linear
    Module: Linear
    Module: Linear
  Module: ModuleList
    Module: Dropout
dropout设置为训练模式
    Module: Dropout
dropout设置为训练模式
    Module: Dropout
dropout设置为训练模式
  Module: ReLU
test_loss: 0.0849
epoch 308
train_loss: 0.1002
Module: DropoutFullyConnectedNN
  Module: ModuleList
    Module: Linear
    Module: Linear
    Module: Linear
  Module: ModuleList
    Module: Dropout
dropout设置为训练模式
    Module: Dropout
dropout设置为训练模式
    Module: Dropout
dropout设置为训练模式
  Module: ReLU
test_loss: 0.0849
epoch 309
train_loss: 0.1002
Module: DropoutFullyConnectedNN
  Module: ModuleList
    Module: Linear
    Module: Linear
    Module: Linear
  Module: ModuleList
    Module: Dropout
dropout设置为训练模式
    Module: Dropout
dropout设置为训练模式
    Module: Dropout
dropout设置为训练模式
  Module: ReLU
test_loss: 0.0847
epoch 310
train_loss: 0.0980
Module: DropoutFullyConnectedNN
  Module: ModuleList
    Module: Linear
    Module: Linear
    Module: Linear
  Module: ModuleList
    Module: Dropout
dropout设置为训练模式
    Module: Dropout
dropout设置为训练模式
    Module: Dropout
dropout设置为训练模式
  Module: ReLU
test_loss: 0.0848
epoch 311
train_loss: 0.0980
Module: DropoutFullyConnectedNN
  Module: ModuleList
    Module: Linear
    Module: Linear
    Module: Linear
  Module: ModuleList
    Module: Dropout
dropout设置为训练模式
    Module: Dropout
dropout设置为训练模式
    Module: Dropout
dropout设置为训练模式
  Module: ReLU
test_loss: 0.0846
epoch 312
train_loss: 0.0996
Module: DropoutFullyConnectedNN
  Module: ModuleList
    Module: Linear
    Module: Linear
    Module: Linear
  Module: ModuleList
    Module: Dropout
dropout设置为训练模式
    Module: Dropout
dropout设置为训练模式
    Module: Dropout
dropout设置为训练模式
  Module: ReLU
test_loss: 0.0850
epoch 313
train_loss: 0.0980
Module: DropoutFullyConnectedNN
  Module: ModuleList
    Module: Linear
    Module: Linear
    Module: Linear
  Module: ModuleList
    Module: Dropout
dropout设置为训练模式
    Module: Dropout
dropout设置为训练模式
    Module: Dropout
dropout设置为训练模式
  Module: ReLU
test_loss: 0.0850
epoch 314
train_loss: 0.0953
Module: DropoutFullyConnectedNN
  Module: ModuleList
    Module: Linear
    Module: Linear
    Module: Linear
  Module: ModuleList
    Module: Dropout
dropout设置为训练模式
    Module: Dropout
dropout设置为训练模式
    Module: Dropout
dropout设置为训练模式
  Module: ReLU
test_loss: 0.0847
epoch 315
train_loss: 0.0971
Module: DropoutFullyConnectedNN
  Module: ModuleList
    Module: Linear
    Module: Linear
    Module: Linear
  Module: ModuleList
    Module: Dropout
dropout设置为训练模式
    Module: Dropout
dropout设置为训练模式
    Module: Dropout
dropout设置为训练模式
  Module: ReLU
test_loss: 0.0841
epoch 316
train_loss: 0.0972
Module: DropoutFullyConnectedNN
  Module: ModuleList
    Module: Linear
    Module: Linear
    Module: Linear
  Module: ModuleList
    Module: Dropout
dropout设置为训练模式
    Module: Dropout
dropout设置为训练模式
    Module: Dropout
dropout设置为训练模式
  Module: ReLU
test_loss: 0.0846
epoch 317
train_loss: 0.0973
Module: DropoutFullyConnectedNN
  Module: ModuleList
    Module: Linear
    Module: Linear
    Module: Linear
  Module: ModuleList
    Module: Dropout
dropout设置为训练模式
    Module: Dropout
dropout设置为训练模式
    Module: Dropout
dropout设置为训练模式
  Module: ReLU
test_loss: 0.0845
epoch 318
train_loss: 0.0992
Module: DropoutFullyConnectedNN
  Module: ModuleList
    Module: Linear
    Module: Linear
    Module: Linear
  Module: ModuleList
    Module: Dropout
dropout设置为训练模式
    Module: Dropout
dropout设置为训练模式
    Module: Dropout
dropout设置为训练模式
  Module: ReLU
test_loss: 0.0843
epoch 319
train_loss: 0.1001
Module: DropoutFullyConnectedNN
  Module: ModuleList
    Module: Linear
    Module: Linear
    Module: Linear
  Module: ModuleList
    Module: Dropout
dropout设置为训练模式
    Module: Dropout
dropout设置为训练模式
    Module: Dropout
dropout设置为训练模式
  Module: ReLU
test_loss: 0.0844
epoch 320
train_loss: 0.0987
Module: DropoutFullyConnectedNN
  Module: ModuleList
    Module: Linear
    Module: Linear
    Module: Linear
  Module: ModuleList
    Module: Dropout
dropout设置为训练模式
    Module: Dropout
dropout设置为训练模式
    Module: Dropout
dropout设置为训练模式
  Module: ReLU
test_loss: 0.0843
epoch 321
train_loss: 0.0935
Module: DropoutFullyConnectedNN
  Module: ModuleList
    Module: Linear
    Module: Linear
    Module: Linear
  Module: ModuleList
    Module: Dropout
dropout设置为训练模式
    Module: Dropout
dropout设置为训练模式
    Module: Dropout
dropout设置为训练模式
  Module: ReLU
test_loss: 0.0842
epoch 322
train_loss: 0.0951
Module: DropoutFullyConnectedNN
  Module: ModuleList
    Module: Linear
    Module: Linear
    Module: Linear
  Module: ModuleList
    Module: Dropout
dropout设置为训练模式
    Module: Dropout
dropout设置为训练模式
    Module: Dropout
dropout设置为训练模式
  Module: ReLU
test_loss: 0.0843
epoch 323
train_loss: 0.0979
Module: DropoutFullyConnectedNN
  Module: ModuleList
    Module: Linear
    Module: Linear
    Module: Linear
  Module: ModuleList
    Module: Dropout
dropout设置为训练模式
    Module: Dropout
dropout设置为训练模式
    Module: Dropout
dropout设置为训练模式
  Module: ReLU
test_loss: 0.0847
epoch 324
train_loss: 0.0976
Module: DropoutFullyConnectedNN
  Module: ModuleList
    Module: Linear
    Module: Linear
    Module: Linear
  Module: ModuleList
    Module: Dropout
dropout设置为训练模式
    Module: Dropout
dropout设置为训练模式
    Module: Dropout
dropout设置为训练模式
  Module: ReLU
test_loss: 0.0843
epoch 325
train_loss: 0.0978
Module: DropoutFullyConnectedNN
  Module: ModuleList
    Module: Linear
    Module: Linear
    Module: Linear
  Module: ModuleList
    Module: Dropout
dropout设置为训练模式
    Module: Dropout
dropout设置为训练模式
    Module: Dropout
dropout设置为训练模式
  Module: ReLU
test_loss: 0.0836
epoch 326
train_loss: 0.0969
Module: DropoutFullyConnectedNN
  Module: ModuleList
    Module: Linear
    Module: Linear
    Module: Linear
  Module: ModuleList
    Module: Dropout
dropout设置为训练模式
    Module: Dropout
dropout设置为训练模式
    Module: Dropout
dropout设置为训练模式
  Module: ReLU
test_loss: 0.0842
epoch 327
train_loss: 0.0957
Module: DropoutFullyConnectedNN
  Module: ModuleList
    Module: Linear
    Module: Linear
    Module: Linear
  Module: ModuleList
    Module: Dropout
dropout设置为训练模式
    Module: Dropout
dropout设置为训练模式
    Module: Dropout
dropout设置为训练模式
  Module: ReLU
test_loss: 0.0838
epoch 328
train_loss: 0.0950
Module: DropoutFullyConnectedNN
  Module: ModuleList
    Module: Linear
    Module: Linear
    Module: Linear
  Module: ModuleList
    Module: Dropout
dropout设置为训练模式
    Module: Dropout
dropout设置为训练模式
    Module: Dropout
dropout设置为训练模式
  Module: ReLU
test_loss: 0.0836
epoch 329
train_loss: 0.0939
Module: DropoutFullyConnectedNN
  Module: ModuleList
    Module: Linear
    Module: Linear
    Module: Linear
  Module: ModuleList
    Module: Dropout
dropout设置为训练模式
    Module: Dropout
dropout设置为训练模式
    Module: Dropout
dropout设置为训练模式
  Module: ReLU
test_loss: 0.0832
epoch 330
train_loss: 0.0952
Module: DropoutFullyConnectedNN
  Module: ModuleList
    Module: Linear
    Module: Linear
    Module: Linear
  Module: ModuleList
    Module: Dropout
dropout设置为训练模式
    Module: Dropout
dropout设置为训练模式
    Module: Dropout
dropout设置为训练模式
  Module: ReLU
test_loss: 0.0840
epoch 331
train_loss: 0.0950
Module: DropoutFullyConnectedNN
  Module: ModuleList
    Module: Linear
    Module: Linear
    Module: Linear
  Module: ModuleList
    Module: Dropout
dropout设置为训练模式
    Module: Dropout
dropout设置为训练模式
    Module: Dropout
dropout设置为训练模式
  Module: ReLU
test_loss: 0.0839
epoch 332
train_loss: 0.0966
Module: DropoutFullyConnectedNN
  Module: ModuleList
    Module: Linear
    Module: Linear
    Module: Linear
  Module: ModuleList
    Module: Dropout
dropout设置为训练模式
    Module: Dropout
dropout设置为训练模式
    Module: Dropout
dropout设置为训练模式
  Module: ReLU
test_loss: 0.0840
epoch 333
train_loss: 0.0930
Module: DropoutFullyConnectedNN
  Module: ModuleList
    Module: Linear
    Module: Linear
    Module: Linear
  Module: ModuleList
    Module: Dropout
dropout设置为训练模式
    Module: Dropout
dropout设置为训练模式
    Module: Dropout
dropout设置为训练模式
  Module: ReLU
test_loss: 0.0831
epoch 334
train_loss: 0.0975
Module: DropoutFullyConnectedNN
  Module: ModuleList
    Module: Linear
    Module: Linear
    Module: Linear
  Module: ModuleList
    Module: Dropout
dropout设置为训练模式
    Module: Dropout
dropout设置为训练模式
    Module: Dropout
dropout设置为训练模式
  Module: ReLU
test_loss: 0.0835
epoch 335
train_loss: 0.0965
Module: DropoutFullyConnectedNN
  Module: ModuleList
    Module: Linear
    Module: Linear
    Module: Linear
  Module: ModuleList
    Module: Dropout
dropout设置为训练模式
    Module: Dropout
dropout设置为训练模式
    Module: Dropout
dropout设置为训练模式
  Module: ReLU
test_loss: 0.0835
epoch 336
train_loss: 0.0975
Module: DropoutFullyConnectedNN
  Module: ModuleList
    Module: Linear
    Module: Linear
    Module: Linear
  Module: ModuleList
    Module: Dropout
dropout设置为训练模式
    Module: Dropout
dropout设置为训练模式
    Module: Dropout
dropout设置为训练模式
  Module: ReLU
test_loss: 0.0836
epoch 337
train_loss: 0.0937
Module: DropoutFullyConnectedNN
  Module: ModuleList
    Module: Linear
    Module: Linear
    Module: Linear
  Module: ModuleList
    Module: Dropout
dropout设置为训练模式
    Module: Dropout
dropout设置为训练模式
    Module: Dropout
dropout设置为训练模式
  Module: ReLU
test_loss: 0.0836
epoch 338
train_loss: 0.0974
Module: DropoutFullyConnectedNN
  Module: ModuleList
    Module: Linear
    Module: Linear
    Module: Linear
  Module: ModuleList
    Module: Dropout
dropout设置为训练模式
    Module: Dropout
dropout设置为训练模式
    Module: Dropout
dropout设置为训练模式
  Module: ReLU
test_loss: 0.0838
epoch 339
train_loss: 0.0957
Module: DropoutFullyConnectedNN
  Module: ModuleList
    Module: Linear
    Module: Linear
    Module: Linear
  Module: ModuleList
    Module: Dropout
dropout设置为训练模式
    Module: Dropout
dropout设置为训练模式
    Module: Dropout
dropout设置为训练模式
  Module: ReLU
test_loss: 0.0839
epoch 340
train_loss: 0.0949
Module: DropoutFullyConnectedNN
  Module: ModuleList
    Module: Linear
    Module: Linear
    Module: Linear
  Module: ModuleList
    Module: Dropout
dropout设置为训练模式
    Module: Dropout
dropout设置为训练模式
    Module: Dropout
dropout设置为训练模式
  Module: ReLU
test_loss: 0.0841
epoch 341
train_loss: 0.0928
Module: DropoutFullyConnectedNN
  Module: ModuleList
    Module: Linear
    Module: Linear
    Module: Linear
  Module: ModuleList
    Module: Dropout
dropout设置为训练模式
    Module: Dropout
dropout设置为训练模式
    Module: Dropout
dropout设置为训练模式
  Module: ReLU
test_loss: 0.0826
epoch 342
train_loss: 0.0963
Module: DropoutFullyConnectedNN
  Module: ModuleList
    Module: Linear
    Module: Linear
    Module: Linear
  Module: ModuleList
    Module: Dropout
dropout设置为训练模式
    Module: Dropout
dropout设置为训练模式
    Module: Dropout
dropout设置为训练模式
  Module: ReLU
test_loss: 0.0833
epoch 343
train_loss: 0.0953
Module: DropoutFullyConnectedNN
  Module: ModuleList
    Module: Linear
    Module: Linear
    Module: Linear
  Module: ModuleList
    Module: Dropout
dropout设置为训练模式
    Module: Dropout
dropout设置为训练模式
    Module: Dropout
dropout设置为训练模式
  Module: ReLU
test_loss: 0.0833
epoch 344
train_loss: 0.0937
Module: DropoutFullyConnectedNN
  Module: ModuleList
    Module: Linear
    Module: Linear
    Module: Linear
  Module: ModuleList
    Module: Dropout
dropout设置为训练模式
    Module: Dropout
dropout设置为训练模式
    Module: Dropout
dropout设置为训练模式
  Module: ReLU
test_loss: 0.0828
epoch 345
train_loss: 0.0950
Module: DropoutFullyConnectedNN
  Module: ModuleList
    Module: Linear
    Module: Linear
    Module: Linear
  Module: ModuleList
    Module: Dropout
dropout设置为训练模式
    Module: Dropout
dropout设置为训练模式
    Module: Dropout
dropout设置为训练模式
  Module: ReLU
test_loss: 0.0830
epoch 346
train_loss: 0.0936
Module: DropoutFullyConnectedNN
  Module: ModuleList
    Module: Linear
    Module: Linear
    Module: Linear
  Module: ModuleList
    Module: Dropout
dropout设置为训练模式
    Module: Dropout
dropout设置为训练模式
    Module: Dropout
dropout设置为训练模式
  Module: ReLU
test_loss: 0.0831
epoch 347
train_loss: 0.0948
Module: DropoutFullyConnectedNN
  Module: ModuleList
    Module: Linear
    Module: Linear
    Module: Linear
  Module: ModuleList
    Module: Dropout
dropout设置为训练模式
    Module: Dropout
dropout设置为训练模式
    Module: Dropout
dropout设置为训练模式
  Module: ReLU
test_loss: 0.0832
epoch 348
train_loss: 0.0939
Module: DropoutFullyConnectedNN
  Module: ModuleList
    Module: Linear
    Module: Linear
    Module: Linear
  Module: ModuleList
    Module: Dropout
dropout设置为训练模式
    Module: Dropout
dropout设置为训练模式
    Module: Dropout
dropout设置为训练模式
  Module: ReLU
test_loss: 0.0833
epoch 349
train_loss: 0.0971
Module: DropoutFullyConnectedNN
  Module: ModuleList
    Module: Linear
    Module: Linear
    Module: Linear
  Module: ModuleList
    Module: Dropout
dropout设置为训练模式
    Module: Dropout
dropout设置为训练模式
    Module: Dropout
dropout设置为训练模式
  Module: ReLU
test_loss: 0.0820
epoch 350
train_loss: 0.0957
Module: DropoutFullyConnectedNN
  Module: ModuleList
    Module: Linear
    Module: Linear
    Module: Linear
  Module: ModuleList
    Module: Dropout
dropout设置为训练模式
    Module: Dropout
dropout设置为训练模式
    Module: Dropout
dropout设置为训练模式
  Module: ReLU
test_loss: 0.0834
epoch 351
train_loss: 0.0953
Module: DropoutFullyConnectedNN
  Module: ModuleList
    Module: Linear
    Module: Linear
    Module: Linear
  Module: ModuleList
    Module: Dropout
dropout设置为训练模式
    Module: Dropout
dropout设置为训练模式
    Module: Dropout
dropout设置为训练模式
  Module: ReLU
test_loss: 0.0828
epoch 352
train_loss: 0.0956
Module: DropoutFullyConnectedNN
  Module: ModuleList
    Module: Linear
    Module: Linear
    Module: Linear
  Module: ModuleList
    Module: Dropout
dropout设置为训练模式
    Module: Dropout
dropout设置为训练模式
    Module: Dropout
dropout设置为训练模式
  Module: ReLU
test_loss: 0.0826
epoch 353
train_loss: 0.0935
Module: DropoutFullyConnectedNN
  Module: ModuleList
    Module: Linear
    Module: Linear
    Module: Linear
  Module: ModuleList
    Module: Dropout
dropout设置为训练模式
    Module: Dropout
dropout设置为训练模式
    Module: Dropout
dropout设置为训练模式
  Module: ReLU
test_loss: 0.0831
epoch 354
train_loss: 0.0938
Module: DropoutFullyConnectedNN
  Module: ModuleList
    Module: Linear
    Module: Linear
    Module: Linear
  Module: ModuleList
    Module: Dropout
dropout设置为训练模式
    Module: Dropout
dropout设置为训练模式
    Module: Dropout
dropout设置为训练模式
  Module: ReLU
test_loss: 0.0828
epoch 355
train_loss: 0.0940
Module: DropoutFullyConnectedNN
  Module: ModuleList
    Module: Linear
    Module: Linear
    Module: Linear
  Module: ModuleList
    Module: Dropout
dropout设置为训练模式
    Module: Dropout
dropout设置为训练模式
    Module: Dropout
dropout设置为训练模式
  Module: ReLU
test_loss: 0.0828
epoch 356
train_loss: 0.0935
Module: DropoutFullyConnectedNN
  Module: ModuleList
    Module: Linear
    Module: Linear
    Module: Linear
  Module: ModuleList
    Module: Dropout
dropout设置为训练模式
    Module: Dropout
dropout设置为训练模式
    Module: Dropout
dropout设置为训练模式
  Module: ReLU
test_loss: 0.0822
epoch 357
train_loss: 0.0915
Module: DropoutFullyConnectedNN
  Module: ModuleList
    Module: Linear
    Module: Linear
    Module: Linear
  Module: ModuleList
    Module: Dropout
dropout设置为训练模式
    Module: Dropout
dropout设置为训练模式
    Module: Dropout
dropout设置为训练模式
  Module: ReLU
test_loss: 0.0823
epoch 358
train_loss: 0.0954
Module: DropoutFullyConnectedNN
  Module: ModuleList
    Module: Linear
    Module: Linear
    Module: Linear
  Module: ModuleList
    Module: Dropout
dropout设置为训练模式
    Module: Dropout
dropout设置为训练模式
    Module: Dropout
dropout设置为训练模式
  Module: ReLU
test_loss: 0.0820
epoch 359
train_loss: 0.0938
Module: DropoutFullyConnectedNN
  Module: ModuleList
    Module: Linear
    Module: Linear
    Module: Linear
  Module: ModuleList
    Module: Dropout
dropout设置为训练模式
    Module: Dropout
dropout设置为训练模式
    Module: Dropout
dropout设置为训练模式
  Module: ReLU
test_loss: 0.0824
epoch 360
train_loss: 0.0931
Module: DropoutFullyConnectedNN
  Module: ModuleList
    Module: Linear
    Module: Linear
    Module: Linear
  Module: ModuleList
    Module: Dropout
dropout设置为训练模式
    Module: Dropout
dropout设置为训练模式
    Module: Dropout
dropout设置为训练模式
  Module: ReLU
test_loss: 0.0825
epoch 361
train_loss: 0.0945
Module: DropoutFullyConnectedNN
  Module: ModuleList
    Module: Linear
    Module: Linear
    Module: Linear
  Module: ModuleList
    Module: Dropout
dropout设置为训练模式
    Module: Dropout
dropout设置为训练模式
    Module: Dropout
dropout设置为训练模式
  Module: ReLU
test_loss: 0.0829
epoch 362
train_loss: 0.0937
Module: DropoutFullyConnectedNN
  Module: ModuleList
    Module: Linear
    Module: Linear
    Module: Linear
  Module: ModuleList
    Module: Dropout
dropout设置为训练模式
    Module: Dropout
dropout设置为训练模式
    Module: Dropout
dropout设置为训练模式
  Module: ReLU
test_loss: 0.0820
epoch 363
train_loss: 0.0967
Module: DropoutFullyConnectedNN
  Module: ModuleList
    Module: Linear
    Module: Linear
    Module: Linear
  Module: ModuleList
    Module: Dropout
dropout设置为训练模式
    Module: Dropout
dropout设置为训练模式
    Module: Dropout
dropout设置为训练模式
  Module: ReLU
test_loss: 0.0827
epoch 364
train_loss: 0.0938
Module: DropoutFullyConnectedNN
  Module: ModuleList
    Module: Linear
    Module: Linear
    Module: Linear
  Module: ModuleList
    Module: Dropout
dropout设置为训练模式
    Module: Dropout
dropout设置为训练模式
    Module: Dropout
dropout设置为训练模式
  Module: ReLU
test_loss: 0.0823
epoch 365
train_loss: 0.0963
Module: DropoutFullyConnectedNN
  Module: ModuleList
    Module: Linear
    Module: Linear
    Module: Linear
  Module: ModuleList
    Module: Dropout
dropout设置为训练模式
    Module: Dropout
dropout设置为训练模式
    Module: Dropout
dropout设置为训练模式
  Module: ReLU
test_loss: 0.0830
epoch 366
train_loss: 0.0953
Module: DropoutFullyConnectedNN
  Module: ModuleList
    Module: Linear
    Module: Linear
    Module: Linear
  Module: ModuleList
    Module: Dropout
dropout设置为训练模式
    Module: Dropout
dropout设置为训练模式
    Module: Dropout
dropout设置为训练模式
  Module: ReLU
test_loss: 0.0823
epoch 367
train_loss: 0.0954
Module: DropoutFullyConnectedNN
  Module: ModuleList
    Module: Linear
    Module: Linear
    Module: Linear
  Module: ModuleList
    Module: Dropout
dropout设置为训练模式
    Module: Dropout
dropout设置为训练模式
    Module: Dropout
dropout设置为训练模式
  Module: ReLU
test_loss: 0.0817
epoch 368
train_loss: 0.0920
Module: DropoutFullyConnectedNN
  Module: ModuleList
    Module: Linear
    Module: Linear
    Module: Linear
  Module: ModuleList
    Module: Dropout
dropout设置为训练模式
    Module: Dropout
dropout设置为训练模式
    Module: Dropout
dropout设置为训练模式
  Module: ReLU
test_loss: 0.0821
epoch 369
train_loss: 0.0939
Module: DropoutFullyConnectedNN
  Module: ModuleList
    Module: Linear
    Module: Linear
    Module: Linear
  Module: ModuleList
    Module: Dropout
dropout设置为训练模式
    Module: Dropout
dropout设置为训练模式
    Module: Dropout
dropout设置为训练模式
  Module: ReLU
test_loss: 0.0818
epoch 370
train_loss: 0.0955
Module: DropoutFullyConnectedNN
  Module: ModuleList
    Module: Linear
    Module: Linear
    Module: Linear
  Module: ModuleList
    Module: Dropout
dropout设置为训练模式
    Module: Dropout
dropout设置为训练模式
    Module: Dropout
dropout设置为训练模式
  Module: ReLU
test_loss: 0.0825
epoch 371
train_loss: 0.0934
Module: DropoutFullyConnectedNN
  Module: ModuleList
    Module: Linear
    Module: Linear
    Module: Linear
  Module: ModuleList
    Module: Dropout
dropout设置为训练模式
    Module: Dropout
dropout设置为训练模式
    Module: Dropout
dropout设置为训练模式
  Module: ReLU
test_loss: 0.0820
epoch 372
train_loss: 0.0940
Module: DropoutFullyConnectedNN
  Module: ModuleList
    Module: Linear
    Module: Linear
    Module: Linear
  Module: ModuleList
    Module: Dropout
dropout设置为训练模式
    Module: Dropout
dropout设置为训练模式
    Module: Dropout
dropout设置为训练模式
  Module: ReLU
test_loss: 0.0818
epoch 373
train_loss: 0.0936
Module: DropoutFullyConnectedNN
  Module: ModuleList
    Module: Linear
    Module: Linear
    Module: Linear
  Module: ModuleList
    Module: Dropout
dropout设置为训练模式
    Module: Dropout
dropout设置为训练模式
    Module: Dropout
dropout设置为训练模式
  Module: ReLU
test_loss: 0.0820
epoch 374
train_loss: 0.0929
Module: DropoutFullyConnectedNN
  Module: ModuleList
    Module: Linear
    Module: Linear
    Module: Linear
  Module: ModuleList
    Module: Dropout
dropout设置为训练模式
    Module: Dropout
dropout设置为训练模式
    Module: Dropout
dropout设置为训练模式
  Module: ReLU
test_loss: 0.0824
epoch 375
train_loss: 0.0953
Module: DropoutFullyConnectedNN
  Module: ModuleList
    Module: Linear
    Module: Linear
    Module: Linear
  Module: ModuleList
    Module: Dropout
dropout设置为训练模式
    Module: Dropout
dropout设置为训练模式
    Module: Dropout
dropout设置为训练模式
  Module: ReLU
test_loss: 0.0821
epoch 376
train_loss: 0.0903
Module: DropoutFullyConnectedNN
  Module: ModuleList
    Module: Linear
    Module: Linear
    Module: Linear
  Module: ModuleList
    Module: Dropout
dropout设置为训练模式
    Module: Dropout
dropout设置为训练模式
    Module: Dropout
dropout设置为训练模式
  Module: ReLU
test_loss: 0.0821
epoch 377
train_loss: 0.0899
Module: DropoutFullyConnectedNN
  Module: ModuleList
    Module: Linear
    Module: Linear
    Module: Linear
  Module: ModuleList
    Module: Dropout
dropout设置为训练模式
    Module: Dropout
dropout设置为训练模式
    Module: Dropout
dropout设置为训练模式
  Module: ReLU
test_loss: 0.0826
epoch 378
train_loss: 0.0907
Module: DropoutFullyConnectedNN
  Module: ModuleList
    Module: Linear
    Module: Linear
    Module: Linear
  Module: ModuleList
    Module: Dropout
dropout设置为训练模式
    Module: Dropout
dropout设置为训练模式
    Module: Dropout
dropout设置为训练模式
  Module: ReLU
test_loss: 0.0820
epoch 379
train_loss: 0.0966
Module: DropoutFullyConnectedNN
  Module: ModuleList
    Module: Linear
    Module: Linear
    Module: Linear
  Module: ModuleList
    Module: Dropout
dropout设置为训练模式
    Module: Dropout
dropout设置为训练模式
    Module: Dropout
dropout设置为训练模式
  Module: ReLU
test_loss: 0.0822
epoch 380
train_loss: 0.0935
Module: DropoutFullyConnectedNN
  Module: ModuleList
    Module: Linear
    Module: Linear
    Module: Linear
  Module: ModuleList
    Module: Dropout
dropout设置为训练模式
    Module: Dropout
dropout设置为训练模式
    Module: Dropout
dropout设置为训练模式
  Module: ReLU
test_loss: 0.0818
epoch 381
train_loss: 0.0926
Module: DropoutFullyConnectedNN
  Module: ModuleList
    Module: Linear
    Module: Linear
    Module: Linear
  Module: ModuleList
    Module: Dropout
dropout设置为训练模式
    Module: Dropout
dropout设置为训练模式
    Module: Dropout
dropout设置为训练模式
  Module: ReLU
test_loss: 0.0821
epoch 382
train_loss: 0.0928
Module: DropoutFullyConnectedNN
  Module: ModuleList
    Module: Linear
    Module: Linear
    Module: Linear
  Module: ModuleList
    Module: Dropout
dropout设置为训练模式
    Module: Dropout
dropout设置为训练模式
    Module: Dropout
dropout设置为训练模式
  Module: ReLU
test_loss: 0.0816
epoch 383
train_loss: 0.0920
Module: DropoutFullyConnectedNN
  Module: ModuleList
    Module: Linear
    Module: Linear
    Module: Linear
  Module: ModuleList
    Module: Dropout
dropout设置为训练模式
    Module: Dropout
dropout设置为训练模式
    Module: Dropout
dropout设置为训练模式
  Module: ReLU
test_loss: 0.0819
epoch 384
train_loss: 0.0922
Module: DropoutFullyConnectedNN
  Module: ModuleList
    Module: Linear
    Module: Linear
    Module: Linear
  Module: ModuleList
    Module: Dropout
dropout设置为训练模式
    Module: Dropout
dropout设置为训练模式
    Module: Dropout
dropout设置为训练模式
  Module: ReLU
test_loss: 0.0818
epoch 385
train_loss: 0.0937
Module: DropoutFullyConnectedNN
  Module: ModuleList
    Module: Linear
    Module: Linear
    Module: Linear
  Module: ModuleList
    Module: Dropout
dropout设置为训练模式
    Module: Dropout
dropout设置为训练模式
    Module: Dropout
dropout设置为训练模式
  Module: ReLU
test_loss: 0.0826
epoch 386
train_loss: 0.0956
Module: DropoutFullyConnectedNN
  Module: ModuleList
    Module: Linear
    Module: Linear
    Module: Linear
  Module: ModuleList
    Module: Dropout
dropout设置为训练模式
    Module: Dropout
dropout设置为训练模式
    Module: Dropout
dropout设置为训练模式
  Module: ReLU
test_loss: 0.0818
epoch 387
train_loss: 0.0931
Module: DropoutFullyConnectedNN
  Module: ModuleList
    Module: Linear
    Module: Linear
    Module: Linear
  Module: ModuleList
    Module: Dropout
dropout设置为训练模式
    Module: Dropout
dropout设置为训练模式
    Module: Dropout
dropout设置为训练模式
  Module: ReLU
test_loss: 0.0817
epoch 388
train_loss: 0.0887
Module: DropoutFullyConnectedNN
  Module: ModuleList
    Module: Linear
    Module: Linear
    Module: Linear
  Module: ModuleList
    Module: Dropout
dropout设置为训练模式
    Module: Dropout
dropout设置为训练模式
    Module: Dropout
dropout设置为训练模式
  Module: ReLU
test_loss: 0.0810
epoch 389
train_loss: 0.0938
Module: DropoutFullyConnectedNN
  Module: ModuleList
    Module: Linear
    Module: Linear
    Module: Linear
  Module: ModuleList
    Module: Dropout
dropout设置为训练模式
    Module: Dropout
dropout设置为训练模式
    Module: Dropout
dropout设置为训练模式
  Module: ReLU
test_loss: 0.0822
epoch 390
train_loss: 0.0942
Module: DropoutFullyConnectedNN
  Module: ModuleList
    Module: Linear
    Module: Linear
    Module: Linear
  Module: ModuleList
    Module: Dropout
dropout设置为训练模式
    Module: Dropout
dropout设置为训练模式
    Module: Dropout
dropout设置为训练模式
  Module: ReLU
test_loss: 0.0819
epoch 391
train_loss: 0.0929
Module: DropoutFullyConnectedNN
  Module: ModuleList
    Module: Linear
    Module: Linear
    Module: Linear
  Module: ModuleList
    Module: Dropout
dropout设置为训练模式
    Module: Dropout
dropout设置为训练模式
    Module: Dropout
dropout设置为训练模式
  Module: ReLU
test_loss: 0.0818
epoch 392
train_loss: 0.0933
Module: DropoutFullyConnectedNN
  Module: ModuleList
    Module: Linear
    Module: Linear
    Module: Linear
  Module: ModuleList
    Module: Dropout
dropout设置为训练模式
    Module: Dropout
dropout设置为训练模式
    Module: Dropout
dropout设置为训练模式
  Module: ReLU
test_loss: 0.0826
epoch 393
train_loss: 0.0937
Module: DropoutFullyConnectedNN
  Module: ModuleList
    Module: Linear
    Module: Linear
    Module: Linear
  Module: ModuleList
    Module: Dropout
dropout设置为训练模式
    Module: Dropout
dropout设置为训练模式
    Module: Dropout
dropout设置为训练模式
  Module: ReLU
test_loss: 0.0820
epoch 394
train_loss: 0.0938
Module: DropoutFullyConnectedNN
  Module: ModuleList
    Module: Linear
    Module: Linear
    Module: Linear
  Module: ModuleList
    Module: Dropout
dropout设置为训练模式
    Module: Dropout
dropout设置为训练模式
    Module: Dropout
dropout设置为训练模式
  Module: ReLU
test_loss: 0.0823
epoch 395
train_loss: 0.0888
Module: DropoutFullyConnectedNN
  Module: ModuleList
    Module: Linear
    Module: Linear
    Module: Linear
  Module: ModuleList
    Module: Dropout
dropout设置为训练模式
    Module: Dropout
dropout设置为训练模式
    Module: Dropout
dropout设置为训练模式
  Module: ReLU
test_loss: 0.0815
epoch 396
train_loss: 0.0901
Module: DropoutFullyConnectedNN
  Module: ModuleList
    Module: Linear
    Module: Linear
    Module: Linear
  Module: ModuleList
    Module: Dropout
dropout设置为训练模式
    Module: Dropout
dropout设置为训练模式
    Module: Dropout
dropout设置为训练模式
  Module: ReLU
test_loss: 0.0815
epoch 397
train_loss: 0.0938
Module: DropoutFullyConnectedNN
  Module: ModuleList
    Module: Linear
    Module: Linear
    Module: Linear
  Module: ModuleList
    Module: Dropout
dropout设置为训练模式
    Module: Dropout
dropout设置为训练模式
    Module: Dropout
dropout设置为训练模式
  Module: ReLU
test_loss: 0.0815
epoch 398
train_loss: 0.0907
Module: DropoutFullyConnectedNN
  Module: ModuleList
    Module: Linear
    Module: Linear
    Module: Linear
  Module: ModuleList
    Module: Dropout
dropout设置为训练模式
    Module: Dropout
dropout设置为训练模式
    Module: Dropout
dropout设置为训练模式
  Module: ReLU
test_loss: 0.0818
epoch 399
train_loss: 0.0902
Module: DropoutFullyConnectedNN
  Module: ModuleList
    Module: Linear
    Module: Linear
    Module: Linear
  Module: ModuleList
    Module: Dropout
dropout设置为训练模式
    Module: Dropout
dropout设置为训练模式
    Module: Dropout
dropout设置为训练模式
  Module: ReLU
test_loss: 0.0815
epoch 400
train_loss: 0.0905
Module: DropoutFullyConnectedNN
  Module: ModuleList
    Module: Linear
    Module: Linear
    Module: Linear
  Module: ModuleList
    Module: Dropout
dropout设置为训练模式
    Module: Dropout
dropout设置为训练模式
    Module: Dropout
dropout设置为训练模式
  Module: ReLU
test_loss: 0.0817
epoch 401
train_loss: 0.0899
Module: DropoutFullyConnectedNN
  Module: ModuleList
    Module: Linear
    Module: Linear
    Module: Linear
  Module: ModuleList
    Module: Dropout
dropout设置为训练模式
    Module: Dropout
dropout设置为训练模式
    Module: Dropout
dropout设置为训练模式
  Module: ReLU
test_loss: 0.0817
epoch 402
train_loss: 0.0919
Module: DropoutFullyConnectedNN
  Module: ModuleList
    Module: Linear
    Module: Linear
    Module: Linear
  Module: ModuleList
    Module: Dropout
dropout设置为训练模式
    Module: Dropout
dropout设置为训练模式
    Module: Dropout
dropout设置为训练模式
  Module: ReLU
test_loss: 0.0816
epoch 403
train_loss: 0.0890
Module: DropoutFullyConnectedNN
  Module: ModuleList
    Module: Linear
    Module: Linear
    Module: Linear
  Module: ModuleList
    Module: Dropout
dropout设置为训练模式
    Module: Dropout
dropout设置为训练模式
    Module: Dropout
dropout设置为训练模式
  Module: ReLU
test_loss: 0.0814
epoch 404
train_loss: 0.0899
Module: DropoutFullyConnectedNN
  Module: ModuleList
    Module: Linear
    Module: Linear
    Module: Linear
  Module: ModuleList
    Module: Dropout
dropout设置为训练模式
    Module: Dropout
dropout设置为训练模式
    Module: Dropout
dropout设置为训练模式
  Module: ReLU
test_loss: 0.0816
epoch 405
train_loss: 0.0904
Module: DropoutFullyConnectedNN
  Module: ModuleList
    Module: Linear
    Module: Linear
    Module: Linear
  Module: ModuleList
    Module: Dropout
dropout设置为训练模式
    Module: Dropout
dropout设置为训练模式
    Module: Dropout
dropout设置为训练模式
  Module: ReLU
test_loss: 0.0817
epoch 406
train_loss: 0.0913
Module: DropoutFullyConnectedNN
  Module: ModuleList
    Module: Linear
    Module: Linear
    Module: Linear
  Module: ModuleList
    Module: Dropout
dropout设置为训练模式
    Module: Dropout
dropout设置为训练模式
    Module: Dropout
dropout设置为训练模式
  Module: ReLU
test_loss: 0.0821
epoch 407
train_loss: 0.0939
Module: DropoutFullyConnectedNN
  Module: ModuleList
    Module: Linear
    Module: Linear
    Module: Linear
  Module: ModuleList
    Module: Dropout
dropout设置为训练模式
    Module: Dropout
dropout设置为训练模式
    Module: Dropout
dropout设置为训练模式
  Module: ReLU
test_loss: 0.0821
epoch 408
train_loss: 0.0938
Module: DropoutFullyConnectedNN
  Module: ModuleList
    Module: Linear
    Module: Linear
    Module: Linear
  Module: ModuleList
    Module: Dropout
dropout设置为训练模式
    Module: Dropout
dropout设置为训练模式
    Module: Dropout
dropout设置为训练模式
  Module: ReLU
test_loss: 0.0818
epoch 409
train_loss: 0.0908
Module: DropoutFullyConnectedNN
  Module: ModuleList
    Module: Linear
    Module: Linear
    Module: Linear
  Module: ModuleList
    Module: Dropout
dropout设置为训练模式
    Module: Dropout
dropout设置为训练模式
    Module: Dropout
dropout设置为训练模式
  Module: ReLU
test_loss: 0.0823
epoch 410
train_loss: 0.0902
Module: DropoutFullyConnectedNN
  Module: ModuleList
    Module: Linear
    Module: Linear
    Module: Linear
  Module: ModuleList
    Module: Dropout
dropout设置为训练模式
    Module: Dropout
dropout设置为训练模式
    Module: Dropout
dropout设置为训练模式
  Module: ReLU
test_loss: 0.0820
epoch 411
train_loss: 0.0900
Module: DropoutFullyConnectedNN
  Module: ModuleList
    Module: Linear
    Module: Linear
    Module: Linear
  Module: ModuleList
    Module: Dropout
dropout设置为训练模式
    Module: Dropout
dropout设置为训练模式
    Module: Dropout
dropout设置为训练模式
  Module: ReLU
test_loss: 0.0809
epoch 412
train_loss: 0.0927
Module: DropoutFullyConnectedNN
  Module: ModuleList
    Module: Linear
    Module: Linear
    Module: Linear
  Module: ModuleList
    Module: Dropout
dropout设置为训练模式
    Module: Dropout
dropout设置为训练模式
    Module: Dropout
dropout设置为训练模式
  Module: ReLU
test_loss: 0.0818
epoch 413
train_loss: 0.0903
Module: DropoutFullyConnectedNN
  Module: ModuleList
    Module: Linear
    Module: Linear
    Module: Linear
  Module: ModuleList
    Module: Dropout
dropout设置为训练模式
    Module: Dropout
dropout设置为训练模式
    Module: Dropout
dropout设置为训练模式
  Module: ReLU
test_loss: 0.0810
epoch 414
train_loss: 0.0893
Module: DropoutFullyConnectedNN
  Module: ModuleList
    Module: Linear
    Module: Linear
    Module: Linear
  Module: ModuleList
    Module: Dropout
dropout设置为训练模式
    Module: Dropout
dropout设置为训练模式
    Module: Dropout
dropout设置为训练模式
  Module: ReLU
test_loss: 0.0816
epoch 415
train_loss: 0.0911
Module: DropoutFullyConnectedNN
  Module: ModuleList
    Module: Linear
    Module: Linear
    Module: Linear
  Module: ModuleList
    Module: Dropout
dropout设置为训练模式
    Module: Dropout
dropout设置为训练模式
    Module: Dropout
dropout设置为训练模式
  Module: ReLU
test_loss: 0.0804
epoch 416
train_loss: 0.0940
Module: DropoutFullyConnectedNN
  Module: ModuleList
    Module: Linear
    Module: Linear
    Module: Linear
  Module: ModuleList
    Module: Dropout
dropout设置为训练模式
    Module: Dropout
dropout设置为训练模式
    Module: Dropout
dropout设置为训练模式
  Module: ReLU
test_loss: 0.0817
epoch 417
train_loss: 0.0903
Module: DropoutFullyConnectedNN
  Module: ModuleList
    Module: Linear
    Module: Linear
    Module: Linear
  Module: ModuleList
    Module: Dropout
dropout设置为训练模式
    Module: Dropout
dropout设置为训练模式
    Module: Dropout
dropout设置为训练模式
  Module: ReLU
test_loss: 0.0817
epoch 418
train_loss: 0.0907
Module: DropoutFullyConnectedNN
  Module: ModuleList
    Module: Linear
    Module: Linear
    Module: Linear
  Module: ModuleList
    Module: Dropout
dropout设置为训练模式
    Module: Dropout
dropout设置为训练模式
    Module: Dropout
dropout设置为训练模式
  Module: ReLU
test_loss: 0.0819
epoch 419
train_loss: 0.0906
Module: DropoutFullyConnectedNN
  Module: ModuleList
    Module: Linear
    Module: Linear
    Module: Linear
  Module: ModuleList
    Module: Dropout
dropout设置为训练模式
    Module: Dropout
dropout设置为训练模式
    Module: Dropout
dropout设置为训练模式
  Module: ReLU
test_loss: 0.0818
/home/xueqiong/noise_injection_uncertainty/regression/utils.py:39: FutureWarning: The 'delim_whitespace' keyword in pd.read_csv is deprecated and will be removed in a future version. Use ``sep='\s+'`` instead
  return pd.read_csv(dataset_path, engine='python', header=None, delim_whitespace=True)
8 1
6554 1638 8192
model_name fixnoiseFCN
using Adam as optimizer
epoch 0
train_loss: 0.9131
test_loss: 0.8346
epoch 1
train_loss: 0.7264
test_loss: 0.6366
epoch 2
train_loss: 0.5559
test_loss: 0.5251
epoch 3
train_loss: 0.4862
test_loss: 0.4863
epoch 4
train_loss: 0.4538
test_loss: 0.4589
epoch 5
train_loss: 0.4283
test_loss: 0.4336
epoch 6
train_loss: 0.4042
test_loss: 0.4106
epoch 7
train_loss: 0.3831
test_loss: 0.3899
epoch 8
train_loss: 0.3644
test_loss: 0.3717
epoch 9
train_loss: 0.3480
test_loss: 0.3553
epoch 10
train_loss: 0.3339
test_loss: 0.3413
epoch 11
train_loss: 0.3220
test_loss: 0.3292
epoch 12
train_loss: 0.3100
test_loss: 0.3178
epoch 13
train_loss: 0.2967
test_loss: 0.3069
epoch 14
train_loss: 0.2879
test_loss: 0.2968
epoch 15
train_loss: 0.2773
test_loss: 0.2875
epoch 16
train_loss: 0.2678
test_loss: 0.2785
epoch 17
train_loss: 0.2616
test_loss: 0.2702
epoch 18
train_loss: 0.2534
test_loss: 0.2621
epoch 19
train_loss: 0.2442
test_loss: 0.2545
epoch 20
train_loss: 0.2382
test_loss: 0.2472
epoch 21
train_loss: 0.2287
test_loss: 0.2403
epoch 22
train_loss: 0.2243
test_loss: 0.2341
epoch 23
train_loss: 0.2191
test_loss: 0.2279
epoch 24
train_loss: 0.2148
test_loss: 0.2226
epoch 25
train_loss: 0.2070
test_loss: 0.2172
epoch 26
train_loss: 0.2057
test_loss: 0.2124
epoch 27
train_loss: 0.2000
test_loss: 0.2076
epoch 28
train_loss: 0.1965
test_loss: 0.2034
epoch 29
train_loss: 0.1914
test_loss: 0.1994
epoch 30
train_loss: 0.1882
test_loss: 0.1958
epoch 31
train_loss: 0.1867
test_loss: 0.1923
epoch 32
train_loss: 0.1831
test_loss: 0.1891
epoch 33
train_loss: 0.1784
test_loss: 0.1856
epoch 34
train_loss: 0.1779
test_loss: 0.1834
epoch 35
train_loss: 0.1752
test_loss: 0.1803
epoch 36
train_loss: 0.1745
test_loss: 0.1773
epoch 37
train_loss: 0.1721
test_loss: 0.1749
epoch 38
train_loss: 0.1683
test_loss: 0.1730
epoch 39
train_loss: 0.1641
test_loss: 0.1703
epoch 40
train_loss: 0.1626
test_loss: 0.1685
epoch 41
train_loss: 0.1627
test_loss: 0.1664
epoch 42
train_loss: 0.1611
test_loss: 0.1645
epoch 43
train_loss: 0.1586
test_loss: 0.1620
epoch 44
train_loss: 0.1573
test_loss: 0.1599
epoch 45
train_loss: 0.1566
test_loss: 0.1591
epoch 46
train_loss: 0.1544
test_loss: 0.1564
epoch 47
train_loss: 0.1514
test_loss: 0.1548
epoch 48
train_loss: 0.1503
test_loss: 0.1537
epoch 49
train_loss: 0.1495
test_loss: 0.1516
epoch 50
train_loss: 0.1494
test_loss: 0.1502
epoch 51
train_loss: 0.1489
test_loss: 0.1490
epoch 52
train_loss: 0.1452
test_loss: 0.1471
epoch 53
train_loss: 0.1448
test_loss: 0.1455
epoch 54
train_loss: 0.1430
test_loss: 0.1447
epoch 55
train_loss: 0.1423
test_loss: 0.1431
epoch 56
train_loss: 0.1413
test_loss: 0.1424
epoch 57
train_loss: 0.1404
test_loss: 0.1409
epoch 58
train_loss: 0.1392
test_loss: 0.1408
epoch 59
train_loss: 0.1381
test_loss: 0.1387
epoch 60
train_loss: 0.1369
test_loss: 0.1377
epoch 61
train_loss: 0.1357
test_loss: 0.1368
epoch 62
train_loss: 0.1362
test_loss: 0.1363
epoch 63
train_loss: 0.1358
test_loss: 0.1350
epoch 64
train_loss: 0.1329
test_loss: 0.1338
epoch 65
train_loss: 0.1339
test_loss: 0.1326
epoch 66
train_loss: 0.1335
test_loss: 0.1328
epoch 67
train_loss: 0.1303
test_loss: 0.1317
epoch 68
train_loss: 0.1305
test_loss: 0.1311
epoch 69
train_loss: 0.1280
test_loss: 0.1294
epoch 70
train_loss: 0.1308
test_loss: 0.1291
epoch 71
train_loss: 0.1268
test_loss: 0.1285
epoch 72
train_loss: 0.1293
test_loss: 0.1271
epoch 73
train_loss: 0.1250
test_loss: 0.1267
epoch 74
train_loss: 0.1274
test_loss: 0.1255
epoch 75
train_loss: 0.1266
test_loss: 0.1248
epoch 76
train_loss: 0.1263
test_loss: 0.1241
epoch 77
train_loss: 0.1233
test_loss: 0.1246
epoch 78
train_loss: 0.1240
test_loss: 0.1228
epoch 79
train_loss: 0.1226
test_loss: 0.1222
epoch 80
train_loss: 0.1243
test_loss: 0.1218
epoch 81
train_loss: 0.1231
test_loss: 0.1212
epoch 82
train_loss: 0.1218
test_loss: 0.1205
epoch 83
train_loss: 0.1225
test_loss: 0.1213
epoch 84
train_loss: 0.1203
test_loss: 0.1190
epoch 85
train_loss: 0.1205
test_loss: 0.1183
epoch 86
train_loss: 0.1189
test_loss: 0.1179
epoch 87
train_loss: 0.1183
test_loss: 0.1184
epoch 88
train_loss: 0.1178
test_loss: 0.1167
epoch 89
train_loss: 0.1198
test_loss: 0.1161
epoch 90
train_loss: 0.1162
test_loss: 0.1158
epoch 91
train_loss: 0.1189
test_loss: 0.1156
epoch 92
train_loss: 0.1159
test_loss: 0.1158
epoch 93
train_loss: 0.1163
test_loss: 0.1146
epoch 94
train_loss: 0.1156
test_loss: 0.1140
epoch 95
train_loss: 0.1156
test_loss: 0.1135
epoch 96
train_loss: 0.1165
test_loss: 0.1124
epoch 97
train_loss: 0.1144
test_loss: 0.1121
epoch 98
train_loss: 0.1128
test_loss: 0.1123
epoch 99
train_loss: 0.1137
test_loss: 0.1119
epoch 100
train_loss: 0.1127
test_loss: 0.1109
epoch 101
train_loss: 0.1115
test_loss: 0.1115
epoch 102
train_loss: 0.1124
test_loss: 0.1102
epoch 103
train_loss: 0.1109
test_loss: 0.1096
epoch 104
train_loss: 0.1128
test_loss: 0.1096
epoch 105
train_loss: 0.1116
test_loss: 0.1091
epoch 106
train_loss: 0.1084
test_loss: 0.1086
epoch 107
train_loss: 0.1125
test_loss: 0.1080
epoch 108
train_loss: 0.1081
test_loss: 0.1076
epoch 109
train_loss: 0.1089
test_loss: 0.1075
epoch 110
train_loss: 0.1092
test_loss: 0.1066
epoch 111
train_loss: 0.1083
test_loss: 0.1061
epoch 112
train_loss: 0.1100
test_loss: 0.1058
epoch 113
train_loss: 0.1092
test_loss: 0.1059
epoch 114
train_loss: 0.1091
test_loss: 0.1051
epoch 115
train_loss: 0.1101
test_loss: 0.1052
epoch 116
train_loss: 0.1076
test_loss: 0.1047
epoch 117
train_loss: 0.1065
test_loss: 0.1041
epoch 118
train_loss: 0.1058
test_loss: 0.1048
epoch 119
train_loss: 0.1057
test_loss: 0.1034
epoch 120
train_loss: 0.1050
test_loss: 0.1040
epoch 121
train_loss: 0.1057
test_loss: 0.1036
epoch 122
train_loss: 0.1041
test_loss: 0.1032
epoch 123
train_loss: 0.1052
test_loss: 0.1029
epoch 124
train_loss: 0.1042
test_loss: 0.1025
epoch 125
train_loss: 0.1049
test_loss: 0.1023
epoch 126
train_loss: 0.1039
test_loss: 0.1016
epoch 127
train_loss: 0.1042
test_loss: 0.1012
epoch 128
train_loss: 0.1030
test_loss: 0.1018
epoch 129
train_loss: 0.1023
test_loss: 0.1011
epoch 130
train_loss: 0.1033
test_loss: 0.1004
epoch 131
train_loss: 0.1043
test_loss: 0.1004
epoch 132
train_loss: 0.1025
test_loss: 0.0998
epoch 133
train_loss: 0.1036
test_loss: 0.1011
epoch 134
train_loss: 0.1023
test_loss: 0.0993
epoch 135
train_loss: 0.0998
test_loss: 0.0988
epoch 136
train_loss: 0.1020
test_loss: 0.0989
epoch 137
train_loss: 0.0992
test_loss: 0.0993
epoch 138
train_loss: 0.1006
test_loss: 0.0983
epoch 139
train_loss: 0.1001
test_loss: 0.0985
epoch 140
train_loss: 0.1005
test_loss: 0.0989
epoch 141
train_loss: 0.1012
test_loss: 0.0980
epoch 142
train_loss: 0.1003
test_loss: 0.0978
epoch 143
train_loss: 0.0985
test_loss: 0.0974
epoch 144
train_loss: 0.0993
test_loss: 0.0972
epoch 145
train_loss: 0.0985
test_loss: 0.0966
epoch 146
train_loss: 0.0985
test_loss: 0.0974
epoch 147
train_loss: 0.0982
test_loss: 0.0959
epoch 148
train_loss: 0.0983
test_loss: 0.0959
epoch 149
train_loss: 0.0968
test_loss: 0.0957
epoch 150
train_loss: 0.0983
test_loss: 0.0954
epoch 151
train_loss: 0.0975
test_loss: 0.0951
epoch 152
train_loss: 0.0963
test_loss: 0.0951
epoch 153
train_loss: 0.0998
test_loss: 0.0946
epoch 154
train_loss: 0.0965
test_loss: 0.0946
epoch 155
train_loss: 0.0959
test_loss: 0.0962
epoch 156
train_loss: 0.0969
test_loss: 0.0943
epoch 157
train_loss: 0.0968
test_loss: 0.0942
epoch 158
train_loss: 0.0957
test_loss: 0.0941
epoch 159
train_loss: 0.0942
test_loss: 0.0941
epoch 160
train_loss: 0.0971
test_loss: 0.0940
epoch 161
train_loss: 0.0963
test_loss: 0.0941
epoch 162
train_loss: 0.0950
test_loss: 0.0934
epoch 163
train_loss: 0.0947
test_loss: 0.0930
epoch 164
train_loss: 0.0937
test_loss: 0.0929
epoch 165
train_loss: 0.0959
test_loss: 0.0933
epoch 166
train_loss: 0.0926
test_loss: 0.0932
epoch 167
train_loss: 0.0950
test_loss: 0.0924
epoch 168
train_loss: 0.0935
test_loss: 0.0921
epoch 169
train_loss: 0.0933
test_loss: 0.0919
epoch 170
train_loss: 0.0951
test_loss: 0.0929
epoch 171
train_loss: 0.0916
test_loss: 0.0915
epoch 172
train_loss: 0.0922
test_loss: 0.0916
epoch 173
train_loss: 0.0939
test_loss: 0.0917
epoch 174
train_loss: 0.0948
test_loss: 0.0919
epoch 175
train_loss: 0.0924
test_loss: 0.0917
epoch 176
train_loss: 0.0919
test_loss: 0.0913
epoch 177
train_loss: 0.0926
test_loss: 0.0908
epoch 178
train_loss: 0.0916
test_loss: 0.0906
epoch 179
train_loss: 0.0935
test_loss: 0.0907
epoch 180
train_loss: 0.0922
test_loss: 0.0918
epoch 181
train_loss: 0.0913
test_loss: 0.0903
epoch 182
train_loss: 0.0917
test_loss: 0.0909
epoch 183
train_loss: 0.0911
test_loss: 0.0907
epoch 184
train_loss: 0.0923
test_loss: 0.0900
epoch 185
train_loss: 0.0902
test_loss: 0.0898
epoch 186
train_loss: 0.0902
test_loss: 0.0895
epoch 187
train_loss: 0.0935
test_loss: 0.0897
epoch 188
train_loss: 0.0918
test_loss: 0.0894
epoch 189
train_loss: 0.0911
test_loss: 0.0891
epoch 190
train_loss: 0.0882
test_loss: 0.0893
epoch 191
train_loss: 0.0893
test_loss: 0.0907
epoch 192
train_loss: 0.0903
test_loss: 0.0888
epoch 193
train_loss: 0.0898
test_loss: 0.0888
epoch 194
train_loss: 0.0892
test_loss: 0.0900
epoch 195
train_loss: 0.0882
test_loss: 0.0887
epoch 196
train_loss: 0.0903
test_loss: 0.0887
epoch 197
train_loss: 0.0897
test_loss: 0.0890
epoch 198
train_loss: 0.0896
test_loss: 0.0878
epoch 199
train_loss: 0.0890
test_loss: 0.0879
epoch 200
train_loss: 0.0881
test_loss: 0.0886
epoch 201
train_loss: 0.0878
test_loss: 0.0878
epoch 202
train_loss: 0.0873
test_loss: 0.0874
epoch 203
train_loss: 0.0913
test_loss: 0.0877
epoch 204
train_loss: 0.0893
test_loss: 0.0868
epoch 205
train_loss: 0.0894
test_loss: 0.0874
epoch 206
train_loss: 0.0894
test_loss: 0.0873
epoch 207
train_loss: 0.0900
test_loss: 0.0879
epoch 208
train_loss: 0.0885
test_loss: 0.0873
epoch 209
train_loss: 0.0874
test_loss: 0.0869
epoch 210
train_loss: 0.0855
test_loss: 0.0871
epoch 211
train_loss: 0.0858
test_loss: 0.0869
epoch 212
train_loss: 0.0863
test_loss: 0.0871
epoch 213
train_loss: 0.0879
test_loss: 0.0867
epoch 214
train_loss: 0.0869
test_loss: 0.0867
epoch 215
train_loss: 0.0864
test_loss: 0.0864
epoch 216
train_loss: 0.0870
test_loss: 0.0862
epoch 217
train_loss: 0.0862
test_loss: 0.0859
epoch 218
train_loss: 0.0874
test_loss: 0.0875
epoch 219
train_loss: 0.0859
test_loss: 0.0868
epoch 220
train_loss: 0.0859
test_loss: 0.0861
epoch 221
train_loss: 0.0860
test_loss: 0.0855
epoch 222
train_loss: 0.0865
test_loss: 0.0859
epoch 223
train_loss: 0.0875
test_loss: 0.0863
epoch 224
train_loss: 0.0843
test_loss: 0.0853
epoch 225
train_loss: 0.0862
test_loss: 0.0856
epoch 226
train_loss: 0.0850
test_loss: 0.0847
epoch 227
train_loss: 0.0863
test_loss: 0.0847
epoch 228
train_loss: 0.0859
test_loss: 0.0846
epoch 229
train_loss: 0.0866
test_loss: 0.0853
epoch 230
train_loss: 0.0828
test_loss: 0.0849
epoch 231
train_loss: 0.0857
test_loss: 0.0851
epoch 232
train_loss: 0.0843
test_loss: 0.0854
epoch 233
train_loss: 0.0846
test_loss: 0.0847
epoch 234
train_loss: 0.0829
test_loss: 0.0848
epoch 235
train_loss: 0.0853
test_loss: 0.0845
epoch 236
train_loss: 0.0843
test_loss: 0.0846
epoch 237
train_loss: 0.0833
test_loss: 0.0844
epoch 238
train_loss: 0.0834
test_loss: 0.0843
epoch 239
train_loss: 0.0858
test_loss: 0.0843
epoch 240
train_loss: 0.0830
test_loss: 0.0839
epoch 241
train_loss: 0.0840
test_loss: 0.0843
epoch 242
train_loss: 0.0829
test_loss: 0.0835
epoch 243
train_loss: 0.0835
test_loss: 0.0838
epoch 244
train_loss: 0.0845
test_loss: 0.0838
epoch 245
train_loss: 0.0833
test_loss: 0.0836
epoch 246
train_loss: 0.0822
test_loss: 0.0834
epoch 247
train_loss: 0.0850
test_loss: 0.0830
epoch 248
train_loss: 0.0850
test_loss: 0.0835
epoch 249
train_loss: 0.0842
test_loss: 0.0831
epoch 250
train_loss: 0.0820
test_loss: 0.0827
epoch 251
train_loss: 0.0823
test_loss: 0.0826
epoch 252
train_loss: 0.0814
test_loss: 0.0827
epoch 253
train_loss: 0.0832
test_loss: 0.0822
epoch 254
train_loss: 0.0822
test_loss: 0.0832
epoch 255
train_loss: 0.0822
test_loss: 0.0827
epoch 256
train_loss: 0.0814
test_loss: 0.0827
epoch 257
train_loss: 0.0820
test_loss: 0.0824
epoch 258
train_loss: 0.0816
test_loss: 0.0826
epoch 259
train_loss: 0.0831
test_loss: 0.0821
epoch 260
train_loss: 0.0818
test_loss: 0.0825
epoch 261
train_loss: 0.0812
test_loss: 0.0823
epoch 262
train_loss: 0.0816
test_loss: 0.0823
epoch 263
train_loss: 0.0807
test_loss: 0.0824
epoch 264
train_loss: 0.0825
test_loss: 0.0822
epoch 265
train_loss: 0.0803
test_loss: 0.0824
epoch 266
train_loss: 0.0811
test_loss: 0.0813
epoch 267
train_loss: 0.0826
test_loss: 0.0815
epoch 268
train_loss: 0.0810
test_loss: 0.0821
epoch 269
train_loss: 0.0837
test_loss: 0.0820
epoch 270
train_loss: 0.0826
test_loss: 0.0818
epoch 271
train_loss: 0.0820
test_loss: 0.0821
epoch 272
train_loss: 0.0818
test_loss: 0.0824
epoch 273
train_loss: 0.0819
test_loss: 0.0814
epoch 274
train_loss: 0.0786
test_loss: 0.0819
epoch 275
train_loss: 0.0814
test_loss: 0.0814
epoch 276
train_loss: 0.0811
test_loss: 0.0818
epoch 277
train_loss: 0.0805
test_loss: 0.0818
epoch 278
train_loss: 0.0804
test_loss: 0.0811
epoch 279
train_loss: 0.0820
test_loss: 0.0804
epoch 280
train_loss: 0.0809
test_loss: 0.0816
epoch 281
train_loss: 0.0793
test_loss: 0.0809
epoch 282
train_loss: 0.0805
test_loss: 0.0806
epoch 283
train_loss: 0.0800
test_loss: 0.0808
epoch 284
train_loss: 0.0810
test_loss: 0.0814
epoch 285
train_loss: 0.0827
test_loss: 0.0811
epoch 286
train_loss: 0.0810
test_loss: 0.0811
epoch 287
train_loss: 0.0792
test_loss: 0.0806
epoch 288
train_loss: 0.0791
test_loss: 0.0810
epoch 289
train_loss: 0.0810
test_loss: 0.0808
epoch 290
train_loss: 0.0798
test_loss: 0.0805
epoch 291
train_loss: 0.0792
test_loss: 0.0808
epoch 292
train_loss: 0.0822
test_loss: 0.0803
epoch 293
train_loss: 0.0800
test_loss: 0.0812
epoch 294
train_loss: 0.0786
test_loss: 0.0805
epoch 295
train_loss: 0.0799
test_loss: 0.0809
epoch 296
train_loss: 0.0804
test_loss: 0.0805
epoch 297
train_loss: 0.0811
test_loss: 0.0804
epoch 298
train_loss: 0.0798
test_loss: 0.0805
epoch 299
train_loss: 0.0782
test_loss: 0.0818
epoch 300
train_loss: 0.0793
test_loss: 0.0808
epoch 301
train_loss: 0.0780
test_loss: 0.0808
epoch 302
train_loss: 0.0793
test_loss: 0.0803
epoch 303
train_loss: 0.0772
test_loss: 0.0806
epoch 304
train_loss: 0.0798
test_loss: 0.0796
epoch 305
train_loss: 0.0785
test_loss: 0.0799
epoch 306
train_loss: 0.0787
test_loss: 0.0796
epoch 307
train_loss: 0.0785
test_loss: 0.0806
epoch 308
train_loss: 0.0785
test_loss: 0.0799
epoch 309
train_loss: 0.0799
test_loss: 0.0795
epoch 310
train_loss: 0.0790
test_loss: 0.0798
epoch 311
train_loss: 0.0786
test_loss: 0.0797
epoch 312
train_loss: 0.0782
test_loss: 0.0792
epoch 313
train_loss: 0.0783
test_loss: 0.0801
epoch 314
train_loss: 0.0777
test_loss: 0.0789
epoch 315
train_loss: 0.0776
test_loss: 0.0801
epoch 316
train_loss: 0.0778
test_loss: 0.0791
epoch 317
train_loss: 0.0788
test_loss: 0.0794
epoch 318
train_loss: 0.0786
test_loss: 0.0794
epoch 319
train_loss: 0.0776
test_loss: 0.0790
epoch 320
train_loss: 0.0766
test_loss: 0.0813
epoch 321
train_loss: 0.0777
test_loss: 0.0804
epoch 322
train_loss: 0.0783
test_loss: 0.0792
epoch 323
train_loss: 0.0780
test_loss: 0.0791
epoch 324
train_loss: 0.0768
test_loss: 0.0793
epoch 325
train_loss: 0.0799
test_loss: 0.0793
epoch 326
train_loss: 0.0775
test_loss: 0.0794
epoch 327
train_loss: 0.0781
test_loss: 0.0791
epoch 328
train_loss: 0.0783
test_loss: 0.0792
epoch 329
train_loss: 0.0776
test_loss: 0.0798
epoch 330
train_loss: 0.0777
test_loss: 0.0788
epoch 331
train_loss: 0.0775
test_loss: 0.0792
epoch 332
train_loss: 0.0778
test_loss: 0.0785
epoch 333
train_loss: 0.0779
test_loss: 0.0794
epoch 334
train_loss: 0.0762
test_loss: 0.0787
epoch 335
train_loss: 0.0768
test_loss: 0.0789
epoch 336
train_loss: 0.0776
test_loss: 0.0789
epoch 337
train_loss: 0.0769
test_loss: 0.0784
epoch 338
train_loss: 0.0777
test_loss: 0.0787
epoch 339
train_loss: 0.0747
test_loss: 0.0785
epoch 340
train_loss: 0.0770
test_loss: 0.0787
epoch 341
train_loss: 0.0762
test_loss: 0.0783
epoch 342
train_loss: 0.0770
test_loss: 0.0792
epoch 343
train_loss: 0.0752
test_loss: 0.0790
epoch 344
train_loss: 0.0783
test_loss: 0.0783
epoch 345
train_loss: 0.0757
test_loss: 0.0793
epoch 346
train_loss: 0.0773
test_loss: 0.0782
epoch 347
train_loss: 0.0772
test_loss: 0.0782
epoch 348
train_loss: 0.0770
test_loss: 0.0781
epoch 349
train_loss: 0.0766
test_loss: 0.0777
epoch 350
train_loss: 0.0762
test_loss: 0.0783
epoch 351
train_loss: 0.0759
test_loss: 0.0781
epoch 352
train_loss: 0.0770
test_loss: 0.0787
epoch 353
train_loss: 0.0767
test_loss: 0.0787
epoch 354
train_loss: 0.0745
test_loss: 0.0778
epoch 355
train_loss: 0.0764
test_loss: 0.0782
epoch 356
train_loss: 0.0767
test_loss: 0.0788
epoch 357
train_loss: 0.0763
test_loss: 0.0780
epoch 358
train_loss: 0.0760
test_loss: 0.0785
epoch 359
train_loss: 0.0770
test_loss: 0.0785
epoch 360
train_loss: 0.0762
test_loss: 0.0784
epoch 361
train_loss: 0.0770
test_loss: 0.0790
epoch 362
train_loss: 0.0771
test_loss: 0.0782
epoch 363
train_loss: 0.0747
test_loss: 0.0781
epoch 364
train_loss: 0.0746
test_loss: 0.0777
epoch 365
train_loss: 0.0763
test_loss: 0.0776
epoch 366
train_loss: 0.0758
test_loss: 0.0776
epoch 367
train_loss: 0.0762
test_loss: 0.0777
epoch 368
train_loss: 0.0746
test_loss: 0.0781
epoch 369
train_loss: 0.0757
test_loss: 0.0775
epoch 370
train_loss: 0.0737
test_loss: 0.0779
epoch 371
train_loss: 0.0760
test_loss: 0.0779
epoch 372
train_loss: 0.0746
test_loss: 0.0768
epoch 373
train_loss: 0.0747
test_loss: 0.0774
epoch 374
train_loss: 0.0749
test_loss: 0.0776
epoch 375
train_loss: 0.0752
test_loss: 0.0780
epoch 376
train_loss: 0.0744
test_loss: 0.0775
epoch 377
train_loss: 0.0760
test_loss: 0.0778
epoch 378
train_loss: 0.0756
test_loss: 0.0773
epoch 379
train_loss: 0.0746
test_loss: 0.0776
epoch 380
train_loss: 0.0749
test_loss: 0.0774
epoch 381
train_loss: 0.0752
test_loss: 0.0788
epoch 382
train_loss: 0.0741
test_loss: 0.0770
epoch 383
train_loss: 0.0759
test_loss: 0.0774
epoch 384
train_loss: 0.0744
test_loss: 0.0770
epoch 385
train_loss: 0.0750
test_loss: 0.0767
epoch 386
train_loss: 0.0738
test_loss: 0.0776
epoch 387
train_loss: 0.0747
test_loss: 0.0766
epoch 388
train_loss: 0.0739
test_loss: 0.0777
epoch 389
train_loss: 0.0752
test_loss: 0.0767
epoch 390
train_loss: 0.0738
test_loss: 0.0773
epoch 391
train_loss: 0.0729
test_loss: 0.0769
epoch 392
train_loss: 0.0761
test_loss: 0.0773
epoch 393
train_loss: 0.0746
test_loss: 0.0770
epoch 394
train_loss: 0.0746
test_loss: 0.0772
epoch 395
train_loss: 0.0749
test_loss: 0.0771
epoch 396
train_loss: 0.0738
test_loss: 0.0767
epoch 397
train_loss: 0.0727
test_loss: 0.0767
epoch 398
train_loss: 0.0761
test_loss: 0.0767
epoch 399
train_loss: 0.0745
test_loss: 0.0770
epoch 400
train_loss: 0.0736
test_loss: 0.0763
epoch 401
train_loss: 0.0739
test_loss: 0.0763
epoch 402
train_loss: 0.0742
test_loss: 0.0771
epoch 403
train_loss: 0.0759
test_loss: 0.0769
epoch 404
train_loss: 0.0744
test_loss: 0.0774
epoch 405
train_loss: 0.0737
test_loss: 0.0768
epoch 406
train_loss: 0.0731
test_loss: 0.0762
epoch 407
train_loss: 0.0742
test_loss: 0.0769
epoch 408
train_loss: 0.0733
test_loss: 0.0774
epoch 409
train_loss: 0.0736
test_loss: 0.0759
/home/xueqiong/noise_injection_uncertainty/regression/utils.py:39: FutureWarning: The 'delim_whitespace' keyword in pd.read_csv is deprecated and will be removed in a future version. Use ``sep='\s+'`` instead
  return pd.read_csv(dataset_path, engine='python', header=None, delim_whitespace=True)
8 1
6554 1638 8192
model_name noisyFCN
using Adam as optimizer
epoch 0
train_loss: 0.9613
test_loss: 0.8722
epoch 1
train_loss: 0.7670
test_loss: 0.6653
epoch 2
train_loss: 0.5927
test_loss: 0.5567
epoch 3
train_loss: 0.5238
test_loss: 0.5186
epoch 4
train_loss: 0.4897
test_loss: 0.4903
epoch 5
train_loss: 0.4621
test_loss: 0.4653
epoch 6
train_loss: 0.4387
test_loss: 0.4429
epoch 7
train_loss: 0.4179
test_loss: 0.4227
epoch 8
train_loss: 0.3989
test_loss: 0.4045
epoch 9
train_loss: 0.3808
test_loss: 0.3881
epoch 10
train_loss: 0.3652
test_loss: 0.3729
epoch 11
train_loss: 0.3500
test_loss: 0.3592
epoch 12
train_loss: 0.3362
test_loss: 0.3462
epoch 13
train_loss: 0.3240
test_loss: 0.3337
epoch 14
train_loss: 0.3109
test_loss: 0.3219
epoch 15
train_loss: 0.2985
test_loss: 0.3102
epoch 16
train_loss: 0.2871
test_loss: 0.2989
epoch 17
train_loss: 0.2755
test_loss: 0.2878
epoch 18
train_loss: 0.2643
test_loss: 0.2771
epoch 19
train_loss: 0.2541
test_loss: 0.2670
epoch 20
train_loss: 0.2444
test_loss: 0.2576
epoch 21
train_loss: 0.2360
test_loss: 0.2487
epoch 22
train_loss: 0.2276
test_loss: 0.2404
epoch 23
train_loss: 0.2200
test_loss: 0.2326
epoch 24
train_loss: 0.2129
test_loss: 0.2254
epoch 25
train_loss: 0.2065
test_loss: 0.2188
epoch 26
train_loss: 0.2005
test_loss: 0.2126
epoch 27
train_loss: 0.1950
test_loss: 0.2069
epoch 28
train_loss: 0.1899
test_loss: 0.2016
epoch 29
train_loss: 0.1851
test_loss: 0.1967
epoch 30
train_loss: 0.1807
test_loss: 0.1921
epoch 31
train_loss: 0.1765
test_loss: 0.1879
epoch 32
train_loss: 0.1728
test_loss: 0.1840
epoch 33
train_loss: 0.1691
test_loss: 0.1801
epoch 34
train_loss: 0.1656
test_loss: 0.1764
epoch 35
train_loss: 0.1623
test_loss: 0.1730
epoch 36
train_loss: 0.1592
test_loss: 0.1696
epoch 37
train_loss: 0.1562
test_loss: 0.1665
epoch 38
train_loss: 0.1534
test_loss: 0.1634
epoch 39
train_loss: 0.1507
test_loss: 0.1605
epoch 40
train_loss: 0.1482
test_loss: 0.1577
epoch 41
train_loss: 0.1457
test_loss: 0.1552
epoch 42
train_loss: 0.1434
test_loss: 0.1527
epoch 43
train_loss: 0.1412
test_loss: 0.1504
epoch 44
train_loss: 0.1391
test_loss: 0.1482
epoch 45
train_loss: 0.1371
test_loss: 0.1460
epoch 46
train_loss: 0.1351
test_loss: 0.1440
epoch 47
train_loss: 0.1333
test_loss: 0.1421
epoch 48
train_loss: 0.1314
test_loss: 0.1402
epoch 49
train_loss: 0.1297
test_loss: 0.1384
epoch 50
train_loss: 0.1280
test_loss: 0.1368
epoch 51
train_loss: 0.1263
test_loss: 0.1351
epoch 52
train_loss: 0.1247
test_loss: 0.1335
epoch 53
train_loss: 0.1232
test_loss: 0.1320
epoch 54
train_loss: 0.1216
test_loss: 0.1305
epoch 55
train_loss: 0.1201
test_loss: 0.1291
epoch 56
train_loss: 0.1187
test_loss: 0.1277
epoch 57
train_loss: 0.1175
test_loss: 0.1264
epoch 58
train_loss: 0.1161
test_loss: 0.1251
epoch 59
train_loss: 0.1148
test_loss: 0.1239
epoch 60
train_loss: 0.1135
test_loss: 0.1228
epoch 61
train_loss: 0.1123
test_loss: 0.1217
epoch 62
train_loss: 0.1112
test_loss: 0.1206
epoch 63
train_loss: 0.1102
test_loss: 0.1196
epoch 64
train_loss: 0.1090
test_loss: 0.1186
epoch 65
train_loss: 0.1080
test_loss: 0.1177
epoch 66
train_loss: 0.1069
test_loss: 0.1168
epoch 67
train_loss: 0.1059
test_loss: 0.1159
epoch 68
train_loss: 0.1050
test_loss: 0.1150
epoch 69
train_loss: 0.1040
test_loss: 0.1142
epoch 70
train_loss: 0.1031
test_loss: 0.1134
epoch 71
train_loss: 0.1022
test_loss: 0.1126
epoch 72
train_loss: 0.1013
test_loss: 0.1118
epoch 73
train_loss: 0.1005
test_loss: 0.1111
epoch 74
train_loss: 0.0996
test_loss: 0.1103
epoch 75
train_loss: 0.0988
test_loss: 0.1096
epoch 76
train_loss: 0.0981
test_loss: 0.1090
epoch 77
train_loss: 0.0973
test_loss: 0.1083
epoch 78
train_loss: 0.0966
test_loss: 0.1077
epoch 79
train_loss: 0.0958
test_loss: 0.1072
epoch 80
train_loss: 0.0952
test_loss: 0.1066
epoch 81
train_loss: 0.0945
test_loss: 0.1061
epoch 82
train_loss: 0.0939
test_loss: 0.1055
epoch 83
train_loss: 0.0932
test_loss: 0.1050
epoch 84
train_loss: 0.0926
test_loss: 0.1046
epoch 85
train_loss: 0.0920
test_loss: 0.1041
epoch 86
train_loss: 0.0915
test_loss: 0.1036
epoch 87
train_loss: 0.0909
test_loss: 0.1032
epoch 88
train_loss: 0.0904
test_loss: 0.1028
epoch 89
train_loss: 0.0899
test_loss: 0.1024
epoch 90
train_loss: 0.0894
test_loss: 0.1020
epoch 91
train_loss: 0.0889
test_loss: 0.1016
epoch 92
train_loss: 0.0884
test_loss: 0.1012
epoch 93
train_loss: 0.0879
test_loss: 0.1008
epoch 94
train_loss: 0.0875
test_loss: 0.1004
epoch 95
train_loss: 0.0871
test_loss: 0.1001
epoch 96
train_loss: 0.0867
test_loss: 0.0998
epoch 97
train_loss: 0.0863
test_loss: 0.0994
epoch 98
train_loss: 0.0859
test_loss: 0.0991
epoch 99
train_loss: 0.0855
test_loss: 0.0987
epoch 100
train_loss: 0.0851
test_loss: 0.0984
epoch 101
train_loss: 0.0847
test_loss: 0.0981
epoch 102
train_loss: 0.0844
test_loss: 0.0978
epoch 103
train_loss: 0.0840
test_loss: 0.0975
epoch 104
train_loss: 0.0837
test_loss: 0.0972
epoch 105
train_loss: 0.0834
test_loss: 0.0969
epoch 106
train_loss: 0.0830
test_loss: 0.0967
epoch 107
train_loss: 0.0827
test_loss: 0.0964
epoch 108
train_loss: 0.0824
test_loss: 0.0962
epoch 109
train_loss: 0.0821
test_loss: 0.0959
epoch 110
train_loss: 0.0818
test_loss: 0.0957
epoch 111
train_loss: 0.0815
test_loss: 0.0954
epoch 112
train_loss: 0.0812
test_loss: 0.0952
epoch 113
train_loss: 0.0809
test_loss: 0.0949
epoch 114
train_loss: 0.0806
test_loss: 0.0947
epoch 115
train_loss: 0.0803
test_loss: 0.0945
epoch 116
train_loss: 0.0801
test_loss: 0.0942
epoch 117
train_loss: 0.0798
test_loss: 0.0941
epoch 118
train_loss: 0.0796
test_loss: 0.0938
epoch 119
train_loss: 0.0793
test_loss: 0.0936
epoch 120
train_loss: 0.0791
test_loss: 0.0934
epoch 121
train_loss: 0.0788
test_loss: 0.0932
epoch 122
train_loss: 0.0786
test_loss: 0.0931
epoch 123
train_loss: 0.0783
test_loss: 0.0928
epoch 124
train_loss: 0.0781
test_loss: 0.0927
epoch 125
train_loss: 0.0778
test_loss: 0.0925
epoch 126
train_loss: 0.0777
test_loss: 0.0923
epoch 127
train_loss: 0.0775
test_loss: 0.0921
epoch 128
train_loss: 0.0772
test_loss: 0.0919
epoch 129
train_loss: 0.0770
test_loss: 0.0918
epoch 130
train_loss: 0.0768
test_loss: 0.0916
epoch 131
train_loss: 0.0766
test_loss: 0.0914
epoch 132
train_loss: 0.0764
test_loss: 0.0913
epoch 133
train_loss: 0.0762
test_loss: 0.0911
epoch 134
train_loss: 0.0760
test_loss: 0.0910
epoch 135
train_loss: 0.0758
test_loss: 0.0908
epoch 136
train_loss: 0.0756
test_loss: 0.0907
epoch 137
train_loss: 0.0754
test_loss: 0.0905
epoch 138
train_loss: 0.0752
test_loss: 0.0904
epoch 139
train_loss: 0.0750
test_loss: 0.0902
epoch 140
train_loss: 0.0748
test_loss: 0.0901
epoch 141
train_loss: 0.0746
test_loss: 0.0899
epoch 142
train_loss: 0.0744
test_loss: 0.0898
epoch 143
train_loss: 0.0742
test_loss: 0.0896
epoch 144
train_loss: 0.0741
test_loss: 0.0895
epoch 145
train_loss: 0.0739
test_loss: 0.0893
epoch 146
train_loss: 0.0737
test_loss: 0.0892
epoch 147
train_loss: 0.0735
test_loss: 0.0890
epoch 148
train_loss: 0.0734
test_loss: 0.0889
epoch 149
train_loss: 0.0732
test_loss: 0.0888
epoch 150
train_loss: 0.0730
test_loss: 0.0886
epoch 151
train_loss: 0.0728
test_loss: 0.0885
epoch 152
train_loss: 0.0727
test_loss: 0.0883
epoch 153
train_loss: 0.0725
test_loss: 0.0882
epoch 154
train_loss: 0.0724
test_loss: 0.0881
epoch 155
train_loss: 0.0722
test_loss: 0.0880
epoch 156
train_loss: 0.0721
