{'datasets': ['protein-tertiary-structure'], 'models': ['noisyFCN'], 'optimizer_name': 'Adam', 'hyperparam_eval_interval': 10, 'patience': 3, 'global_max_epochs': 2000, 'dropout_probs': [0.2, 0.1, 0.05, 0.01, 0.005, 0.001], 'fix_noiselevels': [0.001, 0.005, 0.01, 0.05, 0.1], 'init_noiselevels': [0.001, 0.005, 0.01, 0.05, 0.1], 'batch_sizes': [32], 'batch_sizes_specific': {'energy': [32]}, 'weight_decays': [0.01], 'dropout_batch_size': 32, 'n_hidden': 2, 'nonlinearity': 'relu', 'learning_rates': [0.002], 'mc_samples': 500, 'num_units': 50, 'num_units_specific': {'protein-tertiary-structure': 100}, 'normalize_X': True, 'normalize_y': True, 'n_folds': 5, 'inverted_cv_fraction': 5}
use_cuda: True
32
/home/xueqiong/noise_injection_uncertainty/regression/utils.py:39: FutureWarning: The 'delim_whitespace' keyword in pd.read_csv is deprecated and will be removed in a future version. Use ``sep='\s+'`` instead
  return pd.read_csv(dataset_path, engine='python', header=None, delim_whitespace=True)
13 1
405 101 506
model_name FCN
using Adam as optimizer
epoch 0
train_loss: 0.6919
test_loss: 0.5295
epoch 1
train_loss: 0.4048
test_loss: 0.2972
epoch 2
train_loss: 0.2705
test_loss: 0.1600
epoch 3
train_loss: 0.2238
test_loss: 0.1171
epoch 4
train_loss: 0.1936
test_loss: 0.0983
epoch 5
train_loss: 0.1702
test_loss: 0.0851
epoch 6
train_loss: 0.1525
test_loss: 0.0784
epoch 7
train_loss: 0.1397
test_loss: 0.0774
epoch 8
train_loss: 0.1296
test_loss: 0.0768
epoch 9
train_loss: 0.1212
test_loss: 0.0770
epoch 10
train_loss: 0.1139
test_loss: 0.0773
epoch 11
train_loss: 0.1079
test_loss: 0.0775
epoch 12
train_loss: 0.1026
test_loss: 0.0775
epoch 13
train_loss: 0.0978
test_loss: 0.0781
epoch 14
train_loss: 0.0932
test_loss: 0.0788
epoch 15
train_loss: 0.0897
test_loss: 0.0792
epoch 16
train_loss: 0.0857
test_loss: 0.0792
epoch 17
train_loss: 0.0821
test_loss: 0.0795
epoch 18
train_loss: 0.0790
test_loss: 0.0800
epoch 19
train_loss: 0.0763
test_loss: 0.0815
epoch 20
train_loss: 0.0738
test_loss: 0.0818
epoch 21
train_loss: 0.0715
test_loss: 0.0830
epoch 22
train_loss: 0.0694
test_loss: 0.0845
epoch 23
train_loss: 0.0672
test_loss: 0.0855
epoch 24
train_loss: 0.0652
test_loss: 0.0874
epoch 25
train_loss: 0.0635
test_loss: 0.0880
epoch 26
train_loss: 0.0615
test_loss: 0.0885
epoch 27
train_loss: 0.0596
test_loss: 0.0889
epoch 28
train_loss: 0.0577
test_loss: 0.0898
epoch 29
train_loss: 0.0562
test_loss: 0.0905
epoch 30
train_loss: 0.0544
test_loss: 0.0911
epoch 31
train_loss: 0.0530
test_loss: 0.0919
epoch 32
train_loss: 0.0516
test_loss: 0.0922
epoch 33
train_loss: 0.0505
test_loss: 0.0936
epoch 34
train_loss: 0.0494
test_loss: 0.0924
epoch 35
train_loss: 0.0481
test_loss: 0.0935
epoch 36
train_loss: 0.0471
test_loss: 0.0943
epoch 37
train_loss: 0.0460
test_loss: 0.0944
epoch 38
train_loss: 0.0450
test_loss: 0.0948
epoch 39
train_loss: 0.0442
test_loss: 0.0948
epoch 40
train_loss: 0.0431
test_loss: 0.0947
epoch 41
train_loss: 0.0423
test_loss: 0.0956
epoch 42
train_loss: 0.0415
test_loss: 0.0953
epoch 43
train_loss: 0.0408
test_loss: 0.0961
epoch 44
train_loss: 0.0399
test_loss: 0.0964
epoch 45
train_loss: 0.0391
test_loss: 0.0972
epoch 46
train_loss: 0.0386
test_loss: 0.0972
epoch 47
train_loss: 0.0377
test_loss: 0.0978
epoch 48
train_loss: 0.0372
test_loss: 0.0987
epoch 49
train_loss: 0.0365
test_loss: 0.0990
/home/xueqiong/noise_injection_uncertainty/regression/utils.py:39: FutureWarning: The 'delim_whitespace' keyword in pd.read_csv is deprecated and will be removed in a future version. Use ``sep='\s+'`` instead
  return pd.read_csv(dataset_path, engine='python', header=None, delim_whitespace=True)
13 1
405 101 506
model_name dropoutFCN
using Adam as optimizer
epoch 0
train_loss: 0.8086
Module: DropoutFullyConnectedNN
  Module: ModuleList
    Module: Linear
    Module: Linear
    Module: Linear
  Module: ModuleList
    Module: Dropout
dropout设置为训练模式
    Module: Dropout
dropout设置为训练模式
    Module: Dropout
dropout设置为训练模式
  Module: ReLU
test_loss: 0.6512
epoch 1
train_loss: 0.5380
Module: DropoutFullyConnectedNN
  Module: ModuleList
    Module: Linear
    Module: Linear
    Module: Linear
  Module: ModuleList
    Module: Dropout
dropout设置为训练模式
    Module: Dropout
dropout设置为训练模式
    Module: Dropout
dropout设置为训练模式
  Module: ReLU
test_loss: 0.4807
epoch 2
train_loss: 0.3828
Module: DropoutFullyConnectedNN
  Module: ModuleList
    Module: Linear
    Module: Linear
    Module: Linear
  Module: ModuleList
    Module: Dropout
dropout设置为训练模式
    Module: Dropout
dropout设置为训练模式
    Module: Dropout
dropout设置为训练模式
  Module: ReLU
test_loss: 0.2733
epoch 3
train_loss: 0.2786
Module: DropoutFullyConnectedNN
  Module: ModuleList
    Module: Linear
    Module: Linear
    Module: Linear
  Module: ModuleList
    Module: Dropout
dropout设置为训练模式
    Module: Dropout
dropout设置为训练模式
    Module: Dropout
dropout设置为训练模式
  Module: ReLU
test_loss: 0.1754
epoch 4
train_loss: 0.2528
Module: DropoutFullyConnectedNN
  Module: ModuleList
    Module: Linear
    Module: Linear
    Module: Linear
  Module: ModuleList
    Module: Dropout
dropout设置为训练模式
    Module: Dropout
dropout设置为训练模式
    Module: Dropout
dropout设置为训练模式
  Module: ReLU
test_loss: 0.1450
epoch 5
train_loss: 0.2217
Module: DropoutFullyConnectedNN
  Module: ModuleList
    Module: Linear
    Module: Linear
    Module: Linear
  Module: ModuleList
    Module: Dropout
dropout设置为训练模式
    Module: Dropout
dropout设置为训练模式
    Module: Dropout
dropout设置为训练模式
  Module: ReLU
test_loss: 0.1229
epoch 6
train_loss: 0.2227
Module: DropoutFullyConnectedNN
  Module: ModuleList
    Module: Linear
    Module: Linear
    Module: Linear
  Module: ModuleList
    Module: Dropout
dropout设置为训练模式
    Module: Dropout
dropout设置为训练模式
    Module: Dropout
dropout设置为训练模式
  Module: ReLU
test_loss: 0.1101
epoch 7
train_loss: 0.1948
Module: DropoutFullyConnectedNN
  Module: ModuleList
    Module: Linear
    Module: Linear
    Module: Linear
  Module: ModuleList
    Module: Dropout
dropout设置为训练模式
    Module: Dropout
dropout设置为训练模式
    Module: Dropout
dropout设置为训练模式
  Module: ReLU
test_loss: 0.1022
epoch 8
train_loss: 0.1986
Module: DropoutFullyConnectedNN
  Module: ModuleList
    Module: Linear
    Module: Linear
    Module: Linear
  Module: ModuleList
    Module: Dropout
dropout设置为训练模式
    Module: Dropout
dropout设置为训练模式
    Module: Dropout
dropout设置为训练模式
  Module: ReLU
test_loss: 0.0987
epoch 9
train_loss: 0.1936
Module: DropoutFullyConnectedNN
  Module: ModuleList
    Module: Linear
    Module: Linear
    Module: Linear
  Module: ModuleList
    Module: Dropout
dropout设置为训练模式
    Module: Dropout
dropout设置为训练模式
    Module: Dropout
dropout设置为训练模式
  Module: ReLU
test_loss: 0.0928
epoch 10
train_loss: 0.1659
Module: DropoutFullyConnectedNN
  Module: ModuleList
    Module: Linear
    Module: Linear
    Module: Linear
  Module: ModuleList
    Module: Dropout
dropout设置为训练模式
    Module: Dropout
dropout设置为训练模式
    Module: Dropout
dropout设置为训练模式
  Module: ReLU
test_loss: 0.0898
epoch 11
train_loss: 0.1840
Module: DropoutFullyConnectedNN
  Module: ModuleList
    Module: Linear
    Module: Linear
    Module: Linear
  Module: ModuleList
    Module: Dropout
dropout设置为训练模式
    Module: Dropout
dropout设置为训练模式
    Module: Dropout
dropout设置为训练模式
  Module: ReLU
test_loss: 0.0876
epoch 12
train_loss: 0.1622
Module: DropoutFullyConnectedNN
  Module: ModuleList
    Module: Linear
    Module: Linear
    Module: Linear
  Module: ModuleList
    Module: Dropout
dropout设置为训练模式
    Module: Dropout
dropout设置为训练模式
    Module: Dropout
dropout设置为训练模式
  Module: ReLU
test_loss: 0.0831
epoch 13
train_loss: 0.1730
Module: DropoutFullyConnectedNN
  Module: ModuleList
    Module: Linear
    Module: Linear
    Module: Linear
  Module: ModuleList
    Module: Dropout
dropout设置为训练模式
    Module: Dropout
dropout设置为训练模式
    Module: Dropout
dropout设置为训练模式
  Module: ReLU
test_loss: 0.0833
epoch 14
train_loss: 0.1728
Module: DropoutFullyConnectedNN
  Module: ModuleList
    Module: Linear
    Module: Linear
    Module: Linear
  Module: ModuleList
    Module: Dropout
dropout设置为训练模式
    Module: Dropout
dropout设置为训练模式
    Module: Dropout
dropout设置为训练模式
  Module: ReLU
test_loss: 0.0804
epoch 15
train_loss: 0.1532
Module: DropoutFullyConnectedNN
  Module: ModuleList
    Module: Linear
    Module: Linear
    Module: Linear
  Module: ModuleList
    Module: Dropout
dropout设置为训练模式
    Module: Dropout
dropout设置为训练模式
    Module: Dropout
dropout设置为训练模式
  Module: ReLU
test_loss: 0.0812
epoch 16
train_loss: 0.1575
Module: DropoutFullyConnectedNN
  Module: ModuleList
    Module: Linear
    Module: Linear
    Module: Linear
  Module: ModuleList
    Module: Dropout
dropout设置为训练模式
    Module: Dropout
dropout设置为训练模式
    Module: Dropout
dropout设置为训练模式
  Module: ReLU
test_loss: 0.0748
epoch 17
train_loss: 0.1327
Module: DropoutFullyConnectedNN
  Module: ModuleList
    Module: Linear
    Module: Linear
    Module: Linear
  Module: ModuleList
    Module: Dropout
dropout设置为训练模式
    Module: Dropout
dropout设置为训练模式
    Module: Dropout
dropout设置为训练模式
  Module: ReLU
test_loss: 0.0737
epoch 18
train_loss: 0.1301
Module: DropoutFullyConnectedNN
  Module: ModuleList
    Module: Linear
    Module: Linear
    Module: Linear
  Module: ModuleList
    Module: Dropout
dropout设置为训练模式
    Module: Dropout
dropout设置为训练模式
    Module: Dropout
dropout设置为训练模式
  Module: ReLU
test_loss: 0.0755
epoch 19
train_loss: 0.1214
Module: DropoutFullyConnectedNN
  Module: ModuleList
    Module: Linear
    Module: Linear
    Module: Linear
  Module: ModuleList
    Module: Dropout
dropout设置为训练模式
    Module: Dropout
dropout设置为训练模式
    Module: Dropout
dropout设置为训练模式
  Module: ReLU
test_loss: 0.0759
epoch 20
train_loss: 0.1342
Module: DropoutFullyConnectedNN
  Module: ModuleList
    Module: Linear
    Module: Linear
    Module: Linear
  Module: ModuleList
    Module: Dropout
dropout设置为训练模式
    Module: Dropout
dropout设置为训练模式
    Module: Dropout
dropout设置为训练模式
  Module: ReLU
test_loss: 0.0721
epoch 21
train_loss: 0.1137
Module: DropoutFullyConnectedNN
  Module: ModuleList
    Module: Linear
    Module: Linear
    Module: Linear
  Module: ModuleList
    Module: Dropout
dropout设置为训练模式
    Module: Dropout
dropout设置为训练模式
    Module: Dropout
dropout设置为训练模式
  Module: ReLU
test_loss: 0.0755
epoch 22
train_loss: 0.1256
Module: DropoutFullyConnectedNN
  Module: ModuleList
    Module: Linear
    Module: Linear
    Module: Linear
  Module: ModuleList
    Module: Dropout
dropout设置为训练模式
    Module: Dropout
dropout设置为训练模式
    Module: Dropout
dropout设置为训练模式
  Module: ReLU
test_loss: 0.0762
epoch 23
train_loss: 0.1135
Module: DropoutFullyConnectedNN
  Module: ModuleList
    Module: Linear
    Module: Linear
    Module: Linear
  Module: ModuleList
    Module: Dropout
dropout设置为训练模式
    Module: Dropout
dropout设置为训练模式
    Module: Dropout
dropout设置为训练模式
  Module: ReLU
test_loss: 0.0746
epoch 24
train_loss: 0.1274
Module: DropoutFullyConnectedNN
  Module: ModuleList
    Module: Linear
    Module: Linear
    Module: Linear
  Module: ModuleList
    Module: Dropout
dropout设置为训练模式
    Module: Dropout
dropout设置为训练模式
    Module: Dropout
dropout设置为训练模式
  Module: ReLU
test_loss: 0.0771
epoch 25
train_loss: 0.1110
Module: DropoutFullyConnectedNN
  Module: ModuleList
    Module: Linear
    Module: Linear
    Module: Linear
  Module: ModuleList
    Module: Dropout
dropout设置为训练模式
    Module: Dropout
dropout设置为训练模式
    Module: Dropout
dropout设置为训练模式
  Module: ReLU
test_loss: 0.0780
epoch 26
train_loss: 0.1116
Module: DropoutFullyConnectedNN
  Module: ModuleList
    Module: Linear
    Module: Linear
    Module: Linear
  Module: ModuleList
    Module: Dropout
dropout设置为训练模式
    Module: Dropout
dropout设置为训练模式
    Module: Dropout
dropout设置为训练模式
  Module: ReLU
test_loss: 0.0798
epoch 27
train_loss: 0.0992
Module: DropoutFullyConnectedNN
  Module: ModuleList
    Module: Linear
    Module: Linear
    Module: Linear
  Module: ModuleList
    Module: Dropout
dropout设置为训练模式
    Module: Dropout
dropout设置为训练模式
    Module: Dropout
dropout设置为训练模式
  Module: ReLU
test_loss: 0.0802
epoch 28
train_loss: 0.1142
Module: DropoutFullyConnectedNN
  Module: ModuleList
    Module: Linear
    Module: Linear
    Module: Linear
  Module: ModuleList
    Module: Dropout
dropout设置为训练模式
    Module: Dropout
dropout设置为训练模式
    Module: Dropout
dropout设置为训练模式
  Module: ReLU
test_loss: 0.0801
epoch 29
train_loss: 0.1112
Module: DropoutFullyConnectedNN
  Module: ModuleList
    Module: Linear
    Module: Linear
    Module: Linear
  Module: ModuleList
    Module: Dropout
dropout设置为训练模式
    Module: Dropout
dropout设置为训练模式
    Module: Dropout
dropout设置为训练模式
  Module: ReLU
test_loss: 0.0831
epoch 30
train_loss: 0.0966
Module: DropoutFullyConnectedNN
  Module: ModuleList
    Module: Linear
    Module: Linear
    Module: Linear
  Module: ModuleList
    Module: Dropout
dropout设置为训练模式
    Module: Dropout
dropout设置为训练模式
    Module: Dropout
dropout设置为训练模式
  Module: ReLU
test_loss: 0.0868
epoch 31
train_loss: 0.1025
Module: DropoutFullyConnectedNN
  Module: ModuleList
    Module: Linear
    Module: Linear
    Module: Linear
  Module: ModuleList
    Module: Dropout
dropout设置为训练模式
    Module: Dropout
dropout设置为训练模式
    Module: Dropout
dropout设置为训练模式
  Module: ReLU
test_loss: 0.0846
epoch 32
train_loss: 0.1103
Module: DropoutFullyConnectedNN
  Module: ModuleList
    Module: Linear
    Module: Linear
    Module: Linear
  Module: ModuleList
    Module: Dropout
dropout设置为训练模式
    Module: Dropout
dropout设置为训练模式
    Module: Dropout
dropout设置为训练模式
  Module: ReLU
test_loss: 0.0816
epoch 33
train_loss: 0.0946
Module: DropoutFullyConnectedNN
  Module: ModuleList
    Module: Linear
    Module: Linear
    Module: Linear
  Module: ModuleList
    Module: Dropout
dropout设置为训练模式
    Module: Dropout
dropout设置为训练模式
    Module: Dropout
dropout设置为训练模式
  Module: ReLU
test_loss: 0.0867
epoch 34
train_loss: 0.0997
Module: DropoutFullyConnectedNN
  Module: ModuleList
    Module: Linear
    Module: Linear
    Module: Linear
  Module: ModuleList
    Module: Dropout
dropout设置为训练模式
    Module: Dropout
dropout设置为训练模式
    Module: Dropout
dropout设置为训练模式
  Module: ReLU
test_loss: 0.0822
epoch 35
train_loss: 0.0961
Module: DropoutFullyConnectedNN
  Module: ModuleList
    Module: Linear
    Module: Linear
    Module: Linear
  Module: ModuleList
    Module: Dropout
dropout设置为训练模式
    Module: Dropout
dropout设置为训练模式
    Module: Dropout
dropout设置为训练模式
  Module: ReLU
test_loss: 0.0827
epoch 36
train_loss: 0.0977
Module: DropoutFullyConnectedNN
  Module: ModuleList
    Module: Linear
    Module: Linear
    Module: Linear
  Module: ModuleList
    Module: Dropout
dropout设置为训练模式
    Module: Dropout
dropout设置为训练模式
    Module: Dropout
dropout设置为训练模式
  Module: ReLU
test_loss: 0.0823
epoch 37
train_loss: 0.1037
Module: DropoutFullyConnectedNN
  Module: ModuleList
    Module: Linear
    Module: Linear
    Module: Linear
  Module: ModuleList
    Module: Dropout
dropout设置为训练模式
    Module: Dropout
dropout设置为训练模式
    Module: Dropout
dropout设置为训练模式
  Module: ReLU
test_loss: 0.0842
epoch 38
train_loss: 0.0881
Module: DropoutFullyConnectedNN
  Module: ModuleList
    Module: Linear
    Module: Linear
    Module: Linear
  Module: ModuleList
    Module: Dropout
dropout设置为训练模式
    Module: Dropout
dropout设置为训练模式
    Module: Dropout
dropout设置为训练模式
  Module: ReLU
test_loss: 0.0846
epoch 39
train_loss: 0.0962
Module: DropoutFullyConnectedNN
  Module: ModuleList
    Module: Linear
    Module: Linear
    Module: Linear
  Module: ModuleList
    Module: Dropout
dropout设置为训练模式
    Module: Dropout
dropout设置为训练模式
    Module: Dropout
dropout设置为训练模式
  Module: ReLU
test_loss: 0.0763
epoch 40
train_loss: 0.0920
Module: DropoutFullyConnectedNN
  Module: ModuleList
    Module: Linear
    Module: Linear
    Module: Linear
  Module: ModuleList
    Module: Dropout
dropout设置为训练模式
    Module: Dropout
dropout设置为训练模式
    Module: Dropout
dropout设置为训练模式
  Module: ReLU
test_loss: 0.0823
epoch 41
train_loss: 0.0897
Module: DropoutFullyConnectedNN
  Module: ModuleList
    Module: Linear
    Module: Linear
    Module: Linear
  Module: ModuleList
    Module: Dropout
dropout设置为训练模式
    Module: Dropout
dropout设置为训练模式
    Module: Dropout
dropout设置为训练模式
  Module: ReLU
test_loss: 0.0805
epoch 42
train_loss: 0.0959
Module: DropoutFullyConnectedNN
  Module: ModuleList
    Module: Linear
    Module: Linear
    Module: Linear
  Module: ModuleList
    Module: Dropout
dropout设置为训练模式
    Module: Dropout
dropout设置为训练模式
    Module: Dropout
dropout设置为训练模式
  Module: ReLU
test_loss: 0.0829
epoch 43
train_loss: 0.0880
Module: DropoutFullyConnectedNN
  Module: ModuleList
    Module: Linear
    Module: Linear
    Module: Linear
  Module: ModuleList
    Module: Dropout
dropout设置为训练模式
    Module: Dropout
dropout设置为训练模式
    Module: Dropout
dropout设置为训练模式
  Module: ReLU
test_loss: 0.0825
epoch 44
train_loss: 0.0905
Module: DropoutFullyConnectedNN
  Module: ModuleList
    Module: Linear
    Module: Linear
    Module: Linear
  Module: ModuleList
    Module: Dropout
dropout设置为训练模式
    Module: Dropout
dropout设置为训练模式
    Module: Dropout
dropout设置为训练模式
  Module: ReLU
test_loss: 0.0838
epoch 45
train_loss: 0.0833
Module: DropoutFullyConnectedNN
  Module: ModuleList
    Module: Linear
    Module: Linear
    Module: Linear
  Module: ModuleList
    Module: Dropout
dropout设置为训练模式
    Module: Dropout
dropout设置为训练模式
    Module: Dropout
dropout设置为训练模式
  Module: ReLU
test_loss: 0.0939
epoch 46
train_loss: 0.0902
Module: DropoutFullyConnectedNN
  Module: ModuleList
    Module: Linear
    Module: Linear
    Module: Linear
  Module: ModuleList
    Module: Dropout
dropout设置为训练模式
    Module: Dropout
dropout设置为训练模式
    Module: Dropout
dropout设置为训练模式
  Module: ReLU
test_loss: 0.0811
epoch 47
train_loss: 0.0835
Module: DropoutFullyConnectedNN
  Module: ModuleList
    Module: Linear
    Module: Linear
    Module: Linear
  Module: ModuleList
    Module: Dropout
dropout设置为训练模式
    Module: Dropout
dropout设置为训练模式
    Module: Dropout
dropout设置为训练模式
  Module: ReLU
test_loss: 0.0879
epoch 48
train_loss: 0.0896
Module: DropoutFullyConnectedNN
  Module: ModuleList
    Module: Linear
    Module: Linear
    Module: Linear
  Module: ModuleList
    Module: Dropout
dropout设置为训练模式
    Module: Dropout
dropout设置为训练模式
    Module: Dropout
dropout设置为训练模式
  Module: ReLU
test_loss: 0.0824
epoch 49
train_loss: 0.0865
Module: DropoutFullyConnectedNN
  Module: ModuleList
    Module: Linear
    Module: Linear
    Module: Linear
  Module: ModuleList
    Module: Dropout
dropout设置为训练模式
    Module: Dropout
dropout设置为训练模式
    Module: Dropout
dropout设置为训练模式
  Module: ReLU
test_loss: 0.0767
epoch 50
train_loss: 0.0781
Module: DropoutFullyConnectedNN
  Module: ModuleList
    Module: Linear
    Module: Linear
    Module: Linear
  Module: ModuleList
    Module: Dropout
dropout设置为训练模式
    Module: Dropout
dropout设置为训练模式
    Module: Dropout
dropout设置为训练模式
  Module: ReLU
test_loss: 0.0750
epoch 51
train_loss: 0.0825
Module: DropoutFullyConnectedNN
  Module: ModuleList
    Module: Linear
    Module: Linear
    Module: Linear
  Module: ModuleList
    Module: Dropout
dropout设置为训练模式
    Module: Dropout
dropout设置为训练模式
    Module: Dropout
dropout设置为训练模式
  Module: ReLU
test_loss: 0.0766
epoch 52
train_loss: 0.0811
Module: DropoutFullyConnectedNN
  Module: ModuleList
    Module: Linear
    Module: Linear
    Module: Linear
  Module: ModuleList
    Module: Dropout
dropout设置为训练模式
    Module: Dropout
dropout设置为训练模式
    Module: Dropout
dropout设置为训练模式
  Module: ReLU
test_loss: 0.0793
epoch 53
train_loss: 0.0803
Module: DropoutFullyConnectedNN
  Module: ModuleList
    Module: Linear
    Module: Linear
    Module: Linear
  Module: ModuleList
    Module: Dropout
dropout设置为训练模式
    Module: Dropout
dropout设置为训练模式
    Module: Dropout
dropout设置为训练模式
  Module: ReLU
test_loss: 0.0747
epoch 54
train_loss: 0.0827
Module: DropoutFullyConnectedNN
  Module: ModuleList
    Module: Linear
    Module: Linear
    Module: Linear
  Module: ModuleList
    Module: Dropout
dropout设置为训练模式
    Module: Dropout
dropout设置为训练模式
    Module: Dropout
dropout设置为训练模式
  Module: ReLU
test_loss: 0.0754
epoch 55
train_loss: 0.0813
Module: DropoutFullyConnectedNN
  Module: ModuleList
    Module: Linear
    Module: Linear
    Module: Linear
  Module: ModuleList
    Module: Dropout
dropout设置为训练模式
    Module: Dropout
dropout设置为训练模式
    Module: Dropout
dropout设置为训练模式
  Module: ReLU
test_loss: 0.0722
epoch 56
train_loss: 0.0949
Module: DropoutFullyConnectedNN
  Module: ModuleList
    Module: Linear
    Module: Linear
    Module: Linear
  Module: ModuleList
    Module: Dropout
dropout设置为训练模式
    Module: Dropout
dropout设置为训练模式
    Module: Dropout
dropout设置为训练模式
  Module: ReLU
test_loss: 0.0736
epoch 57
train_loss: 0.0762
Module: DropoutFullyConnectedNN
  Module: ModuleList
    Module: Linear
    Module: Linear
    Module: Linear
  Module: ModuleList
    Module: Dropout
dropout设置为训练模式
    Module: Dropout
dropout设置为训练模式
    Module: Dropout
dropout设置为训练模式
  Module: ReLU
test_loss: 0.0796
epoch 58
train_loss: 0.0823
Module: DropoutFullyConnectedNN
  Module: ModuleList
    Module: Linear
    Module: Linear
    Module: Linear
  Module: ModuleList
    Module: Dropout
dropout设置为训练模式
    Module: Dropout
dropout设置为训练模式
    Module: Dropout
dropout设置为训练模式
  Module: ReLU
test_loss: 0.0863
epoch 59
train_loss: 0.0794
Module: DropoutFullyConnectedNN
  Module: ModuleList
    Module: Linear
    Module: Linear
    Module: Linear
  Module: ModuleList
    Module: Dropout
dropout设置为训练模式
    Module: Dropout
dropout设置为训练模式
    Module: Dropout
dropout设置为训练模式
  Module: ReLU
test_loss: 0.0788
epoch 60
train_loss: 0.0817
Module: DropoutFullyConnectedNN
  Module: ModuleList
    Module: Linear
    Module: Linear
    Module: Linear
  Module: ModuleList
    Module: Dropout
dropout设置为训练模式
    Module: Dropout
dropout设置为训练模式
    Module: Dropout
dropout设置为训练模式
  Module: ReLU
test_loss: 0.0759
epoch 61
train_loss: 0.0704
Module: DropoutFullyConnectedNN
  Module: ModuleList
    Module: Linear
    Module: Linear
    Module: Linear
  Module: ModuleList
    Module: Dropout
dropout设置为训练模式
    Module: Dropout
dropout设置为训练模式
    Module: Dropout
dropout设置为训练模式
  Module: ReLU
test_loss: 0.0762
epoch 62
train_loss: 0.0694
Module: DropoutFullyConnectedNN
  Module: ModuleList
    Module: Linear
    Module: Linear
    Module: Linear
  Module: ModuleList
    Module: Dropout
dropout设置为训练模式
    Module: Dropout
dropout设置为训练模式
    Module: Dropout
dropout设置为训练模式
  Module: ReLU
test_loss: 0.0759
epoch 63
train_loss: 0.0764
Module: DropoutFullyConnectedNN
  Module: ModuleList
    Module: Linear
    Module: Linear
    Module: Linear
  Module: ModuleList
    Module: Dropout
dropout设置为训练模式
    Module: Dropout
dropout设置为训练模式
    Module: Dropout
dropout设置为训练模式
  Module: ReLU
test_loss: 0.0804
epoch 64
train_loss: 0.0813
Module: DropoutFullyConnectedNN
  Module: ModuleList
    Module: Linear
    Module: Linear
    Module: Linear
  Module: ModuleList
    Module: Dropout
dropout设置为训练模式
    Module: Dropout
dropout设置为训练模式
    Module: Dropout
dropout设置为训练模式
  Module: ReLU
test_loss: 0.0769
epoch 65
train_loss: 0.0816
Module: DropoutFullyConnectedNN
  Module: ModuleList
    Module: Linear
    Module: Linear
    Module: Linear
  Module: ModuleList
    Module: Dropout
dropout设置为训练模式
    Module: Dropout
dropout设置为训练模式
    Module: Dropout
dropout设置为训练模式
  Module: ReLU
test_loss: 0.0793
epoch 66
train_loss: 0.0779
Module: DropoutFullyConnectedNN
  Module: ModuleList
    Module: Linear
    Module: Linear
    Module: Linear
  Module: ModuleList
    Module: Dropout
dropout设置为训练模式
    Module: Dropout
dropout设置为训练模式
    Module: Dropout
dropout设置为训练模式
  Module: ReLU
test_loss: 0.0738
epoch 67
train_loss: 0.0732
Module: DropoutFullyConnectedNN
  Module: ModuleList
    Module: Linear
    Module: Linear
    Module: Linear
  Module: ModuleList
    Module: Dropout
dropout设置为训练模式
    Module: Dropout
dropout设置为训练模式
    Module: Dropout
dropout设置为训练模式
  Module: ReLU
test_loss: 0.0774
epoch 68
train_loss: 0.0791
Module: DropoutFullyConnectedNN
  Module: ModuleList
    Module: Linear
    Module: Linear
    Module: Linear
  Module: ModuleList
    Module: Dropout
dropout设置为训练模式
    Module: Dropout
dropout设置为训练模式
    Module: Dropout
dropout设置为训练模式
  Module: ReLU
test_loss: 0.0755
epoch 69
train_loss: 0.0781
Module: DropoutFullyConnectedNN
  Module: ModuleList
    Module: Linear
    Module: Linear
    Module: Linear
  Module: ModuleList
    Module: Dropout
dropout设置为训练模式
    Module: Dropout
dropout设置为训练模式
    Module: Dropout
dropout设置为训练模式
  Module: ReLU
test_loss: 0.0812
epoch 70
train_loss: 0.0812
Module: DropoutFullyConnectedNN
  Module: ModuleList
    Module: Linear
    Module: Linear
    Module: Linear
  Module: ModuleList
    Module: Dropout
dropout设置为训练模式
    Module: Dropout
dropout设置为训练模式
    Module: Dropout
dropout设置为训练模式
  Module: ReLU
test_loss: 0.0795
epoch 71
train_loss: 0.0738
Module: DropoutFullyConnectedNN
  Module: ModuleList
    Module: Linear
    Module: Linear
    Module: Linear
  Module: ModuleList
    Module: Dropout
dropout设置为训练模式
    Module: Dropout
dropout设置为训练模式
    Module: Dropout
dropout设置为训练模式
  Module: ReLU
test_loss: 0.0790
epoch 72
train_loss: 0.0702
Module: DropoutFullyConnectedNN
  Module: ModuleList
    Module: Linear
    Module: Linear
    Module: Linear
  Module: ModuleList
    Module: Dropout
dropout设置为训练模式
    Module: Dropout
dropout设置为训练模式
    Module: Dropout
dropout设置为训练模式
  Module: ReLU
test_loss: 0.0756
epoch 73
train_loss: 0.0655
Module: DropoutFullyConnectedNN
  Module: ModuleList
    Module: Linear
    Module: Linear
    Module: Linear
  Module: ModuleList
    Module: Dropout
dropout设置为训练模式
    Module: Dropout
dropout设置为训练模式
    Module: Dropout
dropout设置为训练模式
  Module: ReLU
test_loss: 0.0759
epoch 74
train_loss: 0.0671
Module: DropoutFullyConnectedNN
  Module: ModuleList
    Module: Linear
    Module: Linear
    Module: Linear
  Module: ModuleList
    Module: Dropout
dropout设置为训练模式
    Module: Dropout
dropout设置为训练模式
    Module: Dropout
dropout设置为训练模式
  Module: ReLU
test_loss: 0.0787
epoch 75
train_loss: 0.0691
Module: DropoutFullyConnectedNN
  Module: ModuleList
    Module: Linear
    Module: Linear
    Module: Linear
  Module: ModuleList
    Module: Dropout
dropout设置为训练模式
    Module: Dropout
dropout设置为训练模式
    Module: Dropout
dropout设置为训练模式
  Module: ReLU
test_loss: 0.0754
epoch 76
train_loss: 0.0645
Module: DropoutFullyConnectedNN
  Module: ModuleList
    Module: Linear
    Module: Linear
    Module: Linear
  Module: ModuleList
    Module: Dropout
dropout设置为训练模式
    Module: Dropout
dropout设置为训练模式
    Module: Dropout
dropout设置为训练模式
  Module: ReLU
test_loss: 0.0772
epoch 77
train_loss: 0.0630
Module: DropoutFullyConnectedNN
  Module: ModuleList
    Module: Linear
    Module: Linear
    Module: Linear
  Module: ModuleList
    Module: Dropout
dropout设置为训练模式
    Module: Dropout
dropout设置为训练模式
    Module: Dropout
dropout设置为训练模式
  Module: ReLU
test_loss: 0.0716
epoch 78
train_loss: 0.0597
Module: DropoutFullyConnectedNN
  Module: ModuleList
    Module: Linear
    Module: Linear
    Module: Linear
  Module: ModuleList
    Module: Dropout
dropout设置为训练模式
    Module: Dropout
dropout设置为训练模式
    Module: Dropout
dropout设置为训练模式
  Module: ReLU
test_loss: 0.0720
epoch 79
train_loss: 0.0798
Module: DropoutFullyConnectedNN
  Module: ModuleList
    Module: Linear
    Module: Linear
    Module: Linear
  Module: ModuleList
    Module: Dropout
dropout设置为训练模式
    Module: Dropout
dropout设置为训练模式
    Module: Dropout
dropout设置为训练模式
  Module: ReLU
test_loss: 0.0703
epoch 80
train_loss: 0.0827
Module: DropoutFullyConnectedNN
  Module: ModuleList
    Module: Linear
    Module: Linear
    Module: Linear
  Module: ModuleList
    Module: Dropout
dropout设置为训练模式
    Module: Dropout
dropout设置为训练模式
    Module: Dropout
dropout设置为训练模式
  Module: ReLU
test_loss: 0.0739
epoch 81
train_loss: 0.0664
Module: DropoutFullyConnectedNN
  Module: ModuleList
    Module: Linear
    Module: Linear
    Module: Linear
  Module: ModuleList
    Module: Dropout
dropout设置为训练模式
    Module: Dropout
dropout设置为训练模式
    Module: Dropout
dropout设置为训练模式
  Module: ReLU
test_loss: 0.0796
epoch 82
train_loss: 0.0572
Module: DropoutFullyConnectedNN
  Module: ModuleList
    Module: Linear
    Module: Linear
    Module: Linear
  Module: ModuleList
    Module: Dropout
dropout设置为训练模式
    Module: Dropout
dropout设置为训练模式
    Module: Dropout
dropout设置为训练模式
  Module: ReLU
test_loss: 0.0702
epoch 83
train_loss: 0.0883
Module: DropoutFullyConnectedNN
  Module: ModuleList
    Module: Linear
    Module: Linear
    Module: Linear
  Module: ModuleList
    Module: Dropout
dropout设置为训练模式
    Module: Dropout
dropout设置为训练模式
    Module: Dropout
dropout设置为训练模式
  Module: ReLU
test_loss: 0.0781
epoch 84
train_loss: 0.0699
Module: DropoutFullyConnectedNN
  Module: ModuleList
    Module: Linear
    Module: Linear
    Module: Linear
  Module: ModuleList
    Module: Dropout
dropout设置为训练模式
    Module: Dropout
dropout设置为训练模式
    Module: Dropout
dropout设置为训练模式
  Module: ReLU
test_loss: 0.0730
epoch 85
train_loss: 0.0647
Module: DropoutFullyConnectedNN
  Module: ModuleList
    Module: Linear
    Module: Linear
    Module: Linear
  Module: ModuleList
    Module: Dropout
dropout设置为训练模式
    Module: Dropout
dropout设置为训练模式
    Module: Dropout
dropout设置为训练模式
  Module: ReLU
test_loss: 0.0669
epoch 86
train_loss: 0.0640
Module: DropoutFullyConnectedNN
  Module: ModuleList
    Module: Linear
    Module: Linear
    Module: Linear
  Module: ModuleList
    Module: Dropout
dropout设置为训练模式
    Module: Dropout
dropout设置为训练模式
    Module: Dropout
dropout设置为训练模式
  Module: ReLU
test_loss: 0.0711
epoch 87
train_loss: 0.0720
Module: DropoutFullyConnectedNN
  Module: ModuleList
    Module: Linear
    Module: Linear
    Module: Linear
  Module: ModuleList
    Module: Dropout
dropout设置为训练模式
    Module: Dropout
dropout设置为训练模式
    Module: Dropout
dropout设置为训练模式
  Module: ReLU
test_loss: 0.0710
epoch 88
train_loss: 0.0681
Module: DropoutFullyConnectedNN
  Module: ModuleList
    Module: Linear
    Module: Linear
    Module: Linear
  Module: ModuleList
    Module: Dropout
dropout设置为训练模式
    Module: Dropout
dropout设置为训练模式
    Module: Dropout
dropout设置为训练模式
  Module: ReLU
test_loss: 0.0693
epoch 89
train_loss: 0.0702
Module: DropoutFullyConnectedNN
  Module: ModuleList
    Module: Linear
    Module: Linear
    Module: Linear
  Module: ModuleList
    Module: Dropout
dropout设置为训练模式
    Module: Dropout
dropout设置为训练模式
    Module: Dropout
dropout设置为训练模式
  Module: ReLU
test_loss: 0.0734
epoch 90
train_loss: 0.0606
Module: DropoutFullyConnectedNN
  Module: ModuleList
    Module: Linear
    Module: Linear
    Module: Linear
  Module: ModuleList
    Module: Dropout
dropout设置为训练模式
    Module: Dropout
dropout设置为训练模式
    Module: Dropout
dropout设置为训练模式
  Module: ReLU
test_loss: 0.0703
epoch 91
train_loss: 0.0653
Module: DropoutFullyConnectedNN
  Module: ModuleList
    Module: Linear
    Module: Linear
    Module: Linear
  Module: ModuleList
    Module: Dropout
dropout设置为训练模式
    Module: Dropout
dropout设置为训练模式
    Module: Dropout
dropout设置为训练模式
  Module: ReLU
test_loss: 0.0692
epoch 92
train_loss: 0.0721
Module: DropoutFullyConnectedNN
  Module: ModuleList
    Module: Linear
    Module: Linear
    Module: Linear
  Module: ModuleList
    Module: Dropout
dropout设置为训练模式
    Module: Dropout
dropout设置为训练模式
    Module: Dropout
dropout设置为训练模式
  Module: ReLU
test_loss: 0.0701
epoch 93
train_loss: 0.0689
Module: DropoutFullyConnectedNN
  Module: ModuleList
    Module: Linear
    Module: Linear
    Module: Linear
  Module: ModuleList
    Module: Dropout
dropout设置为训练模式
    Module: Dropout
dropout设置为训练模式
    Module: Dropout
dropout设置为训练模式
  Module: ReLU
test_loss: 0.0898
epoch 94
train_loss: 0.0690
Module: DropoutFullyConnectedNN
  Module: ModuleList
    Module: Linear
    Module: Linear
    Module: Linear
  Module: ModuleList
    Module: Dropout
dropout设置为训练模式
    Module: Dropout
dropout设置为训练模式
    Module: Dropout
dropout设置为训练模式
  Module: ReLU
test_loss: 0.0729
epoch 95
train_loss: 0.0713
Module: DropoutFullyConnectedNN
  Module: ModuleList
    Module: Linear
    Module: Linear
    Module: Linear
  Module: ModuleList
    Module: Dropout
dropout设置为训练模式
    Module: Dropout
dropout设置为训练模式
    Module: Dropout
dropout设置为训练模式
  Module: ReLU
test_loss: 0.0745
epoch 96
train_loss: 0.0670
Module: DropoutFullyConnectedNN
  Module: ModuleList
    Module: Linear
    Module: Linear
    Module: Linear
  Module: ModuleList
    Module: Dropout
dropout设置为训练模式
    Module: Dropout
dropout设置为训练模式
    Module: Dropout
dropout设置为训练模式
  Module: ReLU
test_loss: 0.0675
epoch 97
train_loss: 0.0635
Module: DropoutFullyConnectedNN
  Module: ModuleList
    Module: Linear
    Module: Linear
    Module: Linear
  Module: ModuleList
    Module: Dropout
dropout设置为训练模式
    Module: Dropout
dropout设置为训练模式
    Module: Dropout
dropout设置为训练模式
  Module: ReLU
test_loss: 0.0705
epoch 98
train_loss: 0.0618
Module: DropoutFullyConnectedNN
  Module: ModuleList
    Module: Linear
    Module: Linear
    Module: Linear
  Module: ModuleList
    Module: Dropout
dropout设置为训练模式
    Module: Dropout
dropout设置为训练模式
    Module: Dropout
dropout设置为训练模式
  Module: ReLU
test_loss: 0.0737
epoch 99
train_loss: 0.0633
Module: DropoutFullyConnectedNN
  Module: ModuleList
    Module: Linear
    Module: Linear
    Module: Linear
  Module: ModuleList
    Module: Dropout
dropout设置为训练模式
    Module: Dropout
dropout设置为训练模式
    Module: Dropout
dropout设置为训练模式
  Module: ReLU
test_loss: 0.0717
epoch 100
train_loss: 0.0600
Module: DropoutFullyConnectedNN
  Module: ModuleList
    Module: Linear
    Module: Linear
    Module: Linear
  Module: ModuleList
    Module: Dropout
dropout设置为训练模式
    Module: Dropout
dropout设置为训练模式
    Module: Dropout
dropout设置为训练模式
  Module: ReLU
test_loss: 0.0731
epoch 101
train_loss: 0.0632
Module: DropoutFullyConnectedNN
  Module: ModuleList
    Module: Linear
    Module: Linear
    Module: Linear
  Module: ModuleList
    Module: Dropout
dropout设置为训练模式
    Module: Dropout
dropout设置为训练模式
    Module: Dropout
dropout设置为训练模式
  Module: ReLU
test_loss: 0.0761
epoch 102
train_loss: 0.0534
Module: DropoutFullyConnectedNN
  Module: ModuleList
    Module: Linear
    Module: Linear
    Module: Linear
  Module: ModuleList
    Module: Dropout
dropout设置为训练模式
    Module: Dropout
dropout设置为训练模式
    Module: Dropout
dropout设置为训练模式
  Module: ReLU
test_loss: 0.0802
epoch 103
train_loss: 0.0608
Module: DropoutFullyConnectedNN
  Module: ModuleList
    Module: Linear
    Module: Linear
    Module: Linear
  Module: ModuleList
    Module: Dropout
dropout设置为训练模式
    Module: Dropout
dropout设置为训练模式
    Module: Dropout
dropout设置为训练模式
  Module: ReLU
test_loss: 0.0742
epoch 104
train_loss: 0.0654
Module: DropoutFullyConnectedNN
  Module: ModuleList
    Module: Linear
    Module: Linear
    Module: Linear
  Module: ModuleList
    Module: Dropout
dropout设置为训练模式
    Module: Dropout
dropout设置为训练模式
    Module: Dropout
dropout设置为训练模式
  Module: ReLU
test_loss: 0.0724
epoch 105
train_loss: 0.0612
Module: DropoutFullyConnectedNN
  Module: ModuleList
    Module: Linear
    Module: Linear
    Module: Linear
  Module: ModuleList
    Module: Dropout
dropout设置为训练模式
    Module: Dropout
dropout设置为训练模式
    Module: Dropout
dropout设置为训练模式
  Module: ReLU
test_loss: 0.0701
epoch 106
train_loss: 0.0613
Module: DropoutFullyConnectedNN
  Module: ModuleList
    Module: Linear
    Module: Linear
    Module: Linear
  Module: ModuleList
    Module: Dropout
dropout设置为训练模式
    Module: Dropout
dropout设置为训练模式
    Module: Dropout
dropout设置为训练模式
  Module: ReLU
test_loss: 0.0702
epoch 107
train_loss: 0.0552
Module: DropoutFullyConnectedNN
  Module: ModuleList
    Module: Linear
    Module: Linear
    Module: Linear
  Module: ModuleList
    Module: Dropout
dropout设置为训练模式
    Module: Dropout
dropout设置为训练模式
    Module: Dropout
dropout设置为训练模式
  Module: ReLU
test_loss: 0.0698
epoch 108
train_loss: 0.0609
Module: DropoutFullyConnectedNN
  Module: ModuleList
    Module: Linear
    Module: Linear
    Module: Linear
  Module: ModuleList
    Module: Dropout
dropout设置为训练模式
    Module: Dropout
dropout设置为训练模式
    Module: Dropout
dropout设置为训练模式
  Module: ReLU
test_loss: 0.0672
epoch 109
train_loss: 0.0604
Module: DropoutFullyConnectedNN
  Module: ModuleList
    Module: Linear
    Module: Linear
    Module: Linear
  Module: ModuleList
    Module: Dropout
dropout设置为训练模式
    Module: Dropout
dropout设置为训练模式
    Module: Dropout
dropout设置为训练模式
  Module: ReLU
test_loss: 0.0745
epoch 110
train_loss: 0.0681
Module: DropoutFullyConnectedNN
  Module: ModuleList
    Module: Linear
    Module: Linear
    Module: Linear
  Module: ModuleList
    Module: Dropout
dropout设置为训练模式
    Module: Dropout
dropout设置为训练模式
    Module: Dropout
dropout设置为训练模式
  Module: ReLU
test_loss: 0.0705
epoch 111
train_loss: 0.0512
Module: DropoutFullyConnectedNN
  Module: ModuleList
    Module: Linear
    Module: Linear
    Module: Linear
  Module: ModuleList
    Module: Dropout
dropout设置为训练模式
    Module: Dropout
dropout设置为训练模式
    Module: Dropout
dropout设置为训练模式
  Module: ReLU
test_loss: 0.0722
epoch 112
train_loss: 0.0567
Module: DropoutFullyConnectedNN
  Module: ModuleList
    Module: Linear
    Module: Linear
    Module: Linear
  Module: ModuleList
    Module: Dropout
dropout设置为训练模式
    Module: Dropout
dropout设置为训练模式
    Module: Dropout
dropout设置为训练模式
  Module: ReLU
test_loss: 0.0818
epoch 113
train_loss: 0.0608
Module: DropoutFullyConnectedNN
  Module: ModuleList
    Module: Linear
    Module: Linear
    Module: Linear
  Module: ModuleList
    Module: Dropout
dropout设置为训练模式
    Module: Dropout
dropout设置为训练模式
    Module: Dropout
dropout设置为训练模式
  Module: ReLU
test_loss: 0.0716
epoch 114
train_loss: 0.0558
Module: DropoutFullyConnectedNN
  Module: ModuleList
    Module: Linear
    Module: Linear
    Module: Linear
  Module: ModuleList
    Module: Dropout
dropout设置为训练模式
    Module: Dropout
dropout设置为训练模式
    Module: Dropout
dropout设置为训练模式
  Module: ReLU
test_loss: 0.0822
epoch 115
train_loss: 0.0528
Module: DropoutFullyConnectedNN
  Module: ModuleList
    Module: Linear
    Module: Linear
    Module: Linear
  Module: ModuleList
    Module: Dropout
dropout设置为训练模式
    Module: Dropout
dropout设置为训练模式
    Module: Dropout
dropout设置为训练模式
  Module: ReLU
test_loss: 0.0680
epoch 116
train_loss: 0.0574
Module: DropoutFullyConnectedNN
  Module: ModuleList
    Module: Linear
    Module: Linear
    Module: Linear
  Module: ModuleList
    Module: Dropout
dropout设置为训练模式
    Module: Dropout
dropout设置为训练模式
    Module: Dropout
dropout设置为训练模式
  Module: ReLU
test_loss: 0.0684
epoch 117
train_loss: 0.0558
Module: DropoutFullyConnectedNN
  Module: ModuleList
    Module: Linear
    Module: Linear
    Module: Linear
  Module: ModuleList
    Module: Dropout
dropout设置为训练模式
    Module: Dropout
dropout设置为训练模式
    Module: Dropout
dropout设置为训练模式
  Module: ReLU
test_loss: 0.0773
epoch 118
train_loss: 0.0546
Module: DropoutFullyConnectedNN
  Module: ModuleList
    Module: Linear
    Module: Linear
    Module: Linear
  Module: ModuleList
    Module: Dropout
dropout设置为训练模式
    Module: Dropout
dropout设置为训练模式
    Module: Dropout
dropout设置为训练模式
  Module: ReLU
test_loss: 0.0805
epoch 119
train_loss: 0.0653
Module: DropoutFullyConnectedNN
  Module: ModuleList
    Module: Linear
    Module: Linear
    Module: Linear
  Module: ModuleList
    Module: Dropout
dropout设置为训练模式
    Module: Dropout
dropout设置为训练模式
    Module: Dropout
dropout设置为训练模式
  Module: ReLU
test_loss: 0.0775
epoch 120
train_loss: 0.0541
Module: DropoutFullyConnectedNN
  Module: ModuleList
    Module: Linear
    Module: Linear
    Module: Linear
  Module: ModuleList
    Module: Dropout
dropout设置为训练模式
    Module: Dropout
dropout设置为训练模式
    Module: Dropout
dropout设置为训练模式
  Module: ReLU
test_loss: 0.0726
epoch 121
train_loss: 0.0608
Module: DropoutFullyConnectedNN
  Module: ModuleList
    Module: Linear
    Module: Linear
    Module: Linear
  Module: ModuleList
    Module: Dropout
dropout设置为训练模式
    Module: Dropout
dropout设置为训练模式
    Module: Dropout
dropout设置为训练模式
  Module: ReLU
test_loss: 0.0727
epoch 122
train_loss: 0.0577
Module: DropoutFullyConnectedNN
  Module: ModuleList
    Module: Linear
    Module: Linear
    Module: Linear
  Module: ModuleList
    Module: Dropout
dropout设置为训练模式
    Module: Dropout
dropout设置为训练模式
    Module: Dropout
dropout设置为训练模式
  Module: ReLU
test_loss: 0.0713
epoch 123
train_loss: 0.0515
Module: DropoutFullyConnectedNN
  Module: ModuleList
    Module: Linear
    Module: Linear
    Module: Linear
  Module: ModuleList
    Module: Dropout
dropout设置为训练模式
    Module: Dropout
dropout设置为训练模式
    Module: Dropout
dropout设置为训练模式
  Module: ReLU
test_loss: 0.0733
epoch 124
train_loss: 0.0558
Module: DropoutFullyConnectedNN
  Module: ModuleList
    Module: Linear
    Module: Linear
    Module: Linear
  Module: ModuleList
    Module: Dropout
dropout设置为训练模式
    Module: Dropout
dropout设置为训练模式
    Module: Dropout
dropout设置为训练模式
  Module: ReLU
test_loss: 0.0745
epoch 125
train_loss: 0.0527
Module: DropoutFullyConnectedNN
  Module: ModuleList
    Module: Linear
    Module: Linear
    Module: Linear
  Module: ModuleList
    Module: Dropout
dropout设置为训练模式
    Module: Dropout
dropout设置为训练模式
    Module: Dropout
dropout设置为训练模式
  Module: ReLU
test_loss: 0.0747
epoch 126
train_loss: 0.0555
Module: DropoutFullyConnectedNN
  Module: ModuleList
    Module: Linear
    Module: Linear
    Module: Linear
  Module: ModuleList
    Module: Dropout
dropout设置为训练模式
    Module: Dropout
dropout设置为训练模式
    Module: Dropout
dropout设置为训练模式
  Module: ReLU
test_loss: 0.0751
epoch 127
train_loss: 0.0561
Module: DropoutFullyConnectedNN
  Module: ModuleList
    Module: Linear
    Module: Linear
    Module: Linear
  Module: ModuleList
    Module: Dropout
dropout设置为训练模式
    Module: Dropout
dropout设置为训练模式
    Module: Dropout
dropout设置为训练模式
  Module: ReLU
test_loss: 0.0700
epoch 128
train_loss: 0.0580
Module: DropoutFullyConnectedNN
  Module: ModuleList
    Module: Linear
    Module: Linear
    Module: Linear
  Module: ModuleList
    Module: Dropout
dropout设置为训练模式
    Module: Dropout
dropout设置为训练模式
    Module: Dropout
dropout设置为训练模式
  Module: ReLU
test_loss: 0.0773
epoch 129
train_loss: 0.0485
Module: DropoutFullyConnectedNN
  Module: ModuleList
    Module: Linear
    Module: Linear
    Module: Linear
  Module: ModuleList
    Module: Dropout
dropout设置为训练模式
    Module: Dropout
dropout设置为训练模式
    Module: Dropout
dropout设置为训练模式
  Module: ReLU
test_loss: 0.0736
epoch 130
train_loss: 0.0664
Module: DropoutFullyConnectedNN
  Module: ModuleList
    Module: Linear
    Module: Linear
    Module: Linear
  Module: ModuleList
    Module: Dropout
dropout设置为训练模式
    Module: Dropout
dropout设置为训练模式
    Module: Dropout
dropout设置为训练模式
  Module: ReLU
test_loss: 0.0770
epoch 131
train_loss: 0.0541
Module: DropoutFullyConnectedNN
  Module: ModuleList
    Module: Linear
    Module: Linear
    Module: Linear
  Module: ModuleList
    Module: Dropout
dropout设置为训练模式
    Module: Dropout
dropout设置为训练模式
    Module: Dropout
dropout设置为训练模式
  Module: ReLU
test_loss: 0.0761
epoch 132
train_loss: 0.0547
Module: DropoutFullyConnectedNN
  Module: ModuleList
    Module: Linear
    Module: Linear
    Module: Linear
  Module: ModuleList
    Module: Dropout
dropout设置为训练模式
    Module: Dropout
dropout设置为训练模式
    Module: Dropout
dropout设置为训练模式
  Module: ReLU
test_loss: 0.0719
epoch 133
train_loss: 0.0590
Module: DropoutFullyConnectedNN
  Module: ModuleList
    Module: Linear
    Module: Linear
    Module: Linear
  Module: ModuleList
    Module: Dropout
dropout设置为训练模式
    Module: Dropout
dropout设置为训练模式
    Module: Dropout
dropout设置为训练模式
  Module: ReLU
test_loss: 0.0747
epoch 134
train_loss: 0.0596
Module: DropoutFullyConnectedNN
  Module: ModuleList
    Module: Linear
    Module: Linear
    Module: Linear
  Module: ModuleList
    Module: Dropout
dropout设置为训练模式
    Module: Dropout
dropout设置为训练模式
    Module: Dropout
dropout设置为训练模式
  Module: ReLU
test_loss: 0.0696
epoch 135
train_loss: 0.0597
Module: DropoutFullyConnectedNN
  Module: ModuleList
    Module: Linear
    Module: Linear
    Module: Linear
  Module: ModuleList
    Module: Dropout
dropout设置为训练模式
    Module: Dropout
dropout设置为训练模式
    Module: Dropout
dropout设置为训练模式
  Module: ReLU
test_loss: 0.0695
epoch 136
train_loss: 0.0609
Module: DropoutFullyConnectedNN
  Module: ModuleList
    Module: Linear
    Module: Linear
    Module: Linear
  Module: ModuleList
    Module: Dropout
dropout设置为训练模式
    Module: Dropout
dropout设置为训练模式
    Module: Dropout
dropout设置为训练模式
  Module: ReLU
test_loss: 0.0732
epoch 137
train_loss: 0.0614
Module: DropoutFullyConnectedNN
  Module: ModuleList
    Module: Linear
    Module: Linear
    Module: Linear
  Module: ModuleList
    Module: Dropout
dropout设置为训练模式
    Module: Dropout
dropout设置为训练模式
    Module: Dropout
dropout设置为训练模式
  Module: ReLU
test_loss: 0.0750
epoch 138
train_loss: 0.0530
Module: DropoutFullyConnectedNN
  Module: ModuleList
    Module: Linear
    Module: Linear
    Module: Linear
  Module: ModuleList
    Module: Dropout
dropout设置为训练模式
    Module: Dropout
dropout设置为训练模式
    Module: Dropout
dropout设置为训练模式
  Module: ReLU
test_loss: 0.0714
epoch 139
train_loss: 0.0544
Module: DropoutFullyConnectedNN
  Module: ModuleList
    Module: Linear
    Module: Linear
    Module: Linear
  Module: ModuleList
    Module: Dropout
dropout设置为训练模式
    Module: Dropout
dropout设置为训练模式
    Module: Dropout
dropout设置为训练模式
  Module: ReLU
test_loss: 0.0818
/home/xueqiong/noise_injection_uncertainty/regression/utils.py:39: FutureWarning: The 'delim_whitespace' keyword in pd.read_csv is deprecated and will be removed in a future version. Use ``sep='\s+'`` instead
  return pd.read_csv(dataset_path, engine='python', header=None, delim_whitespace=True)
13 1
405 101 506
model_name fixnoiseFCN
using Adam as optimizer
epoch 0
train_loss: 0.8296
test_loss: 0.6171
epoch 1
train_loss: 0.5086
test_loss: 0.3876
epoch 2
train_loss: 0.3436
test_loss: 0.1815
epoch 3
train_loss: 0.2497
test_loss: 0.1322
epoch 4
train_loss: 0.2145
test_loss: 0.1204
epoch 5
train_loss: 0.1930
test_loss: 0.1117
epoch 6
train_loss: 0.1786
test_loss: 0.0992
epoch 7
train_loss: 0.1646
test_loss: 0.0952
epoch 8
train_loss: 0.1531
test_loss: 0.0905
epoch 9
train_loss: 0.1524
test_loss: 0.0931
epoch 10
train_loss: 0.1426
test_loss: 0.0853
epoch 11
train_loss: 0.1395
test_loss: 0.0801
epoch 12
train_loss: 0.1335
test_loss: 0.0806
epoch 13
train_loss: 0.1283
test_loss: 0.0822
epoch 14
train_loss: 0.1184
test_loss: 0.0766
epoch 15
train_loss: 0.1186
test_loss: 0.0796
epoch 16
train_loss: 0.1155
test_loss: 0.0729
epoch 17
train_loss: 0.1136
test_loss: 0.0735
epoch 18
train_loss: 0.1072
test_loss: 0.0740
epoch 19
train_loss: 0.1008
test_loss: 0.0723
epoch 20
train_loss: 0.0983
test_loss: 0.0824
epoch 21
train_loss: 0.1038
test_loss: 0.0749
epoch 22
train_loss: 0.1019
test_loss: 0.0739
epoch 23
train_loss: 0.1006
test_loss: 0.0753
epoch 24
train_loss: 0.0934
test_loss: 0.0754
epoch 25
train_loss: 0.0900
test_loss: 0.0719
epoch 26
train_loss: 0.0938
test_loss: 0.0770
epoch 27
train_loss: 0.0841
test_loss: 0.0759
epoch 28
train_loss: 0.0866
test_loss: 0.0723
epoch 29
train_loss: 0.0830
test_loss: 0.0757
epoch 30
train_loss: 0.0822
test_loss: 0.0761
epoch 31
train_loss: 0.0837
test_loss: 0.0828
epoch 32
train_loss: 0.0765
test_loss: 0.0766
epoch 33
train_loss: 0.0747
test_loss: 0.0767
epoch 34
train_loss: 0.0741
test_loss: 0.0812
epoch 35
train_loss: 0.0834
test_loss: 0.0781
epoch 36
train_loss: 0.0784
test_loss: 0.0879
epoch 37
train_loss: 0.0747
test_loss: 0.0736
epoch 38
train_loss: 0.0686
test_loss: 0.0742
epoch 39
train_loss: 0.0683
test_loss: 0.0798
epoch 40
train_loss: 0.0681
test_loss: 0.0776
epoch 41
train_loss: 0.0645
test_loss: 0.0772
epoch 42
train_loss: 0.0654
test_loss: 0.0766
epoch 43
train_loss: 0.0651
test_loss: 0.0779
epoch 44
train_loss: 0.0602
test_loss: 0.0798
epoch 45
train_loss: 0.0646
test_loss: 0.0851
epoch 46
train_loss: 0.0622
test_loss: 0.0777
epoch 47
train_loss: 0.0657
test_loss: 0.0787
epoch 48
train_loss: 0.0634
test_loss: 0.0846
epoch 49
train_loss: 0.0626
test_loss: 0.0768
/home/xueqiong/noise_injection_uncertainty/regression/utils.py:39: FutureWarning: The 'delim_whitespace' keyword in pd.read_csv is deprecated and will be removed in a future version. Use ``sep='\s+'`` instead
  return pd.read_csv(dataset_path, engine='python', header=None, delim_whitespace=True)
13 1
405 101 506
model_name noisyFCN
using Adam as optimizer
epoch 0
train_loss: 0.6576
test_loss: 0.5131
epoch 1
train_loss: 0.3789
test_loss: 0.2803
epoch 2
train_loss: 0.2548
test_loss: 0.1565
epoch 3
train_loss: 0.2224
test_loss: 0.1471
epoch 4
train_loss: 0.1982
test_loss: 0.1327
epoch 5
train_loss: 0.1792
test_loss: 0.1181
epoch 6
train_loss: 0.1633
test_loss: 0.1071
epoch 7
train_loss: 0.1518
test_loss: 0.1011
epoch 8
train_loss: 0.1410
test_loss: 0.0968
epoch 9
train_loss: 0.1319
test_loss: 0.0936
epoch 10
train_loss: 0.1250
test_loss: 0.0911
epoch 11
train_loss: 0.1176
test_loss: 0.0885
epoch 12
train_loss: 0.1121
test_loss: 0.0863
epoch 13
train_loss: 0.1066
test_loss: 0.0850
epoch 14
train_loss: 0.1016
test_loss: 0.0837
epoch 15
train_loss: 0.0976
test_loss: 0.0809
epoch 16
train_loss: 0.0931
test_loss: 0.0802
epoch 17
train_loss: 0.0894
test_loss: 0.0790
epoch 18
train_loss: 0.0857
test_loss: 0.0785
epoch 19
train_loss: 0.0830
test_loss: 0.0770
epoch 20
train_loss: 0.0791
test_loss: 0.0758
epoch 21
train_loss: 0.0765
test_loss: 0.0753
epoch 22
train_loss: 0.0738
test_loss: 0.0753
epoch 23
train_loss: 0.0709
test_loss: 0.0750
epoch 24
train_loss: 0.0689
test_loss: 0.0745
epoch 25
train_loss: 0.0656
test_loss: 0.0752
epoch 26
train_loss: 0.0656
test_loss: 0.0751
epoch 27
train_loss: 0.0625
test_loss: 0.0752
epoch 28
train_loss: 0.0608
test_loss: 0.0752
epoch 29
train_loss: 0.0593
test_loss: 0.0750
epoch 30
train_loss: 0.0569
test_loss: 0.0765
epoch 31
train_loss: 0.0553
test_loss: 0.0757
epoch 32
train_loss: 0.0542
test_loss: 0.0757
epoch 33
train_loss: 0.0527
test_loss: 0.0766
epoch 34
train_loss: 0.0514
test_loss: 0.0761
epoch 35
train_loss: 0.0498
test_loss: 0.0770
epoch 36
train_loss: 0.0485
test_loss: 0.0764
epoch 37
train_loss: 0.0471
test_loss: 0.0773
epoch 38
train_loss: 0.0462
test_loss: 0.0769
epoch 39
train_loss: 0.0451
test_loss: 0.0773
epoch 40
train_loss: 0.0439
test_loss: 0.0782
epoch 41
train_loss: 0.0430
test_loss: 0.0773
epoch 42
train_loss: 0.0425
test_loss: 0.0779
epoch 43
train_loss: 0.0415
test_loss: 0.0780
epoch 44
train_loss: 0.0409
test_loss: 0.0781
epoch 45
train_loss: 0.0401
test_loss: 0.0795
epoch 46
train_loss: 0.0392
test_loss: 0.0789
epoch 47
train_loss: 0.0385
test_loss: 0.0793
epoch 48
train_loss: 0.0377
test_loss: 0.0798
epoch 49
train_loss: 0.0370
test_loss: 0.0795
epoch 50
train_loss: 0.0364
test_loss: 0.0813
epoch 51
train_loss: 0.0357
test_loss: 0.0804
epoch 52
train_loss: 0.0358
test_loss: 0.0827
epoch 53
train_loss: 0.0349
test_loss: 0.0813
epoch 54
train_loss: 0.0341
test_loss: 0.0827
epoch 55
train_loss: 0.0333
test_loss: 0.0827
epoch 56
train_loss: 0.0325
test_loss: 0.0843
epoch 57
train_loss: 0.0320
test_loss: 0.0843
epoch 58
train_loss: 0.0316
test_loss: 0.0838
epoch 59
train_loss: 0.0306
test_loss: 0.0845
epoch 60
train_loss: 0.0303
test_loss: 0.0855
epoch 61
train_loss: 0.0300
test_loss: 0.0847
epoch 62
train_loss: 0.0297
test_loss: 0.0843
epoch 63
train_loss: 0.0286
test_loss: 0.0863
epoch 64
train_loss: 0.0286
test_loss: 0.0860
epoch 65
train_loss: 0.0281
test_loss: 0.0866
epoch 66
train_loss: 0.0276
test_loss: 0.0867
epoch 67
train_loss: 0.0273
test_loss: 0.0866
epoch 68
train_loss: 0.0268
test_loss: 0.0876
epoch 69
train_loss: 0.0261
test_loss: 0.0886
epoch 70
train_loss: 0.0261
test_loss: 0.0875
epoch 71
train_loss: 0.0256
test_loss: 0.0874
epoch 72
train_loss: 0.0248
test_loss: 0.0892
epoch 73
train_loss: 0.0246
test_loss: 0.0898
epoch 74
train_loss: 0.0244
test_loss: 0.0903
epoch 75
train_loss: 0.0241
test_loss: 0.0889
epoch 76
train_loss: 0.0238
test_loss: 0.0896
epoch 77
train_loss: 0.0238
test_loss: 0.0892
epoch 78
train_loss: 0.0233
test_loss: 0.0914
epoch 79
train_loss: 0.0230
test_loss: 0.0891
epoch 80
train_loss: 0.0225
test_loss: 0.0915
epoch 81
train_loss: 0.0222
test_loss: 0.0915
epoch 82
train_loss: 0.0223
test_loss: 0.0905
epoch 83
train_loss: 0.0220
test_loss: 0.0932
epoch 84
train_loss: 0.0219
test_loss: 0.0914
epoch 85
train_loss: 0.0219
test_loss: 0.0935
epoch 86
train_loss: 0.0217
test_loss: 0.0908
epoch 87
train_loss: 0.0211
test_loss: 0.0931
epoch 88
train_loss: 0.0213
test_loss: 0.0920
epoch 89
train_loss: 0.0213
test_loss: 0.0951
epoch 90
train_loss: 0.0224
test_loss: 0.0914
epoch 91
train_loss: 0.0214
test_loss: 0.0971
epoch 92
train_loss: 0.0213
test_loss: 0.0951
epoch 93
train_loss: 0.0209
test_loss: 0.0928
epoch 94
train_loss: 0.0206
test_loss: 0.0974
epoch 95
train_loss: 0.0200
test_loss: 0.0931
epoch 96
train_loss: 0.0198
test_loss: 0.0963
epoch 97
train_loss: 0.0197
test_loss: 0.0967
epoch 98
train_loss: 0.0197
test_loss: 0.0956
epoch 99
train_loss: 0.0193
test_loss: 0.0983
epoch 100
train_loss: 0.0191
test_loss: 0.0954
epoch 101
train_loss: 0.0191
test_loss: 0.0972
epoch 102
train_loss: 0.0188
test_loss: 0.0962
epoch 103
train_loss: 0.0183
test_loss: 0.0979
epoch 104
train_loss: 0.0186
test_loss: 0.0994
epoch 105
train_loss: 0.0187
test_loss: 0.0966
epoch 106
train_loss: 0.0189
test_loss: 0.1009
epoch 107
train_loss: 0.0188
test_loss: 0.0979
epoch 108
train_loss: 0.0183
test_loss: 0.0998
epoch 109
train_loss: 0.0187
test_loss: 0.0996
/home/xueqiong/noise_injection_uncertainty/regression/utils.py:39: FutureWarning: The 'delim_whitespace' keyword in pd.read_csv is deprecated and will be removed in a future version. Use ``sep='\s+'`` instead
  return pd.read_csv(dataset_path, engine='python', header=None, delim_whitespace=True)
8 1
824 206 1030
model_name FCN
using Adam as optimizer
epoch 0
train_loss: 0.9828
test_loss: 0.9582
epoch 1
train_loss: 0.9415
test_loss: 0.9216
epoch 2
train_loss: 0.9031
test_loss: 0.8864
epoch 3
train_loss: 0.8658
test_loss: 0.8518
epoch 4
train_loss: 0.8291
test_loss: 0.8175
epoch 5
train_loss: 0.7924
test_loss: 0.7835
epoch 6
train_loss: 0.7557
test_loss: 0.7493
epoch 7
train_loss: 0.7189
test_loss: 0.7152
epoch 8
train_loss: 0.6821
test_loss: 0.6809
epoch 9
train_loss: 0.6454
test_loss: 0.6473
epoch 10
train_loss: 0.6092
test_loss: 0.6151
epoch 11
train_loss: 0.5748
test_loss: 0.5845
epoch 12
train_loss: 0.5429
test_loss: 0.5561
epoch 13
train_loss: 0.5139
test_loss: 0.5306
epoch 14
train_loss: 0.4883
test_loss: 0.5078
epoch 15
train_loss: 0.4659
test_loss: 0.4877
epoch 16
train_loss: 0.4465
test_loss: 0.4701
epoch 17
train_loss: 0.4296
test_loss: 0.4547
epoch 18
train_loss: 0.4150
test_loss: 0.4410
epoch 19
train_loss: 0.4025
test_loss: 0.4292
epoch 20
train_loss: 0.3917
test_loss: 0.4189
epoch 21
train_loss: 0.3821
test_loss: 0.4096
epoch 22
train_loss: 0.3734
test_loss: 0.4011
epoch 23
train_loss: 0.3653
test_loss: 0.3934
epoch 24
train_loss: 0.3578
test_loss: 0.3861
epoch 25
train_loss: 0.3506
test_loss: 0.3792
epoch 26
train_loss: 0.3438
test_loss: 0.3727
epoch 27
train_loss: 0.3372
test_loss: 0.3666
epoch 28
train_loss: 0.3308
test_loss: 0.3608
epoch 29
train_loss: 0.3247
test_loss: 0.3554
epoch 30
train_loss: 0.3189
test_loss: 0.3502
epoch 31
train_loss: 0.3132
test_loss: 0.3452
epoch 32
train_loss: 0.3077
test_loss: 0.3405
epoch 33
train_loss: 0.3024
test_loss: 0.3359
epoch 34
train_loss: 0.2973
test_loss: 0.3316
epoch 35
train_loss: 0.2925
test_loss: 0.3275
epoch 36
train_loss: 0.2878
test_loss: 0.3235
epoch 37
train_loss: 0.2832
test_loss: 0.3198
epoch 38
train_loss: 0.2788
test_loss: 0.3161
epoch 39
train_loss: 0.2746
test_loss: 0.3125
epoch 40
train_loss: 0.2704
test_loss: 0.3091
epoch 41
train_loss: 0.2664
test_loss: 0.3057
epoch 42
train_loss: 0.2625
test_loss: 0.3025
epoch 43
train_loss: 0.2588
test_loss: 0.2994
epoch 44
train_loss: 0.2551
test_loss: 0.2964
epoch 45
train_loss: 0.2517
test_loss: 0.2935
epoch 46
train_loss: 0.2483
test_loss: 0.2907
epoch 47
train_loss: 0.2450
test_loss: 0.2879
epoch 48
train_loss: 0.2418
test_loss: 0.2852
epoch 49
train_loss: 0.2387
test_loss: 0.2825
epoch 50
train_loss: 0.2356
test_loss: 0.2799
epoch 51
train_loss: 0.2327
test_loss: 0.2774
epoch 52
train_loss: 0.2298
test_loss: 0.2750
epoch 53
train_loss: 0.2270
test_loss: 0.2726
epoch 54
train_loss: 0.2243
test_loss: 0.2702
epoch 55
train_loss: 0.2217
test_loss: 0.2679
epoch 56
train_loss: 0.2191
test_loss: 0.2656
epoch 57
train_loss: 0.2166
test_loss: 0.2634
epoch 58
train_loss: 0.2141
test_loss: 0.2612
epoch 59
train_loss: 0.2117
test_loss: 0.2590
epoch 60
train_loss: 0.2093
test_loss: 0.2569
epoch 61
train_loss: 0.2070
test_loss: 0.2548
epoch 62
train_loss: 0.2048
test_loss: 0.2527
epoch 63
train_loss: 0.2026
test_loss: 0.2506
epoch 64
train_loss: 0.2005
test_loss: 0.2486
epoch 65
train_loss: 0.1985
test_loss: 0.2467
epoch 66
train_loss: 0.1965
test_loss: 0.2448
epoch 67
train_loss: 0.1946
test_loss: 0.2430
epoch 68
train_loss: 0.1927
test_loss: 0.2412
epoch 69
train_loss: 0.1908
test_loss: 0.2394
epoch 70
train_loss: 0.1890
test_loss: 0.2377
epoch 71
train_loss: 0.1873
test_loss: 0.2360
epoch 72
train_loss: 0.1855
test_loss: 0.2343
epoch 73
train_loss: 0.1838
test_loss: 0.2326
epoch 74
train_loss: 0.1822
test_loss: 0.2310
epoch 75
train_loss: 0.1805
test_loss: 0.2294
epoch 76
train_loss: 0.1790
test_loss: 0.2279
epoch 77
train_loss: 0.1774
test_loss: 0.2264
epoch 78
train_loss: 0.1760
test_loss: 0.2250
epoch 79
train_loss: 0.1745
test_loss: 0.2236
epoch 80
train_loss: 0.1731
test_loss: 0.2223
epoch 81
train_loss: 0.1718
test_loss: 0.2210
epoch 82
train_loss: 0.1704
test_loss: 0.2198
epoch 83
train_loss: 0.1692
test_loss: 0.2185
epoch 84
train_loss: 0.1679
test_loss: 0.2173
epoch 85
train_loss: 0.1667
test_loss: 0.2161
epoch 86
train_loss: 0.1655
test_loss: 0.2149
epoch 87
train_loss: 0.1643
test_loss: 0.2137
epoch 88
train_loss: 0.1631
test_loss: 0.2126
epoch 89
train_loss: 0.1619
test_loss: 0.2115
epoch 90
train_loss: 0.1608
test_loss: 0.2104
epoch 91
train_loss: 0.1597
test_loss: 0.2093
epoch 92
train_loss: 0.1586
test_loss: 0.2083
epoch 93
train_loss: 0.1576
test_loss: 0.2074
epoch 94
train_loss: 0.1566
test_loss: 0.2064
epoch 95
train_loss: 0.1556
test_loss: 0.2055
epoch 96
train_loss: 0.1546
test_loss: 0.2047
epoch 97
train_loss: 0.1537
test_loss: 0.2039
epoch 98
train_loss: 0.1528
test_loss: 0.2031
epoch 99
train_loss: 0.1518
test_loss: 0.2024
epoch 100
train_loss: 0.1509
test_loss: 0.2016
epoch 101
train_loss: 0.1500
test_loss: 0.2009
epoch 102
train_loss: 0.1491
test_loss: 0.2002
epoch 103
train_loss: 0.1482
test_loss: 0.1995
epoch 104
train_loss: 0.1474
test_loss: 0.1988
epoch 105
train_loss: 0.1465
test_loss: 0.1981
epoch 106
train_loss: 0.1457
test_loss: 0.1974
epoch 107
train_loss: 0.1448
test_loss: 0.1968
epoch 108
train_loss: 0.1440
test_loss: 0.1961
epoch 109
train_loss: 0.1432
test_loss: 0.1955
epoch 110
train_loss: 0.1424
test_loss: 0.1948
epoch 111
train_loss: 0.1417
test_loss: 0.1942
epoch 112
train_loss: 0.1409
test_loss: 0.1936
epoch 113
train_loss: 0.1401
test_loss: 0.1930
epoch 114
train_loss: 0.1394
test_loss: 0.1924
epoch 115
train_loss: 0.1386
test_loss: 0.1919
epoch 116
train_loss: 0.1379
test_loss: 0.1913
epoch 117
train_loss: 0.1371
test_loss: 0.1908
epoch 118
train_loss: 0.1364
test_loss: 0.1902
epoch 119
train_loss: 0.1357
test_loss: 0.1897
epoch 120
train_loss: 0.1350
test_loss: 0.1891
epoch 121
train_loss: 0.1343
test_loss: 0.1886
epoch 122
train_loss: 0.1337
test_loss: 0.1881
epoch 123
train_loss: 0.1330
test_loss: 0.1876
epoch 124
train_loss: 0.1324
test_loss: 0.1871
epoch 125
train_loss: 0.1317
test_loss: 0.1866
epoch 126
train_loss: 0.1311
test_loss: 0.1861
epoch 127
train_loss: 0.1305
test_loss: 0.1856
epoch 128
train_loss: 0.1298
test_loss: 0.1852
epoch 129
train_loss: 0.1292
test_loss: 0.1847
epoch 130
train_loss: 0.1286
test_loss: 0.1842
epoch 131
train_loss: 0.1280
test_loss: 0.1837
epoch 132
train_loss: 0.1274
test_loss: 0.1833
epoch 133
train_loss: 0.1268
test_loss: 0.1828
epoch 134
train_loss: 0.1262
test_loss: 0.1824
epoch 135
train_loss: 0.1256
test_loss: 0.1819
epoch 136
train_loss: 0.1250
test_loss: 0.1814
epoch 137
train_loss: 0.1244
test_loss: 0.1810
epoch 138
train_loss: 0.1238
test_loss: 0.1805
epoch 139
train_loss: 0.1233
test_loss: 0.1801
epoch 140
train_loss: 0.1227
test_loss: 0.1797
epoch 141
train_loss: 0.1221
test_loss: 0.1792
epoch 142
train_loss: 0.1215
test_loss: 0.1788
epoch 143
train_loss: 0.1209
test_loss: 0.1783
epoch 144
train_loss: 0.1203
test_loss: 0.1779
epoch 145
train_loss: 0.1197
test_loss: 0.1775
epoch 146
train_loss: 0.1192
test_loss: 0.1770
epoch 147
train_loss: 0.1186
test_loss: 0.1765
epoch 148
train_loss: 0.1180
test_loss: 0.1761
epoch 149
train_loss: 0.1175
test_loss: 0.1757
epoch 150
train_loss: 0.1169
test_loss: 0.1753
epoch 151
train_loss: 0.1164
test_loss: 0.1750
epoch 152
train_loss: 0.1159
test_loss: 0.1746
epoch 153
train_loss: 0.1154
test_loss: 0.1742
epoch 154
train_loss: 0.1149
test_loss: 0.1738
epoch 155
train_loss: 0.1144
test_loss: 0.1735
epoch 156
train_loss: 0.1139
test_loss: 0.1731
epoch 157
train_loss: 0.1134
test_loss: 0.1727
epoch 158
train_loss: 0.1130
test_loss: 0.1723
epoch 159
train_loss: 0.1125
test_loss: 0.1720
epoch 160
train_loss: 0.1120
test_loss: 0.1716
epoch 161
train_loss: 0.1116
test_loss: 0.1713
epoch 162
train_loss: 0.1111
test_loss: 0.1709
epoch 163
train_loss: 0.1106
test_loss: 0.1706
epoch 164
train_loss: 0.1102
test_loss: 0.1702
epoch 165
train_loss: 0.1097
test_loss: 0.1699
epoch 166
train_loss: 0.1093
test_loss: 0.1695
epoch 167
train_loss: 0.1089
test_loss: 0.1692
epoch 168
train_loss: 0.1085
test_loss: 0.1689
epoch 169
train_loss: 0.1080
test_loss: 0.1686
epoch 170
train_loss: 0.1076
test_loss: 0.1683
epoch 171
train_loss: 0.1072
test_loss: 0.1680
epoch 172
train_loss: 0.1068
test_loss: 0.1678
epoch 173
train_loss: 0.1064
test_loss: 0.1675
epoch 174
train_loss: 0.1060
test_loss: 0.1673
epoch 175
train_loss: 0.1055
test_loss: 0.1670
epoch 176
train_loss: 0.1052
test_loss: 0.1668
epoch 177
train_loss: 0.1048
test_loss: 0.1666
epoch 178
train_loss: 0.1044
test_loss: 0.1664
epoch 179
train_loss: 0.1040
test_loss: 0.1661
epoch 180
train_loss: 0.1036
test_loss: 0.1660
epoch 181
train_loss: 0.1033
test_loss: 0.1658
epoch 182
train_loss: 0.1029
test_loss: 0.1656
epoch 183
train_loss: 0.1026
test_loss: 0.1654
epoch 184
train_loss: 0.1022
test_loss: 0.1652
epoch 185
train_loss: 0.1019
test_loss: 0.1649
epoch 186
train_loss: 0.1015
test_loss: 0.1647
epoch 187
train_loss: 0.1012
test_loss: 0.1645
epoch 188
train_loss: 0.1008
test_loss: 0.1643
epoch 189
train_loss: 0.1005
test_loss: 0.1640
epoch 190
train_loss: 0.1001
test_loss: 0.1638
epoch 191
train_loss: 0.0998
test_loss: 0.1636
epoch 192
train_loss: 0.0995
test_loss: 0.1634
epoch 193
train_loss: 0.0991
test_loss: 0.1632
epoch 194
train_loss: 0.0988
test_loss: 0.1630
epoch 195
train_loss: 0.0985
test_loss: 0.1628
epoch 196
train_loss: 0.0982
test_loss: 0.1626
epoch 197
train_loss: 0.0979
test_loss: 0.1624
epoch 198
train_loss: 0.0976
test_loss: 0.1622
epoch 199
train_loss: 0.0973
test_loss: 0.1620
epoch 200
train_loss: 0.0970
test_loss: 0.1618
epoch 201
train_loss: 0.0967
test_loss: 0.1616
epoch 202
train_loss: 0.0964
test_loss: 0.1615
epoch 203
train_loss: 0.0961
test_loss: 0.1613
epoch 204
train_loss: 0.0958
test_loss: 0.1611
epoch 205
train_loss: 0.0955
test_loss: 0.1610
epoch 206
train_loss: 0.0952
test_loss: 0.1608
epoch 207
train_loss: 0.0949
test_loss: 0.1606
epoch 208
train_loss: 0.0946
test_loss: 0.1605
epoch 209
train_loss: 0.0943
test_loss: 0.1604
epoch 210
train_loss: 0.0941
test_loss: 0.1602
epoch 211
train_loss: 0.0938
test_loss: 0.1600
epoch 212
train_loss: 0.0935
test_loss: 0.1599
epoch 213
train_loss: 0.0932
test_loss: 0.1597
epoch 214
train_loss: 0.0929
test_loss: 0.1596
epoch 215
train_loss: 0.0927
test_loss: 0.1594
epoch 216
train_loss: 0.0924
test_loss: 0.1593
epoch 217
train_loss: 0.0921
test_loss: 0.1592
epoch 218
train_loss: 0.0919
test_loss: 0.1590
epoch 219
train_loss: 0.0916
test_loss: 0.1589
epoch 220
train_loss: 0.0913
test_loss: 0.1588
epoch 221
train_loss: 0.0911
test_loss: 0.1587
epoch 222
train_loss: 0.0908
test_loss: 0.1586
epoch 223
train_loss: 0.0905
test_loss: 0.1585
epoch 224
train_loss: 0.0903
test_loss: 0.1584
epoch 225
train_loss: 0.0900
test_loss: 0.1583
epoch 226
train_loss: 0.0898
test_loss: 0.1582
epoch 227
train_loss: 0.0895
test_loss: 0.1581
epoch 228
train_loss: 0.0892
test_loss: 0.1580
epoch 229
train_loss: 0.0890
test_loss: 0.1580
epoch 230
train_loss: 0.0887
test_loss: 0.1578
epoch 231
train_loss: 0.0885
test_loss: 0.1578
epoch 232
train_loss: 0.0883
test_loss: 0.1576
epoch 233
train_loss: 0.0880
test_loss: 0.1575
epoch 234
train_loss: 0.0878
test_loss: 0.1574
epoch 235
train_loss: 0.0876
test_loss: 0.1574
epoch 236
train_loss: 0.0873
test_loss: 0.1573
epoch 237
train_loss: 0.0871
test_loss: 0.1572
epoch 238
train_loss: 0.0869
test_loss: 0.1571
epoch 239
train_loss: 0.0867
test_loss: 0.1570
epoch 240
train_loss: 0.0864
test_loss: 0.1569
epoch 241
train_loss: 0.0862
test_loss: 0.1569
epoch 242
train_loss: 0.0860
test_loss: 0.1568
epoch 243
train_loss: 0.0858
test_loss: 0.1567
epoch 244
train_loss: 0.0856
test_loss: 0.1566
epoch 245
train_loss: 0.0853
test_loss: 0.1566
epoch 246
train_loss: 0.0851
test_loss: 0.1565
epoch 247
train_loss: 0.0849
test_loss: 0.1565
epoch 248
train_loss: 0.0847
test_loss: 0.1564
epoch 249
train_loss: 0.0845
test_loss: 0.1563
epoch 250
train_loss: 0.0843
test_loss: 0.1563
epoch 251
train_loss: 0.0841
test_loss: 0.1562
epoch 252
train_loss: 0.0839
test_loss: 0.1561
epoch 253
train_loss: 0.0837
test_loss: 0.1561
epoch 254
train_loss: 0.0834
test_loss: 0.1560
epoch 255
train_loss: 0.0833
test_loss: 0.1559
epoch 256
train_loss: 0.0830
test_loss: 0.1558
epoch 257
train_loss: 0.0829
test_loss: 0.1558
epoch 258
train_loss: 0.0826
test_loss: 0.1557
epoch 259
train_loss: 0.0824
test_loss: 0.1556
epoch 260
train_loss: 0.0822
test_loss: 0.1556
epoch 261
train_loss: 0.0820
test_loss: 0.1554
epoch 262
train_loss: 0.0818
test_loss: 0.1554
epoch 263
train_loss: 0.0816
test_loss: 0.1553
epoch 264
train_loss: 0.0814
test_loss: 0.1552
epoch 265
train_loss: 0.0812
test_loss: 0.1551
epoch 266
train_loss: 0.0810
test_loss: 0.1551
epoch 267
train_loss: 0.0809
test_loss: 0.1549
epoch 268
train_loss: 0.0807
test_loss: 0.1549
epoch 269
train_loss: 0.0805
test_loss: 0.1547
epoch 270
train_loss: 0.0803
test_loss: 0.1547
epoch 271
train_loss: 0.0801
test_loss: 0.1546
epoch 272
train_loss: 0.0799
test_loss: 0.1545
epoch 273
train_loss: 0.0797
test_loss: 0.1545
epoch 274
train_loss: 0.0796
test_loss: 0.1544
epoch 275
train_loss: 0.0794
test_loss: 0.1543
epoch 276
train_loss: 0.0792
test_loss: 0.1542
epoch 277
train_loss: 0.0790
test_loss: 0.1542
epoch 278
train_loss: 0.0788
test_loss: 0.1541
epoch 279
train_loss: 0.0787
test_loss: 0.1540
epoch 280
train_loss: 0.0785
test_loss: 0.1540
epoch 281
train_loss: 0.0783
test_loss: 0.1539
epoch 282
train_loss: 0.0781
test_loss: 0.1538
epoch 283
train_loss: 0.0780
test_loss: 0.1537
epoch 284
train_loss: 0.0778
test_loss: 0.1537
epoch 285
train_loss: 0.0776
test_loss: 0.1536
epoch 286
train_loss: 0.0774
test_loss: 0.1535
epoch 287
train_loss: 0.0773
test_loss: 0.1534
epoch 288
train_loss: 0.0771
test_loss: 0.1533
epoch 289
train_loss: 0.0769
test_loss: 0.1532
epoch 290
train_loss: 0.0768
test_loss: 0.1532
epoch 291
train_loss: 0.0766
test_loss: 0.1530
epoch 292
train_loss: 0.0764
test_loss: 0.1530
epoch 293
train_loss: 0.0763
test_loss: 0.1528
epoch 294
train_loss: 0.0761
test_loss: 0.1528
epoch 295
train_loss: 0.0759
test_loss: 0.1527
epoch 296
train_loss: 0.0758
test_loss: 0.1526
epoch 297
train_loss: 0.0756
test_loss: 0.1525
epoch 298
train_loss: 0.0754
test_loss: 0.1524
epoch 299
train_loss: 0.0753
test_loss: 0.1523
epoch 300
train_loss: 0.0751
test_loss: 0.1522
epoch 301
train_loss: 0.0750
test_loss: 0.1521
epoch 302
train_loss: 0.0748
test_loss: 0.1521
epoch 303
train_loss: 0.0746
test_loss: 0.1519
epoch 304
train_loss: 0.0745
test_loss: 0.1519
epoch 305
train_loss: 0.0743
test_loss: 0.1518
epoch 306
train_loss: 0.0742
test_loss: 0.1517
epoch 307
train_loss: 0.0740
test_loss: 0.1517
epoch 308
train_loss: 0.0739
test_loss: 0.1515
epoch 309
train_loss: 0.0737
test_loss: 0.1515
epoch 310
train_loss: 0.0736
test_loss: 0.1514
epoch 311
train_loss: 0.0734
test_loss: 0.1513
epoch 312
train_loss: 0.0733
test_loss: 0.1513
epoch 313
train_loss: 0.0731
test_loss: 0.1511
epoch 314
train_loss: 0.0730
test_loss: 0.1511
epoch 315
train_loss: 0.0728
test_loss: 0.1510
epoch 316
train_loss: 0.0727
test_loss: 0.1509
epoch 317
train_loss: 0.0725
test_loss: 0.1508
epoch 318
train_loss: 0.0724
test_loss: 0.1507
epoch 319
train_loss: 0.0722
test_loss: 0.1507
epoch 320
train_loss: 0.0721
test_loss: 0.1506
epoch 321
train_loss: 0.0719
test_loss: 0.1506
epoch 322
train_loss: 0.0718
test_loss: 0.1505
epoch 323
train_loss: 0.0717
test_loss: 0.1504
epoch 324
train_loss: 0.0715
test_loss: 0.1503
epoch 325
train_loss: 0.0714
test_loss: 0.1503
epoch 326
train_loss: 0.0712
test_loss: 0.1502
epoch 327
train_loss: 0.0711
test_loss: 0.1502
epoch 328
train_loss: 0.0710
test_loss: 0.1501
epoch 329
train_loss: 0.0708
test_loss: 0.1501
epoch 330
train_loss: 0.0707
test_loss: 0.1500
epoch 331
train_loss: 0.0706
test_loss: 0.1500
epoch 332
train_loss: 0.0704
test_loss: 0.1499
epoch 333
train_loss: 0.0703
test_loss: 0.1498
epoch 334
train_loss: 0.0702
test_loss: 0.1498
epoch 335
train_loss: 0.0700
test_loss: 0.1497
epoch 336
train_loss: 0.0699
test_loss: 0.1497
epoch 337
train_loss: 0.0698
test_loss: 0.1497
epoch 338
train_loss: 0.0696
test_loss: 0.1496
epoch 339
train_loss: 0.0695
test_loss: 0.1496
epoch 340
train_loss: 0.0694
test_loss: 0.1496
epoch 341
train_loss: 0.0693
test_loss: 0.1495
epoch 342
train_loss: 0.0691
test_loss: 0.1495
epoch 343
train_loss: 0.0690
test_loss: 0.1494
epoch 344
train_loss: 0.0689
test_loss: 0.1494
epoch 345
train_loss: 0.0688
test_loss: 0.1494
epoch 346
train_loss: 0.0686
test_loss: 0.1493
epoch 347
train_loss: 0.0685
test_loss: 0.1493
epoch 348
train_loss: 0.0684
test_loss: 0.1492
epoch 349
train_loss: 0.0683
test_loss: 0.1492
epoch 350
train_loss: 0.0682
test_loss: 0.1492
epoch 351
train_loss: 0.0680
test_loss: 0.1491
epoch 352
train_loss: 0.0679
test_loss: 0.1491
epoch 353
train_loss: 0.0678
test_loss: 0.1490
epoch 354
train_loss: 0.0677
test_loss: 0.1490
epoch 355
train_loss: 0.0676
test_loss: 0.1489
epoch 356
train_loss: 0.0674
test_loss: 0.1489
epoch 357
train_loss: 0.0673
test_loss: 0.1489
epoch 358
train_loss: 0.0672
test_loss: 0.1489
epoch 359
train_loss: 0.0671
test_loss: 0.1488
epoch 360
train_loss: 0.0670
test_loss: 0.1488
epoch 361
train_loss: 0.0669
test_loss: 0.1488
epoch 362
train_loss: 0.0667
test_loss: 0.1487
epoch 363
train_loss: 0.0666
test_loss: 0.1487
epoch 364
train_loss: 0.0665
test_loss: 0.1486
epoch 365
train_loss: 0.0664
test_loss: 0.1486
epoch 366
train_loss: 0.0663
test_loss: 0.1485
epoch 367
train_loss: 0.0662
test_loss: 0.1485
epoch 368
train_loss: 0.0660
test_loss: 0.1485
epoch 369
train_loss: 0.0659
test_loss: 0.1484
epoch 370
train_loss: 0.0658
test_loss: 0.1484
epoch 371
train_loss: 0.0657
test_loss: 0.1483
epoch 372
train_loss: 0.0656
test_loss: 0.1483
epoch 373
train_loss: 0.0655
test_loss: 0.1483
epoch 374
train_loss: 0.0654
test_loss: 0.1482
epoch 375
train_loss: 0.0653
test_loss: 0.1482
epoch 376
train_loss: 0.0651
test_loss: 0.1481
epoch 377
train_loss: 0.0650
test_loss: 0.1481
epoch 378
train_loss: 0.0649
test_loss: 0.1481
epoch 379
train_loss: 0.0648
test_loss: 0.1480
epoch 380
train_loss: 0.0647
test_loss: 0.1480
epoch 381
train_loss: 0.0646
test_loss: 0.1479
epoch 382
train_loss: 0.0645
test_loss: 0.1479
epoch 383
train_loss: 0.0644
test_loss: 0.1478
epoch 384
train_loss: 0.0643
test_loss: 0.1478
epoch 385
train_loss: 0.0642
test_loss: 0.1478
epoch 386
train_loss: 0.0641
test_loss: 0.1477
epoch 387
train_loss: 0.0640
test_loss: 0.1476
epoch 388
train_loss: 0.0639
test_loss: 0.1476
epoch 389
train_loss: 0.0638
test_loss: 0.1475
epoch 390
train_loss: 0.0636
test_loss: 0.1475
epoch 391
train_loss: 0.0635
test_loss: 0.1475
epoch 392
train_loss: 0.0634
test_loss: 0.1474
epoch 393
train_loss: 0.0633
test_loss: 0.1473
epoch 394
train_loss: 0.0632
test_loss: 0.1473
epoch 395
train_loss: 0.0631
test_loss: 0.1472
epoch 396
train_loss: 0.0630
test_loss: 0.1472
epoch 397
train_loss: 0.0629
test_loss: 0.1471
epoch 398
train_loss: 0.0628
test_loss: 0.1470
epoch 399
train_loss: 0.0627
test_loss: 0.1470
epoch 400
train_loss: 0.0626
test_loss: 0.1470
epoch 401
train_loss: 0.0625
test_loss: 0.1469
epoch 402
train_loss: 0.0624
test_loss: 0.1469
epoch 403
train_loss: 0.0623
test_loss: 0.1469
epoch 404
train_loss: 0.0622
test_loss: 0.1468
epoch 405
train_loss: 0.0621
test_loss: 0.1468
epoch 406
train_loss: 0.0620
test_loss: 0.1468
epoch 407
train_loss: 0.0619
test_loss: 0.1466
epoch 408
train_loss: 0.0618
test_loss: 0.1467
epoch 409
train_loss: 0.0617
test_loss: 0.1466
epoch 410
train_loss: 0.0616
test_loss: 0.1466
epoch 411
train_loss: 0.0615
test_loss: 0.1465
epoch 412
train_loss: 0.0614
test_loss: 0.1465
epoch 413
train_loss: 0.0613
test_loss: 0.1464
epoch 414
train_loss: 0.0612
test_loss: 0.1464
epoch 415
train_loss: 0.0611
test_loss: 0.1464
epoch 416
train_loss: 0.0610
test_loss: 0.1463
epoch 417
train_loss: 0.0609
test_loss: 0.1463
epoch 418
train_loss: 0.0608
test_loss: 0.1462
epoch 419
train_loss: 0.0607
test_loss: 0.1462
epoch 420
train_loss: 0.0606
test_loss: 0.1461
epoch 421
train_loss: 0.0605
test_loss: 0.1461
epoch 422
train_loss: 0.0605
test_loss: 0.1460
epoch 423
train_loss: 0.0604
test_loss: 0.1460
epoch 424
train_loss: 0.0603
test_loss: 0.1459
epoch 425
train_loss: 0.0602
test_loss: 0.1459
epoch 426
train_loss: 0.0601
test_loss: 0.1459
epoch 427
train_loss: 0.0600
test_loss: 0.1458
epoch 428
train_loss: 0.0599
test_loss: 0.1458
epoch 429
train_loss: 0.0598
test_loss: 0.1458
epoch 430
train_loss: 0.0597
test_loss: 0.1457
epoch 431
train_loss: 0.0597
test_loss: 0.1457
epoch 432
train_loss: 0.0596
test_loss: 0.1456
epoch 433
train_loss: 0.0595
test_loss: 0.1457
epoch 434
train_loss: 0.0594
test_loss: 0.1456
epoch 435
train_loss: 0.0593
test_loss: 0.1456
epoch 436
train_loss: 0.0592
test_loss: 0.1455
epoch 437
train_loss: 0.0592
test_loss: 0.1455
epoch 438
train_loss: 0.0591
test_loss: 0.1455
epoch 439
train_loss: 0.0590
test_loss: 0.1455
epoch 440
train_loss: 0.0589
test_loss: 0.1454
epoch 441
train_loss: 0.0588
test_loss: 0.1453
epoch 442
train_loss: 0.0587
test_loss: 0.1453
epoch 443
train_loss: 0.0587
test_loss: 0.1453
epoch 444
train_loss: 0.0586
test_loss: 0.1452
epoch 445
train_loss: 0.0585
test_loss: 0.1452
epoch 446
train_loss: 0.0584
test_loss: 0.1452
epoch 447
train_loss: 0.0583
test_loss: 0.1451
epoch 448
train_loss: 0.0583
test_loss: 0.1451
epoch 449
train_loss: 0.0582
test_loss: 0.1451
epoch 450
train_loss: 0.0581
test_loss: 0.1451
epoch 451
train_loss: 0.0580
test_loss: 0.1450
epoch 452
train_loss: 0.0580
test_loss: 0.1450
epoch 453
train_loss: 0.0579
test_loss: 0.1450
epoch 454
train_loss: 0.0578
test_loss: 0.1449
epoch 455
train_loss: 0.0577
test_loss: 0.1449
epoch 456
train_loss: 0.0576
test_loss: 0.1449
epoch 457
train_loss: 0.0576
test_loss: 0.1448
epoch 458
train_loss: 0.0575
test_loss: 0.1448
epoch 459
train_loss: 0.0574
test_loss: 0.1447
epoch 460
train_loss: 0.0573
test_loss: 0.1447
epoch 461
train_loss: 0.0573
test_loss: 0.1446
epoch 462
train_loss: 0.0572
test_loss: 0.1446
epoch 463
train_loss: 0.0571
test_loss: 0.1446
epoch 464
train_loss: 0.0570
test_loss: 0.1445
epoch 465
train_loss: 0.0569
test_loss: 0.1445
epoch 466
train_loss: 0.0569
test_loss: 0.1445
epoch 467
train_loss: 0.0568
test_loss: 0.1444
epoch 468
train_loss: 0.0567
test_loss: 0.1444
epoch 469
train_loss: 0.0567
test_loss: 0.1443
epoch 470
train_loss: 0.0566
test_loss: 0.1443
epoch 471
train_loss: 0.0565
test_loss: 0.1442
epoch 472
train_loss: 0.0564
test_loss: 0.1443
epoch 473
train_loss: 0.0564
test_loss: 0.1442
epoch 474
train_loss: 0.0563
test_loss: 0.1442
epoch 475
train_loss: 0.0562
test_loss: 0.1441
epoch 476
train_loss: 0.0561
test_loss: 0.1441
epoch 477
train_loss: 0.0561
test_loss: 0.1440
epoch 478
train_loss: 0.0560
test_loss: 0.1440
epoch 479
train_loss: 0.0559
test_loss: 0.1439
epoch 480
train_loss: 0.0558
test_loss: 0.1439
epoch 481
train_loss: 0.0558
test_loss: 0.1438
epoch 482
train_loss: 0.0557
test_loss: 0.1438
epoch 483
train_loss: 0.0556
test_loss: 0.1437
epoch 484
train_loss: 0.0556
test_loss: 0.1436
epoch 485
train_loss: 0.0555
test_loss: 0.1436
epoch 486
train_loss: 0.0554
test_loss: 0.1435
epoch 487
train_loss: 0.0553
test_loss: 0.1435
epoch 488
train_loss: 0.0553
test_loss: 0.1434
epoch 489
train_loss: 0.0552
test_loss: 0.1433
epoch 490
train_loss: 0.0551
test_loss: 0.1433
epoch 491
train_loss: 0.0551
test_loss: 0.1433
epoch 492
train_loss: 0.0550
test_loss: 0.1431
epoch 493
train_loss: 0.0549
test_loss: 0.1431
epoch 494
train_loss: 0.0548
test_loss: 0.1430
epoch 495
train_loss: 0.0548
test_loss: 0.1430
epoch 496
train_loss: 0.0547
test_loss: 0.1429
epoch 497
train_loss: 0.0546
test_loss: 0.1429
epoch 498
train_loss: 0.0546
test_loss: 0.1428
epoch 499
train_loss: 0.0545
test_loss: 0.1428
epoch 500
train_loss: 0.0544
test_loss: 0.1427
epoch 501
train_loss: 0.0544
test_loss: 0.1426
epoch 502
train_loss: 0.0543
test_loss: 0.1426
epoch 503
train_loss: 0.0542
test_loss: 0.1425
epoch 504
train_loss: 0.0541
test_loss: 0.1424
epoch 505
train_loss: 0.0541
test_loss: 0.1424
epoch 506
train_loss: 0.0540
test_loss: 0.1423
epoch 507
train_loss: 0.0539
test_loss: 0.1422
epoch 508
train_loss: 0.0539
test_loss: 0.1422
epoch 509
train_loss: 0.0538
test_loss: 0.1421
epoch 510
train_loss: 0.0537
test_loss: 0.1420
epoch 511
train_loss: 0.0537
test_loss: 0.1420
epoch 512
train_loss: 0.0536
test_loss: 0.1419
epoch 513
train_loss: 0.0535
test_loss: 0.1419
epoch 514
train_loss: 0.0535
test_loss: 0.1418
epoch 515
train_loss: 0.0534
test_loss: 0.1417
epoch 516
train_loss: 0.0533
test_loss: 0.1417
epoch 517
train_loss: 0.0533
test_loss: 0.1416
epoch 518
train_loss: 0.0532
test_loss: 0.1415
epoch 519
train_loss: 0.0531
test_loss: 0.1415
epoch 520
train_loss: 0.0531
test_loss: 0.1414
epoch 521
train_loss: 0.0530
test_loss: 0.1413
epoch 522
train_loss: 0.0529
test_loss: 0.1413
epoch 523
train_loss: 0.0528
test_loss: 0.1412
epoch 524
train_loss: 0.0528
test_loss: 0.1411
epoch 525
train_loss: 0.0527
test_loss: 0.1411
epoch 526
train_loss: 0.0527
test_loss: 0.1410
epoch 527
train_loss: 0.0526
test_loss: 0.1410
epoch 528
train_loss: 0.0525
test_loss: 0.1410
epoch 529
train_loss: 0.0525
test_loss: 0.1409
epoch 530
train_loss: 0.0524
test_loss: 0.1408
epoch 531
train_loss: 0.0523
test_loss: 0.1408
epoch 532
train_loss: 0.0523
test_loss: 0.1407
epoch 533
train_loss: 0.0522
test_loss: 0.1407
epoch 534
train_loss: 0.0521
test_loss: 0.1406
epoch 535
train_loss: 0.0521
test_loss: 0.1406
epoch 536
train_loss: 0.0520
test_loss: 0.1405
epoch 537
train_loss: 0.0519
test_loss: 0.1405
epoch 538
train_loss: 0.0519
test_loss: 0.1404
epoch 539
train_loss: 0.0518
test_loss: 0.1404
epoch 540
train_loss: 0.0517
test_loss: 0.1403
epoch 541
train_loss: 0.0517
test_loss: 0.1403
epoch 542
train_loss: 0.0516
test_loss: 0.1402
epoch 543
train_loss: 0.0516
test_loss: 0.1402
epoch 544
train_loss: 0.0515
test_loss: 0.1401
epoch 545
train_loss: 0.0514
test_loss: 0.1401
epoch 546
train_loss: 0.0514
test_loss: 0.1400
epoch 547
train_loss: 0.0513
test_loss: 0.1399
epoch 548
train_loss: 0.0513
test_loss: 0.1399
epoch 549
train_loss: 0.0512
test_loss: 0.1398
epoch 550
train_loss: 0.0511
test_loss: 0.1398
epoch 551
train_loss: 0.0511
test_loss: 0.1397
epoch 552
train_loss: 0.0510
test_loss: 0.1396
epoch 553
train_loss: 0.0509
test_loss: 0.1396
epoch 554
train_loss: 0.0509
test_loss: 0.1395
epoch 555
train_loss: 0.0508
test_loss: 0.1394
epoch 556
train_loss: 0.0508
test_loss: 0.1395
epoch 557
train_loss: 0.0507
test_loss: 0.1393
epoch 558
train_loss: 0.0506
test_loss: 0.1393
epoch 559
train_loss: 0.0506
test_loss: 0.1392
epoch 560
train_loss: 0.0505
test_loss: 0.1393
epoch 561
train_loss: 0.0504
test_loss: 0.1392
epoch 562
train_loss: 0.0503
test_loss: 0.1392
epoch 563
train_loss: 0.0503
test_loss: 0.1391
epoch 564
train_loss: 0.0502
test_loss: 0.1390
epoch 565
train_loss: 0.0502
test_loss: 0.1391
epoch 566
train_loss: 0.0501
test_loss: 0.1390
epoch 567
train_loss: 0.0500
test_loss: 0.1389
epoch 568
train_loss: 0.0500
test_loss: 0.1389
epoch 569
train_loss: 0.0499
test_loss: 0.1388
epoch 570
train_loss: 0.0498
test_loss: 0.1388
epoch 571
train_loss: 0.0498
test_loss: 0.1387
epoch 572
train_loss: 0.0497
test_loss: 0.1387
epoch 573
train_loss: 0.0497
test_loss: 0.1386
epoch 574
train_loss: 0.0496
test_loss: 0.1386
epoch 575
train_loss: 0.0495
test_loss: 0.1385
epoch 576
train_loss: 0.0495
test_loss: 0.1386
epoch 577
train_loss: 0.0494
test_loss: 0.1385
epoch 578
train_loss: 0.0494
test_loss: 0.1385
epoch 579
train_loss: 0.0493
test_loss: 0.1384
epoch 580
train_loss: 0.0492
test_loss: 0.1384
epoch 581
train_loss: 0.0492
test_loss: 0.1383
epoch 582
train_loss: 0.0491
test_loss: 0.1383
epoch 583
train_loss: 0.0490
test_loss: 0.1383
epoch 584
train_loss: 0.0490
test_loss: 0.1383
epoch 585
train_loss: 0.0489
test_loss: 0.1382
epoch 586
train_loss: 0.0489
test_loss: 0.1382
epoch 587
train_loss: 0.0488
test_loss: 0.1381
epoch 588
train_loss: 0.0488
test_loss: 0.1381
epoch 589
train_loss: 0.0487
test_loss: 0.1380
epoch 590
train_loss: 0.0486
test_loss: 0.1379
epoch 591
train_loss: 0.0486
test_loss: 0.1379
epoch 592
train_loss: 0.0485
test_loss: 0.1379
epoch 593
train_loss: 0.0485
test_loss: 0.1378
epoch 594
train_loss: 0.0484
test_loss: 0.1378
epoch 595
train_loss: 0.0484
test_loss: 0.1378
epoch 596
train_loss: 0.0483
test_loss: 0.1377
epoch 597
train_loss: 0.0483
test_loss: 0.1376
epoch 598
train_loss: 0.0482
test_loss: 0.1376
epoch 599
train_loss: 0.0481
test_loss: 0.1375
epoch 600
train_loss: 0.0481
test_loss: 0.1376
epoch 601
train_loss: 0.0480
test_loss: 0.1375
epoch 602
train_loss: 0.0480
test_loss: 0.1374
epoch 603
train_loss: 0.0479
test_loss: 0.1374
epoch 604
train_loss: 0.0479
test_loss: 0.1373
epoch 605
train_loss: 0.0478
test_loss: 0.1373
epoch 606
train_loss: 0.0478
test_loss: 0.1372
epoch 607
train_loss: 0.0477
test_loss: 0.1371
epoch 608
train_loss: 0.0477
test_loss: 0.1371
epoch 609
train_loss: 0.0476
test_loss: 0.1371
epoch 610
train_loss: 0.0475
test_loss: 0.1370
epoch 611
train_loss: 0.0475
test_loss: 0.1370
epoch 612
train_loss: 0.0474
test_loss: 0.1369
epoch 613
train_loss: 0.0474
test_loss: 0.1369
epoch 614
train_loss: 0.0473
test_loss: 0.1368
epoch 615
train_loss: 0.0473
test_loss: 0.1368
epoch 616
train_loss: 0.0472
test_loss: 0.1368
epoch 617
train_loss: 0.0472
test_loss: 0.1367
epoch 618
train_loss: 0.0471
test_loss: 0.1366
epoch 619
train_loss: 0.0471
test_loss: 0.1366
epoch 620
train_loss: 0.0470
test_loss: 0.1365
epoch 621
train_loss: 0.0470
test_loss: 0.1365
epoch 622
train_loss: 0.0469
test_loss: 0.1364
epoch 623
train_loss: 0.0469
test_loss: 0.1364
epoch 624
train_loss: 0.0468
test_loss: 0.1363
epoch 625
train_loss: 0.0468
test_loss: 0.1362
epoch 626
train_loss: 0.0467
test_loss: 0.1362
epoch 627
train_loss: 0.0467
test_loss: 0.1362
epoch 628
train_loss: 0.0466
test_loss: 0.1361
epoch 629
train_loss: 0.0466
test_loss: 0.1360
epoch 630
train_loss: 0.0465
test_loss: 0.1360
epoch 631
train_loss: 0.0465
test_loss: 0.1359
epoch 632
train_loss: 0.0465
test_loss: 0.1359
epoch 633
train_loss: 0.0464
test_loss: 0.1358
epoch 634
train_loss: 0.0464
test_loss: 0.1357
epoch 635
train_loss: 0.0463
test_loss: 0.1357
epoch 636
train_loss: 0.0463
test_loss: 0.1357
epoch 637
train_loss: 0.0462
test_loss: 0.1356
epoch 638
train_loss: 0.0462
test_loss: 0.1355
epoch 639
train_loss: 0.0461
test_loss: 0.1355
epoch 640
train_loss: 0.0461
test_loss: 0.1355
epoch 641
train_loss: 0.0460
test_loss: 0.1354
epoch 642
train_loss: 0.0460
test_loss: 0.1354
epoch 643
train_loss: 0.0459
test_loss: 0.1353
epoch 644
train_loss: 0.0459
test_loss: 0.1353
epoch 645
train_loss: 0.0459
test_loss: 0.1352
epoch 646
train_loss: 0.0458
test_loss: 0.1352
epoch 647
train_loss: 0.0458
test_loss: 0.1351
epoch 648
train_loss: 0.0457
test_loss: 0.1351
epoch 649
train_loss: 0.0457
test_loss: 0.1350
epoch 650
train_loss: 0.0456
test_loss: 0.1350
epoch 651
train_loss: 0.0456
test_loss: 0.1349
epoch 652
train_loss: 0.0455
test_loss: 0.1349
epoch 653
train_loss: 0.0455
test_loss: 0.1349
epoch 654
train_loss: 0.0455
test_loss: 0.1348
epoch 655
train_loss: 0.0454
test_loss: 0.1347
epoch 656
train_loss: 0.0454
test_loss: 0.1348
epoch 657
train_loss: 0.0453
test_loss: 0.1347
epoch 658
train_loss: 0.0453
test_loss: 0.1347
epoch 659
train_loss: 0.0452
test_loss: 0.1345
epoch 660
train_loss: 0.0452
test_loss: 0.1346
epoch 661
train_loss: 0.0452
test_loss: 0.1346
epoch 662
train_loss: 0.0451
test_loss: 0.1345
epoch 663
train_loss: 0.0451
test_loss: 0.1344
epoch 664
train_loss: 0.0450
test_loss: 0.1344
epoch 665
train_loss: 0.0450
test_loss: 0.1344
epoch 666
train_loss: 0.0450
test_loss: 0.1343
epoch 667
train_loss: 0.0449
test_loss: 0.1343
epoch 668
train_loss: 0.0449
test_loss: 0.1343
epoch 669
train_loss: 0.0448
test_loss: 0.1343
epoch 670
train_loss: 0.0448
test_loss: 0.1343
epoch 671
train_loss: 0.0448
test_loss: 0.1342
epoch 672
train_loss: 0.0447
test_loss: 0.1342
epoch 673
train_loss: 0.0447
test_loss: 0.1342
epoch 674
train_loss: 0.0446
test_loss: 0.1342
epoch 675
train_loss: 0.0446
test_loss: 0.1341
epoch 676
train_loss: 0.0446
test_loss: 0.1341
epoch 677
train_loss: 0.0445
test_loss: 0.1340
epoch 678
train_loss: 0.0445
test_loss: 0.1340
epoch 679
train_loss: 0.0444
test_loss: 0.1340
epoch 680
train_loss: 0.0444
test_loss: 0.1340
epoch 681
train_loss: 0.0444
test_loss: 0.1339
epoch 682
train_loss: 0.0443
test_loss: 0.1339
epoch 683
train_loss: 0.0443
test_loss: 0.1338
epoch 684
train_loss: 0.0443
test_loss: 0.1338
epoch 685
train_loss: 0.0442
test_loss: 0.1338
epoch 686
train_loss: 0.0442
test_loss: 0.1337
epoch 687
train_loss: 0.0441
test_loss: 0.1337
epoch 688
train_loss: 0.0441
test_loss: 0.1336
epoch 689
train_loss: 0.0441
test_loss: 0.1336
epoch 690
train_loss: 0.0440
test_loss: 0.1335
epoch 691
train_loss: 0.0440
test_loss: 0.1335
epoch 692
train_loss: 0.0439
test_loss: 0.1335
epoch 693
train_loss: 0.0439
test_loss: 0.1334
epoch 694
train_loss: 0.0439
test_loss: 0.1334
epoch 695
train_loss: 0.0438
test_loss: 0.1333
epoch 696
train_loss: 0.0438
test_loss: 0.1333
epoch 697
train_loss: 0.0438
test_loss: 0.1332
epoch 698
train_loss: 0.0437
test_loss: 0.1332
epoch 699
train_loss: 0.0437
test_loss: 0.1331
epoch 700
train_loss: 0.0436
test_loss: 0.1330
epoch 701
train_loss: 0.0436
test_loss: 0.1330
epoch 702
train_loss: 0.0436
test_loss: 0.1329
epoch 703
train_loss: 0.0435
test_loss: 0.1329
epoch 704
train_loss: 0.0435
test_loss: 0.1328
epoch 705
train_loss: 0.0435
test_loss: 0.1328
epoch 706
train_loss: 0.0434
test_loss: 0.1328
epoch 707
train_loss: 0.0434
test_loss: 0.1327
epoch 708
train_loss: 0.0433
test_loss: 0.1326
epoch 709
train_loss: 0.0433
test_loss: 0.1326
epoch 710
train_loss: 0.0433
test_loss: 0.1325
epoch 711
train_loss: 0.0432
test_loss: 0.1325
epoch 712
train_loss: 0.0432
test_loss: 0.1323
epoch 713
train_loss: 0.0432
test_loss: 0.1324
epoch 714
train_loss: 0.0431
test_loss: 0.1322
epoch 715
train_loss: 0.0431
test_loss: 0.1323
epoch 716
train_loss: 0.0431
test_loss: 0.1322
epoch 717
train_loss: 0.0430
test_loss: 0.1322
epoch 718
train_loss: 0.0430
test_loss: 0.1321
epoch 719
train_loss: 0.0430
test_loss: 0.1320
epoch 720
train_loss: 0.0429
test_loss: 0.1321
epoch 721
train_loss: 0.0429
test_loss: 0.1319
epoch 722
train_loss: 0.0429
test_loss: 0.1319
epoch 723
train_loss: 0.0428
test_loss: 0.1319
epoch 724
train_loss: 0.0428
test_loss: 0.1318
epoch 725
train_loss: 0.0428
test_loss: 0.1318
epoch 726
train_loss: 0.0427
test_loss: 0.1316
epoch 727
train_loss: 0.0427
test_loss: 0.1317
epoch 728
train_loss: 0.0426
test_loss: 0.1316
epoch 729
train_loss: 0.0426
test_loss: 0.1315
epoch 730
train_loss: 0.0426
test_loss: 0.1315
epoch 731
train_loss: 0.0425
test_loss: 0.1315
epoch 732
train_loss: 0.0425
test_loss: 0.1314
epoch 733
train_loss: 0.0425
test_loss: 0.1314
epoch 734
train_loss: 0.0424
test_loss: 0.1313
epoch 735
train_loss: 0.0424
test_loss: 0.1313
epoch 736
train_loss: 0.0424
test_loss: 0.1313
epoch 737
train_loss: 0.0423
test_loss: 0.1312
epoch 738
train_loss: 0.0423
test_loss: 0.1312
epoch 739
train_loss: 0.0423
test_loss: 0.1311
epoch 740
train_loss: 0.0423
test_loss: 0.1311
epoch 741
train_loss: 0.0422
test_loss: 0.1310
epoch 742
train_loss: 0.0422
test_loss: 0.1310
epoch 743
train_loss: 0.0422
test_loss: 0.1309
epoch 744
train_loss: 0.0421
test_loss: 0.1309
epoch 745
train_loss: 0.0421
test_loss: 0.1309
epoch 746
train_loss: 0.0421
test_loss: 0.1308
epoch 747
train_loss: 0.0420
test_loss: 0.1308
epoch 748
train_loss: 0.0420
test_loss: 0.1308
epoch 749
train_loss: 0.0420
test_loss: 0.1307
epoch 750
train_loss: 0.0419
test_loss: 0.1306
epoch 751
train_loss: 0.0419
test_loss: 0.1306
epoch 752
train_loss: 0.0419
test_loss: 0.1306
epoch 753
train_loss: 0.0418
test_loss: 0.1305
epoch 754
train_loss: 0.0418
test_loss: 0.1305
epoch 755
train_loss: 0.0418
test_loss: 0.1304
epoch 756
train_loss: 0.0417
test_loss: 0.1304
epoch 757
train_loss: 0.0417
test_loss: 0.1304
epoch 758
train_loss: 0.0417
test_loss: 0.1303
epoch 759
train_loss: 0.0417
test_loss: 0.1303
epoch 760
train_loss: 0.0416
test_loss: 0.1303
epoch 761
train_loss: 0.0416
test_loss: 0.1302
epoch 762
train_loss: 0.0416
test_loss: 0.1302
epoch 763
train_loss: 0.0415
test_loss: 0.1301
epoch 764
train_loss: 0.0415
test_loss: 0.1300
epoch 765
train_loss: 0.0415
test_loss: 0.1301
epoch 766
train_loss: 0.0414
test_loss: 0.1299
epoch 767
train_loss: 0.0414
test_loss: 0.1299
epoch 768
train_loss: 0.0414
test_loss: 0.1299
epoch 769
train_loss: 0.0414
test_loss: 0.1299
epoch 770
train_loss: 0.0413
test_loss: 0.1298
epoch 771
train_loss: 0.0413
test_loss: 0.1298
epoch 772
train_loss: 0.0413
test_loss: 0.1297
epoch 773
train_loss: 0.0412
test_loss: 0.1297
epoch 774
train_loss: 0.0412
test_loss: 0.1297
epoch 775
train_loss: 0.0412
test_loss: 0.1296
epoch 776
train_loss: 0.0412
test_loss: 0.1295
epoch 777
train_loss: 0.0411
test_loss: 0.1295
epoch 778
train_loss: 0.0411
test_loss: 0.1295
epoch 779
train_loss: 0.0411
test_loss: 0.1294
epoch 780
train_loss: 0.0410
test_loss: 0.1294
epoch 781
train_loss: 0.0410
test_loss: 0.1294
epoch 782
train_loss: 0.0410
test_loss: 0.1293
epoch 783
train_loss: 0.0409
test_loss: 0.1293
epoch 784
train_loss: 0.0409
test_loss: 0.1293
epoch 785
train_loss: 0.0409
test_loss: 0.1291
epoch 786
train_loss: 0.0409
test_loss: 0.1292
epoch 787
train_loss: 0.0408
test_loss: 0.1291
epoch 788
train_loss: 0.0408
test_loss: 0.1290
epoch 789
train_loss: 0.0408
test_loss: 0.1290
epoch 790
train_loss: 0.0407
test_loss: 0.1290
epoch 791
train_loss: 0.0407
test_loss: 0.1289
epoch 792
train_loss: 0.0407
test_loss: 0.1289
epoch 793
train_loss: 0.0407
test_loss: 0.1288
epoch 794
train_loss: 0.0406
test_loss: 0.1287
epoch 795
train_loss: 0.0406
test_loss: 0.1288
epoch 796
train_loss: 0.0406
test_loss: 0.1286
epoch 797
train_loss: 0.0406
test_loss: 0.1287
epoch 798
train_loss: 0.0405
test_loss: 0.1286
epoch 799
train_loss: 0.0405
test_loss: 0.1285
epoch 800
train_loss: 0.0405
test_loss: 0.1285
epoch 801
train_loss: 0.0404
test_loss: 0.1285
epoch 802
train_loss: 0.0404
test_loss: 0.1284
epoch 803
train_loss: 0.0404
test_loss: 0.1284
epoch 804
train_loss: 0.0404
test_loss: 0.1284
epoch 805
train_loss: 0.0403
test_loss: 0.1283
epoch 806
train_loss: 0.0403
test_loss: 0.1283
epoch 807
train_loss: 0.0403
test_loss: 0.1283
epoch 808
train_loss: 0.0403
test_loss: 0.1282
epoch 809
train_loss: 0.0402
test_loss: 0.1282
epoch 810
train_loss: 0.0402
test_loss: 0.1282
epoch 811
train_loss: 0.0402
test_loss: 0.1281
epoch 812
train_loss: 0.0401
test_loss: 0.1280
epoch 813
train_loss: 0.0401
test_loss: 0.1281
epoch 814
train_loss: 0.0401
test_loss: 0.1280
epoch 815
train_loss: 0.0401
test_loss: 0.1280
epoch 816
train_loss: 0.0400
test_loss: 0.1279
epoch 817
train_loss: 0.0400
test_loss: 0.1279
epoch 818
train_loss: 0.0400
test_loss: 0.1278
epoch 819
train_loss: 0.0400
test_loss: 0.1278
epoch 820
train_loss: 0.0399
test_loss: 0.1278
epoch 821
train_loss: 0.0399
test_loss: 0.1277
epoch 822
train_loss: 0.0399
test_loss: 0.1277
epoch 823
train_loss: 0.0398
test_loss: 0.1276
epoch 824
train_loss: 0.0398
test_loss: 0.1276
epoch 825
train_loss: 0.0398
test_loss: 0.1276
epoch 826
train_loss: 0.0398
test_loss: 0.1275
epoch 827
train_loss: 0.0397
test_loss: 0.1275
epoch 828
train_loss: 0.0397
test_loss: 0.1274
epoch 829
train_loss: 0.0397
test_loss: 0.1274
epoch 830
train_loss: 0.0397
test_loss: 0.1274
epoch 831
train_loss: 0.0396
test_loss: 0.1274
epoch 832
train_loss: 0.0396
test_loss: 0.1273
epoch 833
train_loss: 0.0396
test_loss: 0.1273
epoch 834
train_loss: 0.0396
test_loss: 0.1272
epoch 835
train_loss: 0.0395
test_loss: 0.1272
epoch 836
train_loss: 0.0395
test_loss: 0.1271
epoch 837
train_loss: 0.0395
test_loss: 0.1271
epoch 838
train_loss: 0.0394
test_loss: 0.1270
epoch 839
train_loss: 0.0394
test_loss: 0.1271
epoch 840
train_loss: 0.0394
test_loss: 0.1270
epoch 841
train_loss: 0.0394
test_loss: 0.1269
epoch 842
train_loss: 0.0393
test_loss: 0.1269
epoch 843
train_loss: 0.0393
test_loss: 0.1269
epoch 844
train_loss: 0.0393
test_loss: 0.1269
epoch 845
train_loss: 0.0393
test_loss: 0.1267
epoch 846
train_loss: 0.0392
test_loss: 0.1268
epoch 847
train_loss: 0.0392
test_loss: 0.1267
epoch 848
train_loss: 0.0392
test_loss: 0.1267
epoch 849
train_loss: 0.0392
test_loss: 0.1267
epoch 850
train_loss: 0.0391
test_loss: 0.1266
epoch 851
train_loss: 0.0391
test_loss: 0.1265
epoch 852
train_loss: 0.0391
test_loss: 0.1266
epoch 853
train_loss: 0.0391
test_loss: 0.1266
epoch 854
train_loss: 0.0390
test_loss: 0.1265
epoch 855
train_loss: 0.0390
test_loss: 0.1264
epoch 856
train_loss: 0.0390
test_loss: 0.1265
epoch 857
train_loss: 0.0390
test_loss: 0.1264
epoch 858
train_loss: 0.0389
test_loss: 0.1263
epoch 859
train_loss: 0.0389
test_loss: 0.1264
epoch 860
train_loss: 0.0389
test_loss: 0.1263
epoch 861
train_loss: 0.0389
test_loss: 0.1263
epoch 862
train_loss: 0.0388
test_loss: 0.1263
epoch 863
train_loss: 0.0388
test_loss: 0.1262
epoch 864
train_loss: 0.0388
test_loss: 0.1261
epoch 865
train_loss: 0.0388
test_loss: 0.1262
epoch 866
train_loss: 0.0387
test_loss: 0.1261
epoch 867
train_loss: 0.0387
test_loss: 0.1262
epoch 868
train_loss: 0.0387
test_loss: 0.1261
epoch 869
train_loss: 0.0387
test_loss: 0.1260
epoch 870
train_loss: 0.0386
test_loss: 0.1260
epoch 871
train_loss: 0.0386
test_loss: 0.1260
epoch 872
train_loss: 0.0386
test_loss: 0.1260
epoch 873
train_loss: 0.0386
test_loss: 0.1259
epoch 874
train_loss: 0.0386
test_loss: 0.1259
epoch 875
train_loss: 0.0385
test_loss: 0.1259
epoch 876
train_loss: 0.0385
test_loss: 0.1258
epoch 877
train_loss: 0.0385
test_loss: 0.1258
epoch 878
train_loss: 0.0385
test_loss: 0.1258
epoch 879
train_loss: 0.0384
test_loss: 0.1258
epoch 880
train_loss: 0.0384
test_loss: 0.1258
epoch 881
train_loss: 0.0384
test_loss: 0.1257
epoch 882
train_loss: 0.0384
test_loss: 0.1257
epoch 883
train_loss: 0.0384
test_loss: 0.1256
epoch 884
train_loss: 0.0383
test_loss: 0.1256
epoch 885
train_loss: 0.0383
test_loss: 0.1255
epoch 886
train_loss: 0.0383
test_loss: 0.1256
epoch 887
train_loss: 0.0383
test_loss: 0.1256
epoch 888
train_loss: 0.0382
test_loss: 0.1255
epoch 889
train_loss: 0.0382
test_loss: 0.1255
epoch 890
train_loss: 0.0382
test_loss: 0.1255
epoch 891
train_loss: 0.0382
test_loss: 0.1254
epoch 892
train_loss: 0.0382
test_loss: 0.1254
epoch 893
train_loss: 0.0381
test_loss: 0.1253
epoch 894
train_loss: 0.0381
test_loss: 0.1253
epoch 895
train_loss: 0.0381
test_loss: 0.1252
epoch 896
train_loss: 0.0381
test_loss: 0.1253
epoch 897
train_loss: 0.0381
test_loss: 0.1252
epoch 898
train_loss: 0.0380
test_loss: 0.1252
epoch 899
train_loss: 0.0380
test_loss: 0.1252
epoch 900
train_loss: 0.0380
test_loss: 0.1251
epoch 901
train_loss: 0.0380
test_loss: 0.1251
epoch 902
train_loss: 0.0379
test_loss: 0.1250
epoch 903
train_loss: 0.0379
test_loss: 0.1250
epoch 904
train_loss: 0.0379
test_loss: 0.1250
epoch 905
train_loss: 0.0379
test_loss: 0.1249
epoch 906
train_loss: 0.0379
test_loss: 0.1250
epoch 907
train_loss: 0.0378
test_loss: 0.1249
epoch 908
train_loss: 0.0378
test_loss: 0.1249
epoch 909
train_loss: 0.0378
test_loss: 0.1248
epoch 910
train_loss: 0.0378
test_loss: 0.1248
epoch 911
train_loss: 0.0377
test_loss: 0.1248
epoch 912
train_loss: 0.0377
test_loss: 0.1247
epoch 913
train_loss: 0.0377
test_loss: 0.1247
epoch 914
train_loss: 0.0377
test_loss: 0.1247
epoch 915
train_loss: 0.0377
test_loss: 0.1247
epoch 916
train_loss: 0.0377
test_loss: 0.1245
epoch 917
train_loss: 0.0376
test_loss: 0.1246
epoch 918
train_loss: 0.0376
test_loss: 0.1246
epoch 919
train_loss: 0.0376
test_loss: 0.1245
epoch 920
train_loss: 0.0376
test_loss: 0.1245
epoch 921
train_loss: 0.0376
test_loss: 0.1244
epoch 922
train_loss: 0.0375
test_loss: 0.1244
epoch 923
train_loss: 0.0375
test_loss: 0.1244
epoch 924
train_loss: 0.0375
test_loss: 0.1244
epoch 925
train_loss: 0.0375
test_loss: 0.1243
epoch 926
train_loss: 0.0375
test_loss: 0.1243
epoch 927
train_loss: 0.0374
test_loss: 0.1243
epoch 928
train_loss: 0.0374
test_loss: 0.1241
epoch 929
train_loss: 0.0374
test_loss: 0.1242
epoch 930
train_loss: 0.0374
test_loss: 0.1242
epoch 931
train_loss: 0.0374
test_loss: 0.1241
epoch 932
train_loss: 0.0373
test_loss: 0.1241
epoch 933
train_loss: 0.0373
test_loss: 0.1240
epoch 934
train_loss: 0.0373
test_loss: 0.1240
epoch 935
train_loss: 0.0373
test_loss: 0.1240
epoch 936
train_loss: 0.0372
test_loss: 0.1240
epoch 937
train_loss: 0.0372
test_loss: 0.1239
epoch 938
train_loss: 0.0372
test_loss: 0.1239
epoch 939
train_loss: 0.0372
test_loss: 0.1239
epoch 940
train_loss: 0.0372
test_loss: 0.1238
epoch 941
train_loss: 0.0372
test_loss: 0.1238
epoch 942
train_loss: 0.0371
test_loss: 0.1237
epoch 943
train_loss: 0.0371
test_loss: 0.1237
epoch 944
train_loss: 0.0371
test_loss: 0.1237
epoch 945
train_loss: 0.0371
test_loss: 0.1237
epoch 946
train_loss: 0.0371
test_loss: 0.1237
epoch 947
train_loss: 0.0370
test_loss: 0.1237
epoch 948
train_loss: 0.0370
test_loss: 0.1236
epoch 949
train_loss: 0.0370
test_loss: 0.1236
/home/xueqiong/noise_injection_uncertainty/regression/utils.py:39: FutureWarning: The 'delim_whitespace' keyword in pd.read_csv is deprecated and will be removed in a future version. Use ``sep='\s+'`` instead
  return pd.read_csv(dataset_path, engine='python', header=None, delim_whitespace=True)
8 1
824 206 1030
model_name dropoutFCN
using Adam as optimizer
epoch 0
train_loss: 0.8160
Module: DropoutFullyConnectedNN
  Module: ModuleList
    Module: Linear
    Module: Linear
    Module: Linear
  Module: ModuleList
    Module: Dropout
dropout设置为训练模式
    Module: Dropout
dropout设置为训练模式
    Module: Dropout
dropout设置为训练模式
  Module: ReLU
test_loss: 0.5614
epoch 1
train_loss: 0.4733
Module: DropoutFullyConnectedNN
  Module: ModuleList
    Module: Linear
    Module: Linear
    Module: Linear
  Module: ModuleList
    Module: Dropout
dropout设置为训练模式
    Module: Dropout
dropout设置为训练模式
    Module: Dropout
dropout设置为训练模式
  Module: ReLU
test_loss: 0.4241
epoch 2
train_loss: 0.3802
Module: DropoutFullyConnectedNN
  Module: ModuleList
    Module: Linear
    Module: Linear
    Module: Linear
  Module: ModuleList
    Module: Dropout
dropout设置为训练模式
    Module: Dropout
dropout设置为训练模式
    Module: Dropout
dropout设置为训练模式
  Module: ReLU
test_loss: 0.3552
epoch 3
train_loss: 0.3290
Module: DropoutFullyConnectedNN
  Module: ModuleList
    Module: Linear
    Module: Linear
    Module: Linear
  Module: ModuleList
    Module: Dropout
dropout设置为训练模式
    Module: Dropout
dropout设置为训练模式
    Module: Dropout
dropout设置为训练模式
  Module: ReLU
test_loss: 0.3043
epoch 4
train_loss: 0.2927
Module: DropoutFullyConnectedNN
  Module: ModuleList
    Module: Linear
    Module: Linear
    Module: Linear
  Module: ModuleList
    Module: Dropout
dropout设置为训练模式
    Module: Dropout
dropout设置为训练模式
    Module: Dropout
dropout设置为训练模式
  Module: ReLU
test_loss: 0.2731
epoch 5
train_loss: 0.2586
Module: DropoutFullyConnectedNN
  Module: ModuleList
    Module: Linear
    Module: Linear
    Module: Linear
  Module: ModuleList
    Module: Dropout
dropout设置为训练模式
    Module: Dropout
dropout设置为训练模式
    Module: Dropout
dropout设置为训练模式
  Module: ReLU
test_loss: 0.2471
epoch 6
train_loss: 0.2355
Module: DropoutFullyConnectedNN
  Module: ModuleList
    Module: Linear
    Module: Linear
    Module: Linear
  Module: ModuleList
    Module: Dropout
dropout设置为训练模式
    Module: Dropout
dropout设置为训练模式
    Module: Dropout
dropout设置为训练模式
  Module: ReLU
test_loss: 0.2325
epoch 7
train_loss: 0.2083
Module: DropoutFullyConnectedNN
  Module: ModuleList
    Module: Linear
    Module: Linear
    Module: Linear
  Module: ModuleList
    Module: Dropout
dropout设置为训练模式
    Module: Dropout
dropout设置为训练模式
    Module: Dropout
dropout设置为训练模式
  Module: ReLU
test_loss: 0.2208
epoch 8
train_loss: 0.2262
Module: DropoutFullyConnectedNN
  Module: ModuleList
    Module: Linear
    Module: Linear
    Module: Linear
  Module: ModuleList
    Module: Dropout
dropout设置为训练模式
    Module: Dropout
dropout设置为训练模式
    Module: Dropout
dropout设置为训练模式
  Module: ReLU
test_loss: 0.2157
epoch 9
train_loss: 0.1754
Module: DropoutFullyConnectedNN
  Module: ModuleList
    Module: Linear
    Module: Linear
    Module: Linear
  Module: ModuleList
    Module: Dropout
dropout设置为训练模式
    Module: Dropout
dropout设置为训练模式
    Module: Dropout
dropout设置为训练模式
  Module: ReLU
test_loss: 0.2019
epoch 10
train_loss: 0.1973
Module: DropoutFullyConnectedNN
  Module: ModuleList
    Module: Linear
    Module: Linear
    Module: Linear
  Module: ModuleList
    Module: Dropout
dropout设置为训练模式
    Module: Dropout
dropout设置为训练模式
    Module: Dropout
dropout设置为训练模式
  Module: ReLU
test_loss: 0.1961
epoch 11
train_loss: 0.1879
Module: DropoutFullyConnectedNN
  Module: ModuleList
    Module: Linear
    Module: Linear
    Module: Linear
  Module: ModuleList
    Module: Dropout
dropout设置为训练模式
    Module: Dropout
dropout设置为训练模式
    Module: Dropout
dropout设置为训练模式
  Module: ReLU
test_loss: 0.1993
epoch 12
train_loss: 0.1815
Module: DropoutFullyConnectedNN
  Module: ModuleList
    Module: Linear
    Module: Linear
    Module: Linear
  Module: ModuleList
    Module: Dropout
dropout设置为训练模式
    Module: Dropout
dropout设置为训练模式
    Module: Dropout
dropout设置为训练模式
  Module: ReLU
test_loss: 0.2001
epoch 13
train_loss: 0.1745
Module: DropoutFullyConnectedNN
  Module: ModuleList
    Module: Linear
    Module: Linear
    Module: Linear
  Module: ModuleList
    Module: Dropout
dropout设置为训练模式
    Module: Dropout
dropout设置为训练模式
    Module: Dropout
dropout设置为训练模式
  Module: ReLU
test_loss: 0.1847
epoch 14
train_loss: 0.1557
Module: DropoutFullyConnectedNN
  Module: ModuleList
    Module: Linear
    Module: Linear
    Module: Linear
  Module: ModuleList
    Module: Dropout
dropout设置为训练模式
    Module: Dropout
dropout设置为训练模式
    Module: Dropout
dropout设置为训练模式
  Module: ReLU
test_loss: 0.1870
epoch 15
train_loss: 0.1629
Module: DropoutFullyConnectedNN
  Module: ModuleList
    Module: Linear
    Module: Linear
    Module: Linear
  Module: ModuleList
    Module: Dropout
dropout设置为训练模式
    Module: Dropout
dropout设置为训练模式
    Module: Dropout
dropout设置为训练模式
  Module: ReLU
test_loss: 0.1829
epoch 16
train_loss: 0.1498
Module: DropoutFullyConnectedNN
  Module: ModuleList
    Module: Linear
    Module: Linear
    Module: Linear
  Module: ModuleList
    Module: Dropout
dropout设置为训练模式
    Module: Dropout
dropout设置为训练模式
    Module: Dropout
dropout设置为训练模式
  Module: ReLU
test_loss: 0.1770
epoch 17
train_loss: 0.1623
Module: DropoutFullyConnectedNN
  Module: ModuleList
    Module: Linear
    Module: Linear
    Module: Linear
  Module: ModuleList
    Module: Dropout
dropout设置为训练模式
    Module: Dropout
dropout设置为训练模式
    Module: Dropout
dropout设置为训练模式
  Module: ReLU
test_loss: 0.1822
epoch 18
train_loss: 0.1485
Module: DropoutFullyConnectedNN
  Module: ModuleList
    Module: Linear
    Module: Linear
    Module: Linear
  Module: ModuleList
    Module: Dropout
dropout设置为训练模式
    Module: Dropout
dropout设置为训练模式
    Module: Dropout
dropout设置为训练模式
  Module: ReLU
test_loss: 0.1808
epoch 19
train_loss: 0.1440
Module: DropoutFullyConnectedNN
  Module: ModuleList
    Module: Linear
    Module: Linear
    Module: Linear
  Module: ModuleList
    Module: Dropout
dropout设置为训练模式
    Module: Dropout
dropout设置为训练模式
    Module: Dropout
dropout设置为训练模式
  Module: ReLU
test_loss: 0.1644
epoch 20
train_loss: 0.1440
Module: DropoutFullyConnectedNN
  Module: ModuleList
    Module: Linear
    Module: Linear
    Module: Linear
  Module: ModuleList
    Module: Dropout
dropout设置为训练模式
    Module: Dropout
dropout设置为训练模式
    Module: Dropout
dropout设置为训练模式
  Module: ReLU
test_loss: 0.1728
epoch 21
train_loss: 0.1399
Module: DropoutFullyConnectedNN
  Module: ModuleList
    Module: Linear
    Module: Linear
    Module: Linear
  Module: ModuleList
    Module: Dropout
dropout设置为训练模式
    Module: Dropout
dropout设置为训练模式
    Module: Dropout
dropout设置为训练模式
  Module: ReLU
test_loss: 0.1653
epoch 22
train_loss: 0.1396
Module: DropoutFullyConnectedNN
  Module: ModuleList
    Module: Linear
    Module: Linear
    Module: Linear
  Module: ModuleList
    Module: Dropout
dropout设置为训练模式
    Module: Dropout
dropout设置为训练模式
    Module: Dropout
dropout设置为训练模式
  Module: ReLU
test_loss: 0.1702
epoch 23
train_loss: 0.1297
Module: DropoutFullyConnectedNN
  Module: ModuleList
    Module: Linear
    Module: Linear
    Module: Linear
  Module: ModuleList
    Module: Dropout
dropout设置为训练模式
    Module: Dropout
dropout设置为训练模式
    Module: Dropout
dropout设置为训练模式
  Module: ReLU
test_loss: 0.1698
epoch 24
train_loss: 0.1276
Module: DropoutFullyConnectedNN
  Module: ModuleList
    Module: Linear
    Module: Linear
    Module: Linear
  Module: ModuleList
    Module: Dropout
dropout设置为训练模式
    Module: Dropout
dropout设置为训练模式
    Module: Dropout
dropout设置为训练模式
  Module: ReLU
test_loss: 0.1638
epoch 25
train_loss: 0.1308
Module: DropoutFullyConnectedNN
  Module: ModuleList
    Module: Linear
    Module: Linear
    Module: Linear
  Module: ModuleList
    Module: Dropout
dropout设置为训练模式
    Module: Dropout
dropout设置为训练模式
    Module: Dropout
dropout设置为训练模式
  Module: ReLU
test_loss: 0.1538
epoch 26
train_loss: 0.1260
Module: DropoutFullyConnectedNN
  Module: ModuleList
    Module: Linear
    Module: Linear
    Module: Linear
  Module: ModuleList
    Module: Dropout
dropout设置为训练模式
    Module: Dropout
dropout设置为训练模式
    Module: Dropout
dropout设置为训练模式
  Module: ReLU
test_loss: 0.1600
epoch 27
train_loss: 0.1192
Module: DropoutFullyConnectedNN
  Module: ModuleList
    Module: Linear
    Module: Linear
    Module: Linear
  Module: ModuleList
    Module: Dropout
dropout设置为训练模式
    Module: Dropout
dropout设置为训练模式
    Module: Dropout
dropout设置为训练模式
  Module: ReLU
test_loss: 0.1641
epoch 28
train_loss: 0.1178
Module: DropoutFullyConnectedNN
  Module: ModuleList
    Module: Linear
    Module: Linear
    Module: Linear
  Module: ModuleList
    Module: Dropout
dropout设置为训练模式
    Module: Dropout
dropout设置为训练模式
    Module: Dropout
dropout设置为训练模式
  Module: ReLU
test_loss: 0.1564
epoch 29
train_loss: 0.1153
Module: DropoutFullyConnectedNN
  Module: ModuleList
    Module: Linear
    Module: Linear
    Module: Linear
  Module: ModuleList
    Module: Dropout
dropout设置为训练模式
    Module: Dropout
dropout设置为训练模式
    Module: Dropout
dropout设置为训练模式
  Module: ReLU
test_loss: 0.1562
epoch 30
train_loss: 0.1132
Module: DropoutFullyConnectedNN
  Module: ModuleList
    Module: Linear
    Module: Linear
    Module: Linear
  Module: ModuleList
    Module: Dropout
dropout设置为训练模式
    Module: Dropout
dropout设置为训练模式
    Module: Dropout
dropout设置为训练模式
  Module: ReLU
test_loss: 0.1584
epoch 31
train_loss: 0.1221
Module: DropoutFullyConnectedNN
  Module: ModuleList
    Module: Linear
    Module: Linear
    Module: Linear
  Module: ModuleList
    Module: Dropout
dropout设置为训练模式
    Module: Dropout
dropout设置为训练模式
    Module: Dropout
dropout设置为训练模式
  Module: ReLU
test_loss: 0.1575
epoch 32
train_loss: 0.1052
Module: DropoutFullyConnectedNN
  Module: ModuleList
    Module: Linear
    Module: Linear
    Module: Linear
  Module: ModuleList
    Module: Dropout
dropout设置为训练模式
    Module: Dropout
dropout设置为训练模式
    Module: Dropout
dropout设置为训练模式
  Module: ReLU
test_loss: 0.1565
epoch 33
train_loss: 0.1214
Module: DropoutFullyConnectedNN
  Module: ModuleList
    Module: Linear
    Module: Linear
    Module: Linear
  Module: ModuleList
    Module: Dropout
dropout设置为训练模式
    Module: Dropout
dropout设置为训练模式
    Module: Dropout
dropout设置为训练模式
  Module: ReLU
test_loss: 0.1579
epoch 34
train_loss: 0.1096
Module: DropoutFullyConnectedNN
  Module: ModuleList
    Module: Linear
    Module: Linear
    Module: Linear
  Module: ModuleList
    Module: Dropout
dropout设置为训练模式
    Module: Dropout
dropout设置为训练模式
    Module: Dropout
dropout设置为训练模式
  Module: ReLU
test_loss: 0.1602
epoch 35
train_loss: 0.1070
Module: DropoutFullyConnectedNN
  Module: ModuleList
    Module: Linear
    Module: Linear
    Module: Linear
  Module: ModuleList
    Module: Dropout
dropout设置为训练模式
    Module: Dropout
dropout设置为训练模式
    Module: Dropout
dropout设置为训练模式
  Module: ReLU
test_loss: 0.1520
epoch 36
train_loss: 0.1177
Module: DropoutFullyConnectedNN
  Module: ModuleList
    Module: Linear
    Module: Linear
    Module: Linear
  Module: ModuleList
    Module: Dropout
dropout设置为训练模式
    Module: Dropout
dropout设置为训练模式
    Module: Dropout
dropout设置为训练模式
  Module: ReLU
test_loss: 0.1494
epoch 37
train_loss: 0.1061
Module: DropoutFullyConnectedNN
  Module: ModuleList
    Module: Linear
    Module: Linear
    Module: Linear
  Module: ModuleList
    Module: Dropout
dropout设置为训练模式
    Module: Dropout
dropout设置为训练模式
    Module: Dropout
dropout设置为训练模式
  Module: ReLU
test_loss: 0.1473
epoch 38
train_loss: 0.1133
Module: DropoutFullyConnectedNN
  Module: ModuleList
    Module: Linear
    Module: Linear
    Module: Linear
  Module: ModuleList
    Module: Dropout
dropout设置为训练模式
    Module: Dropout
dropout设置为训练模式
    Module: Dropout
dropout设置为训练模式
  Module: ReLU
test_loss: 0.1606
epoch 39
train_loss: 0.1050
Module: DropoutFullyConnectedNN
  Module: ModuleList
    Module: Linear
    Module: Linear
    Module: Linear
  Module: ModuleList
    Module: Dropout
dropout设置为训练模式
    Module: Dropout
dropout设置为训练模式
    Module: Dropout
dropout设置为训练模式
  Module: ReLU
test_loss: 0.1441
epoch 40
train_loss: 0.1107
Module: DropoutFullyConnectedNN
  Module: ModuleList
    Module: Linear
    Module: Linear
    Module: Linear
  Module: ModuleList
    Module: Dropout
dropout设置为训练模式
    Module: Dropout
dropout设置为训练模式
    Module: Dropout
dropout设置为训练模式
  Module: ReLU
test_loss: 0.1422
epoch 41
train_loss: 0.1069
Module: DropoutFullyConnectedNN
  Module: ModuleList
    Module: Linear
    Module: Linear
    Module: Linear
  Module: ModuleList
    Module: Dropout
dropout设置为训练模式
    Module: Dropout
dropout设置为训练模式
    Module: Dropout
dropout设置为训练模式
  Module: ReLU
test_loss: 0.1472
epoch 42
train_loss: 0.1062
Module: DropoutFullyConnectedNN
  Module: ModuleList
    Module: Linear
    Module: Linear
    Module: Linear
  Module: ModuleList
    Module: Dropout
dropout设置为训练模式
    Module: Dropout
dropout设置为训练模式
    Module: Dropout
dropout设置为训练模式
  Module: ReLU
test_loss: 0.1610
epoch 43
train_loss: 0.0999
Module: DropoutFullyConnectedNN
  Module: ModuleList
    Module: Linear
    Module: Linear
    Module: Linear
  Module: ModuleList
    Module: Dropout
dropout设置为训练模式
    Module: Dropout
dropout设置为训练模式
    Module: Dropout
dropout设置为训练模式
  Module: ReLU
test_loss: 0.1535
epoch 44
train_loss: 0.1020
Module: DropoutFullyConnectedNN
  Module: ModuleList
    Module: Linear
    Module: Linear
    Module: Linear
  Module: ModuleList
    Module: Dropout
dropout设置为训练模式
    Module: Dropout
dropout设置为训练模式
    Module: Dropout
dropout设置为训练模式
  Module: ReLU
test_loss: 0.1480
epoch 45
train_loss: 0.1016
Module: DropoutFullyConnectedNN
  Module: ModuleList
    Module: Linear
    Module: Linear
    Module: Linear
  Module: ModuleList
    Module: Dropout
dropout设置为训练模式
    Module: Dropout
dropout设置为训练模式
    Module: Dropout
dropout设置为训练模式
  Module: ReLU
test_loss: 0.1554
epoch 46
train_loss: 0.1015
Module: DropoutFullyConnectedNN
  Module: ModuleList
    Module: Linear
    Module: Linear
    Module: Linear
  Module: ModuleList
    Module: Dropout
dropout设置为训练模式
    Module: Dropout
dropout设置为训练模式
    Module: Dropout
dropout设置为训练模式
  Module: ReLU
test_loss: 0.1472
epoch 47
train_loss: 0.1102
Module: DropoutFullyConnectedNN
  Module: ModuleList
    Module: Linear
    Module: Linear
    Module: Linear
  Module: ModuleList
    Module: Dropout
dropout设置为训练模式
    Module: Dropout
dropout设置为训练模式
    Module: Dropout
dropout设置为训练模式
  Module: ReLU
test_loss: 0.1366
epoch 48
train_loss: 0.1074
Module: DropoutFullyConnectedNN
  Module: ModuleList
    Module: Linear
    Module: Linear
    Module: Linear
  Module: ModuleList
    Module: Dropout
dropout设置为训练模式
    Module: Dropout
dropout设置为训练模式
    Module: Dropout
dropout设置为训练模式
  Module: ReLU
test_loss: 0.1501
epoch 49
train_loss: 0.1063
Module: DropoutFullyConnectedNN
  Module: ModuleList
    Module: Linear
    Module: Linear
    Module: Linear
  Module: ModuleList
    Module: Dropout
dropout设置为训练模式
    Module: Dropout
dropout设置为训练模式
    Module: Dropout
dropout设置为训练模式
  Module: ReLU
test_loss: 0.1490
epoch 50
train_loss: 0.1020
Module: DropoutFullyConnectedNN
  Module: ModuleList
    Module: Linear
    Module: Linear
    Module: Linear
  Module: ModuleList
    Module: Dropout
dropout设置为训练模式
    Module: Dropout
dropout设置为训练模式
    Module: Dropout
dropout设置为训练模式
  Module: ReLU
test_loss: 0.1412
epoch 51
train_loss: 0.0954
Module: DropoutFullyConnectedNN
  Module: ModuleList
    Module: Linear
    Module: Linear
    Module: Linear
  Module: ModuleList
    Module: Dropout
dropout设置为训练模式
    Module: Dropout
dropout设置为训练模式
    Module: Dropout
dropout设置为训练模式
  Module: ReLU
test_loss: 0.1413
epoch 52
train_loss: 0.0965
Module: DropoutFullyConnectedNN
  Module: ModuleList
    Module: Linear
    Module: Linear
    Module: Linear
  Module: ModuleList
    Module: Dropout
dropout设置为训练模式
    Module: Dropout
dropout设置为训练模式
    Module: Dropout
dropout设置为训练模式
  Module: ReLU
test_loss: 0.1495
epoch 53
train_loss: 0.0986
Module: DropoutFullyConnectedNN
  Module: ModuleList
    Module: Linear
    Module: Linear
    Module: Linear
  Module: ModuleList
    Module: Dropout
dropout设置为训练模式
    Module: Dropout
dropout设置为训练模式
    Module: Dropout
dropout设置为训练模式
  Module: ReLU
test_loss: 0.1484
epoch 54
train_loss: 0.0891
Module: DropoutFullyConnectedNN
  Module: ModuleList
    Module: Linear
    Module: Linear
    Module: Linear
  Module: ModuleList
    Module: Dropout
dropout设置为训练模式
    Module: Dropout
dropout设置为训练模式
    Module: Dropout
dropout设置为训练模式
  Module: ReLU
test_loss: 0.1533
epoch 55
train_loss: 0.0972
Module: DropoutFullyConnectedNN
  Module: ModuleList
    Module: Linear
    Module: Linear
    Module: Linear
  Module: ModuleList
    Module: Dropout
dropout设置为训练模式
    Module: Dropout
dropout设置为训练模式
    Module: Dropout
dropout设置为训练模式
  Module: ReLU
test_loss: 0.1385
epoch 56
train_loss: 0.1020
Module: DropoutFullyConnectedNN
  Module: ModuleList
    Module: Linear
    Module: Linear
    Module: Linear
  Module: ModuleList
    Module: Dropout
dropout设置为训练模式
    Module: Dropout
dropout设置为训练模式
    Module: Dropout
dropout设置为训练模式
  Module: ReLU
test_loss: 0.1423
epoch 57
train_loss: 0.0962
Module: DropoutFullyConnectedNN
  Module: ModuleList
    Module: Linear
    Module: Linear
    Module: Linear
  Module: ModuleList
    Module: Dropout
dropout设置为训练模式
    Module: Dropout
dropout设置为训练模式
    Module: Dropout
dropout设置为训练模式
  Module: ReLU
test_loss: 0.1363
epoch 58
train_loss: 0.0902
Module: DropoutFullyConnectedNN
  Module: ModuleList
    Module: Linear
    Module: Linear
    Module: Linear
  Module: ModuleList
    Module: Dropout
dropout设置为训练模式
    Module: Dropout
dropout设置为训练模式
    Module: Dropout
dropout设置为训练模式
  Module: ReLU
test_loss: 0.1384
epoch 59
train_loss: 0.0937
Module: DropoutFullyConnectedNN
  Module: ModuleList
    Module: Linear
    Module: Linear
    Module: Linear
  Module: ModuleList
    Module: Dropout
dropout设置为训练模式
    Module: Dropout
dropout设置为训练模式
    Module: Dropout
dropout设置为训练模式
  Module: ReLU
test_loss: 0.1394
epoch 60
train_loss: 0.0907
Module: DropoutFullyConnectedNN
  Module: ModuleList
    Module: Linear
    Module: Linear
    Module: Linear
  Module: ModuleList
    Module: Dropout
dropout设置为训练模式
    Module: Dropout
dropout设置为训练模式
    Module: Dropout
dropout设置为训练模式
  Module: ReLU
test_loss: 0.1372
epoch 61
train_loss: 0.0909
Module: DropoutFullyConnectedNN
  Module: ModuleList
    Module: Linear
    Module: Linear
    Module: Linear
  Module: ModuleList
    Module: Dropout
dropout设置为训练模式
    Module: Dropout
dropout设置为训练模式
    Module: Dropout
dropout设置为训练模式
  Module: ReLU
test_loss: 0.1342
epoch 62
train_loss: 0.0845
Module: DropoutFullyConnectedNN
  Module: ModuleList
    Module: Linear
    Module: Linear
    Module: Linear
  Module: ModuleList
    Module: Dropout
dropout设置为训练模式
    Module: Dropout
dropout设置为训练模式
    Module: Dropout
dropout设置为训练模式
  Module: ReLU
test_loss: 0.1385
epoch 63
train_loss: 0.0908
Module: DropoutFullyConnectedNN
  Module: ModuleList
    Module: Linear
    Module: Linear
    Module: Linear
  Module: ModuleList
    Module: Dropout
dropout设置为训练模式
    Module: Dropout
dropout设置为训练模式
    Module: Dropout
dropout设置为训练模式
  Module: ReLU
test_loss: 0.1351
epoch 64
train_loss: 0.0900
Module: DropoutFullyConnectedNN
  Module: ModuleList
    Module: Linear
    Module: Linear
    Module: Linear
  Module: ModuleList
    Module: Dropout
dropout设置为训练模式
    Module: Dropout
dropout设置为训练模式
    Module: Dropout
dropout设置为训练模式
  Module: ReLU
test_loss: 0.1324
epoch 65
train_loss: 0.0856
Module: DropoutFullyConnectedNN
  Module: ModuleList
    Module: Linear
    Module: Linear
    Module: Linear
  Module: ModuleList
    Module: Dropout
dropout设置为训练模式
    Module: Dropout
dropout设置为训练模式
    Module: Dropout
dropout设置为训练模式
  Module: ReLU
test_loss: 0.1408
epoch 66
train_loss: 0.0876
Module: DropoutFullyConnectedNN
  Module: ModuleList
    Module: Linear
    Module: Linear
    Module: Linear
  Module: ModuleList
    Module: Dropout
dropout设置为训练模式
    Module: Dropout
dropout设置为训练模式
    Module: Dropout
dropout设置为训练模式
  Module: ReLU
test_loss: 0.1350
epoch 67
train_loss: 0.0886
Module: DropoutFullyConnectedNN
  Module: ModuleList
    Module: Linear
    Module: Linear
    Module: Linear
  Module: ModuleList
    Module: Dropout
dropout设置为训练模式
    Module: Dropout
dropout设置为训练模式
    Module: Dropout
dropout设置为训练模式
  Module: ReLU
test_loss: 0.1376
epoch 68
train_loss: 0.0872
Module: DropoutFullyConnectedNN
  Module: ModuleList
    Module: Linear
    Module: Linear
    Module: Linear
  Module: ModuleList
    Module: Dropout
dropout设置为训练模式
    Module: Dropout
dropout设置为训练模式
    Module: Dropout
dropout设置为训练模式
  Module: ReLU
test_loss: 0.1377
epoch 69
train_loss: 0.0909
Module: DropoutFullyConnectedNN
  Module: ModuleList
    Module: Linear
    Module: Linear
    Module: Linear
  Module: ModuleList
    Module: Dropout
dropout设置为训练模式
    Module: Dropout
dropout设置为训练模式
    Module: Dropout
dropout设置为训练模式
  Module: ReLU
test_loss: 0.1375
epoch 70
train_loss: 0.0886
Module: DropoutFullyConnectedNN
  Module: ModuleList
    Module: Linear
    Module: Linear
    Module: Linear
  Module: ModuleList
    Module: Dropout
dropout设置为训练模式
    Module: Dropout
dropout设置为训练模式
    Module: Dropout
dropout设置为训练模式
  Module: ReLU
test_loss: 0.1303
epoch 71
train_loss: 0.0863
Module: DropoutFullyConnectedNN
  Module: ModuleList
    Module: Linear
    Module: Linear
    Module: Linear
  Module: ModuleList
    Module: Dropout
dropout设置为训练模式
    Module: Dropout
dropout设置为训练模式
    Module: Dropout
dropout设置为训练模式
  Module: ReLU
test_loss: 0.1339
epoch 72
train_loss: 0.0879
Module: DropoutFullyConnectedNN
  Module: ModuleList
    Module: Linear
    Module: Linear
    Module: Linear
  Module: ModuleList
    Module: Dropout
dropout设置为训练模式
    Module: Dropout
dropout设置为训练模式
    Module: Dropout
dropout设置为训练模式
  Module: ReLU
test_loss: 0.1378
epoch 73
train_loss: 0.0849
Module: DropoutFullyConnectedNN
  Module: ModuleList
    Module: Linear
    Module: Linear
    Module: Linear
  Module: ModuleList
    Module: Dropout
dropout设置为训练模式
    Module: Dropout
dropout设置为训练模式
    Module: Dropout
dropout设置为训练模式
  Module: ReLU
test_loss: 0.1261
epoch 74
train_loss: 0.0837
Module: DropoutFullyConnectedNN
  Module: ModuleList
    Module: Linear
    Module: Linear
    Module: Linear
  Module: ModuleList
    Module: Dropout
dropout设置为训练模式
    Module: Dropout
dropout设置为训练模式
    Module: Dropout
dropout设置为训练模式
  Module: ReLU
test_loss: 0.1437
epoch 75
train_loss: 0.0888
Module: DropoutFullyConnectedNN
  Module: ModuleList
    Module: Linear
    Module: Linear
    Module: Linear
  Module: ModuleList
    Module: Dropout
dropout设置为训练模式
    Module: Dropout
dropout设置为训练模式
    Module: Dropout
dropout设置为训练模式
  Module: ReLU
test_loss: 0.1249
epoch 76
train_loss: 0.0869
Module: DropoutFullyConnectedNN
  Module: ModuleList
    Module: Linear
    Module: Linear
    Module: Linear
  Module: ModuleList
    Module: Dropout
dropout设置为训练模式
    Module: Dropout
dropout设置为训练模式
    Module: Dropout
dropout设置为训练模式
  Module: ReLU
test_loss: 0.1378
epoch 77
train_loss: 0.0883
Module: DropoutFullyConnectedNN
  Module: ModuleList
    Module: Linear
    Module: Linear
    Module: Linear
  Module: ModuleList
    Module: Dropout
dropout设置为训练模式
    Module: Dropout
dropout设置为训练模式
    Module: Dropout
dropout设置为训练模式
  Module: ReLU
test_loss: 0.1361
epoch 78
train_loss: 0.0869
Module: DropoutFullyConnectedNN
  Module: ModuleList
    Module: Linear
    Module: Linear
    Module: Linear
  Module: ModuleList
    Module: Dropout
dropout设置为训练模式
    Module: Dropout
dropout设置为训练模式
    Module: Dropout
dropout设置为训练模式
  Module: ReLU
test_loss: 0.1297
epoch 79
train_loss: 0.0853
Module: DropoutFullyConnectedNN
  Module: ModuleList
    Module: Linear
    Module: Linear
    Module: Linear
  Module: ModuleList
    Module: Dropout
dropout设置为训练模式
    Module: Dropout
dropout设置为训练模式
    Module: Dropout
dropout设置为训练模式
  Module: ReLU
test_loss: 0.1346
epoch 80
train_loss: 0.0854
Module: DropoutFullyConnectedNN
  Module: ModuleList
    Module: Linear
    Module: Linear
    Module: Linear
  Module: ModuleList
    Module: Dropout
dropout设置为训练模式
    Module: Dropout
dropout设置为训练模式
    Module: Dropout
dropout设置为训练模式
  Module: ReLU
test_loss: 0.1295
epoch 81
train_loss: 0.0865
Module: DropoutFullyConnectedNN
  Module: ModuleList
    Module: Linear
    Module: Linear
    Module: Linear
  Module: ModuleList
    Module: Dropout
dropout设置为训练模式
    Module: Dropout
dropout设置为训练模式
    Module: Dropout
dropout设置为训练模式
  Module: ReLU
test_loss: 0.1286
epoch 82
train_loss: 0.0873
Module: DropoutFullyConnectedNN
  Module: ModuleList
    Module: Linear
    Module: Linear
    Module: Linear
  Module: ModuleList
    Module: Dropout
dropout设置为训练模式
    Module: Dropout
dropout设置为训练模式
    Module: Dropout
dropout设置为训练模式
  Module: ReLU
test_loss: 0.1325
epoch 83
train_loss: 0.0870
Module: DropoutFullyConnectedNN
  Module: ModuleList
    Module: Linear
    Module: Linear
    Module: Linear
  Module: ModuleList
    Module: Dropout
dropout设置为训练模式
    Module: Dropout
dropout设置为训练模式
    Module: Dropout
dropout设置为训练模式
  Module: ReLU
test_loss: 0.1291
epoch 84
train_loss: 0.0851
Module: DropoutFullyConnectedNN
  Module: ModuleList
    Module: Linear
    Module: Linear
    Module: Linear
  Module: ModuleList
    Module: Dropout
dropout设置为训练模式
    Module: Dropout
dropout设置为训练模式
    Module: Dropout
dropout设置为训练模式
  Module: ReLU
test_loss: 0.1233
epoch 85
train_loss: 0.0796
Module: DropoutFullyConnectedNN
  Module: ModuleList
    Module: Linear
    Module: Linear
    Module: Linear
  Module: ModuleList
    Module: Dropout
dropout设置为训练模式
    Module: Dropout
dropout设置为训练模式
    Module: Dropout
dropout设置为训练模式
  Module: ReLU
test_loss: 0.1243
epoch 86
train_loss: 0.0845
Module: DropoutFullyConnectedNN
  Module: ModuleList
    Module: Linear
    Module: Linear
    Module: Linear
  Module: ModuleList
    Module: Dropout
dropout设置为训练模式
    Module: Dropout
dropout设置为训练模式
    Module: Dropout
dropout设置为训练模式
  Module: ReLU
test_loss: 0.1327
epoch 87
train_loss: 0.0841
Module: DropoutFullyConnectedNN
  Module: ModuleList
    Module: Linear
    Module: Linear
    Module: Linear
  Module: ModuleList
    Module: Dropout
dropout设置为训练模式
    Module: Dropout
dropout设置为训练模式
    Module: Dropout
dropout设置为训练模式
  Module: ReLU
test_loss: 0.1248
epoch 88
train_loss: 0.0863
Module: DropoutFullyConnectedNN
  Module: ModuleList
    Module: Linear
    Module: Linear
    Module: Linear
  Module: ModuleList
    Module: Dropout
dropout设置为训练模式
    Module: Dropout
dropout设置为训练模式
    Module: Dropout
dropout设置为训练模式
  Module: ReLU
test_loss: 0.1311
epoch 89
train_loss: 0.0763
Module: DropoutFullyConnectedNN
  Module: ModuleList
    Module: Linear
    Module: Linear
    Module: Linear
  Module: ModuleList
    Module: Dropout
dropout设置为训练模式
    Module: Dropout
dropout设置为训练模式
    Module: Dropout
dropout设置为训练模式
  Module: ReLU
test_loss: 0.1256
epoch 90
train_loss: 0.0899
Module: DropoutFullyConnectedNN
  Module: ModuleList
    Module: Linear
    Module: Linear
    Module: Linear
  Module: ModuleList
    Module: Dropout
dropout设置为训练模式
    Module: Dropout
dropout设置为训练模式
    Module: Dropout
dropout设置为训练模式
  Module: ReLU
test_loss: 0.1359
epoch 91
train_loss: 0.0833
Module: DropoutFullyConnectedNN
  Module: ModuleList
    Module: Linear
    Module: Linear
    Module: Linear
  Module: ModuleList
    Module: Dropout
dropout设置为训练模式
    Module: Dropout
dropout设置为训练模式
    Module: Dropout
dropout设置为训练模式
  Module: ReLU
test_loss: 0.1294
epoch 92
train_loss: 0.0817
Module: DropoutFullyConnectedNN
  Module: ModuleList
    Module: Linear
    Module: Linear
    Module: Linear
  Module: ModuleList
    Module: Dropout
dropout设置为训练模式
    Module: Dropout
dropout设置为训练模式
    Module: Dropout
dropout设置为训练模式
  Module: ReLU
test_loss: 0.1359
epoch 93
train_loss: 0.0782
Module: DropoutFullyConnectedNN
  Module: ModuleList
    Module: Linear
    Module: Linear
    Module: Linear
  Module: ModuleList
    Module: Dropout
dropout设置为训练模式
    Module: Dropout
dropout设置为训练模式
    Module: Dropout
dropout设置为训练模式
  Module: ReLU
test_loss: 0.1338
epoch 94
train_loss: 0.0834
Module: DropoutFullyConnectedNN
  Module: ModuleList
    Module: Linear
    Module: Linear
    Module: Linear
  Module: ModuleList
    Module: Dropout
dropout设置为训练模式
    Module: Dropout
dropout设置为训练模式
    Module: Dropout
dropout设置为训练模式
  Module: ReLU
test_loss: 0.1314
epoch 95
train_loss: 0.0768
Module: DropoutFullyConnectedNN
  Module: ModuleList
    Module: Linear
    Module: Linear
    Module: Linear
  Module: ModuleList
    Module: Dropout
dropout设置为训练模式
    Module: Dropout
dropout设置为训练模式
    Module: Dropout
dropout设置为训练模式
  Module: ReLU
test_loss: 0.1275
epoch 96
train_loss: 0.0834
Module: DropoutFullyConnectedNN
  Module: ModuleList
    Module: Linear
    Module: Linear
    Module: Linear
  Module: ModuleList
    Module: Dropout
dropout设置为训练模式
    Module: Dropout
dropout设置为训练模式
    Module: Dropout
dropout设置为训练模式
  Module: ReLU
test_loss: 0.1276
epoch 97
train_loss: 0.0782
Module: DropoutFullyConnectedNN
  Module: ModuleList
    Module: Linear
    Module: Linear
    Module: Linear
  Module: ModuleList
    Module: Dropout
dropout设置为训练模式
    Module: Dropout
dropout设置为训练模式
    Module: Dropout
dropout设置为训练模式
  Module: ReLU
test_loss: 0.1238
epoch 98
train_loss: 0.0783
Module: DropoutFullyConnectedNN
  Module: ModuleList
    Module: Linear
    Module: Linear
    Module: Linear
  Module: ModuleList
    Module: Dropout
dropout设置为训练模式
    Module: Dropout
dropout设置为训练模式
    Module: Dropout
dropout设置为训练模式
  Module: ReLU
test_loss: 0.1266
epoch 99
train_loss: 0.0839
Module: DropoutFullyConnectedNN
  Module: ModuleList
    Module: Linear
    Module: Linear
    Module: Linear
  Module: ModuleList
    Module: Dropout
dropout设置为训练模式
    Module: Dropout
dropout设置为训练模式
    Module: Dropout
dropout设置为训练模式
  Module: ReLU
test_loss: 0.1267
epoch 100
train_loss: 0.0769
Module: DropoutFullyConnectedNN
  Module: ModuleList
    Module: Linear
    Module: Linear
    Module: Linear
  Module: ModuleList
    Module: Dropout
dropout设置为训练模式
    Module: Dropout
dropout设置为训练模式
    Module: Dropout
dropout设置为训练模式
  Module: ReLU
test_loss: 0.1265
epoch 101
train_loss: 0.0791
Module: DropoutFullyConnectedNN
  Module: ModuleList
    Module: Linear
    Module: Linear
    Module: Linear
  Module: ModuleList
    Module: Dropout
dropout设置为训练模式
    Module: Dropout
dropout设置为训练模式
    Module: Dropout
dropout设置为训练模式
  Module: ReLU
test_loss: 0.1210
epoch 102
train_loss: 0.0877
Module: DropoutFullyConnectedNN
  Module: ModuleList
    Module: Linear
    Module: Linear
    Module: Linear
  Module: ModuleList
    Module: Dropout
dropout设置为训练模式
    Module: Dropout
dropout设置为训练模式
    Module: Dropout
dropout设置为训练模式
  Module: ReLU
test_loss: 0.1199
epoch 103
train_loss: 0.0742
Module: DropoutFullyConnectedNN
  Module: ModuleList
    Module: Linear
    Module: Linear
    Module: Linear
  Module: ModuleList
    Module: Dropout
dropout设置为训练模式
    Module: Dropout
dropout设置为训练模式
    Module: Dropout
dropout设置为训练模式
  Module: ReLU
test_loss: 0.1221
epoch 104
train_loss: 0.0807
Module: DropoutFullyConnectedNN
  Module: ModuleList
    Module: Linear
    Module: Linear
    Module: Linear
  Module: ModuleList
    Module: Dropout
dropout设置为训练模式
    Module: Dropout
dropout设置为训练模式
    Module: Dropout
dropout设置为训练模式
  Module: ReLU
test_loss: 0.1221
epoch 105
train_loss: 0.0715
Module: DropoutFullyConnectedNN
  Module: ModuleList
    Module: Linear
    Module: Linear
    Module: Linear
  Module: ModuleList
    Module: Dropout
dropout设置为训练模式
    Module: Dropout
dropout设置为训练模式
    Module: Dropout
dropout设置为训练模式
  Module: ReLU
test_loss: 0.1260
epoch 106
train_loss: 0.0893
Module: DropoutFullyConnectedNN
  Module: ModuleList
    Module: Linear
    Module: Linear
    Module: Linear
  Module: ModuleList
    Module: Dropout
dropout设置为训练模式
    Module: Dropout
dropout设置为训练模式
    Module: Dropout
dropout设置为训练模式
  Module: ReLU
test_loss: 0.1267
epoch 107
train_loss: 0.0781
Module: DropoutFullyConnectedNN
  Module: ModuleList
    Module: Linear
    Module: Linear
    Module: Linear
  Module: ModuleList
    Module: Dropout
dropout设置为训练模式
    Module: Dropout
dropout设置为训练模式
    Module: Dropout
dropout设置为训练模式
  Module: ReLU
test_loss: 0.1297
epoch 108
train_loss: 0.0786
Module: DropoutFullyConnectedNN
  Module: ModuleList
    Module: Linear
    Module: Linear
    Module: Linear
  Module: ModuleList
    Module: Dropout
dropout设置为训练模式
    Module: Dropout
dropout设置为训练模式
    Module: Dropout
dropout设置为训练模式
  Module: ReLU
test_loss: 0.1250
epoch 109
train_loss: 0.0776
Module: DropoutFullyConnectedNN
  Module: ModuleList
    Module: Linear
    Module: Linear
    Module: Linear
  Module: ModuleList
    Module: Dropout
dropout设置为训练模式
    Module: Dropout
dropout设置为训练模式
    Module: Dropout
dropout设置为训练模式
  Module: ReLU
test_loss: 0.1299
epoch 110
train_loss: 0.0778
Module: DropoutFullyConnectedNN
  Module: ModuleList
    Module: Linear
    Module: Linear
    Module: Linear
  Module: ModuleList
    Module: Dropout
dropout设置为训练模式
    Module: Dropout
dropout设置为训练模式
    Module: Dropout
dropout设置为训练模式
  Module: ReLU
test_loss: 0.1316
epoch 111
train_loss: 0.0766
Module: DropoutFullyConnectedNN
  Module: ModuleList
    Module: Linear
    Module: Linear
    Module: Linear
  Module: ModuleList
    Module: Dropout
dropout设置为训练模式
    Module: Dropout
dropout设置为训练模式
    Module: Dropout
dropout设置为训练模式
  Module: ReLU
test_loss: 0.1260
epoch 112
train_loss: 0.0748
Module: DropoutFullyConnectedNN
  Module: ModuleList
    Module: Linear
    Module: Linear
    Module: Linear
  Module: ModuleList
    Module: Dropout
dropout设置为训练模式
    Module: Dropout
dropout设置为训练模式
    Module: Dropout
dropout设置为训练模式
  Module: ReLU
test_loss: 0.1234
epoch 113
train_loss: 0.0763
Module: DropoutFullyConnectedNN
  Module: ModuleList
    Module: Linear
    Module: Linear
    Module: Linear
  Module: ModuleList
    Module: Dropout
dropout设置为训练模式
    Module: Dropout
dropout设置为训练模式
    Module: Dropout
dropout设置为训练模式
  Module: ReLU
test_loss: 0.1242
epoch 114
train_loss: 0.0788
Module: DropoutFullyConnectedNN
  Module: ModuleList
    Module: Linear
    Module: Linear
    Module: Linear
  Module: ModuleList
    Module: Dropout
dropout设置为训练模式
    Module: Dropout
dropout设置为训练模式
    Module: Dropout
dropout设置为训练模式
  Module: ReLU
test_loss: 0.1251
epoch 115
train_loss: 0.0790
Module: DropoutFullyConnectedNN
  Module: ModuleList
    Module: Linear
    Module: Linear
    Module: Linear
  Module: ModuleList
    Module: Dropout
dropout设置为训练模式
    Module: Dropout
dropout设置为训练模式
    Module: Dropout
dropout设置为训练模式
  Module: ReLU
test_loss: 0.1272
epoch 116
train_loss: 0.0791
Module: DropoutFullyConnectedNN
  Module: ModuleList
    Module: Linear
    Module: Linear
    Module: Linear
  Module: ModuleList
    Module: Dropout
dropout设置为训练模式
    Module: Dropout
dropout设置为训练模式
    Module: Dropout
dropout设置为训练模式
  Module: ReLU
test_loss: 0.1224
epoch 117
train_loss: 0.0731
Module: DropoutFullyConnectedNN
  Module: ModuleList
    Module: Linear
    Module: Linear
    Module: Linear
  Module: ModuleList
    Module: Dropout
dropout设置为训练模式
    Module: Dropout
dropout设置为训练模式
    Module: Dropout
dropout设置为训练模式
  Module: ReLU
test_loss: 0.1262
epoch 118
train_loss: 0.0753
Module: DropoutFullyConnectedNN
  Module: ModuleList
    Module: Linear
    Module: Linear
    Module: Linear
  Module: ModuleList
    Module: Dropout
dropout设置为训练模式
    Module: Dropout
dropout设置为训练模式
    Module: Dropout
dropout设置为训练模式
  Module: ReLU
test_loss: 0.1248
epoch 119
train_loss: 0.0775
Module: DropoutFullyConnectedNN
  Module: ModuleList
    Module: Linear
    Module: Linear
    Module: Linear
  Module: ModuleList
    Module: Dropout
dropout设置为训练模式
    Module: Dropout
dropout设置为训练模式
    Module: Dropout
dropout设置为训练模式
  Module: ReLU
test_loss: 0.1224
epoch 120
train_loss: 0.0778
Module: DropoutFullyConnectedNN
  Module: ModuleList
    Module: Linear
    Module: Linear
    Module: Linear
  Module: ModuleList
    Module: Dropout
dropout设置为训练模式
    Module: Dropout
dropout设置为训练模式
    Module: Dropout
dropout设置为训练模式
  Module: ReLU
test_loss: 0.1264
epoch 121
train_loss: 0.0750
Module: DropoutFullyConnectedNN
  Module: ModuleList
    Module: Linear
    Module: Linear
    Module: Linear
  Module: ModuleList
    Module: Dropout
dropout设置为训练模式
    Module: Dropout
dropout设置为训练模式
    Module: Dropout
dropout设置为训练模式
  Module: ReLU
test_loss: 0.1337
epoch 122
train_loss: 0.0782
Module: DropoutFullyConnectedNN
  Module: ModuleList
    Module: Linear
    Module: Linear
    Module: Linear
  Module: ModuleList
    Module: Dropout
dropout设置为训练模式
    Module: Dropout
dropout设置为训练模式
    Module: Dropout
dropout设置为训练模式
  Module: ReLU
test_loss: 0.1231
epoch 123
train_loss: 0.0718
Module: DropoutFullyConnectedNN
  Module: ModuleList
    Module: Linear
    Module: Linear
    Module: Linear
  Module: ModuleList
    Module: Dropout
dropout设置为训练模式
    Module: Dropout
dropout设置为训练模式
    Module: Dropout
dropout设置为训练模式
  Module: ReLU
test_loss: 0.1289
epoch 124
train_loss: 0.0746
Module: DropoutFullyConnectedNN
  Module: ModuleList
    Module: Linear
    Module: Linear
    Module: Linear
  Module: ModuleList
    Module: Dropout
dropout设置为训练模式
    Module: Dropout
dropout设置为训练模式
    Module: Dropout
dropout设置为训练模式
  Module: ReLU
test_loss: 0.1275
epoch 125
train_loss: 0.0734
Module: DropoutFullyConnectedNN
  Module: ModuleList
    Module: Linear
    Module: Linear
    Module: Linear
  Module: ModuleList
    Module: Dropout
dropout设置为训练模式
    Module: Dropout
dropout设置为训练模式
    Module: Dropout
dropout设置为训练模式
  Module: ReLU
test_loss: 0.1248
epoch 126
train_loss: 0.0753
Module: DropoutFullyConnectedNN
  Module: ModuleList
    Module: Linear
    Module: Linear
    Module: Linear
  Module: ModuleList
    Module: Dropout
dropout设置为训练模式
    Module: Dropout
dropout设置为训练模式
    Module: Dropout
dropout设置为训练模式
  Module: ReLU
test_loss: 0.1301
epoch 127
train_loss: 0.0717
Module: DropoutFullyConnectedNN
  Module: ModuleList
    Module: Linear
    Module: Linear
    Module: Linear
  Module: ModuleList
    Module: Dropout
dropout设置为训练模式
    Module: Dropout
dropout设置为训练模式
    Module: Dropout
dropout设置为训练模式
  Module: ReLU
test_loss: 0.1205
epoch 128
train_loss: 0.0757
Module: DropoutFullyConnectedNN
  Module: ModuleList
    Module: Linear
    Module: Linear
    Module: Linear
  Module: ModuleList
    Module: Dropout
dropout设置为训练模式
    Module: Dropout
dropout设置为训练模式
    Module: Dropout
dropout设置为训练模式
  Module: ReLU
test_loss: 0.1219
epoch 129
train_loss: 0.0701
Module: DropoutFullyConnectedNN
  Module: ModuleList
    Module: Linear
    Module: Linear
    Module: Linear
  Module: ModuleList
    Module: Dropout
dropout设置为训练模式
    Module: Dropout
dropout设置为训练模式
    Module: Dropout
dropout设置为训练模式
  Module: ReLU
test_loss: 0.1329
epoch 130
train_loss: 0.0718
Module: DropoutFullyConnectedNN
  Module: ModuleList
    Module: Linear
    Module: Linear
    Module: Linear
  Module: ModuleList
    Module: Dropout
dropout设置为训练模式
    Module: Dropout
dropout设置为训练模式
    Module: Dropout
dropout设置为训练模式
  Module: ReLU
test_loss: 0.1286
epoch 131
train_loss: 0.0763
Module: DropoutFullyConnectedNN
  Module: ModuleList
    Module: Linear
    Module: Linear
    Module: Linear
  Module: ModuleList
    Module: Dropout
dropout设置为训练模式
    Module: Dropout
dropout设置为训练模式
    Module: Dropout
dropout设置为训练模式
  Module: ReLU
test_loss: 0.1226
epoch 132
train_loss: 0.0755
Module: DropoutFullyConnectedNN
  Module: ModuleList
    Module: Linear
    Module: Linear
    Module: Linear
  Module: ModuleList
    Module: Dropout
dropout设置为训练模式
    Module: Dropout
dropout设置为训练模式
    Module: Dropout
dropout设置为训练模式
  Module: ReLU
test_loss: 0.1219
epoch 133
train_loss: 0.0743
Module: DropoutFullyConnectedNN
  Module: ModuleList
    Module: Linear
    Module: Linear
    Module: Linear
  Module: ModuleList
    Module: Dropout
dropout设置为训练模式
    Module: Dropout
dropout设置为训练模式
    Module: Dropout
dropout设置为训练模式
  Module: ReLU
test_loss: 0.1240
epoch 134
train_loss: 0.0813
Module: DropoutFullyConnectedNN
  Module: ModuleList
    Module: Linear
    Module: Linear
    Module: Linear
  Module: ModuleList
    Module: Dropout
dropout设置为训练模式
    Module: Dropout
dropout设置为训练模式
    Module: Dropout
dropout设置为训练模式
  Module: ReLU
test_loss: 0.1208
epoch 135
train_loss: 0.0655
Module: DropoutFullyConnectedNN
  Module: ModuleList
    Module: Linear
    Module: Linear
    Module: Linear
  Module: ModuleList
    Module: Dropout
dropout设置为训练模式
    Module: Dropout
dropout设置为训练模式
    Module: Dropout
dropout设置为训练模式
  Module: ReLU
test_loss: 0.1168
epoch 136
train_loss: 0.0708
Module: DropoutFullyConnectedNN
  Module: ModuleList
    Module: Linear
    Module: Linear
    Module: Linear
  Module: ModuleList
    Module: Dropout
dropout设置为训练模式
    Module: Dropout
dropout设置为训练模式
    Module: Dropout
dropout设置为训练模式
  Module: ReLU
test_loss: 0.1255
epoch 137
train_loss: 0.0706
Module: DropoutFullyConnectedNN
  Module: ModuleList
    Module: Linear
    Module: Linear
    Module: Linear
  Module: ModuleList
    Module: Dropout
dropout设置为训练模式
    Module: Dropout
dropout设置为训练模式
    Module: Dropout
dropout设置为训练模式
  Module: ReLU
test_loss: 0.1347
epoch 138
train_loss: 0.0751
Module: DropoutFullyConnectedNN
  Module: ModuleList
    Module: Linear
    Module: Linear
    Module: Linear
  Module: ModuleList
    Module: Dropout
dropout设置为训练模式
    Module: Dropout
dropout设置为训练模式
    Module: Dropout
dropout设置为训练模式
  Module: ReLU
test_loss: 0.1249
epoch 139
train_loss: 0.0705
Module: DropoutFullyConnectedNN
  Module: ModuleList
    Module: Linear
    Module: Linear
    Module: Linear
  Module: ModuleList
    Module: Dropout
dropout设置为训练模式
    Module: Dropout
dropout设置为训练模式
    Module: Dropout
dropout设置为训练模式
  Module: ReLU
test_loss: 0.1277
epoch 140
train_loss: 0.0768
Module: DropoutFullyConnectedNN
  Module: ModuleList
    Module: Linear
    Module: Linear
    Module: Linear
  Module: ModuleList
    Module: Dropout
dropout设置为训练模式
    Module: Dropout
dropout设置为训练模式
    Module: Dropout
dropout设置为训练模式
  Module: ReLU
test_loss: 0.1253
epoch 141
train_loss: 0.0735
Module: DropoutFullyConnectedNN
  Module: ModuleList
    Module: Linear
    Module: Linear
    Module: Linear
  Module: ModuleList
    Module: Dropout
dropout设置为训练模式
    Module: Dropout
dropout设置为训练模式
    Module: Dropout
dropout设置为训练模式
  Module: ReLU
test_loss: 0.1317
epoch 142
train_loss: 0.0716
Module: DropoutFullyConnectedNN
  Module: ModuleList
    Module: Linear
    Module: Linear
    Module: Linear
  Module: ModuleList
    Module: Dropout
dropout设置为训练模式
    Module: Dropout
dropout设置为训练模式
    Module: Dropout
dropout设置为训练模式
  Module: ReLU
test_loss: 0.1277
epoch 143
train_loss: 0.0671
Module: DropoutFullyConnectedNN
  Module: ModuleList
    Module: Linear
    Module: Linear
    Module: Linear
  Module: ModuleList
    Module: Dropout
dropout设置为训练模式
    Module: Dropout
dropout设置为训练模式
    Module: Dropout
dropout设置为训练模式
  Module: ReLU
test_loss: 0.1262
epoch 144
train_loss: 0.0766
Module: DropoutFullyConnectedNN
  Module: ModuleList
    Module: Linear
    Module: Linear
    Module: Linear
  Module: ModuleList
    Module: Dropout
dropout设置为训练模式
    Module: Dropout
dropout设置为训练模式
    Module: Dropout
dropout设置为训练模式
  Module: ReLU
test_loss: 0.1278
epoch 145
train_loss: 0.0701
Module: DropoutFullyConnectedNN
  Module: ModuleList
    Module: Linear
    Module: Linear
    Module: Linear
  Module: ModuleList
    Module: Dropout
dropout设置为训练模式
    Module: Dropout
dropout设置为训练模式
    Module: Dropout
dropout设置为训练模式
  Module: ReLU
test_loss: 0.1165
epoch 146
train_loss: 0.0749
Module: DropoutFullyConnectedNN
  Module: ModuleList
    Module: Linear
    Module: Linear
    Module: Linear
  Module: ModuleList
    Module: Dropout
dropout设置为训练模式
    Module: Dropout
dropout设置为训练模式
    Module: Dropout
dropout设置为训练模式
  Module: ReLU
test_loss: 0.1244
epoch 147
train_loss: 0.0790
Module: DropoutFullyConnectedNN
  Module: ModuleList
    Module: Linear
    Module: Linear
    Module: Linear
  Module: ModuleList
    Module: Dropout
dropout设置为训练模式
    Module: Dropout
dropout设置为训练模式
    Module: Dropout
dropout设置为训练模式
  Module: ReLU
test_loss: 0.1255
epoch 148
train_loss: 0.0724
Module: DropoutFullyConnectedNN
  Module: ModuleList
    Module: Linear
    Module: Linear
    Module: Linear
  Module: ModuleList
    Module: Dropout
dropout设置为训练模式
    Module: Dropout
dropout设置为训练模式
    Module: Dropout
dropout设置为训练模式
  Module: ReLU
test_loss: 0.1188
epoch 149
train_loss: 0.0721
Module: DropoutFullyConnectedNN
  Module: ModuleList
    Module: Linear
    Module: Linear
    Module: Linear
  Module: ModuleList
    Module: Dropout
dropout设置为训练模式
    Module: Dropout
dropout设置为训练模式
    Module: Dropout
dropout设置为训练模式
  Module: ReLU
test_loss: 0.1251
epoch 150
train_loss: 0.0737
Module: DropoutFullyConnectedNN
  Module: ModuleList
    Module: Linear
    Module: Linear
    Module: Linear
  Module: ModuleList
    Module: Dropout
dropout设置为训练模式
    Module: Dropout
dropout设置为训练模式
    Module: Dropout
dropout设置为训练模式
  Module: ReLU
test_loss: 0.1174
epoch 151
train_loss: 0.0700
Module: DropoutFullyConnectedNN
  Module: ModuleList
    Module: Linear
    Module: Linear
    Module: Linear
  Module: ModuleList
    Module: Dropout
dropout设置为训练模式
    Module: Dropout
dropout设置为训练模式
    Module: Dropout
dropout设置为训练模式
  Module: ReLU
test_loss: 0.1160
epoch 152
train_loss: 0.0699
Module: DropoutFullyConnectedNN
  Module: ModuleList
    Module: Linear
    Module: Linear
    Module: Linear
  Module: ModuleList
    Module: Dropout
dropout设置为训练模式
    Module: Dropout
dropout设置为训练模式
    Module: Dropout
dropout设置为训练模式
  Module: ReLU
test_loss: 0.1103
epoch 153
train_loss: 0.0724
Module: DropoutFullyConnectedNN
  Module: ModuleList
    Module: Linear
    Module: Linear
    Module: Linear
  Module: ModuleList
    Module: Dropout
dropout设置为训练模式
    Module: Dropout
dropout设置为训练模式
    Module: Dropout
dropout设置为训练模式
  Module: ReLU
test_loss: 0.1154
epoch 154
train_loss: 0.0640
Module: DropoutFullyConnectedNN
  Module: ModuleList
    Module: Linear
    Module: Linear
    Module: Linear
  Module: ModuleList
    Module: Dropout
dropout设置为训练模式
    Module: Dropout
dropout设置为训练模式
    Module: Dropout
dropout设置为训练模式
  Module: ReLU
test_loss: 0.1141
epoch 155
train_loss: 0.0750
Module: DropoutFullyConnectedNN
  Module: ModuleList
    Module: Linear
    Module: Linear
    Module: Linear
  Module: ModuleList
    Module: Dropout
dropout设置为训练模式
    Module: Dropout
dropout设置为训练模式
    Module: Dropout
dropout设置为训练模式
  Module: ReLU
test_loss: 0.1162
epoch 156
train_loss: 0.0684
Module: DropoutFullyConnectedNN
  Module: ModuleList
    Module: Linear
    Module: Linear
    Module: Linear
  Module: ModuleList
    Module: Dropout
dropout设置为训练模式
    Module: Dropout
dropout设置为训练模式
    Module: Dropout
dropout设置为训练模式
  Module: ReLU
test_loss: 0.1088
epoch 157
train_loss: 0.0714
Module: DropoutFullyConnectedNN
  Module: ModuleList
    Module: Linear
    Module: Linear
    Module: Linear
  Module: ModuleList
    Module: Dropout
dropout设置为训练模式
    Module: Dropout
dropout设置为训练模式
    Module: Dropout
dropout设置为训练模式
  Module: ReLU
test_loss: 0.1131
epoch 158
train_loss: 0.0698
Module: DropoutFullyConnectedNN
  Module: ModuleList
    Module: Linear
    Module: Linear
    Module: Linear
  Module: ModuleList
    Module: Dropout
dropout设置为训练模式
    Module: Dropout
dropout设置为训练模式
    Module: Dropout
dropout设置为训练模式
  Module: ReLU
test_loss: 0.1173
epoch 159
train_loss: 0.0681
Module: DropoutFullyConnectedNN
  Module: ModuleList
    Module: Linear
    Module: Linear
    Module: Linear
  Module: ModuleList
    Module: Dropout
dropout设置为训练模式
    Module: Dropout
dropout设置为训练模式
    Module: Dropout
dropout设置为训练模式
  Module: ReLU
test_loss: 0.1149
epoch 160
train_loss: 0.0713
Module: DropoutFullyConnectedNN
  Module: ModuleList
    Module: Linear
    Module: Linear
    Module: Linear
  Module: ModuleList
    Module: Dropout
dropout设置为训练模式
    Module: Dropout
dropout设置为训练模式
    Module: Dropout
dropout设置为训练模式
  Module: ReLU
test_loss: 0.1138
epoch 161
train_loss: 0.0695
Module: DropoutFullyConnectedNN
  Module: ModuleList
    Module: Linear
    Module: Linear
    Module: Linear
  Module: ModuleList
    Module: Dropout
dropout设置为训练模式
    Module: Dropout
dropout设置为训练模式
    Module: Dropout
dropout设置为训练模式
  Module: ReLU
test_loss: 0.1148
epoch 162
train_loss: 0.0731
Module: DropoutFullyConnectedNN
  Module: ModuleList
    Module: Linear
    Module: Linear
    Module: Linear
  Module: ModuleList
    Module: Dropout
dropout设置为训练模式
    Module: Dropout
dropout设置为训练模式
    Module: Dropout
dropout设置为训练模式
  Module: ReLU
test_loss: 0.1168
epoch 163
train_loss: 0.0699
Module: DropoutFullyConnectedNN
  Module: ModuleList
    Module: Linear
    Module: Linear
    Module: Linear
  Module: ModuleList
    Module: Dropout
dropout设置为训练模式
    Module: Dropout
dropout设置为训练模式
    Module: Dropout
dropout设置为训练模式
  Module: ReLU
test_loss: 0.1182
epoch 164
train_loss: 0.0677
Module: DropoutFullyConnectedNN
  Module: ModuleList
    Module: Linear
    Module: Linear
    Module: Linear
  Module: ModuleList
    Module: Dropout
dropout设置为训练模式
    Module: Dropout
dropout设置为训练模式
    Module: Dropout
dropout设置为训练模式
  Module: ReLU
test_loss: 0.1209
epoch 165
train_loss: 0.0700
Module: DropoutFullyConnectedNN
  Module: ModuleList
    Module: Linear
    Module: Linear
    Module: Linear
  Module: ModuleList
    Module: Dropout
dropout设置为训练模式
    Module: Dropout
dropout设置为训练模式
    Module: Dropout
dropout设置为训练模式
  Module: ReLU
test_loss: 0.1186
epoch 166
train_loss: 0.0733
Module: DropoutFullyConnectedNN
  Module: ModuleList
    Module: Linear
    Module: Linear
    Module: Linear
  Module: ModuleList
    Module: Dropout
dropout设置为训练模式
    Module: Dropout
dropout设置为训练模式
    Module: Dropout
dropout设置为训练模式
  Module: ReLU
test_loss: 0.1134
epoch 167
train_loss: 0.0656
Module: DropoutFullyConnectedNN
  Module: ModuleList
    Module: Linear
    Module: Linear
    Module: Linear
  Module: ModuleList
    Module: Dropout
dropout设置为训练模式
    Module: Dropout
dropout设置为训练模式
    Module: Dropout
dropout设置为训练模式
  Module: ReLU
test_loss: 0.1170
epoch 168
train_loss: 0.0672
Module: DropoutFullyConnectedNN
  Module: ModuleList
    Module: Linear
    Module: Linear
    Module: Linear
  Module: ModuleList
    Module: Dropout
dropout设置为训练模式
    Module: Dropout
dropout设置为训练模式
    Module: Dropout
dropout设置为训练模式
  Module: ReLU
test_loss: 0.1172
epoch 169
train_loss: 0.0731
Module: DropoutFullyConnectedNN
  Module: ModuleList
    Module: Linear
    Module: Linear
    Module: Linear
  Module: ModuleList
    Module: Dropout
dropout设置为训练模式
    Module: Dropout
dropout设置为训练模式
    Module: Dropout
dropout设置为训练模式
  Module: ReLU
test_loss: 0.1133
epoch 170
train_loss: 0.0713
Module: DropoutFullyConnectedNN
  Module: ModuleList
    Module: Linear
    Module: Linear
    Module: Linear
  Module: ModuleList
    Module: Dropout
dropout设置为训练模式
    Module: Dropout
dropout设置为训练模式
    Module: Dropout
dropout设置为训练模式
  Module: ReLU
test_loss: 0.1243
epoch 171
train_loss: 0.0699
Module: DropoutFullyConnectedNN
  Module: ModuleList
    Module: Linear
    Module: Linear
    Module: Linear
  Module: ModuleList
    Module: Dropout
dropout设置为训练模式
    Module: Dropout
dropout设置为训练模式
    Module: Dropout
dropout设置为训练模式
  Module: ReLU
test_loss: 0.1193
epoch 172
train_loss: 0.0674
Module: DropoutFullyConnectedNN
  Module: ModuleList
    Module: Linear
    Module: Linear
    Module: Linear
  Module: ModuleList
    Module: Dropout
dropout设置为训练模式
    Module: Dropout
dropout设置为训练模式
    Module: Dropout
dropout设置为训练模式
  Module: ReLU
test_loss: 0.1219
epoch 173
train_loss: 0.0629
Module: DropoutFullyConnectedNN
  Module: ModuleList
    Module: Linear
    Module: Linear
    Module: Linear
  Module: ModuleList
    Module: Dropout
dropout设置为训练模式
    Module: Dropout
dropout设置为训练模式
    Module: Dropout
dropout设置为训练模式
  Module: ReLU
test_loss: 0.1145
epoch 174
train_loss: 0.0631
Module: DropoutFullyConnectedNN
  Module: ModuleList
    Module: Linear
    Module: Linear
    Module: Linear
  Module: ModuleList
    Module: Dropout
dropout设置为训练模式
    Module: Dropout
dropout设置为训练模式
    Module: Dropout
dropout设置为训练模式
  Module: ReLU
test_loss: 0.1210
epoch 175
train_loss: 0.0779
Module: DropoutFullyConnectedNN
  Module: ModuleList
    Module: Linear
    Module: Linear
    Module: Linear
  Module: ModuleList
    Module: Dropout
dropout设置为训练模式
    Module: Dropout
dropout设置为训练模式
    Module: Dropout
dropout设置为训练模式
  Module: ReLU
test_loss: 0.1179
epoch 176
train_loss: 0.0688
Module: DropoutFullyConnectedNN
  Module: ModuleList
    Module: Linear
    Module: Linear
    Module: Linear
  Module: ModuleList
    Module: Dropout
dropout设置为训练模式
    Module: Dropout
dropout设置为训练模式
    Module: Dropout
dropout设置为训练模式
  Module: ReLU
test_loss: 0.1195
epoch 177
train_loss: 0.0673
Module: DropoutFullyConnectedNN
  Module: ModuleList
    Module: Linear
    Module: Linear
    Module: Linear
  Module: ModuleList
    Module: Dropout
dropout设置为训练模式
    Module: Dropout
dropout设置为训练模式
    Module: Dropout
dropout设置为训练模式
  Module: ReLU
test_loss: 0.1208
epoch 178
train_loss: 0.0671
Module: DropoutFullyConnectedNN
  Module: ModuleList
    Module: Linear
    Module: Linear
    Module: Linear
  Module: ModuleList
    Module: Dropout
dropout设置为训练模式
    Module: Dropout
dropout设置为训练模式
    Module: Dropout
dropout设置为训练模式
  Module: ReLU
test_loss: 0.1225
epoch 179
train_loss: 0.0702
Module: DropoutFullyConnectedNN
  Module: ModuleList
    Module: Linear
    Module: Linear
    Module: Linear
  Module: ModuleList
    Module: Dropout
dropout设置为训练模式
    Module: Dropout
dropout设置为训练模式
    Module: Dropout
dropout设置为训练模式
  Module: ReLU
test_loss: 0.1180
epoch 180
train_loss: 0.0637
Module: DropoutFullyConnectedNN
  Module: ModuleList
    Module: Linear
    Module: Linear
    Module: Linear
  Module: ModuleList
    Module: Dropout
dropout设置为训练模式
    Module: Dropout
dropout设置为训练模式
    Module: Dropout
dropout设置为训练模式
  Module: ReLU
test_loss: 0.1159
epoch 181
train_loss: 0.0692
Module: DropoutFullyConnectedNN
  Module: ModuleList
    Module: Linear
    Module: Linear
    Module: Linear
  Module: ModuleList
    Module: Dropout
dropout设置为训练模式
    Module: Dropout
dropout设置为训练模式
    Module: Dropout
dropout设置为训练模式
  Module: ReLU
test_loss: 0.1122
epoch 182
train_loss: 0.0623
Module: DropoutFullyConnectedNN
  Module: ModuleList
    Module: Linear
    Module: Linear
    Module: Linear
  Module: ModuleList
    Module: Dropout
dropout设置为训练模式
    Module: Dropout
dropout设置为训练模式
    Module: Dropout
dropout设置为训练模式
  Module: ReLU
test_loss: 0.1201
epoch 183
train_loss: 0.0704
Module: DropoutFullyConnectedNN
  Module: ModuleList
    Module: Linear
    Module: Linear
    Module: Linear
  Module: ModuleList
    Module: Dropout
dropout设置为训练模式
    Module: Dropout
dropout设置为训练模式
    Module: Dropout
dropout设置为训练模式
  Module: ReLU
test_loss: 0.1143
epoch 184
train_loss: 0.0705
Module: DropoutFullyConnectedNN
  Module: ModuleList
    Module: Linear
    Module: Linear
    Module: Linear
  Module: ModuleList
    Module: Dropout
dropout设置为训练模式
    Module: Dropout
dropout设置为训练模式
    Module: Dropout
dropout设置为训练模式
  Module: ReLU
test_loss: 0.1194
epoch 185
train_loss: 0.0774
Module: DropoutFullyConnectedNN
  Module: ModuleList
    Module: Linear
    Module: Linear
    Module: Linear
  Module: ModuleList
    Module: Dropout
dropout设置为训练模式
    Module: Dropout
dropout设置为训练模式
    Module: Dropout
dropout设置为训练模式
  Module: ReLU
test_loss: 0.1122
epoch 186
train_loss: 0.0681
Module: DropoutFullyConnectedNN
  Module: ModuleList
    Module: Linear
    Module: Linear
    Module: Linear
  Module: ModuleList
    Module: Dropout
dropout设置为训练模式
    Module: Dropout
dropout设置为训练模式
    Module: Dropout
dropout设置为训练模式
  Module: ReLU
test_loss: 0.1071
epoch 187
train_loss: 0.0638
Module: DropoutFullyConnectedNN
  Module: ModuleList
    Module: Linear
    Module: Linear
    Module: Linear
  Module: ModuleList
    Module: Dropout
dropout设置为训练模式
    Module: Dropout
dropout设置为训练模式
    Module: Dropout
dropout设置为训练模式
  Module: ReLU
test_loss: 0.1123
epoch 188
train_loss: 0.0740
Module: DropoutFullyConnectedNN
  Module: ModuleList
    Module: Linear
    Module: Linear
    Module: Linear
  Module: ModuleList
    Module: Dropout
dropout设置为训练模式
    Module: Dropout
dropout设置为训练模式
    Module: Dropout
dropout设置为训练模式
  Module: ReLU
test_loss: 0.1012
epoch 189
train_loss: 0.0661
Module: DropoutFullyConnectedNN
  Module: ModuleList
    Module: Linear
    Module: Linear
    Module: Linear
  Module: ModuleList
    Module: Dropout
dropout设置为训练模式
    Module: Dropout
dropout设置为训练模式
    Module: Dropout
dropout设置为训练模式
  Module: ReLU
test_loss: 0.1122
epoch 190
train_loss: 0.0631
Module: DropoutFullyConnectedNN
  Module: ModuleList
    Module: Linear
    Module: Linear
    Module: Linear
  Module: ModuleList
    Module: Dropout
dropout设置为训练模式
    Module: Dropout
dropout设置为训练模式
    Module: Dropout
dropout设置为训练模式
  Module: ReLU
test_loss: 0.1145
epoch 191
train_loss: 0.0695
Module: DropoutFullyConnectedNN
  Module: ModuleList
    Module: Linear
    Module: Linear
    Module: Linear
  Module: ModuleList
    Module: Dropout
dropout设置为训练模式
    Module: Dropout
dropout设置为训练模式
    Module: Dropout
dropout设置为训练模式
  Module: ReLU
test_loss: 0.1138
epoch 192
train_loss: 0.0682
Module: DropoutFullyConnectedNN
  Module: ModuleList
    Module: Linear
    Module: Linear
    Module: Linear
  Module: ModuleList
    Module: Dropout
dropout设置为训练模式
    Module: Dropout
dropout设置为训练模式
    Module: Dropout
dropout设置为训练模式
  Module: ReLU
test_loss: 0.1112
epoch 193
train_loss: 0.0681
Module: DropoutFullyConnectedNN
  Module: ModuleList
    Module: Linear
    Module: Linear
    Module: Linear
  Module: ModuleList
    Module: Dropout
dropout设置为训练模式
    Module: Dropout
dropout设置为训练模式
    Module: Dropout
dropout设置为训练模式
  Module: ReLU
test_loss: 0.1074
epoch 194
train_loss: 0.0688
Module: DropoutFullyConnectedNN
  Module: ModuleList
    Module: Linear
    Module: Linear
    Module: Linear
  Module: ModuleList
    Module: Dropout
dropout设置为训练模式
    Module: Dropout
dropout设置为训练模式
    Module: Dropout
dropout设置为训练模式
  Module: ReLU
test_loss: 0.1047
epoch 195
train_loss: 0.0647
Module: DropoutFullyConnectedNN
  Module: ModuleList
    Module: Linear
    Module: Linear
    Module: Linear
  Module: ModuleList
    Module: Dropout
dropout设置为训练模式
    Module: Dropout
dropout设置为训练模式
    Module: Dropout
dropout设置为训练模式
  Module: ReLU
test_loss: 0.1061
epoch 196
train_loss: 0.0663
Module: DropoutFullyConnectedNN
  Module: ModuleList
    Module: Linear
    Module: Linear
    Module: Linear
  Module: ModuleList
    Module: Dropout
dropout设置为训练模式
    Module: Dropout
dropout设置为训练模式
    Module: Dropout
dropout设置为训练模式
  Module: ReLU
test_loss: 0.1059
epoch 197
train_loss: 0.0654
Module: DropoutFullyConnectedNN
  Module: ModuleList
    Module: Linear
    Module: Linear
    Module: Linear
  Module: ModuleList
    Module: Dropout
dropout设置为训练模式
    Module: Dropout
dropout设置为训练模式
    Module: Dropout
dropout设置为训练模式
  Module: ReLU
test_loss: 0.1096
epoch 198
train_loss: 0.0594
Module: DropoutFullyConnectedNN
  Module: ModuleList
    Module: Linear
    Module: Linear
    Module: Linear
  Module: ModuleList
    Module: Dropout
dropout设置为训练模式
    Module: Dropout
dropout设置为训练模式
    Module: Dropout
dropout设置为训练模式
  Module: ReLU
test_loss: 0.1066
epoch 199
train_loss: 0.0692
Module: DropoutFullyConnectedNN
  Module: ModuleList
    Module: Linear
    Module: Linear
    Module: Linear
  Module: ModuleList
    Module: Dropout
dropout设置为训练模式
    Module: Dropout
dropout设置为训练模式
    Module: Dropout
dropout设置为训练模式
  Module: ReLU
test_loss: 0.1170
epoch 200
train_loss: 0.0686
Module: DropoutFullyConnectedNN
  Module: ModuleList
    Module: Linear
    Module: Linear
    Module: Linear
  Module: ModuleList
    Module: Dropout
dropout设置为训练模式
    Module: Dropout
dropout设置为训练模式
    Module: Dropout
dropout设置为训练模式
  Module: ReLU
test_loss: 0.1212
epoch 201
train_loss: 0.0725
Module: DropoutFullyConnectedNN
  Module: ModuleList
    Module: Linear
    Module: Linear
    Module: Linear
  Module: ModuleList
    Module: Dropout
dropout设置为训练模式
    Module: Dropout
dropout设置为训练模式
    Module: Dropout
dropout设置为训练模式
  Module: ReLU
test_loss: 0.1172
epoch 202
train_loss: 0.0636
Module: DropoutFullyConnectedNN
  Module: ModuleList
    Module: Linear
    Module: Linear
    Module: Linear
  Module: ModuleList
    Module: Dropout
dropout设置为训练模式
    Module: Dropout
dropout设置为训练模式
    Module: Dropout
dropout设置为训练模式
  Module: ReLU
test_loss: 0.1040
epoch 203
train_loss: 0.0667
Module: DropoutFullyConnectedNN
  Module: ModuleList
    Module: Linear
    Module: Linear
    Module: Linear
  Module: ModuleList
    Module: Dropout
dropout设置为训练模式
    Module: Dropout
dropout设置为训练模式
    Module: Dropout
dropout设置为训练模式
  Module: ReLU
test_loss: 0.1279
epoch 204
train_loss: 0.0713
Module: DropoutFullyConnectedNN
  Module: ModuleList
    Module: Linear
    Module: Linear
    Module: Linear
  Module: ModuleList
    Module: Dropout
dropout设置为训练模式
    Module: Dropout
dropout设置为训练模式
    Module: Dropout
dropout设置为训练模式
  Module: ReLU
test_loss: 0.1129
epoch 205
train_loss: 0.0670
Module: DropoutFullyConnectedNN
  Module: ModuleList
    Module: Linear
    Module: Linear
    Module: Linear
  Module: ModuleList
    Module: Dropout
dropout设置为训练模式
    Module: Dropout
dropout设置为训练模式
    Module: Dropout
dropout设置为训练模式
  Module: ReLU
test_loss: 0.1146
epoch 206
train_loss: 0.0633
Module: DropoutFullyConnectedNN
  Module: ModuleList
    Module: Linear
    Module: Linear
    Module: Linear
  Module: ModuleList
    Module: Dropout
dropout设置为训练模式
    Module: Dropout
dropout设置为训练模式
    Module: Dropout
dropout设置为训练模式
  Module: ReLU
test_loss: 0.1161
epoch 207
train_loss: 0.0679
Module: DropoutFullyConnectedNN
  Module: ModuleList
    Module: Linear
    Module: Linear
    Module: Linear
  Module: ModuleList
    Module: Dropout
dropout设置为训练模式
    Module: Dropout
dropout设置为训练模式
    Module: Dropout
dropout设置为训练模式
  Module: ReLU
test_loss: 0.1153
epoch 208
train_loss: 0.0725
Module: DropoutFullyConnectedNN
  Module: ModuleList
    Module: Linear
    Module: Linear
    Module: Linear
  Module: ModuleList
    Module: Dropout
dropout设置为训练模式
    Module: Dropout
dropout设置为训练模式
    Module: Dropout
dropout设置为训练模式
  Module: ReLU
test_loss: 0.1107
epoch 209
train_loss: 0.0720
Module: DropoutFullyConnectedNN
  Module: ModuleList
    Module: Linear
    Module: Linear
    Module: Linear
  Module: ModuleList
    Module: Dropout
dropout设置为训练模式
    Module: Dropout
dropout设置为训练模式
    Module: Dropout
dropout设置为训练模式
  Module: ReLU
test_loss: 0.1055
epoch 210
train_loss: 0.0692
Module: DropoutFullyConnectedNN
  Module: ModuleList
    Module: Linear
    Module: Linear
    Module: Linear
  Module: ModuleList
    Module: Dropout
dropout设置为训练模式
    Module: Dropout
dropout设置为训练模式
    Module: Dropout
dropout设置为训练模式
  Module: ReLU
test_loss: 0.1102
epoch 211
train_loss: 0.0662
Module: DropoutFullyConnectedNN
  Module: ModuleList
    Module: Linear
    Module: Linear
    Module: Linear
  Module: ModuleList
    Module: Dropout
dropout设置为训练模式
    Module: Dropout
dropout设置为训练模式
    Module: Dropout
dropout设置为训练模式
  Module: ReLU
test_loss: 0.1185
epoch 212
train_loss: 0.0674
Module: DropoutFullyConnectedNN
  Module: ModuleList
    Module: Linear
    Module: Linear
    Module: Linear
  Module: ModuleList
    Module: Dropout
dropout设置为训练模式
    Module: Dropout
dropout设置为训练模式
    Module: Dropout
dropout设置为训练模式
  Module: ReLU
test_loss: 0.1232
epoch 213
train_loss: 0.0696
Module: DropoutFullyConnectedNN
  Module: ModuleList
    Module: Linear
    Module: Linear
    Module: Linear
  Module: ModuleList
    Module: Dropout
dropout设置为训练模式
    Module: Dropout
dropout设置为训练模式
    Module: Dropout
dropout设置为训练模式
  Module: ReLU
test_loss: 0.1155
epoch 214
train_loss: 0.0655
Module: DropoutFullyConnectedNN
  Module: ModuleList
    Module: Linear
    Module: Linear
    Module: Linear
  Module: ModuleList
    Module: Dropout
dropout设置为训练模式
    Module: Dropout
dropout设置为训练模式
    Module: Dropout
dropout设置为训练模式
  Module: ReLU
test_loss: 0.1140
epoch 215
train_loss: 0.0635
Module: DropoutFullyConnectedNN
  Module: ModuleList
    Module: Linear
    Module: Linear
    Module: Linear
  Module: ModuleList
    Module: Dropout
dropout设置为训练模式
    Module: Dropout
dropout设置为训练模式
    Module: Dropout
dropout设置为训练模式
  Module: ReLU
test_loss: 0.1093
epoch 216
train_loss: 0.0716
Module: DropoutFullyConnectedNN
  Module: ModuleList
    Module: Linear
    Module: Linear
    Module: Linear
  Module: ModuleList
    Module: Dropout
dropout设置为训练模式
    Module: Dropout
dropout设置为训练模式
    Module: Dropout
dropout设置为训练模式
  Module: ReLU
test_loss: 0.1103
epoch 217
train_loss: 0.0688
Module: DropoutFullyConnectedNN
  Module: ModuleList
    Module: Linear
    Module: Linear
    Module: Linear
  Module: ModuleList
    Module: Dropout
dropout设置为训练模式
    Module: Dropout
dropout设置为训练模式
    Module: Dropout
dropout设置为训练模式
  Module: ReLU
test_loss: 0.1117
epoch 218
train_loss: 0.0673
Module: DropoutFullyConnectedNN
  Module: ModuleList
    Module: Linear
    Module: Linear
    Module: Linear
  Module: ModuleList
    Module: Dropout
dropout设置为训练模式
    Module: Dropout
dropout设置为训练模式
    Module: Dropout
dropout设置为训练模式
  Module: ReLU
test_loss: 0.1065
epoch 219
train_loss: 0.0613
Module: DropoutFullyConnectedNN
  Module: ModuleList
    Module: Linear
    Module: Linear
    Module: Linear
  Module: ModuleList
    Module: Dropout
dropout设置为训练模式
    Module: Dropout
dropout设置为训练模式
    Module: Dropout
dropout设置为训练模式
  Module: ReLU
test_loss: 0.1112
epoch 220
train_loss: 0.0664
Module: DropoutFullyConnectedNN
  Module: ModuleList
    Module: Linear
    Module: Linear
    Module: Linear
  Module: ModuleList
    Module: Dropout
dropout设置为训练模式
    Module: Dropout
dropout设置为训练模式
    Module: Dropout
dropout设置为训练模式
  Module: ReLU
test_loss: 0.1083
epoch 221
train_loss: 0.0676
Module: DropoutFullyConnectedNN
  Module: ModuleList
    Module: Linear
    Module: Linear
    Module: Linear
  Module: ModuleList
    Module: Dropout
dropout设置为训练模式
    Module: Dropout
dropout设置为训练模式
    Module: Dropout
dropout设置为训练模式
  Module: ReLU
test_loss: 0.1027
epoch 222
train_loss: 0.0628
Module: DropoutFullyConnectedNN
  Module: ModuleList
    Module: Linear
    Module: Linear
    Module: Linear
  Module: ModuleList
    Module: Dropout
dropout设置为训练模式
    Module: Dropout
dropout设置为训练模式
    Module: Dropout
dropout设置为训练模式
  Module: ReLU
test_loss: 0.1146
epoch 223
train_loss: 0.0660
Module: DropoutFullyConnectedNN
  Module: ModuleList
    Module: Linear
    Module: Linear
    Module: Linear
  Module: ModuleList
    Module: Dropout
dropout设置为训练模式
    Module: Dropout
dropout设置为训练模式
    Module: Dropout
dropout设置为训练模式
  Module: ReLU
test_loss: 0.1231
epoch 224
train_loss: 0.0652
Module: DropoutFullyConnectedNN
  Module: ModuleList
    Module: Linear
    Module: Linear
    Module: Linear
  Module: ModuleList
    Module: Dropout
dropout设置为训练模式
    Module: Dropout
dropout设置为训练模式
    Module: Dropout
dropout设置为训练模式
  Module: ReLU
test_loss: 0.1124
epoch 225
train_loss: 0.0732
Module: DropoutFullyConnectedNN
  Module: ModuleList
    Module: Linear
    Module: Linear
    Module: Linear
  Module: ModuleList
    Module: Dropout
dropout设置为训练模式
    Module: Dropout
dropout设置为训练模式
    Module: Dropout
dropout设置为训练模式
  Module: ReLU
test_loss: 0.1127
epoch 226
train_loss: 0.0664
Module: DropoutFullyConnectedNN
  Module: ModuleList
    Module: Linear
    Module: Linear
    Module: Linear
  Module: ModuleList
    Module: Dropout
dropout设置为训练模式
    Module: Dropout
dropout设置为训练模式
    Module: Dropout
dropout设置为训练模式
  Module: ReLU
test_loss: 0.1063
epoch 227
train_loss: 0.0680
Module: DropoutFullyConnectedNN
  Module: ModuleList
    Module: Linear
    Module: Linear
    Module: Linear
  Module: ModuleList
    Module: Dropout
dropout设置为训练模式
    Module: Dropout
dropout设置为训练模式
    Module: Dropout
dropout设置为训练模式
  Module: ReLU
test_loss: 0.1122
epoch 228
train_loss: 0.0665
Module: DropoutFullyConnectedNN
  Module: ModuleList
    Module: Linear
    Module: Linear
    Module: Linear
  Module: ModuleList
    Module: Dropout
dropout设置为训练模式
    Module: Dropout
dropout设置为训练模式
    Module: Dropout
dropout设置为训练模式
  Module: ReLU
test_loss: 0.1160
epoch 229
train_loss: 0.0675
Module: DropoutFullyConnectedNN
  Module: ModuleList
    Module: Linear
    Module: Linear
    Module: Linear
  Module: ModuleList
    Module: Dropout
dropout设置为训练模式
    Module: Dropout
dropout设置为训练模式
    Module: Dropout
dropout设置为训练模式
  Module: ReLU
test_loss: 0.1122
/home/xueqiong/noise_injection_uncertainty/regression/utils.py:39: FutureWarning: The 'delim_whitespace' keyword in pd.read_csv is deprecated and will be removed in a future version. Use ``sep='\s+'`` instead
  return pd.read_csv(dataset_path, engine='python', header=None, delim_whitespace=True)
8 1
824 206 1030
model_name fixnoiseFCN
using Adam as optimizer
epoch 0
train_loss: 0.8450
test_loss: 0.6951
epoch 1
train_loss: 0.5363
test_loss: 0.4392
epoch 2
train_loss: 0.3920
test_loss: 0.3712
epoch 3
train_loss: 0.3379
test_loss: 0.3348
epoch 4
train_loss: 0.3061
test_loss: 0.3110
epoch 5
train_loss: 0.2728
test_loss: 0.2862
epoch 6
train_loss: 0.2477
test_loss: 0.2642
epoch 7
train_loss: 0.2289
test_loss: 0.2498
epoch 8
train_loss: 0.2138
test_loss: 0.2286
epoch 9
train_loss: 0.1985
test_loss: 0.2151
epoch 10
train_loss: 0.1951
test_loss: 0.2045
epoch 11
train_loss: 0.1765
test_loss: 0.1986
epoch 12
train_loss: 0.1674
test_loss: 0.1908
epoch 13
train_loss: 0.1629
test_loss: 0.1808
epoch 14
train_loss: 0.1567
test_loss: 0.1779
epoch 15
train_loss: 0.1474
test_loss: 0.1694
epoch 16
train_loss: 0.1406
test_loss: 0.1705
epoch 17
train_loss: 0.1408
test_loss: 0.1635
epoch 18
train_loss: 0.1380
test_loss: 0.1599
epoch 19
train_loss: 0.1304
test_loss: 0.1565
epoch 20
train_loss: 0.1292
test_loss: 0.1531
epoch 21
train_loss: 0.1307
test_loss: 0.1529
epoch 22
train_loss: 0.1270
test_loss: 0.1493
epoch 23
train_loss: 0.1183
test_loss: 0.1528
epoch 24
train_loss: 0.1166
test_loss: 0.1485
epoch 25
train_loss: 0.1132
test_loss: 0.1517
epoch 26
train_loss: 0.1151
test_loss: 0.1536
epoch 27
train_loss: 0.1112
test_loss: 0.1449
epoch 28
train_loss: 0.1104
test_loss: 0.1483
epoch 29
train_loss: 0.1132
test_loss: 0.1523
epoch 30
train_loss: 0.1127
test_loss: 0.1491
epoch 31
train_loss: 0.1074
test_loss: 0.1435
epoch 32
train_loss: 0.1088
test_loss: 0.1439
epoch 33
train_loss: 0.1081
test_loss: 0.1420
epoch 34
train_loss: 0.0966
test_loss: 0.1444
epoch 35
train_loss: 0.0999
test_loss: 0.1433
epoch 36
train_loss: 0.0982
test_loss: 0.1435
epoch 37
train_loss: 0.0957
test_loss: 0.1444
epoch 38
train_loss: 0.0990
test_loss: 0.1416
epoch 39
train_loss: 0.0970
test_loss: 0.1410
epoch 40
train_loss: 0.0953
test_loss: 0.1430
epoch 41
train_loss: 0.0947
test_loss: 0.1416
epoch 42
train_loss: 0.0923
test_loss: 0.1358
epoch 43
train_loss: 0.0904
test_loss: 0.1445
epoch 44
train_loss: 0.0992
test_loss: 0.1377
epoch 45
train_loss: 0.0933
test_loss: 0.1376
epoch 46
train_loss: 0.0896
test_loss: 0.1363
epoch 47
train_loss: 0.0847
test_loss: 0.1387
epoch 48
train_loss: 0.0870
test_loss: 0.1333
epoch 49
train_loss: 0.0847
test_loss: 0.1384
epoch 50
train_loss: 0.0873
test_loss: 0.1365
epoch 51
train_loss: 0.0873
test_loss: 0.1472
epoch 52
train_loss: 0.0848
test_loss: 0.1308
epoch 53
train_loss: 0.0819
test_loss: 0.1342
epoch 54
train_loss: 0.0883
test_loss: 0.1391
epoch 55
train_loss: 0.0808
test_loss: 0.1334
epoch 56
train_loss: 0.0761
test_loss: 0.1330
epoch 57
train_loss: 0.0813
test_loss: 0.1299
epoch 58
train_loss: 0.0842
test_loss: 0.1316
epoch 59
train_loss: 0.0850
test_loss: 0.1355
epoch 60
train_loss: 0.0849
test_loss: 0.1302
epoch 61
train_loss: 0.0760
test_loss: 0.1351
epoch 62
train_loss: 0.0762
test_loss: 0.1350
epoch 63
train_loss: 0.0804
test_loss: 0.1322
epoch 64
train_loss: 0.0766
test_loss: 0.1371
epoch 65
train_loss: 0.0808
test_loss: 0.1322
epoch 66
train_loss: 0.0792
test_loss: 0.1241
epoch 67
train_loss: 0.0736
test_loss: 0.1325
epoch 68
train_loss: 0.0820
test_loss: 0.1315
epoch 69
train_loss: 0.0814
test_loss: 0.1300
epoch 70
train_loss: 0.0741
test_loss: 0.1307
epoch 71
train_loss: 0.0711
test_loss: 0.1269
epoch 72
train_loss: 0.0753
test_loss: 0.1365
epoch 73
train_loss: 0.0736
test_loss: 0.1259
epoch 74
train_loss: 0.0791
test_loss: 0.1464
epoch 75
train_loss: 0.0742
test_loss: 0.1263
epoch 76
train_loss: 0.0700
test_loss: 0.1282
epoch 77
train_loss: 0.0762
test_loss: 0.1317
epoch 78
train_loss: 0.0776
test_loss: 0.1278
epoch 79
train_loss: 0.0784
test_loss: 0.1337
epoch 80
train_loss: 0.0754
test_loss: 0.1282
epoch 81
train_loss: 0.0766
test_loss: 0.1353
epoch 82
train_loss: 0.0752
test_loss: 0.1377
epoch 83
train_loss: 0.0715
test_loss: 0.1311
epoch 84
train_loss: 0.0819
test_loss: 0.1306
epoch 85
train_loss: 0.0706
test_loss: 0.1276
epoch 86
train_loss: 0.0760
test_loss: 0.1267
epoch 87
train_loss: 0.0730
test_loss: 0.1261
epoch 88
train_loss: 0.0701
test_loss: 0.1322
epoch 89
train_loss: 0.0789
test_loss: 0.1268
epoch 90
train_loss: 0.0772
test_loss: 0.1253
epoch 91
train_loss: 0.0764
test_loss: 0.1239
epoch 92
train_loss: 0.0695
test_loss: 0.1226
epoch 93
train_loss: 0.0692
test_loss: 0.1216
epoch 94
train_loss: 0.0791
test_loss: 0.1250
epoch 95
train_loss: 0.0708
test_loss: 0.1248
epoch 96
train_loss: 0.0723
test_loss: 0.1256
epoch 97
train_loss: 0.0788
test_loss: 0.1257
epoch 98
train_loss: 0.0683
test_loss: 0.1250
epoch 99
train_loss: 0.0769
test_loss: 0.1218
epoch 100
train_loss: 0.0756
test_loss: 0.1298
epoch 101
train_loss: 0.0661
test_loss: 0.1230
epoch 102
train_loss: 0.0688
test_loss: 0.1221
epoch 103
train_loss: 0.0680
test_loss: 0.1204
epoch 104
train_loss: 0.0664
test_loss: 0.1216
epoch 105
train_loss: 0.0742
test_loss: 0.1206
epoch 106
train_loss: 0.0667
test_loss: 0.1187
epoch 107
train_loss: 0.0653
test_loss: 0.1295
epoch 108
train_loss: 0.0689
test_loss: 0.1222
epoch 109
train_loss: 0.0718
test_loss: 0.1215
epoch 110
train_loss: 0.0713
test_loss: 0.1257
epoch 111
train_loss: 0.0678
test_loss: 0.1207
epoch 112
train_loss: 0.0674
test_loss: 0.1219
epoch 113
train_loss: 0.0654
test_loss: 0.1178
epoch 114
train_loss: 0.0622
test_loss: 0.1159
epoch 115
train_loss: 0.0611
test_loss: 0.1195
epoch 116
train_loss: 0.0651
test_loss: 0.1195
epoch 117
train_loss: 0.0648
test_loss: 0.1238
epoch 118
train_loss: 0.0730
test_loss: 0.1232
epoch 119
train_loss: 0.0730
test_loss: 0.1252
epoch 120
train_loss: 0.0642
test_loss: 0.1141
epoch 121
train_loss: 0.0632
test_loss: 0.1146
epoch 122
train_loss: 0.0589
test_loss: 0.1134
epoch 123
train_loss: 0.0651
test_loss: 0.1159
epoch 124
train_loss: 0.0638
test_loss: 0.1200
epoch 125
train_loss: 0.0703
test_loss: 0.1147
epoch 126
train_loss: 0.0588
test_loss: 0.1182
epoch 127
train_loss: 0.0631
test_loss: 0.1155
epoch 128
train_loss: 0.0603
test_loss: 0.1162
epoch 129
train_loss: 0.0596
test_loss: 0.1159
epoch 130
train_loss: 0.0645
test_loss: 0.1182
epoch 131
train_loss: 0.0614
test_loss: 0.1154
epoch 132
train_loss: 0.0630
test_loss: 0.1122
epoch 133
train_loss: 0.0637
test_loss: 0.1212
epoch 134
train_loss: 0.0662
test_loss: 0.1190
epoch 135
train_loss: 0.0617
test_loss: 0.1146
epoch 136
train_loss: 0.0607
test_loss: 0.1117
epoch 137
train_loss: 0.0624
test_loss: 0.1223
epoch 138
train_loss: 0.0588
test_loss: 0.1228
epoch 139
train_loss: 0.0595
test_loss: 0.1189
epoch 140
train_loss: 0.0610
test_loss: 0.1183
epoch 141
train_loss: 0.0598
test_loss: 0.1220
epoch 142
train_loss: 0.0639
test_loss: 0.1170
epoch 143
train_loss: 0.0665
test_loss: 0.1236
epoch 144
train_loss: 0.0625
test_loss: 0.1223
epoch 145
train_loss: 0.0611
test_loss: 0.1224
epoch 146
train_loss: 0.0627
test_loss: 0.1198
epoch 147
train_loss: 0.0602
test_loss: 0.1212
epoch 148
train_loss: 0.0637
test_loss: 0.1234
epoch 149
train_loss: 0.0625
test_loss: 0.1196
epoch 150
train_loss: 0.0573
test_loss: 0.1197
epoch 151
train_loss: 0.0653
test_loss: 0.1228
epoch 152
train_loss: 0.0650
test_loss: 0.1187
epoch 153
train_loss: 0.0627
test_loss: 0.1131
epoch 154
train_loss: 0.0630
test_loss: 0.1179
epoch 155
train_loss: 0.0580
test_loss: 0.1193
epoch 156
train_loss: 0.0594
test_loss: 0.1218
epoch 157
train_loss: 0.0568
test_loss: 0.1170
epoch 158
train_loss: 0.0604
test_loss: 0.1127
epoch 159
train_loss: 0.0560
test_loss: 0.1127
/home/xueqiong/noise_injection_uncertainty/regression/utils.py:39: FutureWarning: The 'delim_whitespace' keyword in pd.read_csv is deprecated and will be removed in a future version. Use ``sep='\s+'`` instead
  return pd.read_csv(dataset_path, engine='python', header=None, delim_whitespace=True)
8 1
824 206 1030
model_name noisyFCN
using Adam as optimizer
epoch 0
train_loss: 0.9567
test_loss: 0.9410
epoch 1
train_loss: 0.9207
test_loss: 0.9083
epoch 2
train_loss: 0.8864
test_loss: 0.8763
epoch 3
train_loss: 0.8522
test_loss: 0.8440
epoch 4
train_loss: 0.8175
test_loss: 0.8109
epoch 5
train_loss: 0.7815
test_loss: 0.7766
epoch 6
train_loss: 0.7446
test_loss: 0.7413
epoch 7
train_loss: 0.7071
test_loss: 0.7059
epoch 8
train_loss: 0.6694
test_loss: 0.6706
epoch 9
train_loss: 0.6326
test_loss: 0.6362
epoch 10
train_loss: 0.5973
test_loss: 0.6034
epoch 11
train_loss: 0.5643
test_loss: 0.5730
epoch 12
train_loss: 0.5342
test_loss: 0.5451
epoch 13
train_loss: 0.5070
test_loss: 0.5197
epoch 14
train_loss: 0.4826
test_loss: 0.4970
epoch 15
train_loss: 0.4613
test_loss: 0.4770
epoch 16
train_loss: 0.4431
test_loss: 0.4597
epoch 17
train_loss: 0.4273
test_loss: 0.4448
epoch 18
train_loss: 0.4135
test_loss: 0.4317
epoch 19
train_loss: 0.4016
test_loss: 0.4203
epoch 20
train_loss: 0.3909
test_loss: 0.4101
epoch 21
train_loss: 0.3814
test_loss: 0.4011
epoch 22
train_loss: 0.3727
test_loss: 0.3930
epoch 23
train_loss: 0.3649
test_loss: 0.3855
epoch 24
train_loss: 0.3574
test_loss: 0.3784
epoch 25
train_loss: 0.3505
test_loss: 0.3718
epoch 26
train_loss: 0.3438
test_loss: 0.3656
epoch 27
train_loss: 0.3372
test_loss: 0.3597
epoch 28
train_loss: 0.3311
test_loss: 0.3541
epoch 29
train_loss: 0.3249
test_loss: 0.3488
epoch 30
train_loss: 0.3190
test_loss: 0.3437
epoch 31
train_loss: 0.3133
test_loss: 0.3387
epoch 32
train_loss: 0.3078
test_loss: 0.3339
epoch 33
train_loss: 0.3024
test_loss: 0.3293
epoch 34
train_loss: 0.2971
test_loss: 0.3249
epoch 35
train_loss: 0.2920
test_loss: 0.3206
epoch 36
train_loss: 0.2869
test_loss: 0.3165
epoch 37
train_loss: 0.2821
test_loss: 0.3124
epoch 38
train_loss: 0.2774
test_loss: 0.3084
epoch 39
train_loss: 0.2729
test_loss: 0.3045
epoch 40
train_loss: 0.2684
test_loss: 0.3006
epoch 41
train_loss: 0.2641
test_loss: 0.2968
epoch 42
train_loss: 0.2598
test_loss: 0.2931
epoch 43
train_loss: 0.2557
test_loss: 0.2895
epoch 44
train_loss: 0.2517
test_loss: 0.2860
epoch 45
train_loss: 0.2480
test_loss: 0.2825
epoch 46
train_loss: 0.2445
test_loss: 0.2792
epoch 47
train_loss: 0.2407
test_loss: 0.2759
epoch 48
train_loss: 0.2372
test_loss: 0.2726
epoch 49
train_loss: 0.2340
test_loss: 0.2695
epoch 50
train_loss: 0.2305
test_loss: 0.2665
epoch 51
train_loss: 0.2272
test_loss: 0.2635
epoch 52
train_loss: 0.2242
test_loss: 0.2605
epoch 53
train_loss: 0.2213
test_loss: 0.2577
epoch 54
train_loss: 0.2184
test_loss: 0.2548
epoch 55
train_loss: 0.2157
test_loss: 0.2520
epoch 56
train_loss: 0.2129
test_loss: 0.2494
epoch 57
train_loss: 0.2102
test_loss: 0.2468
epoch 58
train_loss: 0.2076
test_loss: 0.2441
epoch 59
train_loss: 0.2052
test_loss: 0.2415
epoch 60
train_loss: 0.2027
test_loss: 0.2391
epoch 61
train_loss: 0.2005
test_loss: 0.2368
epoch 62
train_loss: 0.1984
test_loss: 0.2345
epoch 63
train_loss: 0.1960
test_loss: 0.2323
epoch 64
train_loss: 0.1941
test_loss: 0.2302
epoch 65
train_loss: 0.1920
test_loss: 0.2282
epoch 66
train_loss: 0.1904
test_loss: 0.2262
epoch 67
train_loss: 0.1884
test_loss: 0.2244
epoch 68
train_loss: 0.1867
test_loss: 0.2226
epoch 69
train_loss: 0.1851
test_loss: 0.2210
epoch 70
train_loss: 0.1833
test_loss: 0.2194
epoch 71
train_loss: 0.1820
test_loss: 0.2178
epoch 72
train_loss: 0.1805
test_loss: 0.2162
epoch 73
train_loss: 0.1791
test_loss: 0.2147
epoch 74
train_loss: 0.1776
test_loss: 0.2133
epoch 75
train_loss: 0.1763
test_loss: 0.2119
epoch 76
train_loss: 0.1749
test_loss: 0.2106
epoch 77
train_loss: 0.1736
test_loss: 0.2093
epoch 78
train_loss: 0.1724
test_loss: 0.2080
epoch 79
train_loss: 0.1713
test_loss: 0.2068
epoch 80
train_loss: 0.1700
test_loss: 0.2056
epoch 81
train_loss: 0.1689
test_loss: 0.2045
epoch 82
train_loss: 0.1678
test_loss: 0.2034
epoch 83
train_loss: 0.1669
test_loss: 0.2023
epoch 84
train_loss: 0.1657
test_loss: 0.2013
epoch 85
train_loss: 0.1647
test_loss: 0.2003
epoch 86
train_loss: 0.1637
test_loss: 0.1993
epoch 87
train_loss: 0.1628
test_loss: 0.1983
epoch 88
train_loss: 0.1619
test_loss: 0.1974
epoch 89
train_loss: 0.1610
test_loss: 0.1964
epoch 90
train_loss: 0.1598
test_loss: 0.1956
epoch 91
train_loss: 0.1590
test_loss: 0.1947
epoch 92
train_loss: 0.1581
test_loss: 0.1939
epoch 93
train_loss: 0.1572
test_loss: 0.1931
epoch 94
train_loss: 0.1566
test_loss: 0.1924
epoch 95
train_loss: 0.1556
test_loss: 0.1916
epoch 96
train_loss: 0.1548
test_loss: 0.1909
epoch 97
train_loss: 0.1537
test_loss: 0.1901
epoch 98
train_loss: 0.1531
test_loss: 0.1895
epoch 99
train_loss: 0.1524
test_loss: 0.1889
epoch 100
train_loss: 0.1513
test_loss: 0.1882
epoch 101
train_loss: 0.1508
test_loss: 0.1875
epoch 102
train_loss: 0.1503
test_loss: 0.1871
epoch 103
train_loss: 0.1494
test_loss: 0.1864
epoch 104
train_loss: 0.1488
test_loss: 0.1859
epoch 105
train_loss: 0.1480
test_loss: 0.1852
epoch 106
train_loss: 0.1473
test_loss: 0.1847
epoch 107
train_loss: 0.1465
test_loss: 0.1843
epoch 108
train_loss: 0.1460
test_loss: 0.1837
epoch 109
train_loss: 0.1453
test_loss: 0.1832
epoch 110
train_loss: 0.1446
test_loss: 0.1828
epoch 111
train_loss: 0.1441
test_loss: 0.1822
epoch 112
train_loss: 0.1432
test_loss: 0.1818
epoch 113
train_loss: 0.1429
test_loss: 0.1812
epoch 114
train_loss: 0.1423
test_loss: 0.1809
epoch 115
train_loss: 0.1415
test_loss: 0.1804
epoch 116
train_loss: 0.1412
test_loss: 0.1798
epoch 117
train_loss: 0.1404
test_loss: 0.1794
epoch 118
train_loss: 0.1397
test_loss: 0.1790
epoch 119
train_loss: 0.1394
test_loss: 0.1785
epoch 120
train_loss: 0.1389
test_loss: 0.1780
epoch 121
train_loss: 0.1382
test_loss: 0.1776
epoch 122
train_loss: 0.1377
test_loss: 0.1772
epoch 123
train_loss: 0.1372
test_loss: 0.1768
epoch 124
train_loss: 0.1366
test_loss: 0.1764
epoch 125
train_loss: 0.1362
test_loss: 0.1760
epoch 126
train_loss: 0.1356
test_loss: 0.1755
epoch 127
train_loss: 0.1351
test_loss: 0.1751
epoch 128
train_loss: 0.1344
test_loss: 0.1748
epoch 129
train_loss: 0.1340
test_loss: 0.1744
epoch 130
train_loss: 0.1335
test_loss: 0.1740
epoch 131
train_loss: 0.1330
test_loss: 0.1737
epoch 132
train_loss: 0.1325
test_loss: 0.1733
epoch 133
train_loss: 0.1320
test_loss: 0.1730
epoch 134
train_loss: 0.1316
test_loss: 0.1726
epoch 135
train_loss: 0.1309
test_loss: 0.1723
epoch 136
train_loss: 0.1305
test_loss: 0.1720
epoch 137
train_loss: 0.1301
test_loss: 0.1716
epoch 138
train_loss: 0.1296
test_loss: 0.1713
epoch 139
train_loss: 0.1292
test_loss: 0.1709
epoch 140
train_loss: 0.1286
test_loss: 0.1706
epoch 141
train_loss: 0.1282
test_loss: 0.1702
epoch 142
train_loss: 0.1277
test_loss: 0.1700
epoch 143
train_loss: 0.1273
test_loss: 0.1697
epoch 144
train_loss: 0.1267
test_loss: 0.1694
epoch 145
train_loss: 0.1264
test_loss: 0.1691
epoch 146
train_loss: 0.1258
test_loss: 0.1688
epoch 147
train_loss: 0.1254
test_loss: 0.1686
epoch 148
train_loss: 0.1250
test_loss: 0.1682
epoch 149
train_loss: 0.1246
test_loss: 0.1680
epoch 150
train_loss: 0.1242
test_loss: 0.1677
epoch 151
train_loss: 0.1238
test_loss: 0.1674
epoch 152
train_loss: 0.1233
test_loss: 0.1671
epoch 153
train_loss: 0.1230
test_loss: 0.1668
epoch 154
train_loss: 0.1224
test_loss: 0.1665
epoch 155
train_loss: 0.1221
test_loss: 0.1662
epoch 156
train_loss: 0.1216
test_loss: 0.1659
epoch 157
train_loss: 0.1213
test_loss: 0.1656
epoch 158
train_loss: 0.1208
test_loss: 0.1653
epoch 159
train_loss: 0.1203
test_loss: 0.1650
epoch 160
train_loss: 0.1200
test_loss: 0.1648
epoch 161
train_loss: 0.1197
test_loss: 0.1644
epoch 162
train_loss: 0.1193
test_loss: 0.1641
epoch 163
train_loss: 0.1189
test_loss: 0.1639
epoch 164
train_loss: 0.1185
test_loss: 0.1636
epoch 165
train_loss: 0.1180
test_loss: 0.1633
epoch 166
train_loss: 0.1177
test_loss: 0.1631
epoch 167
train_loss: 0.1173
test_loss: 0.1629
epoch 168
train_loss: 0.1169
test_loss: 0.1625
epoch 169
train_loss: 0.1166
test_loss: 0.1622
epoch 170
train_loss: 0.1163
test_loss: 0.1620
epoch 171
train_loss: 0.1158
test_loss: 0.1617
epoch 172
train_loss: 0.1155
test_loss: 0.1615
epoch 173
train_loss: 0.1151
test_loss: 0.1612
epoch 174
train_loss: 0.1148
test_loss: 0.1610
epoch 175
train_loss: 0.1144
test_loss: 0.1607
epoch 176
train_loss: 0.1140
test_loss: 0.1605
epoch 177
train_loss: 0.1136
test_loss: 0.1602
epoch 178
train_loss: 0.1133
test_loss: 0.1600
epoch 179
train_loss: 0.1129
test_loss: 0.1597
epoch 180
train_loss: 0.1126
test_loss: 0.1595
epoch 181
train_loss: 0.1123
test_loss: 0.1592
epoch 182
train_loss: 0.1119
test_loss: 0.1589
epoch 183
train_loss: 0.1115
test_loss: 0.1587
epoch 184
train_loss: 0.1111
test_loss: 0.1584
epoch 185
train_loss: 0.1108
test_loss: 0.1582
epoch 186
train_loss: 0.1104
test_loss: 0.1579
epoch 187
train_loss: 0.1101
test_loss: 0.1577
epoch 188
train_loss: 0.1098
test_loss: 0.1574
epoch 189
train_loss: 0.1095
test_loss: 0.1572
epoch 190
train_loss: 0.1091
test_loss: 0.1570
epoch 191
train_loss: 0.1088
test_loss: 0.1568
epoch 192
train_loss: 0.1085
test_loss: 0.1566
epoch 193
train_loss: 0.1081
test_loss: 0.1564
epoch 194
train_loss: 0.1078
test_loss: 0.1561
epoch 195
train_loss: 0.1075
test_loss: 0.1559
epoch 196
train_loss: 0.1072
test_loss: 0.1557
epoch 197
train_loss: 0.1068
test_loss: 0.1556
epoch 198
train_loss: 0.1065
test_loss: 0.1554
epoch 199
train_loss: 0.1062
test_loss: 0.1552
epoch 200
train_loss: 0.1059
test_loss: 0.1550
epoch 201
train_loss: 0.1056
test_loss: 0.1548
epoch 202
train_loss: 0.1054
test_loss: 0.1546
epoch 203
train_loss: 0.1050
test_loss: 0.1544
epoch 204
train_loss: 0.1047
test_loss: 0.1542
epoch 205
train_loss: 0.1044
test_loss: 0.1540
epoch 206
train_loss: 0.1041
test_loss: 0.1538
epoch 207
train_loss: 0.1038
test_loss: 0.1536
epoch 208
train_loss: 0.1035
test_loss: 0.1534
epoch 209
train_loss: 0.1032
test_loss: 0.1532
epoch 210
train_loss: 0.1029
test_loss: 0.1530
epoch 211
train_loss: 0.1026
test_loss: 0.1528
epoch 212
train_loss: 0.1023
test_loss: 0.1527
epoch 213
train_loss: 0.1020
test_loss: 0.1524
epoch 214
train_loss: 0.1018
test_loss: 0.1523
epoch 215
train_loss: 0.1015
test_loss: 0.1521
epoch 216
train_loss: 0.1012
test_loss: 0.1519
epoch 217
train_loss: 0.1009
test_loss: 0.1518
epoch 218
train_loss: 0.1006
test_loss: 0.1516
epoch 219
train_loss: 0.1004
test_loss: 0.1514
epoch 220
train_loss: 0.1001
test_loss: 0.1513
epoch 221
train_loss: 0.0998
test_loss: 0.1512
epoch 222
train_loss: 0.0996
test_loss: 0.1510
epoch 223
train_loss: 0.0993
test_loss: 0.1509
epoch 224
train_loss: 0.0991
test_loss: 0.1507
epoch 225
train_loss: 0.0987
test_loss: 0.1506
epoch 226
train_loss: 0.0985
test_loss: 0.1505
epoch 227
train_loss: 0.0983
test_loss: 0.1503
epoch 228
train_loss: 0.0980
test_loss: 0.1502
epoch 229
train_loss: 0.0978
test_loss: 0.1500
epoch 230
train_loss: 0.0976
test_loss: 0.1499
epoch 231
train_loss: 0.0973
test_loss: 0.1498
epoch 232
train_loss: 0.0970
test_loss: 0.1497
epoch 233
train_loss: 0.0968
test_loss: 0.1496
epoch 234
train_loss: 0.0965
test_loss: 0.1494
epoch 235
train_loss: 0.0962
test_loss: 0.1494
epoch 236
train_loss: 0.0960
test_loss: 0.1492
epoch 237
train_loss: 0.0957
test_loss: 0.1491
epoch 238
train_loss: 0.0955
test_loss: 0.1490
epoch 239
train_loss: 0.0952
test_loss: 0.1488
epoch 240
train_loss: 0.0950
test_loss: 0.1487
epoch 241
train_loss: 0.0948
test_loss: 0.1486
epoch 242
train_loss: 0.0945
test_loss: 0.1485
epoch 243
train_loss: 0.0942
test_loss: 0.1485
epoch 244
train_loss: 0.0941
test_loss: 0.1484
epoch 245
train_loss: 0.0938
test_loss: 0.1483
epoch 246
train_loss: 0.0935
test_loss: 0.1481
epoch 247
train_loss: 0.0933
test_loss: 0.1480
epoch 248
train_loss: 0.0930
test_loss: 0.1480
epoch 249
train_loss: 0.0929
test_loss: 0.1478
epoch 250
train_loss: 0.0926
test_loss: 0.1477
epoch 251
train_loss: 0.0924
test_loss: 0.1476
epoch 252
train_loss: 0.0922
test_loss: 0.1475
epoch 253
train_loss: 0.0920
test_loss: 0.1474
epoch 254
train_loss: 0.0917
test_loss: 0.1473
epoch 255
train_loss: 0.0916
test_loss: 0.1473
epoch 256
train_loss: 0.0913
test_loss: 0.1471
epoch 257
train_loss: 0.0912
test_loss: 0.1470
epoch 258
train_loss: 0.0909
test_loss: 0.1469
epoch 259
train_loss: 0.0907
test_loss: 0.1468
epoch 260
train_loss: 0.0905
test_loss: 0.1468
epoch 261
train_loss: 0.0903
test_loss: 0.1467
epoch 262
train_loss: 0.0901
test_loss: 0.1467
epoch 263
train_loss: 0.0899
test_loss: 0.1465
epoch 264
train_loss: 0.0898
test_loss: 0.1464
epoch 265
train_loss: 0.0895
test_loss: 0.1464
epoch 266
train_loss: 0.0893
test_loss: 0.1464
epoch 267
train_loss: 0.0891
test_loss: 0.1463
epoch 268
train_loss: 0.0890
test_loss: 0.1463
epoch 269
train_loss: 0.0887
test_loss: 0.1461
epoch 270
train_loss: 0.0885
test_loss: 0.1461
epoch 271
train_loss: 0.0883
test_loss: 0.1461
epoch 272
train_loss: 0.0881
test_loss: 0.1461
epoch 273
train_loss: 0.0880
test_loss: 0.1460
epoch 274
train_loss: 0.0878
test_loss: 0.1459
epoch 275
train_loss: 0.0876
test_loss: 0.1459
epoch 276
train_loss: 0.0874
test_loss: 0.1458
epoch 277
train_loss: 0.0872
test_loss: 0.1458
epoch 278
train_loss: 0.0871
test_loss: 0.1458
epoch 279
train_loss: 0.0868
test_loss: 0.1457
epoch 280
train_loss: 0.0867
test_loss: 0.1457
epoch 281
train_loss: 0.0864
test_loss: 0.1456
epoch 282
train_loss: 0.0863
test_loss: 0.1456
epoch 283
train_loss: 0.0862
test_loss: 0.1454
epoch 284
train_loss: 0.0859
test_loss: 0.1454
epoch 285
train_loss: 0.0858
test_loss: 0.1453
epoch 286
train_loss: 0.0856
test_loss: 0.1453
epoch 287
train_loss: 0.0854
test_loss: 0.1452
epoch 288
train_loss: 0.0852
test_loss: 0.1451
epoch 289
train_loss: 0.0850
test_loss: 0.1451
epoch 290
train_loss: 0.0849
test_loss: 0.1450
epoch 291
train_loss: 0.0848
test_loss: 0.1449
epoch 292
train_loss: 0.0845
test_loss: 0.1449
epoch 293
train_loss: 0.0844
test_loss: 0.1447
epoch 294
train_loss: 0.0841
test_loss: 0.1448
epoch 295
train_loss: 0.0840
test_loss: 0.1446
epoch 296
train_loss: 0.0839
test_loss: 0.1446
epoch 297
train_loss: 0.0836
test_loss: 0.1445
epoch 298
train_loss: 0.0835
test_loss: 0.1444
epoch 299
train_loss: 0.0833
test_loss: 0.1443
epoch 300
train_loss: 0.0832
test_loss: 0.1443
epoch 301
train_loss: 0.0831
test_loss: 0.1442
epoch 302
train_loss: 0.0829
test_loss: 0.1442
epoch 303
train_loss: 0.0827
test_loss: 0.1441
epoch 304
train_loss: 0.0825
test_loss: 0.1440
epoch 305
train_loss: 0.0823
test_loss: 0.1439
epoch 306
train_loss: 0.0821
test_loss: 0.1439
epoch 307
train_loss: 0.0820
test_loss: 0.1438
epoch 308
train_loss: 0.0818
test_loss: 0.1438
epoch 309
train_loss: 0.0817
test_loss: 0.1437
epoch 310
train_loss: 0.0815
test_loss: 0.1437
epoch 311
train_loss: 0.0813
test_loss: 0.1437
epoch 312
train_loss: 0.0812
test_loss: 0.1436
epoch 313
train_loss: 0.0810
test_loss: 0.1435
epoch 314
train_loss: 0.0808
test_loss: 0.1434
epoch 315
train_loss: 0.0807
test_loss: 0.1434
epoch 316
train_loss: 0.0805
test_loss: 0.1434
epoch 317
train_loss: 0.0803
test_loss: 0.1433
epoch 318
train_loss: 0.0802
test_loss: 0.1433
epoch 319
train_loss: 0.0800
test_loss: 0.1432
epoch 320
train_loss: 0.0798
test_loss: 0.1432
epoch 321
train_loss: 0.0797
test_loss: 0.1431
epoch 322
train_loss: 0.0795
test_loss: 0.1430
epoch 323
train_loss: 0.0793
test_loss: 0.1430
epoch 324
train_loss: 0.0792
test_loss: 0.1430
epoch 325
train_loss: 0.0790
test_loss: 0.1429
epoch 326
train_loss: 0.0789
test_loss: 0.1429
epoch 327
train_loss: 0.0787
test_loss: 0.1428
epoch 328
train_loss: 0.0786
test_loss: 0.1429
epoch 329
train_loss: 0.0784
test_loss: 0.1427
epoch 330
train_loss: 0.0782
test_loss: 0.1428
epoch 331
train_loss: 0.0781
test_loss: 0.1427
epoch 332
train_loss: 0.0779
test_loss: 0.1427
epoch 333
train_loss: 0.0778
test_loss: 0.1426
epoch 334
train_loss: 0.0777
test_loss: 0.1426
epoch 335
train_loss: 0.0774
test_loss: 0.1424
epoch 336
train_loss: 0.0774
test_loss: 0.1426
epoch 337
train_loss: 0.0772
test_loss: 0.1424
epoch 338
train_loss: 0.0771
test_loss: 0.1424
epoch 339
train_loss: 0.0768
test_loss: 0.1423
epoch 340
train_loss: 0.0767
test_loss: 0.1423
epoch 341
train_loss: 0.0767
test_loss: 0.1423
epoch 342
train_loss: 0.0765
test_loss: 0.1423
epoch 343
train_loss: 0.0763
test_loss: 0.1423
epoch 344
train_loss: 0.0762
test_loss: 0.1422
epoch 345
train_loss: 0.0761
test_loss: 0.1421
epoch 346
train_loss: 0.0758
test_loss: 0.1422
epoch 347
train_loss: 0.0757
test_loss: 0.1421
epoch 348
train_loss: 0.0756
test_loss: 0.1420
epoch 349
train_loss: 0.0755
test_loss: 0.1421
epoch 350
train_loss: 0.0753
test_loss: 0.1420
epoch 351
train_loss: 0.0752
test_loss: 0.1419
epoch 352
train_loss: 0.0750
test_loss: 0.1419
epoch 353
train_loss: 0.0749
test_loss: 0.1419
epoch 354
train_loss: 0.0747
test_loss: 0.1419
epoch 355
train_loss: 0.0746
test_loss: 0.1419
epoch 356
train_loss: 0.0745
test_loss: 0.1417
epoch 357
train_loss: 0.0743
test_loss: 0.1417
epoch 358
train_loss: 0.0742
test_loss: 0.1417
epoch 359
train_loss: 0.0741
test_loss: 0.1417
epoch 360
train_loss: 0.0739
test_loss: 0.1417
epoch 361
train_loss: 0.0738
test_loss: 0.1416
epoch 362
train_loss: 0.0736
test_loss: 0.1415
epoch 363
train_loss: 0.0735
test_loss: 0.1416
epoch 364
train_loss: 0.0734
test_loss: 0.1415
epoch 365
train_loss: 0.0732
test_loss: 0.1415
epoch 366
train_loss: 0.0731
test_loss: 0.1415
epoch 367
train_loss: 0.0730
test_loss: 0.1415
epoch 368
train_loss: 0.0729
test_loss: 0.1414
epoch 369
train_loss: 0.0727
test_loss: 0.1413
epoch 370
train_loss: 0.0727
test_loss: 0.1414
epoch 371
train_loss: 0.0725
test_loss: 0.1413
epoch 372
train_loss: 0.0723
test_loss: 0.1413
epoch 373
train_loss: 0.0722
test_loss: 0.1413
epoch 374
train_loss: 0.0721
test_loss: 0.1412
epoch 375
train_loss: 0.0720
test_loss: 0.1412
epoch 376
train_loss: 0.0718
test_loss: 0.1412
epoch 377
train_loss: 0.0717
test_loss: 0.1412
epoch 378
train_loss: 0.0716
test_loss: 0.1411
epoch 379
train_loss: 0.0715
test_loss: 0.1411
epoch 380
train_loss: 0.0713
test_loss: 0.1409
epoch 381
train_loss: 0.0712
test_loss: 0.1410
epoch 382
train_loss: 0.0711
test_loss: 0.1410
epoch 383
train_loss: 0.0709
test_loss: 0.1409
epoch 384
train_loss: 0.0708
test_loss: 0.1409
epoch 385
train_loss: 0.0707
test_loss: 0.1408
epoch 386
train_loss: 0.0707
test_loss: 0.1408
epoch 387
train_loss: 0.0704
test_loss: 0.1408
epoch 388
train_loss: 0.0703
test_loss: 0.1407
epoch 389
train_loss: 0.0702
test_loss: 0.1407
epoch 390
train_loss: 0.0700
test_loss: 0.1407
epoch 391
train_loss: 0.0699
test_loss: 0.1407
epoch 392
train_loss: 0.0699
test_loss: 0.1406
epoch 393
train_loss: 0.0697
test_loss: 0.1405
epoch 394
train_loss: 0.0696
test_loss: 0.1406
epoch 395
train_loss: 0.0695
test_loss: 0.1405
epoch 396
train_loss: 0.0693
test_loss: 0.1404
epoch 397
train_loss: 0.0692
test_loss: 0.1404
epoch 398
train_loss: 0.0691
test_loss: 0.1404
epoch 399
train_loss: 0.0690
test_loss: 0.1403
epoch 400
train_loss: 0.0688
test_loss: 0.1404
epoch 401
train_loss: 0.0687
test_loss: 0.1403
epoch 402
train_loss: 0.0686
test_loss: 0.1402
epoch 403
train_loss: 0.0685
test_loss: 0.1402
epoch 404
train_loss: 0.0684
test_loss: 0.1402
epoch 405
train_loss: 0.0682
test_loss: 0.1402
epoch 406
train_loss: 0.0681
test_loss: 0.1402
epoch 407
train_loss: 0.0680
test_loss: 0.1402
epoch 408
train_loss: 0.0679
test_loss: 0.1403
epoch 409
train_loss: 0.0679
test_loss: 0.1401
epoch 410
train_loss: 0.0677
test_loss: 0.1399
epoch 411
train_loss: 0.0676
test_loss: 0.1400
epoch 412
train_loss: 0.0675
test_loss: 0.1398
epoch 413
train_loss: 0.0673
test_loss: 0.1399
epoch 414
train_loss: 0.0673
test_loss: 0.1399
epoch 415
train_loss: 0.0672
test_loss: 0.1398
epoch 416
train_loss: 0.0671
test_loss: 0.1397
epoch 417
train_loss: 0.0670
test_loss: 0.1398
epoch 418
train_loss: 0.0669
test_loss: 0.1397
epoch 419
train_loss: 0.0667
test_loss: 0.1397
epoch 420
train_loss: 0.0667
test_loss: 0.1396
epoch 421
train_loss: 0.0665
test_loss: 0.1397
epoch 422
train_loss: 0.0664
test_loss: 0.1396
epoch 423
train_loss: 0.0664
test_loss: 0.1395
epoch 424
train_loss: 0.0662
test_loss: 0.1395
epoch 425
train_loss: 0.0661
test_loss: 0.1394
epoch 426
train_loss: 0.0660
test_loss: 0.1395
epoch 427
train_loss: 0.0659
test_loss: 0.1394
epoch 428
train_loss: 0.0658
test_loss: 0.1393
epoch 429
train_loss: 0.0657
test_loss: 0.1394
epoch 430
train_loss: 0.0655
test_loss: 0.1392
epoch 431
train_loss: 0.0655
test_loss: 0.1393
epoch 432
train_loss: 0.0655
test_loss: 0.1392
epoch 433
train_loss: 0.0653
test_loss: 0.1393
epoch 434
train_loss: 0.0652
test_loss: 0.1391
epoch 435
train_loss: 0.0651
test_loss: 0.1391
epoch 436
train_loss: 0.0649
test_loss: 0.1391
epoch 437
train_loss: 0.0648
test_loss: 0.1390
epoch 438
train_loss: 0.0649
test_loss: 0.1390
epoch 439
train_loss: 0.0647
test_loss: 0.1389
epoch 440
train_loss: 0.0645
test_loss: 0.1389
epoch 441
train_loss: 0.0644
test_loss: 0.1388
epoch 442
train_loss: 0.0644
test_loss: 0.1388
epoch 443
train_loss: 0.0643
test_loss: 0.1388
epoch 444
train_loss: 0.0642
test_loss: 0.1387
epoch 445
train_loss: 0.0641
test_loss: 0.1387
epoch 446
train_loss: 0.0639
test_loss: 0.1387
epoch 447
train_loss: 0.0639
test_loss: 0.1386
epoch 448
train_loss: 0.0637
test_loss: 0.1385
epoch 449
train_loss: 0.0637
test_loss: 0.1387
epoch 450
train_loss: 0.0636
test_loss: 0.1385
epoch 451
train_loss: 0.0636
test_loss: 0.1384
epoch 452
train_loss: 0.0635
test_loss: 0.1384
epoch 453
train_loss: 0.0634
test_loss: 0.1384
epoch 454
train_loss: 0.0633
test_loss: 0.1384
epoch 455
train_loss: 0.0632
test_loss: 0.1383
epoch 456
train_loss: 0.0632
test_loss: 0.1382
epoch 457
train_loss: 0.0630
test_loss: 0.1382
epoch 458
train_loss: 0.0629
test_loss: 0.1381
epoch 459
train_loss: 0.0628
test_loss: 0.1381
epoch 460
train_loss: 0.0627
test_loss: 0.1381
epoch 461
train_loss: 0.0627
test_loss: 0.1380
epoch 462
train_loss: 0.0626
test_loss: 0.1380
epoch 463
train_loss: 0.0625
test_loss: 0.1380
epoch 464
train_loss: 0.0624
test_loss: 0.1379
epoch 465
train_loss: 0.0623
test_loss: 0.1379
epoch 466
train_loss: 0.0622
test_loss: 0.1380
epoch 467
train_loss: 0.0622
test_loss: 0.1379
epoch 468
train_loss: 0.0621
test_loss: 0.1378
epoch 469
train_loss: 0.0620
test_loss: 0.1377
epoch 470
train_loss: 0.0619
test_loss: 0.1377
epoch 471
train_loss: 0.0618
test_loss: 0.1378
epoch 472
train_loss: 0.0618
test_loss: 0.1377
epoch 473
train_loss: 0.0616
test_loss: 0.1377
epoch 474
train_loss: 0.0616
test_loss: 0.1376
epoch 475
train_loss: 0.0615
test_loss: 0.1376
epoch 476
train_loss: 0.0613
test_loss: 0.1376
epoch 477
train_loss: 0.0613
test_loss: 0.1376
epoch 478
train_loss: 0.0612
test_loss: 0.1375
epoch 479
train_loss: 0.0612
test_loss: 0.1375
epoch 480
train_loss: 0.0610
test_loss: 0.1374
epoch 481
train_loss: 0.0610
test_loss: 0.1374
epoch 482
train_loss: 0.0609
test_loss: 0.1374
epoch 483
train_loss: 0.0608
test_loss: 0.1373
epoch 484
train_loss: 0.0607
test_loss: 0.1374
epoch 485
train_loss: 0.0606
test_loss: 0.1374
epoch 486
train_loss: 0.0605
test_loss: 0.1373
epoch 487
train_loss: 0.0605
test_loss: 0.1373
epoch 488
train_loss: 0.0604
test_loss: 0.1372
epoch 489
train_loss: 0.0603
test_loss: 0.1372
epoch 490
train_loss: 0.0602
test_loss: 0.1372
epoch 491
train_loss: 0.0601
test_loss: 0.1371
epoch 492
train_loss: 0.0600
test_loss: 0.1371
epoch 493
train_loss: 0.0600
test_loss: 0.1370
epoch 494
train_loss: 0.0599
test_loss: 0.1370
epoch 495
train_loss: 0.0598
test_loss: 0.1370
epoch 496
train_loss: 0.0597
test_loss: 0.1369
epoch 497
train_loss: 0.0597
test_loss: 0.1369
epoch 498
train_loss: 0.0596
test_loss: 0.1368
epoch 499
train_loss: 0.0595
test_loss: 0.1367
epoch 500
train_loss: 0.0594
test_loss: 0.1368
epoch 501
train_loss: 0.0593
test_loss: 0.1366
epoch 502
train_loss: 0.0593
test_loss: 0.1365
epoch 503
train_loss: 0.0592
test_loss: 0.1366
epoch 504
train_loss: 0.0591
test_loss: 0.1365
epoch 505
train_loss: 0.0590
test_loss: 0.1365
epoch 506
train_loss: 0.0590
test_loss: 0.1364
epoch 507
train_loss: 0.0589
test_loss: 0.1364
epoch 508
train_loss: 0.0588
test_loss: 0.1364
epoch 509
train_loss: 0.0587
test_loss: 0.1363
epoch 510
train_loss: 0.0586
test_loss: 0.1363
epoch 511
train_loss: 0.0586
test_loss: 0.1361
epoch 512
train_loss: 0.0585
test_loss: 0.1361
epoch 513
train_loss: 0.0584
test_loss: 0.1360
epoch 514
train_loss: 0.0583
test_loss: 0.1360
epoch 515
train_loss: 0.0582
test_loss: 0.1360
epoch 516
train_loss: 0.0582
test_loss: 0.1358
epoch 517
train_loss: 0.0581
test_loss: 0.1359
epoch 518
train_loss: 0.0580
test_loss: 0.1357
epoch 519
train_loss: 0.0579
test_loss: 0.1356
epoch 520
train_loss: 0.0578
test_loss: 0.1357
epoch 521
train_loss: 0.0579
test_loss: 0.1356
epoch 522
train_loss: 0.0577
test_loss: 0.1356
epoch 523
train_loss: 0.0576
test_loss: 0.1355
epoch 524
train_loss: 0.0576
test_loss: 0.1354
epoch 525
train_loss: 0.0575
test_loss: 0.1354
epoch 526
train_loss: 0.0575
test_loss: 0.1354
epoch 527
train_loss: 0.0574
test_loss: 0.1352
epoch 528
train_loss: 0.0573
test_loss: 0.1352
epoch 529
train_loss: 0.0572
test_loss: 0.1352
epoch 530
train_loss: 0.0571
test_loss: 0.1352
epoch 531
train_loss: 0.0571
test_loss: 0.1351
epoch 532
train_loss: 0.0570
test_loss: 0.1351
epoch 533
train_loss: 0.0569
test_loss: 0.1351
epoch 534
train_loss: 0.0568
test_loss: 0.1351
epoch 535
train_loss: 0.0568
test_loss: 0.1350
epoch 536
train_loss: 0.0567
test_loss: 0.1350
epoch 537
train_loss: 0.0566
test_loss: 0.1350
epoch 538
train_loss: 0.0566
test_loss: 0.1349
epoch 539
train_loss: 0.0565
test_loss: 0.1350
epoch 540
train_loss: 0.0564
test_loss: 0.1349
epoch 541
train_loss: 0.0564
test_loss: 0.1349
epoch 542
train_loss: 0.0563
test_loss: 0.1348
epoch 543
train_loss: 0.0562
test_loss: 0.1348
epoch 544
train_loss: 0.0561
test_loss: 0.1348
epoch 545
train_loss: 0.0561
test_loss: 0.1348
epoch 546
train_loss: 0.0560
test_loss: 0.1347
epoch 547
train_loss: 0.0559
test_loss: 0.1347
epoch 548
train_loss: 0.0559
test_loss: 0.1347
epoch 549
train_loss: 0.0558
test_loss: 0.1346
epoch 550
train_loss: 0.0557
test_loss: 0.1346
epoch 551
train_loss: 0.0557
test_loss: 0.1345
epoch 552
train_loss: 0.0556
test_loss: 0.1345
epoch 553
train_loss: 0.0556
test_loss: 0.1344
epoch 554
train_loss: 0.0555
test_loss: 0.1344
epoch 555
train_loss: 0.0554
test_loss: 0.1344
epoch 556
train_loss: 0.0553
test_loss: 0.1343
epoch 557
train_loss: 0.0553
test_loss: 0.1343
epoch 558
train_loss: 0.0552
test_loss: 0.1342
epoch 559
train_loss: 0.0551
test_loss: 0.1342
epoch 560
train_loss: 0.0551
test_loss: 0.1341
epoch 561
train_loss: 0.0550
test_loss: 0.1340
epoch 562
train_loss: 0.0550
test_loss: 0.1339
epoch 563
train_loss: 0.0549
test_loss: 0.1340
epoch 564
train_loss: 0.0549
test_loss: 0.1339
epoch 565
train_loss: 0.0548
test_loss: 0.1338
epoch 566
train_loss: 0.0546
test_loss: 0.1338
epoch 567
train_loss: 0.0546
test_loss: 0.1337
epoch 568
train_loss: 0.0545
test_loss: 0.1337
epoch 569
train_loss: 0.0546
test_loss: 0.1336
epoch 570
train_loss: 0.0546
test_loss: 0.1336
epoch 571
train_loss: 0.0545
test_loss: 0.1335
epoch 572
train_loss: 0.0544
test_loss: 0.1335
epoch 573
train_loss: 0.0543
test_loss: 0.1335
epoch 574
train_loss: 0.0542
test_loss: 0.1334
epoch 575
train_loss: 0.0541
test_loss: 0.1334
epoch 576
train_loss: 0.0542
test_loss: 0.1333
epoch 577
train_loss: 0.0541
test_loss: 0.1333
epoch 578
train_loss: 0.0540
test_loss: 0.1332
epoch 579
train_loss: 0.0539
test_loss: 0.1331
epoch 580
train_loss: 0.0539
test_loss: 0.1331
epoch 581
train_loss: 0.0538
test_loss: 0.1330
epoch 582
train_loss: 0.0538
test_loss: 0.1330
epoch 583
train_loss: 0.0537
test_loss: 0.1329
epoch 584
train_loss: 0.0536
test_loss: 0.1329
epoch 585
train_loss: 0.0536
test_loss: 0.1328
epoch 586
train_loss: 0.0535
test_loss: 0.1328
epoch 587
train_loss: 0.0535
test_loss: 0.1329
epoch 588
train_loss: 0.0534
test_loss: 0.1327
epoch 589
train_loss: 0.0533
test_loss: 0.1326
epoch 590
train_loss: 0.0533
test_loss: 0.1326
epoch 591
train_loss: 0.0532
test_loss: 0.1326
epoch 592
train_loss: 0.0531
test_loss: 0.1326
epoch 593
train_loss: 0.0531
test_loss: 0.1326
epoch 594
train_loss: 0.0530
test_loss: 0.1325
epoch 595
train_loss: 0.0530
test_loss: 0.1325
epoch 596
train_loss: 0.0529
test_loss: 0.1324
epoch 597
train_loss: 0.0529
test_loss: 0.1323
epoch 598
train_loss: 0.0528
test_loss: 0.1324
epoch 599
train_loss: 0.0528
test_loss: 0.1323
epoch 600
train_loss: 0.0527
test_loss: 0.1322
epoch 601
train_loss: 0.0526
test_loss: 0.1322
epoch 602
train_loss: 0.0526
test_loss: 0.1322
epoch 603
train_loss: 0.0525
test_loss: 0.1321
epoch 604
train_loss: 0.0525
test_loss: 0.1321
epoch 605
train_loss: 0.0524
test_loss: 0.1321
epoch 606
train_loss: 0.0524
test_loss: 0.1321
epoch 607
train_loss: 0.0523
test_loss: 0.1320
epoch 608
train_loss: 0.0522
test_loss: 0.1320
epoch 609
train_loss: 0.0522
test_loss: 0.1320
epoch 610
train_loss: 0.0522
test_loss: 0.1320
epoch 611
train_loss: 0.0521
test_loss: 0.1319
epoch 612
train_loss: 0.0520
test_loss: 0.1319
epoch 613
train_loss: 0.0520
test_loss: 0.1319
epoch 614
train_loss: 0.0519
test_loss: 0.1318
epoch 615
train_loss: 0.0519
test_loss: 0.1318
epoch 616
train_loss: 0.0518
test_loss: 0.1318
epoch 617
train_loss: 0.0518
test_loss: 0.1318
epoch 618
train_loss: 0.0517
test_loss: 0.1317
epoch 619
train_loss: 0.0516
test_loss: 0.1316
epoch 620
train_loss: 0.0516
test_loss: 0.1316
epoch 621
train_loss: 0.0516
test_loss: 0.1316
epoch 622
train_loss: 0.0515
test_loss: 0.1316
epoch 623
train_loss: 0.0515
test_loss: 0.1316
epoch 624
train_loss: 0.0514
test_loss: 0.1316
epoch 625
train_loss: 0.0514
test_loss: 0.1315
epoch 626
train_loss: 0.0513
test_loss: 0.1315
epoch 627
train_loss: 0.0512
test_loss: 0.1315
epoch 628
train_loss: 0.0512
test_loss: 0.1314
epoch 629
train_loss: 0.0512
test_loss: 0.1314
epoch 630
train_loss: 0.0511
test_loss: 0.1314
epoch 631
train_loss: 0.0511
test_loss: 0.1313
epoch 632
train_loss: 0.0510
test_loss: 0.1313
epoch 633
train_loss: 0.0509
test_loss: 0.1313
epoch 634
train_loss: 0.0509
test_loss: 0.1312
epoch 635
train_loss: 0.0508
test_loss: 0.1313
epoch 636
train_loss: 0.0508
test_loss: 0.1312
epoch 637
train_loss: 0.0508
test_loss: 0.1312
epoch 638
train_loss: 0.0507
test_loss: 0.1311
epoch 639
train_loss: 0.0507
test_loss: 0.1311
epoch 640
train_loss: 0.0506
test_loss: 0.1311
epoch 641
train_loss: 0.0505
test_loss: 0.1310
epoch 642
train_loss: 0.0505
test_loss: 0.1311
epoch 643
train_loss: 0.0504
test_loss: 0.1310
epoch 644
train_loss: 0.0504
test_loss: 0.1309
epoch 645
train_loss: 0.0504
test_loss: 0.1310
epoch 646
train_loss: 0.0503
test_loss: 0.1309
epoch 647
train_loss: 0.0502
test_loss: 0.1309
epoch 648
train_loss: 0.0502
test_loss: 0.1308
epoch 649
train_loss: 0.0502
test_loss: 0.1308
epoch 650
train_loss: 0.0501
test_loss: 0.1307
epoch 651
train_loss: 0.0501
test_loss: 0.1308
epoch 652
train_loss: 0.0500
test_loss: 0.1307
epoch 653
train_loss: 0.0500
test_loss: 0.1306
epoch 654
train_loss: 0.0499
test_loss: 0.1306
epoch 655
train_loss: 0.0499
test_loss: 0.1305
epoch 656
train_loss: 0.0498
test_loss: 0.1306
epoch 657
train_loss: 0.0498
test_loss: 0.1305
epoch 658
train_loss: 0.0497
test_loss: 0.1305
epoch 659
train_loss: 0.0497
test_loss: 0.1304
epoch 660
train_loss: 0.0496
test_loss: 0.1305
epoch 661
train_loss: 0.0496
test_loss: 0.1304
epoch 662
train_loss: 0.0495
test_loss: 0.1304
epoch 663
train_loss: 0.0495
test_loss: 0.1303
epoch 664
train_loss: 0.0495
test_loss: 0.1303
epoch 665
train_loss: 0.0494
test_loss: 0.1304
epoch 666
train_loss: 0.0493
test_loss: 0.1303
epoch 667
train_loss: 0.0493
test_loss: 0.1303
epoch 668
train_loss: 0.0493
test_loss: 0.1302
epoch 669
train_loss: 0.0493
test_loss: 0.1303
epoch 670
train_loss: 0.0492
test_loss: 0.1302
epoch 671
train_loss: 0.0491
test_loss: 0.1301
epoch 672
train_loss: 0.0491
test_loss: 0.1301
epoch 673
train_loss: 0.0491
test_loss: 0.1301
epoch 674
train_loss: 0.0490
test_loss: 0.1301
epoch 675
train_loss: 0.0489
test_loss: 0.1300
epoch 676
train_loss: 0.0489
test_loss: 0.1301
epoch 677
train_loss: 0.0489
test_loss: 0.1300
epoch 678
train_loss: 0.0488
test_loss: 0.1300
epoch 679
train_loss: 0.0488
test_loss: 0.1299
epoch 680
train_loss: 0.0487
test_loss: 0.1299
epoch 681
train_loss: 0.0487
test_loss: 0.1299
epoch 682
train_loss: 0.0487
test_loss: 0.1299
epoch 683
train_loss: 0.0486
test_loss: 0.1299
epoch 684
train_loss: 0.0485
test_loss: 0.1298
epoch 685
train_loss: 0.0485
test_loss: 0.1296
epoch 686
train_loss: 0.0485
test_loss: 0.1298
epoch 687
train_loss: 0.0485
test_loss: 0.1298
epoch 688
train_loss: 0.0484
test_loss: 0.1297
epoch 689
train_loss: 0.0484
test_loss: 0.1296
epoch 690
train_loss: 0.0483
test_loss: 0.1297
epoch 691
train_loss: 0.0483
test_loss: 0.1296
epoch 692
train_loss: 0.0482
test_loss: 0.1295
epoch 693
train_loss: 0.0482
test_loss: 0.1296
epoch 694
train_loss: 0.0482
test_loss: 0.1295
epoch 695
train_loss: 0.0481
test_loss: 0.1295
epoch 696
train_loss: 0.0481
test_loss: 0.1295
epoch 697
train_loss: 0.0480
test_loss: 0.1295
epoch 698
train_loss: 0.0480
test_loss: 0.1294
epoch 699
train_loss: 0.0479
test_loss: 0.1294
epoch 700
train_loss: 0.0479
test_loss: 0.1293
epoch 701
train_loss: 0.0479
test_loss: 0.1293
epoch 702
train_loss: 0.0478
test_loss: 0.1292
epoch 703
train_loss: 0.0478
test_loss: 0.1292
epoch 704
train_loss: 0.0478
test_loss: 0.1292
epoch 705
train_loss: 0.0477
test_loss: 0.1291
epoch 706
train_loss: 0.0477
test_loss: 0.1291
epoch 707
train_loss: 0.0476
test_loss: 0.1290
epoch 708
train_loss: 0.0476
test_loss: 0.1290
epoch 709
train_loss: 0.0475
test_loss: 0.1290
epoch 710
train_loss: 0.0475
test_loss: 0.1289
epoch 711
train_loss: 0.0475
test_loss: 0.1288
epoch 712
train_loss: 0.0474
test_loss: 0.1288
epoch 713
train_loss: 0.0474
test_loss: 0.1287
epoch 714
train_loss: 0.0473
test_loss: 0.1288
epoch 715
train_loss: 0.0473
test_loss: 0.1287
epoch 716
train_loss: 0.0473
test_loss: 0.1286
epoch 717
train_loss: 0.0472
test_loss: 0.1285
epoch 718
train_loss: 0.0472
test_loss: 0.1285
epoch 719
train_loss: 0.0471
test_loss: 0.1286
epoch 720
train_loss: 0.0471
test_loss: 0.1285
epoch 721
train_loss: 0.0471
test_loss: 0.1285
epoch 722
train_loss: 0.0471
test_loss: 0.1283
epoch 723
train_loss: 0.0470
test_loss: 0.1284
epoch 724
train_loss: 0.0469
test_loss: 0.1282
epoch 725
train_loss: 0.0469
test_loss: 0.1283
epoch 726
train_loss: 0.0469
test_loss: 0.1282
epoch 727
train_loss: 0.0468
test_loss: 0.1281
epoch 728
train_loss: 0.0468
test_loss: 0.1281
epoch 729
train_loss: 0.0467
test_loss: 0.1280
epoch 730
train_loss: 0.0467
test_loss: 0.1280
epoch 731
train_loss: 0.0467
test_loss: 0.1279
epoch 732
train_loss: 0.0467
test_loss: 0.1279
epoch 733
train_loss: 0.0466
test_loss: 0.1279
epoch 734
train_loss: 0.0465
test_loss: 0.1278
epoch 735
train_loss: 0.0465
test_loss: 0.1279
epoch 736
train_loss: 0.0465
test_loss: 0.1278
epoch 737
train_loss: 0.0465
test_loss: 0.1278
epoch 738
train_loss: 0.0464
test_loss: 0.1277
epoch 739
train_loss: 0.0464
test_loss: 0.1277
epoch 740
train_loss: 0.0464
test_loss: 0.1276
epoch 741
train_loss: 0.0463
test_loss: 0.1276
epoch 742
train_loss: 0.0463
test_loss: 0.1276
epoch 743
train_loss: 0.0463
test_loss: 0.1275
epoch 744
train_loss: 0.0462
test_loss: 0.1275
epoch 745
train_loss: 0.0462
test_loss: 0.1274
epoch 746
train_loss: 0.0461
test_loss: 0.1274
epoch 747
train_loss: 0.0461
test_loss: 0.1273
epoch 748
train_loss: 0.0461
test_loss: 0.1273
epoch 749
train_loss: 0.0460
test_loss: 0.1272
epoch 750
train_loss: 0.0460
test_loss: 0.1273
epoch 751
train_loss: 0.0460
test_loss: 0.1271
epoch 752
train_loss: 0.0459
test_loss: 0.1272
epoch 753
train_loss: 0.0459
test_loss: 0.1271
epoch 754
train_loss: 0.0459
test_loss: 0.1271
epoch 755
train_loss: 0.0458
test_loss: 0.1270
epoch 756
train_loss: 0.0458
test_loss: 0.1270
epoch 757
train_loss: 0.0457
test_loss: 0.1270
epoch 758
train_loss: 0.0457
test_loss: 0.1269
epoch 759
train_loss: 0.0457
test_loss: 0.1269
epoch 760
train_loss: 0.0456
test_loss: 0.1268
epoch 761
train_loss: 0.0457
test_loss: 0.1269
epoch 762
train_loss: 0.0456
test_loss: 0.1268
epoch 763
train_loss: 0.0455
test_loss: 0.1268
epoch 764
train_loss: 0.0455
test_loss: 0.1268
epoch 765
train_loss: 0.0455
test_loss: 0.1267
epoch 766
train_loss: 0.0454
test_loss: 0.1267
epoch 767
train_loss: 0.0454
test_loss: 0.1267
epoch 768
train_loss: 0.0454
test_loss: 0.1267
epoch 769
train_loss: 0.0453
test_loss: 0.1266
epoch 770
train_loss: 0.0453
test_loss: 0.1266
epoch 771
train_loss: 0.0453
test_loss: 0.1265
epoch 772
train_loss: 0.0453
test_loss: 0.1265
epoch 773
train_loss: 0.0452
test_loss: 0.1265
epoch 774
train_loss: 0.0452
test_loss: 0.1265
epoch 775
train_loss: 0.0451
test_loss: 0.1265
epoch 776
train_loss: 0.0451
test_loss: 0.1264
epoch 777
train_loss: 0.0451
test_loss: 0.1263
epoch 778
train_loss: 0.0450
test_loss: 0.1263
epoch 779
train_loss: 0.0450
test_loss: 0.1263
epoch 780
train_loss: 0.0450
test_loss: 0.1263
epoch 781
train_loss: 0.0450
test_loss: 0.1262
epoch 782
train_loss: 0.0449
test_loss: 0.1262
epoch 783
train_loss: 0.0449
test_loss: 0.1262
epoch 784
train_loss: 0.0448
test_loss: 0.1261
epoch 785
train_loss: 0.0448
test_loss: 0.1260
epoch 786
train_loss: 0.0448
test_loss: 0.1259
epoch 787
train_loss: 0.0447
test_loss: 0.1259
epoch 788
train_loss: 0.0447
test_loss: 0.1259
epoch 789
train_loss: 0.0446
test_loss: 0.1259
/home/xueqiong/noise_injection_uncertainty/regression/utils.py:39: FutureWarning: The 'delim_whitespace' keyword in pd.read_csv is deprecated and will be removed in a future version. Use ``sep='\s+'`` instead
  return pd.read_csv(dataset_path, engine='python', header=None, delim_whitespace=True)
8 1
614 154 768
model_name FCN
using Adam as optimizer
epoch 0
train_loss: 1.0228
test_loss: 0.9594
epoch 1
train_loss: 0.9564
test_loss: 0.8961
epoch 2
train_loss: 0.8934
test_loss: 0.8353
epoch 3
train_loss: 0.8321
test_loss: 0.7750
epoch 4
train_loss: 0.7709
test_loss: 0.7142
epoch 5
train_loss: 0.7088
test_loss: 0.6523
epoch 6
train_loss: 0.6454
test_loss: 0.5897
epoch 7
train_loss: 0.5812
test_loss: 0.5270
epoch 8
train_loss: 0.5167
test_loss: 0.4648
epoch 9
train_loss: 0.4527
test_loss: 0.4047
epoch 10
train_loss: 0.3910
test_loss: 0.3487
epoch 11
train_loss: 0.3339
test_loss: 0.2988
epoch 12
train_loss: 0.2833
test_loss: 0.2563
epoch 13
train_loss: 0.2405
test_loss: 0.2215
epoch 14
train_loss: 0.2056
test_loss: 0.1942
epoch 15
train_loss: 0.1780
test_loss: 0.1736
epoch 16
train_loss: 0.1566
test_loss: 0.1582
epoch 17
train_loss: 0.1403
test_loss: 0.1469
epoch 18
train_loss: 0.1280
test_loss: 0.1383
epoch 19
train_loss: 0.1186
test_loss: 0.1316
epoch 20
train_loss: 0.1113
test_loss: 0.1262
epoch 21
train_loss: 0.1056
test_loss: 0.1216
epoch 22
train_loss: 0.1010
test_loss: 0.1178
epoch 23
train_loss: 0.0973
test_loss: 0.1145
epoch 24
train_loss: 0.0942
test_loss: 0.1116
epoch 25
train_loss: 0.0917
test_loss: 0.1091
epoch 26
train_loss: 0.0896
test_loss: 0.1069
epoch 27
train_loss: 0.0879
test_loss: 0.1049
epoch 28
train_loss: 0.0864
test_loss: 0.1032
epoch 29
train_loss: 0.0851
test_loss: 0.1017
epoch 30
train_loss: 0.0840
test_loss: 0.1003
epoch 31
train_loss: 0.0830
test_loss: 0.0991
epoch 32
train_loss: 0.0822
test_loss: 0.0980
epoch 33
train_loss: 0.0814
test_loss: 0.0970
epoch 34
train_loss: 0.0807
test_loss: 0.0961
epoch 35
train_loss: 0.0801
test_loss: 0.0953
epoch 36
train_loss: 0.0794
test_loss: 0.0946
epoch 37
train_loss: 0.0789
test_loss: 0.0939
epoch 38
train_loss: 0.0783
test_loss: 0.0932
epoch 39
train_loss: 0.0778
test_loss: 0.0926
epoch 40
train_loss: 0.0773
test_loss: 0.0921
epoch 41
train_loss: 0.0768
test_loss: 0.0915
epoch 42
train_loss: 0.0764
test_loss: 0.0910
epoch 43
train_loss: 0.0759
test_loss: 0.0906
epoch 44
train_loss: 0.0755
test_loss: 0.0901
epoch 45
train_loss: 0.0751
test_loss: 0.0897
epoch 46
train_loss: 0.0746
test_loss: 0.0893
epoch 47
train_loss: 0.0742
test_loss: 0.0889
epoch 48
train_loss: 0.0738
test_loss: 0.0886
epoch 49
train_loss: 0.0734
test_loss: 0.0882
epoch 50
train_loss: 0.0731
test_loss: 0.0878
epoch 51
train_loss: 0.0727
test_loss: 0.0874
epoch 52
train_loss: 0.0723
test_loss: 0.0871
epoch 53
train_loss: 0.0720
test_loss: 0.0867
epoch 54
train_loss: 0.0716
test_loss: 0.0864
epoch 55
train_loss: 0.0713
test_loss: 0.0860
epoch 56
train_loss: 0.0709
test_loss: 0.0857
epoch 57
train_loss: 0.0706
test_loss: 0.0854
epoch 58
train_loss: 0.0703
test_loss: 0.0851
epoch 59
train_loss: 0.0700
test_loss: 0.0848
epoch 60
train_loss: 0.0696
test_loss: 0.0845
epoch 61
train_loss: 0.0693
test_loss: 0.0843
epoch 62
train_loss: 0.0690
test_loss: 0.0840
epoch 63
train_loss: 0.0687
test_loss: 0.0837
epoch 64
train_loss: 0.0684
test_loss: 0.0835
epoch 65
train_loss: 0.0682
test_loss: 0.0832
epoch 66
train_loss: 0.0679
test_loss: 0.0829
epoch 67
train_loss: 0.0676
test_loss: 0.0827
epoch 68
train_loss: 0.0673
test_loss: 0.0824
epoch 69
train_loss: 0.0670
test_loss: 0.0822
epoch 70
train_loss: 0.0667
test_loss: 0.0819
epoch 71
train_loss: 0.0665
test_loss: 0.0817
epoch 72
train_loss: 0.0662
test_loss: 0.0814
epoch 73
train_loss: 0.0659
test_loss: 0.0812
epoch 74
train_loss: 0.0656
test_loss: 0.0809
epoch 75
train_loss: 0.0653
test_loss: 0.0807
epoch 76
train_loss: 0.0650
test_loss: 0.0804
epoch 77
train_loss: 0.0647
test_loss: 0.0802
epoch 78
train_loss: 0.0644
test_loss: 0.0799
epoch 79
train_loss: 0.0641
test_loss: 0.0797
epoch 80
train_loss: 0.0638
test_loss: 0.0795
epoch 81
train_loss: 0.0636
test_loss: 0.0792
epoch 82
train_loss: 0.0633
test_loss: 0.0789
epoch 83
train_loss: 0.0630
test_loss: 0.0787
epoch 84
train_loss: 0.0627
test_loss: 0.0784
epoch 85
train_loss: 0.0624
test_loss: 0.0782
epoch 86
train_loss: 0.0621
test_loss: 0.0779
epoch 87
train_loss: 0.0618
test_loss: 0.0777
epoch 88
train_loss: 0.0615
test_loss: 0.0774
epoch 89
train_loss: 0.0612
test_loss: 0.0772
epoch 90
train_loss: 0.0610
test_loss: 0.0770
epoch 91
train_loss: 0.0607
test_loss: 0.0767
epoch 92
train_loss: 0.0604
test_loss: 0.0765
epoch 93
train_loss: 0.0601
test_loss: 0.0763
epoch 94
train_loss: 0.0599
test_loss: 0.0760
epoch 95
train_loss: 0.0596
test_loss: 0.0758
epoch 96
train_loss: 0.0593
test_loss: 0.0756
epoch 97
train_loss: 0.0590
test_loss: 0.0753
epoch 98
train_loss: 0.0588
test_loss: 0.0751
epoch 99
train_loss: 0.0585
test_loss: 0.0749
epoch 100
train_loss: 0.0582
test_loss: 0.0746
epoch 101
train_loss: 0.0579
test_loss: 0.0744
epoch 102
train_loss: 0.0577
test_loss: 0.0741
epoch 103
train_loss: 0.0574
test_loss: 0.0738
epoch 104
train_loss: 0.0571
test_loss: 0.0736
epoch 105
train_loss: 0.0569
test_loss: 0.0734
epoch 106
train_loss: 0.0566
test_loss: 0.0731
epoch 107
train_loss: 0.0563
test_loss: 0.0728
epoch 108
train_loss: 0.0560
test_loss: 0.0726
epoch 109
train_loss: 0.0558
test_loss: 0.0724
epoch 110
train_loss: 0.0555
test_loss: 0.0721
epoch 111
train_loss: 0.0552
test_loss: 0.0719
epoch 112
train_loss: 0.0549
test_loss: 0.0717
epoch 113
train_loss: 0.0547
test_loss: 0.0714
epoch 114
train_loss: 0.0544
test_loss: 0.0712
epoch 115
train_loss: 0.0541
test_loss: 0.0710
epoch 116
train_loss: 0.0539
test_loss: 0.0708
epoch 117
train_loss: 0.0536
test_loss: 0.0706
epoch 118
train_loss: 0.0533
test_loss: 0.0704
epoch 119
train_loss: 0.0531
test_loss: 0.0702
epoch 120
train_loss: 0.0528
test_loss: 0.0700
epoch 121
train_loss: 0.0526
test_loss: 0.0698
epoch 122
train_loss: 0.0523
test_loss: 0.0695
epoch 123
train_loss: 0.0520
test_loss: 0.0693
epoch 124
train_loss: 0.0518
test_loss: 0.0691
epoch 125
train_loss: 0.0515
test_loss: 0.0689
epoch 126
train_loss: 0.0513
test_loss: 0.0687
epoch 127
train_loss: 0.0510
test_loss: 0.0684
epoch 128
train_loss: 0.0508
test_loss: 0.0682
epoch 129
train_loss: 0.0505
test_loss: 0.0680
epoch 130
train_loss: 0.0503
test_loss: 0.0678
epoch 131
train_loss: 0.0500
test_loss: 0.0675
epoch 132
train_loss: 0.0498
test_loss: 0.0673
epoch 133
train_loss: 0.0495
test_loss: 0.0671
epoch 134
train_loss: 0.0492
test_loss: 0.0669
epoch 135
train_loss: 0.0490
test_loss: 0.0666
epoch 136
train_loss: 0.0487
test_loss: 0.0664
epoch 137
train_loss: 0.0485
test_loss: 0.0662
epoch 138
train_loss: 0.0482
test_loss: 0.0660
epoch 139
train_loss: 0.0479
test_loss: 0.0658
epoch 140
train_loss: 0.0477
test_loss: 0.0656
epoch 141
train_loss: 0.0474
test_loss: 0.0654
epoch 142
train_loss: 0.0472
test_loss: 0.0652
epoch 143
train_loss: 0.0469
test_loss: 0.0650
epoch 144
train_loss: 0.0467
test_loss: 0.0647
epoch 145
train_loss: 0.0464
test_loss: 0.0646
epoch 146
train_loss: 0.0461
test_loss: 0.0644
epoch 147
train_loss: 0.0459
test_loss: 0.0642
epoch 148
train_loss: 0.0456
test_loss: 0.0640
epoch 149
train_loss: 0.0454
test_loss: 0.0637
epoch 150
train_loss: 0.0451
test_loss: 0.0636
epoch 151
train_loss: 0.0449
test_loss: 0.0634
epoch 152
train_loss: 0.0446
test_loss: 0.0632
epoch 153
train_loss: 0.0444
test_loss: 0.0630
epoch 154
train_loss: 0.0441
test_loss: 0.0628
epoch 155
train_loss: 0.0439
test_loss: 0.0627
epoch 156
train_loss: 0.0436
test_loss: 0.0624
epoch 157
train_loss: 0.0434
test_loss: 0.0623
epoch 158
train_loss: 0.0432
test_loss: 0.0621
epoch 159
train_loss: 0.0429
test_loss: 0.0620
epoch 160
train_loss: 0.0427
test_loss: 0.0618
epoch 161
train_loss: 0.0424
test_loss: 0.0616
epoch 162
train_loss: 0.0422
test_loss: 0.0614
epoch 163
train_loss: 0.0419
test_loss: 0.0613
epoch 164
train_loss: 0.0417
test_loss: 0.0611
epoch 165
train_loss: 0.0415
test_loss: 0.0609
epoch 166
train_loss: 0.0412
test_loss: 0.0607
epoch 167
train_loss: 0.0410
test_loss: 0.0605
epoch 168
train_loss: 0.0407
test_loss: 0.0603
epoch 169
train_loss: 0.0405
test_loss: 0.0601
epoch 170
train_loss: 0.0402
test_loss: 0.0600
epoch 171
train_loss: 0.0400
test_loss: 0.0598
epoch 172
train_loss: 0.0397
test_loss: 0.0596
epoch 173
train_loss: 0.0395
test_loss: 0.0594
epoch 174
train_loss: 0.0393
test_loss: 0.0592
epoch 175
train_loss: 0.0390
test_loss: 0.0590
epoch 176
train_loss: 0.0388
test_loss: 0.0587
epoch 177
train_loss: 0.0386
test_loss: 0.0585
epoch 178
train_loss: 0.0383
test_loss: 0.0583
epoch 179
train_loss: 0.0381
test_loss: 0.0581
epoch 180
train_loss: 0.0378
test_loss: 0.0579
epoch 181
train_loss: 0.0376
test_loss: 0.0577
epoch 182
train_loss: 0.0373
test_loss: 0.0574
epoch 183
train_loss: 0.0371
test_loss: 0.0572
epoch 184
train_loss: 0.0369
test_loss: 0.0570
epoch 185
train_loss: 0.0366
test_loss: 0.0568
epoch 186
train_loss: 0.0364
test_loss: 0.0566
epoch 187
train_loss: 0.0361
test_loss: 0.0564
epoch 188
train_loss: 0.0359
test_loss: 0.0562
epoch 189
train_loss: 0.0356
test_loss: 0.0560
epoch 190
train_loss: 0.0354
test_loss: 0.0558
epoch 191
train_loss: 0.0351
test_loss: 0.0555
epoch 192
train_loss: 0.0349
test_loss: 0.0553
epoch 193
train_loss: 0.0347
test_loss: 0.0551
epoch 194
train_loss: 0.0344
test_loss: 0.0549
epoch 195
train_loss: 0.0342
test_loss: 0.0547
epoch 196
train_loss: 0.0339
test_loss: 0.0545
epoch 197
train_loss: 0.0337
test_loss: 0.0543
epoch 198
train_loss: 0.0335
test_loss: 0.0541
epoch 199
train_loss: 0.0332
test_loss: 0.0539
epoch 200
train_loss: 0.0330
test_loss: 0.0537
epoch 201
train_loss: 0.0328
test_loss: 0.0535
epoch 202
train_loss: 0.0325
test_loss: 0.0533
epoch 203
train_loss: 0.0323
test_loss: 0.0531
epoch 204
train_loss: 0.0320
test_loss: 0.0529
epoch 205
train_loss: 0.0318
test_loss: 0.0527
epoch 206
train_loss: 0.0316
test_loss: 0.0525
epoch 207
train_loss: 0.0313
test_loss: 0.0522
epoch 208
train_loss: 0.0311
test_loss: 0.0520
epoch 209
train_loss: 0.0309
test_loss: 0.0518
epoch 210
train_loss: 0.0306
test_loss: 0.0516
epoch 211
train_loss: 0.0304
test_loss: 0.0514
epoch 212
train_loss: 0.0302
test_loss: 0.0512
epoch 213
train_loss: 0.0299
test_loss: 0.0510
epoch 214
train_loss: 0.0297
test_loss: 0.0508
epoch 215
train_loss: 0.0294
test_loss: 0.0506
epoch 216
train_loss: 0.0292
test_loss: 0.0504
epoch 217
train_loss: 0.0290
test_loss: 0.0502
epoch 218
train_loss: 0.0287
test_loss: 0.0500
epoch 219
train_loss: 0.0285
test_loss: 0.0498
epoch 220
train_loss: 0.0283
test_loss: 0.0496
epoch 221
train_loss: 0.0281
test_loss: 0.0494
epoch 222
train_loss: 0.0279
test_loss: 0.0492
epoch 223
train_loss: 0.0276
test_loss: 0.0490
epoch 224
train_loss: 0.0274
test_loss: 0.0488
epoch 225
train_loss: 0.0272
test_loss: 0.0486
epoch 226
train_loss: 0.0270
test_loss: 0.0484
epoch 227
train_loss: 0.0268
test_loss: 0.0482
epoch 228
train_loss: 0.0266
test_loss: 0.0480
epoch 229
train_loss: 0.0264
test_loss: 0.0478
epoch 230
train_loss: 0.0262
test_loss: 0.0476
epoch 231
train_loss: 0.0260
test_loss: 0.0474
epoch 232
train_loss: 0.0258
test_loss: 0.0472
epoch 233
train_loss: 0.0256
test_loss: 0.0471
epoch 234
train_loss: 0.0254
test_loss: 0.0469
epoch 235
train_loss: 0.0252
test_loss: 0.0467
epoch 236
train_loss: 0.0250
test_loss: 0.0465
epoch 237
train_loss: 0.0249
test_loss: 0.0463
epoch 238
train_loss: 0.0247
test_loss: 0.0462
epoch 239
train_loss: 0.0245
test_loss: 0.0460
epoch 240
train_loss: 0.0243
test_loss: 0.0458
epoch 241
train_loss: 0.0241
test_loss: 0.0456
epoch 242
train_loss: 0.0239
test_loss: 0.0454
epoch 243
train_loss: 0.0238
test_loss: 0.0453
epoch 244
train_loss: 0.0236
test_loss: 0.0451
epoch 245
train_loss: 0.0234
test_loss: 0.0450
epoch 246
train_loss: 0.0232
test_loss: 0.0447
epoch 247
train_loss: 0.0231
test_loss: 0.0446
epoch 248
train_loss: 0.0229
test_loss: 0.0444
epoch 249
train_loss: 0.0227
test_loss: 0.0443
epoch 250
train_loss: 0.0226
test_loss: 0.0441
epoch 251
train_loss: 0.0224
test_loss: 0.0440
epoch 252
train_loss: 0.0222
test_loss: 0.0438
epoch 253
train_loss: 0.0221
test_loss: 0.0437
epoch 254
train_loss: 0.0219
test_loss: 0.0435
epoch 255
train_loss: 0.0218
test_loss: 0.0434
epoch 256
train_loss: 0.0216
test_loss: 0.0432
epoch 257
train_loss: 0.0215
test_loss: 0.0431
epoch 258
train_loss: 0.0213
test_loss: 0.0429
epoch 259
train_loss: 0.0212
test_loss: 0.0428
epoch 260
train_loss: 0.0210
test_loss: 0.0426
epoch 261
train_loss: 0.0209
test_loss: 0.0425
epoch 262
train_loss: 0.0207
test_loss: 0.0423
epoch 263
train_loss: 0.0206
test_loss: 0.0422
epoch 264
train_loss: 0.0204
test_loss: 0.0420
epoch 265
train_loss: 0.0203
test_loss: 0.0419
epoch 266
train_loss: 0.0202
test_loss: 0.0418
epoch 267
train_loss: 0.0200
test_loss: 0.0416
epoch 268
train_loss: 0.0199
test_loss: 0.0415
epoch 269
train_loss: 0.0197
test_loss: 0.0413
epoch 270
train_loss: 0.0196
test_loss: 0.0412
epoch 271
train_loss: 0.0195
test_loss: 0.0411
epoch 272
train_loss: 0.0193
test_loss: 0.0409
epoch 273
train_loss: 0.0192
test_loss: 0.0408
epoch 274
train_loss: 0.0191
test_loss: 0.0406
epoch 275
train_loss: 0.0190
test_loss: 0.0406
epoch 276
train_loss: 0.0188
test_loss: 0.0404
epoch 277
train_loss: 0.0187
test_loss: 0.0402
epoch 278
train_loss: 0.0186
test_loss: 0.0401
epoch 279
train_loss: 0.0185
test_loss: 0.0400
epoch 280
train_loss: 0.0183
test_loss: 0.0399
epoch 281
train_loss: 0.0182
test_loss: 0.0397
epoch 282
train_loss: 0.0181
test_loss: 0.0396
epoch 283
train_loss: 0.0180
test_loss: 0.0395
epoch 284
train_loss: 0.0179
test_loss: 0.0394
epoch 285
train_loss: 0.0177
test_loss: 0.0392
epoch 286
train_loss: 0.0176
test_loss: 0.0391
epoch 287
train_loss: 0.0175
test_loss: 0.0390
epoch 288
train_loss: 0.0174
test_loss: 0.0389
epoch 289
train_loss: 0.0173
test_loss: 0.0387
epoch 290
train_loss: 0.0172
test_loss: 0.0386
epoch 291
train_loss: 0.0171
test_loss: 0.0385
epoch 292
train_loss: 0.0169
test_loss: 0.0384
epoch 293
train_loss: 0.0168
test_loss: 0.0383
epoch 294
train_loss: 0.0167
test_loss: 0.0381
epoch 295
train_loss: 0.0166
test_loss: 0.0380
epoch 296
train_loss: 0.0165
test_loss: 0.0379
epoch 297
train_loss: 0.0164
test_loss: 0.0378
epoch 298
train_loss: 0.0163
test_loss: 0.0377
epoch 299
train_loss: 0.0162
test_loss: 0.0376
epoch 300
train_loss: 0.0161
test_loss: 0.0375
epoch 301
train_loss: 0.0159
test_loss: 0.0374
epoch 302
train_loss: 0.0158
test_loss: 0.0373
epoch 303
train_loss: 0.0157
test_loss: 0.0372
epoch 304
train_loss: 0.0156
test_loss: 0.0370
epoch 305
train_loss: 0.0155
test_loss: 0.0369
epoch 306
train_loss: 0.0154
test_loss: 0.0368
epoch 307
train_loss: 0.0153
test_loss: 0.0367
epoch 308
train_loss: 0.0152
test_loss: 0.0366
epoch 309
train_loss: 0.0151
test_loss: 0.0364
epoch 310
train_loss: 0.0150
test_loss: 0.0363
epoch 311
train_loss: 0.0149
test_loss: 0.0362
epoch 312
train_loss: 0.0148
test_loss: 0.0361
epoch 313
train_loss: 0.0147
test_loss: 0.0360
epoch 314
train_loss: 0.0146
test_loss: 0.0358
epoch 315
train_loss: 0.0145
test_loss: 0.0357
epoch 316
train_loss: 0.0144
test_loss: 0.0356
epoch 317
train_loss: 0.0143
test_loss: 0.0355
epoch 318
train_loss: 0.0142
test_loss: 0.0354
epoch 319
train_loss: 0.0141
test_loss: 0.0353
epoch 320
train_loss: 0.0140
test_loss: 0.0352
epoch 321
train_loss: 0.0139
test_loss: 0.0351
epoch 322
train_loss: 0.0138
test_loss: 0.0349
epoch 323
train_loss: 0.0137
test_loss: 0.0348
epoch 324
train_loss: 0.0136
test_loss: 0.0346
epoch 325
train_loss: 0.0135
test_loss: 0.0345
epoch 326
train_loss: 0.0134
test_loss: 0.0344
epoch 327
train_loss: 0.0133
test_loss: 0.0343
epoch 328
train_loss: 0.0132
test_loss: 0.0342
epoch 329
train_loss: 0.0131
test_loss: 0.0341
epoch 330
train_loss: 0.0130
test_loss: 0.0339
epoch 331
train_loss: 0.0129
test_loss: 0.0338
epoch 332
train_loss: 0.0128
test_loss: 0.0337
epoch 333
train_loss: 0.0127
test_loss: 0.0335
epoch 334
train_loss: 0.0126
test_loss: 0.0334
epoch 335
train_loss: 0.0125
test_loss: 0.0333
epoch 336
train_loss: 0.0123
test_loss: 0.0332
epoch 337
train_loss: 0.0122
test_loss: 0.0330
epoch 338
train_loss: 0.0121
test_loss: 0.0329
epoch 339
train_loss: 0.0120
test_loss: 0.0329
epoch 340
train_loss: 0.0119
test_loss: 0.0327
epoch 341
train_loss: 0.0118
test_loss: 0.0327
epoch 342
train_loss: 0.0117
test_loss: 0.0326
epoch 343
train_loss: 0.0116
test_loss: 0.0325
epoch 344
train_loss: 0.0115
test_loss: 0.0324
epoch 345
train_loss: 0.0114
test_loss: 0.0323
epoch 346
train_loss: 0.0113
test_loss: 0.0322
epoch 347
train_loss: 0.0112
test_loss: 0.0321
epoch 348
train_loss: 0.0111
test_loss: 0.0320
epoch 349
train_loss: 0.0110
test_loss: 0.0319
epoch 350
train_loss: 0.0109
test_loss: 0.0318
epoch 351
train_loss: 0.0108
test_loss: 0.0317
epoch 352
train_loss: 0.0107
test_loss: 0.0317
epoch 353
train_loss: 0.0106
test_loss: 0.0315
epoch 354
train_loss: 0.0105
test_loss: 0.0314
epoch 355
train_loss: 0.0104
test_loss: 0.0313
epoch 356
train_loss: 0.0103
test_loss: 0.0312
epoch 357
train_loss: 0.0102
test_loss: 0.0310
epoch 358
train_loss: 0.0102
test_loss: 0.0310
epoch 359
train_loss: 0.0101
test_loss: 0.0309
epoch 360
train_loss: 0.0100
test_loss: 0.0307
epoch 361
train_loss: 0.0099
test_loss: 0.0306
epoch 362
train_loss: 0.0098
test_loss: 0.0304
epoch 363
train_loss: 0.0097
test_loss: 0.0303
epoch 364
train_loss: 0.0096
test_loss: 0.0302
epoch 365
train_loss: 0.0095
test_loss: 0.0301
epoch 366
train_loss: 0.0094
test_loss: 0.0300
epoch 367
train_loss: 0.0093
test_loss: 0.0299
epoch 368
train_loss: 0.0092
test_loss: 0.0297
epoch 369
train_loss: 0.0091
test_loss: 0.0296
epoch 370
train_loss: 0.0090
test_loss: 0.0295
epoch 371
train_loss: 0.0089
test_loss: 0.0294
epoch 372
train_loss: 0.0088
test_loss: 0.0293
epoch 373
train_loss: 0.0087
test_loss: 0.0291
epoch 374
train_loss: 0.0086
test_loss: 0.0290
epoch 375
train_loss: 0.0085
test_loss: 0.0289
epoch 376
train_loss: 0.0084
test_loss: 0.0288
epoch 377
train_loss: 0.0083
test_loss: 0.0287
epoch 378
train_loss: 0.0082
test_loss: 0.0285
epoch 379
train_loss: 0.0081
test_loss: 0.0284
epoch 380
train_loss: 0.0080
test_loss: 0.0283
epoch 381
train_loss: 0.0079
test_loss: 0.0282
epoch 382
train_loss: 0.0079
test_loss: 0.0280
epoch 383
train_loss: 0.0078
test_loss: 0.0279
epoch 384
train_loss: 0.0077
test_loss: 0.0278
epoch 385
train_loss: 0.0076
test_loss: 0.0277
epoch 386
train_loss: 0.0075
test_loss: 0.0275
epoch 387
train_loss: 0.0074
test_loss: 0.0274
epoch 388
train_loss: 0.0073
test_loss: 0.0273
epoch 389
train_loss: 0.0072
test_loss: 0.0271
epoch 390
train_loss: 0.0071
test_loss: 0.0270
epoch 391
train_loss: 0.0070
test_loss: 0.0269
epoch 392
train_loss: 0.0069
test_loss: 0.0267
epoch 393
train_loss: 0.0068
test_loss: 0.0266
epoch 394
train_loss: 0.0067
test_loss: 0.0264
epoch 395
train_loss: 0.0066
test_loss: 0.0264
epoch 396
train_loss: 0.0065
test_loss: 0.0263
epoch 397
train_loss: 0.0064
test_loss: 0.0261
epoch 398
train_loss: 0.0063
test_loss: 0.0260
epoch 399
train_loss: 0.0062
test_loss: 0.0259
epoch 400
train_loss: 0.0061
test_loss: 0.0258
epoch 401
train_loss: 0.0060
test_loss: 0.0256
epoch 402
train_loss: 0.0059
test_loss: 0.0255
epoch 403
train_loss: 0.0059
test_loss: 0.0254
epoch 404
train_loss: 0.0058
test_loss: 0.0253
epoch 405
train_loss: 0.0057
test_loss: 0.0252
epoch 406
train_loss: 0.0056
test_loss: 0.0251
epoch 407
train_loss: 0.0055
test_loss: 0.0250
epoch 408
train_loss: 0.0054
test_loss: 0.0249
epoch 409
train_loss: 0.0054
test_loss: 0.0247
epoch 410
train_loss: 0.0053
test_loss: 0.0246
epoch 411
train_loss: 0.0052
test_loss: 0.0245
epoch 412
train_loss: 0.0051
test_loss: 0.0243
epoch 413
train_loss: 0.0050
test_loss: 0.0243
epoch 414
train_loss: 0.0050
test_loss: 0.0241
epoch 415
train_loss: 0.0049
test_loss: 0.0240
epoch 416
train_loss: 0.0048
test_loss: 0.0239
epoch 417
train_loss: 0.0048
test_loss: 0.0238
epoch 418
train_loss: 0.0047
test_loss: 0.0237
epoch 419
train_loss: 0.0046
test_loss: 0.0236
epoch 420
train_loss: 0.0046
test_loss: 0.0235
epoch 421
train_loss: 0.0045
test_loss: 0.0234
epoch 422
train_loss: 0.0044
test_loss: 0.0233
epoch 423
train_loss: 0.0044
test_loss: 0.0232
epoch 424
train_loss: 0.0043
test_loss: 0.0231
epoch 425
train_loss: 0.0042
test_loss: 0.0230
epoch 426
train_loss: 0.0042
test_loss: 0.0229
epoch 427
train_loss: 0.0041
test_loss: 0.0228
epoch 428
train_loss: 0.0041
test_loss: 0.0227
epoch 429
train_loss: 0.0040
test_loss: 0.0226
epoch 430
train_loss: 0.0040
test_loss: 0.0226
epoch 431
train_loss: 0.0039
test_loss: 0.0225
epoch 432
train_loss: 0.0039
test_loss: 0.0224
epoch 433
train_loss: 0.0038
test_loss: 0.0223
epoch 434
train_loss: 0.0038
test_loss: 0.0222
epoch 435
train_loss: 0.0037
test_loss: 0.0221
epoch 436
train_loss: 0.0037
test_loss: 0.0220
epoch 437
train_loss: 0.0036
test_loss: 0.0220
epoch 438
train_loss: 0.0036
test_loss: 0.0219
epoch 439
train_loss: 0.0035
test_loss: 0.0218
epoch 440
train_loss: 0.0035
test_loss: 0.0217
epoch 441
train_loss: 0.0035
test_loss: 0.0216
epoch 442
train_loss: 0.0034
test_loss: 0.0216
epoch 443
train_loss: 0.0034
test_loss: 0.0215
epoch 444
train_loss: 0.0033
test_loss: 0.0214
epoch 445
train_loss: 0.0033
test_loss: 0.0213
epoch 446
train_loss: 0.0033
test_loss: 0.0213
epoch 447
train_loss: 0.0032
test_loss: 0.0212
epoch 448
train_loss: 0.0032
test_loss: 0.0211
epoch 449
train_loss: 0.0032
test_loss: 0.0210
epoch 450
train_loss: 0.0031
test_loss: 0.0210
epoch 451
train_loss: 0.0031
test_loss: 0.0209
epoch 452
train_loss: 0.0031
test_loss: 0.0209
epoch 453
train_loss: 0.0030
test_loss: 0.0208
epoch 454
train_loss: 0.0030
test_loss: 0.0207
epoch 455
train_loss: 0.0030
test_loss: 0.0207
epoch 456
train_loss: 0.0029
test_loss: 0.0206
epoch 457
train_loss: 0.0029
test_loss: 0.0206
epoch 458
train_loss: 0.0029
test_loss: 0.0205
epoch 459
train_loss: 0.0029
test_loss: 0.0204
epoch 460
train_loss: 0.0028
test_loss: 0.0204
epoch 461
train_loss: 0.0028
test_loss: 0.0203
epoch 462
train_loss: 0.0028
test_loss: 0.0203
epoch 463
train_loss: 0.0028
test_loss: 0.0202
epoch 464
train_loss: 0.0027
test_loss: 0.0202
epoch 465
train_loss: 0.0027
test_loss: 0.0201
epoch 466
train_loss: 0.0027
test_loss: 0.0201
epoch 467
train_loss: 0.0027
test_loss: 0.0200
epoch 468
train_loss: 0.0027
test_loss: 0.0200
epoch 469
train_loss: 0.0026
test_loss: 0.0199
epoch 470
train_loss: 0.0026
test_loss: 0.0199
epoch 471
train_loss: 0.0026
test_loss: 0.0198
epoch 472
train_loss: 0.0026
test_loss: 0.0198
epoch 473
train_loss: 0.0026
test_loss: 0.0197
epoch 474
train_loss: 0.0025
test_loss: 0.0197
epoch 475
train_loss: 0.0025
test_loss: 0.0196
epoch 476
train_loss: 0.0025
test_loss: 0.0196
epoch 477
train_loss: 0.0025
test_loss: 0.0195
epoch 478
train_loss: 0.0025
test_loss: 0.0195
epoch 479
train_loss: 0.0025
test_loss: 0.0195
epoch 480
train_loss: 0.0024
test_loss: 0.0194
epoch 481
train_loss: 0.0024
test_loss: 0.0194
epoch 482
train_loss: 0.0024
test_loss: 0.0193
epoch 483
train_loss: 0.0024
test_loss: 0.0193
epoch 484
train_loss: 0.0024
test_loss: 0.0192
epoch 485
train_loss: 0.0024
test_loss: 0.0192
epoch 486
train_loss: 0.0024
test_loss: 0.0192
epoch 487
train_loss: 0.0023
test_loss: 0.0191
epoch 488
train_loss: 0.0023
test_loss: 0.0191
epoch 489
train_loss: 0.0023
test_loss: 0.0191
epoch 490
train_loss: 0.0023
test_loss: 0.0190
epoch 491
train_loss: 0.0023
test_loss: 0.0190
epoch 492
train_loss: 0.0023
test_loss: 0.0190
epoch 493
train_loss: 0.0023
test_loss: 0.0189
epoch 494
train_loss: 0.0023
test_loss: 0.0189
epoch 495
train_loss: 0.0023
test_loss: 0.0189
epoch 496
train_loss: 0.0022
test_loss: 0.0189
epoch 497
train_loss: 0.0022
test_loss: 0.0188
epoch 498
train_loss: 0.0022
test_loss: 0.0188
epoch 499
train_loss: 0.0022
test_loss: 0.0188
epoch 500
train_loss: 0.0022
test_loss: 0.0187
epoch 501
train_loss: 0.0022
test_loss: 0.0187
epoch 502
train_loss: 0.0022
test_loss: 0.0187
epoch 503
train_loss: 0.0022
test_loss: 0.0187
epoch 504
train_loss: 0.0022
test_loss: 0.0186
epoch 505
train_loss: 0.0022
test_loss: 0.0186
epoch 506
train_loss: 0.0021
test_loss: 0.0186
epoch 507
train_loss: 0.0021
test_loss: 0.0186
epoch 508
train_loss: 0.0021
test_loss: 0.0186
epoch 509
train_loss: 0.0021
test_loss: 0.0185
epoch 510
train_loss: 0.0021
test_loss: 0.0185
epoch 511
train_loss: 0.0021
test_loss: 0.0185
epoch 512
train_loss: 0.0021
test_loss: 0.0185
epoch 513
train_loss: 0.0021
test_loss: 0.0184
epoch 514
train_loss: 0.0021
test_loss: 0.0184
epoch 515
train_loss: 0.0021
test_loss: 0.0183
epoch 516
train_loss: 0.0021
test_loss: 0.0184
epoch 517
train_loss: 0.0021
test_loss: 0.0184
epoch 518
train_loss: 0.0021
test_loss: 0.0183
epoch 519
train_loss: 0.0021
test_loss: 0.0183
epoch 520
train_loss: 0.0020
test_loss: 0.0183
epoch 521
train_loss: 0.0020
test_loss: 0.0183
epoch 522
train_loss: 0.0020
test_loss: 0.0182
epoch 523
train_loss: 0.0020
test_loss: 0.0183
epoch 524
train_loss: 0.0020
test_loss: 0.0182
epoch 525
train_loss: 0.0020
test_loss: 0.0182
epoch 526
train_loss: 0.0020
test_loss: 0.0182
epoch 527
train_loss: 0.0020
test_loss: 0.0182
epoch 528
train_loss: 0.0020
test_loss: 0.0181
epoch 529
train_loss: 0.0020
test_loss: 0.0181
epoch 530
train_loss: 0.0020
test_loss: 0.0181
epoch 531
train_loss: 0.0020
test_loss: 0.0181
epoch 532
train_loss: 0.0020
test_loss: 0.0181
epoch 533
train_loss: 0.0020
test_loss: 0.0181
epoch 534
train_loss: 0.0020
test_loss: 0.0181
epoch 535
train_loss: 0.0020
test_loss: 0.0181
epoch 536
train_loss: 0.0020
test_loss: 0.0180
epoch 537
train_loss: 0.0020
test_loss: 0.0180
epoch 538
train_loss: 0.0019
test_loss: 0.0180
epoch 539
train_loss: 0.0019
test_loss: 0.0180
epoch 540
train_loss: 0.0019
test_loss: 0.0180
epoch 541
train_loss: 0.0019
test_loss: 0.0180
epoch 542
train_loss: 0.0019
test_loss: 0.0180
epoch 543
train_loss: 0.0019
test_loss: 0.0180
epoch 544
train_loss: 0.0019
test_loss: 0.0179
epoch 545
train_loss: 0.0019
test_loss: 0.0180
epoch 546
train_loss: 0.0019
test_loss: 0.0179
epoch 547
train_loss: 0.0019
test_loss: 0.0179
epoch 548
train_loss: 0.0019
test_loss: 0.0179
epoch 549
train_loss: 0.0019
test_loss: 0.0180
epoch 550
train_loss: 0.0019
test_loss: 0.0179
epoch 551
train_loss: 0.0019
test_loss: 0.0179
epoch 552
train_loss: 0.0019
test_loss: 0.0179
epoch 553
train_loss: 0.0019
test_loss: 0.0179
epoch 554
train_loss: 0.0019
test_loss: 0.0179
epoch 555
train_loss: 0.0019
test_loss: 0.0179
epoch 556
train_loss: 0.0019
test_loss: 0.0179
epoch 557
train_loss: 0.0019
test_loss: 0.0178
epoch 558
train_loss: 0.0019
test_loss: 0.0178
epoch 559
train_loss: 0.0018
test_loss: 0.0179
epoch 560
train_loss: 0.0018
test_loss: 0.0178
epoch 561
train_loss: 0.0018
test_loss: 0.0178
epoch 562
train_loss: 0.0018
test_loss: 0.0178
epoch 563
train_loss: 0.0018
test_loss: 0.0178
epoch 564
train_loss: 0.0018
test_loss: 0.0178
epoch 565
train_loss: 0.0018
test_loss: 0.0178
epoch 566
train_loss: 0.0018
test_loss: 0.0178
epoch 567
train_loss: 0.0018
test_loss: 0.0178
epoch 568
train_loss: 0.0018
test_loss: 0.0178
epoch 569
train_loss: 0.0018
test_loss: 0.0177
epoch 570
train_loss: 0.0018
test_loss: 0.0178
epoch 571
train_loss: 0.0018
test_loss: 0.0178
epoch 572
train_loss: 0.0018
test_loss: 0.0177
epoch 573
train_loss: 0.0018
test_loss: 0.0178
epoch 574
train_loss: 0.0018
test_loss: 0.0177
epoch 575
train_loss: 0.0018
test_loss: 0.0177
epoch 576
train_loss: 0.0018
test_loss: 0.0177
epoch 577
train_loss: 0.0018
test_loss: 0.0177
epoch 578
train_loss: 0.0018
test_loss: 0.0177
epoch 579
train_loss: 0.0018
test_loss: 0.0177
epoch 580
train_loss: 0.0018
test_loss: 0.0177
epoch 581
train_loss: 0.0018
test_loss: 0.0177
epoch 582
train_loss: 0.0018
test_loss: 0.0177
epoch 583
train_loss: 0.0018
test_loss: 0.0177
epoch 584
train_loss: 0.0018
test_loss: 0.0177
epoch 585
train_loss: 0.0018
test_loss: 0.0177
epoch 586
train_loss: 0.0018
test_loss: 0.0176
epoch 587
train_loss: 0.0018
test_loss: 0.0177
epoch 588
train_loss: 0.0018
test_loss: 0.0177
epoch 589
train_loss: 0.0018
test_loss: 0.0177
epoch 590
train_loss: 0.0018
test_loss: 0.0176
epoch 591
train_loss: 0.0018
test_loss: 0.0176
epoch 592
train_loss: 0.0018
test_loss: 0.0177
epoch 593
train_loss: 0.0018
test_loss: 0.0176
epoch 594
train_loss: 0.0017
test_loss: 0.0176
epoch 595
train_loss: 0.0017
test_loss: 0.0176
epoch 596
train_loss: 0.0017
test_loss: 0.0176
epoch 597
train_loss: 0.0017
test_loss: 0.0176
epoch 598
train_loss: 0.0017
test_loss: 0.0176
epoch 599
train_loss: 0.0017
test_loss: 0.0176
epoch 600
train_loss: 0.0017
test_loss: 0.0176
epoch 601
train_loss: 0.0017
test_loss: 0.0175
epoch 602
train_loss: 0.0017
test_loss: 0.0175
epoch 603
train_loss: 0.0017
test_loss: 0.0176
epoch 604
train_loss: 0.0017
test_loss: 0.0176
epoch 605
train_loss: 0.0017
test_loss: 0.0175
epoch 606
train_loss: 0.0017
test_loss: 0.0175
epoch 607
train_loss: 0.0017
test_loss: 0.0175
epoch 608
train_loss: 0.0017
test_loss: 0.0176
epoch 609
train_loss: 0.0017
test_loss: 0.0175
epoch 610
train_loss: 0.0017
test_loss: 0.0174
epoch 611
train_loss: 0.0017
test_loss: 0.0175
epoch 612
train_loss: 0.0017
test_loss: 0.0175
epoch 613
train_loss: 0.0017
test_loss: 0.0175
epoch 614
train_loss: 0.0017
test_loss: 0.0175
epoch 615
train_loss: 0.0017
test_loss: 0.0175
epoch 616
train_loss: 0.0017
test_loss: 0.0175
epoch 617
train_loss: 0.0017
test_loss: 0.0175
epoch 618
train_loss: 0.0017
test_loss: 0.0175
epoch 619
train_loss: 0.0017
test_loss: 0.0175
epoch 620
train_loss: 0.0017
test_loss: 0.0174
epoch 621
train_loss: 0.0017
test_loss: 0.0174
epoch 622
train_loss: 0.0017
test_loss: 0.0175
epoch 623
train_loss: 0.0017
test_loss: 0.0174
epoch 624
train_loss: 0.0017
test_loss: 0.0174
epoch 625
train_loss: 0.0017
test_loss: 0.0175
epoch 626
train_loss: 0.0017
test_loss: 0.0174
epoch 627
train_loss: 0.0017
test_loss: 0.0174
epoch 628
train_loss: 0.0017
test_loss: 0.0174
epoch 629
train_loss: 0.0017
test_loss: 0.0175
epoch 630
train_loss: 0.0017
test_loss: 0.0174
epoch 631
train_loss: 0.0017
test_loss: 0.0174
epoch 632
train_loss: 0.0017
test_loss: 0.0174
epoch 633
train_loss: 0.0017
test_loss: 0.0174
epoch 634
train_loss: 0.0017
test_loss: 0.0174
epoch 635
train_loss: 0.0017
test_loss: 0.0174
epoch 636
train_loss: 0.0017
test_loss: 0.0174
epoch 637
train_loss: 0.0017
test_loss: 0.0174
epoch 638
train_loss: 0.0017
test_loss: 0.0173
epoch 639
train_loss: 0.0017
test_loss: 0.0174
epoch 640
train_loss: 0.0017
test_loss: 0.0173
epoch 641
train_loss: 0.0017
test_loss: 0.0174
epoch 642
train_loss: 0.0017
test_loss: 0.0173
epoch 643
train_loss: 0.0016
test_loss: 0.0174
epoch 644
train_loss: 0.0016
test_loss: 0.0173
epoch 645
train_loss: 0.0016
test_loss: 0.0173
epoch 646
train_loss: 0.0016
test_loss: 0.0173
epoch 647
train_loss: 0.0016
test_loss: 0.0173
epoch 648
train_loss: 0.0016
test_loss: 0.0173
epoch 649
train_loss: 0.0016
test_loss: 0.0173
epoch 650
train_loss: 0.0016
test_loss: 0.0173
epoch 651
train_loss: 0.0016
test_loss: 0.0173
epoch 652
train_loss: 0.0016
test_loss: 0.0173
epoch 653
train_loss: 0.0016
test_loss: 0.0173
epoch 654
train_loss: 0.0016
test_loss: 0.0173
epoch 655
train_loss: 0.0016
test_loss: 0.0173
epoch 656
train_loss: 0.0016
test_loss: 0.0172
epoch 657
train_loss: 0.0016
test_loss: 0.0173
epoch 658
train_loss: 0.0016
test_loss: 0.0172
epoch 659
train_loss: 0.0016
test_loss: 0.0173
epoch 660
train_loss: 0.0016
test_loss: 0.0172
epoch 661
train_loss: 0.0016
test_loss: 0.0173
epoch 662
train_loss: 0.0016
test_loss: 0.0172
epoch 663
train_loss: 0.0016
test_loss: 0.0173
epoch 664
train_loss: 0.0016
test_loss: 0.0172
epoch 665
train_loss: 0.0016
test_loss: 0.0172
epoch 666
train_loss: 0.0016
test_loss: 0.0172
epoch 667
train_loss: 0.0016
test_loss: 0.0172
epoch 668
train_loss: 0.0016
test_loss: 0.0172
epoch 669
train_loss: 0.0016
test_loss: 0.0172
epoch 670
train_loss: 0.0016
test_loss: 0.0172
epoch 671
train_loss: 0.0016
test_loss: 0.0172
epoch 672
train_loss: 0.0016
test_loss: 0.0172
epoch 673
train_loss: 0.0016
test_loss: 0.0172
epoch 674
train_loss: 0.0016
test_loss: 0.0172
epoch 675
train_loss: 0.0016
test_loss: 0.0171
epoch 676
train_loss: 0.0016
test_loss: 0.0172
epoch 677
train_loss: 0.0016
test_loss: 0.0172
epoch 678
train_loss: 0.0016
test_loss: 0.0172
epoch 679
train_loss: 0.0016
test_loss: 0.0172
epoch 680
train_loss: 0.0016
test_loss: 0.0172
epoch 681
train_loss: 0.0016
test_loss: 0.0171
epoch 682
train_loss: 0.0016
test_loss: 0.0172
epoch 683
train_loss: 0.0016
test_loss: 0.0171
epoch 684
train_loss: 0.0016
test_loss: 0.0172
epoch 685
train_loss: 0.0016
test_loss: 0.0171
epoch 686
train_loss: 0.0016
test_loss: 0.0172
epoch 687
train_loss: 0.0016
test_loss: 0.0171
epoch 688
train_loss: 0.0016
test_loss: 0.0171
epoch 689
train_loss: 0.0016
test_loss: 0.0171
epoch 690
train_loss: 0.0016
test_loss: 0.0171
epoch 691
train_loss: 0.0016
test_loss: 0.0171
epoch 692
train_loss: 0.0016
test_loss: 0.0171
epoch 693
train_loss: 0.0016
test_loss: 0.0170
epoch 694
train_loss: 0.0016
test_loss: 0.0171
epoch 695
train_loss: 0.0016
test_loss: 0.0171
epoch 696
train_loss: 0.0016
test_loss: 0.0171
epoch 697
train_loss: 0.0016
test_loss: 0.0171
epoch 698
train_loss: 0.0016
test_loss: 0.0171
epoch 699
train_loss: 0.0016
test_loss: 0.0170
epoch 700
train_loss: 0.0016
test_loss: 0.0171
epoch 701
train_loss: 0.0016
test_loss: 0.0171
epoch 702
train_loss: 0.0016
test_loss: 0.0171
epoch 703
train_loss: 0.0016
test_loss: 0.0171
epoch 704
train_loss: 0.0015
test_loss: 0.0170
epoch 705
train_loss: 0.0015
test_loss: 0.0170
epoch 706
train_loss: 0.0015
test_loss: 0.0170
epoch 707
train_loss: 0.0015
test_loss: 0.0170
epoch 708
train_loss: 0.0015
test_loss: 0.0170
epoch 709
train_loss: 0.0015
test_loss: 0.0170
epoch 710
train_loss: 0.0015
test_loss: 0.0171
epoch 711
train_loss: 0.0015
test_loss: 0.0169
epoch 712
train_loss: 0.0015
test_loss: 0.0170
epoch 713
train_loss: 0.0015
test_loss: 0.0170
epoch 714
train_loss: 0.0015
test_loss: 0.0170
epoch 715
train_loss: 0.0015
test_loss: 0.0170
epoch 716
train_loss: 0.0015
test_loss: 0.0170
epoch 717
train_loss: 0.0015
test_loss: 0.0169
epoch 718
train_loss: 0.0015
test_loss: 0.0169
epoch 719
train_loss: 0.0015
test_loss: 0.0170
epoch 720
train_loss: 0.0015
test_loss: 0.0169
epoch 721
train_loss: 0.0015
test_loss: 0.0170
epoch 722
train_loss: 0.0015
test_loss: 0.0169
epoch 723
train_loss: 0.0015
test_loss: 0.0170
epoch 724
train_loss: 0.0015
test_loss: 0.0169
epoch 725
train_loss: 0.0015
test_loss: 0.0170
epoch 726
train_loss: 0.0015
test_loss: 0.0169
epoch 727
train_loss: 0.0015
test_loss: 0.0169
epoch 728
train_loss: 0.0015
test_loss: 0.0169
epoch 729
train_loss: 0.0015
test_loss: 0.0169
epoch 730
train_loss: 0.0015
test_loss: 0.0169
epoch 731
train_loss: 0.0015
test_loss: 0.0169
epoch 732
train_loss: 0.0015
test_loss: 0.0169
epoch 733
train_loss: 0.0015
test_loss: 0.0169
epoch 734
train_loss: 0.0015
test_loss: 0.0169
epoch 735
train_loss: 0.0015
test_loss: 0.0168
epoch 736
train_loss: 0.0015
test_loss: 0.0169
epoch 737
train_loss: 0.0015
test_loss: 0.0168
epoch 738
train_loss: 0.0015
test_loss: 0.0169
epoch 739
train_loss: 0.0015
test_loss: 0.0168
epoch 740
train_loss: 0.0015
test_loss: 0.0168
epoch 741
train_loss: 0.0015
test_loss: 0.0168
epoch 742
train_loss: 0.0015
test_loss: 0.0168
epoch 743
train_loss: 0.0015
test_loss: 0.0168
epoch 744
train_loss: 0.0015
test_loss: 0.0168
epoch 745
train_loss: 0.0015
test_loss: 0.0168
epoch 746
train_loss: 0.0015
test_loss: 0.0167
epoch 747
train_loss: 0.0015
test_loss: 0.0168
epoch 748
train_loss: 0.0015
test_loss: 0.0168
epoch 749
train_loss: 0.0015
test_loss: 0.0168
epoch 750
train_loss: 0.0015
test_loss: 0.0167
epoch 751
train_loss: 0.0015
test_loss: 0.0168
epoch 752
train_loss: 0.0015
test_loss: 0.0167
epoch 753
train_loss: 0.0015
test_loss: 0.0167
epoch 754
train_loss: 0.0015
test_loss: 0.0168
epoch 755
train_loss: 0.0015
test_loss: 0.0167
epoch 756
train_loss: 0.0015
test_loss: 0.0167
epoch 757
train_loss: 0.0015
test_loss: 0.0167
epoch 758
train_loss: 0.0015
test_loss: 0.0167
epoch 759
train_loss: 0.0015
test_loss: 0.0167
epoch 760
train_loss: 0.0015
test_loss: 0.0167
epoch 761
train_loss: 0.0015
test_loss: 0.0167
epoch 762
train_loss: 0.0015
test_loss: 0.0167
epoch 763
train_loss: 0.0015
test_loss: 0.0167
epoch 764
train_loss: 0.0015
test_loss: 0.0166
epoch 765
train_loss: 0.0015
test_loss: 0.0166
epoch 766
train_loss: 0.0015
test_loss: 0.0167
epoch 767
train_loss: 0.0015
test_loss: 0.0166
epoch 768
train_loss: 0.0015
test_loss: 0.0166
epoch 769
train_loss: 0.0015
test_loss: 0.0166
epoch 770
train_loss: 0.0015
test_loss: 0.0166
epoch 771
train_loss: 0.0015
test_loss: 0.0167
epoch 772
train_loss: 0.0015
test_loss: 0.0166
epoch 773
train_loss: 0.0015
test_loss: 0.0166
epoch 774
train_loss: 0.0015
test_loss: 0.0166
epoch 775
train_loss: 0.0015
test_loss: 0.0166
epoch 776
train_loss: 0.0015
test_loss: 0.0166
epoch 777
train_loss: 0.0015
test_loss: 0.0166
epoch 778
train_loss: 0.0015
test_loss: 0.0166
epoch 779
train_loss: 0.0015
test_loss: 0.0166
epoch 780
train_loss: 0.0015
test_loss: 0.0166
epoch 781
train_loss: 0.0015
test_loss: 0.0166
epoch 782
train_loss: 0.0015
test_loss: 0.0166
epoch 783
train_loss: 0.0015
test_loss: 0.0166
epoch 784
train_loss: 0.0015
test_loss: 0.0165
epoch 785
train_loss: 0.0015
test_loss: 0.0165
epoch 786
train_loss: 0.0015
test_loss: 0.0165
epoch 787
train_loss: 0.0015
test_loss: 0.0165
epoch 788
train_loss: 0.0015
test_loss: 0.0165
epoch 789
train_loss: 0.0015
test_loss: 0.0165
epoch 790
train_loss: 0.0015
test_loss: 0.0164
epoch 791
train_loss: 0.0015
test_loss: 0.0165
epoch 792
train_loss: 0.0015
test_loss: 0.0165
epoch 793
train_loss: 0.0015
test_loss: 0.0164
epoch 794
train_loss: 0.0015
test_loss: 0.0164
epoch 795
train_loss: 0.0015
test_loss: 0.0164
epoch 796
train_loss: 0.0015
test_loss: 0.0164
epoch 797
train_loss: 0.0015
test_loss: 0.0164
epoch 798
train_loss: 0.0015
test_loss: 0.0165
epoch 799
train_loss: 0.0015
test_loss: 0.0164
epoch 800
train_loss: 0.0015
test_loss: 0.0164
epoch 801
train_loss: 0.0015
test_loss: 0.0164
epoch 802
train_loss: 0.0015
test_loss: 0.0164
epoch 803
train_loss: 0.0015
test_loss: 0.0164
epoch 804
train_loss: 0.0015
test_loss: 0.0164
epoch 805
train_loss: 0.0015
test_loss: 0.0164
epoch 806
train_loss: 0.0015
test_loss: 0.0164
epoch 807
train_loss: 0.0015
test_loss: 0.0164
epoch 808
train_loss: 0.0015
test_loss: 0.0164
epoch 809
train_loss: 0.0015
test_loss: 0.0164
epoch 810
train_loss: 0.0015
test_loss: 0.0164
epoch 811
train_loss: 0.0015
test_loss: 0.0163
epoch 812
train_loss: 0.0015
test_loss: 0.0163
epoch 813
train_loss: 0.0015
test_loss: 0.0163
epoch 814
train_loss: 0.0015
test_loss: 0.0164
epoch 815
train_loss: 0.0015
test_loss: 0.0163
epoch 816
train_loss: 0.0015
test_loss: 0.0163
epoch 817
train_loss: 0.0015
test_loss: 0.0163
epoch 818
train_loss: 0.0015
test_loss: 0.0163
epoch 819
train_loss: 0.0015
test_loss: 0.0163
epoch 820
train_loss: 0.0014
test_loss: 0.0163
epoch 821
train_loss: 0.0014
test_loss: 0.0163
epoch 822
train_loss: 0.0014
test_loss: 0.0163
epoch 823
train_loss: 0.0014
test_loss: 0.0162
epoch 824
train_loss: 0.0014
test_loss: 0.0163
epoch 825
train_loss: 0.0014
test_loss: 0.0162
epoch 826
train_loss: 0.0014
test_loss: 0.0163
epoch 827
train_loss: 0.0014
test_loss: 0.0162
epoch 828
train_loss: 0.0014
test_loss: 0.0162
epoch 829
train_loss: 0.0014
test_loss: 0.0162
epoch 830
train_loss: 0.0014
test_loss: 0.0162
epoch 831
train_loss: 0.0014
test_loss: 0.0162
epoch 832
train_loss: 0.0014
test_loss: 0.0162
epoch 833
train_loss: 0.0014
test_loss: 0.0162
epoch 834
train_loss: 0.0014
test_loss: 0.0162
epoch 835
train_loss: 0.0014
test_loss: 0.0162
epoch 836
train_loss: 0.0014
test_loss: 0.0162
epoch 837
train_loss: 0.0014
test_loss: 0.0162
epoch 838
train_loss: 0.0014
test_loss: 0.0162
epoch 839
train_loss: 0.0014
test_loss: 0.0162
epoch 840
train_loss: 0.0014
test_loss: 0.0161
epoch 841
train_loss: 0.0014
test_loss: 0.0162
epoch 842
train_loss: 0.0014
test_loss: 0.0161
epoch 843
train_loss: 0.0014
test_loss: 0.0162
epoch 844
train_loss: 0.0014
test_loss: 0.0161
epoch 845
train_loss: 0.0014
test_loss: 0.0161
epoch 846
train_loss: 0.0014
test_loss: 0.0161
epoch 847
train_loss: 0.0014
test_loss: 0.0161
epoch 848
train_loss: 0.0014
test_loss: 0.0161
epoch 849
train_loss: 0.0014
test_loss: 0.0161
epoch 850
train_loss: 0.0014
test_loss: 0.0161
epoch 851
train_loss: 0.0014
test_loss: 0.0161
epoch 852
train_loss: 0.0014
test_loss: 0.0161
epoch 853
train_loss: 0.0014
test_loss: 0.0161
epoch 854
train_loss: 0.0014
test_loss: 0.0160
epoch 855
train_loss: 0.0014
test_loss: 0.0160
epoch 856
train_loss: 0.0014
test_loss: 0.0160
epoch 857
train_loss: 0.0014
test_loss: 0.0161
epoch 858
train_loss: 0.0014
test_loss: 0.0160
epoch 859
train_loss: 0.0014
test_loss: 0.0160
epoch 860
train_loss: 0.0014
test_loss: 0.0160
epoch 861
train_loss: 0.0014
test_loss: 0.0160
epoch 862
train_loss: 0.0014
test_loss: 0.0160
epoch 863
train_loss: 0.0014
test_loss: 0.0160
epoch 864
train_loss: 0.0014
test_loss: 0.0160
epoch 865
train_loss: 0.0014
test_loss: 0.0160
epoch 866
train_loss: 0.0014
test_loss: 0.0160
epoch 867
train_loss: 0.0014
test_loss: 0.0160
epoch 868
train_loss: 0.0014
test_loss: 0.0160
epoch 869
train_loss: 0.0014
test_loss: 0.0159
epoch 870
train_loss: 0.0014
test_loss: 0.0159
epoch 871
train_loss: 0.0014
test_loss: 0.0159
epoch 872
train_loss: 0.0014
test_loss: 0.0159
epoch 873
train_loss: 0.0014
test_loss: 0.0160
epoch 874
train_loss: 0.0014
test_loss: 0.0159
epoch 875
train_loss: 0.0014
test_loss: 0.0159
epoch 876
train_loss: 0.0014
test_loss: 0.0159
epoch 877
train_loss: 0.0014
test_loss: 0.0159
epoch 878
train_loss: 0.0014
test_loss: 0.0159
epoch 879
train_loss: 0.0014
test_loss: 0.0159
epoch 880
train_loss: 0.0014
test_loss: 0.0159
epoch 881
train_loss: 0.0014
test_loss: 0.0159
epoch 882
train_loss: 0.0014
test_loss: 0.0159
epoch 883
train_loss: 0.0014
test_loss: 0.0158
epoch 884
train_loss: 0.0014
test_loss: 0.0158
epoch 885
train_loss: 0.0014
test_loss: 0.0159
epoch 886
train_loss: 0.0014
test_loss: 0.0158
epoch 887
train_loss: 0.0014
test_loss: 0.0158
epoch 888
train_loss: 0.0014
test_loss: 0.0159
epoch 889
train_loss: 0.0014
test_loss: 0.0158
epoch 890
train_loss: 0.0014
test_loss: 0.0158
epoch 891
train_loss: 0.0014
test_loss: 0.0158
epoch 892
train_loss: 0.0014
test_loss: 0.0159
epoch 893
train_loss: 0.0014
test_loss: 0.0158
epoch 894
train_loss: 0.0014
test_loss: 0.0158
epoch 895
train_loss: 0.0014
test_loss: 0.0158
epoch 896
train_loss: 0.0014
test_loss: 0.0158
epoch 897
train_loss: 0.0014
test_loss: 0.0158
epoch 898
train_loss: 0.0014
test_loss: 0.0158
epoch 899
train_loss: 0.0014
test_loss: 0.0158
epoch 900
train_loss: 0.0014
test_loss: 0.0158
epoch 901
train_loss: 0.0014
test_loss: 0.0159
epoch 902
train_loss: 0.0014
test_loss: 0.0157
epoch 903
train_loss: 0.0014
test_loss: 0.0158
epoch 904
train_loss: 0.0014
test_loss: 0.0158
epoch 905
train_loss: 0.0014
test_loss: 0.0158
epoch 906
train_loss: 0.0014
test_loss: 0.0158
epoch 907
train_loss: 0.0014
test_loss: 0.0158
epoch 908
train_loss: 0.0014
test_loss: 0.0158
epoch 909
train_loss: 0.0014
test_loss: 0.0157
epoch 910
train_loss: 0.0014
test_loss: 0.0158
epoch 911
train_loss: 0.0014
test_loss: 0.0158
epoch 912
train_loss: 0.0014
test_loss: 0.0157
epoch 913
train_loss: 0.0014
test_loss: 0.0157
epoch 914
train_loss: 0.0014
test_loss: 0.0158
epoch 915
train_loss: 0.0014
test_loss: 0.0158
epoch 916
train_loss: 0.0014
test_loss: 0.0158
epoch 917
train_loss: 0.0014
test_loss: 0.0157
epoch 918
train_loss: 0.0014
test_loss: 0.0158
epoch 919
train_loss: 0.0014
test_loss: 0.0156
epoch 920
train_loss: 0.0014
test_loss: 0.0157
epoch 921
train_loss: 0.0014
test_loss: 0.0157
epoch 922
train_loss: 0.0014
test_loss: 0.0157
epoch 923
train_loss: 0.0014
test_loss: 0.0157
epoch 924
train_loss: 0.0014
test_loss: 0.0157
epoch 925
train_loss: 0.0014
test_loss: 0.0156
epoch 926
train_loss: 0.0014
test_loss: 0.0157
epoch 927
train_loss: 0.0014
test_loss: 0.0157
epoch 928
train_loss: 0.0014
test_loss: 0.0157
epoch 929
train_loss: 0.0014
test_loss: 0.0157
epoch 930
train_loss: 0.0014
test_loss: 0.0157
epoch 931
train_loss: 0.0014
test_loss: 0.0156
epoch 932
train_loss: 0.0014
test_loss: 0.0157
epoch 933
train_loss: 0.0014
test_loss: 0.0157
epoch 934
train_loss: 0.0014
test_loss: 0.0157
epoch 935
train_loss: 0.0014
test_loss: 0.0157
epoch 936
train_loss: 0.0014
test_loss: 0.0157
epoch 937
train_loss: 0.0014
test_loss: 0.0157
epoch 938
train_loss: 0.0014
test_loss: 0.0156
epoch 939
train_loss: 0.0014
test_loss: 0.0156
epoch 940
train_loss: 0.0014
test_loss: 0.0157
epoch 941
train_loss: 0.0014
test_loss: 0.0156
epoch 942
train_loss: 0.0014
test_loss: 0.0156
epoch 943
train_loss: 0.0014
test_loss: 0.0156
epoch 944
train_loss: 0.0014
test_loss: 0.0157
epoch 945
train_loss: 0.0014
test_loss: 0.0156
epoch 946
train_loss: 0.0014
test_loss: 0.0156
epoch 947
train_loss: 0.0014
test_loss: 0.0156
epoch 948
train_loss: 0.0014
test_loss: 0.0156
epoch 949
train_loss: 0.0014
test_loss: 0.0156
epoch 950
train_loss: 0.0014
test_loss: 0.0156
epoch 951
train_loss: 0.0014
test_loss: 0.0156
epoch 952
train_loss: 0.0014
test_loss: 0.0156
epoch 953
train_loss: 0.0014
test_loss: 0.0156
epoch 954
train_loss: 0.0014
test_loss: 0.0155
epoch 955
train_loss: 0.0014
test_loss: 0.0156
epoch 956
train_loss: 0.0014
test_loss: 0.0156
epoch 957
train_loss: 0.0014
test_loss: 0.0156
epoch 958
train_loss: 0.0014
test_loss: 0.0156
epoch 959
train_loss: 0.0014
test_loss: 0.0155
epoch 960
train_loss: 0.0014
test_loss: 0.0155
epoch 961
train_loss: 0.0014
test_loss: 0.0155
epoch 962
train_loss: 0.0014
test_loss: 0.0155
epoch 963
train_loss: 0.0014
test_loss: 0.0156
epoch 964
train_loss: 0.0014
test_loss: 0.0155
epoch 965
train_loss: 0.0014
test_loss: 0.0156
epoch 966
train_loss: 0.0014
test_loss: 0.0156
epoch 967
train_loss: 0.0014
test_loss: 0.0155
epoch 968
train_loss: 0.0014
test_loss: 0.0155
epoch 969
train_loss: 0.0014
test_loss: 0.0156
epoch 970
train_loss: 0.0014
test_loss: 0.0155
epoch 971
train_loss: 0.0014
test_loss: 0.0155
epoch 972
train_loss: 0.0014
test_loss: 0.0155
epoch 973
train_loss: 0.0014
test_loss: 0.0155
epoch 974
train_loss: 0.0014
test_loss: 0.0155
epoch 975
train_loss: 0.0014
test_loss: 0.0155
epoch 976
train_loss: 0.0014
test_loss: 0.0155
epoch 977
train_loss: 0.0014
test_loss: 0.0155
epoch 978
train_loss: 0.0014
test_loss: 0.0155
epoch 979
train_loss: 0.0014
test_loss: 0.0155
epoch 980
train_loss: 0.0014
test_loss: 0.0155
epoch 981
train_loss: 0.0014
test_loss: 0.0155
epoch 982
train_loss: 0.0014
test_loss: 0.0154
epoch 983
train_loss: 0.0014
test_loss: 0.0155
epoch 984
train_loss: 0.0014
test_loss: 0.0155
epoch 985
train_loss: 0.0014
test_loss: 0.0155
epoch 986
train_loss: 0.0014
test_loss: 0.0155
epoch 987
train_loss: 0.0014
test_loss: 0.0155
epoch 988
train_loss: 0.0014
test_loss: 0.0155
epoch 989
train_loss: 0.0014
test_loss: 0.0155
epoch 990
train_loss: 0.0014
test_loss: 0.0154
epoch 991
train_loss: 0.0014
test_loss: 0.0154
epoch 992
train_loss: 0.0014
test_loss: 0.0154
epoch 993
train_loss: 0.0014
test_loss: 0.0154
epoch 994
train_loss: 0.0014
test_loss: 0.0154
epoch 995
train_loss: 0.0014
test_loss: 0.0154
epoch 996
train_loss: 0.0014
test_loss: 0.0154
epoch 997
train_loss: 0.0014
test_loss: 0.0155
epoch 998
train_loss: 0.0014
test_loss: 0.0154
epoch 999
train_loss: 0.0014
test_loss: 0.0154
epoch 1000
train_loss: 0.0014
test_loss: 0.0154
epoch 1001
train_loss: 0.0014
test_loss: 0.0154
epoch 1002
train_loss: 0.0014
test_loss: 0.0154
epoch 1003
train_loss: 0.0014
test_loss: 0.0155
epoch 1004
train_loss: 0.0014
test_loss: 0.0154
epoch 1005
train_loss: 0.0014
test_loss: 0.0155
epoch 1006
train_loss: 0.0014
test_loss: 0.0154
epoch 1007
train_loss: 0.0014
test_loss: 0.0154
epoch 1008
train_loss: 0.0014
test_loss: 0.0154
epoch 1009
train_loss: 0.0014
test_loss: 0.0154
epoch 1010
train_loss: 0.0014
test_loss: 0.0154
epoch 1011
train_loss: 0.0014
test_loss: 0.0154
epoch 1012
train_loss: 0.0013
test_loss: 0.0154
epoch 1013
train_loss: 0.0013
test_loss: 0.0154
epoch 1014
train_loss: 0.0013
test_loss: 0.0154
epoch 1015
train_loss: 0.0013
test_loss: 0.0154
epoch 1016
train_loss: 0.0013
test_loss: 0.0154
epoch 1017
train_loss: 0.0013
test_loss: 0.0154
epoch 1018
train_loss: 0.0013
test_loss: 0.0154
epoch 1019
train_loss: 0.0013
test_loss: 0.0153
epoch 1020
train_loss: 0.0013
test_loss: 0.0153
epoch 1021
train_loss: 0.0013
test_loss: 0.0154
epoch 1022
train_loss: 0.0013
test_loss: 0.0153
epoch 1023
train_loss: 0.0013
test_loss: 0.0154
epoch 1024
train_loss: 0.0013
test_loss: 0.0153
epoch 1025
train_loss: 0.0013
test_loss: 0.0154
epoch 1026
train_loss: 0.0013
test_loss: 0.0153
epoch 1027
train_loss: 0.0013
test_loss: 0.0154
epoch 1028
train_loss: 0.0013
test_loss: 0.0153
epoch 1029
train_loss: 0.0013
test_loss: 0.0153
epoch 1030
train_loss: 0.0013
test_loss: 0.0153
epoch 1031
train_loss: 0.0013
test_loss: 0.0154
epoch 1032
train_loss: 0.0013
test_loss: 0.0153
epoch 1033
train_loss: 0.0013
test_loss: 0.0153
epoch 1034
train_loss: 0.0013
test_loss: 0.0153
epoch 1035
train_loss: 0.0013
test_loss: 0.0152
epoch 1036
train_loss: 0.0013
test_loss: 0.0153
epoch 1037
train_loss: 0.0013
test_loss: 0.0153
epoch 1038
train_loss: 0.0013
test_loss: 0.0153
epoch 1039
train_loss: 0.0013
test_loss: 0.0153
epoch 1040
train_loss: 0.0013
test_loss: 0.0153
epoch 1041
train_loss: 0.0013
test_loss: 0.0153
epoch 1042
train_loss: 0.0013
test_loss: 0.0153
epoch 1043
train_loss: 0.0013
test_loss: 0.0153
epoch 1044
train_loss: 0.0013
test_loss: 0.0153
epoch 1045
train_loss: 0.0013
test_loss: 0.0153
epoch 1046
train_loss: 0.0013
test_loss: 0.0153
epoch 1047
train_loss: 0.0013
test_loss: 0.0152
epoch 1048
train_loss: 0.0013
test_loss: 0.0153
epoch 1049
train_loss: 0.0013
test_loss: 0.0153
epoch 1050
train_loss: 0.0013
test_loss: 0.0153
epoch 1051
train_loss: 0.0013
test_loss: 0.0152
epoch 1052
train_loss: 0.0013
test_loss: 0.0153
epoch 1053
train_loss: 0.0013
test_loss: 0.0152
epoch 1054
train_loss: 0.0013
test_loss: 0.0153
epoch 1055
train_loss: 0.0013
test_loss: 0.0152
epoch 1056
train_loss: 0.0013
test_loss: 0.0153
epoch 1057
train_loss: 0.0013
test_loss: 0.0153
epoch 1058
train_loss: 0.0013
test_loss: 0.0153
epoch 1059
train_loss: 0.0013
test_loss: 0.0152
epoch 1060
train_loss: 0.0013
test_loss: 0.0152
epoch 1061
train_loss: 0.0013
test_loss: 0.0153
epoch 1062
train_loss: 0.0013
test_loss: 0.0153
epoch 1063
train_loss: 0.0013
test_loss: 0.0152
epoch 1064
train_loss: 0.0013
test_loss: 0.0153
epoch 1065
train_loss: 0.0013
test_loss: 0.0152
epoch 1066
train_loss: 0.0013
test_loss: 0.0152
epoch 1067
train_loss: 0.0013
test_loss: 0.0152
epoch 1068
train_loss: 0.0013
test_loss: 0.0152
epoch 1069
train_loss: 0.0013
test_loss: 0.0152
epoch 1070
train_loss: 0.0013
test_loss: 0.0152
epoch 1071
train_loss: 0.0013
test_loss: 0.0152
epoch 1072
train_loss: 0.0013
test_loss: 0.0152
epoch 1073
train_loss: 0.0013
test_loss: 0.0152
epoch 1074
train_loss: 0.0013
test_loss: 0.0152
epoch 1075
train_loss: 0.0013
test_loss: 0.0152
epoch 1076
train_loss: 0.0013
test_loss: 0.0152
epoch 1077
train_loss: 0.0013
test_loss: 0.0151
epoch 1078
train_loss: 0.0013
test_loss: 0.0152
epoch 1079
train_loss: 0.0013
test_loss: 0.0152
epoch 1080
train_loss: 0.0013
test_loss: 0.0152
epoch 1081
train_loss: 0.0013
test_loss: 0.0152
epoch 1082
train_loss: 0.0013
test_loss: 0.0152
epoch 1083
train_loss: 0.0013
test_loss: 0.0152
epoch 1084
train_loss: 0.0013
test_loss: 0.0152
epoch 1085
train_loss: 0.0013
test_loss: 0.0152
epoch 1086
train_loss: 0.0013
test_loss: 0.0152
epoch 1087
train_loss: 0.0013
test_loss: 0.0152
epoch 1088
train_loss: 0.0013
test_loss: 0.0152
epoch 1089
train_loss: 0.0013
test_loss: 0.0152
epoch 1090
train_loss: 0.0013
test_loss: 0.0152
epoch 1091
train_loss: 0.0013
test_loss: 0.0151
epoch 1092
train_loss: 0.0013
test_loss: 0.0151
epoch 1093
train_loss: 0.0013
test_loss: 0.0152
epoch 1094
train_loss: 0.0013
test_loss: 0.0151
epoch 1095
train_loss: 0.0013
test_loss: 0.0152
epoch 1096
train_loss: 0.0013
test_loss: 0.0151
epoch 1097
train_loss: 0.0013
test_loss: 0.0152
epoch 1098
train_loss: 0.0013
test_loss: 0.0151
epoch 1099
train_loss: 0.0013
test_loss: 0.0151
/home/xueqiong/noise_injection_uncertainty/regression/utils.py:39: FutureWarning: The 'delim_whitespace' keyword in pd.read_csv is deprecated and will be removed in a future version. Use ``sep='\s+'`` instead
  return pd.read_csv(dataset_path, engine='python', header=None, delim_whitespace=True)
8 1
614 154 768
model_name dropoutFCN
using Adam as optimizer
epoch 0
train_loss: 0.5938
Module: DropoutFullyConnectedNN
  Module: ModuleList
    Module: Linear
    Module: Linear
    Module: Linear
  Module: ModuleList
    Module: Dropout
dropout设置为训练模式
    Module: Dropout
dropout设置为训练模式
    Module: Dropout
dropout设置为训练模式
  Module: ReLU
test_loss: 0.2110
epoch 1
train_loss: 0.1381
Module: DropoutFullyConnectedNN
  Module: ModuleList
    Module: Linear
    Module: Linear
    Module: Linear
  Module: ModuleList
    Module: Dropout
dropout设置为训练模式
    Module: Dropout
dropout设置为训练模式
    Module: Dropout
dropout设置为训练模式
  Module: ReLU
test_loss: 0.1056
epoch 2
train_loss: 0.0952
Module: DropoutFullyConnectedNN
  Module: ModuleList
    Module: Linear
    Module: Linear
    Module: Linear
  Module: ModuleList
    Module: Dropout
dropout设置为训练模式
    Module: Dropout
dropout设置为训练模式
    Module: Dropout
dropout设置为训练模式
  Module: ReLU
test_loss: 0.0908
epoch 3
train_loss: 0.0774
Module: DropoutFullyConnectedNN
  Module: ModuleList
    Module: Linear
    Module: Linear
    Module: Linear
  Module: ModuleList
    Module: Dropout
dropout设置为训练模式
    Module: Dropout
dropout设置为训练模式
    Module: Dropout
dropout设置为训练模式
  Module: ReLU
test_loss: 0.0803
epoch 4
train_loss: 0.0715
Module: DropoutFullyConnectedNN
  Module: ModuleList
    Module: Linear
    Module: Linear
    Module: Linear
  Module: ModuleList
    Module: Dropout
dropout设置为训练模式
    Module: Dropout
dropout设置为训练模式
    Module: Dropout
dropout设置为训练模式
  Module: ReLU
test_loss: 0.0751
epoch 5
train_loss: 0.0701
Module: DropoutFullyConnectedNN
  Module: ModuleList
    Module: Linear
    Module: Linear
    Module: Linear
  Module: ModuleList
    Module: Dropout
dropout设置为训练模式
    Module: Dropout
dropout设置为训练模式
    Module: Dropout
dropout设置为训练模式
  Module: ReLU
test_loss: 0.0731
epoch 6
train_loss: 0.0657
Module: DropoutFullyConnectedNN
  Module: ModuleList
    Module: Linear
    Module: Linear
    Module: Linear
  Module: ModuleList
    Module: Dropout
dropout设置为训练模式
    Module: Dropout
dropout设置为训练模式
    Module: Dropout
dropout设置为训练模式
  Module: ReLU
test_loss: 0.0709
epoch 7
train_loss: 0.0625
Module: DropoutFullyConnectedNN
  Module: ModuleList
    Module: Linear
    Module: Linear
    Module: Linear
  Module: ModuleList
    Module: Dropout
dropout设置为训练模式
    Module: Dropout
dropout设置为训练模式
    Module: Dropout
dropout设置为训练模式
  Module: ReLU
test_loss: 0.0683
epoch 8
train_loss: 0.0597
Module: DropoutFullyConnectedNN
  Module: ModuleList
    Module: Linear
    Module: Linear
    Module: Linear
  Module: ModuleList
    Module: Dropout
dropout设置为训练模式
    Module: Dropout
dropout设置为训练模式
    Module: Dropout
dropout设置为训练模式
  Module: ReLU
test_loss: 0.0671
epoch 9
train_loss: 0.0605
Module: DropoutFullyConnectedNN
  Module: ModuleList
    Module: Linear
    Module: Linear
    Module: Linear
  Module: ModuleList
    Module: Dropout
dropout设置为训练模式
    Module: Dropout
dropout设置为训练模式
    Module: Dropout
dropout设置为训练模式
  Module: ReLU
test_loss: 0.0642
epoch 10
train_loss: 0.0559
Module: DropoutFullyConnectedNN
  Module: ModuleList
    Module: Linear
    Module: Linear
    Module: Linear
  Module: ModuleList
    Module: Dropout
dropout设置为训练模式
    Module: Dropout
dropout设置为训练模式
    Module: Dropout
dropout设置为训练模式
  Module: ReLU
test_loss: 0.0609
epoch 11
train_loss: 0.0522
Module: DropoutFullyConnectedNN
  Module: ModuleList
    Module: Linear
    Module: Linear
    Module: Linear
  Module: ModuleList
    Module: Dropout
dropout设置为训练模式
    Module: Dropout
dropout设置为训练模式
    Module: Dropout
dropout设置为训练模式
  Module: ReLU
test_loss: 0.0579
epoch 12
train_loss: 0.0494
Module: DropoutFullyConnectedNN
  Module: ModuleList
    Module: Linear
    Module: Linear
    Module: Linear
  Module: ModuleList
    Module: Dropout
dropout设置为训练模式
    Module: Dropout
dropout设置为训练模式
    Module: Dropout
dropout设置为训练模式
  Module: ReLU
test_loss: 0.0542
epoch 13
train_loss: 0.0437
Module: DropoutFullyConnectedNN
  Module: ModuleList
    Module: Linear
    Module: Linear
    Module: Linear
  Module: ModuleList
    Module: Dropout
dropout设置为训练模式
    Module: Dropout
dropout设置为训练模式
    Module: Dropout
dropout设置为训练模式
  Module: ReLU
test_loss: 0.0523
epoch 14
train_loss: 0.0402
Module: DropoutFullyConnectedNN
  Module: ModuleList
    Module: Linear
    Module: Linear
    Module: Linear
  Module: ModuleList
    Module: Dropout
dropout设置为训练模式
    Module: Dropout
dropout设置为训练模式
    Module: Dropout
dropout设置为训练模式
  Module: ReLU
test_loss: 0.0482
epoch 15
train_loss: 0.0369
Module: DropoutFullyConnectedNN
  Module: ModuleList
    Module: Linear
    Module: Linear
    Module: Linear
  Module: ModuleList
    Module: Dropout
dropout设置为训练模式
    Module: Dropout
dropout设置为训练模式
    Module: Dropout
dropout设置为训练模式
  Module: ReLU
test_loss: 0.0420
epoch 16
train_loss: 0.0348
Module: DropoutFullyConnectedNN
  Module: ModuleList
    Module: Linear
    Module: Linear
    Module: Linear
  Module: ModuleList
    Module: Dropout
dropout设置为训练模式
    Module: Dropout
dropout设置为训练模式
    Module: Dropout
dropout设置为训练模式
  Module: ReLU
test_loss: 0.0393
epoch 17
train_loss: 0.0296
Module: DropoutFullyConnectedNN
  Module: ModuleList
    Module: Linear
    Module: Linear
    Module: Linear
  Module: ModuleList
    Module: Dropout
dropout设置为训练模式
    Module: Dropout
dropout设置为训练模式
    Module: Dropout
dropout设置为训练模式
  Module: ReLU
test_loss: 0.0403
epoch 18
train_loss: 0.0301
Module: DropoutFullyConnectedNN
  Module: ModuleList
    Module: Linear
    Module: Linear
    Module: Linear
  Module: ModuleList
    Module: Dropout
dropout设置为训练模式
    Module: Dropout
dropout设置为训练模式
    Module: Dropout
dropout设置为训练模式
  Module: ReLU
test_loss: 0.0346
epoch 19
train_loss: 0.0288
Module: DropoutFullyConnectedNN
  Module: ModuleList
    Module: Linear
    Module: Linear
    Module: Linear
  Module: ModuleList
    Module: Dropout
dropout设置为训练模式
    Module: Dropout
dropout设置为训练模式
    Module: Dropout
dropout设置为训练模式
  Module: ReLU
test_loss: 0.0388
epoch 20
train_loss: 0.0260
Module: DropoutFullyConnectedNN
  Module: ModuleList
    Module: Linear
    Module: Linear
    Module: Linear
  Module: ModuleList
    Module: Dropout
dropout设置为训练模式
    Module: Dropout
dropout设置为训练模式
    Module: Dropout
dropout设置为训练模式
  Module: ReLU
test_loss: 0.0350
epoch 21
train_loss: 0.0247
Module: DropoutFullyConnectedNN
  Module: ModuleList
    Module: Linear
    Module: Linear
    Module: Linear
  Module: ModuleList
    Module: Dropout
dropout设置为训练模式
    Module: Dropout
dropout设置为训练模式
    Module: Dropout
dropout设置为训练模式
  Module: ReLU
test_loss: 0.0360
epoch 22
train_loss: 0.0240
Module: DropoutFullyConnectedNN
  Module: ModuleList
    Module: Linear
    Module: Linear
    Module: Linear
  Module: ModuleList
    Module: Dropout
dropout设置为训练模式
    Module: Dropout
dropout设置为训练模式
    Module: Dropout
dropout设置为训练模式
  Module: ReLU
test_loss: 0.0292
epoch 23
train_loss: 0.0293
Module: DropoutFullyConnectedNN
  Module: ModuleList
    Module: Linear
    Module: Linear
    Module: Linear
  Module: ModuleList
    Module: Dropout
dropout设置为训练模式
    Module: Dropout
dropout设置为训练模式
    Module: Dropout
dropout设置为训练模式
  Module: ReLU
test_loss: 0.0413
epoch 24
train_loss: 0.0274
Module: DropoutFullyConnectedNN
  Module: ModuleList
    Module: Linear
    Module: Linear
    Module: Linear
  Module: ModuleList
    Module: Dropout
dropout设置为训练模式
    Module: Dropout
dropout设置为训练模式
    Module: Dropout
dropout设置为训练模式
  Module: ReLU
test_loss: 0.0305
epoch 25
train_loss: 0.0225
Module: DropoutFullyConnectedNN
  Module: ModuleList
    Module: Linear
    Module: Linear
    Module: Linear
  Module: ModuleList
    Module: Dropout
dropout设置为训练模式
    Module: Dropout
dropout设置为训练模式
    Module: Dropout
dropout设置为训练模式
  Module: ReLU
test_loss: 0.0319
epoch 26
train_loss: 0.0223
Module: DropoutFullyConnectedNN
  Module: ModuleList
    Module: Linear
    Module: Linear
    Module: Linear
  Module: ModuleList
    Module: Dropout
dropout设置为训练模式
    Module: Dropout
dropout设置为训练模式
    Module: Dropout
dropout设置为训练模式
  Module: ReLU
test_loss: 0.0282
epoch 27
train_loss: 0.0190
Module: DropoutFullyConnectedNN
  Module: ModuleList
    Module: Linear
    Module: Linear
    Module: Linear
  Module: ModuleList
    Module: Dropout
dropout设置为训练模式
    Module: Dropout
dropout设置为训练模式
    Module: Dropout
dropout设置为训练模式
  Module: ReLU
test_loss: 0.0360
epoch 28
train_loss: 0.0206
Module: DropoutFullyConnectedNN
  Module: ModuleList
    Module: Linear
    Module: Linear
    Module: Linear
  Module: ModuleList
    Module: Dropout
dropout设置为训练模式
    Module: Dropout
dropout设置为训练模式
    Module: Dropout
dropout设置为训练模式
  Module: ReLU
test_loss: 0.0314
epoch 29
train_loss: 0.0198
Module: DropoutFullyConnectedNN
  Module: ModuleList
    Module: Linear
    Module: Linear
    Module: Linear
  Module: ModuleList
    Module: Dropout
dropout设置为训练模式
    Module: Dropout
dropout设置为训练模式
    Module: Dropout
dropout设置为训练模式
  Module: ReLU
test_loss: 0.0280
epoch 30
train_loss: 0.0214
Module: DropoutFullyConnectedNN
  Module: ModuleList
    Module: Linear
    Module: Linear
    Module: Linear
  Module: ModuleList
    Module: Dropout
dropout设置为训练模式
    Module: Dropout
dropout设置为训练模式
    Module: Dropout
dropout设置为训练模式
  Module: ReLU
test_loss: 0.0293
epoch 31
train_loss: 0.0193
Module: DropoutFullyConnectedNN
  Module: ModuleList
    Module: Linear
    Module: Linear
    Module: Linear
  Module: ModuleList
    Module: Dropout
dropout设置为训练模式
    Module: Dropout
dropout设置为训练模式
    Module: Dropout
dropout设置为训练模式
  Module: ReLU
test_loss: 0.0274
epoch 32
train_loss: 0.0185
Module: DropoutFullyConnectedNN
  Module: ModuleList
    Module: Linear
    Module: Linear
    Module: Linear
  Module: ModuleList
    Module: Dropout
dropout设置为训练模式
    Module: Dropout
dropout设置为训练模式
    Module: Dropout
dropout设置为训练模式
  Module: ReLU
test_loss: 0.0318
epoch 33
train_loss: 0.0181
Module: DropoutFullyConnectedNN
  Module: ModuleList
    Module: Linear
    Module: Linear
    Module: Linear
  Module: ModuleList
    Module: Dropout
dropout设置为训练模式
    Module: Dropout
dropout设置为训练模式
    Module: Dropout
dropout设置为训练模式
  Module: ReLU
test_loss: 0.0278
epoch 34
train_loss: 0.0206
Module: DropoutFullyConnectedNN
  Module: ModuleList
    Module: Linear
    Module: Linear
    Module: Linear
  Module: ModuleList
    Module: Dropout
dropout设置为训练模式
    Module: Dropout
dropout设置为训练模式
    Module: Dropout
dropout设置为训练模式
  Module: ReLU
test_loss: 0.0252
epoch 35
train_loss: 0.0155
Module: DropoutFullyConnectedNN
  Module: ModuleList
    Module: Linear
    Module: Linear
    Module: Linear
  Module: ModuleList
    Module: Dropout
dropout设置为训练模式
    Module: Dropout
dropout设置为训练模式
    Module: Dropout
dropout设置为训练模式
  Module: ReLU
test_loss: 0.0274
epoch 36
train_loss: 0.0171
Module: DropoutFullyConnectedNN
  Module: ModuleList
    Module: Linear
    Module: Linear
    Module: Linear
  Module: ModuleList
    Module: Dropout
dropout设置为训练模式
    Module: Dropout
dropout设置为训练模式
    Module: Dropout
dropout设置为训练模式
  Module: ReLU
test_loss: 0.0235
epoch 37
train_loss: 0.0150
Module: DropoutFullyConnectedNN
  Module: ModuleList
    Module: Linear
    Module: Linear
    Module: Linear
  Module: ModuleList
    Module: Dropout
dropout设置为训练模式
    Module: Dropout
dropout设置为训练模式
    Module: Dropout
dropout设置为训练模式
  Module: ReLU
test_loss: 0.0242
epoch 38
train_loss: 0.0134
Module: DropoutFullyConnectedNN
  Module: ModuleList
    Module: Linear
    Module: Linear
    Module: Linear
  Module: ModuleList
    Module: Dropout
dropout设置为训练模式
    Module: Dropout
dropout设置为训练模式
    Module: Dropout
dropout设置为训练模式
  Module: ReLU
test_loss: 0.0250
epoch 39
train_loss: 0.0117
Module: DropoutFullyConnectedNN
  Module: ModuleList
    Module: Linear
    Module: Linear
    Module: Linear
  Module: ModuleList
    Module: Dropout
dropout设置为训练模式
    Module: Dropout
dropout设置为训练模式
    Module: Dropout
dropout设置为训练模式
  Module: ReLU
test_loss: 0.0257
epoch 40
train_loss: 0.0126
Module: DropoutFullyConnectedNN
  Module: ModuleList
    Module: Linear
    Module: Linear
    Module: Linear
  Module: ModuleList
    Module: Dropout
dropout设置为训练模式
    Module: Dropout
dropout设置为训练模式
    Module: Dropout
dropout设置为训练模式
  Module: ReLU
test_loss: 0.0224
epoch 41
train_loss: 0.0145
Module: DropoutFullyConnectedNN
  Module: ModuleList
    Module: Linear
    Module: Linear
    Module: Linear
  Module: ModuleList
    Module: Dropout
dropout设置为训练模式
    Module: Dropout
dropout设置为训练模式
    Module: Dropout
dropout设置为训练模式
  Module: ReLU
test_loss: 0.0248
epoch 42
train_loss: 0.0147
Module: DropoutFullyConnectedNN
  Module: ModuleList
    Module: Linear
    Module: Linear
    Module: Linear
  Module: ModuleList
    Module: Dropout
dropout设置为训练模式
    Module: Dropout
dropout设置为训练模式
    Module: Dropout
dropout设置为训练模式
  Module: ReLU
test_loss: 0.0200
epoch 43
train_loss: 0.0114
Module: DropoutFullyConnectedNN
  Module: ModuleList
    Module: Linear
    Module: Linear
    Module: Linear
  Module: ModuleList
    Module: Dropout
dropout设置为训练模式
    Module: Dropout
dropout设置为训练模式
    Module: Dropout
dropout设置为训练模式
  Module: ReLU
test_loss: 0.0183
epoch 44
train_loss: 0.0109
Module: DropoutFullyConnectedNN
  Module: ModuleList
    Module: Linear
    Module: Linear
    Module: Linear
  Module: ModuleList
    Module: Dropout
dropout设置为训练模式
    Module: Dropout
dropout设置为训练模式
    Module: Dropout
dropout设置为训练模式
  Module: ReLU
test_loss: 0.0227
epoch 45
train_loss: 0.0094
Module: DropoutFullyConnectedNN
  Module: ModuleList
    Module: Linear
    Module: Linear
    Module: Linear
  Module: ModuleList
    Module: Dropout
dropout设置为训练模式
    Module: Dropout
dropout设置为训练模式
    Module: Dropout
dropout设置为训练模式
  Module: ReLU
test_loss: 0.0178
epoch 46
train_loss: 0.0102
Module: DropoutFullyConnectedNN
  Module: ModuleList
    Module: Linear
    Module: Linear
    Module: Linear
  Module: ModuleList
    Module: Dropout
dropout设置为训练模式
    Module: Dropout
dropout设置为训练模式
    Module: Dropout
dropout设置为训练模式
  Module: ReLU
test_loss: 0.0157
epoch 47
train_loss: 0.0116
Module: DropoutFullyConnectedNN
  Module: ModuleList
    Module: Linear
    Module: Linear
    Module: Linear
  Module: ModuleList
    Module: Dropout
dropout设置为训练模式
    Module: Dropout
dropout设置为训练模式
    Module: Dropout
dropout设置为训练模式
  Module: ReLU
test_loss: 0.0144
epoch 48
train_loss: 0.0124
Module: DropoutFullyConnectedNN
  Module: ModuleList
    Module: Linear
    Module: Linear
    Module: Linear
  Module: ModuleList
    Module: Dropout
dropout设置为训练模式
    Module: Dropout
dropout设置为训练模式
    Module: Dropout
dropout设置为训练模式
  Module: ReLU
test_loss: 0.0225
epoch 49
train_loss: 0.0090
Module: DropoutFullyConnectedNN
  Module: ModuleList
    Module: Linear
    Module: Linear
    Module: Linear
  Module: ModuleList
    Module: Dropout
dropout设置为训练模式
    Module: Dropout
dropout设置为训练模式
    Module: Dropout
dropout设置为训练模式
  Module: ReLU
test_loss: 0.0147
epoch 50
train_loss: 0.0080
Module: DropoutFullyConnectedNN
  Module: ModuleList
    Module: Linear
    Module: Linear
    Module: Linear
  Module: ModuleList
    Module: Dropout
dropout设置为训练模式
    Module: Dropout
dropout设置为训练模式
    Module: Dropout
dropout设置为训练模式
  Module: ReLU
test_loss: 0.0177
epoch 51
train_loss: 0.0076
Module: DropoutFullyConnectedNN
  Module: ModuleList
    Module: Linear
    Module: Linear
    Module: Linear
  Module: ModuleList
    Module: Dropout
dropout设置为训练模式
    Module: Dropout
dropout设置为训练模式
    Module: Dropout
dropout设置为训练模式
  Module: ReLU
test_loss: 0.0146
epoch 52
train_loss: 0.0089
Module: DropoutFullyConnectedNN
  Module: ModuleList
    Module: Linear
    Module: Linear
    Module: Linear
  Module: ModuleList
    Module: Dropout
dropout设置为训练模式
    Module: Dropout
dropout设置为训练模式
    Module: Dropout
dropout设置为训练模式
  Module: ReLU
test_loss: 0.0173
epoch 53
train_loss: 0.0067
Module: DropoutFullyConnectedNN
  Module: ModuleList
    Module: Linear
    Module: Linear
    Module: Linear
  Module: ModuleList
    Module: Dropout
dropout设置为训练模式
    Module: Dropout
dropout设置为训练模式
    Module: Dropout
dropout设置为训练模式
  Module: ReLU
test_loss: 0.0161
epoch 54
train_loss: 0.0084
Module: DropoutFullyConnectedNN
  Module: ModuleList
    Module: Linear
    Module: Linear
    Module: Linear
  Module: ModuleList
    Module: Dropout
dropout设置为训练模式
    Module: Dropout
dropout设置为训练模式
    Module: Dropout
dropout设置为训练模式
  Module: ReLU
test_loss: 0.0137
epoch 55
train_loss: 0.0101
Module: DropoutFullyConnectedNN
  Module: ModuleList
    Module: Linear
    Module: Linear
    Module: Linear
  Module: ModuleList
    Module: Dropout
dropout设置为训练模式
    Module: Dropout
dropout设置为训练模式
    Module: Dropout
dropout设置为训练模式
  Module: ReLU
test_loss: 0.0160
epoch 56
train_loss: 0.0080
Module: DropoutFullyConnectedNN
  Module: ModuleList
    Module: Linear
    Module: Linear
    Module: Linear
  Module: ModuleList
    Module: Dropout
dropout设置为训练模式
    Module: Dropout
dropout设置为训练模式
    Module: Dropout
dropout设置为训练模式
  Module: ReLU
test_loss: 0.0143
epoch 57
train_loss: 0.0072
Module: DropoutFullyConnectedNN
  Module: ModuleList
    Module: Linear
    Module: Linear
    Module: Linear
  Module: ModuleList
    Module: Dropout
dropout设置为训练模式
    Module: Dropout
dropout设置为训练模式
    Module: Dropout
dropout设置为训练模式
  Module: ReLU
test_loss: 0.0148
epoch 58
train_loss: 0.0058
Module: DropoutFullyConnectedNN
  Module: ModuleList
    Module: Linear
    Module: Linear
    Module: Linear
  Module: ModuleList
    Module: Dropout
dropout设置为训练模式
    Module: Dropout
dropout设置为训练模式
    Module: Dropout
dropout设置为训练模式
  Module: ReLU
test_loss: 0.0157
epoch 59
train_loss: 0.0063
Module: DropoutFullyConnectedNN
  Module: ModuleList
    Module: Linear
    Module: Linear
    Module: Linear
  Module: ModuleList
    Module: Dropout
dropout设置为训练模式
    Module: Dropout
dropout设置为训练模式
    Module: Dropout
dropout设置为训练模式
  Module: ReLU
test_loss: 0.0152
epoch 60
train_loss: 0.0074
Module: DropoutFullyConnectedNN
  Module: ModuleList
    Module: Linear
    Module: Linear
    Module: Linear
  Module: ModuleList
    Module: Dropout
dropout设置为训练模式
    Module: Dropout
dropout设置为训练模式
    Module: Dropout
dropout设置为训练模式
  Module: ReLU
test_loss: 0.0139
epoch 61
train_loss: 0.0082
Module: DropoutFullyConnectedNN
  Module: ModuleList
    Module: Linear
    Module: Linear
    Module: Linear
  Module: ModuleList
    Module: Dropout
dropout设置为训练模式
    Module: Dropout
dropout设置为训练模式
    Module: Dropout
dropout设置为训练模式
  Module: ReLU
test_loss: 0.0155
epoch 62
train_loss: 0.0055
Module: DropoutFullyConnectedNN
  Module: ModuleList
    Module: Linear
    Module: Linear
    Module: Linear
  Module: ModuleList
    Module: Dropout
dropout设置为训练模式
    Module: Dropout
dropout设置为训练模式
    Module: Dropout
dropout设置为训练模式
  Module: ReLU
test_loss: 0.0129
epoch 63
train_loss: 0.0058
Module: DropoutFullyConnectedNN
  Module: ModuleList
    Module: Linear
    Module: Linear
    Module: Linear
  Module: ModuleList
    Module: Dropout
dropout设置为训练模式
    Module: Dropout
dropout设置为训练模式
    Module: Dropout
dropout设置为训练模式
  Module: ReLU
test_loss: 0.0137
epoch 64
train_loss: 0.0075
Module: DropoutFullyConnectedNN
  Module: ModuleList
    Module: Linear
    Module: Linear
    Module: Linear
  Module: ModuleList
    Module: Dropout
dropout设置为训练模式
    Module: Dropout
dropout设置为训练模式
    Module: Dropout
dropout设置为训练模式
  Module: ReLU
test_loss: 0.0143
epoch 65
train_loss: 0.0085
Module: DropoutFullyConnectedNN
  Module: ModuleList
    Module: Linear
    Module: Linear
    Module: Linear
  Module: ModuleList
    Module: Dropout
dropout设置为训练模式
    Module: Dropout
dropout设置为训练模式
    Module: Dropout
dropout设置为训练模式
  Module: ReLU
test_loss: 0.0176
epoch 66
train_loss: 0.0100
Module: DropoutFullyConnectedNN
  Module: ModuleList
    Module: Linear
    Module: Linear
    Module: Linear
  Module: ModuleList
    Module: Dropout
dropout设置为训练模式
    Module: Dropout
dropout设置为训练模式
    Module: Dropout
dropout设置为训练模式
  Module: ReLU
test_loss: 0.0202
epoch 67
train_loss: 0.0087
Module: DropoutFullyConnectedNN
  Module: ModuleList
    Module: Linear
    Module: Linear
    Module: Linear
  Module: ModuleList
    Module: Dropout
dropout设置为训练模式
    Module: Dropout
dropout设置为训练模式
    Module: Dropout
dropout设置为训练模式
  Module: ReLU
test_loss: 0.0146
epoch 68
train_loss: 0.0091
Module: DropoutFullyConnectedNN
  Module: ModuleList
    Module: Linear
    Module: Linear
    Module: Linear
  Module: ModuleList
    Module: Dropout
dropout设置为训练模式
    Module: Dropout
dropout设置为训练模式
    Module: Dropout
dropout设置为训练模式
  Module: ReLU
test_loss: 0.0205
epoch 69
train_loss: 0.0082
Module: DropoutFullyConnectedNN
  Module: ModuleList
    Module: Linear
    Module: Linear
    Module: Linear
  Module: ModuleList
    Module: Dropout
dropout设置为训练模式
    Module: Dropout
dropout设置为训练模式
    Module: Dropout
dropout设置为训练模式
  Module: ReLU
test_loss: 0.0113
epoch 70
train_loss: 0.0060
Module: DropoutFullyConnectedNN
  Module: ModuleList
    Module: Linear
    Module: Linear
    Module: Linear
  Module: ModuleList
    Module: Dropout
dropout设置为训练模式
    Module: Dropout
dropout设置为训练模式
    Module: Dropout
dropout设置为训练模式
  Module: ReLU
test_loss: 0.0139
epoch 71
train_loss: 0.0055
Module: DropoutFullyConnectedNN
  Module: ModuleList
    Module: Linear
    Module: Linear
    Module: Linear
  Module: ModuleList
    Module: Dropout
dropout设置为训练模式
    Module: Dropout
dropout设置为训练模式
    Module: Dropout
dropout设置为训练模式
  Module: ReLU
test_loss: 0.0151
epoch 72
train_loss: 0.0059
Module: DropoutFullyConnectedNN
  Module: ModuleList
    Module: Linear
    Module: Linear
    Module: Linear
  Module: ModuleList
    Module: Dropout
dropout设置为训练模式
    Module: Dropout
dropout设置为训练模式
    Module: Dropout
dropout设置为训练模式
  Module: ReLU
test_loss: 0.0121
epoch 73
train_loss: 0.0072
Module: DropoutFullyConnectedNN
  Module: ModuleList
    Module: Linear
    Module: Linear
    Module: Linear
  Module: ModuleList
    Module: Dropout
dropout设置为训练模式
    Module: Dropout
dropout设置为训练模式
    Module: Dropout
dropout设置为训练模式
  Module: ReLU
test_loss: 0.0138
epoch 74
train_loss: 0.0050
Module: DropoutFullyConnectedNN
  Module: ModuleList
    Module: Linear
    Module: Linear
    Module: Linear
  Module: ModuleList
    Module: Dropout
dropout设置为训练模式
    Module: Dropout
dropout设置为训练模式
    Module: Dropout
dropout设置为训练模式
  Module: ReLU
test_loss: 0.0138
epoch 75
train_loss: 0.0076
Module: DropoutFullyConnectedNN
  Module: ModuleList
    Module: Linear
    Module: Linear
    Module: Linear
  Module: ModuleList
    Module: Dropout
dropout设置为训练模式
    Module: Dropout
dropout设置为训练模式
    Module: Dropout
dropout设置为训练模式
  Module: ReLU
test_loss: 0.0141
epoch 76
train_loss: 0.0082
Module: DropoutFullyConnectedNN
  Module: ModuleList
    Module: Linear
    Module: Linear
    Module: Linear
  Module: ModuleList
    Module: Dropout
dropout设置为训练模式
    Module: Dropout
dropout设置为训练模式
    Module: Dropout
dropout设置为训练模式
  Module: ReLU
test_loss: 0.0161
epoch 77
train_loss: 0.0061
Module: DropoutFullyConnectedNN
  Module: ModuleList
    Module: Linear
    Module: Linear
    Module: Linear
  Module: ModuleList
    Module: Dropout
dropout设置为训练模式
    Module: Dropout
dropout设置为训练模式
    Module: Dropout
dropout设置为训练模式
  Module: ReLU
test_loss: 0.0134
epoch 78
train_loss: 0.0055
Module: DropoutFullyConnectedNN
  Module: ModuleList
    Module: Linear
    Module: Linear
    Module: Linear
  Module: ModuleList
    Module: Dropout
dropout设置为训练模式
    Module: Dropout
dropout设置为训练模式
    Module: Dropout
dropout设置为训练模式
  Module: ReLU
test_loss: 0.0162
epoch 79
train_loss: 0.0082
Module: DropoutFullyConnectedNN
  Module: ModuleList
    Module: Linear
    Module: Linear
    Module: Linear
  Module: ModuleList
    Module: Dropout
dropout设置为训练模式
    Module: Dropout
dropout设置为训练模式
    Module: Dropout
dropout设置为训练模式
  Module: ReLU
test_loss: 0.0148
epoch 80
train_loss: 0.0063
Module: DropoutFullyConnectedNN
  Module: ModuleList
    Module: Linear
    Module: Linear
    Module: Linear
  Module: ModuleList
    Module: Dropout
dropout设置为训练模式
    Module: Dropout
dropout设置为训练模式
    Module: Dropout
dropout设置为训练模式
  Module: ReLU
test_loss: 0.0125
epoch 81
train_loss: 0.0077
Module: DropoutFullyConnectedNN
  Module: ModuleList
    Module: Linear
    Module: Linear
    Module: Linear
  Module: ModuleList
    Module: Dropout
dropout设置为训练模式
    Module: Dropout
dropout设置为训练模式
    Module: Dropout
dropout设置为训练模式
  Module: ReLU
test_loss: 0.0163
epoch 82
train_loss: 0.0069
Module: DropoutFullyConnectedNN
  Module: ModuleList
    Module: Linear
    Module: Linear
    Module: Linear
  Module: ModuleList
    Module: Dropout
dropout设置为训练模式
    Module: Dropout
dropout设置为训练模式
    Module: Dropout
dropout设置为训练模式
  Module: ReLU
test_loss: 0.0124
epoch 83
train_loss: 0.0059
Module: DropoutFullyConnectedNN
  Module: ModuleList
    Module: Linear
    Module: Linear
    Module: Linear
  Module: ModuleList
    Module: Dropout
dropout设置为训练模式
    Module: Dropout
dropout设置为训练模式
    Module: Dropout
dropout设置为训练模式
  Module: ReLU
test_loss: 0.0133
epoch 84
train_loss: 0.0060
Module: DropoutFullyConnectedNN
  Module: ModuleList
    Module: Linear
    Module: Linear
    Module: Linear
  Module: ModuleList
    Module: Dropout
dropout设置为训练模式
    Module: Dropout
dropout设置为训练模式
    Module: Dropout
dropout设置为训练模式
  Module: ReLU
test_loss: 0.0126
epoch 85
train_loss: 0.0073
Module: DropoutFullyConnectedNN
  Module: ModuleList
    Module: Linear
    Module: Linear
    Module: Linear
  Module: ModuleList
    Module: Dropout
dropout设置为训练模式
    Module: Dropout
dropout设置为训练模式
    Module: Dropout
dropout设置为训练模式
  Module: ReLU
test_loss: 0.0169
epoch 86
train_loss: 0.0072
Module: DropoutFullyConnectedNN
  Module: ModuleList
    Module: Linear
    Module: Linear
    Module: Linear
  Module: ModuleList
    Module: Dropout
dropout设置为训练模式
    Module: Dropout
dropout设置为训练模式
    Module: Dropout
dropout设置为训练模式
  Module: ReLU
test_loss: 0.0141
epoch 87
train_loss: 0.0057
Module: DropoutFullyConnectedNN
  Module: ModuleList
    Module: Linear
    Module: Linear
    Module: Linear
  Module: ModuleList
    Module: Dropout
dropout设置为训练模式
    Module: Dropout
dropout设置为训练模式
    Module: Dropout
dropout设置为训练模式
  Module: ReLU
test_loss: 0.0133
epoch 88
train_loss: 0.0059
Module: DropoutFullyConnectedNN
  Module: ModuleList
    Module: Linear
    Module: Linear
    Module: Linear
  Module: ModuleList
    Module: Dropout
dropout设置为训练模式
    Module: Dropout
dropout设置为训练模式
    Module: Dropout
dropout设置为训练模式
  Module: ReLU
test_loss: 0.0140
epoch 89
train_loss: 0.0043
Module: DropoutFullyConnectedNN
  Module: ModuleList
    Module: Linear
    Module: Linear
    Module: Linear
  Module: ModuleList
    Module: Dropout
dropout设置为训练模式
    Module: Dropout
dropout设置为训练模式
    Module: Dropout
dropout设置为训练模式
  Module: ReLU
test_loss: 0.0131
epoch 90
train_loss: 0.0058
Module: DropoutFullyConnectedNN
  Module: ModuleList
    Module: Linear
    Module: Linear
    Module: Linear
  Module: ModuleList
    Module: Dropout
dropout设置为训练模式
    Module: Dropout
dropout设置为训练模式
    Module: Dropout
dropout设置为训练模式
  Module: ReLU
test_loss: 0.0106
epoch 91
train_loss: 0.0058
Module: DropoutFullyConnectedNN
  Module: ModuleList
    Module: Linear
    Module: Linear
    Module: Linear
  Module: ModuleList
    Module: Dropout
dropout设置为训练模式
    Module: Dropout
dropout设置为训练模式
    Module: Dropout
dropout设置为训练模式
  Module: ReLU
test_loss: 0.0152
epoch 92
train_loss: 0.0054
Module: DropoutFullyConnectedNN
  Module: ModuleList
    Module: Linear
    Module: Linear
    Module: Linear
  Module: ModuleList
    Module: Dropout
dropout设置为训练模式
    Module: Dropout
dropout设置为训练模式
    Module: Dropout
dropout设置为训练模式
  Module: ReLU
test_loss: 0.0119
epoch 93
train_loss: 0.0065
Module: DropoutFullyConnectedNN
  Module: ModuleList
    Module: Linear
    Module: Linear
    Module: Linear
  Module: ModuleList
    Module: Dropout
dropout设置为训练模式
    Module: Dropout
dropout设置为训练模式
    Module: Dropout
dropout设置为训练模式
  Module: ReLU
test_loss: 0.0136
epoch 94
train_loss: 0.0060
Module: DropoutFullyConnectedNN
  Module: ModuleList
    Module: Linear
    Module: Linear
    Module: Linear
  Module: ModuleList
    Module: Dropout
dropout设置为训练模式
    Module: Dropout
dropout设置为训练模式
    Module: Dropout
dropout设置为训练模式
  Module: ReLU
test_loss: 0.0139
epoch 95
train_loss: 0.0073
Module: DropoutFullyConnectedNN
  Module: ModuleList
    Module: Linear
    Module: Linear
    Module: Linear
  Module: ModuleList
    Module: Dropout
dropout设置为训练模式
    Module: Dropout
dropout设置为训练模式
    Module: Dropout
dropout设置为训练模式
  Module: ReLU
test_loss: 0.0141
epoch 96
train_loss: 0.0065
Module: DropoutFullyConnectedNN
  Module: ModuleList
    Module: Linear
    Module: Linear
    Module: Linear
  Module: ModuleList
    Module: Dropout
dropout设置为训练模式
    Module: Dropout
dropout设置为训练模式
    Module: Dropout
dropout设置为训练模式
  Module: ReLU
test_loss: 0.0113
epoch 97
train_loss: 0.0063
Module: DropoutFullyConnectedNN
  Module: ModuleList
    Module: Linear
    Module: Linear
    Module: Linear
  Module: ModuleList
    Module: Dropout
dropout设置为训练模式
    Module: Dropout
dropout设置为训练模式
    Module: Dropout
dropout设置为训练模式
  Module: ReLU
test_loss: 0.0157
epoch 98
train_loss: 0.0063
Module: DropoutFullyConnectedNN
  Module: ModuleList
    Module: Linear
    Module: Linear
    Module: Linear
  Module: ModuleList
    Module: Dropout
dropout设置为训练模式
    Module: Dropout
dropout设置为训练模式
    Module: Dropout
dropout设置为训练模式
  Module: ReLU
test_loss: 0.0134
epoch 99
train_loss: 0.0046
Module: DropoutFullyConnectedNN
  Module: ModuleList
    Module: Linear
    Module: Linear
    Module: Linear
  Module: ModuleList
    Module: Dropout
dropout设置为训练模式
    Module: Dropout
dropout设置为训练模式
    Module: Dropout
dropout设置为训练模式
  Module: ReLU
test_loss: 0.0139
epoch 100
train_loss: 0.0049
Module: DropoutFullyConnectedNN
  Module: ModuleList
    Module: Linear
    Module: Linear
    Module: Linear
  Module: ModuleList
    Module: Dropout
dropout设置为训练模式
    Module: Dropout
dropout设置为训练模式
    Module: Dropout
dropout设置为训练模式
  Module: ReLU
test_loss: 0.0145
epoch 101
train_loss: 0.0050
Module: DropoutFullyConnectedNN
  Module: ModuleList
    Module: Linear
    Module: Linear
    Module: Linear
  Module: ModuleList
    Module: Dropout
dropout设置为训练模式
    Module: Dropout
dropout设置为训练模式
    Module: Dropout
dropout设置为训练模式
  Module: ReLU
test_loss: 0.0115
epoch 102
train_loss: 0.0059
Module: DropoutFullyConnectedNN
  Module: ModuleList
    Module: Linear
    Module: Linear
    Module: Linear
  Module: ModuleList
    Module: Dropout
dropout设置为训练模式
    Module: Dropout
dropout设置为训练模式
    Module: Dropout
dropout设置为训练模式
  Module: ReLU
test_loss: 0.0157
epoch 103
train_loss: 0.0064
Module: DropoutFullyConnectedNN
  Module: ModuleList
    Module: Linear
    Module: Linear
    Module: Linear
  Module: ModuleList
    Module: Dropout
dropout设置为训练模式
    Module: Dropout
dropout设置为训练模式
    Module: Dropout
dropout设置为训练模式
  Module: ReLU
test_loss: 0.0152
epoch 104
train_loss: 0.0058
Module: DropoutFullyConnectedNN
  Module: ModuleList
    Module: Linear
    Module: Linear
    Module: Linear
  Module: ModuleList
    Module: Dropout
dropout设置为训练模式
    Module: Dropout
dropout设置为训练模式
    Module: Dropout
dropout设置为训练模式
  Module: ReLU
test_loss: 0.0146
epoch 105
train_loss: 0.0065
Module: DropoutFullyConnectedNN
  Module: ModuleList
    Module: Linear
    Module: Linear
    Module: Linear
  Module: ModuleList
    Module: Dropout
dropout设置为训练模式
    Module: Dropout
dropout设置为训练模式
    Module: Dropout
dropout设置为训练模式
  Module: ReLU
test_loss: 0.0142
epoch 106
train_loss: 0.0044
Module: DropoutFullyConnectedNN
  Module: ModuleList
    Module: Linear
    Module: Linear
    Module: Linear
  Module: ModuleList
    Module: Dropout
dropout设置为训练模式
    Module: Dropout
dropout设置为训练模式
    Module: Dropout
dropout设置为训练模式
  Module: ReLU
test_loss: 0.0139
epoch 107
train_loss: 0.0048
Module: DropoutFullyConnectedNN
  Module: ModuleList
    Module: Linear
    Module: Linear
    Module: Linear
  Module: ModuleList
    Module: Dropout
dropout设置为训练模式
    Module: Dropout
dropout设置为训练模式
    Module: Dropout
dropout设置为训练模式
  Module: ReLU
test_loss: 0.0130
epoch 108
train_loss: 0.0046
Module: DropoutFullyConnectedNN
  Module: ModuleList
    Module: Linear
    Module: Linear
    Module: Linear
  Module: ModuleList
    Module: Dropout
dropout设置为训练模式
    Module: Dropout
dropout设置为训练模式
    Module: Dropout
dropout设置为训练模式
  Module: ReLU
test_loss: 0.0135
epoch 109
train_loss: 0.0051
Module: DropoutFullyConnectedNN
  Module: ModuleList
    Module: Linear
    Module: Linear
    Module: Linear
  Module: ModuleList
    Module: Dropout
dropout设置为训练模式
    Module: Dropout
dropout设置为训练模式
    Module: Dropout
dropout设置为训练模式
  Module: ReLU
test_loss: 0.0135
/home/xueqiong/noise_injection_uncertainty/regression/utils.py:39: FutureWarning: The 'delim_whitespace' keyword in pd.read_csv is deprecated and will be removed in a future version. Use ``sep='\s+'`` instead
  return pd.read_csv(dataset_path, engine='python', header=None, delim_whitespace=True)
8 1
614 154 768
model_name fixnoiseFCN
using Adam as optimizer
epoch 0
train_loss: 0.6255
test_loss: 0.2767
epoch 1
train_loss: 0.1623
test_loss: 0.1040
epoch 2
train_loss: 0.0957
test_loss: 0.0937
epoch 3
train_loss: 0.0795
test_loss: 0.0886
epoch 4
train_loss: 0.0733
test_loss: 0.0863
epoch 5
train_loss: 0.0705
test_loss: 0.0816
epoch 6
train_loss: 0.0677
test_loss: 0.0806
epoch 7
train_loss: 0.0653
test_loss: 0.0800
epoch 8
train_loss: 0.0639
test_loss: 0.0782
epoch 9
train_loss: 0.0615
test_loss: 0.0780
epoch 10
train_loss: 0.0580
test_loss: 0.0721
epoch 11
train_loss: 0.0559
test_loss: 0.0696
epoch 12
train_loss: 0.0522
test_loss: 0.0652
epoch 13
train_loss: 0.0495
test_loss: 0.0620
epoch 14
train_loss: 0.0486
test_loss: 0.0618
epoch 15
train_loss: 0.0429
test_loss: 0.0596
epoch 16
train_loss: 0.0420
test_loss: 0.0592
epoch 17
train_loss: 0.0386
test_loss: 0.0549
epoch 18
train_loss: 0.0356
test_loss: 0.0491
epoch 19
train_loss: 0.0323
test_loss: 0.0503
epoch 20
train_loss: 0.0312
test_loss: 0.0499
epoch 21
train_loss: 0.0310
test_loss: 0.0448
epoch 22
train_loss: 0.0270
test_loss: 0.0476
epoch 23
train_loss: 0.0265
test_loss: 0.0429
epoch 24
train_loss: 0.0228
test_loss: 0.0392
epoch 25
train_loss: 0.0239
test_loss: 0.0325
epoch 26
train_loss: 0.0217
test_loss: 0.0324
epoch 27
train_loss: 0.0222
test_loss: 0.0333
epoch 28
train_loss: 0.0206
test_loss: 0.0330
epoch 29
train_loss: 0.0186
test_loss: 0.0310
epoch 30
train_loss: 0.0190
test_loss: 0.0289
epoch 31
train_loss: 0.0179
test_loss: 0.0264
epoch 32
train_loss: 0.0168
test_loss: 0.0314
epoch 33
train_loss: 0.0181
test_loss: 0.0320
epoch 34
train_loss: 0.0190
test_loss: 0.0312
epoch 35
train_loss: 0.0182
test_loss: 0.0259
epoch 36
train_loss: 0.0189
test_loss: 0.0338
epoch 37
train_loss: 0.0141
test_loss: 0.0271
epoch 38
train_loss: 0.0145
test_loss: 0.0280
epoch 39
train_loss: 0.0145
test_loss: 0.0211
epoch 40
train_loss: 0.0126
test_loss: 0.0205
epoch 41
train_loss: 0.0132
test_loss: 0.0222
epoch 42
train_loss: 0.0112
test_loss: 0.0203
epoch 43
train_loss: 0.0101
test_loss: 0.0189
epoch 44
train_loss: 0.0105
test_loss: 0.0302
epoch 45
train_loss: 0.0106
test_loss: 0.0198
epoch 46
train_loss: 0.0095
test_loss: 0.0150
epoch 47
train_loss: 0.0097
test_loss: 0.0214
epoch 48
train_loss: 0.0090
test_loss: 0.0240
epoch 49
train_loss: 0.0105
test_loss: 0.0220
epoch 50
train_loss: 0.0080
test_loss: 0.0190
epoch 51
train_loss: 0.0085
test_loss: 0.0213
epoch 52
train_loss: 0.0070
test_loss: 0.0181
epoch 53
train_loss: 0.0055
test_loss: 0.0162
epoch 54
train_loss: 0.0087
test_loss: 0.0301
epoch 55
train_loss: 0.0115
test_loss: 0.0147
epoch 56
train_loss: 0.0066
test_loss: 0.0169
epoch 57
train_loss: 0.0081
test_loss: 0.0224
epoch 58
train_loss: 0.0075
test_loss: 0.0145
epoch 59
train_loss: 0.0080
test_loss: 0.0111
epoch 60
train_loss: 0.0102
test_loss: 0.0251
epoch 61
train_loss: 0.0082
test_loss: 0.0137
epoch 62
train_loss: 0.0059
test_loss: 0.0205
epoch 63
train_loss: 0.0041
test_loss: 0.0118
epoch 64
train_loss: 0.0048
test_loss: 0.0151
epoch 65
train_loss: 0.0047
test_loss: 0.0114
epoch 66
train_loss: 0.0042
test_loss: 0.0205
epoch 67
train_loss: 0.0050
test_loss: 0.0187
epoch 68
train_loss: 0.0048
test_loss: 0.0128
epoch 69
train_loss: 0.0054
test_loss: 0.0179
epoch 70
train_loss: 0.0078
test_loss: 0.0130
epoch 71
train_loss: 0.0077
test_loss: 0.0114
epoch 72
train_loss: 0.0087
test_loss: 0.0243
epoch 73
train_loss: 0.0070
test_loss: 0.0108
epoch 74
train_loss: 0.0039
test_loss: 0.0114
epoch 75
train_loss: 0.0040
test_loss: 0.0120
epoch 76
train_loss: 0.0036
test_loss: 0.0119
epoch 77
train_loss: 0.0046
test_loss: 0.0305
epoch 78
train_loss: 0.0056
test_loss: 0.0107
epoch 79
train_loss: 0.0049
test_loss: 0.0120
epoch 80
train_loss: 0.0053
test_loss: 0.0136
epoch 81
train_loss: 0.0060
test_loss: 0.0168
epoch 82
train_loss: 0.0063
test_loss: 0.0256
epoch 83
train_loss: 0.0086
test_loss: 0.0098
epoch 84
train_loss: 0.0056
test_loss: 0.0136
epoch 85
train_loss: 0.0054
test_loss: 0.0181
epoch 86
train_loss: 0.0040
test_loss: 0.0185
epoch 87
train_loss: 0.0046
test_loss: 0.0170
epoch 88
train_loss: 0.0063
test_loss: 0.0157
epoch 89
train_loss: 0.0041
test_loss: 0.0141
epoch 90
train_loss: 0.0058
test_loss: 0.0172
epoch 91
train_loss: 0.0041
test_loss: 0.0119
epoch 92
train_loss: 0.0029
test_loss: 0.0124
epoch 93
train_loss: 0.0046
test_loss: 0.0114
epoch 94
train_loss: 0.0048
test_loss: 0.0096
epoch 95
train_loss: 0.0044
test_loss: 0.0217
epoch 96
train_loss: 0.0076
test_loss: 0.0103
epoch 97
train_loss: 0.0054
test_loss: 0.0141
epoch 98
train_loss: 0.0038
test_loss: 0.0097
epoch 99
train_loss: 0.0044
test_loss: 0.0246
epoch 100
train_loss: 0.0066
test_loss: 0.0113
epoch 101
train_loss: 0.0031
test_loss: 0.0123
epoch 102
train_loss: 0.0044
test_loss: 0.0176
epoch 103
train_loss: 0.0052
test_loss: 0.0085
epoch 104
train_loss: 0.0046
test_loss: 0.0263
epoch 105
train_loss: 0.0050
test_loss: 0.0092
epoch 106
train_loss: 0.0072
test_loss: 0.0260
epoch 107
train_loss: 0.0051
test_loss: 0.0137
epoch 108
train_loss: 0.0041
test_loss: 0.0098
epoch 109
train_loss: 0.0052
test_loss: 0.0108
epoch 110
train_loss: 0.0033
test_loss: 0.0130
epoch 111
train_loss: 0.0036
test_loss: 0.0088
epoch 112
train_loss: 0.0033
test_loss: 0.0136
epoch 113
train_loss: 0.0041
test_loss: 0.0220
epoch 114
train_loss: 0.0046
test_loss: 0.0083
epoch 115
train_loss: 0.0032
test_loss: 0.0140
epoch 116
train_loss: 0.0046
test_loss: 0.0173
epoch 117
train_loss: 0.0042
test_loss: 0.0084
epoch 118
train_loss: 0.0032
test_loss: 0.0179
epoch 119
train_loss: 0.0031
test_loss: 0.0217
epoch 120
train_loss: 0.0042
test_loss: 0.0104
epoch 121
train_loss: 0.0039
test_loss: 0.0134
epoch 122
train_loss: 0.0045
test_loss: 0.0172
epoch 123
train_loss: 0.0037
test_loss: 0.0161
epoch 124
train_loss: 0.0035
test_loss: 0.0168
epoch 125
train_loss: 0.0032
test_loss: 0.0149
epoch 126
train_loss: 0.0031
test_loss: 0.0113
epoch 127
train_loss: 0.0032
test_loss: 0.0222
epoch 128
train_loss: 0.0039
test_loss: 0.0084
epoch 129
train_loss: 0.0035
test_loss: 0.0230
epoch 130
train_loss: 0.0048
test_loss: 0.0113
epoch 131
train_loss: 0.0042
test_loss: 0.0132
epoch 132
train_loss: 0.0037
test_loss: 0.0111
epoch 133
train_loss: 0.0031
test_loss: 0.0125
epoch 134
train_loss: 0.0036
test_loss: 0.0095
epoch 135
train_loss: 0.0045
test_loss: 0.0125
epoch 136
train_loss: 0.0061
test_loss: 0.0236
epoch 137
train_loss: 0.0071
test_loss: 0.0079
epoch 138
train_loss: 0.0077
test_loss: 0.0156
epoch 139
train_loss: 0.0056
test_loss: 0.0174
/home/xueqiong/noise_injection_uncertainty/regression/utils.py:39: FutureWarning: The 'delim_whitespace' keyword in pd.read_csv is deprecated and will be removed in a future version. Use ``sep='\s+'`` instead
  return pd.read_csv(dataset_path, engine='python', header=None, delim_whitespace=True)
8 1
614 154 768
model_name noisyFCN
using Adam as optimizer
epoch 0
train_loss: 0.7664
test_loss: 0.5048
epoch 1
train_loss: 0.3138
test_loss: 0.1773
epoch 2
train_loss: 0.1281
test_loss: 0.1133
epoch 3
train_loss: 0.0909
test_loss: 0.0917
epoch 4
train_loss: 0.0814
test_loss: 0.0866
epoch 5
train_loss: 0.0760
test_loss: 0.0823
epoch 6
train_loss: 0.0721
test_loss: 0.0801
epoch 7
train_loss: 0.0695
test_loss: 0.0784
epoch 8
train_loss: 0.0674
test_loss: 0.0771
epoch 9
train_loss: 0.0655
test_loss: 0.0758
epoch 10
train_loss: 0.0640
test_loss: 0.0749
epoch 11
train_loss: 0.0625
test_loss: 0.0738
epoch 12
train_loss: 0.0610
test_loss: 0.0730
epoch 13
train_loss: 0.0594
test_loss: 0.0719
epoch 14
train_loss: 0.0580
test_loss: 0.0710
epoch 15
train_loss: 0.0565
test_loss: 0.0700
epoch 16
train_loss: 0.0550
test_loss: 0.0688
epoch 17
train_loss: 0.0535
test_loss: 0.0678
epoch 18
train_loss: 0.0519
test_loss: 0.0668
epoch 19
train_loss: 0.0502
test_loss: 0.0657
epoch 20
train_loss: 0.0485
test_loss: 0.0645
epoch 21
train_loss: 0.0470
test_loss: 0.0632
epoch 22
train_loss: 0.0455
test_loss: 0.0624
epoch 23
train_loss: 0.0441
test_loss: 0.0613
epoch 24
train_loss: 0.0427
test_loss: 0.0601
epoch 25
train_loss: 0.0412
test_loss: 0.0594
epoch 26
train_loss: 0.0393
test_loss: 0.0578
epoch 27
train_loss: 0.0374
test_loss: 0.0557
epoch 28
train_loss: 0.0355
test_loss: 0.0530
epoch 29
train_loss: 0.0335
test_loss: 0.0512
epoch 30
train_loss: 0.0317
test_loss: 0.0490
epoch 31
train_loss: 0.0298
test_loss: 0.0472
epoch 32
train_loss: 0.0279
test_loss: 0.0462
epoch 33
train_loss: 0.0261
test_loss: 0.0450
epoch 34
train_loss: 0.0246
test_loss: 0.0431
epoch 35
train_loss: 0.0231
test_loss: 0.0421
epoch 36
train_loss: 0.0217
test_loss: 0.0406
epoch 37
train_loss: 0.0203
test_loss: 0.0387
epoch 38
train_loss: 0.0189
test_loss: 0.0375
epoch 39
train_loss: 0.0174
test_loss: 0.0362
epoch 40
train_loss: 0.0162
test_loss: 0.0342
epoch 41
train_loss: 0.0147
test_loss: 0.0334
epoch 42
train_loss: 0.0135
test_loss: 0.0322
epoch 43
train_loss: 0.0121
test_loss: 0.0309
epoch 44
train_loss: 0.0111
test_loss: 0.0296
epoch 45
train_loss: 0.0100
test_loss: 0.0281
epoch 46
train_loss: 0.0090
test_loss: 0.0266
epoch 47
train_loss: 0.0082
test_loss: 0.0258
epoch 48
train_loss: 0.0074
test_loss: 0.0248
epoch 49
train_loss: 0.0067
test_loss: 0.0244
epoch 50
train_loss: 0.0061
test_loss: 0.0235
epoch 51
train_loss: 0.0056
test_loss: 0.0225
epoch 52
train_loss: 0.0051
test_loss: 0.0224
epoch 53
train_loss: 0.0047
test_loss: 0.0218
epoch 54
train_loss: 0.0044
test_loss: 0.0219
epoch 55
train_loss: 0.0041
test_loss: 0.0209
epoch 56
train_loss: 0.0039
test_loss: 0.0219
epoch 57
train_loss: 0.0037
test_loss: 0.0214
epoch 58
train_loss: 0.0035
test_loss: 0.0215
epoch 59
train_loss: 0.0033
test_loss: 0.0218
epoch 60
train_loss: 0.0032
test_loss: 0.0216
epoch 61
train_loss: 0.0031
test_loss: 0.0209
epoch 62
train_loss: 0.0030
test_loss: 0.0213
epoch 63
train_loss: 0.0029
test_loss: 0.0207
epoch 64
train_loss: 0.0028
test_loss: 0.0210
epoch 65
train_loss: 0.0027
test_loss: 0.0207
epoch 66
train_loss: 0.0026
test_loss: 0.0206
epoch 67
train_loss: 0.0025
test_loss: 0.0208
epoch 68
train_loss: 0.0026
test_loss: 0.0199
epoch 69
train_loss: 0.0025
test_loss: 0.0197
epoch 70
train_loss: 0.0024
test_loss: 0.0198
epoch 71
train_loss: 0.0024
test_loss: 0.0197
epoch 72
train_loss: 0.0023
test_loss: 0.0204
epoch 73
train_loss: 0.0023
test_loss: 0.0195
epoch 74
train_loss: 0.0023
test_loss: 0.0199
epoch 75
train_loss: 0.0023
test_loss: 0.0202
epoch 76
train_loss: 0.0023
test_loss: 0.0194
epoch 77
train_loss: 0.0022
test_loss: 0.0193
epoch 78
train_loss: 0.0022
test_loss: 0.0201
epoch 79
train_loss: 0.0022
test_loss: 0.0202
epoch 80
train_loss: 0.0022
test_loss: 0.0201
epoch 81
train_loss: 0.0022
test_loss: 0.0202
epoch 82
train_loss: 0.0022
test_loss: 0.0206
epoch 83
train_loss: 0.0021
test_loss: 0.0207
epoch 84
train_loss: 0.0022
test_loss: 0.0207
epoch 85
train_loss: 0.0022
test_loss: 0.0207
epoch 86
train_loss: 0.0022
test_loss: 0.0210
epoch 87
train_loss: 0.0022
test_loss: 0.0203
epoch 88
train_loss: 0.0022
test_loss: 0.0195
epoch 89
train_loss: 0.0021
test_loss: 0.0209
epoch 90
train_loss: 0.0022
test_loss: 0.0199
epoch 91
train_loss: 0.0021
test_loss: 0.0200
epoch 92
train_loss: 0.0021
test_loss: 0.0205
epoch 93
train_loss: 0.0021
test_loss: 0.0200
epoch 94
train_loss: 0.0021
test_loss: 0.0201
epoch 95
train_loss: 0.0020
test_loss: 0.0217
epoch 96
train_loss: 0.0023
test_loss: 0.0210
epoch 97
train_loss: 0.0021
test_loss: 0.0209
epoch 98
train_loss: 0.0021
test_loss: 0.0213
epoch 99
train_loss: 0.0021
test_loss: 0.0209
epoch 100
train_loss: 0.0021
test_loss: 0.0212
epoch 101
train_loss: 0.0021
test_loss: 0.0210
epoch 102
train_loss: 0.0021
test_loss: 0.0215
epoch 103
train_loss: 0.0022
test_loss: 0.0206
epoch 104
train_loss: 0.0022
test_loss: 0.0203
epoch 105
train_loss: 0.0022
test_loss: 0.0202
epoch 106
train_loss: 0.0020
test_loss: 0.0198
epoch 107
train_loss: 0.0021
test_loss: 0.0204
epoch 108
train_loss: 0.0022
test_loss: 0.0202
epoch 109
train_loss: 0.0020
test_loss: 0.0207
epoch 110
train_loss: 0.0021
test_loss: 0.0197
epoch 111
train_loss: 0.0021
test_loss: 0.0201
epoch 112
train_loss: 0.0021
test_loss: 0.0205
epoch 113
train_loss: 0.0021
test_loss: 0.0199
epoch 114
train_loss: 0.0020
test_loss: 0.0207
epoch 115
train_loss: 0.0021
test_loss: 0.0210
epoch 116
train_loss: 0.0022
test_loss: 0.0204
epoch 117
train_loss: 0.0020
test_loss: 0.0201
epoch 118
train_loss: 0.0020
test_loss: 0.0205
epoch 119
train_loss: 0.0020
test_loss: 0.0208
epoch 120
train_loss: 0.0021
test_loss: 0.0204
epoch 121
train_loss: 0.0019
test_loss: 0.0210
epoch 122
train_loss: 0.0020
test_loss: 0.0209
epoch 123
train_loss: 0.0021
test_loss: 0.0211
epoch 124
train_loss: 0.0020
test_loss: 0.0208
epoch 125
train_loss: 0.0020
test_loss: 0.0212
epoch 126
train_loss: 0.0021
test_loss: 0.0206
epoch 127
train_loss: 0.0021
test_loss: 0.0203
epoch 128
train_loss: 0.0019
test_loss: 0.0207
epoch 129
train_loss: 0.0021
test_loss: 0.0207
epoch 130
train_loss: 0.0020
test_loss: 0.0204
epoch 131
train_loss: 0.0019
test_loss: 0.0216
epoch 132
train_loss: 0.0022
test_loss: 0.0208
epoch 133
train_loss: 0.0022
test_loss: 0.0205
epoch 134
train_loss: 0.0021
test_loss: 0.0205
epoch 135
train_loss: 0.0021
test_loss: 0.0214
epoch 136
train_loss: 0.0023
test_loss: 0.0210
epoch 137
train_loss: 0.0022
test_loss: 0.0205
epoch 138
train_loss: 0.0022
test_loss: 0.0206
epoch 139
train_loss: 0.0022
test_loss: 0.0208
epoch 140
train_loss: 0.0022
test_loss: 0.0207
epoch 141
train_loss: 0.0021
test_loss: 0.0197
epoch 142
train_loss: 0.0020
test_loss: 0.0212
epoch 143
train_loss: 0.0023
test_loss: 0.0216
epoch 144
train_loss: 0.0023
test_loss: 0.0206
epoch 145
train_loss: 0.0022
test_loss: 0.0208
epoch 146
train_loss: 0.0022
test_loss: 0.0212
epoch 147
train_loss: 0.0021
test_loss: 0.0211
epoch 148
train_loss: 0.0025
test_loss: 0.0200
epoch 149
train_loss: 0.0021
test_loss: 0.0203
epoch 150
train_loss: 0.0021
test_loss: 0.0211
epoch 151
train_loss: 0.0022
test_loss: 0.0210
epoch 152
train_loss: 0.0022
test_loss: 0.0207
epoch 153
train_loss: 0.0021
test_loss: 0.0204
epoch 154
train_loss: 0.0020
test_loss: 0.0208
epoch 155
train_loss: 0.0022
test_loss: 0.0206
epoch 156
train_loss: 0.0022
test_loss: 0.0206
epoch 157
train_loss: 0.0021
test_loss: 0.0203
epoch 158
train_loss: 0.0021
test_loss: 0.0206
epoch 159
train_loss: 0.0021
test_loss: 0.0206
epoch 160
train_loss: 0.0021
test_loss: 0.0203
epoch 161
train_loss: 0.0020
test_loss: 0.0206
epoch 162
train_loss: 0.0021
test_loss: 0.0207
epoch 163
train_loss: 0.0021
test_loss: 0.0201
epoch 164
train_loss: 0.0020
test_loss: 0.0205
epoch 165
train_loss: 0.0020
test_loss: 0.0206
epoch 166
train_loss: 0.0020
test_loss: 0.0204
epoch 167
train_loss: 0.0019
test_loss: 0.0203
epoch 168
train_loss: 0.0020
test_loss: 0.0203
epoch 169
train_loss: 0.0020
test_loss: 0.0202
epoch 170
train_loss: 0.0019
test_loss: 0.0197
epoch 171
train_loss: 0.0019
test_loss: 0.0204
epoch 172
train_loss: 0.0019
test_loss: 0.0198
epoch 173
train_loss: 0.0019
test_loss: 0.0206
epoch 174
train_loss: 0.0021
test_loss: 0.0209
epoch 175
train_loss: 0.0020
test_loss: 0.0197
epoch 176
train_loss: 0.0019
test_loss: 0.0203
epoch 177
train_loss: 0.0019
test_loss: 0.0204
epoch 178
train_loss: 0.0019
test_loss: 0.0205
epoch 179
train_loss: 0.0019
test_loss: 0.0205
/home/xueqiong/noise_injection_uncertainty/regression/utils.py:39: FutureWarning: The 'delim_whitespace' keyword in pd.read_csv is deprecated and will be removed in a future version. Use ``sep='\s+'`` instead
  return pd.read_csv(dataset_path, engine='python', header=None, delim_whitespace=True)
8 1
6554 1638 8192
model_name FCN
using Adam as optimizer
epoch 0
train_loss: 0.9453
test_loss: 0.8540
epoch 1
train_loss: 0.7492
test_loss: 0.6657
epoch 2
train_loss: 0.5937
test_loss: 0.5679
epoch 3
train_loss: 0.5301
test_loss: 0.5288
epoch 4
train_loss: 0.4948
test_loss: 0.4974
epoch 5
train_loss: 0.4637
test_loss: 0.4681
epoch 6
train_loss: 0.4347
test_loss: 0.4412
epoch 7
train_loss: 0.4087
test_loss: 0.4174
epoch 8
train_loss: 0.3858
test_loss: 0.3966
epoch 9
train_loss: 0.3657
test_loss: 0.3786
epoch 10
train_loss: 0.3480
test_loss: 0.3625
epoch 11
train_loss: 0.3321
test_loss: 0.3478
epoch 12
train_loss: 0.3175
test_loss: 0.3342
epoch 13
train_loss: 0.3038
test_loss: 0.3212
epoch 14
train_loss: 0.2907
test_loss: 0.3087
epoch 15
train_loss: 0.2784
test_loss: 0.2968
epoch 16
train_loss: 0.2668
test_loss: 0.2855
epoch 17
train_loss: 0.2560
test_loss: 0.2745
epoch 18
train_loss: 0.2460
test_loss: 0.2643
epoch 19
train_loss: 0.2369
test_loss: 0.2547
epoch 20
train_loss: 0.2285
test_loss: 0.2458
epoch 21
train_loss: 0.2208
test_loss: 0.2378
epoch 22
train_loss: 0.2138
test_loss: 0.2303
epoch 23
train_loss: 0.2074
test_loss: 0.2234
epoch 24
train_loss: 0.2015
test_loss: 0.2170
epoch 25
train_loss: 0.1962
test_loss: 0.2112
epoch 26
train_loss: 0.1913
test_loss: 0.2058
epoch 27
train_loss: 0.1868
test_loss: 0.2011
epoch 28
train_loss: 0.1827
test_loss: 0.1967
epoch 29
train_loss: 0.1790
test_loss: 0.1928
epoch 30
train_loss: 0.1755
test_loss: 0.1892
epoch 31
train_loss: 0.1722
test_loss: 0.1858
epoch 32
train_loss: 0.1691
test_loss: 0.1827
epoch 33
train_loss: 0.1662
test_loss: 0.1798
epoch 34
train_loss: 0.1635
test_loss: 0.1770
epoch 35
train_loss: 0.1609
test_loss: 0.1744
epoch 36
train_loss: 0.1584
test_loss: 0.1720
epoch 37
train_loss: 0.1561
test_loss: 0.1696
epoch 38
train_loss: 0.1538
test_loss: 0.1674
epoch 39
train_loss: 0.1516
test_loss: 0.1653
epoch 40
train_loss: 0.1495
test_loss: 0.1632
epoch 41
train_loss: 0.1475
test_loss: 0.1613
epoch 42
train_loss: 0.1456
test_loss: 0.1593
epoch 43
train_loss: 0.1438
test_loss: 0.1574
epoch 44
train_loss: 0.1420
test_loss: 0.1557
epoch 45
train_loss: 0.1402
test_loss: 0.1539
epoch 46
train_loss: 0.1385
test_loss: 0.1522
epoch 47
train_loss: 0.1368
test_loss: 0.1506
epoch 48
train_loss: 0.1352
test_loss: 0.1490
epoch 49
train_loss: 0.1336
test_loss: 0.1474
epoch 50
train_loss: 0.1321
test_loss: 0.1459
epoch 51
train_loss: 0.1307
test_loss: 0.1445
epoch 52
train_loss: 0.1293
test_loss: 0.1431
epoch 53
train_loss: 0.1279
test_loss: 0.1417
epoch 54
train_loss: 0.1266
test_loss: 0.1404
epoch 55
train_loss: 0.1253
test_loss: 0.1391
epoch 56
train_loss: 0.1240
test_loss: 0.1378
epoch 57
train_loss: 0.1228
test_loss: 0.1366
epoch 58
train_loss: 0.1216
test_loss: 0.1354
epoch 59
train_loss: 0.1204
test_loss: 0.1343
epoch 60
train_loss: 0.1193
test_loss: 0.1332
epoch 61
train_loss: 0.1182
test_loss: 0.1321
epoch 62
train_loss: 0.1172
test_loss: 0.1310
epoch 63
train_loss: 0.1161
test_loss: 0.1300
epoch 64
train_loss: 0.1151
test_loss: 0.1290
epoch 65
train_loss: 0.1142
test_loss: 0.1280
epoch 66
train_loss: 0.1132
test_loss: 0.1271
epoch 67
train_loss: 0.1123
test_loss: 0.1261
epoch 68
train_loss: 0.1114
test_loss: 0.1252
epoch 69
train_loss: 0.1105
test_loss: 0.1244
epoch 70
train_loss: 0.1097
test_loss: 0.1236
epoch 71
train_loss: 0.1088
test_loss: 0.1228
epoch 72
train_loss: 0.1080
test_loss: 0.1220
epoch 73
train_loss: 0.1072
test_loss: 0.1212
epoch 74
train_loss: 0.1065
test_loss: 0.1205
epoch 75
train_loss: 0.1057
test_loss: 0.1198
epoch 76
train_loss: 0.1050
test_loss: 0.1191
epoch 77
train_loss: 0.1043
test_loss: 0.1184
epoch 78
train_loss: 0.1036
test_loss: 0.1177
epoch 79
train_loss: 0.1029
test_loss: 0.1170
epoch 80
train_loss: 0.1022
test_loss: 0.1164
epoch 81
train_loss: 0.1016
test_loss: 0.1158
epoch 82
train_loss: 0.1009
test_loss: 0.1151
epoch 83
train_loss: 0.1003
test_loss: 0.1145
epoch 84
train_loss: 0.0997
test_loss: 0.1139
epoch 85
train_loss: 0.0991
test_loss: 0.1133
epoch 86
train_loss: 0.0985
test_loss: 0.1127
epoch 87
train_loss: 0.0979
test_loss: 0.1122
epoch 88
train_loss: 0.0973
test_loss: 0.1116
epoch 89
train_loss: 0.0968
test_loss: 0.1111
epoch 90
train_loss: 0.0963
test_loss: 0.1106
epoch 91
train_loss: 0.0957
test_loss: 0.1101
epoch 92
train_loss: 0.0952
test_loss: 0.1096
epoch 93
train_loss: 0.0947
test_loss: 0.1091
epoch 94
train_loss: 0.0942
test_loss: 0.1086
epoch 95
train_loss: 0.0937
test_loss: 0.1082
epoch 96
train_loss: 0.0932
test_loss: 0.1078
epoch 97
train_loss: 0.0928
test_loss: 0.1073
epoch 98
train_loss: 0.0923
test_loss: 0.1069
epoch 99
train_loss: 0.0919
test_loss: 0.1065
epoch 100
train_loss: 0.0914
test_loss: 0.1062
epoch 101
train_loss: 0.0910
test_loss: 0.1058
epoch 102
train_loss: 0.0906
test_loss: 0.1054
epoch 103
train_loss: 0.0902
test_loss: 0.1050
epoch 104
train_loss: 0.0898
test_loss: 0.1046
epoch 105
train_loss: 0.0894
test_loss: 0.1043
epoch 106
train_loss: 0.0890
test_loss: 0.1039
epoch 107
train_loss: 0.0886
test_loss: 0.1035
epoch 108
train_loss: 0.0882
test_loss: 0.1032
epoch 109
train_loss: 0.0878
test_loss: 0.1028
epoch 110
train_loss: 0.0875
test_loss: 0.1025
epoch 111
train_loss: 0.0871
test_loss: 0.1021
epoch 112
train_loss: 0.0868
test_loss: 0.1018
epoch 113
train_loss: 0.0864
test_loss: 0.1015
epoch 114
train_loss: 0.0861
test_loss: 0.1012
epoch 115
train_loss: 0.0858
test_loss: 0.1009
epoch 116
train_loss: 0.0854
test_loss: 0.1006
epoch 117
train_loss: 0.0851
test_loss: 0.1003
epoch 118
train_loss: 0.0848
test_loss: 0.1000
epoch 119
train_loss: 0.0845
test_loss: 0.0998
epoch 120
train_loss: 0.0842
test_loss: 0.0995
epoch 121
train_loss: 0.0839
test_loss: 0.0992
epoch 122
train_loss: 0.0836
test_loss: 0.0990
epoch 123
train_loss: 0.0833
test_loss: 0.0987
epoch 124
train_loss: 0.0830
test_loss: 0.0985
epoch 125
train_loss: 0.0827
test_loss: 0.0983
epoch 126
train_loss: 0.0824
test_loss: 0.0980
epoch 127
train_loss: 0.0822
test_loss: 0.0978
epoch 128
train_loss: 0.0819
test_loss: 0.0976
epoch 129
train_loss: 0.0816
test_loss: 0.0973
epoch 130
train_loss: 0.0814
test_loss: 0.0971
epoch 131
train_loss: 0.0811
test_loss: 0.0969
epoch 132
train_loss: 0.0809
test_loss: 0.0967
epoch 133
train_loss: 0.0806
test_loss: 0.0964
epoch 134
train_loss: 0.0804
test_loss: 0.0962
epoch 135
train_loss: 0.0801
test_loss: 0.0960
epoch 136
train_loss: 0.0799
test_loss: 0.0958
epoch 137
train_loss: 0.0797
test_loss: 0.0956
epoch 138
train_loss: 0.0794
test_loss: 0.0954
epoch 139
train_loss: 0.0792
test_loss: 0.0952
epoch 140
train_loss: 0.0790
test_loss: 0.0949
epoch 141
train_loss: 0.0787
test_loss: 0.0948
epoch 142
train_loss: 0.0785
test_loss: 0.0946
epoch 143
train_loss: 0.0783
test_loss: 0.0944
epoch 144
train_loss: 0.0781
test_loss: 0.0942
epoch 145
train_loss: 0.0779
test_loss: 0.0941
epoch 146
train_loss: 0.0777
test_loss: 0.0939
epoch 147
train_loss: 0.0774
test_loss: 0.0937
epoch 148
train_loss: 0.0772
test_loss: 0.0935
epoch 149
train_loss: 0.0770
test_loss: 0.0934
epoch 150
train_loss: 0.0768
test_loss: 0.0932
epoch 151
train_loss: 0.0766
test_loss: 0.0931
epoch 152
train_loss: 0.0764
test_loss: 0.0929
epoch 153
train_loss: 0.0762
test_loss: 0.0927
epoch 154
train_loss: 0.0760
test_loss: 0.0926
epoch 155
train_loss: 0.0758
test_loss: 0.0924
epoch 156
train_loss: 0.0756
test_loss: 0.0923
epoch 157
train_loss: 0.0755
test_loss: 0.0921
epoch 158
train_loss: 0.0753
test_loss: 0.0919
epoch 159
train_loss: 0.0751
test_loss: 0.0918
epoch 160
train_loss: 0.0749
test_loss: 0.0916
epoch 161
train_loss: 0.0747
test_loss: 0.0915
epoch 162
train_loss: 0.0745
test_loss: 0.0913
epoch 163
train_loss: 0.0743
test_loss: 0.0912
epoch 164
train_loss: 0.0742
test_loss: 0.0911
epoch 165
train_loss: 0.0740
test_loss: 0.0909
epoch 166
train_loss: 0.0738
test_loss: 0.0908
epoch 167
train_loss: 0.0736
test_loss: 0.0907
epoch 168
train_loss: 0.0735
test_loss: 0.0905
epoch 169
train_loss: 0.0733
test_loss: 0.0904
epoch 170
train_loss: 0.0732
test_loss: 0.0903
epoch 171
train_loss: 0.0730
test_loss: 0.0901
epoch 172
train_loss: 0.0728
test_loss: 0.0900
epoch 173
train_loss: 0.0727
test_loss: 0.0899
epoch 174
train_loss: 0.0725
test_loss: 0.0897
epoch 175
train_loss: 0.0724
test_loss: 0.0896
epoch 176
train_loss: 0.0722
test_loss: 0.0895
epoch 177
train_loss: 0.0721
test_loss: 0.0894
epoch 178
train_loss: 0.0719
test_loss: 0.0892
epoch 179
train_loss: 0.0718
test_loss: 0.0891
epoch 180
train_loss: 0.0716
test_loss: 0.0890
epoch 181
train_loss: 0.0715
test_loss: 0.0889
epoch 182
train_loss: 0.0713
test_loss: 0.0887
epoch 183
train_loss: 0.0712
test_loss: 0.0886
epoch 184
train_loss: 0.0711
test_loss: 0.0885
epoch 185
train_loss: 0.0709
test_loss: 0.0884
epoch 186
train_loss: 0.0708
test_loss: 0.0882
epoch 187
train_loss: 0.0707
test_loss: 0.0881
epoch 188
train_loss: 0.0705
test_loss: 0.0880
epoch 189
train_loss: 0.0704
test_loss: 0.0879
epoch 190
train_loss: 0.0703
test_loss: 0.0878
epoch 191
train_loss: 0.0701
test_loss: 0.0877
epoch 192
train_loss: 0.0700
test_loss: 0.0875
epoch 193
train_loss: 0.0699
test_loss: 0.0874
epoch 194
train_loss: 0.0697
test_loss: 0.0873
epoch 195
train_loss: 0.0696
test_loss: 0.0872
epoch 196
train_loss: 0.0695
test_loss: 0.0871
epoch 197
train_loss: 0.0694
test_loss: 0.0870
epoch 198
train_loss: 0.0692
test_loss: 0.0869
epoch 199
train_loss: 0.0691
test_loss: 0.0868
epoch 200
train_loss: 0.0690
test_loss: 0.0867
epoch 201
train_loss: 0.0689
test_loss: 0.0866
epoch 202
train_loss: 0.0688
test_loss: 0.0865
epoch 203
train_loss: 0.0686
test_loss: 0.0864
epoch 204
train_loss: 0.0685
test_loss: 0.0863
epoch 205
train_loss: 0.0684
test_loss: 0.0862
epoch 206
train_loss: 0.0683
test_loss: 0.0861
epoch 207
train_loss: 0.0682
test_loss: 0.0860
epoch 208
train_loss: 0.0681
test_loss: 0.0859
epoch 209
train_loss: 0.0679
test_loss: 0.0858
epoch 210
train_loss: 0.0678
test_loss: 0.0857
epoch 211
train_loss: 0.0677
test_loss: 0.0857
epoch 212
train_loss: 0.0676
test_loss: 0.0856
epoch 213
train_loss: 0.0675
test_loss: 0.0855
epoch 214
train_loss: 0.0674
test_loss: 0.0854
epoch 215
train_loss: 0.0673
test_loss: 0.0853
epoch 216
train_loss: 0.0672
test_loss: 0.0852
epoch 217
train_loss: 0.0670
test_loss: 0.0851
epoch 218
train_loss: 0.0669
test_loss: 0.0851
epoch 219
train_loss: 0.0668
test_loss: 0.0850
epoch 220
train_loss: 0.0667
test_loss: 0.0849
epoch 221
train_loss: 0.0666
test_loss: 0.0848
epoch 222
train_loss: 0.0665
test_loss: 0.0847
epoch 223
train_loss: 0.0664
test_loss: 0.0846
epoch 224
train_loss: 0.0663
test_loss: 0.0846
epoch 225
train_loss: 0.0662
test_loss: 0.0845
epoch 226
train_loss: 0.0661
test_loss: 0.0844
epoch 227
train_loss: 0.0660
test_loss: 0.0844
epoch 228
train_loss: 0.0659
test_loss: 0.0843
epoch 229
train_loss: 0.0658
test_loss: 0.0842
epoch 230
train_loss: 0.0657
test_loss: 0.0841
epoch 231
train_loss: 0.0656
test_loss: 0.0841
epoch 232
train_loss: 0.0656
test_loss: 0.0840
epoch 233
train_loss: 0.0655
test_loss: 0.0839
epoch 234
train_loss: 0.0654
test_loss: 0.0839
epoch 235
train_loss: 0.0653
test_loss: 0.0838
epoch 236
train_loss: 0.0652
test_loss: 0.0837
epoch 237
train_loss: 0.0651
test_loss: 0.0836
epoch 238
train_loss: 0.0650
test_loss: 0.0836
epoch 239
train_loss: 0.0649
test_loss: 0.0835
epoch 240
train_loss: 0.0649
test_loss: 0.0834
epoch 241
train_loss: 0.0648
test_loss: 0.0834
epoch 242
train_loss: 0.0647
test_loss: 0.0833
epoch 243
train_loss: 0.0646
test_loss: 0.0832
epoch 244
train_loss: 0.0645
test_loss: 0.0832
epoch 245
train_loss: 0.0644
test_loss: 0.0831
epoch 246
train_loss: 0.0644
test_loss: 0.0830
epoch 247
train_loss: 0.0643
test_loss: 0.0830
epoch 248
train_loss: 0.0642
test_loss: 0.0829
epoch 249
train_loss: 0.0641
test_loss: 0.0828
epoch 250
train_loss: 0.0640
test_loss: 0.0828
epoch 251
train_loss: 0.0640
test_loss: 0.0827
epoch 252
train_loss: 0.0639
test_loss: 0.0827
epoch 253
train_loss: 0.0638
test_loss: 0.0826
epoch 254
train_loss: 0.0637
test_loss: 0.0825
epoch 255
train_loss: 0.0637
test_loss: 0.0824
epoch 256
train_loss: 0.0636
test_loss: 0.0824
epoch 257
train_loss: 0.0635
test_loss: 0.0823
epoch 258
train_loss: 0.0634
test_loss: 0.0822
epoch 259
train_loss: 0.0634
test_loss: 0.0822
epoch 260
train_loss: 0.0633
test_loss: 0.0821
epoch 261
train_loss: 0.0632
test_loss: 0.0821
epoch 262
train_loss: 0.0632
test_loss: 0.0820
epoch 263
train_loss: 0.0631
test_loss: 0.0819
epoch 264
train_loss: 0.0630
test_loss: 0.0819
epoch 265
train_loss: 0.0629
test_loss: 0.0818
epoch 266
train_loss: 0.0629
test_loss: 0.0818
epoch 267
train_loss: 0.0628
test_loss: 0.0817
epoch 268
train_loss: 0.0627
test_loss: 0.0817
epoch 269
train_loss: 0.0627
test_loss: 0.0817
epoch 270
train_loss: 0.0626
test_loss: 0.0816
epoch 271
train_loss: 0.0625
test_loss: 0.0815
epoch 272
train_loss: 0.0625
test_loss: 0.0815
epoch 273
train_loss: 0.0624
test_loss: 0.0815
epoch 274
train_loss: 0.0623
test_loss: 0.0814
epoch 275
train_loss: 0.0623
test_loss: 0.0813
epoch 276
train_loss: 0.0622
test_loss: 0.0813
epoch 277
train_loss: 0.0622
test_loss: 0.0813
epoch 278
train_loss: 0.0621
test_loss: 0.0812
epoch 279
train_loss: 0.0620
test_loss: 0.0812
epoch 280
train_loss: 0.0620
test_loss: 0.0811
epoch 281
train_loss: 0.0619
test_loss: 0.0811
epoch 282
train_loss: 0.0618
test_loss: 0.0810
epoch 283
train_loss: 0.0618
test_loss: 0.0810
epoch 284
train_loss: 0.0617
test_loss: 0.0810
epoch 285
train_loss: 0.0617
test_loss: 0.0809
epoch 286
train_loss: 0.0616
test_loss: 0.0809
epoch 287
train_loss: 0.0615
test_loss: 0.0809
epoch 288
train_loss: 0.0615
test_loss: 0.0808
epoch 289
train_loss: 0.0614
test_loss: 0.0808
epoch 290
train_loss: 0.0614
test_loss: 0.0808
epoch 291
train_loss: 0.0613
test_loss: 0.0807
epoch 292
train_loss: 0.0613
test_loss: 0.0807
epoch 293
train_loss: 0.0612
test_loss: 0.0807
epoch 294
train_loss: 0.0611
test_loss: 0.0806
epoch 295
train_loss: 0.0611
test_loss: 0.0806
epoch 296
train_loss: 0.0610
test_loss: 0.0806
epoch 297
train_loss: 0.0610
test_loss: 0.0805
epoch 298
train_loss: 0.0609
test_loss: 0.0805
epoch 299
train_loss: 0.0609
test_loss: 0.0804
epoch 300
train_loss: 0.0608
test_loss: 0.0804
epoch 301
train_loss: 0.0608
test_loss: 0.0803
epoch 302
train_loss: 0.0607
test_loss: 0.0803
epoch 303
train_loss: 0.0607
test_loss: 0.0803
epoch 304
train_loss: 0.0606
test_loss: 0.0802
epoch 305
train_loss: 0.0606
test_loss: 0.0802
epoch 306
train_loss: 0.0605
test_loss: 0.0801
epoch 307
train_loss: 0.0605
test_loss: 0.0801
epoch 308
train_loss: 0.0604
test_loss: 0.0800
epoch 309
train_loss: 0.0604
test_loss: 0.0800
epoch 310
train_loss: 0.0603
test_loss: 0.0800
epoch 311
train_loss: 0.0603
test_loss: 0.0799
epoch 312
train_loss: 0.0602
test_loss: 0.0799
epoch 313
train_loss: 0.0602
test_loss: 0.0799
epoch 314
train_loss: 0.0601
test_loss: 0.0798
epoch 315
train_loss: 0.0601
test_loss: 0.0798
epoch 316
train_loss: 0.0600
test_loss: 0.0797
epoch 317
train_loss: 0.0600
test_loss: 0.0797
epoch 318
train_loss: 0.0599
test_loss: 0.0797
epoch 319
train_loss: 0.0599
test_loss: 0.0796
epoch 320
train_loss: 0.0598
test_loss: 0.0796
epoch 321
train_loss: 0.0598
test_loss: 0.0795
epoch 322
train_loss: 0.0597
test_loss: 0.0795
epoch 323
train_loss: 0.0597
test_loss: 0.0795
epoch 324
train_loss: 0.0597
test_loss: 0.0794
epoch 325
train_loss: 0.0596
test_loss: 0.0794
epoch 326
train_loss: 0.0596
test_loss: 0.0793
epoch 327
train_loss: 0.0595
test_loss: 0.0793
epoch 328
train_loss: 0.0595
test_loss: 0.0793
epoch 329
train_loss: 0.0594
test_loss: 0.0792
epoch 330
train_loss: 0.0594
test_loss: 0.0792
epoch 331
train_loss: 0.0593
test_loss: 0.0792
epoch 332
train_loss: 0.0593
test_loss: 0.0791
epoch 333
train_loss: 0.0593
test_loss: 0.0791
epoch 334
train_loss: 0.0592
test_loss: 0.0791
epoch 335
train_loss: 0.0592
test_loss: 0.0790
epoch 336
train_loss: 0.0591
test_loss: 0.0790
epoch 337
train_loss: 0.0591
test_loss: 0.0790
epoch 338
train_loss: 0.0591
test_loss: 0.0789
epoch 339
train_loss: 0.0590
test_loss: 0.0789
epoch 340
train_loss: 0.0590
test_loss: 0.0789
epoch 341
train_loss: 0.0589
test_loss: 0.0788
epoch 342
train_loss: 0.0589
test_loss: 0.0788
epoch 343
train_loss: 0.0589
test_loss: 0.0788
epoch 344
train_loss: 0.0588
test_loss: 0.0787
epoch 345
train_loss: 0.0588
test_loss: 0.0787
epoch 346
train_loss: 0.0587
test_loss: 0.0787
epoch 347
train_loss: 0.0587
test_loss: 0.0786
epoch 348
train_loss: 0.0587
test_loss: 0.0786
epoch 349
train_loss: 0.0586
test_loss: 0.0785
epoch 350
train_loss: 0.0586
test_loss: 0.0785
epoch 351
train_loss: 0.0586
test_loss: 0.0785
epoch 352
train_loss: 0.0585
test_loss: 0.0784
epoch 353
train_loss: 0.0585
test_loss: 0.0784
epoch 354
train_loss: 0.0585
test_loss: 0.0784
epoch 355
train_loss: 0.0584
test_loss: 0.0783
epoch 356
train_loss: 0.0584
test_loss: 0.0783
epoch 357
train_loss: 0.0583
test_loss: 0.0782
epoch 358
train_loss: 0.0583
test_loss: 0.0782
epoch 359
train_loss: 0.0583
test_loss: 0.0782
epoch 360
train_loss: 0.0582
test_loss: 0.0781
epoch 361
train_loss: 0.0582
test_loss: 0.0781
epoch 362
train_loss: 0.0582
test_loss: 0.0781
epoch 363
train_loss: 0.0581
test_loss: 0.0780
epoch 364
train_loss: 0.0581
test_loss: 0.0780
epoch 365
train_loss: 0.0580
test_loss: 0.0780
epoch 366
train_loss: 0.0580
test_loss: 0.0780
epoch 367
train_loss: 0.0580
test_loss: 0.0779
epoch 368
train_loss: 0.0579
test_loss: 0.0779
epoch 369
train_loss: 0.0579
test_loss: 0.0779
epoch 370
train_loss: 0.0579
test_loss: 0.0779
epoch 371
train_loss: 0.0578
test_loss: 0.0778
epoch 372
train_loss: 0.0578
test_loss: 0.0778
epoch 373
train_loss: 0.0578
test_loss: 0.0778
epoch 374
train_loss: 0.0577
test_loss: 0.0778
epoch 375
train_loss: 0.0577
test_loss: 0.0777
epoch 376
train_loss: 0.0577
test_loss: 0.0777
epoch 377
train_loss: 0.0576
test_loss: 0.0777
epoch 378
train_loss: 0.0576
test_loss: 0.0777
epoch 379
train_loss: 0.0576
test_loss: 0.0776
epoch 380
train_loss: 0.0575
test_loss: 0.0776
epoch 381
train_loss: 0.0575
test_loss: 0.0776
epoch 382
train_loss: 0.0575
test_loss: 0.0776
epoch 383
train_loss: 0.0574
test_loss: 0.0775
epoch 384
train_loss: 0.0574
test_loss: 0.0775
epoch 385
train_loss: 0.0574
test_loss: 0.0775
epoch 386
train_loss: 0.0573
test_loss: 0.0775
epoch 387
train_loss: 0.0573
test_loss: 0.0774
epoch 388
train_loss: 0.0573
test_loss: 0.0774
epoch 389
train_loss: 0.0572
test_loss: 0.0774
epoch 390
train_loss: 0.0572
test_loss: 0.0774
epoch 391
train_loss: 0.0572
test_loss: 0.0773
epoch 392
train_loss: 0.0571
test_loss: 0.0773
epoch 393
train_loss: 0.0571
test_loss: 0.0773
epoch 394
train_loss: 0.0571
test_loss: 0.0773
epoch 395
train_loss: 0.0570
test_loss: 0.0773
epoch 396
train_loss: 0.0570
test_loss: 0.0773
epoch 397
train_loss: 0.0570
test_loss: 0.0772
epoch 398
train_loss: 0.0570
test_loss: 0.0772
epoch 399
train_loss: 0.0569
test_loss: 0.0772
epoch 400
train_loss: 0.0569
test_loss: 0.0772
epoch 401
train_loss: 0.0569
test_loss: 0.0772
epoch 402
train_loss: 0.0568
test_loss: 0.0772
epoch 403
train_loss: 0.0568
test_loss: 0.0771
epoch 404
train_loss: 0.0568
test_loss: 0.0771
epoch 405
train_loss: 0.0567
test_loss: 0.0771
epoch 406
train_loss: 0.0567
test_loss: 0.0771
epoch 407
train_loss: 0.0567
test_loss: 0.0771
epoch 408
train_loss: 0.0567
test_loss: 0.0770
epoch 409
train_loss: 0.0566
test_loss: 0.0770
epoch 410
train_loss: 0.0566
test_loss: 0.0770
epoch 411
train_loss: 0.0566
test_loss: 0.0770
epoch 412
train_loss: 0.0565
test_loss: 0.0770
epoch 413
train_loss: 0.0565
test_loss: 0.0769
epoch 414
train_loss: 0.0565
test_loss: 0.0769
epoch 415
train_loss: 0.0565
test_loss: 0.0769
epoch 416
train_loss: 0.0564
test_loss: 0.0769
epoch 417
train_loss: 0.0564
test_loss: 0.0769
epoch 418
train_loss: 0.0564
test_loss: 0.0769
epoch 419
train_loss: 0.0564
test_loss: 0.0768
epoch 420
train_loss: 0.0563
test_loss: 0.0768
epoch 421
train_loss: 0.0563
test_loss: 0.0768
epoch 422
train_loss: 0.0563
test_loss: 0.0768
epoch 423
train_loss: 0.0563
test_loss: 0.0768
epoch 424
train_loss: 0.0562
test_loss: 0.0768
epoch 425
train_loss: 0.0562
test_loss: 0.0768
epoch 426
train_loss: 0.0562
test_loss: 0.0768
epoch 427
train_loss: 0.0562
test_loss: 0.0768
epoch 428
train_loss: 0.0561
test_loss: 0.0768
epoch 429
train_loss: 0.0561
test_loss: 0.0767
epoch 430
train_loss: 0.0561
test_loss: 0.0767
epoch 431
train_loss: 0.0561
test_loss: 0.0767
epoch 432
train_loss: 0.0560
test_loss: 0.0767
epoch 433
train_loss: 0.0560
test_loss: 0.0767
epoch 434
train_loss: 0.0560
test_loss: 0.0767
epoch 435
train_loss: 0.0560
test_loss: 0.0767
epoch 436
train_loss: 0.0559
test_loss: 0.0767
epoch 437
train_loss: 0.0559
test_loss: 0.0767
epoch 438
train_loss: 0.0559
test_loss: 0.0767
epoch 439
train_loss: 0.0559
test_loss: 0.0766
epoch 440
train_loss: 0.0558
test_loss: 0.0766
epoch 441
train_loss: 0.0558
test_loss: 0.0766
epoch 442
train_loss: 0.0558
test_loss: 0.0766
epoch 443
train_loss: 0.0558
test_loss: 0.0766
epoch 444
train_loss: 0.0557
test_loss: 0.0766
epoch 445
train_loss: 0.0557
test_loss: 0.0766
epoch 446
train_loss: 0.0557
test_loss: 0.0766
epoch 447
train_loss: 0.0557
test_loss: 0.0766
epoch 448
train_loss: 0.0556
test_loss: 0.0766
epoch 449
train_loss: 0.0556
test_loss: 0.0765
epoch 450
train_loss: 0.0556
test_loss: 0.0766
epoch 451
train_loss: 0.0556
test_loss: 0.0765
epoch 452
train_loss: 0.0555
test_loss: 0.0765
epoch 453
train_loss: 0.0555
test_loss: 0.0765
epoch 454
train_loss: 0.0555
test_loss: 0.0765
epoch 455
train_loss: 0.0555
test_loss: 0.0765
epoch 456
train_loss: 0.0554
test_loss: 0.0764
epoch 457
train_loss: 0.0554
test_loss: 0.0764
epoch 458
train_loss: 0.0554
test_loss: 0.0764
epoch 459
train_loss: 0.0554
test_loss: 0.0764
epoch 460
train_loss: 0.0553
test_loss: 0.0764
epoch 461
train_loss: 0.0553
test_loss: 0.0764
epoch 462
train_loss: 0.0553
test_loss: 0.0764
epoch 463
train_loss: 0.0553
test_loss: 0.0764
epoch 464
train_loss: 0.0552
test_loss: 0.0764
epoch 465
train_loss: 0.0552
test_loss: 0.0764
epoch 466
train_loss: 0.0552
test_loss: 0.0764
epoch 467
train_loss: 0.0552
test_loss: 0.0764
epoch 468
train_loss: 0.0551
test_loss: 0.0764
epoch 469
train_loss: 0.0551
test_loss: 0.0763
epoch 470
train_loss: 0.0551
test_loss: 0.0764
epoch 471
train_loss: 0.0551
test_loss: 0.0763
epoch 472
train_loss: 0.0550
test_loss: 0.0763
epoch 473
train_loss: 0.0550
test_loss: 0.0763
epoch 474
train_loss: 0.0550
test_loss: 0.0763
epoch 475
train_loss: 0.0550
test_loss: 0.0763
epoch 476
train_loss: 0.0550
test_loss: 0.0763
epoch 477
train_loss: 0.0549
test_loss: 0.0763
epoch 478
train_loss: 0.0549
test_loss: 0.0763
epoch 479
train_loss: 0.0549
test_loss: 0.0763
epoch 480
train_loss: 0.0549
test_loss: 0.0762
epoch 481
train_loss: 0.0548
test_loss: 0.0762
epoch 482
train_loss: 0.0548
test_loss: 0.0762
epoch 483
train_loss: 0.0548
test_loss: 0.0762
epoch 484
train_loss: 0.0548
test_loss: 0.0762
epoch 485
train_loss: 0.0547
test_loss: 0.0762
epoch 486
train_loss: 0.0547
test_loss: 0.0762
epoch 487
train_loss: 0.0547
test_loss: 0.0761
epoch 488
train_loss: 0.0547
test_loss: 0.0761
epoch 489
train_loss: 0.0547
test_loss: 0.0761
epoch 490
train_loss: 0.0546
test_loss: 0.0761
epoch 491
train_loss: 0.0546
test_loss: 0.0761
epoch 492
train_loss: 0.0546
test_loss: 0.0761
epoch 493
train_loss: 0.0546
test_loss: 0.0761
epoch 494
train_loss: 0.0546
test_loss: 0.0760
epoch 495
train_loss: 0.0545
test_loss: 0.0760
epoch 496
train_loss: 0.0545
test_loss: 0.0760
epoch 497
train_loss: 0.0545
test_loss: 0.0760
epoch 498
train_loss: 0.0545
test_loss: 0.0760
epoch 499
train_loss: 0.0544
test_loss: 0.0760
epoch 500
train_loss: 0.0544
test_loss: 0.0760
epoch 501
train_loss: 0.0544
test_loss: 0.0759
epoch 502
train_loss: 0.0544
test_loss: 0.0759
epoch 503
train_loss: 0.0544
test_loss: 0.0759
epoch 504
train_loss: 0.0543
test_loss: 0.0759
epoch 505
train_loss: 0.0543
test_loss: 0.0759
epoch 506
train_loss: 0.0543
test_loss: 0.0759
epoch 507
train_loss: 0.0543
test_loss: 0.0759
epoch 508
train_loss: 0.0542
test_loss: 0.0758
epoch 509
train_loss: 0.0542
test_loss: 0.0758
epoch 510
train_loss: 0.0542
test_loss: 0.0758
epoch 511
train_loss: 0.0542
test_loss: 0.0758
epoch 512
train_loss: 0.0542
test_loss: 0.0758
epoch 513
train_loss: 0.0541
test_loss: 0.0758
epoch 514
train_loss: 0.0541
test_loss: 0.0758
epoch 515
train_loss: 0.0541
test_loss: 0.0758
epoch 516
train_loss: 0.0541
test_loss: 0.0758
epoch 517
train_loss: 0.0540
test_loss: 0.0757
epoch 518
train_loss: 0.0540
test_loss: 0.0758
epoch 519
train_loss: 0.0540
test_loss: 0.0757
epoch 520
train_loss: 0.0540
test_loss: 0.0757
epoch 521
train_loss: 0.0540
test_loss: 0.0757
epoch 522
train_loss: 0.0540
test_loss: 0.0757
epoch 523
train_loss: 0.0539
test_loss: 0.0757
epoch 524
train_loss: 0.0539
test_loss: 0.0757
epoch 525
train_loss: 0.0539
test_loss: 0.0757
epoch 526
train_loss: 0.0539
test_loss: 0.0757
epoch 527
train_loss: 0.0538
test_loss: 0.0757
epoch 528
train_loss: 0.0538
test_loss: 0.0757
epoch 529
train_loss: 0.0538
test_loss: 0.0757
epoch 530
train_loss: 0.0538
test_loss: 0.0757
epoch 531
train_loss: 0.0538
test_loss: 0.0757
epoch 532
train_loss: 0.0538
test_loss: 0.0756
epoch 533
train_loss: 0.0537
test_loss: 0.0757
epoch 534
train_loss: 0.0537
test_loss: 0.0756
epoch 535
train_loss: 0.0537
test_loss: 0.0756
epoch 536
train_loss: 0.0537
test_loss: 0.0756
epoch 537
train_loss: 0.0537
test_loss: 0.0756
epoch 538
train_loss: 0.0536
test_loss: 0.0756
epoch 539
train_loss: 0.0536
test_loss: 0.0756
epoch 540
train_loss: 0.0536
test_loss: 0.0756
epoch 541
train_loss: 0.0536
test_loss: 0.0756
epoch 542
train_loss: 0.0536
test_loss: 0.0756
epoch 543
train_loss: 0.0536
test_loss: 0.0756
epoch 544
train_loss: 0.0535
test_loss: 0.0756
epoch 545
train_loss: 0.0535
test_loss: 0.0756
epoch 546
train_loss: 0.0535
test_loss: 0.0756
epoch 547
train_loss: 0.0535
test_loss: 0.0756
epoch 548
train_loss: 0.0535
test_loss: 0.0756
epoch 549
train_loss: 0.0535
test_loss: 0.0756
epoch 550
train_loss: 0.0534
test_loss: 0.0755
epoch 551
train_loss: 0.0534
test_loss: 0.0755
epoch 552
train_loss: 0.0534
test_loss: 0.0755
epoch 553
train_loss: 0.0534
test_loss: 0.0755
epoch 554
train_loss: 0.0534
test_loss: 0.0755
epoch 555
train_loss: 0.0534
test_loss: 0.0755
epoch 556
train_loss: 0.0533
test_loss: 0.0755
epoch 557
train_loss: 0.0533
test_loss: 0.0755
epoch 558
train_loss: 0.0533
test_loss: 0.0755
epoch 559
train_loss: 0.0533
test_loss: 0.0755
epoch 560
train_loss: 0.0533
test_loss: 0.0755
epoch 561
train_loss: 0.0533
test_loss: 0.0755
epoch 562
train_loss: 0.0532
test_loss: 0.0755
epoch 563
train_loss: 0.0532
test_loss: 0.0755
epoch 564
train_loss: 0.0532
test_loss: 0.0755
epoch 565
train_loss: 0.0532
test_loss: 0.0755
epoch 566
train_loss: 0.0532
test_loss: 0.0754
epoch 567
train_loss: 0.0532
test_loss: 0.0755
epoch 568
train_loss: 0.0531
test_loss: 0.0755
epoch 569
train_loss: 0.0531
test_loss: 0.0754
epoch 570
train_loss: 0.0531
test_loss: 0.0755
epoch 571
train_loss: 0.0531
test_loss: 0.0754
epoch 572
train_loss: 0.0531
test_loss: 0.0754
epoch 573
train_loss: 0.0531
test_loss: 0.0754
epoch 574
train_loss: 0.0530
test_loss: 0.0754
epoch 575
train_loss: 0.0530
test_loss: 0.0754
epoch 576
train_loss: 0.0530
test_loss: 0.0754
epoch 577
train_loss: 0.0530
test_loss: 0.0754
epoch 578
train_loss: 0.0530
test_loss: 0.0754
epoch 579
train_loss: 0.0530
test_loss: 0.0754
epoch 580
train_loss: 0.0530
test_loss: 0.0754
epoch 581
train_loss: 0.0529
test_loss: 0.0754
epoch 582
train_loss: 0.0529
test_loss: 0.0754
epoch 583
train_loss: 0.0529
test_loss: 0.0754
epoch 584
train_loss: 0.0529
test_loss: 0.0754
epoch 585
train_loss: 0.0529
test_loss: 0.0754
epoch 586
train_loss: 0.0529
test_loss: 0.0754
epoch 587
train_loss: 0.0529
test_loss: 0.0753
epoch 588
train_loss: 0.0528
test_loss: 0.0754
epoch 589
train_loss: 0.0528
test_loss: 0.0753
epoch 590
train_loss: 0.0528
test_loss: 0.0754
epoch 591
train_loss: 0.0528
test_loss: 0.0753
epoch 592
train_loss: 0.0528
test_loss: 0.0753
epoch 593
train_loss: 0.0528
test_loss: 0.0753
epoch 594
train_loss: 0.0528
test_loss: 0.0753
epoch 595
train_loss: 0.0527
test_loss: 0.0753
epoch 596
train_loss: 0.0527
test_loss: 0.0753
epoch 597
train_loss: 0.0527
test_loss: 0.0753
epoch 598
train_loss: 0.0527
test_loss: 0.0753
epoch 599
train_loss: 0.0527
test_loss: 0.0753
epoch 600
train_loss: 0.0527
test_loss: 0.0753
epoch 601
train_loss: 0.0527
test_loss: 0.0753
epoch 602
train_loss: 0.0526
test_loss: 0.0753
epoch 603
train_loss: 0.0526
test_loss: 0.0753
epoch 604
train_loss: 0.0526
test_loss: 0.0752
epoch 605
train_loss: 0.0526
test_loss: 0.0752
epoch 606
train_loss: 0.0526
test_loss: 0.0752
epoch 607
train_loss: 0.0526
test_loss: 0.0752
epoch 608
train_loss: 0.0526
test_loss: 0.0752
epoch 609
train_loss: 0.0526
test_loss: 0.0752
epoch 610
train_loss: 0.0525
test_loss: 0.0752
epoch 611
train_loss: 0.0525
test_loss: 0.0752
epoch 612
train_loss: 0.0525
test_loss: 0.0752
epoch 613
train_loss: 0.0525
test_loss: 0.0752
epoch 614
train_loss: 0.0525
test_loss: 0.0752
epoch 615
train_loss: 0.0525
test_loss: 0.0752
epoch 616
train_loss: 0.0525
test_loss: 0.0752
epoch 617
train_loss: 0.0524
test_loss: 0.0751
epoch 618
train_loss: 0.0524
test_loss: 0.0751
epoch 619
train_loss: 0.0524
test_loss: 0.0751
epoch 620
train_loss: 0.0524
test_loss: 0.0751
epoch 621
train_loss: 0.0524
test_loss: 0.0751
epoch 622
train_loss: 0.0524
test_loss: 0.0751
epoch 623
train_loss: 0.0524
test_loss: 0.0751
epoch 624
train_loss: 0.0523
test_loss: 0.0751
epoch 625
train_loss: 0.0523
test_loss: 0.0751
epoch 626
train_loss: 0.0523
test_loss: 0.0751
epoch 627
train_loss: 0.0523
test_loss: 0.0751
epoch 628
train_loss: 0.0523
test_loss: 0.0751
epoch 629
train_loss: 0.0523
test_loss: 0.0751
epoch 630
train_loss: 0.0523
test_loss: 0.0751
epoch 631
train_loss: 0.0522
test_loss: 0.0751
epoch 632
train_loss: 0.0522
test_loss: 0.0750
epoch 633
train_loss: 0.0522
test_loss: 0.0750
epoch 634
train_loss: 0.0522
test_loss: 0.0750
epoch 635
train_loss: 0.0522
test_loss: 0.0750
epoch 636
train_loss: 0.0522
test_loss: 0.0750
epoch 637
train_loss: 0.0521
test_loss: 0.0750
epoch 638
train_loss: 0.0521
test_loss: 0.0750
epoch 639
train_loss: 0.0521
test_loss: 0.0750
epoch 640
train_loss: 0.0521
test_loss: 0.0750
epoch 641
train_loss: 0.0521
test_loss: 0.0750
epoch 642
train_loss: 0.0521
test_loss: 0.0750
epoch 643
train_loss: 0.0520
test_loss: 0.0750
epoch 644
train_loss: 0.0520
test_loss: 0.0750
epoch 645
train_loss: 0.0520
test_loss: 0.0750
epoch 646
train_loss: 0.0520
test_loss: 0.0749
epoch 647
train_loss: 0.0520
test_loss: 0.0749
epoch 648
train_loss: 0.0520
test_loss: 0.0749
epoch 649
train_loss: 0.0519
test_loss: 0.0749
epoch 650
train_loss: 0.0519
test_loss: 0.0749
epoch 651
train_loss: 0.0519
test_loss: 0.0749
epoch 652
train_loss: 0.0519
test_loss: 0.0749
epoch 653
train_loss: 0.0519
test_loss: 0.0749
epoch 654
train_loss: 0.0519
test_loss: 0.0749
epoch 655
train_loss: 0.0518
test_loss: 0.0749
epoch 656
train_loss: 0.0518
test_loss: 0.0748
epoch 657
train_loss: 0.0518
test_loss: 0.0748
epoch 658
train_loss: 0.0518
test_loss: 0.0748
epoch 659
train_loss: 0.0518
test_loss: 0.0748
epoch 660
train_loss: 0.0518
test_loss: 0.0748
epoch 661
train_loss: 0.0517
test_loss: 0.0748
epoch 662
train_loss: 0.0517
test_loss: 0.0748
epoch 663
train_loss: 0.0517
test_loss: 0.0748
epoch 664
train_loss: 0.0517
test_loss: 0.0748
epoch 665
train_loss: 0.0517
test_loss: 0.0748
epoch 666
train_loss: 0.0517
test_loss: 0.0748
epoch 667
train_loss: 0.0516
test_loss: 0.0748
epoch 668
train_loss: 0.0516
test_loss: 0.0748
epoch 669
train_loss: 0.0516
test_loss: 0.0748
epoch 670
train_loss: 0.0516
test_loss: 0.0747
epoch 671
train_loss: 0.0516
test_loss: 0.0748
epoch 672
train_loss: 0.0516
test_loss: 0.0747
epoch 673
train_loss: 0.0516
test_loss: 0.0747
epoch 674
train_loss: 0.0515
test_loss: 0.0747
epoch 675
train_loss: 0.0515
test_loss: 0.0747
epoch 676
train_loss: 0.0515
test_loss: 0.0747
epoch 677
train_loss: 0.0515
test_loss: 0.0747
epoch 678
train_loss: 0.0515
test_loss: 0.0747
epoch 679
train_loss: 0.0515
test_loss: 0.0747
epoch 680
train_loss: 0.0515
test_loss: 0.0747
epoch 681
train_loss: 0.0514
test_loss: 0.0746
epoch 682
train_loss: 0.0514
test_loss: 0.0746
epoch 683
train_loss: 0.0514
test_loss: 0.0746
epoch 684
train_loss: 0.0514
test_loss: 0.0746
epoch 685
train_loss: 0.0514
test_loss: 0.0746
epoch 686
train_loss: 0.0514
test_loss: 0.0746
epoch 687
train_loss: 0.0514
test_loss: 0.0746
epoch 688
train_loss: 0.0513
test_loss: 0.0746
epoch 689
train_loss: 0.0513
test_loss: 0.0746
epoch 690
train_loss: 0.0513
test_loss: 0.0745
epoch 691
train_loss: 0.0513
test_loss: 0.0745
epoch 692
train_loss: 0.0513
test_loss: 0.0745
epoch 693
train_loss: 0.0513
test_loss: 0.0745
epoch 694
train_loss: 0.0513
test_loss: 0.0745
epoch 695
train_loss: 0.0512
test_loss: 0.0745
epoch 696
train_loss: 0.0512
test_loss: 0.0745
epoch 697
train_loss: 0.0512
test_loss: 0.0745
epoch 698
train_loss: 0.0512
test_loss: 0.0745
epoch 699
train_loss: 0.0512
test_loss: 0.0745
epoch 700
train_loss: 0.0512
test_loss: 0.0745
epoch 701
train_loss: 0.0512
test_loss: 0.0745
epoch 702
train_loss: 0.0511
test_loss: 0.0744
epoch 703
train_loss: 0.0511
test_loss: 0.0744
epoch 704
train_loss: 0.0511
test_loss: 0.0744
epoch 705
train_loss: 0.0511
test_loss: 0.0744
epoch 706
train_loss: 0.0511
test_loss: 0.0744
epoch 707
train_loss: 0.0511
test_loss: 0.0744
epoch 708
train_loss: 0.0511
test_loss: 0.0744
epoch 709
train_loss: 0.0511
test_loss: 0.0744
epoch 710
train_loss: 0.0510
test_loss: 0.0744
epoch 711
train_loss: 0.0510
test_loss: 0.0744
epoch 712
train_loss: 0.0510
test_loss: 0.0743
epoch 713
train_loss: 0.0510
test_loss: 0.0743
epoch 714
train_loss: 0.0510
test_loss: 0.0743
epoch 715
train_loss: 0.0510
test_loss: 0.0743
epoch 716
train_loss: 0.0510
test_loss: 0.0743
epoch 717
train_loss: 0.0509
test_loss: 0.0743
epoch 718
train_loss: 0.0509
test_loss: 0.0743
epoch 719
train_loss: 0.0509
test_loss: 0.0743
epoch 720
train_loss: 0.0509
test_loss: 0.0743
epoch 721
train_loss: 0.0509
test_loss: 0.0743
epoch 722
train_loss: 0.0509
test_loss: 0.0743
epoch 723
train_loss: 0.0509
test_loss: 0.0742
epoch 724
train_loss: 0.0509
test_loss: 0.0742
epoch 725
train_loss: 0.0508
test_loss: 0.0743
epoch 726
train_loss: 0.0508
test_loss: 0.0742
epoch 727
train_loss: 0.0508
test_loss: 0.0742
epoch 728
train_loss: 0.0508
test_loss: 0.0742
epoch 729
train_loss: 0.0508
test_loss: 0.0742
epoch 730
train_loss: 0.0508
test_loss: 0.0742
epoch 731
train_loss: 0.0508
test_loss: 0.0742
epoch 732
train_loss: 0.0508
test_loss: 0.0742
epoch 733
train_loss: 0.0507
test_loss: 0.0742
epoch 734
train_loss: 0.0507
test_loss: 0.0742
epoch 735
train_loss: 0.0507
test_loss: 0.0742
epoch 736
train_loss: 0.0507
test_loss: 0.0742
epoch 737
train_loss: 0.0507
test_loss: 0.0741
epoch 738
train_loss: 0.0507
test_loss: 0.0741
epoch 739
train_loss: 0.0507
test_loss: 0.0741
epoch 740
train_loss: 0.0507
test_loss: 0.0741
epoch 741
train_loss: 0.0506
test_loss: 0.0741
epoch 742
train_loss: 0.0506
test_loss: 0.0741
epoch 743
train_loss: 0.0506
test_loss: 0.0741
epoch 744
train_loss: 0.0506
test_loss: 0.0741
epoch 745
train_loss: 0.0506
test_loss: 0.0741
epoch 746
train_loss: 0.0506
test_loss: 0.0741
epoch 747
train_loss: 0.0506
test_loss: 0.0740
epoch 748
train_loss: 0.0505
test_loss: 0.0740
epoch 749
train_loss: 0.0505
test_loss: 0.0740
epoch 750
train_loss: 0.0505
test_loss: 0.0740
epoch 751
train_loss: 0.0505
test_loss: 0.0740
epoch 752
train_loss: 0.0505
test_loss: 0.0740
epoch 753
train_loss: 0.0505
test_loss: 0.0740
epoch 754
train_loss: 0.0505
test_loss: 0.0740
epoch 755
train_loss: 0.0505
test_loss: 0.0740
epoch 756
train_loss: 0.0504
test_loss: 0.0740
epoch 757
train_loss: 0.0504
test_loss: 0.0739
epoch 758
train_loss: 0.0504
test_loss: 0.0739
epoch 759
train_loss: 0.0504
test_loss: 0.0739
epoch 760
train_loss: 0.0504
test_loss: 0.0739
epoch 761
train_loss: 0.0504
test_loss: 0.0739
epoch 762
train_loss: 0.0504
test_loss: 0.0739
epoch 763
train_loss: 0.0504
test_loss: 0.0739
epoch 764
train_loss: 0.0503
test_loss: 0.0739
epoch 765
train_loss: 0.0503
test_loss: 0.0739
epoch 766
train_loss: 0.0503
test_loss: 0.0738
epoch 767
train_loss: 0.0503
test_loss: 0.0738
epoch 768
train_loss: 0.0503
test_loss: 0.0738
epoch 769
train_loss: 0.0503
test_loss: 0.0738
epoch 770
train_loss: 0.0503
test_loss: 0.0738
epoch 771
train_loss: 0.0503
test_loss: 0.0737
epoch 772
train_loss: 0.0502
test_loss: 0.0737
epoch 773
train_loss: 0.0502
test_loss: 0.0737
epoch 774
train_loss: 0.0502
test_loss: 0.0737
epoch 775
train_loss: 0.0502
test_loss: 0.0737
epoch 776
train_loss: 0.0502
test_loss: 0.0737
epoch 777
train_loss: 0.0502
test_loss: 0.0737
epoch 778
train_loss: 0.0502
test_loss: 0.0737
epoch 779
train_loss: 0.0502
test_loss: 0.0736
epoch 780
train_loss: 0.0501
test_loss: 0.0736
epoch 781
train_loss: 0.0501
test_loss: 0.0736
epoch 782
train_loss: 0.0501
test_loss: 0.0736
epoch 783
train_loss: 0.0501
test_loss: 0.0736
epoch 784
train_loss: 0.0501
test_loss: 0.0736
epoch 785
train_loss: 0.0501
test_loss: 0.0736
epoch 786
train_loss: 0.0501
test_loss: 0.0736
epoch 787
train_loss: 0.0501
test_loss: 0.0735
epoch 788
train_loss: 0.0501
test_loss: 0.0735
epoch 789
train_loss: 0.0500
test_loss: 0.0735
epoch 790
train_loss: 0.0500
test_loss: 0.0735
epoch 791
train_loss: 0.0500
test_loss: 0.0735
epoch 792
train_loss: 0.0500
test_loss: 0.0735
epoch 793
train_loss: 0.0500
test_loss: 0.0735
epoch 794
train_loss: 0.0500
test_loss: 0.0735
epoch 795
train_loss: 0.0500
test_loss: 0.0735
epoch 796
train_loss: 0.0500
test_loss: 0.0734
epoch 797
train_loss: 0.0499
test_loss: 0.0734
epoch 798
train_loss: 0.0499
test_loss: 0.0734
epoch 799
train_loss: 0.0499
test_loss: 0.0734
epoch 800
train_loss: 0.0499
test_loss: 0.0734
epoch 801
train_loss: 0.0499
test_loss: 0.0734
epoch 802
train_loss: 0.0499
test_loss: 0.0734
epoch 803
train_loss: 0.0499
test_loss: 0.0733
epoch 804
train_loss: 0.0499
test_loss: 0.0734
epoch 805
train_loss: 0.0498
test_loss: 0.0734
epoch 806
train_loss: 0.0498
test_loss: 0.0733
epoch 807
train_loss: 0.0498
test_loss: 0.0733
epoch 808
train_loss: 0.0498
test_loss: 0.0733
epoch 809
train_loss: 0.0498
test_loss: 0.0733
epoch 810
train_loss: 0.0498
test_loss: 0.0733
epoch 811
train_loss: 0.0498
test_loss: 0.0733
epoch 812
train_loss: 0.0498
test_loss: 0.0733
epoch 813
train_loss: 0.0497
test_loss: 0.0733
epoch 814
train_loss: 0.0497
test_loss: 0.0733
epoch 815
train_loss: 0.0497
test_loss: 0.0733
epoch 816
train_loss: 0.0497
test_loss: 0.0733
epoch 817
train_loss: 0.0497
test_loss: 0.0733
epoch 818
train_loss: 0.0497
test_loss: 0.0732
epoch 819
train_loss: 0.0497
test_loss: 0.0732
epoch 820
train_loss: 0.0497
test_loss: 0.0732
epoch 821
train_loss: 0.0496
test_loss: 0.0732
epoch 822
train_loss: 0.0496
test_loss: 0.0732
epoch 823
train_loss: 0.0496
test_loss: 0.0732
epoch 824
train_loss: 0.0496
test_loss: 0.0732
epoch 825
train_loss: 0.0496
test_loss: 0.0732
epoch 826
train_loss: 0.0496
test_loss: 0.0732
epoch 827
train_loss: 0.0496
test_loss: 0.0732
epoch 828
train_loss: 0.0496
test_loss: 0.0732
epoch 829
train_loss: 0.0495
test_loss: 0.0731
epoch 830
train_loss: 0.0495
test_loss: 0.0732
epoch 831
train_loss: 0.0495
test_loss: 0.0731
epoch 832
train_loss: 0.0495
test_loss: 0.0731
epoch 833
train_loss: 0.0495
test_loss: 0.0731
epoch 834
train_loss: 0.0495
test_loss: 0.0731
epoch 835
train_loss: 0.0495
test_loss: 0.0731
epoch 836
train_loss: 0.0495
test_loss: 0.0731
epoch 837
train_loss: 0.0494
test_loss: 0.0731
epoch 838
train_loss: 0.0494
test_loss: 0.0731
epoch 839
train_loss: 0.0494
test_loss: 0.0731
epoch 840
train_loss: 0.0494
test_loss: 0.0731
epoch 841
train_loss: 0.0494
test_loss: 0.0731
epoch 842
train_loss: 0.0494
test_loss: 0.0731
epoch 843
train_loss: 0.0494
test_loss: 0.0730
epoch 844
train_loss: 0.0493
test_loss: 0.0730
epoch 845
train_loss: 0.0493
test_loss: 0.0730
epoch 846
train_loss: 0.0493
test_loss: 0.0730
epoch 847
train_loss: 0.0493
test_loss: 0.0730
epoch 848
train_loss: 0.0493
test_loss: 0.0730
epoch 849
train_loss: 0.0493
test_loss: 0.0730
epoch 850
train_loss: 0.0493
test_loss: 0.0730
epoch 851
train_loss: 0.0493
test_loss: 0.0729
epoch 852
train_loss: 0.0492
test_loss: 0.0730
epoch 853
train_loss: 0.0492
test_loss: 0.0730
epoch 854
train_loss: 0.0492
test_loss: 0.0729
epoch 855
train_loss: 0.0492
test_loss: 0.0730
epoch 856
train_loss: 0.0492
test_loss: 0.0729
epoch 857
train_loss: 0.0492
test_loss: 0.0729
epoch 858
train_loss: 0.0492
test_loss: 0.0729
epoch 859
train_loss: 0.0492
test_loss: 0.0729
epoch 860
train_loss: 0.0491
test_loss: 0.0729
epoch 861
train_loss: 0.0491
test_loss: 0.0729
epoch 862
train_loss: 0.0491
test_loss: 0.0729
epoch 863
train_loss: 0.0491
test_loss: 0.0729
epoch 864
train_loss: 0.0491
test_loss: 0.0729
epoch 865
train_loss: 0.0491
test_loss: 0.0729
epoch 866
train_loss: 0.0491
test_loss: 0.0729
epoch 867
train_loss: 0.0491
test_loss: 0.0729
epoch 868
train_loss: 0.0491
test_loss: 0.0728
epoch 869
train_loss: 0.0490
test_loss: 0.0728
epoch 870
train_loss: 0.0490
test_loss: 0.0728
epoch 871
train_loss: 0.0490
test_loss: 0.0728
epoch 872
train_loss: 0.0490
test_loss: 0.0728
epoch 873
train_loss: 0.0490
test_loss: 0.0728
epoch 874
train_loss: 0.0490
test_loss: 0.0728
epoch 875
train_loss: 0.0490
test_loss: 0.0728
epoch 876
train_loss: 0.0490
test_loss: 0.0728
epoch 877
train_loss: 0.0490
test_loss: 0.0728
epoch 878
train_loss: 0.0489
test_loss: 0.0728
epoch 879
train_loss: 0.0489
test_loss: 0.0728
epoch 880
train_loss: 0.0489
test_loss: 0.0728
epoch 881
train_loss: 0.0489
test_loss: 0.0727
epoch 882
train_loss: 0.0489
test_loss: 0.0727
epoch 883
train_loss: 0.0489
test_loss: 0.0727
epoch 884
train_loss: 0.0489
test_loss: 0.0727
epoch 885
train_loss: 0.0489
test_loss: 0.0727
epoch 886
train_loss: 0.0489
test_loss: 0.0727
epoch 887
train_loss: 0.0488
test_loss: 0.0727
epoch 888
train_loss: 0.0488
test_loss: 0.0727
epoch 889
train_loss: 0.0488
test_loss: 0.0727
epoch 890
train_loss: 0.0488
test_loss: 0.0727
epoch 891
train_loss: 0.0488
test_loss: 0.0727
epoch 892
train_loss: 0.0488
test_loss: 0.0726
epoch 893
train_loss: 0.0488
test_loss: 0.0726
epoch 894
train_loss: 0.0488
test_loss: 0.0726
epoch 895
train_loss: 0.0488
test_loss: 0.0726
epoch 896
train_loss: 0.0487
test_loss: 0.0726
epoch 897
train_loss: 0.0487
test_loss: 0.0726
epoch 898
train_loss: 0.0487
test_loss: 0.0726
epoch 899
train_loss: 0.0487
test_loss: 0.0726
epoch 900
train_loss: 0.0487
test_loss: 0.0726
epoch 901
train_loss: 0.0487
test_loss: 0.0726
epoch 902
train_loss: 0.0487
test_loss: 0.0726
epoch 903
train_loss: 0.0487
test_loss: 0.0726
epoch 904
train_loss: 0.0487
test_loss: 0.0725
epoch 905
train_loss: 0.0487
test_loss: 0.0726
epoch 906
train_loss: 0.0487
test_loss: 0.0726
epoch 907
train_loss: 0.0486
test_loss: 0.0725
epoch 908
train_loss: 0.0486
test_loss: 0.0725
epoch 909
train_loss: 0.0486
test_loss: 0.0725
epoch 910
train_loss: 0.0486
test_loss: 0.0725
epoch 911
train_loss: 0.0486
test_loss: 0.0725
epoch 912
train_loss: 0.0486
test_loss: 0.0725
epoch 913
train_loss: 0.0486
test_loss: 0.0725
epoch 914
train_loss: 0.0486
test_loss: 0.0725
epoch 915
train_loss: 0.0486
test_loss: 0.0725
epoch 916
train_loss: 0.0485
test_loss: 0.0725
epoch 917
train_loss: 0.0485
test_loss: 0.0725
epoch 918
train_loss: 0.0485
test_loss: 0.0724
epoch 919
train_loss: 0.0485
test_loss: 0.0724
epoch 920
train_loss: 0.0485
test_loss: 0.0724
epoch 921
train_loss: 0.0485
test_loss: 0.0724
epoch 922
train_loss: 0.0485
test_loss: 0.0724
epoch 923
train_loss: 0.0485
test_loss: 0.0724
epoch 924
train_loss: 0.0485
test_loss: 0.0724
epoch 925
train_loss: 0.0485
test_loss: 0.0724
epoch 926
train_loss: 0.0485
test_loss: 0.0724
epoch 927
train_loss: 0.0484
test_loss: 0.0724
epoch 928
train_loss: 0.0484
test_loss: 0.0724
epoch 929
train_loss: 0.0484
test_loss: 0.0723
epoch 930
train_loss: 0.0484
test_loss: 0.0724
epoch 931
train_loss: 0.0484
test_loss: 0.0723
epoch 932
train_loss: 0.0484
test_loss: 0.0723
epoch 933
train_loss: 0.0484
test_loss: 0.0723
epoch 934
train_loss: 0.0484
test_loss: 0.0723
epoch 935
train_loss: 0.0484
test_loss: 0.0723
epoch 936
train_loss: 0.0484
test_loss: 0.0723
epoch 937
train_loss: 0.0484
test_loss: 0.0723
epoch 938
train_loss: 0.0483
test_loss: 0.0723
epoch 939
train_loss: 0.0483
test_loss: 0.0723
epoch 940
train_loss: 0.0483
test_loss: 0.0723
epoch 941
train_loss: 0.0483
test_loss: 0.0723
epoch 942
train_loss: 0.0483
test_loss: 0.0723
epoch 943
train_loss: 0.0483
test_loss: 0.0723
epoch 944
train_loss: 0.0483
test_loss: 0.0722
epoch 945
train_loss: 0.0483
test_loss: 0.0723
epoch 946
train_loss: 0.0483
test_loss: 0.0722
epoch 947
train_loss: 0.0483
test_loss: 0.0723
epoch 948
train_loss: 0.0483
test_loss: 0.0722
epoch 949
train_loss: 0.0482
test_loss: 0.0722
epoch 950
train_loss: 0.0482
test_loss: 0.0722
epoch 951
train_loss: 0.0482
test_loss: 0.0722
epoch 952
train_loss: 0.0482
test_loss: 0.0722
epoch 953
train_loss: 0.0482
test_loss: 0.0722
epoch 954
train_loss: 0.0482
test_loss: 0.0722
epoch 955
train_loss: 0.0482
test_loss: 0.0722
epoch 956
train_loss: 0.0482
test_loss: 0.0722
epoch 957
train_loss: 0.0482
test_loss: 0.0722
epoch 958
train_loss: 0.0482
test_loss: 0.0722
epoch 959
train_loss: 0.0482
test_loss: 0.0722
epoch 960
train_loss: 0.0482
test_loss: 0.0722
epoch 961
train_loss: 0.0481
test_loss: 0.0722
epoch 962
train_loss: 0.0481
test_loss: 0.0722
epoch 963
train_loss: 0.0481
test_loss: 0.0722
epoch 964
train_loss: 0.0481
test_loss: 0.0722
epoch 965
train_loss: 0.0481
test_loss: 0.0722
epoch 966
train_loss: 0.0481
test_loss: 0.0722
epoch 967
train_loss: 0.0481
test_loss: 0.0721
epoch 968
train_loss: 0.0481
test_loss: 0.0722
epoch 969
train_loss: 0.0481
test_loss: 0.0721
epoch 970
train_loss: 0.0481
test_loss: 0.0721
epoch 971
train_loss: 0.0481
test_loss: 0.0721
epoch 972
train_loss: 0.0481
test_loss: 0.0721
epoch 973
train_loss: 0.0480
test_loss: 0.0721
epoch 974
train_loss: 0.0480
test_loss: 0.0721
epoch 975
train_loss: 0.0480
test_loss: 0.0721
epoch 976
train_loss: 0.0480
test_loss: 0.0721
epoch 977
train_loss: 0.0480
test_loss: 0.0721
epoch 978
train_loss: 0.0480
test_loss: 0.0721
epoch 979
train_loss: 0.0480
test_loss: 0.0721
epoch 980
train_loss: 0.0480
test_loss: 0.0721
epoch 981
train_loss: 0.0480
test_loss: 0.0721
epoch 982
train_loss: 0.0480
test_loss: 0.0721
epoch 983
train_loss: 0.0479
test_loss: 0.0721
epoch 984
train_loss: 0.0479
test_loss: 0.0721
epoch 985
train_loss: 0.0479
test_loss: 0.0721
epoch 986
train_loss: 0.0479
test_loss: 0.0721
epoch 987
train_loss: 0.0479
test_loss: 0.0721
epoch 988
train_loss: 0.0479
test_loss: 0.0721
epoch 989
train_loss: 0.0479
test_loss: 0.0721
/home/xueqiong/noise_injection_uncertainty/regression/utils.py:39: FutureWarning: The 'delim_whitespace' keyword in pd.read_csv is deprecated and will be removed in a future version. Use ``sep='\s+'`` instead
  return pd.read_csv(dataset_path, engine='python', header=None, delim_whitespace=True)
8 1
6554 1638 8192
model_name dropoutFCN
using Adam as optimizer
epoch 0
train_loss: 0.9572
Module: DropoutFullyConnectedNN
  Module: ModuleList
    Module: Linear
    Module: Linear
    Module: Linear
  Module: ModuleList
    Module: Dropout
dropout设置为训练模式
    Module: Dropout
dropout设置为训练模式
    Module: Dropout
dropout设置为训练模式
  Module: ReLU
test_loss: 0.8852
epoch 1
train_loss: 0.7854
Module: DropoutFullyConnectedNN
  Module: ModuleList
    Module: Linear
    Module: Linear
    Module: Linear
  Module: ModuleList
    Module: Dropout
dropout设置为训练模式
    Module: Dropout
dropout设置为训练模式
    Module: Dropout
dropout设置为训练模式
  Module: ReLU
test_loss: 0.7012
epoch 2
train_loss: 0.6189
Module: DropoutFullyConnectedNN
  Module: ModuleList
    Module: Linear
    Module: Linear
    Module: Linear
  Module: ModuleList
    Module: Dropout
dropout设置为训练模式
    Module: Dropout
dropout设置为训练模式
    Module: Dropout
dropout设置为训练模式
  Module: ReLU
test_loss: 0.5822
epoch 3
train_loss: 0.5490
Module: DropoutFullyConnectedNN
  Module: ModuleList
    Module: Linear
    Module: Linear
    Module: Linear
  Module: ModuleList
    Module: Dropout
dropout设置为训练模式
    Module: Dropout
dropout设置为训练模式
    Module: Dropout
dropout设置为训练模式
  Module: ReLU
test_loss: 0.5421
epoch 4
train_loss: 0.5175
Module: DropoutFullyConnectedNN
  Module: ModuleList
    Module: Linear
    Module: Linear
    Module: Linear
  Module: ModuleList
    Module: Dropout
dropout设置为训练模式
    Module: Dropout
dropout设置为训练模式
    Module: Dropout
dropout设置为训练模式
  Module: ReLU
test_loss: 0.5172
epoch 5
train_loss: 0.4968
Module: DropoutFullyConnectedNN
  Module: ModuleList
    Module: Linear
    Module: Linear
    Module: Linear
  Module: ModuleList
    Module: Dropout
dropout设置为训练模式
    Module: Dropout
dropout设置为训练模式
    Module: Dropout
dropout设置为训练模式
  Module: ReLU
test_loss: 0.4960
epoch 6
train_loss: 0.4771
Module: DropoutFullyConnectedNN
  Module: ModuleList
    Module: Linear
    Module: Linear
    Module: Linear
  Module: ModuleList
    Module: Dropout
dropout设置为训练模式
    Module: Dropout
dropout设置为训练模式
    Module: Dropout
dropout设置为训练模式
  Module: ReLU
test_loss: 0.4774
epoch 7
train_loss: 0.4600
Module: DropoutFullyConnectedNN
  Module: ModuleList
    Module: Linear
    Module: Linear
    Module: Linear
  Module: ModuleList
    Module: Dropout
dropout设置为训练模式
    Module: Dropout
dropout设置为训练模式
    Module: Dropout
dropout设置为训练模式
  Module: ReLU
test_loss: 0.4604
epoch 8
train_loss: 0.4413
Module: DropoutFullyConnectedNN
  Module: ModuleList
    Module: Linear
    Module: Linear
    Module: Linear
  Module: ModuleList
    Module: Dropout
dropout设置为训练模式
    Module: Dropout
dropout设置为训练模式
    Module: Dropout
dropout设置为训练模式
  Module: ReLU
test_loss: 0.4439
epoch 9
train_loss: 0.4237
Module: DropoutFullyConnectedNN
  Module: ModuleList
    Module: Linear
    Module: Linear
    Module: Linear
  Module: ModuleList
    Module: Dropout
dropout设置为训练模式
    Module: Dropout
dropout设置为训练模式
    Module: Dropout
dropout设置为训练模式
  Module: ReLU
test_loss: 0.4285
epoch 10
train_loss: 0.4105
Module: DropoutFullyConnectedNN
  Module: ModuleList
    Module: Linear
    Module: Linear
    Module: Linear
  Module: ModuleList
    Module: Dropout
dropout设置为训练模式
    Module: Dropout
dropout设置为训练模式
    Module: Dropout
dropout设置为训练模式
  Module: ReLU
test_loss: 0.4142
epoch 11
train_loss: 0.3995
Module: DropoutFullyConnectedNN
  Module: ModuleList
    Module: Linear
    Module: Linear
    Module: Linear
  Module: ModuleList
    Module: Dropout
dropout设置为训练模式
    Module: Dropout
dropout设置为训练模式
    Module: Dropout
dropout设置为训练模式
  Module: ReLU
test_loss: 0.4005
epoch 12
train_loss: 0.3899
Module: DropoutFullyConnectedNN
  Module: ModuleList
    Module: Linear
    Module: Linear
    Module: Linear
  Module: ModuleList
    Module: Dropout
dropout设置为训练模式
    Module: Dropout
dropout设置为训练模式
    Module: Dropout
dropout设置为训练模式
  Module: ReLU
test_loss: 0.3874
epoch 13
train_loss: 0.3709
Module: DropoutFullyConnectedNN
  Module: ModuleList
    Module: Linear
    Module: Linear
    Module: Linear
  Module: ModuleList
    Module: Dropout
dropout设置为训练模式
    Module: Dropout
dropout设置为训练模式
    Module: Dropout
dropout设置为训练模式
  Module: ReLU
test_loss: 0.3729
epoch 14
train_loss: 0.3634
Module: DropoutFullyConnectedNN
  Module: ModuleList
    Module: Linear
    Module: Linear
    Module: Linear
  Module: ModuleList
    Module: Dropout
dropout设置为训练模式
    Module: Dropout
dropout设置为训练模式
    Module: Dropout
dropout设置为训练模式
  Module: ReLU
test_loss: 0.3592
epoch 15
train_loss: 0.3485
Module: DropoutFullyConnectedNN
  Module: ModuleList
    Module: Linear
    Module: Linear
    Module: Linear
  Module: ModuleList
    Module: Dropout
dropout设置为训练模式
    Module: Dropout
dropout设置为训练模式
    Module: Dropout
dropout设置为训练模式
  Module: ReLU
test_loss: 0.3462
epoch 16
train_loss: 0.3366
Module: DropoutFullyConnectedNN
  Module: ModuleList
    Module: Linear
    Module: Linear
    Module: Linear
  Module: ModuleList
    Module: Dropout
dropout设置为训练模式
    Module: Dropout
dropout设置为训练模式
    Module: Dropout
dropout设置为训练模式
  Module: ReLU
test_loss: 0.3340
epoch 17
train_loss: 0.3258
Module: DropoutFullyConnectedNN
  Module: ModuleList
    Module: Linear
    Module: Linear
    Module: Linear
  Module: ModuleList
    Module: Dropout
dropout设置为训练模式
    Module: Dropout
dropout设置为训练模式
    Module: Dropout
dropout设置为训练模式
  Module: ReLU
test_loss: 0.3224
epoch 18
train_loss: 0.3154
Module: DropoutFullyConnectedNN
  Module: ModuleList
    Module: Linear
    Module: Linear
    Module: Linear
  Module: ModuleList
    Module: Dropout
dropout设置为训练模式
    Module: Dropout
dropout设置为训练模式
    Module: Dropout
dropout设置为训练模式
  Module: ReLU
test_loss: 0.3119
epoch 19
train_loss: 0.3008
Module: DropoutFullyConnectedNN
  Module: ModuleList
    Module: Linear
    Module: Linear
    Module: Linear
  Module: ModuleList
    Module: Dropout
dropout设置为训练模式
    Module: Dropout
dropout设置为训练模式
    Module: Dropout
dropout设置为训练模式
  Module: ReLU
test_loss: 0.3012
epoch 20
train_loss: 0.2936
Module: DropoutFullyConnectedNN
  Module: ModuleList
    Module: Linear
    Module: Linear
    Module: Linear
  Module: ModuleList
    Module: Dropout
dropout设置为训练模式
    Module: Dropout
dropout设置为训练模式
    Module: Dropout
dropout设置为训练模式
  Module: ReLU
test_loss: 0.2916
epoch 21
train_loss: 0.2877
Module: DropoutFullyConnectedNN
  Module: ModuleList
    Module: Linear
    Module: Linear
    Module: Linear
  Module: ModuleList
    Module: Dropout
dropout设置为训练模式
    Module: Dropout
dropout设置为训练模式
    Module: Dropout
dropout设置为训练模式
  Module: ReLU
test_loss: 0.2828
epoch 22
train_loss: 0.2767
Module: DropoutFullyConnectedNN
  Module: ModuleList
    Module: Linear
    Module: Linear
    Module: Linear
  Module: ModuleList
    Module: Dropout
dropout设置为训练模式
    Module: Dropout
dropout设置为训练模式
    Module: Dropout
dropout设置为训练模式
  Module: ReLU
test_loss: 0.2725
epoch 23
train_loss: 0.2699
Module: DropoutFullyConnectedNN
  Module: ModuleList
    Module: Linear
    Module: Linear
    Module: Linear
  Module: ModuleList
    Module: Dropout
dropout设置为训练模式
    Module: Dropout
dropout设置为训练模式
    Module: Dropout
dropout设置为训练模式
  Module: ReLU
test_loss: 0.2655
epoch 24
train_loss: 0.2645
Module: DropoutFullyConnectedNN
  Module: ModuleList
    Module: Linear
    Module: Linear
    Module: Linear
  Module: ModuleList
    Module: Dropout
dropout设置为训练模式
    Module: Dropout
dropout设置为训练模式
    Module: Dropout
dropout设置为训练模式
  Module: ReLU
test_loss: 0.2575
epoch 25
train_loss: 0.2595
Module: DropoutFullyConnectedNN
  Module: ModuleList
    Module: Linear
    Module: Linear
    Module: Linear
  Module: ModuleList
    Module: Dropout
dropout设置为训练模式
    Module: Dropout
dropout设置为训练模式
    Module: Dropout
dropout设置为训练模式
  Module: ReLU
test_loss: 0.2510
epoch 26
train_loss: 0.2581
Module: DropoutFullyConnectedNN
  Module: ModuleList
    Module: Linear
    Module: Linear
    Module: Linear
  Module: ModuleList
    Module: Dropout
dropout设置为训练模式
    Module: Dropout
dropout设置为训练模式
    Module: Dropout
dropout设置为训练模式
  Module: ReLU
test_loss: 0.2441
epoch 27
train_loss: 0.2483
Module: DropoutFullyConnectedNN
  Module: ModuleList
    Module: Linear
    Module: Linear
    Module: Linear
  Module: ModuleList
    Module: Dropout
dropout设置为训练模式
    Module: Dropout
dropout设置为训练模式
    Module: Dropout
dropout设置为训练模式
  Module: ReLU
test_loss: 0.2374
epoch 28
train_loss: 0.2369
Module: DropoutFullyConnectedNN
  Module: ModuleList
    Module: Linear
    Module: Linear
    Module: Linear
  Module: ModuleList
    Module: Dropout
dropout设置为训练模式
    Module: Dropout
dropout设置为训练模式
    Module: Dropout
dropout设置为训练模式
  Module: ReLU
test_loss: 0.2312
epoch 29
train_loss: 0.2360
Module: DropoutFullyConnectedNN
  Module: ModuleList
    Module: Linear
    Module: Linear
    Module: Linear
  Module: ModuleList
    Module: Dropout
dropout设置为训练模式
    Module: Dropout
dropout设置为训练模式
    Module: Dropout
dropout设置为训练模式
  Module: ReLU
test_loss: 0.2251
epoch 30
train_loss: 0.2304
Module: DropoutFullyConnectedNN
  Module: ModuleList
    Module: Linear
    Module: Linear
    Module: Linear
  Module: ModuleList
    Module: Dropout
dropout设置为训练模式
    Module: Dropout
dropout设置为训练模式
    Module: Dropout
dropout设置为训练模式
  Module: ReLU
test_loss: 0.2205
epoch 31
train_loss: 0.2285
Module: DropoutFullyConnectedNN
  Module: ModuleList
    Module: Linear
    Module: Linear
    Module: Linear
  Module: ModuleList
    Module: Dropout
dropout设置为训练模式
    Module: Dropout
dropout设置为训练模式
    Module: Dropout
dropout设置为训练模式
  Module: ReLU
test_loss: 0.2149
epoch 32
train_loss: 0.2201
Module: DropoutFullyConnectedNN
  Module: ModuleList
    Module: Linear
    Module: Linear
    Module: Linear
  Module: ModuleList
    Module: Dropout
dropout设置为训练模式
    Module: Dropout
dropout设置为训练模式
    Module: Dropout
dropout设置为训练模式
  Module: ReLU
test_loss: 0.2094
epoch 33
train_loss: 0.2208
Module: DropoutFullyConnectedNN
  Module: ModuleList
    Module: Linear
    Module: Linear
    Module: Linear
  Module: ModuleList
    Module: Dropout
dropout设置为训练模式
    Module: Dropout
dropout设置为训练模式
    Module: Dropout
dropout设置为训练模式
  Module: ReLU
test_loss: 0.2056
epoch 34
train_loss: 0.2136
Module: DropoutFullyConnectedNN
  Module: ModuleList
    Module: Linear
    Module: Linear
    Module: Linear
  Module: ModuleList
    Module: Dropout
dropout设置为训练模式
    Module: Dropout
dropout设置为训练模式
    Module: Dropout
dropout设置为训练模式
  Module: ReLU
test_loss: 0.2022
epoch 35
train_loss: 0.2108
Module: DropoutFullyConnectedNN
  Module: ModuleList
    Module: Linear
    Module: Linear
    Module: Linear
  Module: ModuleList
    Module: Dropout
dropout设置为训练模式
    Module: Dropout
dropout设置为训练模式
    Module: Dropout
dropout设置为训练模式
  Module: ReLU
test_loss: 0.1978
epoch 36
train_loss: 0.2109
Module: DropoutFullyConnectedNN
  Module: ModuleList
    Module: Linear
    Module: Linear
    Module: Linear
  Module: ModuleList
    Module: Dropout
dropout设置为训练模式
    Module: Dropout
dropout设置为训练模式
    Module: Dropout
dropout设置为训练模式
  Module: ReLU
test_loss: 0.1940
epoch 37
train_loss: 0.2046
Module: DropoutFullyConnectedNN
  Module: ModuleList
    Module: Linear
    Module: Linear
    Module: Linear
  Module: ModuleList
    Module: Dropout
dropout设置为训练模式
    Module: Dropout
dropout设置为训练模式
    Module: Dropout
dropout设置为训练模式
  Module: ReLU
test_loss: 0.1908
epoch 38
train_loss: 0.2065
Module: DropoutFullyConnectedNN
  Module: ModuleList
    Module: Linear
    Module: Linear
    Module: Linear
  Module: ModuleList
    Module: Dropout
dropout设置为训练模式
    Module: Dropout
dropout设置为训练模式
    Module: Dropout
dropout设置为训练模式
  Module: ReLU
test_loss: 0.1875
epoch 39
train_loss: 0.2020
Module: DropoutFullyConnectedNN
  Module: ModuleList
    Module: Linear
    Module: Linear
    Module: Linear
  Module: ModuleList
    Module: Dropout
dropout设置为训练模式
    Module: Dropout
dropout设置为训练模式
    Module: Dropout
dropout设置为训练模式
  Module: ReLU
test_loss: 0.1845
epoch 40
train_loss: 0.1979
Module: DropoutFullyConnectedNN
  Module: ModuleList
    Module: Linear
    Module: Linear
    Module: Linear
  Module: ModuleList
    Module: Dropout
dropout设置为训练模式
    Module: Dropout
dropout设置为训练模式
    Module: Dropout
dropout设置为训练模式
  Module: ReLU
test_loss: 0.1818
epoch 41
train_loss: 0.1970
Module: DropoutFullyConnectedNN
  Module: ModuleList
    Module: Linear
    Module: Linear
    Module: Linear
  Module: ModuleList
    Module: Dropout
dropout设置为训练模式
    Module: Dropout
dropout设置为训练模式
    Module: Dropout
dropout设置为训练模式
  Module: ReLU
test_loss: 0.1783
epoch 42
train_loss: 0.1950
Module: DropoutFullyConnectedNN
  Module: ModuleList
    Module: Linear
    Module: Linear
    Module: Linear
  Module: ModuleList
    Module: Dropout
dropout设置为训练模式
    Module: Dropout
dropout设置为训练模式
    Module: Dropout
dropout设置为训练模式
  Module: ReLU
test_loss: 0.1760
epoch 43
train_loss: 0.1923
Module: DropoutFullyConnectedNN
  Module: ModuleList
    Module: Linear
    Module: Linear
    Module: Linear
  Module: ModuleList
    Module: Dropout
dropout设置为训练模式
    Module: Dropout
dropout设置为训练模式
    Module: Dropout
dropout设置为训练模式
  Module: ReLU
test_loss: 0.1737
epoch 44
train_loss: 0.1884
Module: DropoutFullyConnectedNN
  Module: ModuleList
    Module: Linear
    Module: Linear
    Module: Linear
  Module: ModuleList
    Module: Dropout
dropout设置为训练模式
    Module: Dropout
dropout设置为训练模式
    Module: Dropout
dropout设置为训练模式
  Module: ReLU
test_loss: 0.1708
epoch 45
train_loss: 0.1878
Module: DropoutFullyConnectedNN
  Module: ModuleList
    Module: Linear
    Module: Linear
    Module: Linear
  Module: ModuleList
    Module: Dropout
dropout设置为训练模式
    Module: Dropout
dropout设置为训练模式
    Module: Dropout
dropout设置为训练模式
  Module: ReLU
test_loss: 0.1685
epoch 46
train_loss: 0.1866
Module: DropoutFullyConnectedNN
  Module: ModuleList
    Module: Linear
    Module: Linear
    Module: Linear
  Module: ModuleList
    Module: Dropout
dropout设置为训练模式
    Module: Dropout
dropout设置为训练模式
    Module: Dropout
dropout设置为训练模式
  Module: ReLU
test_loss: 0.1658
epoch 47
train_loss: 0.1798
Module: DropoutFullyConnectedNN
  Module: ModuleList
    Module: Linear
    Module: Linear
    Module: Linear
  Module: ModuleList
    Module: Dropout
dropout设置为训练模式
    Module: Dropout
dropout设置为训练模式
    Module: Dropout
dropout设置为训练模式
  Module: ReLU
test_loss: 0.1636
epoch 48
train_loss: 0.1840
Module: DropoutFullyConnectedNN
  Module: ModuleList
    Module: Linear
    Module: Linear
    Module: Linear
  Module: ModuleList
    Module: Dropout
dropout设置为训练模式
    Module: Dropout
dropout设置为训练模式
    Module: Dropout
dropout设置为训练模式
  Module: ReLU
test_loss: 0.1616
epoch 49
train_loss: 0.1769
Module: DropoutFullyConnectedNN
  Module: ModuleList
    Module: Linear
    Module: Linear
    Module: Linear
  Module: ModuleList
    Module: Dropout
dropout设置为训练模式
    Module: Dropout
dropout设置为训练模式
    Module: Dropout
dropout设置为训练模式
  Module: ReLU
test_loss: 0.1598
epoch 50
train_loss: 0.1822
Module: DropoutFullyConnectedNN
  Module: ModuleList
    Module: Linear
    Module: Linear
    Module: Linear
  Module: ModuleList
    Module: Dropout
dropout设置为训练模式
    Module: Dropout
dropout设置为训练模式
    Module: Dropout
dropout设置为训练模式
  Module: ReLU
test_loss: 0.1579
epoch 51
train_loss: 0.1726
Module: DropoutFullyConnectedNN
  Module: ModuleList
    Module: Linear
    Module: Linear
    Module: Linear
  Module: ModuleList
    Module: Dropout
dropout设置为训练模式
    Module: Dropout
dropout设置为训练模式
    Module: Dropout
dropout设置为训练模式
  Module: ReLU
test_loss: 0.1558
epoch 52
train_loss: 0.1710
Module: DropoutFullyConnectedNN
  Module: ModuleList
    Module: Linear
    Module: Linear
    Module: Linear
  Module: ModuleList
    Module: Dropout
dropout设置为训练模式
    Module: Dropout
dropout设置为训练模式
    Module: Dropout
dropout设置为训练模式
  Module: ReLU
test_loss: 0.1546
epoch 53
train_loss: 0.1709
Module: DropoutFullyConnectedNN
  Module: ModuleList
    Module: Linear
    Module: Linear
    Module: Linear
  Module: ModuleList
    Module: Dropout
dropout设置为训练模式
    Module: Dropout
dropout设置为训练模式
    Module: Dropout
dropout设置为训练模式
  Module: ReLU
test_loss: 0.1524
epoch 54
train_loss: 0.1752
Module: DropoutFullyConnectedNN
  Module: ModuleList
    Module: Linear
    Module: Linear
    Module: Linear
  Module: ModuleList
    Module: Dropout
dropout设置为训练模式
    Module: Dropout
dropout设置为训练模式
    Module: Dropout
dropout设置为训练模式
  Module: ReLU
test_loss: 0.1506
epoch 55
train_loss: 0.1694
Module: DropoutFullyConnectedNN
  Module: ModuleList
    Module: Linear
    Module: Linear
    Module: Linear
  Module: ModuleList
    Module: Dropout
dropout设置为训练模式
    Module: Dropout
dropout设置为训练模式
    Module: Dropout
dropout设置为训练模式
  Module: ReLU
test_loss: 0.1493
epoch 56
train_loss: 0.1658
Module: DropoutFullyConnectedNN
  Module: ModuleList
    Module: Linear
    Module: Linear
    Module: Linear
  Module: ModuleList
    Module: Dropout
dropout设置为训练模式
    Module: Dropout
dropout设置为训练模式
    Module: Dropout
dropout设置为训练模式
  Module: ReLU
test_loss: 0.1484
epoch 57
train_loss: 0.1682
Module: DropoutFullyConnectedNN
  Module: ModuleList
    Module: Linear
    Module: Linear
    Module: Linear
  Module: ModuleList
    Module: Dropout
dropout设置为训练模式
    Module: Dropout
dropout设置为训练模式
    Module: Dropout
dropout设置为训练模式
  Module: ReLU
test_loss: 0.1464
epoch 58
train_loss: 0.1617
Module: DropoutFullyConnectedNN
  Module: ModuleList
    Module: Linear
    Module: Linear
    Module: Linear
  Module: ModuleList
    Module: Dropout
dropout设置为训练模式
    Module: Dropout
dropout设置为训练模式
    Module: Dropout
dropout设置为训练模式
  Module: ReLU
test_loss: 0.1449
epoch 59
train_loss: 0.1622
Module: DropoutFullyConnectedNN
  Module: ModuleList
    Module: Linear
    Module: Linear
    Module: Linear
  Module: ModuleList
    Module: Dropout
dropout设置为训练模式
    Module: Dropout
dropout设置为训练模式
    Module: Dropout
dropout设置为训练模式
  Module: ReLU
test_loss: 0.1442
epoch 60
train_loss: 0.1655
Module: DropoutFullyConnectedNN
  Module: ModuleList
    Module: Linear
    Module: Linear
    Module: Linear
  Module: ModuleList
    Module: Dropout
dropout设置为训练模式
    Module: Dropout
dropout设置为训练模式
    Module: Dropout
dropout设置为训练模式
  Module: ReLU
test_loss: 0.1428
epoch 61
train_loss: 0.1632
Module: DropoutFullyConnectedNN
  Module: ModuleList
    Module: Linear
    Module: Linear
    Module: Linear
  Module: ModuleList
    Module: Dropout
dropout设置为训练模式
    Module: Dropout
dropout设置为训练模式
    Module: Dropout
dropout设置为训练模式
  Module: ReLU
test_loss: 0.1433
epoch 62
train_loss: 0.1597
Module: DropoutFullyConnectedNN
  Module: ModuleList
    Module: Linear
    Module: Linear
    Module: Linear
  Module: ModuleList
    Module: Dropout
dropout设置为训练模式
    Module: Dropout
dropout设置为训练模式
    Module: Dropout
dropout设置为训练模式
  Module: ReLU
test_loss: 0.1404
epoch 63
train_loss: 0.1586
Module: DropoutFullyConnectedNN
  Module: ModuleList
    Module: Linear
    Module: Linear
    Module: Linear
  Module: ModuleList
    Module: Dropout
dropout设置为训练模式
    Module: Dropout
dropout设置为训练模式
    Module: Dropout
dropout设置为训练模式
  Module: ReLU
test_loss: 0.1395
epoch 64
train_loss: 0.1590
Module: DropoutFullyConnectedNN
  Module: ModuleList
    Module: Linear
    Module: Linear
    Module: Linear
  Module: ModuleList
    Module: Dropout
dropout设置为训练模式
    Module: Dropout
dropout设置为训练模式
    Module: Dropout
dropout设置为训练模式
  Module: ReLU
test_loss: 0.1387
epoch 65
train_loss: 0.1579
Module: DropoutFullyConnectedNN
  Module: ModuleList
    Module: Linear
    Module: Linear
    Module: Linear
  Module: ModuleList
    Module: Dropout
dropout设置为训练模式
    Module: Dropout
dropout设置为训练模式
    Module: Dropout
dropout设置为训练模式
  Module: ReLU
test_loss: 0.1368
epoch 66
train_loss: 0.1585
Module: DropoutFullyConnectedNN
  Module: ModuleList
    Module: Linear
    Module: Linear
    Module: Linear
  Module: ModuleList
    Module: Dropout
dropout设置为训练模式
    Module: Dropout
dropout设置为训练模式
    Module: Dropout
dropout设置为训练模式
  Module: ReLU
test_loss: 0.1361
epoch 67
train_loss: 0.1585
Module: DropoutFullyConnectedNN
  Module: ModuleList
    Module: Linear
    Module: Linear
    Module: Linear
  Module: ModuleList
    Module: Dropout
dropout设置为训练模式
    Module: Dropout
dropout设置为训练模式
    Module: Dropout
dropout设置为训练模式
  Module: ReLU
test_loss: 0.1355
epoch 68
train_loss: 0.1539
Module: DropoutFullyConnectedNN
  Module: ModuleList
    Module: Linear
    Module: Linear
    Module: Linear
  Module: ModuleList
    Module: Dropout
dropout设置为训练模式
    Module: Dropout
dropout设置为训练模式
    Module: Dropout
dropout设置为训练模式
  Module: ReLU
test_loss: 0.1339
epoch 69
train_loss: 0.1537
Module: DropoutFullyConnectedNN
  Module: ModuleList
    Module: Linear
    Module: Linear
    Module: Linear
  Module: ModuleList
    Module: Dropout
dropout设置为训练模式
    Module: Dropout
dropout设置为训练模式
    Module: Dropout
dropout设置为训练模式
  Module: ReLU
test_loss: 0.1327
epoch 70
train_loss: 0.1541
Module: DropoutFullyConnectedNN
  Module: ModuleList
    Module: Linear
    Module: Linear
    Module: Linear
  Module: ModuleList
    Module: Dropout
dropout设置为训练模式
    Module: Dropout
dropout设置为训练模式
    Module: Dropout
dropout设置为训练模式
  Module: ReLU
test_loss: 0.1326
epoch 71
train_loss: 0.1504
Module: DropoutFullyConnectedNN
  Module: ModuleList
    Module: Linear
    Module: Linear
    Module: Linear
  Module: ModuleList
    Module: Dropout
dropout设置为训练模式
    Module: Dropout
dropout设置为训练模式
    Module: Dropout
dropout设置为训练模式
  Module: ReLU
test_loss: 0.1310
epoch 72
train_loss: 0.1490
Module: DropoutFullyConnectedNN
  Module: ModuleList
    Module: Linear
    Module: Linear
    Module: Linear
  Module: ModuleList
    Module: Dropout
dropout设置为训练模式
    Module: Dropout
dropout设置为训练模式
    Module: Dropout
dropout设置为训练模式
  Module: ReLU
test_loss: 0.1304
epoch 73
train_loss: 0.1507
Module: DropoutFullyConnectedNN
  Module: ModuleList
    Module: Linear
    Module: Linear
    Module: Linear
  Module: ModuleList
    Module: Dropout
dropout设置为训练模式
    Module: Dropout
dropout设置为训练模式
    Module: Dropout
dropout设置为训练模式
  Module: ReLU
test_loss: 0.1291
epoch 74
train_loss: 0.1562
Module: DropoutFullyConnectedNN
  Module: ModuleList
    Module: Linear
    Module: Linear
    Module: Linear
  Module: ModuleList
    Module: Dropout
dropout设置为训练模式
    Module: Dropout
dropout设置为训练模式
    Module: Dropout
dropout设置为训练模式
  Module: ReLU
test_loss: 0.1288
epoch 75
train_loss: 0.1485
Module: DropoutFullyConnectedNN
  Module: ModuleList
    Module: Linear
    Module: Linear
    Module: Linear
  Module: ModuleList
    Module: Dropout
dropout设置为训练模式
    Module: Dropout
dropout设置为训练模式
    Module: Dropout
dropout设置为训练模式
  Module: ReLU
test_loss: 0.1284
epoch 76
train_loss: 0.1472
Module: DropoutFullyConnectedNN
  Module: ModuleList
    Module: Linear
    Module: Linear
    Module: Linear
  Module: ModuleList
    Module: Dropout
dropout设置为训练模式
    Module: Dropout
dropout设置为训练模式
    Module: Dropout
dropout设置为训练模式
  Module: ReLU
test_loss: 0.1265
epoch 77
train_loss: 0.1505
Module: DropoutFullyConnectedNN
  Module: ModuleList
    Module: Linear
    Module: Linear
    Module: Linear
  Module: ModuleList
    Module: Dropout
dropout设置为训练模式
    Module: Dropout
dropout设置为训练模式
    Module: Dropout
dropout设置为训练模式
  Module: ReLU
test_loss: 0.1264
epoch 78
train_loss: 0.1452
Module: DropoutFullyConnectedNN
  Module: ModuleList
    Module: Linear
    Module: Linear
    Module: Linear
  Module: ModuleList
    Module: Dropout
dropout设置为训练模式
    Module: Dropout
dropout设置为训练模式
    Module: Dropout
dropout设置为训练模式
  Module: ReLU
test_loss: 0.1258
epoch 79
train_loss: 0.1474
Module: DropoutFullyConnectedNN
  Module: ModuleList
    Module: Linear
    Module: Linear
    Module: Linear
  Module: ModuleList
    Module: Dropout
dropout设置为训练模式
    Module: Dropout
dropout设置为训练模式
    Module: Dropout
dropout设置为训练模式
  Module: ReLU
test_loss: 0.1244
epoch 80
train_loss: 0.1476
Module: DropoutFullyConnectedNN
  Module: ModuleList
    Module: Linear
    Module: Linear
    Module: Linear
  Module: ModuleList
    Module: Dropout
dropout设置为训练模式
    Module: Dropout
dropout设置为训练模式
    Module: Dropout
dropout设置为训练模式
  Module: ReLU
test_loss: 0.1251
epoch 81
train_loss: 0.1399
Module: DropoutFullyConnectedNN
  Module: ModuleList
    Module: Linear
    Module: Linear
    Module: Linear
  Module: ModuleList
    Module: Dropout
dropout设置为训练模式
    Module: Dropout
dropout设置为训练模式
    Module: Dropout
dropout设置为训练模式
  Module: ReLU
test_loss: 0.1236
epoch 82
train_loss: 0.1412
Module: DropoutFullyConnectedNN
  Module: ModuleList
    Module: Linear
    Module: Linear
    Module: Linear
  Module: ModuleList
    Module: Dropout
dropout设置为训练模式
    Module: Dropout
dropout设置为训练模式
    Module: Dropout
dropout设置为训练模式
  Module: ReLU
test_loss: 0.1226
epoch 83
train_loss: 0.1409
Module: DropoutFullyConnectedNN
  Module: ModuleList
    Module: Linear
    Module: Linear
    Module: Linear
  Module: ModuleList
    Module: Dropout
dropout设置为训练模式
    Module: Dropout
dropout设置为训练模式
    Module: Dropout
dropout设置为训练模式
  Module: ReLU
test_loss: 0.1221
epoch 84
train_loss: 0.1427
Module: DropoutFullyConnectedNN
  Module: ModuleList
    Module: Linear
    Module: Linear
    Module: Linear
  Module: ModuleList
    Module: Dropout
dropout设置为训练模式
    Module: Dropout
dropout设置为训练模式
    Module: Dropout
dropout设置为训练模式
  Module: ReLU
test_loss: 0.1214
epoch 85
train_loss: 0.1432
Module: DropoutFullyConnectedNN
  Module: ModuleList
    Module: Linear
    Module: Linear
    Module: Linear
  Module: ModuleList
    Module: Dropout
dropout设置为训练模式
    Module: Dropout
dropout设置为训练模式
    Module: Dropout
dropout设置为训练模式
  Module: ReLU
test_loss: 0.1206
epoch 86
train_loss: 0.1424
Module: DropoutFullyConnectedNN
  Module: ModuleList
    Module: Linear
    Module: Linear
    Module: Linear
  Module: ModuleList
    Module: Dropout
dropout设置为训练模式
    Module: Dropout
dropout设置为训练模式
    Module: Dropout
dropout设置为训练模式
  Module: ReLU
test_loss: 0.1202
epoch 87
train_loss: 0.1423
Module: DropoutFullyConnectedNN
  Module: ModuleList
    Module: Linear
    Module: Linear
    Module: Linear
  Module: ModuleList
    Module: Dropout
dropout设置为训练模式
    Module: Dropout
dropout设置为训练模式
    Module: Dropout
dropout设置为训练模式
  Module: ReLU
test_loss: 0.1200
epoch 88
train_loss: 0.1393
Module: DropoutFullyConnectedNN
  Module: ModuleList
    Module: Linear
    Module: Linear
    Module: Linear
  Module: ModuleList
    Module: Dropout
dropout设置为训练模式
    Module: Dropout
dropout设置为训练模式
    Module: Dropout
dropout设置为训练模式
  Module: ReLU
test_loss: 0.1190
epoch 89
train_loss: 0.1381
Module: DropoutFullyConnectedNN
  Module: ModuleList
    Module: Linear
    Module: Linear
    Module: Linear
  Module: ModuleList
    Module: Dropout
dropout设置为训练模式
    Module: Dropout
dropout设置为训练模式
    Module: Dropout
dropout设置为训练模式
  Module: ReLU
test_loss: 0.1179
epoch 90
train_loss: 0.1396
Module: DropoutFullyConnectedNN
  Module: ModuleList
    Module: Linear
    Module: Linear
    Module: Linear
  Module: ModuleList
    Module: Dropout
dropout设置为训练模式
    Module: Dropout
dropout设置为训练模式
    Module: Dropout
dropout设置为训练模式
  Module: ReLU
test_loss: 0.1178
epoch 91
train_loss: 0.1370
Module: DropoutFullyConnectedNN
  Module: ModuleList
    Module: Linear
    Module: Linear
    Module: Linear
  Module: ModuleList
    Module: Dropout
dropout设置为训练模式
    Module: Dropout
dropout设置为训练模式
    Module: Dropout
dropout设置为训练模式
  Module: ReLU
test_loss: 0.1173
epoch 92
train_loss: 0.1370
Module: DropoutFullyConnectedNN
  Module: ModuleList
    Module: Linear
    Module: Linear
    Module: Linear
  Module: ModuleList
    Module: Dropout
dropout设置为训练模式
    Module: Dropout
dropout设置为训练模式
    Module: Dropout
dropout设置为训练模式
  Module: ReLU
test_loss: 0.1163
epoch 93
train_loss: 0.1354
Module: DropoutFullyConnectedNN
  Module: ModuleList
    Module: Linear
    Module: Linear
    Module: Linear
  Module: ModuleList
    Module: Dropout
dropout设置为训练模式
    Module: Dropout
dropout设置为训练模式
    Module: Dropout
dropout设置为训练模式
  Module: ReLU
test_loss: 0.1155
epoch 94
train_loss: 0.1383
Module: DropoutFullyConnectedNN
  Module: ModuleList
    Module: Linear
    Module: Linear
    Module: Linear
  Module: ModuleList
    Module: Dropout
dropout设置为训练模式
    Module: Dropout
dropout设置为训练模式
    Module: Dropout
dropout设置为训练模式
  Module: ReLU
test_loss: 0.1153
epoch 95
train_loss: 0.1387
Module: DropoutFullyConnectedNN
  Module: ModuleList
    Module: Linear
    Module: Linear
    Module: Linear
  Module: ModuleList
    Module: Dropout
dropout设置为训练模式
    Module: Dropout
dropout设置为训练模式
    Module: Dropout
dropout设置为训练模式
  Module: ReLU
test_loss: 0.1154
epoch 96
train_loss: 0.1373
Module: DropoutFullyConnectedNN
  Module: ModuleList
    Module: Linear
    Module: Linear
    Module: Linear
  Module: ModuleList
    Module: Dropout
dropout设置为训练模式
    Module: Dropout
dropout设置为训练模式
    Module: Dropout
dropout设置为训练模式
  Module: ReLU
test_loss: 0.1142
epoch 97
train_loss: 0.1364
Module: DropoutFullyConnectedNN
  Module: ModuleList
    Module: Linear
    Module: Linear
    Module: Linear
  Module: ModuleList
    Module: Dropout
dropout设置为训练模式
    Module: Dropout
dropout设置为训练模式
    Module: Dropout
dropout设置为训练模式
  Module: ReLU
test_loss: 0.1134
epoch 98
train_loss: 0.1287
Module: DropoutFullyConnectedNN
  Module: ModuleList
    Module: Linear
    Module: Linear
    Module: Linear
  Module: ModuleList
    Module: Dropout
dropout设置为训练模式
    Module: Dropout
dropout设置为训练模式
    Module: Dropout
dropout设置为训练模式
  Module: ReLU
test_loss: 0.1138
epoch 99
train_loss: 0.1319
Module: DropoutFullyConnectedNN
  Module: ModuleList
    Module: Linear
    Module: Linear
    Module: Linear
  Module: ModuleList
    Module: Dropout
dropout设置为训练模式
    Module: Dropout
dropout设置为训练模式
    Module: Dropout
dropout设置为训练模式
  Module: ReLU
test_loss: 0.1122
epoch 100
train_loss: 0.1349
Module: DropoutFullyConnectedNN
  Module: ModuleList
    Module: Linear
    Module: Linear
    Module: Linear
  Module: ModuleList
    Module: Dropout
dropout设置为训练模式
    Module: Dropout
dropout设置为训练模式
    Module: Dropout
dropout设置为训练模式
  Module: ReLU
test_loss: 0.1122
epoch 101
train_loss: 0.1318
Module: DropoutFullyConnectedNN
  Module: ModuleList
    Module: Linear
    Module: Linear
    Module: Linear
  Module: ModuleList
    Module: Dropout
dropout设置为训练模式
    Module: Dropout
dropout设置为训练模式
    Module: Dropout
dropout设置为训练模式
  Module: ReLU
test_loss: 0.1122
epoch 102
train_loss: 0.1275
Module: DropoutFullyConnectedNN
  Module: ModuleList
    Module: Linear
    Module: Linear
    Module: Linear
  Module: ModuleList
    Module: Dropout
dropout设置为训练模式
    Module: Dropout
dropout设置为训练模式
    Module: Dropout
dropout设置为训练模式
  Module: ReLU
test_loss: 0.1112
epoch 103
train_loss: 0.1276
Module: DropoutFullyConnectedNN
  Module: ModuleList
    Module: Linear
    Module: Linear
    Module: Linear
  Module: ModuleList
    Module: Dropout
dropout设置为训练模式
    Module: Dropout
dropout设置为训练模式
    Module: Dropout
dropout设置为训练模式
  Module: ReLU
test_loss: 0.1109
epoch 104
train_loss: 0.1329
Module: DropoutFullyConnectedNN
  Module: ModuleList
    Module: Linear
    Module: Linear
    Module: Linear
  Module: ModuleList
    Module: Dropout
dropout设置为训练模式
    Module: Dropout
dropout设置为训练模式
    Module: Dropout
dropout设置为训练模式
  Module: ReLU
test_loss: 0.1110
epoch 105
train_loss: 0.1309
Module: DropoutFullyConnectedNN
  Module: ModuleList
    Module: Linear
    Module: Linear
    Module: Linear
  Module: ModuleList
    Module: Dropout
dropout设置为训练模式
    Module: Dropout
dropout设置为训练模式
    Module: Dropout
dropout设置为训练模式
  Module: ReLU
test_loss: 0.1105
epoch 106
train_loss: 0.1293
Module: DropoutFullyConnectedNN
  Module: ModuleList
    Module: Linear
    Module: Linear
    Module: Linear
  Module: ModuleList
    Module: Dropout
dropout设置为训练模式
    Module: Dropout
dropout设置为训练模式
    Module: Dropout
dropout设置为训练模式
  Module: ReLU
test_loss: 0.1097
epoch 107
train_loss: 0.1312
Module: DropoutFullyConnectedNN
  Module: ModuleList
    Module: Linear
    Module: Linear
    Module: Linear
  Module: ModuleList
    Module: Dropout
dropout设置为训练模式
    Module: Dropout
dropout设置为训练模式
    Module: Dropout
dropout设置为训练模式
  Module: ReLU
test_loss: 0.1098
epoch 108
train_loss: 0.1333
Module: DropoutFullyConnectedNN
  Module: ModuleList
    Module: Linear
    Module: Linear
    Module: Linear
  Module: ModuleList
    Module: Dropout
dropout设置为训练模式
    Module: Dropout
dropout设置为训练模式
    Module: Dropout
dropout设置为训练模式
  Module: ReLU
test_loss: 0.1103
epoch 109
train_loss: 0.1268
Module: DropoutFullyConnectedNN
  Module: ModuleList
    Module: Linear
    Module: Linear
    Module: Linear
  Module: ModuleList
    Module: Dropout
dropout设置为训练模式
    Module: Dropout
dropout设置为训练模式
    Module: Dropout
dropout设置为训练模式
  Module: ReLU
test_loss: 0.1087
epoch 110
train_loss: 0.1281
Module: DropoutFullyConnectedNN
  Module: ModuleList
    Module: Linear
    Module: Linear
    Module: Linear
  Module: ModuleList
    Module: Dropout
dropout设置为训练模式
    Module: Dropout
dropout设置为训练模式
    Module: Dropout
dropout设置为训练模式
  Module: ReLU
test_loss: 0.1086
epoch 111
train_loss: 0.1276
Module: DropoutFullyConnectedNN
  Module: ModuleList
    Module: Linear
    Module: Linear
    Module: Linear
  Module: ModuleList
    Module: Dropout
dropout设置为训练模式
    Module: Dropout
dropout设置为训练模式
    Module: Dropout
dropout设置为训练模式
  Module: ReLU
test_loss: 0.1082
epoch 112
train_loss: 0.1290
Module: DropoutFullyConnectedNN
  Module: ModuleList
    Module: Linear
    Module: Linear
    Module: Linear
  Module: ModuleList
    Module: Dropout
dropout设置为训练模式
    Module: Dropout
dropout设置为训练模式
    Module: Dropout
dropout设置为训练模式
  Module: ReLU
test_loss: 0.1075
epoch 113
train_loss: 0.1270
Module: DropoutFullyConnectedNN
  Module: ModuleList
    Module: Linear
    Module: Linear
    Module: Linear
  Module: ModuleList
    Module: Dropout
dropout设置为训练模式
    Module: Dropout
dropout设置为训练模式
    Module: Dropout
dropout设置为训练模式
  Module: ReLU
test_loss: 0.1076
epoch 114
train_loss: 0.1262
Module: DropoutFullyConnectedNN
  Module: ModuleList
    Module: Linear
    Module: Linear
    Module: Linear
  Module: ModuleList
    Module: Dropout
dropout设置为训练模式
    Module: Dropout
dropout设置为训练模式
    Module: Dropout
dropout设置为训练模式
  Module: ReLU
test_loss: 0.1074
epoch 115
train_loss: 0.1260
Module: DropoutFullyConnectedNN
  Module: ModuleList
    Module: Linear
    Module: Linear
    Module: Linear
  Module: ModuleList
    Module: Dropout
dropout设置为训练模式
    Module: Dropout
dropout设置为训练模式
    Module: Dropout
dropout设置为训练模式
  Module: ReLU
test_loss: 0.1072
epoch 116
train_loss: 0.1295
Module: DropoutFullyConnectedNN
  Module: ModuleList
    Module: Linear
    Module: Linear
    Module: Linear
  Module: ModuleList
    Module: Dropout
dropout设置为训练模式
    Module: Dropout
dropout设置为训练模式
    Module: Dropout
dropout设置为训练模式
  Module: ReLU
test_loss: 0.1071
epoch 117
train_loss: 0.1256
Module: DropoutFullyConnectedNN
  Module: ModuleList
    Module: Linear
    Module: Linear
    Module: Linear
  Module: ModuleList
    Module: Dropout
dropout设置为训练模式
    Module: Dropout
dropout设置为训练模式
    Module: Dropout
dropout设置为训练模式
  Module: ReLU
test_loss: 0.1068
epoch 118
train_loss: 0.1242
Module: DropoutFullyConnectedNN
  Module: ModuleList
    Module: Linear
    Module: Linear
    Module: Linear
  Module: ModuleList
    Module: Dropout
dropout设置为训练模式
    Module: Dropout
dropout设置为训练模式
    Module: Dropout
dropout设置为训练模式
  Module: ReLU
test_loss: 0.1062
epoch 119
train_loss: 0.1207
Module: DropoutFullyConnectedNN
  Module: ModuleList
    Module: Linear
    Module: Linear
    Module: Linear
  Module: ModuleList
    Module: Dropout
dropout设置为训练模式
    Module: Dropout
dropout设置为训练模式
    Module: Dropout
dropout设置为训练模式
  Module: ReLU
test_loss: 0.1053
epoch 120
train_loss: 0.1231
Module: DropoutFullyConnectedNN
  Module: ModuleList
    Module: Linear
    Module: Linear
    Module: Linear
  Module: ModuleList
    Module: Dropout
dropout设置为训练模式
    Module: Dropout
dropout设置为训练模式
    Module: Dropout
dropout设置为训练模式
  Module: ReLU
test_loss: 0.1054
epoch 121
train_loss: 0.1227
Module: DropoutFullyConnectedNN
  Module: ModuleList
    Module: Linear
    Module: Linear
    Module: Linear
  Module: ModuleList
    Module: Dropout
dropout设置为训练模式
    Module: Dropout
dropout设置为训练模式
    Module: Dropout
dropout设置为训练模式
  Module: ReLU
test_loss: 0.1049
epoch 122
train_loss: 0.1250
Module: DropoutFullyConnectedNN
  Module: ModuleList
    Module: Linear
    Module: Linear
    Module: Linear
  Module: ModuleList
    Module: Dropout
dropout设置为训练模式
    Module: Dropout
dropout设置为训练模式
    Module: Dropout
dropout设置为训练模式
  Module: ReLU
test_loss: 0.1041
epoch 123
train_loss: 0.1259
Module: DropoutFullyConnectedNN
  Module: ModuleList
    Module: Linear
    Module: Linear
    Module: Linear
  Module: ModuleList
    Module: Dropout
dropout设置为训练模式
    Module: Dropout
dropout设置为训练模式
    Module: Dropout
dropout设置为训练模式
  Module: ReLU
test_loss: 0.1043
epoch 124
train_loss: 0.1223
Module: DropoutFullyConnectedNN
  Module: ModuleList
    Module: Linear
    Module: Linear
    Module: Linear
  Module: ModuleList
    Module: Dropout
dropout设置为训练模式
    Module: Dropout
dropout设置为训练模式
    Module: Dropout
dropout设置为训练模式
  Module: ReLU
test_loss: 0.1036
epoch 125
train_loss: 0.1255
Module: DropoutFullyConnectedNN
  Module: ModuleList
    Module: Linear
    Module: Linear
    Module: Linear
  Module: ModuleList
    Module: Dropout
dropout设置为训练模式
    Module: Dropout
dropout设置为训练模式
    Module: Dropout
dropout设置为训练模式
  Module: ReLU
test_loss: 0.1036
epoch 126
train_loss: 0.1250
Module: DropoutFullyConnectedNN
  Module: ModuleList
    Module: Linear
    Module: Linear
    Module: Linear
  Module: ModuleList
    Module: Dropout
dropout设置为训练模式
    Module: Dropout
dropout设置为训练模式
    Module: Dropout
dropout设置为训练模式
  Module: ReLU
test_loss: 0.1030
epoch 127
train_loss: 0.1216
Module: DropoutFullyConnectedNN
  Module: ModuleList
    Module: Linear
    Module: Linear
    Module: Linear
  Module: ModuleList
    Module: Dropout
dropout设置为训练模式
    Module: Dropout
dropout设置为训练模式
    Module: Dropout
dropout设置为训练模式
  Module: ReLU
test_loss: 0.1036
epoch 128
train_loss: 0.1209
Module: DropoutFullyConnectedNN
  Module: ModuleList
    Module: Linear
    Module: Linear
    Module: Linear
  Module: ModuleList
    Module: Dropout
dropout设置为训练模式
    Module: Dropout
dropout设置为训练模式
    Module: Dropout
dropout设置为训练模式
  Module: ReLU
test_loss: 0.1027
epoch 129
train_loss: 0.1180
Module: DropoutFullyConnectedNN
  Module: ModuleList
    Module: Linear
    Module: Linear
    Module: Linear
  Module: ModuleList
    Module: Dropout
dropout设置为训练模式
    Module: Dropout
dropout设置为训练模式
    Module: Dropout
dropout设置为训练模式
  Module: ReLU
test_loss: 0.1022
epoch 130
train_loss: 0.1222
Module: DropoutFullyConnectedNN
  Module: ModuleList
    Module: Linear
    Module: Linear
    Module: Linear
  Module: ModuleList
    Module: Dropout
dropout设置为训练模式
    Module: Dropout
dropout设置为训练模式
    Module: Dropout
dropout设置为训练模式
  Module: ReLU
test_loss: 0.1019
epoch 131
train_loss: 0.1211
Module: DropoutFullyConnectedNN
  Module: ModuleList
    Module: Linear
    Module: Linear
    Module: Linear
  Module: ModuleList
    Module: Dropout
dropout设置为训练模式
    Module: Dropout
dropout设置为训练模式
    Module: Dropout
dropout设置为训练模式
  Module: ReLU
test_loss: 0.1018
epoch 132
train_loss: 0.1194
Module: DropoutFullyConnectedNN
  Module: ModuleList
    Module: Linear
    Module: Linear
    Module: Linear
  Module: ModuleList
    Module: Dropout
dropout设置为训练模式
    Module: Dropout
dropout设置为训练模式
    Module: Dropout
dropout设置为训练模式
  Module: ReLU
test_loss: 0.1020
epoch 133
train_loss: 0.1172
Module: DropoutFullyConnectedNN
  Module: ModuleList
    Module: Linear
    Module: Linear
    Module: Linear
  Module: ModuleList
    Module: Dropout
dropout设置为训练模式
    Module: Dropout
dropout设置为训练模式
    Module: Dropout
dropout设置为训练模式
  Module: ReLU
test_loss: 0.1006
epoch 134
train_loss: 0.1196
Module: DropoutFullyConnectedNN
  Module: ModuleList
    Module: Linear
    Module: Linear
    Module: Linear
  Module: ModuleList
    Module: Dropout
dropout设置为训练模式
    Module: Dropout
dropout设置为训练模式
    Module: Dropout
dropout设置为训练模式
  Module: ReLU
test_loss: 0.1010
epoch 135
train_loss: 0.1150
Module: DropoutFullyConnectedNN
  Module: ModuleList
    Module: Linear
    Module: Linear
    Module: Linear
  Module: ModuleList
    Module: Dropout
dropout设置为训练模式
    Module: Dropout
dropout设置为训练模式
    Module: Dropout
dropout设置为训练模式
  Module: ReLU
test_loss: 0.1002
epoch 136
train_loss: 0.1196
Module: DropoutFullyConnectedNN
  Module: ModuleList
    Module: Linear
    Module: Linear
    Module: Linear
  Module: ModuleList
    Module: Dropout
dropout设置为训练模式
    Module: Dropout
dropout设置为训练模式
    Module: Dropout
dropout设置为训练模式
  Module: ReLU
test_loss: 0.1004
epoch 137
train_loss: 0.1186
Module: DropoutFullyConnectedNN
  Module: ModuleList
    Module: Linear
    Module: Linear
    Module: Linear
  Module: ModuleList
    Module: Dropout
dropout设置为训练模式
    Module: Dropout
dropout设置为训练模式
    Module: Dropout
dropout设置为训练模式
  Module: ReLU
test_loss: 0.0994
epoch 138
train_loss: 0.1226
Module: DropoutFullyConnectedNN
  Module: ModuleList
    Module: Linear
    Module: Linear
    Module: Linear
  Module: ModuleList
    Module: Dropout
dropout设置为训练模式
    Module: Dropout
dropout设置为训练模式
    Module: Dropout
dropout设置为训练模式
  Module: ReLU
test_loss: 0.0999
epoch 139
train_loss: 0.1176
Module: DropoutFullyConnectedNN
  Module: ModuleList
    Module: Linear
    Module: Linear
    Module: Linear
  Module: ModuleList
    Module: Dropout
dropout设置为训练模式
    Module: Dropout
dropout设置为训练模式
    Module: Dropout
dropout设置为训练模式
  Module: ReLU
test_loss: 0.0995
epoch 140
train_loss: 0.1197
Module: DropoutFullyConnectedNN
  Module: ModuleList
    Module: Linear
    Module: Linear
    Module: Linear
  Module: ModuleList
    Module: Dropout
dropout设置为训练模式
    Module: Dropout
dropout设置为训练模式
    Module: Dropout
dropout设置为训练模式
  Module: ReLU
test_loss: 0.0992
epoch 141
train_loss: 0.1194
Module: DropoutFullyConnectedNN
  Module: ModuleList
    Module: Linear
    Module: Linear
    Module: Linear
  Module: ModuleList
    Module: Dropout
dropout设置为训练模式
    Module: Dropout
dropout设置为训练模式
    Module: Dropout
dropout设置为训练模式
  Module: ReLU
test_loss: 0.0993
epoch 142
train_loss: 0.1179
Module: DropoutFullyConnectedNN
  Module: ModuleList
    Module: Linear
    Module: Linear
    Module: Linear
  Module: ModuleList
    Module: Dropout
dropout设置为训练模式
    Module: Dropout
dropout设置为训练模式
    Module: Dropout
dropout设置为训练模式
  Module: ReLU
test_loss: 0.0985
epoch 143
train_loss: 0.1166
Module: DropoutFullyConnectedNN
  Module: ModuleList
    Module: Linear
    Module: Linear
    Module: Linear
  Module: ModuleList
    Module: Dropout
dropout设置为训练模式
    Module: Dropout
dropout设置为训练模式
    Module: Dropout
dropout设置为训练模式
  Module: ReLU
test_loss: 0.0986
epoch 144
train_loss: 0.1153
Module: DropoutFullyConnectedNN
  Module: ModuleList
    Module: Linear
    Module: Linear
    Module: Linear
  Module: ModuleList
    Module: Dropout
dropout设置为训练模式
    Module: Dropout
dropout设置为训练模式
    Module: Dropout
dropout设置为训练模式
  Module: ReLU
test_loss: 0.0987
epoch 145
train_loss: 0.1169
Module: DropoutFullyConnectedNN
  Module: ModuleList
    Module: Linear
    Module: Linear
    Module: Linear
  Module: ModuleList
    Module: Dropout
dropout设置为训练模式
    Module: Dropout
dropout设置为训练模式
    Module: Dropout
dropout设置为训练模式
  Module: ReLU
test_loss: 0.0986
epoch 146
train_loss: 0.1192
Module: DropoutFullyConnectedNN
  Module: ModuleList
    Module: Linear
    Module: Linear
    Module: Linear
  Module: ModuleList
    Module: Dropout
dropout设置为训练模式
    Module: Dropout
dropout设置为训练模式
    Module: Dropout
dropout设置为训练模式
  Module: ReLU
test_loss: 0.0980
epoch 147
train_loss: 0.1164
Module: DropoutFullyConnectedNN
  Module: ModuleList
    Module: Linear
    Module: Linear
    Module: Linear
  Module: ModuleList
    Module: Dropout
dropout设置为训练模式
    Module: Dropout
dropout设置为训练模式
    Module: Dropout
dropout设置为训练模式
  Module: ReLU
test_loss: 0.0980
epoch 148
train_loss: 0.1160
Module: DropoutFullyConnectedNN
  Module: ModuleList
    Module: Linear
    Module: Linear
    Module: Linear
  Module: ModuleList
    Module: Dropout
dropout设置为训练模式
    Module: Dropout
dropout设置为训练模式
    Module: Dropout
dropout设置为训练模式
  Module: ReLU
test_loss: 0.0971
epoch 149
train_loss: 0.1165
Module: DropoutFullyConnectedNN
  Module: ModuleList
    Module: Linear
    Module: Linear
    Module: Linear
  Module: ModuleList
    Module: Dropout
dropout设置为训练模式
    Module: Dropout
dropout设置为训练模式
    Module: Dropout
dropout设置为训练模式
  Module: ReLU
test_loss: 0.0979
epoch 150
train_loss: 0.1175
Module: DropoutFullyConnectedNN
  Module: ModuleList
    Module: Linear
    Module: Linear
    Module: Linear
  Module: ModuleList
    Module: Dropout
dropout设置为训练模式
    Module: Dropout
dropout设置为训练模式
    Module: Dropout
dropout设置为训练模式
  Module: ReLU
test_loss: 0.0975
epoch 151
train_loss: 0.1168
Module: DropoutFullyConnectedNN
  Module: ModuleList
    Module: Linear
    Module: Linear
    Module: Linear
  Module: ModuleList
    Module: Dropout
dropout设置为训练模式
    Module: Dropout
dropout设置为训练模式
    Module: Dropout
dropout设置为训练模式
  Module: ReLU
test_loss: 0.0971
epoch 152
train_loss: 0.1140
Module: DropoutFullyConnectedNN
  Module: ModuleList
    Module: Linear
    Module: Linear
    Module: Linear
  Module: ModuleList
    Module: Dropout
dropout设置为训练模式
    Module: Dropout
dropout设置为训练模式
    Module: Dropout
dropout设置为训练模式
  Module: ReLU
test_loss: 0.0968
epoch 153
train_loss: 0.1137
Module: DropoutFullyConnectedNN
  Module: ModuleList
    Module: Linear
    Module: Linear
    Module: Linear
  Module: ModuleList
    Module: Dropout
dropout设置为训练模式
    Module: Dropout
dropout设置为训练模式
    Module: Dropout
dropout设置为训练模式
  Module: ReLU
test_loss: 0.0969
epoch 154
train_loss: 0.1141
Module: DropoutFullyConnectedNN
  Module: ModuleList
    Module: Linear
    Module: Linear
    Module: Linear
  Module: ModuleList
    Module: Dropout
dropout设置为训练模式
    Module: Dropout
dropout设置为训练模式
    Module: Dropout
dropout设置为训练模式
  Module: ReLU
test_loss: 0.0967
epoch 155
train_loss: 0.1141
Module: DropoutFullyConnectedNN
  Module: ModuleList
    Module: Linear
    Module: Linear
    Module: Linear
  Module: ModuleList
    Module: Dropout
dropout设置为训练模式
    Module: Dropout
dropout设置为训练模式
    Module: Dropout
dropout设置为训练模式
  Module: ReLU
test_loss: 0.0962
epoch 156
train_loss: 0.1135
Module: DropoutFullyConnectedNN
  Module: ModuleList
    Module: Linear
    Module: Linear
    Module: Linear
  Module: ModuleList
    Module: Dropout
dropout设置为训练模式
    Module: Dropout
dropout设置为训练模式
    Module: Dropout
dropout设置为训练模式
  Module: ReLU
test_loss: 0.0960
epoch 157
train_loss: 0.1107
Module: DropoutFullyConnectedNN
  Module: ModuleList
    Module: Linear
    Module: Linear
    Module: Linear
  Module: ModuleList
    Module: Dropout
dropout设置为训练模式
    Module: Dropout
dropout设置为训练模式
    Module: Dropout
dropout设置为训练模式
  Module: ReLU
test_loss: 0.0952
epoch 158
train_loss: 0.1116
Module: DropoutFullyConnectedNN
  Module: ModuleList
    Module: Linear
    Module: Linear
    Module: Linear
  Module: ModuleList
    Module: Dropout
dropout设置为训练模式
    Module: Dropout
dropout设置为训练模式
    Module: Dropout
dropout设置为训练模式
  Module: ReLU
test_loss: 0.0948
epoch 159
train_loss: 0.1138
Module: DropoutFullyConnectedNN
  Module: ModuleList
    Module: Linear
    Module: Linear
    Module: Linear
  Module: ModuleList
    Module: Dropout
dropout设置为训练模式
    Module: Dropout
dropout设置为训练模式
    Module: Dropout
dropout设置为训练模式
  Module: ReLU
test_loss: 0.0952
epoch 160
train_loss: 0.1149
Module: DropoutFullyConnectedNN
  Module: ModuleList
    Module: Linear
    Module: Linear
    Module: Linear
  Module: ModuleList
    Module: Dropout
dropout设置为训练模式
    Module: Dropout
dropout设置为训练模式
    Module: Dropout
dropout设置为训练模式
  Module: ReLU
test_loss: 0.0948
epoch 161
train_loss: 0.1137
Module: DropoutFullyConnectedNN
  Module: ModuleList
    Module: Linear
    Module: Linear
    Module: Linear
  Module: ModuleList
    Module: Dropout
dropout设置为训练模式
    Module: Dropout
dropout设置为训练模式
    Module: Dropout
dropout设置为训练模式
  Module: ReLU
test_loss: 0.0950
epoch 162
train_loss: 0.1121
Module: DropoutFullyConnectedNN
  Module: ModuleList
    Module: Linear
    Module: Linear
    Module: Linear
  Module: ModuleList
    Module: Dropout
dropout设置为训练模式
    Module: Dropout
dropout设置为训练模式
    Module: Dropout
dropout设置为训练模式
  Module: ReLU
test_loss: 0.0957
epoch 163
train_loss: 0.1152
Module: DropoutFullyConnectedNN
  Module: ModuleList
    Module: Linear
    Module: Linear
    Module: Linear
  Module: ModuleList
    Module: Dropout
dropout设置为训练模式
    Module: Dropout
dropout设置为训练模式
    Module: Dropout
dropout设置为训练模式
  Module: ReLU
test_loss: 0.0953
epoch 164
train_loss: 0.1143
Module: DropoutFullyConnectedNN
  Module: ModuleList
    Module: Linear
    Module: Linear
    Module: Linear
  Module: ModuleList
    Module: Dropout
dropout设置为训练模式
    Module: Dropout
dropout设置为训练模式
    Module: Dropout
dropout设置为训练模式
  Module: ReLU
test_loss: 0.0949
epoch 165
train_loss: 0.1116
Module: DropoutFullyConnectedNN
  Module: ModuleList
    Module: Linear
    Module: Linear
    Module: Linear
  Module: ModuleList
    Module: Dropout
dropout设置为训练模式
    Module: Dropout
dropout设置为训练模式
    Module: Dropout
dropout设置为训练模式
  Module: ReLU
test_loss: 0.0953
epoch 166
train_loss: 0.1105
Module: DropoutFullyConnectedNN
  Module: ModuleList
    Module: Linear
    Module: Linear
    Module: Linear
  Module: ModuleList
    Module: Dropout
dropout设置为训练模式
    Module: Dropout
dropout设置为训练模式
    Module: Dropout
dropout设置为训练模式
  Module: ReLU
test_loss: 0.0942
epoch 167
train_loss: 0.1142
Module: DropoutFullyConnectedNN
  Module: ModuleList
    Module: Linear
    Module: Linear
    Module: Linear
  Module: ModuleList
    Module: Dropout
dropout设置为训练模式
    Module: Dropout
dropout设置为训练模式
    Module: Dropout
dropout设置为训练模式
  Module: ReLU
test_loss: 0.0946
epoch 168
train_loss: 0.1105
Module: DropoutFullyConnectedNN
  Module: ModuleList
    Module: Linear
    Module: Linear
    Module: Linear
  Module: ModuleList
    Module: Dropout
dropout设置为训练模式
    Module: Dropout
dropout设置为训练模式
    Module: Dropout
dropout设置为训练模式
  Module: ReLU
test_loss: 0.0939
epoch 169
train_loss: 0.1115
Module: DropoutFullyConnectedNN
  Module: ModuleList
    Module: Linear
    Module: Linear
    Module: Linear
  Module: ModuleList
    Module: Dropout
dropout设置为训练模式
    Module: Dropout
dropout设置为训练模式
    Module: Dropout
dropout设置为训练模式
  Module: ReLU
test_loss: 0.0935
epoch 170
train_loss: 0.1075
Module: DropoutFullyConnectedNN
  Module: ModuleList
    Module: Linear
    Module: Linear
    Module: Linear
  Module: ModuleList
    Module: Dropout
dropout设置为训练模式
    Module: Dropout
dropout设置为训练模式
    Module: Dropout
dropout设置为训练模式
  Module: ReLU
test_loss: 0.0934
epoch 171
train_loss: 0.1097
Module: DropoutFullyConnectedNN
  Module: ModuleList
    Module: Linear
    Module: Linear
    Module: Linear
  Module: ModuleList
    Module: Dropout
dropout设置为训练模式
    Module: Dropout
dropout设置为训练模式
    Module: Dropout
dropout设置为训练模式
  Module: ReLU
test_loss: 0.0936
epoch 172
train_loss: 0.1116
Module: DropoutFullyConnectedNN
  Module: ModuleList
    Module: Linear
    Module: Linear
    Module: Linear
  Module: ModuleList
    Module: Dropout
dropout设置为训练模式
    Module: Dropout
dropout设置为训练模式
    Module: Dropout
dropout设置为训练模式
  Module: ReLU
test_loss: 0.0931
epoch 173
train_loss: 0.1104
Module: DropoutFullyConnectedNN
  Module: ModuleList
    Module: Linear
    Module: Linear
    Module: Linear
  Module: ModuleList
    Module: Dropout
dropout设置为训练模式
    Module: Dropout
dropout设置为训练模式
    Module: Dropout
dropout设置为训练模式
  Module: ReLU
test_loss: 0.0936
epoch 174
train_loss: 0.1079
Module: DropoutFullyConnectedNN
  Module: ModuleList
    Module: Linear
    Module: Linear
    Module: Linear
  Module: ModuleList
    Module: Dropout
dropout设置为训练模式
    Module: Dropout
dropout设置为训练模式
    Module: Dropout
dropout设置为训练模式
  Module: ReLU
test_loss: 0.0926
epoch 175
train_loss: 0.1098
Module: DropoutFullyConnectedNN
  Module: ModuleList
    Module: Linear
    Module: Linear
    Module: Linear
  Module: ModuleList
    Module: Dropout
dropout设置为训练模式
    Module: Dropout
dropout设置为训练模式
    Module: Dropout
dropout设置为训练模式
  Module: ReLU
test_loss: 0.0930
epoch 176
train_loss: 0.1099
Module: DropoutFullyConnectedNN
  Module: ModuleList
    Module: Linear
    Module: Linear
    Module: Linear
  Module: ModuleList
    Module: Dropout
dropout设置为训练模式
    Module: Dropout
dropout设置为训练模式
    Module: Dropout
dropout设置为训练模式
  Module: ReLU
test_loss: 0.0932
epoch 177
train_loss: 0.1098
Module: DropoutFullyConnectedNN
  Module: ModuleList
    Module: Linear
    Module: Linear
    Module: Linear
  Module: ModuleList
    Module: Dropout
dropout设置为训练模式
    Module: Dropout
dropout设置为训练模式
    Module: Dropout
dropout设置为训练模式
  Module: ReLU
test_loss: 0.0927
epoch 178
train_loss: 0.1098
Module: DropoutFullyConnectedNN
  Module: ModuleList
    Module: Linear
    Module: Linear
    Module: Linear
  Module: ModuleList
    Module: Dropout
dropout设置为训练模式
    Module: Dropout
dropout设置为训练模式
    Module: Dropout
dropout设置为训练模式
  Module: ReLU
test_loss: 0.0927
epoch 179
train_loss: 0.1097
Module: DropoutFullyConnectedNN
  Module: ModuleList
    Module: Linear
    Module: Linear
    Module: Linear
  Module: ModuleList
    Module: Dropout
dropout设置为训练模式
    Module: Dropout
dropout设置为训练模式
    Module: Dropout
dropout设置为训练模式
  Module: ReLU
test_loss: 0.0914
epoch 180
train_loss: 0.1082
Module: DropoutFullyConnectedNN
  Module: ModuleList
    Module: Linear
    Module: Linear
    Module: Linear
  Module: ModuleList
    Module: Dropout
dropout设置为训练模式
    Module: Dropout
dropout设置为训练模式
    Module: Dropout
dropout设置为训练模式
  Module: ReLU
test_loss: 0.0919
epoch 181
train_loss: 0.1097
Module: DropoutFullyConnectedNN
  Module: ModuleList
    Module: Linear
    Module: Linear
    Module: Linear
  Module: ModuleList
    Module: Dropout
dropout设置为训练模式
    Module: Dropout
dropout设置为训练模式
    Module: Dropout
dropout设置为训练模式
  Module: ReLU
test_loss: 0.0913
epoch 182
train_loss: 0.1079
Module: DropoutFullyConnectedNN
  Module: ModuleList
    Module: Linear
    Module: Linear
    Module: Linear
  Module: ModuleList
    Module: Dropout
dropout设置为训练模式
    Module: Dropout
dropout设置为训练模式
    Module: Dropout
dropout设置为训练模式
  Module: ReLU
test_loss: 0.0917
epoch 183
train_loss: 0.1079
Module: DropoutFullyConnectedNN
  Module: ModuleList
    Module: Linear
    Module: Linear
    Module: Linear
  Module: ModuleList
    Module: Dropout
dropout设置为训练模式
    Module: Dropout
dropout设置为训练模式
    Module: Dropout
dropout设置为训练模式
  Module: ReLU
test_loss: 0.0918
epoch 184
train_loss: 0.1058
Module: DropoutFullyConnectedNN
  Module: ModuleList
    Module: Linear
    Module: Linear
    Module: Linear
  Module: ModuleList
    Module: Dropout
dropout设置为训练模式
    Module: Dropout
dropout设置为训练模式
    Module: Dropout
dropout设置为训练模式
  Module: ReLU
test_loss: 0.0919
epoch 185
train_loss: 0.1090
Module: DropoutFullyConnectedNN
  Module: ModuleList
    Module: Linear
    Module: Linear
    Module: Linear
  Module: ModuleList
    Module: Dropout
dropout设置为训练模式
    Module: Dropout
dropout设置为训练模式
    Module: Dropout
dropout设置为训练模式
  Module: ReLU
test_loss: 0.0916
epoch 186
train_loss: 0.1069
Module: DropoutFullyConnectedNN
  Module: ModuleList
    Module: Linear
    Module: Linear
    Module: Linear
  Module: ModuleList
    Module: Dropout
dropout设置为训练模式
    Module: Dropout
dropout设置为训练模式
    Module: Dropout
dropout设置为训练模式
  Module: ReLU
test_loss: 0.0911
epoch 187
train_loss: 0.1079
Module: DropoutFullyConnectedNN
  Module: ModuleList
    Module: Linear
    Module: Linear
    Module: Linear
  Module: ModuleList
    Module: Dropout
dropout设置为训练模式
    Module: Dropout
dropout设置为训练模式
    Module: Dropout
dropout设置为训练模式
  Module: ReLU
test_loss: 0.0914
epoch 188
train_loss: 0.1070
Module: DropoutFullyConnectedNN
  Module: ModuleList
    Module: Linear
    Module: Linear
    Module: Linear
  Module: ModuleList
    Module: Dropout
dropout设置为训练模式
    Module: Dropout
dropout设置为训练模式
    Module: Dropout
dropout设置为训练模式
  Module: ReLU
test_loss: 0.0915
epoch 189
train_loss: 0.1104
Module: DropoutFullyConnectedNN
  Module: ModuleList
    Module: Linear
    Module: Linear
    Module: Linear
  Module: ModuleList
    Module: Dropout
dropout设置为训练模式
    Module: Dropout
dropout设置为训练模式
    Module: Dropout
dropout设置为训练模式
  Module: ReLU
test_loss: 0.0906
epoch 190
train_loss: 0.1047
Module: DropoutFullyConnectedNN
  Module: ModuleList
    Module: Linear
    Module: Linear
    Module: Linear
  Module: ModuleList
    Module: Dropout
dropout设置为训练模式
    Module: Dropout
dropout设置为训练模式
    Module: Dropout
dropout设置为训练模式
  Module: ReLU
test_loss: 0.0909
epoch 191
train_loss: 0.1081
Module: DropoutFullyConnectedNN
  Module: ModuleList
    Module: Linear
    Module: Linear
    Module: Linear
  Module: ModuleList
    Module: Dropout
dropout设置为训练模式
    Module: Dropout
dropout设置为训练模式
    Module: Dropout
dropout设置为训练模式
  Module: ReLU
test_loss: 0.0905
epoch 192
train_loss: 0.1100
Module: DropoutFullyConnectedNN
  Module: ModuleList
    Module: Linear
    Module: Linear
    Module: Linear
  Module: ModuleList
    Module: Dropout
dropout设置为训练模式
    Module: Dropout
dropout设置为训练模式
    Module: Dropout
dropout设置为训练模式
  Module: ReLU
test_loss: 0.0903
epoch 193
train_loss: 0.1062
Module: DropoutFullyConnectedNN
  Module: ModuleList
    Module: Linear
    Module: Linear
    Module: Linear
  Module: ModuleList
    Module: Dropout
dropout设置为训练模式
    Module: Dropout
dropout设置为训练模式
    Module: Dropout
dropout设置为训练模式
  Module: ReLU
test_loss: 0.0906
epoch 194
train_loss: 0.1055
Module: DropoutFullyConnectedNN
  Module: ModuleList
    Module: Linear
    Module: Linear
    Module: Linear
  Module: ModuleList
    Module: Dropout
dropout设置为训练模式
    Module: Dropout
dropout设置为训练模式
    Module: Dropout
dropout设置为训练模式
  Module: ReLU
test_loss: 0.0902
epoch 195
train_loss: 0.1099
Module: DropoutFullyConnectedNN
  Module: ModuleList
    Module: Linear
    Module: Linear
    Module: Linear
  Module: ModuleList
    Module: Dropout
dropout设置为训练模式
    Module: Dropout
dropout设置为训练模式
    Module: Dropout
dropout设置为训练模式
  Module: ReLU
test_loss: 0.0906
epoch 196
train_loss: 0.1052
Module: DropoutFullyConnectedNN
  Module: ModuleList
    Module: Linear
    Module: Linear
    Module: Linear
  Module: ModuleList
    Module: Dropout
dropout设置为训练模式
    Module: Dropout
dropout设置为训练模式
    Module: Dropout
dropout设置为训练模式
  Module: ReLU
test_loss: 0.0899
epoch 197
train_loss: 0.1052
Module: DropoutFullyConnectedNN
  Module: ModuleList
    Module: Linear
    Module: Linear
    Module: Linear
  Module: ModuleList
    Module: Dropout
dropout设置为训练模式
    Module: Dropout
dropout设置为训练模式
    Module: Dropout
dropout设置为训练模式
  Module: ReLU
test_loss: 0.0898
epoch 198
train_loss: 0.1049
Module: DropoutFullyConnectedNN
  Module: ModuleList
    Module: Linear
    Module: Linear
    Module: Linear
  Module: ModuleList
    Module: Dropout
dropout设置为训练模式
    Module: Dropout
dropout设置为训练模式
    Module: Dropout
dropout设置为训练模式
  Module: ReLU
test_loss: 0.0896
epoch 199
train_loss: 0.1054
Module: DropoutFullyConnectedNN
  Module: ModuleList
    Module: Linear
    Module: Linear
    Module: Linear
  Module: ModuleList
    Module: Dropout
dropout设置为训练模式
    Module: Dropout
dropout设置为训练模式
    Module: Dropout
dropout设置为训练模式
  Module: ReLU
test_loss: 0.0895
epoch 200
train_loss: 0.1048
Module: DropoutFullyConnectedNN
  Module: ModuleList
    Module: Linear
    Module: Linear
    Module: Linear
  Module: ModuleList
    Module: Dropout
dropout设置为训练模式
    Module: Dropout
dropout设置为训练模式
    Module: Dropout
dropout设置为训练模式
  Module: ReLU
test_loss: 0.0902
epoch 201
train_loss: 0.1086
Module: DropoutFullyConnectedNN
  Module: ModuleList
    Module: Linear
    Module: Linear
    Module: Linear
  Module: ModuleList
    Module: Dropout
dropout设置为训练模式
    Module: Dropout
dropout设置为训练模式
    Module: Dropout
dropout设置为训练模式
  Module: ReLU
test_loss: 0.0900
epoch 202
train_loss: 0.1048
Module: DropoutFullyConnectedNN
  Module: ModuleList
    Module: Linear
    Module: Linear
    Module: Linear
  Module: ModuleList
    Module: Dropout
dropout设置为训练模式
    Module: Dropout
dropout设置为训练模式
    Module: Dropout
dropout设置为训练模式
  Module: ReLU
test_loss: 0.0890
epoch 203
train_loss: 0.1041
Module: DropoutFullyConnectedNN
  Module: ModuleList
    Module: Linear
    Module: Linear
    Module: Linear
  Module: ModuleList
    Module: Dropout
dropout设置为训练模式
    Module: Dropout
dropout设置为训练模式
    Module: Dropout
dropout设置为训练模式
  Module: ReLU
test_loss: 0.0884
epoch 204
train_loss: 0.1021
Module: DropoutFullyConnectedNN
  Module: ModuleList
    Module: Linear
    Module: Linear
    Module: Linear
  Module: ModuleList
    Module: Dropout
dropout设置为训练模式
    Module: Dropout
dropout设置为训练模式
    Module: Dropout
dropout设置为训练模式
  Module: ReLU
test_loss: 0.0888
epoch 205
train_loss: 0.1066
Module: DropoutFullyConnectedNN
  Module: ModuleList
    Module: Linear
    Module: Linear
    Module: Linear
  Module: ModuleList
    Module: Dropout
dropout设置为训练模式
    Module: Dropout
dropout设置为训练模式
    Module: Dropout
dropout设置为训练模式
  Module: ReLU
test_loss: 0.0889
epoch 206
train_loss: 0.1059
Module: DropoutFullyConnectedNN
  Module: ModuleList
    Module: Linear
    Module: Linear
    Module: Linear
  Module: ModuleList
    Module: Dropout
dropout设置为训练模式
    Module: Dropout
dropout设置为训练模式
    Module: Dropout
dropout设置为训练模式
  Module: ReLU
test_loss: 0.0894
epoch 207
train_loss: 0.1035
Module: DropoutFullyConnectedNN
  Module: ModuleList
    Module: Linear
    Module: Linear
    Module: Linear
  Module: ModuleList
    Module: Dropout
dropout设置为训练模式
    Module: Dropout
dropout设置为训练模式
    Module: Dropout
dropout设置为训练模式
  Module: ReLU
test_loss: 0.0892
epoch 208
train_loss: 0.1047
Module: DropoutFullyConnectedNN
  Module: ModuleList
    Module: Linear
    Module: Linear
    Module: Linear
  Module: ModuleList
    Module: Dropout
dropout设置为训练模式
    Module: Dropout
dropout设置为训练模式
    Module: Dropout
dropout设置为训练模式
  Module: ReLU
test_loss: 0.0894
epoch 209
train_loss: 0.1033
Module: DropoutFullyConnectedNN
  Module: ModuleList
    Module: Linear
    Module: Linear
    Module: Linear
  Module: ModuleList
    Module: Dropout
dropout设置为训练模式
    Module: Dropout
dropout设置为训练模式
    Module: Dropout
dropout设置为训练模式
  Module: ReLU
test_loss: 0.0888
epoch 210
train_loss: 0.1039
Module: DropoutFullyConnectedNN
  Module: ModuleList
    Module: Linear
    Module: Linear
    Module: Linear
  Module: ModuleList
    Module: Dropout
dropout设置为训练模式
    Module: Dropout
dropout设置为训练模式
    Module: Dropout
dropout设置为训练模式
  Module: ReLU
test_loss: 0.0887
epoch 211
train_loss: 0.1040
Module: DropoutFullyConnectedNN
  Module: ModuleList
    Module: Linear
    Module: Linear
    Module: Linear
  Module: ModuleList
    Module: Dropout
dropout设置为训练模式
    Module: Dropout
dropout设置为训练模式
    Module: Dropout
dropout设置为训练模式
  Module: ReLU
test_loss: 0.0894
epoch 212
train_loss: 0.1030
Module: DropoutFullyConnectedNN
  Module: ModuleList
    Module: Linear
    Module: Linear
    Module: Linear
  Module: ModuleList
    Module: Dropout
dropout设置为训练模式
    Module: Dropout
dropout设置为训练模式
    Module: Dropout
dropout设置为训练模式
  Module: ReLU
test_loss: 0.0885
epoch 213
train_loss: 0.1040
Module: DropoutFullyConnectedNN
  Module: ModuleList
    Module: Linear
    Module: Linear
    Module: Linear
  Module: ModuleList
    Module: Dropout
dropout设置为训练模式
    Module: Dropout
dropout设置为训练模式
    Module: Dropout
dropout设置为训练模式
  Module: ReLU
test_loss: 0.0883
epoch 214
train_loss: 0.1029
Module: DropoutFullyConnectedNN
  Module: ModuleList
    Module: Linear
    Module: Linear
    Module: Linear
  Module: ModuleList
    Module: Dropout
dropout设置为训练模式
    Module: Dropout
dropout设置为训练模式
    Module: Dropout
dropout设置为训练模式
  Module: ReLU
test_loss: 0.0883
epoch 215
train_loss: 0.1040
Module: DropoutFullyConnectedNN
  Module: ModuleList
    Module: Linear
    Module: Linear
    Module: Linear
  Module: ModuleList
    Module: Dropout
dropout设置为训练模式
    Module: Dropout
dropout设置为训练模式
    Module: Dropout
dropout设置为训练模式
  Module: ReLU
test_loss: 0.0880
epoch 216
train_loss: 0.1031
Module: DropoutFullyConnectedNN
  Module: ModuleList
    Module: Linear
    Module: Linear
    Module: Linear
  Module: ModuleList
    Module: Dropout
dropout设置为训练模式
    Module: Dropout
dropout设置为训练模式
    Module: Dropout
dropout设置为训练模式
  Module: ReLU
test_loss: 0.0880
epoch 217
train_loss: 0.1033
Module: DropoutFullyConnectedNN
  Module: ModuleList
    Module: Linear
    Module: Linear
    Module: Linear
  Module: ModuleList
    Module: Dropout
dropout设置为训练模式
    Module: Dropout
dropout设置为训练模式
    Module: Dropout
dropout设置为训练模式
  Module: ReLU
test_loss: 0.0880
epoch 218
train_loss: 0.1017
Module: DropoutFullyConnectedNN
  Module: ModuleList
    Module: Linear
    Module: Linear
    Module: Linear
  Module: ModuleList
    Module: Dropout
dropout设置为训练模式
    Module: Dropout
dropout设置为训练模式
    Module: Dropout
dropout设置为训练模式
  Module: ReLU
test_loss: 0.0876
epoch 219
train_loss: 0.0988
Module: DropoutFullyConnectedNN
  Module: ModuleList
    Module: Linear
    Module: Linear
    Module: Linear
  Module: ModuleList
    Module: Dropout
dropout设置为训练模式
    Module: Dropout
dropout设置为训练模式
    Module: Dropout
dropout设置为训练模式
  Module: ReLU
test_loss: 0.0870
epoch 220
train_loss: 0.1035
Module: DropoutFullyConnectedNN
  Module: ModuleList
    Module: Linear
    Module: Linear
    Module: Linear
  Module: ModuleList
    Module: Dropout
dropout设置为训练模式
    Module: Dropout
dropout设置为训练模式
    Module: Dropout
dropout设置为训练模式
  Module: ReLU
test_loss: 0.0877
epoch 221
train_loss: 0.1000
Module: DropoutFullyConnectedNN
  Module: ModuleList
    Module: Linear
    Module: Linear
    Module: Linear
  Module: ModuleList
    Module: Dropout
dropout设置为训练模式
    Module: Dropout
dropout设置为训练模式
    Module: Dropout
dropout设置为训练模式
  Module: ReLU
test_loss: 0.0870
epoch 222
train_loss: 0.1036
Module: DropoutFullyConnectedNN
  Module: ModuleList
    Module: Linear
    Module: Linear
    Module: Linear
  Module: ModuleList
    Module: Dropout
dropout设置为训练模式
    Module: Dropout
dropout设置为训练模式
    Module: Dropout
dropout设置为训练模式
  Module: ReLU
test_loss: 0.0869
epoch 223
train_loss: 0.1019
Module: DropoutFullyConnectedNN
  Module: ModuleList
    Module: Linear
    Module: Linear
    Module: Linear
  Module: ModuleList
    Module: Dropout
dropout设置为训练模式
    Module: Dropout
dropout设置为训练模式
    Module: Dropout
dropout设置为训练模式
  Module: ReLU
test_loss: 0.0869
epoch 224
train_loss: 0.1026
Module: DropoutFullyConnectedNN
  Module: ModuleList
    Module: Linear
    Module: Linear
    Module: Linear
  Module: ModuleList
    Module: Dropout
dropout设置为训练模式
    Module: Dropout
dropout设置为训练模式
    Module: Dropout
dropout设置为训练模式
  Module: ReLU
test_loss: 0.0867
epoch 225
train_loss: 0.1001
Module: DropoutFullyConnectedNN
  Module: ModuleList
    Module: Linear
    Module: Linear
    Module: Linear
  Module: ModuleList
    Module: Dropout
dropout设置为训练模式
    Module: Dropout
dropout设置为训练模式
    Module: Dropout
dropout设置为训练模式
  Module: ReLU
test_loss: 0.0864
epoch 226
train_loss: 0.1038
Module: DropoutFullyConnectedNN
  Module: ModuleList
    Module: Linear
    Module: Linear
    Module: Linear
  Module: ModuleList
    Module: Dropout
dropout设置为训练模式
    Module: Dropout
dropout设置为训练模式
    Module: Dropout
dropout设置为训练模式
  Module: ReLU
test_loss: 0.0867
epoch 227
train_loss: 0.0995
Module: DropoutFullyConnectedNN
  Module: ModuleList
    Module: Linear
    Module: Linear
    Module: Linear
  Module: ModuleList
    Module: Dropout
dropout设置为训练模式
    Module: Dropout
dropout设置为训练模式
    Module: Dropout
dropout设置为训练模式
  Module: ReLU
test_loss: 0.0868
epoch 228
train_loss: 0.1021
Module: DropoutFullyConnectedNN
  Module: ModuleList
    Module: Linear
    Module: Linear
    Module: Linear
  Module: ModuleList
    Module: Dropout
dropout设置为训练模式
    Module: Dropout
dropout设置为训练模式
    Module: Dropout
dropout设置为训练模式
  Module: ReLU
test_loss: 0.0868
epoch 229
train_loss: 0.1019
Module: DropoutFullyConnectedNN
  Module: ModuleList
    Module: Linear
    Module: Linear
    Module: Linear
  Module: ModuleList
    Module: Dropout
dropout设置为训练模式
    Module: Dropout
dropout设置为训练模式
    Module: Dropout
dropout设置为训练模式
  Module: ReLU
test_loss: 0.0867
epoch 230
train_loss: 0.1012
Module: DropoutFullyConnectedNN
  Module: ModuleList
    Module: Linear
    Module: Linear
    Module: Linear
  Module: ModuleList
    Module: Dropout
dropout设置为训练模式
    Module: Dropout
dropout设置为训练模式
    Module: Dropout
dropout设置为训练模式
  Module: ReLU
test_loss: 0.0866
epoch 231
train_loss: 0.0985
Module: DropoutFullyConnectedNN
  Module: ModuleList
    Module: Linear
    Module: Linear
    Module: Linear
  Module: ModuleList
    Module: Dropout
dropout设置为训练模式
    Module: Dropout
dropout设置为训练模式
    Module: Dropout
dropout设置为训练模式
  Module: ReLU
test_loss: 0.0860
epoch 232
train_loss: 0.0973
Module: DropoutFullyConnectedNN
  Module: ModuleList
    Module: Linear
    Module: Linear
    Module: Linear
  Module: ModuleList
    Module: Dropout
dropout设置为训练模式
    Module: Dropout
dropout设置为训练模式
    Module: Dropout
dropout设置为训练模式
  Module: ReLU
test_loss: 0.0865
epoch 233
train_loss: 0.0987
Module: DropoutFullyConnectedNN
  Module: ModuleList
    Module: Linear
    Module: Linear
    Module: Linear
  Module: ModuleList
    Module: Dropout
dropout设置为训练模式
    Module: Dropout
dropout设置为训练模式
    Module: Dropout
dropout设置为训练模式
  Module: ReLU
test_loss: 0.0864
epoch 234
train_loss: 0.1013
Module: DropoutFullyConnectedNN
  Module: ModuleList
    Module: Linear
    Module: Linear
    Module: Linear
  Module: ModuleList
    Module: Dropout
dropout设置为训练模式
    Module: Dropout
dropout设置为训练模式
    Module: Dropout
dropout设置为训练模式
  Module: ReLU
test_loss: 0.0862
epoch 235
train_loss: 0.1006
Module: DropoutFullyConnectedNN
  Module: ModuleList
    Module: Linear
    Module: Linear
    Module: Linear
  Module: ModuleList
    Module: Dropout
dropout设置为训练模式
    Module: Dropout
dropout设置为训练模式
    Module: Dropout
dropout设置为训练模式
  Module: ReLU
test_loss: 0.0862
epoch 236
train_loss: 0.0985
Module: DropoutFullyConnectedNN
  Module: ModuleList
    Module: Linear
    Module: Linear
    Module: Linear
  Module: ModuleList
    Module: Dropout
dropout设置为训练模式
    Module: Dropout
dropout设置为训练模式
    Module: Dropout
dropout设置为训练模式
  Module: ReLU
test_loss: 0.0864
epoch 237
train_loss: 0.0996
Module: DropoutFullyConnectedNN
  Module: ModuleList
    Module: Linear
    Module: Linear
    Module: Linear
  Module: ModuleList
    Module: Dropout
dropout设置为训练模式
    Module: Dropout
dropout设置为训练模式
    Module: Dropout
dropout设置为训练模式
  Module: ReLU
test_loss: 0.0866
epoch 238
train_loss: 0.0976
Module: DropoutFullyConnectedNN
  Module: ModuleList
    Module: Linear
    Module: Linear
    Module: Linear
  Module: ModuleList
    Module: Dropout
dropout设置为训练模式
    Module: Dropout
dropout设置为训练模式
    Module: Dropout
dropout设置为训练模式
  Module: ReLU
test_loss: 0.0859
epoch 239
train_loss: 0.1027
Module: DropoutFullyConnectedNN
  Module: ModuleList
    Module: Linear
    Module: Linear
    Module: Linear
  Module: ModuleList
    Module: Dropout
dropout设置为训练模式
    Module: Dropout
dropout设置为训练模式
    Module: Dropout
dropout设置为训练模式
  Module: ReLU
test_loss: 0.0857
epoch 240
train_loss: 0.0989
Module: DropoutFullyConnectedNN
  Module: ModuleList
    Module: Linear
    Module: Linear
    Module: Linear
  Module: ModuleList
    Module: Dropout
dropout设置为训练模式
    Module: Dropout
dropout设置为训练模式
    Module: Dropout
dropout设置为训练模式
  Module: ReLU
test_loss: 0.0863
epoch 241
train_loss: 0.0988
Module: DropoutFullyConnectedNN
  Module: ModuleList
    Module: Linear
    Module: Linear
    Module: Linear
  Module: ModuleList
    Module: Dropout
dropout设置为训练模式
    Module: Dropout
dropout设置为训练模式
    Module: Dropout
dropout设置为训练模式
  Module: ReLU
test_loss: 0.0859
epoch 242
train_loss: 0.0995
Module: DropoutFullyConnectedNN
  Module: ModuleList
    Module: Linear
    Module: Linear
    Module: Linear
  Module: ModuleList
    Module: Dropout
dropout设置为训练模式
    Module: Dropout
dropout设置为训练模式
    Module: Dropout
dropout设置为训练模式
  Module: ReLU
test_loss: 0.0853
epoch 243
train_loss: 0.0981
Module: DropoutFullyConnectedNN
  Module: ModuleList
    Module: Linear
    Module: Linear
    Module: Linear
  Module: ModuleList
    Module: Dropout
dropout设置为训练模式
    Module: Dropout
dropout设置为训练模式
    Module: Dropout
dropout设置为训练模式
  Module: ReLU
test_loss: 0.0851
epoch 244
train_loss: 0.0983
Module: DropoutFullyConnectedNN
  Module: ModuleList
    Module: Linear
    Module: Linear
    Module: Linear
  Module: ModuleList
    Module: Dropout
dropout设置为训练模式
    Module: Dropout
dropout设置为训练模式
    Module: Dropout
dropout设置为训练模式
  Module: ReLU
test_loss: 0.0858
epoch 245
train_loss: 0.1005
Module: DropoutFullyConnectedNN
  Module: ModuleList
    Module: Linear
    Module: Linear
    Module: Linear
  Module: ModuleList
    Module: Dropout
dropout设置为训练模式
    Module: Dropout
dropout设置为训练模式
    Module: Dropout
dropout设置为训练模式
  Module: ReLU
test_loss: 0.0860
epoch 246
train_loss: 0.0973
Module: DropoutFullyConnectedNN
  Module: ModuleList
    Module: Linear
    Module: Linear
    Module: Linear
  Module: ModuleList
    Module: Dropout
dropout设置为训练模式
    Module: Dropout
dropout设置为训练模式
    Module: Dropout
dropout设置为训练模式
  Module: ReLU
test_loss: 0.0855
epoch 247
train_loss: 0.0998
Module: DropoutFullyConnectedNN
  Module: ModuleList
    Module: Linear
    Module: Linear
    Module: Linear
  Module: ModuleList
    Module: Dropout
dropout设置为训练模式
    Module: Dropout
dropout设置为训练模式
    Module: Dropout
dropout设置为训练模式
  Module: ReLU
test_loss: 0.0851
epoch 248
train_loss: 0.0983
Module: DropoutFullyConnectedNN
  Module: ModuleList
    Module: Linear
    Module: Linear
    Module: Linear
  Module: ModuleList
    Module: Dropout
dropout设置为训练模式
    Module: Dropout
dropout设置为训练模式
    Module: Dropout
dropout设置为训练模式
  Module: ReLU
test_loss: 0.0855
epoch 249
train_loss: 0.0976
Module: DropoutFullyConnectedNN
  Module: ModuleList
    Module: Linear
    Module: Linear
    Module: Linear
  Module: ModuleList
    Module: Dropout
dropout设置为训练模式
    Module: Dropout
dropout设置为训练模式
    Module: Dropout
dropout设置为训练模式
  Module: ReLU
test_loss: 0.0848
epoch 250
train_loss: 0.0963
Module: DropoutFullyConnectedNN
  Module: ModuleList
    Module: Linear
    Module: Linear
    Module: Linear
  Module: ModuleList
    Module: Dropout
dropout设置为训练模式
    Module: Dropout
dropout设置为训练模式
    Module: Dropout
dropout设置为训练模式
  Module: ReLU
test_loss: 0.0851
epoch 251
train_loss: 0.0963
Module: DropoutFullyConnectedNN
  Module: ModuleList
    Module: Linear
    Module: Linear
    Module: Linear
  Module: ModuleList
    Module: Dropout
dropout设置为训练模式
    Module: Dropout
dropout设置为训练模式
    Module: Dropout
dropout设置为训练模式
  Module: ReLU
test_loss: 0.0844
epoch 252
train_loss: 0.0983
Module: DropoutFullyConnectedNN
  Module: ModuleList
    Module: Linear
    Module: Linear
    Module: Linear
  Module: ModuleList
    Module: Dropout
dropout设置为训练模式
    Module: Dropout
dropout设置为训练模式
    Module: Dropout
dropout设置为训练模式
  Module: ReLU
test_loss: 0.0846
epoch 253
train_loss: 0.0977
Module: DropoutFullyConnectedNN
  Module: ModuleList
    Module: Linear
    Module: Linear
    Module: Linear
  Module: ModuleList
    Module: Dropout
dropout设置为训练模式
    Module: Dropout
dropout设置为训练模式
    Module: Dropout
dropout设置为训练模式
  Module: ReLU
test_loss: 0.0839
epoch 254
train_loss: 0.0979
Module: DropoutFullyConnectedNN
  Module: ModuleList
    Module: Linear
    Module: Linear
    Module: Linear
  Module: ModuleList
    Module: Dropout
dropout设置为训练模式
    Module: Dropout
dropout设置为训练模式
    Module: Dropout
dropout设置为训练模式
  Module: ReLU
test_loss: 0.0841
epoch 255
train_loss: 0.0986
Module: DropoutFullyConnectedNN
  Module: ModuleList
    Module: Linear
    Module: Linear
    Module: Linear
  Module: ModuleList
    Module: Dropout
dropout设置为训练模式
    Module: Dropout
dropout设置为训练模式
    Module: Dropout
dropout设置为训练模式
  Module: ReLU
test_loss: 0.0840
epoch 256
train_loss: 0.0944
Module: DropoutFullyConnectedNN
  Module: ModuleList
    Module: Linear
    Module: Linear
    Module: Linear
  Module: ModuleList
    Module: Dropout
dropout设置为训练模式
    Module: Dropout
dropout设置为训练模式
    Module: Dropout
dropout设置为训练模式
  Module: ReLU
test_loss: 0.0842
epoch 257
train_loss: 0.1010
Module: DropoutFullyConnectedNN
  Module: ModuleList
    Module: Linear
    Module: Linear
    Module: Linear
  Module: ModuleList
    Module: Dropout
dropout设置为训练模式
    Module: Dropout
dropout设置为训练模式
    Module: Dropout
dropout设置为训练模式
  Module: ReLU
test_loss: 0.0851
epoch 258
train_loss: 0.0955
Module: DropoutFullyConnectedNN
  Module: ModuleList
    Module: Linear
    Module: Linear
    Module: Linear
  Module: ModuleList
    Module: Dropout
dropout设置为训练模式
    Module: Dropout
dropout设置为训练模式
    Module: Dropout
dropout设置为训练模式
  Module: ReLU
test_loss: 0.0838
epoch 259
train_loss: 0.0952
Module: DropoutFullyConnectedNN
  Module: ModuleList
    Module: Linear
    Module: Linear
    Module: Linear
  Module: ModuleList
    Module: Dropout
dropout设置为训练模式
    Module: Dropout
dropout设置为训练模式
    Module: Dropout
dropout设置为训练模式
  Module: ReLU
test_loss: 0.0846
epoch 260
train_loss: 0.0945
Module: DropoutFullyConnectedNN
  Module: ModuleList
    Module: Linear
    Module: Linear
    Module: Linear
  Module: ModuleList
    Module: Dropout
dropout设置为训练模式
    Module: Dropout
dropout设置为训练模式
    Module: Dropout
dropout设置为训练模式
  Module: ReLU
test_loss: 0.0836
epoch 261
train_loss: 0.0961
Module: DropoutFullyConnectedNN
  Module: ModuleList
    Module: Linear
    Module: Linear
    Module: Linear
  Module: ModuleList
    Module: Dropout
dropout设置为训练模式
    Module: Dropout
dropout设置为训练模式
    Module: Dropout
dropout设置为训练模式
  Module: ReLU
test_loss: 0.0838
epoch 262
train_loss: 0.0966
Module: DropoutFullyConnectedNN
  Module: ModuleList
    Module: Linear
    Module: Linear
    Module: Linear
  Module: ModuleList
    Module: Dropout
dropout设置为训练模式
    Module: Dropout
dropout设置为训练模式
    Module: Dropout
dropout设置为训练模式
  Module: ReLU
test_loss: 0.0833
epoch 263
train_loss: 0.0989
Module: DropoutFullyConnectedNN
  Module: ModuleList
    Module: Linear
    Module: Linear
    Module: Linear
  Module: ModuleList
    Module: Dropout
dropout设置为训练模式
    Module: Dropout
dropout设置为训练模式
    Module: Dropout
dropout设置为训练模式
  Module: ReLU
test_loss: 0.0835
epoch 264
train_loss: 0.0944
Module: DropoutFullyConnectedNN
  Module: ModuleList
    Module: Linear
    Module: Linear
    Module: Linear
  Module: ModuleList
    Module: Dropout
dropout设置为训练模式
    Module: Dropout
dropout设置为训练模式
    Module: Dropout
dropout设置为训练模式
  Module: ReLU
test_loss: 0.0839
epoch 265
train_loss: 0.0951
Module: DropoutFullyConnectedNN
  Module: ModuleList
    Module: Linear
    Module: Linear
    Module: Linear
  Module: ModuleList
    Module: Dropout
dropout设置为训练模式
    Module: Dropout
dropout设置为训练模式
    Module: Dropout
dropout设置为训练模式
  Module: ReLU
test_loss: 0.0840
epoch 266
train_loss: 0.0976
Module: DropoutFullyConnectedNN
  Module: ModuleList
    Module: Linear
    Module: Linear
    Module: Linear
  Module: ModuleList
    Module: Dropout
dropout设置为训练模式
    Module: Dropout
dropout设置为训练模式
    Module: Dropout
dropout设置为训练模式
  Module: ReLU
test_loss: 0.0840
epoch 267
train_loss: 0.0985
Module: DropoutFullyConnectedNN
  Module: ModuleList
    Module: Linear
    Module: Linear
    Module: Linear
  Module: ModuleList
    Module: Dropout
dropout设置为训练模式
    Module: Dropout
dropout设置为训练模式
    Module: Dropout
dropout设置为训练模式
  Module: ReLU
test_loss: 0.0840
epoch 268
train_loss: 0.0962
Module: DropoutFullyConnectedNN
  Module: ModuleList
    Module: Linear
    Module: Linear
    Module: Linear
  Module: ModuleList
    Module: Dropout
dropout设置为训练模式
    Module: Dropout
dropout设置为训练模式
    Module: Dropout
dropout设置为训练模式
  Module: ReLU
test_loss: 0.0831
epoch 269
train_loss: 0.0959
Module: DropoutFullyConnectedNN
  Module: ModuleList
    Module: Linear
    Module: Linear
    Module: Linear
  Module: ModuleList
    Module: Dropout
dropout设置为训练模式
    Module: Dropout
dropout设置为训练模式
    Module: Dropout
dropout设置为训练模式
  Module: ReLU
test_loss: 0.0833
epoch 270
train_loss: 0.0962
Module: DropoutFullyConnectedNN
  Module: ModuleList
    Module: Linear
    Module: Linear
    Module: Linear
  Module: ModuleList
    Module: Dropout
dropout设置为训练模式
    Module: Dropout
dropout设置为训练模式
    Module: Dropout
dropout设置为训练模式
  Module: ReLU
test_loss: 0.0830
epoch 271
train_loss: 0.0971
Module: DropoutFullyConnectedNN
  Module: ModuleList
    Module: Linear
    Module: Linear
    Module: Linear
  Module: ModuleList
    Module: Dropout
dropout设置为训练模式
    Module: Dropout
dropout设置为训练模式
    Module: Dropout
dropout设置为训练模式
  Module: ReLU
test_loss: 0.0829
epoch 272
train_loss: 0.0970
Module: DropoutFullyConnectedNN
  Module: ModuleList
    Module: Linear
    Module: Linear
    Module: Linear
  Module: ModuleList
    Module: Dropout
dropout设置为训练模式
    Module: Dropout
dropout设置为训练模式
    Module: Dropout
dropout设置为训练模式
  Module: ReLU
test_loss: 0.0832
epoch 273
train_loss: 0.0951
Module: DropoutFullyConnectedNN
  Module: ModuleList
    Module: Linear
    Module: Linear
    Module: Linear
  Module: ModuleList
    Module: Dropout
dropout设置为训练模式
    Module: Dropout
dropout设置为训练模式
    Module: Dropout
dropout设置为训练模式
  Module: ReLU
test_loss: 0.0831
epoch 274
train_loss: 0.0961
Module: DropoutFullyConnectedNN
  Module: ModuleList
    Module: Linear
    Module: Linear
    Module: Linear
  Module: ModuleList
    Module: Dropout
dropout设置为训练模式
    Module: Dropout
dropout设置为训练模式
    Module: Dropout
dropout设置为训练模式
  Module: ReLU
test_loss: 0.0828
epoch 275
train_loss: 0.0954
Module: DropoutFullyConnectedNN
  Module: ModuleList
    Module: Linear
    Module: Linear
    Module: Linear
  Module: ModuleList
    Module: Dropout
dropout设置为训练模式
    Module: Dropout
dropout设置为训练模式
    Module: Dropout
dropout设置为训练模式
  Module: ReLU
test_loss: 0.0834
epoch 276
train_loss: 0.0956
Module: DropoutFullyConnectedNN
  Module: ModuleList
    Module: Linear
    Module: Linear
    Module: Linear
  Module: ModuleList
    Module: Dropout
dropout设置为训练模式
    Module: Dropout
dropout设置为训练模式
    Module: Dropout
dropout设置为训练模式
  Module: ReLU
test_loss: 0.0827
epoch 277
train_loss: 0.0959
Module: DropoutFullyConnectedNN
  Module: ModuleList
    Module: Linear
    Module: Linear
    Module: Linear
  Module: ModuleList
    Module: Dropout
dropout设置为训练模式
    Module: Dropout
dropout设置为训练模式
    Module: Dropout
dropout设置为训练模式
  Module: ReLU
test_loss: 0.0834
epoch 278
train_loss: 0.0963
Module: DropoutFullyConnectedNN
  Module: ModuleList
    Module: Linear
    Module: Linear
    Module: Linear
  Module: ModuleList
    Module: Dropout
dropout设置为训练模式
    Module: Dropout
dropout设置为训练模式
    Module: Dropout
dropout设置为训练模式
  Module: ReLU
test_loss: 0.0828
epoch 279
train_loss: 0.0948
Module: DropoutFullyConnectedNN
  Module: ModuleList
    Module: Linear
    Module: Linear
    Module: Linear
  Module: ModuleList
    Module: Dropout
dropout设置为训练模式
    Module: Dropout
dropout设置为训练模式
    Module: Dropout
dropout设置为训练模式
  Module: ReLU
test_loss: 0.0827
epoch 280
train_loss: 0.0954
Module: DropoutFullyConnectedNN
  Module: ModuleList
    Module: Linear
    Module: Linear
    Module: Linear
  Module: ModuleList
    Module: Dropout
dropout设置为训练模式
    Module: Dropout
dropout设置为训练模式
    Module: Dropout
dropout设置为训练模式
  Module: ReLU
test_loss: 0.0830
epoch 281
train_loss: 0.0958
Module: DropoutFullyConnectedNN
  Module: ModuleList
    Module: Linear
    Module: Linear
    Module: Linear
  Module: ModuleList
    Module: Dropout
dropout设置为训练模式
    Module: Dropout
dropout设置为训练模式
    Module: Dropout
dropout设置为训练模式
  Module: ReLU
test_loss: 0.0825
epoch 282
train_loss: 0.0958
Module: DropoutFullyConnectedNN
  Module: ModuleList
    Module: Linear
    Module: Linear
    Module: Linear
  Module: ModuleList
    Module: Dropout
dropout设置为训练模式
    Module: Dropout
dropout设置为训练模式
    Module: Dropout
dropout设置为训练模式
  Module: ReLU
test_loss: 0.0821
epoch 283
train_loss: 0.0979
Module: DropoutFullyConnectedNN
  Module: ModuleList
    Module: Linear
    Module: Linear
    Module: Linear
  Module: ModuleList
    Module: Dropout
dropout设置为训练模式
    Module: Dropout
dropout设置为训练模式
    Module: Dropout
dropout设置为训练模式
  Module: ReLU
test_loss: 0.0828
epoch 284
train_loss: 0.0945
Module: DropoutFullyConnectedNN
  Module: ModuleList
    Module: Linear
    Module: Linear
    Module: Linear
  Module: ModuleList
    Module: Dropout
dropout设置为训练模式
    Module: Dropout
dropout设置为训练模式
    Module: Dropout
dropout设置为训练模式
  Module: ReLU
test_loss: 0.0823
epoch 285
train_loss: 0.0948
Module: DropoutFullyConnectedNN
  Module: ModuleList
    Module: Linear
    Module: Linear
    Module: Linear
  Module: ModuleList
    Module: Dropout
dropout设置为训练模式
    Module: Dropout
dropout设置为训练模式
    Module: Dropout
dropout设置为训练模式
  Module: ReLU
test_loss: 0.0829
epoch 286
train_loss: 0.0922
Module: DropoutFullyConnectedNN
  Module: ModuleList
    Module: Linear
    Module: Linear
    Module: Linear
  Module: ModuleList
    Module: Dropout
dropout设置为训练模式
    Module: Dropout
dropout设置为训练模式
    Module: Dropout
dropout设置为训练模式
  Module: ReLU
test_loss: 0.0831
epoch 287
train_loss: 0.0951
Module: DropoutFullyConnectedNN
  Module: ModuleList
    Module: Linear
    Module: Linear
    Module: Linear
  Module: ModuleList
    Module: Dropout
dropout设置为训练模式
    Module: Dropout
dropout设置为训练模式
    Module: Dropout
dropout设置为训练模式
  Module: ReLU
test_loss: 0.0820
epoch 288
train_loss: 0.0964
Module: DropoutFullyConnectedNN
  Module: ModuleList
    Module: Linear
    Module: Linear
    Module: Linear
  Module: ModuleList
    Module: Dropout
dropout设置为训练模式
    Module: Dropout
dropout设置为训练模式
    Module: Dropout
dropout设置为训练模式
  Module: ReLU
test_loss: 0.0821
epoch 289
train_loss: 0.0975
Module: DropoutFullyConnectedNN
  Module: ModuleList
    Module: Linear
    Module: Linear
    Module: Linear
  Module: ModuleList
    Module: Dropout
dropout设置为训练模式
    Module: Dropout
dropout设置为训练模式
    Module: Dropout
dropout设置为训练模式
  Module: ReLU
test_loss: 0.0817
epoch 290
train_loss: 0.0940
Module: DropoutFullyConnectedNN
  Module: ModuleList
    Module: Linear
    Module: Linear
    Module: Linear
  Module: ModuleList
    Module: Dropout
dropout设置为训练模式
    Module: Dropout
dropout设置为训练模式
    Module: Dropout
dropout设置为训练模式
  Module: ReLU
test_loss: 0.0821
epoch 291
train_loss: 0.0941
Module: DropoutFullyConnectedNN
  Module: ModuleList
    Module: Linear
    Module: Linear
    Module: Linear
  Module: ModuleList
    Module: Dropout
dropout设置为训练模式
    Module: Dropout
dropout设置为训练模式
    Module: Dropout
dropout设置为训练模式
  Module: ReLU
test_loss: 0.0825
epoch 292
train_loss: 0.0962
Module: DropoutFullyConnectedNN
  Module: ModuleList
    Module: Linear
    Module: Linear
    Module: Linear
  Module: ModuleList
    Module: Dropout
dropout设置为训练模式
    Module: Dropout
dropout设置为训练模式
    Module: Dropout
dropout设置为训练模式
  Module: ReLU
test_loss: 0.0822
epoch 293
train_loss: 0.0957
Module: DropoutFullyConnectedNN
  Module: ModuleList
    Module: Linear
    Module: Linear
    Module: Linear
  Module: ModuleList
    Module: Dropout
dropout设置为训练模式
    Module: Dropout
dropout设置为训练模式
    Module: Dropout
dropout设置为训练模式
  Module: ReLU
test_loss: 0.0824
epoch 294
train_loss: 0.0965
Module: DropoutFullyConnectedNN
  Module: ModuleList
    Module: Linear
    Module: Linear
    Module: Linear
  Module: ModuleList
    Module: Dropout
dropout设置为训练模式
    Module: Dropout
dropout设置为训练模式
    Module: Dropout
dropout设置为训练模式
  Module: ReLU
test_loss: 0.0814
epoch 295
train_loss: 0.0933
Module: DropoutFullyConnectedNN
  Module: ModuleList
    Module: Linear
    Module: Linear
    Module: Linear
  Module: ModuleList
    Module: Dropout
dropout设置为训练模式
    Module: Dropout
dropout设置为训练模式
    Module: Dropout
dropout设置为训练模式
  Module: ReLU
test_loss: 0.0809
epoch 296
train_loss: 0.0925
Module: DropoutFullyConnectedNN
  Module: ModuleList
    Module: Linear
    Module: Linear
    Module: Linear
  Module: ModuleList
    Module: Dropout
dropout设置为训练模式
    Module: Dropout
dropout设置为训练模式
    Module: Dropout
dropout设置为训练模式
  Module: ReLU
test_loss: 0.0819
epoch 297
train_loss: 0.0931
Module: DropoutFullyConnectedNN
  Module: ModuleList
    Module: Linear
    Module: Linear
    Module: Linear
  Module: ModuleList
    Module: Dropout
dropout设置为训练模式
    Module: Dropout
dropout设置为训练模式
    Module: Dropout
dropout设置为训练模式
  Module: ReLU
test_loss: 0.0816
epoch 298
train_loss: 0.0925
Module: DropoutFullyConnectedNN
  Module: ModuleList
    Module: Linear
    Module: Linear
    Module: Linear
  Module: ModuleList
    Module: Dropout
dropout设置为训练模式
    Module: Dropout
dropout设置为训练模式
    Module: Dropout
dropout设置为训练模式
  Module: ReLU
test_loss: 0.0818
epoch 299
train_loss: 0.0919
Module: DropoutFullyConnectedNN
  Module: ModuleList
    Module: Linear
    Module: Linear
    Module: Linear
  Module: ModuleList
    Module: Dropout
dropout设置为训练模式
    Module: Dropout
dropout设置为训练模式
    Module: Dropout
dropout设置为训练模式
  Module: ReLU
test_loss: 0.0810
epoch 300
train_loss: 0.0947
Module: DropoutFullyConnectedNN
  Module: ModuleList
    Module: Linear
    Module: Linear
    Module: Linear
  Module: ModuleList
    Module: Dropout
dropout设置为训练模式
    Module: Dropout
dropout设置为训练模式
    Module: Dropout
dropout设置为训练模式
  Module: ReLU
test_loss: 0.0815
epoch 301
train_loss: 0.0921
Module: DropoutFullyConnectedNN
  Module: ModuleList
    Module: Linear
    Module: Linear
    Module: Linear
  Module: ModuleList
    Module: Dropout
dropout设置为训练模式
    Module: Dropout
dropout设置为训练模式
    Module: Dropout
dropout设置为训练模式
  Module: ReLU
test_loss: 0.0818
epoch 302
train_loss: 0.0952
Module: DropoutFullyConnectedNN
  Module: ModuleList
    Module: Linear
    Module: Linear
    Module: Linear
  Module: ModuleList
    Module: Dropout
dropout设置为训练模式
    Module: Dropout
dropout设置为训练模式
    Module: Dropout
dropout设置为训练模式
  Module: ReLU
test_loss: 0.0813
epoch 303
train_loss: 0.0927
Module: DropoutFullyConnectedNN
  Module: ModuleList
    Module: Linear
    Module: Linear
    Module: Linear
  Module: ModuleList
    Module: Dropout
dropout设置为训练模式
    Module: Dropout
dropout设置为训练模式
    Module: Dropout
dropout设置为训练模式
  Module: ReLU
test_loss: 0.0817
epoch 304
train_loss: 0.0923
Module: DropoutFullyConnectedNN
  Module: ModuleList
    Module: Linear
    Module: Linear
    Module: Linear
  Module: ModuleList
    Module: Dropout
dropout设置为训练模式
    Module: Dropout
dropout设置为训练模式
    Module: Dropout
dropout设置为训练模式
  Module: ReLU
test_loss: 0.0817
epoch 305
train_loss: 0.0926
Module: DropoutFullyConnectedNN
  Module: ModuleList
    Module: Linear
    Module: Linear
    Module: Linear
  Module: ModuleList
    Module: Dropout
dropout设置为训练模式
    Module: Dropout
dropout设置为训练模式
    Module: Dropout
dropout设置为训练模式
  Module: ReLU
test_loss: 0.0811
epoch 306
train_loss: 0.0936
Module: DropoutFullyConnectedNN
  Module: ModuleList
    Module: Linear
    Module: Linear
    Module: Linear
  Module: ModuleList
    Module: Dropout
dropout设置为训练模式
    Module: Dropout
dropout设置为训练模式
    Module: Dropout
dropout设置为训练模式
  Module: ReLU
test_loss: 0.0811
epoch 307
train_loss: 0.0940
Module: DropoutFullyConnectedNN
  Module: ModuleList
    Module: Linear
    Module: Linear
    Module: Linear
  Module: ModuleList
    Module: Dropout
dropout设置为训练模式
    Module: Dropout
dropout设置为训练模式
    Module: Dropout
dropout设置为训练模式
  Module: ReLU
test_loss: 0.0810
epoch 308
train_loss: 0.0911
Module: DropoutFullyConnectedNN
  Module: ModuleList
    Module: Linear
    Module: Linear
    Module: Linear
  Module: ModuleList
    Module: Dropout
dropout设置为训练模式
    Module: Dropout
dropout设置为训练模式
    Module: Dropout
dropout设置为训练模式
  Module: ReLU
test_loss: 0.0811
epoch 309
train_loss: 0.0938
Module: DropoutFullyConnectedNN
  Module: ModuleList
    Module: Linear
    Module: Linear
    Module: Linear
  Module: ModuleList
    Module: Dropout
dropout设置为训练模式
    Module: Dropout
dropout设置为训练模式
    Module: Dropout
dropout设置为训练模式
  Module: ReLU
test_loss: 0.0802
epoch 310
train_loss: 0.0921
Module: DropoutFullyConnectedNN
  Module: ModuleList
    Module: Linear
    Module: Linear
    Module: Linear
  Module: ModuleList
    Module: Dropout
dropout设置为训练模式
    Module: Dropout
dropout设置为训练模式
    Module: Dropout
dropout设置为训练模式
  Module: ReLU
test_loss: 0.0807
epoch 311
train_loss: 0.0908
Module: DropoutFullyConnectedNN
  Module: ModuleList
    Module: Linear
    Module: Linear
    Module: Linear
  Module: ModuleList
    Module: Dropout
dropout设置为训练模式
    Module: Dropout
dropout设置为训练模式
    Module: Dropout
dropout设置为训练模式
  Module: ReLU
test_loss: 0.0809
epoch 312
train_loss: 0.0914
Module: DropoutFullyConnectedNN
  Module: ModuleList
    Module: Linear
    Module: Linear
    Module: Linear
  Module: ModuleList
    Module: Dropout
dropout设置为训练模式
    Module: Dropout
dropout设置为训练模式
    Module: Dropout
dropout设置为训练模式
  Module: ReLU
test_loss: 0.0810
epoch 313
train_loss: 0.0932
Module: DropoutFullyConnectedNN
  Module: ModuleList
    Module: Linear
    Module: Linear
    Module: Linear
  Module: ModuleList
    Module: Dropout
dropout设置为训练模式
    Module: Dropout
dropout设置为训练模式
    Module: Dropout
dropout设置为训练模式
  Module: ReLU
test_loss: 0.0806
epoch 314
train_loss: 0.0919
Module: DropoutFullyConnectedNN
  Module: ModuleList
    Module: Linear
    Module: Linear
    Module: Linear
  Module: ModuleList
    Module: Dropout
dropout设置为训练模式
    Module: Dropout
dropout设置为训练模式
    Module: Dropout
dropout设置为训练模式
  Module: ReLU
test_loss: 0.0808
epoch 315
train_loss: 0.0962
Module: DropoutFullyConnectedNN
  Module: ModuleList
    Module: Linear
    Module: Linear
    Module: Linear
  Module: ModuleList
    Module: Dropout
dropout设置为训练模式
    Module: Dropout
dropout设置为训练模式
    Module: Dropout
dropout设置为训练模式
  Module: ReLU
test_loss: 0.0811
epoch 316
train_loss: 0.0943
Module: DropoutFullyConnectedNN
  Module: ModuleList
    Module: Linear
    Module: Linear
    Module: Linear
  Module: ModuleList
    Module: Dropout
dropout设置为训练模式
    Module: Dropout
dropout设置为训练模式
    Module: Dropout
dropout设置为训练模式
  Module: ReLU
test_loss: 0.0811
epoch 317
train_loss: 0.0914
Module: DropoutFullyConnectedNN
  Module: ModuleList
    Module: Linear
    Module: Linear
    Module: Linear
  Module: ModuleList
    Module: Dropout
dropout设置为训练模式
    Module: Dropout
dropout设置为训练模式
    Module: Dropout
dropout设置为训练模式
  Module: ReLU
test_loss: 0.0809
epoch 318
train_loss: 0.0925
Module: DropoutFullyConnectedNN
  Module: ModuleList
    Module: Linear
    Module: Linear
    Module: Linear
  Module: ModuleList
    Module: Dropout
dropout设置为训练模式
    Module: Dropout
dropout设置为训练模式
    Module: Dropout
dropout设置为训练模式
  Module: ReLU
test_loss: 0.0811
epoch 319
train_loss: 0.0913
Module: DropoutFullyConnectedNN
  Module: ModuleList
    Module: Linear
    Module: Linear
    Module: Linear
  Module: ModuleList
    Module: Dropout
dropout设置为训练模式
    Module: Dropout
dropout设置为训练模式
    Module: Dropout
dropout设置为训练模式
  Module: ReLU
test_loss: 0.0811
epoch 320
train_loss: 0.0931
Module: DropoutFullyConnectedNN
  Module: ModuleList
    Module: Linear
    Module: Linear
    Module: Linear
  Module: ModuleList
    Module: Dropout
dropout设置为训练模式
    Module: Dropout
dropout设置为训练模式
    Module: Dropout
dropout设置为训练模式
  Module: ReLU
test_loss: 0.0808
epoch 321
train_loss: 0.0925
Module: DropoutFullyConnectedNN
  Module: ModuleList
    Module: Linear
    Module: Linear
    Module: Linear
  Module: ModuleList
    Module: Dropout
dropout设置为训练模式
    Module: Dropout
dropout设置为训练模式
    Module: Dropout
dropout设置为训练模式
  Module: ReLU
test_loss: 0.0803
epoch 322
train_loss: 0.0946
Module: DropoutFullyConnectedNN
  Module: ModuleList
    Module: Linear
    Module: Linear
    Module: Linear
  Module: ModuleList
    Module: Dropout
dropout设置为训练模式
    Module: Dropout
dropout设置为训练模式
    Module: Dropout
dropout设置为训练模式
  Module: ReLU
test_loss: 0.0804
epoch 323
train_loss: 0.0916
Module: DropoutFullyConnectedNN
  Module: ModuleList
    Module: Linear
    Module: Linear
    Module: Linear
  Module: ModuleList
    Module: Dropout
dropout设置为训练模式
    Module: Dropout
dropout设置为训练模式
    Module: Dropout
dropout设置为训练模式
  Module: ReLU
test_loss: 0.0803
epoch 324
train_loss: 0.0910
Module: DropoutFullyConnectedNN
  Module: ModuleList
    Module: Linear
    Module: Linear
    Module: Linear
  Module: ModuleList
    Module: Dropout
dropout设置为训练模式
    Module: Dropout
dropout设置为训练模式
    Module: Dropout
dropout设置为训练模式
  Module: ReLU
test_loss: 0.0799
epoch 325
train_loss: 0.0903
Module: DropoutFullyConnectedNN
  Module: ModuleList
    Module: Linear
    Module: Linear
    Module: Linear
  Module: ModuleList
    Module: Dropout
dropout设置为训练模式
    Module: Dropout
dropout设置为训练模式
    Module: Dropout
dropout设置为训练模式
  Module: ReLU
test_loss: 0.0798
epoch 326
train_loss: 0.0928
Module: DropoutFullyConnectedNN
  Module: ModuleList
    Module: Linear
    Module: Linear
    Module: Linear
  Module: ModuleList
    Module: Dropout
dropout设置为训练模式
    Module: Dropout
dropout设置为训练模式
    Module: Dropout
dropout设置为训练模式
  Module: ReLU
test_loss: 0.0801
epoch 327
train_loss: 0.0924
Module: DropoutFullyConnectedNN
  Module: ModuleList
    Module: Linear
    Module: Linear
    Module: Linear
  Module: ModuleList
    Module: Dropout
dropout设置为训练模式
    Module: Dropout
dropout设置为训练模式
    Module: Dropout
dropout设置为训练模式
  Module: ReLU
test_loss: 0.0796
epoch 328
train_loss: 0.0924
Module: DropoutFullyConnectedNN
  Module: ModuleList
    Module: Linear
    Module: Linear
    Module: Linear
  Module: ModuleList
    Module: Dropout
dropout设置为训练模式
    Module: Dropout
dropout设置为训练模式
    Module: Dropout
dropout设置为训练模式
  Module: ReLU
test_loss: 0.0798
epoch 329
train_loss: 0.0932
Module: DropoutFullyConnectedNN
  Module: ModuleList
    Module: Linear
    Module: Linear
    Module: Linear
  Module: ModuleList
    Module: Dropout
dropout设置为训练模式
    Module: Dropout
dropout设置为训练模式
    Module: Dropout
dropout设置为训练模式
  Module: ReLU
test_loss: 0.0798
epoch 330
train_loss: 0.0919
Module: DropoutFullyConnectedNN
  Module: ModuleList
    Module: Linear
    Module: Linear
    Module: Linear
  Module: ModuleList
    Module: Dropout
dropout设置为训练模式
    Module: Dropout
dropout设置为训练模式
    Module: Dropout
dropout设置为训练模式
  Module: ReLU
test_loss: 0.0801
epoch 331
train_loss: 0.0926
Module: DropoutFullyConnectedNN
  Module: ModuleList
    Module: Linear
    Module: Linear
    Module: Linear
  Module: ModuleList
    Module: Dropout
dropout设置为训练模式
    Module: Dropout
dropout设置为训练模式
    Module: Dropout
dropout设置为训练模式
  Module: ReLU
test_loss: 0.0797
epoch 332
train_loss: 0.0895
Module: DropoutFullyConnectedNN
  Module: ModuleList
    Module: Linear
    Module: Linear
    Module: Linear
  Module: ModuleList
    Module: Dropout
dropout设置为训练模式
    Module: Dropout
dropout设置为训练模式
    Module: Dropout
dropout设置为训练模式
  Module: ReLU
test_loss: 0.0794
epoch 333
train_loss: 0.0900
Module: DropoutFullyConnectedNN
  Module: ModuleList
    Module: Linear
    Module: Linear
    Module: Linear
  Module: ModuleList
    Module: Dropout
dropout设置为训练模式
    Module: Dropout
dropout设置为训练模式
    Module: Dropout
dropout设置为训练模式
  Module: ReLU
test_loss: 0.0797
epoch 334
train_loss: 0.0900
Module: DropoutFullyConnectedNN
  Module: ModuleList
    Module: Linear
    Module: Linear
    Module: Linear
  Module: ModuleList
    Module: Dropout
dropout设置为训练模式
    Module: Dropout
dropout设置为训练模式
    Module: Dropout
dropout设置为训练模式
  Module: ReLU
test_loss: 0.0798
epoch 335
train_loss: 0.0885
Module: DropoutFullyConnectedNN
  Module: ModuleList
    Module: Linear
    Module: Linear
    Module: Linear
  Module: ModuleList
    Module: Dropout
dropout设置为训练模式
    Module: Dropout
dropout设置为训练模式
    Module: Dropout
dropout设置为训练模式
  Module: ReLU
test_loss: 0.0789
epoch 336
train_loss: 0.0916
Module: DropoutFullyConnectedNN
  Module: ModuleList
    Module: Linear
    Module: Linear
    Module: Linear
  Module: ModuleList
    Module: Dropout
dropout设置为训练模式
    Module: Dropout
dropout设置为训练模式
    Module: Dropout
dropout设置为训练模式
  Module: ReLU
test_loss: 0.0794
epoch 337
train_loss: 0.0910
Module: DropoutFullyConnectedNN
  Module: ModuleList
    Module: Linear
    Module: Linear
    Module: Linear
  Module: ModuleList
    Module: Dropout
dropout设置为训练模式
    Module: Dropout
dropout设置为训练模式
    Module: Dropout
dropout设置为训练模式
  Module: ReLU
test_loss: 0.0795
epoch 338
train_loss: 0.0909
Module: DropoutFullyConnectedNN
  Module: ModuleList
    Module: Linear
    Module: Linear
    Module: Linear
  Module: ModuleList
    Module: Dropout
dropout设置为训练模式
    Module: Dropout
dropout设置为训练模式
    Module: Dropout
dropout设置为训练模式
  Module: ReLU
test_loss: 0.0795
epoch 339
train_loss: 0.0904
Module: DropoutFullyConnectedNN
  Module: ModuleList
    Module: Linear
    Module: Linear
    Module: Linear
  Module: ModuleList
    Module: Dropout
dropout设置为训练模式
    Module: Dropout
dropout设置为训练模式
    Module: Dropout
dropout设置为训练模式
  Module: ReLU
test_loss: 0.0796
epoch 340
train_loss: 0.0890
Module: DropoutFullyConnectedNN
  Module: ModuleList
    Module: Linear
    Module: Linear
    Module: Linear
  Module: ModuleList
    Module: Dropout
dropout设置为训练模式
    Module: Dropout
dropout设置为训练模式
    Module: Dropout
dropout设置为训练模式
  Module: ReLU
test_loss: 0.0792
epoch 341
train_loss: 0.0888
Module: DropoutFullyConnectedNN
  Module: ModuleList
    Module: Linear
    Module: Linear
    Module: Linear
  Module: ModuleList
    Module: Dropout
dropout设置为训练模式
    Module: Dropout
dropout设置为训练模式
    Module: Dropout
dropout设置为训练模式
  Module: ReLU
test_loss: 0.0796
epoch 342
train_loss: 0.0905
Module: DropoutFullyConnectedNN
  Module: ModuleList
    Module: Linear
    Module: Linear
    Module: Linear
  Module: ModuleList
    Module: Dropout
dropout设置为训练模式
    Module: Dropout
dropout设置为训练模式
    Module: Dropout
dropout设置为训练模式
  Module: ReLU
test_loss: 0.0797
epoch 343
train_loss: 0.0900
Module: DropoutFullyConnectedNN
  Module: ModuleList
    Module: Linear
    Module: Linear
    Module: Linear
  Module: ModuleList
    Module: Dropout
dropout设置为训练模式
    Module: Dropout
dropout设置为训练模式
    Module: Dropout
dropout设置为训练模式
  Module: ReLU
test_loss: 0.0788
epoch 344
train_loss: 0.0919
Module: DropoutFullyConnectedNN
  Module: ModuleList
    Module: Linear
    Module: Linear
    Module: Linear
  Module: ModuleList
    Module: Dropout
dropout设置为训练模式
    Module: Dropout
dropout设置为训练模式
    Module: Dropout
dropout设置为训练模式
  Module: ReLU
test_loss: 0.0790
epoch 345
train_loss: 0.0912
Module: DropoutFullyConnectedNN
  Module: ModuleList
    Module: Linear
    Module: Linear
    Module: Linear
  Module: ModuleList
    Module: Dropout
dropout设置为训练模式
    Module: Dropout
dropout设置为训练模式
    Module: Dropout
dropout设置为训练模式
  Module: ReLU
test_loss: 0.0790
epoch 346
train_loss: 0.0913
Module: DropoutFullyConnectedNN
  Module: ModuleList
    Module: Linear
    Module: Linear
    Module: Linear
  Module: ModuleList
    Module: Dropout
dropout设置为训练模式
    Module: Dropout
dropout设置为训练模式
    Module: Dropout
dropout设置为训练模式
  Module: ReLU
test_loss: 0.0793
epoch 347
train_loss: 0.0895
Module: DropoutFullyConnectedNN
  Module: ModuleList
    Module: Linear
    Module: Linear
    Module: Linear
  Module: ModuleList
    Module: Dropout
dropout设置为训练模式
    Module: Dropout
dropout设置为训练模式
    Module: Dropout
dropout设置为训练模式
  Module: ReLU
test_loss: 0.0793
epoch 348
train_loss: 0.0894
Module: DropoutFullyConnectedNN
  Module: ModuleList
    Module: Linear
    Module: Linear
    Module: Linear
  Module: ModuleList
    Module: Dropout
dropout设置为训练模式
    Module: Dropout
dropout设置为训练模式
    Module: Dropout
dropout设置为训练模式
  Module: ReLU
test_loss: 0.0791
epoch 349
train_loss: 0.0904
Module: DropoutFullyConnectedNN
  Module: ModuleList
    Module: Linear
    Module: Linear
    Module: Linear
  Module: ModuleList
    Module: Dropout
dropout设置为训练模式
    Module: Dropout
dropout设置为训练模式
    Module: Dropout
dropout设置为训练模式
  Module: ReLU
test_loss: 0.0788
epoch 350
train_loss: 0.0914
Module: DropoutFullyConnectedNN
  Module: ModuleList
    Module: Linear
    Module: Linear
    Module: Linear
  Module: ModuleList
    Module: Dropout
dropout设置为训练模式
    Module: Dropout
dropout设置为训练模式
    Module: Dropout
dropout设置为训练模式
  Module: ReLU
test_loss: 0.0789
epoch 351
train_loss: 0.0886
Module: DropoutFullyConnectedNN
  Module: ModuleList
    Module: Linear
    Module: Linear
    Module: Linear
  Module: ModuleList
    Module: Dropout
dropout设置为训练模式
    Module: Dropout
dropout设置为训练模式
    Module: Dropout
dropout设置为训练模式
  Module: ReLU
test_loss: 0.0793
epoch 352
train_loss: 0.0886
Module: DropoutFullyConnectedNN
  Module: ModuleList
    Module: Linear
    Module: Linear
    Module: Linear
  Module: ModuleList
    Module: Dropout
dropout设置为训练模式
    Module: Dropout
dropout设置为训练模式
    Module: Dropout
dropout设置为训练模式
  Module: ReLU
test_loss: 0.0789
epoch 353
train_loss: 0.0893
Module: DropoutFullyConnectedNN
  Module: ModuleList
    Module: Linear
    Module: Linear
    Module: Linear
  Module: ModuleList
    Module: Dropout
dropout设置为训练模式
    Module: Dropout
dropout设置为训练模式
    Module: Dropout
dropout设置为训练模式
  Module: ReLU
test_loss: 0.0789
epoch 354
train_loss: 0.0917
Module: DropoutFullyConnectedNN
  Module: ModuleList
    Module: Linear
    Module: Linear
    Module: Linear
  Module: ModuleList
    Module: Dropout
dropout设置为训练模式
    Module: Dropout
dropout设置为训练模式
    Module: Dropout
dropout设置为训练模式
  Module: ReLU
test_loss: 0.0793
epoch 355
train_loss: 0.0901
Module: DropoutFullyConnectedNN
  Module: ModuleList
    Module: Linear
    Module: Linear
    Module: Linear
  Module: ModuleList
    Module: Dropout
dropout设置为训练模式
    Module: Dropout
dropout设置为训练模式
    Module: Dropout
dropout设置为训练模式
  Module: ReLU
test_loss: 0.0788
epoch 356
train_loss: 0.0901
Module: DropoutFullyConnectedNN
  Module: ModuleList
    Module: Linear
    Module: Linear
    Module: Linear
  Module: ModuleList
    Module: Dropout
dropout设置为训练模式
    Module: Dropout
dropout设置为训练模式
    Module: Dropout
dropout设置为训练模式
  Module: ReLU
test_loss: 0.0786
epoch 357
train_loss: 0.0934
Module: DropoutFullyConnectedNN
  Module: ModuleList
    Module: Linear
    Module: Linear
    Module: Linear
  Module: ModuleList
    Module: Dropout
dropout设置为训练模式
    Module: Dropout
dropout设置为训练模式
    Module: Dropout
dropout设置为训练模式
  Module: ReLU
test_loss: 0.0790
epoch 358
train_loss: 0.0905
Module: DropoutFullyConnectedNN
  Module: ModuleList
    Module: Linear
    Module: Linear
    Module: Linear
  Module: ModuleList
    Module: Dropout
dropout设置为训练模式
    Module: Dropout
dropout设置为训练模式
    Module: Dropout
dropout设置为训练模式
  Module: ReLU
test_loss: 0.0785
epoch 359
train_loss: 0.0928
Module: DropoutFullyConnectedNN
  Module: ModuleList
    Module: Linear
    Module: Linear
    Module: Linear
  Module: ModuleList
    Module: Dropout
dropout设置为训练模式
    Module: Dropout
dropout设置为训练模式
    Module: Dropout
dropout设置为训练模式
  Module: ReLU
test_loss: 0.0788
epoch 360
train_loss: 0.0900
Module: DropoutFullyConnectedNN
  Module: ModuleList
    Module: Linear
    Module: Linear
    Module: Linear
  Module: ModuleList
    Module: Dropout
dropout设置为训练模式
    Module: Dropout
dropout设置为训练模式
    Module: Dropout
dropout设置为训练模式
  Module: ReLU
test_loss: 0.0787
epoch 361
train_loss: 0.0919
Module: DropoutFullyConnectedNN
  Module: ModuleList
    Module: Linear
    Module: Linear
    Module: Linear
  Module: ModuleList
    Module: Dropout
dropout设置为训练模式
    Module: Dropout
dropout设置为训练模式
    Module: Dropout
dropout设置为训练模式
  Module: ReLU
test_loss: 0.0781
epoch 362
train_loss: 0.0903
Module: DropoutFullyConnectedNN
  Module: ModuleList
    Module: Linear
    Module: Linear
    Module: Linear
  Module: ModuleList
    Module: Dropout
dropout设置为训练模式
    Module: Dropout
dropout设置为训练模式
    Module: Dropout
dropout设置为训练模式
  Module: ReLU
test_loss: 0.0788
epoch 363
train_loss: 0.0886
Module: DropoutFullyConnectedNN
  Module: ModuleList
    Module: Linear
    Module: Linear
    Module: Linear
  Module: ModuleList
    Module: Dropout
dropout设置为训练模式
    Module: Dropout
dropout设置为训练模式
    Module: Dropout
dropout设置为训练模式
  Module: ReLU
test_loss: 0.0788
epoch 364
train_loss: 0.0902
Module: DropoutFullyConnectedNN
  Module: ModuleList
    Module: Linear
    Module: Linear
    Module: Linear
  Module: ModuleList
    Module: Dropout
dropout设置为训练模式
    Module: Dropout
dropout设置为训练模式
    Module: Dropout
dropout设置为训练模式
  Module: ReLU
test_loss: 0.0782
epoch 365
train_loss: 0.0905
Module: DropoutFullyConnectedNN
  Module: ModuleList
    Module: Linear
    Module: Linear
    Module: Linear
  Module: ModuleList
    Module: Dropout
dropout设置为训练模式
    Module: Dropout
dropout设置为训练模式
    Module: Dropout
dropout设置为训练模式
  Module: ReLU
test_loss: 0.0788
epoch 366
train_loss: 0.0905
Module: DropoutFullyConnectedNN
  Module: ModuleList
    Module: Linear
    Module: Linear
    Module: Linear
  Module: ModuleList
    Module: Dropout
dropout设置为训练模式
    Module: Dropout
dropout设置为训练模式
    Module: Dropout
dropout设置为训练模式
  Module: ReLU
test_loss: 0.0783
epoch 367
train_loss: 0.0876
Module: DropoutFullyConnectedNN
  Module: ModuleList
    Module: Linear
    Module: Linear
    Module: Linear
  Module: ModuleList
    Module: Dropout
dropout设置为训练模式
    Module: Dropout
dropout设置为训练模式
    Module: Dropout
dropout设置为训练模式
  Module: ReLU
test_loss: 0.0787
epoch 368
train_loss: 0.0876
Module: DropoutFullyConnectedNN
  Module: ModuleList
    Module: Linear
    Module: Linear
    Module: Linear
  Module: ModuleList
    Module: Dropout
dropout设置为训练模式
    Module: Dropout
dropout设置为训练模式
    Module: Dropout
dropout设置为训练模式
  Module: ReLU
test_loss: 0.0787
epoch 369
train_loss: 0.0897
Module: DropoutFullyConnectedNN
  Module: ModuleList
    Module: Linear
    Module: Linear
    Module: Linear
  Module: ModuleList
    Module: Dropout
dropout设置为训练模式
    Module: Dropout
dropout设置为训练模式
    Module: Dropout
dropout设置为训练模式
  Module: ReLU
test_loss: 0.0780
epoch 370
train_loss: 0.0904
Module: DropoutFullyConnectedNN
  Module: ModuleList
    Module: Linear
    Module: Linear
    Module: Linear
  Module: ModuleList
    Module: Dropout
dropout设置为训练模式
    Module: Dropout
dropout设置为训练模式
    Module: Dropout
dropout设置为训练模式
  Module: ReLU
test_loss: 0.0783
epoch 371
train_loss: 0.0871
Module: DropoutFullyConnectedNN
  Module: ModuleList
    Module: Linear
    Module: Linear
    Module: Linear
  Module: ModuleList
    Module: Dropout
dropout设置为训练模式
    Module: Dropout
dropout设置为训练模式
    Module: Dropout
dropout设置为训练模式
  Module: ReLU
test_loss: 0.0784
epoch 372
train_loss: 0.0887
Module: DropoutFullyConnectedNN
  Module: ModuleList
    Module: Linear
    Module: Linear
    Module: Linear
  Module: ModuleList
    Module: Dropout
dropout设置为训练模式
    Module: Dropout
dropout设置为训练模式
    Module: Dropout
dropout设置为训练模式
  Module: ReLU
test_loss: 0.0785
epoch 373
train_loss: 0.0871
Module: DropoutFullyConnectedNN
  Module: ModuleList
    Module: Linear
    Module: Linear
    Module: Linear
  Module: ModuleList
    Module: Dropout
dropout设置为训练模式
    Module: Dropout
dropout设置为训练模式
    Module: Dropout
dropout设置为训练模式
  Module: ReLU
test_loss: 0.0784
epoch 374
train_loss: 0.0877
Module: DropoutFullyConnectedNN
  Module: ModuleList
    Module: Linear
    Module: Linear
    Module: Linear
  Module: ModuleList
    Module: Dropout
dropout设置为训练模式
    Module: Dropout
dropout设置为训练模式
    Module: Dropout
dropout设置为训练模式
  Module: ReLU
test_loss: 0.0781
epoch 375
train_loss: 0.0911
Module: DropoutFullyConnectedNN
  Module: ModuleList
    Module: Linear
    Module: Linear
    Module: Linear
  Module: ModuleList
    Module: Dropout
dropout设置为训练模式
    Module: Dropout
dropout设置为训练模式
    Module: Dropout
dropout设置为训练模式
  Module: ReLU
test_loss: 0.0786
epoch 376
train_loss: 0.0874
Module: DropoutFullyConnectedNN
  Module: ModuleList
    Module: Linear
    Module: Linear
    Module: Linear
  Module: ModuleList
    Module: Dropout
dropout设置为训练模式
    Module: Dropout
dropout设置为训练模式
    Module: Dropout
dropout设置为训练模式
  Module: ReLU
test_loss: 0.0783
epoch 377
train_loss: 0.0877
Module: DropoutFullyConnectedNN
  Module: ModuleList
    Module: Linear
    Module: Linear
    Module: Linear
  Module: ModuleList
    Module: Dropout
dropout设置为训练模式
    Module: Dropout
dropout设置为训练模式
    Module: Dropout
dropout设置为训练模式
  Module: ReLU
test_loss: 0.0780
epoch 378
train_loss: 0.0869
Module: DropoutFullyConnectedNN
  Module: ModuleList
    Module: Linear
    Module: Linear
    Module: Linear
  Module: ModuleList
    Module: Dropout
dropout设置为训练模式
    Module: Dropout
dropout设置为训练模式
    Module: Dropout
dropout设置为训练模式
  Module: ReLU
test_loss: 0.0782
epoch 379
train_loss: 0.0880
Module: DropoutFullyConnectedNN
  Module: ModuleList
    Module: Linear
    Module: Linear
    Module: Linear
  Module: ModuleList
    Module: Dropout
dropout设置为训练模式
    Module: Dropout
dropout设置为训练模式
    Module: Dropout
dropout设置为训练模式
  Module: ReLU
test_loss: 0.0782
epoch 380
train_loss: 0.0878
Module: DropoutFullyConnectedNN
  Module: ModuleList
    Module: Linear
    Module: Linear
    Module: Linear
  Module: ModuleList
    Module: Dropout
dropout设置为训练模式
    Module: Dropout
dropout设置为训练模式
    Module: Dropout
dropout设置为训练模式
  Module: ReLU
test_loss: 0.0775
epoch 381
train_loss: 0.0886
Module: DropoutFullyConnectedNN
  Module: ModuleList
    Module: Linear
    Module: Linear
    Module: Linear
  Module: ModuleList
    Module: Dropout
dropout设置为训练模式
    Module: Dropout
dropout设置为训练模式
    Module: Dropout
dropout设置为训练模式
  Module: ReLU
test_loss: 0.0779
epoch 382
train_loss: 0.0893
Module: DropoutFullyConnectedNN
  Module: ModuleList
    Module: Linear
    Module: Linear
    Module: Linear
  Module: ModuleList
    Module: Dropout
dropout设置为训练模式
    Module: Dropout
dropout设置为训练模式
    Module: Dropout
dropout设置为训练模式
  Module: ReLU
test_loss: 0.0777
epoch 383
train_loss: 0.0882
Module: DropoutFullyConnectedNN
  Module: ModuleList
    Module: Linear
    Module: Linear
    Module: Linear
  Module: ModuleList
    Module: Dropout
dropout设置为训练模式
    Module: Dropout
dropout设置为训练模式
    Module: Dropout
dropout设置为训练模式
  Module: ReLU
test_loss: 0.0778
epoch 384
train_loss: 0.0881
Module: DropoutFullyConnectedNN
  Module: ModuleList
    Module: Linear
    Module: Linear
    Module: Linear
  Module: ModuleList
    Module: Dropout
dropout设置为训练模式
    Module: Dropout
dropout设置为训练模式
    Module: Dropout
dropout设置为训练模式
  Module: ReLU
test_loss: 0.0777
epoch 385
train_loss: 0.0893
Module: DropoutFullyConnectedNN
  Module: ModuleList
    Module: Linear
    Module: Linear
    Module: Linear
  Module: ModuleList
    Module: Dropout
dropout设置为训练模式
    Module: Dropout
dropout设置为训练模式
    Module: Dropout
dropout设置为训练模式
  Module: ReLU
test_loss: 0.0780
epoch 386
train_loss: 0.0869
Module: DropoutFullyConnectedNN
  Module: ModuleList
    Module: Linear
    Module: Linear
    Module: Linear
  Module: ModuleList
    Module: Dropout
dropout设置为训练模式
    Module: Dropout
dropout设置为训练模式
    Module: Dropout
dropout设置为训练模式
  Module: ReLU
test_loss: 0.0780
epoch 387
train_loss: 0.0852
Module: DropoutFullyConnectedNN
  Module: ModuleList
    Module: Linear
    Module: Linear
    Module: Linear
  Module: ModuleList
    Module: Dropout
dropout设置为训练模式
    Module: Dropout
dropout设置为训练模式
    Module: Dropout
dropout设置为训练模式
  Module: ReLU
test_loss: 0.0781
epoch 388
train_loss: 0.0860
Module: DropoutFullyConnectedNN
  Module: ModuleList
    Module: Linear
    Module: Linear
    Module: Linear
  Module: ModuleList
    Module: Dropout
dropout设置为训练模式
    Module: Dropout
dropout设置为训练模式
    Module: Dropout
dropout设置为训练模式
  Module: ReLU
test_loss: 0.0775
epoch 389
train_loss: 0.0890
Module: DropoutFullyConnectedNN
  Module: ModuleList
    Module: Linear
    Module: Linear
    Module: Linear
  Module: ModuleList
    Module: Dropout
dropout设置为训练模式
    Module: Dropout
dropout设置为训练模式
    Module: Dropout
dropout设置为训练模式
  Module: ReLU
test_loss: 0.0771
epoch 390
train_loss: 0.0893
Module: DropoutFullyConnectedNN
  Module: ModuleList
    Module: Linear
    Module: Linear
    Module: Linear
  Module: ModuleList
    Module: Dropout
dropout设置为训练模式
    Module: Dropout
dropout设置为训练模式
    Module: Dropout
dropout设置为训练模式
  Module: ReLU
test_loss: 0.0782
epoch 391
train_loss: 0.0888
Module: DropoutFullyConnectedNN
  Module: ModuleList
    Module: Linear
    Module: Linear
    Module: Linear
  Module: ModuleList
    Module: Dropout
dropout设置为训练模式
    Module: Dropout
dropout设置为训练模式
    Module: Dropout
dropout设置为训练模式
  Module: ReLU
test_loss: 0.0777
epoch 392
train_loss: 0.0875
Module: DropoutFullyConnectedNN
  Module: ModuleList
    Module: Linear
    Module: Linear
    Module: Linear
  Module: ModuleList
    Module: Dropout
dropout设置为训练模式
    Module: Dropout
dropout设置为训练模式
    Module: Dropout
dropout设置为训练模式
  Module: ReLU
test_loss: 0.0771
epoch 393
train_loss: 0.0872
Module: DropoutFullyConnectedNN
  Module: ModuleList
    Module: Linear
    Module: Linear
    Module: Linear
  Module: ModuleList
    Module: Dropout
dropout设置为训练模式
    Module: Dropout
dropout设置为训练模式
    Module: Dropout
dropout设置为训练模式
  Module: ReLU
test_loss: 0.0773
epoch 394
train_loss: 0.0870
Module: DropoutFullyConnectedNN
  Module: ModuleList
    Module: Linear
    Module: Linear
    Module: Linear
  Module: ModuleList
    Module: Dropout
dropout设置为训练模式
    Module: Dropout
dropout设置为训练模式
    Module: Dropout
dropout设置为训练模式
  Module: ReLU
test_loss: 0.0775
epoch 395
train_loss: 0.0875
Module: DropoutFullyConnectedNN
  Module: ModuleList
    Module: Linear
    Module: Linear
    Module: Linear
  Module: ModuleList
    Module: Dropout
dropout设置为训练模式
    Module: Dropout
dropout设置为训练模式
    Module: Dropout
dropout设置为训练模式
  Module: ReLU
test_loss: 0.0769
epoch 396
train_loss: 0.0883
Module: DropoutFullyConnectedNN
  Module: ModuleList
    Module: Linear
    Module: Linear
    Module: Linear
  Module: ModuleList
    Module: Dropout
dropout设置为训练模式
    Module: Dropout
dropout设置为训练模式
    Module: Dropout
dropout设置为训练模式
  Module: ReLU
test_loss: 0.0770
epoch 397
train_loss: 0.0900
Module: DropoutFullyConnectedNN
  Module: ModuleList
    Module: Linear
    Module: Linear
    Module: Linear
  Module: ModuleList
    Module: Dropout
dropout设置为训练模式
    Module: Dropout
dropout设置为训练模式
    Module: Dropout
dropout设置为训练模式
  Module: ReLU
test_loss: 0.0772
epoch 398
train_loss: 0.0856
Module: DropoutFullyConnectedNN
  Module: ModuleList
    Module: Linear
    Module: Linear
    Module: Linear
  Module: ModuleList
    Module: Dropout
dropout设置为训练模式
    Module: Dropout
dropout设置为训练模式
    Module: Dropout
dropout设置为训练模式
  Module: ReLU
test_loss: 0.0773
epoch 399
train_loss: 0.0862
Module: DropoutFullyConnectedNN
  Module: ModuleList
    Module: Linear
    Module: Linear
    Module: Linear
  Module: ModuleList
    Module: Dropout
dropout设置为训练模式
    Module: Dropout
dropout设置为训练模式
    Module: Dropout
dropout设置为训练模式
  Module: ReLU
test_loss: 0.0775
epoch 400
train_loss: 0.0872
Module: DropoutFullyConnectedNN
  Module: ModuleList
    Module: Linear
    Module: Linear
    Module: Linear
  Module: ModuleList
    Module: Dropout
dropout设置为训练模式
    Module: Dropout
dropout设置为训练模式
    Module: Dropout
dropout设置为训练模式
  Module: ReLU
test_loss: 0.0772
epoch 401
train_loss: 0.0854
Module: DropoutFullyConnectedNN
  Module: ModuleList
    Module: Linear
    Module: Linear
    Module: Linear
  Module: ModuleList
    Module: Dropout
dropout设置为训练模式
    Module: Dropout
dropout设置为训练模式
    Module: Dropout
dropout设置为训练模式
  Module: ReLU
test_loss: 0.0771
epoch 402
train_loss: 0.0870
Module: DropoutFullyConnectedNN
  Module: ModuleList
    Module: Linear
    Module: Linear
    Module: Linear
  Module: ModuleList
    Module: Dropout
dropout设置为训练模式
    Module: Dropout
dropout设置为训练模式
    Module: Dropout
dropout设置为训练模式
  Module: ReLU
test_loss: 0.0769
epoch 403
train_loss: 0.0860
Module: DropoutFullyConnectedNN
  Module: ModuleList
    Module: Linear
    Module: Linear
    Module: Linear
  Module: ModuleList
    Module: Dropout
dropout设置为训练模式
    Module: Dropout
dropout设置为训练模式
    Module: Dropout
dropout设置为训练模式
  Module: ReLU
test_loss: 0.0777
epoch 404
train_loss: 0.0896
Module: DropoutFullyConnectedNN
  Module: ModuleList
    Module: Linear
    Module: Linear
    Module: Linear
  Module: ModuleList
    Module: Dropout
dropout设置为训练模式
    Module: Dropout
dropout设置为训练模式
    Module: Dropout
dropout设置为训练模式
  Module: ReLU
test_loss: 0.0774
epoch 405
train_loss: 0.0870
Module: DropoutFullyConnectedNN
  Module: ModuleList
    Module: Linear
    Module: Linear
    Module: Linear
  Module: ModuleList
    Module: Dropout
dropout设置为训练模式
    Module: Dropout
dropout设置为训练模式
    Module: Dropout
dropout设置为训练模式
  Module: ReLU
test_loss: 0.0770
epoch 406
train_loss: 0.0875
Module: DropoutFullyConnectedNN
  Module: ModuleList
    Module: Linear
    Module: Linear
    Module: Linear
  Module: ModuleList
    Module: Dropout
dropout设置为训练模式
    Module: Dropout
dropout设置为训练模式
    Module: Dropout
dropout设置为训练模式
  Module: ReLU
test_loss: 0.0770
epoch 407
train_loss: 0.0862
Module: DropoutFullyConnectedNN
  Module: ModuleList
    Module: Linear
    Module: Linear
    Module: Linear
  Module: ModuleList
    Module: Dropout
dropout设置为训练模式
    Module: Dropout
dropout设置为训练模式
    Module: Dropout
dropout设置为训练模式
  Module: ReLU
test_loss: 0.0771
epoch 408
train_loss: 0.0860
Module: DropoutFullyConnectedNN
  Module: ModuleList
    Module: Linear
    Module: Linear
    Module: Linear
  Module: ModuleList
    Module: Dropout
dropout设置为训练模式
    Module: Dropout
dropout设置为训练模式
    Module: Dropout
dropout设置为训练模式
  Module: ReLU
test_loss: 0.0769
epoch 409
train_loss: 0.0858
Module: DropoutFullyConnectedNN
  Module: ModuleList
    Module: Linear
    Module: Linear
    Module: Linear
  Module: ModuleList
    Module: Dropout
dropout设置为训练模式
    Module: Dropout
dropout设置为训练模式
    Module: Dropout
dropout设置为训练模式
  Module: ReLU
test_loss: 0.0771
epoch 410
train_loss: 0.0854
Module: DropoutFullyConnectedNN
  Module: ModuleList
    Module: Linear
    Module: Linear
    Module: Linear
  Module: ModuleList
    Module: Dropout
dropout设置为训练模式
    Module: Dropout
dropout设置为训练模式
    Module: Dropout
dropout设置为训练模式
  Module: ReLU
test_loss: 0.0768
epoch 411
train_loss: 0.0859
Module: DropoutFullyConnectedNN
  Module: ModuleList
    Module: Linear
    Module: Linear
    Module: Linear
  Module: ModuleList
    Module: Dropout
dropout设置为训练模式
    Module: Dropout
dropout设置为训练模式
    Module: Dropout
dropout设置为训练模式
  Module: ReLU
test_loss: 0.0771
epoch 412
train_loss: 0.0889
Module: DropoutFullyConnectedNN
  Module: ModuleList
    Module: Linear
    Module: Linear
    Module: Linear
  Module: ModuleList
    Module: Dropout
dropout设置为训练模式
    Module: Dropout
dropout设置为训练模式
    Module: Dropout
dropout设置为训练模式
  Module: ReLU
test_loss: 0.0768
epoch 413
train_loss: 0.0856
Module: DropoutFullyConnectedNN
  Module: ModuleList
    Module: Linear
    Module: Linear
    Module: Linear
  Module: ModuleList
    Module: Dropout
dropout设置为训练模式
    Module: Dropout
dropout设置为训练模式
    Module: Dropout
dropout设置为训练模式
  Module: ReLU
test_loss: 0.0770
epoch 414
train_loss: 0.0885
Module: DropoutFullyConnectedNN
  Module: ModuleList
    Module: Linear
    Module: Linear
    Module: Linear
  Module: ModuleList
    Module: Dropout
dropout设置为训练模式
    Module: Dropout
dropout设置为训练模式
    Module: Dropout
dropout设置为训练模式
  Module: ReLU
test_loss: 0.0764
epoch 415
train_loss: 0.0870
Module: DropoutFullyConnectedNN
  Module: ModuleList
    Module: Linear
    Module: Linear
    Module: Linear
  Module: ModuleList
    Module: Dropout
dropout设置为训练模式
    Module: Dropout
dropout设置为训练模式
    Module: Dropout
dropout设置为训练模式
  Module: ReLU
test_loss: 0.0766
epoch 416
train_loss: 0.0852
Module: DropoutFullyConnectedNN
  Module: ModuleList
    Module: Linear
    Module: Linear
    Module: Linear
  Module: ModuleList
    Module: Dropout
dropout设置为训练模式
    Module: Dropout
dropout设置为训练模式
    Module: Dropout
dropout设置为训练模式
  Module: ReLU
test_loss: 0.0769
epoch 417
train_loss: 0.0867
Module: DropoutFullyConnectedNN
  Module: ModuleList
    Module: Linear
    Module: Linear
    Module: Linear
  Module: ModuleList
    Module: Dropout
dropout设置为训练模式
    Module: Dropout
dropout设置为训练模式
    Module: Dropout
dropout设置为训练模式
  Module: ReLU
test_loss: 0.0769
epoch 418
train_loss: 0.0877
Module: DropoutFullyConnectedNN
  Module: ModuleList
    Module: Linear
    Module: Linear
    Module: Linear
  Module: ModuleList
    Module: Dropout
dropout设置为训练模式
    Module: Dropout
dropout设置为训练模式
    Module: Dropout
dropout设置为训练模式
  Module: ReLU
test_loss: 0.0768
epoch 419
train_loss: 0.0857
Module: DropoutFullyConnectedNN
  Module: ModuleList
    Module: Linear
    Module: Linear
    Module: Linear
  Module: ModuleList
    Module: Dropout
dropout设置为训练模式
    Module: Dropout
dropout设置为训练模式
    Module: Dropout
dropout设置为训练模式
  Module: ReLU
test_loss: 0.0771
/home/xueqiong/noise_injection_uncertainty/regression/utils.py:39: FutureWarning: The 'delim_whitespace' keyword in pd.read_csv is deprecated and will be removed in a future version. Use ``sep='\s+'`` instead
  return pd.read_csv(dataset_path, engine='python', header=None, delim_whitespace=True)
8 1
6554 1638 8192
model_name fixnoiseFCN
using Adam as optimizer
epoch 0
train_loss: 0.9009
test_loss: 0.8160
epoch 1
train_loss: 0.7123
test_loss: 0.6372
epoch 2
train_loss: 0.5705
test_loss: 0.5501
epoch 3
train_loss: 0.5124
test_loss: 0.5127
epoch 4
train_loss: 0.4809
test_loss: 0.4840
epoch 5
train_loss: 0.4523
test_loss: 0.4586
epoch 6
train_loss: 0.4311
test_loss: 0.4370
epoch 7
train_loss: 0.4106
test_loss: 0.4178
epoch 8
train_loss: 0.3919
test_loss: 0.4006
epoch 9
train_loss: 0.3759
test_loss: 0.3851
epoch 10
train_loss: 0.3612
test_loss: 0.3706
epoch 11
train_loss: 0.3483
test_loss: 0.3575
epoch 12
train_loss: 0.3346
test_loss: 0.3448
epoch 13
train_loss: 0.3216
test_loss: 0.3325
epoch 14
train_loss: 0.3100
test_loss: 0.3205
epoch 15
train_loss: 0.2987
test_loss: 0.3097
epoch 16
train_loss: 0.2892
test_loss: 0.2991
epoch 17
train_loss: 0.2787
test_loss: 0.2891
epoch 18
train_loss: 0.2674
test_loss: 0.2796
epoch 19
train_loss: 0.2576
test_loss: 0.2707
epoch 20
train_loss: 0.2534
test_loss: 0.2620
epoch 21
train_loss: 0.2433
test_loss: 0.2548
epoch 22
train_loss: 0.2363
test_loss: 0.2470
epoch 23
train_loss: 0.2295
test_loss: 0.2401
epoch 24
train_loss: 0.2242
test_loss: 0.2337
epoch 25
train_loss: 0.2169
test_loss: 0.2277
epoch 26
train_loss: 0.2130
test_loss: 0.2226
epoch 27
train_loss: 0.2099
test_loss: 0.2177
epoch 28
train_loss: 0.2029
test_loss: 0.2131
epoch 29
train_loss: 0.1987
test_loss: 0.2093
epoch 30
train_loss: 0.1955
test_loss: 0.2046
epoch 31
train_loss: 0.1932
test_loss: 0.2007
epoch 32
train_loss: 0.1894
test_loss: 0.1979
epoch 33
train_loss: 0.1868
test_loss: 0.1938
epoch 34
train_loss: 0.1838
test_loss: 0.1913
epoch 35
train_loss: 0.1789
test_loss: 0.1874
epoch 36
train_loss: 0.1769
test_loss: 0.1859
epoch 37
train_loss: 0.1724
test_loss: 0.1821
epoch 38
train_loss: 0.1700
test_loss: 0.1795
epoch 39
train_loss: 0.1693
test_loss: 0.1779
epoch 40
train_loss: 0.1678
test_loss: 0.1747
epoch 41
train_loss: 0.1650
test_loss: 0.1728
epoch 42
train_loss: 0.1634
test_loss: 0.1708
epoch 43
train_loss: 0.1620
test_loss: 0.1677
epoch 44
train_loss: 0.1613
test_loss: 0.1658
epoch 45
train_loss: 0.1598
test_loss: 0.1641
epoch 46
train_loss: 0.1556
test_loss: 0.1623
epoch 47
train_loss: 0.1553
test_loss: 0.1615
epoch 48
train_loss: 0.1555
test_loss: 0.1589
epoch 49
train_loss: 0.1540
test_loss: 0.1567
epoch 50
train_loss: 0.1526
test_loss: 0.1555
epoch 51
train_loss: 0.1503
test_loss: 0.1541
epoch 52
train_loss: 0.1491
test_loss: 0.1521
epoch 53
train_loss: 0.1486
test_loss: 0.1503
epoch 54
train_loss: 0.1459
test_loss: 0.1489
epoch 55
train_loss: 0.1462
test_loss: 0.1477
epoch 56
train_loss: 0.1444
test_loss: 0.1463
epoch 57
train_loss: 0.1423
test_loss: 0.1453
epoch 58
train_loss: 0.1406
test_loss: 0.1440
epoch 59
train_loss: 0.1397
test_loss: 0.1432
epoch 60
train_loss: 0.1408
test_loss: 0.1415
epoch 61
train_loss: 0.1387
test_loss: 0.1399
epoch 62
train_loss: 0.1374
test_loss: 0.1397
epoch 63
train_loss: 0.1357
test_loss: 0.1376
epoch 64
train_loss: 0.1346
test_loss: 0.1374
epoch 65
train_loss: 0.1360
test_loss: 0.1364
epoch 66
train_loss: 0.1343
test_loss: 0.1347
epoch 67
train_loss: 0.1329
test_loss: 0.1338
epoch 68
train_loss: 0.1298
test_loss: 0.1323
epoch 69
train_loss: 0.1314
test_loss: 0.1323
epoch 70
train_loss: 0.1318
test_loss: 0.1311
epoch 71
train_loss: 0.1287
test_loss: 0.1304
epoch 72
train_loss: 0.1288
test_loss: 0.1296
epoch 73
train_loss: 0.1292
test_loss: 0.1292
epoch 74
train_loss: 0.1275
test_loss: 0.1279
epoch 75
train_loss: 0.1263
test_loss: 0.1266
epoch 76
train_loss: 0.1245
test_loss: 0.1261
epoch 77
train_loss: 0.1251
test_loss: 0.1250
epoch 78
train_loss: 0.1237
test_loss: 0.1248
epoch 79
train_loss: 0.1241
test_loss: 0.1237
epoch 80
train_loss: 0.1245
test_loss: 0.1230
epoch 81
train_loss: 0.1248
test_loss: 0.1223
epoch 82
train_loss: 0.1228
test_loss: 0.1218
epoch 83
train_loss: 0.1211
test_loss: 0.1212
epoch 84
train_loss: 0.1206
test_loss: 0.1201
epoch 85
train_loss: 0.1183
test_loss: 0.1189
epoch 86
train_loss: 0.1195
test_loss: 0.1186
epoch 87
train_loss: 0.1172
test_loss: 0.1183
epoch 88
train_loss: 0.1181
test_loss: 0.1182
epoch 89
train_loss: 0.1187
test_loss: 0.1166
epoch 90
train_loss: 0.1159
test_loss: 0.1163
epoch 91
train_loss: 0.1187
test_loss: 0.1160
epoch 92
train_loss: 0.1167
test_loss: 0.1156
epoch 93
train_loss: 0.1180
test_loss: 0.1151
epoch 94
train_loss: 0.1136
test_loss: 0.1140
epoch 95
train_loss: 0.1143
test_loss: 0.1139
epoch 96
train_loss: 0.1152
test_loss: 0.1140
epoch 97
train_loss: 0.1155
test_loss: 0.1132
epoch 98
train_loss: 0.1131
test_loss: 0.1120
epoch 99
train_loss: 0.1131
test_loss: 0.1120
epoch 100
train_loss: 0.1139
test_loss: 0.1110
epoch 101
train_loss: 0.1132
test_loss: 0.1102
epoch 102
train_loss: 0.1125
test_loss: 0.1098
epoch 103
train_loss: 0.1113
test_loss: 0.1094
epoch 104
train_loss: 0.1091
test_loss: 0.1091
epoch 105
train_loss: 0.1129
test_loss: 0.1090
epoch 106
train_loss: 0.1115
test_loss: 0.1087
epoch 107
train_loss: 0.1095
test_loss: 0.1075
epoch 108
train_loss: 0.1105
test_loss: 0.1073
epoch 109
train_loss: 0.1108
test_loss: 0.1071
epoch 110
train_loss: 0.1085
test_loss: 0.1071
epoch 111
train_loss: 0.1081
test_loss: 0.1065
epoch 112
train_loss: 0.1075
test_loss: 0.1057
epoch 113
train_loss: 0.1090
test_loss: 0.1054
epoch 114
train_loss: 0.1058
test_loss: 0.1053
epoch 115
train_loss: 0.1046
test_loss: 0.1047
epoch 116
train_loss: 0.1058
test_loss: 0.1046
epoch 117
train_loss: 0.1059
test_loss: 0.1042
epoch 118
train_loss: 0.1040
test_loss: 0.1046
epoch 119
train_loss: 0.1036
test_loss: 0.1042
epoch 120
train_loss: 0.1037
test_loss: 0.1027
epoch 121
train_loss: 0.1051
test_loss: 0.1023
epoch 122
train_loss: 0.1020
test_loss: 0.1013
epoch 123
train_loss: 0.1036
test_loss: 0.1011
epoch 124
train_loss: 0.1040
test_loss: 0.1015
epoch 125
train_loss: 0.1019
test_loss: 0.1011
epoch 126
train_loss: 0.1010
test_loss: 0.1008
epoch 127
train_loss: 0.1012
test_loss: 0.1010
epoch 128
train_loss: 0.1028
test_loss: 0.0993
epoch 129
train_loss: 0.1023
test_loss: 0.0998
epoch 130
train_loss: 0.1008
test_loss: 0.0990
epoch 131
train_loss: 0.1000
test_loss: 0.0987
epoch 132
train_loss: 0.0994
test_loss: 0.0986
epoch 133
train_loss: 0.1002
test_loss: 0.0989
epoch 134
train_loss: 0.0998
test_loss: 0.0977
epoch 135
train_loss: 0.0990
test_loss: 0.0978
epoch 136
train_loss: 0.1009
test_loss: 0.0974
epoch 137
train_loss: 0.1007
test_loss: 0.0974
epoch 138
train_loss: 0.0981
test_loss: 0.0973
epoch 139
train_loss: 0.0997
test_loss: 0.0967
epoch 140
train_loss: 0.0977
test_loss: 0.0963
epoch 141
train_loss: 0.0979
test_loss: 0.0973
epoch 142
train_loss: 0.0943
test_loss: 0.0970
epoch 143
train_loss: 0.0986
test_loss: 0.0957
epoch 144
train_loss: 0.0981
test_loss: 0.0961
epoch 145
train_loss: 0.0974
test_loss: 0.0960
epoch 146
train_loss: 0.0963
test_loss: 0.0951
epoch 147
train_loss: 0.0979
test_loss: 0.0955
epoch 148
train_loss: 0.0972
test_loss: 0.0952
epoch 149
train_loss: 0.0959
test_loss: 0.0943
epoch 150
train_loss: 0.0990
test_loss: 0.0938
epoch 151
train_loss: 0.0963
test_loss: 0.0938
epoch 152
train_loss: 0.0960
test_loss: 0.0936
epoch 153
train_loss: 0.0946
test_loss: 0.0934
epoch 154
train_loss: 0.0958
test_loss: 0.0933
epoch 155
train_loss: 0.0947
test_loss: 0.0932
epoch 156
train_loss: 0.0961
test_loss: 0.0922
epoch 157
train_loss: 0.0962
test_loss: 0.0941
epoch 158
train_loss: 0.0935
test_loss: 0.0921
epoch 159
train_loss: 0.0951
test_loss: 0.0918
epoch 160
train_loss: 0.0944
test_loss: 0.0919
epoch 161
train_loss: 0.0933
test_loss: 0.0937
epoch 162
train_loss: 0.0924
test_loss: 0.0918
epoch 163
train_loss: 0.0945
test_loss: 0.0918
epoch 164
train_loss: 0.0934
test_loss: 0.0910
epoch 165
train_loss: 0.0943
test_loss: 0.0909
epoch 166
train_loss: 0.0900
test_loss: 0.0908
epoch 167
train_loss: 0.0935
test_loss: 0.0904
epoch 168
train_loss: 0.0940
test_loss: 0.0908
epoch 169
train_loss: 0.0926
test_loss: 0.0918
epoch 170
train_loss: 0.0913
test_loss: 0.0898
epoch 171
train_loss: 0.0915
test_loss: 0.0894
epoch 172
train_loss: 0.0921
test_loss: 0.0897
epoch 173
train_loss: 0.0910
test_loss: 0.0905
epoch 174
train_loss: 0.0898
test_loss: 0.0914
epoch 175
train_loss: 0.0926
test_loss: 0.0893
epoch 176
train_loss: 0.0916
test_loss: 0.0899
epoch 177
train_loss: 0.0906
test_loss: 0.0888
epoch 178
train_loss: 0.0915
test_loss: 0.0889
epoch 179
train_loss: 0.0922
test_loss: 0.0886
epoch 180
train_loss: 0.0898
test_loss: 0.0882
epoch 181
train_loss: 0.0904
test_loss: 0.0885
epoch 182
train_loss: 0.0912
test_loss: 0.0887
epoch 183
train_loss: 0.0910
test_loss: 0.0900
epoch 184
train_loss: 0.0897
test_loss: 0.0882
epoch 185
train_loss: 0.0892
test_loss: 0.0880
epoch 186
train_loss: 0.0911
test_loss: 0.0881
epoch 187
train_loss: 0.0893
test_loss: 0.0885
epoch 188
train_loss: 0.0893
test_loss: 0.0878
epoch 189
train_loss: 0.0875
test_loss: 0.0878
epoch 190
train_loss: 0.0886
test_loss: 0.0876
epoch 191
train_loss: 0.0888
test_loss: 0.0886
epoch 192
train_loss: 0.0891
test_loss: 0.0873
epoch 193
train_loss: 0.0879
test_loss: 0.0877
epoch 194
train_loss: 0.0876
test_loss: 0.0875
epoch 195
train_loss: 0.0885
test_loss: 0.0887
epoch 196
train_loss: 0.0882
test_loss: 0.0872
epoch 197
train_loss: 0.0883
test_loss: 0.0864
epoch 198
train_loss: 0.0885
test_loss: 0.0870
epoch 199
train_loss: 0.0886
test_loss: 0.0876
epoch 200
train_loss: 0.0859
test_loss: 0.0863
epoch 201
train_loss: 0.0877
test_loss: 0.0856
epoch 202
train_loss: 0.0882
test_loss: 0.0860
epoch 203
train_loss: 0.0879
test_loss: 0.0861
epoch 204
train_loss: 0.0876
test_loss: 0.0855
epoch 205
train_loss: 0.0884
test_loss: 0.0857
epoch 206
train_loss: 0.0878
test_loss: 0.0866
epoch 207
train_loss: 0.0860
test_loss: 0.0855
epoch 208
train_loss: 0.0862
test_loss: 0.0853
epoch 209
train_loss: 0.0860
test_loss: 0.0848
epoch 210
train_loss: 0.0868
test_loss: 0.0850
epoch 211
train_loss: 0.0876
test_loss: 0.0848
epoch 212
train_loss: 0.0878
test_loss: 0.0847
epoch 213
train_loss: 0.0873
test_loss: 0.0849
epoch 214
train_loss: 0.0860
test_loss: 0.0851
epoch 215
train_loss: 0.0853
test_loss: 0.0850
epoch 216
train_loss: 0.0861
test_loss: 0.0847
epoch 217
train_loss: 0.0847
test_loss: 0.0849
epoch 218
train_loss: 0.0849
test_loss: 0.0843
epoch 219
train_loss: 0.0871
test_loss: 0.0863
epoch 220
train_loss: 0.0861
test_loss: 0.0849
epoch 221
train_loss: 0.0861
test_loss: 0.0846
epoch 222
train_loss: 0.0837
test_loss: 0.0842
epoch 223
train_loss: 0.0835
test_loss: 0.0844
epoch 224
train_loss: 0.0859
test_loss: 0.0839
epoch 225
train_loss: 0.0846
test_loss: 0.0834
epoch 226
train_loss: 0.0857
test_loss: 0.0843
epoch 227
train_loss: 0.0852
test_loss: 0.0833
epoch 228
train_loss: 0.0849
test_loss: 0.0838
epoch 229
train_loss: 0.0839
test_loss: 0.0843
epoch 230
train_loss: 0.0856
test_loss: 0.0837
epoch 231
train_loss: 0.0848
test_loss: 0.0847
epoch 232
train_loss: 0.0845
test_loss: 0.0839
epoch 233
train_loss: 0.0830
test_loss: 0.0825
epoch 234
train_loss: 0.0834
test_loss: 0.0831
epoch 235
train_loss: 0.0847
test_loss: 0.0833
epoch 236
train_loss: 0.0821
test_loss: 0.0828
epoch 237
train_loss: 0.0842
test_loss: 0.0840
epoch 238
train_loss: 0.0831
test_loss: 0.0833
epoch 239
train_loss: 0.0848
test_loss: 0.0826
epoch 240
train_loss: 0.0827
test_loss: 0.0827
epoch 241
train_loss: 0.0834
test_loss: 0.0828
epoch 242
train_loss: 0.0831
test_loss: 0.0840
epoch 243
train_loss: 0.0812
test_loss: 0.0823
epoch 244
train_loss: 0.0815
test_loss: 0.0826
epoch 245
train_loss: 0.0836
test_loss: 0.0835
epoch 246
train_loss: 0.0829
test_loss: 0.0830
epoch 247
train_loss: 0.0834
test_loss: 0.0819
epoch 248
train_loss: 0.0818
test_loss: 0.0822
epoch 249
train_loss: 0.0827
test_loss: 0.0825
epoch 250
train_loss: 0.0841
test_loss: 0.0830
epoch 251
train_loss: 0.0811
test_loss: 0.0823
epoch 252
train_loss: 0.0815
test_loss: 0.0824
epoch 253
train_loss: 0.0827
test_loss: 0.0819
epoch 254
train_loss: 0.0819
test_loss: 0.0818
epoch 255
train_loss: 0.0827
test_loss: 0.0819
epoch 256
train_loss: 0.0818
test_loss: 0.0813
epoch 257
train_loss: 0.0834
test_loss: 0.0826
epoch 258
train_loss: 0.0814
test_loss: 0.0815
epoch 259
train_loss: 0.0812
test_loss: 0.0816
epoch 260
train_loss: 0.0802
test_loss: 0.0813
epoch 261
train_loss: 0.0821
test_loss: 0.0815
epoch 262
train_loss: 0.0799
test_loss: 0.0810
epoch 263
train_loss: 0.0826
test_loss: 0.0812
epoch 264
train_loss: 0.0823
test_loss: 0.0813
epoch 265
train_loss: 0.0807
test_loss: 0.0813
epoch 266
train_loss: 0.0819
test_loss: 0.0808
epoch 267
train_loss: 0.0817
test_loss: 0.0811
epoch 268
train_loss: 0.0814
test_loss: 0.0812
epoch 269
train_loss: 0.0791
test_loss: 0.0810
epoch 270
train_loss: 0.0803
test_loss: 0.0813
epoch 271
train_loss: 0.0823
test_loss: 0.0810
epoch 272
train_loss: 0.0798
test_loss: 0.0821
epoch 273
train_loss: 0.0794
test_loss: 0.0809
epoch 274
train_loss: 0.0823
test_loss: 0.0817
epoch 275
train_loss: 0.0803
test_loss: 0.0800
epoch 276
train_loss: 0.0802
test_loss: 0.0814
epoch 277
train_loss: 0.0814
test_loss: 0.0810
epoch 278
train_loss: 0.0801
test_loss: 0.0809
epoch 279
train_loss: 0.0798
test_loss: 0.0804
epoch 280
train_loss: 0.0813
test_loss: 0.0809
epoch 281
train_loss: 0.0785
test_loss: 0.0809
epoch 282
train_loss: 0.0805
test_loss: 0.0807
epoch 283
train_loss: 0.0787
test_loss: 0.0809
epoch 284
train_loss: 0.0792
test_loss: 0.0803
epoch 285
train_loss: 0.0787
test_loss: 0.0800
epoch 286
train_loss: 0.0798
test_loss: 0.0804
epoch 287
train_loss: 0.0780
test_loss: 0.0799
epoch 288
train_loss: 0.0795
test_loss: 0.0806
epoch 289
train_loss: 0.0793
test_loss: 0.0805
epoch 290
train_loss: 0.0793
test_loss: 0.0796
epoch 291
train_loss: 0.0794
test_loss: 0.0806
epoch 292
train_loss: 0.0775
test_loss: 0.0801
epoch 293
train_loss: 0.0785
test_loss: 0.0799
epoch 294
train_loss: 0.0783
test_loss: 0.0800
epoch 295
train_loss: 0.0801
test_loss: 0.0799
epoch 296
train_loss: 0.0784
test_loss: 0.0804
epoch 297
train_loss: 0.0774
test_loss: 0.0793
epoch 298
train_loss: 0.0797
test_loss: 0.0798
epoch 299
train_loss: 0.0788
test_loss: 0.0796
epoch 300
train_loss: 0.0777
test_loss: 0.0797
epoch 301
train_loss: 0.0783
test_loss: 0.0798
epoch 302
train_loss: 0.0800
test_loss: 0.0789
epoch 303
train_loss: 0.0772
test_loss: 0.0792
epoch 304
train_loss: 0.0789
test_loss: 0.0796
epoch 305
train_loss: 0.0772
test_loss: 0.0794
epoch 306
train_loss: 0.0790
test_loss: 0.0791
epoch 307
train_loss: 0.0783
test_loss: 0.0798
epoch 308
train_loss: 0.0760
test_loss: 0.0796
epoch 309
train_loss: 0.0789
test_loss: 0.0793
epoch 310
train_loss: 0.0770
test_loss: 0.0792
epoch 311
train_loss: 0.0771
test_loss: 0.0794
epoch 312
train_loss: 0.0783
test_loss: 0.0788
epoch 313
train_loss: 0.0793
test_loss: 0.0790
epoch 314
train_loss: 0.0778
test_loss: 0.0794
epoch 315
train_loss: 0.0781
test_loss: 0.0792
epoch 316
train_loss: 0.0776
test_loss: 0.0792
epoch 317
train_loss: 0.0784
test_loss: 0.0790
epoch 318
train_loss: 0.0772
test_loss: 0.0795
epoch 319
train_loss: 0.0776
test_loss: 0.0786
epoch 320
train_loss: 0.0769
test_loss: 0.0786
epoch 321
train_loss: 0.0767
test_loss: 0.0788
epoch 322
train_loss: 0.0786
test_loss: 0.0788
epoch 323
train_loss: 0.0760
test_loss: 0.0804
epoch 324
train_loss: 0.0755
test_loss: 0.0784
epoch 325
train_loss: 0.0766
test_loss: 0.0785
epoch 326
train_loss: 0.0764
test_loss: 0.0791
epoch 327
train_loss: 0.0755
test_loss: 0.0784
epoch 328
train_loss: 0.0769
test_loss: 0.0788
epoch 329
train_loss: 0.0772
test_loss: 0.0785
epoch 330
train_loss: 0.0777
test_loss: 0.0776
epoch 331
train_loss: 0.0773
test_loss: 0.0784
epoch 332
train_loss: 0.0758
test_loss: 0.0789
epoch 333
train_loss: 0.0763
test_loss: 0.0791
epoch 334
train_loss: 0.0755
test_loss: 0.0786
epoch 335
train_loss: 0.0785
test_loss: 0.0785
epoch 336
train_loss: 0.0761
test_loss: 0.0795
epoch 337
train_loss: 0.0775
test_loss: 0.0794
epoch 338
train_loss: 0.0772
test_loss: 0.0781
epoch 339
train_loss: 0.0772
test_loss: 0.0784
epoch 340
train_loss: 0.0731
test_loss: 0.0779
epoch 341
train_loss: 0.0773
test_loss: 0.0781
epoch 342
train_loss: 0.0782
test_loss: 0.0777
epoch 343
train_loss: 0.0746
test_loss: 0.0777
epoch 344
train_loss: 0.0747
test_loss: 0.0775
epoch 345
train_loss: 0.0761
test_loss: 0.0782
epoch 346
train_loss: 0.0761
test_loss: 0.0782
epoch 347
train_loss: 0.0799
test_loss: 0.0778
epoch 348
train_loss: 0.0761
test_loss: 0.0781
epoch 349
train_loss: 0.0749
test_loss: 0.0774
epoch 350
train_loss: 0.0753
test_loss: 0.0773
epoch 351
train_loss: 0.0756
test_loss: 0.0779
epoch 352
train_loss: 0.0766
test_loss: 0.0781
epoch 353
train_loss: 0.0763
test_loss: 0.0775
epoch 354
train_loss: 0.0737
test_loss: 0.0789
epoch 355
train_loss: 0.0734
test_loss: 0.0773
epoch 356
train_loss: 0.0760
test_loss: 0.0771
epoch 357
train_loss: 0.0763
test_loss: 0.0770
epoch 358
train_loss: 0.0747
test_loss: 0.0774
epoch 359
train_loss: 0.0757
test_loss: 0.0771
epoch 360
train_loss: 0.0768
test_loss: 0.0769
epoch 361
train_loss: 0.0738
test_loss: 0.0771
epoch 362
train_loss: 0.0748
test_loss: 0.0777
epoch 363
train_loss: 0.0748
test_loss: 0.0773
epoch 364
train_loss: 0.0748
test_loss: 0.0771
epoch 365
train_loss: 0.0737
test_loss: 0.0790
epoch 366
train_loss: 0.0749
test_loss: 0.0777
epoch 367
train_loss: 0.0737
test_loss: 0.0770
epoch 368
train_loss: 0.0756
test_loss: 0.0776
epoch 369
train_loss: 0.0742
test_loss: 0.0773
epoch 370
train_loss: 0.0757
test_loss: 0.0789
epoch 371
train_loss: 0.0743
test_loss: 0.0774
epoch 372
train_loss: 0.0742
test_loss: 0.0771
epoch 373
train_loss: 0.0751
test_loss: 0.0774
epoch 374
train_loss: 0.0743
test_loss: 0.0774
epoch 375
train_loss: 0.0754
test_loss: 0.0770
epoch 376
train_loss: 0.0740
test_loss: 0.0761
epoch 377
train_loss: 0.0736
test_loss: 0.0762
epoch 378
train_loss: 0.0731
test_loss: 0.0764
epoch 379
train_loss: 0.0719
test_loss: 0.0764
epoch 380
train_loss: 0.0741
test_loss: 0.0779
epoch 381
train_loss: 0.0742
test_loss: 0.0771
epoch 382
train_loss: 0.0737
test_loss: 0.0770
epoch 383
train_loss: 0.0745
test_loss: 0.0778
epoch 384
train_loss: 0.0755
test_loss: 0.0773
epoch 385
train_loss: 0.0726
test_loss: 0.0766
epoch 386
train_loss: 0.0740
test_loss: 0.0776
epoch 387
train_loss: 0.0736
test_loss: 0.0767
epoch 388
train_loss: 0.0733
test_loss: 0.0763
epoch 389
train_loss: 0.0725
test_loss: 0.0764
epoch 390
train_loss: 0.0733
test_loss: 0.0764
epoch 391
train_loss: 0.0732
test_loss: 0.0768
epoch 392
train_loss: 0.0738
test_loss: 0.0772
epoch 393
train_loss: 0.0736
test_loss: 0.0765
epoch 394
train_loss: 0.0746
test_loss: 0.0766
epoch 395
train_loss: 0.0733
test_loss: 0.0760
epoch 396
train_loss: 0.0737
test_loss: 0.0761
epoch 397
train_loss: 0.0725
test_loss: 0.0763
epoch 398
train_loss: 0.0750
test_loss: 0.0762
epoch 399
train_loss: 0.0748
test_loss: 0.0764
epoch 400
train_loss: 0.0722
test_loss: 0.0768
epoch 401
train_loss: 0.0722
test_loss: 0.0760
epoch 402
train_loss: 0.0728
test_loss: 0.0757
epoch 403
train_loss: 0.0731
test_loss: 0.0770
epoch 404
train_loss: 0.0733
test_loss: 0.0755
epoch 405
train_loss: 0.0727
test_loss: 0.0763
epoch 406
train_loss: 0.0717
test_loss: 0.0754
epoch 407
train_loss: 0.0728
test_loss: 0.0756
epoch 408
train_loss: 0.0741
test_loss: 0.0761
epoch 409
train_loss: 0.0736
test_loss: 0.0758
/home/xueqiong/noise_injection_uncertainty/regression/utils.py:39: FutureWarning: The 'delim_whitespace' keyword in pd.read_csv is deprecated and will be removed in a future version. Use ``sep='\s+'`` instead
  return pd.read_csv(dataset_path, engine='python', header=None, delim_whitespace=True)
8 1
6554 1638 8192
model_name noisyFCN
using Adam as optimizer
epoch 0
train_loss: 0.9135
test_loss: 0.8064
epoch 1
train_loss: 0.7031
test_loss: 0.6312
epoch 2
train_loss: 0.5674
test_loss: 0.5537
epoch 3
train_loss: 0.5178
test_loss: 0.5221
epoch 4
train_loss: 0.4907
test_loss: 0.4970
epoch 5
train_loss: 0.4670
test_loss: 0.4735
epoch 6
train_loss: 0.4434
test_loss: 0.4509
epoch 7
train_loss: 0.4211
test_loss: 0.4295
epoch 8
train_loss: 0.4008
test_loss: 0.4099
epoch 9
train_loss: 0.3820
test_loss: 0.3923
epoch 10
train_loss: 0.3646
test_loss: 0.3761
epoch 11
train_loss: 0.3493
test_loss: 0.3619
epoch 12
train_loss: 0.3351
test_loss: 0.3494
epoch 13
train_loss: 0.3230
test_loss: 0.3379
epoch 14
train_loss: 0.3115
test_loss: 0.3269
epoch 15
train_loss: 0.3009
test_loss: 0.3166
epoch 16
train_loss: 0.2909
test_loss: 0.3066
epoch 17
train_loss: 0.2814
test_loss: 0.2971
epoch 18
train_loss: 0.2723
test_loss: 0.2880
epoch 19
train_loss: 0.2638
test_loss: 0.2793
epoch 20
train_loss: 0.2558
test_loss: 0.2712
epoch 21
train_loss: 0.2480
test_loss: 0.2635
epoch 22
train_loss: 0.2410
test_loss: 0.2563
epoch 23
train_loss: 0.2345
test_loss: 0.2495
epoch 24
train_loss: 0.2284
test_loss: 0.2431
epoch 25
train_loss: 0.2226
test_loss: 0.2371
epoch 26
train_loss: 0.2174
test_loss: 0.2313
epoch 27
train_loss: 0.2123
test_loss: 0.2260
epoch 28
train_loss: 0.2076
test_loss: 0.2210
epoch 29
train_loss: 0.2031
test_loss: 0.2162
epoch 30
train_loss: 0.1988
test_loss: 0.2117
epoch 31
train_loss: 0.1947
test_loss: 0.2073
epoch 32
train_loss: 0.1909
test_loss: 0.2032
epoch 33
train_loss: 0.1873
test_loss: 0.1993
epoch 34
train_loss: 0.1838
test_loss: 0.1955
epoch 35
train_loss: 0.1806
test_loss: 0.1920
epoch 36
train_loss: 0.1775
test_loss: 0.1887
epoch 37
train_loss: 0.1745
test_loss: 0.1854
epoch 38
train_loss: 0.1715
test_loss: 0.1824
epoch 39
train_loss: 0.1689
test_loss: 0.1794
epoch 40
train_loss: 0.1661
test_loss: 0.1766
epoch 41
train_loss: 0.1635
test_loss: 0.1739
epoch 42
train_loss: 0.1610
test_loss: 0.1712
epoch 43
train_loss: 0.1585
test_loss: 0.1687
epoch 44
train_loss: 0.1561
test_loss: 0.1662
epoch 45
train_loss: 0.1540
test_loss: 0.1639
epoch 46
train_loss: 0.1518
test_loss: 0.1616
epoch 47
train_loss: 0.1497
test_loss: 0.1595
epoch 48
train_loss: 0.1476
test_loss: 0.1574
epoch 49
train_loss: 0.1457
test_loss: 0.1554
epoch 50
train_loss: 0.1438
test_loss: 0.1535
epoch 51
train_loss: 0.1419
test_loss: 0.1516
epoch 52
train_loss: 0.1402
test_loss: 0.1498
epoch 53
train_loss: 0.1385
test_loss: 0.1480
epoch 54
train_loss: 0.1368
test_loss: 0.1463
epoch 55
train_loss: 0.1353
test_loss: 0.1447
epoch 56
train_loss: 0.1337
test_loss: 0.1431
epoch 57
train_loss: 0.1321
test_loss: 0.1416
epoch 58
train_loss: 0.1307
test_loss: 0.1401
epoch 59
train_loss: 0.1292
test_loss: 0.1386
epoch 60
train_loss: 0.1278
test_loss: 0.1372
epoch 61
train_loss: 0.1265
test_loss: 0.1359
epoch 62
train_loss: 0.1251
test_loss: 0.1345
epoch 63
train_loss: 0.1238
test_loss: 0.1333
epoch 64
train_loss: 0.1226
test_loss: 0.1321
epoch 65
train_loss: 0.1213
test_loss: 0.1309
epoch 66
train_loss: 0.1202
test_loss: 0.1298
epoch 67
train_loss: 0.1190
test_loss: 0.1286
epoch 68
train_loss: 0.1178
test_loss: 0.1275
epoch 69
train_loss: 0.1167
test_loss: 0.1265
epoch 70
train_loss: 0.1157
test_loss: 0.1254
epoch 71
train_loss: 0.1146
test_loss: 0.1244
epoch 72
train_loss: 0.1136
test_loss: 0.1233
epoch 73
train_loss: 0.1125
test_loss: 0.1223
epoch 74
train_loss: 0.1115
test_loss: 0.1213
epoch 75
train_loss: 0.1105
test_loss: 0.1203
epoch 76
train_loss: 0.1096
test_loss: 0.1193
epoch 77
train_loss: 0.1087
test_loss: 0.1185
epoch 78
train_loss: 0.1078
test_loss: 0.1176
epoch 79
train_loss: 0.1069
test_loss: 0.1167
epoch 80
train_loss: 0.1060
test_loss: 0.1158
epoch 81
train_loss: 0.1051
test_loss: 0.1150
epoch 82
train_loss: 0.1043
test_loss: 0.1142
epoch 83
train_loss: 0.1034
test_loss: 0.1134
epoch 84
train_loss: 0.1026
test_loss: 0.1126
epoch 85
train_loss: 0.1018
test_loss: 0.1118
epoch 86
train_loss: 0.1010
test_loss: 0.1111
epoch 87
train_loss: 0.1003
test_loss: 0.1104
epoch 88
train_loss: 0.0995
test_loss: 0.1097
epoch 89
train_loss: 0.0988
test_loss: 0.1090
epoch 90
train_loss: 0.0980
test_loss: 0.1084
epoch 91
train_loss: 0.0974
test_loss: 0.1077
epoch 92
train_loss: 0.0967
test_loss: 0.1071
epoch 93
train_loss: 0.0960
test_loss: 0.1065
epoch 94
train_loss: 0.0953
test_loss: 0.1059
epoch 95
train_loss: 0.0947
test_loss: 0.1053
epoch 96
train_loss: 0.0941
test_loss: 0.1047
epoch 97
train_loss: 0.0935
test_loss: 0.1041
epoch 98
train_loss: 0.0929
test_loss: 0.1036
epoch 99
train_loss: 0.0924
test_loss: 0.1031
epoch 100
train_loss: 0.0918
test_loss: 0.1026
epoch 101
train_loss: 0.0913
test_loss: 0.1021
epoch 102
train_loss: 0.0907
test_loss: 0.1016
epoch 103
train_loss: 0.0901
test_loss: 0.1011
epoch 104
train_loss: 0.0897
test_loss: 0.1006
epoch 105
train_loss: 0.0892
test_loss: 0.1002
epoch 106
train_loss: 0.0887
test_loss: 0.0997
epoch 107
train_loss: 0.0882
test_loss: 0.0992
epoch 108
train_loss: 0.0877
test_loss: 0.0988
epoch 109
train_loss: 0.0873
test_loss: 0.0984
epoch 110
train_loss: 0.0868
test_loss: 0.0980
epoch 111
train_loss: 0.0863
test_loss: 0.0975
epoch 112
train_loss: 0.0859
test_loss: 0.0971
epoch 113
train_loss: 0.0855
test_loss: 0.0968
epoch 114
train_loss: 0.0851
test_loss: 0.0964
epoch 115
train_loss: 0.0846
test_loss: 0.0960
epoch 116
train_loss: 0.0842
test_loss: 0.0956
epoch 117
train_loss: 0.0838
test_loss: 0.0952
epoch 118
train_loss: 0.0834
test_loss: 0.0948
epoch 119
train_loss: 0.0830
test_loss: 0.0945
epoch 120
train_loss: 0.0827
test_loss: 0.0941
epoch 121
train_loss: 0.0823
test_loss: 0.0938
epoch 122
train_loss: 0.0819
test_loss: 0.0934
epoch 123
train_loss: 0.0816
test_loss: 0.0931
epoch 124
train_loss: 0.0812
test_loss: 0.0928
epoch 125
train_loss: 0.0808
test_loss: 0.0924
epoch 126
train_loss: 0.0805
test_loss: 0.0921
epoch 127
train_loss: 0.0802
test_loss: 0.0918
epoch 128
train_loss: 0.0798
test_loss: 0.0915
epoch 129
train_loss: 0.0795
test_loss: 0.0912
epoch 130
train_loss: 0.0792
test_loss: 0.0910
epoch 131
train_loss: 0.0789
test_loss: 0.0907
epoch 132
train_loss: 0.0786
test_loss: 0.0904
epoch 133
train_loss: 0.0783
test_loss: 0.0901
epoch 134
train_loss: 0.0779
test_loss: 0.0899
epoch 135
train_loss: 0.0777
test_loss: 0.0896
epoch 136
train_loss: 0.0774
test_loss: 0.0895
epoch 137
train_loss: 0.0771
test_loss: 0.0892
epoch 138
train_loss: 0.0768
test_loss: 0.0890
epoch 139
train_loss: 0.0766
test_loss: 0.0888
epoch 140
train_loss: 0.0763
test_loss: 0.0886
epoch 141
train_loss: 0.0760
test_loss: 0.0884
epoch 142
train_loss: 0.0757
test_loss: 0.0882
epoch 143
train_loss: 0.0755
test_loss: 0.0880
epoch 144
train_loss: 0.0752
test_loss: 0.0878
epoch 145
train_loss: 0.0750
test_loss: 0.0876
epoch 146
train_loss: 0.0747
test_loss: 0.0874
epoch 147
train_loss: 0.0745
test_loss: 0.0873
epoch 148
train_loss: 0.0742
test_loss: 0.0870
epoch 149
train_loss: 0.0740
test_loss: 0.0869
epoch 150
train_loss: 0.0738
test_loss: 0.0867
epoch 151
train_loss: 0.0736
test_loss: 0.0866
epoch 152
train_loss: 0.0734
test_loss: 0.0864
epoch 153
train_loss: 0.0732
test_loss: 0.0862
epoch 154
train_loss: 0.0729
test_loss: 0.0860
epoch 155
train_loss: 0.0727
test_loss: 0.0859
epoch 156
train_loss: 0.0725
test_loss: 0.0857
epoch 157
train_loss: 0.0724
test_loss: 0.0856
epoch 158
train_loss: 0.0722
test_loss: 0.0854
epoch 159
train_loss: 0.0720
test_loss: 0.0853
epoch 160
train_loss: 0.0717
test_loss: 0.0851
epoch 161
train_loss: 0.0716
test_loss: 0.0850
epoch 162
train_loss: 0.0714
test_loss: 0.0849
epoch 163
train_loss: 0.0712
test_loss: 0.0846
epoch 164
train_loss: 0.0711
test_loss: 0.0846
epoch 165
train_loss: 0.0709
test_loss: 0.0844
epoch 166
train_loss: 0.0707
test_loss: 0.0843
epoch 167
train_loss: 0.0705
test_loss: 0.0841
epoch 168
train_loss: 0.0704
test_loss: 0.0840
epoch 169
train_loss: 0.0702
test_loss: 0.0839
epoch 170
train_loss: 0.0701
test_loss: 0.0837
epoch 171
train_loss: 0.0699
test_loss: 0.0836
epoch 172
train_loss: 0.0698
test_loss: 0.0835
epoch 173
train_loss: 0.0696
test_loss: 0.0834
epoch 174
train_loss: 0.0694
test_loss: 0.0832
epoch 175
train_loss: 0.0693
test_loss: 0.0832
epoch 176
train_loss: 0.0692
test_loss: 0.0831
epoch 177
train_loss: 0.0690
test_loss: 0.0830
epoch 178
train_loss: 0.0689
test_loss: 0.0829
epoch 179
train_loss: 0.0688
test_loss: 0.0828
epoch 180
train_loss: 0.0686
test_loss: 0.0827
epoch 181
train_loss: 0.0685
test_loss: 0.0826
epoch 182
train_loss: 0.0684
test_loss: 0.0825
epoch 183
train_loss: 0.0682
test_loss: 0.0824
epoch 184
train_loss: 0.0681
test_loss: 0.0823
epoch 185
train_loss: 0.0680
test_loss: 0.0822
epoch 186
train_loss: 0.0679
test_loss: 0.0821
epoch 187
train_loss: 0.0678
test_loss: 0.0821
epoch 188
train_loss: 0.0676
test_loss: 0.0820
epoch 189
train_loss: 0.0675
test_loss: 0.0819
epoch 190
train_loss: 0.0674
test_loss: 0.0818
epoch 191
train_loss: 0.0673
test_loss: 0.0817
epoch 192
train_loss: 0.0671
test_loss: 0.0817
epoch 193
train_loss: 0.0670
test_loss: 0.0816
epoch 194
train_loss: 0.0669
test_loss: 0.0815
epoch 195
train_loss: 0.0668
test_loss: 0.0814
epoch 196
train_loss: 0.0667
test_loss: 0.0813
epoch 197
train_loss: 0.0666
test_loss: 0.0813
epoch 198
train_loss: 0.0665
test_loss: 0.0812
epoch 199
train_loss: 0.0664
test_loss: 0.0811
epoch 200
train_loss: 0.0663
test_loss: 0.0811
epoch 201
train_loss: 0.0662
test_loss: 0.0810
epoch 202
train_loss: 0.0661
test_loss: 0.0810
epoch 203
train_loss: 0.0659
test_loss: 0.0810
epoch 204
train_loss: 0.0658
test_loss: 0.0808
epoch 205
train_loss: 0.0657
test_loss: 0.0808
epoch 206
train_loss: 0.0656
test_loss: 0.0808
epoch 207
train_loss: 0.0655
test_loss: 0.0807
epoch 208
train_loss: 0.0654
test_loss: 0.0806
epoch 209
train_loss: 0.0653
test_loss: 0.0806
epoch 210
train_loss: 0.0652
test_loss: 0.0805
epoch 211
train_loss: 0.0651
test_loss: 0.0805
epoch 212
train_loss: 0.0650
test_loss: 0.0804
epoch 213
train_loss: 0.0649
test_loss: 0.0804
epoch 214
train_loss: 0.0648
test_loss: 0.0803
epoch 215
train_loss: 0.0647
test_loss: 0.0803
epoch 216
train_loss: 0.0646
test_loss: 0.0802
epoch 217
train_loss: 0.0645
test_loss: 0.0802
epoch 218
train_loss: 0.0644
test_loss: 0.0802
epoch 219
train_loss: 0.0643
test_loss: 0.0802
epoch 220
train_loss: 0.0643
test_loss: 0.0801
epoch 221
train_loss: 0.0641
test_loss: 0.0801
epoch 222
train_loss: 0.0640
test_loss: 0.0800
epoch 223
train_loss: 0.0639
test_loss: 0.0800
epoch 224
train_loss: 0.0639
test_loss: 0.0799
epoch 225
train_loss: 0.0637
test_loss: 0.0799
epoch 226
train_loss: 0.0637
test_loss: 0.0798
epoch 227
train_loss: 0.0636
test_loss: 0.0798
epoch 228
train_loss: 0.0635
test_loss: 0.0798
epoch 229
train_loss: 0.0634
test_loss: 0.0797
epoch 230
train_loss: 0.0633
test_loss: 0.0797
epoch 231
train_loss: 0.0632
test_loss: 0.0796
epoch 232
train_loss: 0.0632
test_loss: 0.0796
epoch 233
train_loss: 0.0631
test_loss: 0.0796
epoch 234
train_loss: 0.0630
test_loss: 0.0795
epoch 235
train_loss: 0.0629
test_loss: 0.0795
epoch 236
train_loss: 0.0628
test_loss: 0.0794
epoch 237
train_loss: 0.0627
test_loss: 0.0794
epoch 238
train_loss: 0.0626
test_loss: 0.0793
epoch 239
train_loss: 0.0625
test_loss: 0.0793
epoch 240
train_loss: 0.0625
test_loss: 0.0793
epoch 241
train_loss: 0.0624
test_loss: 0.0793
epoch 242
train_loss: 0.0623
test_loss: 0.0792
epoch 243
train_loss: 0.0622
test_loss: 0.0792
epoch 244
train_loss: 0.0621
test_loss: 0.0791
epoch 245
train_loss: 0.0621
test_loss: 0.0791
epoch 246
train_loss: 0.0620
test_loss: 0.0790
epoch 247
train_loss: 0.0619
test_loss: 0.0790
epoch 248
train_loss: 0.0618
test_loss: 0.0789
epoch 249
train_loss: 0.0617
test_loss: 0.0789
epoch 250
train_loss: 0.0617
test_loss: 0.0789
epoch 251
train_loss: 0.0616
test_loss: 0.0788
epoch 252
train_loss: 0.0615
test_loss: 0.0787
epoch 253
train_loss: 0.0615
test_loss: 0.0787
epoch 254
train_loss: 0.0613
test_loss: 0.0786
epoch 255
train_loss: 0.0613
test_loss: 0.0785
epoch 256
train_loss: 0.0612
test_loss: 0.0785
epoch 257
train_loss: 0.0611
test_loss: 0.0785
epoch 258
train_loss: 0.0610
test_loss: 0.0783
epoch 259
train_loss: 0.0610
test_loss: 0.0783
epoch 260
train_loss: 0.0609
test_loss: 0.0783
epoch 261
train_loss: 0.0608
test_loss: 0.0782
epoch 262
train_loss: 0.0608
test_loss: 0.0782
epoch 263
train_loss: 0.0607
test_loss: 0.0782
epoch 264
train_loss: 0.0606
test_loss: 0.0781
epoch 265
train_loss: 0.0606
test_loss: 0.0780
epoch 266
train_loss: 0.0605
test_loss: 0.0780
epoch 267
train_loss: 0.0605
test_loss: 0.0780
epoch 268
train_loss: 0.0604
test_loss: 0.0779
epoch 269
train_loss: 0.0603
test_loss: 0.0779
epoch 270
train_loss: 0.0603
test_loss: 0.0778
epoch 271
train_loss: 0.0602
test_loss: 0.0778
epoch 272
train_loss: 0.0601
test_loss: 0.0777
epoch 273
train_loss: 0.0601
test_loss: 0.0777
epoch 274
train_loss: 0.0600
test_loss: 0.0776
epoch 275
train_loss: 0.0600
test_loss: 0.0776
epoch 276
train_loss: 0.0599
test_loss: 0.0776
epoch 277
train_loss: 0.0598
test_loss: 0.0775
epoch 278
train_loss: 0.0598
test_loss: 0.0775
epoch 279
train_loss: 0.0597
test_loss: 0.0775
epoch 280
train_loss: 0.0597
test_loss: 0.0774
epoch 281
train_loss: 0.0596
test_loss: 0.0774
epoch 282
train_loss: 0.0595
test_loss: 0.0774
epoch 283
train_loss: 0.0595
test_loss: 0.0774
epoch 284
train_loss: 0.0594
test_loss: 0.0773
epoch 285
train_loss: 0.0594
test_loss: 0.0773
epoch 286
train_loss: 0.0593
test_loss: 0.0773
epoch 287
train_loss: 0.0592
test_loss: 0.0772
epoch 288
train_loss: 0.0592
test_loss: 0.0772
epoch 289
train_loss: 0.0591
test_loss: 0.0772
epoch 290
train_loss: 0.0591
test_loss: 0.0771
epoch 291
train_loss: 0.0590
test_loss: 0.0771
epoch 292
train_loss: 0.0590
test_loss: 0.0770
epoch 293
train_loss: 0.0589
test_loss: 0.0770
epoch 294
train_loss: 0.0589
test_loss: 0.0770
epoch 295
train_loss: 0.0588
test_loss: 0.0770
epoch 296
train_loss: 0.0588
test_loss: 0.0769
epoch 297
train_loss: 0.0587
test_loss: 0.0769
epoch 298
train_loss: 0.0587
test_loss: 0.0769
epoch 299
train_loss: 0.0586
test_loss: 0.0769
epoch 300
train_loss: 0.0586
test_loss: 0.0768
epoch 301
train_loss: 0.0585
test_loss: 0.0768
epoch 302
train_loss: 0.0585
test_loss: 0.0768
epoch 303
train_loss: 0.0584
test_loss: 0.0767
epoch 304
train_loss: 0.0584
test_loss: 0.0767
epoch 305
train_loss: 0.0583
test_loss: 0.0767
epoch 306
train_loss: 0.0583
test_loss: 0.0767
epoch 307
train_loss: 0.0582
test_loss: 0.0766
epoch 308
train_loss: 0.0582
test_loss: 0.0766
epoch 309
train_loss: 0.0581
test_loss: 0.0767
epoch 310
train_loss: 0.0581
test_loss: 0.0766
epoch 311
train_loss: 0.0580
test_loss: 0.0766
epoch 312
train_loss: 0.0580
test_loss: 0.0766
epoch 313
train_loss: 0.0580
test_loss: 0.0765
epoch 314
train_loss: 0.0579
test_loss: 0.0765
epoch 315
train_loss: 0.0579
test_loss: 0.0765
epoch 316
train_loss: 0.0578
test_loss: 0.0765
epoch 317
train_loss: 0.0578
test_loss: 0.0765
epoch 318
train_loss: 0.0577
test_loss: 0.0765
epoch 319
train_loss: 0.0577
test_loss: 0.0764
epoch 320
train_loss: 0.0577
test_loss: 0.0764
epoch 321
train_loss: 0.0576
test_loss: 0.0765
epoch 322
train_loss: 0.0576
test_loss: 0.0764
epoch 323
train_loss: 0.0575
test_loss: 0.0764
epoch 324
train_loss: 0.0575
test_loss: 0.0764
epoch 325
train_loss: 0.0575
test_loss: 0.0764
epoch 326
train_loss: 0.0574
test_loss: 0.0764
epoch 327
train_loss: 0.0574
test_loss: 0.0763
epoch 328
train_loss: 0.0573
test_loss: 0.0763
epoch 329
train_loss: 0.0573
test_loss: 0.0763
epoch 330
train_loss: 0.0572
test_loss: 0.0764
epoch 331
train_loss: 0.0572
test_loss: 0.0763
epoch 332
train_loss: 0.0572
test_loss: 0.0763
epoch 333
train_loss: 0.0571
test_loss: 0.0761
epoch 334
train_loss: 0.0571
test_loss: 0.0762
epoch 335
train_loss: 0.0571
test_loss: 0.0762
epoch 336
train_loss: 0.0570
test_loss: 0.0762
epoch 337
train_loss: 0.0570
test_loss: 0.0762
epoch 338
train_loss: 0.0570
test_loss: 0.0762
epoch 339
train_loss: 0.0569
test_loss: 0.0762
epoch 340
train_loss: 0.0569
test_loss: 0.0761
epoch 341
train_loss: 0.0568
test_loss: 0.0762
epoch 342
train_loss: 0.0568
test_loss: 0.0761
epoch 343
train_loss: 0.0568
test_loss: 0.0761
epoch 344
train_loss: 0.0567
test_loss: 0.0761
epoch 345
train_loss: 0.0567
test_loss: 0.0761
epoch 346
train_loss: 0.0567
test_loss: 0.0760
epoch 347
train_loss: 0.0566
test_loss: 0.0760
epoch 348
train_loss: 0.0566
test_loss: 0.0760
epoch 349
train_loss: 0.0566
test_loss: 0.0760
epoch 350
train_loss: 0.0565
test_loss: 0.0760
epoch 351
train_loss: 0.0565
test_loss: 0.0760
epoch 352
train_loss: 0.0565
test_loss: 0.0760
epoch 353
train_loss: 0.0565
test_loss: 0.0759
epoch 354
train_loss: 0.0564
test_loss: 0.0759
epoch 355
train_loss: 0.0564
test_loss: 0.0759
epoch 356
train_loss: 0.0564
test_loss: 0.0758
epoch 357
train_loss: 0.0563
test_loss: 0.0758
epoch 358
train_loss: 0.0563
test_loss: 0.0759
epoch 359
train_loss: 0.0562
test_loss: 0.0759
epoch 360
train_loss: 0.0562
test_loss: 0.0758
epoch 361
train_loss: 0.0562
test_loss: 0.0758
epoch 362
train_loss: 0.0562
test_loss: 0.0757
epoch 363
train_loss: 0.0562
test_loss: 0.0757
epoch 364
train_loss: 0.0561
test_loss: 0.0757
epoch 365
train_loss: 0.0561
test_loss: 0.0757
epoch 366
train_loss: 0.0560
test_loss: 0.0757
epoch 367
train_loss: 0.0560
test_loss: 0.0757
epoch 368
train_loss: 0.0560
test_loss: 0.0757
epoch 369
train_loss: 0.0559
test_loss: 0.0757
epoch 370
train_loss: 0.0559
