{'datasets': ['protein-tertiary-structure'], 'models': ['noisyFCN'], 'optimizer_name': 'Adam', 'hyperparam_eval_interval': 10, 'patience': 3, 'global_max_epochs': 2000, 'dropout_probs': [0.2, 0.1, 0.05, 0.01, 0.005, 0.001], 'fix_noiselevels': [0.001, 0.005, 0.01, 0.05, 0.1], 'init_noiselevels': [0.001, 0.005, 0.01, 0.05, 0.1], 'batch_sizes': [32], 'batch_sizes_specific': {'energy': [32]}, 'weight_decays': [0.01], 'dropout_batch_size': 32, 'n_hidden': 2, 'nonlinearity': 'relu', 'learning_rates': [0.002], 'mc_samples': 500, 'num_units': 50, 'num_units_specific': {'protein-tertiary-structure': 100}, 'normalize_X': True, 'normalize_y': True, 'n_folds': 5, 'inverted_cv_fraction': 5}
use_cuda: True
32
/home/xueqiong/noise_injection_uncertainty/regression/utils.py:39: FutureWarning: The 'delim_whitespace' keyword in pd.read_csv is deprecated and will be removed in a future version. Use ``sep='\s+'`` instead
  return pd.read_csv(dataset_path, engine='python', header=None, delim_whitespace=True)
13 1
405 101 506
model_name FCN
using Adam as optimizer
epoch 0
train_loss: 0.7648
test_loss: 0.6078
epoch 1
train_loss: 0.4804
test_loss: 0.3656
epoch 2
train_loss: 0.3033
test_loss: 0.1792
epoch 3
train_loss: 0.2392
test_loss: 0.1391
epoch 4
train_loss: 0.2159
test_loss: 0.1291
epoch 5
train_loss: 0.1958
test_loss: 0.1175
epoch 6
train_loss: 0.1792
test_loss: 0.1079
epoch 7
train_loss: 0.1660
test_loss: 0.1008
epoch 8
train_loss: 0.1545
test_loss: 0.0954
epoch 9
train_loss: 0.1456
test_loss: 0.0904
epoch 10
train_loss: 0.1377
test_loss: 0.0878
epoch 11
train_loss: 0.1311
test_loss: 0.0857
epoch 12
train_loss: 0.1250
test_loss: 0.0835
epoch 13
train_loss: 0.1189
test_loss: 0.0810
epoch 14
train_loss: 0.1133
test_loss: 0.0789
epoch 15
train_loss: 0.1085
test_loss: 0.0782
epoch 16
train_loss: 0.1036
test_loss: 0.0767
epoch 17
train_loss: 0.0995
test_loss: 0.0759
epoch 18
train_loss: 0.0954
test_loss: 0.0754
epoch 19
train_loss: 0.0919
test_loss: 0.0758
epoch 20
train_loss: 0.0887
test_loss: 0.0751
epoch 21
train_loss: 0.0854
test_loss: 0.0745
epoch 22
train_loss: 0.0824
test_loss: 0.0749
epoch 23
train_loss: 0.0798
test_loss: 0.0754
epoch 24
train_loss: 0.0770
test_loss: 0.0760
epoch 25
train_loss: 0.0747
test_loss: 0.0760
epoch 26
train_loss: 0.0724
test_loss: 0.0760
epoch 27
train_loss: 0.0701
test_loss: 0.0763
epoch 28
train_loss: 0.0677
test_loss: 0.0766
epoch 29
train_loss: 0.0655
test_loss: 0.0767
epoch 30
train_loss: 0.0637
test_loss: 0.0772
epoch 31
train_loss: 0.0618
test_loss: 0.0776
epoch 32
train_loss: 0.0602
test_loss: 0.0779
epoch 33
train_loss: 0.0585
test_loss: 0.0793
epoch 34
train_loss: 0.0570
test_loss: 0.0792
epoch 35
train_loss: 0.0554
test_loss: 0.0802
epoch 36
train_loss: 0.0541
test_loss: 0.0808
epoch 37
train_loss: 0.0527
test_loss: 0.0817
epoch 38
train_loss: 0.0511
test_loss: 0.0821
epoch 39
train_loss: 0.0502
test_loss: 0.0825
epoch 40
train_loss: 0.0490
test_loss: 0.0829
epoch 41
train_loss: 0.0476
test_loss: 0.0830
epoch 42
train_loss: 0.0466
test_loss: 0.0843
epoch 43
train_loss: 0.0454
test_loss: 0.0847
epoch 44
train_loss: 0.0443
test_loss: 0.0853
epoch 45
train_loss: 0.0432
test_loss: 0.0865
epoch 46
train_loss: 0.0424
test_loss: 0.0865
epoch 47
train_loss: 0.0412
test_loss: 0.0872
epoch 48
train_loss: 0.0402
test_loss: 0.0871
epoch 49
train_loss: 0.0395
test_loss: 0.0870
/home/xueqiong/noise_injection_uncertainty/regression/utils.py:39: FutureWarning: The 'delim_whitespace' keyword in pd.read_csv is deprecated and will be removed in a future version. Use ``sep='\s+'`` instead
  return pd.read_csv(dataset_path, engine='python', header=None, delim_whitespace=True)
13 1
405 101 506
model_name dropoutFCN
using Adam as optimizer
epoch 0
train_loss: 0.7384
Module: DropoutFullyConnectedNN
  Module: ModuleList
    Module: Linear
    Module: Linear
    Module: Linear
  Module: ModuleList
    Module: Dropout
dropout设置为训练模式
    Module: Dropout
dropout设置为训练模式
    Module: Dropout
dropout设置为训练模式
  Module: ReLU
test_loss: 0.5884
epoch 1
train_loss: 0.4747
Module: DropoutFullyConnectedNN
  Module: ModuleList
    Module: Linear
    Module: Linear
    Module: Linear
  Module: ModuleList
    Module: Dropout
dropout设置为训练模式
    Module: Dropout
dropout设置为训练模式
    Module: Dropout
dropout设置为训练模式
  Module: ReLU
test_loss: 0.3836
epoch 2
train_loss: 0.3138
Module: DropoutFullyConnectedNN
  Module: ModuleList
    Module: Linear
    Module: Linear
    Module: Linear
  Module: ModuleList
    Module: Dropout
dropout设置为训练模式
    Module: Dropout
dropout设置为训练模式
    Module: Dropout
dropout设置为训练模式
  Module: ReLU
test_loss: 0.1915
epoch 3
train_loss: 0.2672
Module: DropoutFullyConnectedNN
  Module: ModuleList
    Module: Linear
    Module: Linear
    Module: Linear
  Module: ModuleList
    Module: Dropout
dropout设置为训练模式
    Module: Dropout
dropout设置为训练模式
    Module: Dropout
dropout设置为训练模式
  Module: ReLU
test_loss: 0.1464
epoch 4
train_loss: 0.2494
Module: DropoutFullyConnectedNN
  Module: ModuleList
    Module: Linear
    Module: Linear
    Module: Linear
  Module: ModuleList
    Module: Dropout
dropout设置为训练模式
    Module: Dropout
dropout设置为训练模式
    Module: Dropout
dropout设置为训练模式
  Module: ReLU
test_loss: 0.1337
epoch 5
train_loss: 0.2271
Module: DropoutFullyConnectedNN
  Module: ModuleList
    Module: Linear
    Module: Linear
    Module: Linear
  Module: ModuleList
    Module: Dropout
dropout设置为训练模式
    Module: Dropout
dropout设置为训练模式
    Module: Dropout
dropout设置为训练模式
  Module: ReLU
test_loss: 0.1130
epoch 6
train_loss: 0.2312
Module: DropoutFullyConnectedNN
  Module: ModuleList
    Module: Linear
    Module: Linear
    Module: Linear
  Module: ModuleList
    Module: Dropout
dropout设置为训练模式
    Module: Dropout
dropout设置为训练模式
    Module: Dropout
dropout设置为训练模式
  Module: ReLU
test_loss: 0.1058
epoch 7
train_loss: 0.2010
Module: DropoutFullyConnectedNN
  Module: ModuleList
    Module: Linear
    Module: Linear
    Module: Linear
  Module: ModuleList
    Module: Dropout
dropout设置为训练模式
    Module: Dropout
dropout设置为训练模式
    Module: Dropout
dropout设置为训练模式
  Module: ReLU
test_loss: 0.1096
epoch 8
train_loss: 0.1889
Module: DropoutFullyConnectedNN
  Module: ModuleList
    Module: Linear
    Module: Linear
    Module: Linear
  Module: ModuleList
    Module: Dropout
dropout设置为训练模式
    Module: Dropout
dropout设置为训练模式
    Module: Dropout
dropout设置为训练模式
  Module: ReLU
test_loss: 0.1082
epoch 9
train_loss: 0.1756
Module: DropoutFullyConnectedNN
  Module: ModuleList
    Module: Linear
    Module: Linear
    Module: Linear
  Module: ModuleList
    Module: Dropout
dropout设置为训练模式
    Module: Dropout
dropout设置为训练模式
    Module: Dropout
dropout设置为训练模式
  Module: ReLU
test_loss: 0.1049
epoch 10
train_loss: 0.1811
Module: DropoutFullyConnectedNN
  Module: ModuleList
    Module: Linear
    Module: Linear
    Module: Linear
  Module: ModuleList
    Module: Dropout
dropout设置为训练模式
    Module: Dropout
dropout设置为训练模式
    Module: Dropout
dropout设置为训练模式
  Module: ReLU
test_loss: 0.0962
epoch 11
train_loss: 0.1648
Module: DropoutFullyConnectedNN
  Module: ModuleList
    Module: Linear
    Module: Linear
    Module: Linear
  Module: ModuleList
    Module: Dropout
dropout设置为训练模式
    Module: Dropout
dropout设置为训练模式
    Module: Dropout
dropout设置为训练模式
  Module: ReLU
test_loss: 0.0895
epoch 12
train_loss: 0.1618
Module: DropoutFullyConnectedNN
  Module: ModuleList
    Module: Linear
    Module: Linear
    Module: Linear
  Module: ModuleList
    Module: Dropout
dropout设置为训练模式
    Module: Dropout
dropout设置为训练模式
    Module: Dropout
dropout设置为训练模式
  Module: ReLU
test_loss: 0.0839
epoch 13
train_loss: 0.1785
Module: DropoutFullyConnectedNN
  Module: ModuleList
    Module: Linear
    Module: Linear
    Module: Linear
  Module: ModuleList
    Module: Dropout
dropout设置为训练模式
    Module: Dropout
dropout设置为训练模式
    Module: Dropout
dropout设置为训练模式
  Module: ReLU
test_loss: 0.0867
epoch 14
train_loss: 0.1534
Module: DropoutFullyConnectedNN
  Module: ModuleList
    Module: Linear
    Module: Linear
    Module: Linear
  Module: ModuleList
    Module: Dropout
dropout设置为训练模式
    Module: Dropout
dropout设置为训练模式
    Module: Dropout
dropout设置为训练模式
  Module: ReLU
test_loss: 0.0827
epoch 15
train_loss: 0.1432
Module: DropoutFullyConnectedNN
  Module: ModuleList
    Module: Linear
    Module: Linear
    Module: Linear
  Module: ModuleList
    Module: Dropout
dropout设置为训练模式
    Module: Dropout
dropout设置为训练模式
    Module: Dropout
dropout设置为训练模式
  Module: ReLU
test_loss: 0.0816
epoch 16
train_loss: 0.1467
Module: DropoutFullyConnectedNN
  Module: ModuleList
    Module: Linear
    Module: Linear
    Module: Linear
  Module: ModuleList
    Module: Dropout
dropout设置为训练模式
    Module: Dropout
dropout设置为训练模式
    Module: Dropout
dropout设置为训练模式
  Module: ReLU
test_loss: 0.0795
epoch 17
train_loss: 0.1405
Module: DropoutFullyConnectedNN
  Module: ModuleList
    Module: Linear
    Module: Linear
    Module: Linear
  Module: ModuleList
    Module: Dropout
dropout设置为训练模式
    Module: Dropout
dropout设置为训练模式
    Module: Dropout
dropout设置为训练模式
  Module: ReLU
test_loss: 0.0793
epoch 18
train_loss: 0.1295
Module: DropoutFullyConnectedNN
  Module: ModuleList
    Module: Linear
    Module: Linear
    Module: Linear
  Module: ModuleList
    Module: Dropout
dropout设置为训练模式
    Module: Dropout
dropout设置为训练模式
    Module: Dropout
dropout设置为训练模式
  Module: ReLU
test_loss: 0.0777
epoch 19
train_loss: 0.1415
Module: DropoutFullyConnectedNN
  Module: ModuleList
    Module: Linear
    Module: Linear
    Module: Linear
  Module: ModuleList
    Module: Dropout
dropout设置为训练模式
    Module: Dropout
dropout设置为训练模式
    Module: Dropout
dropout设置为训练模式
  Module: ReLU
test_loss: 0.0812
epoch 20
train_loss: 0.1317
Module: DropoutFullyConnectedNN
  Module: ModuleList
    Module: Linear
    Module: Linear
    Module: Linear
  Module: ModuleList
    Module: Dropout
dropout设置为训练模式
    Module: Dropout
dropout设置为训练模式
    Module: Dropout
dropout设置为训练模式
  Module: ReLU
test_loss: 0.0769
epoch 21
train_loss: 0.1117
Module: DropoutFullyConnectedNN
  Module: ModuleList
    Module: Linear
    Module: Linear
    Module: Linear
  Module: ModuleList
    Module: Dropout
dropout设置为训练模式
    Module: Dropout
dropout设置为训练模式
    Module: Dropout
dropout设置为训练模式
  Module: ReLU
test_loss: 0.0723
epoch 22
train_loss: 0.1239
Module: DropoutFullyConnectedNN
  Module: ModuleList
    Module: Linear
    Module: Linear
    Module: Linear
  Module: ModuleList
    Module: Dropout
dropout设置为训练模式
    Module: Dropout
dropout设置为训练模式
    Module: Dropout
dropout设置为训练模式
  Module: ReLU
test_loss: 0.0807
epoch 23
train_loss: 0.1247
Module: DropoutFullyConnectedNN
  Module: ModuleList
    Module: Linear
    Module: Linear
    Module: Linear
  Module: ModuleList
    Module: Dropout
dropout设置为训练模式
    Module: Dropout
dropout设置为训练模式
    Module: Dropout
dropout设置为训练模式
  Module: ReLU
test_loss: 0.0771
epoch 24
train_loss: 0.1166
Module: DropoutFullyConnectedNN
  Module: ModuleList
    Module: Linear
    Module: Linear
    Module: Linear
  Module: ModuleList
    Module: Dropout
dropout设置为训练模式
    Module: Dropout
dropout设置为训练模式
    Module: Dropout
dropout设置为训练模式
  Module: ReLU
test_loss: 0.0734
epoch 25
train_loss: 0.1172
Module: DropoutFullyConnectedNN
  Module: ModuleList
    Module: Linear
    Module: Linear
    Module: Linear
  Module: ModuleList
    Module: Dropout
dropout设置为训练模式
    Module: Dropout
dropout设置为训练模式
    Module: Dropout
dropout设置为训练模式
  Module: ReLU
test_loss: 0.0781
epoch 26
train_loss: 0.1234
Module: DropoutFullyConnectedNN
  Module: ModuleList
    Module: Linear
    Module: Linear
    Module: Linear
  Module: ModuleList
    Module: Dropout
dropout设置为训练模式
    Module: Dropout
dropout设置为训练模式
    Module: Dropout
dropout设置为训练模式
  Module: ReLU
test_loss: 0.0723
epoch 27
train_loss: 0.1116
Module: DropoutFullyConnectedNN
  Module: ModuleList
    Module: Linear
    Module: Linear
    Module: Linear
  Module: ModuleList
    Module: Dropout
dropout设置为训练模式
    Module: Dropout
dropout设置为训练模式
    Module: Dropout
dropout设置为训练模式
  Module: ReLU
test_loss: 0.0711
epoch 28
train_loss: 0.1311
Module: DropoutFullyConnectedNN
  Module: ModuleList
    Module: Linear
    Module: Linear
    Module: Linear
  Module: ModuleList
    Module: Dropout
dropout设置为训练模式
    Module: Dropout
dropout设置为训练模式
    Module: Dropout
dropout设置为训练模式
  Module: ReLU
test_loss: 0.0731
epoch 29
train_loss: 0.0946
Module: DropoutFullyConnectedNN
  Module: ModuleList
    Module: Linear
    Module: Linear
    Module: Linear
  Module: ModuleList
    Module: Dropout
dropout设置为训练模式
    Module: Dropout
dropout设置为训练模式
    Module: Dropout
dropout设置为训练模式
  Module: ReLU
test_loss: 0.0738
epoch 30
train_loss: 0.1008
Module: DropoutFullyConnectedNN
  Module: ModuleList
    Module: Linear
    Module: Linear
    Module: Linear
  Module: ModuleList
    Module: Dropout
dropout设置为训练模式
    Module: Dropout
dropout设置为训练模式
    Module: Dropout
dropout设置为训练模式
  Module: ReLU
test_loss: 0.0712
epoch 31
train_loss: 0.1033
Module: DropoutFullyConnectedNN
  Module: ModuleList
    Module: Linear
    Module: Linear
    Module: Linear
  Module: ModuleList
    Module: Dropout
dropout设置为训练模式
    Module: Dropout
dropout设置为训练模式
    Module: Dropout
dropout设置为训练模式
  Module: ReLU
test_loss: 0.0742
epoch 32
train_loss: 0.1056
Module: DropoutFullyConnectedNN
  Module: ModuleList
    Module: Linear
    Module: Linear
    Module: Linear
  Module: ModuleList
    Module: Dropout
dropout设置为训练模式
    Module: Dropout
dropout设置为训练模式
    Module: Dropout
dropout设置为训练模式
  Module: ReLU
test_loss: 0.0743
epoch 33
train_loss: 0.1202
Module: DropoutFullyConnectedNN
  Module: ModuleList
    Module: Linear
    Module: Linear
    Module: Linear
  Module: ModuleList
    Module: Dropout
dropout设置为训练模式
    Module: Dropout
dropout设置为训练模式
    Module: Dropout
dropout设置为训练模式
  Module: ReLU
test_loss: 0.0743
epoch 34
train_loss: 0.1040
Module: DropoutFullyConnectedNN
  Module: ModuleList
    Module: Linear
    Module: Linear
    Module: Linear
  Module: ModuleList
    Module: Dropout
dropout设置为训练模式
    Module: Dropout
dropout设置为训练模式
    Module: Dropout
dropout设置为训练模式
  Module: ReLU
test_loss: 0.0752
epoch 35
train_loss: 0.0942
Module: DropoutFullyConnectedNN
  Module: ModuleList
    Module: Linear
    Module: Linear
    Module: Linear
  Module: ModuleList
    Module: Dropout
dropout设置为训练模式
    Module: Dropout
dropout设置为训练模式
    Module: Dropout
dropout设置为训练模式
  Module: ReLU
test_loss: 0.0840
epoch 36
train_loss: 0.1060
Module: DropoutFullyConnectedNN
  Module: ModuleList
    Module: Linear
    Module: Linear
    Module: Linear
  Module: ModuleList
    Module: Dropout
dropout设置为训练模式
    Module: Dropout
dropout设置为训练模式
    Module: Dropout
dropout设置为训练模式
  Module: ReLU
test_loss: 0.0778
epoch 37
train_loss: 0.1010
Module: DropoutFullyConnectedNN
  Module: ModuleList
    Module: Linear
    Module: Linear
    Module: Linear
  Module: ModuleList
    Module: Dropout
dropout设置为训练模式
    Module: Dropout
dropout设置为训练模式
    Module: Dropout
dropout设置为训练模式
  Module: ReLU
test_loss: 0.0809
epoch 38
train_loss: 0.1082
Module: DropoutFullyConnectedNN
  Module: ModuleList
    Module: Linear
    Module: Linear
    Module: Linear
  Module: ModuleList
    Module: Dropout
dropout设置为训练模式
    Module: Dropout
dropout设置为训练模式
    Module: Dropout
dropout设置为训练模式
  Module: ReLU
test_loss: 0.0769
epoch 39
train_loss: 0.0995
Module: DropoutFullyConnectedNN
  Module: ModuleList
    Module: Linear
    Module: Linear
    Module: Linear
  Module: ModuleList
    Module: Dropout
dropout设置为训练模式
    Module: Dropout
dropout设置为训练模式
    Module: Dropout
dropout设置为训练模式
  Module: ReLU
test_loss: 0.0756
epoch 40
train_loss: 0.1018
Module: DropoutFullyConnectedNN
  Module: ModuleList
    Module: Linear
    Module: Linear
    Module: Linear
  Module: ModuleList
    Module: Dropout
dropout设置为训练模式
    Module: Dropout
dropout设置为训练模式
    Module: Dropout
dropout设置为训练模式
  Module: ReLU
test_loss: 0.0785
epoch 41
train_loss: 0.0987
Module: DropoutFullyConnectedNN
  Module: ModuleList
    Module: Linear
    Module: Linear
    Module: Linear
  Module: ModuleList
    Module: Dropout
dropout设置为训练模式
    Module: Dropout
dropout设置为训练模式
    Module: Dropout
dropout设置为训练模式
  Module: ReLU
test_loss: 0.0785
epoch 42
train_loss: 0.0967
Module: DropoutFullyConnectedNN
  Module: ModuleList
    Module: Linear
    Module: Linear
    Module: Linear
  Module: ModuleList
    Module: Dropout
dropout设置为训练模式
    Module: Dropout
dropout设置为训练模式
    Module: Dropout
dropout设置为训练模式
  Module: ReLU
test_loss: 0.0816
epoch 43
train_loss: 0.0876
Module: DropoutFullyConnectedNN
  Module: ModuleList
    Module: Linear
    Module: Linear
    Module: Linear
  Module: ModuleList
    Module: Dropout
dropout设置为训练模式
    Module: Dropout
dropout设置为训练模式
    Module: Dropout
dropout设置为训练模式
  Module: ReLU
test_loss: 0.0745
epoch 44
train_loss: 0.0900
Module: DropoutFullyConnectedNN
  Module: ModuleList
    Module: Linear
    Module: Linear
    Module: Linear
  Module: ModuleList
    Module: Dropout
dropout设置为训练模式
    Module: Dropout
dropout设置为训练模式
    Module: Dropout
dropout设置为训练模式
  Module: ReLU
test_loss: 0.0775
epoch 45
train_loss: 0.0791
Module: DropoutFullyConnectedNN
  Module: ModuleList
    Module: Linear
    Module: Linear
    Module: Linear
  Module: ModuleList
    Module: Dropout
dropout设置为训练模式
    Module: Dropout
dropout设置为训练模式
    Module: Dropout
dropout设置为训练模式
  Module: ReLU
test_loss: 0.0783
epoch 46
train_loss: 0.0848
Module: DropoutFullyConnectedNN
  Module: ModuleList
    Module: Linear
    Module: Linear
    Module: Linear
  Module: ModuleList
    Module: Dropout
dropout设置为训练模式
    Module: Dropout
dropout设置为训练模式
    Module: Dropout
dropout设置为训练模式
  Module: ReLU
test_loss: 0.0786
epoch 47
train_loss: 0.0947
Module: DropoutFullyConnectedNN
  Module: ModuleList
    Module: Linear
    Module: Linear
    Module: Linear
  Module: ModuleList
    Module: Dropout
dropout设置为训练模式
    Module: Dropout
dropout设置为训练模式
    Module: Dropout
dropout设置为训练模式
  Module: ReLU
test_loss: 0.0815
epoch 48
train_loss: 0.0798
Module: DropoutFullyConnectedNN
  Module: ModuleList
    Module: Linear
    Module: Linear
    Module: Linear
  Module: ModuleList
    Module: Dropout
dropout设置为训练模式
    Module: Dropout
dropout设置为训练模式
    Module: Dropout
dropout设置为训练模式
  Module: ReLU
test_loss: 0.0764
epoch 49
train_loss: 0.0838
Module: DropoutFullyConnectedNN
  Module: ModuleList
    Module: Linear
    Module: Linear
    Module: Linear
  Module: ModuleList
    Module: Dropout
dropout设置为训练模式
    Module: Dropout
dropout设置为训练模式
    Module: Dropout
dropout设置为训练模式
  Module: ReLU
test_loss: 0.0762
epoch 50
train_loss: 0.0862
Module: DropoutFullyConnectedNN
  Module: ModuleList
    Module: Linear
    Module: Linear
    Module: Linear
  Module: ModuleList
    Module: Dropout
dropout设置为训练模式
    Module: Dropout
dropout设置为训练模式
    Module: Dropout
dropout设置为训练模式
  Module: ReLU
test_loss: 0.0743
epoch 51
train_loss: 0.0787
Module: DropoutFullyConnectedNN
  Module: ModuleList
    Module: Linear
    Module: Linear
    Module: Linear
  Module: ModuleList
    Module: Dropout
dropout设置为训练模式
    Module: Dropout
dropout设置为训练模式
    Module: Dropout
dropout设置为训练模式
  Module: ReLU
test_loss: 0.0708
epoch 52
train_loss: 0.0783
Module: DropoutFullyConnectedNN
  Module: ModuleList
    Module: Linear
    Module: Linear
    Module: Linear
  Module: ModuleList
    Module: Dropout
dropout设置为训练模式
    Module: Dropout
dropout设置为训练模式
    Module: Dropout
dropout设置为训练模式
  Module: ReLU
test_loss: 0.0788
epoch 53
train_loss: 0.0862
Module: DropoutFullyConnectedNN
  Module: ModuleList
    Module: Linear
    Module: Linear
    Module: Linear
  Module: ModuleList
    Module: Dropout
dropout设置为训练模式
    Module: Dropout
dropout设置为训练模式
    Module: Dropout
dropout设置为训练模式
  Module: ReLU
test_loss: 0.0708
epoch 54
train_loss: 0.0824
Module: DropoutFullyConnectedNN
  Module: ModuleList
    Module: Linear
    Module: Linear
    Module: Linear
  Module: ModuleList
    Module: Dropout
dropout设置为训练模式
    Module: Dropout
dropout设置为训练模式
    Module: Dropout
dropout设置为训练模式
  Module: ReLU
test_loss: 0.0756
epoch 55
train_loss: 0.0813
Module: DropoutFullyConnectedNN
  Module: ModuleList
    Module: Linear
    Module: Linear
    Module: Linear
  Module: ModuleList
    Module: Dropout
dropout设置为训练模式
    Module: Dropout
dropout设置为训练模式
    Module: Dropout
dropout设置为训练模式
  Module: ReLU
test_loss: 0.0709
epoch 56
train_loss: 0.0830
Module: DropoutFullyConnectedNN
  Module: ModuleList
    Module: Linear
    Module: Linear
    Module: Linear
  Module: ModuleList
    Module: Dropout
dropout设置为训练模式
    Module: Dropout
dropout设置为训练模式
    Module: Dropout
dropout设置为训练模式
  Module: ReLU
test_loss: 0.0732
epoch 57
train_loss: 0.0772
Module: DropoutFullyConnectedNN
  Module: ModuleList
    Module: Linear
    Module: Linear
    Module: Linear
  Module: ModuleList
    Module: Dropout
dropout设置为训练模式
    Module: Dropout
dropout设置为训练模式
    Module: Dropout
dropout设置为训练模式
  Module: ReLU
test_loss: 0.0730
epoch 58
train_loss: 0.0744
Module: DropoutFullyConnectedNN
  Module: ModuleList
    Module: Linear
    Module: Linear
    Module: Linear
  Module: ModuleList
    Module: Dropout
dropout设置为训练模式
    Module: Dropout
dropout设置为训练模式
    Module: Dropout
dropout设置为训练模式
  Module: ReLU
test_loss: 0.0755
epoch 59
train_loss: 0.0823
Module: DropoutFullyConnectedNN
  Module: ModuleList
    Module: Linear
    Module: Linear
    Module: Linear
  Module: ModuleList
    Module: Dropout
dropout设置为训练模式
    Module: Dropout
dropout设置为训练模式
    Module: Dropout
dropout设置为训练模式
  Module: ReLU
test_loss: 0.0795
epoch 60
train_loss: 0.0772
Module: DropoutFullyConnectedNN
  Module: ModuleList
    Module: Linear
    Module: Linear
    Module: Linear
  Module: ModuleList
    Module: Dropout
dropout设置为训练模式
    Module: Dropout
dropout设置为训练模式
    Module: Dropout
dropout设置为训练模式
  Module: ReLU
test_loss: 0.0780
epoch 61
train_loss: 0.0867
Module: DropoutFullyConnectedNN
  Module: ModuleList
    Module: Linear
    Module: Linear
    Module: Linear
  Module: ModuleList
    Module: Dropout
dropout设置为训练模式
    Module: Dropout
dropout设置为训练模式
    Module: Dropout
dropout设置为训练模式
  Module: ReLU
test_loss: 0.0828
epoch 62
train_loss: 0.0765
Module: DropoutFullyConnectedNN
  Module: ModuleList
    Module: Linear
    Module: Linear
    Module: Linear
  Module: ModuleList
    Module: Dropout
dropout设置为训练模式
    Module: Dropout
dropout设置为训练模式
    Module: Dropout
dropout设置为训练模式
  Module: ReLU
test_loss: 0.0833
epoch 63
train_loss: 0.0813
Module: DropoutFullyConnectedNN
  Module: ModuleList
    Module: Linear
    Module: Linear
    Module: Linear
  Module: ModuleList
    Module: Dropout
dropout设置为训练模式
    Module: Dropout
dropout设置为训练模式
    Module: Dropout
dropout设置为训练模式
  Module: ReLU
test_loss: 0.0735
epoch 64
train_loss: 0.0685
Module: DropoutFullyConnectedNN
  Module: ModuleList
    Module: Linear
    Module: Linear
    Module: Linear
  Module: ModuleList
    Module: Dropout
dropout设置为训练模式
    Module: Dropout
dropout设置为训练模式
    Module: Dropout
dropout设置为训练模式
  Module: ReLU
test_loss: 0.0729
epoch 65
train_loss: 0.0864
Module: DropoutFullyConnectedNN
  Module: ModuleList
    Module: Linear
    Module: Linear
    Module: Linear
  Module: ModuleList
    Module: Dropout
dropout设置为训练模式
    Module: Dropout
dropout设置为训练模式
    Module: Dropout
dropout设置为训练模式
  Module: ReLU
test_loss: 0.0696
epoch 66
train_loss: 0.0723
Module: DropoutFullyConnectedNN
  Module: ModuleList
    Module: Linear
    Module: Linear
    Module: Linear
  Module: ModuleList
    Module: Dropout
dropout设置为训练模式
    Module: Dropout
dropout设置为训练模式
    Module: Dropout
dropout设置为训练模式
  Module: ReLU
test_loss: 0.0737
epoch 67
train_loss: 0.0650
Module: DropoutFullyConnectedNN
  Module: ModuleList
    Module: Linear
    Module: Linear
    Module: Linear
  Module: ModuleList
    Module: Dropout
dropout设置为训练模式
    Module: Dropout
dropout设置为训练模式
    Module: Dropout
dropout设置为训练模式
  Module: ReLU
test_loss: 0.0752
epoch 68
train_loss: 0.0757
Module: DropoutFullyConnectedNN
  Module: ModuleList
    Module: Linear
    Module: Linear
    Module: Linear
  Module: ModuleList
    Module: Dropout
dropout设置为训练模式
    Module: Dropout
dropout设置为训练模式
    Module: Dropout
dropout设置为训练模式
  Module: ReLU
test_loss: 0.0763
epoch 69
train_loss: 0.0648
Module: DropoutFullyConnectedNN
  Module: ModuleList
    Module: Linear
    Module: Linear
    Module: Linear
  Module: ModuleList
    Module: Dropout
dropout设置为训练模式
    Module: Dropout
dropout设置为训练模式
    Module: Dropout
dropout设置为训练模式
  Module: ReLU
test_loss: 0.0788
epoch 70
train_loss: 0.0650
Module: DropoutFullyConnectedNN
  Module: ModuleList
    Module: Linear
    Module: Linear
    Module: Linear
  Module: ModuleList
    Module: Dropout
dropout设置为训练模式
    Module: Dropout
dropout设置为训练模式
    Module: Dropout
dropout设置为训练模式
  Module: ReLU
test_loss: 0.0791
epoch 71
train_loss: 0.0659
Module: DropoutFullyConnectedNN
  Module: ModuleList
    Module: Linear
    Module: Linear
    Module: Linear
  Module: ModuleList
    Module: Dropout
dropout设置为训练模式
    Module: Dropout
dropout设置为训练模式
    Module: Dropout
dropout设置为训练模式
  Module: ReLU
test_loss: 0.0808
epoch 72
train_loss: 0.0772
Module: DropoutFullyConnectedNN
  Module: ModuleList
    Module: Linear
    Module: Linear
    Module: Linear
  Module: ModuleList
    Module: Dropout
dropout设置为训练模式
    Module: Dropout
dropout设置为训练模式
    Module: Dropout
dropout设置为训练模式
  Module: ReLU
test_loss: 0.0805
epoch 73
train_loss: 0.0650
Module: DropoutFullyConnectedNN
  Module: ModuleList
    Module: Linear
    Module: Linear
    Module: Linear
  Module: ModuleList
    Module: Dropout
dropout设置为训练模式
    Module: Dropout
dropout设置为训练模式
    Module: Dropout
dropout设置为训练模式
  Module: ReLU
test_loss: 0.0784
epoch 74
train_loss: 0.0718
Module: DropoutFullyConnectedNN
  Module: ModuleList
    Module: Linear
    Module: Linear
    Module: Linear
  Module: ModuleList
    Module: Dropout
dropout设置为训练模式
    Module: Dropout
dropout设置为训练模式
    Module: Dropout
dropout设置为训练模式
  Module: ReLU
test_loss: 0.0756
epoch 75
train_loss: 0.0658
Module: DropoutFullyConnectedNN
  Module: ModuleList
    Module: Linear
    Module: Linear
    Module: Linear
  Module: ModuleList
    Module: Dropout
dropout设置为训练模式
    Module: Dropout
dropout设置为训练模式
    Module: Dropout
dropout设置为训练模式
  Module: ReLU
test_loss: 0.0789
epoch 76
train_loss: 0.0599
Module: DropoutFullyConnectedNN
  Module: ModuleList
    Module: Linear
    Module: Linear
    Module: Linear
  Module: ModuleList
    Module: Dropout
dropout设置为训练模式
    Module: Dropout
dropout设置为训练模式
    Module: Dropout
dropout设置为训练模式
  Module: ReLU
test_loss: 0.0754
epoch 77
train_loss: 0.0731
Module: DropoutFullyConnectedNN
  Module: ModuleList
    Module: Linear
    Module: Linear
    Module: Linear
  Module: ModuleList
    Module: Dropout
dropout设置为训练模式
    Module: Dropout
dropout设置为训练模式
    Module: Dropout
dropout设置为训练模式
  Module: ReLU
test_loss: 0.0839
epoch 78
train_loss: 0.0741
Module: DropoutFullyConnectedNN
  Module: ModuleList
    Module: Linear
    Module: Linear
    Module: Linear
  Module: ModuleList
    Module: Dropout
dropout设置为训练模式
    Module: Dropout
dropout设置为训练模式
    Module: Dropout
dropout设置为训练模式
  Module: ReLU
test_loss: 0.0859
epoch 79
train_loss: 0.0685
Module: DropoutFullyConnectedNN
  Module: ModuleList
    Module: Linear
    Module: Linear
    Module: Linear
  Module: ModuleList
    Module: Dropout
dropout设置为训练模式
    Module: Dropout
dropout设置为训练模式
    Module: Dropout
dropout设置为训练模式
  Module: ReLU
test_loss: 0.0819
epoch 80
train_loss: 0.0656
Module: DropoutFullyConnectedNN
  Module: ModuleList
    Module: Linear
    Module: Linear
    Module: Linear
  Module: ModuleList
    Module: Dropout
dropout设置为训练模式
    Module: Dropout
dropout设置为训练模式
    Module: Dropout
dropout设置为训练模式
  Module: ReLU
test_loss: 0.0844
epoch 81
train_loss: 0.0688
Module: DropoutFullyConnectedNN
  Module: ModuleList
    Module: Linear
    Module: Linear
    Module: Linear
  Module: ModuleList
    Module: Dropout
dropout设置为训练模式
    Module: Dropout
dropout设置为训练模式
    Module: Dropout
dropout设置为训练模式
  Module: ReLU
test_loss: 0.0766
epoch 82
train_loss: 0.0559
Module: DropoutFullyConnectedNN
  Module: ModuleList
    Module: Linear
    Module: Linear
    Module: Linear
  Module: ModuleList
    Module: Dropout
dropout设置为训练模式
    Module: Dropout
dropout设置为训练模式
    Module: Dropout
dropout设置为训练模式
  Module: ReLU
test_loss: 0.0791
epoch 83
train_loss: 0.0627
Module: DropoutFullyConnectedNN
  Module: ModuleList
    Module: Linear
    Module: Linear
    Module: Linear
  Module: ModuleList
    Module: Dropout
dropout设置为训练模式
    Module: Dropout
dropout设置为训练模式
    Module: Dropout
dropout设置为训练模式
  Module: ReLU
test_loss: 0.0896
epoch 84
train_loss: 0.0655
Module: DropoutFullyConnectedNN
  Module: ModuleList
    Module: Linear
    Module: Linear
    Module: Linear
  Module: ModuleList
    Module: Dropout
dropout设置为训练模式
    Module: Dropout
dropout设置为训练模式
    Module: Dropout
dropout设置为训练模式
  Module: ReLU
test_loss: 0.0819
epoch 85
train_loss: 0.0655
Module: DropoutFullyConnectedNN
  Module: ModuleList
    Module: Linear
    Module: Linear
    Module: Linear
  Module: ModuleList
    Module: Dropout
dropout设置为训练模式
    Module: Dropout
dropout设置为训练模式
    Module: Dropout
dropout设置为训练模式
  Module: ReLU
test_loss: 0.0751
epoch 86
train_loss: 0.0641
Module: DropoutFullyConnectedNN
  Module: ModuleList
    Module: Linear
    Module: Linear
    Module: Linear
  Module: ModuleList
    Module: Dropout
dropout设置为训练模式
    Module: Dropout
dropout设置为训练模式
    Module: Dropout
dropout设置为训练模式
  Module: ReLU
test_loss: 0.0769
epoch 87
train_loss: 0.0647
Module: DropoutFullyConnectedNN
  Module: ModuleList
    Module: Linear
    Module: Linear
    Module: Linear
  Module: ModuleList
    Module: Dropout
dropout设置为训练模式
    Module: Dropout
dropout设置为训练模式
    Module: Dropout
dropout设置为训练模式
  Module: ReLU
test_loss: 0.0833
epoch 88
train_loss: 0.0656
Module: DropoutFullyConnectedNN
  Module: ModuleList
    Module: Linear
    Module: Linear
    Module: Linear
  Module: ModuleList
    Module: Dropout
dropout设置为训练模式
    Module: Dropout
dropout设置为训练模式
    Module: Dropout
dropout设置为训练模式
  Module: ReLU
test_loss: 0.0860
epoch 89
train_loss: 0.0629
Module: DropoutFullyConnectedNN
  Module: ModuleList
    Module: Linear
    Module: Linear
    Module: Linear
  Module: ModuleList
    Module: Dropout
dropout设置为训练模式
    Module: Dropout
dropout设置为训练模式
    Module: Dropout
dropout设置为训练模式
  Module: ReLU
test_loss: 0.0780
epoch 90
train_loss: 0.0610
Module: DropoutFullyConnectedNN
  Module: ModuleList
    Module: Linear
    Module: Linear
    Module: Linear
  Module: ModuleList
    Module: Dropout
dropout设置为训练模式
    Module: Dropout
dropout设置为训练模式
    Module: Dropout
dropout设置为训练模式
  Module: ReLU
test_loss: 0.0756
epoch 91
train_loss: 0.0744
Module: DropoutFullyConnectedNN
  Module: ModuleList
    Module: Linear
    Module: Linear
    Module: Linear
  Module: ModuleList
    Module: Dropout
dropout设置为训练模式
    Module: Dropout
dropout设置为训练模式
    Module: Dropout
dropout设置为训练模式
  Module: ReLU
test_loss: 0.0727
epoch 92
train_loss: 0.0655
Module: DropoutFullyConnectedNN
  Module: ModuleList
    Module: Linear
    Module: Linear
    Module: Linear
  Module: ModuleList
    Module: Dropout
dropout设置为训练模式
    Module: Dropout
dropout设置为训练模式
    Module: Dropout
dropout设置为训练模式
  Module: ReLU
test_loss: 0.0724
epoch 93
train_loss: 0.0655
Module: DropoutFullyConnectedNN
  Module: ModuleList
    Module: Linear
    Module: Linear
    Module: Linear
  Module: ModuleList
    Module: Dropout
dropout设置为训练模式
    Module: Dropout
dropout设置为训练模式
    Module: Dropout
dropout设置为训练模式
  Module: ReLU
test_loss: 0.0845
epoch 94
train_loss: 0.0619
Module: DropoutFullyConnectedNN
  Module: ModuleList
    Module: Linear
    Module: Linear
    Module: Linear
  Module: ModuleList
    Module: Dropout
dropout设置为训练模式
    Module: Dropout
dropout设置为训练模式
    Module: Dropout
dropout设置为训练模式
  Module: ReLU
test_loss: 0.0820
epoch 95
train_loss: 0.0699
Module: DropoutFullyConnectedNN
  Module: ModuleList
    Module: Linear
    Module: Linear
    Module: Linear
  Module: ModuleList
    Module: Dropout
dropout设置为训练模式
    Module: Dropout
dropout设置为训练模式
    Module: Dropout
dropout设置为训练模式
  Module: ReLU
test_loss: 0.0799
epoch 96
train_loss: 0.0588
Module: DropoutFullyConnectedNN
  Module: ModuleList
    Module: Linear
    Module: Linear
    Module: Linear
  Module: ModuleList
    Module: Dropout
dropout设置为训练模式
    Module: Dropout
dropout设置为训练模式
    Module: Dropout
dropout设置为训练模式
  Module: ReLU
test_loss: 0.0778
epoch 97
train_loss: 0.0623
Module: DropoutFullyConnectedNN
  Module: ModuleList
    Module: Linear
    Module: Linear
    Module: Linear
  Module: ModuleList
    Module: Dropout
dropout设置为训练模式
    Module: Dropout
dropout设置为训练模式
    Module: Dropout
dropout设置为训练模式
  Module: ReLU
test_loss: 0.0732
epoch 98
train_loss: 0.0582
Module: DropoutFullyConnectedNN
  Module: ModuleList
    Module: Linear
    Module: Linear
    Module: Linear
  Module: ModuleList
    Module: Dropout
dropout设置为训练模式
    Module: Dropout
dropout设置为训练模式
    Module: Dropout
dropout设置为训练模式
  Module: ReLU
test_loss: 0.0743
epoch 99
train_loss: 0.0584
Module: DropoutFullyConnectedNN
  Module: ModuleList
    Module: Linear
    Module: Linear
    Module: Linear
  Module: ModuleList
    Module: Dropout
dropout设置为训练模式
    Module: Dropout
dropout设置为训练模式
    Module: Dropout
dropout设置为训练模式
  Module: ReLU
test_loss: 0.0724
epoch 100
train_loss: 0.0679
Module: DropoutFullyConnectedNN
  Module: ModuleList
    Module: Linear
    Module: Linear
    Module: Linear
  Module: ModuleList
    Module: Dropout
dropout设置为训练模式
    Module: Dropout
dropout设置为训练模式
    Module: Dropout
dropout设置为训练模式
  Module: ReLU
test_loss: 0.0814
epoch 101
train_loss: 0.0520
Module: DropoutFullyConnectedNN
  Module: ModuleList
    Module: Linear
    Module: Linear
    Module: Linear
  Module: ModuleList
    Module: Dropout
dropout设置为训练模式
    Module: Dropout
dropout设置为训练模式
    Module: Dropout
dropout设置为训练模式
  Module: ReLU
test_loss: 0.0776
epoch 102
train_loss: 0.0552
Module: DropoutFullyConnectedNN
  Module: ModuleList
    Module: Linear
    Module: Linear
    Module: Linear
  Module: ModuleList
    Module: Dropout
dropout设置为训练模式
    Module: Dropout
dropout设置为训练模式
    Module: Dropout
dropout设置为训练模式
  Module: ReLU
test_loss: 0.0759
epoch 103
train_loss: 0.0564
Module: DropoutFullyConnectedNN
  Module: ModuleList
    Module: Linear
    Module: Linear
    Module: Linear
  Module: ModuleList
    Module: Dropout
dropout设置为训练模式
    Module: Dropout
dropout设置为训练模式
    Module: Dropout
dropout设置为训练模式
  Module: ReLU
test_loss: 0.0714
epoch 104
train_loss: 0.0654
Module: DropoutFullyConnectedNN
  Module: ModuleList
    Module: Linear
    Module: Linear
    Module: Linear
  Module: ModuleList
    Module: Dropout
dropout设置为训练模式
    Module: Dropout
dropout设置为训练模式
    Module: Dropout
dropout设置为训练模式
  Module: ReLU
test_loss: 0.0767
epoch 105
train_loss: 0.0586
Module: DropoutFullyConnectedNN
  Module: ModuleList
    Module: Linear
    Module: Linear
    Module: Linear
  Module: ModuleList
    Module: Dropout
dropout设置为训练模式
    Module: Dropout
dropout设置为训练模式
    Module: Dropout
dropout设置为训练模式
  Module: ReLU
test_loss: 0.0778
epoch 106
train_loss: 0.0560
Module: DropoutFullyConnectedNN
  Module: ModuleList
    Module: Linear
    Module: Linear
    Module: Linear
  Module: ModuleList
    Module: Dropout
dropout设置为训练模式
    Module: Dropout
dropout设置为训练模式
    Module: Dropout
dropout设置为训练模式
  Module: ReLU
test_loss: 0.0753
epoch 107
train_loss: 0.0729
Module: DropoutFullyConnectedNN
  Module: ModuleList
    Module: Linear
    Module: Linear
    Module: Linear
  Module: ModuleList
    Module: Dropout
dropout设置为训练模式
    Module: Dropout
dropout设置为训练模式
    Module: Dropout
dropout设置为训练模式
  Module: ReLU
test_loss: 0.0846
epoch 108
train_loss: 0.0588
Module: DropoutFullyConnectedNN
  Module: ModuleList
    Module: Linear
    Module: Linear
    Module: Linear
  Module: ModuleList
    Module: Dropout
dropout设置为训练模式
    Module: Dropout
dropout设置为训练模式
    Module: Dropout
dropout设置为训练模式
  Module: ReLU
test_loss: 0.0797
epoch 109
train_loss: 0.0606
Module: DropoutFullyConnectedNN
  Module: ModuleList
    Module: Linear
    Module: Linear
    Module: Linear
  Module: ModuleList
    Module: Dropout
dropout设置为训练模式
    Module: Dropout
dropout设置为训练模式
    Module: Dropout
dropout设置为训练模式
  Module: ReLU
test_loss: 0.0884
epoch 110
train_loss: 0.0596
Module: DropoutFullyConnectedNN
  Module: ModuleList
    Module: Linear
    Module: Linear
    Module: Linear
  Module: ModuleList
    Module: Dropout
dropout设置为训练模式
    Module: Dropout
dropout设置为训练模式
    Module: Dropout
dropout设置为训练模式
  Module: ReLU
test_loss: 0.0761
epoch 111
train_loss: 0.0574
Module: DropoutFullyConnectedNN
  Module: ModuleList
    Module: Linear
    Module: Linear
    Module: Linear
  Module: ModuleList
    Module: Dropout
dropout设置为训练模式
    Module: Dropout
dropout设置为训练模式
    Module: Dropout
dropout设置为训练模式
  Module: ReLU
test_loss: 0.0751
epoch 112
train_loss: 0.0575
Module: DropoutFullyConnectedNN
  Module: ModuleList
    Module: Linear
    Module: Linear
    Module: Linear
  Module: ModuleList
    Module: Dropout
dropout设置为训练模式
    Module: Dropout
dropout设置为训练模式
    Module: Dropout
dropout设置为训练模式
  Module: ReLU
test_loss: 0.0718
epoch 113
train_loss: 0.0554
Module: DropoutFullyConnectedNN
  Module: ModuleList
    Module: Linear
    Module: Linear
    Module: Linear
  Module: ModuleList
    Module: Dropout
dropout设置为训练模式
    Module: Dropout
dropout设置为训练模式
    Module: Dropout
dropout设置为训练模式
  Module: ReLU
test_loss: 0.0738
epoch 114
train_loss: 0.0614
Module: DropoutFullyConnectedNN
  Module: ModuleList
    Module: Linear
    Module: Linear
    Module: Linear
  Module: ModuleList
    Module: Dropout
dropout设置为训练模式
    Module: Dropout
dropout设置为训练模式
    Module: Dropout
dropout设置为训练模式
  Module: ReLU
test_loss: 0.0706
epoch 115
train_loss: 0.0502
Module: DropoutFullyConnectedNN
  Module: ModuleList
    Module: Linear
    Module: Linear
    Module: Linear
  Module: ModuleList
    Module: Dropout
dropout设置为训练模式
    Module: Dropout
dropout设置为训练模式
    Module: Dropout
dropout设置为训练模式
  Module: ReLU
test_loss: 0.0773
epoch 116
train_loss: 0.0549
Module: DropoutFullyConnectedNN
  Module: ModuleList
    Module: Linear
    Module: Linear
    Module: Linear
  Module: ModuleList
    Module: Dropout
dropout设置为训练模式
    Module: Dropout
dropout设置为训练模式
    Module: Dropout
dropout设置为训练模式
  Module: ReLU
test_loss: 0.0748
epoch 117
train_loss: 0.0567
Module: DropoutFullyConnectedNN
  Module: ModuleList
    Module: Linear
    Module: Linear
    Module: Linear
  Module: ModuleList
    Module: Dropout
dropout设置为训练模式
    Module: Dropout
dropout设置为训练模式
    Module: Dropout
dropout设置为训练模式
  Module: ReLU
test_loss: 0.0746
epoch 118
train_loss: 0.0506
Module: DropoutFullyConnectedNN
  Module: ModuleList
    Module: Linear
    Module: Linear
    Module: Linear
  Module: ModuleList
    Module: Dropout
dropout设置为训练模式
    Module: Dropout
dropout设置为训练模式
    Module: Dropout
dropout设置为训练模式
  Module: ReLU
test_loss: 0.0787
epoch 119
train_loss: 0.0528
Module: DropoutFullyConnectedNN
  Module: ModuleList
    Module: Linear
    Module: Linear
    Module: Linear
  Module: ModuleList
    Module: Dropout
dropout设置为训练模式
    Module: Dropout
dropout设置为训练模式
    Module: Dropout
dropout设置为训练模式
  Module: ReLU
test_loss: 0.0688
epoch 120
train_loss: 0.0511
Module: DropoutFullyConnectedNN
  Module: ModuleList
    Module: Linear
    Module: Linear
    Module: Linear
  Module: ModuleList
    Module: Dropout
dropout设置为训练模式
    Module: Dropout
dropout设置为训练模式
    Module: Dropout
dropout设置为训练模式
  Module: ReLU
test_loss: 0.0706
epoch 121
train_loss: 0.0460
Module: DropoutFullyConnectedNN
  Module: ModuleList
    Module: Linear
    Module: Linear
    Module: Linear
  Module: ModuleList
    Module: Dropout
dropout设置为训练模式
    Module: Dropout
dropout设置为训练模式
    Module: Dropout
dropout设置为训练模式
  Module: ReLU
test_loss: 0.0771
epoch 122
train_loss: 0.0587
Module: DropoutFullyConnectedNN
  Module: ModuleList
    Module: Linear
    Module: Linear
    Module: Linear
  Module: ModuleList
    Module: Dropout
dropout设置为训练模式
    Module: Dropout
dropout设置为训练模式
    Module: Dropout
dropout设置为训练模式
  Module: ReLU
test_loss: 0.0749
epoch 123
train_loss: 0.0559
Module: DropoutFullyConnectedNN
  Module: ModuleList
    Module: Linear
    Module: Linear
    Module: Linear
  Module: ModuleList
    Module: Dropout
dropout设置为训练模式
    Module: Dropout
dropout设置为训练模式
    Module: Dropout
dropout设置为训练模式
  Module: ReLU
test_loss: 0.0729
epoch 124
train_loss: 0.0589
Module: DropoutFullyConnectedNN
  Module: ModuleList
    Module: Linear
    Module: Linear
    Module: Linear
  Module: ModuleList
    Module: Dropout
dropout设置为训练模式
    Module: Dropout
dropout设置为训练模式
    Module: Dropout
dropout设置为训练模式
  Module: ReLU
test_loss: 0.0661
epoch 125
train_loss: 0.0576
Module: DropoutFullyConnectedNN
  Module: ModuleList
    Module: Linear
    Module: Linear
    Module: Linear
  Module: ModuleList
    Module: Dropout
dropout设置为训练模式
    Module: Dropout
dropout设置为训练模式
    Module: Dropout
dropout设置为训练模式
  Module: ReLU
test_loss: 0.0779
epoch 126
train_loss: 0.0660
Module: DropoutFullyConnectedNN
  Module: ModuleList
    Module: Linear
    Module: Linear
    Module: Linear
  Module: ModuleList
    Module: Dropout
dropout设置为训练模式
    Module: Dropout
dropout设置为训练模式
    Module: Dropout
dropout设置为训练模式
  Module: ReLU
test_loss: 0.0786
epoch 127
train_loss: 0.0566
Module: DropoutFullyConnectedNN
  Module: ModuleList
    Module: Linear
    Module: Linear
    Module: Linear
  Module: ModuleList
    Module: Dropout
dropout设置为训练模式
    Module: Dropout
dropout设置为训练模式
    Module: Dropout
dropout设置为训练模式
  Module: ReLU
test_loss: 0.0725
epoch 128
train_loss: 0.0542
Module: DropoutFullyConnectedNN
  Module: ModuleList
    Module: Linear
    Module: Linear
    Module: Linear
  Module: ModuleList
    Module: Dropout
dropout设置为训练模式
    Module: Dropout
dropout设置为训练模式
    Module: Dropout
dropout设置为训练模式
  Module: ReLU
test_loss: 0.0727
epoch 129
train_loss: 0.0591
Module: DropoutFullyConnectedNN
  Module: ModuleList
    Module: Linear
    Module: Linear
    Module: Linear
  Module: ModuleList
    Module: Dropout
dropout设置为训练模式
    Module: Dropout
dropout设置为训练模式
    Module: Dropout
dropout设置为训练模式
  Module: ReLU
test_loss: 0.0748
epoch 130
train_loss: 0.0611
Module: DropoutFullyConnectedNN
  Module: ModuleList
    Module: Linear
    Module: Linear
    Module: Linear
  Module: ModuleList
    Module: Dropout
dropout设置为训练模式
    Module: Dropout
dropout设置为训练模式
    Module: Dropout
dropout设置为训练模式
  Module: ReLU
test_loss: 0.0727
epoch 131
train_loss: 0.0519
Module: DropoutFullyConnectedNN
  Module: ModuleList
    Module: Linear
    Module: Linear
    Module: Linear
  Module: ModuleList
    Module: Dropout
dropout设置为训练模式
    Module: Dropout
dropout设置为训练模式
    Module: Dropout
dropout设置为训练模式
  Module: ReLU
test_loss: 0.0660
epoch 132
train_loss: 0.0569
Module: DropoutFullyConnectedNN
  Module: ModuleList
    Module: Linear
    Module: Linear
    Module: Linear
  Module: ModuleList
    Module: Dropout
dropout设置为训练模式
    Module: Dropout
dropout设置为训练模式
    Module: Dropout
dropout设置为训练模式
  Module: ReLU
test_loss: 0.0775
epoch 133
train_loss: 0.0535
Module: DropoutFullyConnectedNN
  Module: ModuleList
    Module: Linear
    Module: Linear
    Module: Linear
  Module: ModuleList
    Module: Dropout
dropout设置为训练模式
    Module: Dropout
dropout设置为训练模式
    Module: Dropout
dropout设置为训练模式
  Module: ReLU
test_loss: 0.0811
epoch 134
train_loss: 0.0496
Module: DropoutFullyConnectedNN
  Module: ModuleList
    Module: Linear
    Module: Linear
    Module: Linear
  Module: ModuleList
    Module: Dropout
dropout设置为训练模式
    Module: Dropout
dropout设置为训练模式
    Module: Dropout
dropout设置为训练模式
  Module: ReLU
test_loss: 0.0867
epoch 135
train_loss: 0.0604
Module: DropoutFullyConnectedNN
  Module: ModuleList
    Module: Linear
    Module: Linear
    Module: Linear
  Module: ModuleList
    Module: Dropout
dropout设置为训练模式
    Module: Dropout
dropout设置为训练模式
    Module: Dropout
dropout设置为训练模式
  Module: ReLU
test_loss: 0.0820
epoch 136
train_loss: 0.0485
Module: DropoutFullyConnectedNN
  Module: ModuleList
    Module: Linear
    Module: Linear
    Module: Linear
  Module: ModuleList
    Module: Dropout
dropout设置为训练模式
    Module: Dropout
dropout设置为训练模式
    Module: Dropout
dropout设置为训练模式
  Module: ReLU
test_loss: 0.0738
epoch 137
train_loss: 0.0611
Module: DropoutFullyConnectedNN
  Module: ModuleList
    Module: Linear
    Module: Linear
    Module: Linear
  Module: ModuleList
    Module: Dropout
dropout设置为训练模式
    Module: Dropout
dropout设置为训练模式
    Module: Dropout
dropout设置为训练模式
  Module: ReLU
test_loss: 0.0749
epoch 138
train_loss: 0.0579
Module: DropoutFullyConnectedNN
  Module: ModuleList
    Module: Linear
    Module: Linear
    Module: Linear
  Module: ModuleList
    Module: Dropout
dropout设置为训练模式
    Module: Dropout
dropout设置为训练模式
    Module: Dropout
dropout设置为训练模式
  Module: ReLU
test_loss: 0.0689
epoch 139
train_loss: 0.0540
Module: DropoutFullyConnectedNN
  Module: ModuleList
    Module: Linear
    Module: Linear
    Module: Linear
  Module: ModuleList
    Module: Dropout
dropout设置为训练模式
    Module: Dropout
dropout设置为训练模式
    Module: Dropout
dropout设置为训练模式
  Module: ReLU
test_loss: 0.0752
/home/xueqiong/noise_injection_uncertainty/regression/utils.py:39: FutureWarning: The 'delim_whitespace' keyword in pd.read_csv is deprecated and will be removed in a future version. Use ``sep='\s+'`` instead
  return pd.read_csv(dataset_path, engine='python', header=None, delim_whitespace=True)
13 1
405 101 506
model_name fixnoiseFCN
using Adam as optimizer
epoch 0
train_loss: 0.8251
test_loss: 0.6679
epoch 1
train_loss: 0.5336
test_loss: 0.4864
epoch 2
train_loss: 0.3790
test_loss: 0.2765
epoch 3
train_loss: 0.2661
test_loss: 0.1579
epoch 4
train_loss: 0.2202
test_loss: 0.1272
epoch 5
train_loss: 0.1993
test_loss: 0.1169
epoch 6
train_loss: 0.1802
test_loss: 0.1013
epoch 7
train_loss: 0.1666
test_loss: 0.1004
epoch 8
train_loss: 0.1542
test_loss: 0.0830
epoch 9
train_loss: 0.1419
test_loss: 0.0784
epoch 10
train_loss: 0.1406
test_loss: 0.0777
epoch 11
train_loss: 0.1342
test_loss: 0.0712
epoch 12
train_loss: 0.1217
test_loss: 0.0803
epoch 13
train_loss: 0.1120
test_loss: 0.0697
epoch 14
train_loss: 0.1070
test_loss: 0.0658
epoch 15
train_loss: 0.1063
test_loss: 0.0697
epoch 16
train_loss: 0.1001
test_loss: 0.0650
epoch 17
train_loss: 0.0963
test_loss: 0.0671
epoch 18
train_loss: 0.0939
test_loss: 0.0761
epoch 19
train_loss: 0.0858
test_loss: 0.0680
epoch 20
train_loss: 0.0883
test_loss: 0.0671
epoch 21
train_loss: 0.0802
test_loss: 0.0692
epoch 22
train_loss: 0.0826
test_loss: 0.0698
epoch 23
train_loss: 0.0767
test_loss: 0.0680
epoch 24
train_loss: 0.0780
test_loss: 0.0730
epoch 25
train_loss: 0.0756
test_loss: 0.0676
epoch 26
train_loss: 0.0800
test_loss: 0.0739
epoch 27
train_loss: 0.0706
test_loss: 0.0702
epoch 28
train_loss: 0.0718
test_loss: 0.0688
epoch 29
train_loss: 0.0694
test_loss: 0.0806
epoch 30
train_loss: 0.0685
test_loss: 0.0775
epoch 31
train_loss: 0.0680
test_loss: 0.0767
epoch 32
train_loss: 0.0691
test_loss: 0.0744
epoch 33
train_loss: 0.0626
test_loss: 0.0772
epoch 34
train_loss: 0.0627
test_loss: 0.0717
epoch 35
train_loss: 0.0651
test_loss: 0.0810
epoch 36
train_loss: 0.0629
test_loss: 0.0737
epoch 37
train_loss: 0.0551
test_loss: 0.0730
epoch 38
train_loss: 0.0650
test_loss: 0.0844
epoch 39
train_loss: 0.0606
test_loss: 0.0711
epoch 40
train_loss: 0.0568
test_loss: 0.0738
epoch 41
train_loss: 0.0524
test_loss: 0.0732
epoch 42
train_loss: 0.0586
test_loss: 0.0699
epoch 43
train_loss: 0.0558
test_loss: 0.0736
epoch 44
train_loss: 0.0566
test_loss: 0.0743
epoch 45
train_loss: 0.0530
test_loss: 0.0772
epoch 46
train_loss: 0.0528
test_loss: 0.0717
epoch 47
train_loss: 0.0515
test_loss: 0.0769
epoch 48
train_loss: 0.0510
test_loss: 0.0774
epoch 49
train_loss: 0.0542
test_loss: 0.0761
/home/xueqiong/noise_injection_uncertainty/regression/utils.py:39: FutureWarning: The 'delim_whitespace' keyword in pd.read_csv is deprecated and will be removed in a future version. Use ``sep='\s+'`` instead
  return pd.read_csv(dataset_path, engine='python', header=None, delim_whitespace=True)
13 1
405 101 506
model_name noisyFCN
using Adam as optimizer
epoch 0
train_loss: 0.8118
test_loss: 0.6545
epoch 1
train_loss: 0.5033
test_loss: 0.4231
epoch 2
train_loss: 0.3332
test_loss: 0.2132
epoch 3
train_loss: 0.2497
test_loss: 0.1443
epoch 4
train_loss: 0.2101
test_loss: 0.1248
epoch 5
train_loss: 0.1842
test_loss: 0.1115
epoch 6
train_loss: 0.1663
test_loss: 0.0957
epoch 7
train_loss: 0.1520
test_loss: 0.0868
epoch 8
train_loss: 0.1405
test_loss: 0.0829
epoch 9
train_loss: 0.1329
test_loss: 0.0784
epoch 10
train_loss: 0.1244
test_loss: 0.0751
epoch 11
train_loss: 0.1184
test_loss: 0.0727
epoch 12
train_loss: 0.1107
test_loss: 0.0702
epoch 13
train_loss: 0.1054
test_loss: 0.0680
epoch 14
train_loss: 0.0995
test_loss: 0.0673
epoch 15
train_loss: 0.0943
test_loss: 0.0633
epoch 16
train_loss: 0.0896
test_loss: 0.0637
epoch 17
train_loss: 0.0851
test_loss: 0.0635
epoch 18
train_loss: 0.0808
test_loss: 0.0632
epoch 19
train_loss: 0.0779
test_loss: 0.0639
epoch 20
train_loss: 0.0749
test_loss: 0.0652
epoch 21
train_loss: 0.0715
test_loss: 0.0654
epoch 22
train_loss: 0.0708
test_loss: 0.0657
epoch 23
train_loss: 0.0683
test_loss: 0.0661
epoch 24
train_loss: 0.0654
test_loss: 0.0671
epoch 25
train_loss: 0.0633
test_loss: 0.0674
epoch 26
train_loss: 0.0620
test_loss: 0.0675
epoch 27
train_loss: 0.0601
test_loss: 0.0674
epoch 28
train_loss: 0.0591
test_loss: 0.0674
epoch 29
train_loss: 0.0571
test_loss: 0.0674
epoch 30
train_loss: 0.0560
test_loss: 0.0672
epoch 31
train_loss: 0.0545
test_loss: 0.0685
epoch 32
train_loss: 0.0531
test_loss: 0.0689
epoch 33
train_loss: 0.0523
test_loss: 0.0694
epoch 34
train_loss: 0.0507
test_loss: 0.0701
epoch 35
train_loss: 0.0506
test_loss: 0.0692
epoch 36
train_loss: 0.0488
test_loss: 0.0702
epoch 37
train_loss: 0.0481
test_loss: 0.0693
epoch 38
train_loss: 0.0472
test_loss: 0.0695
epoch 39
train_loss: 0.0465
test_loss: 0.0714
epoch 40
train_loss: 0.0456
test_loss: 0.0704
epoch 41
train_loss: 0.0448
test_loss: 0.0717
epoch 42
train_loss: 0.0441
test_loss: 0.0707
epoch 43
train_loss: 0.0431
test_loss: 0.0712
epoch 44
train_loss: 0.0423
test_loss: 0.0711
epoch 45
train_loss: 0.0420
test_loss: 0.0719
epoch 46
train_loss: 0.0412
test_loss: 0.0706
epoch 47
train_loss: 0.0403
test_loss: 0.0713
epoch 48
train_loss: 0.0398
test_loss: 0.0711
epoch 49
train_loss: 0.0392
test_loss: 0.0710
epoch 50
train_loss: 0.0380
test_loss: 0.0724
epoch 51
train_loss: 0.0379
test_loss: 0.0723
epoch 52
train_loss: 0.0371
test_loss: 0.0722
epoch 53
train_loss: 0.0368
test_loss: 0.0730
epoch 54
train_loss: 0.0364
test_loss: 0.0715
epoch 55
train_loss: 0.0358
test_loss: 0.0720
epoch 56
train_loss: 0.0353
test_loss: 0.0712
epoch 57
train_loss: 0.0348
test_loss: 0.0712
epoch 58
train_loss: 0.0340
test_loss: 0.0724
epoch 59
train_loss: 0.0338
test_loss: 0.0707
epoch 60
train_loss: 0.0328
test_loss: 0.0722
epoch 61
train_loss: 0.0325
test_loss: 0.0725
epoch 62
train_loss: 0.0322
test_loss: 0.0715
epoch 63
train_loss: 0.0314
test_loss: 0.0726
epoch 64
train_loss: 0.0310
test_loss: 0.0717
epoch 65
train_loss: 0.0310
test_loss: 0.0712
epoch 66
train_loss: 0.0305
test_loss: 0.0729
epoch 67
train_loss: 0.0302
test_loss: 0.0714
epoch 68
train_loss: 0.0294
test_loss: 0.0724
epoch 69
train_loss: 0.0298
test_loss: 0.0716
epoch 70
train_loss: 0.0293
test_loss: 0.0714
epoch 71
train_loss: 0.0290
test_loss: 0.0724
epoch 72
train_loss: 0.0286
test_loss: 0.0707
epoch 73
train_loss: 0.0288
test_loss: 0.0722
epoch 74
train_loss: 0.0274
test_loss: 0.0721
epoch 75
train_loss: 0.0272
test_loss: 0.0723
epoch 76
train_loss: 0.0269
test_loss: 0.0711
epoch 77
train_loss: 0.0268
test_loss: 0.0725
epoch 78
train_loss: 0.0261
test_loss: 0.0714
epoch 79
train_loss: 0.0257
test_loss: 0.0719
epoch 80
train_loss: 0.0253
test_loss: 0.0715
epoch 81
train_loss: 0.0253
test_loss: 0.0713
epoch 82
train_loss: 0.0246
test_loss: 0.0735
epoch 83
train_loss: 0.0249
test_loss: 0.0722
epoch 84
train_loss: 0.0240
test_loss: 0.0741
epoch 85
train_loss: 0.0237
test_loss: 0.0730
epoch 86
train_loss: 0.0232
test_loss: 0.0732
epoch 87
train_loss: 0.0236
test_loss: 0.0728
epoch 88
train_loss: 0.0228
test_loss: 0.0720
epoch 89
train_loss: 0.0236
test_loss: 0.0728
epoch 90
train_loss: 0.0223
test_loss: 0.0763
epoch 91
train_loss: 0.0224
test_loss: 0.0728
epoch 92
train_loss: 0.0216
test_loss: 0.0752
epoch 93
train_loss: 0.0219
test_loss: 0.0735
epoch 94
train_loss: 0.0211
test_loss: 0.0745
epoch 95
train_loss: 0.0216
test_loss: 0.0746
epoch 96
train_loss: 0.0206
test_loss: 0.0765
epoch 97
train_loss: 0.0214
test_loss: 0.0740
epoch 98
train_loss: 0.0202
test_loss: 0.0757
epoch 99
train_loss: 0.0206
test_loss: 0.0760
epoch 100
train_loss: 0.0204
test_loss: 0.0751
epoch 101
train_loss: 0.0198
test_loss: 0.0760
epoch 102
train_loss: 0.0201
test_loss: 0.0745
epoch 103
train_loss: 0.0199
test_loss: 0.0768
epoch 104
train_loss: 0.0196
test_loss: 0.0756
epoch 105
train_loss: 0.0196
test_loss: 0.0755
epoch 106
train_loss: 0.0195
test_loss: 0.0780
epoch 107
train_loss: 0.0193
test_loss: 0.0745
epoch 108
train_loss: 0.0189
test_loss: 0.0755
epoch 109
train_loss: 0.0190
test_loss: 0.0770
/home/xueqiong/noise_injection_uncertainty/regression/utils.py:39: FutureWarning: The 'delim_whitespace' keyword in pd.read_csv is deprecated and will be removed in a future version. Use ``sep='\s+'`` instead
  return pd.read_csv(dataset_path, engine='python', header=None, delim_whitespace=True)
8 1
824 206 1030
model_name FCN
using Adam as optimizer
epoch 0
train_loss: 1.0075
test_loss: 0.9988
epoch 1
train_loss: 0.9715
test_loss: 0.9658
epoch 2
train_loss: 0.9381
test_loss: 0.9346
epoch 3
train_loss: 0.9054
test_loss: 0.9037
epoch 4
train_loss: 0.8726
test_loss: 0.8721
epoch 5
train_loss: 0.8387
test_loss: 0.8393
epoch 6
train_loss: 0.8035
test_loss: 0.8054
epoch 7
train_loss: 0.7668
test_loss: 0.7705
epoch 8
train_loss: 0.7296
test_loss: 0.7352
epoch 9
train_loss: 0.6927
test_loss: 0.7003
epoch 10
train_loss: 0.6569
test_loss: 0.6667
epoch 11
train_loss: 0.6225
test_loss: 0.6349
epoch 12
train_loss: 0.5904
test_loss: 0.6054
epoch 13
train_loss: 0.5611
test_loss: 0.5786
epoch 14
train_loss: 0.5351
test_loss: 0.5547
epoch 15
train_loss: 0.5124
test_loss: 0.5337
epoch 16
train_loss: 0.4926
test_loss: 0.5152
epoch 17
train_loss: 0.4754
test_loss: 0.4990
epoch 18
train_loss: 0.4604
test_loss: 0.4848
epoch 19
train_loss: 0.4472
test_loss: 0.4720
epoch 20
train_loss: 0.4356
test_loss: 0.4604
epoch 21
train_loss: 0.4251
test_loss: 0.4500
epoch 22
train_loss: 0.4157
test_loss: 0.4405
epoch 23
train_loss: 0.4070
test_loss: 0.4318
epoch 24
train_loss: 0.3990
test_loss: 0.4238
epoch 25
train_loss: 0.3914
test_loss: 0.4163
epoch 26
train_loss: 0.3844
test_loss: 0.4094
epoch 27
train_loss: 0.3776
test_loss: 0.4028
epoch 28
train_loss: 0.3712
test_loss: 0.3967
epoch 29
train_loss: 0.3650
test_loss: 0.3909
epoch 30
train_loss: 0.3591
test_loss: 0.3855
epoch 31
train_loss: 0.3534
test_loss: 0.3803
epoch 32
train_loss: 0.3479
test_loss: 0.3753
epoch 33
train_loss: 0.3425
test_loss: 0.3706
epoch 34
train_loss: 0.3373
test_loss: 0.3660
epoch 35
train_loss: 0.3322
test_loss: 0.3616
epoch 36
train_loss: 0.3273
test_loss: 0.3573
epoch 37
train_loss: 0.3225
test_loss: 0.3533
epoch 38
train_loss: 0.3178
test_loss: 0.3493
epoch 39
train_loss: 0.3133
test_loss: 0.3456
epoch 40
train_loss: 0.3089
test_loss: 0.3419
epoch 41
train_loss: 0.3045
test_loss: 0.3384
epoch 42
train_loss: 0.3003
test_loss: 0.3349
epoch 43
train_loss: 0.2961
test_loss: 0.3316
epoch 44
train_loss: 0.2921
test_loss: 0.3283
epoch 45
train_loss: 0.2882
test_loss: 0.3251
epoch 46
train_loss: 0.2844
test_loss: 0.3219
epoch 47
train_loss: 0.2807
test_loss: 0.3189
epoch 48
train_loss: 0.2771
test_loss: 0.3159
epoch 49
train_loss: 0.2735
test_loss: 0.3130
epoch 50
train_loss: 0.2701
test_loss: 0.3102
epoch 51
train_loss: 0.2667
test_loss: 0.3075
epoch 52
train_loss: 0.2635
test_loss: 0.3049
epoch 53
train_loss: 0.2603
test_loss: 0.3023
epoch 54
train_loss: 0.2572
test_loss: 0.2998
epoch 55
train_loss: 0.2542
test_loss: 0.2974
epoch 56
train_loss: 0.2512
test_loss: 0.2950
epoch 57
train_loss: 0.2483
test_loss: 0.2927
epoch 58
train_loss: 0.2456
test_loss: 0.2904
epoch 59
train_loss: 0.2429
test_loss: 0.2881
epoch 60
train_loss: 0.2402
test_loss: 0.2858
epoch 61
train_loss: 0.2377
test_loss: 0.2836
epoch 62
train_loss: 0.2352
test_loss: 0.2815
epoch 63
train_loss: 0.2327
test_loss: 0.2795
epoch 64
train_loss: 0.2304
test_loss: 0.2775
epoch 65
train_loss: 0.2281
test_loss: 0.2755
epoch 66
train_loss: 0.2258
test_loss: 0.2736
epoch 67
train_loss: 0.2237
test_loss: 0.2717
epoch 68
train_loss: 0.2216
test_loss: 0.2699
epoch 69
train_loss: 0.2195
test_loss: 0.2681
epoch 70
train_loss: 0.2175
test_loss: 0.2663
epoch 71
train_loss: 0.2155
test_loss: 0.2646
epoch 72
train_loss: 0.2136
test_loss: 0.2628
epoch 73
train_loss: 0.2118
test_loss: 0.2611
epoch 74
train_loss: 0.2099
test_loss: 0.2595
epoch 75
train_loss: 0.2082
test_loss: 0.2578
epoch 76
train_loss: 0.2064
test_loss: 0.2562
epoch 77
train_loss: 0.2047
test_loss: 0.2547
epoch 78
train_loss: 0.2031
test_loss: 0.2531
epoch 79
train_loss: 0.2014
test_loss: 0.2516
epoch 80
train_loss: 0.1998
test_loss: 0.2502
epoch 81
train_loss: 0.1983
test_loss: 0.2487
epoch 82
train_loss: 0.1967
test_loss: 0.2473
epoch 83
train_loss: 0.1953
test_loss: 0.2459
epoch 84
train_loss: 0.1938
test_loss: 0.2446
epoch 85
train_loss: 0.1924
test_loss: 0.2433
epoch 86
train_loss: 0.1910
test_loss: 0.2420
epoch 87
train_loss: 0.1896
test_loss: 0.2407
epoch 88
train_loss: 0.1883
test_loss: 0.2395
epoch 89
train_loss: 0.1870
test_loss: 0.2383
epoch 90
train_loss: 0.1857
test_loss: 0.2372
epoch 91
train_loss: 0.1845
test_loss: 0.2361
epoch 92
train_loss: 0.1833
test_loss: 0.2351
epoch 93
train_loss: 0.1822
test_loss: 0.2340
epoch 94
train_loss: 0.1811
test_loss: 0.2330
epoch 95
train_loss: 0.1800
test_loss: 0.2319
epoch 96
train_loss: 0.1789
test_loss: 0.2309
epoch 97
train_loss: 0.1778
test_loss: 0.2299
epoch 98
train_loss: 0.1768
test_loss: 0.2289
epoch 99
train_loss: 0.1758
test_loss: 0.2279
epoch 100
train_loss: 0.1748
test_loss: 0.2270
epoch 101
train_loss: 0.1738
test_loss: 0.2260
epoch 102
train_loss: 0.1728
test_loss: 0.2251
epoch 103
train_loss: 0.1719
test_loss: 0.2243
epoch 104
train_loss: 0.1709
test_loss: 0.2234
epoch 105
train_loss: 0.1701
test_loss: 0.2226
epoch 106
train_loss: 0.1692
test_loss: 0.2218
epoch 107
train_loss: 0.1683
test_loss: 0.2210
epoch 108
train_loss: 0.1674
test_loss: 0.2202
epoch 109
train_loss: 0.1666
test_loss: 0.2195
epoch 110
train_loss: 0.1657
test_loss: 0.2187
epoch 111
train_loss: 0.1649
test_loss: 0.2180
epoch 112
train_loss: 0.1641
test_loss: 0.2173
epoch 113
train_loss: 0.1633
test_loss: 0.2166
epoch 114
train_loss: 0.1625
test_loss: 0.2160
epoch 115
train_loss: 0.1618
test_loss: 0.2153
epoch 116
train_loss: 0.1610
test_loss: 0.2147
epoch 117
train_loss: 0.1603
test_loss: 0.2142
epoch 118
train_loss: 0.1596
test_loss: 0.2137
epoch 119
train_loss: 0.1589
test_loss: 0.2132
epoch 120
train_loss: 0.1582
test_loss: 0.2127
epoch 121
train_loss: 0.1575
test_loss: 0.2121
epoch 122
train_loss: 0.1569
test_loss: 0.2116
epoch 123
train_loss: 0.1562
test_loss: 0.2110
epoch 124
train_loss: 0.1556
test_loss: 0.2105
epoch 125
train_loss: 0.1550
test_loss: 0.2100
epoch 126
train_loss: 0.1543
test_loss: 0.2095
epoch 127
train_loss: 0.1537
test_loss: 0.2090
epoch 128
train_loss: 0.1531
test_loss: 0.2085
epoch 129
train_loss: 0.1525
test_loss: 0.2081
epoch 130
train_loss: 0.1519
test_loss: 0.2077
epoch 131
train_loss: 0.1514
test_loss: 0.2073
epoch 132
train_loss: 0.1508
test_loss: 0.2069
epoch 133
train_loss: 0.1502
test_loss: 0.2064
epoch 134
train_loss: 0.1496
test_loss: 0.2061
epoch 135
train_loss: 0.1491
test_loss: 0.2057
epoch 136
train_loss: 0.1485
test_loss: 0.2053
epoch 137
train_loss: 0.1480
test_loss: 0.2049
epoch 138
train_loss: 0.1474
test_loss: 0.2045
epoch 139
train_loss: 0.1469
test_loss: 0.2042
epoch 140
train_loss: 0.1464
test_loss: 0.2038
epoch 141
train_loss: 0.1459
test_loss: 0.2034
epoch 142
train_loss: 0.1454
test_loss: 0.2031
epoch 143
train_loss: 0.1449
test_loss: 0.2027
epoch 144
train_loss: 0.1444
test_loss: 0.2024
epoch 145
train_loss: 0.1439
test_loss: 0.2020
epoch 146
train_loss: 0.1434
test_loss: 0.2017
epoch 147
train_loss: 0.1429
test_loss: 0.2013
epoch 148
train_loss: 0.1424
test_loss: 0.2010
epoch 149
train_loss: 0.1419
test_loss: 0.2006
epoch 150
train_loss: 0.1414
test_loss: 0.2003
epoch 151
train_loss: 0.1409
test_loss: 0.2000
epoch 152
train_loss: 0.1404
test_loss: 0.1996
epoch 153
train_loss: 0.1400
test_loss: 0.1993
epoch 154
train_loss: 0.1395
test_loss: 0.1990
epoch 155
train_loss: 0.1390
test_loss: 0.1987
epoch 156
train_loss: 0.1386
test_loss: 0.1983
epoch 157
train_loss: 0.1381
test_loss: 0.1981
epoch 158
train_loss: 0.1376
test_loss: 0.1978
epoch 159
train_loss: 0.1372
test_loss: 0.1975
epoch 160
train_loss: 0.1368
test_loss: 0.1972
epoch 161
train_loss: 0.1363
test_loss: 0.1969
epoch 162
train_loss: 0.1359
test_loss: 0.1966
epoch 163
train_loss: 0.1354
test_loss: 0.1964
epoch 164
train_loss: 0.1350
test_loss: 0.1961
epoch 165
train_loss: 0.1346
test_loss: 0.1958
epoch 166
train_loss: 0.1342
test_loss: 0.1956
epoch 167
train_loss: 0.1337
test_loss: 0.1953
epoch 168
train_loss: 0.1333
test_loss: 0.1951
epoch 169
train_loss: 0.1329
test_loss: 0.1948
epoch 170
train_loss: 0.1325
test_loss: 0.1946
epoch 171
train_loss: 0.1321
test_loss: 0.1944
epoch 172
train_loss: 0.1317
test_loss: 0.1941
epoch 173
train_loss: 0.1313
test_loss: 0.1939
epoch 174
train_loss: 0.1309
test_loss: 0.1937
epoch 175
train_loss: 0.1305
test_loss: 0.1935
epoch 176
train_loss: 0.1301
test_loss: 0.1932
epoch 177
train_loss: 0.1297
test_loss: 0.1930
epoch 178
train_loss: 0.1293
test_loss: 0.1928
epoch 179
train_loss: 0.1289
test_loss: 0.1926
epoch 180
train_loss: 0.1285
test_loss: 0.1923
epoch 181
train_loss: 0.1281
test_loss: 0.1921
epoch 182
train_loss: 0.1277
test_loss: 0.1919
epoch 183
train_loss: 0.1273
test_loss: 0.1916
epoch 184
train_loss: 0.1270
test_loss: 0.1914
epoch 185
train_loss: 0.1266
test_loss: 0.1912
epoch 186
train_loss: 0.1262
test_loss: 0.1910
epoch 187
train_loss: 0.1258
test_loss: 0.1907
epoch 188
train_loss: 0.1254
test_loss: 0.1905
epoch 189
train_loss: 0.1250
test_loss: 0.1903
epoch 190
train_loss: 0.1246
test_loss: 0.1901
epoch 191
train_loss: 0.1242
test_loss: 0.1899
epoch 192
train_loss: 0.1238
test_loss: 0.1896
epoch 193
train_loss: 0.1235
test_loss: 0.1895
epoch 194
train_loss: 0.1231
test_loss: 0.1892
epoch 195
train_loss: 0.1227
test_loss: 0.1890
epoch 196
train_loss: 0.1223
test_loss: 0.1888
epoch 197
train_loss: 0.1219
test_loss: 0.1885
epoch 198
train_loss: 0.1215
test_loss: 0.1883
epoch 199
train_loss: 0.1212
test_loss: 0.1881
epoch 200
train_loss: 0.1208
test_loss: 0.1878
epoch 201
train_loss: 0.1204
test_loss: 0.1876
epoch 202
train_loss: 0.1201
test_loss: 0.1874
epoch 203
train_loss: 0.1197
test_loss: 0.1873
epoch 204
train_loss: 0.1194
test_loss: 0.1871
epoch 205
train_loss: 0.1190
test_loss: 0.1869
epoch 206
train_loss: 0.1186
test_loss: 0.1867
epoch 207
train_loss: 0.1183
test_loss: 0.1864
epoch 208
train_loss: 0.1179
test_loss: 0.1862
epoch 209
train_loss: 0.1176
test_loss: 0.1861
epoch 210
train_loss: 0.1172
test_loss: 0.1858
epoch 211
train_loss: 0.1169
test_loss: 0.1856
epoch 212
train_loss: 0.1165
test_loss: 0.1855
epoch 213
train_loss: 0.1162
test_loss: 0.1853
epoch 214
train_loss: 0.1158
test_loss: 0.1851
epoch 215
train_loss: 0.1154
test_loss: 0.1849
epoch 216
train_loss: 0.1151
test_loss: 0.1847
epoch 217
train_loss: 0.1147
test_loss: 0.1846
epoch 218
train_loss: 0.1143
test_loss: 0.1844
epoch 219
train_loss: 0.1140
test_loss: 0.1842
epoch 220
train_loss: 0.1136
test_loss: 0.1840
epoch 221
train_loss: 0.1133
test_loss: 0.1838
epoch 222
train_loss: 0.1129
test_loss: 0.1836
epoch 223
train_loss: 0.1125
test_loss: 0.1834
epoch 224
train_loss: 0.1122
test_loss: 0.1832
epoch 225
train_loss: 0.1118
test_loss: 0.1830
epoch 226
train_loss: 0.1115
test_loss: 0.1829
epoch 227
train_loss: 0.1111
test_loss: 0.1827
epoch 228
train_loss: 0.1108
test_loss: 0.1825
epoch 229
train_loss: 0.1104
test_loss: 0.1824
epoch 230
train_loss: 0.1101
test_loss: 0.1822
epoch 231
train_loss: 0.1097
test_loss: 0.1820
epoch 232
train_loss: 0.1094
test_loss: 0.1818
epoch 233
train_loss: 0.1090
test_loss: 0.1816
epoch 234
train_loss: 0.1087
test_loss: 0.1815
epoch 235
train_loss: 0.1084
test_loss: 0.1813
epoch 236
train_loss: 0.1080
test_loss: 0.1811
epoch 237
train_loss: 0.1077
test_loss: 0.1809
epoch 238
train_loss: 0.1074
test_loss: 0.1808
epoch 239
train_loss: 0.1071
test_loss: 0.1806
epoch 240
train_loss: 0.1067
test_loss: 0.1804
epoch 241
train_loss: 0.1064
test_loss: 0.1802
epoch 242
train_loss: 0.1061
test_loss: 0.1800
epoch 243
train_loss: 0.1058
test_loss: 0.1798
epoch 244
train_loss: 0.1055
test_loss: 0.1796
epoch 245
train_loss: 0.1051
test_loss: 0.1793
epoch 246
train_loss: 0.1048
test_loss: 0.1791
epoch 247
train_loss: 0.1045
test_loss: 0.1789
epoch 248
train_loss: 0.1042
test_loss: 0.1786
epoch 249
train_loss: 0.1039
test_loss: 0.1784
epoch 250
train_loss: 0.1036
test_loss: 0.1782
epoch 251
train_loss: 0.1033
test_loss: 0.1780
epoch 252
train_loss: 0.1030
test_loss: 0.1778
epoch 253
train_loss: 0.1027
test_loss: 0.1776
epoch 254
train_loss: 0.1024
test_loss: 0.1774
epoch 255
train_loss: 0.1021
test_loss: 0.1772
epoch 256
train_loss: 0.1018
test_loss: 0.1770
epoch 257
train_loss: 0.1015
test_loss: 0.1768
epoch 258
train_loss: 0.1012
test_loss: 0.1766
epoch 259
train_loss: 0.1009
test_loss: 0.1764
epoch 260
train_loss: 0.1006
test_loss: 0.1762
epoch 261
train_loss: 0.1003
test_loss: 0.1760
epoch 262
train_loss: 0.1000
test_loss: 0.1758
epoch 263
train_loss: 0.0997
test_loss: 0.1757
epoch 264
train_loss: 0.0994
test_loss: 0.1755
epoch 265
train_loss: 0.0992
test_loss: 0.1753
epoch 266
train_loss: 0.0989
test_loss: 0.1751
epoch 267
train_loss: 0.0986
test_loss: 0.1750
epoch 268
train_loss: 0.0983
test_loss: 0.1748
epoch 269
train_loss: 0.0980
test_loss: 0.1746
epoch 270
train_loss: 0.0977
test_loss: 0.1745
epoch 271
train_loss: 0.0975
test_loss: 0.1743
epoch 272
train_loss: 0.0972
test_loss: 0.1742
epoch 273
train_loss: 0.0969
test_loss: 0.1740
epoch 274
train_loss: 0.0966
test_loss: 0.1738
epoch 275
train_loss: 0.0963
test_loss: 0.1737
epoch 276
train_loss: 0.0961
test_loss: 0.1735
epoch 277
train_loss: 0.0958
test_loss: 0.1734
epoch 278
train_loss: 0.0955
test_loss: 0.1732
epoch 279
train_loss: 0.0952
test_loss: 0.1730
epoch 280
train_loss: 0.0950
test_loss: 0.1728
epoch 281
train_loss: 0.0947
test_loss: 0.1727
epoch 282
train_loss: 0.0944
test_loss: 0.1725
epoch 283
train_loss: 0.0942
test_loss: 0.1723
epoch 284
train_loss: 0.0939
test_loss: 0.1722
epoch 285
train_loss: 0.0936
test_loss: 0.1720
epoch 286
train_loss: 0.0934
test_loss: 0.1719
epoch 287
train_loss: 0.0931
test_loss: 0.1717
epoch 288
train_loss: 0.0929
test_loss: 0.1716
epoch 289
train_loss: 0.0926
test_loss: 0.1715
epoch 290
train_loss: 0.0924
test_loss: 0.1713
epoch 291
train_loss: 0.0921
test_loss: 0.1712
epoch 292
train_loss: 0.0919
test_loss: 0.1711
epoch 293
train_loss: 0.0916
test_loss: 0.1710
epoch 294
train_loss: 0.0914
test_loss: 0.1709
epoch 295
train_loss: 0.0911
test_loss: 0.1708
epoch 296
train_loss: 0.0909
test_loss: 0.1706
epoch 297
train_loss: 0.0907
test_loss: 0.1705
epoch 298
train_loss: 0.0904
test_loss: 0.1704
epoch 299
train_loss: 0.0902
test_loss: 0.1703
epoch 300
train_loss: 0.0900
test_loss: 0.1702
epoch 301
train_loss: 0.0897
test_loss: 0.1701
epoch 302
train_loss: 0.0895
test_loss: 0.1700
epoch 303
train_loss: 0.0893
test_loss: 0.1699
epoch 304
train_loss: 0.0890
test_loss: 0.1698
epoch 305
train_loss: 0.0888
test_loss: 0.1697
epoch 306
train_loss: 0.0886
test_loss: 0.1696
epoch 307
train_loss: 0.0883
test_loss: 0.1695
epoch 308
train_loss: 0.0881
test_loss: 0.1694
epoch 309
train_loss: 0.0879
test_loss: 0.1693
epoch 310
train_loss: 0.0877
test_loss: 0.1692
epoch 311
train_loss: 0.0874
test_loss: 0.1692
epoch 312
train_loss: 0.0872
test_loss: 0.1691
epoch 313
train_loss: 0.0870
test_loss: 0.1691
epoch 314
train_loss: 0.0867
test_loss: 0.1690
epoch 315
train_loss: 0.0865
test_loss: 0.1689
epoch 316
train_loss: 0.0863
test_loss: 0.1689
epoch 317
train_loss: 0.0861
test_loss: 0.1688
epoch 318
train_loss: 0.0858
test_loss: 0.1687
epoch 319
train_loss: 0.0856
test_loss: 0.1687
epoch 320
train_loss: 0.0854
test_loss: 0.1686
epoch 321
train_loss: 0.0852
test_loss: 0.1685
epoch 322
train_loss: 0.0850
test_loss: 0.1685
epoch 323
train_loss: 0.0847
test_loss: 0.1684
epoch 324
train_loss: 0.0845
test_loss: 0.1683
epoch 325
train_loss: 0.0843
test_loss: 0.1683
epoch 326
train_loss: 0.0841
test_loss: 0.1682
epoch 327
train_loss: 0.0839
test_loss: 0.1681
epoch 328
train_loss: 0.0837
test_loss: 0.1681
epoch 329
train_loss: 0.0835
test_loss: 0.1680
epoch 330
train_loss: 0.0833
test_loss: 0.1679
epoch 331
train_loss: 0.0831
test_loss: 0.1679
epoch 332
train_loss: 0.0829
test_loss: 0.1679
epoch 333
train_loss: 0.0827
test_loss: 0.1678
epoch 334
train_loss: 0.0825
test_loss: 0.1677
epoch 335
train_loss: 0.0823
test_loss: 0.1677
epoch 336
train_loss: 0.0821
test_loss: 0.1676
epoch 337
train_loss: 0.0819
test_loss: 0.1676
epoch 338
train_loss: 0.0817
test_loss: 0.1676
epoch 339
train_loss: 0.0815
test_loss: 0.1675
epoch 340
train_loss: 0.0813
test_loss: 0.1675
epoch 341
train_loss: 0.0811
test_loss: 0.1674
epoch 342
train_loss: 0.0809
test_loss: 0.1674
epoch 343
train_loss: 0.0807
test_loss: 0.1673
epoch 344
train_loss: 0.0805
test_loss: 0.1672
epoch 345
train_loss: 0.0803
test_loss: 0.1672
epoch 346
train_loss: 0.0801
test_loss: 0.1671
epoch 347
train_loss: 0.0799
test_loss: 0.1670
epoch 348
train_loss: 0.0797
test_loss: 0.1669
epoch 349
train_loss: 0.0795
test_loss: 0.1669
epoch 350
train_loss: 0.0793
test_loss: 0.1668
epoch 351
train_loss: 0.0792
test_loss: 0.1667
epoch 352
train_loss: 0.0790
test_loss: 0.1666
epoch 353
train_loss: 0.0788
test_loss: 0.1666
epoch 354
train_loss: 0.0786
test_loss: 0.1665
epoch 355
train_loss: 0.0785
test_loss: 0.1664
epoch 356
train_loss: 0.0783
test_loss: 0.1664
epoch 357
train_loss: 0.0781
test_loss: 0.1662
epoch 358
train_loss: 0.0779
test_loss: 0.1662
epoch 359
train_loss: 0.0777
test_loss: 0.1661
epoch 360
train_loss: 0.0775
test_loss: 0.1661
epoch 361
train_loss: 0.0774
test_loss: 0.1660
epoch 362
train_loss: 0.0772
test_loss: 0.1659
epoch 363
train_loss: 0.0770
test_loss: 0.1658
epoch 364
train_loss: 0.0769
test_loss: 0.1658
epoch 365
train_loss: 0.0767
test_loss: 0.1657
epoch 366
train_loss: 0.0765
test_loss: 0.1657
epoch 367
train_loss: 0.0764
test_loss: 0.1656
epoch 368
train_loss: 0.0762
test_loss: 0.1655
epoch 369
train_loss: 0.0760
test_loss: 0.1655
epoch 370
train_loss: 0.0759
test_loss: 0.1654
epoch 371
train_loss: 0.0757
test_loss: 0.1654
epoch 372
train_loss: 0.0756
test_loss: 0.1654
epoch 373
train_loss: 0.0754
test_loss: 0.1653
epoch 374
train_loss: 0.0752
test_loss: 0.1653
epoch 375
train_loss: 0.0751
test_loss: 0.1652
epoch 376
train_loss: 0.0749
test_loss: 0.1651
epoch 377
train_loss: 0.0748
test_loss: 0.1651
epoch 378
train_loss: 0.0746
test_loss: 0.1650
epoch 379
train_loss: 0.0745
test_loss: 0.1650
epoch 380
train_loss: 0.0743
test_loss: 0.1650
epoch 381
train_loss: 0.0742
test_loss: 0.1649
epoch 382
train_loss: 0.0740
test_loss: 0.1648
epoch 383
train_loss: 0.0738
test_loss: 0.1648
epoch 384
train_loss: 0.0737
test_loss: 0.1647
epoch 385
train_loss: 0.0735
test_loss: 0.1646
epoch 386
train_loss: 0.0734
test_loss: 0.1646
epoch 387
train_loss: 0.0732
test_loss: 0.1646
epoch 388
train_loss: 0.0731
test_loss: 0.1646
epoch 389
train_loss: 0.0730
test_loss: 0.1645
epoch 390
train_loss: 0.0728
test_loss: 0.1644
epoch 391
train_loss: 0.0727
test_loss: 0.1644
epoch 392
train_loss: 0.0725
test_loss: 0.1643
epoch 393
train_loss: 0.0724
test_loss: 0.1642
epoch 394
train_loss: 0.0722
test_loss: 0.1642
epoch 395
train_loss: 0.0721
test_loss: 0.1642
epoch 396
train_loss: 0.0720
test_loss: 0.1642
epoch 397
train_loss: 0.0718
test_loss: 0.1640
epoch 398
train_loss: 0.0717
test_loss: 0.1640
epoch 399
train_loss: 0.0716
test_loss: 0.1639
epoch 400
train_loss: 0.0714
test_loss: 0.1639
epoch 401
train_loss: 0.0713
test_loss: 0.1638
epoch 402
train_loss: 0.0712
test_loss: 0.1638
epoch 403
train_loss: 0.0710
test_loss: 0.1637
epoch 404
train_loss: 0.0709
test_loss: 0.1636
epoch 405
train_loss: 0.0708
test_loss: 0.1635
epoch 406
train_loss: 0.0707
test_loss: 0.1635
epoch 407
train_loss: 0.0705
test_loss: 0.1634
epoch 408
train_loss: 0.0704
test_loss: 0.1634
epoch 409
train_loss: 0.0703
test_loss: 0.1633
epoch 410
train_loss: 0.0701
test_loss: 0.1632
epoch 411
train_loss: 0.0700
test_loss: 0.1632
epoch 412
train_loss: 0.0699
test_loss: 0.1631
epoch 413
train_loss: 0.0698
test_loss: 0.1631
epoch 414
train_loss: 0.0697
test_loss: 0.1630
epoch 415
train_loss: 0.0695
test_loss: 0.1629
epoch 416
train_loss: 0.0694
test_loss: 0.1629
epoch 417
train_loss: 0.0693
test_loss: 0.1629
epoch 418
train_loss: 0.0692
test_loss: 0.1628
epoch 419
train_loss: 0.0691
test_loss: 0.1627
epoch 420
train_loss: 0.0689
test_loss: 0.1627
epoch 421
train_loss: 0.0688
test_loss: 0.1626
epoch 422
train_loss: 0.0687
test_loss: 0.1625
epoch 423
train_loss: 0.0686
test_loss: 0.1625
epoch 424
train_loss: 0.0685
test_loss: 0.1624
epoch 425
train_loss: 0.0684
test_loss: 0.1623
epoch 426
train_loss: 0.0683
test_loss: 0.1623
epoch 427
train_loss: 0.0681
test_loss: 0.1623
epoch 428
train_loss: 0.0680
test_loss: 0.1622
epoch 429
train_loss: 0.0679
test_loss: 0.1621
epoch 430
train_loss: 0.0678
test_loss: 0.1620
epoch 431
train_loss: 0.0677
test_loss: 0.1620
epoch 432
train_loss: 0.0676
test_loss: 0.1619
epoch 433
train_loss: 0.0675
test_loss: 0.1618
epoch 434
train_loss: 0.0673
test_loss: 0.1618
epoch 435
train_loss: 0.0672
test_loss: 0.1617
epoch 436
train_loss: 0.0671
test_loss: 0.1617
epoch 437
train_loss: 0.0670
test_loss: 0.1616
epoch 438
train_loss: 0.0669
test_loss: 0.1615
epoch 439
train_loss: 0.0668
test_loss: 0.1615
epoch 440
train_loss: 0.0667
test_loss: 0.1614
epoch 441
train_loss: 0.0666
test_loss: 0.1614
epoch 442
train_loss: 0.0665
test_loss: 0.1613
epoch 443
train_loss: 0.0664
test_loss: 0.1612
epoch 444
train_loss: 0.0663
test_loss: 0.1612
epoch 445
train_loss: 0.0662
test_loss: 0.1611
epoch 446
train_loss: 0.0661
test_loss: 0.1610
epoch 447
train_loss: 0.0660
test_loss: 0.1609
epoch 448
train_loss: 0.0658
test_loss: 0.1609
epoch 449
train_loss: 0.0657
test_loss: 0.1608
epoch 450
train_loss: 0.0656
test_loss: 0.1608
epoch 451
train_loss: 0.0655
test_loss: 0.1607
epoch 452
train_loss: 0.0654
test_loss: 0.1606
epoch 453
train_loss: 0.0653
test_loss: 0.1605
epoch 454
train_loss: 0.0652
test_loss: 0.1605
epoch 455
train_loss: 0.0651
test_loss: 0.1604
epoch 456
train_loss: 0.0650
test_loss: 0.1603
epoch 457
train_loss: 0.0649
test_loss: 0.1603
epoch 458
train_loss: 0.0648
test_loss: 0.1602
epoch 459
train_loss: 0.0647
test_loss: 0.1601
epoch 460
train_loss: 0.0646
test_loss: 0.1601
epoch 461
train_loss: 0.0645
test_loss: 0.1600
epoch 462
train_loss: 0.0644
test_loss: 0.1600
epoch 463
train_loss: 0.0643
test_loss: 0.1599
epoch 464
train_loss: 0.0642
test_loss: 0.1599
epoch 465
train_loss: 0.0641
test_loss: 0.1598
epoch 466
train_loss: 0.0640
test_loss: 0.1598
epoch 467
train_loss: 0.0639
test_loss: 0.1597
epoch 468
train_loss: 0.0638
test_loss: 0.1597
epoch 469
train_loss: 0.0637
test_loss: 0.1596
epoch 470
train_loss: 0.0636
test_loss: 0.1596
epoch 471
train_loss: 0.0635
test_loss: 0.1595
epoch 472
train_loss: 0.0634
test_loss: 0.1594
epoch 473
train_loss: 0.0633
test_loss: 0.1595
epoch 474
train_loss: 0.0632
test_loss: 0.1594
epoch 475
train_loss: 0.0631
test_loss: 0.1593
epoch 476
train_loss: 0.0630
test_loss: 0.1593
epoch 477
train_loss: 0.0630
test_loss: 0.1592
epoch 478
train_loss: 0.0629
test_loss: 0.1592
epoch 479
train_loss: 0.0628
test_loss: 0.1591
epoch 480
train_loss: 0.0627
test_loss: 0.1590
epoch 481
train_loss: 0.0626
test_loss: 0.1590
epoch 482
train_loss: 0.0625
test_loss: 0.1590
epoch 483
train_loss: 0.0624
test_loss: 0.1589
epoch 484
train_loss: 0.0623
test_loss: 0.1588
epoch 485
train_loss: 0.0622
test_loss: 0.1588
epoch 486
train_loss: 0.0621
test_loss: 0.1588
epoch 487
train_loss: 0.0620
test_loss: 0.1587
epoch 488
train_loss: 0.0620
test_loss: 0.1586
epoch 489
train_loss: 0.0619
test_loss: 0.1586
epoch 490
train_loss: 0.0618
test_loss: 0.1585
epoch 491
train_loss: 0.0617
test_loss: 0.1585
epoch 492
train_loss: 0.0616
test_loss: 0.1585
epoch 493
train_loss: 0.0615
test_loss: 0.1584
epoch 494
train_loss: 0.0614
test_loss: 0.1584
epoch 495
train_loss: 0.0614
test_loss: 0.1583
epoch 496
train_loss: 0.0613
test_loss: 0.1583
epoch 497
train_loss: 0.0612
test_loss: 0.1582
epoch 498
train_loss: 0.0611
test_loss: 0.1582
epoch 499
train_loss: 0.0610
test_loss: 0.1582
epoch 500
train_loss: 0.0610
test_loss: 0.1581
epoch 501
train_loss: 0.0609
test_loss: 0.1580
epoch 502
train_loss: 0.0608
test_loss: 0.1580
epoch 503
train_loss: 0.0607
test_loss: 0.1579
epoch 504
train_loss: 0.0606
test_loss: 0.1579
epoch 505
train_loss: 0.0606
test_loss: 0.1578
epoch 506
train_loss: 0.0605
test_loss: 0.1578
epoch 507
train_loss: 0.0604
test_loss: 0.1577
epoch 508
train_loss: 0.0603
test_loss: 0.1577
epoch 509
train_loss: 0.0602
test_loss: 0.1576
epoch 510
train_loss: 0.0602
test_loss: 0.1575
epoch 511
train_loss: 0.0601
test_loss: 0.1575
epoch 512
train_loss: 0.0600
test_loss: 0.1574
epoch 513
train_loss: 0.0599
test_loss: 0.1573
epoch 514
train_loss: 0.0599
test_loss: 0.1573
epoch 515
train_loss: 0.0598
test_loss: 0.1572
epoch 516
train_loss: 0.0597
test_loss: 0.1572
epoch 517
train_loss: 0.0596
test_loss: 0.1571
epoch 518
train_loss: 0.0596
test_loss: 0.1571
epoch 519
train_loss: 0.0595
test_loss: 0.1569
epoch 520
train_loss: 0.0594
test_loss: 0.1569
epoch 521
train_loss: 0.0593
test_loss: 0.1569
epoch 522
train_loss: 0.0593
test_loss: 0.1568
epoch 523
train_loss: 0.0592
test_loss: 0.1568
epoch 524
train_loss: 0.0591
test_loss: 0.1567
epoch 525
train_loss: 0.0590
test_loss: 0.1566
epoch 526
train_loss: 0.0590
test_loss: 0.1566
epoch 527
train_loss: 0.0589
test_loss: 0.1565
epoch 528
train_loss: 0.0588
test_loss: 0.1564
epoch 529
train_loss: 0.0588
test_loss: 0.1563
epoch 530
train_loss: 0.0587
test_loss: 0.1563
epoch 531
train_loss: 0.0586
test_loss: 0.1562
epoch 532
train_loss: 0.0585
test_loss: 0.1562
epoch 533
train_loss: 0.0585
test_loss: 0.1561
epoch 534
train_loss: 0.0584
test_loss: 0.1561
epoch 535
train_loss: 0.0583
test_loss: 0.1560
epoch 536
train_loss: 0.0583
test_loss: 0.1560
epoch 537
train_loss: 0.0582
test_loss: 0.1559
epoch 538
train_loss: 0.0581
test_loss: 0.1559
epoch 539
train_loss: 0.0581
test_loss: 0.1558
epoch 540
train_loss: 0.0580
test_loss: 0.1558
epoch 541
train_loss: 0.0580
test_loss: 0.1558
epoch 542
train_loss: 0.0579
test_loss: 0.1556
epoch 543
train_loss: 0.0578
test_loss: 0.1556
epoch 544
train_loss: 0.0578
test_loss: 0.1556
epoch 545
train_loss: 0.0577
test_loss: 0.1556
epoch 546
train_loss: 0.0576
test_loss: 0.1555
epoch 547
train_loss: 0.0576
test_loss: 0.1554
epoch 548
train_loss: 0.0575
test_loss: 0.1554
epoch 549
train_loss: 0.0575
test_loss: 0.1553
epoch 550
train_loss: 0.0574
test_loss: 0.1553
epoch 551
train_loss: 0.0573
test_loss: 0.1552
epoch 552
train_loss: 0.0573
test_loss: 0.1552
epoch 553
train_loss: 0.0572
test_loss: 0.1551
epoch 554
train_loss: 0.0572
test_loss: 0.1551
epoch 555
train_loss: 0.0571
test_loss: 0.1550
epoch 556
train_loss: 0.0570
test_loss: 0.1550
epoch 557
train_loss: 0.0570
test_loss: 0.1549
epoch 558
train_loss: 0.0569
test_loss: 0.1549
epoch 559
train_loss: 0.0568
test_loss: 0.1548
epoch 560
train_loss: 0.0568
test_loss: 0.1547
epoch 561
train_loss: 0.0567
test_loss: 0.1547
epoch 562
train_loss: 0.0567
test_loss: 0.1546
epoch 563
train_loss: 0.0566
test_loss: 0.1546
epoch 564
train_loss: 0.0565
test_loss: 0.1545
epoch 565
train_loss: 0.0565
test_loss: 0.1544
epoch 566
train_loss: 0.0564
test_loss: 0.1544
epoch 567
train_loss: 0.0564
test_loss: 0.1543
epoch 568
train_loss: 0.0563
test_loss: 0.1543
epoch 569
train_loss: 0.0563
test_loss: 0.1542
epoch 570
train_loss: 0.0562
test_loss: 0.1542
epoch 571
train_loss: 0.0561
test_loss: 0.1541
epoch 572
train_loss: 0.0561
test_loss: 0.1540
epoch 573
train_loss: 0.0560
test_loss: 0.1540
epoch 574
train_loss: 0.0560
test_loss: 0.1540
epoch 575
train_loss: 0.0559
test_loss: 0.1539
epoch 576
train_loss: 0.0559
test_loss: 0.1539
epoch 577
train_loss: 0.0558
test_loss: 0.1538
epoch 578
train_loss: 0.0557
test_loss: 0.1538
epoch 579
train_loss: 0.0557
test_loss: 0.1537
epoch 580
train_loss: 0.0556
test_loss: 0.1536
epoch 581
train_loss: 0.0556
test_loss: 0.1536
epoch 582
train_loss: 0.0555
test_loss: 0.1536
epoch 583
train_loss: 0.0555
test_loss: 0.1535
epoch 584
train_loss: 0.0554
test_loss: 0.1534
epoch 585
train_loss: 0.0554
test_loss: 0.1534
epoch 586
train_loss: 0.0553
test_loss: 0.1533
epoch 587
train_loss: 0.0552
test_loss: 0.1533
epoch 588
train_loss: 0.0552
test_loss: 0.1532
epoch 589
train_loss: 0.0551
test_loss: 0.1532
epoch 590
train_loss: 0.0551
test_loss: 0.1532
epoch 591
train_loss: 0.0550
test_loss: 0.1531
epoch 592
train_loss: 0.0550
test_loss: 0.1530
epoch 593
train_loss: 0.0549
test_loss: 0.1530
epoch 594
train_loss: 0.0549
test_loss: 0.1529
epoch 595
train_loss: 0.0548
test_loss: 0.1529
epoch 596
train_loss: 0.0548
test_loss: 0.1528
epoch 597
train_loss: 0.0547
test_loss: 0.1528
epoch 598
train_loss: 0.0547
test_loss: 0.1527
epoch 599
train_loss: 0.0546
test_loss: 0.1527
epoch 600
train_loss: 0.0545
test_loss: 0.1527
epoch 601
train_loss: 0.0545
test_loss: 0.1526
epoch 602
train_loss: 0.0544
test_loss: 0.1525
epoch 603
train_loss: 0.0544
test_loss: 0.1525
epoch 604
train_loss: 0.0543
test_loss: 0.1525
epoch 605
train_loss: 0.0543
test_loss: 0.1524
epoch 606
train_loss: 0.0542
test_loss: 0.1523
epoch 607
train_loss: 0.0542
test_loss: 0.1523
epoch 608
train_loss: 0.0541
test_loss: 0.1522
epoch 609
train_loss: 0.0541
test_loss: 0.1522
epoch 610
train_loss: 0.0540
test_loss: 0.1522
epoch 611
train_loss: 0.0540
test_loss: 0.1522
epoch 612
train_loss: 0.0539
test_loss: 0.1521
epoch 613
train_loss: 0.0539
test_loss: 0.1520
epoch 614
train_loss: 0.0538
test_loss: 0.1520
epoch 615
train_loss: 0.0538
test_loss: 0.1519
epoch 616
train_loss: 0.0537
test_loss: 0.1519
epoch 617
train_loss: 0.0536
test_loss: 0.1518
epoch 618
train_loss: 0.0536
test_loss: 0.1517
epoch 619
train_loss: 0.0535
test_loss: 0.1517
epoch 620
train_loss: 0.0535
test_loss: 0.1517
epoch 621
train_loss: 0.0534
test_loss: 0.1516
epoch 622
train_loss: 0.0534
test_loss: 0.1516
epoch 623
train_loss: 0.0533
test_loss: 0.1515
epoch 624
train_loss: 0.0533
test_loss: 0.1515
epoch 625
train_loss: 0.0532
test_loss: 0.1514
epoch 626
train_loss: 0.0532
test_loss: 0.1514
epoch 627
train_loss: 0.0531
test_loss: 0.1514
epoch 628
train_loss: 0.0531
test_loss: 0.1513
epoch 629
train_loss: 0.0530
test_loss: 0.1513
epoch 630
train_loss: 0.0530
test_loss: 0.1512
epoch 631
train_loss: 0.0529
test_loss: 0.1512
epoch 632
train_loss: 0.0529
test_loss: 0.1511
epoch 633
train_loss: 0.0528
test_loss: 0.1510
epoch 634
train_loss: 0.0528
test_loss: 0.1510
epoch 635
train_loss: 0.0528
test_loss: 0.1509
epoch 636
train_loss: 0.0527
test_loss: 0.1509
epoch 637
train_loss: 0.0527
test_loss: 0.1508
epoch 638
train_loss: 0.0526
test_loss: 0.1507
epoch 639
train_loss: 0.0526
test_loss: 0.1507
epoch 640
train_loss: 0.0525
test_loss: 0.1506
epoch 641
train_loss: 0.0525
test_loss: 0.1506
epoch 642
train_loss: 0.0524
test_loss: 0.1505
epoch 643
train_loss: 0.0524
test_loss: 0.1505
epoch 644
train_loss: 0.0523
test_loss: 0.1504
epoch 645
train_loss: 0.0523
test_loss: 0.1503
epoch 646
train_loss: 0.0522
test_loss: 0.1503
epoch 647
train_loss: 0.0522
test_loss: 0.1502
epoch 648
train_loss: 0.0521
test_loss: 0.1501
epoch 649
train_loss: 0.0521
test_loss: 0.1501
epoch 650
train_loss: 0.0520
test_loss: 0.1500
epoch 651
train_loss: 0.0520
test_loss: 0.1500
epoch 652
train_loss: 0.0520
test_loss: 0.1499
epoch 653
train_loss: 0.0519
test_loss: 0.1499
epoch 654
train_loss: 0.0519
test_loss: 0.1499
epoch 655
train_loss: 0.0518
test_loss: 0.1498
epoch 656
train_loss: 0.0518
test_loss: 0.1498
epoch 657
train_loss: 0.0517
test_loss: 0.1497
epoch 658
train_loss: 0.0517
test_loss: 0.1497
epoch 659
train_loss: 0.0516
test_loss: 0.1496
epoch 660
train_loss: 0.0516
test_loss: 0.1496
epoch 661
train_loss: 0.0515
test_loss: 0.1495
epoch 662
train_loss: 0.0515
test_loss: 0.1494
epoch 663
train_loss: 0.0514
test_loss: 0.1494
epoch 664
train_loss: 0.0514
test_loss: 0.1493
epoch 665
train_loss: 0.0513
test_loss: 0.1493
epoch 666
train_loss: 0.0513
test_loss: 0.1492
epoch 667
train_loss: 0.0513
test_loss: 0.1492
epoch 668
train_loss: 0.0512
test_loss: 0.1491
epoch 669
train_loss: 0.0512
test_loss: 0.1490
epoch 670
train_loss: 0.0511
test_loss: 0.1490
epoch 671
train_loss: 0.0511
test_loss: 0.1490
epoch 672
train_loss: 0.0510
test_loss: 0.1489
epoch 673
train_loss: 0.0510
test_loss: 0.1488
epoch 674
train_loss: 0.0509
test_loss: 0.1488
epoch 675
train_loss: 0.0509
test_loss: 0.1488
epoch 676
train_loss: 0.0509
test_loss: 0.1487
epoch 677
train_loss: 0.0508
test_loss: 0.1486
epoch 678
train_loss: 0.0508
test_loss: 0.1486
epoch 679
train_loss: 0.0507
test_loss: 0.1486
epoch 680
train_loss: 0.0507
test_loss: 0.1485
epoch 681
train_loss: 0.0506
test_loss: 0.1484
epoch 682
train_loss: 0.0506
test_loss: 0.1484
epoch 683
train_loss: 0.0505
test_loss: 0.1483
epoch 684
train_loss: 0.0505
test_loss: 0.1483
epoch 685
train_loss: 0.0505
test_loss: 0.1483
epoch 686
train_loss: 0.0504
test_loss: 0.1482
epoch 687
train_loss: 0.0504
test_loss: 0.1481
epoch 688
train_loss: 0.0503
test_loss: 0.1481
epoch 689
train_loss: 0.0503
test_loss: 0.1480
epoch 690
train_loss: 0.0502
test_loss: 0.1480
epoch 691
train_loss: 0.0502
test_loss: 0.1479
epoch 692
train_loss: 0.0501
test_loss: 0.1479
epoch 693
train_loss: 0.0501
test_loss: 0.1478
epoch 694
train_loss: 0.0501
test_loss: 0.1478
epoch 695
train_loss: 0.0500
test_loss: 0.1478
epoch 696
train_loss: 0.0500
test_loss: 0.1477
epoch 697
train_loss: 0.0499
test_loss: 0.1477
epoch 698
train_loss: 0.0499
test_loss: 0.1477
epoch 699
train_loss: 0.0498
test_loss: 0.1476
epoch 700
train_loss: 0.0498
test_loss: 0.1476
epoch 701
train_loss: 0.0497
test_loss: 0.1475
epoch 702
train_loss: 0.0497
test_loss: 0.1474
epoch 703
train_loss: 0.0496
test_loss: 0.1474
epoch 704
train_loss: 0.0496
test_loss: 0.1473
epoch 705
train_loss: 0.0495
test_loss: 0.1473
epoch 706
train_loss: 0.0495
test_loss: 0.1473
epoch 707
train_loss: 0.0495
test_loss: 0.1473
epoch 708
train_loss: 0.0494
test_loss: 0.1472
epoch 709
train_loss: 0.0494
test_loss: 0.1471
epoch 710
train_loss: 0.0493
test_loss: 0.1471
epoch 711
train_loss: 0.0493
test_loss: 0.1470
epoch 712
train_loss: 0.0492
test_loss: 0.1470
epoch 713
train_loss: 0.0492
test_loss: 0.1470
epoch 714
train_loss: 0.0491
test_loss: 0.1469
epoch 715
train_loss: 0.0491
test_loss: 0.1468
epoch 716
train_loss: 0.0490
test_loss: 0.1468
epoch 717
train_loss: 0.0490
test_loss: 0.1468
epoch 718
train_loss: 0.0489
test_loss: 0.1467
epoch 719
train_loss: 0.0489
test_loss: 0.1467
epoch 720
train_loss: 0.0489
test_loss: 0.1466
epoch 721
train_loss: 0.0488
test_loss: 0.1466
epoch 722
train_loss: 0.0488
test_loss: 0.1465
epoch 723
train_loss: 0.0487
test_loss: 0.1465
epoch 724
train_loss: 0.0487
test_loss: 0.1464
epoch 725
train_loss: 0.0486
test_loss: 0.1464
epoch 726
train_loss: 0.0486
test_loss: 0.1464
epoch 727
train_loss: 0.0486
test_loss: 0.1463
epoch 728
train_loss: 0.0485
test_loss: 0.1463
epoch 729
train_loss: 0.0485
test_loss: 0.1462
epoch 730
train_loss: 0.0484
test_loss: 0.1462
epoch 731
train_loss: 0.0484
test_loss: 0.1461
epoch 732
train_loss: 0.0483
test_loss: 0.1461
epoch 733
train_loss: 0.0483
test_loss: 0.1460
epoch 734
train_loss: 0.0483
test_loss: 0.1459
epoch 735
train_loss: 0.0482
test_loss: 0.1459
epoch 736
train_loss: 0.0482
test_loss: 0.1459
epoch 737
train_loss: 0.0481
test_loss: 0.1459
epoch 738
train_loss: 0.0481
test_loss: 0.1458
epoch 739
train_loss: 0.0480
test_loss: 0.1457
epoch 740
train_loss: 0.0480
test_loss: 0.1457
epoch 741
train_loss: 0.0479
test_loss: 0.1457
epoch 742
train_loss: 0.0479
test_loss: 0.1456
epoch 743
train_loss: 0.0478
test_loss: 0.1456
epoch 744
train_loss: 0.0478
test_loss: 0.1455
epoch 745
train_loss: 0.0478
test_loss: 0.1455
epoch 746
train_loss: 0.0477
test_loss: 0.1454
epoch 747
train_loss: 0.0477
test_loss: 0.1454
epoch 748
train_loss: 0.0476
test_loss: 0.1454
epoch 749
train_loss: 0.0476
test_loss: 0.1453
epoch 750
train_loss: 0.0476
test_loss: 0.1454
epoch 751
train_loss: 0.0475
test_loss: 0.1453
epoch 752
train_loss: 0.0475
test_loss: 0.1452
epoch 753
train_loss: 0.0474
test_loss: 0.1453
epoch 754
train_loss: 0.0474
test_loss: 0.1451
epoch 755
train_loss: 0.0473
test_loss: 0.1452
epoch 756
train_loss: 0.0473
test_loss: 0.1451
epoch 757
train_loss: 0.0473
test_loss: 0.1451
epoch 758
train_loss: 0.0472
test_loss: 0.1451
epoch 759
train_loss: 0.0472
test_loss: 0.1450
epoch 760
train_loss: 0.0471
test_loss: 0.1449
epoch 761
train_loss: 0.0471
test_loss: 0.1449
epoch 762
train_loss: 0.0471
test_loss: 0.1449
epoch 763
train_loss: 0.0470
test_loss: 0.1449
epoch 764
train_loss: 0.0470
test_loss: 0.1447
epoch 765
train_loss: 0.0469
test_loss: 0.1448
epoch 766
train_loss: 0.0469
test_loss: 0.1448
epoch 767
train_loss: 0.0469
test_loss: 0.1447
epoch 768
train_loss: 0.0468
test_loss: 0.1447
epoch 769
train_loss: 0.0468
test_loss: 0.1447
epoch 770
train_loss: 0.0467
test_loss: 0.1447
epoch 771
train_loss: 0.0467
test_loss: 0.1446
epoch 772
train_loss: 0.0467
test_loss: 0.1446
epoch 773
train_loss: 0.0466
test_loss: 0.1446
epoch 774
train_loss: 0.0466
test_loss: 0.1446
epoch 775
train_loss: 0.0465
test_loss: 0.1445
epoch 776
train_loss: 0.0465
test_loss: 0.1445
epoch 777
train_loss: 0.0465
test_loss: 0.1445
epoch 778
train_loss: 0.0464
test_loss: 0.1445
epoch 779
train_loss: 0.0464
test_loss: 0.1445
epoch 780
train_loss: 0.0463
test_loss: 0.1444
epoch 781
train_loss: 0.0463
test_loss: 0.1444
epoch 782
train_loss: 0.0463
test_loss: 0.1443
epoch 783
train_loss: 0.0462
test_loss: 0.1443
epoch 784
train_loss: 0.0462
test_loss: 0.1443
epoch 785
train_loss: 0.0462
test_loss: 0.1442
epoch 786
train_loss: 0.0461
test_loss: 0.1442
epoch 787
train_loss: 0.0461
test_loss: 0.1442
epoch 788
train_loss: 0.0460
test_loss: 0.1442
epoch 789
train_loss: 0.0460
test_loss: 0.1441
epoch 790
train_loss: 0.0460
test_loss: 0.1441
epoch 791
train_loss: 0.0459
test_loss: 0.1440
epoch 792
train_loss: 0.0459
test_loss: 0.1440
epoch 793
train_loss: 0.0459
test_loss: 0.1440
epoch 794
train_loss: 0.0458
test_loss: 0.1439
epoch 795
train_loss: 0.0458
test_loss: 0.1439
epoch 796
train_loss: 0.0458
test_loss: 0.1438
epoch 797
train_loss: 0.0457
test_loss: 0.1438
epoch 798
train_loss: 0.0457
test_loss: 0.1438
epoch 799
train_loss: 0.0457
test_loss: 0.1437
epoch 800
train_loss: 0.0456
test_loss: 0.1437
epoch 801
train_loss: 0.0456
test_loss: 0.1437
epoch 802
train_loss: 0.0456
test_loss: 0.1436
epoch 803
train_loss: 0.0455
test_loss: 0.1436
epoch 804
train_loss: 0.0455
test_loss: 0.1435
epoch 805
train_loss: 0.0455
test_loss: 0.1435
epoch 806
train_loss: 0.0454
test_loss: 0.1435
epoch 807
train_loss: 0.0454
test_loss: 0.1435
epoch 808
train_loss: 0.0454
test_loss: 0.1434
epoch 809
train_loss: 0.0453
test_loss: 0.1434
epoch 810
train_loss: 0.0453
test_loss: 0.1433
epoch 811
train_loss: 0.0452
test_loss: 0.1433
epoch 812
train_loss: 0.0452
test_loss: 0.1433
epoch 813
train_loss: 0.0452
test_loss: 0.1432
epoch 814
train_loss: 0.0451
test_loss: 0.1432
epoch 815
train_loss: 0.0451
test_loss: 0.1432
epoch 816
train_loss: 0.0451
test_loss: 0.1431
epoch 817
train_loss: 0.0450
test_loss: 0.1431
epoch 818
train_loss: 0.0450
test_loss: 0.1430
epoch 819
train_loss: 0.0450
test_loss: 0.1430
epoch 820
train_loss: 0.0449
test_loss: 0.1429
epoch 821
train_loss: 0.0449
test_loss: 0.1429
epoch 822
train_loss: 0.0449
test_loss: 0.1428
epoch 823
train_loss: 0.0448
test_loss: 0.1428
epoch 824
train_loss: 0.0448
test_loss: 0.1428
epoch 825
train_loss: 0.0448
test_loss: 0.1427
epoch 826
train_loss: 0.0448
test_loss: 0.1427
epoch 827
train_loss: 0.0447
test_loss: 0.1427
epoch 828
train_loss: 0.0447
test_loss: 0.1427
epoch 829
train_loss: 0.0447
test_loss: 0.1427
epoch 830
train_loss: 0.0446
test_loss: 0.1426
epoch 831
train_loss: 0.0446
test_loss: 0.1426
epoch 832
train_loss: 0.0446
test_loss: 0.1426
epoch 833
train_loss: 0.0445
test_loss: 0.1425
epoch 834
train_loss: 0.0445
test_loss: 0.1425
epoch 835
train_loss: 0.0445
test_loss: 0.1424
epoch 836
train_loss: 0.0444
test_loss: 0.1424
epoch 837
train_loss: 0.0444
test_loss: 0.1424
epoch 838
train_loss: 0.0444
test_loss: 0.1423
epoch 839
train_loss: 0.0443
test_loss: 0.1423
epoch 840
train_loss: 0.0443
test_loss: 0.1423
epoch 841
train_loss: 0.0443
test_loss: 0.1422
epoch 842
train_loss: 0.0442
test_loss: 0.1422
epoch 843
train_loss: 0.0442
test_loss: 0.1422
epoch 844
train_loss: 0.0442
test_loss: 0.1421
epoch 845
train_loss: 0.0442
test_loss: 0.1420
epoch 846
train_loss: 0.0441
test_loss: 0.1421
epoch 847
train_loss: 0.0441
test_loss: 0.1420
epoch 848
train_loss: 0.0441
test_loss: 0.1420
epoch 849
train_loss: 0.0440
test_loss: 0.1420
epoch 850
train_loss: 0.0440
test_loss: 0.1419
epoch 851
train_loss: 0.0440
test_loss: 0.1419
epoch 852
train_loss: 0.0439
test_loss: 0.1419
epoch 853
train_loss: 0.0439
test_loss: 0.1419
epoch 854
train_loss: 0.0439
test_loss: 0.1418
epoch 855
train_loss: 0.0439
test_loss: 0.1418
epoch 856
train_loss: 0.0438
test_loss: 0.1418
epoch 857
train_loss: 0.0438
test_loss: 0.1418
epoch 858
train_loss: 0.0438
test_loss: 0.1417
epoch 859
train_loss: 0.0437
test_loss: 0.1417
epoch 860
train_loss: 0.0437
test_loss: 0.1416
epoch 861
train_loss: 0.0437
test_loss: 0.1416
epoch 862
train_loss: 0.0437
test_loss: 0.1415
epoch 863
train_loss: 0.0436
test_loss: 0.1415
epoch 864
train_loss: 0.0436
test_loss: 0.1415
epoch 865
train_loss: 0.0436
test_loss: 0.1415
epoch 866
train_loss: 0.0435
test_loss: 0.1414
epoch 867
train_loss: 0.0435
test_loss: 0.1414
epoch 868
train_loss: 0.0435
test_loss: 0.1413
epoch 869
train_loss: 0.0435
test_loss: 0.1413
epoch 870
train_loss: 0.0434
test_loss: 0.1413
epoch 871
train_loss: 0.0434
test_loss: 0.1412
epoch 872
train_loss: 0.0434
test_loss: 0.1412
epoch 873
train_loss: 0.0433
test_loss: 0.1412
epoch 874
train_loss: 0.0433
test_loss: 0.1411
epoch 875
train_loss: 0.0433
test_loss: 0.1411
epoch 876
train_loss: 0.0433
test_loss: 0.1410
epoch 877
train_loss: 0.0432
test_loss: 0.1410
epoch 878
train_loss: 0.0432
test_loss: 0.1410
epoch 879
train_loss: 0.0432
test_loss: 0.1409
epoch 880
train_loss: 0.0431
test_loss: 0.1410
epoch 881
train_loss: 0.0431
test_loss: 0.1409
epoch 882
train_loss: 0.0431
test_loss: 0.1409
epoch 883
train_loss: 0.0431
test_loss: 0.1409
epoch 884
train_loss: 0.0430
test_loss: 0.1408
epoch 885
train_loss: 0.0430
test_loss: 0.1408
epoch 886
train_loss: 0.0430
test_loss: 0.1407
epoch 887
train_loss: 0.0429
test_loss: 0.1407
epoch 888
train_loss: 0.0429
test_loss: 0.1407
epoch 889
train_loss: 0.0429
test_loss: 0.1407
epoch 890
train_loss: 0.0429
test_loss: 0.1407
epoch 891
train_loss: 0.0428
test_loss: 0.1406
epoch 892
train_loss: 0.0428
test_loss: 0.1406
epoch 893
train_loss: 0.0428
test_loss: 0.1406
epoch 894
train_loss: 0.0427
test_loss: 0.1405
epoch 895
train_loss: 0.0427
test_loss: 0.1405
epoch 896
train_loss: 0.0427
test_loss: 0.1405
epoch 897
train_loss: 0.0427
test_loss: 0.1404
epoch 898
train_loss: 0.0426
test_loss: 0.1404
epoch 899
train_loss: 0.0426
test_loss: 0.1404
epoch 900
train_loss: 0.0426
test_loss: 0.1403
epoch 901
train_loss: 0.0425
test_loss: 0.1403
epoch 902
train_loss: 0.0425
test_loss: 0.1403
epoch 903
train_loss: 0.0425
test_loss: 0.1403
epoch 904
train_loss: 0.0425
test_loss: 0.1402
epoch 905
train_loss: 0.0424
test_loss: 0.1402
epoch 906
train_loss: 0.0424
test_loss: 0.1401
epoch 907
train_loss: 0.0424
test_loss: 0.1401
epoch 908
train_loss: 0.0424
test_loss: 0.1401
epoch 909
train_loss: 0.0423
test_loss: 0.1401
epoch 910
train_loss: 0.0423
test_loss: 0.1400
epoch 911
train_loss: 0.0423
test_loss: 0.1400
epoch 912
train_loss: 0.0422
test_loss: 0.1400
epoch 913
train_loss: 0.0422
test_loss: 0.1400
epoch 914
train_loss: 0.0422
test_loss: 0.1400
epoch 915
train_loss: 0.0422
test_loss: 0.1399
epoch 916
train_loss: 0.0421
test_loss: 0.1399
epoch 917
train_loss: 0.0421
test_loss: 0.1399
epoch 918
train_loss: 0.0421
test_loss: 0.1399
epoch 919
train_loss: 0.0421
test_loss: 0.1398
epoch 920
train_loss: 0.0420
test_loss: 0.1398
epoch 921
train_loss: 0.0420
test_loss: 0.1398
epoch 922
train_loss: 0.0420
test_loss: 0.1398
epoch 923
train_loss: 0.0420
test_loss: 0.1398
epoch 924
train_loss: 0.0419
test_loss: 0.1397
epoch 925
train_loss: 0.0419
test_loss: 0.1397
epoch 926
train_loss: 0.0419
test_loss: 0.1397
epoch 927
train_loss: 0.0419
test_loss: 0.1396
epoch 928
train_loss: 0.0418
test_loss: 0.1396
epoch 929
train_loss: 0.0418
test_loss: 0.1396
epoch 930
train_loss: 0.0418
test_loss: 0.1395
epoch 931
train_loss: 0.0418
test_loss: 0.1395
epoch 932
train_loss: 0.0417
test_loss: 0.1395
epoch 933
train_loss: 0.0417
test_loss: 0.1394
epoch 934
train_loss: 0.0417
test_loss: 0.1394
epoch 935
train_loss: 0.0417
test_loss: 0.1394
epoch 936
train_loss: 0.0416
test_loss: 0.1393
epoch 937
train_loss: 0.0416
test_loss: 0.1393
epoch 938
train_loss: 0.0416
test_loss: 0.1393
epoch 939
train_loss: 0.0416
test_loss: 0.1392
epoch 940
train_loss: 0.0415
test_loss: 0.1392
epoch 941
train_loss: 0.0415
test_loss: 0.1392
epoch 942
train_loss: 0.0415
test_loss: 0.1392
epoch 943
train_loss: 0.0415
test_loss: 0.1392
epoch 944
train_loss: 0.0414
test_loss: 0.1391
epoch 945
train_loss: 0.0414
test_loss: 0.1391
epoch 946
train_loss: 0.0414
test_loss: 0.1391
epoch 947
train_loss: 0.0414
test_loss: 0.1391
epoch 948
train_loss: 0.0413
test_loss: 0.1391
epoch 949
train_loss: 0.0413
test_loss: 0.1390
/home/xueqiong/noise_injection_uncertainty/regression/utils.py:39: FutureWarning: The 'delim_whitespace' keyword in pd.read_csv is deprecated and will be removed in a future version. Use ``sep='\s+'`` instead
  return pd.read_csv(dataset_path, engine='python', header=None, delim_whitespace=True)
8 1
824 206 1030
model_name dropoutFCN
using Adam as optimizer
epoch 0
train_loss: 0.6683
Module: DropoutFullyConnectedNN
  Module: ModuleList
    Module: Linear
    Module: Linear
    Module: Linear
  Module: ModuleList
    Module: Dropout
dropout设置为训练模式
    Module: Dropout
dropout设置为训练模式
    Module: Dropout
dropout设置为训练模式
  Module: ReLU
test_loss: 0.4598
epoch 1
train_loss: 0.4379
Module: DropoutFullyConnectedNN
  Module: ModuleList
    Module: Linear
    Module: Linear
    Module: Linear
  Module: ModuleList
    Module: Dropout
dropout设置为训练模式
    Module: Dropout
dropout设置为训练模式
    Module: Dropout
dropout设置为训练模式
  Module: ReLU
test_loss: 0.3798
epoch 2
train_loss: 0.3626
Module: DropoutFullyConnectedNN
  Module: ModuleList
    Module: Linear
    Module: Linear
    Module: Linear
  Module: ModuleList
    Module: Dropout
dropout设置为训练模式
    Module: Dropout
dropout设置为训练模式
    Module: Dropout
dropout设置为训练模式
  Module: ReLU
test_loss: 0.3249
epoch 3
train_loss: 0.3045
Module: DropoutFullyConnectedNN
  Module: ModuleList
    Module: Linear
    Module: Linear
    Module: Linear
  Module: ModuleList
    Module: Dropout
dropout设置为训练模式
    Module: Dropout
dropout设置为训练模式
    Module: Dropout
dropout设置为训练模式
  Module: ReLU
test_loss: 0.2812
epoch 4
train_loss: 0.2710
Module: DropoutFullyConnectedNN
  Module: ModuleList
    Module: Linear
    Module: Linear
    Module: Linear
  Module: ModuleList
    Module: Dropout
dropout设置为训练模式
    Module: Dropout
dropout设置为训练模式
    Module: Dropout
dropout设置为训练模式
  Module: ReLU
test_loss: 0.2501
epoch 5
train_loss: 0.2316
Module: DropoutFullyConnectedNN
  Module: ModuleList
    Module: Linear
    Module: Linear
    Module: Linear
  Module: ModuleList
    Module: Dropout
dropout设置为训练模式
    Module: Dropout
dropout设置为训练模式
    Module: Dropout
dropout设置为训练模式
  Module: ReLU
test_loss: 0.2290
epoch 6
train_loss: 0.2403
Module: DropoutFullyConnectedNN
  Module: ModuleList
    Module: Linear
    Module: Linear
    Module: Linear
  Module: ModuleList
    Module: Dropout
dropout设置为训练模式
    Module: Dropout
dropout设置为训练模式
    Module: Dropout
dropout设置为训练模式
  Module: ReLU
test_loss: 0.2153
epoch 7
train_loss: 0.2118
Module: DropoutFullyConnectedNN
  Module: ModuleList
    Module: Linear
    Module: Linear
    Module: Linear
  Module: ModuleList
    Module: Dropout
dropout设置为训练模式
    Module: Dropout
dropout设置为训练模式
    Module: Dropout
dropout设置为训练模式
  Module: ReLU
test_loss: 0.2139
epoch 8
train_loss: 0.1941
Module: DropoutFullyConnectedNN
  Module: ModuleList
    Module: Linear
    Module: Linear
    Module: Linear
  Module: ModuleList
    Module: Dropout
dropout设置为训练模式
    Module: Dropout
dropout设置为训练模式
    Module: Dropout
dropout设置为训练模式
  Module: ReLU
test_loss: 0.1884
epoch 9
train_loss: 0.1889
Module: DropoutFullyConnectedNN
  Module: ModuleList
    Module: Linear
    Module: Linear
    Module: Linear
  Module: ModuleList
    Module: Dropout
dropout设置为训练模式
    Module: Dropout
dropout设置为训练模式
    Module: Dropout
dropout设置为训练模式
  Module: ReLU
test_loss: 0.1827
epoch 10
train_loss: 0.1771
Module: DropoutFullyConnectedNN
  Module: ModuleList
    Module: Linear
    Module: Linear
    Module: Linear
  Module: ModuleList
    Module: Dropout
dropout设置为训练模式
    Module: Dropout
dropout设置为训练模式
    Module: Dropout
dropout设置为训练模式
  Module: ReLU
test_loss: 0.1809
epoch 11
train_loss: 0.1700
Module: DropoutFullyConnectedNN
  Module: ModuleList
    Module: Linear
    Module: Linear
    Module: Linear
  Module: ModuleList
    Module: Dropout
dropout设置为训练模式
    Module: Dropout
dropout设置为训练模式
    Module: Dropout
dropout设置为训练模式
  Module: ReLU
test_loss: 0.1770
epoch 12
train_loss: 0.1546
Module: DropoutFullyConnectedNN
  Module: ModuleList
    Module: Linear
    Module: Linear
    Module: Linear
  Module: ModuleList
    Module: Dropout
dropout设置为训练模式
    Module: Dropout
dropout设置为训练模式
    Module: Dropout
dropout设置为训练模式
  Module: ReLU
test_loss: 0.1797
epoch 13
train_loss: 0.1680
Module: DropoutFullyConnectedNN
  Module: ModuleList
    Module: Linear
    Module: Linear
    Module: Linear
  Module: ModuleList
    Module: Dropout
dropout设置为训练模式
    Module: Dropout
dropout设置为训练模式
    Module: Dropout
dropout设置为训练模式
  Module: ReLU
test_loss: 0.1752
epoch 14
train_loss: 0.1623
Module: DropoutFullyConnectedNN
  Module: ModuleList
    Module: Linear
    Module: Linear
    Module: Linear
  Module: ModuleList
    Module: Dropout
dropout设置为训练模式
    Module: Dropout
dropout设置为训练模式
    Module: Dropout
dropout设置为训练模式
  Module: ReLU
test_loss: 0.1710
epoch 15
train_loss: 0.1498
Module: DropoutFullyConnectedNN
  Module: ModuleList
    Module: Linear
    Module: Linear
    Module: Linear
  Module: ModuleList
    Module: Dropout
dropout设置为训练模式
    Module: Dropout
dropout设置为训练模式
    Module: Dropout
dropout设置为训练模式
  Module: ReLU
test_loss: 0.1669
epoch 16
train_loss: 0.1445
Module: DropoutFullyConnectedNN
  Module: ModuleList
    Module: Linear
    Module: Linear
    Module: Linear
  Module: ModuleList
    Module: Dropout
dropout设置为训练模式
    Module: Dropout
dropout设置为训练模式
    Module: Dropout
dropout设置为训练模式
  Module: ReLU
test_loss: 0.1695
epoch 17
train_loss: 0.1462
Module: DropoutFullyConnectedNN
  Module: ModuleList
    Module: Linear
    Module: Linear
    Module: Linear
  Module: ModuleList
    Module: Dropout
dropout设置为训练模式
    Module: Dropout
dropout设置为训练模式
    Module: Dropout
dropout设置为训练模式
  Module: ReLU
test_loss: 0.1639
epoch 18
train_loss: 0.1434
Module: DropoutFullyConnectedNN
  Module: ModuleList
    Module: Linear
    Module: Linear
    Module: Linear
  Module: ModuleList
    Module: Dropout
dropout设置为训练模式
    Module: Dropout
dropout设置为训练模式
    Module: Dropout
dropout设置为训练模式
  Module: ReLU
test_loss: 0.1591
epoch 19
train_loss: 0.1417
Module: DropoutFullyConnectedNN
  Module: ModuleList
    Module: Linear
    Module: Linear
    Module: Linear
  Module: ModuleList
    Module: Dropout
dropout设置为训练模式
    Module: Dropout
dropout设置为训练模式
    Module: Dropout
dropout设置为训练模式
  Module: ReLU
test_loss: 0.1620
epoch 20
train_loss: 0.1354
Module: DropoutFullyConnectedNN
  Module: ModuleList
    Module: Linear
    Module: Linear
    Module: Linear
  Module: ModuleList
    Module: Dropout
dropout设置为训练模式
    Module: Dropout
dropout设置为训练模式
    Module: Dropout
dropout设置为训练模式
  Module: ReLU
test_loss: 0.1636
epoch 21
train_loss: 0.1327
Module: DropoutFullyConnectedNN
  Module: ModuleList
    Module: Linear
    Module: Linear
    Module: Linear
  Module: ModuleList
    Module: Dropout
dropout设置为训练模式
    Module: Dropout
dropout设置为训练模式
    Module: Dropout
dropout设置为训练模式
  Module: ReLU
test_loss: 0.1611
epoch 22
train_loss: 0.1291
Module: DropoutFullyConnectedNN
  Module: ModuleList
    Module: Linear
    Module: Linear
    Module: Linear
  Module: ModuleList
    Module: Dropout
dropout设置为训练模式
    Module: Dropout
dropout设置为训练模式
    Module: Dropout
dropout设置为训练模式
  Module: ReLU
test_loss: 0.1576
epoch 23
train_loss: 0.1349
Module: DropoutFullyConnectedNN
  Module: ModuleList
    Module: Linear
    Module: Linear
    Module: Linear
  Module: ModuleList
    Module: Dropout
dropout设置为训练模式
    Module: Dropout
dropout设置为训练模式
    Module: Dropout
dropout设置为训练模式
  Module: ReLU
test_loss: 0.1539
epoch 24
train_loss: 0.1259
Module: DropoutFullyConnectedNN
  Module: ModuleList
    Module: Linear
    Module: Linear
    Module: Linear
  Module: ModuleList
    Module: Dropout
dropout设置为训练模式
    Module: Dropout
dropout设置为训练模式
    Module: Dropout
dropout设置为训练模式
  Module: ReLU
test_loss: 0.1466
epoch 25
train_loss: 0.1286
Module: DropoutFullyConnectedNN
  Module: ModuleList
    Module: Linear
    Module: Linear
    Module: Linear
  Module: ModuleList
    Module: Dropout
dropout设置为训练模式
    Module: Dropout
dropout设置为训练模式
    Module: Dropout
dropout设置为训练模式
  Module: ReLU
test_loss: 0.1600
epoch 26
train_loss: 0.1289
Module: DropoutFullyConnectedNN
  Module: ModuleList
    Module: Linear
    Module: Linear
    Module: Linear
  Module: ModuleList
    Module: Dropout
dropout设置为训练模式
    Module: Dropout
dropout设置为训练模式
    Module: Dropout
dropout设置为训练模式
  Module: ReLU
test_loss: 0.1615
epoch 27
train_loss: 0.1258
Module: DropoutFullyConnectedNN
  Module: ModuleList
    Module: Linear
    Module: Linear
    Module: Linear
  Module: ModuleList
    Module: Dropout
dropout设置为训练模式
    Module: Dropout
dropout设置为训练模式
    Module: Dropout
dropout设置为训练模式
  Module: ReLU
test_loss: 0.1557
epoch 28
train_loss: 0.1290
Module: DropoutFullyConnectedNN
  Module: ModuleList
    Module: Linear
    Module: Linear
    Module: Linear
  Module: ModuleList
    Module: Dropout
dropout设置为训练模式
    Module: Dropout
dropout设置为训练模式
    Module: Dropout
dropout设置为训练模式
  Module: ReLU
test_loss: 0.1558
epoch 29
train_loss: 0.1277
Module: DropoutFullyConnectedNN
  Module: ModuleList
    Module: Linear
    Module: Linear
    Module: Linear
  Module: ModuleList
    Module: Dropout
dropout设置为训练模式
    Module: Dropout
dropout设置为训练模式
    Module: Dropout
dropout设置为训练模式
  Module: ReLU
test_loss: 0.1594
epoch 30
train_loss: 0.1277
Module: DropoutFullyConnectedNN
  Module: ModuleList
    Module: Linear
    Module: Linear
    Module: Linear
  Module: ModuleList
    Module: Dropout
dropout设置为训练模式
    Module: Dropout
dropout设置为训练模式
    Module: Dropout
dropout设置为训练模式
  Module: ReLU
test_loss: 0.1514
epoch 31
train_loss: 0.1196
Module: DropoutFullyConnectedNN
  Module: ModuleList
    Module: Linear
    Module: Linear
    Module: Linear
  Module: ModuleList
    Module: Dropout
dropout设置为训练模式
    Module: Dropout
dropout设置为训练模式
    Module: Dropout
dropout设置为训练模式
  Module: ReLU
test_loss: 0.1535
epoch 32
train_loss: 0.1084
Module: DropoutFullyConnectedNN
  Module: ModuleList
    Module: Linear
    Module: Linear
    Module: Linear
  Module: ModuleList
    Module: Dropout
dropout设置为训练模式
    Module: Dropout
dropout设置为训练模式
    Module: Dropout
dropout设置为训练模式
  Module: ReLU
test_loss: 0.1508
epoch 33
train_loss: 0.1161
Module: DropoutFullyConnectedNN
  Module: ModuleList
    Module: Linear
    Module: Linear
    Module: Linear
  Module: ModuleList
    Module: Dropout
dropout设置为训练模式
    Module: Dropout
dropout设置为训练模式
    Module: Dropout
dropout设置为训练模式
  Module: ReLU
test_loss: 0.1456
epoch 34
train_loss: 0.1202
Module: DropoutFullyConnectedNN
  Module: ModuleList
    Module: Linear
    Module: Linear
    Module: Linear
  Module: ModuleList
    Module: Dropout
dropout设置为训练模式
    Module: Dropout
dropout设置为训练模式
    Module: Dropout
dropout设置为训练模式
  Module: ReLU
test_loss: 0.1466
epoch 35
train_loss: 0.1176
Module: DropoutFullyConnectedNN
  Module: ModuleList
    Module: Linear
    Module: Linear
    Module: Linear
  Module: ModuleList
    Module: Dropout
dropout设置为训练模式
    Module: Dropout
dropout设置为训练模式
    Module: Dropout
dropout设置为训练模式
  Module: ReLU
test_loss: 0.1497
epoch 36
train_loss: 0.1045
Module: DropoutFullyConnectedNN
  Module: ModuleList
    Module: Linear
    Module: Linear
    Module: Linear
  Module: ModuleList
    Module: Dropout
dropout设置为训练模式
    Module: Dropout
dropout设置为训练模式
    Module: Dropout
dropout设置为训练模式
  Module: ReLU
test_loss: 0.1466
epoch 37
train_loss: 0.1169
Module: DropoutFullyConnectedNN
  Module: ModuleList
    Module: Linear
    Module: Linear
    Module: Linear
  Module: ModuleList
    Module: Dropout
dropout设置为训练模式
    Module: Dropout
dropout设置为训练模式
    Module: Dropout
dropout设置为训练模式
  Module: ReLU
test_loss: 0.1423
epoch 38
train_loss: 0.1126
Module: DropoutFullyConnectedNN
  Module: ModuleList
    Module: Linear
    Module: Linear
    Module: Linear
  Module: ModuleList
    Module: Dropout
dropout设置为训练模式
    Module: Dropout
dropout设置为训练模式
    Module: Dropout
dropout设置为训练模式
  Module: ReLU
test_loss: 0.1617
epoch 39
train_loss: 0.1083
Module: DropoutFullyConnectedNN
  Module: ModuleList
    Module: Linear
    Module: Linear
    Module: Linear
  Module: ModuleList
    Module: Dropout
dropout设置为训练模式
    Module: Dropout
dropout设置为训练模式
    Module: Dropout
dropout设置为训练模式
  Module: ReLU
test_loss: 0.1506
epoch 40
train_loss: 0.1114
Module: DropoutFullyConnectedNN
  Module: ModuleList
    Module: Linear
    Module: Linear
    Module: Linear
  Module: ModuleList
    Module: Dropout
dropout设置为训练模式
    Module: Dropout
dropout设置为训练模式
    Module: Dropout
dropout设置为训练模式
  Module: ReLU
test_loss: 0.1459
epoch 41
train_loss: 0.1031
Module: DropoutFullyConnectedNN
  Module: ModuleList
    Module: Linear
    Module: Linear
    Module: Linear
  Module: ModuleList
    Module: Dropout
dropout设置为训练模式
    Module: Dropout
dropout设置为训练模式
    Module: Dropout
dropout设置为训练模式
  Module: ReLU
test_loss: 0.1404
epoch 42
train_loss: 0.1050
Module: DropoutFullyConnectedNN
  Module: ModuleList
    Module: Linear
    Module: Linear
    Module: Linear
  Module: ModuleList
    Module: Dropout
dropout设置为训练模式
    Module: Dropout
dropout设置为训练模式
    Module: Dropout
dropout设置为训练模式
  Module: ReLU
test_loss: 0.1457
epoch 43
train_loss: 0.1103
Module: DropoutFullyConnectedNN
  Module: ModuleList
    Module: Linear
    Module: Linear
    Module: Linear
  Module: ModuleList
    Module: Dropout
dropout设置为训练模式
    Module: Dropout
dropout设置为训练模式
    Module: Dropout
dropout设置为训练模式
  Module: ReLU
test_loss: 0.1414
epoch 44
train_loss: 0.1083
Module: DropoutFullyConnectedNN
  Module: ModuleList
    Module: Linear
    Module: Linear
    Module: Linear
  Module: ModuleList
    Module: Dropout
dropout设置为训练模式
    Module: Dropout
dropout设置为训练模式
    Module: Dropout
dropout设置为训练模式
  Module: ReLU
test_loss: 0.1467
epoch 45
train_loss: 0.1057
Module: DropoutFullyConnectedNN
  Module: ModuleList
    Module: Linear
    Module: Linear
    Module: Linear
  Module: ModuleList
    Module: Dropout
dropout设置为训练模式
    Module: Dropout
dropout设置为训练模式
    Module: Dropout
dropout设置为训练模式
  Module: ReLU
test_loss: 0.1429
epoch 46
train_loss: 0.1026
Module: DropoutFullyConnectedNN
  Module: ModuleList
    Module: Linear
    Module: Linear
    Module: Linear
  Module: ModuleList
    Module: Dropout
dropout设置为训练模式
    Module: Dropout
dropout设置为训练模式
    Module: Dropout
dropout设置为训练模式
  Module: ReLU
test_loss: 0.1513
epoch 47
train_loss: 0.0997
Module: DropoutFullyConnectedNN
  Module: ModuleList
    Module: Linear
    Module: Linear
    Module: Linear
  Module: ModuleList
    Module: Dropout
dropout设置为训练模式
    Module: Dropout
dropout设置为训练模式
    Module: Dropout
dropout设置为训练模式
  Module: ReLU
test_loss: 0.1514
epoch 48
train_loss: 0.1027
Module: DropoutFullyConnectedNN
  Module: ModuleList
    Module: Linear
    Module: Linear
    Module: Linear
  Module: ModuleList
    Module: Dropout
dropout设置为训练模式
    Module: Dropout
dropout设置为训练模式
    Module: Dropout
dropout设置为训练模式
  Module: ReLU
test_loss: 0.1438
epoch 49
train_loss: 0.1057
Module: DropoutFullyConnectedNN
  Module: ModuleList
    Module: Linear
    Module: Linear
    Module: Linear
  Module: ModuleList
    Module: Dropout
dropout设置为训练模式
    Module: Dropout
dropout设置为训练模式
    Module: Dropout
dropout设置为训练模式
  Module: ReLU
test_loss: 0.1424
epoch 50
train_loss: 0.0965
Module: DropoutFullyConnectedNN
  Module: ModuleList
    Module: Linear
    Module: Linear
    Module: Linear
  Module: ModuleList
    Module: Dropout
dropout设置为训练模式
    Module: Dropout
dropout设置为训练模式
    Module: Dropout
dropout设置为训练模式
  Module: ReLU
test_loss: 0.1436
epoch 51
train_loss: 0.1050
Module: DropoutFullyConnectedNN
  Module: ModuleList
    Module: Linear
    Module: Linear
    Module: Linear
  Module: ModuleList
    Module: Dropout
dropout设置为训练模式
    Module: Dropout
dropout设置为训练模式
    Module: Dropout
dropout设置为训练模式
  Module: ReLU
test_loss: 0.1458
epoch 52
train_loss: 0.1062
Module: DropoutFullyConnectedNN
  Module: ModuleList
    Module: Linear
    Module: Linear
    Module: Linear
  Module: ModuleList
    Module: Dropout
dropout设置为训练模式
    Module: Dropout
dropout设置为训练模式
    Module: Dropout
dropout设置为训练模式
  Module: ReLU
test_loss: 0.1438
epoch 53
train_loss: 0.0957
Module: DropoutFullyConnectedNN
  Module: ModuleList
    Module: Linear
    Module: Linear
    Module: Linear
  Module: ModuleList
    Module: Dropout
dropout设置为训练模式
    Module: Dropout
dropout设置为训练模式
    Module: Dropout
dropout设置为训练模式
  Module: ReLU
test_loss: 0.1427
epoch 54
train_loss: 0.0979
Module: DropoutFullyConnectedNN
  Module: ModuleList
    Module: Linear
    Module: Linear
    Module: Linear
  Module: ModuleList
    Module: Dropout
dropout设置为训练模式
    Module: Dropout
dropout设置为训练模式
    Module: Dropout
dropout设置为训练模式
  Module: ReLU
test_loss: 0.1355
epoch 55
train_loss: 0.1052
Module: DropoutFullyConnectedNN
  Module: ModuleList
    Module: Linear
    Module: Linear
    Module: Linear
  Module: ModuleList
    Module: Dropout
dropout设置为训练模式
    Module: Dropout
dropout设置为训练模式
    Module: Dropout
dropout设置为训练模式
  Module: ReLU
test_loss: 0.1507
epoch 56
train_loss: 0.1004
Module: DropoutFullyConnectedNN
  Module: ModuleList
    Module: Linear
    Module: Linear
    Module: Linear
  Module: ModuleList
    Module: Dropout
dropout设置为训练模式
    Module: Dropout
dropout设置为训练模式
    Module: Dropout
dropout设置为训练模式
  Module: ReLU
test_loss: 0.1374
epoch 57
train_loss: 0.1000
Module: DropoutFullyConnectedNN
  Module: ModuleList
    Module: Linear
    Module: Linear
    Module: Linear
  Module: ModuleList
    Module: Dropout
dropout设置为训练模式
    Module: Dropout
dropout设置为训练模式
    Module: Dropout
dropout设置为训练模式
  Module: ReLU
test_loss: 0.1411
epoch 58
train_loss: 0.0939
Module: DropoutFullyConnectedNN
  Module: ModuleList
    Module: Linear
    Module: Linear
    Module: Linear
  Module: ModuleList
    Module: Dropout
dropout设置为训练模式
    Module: Dropout
dropout设置为训练模式
    Module: Dropout
dropout设置为训练模式
  Module: ReLU
test_loss: 0.1356
epoch 59
train_loss: 0.0997
Module: DropoutFullyConnectedNN
  Module: ModuleList
    Module: Linear
    Module: Linear
    Module: Linear
  Module: ModuleList
    Module: Dropout
dropout设置为训练模式
    Module: Dropout
dropout设置为训练模式
    Module: Dropout
dropout设置为训练模式
  Module: ReLU
test_loss: 0.1420
epoch 60
train_loss: 0.0970
Module: DropoutFullyConnectedNN
  Module: ModuleList
    Module: Linear
    Module: Linear
    Module: Linear
  Module: ModuleList
    Module: Dropout
dropout设置为训练模式
    Module: Dropout
dropout设置为训练模式
    Module: Dropout
dropout设置为训练模式
  Module: ReLU
test_loss: 0.1460
epoch 61
train_loss: 0.1018
Module: DropoutFullyConnectedNN
  Module: ModuleList
    Module: Linear
    Module: Linear
    Module: Linear
  Module: ModuleList
    Module: Dropout
dropout设置为训练模式
    Module: Dropout
dropout设置为训练模式
    Module: Dropout
dropout设置为训练模式
  Module: ReLU
test_loss: 0.1354
epoch 62
train_loss: 0.0989
Module: DropoutFullyConnectedNN
  Module: ModuleList
    Module: Linear
    Module: Linear
    Module: Linear
  Module: ModuleList
    Module: Dropout
dropout设置为训练模式
    Module: Dropout
dropout设置为训练模式
    Module: Dropout
dropout设置为训练模式
  Module: ReLU
test_loss: 0.1366
epoch 63
train_loss: 0.0963
Module: DropoutFullyConnectedNN
  Module: ModuleList
    Module: Linear
    Module: Linear
    Module: Linear
  Module: ModuleList
    Module: Dropout
dropout设置为训练模式
    Module: Dropout
dropout设置为训练模式
    Module: Dropout
dropout设置为训练模式
  Module: ReLU
test_loss: 0.1387
epoch 64
train_loss: 0.0965
Module: DropoutFullyConnectedNN
  Module: ModuleList
    Module: Linear
    Module: Linear
    Module: Linear
  Module: ModuleList
    Module: Dropout
dropout设置为训练模式
    Module: Dropout
dropout设置为训练模式
    Module: Dropout
dropout设置为训练模式
  Module: ReLU
test_loss: 0.1405
epoch 65
train_loss: 0.0875
Module: DropoutFullyConnectedNN
  Module: ModuleList
    Module: Linear
    Module: Linear
    Module: Linear
  Module: ModuleList
    Module: Dropout
dropout设置为训练模式
    Module: Dropout
dropout设置为训练模式
    Module: Dropout
dropout设置为训练模式
  Module: ReLU
test_loss: 0.1373
epoch 66
train_loss: 0.0977
Module: DropoutFullyConnectedNN
  Module: ModuleList
    Module: Linear
    Module: Linear
    Module: Linear
  Module: ModuleList
    Module: Dropout
dropout设置为训练模式
    Module: Dropout
dropout设置为训练模式
    Module: Dropout
dropout设置为训练模式
  Module: ReLU
test_loss: 0.1321
epoch 67
train_loss: 0.0925
Module: DropoutFullyConnectedNN
  Module: ModuleList
    Module: Linear
    Module: Linear
    Module: Linear
  Module: ModuleList
    Module: Dropout
dropout设置为训练模式
    Module: Dropout
dropout设置为训练模式
    Module: Dropout
dropout设置为训练模式
  Module: ReLU
test_loss: 0.1341
epoch 68
train_loss: 0.0893
Module: DropoutFullyConnectedNN
  Module: ModuleList
    Module: Linear
    Module: Linear
    Module: Linear
  Module: ModuleList
    Module: Dropout
dropout设置为训练模式
    Module: Dropout
dropout设置为训练模式
    Module: Dropout
dropout设置为训练模式
  Module: ReLU
test_loss: 0.1487
epoch 69
train_loss: 0.0909
Module: DropoutFullyConnectedNN
  Module: ModuleList
    Module: Linear
    Module: Linear
    Module: Linear
  Module: ModuleList
    Module: Dropout
dropout设置为训练模式
    Module: Dropout
dropout设置为训练模式
    Module: Dropout
dropout设置为训练模式
  Module: ReLU
test_loss: 0.1384
epoch 70
train_loss: 0.0936
Module: DropoutFullyConnectedNN
  Module: ModuleList
    Module: Linear
    Module: Linear
    Module: Linear
  Module: ModuleList
    Module: Dropout
dropout设置为训练模式
    Module: Dropout
dropout设置为训练模式
    Module: Dropout
dropout设置为训练模式
  Module: ReLU
test_loss: 0.1390
epoch 71
train_loss: 0.0928
Module: DropoutFullyConnectedNN
  Module: ModuleList
    Module: Linear
    Module: Linear
    Module: Linear
  Module: ModuleList
    Module: Dropout
dropout设置为训练模式
    Module: Dropout
dropout设置为训练模式
    Module: Dropout
dropout设置为训练模式
  Module: ReLU
test_loss: 0.1302
epoch 72
train_loss: 0.0912
Module: DropoutFullyConnectedNN
  Module: ModuleList
    Module: Linear
    Module: Linear
    Module: Linear
  Module: ModuleList
    Module: Dropout
dropout设置为训练模式
    Module: Dropout
dropout设置为训练模式
    Module: Dropout
dropout设置为训练模式
  Module: ReLU
test_loss: 0.1339
epoch 73
train_loss: 0.0858
Module: DropoutFullyConnectedNN
  Module: ModuleList
    Module: Linear
    Module: Linear
    Module: Linear
  Module: ModuleList
    Module: Dropout
dropout设置为训练模式
    Module: Dropout
dropout设置为训练模式
    Module: Dropout
dropout设置为训练模式
  Module: ReLU
test_loss: 0.1408
epoch 74
train_loss: 0.0896
Module: DropoutFullyConnectedNN
  Module: ModuleList
    Module: Linear
    Module: Linear
    Module: Linear
  Module: ModuleList
    Module: Dropout
dropout设置为训练模式
    Module: Dropout
dropout设置为训练模式
    Module: Dropout
dropout设置为训练模式
  Module: ReLU
test_loss: 0.1339
epoch 75
train_loss: 0.0835
Module: DropoutFullyConnectedNN
  Module: ModuleList
    Module: Linear
    Module: Linear
    Module: Linear
  Module: ModuleList
    Module: Dropout
dropout设置为训练模式
    Module: Dropout
dropout设置为训练模式
    Module: Dropout
dropout设置为训练模式
  Module: ReLU
test_loss: 0.1360
epoch 76
train_loss: 0.0853
Module: DropoutFullyConnectedNN
  Module: ModuleList
    Module: Linear
    Module: Linear
    Module: Linear
  Module: ModuleList
    Module: Dropout
dropout设置为训练模式
    Module: Dropout
dropout设置为训练模式
    Module: Dropout
dropout设置为训练模式
  Module: ReLU
test_loss: 0.1361
epoch 77
train_loss: 0.0923
Module: DropoutFullyConnectedNN
  Module: ModuleList
    Module: Linear
    Module: Linear
    Module: Linear
  Module: ModuleList
    Module: Dropout
dropout设置为训练模式
    Module: Dropout
dropout设置为训练模式
    Module: Dropout
dropout设置为训练模式
  Module: ReLU
test_loss: 0.1337
epoch 78
train_loss: 0.0885
Module: DropoutFullyConnectedNN
  Module: ModuleList
    Module: Linear
    Module: Linear
    Module: Linear
  Module: ModuleList
    Module: Dropout
dropout设置为训练模式
    Module: Dropout
dropout设置为训练模式
    Module: Dropout
dropout设置为训练模式
  Module: ReLU
test_loss: 0.1356
epoch 79
train_loss: 0.0873
Module: DropoutFullyConnectedNN
  Module: ModuleList
    Module: Linear
    Module: Linear
    Module: Linear
  Module: ModuleList
    Module: Dropout
dropout设置为训练模式
    Module: Dropout
dropout设置为训练模式
    Module: Dropout
dropout设置为训练模式
  Module: ReLU
test_loss: 0.1338
epoch 80
train_loss: 0.0899
Module: DropoutFullyConnectedNN
  Module: ModuleList
    Module: Linear
    Module: Linear
    Module: Linear
  Module: ModuleList
    Module: Dropout
dropout设置为训练模式
    Module: Dropout
dropout设置为训练模式
    Module: Dropout
dropout设置为训练模式
  Module: ReLU
test_loss: 0.1414
epoch 81
train_loss: 0.0872
Module: DropoutFullyConnectedNN
  Module: ModuleList
    Module: Linear
    Module: Linear
    Module: Linear
  Module: ModuleList
    Module: Dropout
dropout设置为训练模式
    Module: Dropout
dropout设置为训练模式
    Module: Dropout
dropout设置为训练模式
  Module: ReLU
test_loss: 0.1380
epoch 82
train_loss: 0.0867
Module: DropoutFullyConnectedNN
  Module: ModuleList
    Module: Linear
    Module: Linear
    Module: Linear
  Module: ModuleList
    Module: Dropout
dropout设置为训练模式
    Module: Dropout
dropout设置为训练模式
    Module: Dropout
dropout设置为训练模式
  Module: ReLU
test_loss: 0.1371
epoch 83
train_loss: 0.0813
Module: DropoutFullyConnectedNN
  Module: ModuleList
    Module: Linear
    Module: Linear
    Module: Linear
  Module: ModuleList
    Module: Dropout
dropout设置为训练模式
    Module: Dropout
dropout设置为训练模式
    Module: Dropout
dropout设置为训练模式
  Module: ReLU
test_loss: 0.1336
epoch 84
train_loss: 0.0932
Module: DropoutFullyConnectedNN
  Module: ModuleList
    Module: Linear
    Module: Linear
    Module: Linear
  Module: ModuleList
    Module: Dropout
dropout设置为训练模式
    Module: Dropout
dropout设置为训练模式
    Module: Dropout
dropout设置为训练模式
  Module: ReLU
test_loss: 0.1377
epoch 85
train_loss: 0.0901
Module: DropoutFullyConnectedNN
  Module: ModuleList
    Module: Linear
    Module: Linear
    Module: Linear
  Module: ModuleList
    Module: Dropout
dropout设置为训练模式
    Module: Dropout
dropout设置为训练模式
    Module: Dropout
dropout设置为训练模式
  Module: ReLU
test_loss: 0.1302
epoch 86
train_loss: 0.0833
Module: DropoutFullyConnectedNN
  Module: ModuleList
    Module: Linear
    Module: Linear
    Module: Linear
  Module: ModuleList
    Module: Dropout
dropout设置为训练模式
    Module: Dropout
dropout设置为训练模式
    Module: Dropout
dropout设置为训练模式
  Module: ReLU
test_loss: 0.1304
epoch 87
train_loss: 0.0894
Module: DropoutFullyConnectedNN
  Module: ModuleList
    Module: Linear
    Module: Linear
    Module: Linear
  Module: ModuleList
    Module: Dropout
dropout设置为训练模式
    Module: Dropout
dropout设置为训练模式
    Module: Dropout
dropout设置为训练模式
  Module: ReLU
test_loss: 0.1255
epoch 88
train_loss: 0.0843
Module: DropoutFullyConnectedNN
  Module: ModuleList
    Module: Linear
    Module: Linear
    Module: Linear
  Module: ModuleList
    Module: Dropout
dropout设置为训练模式
    Module: Dropout
dropout设置为训练模式
    Module: Dropout
dropout设置为训练模式
  Module: ReLU
test_loss: 0.1255
epoch 89
train_loss: 0.0846
Module: DropoutFullyConnectedNN
  Module: ModuleList
    Module: Linear
    Module: Linear
    Module: Linear
  Module: ModuleList
    Module: Dropout
dropout设置为训练模式
    Module: Dropout
dropout设置为训练模式
    Module: Dropout
dropout设置为训练模式
  Module: ReLU
test_loss: 0.1217
epoch 90
train_loss: 0.0856
Module: DropoutFullyConnectedNN
  Module: ModuleList
    Module: Linear
    Module: Linear
    Module: Linear
  Module: ModuleList
    Module: Dropout
dropout设置为训练模式
    Module: Dropout
dropout设置为训练模式
    Module: Dropout
dropout设置为训练模式
  Module: ReLU
test_loss: 0.1255
epoch 91
train_loss: 0.0824
Module: DropoutFullyConnectedNN
  Module: ModuleList
    Module: Linear
    Module: Linear
    Module: Linear
  Module: ModuleList
    Module: Dropout
dropout设置为训练模式
    Module: Dropout
dropout设置为训练模式
    Module: Dropout
dropout设置为训练模式
  Module: ReLU
test_loss: 0.1253
epoch 92
train_loss: 0.0835
Module: DropoutFullyConnectedNN
  Module: ModuleList
    Module: Linear
    Module: Linear
    Module: Linear
  Module: ModuleList
    Module: Dropout
dropout设置为训练模式
    Module: Dropout
dropout设置为训练模式
    Module: Dropout
dropout设置为训练模式
  Module: ReLU
test_loss: 0.1234
epoch 93
train_loss: 0.0827
Module: DropoutFullyConnectedNN
  Module: ModuleList
    Module: Linear
    Module: Linear
    Module: Linear
  Module: ModuleList
    Module: Dropout
dropout设置为训练模式
    Module: Dropout
dropout设置为训练模式
    Module: Dropout
dropout设置为训练模式
  Module: ReLU
test_loss: 0.1316
epoch 94
train_loss: 0.0880
Module: DropoutFullyConnectedNN
  Module: ModuleList
    Module: Linear
    Module: Linear
    Module: Linear
  Module: ModuleList
    Module: Dropout
dropout设置为训练模式
    Module: Dropout
dropout设置为训练模式
    Module: Dropout
dropout设置为训练模式
  Module: ReLU
test_loss: 0.1269
epoch 95
train_loss: 0.0840
Module: DropoutFullyConnectedNN
  Module: ModuleList
    Module: Linear
    Module: Linear
    Module: Linear
  Module: ModuleList
    Module: Dropout
dropout设置为训练模式
    Module: Dropout
dropout设置为训练模式
    Module: Dropout
dropout设置为训练模式
  Module: ReLU
test_loss: 0.1238
epoch 96
train_loss: 0.0792
Module: DropoutFullyConnectedNN
  Module: ModuleList
    Module: Linear
    Module: Linear
    Module: Linear
  Module: ModuleList
    Module: Dropout
dropout设置为训练模式
    Module: Dropout
dropout设置为训练模式
    Module: Dropout
dropout设置为训练模式
  Module: ReLU
test_loss: 0.1336
epoch 97
train_loss: 0.0814
Module: DropoutFullyConnectedNN
  Module: ModuleList
    Module: Linear
    Module: Linear
    Module: Linear
  Module: ModuleList
    Module: Dropout
dropout设置为训练模式
    Module: Dropout
dropout设置为训练模式
    Module: Dropout
dropout设置为训练模式
  Module: ReLU
test_loss: 0.1244
epoch 98
train_loss: 0.0862
Module: DropoutFullyConnectedNN
  Module: ModuleList
    Module: Linear
    Module: Linear
    Module: Linear
  Module: ModuleList
    Module: Dropout
dropout设置为训练模式
    Module: Dropout
dropout设置为训练模式
    Module: Dropout
dropout设置为训练模式
  Module: ReLU
test_loss: 0.1275
epoch 99
train_loss: 0.0812
Module: DropoutFullyConnectedNN
  Module: ModuleList
    Module: Linear
    Module: Linear
    Module: Linear
  Module: ModuleList
    Module: Dropout
dropout设置为训练模式
    Module: Dropout
dropout设置为训练模式
    Module: Dropout
dropout设置为训练模式
  Module: ReLU
test_loss: 0.1251
epoch 100
train_loss: 0.0772
Module: DropoutFullyConnectedNN
  Module: ModuleList
    Module: Linear
    Module: Linear
    Module: Linear
  Module: ModuleList
    Module: Dropout
dropout设置为训练模式
    Module: Dropout
dropout设置为训练模式
    Module: Dropout
dropout设置为训练模式
  Module: ReLU
test_loss: 0.1312
epoch 101
train_loss: 0.0835
Module: DropoutFullyConnectedNN
  Module: ModuleList
    Module: Linear
    Module: Linear
    Module: Linear
  Module: ModuleList
    Module: Dropout
dropout设置为训练模式
    Module: Dropout
dropout设置为训练模式
    Module: Dropout
dropout设置为训练模式
  Module: ReLU
test_loss: 0.1296
epoch 102
train_loss: 0.0817
Module: DropoutFullyConnectedNN
  Module: ModuleList
    Module: Linear
    Module: Linear
    Module: Linear
  Module: ModuleList
    Module: Dropout
dropout设置为训练模式
    Module: Dropout
dropout设置为训练模式
    Module: Dropout
dropout设置为训练模式
  Module: ReLU
test_loss: 0.1362
epoch 103
train_loss: 0.0846
Module: DropoutFullyConnectedNN
  Module: ModuleList
    Module: Linear
    Module: Linear
    Module: Linear
  Module: ModuleList
    Module: Dropout
dropout设置为训练模式
    Module: Dropout
dropout设置为训练模式
    Module: Dropout
dropout设置为训练模式
  Module: ReLU
test_loss: 0.1365
epoch 104
train_loss: 0.0892
Module: DropoutFullyConnectedNN
  Module: ModuleList
    Module: Linear
    Module: Linear
    Module: Linear
  Module: ModuleList
    Module: Dropout
dropout设置为训练模式
    Module: Dropout
dropout设置为训练模式
    Module: Dropout
dropout设置为训练模式
  Module: ReLU
test_loss: 0.1320
epoch 105
train_loss: 0.0800
Module: DropoutFullyConnectedNN
  Module: ModuleList
    Module: Linear
    Module: Linear
    Module: Linear
  Module: ModuleList
    Module: Dropout
dropout设置为训练模式
    Module: Dropout
dropout设置为训练模式
    Module: Dropout
dropout设置为训练模式
  Module: ReLU
test_loss: 0.1272
epoch 106
train_loss: 0.0824
Module: DropoutFullyConnectedNN
  Module: ModuleList
    Module: Linear
    Module: Linear
    Module: Linear
  Module: ModuleList
    Module: Dropout
dropout设置为训练模式
    Module: Dropout
dropout设置为训练模式
    Module: Dropout
dropout设置为训练模式
  Module: ReLU
test_loss: 0.1298
epoch 107
train_loss: 0.0757
Module: DropoutFullyConnectedNN
  Module: ModuleList
    Module: Linear
    Module: Linear
    Module: Linear
  Module: ModuleList
    Module: Dropout
dropout设置为训练模式
    Module: Dropout
dropout设置为训练模式
    Module: Dropout
dropout设置为训练模式
  Module: ReLU
test_loss: 0.1277
epoch 108
train_loss: 0.0806
Module: DropoutFullyConnectedNN
  Module: ModuleList
    Module: Linear
    Module: Linear
    Module: Linear
  Module: ModuleList
    Module: Dropout
dropout设置为训练模式
    Module: Dropout
dropout设置为训练模式
    Module: Dropout
dropout设置为训练模式
  Module: ReLU
test_loss: 0.1257
epoch 109
train_loss: 0.0795
Module: DropoutFullyConnectedNN
  Module: ModuleList
    Module: Linear
    Module: Linear
    Module: Linear
  Module: ModuleList
    Module: Dropout
dropout设置为训练模式
    Module: Dropout
dropout设置为训练模式
    Module: Dropout
dropout设置为训练模式
  Module: ReLU
test_loss: 0.1245
epoch 110
train_loss: 0.0762
Module: DropoutFullyConnectedNN
  Module: ModuleList
    Module: Linear
    Module: Linear
    Module: Linear
  Module: ModuleList
    Module: Dropout
dropout设置为训练模式
    Module: Dropout
dropout设置为训练模式
    Module: Dropout
dropout设置为训练模式
  Module: ReLU
test_loss: 0.1237
epoch 111
train_loss: 0.0821
Module: DropoutFullyConnectedNN
  Module: ModuleList
    Module: Linear
    Module: Linear
    Module: Linear
  Module: ModuleList
    Module: Dropout
dropout设置为训练模式
    Module: Dropout
dropout设置为训练模式
    Module: Dropout
dropout设置为训练模式
  Module: ReLU
test_loss: 0.1281
epoch 112
train_loss: 0.0873
Module: DropoutFullyConnectedNN
  Module: ModuleList
    Module: Linear
    Module: Linear
    Module: Linear
  Module: ModuleList
    Module: Dropout
dropout设置为训练模式
    Module: Dropout
dropout设置为训练模式
    Module: Dropout
dropout设置为训练模式
  Module: ReLU
test_loss: 0.1292
epoch 113
train_loss: 0.0752
Module: DropoutFullyConnectedNN
  Module: ModuleList
    Module: Linear
    Module: Linear
    Module: Linear
  Module: ModuleList
    Module: Dropout
dropout设置为训练模式
    Module: Dropout
dropout设置为训练模式
    Module: Dropout
dropout设置为训练模式
  Module: ReLU
test_loss: 0.1280
epoch 114
train_loss: 0.0856
Module: DropoutFullyConnectedNN
  Module: ModuleList
    Module: Linear
    Module: Linear
    Module: Linear
  Module: ModuleList
    Module: Dropout
dropout设置为训练模式
    Module: Dropout
dropout设置为训练模式
    Module: Dropout
dropout设置为训练模式
  Module: ReLU
test_loss: 0.1341
epoch 115
train_loss: 0.0814
Module: DropoutFullyConnectedNN
  Module: ModuleList
    Module: Linear
    Module: Linear
    Module: Linear
  Module: ModuleList
    Module: Dropout
dropout设置为训练模式
    Module: Dropout
dropout设置为训练模式
    Module: Dropout
dropout设置为训练模式
  Module: ReLU
test_loss: 0.1307
epoch 116
train_loss: 0.0771
Module: DropoutFullyConnectedNN
  Module: ModuleList
    Module: Linear
    Module: Linear
    Module: Linear
  Module: ModuleList
    Module: Dropout
dropout设置为训练模式
    Module: Dropout
dropout设置为训练模式
    Module: Dropout
dropout设置为训练模式
  Module: ReLU
test_loss: 0.1275
epoch 117
train_loss: 0.0783
Module: DropoutFullyConnectedNN
  Module: ModuleList
    Module: Linear
    Module: Linear
    Module: Linear
  Module: ModuleList
    Module: Dropout
dropout设置为训练模式
    Module: Dropout
dropout设置为训练模式
    Module: Dropout
dropout设置为训练模式
  Module: ReLU
test_loss: 0.1310
epoch 118
train_loss: 0.0768
Module: DropoutFullyConnectedNN
  Module: ModuleList
    Module: Linear
    Module: Linear
    Module: Linear
  Module: ModuleList
    Module: Dropout
dropout设置为训练模式
    Module: Dropout
dropout设置为训练模式
    Module: Dropout
dropout设置为训练模式
  Module: ReLU
test_loss: 0.1247
epoch 119
train_loss: 0.0811
Module: DropoutFullyConnectedNN
  Module: ModuleList
    Module: Linear
    Module: Linear
    Module: Linear
  Module: ModuleList
    Module: Dropout
dropout设置为训练模式
    Module: Dropout
dropout设置为训练模式
    Module: Dropout
dropout设置为训练模式
  Module: ReLU
test_loss: 0.1364
epoch 120
train_loss: 0.0783
Module: DropoutFullyConnectedNN
  Module: ModuleList
    Module: Linear
    Module: Linear
    Module: Linear
  Module: ModuleList
    Module: Dropout
dropout设置为训练模式
    Module: Dropout
dropout设置为训练模式
    Module: Dropout
dropout设置为训练模式
  Module: ReLU
test_loss: 0.1293
epoch 121
train_loss: 0.0794
Module: DropoutFullyConnectedNN
  Module: ModuleList
    Module: Linear
    Module: Linear
    Module: Linear
  Module: ModuleList
    Module: Dropout
dropout设置为训练模式
    Module: Dropout
dropout设置为训练模式
    Module: Dropout
dropout设置为训练模式
  Module: ReLU
test_loss: 0.1296
epoch 122
train_loss: 0.0757
Module: DropoutFullyConnectedNN
  Module: ModuleList
    Module: Linear
    Module: Linear
    Module: Linear
  Module: ModuleList
    Module: Dropout
dropout设置为训练模式
    Module: Dropout
dropout设置为训练模式
    Module: Dropout
dropout设置为训练模式
  Module: ReLU
test_loss: 0.1235
epoch 123
train_loss: 0.0744
Module: DropoutFullyConnectedNN
  Module: ModuleList
    Module: Linear
    Module: Linear
    Module: Linear
  Module: ModuleList
    Module: Dropout
dropout设置为训练模式
    Module: Dropout
dropout设置为训练模式
    Module: Dropout
dropout设置为训练模式
  Module: ReLU
test_loss: 0.1241
epoch 124
train_loss: 0.0856
Module: DropoutFullyConnectedNN
  Module: ModuleList
    Module: Linear
    Module: Linear
    Module: Linear
  Module: ModuleList
    Module: Dropout
dropout设置为训练模式
    Module: Dropout
dropout设置为训练模式
    Module: Dropout
dropout设置为训练模式
  Module: ReLU
test_loss: 0.1303
epoch 125
train_loss: 0.0713
Module: DropoutFullyConnectedNN
  Module: ModuleList
    Module: Linear
    Module: Linear
    Module: Linear
  Module: ModuleList
    Module: Dropout
dropout设置为训练模式
    Module: Dropout
dropout设置为训练模式
    Module: Dropout
dropout设置为训练模式
  Module: ReLU
test_loss: 0.1356
epoch 126
train_loss: 0.0824
Module: DropoutFullyConnectedNN
  Module: ModuleList
    Module: Linear
    Module: Linear
    Module: Linear
  Module: ModuleList
    Module: Dropout
dropout设置为训练模式
    Module: Dropout
dropout设置为训练模式
    Module: Dropout
dropout设置为训练模式
  Module: ReLU
test_loss: 0.1315
epoch 127
train_loss: 0.0704
Module: DropoutFullyConnectedNN
  Module: ModuleList
    Module: Linear
    Module: Linear
    Module: Linear
  Module: ModuleList
    Module: Dropout
dropout设置为训练模式
    Module: Dropout
dropout设置为训练模式
    Module: Dropout
dropout设置为训练模式
  Module: ReLU
test_loss: 0.1300
epoch 128
train_loss: 0.0823
Module: DropoutFullyConnectedNN
  Module: ModuleList
    Module: Linear
    Module: Linear
    Module: Linear
  Module: ModuleList
    Module: Dropout
dropout设置为训练模式
    Module: Dropout
dropout设置为训练模式
    Module: Dropout
dropout设置为训练模式
  Module: ReLU
test_loss: 0.1289
epoch 129
train_loss: 0.0772
Module: DropoutFullyConnectedNN
  Module: ModuleList
    Module: Linear
    Module: Linear
    Module: Linear
  Module: ModuleList
    Module: Dropout
dropout设置为训练模式
    Module: Dropout
dropout设置为训练模式
    Module: Dropout
dropout设置为训练模式
  Module: ReLU
test_loss: 0.1275
epoch 130
train_loss: 0.0739
Module: DropoutFullyConnectedNN
  Module: ModuleList
    Module: Linear
    Module: Linear
    Module: Linear
  Module: ModuleList
    Module: Dropout
dropout设置为训练模式
    Module: Dropout
dropout设置为训练模式
    Module: Dropout
dropout设置为训练模式
  Module: ReLU
test_loss: 0.1221
epoch 131
train_loss: 0.0814
Module: DropoutFullyConnectedNN
  Module: ModuleList
    Module: Linear
    Module: Linear
    Module: Linear
  Module: ModuleList
    Module: Dropout
dropout设置为训练模式
    Module: Dropout
dropout设置为训练模式
    Module: Dropout
dropout设置为训练模式
  Module: ReLU
test_loss: 0.1361
epoch 132
train_loss: 0.0800
Module: DropoutFullyConnectedNN
  Module: ModuleList
    Module: Linear
    Module: Linear
    Module: Linear
  Module: ModuleList
    Module: Dropout
dropout设置为训练模式
    Module: Dropout
dropout设置为训练模式
    Module: Dropout
dropout设置为训练模式
  Module: ReLU
test_loss: 0.1274
epoch 133
train_loss: 0.0665
Module: DropoutFullyConnectedNN
  Module: ModuleList
    Module: Linear
    Module: Linear
    Module: Linear
  Module: ModuleList
    Module: Dropout
dropout设置为训练模式
    Module: Dropout
dropout设置为训练模式
    Module: Dropout
dropout设置为训练模式
  Module: ReLU
test_loss: 0.1244
epoch 134
train_loss: 0.0813
Module: DropoutFullyConnectedNN
  Module: ModuleList
    Module: Linear
    Module: Linear
    Module: Linear
  Module: ModuleList
    Module: Dropout
dropout设置为训练模式
    Module: Dropout
dropout设置为训练模式
    Module: Dropout
dropout设置为训练模式
  Module: ReLU
test_loss: 0.1249
epoch 135
train_loss: 0.0818
Module: DropoutFullyConnectedNN
  Module: ModuleList
    Module: Linear
    Module: Linear
    Module: Linear
  Module: ModuleList
    Module: Dropout
dropout设置为训练模式
    Module: Dropout
dropout设置为训练模式
    Module: Dropout
dropout设置为训练模式
  Module: ReLU
test_loss: 0.1282
epoch 136
train_loss: 0.0802
Module: DropoutFullyConnectedNN
  Module: ModuleList
    Module: Linear
    Module: Linear
    Module: Linear
  Module: ModuleList
    Module: Dropout
dropout设置为训练模式
    Module: Dropout
dropout设置为训练模式
    Module: Dropout
dropout设置为训练模式
  Module: ReLU
test_loss: 0.1245
epoch 137
train_loss: 0.0771
Module: DropoutFullyConnectedNN
  Module: ModuleList
    Module: Linear
    Module: Linear
    Module: Linear
  Module: ModuleList
    Module: Dropout
dropout设置为训练模式
    Module: Dropout
dropout设置为训练模式
    Module: Dropout
dropout设置为训练模式
  Module: ReLU
test_loss: 0.1384
epoch 138
train_loss: 0.0786
Module: DropoutFullyConnectedNN
  Module: ModuleList
    Module: Linear
    Module: Linear
    Module: Linear
  Module: ModuleList
    Module: Dropout
dropout设置为训练模式
    Module: Dropout
dropout设置为训练模式
    Module: Dropout
dropout设置为训练模式
  Module: ReLU
test_loss: 0.1306
epoch 139
train_loss: 0.0781
Module: DropoutFullyConnectedNN
  Module: ModuleList
    Module: Linear
    Module: Linear
    Module: Linear
  Module: ModuleList
    Module: Dropout
dropout设置为训练模式
    Module: Dropout
dropout设置为训练模式
    Module: Dropout
dropout设置为训练模式
  Module: ReLU
test_loss: 0.1350
epoch 140
train_loss: 0.0760
Module: DropoutFullyConnectedNN
  Module: ModuleList
    Module: Linear
    Module: Linear
    Module: Linear
  Module: ModuleList
    Module: Dropout
dropout设置为训练模式
    Module: Dropout
dropout设置为训练模式
    Module: Dropout
dropout设置为训练模式
  Module: ReLU
test_loss: 0.1249
epoch 141
train_loss: 0.0759
Module: DropoutFullyConnectedNN
  Module: ModuleList
    Module: Linear
    Module: Linear
    Module: Linear
  Module: ModuleList
    Module: Dropout
dropout设置为训练模式
    Module: Dropout
dropout设置为训练模式
    Module: Dropout
dropout设置为训练模式
  Module: ReLU
test_loss: 0.1344
epoch 142
train_loss: 0.0803
Module: DropoutFullyConnectedNN
  Module: ModuleList
    Module: Linear
    Module: Linear
    Module: Linear
  Module: ModuleList
    Module: Dropout
dropout设置为训练模式
    Module: Dropout
dropout设置为训练模式
    Module: Dropout
dropout设置为训练模式
  Module: ReLU
test_loss: 0.1353
epoch 143
train_loss: 0.0756
Module: DropoutFullyConnectedNN
  Module: ModuleList
    Module: Linear
    Module: Linear
    Module: Linear
  Module: ModuleList
    Module: Dropout
dropout设置为训练模式
    Module: Dropout
dropout设置为训练模式
    Module: Dropout
dropout设置为训练模式
  Module: ReLU
test_loss: 0.1278
epoch 144
train_loss: 0.0781
Module: DropoutFullyConnectedNN
  Module: ModuleList
    Module: Linear
    Module: Linear
    Module: Linear
  Module: ModuleList
    Module: Dropout
dropout设置为训练模式
    Module: Dropout
dropout设置为训练模式
    Module: Dropout
dropout设置为训练模式
  Module: ReLU
test_loss: 0.1254
epoch 145
train_loss: 0.0807
Module: DropoutFullyConnectedNN
  Module: ModuleList
    Module: Linear
    Module: Linear
    Module: Linear
  Module: ModuleList
    Module: Dropout
dropout设置为训练模式
    Module: Dropout
dropout设置为训练模式
    Module: Dropout
dropout设置为训练模式
  Module: ReLU
test_loss: 0.1277
epoch 146
train_loss: 0.0782
Module: DropoutFullyConnectedNN
  Module: ModuleList
    Module: Linear
    Module: Linear
    Module: Linear
  Module: ModuleList
    Module: Dropout
dropout设置为训练模式
    Module: Dropout
dropout设置为训练模式
    Module: Dropout
dropout设置为训练模式
  Module: ReLU
test_loss: 0.1327
epoch 147
train_loss: 0.0659
Module: DropoutFullyConnectedNN
  Module: ModuleList
    Module: Linear
    Module: Linear
    Module: Linear
  Module: ModuleList
    Module: Dropout
dropout设置为训练模式
    Module: Dropout
dropout设置为训练模式
    Module: Dropout
dropout设置为训练模式
  Module: ReLU
test_loss: 0.1229
epoch 148
train_loss: 0.0762
Module: DropoutFullyConnectedNN
  Module: ModuleList
    Module: Linear
    Module: Linear
    Module: Linear
  Module: ModuleList
    Module: Dropout
dropout设置为训练模式
    Module: Dropout
dropout设置为训练模式
    Module: Dropout
dropout设置为训练模式
  Module: ReLU
test_loss: 0.1244
epoch 149
train_loss: 0.0764
Module: DropoutFullyConnectedNN
  Module: ModuleList
    Module: Linear
    Module: Linear
    Module: Linear
  Module: ModuleList
    Module: Dropout
dropout设置为训练模式
    Module: Dropout
dropout设置为训练模式
    Module: Dropout
dropout设置为训练模式
  Module: ReLU
test_loss: 0.1262
epoch 150
train_loss: 0.0717
Module: DropoutFullyConnectedNN
  Module: ModuleList
    Module: Linear
    Module: Linear
    Module: Linear
  Module: ModuleList
    Module: Dropout
dropout设置为训练模式
    Module: Dropout
dropout设置为训练模式
    Module: Dropout
dropout设置为训练模式
  Module: ReLU
test_loss: 0.1242
epoch 151
train_loss: 0.0709
Module: DropoutFullyConnectedNN
  Module: ModuleList
    Module: Linear
    Module: Linear
    Module: Linear
  Module: ModuleList
    Module: Dropout
dropout设置为训练模式
    Module: Dropout
dropout设置为训练模式
    Module: Dropout
dropout设置为训练模式
  Module: ReLU
test_loss: 0.1350
epoch 152
train_loss: 0.0773
Module: DropoutFullyConnectedNN
  Module: ModuleList
    Module: Linear
    Module: Linear
    Module: Linear
  Module: ModuleList
    Module: Dropout
dropout设置为训练模式
    Module: Dropout
dropout设置为训练模式
    Module: Dropout
dropout设置为训练模式
  Module: ReLU
test_loss: 0.1266
epoch 153
train_loss: 0.0720
Module: DropoutFullyConnectedNN
  Module: ModuleList
    Module: Linear
    Module: Linear
    Module: Linear
  Module: ModuleList
    Module: Dropout
dropout设置为训练模式
    Module: Dropout
dropout设置为训练模式
    Module: Dropout
dropout设置为训练模式
  Module: ReLU
test_loss: 0.1237
epoch 154
train_loss: 0.0707
Module: DropoutFullyConnectedNN
  Module: ModuleList
    Module: Linear
    Module: Linear
    Module: Linear
  Module: ModuleList
    Module: Dropout
dropout设置为训练模式
    Module: Dropout
dropout设置为训练模式
    Module: Dropout
dropout设置为训练模式
  Module: ReLU
test_loss: 0.1249
epoch 155
train_loss: 0.0707
Module: DropoutFullyConnectedNN
  Module: ModuleList
    Module: Linear
    Module: Linear
    Module: Linear
  Module: ModuleList
    Module: Dropout
dropout设置为训练模式
    Module: Dropout
dropout设置为训练模式
    Module: Dropout
dropout设置为训练模式
  Module: ReLU
test_loss: 0.1312
epoch 156
train_loss: 0.0694
Module: DropoutFullyConnectedNN
  Module: ModuleList
    Module: Linear
    Module: Linear
    Module: Linear
  Module: ModuleList
    Module: Dropout
dropout设置为训练模式
    Module: Dropout
dropout设置为训练模式
    Module: Dropout
dropout设置为训练模式
  Module: ReLU
test_loss: 0.1234
epoch 157
train_loss: 0.0753
Module: DropoutFullyConnectedNN
  Module: ModuleList
    Module: Linear
    Module: Linear
    Module: Linear
  Module: ModuleList
    Module: Dropout
dropout设置为训练模式
    Module: Dropout
dropout设置为训练模式
    Module: Dropout
dropout设置为训练模式
  Module: ReLU
test_loss: 0.1235
epoch 158
train_loss: 0.0810
Module: DropoutFullyConnectedNN
  Module: ModuleList
    Module: Linear
    Module: Linear
    Module: Linear
  Module: ModuleList
    Module: Dropout
dropout设置为训练模式
    Module: Dropout
dropout设置为训练模式
    Module: Dropout
dropout设置为训练模式
  Module: ReLU
test_loss: 0.1260
epoch 159
train_loss: 0.0767
Module: DropoutFullyConnectedNN
  Module: ModuleList
    Module: Linear
    Module: Linear
    Module: Linear
  Module: ModuleList
    Module: Dropout
dropout设置为训练模式
    Module: Dropout
dropout设置为训练模式
    Module: Dropout
dropout设置为训练模式
  Module: ReLU
test_loss: 0.1378
epoch 160
train_loss: 0.0805
Module: DropoutFullyConnectedNN
  Module: ModuleList
    Module: Linear
    Module: Linear
    Module: Linear
  Module: ModuleList
    Module: Dropout
dropout设置为训练模式
    Module: Dropout
dropout设置为训练模式
    Module: Dropout
dropout设置为训练模式
  Module: ReLU
test_loss: 0.1294
epoch 161
train_loss: 0.0733
Module: DropoutFullyConnectedNN
  Module: ModuleList
    Module: Linear
    Module: Linear
    Module: Linear
  Module: ModuleList
    Module: Dropout
dropout设置为训练模式
    Module: Dropout
dropout设置为训练模式
    Module: Dropout
dropout设置为训练模式
  Module: ReLU
test_loss: 0.1301
epoch 162
train_loss: 0.0785
Module: DropoutFullyConnectedNN
  Module: ModuleList
    Module: Linear
    Module: Linear
    Module: Linear
  Module: ModuleList
    Module: Dropout
dropout设置为训练模式
    Module: Dropout
dropout设置为训练模式
    Module: Dropout
dropout设置为训练模式
  Module: ReLU
test_loss: 0.1247
epoch 163
train_loss: 0.0717
Module: DropoutFullyConnectedNN
  Module: ModuleList
    Module: Linear
    Module: Linear
    Module: Linear
  Module: ModuleList
    Module: Dropout
dropout设置为训练模式
    Module: Dropout
dropout设置为训练模式
    Module: Dropout
dropout设置为训练模式
  Module: ReLU
test_loss: 0.1248
epoch 164
train_loss: 0.0727
Module: DropoutFullyConnectedNN
  Module: ModuleList
    Module: Linear
    Module: Linear
    Module: Linear
  Module: ModuleList
    Module: Dropout
dropout设置为训练模式
    Module: Dropout
dropout设置为训练模式
    Module: Dropout
dropout设置为训练模式
  Module: ReLU
test_loss: 0.1203
epoch 165
train_loss: 0.0706
Module: DropoutFullyConnectedNN
  Module: ModuleList
    Module: Linear
    Module: Linear
    Module: Linear
  Module: ModuleList
    Module: Dropout
dropout设置为训练模式
    Module: Dropout
dropout设置为训练模式
    Module: Dropout
dropout设置为训练模式
  Module: ReLU
test_loss: 0.1315
epoch 166
train_loss: 0.0725
Module: DropoutFullyConnectedNN
  Module: ModuleList
    Module: Linear
    Module: Linear
    Module: Linear
  Module: ModuleList
    Module: Dropout
dropout设置为训练模式
    Module: Dropout
dropout设置为训练模式
    Module: Dropout
dropout设置为训练模式
  Module: ReLU
test_loss: 0.1305
epoch 167
train_loss: 0.0737
Module: DropoutFullyConnectedNN
  Module: ModuleList
    Module: Linear
    Module: Linear
    Module: Linear
  Module: ModuleList
    Module: Dropout
dropout设置为训练模式
    Module: Dropout
dropout设置为训练模式
    Module: Dropout
dropout设置为训练模式
  Module: ReLU
test_loss: 0.1298
epoch 168
train_loss: 0.0736
Module: DropoutFullyConnectedNN
  Module: ModuleList
    Module: Linear
    Module: Linear
    Module: Linear
  Module: ModuleList
    Module: Dropout
dropout设置为训练模式
    Module: Dropout
dropout设置为训练模式
    Module: Dropout
dropout设置为训练模式
  Module: ReLU
test_loss: 0.1369
epoch 169
train_loss: 0.0707
Module: DropoutFullyConnectedNN
  Module: ModuleList
    Module: Linear
    Module: Linear
    Module: Linear
  Module: ModuleList
    Module: Dropout
dropout设置为训练模式
    Module: Dropout
dropout设置为训练模式
    Module: Dropout
dropout设置为训练模式
  Module: ReLU
test_loss: 0.1306
epoch 170
train_loss: 0.0752
Module: DropoutFullyConnectedNN
  Module: ModuleList
    Module: Linear
    Module: Linear
    Module: Linear
  Module: ModuleList
    Module: Dropout
dropout设置为训练模式
    Module: Dropout
dropout设置为训练模式
    Module: Dropout
dropout设置为训练模式
  Module: ReLU
test_loss: 0.1237
epoch 171
train_loss: 0.0725
Module: DropoutFullyConnectedNN
  Module: ModuleList
    Module: Linear
    Module: Linear
    Module: Linear
  Module: ModuleList
    Module: Dropout
dropout设置为训练模式
    Module: Dropout
dropout设置为训练模式
    Module: Dropout
dropout设置为训练模式
  Module: ReLU
test_loss: 0.1292
epoch 172
train_loss: 0.0733
Module: DropoutFullyConnectedNN
  Module: ModuleList
    Module: Linear
    Module: Linear
    Module: Linear
  Module: ModuleList
    Module: Dropout
dropout设置为训练模式
    Module: Dropout
dropout设置为训练模式
    Module: Dropout
dropout设置为训练模式
  Module: ReLU
test_loss: 0.1256
epoch 173
train_loss: 0.0759
Module: DropoutFullyConnectedNN
  Module: ModuleList
    Module: Linear
    Module: Linear
    Module: Linear
  Module: ModuleList
    Module: Dropout
dropout设置为训练模式
    Module: Dropout
dropout设置为训练模式
    Module: Dropout
dropout设置为训练模式
  Module: ReLU
test_loss: 0.1205
epoch 174
train_loss: 0.0690
Module: DropoutFullyConnectedNN
  Module: ModuleList
    Module: Linear
    Module: Linear
    Module: Linear
  Module: ModuleList
    Module: Dropout
dropout设置为训练模式
    Module: Dropout
dropout设置为训练模式
    Module: Dropout
dropout设置为训练模式
  Module: ReLU
test_loss: 0.1188
epoch 175
train_loss: 0.0682
Module: DropoutFullyConnectedNN
  Module: ModuleList
    Module: Linear
    Module: Linear
    Module: Linear
  Module: ModuleList
    Module: Dropout
dropout设置为训练模式
    Module: Dropout
dropout设置为训练模式
    Module: Dropout
dropout设置为训练模式
  Module: ReLU
test_loss: 0.1183
epoch 176
train_loss: 0.0730
Module: DropoutFullyConnectedNN
  Module: ModuleList
    Module: Linear
    Module: Linear
    Module: Linear
  Module: ModuleList
    Module: Dropout
dropout设置为训练模式
    Module: Dropout
dropout设置为训练模式
    Module: Dropout
dropout设置为训练模式
  Module: ReLU
test_loss: 0.1216
epoch 177
train_loss: 0.0674
Module: DropoutFullyConnectedNN
  Module: ModuleList
    Module: Linear
    Module: Linear
    Module: Linear
  Module: ModuleList
    Module: Dropout
dropout设置为训练模式
    Module: Dropout
dropout设置为训练模式
    Module: Dropout
dropout设置为训练模式
  Module: ReLU
test_loss: 0.1326
epoch 178
train_loss: 0.0787
Module: DropoutFullyConnectedNN
  Module: ModuleList
    Module: Linear
    Module: Linear
    Module: Linear
  Module: ModuleList
    Module: Dropout
dropout设置为训练模式
    Module: Dropout
dropout设置为训练模式
    Module: Dropout
dropout设置为训练模式
  Module: ReLU
test_loss: 0.1311
epoch 179
train_loss: 0.0632
Module: DropoutFullyConnectedNN
  Module: ModuleList
    Module: Linear
    Module: Linear
    Module: Linear
  Module: ModuleList
    Module: Dropout
dropout设置为训练模式
    Module: Dropout
dropout设置为训练模式
    Module: Dropout
dropout设置为训练模式
  Module: ReLU
test_loss: 0.1249
epoch 180
train_loss: 0.0720
Module: DropoutFullyConnectedNN
  Module: ModuleList
    Module: Linear
    Module: Linear
    Module: Linear
  Module: ModuleList
    Module: Dropout
dropout设置为训练模式
    Module: Dropout
dropout设置为训练模式
    Module: Dropout
dropout设置为训练模式
  Module: ReLU
test_loss: 0.1268
epoch 181
train_loss: 0.0752
Module: DropoutFullyConnectedNN
  Module: ModuleList
    Module: Linear
    Module: Linear
    Module: Linear
  Module: ModuleList
    Module: Dropout
dropout设置为训练模式
    Module: Dropout
dropout设置为训练模式
    Module: Dropout
dropout设置为训练模式
  Module: ReLU
test_loss: 0.1257
epoch 182
train_loss: 0.0719
Module: DropoutFullyConnectedNN
  Module: ModuleList
    Module: Linear
    Module: Linear
    Module: Linear
  Module: ModuleList
    Module: Dropout
dropout设置为训练模式
    Module: Dropout
dropout设置为训练模式
    Module: Dropout
dropout设置为训练模式
  Module: ReLU
test_loss: 0.1235
epoch 183
train_loss: 0.0687
Module: DropoutFullyConnectedNN
  Module: ModuleList
    Module: Linear
    Module: Linear
    Module: Linear
  Module: ModuleList
    Module: Dropout
dropout设置为训练模式
    Module: Dropout
dropout设置为训练模式
    Module: Dropout
dropout设置为训练模式
  Module: ReLU
test_loss: 0.1278
epoch 184
train_loss: 0.0732
Module: DropoutFullyConnectedNN
  Module: ModuleList
    Module: Linear
    Module: Linear
    Module: Linear
  Module: ModuleList
    Module: Dropout
dropout设置为训练模式
    Module: Dropout
dropout设置为训练模式
    Module: Dropout
dropout设置为训练模式
  Module: ReLU
test_loss: 0.1269
epoch 185
train_loss: 0.0685
Module: DropoutFullyConnectedNN
  Module: ModuleList
    Module: Linear
    Module: Linear
    Module: Linear
  Module: ModuleList
    Module: Dropout
dropout设置为训练模式
    Module: Dropout
dropout设置为训练模式
    Module: Dropout
dropout设置为训练模式
  Module: ReLU
test_loss: 0.1367
epoch 186
train_loss: 0.0732
Module: DropoutFullyConnectedNN
  Module: ModuleList
    Module: Linear
    Module: Linear
    Module: Linear
  Module: ModuleList
    Module: Dropout
dropout设置为训练模式
    Module: Dropout
dropout设置为训练模式
    Module: Dropout
dropout设置为训练模式
  Module: ReLU
test_loss: 0.1238
epoch 187
train_loss: 0.0676
Module: DropoutFullyConnectedNN
  Module: ModuleList
    Module: Linear
    Module: Linear
    Module: Linear
  Module: ModuleList
    Module: Dropout
dropout设置为训练模式
    Module: Dropout
dropout设置为训练模式
    Module: Dropout
dropout设置为训练模式
  Module: ReLU
test_loss: 0.1154
epoch 188
train_loss: 0.0713
Module: DropoutFullyConnectedNN
  Module: ModuleList
    Module: Linear
    Module: Linear
    Module: Linear
  Module: ModuleList
    Module: Dropout
dropout设置为训练模式
    Module: Dropout
dropout设置为训练模式
    Module: Dropout
dropout设置为训练模式
  Module: ReLU
test_loss: 0.1161
epoch 189
train_loss: 0.0687
Module: DropoutFullyConnectedNN
  Module: ModuleList
    Module: Linear
    Module: Linear
    Module: Linear
  Module: ModuleList
    Module: Dropout
dropout设置为训练模式
    Module: Dropout
dropout设置为训练模式
    Module: Dropout
dropout设置为训练模式
  Module: ReLU
test_loss: 0.1219
epoch 190
train_loss: 0.0710
Module: DropoutFullyConnectedNN
  Module: ModuleList
    Module: Linear
    Module: Linear
    Module: Linear
  Module: ModuleList
    Module: Dropout
dropout设置为训练模式
    Module: Dropout
dropout设置为训练模式
    Module: Dropout
dropout设置为训练模式
  Module: ReLU
test_loss: 0.1301
epoch 191
train_loss: 0.0707
Module: DropoutFullyConnectedNN
  Module: ModuleList
    Module: Linear
    Module: Linear
    Module: Linear
  Module: ModuleList
    Module: Dropout
dropout设置为训练模式
    Module: Dropout
dropout设置为训练模式
    Module: Dropout
dropout设置为训练模式
  Module: ReLU
test_loss: 0.1194
epoch 192
train_loss: 0.0721
Module: DropoutFullyConnectedNN
  Module: ModuleList
    Module: Linear
    Module: Linear
    Module: Linear
  Module: ModuleList
    Module: Dropout
dropout设置为训练模式
    Module: Dropout
dropout设置为训练模式
    Module: Dropout
dropout设置为训练模式
  Module: ReLU
test_loss: 0.1245
epoch 193
train_loss: 0.0718
Module: DropoutFullyConnectedNN
  Module: ModuleList
    Module: Linear
    Module: Linear
    Module: Linear
  Module: ModuleList
    Module: Dropout
dropout设置为训练模式
    Module: Dropout
dropout设置为训练模式
    Module: Dropout
dropout设置为训练模式
  Module: ReLU
test_loss: 0.1245
epoch 194
train_loss: 0.0713
Module: DropoutFullyConnectedNN
  Module: ModuleList
    Module: Linear
    Module: Linear
    Module: Linear
  Module: ModuleList
    Module: Dropout
dropout设置为训练模式
    Module: Dropout
dropout设置为训练模式
    Module: Dropout
dropout设置为训练模式
  Module: ReLU
test_loss: 0.1184
epoch 195
train_loss: 0.0670
Module: DropoutFullyConnectedNN
  Module: ModuleList
    Module: Linear
    Module: Linear
    Module: Linear
  Module: ModuleList
    Module: Dropout
dropout设置为训练模式
    Module: Dropout
dropout设置为训练模式
    Module: Dropout
dropout设置为训练模式
  Module: ReLU
test_loss: 0.1244
epoch 196
train_loss: 0.0698
Module: DropoutFullyConnectedNN
  Module: ModuleList
    Module: Linear
    Module: Linear
    Module: Linear
  Module: ModuleList
    Module: Dropout
dropout设置为训练模式
    Module: Dropout
dropout设置为训练模式
    Module: Dropout
dropout设置为训练模式
  Module: ReLU
test_loss: 0.1241
epoch 197
train_loss: 0.0673
Module: DropoutFullyConnectedNN
  Module: ModuleList
    Module: Linear
    Module: Linear
    Module: Linear
  Module: ModuleList
    Module: Dropout
dropout设置为训练模式
    Module: Dropout
dropout设置为训练模式
    Module: Dropout
dropout设置为训练模式
  Module: ReLU
test_loss: 0.1296
epoch 198
train_loss: 0.0738
Module: DropoutFullyConnectedNN
  Module: ModuleList
    Module: Linear
    Module: Linear
    Module: Linear
  Module: ModuleList
    Module: Dropout
dropout设置为训练模式
    Module: Dropout
dropout设置为训练模式
    Module: Dropout
dropout设置为训练模式
  Module: ReLU
test_loss: 0.1288
epoch 199
train_loss: 0.0717
Module: DropoutFullyConnectedNN
  Module: ModuleList
    Module: Linear
    Module: Linear
    Module: Linear
  Module: ModuleList
    Module: Dropout
dropout设置为训练模式
    Module: Dropout
dropout设置为训练模式
    Module: Dropout
dropout设置为训练模式
  Module: ReLU
test_loss: 0.1210
epoch 200
train_loss: 0.0653
Module: DropoutFullyConnectedNN
  Module: ModuleList
    Module: Linear
    Module: Linear
    Module: Linear
  Module: ModuleList
    Module: Dropout
dropout设置为训练模式
    Module: Dropout
dropout设置为训练模式
    Module: Dropout
dropout设置为训练模式
  Module: ReLU
test_loss: 0.1346
epoch 201
train_loss: 0.0694
Module: DropoutFullyConnectedNN
  Module: ModuleList
    Module: Linear
    Module: Linear
    Module: Linear
  Module: ModuleList
    Module: Dropout
dropout设置为训练模式
    Module: Dropout
dropout设置为训练模式
    Module: Dropout
dropout设置为训练模式
  Module: ReLU
test_loss: 0.1262
epoch 202
train_loss: 0.0719
Module: DropoutFullyConnectedNN
  Module: ModuleList
    Module: Linear
    Module: Linear
    Module: Linear
  Module: ModuleList
    Module: Dropout
dropout设置为训练模式
    Module: Dropout
dropout设置为训练模式
    Module: Dropout
dropout设置为训练模式
  Module: ReLU
test_loss: 0.1202
epoch 203
train_loss: 0.0699
Module: DropoutFullyConnectedNN
  Module: ModuleList
    Module: Linear
    Module: Linear
    Module: Linear
  Module: ModuleList
    Module: Dropout
dropout设置为训练模式
    Module: Dropout
dropout设置为训练模式
    Module: Dropout
dropout设置为训练模式
  Module: ReLU
test_loss: 0.1207
epoch 204
train_loss: 0.0729
Module: DropoutFullyConnectedNN
  Module: ModuleList
    Module: Linear
    Module: Linear
    Module: Linear
  Module: ModuleList
    Module: Dropout
dropout设置为训练模式
    Module: Dropout
dropout设置为训练模式
    Module: Dropout
dropout设置为训练模式
  Module: ReLU
test_loss: 0.1224
epoch 205
train_loss: 0.0728
Module: DropoutFullyConnectedNN
  Module: ModuleList
    Module: Linear
    Module: Linear
    Module: Linear
  Module: ModuleList
    Module: Dropout
dropout设置为训练模式
    Module: Dropout
dropout设置为训练模式
    Module: Dropout
dropout设置为训练模式
  Module: ReLU
test_loss: 0.1422
epoch 206
train_loss: 0.0705
Module: DropoutFullyConnectedNN
  Module: ModuleList
    Module: Linear
    Module: Linear
    Module: Linear
  Module: ModuleList
    Module: Dropout
dropout设置为训练模式
    Module: Dropout
dropout设置为训练模式
    Module: Dropout
dropout设置为训练模式
  Module: ReLU
test_loss: 0.1215
epoch 207
train_loss: 0.0649
Module: DropoutFullyConnectedNN
  Module: ModuleList
    Module: Linear
    Module: Linear
    Module: Linear
  Module: ModuleList
    Module: Dropout
dropout设置为训练模式
    Module: Dropout
dropout设置为训练模式
    Module: Dropout
dropout设置为训练模式
  Module: ReLU
test_loss: 0.1211
epoch 208
train_loss: 0.0683
Module: DropoutFullyConnectedNN
  Module: ModuleList
    Module: Linear
    Module: Linear
    Module: Linear
  Module: ModuleList
    Module: Dropout
dropout设置为训练模式
    Module: Dropout
dropout设置为训练模式
    Module: Dropout
dropout设置为训练模式
  Module: ReLU
test_loss: 0.1143
epoch 209
train_loss: 0.0646
Module: DropoutFullyConnectedNN
  Module: ModuleList
    Module: Linear
    Module: Linear
    Module: Linear
  Module: ModuleList
    Module: Dropout
dropout设置为训练模式
    Module: Dropout
dropout设置为训练模式
    Module: Dropout
dropout设置为训练模式
  Module: ReLU
test_loss: 0.1271
epoch 210
train_loss: 0.0660
Module: DropoutFullyConnectedNN
  Module: ModuleList
    Module: Linear
    Module: Linear
    Module: Linear
  Module: ModuleList
    Module: Dropout
dropout设置为训练模式
    Module: Dropout
dropout设置为训练模式
    Module: Dropout
dropout设置为训练模式
  Module: ReLU
test_loss: 0.1182
epoch 211
train_loss: 0.0718
Module: DropoutFullyConnectedNN
  Module: ModuleList
    Module: Linear
    Module: Linear
    Module: Linear
  Module: ModuleList
    Module: Dropout
dropout设置为训练模式
    Module: Dropout
dropout设置为训练模式
    Module: Dropout
dropout设置为训练模式
  Module: ReLU
test_loss: 0.1249
epoch 212
train_loss: 0.0707
Module: DropoutFullyConnectedNN
  Module: ModuleList
    Module: Linear
    Module: Linear
    Module: Linear
  Module: ModuleList
    Module: Dropout
dropout设置为训练模式
    Module: Dropout
dropout设置为训练模式
    Module: Dropout
dropout设置为训练模式
  Module: ReLU
test_loss: 0.1285
epoch 213
train_loss: 0.0744
Module: DropoutFullyConnectedNN
  Module: ModuleList
    Module: Linear
    Module: Linear
    Module: Linear
  Module: ModuleList
    Module: Dropout
dropout设置为训练模式
    Module: Dropout
dropout设置为训练模式
    Module: Dropout
dropout设置为训练模式
  Module: ReLU
test_loss: 0.1216
epoch 214
train_loss: 0.0747
Module: DropoutFullyConnectedNN
  Module: ModuleList
    Module: Linear
    Module: Linear
    Module: Linear
  Module: ModuleList
    Module: Dropout
dropout设置为训练模式
    Module: Dropout
dropout设置为训练模式
    Module: Dropout
dropout设置为训练模式
  Module: ReLU
test_loss: 0.1258
epoch 215
train_loss: 0.0713
Module: DropoutFullyConnectedNN
  Module: ModuleList
    Module: Linear
    Module: Linear
    Module: Linear
  Module: ModuleList
    Module: Dropout
dropout设置为训练模式
    Module: Dropout
dropout设置为训练模式
    Module: Dropout
dropout设置为训练模式
  Module: ReLU
test_loss: 0.1288
epoch 216
train_loss: 0.0719
Module: DropoutFullyConnectedNN
  Module: ModuleList
    Module: Linear
    Module: Linear
    Module: Linear
  Module: ModuleList
    Module: Dropout
dropout设置为训练模式
    Module: Dropout
dropout设置为训练模式
    Module: Dropout
dropout设置为训练模式
  Module: ReLU
test_loss: 0.1228
epoch 217
train_loss: 0.0692
Module: DropoutFullyConnectedNN
  Module: ModuleList
    Module: Linear
    Module: Linear
    Module: Linear
  Module: ModuleList
    Module: Dropout
dropout设置为训练模式
    Module: Dropout
dropout设置为训练模式
    Module: Dropout
dropout设置为训练模式
  Module: ReLU
test_loss: 0.1255
epoch 218
train_loss: 0.0678
Module: DropoutFullyConnectedNN
  Module: ModuleList
    Module: Linear
    Module: Linear
    Module: Linear
  Module: ModuleList
    Module: Dropout
dropout设置为训练模式
    Module: Dropout
dropout设置为训练模式
    Module: Dropout
dropout设置为训练模式
  Module: ReLU
test_loss: 0.1248
epoch 219
train_loss: 0.0673
Module: DropoutFullyConnectedNN
  Module: ModuleList
    Module: Linear
    Module: Linear
    Module: Linear
  Module: ModuleList
    Module: Dropout
dropout设置为训练模式
    Module: Dropout
dropout设置为训练模式
    Module: Dropout
dropout设置为训练模式
  Module: ReLU
test_loss: 0.1273
epoch 220
train_loss: 0.0631
Module: DropoutFullyConnectedNN
  Module: ModuleList
    Module: Linear
    Module: Linear
    Module: Linear
  Module: ModuleList
    Module: Dropout
dropout设置为训练模式
    Module: Dropout
dropout设置为训练模式
    Module: Dropout
dropout设置为训练模式
  Module: ReLU
test_loss: 0.1253
epoch 221
train_loss: 0.0663
Module: DropoutFullyConnectedNN
  Module: ModuleList
    Module: Linear
    Module: Linear
    Module: Linear
  Module: ModuleList
    Module: Dropout
dropout设置为训练模式
    Module: Dropout
dropout设置为训练模式
    Module: Dropout
dropout设置为训练模式
  Module: ReLU
test_loss: 0.1280
epoch 222
train_loss: 0.0790
Module: DropoutFullyConnectedNN
  Module: ModuleList
    Module: Linear
    Module: Linear
    Module: Linear
  Module: ModuleList
    Module: Dropout
dropout设置为训练模式
    Module: Dropout
dropout设置为训练模式
    Module: Dropout
dropout设置为训练模式
  Module: ReLU
test_loss: 0.1256
epoch 223
train_loss: 0.0681
Module: DropoutFullyConnectedNN
  Module: ModuleList
    Module: Linear
    Module: Linear
    Module: Linear
  Module: ModuleList
    Module: Dropout
dropout设置为训练模式
    Module: Dropout
dropout设置为训练模式
    Module: Dropout
dropout设置为训练模式
  Module: ReLU
test_loss: 0.1264
epoch 224
train_loss: 0.0677
Module: DropoutFullyConnectedNN
  Module: ModuleList
    Module: Linear
    Module: Linear
    Module: Linear
  Module: ModuleList
    Module: Dropout
dropout设置为训练模式
    Module: Dropout
dropout设置为训练模式
    Module: Dropout
dropout设置为训练模式
  Module: ReLU
test_loss: 0.1157
epoch 225
train_loss: 0.0664
Module: DropoutFullyConnectedNN
  Module: ModuleList
    Module: Linear
    Module: Linear
    Module: Linear
  Module: ModuleList
    Module: Dropout
dropout设置为训练模式
    Module: Dropout
dropout设置为训练模式
    Module: Dropout
dropout设置为训练模式
  Module: ReLU
test_loss: 0.1225
epoch 226
train_loss: 0.0645
Module: DropoutFullyConnectedNN
  Module: ModuleList
    Module: Linear
    Module: Linear
    Module: Linear
  Module: ModuleList
    Module: Dropout
dropout设置为训练模式
    Module: Dropout
dropout设置为训练模式
    Module: Dropout
dropout设置为训练模式
  Module: ReLU
test_loss: 0.1181
epoch 227
train_loss: 0.0673
Module: DropoutFullyConnectedNN
  Module: ModuleList
    Module: Linear
    Module: Linear
    Module: Linear
  Module: ModuleList
    Module: Dropout
dropout设置为训练模式
    Module: Dropout
dropout设置为训练模式
    Module: Dropout
dropout设置为训练模式
  Module: ReLU
test_loss: 0.1240
epoch 228
train_loss: 0.0641
Module: DropoutFullyConnectedNN
  Module: ModuleList
    Module: Linear
    Module: Linear
    Module: Linear
  Module: ModuleList
    Module: Dropout
dropout设置为训练模式
    Module: Dropout
dropout设置为训练模式
    Module: Dropout
dropout设置为训练模式
  Module: ReLU
test_loss: 0.1200
epoch 229
train_loss: 0.0679
Module: DropoutFullyConnectedNN
  Module: ModuleList
    Module: Linear
    Module: Linear
    Module: Linear
  Module: ModuleList
    Module: Dropout
dropout设置为训练模式
    Module: Dropout
dropout设置为训练模式
    Module: Dropout
dropout设置为训练模式
  Module: ReLU
test_loss: 0.1209
/home/xueqiong/noise_injection_uncertainty/regression/utils.py:39: FutureWarning: The 'delim_whitespace' keyword in pd.read_csv is deprecated and will be removed in a future version. Use ``sep='\s+'`` instead
  return pd.read_csv(dataset_path, engine='python', header=None, delim_whitespace=True)
8 1
824 206 1030
model_name fixnoiseFCN
using Adam as optimizer
epoch 0
train_loss: 0.8978
test_loss: 0.7344
epoch 1
train_loss: 0.5806
test_loss: 0.4759
epoch 2
train_loss: 0.4224
test_loss: 0.4057
epoch 3
train_loss: 0.3636
test_loss: 0.3555
epoch 4
train_loss: 0.3102
test_loss: 0.3209
epoch 5
train_loss: 0.2754
test_loss: 0.2930
epoch 6
train_loss: 0.2507
test_loss: 0.2685
epoch 7
train_loss: 0.2198
test_loss: 0.2439
epoch 8
train_loss: 0.2096
test_loss: 0.2308
epoch 9
train_loss: 0.1881
test_loss: 0.2153
epoch 10
train_loss: 0.1821
test_loss: 0.2044
epoch 11
train_loss: 0.1693
test_loss: 0.1986
epoch 12
train_loss: 0.1567
test_loss: 0.1890
epoch 13
train_loss: 0.1481
test_loss: 0.1829
epoch 14
train_loss: 0.1426
test_loss: 0.1760
epoch 15
train_loss: 0.1421
test_loss: 0.1737
epoch 16
train_loss: 0.1341
test_loss: 0.1725
epoch 17
train_loss: 0.1290
test_loss: 0.1636
epoch 18
train_loss: 0.1267
test_loss: 0.1656
epoch 19
train_loss: 0.1229
test_loss: 0.1665
epoch 20
train_loss: 0.1256
test_loss: 0.1572
epoch 21
train_loss: 0.1186
test_loss: 0.1657
epoch 22
train_loss: 0.1153
test_loss: 0.1588
epoch 23
train_loss: 0.1129
test_loss: 0.1571
epoch 24
train_loss: 0.1150
test_loss: 0.1570
epoch 25
train_loss: 0.1114
test_loss: 0.1587
epoch 26
train_loss: 0.1086
test_loss: 0.1598
epoch 27
train_loss: 0.1059
test_loss: 0.1612
epoch 28
train_loss: 0.1044
test_loss: 0.1526
epoch 29
train_loss: 0.0989
test_loss: 0.1537
epoch 30
train_loss: 0.1007
test_loss: 0.1663
epoch 31
train_loss: 0.1016
test_loss: 0.1607
epoch 32
train_loss: 0.1087
test_loss: 0.1612
epoch 33
train_loss: 0.1055
test_loss: 0.1566
epoch 34
train_loss: 0.1006
test_loss: 0.1550
epoch 35
train_loss: 0.0951
test_loss: 0.1541
epoch 36
train_loss: 0.0942
test_loss: 0.1516
epoch 37
train_loss: 0.0999
test_loss: 0.1551
epoch 38
train_loss: 0.0972
test_loss: 0.1566
epoch 39
train_loss: 0.0877
test_loss: 0.1593
epoch 40
train_loss: 0.0922
test_loss: 0.1501
epoch 41
train_loss: 0.0967
test_loss: 0.1597
epoch 42
train_loss: 0.0881
test_loss: 0.1536
epoch 43
train_loss: 0.0958
test_loss: 0.1505
epoch 44
train_loss: 0.0930
test_loss: 0.1519
epoch 45
train_loss: 0.0857
test_loss: 0.1520
epoch 46
train_loss: 0.0846
test_loss: 0.1536
epoch 47
train_loss: 0.0871
test_loss: 0.1529
epoch 48
train_loss: 0.0861
test_loss: 0.1565
epoch 49
train_loss: 0.0853
test_loss: 0.1512
epoch 50
train_loss: 0.0831
test_loss: 0.1526
epoch 51
train_loss: 0.0896
test_loss: 0.1529
epoch 52
train_loss: 0.0865
test_loss: 0.1517
epoch 53
train_loss: 0.0835
test_loss: 0.1572
epoch 54
train_loss: 0.0849
test_loss: 0.1508
epoch 55
train_loss: 0.0855
test_loss: 0.1573
epoch 56
train_loss: 0.0801
test_loss: 0.1536
epoch 57
train_loss: 0.0774
test_loss: 0.1505
epoch 58
train_loss: 0.0795
test_loss: 0.1494
epoch 59
train_loss: 0.0778
test_loss: 0.1505
epoch 60
train_loss: 0.0767
test_loss: 0.1506
epoch 61
train_loss: 0.0778
test_loss: 0.1538
epoch 62
train_loss: 0.0734
test_loss: 0.1494
epoch 63
train_loss: 0.0816
test_loss: 0.1434
epoch 64
train_loss: 0.0690
test_loss: 0.1459
epoch 65
train_loss: 0.0736
test_loss: 0.1475
epoch 66
train_loss: 0.0759
test_loss: 0.1559
epoch 67
train_loss: 0.0763
test_loss: 0.1479
epoch 68
train_loss: 0.0728
test_loss: 0.1524
epoch 69
train_loss: 0.0688
test_loss: 0.1438
epoch 70
train_loss: 0.0719
test_loss: 0.1485
epoch 71
train_loss: 0.0744
test_loss: 0.1447
epoch 72
train_loss: 0.0679
test_loss: 0.1472
epoch 73
train_loss: 0.0726
test_loss: 0.1535
epoch 74
train_loss: 0.0732
test_loss: 0.1522
epoch 75
train_loss: 0.0723
test_loss: 0.1547
epoch 76
train_loss: 0.0657
test_loss: 0.1430
epoch 77
train_loss: 0.0687
test_loss: 0.1470
epoch 78
train_loss: 0.0743
test_loss: 0.1518
epoch 79
train_loss: 0.0772
test_loss: 0.1528
epoch 80
train_loss: 0.0700
test_loss: 0.1476
epoch 81
train_loss: 0.0678
test_loss: 0.1534
epoch 82
train_loss: 0.0671
test_loss: 0.1493
epoch 83
train_loss: 0.0744
test_loss: 0.1437
epoch 84
train_loss: 0.0727
test_loss: 0.1516
epoch 85
train_loss: 0.0679
test_loss: 0.1503
epoch 86
train_loss: 0.0682
test_loss: 0.1471
epoch 87
train_loss: 0.0736
test_loss: 0.1489
epoch 88
train_loss: 0.0759
test_loss: 0.1522
epoch 89
train_loss: 0.0675
test_loss: 0.1547
epoch 90
train_loss: 0.0701
test_loss: 0.1525
epoch 91
train_loss: 0.0656
test_loss: 0.1405
epoch 92
train_loss: 0.0684
test_loss: 0.1535
epoch 93
train_loss: 0.0638
test_loss: 0.1552
epoch 94
train_loss: 0.0707
test_loss: 0.1411
epoch 95
train_loss: 0.0740
test_loss: 0.1540
epoch 96
train_loss: 0.0669
test_loss: 0.1507
epoch 97
train_loss: 0.0643
test_loss: 0.1604
epoch 98
train_loss: 0.0622
test_loss: 0.1503
epoch 99
train_loss: 0.0649
test_loss: 0.1455
epoch 100
train_loss: 0.0640
test_loss: 0.1424
epoch 101
train_loss: 0.0652
test_loss: 0.1421
epoch 102
train_loss: 0.0664
test_loss: 0.1471
epoch 103
train_loss: 0.0638
test_loss: 0.1466
epoch 104
train_loss: 0.0672
test_loss: 0.1424
epoch 105
train_loss: 0.0624
test_loss: 0.1452
epoch 106
train_loss: 0.0712
test_loss: 0.1427
epoch 107
train_loss: 0.0640
test_loss: 0.1412
epoch 108
train_loss: 0.0754
test_loss: 0.1416
epoch 109
train_loss: 0.0675
test_loss: 0.1439
epoch 110
train_loss: 0.0670
test_loss: 0.1437
epoch 111
train_loss: 0.0626
test_loss: 0.1501
epoch 112
train_loss: 0.0601
test_loss: 0.1438
epoch 113
train_loss: 0.0643
test_loss: 0.1456
epoch 114
train_loss: 0.0605
test_loss: 0.1419
epoch 115
train_loss: 0.0583
test_loss: 0.1401
epoch 116
train_loss: 0.0651
test_loss: 0.1469
epoch 117
train_loss: 0.0595
test_loss: 0.1474
epoch 118
train_loss: 0.0636
test_loss: 0.1517
epoch 119
train_loss: 0.0637
test_loss: 0.1422
epoch 120
train_loss: 0.0627
test_loss: 0.1435
epoch 121
train_loss: 0.0634
test_loss: 0.1433
epoch 122
train_loss: 0.0639
test_loss: 0.1442
epoch 123
train_loss: 0.0595
test_loss: 0.1403
epoch 124
train_loss: 0.0641
test_loss: 0.1546
epoch 125
train_loss: 0.0600
test_loss: 0.1379
epoch 126
train_loss: 0.0622
test_loss: 0.1408
epoch 127
train_loss: 0.0643
test_loss: 0.1418
epoch 128
train_loss: 0.0636
test_loss: 0.1459
epoch 129
train_loss: 0.0620
test_loss: 0.1467
epoch 130
train_loss: 0.0613
test_loss: 0.1494
epoch 131
train_loss: 0.0646
test_loss: 0.1358
epoch 132
train_loss: 0.0583
test_loss: 0.1414
epoch 133
train_loss: 0.0601
test_loss: 0.1381
epoch 134
train_loss: 0.0637
test_loss: 0.1503
epoch 135
train_loss: 0.0613
test_loss: 0.1408
epoch 136
train_loss: 0.0607
test_loss: 0.1476
epoch 137
train_loss: 0.0616
test_loss: 0.1477
epoch 138
train_loss: 0.0645
test_loss: 0.1485
epoch 139
train_loss: 0.0626
test_loss: 0.1532
epoch 140
train_loss: 0.0605
test_loss: 0.1439
epoch 141
train_loss: 0.0603
test_loss: 0.1475
epoch 142
train_loss: 0.0551
test_loss: 0.1431
epoch 143
train_loss: 0.0637
test_loss: 0.1343
epoch 144
train_loss: 0.0593
test_loss: 0.1381
epoch 145
train_loss: 0.0582
test_loss: 0.1441
epoch 146
train_loss: 0.0643
test_loss: 0.1445
epoch 147
train_loss: 0.0615
test_loss: 0.1386
epoch 148
train_loss: 0.0579
test_loss: 0.1391
epoch 149
train_loss: 0.0571
test_loss: 0.1386
epoch 150
train_loss: 0.0559
test_loss: 0.1394
epoch 151
train_loss: 0.0558
test_loss: 0.1360
epoch 152
train_loss: 0.0571
test_loss: 0.1433
epoch 153
train_loss: 0.0547
test_loss: 0.1371
epoch 154
train_loss: 0.0610
test_loss: 0.1358
epoch 155
train_loss: 0.0582
test_loss: 0.1356
epoch 156
train_loss: 0.0627
test_loss: 0.1328
epoch 157
train_loss: 0.0641
test_loss: 0.1408
epoch 158
train_loss: 0.0571
test_loss: 0.1458
epoch 159
train_loss: 0.0561
test_loss: 0.1497
/home/xueqiong/noise_injection_uncertainty/regression/utils.py:39: FutureWarning: The 'delim_whitespace' keyword in pd.read_csv is deprecated and will be removed in a future version. Use ``sep='\s+'`` instead
  return pd.read_csv(dataset_path, engine='python', header=None, delim_whitespace=True)
8 1
824 206 1030
model_name noisyFCN
using Adam as optimizer
epoch 0
train_loss: 1.0225
test_loss: 0.9990
epoch 1
train_loss: 1.0004
test_loss: 0.9782
epoch 2
train_loss: 0.9800
test_loss: 0.9581
epoch 3
train_loss: 0.9600
test_loss: 0.9380
epoch 4
train_loss: 0.9398
test_loss: 0.9174
epoch 5
train_loss: 0.9179
test_loss: 0.8955
epoch 6
train_loss: 0.8945
test_loss: 0.8718
epoch 7
train_loss: 0.8691
test_loss: 0.8465
epoch 8
train_loss: 0.8418
test_loss: 0.8194
epoch 9
train_loss: 0.8128
test_loss: 0.7903
epoch 10
train_loss: 0.7819
test_loss: 0.7595
epoch 11
train_loss: 0.7493
test_loss: 0.7273
epoch 12
train_loss: 0.7160
test_loss: 0.6943
epoch 13
train_loss: 0.6819
test_loss: 0.6612
epoch 14
train_loss: 0.6482
test_loss: 0.6288
epoch 15
train_loss: 0.6150
test_loss: 0.5979
epoch 16
train_loss: 0.5832
test_loss: 0.5689
epoch 17
train_loss: 0.5531
test_loss: 0.5418
epoch 18
train_loss: 0.5252
test_loss: 0.5174
epoch 19
train_loss: 0.5002
test_loss: 0.4963
epoch 20
train_loss: 0.4781
test_loss: 0.4781
epoch 21
train_loss: 0.4588
test_loss: 0.4626
epoch 22
train_loss: 0.4421
test_loss: 0.4495
epoch 23
train_loss: 0.4279
test_loss: 0.4382
epoch 24
train_loss: 0.4157
test_loss: 0.4283
epoch 25
train_loss: 0.4047
test_loss: 0.4191
epoch 26
train_loss: 0.3945
test_loss: 0.4104
epoch 27
train_loss: 0.3850
test_loss: 0.4022
epoch 28
train_loss: 0.3765
test_loss: 0.3943
epoch 29
train_loss: 0.3680
test_loss: 0.3868
epoch 30
train_loss: 0.3596
test_loss: 0.3797
epoch 31
train_loss: 0.3518
test_loss: 0.3731
epoch 32
train_loss: 0.3446
test_loss: 0.3670
epoch 33
train_loss: 0.3380
test_loss: 0.3611
epoch 34
train_loss: 0.3315
test_loss: 0.3555
epoch 35
train_loss: 0.3249
test_loss: 0.3501
epoch 36
train_loss: 0.3189
test_loss: 0.3450
epoch 37
train_loss: 0.3129
test_loss: 0.3399
epoch 38
train_loss: 0.3075
test_loss: 0.3350
epoch 39
train_loss: 0.3015
test_loss: 0.3304
epoch 40
train_loss: 0.2961
test_loss: 0.3259
epoch 41
train_loss: 0.2910
test_loss: 0.3215
epoch 42
train_loss: 0.2858
test_loss: 0.3172
epoch 43
train_loss: 0.2807
test_loss: 0.3131
epoch 44
train_loss: 0.2759
test_loss: 0.3092
epoch 45
train_loss: 0.2713
test_loss: 0.3053
epoch 46
train_loss: 0.2671
test_loss: 0.3016
epoch 47
train_loss: 0.2630
test_loss: 0.2981
epoch 48
train_loss: 0.2588
test_loss: 0.2946
epoch 49
train_loss: 0.2548
test_loss: 0.2910
epoch 50
train_loss: 0.2509
test_loss: 0.2876
epoch 51
train_loss: 0.2474
test_loss: 0.2842
epoch 52
train_loss: 0.2438
test_loss: 0.2810
epoch 53
train_loss: 0.2403
test_loss: 0.2779
epoch 54
train_loss: 0.2372
test_loss: 0.2748
epoch 55
train_loss: 0.2337
test_loss: 0.2718
epoch 56
train_loss: 0.2307
test_loss: 0.2689
epoch 57
train_loss: 0.2277
test_loss: 0.2661
epoch 58
train_loss: 0.2248
test_loss: 0.2632
epoch 59
train_loss: 0.2218
test_loss: 0.2604
epoch 60
train_loss: 0.2190
test_loss: 0.2578
epoch 61
train_loss: 0.2164
test_loss: 0.2553
epoch 62
train_loss: 0.2138
test_loss: 0.2529
epoch 63
train_loss: 0.2114
test_loss: 0.2506
epoch 64
train_loss: 0.2089
test_loss: 0.2483
epoch 65
train_loss: 0.2066
test_loss: 0.2460
epoch 66
train_loss: 0.2043
test_loss: 0.2439
epoch 67
train_loss: 0.2022
test_loss: 0.2418
epoch 68
train_loss: 0.2000
test_loss: 0.2398
epoch 69
train_loss: 0.1978
test_loss: 0.2378
epoch 70
train_loss: 0.1960
test_loss: 0.2359
epoch 71
train_loss: 0.1941
test_loss: 0.2340
epoch 72
train_loss: 0.1922
test_loss: 0.2322
epoch 73
train_loss: 0.1902
test_loss: 0.2305
epoch 74
train_loss: 0.1885
test_loss: 0.2288
epoch 75
train_loss: 0.1867
test_loss: 0.2271
epoch 76
train_loss: 0.1852
test_loss: 0.2256
epoch 77
train_loss: 0.1836
test_loss: 0.2239
epoch 78
train_loss: 0.1819
test_loss: 0.2224
epoch 79
train_loss: 0.1805
test_loss: 0.2210
epoch 80
train_loss: 0.1789
test_loss: 0.2196
epoch 81
train_loss: 0.1775
test_loss: 0.2183
epoch 82
train_loss: 0.1761
test_loss: 0.2170
epoch 83
train_loss: 0.1748
test_loss: 0.2157
epoch 84
train_loss: 0.1735
test_loss: 0.2144
epoch 85
train_loss: 0.1722
test_loss: 0.2132
epoch 86
train_loss: 0.1709
test_loss: 0.2120
epoch 87
train_loss: 0.1697
test_loss: 0.2108
epoch 88
train_loss: 0.1684
test_loss: 0.2098
epoch 89
train_loss: 0.1674
test_loss: 0.2087
epoch 90
train_loss: 0.1661
test_loss: 0.2076
epoch 91
train_loss: 0.1650
test_loss: 0.2065
epoch 92
train_loss: 0.1641
test_loss: 0.2054
epoch 93
train_loss: 0.1630
test_loss: 0.2043
epoch 94
train_loss: 0.1619
test_loss: 0.2034
epoch 95
train_loss: 0.1609
test_loss: 0.2024
epoch 96
train_loss: 0.1597
test_loss: 0.2016
epoch 97
train_loss: 0.1588
test_loss: 0.2006
epoch 98
train_loss: 0.1578
test_loss: 0.1996
epoch 99
train_loss: 0.1568
test_loss: 0.1986
epoch 100
train_loss: 0.1561
test_loss: 0.1978
epoch 101
train_loss: 0.1550
test_loss: 0.1969
epoch 102
train_loss: 0.1542
test_loss: 0.1961
epoch 103
train_loss: 0.1533
test_loss: 0.1950
epoch 104
train_loss: 0.1523
test_loss: 0.1942
epoch 105
train_loss: 0.1514
test_loss: 0.1934
epoch 106
train_loss: 0.1506
test_loss: 0.1926
epoch 107
train_loss: 0.1497
test_loss: 0.1918
epoch 108
train_loss: 0.1489
test_loss: 0.1911
epoch 109
train_loss: 0.1479
test_loss: 0.1904
epoch 110
train_loss: 0.1472
test_loss: 0.1896
epoch 111
train_loss: 0.1463
test_loss: 0.1890
epoch 112
train_loss: 0.1455
test_loss: 0.1884
epoch 113
train_loss: 0.1448
test_loss: 0.1877
epoch 114
train_loss: 0.1439
test_loss: 0.1870
epoch 115
train_loss: 0.1433
test_loss: 0.1864
epoch 116
train_loss: 0.1424
test_loss: 0.1858
epoch 117
train_loss: 0.1416
test_loss: 0.1851
epoch 118
train_loss: 0.1409
test_loss: 0.1844
epoch 119
train_loss: 0.1401
test_loss: 0.1838
epoch 120
train_loss: 0.1394
test_loss: 0.1832
epoch 121
train_loss: 0.1387
test_loss: 0.1825
epoch 122
train_loss: 0.1380
test_loss: 0.1819
epoch 123
train_loss: 0.1373
test_loss: 0.1813
epoch 124
train_loss: 0.1367
test_loss: 0.1807
epoch 125
train_loss: 0.1359
test_loss: 0.1801
epoch 126
train_loss: 0.1353
test_loss: 0.1797
epoch 127
train_loss: 0.1347
test_loss: 0.1791
epoch 128
train_loss: 0.1339
test_loss: 0.1785
epoch 129
train_loss: 0.1334
test_loss: 0.1780
epoch 130
train_loss: 0.1329
test_loss: 0.1774
epoch 131
train_loss: 0.1323
test_loss: 0.1770
epoch 132
train_loss: 0.1315
test_loss: 0.1764
epoch 133
train_loss: 0.1310
test_loss: 0.1760
epoch 134
train_loss: 0.1304
test_loss: 0.1756
epoch 135
train_loss: 0.1297
test_loss: 0.1751
epoch 136
train_loss: 0.1292
test_loss: 0.1747
epoch 137
train_loss: 0.1287
test_loss: 0.1742
epoch 138
train_loss: 0.1281
test_loss: 0.1738
epoch 139
train_loss: 0.1276
test_loss: 0.1733
epoch 140
train_loss: 0.1270
test_loss: 0.1730
epoch 141
train_loss: 0.1265
test_loss: 0.1725
epoch 142
train_loss: 0.1259
test_loss: 0.1720
epoch 143
train_loss: 0.1253
test_loss: 0.1718
epoch 144
train_loss: 0.1249
test_loss: 0.1714
epoch 145
train_loss: 0.1244
test_loss: 0.1711
epoch 146
train_loss: 0.1240
test_loss: 0.1707
epoch 147
train_loss: 0.1233
test_loss: 0.1704
epoch 148
train_loss: 0.1228
test_loss: 0.1700
epoch 149
train_loss: 0.1223
test_loss: 0.1697
epoch 150
train_loss: 0.1217
test_loss: 0.1694
epoch 151
train_loss: 0.1212
test_loss: 0.1690
epoch 152
train_loss: 0.1209
test_loss: 0.1686
epoch 153
train_loss: 0.1204
test_loss: 0.1683
epoch 154
train_loss: 0.1198
test_loss: 0.1680
epoch 155
train_loss: 0.1193
test_loss: 0.1677
epoch 156
train_loss: 0.1187
test_loss: 0.1673
epoch 157
train_loss: 0.1183
test_loss: 0.1671
epoch 158
train_loss: 0.1178
test_loss: 0.1668
epoch 159
train_loss: 0.1174
test_loss: 0.1663
epoch 160
train_loss: 0.1168
test_loss: 0.1662
epoch 161
train_loss: 0.1164
test_loss: 0.1658
epoch 162
train_loss: 0.1159
test_loss: 0.1655
epoch 163
train_loss: 0.1153
test_loss: 0.1653
epoch 164
train_loss: 0.1151
test_loss: 0.1650
epoch 165
train_loss: 0.1145
test_loss: 0.1648
epoch 166
train_loss: 0.1142
test_loss: 0.1646
epoch 167
train_loss: 0.1136
test_loss: 0.1642
epoch 168
train_loss: 0.1132
test_loss: 0.1639
epoch 169
train_loss: 0.1128
test_loss: 0.1637
epoch 170
train_loss: 0.1125
test_loss: 0.1634
epoch 171
train_loss: 0.1120
test_loss: 0.1633
epoch 172
train_loss: 0.1116
test_loss: 0.1630
epoch 173
train_loss: 0.1111
test_loss: 0.1627
epoch 174
train_loss: 0.1107
test_loss: 0.1625
epoch 175
train_loss: 0.1103
test_loss: 0.1623
epoch 176
train_loss: 0.1099
test_loss: 0.1620
epoch 177
train_loss: 0.1094
test_loss: 0.1617
epoch 178
train_loss: 0.1091
test_loss: 0.1615
epoch 179
train_loss: 0.1087
test_loss: 0.1612
epoch 180
train_loss: 0.1083
test_loss: 0.1609
epoch 181
train_loss: 0.1079
test_loss: 0.1608
epoch 182
train_loss: 0.1074
test_loss: 0.1605
epoch 183
train_loss: 0.1072
test_loss: 0.1601
epoch 184
train_loss: 0.1066
test_loss: 0.1600
epoch 185
train_loss: 0.1063
test_loss: 0.1598
epoch 186
train_loss: 0.1060
test_loss: 0.1595
epoch 187
train_loss: 0.1057
test_loss: 0.1591
epoch 188
train_loss: 0.1053
test_loss: 0.1589
epoch 189
train_loss: 0.1049
test_loss: 0.1587
epoch 190
train_loss: 0.1044
test_loss: 0.1585
epoch 191
train_loss: 0.1042
test_loss: 0.1584
epoch 192
train_loss: 0.1038
test_loss: 0.1579
epoch 193
train_loss: 0.1035
test_loss: 0.1579
epoch 194
train_loss: 0.1031
test_loss: 0.1576
epoch 195
train_loss: 0.1027
test_loss: 0.1573
epoch 196
train_loss: 0.1025
test_loss: 0.1571
epoch 197
train_loss: 0.1021
test_loss: 0.1570
epoch 198
train_loss: 0.1016
test_loss: 0.1566
epoch 199
train_loss: 0.1013
test_loss: 0.1565
epoch 200
train_loss: 0.1009
test_loss: 0.1561
epoch 201
train_loss: 0.1007
test_loss: 0.1560
epoch 202
train_loss: 0.1004
test_loss: 0.1558
epoch 203
train_loss: 0.1001
test_loss: 0.1557
epoch 204
train_loss: 0.0996
test_loss: 0.1554
epoch 205
train_loss: 0.0993
test_loss: 0.1553
epoch 206
train_loss: 0.0991
test_loss: 0.1549
epoch 207
train_loss: 0.0985
test_loss: 0.1548
epoch 208
train_loss: 0.0985
test_loss: 0.1547
epoch 209
train_loss: 0.0981
test_loss: 0.1545
epoch 210
train_loss: 0.0977
test_loss: 0.1543
epoch 211
train_loss: 0.0973
test_loss: 0.1542
epoch 212
train_loss: 0.0971
test_loss: 0.1538
epoch 213
train_loss: 0.0969
test_loss: 0.1538
epoch 214
train_loss: 0.0964
test_loss: 0.1535
epoch 215
train_loss: 0.0962
test_loss: 0.1534
epoch 216
train_loss: 0.0959
test_loss: 0.1532
epoch 217
train_loss: 0.0955
test_loss: 0.1530
epoch 218
train_loss: 0.0952
test_loss: 0.1530
epoch 219
train_loss: 0.0949
test_loss: 0.1525
epoch 220
train_loss: 0.0947
test_loss: 0.1526
epoch 221
train_loss: 0.0944
test_loss: 0.1523
epoch 222
train_loss: 0.0940
test_loss: 0.1522
epoch 223
train_loss: 0.0938
test_loss: 0.1521
epoch 224
train_loss: 0.0934
test_loss: 0.1519
epoch 225
train_loss: 0.0931
test_loss: 0.1517
epoch 226
train_loss: 0.0928
test_loss: 0.1515
epoch 227
train_loss: 0.0925
test_loss: 0.1515
epoch 228
train_loss: 0.0922
test_loss: 0.1513
epoch 229
train_loss: 0.0921
test_loss: 0.1511
epoch 230
train_loss: 0.0917
test_loss: 0.1511
epoch 231
train_loss: 0.0914
test_loss: 0.1509
epoch 232
train_loss: 0.0912
test_loss: 0.1508
epoch 233
train_loss: 0.0908
test_loss: 0.1507
epoch 234
train_loss: 0.0905
test_loss: 0.1507
epoch 235
train_loss: 0.0902
test_loss: 0.1504
epoch 236
train_loss: 0.0900
test_loss: 0.1504
epoch 237
train_loss: 0.0897
test_loss: 0.1502
epoch 238
train_loss: 0.0894
test_loss: 0.1502
epoch 239
train_loss: 0.0892
test_loss: 0.1499
epoch 240
train_loss: 0.0889
test_loss: 0.1499
epoch 241
train_loss: 0.0886
test_loss: 0.1498
epoch 242
train_loss: 0.0885
test_loss: 0.1497
epoch 243
train_loss: 0.0881
test_loss: 0.1495
epoch 244
train_loss: 0.0878
test_loss: 0.1494
epoch 245
train_loss: 0.0876
test_loss: 0.1492
epoch 246
train_loss: 0.0874
test_loss: 0.1493
epoch 247
train_loss: 0.0871
test_loss: 0.1492
epoch 248
train_loss: 0.0868
test_loss: 0.1491
epoch 249
train_loss: 0.0866
test_loss: 0.1489
epoch 250
train_loss: 0.0863
test_loss: 0.1489
epoch 251
train_loss: 0.0861
test_loss: 0.1487
epoch 252
train_loss: 0.0859
test_loss: 0.1486
epoch 253
train_loss: 0.0856
test_loss: 0.1485
epoch 254
train_loss: 0.0854
test_loss: 0.1484
epoch 255
train_loss: 0.0851
test_loss: 0.1482
epoch 256
train_loss: 0.0849
test_loss: 0.1481
epoch 257
train_loss: 0.0847
test_loss: 0.1481
epoch 258
train_loss: 0.0844
test_loss: 0.1480
epoch 259
train_loss: 0.0842
test_loss: 0.1478
epoch 260
train_loss: 0.0840
test_loss: 0.1477
epoch 261
train_loss: 0.0838
test_loss: 0.1477
epoch 262
train_loss: 0.0836
test_loss: 0.1475
epoch 263
train_loss: 0.0833
test_loss: 0.1474
epoch 264
train_loss: 0.0831
test_loss: 0.1473
epoch 265
train_loss: 0.0829
test_loss: 0.1473
epoch 266
train_loss: 0.0827
test_loss: 0.1472
epoch 267
train_loss: 0.0825
test_loss: 0.1471
epoch 268
train_loss: 0.0822
test_loss: 0.1470
epoch 269
train_loss: 0.0820
test_loss: 0.1468
epoch 270
train_loss: 0.0819
test_loss: 0.1469
epoch 271
train_loss: 0.0817
test_loss: 0.1467
epoch 272
train_loss: 0.0815
test_loss: 0.1466
epoch 273
train_loss: 0.0813
test_loss: 0.1465
epoch 274
train_loss: 0.0811
test_loss: 0.1465
epoch 275
train_loss: 0.0809
test_loss: 0.1463
epoch 276
train_loss: 0.0807
test_loss: 0.1462
epoch 277
train_loss: 0.0805
test_loss: 0.1461
epoch 278
train_loss: 0.0803
test_loss: 0.1460
epoch 279
train_loss: 0.0801
test_loss: 0.1460
epoch 280
train_loss: 0.0799
test_loss: 0.1458
epoch 281
train_loss: 0.0797
test_loss: 0.1458
epoch 282
train_loss: 0.0795
test_loss: 0.1457
epoch 283
train_loss: 0.0793
test_loss: 0.1455
epoch 284
train_loss: 0.0791
test_loss: 0.1454
epoch 285
train_loss: 0.0789
test_loss: 0.1454
epoch 286
train_loss: 0.0787
test_loss: 0.1453
epoch 287
train_loss: 0.0785
test_loss: 0.1452
epoch 288
train_loss: 0.0784
test_loss: 0.1450
epoch 289
train_loss: 0.0782
test_loss: 0.1451
epoch 290
train_loss: 0.0780
test_loss: 0.1449
epoch 291
train_loss: 0.0778
test_loss: 0.1448
epoch 292
train_loss: 0.0776
test_loss: 0.1448
epoch 293
train_loss: 0.0775
test_loss: 0.1447
epoch 294
train_loss: 0.0774
test_loss: 0.1444
epoch 295
train_loss: 0.0772
test_loss: 0.1443
epoch 296
train_loss: 0.0769
test_loss: 0.1442
epoch 297
train_loss: 0.0767
test_loss: 0.1441
epoch 298
train_loss: 0.0765
test_loss: 0.1439
epoch 299
train_loss: 0.0763
test_loss: 0.1438
epoch 300
train_loss: 0.0762
test_loss: 0.1437
epoch 301
train_loss: 0.0760
test_loss: 0.1435
epoch 302
train_loss: 0.0758
test_loss: 0.1434
epoch 303
train_loss: 0.0757
test_loss: 0.1432
epoch 304
train_loss: 0.0755
test_loss: 0.1431
epoch 305
train_loss: 0.0753
test_loss: 0.1430
epoch 306
train_loss: 0.0751
test_loss: 0.1429
epoch 307
train_loss: 0.0749
test_loss: 0.1428
epoch 308
train_loss: 0.0748
test_loss: 0.1426
epoch 309
train_loss: 0.0746
test_loss: 0.1426
epoch 310
train_loss: 0.0744
test_loss: 0.1425
epoch 311
train_loss: 0.0743
test_loss: 0.1424
epoch 312
train_loss: 0.0741
test_loss: 0.1423
epoch 313
train_loss: 0.0739
test_loss: 0.1422
epoch 314
train_loss: 0.0738
test_loss: 0.1422
epoch 315
train_loss: 0.0737
test_loss: 0.1421
epoch 316
train_loss: 0.0735
test_loss: 0.1420
epoch 317
train_loss: 0.0733
test_loss: 0.1419
epoch 318
train_loss: 0.0732
test_loss: 0.1419
epoch 319
train_loss: 0.0731
test_loss: 0.1418
epoch 320
train_loss: 0.0729
test_loss: 0.1417
epoch 321
train_loss: 0.0727
test_loss: 0.1417
epoch 322
train_loss: 0.0726
test_loss: 0.1415
epoch 323
train_loss: 0.0724
test_loss: 0.1415
epoch 324
train_loss: 0.0723
test_loss: 0.1414
epoch 325
train_loss: 0.0721
test_loss: 0.1414
epoch 326
train_loss: 0.0720
test_loss: 0.1413
epoch 327
train_loss: 0.0718
test_loss: 0.1413
epoch 328
train_loss: 0.0717
test_loss: 0.1412
epoch 329
train_loss: 0.0715
test_loss: 0.1411
epoch 330
train_loss: 0.0714
test_loss: 0.1410
epoch 331
train_loss: 0.0713
test_loss: 0.1412
epoch 332
train_loss: 0.0712
test_loss: 0.1409
epoch 333
train_loss: 0.0710
test_loss: 0.1410
epoch 334
train_loss: 0.0709
test_loss: 0.1408
epoch 335
train_loss: 0.0708
test_loss: 0.1408
epoch 336
train_loss: 0.0706
test_loss: 0.1408
epoch 337
train_loss: 0.0705
test_loss: 0.1407
epoch 338
train_loss: 0.0703
test_loss: 0.1406
epoch 339
train_loss: 0.0702
test_loss: 0.1406
epoch 340
train_loss: 0.0701
test_loss: 0.1406
epoch 341
train_loss: 0.0699
test_loss: 0.1405
epoch 342
train_loss: 0.0698
test_loss: 0.1405
epoch 343
train_loss: 0.0696
test_loss: 0.1403
epoch 344
train_loss: 0.0695
test_loss: 0.1404
epoch 345
train_loss: 0.0694
test_loss: 0.1402
epoch 346
train_loss: 0.0693
test_loss: 0.1402
epoch 347
train_loss: 0.0691
test_loss: 0.1401
epoch 348
train_loss: 0.0690
test_loss: 0.1401
epoch 349
train_loss: 0.0689
test_loss: 0.1401
epoch 350
train_loss: 0.0688
test_loss: 0.1401
epoch 351
train_loss: 0.0687
test_loss: 0.1398
epoch 352
train_loss: 0.0686
test_loss: 0.1400
epoch 353
train_loss: 0.0684
test_loss: 0.1399
epoch 354
train_loss: 0.0683
test_loss: 0.1398
epoch 355
train_loss: 0.0682
test_loss: 0.1397
epoch 356
train_loss: 0.0680
test_loss: 0.1398
epoch 357
train_loss: 0.0679
test_loss: 0.1397
epoch 358
train_loss: 0.0678
test_loss: 0.1396
epoch 359
train_loss: 0.0676
test_loss: 0.1396
epoch 360
train_loss: 0.0675
test_loss: 0.1396
epoch 361
train_loss: 0.0675
test_loss: 0.1396
epoch 362
train_loss: 0.0673
test_loss: 0.1394
epoch 363
train_loss: 0.0672
test_loss: 0.1395
epoch 364
train_loss: 0.0671
test_loss: 0.1394
epoch 365
train_loss: 0.0670
test_loss: 0.1394
epoch 366
train_loss: 0.0669
test_loss: 0.1393
epoch 367
train_loss: 0.0667
test_loss: 0.1393
epoch 368
train_loss: 0.0666
test_loss: 0.1393
epoch 369
train_loss: 0.0665
test_loss: 0.1393
epoch 370
train_loss: 0.0664
test_loss: 0.1391
epoch 371
train_loss: 0.0663
test_loss: 0.1392
epoch 372
train_loss: 0.0662
test_loss: 0.1391
epoch 373
train_loss: 0.0661
test_loss: 0.1390
epoch 374
train_loss: 0.0660
test_loss: 0.1390
epoch 375
train_loss: 0.0658
test_loss: 0.1390
epoch 376
train_loss: 0.0658
test_loss: 0.1390
epoch 377
train_loss: 0.0657
test_loss: 0.1390
epoch 378
train_loss: 0.0655
test_loss: 0.1388
epoch 379
train_loss: 0.0654
test_loss: 0.1389
epoch 380
train_loss: 0.0653
test_loss: 0.1388
epoch 381
train_loss: 0.0652
test_loss: 0.1388
epoch 382
train_loss: 0.0651
test_loss: 0.1388
epoch 383
train_loss: 0.0650
test_loss: 0.1387
epoch 384
train_loss: 0.0649
test_loss: 0.1387
epoch 385
train_loss: 0.0648
test_loss: 0.1386
epoch 386
train_loss: 0.0647
test_loss: 0.1387
epoch 387
train_loss: 0.0646
test_loss: 0.1386
epoch 388
train_loss: 0.0645
test_loss: 0.1386
epoch 389
train_loss: 0.0644
test_loss: 0.1386
epoch 390
train_loss: 0.0643
test_loss: 0.1385
epoch 391
train_loss: 0.0641
test_loss: 0.1385
epoch 392
train_loss: 0.0640
test_loss: 0.1385
epoch 393
train_loss: 0.0639
test_loss: 0.1384
epoch 394
train_loss: 0.0639
test_loss: 0.1384
epoch 395
train_loss: 0.0637
test_loss: 0.1384
epoch 396
train_loss: 0.0637
test_loss: 0.1384
epoch 397
train_loss: 0.0636
test_loss: 0.1383
epoch 398
train_loss: 0.0635
test_loss: 0.1382
epoch 399
train_loss: 0.0634
test_loss: 0.1382
epoch 400
train_loss: 0.0633
test_loss: 0.1381
epoch 401
train_loss: 0.0632
test_loss: 0.1381
epoch 402
train_loss: 0.0631
test_loss: 0.1381
epoch 403
train_loss: 0.0630
test_loss: 0.1381
epoch 404
train_loss: 0.0629
test_loss: 0.1380
epoch 405
train_loss: 0.0628
test_loss: 0.1380
epoch 406
train_loss: 0.0627
test_loss: 0.1380
epoch 407
train_loss: 0.0626
test_loss: 0.1379
epoch 408
train_loss: 0.0626
test_loss: 0.1378
epoch 409
train_loss: 0.0625
test_loss: 0.1379
epoch 410
train_loss: 0.0624
test_loss: 0.1378
epoch 411
train_loss: 0.0623
test_loss: 0.1378
epoch 412
train_loss: 0.0622
test_loss: 0.1377
epoch 413
train_loss: 0.0621
test_loss: 0.1377
epoch 414
train_loss: 0.0620
test_loss: 0.1377
epoch 415
train_loss: 0.0619
test_loss: 0.1377
epoch 416
train_loss: 0.0618
test_loss: 0.1376
epoch 417
train_loss: 0.0618
test_loss: 0.1376
epoch 418
train_loss: 0.0617
test_loss: 0.1375
epoch 419
train_loss: 0.0615
test_loss: 0.1375
epoch 420
train_loss: 0.0615
test_loss: 0.1374
epoch 421
train_loss: 0.0614
test_loss: 0.1376
epoch 422
train_loss: 0.0614
test_loss: 0.1375
epoch 423
train_loss: 0.0612
test_loss: 0.1375
epoch 424
train_loss: 0.0612
test_loss: 0.1373
epoch 425
train_loss: 0.0611
test_loss: 0.1374
epoch 426
train_loss: 0.0610
test_loss: 0.1374
epoch 427
train_loss: 0.0609
test_loss: 0.1373
epoch 428
train_loss: 0.0608
test_loss: 0.1374
epoch 429
train_loss: 0.0607
test_loss: 0.1372
epoch 430
train_loss: 0.0607
test_loss: 0.1374
epoch 431
train_loss: 0.0606
test_loss: 0.1373
epoch 432
train_loss: 0.0605
test_loss: 0.1373
epoch 433
train_loss: 0.0604
test_loss: 0.1373
epoch 434
train_loss: 0.0603
test_loss: 0.1373
epoch 435
train_loss: 0.0602
test_loss: 0.1373
epoch 436
train_loss: 0.0602
test_loss: 0.1373
epoch 437
train_loss: 0.0601
test_loss: 0.1372
epoch 438
train_loss: 0.0600
test_loss: 0.1372
epoch 439
train_loss: 0.0599
test_loss: 0.1372
epoch 440
train_loss: 0.0598
test_loss: 0.1372
epoch 441
train_loss: 0.0597
test_loss: 0.1371
epoch 442
train_loss: 0.0596
test_loss: 0.1373
epoch 443
train_loss: 0.0596
test_loss: 0.1370
epoch 444
train_loss: 0.0595
test_loss: 0.1370
epoch 445
train_loss: 0.0594
test_loss: 0.1370
epoch 446
train_loss: 0.0594
test_loss: 0.1370
epoch 447
train_loss: 0.0593
test_loss: 0.1369
epoch 448
train_loss: 0.0592
test_loss: 0.1369
epoch 449
train_loss: 0.0591
test_loss: 0.1369
epoch 450
train_loss: 0.0591
test_loss: 0.1370
epoch 451
train_loss: 0.0590
test_loss: 0.1369
epoch 452
train_loss: 0.0589
test_loss: 0.1369
epoch 453
train_loss: 0.0588
test_loss: 0.1368
epoch 454
train_loss: 0.0588
test_loss: 0.1368
epoch 455
train_loss: 0.0586
test_loss: 0.1368
epoch 456
train_loss: 0.0586
test_loss: 0.1368
epoch 457
train_loss: 0.0586
test_loss: 0.1368
epoch 458
train_loss: 0.0585
test_loss: 0.1367
epoch 459
train_loss: 0.0584
test_loss: 0.1367
epoch 460
train_loss: 0.0584
test_loss: 0.1367
epoch 461
train_loss: 0.0582
test_loss: 0.1367
epoch 462
train_loss: 0.0582
test_loss: 0.1366
epoch 463
train_loss: 0.0581
test_loss: 0.1366
epoch 464
train_loss: 0.0580
test_loss: 0.1365
epoch 465
train_loss: 0.0580
test_loss: 0.1367
epoch 466
train_loss: 0.0579
test_loss: 0.1366
epoch 467
train_loss: 0.0578
test_loss: 0.1365
epoch 468
train_loss: 0.0578
test_loss: 0.1365
epoch 469
train_loss: 0.0577
test_loss: 0.1365
epoch 470
train_loss: 0.0577
test_loss: 0.1365
epoch 471
train_loss: 0.0576
test_loss: 0.1364
epoch 472
train_loss: 0.0575
test_loss: 0.1364
epoch 473
train_loss: 0.0574
test_loss: 0.1365
epoch 474
train_loss: 0.0574
test_loss: 0.1363
epoch 475
train_loss: 0.0573
test_loss: 0.1363
epoch 476
train_loss: 0.0572
test_loss: 0.1363
epoch 477
train_loss: 0.0572
test_loss: 0.1363
epoch 478
train_loss: 0.0571
test_loss: 0.1363
epoch 479
train_loss: 0.0570
test_loss: 0.1362
epoch 480
train_loss: 0.0569
test_loss: 0.1362
epoch 481
train_loss: 0.0569
test_loss: 0.1362
epoch 482
train_loss: 0.0568
test_loss: 0.1361
epoch 483
train_loss: 0.0567
test_loss: 0.1360
epoch 484
train_loss: 0.0567
test_loss: 0.1361
epoch 485
train_loss: 0.0566
test_loss: 0.1360
epoch 486
train_loss: 0.0565
test_loss: 0.1360
epoch 487
train_loss: 0.0564
test_loss: 0.1360
epoch 488
train_loss: 0.0564
test_loss: 0.1360
epoch 489
train_loss: 0.0564
test_loss: 0.1360
epoch 490
train_loss: 0.0563
test_loss: 0.1359
epoch 491
train_loss: 0.0563
test_loss: 0.1358
epoch 492
train_loss: 0.0562
test_loss: 0.1358
epoch 493
train_loss: 0.0561
test_loss: 0.1357
epoch 494
train_loss: 0.0561
test_loss: 0.1357
epoch 495
train_loss: 0.0560
test_loss: 0.1357
epoch 496
train_loss: 0.0559
test_loss: 0.1357
epoch 497
train_loss: 0.0558
test_loss: 0.1356
epoch 498
train_loss: 0.0559
test_loss: 0.1356
epoch 499
train_loss: 0.0558
test_loss: 0.1356
epoch 500
train_loss: 0.0556
test_loss: 0.1355
epoch 501
train_loss: 0.0556
test_loss: 0.1355
epoch 502
train_loss: 0.0555
test_loss: 0.1354
epoch 503
train_loss: 0.0555
test_loss: 0.1353
epoch 504
train_loss: 0.0554
test_loss: 0.1355
epoch 505
train_loss: 0.0554
test_loss: 0.1354
epoch 506
train_loss: 0.0552
test_loss: 0.1354
epoch 507
train_loss: 0.0552
test_loss: 0.1353
epoch 508
train_loss: 0.0552
test_loss: 0.1352
epoch 509
train_loss: 0.0551
test_loss: 0.1352
epoch 510
train_loss: 0.0551
test_loss: 0.1351
epoch 511
train_loss: 0.0550
test_loss: 0.1351
epoch 512
train_loss: 0.0550
test_loss: 0.1351
epoch 513
train_loss: 0.0549
test_loss: 0.1350
epoch 514
train_loss: 0.0549
test_loss: 0.1350
epoch 515
train_loss: 0.0548
test_loss: 0.1350
epoch 516
train_loss: 0.0547
test_loss: 0.1350
epoch 517
train_loss: 0.0546
test_loss: 0.1350
epoch 518
train_loss: 0.0545
test_loss: 0.1350
epoch 519
train_loss: 0.0545
test_loss: 0.1347
epoch 520
train_loss: 0.0545
test_loss: 0.1348
epoch 521
train_loss: 0.0545
test_loss: 0.1348
epoch 522
train_loss: 0.0544
test_loss: 0.1347
epoch 523
train_loss: 0.0543
test_loss: 0.1347
epoch 524
train_loss: 0.0543
test_loss: 0.1347
epoch 525
train_loss: 0.0542
test_loss: 0.1346
epoch 526
train_loss: 0.0541
test_loss: 0.1346
epoch 527
train_loss: 0.0540
test_loss: 0.1345
epoch 528
train_loss: 0.0540
test_loss: 0.1345
epoch 529
train_loss: 0.0539
test_loss: 0.1345
epoch 530
train_loss: 0.0539
test_loss: 0.1344
epoch 531
train_loss: 0.0539
test_loss: 0.1344
epoch 532
train_loss: 0.0538
test_loss: 0.1344
epoch 533
train_loss: 0.0537
test_loss: 0.1343
epoch 534
train_loss: 0.0537
test_loss: 0.1342
epoch 535
train_loss: 0.0536
test_loss: 0.1342
epoch 536
train_loss: 0.0536
test_loss: 0.1342
epoch 537
train_loss: 0.0536
test_loss: 0.1341
epoch 538
train_loss: 0.0534
test_loss: 0.1340
epoch 539
train_loss: 0.0534
test_loss: 0.1340
epoch 540
train_loss: 0.0533
test_loss: 0.1340
epoch 541
train_loss: 0.0533
test_loss: 0.1339
epoch 542
train_loss: 0.0532
test_loss: 0.1339
epoch 543
train_loss: 0.0532
test_loss: 0.1339
epoch 544
train_loss: 0.0531
test_loss: 0.1340
epoch 545
train_loss: 0.0531
test_loss: 0.1338
epoch 546
train_loss: 0.0530
test_loss: 0.1337
epoch 547
train_loss: 0.0529
test_loss: 0.1337
epoch 548
train_loss: 0.0529
test_loss: 0.1337
epoch 549
train_loss: 0.0529
test_loss: 0.1337
epoch 550
train_loss: 0.0528
test_loss: 0.1336
epoch 551
train_loss: 0.0528
test_loss: 0.1335
epoch 552
train_loss: 0.0527
test_loss: 0.1336
epoch 553
train_loss: 0.0527
test_loss: 0.1335
epoch 554
train_loss: 0.0526
test_loss: 0.1334
epoch 555
train_loss: 0.0525
test_loss: 0.1335
epoch 556
train_loss: 0.0525
test_loss: 0.1334
epoch 557
train_loss: 0.0525
test_loss: 0.1333
epoch 558
train_loss: 0.0524
test_loss: 0.1333
epoch 559
train_loss: 0.0524
test_loss: 0.1333
epoch 560
train_loss: 0.0523
test_loss: 0.1332
epoch 561
train_loss: 0.0523
test_loss: 0.1333
epoch 562
train_loss: 0.0523
test_loss: 0.1331
epoch 563
train_loss: 0.0522
test_loss: 0.1331
epoch 564
train_loss: 0.0522
test_loss: 0.1331
epoch 565
train_loss: 0.0521
test_loss: 0.1331
epoch 566
train_loss: 0.0520
test_loss: 0.1330
epoch 567
train_loss: 0.0520
test_loss: 0.1330
epoch 568
train_loss: 0.0520
test_loss: 0.1329
epoch 569
train_loss: 0.0519
test_loss: 0.1329
epoch 570
train_loss: 0.0519
test_loss: 0.1328
epoch 571
train_loss: 0.0518
test_loss: 0.1329
epoch 572
train_loss: 0.0518
test_loss: 0.1328
epoch 573
train_loss: 0.0517
test_loss: 0.1328
epoch 574
train_loss: 0.0517
test_loss: 0.1327
epoch 575
train_loss: 0.0516
test_loss: 0.1327
epoch 576
train_loss: 0.0516
test_loss: 0.1327
epoch 577
train_loss: 0.0515
test_loss: 0.1326
epoch 578
train_loss: 0.0515
test_loss: 0.1326
epoch 579
train_loss: 0.0514
test_loss: 0.1325
epoch 580
train_loss: 0.0514
test_loss: 0.1325
epoch 581
train_loss: 0.0514
test_loss: 0.1324
epoch 582
train_loss: 0.0513
test_loss: 0.1324
epoch 583
train_loss: 0.0512
test_loss: 0.1323
epoch 584
train_loss: 0.0512
test_loss: 0.1324
epoch 585
train_loss: 0.0512
test_loss: 0.1322
epoch 586
train_loss: 0.0512
test_loss: 0.1323
epoch 587
train_loss: 0.0511
test_loss: 0.1322
epoch 588
train_loss: 0.0510
test_loss: 0.1322
epoch 589
train_loss: 0.0511
test_loss: 0.1322
epoch 590
train_loss: 0.0510
test_loss: 0.1321
epoch 591
train_loss: 0.0509
test_loss: 0.1321
epoch 592
train_loss: 0.0509
test_loss: 0.1320
epoch 593
train_loss: 0.0508
test_loss: 0.1320
epoch 594
train_loss: 0.0508
test_loss: 0.1320
epoch 595
train_loss: 0.0507
test_loss: 0.1320
epoch 596
train_loss: 0.0507
test_loss: 0.1319
epoch 597
train_loss: 0.0506
test_loss: 0.1319
epoch 598
train_loss: 0.0506
test_loss: 0.1318
epoch 599
train_loss: 0.0506
test_loss: 0.1318
epoch 600
train_loss: 0.0505
test_loss: 0.1318
epoch 601
train_loss: 0.0505
test_loss: 0.1317
epoch 602
train_loss: 0.0505
test_loss: 0.1316
epoch 603
train_loss: 0.0504
test_loss: 0.1317
epoch 604
train_loss: 0.0504
test_loss: 0.1316
epoch 605
train_loss: 0.0503
test_loss: 0.1316
epoch 606
train_loss: 0.0503
test_loss: 0.1315
epoch 607
train_loss: 0.0503
test_loss: 0.1314
epoch 608
train_loss: 0.0502
test_loss: 0.1314
epoch 609
train_loss: 0.0502
test_loss: 0.1314
epoch 610
train_loss: 0.0501
test_loss: 0.1314
epoch 611
train_loss: 0.0501
test_loss: 0.1313
epoch 612
train_loss: 0.0501
test_loss: 0.1312
epoch 613
train_loss: 0.0500
test_loss: 0.1313
epoch 614
train_loss: 0.0500
test_loss: 0.1312
epoch 615
train_loss: 0.0500
test_loss: 0.1312
epoch 616
train_loss: 0.0499
test_loss: 0.1312
epoch 617
train_loss: 0.0499
test_loss: 0.1312
epoch 618
train_loss: 0.0498
test_loss: 0.1311
epoch 619
train_loss: 0.0498
test_loss: 0.1310
epoch 620
train_loss: 0.0498
test_loss: 0.1311
epoch 621
train_loss: 0.0497
test_loss: 0.1310
epoch 622
train_loss: 0.0497
test_loss: 0.1309
epoch 623
train_loss: 0.0496
test_loss: 0.1309
epoch 624
train_loss: 0.0496
test_loss: 0.1309
epoch 625
train_loss: 0.0496
test_loss: 0.1308
epoch 626
train_loss: 0.0495
test_loss: 0.1308
epoch 627
train_loss: 0.0495
test_loss: 0.1308
epoch 628
train_loss: 0.0494
test_loss: 0.1308
epoch 629
train_loss: 0.0494
test_loss: 0.1307
epoch 630
train_loss: 0.0494
test_loss: 0.1307
epoch 631
train_loss: 0.0493
test_loss: 0.1306
epoch 632
train_loss: 0.0493
test_loss: 0.1306
epoch 633
train_loss: 0.0493
test_loss: 0.1306
epoch 634
train_loss: 0.0492
test_loss: 0.1306
epoch 635
train_loss: 0.0492
test_loss: 0.1305
epoch 636
train_loss: 0.0492
test_loss: 0.1305
epoch 637
train_loss: 0.0491
test_loss: 0.1305
epoch 638
train_loss: 0.0491
test_loss: 0.1305
epoch 639
train_loss: 0.0490
test_loss: 0.1304
epoch 640
train_loss: 0.0490
test_loss: 0.1304
epoch 641
train_loss: 0.0490
test_loss: 0.1303
epoch 642
train_loss: 0.0489
test_loss: 0.1303
epoch 643
train_loss: 0.0489
test_loss: 0.1303
epoch 644
train_loss: 0.0488
test_loss: 0.1302
epoch 645
train_loss: 0.0488
test_loss: 0.1302
epoch 646
train_loss: 0.0488
test_loss: 0.1302
epoch 647
train_loss: 0.0487
test_loss: 0.1302
epoch 648
train_loss: 0.0487
test_loss: 0.1301
epoch 649
train_loss: 0.0486
test_loss: 0.1302
epoch 650
train_loss: 0.0486
test_loss: 0.1300
epoch 651
train_loss: 0.0485
test_loss: 0.1301
epoch 652
train_loss: 0.0486
test_loss: 0.1300
epoch 653
train_loss: 0.0485
test_loss: 0.1299
epoch 654
train_loss: 0.0484
test_loss: 0.1299
epoch 655
train_loss: 0.0484
test_loss: 0.1299
epoch 656
train_loss: 0.0483
test_loss: 0.1298
epoch 657
train_loss: 0.0484
test_loss: 0.1298
epoch 658
train_loss: 0.0483
test_loss: 0.1299
epoch 659
train_loss: 0.0482
test_loss: 0.1298
epoch 660
train_loss: 0.0482
test_loss: 0.1298
epoch 661
train_loss: 0.0482
test_loss: 0.1296
epoch 662
train_loss: 0.0482
test_loss: 0.1296
epoch 663
train_loss: 0.0481
test_loss: 0.1296
epoch 664
train_loss: 0.0481
test_loss: 0.1296
epoch 665
train_loss: 0.0480
test_loss: 0.1296
epoch 666
train_loss: 0.0481
test_loss: 0.1296
epoch 667
train_loss: 0.0481
test_loss: 0.1295
epoch 668
train_loss: 0.0480
test_loss: 0.1295
epoch 669
train_loss: 0.0479
test_loss: 0.1295
epoch 670
train_loss: 0.0479
test_loss: 0.1293
epoch 671
train_loss: 0.0478
test_loss: 0.1295
epoch 672
train_loss: 0.0478
test_loss: 0.1293
epoch 673
train_loss: 0.0478
test_loss: 0.1294
epoch 674
train_loss: 0.0478
test_loss: 0.1293
epoch 675
train_loss: 0.0477
test_loss: 0.1293
epoch 676
train_loss: 0.0477
test_loss: 0.1292
epoch 677
train_loss: 0.0476
test_loss: 0.1291
epoch 678
train_loss: 0.0476
test_loss: 0.1291
epoch 679
train_loss: 0.0476
test_loss: 0.1290
epoch 680
train_loss: 0.0475
test_loss: 0.1290
epoch 681
train_loss: 0.0475
test_loss: 0.1290
epoch 682
train_loss: 0.0475
test_loss: 0.1289
epoch 683
train_loss: 0.0474
test_loss: 0.1290
epoch 684
train_loss: 0.0474
test_loss: 0.1288
epoch 685
train_loss: 0.0474
test_loss: 0.1289
epoch 686
train_loss: 0.0474
test_loss: 0.1288
epoch 687
train_loss: 0.0473
test_loss: 0.1288
epoch 688
train_loss: 0.0473
test_loss: 0.1287
epoch 689
train_loss: 0.0473
test_loss: 0.1288
epoch 690
train_loss: 0.0472
test_loss: 0.1286
epoch 691
train_loss: 0.0472
test_loss: 0.1286
epoch 692
train_loss: 0.0472
test_loss: 0.1286
epoch 693
train_loss: 0.0471
test_loss: 0.1287
epoch 694
train_loss: 0.0471
test_loss: 0.1285
epoch 695
train_loss: 0.0471
test_loss: 0.1286
epoch 696
train_loss: 0.0470
test_loss: 0.1285
epoch 697
train_loss: 0.0470
test_loss: 0.1285
epoch 698
train_loss: 0.0470
test_loss: 0.1284
epoch 699
train_loss: 0.0469
test_loss: 0.1284
epoch 700
train_loss: 0.0469
test_loss: 0.1284
epoch 701
train_loss: 0.0468
test_loss: 0.1283
epoch 702
train_loss: 0.0468
test_loss: 0.1283
epoch 703
train_loss: 0.0468
test_loss: 0.1283
epoch 704
train_loss: 0.0468
test_loss: 0.1282
epoch 705
train_loss: 0.0468
test_loss: 0.1282
epoch 706
train_loss: 0.0467
test_loss: 0.1281
epoch 707
train_loss: 0.0467
test_loss: 0.1282
epoch 708
train_loss: 0.0466
test_loss: 0.1280
epoch 709
train_loss: 0.0466
test_loss: 0.1281
epoch 710
train_loss: 0.0466
test_loss: 0.1280
epoch 711
train_loss: 0.0466
test_loss: 0.1280
epoch 712
train_loss: 0.0465
test_loss: 0.1280
epoch 713
train_loss: 0.0465
test_loss: 0.1280
epoch 714
train_loss: 0.0465
test_loss: 0.1280
epoch 715
train_loss: 0.0464
test_loss: 0.1278
epoch 716
train_loss: 0.0464
test_loss: 0.1278
epoch 717
train_loss: 0.0464
test_loss: 0.1278
epoch 718
train_loss: 0.0464
test_loss: 0.1278
epoch 719
train_loss: 0.0463
test_loss: 0.1277
epoch 720
train_loss: 0.0463
test_loss: 0.1277
epoch 721
train_loss: 0.0462
test_loss: 0.1276
epoch 722
train_loss: 0.0462
test_loss: 0.1276
epoch 723
train_loss: 0.0462
test_loss: 0.1276
epoch 724
train_loss: 0.0462
test_loss: 0.1275
epoch 725
train_loss: 0.0461
test_loss: 0.1275
epoch 726
train_loss: 0.0461
test_loss: 0.1274
epoch 727
train_loss: 0.0461
test_loss: 0.1275
epoch 728
train_loss: 0.0460
test_loss: 0.1273
epoch 729
train_loss: 0.0460
test_loss: 0.1274
epoch 730
train_loss: 0.0460
test_loss: 0.1274
epoch 731
train_loss: 0.0459
test_loss: 0.1272
epoch 732
train_loss: 0.0459
test_loss: 0.1272
epoch 733
train_loss: 0.0459
test_loss: 0.1271
epoch 734
train_loss: 0.0459
test_loss: 0.1272
epoch 735
train_loss: 0.0458
test_loss: 0.1271
epoch 736
train_loss: 0.0458
test_loss: 0.1271
epoch 737
train_loss: 0.0458
test_loss: 0.1271
epoch 738
train_loss: 0.0457
test_loss: 0.1270
epoch 739
train_loss: 0.0457
test_loss: 0.1270
epoch 740
train_loss: 0.0457
test_loss: 0.1269
epoch 741
train_loss: 0.0456
test_loss: 0.1269
epoch 742
train_loss: 0.0456
test_loss: 0.1269
epoch 743
train_loss: 0.0456
test_loss: 0.1269
epoch 744
train_loss: 0.0456
test_loss: 0.1269
epoch 745
train_loss: 0.0455
test_loss: 0.1268
epoch 746
train_loss: 0.0455
test_loss: 0.1268
epoch 747
train_loss: 0.0455
test_loss: 0.1267
epoch 748
train_loss: 0.0454
test_loss: 0.1267
epoch 749
train_loss: 0.0454
test_loss: 0.1266
epoch 750
train_loss: 0.0454
test_loss: 0.1267
epoch 751
train_loss: 0.0454
test_loss: 0.1266
epoch 752
train_loss: 0.0453
test_loss: 0.1266
epoch 753
train_loss: 0.0453
test_loss: 0.1266
epoch 754
train_loss: 0.0453
test_loss: 0.1266
epoch 755
train_loss: 0.0452
test_loss: 0.1266
epoch 756
train_loss: 0.0452
test_loss: 0.1266
epoch 757
train_loss: 0.0452
test_loss: 0.1266
epoch 758
train_loss: 0.0451
test_loss: 0.1265
epoch 759
train_loss: 0.0451
test_loss: 0.1264
epoch 760
train_loss: 0.0451
test_loss: 0.1263
epoch 761
train_loss: 0.0451
test_loss: 0.1264
epoch 762
train_loss: 0.0451
test_loss: 0.1263
epoch 763
train_loss: 0.0450
test_loss: 0.1264
epoch 764
train_loss: 0.0450
test_loss: 0.1263
epoch 765
train_loss: 0.0450
test_loss: 0.1263
epoch 766
train_loss: 0.0450
test_loss: 0.1262
epoch 767
train_loss: 0.0449
test_loss: 0.1262
epoch 768
train_loss: 0.0449
test_loss: 0.1262
epoch 769
train_loss: 0.0448
test_loss: 0.1261
epoch 770
train_loss: 0.0448
test_loss: 0.1262
epoch 771
train_loss: 0.0448
test_loss: 0.1262
epoch 772
train_loss: 0.0447
test_loss: 0.1261
epoch 773
train_loss: 0.0448
test_loss: 0.1261
epoch 774
train_loss: 0.0447
test_loss: 0.1261
epoch 775
train_loss: 0.0447
test_loss: 0.1260
epoch 776
train_loss: 0.0447
test_loss: 0.1260
epoch 777
train_loss: 0.0447
test_loss: 0.1260
epoch 778
train_loss: 0.0446
test_loss: 0.1260
epoch 779
train_loss: 0.0446
test_loss: 0.1260
epoch 780
train_loss: 0.0445
test_loss: 0.1259
epoch 781
train_loss: 0.0446
test_loss: 0.1259
epoch 782
train_loss: 0.0445
test_loss: 0.1259
epoch 783
train_loss: 0.0445
test_loss: 0.1259
epoch 784
train_loss: 0.0445
test_loss: 0.1258
epoch 785
train_loss: 0.0444
test_loss: 0.1259
epoch 786
train_loss: 0.0444
test_loss: 0.1258
epoch 787
train_loss: 0.0444
test_loss: 0.1257
epoch 788
train_loss: 0.0444
test_loss: 0.1258
epoch 789
train_loss: 0.0443
test_loss: 0.1258
/home/xueqiong/noise_injection_uncertainty/regression/utils.py:39: FutureWarning: The 'delim_whitespace' keyword in pd.read_csv is deprecated and will be removed in a future version. Use ``sep='\s+'`` instead
  return pd.read_csv(dataset_path, engine='python', header=None, delim_whitespace=True)
8 1
614 154 768
model_name FCN
using Adam as optimizer
epoch 0
train_loss: 0.8637
test_loss: 0.8415
epoch 1
train_loss: 0.7941
test_loss: 0.7773
epoch 2
train_loss: 0.7286
test_loss: 0.7161
epoch 3
train_loss: 0.6664
test_loss: 0.6575
epoch 4
train_loss: 0.6070
test_loss: 0.6009
epoch 5
train_loss: 0.5502
test_loss: 0.5460
epoch 6
train_loss: 0.4956
test_loss: 0.4931
epoch 7
train_loss: 0.4435
test_loss: 0.4432
epoch 8
train_loss: 0.3951
test_loss: 0.3971
epoch 9
train_loss: 0.3511
test_loss: 0.3552
epoch 10
train_loss: 0.3117
test_loss: 0.3181
epoch 11
train_loss: 0.2770
test_loss: 0.2857
epoch 12
train_loss: 0.2468
test_loss: 0.2576
epoch 13
train_loss: 0.2207
test_loss: 0.2335
epoch 14
train_loss: 0.1983
test_loss: 0.2126
epoch 15
train_loss: 0.1792
test_loss: 0.1947
epoch 16
train_loss: 0.1628
test_loss: 0.1793
epoch 17
train_loss: 0.1489
test_loss: 0.1661
epoch 18
train_loss: 0.1371
test_loss: 0.1548
epoch 19
train_loss: 0.1272
test_loss: 0.1451
epoch 20
train_loss: 0.1189
test_loss: 0.1370
epoch 21
train_loss: 0.1119
test_loss: 0.1301
epoch 22
train_loss: 0.1062
test_loss: 0.1243
epoch 23
train_loss: 0.1015
test_loss: 0.1195
epoch 24
train_loss: 0.0975
test_loss: 0.1154
epoch 25
train_loss: 0.0943
test_loss: 0.1119
epoch 26
train_loss: 0.0916
test_loss: 0.1090
epoch 27
train_loss: 0.0893
test_loss: 0.1065
epoch 28
train_loss: 0.0873
test_loss: 0.1043
epoch 29
train_loss: 0.0856
test_loss: 0.1024
epoch 30
train_loss: 0.0841
test_loss: 0.1006
epoch 31
train_loss: 0.0828
test_loss: 0.0991
epoch 32
train_loss: 0.0816
test_loss: 0.0978
epoch 33
train_loss: 0.0806
test_loss: 0.0966
epoch 34
train_loss: 0.0796
test_loss: 0.0955
epoch 35
train_loss: 0.0788
test_loss: 0.0946
epoch 36
train_loss: 0.0780
test_loss: 0.0937
epoch 37
train_loss: 0.0773
test_loss: 0.0929
epoch 38
train_loss: 0.0766
test_loss: 0.0921
epoch 39
train_loss: 0.0760
test_loss: 0.0914
epoch 40
train_loss: 0.0754
test_loss: 0.0907
epoch 41
train_loss: 0.0748
test_loss: 0.0901
epoch 42
train_loss: 0.0742
test_loss: 0.0895
epoch 43
train_loss: 0.0737
test_loss: 0.0889
epoch 44
train_loss: 0.0732
test_loss: 0.0884
epoch 45
train_loss: 0.0727
test_loss: 0.0879
epoch 46
train_loss: 0.0723
test_loss: 0.0874
epoch 47
train_loss: 0.0718
test_loss: 0.0869
epoch 48
train_loss: 0.0714
test_loss: 0.0865
epoch 49
train_loss: 0.0709
test_loss: 0.0861
epoch 50
train_loss: 0.0705
test_loss: 0.0857
epoch 51
train_loss: 0.0701
test_loss: 0.0853
epoch 52
train_loss: 0.0697
test_loss: 0.0849
epoch 53
train_loss: 0.0694
test_loss: 0.0845
epoch 54
train_loss: 0.0690
test_loss: 0.0842
epoch 55
train_loss: 0.0686
test_loss: 0.0838
epoch 56
train_loss: 0.0683
test_loss: 0.0835
epoch 57
train_loss: 0.0679
test_loss: 0.0832
epoch 58
train_loss: 0.0676
test_loss: 0.0829
epoch 59
train_loss: 0.0673
test_loss: 0.0826
epoch 60
train_loss: 0.0670
test_loss: 0.0823
epoch 61
train_loss: 0.0667
test_loss: 0.0820
epoch 62
train_loss: 0.0664
test_loss: 0.0818
epoch 63
train_loss: 0.0661
test_loss: 0.0815
epoch 64
train_loss: 0.0658
test_loss: 0.0812
epoch 65
train_loss: 0.0655
test_loss: 0.0810
epoch 66
train_loss: 0.0652
test_loss: 0.0807
epoch 67
train_loss: 0.0650
test_loss: 0.0805
epoch 68
train_loss: 0.0647
test_loss: 0.0802
epoch 69
train_loss: 0.0644
test_loss: 0.0800
epoch 70
train_loss: 0.0642
test_loss: 0.0797
epoch 71
train_loss: 0.0639
test_loss: 0.0795
epoch 72
train_loss: 0.0637
test_loss: 0.0793
epoch 73
train_loss: 0.0634
test_loss: 0.0791
epoch 74
train_loss: 0.0632
test_loss: 0.0788
epoch 75
train_loss: 0.0629
test_loss: 0.0786
epoch 76
train_loss: 0.0627
test_loss: 0.0784
epoch 77
train_loss: 0.0624
test_loss: 0.0782
epoch 78
train_loss: 0.0622
test_loss: 0.0780
epoch 79
train_loss: 0.0619
test_loss: 0.0778
epoch 80
train_loss: 0.0617
test_loss: 0.0775
epoch 81
train_loss: 0.0615
test_loss: 0.0773
epoch 82
train_loss: 0.0612
test_loss: 0.0771
epoch 83
train_loss: 0.0610
test_loss: 0.0770
epoch 84
train_loss: 0.0608
test_loss: 0.0768
epoch 85
train_loss: 0.0606
test_loss: 0.0766
epoch 86
train_loss: 0.0604
test_loss: 0.0764
epoch 87
train_loss: 0.0601
test_loss: 0.0762
epoch 88
train_loss: 0.0599
test_loss: 0.0760
epoch 89
train_loss: 0.0597
test_loss: 0.0758
epoch 90
train_loss: 0.0595
test_loss: 0.0756
epoch 91
train_loss: 0.0593
test_loss: 0.0755
epoch 92
train_loss: 0.0591
test_loss: 0.0753
epoch 93
train_loss: 0.0589
test_loss: 0.0751
epoch 94
train_loss: 0.0587
test_loss: 0.0750
epoch 95
train_loss: 0.0584
test_loss: 0.0748
epoch 96
train_loss: 0.0582
test_loss: 0.0746
epoch 97
train_loss: 0.0580
test_loss: 0.0745
epoch 98
train_loss: 0.0578
test_loss: 0.0743
epoch 99
train_loss: 0.0576
test_loss: 0.0741
epoch 100
train_loss: 0.0574
test_loss: 0.0740
epoch 101
train_loss: 0.0572
test_loss: 0.0738
epoch 102
train_loss: 0.0570
test_loss: 0.0737
epoch 103
train_loss: 0.0568
test_loss: 0.0735
epoch 104
train_loss: 0.0566
test_loss: 0.0733
epoch 105
train_loss: 0.0564
test_loss: 0.0732
epoch 106
train_loss: 0.0563
test_loss: 0.0730
epoch 107
train_loss: 0.0561
test_loss: 0.0729
epoch 108
train_loss: 0.0559
test_loss: 0.0727
epoch 109
train_loss: 0.0557
test_loss: 0.0726
epoch 110
train_loss: 0.0555
test_loss: 0.0724
epoch 111
train_loss: 0.0553
test_loss: 0.0723
epoch 112
train_loss: 0.0551
test_loss: 0.0721
epoch 113
train_loss: 0.0549
test_loss: 0.0720
epoch 114
train_loss: 0.0547
test_loss: 0.0718
epoch 115
train_loss: 0.0545
test_loss: 0.0717
epoch 116
train_loss: 0.0544
test_loss: 0.0715
epoch 117
train_loss: 0.0542
test_loss: 0.0714
epoch 118
train_loss: 0.0540
test_loss: 0.0712
epoch 119
train_loss: 0.0538
test_loss: 0.0710
epoch 120
train_loss: 0.0535
test_loss: 0.0707
epoch 121
train_loss: 0.0532
test_loss: 0.0703
epoch 122
train_loss: 0.0530
test_loss: 0.0701
epoch 123
train_loss: 0.0527
test_loss: 0.0699
epoch 124
train_loss: 0.0525
test_loss: 0.0696
epoch 125
train_loss: 0.0523
test_loss: 0.0695
epoch 126
train_loss: 0.0520
test_loss: 0.0693
epoch 127
train_loss: 0.0518
test_loss: 0.0691
epoch 128
train_loss: 0.0515
test_loss: 0.0689
epoch 129
train_loss: 0.0513
test_loss: 0.0687
epoch 130
train_loss: 0.0511
test_loss: 0.0685
epoch 131
train_loss: 0.0509
test_loss: 0.0683
epoch 132
train_loss: 0.0506
test_loss: 0.0681
epoch 133
train_loss: 0.0504
test_loss: 0.0679
epoch 134
train_loss: 0.0502
test_loss: 0.0677
epoch 135
train_loss: 0.0500
test_loss: 0.0675
epoch 136
train_loss: 0.0498
test_loss: 0.0674
epoch 137
train_loss: 0.0495
test_loss: 0.0672
epoch 138
train_loss: 0.0493
test_loss: 0.0670
epoch 139
train_loss: 0.0491
test_loss: 0.0668
epoch 140
train_loss: 0.0489
test_loss: 0.0666
epoch 141
train_loss: 0.0487
test_loss: 0.0664
epoch 142
train_loss: 0.0485
test_loss: 0.0662
epoch 143
train_loss: 0.0483
test_loss: 0.0660
epoch 144
train_loss: 0.0481
test_loss: 0.0658
epoch 145
train_loss: 0.0478
test_loss: 0.0656
epoch 146
train_loss: 0.0476
test_loss: 0.0654
epoch 147
train_loss: 0.0474
test_loss: 0.0653
epoch 148
train_loss: 0.0472
test_loss: 0.0651
epoch 149
train_loss: 0.0470
test_loss: 0.0648
epoch 150
train_loss: 0.0468
test_loss: 0.0647
epoch 151
train_loss: 0.0466
test_loss: 0.0645
epoch 152
train_loss: 0.0463
test_loss: 0.0643
epoch 153
train_loss: 0.0461
test_loss: 0.0641
epoch 154
train_loss: 0.0459
test_loss: 0.0639
epoch 155
train_loss: 0.0457
test_loss: 0.0637
epoch 156
train_loss: 0.0455
test_loss: 0.0636
epoch 157
train_loss: 0.0452
test_loss: 0.0634
epoch 158
train_loss: 0.0450
test_loss: 0.0631
epoch 159
train_loss: 0.0448
test_loss: 0.0629
epoch 160
train_loss: 0.0445
test_loss: 0.0627
epoch 161
train_loss: 0.0443
test_loss: 0.0625
epoch 162
train_loss: 0.0441
test_loss: 0.0623
epoch 163
train_loss: 0.0439
test_loss: 0.0621
epoch 164
train_loss: 0.0436
test_loss: 0.0618
epoch 165
train_loss: 0.0434
test_loss: 0.0617
epoch 166
train_loss: 0.0432
test_loss: 0.0614
epoch 167
train_loss: 0.0430
test_loss: 0.0611
epoch 168
train_loss: 0.0427
test_loss: 0.0610
epoch 169
train_loss: 0.0425
test_loss: 0.0607
epoch 170
train_loss: 0.0423
test_loss: 0.0605
epoch 171
train_loss: 0.0420
test_loss: 0.0603
epoch 172
train_loss: 0.0418
test_loss: 0.0601
epoch 173
train_loss: 0.0416
test_loss: 0.0599
epoch 174
train_loss: 0.0413
test_loss: 0.0597
epoch 175
train_loss: 0.0411
test_loss: 0.0594
epoch 176
train_loss: 0.0409
test_loss: 0.0592
epoch 177
train_loss: 0.0407
test_loss: 0.0590
epoch 178
train_loss: 0.0404
test_loss: 0.0587
epoch 179
train_loss: 0.0402
test_loss: 0.0586
epoch 180
train_loss: 0.0400
test_loss: 0.0583
epoch 181
train_loss: 0.0398
test_loss: 0.0580
epoch 182
train_loss: 0.0395
test_loss: 0.0578
epoch 183
train_loss: 0.0393
test_loss: 0.0576
epoch 184
train_loss: 0.0391
test_loss: 0.0574
epoch 185
train_loss: 0.0388
test_loss: 0.0571
epoch 186
train_loss: 0.0386
test_loss: 0.0569
epoch 187
train_loss: 0.0384
test_loss: 0.0566
epoch 188
train_loss: 0.0381
test_loss: 0.0565
epoch 189
train_loss: 0.0379
test_loss: 0.0562
epoch 190
train_loss: 0.0377
test_loss: 0.0560
epoch 191
train_loss: 0.0375
test_loss: 0.0557
epoch 192
train_loss: 0.0372
test_loss: 0.0555
epoch 193
train_loss: 0.0370
test_loss: 0.0552
epoch 194
train_loss: 0.0368
test_loss: 0.0550
epoch 195
train_loss: 0.0365
test_loss: 0.0548
epoch 196
train_loss: 0.0363
test_loss: 0.0546
epoch 197
train_loss: 0.0361
test_loss: 0.0543
epoch 198
train_loss: 0.0358
test_loss: 0.0541
epoch 199
train_loss: 0.0356
test_loss: 0.0539
epoch 200
train_loss: 0.0354
test_loss: 0.0536
epoch 201
train_loss: 0.0351
test_loss: 0.0535
epoch 202
train_loss: 0.0349
test_loss: 0.0531
epoch 203
train_loss: 0.0346
test_loss: 0.0530
epoch 204
train_loss: 0.0344
test_loss: 0.0526
epoch 205
train_loss: 0.0342
test_loss: 0.0525
epoch 206
train_loss: 0.0339
test_loss: 0.0522
epoch 207
train_loss: 0.0337
test_loss: 0.0520
epoch 208
train_loss: 0.0335
test_loss: 0.0517
epoch 209
train_loss: 0.0332
test_loss: 0.0515
epoch 210
train_loss: 0.0330
test_loss: 0.0512
epoch 211
train_loss: 0.0328
test_loss: 0.0510
epoch 212
train_loss: 0.0325
test_loss: 0.0508
epoch 213
train_loss: 0.0323
test_loss: 0.0505
epoch 214
train_loss: 0.0320
test_loss: 0.0502
epoch 215
train_loss: 0.0318
test_loss: 0.0501
epoch 216
train_loss: 0.0316
test_loss: 0.0497
epoch 217
train_loss: 0.0313
test_loss: 0.0496
epoch 218
train_loss: 0.0311
test_loss: 0.0493
epoch 219
train_loss: 0.0308
test_loss: 0.0491
epoch 220
train_loss: 0.0306
test_loss: 0.0488
epoch 221
train_loss: 0.0304
test_loss: 0.0486
epoch 222
train_loss: 0.0301
test_loss: 0.0483
epoch 223
train_loss: 0.0299
test_loss: 0.0482
epoch 224
train_loss: 0.0297
test_loss: 0.0479
epoch 225
train_loss: 0.0294
test_loss: 0.0477
epoch 226
train_loss: 0.0292
test_loss: 0.0475
epoch 227
train_loss: 0.0290
test_loss: 0.0473
epoch 228
train_loss: 0.0288
test_loss: 0.0471
epoch 229
train_loss: 0.0286
test_loss: 0.0468
epoch 230
train_loss: 0.0283
test_loss: 0.0466
epoch 231
train_loss: 0.0281
test_loss: 0.0464
epoch 232
train_loss: 0.0279
test_loss: 0.0462
epoch 233
train_loss: 0.0277
test_loss: 0.0460
epoch 234
train_loss: 0.0275
test_loss: 0.0458
epoch 235
train_loss: 0.0273
test_loss: 0.0456
epoch 236
train_loss: 0.0271
test_loss: 0.0454
epoch 237
train_loss: 0.0269
test_loss: 0.0452
epoch 238
train_loss: 0.0267
test_loss: 0.0450
epoch 239
train_loss: 0.0265
test_loss: 0.0448
epoch 240
train_loss: 0.0263
test_loss: 0.0446
epoch 241
train_loss: 0.0261
test_loss: 0.0444
epoch 242
train_loss: 0.0259
test_loss: 0.0442
epoch 243
train_loss: 0.0257
test_loss: 0.0441
epoch 244
train_loss: 0.0255
test_loss: 0.0439
epoch 245
train_loss: 0.0253
test_loss: 0.0437
epoch 246
train_loss: 0.0252
test_loss: 0.0435
epoch 247
train_loss: 0.0250
test_loss: 0.0433
epoch 248
train_loss: 0.0248
test_loss: 0.0431
epoch 249
train_loss: 0.0246
test_loss: 0.0429
epoch 250
train_loss: 0.0244
test_loss: 0.0428
epoch 251
train_loss: 0.0242
test_loss: 0.0425
epoch 252
train_loss: 0.0241
test_loss: 0.0424
epoch 253
train_loss: 0.0239
test_loss: 0.0423
epoch 254
train_loss: 0.0237
test_loss: 0.0420
epoch 255
train_loss: 0.0236
test_loss: 0.0419
epoch 256
train_loss: 0.0234
test_loss: 0.0417
epoch 257
train_loss: 0.0232
test_loss: 0.0415
epoch 258
train_loss: 0.0230
test_loss: 0.0413
epoch 259
train_loss: 0.0229
test_loss: 0.0412
epoch 260
train_loss: 0.0227
test_loss: 0.0410
epoch 261
train_loss: 0.0226
test_loss: 0.0409
epoch 262
train_loss: 0.0224
test_loss: 0.0407
epoch 263
train_loss: 0.0222
test_loss: 0.0405
epoch 264
train_loss: 0.0221
test_loss: 0.0404
epoch 265
train_loss: 0.0219
test_loss: 0.0402
epoch 266
train_loss: 0.0218
test_loss: 0.0401
epoch 267
train_loss: 0.0216
test_loss: 0.0399
epoch 268
train_loss: 0.0215
test_loss: 0.0398
epoch 269
train_loss: 0.0213
test_loss: 0.0396
epoch 270
train_loss: 0.0212
test_loss: 0.0395
epoch 271
train_loss: 0.0211
test_loss: 0.0394
epoch 272
train_loss: 0.0209
test_loss: 0.0392
epoch 273
train_loss: 0.0208
test_loss: 0.0391
epoch 274
train_loss: 0.0207
test_loss: 0.0389
epoch 275
train_loss: 0.0205
test_loss: 0.0388
epoch 276
train_loss: 0.0204
test_loss: 0.0387
epoch 277
train_loss: 0.0203
test_loss: 0.0386
epoch 278
train_loss: 0.0201
test_loss: 0.0384
epoch 279
train_loss: 0.0200
test_loss: 0.0383
epoch 280
train_loss: 0.0199
test_loss: 0.0382
epoch 281
train_loss: 0.0198
test_loss: 0.0381
epoch 282
train_loss: 0.0197
test_loss: 0.0379
epoch 283
train_loss: 0.0195
test_loss: 0.0378
epoch 284
train_loss: 0.0194
test_loss: 0.0377
epoch 285
train_loss: 0.0193
test_loss: 0.0376
epoch 286
train_loss: 0.0192
test_loss: 0.0375
epoch 287
train_loss: 0.0191
test_loss: 0.0374
epoch 288
train_loss: 0.0190
test_loss: 0.0372
epoch 289
train_loss: 0.0189
test_loss: 0.0372
epoch 290
train_loss: 0.0188
test_loss: 0.0370
epoch 291
train_loss: 0.0187
test_loss: 0.0370
epoch 292
train_loss: 0.0186
test_loss: 0.0368
epoch 293
train_loss: 0.0185
test_loss: 0.0367
epoch 294
train_loss: 0.0184
test_loss: 0.0367
epoch 295
train_loss: 0.0183
test_loss: 0.0365
epoch 296
train_loss: 0.0182
test_loss: 0.0365
epoch 297
train_loss: 0.0181
test_loss: 0.0363
epoch 298
train_loss: 0.0180
test_loss: 0.0362
epoch 299
train_loss: 0.0179
test_loss: 0.0361
epoch 300
train_loss: 0.0178
test_loss: 0.0360
epoch 301
train_loss: 0.0177
test_loss: 0.0360
epoch 302
train_loss: 0.0176
test_loss: 0.0358
epoch 303
train_loss: 0.0175
test_loss: 0.0358
epoch 304
train_loss: 0.0175
test_loss: 0.0356
epoch 305
train_loss: 0.0174
test_loss: 0.0356
epoch 306
train_loss: 0.0173
test_loss: 0.0355
epoch 307
train_loss: 0.0172
test_loss: 0.0354
epoch 308
train_loss: 0.0171
test_loss: 0.0353
epoch 309
train_loss: 0.0170
test_loss: 0.0352
epoch 310
train_loss: 0.0170
test_loss: 0.0351
epoch 311
train_loss: 0.0169
test_loss: 0.0351
epoch 312
train_loss: 0.0168
test_loss: 0.0349
epoch 313
train_loss: 0.0167
test_loss: 0.0349
epoch 314
train_loss: 0.0167
test_loss: 0.0348
epoch 315
train_loss: 0.0166
test_loss: 0.0347
epoch 316
train_loss: 0.0165
test_loss: 0.0346
epoch 317
train_loss: 0.0164
test_loss: 0.0345
epoch 318
train_loss: 0.0164
test_loss: 0.0344
epoch 319
train_loss: 0.0163
test_loss: 0.0343
epoch 320
train_loss: 0.0162
test_loss: 0.0343
epoch 321
train_loss: 0.0162
test_loss: 0.0342
epoch 322
train_loss: 0.0161
test_loss: 0.0341
epoch 323
train_loss: 0.0160
test_loss: 0.0340
epoch 324
train_loss: 0.0160
test_loss: 0.0340
epoch 325
train_loss: 0.0159
test_loss: 0.0338
epoch 326
train_loss: 0.0158
test_loss: 0.0338
epoch 327
train_loss: 0.0158
test_loss: 0.0338
epoch 328
train_loss: 0.0157
test_loss: 0.0337
epoch 329
train_loss: 0.0156
test_loss: 0.0336
epoch 330
train_loss: 0.0156
test_loss: 0.0335
epoch 331
train_loss: 0.0155
test_loss: 0.0334
epoch 332
train_loss: 0.0155
test_loss: 0.0334
epoch 333
train_loss: 0.0154
test_loss: 0.0333
epoch 334
train_loss: 0.0153
test_loss: 0.0333
epoch 335
train_loss: 0.0153
test_loss: 0.0331
epoch 336
train_loss: 0.0152
test_loss: 0.0331
epoch 337
train_loss: 0.0152
test_loss: 0.0330
epoch 338
train_loss: 0.0151
test_loss: 0.0329
epoch 339
train_loss: 0.0151
test_loss: 0.0329
epoch 340
train_loss: 0.0150
test_loss: 0.0328
epoch 341
train_loss: 0.0149
test_loss: 0.0328
epoch 342
train_loss: 0.0149
test_loss: 0.0327
epoch 343
train_loss: 0.0148
test_loss: 0.0327
epoch 344
train_loss: 0.0148
test_loss: 0.0325
epoch 345
train_loss: 0.0147
test_loss: 0.0325
epoch 346
train_loss: 0.0147
test_loss: 0.0324
epoch 347
train_loss: 0.0146
test_loss: 0.0324
epoch 348
train_loss: 0.0146
test_loss: 0.0323
epoch 349
train_loss: 0.0145
test_loss: 0.0322
epoch 350
train_loss: 0.0145
test_loss: 0.0322
epoch 351
train_loss: 0.0144
test_loss: 0.0321
epoch 352
train_loss: 0.0144
test_loss: 0.0321
epoch 353
train_loss: 0.0143
test_loss: 0.0320
epoch 354
train_loss: 0.0143
test_loss: 0.0319
epoch 355
train_loss: 0.0142
test_loss: 0.0319
epoch 356
train_loss: 0.0142
test_loss: 0.0318
epoch 357
train_loss: 0.0141
test_loss: 0.0317
epoch 358
train_loss: 0.0141
test_loss: 0.0316
epoch 359
train_loss: 0.0140
test_loss: 0.0316
epoch 360
train_loss: 0.0140
test_loss: 0.0315
epoch 361
train_loss: 0.0139
test_loss: 0.0314
epoch 362
train_loss: 0.0139
test_loss: 0.0313
epoch 363
train_loss: 0.0138
test_loss: 0.0313
epoch 364
train_loss: 0.0138
test_loss: 0.0312
epoch 365
train_loss: 0.0137
test_loss: 0.0312
epoch 366
train_loss: 0.0137
test_loss: 0.0311
epoch 367
train_loss: 0.0136
test_loss: 0.0310
epoch 368
train_loss: 0.0136
test_loss: 0.0310
epoch 369
train_loss: 0.0135
test_loss: 0.0309
epoch 370
train_loss: 0.0135
test_loss: 0.0308
epoch 371
train_loss: 0.0134
test_loss: 0.0307
epoch 372
train_loss: 0.0134
test_loss: 0.0307
epoch 373
train_loss: 0.0133
test_loss: 0.0306
epoch 374
train_loss: 0.0132
test_loss: 0.0305
epoch 375
train_loss: 0.0132
test_loss: 0.0305
epoch 376
train_loss: 0.0131
test_loss: 0.0303
epoch 377
train_loss: 0.0131
test_loss: 0.0303
epoch 378
train_loss: 0.0130
test_loss: 0.0302
epoch 379
train_loss: 0.0130
test_loss: 0.0301
epoch 380
train_loss: 0.0129
test_loss: 0.0301
epoch 381
train_loss: 0.0129
test_loss: 0.0300
epoch 382
train_loss: 0.0128
test_loss: 0.0299
epoch 383
train_loss: 0.0128
test_loss: 0.0298
epoch 384
train_loss: 0.0127
test_loss: 0.0297
epoch 385
train_loss: 0.0127
test_loss: 0.0297
epoch 386
train_loss: 0.0126
test_loss: 0.0295
epoch 387
train_loss: 0.0125
test_loss: 0.0295
epoch 388
train_loss: 0.0125
test_loss: 0.0293
epoch 389
train_loss: 0.0124
test_loss: 0.0293
epoch 390
train_loss: 0.0124
test_loss: 0.0292
epoch 391
train_loss: 0.0123
test_loss: 0.0292
epoch 392
train_loss: 0.0123
test_loss: 0.0291
epoch 393
train_loss: 0.0122
test_loss: 0.0290
epoch 394
train_loss: 0.0121
test_loss: 0.0288
epoch 395
train_loss: 0.0121
test_loss: 0.0289
epoch 396
train_loss: 0.0120
test_loss: 0.0287
epoch 397
train_loss: 0.0120
test_loss: 0.0287
epoch 398
train_loss: 0.0119
test_loss: 0.0286
epoch 399
train_loss: 0.0118
test_loss: 0.0285
epoch 400
train_loss: 0.0118
test_loss: 0.0284
epoch 401
train_loss: 0.0117
test_loss: 0.0283
epoch 402
train_loss: 0.0117
test_loss: 0.0283
epoch 403
train_loss: 0.0116
test_loss: 0.0281
epoch 404
train_loss: 0.0115
test_loss: 0.0281
epoch 405
train_loss: 0.0115
test_loss: 0.0280
epoch 406
train_loss: 0.0114
test_loss: 0.0280
epoch 407
train_loss: 0.0114
test_loss: 0.0279
epoch 408
train_loss: 0.0113
test_loss: 0.0278
epoch 409
train_loss: 0.0112
test_loss: 0.0277
epoch 410
train_loss: 0.0112
test_loss: 0.0276
epoch 411
train_loss: 0.0111
test_loss: 0.0276
epoch 412
train_loss: 0.0110
test_loss: 0.0275
epoch 413
train_loss: 0.0110
test_loss: 0.0274
epoch 414
train_loss: 0.0109
test_loss: 0.0273
epoch 415
train_loss: 0.0108
test_loss: 0.0272
epoch 416
train_loss: 0.0108
test_loss: 0.0271
epoch 417
train_loss: 0.0107
test_loss: 0.0271
epoch 418
train_loss: 0.0107
test_loss: 0.0268
epoch 419
train_loss: 0.0106
test_loss: 0.0269
epoch 420
train_loss: 0.0105
test_loss: 0.0268
epoch 421
train_loss: 0.0104
test_loss: 0.0267
epoch 422
train_loss: 0.0104
test_loss: 0.0266
epoch 423
train_loss: 0.0103
test_loss: 0.0265
epoch 424
train_loss: 0.0102
test_loss: 0.0265
epoch 425
train_loss: 0.0102
test_loss: 0.0263
epoch 426
train_loss: 0.0101
test_loss: 0.0262
epoch 427
train_loss: 0.0100
test_loss: 0.0261
epoch 428
train_loss: 0.0099
test_loss: 0.0260
epoch 429
train_loss: 0.0099
test_loss: 0.0259
epoch 430
train_loss: 0.0098
test_loss: 0.0259
epoch 431
train_loss: 0.0097
test_loss: 0.0258
epoch 432
train_loss: 0.0096
test_loss: 0.0257
epoch 433
train_loss: 0.0096
test_loss: 0.0256
epoch 434
train_loss: 0.0095
test_loss: 0.0255
epoch 435
train_loss: 0.0094
test_loss: 0.0254
epoch 436
train_loss: 0.0093
test_loss: 0.0253
epoch 437
train_loss: 0.0093
test_loss: 0.0252
epoch 438
train_loss: 0.0092
test_loss: 0.0251
epoch 439
train_loss: 0.0091
test_loss: 0.0250
epoch 440
train_loss: 0.0090
test_loss: 0.0250
epoch 441
train_loss: 0.0089
test_loss: 0.0249
epoch 442
train_loss: 0.0089
test_loss: 0.0248
epoch 443
train_loss: 0.0088
test_loss: 0.0246
epoch 444
train_loss: 0.0087
test_loss: 0.0246
epoch 445
train_loss: 0.0086
test_loss: 0.0245
epoch 446
train_loss: 0.0085
test_loss: 0.0243
epoch 447
train_loss: 0.0085
test_loss: 0.0243
epoch 448
train_loss: 0.0084
test_loss: 0.0241
epoch 449
train_loss: 0.0083
test_loss: 0.0240
epoch 450
train_loss: 0.0082
test_loss: 0.0239
epoch 451
train_loss: 0.0082
test_loss: 0.0238
epoch 452
train_loss: 0.0081
test_loss: 0.0237
epoch 453
train_loss: 0.0080
test_loss: 0.0236
epoch 454
train_loss: 0.0079
test_loss: 0.0235
epoch 455
train_loss: 0.0078
test_loss: 0.0234
epoch 456
train_loss: 0.0078
test_loss: 0.0233
epoch 457
train_loss: 0.0077
test_loss: 0.0232
epoch 458
train_loss: 0.0076
test_loss: 0.0231
epoch 459
train_loss: 0.0075
test_loss: 0.0230
epoch 460
train_loss: 0.0075
test_loss: 0.0229
epoch 461
train_loss: 0.0074
test_loss: 0.0227
epoch 462
train_loss: 0.0073
test_loss: 0.0227
epoch 463
train_loss: 0.0072
test_loss: 0.0226
epoch 464
train_loss: 0.0072
test_loss: 0.0225
epoch 465
train_loss: 0.0071
test_loss: 0.0224
epoch 466
train_loss: 0.0070
test_loss: 0.0223
epoch 467
train_loss: 0.0069
test_loss: 0.0222
epoch 468
train_loss: 0.0069
test_loss: 0.0221
epoch 469
train_loss: 0.0068
test_loss: 0.0220
epoch 470
train_loss: 0.0067
test_loss: 0.0219
epoch 471
train_loss: 0.0067
test_loss: 0.0218
epoch 472
train_loss: 0.0066
test_loss: 0.0217
epoch 473
train_loss: 0.0065
test_loss: 0.0217
epoch 474
train_loss: 0.0064
test_loss: 0.0215
epoch 475
train_loss: 0.0064
test_loss: 0.0214
epoch 476
train_loss: 0.0063
test_loss: 0.0213
epoch 477
train_loss: 0.0062
test_loss: 0.0212
epoch 478
train_loss: 0.0062
test_loss: 0.0211
epoch 479
train_loss: 0.0061
test_loss: 0.0210
epoch 480
train_loss: 0.0060
test_loss: 0.0209
epoch 481
train_loss: 0.0060
test_loss: 0.0208
epoch 482
train_loss: 0.0059
test_loss: 0.0207
epoch 483
train_loss: 0.0058
test_loss: 0.0206
epoch 484
train_loss: 0.0058
test_loss: 0.0205
epoch 485
train_loss: 0.0057
test_loss: 0.0204
epoch 486
train_loss: 0.0056
test_loss: 0.0203
epoch 487
train_loss: 0.0056
test_loss: 0.0202
epoch 488
train_loss: 0.0055
test_loss: 0.0201
epoch 489
train_loss: 0.0055
test_loss: 0.0200
epoch 490
train_loss: 0.0054
test_loss: 0.0199
epoch 491
train_loss: 0.0053
test_loss: 0.0198
epoch 492
train_loss: 0.0053
test_loss: 0.0198
epoch 493
train_loss: 0.0052
test_loss: 0.0197
epoch 494
train_loss: 0.0052
test_loss: 0.0196
epoch 495
train_loss: 0.0051
test_loss: 0.0195
epoch 496
train_loss: 0.0051
test_loss: 0.0194
epoch 497
train_loss: 0.0050
test_loss: 0.0193
epoch 498
train_loss: 0.0050
test_loss: 0.0193
epoch 499
train_loss: 0.0049
test_loss: 0.0191
epoch 500
train_loss: 0.0048
test_loss: 0.0191
epoch 501
train_loss: 0.0048
test_loss: 0.0190
epoch 502
train_loss: 0.0048
test_loss: 0.0189
epoch 503
train_loss: 0.0047
test_loss: 0.0188
epoch 504
train_loss: 0.0047
test_loss: 0.0188
epoch 505
train_loss: 0.0046
test_loss: 0.0187
epoch 506
train_loss: 0.0046
test_loss: 0.0187
epoch 507
train_loss: 0.0045
test_loss: 0.0185
epoch 508
train_loss: 0.0045
test_loss: 0.0185
epoch 509
train_loss: 0.0044
test_loss: 0.0184
epoch 510
train_loss: 0.0044
test_loss: 0.0183
epoch 511
train_loss: 0.0043
test_loss: 0.0183
epoch 512
train_loss: 0.0043
test_loss: 0.0182
epoch 513
train_loss: 0.0043
test_loss: 0.0182
epoch 514
train_loss: 0.0042
test_loss: 0.0181
epoch 515
train_loss: 0.0042
test_loss: 0.0180
epoch 516
train_loss: 0.0042
test_loss: 0.0180
epoch 517
train_loss: 0.0041
test_loss: 0.0180
epoch 518
train_loss: 0.0041
test_loss: 0.0179
epoch 519
train_loss: 0.0040
test_loss: 0.0178
epoch 520
train_loss: 0.0040
test_loss: 0.0178
epoch 521
train_loss: 0.0040
test_loss: 0.0178
epoch 522
train_loss: 0.0039
test_loss: 0.0177
epoch 523
train_loss: 0.0039
test_loss: 0.0176
epoch 524
train_loss: 0.0039
test_loss: 0.0176
epoch 525
train_loss: 0.0038
test_loss: 0.0175
epoch 526
train_loss: 0.0038
test_loss: 0.0175
epoch 527
train_loss: 0.0038
test_loss: 0.0174
epoch 528
train_loss: 0.0038
test_loss: 0.0174
epoch 529
train_loss: 0.0037
test_loss: 0.0173
epoch 530
train_loss: 0.0037
test_loss: 0.0173
epoch 531
train_loss: 0.0037
test_loss: 0.0172
epoch 532
train_loss: 0.0036
test_loss: 0.0171
epoch 533
train_loss: 0.0036
test_loss: 0.0171
epoch 534
train_loss: 0.0036
test_loss: 0.0171
epoch 535
train_loss: 0.0036
test_loss: 0.0170
epoch 536
train_loss: 0.0035
test_loss: 0.0170
epoch 537
train_loss: 0.0035
test_loss: 0.0169
epoch 538
train_loss: 0.0035
test_loss: 0.0169
epoch 539
train_loss: 0.0035
test_loss: 0.0168
epoch 540
train_loss: 0.0034
test_loss: 0.0168
epoch 541
train_loss: 0.0034
test_loss: 0.0168
epoch 542
train_loss: 0.0034
test_loss: 0.0167
epoch 543
train_loss: 0.0034
test_loss: 0.0167
epoch 544
train_loss: 0.0033
test_loss: 0.0166
epoch 545
train_loss: 0.0033
test_loss: 0.0166
epoch 546
train_loss: 0.0033
test_loss: 0.0165
epoch 547
train_loss: 0.0033
test_loss: 0.0165
epoch 548
train_loss: 0.0033
test_loss: 0.0164
epoch 549
train_loss: 0.0032
test_loss: 0.0164
epoch 550
train_loss: 0.0032
test_loss: 0.0164
epoch 551
train_loss: 0.0032
test_loss: 0.0164
epoch 552
train_loss: 0.0032
test_loss: 0.0163
epoch 553
train_loss: 0.0032
test_loss: 0.0163
epoch 554
train_loss: 0.0031
test_loss: 0.0162
epoch 555
train_loss: 0.0031
test_loss: 0.0162
epoch 556
train_loss: 0.0031
test_loss: 0.0162
epoch 557
train_loss: 0.0031
test_loss: 0.0162
epoch 558
train_loss: 0.0031
test_loss: 0.0161
epoch 559
train_loss: 0.0031
test_loss: 0.0161
epoch 560
train_loss: 0.0030
test_loss: 0.0161
epoch 561
train_loss: 0.0030
test_loss: 0.0160
epoch 562
train_loss: 0.0030
test_loss: 0.0160
epoch 563
train_loss: 0.0030
test_loss: 0.0160
epoch 564
train_loss: 0.0030
test_loss: 0.0160
epoch 565
train_loss: 0.0030
test_loss: 0.0159
epoch 566
train_loss: 0.0029
test_loss: 0.0159
epoch 567
train_loss: 0.0029
test_loss: 0.0159
epoch 568
train_loss: 0.0029
test_loss: 0.0159
epoch 569
train_loss: 0.0029
test_loss: 0.0159
epoch 570
train_loss: 0.0029
test_loss: 0.0158
epoch 571
train_loss: 0.0029
test_loss: 0.0158
epoch 572
train_loss: 0.0029
test_loss: 0.0158
epoch 573
train_loss: 0.0029
test_loss: 0.0158
epoch 574
train_loss: 0.0028
test_loss: 0.0157
epoch 575
train_loss: 0.0028
test_loss: 0.0157
epoch 576
train_loss: 0.0028
test_loss: 0.0157
epoch 577
train_loss: 0.0028
test_loss: 0.0157
epoch 578
train_loss: 0.0028
test_loss: 0.0157
epoch 579
train_loss: 0.0028
test_loss: 0.0157
epoch 580
train_loss: 0.0028
test_loss: 0.0156
epoch 581
train_loss: 0.0028
test_loss: 0.0156
epoch 582
train_loss: 0.0027
test_loss: 0.0156
epoch 583
train_loss: 0.0027
test_loss: 0.0156
epoch 584
train_loss: 0.0027
test_loss: 0.0156
epoch 585
train_loss: 0.0027
test_loss: 0.0156
epoch 586
train_loss: 0.0027
test_loss: 0.0155
epoch 587
train_loss: 0.0027
test_loss: 0.0155
epoch 588
train_loss: 0.0027
test_loss: 0.0155
epoch 589
train_loss: 0.0027
test_loss: 0.0155
epoch 590
train_loss: 0.0027
test_loss: 0.0154
epoch 591
train_loss: 0.0026
test_loss: 0.0154
epoch 592
train_loss: 0.0026
test_loss: 0.0154
epoch 593
train_loss: 0.0026
test_loss: 0.0154
epoch 594
train_loss: 0.0026
test_loss: 0.0154
epoch 595
train_loss: 0.0026
test_loss: 0.0154
epoch 596
train_loss: 0.0026
test_loss: 0.0153
epoch 597
train_loss: 0.0026
test_loss: 0.0153
epoch 598
train_loss: 0.0026
test_loss: 0.0153
epoch 599
train_loss: 0.0026
test_loss: 0.0153
epoch 600
train_loss: 0.0026
test_loss: 0.0153
epoch 601
train_loss: 0.0025
test_loss: 0.0153
epoch 602
train_loss: 0.0025
test_loss: 0.0153
epoch 603
train_loss: 0.0025
test_loss: 0.0152
epoch 604
train_loss: 0.0025
test_loss: 0.0153
epoch 605
train_loss: 0.0025
test_loss: 0.0152
epoch 606
train_loss: 0.0025
test_loss: 0.0152
epoch 607
train_loss: 0.0025
test_loss: 0.0152
epoch 608
train_loss: 0.0025
test_loss: 0.0152
epoch 609
train_loss: 0.0025
test_loss: 0.0152
epoch 610
train_loss: 0.0025
test_loss: 0.0151
epoch 611
train_loss: 0.0025
test_loss: 0.0151
epoch 612
train_loss: 0.0025
test_loss: 0.0151
epoch 613
train_loss: 0.0024
test_loss: 0.0151
epoch 614
train_loss: 0.0024
test_loss: 0.0151
epoch 615
train_loss: 0.0024
test_loss: 0.0151
epoch 616
train_loss: 0.0024
test_loss: 0.0151
epoch 617
train_loss: 0.0024
test_loss: 0.0151
epoch 618
train_loss: 0.0024
test_loss: 0.0150
epoch 619
train_loss: 0.0024
test_loss: 0.0150
epoch 620
train_loss: 0.0024
test_loss: 0.0150
epoch 621
train_loss: 0.0024
test_loss: 0.0150
epoch 622
train_loss: 0.0024
test_loss: 0.0150
epoch 623
train_loss: 0.0024
test_loss: 0.0150
epoch 624
train_loss: 0.0024
test_loss: 0.0149
epoch 625
train_loss: 0.0024
test_loss: 0.0149
epoch 626
train_loss: 0.0023
test_loss: 0.0149
epoch 627
train_loss: 0.0023
test_loss: 0.0149
epoch 628
train_loss: 0.0023
test_loss: 0.0149
epoch 629
train_loss: 0.0023
test_loss: 0.0149
epoch 630
train_loss: 0.0023
test_loss: 0.0149
epoch 631
train_loss: 0.0023
test_loss: 0.0149
epoch 632
train_loss: 0.0023
test_loss: 0.0149
epoch 633
train_loss: 0.0023
test_loss: 0.0148
epoch 634
train_loss: 0.0023
test_loss: 0.0149
epoch 635
train_loss: 0.0023
test_loss: 0.0148
epoch 636
train_loss: 0.0023
test_loss: 0.0149
epoch 637
train_loss: 0.0023
test_loss: 0.0148
epoch 638
train_loss: 0.0023
test_loss: 0.0148
epoch 639
train_loss: 0.0023
test_loss: 0.0148
epoch 640
train_loss: 0.0023
test_loss: 0.0148
epoch 641
train_loss: 0.0022
test_loss: 0.0148
epoch 642
train_loss: 0.0022
test_loss: 0.0148
epoch 643
train_loss: 0.0022
test_loss: 0.0148
epoch 644
train_loss: 0.0022
test_loss: 0.0148
epoch 645
train_loss: 0.0022
test_loss: 0.0147
epoch 646
train_loss: 0.0022
test_loss: 0.0147
epoch 647
train_loss: 0.0022
test_loss: 0.0147
epoch 648
train_loss: 0.0022
test_loss: 0.0147
epoch 649
train_loss: 0.0022
test_loss: 0.0147
epoch 650
train_loss: 0.0022
test_loss: 0.0147
epoch 651
train_loss: 0.0022
test_loss: 0.0146
epoch 652
train_loss: 0.0022
test_loss: 0.0147
epoch 653
train_loss: 0.0022
test_loss: 0.0147
epoch 654
train_loss: 0.0022
test_loss: 0.0147
epoch 655
train_loss: 0.0022
test_loss: 0.0147
epoch 656
train_loss: 0.0022
test_loss: 0.0146
epoch 657
train_loss: 0.0022
test_loss: 0.0146
epoch 658
train_loss: 0.0022
test_loss: 0.0146
epoch 659
train_loss: 0.0021
test_loss: 0.0146
epoch 660
train_loss: 0.0021
test_loss: 0.0146
epoch 661
train_loss: 0.0021
test_loss: 0.0146
epoch 662
train_loss: 0.0021
test_loss: 0.0146
epoch 663
train_loss: 0.0021
test_loss: 0.0146
epoch 664
train_loss: 0.0021
test_loss: 0.0146
epoch 665
train_loss: 0.0021
test_loss: 0.0146
epoch 666
train_loss: 0.0021
test_loss: 0.0146
epoch 667
train_loss: 0.0021
test_loss: 0.0146
epoch 668
train_loss: 0.0021
test_loss: 0.0145
epoch 669
train_loss: 0.0021
test_loss: 0.0145
epoch 670
train_loss: 0.0021
test_loss: 0.0145
epoch 671
train_loss: 0.0021
test_loss: 0.0145
epoch 672
train_loss: 0.0021
test_loss: 0.0145
epoch 673
train_loss: 0.0021
test_loss: 0.0145
epoch 674
train_loss: 0.0021
test_loss: 0.0145
epoch 675
train_loss: 0.0021
test_loss: 0.0145
epoch 676
train_loss: 0.0021
test_loss: 0.0145
epoch 677
train_loss: 0.0021
test_loss: 0.0145
epoch 678
train_loss: 0.0021
test_loss: 0.0145
epoch 679
train_loss: 0.0021
test_loss: 0.0144
epoch 680
train_loss: 0.0021
test_loss: 0.0144
epoch 681
train_loss: 0.0021
test_loss: 0.0144
epoch 682
train_loss: 0.0021
test_loss: 0.0144
epoch 683
train_loss: 0.0021
test_loss: 0.0144
epoch 684
train_loss: 0.0020
test_loss: 0.0144
epoch 685
train_loss: 0.0020
test_loss: 0.0144
epoch 686
train_loss: 0.0020
test_loss: 0.0144
epoch 687
train_loss: 0.0020
test_loss: 0.0144
epoch 688
train_loss: 0.0020
test_loss: 0.0144
epoch 689
train_loss: 0.0020
test_loss: 0.0144
epoch 690
train_loss: 0.0020
test_loss: 0.0144
epoch 691
train_loss: 0.0020
test_loss: 0.0143
epoch 692
train_loss: 0.0020
test_loss: 0.0143
epoch 693
train_loss: 0.0020
test_loss: 0.0143
epoch 694
train_loss: 0.0020
test_loss: 0.0143
epoch 695
train_loss: 0.0020
test_loss: 0.0143
epoch 696
train_loss: 0.0020
test_loss: 0.0143
epoch 697
train_loss: 0.0020
test_loss: 0.0143
epoch 698
train_loss: 0.0020
test_loss: 0.0143
epoch 699
train_loss: 0.0020
test_loss: 0.0143
epoch 700
train_loss: 0.0020
test_loss: 0.0143
epoch 701
train_loss: 0.0020
test_loss: 0.0143
epoch 702
train_loss: 0.0020
test_loss: 0.0142
epoch 703
train_loss: 0.0020
test_loss: 0.0142
epoch 704
train_loss: 0.0020
test_loss: 0.0142
epoch 705
train_loss: 0.0020
test_loss: 0.0142
epoch 706
train_loss: 0.0020
test_loss: 0.0143
epoch 707
train_loss: 0.0020
test_loss: 0.0142
epoch 708
train_loss: 0.0020
test_loss: 0.0142
epoch 709
train_loss: 0.0020
test_loss: 0.0142
epoch 710
train_loss: 0.0020
test_loss: 0.0142
epoch 711
train_loss: 0.0019
test_loss: 0.0142
epoch 712
train_loss: 0.0019
test_loss: 0.0142
epoch 713
train_loss: 0.0019
test_loss: 0.0142
epoch 714
train_loss: 0.0019
test_loss: 0.0142
epoch 715
train_loss: 0.0019
test_loss: 0.0142
epoch 716
train_loss: 0.0019
test_loss: 0.0142
epoch 717
train_loss: 0.0019
test_loss: 0.0142
epoch 718
train_loss: 0.0019
test_loss: 0.0141
epoch 719
train_loss: 0.0019
test_loss: 0.0141
epoch 720
train_loss: 0.0019
test_loss: 0.0141
epoch 721
train_loss: 0.0019
test_loss: 0.0141
epoch 722
train_loss: 0.0019
test_loss: 0.0141
epoch 723
train_loss: 0.0019
test_loss: 0.0141
epoch 724
train_loss: 0.0019
test_loss: 0.0141
epoch 725
train_loss: 0.0019
test_loss: 0.0141
epoch 726
train_loss: 0.0019
test_loss: 0.0141
epoch 727
train_loss: 0.0019
test_loss: 0.0141
epoch 728
train_loss: 0.0019
test_loss: 0.0141
epoch 729
train_loss: 0.0019
test_loss: 0.0141
epoch 730
train_loss: 0.0019
test_loss: 0.0141
epoch 731
train_loss: 0.0019
test_loss: 0.0141
epoch 732
train_loss: 0.0019
test_loss: 0.0141
epoch 733
train_loss: 0.0019
test_loss: 0.0141
epoch 734
train_loss: 0.0019
test_loss: 0.0141
epoch 735
train_loss: 0.0019
test_loss: 0.0141
epoch 736
train_loss: 0.0019
test_loss: 0.0140
epoch 737
train_loss: 0.0019
test_loss: 0.0141
epoch 738
train_loss: 0.0019
test_loss: 0.0141
epoch 739
train_loss: 0.0019
test_loss: 0.0141
epoch 740
train_loss: 0.0019
test_loss: 0.0140
epoch 741
train_loss: 0.0019
test_loss: 0.0140
epoch 742
train_loss: 0.0019
test_loss: 0.0140
epoch 743
train_loss: 0.0019
test_loss: 0.0140
epoch 744
train_loss: 0.0019
test_loss: 0.0141
epoch 745
train_loss: 0.0019
test_loss: 0.0140
epoch 746
train_loss: 0.0019
test_loss: 0.0140
epoch 747
train_loss: 0.0019
test_loss: 0.0140
epoch 748
train_loss: 0.0018
test_loss: 0.0140
epoch 749
train_loss: 0.0018
test_loss: 0.0140
epoch 750
train_loss: 0.0018
test_loss: 0.0140
epoch 751
train_loss: 0.0018
test_loss: 0.0140
epoch 752
train_loss: 0.0018
test_loss: 0.0140
epoch 753
train_loss: 0.0018
test_loss: 0.0140
epoch 754
train_loss: 0.0018
test_loss: 0.0140
epoch 755
train_loss: 0.0018
test_loss: 0.0140
epoch 756
train_loss: 0.0018
test_loss: 0.0140
epoch 757
train_loss: 0.0018
test_loss: 0.0140
epoch 758
train_loss: 0.0018
test_loss: 0.0140
epoch 759
train_loss: 0.0018
test_loss: 0.0140
epoch 760
train_loss: 0.0018
test_loss: 0.0140
epoch 761
train_loss: 0.0018
test_loss: 0.0140
epoch 762
train_loss: 0.0018
test_loss: 0.0140
epoch 763
train_loss: 0.0018
test_loss: 0.0140
epoch 764
train_loss: 0.0018
test_loss: 0.0139
epoch 765
train_loss: 0.0018
test_loss: 0.0140
epoch 766
train_loss: 0.0018
test_loss: 0.0139
epoch 767
train_loss: 0.0018
test_loss: 0.0139
epoch 768
train_loss: 0.0018
test_loss: 0.0139
epoch 769
train_loss: 0.0018
test_loss: 0.0139
epoch 770
train_loss: 0.0018
test_loss: 0.0140
epoch 771
train_loss: 0.0018
test_loss: 0.0139
epoch 772
train_loss: 0.0018
test_loss: 0.0140
epoch 773
train_loss: 0.0018
test_loss: 0.0139
epoch 774
train_loss: 0.0018
test_loss: 0.0139
epoch 775
train_loss: 0.0018
test_loss: 0.0139
epoch 776
train_loss: 0.0018
test_loss: 0.0140
epoch 777
train_loss: 0.0018
test_loss: 0.0139
epoch 778
train_loss: 0.0018
test_loss: 0.0139
epoch 779
train_loss: 0.0018
test_loss: 0.0139
epoch 780
train_loss: 0.0018
test_loss: 0.0139
epoch 781
train_loss: 0.0018
test_loss: 0.0139
epoch 782
train_loss: 0.0018
test_loss: 0.0139
epoch 783
train_loss: 0.0018
test_loss: 0.0139
epoch 784
train_loss: 0.0018
test_loss: 0.0139
epoch 785
train_loss: 0.0018
test_loss: 0.0139
epoch 786
train_loss: 0.0018
test_loss: 0.0139
epoch 787
train_loss: 0.0018
test_loss: 0.0139
epoch 788
train_loss: 0.0018
test_loss: 0.0140
epoch 789
train_loss: 0.0018
test_loss: 0.0139
epoch 790
train_loss: 0.0018
test_loss: 0.0139
epoch 791
train_loss: 0.0018
test_loss: 0.0139
epoch 792
train_loss: 0.0018
test_loss: 0.0139
epoch 793
train_loss: 0.0018
test_loss: 0.0139
epoch 794
train_loss: 0.0018
test_loss: 0.0139
epoch 795
train_loss: 0.0018
test_loss: 0.0139
epoch 796
train_loss: 0.0017
test_loss: 0.0139
epoch 797
train_loss: 0.0017
test_loss: 0.0139
epoch 798
train_loss: 0.0017
test_loss: 0.0139
epoch 799
train_loss: 0.0017
test_loss: 0.0139
epoch 800
train_loss: 0.0017
test_loss: 0.0139
epoch 801
train_loss: 0.0017
test_loss: 0.0139
epoch 802
train_loss: 0.0017
test_loss: 0.0139
epoch 803
train_loss: 0.0017
test_loss: 0.0139
epoch 804
train_loss: 0.0017
test_loss: 0.0139
epoch 805
train_loss: 0.0017
test_loss: 0.0139
epoch 806
train_loss: 0.0017
test_loss: 0.0139
epoch 807
train_loss: 0.0017
test_loss: 0.0139
epoch 808
train_loss: 0.0017
test_loss: 0.0139
epoch 809
train_loss: 0.0017
test_loss: 0.0139
epoch 810
train_loss: 0.0017
test_loss: 0.0139
epoch 811
train_loss: 0.0017
test_loss: 0.0139
epoch 812
train_loss: 0.0017
test_loss: 0.0139
epoch 813
train_loss: 0.0017
test_loss: 0.0139
epoch 814
train_loss: 0.0017
test_loss: 0.0139
epoch 815
train_loss: 0.0017
test_loss: 0.0139
epoch 816
train_loss: 0.0017
test_loss: 0.0139
epoch 817
train_loss: 0.0017
test_loss: 0.0139
epoch 818
train_loss: 0.0017
test_loss: 0.0139
epoch 819
train_loss: 0.0017
test_loss: 0.0139
epoch 820
train_loss: 0.0017
test_loss: 0.0138
epoch 821
train_loss: 0.0017
test_loss: 0.0139
epoch 822
train_loss: 0.0017
test_loss: 0.0139
epoch 823
train_loss: 0.0017
test_loss: 0.0139
epoch 824
train_loss: 0.0017
test_loss: 0.0139
epoch 825
train_loss: 0.0017
test_loss: 0.0138
epoch 826
train_loss: 0.0017
test_loss: 0.0139
epoch 827
train_loss: 0.0017
test_loss: 0.0139
epoch 828
train_loss: 0.0017
test_loss: 0.0138
epoch 829
train_loss: 0.0017
test_loss: 0.0139
epoch 830
train_loss: 0.0017
test_loss: 0.0139
epoch 831
train_loss: 0.0017
test_loss: 0.0138
epoch 832
train_loss: 0.0017
test_loss: 0.0139
epoch 833
train_loss: 0.0017
test_loss: 0.0138
epoch 834
train_loss: 0.0017
test_loss: 0.0138
epoch 835
train_loss: 0.0017
test_loss: 0.0138
epoch 836
train_loss: 0.0017
test_loss: 0.0139
epoch 837
train_loss: 0.0017
test_loss: 0.0138
epoch 838
train_loss: 0.0017
test_loss: 0.0138
epoch 839
train_loss: 0.0017
test_loss: 0.0138
epoch 840
train_loss: 0.0017
test_loss: 0.0139
epoch 841
train_loss: 0.0017
test_loss: 0.0138
epoch 842
train_loss: 0.0017
test_loss: 0.0138
epoch 843
train_loss: 0.0017
test_loss: 0.0138
epoch 844
train_loss: 0.0017
test_loss: 0.0138
epoch 845
train_loss: 0.0017
test_loss: 0.0138
epoch 846
train_loss: 0.0017
test_loss: 0.0138
epoch 847
train_loss: 0.0017
test_loss: 0.0138
epoch 848
train_loss: 0.0017
test_loss: 0.0138
epoch 849
train_loss: 0.0016
test_loss: 0.0138
epoch 850
train_loss: 0.0016
test_loss: 0.0138
epoch 851
train_loss: 0.0016
test_loss: 0.0138
epoch 852
train_loss: 0.0016
test_loss: 0.0138
epoch 853
train_loss: 0.0016
test_loss: 0.0138
epoch 854
train_loss: 0.0016
test_loss: 0.0138
epoch 855
train_loss: 0.0016
test_loss: 0.0138
epoch 856
train_loss: 0.0016
test_loss: 0.0138
epoch 857
train_loss: 0.0016
test_loss: 0.0138
epoch 858
train_loss: 0.0016
test_loss: 0.0138
epoch 859
train_loss: 0.0016
test_loss: 0.0138
epoch 860
train_loss: 0.0016
test_loss: 0.0138
epoch 861
train_loss: 0.0016
test_loss: 0.0137
epoch 862
train_loss: 0.0016
test_loss: 0.0138
epoch 863
train_loss: 0.0016
test_loss: 0.0137
epoch 864
train_loss: 0.0016
test_loss: 0.0137
epoch 865
train_loss: 0.0016
test_loss: 0.0137
epoch 866
train_loss: 0.0016
test_loss: 0.0138
epoch 867
train_loss: 0.0016
test_loss: 0.0138
epoch 868
train_loss: 0.0016
test_loss: 0.0137
epoch 869
train_loss: 0.0016
test_loss: 0.0137
epoch 870
train_loss: 0.0016
test_loss: 0.0137
epoch 871
train_loss: 0.0016
test_loss: 0.0137
epoch 872
train_loss: 0.0016
test_loss: 0.0137
epoch 873
train_loss: 0.0016
test_loss: 0.0137
epoch 874
train_loss: 0.0016
test_loss: 0.0137
epoch 875
train_loss: 0.0016
test_loss: 0.0137
epoch 876
train_loss: 0.0016
test_loss: 0.0137
epoch 877
train_loss: 0.0016
test_loss: 0.0137
epoch 878
train_loss: 0.0016
test_loss: 0.0137
epoch 879
train_loss: 0.0016
test_loss: 0.0137
epoch 880
train_loss: 0.0016
test_loss: 0.0137
epoch 881
train_loss: 0.0016
test_loss: 0.0137
epoch 882
train_loss: 0.0016
test_loss: 0.0137
epoch 883
train_loss: 0.0016
test_loss: 0.0137
epoch 884
train_loss: 0.0016
test_loss: 0.0136
epoch 885
train_loss: 0.0016
test_loss: 0.0137
epoch 886
train_loss: 0.0016
test_loss: 0.0136
epoch 887
train_loss: 0.0016
test_loss: 0.0137
epoch 888
train_loss: 0.0016
test_loss: 0.0136
epoch 889
train_loss: 0.0016
test_loss: 0.0137
epoch 890
train_loss: 0.0016
test_loss: 0.0136
epoch 891
train_loss: 0.0016
test_loss: 0.0137
epoch 892
train_loss: 0.0016
test_loss: 0.0136
epoch 893
train_loss: 0.0016
test_loss: 0.0136
epoch 894
train_loss: 0.0016
test_loss: 0.0136
epoch 895
train_loss: 0.0016
test_loss: 0.0136
epoch 896
train_loss: 0.0016
test_loss: 0.0136
epoch 897
train_loss: 0.0016
test_loss: 0.0136
epoch 898
train_loss: 0.0016
test_loss: 0.0136
epoch 899
train_loss: 0.0016
test_loss: 0.0136
epoch 900
train_loss: 0.0016
test_loss: 0.0136
epoch 901
train_loss: 0.0016
test_loss: 0.0136
epoch 902
train_loss: 0.0016
test_loss: 0.0136
epoch 903
train_loss: 0.0016
test_loss: 0.0136
epoch 904
train_loss: 0.0016
test_loss: 0.0136
epoch 905
train_loss: 0.0016
test_loss: 0.0136
epoch 906
train_loss: 0.0016
test_loss: 0.0136
epoch 907
train_loss: 0.0016
test_loss: 0.0136
epoch 908
train_loss: 0.0016
test_loss: 0.0136
epoch 909
train_loss: 0.0016
test_loss: 0.0136
epoch 910
train_loss: 0.0016
test_loss: 0.0136
epoch 911
train_loss: 0.0016
test_loss: 0.0135
epoch 912
train_loss: 0.0016
test_loss: 0.0136
epoch 913
train_loss: 0.0016
test_loss: 0.0135
epoch 914
train_loss: 0.0016
test_loss: 0.0136
epoch 915
train_loss: 0.0016
test_loss: 0.0135
epoch 916
train_loss: 0.0016
test_loss: 0.0136
epoch 917
train_loss: 0.0016
test_loss: 0.0135
epoch 918
train_loss: 0.0016
test_loss: 0.0136
epoch 919
train_loss: 0.0016
test_loss: 0.0135
epoch 920
train_loss: 0.0016
test_loss: 0.0136
epoch 921
train_loss: 0.0016
test_loss: 0.0135
epoch 922
train_loss: 0.0016
test_loss: 0.0136
epoch 923
train_loss: 0.0016
test_loss: 0.0135
epoch 924
train_loss: 0.0016
test_loss: 0.0135
epoch 925
train_loss: 0.0016
test_loss: 0.0135
epoch 926
train_loss: 0.0016
test_loss: 0.0135
epoch 927
train_loss: 0.0015
test_loss: 0.0135
epoch 928
train_loss: 0.0016
test_loss: 0.0135
epoch 929
train_loss: 0.0015
test_loss: 0.0135
epoch 930
train_loss: 0.0015
test_loss: 0.0135
epoch 931
train_loss: 0.0015
test_loss: 0.0135
epoch 932
train_loss: 0.0015
test_loss: 0.0135
epoch 933
train_loss: 0.0015
test_loss: 0.0135
epoch 934
train_loss: 0.0015
test_loss: 0.0135
epoch 935
train_loss: 0.0015
test_loss: 0.0135
epoch 936
train_loss: 0.0015
test_loss: 0.0135
epoch 937
train_loss: 0.0015
test_loss: 0.0135
epoch 938
train_loss: 0.0015
test_loss: 0.0135
epoch 939
train_loss: 0.0015
test_loss: 0.0135
epoch 940
train_loss: 0.0015
test_loss: 0.0135
epoch 941
train_loss: 0.0015
test_loss: 0.0135
epoch 942
train_loss: 0.0015
test_loss: 0.0135
epoch 943
train_loss: 0.0015
test_loss: 0.0134
epoch 944
train_loss: 0.0015
test_loss: 0.0135
epoch 945
train_loss: 0.0015
test_loss: 0.0134
epoch 946
train_loss: 0.0015
test_loss: 0.0135
epoch 947
train_loss: 0.0015
test_loss: 0.0135
epoch 948
train_loss: 0.0015
test_loss: 0.0134
epoch 949
train_loss: 0.0015
test_loss: 0.0135
epoch 950
train_loss: 0.0015
test_loss: 0.0135
epoch 951
train_loss: 0.0015
test_loss: 0.0134
epoch 952
train_loss: 0.0015
test_loss: 0.0135
epoch 953
train_loss: 0.0015
test_loss: 0.0134
epoch 954
train_loss: 0.0015
test_loss: 0.0135
epoch 955
train_loss: 0.0015
test_loss: 0.0134
epoch 956
train_loss: 0.0015
test_loss: 0.0134
epoch 957
train_loss: 0.0015
test_loss: 0.0135
epoch 958
train_loss: 0.0015
test_loss: 0.0134
epoch 959
train_loss: 0.0015
test_loss: 0.0134
epoch 960
train_loss: 0.0015
test_loss: 0.0134
epoch 961
train_loss: 0.0015
test_loss: 0.0134
epoch 962
train_loss: 0.0015
test_loss: 0.0134
epoch 963
train_loss: 0.0015
test_loss: 0.0134
epoch 964
train_loss: 0.0015
test_loss: 0.0134
epoch 965
train_loss: 0.0015
test_loss: 0.0134
epoch 966
train_loss: 0.0015
test_loss: 0.0134
epoch 967
train_loss: 0.0015
test_loss: 0.0134
epoch 968
train_loss: 0.0015
test_loss: 0.0134
epoch 969
train_loss: 0.0015
test_loss: 0.0134
epoch 970
train_loss: 0.0015
test_loss: 0.0134
epoch 971
train_loss: 0.0015
test_loss: 0.0133
epoch 972
train_loss: 0.0015
test_loss: 0.0134
epoch 973
train_loss: 0.0015
test_loss: 0.0134
epoch 974
train_loss: 0.0015
test_loss: 0.0134
epoch 975
train_loss: 0.0015
test_loss: 0.0134
epoch 976
train_loss: 0.0015
test_loss: 0.0134
epoch 977
train_loss: 0.0015
test_loss: 0.0133
epoch 978
train_loss: 0.0015
test_loss: 0.0134
epoch 979
train_loss: 0.0015
test_loss: 0.0133
epoch 980
train_loss: 0.0015
test_loss: 0.0133
epoch 981
train_loss: 0.0015
test_loss: 0.0134
epoch 982
train_loss: 0.0015
test_loss: 0.0133
epoch 983
train_loss: 0.0015
test_loss: 0.0133
epoch 984
train_loss: 0.0015
test_loss: 0.0133
epoch 985
train_loss: 0.0015
test_loss: 0.0133
epoch 986
train_loss: 0.0015
test_loss: 0.0133
epoch 987
train_loss: 0.0015
test_loss: 0.0133
epoch 988
train_loss: 0.0015
test_loss: 0.0133
epoch 989
train_loss: 0.0015
test_loss: 0.0133
epoch 990
train_loss: 0.0015
test_loss: 0.0133
epoch 991
train_loss: 0.0015
test_loss: 0.0133
epoch 992
train_loss: 0.0015
test_loss: 0.0133
epoch 993
train_loss: 0.0015
test_loss: 0.0133
epoch 994
train_loss: 0.0015
test_loss: 0.0133
epoch 995
train_loss: 0.0015
test_loss: 0.0133
epoch 996
train_loss: 0.0015
test_loss: 0.0133
epoch 997
train_loss: 0.0015
test_loss: 0.0133
epoch 998
train_loss: 0.0015
test_loss: 0.0132
epoch 999
train_loss: 0.0015
test_loss: 0.0133
epoch 1000
train_loss: 0.0015
test_loss: 0.0132
epoch 1001
train_loss: 0.0015
test_loss: 0.0133
epoch 1002
train_loss: 0.0015
test_loss: 0.0133
epoch 1003
train_loss: 0.0015
test_loss: 0.0132
epoch 1004
train_loss: 0.0015
test_loss: 0.0133
epoch 1005
train_loss: 0.0015
test_loss: 0.0133
epoch 1006
train_loss: 0.0015
test_loss: 0.0132
epoch 1007
train_loss: 0.0015
test_loss: 0.0133
epoch 1008
train_loss: 0.0015
test_loss: 0.0132
epoch 1009
train_loss: 0.0015
test_loss: 0.0133
epoch 1010
train_loss: 0.0015
test_loss: 0.0132
epoch 1011
train_loss: 0.0015
test_loss: 0.0132
epoch 1012
train_loss: 0.0015
test_loss: 0.0132
epoch 1013
train_loss: 0.0015
test_loss: 0.0132
epoch 1014
train_loss: 0.0015
test_loss: 0.0132
epoch 1015
train_loss: 0.0015
test_loss: 0.0132
epoch 1016
train_loss: 0.0015
test_loss: 0.0132
epoch 1017
train_loss: 0.0015
test_loss: 0.0132
epoch 1018
train_loss: 0.0015
test_loss: 0.0132
epoch 1019
train_loss: 0.0015
test_loss: 0.0132
epoch 1020
train_loss: 0.0015
test_loss: 0.0132
epoch 1021
train_loss: 0.0015
test_loss: 0.0132
epoch 1022
train_loss: 0.0015
test_loss: 0.0132
epoch 1023
train_loss: 0.0015
test_loss: 0.0132
epoch 1024
train_loss: 0.0015
test_loss: 0.0132
epoch 1025
train_loss: 0.0015
test_loss: 0.0132
epoch 1026
train_loss: 0.0015
test_loss: 0.0132
epoch 1027
train_loss: 0.0015
test_loss: 0.0132
epoch 1028
train_loss: 0.0015
test_loss: 0.0132
epoch 1029
train_loss: 0.0015
test_loss: 0.0132
epoch 1030
train_loss: 0.0015
test_loss: 0.0132
epoch 1031
train_loss: 0.0015
test_loss: 0.0132
epoch 1032
train_loss: 0.0015
test_loss: 0.0131
epoch 1033
train_loss: 0.0015
test_loss: 0.0131
epoch 1034
train_loss: 0.0015
test_loss: 0.0132
epoch 1035
train_loss: 0.0015
test_loss: 0.0131
epoch 1036
train_loss: 0.0015
test_loss: 0.0132
epoch 1037
train_loss: 0.0015
test_loss: 0.0131
epoch 1038
train_loss: 0.0015
test_loss: 0.0131
epoch 1039
train_loss: 0.0015
test_loss: 0.0131
epoch 1040
train_loss: 0.0015
test_loss: 0.0131
epoch 1041
train_loss: 0.0015
test_loss: 0.0131
epoch 1042
train_loss: 0.0015
test_loss: 0.0131
epoch 1043
train_loss: 0.0015
test_loss: 0.0132
epoch 1044
train_loss: 0.0015
test_loss: 0.0131
epoch 1045
train_loss: 0.0015
test_loss: 0.0131
epoch 1046
train_loss: 0.0015
test_loss: 0.0131
epoch 1047
train_loss: 0.0015
test_loss: 0.0131
epoch 1048
train_loss: 0.0015
test_loss: 0.0131
epoch 1049
train_loss: 0.0015
test_loss: 0.0131
epoch 1050
train_loss: 0.0015
test_loss: 0.0131
epoch 1051
train_loss: 0.0015
test_loss: 0.0131
epoch 1052
train_loss: 0.0015
test_loss: 0.0131
epoch 1053
train_loss: 0.0015
test_loss: 0.0131
epoch 1054
train_loss: 0.0015
test_loss: 0.0131
epoch 1055
train_loss: 0.0015
test_loss: 0.0131
epoch 1056
train_loss: 0.0015
test_loss: 0.0131
epoch 1057
train_loss: 0.0015
test_loss: 0.0131
epoch 1058
train_loss: 0.0014
test_loss: 0.0131
epoch 1059
train_loss: 0.0015
test_loss: 0.0131
epoch 1060
train_loss: 0.0014
test_loss: 0.0131
epoch 1061
train_loss: 0.0014
test_loss: 0.0131
epoch 1062
train_loss: 0.0014
test_loss: 0.0131
epoch 1063
train_loss: 0.0014
test_loss: 0.0130
epoch 1064
train_loss: 0.0014
test_loss: 0.0131
epoch 1065
train_loss: 0.0014
test_loss: 0.0131
epoch 1066
train_loss: 0.0014
test_loss: 0.0130
epoch 1067
train_loss: 0.0014
test_loss: 0.0131
epoch 1068
train_loss: 0.0014
test_loss: 0.0131
epoch 1069
train_loss: 0.0014
test_loss: 0.0130
epoch 1070
train_loss: 0.0014
test_loss: 0.0131
epoch 1071
train_loss: 0.0014
test_loss: 0.0131
epoch 1072
train_loss: 0.0014
test_loss: 0.0130
epoch 1073
train_loss: 0.0014
test_loss: 0.0131
epoch 1074
train_loss: 0.0014
test_loss: 0.0130
epoch 1075
train_loss: 0.0014
test_loss: 0.0130
epoch 1076
train_loss: 0.0014
test_loss: 0.0131
epoch 1077
train_loss: 0.0014
test_loss: 0.0130
epoch 1078
train_loss: 0.0014
test_loss: 0.0130
epoch 1079
train_loss: 0.0014
test_loss: 0.0131
epoch 1080
train_loss: 0.0014
test_loss: 0.0130
epoch 1081
train_loss: 0.0014
test_loss: 0.0130
epoch 1082
train_loss: 0.0014
test_loss: 0.0130
epoch 1083
train_loss: 0.0014
test_loss: 0.0130
epoch 1084
train_loss: 0.0014
test_loss: 0.0131
epoch 1085
train_loss: 0.0014
test_loss: 0.0130
epoch 1086
train_loss: 0.0014
test_loss: 0.0130
epoch 1087
train_loss: 0.0014
test_loss: 0.0130
epoch 1088
train_loss: 0.0014
test_loss: 0.0130
epoch 1089
train_loss: 0.0014
test_loss: 0.0130
epoch 1090
train_loss: 0.0014
test_loss: 0.0130
epoch 1091
train_loss: 0.0014
test_loss: 0.0130
epoch 1092
train_loss: 0.0014
test_loss: 0.0130
epoch 1093
train_loss: 0.0014
test_loss: 0.0130
epoch 1094
train_loss: 0.0014
test_loss: 0.0130
epoch 1095
train_loss: 0.0014
test_loss: 0.0130
epoch 1096
train_loss: 0.0014
test_loss: 0.0130
epoch 1097
train_loss: 0.0014
test_loss: 0.0130
epoch 1098
train_loss: 0.0014
test_loss: 0.0130
epoch 1099
train_loss: 0.0014
test_loss: 0.0130
/home/xueqiong/noise_injection_uncertainty/regression/utils.py:39: FutureWarning: The 'delim_whitespace' keyword in pd.read_csv is deprecated and will be removed in a future version. Use ``sep='\s+'`` instead
  return pd.read_csv(dataset_path, engine='python', header=None, delim_whitespace=True)
8 1
614 154 768
model_name dropoutFCN
using Adam as optimizer
epoch 0
train_loss: 0.5986
Module: DropoutFullyConnectedNN
  Module: ModuleList
    Module: Linear
    Module: Linear
    Module: Linear
  Module: ModuleList
    Module: Dropout
dropout设置为训练模式
    Module: Dropout
dropout设置为训练模式
    Module: Dropout
dropout设置为训练模式
  Module: ReLU
test_loss: 0.2371
epoch 1
train_loss: 0.1398
Module: DropoutFullyConnectedNN
  Module: ModuleList
    Module: Linear
    Module: Linear
    Module: Linear
  Module: ModuleList
    Module: Dropout
dropout设置为训练模式
    Module: Dropout
dropout设置为训练模式
    Module: Dropout
dropout设置为训练模式
  Module: ReLU
test_loss: 0.1005
epoch 2
train_loss: 0.0925
Module: DropoutFullyConnectedNN
  Module: ModuleList
    Module: Linear
    Module: Linear
    Module: Linear
  Module: ModuleList
    Module: Dropout
dropout设置为训练模式
    Module: Dropout
dropout设置为训练模式
    Module: Dropout
dropout设置为训练模式
  Module: ReLU
test_loss: 0.0871
epoch 3
train_loss: 0.0766
Module: DropoutFullyConnectedNN
  Module: ModuleList
    Module: Linear
    Module: Linear
    Module: Linear
  Module: ModuleList
    Module: Dropout
dropout设置为训练模式
    Module: Dropout
dropout设置为训练模式
    Module: Dropout
dropout设置为训练模式
  Module: ReLU
test_loss: 0.0768
epoch 4
train_loss: 0.0697
Module: DropoutFullyConnectedNN
  Module: ModuleList
    Module: Linear
    Module: Linear
    Module: Linear
  Module: ModuleList
    Module: Dropout
dropout设置为训练模式
    Module: Dropout
dropout设置为训练模式
    Module: Dropout
dropout设置为训练模式
  Module: ReLU
test_loss: 0.0722
epoch 5
train_loss: 0.0650
Module: DropoutFullyConnectedNN
  Module: ModuleList
    Module: Linear
    Module: Linear
    Module: Linear
  Module: ModuleList
    Module: Dropout
dropout设置为训练模式
    Module: Dropout
dropout设置为训练模式
    Module: Dropout
dropout设置为训练模式
  Module: ReLU
test_loss: 0.0698
epoch 6
train_loss: 0.0606
Module: DropoutFullyConnectedNN
  Module: ModuleList
    Module: Linear
    Module: Linear
    Module: Linear
  Module: ModuleList
    Module: Dropout
dropout设置为训练模式
    Module: Dropout
dropout设置为训练模式
    Module: Dropout
dropout设置为训练模式
  Module: ReLU
test_loss: 0.0667
epoch 7
train_loss: 0.0594
Module: DropoutFullyConnectedNN
  Module: ModuleList
    Module: Linear
    Module: Linear
    Module: Linear
  Module: ModuleList
    Module: Dropout
dropout设置为训练模式
    Module: Dropout
dropout设置为训练模式
    Module: Dropout
dropout设置为训练模式
  Module: ReLU
test_loss: 0.0647
epoch 8
train_loss: 0.0582
Module: DropoutFullyConnectedNN
  Module: ModuleList
    Module: Linear
    Module: Linear
    Module: Linear
  Module: ModuleList
    Module: Dropout
dropout设置为训练模式
    Module: Dropout
dropout设置为训练模式
    Module: Dropout
dropout设置为训练模式
  Module: ReLU
test_loss: 0.0624
epoch 9
train_loss: 0.0552
Module: DropoutFullyConnectedNN
  Module: ModuleList
    Module: Linear
    Module: Linear
    Module: Linear
  Module: ModuleList
    Module: Dropout
dropout设置为训练模式
    Module: Dropout
dropout设置为训练模式
    Module: Dropout
dropout设置为训练模式
  Module: ReLU
test_loss: 0.0597
epoch 10
train_loss: 0.0542
Module: DropoutFullyConnectedNN
  Module: ModuleList
    Module: Linear
    Module: Linear
    Module: Linear
  Module: ModuleList
    Module: Dropout
dropout设置为训练模式
    Module: Dropout
dropout设置为训练模式
    Module: Dropout
dropout设置为训练模式
  Module: ReLU
test_loss: 0.0592
epoch 11
train_loss: 0.0513
Module: DropoutFullyConnectedNN
  Module: ModuleList
    Module: Linear
    Module: Linear
    Module: Linear
  Module: ModuleList
    Module: Dropout
dropout设置为训练模式
    Module: Dropout
dropout设置为训练模式
    Module: Dropout
dropout设置为训练模式
  Module: ReLU
test_loss: 0.0566
epoch 12
train_loss: 0.0462
Module: DropoutFullyConnectedNN
  Module: ModuleList
    Module: Linear
    Module: Linear
    Module: Linear
  Module: ModuleList
    Module: Dropout
dropout设置为训练模式
    Module: Dropout
dropout设置为训练模式
    Module: Dropout
dropout设置为训练模式
  Module: ReLU
test_loss: 0.0529
epoch 13
train_loss: 0.0440
Module: DropoutFullyConnectedNN
  Module: ModuleList
    Module: Linear
    Module: Linear
    Module: Linear
  Module: ModuleList
    Module: Dropout
dropout设置为训练模式
    Module: Dropout
dropout设置为训练模式
    Module: Dropout
dropout设置为训练模式
  Module: ReLU
test_loss: 0.0483
epoch 14
train_loss: 0.0412
Module: DropoutFullyConnectedNN
  Module: ModuleList
    Module: Linear
    Module: Linear
    Module: Linear
  Module: ModuleList
    Module: Dropout
dropout设置为训练模式
    Module: Dropout
dropout设置为训练模式
    Module: Dropout
dropout设置为训练模式
  Module: ReLU
test_loss: 0.0449
epoch 15
train_loss: 0.0393
Module: DropoutFullyConnectedNN
  Module: ModuleList
    Module: Linear
    Module: Linear
    Module: Linear
  Module: ModuleList
    Module: Dropout
dropout设置为训练模式
    Module: Dropout
dropout设置为训练模式
    Module: Dropout
dropout设置为训练模式
  Module: ReLU
test_loss: 0.0450
epoch 16
train_loss: 0.0347
Module: DropoutFullyConnectedNN
  Module: ModuleList
    Module: Linear
    Module: Linear
    Module: Linear
  Module: ModuleList
    Module: Dropout
dropout设置为训练模式
    Module: Dropout
dropout设置为训练模式
    Module: Dropout
dropout设置为训练模式
  Module: ReLU
test_loss: 0.0414
epoch 17
train_loss: 0.0327
Module: DropoutFullyConnectedNN
  Module: ModuleList
    Module: Linear
    Module: Linear
    Module: Linear
  Module: ModuleList
    Module: Dropout
dropout设置为训练模式
    Module: Dropout
dropout设置为训练模式
    Module: Dropout
dropout设置为训练模式
  Module: ReLU
test_loss: 0.0388
epoch 18
train_loss: 0.0300
Module: DropoutFullyConnectedNN
  Module: ModuleList
    Module: Linear
    Module: Linear
    Module: Linear
  Module: ModuleList
    Module: Dropout
dropout设置为训练模式
    Module: Dropout
dropout设置为训练模式
    Module: Dropout
dropout设置为训练模式
  Module: ReLU
test_loss: 0.0417
epoch 19
train_loss: 0.0299
Module: DropoutFullyConnectedNN
  Module: ModuleList
    Module: Linear
    Module: Linear
    Module: Linear
  Module: ModuleList
    Module: Dropout
dropout设置为训练模式
    Module: Dropout
dropout设置为训练模式
    Module: Dropout
dropout设置为训练模式
  Module: ReLU
test_loss: 0.0327
epoch 20
train_loss: 0.0270
Module: DropoutFullyConnectedNN
  Module: ModuleList
    Module: Linear
    Module: Linear
    Module: Linear
  Module: ModuleList
    Module: Dropout
dropout设置为训练模式
    Module: Dropout
dropout设置为训练模式
    Module: Dropout
dropout设置为训练模式
  Module: ReLU
test_loss: 0.0321
epoch 21
train_loss: 0.0247
Module: DropoutFullyConnectedNN
  Module: ModuleList
    Module: Linear
    Module: Linear
    Module: Linear
  Module: ModuleList
    Module: Dropout
dropout设置为训练模式
    Module: Dropout
dropout设置为训练模式
    Module: Dropout
dropout设置为训练模式
  Module: ReLU
test_loss: 0.0315
epoch 22
train_loss: 0.0244
Module: DropoutFullyConnectedNN
  Module: ModuleList
    Module: Linear
    Module: Linear
    Module: Linear
  Module: ModuleList
    Module: Dropout
dropout设置为训练模式
    Module: Dropout
dropout设置为训练模式
    Module: Dropout
dropout设置为训练模式
  Module: ReLU
test_loss: 0.0310
epoch 23
train_loss: 0.0215
Module: DropoutFullyConnectedNN
  Module: ModuleList
    Module: Linear
    Module: Linear
    Module: Linear
  Module: ModuleList
    Module: Dropout
dropout设置为训练模式
    Module: Dropout
dropout设置为训练模式
    Module: Dropout
dropout设置为训练模式
  Module: ReLU
test_loss: 0.0302
epoch 24
train_loss: 0.0225
Module: DropoutFullyConnectedNN
  Module: ModuleList
    Module: Linear
    Module: Linear
    Module: Linear
  Module: ModuleList
    Module: Dropout
dropout设置为训练模式
    Module: Dropout
dropout设置为训练模式
    Module: Dropout
dropout设置为训练模式
  Module: ReLU
test_loss: 0.0319
epoch 25
train_loss: 0.0202
Module: DropoutFullyConnectedNN
  Module: ModuleList
    Module: Linear
    Module: Linear
    Module: Linear
  Module: ModuleList
    Module: Dropout
dropout设置为训练模式
    Module: Dropout
dropout设置为训练模式
    Module: Dropout
dropout设置为训练模式
  Module: ReLU
test_loss: 0.0306
epoch 26
train_loss: 0.0225
Module: DropoutFullyConnectedNN
  Module: ModuleList
    Module: Linear
    Module: Linear
    Module: Linear
  Module: ModuleList
    Module: Dropout
dropout设置为训练模式
    Module: Dropout
dropout设置为训练模式
    Module: Dropout
dropout设置为训练模式
  Module: ReLU
test_loss: 0.0310
epoch 27
train_loss: 0.0220
Module: DropoutFullyConnectedNN
  Module: ModuleList
    Module: Linear
    Module: Linear
    Module: Linear
  Module: ModuleList
    Module: Dropout
dropout设置为训练模式
    Module: Dropout
dropout设置为训练模式
    Module: Dropout
dropout设置为训练模式
  Module: ReLU
test_loss: 0.0325
epoch 28
train_loss: 0.0189
Module: DropoutFullyConnectedNN
  Module: ModuleList
    Module: Linear
    Module: Linear
    Module: Linear
  Module: ModuleList
    Module: Dropout
dropout设置为训练模式
    Module: Dropout
dropout设置为训练模式
    Module: Dropout
dropout设置为训练模式
  Module: ReLU
test_loss: 0.0282
epoch 29
train_loss: 0.0178
Module: DropoutFullyConnectedNN
  Module: ModuleList
    Module: Linear
    Module: Linear
    Module: Linear
  Module: ModuleList
    Module: Dropout
dropout设置为训练模式
    Module: Dropout
dropout设置为训练模式
    Module: Dropout
dropout设置为训练模式
  Module: ReLU
test_loss: 0.0283
epoch 30
train_loss: 0.0162
Module: DropoutFullyConnectedNN
  Module: ModuleList
    Module: Linear
    Module: Linear
    Module: Linear
  Module: ModuleList
    Module: Dropout
dropout设置为训练模式
    Module: Dropout
dropout设置为训练模式
    Module: Dropout
dropout设置为训练模式
  Module: ReLU
test_loss: 0.0264
epoch 31
train_loss: 0.0166
Module: DropoutFullyConnectedNN
  Module: ModuleList
    Module: Linear
    Module: Linear
    Module: Linear
  Module: ModuleList
    Module: Dropout
dropout设置为训练模式
    Module: Dropout
dropout设置为训练模式
    Module: Dropout
dropout设置为训练模式
  Module: ReLU
test_loss: 0.0234
epoch 32
train_loss: 0.0147
Module: DropoutFullyConnectedNN
  Module: ModuleList
    Module: Linear
    Module: Linear
    Module: Linear
  Module: ModuleList
    Module: Dropout
dropout设置为训练模式
    Module: Dropout
dropout设置为训练模式
    Module: Dropout
dropout设置为训练模式
  Module: ReLU
test_loss: 0.0224
epoch 33
train_loss: 0.0154
Module: DropoutFullyConnectedNN
  Module: ModuleList
    Module: Linear
    Module: Linear
    Module: Linear
  Module: ModuleList
    Module: Dropout
dropout设置为训练模式
    Module: Dropout
dropout设置为训练模式
    Module: Dropout
dropout设置为训练模式
  Module: ReLU
test_loss: 0.0295
epoch 34
train_loss: 0.0138
Module: DropoutFullyConnectedNN
  Module: ModuleList
    Module: Linear
    Module: Linear
    Module: Linear
  Module: ModuleList
    Module: Dropout
dropout设置为训练模式
    Module: Dropout
dropout设置为训练模式
    Module: Dropout
dropout设置为训练模式
  Module: ReLU
test_loss: 0.0197
epoch 35
train_loss: 0.0111
Module: DropoutFullyConnectedNN
  Module: ModuleList
    Module: Linear
    Module: Linear
    Module: Linear
  Module: ModuleList
    Module: Dropout
dropout设置为训练模式
    Module: Dropout
dropout设置为训练模式
    Module: Dropout
dropout设置为训练模式
  Module: ReLU
test_loss: 0.0227
epoch 36
train_loss: 0.0122
Module: DropoutFullyConnectedNN
  Module: ModuleList
    Module: Linear
    Module: Linear
    Module: Linear
  Module: ModuleList
    Module: Dropout
dropout设置为训练模式
    Module: Dropout
dropout设置为训练模式
    Module: Dropout
dropout设置为训练模式
  Module: ReLU
test_loss: 0.0200
epoch 37
train_loss: 0.0114
Module: DropoutFullyConnectedNN
  Module: ModuleList
    Module: Linear
    Module: Linear
    Module: Linear
  Module: ModuleList
    Module: Dropout
dropout设置为训练模式
    Module: Dropout
dropout设置为训练模式
    Module: Dropout
dropout设置为训练模式
  Module: ReLU
test_loss: 0.0204
epoch 38
train_loss: 0.0090
Module: DropoutFullyConnectedNN
  Module: ModuleList
    Module: Linear
    Module: Linear
    Module: Linear
  Module: ModuleList
    Module: Dropout
dropout设置为训练模式
    Module: Dropout
dropout设置为训练模式
    Module: Dropout
dropout设置为训练模式
  Module: ReLU
test_loss: 0.0158
epoch 39
train_loss: 0.0103
Module: DropoutFullyConnectedNN
  Module: ModuleList
    Module: Linear
    Module: Linear
    Module: Linear
  Module: ModuleList
    Module: Dropout
dropout设置为训练模式
    Module: Dropout
dropout设置为训练模式
    Module: Dropout
dropout设置为训练模式
  Module: ReLU
test_loss: 0.0224
epoch 40
train_loss: 0.0121
Module: DropoutFullyConnectedNN
  Module: ModuleList
    Module: Linear
    Module: Linear
    Module: Linear
  Module: ModuleList
    Module: Dropout
dropout设置为训练模式
    Module: Dropout
dropout设置为训练模式
    Module: Dropout
dropout设置为训练模式
  Module: ReLU
test_loss: 0.0157
epoch 41
train_loss: 0.0095
Module: DropoutFullyConnectedNN
  Module: ModuleList
    Module: Linear
    Module: Linear
    Module: Linear
  Module: ModuleList
    Module: Dropout
dropout设置为训练模式
    Module: Dropout
dropout设置为训练模式
    Module: Dropout
dropout设置为训练模式
  Module: ReLU
test_loss: 0.0250
epoch 42
train_loss: 0.0102
Module: DropoutFullyConnectedNN
  Module: ModuleList
    Module: Linear
    Module: Linear
    Module: Linear
  Module: ModuleList
    Module: Dropout
dropout设置为训练模式
    Module: Dropout
dropout设置为训练模式
    Module: Dropout
dropout设置为训练模式
  Module: ReLU
test_loss: 0.0182
epoch 43
train_loss: 0.0096
Module: DropoutFullyConnectedNN
  Module: ModuleList
    Module: Linear
    Module: Linear
    Module: Linear
  Module: ModuleList
    Module: Dropout
dropout设置为训练模式
    Module: Dropout
dropout设置为训练模式
    Module: Dropout
dropout设置为训练模式
  Module: ReLU
test_loss: 0.0121
epoch 44
train_loss: 0.0099
Module: DropoutFullyConnectedNN
  Module: ModuleList
    Module: Linear
    Module: Linear
    Module: Linear
  Module: ModuleList
    Module: Dropout
dropout设置为训练模式
    Module: Dropout
dropout设置为训练模式
    Module: Dropout
dropout设置为训练模式
  Module: ReLU
test_loss: 0.0147
epoch 45
train_loss: 0.0082
Module: DropoutFullyConnectedNN
  Module: ModuleList
    Module: Linear
    Module: Linear
    Module: Linear
  Module: ModuleList
    Module: Dropout
dropout设置为训练模式
    Module: Dropout
dropout设置为训练模式
    Module: Dropout
dropout设置为训练模式
  Module: ReLU
test_loss: 0.0195
epoch 46
train_loss: 0.0112
Module: DropoutFullyConnectedNN
  Module: ModuleList
    Module: Linear
    Module: Linear
    Module: Linear
  Module: ModuleList
    Module: Dropout
dropout设置为训练模式
    Module: Dropout
dropout设置为训练模式
    Module: Dropout
dropout设置为训练模式
  Module: ReLU
test_loss: 0.0170
epoch 47
train_loss: 0.0102
Module: DropoutFullyConnectedNN
  Module: ModuleList
    Module: Linear
    Module: Linear
    Module: Linear
  Module: ModuleList
    Module: Dropout
dropout设置为训练模式
    Module: Dropout
dropout设置为训练模式
    Module: Dropout
dropout设置为训练模式
  Module: ReLU
test_loss: 0.0171
epoch 48
train_loss: 0.0075
Module: DropoutFullyConnectedNN
  Module: ModuleList
    Module: Linear
    Module: Linear
    Module: Linear
  Module: ModuleList
    Module: Dropout
dropout设置为训练模式
    Module: Dropout
dropout设置为训练模式
    Module: Dropout
dropout设置为训练模式
  Module: ReLU
test_loss: 0.0153
epoch 49
train_loss: 0.0086
Module: DropoutFullyConnectedNN
  Module: ModuleList
    Module: Linear
    Module: Linear
    Module: Linear
  Module: ModuleList
    Module: Dropout
dropout设置为训练模式
    Module: Dropout
dropout设置为训练模式
    Module: Dropout
dropout设置为训练模式
  Module: ReLU
test_loss: 0.0160
epoch 50
train_loss: 0.0085
Module: DropoutFullyConnectedNN
  Module: ModuleList
    Module: Linear
    Module: Linear
    Module: Linear
  Module: ModuleList
    Module: Dropout
dropout设置为训练模式
    Module: Dropout
dropout设置为训练模式
    Module: Dropout
dropout设置为训练模式
  Module: ReLU
test_loss: 0.0127
epoch 51
train_loss: 0.0064
Module: DropoutFullyConnectedNN
  Module: ModuleList
    Module: Linear
    Module: Linear
    Module: Linear
  Module: ModuleList
    Module: Dropout
dropout设置为训练模式
    Module: Dropout
dropout设置为训练模式
    Module: Dropout
dropout设置为训练模式
  Module: ReLU
test_loss: 0.0165
epoch 52
train_loss: 0.0078
Module: DropoutFullyConnectedNN
  Module: ModuleList
    Module: Linear
    Module: Linear
    Module: Linear
  Module: ModuleList
    Module: Dropout
dropout设置为训练模式
    Module: Dropout
dropout设置为训练模式
    Module: Dropout
dropout设置为训练模式
  Module: ReLU
test_loss: 0.0162
epoch 53
train_loss: 0.0083
Module: DropoutFullyConnectedNN
  Module: ModuleList
    Module: Linear
    Module: Linear
    Module: Linear
  Module: ModuleList
    Module: Dropout
dropout设置为训练模式
    Module: Dropout
dropout设置为训练模式
    Module: Dropout
dropout设置为训练模式
  Module: ReLU
test_loss: 0.0184
epoch 54
train_loss: 0.0079
Module: DropoutFullyConnectedNN
  Module: ModuleList
    Module: Linear
    Module: Linear
    Module: Linear
  Module: ModuleList
    Module: Dropout
dropout设置为训练模式
    Module: Dropout
dropout设置为训练模式
    Module: Dropout
dropout设置为训练模式
  Module: ReLU
test_loss: 0.0131
epoch 55
train_loss: 0.0076
Module: DropoutFullyConnectedNN
  Module: ModuleList
    Module: Linear
    Module: Linear
    Module: Linear
  Module: ModuleList
    Module: Dropout
dropout设置为训练模式
    Module: Dropout
dropout设置为训练模式
    Module: Dropout
dropout设置为训练模式
  Module: ReLU
test_loss: 0.0132
epoch 56
train_loss: 0.0080
Module: DropoutFullyConnectedNN
  Module: ModuleList
    Module: Linear
    Module: Linear
    Module: Linear
  Module: ModuleList
    Module: Dropout
dropout设置为训练模式
    Module: Dropout
dropout设置为训练模式
    Module: Dropout
dropout设置为训练模式
  Module: ReLU
test_loss: 0.0187
epoch 57
train_loss: 0.0089
Module: DropoutFullyConnectedNN
  Module: ModuleList
    Module: Linear
    Module: Linear
    Module: Linear
  Module: ModuleList
    Module: Dropout
dropout设置为训练模式
    Module: Dropout
dropout设置为训练模式
    Module: Dropout
dropout设置为训练模式
  Module: ReLU
test_loss: 0.0113
epoch 58
train_loss: 0.0059
Module: DropoutFullyConnectedNN
  Module: ModuleList
    Module: Linear
    Module: Linear
    Module: Linear
  Module: ModuleList
    Module: Dropout
dropout设置为训练模式
    Module: Dropout
dropout设置为训练模式
    Module: Dropout
dropout设置为训练模式
  Module: ReLU
test_loss: 0.0113
epoch 59
train_loss: 0.0072
Module: DropoutFullyConnectedNN
  Module: ModuleList
    Module: Linear
    Module: Linear
    Module: Linear
  Module: ModuleList
    Module: Dropout
dropout设置为训练模式
    Module: Dropout
dropout设置为训练模式
    Module: Dropout
dropout设置为训练模式
  Module: ReLU
test_loss: 0.0101
epoch 60
train_loss: 0.0120
Module: DropoutFullyConnectedNN
  Module: ModuleList
    Module: Linear
    Module: Linear
    Module: Linear
  Module: ModuleList
    Module: Dropout
dropout设置为训练模式
    Module: Dropout
dropout设置为训练模式
    Module: Dropout
dropout设置为训练模式
  Module: ReLU
test_loss: 0.0333
epoch 61
train_loss: 0.0093
Module: DropoutFullyConnectedNN
  Module: ModuleList
    Module: Linear
    Module: Linear
    Module: Linear
  Module: ModuleList
    Module: Dropout
dropout设置为训练模式
    Module: Dropout
dropout设置为训练模式
    Module: Dropout
dropout设置为训练模式
  Module: ReLU
test_loss: 0.0116
epoch 62
train_loss: 0.0078
Module: DropoutFullyConnectedNN
  Module: ModuleList
    Module: Linear
    Module: Linear
    Module: Linear
  Module: ModuleList
    Module: Dropout
dropout设置为训练模式
    Module: Dropout
dropout设置为训练模式
    Module: Dropout
dropout设置为训练模式
  Module: ReLU
test_loss: 0.0161
epoch 63
train_loss: 0.0062
Module: DropoutFullyConnectedNN
  Module: ModuleList
    Module: Linear
    Module: Linear
    Module: Linear
  Module: ModuleList
    Module: Dropout
dropout设置为训练模式
    Module: Dropout
dropout设置为训练模式
    Module: Dropout
dropout设置为训练模式
  Module: ReLU
test_loss: 0.0138
epoch 64
train_loss: 0.0059
Module: DropoutFullyConnectedNN
  Module: ModuleList
    Module: Linear
    Module: Linear
    Module: Linear
  Module: ModuleList
    Module: Dropout
dropout设置为训练模式
    Module: Dropout
dropout设置为训练模式
    Module: Dropout
dropout设置为训练模式
  Module: ReLU
test_loss: 0.0211
epoch 65
train_loss: 0.0074
Module: DropoutFullyConnectedNN
  Module: ModuleList
    Module: Linear
    Module: Linear
    Module: Linear
  Module: ModuleList
    Module: Dropout
dropout设置为训练模式
    Module: Dropout
dropout设置为训练模式
    Module: Dropout
dropout设置为训练模式
  Module: ReLU
test_loss: 0.0164
epoch 66
train_loss: 0.0073
Module: DropoutFullyConnectedNN
  Module: ModuleList
    Module: Linear
    Module: Linear
    Module: Linear
  Module: ModuleList
    Module: Dropout
dropout设置为训练模式
    Module: Dropout
dropout设置为训练模式
    Module: Dropout
dropout设置为训练模式
  Module: ReLU
test_loss: 0.0121
epoch 67
train_loss: 0.0074
Module: DropoutFullyConnectedNN
  Module: ModuleList
    Module: Linear
    Module: Linear
    Module: Linear
  Module: ModuleList
    Module: Dropout
dropout设置为训练模式
    Module: Dropout
dropout设置为训练模式
    Module: Dropout
dropout设置为训练模式
  Module: ReLU
test_loss: 0.0209
epoch 68
train_loss: 0.0110
Module: DropoutFullyConnectedNN
  Module: ModuleList
    Module: Linear
    Module: Linear
    Module: Linear
  Module: ModuleList
    Module: Dropout
dropout设置为训练模式
    Module: Dropout
dropout设置为训练模式
    Module: Dropout
dropout设置为训练模式
  Module: ReLU
test_loss: 0.0121
epoch 69
train_loss: 0.0069
Module: DropoutFullyConnectedNN
  Module: ModuleList
    Module: Linear
    Module: Linear
    Module: Linear
  Module: ModuleList
    Module: Dropout
dropout设置为训练模式
    Module: Dropout
dropout设置为训练模式
    Module: Dropout
dropout设置为训练模式
  Module: ReLU
test_loss: 0.0136
epoch 70
train_loss: 0.0061
Module: DropoutFullyConnectedNN
  Module: ModuleList
    Module: Linear
    Module: Linear
    Module: Linear
  Module: ModuleList
    Module: Dropout
dropout设置为训练模式
    Module: Dropout
dropout设置为训练模式
    Module: Dropout
dropout设置为训练模式
  Module: ReLU
test_loss: 0.0139
epoch 71
train_loss: 0.0068
Module: DropoutFullyConnectedNN
  Module: ModuleList
    Module: Linear
    Module: Linear
    Module: Linear
  Module: ModuleList
    Module: Dropout
dropout设置为训练模式
    Module: Dropout
dropout设置为训练模式
    Module: Dropout
dropout设置为训练模式
  Module: ReLU
test_loss: 0.0173
epoch 72
train_loss: 0.0060
Module: DropoutFullyConnectedNN
  Module: ModuleList
    Module: Linear
    Module: Linear
    Module: Linear
  Module: ModuleList
    Module: Dropout
dropout设置为训练模式
    Module: Dropout
dropout设置为训练模式
    Module: Dropout
dropout设置为训练模式
  Module: ReLU
test_loss: 0.0178
epoch 73
train_loss: 0.0058
Module: DropoutFullyConnectedNN
  Module: ModuleList
    Module: Linear
    Module: Linear
    Module: Linear
  Module: ModuleList
    Module: Dropout
dropout设置为训练模式
    Module: Dropout
dropout设置为训练模式
    Module: Dropout
dropout设置为训练模式
  Module: ReLU
test_loss: 0.0105
epoch 74
train_loss: 0.0056
Module: DropoutFullyConnectedNN
  Module: ModuleList
    Module: Linear
    Module: Linear
    Module: Linear
  Module: ModuleList
    Module: Dropout
dropout设置为训练模式
    Module: Dropout
dropout设置为训练模式
    Module: Dropout
dropout设置为训练模式
  Module: ReLU
test_loss: 0.0098
epoch 75
train_loss: 0.0074
Module: DropoutFullyConnectedNN
  Module: ModuleList
    Module: Linear
    Module: Linear
    Module: Linear
  Module: ModuleList
    Module: Dropout
dropout设置为训练模式
    Module: Dropout
dropout设置为训练模式
    Module: Dropout
dropout设置为训练模式
  Module: ReLU
test_loss: 0.0177
epoch 76
train_loss: 0.0074
Module: DropoutFullyConnectedNN
  Module: ModuleList
    Module: Linear
    Module: Linear
    Module: Linear
  Module: ModuleList
    Module: Dropout
dropout设置为训练模式
    Module: Dropout
dropout设置为训练模式
    Module: Dropout
dropout设置为训练模式
  Module: ReLU
test_loss: 0.0156
epoch 77
train_loss: 0.0067
Module: DropoutFullyConnectedNN
  Module: ModuleList
    Module: Linear
    Module: Linear
    Module: Linear
  Module: ModuleList
    Module: Dropout
dropout设置为训练模式
    Module: Dropout
dropout设置为训练模式
    Module: Dropout
dropout设置为训练模式
  Module: ReLU
test_loss: 0.0117
epoch 78
train_loss: 0.0063
Module: DropoutFullyConnectedNN
  Module: ModuleList
    Module: Linear
    Module: Linear
    Module: Linear
  Module: ModuleList
    Module: Dropout
dropout设置为训练模式
    Module: Dropout
dropout设置为训练模式
    Module: Dropout
dropout设置为训练模式
  Module: ReLU
test_loss: 0.0168
epoch 79
train_loss: 0.0071
Module: DropoutFullyConnectedNN
  Module: ModuleList
    Module: Linear
    Module: Linear
    Module: Linear
  Module: ModuleList
    Module: Dropout
dropout设置为训练模式
    Module: Dropout
dropout设置为训练模式
    Module: Dropout
dropout设置为训练模式
  Module: ReLU
test_loss: 0.0175
epoch 80
train_loss: 0.0060
Module: DropoutFullyConnectedNN
  Module: ModuleList
    Module: Linear
    Module: Linear
    Module: Linear
  Module: ModuleList
    Module: Dropout
dropout设置为训练模式
    Module: Dropout
dropout设置为训练模式
    Module: Dropout
dropout设置为训练模式
  Module: ReLU
test_loss: 0.0120
epoch 81
train_loss: 0.0065
Module: DropoutFullyConnectedNN
  Module: ModuleList
    Module: Linear
    Module: Linear
    Module: Linear
  Module: ModuleList
    Module: Dropout
dropout设置为训练模式
    Module: Dropout
dropout设置为训练模式
    Module: Dropout
dropout设置为训练模式
  Module: ReLU
test_loss: 0.0144
epoch 82
train_loss: 0.0054
Module: DropoutFullyConnectedNN
  Module: ModuleList
    Module: Linear
    Module: Linear
    Module: Linear
  Module: ModuleList
    Module: Dropout
dropout设置为训练模式
    Module: Dropout
dropout设置为训练模式
    Module: Dropout
dropout设置为训练模式
  Module: ReLU
test_loss: 0.0097
epoch 83
train_loss: 0.0057
Module: DropoutFullyConnectedNN
  Module: ModuleList
    Module: Linear
    Module: Linear
    Module: Linear
  Module: ModuleList
    Module: Dropout
dropout设置为训练模式
    Module: Dropout
dropout设置为训练模式
    Module: Dropout
dropout设置为训练模式
  Module: ReLU
test_loss: 0.0176
epoch 84
train_loss: 0.0064
Module: DropoutFullyConnectedNN
  Module: ModuleList
    Module: Linear
    Module: Linear
    Module: Linear
  Module: ModuleList
    Module: Dropout
dropout设置为训练模式
    Module: Dropout
dropout设置为训练模式
    Module: Dropout
dropout设置为训练模式
  Module: ReLU
test_loss: 0.0128
epoch 85
train_loss: 0.0065
Module: DropoutFullyConnectedNN
  Module: ModuleList
    Module: Linear
    Module: Linear
    Module: Linear
  Module: ModuleList
    Module: Dropout
dropout设置为训练模式
    Module: Dropout
dropout设置为训练模式
    Module: Dropout
dropout设置为训练模式
  Module: ReLU
test_loss: 0.0168
epoch 86
train_loss: 0.0053
Module: DropoutFullyConnectedNN
  Module: ModuleList
    Module: Linear
    Module: Linear
    Module: Linear
  Module: ModuleList
    Module: Dropout
dropout设置为训练模式
    Module: Dropout
dropout设置为训练模式
    Module: Dropout
dropout设置为训练模式
  Module: ReLU
test_loss: 0.0127
epoch 87
train_loss: 0.0053
Module: DropoutFullyConnectedNN
  Module: ModuleList
    Module: Linear
    Module: Linear
    Module: Linear
  Module: ModuleList
    Module: Dropout
dropout设置为训练模式
    Module: Dropout
dropout设置为训练模式
    Module: Dropout
dropout设置为训练模式
  Module: ReLU
test_loss: 0.0125
epoch 88
train_loss: 0.0041
Module: DropoutFullyConnectedNN
  Module: ModuleList
    Module: Linear
    Module: Linear
    Module: Linear
  Module: ModuleList
    Module: Dropout
dropout设置为训练模式
    Module: Dropout
dropout设置为训练模式
    Module: Dropout
dropout设置为训练模式
  Module: ReLU
test_loss: 0.0147
epoch 89
train_loss: 0.0048
Module: DropoutFullyConnectedNN
  Module: ModuleList
    Module: Linear
    Module: Linear
    Module: Linear
  Module: ModuleList
    Module: Dropout
dropout设置为训练模式
    Module: Dropout
dropout设置为训练模式
    Module: Dropout
dropout设置为训练模式
  Module: ReLU
test_loss: 0.0141
epoch 90
train_loss: 0.0043
Module: DropoutFullyConnectedNN
  Module: ModuleList
    Module: Linear
    Module: Linear
    Module: Linear
  Module: ModuleList
    Module: Dropout
dropout设置为训练模式
    Module: Dropout
dropout设置为训练模式
    Module: Dropout
dropout设置为训练模式
  Module: ReLU
test_loss: 0.0106
epoch 91
train_loss: 0.0052
Module: DropoutFullyConnectedNN
  Module: ModuleList
    Module: Linear
    Module: Linear
    Module: Linear
  Module: ModuleList
    Module: Dropout
dropout设置为训练模式
    Module: Dropout
dropout设置为训练模式
    Module: Dropout
dropout设置为训练模式
  Module: ReLU
test_loss: 0.0124
epoch 92
train_loss: 0.0064
Module: DropoutFullyConnectedNN
  Module: ModuleList
    Module: Linear
    Module: Linear
    Module: Linear
  Module: ModuleList
    Module: Dropout
dropout设置为训练模式
    Module: Dropout
dropout设置为训练模式
    Module: Dropout
dropout设置为训练模式
  Module: ReLU
test_loss: 0.0227
epoch 93
train_loss: 0.0066
Module: DropoutFullyConnectedNN
  Module: ModuleList
    Module: Linear
    Module: Linear
    Module: Linear
  Module: ModuleList
    Module: Dropout
dropout设置为训练模式
    Module: Dropout
dropout设置为训练模式
    Module: Dropout
dropout设置为训练模式
  Module: ReLU
test_loss: 0.0166
epoch 94
train_loss: 0.0059
Module: DropoutFullyConnectedNN
  Module: ModuleList
    Module: Linear
    Module: Linear
    Module: Linear
  Module: ModuleList
    Module: Dropout
dropout设置为训练模式
    Module: Dropout
dropout设置为训练模式
    Module: Dropout
dropout设置为训练模式
  Module: ReLU
test_loss: 0.0180
epoch 95
train_loss: 0.0056
Module: DropoutFullyConnectedNN
  Module: ModuleList
    Module: Linear
    Module: Linear
    Module: Linear
  Module: ModuleList
    Module: Dropout
dropout设置为训练模式
    Module: Dropout
dropout设置为训练模式
    Module: Dropout
dropout设置为训练模式
  Module: ReLU
test_loss: 0.0150
epoch 96
train_loss: 0.0045
Module: DropoutFullyConnectedNN
  Module: ModuleList
    Module: Linear
    Module: Linear
    Module: Linear
  Module: ModuleList
    Module: Dropout
dropout设置为训练模式
    Module: Dropout
dropout设置为训练模式
    Module: Dropout
dropout设置为训练模式
  Module: ReLU
test_loss: 0.0137
epoch 97
train_loss: 0.0048
Module: DropoutFullyConnectedNN
  Module: ModuleList
    Module: Linear
    Module: Linear
    Module: Linear
  Module: ModuleList
    Module: Dropout
dropout设置为训练模式
    Module: Dropout
dropout设置为训练模式
    Module: Dropout
dropout设置为训练模式
  Module: ReLU
test_loss: 0.0177
epoch 98
train_loss: 0.0064
Module: DropoutFullyConnectedNN
  Module: ModuleList
    Module: Linear
    Module: Linear
    Module: Linear
  Module: ModuleList
    Module: Dropout
dropout设置为训练模式
    Module: Dropout
dropout设置为训练模式
    Module: Dropout
dropout设置为训练模式
  Module: ReLU
test_loss: 0.0139
epoch 99
train_loss: 0.0055
Module: DropoutFullyConnectedNN
  Module: ModuleList
    Module: Linear
    Module: Linear
    Module: Linear
  Module: ModuleList
    Module: Dropout
dropout设置为训练模式
    Module: Dropout
dropout设置为训练模式
    Module: Dropout
dropout设置为训练模式
  Module: ReLU
test_loss: 0.0137
epoch 100
train_loss: 0.0052
Module: DropoutFullyConnectedNN
  Module: ModuleList
    Module: Linear
    Module: Linear
    Module: Linear
  Module: ModuleList
    Module: Dropout
dropout设置为训练模式
    Module: Dropout
dropout设置为训练模式
    Module: Dropout
dropout设置为训练模式
  Module: ReLU
test_loss: 0.0155
epoch 101
train_loss: 0.0047
Module: DropoutFullyConnectedNN
  Module: ModuleList
    Module: Linear
    Module: Linear
    Module: Linear
  Module: ModuleList
    Module: Dropout
dropout设置为训练模式
    Module: Dropout
dropout设置为训练模式
    Module: Dropout
dropout设置为训练模式
  Module: ReLU
test_loss: 0.0133
epoch 102
train_loss: 0.0049
Module: DropoutFullyConnectedNN
  Module: ModuleList
    Module: Linear
    Module: Linear
    Module: Linear
  Module: ModuleList
    Module: Dropout
dropout设置为训练模式
    Module: Dropout
dropout设置为训练模式
    Module: Dropout
dropout设置为训练模式
  Module: ReLU
test_loss: 0.0156
epoch 103
train_loss: 0.0048
Module: DropoutFullyConnectedNN
  Module: ModuleList
    Module: Linear
    Module: Linear
    Module: Linear
  Module: ModuleList
    Module: Dropout
dropout设置为训练模式
    Module: Dropout
dropout设置为训练模式
    Module: Dropout
dropout设置为训练模式
  Module: ReLU
test_loss: 0.0126
epoch 104
train_loss: 0.0047
Module: DropoutFullyConnectedNN
  Module: ModuleList
    Module: Linear
    Module: Linear
    Module: Linear
  Module: ModuleList
    Module: Dropout
dropout设置为训练模式
    Module: Dropout
dropout设置为训练模式
    Module: Dropout
dropout设置为训练模式
  Module: ReLU
test_loss: 0.0119
epoch 105
train_loss: 0.0047
Module: DropoutFullyConnectedNN
  Module: ModuleList
    Module: Linear
    Module: Linear
    Module: Linear
  Module: ModuleList
    Module: Dropout
dropout设置为训练模式
    Module: Dropout
dropout设置为训练模式
    Module: Dropout
dropout设置为训练模式
  Module: ReLU
test_loss: 0.0128
epoch 106
train_loss: 0.0066
Module: DropoutFullyConnectedNN
  Module: ModuleList
    Module: Linear
    Module: Linear
    Module: Linear
  Module: ModuleList
    Module: Dropout
dropout设置为训练模式
    Module: Dropout
dropout设置为训练模式
    Module: Dropout
dropout设置为训练模式
  Module: ReLU
test_loss: 0.0258
epoch 107
train_loss: 0.0058
Module: DropoutFullyConnectedNN
  Module: ModuleList
    Module: Linear
    Module: Linear
    Module: Linear
  Module: ModuleList
    Module: Dropout
dropout设置为训练模式
    Module: Dropout
dropout设置为训练模式
    Module: Dropout
dropout设置为训练模式
  Module: ReLU
test_loss: 0.0145
epoch 108
train_loss: 0.0061
Module: DropoutFullyConnectedNN
  Module: ModuleList
    Module: Linear
    Module: Linear
    Module: Linear
  Module: ModuleList
    Module: Dropout
dropout设置为训练模式
    Module: Dropout
dropout设置为训练模式
    Module: Dropout
dropout设置为训练模式
  Module: ReLU
test_loss: 0.0169
epoch 109
train_loss: 0.0061
Module: DropoutFullyConnectedNN
  Module: ModuleList
    Module: Linear
    Module: Linear
    Module: Linear
  Module: ModuleList
    Module: Dropout
dropout设置为训练模式
    Module: Dropout
dropout设置为训练模式
    Module: Dropout
dropout设置为训练模式
  Module: ReLU
test_loss: 0.0127
/home/xueqiong/noise_injection_uncertainty/regression/utils.py:39: FutureWarning: The 'delim_whitespace' keyword in pd.read_csv is deprecated and will be removed in a future version. Use ``sep='\s+'`` instead
  return pd.read_csv(dataset_path, engine='python', header=None, delim_whitespace=True)
8 1
614 154 768
model_name fixnoiseFCN
using Adam as optimizer
epoch 0
train_loss: 0.5819
test_loss: 0.2063
epoch 1
train_loss: 0.1424
test_loss: 0.1069
epoch 2
train_loss: 0.0918
test_loss: 0.0959
epoch 3
train_loss: 0.0797
test_loss: 0.0864
epoch 4
train_loss: 0.0732
test_loss: 0.0824
epoch 5
train_loss: 0.0688
test_loss: 0.0787
epoch 6
train_loss: 0.0647
test_loss: 0.0771
epoch 7
train_loss: 0.0612
test_loss: 0.0744
epoch 8
train_loss: 0.0577
test_loss: 0.0703
epoch 9
train_loss: 0.0546
test_loss: 0.0670
epoch 10
train_loss: 0.0519
test_loss: 0.0656
epoch 11
train_loss: 0.0487
test_loss: 0.0609
epoch 12
train_loss: 0.0457
test_loss: 0.0570
epoch 13
train_loss: 0.0427
test_loss: 0.0531
epoch 14
train_loss: 0.0409
test_loss: 0.0517
epoch 15
train_loss: 0.0362
test_loss: 0.0467
epoch 16
train_loss: 0.0328
test_loss: 0.0414
epoch 17
train_loss: 0.0320
test_loss: 0.0390
epoch 18
train_loss: 0.0284
test_loss: 0.0389
epoch 19
train_loss: 0.0273
test_loss: 0.0396
epoch 20
train_loss: 0.0248
test_loss: 0.0373
epoch 21
train_loss: 0.0240
test_loss: 0.0347
epoch 22
train_loss: 0.0232
test_loss: 0.0323
epoch 23
train_loss: 0.0202
test_loss: 0.0313
epoch 24
train_loss: 0.0189
test_loss: 0.0311
epoch 25
train_loss: 0.0179
test_loss: 0.0274
epoch 26
train_loss: 0.0174
test_loss: 0.0274
epoch 27
train_loss: 0.0168
test_loss: 0.0294
epoch 28
train_loss: 0.0159
test_loss: 0.0254
epoch 29
train_loss: 0.0192
test_loss: 0.0272
epoch 30
train_loss: 0.0168
test_loss: 0.0232
epoch 31
train_loss: 0.0158
test_loss: 0.0254
epoch 32
train_loss: 0.0124
test_loss: 0.0200
epoch 33
train_loss: 0.0108
test_loss: 0.0243
epoch 34
train_loss: 0.0099
test_loss: 0.0188
epoch 35
train_loss: 0.0090
test_loss: 0.0207
epoch 36
train_loss: 0.0097
test_loss: 0.0139
epoch 37
train_loss: 0.0090
test_loss: 0.0160
epoch 38
train_loss: 0.0074
test_loss: 0.0166
epoch 39
train_loss: 0.0072
test_loss: 0.0153
epoch 40
train_loss: 0.0075
test_loss: 0.0142
epoch 41
train_loss: 0.0080
test_loss: 0.0242
epoch 42
train_loss: 0.0071
test_loss: 0.0145
epoch 43
train_loss: 0.0066
test_loss: 0.0252
epoch 44
train_loss: 0.0079
test_loss: 0.0114
epoch 45
train_loss: 0.0059
test_loss: 0.0099
epoch 46
train_loss: 0.0085
test_loss: 0.0227
epoch 47
train_loss: 0.0055
test_loss: 0.0122
epoch 48
train_loss: 0.0069
test_loss: 0.0113
epoch 49
train_loss: 0.0123
test_loss: 0.0316
epoch 50
train_loss: 0.0099
test_loss: 0.0128
epoch 51
train_loss: 0.0055
test_loss: 0.0222
epoch 52
train_loss: 0.0068
test_loss: 0.0134
epoch 53
train_loss: 0.0048
test_loss: 0.0110
epoch 54
train_loss: 0.0063
test_loss: 0.0181
epoch 55
train_loss: 0.0044
test_loss: 0.0111
epoch 56
train_loss: 0.0046
test_loss: 0.0202
epoch 57
train_loss: 0.0055
test_loss: 0.0182
epoch 58
train_loss: 0.0051
test_loss: 0.0142
epoch 59
train_loss: 0.0056
test_loss: 0.0167
epoch 60
train_loss: 0.0097
test_loss: 0.0156
epoch 61
train_loss: 0.0088
test_loss: 0.0152
epoch 62
train_loss: 0.0047
test_loss: 0.0140
epoch 63
train_loss: 0.0041
test_loss: 0.0201
epoch 64
train_loss: 0.0045
test_loss: 0.0203
epoch 65
train_loss: 0.0046
test_loss: 0.0221
epoch 66
train_loss: 0.0050
test_loss: 0.0148
epoch 67
train_loss: 0.0057
test_loss: 0.0101
epoch 68
train_loss: 0.0042
test_loss: 0.0153
epoch 69
train_loss: 0.0057
test_loss: 0.0093
epoch 70
train_loss: 0.0044
test_loss: 0.0120
epoch 71
train_loss: 0.0041
test_loss: 0.0154
epoch 72
train_loss: 0.0059
test_loss: 0.0199
epoch 73
train_loss: 0.0049
test_loss: 0.0131
epoch 74
train_loss: 0.0051
test_loss: 0.0143
epoch 75
train_loss: 0.0054
test_loss: 0.0165
epoch 76
train_loss: 0.0042
test_loss: 0.0122
epoch 77
train_loss: 0.0048
test_loss: 0.0114
epoch 78
train_loss: 0.0037
test_loss: 0.0122
epoch 79
train_loss: 0.0074
test_loss: 0.0223
epoch 80
train_loss: 0.0060
test_loss: 0.0101
epoch 81
train_loss: 0.0045
test_loss: 0.0124
epoch 82
train_loss: 0.0055
test_loss: 0.0192
epoch 83
train_loss: 0.0061
test_loss: 0.0145
epoch 84
train_loss: 0.0050
test_loss: 0.0148
epoch 85
train_loss: 0.0046
test_loss: 0.0114
epoch 86
train_loss: 0.0055
test_loss: 0.0093
epoch 87
train_loss: 0.0044
test_loss: 0.0131
epoch 88
train_loss: 0.0039
test_loss: 0.0101
epoch 89
train_loss: 0.0038
test_loss: 0.0136
epoch 90
train_loss: 0.0041
test_loss: 0.0105
epoch 91
train_loss: 0.0040
test_loss: 0.0190
epoch 92
train_loss: 0.0046
test_loss: 0.0198
epoch 93
train_loss: 0.0046
test_loss: 0.0082
epoch 94
train_loss: 0.0073
test_loss: 0.0179
epoch 95
train_loss: 0.0047
test_loss: 0.0153
epoch 96
train_loss: 0.0046
test_loss: 0.0133
epoch 97
train_loss: 0.0039
test_loss: 0.0141
epoch 98
train_loss: 0.0037
test_loss: 0.0142
epoch 99
train_loss: 0.0036
test_loss: 0.0179
epoch 100
train_loss: 0.0039
test_loss: 0.0116
epoch 101
train_loss: 0.0063
test_loss: 0.0197
epoch 102
train_loss: 0.0085
test_loss: 0.0228
epoch 103
train_loss: 0.0085
test_loss: 0.0090
epoch 104
train_loss: 0.0044
test_loss: 0.0166
epoch 105
train_loss: 0.0032
test_loss: 0.0176
epoch 106
train_loss: 0.0037
test_loss: 0.0162
epoch 107
train_loss: 0.0041
test_loss: 0.0153
epoch 108
train_loss: 0.0033
test_loss: 0.0112
epoch 109
train_loss: 0.0041
test_loss: 0.0153
epoch 110
train_loss: 0.0050
test_loss: 0.0183
epoch 111
train_loss: 0.0055
test_loss: 0.0083
epoch 112
train_loss: 0.0082
test_loss: 0.0196
epoch 113
train_loss: 0.0056
test_loss: 0.0219
epoch 114
train_loss: 0.0057
test_loss: 0.0105
epoch 115
train_loss: 0.0038
test_loss: 0.0135
epoch 116
train_loss: 0.0039
test_loss: 0.0197
epoch 117
train_loss: 0.0060
test_loss: 0.0107
epoch 118
train_loss: 0.0051
test_loss: 0.0151
epoch 119
train_loss: 0.0053
test_loss: 0.0175
epoch 120
train_loss: 0.0043
test_loss: 0.0204
epoch 121
train_loss: 0.0053
test_loss: 0.0120
epoch 122
train_loss: 0.0044
test_loss: 0.0118
epoch 123
train_loss: 0.0036
test_loss: 0.0119
epoch 124
train_loss: 0.0030
test_loss: 0.0152
epoch 125
train_loss: 0.0039
test_loss: 0.0131
epoch 126
train_loss: 0.0046
test_loss: 0.0104
epoch 127
train_loss: 0.0040
test_loss: 0.0130
epoch 128
train_loss: 0.0031
test_loss: 0.0126
epoch 129
train_loss: 0.0031
test_loss: 0.0129
epoch 130
train_loss: 0.0032
test_loss: 0.0111
epoch 131
train_loss: 0.0038
test_loss: 0.0154
epoch 132
train_loss: 0.0040
test_loss: 0.0090
epoch 133
train_loss: 0.0033
test_loss: 0.0164
epoch 134
train_loss: 0.0055
test_loss: 0.0181
epoch 135
train_loss: 0.0050
test_loss: 0.0129
epoch 136
train_loss: 0.0033
test_loss: 0.0079
epoch 137
train_loss: 0.0034
test_loss: 0.0157
epoch 138
train_loss: 0.0064
test_loss: 0.0097
epoch 139
train_loss: 0.0040
test_loss: 0.0113
/home/xueqiong/noise_injection_uncertainty/regression/utils.py:39: FutureWarning: The 'delim_whitespace' keyword in pd.read_csv is deprecated and will be removed in a future version. Use ``sep='\s+'`` instead
  return pd.read_csv(dataset_path, engine='python', header=None, delim_whitespace=True)
8 1
614 154 768
model_name noisyFCN
using Adam as optimizer
epoch 0
train_loss: 0.6226
test_loss: 0.3366
epoch 1
train_loss: 0.1946
test_loss: 0.1485
epoch 2
train_loss: 0.1009
test_loss: 0.0949
epoch 3
train_loss: 0.0832
test_loss: 0.0859
epoch 4
train_loss: 0.0755
test_loss: 0.0807
epoch 5
train_loss: 0.0712
test_loss: 0.0778
epoch 6
train_loss: 0.0676
test_loss: 0.0757
epoch 7
train_loss: 0.0652
test_loss: 0.0741
epoch 8
train_loss: 0.0630
test_loss: 0.0726
epoch 9
train_loss: 0.0612
test_loss: 0.0711
epoch 10
train_loss: 0.0596
test_loss: 0.0696
epoch 11
train_loss: 0.0576
test_loss: 0.0681
epoch 12
train_loss: 0.0558
test_loss: 0.0662
epoch 13
train_loss: 0.0539
test_loss: 0.0642
epoch 14
train_loss: 0.0519
test_loss: 0.0619
epoch 15
train_loss: 0.0497
test_loss: 0.0601
epoch 16
train_loss: 0.0474
test_loss: 0.0579
epoch 17
train_loss: 0.0451
test_loss: 0.0556
epoch 18
train_loss: 0.0428
test_loss: 0.0536
epoch 19
train_loss: 0.0403
test_loss: 0.0517
epoch 20
train_loss: 0.0379
test_loss: 0.0492
epoch 21
train_loss: 0.0353
test_loss: 0.0471
epoch 22
train_loss: 0.0327
test_loss: 0.0446
epoch 23
train_loss: 0.0302
test_loss: 0.0423
epoch 24
train_loss: 0.0277
test_loss: 0.0397
epoch 25
train_loss: 0.0255
test_loss: 0.0381
epoch 26
train_loss: 0.0236
test_loss: 0.0356
epoch 27
train_loss: 0.0218
test_loss: 0.0339
epoch 28
train_loss: 0.0203
test_loss: 0.0330
epoch 29
train_loss: 0.0190
test_loss: 0.0321
epoch 30
train_loss: 0.0181
test_loss: 0.0310
epoch 31
train_loss: 0.0171
test_loss: 0.0304
epoch 32
train_loss: 0.0163
test_loss: 0.0300
epoch 33
train_loss: 0.0156
test_loss: 0.0289
epoch 34
train_loss: 0.0147
test_loss: 0.0282
epoch 35
train_loss: 0.0141
test_loss: 0.0282
epoch 36
train_loss: 0.0132
test_loss: 0.0276
epoch 37
train_loss: 0.0125
test_loss: 0.0270
epoch 38
train_loss: 0.0117
test_loss: 0.0257
epoch 39
train_loss: 0.0110
test_loss: 0.0253
epoch 40
train_loss: 0.0102
test_loss: 0.0246
epoch 41
train_loss: 0.0094
test_loss: 0.0237
epoch 42
train_loss: 0.0087
test_loss: 0.0225
epoch 43
train_loss: 0.0080
test_loss: 0.0221
epoch 44
train_loss: 0.0074
test_loss: 0.0209
epoch 45
train_loss: 0.0068
test_loss: 0.0202
epoch 46
train_loss: 0.0062
test_loss: 0.0198
epoch 47
train_loss: 0.0058
test_loss: 0.0193
epoch 48
train_loss: 0.0053
test_loss: 0.0183
epoch 49
train_loss: 0.0049
test_loss: 0.0181
epoch 50
train_loss: 0.0046
test_loss: 0.0174
epoch 51
train_loss: 0.0043
test_loss: 0.0170
epoch 52
train_loss: 0.0042
test_loss: 0.0169
epoch 53
train_loss: 0.0040
test_loss: 0.0164
epoch 54
train_loss: 0.0038
test_loss: 0.0160
epoch 55
train_loss: 0.0037
test_loss: 0.0158
epoch 56
train_loss: 0.0036
test_loss: 0.0158
epoch 57
train_loss: 0.0034
test_loss: 0.0152
epoch 58
train_loss: 0.0033
test_loss: 0.0154
epoch 59
train_loss: 0.0033
test_loss: 0.0154
epoch 60
train_loss: 0.0032
test_loss: 0.0152
epoch 61
train_loss: 0.0031
test_loss: 0.0146
epoch 62
train_loss: 0.0031
test_loss: 0.0148
epoch 63
train_loss: 0.0030
test_loss: 0.0145
epoch 64
train_loss: 0.0030
test_loss: 0.0149
epoch 65
train_loss: 0.0030
test_loss: 0.0146
epoch 66
train_loss: 0.0029
test_loss: 0.0146
epoch 67
train_loss: 0.0028
test_loss: 0.0147
epoch 68
train_loss: 0.0029
test_loss: 0.0146
epoch 69
train_loss: 0.0028
test_loss: 0.0141
epoch 70
train_loss: 0.0027
test_loss: 0.0146
epoch 71
train_loss: 0.0028
test_loss: 0.0142
epoch 72
train_loss: 0.0026
test_loss: 0.0148
epoch 73
train_loss: 0.0028
test_loss: 0.0144
epoch 74
train_loss: 0.0027
test_loss: 0.0146
epoch 75
train_loss: 0.0027
test_loss: 0.0140
epoch 76
train_loss: 0.0026
test_loss: 0.0144
epoch 77
train_loss: 0.0026
test_loss: 0.0142
epoch 78
train_loss: 0.0026
test_loss: 0.0139
epoch 79
train_loss: 0.0026
test_loss: 0.0143
epoch 80
train_loss: 0.0026
test_loss: 0.0139
epoch 81
train_loss: 0.0025
test_loss: 0.0142
epoch 82
train_loss: 0.0025
test_loss: 0.0140
epoch 83
train_loss: 0.0026
test_loss: 0.0142
epoch 84
train_loss: 0.0026
test_loss: 0.0142
epoch 85
train_loss: 0.0025
test_loss: 0.0141
epoch 86
train_loss: 0.0025
test_loss: 0.0140
epoch 87
train_loss: 0.0025
test_loss: 0.0143
epoch 88
train_loss: 0.0024
test_loss: 0.0139
epoch 89
train_loss: 0.0024
test_loss: 0.0138
epoch 90
train_loss: 0.0024
test_loss: 0.0141
epoch 91
train_loss: 0.0024
test_loss: 0.0140
epoch 92
train_loss: 0.0024
test_loss: 0.0141
epoch 93
train_loss: 0.0024
test_loss: 0.0139
epoch 94
train_loss: 0.0024
test_loss: 0.0141
epoch 95
train_loss: 0.0024
test_loss: 0.0141
epoch 96
train_loss: 0.0024
test_loss: 0.0139
epoch 97
train_loss: 0.0023
test_loss: 0.0137
epoch 98
train_loss: 0.0023
test_loss: 0.0138
epoch 99
train_loss: 0.0023
test_loss: 0.0143
epoch 100
train_loss: 0.0023
test_loss: 0.0145
epoch 101
train_loss: 0.0023
test_loss: 0.0135
epoch 102
train_loss: 0.0023
test_loss: 0.0133
epoch 103
train_loss: 0.0022
test_loss: 0.0146
epoch 104
train_loss: 0.0024
test_loss: 0.0135
epoch 105
train_loss: 0.0023
test_loss: 0.0144
epoch 106
train_loss: 0.0024
test_loss: 0.0142
epoch 107
train_loss: 0.0024
test_loss: 0.0141
epoch 108
train_loss: 0.0024
test_loss: 0.0140
epoch 109
train_loss: 0.0024
test_loss: 0.0142
epoch 110
train_loss: 0.0024
test_loss: 0.0140
epoch 111
train_loss: 0.0023
test_loss: 0.0141
epoch 112
train_loss: 0.0024
test_loss: 0.0139
epoch 113
train_loss: 0.0024
test_loss: 0.0145
epoch 114
train_loss: 0.0025
test_loss: 0.0142
epoch 115
train_loss: 0.0024
test_loss: 0.0134
epoch 116
train_loss: 0.0023
test_loss: 0.0140
epoch 117
train_loss: 0.0023
test_loss: 0.0136
epoch 118
train_loss: 0.0023
test_loss: 0.0142
epoch 119
train_loss: 0.0023
test_loss: 0.0138
epoch 120
train_loss: 0.0023
test_loss: 0.0143
epoch 121
train_loss: 0.0024
test_loss: 0.0140
epoch 122
train_loss: 0.0023
test_loss: 0.0139
epoch 123
train_loss: 0.0023
test_loss: 0.0137
epoch 124
train_loss: 0.0023
test_loss: 0.0137
epoch 125
train_loss: 0.0023
test_loss: 0.0140
epoch 126
train_loss: 0.0022
test_loss: 0.0137
epoch 127
train_loss: 0.0022
test_loss: 0.0134
epoch 128
train_loss: 0.0023
test_loss: 0.0142
epoch 129
train_loss: 0.0023
test_loss: 0.0138
epoch 130
train_loss: 0.0024
test_loss: 0.0141
epoch 131
train_loss: 0.0023
test_loss: 0.0144
epoch 132
train_loss: 0.0023
test_loss: 0.0135
epoch 133
train_loss: 0.0023
test_loss: 0.0140
epoch 134
train_loss: 0.0023
test_loss: 0.0139
epoch 135
train_loss: 0.0024
test_loss: 0.0140
epoch 136
train_loss: 0.0022
test_loss: 0.0138
epoch 137
train_loss: 0.0023
test_loss: 0.0133
epoch 138
train_loss: 0.0022
test_loss: 0.0143
epoch 139
train_loss: 0.0023
test_loss: 0.0142
epoch 140
train_loss: 0.0023
test_loss: 0.0136
epoch 141
train_loss: 0.0022
test_loss: 0.0139
epoch 142
train_loss: 0.0022
test_loss: 0.0141
epoch 143
train_loss: 0.0023
test_loss: 0.0140
epoch 144
train_loss: 0.0023
test_loss: 0.0140
epoch 145
train_loss: 0.0023
test_loss: 0.0142
epoch 146
train_loss: 0.0023
test_loss: 0.0139
epoch 147
train_loss: 0.0022
test_loss: 0.0140
epoch 148
train_loss: 0.0023
test_loss: 0.0138
epoch 149
train_loss: 0.0022
test_loss: 0.0136
epoch 150
train_loss: 0.0021
test_loss: 0.0140
epoch 151
train_loss: 0.0022
test_loss: 0.0143
epoch 152
train_loss: 0.0022
test_loss: 0.0137
epoch 153
train_loss: 0.0022
test_loss: 0.0140
epoch 154
train_loss: 0.0022
test_loss: 0.0138
epoch 155
train_loss: 0.0022
test_loss: 0.0140
epoch 156
train_loss: 0.0022
test_loss: 0.0140
epoch 157
train_loss: 0.0022
test_loss: 0.0138
epoch 158
train_loss: 0.0022
test_loss: 0.0139
epoch 159
train_loss: 0.0021
test_loss: 0.0133
epoch 160
train_loss: 0.0021
test_loss: 0.0133
epoch 161
train_loss: 0.0021
test_loss: 0.0139
epoch 162
train_loss: 0.0022
test_loss: 0.0139
epoch 163
train_loss: 0.0022
test_loss: 0.0138
epoch 164
train_loss: 0.0021
test_loss: 0.0131
epoch 165
train_loss: 0.0021
test_loss: 0.0139
epoch 166
train_loss: 0.0021
test_loss: 0.0137
epoch 167
train_loss: 0.0021
test_loss: 0.0139
epoch 168
train_loss: 0.0021
test_loss: 0.0139
epoch 169
train_loss: 0.0022
test_loss: 0.0138
epoch 170
train_loss: 0.0021
test_loss: 0.0139
epoch 171
train_loss: 0.0021
test_loss: 0.0136
epoch 172
train_loss: 0.0022
test_loss: 0.0139
epoch 173
train_loss: 0.0022
test_loss: 0.0136
epoch 174
train_loss: 0.0021
test_loss: 0.0140
epoch 175
train_loss: 0.0022
test_loss: 0.0135
epoch 176
train_loss: 0.0021
test_loss: 0.0136
epoch 177
train_loss: 0.0021
test_loss: 0.0139
epoch 178
train_loss: 0.0021
test_loss: 0.0134
epoch 179
train_loss: 0.0021
test_loss: 0.0140
/home/xueqiong/noise_injection_uncertainty/regression/utils.py:39: FutureWarning: The 'delim_whitespace' keyword in pd.read_csv is deprecated and will be removed in a future version. Use ``sep='\s+'`` instead
  return pd.read_csv(dataset_path, engine='python', header=None, delim_whitespace=True)
8 1
6554 1638 8192
model_name FCN
using Adam as optimizer
epoch 0
train_loss: 0.9195
test_loss: 0.8376
epoch 1
train_loss: 0.7462
test_loss: 0.6628
epoch 2
train_loss: 0.5955
test_loss: 0.5620
epoch 3
train_loss: 0.5224
test_loss: 0.5132
epoch 4
train_loss: 0.4785
test_loss: 0.4750
epoch 5
train_loss: 0.4424
test_loss: 0.4427
epoch 6
train_loss: 0.4122
test_loss: 0.4166
epoch 7
train_loss: 0.3878
test_loss: 0.3959
epoch 8
train_loss: 0.3680
test_loss: 0.3789
epoch 9
train_loss: 0.3515
test_loss: 0.3645
epoch 10
train_loss: 0.3372
test_loss: 0.3516
epoch 11
train_loss: 0.3241
test_loss: 0.3395
epoch 12
train_loss: 0.3120
test_loss: 0.3281
epoch 13
train_loss: 0.3007
test_loss: 0.3173
epoch 14
train_loss: 0.2900
test_loss: 0.3068
epoch 15
train_loss: 0.2800
test_loss: 0.2969
epoch 16
train_loss: 0.2704
test_loss: 0.2873
epoch 17
train_loss: 0.2612
test_loss: 0.2782
epoch 18
train_loss: 0.2523
test_loss: 0.2692
epoch 19
train_loss: 0.2438
test_loss: 0.2607
epoch 20
train_loss: 0.2357
test_loss: 0.2524
epoch 21
train_loss: 0.2281
test_loss: 0.2446
epoch 22
train_loss: 0.2208
test_loss: 0.2372
epoch 23
train_loss: 0.2139
test_loss: 0.2302
epoch 24
train_loss: 0.2075
test_loss: 0.2237
epoch 25
train_loss: 0.2015
test_loss: 0.2176
epoch 26
train_loss: 0.1960
test_loss: 0.2119
epoch 27
train_loss: 0.1908
test_loss: 0.2067
epoch 28
train_loss: 0.1861
test_loss: 0.2018
epoch 29
train_loss: 0.1816
test_loss: 0.1973
epoch 30
train_loss: 0.1775
test_loss: 0.1931
epoch 31
train_loss: 0.1737
test_loss: 0.1891
epoch 32
train_loss: 0.1701
test_loss: 0.1854
epoch 33
train_loss: 0.1667
test_loss: 0.1820
epoch 34
train_loss: 0.1635
test_loss: 0.1788
epoch 35
train_loss: 0.1605
test_loss: 0.1758
epoch 36
train_loss: 0.1577
test_loss: 0.1730
epoch 37
train_loss: 0.1551
test_loss: 0.1703
epoch 38
train_loss: 0.1526
test_loss: 0.1678
epoch 39
train_loss: 0.1502
test_loss: 0.1654
epoch 40
train_loss: 0.1479
test_loss: 0.1630
epoch 41
train_loss: 0.1457
test_loss: 0.1609
epoch 42
train_loss: 0.1437
test_loss: 0.1588
epoch 43
train_loss: 0.1417
test_loss: 0.1569
epoch 44
train_loss: 0.1398
test_loss: 0.1549
epoch 45
train_loss: 0.1380
test_loss: 0.1531
epoch 46
train_loss: 0.1362
test_loss: 0.1513
epoch 47
train_loss: 0.1345
test_loss: 0.1496
epoch 48
train_loss: 0.1329
test_loss: 0.1480
epoch 49
train_loss: 0.1313
test_loss: 0.1463
epoch 50
train_loss: 0.1298
test_loss: 0.1448
epoch 51
train_loss: 0.1283
test_loss: 0.1433
epoch 52
train_loss: 0.1269
test_loss: 0.1418
epoch 53
train_loss: 0.1255
test_loss: 0.1404
epoch 54
train_loss: 0.1242
test_loss: 0.1391
epoch 55
train_loss: 0.1229
test_loss: 0.1378
epoch 56
train_loss: 0.1217
test_loss: 0.1366
epoch 57
train_loss: 0.1204
test_loss: 0.1353
epoch 58
train_loss: 0.1192
test_loss: 0.1341
epoch 59
train_loss: 0.1181
test_loss: 0.1329
epoch 60
train_loss: 0.1169
test_loss: 0.1318
epoch 61
train_loss: 0.1158
test_loss: 0.1307
epoch 62
train_loss: 0.1147
test_loss: 0.1297
epoch 63
train_loss: 0.1137
test_loss: 0.1286
epoch 64
train_loss: 0.1126
test_loss: 0.1276
epoch 65
train_loss: 0.1117
test_loss: 0.1266
epoch 66
train_loss: 0.1107
test_loss: 0.1256
epoch 67
train_loss: 0.1097
test_loss: 0.1246
epoch 68
train_loss: 0.1088
test_loss: 0.1237
epoch 69
train_loss: 0.1079
test_loss: 0.1228
epoch 70
train_loss: 0.1070
test_loss: 0.1219
epoch 71
train_loss: 0.1062
test_loss: 0.1210
epoch 72
train_loss: 0.1053
test_loss: 0.1202
epoch 73
train_loss: 0.1045
test_loss: 0.1194
epoch 74
train_loss: 0.1037
test_loss: 0.1186
epoch 75
train_loss: 0.1029
test_loss: 0.1178
epoch 76
train_loss: 0.1021
test_loss: 0.1170
epoch 77
train_loss: 0.1013
test_loss: 0.1163
epoch 78
train_loss: 0.1006
test_loss: 0.1155
epoch 79
train_loss: 0.0998
test_loss: 0.1148
epoch 80
train_loss: 0.0991
test_loss: 0.1142
epoch 81
train_loss: 0.0984
test_loss: 0.1135
epoch 82
train_loss: 0.0978
test_loss: 0.1129
epoch 83
train_loss: 0.0971
test_loss: 0.1122
epoch 84
train_loss: 0.0965
test_loss: 0.1116
epoch 85
train_loss: 0.0958
test_loss: 0.1110
epoch 86
train_loss: 0.0952
test_loss: 0.1104
epoch 87
train_loss: 0.0946
test_loss: 0.1098
epoch 88
train_loss: 0.0940
test_loss: 0.1093
epoch 89
train_loss: 0.0935
test_loss: 0.1087
epoch 90
train_loss: 0.0929
test_loss: 0.1081
epoch 91
train_loss: 0.0923
test_loss: 0.1076
epoch 92
train_loss: 0.0918
test_loss: 0.1071
epoch 93
train_loss: 0.0913
test_loss: 0.1066
epoch 94
train_loss: 0.0908
test_loss: 0.1060
epoch 95
train_loss: 0.0903
test_loss: 0.1055
epoch 96
train_loss: 0.0898
test_loss: 0.1051
epoch 97
train_loss: 0.0894
test_loss: 0.1046
epoch 98
train_loss: 0.0889
test_loss: 0.1041
epoch 99
train_loss: 0.0884
test_loss: 0.1036
epoch 100
train_loss: 0.0880
test_loss: 0.1032
epoch 101
train_loss: 0.0875
test_loss: 0.1028
epoch 102
train_loss: 0.0871
test_loss: 0.1023
epoch 103
train_loss: 0.0867
test_loss: 0.1019
epoch 104
train_loss: 0.0863
test_loss: 0.1015
epoch 105
train_loss: 0.0859
test_loss: 0.1011
epoch 106
train_loss: 0.0855
test_loss: 0.1007
epoch 107
train_loss: 0.0851
test_loss: 0.1004
epoch 108
train_loss: 0.0847
test_loss: 0.1000
epoch 109
train_loss: 0.0843
test_loss: 0.0996
epoch 110
train_loss: 0.0840
test_loss: 0.0993
epoch 111
train_loss: 0.0836
test_loss: 0.0989
epoch 112
train_loss: 0.0833
test_loss: 0.0986
epoch 113
train_loss: 0.0829
test_loss: 0.0982
epoch 114
train_loss: 0.0826
test_loss: 0.0979
epoch 115
train_loss: 0.0823
test_loss: 0.0976
epoch 116
train_loss: 0.0820
test_loss: 0.0973
epoch 117
train_loss: 0.0817
test_loss: 0.0970
epoch 118
train_loss: 0.0814
test_loss: 0.0967
epoch 119
train_loss: 0.0811
test_loss: 0.0964
epoch 120
train_loss: 0.0808
test_loss: 0.0961
epoch 121
train_loss: 0.0805
test_loss: 0.0958
epoch 122
train_loss: 0.0802
test_loss: 0.0956
epoch 123
train_loss: 0.0800
test_loss: 0.0953
epoch 124
train_loss: 0.0797
test_loss: 0.0950
epoch 125
train_loss: 0.0794
test_loss: 0.0947
epoch 126
train_loss: 0.0792
test_loss: 0.0945
epoch 127
train_loss: 0.0789
test_loss: 0.0942
epoch 128
train_loss: 0.0787
test_loss: 0.0940
epoch 129
train_loss: 0.0784
test_loss: 0.0937
epoch 130
train_loss: 0.0782
test_loss: 0.0935
epoch 131
train_loss: 0.0779
test_loss: 0.0933
epoch 132
train_loss: 0.0777
test_loss: 0.0931
epoch 133
train_loss: 0.0775
test_loss: 0.0929
epoch 134
train_loss: 0.0773
test_loss: 0.0926
epoch 135
train_loss: 0.0770
test_loss: 0.0924
epoch 136
train_loss: 0.0768
test_loss: 0.0922
epoch 137
train_loss: 0.0766
test_loss: 0.0920
epoch 138
train_loss: 0.0764
test_loss: 0.0918
epoch 139
train_loss: 0.0762
test_loss: 0.0916
epoch 140
train_loss: 0.0760
test_loss: 0.0914
epoch 141
train_loss: 0.0758
test_loss: 0.0912
epoch 142
train_loss: 0.0756
test_loss: 0.0910
epoch 143
train_loss: 0.0754
test_loss: 0.0909
epoch 144
train_loss: 0.0752
test_loss: 0.0907
epoch 145
train_loss: 0.0750
test_loss: 0.0905
epoch 146
train_loss: 0.0748
test_loss: 0.0903
epoch 147
train_loss: 0.0746
test_loss: 0.0902
epoch 148
train_loss: 0.0744
test_loss: 0.0900
epoch 149
train_loss: 0.0743
test_loss: 0.0898
epoch 150
train_loss: 0.0741
test_loss: 0.0897
epoch 151
train_loss: 0.0739
test_loss: 0.0895
epoch 152
train_loss: 0.0737
test_loss: 0.0894
epoch 153
train_loss: 0.0736
test_loss: 0.0892
epoch 154
train_loss: 0.0734
test_loss: 0.0891
epoch 155
train_loss: 0.0732
test_loss: 0.0889
epoch 156
train_loss: 0.0730
test_loss: 0.0888
epoch 157
train_loss: 0.0729
test_loss: 0.0887
epoch 158
train_loss: 0.0727
test_loss: 0.0885
epoch 159
train_loss: 0.0726
test_loss: 0.0884
epoch 160
train_loss: 0.0724
test_loss: 0.0883
epoch 161
train_loss: 0.0722
test_loss: 0.0882
epoch 162
train_loss: 0.0721
test_loss: 0.0880
epoch 163
train_loss: 0.0719
test_loss: 0.0879
epoch 164
train_loss: 0.0718
test_loss: 0.0878
epoch 165
train_loss: 0.0716
test_loss: 0.0876
epoch 166
train_loss: 0.0715
test_loss: 0.0875
epoch 167
train_loss: 0.0713
test_loss: 0.0874
epoch 168
train_loss: 0.0712
test_loss: 0.0872
epoch 169
train_loss: 0.0711
test_loss: 0.0871
epoch 170
train_loss: 0.0709
test_loss: 0.0870
epoch 171
train_loss: 0.0708
test_loss: 0.0869
epoch 172
train_loss: 0.0706
test_loss: 0.0867
epoch 173
train_loss: 0.0705
test_loss: 0.0866
epoch 174
train_loss: 0.0704
test_loss: 0.0865
epoch 175
train_loss: 0.0703
test_loss: 0.0864
epoch 176
train_loss: 0.0701
test_loss: 0.0863
epoch 177
train_loss: 0.0700
test_loss: 0.0862
epoch 178
train_loss: 0.0699
test_loss: 0.0861
epoch 179
train_loss: 0.0697
test_loss: 0.0859
epoch 180
train_loss: 0.0696
test_loss: 0.0858
epoch 181
train_loss: 0.0695
test_loss: 0.0857
epoch 182
train_loss: 0.0694
test_loss: 0.0856
epoch 183
train_loss: 0.0692
test_loss: 0.0855
epoch 184
train_loss: 0.0691
test_loss: 0.0854
epoch 185
train_loss: 0.0690
test_loss: 0.0853
epoch 186
train_loss: 0.0689
test_loss: 0.0852
epoch 187
train_loss: 0.0688
test_loss: 0.0851
epoch 188
train_loss: 0.0687
test_loss: 0.0851
epoch 189
train_loss: 0.0685
test_loss: 0.0850
epoch 190
train_loss: 0.0684
test_loss: 0.0849
epoch 191
train_loss: 0.0683
test_loss: 0.0848
epoch 192
train_loss: 0.0682
test_loss: 0.0847
epoch 193
train_loss: 0.0681
test_loss: 0.0846
epoch 194
train_loss: 0.0680
test_loss: 0.0845
epoch 195
train_loss: 0.0679
test_loss: 0.0845
epoch 196
train_loss: 0.0678
test_loss: 0.0844
epoch 197
train_loss: 0.0677
test_loss: 0.0843
epoch 198
train_loss: 0.0676
test_loss: 0.0842
epoch 199
train_loss: 0.0675
test_loss: 0.0841
epoch 200
train_loss: 0.0674
test_loss: 0.0840
epoch 201
train_loss: 0.0673
test_loss: 0.0839
epoch 202
train_loss: 0.0672
test_loss: 0.0839
epoch 203
train_loss: 0.0671
test_loss: 0.0838
epoch 204
train_loss: 0.0670
test_loss: 0.0837
epoch 205
train_loss: 0.0669
test_loss: 0.0836
epoch 206
train_loss: 0.0668
test_loss: 0.0836
epoch 207
train_loss: 0.0667
test_loss: 0.0835
epoch 208
train_loss: 0.0666
test_loss: 0.0834
epoch 209
train_loss: 0.0665
test_loss: 0.0833
epoch 210
train_loss: 0.0665
test_loss: 0.0833
epoch 211
train_loss: 0.0664
test_loss: 0.0832
epoch 212
train_loss: 0.0663
test_loss: 0.0831
epoch 213
train_loss: 0.0662
test_loss: 0.0831
epoch 214
train_loss: 0.0661
test_loss: 0.0830
epoch 215
train_loss: 0.0660
test_loss: 0.0830
epoch 216
train_loss: 0.0659
test_loss: 0.0829
epoch 217
train_loss: 0.0658
test_loss: 0.0828
epoch 218
train_loss: 0.0658
test_loss: 0.0828
epoch 219
train_loss: 0.0657
test_loss: 0.0827
epoch 220
train_loss: 0.0656
test_loss: 0.0826
epoch 221
train_loss: 0.0655
test_loss: 0.0826
epoch 222
train_loss: 0.0654
test_loss: 0.0825
epoch 223
train_loss: 0.0654
test_loss: 0.0825
epoch 224
train_loss: 0.0653
test_loss: 0.0824
epoch 225
train_loss: 0.0652
test_loss: 0.0823
epoch 226
train_loss: 0.0651
test_loss: 0.0823
epoch 227
train_loss: 0.0651
test_loss: 0.0822
epoch 228
train_loss: 0.0650
test_loss: 0.0822
epoch 229
train_loss: 0.0649
test_loss: 0.0821
epoch 230
train_loss: 0.0648
test_loss: 0.0821
epoch 231
train_loss: 0.0648
test_loss: 0.0820
epoch 232
train_loss: 0.0647
test_loss: 0.0819
epoch 233
train_loss: 0.0646
test_loss: 0.0819
epoch 234
train_loss: 0.0645
test_loss: 0.0818
epoch 235
train_loss: 0.0645
test_loss: 0.0818
epoch 236
train_loss: 0.0644
test_loss: 0.0817
epoch 237
train_loss: 0.0643
test_loss: 0.0816
epoch 238
train_loss: 0.0643
test_loss: 0.0816
epoch 239
train_loss: 0.0642
test_loss: 0.0815
epoch 240
train_loss: 0.0641
test_loss: 0.0815
epoch 241
train_loss: 0.0641
test_loss: 0.0814
epoch 242
train_loss: 0.0640
test_loss: 0.0814
epoch 243
train_loss: 0.0639
test_loss: 0.0814
epoch 244
train_loss: 0.0638
test_loss: 0.0813
epoch 245
train_loss: 0.0638
test_loss: 0.0813
epoch 246
train_loss: 0.0637
test_loss: 0.0812
epoch 247
train_loss: 0.0636
test_loss: 0.0812
epoch 248
train_loss: 0.0636
test_loss: 0.0811
epoch 249
train_loss: 0.0635
test_loss: 0.0811
epoch 250
train_loss: 0.0634
test_loss: 0.0810
epoch 251
train_loss: 0.0634
test_loss: 0.0810
epoch 252
train_loss: 0.0633
test_loss: 0.0810
epoch 253
train_loss: 0.0632
test_loss: 0.0809
epoch 254
train_loss: 0.0632
test_loss: 0.0809
epoch 255
train_loss: 0.0631
test_loss: 0.0808
epoch 256
train_loss: 0.0630
test_loss: 0.0807
epoch 257
train_loss: 0.0630
test_loss: 0.0807
epoch 258
train_loss: 0.0629
test_loss: 0.0807
epoch 259
train_loss: 0.0628
test_loss: 0.0806
epoch 260
train_loss: 0.0628
test_loss: 0.0806
epoch 261
train_loss: 0.0627
test_loss: 0.0805
epoch 262
train_loss: 0.0626
test_loss: 0.0805
epoch 263
train_loss: 0.0626
test_loss: 0.0804
epoch 264
train_loss: 0.0625
test_loss: 0.0804
epoch 265
train_loss: 0.0624
test_loss: 0.0804
epoch 266
train_loss: 0.0624
test_loss: 0.0803
epoch 267
train_loss: 0.0623
test_loss: 0.0803
epoch 268
train_loss: 0.0623
test_loss: 0.0802
epoch 269
train_loss: 0.0622
test_loss: 0.0802
epoch 270
train_loss: 0.0621
test_loss: 0.0801
epoch 271
train_loss: 0.0621
test_loss: 0.0801
epoch 272
train_loss: 0.0620
test_loss: 0.0800
epoch 273
train_loss: 0.0619
test_loss: 0.0800
epoch 274
train_loss: 0.0619
test_loss: 0.0799
epoch 275
train_loss: 0.0618
test_loss: 0.0799
epoch 276
train_loss: 0.0618
test_loss: 0.0798
epoch 277
train_loss: 0.0617
test_loss: 0.0798
epoch 278
train_loss: 0.0616
test_loss: 0.0797
epoch 279
train_loss: 0.0616
test_loss: 0.0797
epoch 280
train_loss: 0.0615
test_loss: 0.0797
epoch 281
train_loss: 0.0615
test_loss: 0.0796
epoch 282
train_loss: 0.0614
test_loss: 0.0796
epoch 283
train_loss: 0.0613
test_loss: 0.0796
epoch 284
train_loss: 0.0613
test_loss: 0.0795
epoch 285
train_loss: 0.0612
test_loss: 0.0795
epoch 286
train_loss: 0.0612
test_loss: 0.0794
epoch 287
train_loss: 0.0611
test_loss: 0.0794
epoch 288
train_loss: 0.0611
test_loss: 0.0793
epoch 289
train_loss: 0.0610
test_loss: 0.0793
epoch 290
train_loss: 0.0610
test_loss: 0.0793
epoch 291
train_loss: 0.0609
test_loss: 0.0792
epoch 292
train_loss: 0.0609
test_loss: 0.0792
epoch 293
train_loss: 0.0608
test_loss: 0.0792
epoch 294
train_loss: 0.0608
test_loss: 0.0791
epoch 295
train_loss: 0.0607
test_loss: 0.0791
epoch 296
train_loss: 0.0606
test_loss: 0.0790
epoch 297
train_loss: 0.0606
test_loss: 0.0790
epoch 298
train_loss: 0.0605
test_loss: 0.0790
epoch 299
train_loss: 0.0605
test_loss: 0.0789
epoch 300
train_loss: 0.0604
test_loss: 0.0789
epoch 301
train_loss: 0.0604
test_loss: 0.0789
epoch 302
train_loss: 0.0603
test_loss: 0.0788
epoch 303
train_loss: 0.0603
test_loss: 0.0788
epoch 304
train_loss: 0.0602
test_loss: 0.0788
epoch 305
train_loss: 0.0602
test_loss: 0.0787
epoch 306
train_loss: 0.0601
test_loss: 0.0787
epoch 307
train_loss: 0.0601
test_loss: 0.0787
epoch 308
train_loss: 0.0601
test_loss: 0.0786
epoch 309
train_loss: 0.0600
test_loss: 0.0786
epoch 310
train_loss: 0.0600
test_loss: 0.0786
epoch 311
train_loss: 0.0599
test_loss: 0.0785
epoch 312
train_loss: 0.0599
test_loss: 0.0785
epoch 313
train_loss: 0.0598
test_loss: 0.0784
epoch 314
train_loss: 0.0598
test_loss: 0.0784
epoch 315
train_loss: 0.0597
test_loss: 0.0783
epoch 316
train_loss: 0.0597
test_loss: 0.0783
epoch 317
train_loss: 0.0596
test_loss: 0.0783
epoch 318
train_loss: 0.0596
test_loss: 0.0782
epoch 319
train_loss: 0.0595
test_loss: 0.0782
epoch 320
train_loss: 0.0595
test_loss: 0.0781
epoch 321
train_loss: 0.0594
test_loss: 0.0781
epoch 322
train_loss: 0.0594
test_loss: 0.0781
epoch 323
train_loss: 0.0593
test_loss: 0.0780
epoch 324
train_loss: 0.0593
test_loss: 0.0780
epoch 325
train_loss: 0.0593
test_loss: 0.0779
epoch 326
train_loss: 0.0592
test_loss: 0.0779
epoch 327
train_loss: 0.0592
test_loss: 0.0779
epoch 328
train_loss: 0.0591
test_loss: 0.0778
epoch 329
train_loss: 0.0591
test_loss: 0.0778
epoch 330
train_loss: 0.0590
test_loss: 0.0777
epoch 331
train_loss: 0.0590
test_loss: 0.0777
epoch 332
train_loss: 0.0589
test_loss: 0.0777
epoch 333
train_loss: 0.0589
test_loss: 0.0776
epoch 334
train_loss: 0.0589
test_loss: 0.0776
epoch 335
train_loss: 0.0588
test_loss: 0.0776
epoch 336
train_loss: 0.0588
test_loss: 0.0775
epoch 337
train_loss: 0.0587
test_loss: 0.0775
epoch 338
train_loss: 0.0587
test_loss: 0.0775
epoch 339
train_loss: 0.0586
test_loss: 0.0774
epoch 340
train_loss: 0.0586
test_loss: 0.0774
epoch 341
train_loss: 0.0586
test_loss: 0.0774
epoch 342
train_loss: 0.0585
test_loss: 0.0773
epoch 343
train_loss: 0.0585
test_loss: 0.0773
epoch 344
train_loss: 0.0584
test_loss: 0.0773
epoch 345
train_loss: 0.0584
test_loss: 0.0772
epoch 346
train_loss: 0.0583
test_loss: 0.0772
epoch 347
train_loss: 0.0583
test_loss: 0.0772
epoch 348
train_loss: 0.0583
test_loss: 0.0771
epoch 349
train_loss: 0.0582
test_loss: 0.0771
epoch 350
train_loss: 0.0582
test_loss: 0.0770
epoch 351
train_loss: 0.0581
test_loss: 0.0770
epoch 352
train_loss: 0.0581
test_loss: 0.0770
epoch 353
train_loss: 0.0580
test_loss: 0.0769
epoch 354
train_loss: 0.0580
test_loss: 0.0769
epoch 355
train_loss: 0.0580
test_loss: 0.0769
epoch 356
train_loss: 0.0579
test_loss: 0.0768
epoch 357
train_loss: 0.0579
test_loss: 0.0768
epoch 358
train_loss: 0.0578
test_loss: 0.0767
epoch 359
train_loss: 0.0578
test_loss: 0.0767
epoch 360
train_loss: 0.0578
test_loss: 0.0767
epoch 361
train_loss: 0.0577
test_loss: 0.0767
epoch 362
train_loss: 0.0577
test_loss: 0.0766
epoch 363
train_loss: 0.0576
test_loss: 0.0766
epoch 364
train_loss: 0.0576
test_loss: 0.0766
epoch 365
train_loss: 0.0576
test_loss: 0.0765
epoch 366
train_loss: 0.0575
test_loss: 0.0765
epoch 367
train_loss: 0.0575
test_loss: 0.0765
epoch 368
train_loss: 0.0574
test_loss: 0.0764
epoch 369
train_loss: 0.0574
test_loss: 0.0764
epoch 370
train_loss: 0.0574
test_loss: 0.0764
epoch 371
train_loss: 0.0573
test_loss: 0.0763
epoch 372
train_loss: 0.0573
test_loss: 0.0763
epoch 373
train_loss: 0.0572
test_loss: 0.0763
epoch 374
train_loss: 0.0572
test_loss: 0.0762
epoch 375
train_loss: 0.0572
test_loss: 0.0762
epoch 376
train_loss: 0.0571
test_loss: 0.0762
epoch 377
train_loss: 0.0571
test_loss: 0.0762
epoch 378
train_loss: 0.0570
test_loss: 0.0761
epoch 379
train_loss: 0.0570
test_loss: 0.0761
epoch 380
train_loss: 0.0570
test_loss: 0.0760
epoch 381
train_loss: 0.0569
test_loss: 0.0760
epoch 382
train_loss: 0.0569
test_loss: 0.0760
epoch 383
train_loss: 0.0568
test_loss: 0.0760
epoch 384
train_loss: 0.0568
test_loss: 0.0760
epoch 385
train_loss: 0.0568
test_loss: 0.0759
epoch 386
train_loss: 0.0567
test_loss: 0.0759
epoch 387
train_loss: 0.0567
test_loss: 0.0759
epoch 388
train_loss: 0.0566
test_loss: 0.0759
epoch 389
train_loss: 0.0566
test_loss: 0.0758
epoch 390
train_loss: 0.0566
test_loss: 0.0758
epoch 391
train_loss: 0.0565
test_loss: 0.0758
epoch 392
train_loss: 0.0565
test_loss: 0.0757
epoch 393
train_loss: 0.0565
test_loss: 0.0757
epoch 394
train_loss: 0.0564
test_loss: 0.0757
epoch 395
train_loss: 0.0564
test_loss: 0.0757
epoch 396
train_loss: 0.0563
test_loss: 0.0757
epoch 397
train_loss: 0.0563
test_loss: 0.0756
epoch 398
train_loss: 0.0563
test_loss: 0.0756
epoch 399
train_loss: 0.0562
test_loss: 0.0756
epoch 400
train_loss: 0.0562
test_loss: 0.0756
epoch 401
train_loss: 0.0562
test_loss: 0.0756
epoch 402
train_loss: 0.0561
test_loss: 0.0755
epoch 403
train_loss: 0.0561
test_loss: 0.0755
epoch 404
train_loss: 0.0561
test_loss: 0.0755
epoch 405
train_loss: 0.0560
test_loss: 0.0755
epoch 406
train_loss: 0.0560
test_loss: 0.0755
epoch 407
train_loss: 0.0560
test_loss: 0.0754
epoch 408
train_loss: 0.0559
test_loss: 0.0754
epoch 409
train_loss: 0.0559
test_loss: 0.0754
epoch 410
train_loss: 0.0559
test_loss: 0.0754
epoch 411
train_loss: 0.0558
test_loss: 0.0753
epoch 412
train_loss: 0.0558
test_loss: 0.0753
epoch 413
train_loss: 0.0558
test_loss: 0.0753
epoch 414
train_loss: 0.0557
test_loss: 0.0753
epoch 415
train_loss: 0.0557
test_loss: 0.0753
epoch 416
train_loss: 0.0557
test_loss: 0.0753
epoch 417
train_loss: 0.0556
test_loss: 0.0752
epoch 418
train_loss: 0.0556
test_loss: 0.0752
epoch 419
train_loss: 0.0556
test_loss: 0.0752
epoch 420
train_loss: 0.0555
test_loss: 0.0752
epoch 421
train_loss: 0.0555
test_loss: 0.0752
epoch 422
train_loss: 0.0555
test_loss: 0.0752
epoch 423
train_loss: 0.0554
test_loss: 0.0752
epoch 424
train_loss: 0.0554
test_loss: 0.0751
epoch 425
train_loss: 0.0554
test_loss: 0.0751
epoch 426
train_loss: 0.0553
test_loss: 0.0751
epoch 427
train_loss: 0.0553
test_loss: 0.0751
epoch 428
train_loss: 0.0553
test_loss: 0.0751
epoch 429
train_loss: 0.0552
test_loss: 0.0751
epoch 430
train_loss: 0.0552
test_loss: 0.0750
epoch 431
train_loss: 0.0552
test_loss: 0.0750
epoch 432
train_loss: 0.0552
test_loss: 0.0750
epoch 433
train_loss: 0.0551
test_loss: 0.0750
epoch 434
train_loss: 0.0551
test_loss: 0.0750
epoch 435
train_loss: 0.0551
test_loss: 0.0750
epoch 436
train_loss: 0.0550
test_loss: 0.0749
epoch 437
train_loss: 0.0550
test_loss: 0.0749
epoch 438
train_loss: 0.0550
test_loss: 0.0749
epoch 439
train_loss: 0.0549
test_loss: 0.0749
epoch 440
train_loss: 0.0549
test_loss: 0.0748
epoch 441
train_loss: 0.0549
test_loss: 0.0748
epoch 442
train_loss: 0.0549
test_loss: 0.0748
epoch 443
train_loss: 0.0548
test_loss: 0.0748
epoch 444
train_loss: 0.0548
test_loss: 0.0747
epoch 445
train_loss: 0.0548
test_loss: 0.0747
epoch 446
train_loss: 0.0547
test_loss: 0.0747
epoch 447
train_loss: 0.0547
test_loss: 0.0747
epoch 448
train_loss: 0.0547
test_loss: 0.0747
epoch 449
train_loss: 0.0546
test_loss: 0.0747
epoch 450
train_loss: 0.0546
test_loss: 0.0746
epoch 451
train_loss: 0.0546
test_loss: 0.0746
epoch 452
train_loss: 0.0546
test_loss: 0.0746
epoch 453
train_loss: 0.0545
test_loss: 0.0746
epoch 454
train_loss: 0.0545
test_loss: 0.0745
epoch 455
train_loss: 0.0545
test_loss: 0.0745
epoch 456
train_loss: 0.0544
test_loss: 0.0745
epoch 457
train_loss: 0.0544
test_loss: 0.0745
epoch 458
train_loss: 0.0544
test_loss: 0.0745
epoch 459
train_loss: 0.0543
test_loss: 0.0744
epoch 460
train_loss: 0.0543
test_loss: 0.0744
epoch 461
train_loss: 0.0543
test_loss: 0.0744
epoch 462
train_loss: 0.0542
test_loss: 0.0744
epoch 463
train_loss: 0.0542
test_loss: 0.0744
epoch 464
train_loss: 0.0542
test_loss: 0.0743
epoch 465
train_loss: 0.0542
test_loss: 0.0743
epoch 466
train_loss: 0.0541
test_loss: 0.0743
epoch 467
train_loss: 0.0541
test_loss: 0.0743
epoch 468
train_loss: 0.0541
test_loss: 0.0742
epoch 469
train_loss: 0.0540
test_loss: 0.0742
epoch 470
train_loss: 0.0540
test_loss: 0.0742
epoch 471
train_loss: 0.0540
test_loss: 0.0742
epoch 472
train_loss: 0.0540
test_loss: 0.0741
epoch 473
train_loss: 0.0539
test_loss: 0.0741
epoch 474
train_loss: 0.0539
test_loss: 0.0741
epoch 475
train_loss: 0.0539
test_loss: 0.0741
epoch 476
train_loss: 0.0538
test_loss: 0.0740
epoch 477
train_loss: 0.0538
test_loss: 0.0740
epoch 478
train_loss: 0.0538
test_loss: 0.0740
epoch 479
train_loss: 0.0538
test_loss: 0.0740
epoch 480
train_loss: 0.0537
test_loss: 0.0740
epoch 481
train_loss: 0.0537
test_loss: 0.0740
epoch 482
train_loss: 0.0537
test_loss: 0.0739
epoch 483
train_loss: 0.0537
test_loss: 0.0739
epoch 484
train_loss: 0.0536
test_loss: 0.0739
epoch 485
train_loss: 0.0536
test_loss: 0.0739
epoch 486
train_loss: 0.0536
test_loss: 0.0738
epoch 487
train_loss: 0.0535
test_loss: 0.0738
epoch 488
train_loss: 0.0535
test_loss: 0.0738
epoch 489
train_loss: 0.0535
test_loss: 0.0737
epoch 490
train_loss: 0.0535
test_loss: 0.0737
epoch 491
train_loss: 0.0534
test_loss: 0.0737
epoch 492
train_loss: 0.0534
test_loss: 0.0737
epoch 493
train_loss: 0.0534
test_loss: 0.0737
epoch 494
train_loss: 0.0534
test_loss: 0.0736
epoch 495
train_loss: 0.0533
test_loss: 0.0736
epoch 496
train_loss: 0.0533
test_loss: 0.0736
epoch 497
train_loss: 0.0533
test_loss: 0.0736
epoch 498
train_loss: 0.0533
test_loss: 0.0736
epoch 499
train_loss: 0.0532
test_loss: 0.0735
epoch 500
train_loss: 0.0532
test_loss: 0.0735
epoch 501
train_loss: 0.0532
test_loss: 0.0735
epoch 502
train_loss: 0.0532
test_loss: 0.0735
epoch 503
train_loss: 0.0531
test_loss: 0.0735
epoch 504
train_loss: 0.0531
test_loss: 0.0735
epoch 505
train_loss: 0.0531
test_loss: 0.0734
epoch 506
train_loss: 0.0531
test_loss: 0.0734
epoch 507
train_loss: 0.0530
test_loss: 0.0734
epoch 508
train_loss: 0.0530
test_loss: 0.0734
epoch 509
train_loss: 0.0530
test_loss: 0.0734
epoch 510
train_loss: 0.0530
test_loss: 0.0733
epoch 511
train_loss: 0.0529
test_loss: 0.0733
epoch 512
train_loss: 0.0529
test_loss: 0.0733
epoch 513
train_loss: 0.0529
test_loss: 0.0733
epoch 514
train_loss: 0.0529
test_loss: 0.0733
epoch 515
train_loss: 0.0529
test_loss: 0.0733
epoch 516
train_loss: 0.0528
test_loss: 0.0733
epoch 517
train_loss: 0.0528
test_loss: 0.0732
epoch 518
train_loss: 0.0528
test_loss: 0.0732
epoch 519
train_loss: 0.0528
test_loss: 0.0732
epoch 520
train_loss: 0.0528
test_loss: 0.0732
epoch 521
train_loss: 0.0527
test_loss: 0.0732
epoch 522
train_loss: 0.0527
test_loss: 0.0732
epoch 523
train_loss: 0.0527
test_loss: 0.0732
epoch 524
train_loss: 0.0527
test_loss: 0.0731
epoch 525
train_loss: 0.0526
test_loss: 0.0731
epoch 526
train_loss: 0.0526
test_loss: 0.0731
epoch 527
train_loss: 0.0526
test_loss: 0.0731
epoch 528
train_loss: 0.0526
test_loss: 0.0731
epoch 529
train_loss: 0.0526
test_loss: 0.0731
epoch 530
train_loss: 0.0525
test_loss: 0.0731
epoch 531
train_loss: 0.0525
test_loss: 0.0730
epoch 532
train_loss: 0.0525
test_loss: 0.0730
epoch 533
train_loss: 0.0525
test_loss: 0.0730
epoch 534
train_loss: 0.0525
test_loss: 0.0730
epoch 535
train_loss: 0.0524
test_loss: 0.0730
epoch 536
train_loss: 0.0524
test_loss: 0.0730
epoch 537
train_loss: 0.0524
test_loss: 0.0730
epoch 538
train_loss: 0.0524
test_loss: 0.0729
epoch 539
train_loss: 0.0524
test_loss: 0.0729
epoch 540
train_loss: 0.0523
test_loss: 0.0729
epoch 541
train_loss: 0.0523
test_loss: 0.0729
epoch 542
train_loss: 0.0523
test_loss: 0.0729
epoch 543
train_loss: 0.0523
test_loss: 0.0729
epoch 544
train_loss: 0.0523
test_loss: 0.0729
epoch 545
train_loss: 0.0522
test_loss: 0.0728
epoch 546
train_loss: 0.0522
test_loss: 0.0728
epoch 547
train_loss: 0.0522
test_loss: 0.0728
epoch 548
train_loss: 0.0522
test_loss: 0.0728
epoch 549
train_loss: 0.0522
test_loss: 0.0728
epoch 550
train_loss: 0.0521
test_loss: 0.0728
epoch 551
train_loss: 0.0521
test_loss: 0.0728
epoch 552
train_loss: 0.0521
test_loss: 0.0728
epoch 553
train_loss: 0.0521
test_loss: 0.0728
epoch 554
train_loss: 0.0521
test_loss: 0.0728
epoch 555
train_loss: 0.0521
test_loss: 0.0727
epoch 556
train_loss: 0.0520
test_loss: 0.0727
epoch 557
train_loss: 0.0520
test_loss: 0.0727
epoch 558
train_loss: 0.0520
test_loss: 0.0727
epoch 559
train_loss: 0.0520
test_loss: 0.0727
epoch 560
train_loss: 0.0520
test_loss: 0.0727
epoch 561
train_loss: 0.0519
test_loss: 0.0727
epoch 562
train_loss: 0.0519
test_loss: 0.0726
epoch 563
train_loss: 0.0519
test_loss: 0.0726
epoch 564
train_loss: 0.0519
test_loss: 0.0726
epoch 565
train_loss: 0.0519
test_loss: 0.0726
epoch 566
train_loss: 0.0518
test_loss: 0.0726
epoch 567
train_loss: 0.0518
test_loss: 0.0726
epoch 568
train_loss: 0.0518
test_loss: 0.0726
epoch 569
train_loss: 0.0518
test_loss: 0.0726
epoch 570
train_loss: 0.0518
test_loss: 0.0726
epoch 571
train_loss: 0.0518
test_loss: 0.0726
epoch 572
train_loss: 0.0517
test_loss: 0.0725
epoch 573
train_loss: 0.0517
test_loss: 0.0725
epoch 574
train_loss: 0.0517
test_loss: 0.0725
epoch 575
train_loss: 0.0517
test_loss: 0.0725
epoch 576
train_loss: 0.0517
test_loss: 0.0725
epoch 577
train_loss: 0.0516
test_loss: 0.0725
epoch 578
train_loss: 0.0516
test_loss: 0.0725
epoch 579
train_loss: 0.0516
test_loss: 0.0725
epoch 580
train_loss: 0.0516
test_loss: 0.0724
epoch 581
train_loss: 0.0516
test_loss: 0.0724
epoch 582
train_loss: 0.0516
test_loss: 0.0724
epoch 583
train_loss: 0.0515
test_loss: 0.0724
epoch 584
train_loss: 0.0515
test_loss: 0.0724
epoch 585
train_loss: 0.0515
test_loss: 0.0724
epoch 586
train_loss: 0.0515
test_loss: 0.0724
epoch 587
train_loss: 0.0515
test_loss: 0.0723
epoch 588
train_loss: 0.0515
test_loss: 0.0723
epoch 589
train_loss: 0.0514
test_loss: 0.0723
epoch 590
train_loss: 0.0514
test_loss: 0.0723
epoch 591
train_loss: 0.0514
test_loss: 0.0723
epoch 592
train_loss: 0.0514
test_loss: 0.0723
epoch 593
train_loss: 0.0514
test_loss: 0.0723
epoch 594
train_loss: 0.0514
test_loss: 0.0723
epoch 595
train_loss: 0.0513
test_loss: 0.0723
epoch 596
train_loss: 0.0513
test_loss: 0.0722
epoch 597
train_loss: 0.0513
test_loss: 0.0722
epoch 598
train_loss: 0.0513
test_loss: 0.0722
epoch 599
train_loss: 0.0513
test_loss: 0.0722
epoch 600
train_loss: 0.0513
test_loss: 0.0722
epoch 601
train_loss: 0.0512
test_loss: 0.0722
epoch 602
train_loss: 0.0512
test_loss: 0.0721
epoch 603
train_loss: 0.0512
test_loss: 0.0721
epoch 604
train_loss: 0.0512
test_loss: 0.0721
epoch 605
train_loss: 0.0512
test_loss: 0.0721
epoch 606
train_loss: 0.0512
test_loss: 0.0721
epoch 607
train_loss: 0.0512
test_loss: 0.0721
epoch 608
train_loss: 0.0511
test_loss: 0.0721
epoch 609
train_loss: 0.0511
test_loss: 0.0721
epoch 610
train_loss: 0.0511
test_loss: 0.0721
epoch 611
train_loss: 0.0511
test_loss: 0.0721
epoch 612
train_loss: 0.0511
test_loss: 0.0720
epoch 613
train_loss: 0.0511
test_loss: 0.0720
epoch 614
train_loss: 0.0510
test_loss: 0.0720
epoch 615
train_loss: 0.0510
test_loss: 0.0720
epoch 616
train_loss: 0.0510
test_loss: 0.0720
epoch 617
train_loss: 0.0510
test_loss: 0.0720
epoch 618
train_loss: 0.0510
test_loss: 0.0720
epoch 619
train_loss: 0.0510
test_loss: 0.0720
epoch 620
train_loss: 0.0510
test_loss: 0.0720
epoch 621
train_loss: 0.0509
test_loss: 0.0720
epoch 622
train_loss: 0.0509
test_loss: 0.0720
epoch 623
train_loss: 0.0509
test_loss: 0.0719
epoch 624
train_loss: 0.0509
test_loss: 0.0719
epoch 625
train_loss: 0.0509
test_loss: 0.0719
epoch 626
train_loss: 0.0509
test_loss: 0.0719
epoch 627
train_loss: 0.0509
test_loss: 0.0719
epoch 628
train_loss: 0.0508
test_loss: 0.0719
epoch 629
train_loss: 0.0508
test_loss: 0.0719
epoch 630
train_loss: 0.0508
test_loss: 0.0718
epoch 631
train_loss: 0.0508
test_loss: 0.0718
epoch 632
train_loss: 0.0508
test_loss: 0.0718
epoch 633
train_loss: 0.0508
test_loss: 0.0718
epoch 634
train_loss: 0.0508
test_loss: 0.0718
epoch 635
train_loss: 0.0507
test_loss: 0.0718
epoch 636
train_loss: 0.0507
test_loss: 0.0718
epoch 637
train_loss: 0.0507
test_loss: 0.0718
epoch 638
train_loss: 0.0507
test_loss: 0.0718
epoch 639
train_loss: 0.0507
test_loss: 0.0718
epoch 640
train_loss: 0.0507
test_loss: 0.0717
epoch 641
train_loss: 0.0507
test_loss: 0.0717
epoch 642
train_loss: 0.0506
test_loss: 0.0717
epoch 643
train_loss: 0.0506
test_loss: 0.0717
epoch 644
train_loss: 0.0506
test_loss: 0.0717
epoch 645
train_loss: 0.0506
test_loss: 0.0717
epoch 646
train_loss: 0.0506
test_loss: 0.0717
epoch 647
train_loss: 0.0506
test_loss: 0.0717
epoch 648
train_loss: 0.0506
test_loss: 0.0717
epoch 649
train_loss: 0.0505
test_loss: 0.0716
epoch 650
train_loss: 0.0505
test_loss: 0.0716
epoch 651
train_loss: 0.0505
test_loss: 0.0716
epoch 652
train_loss: 0.0505
test_loss: 0.0716
epoch 653
train_loss: 0.0505
test_loss: 0.0716
epoch 654
train_loss: 0.0505
test_loss: 0.0716
epoch 655
train_loss: 0.0505
test_loss: 0.0716
epoch 656
train_loss: 0.0504
test_loss: 0.0716
epoch 657
train_loss: 0.0504
test_loss: 0.0716
epoch 658
train_loss: 0.0504
test_loss: 0.0715
epoch 659
train_loss: 0.0504
test_loss: 0.0716
epoch 660
train_loss: 0.0504
test_loss: 0.0715
epoch 661
train_loss: 0.0504
test_loss: 0.0715
epoch 662
train_loss: 0.0503
test_loss: 0.0715
epoch 663
train_loss: 0.0503
test_loss: 0.0715
epoch 664
train_loss: 0.0503
test_loss: 0.0715
epoch 665
train_loss: 0.0503
test_loss: 0.0715
epoch 666
train_loss: 0.0503
test_loss: 0.0715
epoch 667
train_loss: 0.0503
test_loss: 0.0715
epoch 668
train_loss: 0.0503
test_loss: 0.0715
epoch 669
train_loss: 0.0502
test_loss: 0.0715
epoch 670
train_loss: 0.0502
test_loss: 0.0714
epoch 671
train_loss: 0.0502
test_loss: 0.0714
epoch 672
train_loss: 0.0502
test_loss: 0.0714
epoch 673
train_loss: 0.0502
test_loss: 0.0714
epoch 674
train_loss: 0.0502
test_loss: 0.0714
epoch 675
train_loss: 0.0502
test_loss: 0.0714
epoch 676
train_loss: 0.0501
test_loss: 0.0714
epoch 677
train_loss: 0.0501
test_loss: 0.0714
epoch 678
train_loss: 0.0501
test_loss: 0.0714
epoch 679
train_loss: 0.0501
test_loss: 0.0714
epoch 680
train_loss: 0.0501
test_loss: 0.0713
epoch 681
train_loss: 0.0501
test_loss: 0.0713
epoch 682
train_loss: 0.0501
test_loss: 0.0713
epoch 683
train_loss: 0.0500
test_loss: 0.0713
epoch 684
train_loss: 0.0500
test_loss: 0.0713
epoch 685
train_loss: 0.0500
test_loss: 0.0713
epoch 686
train_loss: 0.0500
test_loss: 0.0713
epoch 687
train_loss: 0.0500
test_loss: 0.0713
epoch 688
train_loss: 0.0500
test_loss: 0.0713
epoch 689
train_loss: 0.0500
test_loss: 0.0713
epoch 690
train_loss: 0.0499
test_loss: 0.0712
epoch 691
train_loss: 0.0499
test_loss: 0.0712
epoch 692
train_loss: 0.0499
test_loss: 0.0712
epoch 693
train_loss: 0.0499
test_loss: 0.0712
epoch 694
train_loss: 0.0499
test_loss: 0.0712
epoch 695
train_loss: 0.0499
test_loss: 0.0712
epoch 696
train_loss: 0.0499
test_loss: 0.0712
epoch 697
train_loss: 0.0499
test_loss: 0.0712
epoch 698
train_loss: 0.0498
test_loss: 0.0712
epoch 699
train_loss: 0.0498
test_loss: 0.0712
epoch 700
train_loss: 0.0498
test_loss: 0.0712
epoch 701
train_loss: 0.0498
test_loss: 0.0712
epoch 702
train_loss: 0.0498
test_loss: 0.0712
epoch 703
train_loss: 0.0498
test_loss: 0.0711
epoch 704
train_loss: 0.0498
test_loss: 0.0711
epoch 705
train_loss: 0.0497
test_loss: 0.0711
epoch 706
train_loss: 0.0497
test_loss: 0.0711
epoch 707
train_loss: 0.0497
test_loss: 0.0711
epoch 708
train_loss: 0.0497
test_loss: 0.0711
epoch 709
train_loss: 0.0497
test_loss: 0.0711
epoch 710
train_loss: 0.0497
test_loss: 0.0711
epoch 711
train_loss: 0.0497
test_loss: 0.0711
epoch 712
train_loss: 0.0497
test_loss: 0.0711
epoch 713
train_loss: 0.0497
test_loss: 0.0711
epoch 714
train_loss: 0.0496
test_loss: 0.0711
epoch 715
train_loss: 0.0496
test_loss: 0.0711
epoch 716
train_loss: 0.0496
test_loss: 0.0711
epoch 717
train_loss: 0.0496
test_loss: 0.0710
epoch 718
train_loss: 0.0496
test_loss: 0.0710
epoch 719
train_loss: 0.0496
test_loss: 0.0710
epoch 720
train_loss: 0.0496
test_loss: 0.0710
epoch 721
train_loss: 0.0495
test_loss: 0.0710
epoch 722
train_loss: 0.0495
test_loss: 0.0710
epoch 723
train_loss: 0.0495
test_loss: 0.0710
epoch 724
train_loss: 0.0495
test_loss: 0.0710
epoch 725
train_loss: 0.0495
test_loss: 0.0710
epoch 726
train_loss: 0.0495
test_loss: 0.0710
epoch 727
train_loss: 0.0495
test_loss: 0.0709
epoch 728
train_loss: 0.0495
test_loss: 0.0709
epoch 729
train_loss: 0.0494
test_loss: 0.0709
epoch 730
train_loss: 0.0494
test_loss: 0.0709
epoch 731
train_loss: 0.0494
test_loss: 0.0709
epoch 732
train_loss: 0.0494
test_loss: 0.0709
epoch 733
train_loss: 0.0494
test_loss: 0.0709
epoch 734
train_loss: 0.0494
test_loss: 0.0709
epoch 735
train_loss: 0.0494
test_loss: 0.0709
epoch 736
train_loss: 0.0494
test_loss: 0.0709
epoch 737
train_loss: 0.0493
test_loss: 0.0709
epoch 738
train_loss: 0.0493
test_loss: 0.0709
epoch 739
train_loss: 0.0493
test_loss: 0.0708
epoch 740
train_loss: 0.0493
test_loss: 0.0709
epoch 741
train_loss: 0.0493
test_loss: 0.0708
epoch 742
train_loss: 0.0493
test_loss: 0.0708
epoch 743
train_loss: 0.0493
test_loss: 0.0708
epoch 744
train_loss: 0.0493
test_loss: 0.0708
epoch 745
train_loss: 0.0493
test_loss: 0.0708
epoch 746
train_loss: 0.0493
test_loss: 0.0708
epoch 747
train_loss: 0.0492
test_loss: 0.0708
epoch 748
train_loss: 0.0492
test_loss: 0.0708
epoch 749
train_loss: 0.0492
test_loss: 0.0708
epoch 750
train_loss: 0.0492
test_loss: 0.0708
epoch 751
train_loss: 0.0492
test_loss: 0.0708
epoch 752
train_loss: 0.0492
test_loss: 0.0707
epoch 753
train_loss: 0.0492
test_loss: 0.0707
epoch 754
train_loss: 0.0492
test_loss: 0.0707
epoch 755
train_loss: 0.0492
test_loss: 0.0707
epoch 756
train_loss: 0.0491
test_loss: 0.0707
epoch 757
train_loss: 0.0491
test_loss: 0.0707
epoch 758
train_loss: 0.0491
test_loss: 0.0707
epoch 759
train_loss: 0.0491
test_loss: 0.0707
epoch 760
train_loss: 0.0491
test_loss: 0.0707
epoch 761
train_loss: 0.0491
test_loss: 0.0707
epoch 762
train_loss: 0.0491
test_loss: 0.0707
epoch 763
train_loss: 0.0491
test_loss: 0.0707
epoch 764
train_loss: 0.0491
test_loss: 0.0707
epoch 765
train_loss: 0.0491
test_loss: 0.0707
epoch 766
train_loss: 0.0490
test_loss: 0.0707
epoch 767
train_loss: 0.0490
test_loss: 0.0706
epoch 768
train_loss: 0.0490
test_loss: 0.0706
epoch 769
train_loss: 0.0490
test_loss: 0.0706
epoch 770
train_loss: 0.0490
test_loss: 0.0706
epoch 771
train_loss: 0.0490
test_loss: 0.0706
epoch 772
train_loss: 0.0490
test_loss: 0.0706
epoch 773
train_loss: 0.0490
test_loss: 0.0706
epoch 774
train_loss: 0.0490
test_loss: 0.0706
epoch 775
train_loss: 0.0490
test_loss: 0.0706
epoch 776
train_loss: 0.0490
test_loss: 0.0706
epoch 777
train_loss: 0.0489
test_loss: 0.0706
epoch 778
train_loss: 0.0489
test_loss: 0.0706
epoch 779
train_loss: 0.0489
test_loss: 0.0706
epoch 780
train_loss: 0.0489
test_loss: 0.0706
epoch 781
train_loss: 0.0489
test_loss: 0.0706
epoch 782
train_loss: 0.0489
test_loss: 0.0706
epoch 783
train_loss: 0.0489
test_loss: 0.0706
epoch 784
train_loss: 0.0489
test_loss: 0.0706
epoch 785
train_loss: 0.0489
test_loss: 0.0705
epoch 786
train_loss: 0.0489
test_loss: 0.0706
epoch 787
train_loss: 0.0488
test_loss: 0.0705
epoch 788
train_loss: 0.0488
test_loss: 0.0705
epoch 789
train_loss: 0.0488
test_loss: 0.0705
epoch 790
train_loss: 0.0488
test_loss: 0.0705
epoch 791
train_loss: 0.0488
test_loss: 0.0705
epoch 792
train_loss: 0.0488
test_loss: 0.0705
epoch 793
train_loss: 0.0488
test_loss: 0.0705
epoch 794
train_loss: 0.0488
test_loss: 0.0705
epoch 795
train_loss: 0.0488
test_loss: 0.0705
epoch 796
train_loss: 0.0488
test_loss: 0.0705
epoch 797
train_loss: 0.0487
test_loss: 0.0705
epoch 798
train_loss: 0.0487
test_loss: 0.0705
epoch 799
train_loss: 0.0487
test_loss: 0.0705
epoch 800
train_loss: 0.0487
test_loss: 0.0705
epoch 801
train_loss: 0.0487
test_loss: 0.0705
epoch 802
train_loss: 0.0487
test_loss: 0.0704
epoch 803
train_loss: 0.0487
test_loss: 0.0704
epoch 804
train_loss: 0.0487
test_loss: 0.0704
epoch 805
train_loss: 0.0487
test_loss: 0.0704
epoch 806
train_loss: 0.0487
test_loss: 0.0704
epoch 807
train_loss: 0.0487
test_loss: 0.0704
epoch 808
train_loss: 0.0486
test_loss: 0.0704
epoch 809
train_loss: 0.0486
test_loss: 0.0704
epoch 810
train_loss: 0.0486
test_loss: 0.0704
epoch 811
train_loss: 0.0486
test_loss: 0.0704
epoch 812
train_loss: 0.0486
test_loss: 0.0704
epoch 813
train_loss: 0.0486
test_loss: 0.0704
epoch 814
train_loss: 0.0486
test_loss: 0.0704
epoch 815
train_loss: 0.0486
test_loss: 0.0704
epoch 816
train_loss: 0.0486
test_loss: 0.0704
epoch 817
train_loss: 0.0486
test_loss: 0.0704
epoch 818
train_loss: 0.0486
test_loss: 0.0704
epoch 819
train_loss: 0.0485
test_loss: 0.0704
epoch 820
train_loss: 0.0485
test_loss: 0.0704
epoch 821
train_loss: 0.0485
test_loss: 0.0704
epoch 822
train_loss: 0.0485
test_loss: 0.0704
epoch 823
train_loss: 0.0485
test_loss: 0.0704
epoch 824
train_loss: 0.0485
test_loss: 0.0704
epoch 825
train_loss: 0.0485
test_loss: 0.0704
epoch 826
train_loss: 0.0485
test_loss: 0.0703
epoch 827
train_loss: 0.0485
test_loss: 0.0704
epoch 828
train_loss: 0.0485
test_loss: 0.0703
epoch 829
train_loss: 0.0485
test_loss: 0.0703
epoch 830
train_loss: 0.0485
test_loss: 0.0703
epoch 831
train_loss: 0.0484
test_loss: 0.0703
epoch 832
train_loss: 0.0484
test_loss: 0.0703
epoch 833
train_loss: 0.0484
test_loss: 0.0703
epoch 834
train_loss: 0.0484
test_loss: 0.0703
epoch 835
train_loss: 0.0484
test_loss: 0.0703
epoch 836
train_loss: 0.0484
test_loss: 0.0703
epoch 837
train_loss: 0.0484
test_loss: 0.0703
epoch 838
train_loss: 0.0484
test_loss: 0.0703
epoch 839
train_loss: 0.0484
test_loss: 0.0702
epoch 840
train_loss: 0.0484
test_loss: 0.0702
epoch 841
train_loss: 0.0484
test_loss: 0.0702
epoch 842
train_loss: 0.0484
test_loss: 0.0702
epoch 843
train_loss: 0.0483
test_loss: 0.0702
epoch 844
train_loss: 0.0483
test_loss: 0.0702
epoch 845
train_loss: 0.0483
test_loss: 0.0702
epoch 846
train_loss: 0.0483
test_loss: 0.0702
epoch 847
train_loss: 0.0483
test_loss: 0.0702
epoch 848
train_loss: 0.0483
test_loss: 0.0702
epoch 849
train_loss: 0.0483
test_loss: 0.0702
epoch 850
train_loss: 0.0483
test_loss: 0.0702
epoch 851
train_loss: 0.0483
test_loss: 0.0702
epoch 852
train_loss: 0.0483
test_loss: 0.0702
epoch 853
train_loss: 0.0483
test_loss: 0.0702
epoch 854
train_loss: 0.0482
test_loss: 0.0702
epoch 855
train_loss: 0.0482
test_loss: 0.0702
epoch 856
train_loss: 0.0482
test_loss: 0.0702
epoch 857
train_loss: 0.0482
test_loss: 0.0702
epoch 858
train_loss: 0.0482
test_loss: 0.0702
epoch 859
train_loss: 0.0482
test_loss: 0.0702
epoch 860
train_loss: 0.0482
test_loss: 0.0702
epoch 861
train_loss: 0.0482
test_loss: 0.0702
epoch 862
train_loss: 0.0482
test_loss: 0.0702
epoch 863
train_loss: 0.0482
test_loss: 0.0702
epoch 864
train_loss: 0.0482
test_loss: 0.0702
epoch 865
train_loss: 0.0482
test_loss: 0.0702
epoch 866
train_loss: 0.0482
test_loss: 0.0702
epoch 867
train_loss: 0.0482
test_loss: 0.0702
epoch 868
train_loss: 0.0481
test_loss: 0.0702
epoch 869
train_loss: 0.0481
test_loss: 0.0702
epoch 870
train_loss: 0.0481
test_loss: 0.0701
epoch 871
train_loss: 0.0481
test_loss: 0.0702
epoch 872
train_loss: 0.0481
test_loss: 0.0701
epoch 873
train_loss: 0.0481
test_loss: 0.0701
epoch 874
train_loss: 0.0481
test_loss: 0.0702
epoch 875
train_loss: 0.0481
test_loss: 0.0701
epoch 876
train_loss: 0.0481
test_loss: 0.0701
epoch 877
train_loss: 0.0481
test_loss: 0.0701
epoch 878
train_loss: 0.0481
test_loss: 0.0701
epoch 879
train_loss: 0.0481
test_loss: 0.0701
epoch 880
train_loss: 0.0481
test_loss: 0.0701
epoch 881
train_loss: 0.0481
test_loss: 0.0701
epoch 882
train_loss: 0.0480
test_loss: 0.0701
epoch 883
train_loss: 0.0480
test_loss: 0.0701
epoch 884
train_loss: 0.0480
test_loss: 0.0701
epoch 885
train_loss: 0.0480
test_loss: 0.0701
epoch 886
train_loss: 0.0480
test_loss: 0.0701
epoch 887
train_loss: 0.0480
test_loss: 0.0701
epoch 888
train_loss: 0.0480
test_loss: 0.0701
epoch 889
train_loss: 0.0480
test_loss: 0.0701
epoch 890
train_loss: 0.0480
test_loss: 0.0701
epoch 891
train_loss: 0.0480
test_loss: 0.0701
epoch 892
train_loss: 0.0480
test_loss: 0.0701
epoch 893
train_loss: 0.0480
test_loss: 0.0701
epoch 894
train_loss: 0.0480
test_loss: 0.0701
epoch 895
train_loss: 0.0479
test_loss: 0.0701
epoch 896
train_loss: 0.0479
test_loss: 0.0701
epoch 897
train_loss: 0.0479
test_loss: 0.0701
epoch 898
train_loss: 0.0479
test_loss: 0.0701
epoch 899
train_loss: 0.0479
test_loss: 0.0701
epoch 900
train_loss: 0.0479
test_loss: 0.0701
epoch 901
train_loss: 0.0479
test_loss: 0.0701
epoch 902
train_loss: 0.0479
test_loss: 0.0701
epoch 903
train_loss: 0.0479
test_loss: 0.0701
epoch 904
train_loss: 0.0479
test_loss: 0.0701
epoch 905
train_loss: 0.0479
test_loss: 0.0701
epoch 906
train_loss: 0.0479
test_loss: 0.0701
epoch 907
train_loss: 0.0479
test_loss: 0.0701
epoch 908
train_loss: 0.0478
test_loss: 0.0701
epoch 909
train_loss: 0.0478
test_loss: 0.0701
epoch 910
train_loss: 0.0478
test_loss: 0.0701
epoch 911
train_loss: 0.0478
test_loss: 0.0701
epoch 912
train_loss: 0.0478
test_loss: 0.0701
epoch 913
train_loss: 0.0478
test_loss: 0.0701
epoch 914
train_loss: 0.0478
test_loss: 0.0701
epoch 915
train_loss: 0.0478
test_loss: 0.0701
epoch 916
train_loss: 0.0478
test_loss: 0.0701
epoch 917
train_loss: 0.0478
test_loss: 0.0701
epoch 918
train_loss: 0.0478
test_loss: 0.0701
epoch 919
train_loss: 0.0478
test_loss: 0.0701
epoch 920
train_loss: 0.0478
test_loss: 0.0700
epoch 921
train_loss: 0.0478
test_loss: 0.0701
epoch 922
train_loss: 0.0477
test_loss: 0.0701
epoch 923
train_loss: 0.0477
test_loss: 0.0701
epoch 924
train_loss: 0.0477
test_loss: 0.0701
epoch 925
train_loss: 0.0477
test_loss: 0.0701
epoch 926
train_loss: 0.0477
test_loss: 0.0701
epoch 927
train_loss: 0.0477
test_loss: 0.0701
epoch 928
train_loss: 0.0477
test_loss: 0.0701
epoch 929
train_loss: 0.0477
test_loss: 0.0701
epoch 930
train_loss: 0.0477
test_loss: 0.0701
epoch 931
train_loss: 0.0477
test_loss: 0.0701
epoch 932
train_loss: 0.0477
test_loss: 0.0701
epoch 933
train_loss: 0.0477
test_loss: 0.0701
epoch 934
train_loss: 0.0477
test_loss: 0.0701
epoch 935
train_loss: 0.0477
test_loss: 0.0701
epoch 936
train_loss: 0.0477
test_loss: 0.0701
epoch 937
train_loss: 0.0477
test_loss: 0.0701
epoch 938
train_loss: 0.0477
test_loss: 0.0701
epoch 939
train_loss: 0.0476
test_loss: 0.0701
epoch 940
train_loss: 0.0476
test_loss: 0.0701
epoch 941
train_loss: 0.0476
test_loss: 0.0701
epoch 942
train_loss: 0.0476
test_loss: 0.0701
epoch 943
train_loss: 0.0476
test_loss: 0.0701
epoch 944
train_loss: 0.0476
test_loss: 0.0701
epoch 945
train_loss: 0.0476
test_loss: 0.0701
epoch 946
train_loss: 0.0476
test_loss: 0.0701
epoch 947
train_loss: 0.0476
test_loss: 0.0701
epoch 948
train_loss: 0.0476
test_loss: 0.0701
epoch 949
train_loss: 0.0476
test_loss: 0.0701
epoch 950
train_loss: 0.0476
test_loss: 0.0701
epoch 951
train_loss: 0.0476
test_loss: 0.0701
epoch 952
train_loss: 0.0476
test_loss: 0.0701
epoch 953
train_loss: 0.0476
test_loss: 0.0701
epoch 954
train_loss: 0.0476
test_loss: 0.0701
epoch 955
train_loss: 0.0476
test_loss: 0.0701
epoch 956
train_loss: 0.0476
test_loss: 0.0701
epoch 957
train_loss: 0.0475
test_loss: 0.0701
epoch 958
train_loss: 0.0475
test_loss: 0.0701
epoch 959
train_loss: 0.0475
test_loss: 0.0701
epoch 960
train_loss: 0.0475
test_loss: 0.0701
epoch 961
train_loss: 0.0475
test_loss: 0.0701
epoch 962
train_loss: 0.0475
test_loss: 0.0701
epoch 963
train_loss: 0.0475
test_loss: 0.0701
epoch 964
train_loss: 0.0475
test_loss: 0.0701
epoch 965
train_loss: 0.0475
test_loss: 0.0701
epoch 966
train_loss: 0.0475
test_loss: 0.0701
epoch 967
train_loss: 0.0475
test_loss: 0.0701
epoch 968
train_loss: 0.0475
test_loss: 0.0701
epoch 969
train_loss: 0.0475
test_loss: 0.0701
epoch 970
train_loss: 0.0475
test_loss: 0.0701
epoch 971
train_loss: 0.0475
test_loss: 0.0701
epoch 972
train_loss: 0.0475
test_loss: 0.0701
epoch 973
train_loss: 0.0475
test_loss: 0.0701
epoch 974
train_loss: 0.0475
test_loss: 0.0701
epoch 975
train_loss: 0.0475
test_loss: 0.0701
epoch 976
train_loss: 0.0474
test_loss: 0.0701
epoch 977
train_loss: 0.0474
test_loss: 0.0701
epoch 978
train_loss: 0.0474
test_loss: 0.0701
epoch 979
train_loss: 0.0474
test_loss: 0.0701
epoch 980
train_loss: 0.0474
test_loss: 0.0701
epoch 981
train_loss: 0.0474
test_loss: 0.0701
epoch 982
train_loss: 0.0474
test_loss: 0.0701
epoch 983
train_loss: 0.0474
test_loss: 0.0701
epoch 984
train_loss: 0.0474
test_loss: 0.0701
epoch 985
train_loss: 0.0474
test_loss: 0.0701
epoch 986
train_loss: 0.0474
test_loss: 0.0701
epoch 987
train_loss: 0.0474
test_loss: 0.0701
epoch 988
train_loss: 0.0474
test_loss: 0.0701
epoch 989
train_loss: 0.0474
test_loss: 0.0701
/home/xueqiong/noise_injection_uncertainty/regression/utils.py:39: FutureWarning: The 'delim_whitespace' keyword in pd.read_csv is deprecated and will be removed in a future version. Use ``sep='\s+'`` instead
  return pd.read_csv(dataset_path, engine='python', header=None, delim_whitespace=True)
8 1
6554 1638 8192
model_name dropoutFCN
using Adam as optimizer
epoch 0
train_loss: 0.9042
Module: DropoutFullyConnectedNN
  Module: ModuleList
    Module: Linear
    Module: Linear
    Module: Linear
  Module: ModuleList
    Module: Dropout
dropout设置为训练模式
    Module: Dropout
dropout设置为训练模式
    Module: Dropout
dropout设置为训练模式
  Module: ReLU
test_loss: 0.7917
epoch 1
train_loss: 0.6890
Module: DropoutFullyConnectedNN
  Module: ModuleList
    Module: Linear
    Module: Linear
    Module: Linear
  Module: ModuleList
    Module: Dropout
dropout设置为训练模式
    Module: Dropout
dropout设置为训练模式
    Module: Dropout
dropout设置为训练模式
  Module: ReLU
test_loss: 0.6177
epoch 2
train_loss: 0.5678
Module: DropoutFullyConnectedNN
  Module: ModuleList
    Module: Linear
    Module: Linear
    Module: Linear
  Module: ModuleList
    Module: Dropout
dropout设置为训练模式
    Module: Dropout
dropout设置为训练模式
    Module: Dropout
dropout设置为训练模式
  Module: ReLU
test_loss: 0.5548
epoch 3
train_loss: 0.5275
Module: DropoutFullyConnectedNN
  Module: ModuleList
    Module: Linear
    Module: Linear
    Module: Linear
  Module: ModuleList
    Module: Dropout
dropout设置为训练模式
    Module: Dropout
dropout设置为训练模式
    Module: Dropout
dropout设置为训练模式
  Module: ReLU
test_loss: 0.5301
epoch 4
train_loss: 0.5042
Module: DropoutFullyConnectedNN
  Module: ModuleList
    Module: Linear
    Module: Linear
    Module: Linear
  Module: ModuleList
    Module: Dropout
dropout设置为训练模式
    Module: Dropout
dropout设置为训练模式
    Module: Dropout
dropout设置为训练模式
  Module: ReLU
test_loss: 0.5096
epoch 5
train_loss: 0.4847
Module: DropoutFullyConnectedNN
  Module: ModuleList
    Module: Linear
    Module: Linear
    Module: Linear
  Module: ModuleList
    Module: Dropout
dropout设置为训练模式
    Module: Dropout
dropout设置为训练模式
    Module: Dropout
dropout设置为训练模式
  Module: ReLU
test_loss: 0.4890
epoch 6
train_loss: 0.4640
Module: DropoutFullyConnectedNN
  Module: ModuleList
    Module: Linear
    Module: Linear
    Module: Linear
  Module: ModuleList
    Module: Dropout
dropout设置为训练模式
    Module: Dropout
dropout设置为训练模式
    Module: Dropout
dropout设置为训练模式
  Module: ReLU
test_loss: 0.4682
epoch 7
train_loss: 0.4491
Module: DropoutFullyConnectedNN
  Module: ModuleList
    Module: Linear
    Module: Linear
    Module: Linear
  Module: ModuleList
    Module: Dropout
dropout设置为训练模式
    Module: Dropout
dropout设置为训练模式
    Module: Dropout
dropout设置为训练模式
  Module: ReLU
test_loss: 0.4480
epoch 8
train_loss: 0.4294
Module: DropoutFullyConnectedNN
  Module: ModuleList
    Module: Linear
    Module: Linear
    Module: Linear
  Module: ModuleList
    Module: Dropout
dropout设置为训练模式
    Module: Dropout
dropout设置为训练模式
    Module: Dropout
dropout设置为训练模式
  Module: ReLU
test_loss: 0.4290
epoch 9
train_loss: 0.4105
Module: DropoutFullyConnectedNN
  Module: ModuleList
    Module: Linear
    Module: Linear
    Module: Linear
  Module: ModuleList
    Module: Dropout
dropout设置为训练模式
    Module: Dropout
dropout设置为训练模式
    Module: Dropout
dropout设置为训练模式
  Module: ReLU
test_loss: 0.4105
epoch 10
train_loss: 0.3946
Module: DropoutFullyConnectedNN
  Module: ModuleList
    Module: Linear
    Module: Linear
    Module: Linear
  Module: ModuleList
    Module: Dropout
dropout设置为训练模式
    Module: Dropout
dropout设置为训练模式
    Module: Dropout
dropout设置为训练模式
  Module: ReLU
test_loss: 0.3938
epoch 11
train_loss: 0.3799
Module: DropoutFullyConnectedNN
  Module: ModuleList
    Module: Linear
    Module: Linear
    Module: Linear
  Module: ModuleList
    Module: Dropout
dropout设置为训练模式
    Module: Dropout
dropout设置为训练模式
    Module: Dropout
dropout设置为训练模式
  Module: ReLU
test_loss: 0.3780
epoch 12
train_loss: 0.3657
Module: DropoutFullyConnectedNN
  Module: ModuleList
    Module: Linear
    Module: Linear
    Module: Linear
  Module: ModuleList
    Module: Dropout
dropout设置为训练模式
    Module: Dropout
dropout设置为训练模式
    Module: Dropout
dropout设置为训练模式
  Module: ReLU
test_loss: 0.3636
epoch 13
train_loss: 0.3550
Module: DropoutFullyConnectedNN
  Module: ModuleList
    Module: Linear
    Module: Linear
    Module: Linear
  Module: ModuleList
    Module: Dropout
dropout设置为训练模式
    Module: Dropout
dropout设置为训练模式
    Module: Dropout
dropout设置为训练模式
  Module: ReLU
test_loss: 0.3517
epoch 14
train_loss: 0.3464
Module: DropoutFullyConnectedNN
  Module: ModuleList
    Module: Linear
    Module: Linear
    Module: Linear
  Module: ModuleList
    Module: Dropout
dropout设置为训练模式
    Module: Dropout
dropout设置为训练模式
    Module: Dropout
dropout设置为训练模式
  Module: ReLU
test_loss: 0.3390
epoch 15
train_loss: 0.3340
Module: DropoutFullyConnectedNN
  Module: ModuleList
    Module: Linear
    Module: Linear
    Module: Linear
  Module: ModuleList
    Module: Dropout
dropout设置为训练模式
    Module: Dropout
dropout设置为训练模式
    Module: Dropout
dropout设置为训练模式
  Module: ReLU
test_loss: 0.3269
epoch 16
train_loss: 0.3212
Module: DropoutFullyConnectedNN
  Module: ModuleList
    Module: Linear
    Module: Linear
    Module: Linear
  Module: ModuleList
    Module: Dropout
dropout设置为训练模式
    Module: Dropout
dropout设置为训练模式
    Module: Dropout
dropout设置为训练模式
  Module: ReLU
test_loss: 0.3161
epoch 17
train_loss: 0.3108
Module: DropoutFullyConnectedNN
  Module: ModuleList
    Module: Linear
    Module: Linear
    Module: Linear
  Module: ModuleList
    Module: Dropout
dropout设置为训练模式
    Module: Dropout
dropout设置为训练模式
    Module: Dropout
dropout设置为训练模式
  Module: ReLU
test_loss: 0.3056
epoch 18
train_loss: 0.3043
Module: DropoutFullyConnectedNN
  Module: ModuleList
    Module: Linear
    Module: Linear
    Module: Linear
  Module: ModuleList
    Module: Dropout
dropout设置为训练模式
    Module: Dropout
dropout设置为训练模式
    Module: Dropout
dropout设置为训练模式
  Module: ReLU
test_loss: 0.2959
epoch 19
train_loss: 0.2984
Module: DropoutFullyConnectedNN
  Module: ModuleList
    Module: Linear
    Module: Linear
    Module: Linear
  Module: ModuleList
    Module: Dropout
dropout设置为训练模式
    Module: Dropout
dropout设置为训练模式
    Module: Dropout
dropout设置为训练模式
  Module: ReLU
test_loss: 0.2869
epoch 20
train_loss: 0.2870
Module: DropoutFullyConnectedNN
  Module: ModuleList
    Module: Linear
    Module: Linear
    Module: Linear
  Module: ModuleList
    Module: Dropout
dropout设置为训练模式
    Module: Dropout
dropout设置为训练模式
    Module: Dropout
dropout设置为训练模式
  Module: ReLU
test_loss: 0.2781
epoch 21
train_loss: 0.2815
Module: DropoutFullyConnectedNN
  Module: ModuleList
    Module: Linear
    Module: Linear
    Module: Linear
  Module: ModuleList
    Module: Dropout
dropout设置为训练模式
    Module: Dropout
dropout设置为训练模式
    Module: Dropout
dropout设置为训练模式
  Module: ReLU
test_loss: 0.2702
epoch 22
train_loss: 0.2765
Module: DropoutFullyConnectedNN
  Module: ModuleList
    Module: Linear
    Module: Linear
    Module: Linear
  Module: ModuleList
    Module: Dropout
dropout设置为训练模式
    Module: Dropout
dropout设置为训练模式
    Module: Dropout
dropout设置为训练模式
  Module: ReLU
test_loss: 0.2630
epoch 23
train_loss: 0.2677
Module: DropoutFullyConnectedNN
  Module: ModuleList
    Module: Linear
    Module: Linear
    Module: Linear
  Module: ModuleList
    Module: Dropout
dropout设置为训练模式
    Module: Dropout
dropout设置为训练模式
    Module: Dropout
dropout设置为训练模式
  Module: ReLU
test_loss: 0.2563
epoch 24
train_loss: 0.2657
Module: DropoutFullyConnectedNN
  Module: ModuleList
    Module: Linear
    Module: Linear
    Module: Linear
  Module: ModuleList
    Module: Dropout
dropout设置为训练模式
    Module: Dropout
dropout设置为训练模式
    Module: Dropout
dropout设置为训练模式
  Module: ReLU
test_loss: 0.2496
epoch 25
train_loss: 0.2588
Module: DropoutFullyConnectedNN
  Module: ModuleList
    Module: Linear
    Module: Linear
    Module: Linear
  Module: ModuleList
    Module: Dropout
dropout设置为训练模式
    Module: Dropout
dropout设置为训练模式
    Module: Dropout
dropout设置为训练模式
  Module: ReLU
test_loss: 0.2441
epoch 26
train_loss: 0.2510
Module: DropoutFullyConnectedNN
  Module: ModuleList
    Module: Linear
    Module: Linear
    Module: Linear
  Module: ModuleList
    Module: Dropout
dropout设置为训练模式
    Module: Dropout
dropout设置为训练模式
    Module: Dropout
dropout设置为训练模式
  Module: ReLU
test_loss: 0.2387
epoch 27
train_loss: 0.2485
Module: DropoutFullyConnectedNN
  Module: ModuleList
    Module: Linear
    Module: Linear
    Module: Linear
  Module: ModuleList
    Module: Dropout
dropout设置为训练模式
    Module: Dropout
dropout设置为训练模式
    Module: Dropout
dropout设置为训练模式
  Module: ReLU
test_loss: 0.2339
epoch 28
train_loss: 0.2388
Module: DropoutFullyConnectedNN
  Module: ModuleList
    Module: Linear
    Module: Linear
    Module: Linear
  Module: ModuleList
    Module: Dropout
dropout设置为训练模式
    Module: Dropout
dropout设置为训练模式
    Module: Dropout
dropout设置为训练模式
  Module: ReLU
test_loss: 0.2292
epoch 29
train_loss: 0.2391
Module: DropoutFullyConnectedNN
  Module: ModuleList
    Module: Linear
    Module: Linear
    Module: Linear
  Module: ModuleList
    Module: Dropout
dropout设置为训练模式
    Module: Dropout
dropout设置为训练模式
    Module: Dropout
dropout设置为训练模式
  Module: ReLU
test_loss: 0.2242
epoch 30
train_loss: 0.2365
Module: DropoutFullyConnectedNN
  Module: ModuleList
    Module: Linear
    Module: Linear
    Module: Linear
  Module: ModuleList
    Module: Dropout
dropout设置为训练模式
    Module: Dropout
dropout设置为训练模式
    Module: Dropout
dropout设置为训练模式
  Module: ReLU
test_loss: 0.2198
epoch 31
train_loss: 0.2312
Module: DropoutFullyConnectedNN
  Module: ModuleList
    Module: Linear
    Module: Linear
    Module: Linear
  Module: ModuleList
    Module: Dropout
dropout设置为训练模式
    Module: Dropout
dropout设置为训练模式
    Module: Dropout
dropout设置为训练模式
  Module: ReLU
test_loss: 0.2158
epoch 32
train_loss: 0.2241
Module: DropoutFullyConnectedNN
  Module: ModuleList
    Module: Linear
    Module: Linear
    Module: Linear
  Module: ModuleList
    Module: Dropout
dropout设置为训练模式
    Module: Dropout
dropout设置为训练模式
    Module: Dropout
dropout设置为训练模式
  Module: ReLU
test_loss: 0.2115
epoch 33
train_loss: 0.2267
Module: DropoutFullyConnectedNN
  Module: ModuleList
    Module: Linear
    Module: Linear
    Module: Linear
  Module: ModuleList
    Module: Dropout
dropout设置为训练模式
    Module: Dropout
dropout设置为训练模式
    Module: Dropout
dropout设置为训练模式
  Module: ReLU
test_loss: 0.2087
epoch 34
train_loss: 0.2211
Module: DropoutFullyConnectedNN
  Module: ModuleList
    Module: Linear
    Module: Linear
    Module: Linear
  Module: ModuleList
    Module: Dropout
dropout设置为训练模式
    Module: Dropout
dropout设置为训练模式
    Module: Dropout
dropout设置为训练模式
  Module: ReLU
test_loss: 0.2054
epoch 35
train_loss: 0.2199
Module: DropoutFullyConnectedNN
  Module: ModuleList
    Module: Linear
    Module: Linear
    Module: Linear
  Module: ModuleList
    Module: Dropout
dropout设置为训练模式
    Module: Dropout
dropout设置为训练模式
    Module: Dropout
dropout设置为训练模式
  Module: ReLU
test_loss: 0.2030
epoch 36
train_loss: 0.2133
Module: DropoutFullyConnectedNN
  Module: ModuleList
    Module: Linear
    Module: Linear
    Module: Linear
  Module: ModuleList
    Module: Dropout
dropout设置为训练模式
    Module: Dropout
dropout设置为训练模式
    Module: Dropout
dropout设置为训练模式
  Module: ReLU
test_loss: 0.1997
epoch 37
train_loss: 0.2114
Module: DropoutFullyConnectedNN
  Module: ModuleList
    Module: Linear
    Module: Linear
    Module: Linear
  Module: ModuleList
    Module: Dropout
dropout设置为训练模式
    Module: Dropout
dropout设置为训练模式
    Module: Dropout
dropout设置为训练模式
  Module: ReLU
test_loss: 0.1973
epoch 38
train_loss: 0.2138
Module: DropoutFullyConnectedNN
  Module: ModuleList
    Module: Linear
    Module: Linear
    Module: Linear
  Module: ModuleList
    Module: Dropout
dropout设置为训练模式
    Module: Dropout
dropout设置为训练模式
    Module: Dropout
dropout设置为训练模式
  Module: ReLU
test_loss: 0.1945
epoch 39
train_loss: 0.2096
Module: DropoutFullyConnectedNN
  Module: ModuleList
    Module: Linear
    Module: Linear
    Module: Linear
  Module: ModuleList
    Module: Dropout
dropout设置为训练模式
    Module: Dropout
dropout设置为训练模式
    Module: Dropout
dropout设置为训练模式
  Module: ReLU
test_loss: 0.1923
epoch 40
train_loss: 0.2025
Module: DropoutFullyConnectedNN
  Module: ModuleList
    Module: Linear
    Module: Linear
    Module: Linear
  Module: ModuleList
    Module: Dropout
dropout设置为训练模式
    Module: Dropout
dropout设置为训练模式
    Module: Dropout
dropout设置为训练模式
  Module: ReLU
test_loss: 0.1904
epoch 41
train_loss: 0.2054
Module: DropoutFullyConnectedNN
  Module: ModuleList
    Module: Linear
    Module: Linear
    Module: Linear
  Module: ModuleList
    Module: Dropout
dropout设置为训练模式
    Module: Dropout
dropout设置为训练模式
    Module: Dropout
dropout设置为训练模式
  Module: ReLU
test_loss: 0.1872
epoch 42
train_loss: 0.2042
Module: DropoutFullyConnectedNN
  Module: ModuleList
    Module: Linear
    Module: Linear
    Module: Linear
  Module: ModuleList
    Module: Dropout
dropout设置为训练模式
    Module: Dropout
dropout设置为训练模式
    Module: Dropout
dropout设置为训练模式
  Module: ReLU
test_loss: 0.1856
epoch 43
train_loss: 0.2001
Module: DropoutFullyConnectedNN
  Module: ModuleList
    Module: Linear
    Module: Linear
    Module: Linear
  Module: ModuleList
    Module: Dropout
dropout设置为训练模式
    Module: Dropout
dropout设置为训练模式
    Module: Dropout
dropout设置为训练模式
  Module: ReLU
test_loss: 0.1843
epoch 44
train_loss: 0.1977
Module: DropoutFullyConnectedNN
  Module: ModuleList
    Module: Linear
    Module: Linear
    Module: Linear
  Module: ModuleList
    Module: Dropout
dropout设置为训练模式
    Module: Dropout
dropout设置为训练模式
    Module: Dropout
dropout设置为训练模式
  Module: ReLU
test_loss: 0.1819
epoch 45
train_loss: 0.1967
Module: DropoutFullyConnectedNN
  Module: ModuleList
    Module: Linear
    Module: Linear
    Module: Linear
  Module: ModuleList
    Module: Dropout
dropout设置为训练模式
    Module: Dropout
dropout设置为训练模式
    Module: Dropout
dropout设置为训练模式
  Module: ReLU
test_loss: 0.1799
epoch 46
train_loss: 0.1943
Module: DropoutFullyConnectedNN
  Module: ModuleList
    Module: Linear
    Module: Linear
    Module: Linear
  Module: ModuleList
    Module: Dropout
dropout设置为训练模式
    Module: Dropout
dropout设置为训练模式
    Module: Dropout
dropout设置为训练模式
  Module: ReLU
test_loss: 0.1779
epoch 47
train_loss: 0.1975
Module: DropoutFullyConnectedNN
  Module: ModuleList
    Module: Linear
    Module: Linear
    Module: Linear
  Module: ModuleList
    Module: Dropout
dropout设置为训练模式
    Module: Dropout
dropout设置为训练模式
    Module: Dropout
dropout设置为训练模式
  Module: ReLU
test_loss: 0.1778
epoch 48
train_loss: 0.1857
Module: DropoutFullyConnectedNN
  Module: ModuleList
    Module: Linear
    Module: Linear
    Module: Linear
  Module: ModuleList
    Module: Dropout
dropout设置为训练模式
    Module: Dropout
dropout设置为训练模式
    Module: Dropout
dropout设置为训练模式
  Module: ReLU
test_loss: 0.1755
epoch 49
train_loss: 0.1908
Module: DropoutFullyConnectedNN
  Module: ModuleList
    Module: Linear
    Module: Linear
    Module: Linear
  Module: ModuleList
    Module: Dropout
dropout设置为训练模式
    Module: Dropout
dropout设置为训练模式
    Module: Dropout
dropout设置为训练模式
  Module: ReLU
test_loss: 0.1734
epoch 50
train_loss: 0.1867
Module: DropoutFullyConnectedNN
  Module: ModuleList
    Module: Linear
    Module: Linear
    Module: Linear
  Module: ModuleList
    Module: Dropout
dropout设置为训练模式
    Module: Dropout
dropout设置为训练模式
    Module: Dropout
dropout设置为训练模式
  Module: ReLU
test_loss: 0.1721
epoch 51
train_loss: 0.1873
Module: DropoutFullyConnectedNN
  Module: ModuleList
    Module: Linear
    Module: Linear
    Module: Linear
  Module: ModuleList
    Module: Dropout
dropout设置为训练模式
    Module: Dropout
dropout设置为训练模式
    Module: Dropout
dropout设置为训练模式
  Module: ReLU
test_loss: 0.1710
epoch 52
train_loss: 0.1838
Module: DropoutFullyConnectedNN
  Module: ModuleList
    Module: Linear
    Module: Linear
    Module: Linear
  Module: ModuleList
    Module: Dropout
dropout设置为训练模式
    Module: Dropout
dropout设置为训练模式
    Module: Dropout
dropout设置为训练模式
  Module: ReLU
test_loss: 0.1697
epoch 53
train_loss: 0.1886
Module: DropoutFullyConnectedNN
  Module: ModuleList
    Module: Linear
    Module: Linear
    Module: Linear
  Module: ModuleList
    Module: Dropout
dropout设置为训练模式
    Module: Dropout
dropout设置为训练模式
    Module: Dropout
dropout设置为训练模式
  Module: ReLU
test_loss: 0.1679
epoch 54
train_loss: 0.1831
Module: DropoutFullyConnectedNN
  Module: ModuleList
    Module: Linear
    Module: Linear
    Module: Linear
  Module: ModuleList
    Module: Dropout
dropout设置为训练模式
    Module: Dropout
dropout设置为训练模式
    Module: Dropout
dropout设置为训练模式
  Module: ReLU
test_loss: 0.1665
epoch 55
train_loss: 0.1828
Module: DropoutFullyConnectedNN
  Module: ModuleList
    Module: Linear
    Module: Linear
    Module: Linear
  Module: ModuleList
    Module: Dropout
dropout设置为训练模式
    Module: Dropout
dropout设置为训练模式
    Module: Dropout
dropout设置为训练模式
  Module: ReLU
test_loss: 0.1656
epoch 56
train_loss: 0.1821
Module: DropoutFullyConnectedNN
  Module: ModuleList
    Module: Linear
    Module: Linear
    Module: Linear
  Module: ModuleList
    Module: Dropout
dropout设置为训练模式
    Module: Dropout
dropout设置为训练模式
    Module: Dropout
dropout设置为训练模式
  Module: ReLU
test_loss: 0.1643
epoch 57
train_loss: 0.1785
Module: DropoutFullyConnectedNN
  Module: ModuleList
    Module: Linear
    Module: Linear
    Module: Linear
  Module: ModuleList
    Module: Dropout
dropout设置为训练模式
    Module: Dropout
dropout设置为训练模式
    Module: Dropout
dropout设置为训练模式
  Module: ReLU
test_loss: 0.1635
epoch 58
train_loss: 0.1760
Module: DropoutFullyConnectedNN
  Module: ModuleList
    Module: Linear
    Module: Linear
    Module: Linear
  Module: ModuleList
    Module: Dropout
dropout设置为训练模式
    Module: Dropout
dropout设置为训练模式
    Module: Dropout
dropout设置为训练模式
  Module: ReLU
test_loss: 0.1623
epoch 59
train_loss: 0.1816
Module: DropoutFullyConnectedNN
  Module: ModuleList
    Module: Linear
    Module: Linear
    Module: Linear
  Module: ModuleList
    Module: Dropout
dropout设置为训练模式
    Module: Dropout
dropout设置为训练模式
    Module: Dropout
dropout设置为训练模式
  Module: ReLU
test_loss: 0.1612
epoch 60
train_loss: 0.1777
Module: DropoutFullyConnectedNN
  Module: ModuleList
    Module: Linear
    Module: Linear
    Module: Linear
  Module: ModuleList
    Module: Dropout
dropout设置为训练模式
    Module: Dropout
dropout设置为训练模式
    Module: Dropout
dropout设置为训练模式
  Module: ReLU
test_loss: 0.1594
epoch 61
train_loss: 0.1759
Module: DropoutFullyConnectedNN
  Module: ModuleList
    Module: Linear
    Module: Linear
    Module: Linear
  Module: ModuleList
    Module: Dropout
dropout设置为训练模式
    Module: Dropout
dropout设置为训练模式
    Module: Dropout
dropout设置为训练模式
  Module: ReLU
test_loss: 0.1584
epoch 62
train_loss: 0.1758
Module: DropoutFullyConnectedNN
  Module: ModuleList
    Module: Linear
    Module: Linear
    Module: Linear
  Module: ModuleList
    Module: Dropout
dropout设置为训练模式
    Module: Dropout
dropout设置为训练模式
    Module: Dropout
dropout设置为训练模式
  Module: ReLU
test_loss: 0.1570
epoch 63
train_loss: 0.1730
Module: DropoutFullyConnectedNN
  Module: ModuleList
    Module: Linear
    Module: Linear
    Module: Linear
  Module: ModuleList
    Module: Dropout
dropout设置为训练模式
    Module: Dropout
dropout设置为训练模式
    Module: Dropout
dropout设置为训练模式
  Module: ReLU
test_loss: 0.1563
epoch 64
train_loss: 0.1704
Module: DropoutFullyConnectedNN
  Module: ModuleList
    Module: Linear
    Module: Linear
    Module: Linear
  Module: ModuleList
    Module: Dropout
dropout设置为训练模式
    Module: Dropout
dropout设置为训练模式
    Module: Dropout
dropout设置为训练模式
  Module: ReLU
test_loss: 0.1558
epoch 65
train_loss: 0.1693
Module: DropoutFullyConnectedNN
  Module: ModuleList
    Module: Linear
    Module: Linear
    Module: Linear
  Module: ModuleList
    Module: Dropout
dropout设置为训练模式
    Module: Dropout
dropout设置为训练模式
    Module: Dropout
dropout设置为训练模式
  Module: ReLU
test_loss: 0.1539
epoch 66
train_loss: 0.1696
Module: DropoutFullyConnectedNN
  Module: ModuleList
    Module: Linear
    Module: Linear
    Module: Linear
  Module: ModuleList
    Module: Dropout
dropout设置为训练模式
    Module: Dropout
dropout设置为训练模式
    Module: Dropout
dropout设置为训练模式
  Module: ReLU
test_loss: 0.1528
epoch 67
train_loss: 0.1677
Module: DropoutFullyConnectedNN
  Module: ModuleList
    Module: Linear
    Module: Linear
    Module: Linear
  Module: ModuleList
    Module: Dropout
dropout设置为训练模式
    Module: Dropout
dropout设置为训练模式
    Module: Dropout
dropout设置为训练模式
  Module: ReLU
test_loss: 0.1522
epoch 68
train_loss: 0.1680
Module: DropoutFullyConnectedNN
  Module: ModuleList
    Module: Linear
    Module: Linear
    Module: Linear
  Module: ModuleList
    Module: Dropout
dropout设置为训练模式
    Module: Dropout
dropout设置为训练模式
    Module: Dropout
dropout设置为训练模式
  Module: ReLU
test_loss: 0.1505
epoch 69
train_loss: 0.1647
Module: DropoutFullyConnectedNN
  Module: ModuleList
    Module: Linear
    Module: Linear
    Module: Linear
  Module: ModuleList
    Module: Dropout
dropout设置为训练模式
    Module: Dropout
dropout设置为训练模式
    Module: Dropout
dropout设置为训练模式
  Module: ReLU
test_loss: 0.1505
epoch 70
train_loss: 0.1653
Module: DropoutFullyConnectedNN
  Module: ModuleList
    Module: Linear
    Module: Linear
    Module: Linear
  Module: ModuleList
    Module: Dropout
dropout设置为训练模式
    Module: Dropout
dropout设置为训练模式
    Module: Dropout
dropout设置为训练模式
  Module: ReLU
test_loss: 0.1493
epoch 71
train_loss: 0.1639
Module: DropoutFullyConnectedNN
  Module: ModuleList
    Module: Linear
    Module: Linear
    Module: Linear
  Module: ModuleList
    Module: Dropout
dropout设置为训练模式
    Module: Dropout
dropout设置为训练模式
    Module: Dropout
dropout设置为训练模式
  Module: ReLU
test_loss: 0.1491
epoch 72
train_loss: 0.1651
Module: DropoutFullyConnectedNN
  Module: ModuleList
    Module: Linear
    Module: Linear
    Module: Linear
  Module: ModuleList
    Module: Dropout
dropout设置为训练模式
    Module: Dropout
dropout设置为训练模式
    Module: Dropout
dropout设置为训练模式
  Module: ReLU
test_loss: 0.1476
epoch 73
train_loss: 0.1629
Module: DropoutFullyConnectedNN
  Module: ModuleList
    Module: Linear
    Module: Linear
    Module: Linear
  Module: ModuleList
    Module: Dropout
dropout设置为训练模式
    Module: Dropout
dropout设置为训练模式
    Module: Dropout
dropout设置为训练模式
  Module: ReLU
test_loss: 0.1463
epoch 74
train_loss: 0.1664
Module: DropoutFullyConnectedNN
  Module: ModuleList
    Module: Linear
    Module: Linear
    Module: Linear
  Module: ModuleList
    Module: Dropout
dropout设置为训练模式
    Module: Dropout
dropout设置为训练模式
    Module: Dropout
dropout设置为训练模式
  Module: ReLU
test_loss: 0.1453
epoch 75
train_loss: 0.1613
Module: DropoutFullyConnectedNN
  Module: ModuleList
    Module: Linear
    Module: Linear
    Module: Linear
  Module: ModuleList
    Module: Dropout
dropout设置为训练模式
    Module: Dropout
dropout设置为训练模式
    Module: Dropout
dropout设置为训练模式
  Module: ReLU
test_loss: 0.1444
epoch 76
train_loss: 0.1642
Module: DropoutFullyConnectedNN
  Module: ModuleList
    Module: Linear
    Module: Linear
    Module: Linear
  Module: ModuleList
    Module: Dropout
dropout设置为训练模式
    Module: Dropout
dropout设置为训练模式
    Module: Dropout
dropout设置为训练模式
  Module: ReLU
test_loss: 0.1440
epoch 77
train_loss: 0.1629
Module: DropoutFullyConnectedNN
  Module: ModuleList
    Module: Linear
    Module: Linear
    Module: Linear
  Module: ModuleList
    Module: Dropout
dropout设置为训练模式
    Module: Dropout
dropout设置为训练模式
    Module: Dropout
dropout设置为训练模式
  Module: ReLU
test_loss: 0.1431
epoch 78
train_loss: 0.1562
Module: DropoutFullyConnectedNN
  Module: ModuleList
    Module: Linear
    Module: Linear
    Module: Linear
  Module: ModuleList
    Module: Dropout
dropout设置为训练模式
    Module: Dropout
dropout设置为训练模式
    Module: Dropout
dropout设置为训练模式
  Module: ReLU
test_loss: 0.1417
epoch 79
train_loss: 0.1590
Module: DropoutFullyConnectedNN
  Module: ModuleList
    Module: Linear
    Module: Linear
    Module: Linear
  Module: ModuleList
    Module: Dropout
dropout设置为训练模式
    Module: Dropout
dropout设置为训练模式
    Module: Dropout
dropout设置为训练模式
  Module: ReLU
test_loss: 0.1408
epoch 80
train_loss: 0.1567
Module: DropoutFullyConnectedNN
  Module: ModuleList
    Module: Linear
    Module: Linear
    Module: Linear
  Module: ModuleList
    Module: Dropout
dropout设置为训练模式
    Module: Dropout
dropout设置为训练模式
    Module: Dropout
dropout设置为训练模式
  Module: ReLU
test_loss: 0.1399
epoch 81
train_loss: 0.1583
Module: DropoutFullyConnectedNN
  Module: ModuleList
    Module: Linear
    Module: Linear
    Module: Linear
  Module: ModuleList
    Module: Dropout
dropout设置为训练模式
    Module: Dropout
dropout设置为训练模式
    Module: Dropout
dropout设置为训练模式
  Module: ReLU
test_loss: 0.1394
epoch 82
train_loss: 0.1574
Module: DropoutFullyConnectedNN
  Module: ModuleList
    Module: Linear
    Module: Linear
    Module: Linear
  Module: ModuleList
    Module: Dropout
dropout设置为训练模式
    Module: Dropout
dropout设置为训练模式
    Module: Dropout
dropout设置为训练模式
  Module: ReLU
test_loss: 0.1391
epoch 83
train_loss: 0.1541
Module: DropoutFullyConnectedNN
  Module: ModuleList
    Module: Linear
    Module: Linear
    Module: Linear
  Module: ModuleList
    Module: Dropout
dropout设置为训练模式
    Module: Dropout
dropout设置为训练模式
    Module: Dropout
dropout设置为训练模式
  Module: ReLU
test_loss: 0.1381
epoch 84
train_loss: 0.1522
Module: DropoutFullyConnectedNN
  Module: ModuleList
    Module: Linear
    Module: Linear
    Module: Linear
  Module: ModuleList
    Module: Dropout
dropout设置为训练模式
    Module: Dropout
dropout设置为训练模式
    Module: Dropout
dropout设置为训练模式
  Module: ReLU
test_loss: 0.1373
epoch 85
train_loss: 0.1531
Module: DropoutFullyConnectedNN
  Module: ModuleList
    Module: Linear
    Module: Linear
    Module: Linear
  Module: ModuleList
    Module: Dropout
dropout设置为训练模式
    Module: Dropout
dropout设置为训练模式
    Module: Dropout
dropout设置为训练模式
  Module: ReLU
test_loss: 0.1374
epoch 86
train_loss: 0.1528
Module: DropoutFullyConnectedNN
  Module: ModuleList
    Module: Linear
    Module: Linear
    Module: Linear
  Module: ModuleList
    Module: Dropout
dropout设置为训练模式
    Module: Dropout
dropout设置为训练模式
    Module: Dropout
dropout设置为训练模式
  Module: ReLU
test_loss: 0.1361
epoch 87
train_loss: 0.1520
Module: DropoutFullyConnectedNN
  Module: ModuleList
    Module: Linear
    Module: Linear
    Module: Linear
  Module: ModuleList
    Module: Dropout
dropout设置为训练模式
    Module: Dropout
dropout设置为训练模式
    Module: Dropout
dropout设置为训练模式
  Module: ReLU
test_loss: 0.1352
epoch 88
train_loss: 0.1504
Module: DropoutFullyConnectedNN
  Module: ModuleList
    Module: Linear
    Module: Linear
    Module: Linear
  Module: ModuleList
    Module: Dropout
dropout设置为训练模式
    Module: Dropout
dropout设置为训练模式
    Module: Dropout
dropout设置为训练模式
  Module: ReLU
test_loss: 0.1349
epoch 89
train_loss: 0.1522
Module: DropoutFullyConnectedNN
  Module: ModuleList
    Module: Linear
    Module: Linear
    Module: Linear
  Module: ModuleList
    Module: Dropout
dropout设置为训练模式
    Module: Dropout
dropout设置为训练模式
    Module: Dropout
dropout设置为训练模式
  Module: ReLU
test_loss: 0.1333
epoch 90
train_loss: 0.1501
Module: DropoutFullyConnectedNN
  Module: ModuleList
    Module: Linear
    Module: Linear
    Module: Linear
  Module: ModuleList
    Module: Dropout
dropout设置为训练模式
    Module: Dropout
dropout设置为训练模式
    Module: Dropout
dropout设置为训练模式
  Module: ReLU
test_loss: 0.1328
epoch 91
train_loss: 0.1436
Module: DropoutFullyConnectedNN
  Module: ModuleList
    Module: Linear
    Module: Linear
    Module: Linear
  Module: ModuleList
    Module: Dropout
dropout设置为训练模式
    Module: Dropout
dropout设置为训练模式
    Module: Dropout
dropout设置为训练模式
  Module: ReLU
test_loss: 0.1315
epoch 92
train_loss: 0.1483
Module: DropoutFullyConnectedNN
  Module: ModuleList
    Module: Linear
    Module: Linear
    Module: Linear
  Module: ModuleList
    Module: Dropout
dropout设置为训练模式
    Module: Dropout
dropout设置为训练模式
    Module: Dropout
dropout设置为训练模式
  Module: ReLU
test_loss: 0.1312
epoch 93
train_loss: 0.1465
Module: DropoutFullyConnectedNN
  Module: ModuleList
    Module: Linear
    Module: Linear
    Module: Linear
  Module: ModuleList
    Module: Dropout
dropout设置为训练模式
    Module: Dropout
dropout设置为训练模式
    Module: Dropout
dropout设置为训练模式
  Module: ReLU
test_loss: 0.1303
epoch 94
train_loss: 0.1443
Module: DropoutFullyConnectedNN
  Module: ModuleList
    Module: Linear
    Module: Linear
    Module: Linear
  Module: ModuleList
    Module: Dropout
dropout设置为训练模式
    Module: Dropout
dropout设置为训练模式
    Module: Dropout
dropout设置为训练模式
  Module: ReLU
test_loss: 0.1297
epoch 95
train_loss: 0.1455
Module: DropoutFullyConnectedNN
  Module: ModuleList
    Module: Linear
    Module: Linear
    Module: Linear
  Module: ModuleList
    Module: Dropout
dropout设置为训练模式
    Module: Dropout
dropout设置为训练模式
    Module: Dropout
dropout设置为训练模式
  Module: ReLU
test_loss: 0.1287
epoch 96
train_loss: 0.1427
Module: DropoutFullyConnectedNN
  Module: ModuleList
    Module: Linear
    Module: Linear
    Module: Linear
  Module: ModuleList
    Module: Dropout
dropout设置为训练模式
    Module: Dropout
dropout设置为训练模式
    Module: Dropout
dropout设置为训练模式
  Module: ReLU
test_loss: 0.1282
epoch 97
train_loss: 0.1432
Module: DropoutFullyConnectedNN
  Module: ModuleList
    Module: Linear
    Module: Linear
    Module: Linear
  Module: ModuleList
    Module: Dropout
dropout设置为训练模式
    Module: Dropout
dropout设置为训练模式
    Module: Dropout
dropout设置为训练模式
  Module: ReLU
test_loss: 0.1278
epoch 98
train_loss: 0.1446
Module: DropoutFullyConnectedNN
  Module: ModuleList
    Module: Linear
    Module: Linear
    Module: Linear
  Module: ModuleList
    Module: Dropout
dropout设置为训练模式
    Module: Dropout
dropout设置为训练模式
    Module: Dropout
dropout设置为训练模式
  Module: ReLU
test_loss: 0.1275
epoch 99
train_loss: 0.1464
Module: DropoutFullyConnectedNN
  Module: ModuleList
    Module: Linear
    Module: Linear
    Module: Linear
  Module: ModuleList
    Module: Dropout
dropout设置为训练模式
    Module: Dropout
dropout设置为训练模式
    Module: Dropout
dropout设置为训练模式
  Module: ReLU
test_loss: 0.1266
epoch 100
train_loss: 0.1463
Module: DropoutFullyConnectedNN
  Module: ModuleList
    Module: Linear
    Module: Linear
    Module: Linear
  Module: ModuleList
    Module: Dropout
dropout设置为训练模式
    Module: Dropout
dropout设置为训练模式
    Module: Dropout
dropout设置为训练模式
  Module: ReLU
test_loss: 0.1259
epoch 101
train_loss: 0.1404
Module: DropoutFullyConnectedNN
  Module: ModuleList
    Module: Linear
    Module: Linear
    Module: Linear
  Module: ModuleList
    Module: Dropout
dropout设置为训练模式
    Module: Dropout
dropout设置为训练模式
    Module: Dropout
dropout设置为训练模式
  Module: ReLU
test_loss: 0.1253
epoch 102
train_loss: 0.1405
Module: DropoutFullyConnectedNN
  Module: ModuleList
    Module: Linear
    Module: Linear
    Module: Linear
  Module: ModuleList
    Module: Dropout
dropout设置为训练模式
    Module: Dropout
dropout设置为训练模式
    Module: Dropout
dropout设置为训练模式
  Module: ReLU
test_loss: 0.1249
epoch 103
train_loss: 0.1394
Module: DropoutFullyConnectedNN
  Module: ModuleList
    Module: Linear
    Module: Linear
    Module: Linear
  Module: ModuleList
    Module: Dropout
dropout设置为训练模式
    Module: Dropout
dropout设置为训练模式
    Module: Dropout
dropout设置为训练模式
  Module: ReLU
test_loss: 0.1242
epoch 104
train_loss: 0.1442
Module: DropoutFullyConnectedNN
  Module: ModuleList
    Module: Linear
    Module: Linear
    Module: Linear
  Module: ModuleList
    Module: Dropout
dropout设置为训练模式
    Module: Dropout
dropout设置为训练模式
    Module: Dropout
dropout设置为训练模式
  Module: ReLU
test_loss: 0.1234
epoch 105
train_loss: 0.1388
Module: DropoutFullyConnectedNN
  Module: ModuleList
    Module: Linear
    Module: Linear
    Module: Linear
  Module: ModuleList
    Module: Dropout
dropout设置为训练模式
    Module: Dropout
dropout设置为训练模式
    Module: Dropout
dropout设置为训练模式
  Module: ReLU
test_loss: 0.1224
epoch 106
train_loss: 0.1410
Module: DropoutFullyConnectedNN
  Module: ModuleList
    Module: Linear
    Module: Linear
    Module: Linear
  Module: ModuleList
    Module: Dropout
dropout设置为训练模式
    Module: Dropout
dropout设置为训练模式
    Module: Dropout
dropout设置为训练模式
  Module: ReLU
test_loss: 0.1227
epoch 107
train_loss: 0.1369
Module: DropoutFullyConnectedNN
  Module: ModuleList
    Module: Linear
    Module: Linear
    Module: Linear
  Module: ModuleList
    Module: Dropout
dropout设置为训练模式
    Module: Dropout
dropout设置为训练模式
    Module: Dropout
dropout设置为训练模式
  Module: ReLU
test_loss: 0.1219
epoch 108
train_loss: 0.1387
Module: DropoutFullyConnectedNN
  Module: ModuleList
    Module: Linear
    Module: Linear
    Module: Linear
  Module: ModuleList
    Module: Dropout
dropout设置为训练模式
    Module: Dropout
dropout设置为训练模式
    Module: Dropout
dropout设置为训练模式
  Module: ReLU
test_loss: 0.1212
epoch 109
train_loss: 0.1356
Module: DropoutFullyConnectedNN
  Module: ModuleList
    Module: Linear
    Module: Linear
    Module: Linear
  Module: ModuleList
    Module: Dropout
dropout设置为训练模式
    Module: Dropout
dropout设置为训练模式
    Module: Dropout
dropout设置为训练模式
  Module: ReLU
test_loss: 0.1209
epoch 110
train_loss: 0.1395
Module: DropoutFullyConnectedNN
  Module: ModuleList
    Module: Linear
    Module: Linear
    Module: Linear
  Module: ModuleList
    Module: Dropout
dropout设置为训练模式
    Module: Dropout
dropout设置为训练模式
    Module: Dropout
dropout设置为训练模式
  Module: ReLU
test_loss: 0.1204
epoch 111
train_loss: 0.1350
Module: DropoutFullyConnectedNN
  Module: ModuleList
    Module: Linear
    Module: Linear
    Module: Linear
  Module: ModuleList
    Module: Dropout
dropout设置为训练模式
    Module: Dropout
dropout设置为训练模式
    Module: Dropout
dropout设置为训练模式
  Module: ReLU
test_loss: 0.1204
epoch 112
train_loss: 0.1388
Module: DropoutFullyConnectedNN
  Module: ModuleList
    Module: Linear
    Module: Linear
    Module: Linear
  Module: ModuleList
    Module: Dropout
dropout设置为训练模式
    Module: Dropout
dropout设置为训练模式
    Module: Dropout
dropout设置为训练模式
  Module: ReLU
test_loss: 0.1191
epoch 113
train_loss: 0.1347
Module: DropoutFullyConnectedNN
  Module: ModuleList
    Module: Linear
    Module: Linear
    Module: Linear
  Module: ModuleList
    Module: Dropout
dropout设置为训练模式
    Module: Dropout
dropout设置为训练模式
    Module: Dropout
dropout设置为训练模式
  Module: ReLU
test_loss: 0.1185
epoch 114
train_loss: 0.1354
Module: DropoutFullyConnectedNN
  Module: ModuleList
    Module: Linear
    Module: Linear
    Module: Linear
  Module: ModuleList
    Module: Dropout
dropout设置为训练模式
    Module: Dropout
dropout设置为训练模式
    Module: Dropout
dropout设置为训练模式
  Module: ReLU
test_loss: 0.1177
epoch 115
train_loss: 0.1358
Module: DropoutFullyConnectedNN
  Module: ModuleList
    Module: Linear
    Module: Linear
    Module: Linear
  Module: ModuleList
    Module: Dropout
dropout设置为训练模式
    Module: Dropout
dropout设置为训练模式
    Module: Dropout
dropout设置为训练模式
  Module: ReLU
test_loss: 0.1175
epoch 116
train_loss: 0.1354
Module: DropoutFullyConnectedNN
  Module: ModuleList
    Module: Linear
    Module: Linear
    Module: Linear
  Module: ModuleList
    Module: Dropout
dropout设置为训练模式
    Module: Dropout
dropout设置为训练模式
    Module: Dropout
dropout设置为训练模式
  Module: ReLU
test_loss: 0.1173
epoch 117
train_loss: 0.1357
Module: DropoutFullyConnectedNN
  Module: ModuleList
    Module: Linear
    Module: Linear
    Module: Linear
  Module: ModuleList
    Module: Dropout
dropout设置为训练模式
    Module: Dropout
dropout设置为训练模式
    Module: Dropout
dropout设置为训练模式
  Module: ReLU
test_loss: 0.1172
epoch 118
train_loss: 0.1357
Module: DropoutFullyConnectedNN
  Module: ModuleList
    Module: Linear
    Module: Linear
    Module: Linear
  Module: ModuleList
    Module: Dropout
dropout设置为训练模式
    Module: Dropout
dropout设置为训练模式
    Module: Dropout
dropout设置为训练模式
  Module: ReLU
test_loss: 0.1169
epoch 119
train_loss: 0.1352
Module: DropoutFullyConnectedNN
  Module: ModuleList
    Module: Linear
    Module: Linear
    Module: Linear
  Module: ModuleList
    Module: Dropout
dropout设置为训练模式
    Module: Dropout
dropout设置为训练模式
    Module: Dropout
dropout设置为训练模式
  Module: ReLU
test_loss: 0.1163
epoch 120
train_loss: 0.1328
Module: DropoutFullyConnectedNN
  Module: ModuleList
    Module: Linear
    Module: Linear
    Module: Linear
  Module: ModuleList
    Module: Dropout
dropout设置为训练模式
    Module: Dropout
dropout设置为训练模式
    Module: Dropout
dropout设置为训练模式
  Module: ReLU
test_loss: 0.1163
epoch 121
train_loss: 0.1346
Module: DropoutFullyConnectedNN
  Module: ModuleList
    Module: Linear
    Module: Linear
    Module: Linear
  Module: ModuleList
    Module: Dropout
dropout设置为训练模式
    Module: Dropout
dropout设置为训练模式
    Module: Dropout
dropout设置为训练模式
  Module: ReLU
test_loss: 0.1158
epoch 122
train_loss: 0.1337
Module: DropoutFullyConnectedNN
  Module: ModuleList
    Module: Linear
    Module: Linear
    Module: Linear
  Module: ModuleList
    Module: Dropout
dropout设置为训练模式
    Module: Dropout
dropout设置为训练模式
    Module: Dropout
dropout设置为训练模式
  Module: ReLU
test_loss: 0.1157
epoch 123
train_loss: 0.1316
Module: DropoutFullyConnectedNN
  Module: ModuleList
    Module: Linear
    Module: Linear
    Module: Linear
  Module: ModuleList
    Module: Dropout
dropout设置为训练模式
    Module: Dropout
dropout设置为训练模式
    Module: Dropout
dropout设置为训练模式
  Module: ReLU
test_loss: 0.1145
epoch 124
train_loss: 0.1331
Module: DropoutFullyConnectedNN
  Module: ModuleList
    Module: Linear
    Module: Linear
    Module: Linear
  Module: ModuleList
    Module: Dropout
dropout设置为训练模式
    Module: Dropout
dropout设置为训练模式
    Module: Dropout
dropout设置为训练模式
  Module: ReLU
test_loss: 0.1140
epoch 125
train_loss: 0.1330
Module: DropoutFullyConnectedNN
  Module: ModuleList
    Module: Linear
    Module: Linear
    Module: Linear
  Module: ModuleList
    Module: Dropout
dropout设置为训练模式
    Module: Dropout
dropout设置为训练模式
    Module: Dropout
dropout设置为训练模式
  Module: ReLU
test_loss: 0.1138
epoch 126
train_loss: 0.1301
Module: DropoutFullyConnectedNN
  Module: ModuleList
    Module: Linear
    Module: Linear
    Module: Linear
  Module: ModuleList
    Module: Dropout
dropout设置为训练模式
    Module: Dropout
dropout设置为训练模式
    Module: Dropout
dropout设置为训练模式
  Module: ReLU
test_loss: 0.1131
epoch 127
train_loss: 0.1325
Module: DropoutFullyConnectedNN
  Module: ModuleList
    Module: Linear
    Module: Linear
    Module: Linear
  Module: ModuleList
    Module: Dropout
dropout设置为训练模式
    Module: Dropout
dropout设置为训练模式
    Module: Dropout
dropout设置为训练模式
  Module: ReLU
test_loss: 0.1127
epoch 128
train_loss: 0.1293
Module: DropoutFullyConnectedNN
  Module: ModuleList
    Module: Linear
    Module: Linear
    Module: Linear
  Module: ModuleList
    Module: Dropout
dropout设置为训练模式
    Module: Dropout
dropout设置为训练模式
    Module: Dropout
dropout设置为训练模式
  Module: ReLU
test_loss: 0.1122
epoch 129
train_loss: 0.1311
Module: DropoutFullyConnectedNN
  Module: ModuleList
    Module: Linear
    Module: Linear
    Module: Linear
  Module: ModuleList
    Module: Dropout
dropout设置为训练模式
    Module: Dropout
dropout设置为训练模式
    Module: Dropout
dropout设置为训练模式
  Module: ReLU
test_loss: 0.1120
epoch 130
train_loss: 0.1268
Module: DropoutFullyConnectedNN
  Module: ModuleList
    Module: Linear
    Module: Linear
    Module: Linear
  Module: ModuleList
    Module: Dropout
dropout设置为训练模式
    Module: Dropout
dropout设置为训练模式
    Module: Dropout
dropout设置为训练模式
  Module: ReLU
test_loss: 0.1118
epoch 131
train_loss: 0.1288
Module: DropoutFullyConnectedNN
  Module: ModuleList
    Module: Linear
    Module: Linear
    Module: Linear
  Module: ModuleList
    Module: Dropout
dropout设置为训练模式
    Module: Dropout
dropout设置为训练模式
    Module: Dropout
dropout设置为训练模式
  Module: ReLU
test_loss: 0.1109
epoch 132
train_loss: 0.1304
Module: DropoutFullyConnectedNN
  Module: ModuleList
    Module: Linear
    Module: Linear
    Module: Linear
  Module: ModuleList
    Module: Dropout
dropout设置为训练模式
    Module: Dropout
dropout设置为训练模式
    Module: Dropout
dropout设置为训练模式
  Module: ReLU
test_loss: 0.1111
epoch 133
train_loss: 0.1283
Module: DropoutFullyConnectedNN
  Module: ModuleList
    Module: Linear
    Module: Linear
    Module: Linear
  Module: ModuleList
    Module: Dropout
dropout设置为训练模式
    Module: Dropout
dropout设置为训练模式
    Module: Dropout
dropout设置为训练模式
  Module: ReLU
test_loss: 0.1108
epoch 134
train_loss: 0.1286
Module: DropoutFullyConnectedNN
  Module: ModuleList
    Module: Linear
    Module: Linear
    Module: Linear
  Module: ModuleList
    Module: Dropout
dropout设置为训练模式
    Module: Dropout
dropout设置为训练模式
    Module: Dropout
dropout设置为训练模式
  Module: ReLU
test_loss: 0.1101
epoch 135
train_loss: 0.1247
Module: DropoutFullyConnectedNN
  Module: ModuleList
    Module: Linear
    Module: Linear
    Module: Linear
  Module: ModuleList
    Module: Dropout
dropout设置为训练模式
    Module: Dropout
dropout设置为训练模式
    Module: Dropout
dropout设置为训练模式
  Module: ReLU
test_loss: 0.1096
epoch 136
train_loss: 0.1237
Module: DropoutFullyConnectedNN
  Module: ModuleList
    Module: Linear
    Module: Linear
    Module: Linear
  Module: ModuleList
    Module: Dropout
dropout设置为训练模式
    Module: Dropout
dropout设置为训练模式
    Module: Dropout
dropout设置为训练模式
  Module: ReLU
test_loss: 0.1095
epoch 137
train_loss: 0.1280
Module: DropoutFullyConnectedNN
  Module: ModuleList
    Module: Linear
    Module: Linear
    Module: Linear
  Module: ModuleList
    Module: Dropout
dropout设置为训练模式
    Module: Dropout
dropout设置为训练模式
    Module: Dropout
dropout设置为训练模式
  Module: ReLU
test_loss: 0.1092
epoch 138
train_loss: 0.1263
Module: DropoutFullyConnectedNN
  Module: ModuleList
    Module: Linear
    Module: Linear
    Module: Linear
  Module: ModuleList
    Module: Dropout
dropout设置为训练模式
    Module: Dropout
dropout设置为训练模式
    Module: Dropout
dropout设置为训练模式
  Module: ReLU
test_loss: 0.1086
epoch 139
train_loss: 0.1255
Module: DropoutFullyConnectedNN
  Module: ModuleList
    Module: Linear
    Module: Linear
    Module: Linear
  Module: ModuleList
    Module: Dropout
dropout设置为训练模式
    Module: Dropout
dropout设置为训练模式
    Module: Dropout
dropout设置为训练模式
  Module: ReLU
test_loss: 0.1082
epoch 140
train_loss: 0.1247
Module: DropoutFullyConnectedNN
  Module: ModuleList
    Module: Linear
    Module: Linear
    Module: Linear
  Module: ModuleList
    Module: Dropout
dropout设置为训练模式
    Module: Dropout
dropout设置为训练模式
    Module: Dropout
dropout设置为训练模式
  Module: ReLU
test_loss: 0.1080
epoch 141
train_loss: 0.1236
Module: DropoutFullyConnectedNN
  Module: ModuleList
    Module: Linear
    Module: Linear
    Module: Linear
  Module: ModuleList
    Module: Dropout
dropout设置为训练模式
    Module: Dropout
dropout设置为训练模式
    Module: Dropout
dropout设置为训练模式
  Module: ReLU
test_loss: 0.1072
epoch 142
train_loss: 0.1264
Module: DropoutFullyConnectedNN
  Module: ModuleList
    Module: Linear
    Module: Linear
    Module: Linear
  Module: ModuleList
    Module: Dropout
dropout设置为训练模式
    Module: Dropout
dropout设置为训练模式
    Module: Dropout
dropout设置为训练模式
  Module: ReLU
test_loss: 0.1070
epoch 143
train_loss: 0.1251
Module: DropoutFullyConnectedNN
  Module: ModuleList
    Module: Linear
    Module: Linear
    Module: Linear
  Module: ModuleList
    Module: Dropout
dropout设置为训练模式
    Module: Dropout
dropout设置为训练模式
    Module: Dropout
dropout设置为训练模式
  Module: ReLU
test_loss: 0.1065
epoch 144
train_loss: 0.1237
Module: DropoutFullyConnectedNN
  Module: ModuleList
    Module: Linear
    Module: Linear
    Module: Linear
  Module: ModuleList
    Module: Dropout
dropout设置为训练模式
    Module: Dropout
dropout设置为训练模式
    Module: Dropout
dropout设置为训练模式
  Module: ReLU
test_loss: 0.1062
epoch 145
train_loss: 0.1243
Module: DropoutFullyConnectedNN
  Module: ModuleList
    Module: Linear
    Module: Linear
    Module: Linear
  Module: ModuleList
    Module: Dropout
dropout设置为训练模式
    Module: Dropout
dropout设置为训练模式
    Module: Dropout
dropout设置为训练模式
  Module: ReLU
test_loss: 0.1061
epoch 146
train_loss: 0.1245
Module: DropoutFullyConnectedNN
  Module: ModuleList
    Module: Linear
    Module: Linear
    Module: Linear
  Module: ModuleList
    Module: Dropout
dropout设置为训练模式
    Module: Dropout
dropout设置为训练模式
    Module: Dropout
dropout设置为训练模式
  Module: ReLU
test_loss: 0.1058
epoch 147
train_loss: 0.1220
Module: DropoutFullyConnectedNN
  Module: ModuleList
    Module: Linear
    Module: Linear
    Module: Linear
  Module: ModuleList
    Module: Dropout
dropout设置为训练模式
    Module: Dropout
dropout设置为训练模式
    Module: Dropout
dropout设置为训练模式
  Module: ReLU
test_loss: 0.1053
epoch 148
train_loss: 0.1221
Module: DropoutFullyConnectedNN
  Module: ModuleList
    Module: Linear
    Module: Linear
    Module: Linear
  Module: ModuleList
    Module: Dropout
dropout设置为训练模式
    Module: Dropout
dropout设置为训练模式
    Module: Dropout
dropout设置为训练模式
  Module: ReLU
test_loss: 0.1052
epoch 149
train_loss: 0.1242
Module: DropoutFullyConnectedNN
  Module: ModuleList
    Module: Linear
    Module: Linear
    Module: Linear
  Module: ModuleList
    Module: Dropout
dropout设置为训练模式
    Module: Dropout
dropout设置为训练模式
    Module: Dropout
dropout设置为训练模式
  Module: ReLU
test_loss: 0.1047
epoch 150
train_loss: 0.1243
Module: DropoutFullyConnectedNN
  Module: ModuleList
    Module: Linear
    Module: Linear
    Module: Linear
  Module: ModuleList
    Module: Dropout
dropout设置为训练模式
    Module: Dropout
dropout设置为训练模式
    Module: Dropout
dropout设置为训练模式
  Module: ReLU
test_loss: 0.1042
epoch 151
train_loss: 0.1222
Module: DropoutFullyConnectedNN
  Module: ModuleList
    Module: Linear
    Module: Linear
    Module: Linear
  Module: ModuleList
    Module: Dropout
dropout设置为训练模式
    Module: Dropout
dropout设置为训练模式
    Module: Dropout
dropout设置为训练模式
  Module: ReLU
test_loss: 0.1041
epoch 152
train_loss: 0.1232
Module: DropoutFullyConnectedNN
  Module: ModuleList
    Module: Linear
    Module: Linear
    Module: Linear
  Module: ModuleList
    Module: Dropout
dropout设置为训练模式
    Module: Dropout
dropout设置为训练模式
    Module: Dropout
dropout设置为训练模式
  Module: ReLU
test_loss: 0.1045
epoch 153
train_loss: 0.1238
Module: DropoutFullyConnectedNN
  Module: ModuleList
    Module: Linear
    Module: Linear
    Module: Linear
  Module: ModuleList
    Module: Dropout
dropout设置为训练模式
    Module: Dropout
dropout设置为训练模式
    Module: Dropout
dropout设置为训练模式
  Module: ReLU
test_loss: 0.1032
epoch 154
train_loss: 0.1212
Module: DropoutFullyConnectedNN
  Module: ModuleList
    Module: Linear
    Module: Linear
    Module: Linear
  Module: ModuleList
    Module: Dropout
dropout设置为训练模式
    Module: Dropout
dropout设置为训练模式
    Module: Dropout
dropout设置为训练模式
  Module: ReLU
test_loss: 0.1030
epoch 155
train_loss: 0.1210
Module: DropoutFullyConnectedNN
  Module: ModuleList
    Module: Linear
    Module: Linear
    Module: Linear
  Module: ModuleList
    Module: Dropout
dropout设置为训练模式
    Module: Dropout
dropout设置为训练模式
    Module: Dropout
dropout设置为训练模式
  Module: ReLU
test_loss: 0.1026
epoch 156
train_loss: 0.1212
Module: DropoutFullyConnectedNN
  Module: ModuleList
    Module: Linear
    Module: Linear
    Module: Linear
  Module: ModuleList
    Module: Dropout
dropout设置为训练模式
    Module: Dropout
dropout设置为训练模式
    Module: Dropout
dropout设置为训练模式
  Module: ReLU
test_loss: 0.1027
epoch 157
train_loss: 0.1192
Module: DropoutFullyConnectedNN
  Module: ModuleList
    Module: Linear
    Module: Linear
    Module: Linear
  Module: ModuleList
    Module: Dropout
dropout设置为训练模式
    Module: Dropout
dropout设置为训练模式
    Module: Dropout
dropout设置为训练模式
  Module: ReLU
test_loss: 0.1022
epoch 158
train_loss: 0.1189
Module: DropoutFullyConnectedNN
  Module: ModuleList
    Module: Linear
    Module: Linear
    Module: Linear
  Module: ModuleList
    Module: Dropout
dropout设置为训练模式
    Module: Dropout
dropout设置为训练模式
    Module: Dropout
dropout设置为训练模式
  Module: ReLU
test_loss: 0.1021
epoch 159
train_loss: 0.1204
Module: DropoutFullyConnectedNN
  Module: ModuleList
    Module: Linear
    Module: Linear
    Module: Linear
  Module: ModuleList
    Module: Dropout
dropout设置为训练模式
    Module: Dropout
dropout设置为训练模式
    Module: Dropout
dropout设置为训练模式
  Module: ReLU
test_loss: 0.1015
epoch 160
train_loss: 0.1205
Module: DropoutFullyConnectedNN
  Module: ModuleList
    Module: Linear
    Module: Linear
    Module: Linear
  Module: ModuleList
    Module: Dropout
dropout设置为训练模式
    Module: Dropout
dropout设置为训练模式
    Module: Dropout
dropout设置为训练模式
  Module: ReLU
test_loss: 0.1015
epoch 161
train_loss: 0.1178
Module: DropoutFullyConnectedNN
  Module: ModuleList
    Module: Linear
    Module: Linear
    Module: Linear
  Module: ModuleList
    Module: Dropout
dropout设置为训练模式
    Module: Dropout
dropout设置为训练模式
    Module: Dropout
dropout设置为训练模式
  Module: ReLU
test_loss: 0.1015
epoch 162
train_loss: 0.1186
Module: DropoutFullyConnectedNN
  Module: ModuleList
    Module: Linear
    Module: Linear
    Module: Linear
  Module: ModuleList
    Module: Dropout
dropout设置为训练模式
    Module: Dropout
dropout设置为训练模式
    Module: Dropout
dropout设置为训练模式
  Module: ReLU
test_loss: 0.1008
epoch 163
train_loss: 0.1204
Module: DropoutFullyConnectedNN
  Module: ModuleList
    Module: Linear
    Module: Linear
    Module: Linear
  Module: ModuleList
    Module: Dropout
dropout设置为训练模式
    Module: Dropout
dropout设置为训练模式
    Module: Dropout
dropout设置为训练模式
  Module: ReLU
test_loss: 0.1002
epoch 164
train_loss: 0.1186
Module: DropoutFullyConnectedNN
  Module: ModuleList
    Module: Linear
    Module: Linear
    Module: Linear
  Module: ModuleList
    Module: Dropout
dropout设置为训练模式
    Module: Dropout
dropout设置为训练模式
    Module: Dropout
dropout设置为训练模式
  Module: ReLU
test_loss: 0.1004
epoch 165
train_loss: 0.1198
Module: DropoutFullyConnectedNN
  Module: ModuleList
    Module: Linear
    Module: Linear
    Module: Linear
  Module: ModuleList
    Module: Dropout
dropout设置为训练模式
    Module: Dropout
dropout设置为训练模式
    Module: Dropout
dropout设置为训练模式
  Module: ReLU
test_loss: 0.0999
epoch 166
train_loss: 0.1165
Module: DropoutFullyConnectedNN
  Module: ModuleList
    Module: Linear
    Module: Linear
    Module: Linear
  Module: ModuleList
    Module: Dropout
dropout设置为训练模式
    Module: Dropout
dropout设置为训练模式
    Module: Dropout
dropout设置为训练模式
  Module: ReLU
test_loss: 0.1002
epoch 167
train_loss: 0.1194
Module: DropoutFullyConnectedNN
  Module: ModuleList
    Module: Linear
    Module: Linear
    Module: Linear
  Module: ModuleList
    Module: Dropout
dropout设置为训练模式
    Module: Dropout
dropout设置为训练模式
    Module: Dropout
dropout设置为训练模式
  Module: ReLU
test_loss: 0.0995
epoch 168
train_loss: 0.1169
Module: DropoutFullyConnectedNN
  Module: ModuleList
    Module: Linear
    Module: Linear
    Module: Linear
  Module: ModuleList
    Module: Dropout
dropout设置为训练模式
    Module: Dropout
dropout设置为训练模式
    Module: Dropout
dropout设置为训练模式
  Module: ReLU
test_loss: 0.0989
epoch 169
train_loss: 0.1181
Module: DropoutFullyConnectedNN
  Module: ModuleList
    Module: Linear
    Module: Linear
    Module: Linear
  Module: ModuleList
    Module: Dropout
dropout设置为训练模式
    Module: Dropout
dropout设置为训练模式
    Module: Dropout
dropout设置为训练模式
  Module: ReLU
test_loss: 0.0992
epoch 170
train_loss: 0.1171
Module: DropoutFullyConnectedNN
  Module: ModuleList
    Module: Linear
    Module: Linear
    Module: Linear
  Module: ModuleList
    Module: Dropout
dropout设置为训练模式
    Module: Dropout
dropout设置为训练模式
    Module: Dropout
dropout设置为训练模式
  Module: ReLU
test_loss: 0.0984
epoch 171
train_loss: 0.1177
Module: DropoutFullyConnectedNN
  Module: ModuleList
    Module: Linear
    Module: Linear
    Module: Linear
  Module: ModuleList
    Module: Dropout
dropout设置为训练模式
    Module: Dropout
dropout设置为训练模式
    Module: Dropout
dropout设置为训练模式
  Module: ReLU
test_loss: 0.0989
epoch 172
train_loss: 0.1144
Module: DropoutFullyConnectedNN
  Module: ModuleList
    Module: Linear
    Module: Linear
    Module: Linear
  Module: ModuleList
    Module: Dropout
dropout设置为训练模式
    Module: Dropout
dropout设置为训练模式
    Module: Dropout
dropout设置为训练模式
  Module: ReLU
test_loss: 0.0983
epoch 173
train_loss: 0.1149
Module: DropoutFullyConnectedNN
  Module: ModuleList
    Module: Linear
    Module: Linear
    Module: Linear
  Module: ModuleList
    Module: Dropout
dropout设置为训练模式
    Module: Dropout
dropout设置为训练模式
    Module: Dropout
dropout设置为训练模式
  Module: ReLU
test_loss: 0.0983
epoch 174
train_loss: 0.1139
Module: DropoutFullyConnectedNN
  Module: ModuleList
    Module: Linear
    Module: Linear
    Module: Linear
  Module: ModuleList
    Module: Dropout
dropout设置为训练模式
    Module: Dropout
dropout设置为训练模式
    Module: Dropout
dropout设置为训练模式
  Module: ReLU
test_loss: 0.0973
epoch 175
train_loss: 0.1154
Module: DropoutFullyConnectedNN
  Module: ModuleList
    Module: Linear
    Module: Linear
    Module: Linear
  Module: ModuleList
    Module: Dropout
dropout设置为训练模式
    Module: Dropout
dropout设置为训练模式
    Module: Dropout
dropout设置为训练模式
  Module: ReLU
test_loss: 0.0972
epoch 176
train_loss: 0.1134
Module: DropoutFullyConnectedNN
  Module: ModuleList
    Module: Linear
    Module: Linear
    Module: Linear
  Module: ModuleList
    Module: Dropout
dropout设置为训练模式
    Module: Dropout
dropout设置为训练模式
    Module: Dropout
dropout设置为训练模式
  Module: ReLU
test_loss: 0.0974
epoch 177
train_loss: 0.1184
Module: DropoutFullyConnectedNN
  Module: ModuleList
    Module: Linear
    Module: Linear
    Module: Linear
  Module: ModuleList
    Module: Dropout
dropout设置为训练模式
    Module: Dropout
dropout设置为训练模式
    Module: Dropout
dropout设置为训练模式
  Module: ReLU
test_loss: 0.0977
epoch 178
train_loss: 0.1143
Module: DropoutFullyConnectedNN
  Module: ModuleList
    Module: Linear
    Module: Linear
    Module: Linear
  Module: ModuleList
    Module: Dropout
dropout设置为训练模式
    Module: Dropout
dropout设置为训练模式
    Module: Dropout
dropout设置为训练模式
  Module: ReLU
test_loss: 0.0969
epoch 179
train_loss: 0.1155
Module: DropoutFullyConnectedNN
  Module: ModuleList
    Module: Linear
    Module: Linear
    Module: Linear
  Module: ModuleList
    Module: Dropout
dropout设置为训练模式
    Module: Dropout
dropout设置为训练模式
    Module: Dropout
dropout设置为训练模式
  Module: ReLU
test_loss: 0.0972
epoch 180
train_loss: 0.1148
Module: DropoutFullyConnectedNN
  Module: ModuleList
    Module: Linear
    Module: Linear
    Module: Linear
  Module: ModuleList
    Module: Dropout
dropout设置为训练模式
    Module: Dropout
dropout设置为训练模式
    Module: Dropout
dropout设置为训练模式
  Module: ReLU
test_loss: 0.0974
epoch 181
train_loss: 0.1126
Module: DropoutFullyConnectedNN
  Module: ModuleList
    Module: Linear
    Module: Linear
    Module: Linear
  Module: ModuleList
    Module: Dropout
dropout设置为训练模式
    Module: Dropout
dropout设置为训练模式
    Module: Dropout
dropout设置为训练模式
  Module: ReLU
test_loss: 0.0961
epoch 182
train_loss: 0.1144
Module: DropoutFullyConnectedNN
  Module: ModuleList
    Module: Linear
    Module: Linear
    Module: Linear
  Module: ModuleList
    Module: Dropout
dropout设置为训练模式
    Module: Dropout
dropout设置为训练模式
    Module: Dropout
dropout设置为训练模式
  Module: ReLU
test_loss: 0.0963
epoch 183
train_loss: 0.1127
Module: DropoutFullyConnectedNN
  Module: ModuleList
    Module: Linear
    Module: Linear
    Module: Linear
  Module: ModuleList
    Module: Dropout
dropout设置为训练模式
    Module: Dropout
dropout设置为训练模式
    Module: Dropout
dropout设置为训练模式
  Module: ReLU
test_loss: 0.0961
epoch 184
train_loss: 0.1115
Module: DropoutFullyConnectedNN
  Module: ModuleList
    Module: Linear
    Module: Linear
    Module: Linear
  Module: ModuleList
    Module: Dropout
dropout设置为训练模式
    Module: Dropout
dropout设置为训练模式
    Module: Dropout
dropout设置为训练模式
  Module: ReLU
test_loss: 0.0955
epoch 185
train_loss: 0.1137
Module: DropoutFullyConnectedNN
  Module: ModuleList
    Module: Linear
    Module: Linear
    Module: Linear
  Module: ModuleList
    Module: Dropout
dropout设置为训练模式
    Module: Dropout
dropout设置为训练模式
    Module: Dropout
dropout设置为训练模式
  Module: ReLU
test_loss: 0.0963
epoch 186
train_loss: 0.1122
Module: DropoutFullyConnectedNN
  Module: ModuleList
    Module: Linear
    Module: Linear
    Module: Linear
  Module: ModuleList
    Module: Dropout
dropout设置为训练模式
    Module: Dropout
dropout设置为训练模式
    Module: Dropout
dropout设置为训练模式
  Module: ReLU
test_loss: 0.0953
epoch 187
train_loss: 0.1131
Module: DropoutFullyConnectedNN
  Module: ModuleList
    Module: Linear
    Module: Linear
    Module: Linear
  Module: ModuleList
    Module: Dropout
dropout设置为训练模式
    Module: Dropout
dropout设置为训练模式
    Module: Dropout
dropout设置为训练模式
  Module: ReLU
test_loss: 0.0954
epoch 188
train_loss: 0.1141
Module: DropoutFullyConnectedNN
  Module: ModuleList
    Module: Linear
    Module: Linear
    Module: Linear
  Module: ModuleList
    Module: Dropout
dropout设置为训练模式
    Module: Dropout
dropout设置为训练模式
    Module: Dropout
dropout设置为训练模式
  Module: ReLU
test_loss: 0.0951
epoch 189
train_loss: 0.1147
Module: DropoutFullyConnectedNN
  Module: ModuleList
    Module: Linear
    Module: Linear
    Module: Linear
  Module: ModuleList
    Module: Dropout
dropout设置为训练模式
    Module: Dropout
dropout设置为训练模式
    Module: Dropout
dropout设置为训练模式
  Module: ReLU
test_loss: 0.0942
epoch 190
train_loss: 0.1122
Module: DropoutFullyConnectedNN
  Module: ModuleList
    Module: Linear
    Module: Linear
    Module: Linear
  Module: ModuleList
    Module: Dropout
dropout设置为训练模式
    Module: Dropout
dropout设置为训练模式
    Module: Dropout
dropout设置为训练模式
  Module: ReLU
test_loss: 0.0942
epoch 191
train_loss: 0.1123
Module: DropoutFullyConnectedNN
  Module: ModuleList
    Module: Linear
    Module: Linear
    Module: Linear
  Module: ModuleList
    Module: Dropout
dropout设置为训练模式
    Module: Dropout
dropout设置为训练模式
    Module: Dropout
dropout设置为训练模式
  Module: ReLU
test_loss: 0.0943
epoch 192
train_loss: 0.1091
Module: DropoutFullyConnectedNN
  Module: ModuleList
    Module: Linear
    Module: Linear
    Module: Linear
  Module: ModuleList
    Module: Dropout
dropout设置为训练模式
    Module: Dropout
dropout设置为训练模式
    Module: Dropout
dropout设置为训练模式
  Module: ReLU
test_loss: 0.0942
epoch 193
train_loss: 0.1109
Module: DropoutFullyConnectedNN
  Module: ModuleList
    Module: Linear
    Module: Linear
    Module: Linear
  Module: ModuleList
    Module: Dropout
dropout设置为训练模式
    Module: Dropout
dropout设置为训练模式
    Module: Dropout
dropout设置为训练模式
  Module: ReLU
test_loss: 0.0940
epoch 194
train_loss: 0.1142
Module: DropoutFullyConnectedNN
  Module: ModuleList
    Module: Linear
    Module: Linear
    Module: Linear
  Module: ModuleList
    Module: Dropout
dropout设置为训练模式
    Module: Dropout
dropout设置为训练模式
    Module: Dropout
dropout设置为训练模式
  Module: ReLU
test_loss: 0.0936
epoch 195
train_loss: 0.1107
Module: DropoutFullyConnectedNN
  Module: ModuleList
    Module: Linear
    Module: Linear
    Module: Linear
  Module: ModuleList
    Module: Dropout
dropout设置为训练模式
    Module: Dropout
dropout设置为训练模式
    Module: Dropout
dropout设置为训练模式
  Module: ReLU
test_loss: 0.0933
epoch 196
train_loss: 0.1118
Module: DropoutFullyConnectedNN
  Module: ModuleList
    Module: Linear
    Module: Linear
    Module: Linear
  Module: ModuleList
    Module: Dropout
dropout设置为训练模式
    Module: Dropout
dropout设置为训练模式
    Module: Dropout
dropout设置为训练模式
  Module: ReLU
test_loss: 0.0929
epoch 197
train_loss: 0.1122
Module: DropoutFullyConnectedNN
  Module: ModuleList
    Module: Linear
    Module: Linear
    Module: Linear
  Module: ModuleList
    Module: Dropout
dropout设置为训练模式
    Module: Dropout
dropout设置为训练模式
    Module: Dropout
dropout设置为训练模式
  Module: ReLU
test_loss: 0.0934
epoch 198
train_loss: 0.1135
Module: DropoutFullyConnectedNN
  Module: ModuleList
    Module: Linear
    Module: Linear
    Module: Linear
  Module: ModuleList
    Module: Dropout
dropout设置为训练模式
    Module: Dropout
dropout设置为训练模式
    Module: Dropout
dropout设置为训练模式
  Module: ReLU
test_loss: 0.0937
epoch 199
train_loss: 0.1120
Module: DropoutFullyConnectedNN
  Module: ModuleList
    Module: Linear
    Module: Linear
    Module: Linear
  Module: ModuleList
    Module: Dropout
dropout设置为训练模式
    Module: Dropout
dropout设置为训练模式
    Module: Dropout
dropout设置为训练模式
  Module: ReLU
test_loss: 0.0934
epoch 200
train_loss: 0.1110
Module: DropoutFullyConnectedNN
  Module: ModuleList
    Module: Linear
    Module: Linear
    Module: Linear
  Module: ModuleList
    Module: Dropout
dropout设置为训练模式
    Module: Dropout
dropout设置为训练模式
    Module: Dropout
dropout设置为训练模式
  Module: ReLU
test_loss: 0.0931
epoch 201
train_loss: 0.1068
Module: DropoutFullyConnectedNN
  Module: ModuleList
    Module: Linear
    Module: Linear
    Module: Linear
  Module: ModuleList
    Module: Dropout
dropout设置为训练模式
    Module: Dropout
dropout设置为训练模式
    Module: Dropout
dropout设置为训练模式
  Module: ReLU
test_loss: 0.0930
epoch 202
train_loss: 0.1093
Module: DropoutFullyConnectedNN
  Module: ModuleList
    Module: Linear
    Module: Linear
    Module: Linear
  Module: ModuleList
    Module: Dropout
dropout设置为训练模式
    Module: Dropout
dropout设置为训练模式
    Module: Dropout
dropout设置为训练模式
  Module: ReLU
test_loss: 0.0927
epoch 203
train_loss: 0.1067
Module: DropoutFullyConnectedNN
  Module: ModuleList
    Module: Linear
    Module: Linear
    Module: Linear
  Module: ModuleList
    Module: Dropout
dropout设置为训练模式
    Module: Dropout
dropout设置为训练模式
    Module: Dropout
dropout设置为训练模式
  Module: ReLU
test_loss: 0.0928
epoch 204
train_loss: 0.1093
Module: DropoutFullyConnectedNN
  Module: ModuleList
    Module: Linear
    Module: Linear
    Module: Linear
  Module: ModuleList
    Module: Dropout
dropout设置为训练模式
    Module: Dropout
dropout设置为训练模式
    Module: Dropout
dropout设置为训练模式
  Module: ReLU
test_loss: 0.0917
epoch 205
train_loss: 0.1081
Module: DropoutFullyConnectedNN
  Module: ModuleList
    Module: Linear
    Module: Linear
    Module: Linear
  Module: ModuleList
    Module: Dropout
dropout设置为训练模式
    Module: Dropout
dropout设置为训练模式
    Module: Dropout
dropout设置为训练模式
  Module: ReLU
test_loss: 0.0920
epoch 206
train_loss: 0.1097
Module: DropoutFullyConnectedNN
  Module: ModuleList
    Module: Linear
    Module: Linear
    Module: Linear
  Module: ModuleList
    Module: Dropout
dropout设置为训练模式
    Module: Dropout
dropout设置为训练模式
    Module: Dropout
dropout设置为训练模式
  Module: ReLU
test_loss: 0.0917
epoch 207
train_loss: 0.1051
Module: DropoutFullyConnectedNN
  Module: ModuleList
    Module: Linear
    Module: Linear
    Module: Linear
  Module: ModuleList
    Module: Dropout
dropout设置为训练模式
    Module: Dropout
dropout设置为训练模式
    Module: Dropout
dropout设置为训练模式
  Module: ReLU
test_loss: 0.0920
epoch 208
train_loss: 0.1100
Module: DropoutFullyConnectedNN
  Module: ModuleList
    Module: Linear
    Module: Linear
    Module: Linear
  Module: ModuleList
    Module: Dropout
dropout设置为训练模式
    Module: Dropout
dropout设置为训练模式
    Module: Dropout
dropout设置为训练模式
  Module: ReLU
test_loss: 0.0920
epoch 209
train_loss: 0.1092
Module: DropoutFullyConnectedNN
  Module: ModuleList
    Module: Linear
    Module: Linear
    Module: Linear
  Module: ModuleList
    Module: Dropout
dropout设置为训练模式
    Module: Dropout
dropout设置为训练模式
    Module: Dropout
dropout设置为训练模式
  Module: ReLU
test_loss: 0.0918
epoch 210
train_loss: 0.1086
Module: DropoutFullyConnectedNN
  Module: ModuleList
    Module: Linear
    Module: Linear
    Module: Linear
  Module: ModuleList
    Module: Dropout
dropout设置为训练模式
    Module: Dropout
dropout设置为训练模式
    Module: Dropout
dropout设置为训练模式
  Module: ReLU
test_loss: 0.0919
epoch 211
train_loss: 0.1075
Module: DropoutFullyConnectedNN
  Module: ModuleList
    Module: Linear
    Module: Linear
    Module: Linear
  Module: ModuleList
    Module: Dropout
dropout设置为训练模式
    Module: Dropout
dropout设置为训练模式
    Module: Dropout
dropout设置为训练模式
  Module: ReLU
test_loss: 0.0912
epoch 212
train_loss: 0.1074
Module: DropoutFullyConnectedNN
  Module: ModuleList
    Module: Linear
    Module: Linear
    Module: Linear
  Module: ModuleList
    Module: Dropout
dropout设置为训练模式
    Module: Dropout
dropout设置为训练模式
    Module: Dropout
dropout设置为训练模式
  Module: ReLU
test_loss: 0.0910
epoch 213
train_loss: 0.1080
Module: DropoutFullyConnectedNN
  Module: ModuleList
    Module: Linear
    Module: Linear
    Module: Linear
  Module: ModuleList
    Module: Dropout
dropout设置为训练模式
    Module: Dropout
dropout设置为训练模式
    Module: Dropout
dropout设置为训练模式
  Module: ReLU
test_loss: 0.0907
epoch 214
train_loss: 0.1111
Module: DropoutFullyConnectedNN
  Module: ModuleList
    Module: Linear
    Module: Linear
    Module: Linear
  Module: ModuleList
    Module: Dropout
dropout设置为训练模式
    Module: Dropout
dropout设置为训练模式
    Module: Dropout
dropout设置为训练模式
  Module: ReLU
test_loss: 0.0908
epoch 215
train_loss: 0.1075
Module: DropoutFullyConnectedNN
  Module: ModuleList
    Module: Linear
    Module: Linear
    Module: Linear
  Module: ModuleList
    Module: Dropout
dropout设置为训练模式
    Module: Dropout
dropout设置为训练模式
    Module: Dropout
dropout设置为训练模式
  Module: ReLU
test_loss: 0.0914
epoch 216
train_loss: 0.1082
Module: DropoutFullyConnectedNN
  Module: ModuleList
    Module: Linear
    Module: Linear
    Module: Linear
  Module: ModuleList
    Module: Dropout
dropout设置为训练模式
    Module: Dropout
dropout设置为训练模式
    Module: Dropout
dropout设置为训练模式
  Module: ReLU
test_loss: 0.0907
epoch 217
train_loss: 0.1077
Module: DropoutFullyConnectedNN
  Module: ModuleList
    Module: Linear
    Module: Linear
    Module: Linear
  Module: ModuleList
    Module: Dropout
dropout设置为训练模式
    Module: Dropout
dropout设置为训练模式
    Module: Dropout
dropout设置为训练模式
  Module: ReLU
test_loss: 0.0902
epoch 218
train_loss: 0.1090
Module: DropoutFullyConnectedNN
  Module: ModuleList
    Module: Linear
    Module: Linear
    Module: Linear
  Module: ModuleList
    Module: Dropout
dropout设置为训练模式
    Module: Dropout
dropout设置为训练模式
    Module: Dropout
dropout设置为训练模式
  Module: ReLU
test_loss: 0.0908
epoch 219
train_loss: 0.1054
Module: DropoutFullyConnectedNN
  Module: ModuleList
    Module: Linear
    Module: Linear
    Module: Linear
  Module: ModuleList
    Module: Dropout
dropout设置为训练模式
    Module: Dropout
dropout设置为训练模式
    Module: Dropout
dropout设置为训练模式
  Module: ReLU
test_loss: 0.0901
epoch 220
train_loss: 0.1073
Module: DropoutFullyConnectedNN
  Module: ModuleList
    Module: Linear
    Module: Linear
    Module: Linear
  Module: ModuleList
    Module: Dropout
dropout设置为训练模式
    Module: Dropout
dropout设置为训练模式
    Module: Dropout
dropout设置为训练模式
  Module: ReLU
test_loss: 0.0904
epoch 221
train_loss: 0.1042
Module: DropoutFullyConnectedNN
  Module: ModuleList
    Module: Linear
    Module: Linear
    Module: Linear
  Module: ModuleList
    Module: Dropout
dropout设置为训练模式
    Module: Dropout
dropout设置为训练模式
    Module: Dropout
dropout设置为训练模式
  Module: ReLU
test_loss: 0.0898
epoch 222
train_loss: 0.1059
Module: DropoutFullyConnectedNN
  Module: ModuleList
    Module: Linear
    Module: Linear
    Module: Linear
  Module: ModuleList
    Module: Dropout
dropout设置为训练模式
    Module: Dropout
dropout设置为训练模式
    Module: Dropout
dropout设置为训练模式
  Module: ReLU
test_loss: 0.0898
epoch 223
train_loss: 0.1085
Module: DropoutFullyConnectedNN
  Module: ModuleList
    Module: Linear
    Module: Linear
    Module: Linear
  Module: ModuleList
    Module: Dropout
dropout设置为训练模式
    Module: Dropout
dropout设置为训练模式
    Module: Dropout
dropout设置为训练模式
  Module: ReLU
test_loss: 0.0891
epoch 224
train_loss: 0.1059
Module: DropoutFullyConnectedNN
  Module: ModuleList
    Module: Linear
    Module: Linear
    Module: Linear
  Module: ModuleList
    Module: Dropout
dropout设置为训练模式
    Module: Dropout
dropout设置为训练模式
    Module: Dropout
dropout设置为训练模式
  Module: ReLU
test_loss: 0.0897
epoch 225
train_loss: 0.1073
Module: DropoutFullyConnectedNN
  Module: ModuleList
    Module: Linear
    Module: Linear
    Module: Linear
  Module: ModuleList
    Module: Dropout
dropout设置为训练模式
    Module: Dropout
dropout设置为训练模式
    Module: Dropout
dropout设置为训练模式
  Module: ReLU
test_loss: 0.0892
epoch 226
train_loss: 0.1080
Module: DropoutFullyConnectedNN
  Module: ModuleList
    Module: Linear
    Module: Linear
    Module: Linear
  Module: ModuleList
    Module: Dropout
dropout设置为训练模式
    Module: Dropout
dropout设置为训练模式
    Module: Dropout
dropout设置为训练模式
  Module: ReLU
test_loss: 0.0892
epoch 227
train_loss: 0.1078
Module: DropoutFullyConnectedNN
  Module: ModuleList
    Module: Linear
    Module: Linear
    Module: Linear
  Module: ModuleList
    Module: Dropout
dropout设置为训练模式
    Module: Dropout
dropout设置为训练模式
    Module: Dropout
dropout设置为训练模式
  Module: ReLU
test_loss: 0.0892
epoch 228
train_loss: 0.1071
Module: DropoutFullyConnectedNN
  Module: ModuleList
    Module: Linear
    Module: Linear
    Module: Linear
  Module: ModuleList
    Module: Dropout
dropout设置为训练模式
    Module: Dropout
dropout设置为训练模式
    Module: Dropout
dropout设置为训练模式
  Module: ReLU
test_loss: 0.0899
epoch 229
train_loss: 0.1039
Module: DropoutFullyConnectedNN
  Module: ModuleList
    Module: Linear
    Module: Linear
    Module: Linear
  Module: ModuleList
    Module: Dropout
dropout设置为训练模式
    Module: Dropout
dropout设置为训练模式
    Module: Dropout
dropout设置为训练模式
  Module: ReLU
test_loss: 0.0889
epoch 230
train_loss: 0.1053
Module: DropoutFullyConnectedNN
  Module: ModuleList
    Module: Linear
    Module: Linear
    Module: Linear
  Module: ModuleList
    Module: Dropout
dropout设置为训练模式
    Module: Dropout
dropout设置为训练模式
    Module: Dropout
dropout设置为训练模式
  Module: ReLU
test_loss: 0.0889
epoch 231
train_loss: 0.1077
Module: DropoutFullyConnectedNN
  Module: ModuleList
    Module: Linear
    Module: Linear
    Module: Linear
  Module: ModuleList
    Module: Dropout
dropout设置为训练模式
    Module: Dropout
dropout设置为训练模式
    Module: Dropout
dropout设置为训练模式
  Module: ReLU
test_loss: 0.0888
epoch 232
train_loss: 0.1075
Module: DropoutFullyConnectedNN
  Module: ModuleList
    Module: Linear
    Module: Linear
    Module: Linear
  Module: ModuleList
    Module: Dropout
dropout设置为训练模式
    Module: Dropout
dropout设置为训练模式
    Module: Dropout
dropout设置为训练模式
  Module: ReLU
test_loss: 0.0890
epoch 233
train_loss: 0.1083
Module: DropoutFullyConnectedNN
  Module: ModuleList
    Module: Linear
    Module: Linear
    Module: Linear
  Module: ModuleList
    Module: Dropout
dropout设置为训练模式
    Module: Dropout
dropout设置为训练模式
    Module: Dropout
dropout设置为训练模式
  Module: ReLU
test_loss: 0.0891
epoch 234
train_loss: 0.1070
Module: DropoutFullyConnectedNN
  Module: ModuleList
    Module: Linear
    Module: Linear
    Module: Linear
  Module: ModuleList
    Module: Dropout
dropout设置为训练模式
    Module: Dropout
dropout设置为训练模式
    Module: Dropout
dropout设置为训练模式
  Module: ReLU
test_loss: 0.0890
epoch 235
train_loss: 0.1081
Module: DropoutFullyConnectedNN
  Module: ModuleList
    Module: Linear
    Module: Linear
    Module: Linear
  Module: ModuleList
    Module: Dropout
dropout设置为训练模式
    Module: Dropout
dropout设置为训练模式
    Module: Dropout
dropout设置为训练模式
  Module: ReLU
test_loss: 0.0885
epoch 236
train_loss: 0.1068
Module: DropoutFullyConnectedNN
  Module: ModuleList
    Module: Linear
    Module: Linear
    Module: Linear
  Module: ModuleList
    Module: Dropout
dropout设置为训练模式
    Module: Dropout
dropout设置为训练模式
    Module: Dropout
dropout设置为训练模式
  Module: ReLU
test_loss: 0.0883
epoch 237
train_loss: 0.1044
Module: DropoutFullyConnectedNN
  Module: ModuleList
    Module: Linear
    Module: Linear
    Module: Linear
  Module: ModuleList
    Module: Dropout
dropout设置为训练模式
    Module: Dropout
dropout设置为训练模式
    Module: Dropout
dropout设置为训练模式
  Module: ReLU
test_loss: 0.0890
epoch 238
train_loss: 0.1020
Module: DropoutFullyConnectedNN
  Module: ModuleList
    Module: Linear
    Module: Linear
    Module: Linear
  Module: ModuleList
    Module: Dropout
dropout设置为训练模式
    Module: Dropout
dropout设置为训练模式
    Module: Dropout
dropout设置为训练模式
  Module: ReLU
test_loss: 0.0880
epoch 239
train_loss: 0.1049
Module: DropoutFullyConnectedNN
  Module: ModuleList
    Module: Linear
    Module: Linear
    Module: Linear
  Module: ModuleList
    Module: Dropout
dropout设置为训练模式
    Module: Dropout
dropout设置为训练模式
    Module: Dropout
dropout设置为训练模式
  Module: ReLU
test_loss: 0.0884
epoch 240
train_loss: 0.1051
Module: DropoutFullyConnectedNN
  Module: ModuleList
    Module: Linear
    Module: Linear
    Module: Linear
  Module: ModuleList
    Module: Dropout
dropout设置为训练模式
    Module: Dropout
dropout设置为训练模式
    Module: Dropout
dropout设置为训练模式
  Module: ReLU
test_loss: 0.0889
epoch 241
train_loss: 0.1031
Module: DropoutFullyConnectedNN
  Module: ModuleList
    Module: Linear
    Module: Linear
    Module: Linear
  Module: ModuleList
    Module: Dropout
dropout设置为训练模式
    Module: Dropout
dropout设置为训练模式
    Module: Dropout
dropout设置为训练模式
  Module: ReLU
test_loss: 0.0879
epoch 242
train_loss: 0.1020
Module: DropoutFullyConnectedNN
  Module: ModuleList
    Module: Linear
    Module: Linear
    Module: Linear
  Module: ModuleList
    Module: Dropout
dropout设置为训练模式
    Module: Dropout
dropout设置为训练模式
    Module: Dropout
dropout设置为训练模式
  Module: ReLU
test_loss: 0.0881
epoch 243
train_loss: 0.1048
Module: DropoutFullyConnectedNN
  Module: ModuleList
    Module: Linear
    Module: Linear
    Module: Linear
  Module: ModuleList
    Module: Dropout
dropout设置为训练模式
    Module: Dropout
dropout设置为训练模式
    Module: Dropout
dropout设置为训练模式
  Module: ReLU
test_loss: 0.0884
epoch 244
train_loss: 0.1042
Module: DropoutFullyConnectedNN
  Module: ModuleList
    Module: Linear
    Module: Linear
    Module: Linear
  Module: ModuleList
    Module: Dropout
dropout设置为训练模式
    Module: Dropout
dropout设置为训练模式
    Module: Dropout
dropout设置为训练模式
  Module: ReLU
test_loss: 0.0880
epoch 245
train_loss: 0.1051
Module: DropoutFullyConnectedNN
  Module: ModuleList
    Module: Linear
    Module: Linear
    Module: Linear
  Module: ModuleList
    Module: Dropout
dropout设置为训练模式
    Module: Dropout
dropout设置为训练模式
    Module: Dropout
dropout设置为训练模式
  Module: ReLU
test_loss: 0.0882
epoch 246
train_loss: 0.1038
Module: DropoutFullyConnectedNN
  Module: ModuleList
    Module: Linear
    Module: Linear
    Module: Linear
  Module: ModuleList
    Module: Dropout
dropout设置为训练模式
    Module: Dropout
dropout设置为训练模式
    Module: Dropout
dropout设置为训练模式
  Module: ReLU
test_loss: 0.0883
epoch 247
train_loss: 0.1074
Module: DropoutFullyConnectedNN
  Module: ModuleList
    Module: Linear
    Module: Linear
    Module: Linear
  Module: ModuleList
    Module: Dropout
dropout设置为训练模式
    Module: Dropout
dropout设置为训练模式
    Module: Dropout
dropout设置为训练模式
  Module: ReLU
test_loss: 0.0881
epoch 248
train_loss: 0.1051
Module: DropoutFullyConnectedNN
  Module: ModuleList
    Module: Linear
    Module: Linear
    Module: Linear
  Module: ModuleList
    Module: Dropout
dropout设置为训练模式
    Module: Dropout
dropout设置为训练模式
    Module: Dropout
dropout设置为训练模式
  Module: ReLU
test_loss: 0.0882
epoch 249
train_loss: 0.1042
Module: DropoutFullyConnectedNN
  Module: ModuleList
    Module: Linear
    Module: Linear
    Module: Linear
  Module: ModuleList
    Module: Dropout
dropout设置为训练模式
    Module: Dropout
dropout设置为训练模式
    Module: Dropout
dropout设置为训练模式
  Module: ReLU
test_loss: 0.0880
epoch 250
train_loss: 0.1043
Module: DropoutFullyConnectedNN
  Module: ModuleList
    Module: Linear
    Module: Linear
    Module: Linear
  Module: ModuleList
    Module: Dropout
dropout设置为训练模式
    Module: Dropout
dropout设置为训练模式
    Module: Dropout
dropout设置为训练模式
  Module: ReLU
test_loss: 0.0880
epoch 251
train_loss: 0.1020
Module: DropoutFullyConnectedNN
  Module: ModuleList
    Module: Linear
    Module: Linear
    Module: Linear
  Module: ModuleList
    Module: Dropout
dropout设置为训练模式
    Module: Dropout
dropout设置为训练模式
    Module: Dropout
dropout设置为训练模式
  Module: ReLU
test_loss: 0.0874
epoch 252
train_loss: 0.1014
Module: DropoutFullyConnectedNN
  Module: ModuleList
    Module: Linear
    Module: Linear
    Module: Linear
  Module: ModuleList
    Module: Dropout
dropout设置为训练模式
    Module: Dropout
dropout设置为训练模式
    Module: Dropout
dropout设置为训练模式
  Module: ReLU
test_loss: 0.0876
epoch 253
train_loss: 0.0998
Module: DropoutFullyConnectedNN
  Module: ModuleList
    Module: Linear
    Module: Linear
    Module: Linear
  Module: ModuleList
    Module: Dropout
dropout设置为训练模式
    Module: Dropout
dropout设置为训练模式
    Module: Dropout
dropout设置为训练模式
  Module: ReLU
test_loss: 0.0872
epoch 254
train_loss: 0.1012
Module: DropoutFullyConnectedNN
  Module: ModuleList
    Module: Linear
    Module: Linear
    Module: Linear
  Module: ModuleList
    Module: Dropout
dropout设置为训练模式
    Module: Dropout
dropout设置为训练模式
    Module: Dropout
dropout设置为训练模式
  Module: ReLU
test_loss: 0.0873
epoch 255
train_loss: 0.1000
Module: DropoutFullyConnectedNN
  Module: ModuleList
    Module: Linear
    Module: Linear
    Module: Linear
  Module: ModuleList
    Module: Dropout
dropout设置为训练模式
    Module: Dropout
dropout设置为训练模式
    Module: Dropout
dropout设置为训练模式
  Module: ReLU
test_loss: 0.0873
epoch 256
train_loss: 0.1039
Module: DropoutFullyConnectedNN
  Module: ModuleList
    Module: Linear
    Module: Linear
    Module: Linear
  Module: ModuleList
    Module: Dropout
dropout设置为训练模式
    Module: Dropout
dropout设置为训练模式
    Module: Dropout
dropout设置为训练模式
  Module: ReLU
test_loss: 0.0872
epoch 257
train_loss: 0.1029
Module: DropoutFullyConnectedNN
  Module: ModuleList
    Module: Linear
    Module: Linear
    Module: Linear
  Module: ModuleList
    Module: Dropout
dropout设置为训练模式
    Module: Dropout
dropout设置为训练模式
    Module: Dropout
dropout设置为训练模式
  Module: ReLU
test_loss: 0.0871
epoch 258
train_loss: 0.1008
Module: DropoutFullyConnectedNN
  Module: ModuleList
    Module: Linear
    Module: Linear
    Module: Linear
  Module: ModuleList
    Module: Dropout
dropout设置为训练模式
    Module: Dropout
dropout设置为训练模式
    Module: Dropout
dropout设置为训练模式
  Module: ReLU
test_loss: 0.0871
epoch 259
train_loss: 0.1018
Module: DropoutFullyConnectedNN
  Module: ModuleList
    Module: Linear
    Module: Linear
    Module: Linear
  Module: ModuleList
    Module: Dropout
dropout设置为训练模式
    Module: Dropout
dropout设置为训练模式
    Module: Dropout
dropout设置为训练模式
  Module: ReLU
test_loss: 0.0869
epoch 260
train_loss: 0.1010
Module: DropoutFullyConnectedNN
  Module: ModuleList
    Module: Linear
    Module: Linear
    Module: Linear
  Module: ModuleList
    Module: Dropout
dropout设置为训练模式
    Module: Dropout
dropout设置为训练模式
    Module: Dropout
dropout设置为训练模式
  Module: ReLU
test_loss: 0.0861
epoch 261
train_loss: 0.1011
Module: DropoutFullyConnectedNN
  Module: ModuleList
    Module: Linear
    Module: Linear
    Module: Linear
  Module: ModuleList
    Module: Dropout
dropout设置为训练模式
    Module: Dropout
dropout设置为训练模式
    Module: Dropout
dropout设置为训练模式
  Module: ReLU
test_loss: 0.0862
epoch 262
train_loss: 0.1032
Module: DropoutFullyConnectedNN
  Module: ModuleList
    Module: Linear
    Module: Linear
    Module: Linear
  Module: ModuleList
    Module: Dropout
dropout设置为训练模式
    Module: Dropout
dropout设置为训练模式
    Module: Dropout
dropout设置为训练模式
  Module: ReLU
test_loss: 0.0871
epoch 263
train_loss: 0.0986
Module: DropoutFullyConnectedNN
  Module: ModuleList
    Module: Linear
    Module: Linear
    Module: Linear
  Module: ModuleList
    Module: Dropout
dropout设置为训练模式
    Module: Dropout
dropout设置为训练模式
    Module: Dropout
dropout设置为训练模式
  Module: ReLU
test_loss: 0.0863
epoch 264
train_loss: 0.1014
Module: DropoutFullyConnectedNN
  Module: ModuleList
    Module: Linear
    Module: Linear
    Module: Linear
  Module: ModuleList
    Module: Dropout
dropout设置为训练模式
    Module: Dropout
dropout设置为训练模式
    Module: Dropout
dropout设置为训练模式
  Module: ReLU
test_loss: 0.0859
epoch 265
train_loss: 0.0987
Module: DropoutFullyConnectedNN
  Module: ModuleList
    Module: Linear
    Module: Linear
    Module: Linear
  Module: ModuleList
    Module: Dropout
dropout设置为训练模式
    Module: Dropout
dropout设置为训练模式
    Module: Dropout
dropout设置为训练模式
  Module: ReLU
test_loss: 0.0862
epoch 266
train_loss: 0.1008
Module: DropoutFullyConnectedNN
  Module: ModuleList
    Module: Linear
    Module: Linear
    Module: Linear
  Module: ModuleList
    Module: Dropout
dropout设置为训练模式
    Module: Dropout
dropout设置为训练模式
    Module: Dropout
dropout设置为训练模式
  Module: ReLU
test_loss: 0.0859
epoch 267
train_loss: 0.0996
Module: DropoutFullyConnectedNN
  Module: ModuleList
    Module: Linear
    Module: Linear
    Module: Linear
  Module: ModuleList
    Module: Dropout
dropout设置为训练模式
    Module: Dropout
dropout设置为训练模式
    Module: Dropout
dropout设置为训练模式
  Module: ReLU
test_loss: 0.0864
epoch 268
train_loss: 0.0997
Module: DropoutFullyConnectedNN
  Module: ModuleList
    Module: Linear
    Module: Linear
    Module: Linear
  Module: ModuleList
    Module: Dropout
dropout设置为训练模式
    Module: Dropout
dropout设置为训练模式
    Module: Dropout
dropout设置为训练模式
  Module: ReLU
test_loss: 0.0864
epoch 269
train_loss: 0.1000
Module: DropoutFullyConnectedNN
  Module: ModuleList
    Module: Linear
    Module: Linear
    Module: Linear
  Module: ModuleList
    Module: Dropout
dropout设置为训练模式
    Module: Dropout
dropout设置为训练模式
    Module: Dropout
dropout设置为训练模式
  Module: ReLU
test_loss: 0.0864
epoch 270
train_loss: 0.1005
Module: DropoutFullyConnectedNN
  Module: ModuleList
    Module: Linear
    Module: Linear
    Module: Linear
  Module: ModuleList
    Module: Dropout
dropout设置为训练模式
    Module: Dropout
dropout设置为训练模式
    Module: Dropout
dropout设置为训练模式
  Module: ReLU
test_loss: 0.0860
epoch 271
train_loss: 0.1021
Module: DropoutFullyConnectedNN
  Module: ModuleList
    Module: Linear
    Module: Linear
    Module: Linear
  Module: ModuleList
    Module: Dropout
dropout设置为训练模式
    Module: Dropout
dropout设置为训练模式
    Module: Dropout
dropout设置为训练模式
  Module: ReLU
test_loss: 0.0860
epoch 272
train_loss: 0.1004
Module: DropoutFullyConnectedNN
  Module: ModuleList
    Module: Linear
    Module: Linear
    Module: Linear
  Module: ModuleList
    Module: Dropout
dropout设置为训练模式
    Module: Dropout
dropout设置为训练模式
    Module: Dropout
dropout设置为训练模式
  Module: ReLU
test_loss: 0.0858
epoch 273
train_loss: 0.0993
Module: DropoutFullyConnectedNN
  Module: ModuleList
    Module: Linear
    Module: Linear
    Module: Linear
  Module: ModuleList
    Module: Dropout
dropout设置为训练模式
    Module: Dropout
dropout设置为训练模式
    Module: Dropout
dropout设置为训练模式
  Module: ReLU
test_loss: 0.0866
epoch 274
train_loss: 0.1008
Module: DropoutFullyConnectedNN
  Module: ModuleList
    Module: Linear
    Module: Linear
    Module: Linear
  Module: ModuleList
    Module: Dropout
dropout设置为训练模式
    Module: Dropout
dropout设置为训练模式
    Module: Dropout
dropout设置为训练模式
  Module: ReLU
test_loss: 0.0864
epoch 275
train_loss: 0.0990
Module: DropoutFullyConnectedNN
  Module: ModuleList
    Module: Linear
    Module: Linear
    Module: Linear
  Module: ModuleList
    Module: Dropout
dropout设置为训练模式
    Module: Dropout
dropout设置为训练模式
    Module: Dropout
dropout设置为训练模式
  Module: ReLU
test_loss: 0.0865
epoch 276
train_loss: 0.1012
Module: DropoutFullyConnectedNN
  Module: ModuleList
    Module: Linear
    Module: Linear
    Module: Linear
  Module: ModuleList
    Module: Dropout
dropout设置为训练模式
    Module: Dropout
dropout设置为训练模式
    Module: Dropout
dropout设置为训练模式
  Module: ReLU
test_loss: 0.0863
epoch 277
train_loss: 0.1006
Module: DropoutFullyConnectedNN
  Module: ModuleList
    Module: Linear
    Module: Linear
    Module: Linear
  Module: ModuleList
    Module: Dropout
dropout设置为训练模式
    Module: Dropout
dropout设置为训练模式
    Module: Dropout
dropout设置为训练模式
  Module: ReLU
test_loss: 0.0849
epoch 278
train_loss: 0.0966
Module: DropoutFullyConnectedNN
  Module: ModuleList
    Module: Linear
    Module: Linear
    Module: Linear
  Module: ModuleList
    Module: Dropout
dropout设置为训练模式
    Module: Dropout
dropout设置为训练模式
    Module: Dropout
dropout设置为训练模式
  Module: ReLU
test_loss: 0.0857
epoch 279
train_loss: 0.0977
Module: DropoutFullyConnectedNN
  Module: ModuleList
    Module: Linear
    Module: Linear
    Module: Linear
  Module: ModuleList
    Module: Dropout
dropout设置为训练模式
    Module: Dropout
dropout设置为训练模式
    Module: Dropout
dropout设置为训练模式
  Module: ReLU
test_loss: 0.0853
epoch 280
train_loss: 0.0983
Module: DropoutFullyConnectedNN
  Module: ModuleList
    Module: Linear
    Module: Linear
    Module: Linear
  Module: ModuleList
    Module: Dropout
dropout设置为训练模式
    Module: Dropout
dropout设置为训练模式
    Module: Dropout
dropout设置为训练模式
  Module: ReLU
test_loss: 0.0845
epoch 281
train_loss: 0.1000
Module: DropoutFullyConnectedNN
  Module: ModuleList
    Module: Linear
    Module: Linear
    Module: Linear
  Module: ModuleList
    Module: Dropout
dropout设置为训练模式
    Module: Dropout
dropout设置为训练模式
    Module: Dropout
dropout设置为训练模式
  Module: ReLU
test_loss: 0.0854
epoch 282
train_loss: 0.0967
Module: DropoutFullyConnectedNN
  Module: ModuleList
    Module: Linear
    Module: Linear
    Module: Linear
  Module: ModuleList
    Module: Dropout
dropout设置为训练模式
    Module: Dropout
dropout设置为训练模式
    Module: Dropout
dropout设置为训练模式
  Module: ReLU
test_loss: 0.0848
epoch 283
train_loss: 0.0997
Module: DropoutFullyConnectedNN
  Module: ModuleList
    Module: Linear
    Module: Linear
    Module: Linear
  Module: ModuleList
    Module: Dropout
dropout设置为训练模式
    Module: Dropout
dropout设置为训练模式
    Module: Dropout
dropout设置为训练模式
  Module: ReLU
test_loss: 0.0845
epoch 284
train_loss: 0.0965
Module: DropoutFullyConnectedNN
  Module: ModuleList
    Module: Linear
    Module: Linear
    Module: Linear
  Module: ModuleList
    Module: Dropout
dropout设置为训练模式
    Module: Dropout
dropout设置为训练模式
    Module: Dropout
dropout设置为训练模式
  Module: ReLU
test_loss: 0.0842
epoch 285
train_loss: 0.0981
Module: DropoutFullyConnectedNN
  Module: ModuleList
    Module: Linear
    Module: Linear
    Module: Linear
  Module: ModuleList
    Module: Dropout
dropout设置为训练模式
    Module: Dropout
dropout设置为训练模式
    Module: Dropout
dropout设置为训练模式
  Module: ReLU
test_loss: 0.0854
epoch 286
train_loss: 0.0987
Module: DropoutFullyConnectedNN
  Module: ModuleList
    Module: Linear
    Module: Linear
    Module: Linear
  Module: ModuleList
    Module: Dropout
dropout设置为训练模式
    Module: Dropout
dropout设置为训练模式
    Module: Dropout
dropout设置为训练模式
  Module: ReLU
test_loss: 0.0849
epoch 287
train_loss: 0.0970
Module: DropoutFullyConnectedNN
  Module: ModuleList
    Module: Linear
    Module: Linear
    Module: Linear
  Module: ModuleList
    Module: Dropout
dropout设置为训练模式
    Module: Dropout
dropout设置为训练模式
    Module: Dropout
dropout设置为训练模式
  Module: ReLU
test_loss: 0.0848
epoch 288
train_loss: 0.0986
Module: DropoutFullyConnectedNN
  Module: ModuleList
    Module: Linear
    Module: Linear
    Module: Linear
  Module: ModuleList
    Module: Dropout
dropout设置为训练模式
    Module: Dropout
dropout设置为训练模式
    Module: Dropout
dropout设置为训练模式
  Module: ReLU
test_loss: 0.0846
epoch 289
train_loss: 0.0962
Module: DropoutFullyConnectedNN
  Module: ModuleList
    Module: Linear
    Module: Linear
    Module: Linear
  Module: ModuleList
    Module: Dropout
dropout设置为训练模式
    Module: Dropout
dropout设置为训练模式
    Module: Dropout
dropout设置为训练模式
  Module: ReLU
test_loss: 0.0843
epoch 290
train_loss: 0.1007
Module: DropoutFullyConnectedNN
  Module: ModuleList
    Module: Linear
    Module: Linear
    Module: Linear
  Module: ModuleList
    Module: Dropout
dropout设置为训练模式
    Module: Dropout
dropout设置为训练模式
    Module: Dropout
dropout设置为训练模式
  Module: ReLU
test_loss: 0.0841
epoch 291
train_loss: 0.0972
Module: DropoutFullyConnectedNN
  Module: ModuleList
    Module: Linear
    Module: Linear
    Module: Linear
  Module: ModuleList
    Module: Dropout
dropout设置为训练模式
    Module: Dropout
dropout设置为训练模式
    Module: Dropout
dropout设置为训练模式
  Module: ReLU
test_loss: 0.0847
epoch 292
train_loss: 0.1004
Module: DropoutFullyConnectedNN
  Module: ModuleList
    Module: Linear
    Module: Linear
    Module: Linear
  Module: ModuleList
    Module: Dropout
dropout设置为训练模式
    Module: Dropout
dropout设置为训练模式
    Module: Dropout
dropout设置为训练模式
  Module: ReLU
test_loss: 0.0842
epoch 293
train_loss: 0.0982
Module: DropoutFullyConnectedNN
  Module: ModuleList
    Module: Linear
    Module: Linear
    Module: Linear
  Module: ModuleList
    Module: Dropout
dropout设置为训练模式
    Module: Dropout
dropout设置为训练模式
    Module: Dropout
dropout设置为训练模式
  Module: ReLU
test_loss: 0.0844
epoch 294
train_loss: 0.0995
Module: DropoutFullyConnectedNN
  Module: ModuleList
    Module: Linear
    Module: Linear
    Module: Linear
  Module: ModuleList
    Module: Dropout
dropout设置为训练模式
    Module: Dropout
dropout设置为训练模式
    Module: Dropout
dropout设置为训练模式
  Module: ReLU
test_loss: 0.0843
epoch 295
train_loss: 0.1031
Module: DropoutFullyConnectedNN
  Module: ModuleList
    Module: Linear
    Module: Linear
    Module: Linear
  Module: ModuleList
    Module: Dropout
dropout设置为训练模式
    Module: Dropout
dropout设置为训练模式
    Module: Dropout
dropout设置为训练模式
  Module: ReLU
test_loss: 0.0842
epoch 296
train_loss: 0.0984
Module: DropoutFullyConnectedNN
  Module: ModuleList
    Module: Linear
    Module: Linear
    Module: Linear
  Module: ModuleList
    Module: Dropout
dropout设置为训练模式
    Module: Dropout
dropout设置为训练模式
    Module: Dropout
dropout设置为训练模式
  Module: ReLU
test_loss: 0.0838
epoch 297
train_loss: 0.0980
Module: DropoutFullyConnectedNN
  Module: ModuleList
    Module: Linear
    Module: Linear
    Module: Linear
  Module: ModuleList
    Module: Dropout
dropout设置为训练模式
    Module: Dropout
dropout设置为训练模式
    Module: Dropout
dropout设置为训练模式
  Module: ReLU
test_loss: 0.0842
epoch 298
train_loss: 0.0972
Module: DropoutFullyConnectedNN
  Module: ModuleList
    Module: Linear
    Module: Linear
    Module: Linear
  Module: ModuleList
    Module: Dropout
dropout设置为训练模式
    Module: Dropout
dropout设置为训练模式
    Module: Dropout
dropout设置为训练模式
  Module: ReLU
test_loss: 0.0843
epoch 299
train_loss: 0.0967
Module: DropoutFullyConnectedNN
  Module: ModuleList
    Module: Linear
    Module: Linear
    Module: Linear
  Module: ModuleList
    Module: Dropout
dropout设置为训练模式
    Module: Dropout
dropout设置为训练模式
    Module: Dropout
dropout设置为训练模式
  Module: ReLU
test_loss: 0.0843
epoch 300
train_loss: 0.0957
Module: DropoutFullyConnectedNN
  Module: ModuleList
    Module: Linear
    Module: Linear
    Module: Linear
  Module: ModuleList
    Module: Dropout
dropout设置为训练模式
    Module: Dropout
dropout设置为训练模式
    Module: Dropout
dropout设置为训练模式
  Module: ReLU
test_loss: 0.0837
epoch 301
train_loss: 0.0989
Module: DropoutFullyConnectedNN
  Module: ModuleList
    Module: Linear
    Module: Linear
    Module: Linear
  Module: ModuleList
    Module: Dropout
dropout设置为训练模式
    Module: Dropout
dropout设置为训练模式
    Module: Dropout
dropout设置为训练模式
  Module: ReLU
test_loss: 0.0840
epoch 302
train_loss: 0.0977
Module: DropoutFullyConnectedNN
  Module: ModuleList
    Module: Linear
    Module: Linear
    Module: Linear
  Module: ModuleList
    Module: Dropout
dropout设置为训练模式
    Module: Dropout
dropout设置为训练模式
    Module: Dropout
dropout设置为训练模式
  Module: ReLU
test_loss: 0.0835
epoch 303
train_loss: 0.0986
Module: DropoutFullyConnectedNN
  Module: ModuleList
    Module: Linear
    Module: Linear
    Module: Linear
  Module: ModuleList
    Module: Dropout
dropout设置为训练模式
    Module: Dropout
dropout设置为训练模式
    Module: Dropout
dropout设置为训练模式
  Module: ReLU
test_loss: 0.0839
epoch 304
train_loss: 0.0972
Module: DropoutFullyConnectedNN
  Module: ModuleList
    Module: Linear
    Module: Linear
    Module: Linear
  Module: ModuleList
    Module: Dropout
dropout设置为训练模式
    Module: Dropout
dropout设置为训练模式
    Module: Dropout
dropout设置为训练模式
  Module: ReLU
test_loss: 0.0836
epoch 305
train_loss: 0.0975
Module: DropoutFullyConnectedNN
  Module: ModuleList
    Module: Linear
    Module: Linear
    Module: Linear
  Module: ModuleList
    Module: Dropout
dropout设置为训练模式
    Module: Dropout
dropout设置为训练模式
    Module: Dropout
dropout设置为训练模式
  Module: ReLU
test_loss: 0.0836
epoch 306
train_loss: 0.0986
Module: DropoutFullyConnectedNN
  Module: ModuleList
    Module: Linear
    Module: Linear
    Module: Linear
  Module: ModuleList
    Module: Dropout
dropout设置为训练模式
    Module: Dropout
dropout设置为训练模式
    Module: Dropout
dropout设置为训练模式
  Module: ReLU
test_loss: 0.0836
epoch 307
train_loss: 0.0989
Module: DropoutFullyConnectedNN
  Module: ModuleList
    Module: Linear
    Module: Linear
    Module: Linear
  Module: ModuleList
    Module: Dropout
dropout设置为训练模式
    Module: Dropout
dropout设置为训练模式
    Module: Dropout
dropout设置为训练模式
  Module: ReLU
test_loss: 0.0846
epoch 308
train_loss: 0.0982
Module: DropoutFullyConnectedNN
  Module: ModuleList
    Module: Linear
    Module: Linear
    Module: Linear
  Module: ModuleList
    Module: Dropout
dropout设置为训练模式
    Module: Dropout
dropout设置为训练模式
    Module: Dropout
dropout设置为训练模式
  Module: ReLU
test_loss: 0.0830
epoch 309
train_loss: 0.1010
Module: DropoutFullyConnectedNN
  Module: ModuleList
    Module: Linear
    Module: Linear
    Module: Linear
  Module: ModuleList
    Module: Dropout
dropout设置为训练模式
    Module: Dropout
dropout设置为训练模式
    Module: Dropout
dropout设置为训练模式
  Module: ReLU
test_loss: 0.0838
epoch 310
train_loss: 0.0971
Module: DropoutFullyConnectedNN
  Module: ModuleList
    Module: Linear
    Module: Linear
    Module: Linear
  Module: ModuleList
    Module: Dropout
dropout设置为训练模式
    Module: Dropout
dropout设置为训练模式
    Module: Dropout
dropout设置为训练模式
  Module: ReLU
test_loss: 0.0835
epoch 311
train_loss: 0.0955
Module: DropoutFullyConnectedNN
  Module: ModuleList
    Module: Linear
    Module: Linear
    Module: Linear
  Module: ModuleList
    Module: Dropout
dropout设置为训练模式
    Module: Dropout
dropout设置为训练模式
    Module: Dropout
dropout设置为训练模式
  Module: ReLU
test_loss: 0.0838
epoch 312
train_loss: 0.0962
Module: DropoutFullyConnectedNN
  Module: ModuleList
    Module: Linear
    Module: Linear
    Module: Linear
  Module: ModuleList
    Module: Dropout
dropout设置为训练模式
    Module: Dropout
dropout设置为训练模式
    Module: Dropout
dropout设置为训练模式
  Module: ReLU
test_loss: 0.0832
epoch 313
train_loss: 0.0960
Module: DropoutFullyConnectedNN
  Module: ModuleList
    Module: Linear
    Module: Linear
    Module: Linear
  Module: ModuleList
    Module: Dropout
dropout设置为训练模式
    Module: Dropout
dropout设置为训练模式
    Module: Dropout
dropout设置为训练模式
  Module: ReLU
test_loss: 0.0832
epoch 314
train_loss: 0.0967
Module: DropoutFullyConnectedNN
  Module: ModuleList
    Module: Linear
    Module: Linear
    Module: Linear
  Module: ModuleList
    Module: Dropout
dropout设置为训练模式
    Module: Dropout
dropout设置为训练模式
    Module: Dropout
dropout设置为训练模式
  Module: ReLU
test_loss: 0.0831
epoch 315
train_loss: 0.0970
Module: DropoutFullyConnectedNN
  Module: ModuleList
    Module: Linear
    Module: Linear
    Module: Linear
  Module: ModuleList
    Module: Dropout
dropout设置为训练模式
    Module: Dropout
dropout设置为训练模式
    Module: Dropout
dropout设置为训练模式
  Module: ReLU
test_loss: 0.0831
epoch 316
train_loss: 0.0984
Module: DropoutFullyConnectedNN
  Module: ModuleList
    Module: Linear
    Module: Linear
    Module: Linear
  Module: ModuleList
    Module: Dropout
dropout设置为训练模式
    Module: Dropout
dropout设置为训练模式
    Module: Dropout
dropout设置为训练模式
  Module: ReLU
test_loss: 0.0828
epoch 317
train_loss: 0.0973
Module: DropoutFullyConnectedNN
  Module: ModuleList
    Module: Linear
    Module: Linear
    Module: Linear
  Module: ModuleList
    Module: Dropout
dropout设置为训练模式
    Module: Dropout
dropout设置为训练模式
    Module: Dropout
dropout设置为训练模式
  Module: ReLU
test_loss: 0.0830
epoch 318
train_loss: 0.0990
Module: DropoutFullyConnectedNN
  Module: ModuleList
    Module: Linear
    Module: Linear
    Module: Linear
  Module: ModuleList
    Module: Dropout
dropout设置为训练模式
    Module: Dropout
dropout设置为训练模式
    Module: Dropout
dropout设置为训练模式
  Module: ReLU
test_loss: 0.0834
epoch 319
train_loss: 0.0975
Module: DropoutFullyConnectedNN
  Module: ModuleList
    Module: Linear
    Module: Linear
    Module: Linear
  Module: ModuleList
    Module: Dropout
dropout设置为训练模式
    Module: Dropout
dropout设置为训练模式
    Module: Dropout
dropout设置为训练模式
  Module: ReLU
test_loss: 0.0827
epoch 320
train_loss: 0.0928
Module: DropoutFullyConnectedNN
  Module: ModuleList
    Module: Linear
    Module: Linear
    Module: Linear
  Module: ModuleList
    Module: Dropout
dropout设置为训练模式
    Module: Dropout
dropout设置为训练模式
    Module: Dropout
dropout设置为训练模式
  Module: ReLU
test_loss: 0.0829
epoch 321
train_loss: 0.0968
Module: DropoutFullyConnectedNN
  Module: ModuleList
    Module: Linear
    Module: Linear
    Module: Linear
  Module: ModuleList
    Module: Dropout
dropout设置为训练模式
    Module: Dropout
dropout设置为训练模式
    Module: Dropout
dropout设置为训练模式
  Module: ReLU
test_loss: 0.0832
epoch 322
train_loss: 0.0943
Module: DropoutFullyConnectedNN
  Module: ModuleList
    Module: Linear
    Module: Linear
    Module: Linear
  Module: ModuleList
    Module: Dropout
dropout设置为训练模式
    Module: Dropout
dropout设置为训练模式
    Module: Dropout
dropout设置为训练模式
  Module: ReLU
test_loss: 0.0832
epoch 323
train_loss: 0.0941
Module: DropoutFullyConnectedNN
  Module: ModuleList
    Module: Linear
    Module: Linear
    Module: Linear
  Module: ModuleList
    Module: Dropout
dropout设置为训练模式
    Module: Dropout
dropout设置为训练模式
    Module: Dropout
dropout设置为训练模式
  Module: ReLU
test_loss: 0.0833
epoch 324
train_loss: 0.0971
Module: DropoutFullyConnectedNN
  Module: ModuleList
    Module: Linear
    Module: Linear
    Module: Linear
  Module: ModuleList
    Module: Dropout
dropout设置为训练模式
    Module: Dropout
dropout设置为训练模式
    Module: Dropout
dropout设置为训练模式
  Module: ReLU
test_loss: 0.0835
epoch 325
train_loss: 0.0970
Module: DropoutFullyConnectedNN
  Module: ModuleList
    Module: Linear
    Module: Linear
    Module: Linear
  Module: ModuleList
    Module: Dropout
dropout设置为训练模式
    Module: Dropout
dropout设置为训练模式
    Module: Dropout
dropout设置为训练模式
  Module: ReLU
test_loss: 0.0827
epoch 326
train_loss: 0.0953
Module: DropoutFullyConnectedNN
  Module: ModuleList
    Module: Linear
    Module: Linear
    Module: Linear
  Module: ModuleList
    Module: Dropout
dropout设置为训练模式
    Module: Dropout
dropout设置为训练模式
    Module: Dropout
dropout设置为训练模式
  Module: ReLU
test_loss: 0.0825
epoch 327
train_loss: 0.0978
Module: DropoutFullyConnectedNN
  Module: ModuleList
    Module: Linear
    Module: Linear
    Module: Linear
  Module: ModuleList
    Module: Dropout
dropout设置为训练模式
    Module: Dropout
dropout设置为训练模式
    Module: Dropout
dropout设置为训练模式
  Module: ReLU
test_loss: 0.0827
epoch 328
train_loss: 0.0974
Module: DropoutFullyConnectedNN
  Module: ModuleList
    Module: Linear
    Module: Linear
    Module: Linear
  Module: ModuleList
    Module: Dropout
dropout设置为训练模式
    Module: Dropout
dropout设置为训练模式
    Module: Dropout
dropout设置为训练模式
  Module: ReLU
test_loss: 0.0832
epoch 329
train_loss: 0.0959
Module: DropoutFullyConnectedNN
  Module: ModuleList
    Module: Linear
    Module: Linear
    Module: Linear
  Module: ModuleList
    Module: Dropout
dropout设置为训练模式
    Module: Dropout
dropout设置为训练模式
    Module: Dropout
dropout设置为训练模式
  Module: ReLU
test_loss: 0.0829
epoch 330
train_loss: 0.0951
Module: DropoutFullyConnectedNN
  Module: ModuleList
    Module: Linear
    Module: Linear
    Module: Linear
  Module: ModuleList
    Module: Dropout
dropout设置为训练模式
    Module: Dropout
dropout设置为训练模式
    Module: Dropout
dropout设置为训练模式
  Module: ReLU
test_loss: 0.0831
epoch 331
train_loss: 0.0935
Module: DropoutFullyConnectedNN
  Module: ModuleList
    Module: Linear
    Module: Linear
    Module: Linear
  Module: ModuleList
    Module: Dropout
dropout设置为训练模式
    Module: Dropout
dropout设置为训练模式
    Module: Dropout
dropout设置为训练模式
  Module: ReLU
test_loss: 0.0827
epoch 332
train_loss: 0.0951
Module: DropoutFullyConnectedNN
  Module: ModuleList
    Module: Linear
    Module: Linear
    Module: Linear
  Module: ModuleList
    Module: Dropout
dropout设置为训练模式
    Module: Dropout
dropout设置为训练模式
    Module: Dropout
dropout设置为训练模式
  Module: ReLU
test_loss: 0.0828
epoch 333
train_loss: 0.0940
Module: DropoutFullyConnectedNN
  Module: ModuleList
    Module: Linear
    Module: Linear
    Module: Linear
  Module: ModuleList
    Module: Dropout
dropout设置为训练模式
    Module: Dropout
dropout设置为训练模式
    Module: Dropout
dropout设置为训练模式
  Module: ReLU
test_loss: 0.0829
epoch 334
train_loss: 0.0954
Module: DropoutFullyConnectedNN
  Module: ModuleList
    Module: Linear
    Module: Linear
    Module: Linear
  Module: ModuleList
    Module: Dropout
dropout设置为训练模式
    Module: Dropout
dropout设置为训练模式
    Module: Dropout
dropout设置为训练模式
  Module: ReLU
test_loss: 0.0820
epoch 335
train_loss: 0.0941
Module: DropoutFullyConnectedNN
  Module: ModuleList
    Module: Linear
    Module: Linear
    Module: Linear
  Module: ModuleList
    Module: Dropout
dropout设置为训练模式
    Module: Dropout
dropout设置为训练模式
    Module: Dropout
dropout设置为训练模式
  Module: ReLU
test_loss: 0.0826
epoch 336
train_loss: 0.0956
Module: DropoutFullyConnectedNN
  Module: ModuleList
    Module: Linear
    Module: Linear
    Module: Linear
  Module: ModuleList
    Module: Dropout
dropout设置为训练模式
    Module: Dropout
dropout设置为训练模式
    Module: Dropout
dropout设置为训练模式
  Module: ReLU
test_loss: 0.0825
epoch 337
train_loss: 0.0938
Module: DropoutFullyConnectedNN
  Module: ModuleList
    Module: Linear
    Module: Linear
    Module: Linear
  Module: ModuleList
    Module: Dropout
dropout设置为训练模式
    Module: Dropout
dropout设置为训练模式
    Module: Dropout
dropout设置为训练模式
  Module: ReLU
test_loss: 0.0826
epoch 338
train_loss: 0.0943
Module: DropoutFullyConnectedNN
  Module: ModuleList
    Module: Linear
    Module: Linear
    Module: Linear
  Module: ModuleList
    Module: Dropout
dropout设置为训练模式
    Module: Dropout
dropout设置为训练模式
    Module: Dropout
dropout设置为训练模式
  Module: ReLU
test_loss: 0.0824
epoch 339
train_loss: 0.0937
Module: DropoutFullyConnectedNN
  Module: ModuleList
    Module: Linear
    Module: Linear
    Module: Linear
  Module: ModuleList
    Module: Dropout
dropout设置为训练模式
    Module: Dropout
dropout设置为训练模式
    Module: Dropout
dropout设置为训练模式
  Module: ReLU
test_loss: 0.0826
epoch 340
train_loss: 0.0938
Module: DropoutFullyConnectedNN
  Module: ModuleList
    Module: Linear
    Module: Linear
    Module: Linear
  Module: ModuleList
    Module: Dropout
dropout设置为训练模式
    Module: Dropout
dropout设置为训练模式
    Module: Dropout
dropout设置为训练模式
  Module: ReLU
test_loss: 0.0829
epoch 341
train_loss: 0.0948
Module: DropoutFullyConnectedNN
  Module: ModuleList
    Module: Linear
    Module: Linear
    Module: Linear
  Module: ModuleList
    Module: Dropout
dropout设置为训练模式
    Module: Dropout
dropout设置为训练模式
    Module: Dropout
dropout设置为训练模式
  Module: ReLU
test_loss: 0.0827
epoch 342
train_loss: 0.0927
Module: DropoutFullyConnectedNN
  Module: ModuleList
    Module: Linear
    Module: Linear
    Module: Linear
  Module: ModuleList
    Module: Dropout
dropout设置为训练模式
    Module: Dropout
dropout设置为训练模式
    Module: Dropout
dropout设置为训练模式
  Module: ReLU
test_loss: 0.0817
epoch 343
train_loss: 0.0936
Module: DropoutFullyConnectedNN
  Module: ModuleList
    Module: Linear
    Module: Linear
    Module: Linear
  Module: ModuleList
    Module: Dropout
dropout设置为训练模式
    Module: Dropout
dropout设置为训练模式
    Module: Dropout
dropout设置为训练模式
  Module: ReLU
test_loss: 0.0825
epoch 344
train_loss: 0.0945
Module: DropoutFullyConnectedNN
  Module: ModuleList
    Module: Linear
    Module: Linear
    Module: Linear
  Module: ModuleList
    Module: Dropout
dropout设置为训练模式
    Module: Dropout
dropout设置为训练模式
    Module: Dropout
dropout设置为训练模式
  Module: ReLU
test_loss: 0.0819
epoch 345
train_loss: 0.0944
Module: DropoutFullyConnectedNN
  Module: ModuleList
    Module: Linear
    Module: Linear
    Module: Linear
  Module: ModuleList
    Module: Dropout
dropout设置为训练模式
    Module: Dropout
dropout设置为训练模式
    Module: Dropout
dropout设置为训练模式
  Module: ReLU
test_loss: 0.0819
epoch 346
train_loss: 0.0955
Module: DropoutFullyConnectedNN
  Module: ModuleList
    Module: Linear
    Module: Linear
    Module: Linear
  Module: ModuleList
    Module: Dropout
dropout设置为训练模式
    Module: Dropout
dropout设置为训练模式
    Module: Dropout
dropout设置为训练模式
  Module: ReLU
test_loss: 0.0822
epoch 347
train_loss: 0.0944
Module: DropoutFullyConnectedNN
  Module: ModuleList
    Module: Linear
    Module: Linear
    Module: Linear
  Module: ModuleList
    Module: Dropout
dropout设置为训练模式
    Module: Dropout
dropout设置为训练模式
    Module: Dropout
dropout设置为训练模式
  Module: ReLU
test_loss: 0.0827
epoch 348
train_loss: 0.0931
Module: DropoutFullyConnectedNN
  Module: ModuleList
    Module: Linear
    Module: Linear
    Module: Linear
  Module: ModuleList
    Module: Dropout
dropout设置为训练模式
    Module: Dropout
dropout设置为训练模式
    Module: Dropout
dropout设置为训练模式
  Module: ReLU
test_loss: 0.0823
epoch 349
train_loss: 0.0956
Module: DropoutFullyConnectedNN
  Module: ModuleList
    Module: Linear
    Module: Linear
    Module: Linear
  Module: ModuleList
    Module: Dropout
dropout设置为训练模式
    Module: Dropout
dropout设置为训练模式
    Module: Dropout
dropout设置为训练模式
  Module: ReLU
test_loss: 0.0824
epoch 350
train_loss: 0.0957
Module: DropoutFullyConnectedNN
  Module: ModuleList
    Module: Linear
    Module: Linear
    Module: Linear
  Module: ModuleList
    Module: Dropout
dropout设置为训练模式
    Module: Dropout
dropout设置为训练模式
    Module: Dropout
dropout设置为训练模式
  Module: ReLU
test_loss: 0.0817
epoch 351
train_loss: 0.0921
Module: DropoutFullyConnectedNN
  Module: ModuleList
    Module: Linear
    Module: Linear
    Module: Linear
  Module: ModuleList
    Module: Dropout
dropout设置为训练模式
    Module: Dropout
dropout设置为训练模式
    Module: Dropout
dropout设置为训练模式
  Module: ReLU
test_loss: 0.0815
epoch 352
train_loss: 0.0943
Module: DropoutFullyConnectedNN
  Module: ModuleList
    Module: Linear
    Module: Linear
    Module: Linear
  Module: ModuleList
    Module: Dropout
dropout设置为训练模式
    Module: Dropout
dropout设置为训练模式
    Module: Dropout
dropout设置为训练模式
  Module: ReLU
test_loss: 0.0817
epoch 353
train_loss: 0.0944
Module: DropoutFullyConnectedNN
  Module: ModuleList
    Module: Linear
    Module: Linear
    Module: Linear
  Module: ModuleList
    Module: Dropout
dropout设置为训练模式
    Module: Dropout
dropout设置为训练模式
    Module: Dropout
dropout设置为训练模式
  Module: ReLU
test_loss: 0.0817
epoch 354
train_loss: 0.0924
Module: DropoutFullyConnectedNN
  Module: ModuleList
    Module: Linear
    Module: Linear
    Module: Linear
  Module: ModuleList
    Module: Dropout
dropout设置为训练模式
    Module: Dropout
dropout设置为训练模式
    Module: Dropout
dropout设置为训练模式
  Module: ReLU
test_loss: 0.0819
epoch 355
train_loss: 0.0913
Module: DropoutFullyConnectedNN
  Module: ModuleList
    Module: Linear
    Module: Linear
    Module: Linear
  Module: ModuleList
    Module: Dropout
dropout设置为训练模式
    Module: Dropout
dropout设置为训练模式
    Module: Dropout
dropout设置为训练模式
  Module: ReLU
test_loss: 0.0823
epoch 356
train_loss: 0.0946
Module: DropoutFullyConnectedNN
  Module: ModuleList
    Module: Linear
    Module: Linear
    Module: Linear
  Module: ModuleList
    Module: Dropout
dropout设置为训练模式
    Module: Dropout
dropout设置为训练模式
    Module: Dropout
dropout设置为训练模式
  Module: ReLU
test_loss: 0.0812
epoch 357
train_loss: 0.0913
Module: DropoutFullyConnectedNN
  Module: ModuleList
    Module: Linear
    Module: Linear
    Module: Linear
  Module: ModuleList
    Module: Dropout
dropout设置为训练模式
    Module: Dropout
dropout设置为训练模式
    Module: Dropout
dropout设置为训练模式
  Module: ReLU
test_loss: 0.0814
epoch 358
train_loss: 0.0958
Module: DropoutFullyConnectedNN
  Module: ModuleList
    Module: Linear
    Module: Linear
    Module: Linear
  Module: ModuleList
    Module: Dropout
dropout设置为训练模式
    Module: Dropout
dropout设置为训练模式
    Module: Dropout
dropout设置为训练模式
  Module: ReLU
test_loss: 0.0811
epoch 359
train_loss: 0.0939
Module: DropoutFullyConnectedNN
  Module: ModuleList
    Module: Linear
    Module: Linear
    Module: Linear
  Module: ModuleList
    Module: Dropout
dropout设置为训练模式
    Module: Dropout
dropout设置为训练模式
    Module: Dropout
dropout设置为训练模式
  Module: ReLU
test_loss: 0.0811
epoch 360
train_loss: 0.0936
Module: DropoutFullyConnectedNN
  Module: ModuleList
    Module: Linear
    Module: Linear
    Module: Linear
  Module: ModuleList
    Module: Dropout
dropout设置为训练模式
    Module: Dropout
dropout设置为训练模式
    Module: Dropout
dropout设置为训练模式
  Module: ReLU
test_loss: 0.0817
epoch 361
train_loss: 0.0947
Module: DropoutFullyConnectedNN
  Module: ModuleList
    Module: Linear
    Module: Linear
    Module: Linear
  Module: ModuleList
    Module: Dropout
dropout设置为训练模式
    Module: Dropout
dropout设置为训练模式
    Module: Dropout
dropout设置为训练模式
  Module: ReLU
test_loss: 0.0812
epoch 362
train_loss: 0.0916
Module: DropoutFullyConnectedNN
  Module: ModuleList
    Module: Linear
    Module: Linear
    Module: Linear
  Module: ModuleList
    Module: Dropout
dropout设置为训练模式
    Module: Dropout
dropout设置为训练模式
    Module: Dropout
dropout设置为训练模式
  Module: ReLU
test_loss: 0.0809
epoch 363
train_loss: 0.0910
Module: DropoutFullyConnectedNN
  Module: ModuleList
    Module: Linear
    Module: Linear
    Module: Linear
  Module: ModuleList
    Module: Dropout
dropout设置为训练模式
    Module: Dropout
dropout设置为训练模式
    Module: Dropout
dropout设置为训练模式
  Module: ReLU
test_loss: 0.0814
epoch 364
train_loss: 0.0943
Module: DropoutFullyConnectedNN
  Module: ModuleList
    Module: Linear
    Module: Linear
    Module: Linear
  Module: ModuleList
    Module: Dropout
dropout设置为训练模式
    Module: Dropout
dropout设置为训练模式
    Module: Dropout
dropout设置为训练模式
  Module: ReLU
test_loss: 0.0818
epoch 365
train_loss: 0.0938
Module: DropoutFullyConnectedNN
  Module: ModuleList
    Module: Linear
    Module: Linear
    Module: Linear
  Module: ModuleList
    Module: Dropout
dropout设置为训练模式
    Module: Dropout
dropout设置为训练模式
    Module: Dropout
dropout设置为训练模式
  Module: ReLU
test_loss: 0.0817
epoch 366
train_loss: 0.0938
Module: DropoutFullyConnectedNN
  Module: ModuleList
    Module: Linear
    Module: Linear
    Module: Linear
  Module: ModuleList
    Module: Dropout
dropout设置为训练模式
    Module: Dropout
dropout设置为训练模式
    Module: Dropout
dropout设置为训练模式
  Module: ReLU
test_loss: 0.0814
epoch 367
train_loss: 0.0926
Module: DropoutFullyConnectedNN
  Module: ModuleList
    Module: Linear
    Module: Linear
    Module: Linear
  Module: ModuleList
    Module: Dropout
dropout设置为训练模式
    Module: Dropout
dropout设置为训练模式
    Module: Dropout
dropout设置为训练模式
  Module: ReLU
test_loss: 0.0813
epoch 368
train_loss: 0.0942
Module: DropoutFullyConnectedNN
  Module: ModuleList
    Module: Linear
    Module: Linear
    Module: Linear
  Module: ModuleList
    Module: Dropout
dropout设置为训练模式
    Module: Dropout
dropout设置为训练模式
    Module: Dropout
dropout设置为训练模式
  Module: ReLU
test_loss: 0.0816
epoch 369
train_loss: 0.0930
Module: DropoutFullyConnectedNN
  Module: ModuleList
    Module: Linear
    Module: Linear
    Module: Linear
  Module: ModuleList
    Module: Dropout
dropout设置为训练模式
    Module: Dropout
dropout设置为训练模式
    Module: Dropout
dropout设置为训练模式
  Module: ReLU
test_loss: 0.0816
epoch 370
train_loss: 0.0948
Module: DropoutFullyConnectedNN
  Module: ModuleList
    Module: Linear
    Module: Linear
    Module: Linear
  Module: ModuleList
    Module: Dropout
dropout设置为训练模式
    Module: Dropout
dropout设置为训练模式
    Module: Dropout
dropout设置为训练模式
  Module: ReLU
test_loss: 0.0813
epoch 371
train_loss: 0.0943
Module: DropoutFullyConnectedNN
  Module: ModuleList
    Module: Linear
    Module: Linear
    Module: Linear
  Module: ModuleList
    Module: Dropout
dropout设置为训练模式
    Module: Dropout
dropout设置为训练模式
    Module: Dropout
dropout设置为训练模式
  Module: ReLU
test_loss: 0.0815
epoch 372
train_loss: 0.0922
Module: DropoutFullyConnectedNN
  Module: ModuleList
    Module: Linear
    Module: Linear
    Module: Linear
  Module: ModuleList
    Module: Dropout
dropout设置为训练模式
    Module: Dropout
dropout设置为训练模式
    Module: Dropout
dropout设置为训练模式
  Module: ReLU
test_loss: 0.0814
epoch 373
train_loss: 0.0921
Module: DropoutFullyConnectedNN
  Module: ModuleList
    Module: Linear
    Module: Linear
    Module: Linear
  Module: ModuleList
    Module: Dropout
dropout设置为训练模式
    Module: Dropout
dropout设置为训练模式
    Module: Dropout
dropout设置为训练模式
  Module: ReLU
test_loss: 0.0813
epoch 374
train_loss: 0.0912
Module: DropoutFullyConnectedNN
  Module: ModuleList
    Module: Linear
    Module: Linear
    Module: Linear
  Module: ModuleList
    Module: Dropout
dropout设置为训练模式
    Module: Dropout
dropout设置为训练模式
    Module: Dropout
dropout设置为训练模式
  Module: ReLU
test_loss: 0.0808
epoch 375
train_loss: 0.0900
Module: DropoutFullyConnectedNN
  Module: ModuleList
    Module: Linear
    Module: Linear
    Module: Linear
  Module: ModuleList
    Module: Dropout
dropout设置为训练模式
    Module: Dropout
dropout设置为训练模式
    Module: Dropout
dropout设置为训练模式
  Module: ReLU
test_loss: 0.0812
epoch 376
train_loss: 0.0925
Module: DropoutFullyConnectedNN
  Module: ModuleList
    Module: Linear
    Module: Linear
    Module: Linear
  Module: ModuleList
    Module: Dropout
dropout设置为训练模式
    Module: Dropout
dropout设置为训练模式
    Module: Dropout
dropout设置为训练模式
  Module: ReLU
test_loss: 0.0814
epoch 377
train_loss: 0.0919
Module: DropoutFullyConnectedNN
  Module: ModuleList
    Module: Linear
    Module: Linear
    Module: Linear
  Module: ModuleList
    Module: Dropout
dropout设置为训练模式
    Module: Dropout
dropout设置为训练模式
    Module: Dropout
dropout设置为训练模式
  Module: ReLU
test_loss: 0.0809
epoch 378
train_loss: 0.0907
Module: DropoutFullyConnectedNN
  Module: ModuleList
    Module: Linear
    Module: Linear
    Module: Linear
  Module: ModuleList
    Module: Dropout
dropout设置为训练模式
    Module: Dropout
dropout设置为训练模式
    Module: Dropout
dropout设置为训练模式
  Module: ReLU
test_loss: 0.0815
epoch 379
train_loss: 0.0892
Module: DropoutFullyConnectedNN
  Module: ModuleList
    Module: Linear
    Module: Linear
    Module: Linear
  Module: ModuleList
    Module: Dropout
dropout设置为训练模式
    Module: Dropout
dropout设置为训练模式
    Module: Dropout
dropout设置为训练模式
  Module: ReLU
test_loss: 0.0807
epoch 380
train_loss: 0.0907
Module: DropoutFullyConnectedNN
  Module: ModuleList
    Module: Linear
    Module: Linear
    Module: Linear
  Module: ModuleList
    Module: Dropout
dropout设置为训练模式
    Module: Dropout
dropout设置为训练模式
    Module: Dropout
dropout设置为训练模式
  Module: ReLU
test_loss: 0.0809
epoch 381
train_loss: 0.0915
Module: DropoutFullyConnectedNN
  Module: ModuleList
    Module: Linear
    Module: Linear
    Module: Linear
  Module: ModuleList
    Module: Dropout
dropout设置为训练模式
    Module: Dropout
dropout设置为训练模式
    Module: Dropout
dropout设置为训练模式
  Module: ReLU
test_loss: 0.0805
epoch 382
train_loss: 0.0932
Module: DropoutFullyConnectedNN
  Module: ModuleList
    Module: Linear
    Module: Linear
    Module: Linear
  Module: ModuleList
    Module: Dropout
dropout设置为训练模式
    Module: Dropout
dropout设置为训练模式
    Module: Dropout
dropout设置为训练模式
  Module: ReLU
test_loss: 0.0806
epoch 383
train_loss: 0.0925
Module: DropoutFullyConnectedNN
  Module: ModuleList
    Module: Linear
    Module: Linear
    Module: Linear
  Module: ModuleList
    Module: Dropout
dropout设置为训练模式
    Module: Dropout
dropout设置为训练模式
    Module: Dropout
dropout设置为训练模式
  Module: ReLU
test_loss: 0.0810
epoch 384
train_loss: 0.0917
Module: DropoutFullyConnectedNN
  Module: ModuleList
    Module: Linear
    Module: Linear
    Module: Linear
  Module: ModuleList
    Module: Dropout
dropout设置为训练模式
    Module: Dropout
dropout设置为训练模式
    Module: Dropout
dropout设置为训练模式
  Module: ReLU
test_loss: 0.0819
epoch 385
train_loss: 0.0897
Module: DropoutFullyConnectedNN
  Module: ModuleList
    Module: Linear
    Module: Linear
    Module: Linear
  Module: ModuleList
    Module: Dropout
dropout设置为训练模式
    Module: Dropout
dropout设置为训练模式
    Module: Dropout
dropout设置为训练模式
  Module: ReLU
test_loss: 0.0810
epoch 386
train_loss: 0.0930
Module: DropoutFullyConnectedNN
  Module: ModuleList
    Module: Linear
    Module: Linear
    Module: Linear
  Module: ModuleList
    Module: Dropout
dropout设置为训练模式
    Module: Dropout
dropout设置为训练模式
    Module: Dropout
dropout设置为训练模式
  Module: ReLU
test_loss: 0.0807
epoch 387
train_loss: 0.0935
Module: DropoutFullyConnectedNN
  Module: ModuleList
    Module: Linear
    Module: Linear
    Module: Linear
  Module: ModuleList
    Module: Dropout
dropout设置为训练模式
    Module: Dropout
dropout设置为训练模式
    Module: Dropout
dropout设置为训练模式
  Module: ReLU
test_loss: 0.0804
epoch 388
train_loss: 0.0926
Module: DropoutFullyConnectedNN
  Module: ModuleList
    Module: Linear
    Module: Linear
    Module: Linear
  Module: ModuleList
    Module: Dropout
dropout设置为训练模式
    Module: Dropout
dropout设置为训练模式
    Module: Dropout
dropout设置为训练模式
  Module: ReLU
test_loss: 0.0805
epoch 389
train_loss: 0.0922
Module: DropoutFullyConnectedNN
  Module: ModuleList
    Module: Linear
    Module: Linear
    Module: Linear
  Module: ModuleList
    Module: Dropout
dropout设置为训练模式
    Module: Dropout
dropout设置为训练模式
    Module: Dropout
dropout设置为训练模式
  Module: ReLU
test_loss: 0.0806
epoch 390
train_loss: 0.0933
Module: DropoutFullyConnectedNN
  Module: ModuleList
    Module: Linear
    Module: Linear
    Module: Linear
  Module: ModuleList
    Module: Dropout
dropout设置为训练模式
    Module: Dropout
dropout设置为训练模式
    Module: Dropout
dropout设置为训练模式
  Module: ReLU
test_loss: 0.0810
epoch 391
train_loss: 0.0895
Module: DropoutFullyConnectedNN
  Module: ModuleList
    Module: Linear
    Module: Linear
    Module: Linear
  Module: ModuleList
    Module: Dropout
dropout设置为训练模式
    Module: Dropout
dropout设置为训练模式
    Module: Dropout
dropout设置为训练模式
  Module: ReLU
test_loss: 0.0804
epoch 392
train_loss: 0.0912
Module: DropoutFullyConnectedNN
  Module: ModuleList
    Module: Linear
    Module: Linear
    Module: Linear
  Module: ModuleList
    Module: Dropout
dropout设置为训练模式
    Module: Dropout
dropout设置为训练模式
    Module: Dropout
dropout设置为训练模式
  Module: ReLU
test_loss: 0.0810
epoch 393
train_loss: 0.0912
Module: DropoutFullyConnectedNN
  Module: ModuleList
    Module: Linear
    Module: Linear
    Module: Linear
  Module: ModuleList
    Module: Dropout
dropout设置为训练模式
    Module: Dropout
dropout设置为训练模式
    Module: Dropout
dropout设置为训练模式
  Module: ReLU
test_loss: 0.0802
epoch 394
train_loss: 0.0895
Module: DropoutFullyConnectedNN
  Module: ModuleList
    Module: Linear
    Module: Linear
    Module: Linear
  Module: ModuleList
    Module: Dropout
dropout设置为训练模式
    Module: Dropout
dropout设置为训练模式
    Module: Dropout
dropout设置为训练模式
  Module: ReLU
test_loss: 0.0808
epoch 395
train_loss: 0.0924
Module: DropoutFullyConnectedNN
  Module: ModuleList
    Module: Linear
    Module: Linear
    Module: Linear
  Module: ModuleList
    Module: Dropout
dropout设置为训练模式
    Module: Dropout
dropout设置为训练模式
    Module: Dropout
dropout设置为训练模式
  Module: ReLU
test_loss: 0.0804
epoch 396
train_loss: 0.0929
Module: DropoutFullyConnectedNN
  Module: ModuleList
    Module: Linear
    Module: Linear
    Module: Linear
  Module: ModuleList
    Module: Dropout
dropout设置为训练模式
    Module: Dropout
dropout设置为训练模式
    Module: Dropout
dropout设置为训练模式
  Module: ReLU
test_loss: 0.0809
epoch 397
train_loss: 0.0907
Module: DropoutFullyConnectedNN
  Module: ModuleList
    Module: Linear
    Module: Linear
    Module: Linear
  Module: ModuleList
    Module: Dropout
dropout设置为训练模式
    Module: Dropout
dropout设置为训练模式
    Module: Dropout
dropout设置为训练模式
  Module: ReLU
test_loss: 0.0805
epoch 398
train_loss: 0.0924
Module: DropoutFullyConnectedNN
  Module: ModuleList
    Module: Linear
    Module: Linear
    Module: Linear
  Module: ModuleList
    Module: Dropout
dropout设置为训练模式
    Module: Dropout
dropout设置为训练模式
    Module: Dropout
dropout设置为训练模式
  Module: ReLU
test_loss: 0.0810
epoch 399
train_loss: 0.0924
Module: DropoutFullyConnectedNN
  Module: ModuleList
    Module: Linear
    Module: Linear
    Module: Linear
  Module: ModuleList
    Module: Dropout
dropout设置为训练模式
    Module: Dropout
dropout设置为训练模式
    Module: Dropout
dropout设置为训练模式
  Module: ReLU
test_loss: 0.0803
epoch 400
train_loss: 0.0917
Module: DropoutFullyConnectedNN
  Module: ModuleList
    Module: Linear
    Module: Linear
    Module: Linear
  Module: ModuleList
    Module: Dropout
dropout设置为训练模式
    Module: Dropout
dropout设置为训练模式
    Module: Dropout
dropout设置为训练模式
  Module: ReLU
test_loss: 0.0801
epoch 401
train_loss: 0.0908
Module: DropoutFullyConnectedNN
  Module: ModuleList
    Module: Linear
    Module: Linear
    Module: Linear
  Module: ModuleList
    Module: Dropout
dropout设置为训练模式
    Module: Dropout
dropout设置为训练模式
    Module: Dropout
dropout设置为训练模式
  Module: ReLU
test_loss: 0.0806
epoch 402
train_loss: 0.0926
Module: DropoutFullyConnectedNN
  Module: ModuleList
    Module: Linear
    Module: Linear
    Module: Linear
  Module: ModuleList
    Module: Dropout
dropout设置为训练模式
    Module: Dropout
dropout设置为训练模式
    Module: Dropout
dropout设置为训练模式
  Module: ReLU
test_loss: 0.0805
epoch 403
train_loss: 0.0897
Module: DropoutFullyConnectedNN
  Module: ModuleList
    Module: Linear
    Module: Linear
    Module: Linear
  Module: ModuleList
    Module: Dropout
dropout设置为训练模式
    Module: Dropout
dropout设置为训练模式
    Module: Dropout
dropout设置为训练模式
  Module: ReLU
test_loss: 0.0807
epoch 404
train_loss: 0.0914
Module: DropoutFullyConnectedNN
  Module: ModuleList
    Module: Linear
    Module: Linear
    Module: Linear
  Module: ModuleList
    Module: Dropout
dropout设置为训练模式
    Module: Dropout
dropout设置为训练模式
    Module: Dropout
dropout设置为训练模式
  Module: ReLU
test_loss: 0.0806
epoch 405
train_loss: 0.0912
Module: DropoutFullyConnectedNN
  Module: ModuleList
    Module: Linear
    Module: Linear
    Module: Linear
  Module: ModuleList
    Module: Dropout
dropout设置为训练模式
    Module: Dropout
dropout设置为训练模式
    Module: Dropout
dropout设置为训练模式
  Module: ReLU
test_loss: 0.0803
epoch 406
train_loss: 0.0897
Module: DropoutFullyConnectedNN
  Module: ModuleList
    Module: Linear
    Module: Linear
    Module: Linear
  Module: ModuleList
    Module: Dropout
dropout设置为训练模式
    Module: Dropout
dropout设置为训练模式
    Module: Dropout
dropout设置为训练模式
  Module: ReLU
test_loss: 0.0803
epoch 407
train_loss: 0.0907
Module: DropoutFullyConnectedNN
  Module: ModuleList
    Module: Linear
    Module: Linear
    Module: Linear
  Module: ModuleList
    Module: Dropout
dropout设置为训练模式
    Module: Dropout
dropout设置为训练模式
    Module: Dropout
dropout设置为训练模式
  Module: ReLU
test_loss: 0.0805
epoch 408
train_loss: 0.0919
Module: DropoutFullyConnectedNN
  Module: ModuleList
    Module: Linear
    Module: Linear
    Module: Linear
  Module: ModuleList
    Module: Dropout
dropout设置为训练模式
    Module: Dropout
dropout设置为训练模式
    Module: Dropout
dropout设置为训练模式
  Module: ReLU
test_loss: 0.0802
epoch 409
train_loss: 0.0913
Module: DropoutFullyConnectedNN
  Module: ModuleList
    Module: Linear
    Module: Linear
    Module: Linear
  Module: ModuleList
    Module: Dropout
dropout设置为训练模式
    Module: Dropout
dropout设置为训练模式
    Module: Dropout
dropout设置为训练模式
  Module: ReLU
test_loss: 0.0798
epoch 410
train_loss: 0.0899
Module: DropoutFullyConnectedNN
  Module: ModuleList
    Module: Linear
    Module: Linear
    Module: Linear
  Module: ModuleList
    Module: Dropout
dropout设置为训练模式
    Module: Dropout
dropout设置为训练模式
    Module: Dropout
dropout设置为训练模式
  Module: ReLU
test_loss: 0.0797
epoch 411
train_loss: 0.0908
Module: DropoutFullyConnectedNN
  Module: ModuleList
    Module: Linear
    Module: Linear
    Module: Linear
  Module: ModuleList
    Module: Dropout
dropout设置为训练模式
    Module: Dropout
dropout设置为训练模式
    Module: Dropout
dropout设置为训练模式
  Module: ReLU
test_loss: 0.0799
epoch 412
train_loss: 0.0914
Module: DropoutFullyConnectedNN
  Module: ModuleList
    Module: Linear
    Module: Linear
    Module: Linear
  Module: ModuleList
    Module: Dropout
dropout设置为训练模式
    Module: Dropout
dropout设置为训练模式
    Module: Dropout
dropout设置为训练模式
  Module: ReLU
test_loss: 0.0798
epoch 413
train_loss: 0.0889
Module: DropoutFullyConnectedNN
  Module: ModuleList
    Module: Linear
    Module: Linear
    Module: Linear
  Module: ModuleList
    Module: Dropout
dropout设置为训练模式
    Module: Dropout
dropout设置为训练模式
    Module: Dropout
dropout设置为训练模式
  Module: ReLU
test_loss: 0.0793
epoch 414
train_loss: 0.0914
Module: DropoutFullyConnectedNN
  Module: ModuleList
    Module: Linear
    Module: Linear
    Module: Linear
  Module: ModuleList
    Module: Dropout
dropout设置为训练模式
    Module: Dropout
dropout设置为训练模式
    Module: Dropout
dropout设置为训练模式
  Module: ReLU
test_loss: 0.0798
epoch 415
train_loss: 0.0889
Module: DropoutFullyConnectedNN
  Module: ModuleList
    Module: Linear
    Module: Linear
    Module: Linear
  Module: ModuleList
    Module: Dropout
dropout设置为训练模式
    Module: Dropout
dropout设置为训练模式
    Module: Dropout
dropout设置为训练模式
  Module: ReLU
test_loss: 0.0798
epoch 416
train_loss: 0.0873
Module: DropoutFullyConnectedNN
  Module: ModuleList
    Module: Linear
    Module: Linear
    Module: Linear
  Module: ModuleList
    Module: Dropout
dropout设置为训练模式
    Module: Dropout
dropout设置为训练模式
    Module: Dropout
dropout设置为训练模式
  Module: ReLU
test_loss: 0.0796
epoch 417
train_loss: 0.0907
Module: DropoutFullyConnectedNN
  Module: ModuleList
    Module: Linear
    Module: Linear
    Module: Linear
  Module: ModuleList
    Module: Dropout
dropout设置为训练模式
    Module: Dropout
dropout设置为训练模式
    Module: Dropout
dropout设置为训练模式
  Module: ReLU
test_loss: 0.0797
epoch 418
train_loss: 0.0882
Module: DropoutFullyConnectedNN
  Module: ModuleList
    Module: Linear
    Module: Linear
    Module: Linear
  Module: ModuleList
    Module: Dropout
dropout设置为训练模式
    Module: Dropout
dropout设置为训练模式
    Module: Dropout
dropout设置为训练模式
  Module: ReLU
test_loss: 0.0791
epoch 419
train_loss: 0.0912
Module: DropoutFullyConnectedNN
  Module: ModuleList
    Module: Linear
    Module: Linear
    Module: Linear
  Module: ModuleList
    Module: Dropout
dropout设置为训练模式
    Module: Dropout
dropout设置为训练模式
    Module: Dropout
dropout设置为训练模式
  Module: ReLU
test_loss: 0.0796
/home/xueqiong/noise_injection_uncertainty/regression/utils.py:39: FutureWarning: The 'delim_whitespace' keyword in pd.read_csv is deprecated and will be removed in a future version. Use ``sep='\s+'`` instead
  return pd.read_csv(dataset_path, engine='python', header=None, delim_whitespace=True)
8 1
6554 1638 8192
model_name fixnoiseFCN
using Adam as optimizer
epoch 0
train_loss: 0.9267
test_loss: 0.8294
epoch 1
train_loss: 0.7256
test_loss: 0.6455
epoch 2
train_loss: 0.5788
test_loss: 0.5438
epoch 3
train_loss: 0.5094
test_loss: 0.5003
epoch 4
train_loss: 0.4733
test_loss: 0.4690
epoch 5
train_loss: 0.4430
test_loss: 0.4416
epoch 6
train_loss: 0.4184
test_loss: 0.4184
epoch 7
train_loss: 0.3958
test_loss: 0.3983
epoch 8
train_loss: 0.3777
test_loss: 0.3808
epoch 9
train_loss: 0.3601
test_loss: 0.3653
epoch 10
train_loss: 0.3434
test_loss: 0.3504
epoch 11
train_loss: 0.3302
test_loss: 0.3372
epoch 12
train_loss: 0.3168
test_loss: 0.3248
epoch 13
train_loss: 0.3047
test_loss: 0.3132
epoch 14
train_loss: 0.2937
test_loss: 0.3018
epoch 15
train_loss: 0.2823
test_loss: 0.2914
epoch 16
train_loss: 0.2753
test_loss: 0.2818
epoch 17
train_loss: 0.2658
test_loss: 0.2727
epoch 18
train_loss: 0.2569
test_loss: 0.2643
epoch 19
train_loss: 0.2505
test_loss: 0.2560
epoch 20
train_loss: 0.2418
test_loss: 0.2485
epoch 21
train_loss: 0.2347
test_loss: 0.2418
epoch 22
train_loss: 0.2303
test_loss: 0.2353
epoch 23
train_loss: 0.2243
test_loss: 0.2295
epoch 24
train_loss: 0.2220
test_loss: 0.2241
epoch 25
train_loss: 0.2133
test_loss: 0.2191
epoch 26
train_loss: 0.2094
test_loss: 0.2144
epoch 27
train_loss: 0.2050
test_loss: 0.2097
epoch 28
train_loss: 0.2020
test_loss: 0.2061
epoch 29
train_loss: 0.1983
test_loss: 0.2020
epoch 30
train_loss: 0.1968
test_loss: 0.1981
epoch 31
train_loss: 0.1928
test_loss: 0.1944
epoch 32
train_loss: 0.1877
test_loss: 0.1915
epoch 33
train_loss: 0.1882
test_loss: 0.1882
epoch 34
train_loss: 0.1843
test_loss: 0.1857
epoch 35
train_loss: 0.1821
test_loss: 0.1833
epoch 36
train_loss: 0.1801
test_loss: 0.1802
epoch 37
train_loss: 0.1762
test_loss: 0.1778
epoch 38
train_loss: 0.1726
test_loss: 0.1755
epoch 39
train_loss: 0.1749
test_loss: 0.1740
epoch 40
train_loss: 0.1723
test_loss: 0.1704
epoch 41
train_loss: 0.1699
test_loss: 0.1688
epoch 42
train_loss: 0.1678
test_loss: 0.1662
epoch 43
train_loss: 0.1660
test_loss: 0.1641
epoch 44
train_loss: 0.1616
test_loss: 0.1621
epoch 45
train_loss: 0.1617
test_loss: 0.1607
epoch 46
train_loss: 0.1590
test_loss: 0.1583
epoch 47
train_loss: 0.1598
test_loss: 0.1568
epoch 48
train_loss: 0.1559
test_loss: 0.1552
epoch 49
train_loss: 0.1574
test_loss: 0.1541
epoch 50
train_loss: 0.1543
test_loss: 0.1516
epoch 51
train_loss: 0.1526
test_loss: 0.1509
epoch 52
train_loss: 0.1522
test_loss: 0.1484
epoch 53
train_loss: 0.1508
test_loss: 0.1471
epoch 54
train_loss: 0.1492
test_loss: 0.1457
epoch 55
train_loss: 0.1499
test_loss: 0.1441
epoch 56
train_loss: 0.1475
test_loss: 0.1433
epoch 57
train_loss: 0.1449
test_loss: 0.1413
epoch 58
train_loss: 0.1444
test_loss: 0.1400
epoch 59
train_loss: 0.1425
test_loss: 0.1406
epoch 60
train_loss: 0.1420
test_loss: 0.1381
epoch 61
train_loss: 0.1404
test_loss: 0.1365
epoch 62
train_loss: 0.1392
test_loss: 0.1351
epoch 63
train_loss: 0.1398
test_loss: 0.1343
epoch 64
train_loss: 0.1371
test_loss: 0.1333
epoch 65
train_loss: 0.1391
test_loss: 0.1331
epoch 66
train_loss: 0.1376
test_loss: 0.1313
epoch 67
train_loss: 0.1349
test_loss: 0.1312
epoch 68
train_loss: 0.1339
test_loss: 0.1292
epoch 69
train_loss: 0.1328
test_loss: 0.1290
epoch 70
train_loss: 0.1326
test_loss: 0.1277
epoch 71
train_loss: 0.1301
test_loss: 0.1266
epoch 72
train_loss: 0.1316
test_loss: 0.1256
epoch 73
train_loss: 0.1298
test_loss: 0.1254
epoch 74
train_loss: 0.1290
test_loss: 0.1242
epoch 75
train_loss: 0.1282
test_loss: 0.1234
epoch 76
train_loss: 0.1279
test_loss: 0.1225
epoch 77
train_loss: 0.1263
test_loss: 0.1229
epoch 78
train_loss: 0.1260
test_loss: 0.1202
epoch 79
train_loss: 0.1259
test_loss: 0.1199
epoch 80
train_loss: 0.1239
test_loss: 0.1203
epoch 81
train_loss: 0.1225
test_loss: 0.1181
epoch 82
train_loss: 0.1230
test_loss: 0.1176
epoch 83
train_loss: 0.1223
test_loss: 0.1172
epoch 84
train_loss: 0.1237
test_loss: 0.1156
epoch 85
train_loss: 0.1209
test_loss: 0.1149
epoch 86
train_loss: 0.1206
test_loss: 0.1146
epoch 87
train_loss: 0.1214
test_loss: 0.1145
epoch 88
train_loss: 0.1191
test_loss: 0.1166
epoch 89
train_loss: 0.1186
test_loss: 0.1127
epoch 90
train_loss: 0.1172
test_loss: 0.1126
epoch 91
train_loss: 0.1179
test_loss: 0.1119
epoch 92
train_loss: 0.1170
test_loss: 0.1119
epoch 93
train_loss: 0.1168
test_loss: 0.1113
epoch 94
train_loss: 0.1167
test_loss: 0.1097
epoch 95
train_loss: 0.1144
test_loss: 0.1087
epoch 96
train_loss: 0.1127
test_loss: 0.1088
epoch 97
train_loss: 0.1137
test_loss: 0.1084
epoch 98
train_loss: 0.1115
test_loss: 0.1092
epoch 99
train_loss: 0.1144
test_loss: 0.1075
epoch 100
train_loss: 0.1132
test_loss: 0.1071
epoch 101
train_loss: 0.1145
test_loss: 0.1064
epoch 102
train_loss: 0.1111
test_loss: 0.1053
epoch 103
train_loss: 0.1100
test_loss: 0.1043
epoch 104
train_loss: 0.1113
test_loss: 0.1061
epoch 105
train_loss: 0.1119
test_loss: 0.1035
epoch 106
train_loss: 0.1100
test_loss: 0.1033
epoch 107
train_loss: 0.1080
test_loss: 0.1035
epoch 108
train_loss: 0.1098
test_loss: 0.1028
epoch 109
train_loss: 0.1100
test_loss: 0.1021
epoch 110
train_loss: 0.1094
test_loss: 0.1023
epoch 111
train_loss: 0.1085
test_loss: 0.1015
epoch 112
train_loss: 0.1087
test_loss: 0.1028
epoch 113
train_loss: 0.1057
test_loss: 0.1009
epoch 114
train_loss: 0.1062
test_loss: 0.1008
epoch 115
train_loss: 0.1061
test_loss: 0.0998
epoch 116
train_loss: 0.1054
test_loss: 0.0992
epoch 117
train_loss: 0.1069
test_loss: 0.1002
epoch 118
train_loss: 0.1049
test_loss: 0.0988
epoch 119
train_loss: 0.1047
test_loss: 0.0996
epoch 120
train_loss: 0.1044
test_loss: 0.0981
epoch 121
train_loss: 0.1072
test_loss: 0.0979
epoch 122
train_loss: 0.1044
test_loss: 0.0972
epoch 123
train_loss: 0.1038
test_loss: 0.0969
epoch 124
train_loss: 0.1042
test_loss: 0.0961
epoch 125
train_loss: 0.1038
test_loss: 0.0966
epoch 126
train_loss: 0.1027
test_loss: 0.0962
epoch 127
train_loss: 0.1025
test_loss: 0.0950
epoch 128
train_loss: 0.1030
test_loss: 0.0950
epoch 129
train_loss: 0.1008
test_loss: 0.0949
epoch 130
train_loss: 0.1007
test_loss: 0.0947
epoch 131
train_loss: 0.1009
test_loss: 0.0948
epoch 132
train_loss: 0.1007
test_loss: 0.0941
epoch 133
train_loss: 0.1008
test_loss: 0.0941
epoch 134
train_loss: 0.1010
test_loss: 0.0935
epoch 135
train_loss: 0.0986
test_loss: 0.0926
epoch 136
train_loss: 0.0998
test_loss: 0.0928
epoch 137
train_loss: 0.0988
test_loss: 0.0923
epoch 138
train_loss: 0.0985
test_loss: 0.0924
epoch 139
train_loss: 0.0992
test_loss: 0.0923
epoch 140
train_loss: 0.0979
test_loss: 0.0922
epoch 141
train_loss: 0.1011
test_loss: 0.0917
epoch 142
train_loss: 0.0982
test_loss: 0.0914
epoch 143
train_loss: 0.0983
test_loss: 0.0909
epoch 144
train_loss: 0.0971
test_loss: 0.0908
epoch 145
train_loss: 0.0980
test_loss: 0.0902
epoch 146
train_loss: 0.0999
test_loss: 0.0900
epoch 147
train_loss: 0.0972
test_loss: 0.0909
epoch 148
train_loss: 0.0981
test_loss: 0.0899
epoch 149
train_loss: 0.0968
test_loss: 0.0905
epoch 150
train_loss: 0.0993
test_loss: 0.0893
epoch 151
train_loss: 0.0988
test_loss: 0.0893
epoch 152
train_loss: 0.0971
test_loss: 0.0897
epoch 153
train_loss: 0.0963
test_loss: 0.0893
epoch 154
train_loss: 0.0948
test_loss: 0.0887
epoch 155
train_loss: 0.0960
test_loss: 0.0884
epoch 156
train_loss: 0.0968
test_loss: 0.0879
epoch 157
train_loss: 0.0964
test_loss: 0.0881
epoch 158
train_loss: 0.0956
test_loss: 0.0882
epoch 159
train_loss: 0.0966
test_loss: 0.0880
epoch 160
train_loss: 0.0952
test_loss: 0.0872
epoch 161
train_loss: 0.0927
test_loss: 0.0879
epoch 162
train_loss: 0.0940
test_loss: 0.0872
epoch 163
train_loss: 0.0925
test_loss: 0.0872
epoch 164
train_loss: 0.0970
test_loss: 0.0865
epoch 165
train_loss: 0.0931
test_loss: 0.0881
epoch 166
train_loss: 0.0921
test_loss: 0.0864
epoch 167
train_loss: 0.0953
test_loss: 0.0866
epoch 168
train_loss: 0.0927
test_loss: 0.0863
epoch 169
train_loss: 0.0948
test_loss: 0.0861
epoch 170
train_loss: 0.0947
test_loss: 0.0862
epoch 171
train_loss: 0.0921
test_loss: 0.0861
epoch 172
train_loss: 0.0936
test_loss: 0.0862
epoch 173
train_loss: 0.0922
test_loss: 0.0863
epoch 174
train_loss: 0.0920
test_loss: 0.0850
epoch 175
train_loss: 0.0912
test_loss: 0.0852
epoch 176
train_loss: 0.0910
test_loss: 0.0848
epoch 177
train_loss: 0.0926
test_loss: 0.0848
epoch 178
train_loss: 0.0914
test_loss: 0.0849
epoch 179
train_loss: 0.0925
test_loss: 0.0837
epoch 180
train_loss: 0.0914
test_loss: 0.0842
epoch 181
train_loss: 0.0931
test_loss: 0.0843
epoch 182
train_loss: 0.0904
test_loss: 0.0842
epoch 183
train_loss: 0.0920
test_loss: 0.0844
epoch 184
train_loss: 0.0896
test_loss: 0.0840
epoch 185
train_loss: 0.0914
test_loss: 0.0834
epoch 186
train_loss: 0.0910
test_loss: 0.0832
epoch 187
train_loss: 0.0934
test_loss: 0.0833
epoch 188
train_loss: 0.0899
test_loss: 0.0843
epoch 189
train_loss: 0.0910
test_loss: 0.0843
epoch 190
train_loss: 0.0902
test_loss: 0.0829
epoch 191
train_loss: 0.0889
test_loss: 0.0828
epoch 192
train_loss: 0.0896
test_loss: 0.0835
epoch 193
train_loss: 0.0888
test_loss: 0.0829
epoch 194
train_loss: 0.0893
test_loss: 0.0826
epoch 195
train_loss: 0.0899
test_loss: 0.0823
epoch 196
train_loss: 0.0899
test_loss: 0.0827
epoch 197
train_loss: 0.0902
test_loss: 0.0824
epoch 198
train_loss: 0.0885
test_loss: 0.0822
epoch 199
train_loss: 0.0883
test_loss: 0.0823
epoch 200
train_loss: 0.0916
test_loss: 0.0816
epoch 201
train_loss: 0.0876
test_loss: 0.0814
epoch 202
train_loss: 0.0878
test_loss: 0.0820
epoch 203
train_loss: 0.0883
test_loss: 0.0824
epoch 204
train_loss: 0.0900
test_loss: 0.0816
epoch 205
train_loss: 0.0901
test_loss: 0.0816
epoch 206
train_loss: 0.0880
test_loss: 0.0816
epoch 207
train_loss: 0.0874
test_loss: 0.0810
epoch 208
train_loss: 0.0879
test_loss: 0.0816
epoch 209
train_loss: 0.0886
test_loss: 0.0813
epoch 210
train_loss: 0.0887
test_loss: 0.0813
epoch 211
train_loss: 0.0864
test_loss: 0.0809
epoch 212
train_loss: 0.0846
test_loss: 0.0807
epoch 213
train_loss: 0.0863
test_loss: 0.0811
epoch 214
train_loss: 0.0866
test_loss: 0.0805
epoch 215
train_loss: 0.0854
test_loss: 0.0809
epoch 216
train_loss: 0.0864
test_loss: 0.0806
epoch 217
train_loss: 0.0870
test_loss: 0.0806
epoch 218
train_loss: 0.0873
test_loss: 0.0797
epoch 219
train_loss: 0.0862
test_loss: 0.0796
epoch 220
train_loss: 0.0879
test_loss: 0.0800
epoch 221
train_loss: 0.0861
test_loss: 0.0797
epoch 222
train_loss: 0.0864
test_loss: 0.0808
epoch 223
train_loss: 0.0884
test_loss: 0.0807
epoch 224
train_loss: 0.0844
test_loss: 0.0801
epoch 225
train_loss: 0.0860
test_loss: 0.0796
epoch 226
train_loss: 0.0862
test_loss: 0.0792
epoch 227
train_loss: 0.0863
test_loss: 0.0803
epoch 228
train_loss: 0.0858
test_loss: 0.0806
epoch 229
train_loss: 0.0853
test_loss: 0.0799
epoch 230
train_loss: 0.0836
test_loss: 0.0794
epoch 231
train_loss: 0.0845
test_loss: 0.0798
epoch 232
train_loss: 0.0853
test_loss: 0.0796
epoch 233
train_loss: 0.0845
test_loss: 0.0785
epoch 234
train_loss: 0.0847
test_loss: 0.0796
epoch 235
train_loss: 0.0852
test_loss: 0.0798
epoch 236
train_loss: 0.0852
test_loss: 0.0793
epoch 237
train_loss: 0.0854
test_loss: 0.0792
epoch 238
train_loss: 0.0847
test_loss: 0.0794
epoch 239
train_loss: 0.0838
test_loss: 0.0784
epoch 240
train_loss: 0.0854
test_loss: 0.0780
epoch 241
train_loss: 0.0838
test_loss: 0.0784
epoch 242
train_loss: 0.0843
test_loss: 0.0782
epoch 243
train_loss: 0.0868
test_loss: 0.0788
epoch 244
train_loss: 0.0828
test_loss: 0.0786
epoch 245
train_loss: 0.0847
test_loss: 0.0790
epoch 246
train_loss: 0.0829
test_loss: 0.0787
epoch 247
train_loss: 0.0827
test_loss: 0.0785
epoch 248
train_loss: 0.0831
test_loss: 0.0784
epoch 249
train_loss: 0.0826
test_loss: 0.0784
epoch 250
train_loss: 0.0843
test_loss: 0.0777
epoch 251
train_loss: 0.0854
test_loss: 0.0790
epoch 252
train_loss: 0.0835
test_loss: 0.0783
epoch 253
train_loss: 0.0843
test_loss: 0.0781
epoch 254
train_loss: 0.0829
test_loss: 0.0776
epoch 255
train_loss: 0.0835
test_loss: 0.0780
epoch 256
train_loss: 0.0829
test_loss: 0.0781
epoch 257
train_loss: 0.0815
test_loss: 0.0777
epoch 258
train_loss: 0.0828
test_loss: 0.0778
epoch 259
train_loss: 0.0837
test_loss: 0.0779
epoch 260
train_loss: 0.0820
test_loss: 0.0774
epoch 261
train_loss: 0.0815
test_loss: 0.0770
epoch 262
train_loss: 0.0832
test_loss: 0.0778
epoch 263
train_loss: 0.0817
test_loss: 0.0775
epoch 264
train_loss: 0.0810
test_loss: 0.0773
epoch 265
train_loss: 0.0833
test_loss: 0.0781
epoch 266
train_loss: 0.0822
test_loss: 0.0780
epoch 267
train_loss: 0.0817
test_loss: 0.0776
epoch 268
train_loss: 0.0817
test_loss: 0.0770
epoch 269
train_loss: 0.0833
test_loss: 0.0770
epoch 270
train_loss: 0.0817
test_loss: 0.0776
epoch 271
train_loss: 0.0826
test_loss: 0.0764
epoch 272
train_loss: 0.0809
test_loss: 0.0767
epoch 273
train_loss: 0.0815
test_loss: 0.0771
epoch 274
train_loss: 0.0814
test_loss: 0.0773
epoch 275
train_loss: 0.0818
test_loss: 0.0767
epoch 276
train_loss: 0.0793
test_loss: 0.0762
epoch 277
train_loss: 0.0809
test_loss: 0.0773
epoch 278
train_loss: 0.0822
test_loss: 0.0767
epoch 279
train_loss: 0.0819
test_loss: 0.0768
epoch 280
train_loss: 0.0826
test_loss: 0.0763
epoch 281
train_loss: 0.0827
test_loss: 0.0760
epoch 282
train_loss: 0.0804
test_loss: 0.0761
epoch 283
train_loss: 0.0810
test_loss: 0.0771
epoch 284
train_loss: 0.0810
test_loss: 0.0759
epoch 285
train_loss: 0.0815
test_loss: 0.0765
epoch 286
train_loss: 0.0794
test_loss: 0.0762
epoch 287
train_loss: 0.0798
test_loss: 0.0771
epoch 288
train_loss: 0.0829
test_loss: 0.0766
epoch 289
train_loss: 0.0809
test_loss: 0.0757
epoch 290
train_loss: 0.0799
test_loss: 0.0765
epoch 291
train_loss: 0.0800
test_loss: 0.0765
epoch 292
train_loss: 0.0794
test_loss: 0.0767
epoch 293
train_loss: 0.0813
test_loss: 0.0756
epoch 294
train_loss: 0.0777
test_loss: 0.0756
epoch 295
train_loss: 0.0800
test_loss: 0.0760
epoch 296
train_loss: 0.0800
test_loss: 0.0760
epoch 297
train_loss: 0.0796
test_loss: 0.0767
epoch 298
train_loss: 0.0807
test_loss: 0.0759
epoch 299
train_loss: 0.0806
test_loss: 0.0757
epoch 300
train_loss: 0.0808
test_loss: 0.0758
epoch 301
train_loss: 0.0795
test_loss: 0.0753
epoch 302
train_loss: 0.0787
test_loss: 0.0756
epoch 303
train_loss: 0.0793
test_loss: 0.0756
epoch 304
train_loss: 0.0786
test_loss: 0.0757
epoch 305
train_loss: 0.0795
test_loss: 0.0758
epoch 306
train_loss: 0.0785
test_loss: 0.0747
epoch 307
train_loss: 0.0783
test_loss: 0.0761
epoch 308
train_loss: 0.0771
test_loss: 0.0751
epoch 309
train_loss: 0.0801
test_loss: 0.0758
epoch 310
train_loss: 0.0789
test_loss: 0.0758
epoch 311
train_loss: 0.0775
test_loss: 0.0770
epoch 312
train_loss: 0.0792
test_loss: 0.0749
epoch 313
train_loss: 0.0794
test_loss: 0.0743
epoch 314
train_loss: 0.0781
test_loss: 0.0742
epoch 315
train_loss: 0.0784
test_loss: 0.0748
epoch 316
train_loss: 0.0788
test_loss: 0.0748
epoch 317
train_loss: 0.0792
test_loss: 0.0751
epoch 318
train_loss: 0.0797
test_loss: 0.0748
epoch 319
train_loss: 0.0780
test_loss: 0.0754
epoch 320
train_loss: 0.0786
test_loss: 0.0748
epoch 321
train_loss: 0.0781
test_loss: 0.0753
epoch 322
train_loss: 0.0762
test_loss: 0.0744
epoch 323
train_loss: 0.0777
test_loss: 0.0744
epoch 324
train_loss: 0.0770
test_loss: 0.0758
epoch 325
train_loss: 0.0788
test_loss: 0.0754
epoch 326
train_loss: 0.0774
test_loss: 0.0751
epoch 327
train_loss: 0.0784
test_loss: 0.0744
epoch 328
train_loss: 0.0790
test_loss: 0.0746
epoch 329
train_loss: 0.0787
test_loss: 0.0747
epoch 330
train_loss: 0.0769
test_loss: 0.0748
epoch 331
train_loss: 0.0787
test_loss: 0.0746
epoch 332
train_loss: 0.0780
test_loss: 0.0753
epoch 333
train_loss: 0.0764
test_loss: 0.0744
epoch 334
train_loss: 0.0785
test_loss: 0.0744
epoch 335
train_loss: 0.0790
test_loss: 0.0747
epoch 336
train_loss: 0.0776
test_loss: 0.0752
epoch 337
train_loss: 0.0776
test_loss: 0.0744
epoch 338
train_loss: 0.0789
test_loss: 0.0742
epoch 339
train_loss: 0.0785
test_loss: 0.0763
epoch 340
train_loss: 0.0770
test_loss: 0.0744
epoch 341
train_loss: 0.0766
test_loss: 0.0737
epoch 342
train_loss: 0.0768
test_loss: 0.0739
epoch 343
train_loss: 0.0785
test_loss: 0.0739
epoch 344
train_loss: 0.0769
test_loss: 0.0744
epoch 345
train_loss: 0.0763
test_loss: 0.0742
epoch 346
train_loss: 0.0777
test_loss: 0.0745
epoch 347
train_loss: 0.0789
test_loss: 0.0755
epoch 348
train_loss: 0.0776
test_loss: 0.0756
epoch 349
train_loss: 0.0776
test_loss: 0.0755
epoch 350
train_loss: 0.0758
test_loss: 0.0743
epoch 351
train_loss: 0.0783
test_loss: 0.0745
epoch 352
train_loss: 0.0772
test_loss: 0.0735
epoch 353
train_loss: 0.0768
test_loss: 0.0743
epoch 354
train_loss: 0.0780
test_loss: 0.0756
epoch 355
train_loss: 0.0779
test_loss: 0.0740
epoch 356
train_loss: 0.0758
test_loss: 0.0741
epoch 357
train_loss: 0.0770
test_loss: 0.0741
epoch 358
train_loss: 0.0770
test_loss: 0.0746
epoch 359
train_loss: 0.0756
test_loss: 0.0733
epoch 360
train_loss: 0.0769
test_loss: 0.0751
epoch 361
train_loss: 0.0777
test_loss: 0.0748
epoch 362
train_loss: 0.0749
test_loss: 0.0742
epoch 363
train_loss: 0.0772
test_loss: 0.0734
epoch 364
train_loss: 0.0753
test_loss: 0.0736
epoch 365
train_loss: 0.0759
test_loss: 0.0745
epoch 366
train_loss: 0.0759
test_loss: 0.0739
epoch 367
train_loss: 0.0763
test_loss: 0.0750
epoch 368
train_loss: 0.0770
test_loss: 0.0734
epoch 369
train_loss: 0.0750
test_loss: 0.0732
epoch 370
train_loss: 0.0765
test_loss: 0.0734
epoch 371
train_loss: 0.0763
test_loss: 0.0742
epoch 372
train_loss: 0.0757
test_loss: 0.0727
epoch 373
train_loss: 0.0749
test_loss: 0.0734
epoch 374
train_loss: 0.0760
test_loss: 0.0748
epoch 375
train_loss: 0.0752
test_loss: 0.0739
epoch 376
train_loss: 0.0762
test_loss: 0.0738
epoch 377
train_loss: 0.0769
test_loss: 0.0730
epoch 378
train_loss: 0.0748
test_loss: 0.0729
epoch 379
train_loss: 0.0746
test_loss: 0.0749
epoch 380
train_loss: 0.0764
test_loss: 0.0733
epoch 381
train_loss: 0.0747
test_loss: 0.0743
epoch 382
train_loss: 0.0767
test_loss: 0.0735
epoch 383
train_loss: 0.0753
test_loss: 0.0733
epoch 384
train_loss: 0.0746
test_loss: 0.0736
epoch 385
train_loss: 0.0775
test_loss: 0.0734
epoch 386
train_loss: 0.0752
test_loss: 0.0733
epoch 387
train_loss: 0.0741
test_loss: 0.0731
epoch 388
train_loss: 0.0759
test_loss: 0.0741
epoch 389
train_loss: 0.0757
test_loss: 0.0737
epoch 390
train_loss: 0.0735
test_loss: 0.0738
epoch 391
train_loss: 0.0742
test_loss: 0.0727
epoch 392
train_loss: 0.0752
test_loss: 0.0740
epoch 393
train_loss: 0.0743
test_loss: 0.0735
epoch 394
train_loss: 0.0749
test_loss: 0.0733
epoch 395
train_loss: 0.0734
test_loss: 0.0732
epoch 396
train_loss: 0.0761
test_loss: 0.0737
epoch 397
train_loss: 0.0746
test_loss: 0.0730
epoch 398
train_loss: 0.0750
test_loss: 0.0741
epoch 399
train_loss: 0.0748
test_loss: 0.0733
epoch 400
train_loss: 0.0752
test_loss: 0.0738
epoch 401
train_loss: 0.0725
test_loss: 0.0743
epoch 402
train_loss: 0.0728
test_loss: 0.0726
epoch 403
train_loss: 0.0747
test_loss: 0.0729
epoch 404
train_loss: 0.0729
test_loss: 0.0726
epoch 405
train_loss: 0.0750
test_loss: 0.0732
epoch 406
train_loss: 0.0753
test_loss: 0.0741
epoch 407
train_loss: 0.0757
test_loss: 0.0729
epoch 408
train_loss: 0.0738
test_loss: 0.0732
epoch 409
train_loss: 0.0736
test_loss: 0.0729
/home/xueqiong/noise_injection_uncertainty/regression/utils.py:39: FutureWarning: The 'delim_whitespace' keyword in pd.read_csv is deprecated and will be removed in a future version. Use ``sep='\s+'`` instead
  return pd.read_csv(dataset_path, engine='python', header=None, delim_whitespace=True)
8 1
6554 1638 8192
model_name noisyFCN
using Adam as optimizer
epoch 0
train_loss: 0.8607
test_loss: 0.7694
epoch 1
train_loss: 0.6711
test_loss: 0.6074
epoch 2
train_loss: 0.5580
test_loss: 0.5446
epoch 3
train_loss: 0.5139
test_loss: 0.5127
epoch 4
train_loss: 0.4852
test_loss: 0.4863
epoch 5
train_loss: 0.4603
test_loss: 0.4629
epoch 6
train_loss: 0.4375
test_loss: 0.4419
epoch 7
train_loss: 0.4172
test_loss: 0.4231
epoch 8
train_loss: 0.3981
test_loss: 0.4057
epoch 9
train_loss: 0.3805
test_loss: 0.3899
epoch 10
train_loss: 0.3647
test_loss: 0.3757
epoch 11
train_loss: 0.3495
test_loss: 0.3625
epoch 12
train_loss: 0.3364
test_loss: 0.3502
epoch 13
train_loss: 0.3242
test_loss: 0.3388
epoch 14
train_loss: 0.3124
test_loss: 0.3281
epoch 15
train_loss: 0.3021
test_loss: 0.3180
epoch 16
train_loss: 0.2924
test_loss: 0.3082
epoch 17
train_loss: 0.2830
test_loss: 0.2990
epoch 18
train_loss: 0.2738
test_loss: 0.2903
epoch 19
train_loss: 0.2655
test_loss: 0.2819
epoch 20
train_loss: 0.2577
test_loss: 0.2739
epoch 21
train_loss: 0.2501
test_loss: 0.2664
epoch 22
train_loss: 0.2431
test_loss: 0.2594
epoch 23
train_loss: 0.2368
test_loss: 0.2530
epoch 24
train_loss: 0.2308
test_loss: 0.2470
epoch 25
train_loss: 0.2253
test_loss: 0.2415
epoch 26
train_loss: 0.2198
test_loss: 0.2363
epoch 27
train_loss: 0.2153
test_loss: 0.2313
epoch 28
train_loss: 0.2106
test_loss: 0.2266
epoch 29
train_loss: 0.2064
test_loss: 0.2222
epoch 30
train_loss: 0.2023
test_loss: 0.2180
epoch 31
train_loss: 0.1985
test_loss: 0.2141
epoch 32
train_loss: 0.1950
test_loss: 0.2104
epoch 33
train_loss: 0.1915
test_loss: 0.2069
epoch 34
train_loss: 0.1882
test_loss: 0.2035
epoch 35
train_loss: 0.1850
test_loss: 0.2003
epoch 36
train_loss: 0.1820
test_loss: 0.1972
epoch 37
train_loss: 0.1791
test_loss: 0.1942
epoch 38
train_loss: 0.1763
test_loss: 0.1914
epoch 39
train_loss: 0.1737
test_loss: 0.1887
epoch 40
train_loss: 0.1711
test_loss: 0.1861
epoch 41
train_loss: 0.1688
test_loss: 0.1836
epoch 42
train_loss: 0.1665
test_loss: 0.1812
epoch 43
train_loss: 0.1642
test_loss: 0.1789
epoch 44
train_loss: 0.1620
test_loss: 0.1767
epoch 45
train_loss: 0.1599
test_loss: 0.1746
epoch 46
train_loss: 0.1580
test_loss: 0.1726
epoch 47
train_loss: 0.1559
test_loss: 0.1706
epoch 48
train_loss: 0.1541
test_loss: 0.1687
epoch 49
train_loss: 0.1523
test_loss: 0.1670
epoch 50
train_loss: 0.1506
test_loss: 0.1652
epoch 51
train_loss: 0.1488
test_loss: 0.1635
epoch 52
train_loss: 0.1473
test_loss: 0.1619
epoch 53
train_loss: 0.1457
test_loss: 0.1603
epoch 54
train_loss: 0.1442
test_loss: 0.1588
epoch 55
train_loss: 0.1428
test_loss: 0.1573
epoch 56
train_loss: 0.1414
test_loss: 0.1559
epoch 57
train_loss: 0.1400
test_loss: 0.1545
epoch 58
train_loss: 0.1387
test_loss: 0.1531
epoch 59
train_loss: 0.1374
test_loss: 0.1518
epoch 60
train_loss: 0.1362
test_loss: 0.1505
epoch 61
train_loss: 0.1350
test_loss: 0.1493
epoch 62
train_loss: 0.1338
test_loss: 0.1481
epoch 63
train_loss: 0.1327
test_loss: 0.1469
epoch 64
train_loss: 0.1316
test_loss: 0.1457
epoch 65
train_loss: 0.1305
test_loss: 0.1446
epoch 66
train_loss: 0.1294
test_loss: 0.1435
epoch 67
train_loss: 0.1284
test_loss: 0.1424
epoch 68
train_loss: 0.1274
test_loss: 0.1413
epoch 69
train_loss: 0.1264
test_loss: 0.1403
epoch 70
train_loss: 0.1255
test_loss: 0.1393
epoch 71
train_loss: 0.1246
test_loss: 0.1384
epoch 72
train_loss: 0.1237
test_loss: 0.1374
epoch 73
train_loss: 0.1228
test_loss: 0.1365
epoch 74
train_loss: 0.1220
test_loss: 0.1356
epoch 75
train_loss: 0.1211
test_loss: 0.1348
epoch 76
train_loss: 0.1203
test_loss: 0.1339
epoch 77
train_loss: 0.1194
test_loss: 0.1331
epoch 78
train_loss: 0.1186
test_loss: 0.1323
epoch 79
train_loss: 0.1179
test_loss: 0.1315
epoch 80
train_loss: 0.1171
test_loss: 0.1307
epoch 81
train_loss: 0.1163
test_loss: 0.1299
epoch 82
train_loss: 0.1156
test_loss: 0.1292
epoch 83
train_loss: 0.1148
test_loss: 0.1284
epoch 84
train_loss: 0.1141
test_loss: 0.1276
epoch 85
train_loss: 0.1134
test_loss: 0.1269
epoch 86
train_loss: 0.1126
test_loss: 0.1262
epoch 87
train_loss: 0.1119
test_loss: 0.1255
epoch 88
train_loss: 0.1112
test_loss: 0.1248
epoch 89
train_loss: 0.1105
test_loss: 0.1241
epoch 90
train_loss: 0.1099
test_loss: 0.1235
epoch 91
train_loss: 0.1092
test_loss: 0.1228
epoch 92
train_loss: 0.1085
test_loss: 0.1222
epoch 93
train_loss: 0.1079
test_loss: 0.1215
epoch 94
train_loss: 0.1073
test_loss: 0.1209
epoch 95
train_loss: 0.1066
test_loss: 0.1203
epoch 96
train_loss: 0.1061
test_loss: 0.1198
epoch 97
train_loss: 0.1055
test_loss: 0.1192
epoch 98
train_loss: 0.1049
test_loss: 0.1186
epoch 99
train_loss: 0.1043
test_loss: 0.1180
epoch 100
train_loss: 0.1037
test_loss: 0.1175
epoch 101
train_loss: 0.1032
test_loss: 0.1169
epoch 102
train_loss: 0.1026
test_loss: 0.1164
epoch 103
train_loss: 0.1021
test_loss: 0.1159
epoch 104
train_loss: 0.1016
test_loss: 0.1154
epoch 105
train_loss: 0.1010
test_loss: 0.1148
epoch 106
train_loss: 0.1006
test_loss: 0.1143
epoch 107
train_loss: 0.1000
test_loss: 0.1138
epoch 108
train_loss: 0.0996
test_loss: 0.1133
epoch 109
train_loss: 0.0991
test_loss: 0.1129
epoch 110
train_loss: 0.0986
test_loss: 0.1124
epoch 111
train_loss: 0.0981
test_loss: 0.1120
epoch 112
train_loss: 0.0977
test_loss: 0.1116
epoch 113
train_loss: 0.0972
test_loss: 0.1111
epoch 114
train_loss: 0.0968
test_loss: 0.1107
epoch 115
train_loss: 0.0963
test_loss: 0.1103
epoch 116
train_loss: 0.0959
test_loss: 0.1099
epoch 117
train_loss: 0.0955
test_loss: 0.1095
epoch 118
train_loss: 0.0951
test_loss: 0.1091
epoch 119
train_loss: 0.0947
test_loss: 0.1087
epoch 120
train_loss: 0.0943
test_loss: 0.1083
epoch 121
train_loss: 0.0939
test_loss: 0.1080
epoch 122
train_loss: 0.0935
test_loss: 0.1076
epoch 123
train_loss: 0.0931
test_loss: 0.1072
epoch 124
train_loss: 0.0927
test_loss: 0.1068
epoch 125
train_loss: 0.0923
test_loss: 0.1065
epoch 126
train_loss: 0.0919
test_loss: 0.1061
epoch 127
train_loss: 0.0915
test_loss: 0.1059
epoch 128
train_loss: 0.0913
test_loss: 0.1054
epoch 129
train_loss: 0.0909
test_loss: 0.1051
epoch 130
train_loss: 0.0905
test_loss: 0.1047
epoch 131
train_loss: 0.0901
test_loss: 0.1044
epoch 132
train_loss: 0.0898
test_loss: 0.1041
epoch 133
train_loss: 0.0894
test_loss: 0.1038
epoch 134
train_loss: 0.0891
test_loss: 0.1034
epoch 135
train_loss: 0.0888
test_loss: 0.1032
epoch 136
train_loss: 0.0884
test_loss: 0.1028
epoch 137
train_loss: 0.0881
test_loss: 0.1026
epoch 138
train_loss: 0.0878
test_loss: 0.1023
epoch 139
train_loss: 0.0874
test_loss: 0.1020
epoch 140
train_loss: 0.0871
test_loss: 0.1017
epoch 141
train_loss: 0.0868
test_loss: 0.1014
epoch 142
train_loss: 0.0865
test_loss: 0.1012
epoch 143
train_loss: 0.0861
test_loss: 0.1010
epoch 144
train_loss: 0.0859
test_loss: 0.1007
epoch 145
train_loss: 0.0856
test_loss: 0.1005
epoch 146
train_loss: 0.0853
test_loss: 0.1001
epoch 147
train_loss: 0.0849
test_loss: 0.1000
epoch 148
train_loss: 0.0847
test_loss: 0.0997
epoch 149
train_loss: 0.0844
test_loss: 0.0994
epoch 150
train_loss: 0.0841
test_loss: 0.0992
epoch 151
train_loss: 0.0838
test_loss: 0.0989
epoch 152
train_loss: 0.0836
test_loss: 0.0987
epoch 153
train_loss: 0.0833
test_loss: 0.0985
epoch 154
train_loss: 0.0830
test_loss: 0.0984
epoch 155
train_loss: 0.0828
test_loss: 0.0981
epoch 156
train_loss: 0.0825
test_loss: 0.0979
epoch 157
train_loss: 0.0823
test_loss: 0.0977
epoch 158
train_loss: 0.0820
test_loss: 0.0975
epoch 159
train_loss: 0.0817
test_loss: 0.0973
epoch 160
train_loss: 0.0815
test_loss: 0.0970
epoch 161
train_loss: 0.0812
test_loss: 0.0969
epoch 162
train_loss: 0.0810
test_loss: 0.0967
epoch 163
train_loss: 0.0807
test_loss: 0.0965
epoch 164
train_loss: 0.0805
test_loss: 0.0963
epoch 165
train_loss: 0.0803
test_loss: 0.0962
epoch 166
train_loss: 0.0800
test_loss: 0.0959
epoch 167
train_loss: 0.0798
test_loss: 0.0958
epoch 168
train_loss: 0.0796
test_loss: 0.0956
epoch 169
train_loss: 0.0794
test_loss: 0.0955
epoch 170
train_loss: 0.0791
test_loss: 0.0953
epoch 171
train_loss: 0.0789
test_loss: 0.0952
epoch 172
train_loss: 0.0787
test_loss: 0.0950
epoch 173
train_loss: 0.0785
test_loss: 0.0948
epoch 174
train_loss: 0.0782
test_loss: 0.0947
epoch 175
train_loss: 0.0781
test_loss: 0.0945
epoch 176
train_loss: 0.0778
test_loss: 0.0943
epoch 177
train_loss: 0.0776
test_loss: 0.0942
epoch 178
train_loss: 0.0775
test_loss: 0.0941
epoch 179
train_loss: 0.0772
test_loss: 0.0939
epoch 180
train_loss: 0.0771
test_loss: 0.0938
epoch 181
train_loss: 0.0769
test_loss: 0.0936
epoch 182
train_loss: 0.0767
test_loss: 0.0935
epoch 183
train_loss: 0.0765
test_loss: 0.0933
epoch 184
train_loss: 0.0763
test_loss: 0.0931
epoch 185
train_loss: 0.0761
test_loss: 0.0930
epoch 186
train_loss: 0.0759
test_loss: 0.0929
epoch 187
train_loss: 0.0757
test_loss: 0.0928
epoch 188
train_loss: 0.0755
test_loss: 0.0927
epoch 189
train_loss: 0.0754
test_loss: 0.0925
epoch 190
train_loss: 0.0752
test_loss: 0.0924
epoch 191
train_loss: 0.0750
test_loss: 0.0923
epoch 192
train_loss: 0.0748
test_loss: 0.0921
epoch 193
train_loss: 0.0746
test_loss: 0.0919
epoch 194
train_loss: 0.0745
test_loss: 0.0919
epoch 195
train_loss: 0.0743
test_loss: 0.0917
epoch 196
train_loss: 0.0742
test_loss: 0.0917
epoch 197
train_loss: 0.0740
test_loss: 0.0915
epoch 198
train_loss: 0.0738
test_loss: 0.0914
epoch 199
train_loss: 0.0737
test_loss: 0.0912
epoch 200
train_loss: 0.0735
test_loss: 0.0913
epoch 201
train_loss: 0.0734
test_loss: 0.0910
epoch 202
train_loss: 0.0732
test_loss: 0.0910
epoch 203
train_loss: 0.0731
test_loss: 0.0908
epoch 204
train_loss: 0.0729
test_loss: 0.0908
epoch 205
train_loss: 0.0728
test_loss: 0.0907
epoch 206
train_loss: 0.0726
test_loss: 0.0906
epoch 207
train_loss: 0.0725
test_loss: 0.0905
epoch 208
train_loss: 0.0723
test_loss: 0.0904
epoch 209
train_loss: 0.0721
test_loss: 0.0902
epoch 210
train_loss: 0.0720
test_loss: 0.0902
epoch 211
train_loss: 0.0719
test_loss: 0.0901
epoch 212
train_loss: 0.0717
test_loss: 0.0900
epoch 213
train_loss: 0.0716
test_loss: 0.0899
epoch 214
train_loss: 0.0714
test_loss: 0.0898
epoch 215
train_loss: 0.0713
test_loss: 0.0897
epoch 216
train_loss: 0.0711
test_loss: 0.0897
epoch 217
train_loss: 0.0710
test_loss: 0.0896
epoch 218
train_loss: 0.0709
test_loss: 0.0894
epoch 219
train_loss: 0.0708
test_loss: 0.0894
epoch 220
train_loss: 0.0706
test_loss: 0.0893
epoch 221
train_loss: 0.0705
test_loss: 0.0892
epoch 222
train_loss: 0.0704
test_loss: 0.0891
epoch 223
train_loss: 0.0702
test_loss: 0.0891
epoch 224
train_loss: 0.0701
test_loss: 0.0890
epoch 225
train_loss: 0.0700
test_loss: 0.0889
epoch 226
train_loss: 0.0698
test_loss: 0.0888
epoch 227
train_loss: 0.0697
test_loss: 0.0886
epoch 228
train_loss: 0.0696
test_loss: 0.0886
epoch 229
train_loss: 0.0695
test_loss: 0.0885
epoch 230
train_loss: 0.0694
test_loss: 0.0884
epoch 231
train_loss: 0.0693
test_loss: 0.0884
epoch 232
train_loss: 0.0692
test_loss: 0.0882
epoch 233
train_loss: 0.0690
test_loss: 0.0882
epoch 234
train_loss: 0.0689
test_loss: 0.0882
epoch 235
train_loss: 0.0688
test_loss: 0.0881
epoch 236
train_loss: 0.0687
test_loss: 0.0880
epoch 237
train_loss: 0.0686
test_loss: 0.0879
epoch 238
train_loss: 0.0685
test_loss: 0.0878
epoch 239
train_loss: 0.0684
test_loss: 0.0877
epoch 240
train_loss: 0.0682
test_loss: 0.0877
epoch 241
train_loss: 0.0681
test_loss: 0.0876
epoch 242
train_loss: 0.0680
test_loss: 0.0875
epoch 243
train_loss: 0.0679
test_loss: 0.0876
epoch 244
train_loss: 0.0678
test_loss: 0.0874
epoch 245
train_loss: 0.0677
test_loss: 0.0874
epoch 246
train_loss: 0.0676
test_loss: 0.0873
epoch 247
train_loss: 0.0675
test_loss: 0.0871
epoch 248
train_loss: 0.0674
test_loss: 0.0871
epoch 249
train_loss: 0.0673
test_loss: 0.0871
epoch 250
train_loss: 0.0672
test_loss: 0.0869
epoch 251
train_loss: 0.0671
test_loss: 0.0869
epoch 252
train_loss: 0.0670
test_loss: 0.0868
epoch 253
train_loss: 0.0669
test_loss: 0.0868
epoch 254
train_loss: 0.0668
test_loss: 0.0866
epoch 255
train_loss: 0.0667
test_loss: 0.0866
epoch 256
train_loss: 0.0666
test_loss: 0.0865
epoch 257
train_loss: 0.0665
test_loss: 0.0865
epoch 258
train_loss: 0.0664
test_loss: 0.0863
epoch 259
train_loss: 0.0663
test_loss: 0.0863
epoch 260
train_loss: 0.0662
test_loss: 0.0862
epoch 261
train_loss: 0.0661
test_loss: 0.0861
epoch 262
train_loss: 0.0660
test_loss: 0.0860
epoch 263
train_loss: 0.0659
test_loss: 0.0860
epoch 264
train_loss: 0.0658
test_loss: 0.0859
epoch 265
train_loss: 0.0657
test_loss: 0.0859
epoch 266
train_loss: 0.0656
test_loss: 0.0858
epoch 267
train_loss: 0.0656
test_loss: 0.0857
epoch 268
train_loss: 0.0654
test_loss: 0.0856
epoch 269
train_loss: 0.0653
test_loss: 0.0855
epoch 270
train_loss: 0.0653
test_loss: 0.0855
epoch 271
train_loss: 0.0652
test_loss: 0.0854
epoch 272
train_loss: 0.0651
test_loss: 0.0854
epoch 273
train_loss: 0.0650
test_loss: 0.0853
epoch 274
train_loss: 0.0649
test_loss: 0.0852
epoch 275
train_loss: 0.0648
test_loss: 0.0851
epoch 276
train_loss: 0.0647
test_loss: 0.0850
epoch 277
train_loss: 0.0647
test_loss: 0.0850
epoch 278
train_loss: 0.0646
test_loss: 0.0850
epoch 279
train_loss: 0.0645
test_loss: 0.0849
epoch 280
train_loss: 0.0644
test_loss: 0.0848
epoch 281
train_loss: 0.0643
test_loss: 0.0848
epoch 282
train_loss: 0.0642
test_loss: 0.0847
epoch 283
train_loss: 0.0642
test_loss: 0.0846
epoch 284
train_loss: 0.0640
test_loss: 0.0846
epoch 285
train_loss: 0.0640
test_loss: 0.0845
epoch 286
train_loss: 0.0639
test_loss: 0.0845
epoch 287
train_loss: 0.0638
test_loss: 0.0843
epoch 288
train_loss: 0.0638
test_loss: 0.0844
epoch 289
train_loss: 0.0637
test_loss: 0.0843
epoch 290
train_loss: 0.0636
test_loss: 0.0843
epoch 291
train_loss: 0.0635
test_loss: 0.0842
epoch 292
train_loss: 0.0635
test_loss: 0.0841
epoch 293
train_loss: 0.0634
test_loss: 0.0841
epoch 294
train_loss: 0.0633
test_loss: 0.0840
epoch 295
train_loss: 0.0632
test_loss: 0.0840
epoch 296
train_loss: 0.0632
test_loss: 0.0839
epoch 297
train_loss: 0.0631
test_loss: 0.0838
epoch 298
train_loss: 0.0630
test_loss: 0.0838
epoch 299
train_loss: 0.0630
test_loss: 0.0837
epoch 300
train_loss: 0.0629
test_loss: 0.0837
epoch 301
train_loss: 0.0628
test_loss: 0.0837
epoch 302
train_loss: 0.0627
test_loss: 0.0836
epoch 303
train_loss: 0.0627
test_loss: 0.0835
epoch 304
train_loss: 0.0626
test_loss: 0.0835
epoch 305
train_loss: 0.0625
test_loss: 0.0835
epoch 306
train_loss: 0.0625
test_loss: 0.0834
epoch 307
train_loss: 0.0624
test_loss: 0.0835
epoch 308
train_loss: 0.0623
test_loss: 0.0834
epoch 309
train_loss: 0.0623
test_loss: 0.0834
epoch 310
train_loss: 0.0622
test_loss: 0.0833
epoch 311
train_loss: 0.0621
test_loss: 0.0834
epoch 312
train_loss: 0.0621
test_loss: 0.0833
epoch 313
train_loss: 0.0620
test_loss: 0.0833
epoch 314
train_loss: 0.0619
test_loss: 0.0832
epoch 315
train_loss: 0.0619
test_loss: 0.0832
epoch 316
train_loss: 0.0618
test_loss: 0.0831
epoch 317
train_loss: 0.0618
test_loss: 0.0831
epoch 318
train_loss: 0.0617
test_loss: 0.0831
epoch 319
train_loss: 0.0616
test_loss: 0.0831
epoch 320
train_loss: 0.0616
test_loss: 0.0830
epoch 321
train_loss: 0.0615
test_loss: 0.0830
epoch 322
train_loss: 0.0615
test_loss: 0.0829
epoch 323
train_loss: 0.0614
test_loss: 0.0828
epoch 324
train_loss: 0.0614
test_loss: 0.0828
epoch 325
train_loss: 0.0613
test_loss: 0.0828
epoch 326
train_loss: 0.0612
test_loss: 0.0827
epoch 327
train_loss: 0.0611
test_loss: 0.0826
epoch 328
train_loss: 0.0611
test_loss: 0.0826
epoch 329
train_loss: 0.0611
test_loss: 0.0825
epoch 330
train_loss: 0.0610
test_loss: 0.0825
epoch 331
train_loss: 0.0610
test_loss: 0.0825
epoch 332
train_loss: 0.0609
test_loss: 0.0825
epoch 333
train_loss: 0.0608
test_loss: 0.0824
epoch 334
train_loss: 0.0608
test_loss: 0.0824
epoch 335
train_loss: 0.0607
test_loss: 0.0822
epoch 336
train_loss: 0.0607
test_loss: 0.0823
epoch 337
train_loss: 0.0606
test_loss: 0.0822
epoch 338
train_loss: 0.0606
test_loss: 0.0822
epoch 339
train_loss: 0.0605
test_loss: 0.0821
epoch 340
train_loss: 0.0604
test_loss: 0.0820
epoch 341
train_loss: 0.0604
test_loss: 0.0821
epoch 342
train_loss: 0.0604
test_loss: 0.0820
epoch 343
train_loss: 0.0603
test_loss: 0.0820
epoch 344
train_loss: 0.0603
test_loss: 0.0819
epoch 345
train_loss: 0.0602
test_loss: 0.0819
epoch 346
train_loss: 0.0602
test_loss: 0.0818
epoch 347
train_loss: 0.0601
test_loss: 0.0817
epoch 348
train_loss: 0.0600
test_loss: 0.0817
epoch 349
train_loss: 0.0600
test_loss: 0.0817
epoch 350
train_loss: 0.0599
test_loss: 0.0817
epoch 351
train_loss: 0.0599
test_loss: 0.0816
epoch 352
train_loss: 0.0598
test_loss: 0.0816
epoch 353
train_loss: 0.0597
test_loss: 0.0814
epoch 354
train_loss: 0.0597
test_loss: 0.0815
epoch 355
train_loss: 0.0597
test_loss: 0.0815
epoch 356
train_loss: 0.0596
test_loss: 0.0814
epoch 357
train_loss: 0.0595
test_loss: 0.0814
epoch 358
train_loss: 0.0595
test_loss: 0.0814
epoch 359
train_loss: 0.0594
test_loss: 0.0813
epoch 360
train_loss: 0.0594
test_loss: 0.0813
epoch 361
train_loss: 0.0593
test_loss: 0.0812
epoch 362
train_loss: 0.0593
test_loss: 0.0812
epoch 363
train_loss: 0.0592
test_loss: 0.0811
epoch 364
train_loss: 0.0592
test_loss: 0.0811
epoch 365
train_loss: 0.0591
test_loss: 0.0811
epoch 366
train_loss: 0.0591
test_loss: 0.0811
epoch 367
train_loss: 0.0590
test_loss: 0.0810
epoch 368
train_loss: 0.0590
test_loss: 0.0811
epoch 369
train_loss: 0.0589
test_loss: 0.0810
epoch 370
train_loss: 0.0589
test_loss: 0.0811
epoch 371
train_loss: 0.0588
