{'datasets': ['protein-tertiary-structure'], 'models': ['noisyFCN'], 'optimizer_name': 'Adam', 'hyperparam_eval_interval': 10, 'patience': 3, 'global_max_epochs': 2000, 'dropout_probs': [0.2, 0.1, 0.05, 0.01, 0.005, 0.001], 'fix_noiselevels': [0.001, 0.005, 0.01, 0.05, 0.1], 'init_noiselevels': [0.001, 0.005, 0.01, 0.05, 0.1], 'batch_sizes': [32], 'batch_sizes_specific': {'energy': [32]}, 'weight_decays': [0.01], 'dropout_batch_size': 32, 'n_hidden': 2, 'nonlinearity': 'relu', 'learning_rates': [0.002], 'mc_samples': 500, 'num_units': 50, 'num_units_specific': {'protein-tertiary-structure': 100}, 'normalize_X': True, 'normalize_y': True, 'n_folds': 5, 'inverted_cv_fraction': 5}
use_cuda: True
32
/home/xueqiong/noise_injection_uncertainty/regression/utils.py:39: FutureWarning: The 'delim_whitespace' keyword in pd.read_csv is deprecated and will be removed in a future version. Use ``sep='\s+'`` instead
  return pd.read_csv(dataset_path, engine='python', header=None, delim_whitespace=True)
13 1
405 101 506
model_name FCN
using Adam as optimizer
epoch 0
train_loss: 0.8162
test_loss: 0.5985
epoch 1
train_loss: 0.4835
test_loss: 0.3509
epoch 2
train_loss: 0.2958
test_loss: 0.1348
epoch 3
train_loss: 0.2139
test_loss: 0.1004
epoch 4
train_loss: 0.1908
test_loss: 0.0902
epoch 5
train_loss: 0.1701
test_loss: 0.0858
epoch 6
train_loss: 0.1563
test_loss: 0.0793
epoch 7
train_loss: 0.1471
test_loss: 0.0759
epoch 8
train_loss: 0.1385
test_loss: 0.0733
epoch 9
train_loss: 0.1308
test_loss: 0.0715
epoch 10
train_loss: 0.1238
test_loss: 0.0707
epoch 11
train_loss: 0.1176
test_loss: 0.0701
epoch 12
train_loss: 0.1122
test_loss: 0.0689
epoch 13
train_loss: 0.1074
test_loss: 0.0674
epoch 14
train_loss: 0.1028
test_loss: 0.0667
epoch 15
train_loss: 0.0990
test_loss: 0.0668
epoch 16
train_loss: 0.0956
test_loss: 0.0666
epoch 17
train_loss: 0.0922
test_loss: 0.0659
epoch 18
train_loss: 0.0886
test_loss: 0.0659
epoch 19
train_loss: 0.0856
test_loss: 0.0654
epoch 20
train_loss: 0.0830
test_loss: 0.0653
epoch 21
train_loss: 0.0800
test_loss: 0.0655
epoch 22
train_loss: 0.0778
test_loss: 0.0658
epoch 23
train_loss: 0.0755
test_loss: 0.0657
epoch 24
train_loss: 0.0730
test_loss: 0.0655
epoch 25
train_loss: 0.0710
test_loss: 0.0659
epoch 26
train_loss: 0.0691
test_loss: 0.0665
epoch 27
train_loss: 0.0671
test_loss: 0.0667
epoch 28
train_loss: 0.0649
test_loss: 0.0669
epoch 29
train_loss: 0.0630
test_loss: 0.0672
epoch 30
train_loss: 0.0613
test_loss: 0.0671
epoch 31
train_loss: 0.0595
test_loss: 0.0669
epoch 32
train_loss: 0.0579
test_loss: 0.0672
epoch 33
train_loss: 0.0565
test_loss: 0.0678
epoch 34
train_loss: 0.0548
test_loss: 0.0682
epoch 35
train_loss: 0.0535
test_loss: 0.0677
epoch 36
train_loss: 0.0519
test_loss: 0.0684
epoch 37
train_loss: 0.0509
test_loss: 0.0675
epoch 38
train_loss: 0.0495
test_loss: 0.0672
epoch 39
train_loss: 0.0486
test_loss: 0.0673
epoch 40
train_loss: 0.0477
test_loss: 0.0671
epoch 41
train_loss: 0.0464
test_loss: 0.0667
epoch 42
train_loss: 0.0456
test_loss: 0.0667
epoch 43
train_loss: 0.0446
test_loss: 0.0660
epoch 44
train_loss: 0.0437
test_loss: 0.0664
epoch 45
train_loss: 0.0430
test_loss: 0.0662
epoch 46
train_loss: 0.0420
test_loss: 0.0655
epoch 47
train_loss: 0.0416
test_loss: 0.0658
epoch 48
train_loss: 0.0407
test_loss: 0.0649
epoch 49
train_loss: 0.0402
test_loss: 0.0654
/home/xueqiong/noise_injection_uncertainty/regression/utils.py:39: FutureWarning: The 'delim_whitespace' keyword in pd.read_csv is deprecated and will be removed in a future version. Use ``sep='\s+'`` instead
  return pd.read_csv(dataset_path, engine='python', header=None, delim_whitespace=True)
13 1
405 101 506
model_name dropoutFCN
using Adam as optimizer
epoch 0
train_loss: 0.8585
Module: DropoutFullyConnectedNN
  Module: ModuleList
    Module: Linear
    Module: Linear
    Module: Linear
  Module: ModuleList
    Module: Dropout
dropout设置为训练模式
    Module: Dropout
dropout设置为训练模式
    Module: Dropout
dropout设置为训练模式
  Module: ReLU
test_loss: 0.5919
epoch 1
train_loss: 0.4648
Module: DropoutFullyConnectedNN
  Module: ModuleList
    Module: Linear
    Module: Linear
    Module: Linear
  Module: ModuleList
    Module: Dropout
dropout设置为训练模式
    Module: Dropout
dropout设置为训练模式
    Module: Dropout
dropout设置为训练模式
  Module: ReLU
test_loss: 0.3660
epoch 2
train_loss: 0.3634
Module: DropoutFullyConnectedNN
  Module: ModuleList
    Module: Linear
    Module: Linear
    Module: Linear
  Module: ModuleList
    Module: Dropout
dropout设置为训练模式
    Module: Dropout
dropout设置为训练模式
    Module: Dropout
dropout设置为训练模式
  Module: ReLU
test_loss: 0.2102
epoch 3
train_loss: 0.2904
Module: DropoutFullyConnectedNN
  Module: ModuleList
    Module: Linear
    Module: Linear
    Module: Linear
  Module: ModuleList
    Module: Dropout
dropout设置为训练模式
    Module: Dropout
dropout设置为训练模式
    Module: Dropout
dropout设置为训练模式
  Module: ReLU
test_loss: 0.1495
epoch 4
train_loss: 0.2490
Module: DropoutFullyConnectedNN
  Module: ModuleList
    Module: Linear
    Module: Linear
    Module: Linear
  Module: ModuleList
    Module: Dropout
dropout设置为训练模式
    Module: Dropout
dropout设置为训练模式
    Module: Dropout
dropout设置为训练模式
  Module: ReLU
test_loss: 0.1414
epoch 5
train_loss: 0.2460
Module: DropoutFullyConnectedNN
  Module: ModuleList
    Module: Linear
    Module: Linear
    Module: Linear
  Module: ModuleList
    Module: Dropout
dropout设置为训练模式
    Module: Dropout
dropout设置为训练模式
    Module: Dropout
dropout设置为训练模式
  Module: ReLU
test_loss: 0.1285
epoch 6
train_loss: 0.2288
Module: DropoutFullyConnectedNN
  Module: ModuleList
    Module: Linear
    Module: Linear
    Module: Linear
  Module: ModuleList
    Module: Dropout
dropout设置为训练模式
    Module: Dropout
dropout设置为训练模式
    Module: Dropout
dropout设置为训练模式
  Module: ReLU
test_loss: 0.1168
epoch 7
train_loss: 0.2250
Module: DropoutFullyConnectedNN
  Module: ModuleList
    Module: Linear
    Module: Linear
    Module: Linear
  Module: ModuleList
    Module: Dropout
dropout设置为训练模式
    Module: Dropout
dropout设置为训练模式
    Module: Dropout
dropout设置为训练模式
  Module: ReLU
test_loss: 0.1081
epoch 8
train_loss: 0.2017
Module: DropoutFullyConnectedNN
  Module: ModuleList
    Module: Linear
    Module: Linear
    Module: Linear
  Module: ModuleList
    Module: Dropout
dropout设置为训练模式
    Module: Dropout
dropout设置为训练模式
    Module: Dropout
dropout设置为训练模式
  Module: ReLU
test_loss: 0.1025
epoch 9
train_loss: 0.2026
Module: DropoutFullyConnectedNN
  Module: ModuleList
    Module: Linear
    Module: Linear
    Module: Linear
  Module: ModuleList
    Module: Dropout
dropout设置为训练模式
    Module: Dropout
dropout设置为训练模式
    Module: Dropout
dropout设置为训练模式
  Module: ReLU
test_loss: 0.1050
epoch 10
train_loss: 0.1914
Module: DropoutFullyConnectedNN
  Module: ModuleList
    Module: Linear
    Module: Linear
    Module: Linear
  Module: ModuleList
    Module: Dropout
dropout设置为训练模式
    Module: Dropout
dropout设置为训练模式
    Module: Dropout
dropout设置为训练模式
  Module: ReLU
test_loss: 0.0976
epoch 11
train_loss: 0.1862
Module: DropoutFullyConnectedNN
  Module: ModuleList
    Module: Linear
    Module: Linear
    Module: Linear
  Module: ModuleList
    Module: Dropout
dropout设置为训练模式
    Module: Dropout
dropout设置为训练模式
    Module: Dropout
dropout设置为训练模式
  Module: ReLU
test_loss: 0.0922
epoch 12
train_loss: 0.1847
Module: DropoutFullyConnectedNN
  Module: ModuleList
    Module: Linear
    Module: Linear
    Module: Linear
  Module: ModuleList
    Module: Dropout
dropout设置为训练模式
    Module: Dropout
dropout设置为训练模式
    Module: Dropout
dropout设置为训练模式
  Module: ReLU
test_loss: 0.0984
epoch 13
train_loss: 0.1608
Module: DropoutFullyConnectedNN
  Module: ModuleList
    Module: Linear
    Module: Linear
    Module: Linear
  Module: ModuleList
    Module: Dropout
dropout设置为训练模式
    Module: Dropout
dropout设置为训练模式
    Module: Dropout
dropout设置为训练模式
  Module: ReLU
test_loss: 0.0950
epoch 14
train_loss: 0.1639
Module: DropoutFullyConnectedNN
  Module: ModuleList
    Module: Linear
    Module: Linear
    Module: Linear
  Module: ModuleList
    Module: Dropout
dropout设置为训练模式
    Module: Dropout
dropout设置为训练模式
    Module: Dropout
dropout设置为训练模式
  Module: ReLU
test_loss: 0.0791
epoch 15
train_loss: 0.1487
Module: DropoutFullyConnectedNN
  Module: ModuleList
    Module: Linear
    Module: Linear
    Module: Linear
  Module: ModuleList
    Module: Dropout
dropout设置为训练模式
    Module: Dropout
dropout设置为训练模式
    Module: Dropout
dropout设置为训练模式
  Module: ReLU
test_loss: 0.0895
epoch 16
train_loss: 0.1410
Module: DropoutFullyConnectedNN
  Module: ModuleList
    Module: Linear
    Module: Linear
    Module: Linear
  Module: ModuleList
    Module: Dropout
dropout设置为训练模式
    Module: Dropout
dropout设置为训练模式
    Module: Dropout
dropout设置为训练模式
  Module: ReLU
test_loss: 0.0887
epoch 17
train_loss: 0.1357
Module: DropoutFullyConnectedNN
  Module: ModuleList
    Module: Linear
    Module: Linear
    Module: Linear
  Module: ModuleList
    Module: Dropout
dropout设置为训练模式
    Module: Dropout
dropout设置为训练模式
    Module: Dropout
dropout设置为训练模式
  Module: ReLU
test_loss: 0.0811
epoch 18
train_loss: 0.1428
Module: DropoutFullyConnectedNN
  Module: ModuleList
    Module: Linear
    Module: Linear
    Module: Linear
  Module: ModuleList
    Module: Dropout
dropout设置为训练模式
    Module: Dropout
dropout设置为训练模式
    Module: Dropout
dropout设置为训练模式
  Module: ReLU
test_loss: 0.0826
epoch 19
train_loss: 0.1448
Module: DropoutFullyConnectedNN
  Module: ModuleList
    Module: Linear
    Module: Linear
    Module: Linear
  Module: ModuleList
    Module: Dropout
dropout设置为训练模式
    Module: Dropout
dropout设置为训练模式
    Module: Dropout
dropout设置为训练模式
  Module: ReLU
test_loss: 0.0849
epoch 20
train_loss: 0.1237
Module: DropoutFullyConnectedNN
  Module: ModuleList
    Module: Linear
    Module: Linear
    Module: Linear
  Module: ModuleList
    Module: Dropout
dropout设置为训练模式
    Module: Dropout
dropout设置为训练模式
    Module: Dropout
dropout设置为训练模式
  Module: ReLU
test_loss: 0.0862
epoch 21
train_loss: 0.1252
Module: DropoutFullyConnectedNN
  Module: ModuleList
    Module: Linear
    Module: Linear
    Module: Linear
  Module: ModuleList
    Module: Dropout
dropout设置为训练模式
    Module: Dropout
dropout设置为训练模式
    Module: Dropout
dropout设置为训练模式
  Module: ReLU
test_loss: 0.0836
epoch 22
train_loss: 0.1195
Module: DropoutFullyConnectedNN
  Module: ModuleList
    Module: Linear
    Module: Linear
    Module: Linear
  Module: ModuleList
    Module: Dropout
dropout设置为训练模式
    Module: Dropout
dropout设置为训练模式
    Module: Dropout
dropout设置为训练模式
  Module: ReLU
test_loss: 0.0817
epoch 23
train_loss: 0.1147
Module: DropoutFullyConnectedNN
  Module: ModuleList
    Module: Linear
    Module: Linear
    Module: Linear
  Module: ModuleList
    Module: Dropout
dropout设置为训练模式
    Module: Dropout
dropout设置为训练模式
    Module: Dropout
dropout设置为训练模式
  Module: ReLU
test_loss: 0.0811
epoch 24
train_loss: 0.1183
Module: DropoutFullyConnectedNN
  Module: ModuleList
    Module: Linear
    Module: Linear
    Module: Linear
  Module: ModuleList
    Module: Dropout
dropout设置为训练模式
    Module: Dropout
dropout设置为训练模式
    Module: Dropout
dropout设置为训练模式
  Module: ReLU
test_loss: 0.0853
epoch 25
train_loss: 0.1169
Module: DropoutFullyConnectedNN
  Module: ModuleList
    Module: Linear
    Module: Linear
    Module: Linear
  Module: ModuleList
    Module: Dropout
dropout设置为训练模式
    Module: Dropout
dropout设置为训练模式
    Module: Dropout
dropout设置为训练模式
  Module: ReLU
test_loss: 0.0920
epoch 26
train_loss: 0.1087
Module: DropoutFullyConnectedNN
  Module: ModuleList
    Module: Linear
    Module: Linear
    Module: Linear
  Module: ModuleList
    Module: Dropout
dropout设置为训练模式
    Module: Dropout
dropout设置为训练模式
    Module: Dropout
dropout设置为训练模式
  Module: ReLU
test_loss: 0.0820
epoch 27
train_loss: 0.1091
Module: DropoutFullyConnectedNN
  Module: ModuleList
    Module: Linear
    Module: Linear
    Module: Linear
  Module: ModuleList
    Module: Dropout
dropout设置为训练模式
    Module: Dropout
dropout设置为训练模式
    Module: Dropout
dropout设置为训练模式
  Module: ReLU
test_loss: 0.0827
epoch 28
train_loss: 0.1115
Module: DropoutFullyConnectedNN
  Module: ModuleList
    Module: Linear
    Module: Linear
    Module: Linear
  Module: ModuleList
    Module: Dropout
dropout设置为训练模式
    Module: Dropout
dropout设置为训练模式
    Module: Dropout
dropout设置为训练模式
  Module: ReLU
test_loss: 0.0820
epoch 29
train_loss: 0.1063
Module: DropoutFullyConnectedNN
  Module: ModuleList
    Module: Linear
    Module: Linear
    Module: Linear
  Module: ModuleList
    Module: Dropout
dropout设置为训练模式
    Module: Dropout
dropout设置为训练模式
    Module: Dropout
dropout设置为训练模式
  Module: ReLU
test_loss: 0.0837
epoch 30
train_loss: 0.1040
Module: DropoutFullyConnectedNN
  Module: ModuleList
    Module: Linear
    Module: Linear
    Module: Linear
  Module: ModuleList
    Module: Dropout
dropout设置为训练模式
    Module: Dropout
dropout设置为训练模式
    Module: Dropout
dropout设置为训练模式
  Module: ReLU
test_loss: 0.0839
epoch 31
train_loss: 0.1085
Module: DropoutFullyConnectedNN
  Module: ModuleList
    Module: Linear
    Module: Linear
    Module: Linear
  Module: ModuleList
    Module: Dropout
dropout设置为训练模式
    Module: Dropout
dropout设置为训练模式
    Module: Dropout
dropout设置为训练模式
  Module: ReLU
test_loss: 0.0863
epoch 32
train_loss: 0.1114
Module: DropoutFullyConnectedNN
  Module: ModuleList
    Module: Linear
    Module: Linear
    Module: Linear
  Module: ModuleList
    Module: Dropout
dropout设置为训练模式
    Module: Dropout
dropout设置为训练模式
    Module: Dropout
dropout设置为训练模式
  Module: ReLU
test_loss: 0.0824
epoch 33
train_loss: 0.1097
Module: DropoutFullyConnectedNN
  Module: ModuleList
    Module: Linear
    Module: Linear
    Module: Linear
  Module: ModuleList
    Module: Dropout
dropout设置为训练模式
    Module: Dropout
dropout设置为训练模式
    Module: Dropout
dropout设置为训练模式
  Module: ReLU
test_loss: 0.0815
epoch 34
train_loss: 0.0911
Module: DropoutFullyConnectedNN
  Module: ModuleList
    Module: Linear
    Module: Linear
    Module: Linear
  Module: ModuleList
    Module: Dropout
dropout设置为训练模式
    Module: Dropout
dropout设置为训练模式
    Module: Dropout
dropout设置为训练模式
  Module: ReLU
test_loss: 0.0851
epoch 35
train_loss: 0.0965
Module: DropoutFullyConnectedNN
  Module: ModuleList
    Module: Linear
    Module: Linear
    Module: Linear
  Module: ModuleList
    Module: Dropout
dropout设置为训练模式
    Module: Dropout
dropout设置为训练模式
    Module: Dropout
dropout设置为训练模式
  Module: ReLU
test_loss: 0.0877
epoch 36
train_loss: 0.1083
Module: DropoutFullyConnectedNN
  Module: ModuleList
    Module: Linear
    Module: Linear
    Module: Linear
  Module: ModuleList
    Module: Dropout
dropout设置为训练模式
    Module: Dropout
dropout设置为训练模式
    Module: Dropout
dropout设置为训练模式
  Module: ReLU
test_loss: 0.0847
epoch 37
train_loss: 0.0980
Module: DropoutFullyConnectedNN
  Module: ModuleList
    Module: Linear
    Module: Linear
    Module: Linear
  Module: ModuleList
    Module: Dropout
dropout设置为训练模式
    Module: Dropout
dropout设置为训练模式
    Module: Dropout
dropout设置为训练模式
  Module: ReLU
test_loss: 0.0870
epoch 38
train_loss: 0.0975
Module: DropoutFullyConnectedNN
  Module: ModuleList
    Module: Linear
    Module: Linear
    Module: Linear
  Module: ModuleList
    Module: Dropout
dropout设置为训练模式
    Module: Dropout
dropout设置为训练模式
    Module: Dropout
dropout设置为训练模式
  Module: ReLU
test_loss: 0.0881
epoch 39
train_loss: 0.0963
Module: DropoutFullyConnectedNN
  Module: ModuleList
    Module: Linear
    Module: Linear
    Module: Linear
  Module: ModuleList
    Module: Dropout
dropout设置为训练模式
    Module: Dropout
dropout设置为训练模式
    Module: Dropout
dropout设置为训练模式
  Module: ReLU
test_loss: 0.0882
epoch 40
train_loss: 0.0932
Module: DropoutFullyConnectedNN
  Module: ModuleList
    Module: Linear
    Module: Linear
    Module: Linear
  Module: ModuleList
    Module: Dropout
dropout设置为训练模式
    Module: Dropout
dropout设置为训练模式
    Module: Dropout
dropout设置为训练模式
  Module: ReLU
test_loss: 0.0881
epoch 41
train_loss: 0.0911
Module: DropoutFullyConnectedNN
  Module: ModuleList
    Module: Linear
    Module: Linear
    Module: Linear
  Module: ModuleList
    Module: Dropout
dropout设置为训练模式
    Module: Dropout
dropout设置为训练模式
    Module: Dropout
dropout设置为训练模式
  Module: ReLU
test_loss: 0.0899
epoch 42
train_loss: 0.0976
Module: DropoutFullyConnectedNN
  Module: ModuleList
    Module: Linear
    Module: Linear
    Module: Linear
  Module: ModuleList
    Module: Dropout
dropout设置为训练模式
    Module: Dropout
dropout设置为训练模式
    Module: Dropout
dropout设置为训练模式
  Module: ReLU
test_loss: 0.0940
epoch 43
train_loss: 0.0887
Module: DropoutFullyConnectedNN
  Module: ModuleList
    Module: Linear
    Module: Linear
    Module: Linear
  Module: ModuleList
    Module: Dropout
dropout设置为训练模式
    Module: Dropout
dropout设置为训练模式
    Module: Dropout
dropout设置为训练模式
  Module: ReLU
test_loss: 0.0913
epoch 44
train_loss: 0.0764
Module: DropoutFullyConnectedNN
  Module: ModuleList
    Module: Linear
    Module: Linear
    Module: Linear
  Module: ModuleList
    Module: Dropout
dropout设置为训练模式
    Module: Dropout
dropout设置为训练模式
    Module: Dropout
dropout设置为训练模式
  Module: ReLU
test_loss: 0.0873
epoch 45
train_loss: 0.0805
Module: DropoutFullyConnectedNN
  Module: ModuleList
    Module: Linear
    Module: Linear
    Module: Linear
  Module: ModuleList
    Module: Dropout
dropout设置为训练模式
    Module: Dropout
dropout设置为训练模式
    Module: Dropout
dropout设置为训练模式
  Module: ReLU
test_loss: 0.0924
epoch 46
train_loss: 0.0782
Module: DropoutFullyConnectedNN
  Module: ModuleList
    Module: Linear
    Module: Linear
    Module: Linear
  Module: ModuleList
    Module: Dropout
dropout设置为训练模式
    Module: Dropout
dropout设置为训练模式
    Module: Dropout
dropout设置为训练模式
  Module: ReLU
test_loss: 0.0881
epoch 47
train_loss: 0.0846
Module: DropoutFullyConnectedNN
  Module: ModuleList
    Module: Linear
    Module: Linear
    Module: Linear
  Module: ModuleList
    Module: Dropout
dropout设置为训练模式
    Module: Dropout
dropout设置为训练模式
    Module: Dropout
dropout设置为训练模式
  Module: ReLU
test_loss: 0.0902
epoch 48
train_loss: 0.0841
Module: DropoutFullyConnectedNN
  Module: ModuleList
    Module: Linear
    Module: Linear
    Module: Linear
  Module: ModuleList
    Module: Dropout
dropout设置为训练模式
    Module: Dropout
dropout设置为训练模式
    Module: Dropout
dropout设置为训练模式
  Module: ReLU
test_loss: 0.0856
epoch 49
train_loss: 0.0905
Module: DropoutFullyConnectedNN
  Module: ModuleList
    Module: Linear
    Module: Linear
    Module: Linear
  Module: ModuleList
    Module: Dropout
dropout设置为训练模式
    Module: Dropout
dropout设置为训练模式
    Module: Dropout
dropout设置为训练模式
  Module: ReLU
test_loss: 0.0985
epoch 50
train_loss: 0.0832
Module: DropoutFullyConnectedNN
  Module: ModuleList
    Module: Linear
    Module: Linear
    Module: Linear
  Module: ModuleList
    Module: Dropout
dropout设置为训练模式
    Module: Dropout
dropout设置为训练模式
    Module: Dropout
dropout设置为训练模式
  Module: ReLU
test_loss: 0.0965
epoch 51
train_loss: 0.0954
Module: DropoutFullyConnectedNN
  Module: ModuleList
    Module: Linear
    Module: Linear
    Module: Linear
  Module: ModuleList
    Module: Dropout
dropout设置为训练模式
    Module: Dropout
dropout设置为训练模式
    Module: Dropout
dropout设置为训练模式
  Module: ReLU
test_loss: 0.0889
epoch 52
train_loss: 0.0935
Module: DropoutFullyConnectedNN
  Module: ModuleList
    Module: Linear
    Module: Linear
    Module: Linear
  Module: ModuleList
    Module: Dropout
dropout设置为训练模式
    Module: Dropout
dropout设置为训练模式
    Module: Dropout
dropout设置为训练模式
  Module: ReLU
test_loss: 0.1000
epoch 53
train_loss: 0.0809
Module: DropoutFullyConnectedNN
  Module: ModuleList
    Module: Linear
    Module: Linear
    Module: Linear
  Module: ModuleList
    Module: Dropout
dropout设置为训练模式
    Module: Dropout
dropout设置为训练模式
    Module: Dropout
dropout设置为训练模式
  Module: ReLU
test_loss: 0.1027
epoch 54
train_loss: 0.0741
Module: DropoutFullyConnectedNN
  Module: ModuleList
    Module: Linear
    Module: Linear
    Module: Linear
  Module: ModuleList
    Module: Dropout
dropout设置为训练模式
    Module: Dropout
dropout设置为训练模式
    Module: Dropout
dropout设置为训练模式
  Module: ReLU
test_loss: 0.0907
epoch 55
train_loss: 0.0776
Module: DropoutFullyConnectedNN
  Module: ModuleList
    Module: Linear
    Module: Linear
    Module: Linear
  Module: ModuleList
    Module: Dropout
dropout设置为训练模式
    Module: Dropout
dropout设置为训练模式
    Module: Dropout
dropout设置为训练模式
  Module: ReLU
test_loss: 0.0897
epoch 56
train_loss: 0.0681
Module: DropoutFullyConnectedNN
  Module: ModuleList
    Module: Linear
    Module: Linear
    Module: Linear
  Module: ModuleList
    Module: Dropout
dropout设置为训练模式
    Module: Dropout
dropout设置为训练模式
    Module: Dropout
dropout设置为训练模式
  Module: ReLU
test_loss: 0.0931
epoch 57
train_loss: 0.0703
Module: DropoutFullyConnectedNN
  Module: ModuleList
    Module: Linear
    Module: Linear
    Module: Linear
  Module: ModuleList
    Module: Dropout
dropout设置为训练模式
    Module: Dropout
dropout设置为训练模式
    Module: Dropout
dropout设置为训练模式
  Module: ReLU
test_loss: 0.0940
epoch 58
train_loss: 0.0740
Module: DropoutFullyConnectedNN
  Module: ModuleList
    Module: Linear
    Module: Linear
    Module: Linear
  Module: ModuleList
    Module: Dropout
dropout设置为训练模式
    Module: Dropout
dropout设置为训练模式
    Module: Dropout
dropout设置为训练模式
  Module: ReLU
test_loss: 0.0902
epoch 59
train_loss: 0.0750
Module: DropoutFullyConnectedNN
  Module: ModuleList
    Module: Linear
    Module: Linear
    Module: Linear
  Module: ModuleList
    Module: Dropout
dropout设置为训练模式
    Module: Dropout
dropout设置为训练模式
    Module: Dropout
dropout设置为训练模式
  Module: ReLU
test_loss: 0.0896
epoch 60
train_loss: 0.0754
Module: DropoutFullyConnectedNN
  Module: ModuleList
    Module: Linear
    Module: Linear
    Module: Linear
  Module: ModuleList
    Module: Dropout
dropout设置为训练模式
    Module: Dropout
dropout设置为训练模式
    Module: Dropout
dropout设置为训练模式
  Module: ReLU
test_loss: 0.0927
epoch 61
train_loss: 0.0817
Module: DropoutFullyConnectedNN
  Module: ModuleList
    Module: Linear
    Module: Linear
    Module: Linear
  Module: ModuleList
    Module: Dropout
dropout设置为训练模式
    Module: Dropout
dropout设置为训练模式
    Module: Dropout
dropout设置为训练模式
  Module: ReLU
test_loss: 0.0970
epoch 62
train_loss: 0.0763
Module: DropoutFullyConnectedNN
  Module: ModuleList
    Module: Linear
    Module: Linear
    Module: Linear
  Module: ModuleList
    Module: Dropout
dropout设置为训练模式
    Module: Dropout
dropout设置为训练模式
    Module: Dropout
dropout设置为训练模式
  Module: ReLU
test_loss: 0.0975
epoch 63
train_loss: 0.0745
Module: DropoutFullyConnectedNN
  Module: ModuleList
    Module: Linear
    Module: Linear
    Module: Linear
  Module: ModuleList
    Module: Dropout
dropout设置为训练模式
    Module: Dropout
dropout设置为训练模式
    Module: Dropout
dropout设置为训练模式
  Module: ReLU
test_loss: 0.0887
epoch 64
train_loss: 0.0747
Module: DropoutFullyConnectedNN
  Module: ModuleList
    Module: Linear
    Module: Linear
    Module: Linear
  Module: ModuleList
    Module: Dropout
dropout设置为训练模式
    Module: Dropout
dropout设置为训练模式
    Module: Dropout
dropout设置为训练模式
  Module: ReLU
test_loss: 0.0902
epoch 65
train_loss: 0.0718
Module: DropoutFullyConnectedNN
  Module: ModuleList
    Module: Linear
    Module: Linear
    Module: Linear
  Module: ModuleList
    Module: Dropout
dropout设置为训练模式
    Module: Dropout
dropout设置为训练模式
    Module: Dropout
dropout设置为训练模式
  Module: ReLU
test_loss: 0.0948
epoch 66
train_loss: 0.0585
Module: DropoutFullyConnectedNN
  Module: ModuleList
    Module: Linear
    Module: Linear
    Module: Linear
  Module: ModuleList
    Module: Dropout
dropout设置为训练模式
    Module: Dropout
dropout设置为训练模式
    Module: Dropout
dropout设置为训练模式
  Module: ReLU
test_loss: 0.0929
epoch 67
train_loss: 0.0852
Module: DropoutFullyConnectedNN
  Module: ModuleList
    Module: Linear
    Module: Linear
    Module: Linear
  Module: ModuleList
    Module: Dropout
dropout设置为训练模式
    Module: Dropout
dropout设置为训练模式
    Module: Dropout
dropout设置为训练模式
  Module: ReLU
test_loss: 0.0995
epoch 68
train_loss: 0.0720
Module: DropoutFullyConnectedNN
  Module: ModuleList
    Module: Linear
    Module: Linear
    Module: Linear
  Module: ModuleList
    Module: Dropout
dropout设置为训练模式
    Module: Dropout
dropout设置为训练模式
    Module: Dropout
dropout设置为训练模式
  Module: ReLU
test_loss: 0.0997
epoch 69
train_loss: 0.0784
Module: DropoutFullyConnectedNN
  Module: ModuleList
    Module: Linear
    Module: Linear
    Module: Linear
  Module: ModuleList
    Module: Dropout
dropout设置为训练模式
    Module: Dropout
dropout设置为训练模式
    Module: Dropout
dropout设置为训练模式
  Module: ReLU
test_loss: 0.0929
epoch 70
train_loss: 0.0677
Module: DropoutFullyConnectedNN
  Module: ModuleList
    Module: Linear
    Module: Linear
    Module: Linear
  Module: ModuleList
    Module: Dropout
dropout设置为训练模式
    Module: Dropout
dropout设置为训练模式
    Module: Dropout
dropout设置为训练模式
  Module: ReLU
test_loss: 0.0930
epoch 71
train_loss: 0.0717
Module: DropoutFullyConnectedNN
  Module: ModuleList
    Module: Linear
    Module: Linear
    Module: Linear
  Module: ModuleList
    Module: Dropout
dropout设置为训练模式
    Module: Dropout
dropout设置为训练模式
    Module: Dropout
dropout设置为训练模式
  Module: ReLU
test_loss: 0.0874
epoch 72
train_loss: 0.0657
Module: DropoutFullyConnectedNN
  Module: ModuleList
    Module: Linear
    Module: Linear
    Module: Linear
  Module: ModuleList
    Module: Dropout
dropout设置为训练模式
    Module: Dropout
dropout设置为训练模式
    Module: Dropout
dropout设置为训练模式
  Module: ReLU
test_loss: 0.0881
epoch 73
train_loss: 0.0666
Module: DropoutFullyConnectedNN
  Module: ModuleList
    Module: Linear
    Module: Linear
    Module: Linear
  Module: ModuleList
    Module: Dropout
dropout设置为训练模式
    Module: Dropout
dropout设置为训练模式
    Module: Dropout
dropout设置为训练模式
  Module: ReLU
test_loss: 0.0848
epoch 74
train_loss: 0.0704
Module: DropoutFullyConnectedNN
  Module: ModuleList
    Module: Linear
    Module: Linear
    Module: Linear
  Module: ModuleList
    Module: Dropout
dropout设置为训练模式
    Module: Dropout
dropout设置为训练模式
    Module: Dropout
dropout设置为训练模式
  Module: ReLU
test_loss: 0.0886
epoch 75
train_loss: 0.0646
Module: DropoutFullyConnectedNN
  Module: ModuleList
    Module: Linear
    Module: Linear
    Module: Linear
  Module: ModuleList
    Module: Dropout
dropout设置为训练模式
    Module: Dropout
dropout设置为训练模式
    Module: Dropout
dropout设置为训练模式
  Module: ReLU
test_loss: 0.0879
epoch 76
train_loss: 0.0612
Module: DropoutFullyConnectedNN
  Module: ModuleList
    Module: Linear
    Module: Linear
    Module: Linear
  Module: ModuleList
    Module: Dropout
dropout设置为训练模式
    Module: Dropout
dropout设置为训练模式
    Module: Dropout
dropout设置为训练模式
  Module: ReLU
test_loss: 0.0900
epoch 77
train_loss: 0.0698
Module: DropoutFullyConnectedNN
  Module: ModuleList
    Module: Linear
    Module: Linear
    Module: Linear
  Module: ModuleList
    Module: Dropout
dropout设置为训练模式
    Module: Dropout
dropout设置为训练模式
    Module: Dropout
dropout设置为训练模式
  Module: ReLU
test_loss: 0.0891
epoch 78
train_loss: 0.0722
Module: DropoutFullyConnectedNN
  Module: ModuleList
    Module: Linear
    Module: Linear
    Module: Linear
  Module: ModuleList
    Module: Dropout
dropout设置为训练模式
    Module: Dropout
dropout设置为训练模式
    Module: Dropout
dropout设置为训练模式
  Module: ReLU
test_loss: 0.0855
epoch 79
train_loss: 0.0703
Module: DropoutFullyConnectedNN
  Module: ModuleList
    Module: Linear
    Module: Linear
    Module: Linear
  Module: ModuleList
    Module: Dropout
dropout设置为训练模式
    Module: Dropout
dropout设置为训练模式
    Module: Dropout
dropout设置为训练模式
  Module: ReLU
test_loss: 0.0792
epoch 80
train_loss: 0.0622
Module: DropoutFullyConnectedNN
  Module: ModuleList
    Module: Linear
    Module: Linear
    Module: Linear
  Module: ModuleList
    Module: Dropout
dropout设置为训练模式
    Module: Dropout
dropout设置为训练模式
    Module: Dropout
dropout设置为训练模式
  Module: ReLU
test_loss: 0.0867
epoch 81
train_loss: 0.0686
Module: DropoutFullyConnectedNN
  Module: ModuleList
    Module: Linear
    Module: Linear
    Module: Linear
  Module: ModuleList
    Module: Dropout
dropout设置为训练模式
    Module: Dropout
dropout设置为训练模式
    Module: Dropout
dropout设置为训练模式
  Module: ReLU
test_loss: 0.0857
epoch 82
train_loss: 0.0639
Module: DropoutFullyConnectedNN
  Module: ModuleList
    Module: Linear
    Module: Linear
    Module: Linear
  Module: ModuleList
    Module: Dropout
dropout设置为训练模式
    Module: Dropout
dropout设置为训练模式
    Module: Dropout
dropout设置为训练模式
  Module: ReLU
test_loss: 0.0852
epoch 83
train_loss: 0.0708
Module: DropoutFullyConnectedNN
  Module: ModuleList
    Module: Linear
    Module: Linear
    Module: Linear
  Module: ModuleList
    Module: Dropout
dropout设置为训练模式
    Module: Dropout
dropout设置为训练模式
    Module: Dropout
dropout设置为训练模式
  Module: ReLU
test_loss: 0.0856
epoch 84
train_loss: 0.0731
Module: DropoutFullyConnectedNN
  Module: ModuleList
    Module: Linear
    Module: Linear
    Module: Linear
  Module: ModuleList
    Module: Dropout
dropout设置为训练模式
    Module: Dropout
dropout设置为训练模式
    Module: Dropout
dropout设置为训练模式
  Module: ReLU
test_loss: 0.0919
epoch 85
train_loss: 0.0693
Module: DropoutFullyConnectedNN
  Module: ModuleList
    Module: Linear
    Module: Linear
    Module: Linear
  Module: ModuleList
    Module: Dropout
dropout设置为训练模式
    Module: Dropout
dropout设置为训练模式
    Module: Dropout
dropout设置为训练模式
  Module: ReLU
test_loss: 0.0990
epoch 86
train_loss: 0.0611
Module: DropoutFullyConnectedNN
  Module: ModuleList
    Module: Linear
    Module: Linear
    Module: Linear
  Module: ModuleList
    Module: Dropout
dropout设置为训练模式
    Module: Dropout
dropout设置为训练模式
    Module: Dropout
dropout设置为训练模式
  Module: ReLU
test_loss: 0.0926
epoch 87
train_loss: 0.0678
Module: DropoutFullyConnectedNN
  Module: ModuleList
    Module: Linear
    Module: Linear
    Module: Linear
  Module: ModuleList
    Module: Dropout
dropout设置为训练模式
    Module: Dropout
dropout设置为训练模式
    Module: Dropout
dropout设置为训练模式
  Module: ReLU
test_loss: 0.0870
epoch 88
train_loss: 0.0729
Module: DropoutFullyConnectedNN
  Module: ModuleList
    Module: Linear
    Module: Linear
    Module: Linear
  Module: ModuleList
    Module: Dropout
dropout设置为训练模式
    Module: Dropout
dropout设置为训练模式
    Module: Dropout
dropout设置为训练模式
  Module: ReLU
test_loss: 0.0882
epoch 89
train_loss: 0.0739
Module: DropoutFullyConnectedNN
  Module: ModuleList
    Module: Linear
    Module: Linear
    Module: Linear
  Module: ModuleList
    Module: Dropout
dropout设置为训练模式
    Module: Dropout
dropout设置为训练模式
    Module: Dropout
dropout设置为训练模式
  Module: ReLU
test_loss: 0.0858
epoch 90
train_loss: 0.0612
Module: DropoutFullyConnectedNN
  Module: ModuleList
    Module: Linear
    Module: Linear
    Module: Linear
  Module: ModuleList
    Module: Dropout
dropout设置为训练模式
    Module: Dropout
dropout设置为训练模式
    Module: Dropout
dropout设置为训练模式
  Module: ReLU
test_loss: 0.0861
epoch 91
train_loss: 0.0674
Module: DropoutFullyConnectedNN
  Module: ModuleList
    Module: Linear
    Module: Linear
    Module: Linear
  Module: ModuleList
    Module: Dropout
dropout设置为训练模式
    Module: Dropout
dropout设置为训练模式
    Module: Dropout
dropout设置为训练模式
  Module: ReLU
test_loss: 0.0822
epoch 92
train_loss: 0.0600
Module: DropoutFullyConnectedNN
  Module: ModuleList
    Module: Linear
    Module: Linear
    Module: Linear
  Module: ModuleList
    Module: Dropout
dropout设置为训练模式
    Module: Dropout
dropout设置为训练模式
    Module: Dropout
dropout设置为训练模式
  Module: ReLU
test_loss: 0.0864
epoch 93
train_loss: 0.0600
Module: DropoutFullyConnectedNN
  Module: ModuleList
    Module: Linear
    Module: Linear
    Module: Linear
  Module: ModuleList
    Module: Dropout
dropout设置为训练模式
    Module: Dropout
dropout设置为训练模式
    Module: Dropout
dropout设置为训练模式
  Module: ReLU
test_loss: 0.0859
epoch 94
train_loss: 0.0671
Module: DropoutFullyConnectedNN
  Module: ModuleList
    Module: Linear
    Module: Linear
    Module: Linear
  Module: ModuleList
    Module: Dropout
dropout设置为训练模式
    Module: Dropout
dropout设置为训练模式
    Module: Dropout
dropout设置为训练模式
  Module: ReLU
test_loss: 0.0869
epoch 95
train_loss: 0.0623
Module: DropoutFullyConnectedNN
  Module: ModuleList
    Module: Linear
    Module: Linear
    Module: Linear
  Module: ModuleList
    Module: Dropout
dropout设置为训练模式
    Module: Dropout
dropout设置为训练模式
    Module: Dropout
dropout设置为训练模式
  Module: ReLU
test_loss: 0.0925
epoch 96
train_loss: 0.0583
Module: DropoutFullyConnectedNN
  Module: ModuleList
    Module: Linear
    Module: Linear
    Module: Linear
  Module: ModuleList
    Module: Dropout
dropout设置为训练模式
    Module: Dropout
dropout设置为训练模式
    Module: Dropout
dropout设置为训练模式
  Module: ReLU
test_loss: 0.0938
epoch 97
train_loss: 0.0710
Module: DropoutFullyConnectedNN
  Module: ModuleList
    Module: Linear
    Module: Linear
    Module: Linear
  Module: ModuleList
    Module: Dropout
dropout设置为训练模式
    Module: Dropout
dropout设置为训练模式
    Module: Dropout
dropout设置为训练模式
  Module: ReLU
test_loss: 0.0823
epoch 98
train_loss: 0.0629
Module: DropoutFullyConnectedNN
  Module: ModuleList
    Module: Linear
    Module: Linear
    Module: Linear
  Module: ModuleList
    Module: Dropout
dropout设置为训练模式
    Module: Dropout
dropout设置为训练模式
    Module: Dropout
dropout设置为训练模式
  Module: ReLU
test_loss: 0.0748
epoch 99
train_loss: 0.0610
Module: DropoutFullyConnectedNN
  Module: ModuleList
    Module: Linear
    Module: Linear
    Module: Linear
  Module: ModuleList
    Module: Dropout
dropout设置为训练模式
    Module: Dropout
dropout设置为训练模式
    Module: Dropout
dropout设置为训练模式
  Module: ReLU
test_loss: 0.0830
epoch 100
train_loss: 0.0620
Module: DropoutFullyConnectedNN
  Module: ModuleList
    Module: Linear
    Module: Linear
    Module: Linear
  Module: ModuleList
    Module: Dropout
dropout设置为训练模式
    Module: Dropout
dropout设置为训练模式
    Module: Dropout
dropout设置为训练模式
  Module: ReLU
test_loss: 0.0899
epoch 101
train_loss: 0.0574
Module: DropoutFullyConnectedNN
  Module: ModuleList
    Module: Linear
    Module: Linear
    Module: Linear
  Module: ModuleList
    Module: Dropout
dropout设置为训练模式
    Module: Dropout
dropout设置为训练模式
    Module: Dropout
dropout设置为训练模式
  Module: ReLU
test_loss: 0.0856
epoch 102
train_loss: 0.0610
Module: DropoutFullyConnectedNN
  Module: ModuleList
    Module: Linear
    Module: Linear
    Module: Linear
  Module: ModuleList
    Module: Dropout
dropout设置为训练模式
    Module: Dropout
dropout设置为训练模式
    Module: Dropout
dropout设置为训练模式
  Module: ReLU
test_loss: 0.0853
epoch 103
train_loss: 0.0563
Module: DropoutFullyConnectedNN
  Module: ModuleList
    Module: Linear
    Module: Linear
    Module: Linear
  Module: ModuleList
    Module: Dropout
dropout设置为训练模式
    Module: Dropout
dropout设置为训练模式
    Module: Dropout
dropout设置为训练模式
  Module: ReLU
test_loss: 0.0882
epoch 104
train_loss: 0.0695
Module: DropoutFullyConnectedNN
  Module: ModuleList
    Module: Linear
    Module: Linear
    Module: Linear
  Module: ModuleList
    Module: Dropout
dropout设置为训练模式
    Module: Dropout
dropout设置为训练模式
    Module: Dropout
dropout设置为训练模式
  Module: ReLU
test_loss: 0.0868
epoch 105
train_loss: 0.0637
Module: DropoutFullyConnectedNN
  Module: ModuleList
    Module: Linear
    Module: Linear
    Module: Linear
  Module: ModuleList
    Module: Dropout
dropout设置为训练模式
    Module: Dropout
dropout设置为训练模式
    Module: Dropout
dropout设置为训练模式
  Module: ReLU
test_loss: 0.0813
epoch 106
train_loss: 0.0623
Module: DropoutFullyConnectedNN
  Module: ModuleList
    Module: Linear
    Module: Linear
    Module: Linear
  Module: ModuleList
    Module: Dropout
dropout设置为训练模式
    Module: Dropout
dropout设置为训练模式
    Module: Dropout
dropout设置为训练模式
  Module: ReLU
test_loss: 0.0889
epoch 107
train_loss: 0.0560
Module: DropoutFullyConnectedNN
  Module: ModuleList
    Module: Linear
    Module: Linear
    Module: Linear
  Module: ModuleList
    Module: Dropout
dropout设置为训练模式
    Module: Dropout
dropout设置为训练模式
    Module: Dropout
dropout设置为训练模式
  Module: ReLU
test_loss: 0.0882
epoch 108
train_loss: 0.0513
Module: DropoutFullyConnectedNN
  Module: ModuleList
    Module: Linear
    Module: Linear
    Module: Linear
  Module: ModuleList
    Module: Dropout
dropout设置为训练模式
    Module: Dropout
dropout设置为训练模式
    Module: Dropout
dropout设置为训练模式
  Module: ReLU
test_loss: 0.0868
epoch 109
train_loss: 0.0576
Module: DropoutFullyConnectedNN
  Module: ModuleList
    Module: Linear
    Module: Linear
    Module: Linear
  Module: ModuleList
    Module: Dropout
dropout设置为训练模式
    Module: Dropout
dropout设置为训练模式
    Module: Dropout
dropout设置为训练模式
  Module: ReLU
test_loss: 0.0822
epoch 110
train_loss: 0.0593
Module: DropoutFullyConnectedNN
  Module: ModuleList
    Module: Linear
    Module: Linear
    Module: Linear
  Module: ModuleList
    Module: Dropout
dropout设置为训练模式
    Module: Dropout
dropout设置为训练模式
    Module: Dropout
dropout设置为训练模式
  Module: ReLU
test_loss: 0.0815
epoch 111
train_loss: 0.0521
Module: DropoutFullyConnectedNN
  Module: ModuleList
    Module: Linear
    Module: Linear
    Module: Linear
  Module: ModuleList
    Module: Dropout
dropout设置为训练模式
    Module: Dropout
dropout设置为训练模式
    Module: Dropout
dropout设置为训练模式
  Module: ReLU
test_loss: 0.0782
epoch 112
train_loss: 0.0562
Module: DropoutFullyConnectedNN
  Module: ModuleList
    Module: Linear
    Module: Linear
    Module: Linear
  Module: ModuleList
    Module: Dropout
dropout设置为训练模式
    Module: Dropout
dropout设置为训练模式
    Module: Dropout
dropout设置为训练模式
  Module: ReLU
test_loss: 0.0769
epoch 113
train_loss: 0.0571
Module: DropoutFullyConnectedNN
  Module: ModuleList
    Module: Linear
    Module: Linear
    Module: Linear
  Module: ModuleList
    Module: Dropout
dropout设置为训练模式
    Module: Dropout
dropout设置为训练模式
    Module: Dropout
dropout设置为训练模式
  Module: ReLU
test_loss: 0.0834
epoch 114
train_loss: 0.0489
Module: DropoutFullyConnectedNN
  Module: ModuleList
    Module: Linear
    Module: Linear
    Module: Linear
  Module: ModuleList
    Module: Dropout
dropout设置为训练模式
    Module: Dropout
dropout设置为训练模式
    Module: Dropout
dropout设置为训练模式
  Module: ReLU
test_loss: 0.0839
epoch 115
train_loss: 0.0547
Module: DropoutFullyConnectedNN
  Module: ModuleList
    Module: Linear
    Module: Linear
    Module: Linear
  Module: ModuleList
    Module: Dropout
dropout设置为训练模式
    Module: Dropout
dropout设置为训练模式
    Module: Dropout
dropout设置为训练模式
  Module: ReLU
test_loss: 0.0834
epoch 116
train_loss: 0.0583
Module: DropoutFullyConnectedNN
  Module: ModuleList
    Module: Linear
    Module: Linear
    Module: Linear
  Module: ModuleList
    Module: Dropout
dropout设置为训练模式
    Module: Dropout
dropout设置为训练模式
    Module: Dropout
dropout设置为训练模式
  Module: ReLU
test_loss: 0.0770
epoch 117
train_loss: 0.0634
Module: DropoutFullyConnectedNN
  Module: ModuleList
    Module: Linear
    Module: Linear
    Module: Linear
  Module: ModuleList
    Module: Dropout
dropout设置为训练模式
    Module: Dropout
dropout设置为训练模式
    Module: Dropout
dropout设置为训练模式
  Module: ReLU
test_loss: 0.0806
epoch 118
train_loss: 0.0524
Module: DropoutFullyConnectedNN
  Module: ModuleList
    Module: Linear
    Module: Linear
    Module: Linear
  Module: ModuleList
    Module: Dropout
dropout设置为训练模式
    Module: Dropout
dropout设置为训练模式
    Module: Dropout
dropout设置为训练模式
  Module: ReLU
test_loss: 0.0851
epoch 119
train_loss: 0.0573
Module: DropoutFullyConnectedNN
  Module: ModuleList
    Module: Linear
    Module: Linear
    Module: Linear
  Module: ModuleList
    Module: Dropout
dropout设置为训练模式
    Module: Dropout
dropout设置为训练模式
    Module: Dropout
dropout设置为训练模式
  Module: ReLU
test_loss: 0.0719
epoch 120
train_loss: 0.0549
Module: DropoutFullyConnectedNN
  Module: ModuleList
    Module: Linear
    Module: Linear
    Module: Linear
  Module: ModuleList
    Module: Dropout
dropout设置为训练模式
    Module: Dropout
dropout设置为训练模式
    Module: Dropout
dropout设置为训练模式
  Module: ReLU
test_loss: 0.0748
epoch 121
train_loss: 0.0548
Module: DropoutFullyConnectedNN
  Module: ModuleList
    Module: Linear
    Module: Linear
    Module: Linear
  Module: ModuleList
    Module: Dropout
dropout设置为训练模式
    Module: Dropout
dropout设置为训练模式
    Module: Dropout
dropout设置为训练模式
  Module: ReLU
test_loss: 0.0792
epoch 122
train_loss: 0.0484
Module: DropoutFullyConnectedNN
  Module: ModuleList
    Module: Linear
    Module: Linear
    Module: Linear
  Module: ModuleList
    Module: Dropout
dropout设置为训练模式
    Module: Dropout
dropout设置为训练模式
    Module: Dropout
dropout设置为训练模式
  Module: ReLU
test_loss: 0.0852
epoch 123
train_loss: 0.0656
Module: DropoutFullyConnectedNN
  Module: ModuleList
    Module: Linear
    Module: Linear
    Module: Linear
  Module: ModuleList
    Module: Dropout
dropout设置为训练模式
    Module: Dropout
dropout设置为训练模式
    Module: Dropout
dropout设置为训练模式
  Module: ReLU
test_loss: 0.0866
epoch 124
train_loss: 0.0505
Module: DropoutFullyConnectedNN
  Module: ModuleList
    Module: Linear
    Module: Linear
    Module: Linear
  Module: ModuleList
    Module: Dropout
dropout设置为训练模式
    Module: Dropout
dropout设置为训练模式
    Module: Dropout
dropout设置为训练模式
  Module: ReLU
test_loss: 0.0824
epoch 125
train_loss: 0.0612
Module: DropoutFullyConnectedNN
  Module: ModuleList
    Module: Linear
    Module: Linear
    Module: Linear
  Module: ModuleList
    Module: Dropout
dropout设置为训练模式
    Module: Dropout
dropout设置为训练模式
    Module: Dropout
dropout设置为训练模式
  Module: ReLU
test_loss: 0.0804
epoch 126
train_loss: 0.0448
Module: DropoutFullyConnectedNN
  Module: ModuleList
    Module: Linear
    Module: Linear
    Module: Linear
  Module: ModuleList
    Module: Dropout
dropout设置为训练模式
    Module: Dropout
dropout设置为训练模式
    Module: Dropout
dropout设置为训练模式
  Module: ReLU
test_loss: 0.0823
epoch 127
train_loss: 0.0602
Module: DropoutFullyConnectedNN
  Module: ModuleList
    Module: Linear
    Module: Linear
    Module: Linear
  Module: ModuleList
    Module: Dropout
dropout设置为训练模式
    Module: Dropout
dropout设置为训练模式
    Module: Dropout
dropout设置为训练模式
  Module: ReLU
test_loss: 0.0732
epoch 128
train_loss: 0.0627
Module: DropoutFullyConnectedNN
  Module: ModuleList
    Module: Linear
    Module: Linear
    Module: Linear
  Module: ModuleList
    Module: Dropout
dropout设置为训练模式
    Module: Dropout
dropout设置为训练模式
    Module: Dropout
dropout设置为训练模式
  Module: ReLU
test_loss: 0.0744
epoch 129
train_loss: 0.0578
Module: DropoutFullyConnectedNN
  Module: ModuleList
    Module: Linear
    Module: Linear
    Module: Linear
  Module: ModuleList
    Module: Dropout
dropout设置为训练模式
    Module: Dropout
dropout设置为训练模式
    Module: Dropout
dropout设置为训练模式
  Module: ReLU
test_loss: 0.0776
epoch 130
train_loss: 0.0560
Module: DropoutFullyConnectedNN
  Module: ModuleList
    Module: Linear
    Module: Linear
    Module: Linear
  Module: ModuleList
    Module: Dropout
dropout设置为训练模式
    Module: Dropout
dropout设置为训练模式
    Module: Dropout
dropout设置为训练模式
  Module: ReLU
test_loss: 0.0727
epoch 131
train_loss: 0.0526
Module: DropoutFullyConnectedNN
  Module: ModuleList
    Module: Linear
    Module: Linear
    Module: Linear
  Module: ModuleList
    Module: Dropout
dropout设置为训练模式
    Module: Dropout
dropout设置为训练模式
    Module: Dropout
dropout设置为训练模式
  Module: ReLU
test_loss: 0.0835
epoch 132
train_loss: 0.0540
Module: DropoutFullyConnectedNN
  Module: ModuleList
    Module: Linear
    Module: Linear
    Module: Linear
  Module: ModuleList
    Module: Dropout
dropout设置为训练模式
    Module: Dropout
dropout设置为训练模式
    Module: Dropout
dropout设置为训练模式
  Module: ReLU
test_loss: 0.0800
epoch 133
train_loss: 0.0527
Module: DropoutFullyConnectedNN
  Module: ModuleList
    Module: Linear
    Module: Linear
    Module: Linear
  Module: ModuleList
    Module: Dropout
dropout设置为训练模式
    Module: Dropout
dropout设置为训练模式
    Module: Dropout
dropout设置为训练模式
  Module: ReLU
test_loss: 0.0810
epoch 134
train_loss: 0.0511
Module: DropoutFullyConnectedNN
  Module: ModuleList
    Module: Linear
    Module: Linear
    Module: Linear
  Module: ModuleList
    Module: Dropout
dropout设置为训练模式
    Module: Dropout
dropout设置为训练模式
    Module: Dropout
dropout设置为训练模式
  Module: ReLU
test_loss: 0.0850
epoch 135
train_loss: 0.0536
Module: DropoutFullyConnectedNN
  Module: ModuleList
    Module: Linear
    Module: Linear
    Module: Linear
  Module: ModuleList
    Module: Dropout
dropout设置为训练模式
    Module: Dropout
dropout设置为训练模式
    Module: Dropout
dropout设置为训练模式
  Module: ReLU
test_loss: 0.0767
epoch 136
train_loss: 0.0534
Module: DropoutFullyConnectedNN
  Module: ModuleList
    Module: Linear
    Module: Linear
    Module: Linear
  Module: ModuleList
    Module: Dropout
dropout设置为训练模式
    Module: Dropout
dropout设置为训练模式
    Module: Dropout
dropout设置为训练模式
  Module: ReLU
test_loss: 0.0816
epoch 137
train_loss: 0.0536
Module: DropoutFullyConnectedNN
  Module: ModuleList
    Module: Linear
    Module: Linear
    Module: Linear
  Module: ModuleList
    Module: Dropout
dropout设置为训练模式
    Module: Dropout
dropout设置为训练模式
    Module: Dropout
dropout设置为训练模式
  Module: ReLU
test_loss: 0.0761
epoch 138
train_loss: 0.0575
Module: DropoutFullyConnectedNN
  Module: ModuleList
    Module: Linear
    Module: Linear
    Module: Linear
  Module: ModuleList
    Module: Dropout
dropout设置为训练模式
    Module: Dropout
dropout设置为训练模式
    Module: Dropout
dropout设置为训练模式
  Module: ReLU
test_loss: 0.0845
epoch 139
train_loss: 0.0555
Module: DropoutFullyConnectedNN
  Module: ModuleList
    Module: Linear
    Module: Linear
    Module: Linear
  Module: ModuleList
    Module: Dropout
dropout设置为训练模式
    Module: Dropout
dropout设置为训练模式
    Module: Dropout
dropout设置为训练模式
  Module: ReLU
test_loss: 0.0955
/home/xueqiong/noise_injection_uncertainty/regression/utils.py:39: FutureWarning: The 'delim_whitespace' keyword in pd.read_csv is deprecated and will be removed in a future version. Use ``sep='\s+'`` instead
  return pd.read_csv(dataset_path, engine='python', header=None, delim_whitespace=True)
13 1
405 101 506
model_name fixnoiseFCN
using Adam as optimizer
epoch 0
train_loss: 0.8428
test_loss: 0.6956
epoch 1
train_loss: 0.5857
test_loss: 0.5680
epoch 2
train_loss: 0.4594
test_loss: 0.3932
epoch 3
train_loss: 0.3272
test_loss: 0.2281
epoch 4
train_loss: 0.2578
test_loss: 0.1551
epoch 5
train_loss: 0.2344
test_loss: 0.1427
epoch 6
train_loss: 0.2066
test_loss: 0.1282
epoch 7
train_loss: 0.1894
test_loss: 0.1114
epoch 8
train_loss: 0.1740
test_loss: 0.1000
epoch 9
train_loss: 0.1558
test_loss: 0.0906
epoch 10
train_loss: 0.1555
test_loss: 0.0900
epoch 11
train_loss: 0.1410
test_loss: 0.0897
epoch 12
train_loss: 0.1318
test_loss: 0.0844
epoch 13
train_loss: 0.1212
test_loss: 0.0818
epoch 14
train_loss: 0.1138
test_loss: 0.0820
epoch 15
train_loss: 0.1148
test_loss: 0.0797
epoch 16
train_loss: 0.1049
test_loss: 0.0782
epoch 17
train_loss: 0.1003
test_loss: 0.0824
epoch 18
train_loss: 0.1001
test_loss: 0.0762
epoch 19
train_loss: 0.1001
test_loss: 0.0760
epoch 20
train_loss: 0.0924
test_loss: 0.0738
epoch 21
train_loss: 0.0874
test_loss: 0.0782
epoch 22
train_loss: 0.0879
test_loss: 0.0764
epoch 23
train_loss: 0.0900
test_loss: 0.0883
epoch 24
train_loss: 0.0904
test_loss: 0.0853
epoch 25
train_loss: 0.0794
test_loss: 0.0745
epoch 26
train_loss: 0.0765
test_loss: 0.0757
epoch 27
train_loss: 0.0785
test_loss: 0.0812
epoch 28
train_loss: 0.0785
test_loss: 0.0730
epoch 29
train_loss: 0.0759
test_loss: 0.0803
epoch 30
train_loss: 0.0770
test_loss: 0.0776
epoch 31
train_loss: 0.0740
test_loss: 0.0766
epoch 32
train_loss: 0.0722
test_loss: 0.0753
epoch 33
train_loss: 0.0655
test_loss: 0.0789
epoch 34
train_loss: 0.0754
test_loss: 0.0848
epoch 35
train_loss: 0.0686
test_loss: 0.0763
epoch 36
train_loss: 0.0632
test_loss: 0.0768
epoch 37
train_loss: 0.0752
test_loss: 0.0808
epoch 38
train_loss: 0.0715
test_loss: 0.0822
epoch 39
train_loss: 0.0706
test_loss: 0.0862
epoch 40
train_loss: 0.0695
test_loss: 0.0764
epoch 41
train_loss: 0.0662
test_loss: 0.0721
epoch 42
train_loss: 0.0605
test_loss: 0.0738
epoch 43
train_loss: 0.0595
test_loss: 0.0723
epoch 44
train_loss: 0.0617
test_loss: 0.0731
epoch 45
train_loss: 0.0538
test_loss: 0.0778
epoch 46
train_loss: 0.0572
test_loss: 0.0677
epoch 47
train_loss: 0.0564
test_loss: 0.0781
epoch 48
train_loss: 0.0610
test_loss: 0.0739
epoch 49
train_loss: 0.0588
test_loss: 0.0728
/home/xueqiong/noise_injection_uncertainty/regression/utils.py:39: FutureWarning: The 'delim_whitespace' keyword in pd.read_csv is deprecated and will be removed in a future version. Use ``sep='\s+'`` instead
  return pd.read_csv(dataset_path, engine='python', header=None, delim_whitespace=True)
13 1
405 101 506
model_name noisyFCN
using Adam as optimizer
epoch 0
train_loss: 0.8043
test_loss: 0.6042
epoch 1
train_loss: 0.4719
test_loss: 0.3273
epoch 2
train_loss: 0.2952
test_loss: 0.1564
epoch 3
train_loss: 0.2351
test_loss: 0.1218
epoch 4
train_loss: 0.2110
test_loss: 0.1180
epoch 5
train_loss: 0.1886
test_loss: 0.1050
epoch 6
train_loss: 0.1740
test_loss: 0.0967
epoch 7
train_loss: 0.1586
test_loss: 0.0925
epoch 8
train_loss: 0.1502
test_loss: 0.0894
epoch 9
train_loss: 0.1393
test_loss: 0.0847
epoch 10
train_loss: 0.1314
test_loss: 0.0825
epoch 11
train_loss: 0.1246
test_loss: 0.0815
epoch 12
train_loss: 0.1188
test_loss: 0.0789
epoch 13
train_loss: 0.1123
test_loss: 0.0779
epoch 14
train_loss: 0.1062
test_loss: 0.0787
epoch 15
train_loss: 0.1026
test_loss: 0.0779
epoch 16
train_loss: 0.0978
test_loss: 0.0778
epoch 17
train_loss: 0.0928
test_loss: 0.0775
epoch 18
train_loss: 0.0894
test_loss: 0.0776
epoch 19
train_loss: 0.0851
test_loss: 0.0780
epoch 20
train_loss: 0.0832
test_loss: 0.0790
epoch 21
train_loss: 0.0793
test_loss: 0.0777
epoch 22
train_loss: 0.0765
test_loss: 0.0792
epoch 23
train_loss: 0.0745
test_loss: 0.0775
epoch 24
train_loss: 0.0718
test_loss: 0.0785
epoch 25
train_loss: 0.0702
test_loss: 0.0787
epoch 26
train_loss: 0.0675
test_loss: 0.0793
epoch 27
train_loss: 0.0653
test_loss: 0.0789
epoch 28
train_loss: 0.0630
test_loss: 0.0784
epoch 29
train_loss: 0.0618
test_loss: 0.0783
epoch 30
train_loss: 0.0599
test_loss: 0.0791
epoch 31
train_loss: 0.0588
test_loss: 0.0775
epoch 32
train_loss: 0.0577
test_loss: 0.0767
epoch 33
train_loss: 0.0563
test_loss: 0.0772
epoch 34
train_loss: 0.0552
test_loss: 0.0766
epoch 35
train_loss: 0.0541
test_loss: 0.0772
epoch 36
train_loss: 0.0532
test_loss: 0.0759
epoch 37
train_loss: 0.0520
test_loss: 0.0762
epoch 38
train_loss: 0.0508
test_loss: 0.0749
epoch 39
train_loss: 0.0498
test_loss: 0.0763
epoch 40
train_loss: 0.0487
test_loss: 0.0749
epoch 41
train_loss: 0.0476
test_loss: 0.0746
epoch 42
train_loss: 0.0466
test_loss: 0.0741
epoch 43
train_loss: 0.0458
test_loss: 0.0739
epoch 44
train_loss: 0.0451
test_loss: 0.0723
epoch 45
train_loss: 0.0443
test_loss: 0.0728
epoch 46
train_loss: 0.0434
test_loss: 0.0715
epoch 47
train_loss: 0.0425
test_loss: 0.0726
epoch 48
train_loss: 0.0420
test_loss: 0.0716
epoch 49
train_loss: 0.0413
test_loss: 0.0731
epoch 50
train_loss: 0.0407
test_loss: 0.0733
epoch 51
train_loss: 0.0401
test_loss: 0.0728
epoch 52
train_loss: 0.0402
test_loss: 0.0737
epoch 53
train_loss: 0.0393
test_loss: 0.0730
epoch 54
train_loss: 0.0383
test_loss: 0.0743
epoch 55
train_loss: 0.0377
test_loss: 0.0746
epoch 56
train_loss: 0.0373
test_loss: 0.0748
epoch 57
train_loss: 0.0365
test_loss: 0.0755
epoch 58
train_loss: 0.0358
test_loss: 0.0741
epoch 59
train_loss: 0.0352
test_loss: 0.0759
epoch 60
train_loss: 0.0347
test_loss: 0.0758
epoch 61
train_loss: 0.0346
test_loss: 0.0764
epoch 62
train_loss: 0.0338
test_loss: 0.0741
epoch 63
train_loss: 0.0329
test_loss: 0.0756
epoch 64
train_loss: 0.0319
test_loss: 0.0759
epoch 65
train_loss: 0.0316
test_loss: 0.0761
epoch 66
train_loss: 0.0312
test_loss: 0.0744
epoch 67
train_loss: 0.0306
test_loss: 0.0766
epoch 68
train_loss: 0.0302
test_loss: 0.0756
epoch 69
train_loss: 0.0291
test_loss: 0.0758
epoch 70
train_loss: 0.0282
test_loss: 0.0751
epoch 71
train_loss: 0.0276
test_loss: 0.0761
epoch 72
train_loss: 0.0271
test_loss: 0.0772
epoch 73
train_loss: 0.0267
test_loss: 0.0763
epoch 74
train_loss: 0.0262
test_loss: 0.0786
epoch 75
train_loss: 0.0256
test_loss: 0.0786
epoch 76
train_loss: 0.0252
test_loss: 0.0792
epoch 77
train_loss: 0.0248
test_loss: 0.0777
epoch 78
train_loss: 0.0245
test_loss: 0.0798
epoch 79
train_loss: 0.0242
test_loss: 0.0807
epoch 80
train_loss: 0.0241
test_loss: 0.0808
epoch 81
train_loss: 0.0238
test_loss: 0.0805
epoch 82
train_loss: 0.0233
test_loss: 0.0806
epoch 83
train_loss: 0.0234
test_loss: 0.0830
epoch 84
train_loss: 0.0230
test_loss: 0.0823
epoch 85
train_loss: 0.0227
test_loss: 0.0846
epoch 86
train_loss: 0.0224
test_loss: 0.0844
epoch 87
train_loss: 0.0220
test_loss: 0.0848
epoch 88
train_loss: 0.0223
test_loss: 0.0870
epoch 89
train_loss: 0.0217
test_loss: 0.0866
epoch 90
train_loss: 0.0217
test_loss: 0.0869
epoch 91
train_loss: 0.0217
test_loss: 0.0905
epoch 92
train_loss: 0.0224
test_loss: 0.0885
epoch 93
train_loss: 0.0214
test_loss: 0.0907
epoch 94
train_loss: 0.0214
test_loss: 0.0921
epoch 95
train_loss: 0.0214
test_loss: 0.0962
epoch 96
train_loss: 0.0215
test_loss: 0.0920
epoch 97
train_loss: 0.0223
test_loss: 0.0965
epoch 98
train_loss: 0.0225
test_loss: 0.0908
epoch 99
train_loss: 0.0263
test_loss: 0.0951
epoch 100
train_loss: 0.0265
test_loss: 0.0913
epoch 101
train_loss: 0.0266
test_loss: 0.0931
epoch 102
train_loss: 0.0269
test_loss: 0.0890
epoch 103
train_loss: 0.0283
test_loss: 0.0882
epoch 104
train_loss: 0.0258
test_loss: 0.0862
epoch 105
train_loss: 0.0290
test_loss: 0.0821
epoch 106
train_loss: 0.0336
test_loss: 0.0908
epoch 107
train_loss: 0.0358
test_loss: 0.0991
epoch 108
train_loss: 0.0389
test_loss: 0.1357
epoch 109
train_loss: 0.0533
test_loss: 0.1464
/home/xueqiong/noise_injection_uncertainty/regression/utils.py:39: FutureWarning: The 'delim_whitespace' keyword in pd.read_csv is deprecated and will be removed in a future version. Use ``sep='\s+'`` instead
  return pd.read_csv(dataset_path, engine='python', header=None, delim_whitespace=True)
8 1
824 206 1030
model_name FCN
using Adam as optimizer
epoch 0
train_loss: 0.9740
test_loss: 0.9553
epoch 1
train_loss: 0.9368
test_loss: 0.9212
epoch 2
train_loss: 0.9021
test_loss: 0.8883
epoch 3
train_loss: 0.8683
test_loss: 0.8554
epoch 4
train_loss: 0.8343
test_loss: 0.8216
epoch 5
train_loss: 0.7995
test_loss: 0.7860
epoch 6
train_loss: 0.7634
test_loss: 0.7490
epoch 7
train_loss: 0.7260
test_loss: 0.7106
epoch 8
train_loss: 0.6875
test_loss: 0.6709
epoch 9
train_loss: 0.6480
test_loss: 0.6300
epoch 10
train_loss: 0.6081
test_loss: 0.5896
epoch 11
train_loss: 0.5695
test_loss: 0.5510
epoch 12
train_loss: 0.5336
test_loss: 0.5159
epoch 13
train_loss: 0.5019
test_loss: 0.4849
epoch 14
train_loss: 0.4749
test_loss: 0.4584
epoch 15
train_loss: 0.4520
test_loss: 0.4360
epoch 16
train_loss: 0.4328
test_loss: 0.4172
epoch 17
train_loss: 0.4166
test_loss: 0.4014
epoch 18
train_loss: 0.4028
test_loss: 0.3880
epoch 19
train_loss: 0.3907
test_loss: 0.3765
epoch 20
train_loss: 0.3800
test_loss: 0.3666
epoch 21
train_loss: 0.3703
test_loss: 0.3577
epoch 22
train_loss: 0.3614
test_loss: 0.3497
epoch 23
train_loss: 0.3530
test_loss: 0.3425
epoch 24
train_loss: 0.3452
test_loss: 0.3359
epoch 25
train_loss: 0.3377
test_loss: 0.3298
epoch 26
train_loss: 0.3307
test_loss: 0.3240
epoch 27
train_loss: 0.3239
test_loss: 0.3185
epoch 28
train_loss: 0.3175
test_loss: 0.3133
epoch 29
train_loss: 0.3112
test_loss: 0.3083
epoch 30
train_loss: 0.3052
test_loss: 0.3035
epoch 31
train_loss: 0.2993
test_loss: 0.2987
epoch 32
train_loss: 0.2935
test_loss: 0.2941
epoch 33
train_loss: 0.2879
test_loss: 0.2897
epoch 34
train_loss: 0.2824
test_loss: 0.2853
epoch 35
train_loss: 0.2771
test_loss: 0.2811
epoch 36
train_loss: 0.2719
test_loss: 0.2771
epoch 37
train_loss: 0.2669
test_loss: 0.2731
epoch 38
train_loss: 0.2620
test_loss: 0.2692
epoch 39
train_loss: 0.2572
test_loss: 0.2654
epoch 40
train_loss: 0.2525
test_loss: 0.2616
epoch 41
train_loss: 0.2478
test_loss: 0.2579
epoch 42
train_loss: 0.2433
test_loss: 0.2541
epoch 43
train_loss: 0.2388
test_loss: 0.2504
epoch 44
train_loss: 0.2344
test_loss: 0.2467
epoch 45
train_loss: 0.2300
test_loss: 0.2430
epoch 46
train_loss: 0.2257
test_loss: 0.2395
epoch 47
train_loss: 0.2215
test_loss: 0.2361
epoch 48
train_loss: 0.2175
test_loss: 0.2328
epoch 49
train_loss: 0.2137
test_loss: 0.2297
epoch 50
train_loss: 0.2100
test_loss: 0.2266
epoch 51
train_loss: 0.2064
test_loss: 0.2236
epoch 52
train_loss: 0.2029
test_loss: 0.2207
epoch 53
train_loss: 0.1996
test_loss: 0.2178
epoch 54
train_loss: 0.1963
test_loss: 0.2151
epoch 55
train_loss: 0.1932
test_loss: 0.2124
epoch 56
train_loss: 0.1902
test_loss: 0.2099
epoch 57
train_loss: 0.1873
test_loss: 0.2074
epoch 58
train_loss: 0.1846
test_loss: 0.2051
epoch 59
train_loss: 0.1821
test_loss: 0.2028
epoch 60
train_loss: 0.1796
test_loss: 0.2006
epoch 61
train_loss: 0.1773
test_loss: 0.1984
epoch 62
train_loss: 0.1750
test_loss: 0.1964
epoch 63
train_loss: 0.1729
test_loss: 0.1945
epoch 64
train_loss: 0.1709
test_loss: 0.1925
epoch 65
train_loss: 0.1689
test_loss: 0.1906
epoch 66
train_loss: 0.1670
test_loss: 0.1888
epoch 67
train_loss: 0.1651
test_loss: 0.1870
epoch 68
train_loss: 0.1634
test_loss: 0.1854
epoch 69
train_loss: 0.1617
test_loss: 0.1838
epoch 70
train_loss: 0.1601
test_loss: 0.1822
epoch 71
train_loss: 0.1586
test_loss: 0.1807
epoch 72
train_loss: 0.1571
test_loss: 0.1792
epoch 73
train_loss: 0.1557
test_loss: 0.1779
epoch 74
train_loss: 0.1543
test_loss: 0.1765
epoch 75
train_loss: 0.1530
test_loss: 0.1752
epoch 76
train_loss: 0.1517
test_loss: 0.1740
epoch 77
train_loss: 0.1505
test_loss: 0.1728
epoch 78
train_loss: 0.1493
test_loss: 0.1717
epoch 79
train_loss: 0.1482
test_loss: 0.1706
epoch 80
train_loss: 0.1471
test_loss: 0.1695
epoch 81
train_loss: 0.1461
test_loss: 0.1685
epoch 82
train_loss: 0.1450
test_loss: 0.1675
epoch 83
train_loss: 0.1441
test_loss: 0.1665
epoch 84
train_loss: 0.1431
test_loss: 0.1656
epoch 85
train_loss: 0.1422
test_loss: 0.1647
epoch 86
train_loss: 0.1413
test_loss: 0.1639
epoch 87
train_loss: 0.1405
test_loss: 0.1630
epoch 88
train_loss: 0.1396
test_loss: 0.1621
epoch 89
train_loss: 0.1388
test_loss: 0.1613
epoch 90
train_loss: 0.1381
test_loss: 0.1606
epoch 91
train_loss: 0.1373
test_loss: 0.1598
epoch 92
train_loss: 0.1366
test_loss: 0.1591
epoch 93
train_loss: 0.1359
test_loss: 0.1584
epoch 94
train_loss: 0.1351
test_loss: 0.1577
epoch 95
train_loss: 0.1345
test_loss: 0.1571
epoch 96
train_loss: 0.1338
test_loss: 0.1565
epoch 97
train_loss: 0.1332
test_loss: 0.1558
epoch 98
train_loss: 0.1325
test_loss: 0.1552
epoch 99
train_loss: 0.1319
test_loss: 0.1546
epoch 100
train_loss: 0.1313
test_loss: 0.1540
epoch 101
train_loss: 0.1307
test_loss: 0.1535
epoch 102
train_loss: 0.1302
test_loss: 0.1529
epoch 103
train_loss: 0.1296
test_loss: 0.1524
epoch 104
train_loss: 0.1290
test_loss: 0.1519
epoch 105
train_loss: 0.1285
test_loss: 0.1514
epoch 106
train_loss: 0.1279
test_loss: 0.1509
epoch 107
train_loss: 0.1274
test_loss: 0.1505
epoch 108
train_loss: 0.1269
test_loss: 0.1500
epoch 109
train_loss: 0.1263
test_loss: 0.1496
epoch 110
train_loss: 0.1258
test_loss: 0.1491
epoch 111
train_loss: 0.1253
test_loss: 0.1487
epoch 112
train_loss: 0.1248
test_loss: 0.1483
epoch 113
train_loss: 0.1243
test_loss: 0.1479
epoch 114
train_loss: 0.1238
test_loss: 0.1475
epoch 115
train_loss: 0.1233
test_loss: 0.1471
epoch 116
train_loss: 0.1229
test_loss: 0.1467
epoch 117
train_loss: 0.1224
test_loss: 0.1463
epoch 118
train_loss: 0.1220
test_loss: 0.1459
epoch 119
train_loss: 0.1215
test_loss: 0.1455
epoch 120
train_loss: 0.1211
test_loss: 0.1452
epoch 121
train_loss: 0.1206
test_loss: 0.1448
epoch 122
train_loss: 0.1202
test_loss: 0.1445
epoch 123
train_loss: 0.1198
test_loss: 0.1441
epoch 124
train_loss: 0.1194
test_loss: 0.1438
epoch 125
train_loss: 0.1189
test_loss: 0.1435
epoch 126
train_loss: 0.1185
test_loss: 0.1432
epoch 127
train_loss: 0.1181
test_loss: 0.1428
epoch 128
train_loss: 0.1177
test_loss: 0.1425
epoch 129
train_loss: 0.1173
test_loss: 0.1423
epoch 130
train_loss: 0.1169
test_loss: 0.1420
epoch 131
train_loss: 0.1165
test_loss: 0.1417
epoch 132
train_loss: 0.1161
test_loss: 0.1413
epoch 133
train_loss: 0.1157
test_loss: 0.1410
epoch 134
train_loss: 0.1153
test_loss: 0.1408
epoch 135
train_loss: 0.1149
test_loss: 0.1405
epoch 136
train_loss: 0.1145
test_loss: 0.1403
epoch 137
train_loss: 0.1142
test_loss: 0.1400
epoch 138
train_loss: 0.1138
test_loss: 0.1397
epoch 139
train_loss: 0.1134
test_loss: 0.1395
epoch 140
train_loss: 0.1130
test_loss: 0.1392
epoch 141
train_loss: 0.1127
test_loss: 0.1389
epoch 142
train_loss: 0.1123
test_loss: 0.1387
epoch 143
train_loss: 0.1120
test_loss: 0.1385
epoch 144
train_loss: 0.1116
test_loss: 0.1382
epoch 145
train_loss: 0.1112
test_loss: 0.1380
epoch 146
train_loss: 0.1109
test_loss: 0.1378
epoch 147
train_loss: 0.1105
test_loss: 0.1376
epoch 148
train_loss: 0.1102
test_loss: 0.1374
epoch 149
train_loss: 0.1098
test_loss: 0.1372
epoch 150
train_loss: 0.1095
test_loss: 0.1370
epoch 151
train_loss: 0.1091
test_loss: 0.1368
epoch 152
train_loss: 0.1088
test_loss: 0.1366
epoch 153
train_loss: 0.1085
test_loss: 0.1365
epoch 154
train_loss: 0.1081
test_loss: 0.1363
epoch 155
train_loss: 0.1078
test_loss: 0.1361
epoch 156
train_loss: 0.1074
test_loss: 0.1359
epoch 157
train_loss: 0.1071
test_loss: 0.1357
epoch 158
train_loss: 0.1068
test_loss: 0.1356
epoch 159
train_loss: 0.1065
test_loss: 0.1354
epoch 160
train_loss: 0.1061
test_loss: 0.1353
epoch 161
train_loss: 0.1058
test_loss: 0.1350
epoch 162
train_loss: 0.1055
test_loss: 0.1349
epoch 163
train_loss: 0.1052
test_loss: 0.1347
epoch 164
train_loss: 0.1049
test_loss: 0.1346
epoch 165
train_loss: 0.1046
test_loss: 0.1344
epoch 166
train_loss: 0.1043
test_loss: 0.1342
epoch 167
train_loss: 0.1039
test_loss: 0.1340
epoch 168
train_loss: 0.1036
test_loss: 0.1339
epoch 169
train_loss: 0.1033
test_loss: 0.1337
epoch 170
train_loss: 0.1030
test_loss: 0.1336
epoch 171
train_loss: 0.1027
test_loss: 0.1334
epoch 172
train_loss: 0.1024
test_loss: 0.1333
epoch 173
train_loss: 0.1022
test_loss: 0.1332
epoch 174
train_loss: 0.1019
test_loss: 0.1330
epoch 175
train_loss: 0.1016
test_loss: 0.1328
epoch 176
train_loss: 0.1013
test_loss: 0.1327
epoch 177
train_loss: 0.1010
test_loss: 0.1326
epoch 178
train_loss: 0.1007
test_loss: 0.1325
epoch 179
train_loss: 0.1004
test_loss: 0.1323
epoch 180
train_loss: 0.1002
test_loss: 0.1323
epoch 181
train_loss: 0.0999
test_loss: 0.1321
epoch 182
train_loss: 0.0996
test_loss: 0.1320
epoch 183
train_loss: 0.0994
test_loss: 0.1319
epoch 184
train_loss: 0.0991
test_loss: 0.1318
epoch 185
train_loss: 0.0988
test_loss: 0.1317
epoch 186
train_loss: 0.0985
test_loss: 0.1316
epoch 187
train_loss: 0.0983
test_loss: 0.1315
epoch 188
train_loss: 0.0980
test_loss: 0.1314
epoch 189
train_loss: 0.0978
test_loss: 0.1313
epoch 190
train_loss: 0.0975
test_loss: 0.1312
epoch 191
train_loss: 0.0972
test_loss: 0.1311
epoch 192
train_loss: 0.0970
test_loss: 0.1310
epoch 193
train_loss: 0.0967
test_loss: 0.1308
epoch 194
train_loss: 0.0965
test_loss: 0.1308
epoch 195
train_loss: 0.0962
test_loss: 0.1307
epoch 196
train_loss: 0.0959
test_loss: 0.1306
epoch 197
train_loss: 0.0957
test_loss: 0.1305
epoch 198
train_loss: 0.0954
test_loss: 0.1304
epoch 199
train_loss: 0.0952
test_loss: 0.1303
epoch 200
train_loss: 0.0949
test_loss: 0.1303
epoch 201
train_loss: 0.0947
test_loss: 0.1301
epoch 202
train_loss: 0.0944
test_loss: 0.1301
epoch 203
train_loss: 0.0942
test_loss: 0.1300
epoch 204
train_loss: 0.0939
test_loss: 0.1299
epoch 205
train_loss: 0.0937
test_loss: 0.1298
epoch 206
train_loss: 0.0934
test_loss: 0.1297
epoch 207
train_loss: 0.0932
test_loss: 0.1297
epoch 208
train_loss: 0.0930
test_loss: 0.1296
epoch 209
train_loss: 0.0927
test_loss: 0.1295
epoch 210
train_loss: 0.0925
test_loss: 0.1294
epoch 211
train_loss: 0.0922
test_loss: 0.1294
epoch 212
train_loss: 0.0920
test_loss: 0.1293
epoch 213
train_loss: 0.0918
test_loss: 0.1292
epoch 214
train_loss: 0.0915
test_loss: 0.1291
epoch 215
train_loss: 0.0913
test_loss: 0.1290
epoch 216
train_loss: 0.0911
test_loss: 0.1289
epoch 217
train_loss: 0.0908
test_loss: 0.1288
epoch 218
train_loss: 0.0906
test_loss: 0.1287
epoch 219
train_loss: 0.0904
test_loss: 0.1286
epoch 220
train_loss: 0.0902
test_loss: 0.1286
epoch 221
train_loss: 0.0899
test_loss: 0.1284
epoch 222
train_loss: 0.0897
test_loss: 0.1284
epoch 223
train_loss: 0.0895
test_loss: 0.1283
epoch 224
train_loss: 0.0893
test_loss: 0.1282
epoch 225
train_loss: 0.0890
test_loss: 0.1281
epoch 226
train_loss: 0.0888
test_loss: 0.1281
epoch 227
train_loss: 0.0886
test_loss: 0.1280
epoch 228
train_loss: 0.0884
test_loss: 0.1279
epoch 229
train_loss: 0.0882
test_loss: 0.1278
epoch 230
train_loss: 0.0880
test_loss: 0.1278
epoch 231
train_loss: 0.0877
test_loss: 0.1277
epoch 232
train_loss: 0.0875
test_loss: 0.1276
epoch 233
train_loss: 0.0873
test_loss: 0.1276
epoch 234
train_loss: 0.0871
test_loss: 0.1275
epoch 235
train_loss: 0.0869
test_loss: 0.1274
epoch 236
train_loss: 0.0867
test_loss: 0.1273
epoch 237
train_loss: 0.0865
test_loss: 0.1273
epoch 238
train_loss: 0.0863
test_loss: 0.1272
epoch 239
train_loss: 0.0861
test_loss: 0.1272
epoch 240
train_loss: 0.0859
test_loss: 0.1271
epoch 241
train_loss: 0.0857
test_loss: 0.1270
epoch 242
train_loss: 0.0855
test_loss: 0.1270
epoch 243
train_loss: 0.0853
test_loss: 0.1269
epoch 244
train_loss: 0.0851
test_loss: 0.1269
epoch 245
train_loss: 0.0849
test_loss: 0.1268
epoch 246
train_loss: 0.0847
test_loss: 0.1268
epoch 247
train_loss: 0.0845
test_loss: 0.1267
epoch 248
train_loss: 0.0843
test_loss: 0.1267
epoch 249
train_loss: 0.0841
test_loss: 0.1266
epoch 250
train_loss: 0.0839
test_loss: 0.1266
epoch 251
train_loss: 0.0837
test_loss: 0.1266
epoch 252
train_loss: 0.0836
test_loss: 0.1265
epoch 253
train_loss: 0.0834
test_loss: 0.1264
epoch 254
train_loss: 0.0832
test_loss: 0.1264
epoch 255
train_loss: 0.0830
test_loss: 0.1264
epoch 256
train_loss: 0.0828
test_loss: 0.1264
epoch 257
train_loss: 0.0826
test_loss: 0.1263
epoch 258
train_loss: 0.0824
test_loss: 0.1262
epoch 259
train_loss: 0.0822
test_loss: 0.1262
epoch 260
train_loss: 0.0821
test_loss: 0.1262
epoch 261
train_loss: 0.0819
test_loss: 0.1261
epoch 262
train_loss: 0.0817
test_loss: 0.1262
epoch 263
train_loss: 0.0815
test_loss: 0.1260
epoch 264
train_loss: 0.0813
test_loss: 0.1261
epoch 265
train_loss: 0.0812
test_loss: 0.1260
epoch 266
train_loss: 0.0810
test_loss: 0.1259
epoch 267
train_loss: 0.0808
test_loss: 0.1259
epoch 268
train_loss: 0.0807
test_loss: 0.1259
epoch 269
train_loss: 0.0805
test_loss: 0.1258
epoch 270
train_loss: 0.0803
test_loss: 0.1257
epoch 271
train_loss: 0.0802
test_loss: 0.1257
epoch 272
train_loss: 0.0800
test_loss: 0.1257
epoch 273
train_loss: 0.0798
test_loss: 0.1256
epoch 274
train_loss: 0.0796
test_loss: 0.1256
epoch 275
train_loss: 0.0795
test_loss: 0.1255
epoch 276
train_loss: 0.0793
test_loss: 0.1255
epoch 277
train_loss: 0.0791
test_loss: 0.1255
epoch 278
train_loss: 0.0790
test_loss: 0.1255
epoch 279
train_loss: 0.0788
test_loss: 0.1254
epoch 280
train_loss: 0.0787
test_loss: 0.1254
epoch 281
train_loss: 0.0785
test_loss: 0.1254
epoch 282
train_loss: 0.0783
test_loss: 0.1253
epoch 283
train_loss: 0.0782
test_loss: 0.1254
epoch 284
train_loss: 0.0780
test_loss: 0.1253
epoch 285
train_loss: 0.0779
test_loss: 0.1253
epoch 286
train_loss: 0.0777
test_loss: 0.1253
epoch 287
train_loss: 0.0775
test_loss: 0.1252
epoch 288
train_loss: 0.0774
test_loss: 0.1251
epoch 289
train_loss: 0.0772
test_loss: 0.1252
epoch 290
train_loss: 0.0771
test_loss: 0.1251
epoch 291
train_loss: 0.0769
test_loss: 0.1252
epoch 292
train_loss: 0.0768
test_loss: 0.1251
epoch 293
train_loss: 0.0766
test_loss: 0.1251
epoch 294
train_loss: 0.0765
test_loss: 0.1251
epoch 295
train_loss: 0.0763
test_loss: 0.1251
epoch 296
train_loss: 0.0762
test_loss: 0.1251
epoch 297
train_loss: 0.0761
test_loss: 0.1250
epoch 298
train_loss: 0.0759
test_loss: 0.1250
epoch 299
train_loss: 0.0758
test_loss: 0.1250
epoch 300
train_loss: 0.0756
test_loss: 0.1250
epoch 301
train_loss: 0.0755
test_loss: 0.1249
epoch 302
train_loss: 0.0753
test_loss: 0.1249
epoch 303
train_loss: 0.0752
test_loss: 0.1249
epoch 304
train_loss: 0.0751
test_loss: 0.1249
epoch 305
train_loss: 0.0749
test_loss: 0.1249
epoch 306
train_loss: 0.0748
test_loss: 0.1248
epoch 307
train_loss: 0.0747
test_loss: 0.1247
epoch 308
train_loss: 0.0745
test_loss: 0.1247
epoch 309
train_loss: 0.0744
test_loss: 0.1247
epoch 310
train_loss: 0.0743
test_loss: 0.1247
epoch 311
train_loss: 0.0741
test_loss: 0.1247
epoch 312
train_loss: 0.0740
test_loss: 0.1246
epoch 313
train_loss: 0.0738
test_loss: 0.1246
epoch 314
train_loss: 0.0737
test_loss: 0.1245
epoch 315
train_loss: 0.0736
test_loss: 0.1245
epoch 316
train_loss: 0.0734
test_loss: 0.1245
epoch 317
train_loss: 0.0733
test_loss: 0.1245
epoch 318
train_loss: 0.0732
test_loss: 0.1245
epoch 319
train_loss: 0.0731
test_loss: 0.1245
epoch 320
train_loss: 0.0729
test_loss: 0.1244
epoch 321
train_loss: 0.0728
test_loss: 0.1244
epoch 322
train_loss: 0.0727
test_loss: 0.1244
epoch 323
train_loss: 0.0726
test_loss: 0.1244
epoch 324
train_loss: 0.0724
test_loss: 0.1244
epoch 325
train_loss: 0.0723
test_loss: 0.1244
epoch 326
train_loss: 0.0722
test_loss: 0.1244
epoch 327
train_loss: 0.0720
test_loss: 0.1243
epoch 328
train_loss: 0.0719
test_loss: 0.1244
epoch 329
train_loss: 0.0718
test_loss: 0.1243
epoch 330
train_loss: 0.0717
test_loss: 0.1243
epoch 331
train_loss: 0.0715
test_loss: 0.1243
epoch 332
train_loss: 0.0714
test_loss: 0.1243
epoch 333
train_loss: 0.0713
test_loss: 0.1242
epoch 334
train_loss: 0.0712
test_loss: 0.1243
epoch 335
train_loss: 0.0710
test_loss: 0.1242
epoch 336
train_loss: 0.0709
test_loss: 0.1242
epoch 337
train_loss: 0.0708
test_loss: 0.1241
epoch 338
train_loss: 0.0707
test_loss: 0.1242
epoch 339
train_loss: 0.0705
test_loss: 0.1241
epoch 340
train_loss: 0.0704
test_loss: 0.1241
epoch 341
train_loss: 0.0703
test_loss: 0.1241
epoch 342
train_loss: 0.0702
test_loss: 0.1240
epoch 343
train_loss: 0.0701
test_loss: 0.1241
epoch 344
train_loss: 0.0699
test_loss: 0.1240
epoch 345
train_loss: 0.0698
test_loss: 0.1239
epoch 346
train_loss: 0.0697
test_loss: 0.1240
epoch 347
train_loss: 0.0696
test_loss: 0.1239
epoch 348
train_loss: 0.0695
test_loss: 0.1239
epoch 349
train_loss: 0.0693
test_loss: 0.1239
epoch 350
train_loss: 0.0692
test_loss: 0.1238
epoch 351
train_loss: 0.0691
test_loss: 0.1238
epoch 352
train_loss: 0.0690
test_loss: 0.1238
epoch 353
train_loss: 0.0689
test_loss: 0.1238
epoch 354
train_loss: 0.0688
test_loss: 0.1237
epoch 355
train_loss: 0.0687
test_loss: 0.1237
epoch 356
train_loss: 0.0685
test_loss: 0.1236
epoch 357
train_loss: 0.0684
test_loss: 0.1237
epoch 358
train_loss: 0.0683
test_loss: 0.1236
epoch 359
train_loss: 0.0682
test_loss: 0.1236
epoch 360
train_loss: 0.0681
test_loss: 0.1236
epoch 361
train_loss: 0.0680
test_loss: 0.1235
epoch 362
train_loss: 0.0679
test_loss: 0.1235
epoch 363
train_loss: 0.0678
test_loss: 0.1235
epoch 364
train_loss: 0.0677
test_loss: 0.1234
epoch 365
train_loss: 0.0676
test_loss: 0.1234
epoch 366
train_loss: 0.0675
test_loss: 0.1234
epoch 367
train_loss: 0.0673
test_loss: 0.1234
epoch 368
train_loss: 0.0673
test_loss: 0.1234
epoch 369
train_loss: 0.0671
test_loss: 0.1234
epoch 370
train_loss: 0.0670
test_loss: 0.1233
epoch 371
train_loss: 0.0669
test_loss: 0.1233
epoch 372
train_loss: 0.0668
test_loss: 0.1234
epoch 373
train_loss: 0.0667
test_loss: 0.1234
epoch 374
train_loss: 0.0666
test_loss: 0.1233
epoch 375
train_loss: 0.0665
test_loss: 0.1233
epoch 376
train_loss: 0.0664
test_loss: 0.1233
epoch 377
train_loss: 0.0663
test_loss: 0.1232
epoch 378
train_loss: 0.0662
test_loss: 0.1233
epoch 379
train_loss: 0.0661
test_loss: 0.1232
epoch 380
train_loss: 0.0660
test_loss: 0.1232
epoch 381
train_loss: 0.0659
test_loss: 0.1232
epoch 382
train_loss: 0.0658
test_loss: 0.1232
epoch 383
train_loss: 0.0657
test_loss: 0.1232
epoch 384
train_loss: 0.0656
test_loss: 0.1231
epoch 385
train_loss: 0.0655
test_loss: 0.1231
epoch 386
train_loss: 0.0654
test_loss: 0.1230
epoch 387
train_loss: 0.0653
test_loss: 0.1230
epoch 388
train_loss: 0.0653
test_loss: 0.1230
epoch 389
train_loss: 0.0651
test_loss: 0.1230
epoch 390
train_loss: 0.0651
test_loss: 0.1230
epoch 391
train_loss: 0.0649
test_loss: 0.1229
epoch 392
train_loss: 0.0649
test_loss: 0.1229
epoch 393
train_loss: 0.0648
test_loss: 0.1229
epoch 394
train_loss: 0.0647
test_loss: 0.1229
epoch 395
train_loss: 0.0646
test_loss: 0.1229
epoch 396
train_loss: 0.0645
test_loss: 0.1228
epoch 397
train_loss: 0.0644
test_loss: 0.1228
epoch 398
train_loss: 0.0643
test_loss: 0.1228
epoch 399
train_loss: 0.0642
test_loss: 0.1228
epoch 400
train_loss: 0.0641
test_loss: 0.1228
epoch 401
train_loss: 0.0640
test_loss: 0.1227
epoch 402
train_loss: 0.0639
test_loss: 0.1227
epoch 403
train_loss: 0.0638
test_loss: 0.1227
epoch 404
train_loss: 0.0637
test_loss: 0.1226
epoch 405
train_loss: 0.0636
test_loss: 0.1227
epoch 406
train_loss: 0.0635
test_loss: 0.1226
epoch 407
train_loss: 0.0635
test_loss: 0.1226
epoch 408
train_loss: 0.0634
test_loss: 0.1226
epoch 409
train_loss: 0.0633
test_loss: 0.1226
epoch 410
train_loss: 0.0632
test_loss: 0.1225
epoch 411
train_loss: 0.0631
test_loss: 0.1225
epoch 412
train_loss: 0.0630
test_loss: 0.1225
epoch 413
train_loss: 0.0629
test_loss: 0.1225
epoch 414
train_loss: 0.0628
test_loss: 0.1224
epoch 415
train_loss: 0.0627
test_loss: 0.1224
epoch 416
train_loss: 0.0626
test_loss: 0.1224
epoch 417
train_loss: 0.0626
test_loss: 0.1224
epoch 418
train_loss: 0.0625
test_loss: 0.1224
epoch 419
train_loss: 0.0624
test_loss: 0.1224
epoch 420
train_loss: 0.0623
test_loss: 0.1223
epoch 421
train_loss: 0.0622
test_loss: 0.1223
epoch 422
train_loss: 0.0621
test_loss: 0.1223
epoch 423
train_loss: 0.0620
test_loss: 0.1223
epoch 424
train_loss: 0.0619
test_loss: 0.1223
epoch 425
train_loss: 0.0619
test_loss: 0.1223
epoch 426
train_loss: 0.0618
test_loss: 0.1222
epoch 427
train_loss: 0.0617
test_loss: 0.1223
epoch 428
train_loss: 0.0616
test_loss: 0.1222
epoch 429
train_loss: 0.0615
test_loss: 0.1222
epoch 430
train_loss: 0.0614
test_loss: 0.1222
epoch 431
train_loss: 0.0614
test_loss: 0.1222
epoch 432
train_loss: 0.0613
test_loss: 0.1222
epoch 433
train_loss: 0.0612
test_loss: 0.1222
epoch 434
train_loss: 0.0611
test_loss: 0.1222
epoch 435
train_loss: 0.0610
test_loss: 0.1222
epoch 436
train_loss: 0.0609
test_loss: 0.1222
epoch 437
train_loss: 0.0609
test_loss: 0.1222
epoch 438
train_loss: 0.0608
test_loss: 0.1222
epoch 439
train_loss: 0.0607
test_loss: 0.1221
epoch 440
train_loss: 0.0606
test_loss: 0.1221
epoch 441
train_loss: 0.0605
test_loss: 0.1222
epoch 442
train_loss: 0.0605
test_loss: 0.1221
epoch 443
train_loss: 0.0604
test_loss: 0.1221
epoch 444
train_loss: 0.0603
test_loss: 0.1221
epoch 445
train_loss: 0.0602
test_loss: 0.1221
epoch 446
train_loss: 0.0601
test_loss: 0.1221
epoch 447
train_loss: 0.0601
test_loss: 0.1221
epoch 448
train_loss: 0.0600
test_loss: 0.1221
epoch 449
train_loss: 0.0599
test_loss: 0.1220
epoch 450
train_loss: 0.0598
test_loss: 0.1220
epoch 451
train_loss: 0.0597
test_loss: 0.1220
epoch 452
train_loss: 0.0597
test_loss: 0.1220
epoch 453
train_loss: 0.0596
test_loss: 0.1220
epoch 454
train_loss: 0.0595
test_loss: 0.1219
epoch 455
train_loss: 0.0594
test_loss: 0.1219
epoch 456
train_loss: 0.0594
test_loss: 0.1219
epoch 457
train_loss: 0.0593
test_loss: 0.1218
epoch 458
train_loss: 0.0592
test_loss: 0.1218
epoch 459
train_loss: 0.0591
test_loss: 0.1218
epoch 460
train_loss: 0.0591
test_loss: 0.1218
epoch 461
train_loss: 0.0590
test_loss: 0.1218
epoch 462
train_loss: 0.0589
test_loss: 0.1218
epoch 463
train_loss: 0.0589
test_loss: 0.1218
epoch 464
train_loss: 0.0588
test_loss: 0.1217
epoch 465
train_loss: 0.0587
test_loss: 0.1217
epoch 466
train_loss: 0.0586
test_loss: 0.1218
epoch 467
train_loss: 0.0585
test_loss: 0.1217
epoch 468
train_loss: 0.0585
test_loss: 0.1217
epoch 469
train_loss: 0.0584
test_loss: 0.1217
epoch 470
train_loss: 0.0583
test_loss: 0.1216
epoch 471
train_loss: 0.0582
test_loss: 0.1217
epoch 472
train_loss: 0.0582
test_loss: 0.1217
epoch 473
train_loss: 0.0581
test_loss: 0.1216
epoch 474
train_loss: 0.0580
test_loss: 0.1216
epoch 475
train_loss: 0.0579
test_loss: 0.1216
epoch 476
train_loss: 0.0578
test_loss: 0.1216
epoch 477
train_loss: 0.0578
test_loss: 0.1215
epoch 478
train_loss: 0.0577
test_loss: 0.1215
epoch 479
train_loss: 0.0576
test_loss: 0.1215
epoch 480
train_loss: 0.0575
test_loss: 0.1215
epoch 481
train_loss: 0.0575
test_loss: 0.1215
epoch 482
train_loss: 0.0574
test_loss: 0.1214
epoch 483
train_loss: 0.0573
test_loss: 0.1214
epoch 484
train_loss: 0.0572
test_loss: 0.1214
epoch 485
train_loss: 0.0572
test_loss: 0.1214
epoch 486
train_loss: 0.0571
test_loss: 0.1214
epoch 487
train_loss: 0.0571
test_loss: 0.1214
epoch 488
train_loss: 0.0570
test_loss: 0.1214
epoch 489
train_loss: 0.0569
test_loss: 0.1214
epoch 490
train_loss: 0.0568
test_loss: 0.1214
epoch 491
train_loss: 0.0568
test_loss: 0.1214
epoch 492
train_loss: 0.0567
test_loss: 0.1214
epoch 493
train_loss: 0.0566
test_loss: 0.1213
epoch 494
train_loss: 0.0566
test_loss: 0.1213
epoch 495
train_loss: 0.0565
test_loss: 0.1214
epoch 496
train_loss: 0.0564
test_loss: 0.1213
epoch 497
train_loss: 0.0564
test_loss: 0.1214
epoch 498
train_loss: 0.0563
test_loss: 0.1213
epoch 499
train_loss: 0.0562
test_loss: 0.1213
epoch 500
train_loss: 0.0562
test_loss: 0.1214
epoch 501
train_loss: 0.0561
test_loss: 0.1213
epoch 502
train_loss: 0.0560
test_loss: 0.1213
epoch 503
train_loss: 0.0560
test_loss: 0.1213
epoch 504
train_loss: 0.0559
test_loss: 0.1214
epoch 505
train_loss: 0.0558
test_loss: 0.1213
epoch 506
train_loss: 0.0558
test_loss: 0.1214
epoch 507
train_loss: 0.0557
test_loss: 0.1214
epoch 508
train_loss: 0.0556
test_loss: 0.1214
epoch 509
train_loss: 0.0556
test_loss: 0.1214
epoch 510
train_loss: 0.0555
test_loss: 0.1214
epoch 511
train_loss: 0.0555
test_loss: 0.1213
epoch 512
train_loss: 0.0554
test_loss: 0.1214
epoch 513
train_loss: 0.0553
test_loss: 0.1213
epoch 514
train_loss: 0.0553
test_loss: 0.1214
epoch 515
train_loss: 0.0552
test_loss: 0.1214
epoch 516
train_loss: 0.0551
test_loss: 0.1213
epoch 517
train_loss: 0.0551
test_loss: 0.1213
epoch 518
train_loss: 0.0550
test_loss: 0.1214
epoch 519
train_loss: 0.0550
test_loss: 0.1213
epoch 520
train_loss: 0.0549
test_loss: 0.1213
epoch 521
train_loss: 0.0548
test_loss: 0.1214
epoch 522
train_loss: 0.0548
test_loss: 0.1213
epoch 523
train_loss: 0.0547
test_loss: 0.1213
epoch 524
train_loss: 0.0547
test_loss: 0.1214
epoch 525
train_loss: 0.0546
test_loss: 0.1213
epoch 526
train_loss: 0.0545
test_loss: 0.1213
epoch 527
train_loss: 0.0545
test_loss: 0.1212
epoch 528
train_loss: 0.0544
test_loss: 0.1213
epoch 529
train_loss: 0.0544
test_loss: 0.1212
epoch 530
train_loss: 0.0543
test_loss: 0.1213
epoch 531
train_loss: 0.0542
test_loss: 0.1213
epoch 532
train_loss: 0.0542
test_loss: 0.1212
epoch 533
train_loss: 0.0541
test_loss: 0.1212
epoch 534
train_loss: 0.0541
test_loss: 0.1213
epoch 535
train_loss: 0.0540
test_loss: 0.1212
epoch 536
train_loss: 0.0540
test_loss: 0.1212
epoch 537
train_loss: 0.0539
test_loss: 0.1212
epoch 538
train_loss: 0.0539
test_loss: 0.1212
epoch 539
train_loss: 0.0538
test_loss: 0.1212
epoch 540
train_loss: 0.0537
test_loss: 0.1212
epoch 541
train_loss: 0.0537
test_loss: 0.1212
epoch 542
train_loss: 0.0536
test_loss: 0.1211
epoch 543
train_loss: 0.0536
test_loss: 0.1211
epoch 544
train_loss: 0.0535
test_loss: 0.1212
epoch 545
train_loss: 0.0535
test_loss: 0.1211
epoch 546
train_loss: 0.0534
test_loss: 0.1211
epoch 547
train_loss: 0.0534
test_loss: 0.1211
epoch 548
train_loss: 0.0533
test_loss: 0.1211
epoch 549
train_loss: 0.0533
test_loss: 0.1211
epoch 550
train_loss: 0.0532
test_loss: 0.1211
epoch 551
train_loss: 0.0531
test_loss: 0.1211
epoch 552
train_loss: 0.0531
test_loss: 0.1211
epoch 553
train_loss: 0.0530
test_loss: 0.1211
epoch 554
train_loss: 0.0530
test_loss: 0.1211
epoch 555
train_loss: 0.0529
test_loss: 0.1210
epoch 556
train_loss: 0.0529
test_loss: 0.1212
epoch 557
train_loss: 0.0528
test_loss: 0.1210
epoch 558
train_loss: 0.0527
test_loss: 0.1211
epoch 559
train_loss: 0.0527
test_loss: 0.1211
epoch 560
train_loss: 0.0526
test_loss: 0.1211
epoch 561
train_loss: 0.0526
test_loss: 0.1211
epoch 562
train_loss: 0.0525
test_loss: 0.1210
epoch 563
train_loss: 0.0525
test_loss: 0.1211
epoch 564
train_loss: 0.0524
test_loss: 0.1211
epoch 565
train_loss: 0.0524
test_loss: 0.1210
epoch 566
train_loss: 0.0523
test_loss: 0.1211
epoch 567
train_loss: 0.0523
test_loss: 0.1210
epoch 568
train_loss: 0.0522
test_loss: 0.1211
epoch 569
train_loss: 0.0522
test_loss: 0.1210
epoch 570
train_loss: 0.0521
test_loss: 0.1211
epoch 571
train_loss: 0.0521
test_loss: 0.1210
epoch 572
train_loss: 0.0520
test_loss: 0.1210
epoch 573
train_loss: 0.0519
test_loss: 0.1210
epoch 574
train_loss: 0.0519
test_loss: 0.1210
epoch 575
train_loss: 0.0518
test_loss: 0.1210
epoch 576
train_loss: 0.0518
test_loss: 0.1211
epoch 577
train_loss: 0.0517
test_loss: 0.1209
epoch 578
train_loss: 0.0517
test_loss: 0.1210
epoch 579
train_loss: 0.0516
test_loss: 0.1210
epoch 580
train_loss: 0.0516
test_loss: 0.1209
epoch 581
train_loss: 0.0515
test_loss: 0.1210
epoch 582
train_loss: 0.0515
test_loss: 0.1209
epoch 583
train_loss: 0.0514
test_loss: 0.1209
epoch 584
train_loss: 0.0514
test_loss: 0.1210
epoch 585
train_loss: 0.0513
test_loss: 0.1209
epoch 586
train_loss: 0.0513
test_loss: 0.1210
epoch 587
train_loss: 0.0512
test_loss: 0.1210
epoch 588
train_loss: 0.0512
test_loss: 0.1210
epoch 589
train_loss: 0.0511
test_loss: 0.1210
epoch 590
train_loss: 0.0511
test_loss: 0.1209
epoch 591
train_loss: 0.0510
test_loss: 0.1209
epoch 592
train_loss: 0.0510
test_loss: 0.1210
epoch 593
train_loss: 0.0509
test_loss: 0.1210
epoch 594
train_loss: 0.0509
test_loss: 0.1209
epoch 595
train_loss: 0.0508
test_loss: 0.1210
epoch 596
train_loss: 0.0508
test_loss: 0.1210
epoch 597
train_loss: 0.0507
test_loss: 0.1210
epoch 598
train_loss: 0.0507
test_loss: 0.1210
epoch 599
train_loss: 0.0506
test_loss: 0.1210
epoch 600
train_loss: 0.0506
test_loss: 0.1210
epoch 601
train_loss: 0.0505
test_loss: 0.1209
epoch 602
train_loss: 0.0505
test_loss: 0.1209
epoch 603
train_loss: 0.0505
test_loss: 0.1210
epoch 604
train_loss: 0.0504
test_loss: 0.1209
epoch 605
train_loss: 0.0504
test_loss: 0.1210
epoch 606
train_loss: 0.0503
test_loss: 0.1209
epoch 607
train_loss: 0.0503
test_loss: 0.1210
epoch 608
train_loss: 0.0502
test_loss: 0.1210
epoch 609
train_loss: 0.0502
test_loss: 0.1209
epoch 610
train_loss: 0.0501
test_loss: 0.1209
epoch 611
train_loss: 0.0501
test_loss: 0.1210
epoch 612
train_loss: 0.0500
test_loss: 0.1209
epoch 613
train_loss: 0.0500
test_loss: 0.1210
epoch 614
train_loss: 0.0500
test_loss: 0.1210
epoch 615
train_loss: 0.0499
test_loss: 0.1209
epoch 616
train_loss: 0.0499
test_loss: 0.1209
epoch 617
train_loss: 0.0498
test_loss: 0.1209
epoch 618
train_loss: 0.0498
test_loss: 0.1209
epoch 619
train_loss: 0.0497
test_loss: 0.1209
epoch 620
train_loss: 0.0497
test_loss: 0.1209
epoch 621
train_loss: 0.0496
test_loss: 0.1209
epoch 622
train_loss: 0.0496
test_loss: 0.1208
epoch 623
train_loss: 0.0496
test_loss: 0.1209
epoch 624
train_loss: 0.0495
test_loss: 0.1208
epoch 625
train_loss: 0.0495
test_loss: 0.1209
epoch 626
train_loss: 0.0494
test_loss: 0.1208
epoch 627
train_loss: 0.0494
test_loss: 0.1208
epoch 628
train_loss: 0.0493
test_loss: 0.1207
epoch 629
train_loss: 0.0493
test_loss: 0.1207
epoch 630
train_loss: 0.0493
test_loss: 0.1207
epoch 631
train_loss: 0.0492
test_loss: 0.1207
epoch 632
train_loss: 0.0492
test_loss: 0.1207
epoch 633
train_loss: 0.0491
test_loss: 0.1206
epoch 634
train_loss: 0.0491
test_loss: 0.1206
epoch 635
train_loss: 0.0490
test_loss: 0.1206
epoch 636
train_loss: 0.0490
test_loss: 0.1205
epoch 637
train_loss: 0.0490
test_loss: 0.1206
epoch 638
train_loss: 0.0489
test_loss: 0.1205
epoch 639
train_loss: 0.0489
test_loss: 0.1205
epoch 640
train_loss: 0.0488
test_loss: 0.1205
epoch 641
train_loss: 0.0488
test_loss: 0.1205
epoch 642
train_loss: 0.0488
test_loss: 0.1205
epoch 643
train_loss: 0.0487
test_loss: 0.1204
epoch 644
train_loss: 0.0487
test_loss: 0.1204
epoch 645
train_loss: 0.0486
test_loss: 0.1204
epoch 646
train_loss: 0.0486
test_loss: 0.1204
epoch 647
train_loss: 0.0486
test_loss: 0.1203
epoch 648
train_loss: 0.0485
test_loss: 0.1203
epoch 649
train_loss: 0.0485
test_loss: 0.1202
epoch 650
train_loss: 0.0484
test_loss: 0.1202
epoch 651
train_loss: 0.0484
test_loss: 0.1202
epoch 652
train_loss: 0.0483
test_loss: 0.1202
epoch 653
train_loss: 0.0483
test_loss: 0.1202
epoch 654
train_loss: 0.0483
test_loss: 0.1201
epoch 655
train_loss: 0.0482
test_loss: 0.1201
epoch 656
train_loss: 0.0482
test_loss: 0.1201
epoch 657
train_loss: 0.0481
test_loss: 0.1200
epoch 658
train_loss: 0.0481
test_loss: 0.1200
epoch 659
train_loss: 0.0481
test_loss: 0.1200
epoch 660
train_loss: 0.0480
test_loss: 0.1199
epoch 661
train_loss: 0.0480
test_loss: 0.1199
epoch 662
train_loss: 0.0479
test_loss: 0.1199
epoch 663
train_loss: 0.0479
test_loss: 0.1198
epoch 664
train_loss: 0.0479
test_loss: 0.1199
epoch 665
train_loss: 0.0478
test_loss: 0.1198
epoch 666
train_loss: 0.0478
test_loss: 0.1198
epoch 667
train_loss: 0.0477
test_loss: 0.1198
epoch 668
train_loss: 0.0477
test_loss: 0.1198
epoch 669
train_loss: 0.0477
test_loss: 0.1197
epoch 670
train_loss: 0.0476
test_loss: 0.1197
epoch 671
train_loss: 0.0476
test_loss: 0.1197
epoch 672
train_loss: 0.0475
test_loss: 0.1197
epoch 673
train_loss: 0.0475
test_loss: 0.1197
epoch 674
train_loss: 0.0475
test_loss: 0.1196
epoch 675
train_loss: 0.0474
test_loss: 0.1196
epoch 676
train_loss: 0.0474
test_loss: 0.1196
epoch 677
train_loss: 0.0474
test_loss: 0.1196
epoch 678
train_loss: 0.0473
test_loss: 0.1195
epoch 679
train_loss: 0.0473
test_loss: 0.1195
epoch 680
train_loss: 0.0472
test_loss: 0.1195
epoch 681
train_loss: 0.0472
test_loss: 0.1194
epoch 682
train_loss: 0.0472
test_loss: 0.1194
epoch 683
train_loss: 0.0471
test_loss: 0.1194
epoch 684
train_loss: 0.0471
test_loss: 0.1194
epoch 685
train_loss: 0.0471
test_loss: 0.1193
epoch 686
train_loss: 0.0470
test_loss: 0.1194
epoch 687
train_loss: 0.0470
test_loss: 0.1193
epoch 688
train_loss: 0.0470
test_loss: 0.1193
epoch 689
train_loss: 0.0469
test_loss: 0.1192
epoch 690
train_loss: 0.0469
test_loss: 0.1193
epoch 691
train_loss: 0.0468
test_loss: 0.1192
epoch 692
train_loss: 0.0468
test_loss: 0.1192
epoch 693
train_loss: 0.0468
test_loss: 0.1192
epoch 694
train_loss: 0.0467
test_loss: 0.1191
epoch 695
train_loss: 0.0467
test_loss: 0.1192
epoch 696
train_loss: 0.0467
test_loss: 0.1191
epoch 697
train_loss: 0.0466
test_loss: 0.1190
epoch 698
train_loss: 0.0466
test_loss: 0.1190
epoch 699
train_loss: 0.0465
test_loss: 0.1190
epoch 700
train_loss: 0.0465
test_loss: 0.1189
epoch 701
train_loss: 0.0465
test_loss: 0.1190
epoch 702
train_loss: 0.0464
test_loss: 0.1189
epoch 703
train_loss: 0.0464
test_loss: 0.1189
epoch 704
train_loss: 0.0464
test_loss: 0.1188
epoch 705
train_loss: 0.0463
test_loss: 0.1188
epoch 706
train_loss: 0.0463
test_loss: 0.1188
epoch 707
train_loss: 0.0462
test_loss: 0.1188
epoch 708
train_loss: 0.0462
test_loss: 0.1188
epoch 709
train_loss: 0.0462
test_loss: 0.1188
epoch 710
train_loss: 0.0462
test_loss: 0.1188
epoch 711
train_loss: 0.0461
test_loss: 0.1186
epoch 712
train_loss: 0.0461
test_loss: 0.1187
epoch 713
train_loss: 0.0460
test_loss: 0.1186
epoch 714
train_loss: 0.0460
test_loss: 0.1187
epoch 715
train_loss: 0.0460
test_loss: 0.1186
epoch 716
train_loss: 0.0459
test_loss: 0.1186
epoch 717
train_loss: 0.0459
test_loss: 0.1186
epoch 718
train_loss: 0.0459
test_loss: 0.1185
epoch 719
train_loss: 0.0458
test_loss: 0.1185
epoch 720
train_loss: 0.0458
test_loss: 0.1185
epoch 721
train_loss: 0.0458
test_loss: 0.1185
epoch 722
train_loss: 0.0457
test_loss: 0.1184
epoch 723
train_loss: 0.0457
test_loss: 0.1185
epoch 724
train_loss: 0.0456
test_loss: 0.1184
epoch 725
train_loss: 0.0456
test_loss: 0.1184
epoch 726
train_loss: 0.0456
test_loss: 0.1184
epoch 727
train_loss: 0.0456
test_loss: 0.1184
epoch 728
train_loss: 0.0455
test_loss: 0.1183
epoch 729
train_loss: 0.0455
test_loss: 0.1183
epoch 730
train_loss: 0.0454
test_loss: 0.1183
epoch 731
train_loss: 0.0454
test_loss: 0.1182
epoch 732
train_loss: 0.0454
test_loss: 0.1182
epoch 733
train_loss: 0.0453
test_loss: 0.1182
epoch 734
train_loss: 0.0453
test_loss: 0.1182
epoch 735
train_loss: 0.0453
test_loss: 0.1182
epoch 736
train_loss: 0.0452
test_loss: 0.1182
epoch 737
train_loss: 0.0452
test_loss: 0.1181
epoch 738
train_loss: 0.0452
test_loss: 0.1181
epoch 739
train_loss: 0.0451
test_loss: 0.1180
epoch 740
train_loss: 0.0451
test_loss: 0.1181
epoch 741
train_loss: 0.0451
test_loss: 0.1179
epoch 742
train_loss: 0.0450
test_loss: 0.1180
epoch 743
train_loss: 0.0450
test_loss: 0.1180
epoch 744
train_loss: 0.0450
test_loss: 0.1179
epoch 745
train_loss: 0.0449
test_loss: 0.1179
epoch 746
train_loss: 0.0449
test_loss: 0.1179
epoch 747
train_loss: 0.0449
test_loss: 0.1178
epoch 748
train_loss: 0.0448
test_loss: 0.1178
epoch 749
train_loss: 0.0448
test_loss: 0.1178
epoch 750
train_loss: 0.0448
test_loss: 0.1177
epoch 751
train_loss: 0.0447
test_loss: 0.1177
epoch 752
train_loss: 0.0447
test_loss: 0.1178
epoch 753
train_loss: 0.0447
test_loss: 0.1177
epoch 754
train_loss: 0.0446
test_loss: 0.1177
epoch 755
train_loss: 0.0446
test_loss: 0.1176
epoch 756
train_loss: 0.0446
test_loss: 0.1176
epoch 757
train_loss: 0.0446
test_loss: 0.1176
epoch 758
train_loss: 0.0445
test_loss: 0.1176
epoch 759
train_loss: 0.0445
test_loss: 0.1175
epoch 760
train_loss: 0.0445
test_loss: 0.1175
epoch 761
train_loss: 0.0444
test_loss: 0.1176
epoch 762
train_loss: 0.0444
test_loss: 0.1175
epoch 763
train_loss: 0.0444
test_loss: 0.1174
epoch 764
train_loss: 0.0443
test_loss: 0.1175
epoch 765
train_loss: 0.0443
test_loss: 0.1174
epoch 766
train_loss: 0.0443
test_loss: 0.1174
epoch 767
train_loss: 0.0442
test_loss: 0.1174
epoch 768
train_loss: 0.0442
test_loss: 0.1173
epoch 769
train_loss: 0.0442
test_loss: 0.1173
epoch 770
train_loss: 0.0442
test_loss: 0.1173
epoch 771
train_loss: 0.0441
test_loss: 0.1173
epoch 772
train_loss: 0.0441
test_loss: 0.1173
epoch 773
train_loss: 0.0441
test_loss: 0.1173
epoch 774
train_loss: 0.0440
test_loss: 0.1172
epoch 775
train_loss: 0.0440
test_loss: 0.1173
epoch 776
train_loss: 0.0440
test_loss: 0.1172
epoch 777
train_loss: 0.0439
test_loss: 0.1172
epoch 778
train_loss: 0.0439
test_loss: 0.1172
epoch 779
train_loss: 0.0439
test_loss: 0.1172
epoch 780
train_loss: 0.0439
test_loss: 0.1171
epoch 781
train_loss: 0.0438
test_loss: 0.1170
epoch 782
train_loss: 0.0438
test_loss: 0.1171
epoch 783
train_loss: 0.0438
test_loss: 0.1170
epoch 784
train_loss: 0.0437
test_loss: 0.1170
epoch 785
train_loss: 0.0437
test_loss: 0.1170
epoch 786
train_loss: 0.0437
test_loss: 0.1170
epoch 787
train_loss: 0.0436
test_loss: 0.1169
epoch 788
train_loss: 0.0436
test_loss: 0.1169
epoch 789
train_loss: 0.0436
test_loss: 0.1168
epoch 790
train_loss: 0.0436
test_loss: 0.1168
epoch 791
train_loss: 0.0435
test_loss: 0.1168
epoch 792
train_loss: 0.0435
test_loss: 0.1168
epoch 793
train_loss: 0.0435
test_loss: 0.1168
epoch 794
train_loss: 0.0434
test_loss: 0.1167
epoch 795
train_loss: 0.0434
test_loss: 0.1167
epoch 796
train_loss: 0.0434
test_loss: 0.1166
epoch 797
train_loss: 0.0434
test_loss: 0.1166
epoch 798
train_loss: 0.0433
test_loss: 0.1166
epoch 799
train_loss: 0.0433
test_loss: 0.1166
epoch 800
train_loss: 0.0433
test_loss: 0.1165
epoch 801
train_loss: 0.0432
test_loss: 0.1165
epoch 802
train_loss: 0.0432
test_loss: 0.1165
epoch 803
train_loss: 0.0432
test_loss: 0.1165
epoch 804
train_loss: 0.0431
test_loss: 0.1164
epoch 805
train_loss: 0.0431
test_loss: 0.1164
epoch 806
train_loss: 0.0431
test_loss: 0.1164
epoch 807
train_loss: 0.0430
test_loss: 0.1163
epoch 808
train_loss: 0.0430
test_loss: 0.1164
epoch 809
train_loss: 0.0430
test_loss: 0.1162
epoch 810
train_loss: 0.0429
test_loss: 0.1163
epoch 811
train_loss: 0.0429
test_loss: 0.1162
epoch 812
train_loss: 0.0429
test_loss: 0.1163
epoch 813
train_loss: 0.0429
test_loss: 0.1161
epoch 814
train_loss: 0.0428
test_loss: 0.1162
epoch 815
train_loss: 0.0428
test_loss: 0.1161
epoch 816
train_loss: 0.0428
test_loss: 0.1162
epoch 817
train_loss: 0.0428
test_loss: 0.1161
epoch 818
train_loss: 0.0427
test_loss: 0.1161
epoch 819
train_loss: 0.0427
test_loss: 0.1160
epoch 820
train_loss: 0.0427
test_loss: 0.1160
epoch 821
train_loss: 0.0426
test_loss: 0.1160
epoch 822
train_loss: 0.0426
test_loss: 0.1160
epoch 823
train_loss: 0.0426
test_loss: 0.1160
epoch 824
train_loss: 0.0426
test_loss: 0.1159
epoch 825
train_loss: 0.0425
test_loss: 0.1159
epoch 826
train_loss: 0.0425
test_loss: 0.1159
epoch 827
train_loss: 0.0425
test_loss: 0.1159
epoch 828
train_loss: 0.0424
test_loss: 0.1159
epoch 829
train_loss: 0.0424
test_loss: 0.1158
epoch 830
train_loss: 0.0424
test_loss: 0.1158
epoch 831
train_loss: 0.0423
test_loss: 0.1158
epoch 832
train_loss: 0.0423
test_loss: 0.1157
epoch 833
train_loss: 0.0423
test_loss: 0.1158
epoch 834
train_loss: 0.0422
test_loss: 0.1157
epoch 835
train_loss: 0.0422
test_loss: 0.1157
epoch 836
train_loss: 0.0422
test_loss: 0.1157
epoch 837
train_loss: 0.0421
test_loss: 0.1156
epoch 838
train_loss: 0.0421
test_loss: 0.1156
epoch 839
train_loss: 0.0421
test_loss: 0.1156
epoch 840
train_loss: 0.0420
test_loss: 0.1155
epoch 841
train_loss: 0.0420
test_loss: 0.1156
epoch 842
train_loss: 0.0420
test_loss: 0.1155
epoch 843
train_loss: 0.0420
test_loss: 0.1154
epoch 844
train_loss: 0.0419
test_loss: 0.1154
epoch 845
train_loss: 0.0419
test_loss: 0.1154
epoch 846
train_loss: 0.0419
test_loss: 0.1154
epoch 847
train_loss: 0.0418
test_loss: 0.1154
epoch 848
train_loss: 0.0418
test_loss: 0.1154
epoch 849
train_loss: 0.0418
test_loss: 0.1153
epoch 850
train_loss: 0.0418
test_loss: 0.1153
epoch 851
train_loss: 0.0417
test_loss: 0.1152
epoch 852
train_loss: 0.0417
test_loss: 0.1153
epoch 853
train_loss: 0.0417
test_loss: 0.1151
epoch 854
train_loss: 0.0416
test_loss: 0.1152
epoch 855
train_loss: 0.0416
test_loss: 0.1151
epoch 856
train_loss: 0.0416
test_loss: 0.1151
epoch 857
train_loss: 0.0416
test_loss: 0.1150
epoch 858
train_loss: 0.0415
test_loss: 0.1150
epoch 859
train_loss: 0.0415
test_loss: 0.1150
epoch 860
train_loss: 0.0415
test_loss: 0.1150
epoch 861
train_loss: 0.0415
test_loss: 0.1150
epoch 862
train_loss: 0.0414
test_loss: 0.1150
epoch 863
train_loss: 0.0414
test_loss: 0.1149
epoch 864
train_loss: 0.0414
test_loss: 0.1149
epoch 865
train_loss: 0.0414
test_loss: 0.1149
epoch 866
train_loss: 0.0413
test_loss: 0.1148
epoch 867
train_loss: 0.0413
test_loss: 0.1148
epoch 868
train_loss: 0.0413
test_loss: 0.1148
epoch 869
train_loss: 0.0413
test_loss: 0.1147
epoch 870
train_loss: 0.0412
test_loss: 0.1148
epoch 871
train_loss: 0.0412
test_loss: 0.1147
epoch 872
train_loss: 0.0412
test_loss: 0.1147
epoch 873
train_loss: 0.0411
test_loss: 0.1146
epoch 874
train_loss: 0.0411
test_loss: 0.1147
epoch 875
train_loss: 0.0411
test_loss: 0.1146
epoch 876
train_loss: 0.0411
test_loss: 0.1146
epoch 877
train_loss: 0.0411
test_loss: 0.1145
epoch 878
train_loss: 0.0410
test_loss: 0.1146
epoch 879
train_loss: 0.0410
test_loss: 0.1145
epoch 880
train_loss: 0.0410
test_loss: 0.1146
epoch 881
train_loss: 0.0410
test_loss: 0.1145
epoch 882
train_loss: 0.0409
test_loss: 0.1145
epoch 883
train_loss: 0.0409
test_loss: 0.1144
epoch 884
train_loss: 0.0409
test_loss: 0.1144
epoch 885
train_loss: 0.0409
test_loss: 0.1143
epoch 886
train_loss: 0.0408
test_loss: 0.1143
epoch 887
train_loss: 0.0408
test_loss: 0.1143
epoch 888
train_loss: 0.0408
test_loss: 0.1143
epoch 889
train_loss: 0.0408
test_loss: 0.1142
epoch 890
train_loss: 0.0407
test_loss: 0.1142
epoch 891
train_loss: 0.0407
test_loss: 0.1142
epoch 892
train_loss: 0.0407
test_loss: 0.1141
epoch 893
train_loss: 0.0406
test_loss: 0.1141
epoch 894
train_loss: 0.0406
test_loss: 0.1141
epoch 895
train_loss: 0.0406
test_loss: 0.1141
epoch 896
train_loss: 0.0406
test_loss: 0.1140
epoch 897
train_loss: 0.0405
test_loss: 0.1139
epoch 898
train_loss: 0.0405
test_loss: 0.1140
epoch 899
train_loss: 0.0405
test_loss: 0.1139
epoch 900
train_loss: 0.0405
test_loss: 0.1139
epoch 901
train_loss: 0.0405
test_loss: 0.1139
epoch 902
train_loss: 0.0404
test_loss: 0.1138
epoch 903
train_loss: 0.0404
test_loss: 0.1139
epoch 904
train_loss: 0.0404
test_loss: 0.1138
epoch 905
train_loss: 0.0404
test_loss: 0.1138
epoch 906
train_loss: 0.0403
test_loss: 0.1138
epoch 907
train_loss: 0.0403
test_loss: 0.1137
epoch 908
train_loss: 0.0403
test_loss: 0.1138
epoch 909
train_loss: 0.0403
test_loss: 0.1137
epoch 910
train_loss: 0.0402
test_loss: 0.1137
epoch 911
train_loss: 0.0402
test_loss: 0.1137
epoch 912
train_loss: 0.0402
test_loss: 0.1137
epoch 913
train_loss: 0.0402
test_loss: 0.1136
epoch 914
train_loss: 0.0401
test_loss: 0.1136
epoch 915
train_loss: 0.0401
test_loss: 0.1135
epoch 916
train_loss: 0.0401
test_loss: 0.1135
epoch 917
train_loss: 0.0401
test_loss: 0.1135
epoch 918
train_loss: 0.0400
test_loss: 0.1135
epoch 919
train_loss: 0.0400
test_loss: 0.1134
epoch 920
train_loss: 0.0400
test_loss: 0.1134
epoch 921
train_loss: 0.0400
test_loss: 0.1133
epoch 922
train_loss: 0.0400
test_loss: 0.1133
epoch 923
train_loss: 0.0399
test_loss: 0.1133
epoch 924
train_loss: 0.0399
test_loss: 0.1132
epoch 925
train_loss: 0.0399
test_loss: 0.1133
epoch 926
train_loss: 0.0399
test_loss: 0.1132
epoch 927
train_loss: 0.0398
test_loss: 0.1132
epoch 928
train_loss: 0.0398
test_loss: 0.1131
epoch 929
train_loss: 0.0398
test_loss: 0.1131
epoch 930
train_loss: 0.0398
test_loss: 0.1131
epoch 931
train_loss: 0.0397
test_loss: 0.1130
epoch 932
train_loss: 0.0397
test_loss: 0.1130
epoch 933
train_loss: 0.0397
test_loss: 0.1130
epoch 934
train_loss: 0.0397
test_loss: 0.1130
epoch 935
train_loss: 0.0396
test_loss: 0.1129
epoch 936
train_loss: 0.0396
test_loss: 0.1130
epoch 937
train_loss: 0.0396
test_loss: 0.1129
epoch 938
train_loss: 0.0396
test_loss: 0.1128
epoch 939
train_loss: 0.0396
test_loss: 0.1128
epoch 940
train_loss: 0.0395
test_loss: 0.1128
epoch 941
train_loss: 0.0395
test_loss: 0.1128
epoch 942
train_loss: 0.0395
test_loss: 0.1128
epoch 943
train_loss: 0.0395
test_loss: 0.1127
epoch 944
train_loss: 0.0394
test_loss: 0.1127
epoch 945
train_loss: 0.0394
test_loss: 0.1127
epoch 946
train_loss: 0.0394
test_loss: 0.1127
epoch 947
train_loss: 0.0394
test_loss: 0.1127
epoch 948
train_loss: 0.0393
test_loss: 0.1126
epoch 949
train_loss: 0.0393
test_loss: 0.1126
/home/xueqiong/noise_injection_uncertainty/regression/utils.py:39: FutureWarning: The 'delim_whitespace' keyword in pd.read_csv is deprecated and will be removed in a future version. Use ``sep='\s+'`` instead
  return pd.read_csv(dataset_path, engine='python', header=None, delim_whitespace=True)
8 1
824 206 1030
model_name dropoutFCN
using Adam as optimizer
epoch 0
train_loss: 0.7250
Module: DropoutFullyConnectedNN
  Module: ModuleList
    Module: Linear
    Module: Linear
    Module: Linear
  Module: ModuleList
    Module: Dropout
dropout设置为训练模式
    Module: Dropout
dropout设置为训练模式
    Module: Dropout
dropout设置为训练模式
  Module: ReLU
test_loss: 0.4774
epoch 1
train_loss: 0.4322
Module: DropoutFullyConnectedNN
  Module: ModuleList
    Module: Linear
    Module: Linear
    Module: Linear
  Module: ModuleList
    Module: Dropout
dropout设置为训练模式
    Module: Dropout
dropout设置为训练模式
    Module: Dropout
dropout设置为训练模式
  Module: ReLU
test_loss: 0.3509
epoch 2
train_loss: 0.3484
Module: DropoutFullyConnectedNN
  Module: ModuleList
    Module: Linear
    Module: Linear
    Module: Linear
  Module: ModuleList
    Module: Dropout
dropout设置为训练模式
    Module: Dropout
dropout设置为训练模式
    Module: Dropout
dropout设置为训练模式
  Module: ReLU
test_loss: 0.2999
epoch 3
train_loss: 0.3105
Module: DropoutFullyConnectedNN
  Module: ModuleList
    Module: Linear
    Module: Linear
    Module: Linear
  Module: ModuleList
    Module: Dropout
dropout设置为训练模式
    Module: Dropout
dropout设置为训练模式
    Module: Dropout
dropout设置为训练模式
  Module: ReLU
test_loss: 0.2663
epoch 4
train_loss: 0.2852
Module: DropoutFullyConnectedNN
  Module: ModuleList
    Module: Linear
    Module: Linear
    Module: Linear
  Module: ModuleList
    Module: Dropout
dropout设置为训练模式
    Module: Dropout
dropout设置为训练模式
    Module: Dropout
dropout设置为训练模式
  Module: ReLU
test_loss: 0.2404
epoch 5
train_loss: 0.2349
Module: DropoutFullyConnectedNN
  Module: ModuleList
    Module: Linear
    Module: Linear
    Module: Linear
  Module: ModuleList
    Module: Dropout
dropout设置为训练模式
    Module: Dropout
dropout设置为训练模式
    Module: Dropout
dropout设置为训练模式
  Module: ReLU
test_loss: 0.2225
epoch 6
train_loss: 0.2451
Module: DropoutFullyConnectedNN
  Module: ModuleList
    Module: Linear
    Module: Linear
    Module: Linear
  Module: ModuleList
    Module: Dropout
dropout设置为训练模式
    Module: Dropout
dropout设置为训练模式
    Module: Dropout
dropout设置为训练模式
  Module: ReLU
test_loss: 0.2164
epoch 7
train_loss: 0.2163
Module: DropoutFullyConnectedNN
  Module: ModuleList
    Module: Linear
    Module: Linear
    Module: Linear
  Module: ModuleList
    Module: Dropout
dropout设置为训练模式
    Module: Dropout
dropout设置为训练模式
    Module: Dropout
dropout设置为训练模式
  Module: ReLU
test_loss: 0.1983
epoch 8
train_loss: 0.2103
Module: DropoutFullyConnectedNN
  Module: ModuleList
    Module: Linear
    Module: Linear
    Module: Linear
  Module: ModuleList
    Module: Dropout
dropout设置为训练模式
    Module: Dropout
dropout设置为训练模式
    Module: Dropout
dropout设置为训练模式
  Module: ReLU
test_loss: 0.1874
epoch 9
train_loss: 0.1878
Module: DropoutFullyConnectedNN
  Module: ModuleList
    Module: Linear
    Module: Linear
    Module: Linear
  Module: ModuleList
    Module: Dropout
dropout设置为训练模式
    Module: Dropout
dropout设置为训练模式
    Module: Dropout
dropout设置为训练模式
  Module: ReLU
test_loss: 0.1852
epoch 10
train_loss: 0.1787
Module: DropoutFullyConnectedNN
  Module: ModuleList
    Module: Linear
    Module: Linear
    Module: Linear
  Module: ModuleList
    Module: Dropout
dropout设置为训练模式
    Module: Dropout
dropout设置为训练模式
    Module: Dropout
dropout设置为训练模式
  Module: ReLU
test_loss: 0.1760
epoch 11
train_loss: 0.1828
Module: DropoutFullyConnectedNN
  Module: ModuleList
    Module: Linear
    Module: Linear
    Module: Linear
  Module: ModuleList
    Module: Dropout
dropout设置为训练模式
    Module: Dropout
dropout设置为训练模式
    Module: Dropout
dropout设置为训练模式
  Module: ReLU
test_loss: 0.1732
epoch 12
train_loss: 0.1782
Module: DropoutFullyConnectedNN
  Module: ModuleList
    Module: Linear
    Module: Linear
    Module: Linear
  Module: ModuleList
    Module: Dropout
dropout设置为训练模式
    Module: Dropout
dropout设置为训练模式
    Module: Dropout
dropout设置为训练模式
  Module: ReLU
test_loss: 0.1697
epoch 13
train_loss: 0.1748
Module: DropoutFullyConnectedNN
  Module: ModuleList
    Module: Linear
    Module: Linear
    Module: Linear
  Module: ModuleList
    Module: Dropout
dropout设置为训练模式
    Module: Dropout
dropout设置为训练模式
    Module: Dropout
dropout设置为训练模式
  Module: ReLU
test_loss: 0.1685
epoch 14
train_loss: 0.1680
Module: DropoutFullyConnectedNN
  Module: ModuleList
    Module: Linear
    Module: Linear
    Module: Linear
  Module: ModuleList
    Module: Dropout
dropout设置为训练模式
    Module: Dropout
dropout设置为训练模式
    Module: Dropout
dropout设置为训练模式
  Module: ReLU
test_loss: 0.1542
epoch 15
train_loss: 0.1554
Module: DropoutFullyConnectedNN
  Module: ModuleList
    Module: Linear
    Module: Linear
    Module: Linear
  Module: ModuleList
    Module: Dropout
dropout设置为训练模式
    Module: Dropout
dropout设置为训练模式
    Module: Dropout
dropout设置为训练模式
  Module: ReLU
test_loss: 0.1474
epoch 16
train_loss: 0.1582
Module: DropoutFullyConnectedNN
  Module: ModuleList
    Module: Linear
    Module: Linear
    Module: Linear
  Module: ModuleList
    Module: Dropout
dropout设置为训练模式
    Module: Dropout
dropout设置为训练模式
    Module: Dropout
dropout设置为训练模式
  Module: ReLU
test_loss: 0.1525
epoch 17
train_loss: 0.1542
Module: DropoutFullyConnectedNN
  Module: ModuleList
    Module: Linear
    Module: Linear
    Module: Linear
  Module: ModuleList
    Module: Dropout
dropout设置为训练模式
    Module: Dropout
dropout设置为训练模式
    Module: Dropout
dropout设置为训练模式
  Module: ReLU
test_loss: 0.1539
epoch 18
train_loss: 0.1487
Module: DropoutFullyConnectedNN
  Module: ModuleList
    Module: Linear
    Module: Linear
    Module: Linear
  Module: ModuleList
    Module: Dropout
dropout设置为训练模式
    Module: Dropout
dropout设置为训练模式
    Module: Dropout
dropout设置为训练模式
  Module: ReLU
test_loss: 0.1516
epoch 19
train_loss: 0.1458
Module: DropoutFullyConnectedNN
  Module: ModuleList
    Module: Linear
    Module: Linear
    Module: Linear
  Module: ModuleList
    Module: Dropout
dropout设置为训练模式
    Module: Dropout
dropout设置为训练模式
    Module: Dropout
dropout设置为训练模式
  Module: ReLU
test_loss: 0.1467
epoch 20
train_loss: 0.1459
Module: DropoutFullyConnectedNN
  Module: ModuleList
    Module: Linear
    Module: Linear
    Module: Linear
  Module: ModuleList
    Module: Dropout
dropout设置为训练模式
    Module: Dropout
dropout设置为训练模式
    Module: Dropout
dropout设置为训练模式
  Module: ReLU
test_loss: 0.1459
epoch 21
train_loss: 0.1420
Module: DropoutFullyConnectedNN
  Module: ModuleList
    Module: Linear
    Module: Linear
    Module: Linear
  Module: ModuleList
    Module: Dropout
dropout设置为训练模式
    Module: Dropout
dropout设置为训练模式
    Module: Dropout
dropout设置为训练模式
  Module: ReLU
test_loss: 0.1523
epoch 22
train_loss: 0.1374
Module: DropoutFullyConnectedNN
  Module: ModuleList
    Module: Linear
    Module: Linear
    Module: Linear
  Module: ModuleList
    Module: Dropout
dropout设置为训练模式
    Module: Dropout
dropout设置为训练模式
    Module: Dropout
dropout设置为训练模式
  Module: ReLU
test_loss: 0.1505
epoch 23
train_loss: 0.1446
Module: DropoutFullyConnectedNN
  Module: ModuleList
    Module: Linear
    Module: Linear
    Module: Linear
  Module: ModuleList
    Module: Dropout
dropout设置为训练模式
    Module: Dropout
dropout设置为训练模式
    Module: Dropout
dropout设置为训练模式
  Module: ReLU
test_loss: 0.1433
epoch 24
train_loss: 0.1258
Module: DropoutFullyConnectedNN
  Module: ModuleList
    Module: Linear
    Module: Linear
    Module: Linear
  Module: ModuleList
    Module: Dropout
dropout设置为训练模式
    Module: Dropout
dropout设置为训练模式
    Module: Dropout
dropout设置为训练模式
  Module: ReLU
test_loss: 0.1479
epoch 25
train_loss: 0.1315
Module: DropoutFullyConnectedNN
  Module: ModuleList
    Module: Linear
    Module: Linear
    Module: Linear
  Module: ModuleList
    Module: Dropout
dropout设置为训练模式
    Module: Dropout
dropout设置为训练模式
    Module: Dropout
dropout设置为训练模式
  Module: ReLU
test_loss: 0.1445
epoch 26
train_loss: 0.1258
Module: DropoutFullyConnectedNN
  Module: ModuleList
    Module: Linear
    Module: Linear
    Module: Linear
  Module: ModuleList
    Module: Dropout
dropout设置为训练模式
    Module: Dropout
dropout设置为训练模式
    Module: Dropout
dropout设置为训练模式
  Module: ReLU
test_loss: 0.1444
epoch 27
train_loss: 0.1308
Module: DropoutFullyConnectedNN
  Module: ModuleList
    Module: Linear
    Module: Linear
    Module: Linear
  Module: ModuleList
    Module: Dropout
dropout设置为训练模式
    Module: Dropout
dropout设置为训练模式
    Module: Dropout
dropout设置为训练模式
  Module: ReLU
test_loss: 0.1458
epoch 28
train_loss: 0.1248
Module: DropoutFullyConnectedNN
  Module: ModuleList
    Module: Linear
    Module: Linear
    Module: Linear
  Module: ModuleList
    Module: Dropout
dropout设置为训练模式
    Module: Dropout
dropout设置为训练模式
    Module: Dropout
dropout设置为训练模式
  Module: ReLU
test_loss: 0.1393
epoch 29
train_loss: 0.1194
Module: DropoutFullyConnectedNN
  Module: ModuleList
    Module: Linear
    Module: Linear
    Module: Linear
  Module: ModuleList
    Module: Dropout
dropout设置为训练模式
    Module: Dropout
dropout设置为训练模式
    Module: Dropout
dropout设置为训练模式
  Module: ReLU
test_loss: 0.1394
epoch 30
train_loss: 0.1220
Module: DropoutFullyConnectedNN
  Module: ModuleList
    Module: Linear
    Module: Linear
    Module: Linear
  Module: ModuleList
    Module: Dropout
dropout设置为训练模式
    Module: Dropout
dropout设置为训练模式
    Module: Dropout
dropout设置为训练模式
  Module: ReLU
test_loss: 0.1382
epoch 31
train_loss: 0.1233
Module: DropoutFullyConnectedNN
  Module: ModuleList
    Module: Linear
    Module: Linear
    Module: Linear
  Module: ModuleList
    Module: Dropout
dropout设置为训练模式
    Module: Dropout
dropout设置为训练模式
    Module: Dropout
dropout设置为训练模式
  Module: ReLU
test_loss: 0.1403
epoch 32
train_loss: 0.1206
Module: DropoutFullyConnectedNN
  Module: ModuleList
    Module: Linear
    Module: Linear
    Module: Linear
  Module: ModuleList
    Module: Dropout
dropout设置为训练模式
    Module: Dropout
dropout设置为训练模式
    Module: Dropout
dropout设置为训练模式
  Module: ReLU
test_loss: 0.1412
epoch 33
train_loss: 0.1147
Module: DropoutFullyConnectedNN
  Module: ModuleList
    Module: Linear
    Module: Linear
    Module: Linear
  Module: ModuleList
    Module: Dropout
dropout设置为训练模式
    Module: Dropout
dropout设置为训练模式
    Module: Dropout
dropout设置为训练模式
  Module: ReLU
test_loss: 0.1279
epoch 34
train_loss: 0.1147
Module: DropoutFullyConnectedNN
  Module: ModuleList
    Module: Linear
    Module: Linear
    Module: Linear
  Module: ModuleList
    Module: Dropout
dropout设置为训练模式
    Module: Dropout
dropout设置为训练模式
    Module: Dropout
dropout设置为训练模式
  Module: ReLU
test_loss: 0.1352
epoch 35
train_loss: 0.1126
Module: DropoutFullyConnectedNN
  Module: ModuleList
    Module: Linear
    Module: Linear
    Module: Linear
  Module: ModuleList
    Module: Dropout
dropout设置为训练模式
    Module: Dropout
dropout设置为训练模式
    Module: Dropout
dropout设置为训练模式
  Module: ReLU
test_loss: 0.1290
epoch 36
train_loss: 0.1082
Module: DropoutFullyConnectedNN
  Module: ModuleList
    Module: Linear
    Module: Linear
    Module: Linear
  Module: ModuleList
    Module: Dropout
dropout设置为训练模式
    Module: Dropout
dropout设置为训练模式
    Module: Dropout
dropout设置为训练模式
  Module: ReLU
test_loss: 0.1260
epoch 37
train_loss: 0.1200
Module: DropoutFullyConnectedNN
  Module: ModuleList
    Module: Linear
    Module: Linear
    Module: Linear
  Module: ModuleList
    Module: Dropout
dropout设置为训练模式
    Module: Dropout
dropout设置为训练模式
    Module: Dropout
dropout设置为训练模式
  Module: ReLU
test_loss: 0.1339
epoch 38
train_loss: 0.1156
Module: DropoutFullyConnectedNN
  Module: ModuleList
    Module: Linear
    Module: Linear
    Module: Linear
  Module: ModuleList
    Module: Dropout
dropout设置为训练模式
    Module: Dropout
dropout设置为训练模式
    Module: Dropout
dropout设置为训练模式
  Module: ReLU
test_loss: 0.1281
epoch 39
train_loss: 0.1086
Module: DropoutFullyConnectedNN
  Module: ModuleList
    Module: Linear
    Module: Linear
    Module: Linear
  Module: ModuleList
    Module: Dropout
dropout设置为训练模式
    Module: Dropout
dropout设置为训练模式
    Module: Dropout
dropout设置为训练模式
  Module: ReLU
test_loss: 0.1404
epoch 40
train_loss: 0.1082
Module: DropoutFullyConnectedNN
  Module: ModuleList
    Module: Linear
    Module: Linear
    Module: Linear
  Module: ModuleList
    Module: Dropout
dropout设置为训练模式
    Module: Dropout
dropout设置为训练模式
    Module: Dropout
dropout设置为训练模式
  Module: ReLU
test_loss: 0.1291
epoch 41
train_loss: 0.1017
Module: DropoutFullyConnectedNN
  Module: ModuleList
    Module: Linear
    Module: Linear
    Module: Linear
  Module: ModuleList
    Module: Dropout
dropout设置为训练模式
    Module: Dropout
dropout设置为训练模式
    Module: Dropout
dropout设置为训练模式
  Module: ReLU
test_loss: 0.1293
epoch 42
train_loss: 0.1067
Module: DropoutFullyConnectedNN
  Module: ModuleList
    Module: Linear
    Module: Linear
    Module: Linear
  Module: ModuleList
    Module: Dropout
dropout设置为训练模式
    Module: Dropout
dropout设置为训练模式
    Module: Dropout
dropout设置为训练模式
  Module: ReLU
test_loss: 0.1330
epoch 43
train_loss: 0.1016
Module: DropoutFullyConnectedNN
  Module: ModuleList
    Module: Linear
    Module: Linear
    Module: Linear
  Module: ModuleList
    Module: Dropout
dropout设置为训练模式
    Module: Dropout
dropout设置为训练模式
    Module: Dropout
dropout设置为训练模式
  Module: ReLU
test_loss: 0.1281
epoch 44
train_loss: 0.0966
Module: DropoutFullyConnectedNN
  Module: ModuleList
    Module: Linear
    Module: Linear
    Module: Linear
  Module: ModuleList
    Module: Dropout
dropout设置为训练模式
    Module: Dropout
dropout设置为训练模式
    Module: Dropout
dropout设置为训练模式
  Module: ReLU
test_loss: 0.1290
epoch 45
train_loss: 0.1009
Module: DropoutFullyConnectedNN
  Module: ModuleList
    Module: Linear
    Module: Linear
    Module: Linear
  Module: ModuleList
    Module: Dropout
dropout设置为训练模式
    Module: Dropout
dropout设置为训练模式
    Module: Dropout
dropout设置为训练模式
  Module: ReLU
test_loss: 0.1236
epoch 46
train_loss: 0.0943
Module: DropoutFullyConnectedNN
  Module: ModuleList
    Module: Linear
    Module: Linear
    Module: Linear
  Module: ModuleList
    Module: Dropout
dropout设置为训练模式
    Module: Dropout
dropout设置为训练模式
    Module: Dropout
dropout设置为训练模式
  Module: ReLU
test_loss: 0.1296
epoch 47
train_loss: 0.0957
Module: DropoutFullyConnectedNN
  Module: ModuleList
    Module: Linear
    Module: Linear
    Module: Linear
  Module: ModuleList
    Module: Dropout
dropout设置为训练模式
    Module: Dropout
dropout设置为训练模式
    Module: Dropout
dropout设置为训练模式
  Module: ReLU
test_loss: 0.1234
epoch 48
train_loss: 0.1032
Module: DropoutFullyConnectedNN
  Module: ModuleList
    Module: Linear
    Module: Linear
    Module: Linear
  Module: ModuleList
    Module: Dropout
dropout设置为训练模式
    Module: Dropout
dropout设置为训练模式
    Module: Dropout
dropout设置为训练模式
  Module: ReLU
test_loss: 0.1220
epoch 49
train_loss: 0.0944
Module: DropoutFullyConnectedNN
  Module: ModuleList
    Module: Linear
    Module: Linear
    Module: Linear
  Module: ModuleList
    Module: Dropout
dropout设置为训练模式
    Module: Dropout
dropout设置为训练模式
    Module: Dropout
dropout设置为训练模式
  Module: ReLU
test_loss: 0.1205
epoch 50
train_loss: 0.0976
Module: DropoutFullyConnectedNN
  Module: ModuleList
    Module: Linear
    Module: Linear
    Module: Linear
  Module: ModuleList
    Module: Dropout
dropout设置为训练模式
    Module: Dropout
dropout设置为训练模式
    Module: Dropout
dropout设置为训练模式
  Module: ReLU
test_loss: 0.1284
epoch 51
train_loss: 0.0937
Module: DropoutFullyConnectedNN
  Module: ModuleList
    Module: Linear
    Module: Linear
    Module: Linear
  Module: ModuleList
    Module: Dropout
dropout设置为训练模式
    Module: Dropout
dropout设置为训练模式
    Module: Dropout
dropout设置为训练模式
  Module: ReLU
test_loss: 0.1235
epoch 52
train_loss: 0.0933
Module: DropoutFullyConnectedNN
  Module: ModuleList
    Module: Linear
    Module: Linear
    Module: Linear
  Module: ModuleList
    Module: Dropout
dropout设置为训练模式
    Module: Dropout
dropout设置为训练模式
    Module: Dropout
dropout设置为训练模式
  Module: ReLU
test_loss: 0.1255
epoch 53
train_loss: 0.0985
Module: DropoutFullyConnectedNN
  Module: ModuleList
    Module: Linear
    Module: Linear
    Module: Linear
  Module: ModuleList
    Module: Dropout
dropout设置为训练模式
    Module: Dropout
dropout设置为训练模式
    Module: Dropout
dropout设置为训练模式
  Module: ReLU
test_loss: 0.1223
epoch 54
train_loss: 0.0900
Module: DropoutFullyConnectedNN
  Module: ModuleList
    Module: Linear
    Module: Linear
    Module: Linear
  Module: ModuleList
    Module: Dropout
dropout设置为训练模式
    Module: Dropout
dropout设置为训练模式
    Module: Dropout
dropout设置为训练模式
  Module: ReLU
test_loss: 0.1218
epoch 55
train_loss: 0.0925
Module: DropoutFullyConnectedNN
  Module: ModuleList
    Module: Linear
    Module: Linear
    Module: Linear
  Module: ModuleList
    Module: Dropout
dropout设置为训练模式
    Module: Dropout
dropout设置为训练模式
    Module: Dropout
dropout设置为训练模式
  Module: ReLU
test_loss: 0.1238
epoch 56
train_loss: 0.0971
Module: DropoutFullyConnectedNN
  Module: ModuleList
    Module: Linear
    Module: Linear
    Module: Linear
  Module: ModuleList
    Module: Dropout
dropout设置为训练模式
    Module: Dropout
dropout设置为训练模式
    Module: Dropout
dropout设置为训练模式
  Module: ReLU
test_loss: 0.1196
epoch 57
train_loss: 0.0956
Module: DropoutFullyConnectedNN
  Module: ModuleList
    Module: Linear
    Module: Linear
    Module: Linear
  Module: ModuleList
    Module: Dropout
dropout设置为训练模式
    Module: Dropout
dropout设置为训练模式
    Module: Dropout
dropout设置为训练模式
  Module: ReLU
test_loss: 0.1220
epoch 58
train_loss: 0.1011
Module: DropoutFullyConnectedNN
  Module: ModuleList
    Module: Linear
    Module: Linear
    Module: Linear
  Module: ModuleList
    Module: Dropout
dropout设置为训练模式
    Module: Dropout
dropout设置为训练模式
    Module: Dropout
dropout设置为训练模式
  Module: ReLU
test_loss: 0.1244
epoch 59
train_loss: 0.0902
Module: DropoutFullyConnectedNN
  Module: ModuleList
    Module: Linear
    Module: Linear
    Module: Linear
  Module: ModuleList
    Module: Dropout
dropout设置为训练模式
    Module: Dropout
dropout设置为训练模式
    Module: Dropout
dropout设置为训练模式
  Module: ReLU
test_loss: 0.1146
epoch 60
train_loss: 0.0889
Module: DropoutFullyConnectedNN
  Module: ModuleList
    Module: Linear
    Module: Linear
    Module: Linear
  Module: ModuleList
    Module: Dropout
dropout设置为训练模式
    Module: Dropout
dropout设置为训练模式
    Module: Dropout
dropout设置为训练模式
  Module: ReLU
test_loss: 0.1217
epoch 61
train_loss: 0.0983
Module: DropoutFullyConnectedNN
  Module: ModuleList
    Module: Linear
    Module: Linear
    Module: Linear
  Module: ModuleList
    Module: Dropout
dropout设置为训练模式
    Module: Dropout
dropout设置为训练模式
    Module: Dropout
dropout设置为训练模式
  Module: ReLU
test_loss: 0.1248
epoch 62
train_loss: 0.0932
Module: DropoutFullyConnectedNN
  Module: ModuleList
    Module: Linear
    Module: Linear
    Module: Linear
  Module: ModuleList
    Module: Dropout
dropout设置为训练模式
    Module: Dropout
dropout设置为训练模式
    Module: Dropout
dropout设置为训练模式
  Module: ReLU
test_loss: 0.1293
epoch 63
train_loss: 0.0854
Module: DropoutFullyConnectedNN
  Module: ModuleList
    Module: Linear
    Module: Linear
    Module: Linear
  Module: ModuleList
    Module: Dropout
dropout设置为训练模式
    Module: Dropout
dropout设置为训练模式
    Module: Dropout
dropout设置为训练模式
  Module: ReLU
test_loss: 0.1238
epoch 64
train_loss: 0.0959
Module: DropoutFullyConnectedNN
  Module: ModuleList
    Module: Linear
    Module: Linear
    Module: Linear
  Module: ModuleList
    Module: Dropout
dropout设置为训练模式
    Module: Dropout
dropout设置为训练模式
    Module: Dropout
dropout设置为训练模式
  Module: ReLU
test_loss: 0.1290
epoch 65
train_loss: 0.0956
Module: DropoutFullyConnectedNN
  Module: ModuleList
    Module: Linear
    Module: Linear
    Module: Linear
  Module: ModuleList
    Module: Dropout
dropout设置为训练模式
    Module: Dropout
dropout设置为训练模式
    Module: Dropout
dropout设置为训练模式
  Module: ReLU
test_loss: 0.1251
epoch 66
train_loss: 0.0893
Module: DropoutFullyConnectedNN
  Module: ModuleList
    Module: Linear
    Module: Linear
    Module: Linear
  Module: ModuleList
    Module: Dropout
dropout设置为训练模式
    Module: Dropout
dropout设置为训练模式
    Module: Dropout
dropout设置为训练模式
  Module: ReLU
test_loss: 0.1201
epoch 67
train_loss: 0.0932
Module: DropoutFullyConnectedNN
  Module: ModuleList
    Module: Linear
    Module: Linear
    Module: Linear
  Module: ModuleList
    Module: Dropout
dropout设置为训练模式
    Module: Dropout
dropout设置为训练模式
    Module: Dropout
dropout设置为训练模式
  Module: ReLU
test_loss: 0.1340
epoch 68
train_loss: 0.0918
Module: DropoutFullyConnectedNN
  Module: ModuleList
    Module: Linear
    Module: Linear
    Module: Linear
  Module: ModuleList
    Module: Dropout
dropout设置为训练模式
    Module: Dropout
dropout设置为训练模式
    Module: Dropout
dropout设置为训练模式
  Module: ReLU
test_loss: 0.1258
epoch 69
train_loss: 0.0935
Module: DropoutFullyConnectedNN
  Module: ModuleList
    Module: Linear
    Module: Linear
    Module: Linear
  Module: ModuleList
    Module: Dropout
dropout设置为训练模式
    Module: Dropout
dropout设置为训练模式
    Module: Dropout
dropout设置为训练模式
  Module: ReLU
test_loss: 0.1207
epoch 70
train_loss: 0.0895
Module: DropoutFullyConnectedNN
  Module: ModuleList
    Module: Linear
    Module: Linear
    Module: Linear
  Module: ModuleList
    Module: Dropout
dropout设置为训练模式
    Module: Dropout
dropout设置为训练模式
    Module: Dropout
dropout设置为训练模式
  Module: ReLU
test_loss: 0.1219
epoch 71
train_loss: 0.0895
Module: DropoutFullyConnectedNN
  Module: ModuleList
    Module: Linear
    Module: Linear
    Module: Linear
  Module: ModuleList
    Module: Dropout
dropout设置为训练模式
    Module: Dropout
dropout设置为训练模式
    Module: Dropout
dropout设置为训练模式
  Module: ReLU
test_loss: 0.1229
epoch 72
train_loss: 0.0894
Module: DropoutFullyConnectedNN
  Module: ModuleList
    Module: Linear
    Module: Linear
    Module: Linear
  Module: ModuleList
    Module: Dropout
dropout设置为训练模式
    Module: Dropout
dropout设置为训练模式
    Module: Dropout
dropout设置为训练模式
  Module: ReLU
test_loss: 0.1275
epoch 73
train_loss: 0.0888
Module: DropoutFullyConnectedNN
  Module: ModuleList
    Module: Linear
    Module: Linear
    Module: Linear
  Module: ModuleList
    Module: Dropout
dropout设置为训练模式
    Module: Dropout
dropout设置为训练模式
    Module: Dropout
dropout设置为训练模式
  Module: ReLU
test_loss: 0.1238
epoch 74
train_loss: 0.0841
Module: DropoutFullyConnectedNN
  Module: ModuleList
    Module: Linear
    Module: Linear
    Module: Linear
  Module: ModuleList
    Module: Dropout
dropout设置为训练模式
    Module: Dropout
dropout设置为训练模式
    Module: Dropout
dropout设置为训练模式
  Module: ReLU
test_loss: 0.1302
epoch 75
train_loss: 0.0841
Module: DropoutFullyConnectedNN
  Module: ModuleList
    Module: Linear
    Module: Linear
    Module: Linear
  Module: ModuleList
    Module: Dropout
dropout设置为训练模式
    Module: Dropout
dropout设置为训练模式
    Module: Dropout
dropout设置为训练模式
  Module: ReLU
test_loss: 0.1251
epoch 76
train_loss: 0.0913
Module: DropoutFullyConnectedNN
  Module: ModuleList
    Module: Linear
    Module: Linear
    Module: Linear
  Module: ModuleList
    Module: Dropout
dropout设置为训练模式
    Module: Dropout
dropout设置为训练模式
    Module: Dropout
dropout设置为训练模式
  Module: ReLU
test_loss: 0.1226
epoch 77
train_loss: 0.0792
Module: DropoutFullyConnectedNN
  Module: ModuleList
    Module: Linear
    Module: Linear
    Module: Linear
  Module: ModuleList
    Module: Dropout
dropout设置为训练模式
    Module: Dropout
dropout设置为训练模式
    Module: Dropout
dropout设置为训练模式
  Module: ReLU
test_loss: 0.1245
epoch 78
train_loss: 0.0842
Module: DropoutFullyConnectedNN
  Module: ModuleList
    Module: Linear
    Module: Linear
    Module: Linear
  Module: ModuleList
    Module: Dropout
dropout设置为训练模式
    Module: Dropout
dropout设置为训练模式
    Module: Dropout
dropout设置为训练模式
  Module: ReLU
test_loss: 0.1248
epoch 79
train_loss: 0.0806
Module: DropoutFullyConnectedNN
  Module: ModuleList
    Module: Linear
    Module: Linear
    Module: Linear
  Module: ModuleList
    Module: Dropout
dropout设置为训练模式
    Module: Dropout
dropout设置为训练模式
    Module: Dropout
dropout设置为训练模式
  Module: ReLU
test_loss: 0.1213
epoch 80
train_loss: 0.0853
Module: DropoutFullyConnectedNN
  Module: ModuleList
    Module: Linear
    Module: Linear
    Module: Linear
  Module: ModuleList
    Module: Dropout
dropout设置为训练模式
    Module: Dropout
dropout设置为训练模式
    Module: Dropout
dropout设置为训练模式
  Module: ReLU
test_loss: 0.1234
epoch 81
train_loss: 0.0839
Module: DropoutFullyConnectedNN
  Module: ModuleList
    Module: Linear
    Module: Linear
    Module: Linear
  Module: ModuleList
    Module: Dropout
dropout设置为训练模式
    Module: Dropout
dropout设置为训练模式
    Module: Dropout
dropout设置为训练模式
  Module: ReLU
test_loss: 0.1195
epoch 82
train_loss: 0.0854
Module: DropoutFullyConnectedNN
  Module: ModuleList
    Module: Linear
    Module: Linear
    Module: Linear
  Module: ModuleList
    Module: Dropout
dropout设置为训练模式
    Module: Dropout
dropout设置为训练模式
    Module: Dropout
dropout设置为训练模式
  Module: ReLU
test_loss: 0.1266
epoch 83
train_loss: 0.0786
Module: DropoutFullyConnectedNN
  Module: ModuleList
    Module: Linear
    Module: Linear
    Module: Linear
  Module: ModuleList
    Module: Dropout
dropout设置为训练模式
    Module: Dropout
dropout设置为训练模式
    Module: Dropout
dropout设置为训练模式
  Module: ReLU
test_loss: 0.1267
epoch 84
train_loss: 0.0874
Module: DropoutFullyConnectedNN
  Module: ModuleList
    Module: Linear
    Module: Linear
    Module: Linear
  Module: ModuleList
    Module: Dropout
dropout设置为训练模式
    Module: Dropout
dropout设置为训练模式
    Module: Dropout
dropout设置为训练模式
  Module: ReLU
test_loss: 0.1240
epoch 85
train_loss: 0.0754
Module: DropoutFullyConnectedNN
  Module: ModuleList
    Module: Linear
    Module: Linear
    Module: Linear
  Module: ModuleList
    Module: Dropout
dropout设置为训练模式
    Module: Dropout
dropout设置为训练模式
    Module: Dropout
dropout设置为训练模式
  Module: ReLU
test_loss: 0.1254
epoch 86
train_loss: 0.0822
Module: DropoutFullyConnectedNN
  Module: ModuleList
    Module: Linear
    Module: Linear
    Module: Linear
  Module: ModuleList
    Module: Dropout
dropout设置为训练模式
    Module: Dropout
dropout设置为训练模式
    Module: Dropout
dropout设置为训练模式
  Module: ReLU
test_loss: 0.1273
epoch 87
train_loss: 0.0811
Module: DropoutFullyConnectedNN
  Module: ModuleList
    Module: Linear
    Module: Linear
    Module: Linear
  Module: ModuleList
    Module: Dropout
dropout设置为训练模式
    Module: Dropout
dropout设置为训练模式
    Module: Dropout
dropout设置为训练模式
  Module: ReLU
test_loss: 0.1203
epoch 88
train_loss: 0.0838
Module: DropoutFullyConnectedNN
  Module: ModuleList
    Module: Linear
    Module: Linear
    Module: Linear
  Module: ModuleList
    Module: Dropout
dropout设置为训练模式
    Module: Dropout
dropout设置为训练模式
    Module: Dropout
dropout设置为训练模式
  Module: ReLU
test_loss: 0.1298
epoch 89
train_loss: 0.0810
Module: DropoutFullyConnectedNN
  Module: ModuleList
    Module: Linear
    Module: Linear
    Module: Linear
  Module: ModuleList
    Module: Dropout
dropout设置为训练模式
    Module: Dropout
dropout设置为训练模式
    Module: Dropout
dropout设置为训练模式
  Module: ReLU
test_loss: 0.1233
epoch 90
train_loss: 0.0832
Module: DropoutFullyConnectedNN
  Module: ModuleList
    Module: Linear
    Module: Linear
    Module: Linear
  Module: ModuleList
    Module: Dropout
dropout设置为训练模式
    Module: Dropout
dropout设置为训练模式
    Module: Dropout
dropout设置为训练模式
  Module: ReLU
test_loss: 0.1229
epoch 91
train_loss: 0.0911
Module: DropoutFullyConnectedNN
  Module: ModuleList
    Module: Linear
    Module: Linear
    Module: Linear
  Module: ModuleList
    Module: Dropout
dropout设置为训练模式
    Module: Dropout
dropout设置为训练模式
    Module: Dropout
dropout设置为训练模式
  Module: ReLU
test_loss: 0.1256
epoch 92
train_loss: 0.0784
Module: DropoutFullyConnectedNN
  Module: ModuleList
    Module: Linear
    Module: Linear
    Module: Linear
  Module: ModuleList
    Module: Dropout
dropout设置为训练模式
    Module: Dropout
dropout设置为训练模式
    Module: Dropout
dropout设置为训练模式
  Module: ReLU
test_loss: 0.1212
epoch 93
train_loss: 0.0831
Module: DropoutFullyConnectedNN
  Module: ModuleList
    Module: Linear
    Module: Linear
    Module: Linear
  Module: ModuleList
    Module: Dropout
dropout设置为训练模式
    Module: Dropout
dropout设置为训练模式
    Module: Dropout
dropout设置为训练模式
  Module: ReLU
test_loss: 0.1205
epoch 94
train_loss: 0.0771
Module: DropoutFullyConnectedNN
  Module: ModuleList
    Module: Linear
    Module: Linear
    Module: Linear
  Module: ModuleList
    Module: Dropout
dropout设置为训练模式
    Module: Dropout
dropout设置为训练模式
    Module: Dropout
dropout设置为训练模式
  Module: ReLU
test_loss: 0.1262
epoch 95
train_loss: 0.0830
Module: DropoutFullyConnectedNN
  Module: ModuleList
    Module: Linear
    Module: Linear
    Module: Linear
  Module: ModuleList
    Module: Dropout
dropout设置为训练模式
    Module: Dropout
dropout设置为训练模式
    Module: Dropout
dropout设置为训练模式
  Module: ReLU
test_loss: 0.1239
epoch 96
train_loss: 0.0816
Module: DropoutFullyConnectedNN
  Module: ModuleList
    Module: Linear
    Module: Linear
    Module: Linear
  Module: ModuleList
    Module: Dropout
dropout设置为训练模式
    Module: Dropout
dropout设置为训练模式
    Module: Dropout
dropout设置为训练模式
  Module: ReLU
test_loss: 0.1248
epoch 97
train_loss: 0.0864
Module: DropoutFullyConnectedNN
  Module: ModuleList
    Module: Linear
    Module: Linear
    Module: Linear
  Module: ModuleList
    Module: Dropout
dropout设置为训练模式
    Module: Dropout
dropout设置为训练模式
    Module: Dropout
dropout设置为训练模式
  Module: ReLU
test_loss: 0.1186
epoch 98
train_loss: 0.0778
Module: DropoutFullyConnectedNN
  Module: ModuleList
    Module: Linear
    Module: Linear
    Module: Linear
  Module: ModuleList
    Module: Dropout
dropout设置为训练模式
    Module: Dropout
dropout设置为训练模式
    Module: Dropout
dropout设置为训练模式
  Module: ReLU
test_loss: 0.1310
epoch 99
train_loss: 0.0812
Module: DropoutFullyConnectedNN
  Module: ModuleList
    Module: Linear
    Module: Linear
    Module: Linear
  Module: ModuleList
    Module: Dropout
dropout设置为训练模式
    Module: Dropout
dropout设置为训练模式
    Module: Dropout
dropout设置为训练模式
  Module: ReLU
test_loss: 0.1283
epoch 100
train_loss: 0.0822
Module: DropoutFullyConnectedNN
  Module: ModuleList
    Module: Linear
    Module: Linear
    Module: Linear
  Module: ModuleList
    Module: Dropout
dropout设置为训练模式
    Module: Dropout
dropout设置为训练模式
    Module: Dropout
dropout设置为训练模式
  Module: ReLU
test_loss: 0.1201
epoch 101
train_loss: 0.0867
Module: DropoutFullyConnectedNN
  Module: ModuleList
    Module: Linear
    Module: Linear
    Module: Linear
  Module: ModuleList
    Module: Dropout
dropout设置为训练模式
    Module: Dropout
dropout设置为训练模式
    Module: Dropout
dropout设置为训练模式
  Module: ReLU
test_loss: 0.1196
epoch 102
train_loss: 0.0835
Module: DropoutFullyConnectedNN
  Module: ModuleList
    Module: Linear
    Module: Linear
    Module: Linear
  Module: ModuleList
    Module: Dropout
dropout设置为训练模式
    Module: Dropout
dropout设置为训练模式
    Module: Dropout
dropout设置为训练模式
  Module: ReLU
test_loss: 0.1254
epoch 103
train_loss: 0.0816
Module: DropoutFullyConnectedNN
  Module: ModuleList
    Module: Linear
    Module: Linear
    Module: Linear
  Module: ModuleList
    Module: Dropout
dropout设置为训练模式
    Module: Dropout
dropout设置为训练模式
    Module: Dropout
dropout设置为训练模式
  Module: ReLU
test_loss: 0.1227
epoch 104
train_loss: 0.0800
Module: DropoutFullyConnectedNN
  Module: ModuleList
    Module: Linear
    Module: Linear
    Module: Linear
  Module: ModuleList
    Module: Dropout
dropout设置为训练模式
    Module: Dropout
dropout设置为训练模式
    Module: Dropout
dropout设置为训练模式
  Module: ReLU
test_loss: 0.1277
epoch 105
train_loss: 0.0763
Module: DropoutFullyConnectedNN
  Module: ModuleList
    Module: Linear
    Module: Linear
    Module: Linear
  Module: ModuleList
    Module: Dropout
dropout设置为训练模式
    Module: Dropout
dropout设置为训练模式
    Module: Dropout
dropout设置为训练模式
  Module: ReLU
test_loss: 0.1296
epoch 106
train_loss: 0.0718
Module: DropoutFullyConnectedNN
  Module: ModuleList
    Module: Linear
    Module: Linear
    Module: Linear
  Module: ModuleList
    Module: Dropout
dropout设置为训练模式
    Module: Dropout
dropout设置为训练模式
    Module: Dropout
dropout设置为训练模式
  Module: ReLU
test_loss: 0.1163
epoch 107
train_loss: 0.0769
Module: DropoutFullyConnectedNN
  Module: ModuleList
    Module: Linear
    Module: Linear
    Module: Linear
  Module: ModuleList
    Module: Dropout
dropout设置为训练模式
    Module: Dropout
dropout设置为训练模式
    Module: Dropout
dropout设置为训练模式
  Module: ReLU
test_loss: 0.1208
epoch 108
train_loss: 0.0815
Module: DropoutFullyConnectedNN
  Module: ModuleList
    Module: Linear
    Module: Linear
    Module: Linear
  Module: ModuleList
    Module: Dropout
dropout设置为训练模式
    Module: Dropout
dropout设置为训练模式
    Module: Dropout
dropout设置为训练模式
  Module: ReLU
test_loss: 0.1197
epoch 109
train_loss: 0.0789
Module: DropoutFullyConnectedNN
  Module: ModuleList
    Module: Linear
    Module: Linear
    Module: Linear
  Module: ModuleList
    Module: Dropout
dropout设置为训练模式
    Module: Dropout
dropout设置为训练模式
    Module: Dropout
dropout设置为训练模式
  Module: ReLU
test_loss: 0.1178
epoch 110
train_loss: 0.0872
Module: DropoutFullyConnectedNN
  Module: ModuleList
    Module: Linear
    Module: Linear
    Module: Linear
  Module: ModuleList
    Module: Dropout
dropout设置为训练模式
    Module: Dropout
dropout设置为训练模式
    Module: Dropout
dropout设置为训练模式
  Module: ReLU
test_loss: 0.1257
epoch 111
train_loss: 0.0794
Module: DropoutFullyConnectedNN
  Module: ModuleList
    Module: Linear
    Module: Linear
    Module: Linear
  Module: ModuleList
    Module: Dropout
dropout设置为训练模式
    Module: Dropout
dropout设置为训练模式
    Module: Dropout
dropout设置为训练模式
  Module: ReLU
test_loss: 0.1195
epoch 112
train_loss: 0.0781
Module: DropoutFullyConnectedNN
  Module: ModuleList
    Module: Linear
    Module: Linear
    Module: Linear
  Module: ModuleList
    Module: Dropout
dropout设置为训练模式
    Module: Dropout
dropout设置为训练模式
    Module: Dropout
dropout设置为训练模式
  Module: ReLU
test_loss: 0.1226
epoch 113
train_loss: 0.0738
Module: DropoutFullyConnectedNN
  Module: ModuleList
    Module: Linear
    Module: Linear
    Module: Linear
  Module: ModuleList
    Module: Dropout
dropout设置为训练模式
    Module: Dropout
dropout设置为训练模式
    Module: Dropout
dropout设置为训练模式
  Module: ReLU
test_loss: 0.1203
epoch 114
train_loss: 0.0767
Module: DropoutFullyConnectedNN
  Module: ModuleList
    Module: Linear
    Module: Linear
    Module: Linear
  Module: ModuleList
    Module: Dropout
dropout设置为训练模式
    Module: Dropout
dropout设置为训练模式
    Module: Dropout
dropout设置为训练模式
  Module: ReLU
test_loss: 0.1246
epoch 115
train_loss: 0.0819
Module: DropoutFullyConnectedNN
  Module: ModuleList
    Module: Linear
    Module: Linear
    Module: Linear
  Module: ModuleList
    Module: Dropout
dropout设置为训练模式
    Module: Dropout
dropout设置为训练模式
    Module: Dropout
dropout设置为训练模式
  Module: ReLU
test_loss: 0.1141
epoch 116
train_loss: 0.0855
Module: DropoutFullyConnectedNN
  Module: ModuleList
    Module: Linear
    Module: Linear
    Module: Linear
  Module: ModuleList
    Module: Dropout
dropout设置为训练模式
    Module: Dropout
dropout设置为训练模式
    Module: Dropout
dropout设置为训练模式
  Module: ReLU
test_loss: 0.1224
epoch 117
train_loss: 0.0797
Module: DropoutFullyConnectedNN
  Module: ModuleList
    Module: Linear
    Module: Linear
    Module: Linear
  Module: ModuleList
    Module: Dropout
dropout设置为训练模式
    Module: Dropout
dropout设置为训练模式
    Module: Dropout
dropout设置为训练模式
  Module: ReLU
test_loss: 0.1235
epoch 118
train_loss: 0.0729
Module: DropoutFullyConnectedNN
  Module: ModuleList
    Module: Linear
    Module: Linear
    Module: Linear
  Module: ModuleList
    Module: Dropout
dropout设置为训练模式
    Module: Dropout
dropout设置为训练模式
    Module: Dropout
dropout设置为训练模式
  Module: ReLU
test_loss: 0.1201
epoch 119
train_loss: 0.0751
Module: DropoutFullyConnectedNN
  Module: ModuleList
    Module: Linear
    Module: Linear
    Module: Linear
  Module: ModuleList
    Module: Dropout
dropout设置为训练模式
    Module: Dropout
dropout设置为训练模式
    Module: Dropout
dropout设置为训练模式
  Module: ReLU
test_loss: 0.1183
epoch 120
train_loss: 0.0791
Module: DropoutFullyConnectedNN
  Module: ModuleList
    Module: Linear
    Module: Linear
    Module: Linear
  Module: ModuleList
    Module: Dropout
dropout设置为训练模式
    Module: Dropout
dropout设置为训练模式
    Module: Dropout
dropout设置为训练模式
  Module: ReLU
test_loss: 0.1192
epoch 121
train_loss: 0.0785
Module: DropoutFullyConnectedNN
  Module: ModuleList
    Module: Linear
    Module: Linear
    Module: Linear
  Module: ModuleList
    Module: Dropout
dropout设置为训练模式
    Module: Dropout
dropout设置为训练模式
    Module: Dropout
dropout设置为训练模式
  Module: ReLU
test_loss: 0.1180
epoch 122
train_loss: 0.0743
Module: DropoutFullyConnectedNN
  Module: ModuleList
    Module: Linear
    Module: Linear
    Module: Linear
  Module: ModuleList
    Module: Dropout
dropout设置为训练模式
    Module: Dropout
dropout设置为训练模式
    Module: Dropout
dropout设置为训练模式
  Module: ReLU
test_loss: 0.1269
epoch 123
train_loss: 0.0804
Module: DropoutFullyConnectedNN
  Module: ModuleList
    Module: Linear
    Module: Linear
    Module: Linear
  Module: ModuleList
    Module: Dropout
dropout设置为训练模式
    Module: Dropout
dropout设置为训练模式
    Module: Dropout
dropout设置为训练模式
  Module: ReLU
test_loss: 0.1216
epoch 124
train_loss: 0.0723
Module: DropoutFullyConnectedNN
  Module: ModuleList
    Module: Linear
    Module: Linear
    Module: Linear
  Module: ModuleList
    Module: Dropout
dropout设置为训练模式
    Module: Dropout
dropout设置为训练模式
    Module: Dropout
dropout设置为训练模式
  Module: ReLU
test_loss: 0.1230
epoch 125
train_loss: 0.0774
Module: DropoutFullyConnectedNN
  Module: ModuleList
    Module: Linear
    Module: Linear
    Module: Linear
  Module: ModuleList
    Module: Dropout
dropout设置为训练模式
    Module: Dropout
dropout设置为训练模式
    Module: Dropout
dropout设置为训练模式
  Module: ReLU
test_loss: 0.1192
epoch 126
train_loss: 0.0800
Module: DropoutFullyConnectedNN
  Module: ModuleList
    Module: Linear
    Module: Linear
    Module: Linear
  Module: ModuleList
    Module: Dropout
dropout设置为训练模式
    Module: Dropout
dropout设置为训练模式
    Module: Dropout
dropout设置为训练模式
  Module: ReLU
test_loss: 0.1234
epoch 127
train_loss: 0.0707
Module: DropoutFullyConnectedNN
  Module: ModuleList
    Module: Linear
    Module: Linear
    Module: Linear
  Module: ModuleList
    Module: Dropout
dropout设置为训练模式
    Module: Dropout
dropout设置为训练模式
    Module: Dropout
dropout设置为训练模式
  Module: ReLU
test_loss: 0.1185
epoch 128
train_loss: 0.0746
Module: DropoutFullyConnectedNN
  Module: ModuleList
    Module: Linear
    Module: Linear
    Module: Linear
  Module: ModuleList
    Module: Dropout
dropout设置为训练模式
    Module: Dropout
dropout设置为训练模式
    Module: Dropout
dropout设置为训练模式
  Module: ReLU
test_loss: 0.1213
epoch 129
train_loss: 0.0790
Module: DropoutFullyConnectedNN
  Module: ModuleList
    Module: Linear
    Module: Linear
    Module: Linear
  Module: ModuleList
    Module: Dropout
dropout设置为训练模式
    Module: Dropout
dropout设置为训练模式
    Module: Dropout
dropout设置为训练模式
  Module: ReLU
test_loss: 0.1190
epoch 130
train_loss: 0.0730
Module: DropoutFullyConnectedNN
  Module: ModuleList
    Module: Linear
    Module: Linear
    Module: Linear
  Module: ModuleList
    Module: Dropout
dropout设置为训练模式
    Module: Dropout
dropout设置为训练模式
    Module: Dropout
dropout设置为训练模式
  Module: ReLU
test_loss: 0.1148
epoch 131
train_loss: 0.0840
Module: DropoutFullyConnectedNN
  Module: ModuleList
    Module: Linear
    Module: Linear
    Module: Linear
  Module: ModuleList
    Module: Dropout
dropout设置为训练模式
    Module: Dropout
dropout设置为训练模式
    Module: Dropout
dropout设置为训练模式
  Module: ReLU
test_loss: 0.1205
epoch 132
train_loss: 0.0717
Module: DropoutFullyConnectedNN
  Module: ModuleList
    Module: Linear
    Module: Linear
    Module: Linear
  Module: ModuleList
    Module: Dropout
dropout设置为训练模式
    Module: Dropout
dropout设置为训练模式
    Module: Dropout
dropout设置为训练模式
  Module: ReLU
test_loss: 0.1169
epoch 133
train_loss: 0.0745
Module: DropoutFullyConnectedNN
  Module: ModuleList
    Module: Linear
    Module: Linear
    Module: Linear
  Module: ModuleList
    Module: Dropout
dropout设置为训练模式
    Module: Dropout
dropout设置为训练模式
    Module: Dropout
dropout设置为训练模式
  Module: ReLU
test_loss: 0.1318
epoch 134
train_loss: 0.0760
Module: DropoutFullyConnectedNN
  Module: ModuleList
    Module: Linear
    Module: Linear
    Module: Linear
  Module: ModuleList
    Module: Dropout
dropout设置为训练模式
    Module: Dropout
dropout设置为训练模式
    Module: Dropout
dropout设置为训练模式
  Module: ReLU
test_loss: 0.1227
epoch 135
train_loss: 0.0716
Module: DropoutFullyConnectedNN
  Module: ModuleList
    Module: Linear
    Module: Linear
    Module: Linear
  Module: ModuleList
    Module: Dropout
dropout设置为训练模式
    Module: Dropout
dropout设置为训练模式
    Module: Dropout
dropout设置为训练模式
  Module: ReLU
test_loss: 0.1219
epoch 136
train_loss: 0.0763
Module: DropoutFullyConnectedNN
  Module: ModuleList
    Module: Linear
    Module: Linear
    Module: Linear
  Module: ModuleList
    Module: Dropout
dropout设置为训练模式
    Module: Dropout
dropout设置为训练模式
    Module: Dropout
dropout设置为训练模式
  Module: ReLU
test_loss: 0.1201
epoch 137
train_loss: 0.0694
Module: DropoutFullyConnectedNN
  Module: ModuleList
    Module: Linear
    Module: Linear
    Module: Linear
  Module: ModuleList
    Module: Dropout
dropout设置为训练模式
    Module: Dropout
dropout设置为训练模式
    Module: Dropout
dropout设置为训练模式
  Module: ReLU
test_loss: 0.1182
epoch 138
train_loss: 0.0757
Module: DropoutFullyConnectedNN
  Module: ModuleList
    Module: Linear
    Module: Linear
    Module: Linear
  Module: ModuleList
    Module: Dropout
dropout设置为训练模式
    Module: Dropout
dropout设置为训练模式
    Module: Dropout
dropout设置为训练模式
  Module: ReLU
test_loss: 0.1249
epoch 139
train_loss: 0.0695
Module: DropoutFullyConnectedNN
  Module: ModuleList
    Module: Linear
    Module: Linear
    Module: Linear
  Module: ModuleList
    Module: Dropout
dropout设置为训练模式
    Module: Dropout
dropout设置为训练模式
    Module: Dropout
dropout设置为训练模式
  Module: ReLU
test_loss: 0.1150
epoch 140
train_loss: 0.0699
Module: DropoutFullyConnectedNN
  Module: ModuleList
    Module: Linear
    Module: Linear
    Module: Linear
  Module: ModuleList
    Module: Dropout
dropout设置为训练模式
    Module: Dropout
dropout设置为训练模式
    Module: Dropout
dropout设置为训练模式
  Module: ReLU
test_loss: 0.1201
epoch 141
train_loss: 0.0750
Module: DropoutFullyConnectedNN
  Module: ModuleList
    Module: Linear
    Module: Linear
    Module: Linear
  Module: ModuleList
    Module: Dropout
dropout设置为训练模式
    Module: Dropout
dropout设置为训练模式
    Module: Dropout
dropout设置为训练模式
  Module: ReLU
test_loss: 0.1260
epoch 142
train_loss: 0.0756
Module: DropoutFullyConnectedNN
  Module: ModuleList
    Module: Linear
    Module: Linear
    Module: Linear
  Module: ModuleList
    Module: Dropout
dropout设置为训练模式
    Module: Dropout
dropout设置为训练模式
    Module: Dropout
dropout设置为训练模式
  Module: ReLU
test_loss: 0.1197
epoch 143
train_loss: 0.0715
Module: DropoutFullyConnectedNN
  Module: ModuleList
    Module: Linear
    Module: Linear
    Module: Linear
  Module: ModuleList
    Module: Dropout
dropout设置为训练模式
    Module: Dropout
dropout设置为训练模式
    Module: Dropout
dropout设置为训练模式
  Module: ReLU
test_loss: 0.1194
epoch 144
train_loss: 0.0833
Module: DropoutFullyConnectedNN
  Module: ModuleList
    Module: Linear
    Module: Linear
    Module: Linear
  Module: ModuleList
    Module: Dropout
dropout设置为训练模式
    Module: Dropout
dropout设置为训练模式
    Module: Dropout
dropout设置为训练模式
  Module: ReLU
test_loss: 0.1127
epoch 145
train_loss: 0.0693
Module: DropoutFullyConnectedNN
  Module: ModuleList
    Module: Linear
    Module: Linear
    Module: Linear
  Module: ModuleList
    Module: Dropout
dropout设置为训练模式
    Module: Dropout
dropout设置为训练模式
    Module: Dropout
dropout设置为训练模式
  Module: ReLU
test_loss: 0.1243
epoch 146
train_loss: 0.0691
Module: DropoutFullyConnectedNN
  Module: ModuleList
    Module: Linear
    Module: Linear
    Module: Linear
  Module: ModuleList
    Module: Dropout
dropout设置为训练模式
    Module: Dropout
dropout设置为训练模式
    Module: Dropout
dropout设置为训练模式
  Module: ReLU
test_loss: 0.1142
epoch 147
train_loss: 0.0716
Module: DropoutFullyConnectedNN
  Module: ModuleList
    Module: Linear
    Module: Linear
    Module: Linear
  Module: ModuleList
    Module: Dropout
dropout设置为训练模式
    Module: Dropout
dropout设置为训练模式
    Module: Dropout
dropout设置为训练模式
  Module: ReLU
test_loss: 0.1156
epoch 148
train_loss: 0.0722
Module: DropoutFullyConnectedNN
  Module: ModuleList
    Module: Linear
    Module: Linear
    Module: Linear
  Module: ModuleList
    Module: Dropout
dropout设置为训练模式
    Module: Dropout
dropout设置为训练模式
    Module: Dropout
dropout设置为训练模式
  Module: ReLU
test_loss: 0.1157
epoch 149
train_loss: 0.0692
Module: DropoutFullyConnectedNN
  Module: ModuleList
    Module: Linear
    Module: Linear
    Module: Linear
  Module: ModuleList
    Module: Dropout
dropout设置为训练模式
    Module: Dropout
dropout设置为训练模式
    Module: Dropout
dropout设置为训练模式
  Module: ReLU
test_loss: 0.1184
epoch 150
train_loss: 0.0710
Module: DropoutFullyConnectedNN
  Module: ModuleList
    Module: Linear
    Module: Linear
    Module: Linear
  Module: ModuleList
    Module: Dropout
dropout设置为训练模式
    Module: Dropout
dropout设置为训练模式
    Module: Dropout
dropout设置为训练模式
  Module: ReLU
test_loss: 0.1118
epoch 151
train_loss: 0.0712
Module: DropoutFullyConnectedNN
  Module: ModuleList
    Module: Linear
    Module: Linear
    Module: Linear
  Module: ModuleList
    Module: Dropout
dropout设置为训练模式
    Module: Dropout
dropout设置为训练模式
    Module: Dropout
dropout设置为训练模式
  Module: ReLU
test_loss: 0.1145
epoch 152
train_loss: 0.0762
Module: DropoutFullyConnectedNN
  Module: ModuleList
    Module: Linear
    Module: Linear
    Module: Linear
  Module: ModuleList
    Module: Dropout
dropout设置为训练模式
    Module: Dropout
dropout设置为训练模式
    Module: Dropout
dropout设置为训练模式
  Module: ReLU
test_loss: 0.1173
epoch 153
train_loss: 0.0718
Module: DropoutFullyConnectedNN
  Module: ModuleList
    Module: Linear
    Module: Linear
    Module: Linear
  Module: ModuleList
    Module: Dropout
dropout设置为训练模式
    Module: Dropout
dropout设置为训练模式
    Module: Dropout
dropout设置为训练模式
  Module: ReLU
test_loss: 0.1121
epoch 154
train_loss: 0.0684
Module: DropoutFullyConnectedNN
  Module: ModuleList
    Module: Linear
    Module: Linear
    Module: Linear
  Module: ModuleList
    Module: Dropout
dropout设置为训练模式
    Module: Dropout
dropout设置为训练模式
    Module: Dropout
dropout设置为训练模式
  Module: ReLU
test_loss: 0.1178
epoch 155
train_loss: 0.0755
Module: DropoutFullyConnectedNN
  Module: ModuleList
    Module: Linear
    Module: Linear
    Module: Linear
  Module: ModuleList
    Module: Dropout
dropout设置为训练模式
    Module: Dropout
dropout设置为训练模式
    Module: Dropout
dropout设置为训练模式
  Module: ReLU
test_loss: 0.1127
epoch 156
train_loss: 0.0759
Module: DropoutFullyConnectedNN
  Module: ModuleList
    Module: Linear
    Module: Linear
    Module: Linear
  Module: ModuleList
    Module: Dropout
dropout设置为训练模式
    Module: Dropout
dropout设置为训练模式
    Module: Dropout
dropout设置为训练模式
  Module: ReLU
test_loss: 0.1140
epoch 157
train_loss: 0.0758
Module: DropoutFullyConnectedNN
  Module: ModuleList
    Module: Linear
    Module: Linear
    Module: Linear
  Module: ModuleList
    Module: Dropout
dropout设置为训练模式
    Module: Dropout
dropout设置为训练模式
    Module: Dropout
dropout设置为训练模式
  Module: ReLU
test_loss: 0.1105
epoch 158
train_loss: 0.0721
Module: DropoutFullyConnectedNN
  Module: ModuleList
    Module: Linear
    Module: Linear
    Module: Linear
  Module: ModuleList
    Module: Dropout
dropout设置为训练模式
    Module: Dropout
dropout设置为训练模式
    Module: Dropout
dropout设置为训练模式
  Module: ReLU
test_loss: 0.1190
epoch 159
train_loss: 0.0680
Module: DropoutFullyConnectedNN
  Module: ModuleList
    Module: Linear
    Module: Linear
    Module: Linear
  Module: ModuleList
    Module: Dropout
dropout设置为训练模式
    Module: Dropout
dropout设置为训练模式
    Module: Dropout
dropout设置为训练模式
  Module: ReLU
test_loss: 0.1123
epoch 160
train_loss: 0.0747
Module: DropoutFullyConnectedNN
  Module: ModuleList
    Module: Linear
    Module: Linear
    Module: Linear
  Module: ModuleList
    Module: Dropout
dropout设置为训练模式
    Module: Dropout
dropout设置为训练模式
    Module: Dropout
dropout设置为训练模式
  Module: ReLU
test_loss: 0.1164
epoch 161
train_loss: 0.0708
Module: DropoutFullyConnectedNN
  Module: ModuleList
    Module: Linear
    Module: Linear
    Module: Linear
  Module: ModuleList
    Module: Dropout
dropout设置为训练模式
    Module: Dropout
dropout设置为训练模式
    Module: Dropout
dropout设置为训练模式
  Module: ReLU
test_loss: 0.1129
epoch 162
train_loss: 0.0669
Module: DropoutFullyConnectedNN
  Module: ModuleList
    Module: Linear
    Module: Linear
    Module: Linear
  Module: ModuleList
    Module: Dropout
dropout设置为训练模式
    Module: Dropout
dropout设置为训练模式
    Module: Dropout
dropout设置为训练模式
  Module: ReLU
test_loss: 0.1188
epoch 163
train_loss: 0.0735
Module: DropoutFullyConnectedNN
  Module: ModuleList
    Module: Linear
    Module: Linear
    Module: Linear
  Module: ModuleList
    Module: Dropout
dropout设置为训练模式
    Module: Dropout
dropout设置为训练模式
    Module: Dropout
dropout设置为训练模式
  Module: ReLU
test_loss: 0.1237
epoch 164
train_loss: 0.0754
Module: DropoutFullyConnectedNN
  Module: ModuleList
    Module: Linear
    Module: Linear
    Module: Linear
  Module: ModuleList
    Module: Dropout
dropout设置为训练模式
    Module: Dropout
dropout设置为训练模式
    Module: Dropout
dropout设置为训练模式
  Module: ReLU
test_loss: 0.1127
epoch 165
train_loss: 0.0651
Module: DropoutFullyConnectedNN
  Module: ModuleList
    Module: Linear
    Module: Linear
    Module: Linear
  Module: ModuleList
    Module: Dropout
dropout设置为训练模式
    Module: Dropout
dropout设置为训练模式
    Module: Dropout
dropout设置为训练模式
  Module: ReLU
test_loss: 0.1174
epoch 166
train_loss: 0.0736
Module: DropoutFullyConnectedNN
  Module: ModuleList
    Module: Linear
    Module: Linear
    Module: Linear
  Module: ModuleList
    Module: Dropout
dropout设置为训练模式
    Module: Dropout
dropout设置为训练模式
    Module: Dropout
dropout设置为训练模式
  Module: ReLU
test_loss: 0.1169
epoch 167
train_loss: 0.0708
Module: DropoutFullyConnectedNN
  Module: ModuleList
    Module: Linear
    Module: Linear
    Module: Linear
  Module: ModuleList
    Module: Dropout
dropout设置为训练模式
    Module: Dropout
dropout设置为训练模式
    Module: Dropout
dropout设置为训练模式
  Module: ReLU
test_loss: 0.1123
epoch 168
train_loss: 0.0714
Module: DropoutFullyConnectedNN
  Module: ModuleList
    Module: Linear
    Module: Linear
    Module: Linear
  Module: ModuleList
    Module: Dropout
dropout设置为训练模式
    Module: Dropout
dropout设置为训练模式
    Module: Dropout
dropout设置为训练模式
  Module: ReLU
test_loss: 0.1139
epoch 169
train_loss: 0.0700
Module: DropoutFullyConnectedNN
  Module: ModuleList
    Module: Linear
    Module: Linear
    Module: Linear
  Module: ModuleList
    Module: Dropout
dropout设置为训练模式
    Module: Dropout
dropout设置为训练模式
    Module: Dropout
dropout设置为训练模式
  Module: ReLU
test_loss: 0.1248
epoch 170
train_loss: 0.0759
Module: DropoutFullyConnectedNN
  Module: ModuleList
    Module: Linear
    Module: Linear
    Module: Linear
  Module: ModuleList
    Module: Dropout
dropout设置为训练模式
    Module: Dropout
dropout设置为训练模式
    Module: Dropout
dropout设置为训练模式
  Module: ReLU
test_loss: 0.1141
epoch 171
train_loss: 0.0730
Module: DropoutFullyConnectedNN
  Module: ModuleList
    Module: Linear
    Module: Linear
    Module: Linear
  Module: ModuleList
    Module: Dropout
dropout设置为训练模式
    Module: Dropout
dropout设置为训练模式
    Module: Dropout
dropout设置为训练模式
  Module: ReLU
test_loss: 0.1199
epoch 172
train_loss: 0.0711
Module: DropoutFullyConnectedNN
  Module: ModuleList
    Module: Linear
    Module: Linear
    Module: Linear
  Module: ModuleList
    Module: Dropout
dropout设置为训练模式
    Module: Dropout
dropout设置为训练模式
    Module: Dropout
dropout设置为训练模式
  Module: ReLU
test_loss: 0.1120
epoch 173
train_loss: 0.0692
Module: DropoutFullyConnectedNN
  Module: ModuleList
    Module: Linear
    Module: Linear
    Module: Linear
  Module: ModuleList
    Module: Dropout
dropout设置为训练模式
    Module: Dropout
dropout设置为训练模式
    Module: Dropout
dropout设置为训练模式
  Module: ReLU
test_loss: 0.1106
epoch 174
train_loss: 0.0671
Module: DropoutFullyConnectedNN
  Module: ModuleList
    Module: Linear
    Module: Linear
    Module: Linear
  Module: ModuleList
    Module: Dropout
dropout设置为训练模式
    Module: Dropout
dropout设置为训练模式
    Module: Dropout
dropout设置为训练模式
  Module: ReLU
test_loss: 0.1224
epoch 175
train_loss: 0.0769
Module: DropoutFullyConnectedNN
  Module: ModuleList
    Module: Linear
    Module: Linear
    Module: Linear
  Module: ModuleList
    Module: Dropout
dropout设置为训练模式
    Module: Dropout
dropout设置为训练模式
    Module: Dropout
dropout设置为训练模式
  Module: ReLU
test_loss: 0.1077
epoch 176
train_loss: 0.0682
Module: DropoutFullyConnectedNN
  Module: ModuleList
    Module: Linear
    Module: Linear
    Module: Linear
  Module: ModuleList
    Module: Dropout
dropout设置为训练模式
    Module: Dropout
dropout设置为训练模式
    Module: Dropout
dropout设置为训练模式
  Module: ReLU
test_loss: 0.1213
epoch 177
train_loss: 0.0749
Module: DropoutFullyConnectedNN
  Module: ModuleList
    Module: Linear
    Module: Linear
    Module: Linear
  Module: ModuleList
    Module: Dropout
dropout设置为训练模式
    Module: Dropout
dropout设置为训练模式
    Module: Dropout
dropout设置为训练模式
  Module: ReLU
test_loss: 0.1104
epoch 178
train_loss: 0.0699
Module: DropoutFullyConnectedNN
  Module: ModuleList
    Module: Linear
    Module: Linear
    Module: Linear
  Module: ModuleList
    Module: Dropout
dropout设置为训练模式
    Module: Dropout
dropout设置为训练模式
    Module: Dropout
dropout设置为训练模式
  Module: ReLU
test_loss: 0.1194
epoch 179
train_loss: 0.0669
Module: DropoutFullyConnectedNN
  Module: ModuleList
    Module: Linear
    Module: Linear
    Module: Linear
  Module: ModuleList
    Module: Dropout
dropout设置为训练模式
    Module: Dropout
dropout设置为训练模式
    Module: Dropout
dropout设置为训练模式
  Module: ReLU
test_loss: 0.1107
epoch 180
train_loss: 0.0673
Module: DropoutFullyConnectedNN
  Module: ModuleList
    Module: Linear
    Module: Linear
    Module: Linear
  Module: ModuleList
    Module: Dropout
dropout设置为训练模式
    Module: Dropout
dropout设置为训练模式
    Module: Dropout
dropout设置为训练模式
  Module: ReLU
test_loss: 0.1147
epoch 181
train_loss: 0.0765
Module: DropoutFullyConnectedNN
  Module: ModuleList
    Module: Linear
    Module: Linear
    Module: Linear
  Module: ModuleList
    Module: Dropout
dropout设置为训练模式
    Module: Dropout
dropout设置为训练模式
    Module: Dropout
dropout设置为训练模式
  Module: ReLU
test_loss: 0.1086
epoch 182
train_loss: 0.0723
Module: DropoutFullyConnectedNN
  Module: ModuleList
    Module: Linear
    Module: Linear
    Module: Linear
  Module: ModuleList
    Module: Dropout
dropout设置为训练模式
    Module: Dropout
dropout设置为训练模式
    Module: Dropout
dropout设置为训练模式
  Module: ReLU
test_loss: 0.1147
epoch 183
train_loss: 0.0714
Module: DropoutFullyConnectedNN
  Module: ModuleList
    Module: Linear
    Module: Linear
    Module: Linear
  Module: ModuleList
    Module: Dropout
dropout设置为训练模式
    Module: Dropout
dropout设置为训练模式
    Module: Dropout
dropout设置为训练模式
  Module: ReLU
test_loss: 0.1089
epoch 184
train_loss: 0.0700
Module: DropoutFullyConnectedNN
  Module: ModuleList
    Module: Linear
    Module: Linear
    Module: Linear
  Module: ModuleList
    Module: Dropout
dropout设置为训练模式
    Module: Dropout
dropout设置为训练模式
    Module: Dropout
dropout设置为训练模式
  Module: ReLU
test_loss: 0.1249
epoch 185
train_loss: 0.0700
Module: DropoutFullyConnectedNN
  Module: ModuleList
    Module: Linear
    Module: Linear
    Module: Linear
  Module: ModuleList
    Module: Dropout
dropout设置为训练模式
    Module: Dropout
dropout设置为训练模式
    Module: Dropout
dropout设置为训练模式
  Module: ReLU
test_loss: 0.1154
epoch 186
train_loss: 0.0667
Module: DropoutFullyConnectedNN
  Module: ModuleList
    Module: Linear
    Module: Linear
    Module: Linear
  Module: ModuleList
    Module: Dropout
dropout设置为训练模式
    Module: Dropout
dropout设置为训练模式
    Module: Dropout
dropout设置为训练模式
  Module: ReLU
test_loss: 0.1145
epoch 187
train_loss: 0.0697
Module: DropoutFullyConnectedNN
  Module: ModuleList
    Module: Linear
    Module: Linear
    Module: Linear
  Module: ModuleList
    Module: Dropout
dropout设置为训练模式
    Module: Dropout
dropout设置为训练模式
    Module: Dropout
dropout设置为训练模式
  Module: ReLU
test_loss: 0.1226
epoch 188
train_loss: 0.0745
Module: DropoutFullyConnectedNN
  Module: ModuleList
    Module: Linear
    Module: Linear
    Module: Linear
  Module: ModuleList
    Module: Dropout
dropout设置为训练模式
    Module: Dropout
dropout设置为训练模式
    Module: Dropout
dropout设置为训练模式
  Module: ReLU
test_loss: 0.1148
epoch 189
train_loss: 0.0736
Module: DropoutFullyConnectedNN
  Module: ModuleList
    Module: Linear
    Module: Linear
    Module: Linear
  Module: ModuleList
    Module: Dropout
dropout设置为训练模式
    Module: Dropout
dropout设置为训练模式
    Module: Dropout
dropout设置为训练模式
  Module: ReLU
test_loss: 0.1104
epoch 190
train_loss: 0.0699
Module: DropoutFullyConnectedNN
  Module: ModuleList
    Module: Linear
    Module: Linear
    Module: Linear
  Module: ModuleList
    Module: Dropout
dropout设置为训练模式
    Module: Dropout
dropout设置为训练模式
    Module: Dropout
dropout设置为训练模式
  Module: ReLU
test_loss: 0.1155
epoch 191
train_loss: 0.0672
Module: DropoutFullyConnectedNN
  Module: ModuleList
    Module: Linear
    Module: Linear
    Module: Linear
  Module: ModuleList
    Module: Dropout
dropout设置为训练模式
    Module: Dropout
dropout设置为训练模式
    Module: Dropout
dropout设置为训练模式
  Module: ReLU
test_loss: 0.1088
epoch 192
train_loss: 0.0645
Module: DropoutFullyConnectedNN
  Module: ModuleList
    Module: Linear
    Module: Linear
    Module: Linear
  Module: ModuleList
    Module: Dropout
dropout设置为训练模式
    Module: Dropout
dropout设置为训练模式
    Module: Dropout
dropout设置为训练模式
  Module: ReLU
test_loss: 0.1061
epoch 193
train_loss: 0.0686
Module: DropoutFullyConnectedNN
  Module: ModuleList
    Module: Linear
    Module: Linear
    Module: Linear
  Module: ModuleList
    Module: Dropout
dropout设置为训练模式
    Module: Dropout
dropout设置为训练模式
    Module: Dropout
dropout设置为训练模式
  Module: ReLU
test_loss: 0.1127
epoch 194
train_loss: 0.0641
Module: DropoutFullyConnectedNN
  Module: ModuleList
    Module: Linear
    Module: Linear
    Module: Linear
  Module: ModuleList
    Module: Dropout
dropout设置为训练模式
    Module: Dropout
dropout设置为训练模式
    Module: Dropout
dropout设置为训练模式
  Module: ReLU
test_loss: 0.1148
epoch 195
train_loss: 0.0675
Module: DropoutFullyConnectedNN
  Module: ModuleList
    Module: Linear
    Module: Linear
    Module: Linear
  Module: ModuleList
    Module: Dropout
dropout设置为训练模式
    Module: Dropout
dropout设置为训练模式
    Module: Dropout
dropout设置为训练模式
  Module: ReLU
test_loss: 0.1112
epoch 196
train_loss: 0.0675
Module: DropoutFullyConnectedNN
  Module: ModuleList
    Module: Linear
    Module: Linear
    Module: Linear
  Module: ModuleList
    Module: Dropout
dropout设置为训练模式
    Module: Dropout
dropout设置为训练模式
    Module: Dropout
dropout设置为训练模式
  Module: ReLU
test_loss: 0.1122
epoch 197
train_loss: 0.0714
Module: DropoutFullyConnectedNN
  Module: ModuleList
    Module: Linear
    Module: Linear
    Module: Linear
  Module: ModuleList
    Module: Dropout
dropout设置为训练模式
    Module: Dropout
dropout设置为训练模式
    Module: Dropout
dropout设置为训练模式
  Module: ReLU
test_loss: 0.1098
epoch 198
train_loss: 0.0720
Module: DropoutFullyConnectedNN
  Module: ModuleList
    Module: Linear
    Module: Linear
    Module: Linear
  Module: ModuleList
    Module: Dropout
dropout设置为训练模式
    Module: Dropout
dropout设置为训练模式
    Module: Dropout
dropout设置为训练模式
  Module: ReLU
test_loss: 0.1113
epoch 199
train_loss: 0.0684
Module: DropoutFullyConnectedNN
  Module: ModuleList
    Module: Linear
    Module: Linear
    Module: Linear
  Module: ModuleList
    Module: Dropout
dropout设置为训练模式
    Module: Dropout
dropout设置为训练模式
    Module: Dropout
dropout设置为训练模式
  Module: ReLU
test_loss: 0.1174
epoch 200
train_loss: 0.0660
Module: DropoutFullyConnectedNN
  Module: ModuleList
    Module: Linear
    Module: Linear
    Module: Linear
  Module: ModuleList
    Module: Dropout
dropout设置为训练模式
    Module: Dropout
dropout设置为训练模式
    Module: Dropout
dropout设置为训练模式
  Module: ReLU
test_loss: 0.1110
epoch 201
train_loss: 0.0666
Module: DropoutFullyConnectedNN
  Module: ModuleList
    Module: Linear
    Module: Linear
    Module: Linear
  Module: ModuleList
    Module: Dropout
dropout设置为训练模式
    Module: Dropout
dropout设置为训练模式
    Module: Dropout
dropout设置为训练模式
  Module: ReLU
test_loss: 0.1174
epoch 202
train_loss: 0.0631
Module: DropoutFullyConnectedNN
  Module: ModuleList
    Module: Linear
    Module: Linear
    Module: Linear
  Module: ModuleList
    Module: Dropout
dropout设置为训练模式
    Module: Dropout
dropout设置为训练模式
    Module: Dropout
dropout设置为训练模式
  Module: ReLU
test_loss: 0.1165
epoch 203
train_loss: 0.0660
Module: DropoutFullyConnectedNN
  Module: ModuleList
    Module: Linear
    Module: Linear
    Module: Linear
  Module: ModuleList
    Module: Dropout
dropout设置为训练模式
    Module: Dropout
dropout设置为训练模式
    Module: Dropout
dropout设置为训练模式
  Module: ReLU
test_loss: 0.1125
epoch 204
train_loss: 0.0669
Module: DropoutFullyConnectedNN
  Module: ModuleList
    Module: Linear
    Module: Linear
    Module: Linear
  Module: ModuleList
    Module: Dropout
dropout设置为训练模式
    Module: Dropout
dropout设置为训练模式
    Module: Dropout
dropout设置为训练模式
  Module: ReLU
test_loss: 0.1121
epoch 205
train_loss: 0.0692
Module: DropoutFullyConnectedNN
  Module: ModuleList
    Module: Linear
    Module: Linear
    Module: Linear
  Module: ModuleList
    Module: Dropout
dropout设置为训练模式
    Module: Dropout
dropout设置为训练模式
    Module: Dropout
dropout设置为训练模式
  Module: ReLU
test_loss: 0.1188
epoch 206
train_loss: 0.0722
Module: DropoutFullyConnectedNN
  Module: ModuleList
    Module: Linear
    Module: Linear
    Module: Linear
  Module: ModuleList
    Module: Dropout
dropout设置为训练模式
    Module: Dropout
dropout设置为训练模式
    Module: Dropout
dropout设置为训练模式
  Module: ReLU
test_loss: 0.1152
epoch 207
train_loss: 0.0651
Module: DropoutFullyConnectedNN
  Module: ModuleList
    Module: Linear
    Module: Linear
    Module: Linear
  Module: ModuleList
    Module: Dropout
dropout设置为训练模式
    Module: Dropout
dropout设置为训练模式
    Module: Dropout
dropout设置为训练模式
  Module: ReLU
test_loss: 0.1170
epoch 208
train_loss: 0.0662
Module: DropoutFullyConnectedNN
  Module: ModuleList
    Module: Linear
    Module: Linear
    Module: Linear
  Module: ModuleList
    Module: Dropout
dropout设置为训练模式
    Module: Dropout
dropout设置为训练模式
    Module: Dropout
dropout设置为训练模式
  Module: ReLU
test_loss: 0.1104
epoch 209
train_loss: 0.0665
Module: DropoutFullyConnectedNN
  Module: ModuleList
    Module: Linear
    Module: Linear
    Module: Linear
  Module: ModuleList
    Module: Dropout
dropout设置为训练模式
    Module: Dropout
dropout设置为训练模式
    Module: Dropout
dropout设置为训练模式
  Module: ReLU
test_loss: 0.1170
epoch 210
train_loss: 0.0652
Module: DropoutFullyConnectedNN
  Module: ModuleList
    Module: Linear
    Module: Linear
    Module: Linear
  Module: ModuleList
    Module: Dropout
dropout设置为训练模式
    Module: Dropout
dropout设置为训练模式
    Module: Dropout
dropout设置为训练模式
  Module: ReLU
test_loss: 0.1084
epoch 211
train_loss: 0.0639
Module: DropoutFullyConnectedNN
  Module: ModuleList
    Module: Linear
    Module: Linear
    Module: Linear
  Module: ModuleList
    Module: Dropout
dropout设置为训练模式
    Module: Dropout
dropout设置为训练模式
    Module: Dropout
dropout设置为训练模式
  Module: ReLU
test_loss: 0.1139
epoch 212
train_loss: 0.0662
Module: DropoutFullyConnectedNN
  Module: ModuleList
    Module: Linear
    Module: Linear
    Module: Linear
  Module: ModuleList
    Module: Dropout
dropout设置为训练模式
    Module: Dropout
dropout设置为训练模式
    Module: Dropout
dropout设置为训练模式
  Module: ReLU
test_loss: 0.1103
epoch 213
train_loss: 0.0600
Module: DropoutFullyConnectedNN
  Module: ModuleList
    Module: Linear
    Module: Linear
    Module: Linear
  Module: ModuleList
    Module: Dropout
dropout设置为训练模式
    Module: Dropout
dropout设置为训练模式
    Module: Dropout
dropout设置为训练模式
  Module: ReLU
test_loss: 0.1085
epoch 214
train_loss: 0.0648
Module: DropoutFullyConnectedNN
  Module: ModuleList
    Module: Linear
    Module: Linear
    Module: Linear
  Module: ModuleList
    Module: Dropout
dropout设置为训练模式
    Module: Dropout
dropout设置为训练模式
    Module: Dropout
dropout设置为训练模式
  Module: ReLU
test_loss: 0.1133
epoch 215
train_loss: 0.0684
Module: DropoutFullyConnectedNN
  Module: ModuleList
    Module: Linear
    Module: Linear
    Module: Linear
  Module: ModuleList
    Module: Dropout
dropout设置为训练模式
    Module: Dropout
dropout设置为训练模式
    Module: Dropout
dropout设置为训练模式
  Module: ReLU
test_loss: 0.1060
epoch 216
train_loss: 0.0638
Module: DropoutFullyConnectedNN
  Module: ModuleList
    Module: Linear
    Module: Linear
    Module: Linear
  Module: ModuleList
    Module: Dropout
dropout设置为训练模式
    Module: Dropout
dropout设置为训练模式
    Module: Dropout
dropout设置为训练模式
  Module: ReLU
test_loss: 0.1060
epoch 217
train_loss: 0.0664
Module: DropoutFullyConnectedNN
  Module: ModuleList
    Module: Linear
    Module: Linear
    Module: Linear
  Module: ModuleList
    Module: Dropout
dropout设置为训练模式
    Module: Dropout
dropout设置为训练模式
    Module: Dropout
dropout设置为训练模式
  Module: ReLU
test_loss: 0.1109
epoch 218
train_loss: 0.0595
Module: DropoutFullyConnectedNN
  Module: ModuleList
    Module: Linear
    Module: Linear
    Module: Linear
  Module: ModuleList
    Module: Dropout
dropout设置为训练模式
    Module: Dropout
dropout设置为训练模式
    Module: Dropout
dropout设置为训练模式
  Module: ReLU
test_loss: 0.1075
epoch 219
train_loss: 0.0642
Module: DropoutFullyConnectedNN
  Module: ModuleList
    Module: Linear
    Module: Linear
    Module: Linear
  Module: ModuleList
    Module: Dropout
dropout设置为训练模式
    Module: Dropout
dropout设置为训练模式
    Module: Dropout
dropout设置为训练模式
  Module: ReLU
test_loss: 0.1119
epoch 220
train_loss: 0.0622
Module: DropoutFullyConnectedNN
  Module: ModuleList
    Module: Linear
    Module: Linear
    Module: Linear
  Module: ModuleList
    Module: Dropout
dropout设置为训练模式
    Module: Dropout
dropout设置为训练模式
    Module: Dropout
dropout设置为训练模式
  Module: ReLU
test_loss: 0.1064
epoch 221
train_loss: 0.0654
Module: DropoutFullyConnectedNN
  Module: ModuleList
    Module: Linear
    Module: Linear
    Module: Linear
  Module: ModuleList
    Module: Dropout
dropout设置为训练模式
    Module: Dropout
dropout设置为训练模式
    Module: Dropout
dropout设置为训练模式
  Module: ReLU
test_loss: 0.1113
epoch 222
train_loss: 0.0713
Module: DropoutFullyConnectedNN
  Module: ModuleList
    Module: Linear
    Module: Linear
    Module: Linear
  Module: ModuleList
    Module: Dropout
dropout设置为训练模式
    Module: Dropout
dropout设置为训练模式
    Module: Dropout
dropout设置为训练模式
  Module: ReLU
test_loss: 0.1108
epoch 223
train_loss: 0.0636
Module: DropoutFullyConnectedNN
  Module: ModuleList
    Module: Linear
    Module: Linear
    Module: Linear
  Module: ModuleList
    Module: Dropout
dropout设置为训练模式
    Module: Dropout
dropout设置为训练模式
    Module: Dropout
dropout设置为训练模式
  Module: ReLU
test_loss: 0.1212
epoch 224
train_loss: 0.0647
Module: DropoutFullyConnectedNN
  Module: ModuleList
    Module: Linear
    Module: Linear
    Module: Linear
  Module: ModuleList
    Module: Dropout
dropout设置为训练模式
    Module: Dropout
dropout设置为训练模式
    Module: Dropout
dropout设置为训练模式
  Module: ReLU
test_loss: 0.1132
epoch 225
train_loss: 0.0702
Module: DropoutFullyConnectedNN
  Module: ModuleList
    Module: Linear
    Module: Linear
    Module: Linear
  Module: ModuleList
    Module: Dropout
dropout设置为训练模式
    Module: Dropout
dropout设置为训练模式
    Module: Dropout
dropout设置为训练模式
  Module: ReLU
test_loss: 0.1131
epoch 226
train_loss: 0.0691
Module: DropoutFullyConnectedNN
  Module: ModuleList
    Module: Linear
    Module: Linear
    Module: Linear
  Module: ModuleList
    Module: Dropout
dropout设置为训练模式
    Module: Dropout
dropout设置为训练模式
    Module: Dropout
dropout设置为训练模式
  Module: ReLU
test_loss: 0.1157
epoch 227
train_loss: 0.0669
Module: DropoutFullyConnectedNN
  Module: ModuleList
    Module: Linear
    Module: Linear
    Module: Linear
  Module: ModuleList
    Module: Dropout
dropout设置为训练模式
    Module: Dropout
dropout设置为训练模式
    Module: Dropout
dropout设置为训练模式
  Module: ReLU
test_loss: 0.1167
epoch 228
train_loss: 0.0694
Module: DropoutFullyConnectedNN
  Module: ModuleList
    Module: Linear
    Module: Linear
    Module: Linear
  Module: ModuleList
    Module: Dropout
dropout设置为训练模式
    Module: Dropout
dropout设置为训练模式
    Module: Dropout
dropout设置为训练模式
  Module: ReLU
test_loss: 0.1202
epoch 229
train_loss: 0.0671
Module: DropoutFullyConnectedNN
  Module: ModuleList
    Module: Linear
    Module: Linear
    Module: Linear
  Module: ModuleList
    Module: Dropout
dropout设置为训练模式
    Module: Dropout
dropout设置为训练模式
    Module: Dropout
dropout设置为训练模式
  Module: ReLU
test_loss: 0.1106
/home/xueqiong/noise_injection_uncertainty/regression/utils.py:39: FutureWarning: The 'delim_whitespace' keyword in pd.read_csv is deprecated and will be removed in a future version. Use ``sep='\s+'`` instead
  return pd.read_csv(dataset_path, engine='python', header=None, delim_whitespace=True)
8 1
824 206 1030
model_name fixnoiseFCN
using Adam as optimizer
epoch 0
train_loss: 0.8528
test_loss: 0.7056
epoch 1
train_loss: 0.5542
test_loss: 0.4744
epoch 2
train_loss: 0.4087
test_loss: 0.3933
epoch 3
train_loss: 0.3512
test_loss: 0.3473
epoch 4
train_loss: 0.3146
test_loss: 0.3192
epoch 5
train_loss: 0.2777
test_loss: 0.2944
epoch 6
train_loss: 0.2484
test_loss: 0.2703
epoch 7
train_loss: 0.2335
test_loss: 0.2504
epoch 8
train_loss: 0.2196
test_loss: 0.2397
epoch 9
train_loss: 0.1961
test_loss: 0.2216
epoch 10
train_loss: 0.1874
test_loss: 0.2095
epoch 11
train_loss: 0.1758
test_loss: 0.2004
epoch 12
train_loss: 0.1658
test_loss: 0.1937
epoch 13
train_loss: 0.1658
test_loss: 0.1863
epoch 14
train_loss: 0.1587
test_loss: 0.1795
epoch 15
train_loss: 0.1491
test_loss: 0.1715
epoch 16
train_loss: 0.1508
test_loss: 0.1679
epoch 17
train_loss: 0.1455
test_loss: 0.1652
epoch 18
train_loss: 0.1354
test_loss: 0.1659
epoch 19
train_loss: 0.1370
test_loss: 0.1600
epoch 20
train_loss: 0.1293
test_loss: 0.1594
epoch 21
train_loss: 0.1322
test_loss: 0.1547
epoch 22
train_loss: 0.1229
test_loss: 0.1510
epoch 23
train_loss: 0.1200
test_loss: 0.1543
epoch 24
train_loss: 0.1107
test_loss: 0.1519
epoch 25
train_loss: 0.1151
test_loss: 0.1493
epoch 26
train_loss: 0.1187
test_loss: 0.1479
epoch 27
train_loss: 0.1131
test_loss: 0.1524
epoch 28
train_loss: 0.1183
test_loss: 0.1539
epoch 29
train_loss: 0.1087
test_loss: 0.1475
epoch 30
train_loss: 0.1096
test_loss: 0.1433
epoch 31
train_loss: 0.1136
test_loss: 0.1474
epoch 32
train_loss: 0.1008
test_loss: 0.1437
epoch 33
train_loss: 0.1021
test_loss: 0.1456
epoch 34
train_loss: 0.1077
test_loss: 0.1475
epoch 35
train_loss: 0.0942
test_loss: 0.1450
epoch 36
train_loss: 0.0986
test_loss: 0.1498
epoch 37
train_loss: 0.1088
test_loss: 0.1439
epoch 38
train_loss: 0.0997
test_loss: 0.1443
epoch 39
train_loss: 0.0935
test_loss: 0.1426
epoch 40
train_loss: 0.0972
test_loss: 0.1497
epoch 41
train_loss: 0.0925
test_loss: 0.1439
epoch 42
train_loss: 0.0884
test_loss: 0.1416
epoch 43
train_loss: 0.0929
test_loss: 0.1467
epoch 44
train_loss: 0.0901
test_loss: 0.1410
epoch 45
train_loss: 0.0919
test_loss: 0.1412
epoch 46
train_loss: 0.0992
test_loss: 0.1368
epoch 47
train_loss: 0.0911
test_loss: 0.1398
epoch 48
train_loss: 0.0912
test_loss: 0.1395
epoch 49
train_loss: 0.0919
test_loss: 0.1398
epoch 50
train_loss: 0.0876
test_loss: 0.1400
epoch 51
train_loss: 0.0821
test_loss: 0.1379
epoch 52
train_loss: 0.0879
test_loss: 0.1469
epoch 53
train_loss: 0.0881
test_loss: 0.1402
epoch 54
train_loss: 0.0844
test_loss: 0.1361
epoch 55
train_loss: 0.0845
test_loss: 0.1327
epoch 56
train_loss: 0.0821
test_loss: 0.1397
epoch 57
train_loss: 0.0863
test_loss: 0.1378
epoch 58
train_loss: 0.0806
test_loss: 0.1428
epoch 59
train_loss: 0.0840
test_loss: 0.1437
epoch 60
train_loss: 0.0845
test_loss: 0.1389
epoch 61
train_loss: 0.0864
test_loss: 0.1429
epoch 62
train_loss: 0.0775
test_loss: 0.1437
epoch 63
train_loss: 0.0868
test_loss: 0.1392
epoch 64
train_loss: 0.0855
test_loss: 0.1507
epoch 65
train_loss: 0.0820
test_loss: 0.1407
epoch 66
train_loss: 0.0884
test_loss: 0.1398
epoch 67
train_loss: 0.0782
test_loss: 0.1415
epoch 68
train_loss: 0.0805
test_loss: 0.1449
epoch 69
train_loss: 0.0736
test_loss: 0.1439
epoch 70
train_loss: 0.0773
test_loss: 0.1383
epoch 71
train_loss: 0.0753
test_loss: 0.1408
epoch 72
train_loss: 0.0775
test_loss: 0.1347
epoch 73
train_loss: 0.0886
test_loss: 0.1497
epoch 74
train_loss: 0.0766
test_loss: 0.1349
epoch 75
train_loss: 0.0780
test_loss: 0.1421
epoch 76
train_loss: 0.0783
test_loss: 0.1461
epoch 77
train_loss: 0.0719
test_loss: 0.1358
epoch 78
train_loss: 0.0728
test_loss: 0.1369
epoch 79
train_loss: 0.0770
test_loss: 0.1383
epoch 80
train_loss: 0.0784
test_loss: 0.1447
epoch 81
train_loss: 0.0747
test_loss: 0.1355
epoch 82
train_loss: 0.0700
test_loss: 0.1375
epoch 83
train_loss: 0.0775
test_loss: 0.1427
epoch 84
train_loss: 0.0789
test_loss: 0.1374
epoch 85
train_loss: 0.0740
test_loss: 0.1428
epoch 86
train_loss: 0.0728
test_loss: 0.1365
epoch 87
train_loss: 0.0702
test_loss: 0.1343
epoch 88
train_loss: 0.0750
test_loss: 0.1405
epoch 89
train_loss: 0.0724
test_loss: 0.1332
epoch 90
train_loss: 0.0712
test_loss: 0.1289
epoch 91
train_loss: 0.0707
test_loss: 0.1344
epoch 92
train_loss: 0.0734
test_loss: 0.1367
epoch 93
train_loss: 0.0685
test_loss: 0.1382
epoch 94
train_loss: 0.0729
test_loss: 0.1331
epoch 95
train_loss: 0.0676
test_loss: 0.1339
epoch 96
train_loss: 0.0691
test_loss: 0.1374
epoch 97
train_loss: 0.0702
test_loss: 0.1247
epoch 98
train_loss: 0.0710
test_loss: 0.1323
epoch 99
train_loss: 0.0766
test_loss: 0.1378
epoch 100
train_loss: 0.0681
test_loss: 0.1350
epoch 101
train_loss: 0.0686
test_loss: 0.1326
epoch 102
train_loss: 0.0730
test_loss: 0.1323
epoch 103
train_loss: 0.0661
test_loss: 0.1356
epoch 104
train_loss: 0.0727
test_loss: 0.1425
epoch 105
train_loss: 0.0737
test_loss: 0.1299
epoch 106
train_loss: 0.0620
test_loss: 0.1309
epoch 107
train_loss: 0.0712
test_loss: 0.1309
epoch 108
train_loss: 0.0654
test_loss: 0.1312
epoch 109
train_loss: 0.0715
test_loss: 0.1379
epoch 110
train_loss: 0.0720
test_loss: 0.1259
epoch 111
train_loss: 0.0721
test_loss: 0.1222
epoch 112
train_loss: 0.0711
test_loss: 0.1402
epoch 113
train_loss: 0.0691
test_loss: 0.1332
epoch 114
train_loss: 0.0655
test_loss: 0.1366
epoch 115
train_loss: 0.0671
test_loss: 0.1237
epoch 116
train_loss: 0.0628
test_loss: 0.1265
epoch 117
train_loss: 0.0677
test_loss: 0.1339
epoch 118
train_loss: 0.0752
test_loss: 0.1334
epoch 119
train_loss: 0.0681
test_loss: 0.1359
epoch 120
train_loss: 0.0653
test_loss: 0.1248
epoch 121
train_loss: 0.0697
test_loss: 0.1294
epoch 122
train_loss: 0.0704
test_loss: 0.1273
epoch 123
train_loss: 0.0680
test_loss: 0.1314
epoch 124
train_loss: 0.0618
test_loss: 0.1224
epoch 125
train_loss: 0.0701
test_loss: 0.1279
epoch 126
train_loss: 0.0631
test_loss: 0.1297
epoch 127
train_loss: 0.0637
test_loss: 0.1253
epoch 128
train_loss: 0.0664
test_loss: 0.1286
epoch 129
train_loss: 0.0591
test_loss: 0.1295
epoch 130
train_loss: 0.0703
test_loss: 0.1261
epoch 131
train_loss: 0.0694
test_loss: 0.1267
epoch 132
train_loss: 0.0702
test_loss: 0.1258
epoch 133
train_loss: 0.0693
test_loss: 0.1312
epoch 134
train_loss: 0.0590
test_loss: 0.1235
epoch 135
train_loss: 0.0646
test_loss: 0.1336
epoch 136
train_loss: 0.0606
test_loss: 0.1276
epoch 137
train_loss: 0.0586
test_loss: 0.1282
epoch 138
train_loss: 0.0557
test_loss: 0.1276
epoch 139
train_loss: 0.0623
test_loss: 0.1321
epoch 140
train_loss: 0.0603
test_loss: 0.1292
epoch 141
train_loss: 0.0632
test_loss: 0.1250
epoch 142
train_loss: 0.0587
test_loss: 0.1222
epoch 143
train_loss: 0.0620
test_loss: 0.1316
epoch 144
train_loss: 0.0677
test_loss: 0.1234
epoch 145
train_loss: 0.0626
test_loss: 0.1205
epoch 146
train_loss: 0.0558
test_loss: 0.1269
epoch 147
train_loss: 0.0648
test_loss: 0.1281
epoch 148
train_loss: 0.0598
test_loss: 0.1253
epoch 149
train_loss: 0.0644
test_loss: 0.1280
epoch 150
train_loss: 0.0604
test_loss: 0.1272
epoch 151
train_loss: 0.0617
test_loss: 0.1255
epoch 152
train_loss: 0.0609
test_loss: 0.1305
epoch 153
train_loss: 0.0624
test_loss: 0.1345
epoch 154
train_loss: 0.0676
test_loss: 0.1263
epoch 155
train_loss: 0.0584
test_loss: 0.1317
epoch 156
train_loss: 0.0593
test_loss: 0.1330
epoch 157
train_loss: 0.0587
test_loss: 0.1304
epoch 158
train_loss: 0.0560
test_loss: 0.1279
epoch 159
train_loss: 0.0557
test_loss: 0.1265
/home/xueqiong/noise_injection_uncertainty/regression/utils.py:39: FutureWarning: The 'delim_whitespace' keyword in pd.read_csv is deprecated and will be removed in a future version. Use ``sep='\s+'`` instead
  return pd.read_csv(dataset_path, engine='python', header=None, delim_whitespace=True)
8 1
824 206 1030
model_name noisyFCN
using Adam as optimizer
epoch 0
train_loss: 1.0477
test_loss: 1.0351
epoch 1
train_loss: 1.0127
test_loss: 1.0022
epoch 2
train_loss: 0.9813
test_loss: 0.9713
epoch 3
train_loss: 0.9511
test_loss: 0.9415
epoch 4
train_loss: 0.9211
test_loss: 0.9115
epoch 5
train_loss: 0.8899
test_loss: 0.8799
epoch 6
train_loss: 0.8561
test_loss: 0.8465
epoch 7
train_loss: 0.8200
test_loss: 0.8110
epoch 8
train_loss: 0.7813
test_loss: 0.7737
epoch 9
train_loss: 0.7410
test_loss: 0.7347
epoch 10
train_loss: 0.6996
test_loss: 0.6953
epoch 11
train_loss: 0.6581
test_loss: 0.6563
epoch 12
train_loss: 0.6182
test_loss: 0.6190
epoch 13
train_loss: 0.5804
test_loss: 0.5842
epoch 14
train_loss: 0.5459
test_loss: 0.5524
epoch 15
train_loss: 0.5147
test_loss: 0.5241
epoch 16
train_loss: 0.4873
test_loss: 0.4990
epoch 17
train_loss: 0.4634
test_loss: 0.4774
epoch 18
train_loss: 0.4426
test_loss: 0.4585
epoch 19
train_loss: 0.4245
test_loss: 0.4419
epoch 20
train_loss: 0.4085
test_loss: 0.4274
epoch 21
train_loss: 0.3944
test_loss: 0.4145
epoch 22
train_loss: 0.3817
test_loss: 0.4032
epoch 23
train_loss: 0.3706
test_loss: 0.3930
epoch 24
train_loss: 0.3603
test_loss: 0.3837
epoch 25
train_loss: 0.3510
test_loss: 0.3750
epoch 26
train_loss: 0.3421
test_loss: 0.3671
epoch 27
train_loss: 0.3339
test_loss: 0.3597
epoch 28
train_loss: 0.3259
test_loss: 0.3527
epoch 29
train_loss: 0.3184
test_loss: 0.3462
epoch 30
train_loss: 0.3113
test_loss: 0.3400
epoch 31
train_loss: 0.3045
test_loss: 0.3341
epoch 32
train_loss: 0.2980
test_loss: 0.3286
epoch 33
train_loss: 0.2920
test_loss: 0.3232
epoch 34
train_loss: 0.2861
test_loss: 0.3182
epoch 35
train_loss: 0.2804
test_loss: 0.3134
epoch 36
train_loss: 0.2749
test_loss: 0.3087
epoch 37
train_loss: 0.2697
test_loss: 0.3042
epoch 38
train_loss: 0.2646
test_loss: 0.2998
epoch 39
train_loss: 0.2596
test_loss: 0.2957
epoch 40
train_loss: 0.2549
test_loss: 0.2917
epoch 41
train_loss: 0.2505
test_loss: 0.2879
epoch 42
train_loss: 0.2462
test_loss: 0.2843
epoch 43
train_loss: 0.2419
test_loss: 0.2808
epoch 44
train_loss: 0.2379
test_loss: 0.2774
epoch 45
train_loss: 0.2341
test_loss: 0.2741
epoch 46
train_loss: 0.2306
test_loss: 0.2709
epoch 47
train_loss: 0.2270
test_loss: 0.2677
epoch 48
train_loss: 0.2232
test_loss: 0.2647
epoch 49
train_loss: 0.2202
test_loss: 0.2618
epoch 50
train_loss: 0.2168
test_loss: 0.2588
epoch 51
train_loss: 0.2139
test_loss: 0.2559
epoch 52
train_loss: 0.2110
test_loss: 0.2532
epoch 53
train_loss: 0.2081
test_loss: 0.2505
epoch 54
train_loss: 0.2052
test_loss: 0.2478
epoch 55
train_loss: 0.2027
test_loss: 0.2452
epoch 56
train_loss: 0.1999
test_loss: 0.2427
epoch 57
train_loss: 0.1976
test_loss: 0.2403
epoch 58
train_loss: 0.1954
test_loss: 0.2380
epoch 59
train_loss: 0.1929
test_loss: 0.2357
epoch 60
train_loss: 0.1909
test_loss: 0.2334
epoch 61
train_loss: 0.1887
test_loss: 0.2311
epoch 62
train_loss: 0.1865
test_loss: 0.2290
epoch 63
train_loss: 0.1845
test_loss: 0.2269
epoch 64
train_loss: 0.1827
test_loss: 0.2248
epoch 65
train_loss: 0.1807
test_loss: 0.2228
epoch 66
train_loss: 0.1789
test_loss: 0.2208
epoch 67
train_loss: 0.1772
test_loss: 0.2189
epoch 68
train_loss: 0.1756
test_loss: 0.2170
epoch 69
train_loss: 0.1739
test_loss: 0.2151
epoch 70
train_loss: 0.1723
test_loss: 0.2133
epoch 71
train_loss: 0.1710
test_loss: 0.2116
epoch 72
train_loss: 0.1693
test_loss: 0.2098
epoch 73
train_loss: 0.1682
test_loss: 0.2082
epoch 74
train_loss: 0.1667
test_loss: 0.2066
epoch 75
train_loss: 0.1654
test_loss: 0.2051
epoch 76
train_loss: 0.1641
test_loss: 0.2037
epoch 77
train_loss: 0.1628
test_loss: 0.2023
epoch 78
train_loss: 0.1616
test_loss: 0.2009
epoch 79
train_loss: 0.1603
test_loss: 0.1996
epoch 80
train_loss: 0.1592
test_loss: 0.1984
epoch 81
train_loss: 0.1581
test_loss: 0.1972
epoch 82
train_loss: 0.1569
test_loss: 0.1960
epoch 83
train_loss: 0.1560
test_loss: 0.1949
epoch 84
train_loss: 0.1548
test_loss: 0.1938
epoch 85
train_loss: 0.1538
test_loss: 0.1927
epoch 86
train_loss: 0.1528
test_loss: 0.1917
epoch 87
train_loss: 0.1518
test_loss: 0.1906
epoch 88
train_loss: 0.1508
test_loss: 0.1896
epoch 89
train_loss: 0.1498
test_loss: 0.1887
epoch 90
train_loss: 0.1490
test_loss: 0.1877
epoch 91
train_loss: 0.1481
test_loss: 0.1868
epoch 92
train_loss: 0.1471
test_loss: 0.1859
epoch 93
train_loss: 0.1463
test_loss: 0.1851
epoch 94
train_loss: 0.1454
test_loss: 0.1842
epoch 95
train_loss: 0.1445
test_loss: 0.1834
epoch 96
train_loss: 0.1436
test_loss: 0.1827
epoch 97
train_loss: 0.1428
test_loss: 0.1819
epoch 98
train_loss: 0.1420
test_loss: 0.1811
epoch 99
train_loss: 0.1413
test_loss: 0.1803
epoch 100
train_loss: 0.1403
test_loss: 0.1797
epoch 101
train_loss: 0.1396
test_loss: 0.1790
epoch 102
train_loss: 0.1389
test_loss: 0.1784
epoch 103
train_loss: 0.1381
test_loss: 0.1777
epoch 104
train_loss: 0.1374
test_loss: 0.1771
epoch 105
train_loss: 0.1367
test_loss: 0.1766
epoch 106
train_loss: 0.1361
test_loss: 0.1760
epoch 107
train_loss: 0.1352
test_loss: 0.1754
epoch 108
train_loss: 0.1347
test_loss: 0.1748
epoch 109
train_loss: 0.1340
test_loss: 0.1743
epoch 110
train_loss: 0.1333
test_loss: 0.1737
epoch 111
train_loss: 0.1326
test_loss: 0.1732
epoch 112
train_loss: 0.1319
test_loss: 0.1727
epoch 113
train_loss: 0.1312
test_loss: 0.1721
epoch 114
train_loss: 0.1308
test_loss: 0.1716
epoch 115
train_loss: 0.1300
test_loss: 0.1710
epoch 116
train_loss: 0.1295
test_loss: 0.1706
epoch 117
train_loss: 0.1289
test_loss: 0.1701
epoch 118
train_loss: 0.1283
test_loss: 0.1695
epoch 119
train_loss: 0.1278
test_loss: 0.1691
epoch 120
train_loss: 0.1271
test_loss: 0.1687
epoch 121
train_loss: 0.1266
test_loss: 0.1682
epoch 122
train_loss: 0.1260
test_loss: 0.1678
epoch 123
train_loss: 0.1255
test_loss: 0.1674
epoch 124
train_loss: 0.1249
test_loss: 0.1671
epoch 125
train_loss: 0.1244
test_loss: 0.1667
epoch 126
train_loss: 0.1239
test_loss: 0.1665
epoch 127
train_loss: 0.1234
test_loss: 0.1661
epoch 128
train_loss: 0.1228
test_loss: 0.1658
epoch 129
train_loss: 0.1224
test_loss: 0.1655
epoch 130
train_loss: 0.1218
test_loss: 0.1652
epoch 131
train_loss: 0.1213
test_loss: 0.1649
epoch 132
train_loss: 0.1208
test_loss: 0.1646
epoch 133
train_loss: 0.1203
test_loss: 0.1643
epoch 134
train_loss: 0.1198
test_loss: 0.1641
epoch 135
train_loss: 0.1193
test_loss: 0.1638
epoch 136
train_loss: 0.1189
test_loss: 0.1635
epoch 137
train_loss: 0.1184
test_loss: 0.1632
epoch 138
train_loss: 0.1180
test_loss: 0.1630
epoch 139
train_loss: 0.1175
test_loss: 0.1627
epoch 140
train_loss: 0.1170
test_loss: 0.1624
epoch 141
train_loss: 0.1166
test_loss: 0.1622
epoch 142
train_loss: 0.1162
test_loss: 0.1619
epoch 143
train_loss: 0.1157
test_loss: 0.1617
epoch 144
train_loss: 0.1153
test_loss: 0.1615
epoch 145
train_loss: 0.1147
test_loss: 0.1612
epoch 146
train_loss: 0.1144
test_loss: 0.1611
epoch 147
train_loss: 0.1139
test_loss: 0.1608
epoch 148
train_loss: 0.1136
test_loss: 0.1606
epoch 149
train_loss: 0.1131
test_loss: 0.1604
epoch 150
train_loss: 0.1127
test_loss: 0.1602
epoch 151
train_loss: 0.1122
test_loss: 0.1600
epoch 152
train_loss: 0.1120
test_loss: 0.1599
epoch 153
train_loss: 0.1116
test_loss: 0.1596
epoch 154
train_loss: 0.1111
test_loss: 0.1595
epoch 155
train_loss: 0.1107
test_loss: 0.1593
epoch 156
train_loss: 0.1103
test_loss: 0.1591
epoch 157
train_loss: 0.1100
test_loss: 0.1589
epoch 158
train_loss: 0.1096
test_loss: 0.1587
epoch 159
train_loss: 0.1092
test_loss: 0.1585
epoch 160
train_loss: 0.1089
test_loss: 0.1583
epoch 161
train_loss: 0.1085
test_loss: 0.1582
epoch 162
train_loss: 0.1081
test_loss: 0.1580
epoch 163
train_loss: 0.1078
test_loss: 0.1578
epoch 164
train_loss: 0.1073
test_loss: 0.1576
epoch 165
train_loss: 0.1072
test_loss: 0.1575
epoch 166
train_loss: 0.1067
test_loss: 0.1572
epoch 167
train_loss: 0.1064
test_loss: 0.1570
epoch 168
train_loss: 0.1060
test_loss: 0.1569
epoch 169
train_loss: 0.1056
test_loss: 0.1566
epoch 170
train_loss: 0.1054
test_loss: 0.1565
epoch 171
train_loss: 0.1049
test_loss: 0.1562
epoch 172
train_loss: 0.1046
test_loss: 0.1560
epoch 173
train_loss: 0.1043
test_loss: 0.1558
epoch 174
train_loss: 0.1039
test_loss: 0.1556
epoch 175
train_loss: 0.1036
test_loss: 0.1554
epoch 176
train_loss: 0.1033
test_loss: 0.1552
epoch 177
train_loss: 0.1030
test_loss: 0.1550
epoch 178
train_loss: 0.1026
test_loss: 0.1548
epoch 179
train_loss: 0.1024
test_loss: 0.1546
epoch 180
train_loss: 0.1020
test_loss: 0.1544
epoch 181
train_loss: 0.1018
test_loss: 0.1542
epoch 182
train_loss: 0.1014
test_loss: 0.1541
epoch 183
train_loss: 0.1011
test_loss: 0.1539
epoch 184
train_loss: 0.1008
test_loss: 0.1538
epoch 185
train_loss: 0.1006
test_loss: 0.1537
epoch 186
train_loss: 0.1003
test_loss: 0.1535
epoch 187
train_loss: 0.1000
test_loss: 0.1533
epoch 188
train_loss: 0.0997
test_loss: 0.1532
epoch 189
train_loss: 0.0995
test_loss: 0.1530
epoch 190
train_loss: 0.0991
test_loss: 0.1529
epoch 191
train_loss: 0.0989
test_loss: 0.1527
epoch 192
train_loss: 0.0985
test_loss: 0.1525
epoch 193
train_loss: 0.0983
test_loss: 0.1524
epoch 194
train_loss: 0.0982
test_loss: 0.1523
epoch 195
train_loss: 0.0978
test_loss: 0.1522
epoch 196
train_loss: 0.0976
test_loss: 0.1520
epoch 197
train_loss: 0.0973
test_loss: 0.1519
epoch 198
train_loss: 0.0970
test_loss: 0.1517
epoch 199
train_loss: 0.0967
test_loss: 0.1516
epoch 200
train_loss: 0.0964
test_loss: 0.1514
epoch 201
train_loss: 0.0963
test_loss: 0.1513
epoch 202
train_loss: 0.0959
test_loss: 0.1512
epoch 203
train_loss: 0.0956
test_loss: 0.1511
epoch 204
train_loss: 0.0954
test_loss: 0.1509
epoch 205
train_loss: 0.0953
test_loss: 0.1509
epoch 206
train_loss: 0.0949
test_loss: 0.1507
epoch 207
train_loss: 0.0947
test_loss: 0.1507
epoch 208
train_loss: 0.0944
test_loss: 0.1505
epoch 209
train_loss: 0.0942
test_loss: 0.1505
epoch 210
train_loss: 0.0939
test_loss: 0.1504
epoch 211
train_loss: 0.0937
test_loss: 0.1503
epoch 212
train_loss: 0.0935
test_loss: 0.1502
epoch 213
train_loss: 0.0932
test_loss: 0.1502
epoch 214
train_loss: 0.0930
test_loss: 0.1500
epoch 215
train_loss: 0.0928
test_loss: 0.1499
epoch 216
train_loss: 0.0925
test_loss: 0.1499
epoch 217
train_loss: 0.0923
test_loss: 0.1497
epoch 218
train_loss: 0.0920
test_loss: 0.1498
epoch 219
train_loss: 0.0919
test_loss: 0.1497
epoch 220
train_loss: 0.0915
test_loss: 0.1496
epoch 221
train_loss: 0.0913
test_loss: 0.1495
epoch 222
train_loss: 0.0911
test_loss: 0.1495
epoch 223
train_loss: 0.0909
test_loss: 0.1494
epoch 224
train_loss: 0.0907
test_loss: 0.1494
epoch 225
train_loss: 0.0904
test_loss: 0.1493
epoch 226
train_loss: 0.0902
test_loss: 0.1492
epoch 227
train_loss: 0.0900
test_loss: 0.1491
epoch 228
train_loss: 0.0898
test_loss: 0.1491
epoch 229
train_loss: 0.0895
test_loss: 0.1490
epoch 230
train_loss: 0.0893
test_loss: 0.1489
epoch 231
train_loss: 0.0890
test_loss: 0.1488
epoch 232
train_loss: 0.0888
test_loss: 0.1488
epoch 233
train_loss: 0.0886
test_loss: 0.1487
epoch 234
train_loss: 0.0884
test_loss: 0.1486
epoch 235
train_loss: 0.0880
test_loss: 0.1487
epoch 236
train_loss: 0.0880
test_loss: 0.1485
epoch 237
train_loss: 0.0877
test_loss: 0.1485
epoch 238
train_loss: 0.0876
test_loss: 0.1484
epoch 239
train_loss: 0.0873
test_loss: 0.1483
epoch 240
train_loss: 0.0871
test_loss: 0.1483
epoch 241
train_loss: 0.0869
test_loss: 0.1482
epoch 242
train_loss: 0.0867
test_loss: 0.1482
epoch 243
train_loss: 0.0864
test_loss: 0.1481
epoch 244
train_loss: 0.0863
test_loss: 0.1480
epoch 245
train_loss: 0.0861
test_loss: 0.1479
epoch 246
train_loss: 0.0858
test_loss: 0.1479
epoch 247
train_loss: 0.0856
test_loss: 0.1478
epoch 248
train_loss: 0.0854
test_loss: 0.1478
epoch 249
train_loss: 0.0852
test_loss: 0.1477
epoch 250
train_loss: 0.0850
test_loss: 0.1477
epoch 251
train_loss: 0.0848
test_loss: 0.1476
epoch 252
train_loss: 0.0846
test_loss: 0.1475
epoch 253
train_loss: 0.0844
test_loss: 0.1475
epoch 254
train_loss: 0.0842
test_loss: 0.1474
epoch 255
train_loss: 0.0839
test_loss: 0.1474
epoch 256
train_loss: 0.0838
test_loss: 0.1473
epoch 257
train_loss: 0.0836
test_loss: 0.1473
epoch 258
train_loss: 0.0834
test_loss: 0.1472
epoch 259
train_loss: 0.0831
test_loss: 0.1472
epoch 260
train_loss: 0.0830
test_loss: 0.1471
epoch 261
train_loss: 0.0828
test_loss: 0.1471
epoch 262
train_loss: 0.0826
test_loss: 0.1471
epoch 263
train_loss: 0.0824
test_loss: 0.1470
epoch 264
train_loss: 0.0821
test_loss: 0.1469
epoch 265
train_loss: 0.0819
test_loss: 0.1468
epoch 266
train_loss: 0.0818
test_loss: 0.1468
epoch 267
train_loss: 0.0816
test_loss: 0.1467
epoch 268
train_loss: 0.0814
test_loss: 0.1467
epoch 269
train_loss: 0.0812
test_loss: 0.1467
epoch 270
train_loss: 0.0809
test_loss: 0.1466
epoch 271
train_loss: 0.0808
test_loss: 0.1465
epoch 272
train_loss: 0.0806
test_loss: 0.1465
epoch 273
train_loss: 0.0804
test_loss: 0.1465
epoch 274
train_loss: 0.0802
test_loss: 0.1464
epoch 275
train_loss: 0.0800
test_loss: 0.1463
epoch 276
train_loss: 0.0798
test_loss: 0.1463
epoch 277
train_loss: 0.0796
test_loss: 0.1462
epoch 278
train_loss: 0.0794
test_loss: 0.1462
epoch 279
train_loss: 0.0792
test_loss: 0.1462
epoch 280
train_loss: 0.0790
test_loss: 0.1462
epoch 281
train_loss: 0.0788
test_loss: 0.1461
epoch 282
train_loss: 0.0787
test_loss: 0.1461
epoch 283
train_loss: 0.0785
test_loss: 0.1460
epoch 284
train_loss: 0.0783
test_loss: 0.1460
epoch 285
train_loss: 0.0781
test_loss: 0.1460
epoch 286
train_loss: 0.0779
test_loss: 0.1460
epoch 287
train_loss: 0.0777
test_loss: 0.1460
epoch 288
train_loss: 0.0776
test_loss: 0.1460
epoch 289
train_loss: 0.0774
test_loss: 0.1460
epoch 290
train_loss: 0.0772
test_loss: 0.1459
epoch 291
train_loss: 0.0770
test_loss: 0.1459
epoch 292
train_loss: 0.0768
test_loss: 0.1459
epoch 293
train_loss: 0.0767
test_loss: 0.1459
epoch 294
train_loss: 0.0765
test_loss: 0.1459
epoch 295
train_loss: 0.0763
test_loss: 0.1459
epoch 296
train_loss: 0.0761
test_loss: 0.1459
epoch 297
train_loss: 0.0759
test_loss: 0.1459
epoch 298
train_loss: 0.0758
test_loss: 0.1458
epoch 299
train_loss: 0.0756
test_loss: 0.1458
epoch 300
train_loss: 0.0754
test_loss: 0.1458
epoch 301
train_loss: 0.0753
test_loss: 0.1458
epoch 302
train_loss: 0.0751
test_loss: 0.1458
epoch 303
train_loss: 0.0749
test_loss: 0.1457
epoch 304
train_loss: 0.0747
test_loss: 0.1457
epoch 305
train_loss: 0.0746
test_loss: 0.1457
epoch 306
train_loss: 0.0744
test_loss: 0.1457
epoch 307
train_loss: 0.0743
test_loss: 0.1457
epoch 308
train_loss: 0.0741
test_loss: 0.1457
epoch 309
train_loss: 0.0740
test_loss: 0.1457
epoch 310
train_loss: 0.0738
test_loss: 0.1457
epoch 311
train_loss: 0.0737
test_loss: 0.1457
epoch 312
train_loss: 0.0735
test_loss: 0.1456
epoch 313
train_loss: 0.0733
test_loss: 0.1456
epoch 314
train_loss: 0.0732
test_loss: 0.1456
epoch 315
train_loss: 0.0730
test_loss: 0.1456
epoch 316
train_loss: 0.0728
test_loss: 0.1456
epoch 317
train_loss: 0.0728
test_loss: 0.1457
epoch 318
train_loss: 0.0725
test_loss: 0.1456
epoch 319
train_loss: 0.0724
test_loss: 0.1456
epoch 320
train_loss: 0.0722
test_loss: 0.1456
epoch 321
train_loss: 0.0721
test_loss: 0.1456
epoch 322
train_loss: 0.0720
test_loss: 0.1456
epoch 323
train_loss: 0.0718
test_loss: 0.1457
epoch 324
train_loss: 0.0717
test_loss: 0.1456
epoch 325
train_loss: 0.0716
test_loss: 0.1456
epoch 326
train_loss: 0.0714
test_loss: 0.1457
epoch 327
train_loss: 0.0712
test_loss: 0.1457
epoch 328
train_loss: 0.0711
test_loss: 0.1457
epoch 329
train_loss: 0.0710
test_loss: 0.1457
epoch 330
train_loss: 0.0708
test_loss: 0.1457
epoch 331
train_loss: 0.0707
test_loss: 0.1457
epoch 332
train_loss: 0.0706
test_loss: 0.1458
epoch 333
train_loss: 0.0704
test_loss: 0.1457
epoch 334
train_loss: 0.0703
test_loss: 0.1457
epoch 335
train_loss: 0.0701
test_loss: 0.1457
epoch 336
train_loss: 0.0700
test_loss: 0.1458
epoch 337
train_loss: 0.0699
test_loss: 0.1458
epoch 338
train_loss: 0.0697
test_loss: 0.1458
epoch 339
train_loss: 0.0696
test_loss: 0.1458
epoch 340
train_loss: 0.0694
test_loss: 0.1458
epoch 341
train_loss: 0.0693
test_loss: 0.1458
epoch 342
train_loss: 0.0692
test_loss: 0.1458
epoch 343
train_loss: 0.0691
test_loss: 0.1458
epoch 344
train_loss: 0.0689
test_loss: 0.1458
epoch 345
train_loss: 0.0688
test_loss: 0.1458
epoch 346
train_loss: 0.0687
test_loss: 0.1457
epoch 347
train_loss: 0.0685
test_loss: 0.1458
epoch 348
train_loss: 0.0684
test_loss: 0.1457
epoch 349
train_loss: 0.0682
test_loss: 0.1458
epoch 350
train_loss: 0.0681
test_loss: 0.1458
epoch 351
train_loss: 0.0680
test_loss: 0.1458
epoch 352
train_loss: 0.0679
test_loss: 0.1457
epoch 353
train_loss: 0.0677
test_loss: 0.1458
epoch 354
train_loss: 0.0676
test_loss: 0.1458
epoch 355
train_loss: 0.0675
test_loss: 0.1457
epoch 356
train_loss: 0.0674
test_loss: 0.1457
epoch 357
train_loss: 0.0672
test_loss: 0.1457
epoch 358
train_loss: 0.0670
test_loss: 0.1458
epoch 359
train_loss: 0.0670
test_loss: 0.1458
epoch 360
train_loss: 0.0668
test_loss: 0.1457
epoch 361
train_loss: 0.0668
test_loss: 0.1458
epoch 362
train_loss: 0.0666
test_loss: 0.1459
epoch 363
train_loss: 0.0664
test_loss: 0.1458
epoch 364
train_loss: 0.0663
test_loss: 0.1459
epoch 365
train_loss: 0.0662
test_loss: 0.1458
epoch 366
train_loss: 0.0661
test_loss: 0.1459
epoch 367
train_loss: 0.0660
test_loss: 0.1459
epoch 368
train_loss: 0.0659
test_loss: 0.1459
epoch 369
train_loss: 0.0658
test_loss: 0.1459
epoch 370
train_loss: 0.0656
test_loss: 0.1459
epoch 371
train_loss: 0.0655
test_loss: 0.1459
epoch 372
train_loss: 0.0654
test_loss: 0.1460
epoch 373
train_loss: 0.0653
test_loss: 0.1459
epoch 374
train_loss: 0.0651
test_loss: 0.1460
epoch 375
train_loss: 0.0650
test_loss: 0.1460
epoch 376
train_loss: 0.0650
test_loss: 0.1460
epoch 377
train_loss: 0.0647
test_loss: 0.1459
epoch 378
train_loss: 0.0647
test_loss: 0.1460
epoch 379
train_loss: 0.0645
test_loss: 0.1460
epoch 380
train_loss: 0.0646
test_loss: 0.1460
epoch 381
train_loss: 0.0644
test_loss: 0.1460
epoch 382
train_loss: 0.0642
test_loss: 0.1460
epoch 383
train_loss: 0.0642
test_loss: 0.1460
epoch 384
train_loss: 0.0641
test_loss: 0.1461
epoch 385
train_loss: 0.0639
test_loss: 0.1461
epoch 386
train_loss: 0.0639
test_loss: 0.1461
epoch 387
train_loss: 0.0637
test_loss: 0.1461
epoch 388
train_loss: 0.0636
test_loss: 0.1460
epoch 389
train_loss: 0.0635
test_loss: 0.1461
epoch 390
train_loss: 0.0634
test_loss: 0.1461
epoch 391
train_loss: 0.0633
test_loss: 0.1461
epoch 392
train_loss: 0.0632
test_loss: 0.1461
epoch 393
train_loss: 0.0631
test_loss: 0.1461
epoch 394
train_loss: 0.0630
test_loss: 0.1461
epoch 395
train_loss: 0.0628
test_loss: 0.1462
epoch 396
train_loss: 0.0627
test_loss: 0.1462
epoch 397
train_loss: 0.0627
test_loss: 0.1462
epoch 398
train_loss: 0.0626
test_loss: 0.1462
epoch 399
train_loss: 0.0624
test_loss: 0.1463
epoch 400
train_loss: 0.0624
test_loss: 0.1462
epoch 401
train_loss: 0.0623
test_loss: 0.1463
epoch 402
train_loss: 0.0622
test_loss: 0.1463
epoch 403
train_loss: 0.0621
test_loss: 0.1463
epoch 404
train_loss: 0.0620
test_loss: 0.1463
epoch 405
train_loss: 0.0618
test_loss: 0.1463
epoch 406
train_loss: 0.0617
test_loss: 0.1464
epoch 407
train_loss: 0.0617
test_loss: 0.1464
epoch 408
train_loss: 0.0616
test_loss: 0.1464
epoch 409
train_loss: 0.0615
test_loss: 0.1464
epoch 410
train_loss: 0.0614
test_loss: 0.1464
epoch 411
train_loss: 0.0612
test_loss: 0.1464
epoch 412
train_loss: 0.0611
test_loss: 0.1464
epoch 413
train_loss: 0.0610
test_loss: 0.1465
epoch 414
train_loss: 0.0610
test_loss: 0.1465
epoch 415
train_loss: 0.0609
test_loss: 0.1465
epoch 416
train_loss: 0.0608
test_loss: 0.1465
epoch 417
train_loss: 0.0607
test_loss: 0.1466
epoch 418
train_loss: 0.0606
test_loss: 0.1466
epoch 419
train_loss: 0.0605
test_loss: 0.1466
epoch 420
train_loss: 0.0603
test_loss: 0.1466
epoch 421
train_loss: 0.0603
test_loss: 0.1467
epoch 422
train_loss: 0.0602
test_loss: 0.1467
epoch 423
train_loss: 0.0601
test_loss: 0.1467
epoch 424
train_loss: 0.0600
test_loss: 0.1468
epoch 425
train_loss: 0.0599
test_loss: 0.1469
epoch 426
train_loss: 0.0598
test_loss: 0.1468
epoch 427
train_loss: 0.0597
test_loss: 0.1469
epoch 428
train_loss: 0.0596
test_loss: 0.1469
epoch 429
train_loss: 0.0595
test_loss: 0.1469
epoch 430
train_loss: 0.0595
test_loss: 0.1470
epoch 431
train_loss: 0.0594
test_loss: 0.1470
epoch 432
train_loss: 0.0592
test_loss: 0.1470
epoch 433
train_loss: 0.0592
test_loss: 0.1470
epoch 434
train_loss: 0.0590
test_loss: 0.1469
epoch 435
train_loss: 0.0590
test_loss: 0.1470
epoch 436
train_loss: 0.0589
test_loss: 0.1470
epoch 437
train_loss: 0.0588
test_loss: 0.1470
epoch 438
train_loss: 0.0586
test_loss: 0.1470
epoch 439
train_loss: 0.0587
test_loss: 0.1470
epoch 440
train_loss: 0.0585
test_loss: 0.1470
epoch 441
train_loss: 0.0584
test_loss: 0.1470
epoch 442
train_loss: 0.0584
test_loss: 0.1470
epoch 443
train_loss: 0.0582
test_loss: 0.1471
epoch 444
train_loss: 0.0581
test_loss: 0.1470
epoch 445
train_loss: 0.0580
test_loss: 0.1471
epoch 446
train_loss: 0.0579
test_loss: 0.1471
epoch 447
train_loss: 0.0578
test_loss: 0.1471
epoch 448
train_loss: 0.0578
test_loss: 0.1473
epoch 449
train_loss: 0.0576
test_loss: 0.1471
epoch 450
train_loss: 0.0576
test_loss: 0.1471
epoch 451
train_loss: 0.0574
test_loss: 0.1472
epoch 452
train_loss: 0.0575
test_loss: 0.1472
epoch 453
train_loss: 0.0573
test_loss: 0.1473
epoch 454
train_loss: 0.0573
test_loss: 0.1473
epoch 455
train_loss: 0.0571
test_loss: 0.1473
epoch 456
train_loss: 0.0571
test_loss: 0.1473
epoch 457
train_loss: 0.0570
test_loss: 0.1473
epoch 458
train_loss: 0.0569
test_loss: 0.1474
epoch 459
train_loss: 0.0568
test_loss: 0.1474
epoch 460
train_loss: 0.0567
test_loss: 0.1474
epoch 461
train_loss: 0.0566
test_loss: 0.1474
epoch 462
train_loss: 0.0565
test_loss: 0.1474
epoch 463
train_loss: 0.0564
test_loss: 0.1474
epoch 464
train_loss: 0.0563
test_loss: 0.1473
epoch 465
train_loss: 0.0563
test_loss: 0.1474
epoch 466
train_loss: 0.0562
test_loss: 0.1474
epoch 467
train_loss: 0.0561
test_loss: 0.1474
epoch 468
train_loss: 0.0560
test_loss: 0.1474
epoch 469
train_loss: 0.0559
test_loss: 0.1475
epoch 470
train_loss: 0.0558
test_loss: 0.1474
epoch 471
train_loss: 0.0558
test_loss: 0.1475
epoch 472
train_loss: 0.0557
test_loss: 0.1475
epoch 473
train_loss: 0.0556
test_loss: 0.1475
epoch 474
train_loss: 0.0555
test_loss: 0.1475
epoch 475
train_loss: 0.0554
test_loss: 0.1475
epoch 476
train_loss: 0.0553
test_loss: 0.1475
epoch 477
train_loss: 0.0553
test_loss: 0.1475
epoch 478
train_loss: 0.0552
test_loss: 0.1475
epoch 479
train_loss: 0.0551
test_loss: 0.1475
epoch 480
train_loss: 0.0550
test_loss: 0.1476
epoch 481
train_loss: 0.0549
test_loss: 0.1475
epoch 482
train_loss: 0.0549
test_loss: 0.1476
epoch 483
train_loss: 0.0548
test_loss: 0.1476
epoch 484
train_loss: 0.0547
test_loss: 0.1475
epoch 485
train_loss: 0.0546
test_loss: 0.1476
epoch 486
train_loss: 0.0545
test_loss: 0.1475
epoch 487
train_loss: 0.0545
test_loss: 0.1476
epoch 488
train_loss: 0.0544
test_loss: 0.1476
epoch 489
train_loss: 0.0543
test_loss: 0.1475
epoch 490
train_loss: 0.0542
test_loss: 0.1476
epoch 491
train_loss: 0.0541
test_loss: 0.1475
epoch 492
train_loss: 0.0541
test_loss: 0.1475
epoch 493
train_loss: 0.0540
test_loss: 0.1475
epoch 494
train_loss: 0.0539
test_loss: 0.1476
epoch 495
train_loss: 0.0538
test_loss: 0.1476
epoch 496
train_loss: 0.0537
test_loss: 0.1476
epoch 497
train_loss: 0.0537
test_loss: 0.1476
epoch 498
train_loss: 0.0535
test_loss: 0.1476
epoch 499
train_loss: 0.0535
test_loss: 0.1476
epoch 500
train_loss: 0.0534
test_loss: 0.1476
epoch 501
train_loss: 0.0533
test_loss: 0.1476
epoch 502
train_loss: 0.0533
test_loss: 0.1476
epoch 503
train_loss: 0.0532
test_loss: 0.1475
epoch 504
train_loss: 0.0532
test_loss: 0.1475
epoch 505
train_loss: 0.0530
test_loss: 0.1475
epoch 506
train_loss: 0.0530
test_loss: 0.1475
epoch 507
train_loss: 0.0529
test_loss: 0.1475
epoch 508
train_loss: 0.0528
test_loss: 0.1474
epoch 509
train_loss: 0.0528
test_loss: 0.1475
epoch 510
train_loss: 0.0527
test_loss: 0.1475
epoch 511
train_loss: 0.0526
test_loss: 0.1475
epoch 512
train_loss: 0.0525
test_loss: 0.1474
epoch 513
train_loss: 0.0524
test_loss: 0.1475
epoch 514
train_loss: 0.0524
test_loss: 0.1474
epoch 515
train_loss: 0.0523
test_loss: 0.1474
epoch 516
train_loss: 0.0522
test_loss: 0.1475
epoch 517
train_loss: 0.0522
test_loss: 0.1475
epoch 518
train_loss: 0.0521
test_loss: 0.1475
epoch 519
train_loss: 0.0520
test_loss: 0.1474
epoch 520
train_loss: 0.0519
test_loss: 0.1475
epoch 521
train_loss: 0.0519
test_loss: 0.1475
epoch 522
train_loss: 0.0518
test_loss: 0.1474
epoch 523
train_loss: 0.0518
test_loss: 0.1474
epoch 524
train_loss: 0.0517
test_loss: 0.1474
epoch 525
train_loss: 0.0516
test_loss: 0.1474
epoch 526
train_loss: 0.0515
test_loss: 0.1473
epoch 527
train_loss: 0.0515
test_loss: 0.1473
epoch 528
train_loss: 0.0514
test_loss: 0.1473
epoch 529
train_loss: 0.0513
test_loss: 0.1473
epoch 530
train_loss: 0.0513
test_loss: 0.1473
epoch 531
train_loss: 0.0512
test_loss: 0.1473
epoch 532
train_loss: 0.0511
test_loss: 0.1472
epoch 533
train_loss: 0.0510
test_loss: 0.1473
epoch 534
train_loss: 0.0510
test_loss: 0.1473
epoch 535
train_loss: 0.0509
test_loss: 0.1472
epoch 536
train_loss: 0.0508
test_loss: 0.1472
epoch 537
train_loss: 0.0508
test_loss: 0.1473
epoch 538
train_loss: 0.0507
test_loss: 0.1472
epoch 539
train_loss: 0.0507
test_loss: 0.1472
epoch 540
train_loss: 0.0506
test_loss: 0.1473
epoch 541
train_loss: 0.0505
test_loss: 0.1472
epoch 542
train_loss: 0.0505
test_loss: 0.1472
epoch 543
train_loss: 0.0504
test_loss: 0.1472
epoch 544
train_loss: 0.0503
test_loss: 0.1472
epoch 545
train_loss: 0.0503
test_loss: 0.1472
epoch 546
train_loss: 0.0502
test_loss: 0.1472
epoch 547
train_loss: 0.0501
test_loss: 0.1472
epoch 548
train_loss: 0.0501
test_loss: 0.1471
epoch 549
train_loss: 0.0501
test_loss: 0.1471
epoch 550
train_loss: 0.0500
test_loss: 0.1471
epoch 551
train_loss: 0.0500
test_loss: 0.1471
epoch 552
train_loss: 0.0499
test_loss: 0.1471
epoch 553
train_loss: 0.0498
test_loss: 0.1471
epoch 554
train_loss: 0.0497
test_loss: 0.1470
epoch 555
train_loss: 0.0497
test_loss: 0.1470
epoch 556
train_loss: 0.0496
test_loss: 0.1469
epoch 557
train_loss: 0.0495
test_loss: 0.1469
epoch 558
train_loss: 0.0495
test_loss: 0.1470
epoch 559
train_loss: 0.0494
test_loss: 0.1469
epoch 560
train_loss: 0.0493
test_loss: 0.1469
epoch 561
train_loss: 0.0493
test_loss: 0.1469
epoch 562
train_loss: 0.0492
test_loss: 0.1469
epoch 563
train_loss: 0.0492
test_loss: 0.1469
epoch 564
train_loss: 0.0491
test_loss: 0.1469
epoch 565
train_loss: 0.0491
test_loss: 0.1468
epoch 566
train_loss: 0.0490
test_loss: 0.1469
epoch 567
train_loss: 0.0489
test_loss: 0.1468
epoch 568
train_loss: 0.0489
test_loss: 0.1468
epoch 569
train_loss: 0.0488
test_loss: 0.1468
epoch 570
train_loss: 0.0488
test_loss: 0.1467
epoch 571
train_loss: 0.0487
test_loss: 0.1467
epoch 572
train_loss: 0.0487
test_loss: 0.1467
epoch 573
train_loss: 0.0486
test_loss: 0.1467
epoch 574
train_loss: 0.0485
test_loss: 0.1466
epoch 575
train_loss: 0.0485
test_loss: 0.1467
epoch 576
train_loss: 0.0484
test_loss: 0.1467
epoch 577
train_loss: 0.0483
test_loss: 0.1466
epoch 578
train_loss: 0.0482
test_loss: 0.1467
epoch 579
train_loss: 0.0482
test_loss: 0.1466
epoch 580
train_loss: 0.0482
test_loss: 0.1466
epoch 581
train_loss: 0.0481
test_loss: 0.1466
epoch 582
train_loss: 0.0482
test_loss: 0.1465
epoch 583
train_loss: 0.0480
test_loss: 0.1466
epoch 584
train_loss: 0.0479
test_loss: 0.1465
epoch 585
train_loss: 0.0479
test_loss: 0.1466
epoch 586
train_loss: 0.0479
test_loss: 0.1465
epoch 587
train_loss: 0.0478
test_loss: 0.1465
epoch 588
train_loss: 0.0477
test_loss: 0.1464
epoch 589
train_loss: 0.0477
test_loss: 0.1464
epoch 590
train_loss: 0.0477
test_loss: 0.1464
epoch 591
train_loss: 0.0476
test_loss: 0.1463
epoch 592
train_loss: 0.0476
test_loss: 0.1464
epoch 593
train_loss: 0.0475
test_loss: 0.1463
epoch 594
train_loss: 0.0474
test_loss: 0.1463
epoch 595
train_loss: 0.0474
test_loss: 0.1463
epoch 596
train_loss: 0.0473
test_loss: 0.1463
epoch 597
train_loss: 0.0473
test_loss: 0.1462
epoch 598
train_loss: 0.0472
test_loss: 0.1462
epoch 599
train_loss: 0.0472
test_loss: 0.1462
epoch 600
train_loss: 0.0471
test_loss: 0.1462
epoch 601
train_loss: 0.0470
test_loss: 0.1461
epoch 602
train_loss: 0.0470
test_loss: 0.1461
epoch 603
train_loss: 0.0469
test_loss: 0.1461
epoch 604
train_loss: 0.0469
test_loss: 0.1461
epoch 605
train_loss: 0.0469
test_loss: 0.1461
epoch 606
train_loss: 0.0468
test_loss: 0.1460
epoch 607
train_loss: 0.0467
test_loss: 0.1460
epoch 608
train_loss: 0.0467
test_loss: 0.1460
epoch 609
train_loss: 0.0466
test_loss: 0.1460
epoch 610
train_loss: 0.0466
test_loss: 0.1460
epoch 611
train_loss: 0.0465
test_loss: 0.1460
epoch 612
train_loss: 0.0465
test_loss: 0.1459
epoch 613
train_loss: 0.0464
test_loss: 0.1459
epoch 614
train_loss: 0.0464
test_loss: 0.1459
epoch 615
train_loss: 0.0463
test_loss: 0.1458
epoch 616
train_loss: 0.0463
test_loss: 0.1457
epoch 617
train_loss: 0.0462
test_loss: 0.1458
epoch 618
train_loss: 0.0462
test_loss: 0.1457
epoch 619
train_loss: 0.0461
test_loss: 0.1457
epoch 620
train_loss: 0.0461
test_loss: 0.1457
epoch 621
train_loss: 0.0460
test_loss: 0.1456
epoch 622
train_loss: 0.0460
test_loss: 0.1457
epoch 623
train_loss: 0.0459
test_loss: 0.1456
epoch 624
train_loss: 0.0459
test_loss: 0.1456
epoch 625
train_loss: 0.0458
test_loss: 0.1456
epoch 626
train_loss: 0.0458
test_loss: 0.1456
epoch 627
train_loss: 0.0457
test_loss: 0.1455
epoch 628
train_loss: 0.0457
test_loss: 0.1455
epoch 629
train_loss: 0.0456
test_loss: 0.1454
epoch 630
train_loss: 0.0456
test_loss: 0.1455
epoch 631
train_loss: 0.0455
test_loss: 0.1455
epoch 632
train_loss: 0.0455
test_loss: 0.1455
epoch 633
train_loss: 0.0454
test_loss: 0.1454
epoch 634
train_loss: 0.0454
test_loss: 0.1454
epoch 635
train_loss: 0.0453
test_loss: 0.1454
epoch 636
train_loss: 0.0453
test_loss: 0.1453
epoch 637
train_loss: 0.0452
test_loss: 0.1454
epoch 638
train_loss: 0.0452
test_loss: 0.1453
epoch 639
train_loss: 0.0452
test_loss: 0.1453
epoch 640
train_loss: 0.0451
test_loss: 0.1453
epoch 641
train_loss: 0.0451
test_loss: 0.1453
epoch 642
train_loss: 0.0450
test_loss: 0.1453
epoch 643
train_loss: 0.0450
test_loss: 0.1453
epoch 644
train_loss: 0.0449
test_loss: 0.1452
epoch 645
train_loss: 0.0449
test_loss: 0.1453
epoch 646
train_loss: 0.0448
test_loss: 0.1452
epoch 647
train_loss: 0.0448
test_loss: 0.1453
epoch 648
train_loss: 0.0448
test_loss: 0.1452
epoch 649
train_loss: 0.0447
test_loss: 0.1452
epoch 650
train_loss: 0.0447
test_loss: 0.1452
epoch 651
train_loss: 0.0446
test_loss: 0.1452
epoch 652
train_loss: 0.0446
test_loss: 0.1452
epoch 653
train_loss: 0.0445
test_loss: 0.1451
epoch 654
train_loss: 0.0445
test_loss: 0.1451
epoch 655
train_loss: 0.0444
test_loss: 0.1452
epoch 656
train_loss: 0.0444
test_loss: 0.1452
epoch 657
train_loss: 0.0444
test_loss: 0.1452
epoch 658
train_loss: 0.0443
test_loss: 0.1451
epoch 659
train_loss: 0.0443
test_loss: 0.1452
epoch 660
train_loss: 0.0442
test_loss: 0.1451
epoch 661
train_loss: 0.0442
test_loss: 0.1451
epoch 662
train_loss: 0.0442
test_loss: 0.1450
epoch 663
train_loss: 0.0441
test_loss: 0.1451
epoch 664
train_loss: 0.0441
test_loss: 0.1450
epoch 665
train_loss: 0.0440
test_loss: 0.1450
epoch 666
train_loss: 0.0440
test_loss: 0.1451
epoch 667
train_loss: 0.0439
test_loss: 0.1450
epoch 668
train_loss: 0.0439
test_loss: 0.1450
epoch 669
train_loss: 0.0439
test_loss: 0.1450
epoch 670
train_loss: 0.0438
test_loss: 0.1449
epoch 671
train_loss: 0.0438
test_loss: 0.1450
epoch 672
train_loss: 0.0437
test_loss: 0.1449
epoch 673
train_loss: 0.0437
test_loss: 0.1449
epoch 674
train_loss: 0.0437
test_loss: 0.1449
epoch 675
train_loss: 0.0436
test_loss: 0.1449
epoch 676
train_loss: 0.0436
test_loss: 0.1449
epoch 677
train_loss: 0.0435
test_loss: 0.1448
epoch 678
train_loss: 0.0435
test_loss: 0.1449
epoch 679
train_loss: 0.0434
test_loss: 0.1448
epoch 680
train_loss: 0.0434
test_loss: 0.1448
epoch 681
train_loss: 0.0434
test_loss: 0.1448
epoch 682
train_loss: 0.0433
test_loss: 0.1447
epoch 683
train_loss: 0.0433
test_loss: 0.1448
epoch 684
train_loss: 0.0433
test_loss: 0.1448
epoch 685
train_loss: 0.0432
test_loss: 0.1447
epoch 686
train_loss: 0.0431
test_loss: 0.1448
epoch 687
train_loss: 0.0431
test_loss: 0.1448
epoch 688
train_loss: 0.0431
test_loss: 0.1448
epoch 689
train_loss: 0.0430
test_loss: 0.1448
epoch 690
train_loss: 0.0430
test_loss: 0.1447
epoch 691
train_loss: 0.0430
test_loss: 0.1448
epoch 692
train_loss: 0.0429
test_loss: 0.1448
epoch 693
train_loss: 0.0429
test_loss: 0.1449
epoch 694
train_loss: 0.0428
test_loss: 0.1448
epoch 695
train_loss: 0.0428
test_loss: 0.1448
epoch 696
train_loss: 0.0427
test_loss: 0.1448
epoch 697
train_loss: 0.0427
test_loss: 0.1448
epoch 698
train_loss: 0.0427
test_loss: 0.1448
epoch 699
train_loss: 0.0427
test_loss: 0.1448
epoch 700
train_loss: 0.0426
test_loss: 0.1448
epoch 701
train_loss: 0.0425
test_loss: 0.1447
epoch 702
train_loss: 0.0425
test_loss: 0.1448
epoch 703
train_loss: 0.0425
test_loss: 0.1448
epoch 704
train_loss: 0.0424
test_loss: 0.1448
epoch 705
train_loss: 0.0424
test_loss: 0.1448
epoch 706
train_loss: 0.0424
test_loss: 0.1448
epoch 707
train_loss: 0.0423
test_loss: 0.1447
epoch 708
train_loss: 0.0423
test_loss: 0.1447
epoch 709
train_loss: 0.0423
test_loss: 0.1447
epoch 710
train_loss: 0.0422
test_loss: 0.1447
epoch 711
train_loss: 0.0422
test_loss: 0.1447
epoch 712
train_loss: 0.0422
test_loss: 0.1446
epoch 713
train_loss: 0.0421
test_loss: 0.1447
epoch 714
train_loss: 0.0421
test_loss: 0.1445
epoch 715
train_loss: 0.0420
test_loss: 0.1446
epoch 716
train_loss: 0.0420
test_loss: 0.1445
epoch 717
train_loss: 0.0419
test_loss: 0.1445
epoch 718
train_loss: 0.0419
test_loss: 0.1445
epoch 719
train_loss: 0.0419
test_loss: 0.1444
epoch 720
train_loss: 0.0418
test_loss: 0.1444
epoch 721
train_loss: 0.0418
test_loss: 0.1444
epoch 722
train_loss: 0.0418
test_loss: 0.1444
epoch 723
train_loss: 0.0417
test_loss: 0.1444
epoch 724
train_loss: 0.0417
test_loss: 0.1444
epoch 725
train_loss: 0.0417
test_loss: 0.1444
epoch 726
train_loss: 0.0416
test_loss: 0.1443
epoch 727
train_loss: 0.0416
test_loss: 0.1443
epoch 728
train_loss: 0.0416
test_loss: 0.1442
epoch 729
train_loss: 0.0415
test_loss: 0.1442
epoch 730
train_loss: 0.0415
test_loss: 0.1441
epoch 731
train_loss: 0.0414
test_loss: 0.1442
epoch 732
train_loss: 0.0415
test_loss: 0.1442
epoch 733
train_loss: 0.0414
test_loss: 0.1441
epoch 734
train_loss: 0.0414
test_loss: 0.1441
epoch 735
train_loss: 0.0414
test_loss: 0.1441
epoch 736
train_loss: 0.0413
test_loss: 0.1440
epoch 737
train_loss: 0.0413
test_loss: 0.1441
epoch 738
train_loss: 0.0412
test_loss: 0.1440
epoch 739
train_loss: 0.0412
test_loss: 0.1440
epoch 740
train_loss: 0.0412
test_loss: 0.1440
epoch 741
train_loss: 0.0412
test_loss: 0.1439
epoch 742
train_loss: 0.0411
test_loss: 0.1439
epoch 743
train_loss: 0.0411
test_loss: 0.1439
epoch 744
train_loss: 0.0411
test_loss: 0.1439
epoch 745
train_loss: 0.0410
test_loss: 0.1439
epoch 746
train_loss: 0.0410
test_loss: 0.1439
epoch 747
train_loss: 0.0409
test_loss: 0.1438
epoch 748
train_loss: 0.0409
test_loss: 0.1438
epoch 749
train_loss: 0.0409
test_loss: 0.1438
epoch 750
train_loss: 0.0409
test_loss: 0.1437
epoch 751
train_loss: 0.0409
test_loss: 0.1437
epoch 752
train_loss: 0.0408
test_loss: 0.1437
epoch 753
train_loss: 0.0408
test_loss: 0.1436
epoch 754
train_loss: 0.0408
test_loss: 0.1437
epoch 755
train_loss: 0.0407
test_loss: 0.1436
epoch 756
train_loss: 0.0407
test_loss: 0.1437
epoch 757
train_loss: 0.0407
test_loss: 0.1436
epoch 758
train_loss: 0.0406
test_loss: 0.1436
epoch 759
train_loss: 0.0406
test_loss: 0.1435
epoch 760
train_loss: 0.0405
test_loss: 0.1435
epoch 761
train_loss: 0.0406
test_loss: 0.1435
epoch 762
train_loss: 0.0405
test_loss: 0.1435
epoch 763
train_loss: 0.0405
test_loss: 0.1434
epoch 764
train_loss: 0.0405
test_loss: 0.1434
epoch 765
train_loss: 0.0404
test_loss: 0.1435
epoch 766
train_loss: 0.0405
test_loss: 0.1434
epoch 767
train_loss: 0.0404
test_loss: 0.1434
epoch 768
train_loss: 0.0403
test_loss: 0.1434
epoch 769
train_loss: 0.0403
test_loss: 0.1434
epoch 770
train_loss: 0.0403
test_loss: 0.1433
epoch 771
train_loss: 0.0403
test_loss: 0.1433
epoch 772
train_loss: 0.0402
test_loss: 0.1433
epoch 773
train_loss: 0.0402
test_loss: 0.1433
epoch 774
train_loss: 0.0402
test_loss: 0.1432
epoch 775
train_loss: 0.0401
test_loss: 0.1432
epoch 776
train_loss: 0.0401
test_loss: 0.1432
epoch 777
train_loss: 0.0400
test_loss: 0.1432
epoch 778
train_loss: 0.0400
test_loss: 0.1431
epoch 779
train_loss: 0.0401
test_loss: 0.1432
epoch 780
train_loss: 0.0400
test_loss: 0.1431
epoch 781
train_loss: 0.0400
test_loss: 0.1431
epoch 782
train_loss: 0.0399
test_loss: 0.1431
epoch 783
train_loss: 0.0399
test_loss: 0.1431
epoch 784
train_loss: 0.0400
test_loss: 0.1431
epoch 785
train_loss: 0.0398
test_loss: 0.1430
epoch 786
train_loss: 0.0398
test_loss: 0.1430
epoch 787
train_loss: 0.0398
test_loss: 0.1429
epoch 788
train_loss: 0.0398
test_loss: 0.1430
epoch 789
train_loss: 0.0397
test_loss: 0.1429
/home/xueqiong/noise_injection_uncertainty/regression/utils.py:39: FutureWarning: The 'delim_whitespace' keyword in pd.read_csv is deprecated and will be removed in a future version. Use ``sep='\s+'`` instead
  return pd.read_csv(dataset_path, engine='python', header=None, delim_whitespace=True)
8 1
614 154 768
model_name FCN
using Adam as optimizer
epoch 0
train_loss: 1.0388
test_loss: 1.0155
epoch 1
train_loss: 0.9866
test_loss: 0.9648
epoch 2
train_loss: 0.9365
test_loss: 0.9155
epoch 3
train_loss: 0.8870
test_loss: 0.8658
epoch 4
train_loss: 0.8366
test_loss: 0.8147
epoch 5
train_loss: 0.7840
test_loss: 0.7612
epoch 6
train_loss: 0.7286
test_loss: 0.7051
epoch 7
train_loss: 0.6701
test_loss: 0.6459
epoch 8
train_loss: 0.6091
test_loss: 0.5849
epoch 9
train_loss: 0.5472
test_loss: 0.5244
epoch 10
train_loss: 0.4862
test_loss: 0.4665
epoch 11
train_loss: 0.4283
test_loss: 0.4129
epoch 12
train_loss: 0.3748
test_loss: 0.3642
epoch 13
train_loss: 0.3274
test_loss: 0.3226
epoch 14
train_loss: 0.2876
test_loss: 0.2883
epoch 15
train_loss: 0.2550
test_loss: 0.2611
epoch 16
train_loss: 0.2292
test_loss: 0.2396
epoch 17
train_loss: 0.2088
test_loss: 0.2224
epoch 18
train_loss: 0.1924
test_loss: 0.2081
epoch 19
train_loss: 0.1788
test_loss: 0.1958
epoch 20
train_loss: 0.1672
test_loss: 0.1848
epoch 21
train_loss: 0.1570
test_loss: 0.1749
epoch 22
train_loss: 0.1479
test_loss: 0.1658
epoch 23
train_loss: 0.1398
test_loss: 0.1575
epoch 24
train_loss: 0.1325
test_loss: 0.1499
epoch 25
train_loss: 0.1259
test_loss: 0.1429
epoch 26
train_loss: 0.1199
test_loss: 0.1365
epoch 27
train_loss: 0.1146
test_loss: 0.1307
epoch 28
train_loss: 0.1099
test_loss: 0.1254
epoch 29
train_loss: 0.1056
test_loss: 0.1207
epoch 30
train_loss: 0.1018
test_loss: 0.1164
epoch 31
train_loss: 0.0985
test_loss: 0.1126
epoch 32
train_loss: 0.0955
test_loss: 0.1092
epoch 33
train_loss: 0.0928
test_loss: 0.1061
epoch 34
train_loss: 0.0904
test_loss: 0.1034
epoch 35
train_loss: 0.0883
test_loss: 0.1009
epoch 36
train_loss: 0.0864
test_loss: 0.0987
epoch 37
train_loss: 0.0846
test_loss: 0.0967
epoch 38
train_loss: 0.0831
test_loss: 0.0950
epoch 39
train_loss: 0.0817
test_loss: 0.0934
epoch 40
train_loss: 0.0805
test_loss: 0.0921
epoch 41
train_loss: 0.0793
test_loss: 0.0908
epoch 42
train_loss: 0.0783
test_loss: 0.0897
epoch 43
train_loss: 0.0773
test_loss: 0.0887
epoch 44
train_loss: 0.0764
test_loss: 0.0878
epoch 45
train_loss: 0.0756
test_loss: 0.0870
epoch 46
train_loss: 0.0749
test_loss: 0.0863
epoch 47
train_loss: 0.0742
test_loss: 0.0856
epoch 48
train_loss: 0.0736
test_loss: 0.0849
epoch 49
train_loss: 0.0730
test_loss: 0.0844
epoch 50
train_loss: 0.0724
test_loss: 0.0838
epoch 51
train_loss: 0.0719
test_loss: 0.0834
epoch 52
train_loss: 0.0714
test_loss: 0.0829
epoch 53
train_loss: 0.0709
test_loss: 0.0825
epoch 54
train_loss: 0.0705
test_loss: 0.0822
epoch 55
train_loss: 0.0701
test_loss: 0.0818
epoch 56
train_loss: 0.0697
test_loss: 0.0815
epoch 57
train_loss: 0.0693
test_loss: 0.0812
epoch 58
train_loss: 0.0689
test_loss: 0.0808
epoch 59
train_loss: 0.0686
test_loss: 0.0806
epoch 60
train_loss: 0.0682
test_loss: 0.0803
epoch 61
train_loss: 0.0679
test_loss: 0.0801
epoch 62
train_loss: 0.0676
test_loss: 0.0798
epoch 63
train_loss: 0.0673
test_loss: 0.0796
epoch 64
train_loss: 0.0670
test_loss: 0.0794
epoch 65
train_loss: 0.0667
test_loss: 0.0792
epoch 66
train_loss: 0.0665
test_loss: 0.0790
epoch 67
train_loss: 0.0662
test_loss: 0.0788
epoch 68
train_loss: 0.0660
test_loss: 0.0786
epoch 69
train_loss: 0.0657
test_loss: 0.0785
epoch 70
train_loss: 0.0655
test_loss: 0.0783
epoch 71
train_loss: 0.0652
test_loss: 0.0781
epoch 72
train_loss: 0.0650
test_loss: 0.0779
epoch 73
train_loss: 0.0648
test_loss: 0.0778
epoch 74
train_loss: 0.0645
test_loss: 0.0776
epoch 75
train_loss: 0.0643
test_loss: 0.0775
epoch 76
train_loss: 0.0641
test_loss: 0.0773
epoch 77
train_loss: 0.0639
test_loss: 0.0771
epoch 78
train_loss: 0.0637
test_loss: 0.0770
epoch 79
train_loss: 0.0634
test_loss: 0.0768
epoch 80
train_loss: 0.0632
test_loss: 0.0766
epoch 81
train_loss: 0.0630
test_loss: 0.0765
epoch 82
train_loss: 0.0628
test_loss: 0.0763
epoch 83
train_loss: 0.0626
test_loss: 0.0762
epoch 84
train_loss: 0.0624
test_loss: 0.0760
epoch 85
train_loss: 0.0622
test_loss: 0.0759
epoch 86
train_loss: 0.0620
test_loss: 0.0757
epoch 87
train_loss: 0.0618
test_loss: 0.0756
epoch 88
train_loss: 0.0616
test_loss: 0.0754
epoch 89
train_loss: 0.0614
test_loss: 0.0753
epoch 90
train_loss: 0.0612
test_loss: 0.0751
epoch 91
train_loss: 0.0610
test_loss: 0.0750
epoch 92
train_loss: 0.0608
test_loss: 0.0748
epoch 93
train_loss: 0.0606
test_loss: 0.0747
epoch 94
train_loss: 0.0604
test_loss: 0.0745
epoch 95
train_loss: 0.0602
test_loss: 0.0744
epoch 96
train_loss: 0.0600
test_loss: 0.0742
epoch 97
train_loss: 0.0598
test_loss: 0.0740
epoch 98
train_loss: 0.0596
test_loss: 0.0739
epoch 99
train_loss: 0.0594
test_loss: 0.0737
epoch 100
train_loss: 0.0592
test_loss: 0.0736
epoch 101
train_loss: 0.0590
test_loss: 0.0734
epoch 102
train_loss: 0.0588
test_loss: 0.0732
epoch 103
train_loss: 0.0587
test_loss: 0.0731
epoch 104
train_loss: 0.0585
test_loss: 0.0729
epoch 105
train_loss: 0.0583
test_loss: 0.0727
epoch 106
train_loss: 0.0581
test_loss: 0.0726
epoch 107
train_loss: 0.0579
test_loss: 0.0724
epoch 108
train_loss: 0.0577
test_loss: 0.0722
epoch 109
train_loss: 0.0575
test_loss: 0.0721
epoch 110
train_loss: 0.0573
test_loss: 0.0719
epoch 111
train_loss: 0.0571
test_loss: 0.0717
epoch 112
train_loss: 0.0569
test_loss: 0.0715
epoch 113
train_loss: 0.0567
test_loss: 0.0713
epoch 114
train_loss: 0.0565
test_loss: 0.0712
epoch 115
train_loss: 0.0563
test_loss: 0.0710
epoch 116
train_loss: 0.0561
test_loss: 0.0708
epoch 117
train_loss: 0.0559
test_loss: 0.0706
epoch 118
train_loss: 0.0557
test_loss: 0.0704
epoch 119
train_loss: 0.0555
test_loss: 0.0702
epoch 120
train_loss: 0.0553
test_loss: 0.0700
epoch 121
train_loss: 0.0551
test_loss: 0.0698
epoch 122
train_loss: 0.0548
test_loss: 0.0696
epoch 123
train_loss: 0.0546
test_loss: 0.0694
epoch 124
train_loss: 0.0544
test_loss: 0.0692
epoch 125
train_loss: 0.0542
test_loss: 0.0690
epoch 126
train_loss: 0.0539
test_loss: 0.0688
epoch 127
train_loss: 0.0537
test_loss: 0.0686
epoch 128
train_loss: 0.0535
test_loss: 0.0684
epoch 129
train_loss: 0.0532
test_loss: 0.0682
epoch 130
train_loss: 0.0530
test_loss: 0.0680
epoch 131
train_loss: 0.0528
test_loss: 0.0678
epoch 132
train_loss: 0.0526
test_loss: 0.0676
epoch 133
train_loss: 0.0523
test_loss: 0.0674
epoch 134
train_loss: 0.0521
test_loss: 0.0672
epoch 135
train_loss: 0.0519
test_loss: 0.0670
epoch 136
train_loss: 0.0517
test_loss: 0.0668
epoch 137
train_loss: 0.0514
test_loss: 0.0666
epoch 138
train_loss: 0.0512
test_loss: 0.0664
epoch 139
train_loss: 0.0510
test_loss: 0.0662
epoch 140
train_loss: 0.0507
test_loss: 0.0659
epoch 141
train_loss: 0.0505
test_loss: 0.0657
epoch 142
train_loss: 0.0503
test_loss: 0.0655
epoch 143
train_loss: 0.0500
test_loss: 0.0653
epoch 144
train_loss: 0.0498
test_loss: 0.0651
epoch 145
train_loss: 0.0496
test_loss: 0.0648
epoch 146
train_loss: 0.0493
test_loss: 0.0646
epoch 147
train_loss: 0.0491
test_loss: 0.0644
epoch 148
train_loss: 0.0488
test_loss: 0.0641
epoch 149
train_loss: 0.0486
test_loss: 0.0639
epoch 150
train_loss: 0.0484
test_loss: 0.0637
epoch 151
train_loss: 0.0481
test_loss: 0.0634
epoch 152
train_loss: 0.0478
test_loss: 0.0632
epoch 153
train_loss: 0.0476
test_loss: 0.0629
epoch 154
train_loss: 0.0473
test_loss: 0.0627
epoch 155
train_loss: 0.0470
test_loss: 0.0624
epoch 156
train_loss: 0.0468
test_loss: 0.0622
epoch 157
train_loss: 0.0465
test_loss: 0.0619
epoch 158
train_loss: 0.0462
test_loss: 0.0616
epoch 159
train_loss: 0.0459
test_loss: 0.0614
epoch 160
train_loss: 0.0456
test_loss: 0.0611
epoch 161
train_loss: 0.0453
test_loss: 0.0608
epoch 162
train_loss: 0.0450
test_loss: 0.0605
epoch 163
train_loss: 0.0447
test_loss: 0.0602
epoch 164
train_loss: 0.0444
test_loss: 0.0599
epoch 165
train_loss: 0.0441
test_loss: 0.0597
epoch 166
train_loss: 0.0438
test_loss: 0.0594
epoch 167
train_loss: 0.0435
test_loss: 0.0591
epoch 168
train_loss: 0.0432
test_loss: 0.0588
epoch 169
train_loss: 0.0429
test_loss: 0.0585
epoch 170
train_loss: 0.0426
test_loss: 0.0582
epoch 171
train_loss: 0.0423
test_loss: 0.0580
epoch 172
train_loss: 0.0420
test_loss: 0.0577
epoch 173
train_loss: 0.0417
test_loss: 0.0574
epoch 174
train_loss: 0.0415
test_loss: 0.0572
epoch 175
train_loss: 0.0412
test_loss: 0.0569
epoch 176
train_loss: 0.0409
test_loss: 0.0567
epoch 177
train_loss: 0.0406
test_loss: 0.0564
epoch 178
train_loss: 0.0403
test_loss: 0.0561
epoch 179
train_loss: 0.0400
test_loss: 0.0559
epoch 180
train_loss: 0.0397
test_loss: 0.0556
epoch 181
train_loss: 0.0395
test_loss: 0.0553
epoch 182
train_loss: 0.0392
test_loss: 0.0550
epoch 183
train_loss: 0.0389
test_loss: 0.0548
epoch 184
train_loss: 0.0386
test_loss: 0.0545
epoch 185
train_loss: 0.0383
test_loss: 0.0542
epoch 186
train_loss: 0.0380
test_loss: 0.0540
epoch 187
train_loss: 0.0377
test_loss: 0.0537
epoch 188
train_loss: 0.0375
test_loss: 0.0534
epoch 189
train_loss: 0.0372
test_loss: 0.0532
epoch 190
train_loss: 0.0369
test_loss: 0.0529
epoch 191
train_loss: 0.0366
test_loss: 0.0527
epoch 192
train_loss: 0.0363
test_loss: 0.0524
epoch 193
train_loss: 0.0361
test_loss: 0.0521
epoch 194
train_loss: 0.0358
test_loss: 0.0519
epoch 195
train_loss: 0.0355
test_loss: 0.0516
epoch 196
train_loss: 0.0352
test_loss: 0.0514
epoch 197
train_loss: 0.0350
test_loss: 0.0511
epoch 198
train_loss: 0.0347
test_loss: 0.0509
epoch 199
train_loss: 0.0344
test_loss: 0.0506
epoch 200
train_loss: 0.0341
test_loss: 0.0504
epoch 201
train_loss: 0.0339
test_loss: 0.0501
epoch 202
train_loss: 0.0336
test_loss: 0.0499
epoch 203
train_loss: 0.0333
test_loss: 0.0496
epoch 204
train_loss: 0.0331
test_loss: 0.0494
epoch 205
train_loss: 0.0328
test_loss: 0.0491
epoch 206
train_loss: 0.0325
test_loss: 0.0489
epoch 207
train_loss: 0.0323
test_loss: 0.0487
epoch 208
train_loss: 0.0320
test_loss: 0.0484
epoch 209
train_loss: 0.0317
test_loss: 0.0482
epoch 210
train_loss: 0.0315
test_loss: 0.0480
epoch 211
train_loss: 0.0312
test_loss: 0.0478
epoch 212
train_loss: 0.0310
test_loss: 0.0476
epoch 213
train_loss: 0.0307
test_loss: 0.0473
epoch 214
train_loss: 0.0305
test_loss: 0.0471
epoch 215
train_loss: 0.0302
test_loss: 0.0469
epoch 216
train_loss: 0.0300
test_loss: 0.0467
epoch 217
train_loss: 0.0297
test_loss: 0.0464
epoch 218
train_loss: 0.0295
test_loss: 0.0462
epoch 219
train_loss: 0.0292
test_loss: 0.0460
epoch 220
train_loss: 0.0290
test_loss: 0.0458
epoch 221
train_loss: 0.0287
test_loss: 0.0455
epoch 222
train_loss: 0.0285
test_loss: 0.0453
epoch 223
train_loss: 0.0282
test_loss: 0.0451
epoch 224
train_loss: 0.0280
test_loss: 0.0449
epoch 225
train_loss: 0.0278
test_loss: 0.0447
epoch 226
train_loss: 0.0275
test_loss: 0.0445
epoch 227
train_loss: 0.0273
test_loss: 0.0443
epoch 228
train_loss: 0.0271
test_loss: 0.0441
epoch 229
train_loss: 0.0268
test_loss: 0.0439
epoch 230
train_loss: 0.0266
test_loss: 0.0437
epoch 231
train_loss: 0.0264
test_loss: 0.0435
epoch 232
train_loss: 0.0262
test_loss: 0.0433
epoch 233
train_loss: 0.0259
test_loss: 0.0431
epoch 234
train_loss: 0.0257
test_loss: 0.0429
epoch 235
train_loss: 0.0255
test_loss: 0.0427
epoch 236
train_loss: 0.0253
test_loss: 0.0425
epoch 237
train_loss: 0.0251
test_loss: 0.0423
epoch 238
train_loss: 0.0249
test_loss: 0.0421
epoch 239
train_loss: 0.0247
test_loss: 0.0420
epoch 240
train_loss: 0.0244
test_loss: 0.0418
epoch 241
train_loss: 0.0242
test_loss: 0.0416
epoch 242
train_loss: 0.0240
test_loss: 0.0414
epoch 243
train_loss: 0.0238
test_loss: 0.0412
epoch 244
train_loss: 0.0236
test_loss: 0.0410
epoch 245
train_loss: 0.0234
test_loss: 0.0409
epoch 246
train_loss: 0.0232
test_loss: 0.0407
epoch 247
train_loss: 0.0230
test_loss: 0.0406
epoch 248
train_loss: 0.0229
test_loss: 0.0404
epoch 249
train_loss: 0.0227
test_loss: 0.0402
epoch 250
train_loss: 0.0225
test_loss: 0.0401
epoch 251
train_loss: 0.0223
test_loss: 0.0399
epoch 252
train_loss: 0.0221
test_loss: 0.0398
epoch 253
train_loss: 0.0220
test_loss: 0.0396
epoch 254
train_loss: 0.0218
test_loss: 0.0395
epoch 255
train_loss: 0.0216
test_loss: 0.0393
epoch 256
train_loss: 0.0214
test_loss: 0.0392
epoch 257
train_loss: 0.0213
test_loss: 0.0390
epoch 258
train_loss: 0.0211
test_loss: 0.0389
epoch 259
train_loss: 0.0209
test_loss: 0.0387
epoch 260
train_loss: 0.0207
test_loss: 0.0386
epoch 261
train_loss: 0.0206
test_loss: 0.0384
epoch 262
train_loss: 0.0204
test_loss: 0.0383
epoch 263
train_loss: 0.0202
test_loss: 0.0381
epoch 264
train_loss: 0.0201
test_loss: 0.0380
epoch 265
train_loss: 0.0199
test_loss: 0.0379
epoch 266
train_loss: 0.0198
test_loss: 0.0377
epoch 267
train_loss: 0.0196
test_loss: 0.0376
epoch 268
train_loss: 0.0195
test_loss: 0.0375
epoch 269
train_loss: 0.0193
test_loss: 0.0373
epoch 270
train_loss: 0.0192
test_loss: 0.0371
epoch 271
train_loss: 0.0190
test_loss: 0.0370
epoch 272
train_loss: 0.0188
test_loss: 0.0369
epoch 273
train_loss: 0.0187
test_loss: 0.0368
epoch 274
train_loss: 0.0186
test_loss: 0.0366
epoch 275
train_loss: 0.0184
test_loss: 0.0365
epoch 276
train_loss: 0.0183
test_loss: 0.0364
epoch 277
train_loss: 0.0181
test_loss: 0.0362
epoch 278
train_loss: 0.0180
test_loss: 0.0361
epoch 279
train_loss: 0.0178
test_loss: 0.0360
epoch 280
train_loss: 0.0177
test_loss: 0.0359
epoch 281
train_loss: 0.0176
test_loss: 0.0357
epoch 282
train_loss: 0.0174
test_loss: 0.0357
epoch 283
train_loss: 0.0173
test_loss: 0.0355
epoch 284
train_loss: 0.0172
test_loss: 0.0354
epoch 285
train_loss: 0.0171
test_loss: 0.0353
epoch 286
train_loss: 0.0169
test_loss: 0.0352
epoch 287
train_loss: 0.0168
test_loss: 0.0351
epoch 288
train_loss: 0.0167
test_loss: 0.0350
epoch 289
train_loss: 0.0166
test_loss: 0.0349
epoch 290
train_loss: 0.0164
test_loss: 0.0348
epoch 291
train_loss: 0.0163
test_loss: 0.0346
epoch 292
train_loss: 0.0162
test_loss: 0.0346
epoch 293
train_loss: 0.0161
test_loss: 0.0345
epoch 294
train_loss: 0.0159
test_loss: 0.0343
epoch 295
train_loss: 0.0158
test_loss: 0.0342
epoch 296
train_loss: 0.0157
test_loss: 0.0341
epoch 297
train_loss: 0.0156
test_loss: 0.0340
epoch 298
train_loss: 0.0155
test_loss: 0.0339
epoch 299
train_loss: 0.0153
test_loss: 0.0338
epoch 300
train_loss: 0.0152
test_loss: 0.0337
epoch 301
train_loss: 0.0151
test_loss: 0.0336
epoch 302
train_loss: 0.0150
test_loss: 0.0335
epoch 303
train_loss: 0.0149
test_loss: 0.0333
epoch 304
train_loss: 0.0148
test_loss: 0.0333
epoch 305
train_loss: 0.0147
test_loss: 0.0332
epoch 306
train_loss: 0.0146
test_loss: 0.0331
epoch 307
train_loss: 0.0144
test_loss: 0.0330
epoch 308
train_loss: 0.0143
test_loss: 0.0329
epoch 309
train_loss: 0.0142
test_loss: 0.0328
epoch 310
train_loss: 0.0141
test_loss: 0.0327
epoch 311
train_loss: 0.0140
test_loss: 0.0326
epoch 312
train_loss: 0.0139
test_loss: 0.0326
epoch 313
train_loss: 0.0138
test_loss: 0.0325
epoch 314
train_loss: 0.0137
test_loss: 0.0324
epoch 315
train_loss: 0.0136
test_loss: 0.0323
epoch 316
train_loss: 0.0134
test_loss: 0.0322
epoch 317
train_loss: 0.0133
test_loss: 0.0321
epoch 318
train_loss: 0.0132
test_loss: 0.0320
epoch 319
train_loss: 0.0131
test_loss: 0.0319
epoch 320
train_loss: 0.0130
test_loss: 0.0318
epoch 321
train_loss: 0.0129
test_loss: 0.0317
epoch 322
train_loss: 0.0128
test_loss: 0.0317
epoch 323
train_loss: 0.0127
test_loss: 0.0315
epoch 324
train_loss: 0.0126
test_loss: 0.0315
epoch 325
train_loss: 0.0125
test_loss: 0.0313
epoch 326
train_loss: 0.0124
test_loss: 0.0313
epoch 327
train_loss: 0.0123
test_loss: 0.0312
epoch 328
train_loss: 0.0122
test_loss: 0.0311
epoch 329
train_loss: 0.0121
test_loss: 0.0310
epoch 330
train_loss: 0.0120
test_loss: 0.0308
epoch 331
train_loss: 0.0119
test_loss: 0.0308
epoch 332
train_loss: 0.0118
test_loss: 0.0307
epoch 333
train_loss: 0.0117
test_loss: 0.0306
epoch 334
train_loss: 0.0116
test_loss: 0.0305
epoch 335
train_loss: 0.0115
test_loss: 0.0304
epoch 336
train_loss: 0.0114
test_loss: 0.0303
epoch 337
train_loss: 0.0113
test_loss: 0.0302
epoch 338
train_loss: 0.0112
test_loss: 0.0301
epoch 339
train_loss: 0.0111
test_loss: 0.0300
epoch 340
train_loss: 0.0110
test_loss: 0.0299
epoch 341
train_loss: 0.0109
test_loss: 0.0298
epoch 342
train_loss: 0.0108
test_loss: 0.0297
epoch 343
train_loss: 0.0107
test_loss: 0.0296
epoch 344
train_loss: 0.0106
test_loss: 0.0295
epoch 345
train_loss: 0.0105
test_loss: 0.0294
epoch 346
train_loss: 0.0105
test_loss: 0.0293
epoch 347
train_loss: 0.0104
test_loss: 0.0292
epoch 348
train_loss: 0.0103
test_loss: 0.0292
epoch 349
train_loss: 0.0102
test_loss: 0.0290
epoch 350
train_loss: 0.0101
test_loss: 0.0289
epoch 351
train_loss: 0.0100
test_loss: 0.0288
epoch 352
train_loss: 0.0099
test_loss: 0.0288
epoch 353
train_loss: 0.0098
test_loss: 0.0287
epoch 354
train_loss: 0.0098
test_loss: 0.0285
epoch 355
train_loss: 0.0097
test_loss: 0.0285
epoch 356
train_loss: 0.0096
test_loss: 0.0283
epoch 357
train_loss: 0.0095
test_loss: 0.0283
epoch 358
train_loss: 0.0094
test_loss: 0.0281
epoch 359
train_loss: 0.0093
test_loss: 0.0281
epoch 360
train_loss: 0.0092
test_loss: 0.0280
epoch 361
train_loss: 0.0091
test_loss: 0.0278
epoch 362
train_loss: 0.0091
test_loss: 0.0278
epoch 363
train_loss: 0.0090
test_loss: 0.0277
epoch 364
train_loss: 0.0089
test_loss: 0.0276
epoch 365
train_loss: 0.0088
test_loss: 0.0275
epoch 366
train_loss: 0.0087
test_loss: 0.0274
epoch 367
train_loss: 0.0086
test_loss: 0.0273
epoch 368
train_loss: 0.0085
test_loss: 0.0271
epoch 369
train_loss: 0.0085
test_loss: 0.0271
epoch 370
train_loss: 0.0084
test_loss: 0.0269
epoch 371
train_loss: 0.0083
test_loss: 0.0269
epoch 372
train_loss: 0.0082
test_loss: 0.0267
epoch 373
train_loss: 0.0081
test_loss: 0.0267
epoch 374
train_loss: 0.0080
test_loss: 0.0266
epoch 375
train_loss: 0.0080
test_loss: 0.0264
epoch 376
train_loss: 0.0079
test_loss: 0.0264
epoch 377
train_loss: 0.0078
test_loss: 0.0263
epoch 378
train_loss: 0.0077
test_loss: 0.0263
epoch 379
train_loss: 0.0076
test_loss: 0.0260
epoch 380
train_loss: 0.0075
test_loss: 0.0261
epoch 381
train_loss: 0.0075
test_loss: 0.0259
epoch 382
train_loss: 0.0074
test_loss: 0.0258
epoch 383
train_loss: 0.0073
test_loss: 0.0257
epoch 384
train_loss: 0.0072
test_loss: 0.0257
epoch 385
train_loss: 0.0071
test_loss: 0.0255
epoch 386
train_loss: 0.0071
test_loss: 0.0255
epoch 387
train_loss: 0.0070
test_loss: 0.0253
epoch 388
train_loss: 0.0069
test_loss: 0.0253
epoch 389
train_loss: 0.0068
test_loss: 0.0252
epoch 390
train_loss: 0.0068
test_loss: 0.0251
epoch 391
train_loss: 0.0067
test_loss: 0.0250
epoch 392
train_loss: 0.0066
test_loss: 0.0249
epoch 393
train_loss: 0.0065
test_loss: 0.0247
epoch 394
train_loss: 0.0065
test_loss: 0.0248
epoch 395
train_loss: 0.0064
test_loss: 0.0246
epoch 396
train_loss: 0.0063
test_loss: 0.0245
epoch 397
train_loss: 0.0063
test_loss: 0.0244
epoch 398
train_loss: 0.0062
test_loss: 0.0244
epoch 399
train_loss: 0.0061
test_loss: 0.0242
epoch 400
train_loss: 0.0061
test_loss: 0.0242
epoch 401
train_loss: 0.0060
test_loss: 0.0241
epoch 402
train_loss: 0.0059
test_loss: 0.0240
epoch 403
train_loss: 0.0059
test_loss: 0.0239
epoch 404
train_loss: 0.0058
test_loss: 0.0238
epoch 405
train_loss: 0.0057
test_loss: 0.0237
epoch 406
train_loss: 0.0057
test_loss: 0.0236
epoch 407
train_loss: 0.0056
test_loss: 0.0235
epoch 408
train_loss: 0.0055
test_loss: 0.0234
epoch 409
train_loss: 0.0055
test_loss: 0.0234
epoch 410
train_loss: 0.0054
test_loss: 0.0233
epoch 411
train_loss: 0.0053
test_loss: 0.0232
epoch 412
train_loss: 0.0053
test_loss: 0.0231
epoch 413
train_loss: 0.0052
test_loss: 0.0230
epoch 414
train_loss: 0.0052
test_loss: 0.0230
epoch 415
train_loss: 0.0051
test_loss: 0.0229
epoch 416
train_loss: 0.0050
test_loss: 0.0228
epoch 417
train_loss: 0.0050
test_loss: 0.0227
epoch 418
train_loss: 0.0049
test_loss: 0.0226
epoch 419
train_loss: 0.0049
test_loss: 0.0225
epoch 420
train_loss: 0.0048
test_loss: 0.0225
epoch 421
train_loss: 0.0048
test_loss: 0.0224
epoch 422
train_loss: 0.0047
test_loss: 0.0223
epoch 423
train_loss: 0.0047
test_loss: 0.0222
epoch 424
train_loss: 0.0046
test_loss: 0.0222
epoch 425
train_loss: 0.0045
test_loss: 0.0221
epoch 426
train_loss: 0.0045
test_loss: 0.0220
epoch 427
train_loss: 0.0044
test_loss: 0.0220
epoch 428
train_loss: 0.0044
test_loss: 0.0219
epoch 429
train_loss: 0.0044
test_loss: 0.0218
epoch 430
train_loss: 0.0043
test_loss: 0.0217
epoch 431
train_loss: 0.0043
test_loss: 0.0216
epoch 432
train_loss: 0.0042
test_loss: 0.0216
epoch 433
train_loss: 0.0042
test_loss: 0.0215
epoch 434
train_loss: 0.0041
test_loss: 0.0215
epoch 435
train_loss: 0.0041
test_loss: 0.0214
epoch 436
train_loss: 0.0040
test_loss: 0.0213
epoch 437
train_loss: 0.0040
test_loss: 0.0213
epoch 438
train_loss: 0.0040
test_loss: 0.0212
epoch 439
train_loss: 0.0039
test_loss: 0.0211
epoch 440
train_loss: 0.0039
test_loss: 0.0211
epoch 441
train_loss: 0.0039
test_loss: 0.0210
epoch 442
train_loss: 0.0038
test_loss: 0.0209
epoch 443
train_loss: 0.0038
test_loss: 0.0209
epoch 444
train_loss: 0.0038
test_loss: 0.0208
epoch 445
train_loss: 0.0037
test_loss: 0.0207
epoch 446
train_loss: 0.0037
test_loss: 0.0207
epoch 447
train_loss: 0.0037
test_loss: 0.0206
epoch 448
train_loss: 0.0036
test_loss: 0.0205
epoch 449
train_loss: 0.0036
test_loss: 0.0205
epoch 450
train_loss: 0.0036
test_loss: 0.0205
epoch 451
train_loss: 0.0035
test_loss: 0.0204
epoch 452
train_loss: 0.0035
test_loss: 0.0204
epoch 453
train_loss: 0.0035
test_loss: 0.0203
epoch 454
train_loss: 0.0034
test_loss: 0.0202
epoch 455
train_loss: 0.0034
test_loss: 0.0202
epoch 456
train_loss: 0.0034
test_loss: 0.0201
epoch 457
train_loss: 0.0034
test_loss: 0.0201
epoch 458
train_loss: 0.0033
test_loss: 0.0201
epoch 459
train_loss: 0.0033
test_loss: 0.0200
epoch 460
train_loss: 0.0033
test_loss: 0.0199
epoch 461
train_loss: 0.0032
test_loss: 0.0199
epoch 462
train_loss: 0.0032
test_loss: 0.0199
epoch 463
train_loss: 0.0032
test_loss: 0.0198
epoch 464
train_loss: 0.0032
test_loss: 0.0198
epoch 465
train_loss: 0.0032
test_loss: 0.0197
epoch 466
train_loss: 0.0031
test_loss: 0.0197
epoch 467
train_loss: 0.0031
test_loss: 0.0197
epoch 468
train_loss: 0.0031
test_loss: 0.0196
epoch 469
train_loss: 0.0031
test_loss: 0.0196
epoch 470
train_loss: 0.0030
test_loss: 0.0195
epoch 471
train_loss: 0.0030
test_loss: 0.0195
epoch 472
train_loss: 0.0030
test_loss: 0.0194
epoch 473
train_loss: 0.0030
test_loss: 0.0195
epoch 474
train_loss: 0.0030
test_loss: 0.0194
epoch 475
train_loss: 0.0029
test_loss: 0.0193
epoch 476
train_loss: 0.0029
test_loss: 0.0194
epoch 477
train_loss: 0.0029
test_loss: 0.0193
epoch 478
train_loss: 0.0029
test_loss: 0.0192
epoch 479
train_loss: 0.0029
test_loss: 0.0192
epoch 480
train_loss: 0.0028
test_loss: 0.0192
epoch 481
train_loss: 0.0028
test_loss: 0.0191
epoch 482
train_loss: 0.0028
test_loss: 0.0191
epoch 483
train_loss: 0.0028
test_loss: 0.0191
epoch 484
train_loss: 0.0028
test_loss: 0.0191
epoch 485
train_loss: 0.0028
test_loss: 0.0190
epoch 486
train_loss: 0.0027
test_loss: 0.0190
epoch 487
train_loss: 0.0027
test_loss: 0.0190
epoch 488
train_loss: 0.0027
test_loss: 0.0189
epoch 489
train_loss: 0.0027
test_loss: 0.0189
epoch 490
train_loss: 0.0027
test_loss: 0.0189
epoch 491
train_loss: 0.0027
test_loss: 0.0188
epoch 492
train_loss: 0.0026
test_loss: 0.0188
epoch 493
train_loss: 0.0026
test_loss: 0.0188
epoch 494
train_loss: 0.0026
test_loss: 0.0188
epoch 495
train_loss: 0.0026
test_loss: 0.0187
epoch 496
train_loss: 0.0026
test_loss: 0.0187
epoch 497
train_loss: 0.0026
test_loss: 0.0187
epoch 498
train_loss: 0.0026
test_loss: 0.0187
epoch 499
train_loss: 0.0025
test_loss: 0.0186
epoch 500
train_loss: 0.0025
test_loss: 0.0186
epoch 501
train_loss: 0.0025
test_loss: 0.0185
epoch 502
train_loss: 0.0025
test_loss: 0.0186
epoch 503
train_loss: 0.0025
test_loss: 0.0185
epoch 504
train_loss: 0.0025
test_loss: 0.0185
epoch 505
train_loss: 0.0025
test_loss: 0.0185
epoch 506
train_loss: 0.0025
test_loss: 0.0184
epoch 507
train_loss: 0.0025
test_loss: 0.0184
epoch 508
train_loss: 0.0024
test_loss: 0.0184
epoch 509
train_loss: 0.0024
test_loss: 0.0184
epoch 510
train_loss: 0.0024
test_loss: 0.0184
epoch 511
train_loss: 0.0024
test_loss: 0.0183
epoch 512
train_loss: 0.0024
test_loss: 0.0183
epoch 513
train_loss: 0.0024
test_loss: 0.0183
epoch 514
train_loss: 0.0024
test_loss: 0.0182
epoch 515
train_loss: 0.0024
test_loss: 0.0183
epoch 516
train_loss: 0.0024
test_loss: 0.0183
epoch 517
train_loss: 0.0023
test_loss: 0.0182
epoch 518
train_loss: 0.0023
test_loss: 0.0182
epoch 519
train_loss: 0.0023
test_loss: 0.0182
epoch 520
train_loss: 0.0023
test_loss: 0.0182
epoch 521
train_loss: 0.0023
test_loss: 0.0182
epoch 522
train_loss: 0.0023
test_loss: 0.0182
epoch 523
train_loss: 0.0023
test_loss: 0.0181
epoch 524
train_loss: 0.0023
test_loss: 0.0181
epoch 525
train_loss: 0.0023
test_loss: 0.0181
epoch 526
train_loss: 0.0023
test_loss: 0.0181
epoch 527
train_loss: 0.0023
test_loss: 0.0181
epoch 528
train_loss: 0.0023
test_loss: 0.0181
epoch 529
train_loss: 0.0022
test_loss: 0.0180
epoch 530
train_loss: 0.0022
test_loss: 0.0180
epoch 531
train_loss: 0.0022
test_loss: 0.0180
epoch 532
train_loss: 0.0022
test_loss: 0.0180
epoch 533
train_loss: 0.0022
test_loss: 0.0179
epoch 534
train_loss: 0.0022
test_loss: 0.0180
epoch 535
train_loss: 0.0022
test_loss: 0.0179
epoch 536
train_loss: 0.0022
test_loss: 0.0179
epoch 537
train_loss: 0.0022
test_loss: 0.0179
epoch 538
train_loss: 0.0022
test_loss: 0.0179
epoch 539
train_loss: 0.0022
test_loss: 0.0179
epoch 540
train_loss: 0.0022
test_loss: 0.0179
epoch 541
train_loss: 0.0022
test_loss: 0.0178
epoch 542
train_loss: 0.0021
test_loss: 0.0178
epoch 543
train_loss: 0.0021
test_loss: 0.0178
epoch 544
train_loss: 0.0021
test_loss: 0.0178
epoch 545
train_loss: 0.0021
test_loss: 0.0178
epoch 546
train_loss: 0.0021
test_loss: 0.0178
epoch 547
train_loss: 0.0021
test_loss: 0.0178
epoch 548
train_loss: 0.0021
test_loss: 0.0178
epoch 549
train_loss: 0.0021
test_loss: 0.0178
epoch 550
train_loss: 0.0021
test_loss: 0.0177
epoch 551
train_loss: 0.0021
test_loss: 0.0177
epoch 552
train_loss: 0.0021
test_loss: 0.0177
epoch 553
train_loss: 0.0021
test_loss: 0.0177
epoch 554
train_loss: 0.0021
test_loss: 0.0177
epoch 555
train_loss: 0.0021
test_loss: 0.0177
epoch 556
train_loss: 0.0021
test_loss: 0.0177
epoch 557
train_loss: 0.0021
test_loss: 0.0177
epoch 558
train_loss: 0.0020
test_loss: 0.0177
epoch 559
train_loss: 0.0020
test_loss: 0.0176
epoch 560
train_loss: 0.0020
test_loss: 0.0177
epoch 561
train_loss: 0.0020
test_loss: 0.0176
epoch 562
train_loss: 0.0020
test_loss: 0.0176
epoch 563
train_loss: 0.0020
test_loss: 0.0176
epoch 564
train_loss: 0.0020
test_loss: 0.0176
epoch 565
train_loss: 0.0020
test_loss: 0.0175
epoch 566
train_loss: 0.0020
test_loss: 0.0176
epoch 567
train_loss: 0.0020
test_loss: 0.0176
epoch 568
train_loss: 0.0020
test_loss: 0.0176
epoch 569
train_loss: 0.0020
test_loss: 0.0175
epoch 570
train_loss: 0.0020
test_loss: 0.0175
epoch 571
train_loss: 0.0020
test_loss: 0.0175
epoch 572
train_loss: 0.0020
test_loss: 0.0175
epoch 573
train_loss: 0.0020
test_loss: 0.0175
epoch 574
train_loss: 0.0020
test_loss: 0.0175
epoch 575
train_loss: 0.0020
test_loss: 0.0175
epoch 576
train_loss: 0.0020
test_loss: 0.0175
epoch 577
train_loss: 0.0020
test_loss: 0.0175
epoch 578
train_loss: 0.0020
test_loss: 0.0175
epoch 579
train_loss: 0.0019
test_loss: 0.0175
epoch 580
train_loss: 0.0019
test_loss: 0.0174
epoch 581
train_loss: 0.0019
test_loss: 0.0174
epoch 582
train_loss: 0.0019
test_loss: 0.0174
epoch 583
train_loss: 0.0019
test_loss: 0.0174
epoch 584
train_loss: 0.0019
test_loss: 0.0174
epoch 585
train_loss: 0.0019
test_loss: 0.0174
epoch 586
train_loss: 0.0019
test_loss: 0.0174
epoch 587
train_loss: 0.0019
test_loss: 0.0174
epoch 588
train_loss: 0.0019
test_loss: 0.0174
epoch 589
train_loss: 0.0019
test_loss: 0.0174
epoch 590
train_loss: 0.0019
test_loss: 0.0173
epoch 591
train_loss: 0.0019
test_loss: 0.0174
epoch 592
train_loss: 0.0019
test_loss: 0.0173
epoch 593
train_loss: 0.0019
test_loss: 0.0173
epoch 594
train_loss: 0.0019
test_loss: 0.0173
epoch 595
train_loss: 0.0019
test_loss: 0.0173
epoch 596
train_loss: 0.0019
test_loss: 0.0173
epoch 597
train_loss: 0.0019
test_loss: 0.0173
epoch 598
train_loss: 0.0019
test_loss: 0.0172
epoch 599
train_loss: 0.0019
test_loss: 0.0172
epoch 600
train_loss: 0.0019
test_loss: 0.0173
epoch 601
train_loss: 0.0019
test_loss: 0.0172
epoch 602
train_loss: 0.0019
test_loss: 0.0172
epoch 603
train_loss: 0.0019
test_loss: 0.0172
epoch 604
train_loss: 0.0018
test_loss: 0.0172
epoch 605
train_loss: 0.0018
test_loss: 0.0172
epoch 606
train_loss: 0.0018
test_loss: 0.0172
epoch 607
train_loss: 0.0018
test_loss: 0.0172
epoch 608
train_loss: 0.0018
test_loss: 0.0172
epoch 609
train_loss: 0.0018
test_loss: 0.0172
epoch 610
train_loss: 0.0018
test_loss: 0.0172
epoch 611
train_loss: 0.0018
test_loss: 0.0171
epoch 612
train_loss: 0.0018
test_loss: 0.0171
epoch 613
train_loss: 0.0018
test_loss: 0.0171
epoch 614
train_loss: 0.0018
test_loss: 0.0171
epoch 615
train_loss: 0.0018
test_loss: 0.0171
epoch 616
train_loss: 0.0018
test_loss: 0.0171
epoch 617
train_loss: 0.0018
test_loss: 0.0171
epoch 618
train_loss: 0.0018
test_loss: 0.0171
epoch 619
train_loss: 0.0018
test_loss: 0.0171
epoch 620
train_loss: 0.0018
test_loss: 0.0171
epoch 621
train_loss: 0.0018
test_loss: 0.0171
epoch 622
train_loss: 0.0018
test_loss: 0.0171
epoch 623
train_loss: 0.0018
test_loss: 0.0171
epoch 624
train_loss: 0.0018
test_loss: 0.0170
epoch 625
train_loss: 0.0018
test_loss: 0.0171
epoch 626
train_loss: 0.0018
test_loss: 0.0170
epoch 627
train_loss: 0.0018
test_loss: 0.0170
epoch 628
train_loss: 0.0018
test_loss: 0.0170
epoch 629
train_loss: 0.0018
test_loss: 0.0170
epoch 630
train_loss: 0.0018
test_loss: 0.0170
epoch 631
train_loss: 0.0018
test_loss: 0.0170
epoch 632
train_loss: 0.0018
test_loss: 0.0170
epoch 633
train_loss: 0.0018
test_loss: 0.0170
epoch 634
train_loss: 0.0018
test_loss: 0.0169
epoch 635
train_loss: 0.0018
test_loss: 0.0170
epoch 636
train_loss: 0.0018
test_loss: 0.0170
epoch 637
train_loss: 0.0018
test_loss: 0.0170
epoch 638
train_loss: 0.0018
test_loss: 0.0169
epoch 639
train_loss: 0.0018
test_loss: 0.0170
epoch 640
train_loss: 0.0017
test_loss: 0.0169
epoch 641
train_loss: 0.0017
test_loss: 0.0169
epoch 642
train_loss: 0.0017
test_loss: 0.0170
epoch 643
train_loss: 0.0017
test_loss: 0.0169
epoch 644
train_loss: 0.0017
test_loss: 0.0169
epoch 645
train_loss: 0.0017
test_loss: 0.0169
epoch 646
train_loss: 0.0017
test_loss: 0.0169
epoch 647
train_loss: 0.0017
test_loss: 0.0169
epoch 648
train_loss: 0.0017
test_loss: 0.0169
epoch 649
train_loss: 0.0017
test_loss: 0.0169
epoch 650
train_loss: 0.0017
test_loss: 0.0169
epoch 651
train_loss: 0.0017
test_loss: 0.0168
epoch 652
train_loss: 0.0017
test_loss: 0.0169
epoch 653
train_loss: 0.0017
test_loss: 0.0168
epoch 654
train_loss: 0.0017
test_loss: 0.0168
epoch 655
train_loss: 0.0017
test_loss: 0.0169
epoch 656
train_loss: 0.0017
test_loss: 0.0168
epoch 657
train_loss: 0.0017
test_loss: 0.0168
epoch 658
train_loss: 0.0017
test_loss: 0.0168
epoch 659
train_loss: 0.0017
test_loss: 0.0168
epoch 660
train_loss: 0.0017
test_loss: 0.0168
epoch 661
train_loss: 0.0017
test_loss: 0.0168
epoch 662
train_loss: 0.0017
test_loss: 0.0168
epoch 663
train_loss: 0.0017
test_loss: 0.0168
epoch 664
train_loss: 0.0017
test_loss: 0.0168
epoch 665
train_loss: 0.0017
test_loss: 0.0168
epoch 666
train_loss: 0.0017
test_loss: 0.0168
epoch 667
train_loss: 0.0017
test_loss: 0.0168
epoch 668
train_loss: 0.0017
test_loss: 0.0167
epoch 669
train_loss: 0.0017
test_loss: 0.0168
epoch 670
train_loss: 0.0017
test_loss: 0.0168
epoch 671
train_loss: 0.0017
test_loss: 0.0168
epoch 672
train_loss: 0.0017
test_loss: 0.0168
epoch 673
train_loss: 0.0017
test_loss: 0.0168
epoch 674
train_loss: 0.0017
test_loss: 0.0167
epoch 675
train_loss: 0.0017
test_loss: 0.0167
epoch 676
train_loss: 0.0017
test_loss: 0.0167
epoch 677
train_loss: 0.0017
test_loss: 0.0167
epoch 678
train_loss: 0.0017
test_loss: 0.0167
epoch 679
train_loss: 0.0017
test_loss: 0.0168
epoch 680
train_loss: 0.0017
test_loss: 0.0167
epoch 681
train_loss: 0.0017
test_loss: 0.0167
epoch 682
train_loss: 0.0016
test_loss: 0.0167
epoch 683
train_loss: 0.0016
test_loss: 0.0167
epoch 684
train_loss: 0.0016
test_loss: 0.0167
epoch 685
train_loss: 0.0016
test_loss: 0.0167
epoch 686
train_loss: 0.0016
test_loss: 0.0167
epoch 687
train_loss: 0.0016
test_loss: 0.0167
epoch 688
train_loss: 0.0016
test_loss: 0.0167
epoch 689
train_loss: 0.0016
test_loss: 0.0167
epoch 690
train_loss: 0.0016
test_loss: 0.0167
epoch 691
train_loss: 0.0016
test_loss: 0.0167
epoch 692
train_loss: 0.0016
test_loss: 0.0166
epoch 693
train_loss: 0.0016
test_loss: 0.0167
epoch 694
train_loss: 0.0016
test_loss: 0.0167
epoch 695
train_loss: 0.0016
test_loss: 0.0166
epoch 696
train_loss: 0.0016
test_loss: 0.0167
epoch 697
train_loss: 0.0016
test_loss: 0.0167
epoch 698
train_loss: 0.0016
test_loss: 0.0167
epoch 699
train_loss: 0.0016
test_loss: 0.0166
epoch 700
train_loss: 0.0016
test_loss: 0.0167
epoch 701
train_loss: 0.0016
test_loss: 0.0166
epoch 702
train_loss: 0.0016
test_loss: 0.0166
epoch 703
train_loss: 0.0016
test_loss: 0.0167
epoch 704
train_loss: 0.0016
test_loss: 0.0166
epoch 705
train_loss: 0.0016
test_loss: 0.0166
epoch 706
train_loss: 0.0016
test_loss: 0.0166
epoch 707
train_loss: 0.0016
test_loss: 0.0167
epoch 708
train_loss: 0.0016
test_loss: 0.0166
epoch 709
train_loss: 0.0016
test_loss: 0.0167
epoch 710
train_loss: 0.0016
test_loss: 0.0166
epoch 711
train_loss: 0.0016
test_loss: 0.0166
epoch 712
train_loss: 0.0016
test_loss: 0.0166
epoch 713
train_loss: 0.0016
test_loss: 0.0166
epoch 714
train_loss: 0.0016
test_loss: 0.0165
epoch 715
train_loss: 0.0016
test_loss: 0.0166
epoch 716
train_loss: 0.0016
test_loss: 0.0166
epoch 717
train_loss: 0.0016
test_loss: 0.0165
epoch 718
train_loss: 0.0016
test_loss: 0.0166
epoch 719
train_loss: 0.0016
test_loss: 0.0165
epoch 720
train_loss: 0.0016
test_loss: 0.0166
epoch 721
train_loss: 0.0016
test_loss: 0.0166
epoch 722
train_loss: 0.0016
test_loss: 0.0165
epoch 723
train_loss: 0.0016
test_loss: 0.0166
epoch 724
train_loss: 0.0016
test_loss: 0.0165
epoch 725
train_loss: 0.0016
test_loss: 0.0166
epoch 726
train_loss: 0.0016
test_loss: 0.0166
epoch 727
train_loss: 0.0016
test_loss: 0.0166
epoch 728
train_loss: 0.0016
test_loss: 0.0165
epoch 729
train_loss: 0.0016
test_loss: 0.0165
epoch 730
train_loss: 0.0016
test_loss: 0.0165
epoch 731
train_loss: 0.0016
test_loss: 0.0165
epoch 732
train_loss: 0.0016
test_loss: 0.0165
epoch 733
train_loss: 0.0016
test_loss: 0.0165
epoch 734
train_loss: 0.0016
test_loss: 0.0165
epoch 735
train_loss: 0.0016
test_loss: 0.0165
epoch 736
train_loss: 0.0016
test_loss: 0.0165
epoch 737
train_loss: 0.0016
test_loss: 0.0165
epoch 738
train_loss: 0.0016
test_loss: 0.0165
epoch 739
train_loss: 0.0016
test_loss: 0.0165
epoch 740
train_loss: 0.0016
test_loss: 0.0165
epoch 741
train_loss: 0.0016
test_loss: 0.0165
epoch 742
train_loss: 0.0016
test_loss: 0.0165
epoch 743
train_loss: 0.0015
test_loss: 0.0165
epoch 744
train_loss: 0.0015
test_loss: 0.0165
epoch 745
train_loss: 0.0015
test_loss: 0.0165
epoch 746
train_loss: 0.0015
test_loss: 0.0165
epoch 747
train_loss: 0.0015
test_loss: 0.0165
epoch 748
train_loss: 0.0015
test_loss: 0.0164
epoch 749
train_loss: 0.0015
test_loss: 0.0165
epoch 750
train_loss: 0.0015
test_loss: 0.0164
epoch 751
train_loss: 0.0015
test_loss: 0.0165
epoch 752
train_loss: 0.0015
test_loss: 0.0164
epoch 753
train_loss: 0.0015
test_loss: 0.0165
epoch 754
train_loss: 0.0015
test_loss: 0.0165
epoch 755
train_loss: 0.0015
test_loss: 0.0164
epoch 756
train_loss: 0.0015
test_loss: 0.0164
epoch 757
train_loss: 0.0015
test_loss: 0.0164
epoch 758
train_loss: 0.0015
test_loss: 0.0165
epoch 759
train_loss: 0.0015
test_loss: 0.0164
epoch 760
train_loss: 0.0015
test_loss: 0.0164
epoch 761
train_loss: 0.0015
test_loss: 0.0164
epoch 762
train_loss: 0.0015
test_loss: 0.0164
epoch 763
train_loss: 0.0015
test_loss: 0.0164
epoch 764
train_loss: 0.0015
test_loss: 0.0164
epoch 765
train_loss: 0.0015
test_loss: 0.0164
epoch 766
train_loss: 0.0015
test_loss: 0.0164
epoch 767
train_loss: 0.0015
test_loss: 0.0164
epoch 768
train_loss: 0.0015
test_loss: 0.0164
epoch 769
train_loss: 0.0015
test_loss: 0.0163
epoch 770
train_loss: 0.0015
test_loss: 0.0164
epoch 771
train_loss: 0.0015
test_loss: 0.0164
epoch 772
train_loss: 0.0015
test_loss: 0.0163
epoch 773
train_loss: 0.0015
test_loss: 0.0163
epoch 774
train_loss: 0.0015
test_loss: 0.0164
epoch 775
train_loss: 0.0015
test_loss: 0.0163
epoch 776
train_loss: 0.0015
test_loss: 0.0163
epoch 777
train_loss: 0.0015
test_loss: 0.0164
epoch 778
train_loss: 0.0015
test_loss: 0.0163
epoch 779
train_loss: 0.0015
test_loss: 0.0164
epoch 780
train_loss: 0.0015
test_loss: 0.0163
epoch 781
train_loss: 0.0015
test_loss: 0.0163
epoch 782
train_loss: 0.0015
test_loss: 0.0163
epoch 783
train_loss: 0.0015
test_loss: 0.0163
epoch 784
train_loss: 0.0015
test_loss: 0.0163
epoch 785
train_loss: 0.0015
test_loss: 0.0163
epoch 786
train_loss: 0.0015
test_loss: 0.0164
epoch 787
train_loss: 0.0015
test_loss: 0.0162
epoch 788
train_loss: 0.0015
test_loss: 0.0163
epoch 789
train_loss: 0.0015
test_loss: 0.0163
epoch 790
train_loss: 0.0015
test_loss: 0.0163
epoch 791
train_loss: 0.0015
test_loss: 0.0163
epoch 792
train_loss: 0.0015
test_loss: 0.0163
epoch 793
train_loss: 0.0015
test_loss: 0.0163
epoch 794
train_loss: 0.0015
test_loss: 0.0163
epoch 795
train_loss: 0.0015
test_loss: 0.0163
epoch 796
train_loss: 0.0015
test_loss: 0.0163
epoch 797
train_loss: 0.0015
test_loss: 0.0163
epoch 798
train_loss: 0.0015
test_loss: 0.0163
epoch 799
train_loss: 0.0015
test_loss: 0.0162
epoch 800
train_loss: 0.0015
test_loss: 0.0163
epoch 801
train_loss: 0.0015
test_loss: 0.0163
epoch 802
train_loss: 0.0015
test_loss: 0.0163
epoch 803
train_loss: 0.0015
test_loss: 0.0163
epoch 804
train_loss: 0.0015
test_loss: 0.0163
epoch 805
train_loss: 0.0015
test_loss: 0.0163
epoch 806
train_loss: 0.0015
test_loss: 0.0163
epoch 807
train_loss: 0.0015
test_loss: 0.0163
epoch 808
train_loss: 0.0015
test_loss: 0.0163
epoch 809
train_loss: 0.0015
test_loss: 0.0162
epoch 810
train_loss: 0.0015
test_loss: 0.0162
epoch 811
train_loss: 0.0015
test_loss: 0.0163
epoch 812
train_loss: 0.0015
test_loss: 0.0162
epoch 813
train_loss: 0.0015
test_loss: 0.0162
epoch 814
train_loss: 0.0015
test_loss: 0.0162
epoch 815
train_loss: 0.0015
test_loss: 0.0162
epoch 816
train_loss: 0.0015
test_loss: 0.0163
epoch 817
train_loss: 0.0015
test_loss: 0.0162
epoch 818
train_loss: 0.0015
test_loss: 0.0162
epoch 819
train_loss: 0.0015
test_loss: 0.0162
epoch 820
train_loss: 0.0015
test_loss: 0.0162
epoch 821
train_loss: 0.0015
test_loss: 0.0162
epoch 822
train_loss: 0.0015
test_loss: 0.0162
epoch 823
train_loss: 0.0015
test_loss: 0.0162
epoch 824
train_loss: 0.0015
test_loss: 0.0162
epoch 825
train_loss: 0.0015
test_loss: 0.0162
epoch 826
train_loss: 0.0015
test_loss: 0.0163
epoch 827
train_loss: 0.0015
test_loss: 0.0162
epoch 828
train_loss: 0.0015
test_loss: 0.0162
epoch 829
train_loss: 0.0015
test_loss: 0.0162
epoch 830
train_loss: 0.0015
test_loss: 0.0162
epoch 831
train_loss: 0.0015
test_loss: 0.0162
epoch 832
train_loss: 0.0015
test_loss: 0.0161
epoch 833
train_loss: 0.0015
test_loss: 0.0162
epoch 834
train_loss: 0.0015
test_loss: 0.0162
epoch 835
train_loss: 0.0015
test_loss: 0.0162
epoch 836
train_loss: 0.0015
test_loss: 0.0162
epoch 837
train_loss: 0.0015
test_loss: 0.0161
epoch 838
train_loss: 0.0015
test_loss: 0.0162
epoch 839
train_loss: 0.0015
test_loss: 0.0162
epoch 840
train_loss: 0.0015
test_loss: 0.0161
epoch 841
train_loss: 0.0015
test_loss: 0.0162
epoch 842
train_loss: 0.0015
test_loss: 0.0161
epoch 843
train_loss: 0.0015
test_loss: 0.0161
epoch 844
train_loss: 0.0015
test_loss: 0.0162
epoch 845
train_loss: 0.0015
test_loss: 0.0161
epoch 846
train_loss: 0.0015
test_loss: 0.0162
epoch 847
train_loss: 0.0015
test_loss: 0.0161
epoch 848
train_loss: 0.0015
test_loss: 0.0162
epoch 849
train_loss: 0.0015
test_loss: 0.0162
epoch 850
train_loss: 0.0015
test_loss: 0.0161
epoch 851
train_loss: 0.0015
test_loss: 0.0162
epoch 852
train_loss: 0.0015
test_loss: 0.0162
epoch 853
train_loss: 0.0015
test_loss: 0.0161
epoch 854
train_loss: 0.0014
test_loss: 0.0161
epoch 855
train_loss: 0.0014
test_loss: 0.0162
epoch 856
train_loss: 0.0015
test_loss: 0.0161
epoch 857
train_loss: 0.0014
test_loss: 0.0161
epoch 858
train_loss: 0.0014
test_loss: 0.0161
epoch 859
train_loss: 0.0014
test_loss: 0.0161
epoch 860
train_loss: 0.0014
test_loss: 0.0161
epoch 861
train_loss: 0.0014
test_loss: 0.0161
epoch 862
train_loss: 0.0014
test_loss: 0.0162
epoch 863
train_loss: 0.0014
test_loss: 0.0161
epoch 864
train_loss: 0.0014
test_loss: 0.0161
epoch 865
train_loss: 0.0014
test_loss: 0.0161
epoch 866
train_loss: 0.0014
test_loss: 0.0161
epoch 867
train_loss: 0.0014
test_loss: 0.0160
epoch 868
train_loss: 0.0014
test_loss: 0.0161
epoch 869
train_loss: 0.0014
test_loss: 0.0161
epoch 870
train_loss: 0.0014
test_loss: 0.0161
epoch 871
train_loss: 0.0014
test_loss: 0.0161
epoch 872
train_loss: 0.0014
test_loss: 0.0161
epoch 873
train_loss: 0.0014
test_loss: 0.0160
epoch 874
train_loss: 0.0014
test_loss: 0.0161
epoch 875
train_loss: 0.0014
test_loss: 0.0160
epoch 876
train_loss: 0.0014
test_loss: 0.0160
epoch 877
train_loss: 0.0014
test_loss: 0.0160
epoch 878
train_loss: 0.0014
test_loss: 0.0160
epoch 879
train_loss: 0.0014
test_loss: 0.0160
epoch 880
train_loss: 0.0014
test_loss: 0.0160
epoch 881
train_loss: 0.0014
test_loss: 0.0160
epoch 882
train_loss: 0.0014
test_loss: 0.0160
epoch 883
train_loss: 0.0014
test_loss: 0.0160
epoch 884
train_loss: 0.0014
test_loss: 0.0160
epoch 885
train_loss: 0.0014
test_loss: 0.0160
epoch 886
train_loss: 0.0014
test_loss: 0.0160
epoch 887
train_loss: 0.0014
test_loss: 0.0160
epoch 888
train_loss: 0.0014
test_loss: 0.0159
epoch 889
train_loss: 0.0014
test_loss: 0.0160
epoch 890
train_loss: 0.0014
test_loss: 0.0160
epoch 891
train_loss: 0.0014
test_loss: 0.0160
epoch 892
train_loss: 0.0014
test_loss: 0.0159
epoch 893
train_loss: 0.0014
test_loss: 0.0159
epoch 894
train_loss: 0.0014
test_loss: 0.0159
epoch 895
train_loss: 0.0014
test_loss: 0.0160
epoch 896
train_loss: 0.0014
test_loss: 0.0159
epoch 897
train_loss: 0.0014
test_loss: 0.0160
epoch 898
train_loss: 0.0014
test_loss: 0.0160
epoch 899
train_loss: 0.0014
test_loss: 0.0159
epoch 900
train_loss: 0.0014
test_loss: 0.0159
epoch 901
train_loss: 0.0014
test_loss: 0.0159
epoch 902
train_loss: 0.0014
test_loss: 0.0159
epoch 903
train_loss: 0.0014
test_loss: 0.0159
epoch 904
train_loss: 0.0014
test_loss: 0.0159
epoch 905
train_loss: 0.0014
test_loss: 0.0159
epoch 906
train_loss: 0.0014
test_loss: 0.0159
epoch 907
train_loss: 0.0014
test_loss: 0.0159
epoch 908
train_loss: 0.0014
test_loss: 0.0159
epoch 909
train_loss: 0.0014
test_loss: 0.0159
epoch 910
train_loss: 0.0014
test_loss: 0.0159
epoch 911
train_loss: 0.0014
test_loss: 0.0158
epoch 912
train_loss: 0.0014
test_loss: 0.0159
epoch 913
train_loss: 0.0014
test_loss: 0.0159
epoch 914
train_loss: 0.0014
test_loss: 0.0159
epoch 915
train_loss: 0.0014
test_loss: 0.0159
epoch 916
train_loss: 0.0014
test_loss: 0.0158
epoch 917
train_loss: 0.0014
test_loss: 0.0159
epoch 918
train_loss: 0.0014
test_loss: 0.0158
epoch 919
train_loss: 0.0014
test_loss: 0.0158
epoch 920
train_loss: 0.0014
test_loss: 0.0158
epoch 921
train_loss: 0.0014
test_loss: 0.0158
epoch 922
train_loss: 0.0014
test_loss: 0.0158
epoch 923
train_loss: 0.0014
test_loss: 0.0158
epoch 924
train_loss: 0.0014
test_loss: 0.0158
epoch 925
train_loss: 0.0014
test_loss: 0.0158
epoch 926
train_loss: 0.0014
test_loss: 0.0158
epoch 927
train_loss: 0.0014
test_loss: 0.0158
epoch 928
train_loss: 0.0014
test_loss: 0.0158
epoch 929
train_loss: 0.0014
test_loss: 0.0158
epoch 930
train_loss: 0.0014
test_loss: 0.0158
epoch 931
train_loss: 0.0014
test_loss: 0.0158
epoch 932
train_loss: 0.0014
test_loss: 0.0158
epoch 933
train_loss: 0.0014
test_loss: 0.0158
epoch 934
train_loss: 0.0014
test_loss: 0.0157
epoch 935
train_loss: 0.0014
test_loss: 0.0157
epoch 936
train_loss: 0.0014
test_loss: 0.0157
epoch 937
train_loss: 0.0014
test_loss: 0.0157
epoch 938
train_loss: 0.0014
test_loss: 0.0157
epoch 939
train_loss: 0.0014
test_loss: 0.0157
epoch 940
train_loss: 0.0014
test_loss: 0.0157
epoch 941
train_loss: 0.0014
test_loss: 0.0158
epoch 942
train_loss: 0.0014
test_loss: 0.0157
epoch 943
train_loss: 0.0014
test_loss: 0.0157
epoch 944
train_loss: 0.0014
test_loss: 0.0157
epoch 945
train_loss: 0.0014
test_loss: 0.0157
epoch 946
train_loss: 0.0014
test_loss: 0.0157
epoch 947
train_loss: 0.0014
test_loss: 0.0157
epoch 948
train_loss: 0.0014
test_loss: 0.0156
epoch 949
train_loss: 0.0014
test_loss: 0.0157
epoch 950
train_loss: 0.0014
test_loss: 0.0157
epoch 951
train_loss: 0.0014
test_loss: 0.0156
epoch 952
train_loss: 0.0014
test_loss: 0.0156
epoch 953
train_loss: 0.0014
test_loss: 0.0157
epoch 954
train_loss: 0.0014
test_loss: 0.0156
epoch 955
train_loss: 0.0014
test_loss: 0.0156
epoch 956
train_loss: 0.0014
test_loss: 0.0156
epoch 957
train_loss: 0.0014
test_loss: 0.0157
epoch 958
train_loss: 0.0014
test_loss: 0.0156
epoch 959
train_loss: 0.0014
test_loss: 0.0157
epoch 960
train_loss: 0.0014
test_loss: 0.0156
epoch 961
train_loss: 0.0014
test_loss: 0.0156
epoch 962
train_loss: 0.0014
test_loss: 0.0156
epoch 963
train_loss: 0.0014
test_loss: 0.0156
epoch 964
train_loss: 0.0014
test_loss: 0.0156
epoch 965
train_loss: 0.0014
test_loss: 0.0156
epoch 966
train_loss: 0.0014
test_loss: 0.0156
epoch 967
train_loss: 0.0014
test_loss: 0.0156
epoch 968
train_loss: 0.0014
test_loss: 0.0156
epoch 969
train_loss: 0.0014
test_loss: 0.0156
epoch 970
train_loss: 0.0014
test_loss: 0.0156
epoch 971
train_loss: 0.0014
test_loss: 0.0156
epoch 972
train_loss: 0.0014
test_loss: 0.0155
epoch 973
train_loss: 0.0014
test_loss: 0.0156
epoch 974
train_loss: 0.0014
test_loss: 0.0156
epoch 975
train_loss: 0.0014
test_loss: 0.0155
epoch 976
train_loss: 0.0014
test_loss: 0.0155
epoch 977
train_loss: 0.0014
test_loss: 0.0155
epoch 978
train_loss: 0.0014
test_loss: 0.0155
epoch 979
train_loss: 0.0014
test_loss: 0.0156
epoch 980
train_loss: 0.0014
test_loss: 0.0155
epoch 981
train_loss: 0.0014
test_loss: 0.0155
epoch 982
train_loss: 0.0014
test_loss: 0.0155
epoch 983
train_loss: 0.0014
test_loss: 0.0155
epoch 984
train_loss: 0.0014
test_loss: 0.0155
epoch 985
train_loss: 0.0014
test_loss: 0.0155
epoch 986
train_loss: 0.0014
test_loss: 0.0155
epoch 987
train_loss: 0.0014
test_loss: 0.0155
epoch 988
train_loss: 0.0014
test_loss: 0.0155
epoch 989
train_loss: 0.0014
test_loss: 0.0155
epoch 990
train_loss: 0.0014
test_loss: 0.0155
epoch 991
train_loss: 0.0014
test_loss: 0.0154
epoch 992
train_loss: 0.0014
test_loss: 0.0155
epoch 993
train_loss: 0.0014
test_loss: 0.0155
epoch 994
train_loss: 0.0014
test_loss: 0.0155
epoch 995
train_loss: 0.0014
test_loss: 0.0155
epoch 996
train_loss: 0.0014
test_loss: 0.0154
epoch 997
train_loss: 0.0014
test_loss: 0.0155
epoch 998
train_loss: 0.0014
test_loss: 0.0154
epoch 999
train_loss: 0.0014
test_loss: 0.0155
epoch 1000
train_loss: 0.0014
test_loss: 0.0154
epoch 1001
train_loss: 0.0014
test_loss: 0.0154
epoch 1002
train_loss: 0.0014
test_loss: 0.0154
epoch 1003
train_loss: 0.0014
test_loss: 0.0154
epoch 1004
train_loss: 0.0014
test_loss: 0.0154
epoch 1005
train_loss: 0.0014
test_loss: 0.0155
epoch 1006
train_loss: 0.0014
test_loss: 0.0154
epoch 1007
train_loss: 0.0014
test_loss: 0.0154
epoch 1008
train_loss: 0.0014
test_loss: 0.0154
epoch 1009
train_loss: 0.0014
test_loss: 0.0154
epoch 1010
train_loss: 0.0014
test_loss: 0.0154
epoch 1011
train_loss: 0.0014
test_loss: 0.0154
epoch 1012
train_loss: 0.0014
test_loss: 0.0154
epoch 1013
train_loss: 0.0014
test_loss: 0.0154
epoch 1014
train_loss: 0.0014
test_loss: 0.0154
epoch 1015
train_loss: 0.0014
test_loss: 0.0153
epoch 1016
train_loss: 0.0014
test_loss: 0.0154
epoch 1017
train_loss: 0.0014
test_loss: 0.0154
epoch 1018
train_loss: 0.0014
test_loss: 0.0153
epoch 1019
train_loss: 0.0014
test_loss: 0.0153
epoch 1020
train_loss: 0.0014
test_loss: 0.0154
epoch 1021
train_loss: 0.0014
test_loss: 0.0153
epoch 1022
train_loss: 0.0014
test_loss: 0.0153
epoch 1023
train_loss: 0.0014
test_loss: 0.0153
epoch 1024
train_loss: 0.0014
test_loss: 0.0153
epoch 1025
train_loss: 0.0014
test_loss: 0.0154
epoch 1026
train_loss: 0.0014
test_loss: 0.0153
epoch 1027
train_loss: 0.0014
test_loss: 0.0153
epoch 1028
train_loss: 0.0014
test_loss: 0.0153
epoch 1029
train_loss: 0.0014
test_loss: 0.0153
epoch 1030
train_loss: 0.0014
test_loss: 0.0153
epoch 1031
train_loss: 0.0014
test_loss: 0.0153
epoch 1032
train_loss: 0.0014
test_loss: 0.0153
epoch 1033
train_loss: 0.0014
test_loss: 0.0153
epoch 1034
train_loss: 0.0014
test_loss: 0.0153
epoch 1035
train_loss: 0.0014
test_loss: 0.0153
epoch 1036
train_loss: 0.0014
test_loss: 0.0152
epoch 1037
train_loss: 0.0014
test_loss: 0.0153
epoch 1038
train_loss: 0.0014
test_loss: 0.0153
epoch 1039
train_loss: 0.0014
test_loss: 0.0153
epoch 1040
train_loss: 0.0014
test_loss: 0.0153
epoch 1041
train_loss: 0.0014
test_loss: 0.0152
epoch 1042
train_loss: 0.0014
test_loss: 0.0153
epoch 1043
train_loss: 0.0014
test_loss: 0.0153
epoch 1044
train_loss: 0.0014
test_loss: 0.0153
epoch 1045
train_loss: 0.0014
test_loss: 0.0153
epoch 1046
train_loss: 0.0013
test_loss: 0.0153
epoch 1047
train_loss: 0.0013
test_loss: 0.0152
epoch 1048
train_loss: 0.0013
test_loss: 0.0152
epoch 1049
train_loss: 0.0013
test_loss: 0.0153
epoch 1050
train_loss: 0.0013
test_loss: 0.0152
epoch 1051
train_loss: 0.0013
test_loss: 0.0153
epoch 1052
train_loss: 0.0013
test_loss: 0.0152
epoch 1053
train_loss: 0.0013
test_loss: 0.0152
epoch 1054
train_loss: 0.0013
test_loss: 0.0152
epoch 1055
train_loss: 0.0013
test_loss: 0.0152
epoch 1056
train_loss: 0.0013
test_loss: 0.0152
epoch 1057
train_loss: 0.0013
test_loss: 0.0152
epoch 1058
train_loss: 0.0013
test_loss: 0.0152
epoch 1059
train_loss: 0.0013
test_loss: 0.0152
epoch 1060
train_loss: 0.0013
test_loss: 0.0151
epoch 1061
train_loss: 0.0013
test_loss: 0.0152
epoch 1062
train_loss: 0.0013
test_loss: 0.0152
epoch 1063
train_loss: 0.0013
test_loss: 0.0152
epoch 1064
train_loss: 0.0013
test_loss: 0.0152
epoch 1065
train_loss: 0.0013
test_loss: 0.0152
epoch 1066
train_loss: 0.0013
test_loss: 0.0151
epoch 1067
train_loss: 0.0013
test_loss: 0.0151
epoch 1068
train_loss: 0.0013
test_loss: 0.0151
epoch 1069
train_loss: 0.0013
test_loss: 0.0152
epoch 1070
train_loss: 0.0013
test_loss: 0.0151
epoch 1071
train_loss: 0.0013
test_loss: 0.0152
epoch 1072
train_loss: 0.0013
test_loss: 0.0151
epoch 1073
train_loss: 0.0013
test_loss: 0.0151
epoch 1074
train_loss: 0.0013
test_loss: 0.0151
epoch 1075
train_loss: 0.0013
test_loss: 0.0151
epoch 1076
train_loss: 0.0013
test_loss: 0.0151
epoch 1077
train_loss: 0.0013
test_loss: 0.0151
epoch 1078
train_loss: 0.0013
test_loss: 0.0151
epoch 1079
train_loss: 0.0013
test_loss: 0.0151
epoch 1080
train_loss: 0.0013
test_loss: 0.0151
epoch 1081
train_loss: 0.0013
test_loss: 0.0151
epoch 1082
train_loss: 0.0013
test_loss: 0.0150
epoch 1083
train_loss: 0.0013
test_loss: 0.0151
epoch 1084
train_loss: 0.0013
test_loss: 0.0151
epoch 1085
train_loss: 0.0013
test_loss: 0.0151
epoch 1086
train_loss: 0.0013
test_loss: 0.0151
epoch 1087
train_loss: 0.0013
test_loss: 0.0151
epoch 1088
train_loss: 0.0013
test_loss: 0.0151
epoch 1089
train_loss: 0.0013
test_loss: 0.0151
epoch 1090
train_loss: 0.0013
test_loss: 0.0151
epoch 1091
train_loss: 0.0013
test_loss: 0.0150
epoch 1092
train_loss: 0.0013
test_loss: 0.0150
epoch 1093
train_loss: 0.0013
test_loss: 0.0151
epoch 1094
train_loss: 0.0013
test_loss: 0.0150
epoch 1095
train_loss: 0.0013
test_loss: 0.0150
epoch 1096
train_loss: 0.0013
test_loss: 0.0150
epoch 1097
train_loss: 0.0013
test_loss: 0.0150
epoch 1098
train_loss: 0.0013
test_loss: 0.0150
epoch 1099
train_loss: 0.0013
test_loss: 0.0150
/home/xueqiong/noise_injection_uncertainty/regression/utils.py:39: FutureWarning: The 'delim_whitespace' keyword in pd.read_csv is deprecated and will be removed in a future version. Use ``sep='\s+'`` instead
  return pd.read_csv(dataset_path, engine='python', header=None, delim_whitespace=True)
8 1
614 154 768
model_name dropoutFCN
using Adam as optimizer
epoch 0
train_loss: 0.4849
Module: DropoutFullyConnectedNN
  Module: ModuleList
    Module: Linear
    Module: Linear
    Module: Linear
  Module: ModuleList
    Module: Dropout
dropout设置为训练模式
    Module: Dropout
dropout设置为训练模式
    Module: Dropout
dropout设置为训练模式
  Module: ReLU
test_loss: 0.2292
epoch 1
train_loss: 0.1474
Module: DropoutFullyConnectedNN
  Module: ModuleList
    Module: Linear
    Module: Linear
    Module: Linear
  Module: ModuleList
    Module: Dropout
dropout设置为训练模式
    Module: Dropout
dropout设置为训练模式
    Module: Dropout
dropout设置为训练模式
  Module: ReLU
test_loss: 0.1159
epoch 2
train_loss: 0.0987
Module: DropoutFullyConnectedNN
  Module: ModuleList
    Module: Linear
    Module: Linear
    Module: Linear
  Module: ModuleList
    Module: Dropout
dropout设置为训练模式
    Module: Dropout
dropout设置为训练模式
    Module: Dropout
dropout设置为训练模式
  Module: ReLU
test_loss: 0.0946
epoch 3
train_loss: 0.0856
Module: DropoutFullyConnectedNN
  Module: ModuleList
    Module: Linear
    Module: Linear
    Module: Linear
  Module: ModuleList
    Module: Dropout
dropout设置为训练模式
    Module: Dropout
dropout设置为训练模式
    Module: Dropout
dropout设置为训练模式
  Module: ReLU
test_loss: 0.0886
epoch 4
train_loss: 0.0778
Module: DropoutFullyConnectedNN
  Module: ModuleList
    Module: Linear
    Module: Linear
    Module: Linear
  Module: ModuleList
    Module: Dropout
dropout设置为训练模式
    Module: Dropout
dropout设置为训练模式
    Module: Dropout
dropout设置为训练模式
  Module: ReLU
test_loss: 0.0829
epoch 5
train_loss: 0.0713
Module: DropoutFullyConnectedNN
  Module: ModuleList
    Module: Linear
    Module: Linear
    Module: Linear
  Module: ModuleList
    Module: Dropout
dropout设置为训练模式
    Module: Dropout
dropout设置为训练模式
    Module: Dropout
dropout设置为训练模式
  Module: ReLU
test_loss: 0.0788
epoch 6
train_loss: 0.0706
Module: DropoutFullyConnectedNN
  Module: ModuleList
    Module: Linear
    Module: Linear
    Module: Linear
  Module: ModuleList
    Module: Dropout
dropout设置为训练模式
    Module: Dropout
dropout设置为训练模式
    Module: Dropout
dropout设置为训练模式
  Module: ReLU
test_loss: 0.0764
epoch 7
train_loss: 0.0653
Module: DropoutFullyConnectedNN
  Module: ModuleList
    Module: Linear
    Module: Linear
    Module: Linear
  Module: ModuleList
    Module: Dropout
dropout设置为训练模式
    Module: Dropout
dropout设置为训练模式
    Module: Dropout
dropout设置为训练模式
  Module: ReLU
test_loss: 0.0738
epoch 8
train_loss: 0.0645
Module: DropoutFullyConnectedNN
  Module: ModuleList
    Module: Linear
    Module: Linear
    Module: Linear
  Module: ModuleList
    Module: Dropout
dropout设置为训练模式
    Module: Dropout
dropout设置为训练模式
    Module: Dropout
dropout设置为训练模式
  Module: ReLU
test_loss: 0.0718
epoch 9
train_loss: 0.0628
Module: DropoutFullyConnectedNN
  Module: ModuleList
    Module: Linear
    Module: Linear
    Module: Linear
  Module: ModuleList
    Module: Dropout
dropout设置为训练模式
    Module: Dropout
dropout设置为训练模式
    Module: Dropout
dropout设置为训练模式
  Module: ReLU
test_loss: 0.0702
epoch 10
train_loss: 0.0607
Module: DropoutFullyConnectedNN
  Module: ModuleList
    Module: Linear
    Module: Linear
    Module: Linear
  Module: ModuleList
    Module: Dropout
dropout设置为训练模式
    Module: Dropout
dropout设置为训练模式
    Module: Dropout
dropout设置为训练模式
  Module: ReLU
test_loss: 0.0674
epoch 11
train_loss: 0.0557
Module: DropoutFullyConnectedNN
  Module: ModuleList
    Module: Linear
    Module: Linear
    Module: Linear
  Module: ModuleList
    Module: Dropout
dropout设置为训练模式
    Module: Dropout
dropout设置为训练模式
    Module: Dropout
dropout设置为训练模式
  Module: ReLU
test_loss: 0.0656
epoch 12
train_loss: 0.0548
Module: DropoutFullyConnectedNN
  Module: ModuleList
    Module: Linear
    Module: Linear
    Module: Linear
  Module: ModuleList
    Module: Dropout
dropout设置为训练模式
    Module: Dropout
dropout设置为训练模式
    Module: Dropout
dropout设置为训练模式
  Module: ReLU
test_loss: 0.0639
epoch 13
train_loss: 0.0517
Module: DropoutFullyConnectedNN
  Module: ModuleList
    Module: Linear
    Module: Linear
    Module: Linear
  Module: ModuleList
    Module: Dropout
dropout设置为训练模式
    Module: Dropout
dropout设置为训练模式
    Module: Dropout
dropout设置为训练模式
  Module: ReLU
test_loss: 0.0603
epoch 14
train_loss: 0.0498
Module: DropoutFullyConnectedNN
  Module: ModuleList
    Module: Linear
    Module: Linear
    Module: Linear
  Module: ModuleList
    Module: Dropout
dropout设置为训练模式
    Module: Dropout
dropout设置为训练模式
    Module: Dropout
dropout设置为训练模式
  Module: ReLU
test_loss: 0.0585
epoch 15
train_loss: 0.0469
Module: DropoutFullyConnectedNN
  Module: ModuleList
    Module: Linear
    Module: Linear
    Module: Linear
  Module: ModuleList
    Module: Dropout
dropout设置为训练模式
    Module: Dropout
dropout设置为训练模式
    Module: Dropout
dropout设置为训练模式
  Module: ReLU
test_loss: 0.0563
epoch 16
train_loss: 0.0446
Module: DropoutFullyConnectedNN
  Module: ModuleList
    Module: Linear
    Module: Linear
    Module: Linear
  Module: ModuleList
    Module: Dropout
dropout设置为训练模式
    Module: Dropout
dropout设置为训练模式
    Module: Dropout
dropout设置为训练模式
  Module: ReLU
test_loss: 0.0548
epoch 17
train_loss: 0.0418
Module: DropoutFullyConnectedNN
  Module: ModuleList
    Module: Linear
    Module: Linear
    Module: Linear
  Module: ModuleList
    Module: Dropout
dropout设置为训练模式
    Module: Dropout
dropout设置为训练模式
    Module: Dropout
dropout设置为训练模式
  Module: ReLU
test_loss: 0.0545
epoch 18
train_loss: 0.0405
Module: DropoutFullyConnectedNN
  Module: ModuleList
    Module: Linear
    Module: Linear
    Module: Linear
  Module: ModuleList
    Module: Dropout
dropout设置为训练模式
    Module: Dropout
dropout设置为训练模式
    Module: Dropout
dropout设置为训练模式
  Module: ReLU
test_loss: 0.0485
epoch 19
train_loss: 0.0363
Module: DropoutFullyConnectedNN
  Module: ModuleList
    Module: Linear
    Module: Linear
    Module: Linear
  Module: ModuleList
    Module: Dropout
dropout设置为训练模式
    Module: Dropout
dropout设置为训练模式
    Module: Dropout
dropout设置为训练模式
  Module: ReLU
test_loss: 0.0472
epoch 20
train_loss: 0.0342
Module: DropoutFullyConnectedNN
  Module: ModuleList
    Module: Linear
    Module: Linear
    Module: Linear
  Module: ModuleList
    Module: Dropout
dropout设置为训练模式
    Module: Dropout
dropout设置为训练模式
    Module: Dropout
dropout设置为训练模式
  Module: ReLU
test_loss: 0.0433
epoch 21
train_loss: 0.0307
Module: DropoutFullyConnectedNN
  Module: ModuleList
    Module: Linear
    Module: Linear
    Module: Linear
  Module: ModuleList
    Module: Dropout
dropout设置为训练模式
    Module: Dropout
dropout设置为训练模式
    Module: Dropout
dropout设置为训练模式
  Module: ReLU
test_loss: 0.0403
epoch 22
train_loss: 0.0272
Module: DropoutFullyConnectedNN
  Module: ModuleList
    Module: Linear
    Module: Linear
    Module: Linear
  Module: ModuleList
    Module: Dropout
dropout设置为训练模式
    Module: Dropout
dropout设置为训练模式
    Module: Dropout
dropout设置为训练模式
  Module: ReLU
test_loss: 0.0376
epoch 23
train_loss: 0.0246
Module: DropoutFullyConnectedNN
  Module: ModuleList
    Module: Linear
    Module: Linear
    Module: Linear
  Module: ModuleList
    Module: Dropout
dropout设置为训练模式
    Module: Dropout
dropout设置为训练模式
    Module: Dropout
dropout设置为训练模式
  Module: ReLU
test_loss: 0.0382
epoch 24
train_loss: 0.0269
Module: DropoutFullyConnectedNN
  Module: ModuleList
    Module: Linear
    Module: Linear
    Module: Linear
  Module: ModuleList
    Module: Dropout
dropout设置为训练模式
    Module: Dropout
dropout设置为训练模式
    Module: Dropout
dropout设置为训练模式
  Module: ReLU
test_loss: 0.0347
epoch 25
train_loss: 0.0241
Module: DropoutFullyConnectedNN
  Module: ModuleList
    Module: Linear
    Module: Linear
    Module: Linear
  Module: ModuleList
    Module: Dropout
dropout设置为训练模式
    Module: Dropout
dropout设置为训练模式
    Module: Dropout
dropout设置为训练模式
  Module: ReLU
test_loss: 0.0335
epoch 26
train_loss: 0.0226
Module: DropoutFullyConnectedNN
  Module: ModuleList
    Module: Linear
    Module: Linear
    Module: Linear
  Module: ModuleList
    Module: Dropout
dropout设置为训练模式
    Module: Dropout
dropout设置为训练模式
    Module: Dropout
dropout设置为训练模式
  Module: ReLU
test_loss: 0.0355
epoch 27
train_loss: 0.0220
Module: DropoutFullyConnectedNN
  Module: ModuleList
    Module: Linear
    Module: Linear
    Module: Linear
  Module: ModuleList
    Module: Dropout
dropout设置为训练模式
    Module: Dropout
dropout设置为训练模式
    Module: Dropout
dropout设置为训练模式
  Module: ReLU
test_loss: 0.0282
epoch 28
train_loss: 0.0201
Module: DropoutFullyConnectedNN
  Module: ModuleList
    Module: Linear
    Module: Linear
    Module: Linear
  Module: ModuleList
    Module: Dropout
dropout设置为训练模式
    Module: Dropout
dropout设置为训练模式
    Module: Dropout
dropout设置为训练模式
  Module: ReLU
test_loss: 0.0305
epoch 29
train_loss: 0.0212
Module: DropoutFullyConnectedNN
  Module: ModuleList
    Module: Linear
    Module: Linear
    Module: Linear
  Module: ModuleList
    Module: Dropout
dropout设置为训练模式
    Module: Dropout
dropout设置为训练模式
    Module: Dropout
dropout设置为训练模式
  Module: ReLU
test_loss: 0.0336
epoch 30
train_loss: 0.0256
Module: DropoutFullyConnectedNN
  Module: ModuleList
    Module: Linear
    Module: Linear
    Module: Linear
  Module: ModuleList
    Module: Dropout
dropout设置为训练模式
    Module: Dropout
dropout设置为训练模式
    Module: Dropout
dropout设置为训练模式
  Module: ReLU
test_loss: 0.0309
epoch 31
train_loss: 0.0231
Module: DropoutFullyConnectedNN
  Module: ModuleList
    Module: Linear
    Module: Linear
    Module: Linear
  Module: ModuleList
    Module: Dropout
dropout设置为训练模式
    Module: Dropout
dropout设置为训练模式
    Module: Dropout
dropout设置为训练模式
  Module: ReLU
test_loss: 0.0345
epoch 32
train_loss: 0.0216
Module: DropoutFullyConnectedNN
  Module: ModuleList
    Module: Linear
    Module: Linear
    Module: Linear
  Module: ModuleList
    Module: Dropout
dropout设置为训练模式
    Module: Dropout
dropout设置为训练模式
    Module: Dropout
dropout设置为训练模式
  Module: ReLU
test_loss: 0.0305
epoch 33
train_loss: 0.0203
Module: DropoutFullyConnectedNN
  Module: ModuleList
    Module: Linear
    Module: Linear
    Module: Linear
  Module: ModuleList
    Module: Dropout
dropout设置为训练模式
    Module: Dropout
dropout设置为训练模式
    Module: Dropout
dropout设置为训练模式
  Module: ReLU
test_loss: 0.0236
epoch 34
train_loss: 0.0178
Module: DropoutFullyConnectedNN
  Module: ModuleList
    Module: Linear
    Module: Linear
    Module: Linear
  Module: ModuleList
    Module: Dropout
dropout设置为训练模式
    Module: Dropout
dropout设置为训练模式
    Module: Dropout
dropout设置为训练模式
  Module: ReLU
test_loss: 0.0277
epoch 35
train_loss: 0.0161
Module: DropoutFullyConnectedNN
  Module: ModuleList
    Module: Linear
    Module: Linear
    Module: Linear
  Module: ModuleList
    Module: Dropout
dropout设置为训练模式
    Module: Dropout
dropout设置为训练模式
    Module: Dropout
dropout设置为训练模式
  Module: ReLU
test_loss: 0.0279
epoch 36
train_loss: 0.0216
Module: DropoutFullyConnectedNN
  Module: ModuleList
    Module: Linear
    Module: Linear
    Module: Linear
  Module: ModuleList
    Module: Dropout
dropout设置为训练模式
    Module: Dropout
dropout设置为训练模式
    Module: Dropout
dropout设置为训练模式
  Module: ReLU
test_loss: 0.0277
epoch 37
train_loss: 0.0151
Module: DropoutFullyConnectedNN
  Module: ModuleList
    Module: Linear
    Module: Linear
    Module: Linear
  Module: ModuleList
    Module: Dropout
dropout设置为训练模式
    Module: Dropout
dropout设置为训练模式
    Module: Dropout
dropout设置为训练模式
  Module: ReLU
test_loss: 0.0271
epoch 38
train_loss: 0.0157
Module: DropoutFullyConnectedNN
  Module: ModuleList
    Module: Linear
    Module: Linear
    Module: Linear
  Module: ModuleList
    Module: Dropout
dropout设置为训练模式
    Module: Dropout
dropout设置为训练模式
    Module: Dropout
dropout设置为训练模式
  Module: ReLU
test_loss: 0.0280
epoch 39
train_loss: 0.0172
Module: DropoutFullyConnectedNN
  Module: ModuleList
    Module: Linear
    Module: Linear
    Module: Linear
  Module: ModuleList
    Module: Dropout
dropout设置为训练模式
    Module: Dropout
dropout设置为训练模式
    Module: Dropout
dropout设置为训练模式
  Module: ReLU
test_loss: 0.0332
epoch 40
train_loss: 0.0160
Module: DropoutFullyConnectedNN
  Module: ModuleList
    Module: Linear
    Module: Linear
    Module: Linear
  Module: ModuleList
    Module: Dropout
dropout设置为训练模式
    Module: Dropout
dropout设置为训练模式
    Module: Dropout
dropout设置为训练模式
  Module: ReLU
test_loss: 0.0275
epoch 41
train_loss: 0.0130
Module: DropoutFullyConnectedNN
  Module: ModuleList
    Module: Linear
    Module: Linear
    Module: Linear
  Module: ModuleList
    Module: Dropout
dropout设置为训练模式
    Module: Dropout
dropout设置为训练模式
    Module: Dropout
dropout设置为训练模式
  Module: ReLU
test_loss: 0.0247
epoch 42
train_loss: 0.0126
Module: DropoutFullyConnectedNN
  Module: ModuleList
    Module: Linear
    Module: Linear
    Module: Linear
  Module: ModuleList
    Module: Dropout
dropout设置为训练模式
    Module: Dropout
dropout设置为训练模式
    Module: Dropout
dropout设置为训练模式
  Module: ReLU
test_loss: 0.0214
epoch 43
train_loss: 0.0114
Module: DropoutFullyConnectedNN
  Module: ModuleList
    Module: Linear
    Module: Linear
    Module: Linear
  Module: ModuleList
    Module: Dropout
dropout设置为训练模式
    Module: Dropout
dropout设置为训练模式
    Module: Dropout
dropout设置为训练模式
  Module: ReLU
test_loss: 0.0237
epoch 44
train_loss: 0.0112
Module: DropoutFullyConnectedNN
  Module: ModuleList
    Module: Linear
    Module: Linear
    Module: Linear
  Module: ModuleList
    Module: Dropout
dropout设置为训练模式
    Module: Dropout
dropout设置为训练模式
    Module: Dropout
dropout设置为训练模式
  Module: ReLU
test_loss: 0.0217
epoch 45
train_loss: 0.0108
Module: DropoutFullyConnectedNN
  Module: ModuleList
    Module: Linear
    Module: Linear
    Module: Linear
  Module: ModuleList
    Module: Dropout
dropout设置为训练模式
    Module: Dropout
dropout设置为训练模式
    Module: Dropout
dropout设置为训练模式
  Module: ReLU
test_loss: 0.0170
epoch 46
train_loss: 0.0093
Module: DropoutFullyConnectedNN
  Module: ModuleList
    Module: Linear
    Module: Linear
    Module: Linear
  Module: ModuleList
    Module: Dropout
dropout设置为训练模式
    Module: Dropout
dropout设置为训练模式
    Module: Dropout
dropout设置为训练模式
  Module: ReLU
test_loss: 0.0181
epoch 47
train_loss: 0.0095
Module: DropoutFullyConnectedNN
  Module: ModuleList
    Module: Linear
    Module: Linear
    Module: Linear
  Module: ModuleList
    Module: Dropout
dropout设置为训练模式
    Module: Dropout
dropout设置为训练模式
    Module: Dropout
dropout设置为训练模式
  Module: ReLU
test_loss: 0.0170
epoch 48
train_loss: 0.0100
Module: DropoutFullyConnectedNN
  Module: ModuleList
    Module: Linear
    Module: Linear
    Module: Linear
  Module: ModuleList
    Module: Dropout
dropout设置为训练模式
    Module: Dropout
dropout设置为训练模式
    Module: Dropout
dropout设置为训练模式
  Module: ReLU
test_loss: 0.0150
epoch 49
train_loss: 0.0108
Module: DropoutFullyConnectedNN
  Module: ModuleList
    Module: Linear
    Module: Linear
    Module: Linear
  Module: ModuleList
    Module: Dropout
dropout设置为训练模式
    Module: Dropout
dropout设置为训练模式
    Module: Dropout
dropout设置为训练模式
  Module: ReLU
test_loss: 0.0223
epoch 50
train_loss: 0.0097
Module: DropoutFullyConnectedNN
  Module: ModuleList
    Module: Linear
    Module: Linear
    Module: Linear
  Module: ModuleList
    Module: Dropout
dropout设置为训练模式
    Module: Dropout
dropout设置为训练模式
    Module: Dropout
dropout设置为训练模式
  Module: ReLU
test_loss: 0.0148
epoch 51
train_loss: 0.0087
Module: DropoutFullyConnectedNN
  Module: ModuleList
    Module: Linear
    Module: Linear
    Module: Linear
  Module: ModuleList
    Module: Dropout
dropout设置为训练模式
    Module: Dropout
dropout设置为训练模式
    Module: Dropout
dropout设置为训练模式
  Module: ReLU
test_loss: 0.0172
epoch 52
train_loss: 0.0085
Module: DropoutFullyConnectedNN
  Module: ModuleList
    Module: Linear
    Module: Linear
    Module: Linear
  Module: ModuleList
    Module: Dropout
dropout设置为训练模式
    Module: Dropout
dropout设置为训练模式
    Module: Dropout
dropout设置为训练模式
  Module: ReLU
test_loss: 0.0166
epoch 53
train_loss: 0.0073
Module: DropoutFullyConnectedNN
  Module: ModuleList
    Module: Linear
    Module: Linear
    Module: Linear
  Module: ModuleList
    Module: Dropout
dropout设置为训练模式
    Module: Dropout
dropout设置为训练模式
    Module: Dropout
dropout设置为训练模式
  Module: ReLU
test_loss: 0.0187
epoch 54
train_loss: 0.0094
Module: DropoutFullyConnectedNN
  Module: ModuleList
    Module: Linear
    Module: Linear
    Module: Linear
  Module: ModuleList
    Module: Dropout
dropout设置为训练模式
    Module: Dropout
dropout设置为训练模式
    Module: Dropout
dropout设置为训练模式
  Module: ReLU
test_loss: 0.0140
epoch 55
train_loss: 0.0186
Module: DropoutFullyConnectedNN
  Module: ModuleList
    Module: Linear
    Module: Linear
    Module: Linear
  Module: ModuleList
    Module: Dropout
dropout设置为训练模式
    Module: Dropout
dropout设置为训练模式
    Module: Dropout
dropout设置为训练模式
  Module: ReLU
test_loss: 0.0229
epoch 56
train_loss: 0.0106
Module: DropoutFullyConnectedNN
  Module: ModuleList
    Module: Linear
    Module: Linear
    Module: Linear
  Module: ModuleList
    Module: Dropout
dropout设置为训练模式
    Module: Dropout
dropout设置为训练模式
    Module: Dropout
dropout设置为训练模式
  Module: ReLU
test_loss: 0.0157
epoch 57
train_loss: 0.0097
Module: DropoutFullyConnectedNN
  Module: ModuleList
    Module: Linear
    Module: Linear
    Module: Linear
  Module: ModuleList
    Module: Dropout
dropout设置为训练模式
    Module: Dropout
dropout设置为训练模式
    Module: Dropout
dropout设置为训练模式
  Module: ReLU
test_loss: 0.0193
epoch 58
train_loss: 0.0076
Module: DropoutFullyConnectedNN
  Module: ModuleList
    Module: Linear
    Module: Linear
    Module: Linear
  Module: ModuleList
    Module: Dropout
dropout设置为训练模式
    Module: Dropout
dropout设置为训练模式
    Module: Dropout
dropout设置为训练模式
  Module: ReLU
test_loss: 0.0129
epoch 59
train_loss: 0.0068
Module: DropoutFullyConnectedNN
  Module: ModuleList
    Module: Linear
    Module: Linear
    Module: Linear
  Module: ModuleList
    Module: Dropout
dropout设置为训练模式
    Module: Dropout
dropout设置为训练模式
    Module: Dropout
dropout设置为训练模式
  Module: ReLU
test_loss: 0.0162
epoch 60
train_loss: 0.0062
Module: DropoutFullyConnectedNN
  Module: ModuleList
    Module: Linear
    Module: Linear
    Module: Linear
  Module: ModuleList
    Module: Dropout
dropout设置为训练模式
    Module: Dropout
dropout设置为训练模式
    Module: Dropout
dropout设置为训练模式
  Module: ReLU
test_loss: 0.0170
epoch 61
train_loss: 0.0073
Module: DropoutFullyConnectedNN
  Module: ModuleList
    Module: Linear
    Module: Linear
    Module: Linear
  Module: ModuleList
    Module: Dropout
dropout设置为训练模式
    Module: Dropout
dropout设置为训练模式
    Module: Dropout
dropout设置为训练模式
  Module: ReLU
test_loss: 0.0113
epoch 62
train_loss: 0.0071
Module: DropoutFullyConnectedNN
  Module: ModuleList
    Module: Linear
    Module: Linear
    Module: Linear
  Module: ModuleList
    Module: Dropout
dropout设置为训练模式
    Module: Dropout
dropout设置为训练模式
    Module: Dropout
dropout设置为训练模式
  Module: ReLU
test_loss: 0.0159
epoch 63
train_loss: 0.0089
Module: DropoutFullyConnectedNN
  Module: ModuleList
    Module: Linear
    Module: Linear
    Module: Linear
  Module: ModuleList
    Module: Dropout
dropout设置为训练模式
    Module: Dropout
dropout设置为训练模式
    Module: Dropout
dropout设置为训练模式
  Module: ReLU
test_loss: 0.0124
epoch 64
train_loss: 0.0083
Module: DropoutFullyConnectedNN
  Module: ModuleList
    Module: Linear
    Module: Linear
    Module: Linear
  Module: ModuleList
    Module: Dropout
dropout设置为训练模式
    Module: Dropout
dropout设置为训练模式
    Module: Dropout
dropout设置为训练模式
  Module: ReLU
test_loss: 0.0153
epoch 65
train_loss: 0.0067
Module: DropoutFullyConnectedNN
  Module: ModuleList
    Module: Linear
    Module: Linear
    Module: Linear
  Module: ModuleList
    Module: Dropout
dropout设置为训练模式
    Module: Dropout
dropout设置为训练模式
    Module: Dropout
dropout设置为训练模式
  Module: ReLU
test_loss: 0.0132
epoch 66
train_loss: 0.0054
Module: DropoutFullyConnectedNN
  Module: ModuleList
    Module: Linear
    Module: Linear
    Module: Linear
  Module: ModuleList
    Module: Dropout
dropout设置为训练模式
    Module: Dropout
dropout设置为训练模式
    Module: Dropout
dropout设置为训练模式
  Module: ReLU
test_loss: 0.0164
epoch 67
train_loss: 0.0067
Module: DropoutFullyConnectedNN
  Module: ModuleList
    Module: Linear
    Module: Linear
    Module: Linear
  Module: ModuleList
    Module: Dropout
dropout设置为训练模式
    Module: Dropout
dropout设置为训练模式
    Module: Dropout
dropout设置为训练模式
  Module: ReLU
test_loss: 0.0118
epoch 68
train_loss: 0.0062
Module: DropoutFullyConnectedNN
  Module: ModuleList
    Module: Linear
    Module: Linear
    Module: Linear
  Module: ModuleList
    Module: Dropout
dropout设置为训练模式
    Module: Dropout
dropout设置为训练模式
    Module: Dropout
dropout设置为训练模式
  Module: ReLU
test_loss: 0.0127
epoch 69
train_loss: 0.0076
Module: DropoutFullyConnectedNN
  Module: ModuleList
    Module: Linear
    Module: Linear
    Module: Linear
  Module: ModuleList
    Module: Dropout
dropout设置为训练模式
    Module: Dropout
dropout设置为训练模式
    Module: Dropout
dropout设置为训练模式
  Module: ReLU
test_loss: 0.0167
epoch 70
train_loss: 0.0064
Module: DropoutFullyConnectedNN
  Module: ModuleList
    Module: Linear
    Module: Linear
    Module: Linear
  Module: ModuleList
    Module: Dropout
dropout设置为训练模式
    Module: Dropout
dropout设置为训练模式
    Module: Dropout
dropout设置为训练模式
  Module: ReLU
test_loss: 0.0155
epoch 71
train_loss: 0.0056
Module: DropoutFullyConnectedNN
  Module: ModuleList
    Module: Linear
    Module: Linear
    Module: Linear
  Module: ModuleList
    Module: Dropout
dropout设置为训练模式
    Module: Dropout
dropout设置为训练模式
    Module: Dropout
dropout设置为训练模式
  Module: ReLU
test_loss: 0.0197
epoch 72
train_loss: 0.0064
Module: DropoutFullyConnectedNN
  Module: ModuleList
    Module: Linear
    Module: Linear
    Module: Linear
  Module: ModuleList
    Module: Dropout
dropout设置为训练模式
    Module: Dropout
dropout设置为训练模式
    Module: Dropout
dropout设置为训练模式
  Module: ReLU
test_loss: 0.0130
epoch 73
train_loss: 0.0066
Module: DropoutFullyConnectedNN
  Module: ModuleList
    Module: Linear
    Module: Linear
    Module: Linear
  Module: ModuleList
    Module: Dropout
dropout设置为训练模式
    Module: Dropout
dropout设置为训练模式
    Module: Dropout
dropout设置为训练模式
  Module: ReLU
test_loss: 0.0194
epoch 74
train_loss: 0.0071
Module: DropoutFullyConnectedNN
  Module: ModuleList
    Module: Linear
    Module: Linear
    Module: Linear
  Module: ModuleList
    Module: Dropout
dropout设置为训练模式
    Module: Dropout
dropout设置为训练模式
    Module: Dropout
dropout设置为训练模式
  Module: ReLU
test_loss: 0.0104
epoch 75
train_loss: 0.0076
Module: DropoutFullyConnectedNN
  Module: ModuleList
    Module: Linear
    Module: Linear
    Module: Linear
  Module: ModuleList
    Module: Dropout
dropout设置为训练模式
    Module: Dropout
dropout设置为训练模式
    Module: Dropout
dropout设置为训练模式
  Module: ReLU
test_loss: 0.0193
epoch 76
train_loss: 0.0074
Module: DropoutFullyConnectedNN
  Module: ModuleList
    Module: Linear
    Module: Linear
    Module: Linear
  Module: ModuleList
    Module: Dropout
dropout设置为训练模式
    Module: Dropout
dropout设置为训练模式
    Module: Dropout
dropout设置为训练模式
  Module: ReLU
test_loss: 0.0130
epoch 77
train_loss: 0.0069
Module: DropoutFullyConnectedNN
  Module: ModuleList
    Module: Linear
    Module: Linear
    Module: Linear
  Module: ModuleList
    Module: Dropout
dropout设置为训练模式
    Module: Dropout
dropout设置为训练模式
    Module: Dropout
dropout设置为训练模式
  Module: ReLU
test_loss: 0.0127
epoch 78
train_loss: 0.0064
Module: DropoutFullyConnectedNN
  Module: ModuleList
    Module: Linear
    Module: Linear
    Module: Linear
  Module: ModuleList
    Module: Dropout
dropout设置为训练模式
    Module: Dropout
dropout设置为训练模式
    Module: Dropout
dropout设置为训练模式
  Module: ReLU
test_loss: 0.0155
epoch 79
train_loss: 0.0057
Module: DropoutFullyConnectedNN
  Module: ModuleList
    Module: Linear
    Module: Linear
    Module: Linear
  Module: ModuleList
    Module: Dropout
dropout设置为训练模式
    Module: Dropout
dropout设置为训练模式
    Module: Dropout
dropout设置为训练模式
  Module: ReLU
test_loss: 0.0134
epoch 80
train_loss: 0.0058
Module: DropoutFullyConnectedNN
  Module: ModuleList
    Module: Linear
    Module: Linear
    Module: Linear
  Module: ModuleList
    Module: Dropout
dropout设置为训练模式
    Module: Dropout
dropout设置为训练模式
    Module: Dropout
dropout设置为训练模式
  Module: ReLU
test_loss: 0.0126
epoch 81
train_loss: 0.0058
Module: DropoutFullyConnectedNN
  Module: ModuleList
    Module: Linear
    Module: Linear
    Module: Linear
  Module: ModuleList
    Module: Dropout
dropout设置为训练模式
    Module: Dropout
dropout设置为训练模式
    Module: Dropout
dropout设置为训练模式
  Module: ReLU
test_loss: 0.0133
epoch 82
train_loss: 0.0076
Module: DropoutFullyConnectedNN
  Module: ModuleList
    Module: Linear
    Module: Linear
    Module: Linear
  Module: ModuleList
    Module: Dropout
dropout设置为训练模式
    Module: Dropout
dropout设置为训练模式
    Module: Dropout
dropout设置为训练模式
  Module: ReLU
test_loss: 0.0223
epoch 83
train_loss: 0.0070
Module: DropoutFullyConnectedNN
  Module: ModuleList
    Module: Linear
    Module: Linear
    Module: Linear
  Module: ModuleList
    Module: Dropout
dropout设置为训练模式
    Module: Dropout
dropout设置为训练模式
    Module: Dropout
dropout设置为训练模式
  Module: ReLU
test_loss: 0.0132
epoch 84
train_loss: 0.0066
Module: DropoutFullyConnectedNN
  Module: ModuleList
    Module: Linear
    Module: Linear
    Module: Linear
  Module: ModuleList
    Module: Dropout
dropout设置为训练模式
    Module: Dropout
dropout设置为训练模式
    Module: Dropout
dropout设置为训练模式
  Module: ReLU
test_loss: 0.0146
epoch 85
train_loss: 0.0060
Module: DropoutFullyConnectedNN
  Module: ModuleList
    Module: Linear
    Module: Linear
    Module: Linear
  Module: ModuleList
    Module: Dropout
dropout设置为训练模式
    Module: Dropout
dropout设置为训练模式
    Module: Dropout
dropout设置为训练模式
  Module: ReLU
test_loss: 0.0148
epoch 86
train_loss: 0.0083
Module: DropoutFullyConnectedNN
  Module: ModuleList
    Module: Linear
    Module: Linear
    Module: Linear
  Module: ModuleList
    Module: Dropout
dropout设置为训练模式
    Module: Dropout
dropout设置为训练模式
    Module: Dropout
dropout设置为训练模式
  Module: ReLU
test_loss: 0.0161
epoch 87
train_loss: 0.0054
Module: DropoutFullyConnectedNN
  Module: ModuleList
    Module: Linear
    Module: Linear
    Module: Linear
  Module: ModuleList
    Module: Dropout
dropout设置为训练模式
    Module: Dropout
dropout设置为训练模式
    Module: Dropout
dropout设置为训练模式
  Module: ReLU
test_loss: 0.0135
epoch 88
train_loss: 0.0045
Module: DropoutFullyConnectedNN
  Module: ModuleList
    Module: Linear
    Module: Linear
    Module: Linear
  Module: ModuleList
    Module: Dropout
dropout设置为训练模式
    Module: Dropout
dropout设置为训练模式
    Module: Dropout
dropout设置为训练模式
  Module: ReLU
test_loss: 0.0109
epoch 89
train_loss: 0.0040
Module: DropoutFullyConnectedNN
  Module: ModuleList
    Module: Linear
    Module: Linear
    Module: Linear
  Module: ModuleList
    Module: Dropout
dropout设置为训练模式
    Module: Dropout
dropout设置为训练模式
    Module: Dropout
dropout设置为训练模式
  Module: ReLU
test_loss: 0.0145
epoch 90
train_loss: 0.0075
Module: DropoutFullyConnectedNN
  Module: ModuleList
    Module: Linear
    Module: Linear
    Module: Linear
  Module: ModuleList
    Module: Dropout
dropout设置为训练模式
    Module: Dropout
dropout设置为训练模式
    Module: Dropout
dropout设置为训练模式
  Module: ReLU
test_loss: 0.0132
epoch 91
train_loss: 0.0053
Module: DropoutFullyConnectedNN
  Module: ModuleList
    Module: Linear
    Module: Linear
    Module: Linear
  Module: ModuleList
    Module: Dropout
dropout设置为训练模式
    Module: Dropout
dropout设置为训练模式
    Module: Dropout
dropout设置为训练模式
  Module: ReLU
test_loss: 0.0139
epoch 92
train_loss: 0.0057
Module: DropoutFullyConnectedNN
  Module: ModuleList
    Module: Linear
    Module: Linear
    Module: Linear
  Module: ModuleList
    Module: Dropout
dropout设置为训练模式
    Module: Dropout
dropout设置为训练模式
    Module: Dropout
dropout设置为训练模式
  Module: ReLU
test_loss: 0.0154
epoch 93
train_loss: 0.0053
Module: DropoutFullyConnectedNN
  Module: ModuleList
    Module: Linear
    Module: Linear
    Module: Linear
  Module: ModuleList
    Module: Dropout
dropout设置为训练模式
    Module: Dropout
dropout设置为训练模式
    Module: Dropout
dropout设置为训练模式
  Module: ReLU
test_loss: 0.0126
epoch 94
train_loss: 0.0054
Module: DropoutFullyConnectedNN
  Module: ModuleList
    Module: Linear
    Module: Linear
    Module: Linear
  Module: ModuleList
    Module: Dropout
dropout设置为训练模式
    Module: Dropout
dropout设置为训练模式
    Module: Dropout
dropout设置为训练模式
  Module: ReLU
test_loss: 0.0168
epoch 95
train_loss: 0.0060
Module: DropoutFullyConnectedNN
  Module: ModuleList
    Module: Linear
    Module: Linear
    Module: Linear
  Module: ModuleList
    Module: Dropout
dropout设置为训练模式
    Module: Dropout
dropout设置为训练模式
    Module: Dropout
dropout设置为训练模式
  Module: ReLU
test_loss: 0.0145
epoch 96
train_loss: 0.0048
Module: DropoutFullyConnectedNN
  Module: ModuleList
    Module: Linear
    Module: Linear
    Module: Linear
  Module: ModuleList
    Module: Dropout
dropout设置为训练模式
    Module: Dropout
dropout设置为训练模式
    Module: Dropout
dropout设置为训练模式
  Module: ReLU
test_loss: 0.0113
epoch 97
train_loss: 0.0071
Module: DropoutFullyConnectedNN
  Module: ModuleList
    Module: Linear
    Module: Linear
    Module: Linear
  Module: ModuleList
    Module: Dropout
dropout设置为训练模式
    Module: Dropout
dropout设置为训练模式
    Module: Dropout
dropout设置为训练模式
  Module: ReLU
test_loss: 0.0165
epoch 98
train_loss: 0.0047
Module: DropoutFullyConnectedNN
  Module: ModuleList
    Module: Linear
    Module: Linear
    Module: Linear
  Module: ModuleList
    Module: Dropout
dropout设置为训练模式
    Module: Dropout
dropout设置为训练模式
    Module: Dropout
dropout设置为训练模式
  Module: ReLU
test_loss: 0.0126
epoch 99
train_loss: 0.0051
Module: DropoutFullyConnectedNN
  Module: ModuleList
    Module: Linear
    Module: Linear
    Module: Linear
  Module: ModuleList
    Module: Dropout
dropout设置为训练模式
    Module: Dropout
dropout设置为训练模式
    Module: Dropout
dropout设置为训练模式
  Module: ReLU
test_loss: 0.0152
epoch 100
train_loss: 0.0066
Module: DropoutFullyConnectedNN
  Module: ModuleList
    Module: Linear
    Module: Linear
    Module: Linear
  Module: ModuleList
    Module: Dropout
dropout设置为训练模式
    Module: Dropout
dropout设置为训练模式
    Module: Dropout
dropout设置为训练模式
  Module: ReLU
test_loss: 0.0180
epoch 101
train_loss: 0.0073
Module: DropoutFullyConnectedNN
  Module: ModuleList
    Module: Linear
    Module: Linear
    Module: Linear
  Module: ModuleList
    Module: Dropout
dropout设置为训练模式
    Module: Dropout
dropout设置为训练模式
    Module: Dropout
dropout设置为训练模式
  Module: ReLU
test_loss: 0.0100
epoch 102
train_loss: 0.0056
Module: DropoutFullyConnectedNN
  Module: ModuleList
    Module: Linear
    Module: Linear
    Module: Linear
  Module: ModuleList
    Module: Dropout
dropout设置为训练模式
    Module: Dropout
dropout设置为训练模式
    Module: Dropout
dropout设置为训练模式
  Module: ReLU
test_loss: 0.0157
epoch 103
train_loss: 0.0054
Module: DropoutFullyConnectedNN
  Module: ModuleList
    Module: Linear
    Module: Linear
    Module: Linear
  Module: ModuleList
    Module: Dropout
dropout设置为训练模式
    Module: Dropout
dropout设置为训练模式
    Module: Dropout
dropout设置为训练模式
  Module: ReLU
test_loss: 0.0152
epoch 104
train_loss: 0.0072
Module: DropoutFullyConnectedNN
  Module: ModuleList
    Module: Linear
    Module: Linear
    Module: Linear
  Module: ModuleList
    Module: Dropout
dropout设置为训练模式
    Module: Dropout
dropout设置为训练模式
    Module: Dropout
dropout设置为训练模式
  Module: ReLU
test_loss: 0.0117
epoch 105
train_loss: 0.0046
Module: DropoutFullyConnectedNN
  Module: ModuleList
    Module: Linear
    Module: Linear
    Module: Linear
  Module: ModuleList
    Module: Dropout
dropout设置为训练模式
    Module: Dropout
dropout设置为训练模式
    Module: Dropout
dropout设置为训练模式
  Module: ReLU
test_loss: 0.0183
epoch 106
train_loss: 0.0061
Module: DropoutFullyConnectedNN
  Module: ModuleList
    Module: Linear
    Module: Linear
    Module: Linear
  Module: ModuleList
    Module: Dropout
dropout设置为训练模式
    Module: Dropout
dropout设置为训练模式
    Module: Dropout
dropout设置为训练模式
  Module: ReLU
test_loss: 0.0155
epoch 107
train_loss: 0.0040
Module: DropoutFullyConnectedNN
  Module: ModuleList
    Module: Linear
    Module: Linear
    Module: Linear
  Module: ModuleList
    Module: Dropout
dropout设置为训练模式
    Module: Dropout
dropout设置为训练模式
    Module: Dropout
dropout设置为训练模式
  Module: ReLU
test_loss: 0.0149
epoch 108
train_loss: 0.0046
Module: DropoutFullyConnectedNN
  Module: ModuleList
    Module: Linear
    Module: Linear
    Module: Linear
  Module: ModuleList
    Module: Dropout
dropout设置为训练模式
    Module: Dropout
dropout设置为训练模式
    Module: Dropout
dropout设置为训练模式
  Module: ReLU
test_loss: 0.0167
epoch 109
train_loss: 0.0040
Module: DropoutFullyConnectedNN
  Module: ModuleList
    Module: Linear
    Module: Linear
    Module: Linear
  Module: ModuleList
    Module: Dropout
dropout设置为训练模式
    Module: Dropout
dropout设置为训练模式
    Module: Dropout
dropout设置为训练模式
  Module: ReLU
test_loss: 0.0131
/home/xueqiong/noise_injection_uncertainty/regression/utils.py:39: FutureWarning: The 'delim_whitespace' keyword in pd.read_csv is deprecated and will be removed in a future version. Use ``sep='\s+'`` instead
  return pd.read_csv(dataset_path, engine='python', header=None, delim_whitespace=True)
8 1
614 154 768
model_name fixnoiseFCN
using Adam as optimizer
epoch 0
train_loss: 0.5101
test_loss: 0.1681
epoch 1
train_loss: 0.1324
test_loss: 0.1012
epoch 2
train_loss: 0.0942
test_loss: 0.0911
epoch 3
train_loss: 0.0814
test_loss: 0.0833
epoch 4
train_loss: 0.0756
test_loss: 0.0817
epoch 5
train_loss: 0.0720
test_loss: 0.0794
epoch 6
train_loss: 0.0700
test_loss: 0.0786
epoch 7
train_loss: 0.0671
test_loss: 0.0773
epoch 8
train_loss: 0.0651
test_loss: 0.0764
epoch 9
train_loss: 0.0631
test_loss: 0.0741
epoch 10
train_loss: 0.0613
test_loss: 0.0713
epoch 11
train_loss: 0.0572
test_loss: 0.0676
epoch 12
train_loss: 0.0544
test_loss: 0.0636
epoch 13
train_loss: 0.0518
test_loss: 0.0598
epoch 14
train_loss: 0.0475
test_loss: 0.0575
epoch 15
train_loss: 0.0441
test_loss: 0.0540
epoch 16
train_loss: 0.0400
test_loss: 0.0505
epoch 17
train_loss: 0.0361
test_loss: 0.0474
epoch 18
train_loss: 0.0322
test_loss: 0.0460
epoch 19
train_loss: 0.0315
test_loss: 0.0437
epoch 20
train_loss: 0.0268
test_loss: 0.0388
epoch 21
train_loss: 0.0270
test_loss: 0.0396
epoch 22
train_loss: 0.0227
test_loss: 0.0328
epoch 23
train_loss: 0.0193
test_loss: 0.0318
epoch 24
train_loss: 0.0181
test_loss: 0.0275
epoch 25
train_loss: 0.0193
test_loss: 0.0338
epoch 26
train_loss: 0.0185
test_loss: 0.0299
epoch 27
train_loss: 0.0144
test_loss: 0.0280
epoch 28
train_loss: 0.0143
test_loss: 0.0243
epoch 29
train_loss: 0.0117
test_loss: 0.0222
epoch 30
train_loss: 0.0121
test_loss: 0.0203
epoch 31
train_loss: 0.0102
test_loss: 0.0273
epoch 32
train_loss: 0.0160
test_loss: 0.0208
epoch 33
train_loss: 0.0122
test_loss: 0.0247
epoch 34
train_loss: 0.0142
test_loss: 0.0280
epoch 35
train_loss: 0.0098
test_loss: 0.0172
epoch 36
train_loss: 0.0078
test_loss: 0.0260
epoch 37
train_loss: 0.0099
test_loss: 0.0127
epoch 38
train_loss: 0.0074
test_loss: 0.0166
epoch 39
train_loss: 0.0094
test_loss: 0.0205
epoch 40
train_loss: 0.0066
test_loss: 0.0136
epoch 41
train_loss: 0.0061
test_loss: 0.0239
epoch 42
train_loss: 0.0052
test_loss: 0.0208
epoch 43
train_loss: 0.0056
test_loss: 0.0228
epoch 44
train_loss: 0.0072
test_loss: 0.0154
epoch 45
train_loss: 0.0067
test_loss: 0.0267
epoch 46
train_loss: 0.0066
test_loss: 0.0153
epoch 47
train_loss: 0.0086
test_loss: 0.0258
epoch 48
train_loss: 0.0073
test_loss: 0.0130
epoch 49
train_loss: 0.0056
test_loss: 0.0225
epoch 50
train_loss: 0.0087
test_loss: 0.0259
epoch 51
train_loss: 0.0062
test_loss: 0.0149
epoch 52
train_loss: 0.0048
test_loss: 0.0115
epoch 53
train_loss: 0.0044
test_loss: 0.0151
epoch 54
train_loss: 0.0054
test_loss: 0.0174
epoch 55
train_loss: 0.0052
test_loss: 0.0108
epoch 56
train_loss: 0.0069
test_loss: 0.0140
epoch 57
train_loss: 0.0083
test_loss: 0.0234
epoch 58
train_loss: 0.0068
test_loss: 0.0135
epoch 59
train_loss: 0.0057
test_loss: 0.0172
epoch 60
train_loss: 0.0049
test_loss: 0.0190
epoch 61
train_loss: 0.0047
test_loss: 0.0174
epoch 62
train_loss: 0.0053
test_loss: 0.0136
epoch 63
train_loss: 0.0049
test_loss: 0.0155
epoch 64
train_loss: 0.0045
test_loss: 0.0158
epoch 65
train_loss: 0.0038
test_loss: 0.0146
epoch 66
train_loss: 0.0056
test_loss: 0.0120
epoch 67
train_loss: 0.0048
test_loss: 0.0174
epoch 68
train_loss: 0.0044
test_loss: 0.0140
epoch 69
train_loss: 0.0056
test_loss: 0.0120
epoch 70
train_loss: 0.0047
test_loss: 0.0211
epoch 71
train_loss: 0.0052
test_loss: 0.0149
epoch 72
train_loss: 0.0045
test_loss: 0.0121
epoch 73
train_loss: 0.0049
test_loss: 0.0244
epoch 74
train_loss: 0.0088
test_loss: 0.0157
epoch 75
train_loss: 0.0081
test_loss: 0.0134
epoch 76
train_loss: 0.0051
test_loss: 0.0174
epoch 77
train_loss: 0.0039
test_loss: 0.0140
epoch 78
train_loss: 0.0043
test_loss: 0.0118
epoch 79
train_loss: 0.0048
test_loss: 0.0165
epoch 80
train_loss: 0.0039
test_loss: 0.0161
epoch 81
train_loss: 0.0032
test_loss: 0.0155
epoch 82
train_loss: 0.0042
test_loss: 0.0192
epoch 83
train_loss: 0.0064
test_loss: 0.0126
epoch 84
train_loss: 0.0048
test_loss: 0.0178
epoch 85
train_loss: 0.0041
test_loss: 0.0244
epoch 86
train_loss: 0.0045
test_loss: 0.0102
epoch 87
train_loss: 0.0067
test_loss: 0.0149
epoch 88
train_loss: 0.0058
test_loss: 0.0240
epoch 89
train_loss: 0.0039
test_loss: 0.0119
epoch 90
train_loss: 0.0034
test_loss: 0.0128
epoch 91
train_loss: 0.0036
test_loss: 0.0131
epoch 92
train_loss: 0.0042
test_loss: 0.0121
epoch 93
train_loss: 0.0043
test_loss: 0.0185
epoch 94
train_loss: 0.0052
test_loss: 0.0106
epoch 95
train_loss: 0.0048
test_loss: 0.0224
epoch 96
train_loss: 0.0073
test_loss: 0.0128
epoch 97
train_loss: 0.0061
test_loss: 0.0150
epoch 98
train_loss: 0.0044
test_loss: 0.0191
epoch 99
train_loss: 0.0053
test_loss: 0.0158
epoch 100
train_loss: 0.0040
test_loss: 0.0137
epoch 101
train_loss: 0.0040
test_loss: 0.0124
epoch 102
train_loss: 0.0082
test_loss: 0.0262
epoch 103
train_loss: 0.0066
test_loss: 0.0096
epoch 104
train_loss: 0.0044
test_loss: 0.0159
epoch 105
train_loss: 0.0032
test_loss: 0.0131
epoch 106
train_loss: 0.0034
test_loss: 0.0155
epoch 107
train_loss: 0.0045
test_loss: 0.0121
epoch 108
train_loss: 0.0043
test_loss: 0.0169
epoch 109
train_loss: 0.0043
test_loss: 0.0149
epoch 110
train_loss: 0.0046
test_loss: 0.0126
epoch 111
train_loss: 0.0050
test_loss: 0.0208
epoch 112
train_loss: 0.0036
test_loss: 0.0128
epoch 113
train_loss: 0.0024
test_loss: 0.0181
epoch 114
train_loss: 0.0035
test_loss: 0.0090
epoch 115
train_loss: 0.0046
test_loss: 0.0308
epoch 116
train_loss: 0.0055
test_loss: 0.0151
epoch 117
train_loss: 0.0033
test_loss: 0.0141
epoch 118
train_loss: 0.0043
test_loss: 0.0094
epoch 119
train_loss: 0.0060
test_loss: 0.0295
epoch 120
train_loss: 0.0064
test_loss: 0.0109
epoch 121
train_loss: 0.0041
test_loss: 0.0267
epoch 122
train_loss: 0.0077
test_loss: 0.0138
epoch 123
train_loss: 0.0058
test_loss: 0.0160
epoch 124
train_loss: 0.0058
test_loss: 0.0183
epoch 125
train_loss: 0.0036
test_loss: 0.0122
epoch 126
train_loss: 0.0036
test_loss: 0.0138
epoch 127
train_loss: 0.0039
test_loss: 0.0093
epoch 128
train_loss: 0.0038
test_loss: 0.0221
epoch 129
train_loss: 0.0033
test_loss: 0.0102
epoch 130
train_loss: 0.0032
test_loss: 0.0157
epoch 131
train_loss: 0.0029
test_loss: 0.0138
epoch 132
train_loss: 0.0038
test_loss: 0.0153
epoch 133
train_loss: 0.0045
test_loss: 0.0109
epoch 134
train_loss: 0.0034
test_loss: 0.0114
epoch 135
train_loss: 0.0035
test_loss: 0.0110
epoch 136
train_loss: 0.0044
test_loss: 0.0154
epoch 137
train_loss: 0.0037
test_loss: 0.0162
epoch 138
train_loss: 0.0050
test_loss: 0.0133
epoch 139
train_loss: 0.0039
test_loss: 0.0128
/home/xueqiong/noise_injection_uncertainty/regression/utils.py:39: FutureWarning: The 'delim_whitespace' keyword in pd.read_csv is deprecated and will be removed in a future version. Use ``sep='\s+'`` instead
  return pd.read_csv(dataset_path, engine='python', header=None, delim_whitespace=True)
8 1
614 154 768
model_name noisyFCN
using Adam as optimizer
epoch 0
train_loss: 0.7142
test_loss: 0.4505
epoch 1
train_loss: 0.2910
test_loss: 0.1785
epoch 2
train_loss: 0.1380
test_loss: 0.1177
epoch 3
train_loss: 0.0966
test_loss: 0.0905
epoch 4
train_loss: 0.0817
test_loss: 0.0848
epoch 5
train_loss: 0.0759
test_loss: 0.0818
epoch 6
train_loss: 0.0728
test_loss: 0.0808
epoch 7
train_loss: 0.0703
test_loss: 0.0799
epoch 8
train_loss: 0.0684
test_loss: 0.0792
epoch 9
train_loss: 0.0667
test_loss: 0.0784
epoch 10
train_loss: 0.0653
test_loss: 0.0781
epoch 11
train_loss: 0.0642
test_loss: 0.0774
epoch 12
train_loss: 0.0630
test_loss: 0.0768
epoch 13
train_loss: 0.0620
test_loss: 0.0763
epoch 14
train_loss: 0.0609
test_loss: 0.0754
epoch 15
train_loss: 0.0600
test_loss: 0.0749
epoch 16
train_loss: 0.0588
test_loss: 0.0740
epoch 17
train_loss: 0.0577
test_loss: 0.0735
epoch 18
train_loss: 0.0567
test_loss: 0.0722
epoch 19
train_loss: 0.0554
test_loss: 0.0711
epoch 20
train_loss: 0.0540
test_loss: 0.0699
epoch 21
train_loss: 0.0527
test_loss: 0.0687
epoch 22
train_loss: 0.0512
test_loss: 0.0673
epoch 23
train_loss: 0.0495
test_loss: 0.0654
epoch 24
train_loss: 0.0479
test_loss: 0.0640
epoch 25
train_loss: 0.0460
test_loss: 0.0620
epoch 26
train_loss: 0.0442
test_loss: 0.0597
epoch 27
train_loss: 0.0424
test_loss: 0.0578
epoch 28
train_loss: 0.0403
test_loss: 0.0558
epoch 29
train_loss: 0.0383
test_loss: 0.0539
epoch 30
train_loss: 0.0364
test_loss: 0.0519
epoch 31
train_loss: 0.0343
test_loss: 0.0498
epoch 32
train_loss: 0.0326
test_loss: 0.0476
epoch 33
train_loss: 0.0308
test_loss: 0.0465
epoch 34
train_loss: 0.0287
test_loss: 0.0447
epoch 35
train_loss: 0.0267
test_loss: 0.0434
epoch 36
train_loss: 0.0250
test_loss: 0.0421
epoch 37
train_loss: 0.0233
test_loss: 0.0410
epoch 38
train_loss: 0.0217
test_loss: 0.0397
epoch 39
train_loss: 0.0202
test_loss: 0.0386
epoch 40
train_loss: 0.0190
test_loss: 0.0377
epoch 41
train_loss: 0.0178
test_loss: 0.0369
epoch 42
train_loss: 0.0165
test_loss: 0.0357
epoch 43
train_loss: 0.0154
test_loss: 0.0349
epoch 44
train_loss: 0.0142
test_loss: 0.0336
epoch 45
train_loss: 0.0130
test_loss: 0.0327
epoch 46
train_loss: 0.0120
test_loss: 0.0317
epoch 47
train_loss: 0.0110
test_loss: 0.0307
epoch 48
train_loss: 0.0101
test_loss: 0.0300
epoch 49
train_loss: 0.0092
test_loss: 0.0291
epoch 50
train_loss: 0.0085
test_loss: 0.0283
epoch 51
train_loss: 0.0077
test_loss: 0.0277
epoch 52
train_loss: 0.0070
test_loss: 0.0270
epoch 53
train_loss: 0.0064
test_loss: 0.0263
epoch 54
train_loss: 0.0058
test_loss: 0.0259
epoch 55
train_loss: 0.0053
test_loss: 0.0252
epoch 56
train_loss: 0.0048
test_loss: 0.0246
epoch 57
train_loss: 0.0044
test_loss: 0.0244
epoch 58
train_loss: 0.0041
test_loss: 0.0234
epoch 59
train_loss: 0.0038
test_loss: 0.0235
epoch 60
train_loss: 0.0037
test_loss: 0.0231
epoch 61
train_loss: 0.0035
test_loss: 0.0223
epoch 62
train_loss: 0.0033
test_loss: 0.0224
epoch 63
train_loss: 0.0032
test_loss: 0.0220
epoch 64
train_loss: 0.0031
test_loss: 0.0220
epoch 65
train_loss: 0.0031
test_loss: 0.0210
epoch 66
train_loss: 0.0029
test_loss: 0.0215
epoch 67
train_loss: 0.0029
test_loss: 0.0213
epoch 68
train_loss: 0.0028
test_loss: 0.0209
epoch 69
train_loss: 0.0027
test_loss: 0.0205
epoch 70
train_loss: 0.0027
test_loss: 0.0196
epoch 71
train_loss: 0.0026
test_loss: 0.0202
epoch 72
train_loss: 0.0026
test_loss: 0.0194
epoch 73
train_loss: 0.0025
test_loss: 0.0198
epoch 74
train_loss: 0.0025
test_loss: 0.0196
epoch 75
train_loss: 0.0025
test_loss: 0.0191
epoch 76
train_loss: 0.0025
test_loss: 0.0194
epoch 77
train_loss: 0.0024
test_loss: 0.0191
epoch 78
train_loss: 0.0025
test_loss: 0.0188
epoch 79
train_loss: 0.0024
test_loss: 0.0192
epoch 80
train_loss: 0.0024
test_loss: 0.0191
epoch 81
train_loss: 0.0024
test_loss: 0.0184
epoch 82
train_loss: 0.0023
test_loss: 0.0191
epoch 83
train_loss: 0.0024
test_loss: 0.0193
epoch 84
train_loss: 0.0025
test_loss: 0.0191
epoch 85
train_loss: 0.0025
test_loss: 0.0185
epoch 86
train_loss: 0.0024
test_loss: 0.0180
epoch 87
train_loss: 0.0023
test_loss: 0.0186
epoch 88
train_loss: 0.0023
test_loss: 0.0184
epoch 89
train_loss: 0.0023
test_loss: 0.0182
epoch 90
train_loss: 0.0023
test_loss: 0.0182
epoch 91
train_loss: 0.0023
test_loss: 0.0184
epoch 92
train_loss: 0.0023
test_loss: 0.0187
epoch 93
train_loss: 0.0024
test_loss: 0.0179
epoch 94
train_loss: 0.0023
test_loss: 0.0186
epoch 95
train_loss: 0.0023
test_loss: 0.0175
epoch 96
train_loss: 0.0022
test_loss: 0.0179
epoch 97
train_loss: 0.0023
test_loss: 0.0179
epoch 98
train_loss: 0.0022
test_loss: 0.0177
epoch 99
train_loss: 0.0022
test_loss: 0.0180
epoch 100
train_loss: 0.0022
test_loss: 0.0182
epoch 101
train_loss: 0.0022
test_loss: 0.0180
epoch 102
train_loss: 0.0022
test_loss: 0.0174
epoch 103
train_loss: 0.0022
test_loss: 0.0180
epoch 104
train_loss: 0.0022
test_loss: 0.0174
epoch 105
train_loss: 0.0021
test_loss: 0.0177
epoch 106
train_loss: 0.0022
test_loss: 0.0177
epoch 107
train_loss: 0.0021
test_loss: 0.0181
epoch 108
train_loss: 0.0023
test_loss: 0.0180
epoch 109
train_loss: 0.0022
test_loss: 0.0181
epoch 110
train_loss: 0.0021
test_loss: 0.0175
epoch 111
train_loss: 0.0021
test_loss: 0.0179
epoch 112
train_loss: 0.0022
test_loss: 0.0180
epoch 113
train_loss: 0.0022
test_loss: 0.0173
epoch 114
train_loss: 0.0021
test_loss: 0.0172
epoch 115
train_loss: 0.0021
test_loss: 0.0175
epoch 116
train_loss: 0.0021
test_loss: 0.0171
epoch 117
train_loss: 0.0021
test_loss: 0.0173
epoch 118
train_loss: 0.0021
test_loss: 0.0174
epoch 119
train_loss: 0.0021
test_loss: 0.0178
epoch 120
train_loss: 0.0022
test_loss: 0.0170
epoch 121
train_loss: 0.0021
test_loss: 0.0175
epoch 122
train_loss: 0.0021
test_loss: 0.0181
epoch 123
train_loss: 0.0023
test_loss: 0.0169
epoch 124
train_loss: 0.0021
test_loss: 0.0175
epoch 125
train_loss: 0.0021
test_loss: 0.0177
epoch 126
train_loss: 0.0021
test_loss: 0.0179
epoch 127
train_loss: 0.0022
test_loss: 0.0171
epoch 128
train_loss: 0.0022
test_loss: 0.0172
epoch 129
train_loss: 0.0021
test_loss: 0.0173
epoch 130
train_loss: 0.0021
test_loss: 0.0170
epoch 131
train_loss: 0.0021
test_loss: 0.0175
epoch 132
train_loss: 0.0021
test_loss: 0.0172
epoch 133
train_loss: 0.0021
test_loss: 0.0165
epoch 134
train_loss: 0.0021
test_loss: 0.0179
epoch 135
train_loss: 0.0022
test_loss: 0.0182
epoch 136
train_loss: 0.0023
test_loss: 0.0172
epoch 137
train_loss: 0.0021
test_loss: 0.0167
epoch 138
train_loss: 0.0021
test_loss: 0.0164
epoch 139
train_loss: 0.0021
test_loss: 0.0177
epoch 140
train_loss: 0.0022
test_loss: 0.0164
epoch 141
train_loss: 0.0021
test_loss: 0.0172
epoch 142
train_loss: 0.0021
test_loss: 0.0172
epoch 143
train_loss: 0.0021
test_loss: 0.0171
epoch 144
train_loss: 0.0022
test_loss: 0.0171
epoch 145
train_loss: 0.0020
test_loss: 0.0169
epoch 146
train_loss: 0.0020
test_loss: 0.0157
epoch 147
train_loss: 0.0020
test_loss: 0.0168
epoch 148
train_loss: 0.0020
test_loss: 0.0165
epoch 149
train_loss: 0.0020
test_loss: 0.0170
epoch 150
train_loss: 0.0021
test_loss: 0.0168
epoch 151
train_loss: 0.0021
test_loss: 0.0169
epoch 152
train_loss: 0.0022
test_loss: 0.0167
epoch 153
train_loss: 0.0022
test_loss: 0.0165
epoch 154
train_loss: 0.0021
test_loss: 0.0161
epoch 155
train_loss: 0.0020
test_loss: 0.0170
epoch 156
train_loss: 0.0020
test_loss: 0.0160
epoch 157
train_loss: 0.0019
test_loss: 0.0163
epoch 158
train_loss: 0.0020
test_loss: 0.0163
epoch 159
train_loss: 0.0019
test_loss: 0.0160
epoch 160
train_loss: 0.0020
test_loss: 0.0166
epoch 161
train_loss: 0.0020
test_loss: 0.0168
epoch 162
train_loss: 0.0020
test_loss: 0.0155
epoch 163
train_loss: 0.0021
test_loss: 0.0169
epoch 164
train_loss: 0.0021
test_loss: 0.0162
epoch 165
train_loss: 0.0021
test_loss: 0.0167
epoch 166
train_loss: 0.0020
test_loss: 0.0162
epoch 167
train_loss: 0.0021
test_loss: 0.0163
epoch 168
train_loss: 0.0021
test_loss: 0.0165
epoch 169
train_loss: 0.0020
test_loss: 0.0162
epoch 170
train_loss: 0.0020
test_loss: 0.0158
epoch 171
train_loss: 0.0020
test_loss: 0.0157
epoch 172
train_loss: 0.0020
test_loss: 0.0159
epoch 173
train_loss: 0.0020
test_loss: 0.0161
epoch 174
train_loss: 0.0021
test_loss: 0.0156
epoch 175
train_loss: 0.0021
test_loss: 0.0161
epoch 176
train_loss: 0.0021
test_loss: 0.0166
epoch 177
train_loss: 0.0020
test_loss: 0.0159
epoch 178
train_loss: 0.0021
test_loss: 0.0161
epoch 179
train_loss: 0.0021
test_loss: 0.0156
/home/xueqiong/noise_injection_uncertainty/regression/utils.py:39: FutureWarning: The 'delim_whitespace' keyword in pd.read_csv is deprecated and will be removed in a future version. Use ``sep='\s+'`` instead
  return pd.read_csv(dataset_path, engine='python', header=None, delim_whitespace=True)
8 1
6554 1638 8192
model_name FCN
using Adam as optimizer
epoch 0
train_loss: 0.9557
test_loss: 0.8804
epoch 1
train_loss: 0.7896
test_loss: 0.7129
epoch 2
train_loss: 0.6290
test_loss: 0.5924
epoch 3
train_loss: 0.5476
test_loss: 0.5443
epoch 4
train_loss: 0.5104
test_loss: 0.5110
epoch 5
train_loss: 0.4801
test_loss: 0.4803
epoch 6
train_loss: 0.4507
test_loss: 0.4503
epoch 7
train_loss: 0.4221
test_loss: 0.4220
epoch 8
train_loss: 0.3954
test_loss: 0.3962
epoch 9
train_loss: 0.3714
test_loss: 0.3734
epoch 10
train_loss: 0.3501
test_loss: 0.3537
epoch 11
train_loss: 0.3312
test_loss: 0.3360
epoch 12
train_loss: 0.3141
test_loss: 0.3201
epoch 13
train_loss: 0.2983
test_loss: 0.3057
epoch 14
train_loss: 0.2842
test_loss: 0.2926
epoch 15
train_loss: 0.2712
test_loss: 0.2803
epoch 16
train_loss: 0.2589
test_loss: 0.2691
epoch 17
train_loss: 0.2478
test_loss: 0.2589
epoch 18
train_loss: 0.2377
test_loss: 0.2496
epoch 19
train_loss: 0.2285
test_loss: 0.2409
epoch 20
train_loss: 0.2200
test_loss: 0.2329
epoch 21
train_loss: 0.2121
test_loss: 0.2256
epoch 22
train_loss: 0.2050
test_loss: 0.2188
epoch 23
train_loss: 0.1985
test_loss: 0.2125
epoch 24
train_loss: 0.1927
test_loss: 0.2067
epoch 25
train_loss: 0.1874
test_loss: 0.2014
epoch 26
train_loss: 0.1825
test_loss: 0.1965
epoch 27
train_loss: 0.1781
test_loss: 0.1920
epoch 28
train_loss: 0.1740
test_loss: 0.1879
epoch 29
train_loss: 0.1702
test_loss: 0.1841
epoch 30
train_loss: 0.1667
test_loss: 0.1806
epoch 31
train_loss: 0.1635
test_loss: 0.1773
epoch 32
train_loss: 0.1605
test_loss: 0.1743
epoch 33
train_loss: 0.1576
test_loss: 0.1714
epoch 34
train_loss: 0.1550
test_loss: 0.1687
epoch 35
train_loss: 0.1525
test_loss: 0.1663
epoch 36
train_loss: 0.1503
test_loss: 0.1640
epoch 37
train_loss: 0.1481
test_loss: 0.1618
epoch 38
train_loss: 0.1461
test_loss: 0.1597
epoch 39
train_loss: 0.1441
test_loss: 0.1578
epoch 40
train_loss: 0.1423
test_loss: 0.1559
epoch 41
train_loss: 0.1406
test_loss: 0.1541
epoch 42
train_loss: 0.1389
test_loss: 0.1524
epoch 43
train_loss: 0.1373
test_loss: 0.1508
epoch 44
train_loss: 0.1358
test_loss: 0.1492
epoch 45
train_loss: 0.1344
test_loss: 0.1477
epoch 46
train_loss: 0.1330
test_loss: 0.1463
epoch 47
train_loss: 0.1316
test_loss: 0.1449
epoch 48
train_loss: 0.1303
test_loss: 0.1436
epoch 49
train_loss: 0.1291
test_loss: 0.1423
epoch 50
train_loss: 0.1279
test_loss: 0.1411
epoch 51
train_loss: 0.1267
test_loss: 0.1398
epoch 52
train_loss: 0.1255
test_loss: 0.1387
epoch 53
train_loss: 0.1244
test_loss: 0.1375
epoch 54
train_loss: 0.1234
test_loss: 0.1364
epoch 55
train_loss: 0.1223
test_loss: 0.1353
epoch 56
train_loss: 0.1213
test_loss: 0.1342
epoch 57
train_loss: 0.1203
test_loss: 0.1332
epoch 58
train_loss: 0.1194
test_loss: 0.1322
epoch 59
train_loss: 0.1184
test_loss: 0.1312
epoch 60
train_loss: 0.1175
test_loss: 0.1303
epoch 61
train_loss: 0.1166
test_loss: 0.1294
epoch 62
train_loss: 0.1157
test_loss: 0.1285
epoch 63
train_loss: 0.1149
test_loss: 0.1276
epoch 64
train_loss: 0.1140
test_loss: 0.1268
epoch 65
train_loss: 0.1132
test_loss: 0.1260
epoch 66
train_loss: 0.1124
test_loss: 0.1252
epoch 67
train_loss: 0.1116
test_loss: 0.1244
epoch 68
train_loss: 0.1109
test_loss: 0.1236
epoch 69
train_loss: 0.1101
test_loss: 0.1229
epoch 70
train_loss: 0.1093
test_loss: 0.1221
epoch 71
train_loss: 0.1086
test_loss: 0.1214
epoch 72
train_loss: 0.1079
test_loss: 0.1206
epoch 73
train_loss: 0.1071
test_loss: 0.1199
epoch 74
train_loss: 0.1064
test_loss: 0.1191
epoch 75
train_loss: 0.1057
test_loss: 0.1184
epoch 76
train_loss: 0.1051
test_loss: 0.1177
epoch 77
train_loss: 0.1044
test_loss: 0.1170
epoch 78
train_loss: 0.1038
test_loss: 0.1163
epoch 79
train_loss: 0.1031
test_loss: 0.1157
epoch 80
train_loss: 0.1025
test_loss: 0.1150
epoch 81
train_loss: 0.1019
test_loss: 0.1144
epoch 82
train_loss: 0.1013
test_loss: 0.1138
epoch 83
train_loss: 0.1007
test_loss: 0.1131
epoch 84
train_loss: 0.1001
test_loss: 0.1125
epoch 85
train_loss: 0.0995
test_loss: 0.1119
epoch 86
train_loss: 0.0989
test_loss: 0.1113
epoch 87
train_loss: 0.0984
test_loss: 0.1108
epoch 88
train_loss: 0.0978
test_loss: 0.1102
epoch 89
train_loss: 0.0973
test_loss: 0.1097
epoch 90
train_loss: 0.0967
test_loss: 0.1091
epoch 91
train_loss: 0.0962
test_loss: 0.1086
epoch 92
train_loss: 0.0957
test_loss: 0.1080
epoch 93
train_loss: 0.0952
test_loss: 0.1075
epoch 94
train_loss: 0.0947
test_loss: 0.1070
epoch 95
train_loss: 0.0942
test_loss: 0.1065
epoch 96
train_loss: 0.0937
test_loss: 0.1060
epoch 97
train_loss: 0.0932
test_loss: 0.1055
epoch 98
train_loss: 0.0928
test_loss: 0.1050
epoch 99
train_loss: 0.0923
test_loss: 0.1046
epoch 100
train_loss: 0.0919
test_loss: 0.1041
epoch 101
train_loss: 0.0914
test_loss: 0.1036
epoch 102
train_loss: 0.0910
test_loss: 0.1032
epoch 103
train_loss: 0.0906
test_loss: 0.1027
epoch 104
train_loss: 0.0902
test_loss: 0.1023
epoch 105
train_loss: 0.0897
test_loss: 0.1019
epoch 106
train_loss: 0.0893
test_loss: 0.1015
epoch 107
train_loss: 0.0889
test_loss: 0.1011
epoch 108
train_loss: 0.0886
test_loss: 0.1007
epoch 109
train_loss: 0.0882
test_loss: 0.1004
epoch 110
train_loss: 0.0878
test_loss: 0.1000
epoch 111
train_loss: 0.0874
test_loss: 0.0996
epoch 112
train_loss: 0.0870
test_loss: 0.0993
epoch 113
train_loss: 0.0867
test_loss: 0.0989
epoch 114
train_loss: 0.0863
test_loss: 0.0985
epoch 115
train_loss: 0.0860
test_loss: 0.0982
epoch 116
train_loss: 0.0856
test_loss: 0.0978
epoch 117
train_loss: 0.0853
test_loss: 0.0975
epoch 118
train_loss: 0.0849
test_loss: 0.0972
epoch 119
train_loss: 0.0846
test_loss: 0.0968
epoch 120
train_loss: 0.0843
test_loss: 0.0965
epoch 121
train_loss: 0.0840
test_loss: 0.0962
epoch 122
train_loss: 0.0836
test_loss: 0.0958
epoch 123
train_loss: 0.0833
test_loss: 0.0955
epoch 124
train_loss: 0.0830
test_loss: 0.0952
epoch 125
train_loss: 0.0827
test_loss: 0.0948
epoch 126
train_loss: 0.0824
test_loss: 0.0945
epoch 127
train_loss: 0.0821
test_loss: 0.0942
epoch 128
train_loss: 0.0818
test_loss: 0.0939
epoch 129
train_loss: 0.0816
test_loss: 0.0936
epoch 130
train_loss: 0.0813
test_loss: 0.0933
epoch 131
train_loss: 0.0810
test_loss: 0.0930
epoch 132
train_loss: 0.0807
test_loss: 0.0928
epoch 133
train_loss: 0.0805
test_loss: 0.0925
epoch 134
train_loss: 0.0802
test_loss: 0.0922
epoch 135
train_loss: 0.0800
test_loss: 0.0920
epoch 136
train_loss: 0.0797
test_loss: 0.0917
epoch 137
train_loss: 0.0795
test_loss: 0.0915
epoch 138
train_loss: 0.0792
test_loss: 0.0913
epoch 139
train_loss: 0.0790
test_loss: 0.0910
epoch 140
train_loss: 0.0788
test_loss: 0.0908
epoch 141
train_loss: 0.0786
test_loss: 0.0905
epoch 142
train_loss: 0.0783
test_loss: 0.0903
epoch 143
train_loss: 0.0781
test_loss: 0.0900
epoch 144
train_loss: 0.0779
test_loss: 0.0898
epoch 145
train_loss: 0.0777
test_loss: 0.0896
epoch 146
train_loss: 0.0775
test_loss: 0.0894
epoch 147
train_loss: 0.0773
test_loss: 0.0892
epoch 148
train_loss: 0.0771
test_loss: 0.0890
epoch 149
train_loss: 0.0768
test_loss: 0.0887
epoch 150
train_loss: 0.0766
test_loss: 0.0885
epoch 151
train_loss: 0.0765
test_loss: 0.0883
epoch 152
train_loss: 0.0763
test_loss: 0.0882
epoch 153
train_loss: 0.0761
test_loss: 0.0879
epoch 154
train_loss: 0.0759
test_loss: 0.0877
epoch 155
train_loss: 0.0757
test_loss: 0.0876
epoch 156
train_loss: 0.0755
test_loss: 0.0874
epoch 157
train_loss: 0.0753
test_loss: 0.0872
epoch 158
train_loss: 0.0752
test_loss: 0.0870
epoch 159
train_loss: 0.0750
test_loss: 0.0868
epoch 160
train_loss: 0.0748
test_loss: 0.0867
epoch 161
train_loss: 0.0746
test_loss: 0.0865
epoch 162
train_loss: 0.0745
test_loss: 0.0864
epoch 163
train_loss: 0.0743
test_loss: 0.0862
epoch 164
train_loss: 0.0741
test_loss: 0.0860
epoch 165
train_loss: 0.0740
test_loss: 0.0859
epoch 166
train_loss: 0.0738
test_loss: 0.0857
epoch 167
train_loss: 0.0736
test_loss: 0.0856
epoch 168
train_loss: 0.0735
test_loss: 0.0855
epoch 169
train_loss: 0.0733
test_loss: 0.0853
epoch 170
train_loss: 0.0732
test_loss: 0.0852
epoch 171
train_loss: 0.0730
test_loss: 0.0850
epoch 172
train_loss: 0.0728
test_loss: 0.0849
epoch 173
train_loss: 0.0727
test_loss: 0.0848
epoch 174
train_loss: 0.0725
test_loss: 0.0847
epoch 175
train_loss: 0.0724
test_loss: 0.0845
epoch 176
train_loss: 0.0722
test_loss: 0.0844
epoch 177
train_loss: 0.0721
test_loss: 0.0843
epoch 178
train_loss: 0.0720
test_loss: 0.0842
epoch 179
train_loss: 0.0718
test_loss: 0.0841
epoch 180
train_loss: 0.0717
test_loss: 0.0840
epoch 181
train_loss: 0.0715
test_loss: 0.0839
epoch 182
train_loss: 0.0714
test_loss: 0.0838
epoch 183
train_loss: 0.0713
test_loss: 0.0836
epoch 184
train_loss: 0.0711
test_loss: 0.0835
epoch 185
train_loss: 0.0710
test_loss: 0.0834
epoch 186
train_loss: 0.0709
test_loss: 0.0833
epoch 187
train_loss: 0.0707
test_loss: 0.0832
epoch 188
train_loss: 0.0706
test_loss: 0.0831
epoch 189
train_loss: 0.0705
test_loss: 0.0830
epoch 190
train_loss: 0.0703
test_loss: 0.0829
epoch 191
train_loss: 0.0702
test_loss: 0.0828
epoch 192
train_loss: 0.0701
test_loss: 0.0827
epoch 193
train_loss: 0.0700
test_loss: 0.0826
epoch 194
train_loss: 0.0698
test_loss: 0.0825
epoch 195
train_loss: 0.0697
test_loss: 0.0824
epoch 196
train_loss: 0.0696
test_loss: 0.0823
epoch 197
train_loss: 0.0695
test_loss: 0.0822
epoch 198
train_loss: 0.0694
test_loss: 0.0821
epoch 199
train_loss: 0.0692
test_loss: 0.0821
epoch 200
train_loss: 0.0691
test_loss: 0.0820
epoch 201
train_loss: 0.0690
test_loss: 0.0819
epoch 202
train_loss: 0.0689
test_loss: 0.0818
epoch 203
train_loss: 0.0688
test_loss: 0.0817
epoch 204
train_loss: 0.0687
test_loss: 0.0816
epoch 205
train_loss: 0.0686
test_loss: 0.0815
epoch 206
train_loss: 0.0684
test_loss: 0.0815
epoch 207
train_loss: 0.0683
test_loss: 0.0814
epoch 208
train_loss: 0.0682
test_loss: 0.0813
epoch 209
train_loss: 0.0681
test_loss: 0.0812
epoch 210
train_loss: 0.0680
test_loss: 0.0811
epoch 211
train_loss: 0.0679
test_loss: 0.0811
epoch 212
train_loss: 0.0678
test_loss: 0.0810
epoch 213
train_loss: 0.0677
test_loss: 0.0809
epoch 214
train_loss: 0.0676
test_loss: 0.0808
epoch 215
train_loss: 0.0675
test_loss: 0.0807
epoch 216
train_loss: 0.0674
test_loss: 0.0806
epoch 217
train_loss: 0.0673
test_loss: 0.0805
epoch 218
train_loss: 0.0672
test_loss: 0.0805
epoch 219
train_loss: 0.0671
test_loss: 0.0804
epoch 220
train_loss: 0.0670
test_loss: 0.0803
epoch 221
train_loss: 0.0669
test_loss: 0.0802
epoch 222
train_loss: 0.0668
test_loss: 0.0802
epoch 223
train_loss: 0.0667
test_loss: 0.0801
epoch 224
train_loss: 0.0666
test_loss: 0.0800
epoch 225
train_loss: 0.0666
test_loss: 0.0799
epoch 226
train_loss: 0.0665
test_loss: 0.0799
epoch 227
train_loss: 0.0664
test_loss: 0.0798
epoch 228
train_loss: 0.0663
test_loss: 0.0797
epoch 229
train_loss: 0.0662
test_loss: 0.0797
epoch 230
train_loss: 0.0661
test_loss: 0.0796
epoch 231
train_loss: 0.0660
test_loss: 0.0795
epoch 232
train_loss: 0.0659
test_loss: 0.0794
epoch 233
train_loss: 0.0658
test_loss: 0.0794
epoch 234
train_loss: 0.0658
test_loss: 0.0793
epoch 235
train_loss: 0.0657
test_loss: 0.0792
epoch 236
train_loss: 0.0656
test_loss: 0.0792
epoch 237
train_loss: 0.0655
test_loss: 0.0791
epoch 238
train_loss: 0.0654
test_loss: 0.0790
epoch 239
train_loss: 0.0654
test_loss: 0.0790
epoch 240
train_loss: 0.0653
test_loss: 0.0789
epoch 241
train_loss: 0.0652
test_loss: 0.0788
epoch 242
train_loss: 0.0651
test_loss: 0.0788
epoch 243
train_loss: 0.0650
test_loss: 0.0787
epoch 244
train_loss: 0.0650
test_loss: 0.0787
epoch 245
train_loss: 0.0649
test_loss: 0.0786
epoch 246
train_loss: 0.0648
test_loss: 0.0786
epoch 247
train_loss: 0.0647
test_loss: 0.0785
epoch 248
train_loss: 0.0647
test_loss: 0.0784
epoch 249
train_loss: 0.0646
test_loss: 0.0784
epoch 250
train_loss: 0.0645
test_loss: 0.0783
epoch 251
train_loss: 0.0644
test_loss: 0.0783
epoch 252
train_loss: 0.0644
test_loss: 0.0782
epoch 253
train_loss: 0.0643
test_loss: 0.0782
epoch 254
train_loss: 0.0642
test_loss: 0.0781
epoch 255
train_loss: 0.0641
test_loss: 0.0781
epoch 256
train_loss: 0.0641
test_loss: 0.0780
epoch 257
train_loss: 0.0640
test_loss: 0.0780
epoch 258
train_loss: 0.0639
test_loss: 0.0779
epoch 259
train_loss: 0.0639
test_loss: 0.0778
epoch 260
train_loss: 0.0638
test_loss: 0.0778
epoch 261
train_loss: 0.0637
test_loss: 0.0777
epoch 262
train_loss: 0.0636
test_loss: 0.0777
epoch 263
train_loss: 0.0636
test_loss: 0.0776
epoch 264
train_loss: 0.0635
test_loss: 0.0776
epoch 265
train_loss: 0.0634
test_loss: 0.0775
epoch 266
train_loss: 0.0634
test_loss: 0.0775
epoch 267
train_loss: 0.0633
test_loss: 0.0774
epoch 268
train_loss: 0.0632
test_loss: 0.0774
epoch 269
train_loss: 0.0632
test_loss: 0.0773
epoch 270
train_loss: 0.0631
test_loss: 0.0773
epoch 271
train_loss: 0.0630
test_loss: 0.0772
epoch 272
train_loss: 0.0630
test_loss: 0.0772
epoch 273
train_loss: 0.0629
test_loss: 0.0771
epoch 274
train_loss: 0.0628
test_loss: 0.0771
epoch 275
train_loss: 0.0628
test_loss: 0.0770
epoch 276
train_loss: 0.0627
test_loss: 0.0770
epoch 277
train_loss: 0.0626
test_loss: 0.0770
epoch 278
train_loss: 0.0626
test_loss: 0.0769
epoch 279
train_loss: 0.0625
test_loss: 0.0769
epoch 280
train_loss: 0.0624
test_loss: 0.0768
epoch 281
train_loss: 0.0624
test_loss: 0.0768
epoch 282
train_loss: 0.0623
test_loss: 0.0767
epoch 283
train_loss: 0.0623
test_loss: 0.0767
epoch 284
train_loss: 0.0622
test_loss: 0.0767
epoch 285
train_loss: 0.0621
test_loss: 0.0766
epoch 286
train_loss: 0.0621
test_loss: 0.0765
epoch 287
train_loss: 0.0620
test_loss: 0.0765
epoch 288
train_loss: 0.0620
test_loss: 0.0764
epoch 289
train_loss: 0.0619
test_loss: 0.0764
epoch 290
train_loss: 0.0618
test_loss: 0.0764
epoch 291
train_loss: 0.0618
test_loss: 0.0763
epoch 292
train_loss: 0.0617
test_loss: 0.0763
epoch 293
train_loss: 0.0617
test_loss: 0.0763
epoch 294
train_loss: 0.0616
test_loss: 0.0762
epoch 295
train_loss: 0.0616
test_loss: 0.0762
epoch 296
train_loss: 0.0615
test_loss: 0.0761
epoch 297
train_loss: 0.0615
test_loss: 0.0761
epoch 298
train_loss: 0.0614
test_loss: 0.0761
epoch 299
train_loss: 0.0613
test_loss: 0.0760
epoch 300
train_loss: 0.0613
test_loss: 0.0760
epoch 301
train_loss: 0.0612
test_loss: 0.0760
epoch 302
train_loss: 0.0612
test_loss: 0.0759
epoch 303
train_loss: 0.0611
test_loss: 0.0759
epoch 304
train_loss: 0.0611
test_loss: 0.0759
epoch 305
train_loss: 0.0610
test_loss: 0.0758
epoch 306
train_loss: 0.0610
test_loss: 0.0758
epoch 307
train_loss: 0.0609
test_loss: 0.0757
epoch 308
train_loss: 0.0609
test_loss: 0.0757
epoch 309
train_loss: 0.0608
test_loss: 0.0757
epoch 310
train_loss: 0.0608
test_loss: 0.0756
epoch 311
train_loss: 0.0607
test_loss: 0.0756
epoch 312
train_loss: 0.0607
test_loss: 0.0755
epoch 313
train_loss: 0.0606
test_loss: 0.0756
epoch 314
train_loss: 0.0606
test_loss: 0.0755
epoch 315
train_loss: 0.0605
test_loss: 0.0755
epoch 316
train_loss: 0.0605
test_loss: 0.0754
epoch 317
train_loss: 0.0604
test_loss: 0.0755
epoch 318
train_loss: 0.0604
test_loss: 0.0754
epoch 319
train_loss: 0.0603
test_loss: 0.0754
epoch 320
train_loss: 0.0603
test_loss: 0.0754
epoch 321
train_loss: 0.0603
test_loss: 0.0753
epoch 322
train_loss: 0.0602
test_loss: 0.0753
epoch 323
train_loss: 0.0602
test_loss: 0.0753
epoch 324
train_loss: 0.0601
test_loss: 0.0753
epoch 325
train_loss: 0.0601
test_loss: 0.0753
epoch 326
train_loss: 0.0600
test_loss: 0.0752
epoch 327
train_loss: 0.0600
test_loss: 0.0752
epoch 328
train_loss: 0.0599
test_loss: 0.0752
epoch 329
train_loss: 0.0599
test_loss: 0.0752
epoch 330
train_loss: 0.0599
test_loss: 0.0752
epoch 331
train_loss: 0.0598
test_loss: 0.0751
epoch 332
train_loss: 0.0598
test_loss: 0.0751
epoch 333
train_loss: 0.0597
test_loss: 0.0751
epoch 334
train_loss: 0.0597
test_loss: 0.0751
epoch 335
train_loss: 0.0597
test_loss: 0.0750
epoch 336
train_loss: 0.0596
test_loss: 0.0750
epoch 337
train_loss: 0.0596
test_loss: 0.0750
epoch 338
train_loss: 0.0595
test_loss: 0.0750
epoch 339
train_loss: 0.0595
test_loss: 0.0749
epoch 340
train_loss: 0.0595
test_loss: 0.0749
epoch 341
train_loss: 0.0594
test_loss: 0.0749
epoch 342
train_loss: 0.0594
test_loss: 0.0749
epoch 343
train_loss: 0.0593
test_loss: 0.0749
epoch 344
train_loss: 0.0593
test_loss: 0.0748
epoch 345
train_loss: 0.0593
test_loss: 0.0748
epoch 346
train_loss: 0.0592
test_loss: 0.0748
epoch 347
train_loss: 0.0592
test_loss: 0.0747
epoch 348
train_loss: 0.0591
test_loss: 0.0747
epoch 349
train_loss: 0.0591
test_loss: 0.0747
epoch 350
train_loss: 0.0591
test_loss: 0.0747
epoch 351
train_loss: 0.0590
test_loss: 0.0747
epoch 352
train_loss: 0.0590
test_loss: 0.0746
epoch 353
train_loss: 0.0589
test_loss: 0.0747
epoch 354
train_loss: 0.0589
test_loss: 0.0746
epoch 355
train_loss: 0.0588
test_loss: 0.0746
epoch 356
train_loss: 0.0588
test_loss: 0.0746
epoch 357
train_loss: 0.0588
test_loss: 0.0745
epoch 358
train_loss: 0.0587
test_loss: 0.0746
epoch 359
train_loss: 0.0587
test_loss: 0.0745
epoch 360
train_loss: 0.0587
test_loss: 0.0745
epoch 361
train_loss: 0.0586
test_loss: 0.0745
epoch 362
train_loss: 0.0586
test_loss: 0.0745
epoch 363
train_loss: 0.0585
test_loss: 0.0744
epoch 364
train_loss: 0.0585
test_loss: 0.0745
epoch 365
train_loss: 0.0585
test_loss: 0.0744
epoch 366
train_loss: 0.0584
test_loss: 0.0744
epoch 367
train_loss: 0.0584
test_loss: 0.0744
epoch 368
train_loss: 0.0584
test_loss: 0.0744
epoch 369
train_loss: 0.0583
test_loss: 0.0744
epoch 370
train_loss: 0.0583
test_loss: 0.0744
epoch 371
train_loss: 0.0583
test_loss: 0.0743
epoch 372
train_loss: 0.0582
test_loss: 0.0744
epoch 373
train_loss: 0.0582
test_loss: 0.0743
epoch 374
train_loss: 0.0581
test_loss: 0.0743
epoch 375
train_loss: 0.0581
test_loss: 0.0743
epoch 376
train_loss: 0.0581
test_loss: 0.0743
epoch 377
train_loss: 0.0580
test_loss: 0.0743
epoch 378
train_loss: 0.0580
test_loss: 0.0742
epoch 379
train_loss: 0.0580
test_loss: 0.0742
epoch 380
train_loss: 0.0579
test_loss: 0.0742
epoch 381
train_loss: 0.0579
test_loss: 0.0742
epoch 382
train_loss: 0.0579
test_loss: 0.0742
epoch 383
train_loss: 0.0578
test_loss: 0.0742
epoch 384
train_loss: 0.0578
test_loss: 0.0742
epoch 385
train_loss: 0.0578
test_loss: 0.0742
epoch 386
train_loss: 0.0577
test_loss: 0.0741
epoch 387
train_loss: 0.0577
test_loss: 0.0742
epoch 388
train_loss: 0.0577
test_loss: 0.0741
epoch 389
train_loss: 0.0576
test_loss: 0.0741
epoch 390
train_loss: 0.0576
test_loss: 0.0741
epoch 391
train_loss: 0.0576
test_loss: 0.0741
epoch 392
train_loss: 0.0575
test_loss: 0.0741
epoch 393
train_loss: 0.0575
test_loss: 0.0741
epoch 394
train_loss: 0.0575
test_loss: 0.0741
epoch 395
train_loss: 0.0574
test_loss: 0.0741
epoch 396
train_loss: 0.0574
test_loss: 0.0741
epoch 397
train_loss: 0.0574
test_loss: 0.0741
epoch 398
train_loss: 0.0574
test_loss: 0.0740
epoch 399
train_loss: 0.0573
test_loss: 0.0740
epoch 400
train_loss: 0.0573
test_loss: 0.0741
epoch 401
train_loss: 0.0573
test_loss: 0.0740
epoch 402
train_loss: 0.0572
test_loss: 0.0740
epoch 403
train_loss: 0.0572
test_loss: 0.0740
epoch 404
train_loss: 0.0572
test_loss: 0.0740
epoch 405
train_loss: 0.0571
test_loss: 0.0740
epoch 406
train_loss: 0.0571
test_loss: 0.0740
epoch 407
train_loss: 0.0571
test_loss: 0.0740
epoch 408
train_loss: 0.0571
test_loss: 0.0740
epoch 409
train_loss: 0.0570
test_loss: 0.0740
epoch 410
train_loss: 0.0570
test_loss: 0.0740
epoch 411
train_loss: 0.0570
test_loss: 0.0740
epoch 412
train_loss: 0.0570
test_loss: 0.0740
epoch 413
train_loss: 0.0569
test_loss: 0.0739
epoch 414
train_loss: 0.0569
test_loss: 0.0740
epoch 415
train_loss: 0.0569
test_loss: 0.0740
epoch 416
train_loss: 0.0568
test_loss: 0.0739
epoch 417
train_loss: 0.0568
test_loss: 0.0739
epoch 418
train_loss: 0.0568
test_loss: 0.0739
epoch 419
train_loss: 0.0568
test_loss: 0.0740
epoch 420
train_loss: 0.0567
test_loss: 0.0739
epoch 421
train_loss: 0.0567
test_loss: 0.0739
epoch 422
train_loss: 0.0567
test_loss: 0.0739
epoch 423
train_loss: 0.0567
test_loss: 0.0739
epoch 424
train_loss: 0.0566
test_loss: 0.0738
epoch 425
train_loss: 0.0566
test_loss: 0.0738
epoch 426
train_loss: 0.0566
test_loss: 0.0738
epoch 427
train_loss: 0.0566
test_loss: 0.0738
epoch 428
train_loss: 0.0565
test_loss: 0.0738
epoch 429
train_loss: 0.0565
test_loss: 0.0738
epoch 430
train_loss: 0.0565
test_loss: 0.0738
epoch 431
train_loss: 0.0565
test_loss: 0.0738
epoch 432
train_loss: 0.0564
test_loss: 0.0737
epoch 433
train_loss: 0.0564
test_loss: 0.0737
epoch 434
train_loss: 0.0564
test_loss: 0.0737
epoch 435
train_loss: 0.0564
test_loss: 0.0737
epoch 436
train_loss: 0.0563
test_loss: 0.0737
epoch 437
train_loss: 0.0563
test_loss: 0.0737
epoch 438
train_loss: 0.0563
test_loss: 0.0737
epoch 439
train_loss: 0.0563
test_loss: 0.0737
epoch 440
train_loss: 0.0562
test_loss: 0.0737
epoch 441
train_loss: 0.0562
test_loss: 0.0737
epoch 442
train_loss: 0.0562
test_loss: 0.0737
epoch 443
train_loss: 0.0562
test_loss: 0.0736
epoch 444
train_loss: 0.0561
test_loss: 0.0736
epoch 445
train_loss: 0.0561
test_loss: 0.0736
epoch 446
train_loss: 0.0561
test_loss: 0.0736
epoch 447
train_loss: 0.0561
test_loss: 0.0736
epoch 448
train_loss: 0.0560
test_loss: 0.0736
epoch 449
train_loss: 0.0560
test_loss: 0.0736
epoch 450
train_loss: 0.0560
test_loss: 0.0736
epoch 451
train_loss: 0.0560
test_loss: 0.0735
epoch 452
train_loss: 0.0559
test_loss: 0.0735
epoch 453
train_loss: 0.0559
test_loss: 0.0735
epoch 454
train_loss: 0.0559
test_loss: 0.0735
epoch 455
train_loss: 0.0559
test_loss: 0.0735
epoch 456
train_loss: 0.0558
test_loss: 0.0735
epoch 457
train_loss: 0.0558
test_loss: 0.0735
epoch 458
train_loss: 0.0558
test_loss: 0.0735
epoch 459
train_loss: 0.0558
test_loss: 0.0735
epoch 460
train_loss: 0.0557
test_loss: 0.0735
epoch 461
train_loss: 0.0557
test_loss: 0.0735
epoch 462
train_loss: 0.0557
test_loss: 0.0735
epoch 463
train_loss: 0.0557
test_loss: 0.0735
epoch 464
train_loss: 0.0556
test_loss: 0.0735
epoch 465
train_loss: 0.0556
test_loss: 0.0735
epoch 466
train_loss: 0.0556
test_loss: 0.0735
epoch 467
train_loss: 0.0556
test_loss: 0.0735
epoch 468
train_loss: 0.0555
test_loss: 0.0734
epoch 469
train_loss: 0.0555
test_loss: 0.0735
epoch 470
train_loss: 0.0555
test_loss: 0.0735
epoch 471
train_loss: 0.0555
test_loss: 0.0734
epoch 472
train_loss: 0.0554
test_loss: 0.0734
epoch 473
train_loss: 0.0554
test_loss: 0.0734
epoch 474
train_loss: 0.0554
test_loss: 0.0734
epoch 475
train_loss: 0.0554
test_loss: 0.0734
epoch 476
train_loss: 0.0553
test_loss: 0.0734
epoch 477
train_loss: 0.0553
test_loss: 0.0734
epoch 478
train_loss: 0.0553
test_loss: 0.0733
epoch 479
train_loss: 0.0553
test_loss: 0.0733
epoch 480
train_loss: 0.0553
test_loss: 0.0733
epoch 481
train_loss: 0.0552
test_loss: 0.0733
epoch 482
train_loss: 0.0552
test_loss: 0.0733
epoch 483
train_loss: 0.0552
test_loss: 0.0733
epoch 484
train_loss: 0.0552
test_loss: 0.0733
epoch 485
train_loss: 0.0551
test_loss: 0.0733
epoch 486
train_loss: 0.0551
test_loss: 0.0733
epoch 487
train_loss: 0.0551
test_loss: 0.0733
epoch 488
train_loss: 0.0551
test_loss: 0.0733
epoch 489
train_loss: 0.0551
test_loss: 0.0733
epoch 490
train_loss: 0.0550
test_loss: 0.0733
epoch 491
train_loss: 0.0550
test_loss: 0.0733
epoch 492
train_loss: 0.0550
test_loss: 0.0733
epoch 493
train_loss: 0.0550
test_loss: 0.0732
epoch 494
train_loss: 0.0550
test_loss: 0.0732
epoch 495
train_loss: 0.0549
test_loss: 0.0732
epoch 496
train_loss: 0.0549
test_loss: 0.0732
epoch 497
train_loss: 0.0549
test_loss: 0.0732
epoch 498
train_loss: 0.0549
test_loss: 0.0732
epoch 499
train_loss: 0.0549
test_loss: 0.0732
epoch 500
train_loss: 0.0548
test_loss: 0.0732
epoch 501
train_loss: 0.0548
test_loss: 0.0732
epoch 502
train_loss: 0.0548
test_loss: 0.0732
epoch 503
train_loss: 0.0548
test_loss: 0.0732
epoch 504
train_loss: 0.0548
test_loss: 0.0732
epoch 505
train_loss: 0.0547
test_loss: 0.0732
epoch 506
train_loss: 0.0547
test_loss: 0.0732
epoch 507
train_loss: 0.0547
test_loss: 0.0731
epoch 508
train_loss: 0.0547
test_loss: 0.0731
epoch 509
train_loss: 0.0547
test_loss: 0.0731
epoch 510
train_loss: 0.0547
test_loss: 0.0731
epoch 511
train_loss: 0.0546
test_loss: 0.0731
epoch 512
train_loss: 0.0546
test_loss: 0.0731
epoch 513
train_loss: 0.0546
test_loss: 0.0731
epoch 514
train_loss: 0.0546
test_loss: 0.0731
epoch 515
train_loss: 0.0546
test_loss: 0.0730
epoch 516
train_loss: 0.0545
test_loss: 0.0730
epoch 517
train_loss: 0.0545
test_loss: 0.0730
epoch 518
train_loss: 0.0545
test_loss: 0.0730
epoch 519
train_loss: 0.0545
test_loss: 0.0730
epoch 520
train_loss: 0.0545
test_loss: 0.0730
epoch 521
train_loss: 0.0544
test_loss: 0.0730
epoch 522
train_loss: 0.0544
test_loss: 0.0730
epoch 523
train_loss: 0.0544
test_loss: 0.0730
epoch 524
train_loss: 0.0544
test_loss: 0.0729
epoch 525
train_loss: 0.0544
test_loss: 0.0729
epoch 526
train_loss: 0.0543
test_loss: 0.0729
epoch 527
train_loss: 0.0543
test_loss: 0.0729
epoch 528
train_loss: 0.0543
test_loss: 0.0729
epoch 529
train_loss: 0.0543
test_loss: 0.0729
epoch 530
train_loss: 0.0543
test_loss: 0.0729
epoch 531
train_loss: 0.0542
test_loss: 0.0729
epoch 532
train_loss: 0.0542
test_loss: 0.0729
epoch 533
train_loss: 0.0542
test_loss: 0.0729
epoch 534
train_loss: 0.0542
test_loss: 0.0729
epoch 535
train_loss: 0.0542
test_loss: 0.0729
epoch 536
train_loss: 0.0541
test_loss: 0.0729
epoch 537
train_loss: 0.0541
test_loss: 0.0729
epoch 538
train_loss: 0.0541
test_loss: 0.0729
epoch 539
train_loss: 0.0541
test_loss: 0.0729
epoch 540
train_loss: 0.0541
test_loss: 0.0728
epoch 541
train_loss: 0.0540
test_loss: 0.0728
epoch 542
train_loss: 0.0540
test_loss: 0.0728
epoch 543
train_loss: 0.0540
test_loss: 0.0728
epoch 544
train_loss: 0.0540
test_loss: 0.0728
epoch 545
train_loss: 0.0540
test_loss: 0.0728
epoch 546
train_loss: 0.0539
test_loss: 0.0728
epoch 547
train_loss: 0.0539
test_loss: 0.0728
epoch 548
train_loss: 0.0539
test_loss: 0.0728
epoch 549
train_loss: 0.0539
test_loss: 0.0728
epoch 550
train_loss: 0.0539
test_loss: 0.0728
epoch 551
train_loss: 0.0538
test_loss: 0.0728
epoch 552
train_loss: 0.0538
test_loss: 0.0728
epoch 553
train_loss: 0.0538
test_loss: 0.0728
epoch 554
train_loss: 0.0538
test_loss: 0.0728
epoch 555
train_loss: 0.0538
test_loss: 0.0728
epoch 556
train_loss: 0.0537
test_loss: 0.0728
epoch 557
train_loss: 0.0537
test_loss: 0.0728
epoch 558
train_loss: 0.0537
test_loss: 0.0728
epoch 559
train_loss: 0.0537
test_loss: 0.0728
epoch 560
train_loss: 0.0537
test_loss: 0.0727
epoch 561
train_loss: 0.0536
test_loss: 0.0727
epoch 562
train_loss: 0.0536
test_loss: 0.0727
epoch 563
train_loss: 0.0536
test_loss: 0.0727
epoch 564
train_loss: 0.0536
test_loss: 0.0727
epoch 565
train_loss: 0.0536
test_loss: 0.0727
epoch 566
train_loss: 0.0536
test_loss: 0.0727
epoch 567
train_loss: 0.0535
test_loss: 0.0727
epoch 568
train_loss: 0.0535
test_loss: 0.0727
epoch 569
train_loss: 0.0535
test_loss: 0.0727
epoch 570
train_loss: 0.0535
test_loss: 0.0727
epoch 571
train_loss: 0.0535
test_loss: 0.0727
epoch 572
train_loss: 0.0534
test_loss: 0.0727
epoch 573
train_loss: 0.0534
test_loss: 0.0727
epoch 574
train_loss: 0.0534
test_loss: 0.0727
epoch 575
train_loss: 0.0534
test_loss: 0.0727
epoch 576
train_loss: 0.0534
test_loss: 0.0727
epoch 577
train_loss: 0.0534
test_loss: 0.0727
epoch 578
train_loss: 0.0533
test_loss: 0.0727
epoch 579
train_loss: 0.0533
test_loss: 0.0727
epoch 580
train_loss: 0.0533
test_loss: 0.0727
epoch 581
train_loss: 0.0533
test_loss: 0.0727
epoch 582
train_loss: 0.0533
test_loss: 0.0726
epoch 583
train_loss: 0.0533
test_loss: 0.0726
epoch 584
train_loss: 0.0532
test_loss: 0.0726
epoch 585
train_loss: 0.0532
test_loss: 0.0726
epoch 586
train_loss: 0.0532
test_loss: 0.0726
epoch 587
train_loss: 0.0532
test_loss: 0.0726
epoch 588
train_loss: 0.0532
test_loss: 0.0726
epoch 589
train_loss: 0.0532
test_loss: 0.0726
epoch 590
train_loss: 0.0531
test_loss: 0.0726
epoch 591
train_loss: 0.0531
test_loss: 0.0726
epoch 592
train_loss: 0.0531
test_loss: 0.0726
epoch 593
train_loss: 0.0531
test_loss: 0.0726
epoch 594
train_loss: 0.0531
test_loss: 0.0726
epoch 595
train_loss: 0.0531
test_loss: 0.0726
epoch 596
train_loss: 0.0530
test_loss: 0.0726
epoch 597
train_loss: 0.0530
test_loss: 0.0726
epoch 598
train_loss: 0.0530
test_loss: 0.0726
epoch 599
train_loss: 0.0530
test_loss: 0.0726
epoch 600
train_loss: 0.0530
test_loss: 0.0726
epoch 601
train_loss: 0.0530
test_loss: 0.0726
epoch 602
train_loss: 0.0529
test_loss: 0.0725
epoch 603
train_loss: 0.0529
test_loss: 0.0725
epoch 604
train_loss: 0.0529
test_loss: 0.0725
epoch 605
train_loss: 0.0529
test_loss: 0.0725
epoch 606
train_loss: 0.0529
test_loss: 0.0725
epoch 607
train_loss: 0.0529
test_loss: 0.0725
epoch 608
train_loss: 0.0528
test_loss: 0.0725
epoch 609
train_loss: 0.0528
test_loss: 0.0725
epoch 610
train_loss: 0.0528
test_loss: 0.0725
epoch 611
train_loss: 0.0528
test_loss: 0.0725
epoch 612
train_loss: 0.0528
test_loss: 0.0725
epoch 613
train_loss: 0.0528
test_loss: 0.0725
epoch 614
train_loss: 0.0527
test_loss: 0.0725
epoch 615
train_loss: 0.0527
test_loss: 0.0724
epoch 616
train_loss: 0.0527
test_loss: 0.0724
epoch 617
train_loss: 0.0527
test_loss: 0.0725
epoch 618
train_loss: 0.0527
test_loss: 0.0724
epoch 619
train_loss: 0.0527
test_loss: 0.0724
epoch 620
train_loss: 0.0526
test_loss: 0.0724
epoch 621
train_loss: 0.0526
test_loss: 0.0724
epoch 622
train_loss: 0.0526
test_loss: 0.0724
epoch 623
train_loss: 0.0526
test_loss: 0.0724
epoch 624
train_loss: 0.0526
test_loss: 0.0724
epoch 625
train_loss: 0.0526
test_loss: 0.0724
epoch 626
train_loss: 0.0525
test_loss: 0.0724
epoch 627
train_loss: 0.0525
test_loss: 0.0724
epoch 628
train_loss: 0.0525
test_loss: 0.0724
epoch 629
train_loss: 0.0525
test_loss: 0.0724
epoch 630
train_loss: 0.0525
test_loss: 0.0723
epoch 631
train_loss: 0.0525
test_loss: 0.0723
epoch 632
train_loss: 0.0525
test_loss: 0.0723
epoch 633
train_loss: 0.0524
test_loss: 0.0723
epoch 634
train_loss: 0.0524
test_loss: 0.0723
epoch 635
train_loss: 0.0524
test_loss: 0.0723
epoch 636
train_loss: 0.0524
test_loss: 0.0723
epoch 637
train_loss: 0.0524
test_loss: 0.0723
epoch 638
train_loss: 0.0524
test_loss: 0.0723
epoch 639
train_loss: 0.0524
test_loss: 0.0723
epoch 640
train_loss: 0.0523
test_loss: 0.0723
epoch 641
train_loss: 0.0523
test_loss: 0.0723
epoch 642
train_loss: 0.0523
test_loss: 0.0723
epoch 643
train_loss: 0.0523
test_loss: 0.0723
epoch 644
train_loss: 0.0523
test_loss: 0.0723
epoch 645
train_loss: 0.0523
test_loss: 0.0723
epoch 646
train_loss: 0.0523
test_loss: 0.0723
epoch 647
train_loss: 0.0522
test_loss: 0.0723
epoch 648
train_loss: 0.0522
test_loss: 0.0723
epoch 649
train_loss: 0.0522
test_loss: 0.0723
epoch 650
train_loss: 0.0522
test_loss: 0.0723
epoch 651
train_loss: 0.0522
test_loss: 0.0723
epoch 652
train_loss: 0.0522
test_loss: 0.0723
epoch 653
train_loss: 0.0522
test_loss: 0.0723
epoch 654
train_loss: 0.0521
test_loss: 0.0723
epoch 655
train_loss: 0.0521
test_loss: 0.0723
epoch 656
train_loss: 0.0521
test_loss: 0.0723
epoch 657
train_loss: 0.0521
test_loss: 0.0723
epoch 658
train_loss: 0.0521
test_loss: 0.0723
epoch 659
train_loss: 0.0521
test_loss: 0.0723
epoch 660
train_loss: 0.0521
test_loss: 0.0723
epoch 661
train_loss: 0.0520
test_loss: 0.0723
epoch 662
train_loss: 0.0520
test_loss: 0.0723
epoch 663
train_loss: 0.0520
test_loss: 0.0723
epoch 664
train_loss: 0.0520
test_loss: 0.0723
epoch 665
train_loss: 0.0520
test_loss: 0.0723
epoch 666
train_loss: 0.0520
test_loss: 0.0723
epoch 667
train_loss: 0.0520
test_loss: 0.0723
epoch 668
train_loss: 0.0519
test_loss: 0.0723
epoch 669
train_loss: 0.0519
test_loss: 0.0723
epoch 670
train_loss: 0.0519
test_loss: 0.0723
epoch 671
train_loss: 0.0519
test_loss: 0.0723
epoch 672
train_loss: 0.0519
test_loss: 0.0723
epoch 673
train_loss: 0.0519
test_loss: 0.0723
epoch 674
train_loss: 0.0519
test_loss: 0.0723
epoch 675
train_loss: 0.0518
test_loss: 0.0723
epoch 676
train_loss: 0.0518
test_loss: 0.0723
epoch 677
train_loss: 0.0518
test_loss: 0.0723
epoch 678
train_loss: 0.0518
test_loss: 0.0723
epoch 679
train_loss: 0.0518
test_loss: 0.0723
epoch 680
train_loss: 0.0518
test_loss: 0.0723
epoch 681
train_loss: 0.0518
test_loss: 0.0723
epoch 682
train_loss: 0.0517
test_loss: 0.0723
epoch 683
train_loss: 0.0517
test_loss: 0.0723
epoch 684
train_loss: 0.0517
test_loss: 0.0723
epoch 685
train_loss: 0.0517
test_loss: 0.0723
epoch 686
train_loss: 0.0517
test_loss: 0.0723
epoch 687
train_loss: 0.0517
test_loss: 0.0723
epoch 688
train_loss: 0.0517
test_loss: 0.0723
epoch 689
train_loss: 0.0517
test_loss: 0.0723
epoch 690
train_loss: 0.0516
test_loss: 0.0723
epoch 691
train_loss: 0.0516
test_loss: 0.0723
epoch 692
train_loss: 0.0516
test_loss: 0.0723
epoch 693
train_loss: 0.0516
test_loss: 0.0723
epoch 694
train_loss: 0.0516
test_loss: 0.0723
epoch 695
train_loss: 0.0516
test_loss: 0.0723
epoch 696
train_loss: 0.0516
test_loss: 0.0723
epoch 697
train_loss: 0.0515
test_loss: 0.0723
epoch 698
train_loss: 0.0515
test_loss: 0.0723
epoch 699
train_loss: 0.0515
test_loss: 0.0723
epoch 700
train_loss: 0.0515
test_loss: 0.0723
epoch 701
train_loss: 0.0515
test_loss: 0.0723
epoch 702
train_loss: 0.0515
test_loss: 0.0723
epoch 703
train_loss: 0.0515
test_loss: 0.0723
epoch 704
train_loss: 0.0514
test_loss: 0.0723
epoch 705
train_loss: 0.0514
test_loss: 0.0723
epoch 706
train_loss: 0.0514
test_loss: 0.0723
epoch 707
train_loss: 0.0514
test_loss: 0.0723
epoch 708
train_loss: 0.0514
test_loss: 0.0723
epoch 709
train_loss: 0.0514
test_loss: 0.0722
epoch 710
train_loss: 0.0514
test_loss: 0.0722
epoch 711
train_loss: 0.0514
test_loss: 0.0722
epoch 712
train_loss: 0.0513
test_loss: 0.0722
epoch 713
train_loss: 0.0513
test_loss: 0.0722
epoch 714
train_loss: 0.0513
test_loss: 0.0722
epoch 715
train_loss: 0.0513
test_loss: 0.0722
epoch 716
train_loss: 0.0513
test_loss: 0.0722
epoch 717
train_loss: 0.0513
test_loss: 0.0722
epoch 718
train_loss: 0.0513
test_loss: 0.0722
epoch 719
train_loss: 0.0513
test_loss: 0.0722
epoch 720
train_loss: 0.0512
test_loss: 0.0722
epoch 721
train_loss: 0.0512
test_loss: 0.0722
epoch 722
train_loss: 0.0512
test_loss: 0.0722
epoch 723
train_loss: 0.0512
test_loss: 0.0722
epoch 724
train_loss: 0.0512
test_loss: 0.0722
epoch 725
train_loss: 0.0512
test_loss: 0.0722
epoch 726
train_loss: 0.0512
test_loss: 0.0722
epoch 727
train_loss: 0.0512
test_loss: 0.0722
epoch 728
train_loss: 0.0511
test_loss: 0.0722
epoch 729
train_loss: 0.0511
test_loss: 0.0722
epoch 730
train_loss: 0.0511
test_loss: 0.0721
epoch 731
train_loss: 0.0511
test_loss: 0.0721
epoch 732
train_loss: 0.0511
test_loss: 0.0721
epoch 733
train_loss: 0.0511
test_loss: 0.0722
epoch 734
train_loss: 0.0511
test_loss: 0.0721
epoch 735
train_loss: 0.0511
test_loss: 0.0721
epoch 736
train_loss: 0.0511
test_loss: 0.0721
epoch 737
train_loss: 0.0510
test_loss: 0.0721
epoch 738
train_loss: 0.0510
test_loss: 0.0721
epoch 739
train_loss: 0.0510
test_loss: 0.0721
epoch 740
train_loss: 0.0510
test_loss: 0.0721
epoch 741
train_loss: 0.0510
test_loss: 0.0721
epoch 742
train_loss: 0.0510
test_loss: 0.0721
epoch 743
train_loss: 0.0510
test_loss: 0.0721
epoch 744
train_loss: 0.0510
test_loss: 0.0721
epoch 745
train_loss: 0.0510
test_loss: 0.0721
epoch 746
train_loss: 0.0509
test_loss: 0.0721
epoch 747
train_loss: 0.0509
test_loss: 0.0721
epoch 748
train_loss: 0.0509
test_loss: 0.0721
epoch 749
train_loss: 0.0509
test_loss: 0.0721
epoch 750
train_loss: 0.0509
test_loss: 0.0721
epoch 751
train_loss: 0.0509
test_loss: 0.0721
epoch 752
train_loss: 0.0509
test_loss: 0.0720
epoch 753
train_loss: 0.0509
test_loss: 0.0721
epoch 754
train_loss: 0.0509
test_loss: 0.0721
epoch 755
train_loss: 0.0508
test_loss: 0.0720
epoch 756
train_loss: 0.0508
test_loss: 0.0720
epoch 757
train_loss: 0.0508
test_loss: 0.0720
epoch 758
train_loss: 0.0508
test_loss: 0.0720
epoch 759
train_loss: 0.0508
test_loss: 0.0720
epoch 760
train_loss: 0.0508
test_loss: 0.0720
epoch 761
train_loss: 0.0508
test_loss: 0.0720
epoch 762
train_loss: 0.0508
test_loss: 0.0720
epoch 763
train_loss: 0.0508
test_loss: 0.0720
epoch 764
train_loss: 0.0507
test_loss: 0.0720
epoch 765
train_loss: 0.0507
test_loss: 0.0720
epoch 766
train_loss: 0.0507
test_loss: 0.0720
epoch 767
train_loss: 0.0507
test_loss: 0.0720
epoch 768
train_loss: 0.0507
test_loss: 0.0720
epoch 769
train_loss: 0.0507
test_loss: 0.0720
epoch 770
train_loss: 0.0507
test_loss: 0.0720
epoch 771
train_loss: 0.0507
test_loss: 0.0720
epoch 772
train_loss: 0.0507
test_loss: 0.0720
epoch 773
train_loss: 0.0507
test_loss: 0.0719
epoch 774
train_loss: 0.0506
test_loss: 0.0719
epoch 775
train_loss: 0.0506
test_loss: 0.0719
epoch 776
train_loss: 0.0506
test_loss: 0.0719
epoch 777
train_loss: 0.0506
test_loss: 0.0719
epoch 778
train_loss: 0.0506
test_loss: 0.0719
epoch 779
train_loss: 0.0506
test_loss: 0.0719
epoch 780
train_loss: 0.0506
test_loss: 0.0719
epoch 781
train_loss: 0.0506
test_loss: 0.0719
epoch 782
train_loss: 0.0506
test_loss: 0.0719
epoch 783
train_loss: 0.0506
test_loss: 0.0719
epoch 784
train_loss: 0.0505
test_loss: 0.0719
epoch 785
train_loss: 0.0505
test_loss: 0.0719
epoch 786
train_loss: 0.0505
test_loss: 0.0719
epoch 787
train_loss: 0.0505
test_loss: 0.0719
epoch 788
train_loss: 0.0505
test_loss: 0.0719
epoch 789
train_loss: 0.0505
test_loss: 0.0719
epoch 790
train_loss: 0.0505
test_loss: 0.0719
epoch 791
train_loss: 0.0505
test_loss: 0.0719
epoch 792
train_loss: 0.0505
test_loss: 0.0719
epoch 793
train_loss: 0.0505
test_loss: 0.0719
epoch 794
train_loss: 0.0504
test_loss: 0.0719
epoch 795
train_loss: 0.0504
test_loss: 0.0719
epoch 796
train_loss: 0.0504
test_loss: 0.0719
epoch 797
train_loss: 0.0504
test_loss: 0.0719
epoch 798
train_loss: 0.0504
test_loss: 0.0719
epoch 799
train_loss: 0.0504
test_loss: 0.0719
epoch 800
train_loss: 0.0504
test_loss: 0.0719
epoch 801
train_loss: 0.0504
test_loss: 0.0719
epoch 802
train_loss: 0.0504
test_loss: 0.0719
epoch 803
train_loss: 0.0504
test_loss: 0.0719
epoch 804
train_loss: 0.0503
test_loss: 0.0719
epoch 805
train_loss: 0.0503
test_loss: 0.0719
epoch 806
train_loss: 0.0503
test_loss: 0.0718
epoch 807
train_loss: 0.0503
test_loss: 0.0718
epoch 808
train_loss: 0.0503
test_loss: 0.0719
epoch 809
train_loss: 0.0503
test_loss: 0.0718
epoch 810
train_loss: 0.0503
test_loss: 0.0718
epoch 811
train_loss: 0.0503
test_loss: 0.0718
epoch 812
train_loss: 0.0503
test_loss: 0.0718
epoch 813
train_loss: 0.0503
test_loss: 0.0718
epoch 814
train_loss: 0.0502
test_loss: 0.0718
epoch 815
train_loss: 0.0502
test_loss: 0.0718
epoch 816
train_loss: 0.0502
test_loss: 0.0718
epoch 817
train_loss: 0.0502
test_loss: 0.0718
epoch 818
train_loss: 0.0502
test_loss: 0.0718
epoch 819
train_loss: 0.0502
test_loss: 0.0718
epoch 820
train_loss: 0.0502
test_loss: 0.0718
epoch 821
train_loss: 0.0502
test_loss: 0.0718
epoch 822
train_loss: 0.0502
test_loss: 0.0718
epoch 823
train_loss: 0.0501
test_loss: 0.0718
epoch 824
train_loss: 0.0501
test_loss: 0.0718
epoch 825
train_loss: 0.0501
test_loss: 0.0717
epoch 826
train_loss: 0.0501
test_loss: 0.0718
epoch 827
train_loss: 0.0501
test_loss: 0.0717
epoch 828
train_loss: 0.0501
test_loss: 0.0717
epoch 829
train_loss: 0.0501
test_loss: 0.0718
epoch 830
train_loss: 0.0501
test_loss: 0.0717
epoch 831
train_loss: 0.0501
test_loss: 0.0717
epoch 832
train_loss: 0.0501
test_loss: 0.0717
epoch 833
train_loss: 0.0500
test_loss: 0.0717
epoch 834
train_loss: 0.0500
test_loss: 0.0717
epoch 835
train_loss: 0.0500
test_loss: 0.0717
epoch 836
train_loss: 0.0500
test_loss: 0.0717
epoch 837
train_loss: 0.0500
test_loss: 0.0717
epoch 838
train_loss: 0.0500
test_loss: 0.0717
epoch 839
train_loss: 0.0500
test_loss: 0.0717
epoch 840
train_loss: 0.0500
test_loss: 0.0717
epoch 841
train_loss: 0.0500
test_loss: 0.0717
epoch 842
train_loss: 0.0500
test_loss: 0.0717
epoch 843
train_loss: 0.0499
test_loss: 0.0717
epoch 844
train_loss: 0.0499
test_loss: 0.0717
epoch 845
train_loss: 0.0499
test_loss: 0.0717
epoch 846
train_loss: 0.0499
test_loss: 0.0717
epoch 847
train_loss: 0.0499
test_loss: 0.0716
epoch 848
train_loss: 0.0499
test_loss: 0.0717
epoch 849
train_loss: 0.0499
test_loss: 0.0716
epoch 850
train_loss: 0.0499
test_loss: 0.0716
epoch 851
train_loss: 0.0499
test_loss: 0.0716
epoch 852
train_loss: 0.0499
test_loss: 0.0716
epoch 853
train_loss: 0.0499
test_loss: 0.0716
epoch 854
train_loss: 0.0498
test_loss: 0.0716
epoch 855
train_loss: 0.0498
test_loss: 0.0716
epoch 856
train_loss: 0.0498
test_loss: 0.0716
epoch 857
train_loss: 0.0498
test_loss: 0.0716
epoch 858
train_loss: 0.0498
test_loss: 0.0716
epoch 859
train_loss: 0.0498
test_loss: 0.0716
epoch 860
train_loss: 0.0498
test_loss: 0.0716
epoch 861
train_loss: 0.0498
test_loss: 0.0716
epoch 862
train_loss: 0.0498
test_loss: 0.0716
epoch 863
train_loss: 0.0498
test_loss: 0.0716
epoch 864
train_loss: 0.0498
test_loss: 0.0716
epoch 865
train_loss: 0.0497
test_loss: 0.0716
epoch 866
train_loss: 0.0497
test_loss: 0.0716
epoch 867
train_loss: 0.0497
test_loss: 0.0716
epoch 868
train_loss: 0.0497
test_loss: 0.0716
epoch 869
train_loss: 0.0497
test_loss: 0.0716
epoch 870
train_loss: 0.0497
test_loss: 0.0716
epoch 871
train_loss: 0.0497
test_loss: 0.0715
epoch 872
train_loss: 0.0497
test_loss: 0.0715
epoch 873
train_loss: 0.0497
test_loss: 0.0716
epoch 874
train_loss: 0.0497
test_loss: 0.0715
epoch 875
train_loss: 0.0497
test_loss: 0.0716
epoch 876
train_loss: 0.0496
test_loss: 0.0715
epoch 877
train_loss: 0.0496
test_loss: 0.0715
epoch 878
train_loss: 0.0496
test_loss: 0.0716
epoch 879
train_loss: 0.0496
test_loss: 0.0715
epoch 880
train_loss: 0.0496
test_loss: 0.0715
epoch 881
train_loss: 0.0496
test_loss: 0.0715
epoch 882
train_loss: 0.0496
test_loss: 0.0715
epoch 883
train_loss: 0.0496
test_loss: 0.0715
epoch 884
train_loss: 0.0496
test_loss: 0.0715
epoch 885
train_loss: 0.0496
test_loss: 0.0715
epoch 886
train_loss: 0.0496
test_loss: 0.0715
epoch 887
train_loss: 0.0496
test_loss: 0.0715
epoch 888
train_loss: 0.0496
test_loss: 0.0715
epoch 889
train_loss: 0.0495
test_loss: 0.0715
epoch 890
train_loss: 0.0495
test_loss: 0.0715
epoch 891
train_loss: 0.0495
test_loss: 0.0715
epoch 892
train_loss: 0.0495
test_loss: 0.0715
epoch 893
train_loss: 0.0495
test_loss: 0.0715
epoch 894
train_loss: 0.0495
test_loss: 0.0715
epoch 895
train_loss: 0.0495
test_loss: 0.0715
epoch 896
train_loss: 0.0495
test_loss: 0.0715
epoch 897
train_loss: 0.0495
test_loss: 0.0715
epoch 898
train_loss: 0.0495
test_loss: 0.0715
epoch 899
train_loss: 0.0495
test_loss: 0.0715
epoch 900
train_loss: 0.0495
test_loss: 0.0715
epoch 901
train_loss: 0.0494
test_loss: 0.0715
epoch 902
train_loss: 0.0494
test_loss: 0.0715
epoch 903
train_loss: 0.0494
test_loss: 0.0715
epoch 904
train_loss: 0.0494
test_loss: 0.0715
epoch 905
train_loss: 0.0494
test_loss: 0.0715
epoch 906
train_loss: 0.0494
test_loss: 0.0715
epoch 907
train_loss: 0.0494
test_loss: 0.0715
epoch 908
train_loss: 0.0494
test_loss: 0.0715
epoch 909
train_loss: 0.0494
test_loss: 0.0715
epoch 910
train_loss: 0.0494
test_loss: 0.0715
epoch 911
train_loss: 0.0494
test_loss: 0.0715
epoch 912
train_loss: 0.0494
test_loss: 0.0715
epoch 913
train_loss: 0.0494
test_loss: 0.0714
epoch 914
train_loss: 0.0493
test_loss: 0.0715
epoch 915
train_loss: 0.0493
test_loss: 0.0715
epoch 916
train_loss: 0.0493
test_loss: 0.0715
epoch 917
train_loss: 0.0493
test_loss: 0.0715
epoch 918
train_loss: 0.0493
test_loss: 0.0715
epoch 919
train_loss: 0.0493
test_loss: 0.0715
epoch 920
train_loss: 0.0493
test_loss: 0.0715
epoch 921
train_loss: 0.0493
test_loss: 0.0715
epoch 922
train_loss: 0.0493
test_loss: 0.0714
epoch 923
train_loss: 0.0493
test_loss: 0.0715
epoch 924
train_loss: 0.0493
test_loss: 0.0714
epoch 925
train_loss: 0.0493
test_loss: 0.0715
epoch 926
train_loss: 0.0493
test_loss: 0.0714
epoch 927
train_loss: 0.0493
test_loss: 0.0714
epoch 928
train_loss: 0.0492
test_loss: 0.0714
epoch 929
train_loss: 0.0492
test_loss: 0.0714
epoch 930
train_loss: 0.0492
test_loss: 0.0714
epoch 931
train_loss: 0.0492
test_loss: 0.0714
epoch 932
train_loss: 0.0492
test_loss: 0.0714
epoch 933
train_loss: 0.0492
test_loss: 0.0714
epoch 934
train_loss: 0.0492
test_loss: 0.0714
epoch 935
train_loss: 0.0492
test_loss: 0.0714
epoch 936
train_loss: 0.0492
test_loss: 0.0715
epoch 937
train_loss: 0.0492
test_loss: 0.0714
epoch 938
train_loss: 0.0492
test_loss: 0.0714
epoch 939
train_loss: 0.0492
test_loss: 0.0714
epoch 940
train_loss: 0.0492
test_loss: 0.0714
epoch 941
train_loss: 0.0492
test_loss: 0.0714
epoch 942
train_loss: 0.0492
test_loss: 0.0714
epoch 943
train_loss: 0.0491
test_loss: 0.0714
epoch 944
train_loss: 0.0491
test_loss: 0.0714
epoch 945
train_loss: 0.0491
test_loss: 0.0714
epoch 946
train_loss: 0.0491
test_loss: 0.0714
epoch 947
train_loss: 0.0491
test_loss: 0.0714
epoch 948
train_loss: 0.0491
test_loss: 0.0714
epoch 949
train_loss: 0.0491
test_loss: 0.0714
epoch 950
train_loss: 0.0491
test_loss: 0.0714
epoch 951
train_loss: 0.0491
test_loss: 0.0714
epoch 952
train_loss: 0.0491
test_loss: 0.0714
epoch 953
train_loss: 0.0491
test_loss: 0.0714
epoch 954
train_loss: 0.0491
test_loss: 0.0714
epoch 955
train_loss: 0.0491
test_loss: 0.0714
epoch 956
train_loss: 0.0491
test_loss: 0.0714
epoch 957
train_loss: 0.0491
test_loss: 0.0714
epoch 958
train_loss: 0.0490
test_loss: 0.0714
epoch 959
train_loss: 0.0490
test_loss: 0.0714
epoch 960
train_loss: 0.0490
test_loss: 0.0714
epoch 961
train_loss: 0.0490
test_loss: 0.0714
epoch 962
train_loss: 0.0490
test_loss: 0.0714
epoch 963
train_loss: 0.0490
test_loss: 0.0714
epoch 964
train_loss: 0.0490
test_loss: 0.0714
epoch 965
train_loss: 0.0490
test_loss: 0.0714
epoch 966
train_loss: 0.0490
test_loss: 0.0714
epoch 967
train_loss: 0.0490
test_loss: 0.0714
epoch 968
train_loss: 0.0490
test_loss: 0.0714
epoch 969
train_loss: 0.0490
test_loss: 0.0714
epoch 970
train_loss: 0.0490
test_loss: 0.0714
epoch 971
train_loss: 0.0490
test_loss: 0.0714
epoch 972
train_loss: 0.0490
test_loss: 0.0714
epoch 973
train_loss: 0.0489
test_loss: 0.0714
epoch 974
train_loss: 0.0489
test_loss: 0.0714
epoch 975
train_loss: 0.0489
test_loss: 0.0714
epoch 976
train_loss: 0.0489
test_loss: 0.0714
epoch 977
train_loss: 0.0489
test_loss: 0.0714
epoch 978
train_loss: 0.0489
test_loss: 0.0714
epoch 979
train_loss: 0.0489
test_loss: 0.0714
epoch 980
train_loss: 0.0489
test_loss: 0.0714
epoch 981
train_loss: 0.0489
test_loss: 0.0714
epoch 982
train_loss: 0.0489
test_loss: 0.0714
epoch 983
train_loss: 0.0489
test_loss: 0.0714
epoch 984
train_loss: 0.0489
test_loss: 0.0714
epoch 985
train_loss: 0.0489
test_loss: 0.0714
epoch 986
train_loss: 0.0489
test_loss: 0.0714
epoch 987
train_loss: 0.0488
test_loss: 0.0714
epoch 988
train_loss: 0.0488
test_loss: 0.0713
epoch 989
train_loss: 0.0488
test_loss: 0.0714
/home/xueqiong/noise_injection_uncertainty/regression/utils.py:39: FutureWarning: The 'delim_whitespace' keyword in pd.read_csv is deprecated and will be removed in a future version. Use ``sep='\s+'`` instead
  return pd.read_csv(dataset_path, engine='python', header=None, delim_whitespace=True)
8 1
6554 1638 8192
model_name dropoutFCN
using Adam as optimizer
epoch 0
train_loss: 0.9705
Module: DropoutFullyConnectedNN
  Module: ModuleList
    Module: Linear
    Module: Linear
    Module: Linear
  Module: ModuleList
    Module: Dropout
dropout设置为训练模式
    Module: Dropout
dropout设置为训练模式
    Module: Dropout
dropout设置为训练模式
  Module: ReLU
test_loss: 0.8959
epoch 1
train_loss: 0.8151
Module: DropoutFullyConnectedNN
  Module: ModuleList
    Module: Linear
    Module: Linear
    Module: Linear
  Module: ModuleList
    Module: Dropout
dropout设置为训练模式
    Module: Dropout
dropout设置为训练模式
    Module: Dropout
dropout设置为训练模式
  Module: ReLU
test_loss: 0.7291
epoch 2
train_loss: 0.6636
Module: DropoutFullyConnectedNN
  Module: ModuleList
    Module: Linear
    Module: Linear
    Module: Linear
  Module: ModuleList
    Module: Dropout
dropout设置为训练模式
    Module: Dropout
dropout设置为训练模式
    Module: Dropout
dropout设置为训练模式
  Module: ReLU
test_loss: 0.6128
epoch 3
train_loss: 0.5755
Module: DropoutFullyConnectedNN
  Module: ModuleList
    Module: Linear
    Module: Linear
    Module: Linear
  Module: ModuleList
    Module: Dropout
dropout设置为训练模式
    Module: Dropout
dropout设置为训练模式
    Module: Dropout
dropout设置为训练模式
  Module: ReLU
test_loss: 0.5574
epoch 4
train_loss: 0.5321
Module: DropoutFullyConnectedNN
  Module: ModuleList
    Module: Linear
    Module: Linear
    Module: Linear
  Module: ModuleList
    Module: Dropout
dropout设置为训练模式
    Module: Dropout
dropout设置为训练模式
    Module: Dropout
dropout设置为训练模式
  Module: ReLU
test_loss: 0.5162
epoch 5
train_loss: 0.4985
Module: DropoutFullyConnectedNN
  Module: ModuleList
    Module: Linear
    Module: Linear
    Module: Linear
  Module: ModuleList
    Module: Dropout
dropout设置为训练模式
    Module: Dropout
dropout设置为训练模式
    Module: Dropout
dropout设置为训练模式
  Module: ReLU
test_loss: 0.4796
epoch 6
train_loss: 0.4621
Module: DropoutFullyConnectedNN
  Module: ModuleList
    Module: Linear
    Module: Linear
    Module: Linear
  Module: ModuleList
    Module: Dropout
dropout设置为训练模式
    Module: Dropout
dropout设置为训练模式
    Module: Dropout
dropout设置为训练模式
  Module: ReLU
test_loss: 0.4488
epoch 7
train_loss: 0.4379
Module: DropoutFullyConnectedNN
  Module: ModuleList
    Module: Linear
    Module: Linear
    Module: Linear
  Module: ModuleList
    Module: Dropout
dropout设置为训练模式
    Module: Dropout
dropout设置为训练模式
    Module: Dropout
dropout设置为训练模式
  Module: ReLU
test_loss: 0.4239
epoch 8
train_loss: 0.4136
Module: DropoutFullyConnectedNN
  Module: ModuleList
    Module: Linear
    Module: Linear
    Module: Linear
  Module: ModuleList
    Module: Dropout
dropout设置为训练模式
    Module: Dropout
dropout设置为训练模式
    Module: Dropout
dropout设置为训练模式
  Module: ReLU
test_loss: 0.4041
epoch 9
train_loss: 0.3988
Module: DropoutFullyConnectedNN
  Module: ModuleList
    Module: Linear
    Module: Linear
    Module: Linear
  Module: ModuleList
    Module: Dropout
dropout设置为训练模式
    Module: Dropout
dropout设置为训练模式
    Module: Dropout
dropout设置为训练模式
  Module: ReLU
test_loss: 0.3883
epoch 10
train_loss: 0.3855
Module: DropoutFullyConnectedNN
  Module: ModuleList
    Module: Linear
    Module: Linear
    Module: Linear
  Module: ModuleList
    Module: Dropout
dropout设置为训练模式
    Module: Dropout
dropout设置为训练模式
    Module: Dropout
dropout设置为训练模式
  Module: ReLU
test_loss: 0.3754
epoch 11
train_loss: 0.3685
Module: DropoutFullyConnectedNN
  Module: ModuleList
    Module: Linear
    Module: Linear
    Module: Linear
  Module: ModuleList
    Module: Dropout
dropout设置为训练模式
    Module: Dropout
dropout设置为训练模式
    Module: Dropout
dropout设置为训练模式
  Module: ReLU
test_loss: 0.3637
epoch 12
train_loss: 0.3684
Module: DropoutFullyConnectedNN
  Module: ModuleList
    Module: Linear
    Module: Linear
    Module: Linear
  Module: ModuleList
    Module: Dropout
dropout设置为训练模式
    Module: Dropout
dropout设置为训练模式
    Module: Dropout
dropout设置为训练模式
  Module: ReLU
test_loss: 0.3540
epoch 13
train_loss: 0.3564
Module: DropoutFullyConnectedNN
  Module: ModuleList
    Module: Linear
    Module: Linear
    Module: Linear
  Module: ModuleList
    Module: Dropout
dropout设置为训练模式
    Module: Dropout
dropout设置为训练模式
    Module: Dropout
dropout设置为训练模式
  Module: ReLU
test_loss: 0.3443
epoch 14
train_loss: 0.3494
Module: DropoutFullyConnectedNN
  Module: ModuleList
    Module: Linear
    Module: Linear
    Module: Linear
  Module: ModuleList
    Module: Dropout
dropout设置为训练模式
    Module: Dropout
dropout设置为训练模式
    Module: Dropout
dropout设置为训练模式
  Module: ReLU
test_loss: 0.3362
epoch 15
train_loss: 0.3342
Module: DropoutFullyConnectedNN
  Module: ModuleList
    Module: Linear
    Module: Linear
    Module: Linear
  Module: ModuleList
    Module: Dropout
dropout设置为训练模式
    Module: Dropout
dropout设置为训练模式
    Module: Dropout
dropout设置为训练模式
  Module: ReLU
test_loss: 0.3278
epoch 16
train_loss: 0.3303
Module: DropoutFullyConnectedNN
  Module: ModuleList
    Module: Linear
    Module: Linear
    Module: Linear
  Module: ModuleList
    Module: Dropout
dropout设置为训练模式
    Module: Dropout
dropout设置为训练模式
    Module: Dropout
dropout设置为训练模式
  Module: ReLU
test_loss: 0.3200
epoch 17
train_loss: 0.3239
Module: DropoutFullyConnectedNN
  Module: ModuleList
    Module: Linear
    Module: Linear
    Module: Linear
  Module: ModuleList
    Module: Dropout
dropout设置为训练模式
    Module: Dropout
dropout设置为训练模式
    Module: Dropout
dropout设置为训练模式
  Module: ReLU
test_loss: 0.3127
epoch 18
train_loss: 0.3135
Module: DropoutFullyConnectedNN
  Module: ModuleList
    Module: Linear
    Module: Linear
    Module: Linear
  Module: ModuleList
    Module: Dropout
dropout设置为训练模式
    Module: Dropout
dropout设置为训练模式
    Module: Dropout
dropout设置为训练模式
  Module: ReLU
test_loss: 0.3046
epoch 19
train_loss: 0.3106
Module: DropoutFullyConnectedNN
  Module: ModuleList
    Module: Linear
    Module: Linear
    Module: Linear
  Module: ModuleList
    Module: Dropout
dropout设置为训练模式
    Module: Dropout
dropout设置为训练模式
    Module: Dropout
dropout设置为训练模式
  Module: ReLU
test_loss: 0.2985
epoch 20
train_loss: 0.3005
Module: DropoutFullyConnectedNN
  Module: ModuleList
    Module: Linear
    Module: Linear
    Module: Linear
  Module: ModuleList
    Module: Dropout
dropout设置为训练模式
    Module: Dropout
dropout设置为训练模式
    Module: Dropout
dropout设置为训练模式
  Module: ReLU
test_loss: 0.2913
epoch 21
train_loss: 0.2975
Module: DropoutFullyConnectedNN
  Module: ModuleList
    Module: Linear
    Module: Linear
    Module: Linear
  Module: ModuleList
    Module: Dropout
dropout设置为训练模式
    Module: Dropout
dropout设置为训练模式
    Module: Dropout
dropout设置为训练模式
  Module: ReLU
test_loss: 0.2843
epoch 22
train_loss: 0.2915
Module: DropoutFullyConnectedNN
  Module: ModuleList
    Module: Linear
    Module: Linear
    Module: Linear
  Module: ModuleList
    Module: Dropout
dropout设置为训练模式
    Module: Dropout
dropout设置为训练模式
    Module: Dropout
dropout设置为训练模式
  Module: ReLU
test_loss: 0.2776
epoch 23
train_loss: 0.2873
Module: DropoutFullyConnectedNN
  Module: ModuleList
    Module: Linear
    Module: Linear
    Module: Linear
  Module: ModuleList
    Module: Dropout
dropout设置为训练模式
    Module: Dropout
dropout设置为训练模式
    Module: Dropout
dropout设置为训练模式
  Module: ReLU
test_loss: 0.2721
epoch 24
train_loss: 0.2807
Module: DropoutFullyConnectedNN
  Module: ModuleList
    Module: Linear
    Module: Linear
    Module: Linear
  Module: ModuleList
    Module: Dropout
dropout设置为训练模式
    Module: Dropout
dropout设置为训练模式
    Module: Dropout
dropout设置为训练模式
  Module: ReLU
test_loss: 0.2658
epoch 25
train_loss: 0.2755
Module: DropoutFullyConnectedNN
  Module: ModuleList
    Module: Linear
    Module: Linear
    Module: Linear
  Module: ModuleList
    Module: Dropout
dropout设置为训练模式
    Module: Dropout
dropout设置为训练模式
    Module: Dropout
dropout设置为训练模式
  Module: ReLU
test_loss: 0.2601
epoch 26
train_loss: 0.2646
Module: DropoutFullyConnectedNN
  Module: ModuleList
    Module: Linear
    Module: Linear
    Module: Linear
  Module: ModuleList
    Module: Dropout
dropout设置为训练模式
    Module: Dropout
dropout设置为训练模式
    Module: Dropout
dropout设置为训练模式
  Module: ReLU
test_loss: 0.2542
epoch 27
train_loss: 0.2671
Module: DropoutFullyConnectedNN
  Module: ModuleList
    Module: Linear
    Module: Linear
    Module: Linear
  Module: ModuleList
    Module: Dropout
dropout设置为训练模式
    Module: Dropout
dropout设置为训练模式
    Module: Dropout
dropout设置为训练模式
  Module: ReLU
test_loss: 0.2491
epoch 28
train_loss: 0.2610
Module: DropoutFullyConnectedNN
  Module: ModuleList
    Module: Linear
    Module: Linear
    Module: Linear
  Module: ModuleList
    Module: Dropout
dropout设置为训练模式
    Module: Dropout
dropout设置为训练模式
    Module: Dropout
dropout设置为训练模式
  Module: ReLU
test_loss: 0.2433
epoch 29
train_loss: 0.2547
Module: DropoutFullyConnectedNN
  Module: ModuleList
    Module: Linear
    Module: Linear
    Module: Linear
  Module: ModuleList
    Module: Dropout
dropout设置为训练模式
    Module: Dropout
dropout设置为训练模式
    Module: Dropout
dropout设置为训练模式
  Module: ReLU
test_loss: 0.2391
epoch 30
train_loss: 0.2540
Module: DropoutFullyConnectedNN
  Module: ModuleList
    Module: Linear
    Module: Linear
    Module: Linear
  Module: ModuleList
    Module: Dropout
dropout设置为训练模式
    Module: Dropout
dropout设置为训练模式
    Module: Dropout
dropout设置为训练模式
  Module: ReLU
test_loss: 0.2346
epoch 31
train_loss: 0.2487
Module: DropoutFullyConnectedNN
  Module: ModuleList
    Module: Linear
    Module: Linear
    Module: Linear
  Module: ModuleList
    Module: Dropout
dropout设置为训练模式
    Module: Dropout
dropout设置为训练模式
    Module: Dropout
dropout设置为训练模式
  Module: ReLU
test_loss: 0.2302
epoch 32
train_loss: 0.2425
Module: DropoutFullyConnectedNN
  Module: ModuleList
    Module: Linear
    Module: Linear
    Module: Linear
  Module: ModuleList
    Module: Dropout
dropout设置为训练模式
    Module: Dropout
dropout设置为训练模式
    Module: Dropout
dropout设置为训练模式
  Module: ReLU
test_loss: 0.2250
epoch 33
train_loss: 0.2424
Module: DropoutFullyConnectedNN
  Module: ModuleList
    Module: Linear
    Module: Linear
    Module: Linear
  Module: ModuleList
    Module: Dropout
dropout设置为训练模式
    Module: Dropout
dropout设置为训练模式
    Module: Dropout
dropout设置为训练模式
  Module: ReLU
test_loss: 0.2219
epoch 34
train_loss: 0.2400
Module: DropoutFullyConnectedNN
  Module: ModuleList
    Module: Linear
    Module: Linear
    Module: Linear
  Module: ModuleList
    Module: Dropout
dropout设置为训练模式
    Module: Dropout
dropout设置为训练模式
    Module: Dropout
dropout设置为训练模式
  Module: ReLU
test_loss: 0.2178
epoch 35
train_loss: 0.2350
Module: DropoutFullyConnectedNN
  Module: ModuleList
    Module: Linear
    Module: Linear
    Module: Linear
  Module: ModuleList
    Module: Dropout
dropout设置为训练模式
    Module: Dropout
dropout设置为训练模式
    Module: Dropout
dropout设置为训练模式
  Module: ReLU
test_loss: 0.2138
epoch 36
train_loss: 0.2363
Module: DropoutFullyConnectedNN
  Module: ModuleList
    Module: Linear
    Module: Linear
    Module: Linear
  Module: ModuleList
    Module: Dropout
dropout设置为训练模式
    Module: Dropout
dropout设置为训练模式
    Module: Dropout
dropout设置为训练模式
  Module: ReLU
test_loss: 0.2104
epoch 37
train_loss: 0.2292
Module: DropoutFullyConnectedNN
  Module: ModuleList
    Module: Linear
    Module: Linear
    Module: Linear
  Module: ModuleList
    Module: Dropout
dropout设置为训练模式
    Module: Dropout
dropout设置为训练模式
    Module: Dropout
dropout设置为训练模式
  Module: ReLU
test_loss: 0.2066
epoch 38
train_loss: 0.2243
Module: DropoutFullyConnectedNN
  Module: ModuleList
    Module: Linear
    Module: Linear
    Module: Linear
  Module: ModuleList
    Module: Dropout
dropout设置为训练模式
    Module: Dropout
dropout设置为训练模式
    Module: Dropout
dropout设置为训练模式
  Module: ReLU
test_loss: 0.2043
epoch 39
train_loss: 0.2266
Module: DropoutFullyConnectedNN
  Module: ModuleList
    Module: Linear
    Module: Linear
    Module: Linear
  Module: ModuleList
    Module: Dropout
dropout设置为训练模式
    Module: Dropout
dropout设置为训练模式
    Module: Dropout
dropout设置为训练模式
  Module: ReLU
test_loss: 0.2009
epoch 40
train_loss: 0.2212
Module: DropoutFullyConnectedNN
  Module: ModuleList
    Module: Linear
    Module: Linear
    Module: Linear
  Module: ModuleList
    Module: Dropout
dropout设置为训练模式
    Module: Dropout
dropout设置为训练模式
    Module: Dropout
dropout设置为训练模式
  Module: ReLU
test_loss: 0.1975
epoch 41
train_loss: 0.2172
Module: DropoutFullyConnectedNN
  Module: ModuleList
    Module: Linear
    Module: Linear
    Module: Linear
  Module: ModuleList
    Module: Dropout
dropout设置为训练模式
    Module: Dropout
dropout设置为训练模式
    Module: Dropout
dropout设置为训练模式
  Module: ReLU
test_loss: 0.1951
epoch 42
train_loss: 0.2135
Module: DropoutFullyConnectedNN
  Module: ModuleList
    Module: Linear
    Module: Linear
    Module: Linear
  Module: ModuleList
    Module: Dropout
dropout设置为训练模式
    Module: Dropout
dropout设置为训练模式
    Module: Dropout
dropout设置为训练模式
  Module: ReLU
test_loss: 0.1926
epoch 43
train_loss: 0.2133
Module: DropoutFullyConnectedNN
  Module: ModuleList
    Module: Linear
    Module: Linear
    Module: Linear
  Module: ModuleList
    Module: Dropout
dropout设置为训练模式
    Module: Dropout
dropout设置为训练模式
    Module: Dropout
dropout设置为训练模式
  Module: ReLU
test_loss: 0.1894
epoch 44
train_loss: 0.2159
Module: DropoutFullyConnectedNN
  Module: ModuleList
    Module: Linear
    Module: Linear
    Module: Linear
  Module: ModuleList
    Module: Dropout
dropout设置为训练模式
    Module: Dropout
dropout设置为训练模式
    Module: Dropout
dropout设置为训练模式
  Module: ReLU
test_loss: 0.1883
epoch 45
train_loss: 0.2078
Module: DropoutFullyConnectedNN
  Module: ModuleList
    Module: Linear
    Module: Linear
    Module: Linear
  Module: ModuleList
    Module: Dropout
dropout设置为训练模式
    Module: Dropout
dropout设置为训练模式
    Module: Dropout
dropout设置为训练模式
  Module: ReLU
test_loss: 0.1856
epoch 46
train_loss: 0.2081
Module: DropoutFullyConnectedNN
  Module: ModuleList
    Module: Linear
    Module: Linear
    Module: Linear
  Module: ModuleList
    Module: Dropout
dropout设置为训练模式
    Module: Dropout
dropout设置为训练模式
    Module: Dropout
dropout设置为训练模式
  Module: ReLU
test_loss: 0.1832
epoch 47
train_loss: 0.2005
Module: DropoutFullyConnectedNN
  Module: ModuleList
    Module: Linear
    Module: Linear
    Module: Linear
  Module: ModuleList
    Module: Dropout
dropout设置为训练模式
    Module: Dropout
dropout设置为训练模式
    Module: Dropout
dropout设置为训练模式
  Module: ReLU
test_loss: 0.1818
epoch 48
train_loss: 0.2027
Module: DropoutFullyConnectedNN
  Module: ModuleList
    Module: Linear
    Module: Linear
    Module: Linear
  Module: ModuleList
    Module: Dropout
dropout设置为训练模式
    Module: Dropout
dropout设置为训练模式
    Module: Dropout
dropout设置为训练模式
  Module: ReLU
test_loss: 0.1796
epoch 49
train_loss: 0.2033
Module: DropoutFullyConnectedNN
  Module: ModuleList
    Module: Linear
    Module: Linear
    Module: Linear
  Module: ModuleList
    Module: Dropout
dropout设置为训练模式
    Module: Dropout
dropout设置为训练模式
    Module: Dropout
dropout设置为训练模式
  Module: ReLU
test_loss: 0.1764
epoch 50
train_loss: 0.1987
Module: DropoutFullyConnectedNN
  Module: ModuleList
    Module: Linear
    Module: Linear
    Module: Linear
  Module: ModuleList
    Module: Dropout
dropout设置为训练模式
    Module: Dropout
dropout设置为训练模式
    Module: Dropout
dropout设置为训练模式
  Module: ReLU
test_loss: 0.1742
epoch 51
train_loss: 0.1963
Module: DropoutFullyConnectedNN
  Module: ModuleList
    Module: Linear
    Module: Linear
    Module: Linear
  Module: ModuleList
    Module: Dropout
dropout设置为训练模式
    Module: Dropout
dropout设置为训练模式
    Module: Dropout
dropout设置为训练模式
  Module: ReLU
test_loss: 0.1732
epoch 52
train_loss: 0.1992
Module: DropoutFullyConnectedNN
  Module: ModuleList
    Module: Linear
    Module: Linear
    Module: Linear
  Module: ModuleList
    Module: Dropout
dropout设置为训练模式
    Module: Dropout
dropout设置为训练模式
    Module: Dropout
dropout设置为训练模式
  Module: ReLU
test_loss: 0.1712
epoch 53
train_loss: 0.1929
Module: DropoutFullyConnectedNN
  Module: ModuleList
    Module: Linear
    Module: Linear
    Module: Linear
  Module: ModuleList
    Module: Dropout
dropout设置为训练模式
    Module: Dropout
dropout设置为训练模式
    Module: Dropout
dropout设置为训练模式
  Module: ReLU
test_loss: 0.1697
epoch 54
train_loss: 0.1914
Module: DropoutFullyConnectedNN
  Module: ModuleList
    Module: Linear
    Module: Linear
    Module: Linear
  Module: ModuleList
    Module: Dropout
dropout设置为训练模式
    Module: Dropout
dropout设置为训练模式
    Module: Dropout
dropout设置为训练模式
  Module: ReLU
test_loss: 0.1678
epoch 55
train_loss: 0.1928
Module: DropoutFullyConnectedNN
  Module: ModuleList
    Module: Linear
    Module: Linear
    Module: Linear
  Module: ModuleList
    Module: Dropout
dropout设置为训练模式
    Module: Dropout
dropout设置为训练模式
    Module: Dropout
dropout设置为训练模式
  Module: ReLU
test_loss: 0.1667
epoch 56
train_loss: 0.1897
Module: DropoutFullyConnectedNN
  Module: ModuleList
    Module: Linear
    Module: Linear
    Module: Linear
  Module: ModuleList
    Module: Dropout
dropout设置为训练模式
    Module: Dropout
dropout设置为训练模式
    Module: Dropout
dropout设置为训练模式
  Module: ReLU
test_loss: 0.1643
epoch 57
train_loss: 0.1877
Module: DropoutFullyConnectedNN
  Module: ModuleList
    Module: Linear
    Module: Linear
    Module: Linear
  Module: ModuleList
    Module: Dropout
dropout设置为训练模式
    Module: Dropout
dropout设置为训练模式
    Module: Dropout
dropout设置为训练模式
  Module: ReLU
test_loss: 0.1630
epoch 58
train_loss: 0.1834
Module: DropoutFullyConnectedNN
  Module: ModuleList
    Module: Linear
    Module: Linear
    Module: Linear
  Module: ModuleList
    Module: Dropout
dropout设置为训练模式
    Module: Dropout
dropout设置为训练模式
    Module: Dropout
dropout设置为训练模式
  Module: ReLU
test_loss: 0.1617
epoch 59
train_loss: 0.1853
Module: DropoutFullyConnectedNN
  Module: ModuleList
    Module: Linear
    Module: Linear
    Module: Linear
  Module: ModuleList
    Module: Dropout
dropout设置为训练模式
    Module: Dropout
dropout设置为训练模式
    Module: Dropout
dropout设置为训练模式
  Module: ReLU
test_loss: 0.1600
epoch 60
train_loss: 0.1819
Module: DropoutFullyConnectedNN
  Module: ModuleList
    Module: Linear
    Module: Linear
    Module: Linear
  Module: ModuleList
    Module: Dropout
dropout设置为训练模式
    Module: Dropout
dropout设置为训练模式
    Module: Dropout
dropout设置为训练模式
  Module: ReLU
test_loss: 0.1591
epoch 61
train_loss: 0.1837
Module: DropoutFullyConnectedNN
  Module: ModuleList
    Module: Linear
    Module: Linear
    Module: Linear
  Module: ModuleList
    Module: Dropout
dropout设置为训练模式
    Module: Dropout
dropout设置为训练模式
    Module: Dropout
dropout设置为训练模式
  Module: ReLU
test_loss: 0.1572
epoch 62
train_loss: 0.1749
Module: DropoutFullyConnectedNN
  Module: ModuleList
    Module: Linear
    Module: Linear
    Module: Linear
  Module: ModuleList
    Module: Dropout
dropout设置为训练模式
    Module: Dropout
dropout设置为训练模式
    Module: Dropout
dropout设置为训练模式
  Module: ReLU
test_loss: 0.1557
epoch 63
train_loss: 0.1772
Module: DropoutFullyConnectedNN
  Module: ModuleList
    Module: Linear
    Module: Linear
    Module: Linear
  Module: ModuleList
    Module: Dropout
dropout设置为训练模式
    Module: Dropout
dropout设置为训练模式
    Module: Dropout
dropout设置为训练模式
  Module: ReLU
test_loss: 0.1556
epoch 64
train_loss: 0.1755
Module: DropoutFullyConnectedNN
  Module: ModuleList
    Module: Linear
    Module: Linear
    Module: Linear
  Module: ModuleList
    Module: Dropout
dropout设置为训练模式
    Module: Dropout
dropout设置为训练模式
    Module: Dropout
dropout设置为训练模式
  Module: ReLU
test_loss: 0.1528
epoch 65
train_loss: 0.1751
Module: DropoutFullyConnectedNN
  Module: ModuleList
    Module: Linear
    Module: Linear
    Module: Linear
  Module: ModuleList
    Module: Dropout
dropout设置为训练模式
    Module: Dropout
dropout设置为训练模式
    Module: Dropout
dropout设置为训练模式
  Module: ReLU
test_loss: 0.1509
epoch 66
train_loss: 0.1724
Module: DropoutFullyConnectedNN
  Module: ModuleList
    Module: Linear
    Module: Linear
    Module: Linear
  Module: ModuleList
    Module: Dropout
dropout设置为训练模式
    Module: Dropout
dropout设置为训练模式
    Module: Dropout
dropout设置为训练模式
  Module: ReLU
test_loss: 0.1509
epoch 67
train_loss: 0.1768
Module: DropoutFullyConnectedNN
  Module: ModuleList
    Module: Linear
    Module: Linear
    Module: Linear
  Module: ModuleList
    Module: Dropout
dropout设置为训练模式
    Module: Dropout
dropout设置为训练模式
    Module: Dropout
dropout设置为训练模式
  Module: ReLU
test_loss: 0.1480
epoch 68
train_loss: 0.1711
Module: DropoutFullyConnectedNN
  Module: ModuleList
    Module: Linear
    Module: Linear
    Module: Linear
  Module: ModuleList
    Module: Dropout
dropout设置为训练模式
    Module: Dropout
dropout设置为训练模式
    Module: Dropout
dropout设置为训练模式
  Module: ReLU
test_loss: 0.1474
epoch 69
train_loss: 0.1678
Module: DropoutFullyConnectedNN
  Module: ModuleList
    Module: Linear
    Module: Linear
    Module: Linear
  Module: ModuleList
    Module: Dropout
dropout设置为训练模式
    Module: Dropout
dropout设置为训练模式
    Module: Dropout
dropout设置为训练模式
  Module: ReLU
test_loss: 0.1456
epoch 70
train_loss: 0.1682
Module: DropoutFullyConnectedNN
  Module: ModuleList
    Module: Linear
    Module: Linear
    Module: Linear
  Module: ModuleList
    Module: Dropout
dropout设置为训练模式
    Module: Dropout
dropout设置为训练模式
    Module: Dropout
dropout设置为训练模式
  Module: ReLU
test_loss: 0.1450
epoch 71
train_loss: 0.1666
Module: DropoutFullyConnectedNN
  Module: ModuleList
    Module: Linear
    Module: Linear
    Module: Linear
  Module: ModuleList
    Module: Dropout
dropout设置为训练模式
    Module: Dropout
dropout设置为训练模式
    Module: Dropout
dropout设置为训练模式
  Module: ReLU
test_loss: 0.1437
epoch 72
train_loss: 0.1671
Module: DropoutFullyConnectedNN
  Module: ModuleList
    Module: Linear
    Module: Linear
    Module: Linear
  Module: ModuleList
    Module: Dropout
dropout设置为训练模式
    Module: Dropout
dropout设置为训练模式
    Module: Dropout
dropout设置为训练模式
  Module: ReLU
test_loss: 0.1433
epoch 73
train_loss: 0.1584
Module: DropoutFullyConnectedNN
  Module: ModuleList
    Module: Linear
    Module: Linear
    Module: Linear
  Module: ModuleList
    Module: Dropout
dropout设置为训练模式
    Module: Dropout
dropout设置为训练模式
    Module: Dropout
dropout设置为训练模式
  Module: ReLU
test_loss: 0.1408
epoch 74
train_loss: 0.1625
Module: DropoutFullyConnectedNN
  Module: ModuleList
    Module: Linear
    Module: Linear
    Module: Linear
  Module: ModuleList
    Module: Dropout
dropout设置为训练模式
    Module: Dropout
dropout设置为训练模式
    Module: Dropout
dropout设置为训练模式
  Module: ReLU
test_loss: 0.1407
epoch 75
train_loss: 0.1593
Module: DropoutFullyConnectedNN
  Module: ModuleList
    Module: Linear
    Module: Linear
    Module: Linear
  Module: ModuleList
    Module: Dropout
dropout设置为训练模式
    Module: Dropout
dropout设置为训练模式
    Module: Dropout
dropout设置为训练模式
  Module: ReLU
test_loss: 0.1396
epoch 76
train_loss: 0.1582
Module: DropoutFullyConnectedNN
  Module: ModuleList
    Module: Linear
    Module: Linear
    Module: Linear
  Module: ModuleList
    Module: Dropout
dropout设置为训练模式
    Module: Dropout
dropout设置为训练模式
    Module: Dropout
dropout设置为训练模式
  Module: ReLU
test_loss: 0.1387
epoch 77
train_loss: 0.1595
Module: DropoutFullyConnectedNN
  Module: ModuleList
    Module: Linear
    Module: Linear
    Module: Linear
  Module: ModuleList
    Module: Dropout
dropout设置为训练模式
    Module: Dropout
dropout设置为训练模式
    Module: Dropout
dropout设置为训练模式
  Module: ReLU
test_loss: 0.1374
epoch 78
train_loss: 0.1569
Module: DropoutFullyConnectedNN
  Module: ModuleList
    Module: Linear
    Module: Linear
    Module: Linear
  Module: ModuleList
    Module: Dropout
dropout设置为训练模式
    Module: Dropout
dropout设置为训练模式
    Module: Dropout
dropout设置为训练模式
  Module: ReLU
test_loss: 0.1367
epoch 79
train_loss: 0.1637
Module: DropoutFullyConnectedNN
  Module: ModuleList
    Module: Linear
    Module: Linear
    Module: Linear
  Module: ModuleList
    Module: Dropout
dropout设置为训练模式
    Module: Dropout
dropout设置为训练模式
    Module: Dropout
dropout设置为训练模式
  Module: ReLU
test_loss: 0.1354
epoch 80
train_loss: 0.1575
Module: DropoutFullyConnectedNN
  Module: ModuleList
    Module: Linear
    Module: Linear
    Module: Linear
  Module: ModuleList
    Module: Dropout
dropout设置为训练模式
    Module: Dropout
dropout设置为训练模式
    Module: Dropout
dropout设置为训练模式
  Module: ReLU
test_loss: 0.1340
epoch 81
train_loss: 0.1554
Module: DropoutFullyConnectedNN
  Module: ModuleList
    Module: Linear
    Module: Linear
    Module: Linear
  Module: ModuleList
    Module: Dropout
dropout设置为训练模式
    Module: Dropout
dropout设置为训练模式
    Module: Dropout
dropout设置为训练模式
  Module: ReLU
test_loss: 0.1339
epoch 82
train_loss: 0.1534
Module: DropoutFullyConnectedNN
  Module: ModuleList
    Module: Linear
    Module: Linear
    Module: Linear
  Module: ModuleList
    Module: Dropout
dropout设置为训练模式
    Module: Dropout
dropout设置为训练模式
    Module: Dropout
dropout设置为训练模式
  Module: ReLU
test_loss: 0.1321
epoch 83
train_loss: 0.1538
Module: DropoutFullyConnectedNN
  Module: ModuleList
    Module: Linear
    Module: Linear
    Module: Linear
  Module: ModuleList
    Module: Dropout
dropout设置为训练模式
    Module: Dropout
dropout设置为训练模式
    Module: Dropout
dropout设置为训练模式
  Module: ReLU
test_loss: 0.1314
epoch 84
train_loss: 0.1543
Module: DropoutFullyConnectedNN
  Module: ModuleList
    Module: Linear
    Module: Linear
    Module: Linear
  Module: ModuleList
    Module: Dropout
dropout设置为训练模式
    Module: Dropout
dropout设置为训练模式
    Module: Dropout
dropout设置为训练模式
  Module: ReLU
test_loss: 0.1304
epoch 85
train_loss: 0.1551
Module: DropoutFullyConnectedNN
  Module: ModuleList
    Module: Linear
    Module: Linear
    Module: Linear
  Module: ModuleList
    Module: Dropout
dropout设置为训练模式
    Module: Dropout
dropout设置为训练模式
    Module: Dropout
dropout设置为训练模式
  Module: ReLU
test_loss: 0.1298
epoch 86
train_loss: 0.1549
Module: DropoutFullyConnectedNN
  Module: ModuleList
    Module: Linear
    Module: Linear
    Module: Linear
  Module: ModuleList
    Module: Dropout
dropout设置为训练模式
    Module: Dropout
dropout设置为训练模式
    Module: Dropout
dropout设置为训练模式
  Module: ReLU
test_loss: 0.1291
epoch 87
train_loss: 0.1508
Module: DropoutFullyConnectedNN
  Module: ModuleList
    Module: Linear
    Module: Linear
    Module: Linear
  Module: ModuleList
    Module: Dropout
dropout设置为训练模式
    Module: Dropout
dropout设置为训练模式
    Module: Dropout
dropout设置为训练模式
  Module: ReLU
test_loss: 0.1288
epoch 88
train_loss: 0.1491
Module: DropoutFullyConnectedNN
  Module: ModuleList
    Module: Linear
    Module: Linear
    Module: Linear
  Module: ModuleList
    Module: Dropout
dropout设置为训练模式
    Module: Dropout
dropout设置为训练模式
    Module: Dropout
dropout设置为训练模式
  Module: ReLU
test_loss: 0.1277
epoch 89
train_loss: 0.1514
Module: DropoutFullyConnectedNN
  Module: ModuleList
    Module: Linear
    Module: Linear
    Module: Linear
  Module: ModuleList
    Module: Dropout
dropout设置为训练模式
    Module: Dropout
dropout设置为训练模式
    Module: Dropout
dropout设置为训练模式
  Module: ReLU
test_loss: 0.1272
epoch 90
train_loss: 0.1496
Module: DropoutFullyConnectedNN
  Module: ModuleList
    Module: Linear
    Module: Linear
    Module: Linear
  Module: ModuleList
    Module: Dropout
dropout设置为训练模式
    Module: Dropout
dropout设置为训练模式
    Module: Dropout
dropout设置为训练模式
  Module: ReLU
test_loss: 0.1254
epoch 91
train_loss: 0.1504
Module: DropoutFullyConnectedNN
  Module: ModuleList
    Module: Linear
    Module: Linear
    Module: Linear
  Module: ModuleList
    Module: Dropout
dropout设置为训练模式
    Module: Dropout
dropout设置为训练模式
    Module: Dropout
dropout设置为训练模式
  Module: ReLU
test_loss: 0.1255
epoch 92
train_loss: 0.1486
Module: DropoutFullyConnectedNN
  Module: ModuleList
    Module: Linear
    Module: Linear
    Module: Linear
  Module: ModuleList
    Module: Dropout
dropout设置为训练模式
    Module: Dropout
dropout设置为训练模式
    Module: Dropout
dropout设置为训练模式
  Module: ReLU
test_loss: 0.1248
epoch 93
train_loss: 0.1466
Module: DropoutFullyConnectedNN
  Module: ModuleList
    Module: Linear
    Module: Linear
    Module: Linear
  Module: ModuleList
    Module: Dropout
dropout设置为训练模式
    Module: Dropout
dropout设置为训练模式
    Module: Dropout
dropout设置为训练模式
  Module: ReLU
test_loss: 0.1243
epoch 94
train_loss: 0.1458
Module: DropoutFullyConnectedNN
  Module: ModuleList
    Module: Linear
    Module: Linear
    Module: Linear
  Module: ModuleList
    Module: Dropout
dropout设置为训练模式
    Module: Dropout
dropout设置为训练模式
    Module: Dropout
dropout设置为训练模式
  Module: ReLU
test_loss: 0.1240
epoch 95
train_loss: 0.1463
Module: DropoutFullyConnectedNN
  Module: ModuleList
    Module: Linear
    Module: Linear
    Module: Linear
  Module: ModuleList
    Module: Dropout
dropout设置为训练模式
    Module: Dropout
dropout设置为训练模式
    Module: Dropout
dropout设置为训练模式
  Module: ReLU
test_loss: 0.1229
epoch 96
train_loss: 0.1457
Module: DropoutFullyConnectedNN
  Module: ModuleList
    Module: Linear
    Module: Linear
    Module: Linear
  Module: ModuleList
    Module: Dropout
dropout设置为训练模式
    Module: Dropout
dropout设置为训练模式
    Module: Dropout
dropout设置为训练模式
  Module: ReLU
test_loss: 0.1225
epoch 97
train_loss: 0.1386
Module: DropoutFullyConnectedNN
  Module: ModuleList
    Module: Linear
    Module: Linear
    Module: Linear
  Module: ModuleList
    Module: Dropout
dropout设置为训练模式
    Module: Dropout
dropout设置为训练模式
    Module: Dropout
dropout设置为训练模式
  Module: ReLU
test_loss: 0.1217
epoch 98
train_loss: 0.1413
Module: DropoutFullyConnectedNN
  Module: ModuleList
    Module: Linear
    Module: Linear
    Module: Linear
  Module: ModuleList
    Module: Dropout
dropout设置为训练模式
    Module: Dropout
dropout设置为训练模式
    Module: Dropout
dropout设置为训练模式
  Module: ReLU
test_loss: 0.1206
epoch 99
train_loss: 0.1414
Module: DropoutFullyConnectedNN
  Module: ModuleList
    Module: Linear
    Module: Linear
    Module: Linear
  Module: ModuleList
    Module: Dropout
dropout设置为训练模式
    Module: Dropout
dropout设置为训练模式
    Module: Dropout
dropout设置为训练模式
  Module: ReLU
test_loss: 0.1207
epoch 100
train_loss: 0.1418
Module: DropoutFullyConnectedNN
  Module: ModuleList
    Module: Linear
    Module: Linear
    Module: Linear
  Module: ModuleList
    Module: Dropout
dropout设置为训练模式
    Module: Dropout
dropout设置为训练模式
    Module: Dropout
dropout设置为训练模式
  Module: ReLU
test_loss: 0.1194
epoch 101
train_loss: 0.1428
Module: DropoutFullyConnectedNN
  Module: ModuleList
    Module: Linear
    Module: Linear
    Module: Linear
  Module: ModuleList
    Module: Dropout
dropout设置为训练模式
    Module: Dropout
dropout设置为训练模式
    Module: Dropout
dropout设置为训练模式
  Module: ReLU
test_loss: 0.1196
epoch 102
train_loss: 0.1402
Module: DropoutFullyConnectedNN
  Module: ModuleList
    Module: Linear
    Module: Linear
    Module: Linear
  Module: ModuleList
    Module: Dropout
dropout设置为训练模式
    Module: Dropout
dropout设置为训练模式
    Module: Dropout
dropout设置为训练模式
  Module: ReLU
test_loss: 0.1186
epoch 103
train_loss: 0.1402
Module: DropoutFullyConnectedNN
  Module: ModuleList
    Module: Linear
    Module: Linear
    Module: Linear
  Module: ModuleList
    Module: Dropout
dropout设置为训练模式
    Module: Dropout
dropout设置为训练模式
    Module: Dropout
dropout设置为训练模式
  Module: ReLU
test_loss: 0.1181
epoch 104
train_loss: 0.1404
Module: DropoutFullyConnectedNN
  Module: ModuleList
    Module: Linear
    Module: Linear
    Module: Linear
  Module: ModuleList
    Module: Dropout
dropout设置为训练模式
    Module: Dropout
dropout设置为训练模式
    Module: Dropout
dropout设置为训练模式
  Module: ReLU
test_loss: 0.1181
epoch 105
train_loss: 0.1361
Module: DropoutFullyConnectedNN
  Module: ModuleList
    Module: Linear
    Module: Linear
    Module: Linear
  Module: ModuleList
    Module: Dropout
dropout设置为训练模式
    Module: Dropout
dropout设置为训练模式
    Module: Dropout
dropout设置为训练模式
  Module: ReLU
test_loss: 0.1165
epoch 106
train_loss: 0.1395
Module: DropoutFullyConnectedNN
  Module: ModuleList
    Module: Linear
    Module: Linear
    Module: Linear
  Module: ModuleList
    Module: Dropout
dropout设置为训练模式
    Module: Dropout
dropout设置为训练模式
    Module: Dropout
dropout设置为训练模式
  Module: ReLU
test_loss: 0.1162
epoch 107
train_loss: 0.1408
Module: DropoutFullyConnectedNN
  Module: ModuleList
    Module: Linear
    Module: Linear
    Module: Linear
  Module: ModuleList
    Module: Dropout
dropout设置为训练模式
    Module: Dropout
dropout设置为训练模式
    Module: Dropout
dropout设置为训练模式
  Module: ReLU
test_loss: 0.1161
epoch 108
train_loss: 0.1360
Module: DropoutFullyConnectedNN
  Module: ModuleList
    Module: Linear
    Module: Linear
    Module: Linear
  Module: ModuleList
    Module: Dropout
dropout设置为训练模式
    Module: Dropout
dropout设置为训练模式
    Module: Dropout
dropout设置为训练模式
  Module: ReLU
test_loss: 0.1168
epoch 109
train_loss: 0.1416
Module: DropoutFullyConnectedNN
  Module: ModuleList
    Module: Linear
    Module: Linear
    Module: Linear
  Module: ModuleList
    Module: Dropout
dropout设置为训练模式
    Module: Dropout
dropout设置为训练模式
    Module: Dropout
dropout设置为训练模式
  Module: ReLU
test_loss: 0.1159
epoch 110
train_loss: 0.1362
Module: DropoutFullyConnectedNN
  Module: ModuleList
    Module: Linear
    Module: Linear
    Module: Linear
  Module: ModuleList
    Module: Dropout
dropout设置为训练模式
    Module: Dropout
dropout设置为训练模式
    Module: Dropout
dropout设置为训练模式
  Module: ReLU
test_loss: 0.1153
epoch 111
train_loss: 0.1387
Module: DropoutFullyConnectedNN
  Module: ModuleList
    Module: Linear
    Module: Linear
    Module: Linear
  Module: ModuleList
    Module: Dropout
dropout设置为训练模式
    Module: Dropout
dropout设置为训练模式
    Module: Dropout
dropout设置为训练模式
  Module: ReLU
test_loss: 0.1152
epoch 112
train_loss: 0.1348
Module: DropoutFullyConnectedNN
  Module: ModuleList
    Module: Linear
    Module: Linear
    Module: Linear
  Module: ModuleList
    Module: Dropout
dropout设置为训练模式
    Module: Dropout
dropout设置为训练模式
    Module: Dropout
dropout设置为训练模式
  Module: ReLU
test_loss: 0.1154
epoch 113
train_loss: 0.1386
Module: DropoutFullyConnectedNN
  Module: ModuleList
    Module: Linear
    Module: Linear
    Module: Linear
  Module: ModuleList
    Module: Dropout
dropout设置为训练模式
    Module: Dropout
dropout设置为训练模式
    Module: Dropout
dropout设置为训练模式
  Module: ReLU
test_loss: 0.1142
epoch 114
train_loss: 0.1316
Module: DropoutFullyConnectedNN
  Module: ModuleList
    Module: Linear
    Module: Linear
    Module: Linear
  Module: ModuleList
    Module: Dropout
dropout设置为训练模式
    Module: Dropout
dropout设置为训练模式
    Module: Dropout
dropout设置为训练模式
  Module: ReLU
test_loss: 0.1125
epoch 115
train_loss: 0.1323
Module: DropoutFullyConnectedNN
  Module: ModuleList
    Module: Linear
    Module: Linear
    Module: Linear
  Module: ModuleList
    Module: Dropout
dropout设置为训练模式
    Module: Dropout
dropout设置为训练模式
    Module: Dropout
dropout设置为训练模式
  Module: ReLU
test_loss: 0.1123
epoch 116
train_loss: 0.1338
Module: DropoutFullyConnectedNN
  Module: ModuleList
    Module: Linear
    Module: Linear
    Module: Linear
  Module: ModuleList
    Module: Dropout
dropout设置为训练模式
    Module: Dropout
dropout设置为训练模式
    Module: Dropout
dropout设置为训练模式
  Module: ReLU
test_loss: 0.1125
epoch 117
train_loss: 0.1331
Module: DropoutFullyConnectedNN
  Module: ModuleList
    Module: Linear
    Module: Linear
    Module: Linear
  Module: ModuleList
    Module: Dropout
dropout设置为训练模式
    Module: Dropout
dropout设置为训练模式
    Module: Dropout
dropout设置为训练模式
  Module: ReLU
test_loss: 0.1114
epoch 118
train_loss: 0.1300
Module: DropoutFullyConnectedNN
  Module: ModuleList
    Module: Linear
    Module: Linear
    Module: Linear
  Module: ModuleList
    Module: Dropout
dropout设置为训练模式
    Module: Dropout
dropout设置为训练模式
    Module: Dropout
dropout设置为训练模式
  Module: ReLU
test_loss: 0.1126
epoch 119
train_loss: 0.1359
Module: DropoutFullyConnectedNN
  Module: ModuleList
    Module: Linear
    Module: Linear
    Module: Linear
  Module: ModuleList
    Module: Dropout
dropout设置为训练模式
    Module: Dropout
dropout设置为训练模式
    Module: Dropout
dropout设置为训练模式
  Module: ReLU
test_loss: 0.1120
epoch 120
train_loss: 0.1339
Module: DropoutFullyConnectedNN
  Module: ModuleList
    Module: Linear
    Module: Linear
    Module: Linear
  Module: ModuleList
    Module: Dropout
dropout设置为训练模式
    Module: Dropout
dropout设置为训练模式
    Module: Dropout
dropout设置为训练模式
  Module: ReLU
test_loss: 0.1112
epoch 121
train_loss: 0.1321
Module: DropoutFullyConnectedNN
  Module: ModuleList
    Module: Linear
    Module: Linear
    Module: Linear
  Module: ModuleList
    Module: Dropout
dropout设置为训练模式
    Module: Dropout
dropout设置为训练模式
    Module: Dropout
dropout设置为训练模式
  Module: ReLU
test_loss: 0.1110
epoch 122
train_loss: 0.1295
Module: DropoutFullyConnectedNN
  Module: ModuleList
    Module: Linear
    Module: Linear
    Module: Linear
  Module: ModuleList
    Module: Dropout
dropout设置为训练模式
    Module: Dropout
dropout设置为训练模式
    Module: Dropout
dropout设置为训练模式
  Module: ReLU
test_loss: 0.1105
epoch 123
train_loss: 0.1325
Module: DropoutFullyConnectedNN
  Module: ModuleList
    Module: Linear
    Module: Linear
    Module: Linear
  Module: ModuleList
    Module: Dropout
dropout设置为训练模式
    Module: Dropout
dropout设置为训练模式
    Module: Dropout
dropout设置为训练模式
  Module: ReLU
test_loss: 0.1099
epoch 124
train_loss: 0.1318
Module: DropoutFullyConnectedNN
  Module: ModuleList
    Module: Linear
    Module: Linear
    Module: Linear
  Module: ModuleList
    Module: Dropout
dropout设置为训练模式
    Module: Dropout
dropout设置为训练模式
    Module: Dropout
dropout设置为训练模式
  Module: ReLU
test_loss: 0.1096
epoch 125
train_loss: 0.1314
Module: DropoutFullyConnectedNN
  Module: ModuleList
    Module: Linear
    Module: Linear
    Module: Linear
  Module: ModuleList
    Module: Dropout
dropout设置为训练模式
    Module: Dropout
dropout设置为训练模式
    Module: Dropout
dropout设置为训练模式
  Module: ReLU
test_loss: 0.1091
epoch 126
train_loss: 0.1333
Module: DropoutFullyConnectedNN
  Module: ModuleList
    Module: Linear
    Module: Linear
    Module: Linear
  Module: ModuleList
    Module: Dropout
dropout设置为训练模式
    Module: Dropout
dropout设置为训练模式
    Module: Dropout
dropout设置为训练模式
  Module: ReLU
test_loss: 0.1089
epoch 127
train_loss: 0.1315
Module: DropoutFullyConnectedNN
  Module: ModuleList
    Module: Linear
    Module: Linear
    Module: Linear
  Module: ModuleList
    Module: Dropout
dropout设置为训练模式
    Module: Dropout
dropout设置为训练模式
    Module: Dropout
dropout设置为训练模式
  Module: ReLU
test_loss: 0.1085
epoch 128
train_loss: 0.1281
Module: DropoutFullyConnectedNN
  Module: ModuleList
    Module: Linear
    Module: Linear
    Module: Linear
  Module: ModuleList
    Module: Dropout
dropout设置为训练模式
    Module: Dropout
dropout设置为训练模式
    Module: Dropout
dropout设置为训练模式
  Module: ReLU
test_loss: 0.1078
epoch 129
train_loss: 0.1339
Module: DropoutFullyConnectedNN
  Module: ModuleList
    Module: Linear
    Module: Linear
    Module: Linear
  Module: ModuleList
    Module: Dropout
dropout设置为训练模式
    Module: Dropout
dropout设置为训练模式
    Module: Dropout
dropout设置为训练模式
  Module: ReLU
test_loss: 0.1086
epoch 130
train_loss: 0.1326
Module: DropoutFullyConnectedNN
  Module: ModuleList
    Module: Linear
    Module: Linear
    Module: Linear
  Module: ModuleList
    Module: Dropout
dropout设置为训练模式
    Module: Dropout
dropout设置为训练模式
    Module: Dropout
dropout设置为训练模式
  Module: ReLU
test_loss: 0.1078
epoch 131
train_loss: 0.1253
Module: DropoutFullyConnectedNN
  Module: ModuleList
    Module: Linear
    Module: Linear
    Module: Linear
  Module: ModuleList
    Module: Dropout
dropout设置为训练模式
    Module: Dropout
dropout设置为训练模式
    Module: Dropout
dropout设置为训练模式
  Module: ReLU
test_loss: 0.1082
epoch 132
train_loss: 0.1300
Module: DropoutFullyConnectedNN
  Module: ModuleList
    Module: Linear
    Module: Linear
    Module: Linear
  Module: ModuleList
    Module: Dropout
dropout设置为训练模式
    Module: Dropout
dropout设置为训练模式
    Module: Dropout
dropout设置为训练模式
  Module: ReLU
test_loss: 0.1075
epoch 133
train_loss: 0.1289
Module: DropoutFullyConnectedNN
  Module: ModuleList
    Module: Linear
    Module: Linear
    Module: Linear
  Module: ModuleList
    Module: Dropout
dropout设置为训练模式
    Module: Dropout
dropout设置为训练模式
    Module: Dropout
dropout设置为训练模式
  Module: ReLU
test_loss: 0.1069
epoch 134
train_loss: 0.1225
Module: DropoutFullyConnectedNN
  Module: ModuleList
    Module: Linear
    Module: Linear
    Module: Linear
  Module: ModuleList
    Module: Dropout
dropout设置为训练模式
    Module: Dropout
dropout设置为训练模式
    Module: Dropout
dropout设置为训练模式
  Module: ReLU
test_loss: 0.1066
epoch 135
train_loss: 0.1273
Module: DropoutFullyConnectedNN
  Module: ModuleList
    Module: Linear
    Module: Linear
    Module: Linear
  Module: ModuleList
    Module: Dropout
dropout设置为训练模式
    Module: Dropout
dropout设置为训练模式
    Module: Dropout
dropout设置为训练模式
  Module: ReLU
test_loss: 0.1066
epoch 136
train_loss: 0.1278
Module: DropoutFullyConnectedNN
  Module: ModuleList
    Module: Linear
    Module: Linear
    Module: Linear
  Module: ModuleList
    Module: Dropout
dropout设置为训练模式
    Module: Dropout
dropout设置为训练模式
    Module: Dropout
dropout设置为训练模式
  Module: ReLU
test_loss: 0.1064
epoch 137
train_loss: 0.1264
Module: DropoutFullyConnectedNN
  Module: ModuleList
    Module: Linear
    Module: Linear
    Module: Linear
  Module: ModuleList
    Module: Dropout
dropout设置为训练模式
    Module: Dropout
dropout设置为训练模式
    Module: Dropout
dropout设置为训练模式
  Module: ReLU
test_loss: 0.1051
epoch 138
train_loss: 0.1272
Module: DropoutFullyConnectedNN
  Module: ModuleList
    Module: Linear
    Module: Linear
    Module: Linear
  Module: ModuleList
    Module: Dropout
dropout设置为训练模式
    Module: Dropout
dropout设置为训练模式
    Module: Dropout
dropout设置为训练模式
  Module: ReLU
test_loss: 0.1051
epoch 139
train_loss: 0.1249
Module: DropoutFullyConnectedNN
  Module: ModuleList
    Module: Linear
    Module: Linear
    Module: Linear
  Module: ModuleList
    Module: Dropout
dropout设置为训练模式
    Module: Dropout
dropout设置为训练模式
    Module: Dropout
dropout设置为训练模式
  Module: ReLU
test_loss: 0.1048
epoch 140
train_loss: 0.1281
Module: DropoutFullyConnectedNN
  Module: ModuleList
    Module: Linear
    Module: Linear
    Module: Linear
  Module: ModuleList
    Module: Dropout
dropout设置为训练模式
    Module: Dropout
dropout设置为训练模式
    Module: Dropout
dropout设置为训练模式
  Module: ReLU
test_loss: 0.1044
epoch 141
train_loss: 0.1242
Module: DropoutFullyConnectedNN
  Module: ModuleList
    Module: Linear
    Module: Linear
    Module: Linear
  Module: ModuleList
    Module: Dropout
dropout设置为训练模式
    Module: Dropout
dropout设置为训练模式
    Module: Dropout
dropout设置为训练模式
  Module: ReLU
test_loss: 0.1048
epoch 142
train_loss: 0.1253
Module: DropoutFullyConnectedNN
  Module: ModuleList
    Module: Linear
    Module: Linear
    Module: Linear
  Module: ModuleList
    Module: Dropout
dropout设置为训练模式
    Module: Dropout
dropout设置为训练模式
    Module: Dropout
dropout设置为训练模式
  Module: ReLU
test_loss: 0.1052
epoch 143
train_loss: 0.1256
Module: DropoutFullyConnectedNN
  Module: ModuleList
    Module: Linear
    Module: Linear
    Module: Linear
  Module: ModuleList
    Module: Dropout
dropout设置为训练模式
    Module: Dropout
dropout设置为训练模式
    Module: Dropout
dropout设置为训练模式
  Module: ReLU
test_loss: 0.1041
epoch 144
train_loss: 0.1267
Module: DropoutFullyConnectedNN
  Module: ModuleList
    Module: Linear
    Module: Linear
    Module: Linear
  Module: ModuleList
    Module: Dropout
dropout设置为训练模式
    Module: Dropout
dropout设置为训练模式
    Module: Dropout
dropout设置为训练模式
  Module: ReLU
test_loss: 0.1038
epoch 145
train_loss: 0.1270
Module: DropoutFullyConnectedNN
  Module: ModuleList
    Module: Linear
    Module: Linear
    Module: Linear
  Module: ModuleList
    Module: Dropout
dropout设置为训练模式
    Module: Dropout
dropout设置为训练模式
    Module: Dropout
dropout设置为训练模式
  Module: ReLU
test_loss: 0.1034
epoch 146
train_loss: 0.1276
Module: DropoutFullyConnectedNN
  Module: ModuleList
    Module: Linear
    Module: Linear
    Module: Linear
  Module: ModuleList
    Module: Dropout
dropout设置为训练模式
    Module: Dropout
dropout设置为训练模式
    Module: Dropout
dropout设置为训练模式
  Module: ReLU
test_loss: 0.1047
epoch 147
train_loss: 0.1246
Module: DropoutFullyConnectedNN
  Module: ModuleList
    Module: Linear
    Module: Linear
    Module: Linear
  Module: ModuleList
    Module: Dropout
dropout设置为训练模式
    Module: Dropout
dropout设置为训练模式
    Module: Dropout
dropout设置为训练模式
  Module: ReLU
test_loss: 0.1034
epoch 148
train_loss: 0.1234
Module: DropoutFullyConnectedNN
  Module: ModuleList
    Module: Linear
    Module: Linear
    Module: Linear
  Module: ModuleList
    Module: Dropout
dropout设置为训练模式
    Module: Dropout
dropout设置为训练模式
    Module: Dropout
dropout设置为训练模式
  Module: ReLU
test_loss: 0.1026
epoch 149
train_loss: 0.1226
Module: DropoutFullyConnectedNN
  Module: ModuleList
    Module: Linear
    Module: Linear
    Module: Linear
  Module: ModuleList
    Module: Dropout
dropout设置为训练模式
    Module: Dropout
dropout设置为训练模式
    Module: Dropout
dropout设置为训练模式
  Module: ReLU
test_loss: 0.1032
epoch 150
train_loss: 0.1222
Module: DropoutFullyConnectedNN
  Module: ModuleList
    Module: Linear
    Module: Linear
    Module: Linear
  Module: ModuleList
    Module: Dropout
dropout设置为训练模式
    Module: Dropout
dropout设置为训练模式
    Module: Dropout
dropout设置为训练模式
  Module: ReLU
test_loss: 0.1028
epoch 151
train_loss: 0.1223
Module: DropoutFullyConnectedNN
  Module: ModuleList
    Module: Linear
    Module: Linear
    Module: Linear
  Module: ModuleList
    Module: Dropout
dropout设置为训练模式
    Module: Dropout
dropout设置为训练模式
    Module: Dropout
dropout设置为训练模式
  Module: ReLU
test_loss: 0.1025
epoch 152
train_loss: 0.1217
Module: DropoutFullyConnectedNN
  Module: ModuleList
    Module: Linear
    Module: Linear
    Module: Linear
  Module: ModuleList
    Module: Dropout
dropout设置为训练模式
    Module: Dropout
dropout设置为训练模式
    Module: Dropout
dropout设置为训练模式
  Module: ReLU
test_loss: 0.1023
epoch 153
train_loss: 0.1246
Module: DropoutFullyConnectedNN
  Module: ModuleList
    Module: Linear
    Module: Linear
    Module: Linear
  Module: ModuleList
    Module: Dropout
dropout设置为训练模式
    Module: Dropout
dropout设置为训练模式
    Module: Dropout
dropout设置为训练模式
  Module: ReLU
test_loss: 0.1026
epoch 154
train_loss: 0.1201
Module: DropoutFullyConnectedNN
  Module: ModuleList
    Module: Linear
    Module: Linear
    Module: Linear
  Module: ModuleList
    Module: Dropout
dropout设置为训练模式
    Module: Dropout
dropout设置为训练模式
    Module: Dropout
dropout设置为训练模式
  Module: ReLU
test_loss: 0.1021
epoch 155
train_loss: 0.1236
Module: DropoutFullyConnectedNN
  Module: ModuleList
    Module: Linear
    Module: Linear
    Module: Linear
  Module: ModuleList
    Module: Dropout
dropout设置为训练模式
    Module: Dropout
dropout设置为训练模式
    Module: Dropout
dropout设置为训练模式
  Module: ReLU
test_loss: 0.1023
epoch 156
train_loss: 0.1183
Module: DropoutFullyConnectedNN
  Module: ModuleList
    Module: Linear
    Module: Linear
    Module: Linear
  Module: ModuleList
    Module: Dropout
dropout设置为训练模式
    Module: Dropout
dropout设置为训练模式
    Module: Dropout
dropout设置为训练模式
  Module: ReLU
test_loss: 0.1011
epoch 157
train_loss: 0.1210
Module: DropoutFullyConnectedNN
  Module: ModuleList
    Module: Linear
    Module: Linear
    Module: Linear
  Module: ModuleList
    Module: Dropout
dropout设置为训练模式
    Module: Dropout
dropout设置为训练模式
    Module: Dropout
dropout设置为训练模式
  Module: ReLU
test_loss: 0.1011
epoch 158
train_loss: 0.1195
Module: DropoutFullyConnectedNN
  Module: ModuleList
    Module: Linear
    Module: Linear
    Module: Linear
  Module: ModuleList
    Module: Dropout
dropout设置为训练模式
    Module: Dropout
dropout设置为训练模式
    Module: Dropout
dropout设置为训练模式
  Module: ReLU
test_loss: 0.1011
epoch 159
train_loss: 0.1224
Module: DropoutFullyConnectedNN
  Module: ModuleList
    Module: Linear
    Module: Linear
    Module: Linear
  Module: ModuleList
    Module: Dropout
dropout设置为训练模式
    Module: Dropout
dropout设置为训练模式
    Module: Dropout
dropout设置为训练模式
  Module: ReLU
test_loss: 0.1004
epoch 160
train_loss: 0.1193
Module: DropoutFullyConnectedNN
  Module: ModuleList
    Module: Linear
    Module: Linear
    Module: Linear
  Module: ModuleList
    Module: Dropout
dropout设置为训练模式
    Module: Dropout
dropout设置为训练模式
    Module: Dropout
dropout设置为训练模式
  Module: ReLU
test_loss: 0.1008
epoch 161
train_loss: 0.1220
Module: DropoutFullyConnectedNN
  Module: ModuleList
    Module: Linear
    Module: Linear
    Module: Linear
  Module: ModuleList
    Module: Dropout
dropout设置为训练模式
    Module: Dropout
dropout设置为训练模式
    Module: Dropout
dropout设置为训练模式
  Module: ReLU
test_loss: 0.1003
epoch 162
train_loss: 0.1179
Module: DropoutFullyConnectedNN
  Module: ModuleList
    Module: Linear
    Module: Linear
    Module: Linear
  Module: ModuleList
    Module: Dropout
dropout设置为训练模式
    Module: Dropout
dropout设置为训练模式
    Module: Dropout
dropout设置为训练模式
  Module: ReLU
test_loss: 0.0998
epoch 163
train_loss: 0.1219
Module: DropoutFullyConnectedNN
  Module: ModuleList
    Module: Linear
    Module: Linear
    Module: Linear
  Module: ModuleList
    Module: Dropout
dropout设置为训练模式
    Module: Dropout
dropout设置为训练模式
    Module: Dropout
dropout设置为训练模式
  Module: ReLU
test_loss: 0.1006
epoch 164
train_loss: 0.1186
Module: DropoutFullyConnectedNN
  Module: ModuleList
    Module: Linear
    Module: Linear
    Module: Linear
  Module: ModuleList
    Module: Dropout
dropout设置为训练模式
    Module: Dropout
dropout设置为训练模式
    Module: Dropout
dropout设置为训练模式
  Module: ReLU
test_loss: 0.0997
epoch 165
train_loss: 0.1167
Module: DropoutFullyConnectedNN
  Module: ModuleList
    Module: Linear
    Module: Linear
    Module: Linear
  Module: ModuleList
    Module: Dropout
dropout设置为训练模式
    Module: Dropout
dropout设置为训练模式
    Module: Dropout
dropout设置为训练模式
  Module: ReLU
test_loss: 0.0989
epoch 166
train_loss: 0.1204
Module: DropoutFullyConnectedNN
  Module: ModuleList
    Module: Linear
    Module: Linear
    Module: Linear
  Module: ModuleList
    Module: Dropout
dropout设置为训练模式
    Module: Dropout
dropout设置为训练模式
    Module: Dropout
dropout设置为训练模式
  Module: ReLU
test_loss: 0.0990
epoch 167
train_loss: 0.1192
Module: DropoutFullyConnectedNN
  Module: ModuleList
    Module: Linear
    Module: Linear
    Module: Linear
  Module: ModuleList
    Module: Dropout
dropout设置为训练模式
    Module: Dropout
dropout设置为训练模式
    Module: Dropout
dropout设置为训练模式
  Module: ReLU
test_loss: 0.0985
epoch 168
train_loss: 0.1159
Module: DropoutFullyConnectedNN
  Module: ModuleList
    Module: Linear
    Module: Linear
    Module: Linear
  Module: ModuleList
    Module: Dropout
dropout设置为训练模式
    Module: Dropout
dropout设置为训练模式
    Module: Dropout
dropout设置为训练模式
  Module: ReLU
test_loss: 0.0990
epoch 169
train_loss: 0.1151
Module: DropoutFullyConnectedNN
  Module: ModuleList
    Module: Linear
    Module: Linear
    Module: Linear
  Module: ModuleList
    Module: Dropout
dropout设置为训练模式
    Module: Dropout
dropout设置为训练模式
    Module: Dropout
dropout设置为训练模式
  Module: ReLU
test_loss: 0.0984
epoch 170
train_loss: 0.1201
Module: DropoutFullyConnectedNN
  Module: ModuleList
    Module: Linear
    Module: Linear
    Module: Linear
  Module: ModuleList
    Module: Dropout
dropout设置为训练模式
    Module: Dropout
dropout设置为训练模式
    Module: Dropout
dropout设置为训练模式
  Module: ReLU
test_loss: 0.0983
epoch 171
train_loss: 0.1211
Module: DropoutFullyConnectedNN
  Module: ModuleList
    Module: Linear
    Module: Linear
    Module: Linear
  Module: ModuleList
    Module: Dropout
dropout设置为训练模式
    Module: Dropout
dropout设置为训练模式
    Module: Dropout
dropout设置为训练模式
  Module: ReLU
test_loss: 0.0980
epoch 172
train_loss: 0.1161
Module: DropoutFullyConnectedNN
  Module: ModuleList
    Module: Linear
    Module: Linear
    Module: Linear
  Module: ModuleList
    Module: Dropout
dropout设置为训练模式
    Module: Dropout
dropout设置为训练模式
    Module: Dropout
dropout设置为训练模式
  Module: ReLU
test_loss: 0.0980
epoch 173
train_loss: 0.1164
Module: DropoutFullyConnectedNN
  Module: ModuleList
    Module: Linear
    Module: Linear
    Module: Linear
  Module: ModuleList
    Module: Dropout
dropout设置为训练模式
    Module: Dropout
dropout设置为训练模式
    Module: Dropout
dropout设置为训练模式
  Module: ReLU
test_loss: 0.0976
epoch 174
train_loss: 0.1162
Module: DropoutFullyConnectedNN
  Module: ModuleList
    Module: Linear
    Module: Linear
    Module: Linear
  Module: ModuleList
    Module: Dropout
dropout设置为训练模式
    Module: Dropout
dropout设置为训练模式
    Module: Dropout
dropout设置为训练模式
  Module: ReLU
test_loss: 0.0977
epoch 175
train_loss: 0.1165
Module: DropoutFullyConnectedNN
  Module: ModuleList
    Module: Linear
    Module: Linear
    Module: Linear
  Module: ModuleList
    Module: Dropout
dropout设置为训练模式
    Module: Dropout
dropout设置为训练模式
    Module: Dropout
dropout设置为训练模式
  Module: ReLU
test_loss: 0.0984
epoch 176
train_loss: 0.1186
Module: DropoutFullyConnectedNN
  Module: ModuleList
    Module: Linear
    Module: Linear
    Module: Linear
  Module: ModuleList
    Module: Dropout
dropout设置为训练模式
    Module: Dropout
dropout设置为训练模式
    Module: Dropout
dropout设置为训练模式
  Module: ReLU
test_loss: 0.0973
epoch 177
train_loss: 0.1143
Module: DropoutFullyConnectedNN
  Module: ModuleList
    Module: Linear
    Module: Linear
    Module: Linear
  Module: ModuleList
    Module: Dropout
dropout设置为训练模式
    Module: Dropout
dropout设置为训练模式
    Module: Dropout
dropout设置为训练模式
  Module: ReLU
test_loss: 0.0966
epoch 178
train_loss: 0.1149
Module: DropoutFullyConnectedNN
  Module: ModuleList
    Module: Linear
    Module: Linear
    Module: Linear
  Module: ModuleList
    Module: Dropout
dropout设置为训练模式
    Module: Dropout
dropout设置为训练模式
    Module: Dropout
dropout设置为训练模式
  Module: ReLU
test_loss: 0.0969
epoch 179
train_loss: 0.1143
Module: DropoutFullyConnectedNN
  Module: ModuleList
    Module: Linear
    Module: Linear
    Module: Linear
  Module: ModuleList
    Module: Dropout
dropout设置为训练模式
    Module: Dropout
dropout设置为训练模式
    Module: Dropout
dropout设置为训练模式
  Module: ReLU
test_loss: 0.0971
epoch 180
train_loss: 0.1166
Module: DropoutFullyConnectedNN
  Module: ModuleList
    Module: Linear
    Module: Linear
    Module: Linear
  Module: ModuleList
    Module: Dropout
dropout设置为训练模式
    Module: Dropout
dropout设置为训练模式
    Module: Dropout
dropout设置为训练模式
  Module: ReLU
test_loss: 0.0966
epoch 181
train_loss: 0.1180
Module: DropoutFullyConnectedNN
  Module: ModuleList
    Module: Linear
    Module: Linear
    Module: Linear
  Module: ModuleList
    Module: Dropout
dropout设置为训练模式
    Module: Dropout
dropout设置为训练模式
    Module: Dropout
dropout设置为训练模式
  Module: ReLU
test_loss: 0.0961
epoch 182
train_loss: 0.1150
Module: DropoutFullyConnectedNN
  Module: ModuleList
    Module: Linear
    Module: Linear
    Module: Linear
  Module: ModuleList
    Module: Dropout
dropout设置为训练模式
    Module: Dropout
dropout设置为训练模式
    Module: Dropout
dropout设置为训练模式
  Module: ReLU
test_loss: 0.0957
epoch 183
train_loss: 0.1155
Module: DropoutFullyConnectedNN
  Module: ModuleList
    Module: Linear
    Module: Linear
    Module: Linear
  Module: ModuleList
    Module: Dropout
dropout设置为训练模式
    Module: Dropout
dropout设置为训练模式
    Module: Dropout
dropout设置为训练模式
  Module: ReLU
test_loss: 0.0969
epoch 184
train_loss: 0.1171
Module: DropoutFullyConnectedNN
  Module: ModuleList
    Module: Linear
    Module: Linear
    Module: Linear
  Module: ModuleList
    Module: Dropout
dropout设置为训练模式
    Module: Dropout
dropout设置为训练模式
    Module: Dropout
dropout设置为训练模式
  Module: ReLU
test_loss: 0.0960
epoch 185
train_loss: 0.1156
Module: DropoutFullyConnectedNN
  Module: ModuleList
    Module: Linear
    Module: Linear
    Module: Linear
  Module: ModuleList
    Module: Dropout
dropout设置为训练模式
    Module: Dropout
dropout设置为训练模式
    Module: Dropout
dropout设置为训练模式
  Module: ReLU
test_loss: 0.0962
epoch 186
train_loss: 0.1171
Module: DropoutFullyConnectedNN
  Module: ModuleList
    Module: Linear
    Module: Linear
    Module: Linear
  Module: ModuleList
    Module: Dropout
dropout设置为训练模式
    Module: Dropout
dropout设置为训练模式
    Module: Dropout
dropout设置为训练模式
  Module: ReLU
test_loss: 0.0964
epoch 187
train_loss: 0.1163
Module: DropoutFullyConnectedNN
  Module: ModuleList
    Module: Linear
    Module: Linear
    Module: Linear
  Module: ModuleList
    Module: Dropout
dropout设置为训练模式
    Module: Dropout
dropout设置为训练模式
    Module: Dropout
dropout设置为训练模式
  Module: ReLU
test_loss: 0.0956
epoch 188
train_loss: 0.1123
Module: DropoutFullyConnectedNN
  Module: ModuleList
    Module: Linear
    Module: Linear
    Module: Linear
  Module: ModuleList
    Module: Dropout
dropout设置为训练模式
    Module: Dropout
dropout设置为训练模式
    Module: Dropout
dropout设置为训练模式
  Module: ReLU
test_loss: 0.0960
epoch 189
train_loss: 0.1146
Module: DropoutFullyConnectedNN
  Module: ModuleList
    Module: Linear
    Module: Linear
    Module: Linear
  Module: ModuleList
    Module: Dropout
dropout设置为训练模式
    Module: Dropout
dropout设置为训练模式
    Module: Dropout
dropout设置为训练模式
  Module: ReLU
test_loss: 0.0954
epoch 190
train_loss: 0.1148
Module: DropoutFullyConnectedNN
  Module: ModuleList
    Module: Linear
    Module: Linear
    Module: Linear
  Module: ModuleList
    Module: Dropout
dropout设置为训练模式
    Module: Dropout
dropout设置为训练模式
    Module: Dropout
dropout设置为训练模式
  Module: ReLU
test_loss: 0.0955
epoch 191
train_loss: 0.1113
Module: DropoutFullyConnectedNN
  Module: ModuleList
    Module: Linear
    Module: Linear
    Module: Linear
  Module: ModuleList
    Module: Dropout
dropout设置为训练模式
    Module: Dropout
dropout设置为训练模式
    Module: Dropout
dropout设置为训练模式
  Module: ReLU
test_loss: 0.0949
epoch 192
train_loss: 0.1149
Module: DropoutFullyConnectedNN
  Module: ModuleList
    Module: Linear
    Module: Linear
    Module: Linear
  Module: ModuleList
    Module: Dropout
dropout设置为训练模式
    Module: Dropout
dropout设置为训练模式
    Module: Dropout
dropout设置为训练模式
  Module: ReLU
test_loss: 0.0944
epoch 193
train_loss: 0.1118
Module: DropoutFullyConnectedNN
  Module: ModuleList
    Module: Linear
    Module: Linear
    Module: Linear
  Module: ModuleList
    Module: Dropout
dropout设置为训练模式
    Module: Dropout
dropout设置为训练模式
    Module: Dropout
dropout设置为训练模式
  Module: ReLU
test_loss: 0.0945
epoch 194
train_loss: 0.1152
Module: DropoutFullyConnectedNN
  Module: ModuleList
    Module: Linear
    Module: Linear
    Module: Linear
  Module: ModuleList
    Module: Dropout
dropout设置为训练模式
    Module: Dropout
dropout设置为训练模式
    Module: Dropout
dropout设置为训练模式
  Module: ReLU
test_loss: 0.0938
epoch 195
train_loss: 0.1176
Module: DropoutFullyConnectedNN
  Module: ModuleList
    Module: Linear
    Module: Linear
    Module: Linear
  Module: ModuleList
    Module: Dropout
dropout设置为训练模式
    Module: Dropout
dropout设置为训练模式
    Module: Dropout
dropout设置为训练模式
  Module: ReLU
test_loss: 0.0950
epoch 196
train_loss: 0.1119
Module: DropoutFullyConnectedNN
  Module: ModuleList
    Module: Linear
    Module: Linear
    Module: Linear
  Module: ModuleList
    Module: Dropout
dropout设置为训练模式
    Module: Dropout
dropout设置为训练模式
    Module: Dropout
dropout设置为训练模式
  Module: ReLU
test_loss: 0.0942
epoch 197
train_loss: 0.1148
Module: DropoutFullyConnectedNN
  Module: ModuleList
    Module: Linear
    Module: Linear
    Module: Linear
  Module: ModuleList
    Module: Dropout
dropout设置为训练模式
    Module: Dropout
dropout设置为训练模式
    Module: Dropout
dropout设置为训练模式
  Module: ReLU
test_loss: 0.0944
epoch 198
train_loss: 0.1123
Module: DropoutFullyConnectedNN
  Module: ModuleList
    Module: Linear
    Module: Linear
    Module: Linear
  Module: ModuleList
    Module: Dropout
dropout设置为训练模式
    Module: Dropout
dropout设置为训练模式
    Module: Dropout
dropout设置为训练模式
  Module: ReLU
test_loss: 0.0937
epoch 199
train_loss: 0.1144
Module: DropoutFullyConnectedNN
  Module: ModuleList
    Module: Linear
    Module: Linear
    Module: Linear
  Module: ModuleList
    Module: Dropout
dropout设置为训练模式
    Module: Dropout
dropout设置为训练模式
    Module: Dropout
dropout设置为训练模式
  Module: ReLU
test_loss: 0.0941
epoch 200
train_loss: 0.1101
Module: DropoutFullyConnectedNN
  Module: ModuleList
    Module: Linear
    Module: Linear
    Module: Linear
  Module: ModuleList
    Module: Dropout
dropout设置为训练模式
    Module: Dropout
dropout设置为训练模式
    Module: Dropout
dropout设置为训练模式
  Module: ReLU
test_loss: 0.0933
epoch 201
train_loss: 0.1083
Module: DropoutFullyConnectedNN
  Module: ModuleList
    Module: Linear
    Module: Linear
    Module: Linear
  Module: ModuleList
    Module: Dropout
dropout设置为训练模式
    Module: Dropout
dropout设置为训练模式
    Module: Dropout
dropout设置为训练模式
  Module: ReLU
test_loss: 0.0935
epoch 202
train_loss: 0.1133
Module: DropoutFullyConnectedNN
  Module: ModuleList
    Module: Linear
    Module: Linear
    Module: Linear
  Module: ModuleList
    Module: Dropout
dropout设置为训练模式
    Module: Dropout
dropout设置为训练模式
    Module: Dropout
dropout设置为训练模式
  Module: ReLU
test_loss: 0.0931
epoch 203
train_loss: 0.1128
Module: DropoutFullyConnectedNN
  Module: ModuleList
    Module: Linear
    Module: Linear
    Module: Linear
  Module: ModuleList
    Module: Dropout
dropout设置为训练模式
    Module: Dropout
dropout设置为训练模式
    Module: Dropout
dropout设置为训练模式
  Module: ReLU
test_loss: 0.0931
epoch 204
train_loss: 0.1097
Module: DropoutFullyConnectedNN
  Module: ModuleList
    Module: Linear
    Module: Linear
    Module: Linear
  Module: ModuleList
    Module: Dropout
dropout设置为训练模式
    Module: Dropout
dropout设置为训练模式
    Module: Dropout
dropout设置为训练模式
  Module: ReLU
test_loss: 0.0929
epoch 205
train_loss: 0.1129
Module: DropoutFullyConnectedNN
  Module: ModuleList
    Module: Linear
    Module: Linear
    Module: Linear
  Module: ModuleList
    Module: Dropout
dropout设置为训练模式
    Module: Dropout
dropout设置为训练模式
    Module: Dropout
dropout设置为训练模式
  Module: ReLU
test_loss: 0.0929
epoch 206
train_loss: 0.1093
Module: DropoutFullyConnectedNN
  Module: ModuleList
    Module: Linear
    Module: Linear
    Module: Linear
  Module: ModuleList
    Module: Dropout
dropout设置为训练模式
    Module: Dropout
dropout设置为训练模式
    Module: Dropout
dropout设置为训练模式
  Module: ReLU
test_loss: 0.0930
epoch 207
train_loss: 0.1088
Module: DropoutFullyConnectedNN
  Module: ModuleList
    Module: Linear
    Module: Linear
    Module: Linear
  Module: ModuleList
    Module: Dropout
dropout设置为训练模式
    Module: Dropout
dropout设置为训练模式
    Module: Dropout
dropout设置为训练模式
  Module: ReLU
test_loss: 0.0920
epoch 208
train_loss: 0.1115
Module: DropoutFullyConnectedNN
  Module: ModuleList
    Module: Linear
    Module: Linear
    Module: Linear
  Module: ModuleList
    Module: Dropout
dropout设置为训练模式
    Module: Dropout
dropout设置为训练模式
    Module: Dropout
dropout设置为训练模式
  Module: ReLU
test_loss: 0.0923
epoch 209
train_loss: 0.1083
Module: DropoutFullyConnectedNN
  Module: ModuleList
    Module: Linear
    Module: Linear
    Module: Linear
  Module: ModuleList
    Module: Dropout
dropout设置为训练模式
    Module: Dropout
dropout设置为训练模式
    Module: Dropout
dropout设置为训练模式
  Module: ReLU
test_loss: 0.0922
epoch 210
train_loss: 0.1116
Module: DropoutFullyConnectedNN
  Module: ModuleList
    Module: Linear
    Module: Linear
    Module: Linear
  Module: ModuleList
    Module: Dropout
dropout设置为训练模式
    Module: Dropout
dropout设置为训练模式
    Module: Dropout
dropout设置为训练模式
  Module: ReLU
test_loss: 0.0923
epoch 211
train_loss: 0.1099
Module: DropoutFullyConnectedNN
  Module: ModuleList
    Module: Linear
    Module: Linear
    Module: Linear
  Module: ModuleList
    Module: Dropout
dropout设置为训练模式
    Module: Dropout
dropout设置为训练模式
    Module: Dropout
dropout设置为训练模式
  Module: ReLU
test_loss: 0.0917
epoch 212
train_loss: 0.1147
Module: DropoutFullyConnectedNN
  Module: ModuleList
    Module: Linear
    Module: Linear
    Module: Linear
  Module: ModuleList
    Module: Dropout
dropout设置为训练模式
    Module: Dropout
dropout设置为训练模式
    Module: Dropout
dropout设置为训练模式
  Module: ReLU
test_loss: 0.0925
epoch 213
train_loss: 0.1143
Module: DropoutFullyConnectedNN
  Module: ModuleList
    Module: Linear
    Module: Linear
    Module: Linear
  Module: ModuleList
    Module: Dropout
dropout设置为训练模式
    Module: Dropout
dropout设置为训练模式
    Module: Dropout
dropout设置为训练模式
  Module: ReLU
test_loss: 0.0919
epoch 214
train_loss: 0.1142
Module: DropoutFullyConnectedNN
  Module: ModuleList
    Module: Linear
    Module: Linear
    Module: Linear
  Module: ModuleList
    Module: Dropout
dropout设置为训练模式
    Module: Dropout
dropout设置为训练模式
    Module: Dropout
dropout设置为训练模式
  Module: ReLU
test_loss: 0.0917
epoch 215
train_loss: 0.1122
Module: DropoutFullyConnectedNN
  Module: ModuleList
    Module: Linear
    Module: Linear
    Module: Linear
  Module: ModuleList
    Module: Dropout
dropout设置为训练模式
    Module: Dropout
dropout设置为训练模式
    Module: Dropout
dropout设置为训练模式
  Module: ReLU
test_loss: 0.0910
epoch 216
train_loss: 0.1114
Module: DropoutFullyConnectedNN
  Module: ModuleList
    Module: Linear
    Module: Linear
    Module: Linear
  Module: ModuleList
    Module: Dropout
dropout设置为训练模式
    Module: Dropout
dropout设置为训练模式
    Module: Dropout
dropout设置为训练模式
  Module: ReLU
test_loss: 0.0908
epoch 217
train_loss: 0.1084
Module: DropoutFullyConnectedNN
  Module: ModuleList
    Module: Linear
    Module: Linear
    Module: Linear
  Module: ModuleList
    Module: Dropout
dropout设置为训练模式
    Module: Dropout
dropout设置为训练模式
    Module: Dropout
dropout设置为训练模式
  Module: ReLU
test_loss: 0.0912
epoch 218
train_loss: 0.1093
Module: DropoutFullyConnectedNN
  Module: ModuleList
    Module: Linear
    Module: Linear
    Module: Linear
  Module: ModuleList
    Module: Dropout
dropout设置为训练模式
    Module: Dropout
dropout设置为训练模式
    Module: Dropout
dropout设置为训练模式
  Module: ReLU
test_loss: 0.0910
epoch 219
train_loss: 0.1084
Module: DropoutFullyConnectedNN
  Module: ModuleList
    Module: Linear
    Module: Linear
    Module: Linear
  Module: ModuleList
    Module: Dropout
dropout设置为训练模式
    Module: Dropout
dropout设置为训练模式
    Module: Dropout
dropout设置为训练模式
  Module: ReLU
test_loss: 0.0909
epoch 220
train_loss: 0.1106
Module: DropoutFullyConnectedNN
  Module: ModuleList
    Module: Linear
    Module: Linear
    Module: Linear
  Module: ModuleList
    Module: Dropout
dropout设置为训练模式
    Module: Dropout
dropout设置为训练模式
    Module: Dropout
dropout设置为训练模式
  Module: ReLU
test_loss: 0.0907
epoch 221
train_loss: 0.1076
Module: DropoutFullyConnectedNN
  Module: ModuleList
    Module: Linear
    Module: Linear
    Module: Linear
  Module: ModuleList
    Module: Dropout
dropout设置为训练模式
    Module: Dropout
dropout设置为训练模式
    Module: Dropout
dropout设置为训练模式
  Module: ReLU
test_loss: 0.0899
epoch 222
train_loss: 0.1119
Module: DropoutFullyConnectedNN
  Module: ModuleList
    Module: Linear
    Module: Linear
    Module: Linear
  Module: ModuleList
    Module: Dropout
dropout设置为训练模式
    Module: Dropout
dropout设置为训练模式
    Module: Dropout
dropout设置为训练模式
  Module: ReLU
test_loss: 0.0910
epoch 223
train_loss: 0.1076
Module: DropoutFullyConnectedNN
  Module: ModuleList
    Module: Linear
    Module: Linear
    Module: Linear
  Module: ModuleList
    Module: Dropout
dropout设置为训练模式
    Module: Dropout
dropout设置为训练模式
    Module: Dropout
dropout设置为训练模式
  Module: ReLU
test_loss: 0.0903
epoch 224
train_loss: 0.1072
Module: DropoutFullyConnectedNN
  Module: ModuleList
    Module: Linear
    Module: Linear
    Module: Linear
  Module: ModuleList
    Module: Dropout
dropout设置为训练模式
    Module: Dropout
dropout设置为训练模式
    Module: Dropout
dropout设置为训练模式
  Module: ReLU
test_loss: 0.0906
epoch 225
train_loss: 0.1109
Module: DropoutFullyConnectedNN
  Module: ModuleList
    Module: Linear
    Module: Linear
    Module: Linear
  Module: ModuleList
    Module: Dropout
dropout设置为训练模式
    Module: Dropout
dropout设置为训练模式
    Module: Dropout
dropout设置为训练模式
  Module: ReLU
test_loss: 0.0896
epoch 226
train_loss: 0.1096
Module: DropoutFullyConnectedNN
  Module: ModuleList
    Module: Linear
    Module: Linear
    Module: Linear
  Module: ModuleList
    Module: Dropout
dropout设置为训练模式
    Module: Dropout
dropout设置为训练模式
    Module: Dropout
dropout设置为训练模式
  Module: ReLU
test_loss: 0.0898
epoch 227
train_loss: 0.1082
Module: DropoutFullyConnectedNN
  Module: ModuleList
    Module: Linear
    Module: Linear
    Module: Linear
  Module: ModuleList
    Module: Dropout
dropout设置为训练模式
    Module: Dropout
dropout设置为训练模式
    Module: Dropout
dropout设置为训练模式
  Module: ReLU
test_loss: 0.0900
epoch 228
train_loss: 0.1120
Module: DropoutFullyConnectedNN
  Module: ModuleList
    Module: Linear
    Module: Linear
    Module: Linear
  Module: ModuleList
    Module: Dropout
dropout设置为训练模式
    Module: Dropout
dropout设置为训练模式
    Module: Dropout
dropout设置为训练模式
  Module: ReLU
test_loss: 0.0902
epoch 229
train_loss: 0.1053
Module: DropoutFullyConnectedNN
  Module: ModuleList
    Module: Linear
    Module: Linear
    Module: Linear
  Module: ModuleList
    Module: Dropout
dropout设置为训练模式
    Module: Dropout
dropout设置为训练模式
    Module: Dropout
dropout设置为训练模式
  Module: ReLU
test_loss: 0.0899
epoch 230
train_loss: 0.1068
Module: DropoutFullyConnectedNN
  Module: ModuleList
    Module: Linear
    Module: Linear
    Module: Linear
  Module: ModuleList
    Module: Dropout
dropout设置为训练模式
    Module: Dropout
dropout设置为训练模式
    Module: Dropout
dropout设置为训练模式
  Module: ReLU
test_loss: 0.0901
epoch 231
train_loss: 0.1112
Module: DropoutFullyConnectedNN
  Module: ModuleList
    Module: Linear
    Module: Linear
    Module: Linear
  Module: ModuleList
    Module: Dropout
dropout设置为训练模式
    Module: Dropout
dropout设置为训练模式
    Module: Dropout
dropout设置为训练模式
  Module: ReLU
test_loss: 0.0898
epoch 232
train_loss: 0.1105
Module: DropoutFullyConnectedNN
  Module: ModuleList
    Module: Linear
    Module: Linear
    Module: Linear
  Module: ModuleList
    Module: Dropout
dropout设置为训练模式
    Module: Dropout
dropout设置为训练模式
    Module: Dropout
dropout设置为训练模式
  Module: ReLU
test_loss: 0.0895
epoch 233
train_loss: 0.1051
Module: DropoutFullyConnectedNN
  Module: ModuleList
    Module: Linear
    Module: Linear
    Module: Linear
  Module: ModuleList
    Module: Dropout
dropout设置为训练模式
    Module: Dropout
dropout设置为训练模式
    Module: Dropout
dropout设置为训练模式
  Module: ReLU
test_loss: 0.0893
epoch 234
train_loss: 0.1086
Module: DropoutFullyConnectedNN
  Module: ModuleList
    Module: Linear
    Module: Linear
    Module: Linear
  Module: ModuleList
    Module: Dropout
dropout设置为训练模式
    Module: Dropout
dropout设置为训练模式
    Module: Dropout
dropout设置为训练模式
  Module: ReLU
test_loss: 0.0895
epoch 235
train_loss: 0.1082
Module: DropoutFullyConnectedNN
  Module: ModuleList
    Module: Linear
    Module: Linear
    Module: Linear
  Module: ModuleList
    Module: Dropout
dropout设置为训练模式
    Module: Dropout
dropout设置为训练模式
    Module: Dropout
dropout设置为训练模式
  Module: ReLU
test_loss: 0.0897
epoch 236
train_loss: 0.1065
Module: DropoutFullyConnectedNN
  Module: ModuleList
    Module: Linear
    Module: Linear
    Module: Linear
  Module: ModuleList
    Module: Dropout
dropout设置为训练模式
    Module: Dropout
dropout设置为训练模式
    Module: Dropout
dropout设置为训练模式
  Module: ReLU
test_loss: 0.0895
epoch 237
train_loss: 0.1071
Module: DropoutFullyConnectedNN
  Module: ModuleList
    Module: Linear
    Module: Linear
    Module: Linear
  Module: ModuleList
    Module: Dropout
dropout设置为训练模式
    Module: Dropout
dropout设置为训练模式
    Module: Dropout
dropout设置为训练模式
  Module: ReLU
test_loss: 0.0887
epoch 238
train_loss: 0.1084
Module: DropoutFullyConnectedNN
  Module: ModuleList
    Module: Linear
    Module: Linear
    Module: Linear
  Module: ModuleList
    Module: Dropout
dropout设置为训练模式
    Module: Dropout
dropout设置为训练模式
    Module: Dropout
dropout设置为训练模式
  Module: ReLU
test_loss: 0.0889
epoch 239
train_loss: 0.1065
Module: DropoutFullyConnectedNN
  Module: ModuleList
    Module: Linear
    Module: Linear
    Module: Linear
  Module: ModuleList
    Module: Dropout
dropout设置为训练模式
    Module: Dropout
dropout设置为训练模式
    Module: Dropout
dropout设置为训练模式
  Module: ReLU
test_loss: 0.0887
epoch 240
train_loss: 0.1063
Module: DropoutFullyConnectedNN
  Module: ModuleList
    Module: Linear
    Module: Linear
    Module: Linear
  Module: ModuleList
    Module: Dropout
dropout设置为训练模式
    Module: Dropout
dropout设置为训练模式
    Module: Dropout
dropout设置为训练模式
  Module: ReLU
test_loss: 0.0887
epoch 241
train_loss: 0.1073
Module: DropoutFullyConnectedNN
  Module: ModuleList
    Module: Linear
    Module: Linear
    Module: Linear
  Module: ModuleList
    Module: Dropout
dropout设置为训练模式
    Module: Dropout
dropout设置为训练模式
    Module: Dropout
dropout设置为训练模式
  Module: ReLU
test_loss: 0.0890
epoch 242
train_loss: 0.1110
Module: DropoutFullyConnectedNN
  Module: ModuleList
    Module: Linear
    Module: Linear
    Module: Linear
  Module: ModuleList
    Module: Dropout
dropout设置为训练模式
    Module: Dropout
dropout设置为训练模式
    Module: Dropout
dropout设置为训练模式
  Module: ReLU
test_loss: 0.0888
epoch 243
train_loss: 0.1058
Module: DropoutFullyConnectedNN
  Module: ModuleList
    Module: Linear
    Module: Linear
    Module: Linear
  Module: ModuleList
    Module: Dropout
dropout设置为训练模式
    Module: Dropout
dropout设置为训练模式
    Module: Dropout
dropout设置为训练模式
  Module: ReLU
test_loss: 0.0883
epoch 244
train_loss: 0.1062
Module: DropoutFullyConnectedNN
  Module: ModuleList
    Module: Linear
    Module: Linear
    Module: Linear
  Module: ModuleList
    Module: Dropout
dropout设置为训练模式
    Module: Dropout
dropout设置为训练模式
    Module: Dropout
dropout设置为训练模式
  Module: ReLU
test_loss: 0.0888
epoch 245
train_loss: 0.1062
Module: DropoutFullyConnectedNN
  Module: ModuleList
    Module: Linear
    Module: Linear
    Module: Linear
  Module: ModuleList
    Module: Dropout
dropout设置为训练模式
    Module: Dropout
dropout设置为训练模式
    Module: Dropout
dropout设置为训练模式
  Module: ReLU
test_loss: 0.0883
epoch 246
train_loss: 0.1058
Module: DropoutFullyConnectedNN
  Module: ModuleList
    Module: Linear
    Module: Linear
    Module: Linear
  Module: ModuleList
    Module: Dropout
dropout设置为训练模式
    Module: Dropout
dropout设置为训练模式
    Module: Dropout
dropout设置为训练模式
  Module: ReLU
test_loss: 0.0882
epoch 247
train_loss: 0.1022
Module: DropoutFullyConnectedNN
  Module: ModuleList
    Module: Linear
    Module: Linear
    Module: Linear
  Module: ModuleList
    Module: Dropout
dropout设置为训练模式
    Module: Dropout
dropout设置为训练模式
    Module: Dropout
dropout设置为训练模式
  Module: ReLU
test_loss: 0.0881
epoch 248
train_loss: 0.1060
Module: DropoutFullyConnectedNN
  Module: ModuleList
    Module: Linear
    Module: Linear
    Module: Linear
  Module: ModuleList
    Module: Dropout
dropout设置为训练模式
    Module: Dropout
dropout设置为训练模式
    Module: Dropout
dropout设置为训练模式
  Module: ReLU
test_loss: 0.0882
epoch 249
train_loss: 0.1074
Module: DropoutFullyConnectedNN
  Module: ModuleList
    Module: Linear
    Module: Linear
    Module: Linear
  Module: ModuleList
    Module: Dropout
dropout设置为训练模式
    Module: Dropout
dropout设置为训练模式
    Module: Dropout
dropout设置为训练模式
  Module: ReLU
test_loss: 0.0878
epoch 250
train_loss: 0.1055
Module: DropoutFullyConnectedNN
  Module: ModuleList
    Module: Linear
    Module: Linear
    Module: Linear
  Module: ModuleList
    Module: Dropout
dropout设置为训练模式
    Module: Dropout
dropout设置为训练模式
    Module: Dropout
dropout设置为训练模式
  Module: ReLU
test_loss: 0.0875
epoch 251
train_loss: 0.1044
Module: DropoutFullyConnectedNN
  Module: ModuleList
    Module: Linear
    Module: Linear
    Module: Linear
  Module: ModuleList
    Module: Dropout
dropout设置为训练模式
    Module: Dropout
dropout设置为训练模式
    Module: Dropout
dropout设置为训练模式
  Module: ReLU
test_loss: 0.0885
epoch 252
train_loss: 0.1056
Module: DropoutFullyConnectedNN
  Module: ModuleList
    Module: Linear
    Module: Linear
    Module: Linear
  Module: ModuleList
    Module: Dropout
dropout设置为训练模式
    Module: Dropout
dropout设置为训练模式
    Module: Dropout
dropout设置为训练模式
  Module: ReLU
test_loss: 0.0880
epoch 253
train_loss: 0.1060
Module: DropoutFullyConnectedNN
  Module: ModuleList
    Module: Linear
    Module: Linear
    Module: Linear
  Module: ModuleList
    Module: Dropout
dropout设置为训练模式
    Module: Dropout
dropout设置为训练模式
    Module: Dropout
dropout设置为训练模式
  Module: ReLU
test_loss: 0.0876
epoch 254
train_loss: 0.1032
Module: DropoutFullyConnectedNN
  Module: ModuleList
    Module: Linear
    Module: Linear
    Module: Linear
  Module: ModuleList
    Module: Dropout
dropout设置为训练模式
    Module: Dropout
dropout设置为训练模式
    Module: Dropout
dropout设置为训练模式
  Module: ReLU
test_loss: 0.0875
epoch 255
train_loss: 0.1039
Module: DropoutFullyConnectedNN
  Module: ModuleList
    Module: Linear
    Module: Linear
    Module: Linear
  Module: ModuleList
    Module: Dropout
dropout设置为训练模式
    Module: Dropout
dropout设置为训练模式
    Module: Dropout
dropout设置为训练模式
  Module: ReLU
test_loss: 0.0873
epoch 256
train_loss: 0.1059
Module: DropoutFullyConnectedNN
  Module: ModuleList
    Module: Linear
    Module: Linear
    Module: Linear
  Module: ModuleList
    Module: Dropout
dropout设置为训练模式
    Module: Dropout
dropout设置为训练模式
    Module: Dropout
dropout设置为训练模式
  Module: ReLU
test_loss: 0.0878
epoch 257
train_loss: 0.1029
Module: DropoutFullyConnectedNN
  Module: ModuleList
    Module: Linear
    Module: Linear
    Module: Linear
  Module: ModuleList
    Module: Dropout
dropout设置为训练模式
    Module: Dropout
dropout设置为训练模式
    Module: Dropout
dropout设置为训练模式
  Module: ReLU
test_loss: 0.0871
epoch 258
train_loss: 0.1037
Module: DropoutFullyConnectedNN
  Module: ModuleList
    Module: Linear
    Module: Linear
    Module: Linear
  Module: ModuleList
    Module: Dropout
dropout设置为训练模式
    Module: Dropout
dropout设置为训练模式
    Module: Dropout
dropout设置为训练模式
  Module: ReLU
test_loss: 0.0875
epoch 259
train_loss: 0.1056
Module: DropoutFullyConnectedNN
  Module: ModuleList
    Module: Linear
    Module: Linear
    Module: Linear
  Module: ModuleList
    Module: Dropout
dropout设置为训练模式
    Module: Dropout
dropout设置为训练模式
    Module: Dropout
dropout设置为训练模式
  Module: ReLU
test_loss: 0.0877
epoch 260
train_loss: 0.1049
Module: DropoutFullyConnectedNN
  Module: ModuleList
    Module: Linear
    Module: Linear
    Module: Linear
  Module: ModuleList
    Module: Dropout
dropout设置为训练模式
    Module: Dropout
dropout设置为训练模式
    Module: Dropout
dropout设置为训练模式
  Module: ReLU
test_loss: 0.0872
epoch 261
train_loss: 0.1044
Module: DropoutFullyConnectedNN
  Module: ModuleList
    Module: Linear
    Module: Linear
    Module: Linear
  Module: ModuleList
    Module: Dropout
dropout设置为训练模式
    Module: Dropout
dropout设置为训练模式
    Module: Dropout
dropout设置为训练模式
  Module: ReLU
test_loss: 0.0872
epoch 262
train_loss: 0.1017
Module: DropoutFullyConnectedNN
  Module: ModuleList
    Module: Linear
    Module: Linear
    Module: Linear
  Module: ModuleList
    Module: Dropout
dropout设置为训练模式
    Module: Dropout
dropout设置为训练模式
    Module: Dropout
dropout设置为训练模式
  Module: ReLU
test_loss: 0.0871
epoch 263
train_loss: 0.1025
Module: DropoutFullyConnectedNN
  Module: ModuleList
    Module: Linear
    Module: Linear
    Module: Linear
  Module: ModuleList
    Module: Dropout
dropout设置为训练模式
    Module: Dropout
dropout设置为训练模式
    Module: Dropout
dropout设置为训练模式
  Module: ReLU
test_loss: 0.0868
epoch 264
train_loss: 0.1027
Module: DropoutFullyConnectedNN
  Module: ModuleList
    Module: Linear
    Module: Linear
    Module: Linear
  Module: ModuleList
    Module: Dropout
dropout设置为训练模式
    Module: Dropout
dropout设置为训练模式
    Module: Dropout
dropout设置为训练模式
  Module: ReLU
test_loss: 0.0864
epoch 265
train_loss: 0.1055
Module: DropoutFullyConnectedNN
  Module: ModuleList
    Module: Linear
    Module: Linear
    Module: Linear
  Module: ModuleList
    Module: Dropout
dropout设置为训练模式
    Module: Dropout
dropout设置为训练模式
    Module: Dropout
dropout设置为训练模式
  Module: ReLU
test_loss: 0.0877
epoch 266
train_loss: 0.1050
Module: DropoutFullyConnectedNN
  Module: ModuleList
    Module: Linear
    Module: Linear
    Module: Linear
  Module: ModuleList
    Module: Dropout
dropout设置为训练模式
    Module: Dropout
dropout设置为训练模式
    Module: Dropout
dropout设置为训练模式
  Module: ReLU
test_loss: 0.0867
epoch 267
train_loss: 0.1038
Module: DropoutFullyConnectedNN
  Module: ModuleList
    Module: Linear
    Module: Linear
    Module: Linear
  Module: ModuleList
    Module: Dropout
dropout设置为训练模式
    Module: Dropout
dropout设置为训练模式
    Module: Dropout
dropout设置为训练模式
  Module: ReLU
test_loss: 0.0864
epoch 268
train_loss: 0.1046
Module: DropoutFullyConnectedNN
  Module: ModuleList
    Module: Linear
    Module: Linear
    Module: Linear
  Module: ModuleList
    Module: Dropout
dropout设置为训练模式
    Module: Dropout
dropout设置为训练模式
    Module: Dropout
dropout设置为训练模式
  Module: ReLU
test_loss: 0.0861
epoch 269
train_loss: 0.1007
Module: DropoutFullyConnectedNN
  Module: ModuleList
    Module: Linear
    Module: Linear
    Module: Linear
  Module: ModuleList
    Module: Dropout
dropout设置为训练模式
    Module: Dropout
dropout设置为训练模式
    Module: Dropout
dropout设置为训练模式
  Module: ReLU
test_loss: 0.0870
epoch 270
train_loss: 0.1020
Module: DropoutFullyConnectedNN
  Module: ModuleList
    Module: Linear
    Module: Linear
    Module: Linear
  Module: ModuleList
    Module: Dropout
dropout设置为训练模式
    Module: Dropout
dropout设置为训练模式
    Module: Dropout
dropout设置为训练模式
  Module: ReLU
test_loss: 0.0867
epoch 271
train_loss: 0.1028
Module: DropoutFullyConnectedNN
  Module: ModuleList
    Module: Linear
    Module: Linear
    Module: Linear
  Module: ModuleList
    Module: Dropout
dropout设置为训练模式
    Module: Dropout
dropout设置为训练模式
    Module: Dropout
dropout设置为训练模式
  Module: ReLU
test_loss: 0.0866
epoch 272
train_loss: 0.1020
Module: DropoutFullyConnectedNN
  Module: ModuleList
    Module: Linear
    Module: Linear
    Module: Linear
  Module: ModuleList
    Module: Dropout
dropout设置为训练模式
    Module: Dropout
dropout设置为训练模式
    Module: Dropout
dropout设置为训练模式
  Module: ReLU
test_loss: 0.0864
epoch 273
train_loss: 0.1002
Module: DropoutFullyConnectedNN
  Module: ModuleList
    Module: Linear
    Module: Linear
    Module: Linear
  Module: ModuleList
    Module: Dropout
dropout设置为训练模式
    Module: Dropout
dropout设置为训练模式
    Module: Dropout
dropout设置为训练模式
  Module: ReLU
test_loss: 0.0865
epoch 274
train_loss: 0.1049
Module: DropoutFullyConnectedNN
  Module: ModuleList
    Module: Linear
    Module: Linear
    Module: Linear
  Module: ModuleList
    Module: Dropout
dropout设置为训练模式
    Module: Dropout
dropout设置为训练模式
    Module: Dropout
dropout设置为训练模式
  Module: ReLU
test_loss: 0.0861
epoch 275
train_loss: 0.1010
Module: DropoutFullyConnectedNN
  Module: ModuleList
    Module: Linear
    Module: Linear
    Module: Linear
  Module: ModuleList
    Module: Dropout
dropout设置为训练模式
    Module: Dropout
dropout设置为训练模式
    Module: Dropout
dropout设置为训练模式
  Module: ReLU
test_loss: 0.0858
epoch 276
train_loss: 0.0961
Module: DropoutFullyConnectedNN
  Module: ModuleList
    Module: Linear
    Module: Linear
    Module: Linear
  Module: ModuleList
    Module: Dropout
dropout设置为训练模式
    Module: Dropout
dropout设置为训练模式
    Module: Dropout
dropout设置为训练模式
  Module: ReLU
test_loss: 0.0859
epoch 277
train_loss: 0.1020
Module: DropoutFullyConnectedNN
  Module: ModuleList
    Module: Linear
    Module: Linear
    Module: Linear
  Module: ModuleList
    Module: Dropout
dropout设置为训练模式
    Module: Dropout
dropout设置为训练模式
    Module: Dropout
dropout设置为训练模式
  Module: ReLU
test_loss: 0.0853
epoch 278
train_loss: 0.1023
Module: DropoutFullyConnectedNN
  Module: ModuleList
    Module: Linear
    Module: Linear
    Module: Linear
  Module: ModuleList
    Module: Dropout
dropout设置为训练模式
    Module: Dropout
dropout设置为训练模式
    Module: Dropout
dropout设置为训练模式
  Module: ReLU
test_loss: 0.0854
epoch 279
train_loss: 0.1029
Module: DropoutFullyConnectedNN
  Module: ModuleList
    Module: Linear
    Module: Linear
    Module: Linear
  Module: ModuleList
    Module: Dropout
dropout设置为训练模式
    Module: Dropout
dropout设置为训练模式
    Module: Dropout
dropout设置为训练模式
  Module: ReLU
test_loss: 0.0857
epoch 280
train_loss: 0.1007
Module: DropoutFullyConnectedNN
  Module: ModuleList
    Module: Linear
    Module: Linear
    Module: Linear
  Module: ModuleList
    Module: Dropout
dropout设置为训练模式
    Module: Dropout
dropout设置为训练模式
    Module: Dropout
dropout设置为训练模式
  Module: ReLU
test_loss: 0.0857
epoch 281
train_loss: 0.0991
Module: DropoutFullyConnectedNN
  Module: ModuleList
    Module: Linear
    Module: Linear
    Module: Linear
  Module: ModuleList
    Module: Dropout
dropout设置为训练模式
    Module: Dropout
dropout设置为训练模式
    Module: Dropout
dropout设置为训练模式
  Module: ReLU
test_loss: 0.0854
epoch 282
train_loss: 0.1011
Module: DropoutFullyConnectedNN
  Module: ModuleList
    Module: Linear
    Module: Linear
    Module: Linear
  Module: ModuleList
    Module: Dropout
dropout设置为训练模式
    Module: Dropout
dropout设置为训练模式
    Module: Dropout
dropout设置为训练模式
  Module: ReLU
test_loss: 0.0857
epoch 283
train_loss: 0.1006
Module: DropoutFullyConnectedNN
  Module: ModuleList
    Module: Linear
    Module: Linear
    Module: Linear
  Module: ModuleList
    Module: Dropout
dropout设置为训练模式
    Module: Dropout
dropout设置为训练模式
    Module: Dropout
dropout设置为训练模式
  Module: ReLU
test_loss: 0.0853
epoch 284
train_loss: 0.1032
Module: DropoutFullyConnectedNN
  Module: ModuleList
    Module: Linear
    Module: Linear
    Module: Linear
  Module: ModuleList
    Module: Dropout
dropout设置为训练模式
    Module: Dropout
dropout设置为训练模式
    Module: Dropout
dropout设置为训练模式
  Module: ReLU
test_loss: 0.0860
epoch 285
train_loss: 0.1008
Module: DropoutFullyConnectedNN
  Module: ModuleList
    Module: Linear
    Module: Linear
    Module: Linear
  Module: ModuleList
    Module: Dropout
dropout设置为训练模式
    Module: Dropout
dropout设置为训练模式
    Module: Dropout
dropout设置为训练模式
  Module: ReLU
test_loss: 0.0859
epoch 286
train_loss: 0.1007
Module: DropoutFullyConnectedNN
  Module: ModuleList
    Module: Linear
    Module: Linear
    Module: Linear
  Module: ModuleList
    Module: Dropout
dropout设置为训练模式
    Module: Dropout
dropout设置为训练模式
    Module: Dropout
dropout设置为训练模式
  Module: ReLU
test_loss: 0.0856
epoch 287
train_loss: 0.0981
Module: DropoutFullyConnectedNN
  Module: ModuleList
    Module: Linear
    Module: Linear
    Module: Linear
  Module: ModuleList
    Module: Dropout
dropout设置为训练模式
    Module: Dropout
dropout设置为训练模式
    Module: Dropout
dropout设置为训练模式
  Module: ReLU
test_loss: 0.0845
epoch 288
train_loss: 0.0986
Module: DropoutFullyConnectedNN
  Module: ModuleList
    Module: Linear
    Module: Linear
    Module: Linear
  Module: ModuleList
    Module: Dropout
dropout设置为训练模式
    Module: Dropout
dropout设置为训练模式
    Module: Dropout
dropout设置为训练模式
  Module: ReLU
test_loss: 0.0854
epoch 289
train_loss: 0.1031
Module: DropoutFullyConnectedNN
  Module: ModuleList
    Module: Linear
    Module: Linear
    Module: Linear
  Module: ModuleList
    Module: Dropout
dropout设置为训练模式
    Module: Dropout
dropout设置为训练模式
    Module: Dropout
dropout设置为训练模式
  Module: ReLU
test_loss: 0.0845
epoch 290
train_loss: 0.1026
Module: DropoutFullyConnectedNN
  Module: ModuleList
    Module: Linear
    Module: Linear
    Module: Linear
  Module: ModuleList
    Module: Dropout
dropout设置为训练模式
    Module: Dropout
dropout设置为训练模式
    Module: Dropout
dropout设置为训练模式
  Module: ReLU
test_loss: 0.0848
epoch 291
train_loss: 0.1006
Module: DropoutFullyConnectedNN
  Module: ModuleList
    Module: Linear
    Module: Linear
    Module: Linear
  Module: ModuleList
    Module: Dropout
dropout设置为训练模式
    Module: Dropout
dropout设置为训练模式
    Module: Dropout
dropout设置为训练模式
  Module: ReLU
test_loss: 0.0847
epoch 292
train_loss: 0.1009
Module: DropoutFullyConnectedNN
  Module: ModuleList
    Module: Linear
    Module: Linear
    Module: Linear
  Module: ModuleList
    Module: Dropout
dropout设置为训练模式
    Module: Dropout
dropout设置为训练模式
    Module: Dropout
dropout设置为训练模式
  Module: ReLU
test_loss: 0.0851
epoch 293
train_loss: 0.1014
Module: DropoutFullyConnectedNN
  Module: ModuleList
    Module: Linear
    Module: Linear
    Module: Linear
  Module: ModuleList
    Module: Dropout
dropout设置为训练模式
    Module: Dropout
dropout设置为训练模式
    Module: Dropout
dropout设置为训练模式
  Module: ReLU
test_loss: 0.0847
epoch 294
train_loss: 0.0997
Module: DropoutFullyConnectedNN
  Module: ModuleList
    Module: Linear
    Module: Linear
    Module: Linear
  Module: ModuleList
    Module: Dropout
dropout设置为训练模式
    Module: Dropout
dropout设置为训练模式
    Module: Dropout
dropout设置为训练模式
  Module: ReLU
test_loss: 0.0842
epoch 295
train_loss: 0.1002
Module: DropoutFullyConnectedNN
  Module: ModuleList
    Module: Linear
    Module: Linear
    Module: Linear
  Module: ModuleList
    Module: Dropout
dropout设置为训练模式
    Module: Dropout
dropout设置为训练模式
    Module: Dropout
dropout设置为训练模式
  Module: ReLU
test_loss: 0.0846
epoch 296
train_loss: 0.0998
Module: DropoutFullyConnectedNN
  Module: ModuleList
    Module: Linear
    Module: Linear
    Module: Linear
  Module: ModuleList
    Module: Dropout
dropout设置为训练模式
    Module: Dropout
dropout设置为训练模式
    Module: Dropout
dropout设置为训练模式
  Module: ReLU
test_loss: 0.0848
epoch 297
train_loss: 0.0983
Module: DropoutFullyConnectedNN
  Module: ModuleList
    Module: Linear
    Module: Linear
    Module: Linear
  Module: ModuleList
    Module: Dropout
dropout设置为训练模式
    Module: Dropout
dropout设置为训练模式
    Module: Dropout
dropout设置为训练模式
  Module: ReLU
test_loss: 0.0844
epoch 298
train_loss: 0.1025
Module: DropoutFullyConnectedNN
  Module: ModuleList
    Module: Linear
    Module: Linear
    Module: Linear
  Module: ModuleList
    Module: Dropout
dropout设置为训练模式
    Module: Dropout
dropout设置为训练模式
    Module: Dropout
dropout设置为训练模式
  Module: ReLU
test_loss: 0.0846
epoch 299
train_loss: 0.1027
Module: DropoutFullyConnectedNN
  Module: ModuleList
    Module: Linear
    Module: Linear
    Module: Linear
  Module: ModuleList
    Module: Dropout
dropout设置为训练模式
    Module: Dropout
dropout设置为训练模式
    Module: Dropout
dropout设置为训练模式
  Module: ReLU
test_loss: 0.0846
epoch 300
train_loss: 0.1012
Module: DropoutFullyConnectedNN
  Module: ModuleList
    Module: Linear
    Module: Linear
    Module: Linear
  Module: ModuleList
    Module: Dropout
dropout设置为训练模式
    Module: Dropout
dropout设置为训练模式
    Module: Dropout
dropout设置为训练模式
  Module: ReLU
test_loss: 0.0842
epoch 301
train_loss: 0.1024
Module: DropoutFullyConnectedNN
  Module: ModuleList
    Module: Linear
    Module: Linear
    Module: Linear
  Module: ModuleList
    Module: Dropout
dropout设置为训练模式
    Module: Dropout
dropout设置为训练模式
    Module: Dropout
dropout设置为训练模式
  Module: ReLU
test_loss: 0.0840
epoch 302
train_loss: 0.1008
Module: DropoutFullyConnectedNN
  Module: ModuleList
    Module: Linear
    Module: Linear
    Module: Linear
  Module: ModuleList
    Module: Dropout
dropout设置为训练模式
    Module: Dropout
dropout设置为训练模式
    Module: Dropout
dropout设置为训练模式
  Module: ReLU
test_loss: 0.0836
epoch 303
train_loss: 0.1028
Module: DropoutFullyConnectedNN
  Module: ModuleList
    Module: Linear
    Module: Linear
    Module: Linear
  Module: ModuleList
    Module: Dropout
dropout设置为训练模式
    Module: Dropout
dropout设置为训练模式
    Module: Dropout
dropout设置为训练模式
  Module: ReLU
test_loss: 0.0844
epoch 304
train_loss: 0.1007
Module: DropoutFullyConnectedNN
  Module: ModuleList
    Module: Linear
    Module: Linear
    Module: Linear
  Module: ModuleList
    Module: Dropout
dropout设置为训练模式
    Module: Dropout
dropout设置为训练模式
    Module: Dropout
dropout设置为训练模式
  Module: ReLU
test_loss: 0.0849
epoch 305
train_loss: 0.0997
Module: DropoutFullyConnectedNN
  Module: ModuleList
    Module: Linear
    Module: Linear
    Module: Linear
  Module: ModuleList
    Module: Dropout
dropout设置为训练模式
    Module: Dropout
dropout设置为训练模式
    Module: Dropout
dropout设置为训练模式
  Module: ReLU
test_loss: 0.0840
epoch 306
train_loss: 0.0986
Module: DropoutFullyConnectedNN
  Module: ModuleList
    Module: Linear
    Module: Linear
    Module: Linear
  Module: ModuleList
    Module: Dropout
dropout设置为训练模式
    Module: Dropout
dropout设置为训练模式
    Module: Dropout
dropout设置为训练模式
  Module: ReLU
test_loss: 0.0836
epoch 307
train_loss: 0.1000
Module: DropoutFullyConnectedNN
  Module: ModuleList
    Module: Linear
    Module: Linear
    Module: Linear
  Module: ModuleList
    Module: Dropout
dropout设置为训练模式
    Module: Dropout
dropout设置为训练模式
    Module: Dropout
dropout设置为训练模式
  Module: ReLU
test_loss: 0.0833
epoch 308
train_loss: 0.0958
Module: DropoutFullyConnectedNN
  Module: ModuleList
    Module: Linear
    Module: Linear
    Module: Linear
  Module: ModuleList
    Module: Dropout
dropout设置为训练模式
    Module: Dropout
dropout设置为训练模式
    Module: Dropout
dropout设置为训练模式
  Module: ReLU
test_loss: 0.0837
epoch 309
train_loss: 0.0980
Module: DropoutFullyConnectedNN
  Module: ModuleList
    Module: Linear
    Module: Linear
    Module: Linear
  Module: ModuleList
    Module: Dropout
dropout设置为训练模式
    Module: Dropout
dropout设置为训练模式
    Module: Dropout
dropout设置为训练模式
  Module: ReLU
test_loss: 0.0838
epoch 310
train_loss: 0.0980
Module: DropoutFullyConnectedNN
  Module: ModuleList
    Module: Linear
    Module: Linear
    Module: Linear
  Module: ModuleList
    Module: Dropout
dropout设置为训练模式
    Module: Dropout
dropout设置为训练模式
    Module: Dropout
dropout设置为训练模式
  Module: ReLU
test_loss: 0.0833
epoch 311
train_loss: 0.0943
Module: DropoutFullyConnectedNN
  Module: ModuleList
    Module: Linear
    Module: Linear
    Module: Linear
  Module: ModuleList
    Module: Dropout
dropout设置为训练模式
    Module: Dropout
dropout设置为训练模式
    Module: Dropout
dropout设置为训练模式
  Module: ReLU
test_loss: 0.0839
epoch 312
train_loss: 0.0977
Module: DropoutFullyConnectedNN
  Module: ModuleList
    Module: Linear
    Module: Linear
    Module: Linear
  Module: ModuleList
    Module: Dropout
dropout设置为训练模式
    Module: Dropout
dropout设置为训练模式
    Module: Dropout
dropout设置为训练模式
  Module: ReLU
test_loss: 0.0844
epoch 313
train_loss: 0.0970
Module: DropoutFullyConnectedNN
  Module: ModuleList
    Module: Linear
    Module: Linear
    Module: Linear
  Module: ModuleList
    Module: Dropout
dropout设置为训练模式
    Module: Dropout
dropout设置为训练模式
    Module: Dropout
dropout设置为训练模式
  Module: ReLU
test_loss: 0.0838
epoch 314
train_loss: 0.0985
Module: DropoutFullyConnectedNN
  Module: ModuleList
    Module: Linear
    Module: Linear
    Module: Linear
  Module: ModuleList
    Module: Dropout
dropout设置为训练模式
    Module: Dropout
dropout设置为训练模式
    Module: Dropout
dropout设置为训练模式
  Module: ReLU
test_loss: 0.0832
epoch 315
train_loss: 0.1005
Module: DropoutFullyConnectedNN
  Module: ModuleList
    Module: Linear
    Module: Linear
    Module: Linear
  Module: ModuleList
    Module: Dropout
dropout设置为训练模式
    Module: Dropout
dropout设置为训练模式
    Module: Dropout
dropout设置为训练模式
  Module: ReLU
test_loss: 0.0834
epoch 316
train_loss: 0.0959
Module: DropoutFullyConnectedNN
  Module: ModuleList
    Module: Linear
    Module: Linear
    Module: Linear
  Module: ModuleList
    Module: Dropout
dropout设置为训练模式
    Module: Dropout
dropout设置为训练模式
    Module: Dropout
dropout设置为训练模式
  Module: ReLU
test_loss: 0.0834
epoch 317
train_loss: 0.0995
Module: DropoutFullyConnectedNN
  Module: ModuleList
    Module: Linear
    Module: Linear
    Module: Linear
  Module: ModuleList
    Module: Dropout
dropout设置为训练模式
    Module: Dropout
dropout设置为训练模式
    Module: Dropout
dropout设置为训练模式
  Module: ReLU
test_loss: 0.0831
epoch 318
train_loss: 0.0981
Module: DropoutFullyConnectedNN
  Module: ModuleList
    Module: Linear
    Module: Linear
    Module: Linear
  Module: ModuleList
    Module: Dropout
dropout设置为训练模式
    Module: Dropout
dropout设置为训练模式
    Module: Dropout
dropout设置为训练模式
  Module: ReLU
test_loss: 0.0825
epoch 319
train_loss: 0.0986
Module: DropoutFullyConnectedNN
  Module: ModuleList
    Module: Linear
    Module: Linear
    Module: Linear
  Module: ModuleList
    Module: Dropout
dropout设置为训练模式
    Module: Dropout
dropout设置为训练模式
    Module: Dropout
dropout设置为训练模式
  Module: ReLU
test_loss: 0.0834
epoch 320
train_loss: 0.0964
Module: DropoutFullyConnectedNN
  Module: ModuleList
    Module: Linear
    Module: Linear
    Module: Linear
  Module: ModuleList
    Module: Dropout
dropout设置为训练模式
    Module: Dropout
dropout设置为训练模式
    Module: Dropout
dropout设置为训练模式
  Module: ReLU
test_loss: 0.0830
epoch 321
train_loss: 0.0974
Module: DropoutFullyConnectedNN
  Module: ModuleList
    Module: Linear
    Module: Linear
    Module: Linear
  Module: ModuleList
    Module: Dropout
dropout设置为训练模式
    Module: Dropout
dropout设置为训练模式
    Module: Dropout
dropout设置为训练模式
  Module: ReLU
test_loss: 0.0839
epoch 322
train_loss: 0.0981
Module: DropoutFullyConnectedNN
  Module: ModuleList
    Module: Linear
    Module: Linear
    Module: Linear
  Module: ModuleList
    Module: Dropout
dropout设置为训练模式
    Module: Dropout
dropout设置为训练模式
    Module: Dropout
dropout设置为训练模式
  Module: ReLU
test_loss: 0.0834
epoch 323
train_loss: 0.0974
Module: DropoutFullyConnectedNN
  Module: ModuleList
    Module: Linear
    Module: Linear
    Module: Linear
  Module: ModuleList
    Module: Dropout
dropout设置为训练模式
    Module: Dropout
dropout设置为训练模式
    Module: Dropout
dropout设置为训练模式
  Module: ReLU
test_loss: 0.0824
epoch 324
train_loss: 0.0995
Module: DropoutFullyConnectedNN
  Module: ModuleList
    Module: Linear
    Module: Linear
    Module: Linear
  Module: ModuleList
    Module: Dropout
dropout设置为训练模式
    Module: Dropout
dropout设置为训练模式
    Module: Dropout
dropout设置为训练模式
  Module: ReLU
test_loss: 0.0829
epoch 325
train_loss: 0.0986
Module: DropoutFullyConnectedNN
  Module: ModuleList
    Module: Linear
    Module: Linear
    Module: Linear
  Module: ModuleList
    Module: Dropout
dropout设置为训练模式
    Module: Dropout
dropout设置为训练模式
    Module: Dropout
dropout设置为训练模式
  Module: ReLU
test_loss: 0.0829
epoch 326
train_loss: 0.0971
Module: DropoutFullyConnectedNN
  Module: ModuleList
    Module: Linear
    Module: Linear
    Module: Linear
  Module: ModuleList
    Module: Dropout
dropout设置为训练模式
    Module: Dropout
dropout设置为训练模式
    Module: Dropout
dropout设置为训练模式
  Module: ReLU
test_loss: 0.0821
epoch 327
train_loss: 0.0976
Module: DropoutFullyConnectedNN
  Module: ModuleList
    Module: Linear
    Module: Linear
    Module: Linear
  Module: ModuleList
    Module: Dropout
dropout设置为训练模式
    Module: Dropout
dropout设置为训练模式
    Module: Dropout
dropout设置为训练模式
  Module: ReLU
test_loss: 0.0827
epoch 328
train_loss: 0.0986
Module: DropoutFullyConnectedNN
  Module: ModuleList
    Module: Linear
    Module: Linear
    Module: Linear
  Module: ModuleList
    Module: Dropout
dropout设置为训练模式
    Module: Dropout
dropout设置为训练模式
    Module: Dropout
dropout设置为训练模式
  Module: ReLU
test_loss: 0.0825
epoch 329
train_loss: 0.0960
Module: DropoutFullyConnectedNN
  Module: ModuleList
    Module: Linear
    Module: Linear
    Module: Linear
  Module: ModuleList
    Module: Dropout
dropout设置为训练模式
    Module: Dropout
dropout设置为训练模式
    Module: Dropout
dropout设置为训练模式
  Module: ReLU
test_loss: 0.0823
epoch 330
train_loss: 0.0973
Module: DropoutFullyConnectedNN
  Module: ModuleList
    Module: Linear
    Module: Linear
    Module: Linear
  Module: ModuleList
    Module: Dropout
dropout设置为训练模式
    Module: Dropout
dropout设置为训练模式
    Module: Dropout
dropout设置为训练模式
  Module: ReLU
test_loss: 0.0822
epoch 331
train_loss: 0.0946
Module: DropoutFullyConnectedNN
  Module: ModuleList
    Module: Linear
    Module: Linear
    Module: Linear
  Module: ModuleList
    Module: Dropout
dropout设置为训练模式
    Module: Dropout
dropout设置为训练模式
    Module: Dropout
dropout设置为训练模式
  Module: ReLU
test_loss: 0.0829
epoch 332
train_loss: 0.0981
Module: DropoutFullyConnectedNN
  Module: ModuleList
    Module: Linear
    Module: Linear
    Module: Linear
  Module: ModuleList
    Module: Dropout
dropout设置为训练模式
    Module: Dropout
dropout设置为训练模式
    Module: Dropout
dropout设置为训练模式
  Module: ReLU
test_loss: 0.0823
epoch 333
train_loss: 0.0941
Module: DropoutFullyConnectedNN
  Module: ModuleList
    Module: Linear
    Module: Linear
    Module: Linear
  Module: ModuleList
    Module: Dropout
dropout设置为训练模式
    Module: Dropout
dropout设置为训练模式
    Module: Dropout
dropout设置为训练模式
  Module: ReLU
test_loss: 0.0823
epoch 334
train_loss: 0.0949
Module: DropoutFullyConnectedNN
  Module: ModuleList
    Module: Linear
    Module: Linear
    Module: Linear
  Module: ModuleList
    Module: Dropout
dropout设置为训练模式
    Module: Dropout
dropout设置为训练模式
    Module: Dropout
dropout设置为训练模式
  Module: ReLU
test_loss: 0.0820
epoch 335
train_loss: 0.0953
Module: DropoutFullyConnectedNN
  Module: ModuleList
    Module: Linear
    Module: Linear
    Module: Linear
  Module: ModuleList
    Module: Dropout
dropout设置为训练模式
    Module: Dropout
dropout设置为训练模式
    Module: Dropout
dropout设置为训练模式
  Module: ReLU
test_loss: 0.0823
epoch 336
train_loss: 0.0990
Module: DropoutFullyConnectedNN
  Module: ModuleList
    Module: Linear
    Module: Linear
    Module: Linear
  Module: ModuleList
    Module: Dropout
dropout设置为训练模式
    Module: Dropout
dropout设置为训练模式
    Module: Dropout
dropout设置为训练模式
  Module: ReLU
test_loss: 0.0823
epoch 337
train_loss: 0.0953
Module: DropoutFullyConnectedNN
  Module: ModuleList
    Module: Linear
    Module: Linear
    Module: Linear
  Module: ModuleList
    Module: Dropout
dropout设置为训练模式
    Module: Dropout
dropout设置为训练模式
    Module: Dropout
dropout设置为训练模式
  Module: ReLU
test_loss: 0.0827
epoch 338
train_loss: 0.0941
Module: DropoutFullyConnectedNN
  Module: ModuleList
    Module: Linear
    Module: Linear
    Module: Linear
  Module: ModuleList
    Module: Dropout
dropout设置为训练模式
    Module: Dropout
dropout设置为训练模式
    Module: Dropout
dropout设置为训练模式
  Module: ReLU
test_loss: 0.0819
epoch 339
train_loss: 0.0966
Module: DropoutFullyConnectedNN
  Module: ModuleList
    Module: Linear
    Module: Linear
    Module: Linear
  Module: ModuleList
    Module: Dropout
dropout设置为训练模式
    Module: Dropout
dropout设置为训练模式
    Module: Dropout
dropout设置为训练模式
  Module: ReLU
test_loss: 0.0819
epoch 340
train_loss: 0.0967
Module: DropoutFullyConnectedNN
  Module: ModuleList
    Module: Linear
    Module: Linear
    Module: Linear
  Module: ModuleList
    Module: Dropout
dropout设置为训练模式
    Module: Dropout
dropout设置为训练模式
    Module: Dropout
dropout设置为训练模式
  Module: ReLU
test_loss: 0.0820
epoch 341
train_loss: 0.0956
Module: DropoutFullyConnectedNN
  Module: ModuleList
    Module: Linear
    Module: Linear
    Module: Linear
  Module: ModuleList
    Module: Dropout
dropout设置为训练模式
    Module: Dropout
dropout设置为训练模式
    Module: Dropout
dropout设置为训练模式
  Module: ReLU
test_loss: 0.0819
epoch 342
train_loss: 0.0959
Module: DropoutFullyConnectedNN
  Module: ModuleList
    Module: Linear
    Module: Linear
    Module: Linear
  Module: ModuleList
    Module: Dropout
dropout设置为训练模式
    Module: Dropout
dropout设置为训练模式
    Module: Dropout
dropout设置为训练模式
  Module: ReLU
test_loss: 0.0819
epoch 343
train_loss: 0.0959
Module: DropoutFullyConnectedNN
  Module: ModuleList
    Module: Linear
    Module: Linear
    Module: Linear
  Module: ModuleList
    Module: Dropout
dropout设置为训练模式
    Module: Dropout
dropout设置为训练模式
    Module: Dropout
dropout设置为训练模式
  Module: ReLU
test_loss: 0.0821
epoch 344
train_loss: 0.0962
Module: DropoutFullyConnectedNN
  Module: ModuleList
    Module: Linear
    Module: Linear
    Module: Linear
  Module: ModuleList
    Module: Dropout
dropout设置为训练模式
    Module: Dropout
dropout设置为训练模式
    Module: Dropout
dropout设置为训练模式
  Module: ReLU
test_loss: 0.0817
epoch 345
train_loss: 0.0955
Module: DropoutFullyConnectedNN
  Module: ModuleList
    Module: Linear
    Module: Linear
    Module: Linear
  Module: ModuleList
    Module: Dropout
dropout设置为训练模式
    Module: Dropout
dropout设置为训练模式
    Module: Dropout
dropout设置为训练模式
  Module: ReLU
test_loss: 0.0812
epoch 346
train_loss: 0.0941
Module: DropoutFullyConnectedNN
  Module: ModuleList
    Module: Linear
    Module: Linear
    Module: Linear
  Module: ModuleList
    Module: Dropout
dropout设置为训练模式
    Module: Dropout
dropout设置为训练模式
    Module: Dropout
dropout设置为训练模式
  Module: ReLU
test_loss: 0.0814
epoch 347
train_loss: 0.0953
Module: DropoutFullyConnectedNN
  Module: ModuleList
    Module: Linear
    Module: Linear
    Module: Linear
  Module: ModuleList
    Module: Dropout
dropout设置为训练模式
    Module: Dropout
dropout设置为训练模式
    Module: Dropout
dropout设置为训练模式
  Module: ReLU
test_loss: 0.0814
epoch 348
train_loss: 0.0952
Module: DropoutFullyConnectedNN
  Module: ModuleList
    Module: Linear
    Module: Linear
    Module: Linear
  Module: ModuleList
    Module: Dropout
dropout设置为训练模式
    Module: Dropout
dropout设置为训练模式
    Module: Dropout
dropout设置为训练模式
  Module: ReLU
test_loss: 0.0816
epoch 349
train_loss: 0.0934
Module: DropoutFullyConnectedNN
  Module: ModuleList
    Module: Linear
    Module: Linear
    Module: Linear
  Module: ModuleList
    Module: Dropout
dropout设置为训练模式
    Module: Dropout
dropout设置为训练模式
    Module: Dropout
dropout设置为训练模式
  Module: ReLU
test_loss: 0.0815
epoch 350
train_loss: 0.0959
Module: DropoutFullyConnectedNN
  Module: ModuleList
    Module: Linear
    Module: Linear
    Module: Linear
  Module: ModuleList
    Module: Dropout
dropout设置为训练模式
    Module: Dropout
dropout设置为训练模式
    Module: Dropout
dropout设置为训练模式
  Module: ReLU
test_loss: 0.0816
epoch 351
train_loss: 0.0965
Module: DropoutFullyConnectedNN
  Module: ModuleList
    Module: Linear
    Module: Linear
    Module: Linear
  Module: ModuleList
    Module: Dropout
dropout设置为训练模式
    Module: Dropout
dropout设置为训练模式
    Module: Dropout
dropout设置为训练模式
  Module: ReLU
test_loss: 0.0825
epoch 352
train_loss: 0.0940
Module: DropoutFullyConnectedNN
  Module: ModuleList
    Module: Linear
    Module: Linear
    Module: Linear
  Module: ModuleList
    Module: Dropout
dropout设置为训练模式
    Module: Dropout
dropout设置为训练模式
    Module: Dropout
dropout设置为训练模式
  Module: ReLU
test_loss: 0.0815
epoch 353
train_loss: 0.0944
Module: DropoutFullyConnectedNN
  Module: ModuleList
    Module: Linear
    Module: Linear
    Module: Linear
  Module: ModuleList
    Module: Dropout
dropout设置为训练模式
    Module: Dropout
dropout设置为训练模式
    Module: Dropout
dropout设置为训练模式
  Module: ReLU
test_loss: 0.0817
epoch 354
train_loss: 0.0930
Module: DropoutFullyConnectedNN
  Module: ModuleList
    Module: Linear
    Module: Linear
    Module: Linear
  Module: ModuleList
    Module: Dropout
dropout设置为训练模式
    Module: Dropout
dropout设置为训练模式
    Module: Dropout
dropout设置为训练模式
  Module: ReLU
test_loss: 0.0816
epoch 355
train_loss: 0.0943
Module: DropoutFullyConnectedNN
  Module: ModuleList
    Module: Linear
    Module: Linear
    Module: Linear
  Module: ModuleList
    Module: Dropout
dropout设置为训练模式
    Module: Dropout
dropout设置为训练模式
    Module: Dropout
dropout设置为训练模式
  Module: ReLU
test_loss: 0.0813
epoch 356
train_loss: 0.0945
Module: DropoutFullyConnectedNN
  Module: ModuleList
    Module: Linear
    Module: Linear
    Module: Linear
  Module: ModuleList
    Module: Dropout
dropout设置为训练模式
    Module: Dropout
dropout设置为训练模式
    Module: Dropout
dropout设置为训练模式
  Module: ReLU
test_loss: 0.0818
epoch 357
train_loss: 0.0967
Module: DropoutFullyConnectedNN
  Module: ModuleList
    Module: Linear
    Module: Linear
    Module: Linear
  Module: ModuleList
    Module: Dropout
dropout设置为训练模式
    Module: Dropout
dropout设置为训练模式
    Module: Dropout
dropout设置为训练模式
  Module: ReLU
test_loss: 0.0819
epoch 358
train_loss: 0.0957
Module: DropoutFullyConnectedNN
  Module: ModuleList
    Module: Linear
    Module: Linear
    Module: Linear
  Module: ModuleList
    Module: Dropout
dropout设置为训练模式
    Module: Dropout
dropout设置为训练模式
    Module: Dropout
dropout设置为训练模式
  Module: ReLU
test_loss: 0.0816
epoch 359
train_loss: 0.0933
Module: DropoutFullyConnectedNN
  Module: ModuleList
    Module: Linear
    Module: Linear
    Module: Linear
  Module: ModuleList
    Module: Dropout
dropout设置为训练模式
    Module: Dropout
dropout设置为训练模式
    Module: Dropout
dropout设置为训练模式
  Module: ReLU
test_loss: 0.0810
epoch 360
train_loss: 0.0973
Module: DropoutFullyConnectedNN
  Module: ModuleList
    Module: Linear
    Module: Linear
    Module: Linear
  Module: ModuleList
    Module: Dropout
dropout设置为训练模式
    Module: Dropout
dropout设置为训练模式
    Module: Dropout
dropout设置为训练模式
  Module: ReLU
test_loss: 0.0813
epoch 361
train_loss: 0.0935
Module: DropoutFullyConnectedNN
  Module: ModuleList
    Module: Linear
    Module: Linear
    Module: Linear
  Module: ModuleList
    Module: Dropout
dropout设置为训练模式
    Module: Dropout
dropout设置为训练模式
    Module: Dropout
dropout设置为训练模式
  Module: ReLU
test_loss: 0.0809
epoch 362
train_loss: 0.0935
Module: DropoutFullyConnectedNN
  Module: ModuleList
    Module: Linear
    Module: Linear
    Module: Linear
  Module: ModuleList
    Module: Dropout
dropout设置为训练模式
    Module: Dropout
dropout设置为训练模式
    Module: Dropout
dropout设置为训练模式
  Module: ReLU
test_loss: 0.0811
epoch 363
train_loss: 0.0943
Module: DropoutFullyConnectedNN
  Module: ModuleList
    Module: Linear
    Module: Linear
    Module: Linear
  Module: ModuleList
    Module: Dropout
dropout设置为训练模式
    Module: Dropout
dropout设置为训练模式
    Module: Dropout
dropout设置为训练模式
  Module: ReLU
test_loss: 0.0812
epoch 364
train_loss: 0.0935
Module: DropoutFullyConnectedNN
  Module: ModuleList
    Module: Linear
    Module: Linear
    Module: Linear
  Module: ModuleList
    Module: Dropout
dropout设置为训练模式
    Module: Dropout
dropout设置为训练模式
    Module: Dropout
dropout设置为训练模式
  Module: ReLU
test_loss: 0.0811
epoch 365
train_loss: 0.0958
Module: DropoutFullyConnectedNN
  Module: ModuleList
    Module: Linear
    Module: Linear
    Module: Linear
  Module: ModuleList
    Module: Dropout
dropout设置为训练模式
    Module: Dropout
dropout设置为训练模式
    Module: Dropout
dropout设置为训练模式
  Module: ReLU
test_loss: 0.0813
epoch 366
train_loss: 0.0942
Module: DropoutFullyConnectedNN
  Module: ModuleList
    Module: Linear
    Module: Linear
    Module: Linear
  Module: ModuleList
    Module: Dropout
dropout设置为训练模式
    Module: Dropout
dropout设置为训练模式
    Module: Dropout
dropout设置为训练模式
  Module: ReLU
test_loss: 0.0807
epoch 367
train_loss: 0.0906
Module: DropoutFullyConnectedNN
  Module: ModuleList
    Module: Linear
    Module: Linear
    Module: Linear
  Module: ModuleList
    Module: Dropout
dropout设置为训练模式
    Module: Dropout
dropout设置为训练模式
    Module: Dropout
dropout设置为训练模式
  Module: ReLU
test_loss: 0.0814
epoch 368
train_loss: 0.0936
Module: DropoutFullyConnectedNN
  Module: ModuleList
    Module: Linear
    Module: Linear
    Module: Linear
  Module: ModuleList
    Module: Dropout
dropout设置为训练模式
    Module: Dropout
dropout设置为训练模式
    Module: Dropout
dropout设置为训练模式
  Module: ReLU
test_loss: 0.0804
epoch 369
train_loss: 0.0939
Module: DropoutFullyConnectedNN
  Module: ModuleList
    Module: Linear
    Module: Linear
    Module: Linear
  Module: ModuleList
    Module: Dropout
dropout设置为训练模式
    Module: Dropout
dropout设置为训练模式
    Module: Dropout
dropout设置为训练模式
  Module: ReLU
test_loss: 0.0812
epoch 370
train_loss: 0.0939
Module: DropoutFullyConnectedNN
  Module: ModuleList
    Module: Linear
    Module: Linear
    Module: Linear
  Module: ModuleList
    Module: Dropout
dropout设置为训练模式
    Module: Dropout
dropout设置为训练模式
    Module: Dropout
dropout设置为训练模式
  Module: ReLU
test_loss: 0.0804
epoch 371
train_loss: 0.0934
Module: DropoutFullyConnectedNN
  Module: ModuleList
    Module: Linear
    Module: Linear
    Module: Linear
  Module: ModuleList
    Module: Dropout
dropout设置为训练模式
    Module: Dropout
dropout设置为训练模式
    Module: Dropout
dropout设置为训练模式
  Module: ReLU
test_loss: 0.0812
epoch 372
train_loss: 0.0935
Module: DropoutFullyConnectedNN
  Module: ModuleList
    Module: Linear
    Module: Linear
    Module: Linear
  Module: ModuleList
    Module: Dropout
dropout设置为训练模式
    Module: Dropout
dropout设置为训练模式
    Module: Dropout
dropout设置为训练模式
  Module: ReLU
test_loss: 0.0805
epoch 373
train_loss: 0.0891
Module: DropoutFullyConnectedNN
  Module: ModuleList
    Module: Linear
    Module: Linear
    Module: Linear
  Module: ModuleList
    Module: Dropout
dropout设置为训练模式
    Module: Dropout
dropout设置为训练模式
    Module: Dropout
dropout设置为训练模式
  Module: ReLU
test_loss: 0.0812
epoch 374
train_loss: 0.0941
Module: DropoutFullyConnectedNN
  Module: ModuleList
    Module: Linear
    Module: Linear
    Module: Linear
  Module: ModuleList
    Module: Dropout
dropout设置为训练模式
    Module: Dropout
dropout设置为训练模式
    Module: Dropout
dropout设置为训练模式
  Module: ReLU
test_loss: 0.0811
epoch 375
train_loss: 0.0932
Module: DropoutFullyConnectedNN
  Module: ModuleList
    Module: Linear
    Module: Linear
    Module: Linear
  Module: ModuleList
    Module: Dropout
dropout设置为训练模式
    Module: Dropout
dropout设置为训练模式
    Module: Dropout
dropout设置为训练模式
  Module: ReLU
test_loss: 0.0806
epoch 376
train_loss: 0.0919
Module: DropoutFullyConnectedNN
  Module: ModuleList
    Module: Linear
    Module: Linear
    Module: Linear
  Module: ModuleList
    Module: Dropout
dropout设置为训练模式
    Module: Dropout
dropout设置为训练模式
    Module: Dropout
dropout设置为训练模式
  Module: ReLU
test_loss: 0.0803
epoch 377
train_loss: 0.0949
Module: DropoutFullyConnectedNN
  Module: ModuleList
    Module: Linear
    Module: Linear
    Module: Linear
  Module: ModuleList
    Module: Dropout
dropout设置为训练模式
    Module: Dropout
dropout设置为训练模式
    Module: Dropout
dropout设置为训练模式
  Module: ReLU
test_loss: 0.0805
epoch 378
train_loss: 0.0923
Module: DropoutFullyConnectedNN
  Module: ModuleList
    Module: Linear
    Module: Linear
    Module: Linear
  Module: ModuleList
    Module: Dropout
dropout设置为训练模式
    Module: Dropout
dropout设置为训练模式
    Module: Dropout
dropout设置为训练模式
  Module: ReLU
test_loss: 0.0811
epoch 379
train_loss: 0.0924
Module: DropoutFullyConnectedNN
  Module: ModuleList
    Module: Linear
    Module: Linear
    Module: Linear
  Module: ModuleList
    Module: Dropout
dropout设置为训练模式
    Module: Dropout
dropout设置为训练模式
    Module: Dropout
dropout设置为训练模式
  Module: ReLU
test_loss: 0.0805
epoch 380
train_loss: 0.0920
Module: DropoutFullyConnectedNN
  Module: ModuleList
    Module: Linear
    Module: Linear
    Module: Linear
  Module: ModuleList
    Module: Dropout
dropout设置为训练模式
    Module: Dropout
dropout设置为训练模式
    Module: Dropout
dropout设置为训练模式
  Module: ReLU
test_loss: 0.0805
epoch 381
train_loss: 0.0942
Module: DropoutFullyConnectedNN
  Module: ModuleList
    Module: Linear
    Module: Linear
    Module: Linear
  Module: ModuleList
    Module: Dropout
dropout设置为训练模式
    Module: Dropout
dropout设置为训练模式
    Module: Dropout
dropout设置为训练模式
  Module: ReLU
test_loss: 0.0812
epoch 382
train_loss: 0.0914
Module: DropoutFullyConnectedNN
  Module: ModuleList
    Module: Linear
    Module: Linear
    Module: Linear
  Module: ModuleList
    Module: Dropout
dropout设置为训练模式
    Module: Dropout
dropout设置为训练模式
    Module: Dropout
dropout设置为训练模式
  Module: ReLU
test_loss: 0.0796
epoch 383
train_loss: 0.0938
Module: DropoutFullyConnectedNN
  Module: ModuleList
    Module: Linear
    Module: Linear
    Module: Linear
  Module: ModuleList
    Module: Dropout
dropout设置为训练模式
    Module: Dropout
dropout设置为训练模式
    Module: Dropout
dropout设置为训练模式
  Module: ReLU
test_loss: 0.0807
epoch 384
train_loss: 0.0944
Module: DropoutFullyConnectedNN
  Module: ModuleList
    Module: Linear
    Module: Linear
    Module: Linear
  Module: ModuleList
    Module: Dropout
dropout设置为训练模式
    Module: Dropout
dropout设置为训练模式
    Module: Dropout
dropout设置为训练模式
  Module: ReLU
test_loss: 0.0803
epoch 385
train_loss: 0.0941
Module: DropoutFullyConnectedNN
  Module: ModuleList
    Module: Linear
    Module: Linear
    Module: Linear
  Module: ModuleList
    Module: Dropout
dropout设置为训练模式
    Module: Dropout
dropout设置为训练模式
    Module: Dropout
dropout设置为训练模式
  Module: ReLU
test_loss: 0.0801
epoch 386
train_loss: 0.0924
Module: DropoutFullyConnectedNN
  Module: ModuleList
    Module: Linear
    Module: Linear
    Module: Linear
  Module: ModuleList
    Module: Dropout
dropout设置为训练模式
    Module: Dropout
dropout设置为训练模式
    Module: Dropout
dropout设置为训练模式
  Module: ReLU
test_loss: 0.0799
epoch 387
train_loss: 0.0935
Module: DropoutFullyConnectedNN
  Module: ModuleList
    Module: Linear
    Module: Linear
    Module: Linear
  Module: ModuleList
    Module: Dropout
dropout设置为训练模式
    Module: Dropout
dropout设置为训练模式
    Module: Dropout
dropout设置为训练模式
  Module: ReLU
test_loss: 0.0799
epoch 388
train_loss: 0.0932
Module: DropoutFullyConnectedNN
  Module: ModuleList
    Module: Linear
    Module: Linear
    Module: Linear
  Module: ModuleList
    Module: Dropout
dropout设置为训练模式
    Module: Dropout
dropout设置为训练模式
    Module: Dropout
dropout设置为训练模式
  Module: ReLU
test_loss: 0.0795
epoch 389
train_loss: 0.0934
Module: DropoutFullyConnectedNN
  Module: ModuleList
    Module: Linear
    Module: Linear
    Module: Linear
  Module: ModuleList
    Module: Dropout
dropout设置为训练模式
    Module: Dropout
dropout设置为训练模式
    Module: Dropout
dropout设置为训练模式
  Module: ReLU
test_loss: 0.0801
epoch 390
train_loss: 0.0943
Module: DropoutFullyConnectedNN
  Module: ModuleList
    Module: Linear
    Module: Linear
    Module: Linear
  Module: ModuleList
    Module: Dropout
dropout设置为训练模式
    Module: Dropout
dropout设置为训练模式
    Module: Dropout
dropout设置为训练模式
  Module: ReLU
test_loss: 0.0800
epoch 391
train_loss: 0.0935
Module: DropoutFullyConnectedNN
  Module: ModuleList
    Module: Linear
    Module: Linear
    Module: Linear
  Module: ModuleList
    Module: Dropout
dropout设置为训练模式
    Module: Dropout
dropout设置为训练模式
    Module: Dropout
dropout设置为训练模式
  Module: ReLU
test_loss: 0.0805
epoch 392
train_loss: 0.0926
Module: DropoutFullyConnectedNN
  Module: ModuleList
    Module: Linear
    Module: Linear
    Module: Linear
  Module: ModuleList
    Module: Dropout
dropout设置为训练模式
    Module: Dropout
dropout设置为训练模式
    Module: Dropout
dropout设置为训练模式
  Module: ReLU
test_loss: 0.0810
epoch 393
train_loss: 0.0926
Module: DropoutFullyConnectedNN
  Module: ModuleList
    Module: Linear
    Module: Linear
    Module: Linear
  Module: ModuleList
    Module: Dropout
dropout设置为训练模式
    Module: Dropout
dropout设置为训练模式
    Module: Dropout
dropout设置为训练模式
  Module: ReLU
test_loss: 0.0797
epoch 394
train_loss: 0.0928
Module: DropoutFullyConnectedNN
  Module: ModuleList
    Module: Linear
    Module: Linear
    Module: Linear
  Module: ModuleList
    Module: Dropout
dropout设置为训练模式
    Module: Dropout
dropout设置为训练模式
    Module: Dropout
dropout设置为训练模式
  Module: ReLU
test_loss: 0.0801
epoch 395
train_loss: 0.0950
Module: DropoutFullyConnectedNN
  Module: ModuleList
    Module: Linear
    Module: Linear
    Module: Linear
  Module: ModuleList
    Module: Dropout
dropout设置为训练模式
    Module: Dropout
dropout设置为训练模式
    Module: Dropout
dropout设置为训练模式
  Module: ReLU
test_loss: 0.0801
epoch 396
train_loss: 0.0923
Module: DropoutFullyConnectedNN
  Module: ModuleList
    Module: Linear
    Module: Linear
    Module: Linear
  Module: ModuleList
    Module: Dropout
dropout设置为训练模式
    Module: Dropout
dropout设置为训练模式
    Module: Dropout
dropout设置为训练模式
  Module: ReLU
test_loss: 0.0799
epoch 397
train_loss: 0.0921
Module: DropoutFullyConnectedNN
  Module: ModuleList
    Module: Linear
    Module: Linear
    Module: Linear
  Module: ModuleList
    Module: Dropout
dropout设置为训练模式
    Module: Dropout
dropout设置为训练模式
    Module: Dropout
dropout设置为训练模式
  Module: ReLU
test_loss: 0.0802
epoch 398
train_loss: 0.0906
Module: DropoutFullyConnectedNN
  Module: ModuleList
    Module: Linear
    Module: Linear
    Module: Linear
  Module: ModuleList
    Module: Dropout
dropout设置为训练模式
    Module: Dropout
dropout设置为训练模式
    Module: Dropout
dropout设置为训练模式
  Module: ReLU
test_loss: 0.0794
epoch 399
train_loss: 0.0944
Module: DropoutFullyConnectedNN
  Module: ModuleList
    Module: Linear
    Module: Linear
    Module: Linear
  Module: ModuleList
    Module: Dropout
dropout设置为训练模式
    Module: Dropout
dropout设置为训练模式
    Module: Dropout
dropout设置为训练模式
  Module: ReLU
test_loss: 0.0795
epoch 400
train_loss: 0.0902
Module: DropoutFullyConnectedNN
  Module: ModuleList
    Module: Linear
    Module: Linear
    Module: Linear
  Module: ModuleList
    Module: Dropout
dropout设置为训练模式
    Module: Dropout
dropout设置为训练模式
    Module: Dropout
dropout设置为训练模式
  Module: ReLU
test_loss: 0.0792
epoch 401
train_loss: 0.0915
Module: DropoutFullyConnectedNN
  Module: ModuleList
    Module: Linear
    Module: Linear
    Module: Linear
  Module: ModuleList
    Module: Dropout
dropout设置为训练模式
    Module: Dropout
dropout设置为训练模式
    Module: Dropout
dropout设置为训练模式
  Module: ReLU
test_loss: 0.0798
epoch 402
train_loss: 0.0911
Module: DropoutFullyConnectedNN
  Module: ModuleList
    Module: Linear
    Module: Linear
    Module: Linear
  Module: ModuleList
    Module: Dropout
dropout设置为训练模式
    Module: Dropout
dropout设置为训练模式
    Module: Dropout
dropout设置为训练模式
  Module: ReLU
test_loss: 0.0797
epoch 403
train_loss: 0.0922
Module: DropoutFullyConnectedNN
  Module: ModuleList
    Module: Linear
    Module: Linear
    Module: Linear
  Module: ModuleList
    Module: Dropout
dropout设置为训练模式
    Module: Dropout
dropout设置为训练模式
    Module: Dropout
dropout设置为训练模式
  Module: ReLU
test_loss: 0.0798
epoch 404
train_loss: 0.0921
Module: DropoutFullyConnectedNN
  Module: ModuleList
    Module: Linear
    Module: Linear
    Module: Linear
  Module: ModuleList
    Module: Dropout
dropout设置为训练模式
    Module: Dropout
dropout设置为训练模式
    Module: Dropout
dropout设置为训练模式
  Module: ReLU
test_loss: 0.0802
epoch 405
train_loss: 0.0900
Module: DropoutFullyConnectedNN
  Module: ModuleList
    Module: Linear
    Module: Linear
    Module: Linear
  Module: ModuleList
    Module: Dropout
dropout设置为训练模式
    Module: Dropout
dropout设置为训练模式
    Module: Dropout
dropout设置为训练模式
  Module: ReLU
test_loss: 0.0799
epoch 406
train_loss: 0.0910
Module: DropoutFullyConnectedNN
  Module: ModuleList
    Module: Linear
    Module: Linear
    Module: Linear
  Module: ModuleList
    Module: Dropout
dropout设置为训练模式
    Module: Dropout
dropout设置为训练模式
    Module: Dropout
dropout设置为训练模式
  Module: ReLU
test_loss: 0.0798
epoch 407
train_loss: 0.0893
Module: DropoutFullyConnectedNN
  Module: ModuleList
    Module: Linear
    Module: Linear
    Module: Linear
  Module: ModuleList
    Module: Dropout
dropout设置为训练模式
    Module: Dropout
dropout设置为训练模式
    Module: Dropout
dropout设置为训练模式
  Module: ReLU
test_loss: 0.0798
epoch 408
train_loss: 0.0900
Module: DropoutFullyConnectedNN
  Module: ModuleList
    Module: Linear
    Module: Linear
    Module: Linear
  Module: ModuleList
    Module: Dropout
dropout设置为训练模式
    Module: Dropout
dropout设置为训练模式
    Module: Dropout
dropout设置为训练模式
  Module: ReLU
test_loss: 0.0799
epoch 409
train_loss: 0.0924
Module: DropoutFullyConnectedNN
  Module: ModuleList
    Module: Linear
    Module: Linear
    Module: Linear
  Module: ModuleList
    Module: Dropout
dropout设置为训练模式
    Module: Dropout
dropout设置为训练模式
    Module: Dropout
dropout设置为训练模式
  Module: ReLU
test_loss: 0.0803
epoch 410
train_loss: 0.0910
Module: DropoutFullyConnectedNN
  Module: ModuleList
    Module: Linear
    Module: Linear
    Module: Linear
  Module: ModuleList
    Module: Dropout
dropout设置为训练模式
    Module: Dropout
dropout设置为训练模式
    Module: Dropout
dropout设置为训练模式
  Module: ReLU
test_loss: 0.0798
epoch 411
train_loss: 0.0889
Module: DropoutFullyConnectedNN
  Module: ModuleList
    Module: Linear
    Module: Linear
    Module: Linear
  Module: ModuleList
    Module: Dropout
dropout设置为训练模式
    Module: Dropout
dropout设置为训练模式
    Module: Dropout
dropout设置为训练模式
  Module: ReLU
test_loss: 0.0798
epoch 412
train_loss: 0.0934
Module: DropoutFullyConnectedNN
  Module: ModuleList
    Module: Linear
    Module: Linear
    Module: Linear
  Module: ModuleList
    Module: Dropout
dropout设置为训练模式
    Module: Dropout
dropout设置为训练模式
    Module: Dropout
dropout设置为训练模式
  Module: ReLU
test_loss: 0.0799
epoch 413
train_loss: 0.0930
Module: DropoutFullyConnectedNN
  Module: ModuleList
    Module: Linear
    Module: Linear
    Module: Linear
  Module: ModuleList
    Module: Dropout
dropout设置为训练模式
    Module: Dropout
dropout设置为训练模式
    Module: Dropout
dropout设置为训练模式
  Module: ReLU
test_loss: 0.0796
epoch 414
train_loss: 0.0907
Module: DropoutFullyConnectedNN
  Module: ModuleList
    Module: Linear
    Module: Linear
    Module: Linear
  Module: ModuleList
    Module: Dropout
dropout设置为训练模式
    Module: Dropout
dropout设置为训练模式
    Module: Dropout
dropout设置为训练模式
  Module: ReLU
test_loss: 0.0798
epoch 415
train_loss: 0.0905
Module: DropoutFullyConnectedNN
  Module: ModuleList
    Module: Linear
    Module: Linear
    Module: Linear
  Module: ModuleList
    Module: Dropout
dropout设置为训练模式
    Module: Dropout
dropout设置为训练模式
    Module: Dropout
dropout设置为训练模式
  Module: ReLU
test_loss: 0.0801
epoch 416
train_loss: 0.0908
Module: DropoutFullyConnectedNN
  Module: ModuleList
    Module: Linear
    Module: Linear
    Module: Linear
  Module: ModuleList
    Module: Dropout
dropout设置为训练模式
    Module: Dropout
dropout设置为训练模式
    Module: Dropout
dropout设置为训练模式
  Module: ReLU
test_loss: 0.0804
epoch 417
train_loss: 0.0913
Module: DropoutFullyConnectedNN
  Module: ModuleList
    Module: Linear
    Module: Linear
    Module: Linear
  Module: ModuleList
    Module: Dropout
dropout设置为训练模式
    Module: Dropout
dropout设置为训练模式
    Module: Dropout
dropout设置为训练模式
  Module: ReLU
test_loss: 0.0792
epoch 418
train_loss: 0.0886
Module: DropoutFullyConnectedNN
  Module: ModuleList
    Module: Linear
    Module: Linear
    Module: Linear
  Module: ModuleList
    Module: Dropout
dropout设置为训练模式
    Module: Dropout
dropout设置为训练模式
    Module: Dropout
dropout设置为训练模式
  Module: ReLU
test_loss: 0.0791
epoch 419
train_loss: 0.0908
Module: DropoutFullyConnectedNN
  Module: ModuleList
    Module: Linear
    Module: Linear
    Module: Linear
  Module: ModuleList
    Module: Dropout
dropout设置为训练模式
    Module: Dropout
dropout设置为训练模式
    Module: Dropout
dropout设置为训练模式
  Module: ReLU
test_loss: 0.0798
/home/xueqiong/noise_injection_uncertainty/regression/utils.py:39: FutureWarning: The 'delim_whitespace' keyword in pd.read_csv is deprecated and will be removed in a future version. Use ``sep='\s+'`` instead
  return pd.read_csv(dataset_path, engine='python', header=None, delim_whitespace=True)
8 1
6554 1638 8192
model_name fixnoiseFCN
using Adam as optimizer
epoch 0
train_loss: 0.9339
test_loss: 0.8510
epoch 1
train_loss: 0.7477
test_loss: 0.6693
epoch 2
train_loss: 0.5933
test_loss: 0.5660
epoch 3
train_loss: 0.5219
test_loss: 0.5232
epoch 4
train_loss: 0.4852
test_loss: 0.4913
epoch 5
train_loss: 0.4570
test_loss: 0.4617
epoch 6
train_loss: 0.4312
test_loss: 0.4339
epoch 7
train_loss: 0.4053
test_loss: 0.4091
epoch 8
train_loss: 0.3828
test_loss: 0.3877
epoch 9
train_loss: 0.3625
test_loss: 0.3683
epoch 10
train_loss: 0.3449
test_loss: 0.3518
epoch 11
train_loss: 0.3292
test_loss: 0.3370
epoch 12
train_loss: 0.3164
test_loss: 0.3237
epoch 13
train_loss: 0.3039
test_loss: 0.3118
epoch 14
train_loss: 0.2934
test_loss: 0.3010
epoch 15
train_loss: 0.2811
test_loss: 0.2906
epoch 16
train_loss: 0.2733
test_loss: 0.2809
epoch 17
train_loss: 0.2637
test_loss: 0.2721
epoch 18
train_loss: 0.2557
test_loss: 0.2640
epoch 19
train_loss: 0.2477
test_loss: 0.2563
epoch 20
train_loss: 0.2409
test_loss: 0.2492
epoch 21
train_loss: 0.2330
test_loss: 0.2423
epoch 22
train_loss: 0.2267
test_loss: 0.2362
epoch 23
train_loss: 0.2234
test_loss: 0.2305
epoch 24
train_loss: 0.2147
test_loss: 0.2252
epoch 25
train_loss: 0.2103
test_loss: 0.2202
epoch 26
train_loss: 0.2044
test_loss: 0.2152
epoch 27
train_loss: 0.2029
test_loss: 0.2108
epoch 28
train_loss: 0.1984
test_loss: 0.2069
epoch 29
train_loss: 0.1949
test_loss: 0.2034
epoch 30
train_loss: 0.1920
test_loss: 0.1994
epoch 31
train_loss: 0.1908
test_loss: 0.1963
epoch 32
train_loss: 0.1858
test_loss: 0.1921
epoch 33
train_loss: 0.1835
test_loss: 0.1892
epoch 34
train_loss: 0.1816
test_loss: 0.1869
epoch 35
train_loss: 0.1783
test_loss: 0.1838
epoch 36
train_loss: 0.1754
test_loss: 0.1812
epoch 37
train_loss: 0.1722
test_loss: 0.1789
epoch 38
train_loss: 0.1717
test_loss: 0.1765
epoch 39
train_loss: 0.1707
test_loss: 0.1742
epoch 40
train_loss: 0.1708
test_loss: 0.1719
epoch 41
train_loss: 0.1673
test_loss: 0.1699
epoch 42
train_loss: 0.1643
test_loss: 0.1678
epoch 43
train_loss: 0.1624
test_loss: 0.1662
epoch 44
train_loss: 0.1628
test_loss: 0.1641
epoch 45
train_loss: 0.1587
test_loss: 0.1631
epoch 46
train_loss: 0.1596
test_loss: 0.1608
epoch 47
train_loss: 0.1555
test_loss: 0.1594
epoch 48
train_loss: 0.1536
test_loss: 0.1579
epoch 49
train_loss: 0.1543
test_loss: 0.1558
epoch 50
train_loss: 0.1519
test_loss: 0.1548
epoch 51
train_loss: 0.1509
test_loss: 0.1528
epoch 52
train_loss: 0.1510
test_loss: 0.1517
epoch 53
train_loss: 0.1491
test_loss: 0.1503
epoch 54
train_loss: 0.1488
test_loss: 0.1493
epoch 55
train_loss: 0.1464
test_loss: 0.1475
epoch 56
train_loss: 0.1460
test_loss: 0.1459
epoch 57
train_loss: 0.1445
test_loss: 0.1454
epoch 58
train_loss: 0.1428
test_loss: 0.1437
epoch 59
train_loss: 0.1439
test_loss: 0.1431
epoch 60
train_loss: 0.1416
test_loss: 0.1411
epoch 61
train_loss: 0.1399
test_loss: 0.1407
epoch 62
train_loss: 0.1375
test_loss: 0.1391
epoch 63
train_loss: 0.1384
test_loss: 0.1378
epoch 64
train_loss: 0.1399
test_loss: 0.1372
epoch 65
train_loss: 0.1367
test_loss: 0.1364
epoch 66
train_loss: 0.1358
test_loss: 0.1351
epoch 67
train_loss: 0.1344
test_loss: 0.1338
epoch 68
train_loss: 0.1342
test_loss: 0.1332
epoch 69
train_loss: 0.1330
test_loss: 0.1323
epoch 70
train_loss: 0.1317
test_loss: 0.1311
epoch 71
train_loss: 0.1307
test_loss: 0.1303
epoch 72
train_loss: 0.1294
test_loss: 0.1289
epoch 73
train_loss: 0.1293
test_loss: 0.1287
epoch 74
train_loss: 0.1278
test_loss: 0.1278
epoch 75
train_loss: 0.1277
test_loss: 0.1273
epoch 76
train_loss: 0.1298
test_loss: 0.1260
epoch 77
train_loss: 0.1279
test_loss: 0.1258
epoch 78
train_loss: 0.1272
test_loss: 0.1243
epoch 79
train_loss: 0.1261
test_loss: 0.1239
epoch 80
train_loss: 0.1242
test_loss: 0.1227
epoch 81
train_loss: 0.1246
test_loss: 0.1217
epoch 82
train_loss: 0.1234
test_loss: 0.1216
epoch 83
train_loss: 0.1233
test_loss: 0.1209
epoch 84
train_loss: 0.1212
test_loss: 0.1206
epoch 85
train_loss: 0.1220
test_loss: 0.1190
epoch 86
train_loss: 0.1218
test_loss: 0.1183
epoch 87
train_loss: 0.1205
test_loss: 0.1176
epoch 88
train_loss: 0.1196
test_loss: 0.1172
epoch 89
train_loss: 0.1204
test_loss: 0.1165
epoch 90
train_loss: 0.1211
test_loss: 0.1162
epoch 91
train_loss: 0.1165
test_loss: 0.1153
epoch 92
train_loss: 0.1172
test_loss: 0.1148
epoch 93
train_loss: 0.1166
test_loss: 0.1144
epoch 94
train_loss: 0.1137
test_loss: 0.1144
epoch 95
train_loss: 0.1168
test_loss: 0.1137
epoch 96
train_loss: 0.1166
test_loss: 0.1133
epoch 97
train_loss: 0.1152
test_loss: 0.1120
epoch 98
train_loss: 0.1149
test_loss: 0.1118
epoch 99
train_loss: 0.1135
test_loss: 0.1118
epoch 100
train_loss: 0.1156
test_loss: 0.1115
epoch 101
train_loss: 0.1138
test_loss: 0.1105
epoch 102
train_loss: 0.1144
test_loss: 0.1096
epoch 103
train_loss: 0.1125
test_loss: 0.1090
epoch 104
train_loss: 0.1119
test_loss: 0.1090
epoch 105
train_loss: 0.1117
test_loss: 0.1088
epoch 106
train_loss: 0.1097
test_loss: 0.1081
epoch 107
train_loss: 0.1105
test_loss: 0.1078
epoch 108
train_loss: 0.1123
test_loss: 0.1068
epoch 109
train_loss: 0.1110
test_loss: 0.1063
epoch 110
train_loss: 0.1107
test_loss: 0.1059
epoch 111
train_loss: 0.1065
test_loss: 0.1062
epoch 112
train_loss: 0.1096
test_loss: 0.1059
epoch 113
train_loss: 0.1079
test_loss: 0.1054
epoch 114
train_loss: 0.1065
test_loss: 0.1042
epoch 115
train_loss: 0.1058
test_loss: 0.1037
epoch 116
train_loss: 0.1070
test_loss: 0.1045
epoch 117
train_loss: 0.1076
test_loss: 0.1035
epoch 118
train_loss: 0.1084
test_loss: 0.1031
epoch 119
train_loss: 0.1045
test_loss: 0.1028
epoch 120
train_loss: 0.1053
test_loss: 0.1024
epoch 121
train_loss: 0.1057
test_loss: 0.1017
epoch 122
train_loss: 0.1077
test_loss: 0.1021
epoch 123
train_loss: 0.1050
test_loss: 0.1018
epoch 124
train_loss: 0.1049
test_loss: 0.1007
epoch 125
train_loss: 0.1028
test_loss: 0.1011
epoch 126
train_loss: 0.1016
test_loss: 0.1000
epoch 127
train_loss: 0.1059
test_loss: 0.1005
epoch 128
train_loss: 0.1035
test_loss: 0.0998
epoch 129
train_loss: 0.1023
test_loss: 0.0993
epoch 130
train_loss: 0.1011
test_loss: 0.0989
epoch 131
train_loss: 0.1039
test_loss: 0.0982
epoch 132
train_loss: 0.1041
test_loss: 0.0992
epoch 133
train_loss: 0.1031
test_loss: 0.0990
epoch 134
train_loss: 0.1039
test_loss: 0.0980
epoch 135
train_loss: 0.1006
test_loss: 0.0982
epoch 136
train_loss: 0.1031
test_loss: 0.0981
epoch 137
train_loss: 0.1025
test_loss: 0.0976
epoch 138
train_loss: 0.1006
test_loss: 0.0973
epoch 139
train_loss: 0.1005
test_loss: 0.0977
epoch 140
train_loss: 0.1006
test_loss: 0.0962
epoch 141
train_loss: 0.0997
test_loss: 0.0960
epoch 142
train_loss: 0.1001
test_loss: 0.0963
epoch 143
train_loss: 0.1015
test_loss: 0.0958
epoch 144
train_loss: 0.1005
test_loss: 0.0961
epoch 145
train_loss: 0.0998
test_loss: 0.0960
epoch 146
train_loss: 0.0978
test_loss: 0.0951
epoch 147
train_loss: 0.0978
test_loss: 0.0954
epoch 148
train_loss: 0.0993
test_loss: 0.0944
epoch 149
train_loss: 0.0995
test_loss: 0.0943
epoch 150
train_loss: 0.1013
test_loss: 0.0957
epoch 151
train_loss: 0.0969
test_loss: 0.0942
epoch 152
train_loss: 0.0973
test_loss: 0.0939
epoch 153
train_loss: 0.0967
test_loss: 0.0948
epoch 154
train_loss: 0.0999
test_loss: 0.0959
epoch 155
train_loss: 0.0980
test_loss: 0.0931
epoch 156
train_loss: 0.0963
test_loss: 0.0936
epoch 157
train_loss: 0.0945
test_loss: 0.0944
epoch 158
train_loss: 0.0977
test_loss: 0.0935
epoch 159
train_loss: 0.0966
test_loss: 0.0941
epoch 160
train_loss: 0.0941
test_loss: 0.0930
epoch 161
train_loss: 0.0975
test_loss: 0.0924
epoch 162
train_loss: 0.0953
test_loss: 0.0928
epoch 163
train_loss: 0.0954
test_loss: 0.0920
epoch 164
train_loss: 0.0959
test_loss: 0.0925
epoch 165
train_loss: 0.0958
test_loss: 0.0924
epoch 166
train_loss: 0.0955
test_loss: 0.0919
epoch 167
train_loss: 0.0953
test_loss: 0.0913
epoch 168
train_loss: 0.0956
test_loss: 0.0922
epoch 169
train_loss: 0.0949
test_loss: 0.0913
epoch 170
train_loss: 0.0959
test_loss: 0.0911
epoch 171
train_loss: 0.0939
test_loss: 0.0914
epoch 172
train_loss: 0.0962
test_loss: 0.0907
epoch 173
train_loss: 0.0954
test_loss: 0.0914
epoch 174
train_loss: 0.0929
test_loss: 0.0909
epoch 175
train_loss: 0.0941
test_loss: 0.0905
epoch 176
train_loss: 0.0944
test_loss: 0.0905
epoch 177
train_loss: 0.0931
test_loss: 0.0906
epoch 178
train_loss: 0.0926
test_loss: 0.0899
epoch 179
train_loss: 0.0933
test_loss: 0.0902
epoch 180
train_loss: 0.0945
test_loss: 0.0911
epoch 181
train_loss: 0.0927
test_loss: 0.0901
epoch 182
train_loss: 0.0939
test_loss: 0.0901
epoch 183
train_loss: 0.0935
test_loss: 0.0897
epoch 184
train_loss: 0.0923
test_loss: 0.0895
epoch 185
train_loss: 0.0912
test_loss: 0.0913
epoch 186
train_loss: 0.0941
test_loss: 0.0892
epoch 187
train_loss: 0.0894
test_loss: 0.0889
epoch 188
train_loss: 0.0931
test_loss: 0.0895
epoch 189
train_loss: 0.0914
test_loss: 0.0890
epoch 190
train_loss: 0.0910
test_loss: 0.0892
epoch 191
train_loss: 0.0909
test_loss: 0.0886
epoch 192
train_loss: 0.0905
test_loss: 0.0886
epoch 193
train_loss: 0.0941
test_loss: 0.0888
epoch 194
train_loss: 0.0910
test_loss: 0.0884
epoch 195
train_loss: 0.0901
test_loss: 0.0888
epoch 196
train_loss: 0.0904
test_loss: 0.0882
epoch 197
train_loss: 0.0881
test_loss: 0.0890
epoch 198
train_loss: 0.0915
test_loss: 0.0876
epoch 199
train_loss: 0.0903
test_loss: 0.0880
epoch 200
train_loss: 0.0891
test_loss: 0.0880
epoch 201
train_loss: 0.0925
test_loss: 0.0878
epoch 202
train_loss: 0.0914
test_loss: 0.0884
epoch 203
train_loss: 0.0910
test_loss: 0.0873
epoch 204
train_loss: 0.0895
test_loss: 0.0873
epoch 205
train_loss: 0.0879
test_loss: 0.0874
epoch 206
train_loss: 0.0901
test_loss: 0.0876
epoch 207
train_loss: 0.0894
test_loss: 0.0875
epoch 208
train_loss: 0.0905
test_loss: 0.0867
epoch 209
train_loss: 0.0895
test_loss: 0.0869
epoch 210
train_loss: 0.0898
test_loss: 0.0871
epoch 211
train_loss: 0.0895
test_loss: 0.0874
epoch 212
train_loss: 0.0884
test_loss: 0.0862
epoch 213
train_loss: 0.0915
test_loss: 0.0863
epoch 214
train_loss: 0.0909
test_loss: 0.0862
epoch 215
train_loss: 0.0905
test_loss: 0.0875
epoch 216
train_loss: 0.0886
test_loss: 0.0870
epoch 217
train_loss: 0.0909
test_loss: 0.0865
epoch 218
train_loss: 0.0882
test_loss: 0.0869
epoch 219
train_loss: 0.0884
test_loss: 0.0856
epoch 220
train_loss: 0.0892
test_loss: 0.0858
epoch 221
train_loss: 0.0897
test_loss: 0.0859
epoch 222
train_loss: 0.0876
test_loss: 0.0862
epoch 223
train_loss: 0.0878
test_loss: 0.0857
epoch 224
train_loss: 0.0886
test_loss: 0.0853
epoch 225
train_loss: 0.0894
test_loss: 0.0852
epoch 226
train_loss: 0.0879
test_loss: 0.0856
epoch 227
train_loss: 0.0867
test_loss: 0.0855
epoch 228
train_loss: 0.0866
test_loss: 0.0854
epoch 229
train_loss: 0.0899
test_loss: 0.0848
epoch 230
train_loss: 0.0912
test_loss: 0.0860
epoch 231
train_loss: 0.0869
test_loss: 0.0859
epoch 232
train_loss: 0.0892
test_loss: 0.0846
epoch 233
train_loss: 0.0871
test_loss: 0.0848
epoch 234
train_loss: 0.0858
test_loss: 0.0843
epoch 235
train_loss: 0.0893
test_loss: 0.0841
epoch 236
train_loss: 0.0895
test_loss: 0.0854
epoch 237
train_loss: 0.0885
test_loss: 0.0848
epoch 238
train_loss: 0.0876
test_loss: 0.0845
epoch 239
train_loss: 0.0889
test_loss: 0.0854
epoch 240
train_loss: 0.0861
test_loss: 0.0840
epoch 241
train_loss: 0.0861
test_loss: 0.0851
epoch 242
train_loss: 0.0881
test_loss: 0.0841
epoch 243
train_loss: 0.0870
test_loss: 0.0841
epoch 244
train_loss: 0.0852
test_loss: 0.0838
epoch 245
train_loss: 0.0876
test_loss: 0.0838
epoch 246
train_loss: 0.0878
test_loss: 0.0838
epoch 247
train_loss: 0.0873
test_loss: 0.0848
epoch 248
train_loss: 0.0868
test_loss: 0.0842
epoch 249
train_loss: 0.0864
test_loss: 0.0837
epoch 250
train_loss: 0.0866
test_loss: 0.0837
epoch 251
train_loss: 0.0848
test_loss: 0.0832
epoch 252
train_loss: 0.0861
test_loss: 0.0830
epoch 253
train_loss: 0.0856
test_loss: 0.0839
epoch 254
train_loss: 0.0881
test_loss: 0.0841
epoch 255
train_loss: 0.0874
test_loss: 0.0839
epoch 256
train_loss: 0.0867
test_loss: 0.0829
epoch 257
train_loss: 0.0864
test_loss: 0.0843
epoch 258
train_loss: 0.0863
test_loss: 0.0825
epoch 259
train_loss: 0.0851
test_loss: 0.0827
epoch 260
train_loss: 0.0855
test_loss: 0.0828
epoch 261
train_loss: 0.0875
test_loss: 0.0837
epoch 262
train_loss: 0.0841
test_loss: 0.0828
epoch 263
train_loss: 0.0850
test_loss: 0.0833
epoch 264
train_loss: 0.0857
test_loss: 0.0838
epoch 265
train_loss: 0.0849
test_loss: 0.0826
epoch 266
train_loss: 0.0858
test_loss: 0.0838
epoch 267
train_loss: 0.0861
test_loss: 0.0822
epoch 268
train_loss: 0.0845
test_loss: 0.0826
epoch 269
train_loss: 0.0845
test_loss: 0.0833
epoch 270
train_loss: 0.0851
test_loss: 0.0825
epoch 271
train_loss: 0.0838
test_loss: 0.0827
epoch 272
train_loss: 0.0839
test_loss: 0.0826
epoch 273
train_loss: 0.0847
test_loss: 0.0823
epoch 274
train_loss: 0.0873
test_loss: 0.0824
epoch 275
train_loss: 0.0853
test_loss: 0.0815
epoch 276
train_loss: 0.0862
test_loss: 0.0826
epoch 277
train_loss: 0.0847
test_loss: 0.0827
epoch 278
train_loss: 0.0844
test_loss: 0.0820
epoch 279
train_loss: 0.0831
test_loss: 0.0822
epoch 280
train_loss: 0.0842
test_loss: 0.0820
epoch 281
train_loss: 0.0843
test_loss: 0.0812
epoch 282
train_loss: 0.0842
test_loss: 0.0831
epoch 283
train_loss: 0.0837
test_loss: 0.0818
epoch 284
train_loss: 0.0857
test_loss: 0.0812
epoch 285
train_loss: 0.0836
test_loss: 0.0816
epoch 286
train_loss: 0.0834
test_loss: 0.0814
epoch 287
train_loss: 0.0816
test_loss: 0.0822
epoch 288
train_loss: 0.0840
test_loss: 0.0813
epoch 289
train_loss: 0.0816
test_loss: 0.0818
epoch 290
train_loss: 0.0841
test_loss: 0.0819
epoch 291
train_loss: 0.0824
test_loss: 0.0811
epoch 292
train_loss: 0.0826
test_loss: 0.0815
epoch 293
train_loss: 0.0832
test_loss: 0.0813
epoch 294
train_loss: 0.0813
test_loss: 0.0813
epoch 295
train_loss: 0.0821
test_loss: 0.0812
epoch 296
train_loss: 0.0828
test_loss: 0.0822
epoch 297
train_loss: 0.0841
test_loss: 0.0817
epoch 298
train_loss: 0.0839
test_loss: 0.0810
epoch 299
train_loss: 0.0827
test_loss: 0.0814
epoch 300
train_loss: 0.0830
test_loss: 0.0807
epoch 301
train_loss: 0.0850
test_loss: 0.0808
epoch 302
train_loss: 0.0818
test_loss: 0.0816
epoch 303
train_loss: 0.0842
test_loss: 0.0812
epoch 304
train_loss: 0.0819
test_loss: 0.0808
epoch 305
train_loss: 0.0835
test_loss: 0.0814
epoch 306
train_loss: 0.0841
test_loss: 0.0811
epoch 307
train_loss: 0.0819
test_loss: 0.0806
epoch 308
train_loss: 0.0808
test_loss: 0.0816
epoch 309
train_loss: 0.0830
test_loss: 0.0806
epoch 310
train_loss: 0.0829
test_loss: 0.0807
epoch 311
train_loss: 0.0848
test_loss: 0.0806
epoch 312
train_loss: 0.0838
test_loss: 0.0811
epoch 313
train_loss: 0.0817
test_loss: 0.0808
epoch 314
train_loss: 0.0813
test_loss: 0.0806
epoch 315
train_loss: 0.0835
test_loss: 0.0800
epoch 316
train_loss: 0.0820
test_loss: 0.0810
epoch 317
train_loss: 0.0837
test_loss: 0.0800
epoch 318
train_loss: 0.0814
test_loss: 0.0804
epoch 319
train_loss: 0.0829
test_loss: 0.0803
epoch 320
train_loss: 0.0812
test_loss: 0.0803
epoch 321
train_loss: 0.0833
test_loss: 0.0803
epoch 322
train_loss: 0.0816
test_loss: 0.0807
epoch 323
train_loss: 0.0812
test_loss: 0.0802
epoch 324
train_loss: 0.0829
test_loss: 0.0795
epoch 325
train_loss: 0.0830
test_loss: 0.0813
epoch 326
train_loss: 0.0813
test_loss: 0.0798
epoch 327
train_loss: 0.0827
test_loss: 0.0793
epoch 328
train_loss: 0.0822
test_loss: 0.0804
epoch 329
train_loss: 0.0828
test_loss: 0.0797
epoch 330
train_loss: 0.0812
test_loss: 0.0795
epoch 331
train_loss: 0.0809
test_loss: 0.0798
epoch 332
train_loss: 0.0829
test_loss: 0.0802
epoch 333
train_loss: 0.0815
test_loss: 0.0809
epoch 334
train_loss: 0.0820
test_loss: 0.0799
epoch 335
train_loss: 0.0824
test_loss: 0.0800
epoch 336
train_loss: 0.0818
test_loss: 0.0799
epoch 337
train_loss: 0.0834
test_loss: 0.0809
epoch 338
train_loss: 0.0828
test_loss: 0.0793
epoch 339
train_loss: 0.0815
test_loss: 0.0794
epoch 340
train_loss: 0.0806
test_loss: 0.0798
epoch 341
train_loss: 0.0811
test_loss: 0.0794
epoch 342
train_loss: 0.0817
test_loss: 0.0791
epoch 343
train_loss: 0.0810
test_loss: 0.0814
epoch 344
train_loss: 0.0819
test_loss: 0.0792
epoch 345
train_loss: 0.0809
test_loss: 0.0799
epoch 346
train_loss: 0.0822
test_loss: 0.0793
epoch 347
train_loss: 0.0822
test_loss: 0.0796
epoch 348
train_loss: 0.0810
test_loss: 0.0792
epoch 349
train_loss: 0.0794
test_loss: 0.0788
epoch 350
train_loss: 0.0807
test_loss: 0.0792
epoch 351
train_loss: 0.0792
test_loss: 0.0784
epoch 352
train_loss: 0.0811
test_loss: 0.0792
epoch 353
train_loss: 0.0805
test_loss: 0.0798
epoch 354
train_loss: 0.0800
test_loss: 0.0784
epoch 355
train_loss: 0.0802
test_loss: 0.0786
epoch 356
train_loss: 0.0820
test_loss: 0.0785
epoch 357
train_loss: 0.0798
test_loss: 0.0782
epoch 358
train_loss: 0.0821
test_loss: 0.0791
epoch 359
train_loss: 0.0798
test_loss: 0.0797
epoch 360
train_loss: 0.0811
test_loss: 0.0788
epoch 361
train_loss: 0.0784
test_loss: 0.0790
epoch 362
train_loss: 0.0808
test_loss: 0.0788
epoch 363
train_loss: 0.0793
test_loss: 0.0787
epoch 364
train_loss: 0.0814
test_loss: 0.0791
epoch 365
train_loss: 0.0805
test_loss: 0.0782
epoch 366
train_loss: 0.0798
test_loss: 0.0785
epoch 367
train_loss: 0.0795
test_loss: 0.0790
epoch 368
train_loss: 0.0792
test_loss: 0.0785
epoch 369
train_loss: 0.0814
test_loss: 0.0786
epoch 370
train_loss: 0.0804
test_loss: 0.0779
epoch 371
train_loss: 0.0794
test_loss: 0.0786
epoch 372
train_loss: 0.0797
test_loss: 0.0790
epoch 373
train_loss: 0.0803
test_loss: 0.0781
epoch 374
train_loss: 0.0774
test_loss: 0.0780
epoch 375
train_loss: 0.0811
test_loss: 0.0779
epoch 376
train_loss: 0.0797
test_loss: 0.0786
epoch 377
train_loss: 0.0802
test_loss: 0.0779
epoch 378
train_loss: 0.0808
test_loss: 0.0785
epoch 379
train_loss: 0.0815
test_loss: 0.0784
epoch 380
train_loss: 0.0791
test_loss: 0.0787
epoch 381
train_loss: 0.0796
test_loss: 0.0786
epoch 382
train_loss: 0.0794
test_loss: 0.0779
epoch 383
train_loss: 0.0788
test_loss: 0.0783
epoch 384
train_loss: 0.0803
test_loss: 0.0791
epoch 385
train_loss: 0.0792
test_loss: 0.0785
epoch 386
train_loss: 0.0802
test_loss: 0.0788
epoch 387
train_loss: 0.0789
test_loss: 0.0794
epoch 388
train_loss: 0.0780
test_loss: 0.0782
epoch 389
train_loss: 0.0798
test_loss: 0.0783
epoch 390
train_loss: 0.0778
test_loss: 0.0781
epoch 391
train_loss: 0.0780
test_loss: 0.0782
epoch 392
train_loss: 0.0786
test_loss: 0.0776
epoch 393
train_loss: 0.0777
test_loss: 0.0778
epoch 394
train_loss: 0.0790
test_loss: 0.0794
epoch 395
train_loss: 0.0795
test_loss: 0.0772
epoch 396
train_loss: 0.0792
test_loss: 0.0774
epoch 397
train_loss: 0.0806
test_loss: 0.0778
epoch 398
train_loss: 0.0813
test_loss: 0.0778
epoch 399
train_loss: 0.0803
test_loss: 0.0776
epoch 400
train_loss: 0.0812
test_loss: 0.0775
epoch 401
train_loss: 0.0786
test_loss: 0.0775
epoch 402
train_loss: 0.0793
test_loss: 0.0774
epoch 403
train_loss: 0.0799
test_loss: 0.0778
epoch 404
train_loss: 0.0800
test_loss: 0.0775
epoch 405
train_loss: 0.0787
test_loss: 0.0772
epoch 406
train_loss: 0.0785
test_loss: 0.0777
epoch 407
train_loss: 0.0795
test_loss: 0.0778
epoch 408
train_loss: 0.0784
test_loss: 0.0777
epoch 409
train_loss: 0.0784
test_loss: 0.0770
/home/xueqiong/noise_injection_uncertainty/regression/utils.py:39: FutureWarning: The 'delim_whitespace' keyword in pd.read_csv is deprecated and will be removed in a future version. Use ``sep='\s+'`` instead
  return pd.read_csv(dataset_path, engine='python', header=None, delim_whitespace=True)
8 1
6554 1638 8192
model_name noisyFCN
using Adam as optimizer
epoch 0
train_loss: 0.8975
test_loss: 0.8051
epoch 1
train_loss: 0.7060
test_loss: 0.6307
epoch 2
train_loss: 0.5639
test_loss: 0.5393
epoch 3
train_loss: 0.5009
test_loss: 0.4999
epoch 4
train_loss: 0.4664
test_loss: 0.4697
epoch 5
train_loss: 0.4375
test_loss: 0.4421
epoch 6
train_loss: 0.4094
test_loss: 0.4165
epoch 7
train_loss: 0.3849
test_loss: 0.3932
epoch 8
train_loss: 0.3626
test_loss: 0.3721
epoch 9
train_loss: 0.3424
test_loss: 0.3534
epoch 10
train_loss: 0.3244
test_loss: 0.3366
epoch 11
train_loss: 0.3078
test_loss: 0.3212
epoch 12
train_loss: 0.2929
test_loss: 0.3065
epoch 13
train_loss: 0.2796
test_loss: 0.2930
epoch 14
train_loss: 0.2671
test_loss: 0.2806
epoch 15
train_loss: 0.2559
test_loss: 0.2694
epoch 16
train_loss: 0.2454
test_loss: 0.2591
epoch 17
train_loss: 0.2363
test_loss: 0.2500
epoch 18
train_loss: 0.2279
test_loss: 0.2416
epoch 19
train_loss: 0.2203
test_loss: 0.2342
epoch 20
train_loss: 0.2138
test_loss: 0.2276
epoch 21
train_loss: 0.2077
test_loss: 0.2216
epoch 22
train_loss: 0.2023
test_loss: 0.2162
epoch 23
train_loss: 0.1975
test_loss: 0.2112
epoch 24
train_loss: 0.1932
test_loss: 0.2067
epoch 25
train_loss: 0.1891
test_loss: 0.2025
epoch 26
train_loss: 0.1854
test_loss: 0.1987
epoch 27
train_loss: 0.1820
test_loss: 0.1951
epoch 28
train_loss: 0.1787
test_loss: 0.1918
epoch 29
train_loss: 0.1758
test_loss: 0.1887
epoch 30
train_loss: 0.1730
test_loss: 0.1857
epoch 31
train_loss: 0.1704
test_loss: 0.1829
epoch 32
train_loss: 0.1679
test_loss: 0.1803
epoch 33
train_loss: 0.1655
test_loss: 0.1779
epoch 34
train_loss: 0.1634
test_loss: 0.1755
epoch 35
train_loss: 0.1613
test_loss: 0.1733
epoch 36
train_loss: 0.1593
test_loss: 0.1712
epoch 37
train_loss: 0.1574
test_loss: 0.1691
epoch 38
train_loss: 0.1555
test_loss: 0.1671
epoch 39
train_loss: 0.1537
test_loss: 0.1651
epoch 40
train_loss: 0.1520
test_loss: 0.1633
epoch 41
train_loss: 0.1503
test_loss: 0.1614
epoch 42
train_loss: 0.1487
test_loss: 0.1597
epoch 43
train_loss: 0.1471
test_loss: 0.1580
epoch 44
train_loss: 0.1456
test_loss: 0.1564
epoch 45
train_loss: 0.1441
test_loss: 0.1549
epoch 46
train_loss: 0.1427
test_loss: 0.1534
epoch 47
train_loss: 0.1413
test_loss: 0.1520
epoch 48
train_loss: 0.1399
test_loss: 0.1506
epoch 49
train_loss: 0.1385
test_loss: 0.1492
epoch 50
train_loss: 0.1373
test_loss: 0.1479
epoch 51
train_loss: 0.1361
test_loss: 0.1467
epoch 52
train_loss: 0.1348
test_loss: 0.1454
epoch 53
train_loss: 0.1336
test_loss: 0.1443
epoch 54
train_loss: 0.1325
test_loss: 0.1431
epoch 55
train_loss: 0.1314
test_loss: 0.1420
epoch 56
train_loss: 0.1303
test_loss: 0.1409
epoch 57
train_loss: 0.1292
test_loss: 0.1398
epoch 58
train_loss: 0.1281
test_loss: 0.1388
epoch 59
train_loss: 0.1271
test_loss: 0.1378
epoch 60
train_loss: 0.1260
test_loss: 0.1367
epoch 61
train_loss: 0.1250
test_loss: 0.1358
epoch 62
train_loss: 0.1241
test_loss: 0.1348
epoch 63
train_loss: 0.1232
test_loss: 0.1339
epoch 64
train_loss: 0.1222
test_loss: 0.1330
epoch 65
train_loss: 0.1213
test_loss: 0.1321
epoch 66
train_loss: 0.1204
test_loss: 0.1313
epoch 67
train_loss: 0.1196
test_loss: 0.1304
epoch 68
train_loss: 0.1187
test_loss: 0.1296
epoch 69
train_loss: 0.1179
test_loss: 0.1289
epoch 70
train_loss: 0.1170
test_loss: 0.1281
epoch 71
train_loss: 0.1163
test_loss: 0.1273
epoch 72
train_loss: 0.1155
test_loss: 0.1266
epoch 73
train_loss: 0.1147
test_loss: 0.1259
epoch 74
train_loss: 0.1139
test_loss: 0.1252
epoch 75
train_loss: 0.1131
test_loss: 0.1245
epoch 76
train_loss: 0.1123
test_loss: 0.1238
epoch 77
train_loss: 0.1115
test_loss: 0.1231
epoch 78
train_loss: 0.1109
test_loss: 0.1225
epoch 79
train_loss: 0.1102
test_loss: 0.1219
epoch 80
train_loss: 0.1094
test_loss: 0.1213
epoch 81
train_loss: 0.1087
test_loss: 0.1206
epoch 82
train_loss: 0.1080
test_loss: 0.1200
epoch 83
train_loss: 0.1073
test_loss: 0.1194
epoch 84
train_loss: 0.1066
test_loss: 0.1188
epoch 85
train_loss: 0.1060
test_loss: 0.1182
epoch 86
train_loss: 0.1053
test_loss: 0.1176
epoch 87
train_loss: 0.1047
test_loss: 0.1171
epoch 88
train_loss: 0.1040
test_loss: 0.1165
epoch 89
train_loss: 0.1034
test_loss: 0.1160
epoch 90
train_loss: 0.1028
test_loss: 0.1154
epoch 91
train_loss: 0.1022
test_loss: 0.1149
epoch 92
train_loss: 0.1016
test_loss: 0.1143
epoch 93
train_loss: 0.1010
test_loss: 0.1138
epoch 94
train_loss: 0.1005
test_loss: 0.1132
epoch 95
train_loss: 0.0999
test_loss: 0.1127
epoch 96
train_loss: 0.0993
test_loss: 0.1122
epoch 97
train_loss: 0.0988
test_loss: 0.1117
epoch 98
train_loss: 0.0982
test_loss: 0.1112
epoch 99
train_loss: 0.0977
test_loss: 0.1107
epoch 100
train_loss: 0.0971
test_loss: 0.1102
epoch 101
train_loss: 0.0966
test_loss: 0.1098
epoch 102
train_loss: 0.0960
test_loss: 0.1093
epoch 103
train_loss: 0.0955
test_loss: 0.1089
epoch 104
train_loss: 0.0950
test_loss: 0.1084
epoch 105
train_loss: 0.0945
test_loss: 0.1080
epoch 106
train_loss: 0.0941
test_loss: 0.1076
epoch 107
train_loss: 0.0936
test_loss: 0.1071
epoch 108
train_loss: 0.0931
test_loss: 0.1067
epoch 109
train_loss: 0.0926
test_loss: 0.1063
epoch 110
train_loss: 0.0922
test_loss: 0.1059
epoch 111
train_loss: 0.0917
test_loss: 0.1055
epoch 112
train_loss: 0.0913
test_loss: 0.1051
epoch 113
train_loss: 0.0909
test_loss: 0.1047
epoch 114
train_loss: 0.0904
test_loss: 0.1044
epoch 115
train_loss: 0.0900
test_loss: 0.1040
epoch 116
train_loss: 0.0896
test_loss: 0.1037
epoch 117
train_loss: 0.0892
test_loss: 0.1034
epoch 118
train_loss: 0.0889
test_loss: 0.1030
epoch 119
train_loss: 0.0885
test_loss: 0.1027
epoch 120
train_loss: 0.0881
test_loss: 0.1024
epoch 121
train_loss: 0.0877
test_loss: 0.1021
epoch 122
train_loss: 0.0873
test_loss: 0.1017
epoch 123
train_loss: 0.0870
test_loss: 0.1014
epoch 124
train_loss: 0.0866
test_loss: 0.1011
epoch 125
train_loss: 0.0864
test_loss: 0.1009
epoch 126
train_loss: 0.0860
test_loss: 0.1006
epoch 127
train_loss: 0.0856
test_loss: 0.1002
epoch 128
train_loss: 0.0853
test_loss: 0.0999
epoch 129
train_loss: 0.0850
test_loss: 0.0997
epoch 130
train_loss: 0.0847
test_loss: 0.0994
epoch 131
train_loss: 0.0844
test_loss: 0.0991
epoch 132
train_loss: 0.0840
test_loss: 0.0989
epoch 133
train_loss: 0.0838
test_loss: 0.0986
epoch 134
train_loss: 0.0835
test_loss: 0.0983
epoch 135
train_loss: 0.0832
test_loss: 0.0981
epoch 136
train_loss: 0.0829
test_loss: 0.0978
epoch 137
train_loss: 0.0826
test_loss: 0.0976
epoch 138
train_loss: 0.0823
test_loss: 0.0973
epoch 139
train_loss: 0.0821
test_loss: 0.0970
epoch 140
train_loss: 0.0818
test_loss: 0.0968
epoch 141
train_loss: 0.0815
test_loss: 0.0965
epoch 142
train_loss: 0.0813
test_loss: 0.0963
epoch 143
train_loss: 0.0810
test_loss: 0.0961
epoch 144
train_loss: 0.0807
test_loss: 0.0959
epoch 145
train_loss: 0.0805
test_loss: 0.0957
epoch 146
train_loss: 0.0802
test_loss: 0.0955
epoch 147
train_loss: 0.0800
test_loss: 0.0953
epoch 148
train_loss: 0.0798
test_loss: 0.0951
epoch 149
train_loss: 0.0795
test_loss: 0.0948
epoch 150
train_loss: 0.0793
test_loss: 0.0947
epoch 151
train_loss: 0.0790
test_loss: 0.0945
epoch 152
train_loss: 0.0788
test_loss: 0.0942
epoch 153
train_loss: 0.0786
test_loss: 0.0941
epoch 154
train_loss: 0.0783
test_loss: 0.0939
epoch 155
train_loss: 0.0781
