,dataset_name,model_name,batch_size,weight_decay,learning_rate,fix_noiselevel,init_noiselevel,dropout_prob
0,bostonHousing,FCN,32,0.1,0.001,0.01,0.01,0.01
1,bostonHousing,FCN,32,0.01,0.001,0.01,0.01,0.01
2,energy,FCN,32,0.1,0.001,0.01,0.01,0.01
3,bostonHousing,FCN,32,0.001,0.001,0.01,0.01,0.01
4,bostonHousing,FCN,32,0.0001,0.001,0.01,0.01,0.01
5,bostonHousing,FCN,32,1e-05,0.001,0.01,0.01,0.01
6,wine-quality-red,FCN,32,0.1,0.001,0.01,0.01,0.01
7,power-plant,FCN,32,0.1,0.001,0.01,0.01,0.01
8,wine-quality-red,FCN,32,0.01,0.001,0.01,0.01,0.01
9,bostonHousing,FCN,32,1e-06,0.001,0.01,0.01,0.01
10,energy,FCN,32,0.01,0.001,0.01,0.01,0.01
11,wine-quality-red,FCN,32,0.001,0.001,0.01,0.01,0.01
12,bostonHousing,FCN,32,1e-07,0.001,0.01,0.01,0.01
13,wine-quality-red,FCN,32,0.0001,0.001,0.01,0.01,0.01
14,wine-quality-red,FCN,32,1e-05,0.001,0.01,0.01,0.01
15,bostonHousing,FCN,32,1e-08,0.001,0.01,0.01,0.01
16,energy,FCN,32,0.001,0.001,0.01,0.01,0.01
17,wine-quality-red,FCN,32,1e-06,0.001,0.01,0.01,0.01
18,bostonHousing,FCN,32,1e-09,0.001,0.01,0.01,0.01
19,wine-quality-red,FCN,32,1e-07,0.001,0.01,0.01,0.01
20,bostonHousing,FCN,32,1e-10,0.001,0.01,0.01,0.01
21,energy,FCN,32,0.0001,0.001,0.01,0.01,0.01
22,wine-quality-red,FCN,32,1e-08,0.001,0.01,0.01,0.01
23,bostonHousing,FCN,32,1e-11,0.001,0.01,0.01,0.01
24,wine-quality-red,FCN,32,1e-09,0.001,0.01,0.01,0.01
25,bostonHousing,FCN,32,1e-12,0.001,0.01,0.01,0.01
26,wine-quality-red,FCN,32,1e-10,0.001,0.01,0.01,0.01
27,energy,FCN,32,1e-05,0.001,0.01,0.01,0.01
28,wine-quality-red,FCN,32,1e-11,0.001,0.01,0.01,0.01
29,wine-quality-red,FCN,32,1e-12,0.001,0.01,0.01,0.01
30,bostonHousing,FCN,32,1e-13,0.001,0.01,0.01,0.01
31,energy,FCN,32,1e-06,0.001,0.01,0.01,0.01
32,wine-quality-red,FCN,32,1e-13,0.001,0.01,0.01,0.01
33,bostonHousing,FCN,32,1e-14,0.001,0.01,0.01,0.01
34,wine-quality-red,FCN,32,1e-14,0.001,0.01,0.01,0.01
35,bostonHousing,FCN,32,1e-15,0.001,0.01,0.01,0.01
36,wine-quality-red,FCN,32,1e-15,0.001,0.01,0.01,0.01
37,energy,FCN,32,1e-07,0.001,0.01,0.01,0.01
38,bostonHousing,FCN,64,0.1,0.001,0.01,0.01,0.01
39,bostonHousing,FCN,64,0.01,0.001,0.01,0.01,0.01
40,wine-quality-red,FCN,64,0.1,0.001,0.01,0.01,0.01
41,energy,FCN,32,1e-08,0.001,0.01,0.01,0.01
42,wine-quality-red,FCN,64,0.01,0.001,0.01,0.01,0.01
43,bostonHousing,FCN,64,0.001,0.001,0.01,0.01,0.01
44,wine-quality-red,FCN,64,0.001,0.001,0.01,0.01,0.01
45,wine-quality-red,FCN,64,0.0001,0.001,0.01,0.01,0.01
46,bostonHousing,FCN,64,0.0001,0.001,0.01,0.01,0.01
47,energy,FCN,32,1e-09,0.001,0.01,0.01,0.01
48,wine-quality-red,FCN,64,1e-05,0.001,0.01,0.01,0.01
49,bostonHousing,FCN,64,1e-05,0.001,0.01,0.01,0.01
50,wine-quality-red,FCN,64,1e-06,0.001,0.01,0.01,0.01
51,wine-quality-red,FCN,64,1e-07,0.001,0.01,0.01,0.01
52,bostonHousing,FCN,64,1e-06,0.001,0.01,0.01,0.01
53,wine-quality-red,FCN,64,1e-08,0.001,0.01,0.01,0.01
54,bostonHousing,FCN,64,1e-07,0.001,0.01,0.01,0.01
55,wine-quality-red,FCN,64,1e-09,0.001,0.01,0.01,0.01
56,energy,FCN,32,1e-10,0.001,0.01,0.01,0.01
57,bostonHousing,FCN,64,1e-08,0.001,0.01,0.01,0.01
58,wine-quality-red,FCN,64,1e-10,0.001,0.01,0.01,0.01
59,bostonHousing,FCN,64,1e-09,0.001,0.01,0.01,0.01
60,wine-quality-red,FCN,64,1e-11,0.001,0.01,0.01,0.01
61,wine-quality-red,FCN,64,1e-12,0.001,0.01,0.01,0.01
62,bostonHousing,FCN,64,1e-10,0.001,0.01,0.01,0.01
63,energy,FCN,32,1e-11,0.001,0.01,0.01,0.01
64,wine-quality-red,FCN,64,1e-13,0.001,0.01,0.01,0.01
65,wine-quality-red,FCN,64,1e-14,0.001,0.01,0.01,0.01
66,bostonHousing,FCN,64,1e-11,0.001,0.01,0.01,0.01
67,wine-quality-red,FCN,64,1e-15,0.001,0.01,0.01,0.01
68,bostonHousing,FCN,64,1e-12,0.001,0.01,0.01,0.01
69,energy,FCN,32,1e-12,0.001,0.01,0.01,0.01
70,wine-quality-red,FCN,128,0.1,0.001,0.01,0.01,0.01
71,wine-quality-red,FCN,128,0.01,0.001,0.01,0.01,0.01
72,bostonHousing,FCN,64,1e-13,0.001,0.01,0.01,0.01
73,wine-quality-red,FCN,128,0.001,0.001,0.01,0.01,0.01
74,wine-quality-red,FCN,128,0.0001,0.001,0.01,0.01,0.01
75,energy,FCN,32,1e-13,0.001,0.01,0.01,0.01
76,wine-quality-red,FCN,128,1e-05,0.001,0.01,0.01,0.01
77,bostonHousing,FCN,64,1e-14,0.001,0.01,0.01,0.01
78,wine-quality-red,FCN,128,1e-06,0.001,0.01,0.01,0.01
79,wine-quality-red,FCN,128,1e-07,0.001,0.01,0.01,0.01
80,wine-quality-red,FCN,128,1e-08,0.001,0.01,0.01,0.01
81,energy,FCN,32,1e-14,0.001,0.01,0.01,0.01
82,wine-quality-red,FCN,128,1e-09,0.001,0.01,0.01,0.01
83,wine-quality-red,FCN,128,1e-10,0.001,0.01,0.01,0.01
84,bostonHousing,FCN,64,1e-15,0.001,0.01,0.01,0.01
85,wine-quality-red,FCN,128,1e-11,0.001,0.01,0.01,0.01
86,wine-quality-red,FCN,128,1e-12,0.001,0.01,0.01,0.01
87,energy,FCN,32,1e-15,0.001,0.01,0.01,0.01
88,bostonHousing,FCN,128,0.1,0.001,0.01,0.01,0.01
89,wine-quality-red,FCN,128,1e-13,0.001,0.01,0.01,0.01
90,energy,FCN,64,0.1,0.001,0.01,0.01,0.01
91,wine-quality-red,FCN,128,1e-14,0.001,0.01,0.01,0.01
92,wine-quality-red,FCN,128,1e-15,0.001,0.01,0.01,0.01
93,wine-quality-red,FCN,256,0.1,0.001,0.01,0.01,0.01
94,bostonHousing,FCN,128,0.01,0.001,0.01,0.01,0.01
95,wine-quality-red,FCN,256,0.01,0.001,0.01,0.01,0.01
96,wine-quality-red,FCN,256,0.001,0.001,0.01,0.01,0.01
97,wine-quality-red,FCN,256,0.0001,0.001,0.01,0.01,0.01
98,bostonHousing,FCN,128,0.001,0.001,0.01,0.01,0.01
99,wine-quality-red,FCN,256,1e-05,0.001,0.01,0.01,0.01
100,wine-quality-red,FCN,256,1e-06,0.001,0.01,0.01,0.01
101,bostonHousing,FCN,128,0.0001,0.001,0.01,0.01,0.01
102,wine-quality-red,FCN,256,1e-07,0.001,0.01,0.01,0.01
103,wine-quality-red,FCN,256,1e-08,0.001,0.01,0.01,0.01
104,wine-quality-red,FCN,256,1e-09,0.001,0.01,0.01,0.01
105,bostonHousing,FCN,128,1e-05,0.001,0.01,0.01,0.01
106,wine-quality-red,FCN,256,1e-10,0.001,0.01,0.01,0.01
107,wine-quality-red,FCN,256,1e-11,0.001,0.01,0.01,0.01
108,wine-quality-red,FCN,256,1e-12,0.001,0.01,0.01,0.01
109,energy,FCN,64,0.01,0.001,0.01,0.01,0.01
110,wine-quality-red,FCN,256,1e-13,0.001,0.01,0.01,0.01
111,bostonHousing,FCN,128,1e-06,0.001,0.01,0.01,0.01
112,wine-quality-red,FCN,256,1e-14,0.001,0.01,0.01,0.01
113,wine-quality-red,FCN,256,1e-15,0.001,0.01,0.01,0.01
114,bostonHousing,FCN,128,1e-07,0.001,0.01,0.01,0.01
115,energy,FCN,64,0.001,0.001,0.01,0.01,0.01
116,wine-quality-red,FCN,512,0.1,0.001,0.01,0.01,0.01
117,bostonHousing,FCN,128,1e-08,0.001,0.01,0.01,0.01
118,wine-quality-red,FCN,512,0.01,0.001,0.01,0.01,0.01
119,wine-quality-red,FCN,512,0.001,0.001,0.01,0.01,0.01
120,energy,FCN,64,0.0001,0.001,0.01,0.01,0.01
121,bostonHousing,FCN,128,1e-09,0.001,0.01,0.01,0.01
122,wine-quality-red,FCN,512,0.0001,0.001,0.01,0.01,0.01
123,wine-quality-red,FCN,512,1e-05,0.001,0.01,0.01,0.01
124,power-plant,FCN,32,0.01,0.001,0.01,0.01,0.01
125,wine-quality-red,FCN,512,1e-06,0.001,0.01,0.01,0.01
126,energy,FCN,64,1e-05,0.001,0.01,0.01,0.01
127,bostonHousing,FCN,128,1e-10,0.001,0.01,0.01,0.01
128,wine-quality-red,FCN,512,1e-07,0.001,0.01,0.01,0.01
129,wine-quality-red,FCN,512,1e-08,0.001,0.01,0.01,0.01
130,wine-quality-red,FCN,512,1e-09,0.001,0.01,0.01,0.01
131,energy,FCN,64,1e-06,0.001,0.01,0.01,0.01
132,wine-quality-red,FCN,512,1e-10,0.001,0.01,0.01,0.01
133,bostonHousing,FCN,128,1e-11,0.001,0.01,0.01,0.01
134,wine-quality-red,FCN,512,1e-11,0.001,0.01,0.01,0.01
135,energy,FCN,64,1e-07,0.001,0.01,0.01,0.01
136,wine-quality-red,FCN,512,1e-12,0.001,0.01,0.01,0.01
137,bostonHousing,FCN,128,1e-12,0.001,0.01,0.01,0.01
138,wine-quality-red,FCN,512,1e-13,0.001,0.01,0.01,0.01
139,wine-quality-red,FCN,512,1e-14,0.001,0.01,0.01,0.01
140,wine-quality-red,FCN,512,1e-15,0.001,0.01,0.01,0.01
141,energy,FCN,64,1e-08,0.001,0.01,0.01,0.01
142,bostonHousing,FCN,128,1e-13,0.001,0.01,0.01,0.01
143,energy,FCN,64,1e-09,0.001,0.01,0.01,0.01
144,bostonHousing,FCN,128,1e-14,0.001,0.01,0.01,0.01
145,bostonHousing,FCN,128,1e-15,0.001,0.01,0.01,0.01
146,energy,FCN,64,1e-10,0.001,0.01,0.01,0.01
147,bostonHousing,FCN,256,0.1,0.001,0.01,0.01,0.01
148,bostonHousing,FCN,256,0.01,0.001,0.01,0.01,0.01
149,energy,FCN,64,1e-11,0.001,0.01,0.01,0.01
150,bostonHousing,FCN,256,0.001,0.001,0.01,0.01,0.01
151,energy,FCN,64,1e-12,0.001,0.01,0.01,0.01
152,bostonHousing,FCN,256,0.0001,0.001,0.01,0.01,0.01
153,energy,FCN,64,1e-13,0.001,0.01,0.01,0.01
154,bostonHousing,FCN,256,1e-05,0.001,0.01,0.01,0.01
155,energy,FCN,64,1e-14,0.001,0.01,0.01,0.01
156,bostonHousing,FCN,256,1e-06,0.001,0.01,0.01,0.01
157,energy,FCN,64,1e-15,0.001,0.01,0.01,0.01
158,bostonHousing,FCN,256,1e-07,0.001,0.01,0.01,0.01
159,energy,FCN,128,0.1,0.001,0.01,0.01,0.01
160,bostonHousing,FCN,256,1e-08,0.001,0.01,0.01,0.01
161,bostonHousing,FCN,256,1e-09,0.001,0.01,0.01,0.01
162,bostonHousing,FCN,256,1e-10,0.001,0.01,0.01,0.01
163,energy,FCN,128,0.01,0.001,0.01,0.01,0.01
164,bostonHousing,FCN,256,1e-11,0.001,0.01,0.01,0.01
165,energy,FCN,128,0.001,0.001,0.01,0.01,0.01
166,bostonHousing,FCN,256,1e-12,0.001,0.01,0.01,0.01
167,wine-quality-red,noisyFCN,32,0.1,0.001,0.01,0.001,0.01
168,bostonHousing,FCN,256,1e-13,0.001,0.01,0.01,0.01
169,energy,FCN,128,0.0001,0.001,0.01,0.01,0.01
170,bostonHousing,FCN,256,1e-14,0.001,0.01,0.01,0.01
171,energy,FCN,128,1e-05,0.001,0.01,0.01,0.01
172,bostonHousing,FCN,256,1e-15,0.001,0.01,0.01,0.01
173,bostonHousing,FCN,512,0.1,0.001,0.01,0.01,0.01
174,energy,FCN,128,1e-06,0.001,0.01,0.01,0.01
175,energy,FCN,128,1e-07,0.001,0.01,0.01,0.01
176,bostonHousing,FCN,512,0.01,0.001,0.01,0.01,0.01
177,energy,FCN,128,1e-08,0.001,0.01,0.01,0.01
178,bostonHousing,FCN,512,0.001,0.001,0.01,0.01,0.01
179,energy,FCN,128,1e-09,0.001,0.01,0.01,0.01
180,bostonHousing,FCN,512,0.0001,0.001,0.01,0.01,0.01
181,energy,FCN,128,1e-10,0.001,0.01,0.01,0.01
182,bostonHousing,FCN,512,1e-05,0.001,0.01,0.01,0.01
183,energy,FCN,128,1e-11,0.001,0.01,0.01,0.01
184,bostonHousing,FCN,512,1e-06,0.001,0.01,0.01,0.01
185,bostonHousing,FCN,512,1e-07,0.001,0.01,0.01,0.01
186,energy,FCN,128,1e-12,0.001,0.01,0.01,0.01
187,bostonHousing,FCN,512,1e-08,0.001,0.01,0.01,0.01
188,energy,FCN,128,1e-13,0.001,0.01,0.01,0.01
189,bostonHousing,FCN,512,1e-09,0.001,0.01,0.01,0.01
190,energy,FCN,128,1e-14,0.001,0.01,0.01,0.01
191,bostonHousing,FCN,512,1e-10,0.001,0.01,0.01,0.01
192,energy,FCN,128,1e-15,0.001,0.01,0.01,0.01
193,energy,FCN,256,0.1,0.001,0.01,0.01,0.01
194,bostonHousing,FCN,512,1e-11,0.001,0.01,0.01,0.01
195,bostonHousing,FCN,512,1e-12,0.001,0.01,0.01,0.01
196,power-plant,FCN,32,0.001,0.001,0.01,0.01,0.01
197,bostonHousing,FCN,512,1e-13,0.001,0.01,0.01,0.01
198,energy,FCN,256,0.01,0.001,0.01,0.01,0.01
199,bostonHousing,FCN,512,1e-14,0.001,0.01,0.01,0.01
200,bostonHousing,FCN,512,1e-15,0.001,0.01,0.01,0.01
201,wine-quality-red,noisyFCN,32,0.1,0.001,0.01,0.002,0.01
202,energy,FCN,256,0.001,0.001,0.01,0.01,0.01
203,energy,FCN,256,0.0001,0.001,0.01,0.01,0.01
204,bostonHousing,noisyFCN,32,0.1,0.001,0.01,0.001,0.01
205,energy,FCN,256,1e-05,0.001,0.01,0.01,0.01
206,energy,FCN,256,1e-06,0.001,0.01,0.01,0.01
207,bostonHousing,noisyFCN,32,0.1,0.001,0.01,0.002,0.01
208,energy,FCN,256,1e-07,0.001,0.01,0.01,0.01
209,energy,FCN,256,1e-08,0.001,0.01,0.01,0.01
210,wine-quality-red,noisyFCN,32,0.1,0.001,0.01,0.005,0.01
211,energy,FCN,256,1e-09,0.001,0.01,0.01,0.01
212,power-plant,FCN,32,0.0001,0.001,0.01,0.01,0.01
213,bostonHousing,noisyFCN,32,0.1,0.001,0.01,0.005,0.01
214,energy,FCN,256,1e-10,0.001,0.01,0.01,0.01
215,energy,FCN,256,1e-11,0.001,0.01,0.01,0.01
216,energy,FCN,256,1e-12,0.001,0.01,0.01,0.01
217,bostonHousing,noisyFCN,32,0.1,0.001,0.01,0.01,0.01
218,energy,FCN,256,1e-13,0.001,0.01,0.01,0.01
219,energy,FCN,256,1e-14,0.001,0.01,0.01,0.01
220,energy,FCN,256,1e-15,0.001,0.01,0.01,0.01
221,power-plant,FCN,32,1e-05,0.001,0.01,0.01,0.01
222,energy,FCN,512,0.1,0.001,0.01,0.01,0.01
223,bostonHousing,noisyFCN,32,0.1,0.001,0.01,0.02,0.01
224,wine-quality-red,noisyFCN,32,0.1,0.001,0.01,0.01,0.01
225,energy,FCN,512,0.01,0.001,0.01,0.01,0.01
226,bostonHousing,noisyFCN,32,0.1,0.001,0.01,0.05,0.01
227,energy,FCN,512,0.001,0.001,0.01,0.01,0.01
228,energy,FCN,512,0.0001,0.001,0.01,0.01,0.01
229,bostonHousing,noisyFCN,32,0.1,0.001,0.01,0.1,0.01
230,power-plant,FCN,32,1e-06,0.001,0.01,0.01,0.01
231,wine-quality-red,noisyFCN,32,0.1,0.001,0.01,0.02,0.01
232,energy,FCN,512,1e-05,0.001,0.01,0.01,0.01
233,bostonHousing,noisyFCN,32,0.1,0.001,0.01,0.2,0.01
234,energy,FCN,512,1e-06,0.001,0.01,0.01,0.01
235,energy,FCN,512,1e-07,0.001,0.01,0.01,0.01
236,wine-quality-red,noisyFCN,32,0.1,0.001,0.01,0.05,0.01
237,energy,FCN,512,1e-08,0.001,0.01,0.01,0.01
238,bostonHousing,noisyFCN,32,0.1,0.001,0.01,0.5,0.01
239,energy,FCN,512,1e-09,0.001,0.01,0.01,0.01
240,bostonHousing,noisyFCN,32,0.01,0.001,0.01,0.001,0.01
241,energy,FCN,512,1e-10,0.001,0.01,0.01,0.01
242,power-plant,FCN,32,1e-07,0.001,0.01,0.01,0.01
243,energy,FCN,512,1e-11,0.001,0.01,0.01,0.01
244,wine-quality-red,noisyFCN,32,0.1,0.001,0.01,0.1,0.01
245,energy,FCN,512,1e-12,0.001,0.01,0.01,0.01
246,bostonHousing,noisyFCN,32,0.01,0.001,0.01,0.002,0.01
247,wine-quality-red,noisyFCN,32,0.1,0.001,0.01,0.2,0.01
248,energy,FCN,512,1e-13,0.001,0.01,0.01,0.01
249,bostonHousing,noisyFCN,32,0.01,0.001,0.01,0.005,0.01
250,power-plant,FCN,32,1e-08,0.001,0.01,0.01,0.01
251,bostonHousing,noisyFCN,32,0.01,0.001,0.01,0.01,0.01
252,wine-quality-red,noisyFCN,32,0.1,0.001,0.01,0.5,0.01
253,wine-quality-red,noisyFCN,32,0.01,0.001,0.01,0.001,0.01
254,power-plant,FCN,32,0.1,0.0001,0.01,0.01,0.01
255,power-plant,FCN,32,0.1,0.0005,0.01,0.01,0.01
257,power-plant,fixnoiseFCN,32,0.1,0.0001,0.001,0.01,0.01
258,bostonHousing,FCN,32,0.1,0.0001,0.01,0.01,0.01
259,power-plant,FCN,32,0.1,0.002,0.01,0.01,0.01
260,bostonHousing,FCN,32,0.1,0.0005,0.01,0.01,0.01
262,power-plant,fixnoiseFCN,32,0.1,0.0001,0.005,0.01,0.01
263,bostonHousing,FCN,32,0.1,0.002,0.01,0.01,0.01
264,bostonHousing,FCN,32,0.01,0.0001,0.01,0.01,0.01
265,power-plant,fixnoiseFCN,32,0.1,0.0001,0.01,0.01,0.01
266,bostonHousing,FCN,32,0.01,0.0005,0.01,0.01,0.01
267,bostonHousing,fixnoiseFCN,32,0.1,0.0001,0.001,0.01,0.01
269,bostonHousing,FCN,32,0.01,0.002,0.01,0.01,0.01
270,power-plant,fixnoiseFCN,32,0.1,0.0001,0.05,0.01,0.01
271,bostonHousing,FCN,32,0.001,0.0001,0.01,0.01,0.01
272,power-plant,FCN,32,0.01,0.0001,0.01,0.01,0.01
273,power-plant,fixnoiseFCN,32,0.1,0.0001,0.1,0.01,0.01
274,bostonHousing,FCN,32,0.001,0.0005,0.01,0.01,0.01
276,bostonHousing,FCN,32,0.001,0.002,0.01,0.01,0.01
277,power-plant,fixnoiseFCN,32,0.1,0.0005,0.001,0.01,0.01
278,bostonHousing,FCN,32,0.0001,0.0001,0.01,0.01,0.01
279,bostonHousing,FCN,32,0.0001,0.0005,0.01,0.01,0.01
281,bostonHousing,FCN,32,0.0001,0.002,0.01,0.01,0.01
282,power-plant,fixnoiseFCN,32,0.1,0.0005,0.005,0.01,0.01
283,bostonHousing,fixnoiseFCN,32,0.1,0.0001,0.005,0.01,0.01
284,bostonHousing,FCN,32,1e-05,0.0001,0.01,0.01,0.01
285,power-plant,fixnoiseFCN,32,0.1,0.0005,0.01,0.01,0.01
286,bostonHousing,FCN,32,1e-05,0.0005,0.01,0.01,0.01
288,bostonHousing,FCN,32,1e-05,0.002,0.01,0.01,0.01
289,bostonHousing,fixnoiseFCN,32,0.1,0.0001,0.01,0.01,0.01
290,power-plant,fixnoiseFCN,32,0.1,0.0005,0.05,0.01,0.01
291,power-plant,FCN,32,0.01,0.0005,0.01,0.01,0.01
292,bostonHousing,FCN,32,1e-09,0.0001,0.01,0.01,0.01
293,bostonHousing,FCN,32,1e-09,0.0005,0.01,0.01,0.01
295,bostonHousing,FCN,32,1e-09,0.002,0.01,0.01,0.01
296,power-plant,fixnoiseFCN,32,0.1,0.0005,0.1,0.01,0.01
297,power-plant,fixnoiseFCN,32,0.1,0.001,0.001,0.01,0.01
298,bostonHousing,noisyFCN,32,0.1,0.0001,0.01,0.001,0.01
299,bostonHousing,fixnoiseFCN,32,0.1,0.0001,0.05,0.01,0.01
301,power-plant,fixnoiseFCN,32,0.1,0.001,0.005,0.01,0.01
302,bostonHousing,fixnoiseFCN,32,0.1,0.0001,0.1,0.01,0.01
303,power-plant,fixnoiseFCN,32,0.1,0.001,0.01,0.01,0.01
304,bostonHousing,fixnoiseFCN,32,0.1,0.0005,0.001,0.01,0.01
305,power-plant,fixnoiseFCN,32,0.1,0.001,0.05,0.01,0.01
306,power-plant,FCN,32,0.01,0.002,0.01,0.01,0.01
307,bostonHousing,fixnoiseFCN,32,0.1,0.0005,0.005,0.01,0.01
308,power-plant,fixnoiseFCN,32,0.1,0.001,0.1,0.01,0.01
309,bostonHousing,noisyFCN,32,0.1,0.0001,0.01,0.005,0.01
310,bostonHousing,fixnoiseFCN,32,0.1,0.0005,0.01,0.01,0.01
311,bostonHousing,noisyFCN,32,0.1,0.0001,0.01,0.01,0.01
312,bostonHousing,fixnoiseFCN,32,0.1,0.0005,0.05,0.01,0.01
313,bostonHousing,fixnoiseFCN,32,0.1,0.0005,0.1,0.01,0.01
314,bostonHousing,fixnoiseFCN,32,0.1,0.001,0.001,0.01,0.01
315,bostonHousing,fixnoiseFCN,32,0.1,0.001,0.005,0.01,0.01
316,bostonHousing,fixnoiseFCN,32,0.1,0.001,0.01,0.01,0.01
317,bostonHousing,noisyFCN,32,0.1,0.0001,0.01,0.05,0.01
318,bostonHousing,fixnoiseFCN,32,0.1,0.001,0.05,0.01,0.01
319,bostonHousing,fixnoiseFCN,32,0.1,0.001,0.1,0.01,0.01
320,power-plant,fixnoiseFCN,32,0.1,0.002,0.001,0.01,0.01
321,bostonHousing,fixnoiseFCN,32,0.1,0.002,0.001,0.01,0.01
322,bostonHousing,fixnoiseFCN,32,0.1,0.002,0.005,0.01,0.01
323,bostonHousing,fixnoiseFCN,32,0.1,0.002,0.01,0.01,0.01
324,power-plant,fixnoiseFCN,32,0.1,0.002,0.005,0.01,0.01
325,bostonHousing,fixnoiseFCN,32,0.1,0.002,0.05,0.01,0.01
326,bostonHousing,fixnoiseFCN,32,0.1,0.002,0.1,0.01,0.01
327,bostonHousing,noisyFCN,32,0.1,0.0001,0.01,0.1,0.01
328,bostonHousing,noisyFCN,32,0.1,0.0005,0.01,0.001,0.01
329,bostonHousing,fixnoiseFCN,32,0.01,0.0001,0.001,0.01,0.01
330,power-plant,fixnoiseFCN,32,0.1,0.002,0.01,0.01,0.01
331,bostonHousing,noisyFCN,32,0.1,0.0005,0.01,0.005,0.01
332,bostonHousing,noisyFCN,32,0.1,0.0005,0.01,0.01,0.01
333,bostonHousing,noisyFCN,32,0.1,0.0005,0.01,0.05,0.01
334,bostonHousing,fixnoiseFCN,32,0.01,0.0001,0.005,0.01,0.01
335,power-plant,fixnoiseFCN,32,0.1,0.002,0.05,0.01,0.01
336,bostonHousing,noisyFCN,32,0.1,0.0005,0.01,0.1,0.01
340,bostonHousing,fixnoiseFCN,32,0.01,0.0001,0.01,0.01,0.01
341,power-plant,fixnoiseFCN,32,0.1,0.002,0.1,0.01,0.01
344,power-plant,FCN,32,0.001,0.0001,0.01,0.01,0.01
345,bostonHousing,noisyFCN,32,0.1,0.002,0.01,0.001,0.01
346,bostonHousing,fixnoiseFCN,32,0.01,0.0001,0.05,0.01,0.01
347,bostonHousing,noisyFCN,32,0.1,0.002,0.01,0.005,0.01
348,bostonHousing,noisyFCN,32,0.1,0.002,0.01,0.01,0.01
349,bostonHousing,fixnoiseFCN,32,0.01,0.0001,0.1,0.01,0.01
350,bostonHousing,noisyFCN,32,0.1,0.002,0.01,0.05,0.01
351,bostonHousing,noisyFCN,32,0.1,0.002,0.01,0.1,0.01
352,bostonHousing,fixnoiseFCN,32,0.01,0.0005,0.001,0.01,0.01
353,bostonHousing,fixnoiseFCN,32,0.01,0.0005,0.005,0.01,0.01
354,bostonHousing,fixnoiseFCN,32,0.01,0.0005,0.01,0.01,0.01
355,bostonHousing,noisyFCN,32,0.01,0.0001,0.01,0.001,0.01
356,power-plant,FCN,32,0.001,0.0005,0.01,0.01,0.01
357,bostonHousing,fixnoiseFCN,32,0.01,0.0005,0.05,0.01,0.01
358,bostonHousing,fixnoiseFCN,32,0.01,0.0005,0.1,0.01,0.01
359,bostonHousing,fixnoiseFCN,32,0.01,0.001,0.001,0.01,0.01
360,bostonHousing,fixnoiseFCN,32,0.01,0.001,0.005,0.01,0.01
362,bostonHousing,noisyFCN,32,0.01,0.0001,0.01,0.005,0.01
363,bostonHousing,fixnoiseFCN,32,0.01,0.001,0.01,0.01,0.01
364,bostonHousing,fixnoiseFCN,32,0.01,0.001,0.05,0.01,0.01
365,bostonHousing,fixnoiseFCN,32,0.01,0.001,0.1,0.01,0.01
366,bostonHousing,fixnoiseFCN,32,0.01,0.002,0.001,0.01,0.01
367,bostonHousing,fixnoiseFCN,32,0.01,0.002,0.005,0.01,0.01
368,power-plant,FCN,32,0.001,0.002,0.01,0.01,0.01
369,bostonHousing,fixnoiseFCN,32,0.01,0.002,0.01,0.01,0.01
370,bostonHousing,fixnoiseFCN,32,0.01,0.002,0.05,0.01,0.01
371,bostonHousing,fixnoiseFCN,32,0.01,0.002,0.1,0.01,0.01
372,bostonHousing,noisyFCN,32,0.01,0.0001,0.01,0.01,0.01
373,power-plant,fixnoiseFCN,32,0.01,0.0001,0.001,0.01,0.01
374,bostonHousing,fixnoiseFCN,32,0.001,0.0001,0.001,0.01,0.01
375,bostonHousing,fixnoiseFCN,32,0.001,0.0001,0.005,0.01,0.01
376,bostonHousing,noisyFCN,32,0.01,0.0001,0.01,0.05,0.01
377,bostonHousing,dropoutFCN,32,0.1,0.0001,0.01,0.01,0.2
378,power-plant,FCN,32,0.0001,0.0001,0.01,0.01,0.01
379,bostonHousing,fixnoiseFCN,32,0.001,0.0001,0.01,0.01,0.01
380,bostonHousing,dropoutFCN,32,0.1,0.0001,0.01,0.01,0.1
381,bostonHousing,noisyFCN,32,0.01,0.0001,0.01,0.1,0.01
382,bostonHousing,fixnoiseFCN,32,0.001,0.0001,0.05,0.01,0.01
383,bostonHousing,dropoutFCN,32,0.1,0.0001,0.01,0.01,0.05
384,bostonHousing,dropoutFCN,32,0.1,0.0001,0.01,0.01,0.01
385,bostonHousing,noisyFCN,32,0.01,0.0005,0.01,0.001,0.01
386,bostonHousing,noisyFCN,32,0.01,0.0005,0.01,0.005,0.01
387,bostonHousing,dropoutFCN,32,0.1,0.0001,0.01,0.01,0.005
388,bostonHousing,fixnoiseFCN,32,0.001,0.0001,0.1,0.01,0.01
389,power-plant,fixnoiseFCN,32,0.01,0.0001,0.005,0.01,0.01
390,bostonHousing,fixnoiseFCN,32,0.001,0.0005,0.001,0.01,0.01
391,bostonHousing,noisyFCN,32,0.01,0.0005,0.01,0.01,0.01
392,bostonHousing,dropoutFCN,32,0.1,0.0001,0.01,0.01,0.001
393,power-plant,FCN,32,0.0001,0.0005,0.01,0.01,0.01
394,bostonHousing,fixnoiseFCN,32,0.001,0.0005,0.005,0.01,0.01
395,bostonHousing,dropoutFCN,32,0.1,0.0005,0.01,0.01,0.2
396,bostonHousing,noisyFCN,32,0.01,0.0005,0.01,0.05,0.01
397,bostonHousing,dropoutFCN,32,0.1,0.0005,0.01,0.01,0.1
398,bostonHousing,fixnoiseFCN,32,0.001,0.0005,0.01,0.01,0.01
399,bostonHousing,noisyFCN,32,0.01,0.0005,0.01,0.1,0.01
400,bostonHousing,dropoutFCN,32,0.1,0.0005,0.01,0.01,0.05
401,bostonHousing,dropoutFCN,32,0.1,0.0005,0.01,0.01,0.01
402,bostonHousing,dropoutFCN,32,0.1,0.0005,0.01,0.01,0.005
403,energy,dropoutFCN,32,0.1,0.0001,0.01,0.01,0.2
404,bostonHousing,fixnoiseFCN,32,0.001,0.0005,0.05,0.01,0.01
405,bostonHousing,dropoutFCN,32,0.1,0.0005,0.01,0.01,0.001
407,power-plant,dropoutFCN,32,0.1,0.0001,0.01,0.01,0.2
408,bostonHousing,dropoutFCN,32,0.1,0.001,0.01,0.01,0.2
409,energy,dropoutFCN,32,0.1,0.0001,0.01,0.01,0.1
410,bostonHousing,dropoutFCN,32,0.1,0.001,0.01,0.01,0.1
411,wine-quality-red,dropoutFCN,32,0.1,0.0001,0.01,0.01,0.2
412,bostonHousing,dropoutFCN,32,0.1,0.001,0.01,0.01,0.05
413,energy,dropoutFCN,32,0.1,0.0001,0.01,0.01,0.05
414,power-plant,dropoutFCN,32,0.1,0.0001,0.01,0.01,0.1
415,bostonHousing,dropoutFCN,32,0.1,0.001,0.01,0.01,0.01
416,energy,dropoutFCN,32,0.1,0.0001,0.01,0.01,0.01
418,bostonHousing,dropoutFCN,32,0.1,0.001,0.01,0.01,0.005
419,bostonHousing,fixnoiseFCN,32,0.001,0.0005,0.1,0.01,0.01
420,bostonHousing,dropoutFCN,32,0.1,0.001,0.01,0.01,0.001
421,energy,dropoutFCN,32,0.1,0.0001,0.01,0.01,0.005
422,wine-quality-red,dropoutFCN,32,0.1,0.0001,0.01,0.01,0.1
423,power-plant,dropoutFCN,32,0.1,0.0001,0.01,0.01,0.05
424,bostonHousing,dropoutFCN,32,0.1,0.002,0.01,0.01,0.2
425,bostonHousing,dropoutFCN,32,0.1,0.002,0.01,0.01,0.1
426,energy,fixnoiseFCN,32,0.1,0.0001,0.001,0.01,0.01
427,bostonHousing,dropoutFCN,32,0.1,0.002,0.01,0.01,0.05
428,energy,dropoutFCN,32,0.1,0.0001,0.01,0.01,0.001
430,bostonHousing,dropoutFCN,32,0.1,0.002,0.01,0.01,0.01
431,energy,dropoutFCN,32,0.1,0.0005,0.01,0.01,0.2
432,energy,dropoutFCN,32,0.1,0.0005,0.01,0.01,0.1
433,bostonHousing,dropoutFCN,32,0.1,0.002,0.01,0.01,0.005
434,power-plant,dropoutFCN,32,0.1,0.0001,0.01,0.01,0.01
435,energy,dropoutFCN,32,0.1,0.0005,0.01,0.01,0.05
436,bostonHousing,dropoutFCN,32,0.1,0.002,0.01,0.01,0.001
437,bostonHousing,fixnoiseFCN,32,0.001,0.001,0.001,0.01,0.01
438,energy,dropoutFCN,32,0.1,0.0005,0.01,0.01,0.01
439,wine-quality-red,dropoutFCN,32,0.1,0.0001,0.01,0.01,0.05
440,energy,dropoutFCN,32,0.1,0.0005,0.01,0.01,0.005
441,energy,dropoutFCN,32,0.1,0.0005,0.01,0.01,0.001
442,energy,dropoutFCN,32,0.1,0.001,0.01,0.01,0.2
443,power-plant,dropoutFCN,32,0.1,0.0001,0.01,0.01,0.005
444,energy,dropoutFCN,32,0.1,0.001,0.01,0.01,0.1
445,bostonHousing,dropoutFCN,32,0.01,0.0001,0.01,0.01,0.2
446,energy,dropoutFCN,32,0.1,0.001,0.01,0.01,0.05
447,energy,dropoutFCN,32,0.1,0.001,0.01,0.01,0.01
448,energy,dropoutFCN,32,0.1,0.001,0.01,0.01,0.005
449,energy,dropoutFCN,32,0.1,0.001,0.01,0.01,0.001
450,energy,dropoutFCN,32,0.1,0.002,0.01,0.01,0.2
451,bostonHousing,fixnoiseFCN,32,0.001,0.001,0.005,0.01,0.01
452,energy,dropoutFCN,32,0.1,0.002,0.01,0.01,0.1
453,power-plant,dropoutFCN,32,0.1,0.0001,0.01,0.01,0.001
454,wine-quality-red,dropoutFCN,32,0.1,0.0001,0.01,0.01,0.01
455,energy,dropoutFCN,32,0.1,0.002,0.01,0.01,0.05
456,bostonHousing,dropoutFCN,32,0.01,0.0001,0.01,0.01,0.1
457,energy,dropoutFCN,32,0.1,0.002,0.01,0.01,0.01
458,energy,dropoutFCN,32,0.1,0.002,0.01,0.01,0.005
459,bostonHousing,noisyFCN,32,0.01,0.001,0.01,0.05,0.01
460,energy,dropoutFCN,32,0.1,0.002,0.01,0.01,0.001
461,energy,fixnoiseFCN,32,0.1,0.0001,0.005,0.01,0.01
462,bostonHousing,dropoutFCN,32,0.01,0.0001,0.01,0.01,0.05
463,bostonHousing,fixnoiseFCN,32,0.001,0.001,0.01,0.01,0.01
464,power-plant,dropoutFCN,32,0.1,0.0005,0.01,0.01,0.2
465,bostonHousing,dropoutFCN,32,0.01,0.0001,0.01,0.01,0.01
466,wine-quality-red,dropoutFCN,32,0.1,0.0001,0.01,0.01,0.005
467,power-plant,dropoutFCN,32,0.1,0.0005,0.01,0.01,0.1
469,bostonHousing,noisyFCN,32,0.01,0.001,0.01,0.1,0.01
471,bostonHousing,fixnoiseFCN,32,0.001,0.001,0.05,0.01,0.01
472,energy,dropoutFCN,32,0.01,0.0001,0.01,0.01,0.2
473,power-plant,dropoutFCN,32,0.1,0.0005,0.01,0.01,0.05
474,wine-quality-red,dropoutFCN,32,0.1,0.0001,0.01,0.01,0.001
475,energy,fixnoiseFCN,32,0.1,0.0001,0.01,0.01,0.01
476,bostonHousing,dropoutFCN,32,0.01,0.0001,0.01,0.01,0.005
477,power-plant,dropoutFCN,32,0.1,0.0005,0.01,0.01,0.01
478,wine-quality-red,dropoutFCN,32,0.1,0.0005,0.01,0.01,0.2
479,bostonHousing,noisyFCN,32,0.01,0.002,0.01,0.001,0.01
480,wine-quality-red,dropoutFCN,32,0.1,0.0005,0.01,0.01,0.1
481,bostonHousing,fixnoiseFCN,32,0.001,0.001,0.1,0.01,0.01
482,power-plant,dropoutFCN,32,0.1,0.0005,0.01,0.01,0.005
483,wine-quality-red,dropoutFCN,32,0.1,0.0005,0.01,0.01,0.05
484,bostonHousing,dropoutFCN,32,0.01,0.0001,0.01,0.01,0.001
485,power-plant,dropoutFCN,32,0.1,0.0005,0.01,0.01,0.001
486,wine-quality-red,dropoutFCN,32,0.1,0.0005,0.01,0.01,0.01
487,bostonHousing,dropoutFCN,32,0.01,0.0005,0.01,0.01,0.2
488,energy,dropoutFCN,32,0.01,0.0001,0.01,0.01,0.1
489,wine-quality-red,dropoutFCN,32,0.1,0.0005,0.01,0.01,0.005
490,bostonHousing,dropoutFCN,32,0.01,0.0005,0.01,0.01,0.1
491,power-plant,dropoutFCN,32,0.1,0.001,0.01,0.01,0.2
492,bostonHousing,fixnoiseFCN,32,0.001,0.002,0.001,0.01,0.01
493,energy,fixnoiseFCN,32,0.1,0.0001,0.05,0.01,0.01
494,bostonHousing,dropoutFCN,32,0.01,0.0005,0.01,0.01,0.05
495,wine-quality-red,dropoutFCN,32,0.1,0.0005,0.01,0.01,0.001
496,bostonHousing,noisyFCN,32,0.01,0.002,0.01,0.005,0.01
497,power-plant,dropoutFCN,32,0.1,0.001,0.01,0.01,0.1
498,wine-quality-red,dropoutFCN,32,0.1,0.001,0.01,0.01,0.2
499,wine-quality-red,dropoutFCN,32,0.1,0.001,0.01,0.01,0.1
500,bostonHousing,dropoutFCN,32,0.01,0.0005,0.01,0.01,0.01
501,power-plant,FCN,32,0.0001,0.002,0.01,0.01,0.01
502,power-plant,dropoutFCN,32,0.1,0.001,0.01,0.01,0.05
503,wine-quality-red,dropoutFCN,32,0.1,0.001,0.01,0.01,0.05
504,bostonHousing,noisyFCN,32,0.01,0.002,0.01,0.01,0.01
505,bostonHousing,dropoutFCN,32,0.01,0.0005,0.01,0.01,0.005
506,wine-quality-red,fixnoiseFCN,32,0.1,0.0001,0.001,0.01,0.01
507,wine-quality-red,dropoutFCN,32,0.1,0.001,0.01,0.01,0.01
508,power-plant,dropoutFCN,32,0.1,0.001,0.01,0.01,0.01
509,energy,dropoutFCN,32,0.01,0.0001,0.01,0.01,0.05
510,bostonHousing,dropoutFCN,32,0.01,0.0005,0.01,0.01,0.001
511,bostonHousing,dropoutFCN,32,0.01,0.001,0.01,0.01,0.2
512,wine-quality-red,dropoutFCN,32,0.1,0.001,0.01,0.01,0.005
513,bostonHousing,dropoutFCN,32,0.01,0.001,0.01,0.01,0.1
514,bostonHousing,fixnoiseFCN,32,0.001,0.002,0.005,0.01,0.01
515,power-plant,dropoutFCN,32,0.1,0.001,0.01,0.01,0.005
516,bostonHousing,dropoutFCN,32,0.01,0.001,0.01,0.01,0.05
517,wine-quality-red,dropoutFCN,32,0.1,0.001,0.01,0.01,0.001
518,bostonHousing,dropoutFCN,32,0.01,0.001,0.01,0.01,0.01
519,bostonHousing,noisyFCN,32,0.01,0.002,0.01,0.05,0.01
520,wine-quality-red,dropoutFCN,32,0.1,0.002,0.01,0.01,0.2
521,energy,fixnoiseFCN,32,0.1,0.0001,0.1,0.01,0.01
522,bostonHousing,dropoutFCN,32,0.01,0.001,0.01,0.01,0.005
523,power-plant,dropoutFCN,32,0.1,0.001,0.01,0.01,0.001
524,bostonHousing,dropoutFCN,32,0.01,0.001,0.01,0.01,0.001
525,wine-quality-red,dropoutFCN,32,0.1,0.002,0.01,0.01,0.1
526,bostonHousing,fixnoiseFCN,32,0.001,0.002,0.01,0.01,0.01
527,bostonHousing,dropoutFCN,32,0.01,0.002,0.01,0.01,0.2
528,bostonHousing,dropoutFCN,32,0.01,0.002,0.01,0.01,0.1
529,wine-quality-red,dropoutFCN,32,0.1,0.002,0.01,0.01,0.05
530,energy,dropoutFCN,32,0.01,0.0001,0.01,0.01,0.01
531,bostonHousing,noisyFCN,32,0.01,0.002,0.01,0.1,0.01
532,bostonHousing,dropoutFCN,32,0.01,0.002,0.01,0.01,0.05
533,power-plant,dropoutFCN,32,0.1,0.002,0.01,0.01,0.2
534,energy,fixnoiseFCN,32,0.1,0.0005,0.001,0.01,0.01
535,bostonHousing,dropoutFCN,32,0.01,0.002,0.01,0.01,0.01
536,bostonHousing,fixnoiseFCN,32,0.001,0.002,0.05,0.01,0.01
537,bostonHousing,dropoutFCN,32,0.01,0.002,0.01,0.01,0.005
538,wine-quality-red,dropoutFCN,32,0.1,0.002,0.01,0.01,0.01
539,bostonHousing,dropoutFCN,32,0.01,0.002,0.01,0.01,0.001
540,power-plant,dropoutFCN,32,0.1,0.002,0.01,0.01,0.1
542,wine-quality-red,dropoutFCN,32,0.1,0.002,0.01,0.01,0.005
543,energy,fixnoiseFCN,32,0.1,0.0005,0.005,0.01,0.01
544,power-plant,dropoutFCN,32,0.1,0.002,0.01,0.01,0.05
545,bostonHousing,fixnoiseFCN,32,0.001,0.002,0.1,0.01,0.01
546,bostonHousing,dropoutFCN,32,0.001,0.0001,0.01,0.01,0.2
547,energy,fixnoiseFCN,32,0.1,0.0005,0.01,0.01,0.01
548,energy,dropoutFCN,32,0.01,0.0001,0.01,0.01,0.005
549,bostonHousing,dropoutFCN,32,0.001,0.0001,0.01,0.01,0.1
550,wine-quality-red,dropoutFCN,32,0.1,0.002,0.01,0.01,0.001
551,power-plant,dropoutFCN,32,0.1,0.002,0.01,0.01,0.01
552,wine-quality-red,dropoutFCN,32,0.01,0.0001,0.01,0.01,0.2
553,bostonHousing,dropoutFCN,32,0.001,0.0001,0.01,0.01,0.05
554,power-plant,dropoutFCN,32,0.1,0.002,0.01,0.01,0.005
555,energy,fixnoiseFCN,32,0.1,0.0005,0.05,0.01,0.01
556,wine-quality-red,dropoutFCN,32,0.01,0.0001,0.01,0.01,0.1
557,bostonHousing,dropoutFCN,32,0.001,0.0001,0.01,0.01,0.01
558,wine-quality-red,dropoutFCN,32,0.01,0.0001,0.01,0.01,0.05
559,energy,fixnoiseFCN,32,0.1,0.0005,0.1,0.01,0.01
560,wine-quality-red,dropoutFCN,32,0.01,0.0001,0.01,0.01,0.01
561,power-plant,dropoutFCN,32,0.1,0.002,0.01,0.01,0.001
562,energy,fixnoiseFCN,32,0.1,0.001,0.001,0.01,0.01
563,energy,dropoutFCN,32,0.01,0.0001,0.01,0.01,0.001
564,wine-quality-red,dropoutFCN,32,0.01,0.0001,0.01,0.01,0.005
565,bostonHousing,dropoutFCN,32,0.001,0.0001,0.01,0.01,0.005
566,wine-quality-red,dropoutFCN,32,0.01,0.0001,0.01,0.01,0.001
567,bostonHousing,fixnoiseFCN,32,0.0001,0.0001,0.001,0.01,0.01
568,wine-quality-red,dropoutFCN,32,0.01,0.0005,0.01,0.01,0.2
569,energy,fixnoiseFCN,32,0.1,0.001,0.005,0.01,0.01
570,bostonHousing,dropoutFCN,32,0.001,0.0001,0.01,0.01,0.001
571,energy,dropoutFCN,32,0.01,0.0005,0.01,0.01,0.2
572,wine-quality-red,dropoutFCN,32,0.01,0.0005,0.01,0.01,0.1
573,wine-quality-red,fixnoiseFCN,32,0.1,0.0001,0.005,0.01,0.01
574,wine-quality-red,dropoutFCN,32,0.01,0.0005,0.01,0.01,0.05
575,bostonHousing,dropoutFCN,32,0.001,0.0005,0.01,0.01,0.2
576,energy,fixnoiseFCN,32,0.1,0.001,0.01,0.01,0.01
577,bostonHousing,dropoutFCN,32,0.001,0.0005,0.01,0.01,0.1
578,energy,dropoutFCN,32,0.01,0.0005,0.01,0.01,0.1
579,wine-quality-red,dropoutFCN,32,0.01,0.0005,0.01,0.01,0.01
580,bostonHousing,noisyFCN,32,0.001,0.0001,0.01,0.001,0.01
581,wine-quality-red,dropoutFCN,32,0.01,0.0005,0.01,0.01,0.005
582,bostonHousing,dropoutFCN,32,0.001,0.0005,0.01,0.01,0.05
583,wine-quality-red,dropoutFCN,32,0.01,0.0005,0.01,0.01,0.001
584,energy,fixnoiseFCN,32,0.1,0.001,0.05,0.01,0.01
585,energy,dropoutFCN,32,0.01,0.0005,0.01,0.01,0.05
586,power-plant,dropoutFCN,32,0.01,0.0001,0.01,0.01,0.2
587,bostonHousing,dropoutFCN,32,0.001,0.0005,0.01,0.01,0.01
588,energy,fixnoiseFCN,32,0.1,0.001,0.1,0.01,0.01
589,wine-quality-red,dropoutFCN,32,0.01,0.001,0.01,0.01,0.2
590,energy,dropoutFCN,32,0.01,0.0005,0.01,0.01,0.01
591,wine-quality-red,dropoutFCN,32,0.01,0.001,0.01,0.01,0.1
592,bostonHousing,dropoutFCN,32,0.001,0.0005,0.01,0.01,0.005
593,wine-quality-red,dropoutFCN,32,0.01,0.001,0.01,0.01,0.05
595,wine-quality-red,dropoutFCN,32,0.01,0.001,0.01,0.01,0.01
596,bostonHousing,dropoutFCN,32,0.001,0.0005,0.01,0.01,0.001
597,energy,fixnoiseFCN,32,0.1,0.002,0.001,0.01,0.01
598,wine-quality-red,dropoutFCN,32,0.01,0.001,0.01,0.01,0.005
599,power-plant,dropoutFCN,32,0.01,0.0001,0.01,0.01,0.1
600,bostonHousing,dropoutFCN,32,0.001,0.001,0.01,0.01,0.2
601,wine-quality-red,dropoutFCN,32,0.01,0.001,0.01,0.01,0.001
602,bostonHousing,dropoutFCN,32,0.001,0.001,0.01,0.01,0.1
603,energy,dropoutFCN,32,0.01,0.0005,0.01,0.01,0.005
604,wine-quality-red,dropoutFCN,32,0.01,0.002,0.01,0.01,0.2
605,wine-quality-red,dropoutFCN,32,0.01,0.002,0.01,0.01,0.1
606,bostonHousing,dropoutFCN,32,0.001,0.001,0.01,0.01,0.05
607,energy,fixnoiseFCN,32,0.1,0.002,0.005,0.01,0.01
608,wine-quality-red,dropoutFCN,32,0.01,0.002,0.01,0.01,0.05
609,wine-quality-red,dropoutFCN,32,0.01,0.002,0.01,0.01,0.01
610,bostonHousing,dropoutFCN,32,0.001,0.001,0.01,0.01,0.01
611,wine-quality-red,dropoutFCN,32,0.01,0.002,0.01,0.01,0.005
612,wine-quality-red,dropoutFCN,32,0.01,0.002,0.01,0.01,0.001
613,energy,fixnoiseFCN,32,0.1,0.002,0.01,0.01,0.01
614,energy,dropoutFCN,32,0.01,0.0005,0.01,0.01,0.001
615,bostonHousing,dropoutFCN,32,0.001,0.001,0.01,0.01,0.005
616,power-plant,dropoutFCN,32,0.01,0.0001,0.01,0.01,0.05
617,bostonHousing,dropoutFCN,32,0.001,0.001,0.01,0.01,0.001
618,bostonHousing,fixnoiseFCN,32,0.0001,0.0001,0.005,0.01,0.01
619,wine-quality-red,dropoutFCN,32,0.001,0.0001,0.01,0.01,0.2
620,bostonHousing,dropoutFCN,32,0.001,0.002,0.01,0.01,0.2
621,energy,dropoutFCN,32,0.01,0.001,0.01,0.01,0.2
622,energy,fixnoiseFCN,32,0.1,0.002,0.05,0.01,0.01
623,bostonHousing,dropoutFCN,32,0.001,0.002,0.01,0.01,0.1
624,wine-quality-red,dropoutFCN,32,0.001,0.0001,0.01,0.01,0.1
625,bostonHousing,dropoutFCN,32,0.001,0.002,0.01,0.01,0.05
626,energy,dropoutFCN,32,0.01,0.001,0.01,0.01,0.1
627,wine-quality-red,dropoutFCN,32,0.001,0.0001,0.01,0.01,0.05
628,energy,fixnoiseFCN,32,0.1,0.002,0.1,0.01,0.01
629,bostonHousing,dropoutFCN,32,0.001,0.002,0.01,0.01,0.01
630,bostonHousing,dropoutFCN,32,0.001,0.002,0.01,0.01,0.005
631,energy,dropoutFCN,32,0.01,0.001,0.01,0.01,0.05
632,wine-quality-red,dropoutFCN,32,0.001,0.0001,0.01,0.01,0.01
633,bostonHousing,dropoutFCN,32,0.001,0.002,0.01,0.01,0.001
634,wine-quality-red,dropoutFCN,32,0.001,0.0001,0.01,0.01,0.005
635,energy,dropoutFCN,32,0.01,0.001,0.01,0.01,0.01
636,wine-quality-red,dropoutFCN,32,0.001,0.0001,0.01,0.01,0.001
637,bostonHousing,dropoutFCN,32,0.0001,0.0001,0.01,0.01,0.2
638,wine-quality-red,dropoutFCN,32,0.001,0.0005,0.01,0.01,0.2
639,energy,dropoutFCN,32,0.01,0.001,0.01,0.01,0.005
640,bostonHousing,dropoutFCN,32,0.0001,0.0001,0.01,0.01,0.1
641,wine-quality-red,dropoutFCN,32,0.001,0.0005,0.01,0.01,0.1
642,wine-quality-red,dropoutFCN,32,0.001,0.0005,0.01,0.01,0.05
643,wine-quality-red,dropoutFCN,32,0.001,0.0005,0.01,0.01,0.01
644,wine-quality-red,dropoutFCN,32,0.001,0.0005,0.01,0.01,0.005
645,wine-quality-red,dropoutFCN,32,0.001,0.0005,0.01,0.01,0.001
646,energy,dropoutFCN,32,0.01,0.001,0.01,0.01,0.001
647,bostonHousing,dropoutFCN,32,0.0001,0.0001,0.01,0.01,0.05
648,wine-quality-red,dropoutFCN,32,0.001,0.001,0.01,0.01,0.2
649,wine-quality-red,dropoutFCN,32,0.001,0.001,0.01,0.01,0.1
650,wine-quality-red,dropoutFCN,32,0.001,0.001,0.01,0.01,0.05
651,power-plant,dropoutFCN,32,0.01,0.0001,0.01,0.01,0.01
652,energy,dropoutFCN,32,0.01,0.002,0.01,0.01,0.2
653,bostonHousing,dropoutFCN,32,0.0001,0.0001,0.01,0.01,0.01
654,wine-quality-red,dropoutFCN,32,0.001,0.001,0.01,0.01,0.01
655,wine-quality-red,fixnoiseFCN,32,0.1,0.0001,0.01,0.01,0.01
656,wine-quality-red,dropoutFCN,32,0.001,0.001,0.01,0.01,0.005
657,energy,dropoutFCN,32,0.01,0.002,0.01,0.01,0.1
658,wine-quality-red,dropoutFCN,32,0.001,0.001,0.01,0.01,0.001
659,wine-quality-red,dropoutFCN,32,0.001,0.002,0.01,0.01,0.2
660,power-plant,FCN,32,1e-05,0.0001,0.01,0.01,0.01
661,energy,dropoutFCN,32,0.01,0.002,0.01,0.01,0.05
662,wine-quality-red,dropoutFCN,32,0.001,0.002,0.01,0.01,0.1
663,wine-quality-red,dropoutFCN,32,0.001,0.002,0.01,0.01,0.05
664,bostonHousing,dropoutFCN,32,0.0001,0.0001,0.01,0.01,0.005
665,wine-quality-red,dropoutFCN,32,0.001,0.002,0.01,0.01,0.01
666,energy,dropoutFCN,32,0.01,0.002,0.01,0.01,0.01
668,wine-quality-red,dropoutFCN,32,0.001,0.002,0.01,0.01,0.005
669,wine-quality-red,dropoutFCN,32,0.001,0.002,0.01,0.01,0.001
670,energy,dropoutFCN,32,0.01,0.002,0.01,0.01,0.005
671,bostonHousing,dropoutFCN,32,0.0001,0.0001,0.01,0.01,0.001
672,bostonHousing,dropoutFCN,32,0.0001,0.0005,0.01,0.01,0.2
673,wine-quality-red,dropoutFCN,32,0.0001,0.0001,0.01,0.01,0.2
674,energy,dropoutFCN,32,0.01,0.002,0.01,0.01,0.001
675,bostonHousing,fixnoiseFCN,32,0.0001,0.0001,0.01,0.01,0.01
676,bostonHousing,dropoutFCN,32,0.0001,0.0005,0.01,0.01,0.1
677,wine-quality-red,dropoutFCN,32,0.0001,0.0001,0.01,0.01,0.1
678,bostonHousing,dropoutFCN,32,0.0001,0.0005,0.01,0.01,0.05
679,wine-quality-red,dropoutFCN,32,0.0001,0.0001,0.01,0.01,0.05
680,wine-quality-red,dropoutFCN,32,0.0001,0.0001,0.01,0.01,0.01
681,bostonHousing,dropoutFCN,32,0.0001,0.0005,0.01,0.01,0.01
682,bostonHousing,dropoutFCN,32,0.0001,0.0005,0.01,0.01,0.005
683,wine-quality-red,dropoutFCN,32,0.0001,0.0001,0.01,0.01,0.005
684,bostonHousing,dropoutFCN,32,0.0001,0.0005,0.01,0.01,0.001
685,bostonHousing,dropoutFCN,32,0.0001,0.001,0.01,0.01,0.2
686,wine-quality-red,dropoutFCN,32,0.0001,0.0001,0.01,0.01,0.001
687,bostonHousing,noisyFCN,32,0.001,0.0001,0.01,0.005,0.01
688,bostonHousing,dropoutFCN,32,0.0001,0.001,0.01,0.01,0.1
689,wine-quality-red,dropoutFCN,32,0.0001,0.0005,0.01,0.01,0.2
690,energy,dropoutFCN,32,0.001,0.0001,0.01,0.01,0.2
691,bostonHousing,dropoutFCN,32,0.0001,0.001,0.01,0.01,0.05
692,wine-quality-red,dropoutFCN,32,0.0001,0.0005,0.01,0.01,0.1
693,power-plant,dropoutFCN,32,0.01,0.0001,0.01,0.01,0.005
694,bostonHousing,dropoutFCN,32,0.0001,0.001,0.01,0.01,0.01
695,wine-quality-red,dropoutFCN,32,0.0001,0.0005,0.01,0.01,0.05
696,wine-quality-red,dropoutFCN,32,0.0001,0.0005,0.01,0.01,0.01
697,bostonHousing,dropoutFCN,32,0.0001,0.001,0.01,0.01,0.005
698,wine-quality-red,dropoutFCN,32,0.0001,0.0005,0.01,0.01,0.005
699,bostonHousing,dropoutFCN,32,0.0001,0.001,0.01,0.01,0.001
700,bostonHousing,fixnoiseFCN,32,0.0001,0.0001,0.05,0.01,0.01
701,wine-quality-red,dropoutFCN,32,0.0001,0.0005,0.01,0.01,0.001
702,bostonHousing,dropoutFCN,32,0.0001,0.002,0.01,0.01,0.2
703,wine-quality-red,dropoutFCN,32,0.0001,0.001,0.01,0.01,0.2
704,wine-quality-red,dropoutFCN,32,0.0001,0.001,0.01,0.01,0.1
705,bostonHousing,dropoutFCN,32,0.0001,0.002,0.01,0.01,0.1
706,wine-quality-red,dropoutFCN,32,0.0001,0.001,0.01,0.01,0.05
707,bostonHousing,dropoutFCN,32,0.0001,0.002,0.01,0.01,0.05
708,wine-quality-red,dropoutFCN,32,0.0001,0.001,0.01,0.01,0.01
709,bostonHousing,dropoutFCN,32,0.0001,0.002,0.01,0.01,0.01
710,wine-quality-red,dropoutFCN,32,0.0001,0.001,0.01,0.01,0.005
711,bostonHousing,dropoutFCN,32,0.0001,0.002,0.01,0.01,0.005
712,wine-quality-red,dropoutFCN,32,0.0001,0.001,0.01,0.01,0.001
713,energy,dropoutFCN,32,0.001,0.0001,0.01,0.01,0.1
714,bostonHousing,dropoutFCN,32,0.0001,0.002,0.01,0.01,0.001
715,wine-quality-red,dropoutFCN,32,0.0001,0.002,0.01,0.01,0.2
716,wine-quality-red,dropoutFCN,32,0.0001,0.002,0.01,0.01,0.1
717,wine-quality-red,dropoutFCN,32,0.0001,0.002,0.01,0.01,0.05
718,wine-quality-red,dropoutFCN,32,0.0001,0.002,0.01,0.01,0.01
719,wine-quality-red,dropoutFCN,32,0.0001,0.002,0.01,0.01,0.005
720,wine-quality-red,dropoutFCN,32,0.0001,0.002,0.01,0.01,0.001
721,bostonHousing,dropoutFCN,32,1e-05,0.0001,0.01,0.01,0.2
723,wine-quality-red,dropoutFCN,32,1e-05,0.0001,0.01,0.01,0.2
724,energy,dropoutFCN,32,0.001,0.0001,0.01,0.01,0.05
725,bostonHousing,dropoutFCN,32,1e-05,0.0001,0.01,0.01,0.1
726,wine-quality-red,fixnoiseFCN,32,0.1,0.0001,0.05,0.01,0.01
727,wine-quality-red,dropoutFCN,32,1e-05,0.0001,0.01,0.01,0.1
728,bostonHousing,dropoutFCN,32,1e-05,0.0001,0.01,0.01,0.05
729,wine-quality-red,dropoutFCN,32,1e-05,0.0001,0.01,0.01,0.05
730,bostonHousing,fixnoiseFCN,32,0.0001,0.0001,0.1,0.01,0.01
731,wine-quality-red,dropoutFCN,32,1e-05,0.0001,0.01,0.01,0.01
732,bostonHousing,dropoutFCN,32,1e-05,0.0001,0.01,0.01,0.01
733,wine-quality-red,dropoutFCN,32,1e-05,0.0001,0.01,0.01,0.005
734,power-plant,FCN,32,1e-05,0.0005,0.01,0.01,0.01
735,energy,dropoutFCN,32,0.001,0.0001,0.01,0.01,0.01
736,bostonHousing,dropoutFCN,32,1e-05,0.0001,0.01,0.01,0.005
737,wine-quality-red,dropoutFCN,32,1e-05,0.0001,0.01,0.01,0.001
738,bostonHousing,fixnoiseFCN,32,0.0001,0.0005,0.001,0.01,0.01
739,wine-quality-red,dropoutFCN,32,1e-05,0.0005,0.01,0.01,0.2
740,wine-quality-red,dropoutFCN,32,1e-05,0.0005,0.01,0.01,0.1
741,wine-quality-red,dropoutFCN,32,1e-05,0.0005,0.01,0.01,0.05
742,power-plant,fixnoiseFCN,32,0.01,0.0001,0.01,0.01,0.01
743,bostonHousing,noisyFCN,32,0.001,0.0001,0.01,0.01,0.01
744,wine-quality-red,dropoutFCN,32,1e-05,0.0005,0.01,0.01,0.01
745,bostonHousing,dropoutFCN,32,1e-05,0.0001,0.01,0.01,0.001
746,wine-quality-red,dropoutFCN,32,1e-05,0.0005,0.01,0.01,0.005
747,wine-quality-red,dropoutFCN,32,1e-05,0.0005,0.01,0.01,0.001
748,bostonHousing,dropoutFCN,32,1e-05,0.0005,0.01,0.01,0.2
749,energy,dropoutFCN,32,0.001,0.0001,0.01,0.01,0.005
750,wine-quality-red,dropoutFCN,32,1e-05,0.001,0.01,0.01,0.2
751,bostonHousing,dropoutFCN,32,1e-05,0.0005,0.01,0.01,0.1
752,wine-quality-red,dropoutFCN,32,1e-05,0.001,0.01,0.01,0.1
753,bostonHousing,fixnoiseFCN,32,0.0001,0.0005,0.005,0.01,0.01
754,wine-quality-red,dropoutFCN,32,1e-05,0.001,0.01,0.01,0.05
755,bostonHousing,dropoutFCN,32,1e-05,0.0005,0.01,0.01,0.05
756,wine-quality-red,dropoutFCN,32,1e-05,0.001,0.01,0.01,0.01
757,wine-quality-red,dropoutFCN,32,1e-05,0.001,0.01,0.01,0.005
758,bostonHousing,dropoutFCN,32,1e-05,0.0005,0.01,0.01,0.01
759,wine-quality-red,dropoutFCN,32,1e-05,0.001,0.01,0.01,0.001
760,wine-quality-red,dropoutFCN,32,1e-05,0.002,0.01,0.01,0.2
761,power-plant,dropoutFCN,32,0.01,0.0001,0.01,0.01,0.001
762,bostonHousing,dropoutFCN,32,1e-05,0.0005,0.01,0.01,0.005
763,wine-quality-red,dropoutFCN,32,1e-05,0.002,0.01,0.01,0.1
764,wine-quality-red,dropoutFCN,32,1e-05,0.002,0.01,0.01,0.05
765,bostonHousing,dropoutFCN,32,1e-05,0.0005,0.01,0.01,0.001
766,wine-quality-red,dropoutFCN,32,1e-05,0.002,0.01,0.01,0.01
767,energy,dropoutFCN,32,0.001,0.0001,0.01,0.01,0.001
768,wine-quality-red,dropoutFCN,32,1e-05,0.002,0.01,0.01,0.005
769,bostonHousing,dropoutFCN,32,1e-05,0.001,0.01,0.01,0.2
770,wine-quality-red,dropoutFCN,32,1e-05,0.002,0.01,0.01,0.001
772,bostonHousing,fixnoiseFCN,32,0.0001,0.0005,0.01,0.01,0.01
773,energy,dropoutFCN,32,0.001,0.0005,0.01,0.01,0.2
775,bostonHousing,dropoutFCN,32,1e-05,0.001,0.01,0.01,0.1
776,bostonHousing,dropoutFCN,32,1e-05,0.001,0.01,0.01,0.05
777,wine-quality-red,dropoutFCN,32,1e-09,0.0001,0.01,0.01,0.2
778,energy,dropoutFCN,32,0.001,0.0005,0.01,0.01,0.1
779,bostonHousing,dropoutFCN,32,1e-05,0.001,0.01,0.01,0.01
780,power-plant,dropoutFCN,32,0.01,0.0005,0.01,0.01,0.2
781,bostonHousing,dropoutFCN,32,1e-05,0.001,0.01,0.01,0.005
782,bostonHousing,dropoutFCN,32,1e-05,0.001,0.01,0.01,0.001
783,wine-quality-red,dropoutFCN,32,1e-09,0.0001,0.01,0.01,0.1
784,bostonHousing,dropoutFCN,32,1e-05,0.002,0.01,0.01,0.2
785,energy,dropoutFCN,32,0.001,0.0005,0.01,0.01,0.05
786,bostonHousing,fixnoiseFCN,32,0.0001,0.0005,0.05,0.01,0.01
787,wine-quality-red,dropoutFCN,32,1e-09,0.0001,0.01,0.01,0.05
788,bostonHousing,dropoutFCN,32,1e-05,0.002,0.01,0.01,0.1
789,wine-quality-red,dropoutFCN,32,1e-09,0.0001,0.01,0.01,0.01
790,energy,dropoutFCN,32,0.001,0.0005,0.01,0.01,0.01
791,bostonHousing,dropoutFCN,32,1e-05,0.002,0.01,0.01,0.05
792,wine-quality-red,dropoutFCN,32,1e-09,0.0001,0.01,0.01,0.005
793,bostonHousing,dropoutFCN,32,1e-05,0.002,0.01,0.01,0.01
794,power-plant,dropoutFCN,32,0.01,0.0005,0.01,0.01,0.1
795,bostonHousing,dropoutFCN,32,1e-05,0.002,0.01,0.01,0.005
796,wine-quality-red,dropoutFCN,32,1e-09,0.0001,0.01,0.01,0.001
797,energy,dropoutFCN,32,0.001,0.0005,0.01,0.01,0.005
798,bostonHousing,dropoutFCN,32,1e-05,0.002,0.01,0.01,0.001
799,wine-quality-red,fixnoiseFCN,32,0.1,0.0001,0.1,0.01,0.01
800,wine-quality-red,dropoutFCN,32,1e-09,0.0005,0.01,0.01,0.2
801,wine-quality-red,dropoutFCN,32,1e-09,0.0005,0.01,0.01,0.1
802,bostonHousing,fixnoiseFCN,32,0.0001,0.0005,0.1,0.01,0.01
803,wine-quality-red,dropoutFCN,32,1e-09,0.0005,0.01,0.01,0.05
804,power-plant,FCN,32,1e-05,0.002,0.01,0.01,0.01
805,energy,dropoutFCN,32,0.001,0.0005,0.01,0.01,0.001
806,wine-quality-red,dropoutFCN,32,1e-09,0.0005,0.01,0.01,0.01
807,bostonHousing,dropoutFCN,32,1e-09,0.0001,0.01,0.01,0.2
808,wine-quality-red,dropoutFCN,32,1e-09,0.0005,0.01,0.01,0.005
809,wine-quality-red,dropoutFCN,32,1e-09,0.0005,0.01,0.01,0.001
810,power-plant,dropoutFCN,32,0.01,0.0005,0.01,0.01,0.05
811,wine-quality-red,dropoutFCN,32,1e-09,0.001,0.01,0.01,0.2
812,energy,dropoutFCN,32,0.001,0.001,0.01,0.01,0.2
813,bostonHousing,fixnoiseFCN,32,0.0001,0.001,0.001,0.01,0.01
814,wine-quality-red,dropoutFCN,32,1e-09,0.001,0.01,0.01,0.1
815,bostonHousing,dropoutFCN,32,1e-09,0.0001,0.01,0.01,0.1
816,wine-quality-red,dropoutFCN,32,1e-09,0.001,0.01,0.01,0.05
817,energy,dropoutFCN,32,0.001,0.001,0.01,0.01,0.1
818,wine-quality-red,dropoutFCN,32,1e-09,0.001,0.01,0.01,0.01
819,bostonHousing,noisyFCN,32,0.001,0.0001,0.01,0.05,0.01
820,wine-quality-red,dropoutFCN,32,1e-09,0.001,0.01,0.01,0.005
821,wine-quality-red,dropoutFCN,32,1e-09,0.001,0.01,0.01,0.001
822,energy,dropoutFCN,32,0.001,0.001,0.01,0.01,0.05
823,bostonHousing,dropoutFCN,32,1e-09,0.0001,0.01,0.01,0.05
824,wine-quality-red,dropoutFCN,32,1e-09,0.002,0.01,0.01,0.2
825,bostonHousing,fixnoiseFCN,32,0.0001,0.001,0.005,0.01,0.01
826,power-plant,dropoutFCN,32,0.01,0.0005,0.01,0.01,0.01
827,energy,dropoutFCN,32,0.001,0.001,0.01,0.01,0.01
828,wine-quality-red,dropoutFCN,32,1e-09,0.002,0.01,0.01,0.1
829,wine-quality-red,dropoutFCN,32,1e-09,0.002,0.01,0.01,0.05
830,energy,dropoutFCN,32,0.001,0.001,0.01,0.01,0.005
831,wine-quality-red,dropoutFCN,32,1e-09,0.002,0.01,0.01,0.01
832,wine-quality-red,dropoutFCN,32,1e-09,0.002,0.01,0.01,0.005
834,energy,dropoutFCN,32,0.001,0.001,0.01,0.01,0.001
835,wine-quality-red,dropoutFCN,32,1e-09,0.002,0.01,0.01,0.001
836,bostonHousing,dropoutFCN,32,1e-09,0.0001,0.01,0.01,0.01
837,bostonHousing,fixnoiseFCN,32,0.0001,0.001,0.01,0.01,0.01
838,energy,dropoutFCN,32,0.001,0.002,0.01,0.01,0.2
839,energy,dropoutFCN,32,0.001,0.002,0.01,0.01,0.1
840,bostonHousing,dropoutFCN,32,1e-09,0.0001,0.01,0.01,0.005
841,wine-quality-red,fixnoiseFCN,32,0.1,0.0005,0.001,0.01,0.01
842,bostonHousing,fixnoiseFCN,32,0.0001,0.001,0.05,0.01,0.01
843,energy,dropoutFCN,32,0.001,0.002,0.01,0.01,0.05
844,yacht,dropoutFCN,32,0.1,0.0001,0.01,0.01,0.2
845,energy,dropoutFCN,32,0.001,0.002,0.01,0.01,0.01
846,energy,dropoutFCN,32,0.001,0.002,0.01,0.01,0.005
847,bostonHousing,dropoutFCN,32,1e-09,0.0001,0.01,0.01,0.001
848,energy,dropoutFCN,32,0.001,0.002,0.01,0.01,0.001
849,power-plant,dropoutFCN,32,0.01,0.0005,0.01,0.01,0.005
850,bostonHousing,dropoutFCN,32,1e-09,0.0005,0.01,0.01,0.2
851,yacht,dropoutFCN,32,0.1,0.0001,0.01,0.01,0.1
852,bostonHousing,fixnoiseFCN,32,0.0001,0.001,0.1,0.01,0.01
853,bostonHousing,dropoutFCN,32,1e-09,0.0005,0.01,0.01,0.1
854,bostonHousing,dropoutFCN,32,1e-09,0.0005,0.01,0.01,0.05
855,bostonHousing,fixnoiseFCN,32,0.0001,0.002,0.001,0.01,0.01
856,bostonHousing,dropoutFCN,32,1e-09,0.0005,0.01,0.01,0.01
857,yacht,dropoutFCN,32,0.1,0.0001,0.01,0.01,0.05
858,bostonHousing,dropoutFCN,32,1e-09,0.0005,0.01,0.01,0.005
859,bostonHousing,dropoutFCN,32,1e-09,0.0005,0.01,0.01,0.001
860,energy,fixnoiseFCN,32,0.01,0.0001,0.001,0.01,0.01
861,bostonHousing,dropoutFCN,32,1e-09,0.001,0.01,0.01,0.2
862,energy,dropoutFCN,32,0.0001,0.0001,0.01,0.01,0.2
863,wine-quality-red,fixnoiseFCN,32,0.1,0.0005,0.005,0.01,0.01
864,yacht,dropoutFCN,32,0.1,0.0001,0.01,0.01,0.01
865,bostonHousing,dropoutFCN,32,1e-09,0.001,0.01,0.01,0.1
866,bostonHousing,fixnoiseFCN,32,0.0001,0.002,0.005,0.01,0.01
867,bostonHousing,dropoutFCN,32,1e-09,0.001,0.01,0.01,0.05
869,bostonHousing,dropoutFCN,32,1e-09,0.001,0.01,0.01,0.01
870,power-plant,dropoutFCN,32,0.01,0.0005,0.01,0.01,0.001
871,bostonHousing,dropoutFCN,32,1e-09,0.001,0.01,0.01,0.005
872,yacht,dropoutFCN,32,0.1,0.0001,0.01,0.01,0.005
873,bostonHousing,dropoutFCN,32,1e-09,0.001,0.01,0.01,0.001
874,energy,dropoutFCN,32,0.0001,0.0001,0.01,0.01,0.1
875,bostonHousing,fixnoiseFCN,32,0.0001,0.002,0.01,0.01,0.01
876,bostonHousing,noisyFCN,32,0.001,0.0001,0.01,0.1,0.01
877,bostonHousing,dropoutFCN,32,1e-09,0.002,0.01,0.01,0.2
878,power-plant,dropoutFCN,32,0.01,0.001,0.01,0.01,0.2
879,bostonHousing,dropoutFCN,32,1e-09,0.002,0.01,0.01,0.1
880,bostonHousing,dropoutFCN,32,1e-09,0.002,0.01,0.01,0.05
881,bostonHousing,dropoutFCN,32,1e-09,0.002,0.01,0.01,0.01
882,bostonHousing,fixnoiseFCN,32,0.0001,0.002,0.05,0.01,0.01
883,bostonHousing,dropoutFCN,32,1e-09,0.002,0.01,0.01,0.005
884,bostonHousing,dropoutFCN,32,1e-09,0.002,0.01,0.01,0.001
885,wine-quality-red,fixnoiseFCN,32,0.1,0.0005,0.01,0.01,0.01
886,yacht,dropoutFCN,32,0.1,0.0001,0.01,0.01,0.001
887,yacht,dropoutFCN,32,0.1,0.0005,0.01,0.01,0.2
888,energy,dropoutFCN,32,0.0001,0.0001,0.01,0.01,0.05
889,bostonHousing,fixnoiseFCN,32,0.0001,0.002,0.1,0.01,0.01
890,power-plant,dropoutFCN,32,0.01,0.001,0.01,0.01,0.1
891,yacht,dropoutFCN,32,0.1,0.0005,0.01,0.01,0.1
892,bostonHousing,noisyFCN,32,0.001,0.0005,0.01,0.001,0.01
893,yacht,dropoutFCN,32,0.1,0.0005,0.01,0.01,0.05
894,power-plant,dropoutFCN,32,0.01,0.001,0.01,0.01,0.05
895,yacht,dropoutFCN,32,0.1,0.0005,0.01,0.01,0.01
896,energy,dropoutFCN,32,0.0001,0.0001,0.01,0.01,0.01
897,yacht,dropoutFCN,32,0.1,0.0005,0.01,0.01,0.005
898,yacht,dropoutFCN,32,0.1,0.0005,0.01,0.01,0.001
899,yacht,dropoutFCN,32,0.1,0.001,0.01,0.01,0.2
900,wine-quality-red,fixnoiseFCN,32,0.1,0.0005,0.05,0.01,0.01
901,bostonHousing,noisyFCN,32,0.001,0.0005,0.01,0.005,0.01
902,yacht,dropoutFCN,32,0.1,0.001,0.01,0.01,0.1
904,yacht,dropoutFCN,32,0.1,0.001,0.01,0.01,0.05
905,yacht,dropoutFCN,32,0.1,0.001,0.01,0.01,0.01
906,energy,dropoutFCN,32,0.0001,0.0001,0.01,0.01,0.005
907,yacht,dropoutFCN,32,0.1,0.001,0.01,0.01,0.005
908,yacht,dropoutFCN,32,0.1,0.001,0.01,0.01,0.001
909,yacht,dropoutFCN,32,0.1,0.002,0.01,0.01,0.2
910,yacht,dropoutFCN,32,0.1,0.002,0.01,0.01,0.1
911,bostonHousing,noisyFCN,32,0.001,0.0005,0.01,0.01,0.01
912,yacht,dropoutFCN,32,0.1,0.002,0.01,0.01,0.05
913,yacht,dropoutFCN,32,0.1,0.002,0.01,0.01,0.01
914,energy,dropoutFCN,32,0.0001,0.0001,0.01,0.01,0.001
915,yacht,dropoutFCN,32,0.1,0.002,0.01,0.01,0.005
916,yacht,dropoutFCN,32,0.1,0.002,0.01,0.01,0.001
917,power-plant,dropoutFCN,32,0.01,0.001,0.01,0.01,0.01
918,energy,dropoutFCN,32,0.0001,0.0005,0.01,0.01,0.2
919,bostonHousing,fixnoiseFCN,32,1e-05,0.0001,0.001,0.01,0.01
920,wine-quality-red,fixnoiseFCN,32,0.1,0.0005,0.1,0.01,0.01
921,yacht,dropoutFCN,32,0.01,0.0001,0.01,0.01,0.2
922,power-plant,FCN,32,1e-09,0.0001,0.01,0.01,0.01
923,energy,dropoutFCN,32,0.0001,0.0005,0.01,0.01,0.1
924,yacht,dropoutFCN,32,0.01,0.0001,0.01,0.01,0.1
925,energy,dropoutFCN,32,0.0001,0.0005,0.01,0.01,0.05
926,bostonHousing,noisyFCN,32,0.001,0.0005,0.01,0.05,0.01
927,energy,dropoutFCN,32,0.0001,0.0005,0.01,0.01,0.01
928,yacht,dropoutFCN,32,0.01,0.0001,0.01,0.01,0.05
929,energy,dropoutFCN,32,0.0001,0.0005,0.01,0.01,0.005
930,yacht,dropoutFCN,32,0.01,0.0001,0.01,0.01,0.01
931,power-plant,dropoutFCN,32,0.01,0.001,0.01,0.01,0.005
932,energy,dropoutFCN,32,0.0001,0.0005,0.01,0.01,0.001
934,bostonHousing,noisyFCN,32,0.001,0.0005,0.01,0.1,0.01
935,energy,dropoutFCN,32,0.0001,0.001,0.01,0.01,0.2
936,yacht,dropoutFCN,32,0.01,0.0001,0.01,0.01,0.005
937,energy,dropoutFCN,32,0.0001,0.001,0.01,0.01,0.1
938,bostonHousing,noisyFCN,32,0.001,0.001,0.01,0.001,0.01
939,energy,dropoutFCN,32,0.0001,0.001,0.01,0.01,0.05
940,yacht,dropoutFCN,32,0.01,0.0001,0.01,0.01,0.001
941,wine-quality-red,fixnoiseFCN,32,0.1,0.001,0.001,0.01,0.01
942,energy,dropoutFCN,32,0.0001,0.001,0.01,0.01,0.01
943,yacht,dropoutFCN,32,0.01,0.0005,0.01,0.01,0.2
944,energy,dropoutFCN,32,0.0001,0.001,0.01,0.01,0.005
945,yacht,dropoutFCN,32,0.01,0.0005,0.01,0.01,0.1
946,bostonHousing,noisyFCN,32,0.001,0.001,0.01,0.005,0.01
947,energy,dropoutFCN,32,0.0001,0.001,0.01,0.01,0.001
948,power-plant,FCN,32,1e-09,0.0005,0.01,0.01,0.01
949,yacht,dropoutFCN,32,0.01,0.0005,0.01,0.01,0.05
950,energy,dropoutFCN,32,0.0001,0.002,0.01,0.01,0.2
951,yacht,dropoutFCN,32,0.01,0.0005,0.01,0.01,0.01
952,energy,dropoutFCN,32,0.0001,0.002,0.01,0.01,0.1
953,yacht,dropoutFCN,32,0.01,0.0005,0.01,0.01,0.005
954,energy,dropoutFCN,32,0.0001,0.002,0.01,0.01,0.05
955,bostonHousing,noisyFCN,32,0.001,0.001,0.01,0.01,0.01
956,yacht,dropoutFCN,32,0.01,0.0005,0.01,0.01,0.001
957,energy,dropoutFCN,32,0.0001,0.002,0.01,0.01,0.01
958,power-plant,dropoutFCN,32,0.01,0.001,0.01,0.01,0.001
959,yacht,dropoutFCN,32,0.01,0.001,0.01,0.01,0.2
960,energy,dropoutFCN,32,0.0001,0.002,0.01,0.01,0.005
961,yacht,dropoutFCN,32,0.01,0.001,0.01,0.01,0.1
962,bostonHousing,fixnoiseFCN,32,1e-05,0.0001,0.005,0.01,0.01
963,energy,dropoutFCN,32,0.0001,0.002,0.01,0.01,0.001
964,yacht,dropoutFCN,32,0.01,0.001,0.01,0.01,0.05
965,yacht,dropoutFCN,32,0.01,0.001,0.01,0.01,0.01
966,bostonHousing,noisyFCN,32,0.001,0.001,0.01,0.05,0.01
967,yacht,dropoutFCN,32,0.01,0.001,0.01,0.01,0.005
968,power-plant,dropoutFCN,32,0.01,0.002,0.01,0.01,0.2
969,yacht,dropoutFCN,32,0.01,0.001,0.01,0.01,0.001
970,yacht,dropoutFCN,32,0.01,0.002,0.01,0.01,0.2
971,wine-quality-red,fixnoiseFCN,32,0.1,0.001,0.005,0.01,0.01
972,yacht,dropoutFCN,32,0.01,0.002,0.01,0.01,0.1
974,yacht,dropoutFCN,32,0.01,0.002,0.01,0.01,0.05
975,bostonHousing,noisyFCN,32,0.001,0.001,0.01,0.1,0.01
976,yacht,dropoutFCN,32,0.01,0.002,0.01,0.01,0.01
977,power-plant,dropoutFCN,32,0.01,0.002,0.01,0.01,0.1
978,yacht,dropoutFCN,32,0.01,0.002,0.01,0.01,0.005
979,yacht,dropoutFCN,32,0.01,0.002,0.01,0.01,0.001
980,energy,dropoutFCN,32,1e-05,0.0001,0.01,0.01,0.2
981,power-plant,FCN,32,1e-09,0.001,0.01,0.01,0.01
982,yacht,dropoutFCN,32,0.001,0.0001,0.01,0.01,0.2
983,power-plant,dropoutFCN,32,0.01,0.002,0.01,0.01,0.05
984,bostonHousing,noisyFCN,32,0.001,0.002,0.01,0.001,0.01
985,yacht,dropoutFCN,32,0.001,0.0001,0.01,0.01,0.1
986,energy,fixnoiseFCN,32,0.01,0.0001,0.005,0.01,0.01
987,power-plant,dropoutFCN,32,0.01,0.002,0.01,0.01,0.01
988,yacht,dropoutFCN,32,0.001,0.0001,0.01,0.01,0.05
989,energy,dropoutFCN,32,1e-05,0.0001,0.01,0.01,0.1
990,bostonHousing,noisyFCN,32,0.001,0.002,0.01,0.005,0.01
991,bostonHousing,fixnoiseFCN,32,1e-05,0.0001,0.01,0.01,0.01
992,power-plant,FCN,32,1e-09,0.002,0.01,0.01,0.01
993,yacht,dropoutFCN,32,0.001,0.0001,0.01,0.01,0.01
994,power-plant,dropoutFCN,32,0.01,0.002,0.01,0.01,0.005
995,yacht,dropoutFCN,32,0.001,0.0001,0.01,0.01,0.005
996,energy,dropoutFCN,32,1e-05,0.0001,0.01,0.01,0.05
997,bostonHousing,noisyFCN,32,0.001,0.002,0.01,0.01,0.01
998,wine-quality-red,fixnoiseFCN,32,0.1,0.001,0.01,0.01,0.01
999,power-plant,dropoutFCN,32,0.01,0.002,0.01,0.01,0.001
1000,yacht,dropoutFCN,32,0.001,0.0001,0.01,0.01,0.001
1001,yacht,dropoutFCN,32,0.001,0.0005,0.01,0.01,0.2
1002,bostonHousing,fixnoiseFCN,32,1e-05,0.0001,0.05,0.01,0.01
1003,bostonHousing,noisyFCN,32,0.001,0.002,0.01,0.05,0.01
1004,yacht,dropoutFCN,32,0.001,0.0005,0.01,0.01,0.1
1006,energy,dropoutFCN,32,1e-05,0.0001,0.01,0.01,0.01
1007,yacht,dropoutFCN,32,0.001,0.0005,0.01,0.01,0.05
1008,yacht,dropoutFCN,32,0.001,0.0005,0.01,0.01,0.01
1009,yacht,dropoutFCN,32,0.001,0.0005,0.01,0.01,0.005
1010,bostonHousing,noisyFCN,32,0.001,0.002,0.01,0.1,0.01
1011,yacht,dropoutFCN,32,0.001,0.0005,0.01,0.01,0.001
1012,yacht,dropoutFCN,32,0.001,0.001,0.01,0.01,0.2
1013,energy,dropoutFCN,32,1e-05,0.0001,0.01,0.01,0.005
1014,yacht,dropoutFCN,32,0.001,0.001,0.01,0.01,0.1
1015,yacht,dropoutFCN,32,0.001,0.001,0.01,0.01,0.05
1016,yacht,dropoutFCN,32,0.001,0.001,0.01,0.01,0.01
1017,yacht,dropoutFCN,32,0.001,0.001,0.01,0.01,0.005
1018,yacht,dropoutFCN,32,0.001,0.001,0.01,0.01,0.001
1019,yacht,dropoutFCN,32,0.001,0.002,0.01,0.01,0.2
1020,yacht,dropoutFCN,32,0.001,0.002,0.01,0.01,0.1
1021,wine-quality-red,fixnoiseFCN,32,0.1,0.001,0.05,0.01,0.01
1022,yacht,dropoutFCN,32,0.001,0.002,0.01,0.01,0.05
1023,energy,dropoutFCN,32,1e-05,0.0001,0.01,0.01,0.001
1024,yacht,dropoutFCN,32,0.001,0.002,0.01,0.01,0.01
1025,yacht,dropoutFCN,32,0.001,0.002,0.01,0.01,0.005
1026,bostonHousing,fixnoiseFCN,32,1e-05,0.0001,0.1,0.01,0.01
1027,yacht,dropoutFCN,32,0.001,0.002,0.01,0.01,0.001
1028,energy,dropoutFCN,32,1e-05,0.0005,0.01,0.01,0.2
1029,yacht,dropoutFCN,32,0.0001,0.0001,0.01,0.01,0.2
1030,energy,dropoutFCN,32,1e-05,0.0005,0.01,0.01,0.1
1031,bostonHousing,fixnoiseFCN,32,1e-05,0.0005,0.001,0.01,0.01
1032,power-plant,dropoutFCN,32,0.001,0.0001,0.01,0.01,0.2
1033,yacht,dropoutFCN,32,0.0001,0.0001,0.01,0.01,0.1
1034,energy,dropoutFCN,32,1e-05,0.0005,0.01,0.01,0.05
1035,power-plant,noisyFCN,32,0.1,0.0001,0.01,0.001,0.01
1036,yacht,dropoutFCN,32,0.0001,0.0001,0.01,0.01,0.05
1037,energy,dropoutFCN,32,1e-05,0.0005,0.01,0.01,0.01
1039,energy,dropoutFCN,32,1e-05,0.0005,0.01,0.01,0.005
1040,yacht,dropoutFCN,32,0.0001,0.0001,0.01,0.01,0.01
1041,bostonHousing,fixnoiseFCN,32,1e-05,0.0005,0.005,0.01,0.01
1042,energy,dropoutFCN,32,1e-05,0.0005,0.01,0.01,0.001
1043,yacht,dropoutFCN,32,0.0001,0.0001,0.01,0.01,0.005
1044,energy,dropoutFCN,32,1e-05,0.001,0.01,0.01,0.2
1045,bostonHousing,fixnoiseFCN,32,1e-05,0.0005,0.01,0.01,0.01
1046,wine-quality-red,fixnoiseFCN,32,0.1,0.001,0.1,0.01,0.01
1047,energy,dropoutFCN,32,1e-05,0.001,0.01,0.01,0.1
1048,power-plant,fixnoiseFCN,32,0.01,0.0001,0.05,0.01,0.01
1049,yacht,dropoutFCN,32,0.0001,0.0001,0.01,0.01,0.001
1050,energy,dropoutFCN,32,1e-05,0.001,0.01,0.01,0.05
1051,yacht,dropoutFCN,32,0.0001,0.0005,0.01,0.01,0.2
1052,bostonHousing,fixnoiseFCN,32,1e-05,0.0005,0.05,0.01,0.01
1053,yacht,dropoutFCN,32,0.0001,0.0005,0.01,0.01,0.1
1054,yacht,dropoutFCN,32,0.0001,0.0005,0.01,0.01,0.05
1055,energy,dropoutFCN,32,1e-05,0.001,0.01,0.01,0.01
1056,yacht,dropoutFCN,32,0.0001,0.0005,0.01,0.01,0.01
1057,energy,dropoutFCN,32,1e-05,0.001,0.01,0.01,0.005
1058,yacht,dropoutFCN,32,0.0001,0.0005,0.01,0.01,0.005
1059,energy,dropoutFCN,32,1e-05,0.001,0.01,0.01,0.001
1060,yacht,dropoutFCN,32,0.0001,0.0005,0.01,0.01,0.001
1061,yacht,dropoutFCN,32,0.0001,0.001,0.01,0.01,0.2
1062,energy,dropoutFCN,32,1e-05,0.002,0.01,0.01,0.2
1063,power-plant,dropoutFCN,32,0.001,0.0001,0.01,0.01,0.1
1064,yacht,dropoutFCN,32,0.0001,0.001,0.01,0.01,0.1
1065,energy,dropoutFCN,32,1e-05,0.002,0.01,0.01,0.1
1066,bostonHousing,fixnoiseFCN,32,1e-05,0.0005,0.1,0.01,0.01
1067,yacht,dropoutFCN,32,0.0001,0.001,0.01,0.01,0.05
1068,yacht,dropoutFCN,32,0.0001,0.001,0.01,0.01,0.01
1069,energy,dropoutFCN,32,1e-05,0.002,0.01,0.01,0.05
1070,yacht,dropoutFCN,32,0.0001,0.001,0.01,0.01,0.005
1071,yacht,dropoutFCN,32,0.0001,0.001,0.01,0.01,0.001
1072,energy,dropoutFCN,32,1e-05,0.002,0.01,0.01,0.01
1073,yacht,dropoutFCN,32,0.0001,0.002,0.01,0.01,0.2
1074,wine-quality-red,fixnoiseFCN,32,0.1,0.002,0.001,0.01,0.01
1075,energy,dropoutFCN,32,1e-05,0.002,0.01,0.01,0.005
1076,yacht,dropoutFCN,32,0.0001,0.002,0.01,0.01,0.1
1077,yacht,dropoutFCN,32,0.0001,0.002,0.01,0.01,0.05
1078,bostonHousing,fixnoiseFCN,32,1e-05,0.001,0.001,0.01,0.01
1079,energy,dropoutFCN,32,1e-05,0.002,0.01,0.01,0.001
1080,yacht,dropoutFCN,32,0.0001,0.002,0.01,0.01,0.01
1081,yacht,dropoutFCN,32,0.0001,0.002,0.01,0.01,0.005
1082,yacht,dropoutFCN,32,0.0001,0.002,0.01,0.01,0.001
1084,bostonHousing,fixnoiseFCN,32,1e-05,0.001,0.005,0.01,0.01
1085,yacht,dropoutFCN,32,1e-05,0.0001,0.01,0.01,0.2
1086,bostonHousing,noisyFCN,32,0.0001,0.0001,0.01,0.001,0.01
1087,power-plant,noisyFCN,32,0.1,0.0001,0.01,0.005,0.01
1088,yacht,dropoutFCN,32,1e-05,0.0001,0.01,0.01,0.1
1089,bostonHousing,fixnoiseFCN,32,1e-05,0.001,0.01,0.01,0.01
1090,energy,dropoutFCN,32,1e-09,0.0001,0.01,0.01,0.2
1091,yacht,dropoutFCN,32,1e-05,0.0001,0.01,0.01,0.05
1092,bostonHousing,fixnoiseFCN,32,1e-05,0.001,0.05,0.01,0.01
1093,yacht,dropoutFCN,32,1e-05,0.0001,0.01,0.01,0.01
1094,energy,fixnoiseFCN,32,0.01,0.0001,0.01,0.01,0.01
1095,yacht,dropoutFCN,32,1e-05,0.0001,0.01,0.01,0.005
1096,energy,dropoutFCN,32,1e-09,0.0001,0.01,0.01,0.1
1097,bostonHousing,fixnoiseFCN,32,1e-05,0.001,0.1,0.01,0.01
1098,yacht,dropoutFCN,32,1e-05,0.0001,0.01,0.01,0.001
1099,yacht,dropoutFCN,32,1e-05,0.0005,0.01,0.01,0.2
1100,yacht,dropoutFCN,32,1e-05,0.0005,0.01,0.01,0.1
1101,bostonHousing,fixnoiseFCN,32,1e-05,0.002,0.001,0.01,0.01
1102,wine-quality-red,fixnoiseFCN,32,0.1,0.002,0.005,0.01,0.01
1103,yacht,dropoutFCN,32,1e-05,0.0005,0.01,0.01,0.05
1104,power-plant,dropoutFCN,32,0.001,0.0001,0.01,0.01,0.05
1105,bostonHousing,noisyFCN,32,0.0001,0.0001,0.01,0.005,0.01
1106,yacht,dropoutFCN,32,1e-05,0.0005,0.01,0.01,0.01
1107,energy,dropoutFCN,32,1e-09,0.0001,0.01,0.01,0.05
1108,yacht,dropoutFCN,32,1e-05,0.0005,0.01,0.01,0.005
1109,yacht,dropoutFCN,32,1e-05,0.0005,0.01,0.01,0.001
1110,bostonHousing,fixnoiseFCN,32,1e-05,0.002,0.005,0.01,0.01
1112,yacht,dropoutFCN,32,1e-05,0.001,0.01,0.01,0.2
1113,yacht,dropoutFCN,32,1e-05,0.001,0.01,0.01,0.1
1114,yacht,dropoutFCN,32,1e-05,0.001,0.01,0.01,0.05
1115,bostonHousing,fixnoiseFCN,32,1e-05,0.002,0.01,0.01,0.01
1116,yacht,dropoutFCN,32,1e-05,0.001,0.01,0.01,0.01
1117,energy,dropoutFCN,32,1e-09,0.0001,0.01,0.01,0.01
1118,yacht,dropoutFCN,32,1e-05,0.001,0.01,0.01,0.005
1119,yacht,dropoutFCN,32,1e-05,0.001,0.01,0.01,0.001
1120,yacht,dropoutFCN,32,1e-05,0.002,0.01,0.01,0.2
1121,bostonHousing,fixnoiseFCN,32,1e-05,0.002,0.05,0.01,0.01
1122,yacht,dropoutFCN,32,1e-05,0.002,0.01,0.01,0.1
1123,yacht,dropoutFCN,32,1e-05,0.002,0.01,0.01,0.05
1124,yacht,dropoutFCN,32,1e-05,0.002,0.01,0.01,0.01
1125,yacht,dropoutFCN,32,1e-05,0.002,0.01,0.01,0.005
1126,yacht,dropoutFCN,32,1e-05,0.002,0.01,0.01,0.001
1127,energy,dropoutFCN,32,1e-09,0.0001,0.01,0.01,0.005
1128,power-plant,noisyFCN,32,0.1,0.0001,0.01,0.01,0.01
1129,bostonHousing,fixnoiseFCN,32,1e-05,0.002,0.1,0.01,0.01
1130,wine-quality-red,fixnoiseFCN,32,0.1,0.002,0.01,0.01,0.01
1131,yacht,dropoutFCN,32,1e-09,0.0001,0.01,0.01,0.2
1132,yacht,dropoutFCN,32,1e-09,0.0001,0.01,0.01,0.1
1133,energy,dropoutFCN,32,1e-09,0.0001,0.01,0.01,0.001
1134,yacht,dropoutFCN,32,1e-09,0.0001,0.01,0.01,0.05
1135,energy,dropoutFCN,32,1e-09,0.0005,0.01,0.01,0.2
1136,yacht,dropoutFCN,32,1e-09,0.0001,0.01,0.01,0.01
1137,energy,dropoutFCN,32,1e-09,0.0005,0.01,0.01,0.1
1138,energy,dropoutFCN,32,1e-09,0.0005,0.01,0.01,0.05
1139,yacht,dropoutFCN,32,1e-09,0.0001,0.01,0.01,0.005
1141,energy,dropoutFCN,32,1e-09,0.0005,0.01,0.01,0.01
1142,bostonHousing,noisyFCN,32,0.0001,0.0001,0.01,0.01,0.01
1143,energy,dropoutFCN,32,1e-09,0.0005,0.01,0.01,0.005
1144,yacht,dropoutFCN,32,1e-09,0.0001,0.01,0.01,0.001
1145,yacht,dropoutFCN,32,1e-09,0.0005,0.01,0.01,0.2
1146,power-plant,dropoutFCN,32,0.001,0.0001,0.01,0.01,0.01
1147,energy,dropoutFCN,32,1e-09,0.0005,0.01,0.01,0.001
1148,yacht,dropoutFCN,32,1e-09,0.0005,0.01,0.01,0.1
1149,yacht,dropoutFCN,32,1e-09,0.0005,0.01,0.01,0.05
1150,yacht,dropoutFCN,32,1e-09,0.0005,0.01,0.01,0.01
1151,yacht,dropoutFCN,32,1e-09,0.0005,0.01,0.01,0.005
1152,energy,dropoutFCN,32,1e-09,0.001,0.01,0.01,0.2
1153,yacht,dropoutFCN,32,1e-09,0.0005,0.01,0.01,0.001
1154,yacht,dropoutFCN,32,1e-09,0.001,0.01,0.01,0.2
1155,energy,dropoutFCN,32,1e-09,0.001,0.01,0.01,0.1
1156,yacht,dropoutFCN,32,1e-09,0.001,0.01,0.01,0.1
1157,yacht,dropoutFCN,32,1e-09,0.001,0.01,0.01,0.05
1158,energy,dropoutFCN,32,1e-09,0.001,0.01,0.01,0.05
1159,yacht,dropoutFCN,32,1e-09,0.001,0.01,0.01,0.01
1160,yacht,dropoutFCN,32,1e-09,0.001,0.01,0.01,0.005
1161,energy,dropoutFCN,32,1e-09,0.001,0.01,0.01,0.01
1162,bostonHousing,noisyFCN,32,0.0001,0.0001,0.01,0.05,0.01
1163,yacht,dropoutFCN,32,1e-09,0.001,0.01,0.01,0.001
1164,energy,dropoutFCN,32,1e-09,0.001,0.01,0.01,0.005
1165,yacht,dropoutFCN,32,1e-09,0.002,0.01,0.01,0.2
1166,wine-quality-red,fixnoiseFCN,32,0.1,0.002,0.05,0.01,0.01
1167,yacht,dropoutFCN,32,1e-09,0.002,0.01,0.01,0.1
1168,power-plant,noisyFCN,32,0.1,0.0001,0.01,0.05,0.01
1169,yacht,dropoutFCN,32,1e-09,0.002,0.01,0.01,0.05
1170,energy,dropoutFCN,32,1e-09,0.001,0.01,0.01,0.001
1171,yacht,dropoutFCN,32,1e-09,0.002,0.01,0.01,0.01
1172,energy,fixnoiseFCN,32,0.01,0.0001,0.05,0.01,0.01
1173,yacht,dropoutFCN,32,1e-09,0.002,0.01,0.01,0.005
1174,energy,dropoutFCN,32,1e-09,0.002,0.01,0.01,0.2
1175,yacht,dropoutFCN,32,1e-09,0.002,0.01,0.01,0.001
1176,energy,dropoutFCN,32,1e-09,0.002,0.01,0.01,0.1
1177,energy,dropoutFCN,32,1e-09,0.002,0.01,0.01,0.05
1178,energy,dropoutFCN,32,1e-09,0.002,0.01,0.01,0.01
1179,energy,dropoutFCN,32,1e-09,0.002,0.01,0.01,0.005
1180,energy,dropoutFCN,32,1e-09,0.002,0.01,0.01,0.001
1181,bostonHousing,fixnoiseFCN,32,1e-09,0.0001,0.001,0.01,0.01
1183,bostonHousing,noisyFCN,32,0.0001,0.0001,0.01,0.1,0.01
1184,wine-quality-red,fixnoiseFCN,32,0.1,0.002,0.1,0.01,0.01
1185,bostonHousing,noisyFCN,32,0.0001,0.0005,0.01,0.001,0.01
1186,kin8nm,dropoutFCN,32,0.1,0.0001,0.01,0.01,0.2
1187,bostonHousing,fixnoiseFCN,32,1e-09,0.0001,0.005,0.01,0.01
1188,bostonHousing,noisyFCN,32,0.0001,0.0005,0.01,0.005,0.01
1189,power-plant,dropoutFCN,32,0.001,0.0001,0.01,0.01,0.005
1190,bostonHousing,noisyFCN,32,0.0001,0.0005,0.01,0.01,0.01
1191,power-plant,noisyFCN,32,0.1,0.0001,0.01,0.1,0.01
1193,wine-quality-red,fixnoiseFCN,32,0.01,0.0001,0.001,0.01,0.01
1194,kin8nm,dropoutFCN,32,0.1,0.0001,0.01,0.01,0.1
1195,bostonHousing,noisyFCN,32,0.0001,0.0005,0.01,0.05,0.01
1196,energy,fixnoiseFCN,32,0.01,0.0001,0.1,0.01,0.01
1197,bostonHousing,fixnoiseFCN,32,1e-09,0.0001,0.01,0.01,0.01
1198,bostonHousing,noisyFCN,32,0.0001,0.0005,0.01,0.1,0.01
1199,power-plant,fixnoiseFCN,32,0.01,0.0001,0.1,0.01,0.01
1200,bostonHousing,noisyFCN,32,0.0001,0.001,0.01,0.001,0.01
1201,wine-quality-red,fixnoiseFCN,32,0.01,0.0001,0.005,0.01,0.01
1202,bostonHousing,noisyFCN,32,0.0001,0.001,0.01,0.005,0.01
1203,bostonHousing,fixnoiseFCN,32,1e-09,0.0001,0.05,0.01,0.01
1204,bostonHousing,noisyFCN,32,0.0001,0.001,0.01,0.01,0.01
1205,kin8nm,dropoutFCN,32,0.1,0.0001,0.01,0.01,0.05
1206,power-plant,noisyFCN,32,0.1,0.0005,0.01,0.001,0.01
1207,bostonHousing,noisyFCN,32,0.0001,0.001,0.01,0.05,0.01
1208,bostonHousing,noisyFCN,32,0.0001,0.001,0.01,0.1,0.01
1209,bostonHousing,noisyFCN,32,0.0001,0.002,0.01,0.001,0.01
1210,wine-quality-red,fixnoiseFCN,32,0.01,0.0001,0.01,0.01,0.01
1211,power-plant,dropoutFCN,32,0.001,0.0001,0.01,0.01,0.001
1212,bostonHousing,fixnoiseFCN,32,1e-09,0.0001,0.1,0.01,0.01
1213,bostonHousing,noisyFCN,32,0.0001,0.002,0.01,0.005,0.01
1214,bostonHousing,noisyFCN,32,0.0001,0.002,0.01,0.01,0.01
1215,power-plant,dropoutFCN,32,0.001,0.0005,0.01,0.01,0.2
1216,bostonHousing,fixnoiseFCN,32,1e-09,0.0005,0.001,0.01,0.01
1217,bostonHousing,noisyFCN,32,0.0001,0.002,0.01,0.05,0.01
1218,wine-quality-red,fixnoiseFCN,32,0.01,0.0001,0.05,0.01,0.01
1219,power-plant,noisyFCN,32,0.1,0.0005,0.01,0.005,0.01
1220,bostonHousing,fixnoiseFCN,32,1e-09,0.0005,0.005,0.01,0.01
1221,kin8nm,dropoutFCN,32,0.1,0.0001,0.01,0.01,0.01
1222,power-plant,dropoutFCN,32,0.001,0.0005,0.01,0.01,0.1
1223,bostonHousing,noisyFCN,32,0.0001,0.002,0.01,0.1,0.01
1224,bostonHousing,fixnoiseFCN,32,1e-09,0.0005,0.01,0.01,0.01
1225,power-plant,dropoutFCN,32,0.001,0.0005,0.01,0.01,0.05
1227,wine-quality-red,fixnoiseFCN,32,0.01,0.0001,0.1,0.01,0.01
1228,bostonHousing,fixnoiseFCN,32,1e-09,0.0005,0.05,0.01,0.01
1229,wine-quality-red,fixnoiseFCN,32,0.01,0.0005,0.001,0.01,0.01
1230,energy,fixnoiseFCN,32,0.01,0.0005,0.001,0.01,0.01
1231,bostonHousing,fixnoiseFCN,32,1e-09,0.0005,0.1,0.01,0.01
1232,power-plant,noisyFCN,32,0.1,0.0005,0.01,0.01,0.01
1233,bostonHousing,fixnoiseFCN,32,1e-09,0.001,0.001,0.01,0.01
1234,wine-quality-red,fixnoiseFCN,32,0.01,0.0005,0.005,0.01,0.01
1235,power-plant,dropoutFCN,32,0.001,0.0005,0.01,0.01,0.01
1236,bostonHousing,fixnoiseFCN,32,1e-09,0.001,0.005,0.01,0.01
1237,wine-quality-red,fixnoiseFCN,32,0.01,0.0005,0.01,0.01,0.01
1238,bostonHousing,fixnoiseFCN,32,1e-09,0.001,0.01,0.01,0.01
1240,kin8nm,dropoutFCN,32,0.1,0.0001,0.01,0.01,0.005
1241,wine-quality-red,fixnoiseFCN,32,0.01,0.0005,0.05,0.01,0.01
1242,bostonHousing,fixnoiseFCN,32,1e-09,0.001,0.05,0.01,0.01
1243,bostonHousing,noisyFCN,32,1e-05,0.0001,0.01,0.001,0.01
1244,bostonHousing,fixnoiseFCN,32,1e-09,0.001,0.1,0.01,0.01
1245,wine-quality-red,fixnoiseFCN,32,0.01,0.0005,0.1,0.01,0.01
1246,energy,fixnoiseFCN,32,0.01,0.0005,0.005,0.01,0.01
1247,bostonHousing,fixnoiseFCN,32,1e-09,0.002,0.001,0.01,0.01
1248,power-plant,dropoutFCN,32,0.001,0.0005,0.01,0.01,0.005
1249,power-plant,noisyFCN,32,0.1,0.0005,0.01,0.05,0.01
1250,wine-quality-red,fixnoiseFCN,32,0.01,0.001,0.001,0.01,0.01
1251,bostonHousing,fixnoiseFCN,32,1e-09,0.002,0.005,0.01,0.01
1252,bostonHousing,fixnoiseFCN,32,1e-09,0.002,0.01,0.01,0.01
1253,wine-quality-red,fixnoiseFCN,32,0.01,0.001,0.005,0.01,0.01
1254,bostonHousing,noisyFCN,32,1e-05,0.0001,0.01,0.005,0.01
1255,wine-quality-red,fixnoiseFCN,32,0.01,0.001,0.01,0.01,0.01
1256,bostonHousing,fixnoiseFCN,32,1e-09,0.002,0.05,0.01,0.01
1257,power-plant,dropoutFCN,32,0.001,0.0005,0.01,0.01,0.001
1258,bostonHousing,fixnoiseFCN,32,1e-09,0.002,0.1,0.01,0.01
1259,power-plant,dropoutFCN,32,0.001,0.001,0.01,0.01,0.2
1260,wine-quality-red,fixnoiseFCN,32,0.01,0.001,0.05,0.01,0.01
1261,bostonHousing,dropoutFCN,32,0.1,0.0001,0.1,0.01,0.2
1262,bostonHousing,dropoutFCN,32,0.1,0.0001,0.1,0.01,0.1
1263,wine-quality-red,fixnoiseFCN,32,0.01,0.001,0.1,0.01,0.01
1264,power-plant,noisyFCN,32,0.1,0.0005,0.01,0.1,0.01
1265,bostonHousing,dropoutFCN,32,0.1,0.0001,0.1,0.01,0.05
1266,power-plant,dropoutFCN,32,0.001,0.001,0.01,0.01,0.1
1267,kin8nm,dropoutFCN,32,0.1,0.0001,0.01,0.01,0.001
1268,energy,fixnoiseFCN,32,0.01,0.0005,0.01,0.01,0.01
1269,bostonHousing,dropoutFCN,32,0.1,0.0001,0.1,0.01,0.01
1270,wine-quality-red,fixnoiseFCN,32,0.01,0.002,0.001,0.01,0.01
1271,kin8nm,dropoutFCN,32,0.1,0.0005,0.01,0.01,0.2
1272,bostonHousing,dropoutFCN,32,0.1,0.0001,0.1,0.01,0.005
1273,wine-quality-red,fixnoiseFCN,32,0.01,0.002,0.005,0.01,0.01
1274,power-plant,dropoutFCN,32,0.001,0.001,0.01,0.01,0.05
1275,bostonHousing,dropoutFCN,32,0.1,0.0001,0.1,0.01,0.001
1276,wine-quality-red,fixnoiseFCN,32,0.01,0.002,0.01,0.01,0.01
1277,bostonHousing,noisyFCN,32,1e-05,0.0001,0.01,0.01,0.01
1278,bostonHousing,dropoutFCN,32,0.1,0.0005,0.1,0.01,0.2
1279,bostonHousing,dropoutFCN,32,0.1,0.0005,0.1,0.01,0.1
1280,bostonHousing,dropoutFCN,32,0.1,0.0005,0.1,0.01,0.05
1281,kin8nm,dropoutFCN,32,0.1,0.0005,0.01,0.01,0.1
1282,bostonHousing,dropoutFCN,32,0.1,0.0005,0.1,0.01,0.01
1283,bostonHousing,dropoutFCN,32,0.1,0.0005,0.1,0.01,0.005
1284,wine-quality-red,fixnoiseFCN,32,0.01,0.002,0.05,0.01,0.01
1285,bostonHousing,dropoutFCN,32,0.1,0.0005,0.1,0.01,0.001
1286,power-plant,dropoutFCN,32,0.001,0.001,0.01,0.01,0.01
1287,bostonHousing,dropoutFCN,32,0.1,0.001,0.1,0.01,0.2
1288,bostonHousing,dropoutFCN,32,0.1,0.001,0.1,0.01,0.1
1289,power-plant,noisyFCN,32,0.1,0.001,0.01,0.001,0.01
1290,bostonHousing,dropoutFCN,32,0.1,0.001,0.1,0.01,0.05
1291,kin8nm,dropoutFCN,32,0.1,0.0005,0.01,0.01,0.05
1292,bostonHousing,dropoutFCN,32,0.1,0.001,0.1,0.01,0.01
1293,wine-quality-red,fixnoiseFCN,32,0.01,0.002,0.1,0.01,0.01
1294,bostonHousing,dropoutFCN,32,0.1,0.001,0.1,0.01,0.005
1295,energy,fixnoiseFCN,32,0.01,0.0005,0.05,0.01,0.01
1296,bostonHousing,dropoutFCN,32,0.1,0.001,0.1,0.01,0.001
1297,bostonHousing,dropoutFCN,32,0.1,0.002,0.1,0.01,0.2
1298,bostonHousing,dropoutFCN,32,0.1,0.002,0.1,0.01,0.1
1299,bostonHousing,dropoutFCN,32,0.1,0.002,0.1,0.01,0.05
1300,bostonHousing,dropoutFCN,32,0.1,0.002,0.1,0.01,0.01
1301,bostonHousing,dropoutFCN,32,0.1,0.002,0.1,0.01,0.005
1302,bostonHousing,dropoutFCN,32,0.1,0.002,0.1,0.01,0.001
1303,bostonHousing,dropoutFCN,32,0.01,0.0001,0.1,0.01,0.2
1304,wine-quality-red,fixnoiseFCN,32,0.001,0.0001,0.001,0.01,0.01
1305,bostonHousing,dropoutFCN,32,0.01,0.0001,0.1,0.01,0.1
1306,power-plant,dropoutFCN,32,0.001,0.001,0.01,0.01,0.005
1307,bostonHousing,dropoutFCN,32,0.01,0.0001,0.1,0.01,0.05
1308,kin8nm,dropoutFCN,32,0.1,0.0005,0.01,0.01,0.01
1309,energy,fixnoiseFCN,32,0.01,0.0005,0.1,0.01,0.01
1310,bostonHousing,noisyFCN,32,1e-05,0.0001,0.01,0.05,0.01
1311,bostonHousing,dropoutFCN,32,0.01,0.0001,0.1,0.01,0.01
1312,wine-quality-red,fixnoiseFCN,32,0.001,0.0001,0.005,0.01,0.01
1313,power-plant,noisyFCN,32,0.1,0.001,0.01,0.005,0.01
1314,bostonHousing,dropoutFCN,32,0.01,0.0001,0.1,0.01,0.005
1315,power-plant,dropoutFCN,32,0.001,0.001,0.01,0.01,0.001
1316,bostonHousing,dropoutFCN,32,0.01,0.0001,0.1,0.01,0.001
1317,bostonHousing,dropoutFCN,32,0.01,0.0005,0.1,0.01,0.2
1318,bostonHousing,dropoutFCN,32,0.01,0.0005,0.1,0.01,0.1
1319,kin8nm,dropoutFCN,32,0.1,0.0005,0.01,0.01,0.005
1320,bostonHousing,dropoutFCN,32,0.01,0.0005,0.1,0.01,0.05
1321,power-plant,dropoutFCN,32,0.001,0.002,0.01,0.01,0.2
1322,bostonHousing,dropoutFCN,32,0.01,0.0005,0.1,0.01,0.01
1323,bostonHousing,dropoutFCN,32,0.01,0.0005,0.1,0.01,0.005
1324,wine-quality-red,fixnoiseFCN,32,0.001,0.0001,0.01,0.01,0.01
1325,bostonHousing,dropoutFCN,32,0.01,0.0005,0.1,0.01,0.001
1326,bostonHousing,dropoutFCN,32,0.01,0.001,0.1,0.01,0.2
1327,bostonHousing,dropoutFCN,32,0.01,0.001,0.1,0.01,0.1
1328,bostonHousing,dropoutFCN,32,0.01,0.001,0.1,0.01,0.05
1329,power-plant,dropoutFCN,32,0.001,0.002,0.01,0.01,0.1
1330,bostonHousing,dropoutFCN,32,0.01,0.001,0.1,0.01,0.01
1331,bostonHousing,dropoutFCN,32,0.01,0.001,0.1,0.01,0.005
1332,bostonHousing,dropoutFCN,32,0.01,0.001,0.1,0.01,0.001
1333,bostonHousing,dropoutFCN,32,0.01,0.002,0.1,0.01,0.2
1334,kin8nm,dropoutFCN,32,0.1,0.0005,0.01,0.01,0.001
1335,bostonHousing,dropoutFCN,32,0.01,0.002,0.1,0.01,0.1
1336,power-plant,dropoutFCN,32,0.001,0.002,0.01,0.01,0.05
1337,bostonHousing,dropoutFCN,32,0.01,0.002,0.1,0.01,0.05
1338,energy,fixnoiseFCN,32,0.01,0.001,0.001,0.01,0.01
1339,bostonHousing,dropoutFCN,32,0.01,0.002,0.1,0.01,0.01
1340,bostonHousing,dropoutFCN,32,0.01,0.002,0.1,0.01,0.005
1341,wine-quality-red,fixnoiseFCN,32,0.001,0.0001,0.05,0.01,0.01
1342,bostonHousing,dropoutFCN,32,0.01,0.002,0.1,0.01,0.001
1343,power-plant,noisyFCN,32,0.1,0.001,0.01,0.01,0.01
1344,kin8nm,dropoutFCN,32,0.1,0.001,0.01,0.01,0.2
1345,bostonHousing,dropoutFCN,32,0.001,0.0001,0.1,0.01,0.2
1346,bostonHousing,noisyFCN,32,1e-05,0.0001,0.01,0.1,0.01
1347,power-plant,dropoutFCN,32,0.001,0.002,0.01,0.01,0.01
1348,bostonHousing,dropoutFCN,32,0.001,0.0001,0.1,0.01,0.1
1349,kin8nm,dropoutFCN,32,0.1,0.001,0.01,0.01,0.1
1350,bostonHousing,dropoutFCN,32,0.001,0.0001,0.1,0.01,0.05
1351,wine-quality-red,fixnoiseFCN,32,0.001,0.0001,0.1,0.01,0.01
1352,bostonHousing,noisyFCN,32,1e-05,0.0005,0.01,0.001,0.01
1353,bostonHousing,dropoutFCN,32,0.001,0.0001,0.1,0.01,0.01
1354,energy,fixnoiseFCN,32,0.01,0.001,0.005,0.01,0.01
1355,kin8nm,dropoutFCN,32,0.1,0.001,0.01,0.01,0.05
1356,bostonHousing,dropoutFCN,32,0.001,0.0001,0.1,0.01,0.005
1357,bostonHousing,noisyFCN,32,1e-05,0.0005,0.01,0.005,0.01
1358,wine-quality-red,fixnoiseFCN,32,0.001,0.0005,0.001,0.01,0.01
1359,bostonHousing,dropoutFCN,32,0.001,0.0001,0.1,0.01,0.001
1360,power-plant,dropoutFCN,32,0.001,0.002,0.01,0.01,0.005
1361,bostonHousing,dropoutFCN,32,0.001,0.0005,0.1,0.01,0.2
1362,wine-quality-red,fixnoiseFCN,32,0.001,0.0005,0.005,0.01,0.01
1363,bostonHousing,dropoutFCN,32,0.001,0.0005,0.1,0.01,0.1
1364,power-plant,noisyFCN,32,0.1,0.001,0.01,0.05,0.01
1365,kin8nm,dropoutFCN,32,0.1,0.001,0.01,0.01,0.01
1366,bostonHousing,dropoutFCN,32,0.001,0.0005,0.1,0.01,0.05
1367,bostonHousing,noisyFCN,32,1e-05,0.0005,0.01,0.01,0.01
1368,bostonHousing,dropoutFCN,32,0.001,0.0005,0.1,0.01,0.01
1369,wine-quality-red,fixnoiseFCN,32,0.001,0.0005,0.01,0.01,0.01
1370,bostonHousing,dropoutFCN,32,0.001,0.0005,0.1,0.01,0.005
1371,power-plant,dropoutFCN,32,0.001,0.002,0.01,0.01,0.001
1372,bostonHousing,dropoutFCN,32,0.001,0.0005,0.1,0.01,0.001
1373,energy,fixnoiseFCN,32,0.01,0.001,0.01,0.01,0.01
1374,bostonHousing,dropoutFCN,32,0.001,0.001,0.1,0.01,0.2
1375,wine-quality-red,fixnoiseFCN,32,0.001,0.0005,0.05,0.01,0.01
1376,bostonHousing,dropoutFCN,32,0.001,0.001,0.1,0.01,0.1
1377,kin8nm,dropoutFCN,32,0.1,0.001,0.01,0.01,0.005
1378,bostonHousing,noisyFCN,32,1e-05,0.0005,0.01,0.05,0.01
1379,bostonHousing,dropoutFCN,32,0.001,0.001,0.1,0.01,0.05
1380,bostonHousing,dropoutFCN,32,0.001,0.001,0.1,0.01,0.01
1381,bostonHousing,dropoutFCN,32,0.001,0.001,0.1,0.01,0.005
1382,bostonHousing,dropoutFCN,32,0.001,0.001,0.1,0.01,0.001
1383,bostonHousing,dropoutFCN,32,0.001,0.002,0.1,0.01,0.2
1384,wine-quality-red,fixnoiseFCN,32,0.001,0.0005,0.1,0.01,0.01
1385,bostonHousing,dropoutFCN,32,0.001,0.002,0.1,0.01,0.1
1386,bostonHousing,noisyFCN,32,1e-05,0.0005,0.01,0.1,0.01
1387,bostonHousing,dropoutFCN,32,0.001,0.002,0.1,0.01,0.05
1388,bostonHousing,dropoutFCN,32,0.001,0.002,0.1,0.01,0.01
1389,bostonHousing,dropoutFCN,32,0.001,0.002,0.1,0.01,0.005
1390,bostonHousing,dropoutFCN,32,0.001,0.002,0.1,0.01,0.001
1391,bostonHousing,noisyFCN,32,1e-05,0.001,0.01,0.001,0.01
1392,wine-quality-red,fixnoiseFCN,32,0.001,0.001,0.001,0.01,0.01
1393,bostonHousing,dropoutFCN,32,0.0001,0.0001,0.1,0.01,0.2
1394,bostonHousing,dropoutFCN,32,0.0001,0.0001,0.1,0.01,0.1
1395,bostonHousing,noisyFCN,32,1e-05,0.001,0.01,0.005,0.01
1396,power-plant,noisyFCN,32,0.1,0.001,0.01,0.1,0.01
1397,wine-quality-red,fixnoiseFCN,32,0.001,0.001,0.005,0.01,0.01
1398,energy,fixnoiseFCN,32,0.01,0.001,0.05,0.01,0.01
1399,bostonHousing,dropoutFCN,32,0.0001,0.0001,0.1,0.01,0.05
1400,bostonHousing,noisyFCN,32,1e-05,0.001,0.01,0.01,0.01
1401,power-plant,dropoutFCN,32,0.0001,0.0001,0.01,0.01,0.2
1402,bostonHousing,dropoutFCN,32,0.0001,0.0001,0.1,0.01,0.01
1403,wine-quality-red,fixnoiseFCN,32,0.001,0.001,0.01,0.01,0.01
1404,bostonHousing,dropoutFCN,32,0.0001,0.0001,0.1,0.01,0.005
1405,bostonHousing,noisyFCN,32,1e-05,0.001,0.01,0.05,0.01
1406,wine-quality-red,fixnoiseFCN,32,0.001,0.001,0.05,0.01,0.01
1407,bostonHousing,dropoutFCN,32,0.0001,0.0001,0.1,0.01,0.001
1408,bostonHousing,dropoutFCN,32,0.0001,0.0005,0.1,0.01,0.2
1409,bostonHousing,noisyFCN,32,1e-05,0.001,0.01,0.1,0.01
1410,kin8nm,dropoutFCN,32,0.1,0.001,0.01,0.01,0.001
1411,energy,fixnoiseFCN,32,0.01,0.001,0.1,0.01,0.01
1412,wine-quality-red,fixnoiseFCN,32,0.001,0.001,0.1,0.01,0.01
1413,bostonHousing,dropoutFCN,32,0.0001,0.0005,0.1,0.01,0.1
1414,bostonHousing,noisyFCN,32,1e-05,0.002,0.01,0.001,0.01
1415,bostonHousing,dropoutFCN,32,0.0001,0.0005,0.1,0.01,0.05
1416,bostonHousing,dropoutFCN,32,0.0001,0.0005,0.1,0.01,0.01
1417,bostonHousing,dropoutFCN,32,0.0001,0.0005,0.1,0.01,0.005
1418,wine-quality-red,fixnoiseFCN,32,0.001,0.002,0.001,0.01,0.01
1419,kin8nm,dropoutFCN,32,0.1,0.002,0.01,0.01,0.2
1420,bostonHousing,dropoutFCN,32,0.0001,0.0005,0.1,0.01,0.001
1421,bostonHousing,noisyFCN,32,1e-05,0.002,0.01,0.005,0.01
1422,bostonHousing,dropoutFCN,32,0.0001,0.001,0.1,0.01,0.2
1423,bostonHousing,dropoutFCN,32,0.0001,0.001,0.1,0.01,0.1
1424,bostonHousing,dropoutFCN,32,0.0001,0.001,0.1,0.01,0.05
1425,wine-quality-red,fixnoiseFCN,32,0.001,0.002,0.005,0.01,0.01
1426,bostonHousing,dropoutFCN,32,0.0001,0.001,0.1,0.01,0.01
1427,bostonHousing,noisyFCN,32,1e-05,0.002,0.01,0.01,0.01
1428,power-plant,dropoutFCN,32,0.0001,0.0001,0.01,0.01,0.1
1429,bostonHousing,dropoutFCN,32,0.0001,0.001,0.1,0.01,0.005
1430,bostonHousing,dropoutFCN,32,0.0001,0.001,0.1,0.01,0.001
1431,kin8nm,dropoutFCN,32,0.1,0.002,0.01,0.01,0.1
1432,bostonHousing,noisyFCN,32,1e-05,0.002,0.01,0.05,0.01
1433,bostonHousing,dropoutFCN,32,0.0001,0.002,0.1,0.01,0.2
1434,bostonHousing,dropoutFCN,32,0.0001,0.002,0.1,0.01,0.1
1435,bostonHousing,dropoutFCN,32,0.0001,0.002,0.1,0.01,0.05
1436,energy,fixnoiseFCN,32,0.01,0.002,0.001,0.01,0.01
1437,wine-quality-red,fixnoiseFCN,32,0.001,0.002,0.01,0.01,0.01
1438,bostonHousing,dropoutFCN,32,0.0001,0.002,0.1,0.01,0.01
1439,bostonHousing,dropoutFCN,32,0.0001,0.002,0.1,0.01,0.005
1440,bostonHousing,dropoutFCN,32,0.0001,0.002,0.1,0.01,0.001
1441,bostonHousing,noisyFCN,32,1e-05,0.002,0.01,0.1,0.01
1442,kin8nm,dropoutFCN,32,0.1,0.002,0.01,0.01,0.05
1443,wine-quality-red,fixnoiseFCN,32,0.001,0.002,0.05,0.01,0.01
1444,bostonHousing,dropoutFCN,32,1e-05,0.0001,0.1,0.01,0.2
1445,bostonHousing,dropoutFCN,32,1e-05,0.0001,0.1,0.01,0.1
1446,bostonHousing,dropoutFCN,32,1e-05,0.0001,0.1,0.01,0.05
1447,wine-quality-red,fixnoiseFCN,32,0.001,0.002,0.1,0.01,0.01
1448,bostonHousing,dropoutFCN,32,1e-05,0.0001,0.1,0.01,0.01
1449,kin8nm,dropoutFCN,32,0.1,0.002,0.01,0.01,0.01
1450,bostonHousing,dropoutFCN,32,1e-05,0.0001,0.1,0.01,0.005
1451,power-plant,dropoutFCN,32,0.0001,0.0001,0.01,0.01,0.05
1452,bostonHousing,dropoutFCN,32,1e-05,0.0001,0.1,0.01,0.001
1453,energy,fixnoiseFCN,32,0.01,0.002,0.005,0.01,0.01
1454,kin8nm,dropoutFCN,32,0.1,0.002,0.01,0.01,0.005
1455,bostonHousing,dropoutFCN,32,1e-05,0.0005,0.1,0.01,0.2
1456,bostonHousing,dropoutFCN,32,1e-05,0.0005,0.1,0.01,0.1
1457,bostonHousing,dropoutFCN,32,1e-05,0.0005,0.1,0.01,0.05
1458,bostonHousing,dropoutFCN,32,1e-05,0.0005,0.1,0.01,0.01
1459,bostonHousing,noisyFCN,32,1e-09,0.0001,0.01,0.001,0.01
1460,wine-quality-red,fixnoiseFCN,32,0.0001,0.0001,0.001,0.01,0.01
1461,bostonHousing,dropoutFCN,32,1e-05,0.0005,0.1,0.01,0.005
1462,bostonHousing,dropoutFCN,32,1e-05,0.0005,0.1,0.01,0.001
1463,bostonHousing,dropoutFCN,32,1e-05,0.001,0.1,0.01,0.2
1464,bostonHousing,dropoutFCN,32,1e-05,0.001,0.1,0.01,0.1
1465,bostonHousing,dropoutFCN,32,1e-05,0.001,0.1,0.01,0.05
1466,bostonHousing,dropoutFCN,32,1e-05,0.001,0.1,0.01,0.01
1467,bostonHousing,dropoutFCN,32,1e-05,0.001,0.1,0.01,0.005
1468,bostonHousing,dropoutFCN,32,1e-05,0.001,0.1,0.01,0.001
1469,bostonHousing,dropoutFCN,32,1e-05,0.002,0.1,0.01,0.2
1470,bostonHousing,dropoutFCN,32,1e-05,0.002,0.1,0.01,0.1
1471,bostonHousing,dropoutFCN,32,1e-05,0.002,0.1,0.01,0.05
1472,bostonHousing,dropoutFCN,32,1e-05,0.002,0.1,0.01,0.01
1473,kin8nm,dropoutFCN,32,0.1,0.002,0.01,0.01,0.001
1474,wine-quality-red,fixnoiseFCN,32,0.0001,0.0001,0.005,0.01,0.01
1475,bostonHousing,dropoutFCN,32,1e-05,0.002,0.1,0.01,0.005
1476,bostonHousing,dropoutFCN,32,1e-05,0.002,0.1,0.01,0.001
1477,energy,fixnoiseFCN,32,0.01,0.002,0.01,0.01,0.01
1478,bostonHousing,dropoutFCN,32,1e-09,0.0001,0.1,0.01,0.2
1479,bostonHousing,dropoutFCN,32,1e-09,0.0001,0.1,0.01,0.1
1480,bostonHousing,dropoutFCN,32,1e-09,0.0001,0.1,0.01,0.05
1481,bostonHousing,noisyFCN,32,1e-09,0.0001,0.01,0.005,0.01
1482,bostonHousing,dropoutFCN,32,1e-09,0.0001,0.1,0.01,0.01
1483,wine-quality-red,fixnoiseFCN,32,0.0001,0.0001,0.01,0.01,0.01
1484,power-plant,dropoutFCN,32,0.0001,0.0001,0.01,0.01,0.01
1485,energy,fixnoiseFCN,32,0.01,0.002,0.05,0.01,0.01
1486,bostonHousing,dropoutFCN,32,1e-09,0.0001,0.1,0.01,0.005
1487,bostonHousing,dropoutFCN,32,1e-09,0.0001,0.1,0.01,0.001
1488,power-plant,noisyFCN,32,0.1,0.002,0.01,0.001,0.01
1489,bostonHousing,dropoutFCN,32,1e-09,0.0005,0.1,0.01,0.2
1490,bostonHousing,dropoutFCN,32,1e-09,0.0005,0.1,0.01,0.1
1491,wine-quality-red,fixnoiseFCN,32,0.0001,0.0001,0.05,0.01,0.01
1492,bostonHousing,dropoutFCN,32,1e-09,0.0005,0.1,0.01,0.05
1493,energy,fixnoiseFCN,32,0.01,0.002,0.1,0.01,0.01
1494,bostonHousing,dropoutFCN,32,1e-09,0.0005,0.1,0.01,0.01
1495,bostonHousing,dropoutFCN,32,1e-09,0.0005,0.1,0.01,0.005
1496,bostonHousing,dropoutFCN,32,1e-09,0.0005,0.1,0.01,0.001
1497,bostonHousing,dropoutFCN,32,1e-09,0.001,0.1,0.01,0.2
1498,kin8nm,dropoutFCN,32,0.01,0.0001,0.01,0.01,0.2
1499,bostonHousing,dropoutFCN,32,1e-09,0.001,0.1,0.01,0.1
1500,bostonHousing,dropoutFCN,32,1e-09,0.001,0.1,0.01,0.05
1501,bostonHousing,dropoutFCN,32,1e-09,0.001,0.1,0.01,0.01
1502,bostonHousing,dropoutFCN,32,1e-09,0.001,0.1,0.01,0.005
1503,bostonHousing,dropoutFCN,32,1e-09,0.001,0.1,0.01,0.001
1504,bostonHousing,noisyFCN,32,1e-09,0.0001,0.01,0.01,0.01
1505,bostonHousing,dropoutFCN,32,1e-09,0.002,0.1,0.01,0.2
1506,wine-quality-red,fixnoiseFCN,32,0.0001,0.0001,0.1,0.01,0.01
1507,bostonHousing,dropoutFCN,32,1e-09,0.002,0.1,0.01,0.1
1508,bostonHousing,dropoutFCN,32,1e-09,0.002,0.1,0.01,0.05
1509,bostonHousing,dropoutFCN,32,1e-09,0.002,0.1,0.01,0.01
1510,bostonHousing,dropoutFCN,32,1e-09,0.002,0.1,0.01,0.005
1511,bostonHousing,dropoutFCN,32,1e-09,0.002,0.1,0.01,0.001
1512,wine-quality-red,fixnoiseFCN,32,0.0001,0.0005,0.001,0.01,0.01
1513,power-plant,noisyFCN,32,0.1,0.002,0.01,0.005,0.01
1514,wine-quality-red,fixnoiseFCN,32,0.0001,0.0005,0.005,0.01,0.01
1515,power-plant,dropoutFCN,32,0.0001,0.0001,0.01,0.01,0.005
1516,wine-quality-red,fixnoiseFCN,32,0.0001,0.0005,0.01,0.01,0.01
1517,kin8nm,dropoutFCN,32,0.01,0.0001,0.01,0.01,0.1
1518,wine-quality-red,fixnoiseFCN,32,0.0001,0.0005,0.05,0.01,0.01
1519,bostonHousing,noisyFCN,32,1e-09,0.0001,0.01,0.05,0.01
1520,wine-quality-red,fixnoiseFCN,32,0.0001,0.0005,0.1,0.01,0.01
1521,wine-quality-red,fixnoiseFCN,32,0.0001,0.001,0.001,0.01,0.01
1522,power-plant,fixnoiseFCN,32,0.01,0.0005,0.001,0.01,0.01
1523,wine-quality-red,fixnoiseFCN,32,0.0001,0.001,0.005,0.01,0.01
1524,kin8nm,dropoutFCN,32,0.01,0.0001,0.01,0.01,0.05
1525,wine-quality-red,fixnoiseFCN,32,0.0001,0.001,0.01,0.01,0.01
1526,wine-quality-red,fixnoiseFCN,32,0.0001,0.001,0.05,0.01,0.01
1527,bostonHousing,noisyFCN,32,1e-09,0.0001,0.01,0.1,0.01
1528,power-plant,dropoutFCN,32,0.0001,0.0001,0.01,0.01,0.001
1529,wine-quality-red,fixnoiseFCN,32,0.0001,0.001,0.1,0.01,0.01
1530,bostonHousing,noisyFCN,32,1e-09,0.0005,0.01,0.001,0.01
1531,wine-quality-red,fixnoiseFCN,32,0.0001,0.002,0.001,0.01,0.01
1532,energy,fixnoiseFCN,32,0.001,0.0001,0.001,0.01,0.01
1533,wine-quality-red,fixnoiseFCN,32,0.0001,0.002,0.005,0.01,0.01
1534,bostonHousing,noisyFCN,32,1e-09,0.0005,0.01,0.005,0.01
1535,wine-quality-red,fixnoiseFCN,32,0.0001,0.002,0.01,0.01,0.01
1536,power-plant,dropoutFCN,32,0.0001,0.0005,0.01,0.01,0.2
1537,kin8nm,dropoutFCN,32,0.01,0.0001,0.01,0.01,0.01
1538,wine-quality-red,fixnoiseFCN,32,0.0001,0.002,0.05,0.01,0.01
1539,bostonHousing,noisyFCN,32,1e-09,0.0005,0.01,0.01,0.01
1540,wine-quality-red,fixnoiseFCN,32,0.0001,0.002,0.1,0.01,0.01
1541,bostonHousing,noisyFCN,32,1e-09,0.0005,0.01,0.05,0.01
1542,wine-quality-red,fixnoiseFCN,32,1e-05,0.0001,0.001,0.01,0.01
1543,power-plant,dropoutFCN,32,0.0001,0.0005,0.01,0.01,0.1
1544,bostonHousing,noisyFCN,32,1e-09,0.0005,0.01,0.1,0.01
1545,bostonHousing,noisyFCN,32,1e-09,0.001,0.01,0.001,0.01
1547,wine-quality-red,fixnoiseFCN,32,1e-05,0.0001,0.005,0.01,0.01
1548,power-plant,noisyFCN,32,0.1,0.002,0.01,0.01,0.01
1549,power-plant,dropoutFCN,32,0.0001,0.0005,0.01,0.01,0.05
1550,energy,fixnoiseFCN,32,0.001,0.0001,0.005,0.01,0.01
1551,bostonHousing,noisyFCN,32,1e-09,0.001,0.01,0.005,0.01
1552,concrete,fixnoiseFCN,32,0.1,0.0001,0.001,0.01,0.01
1553,bostonHousing,noisyFCN,32,1e-09,0.001,0.01,0.01,0.01
1554,wine-quality-red,fixnoiseFCN,32,1e-05,0.0001,0.01,0.01,0.01
1555,bostonHousing,noisyFCN,32,1e-09,0.001,0.01,0.05,0.01
1556,bostonHousing,noisyFCN,32,1e-09,0.001,0.01,0.1,0.01
1557,bostonHousing,noisyFCN,32,1e-09,0.002,0.01,0.001,0.01
1558,wine-quality-red,fixnoiseFCN,32,1e-05,0.0001,0.05,0.01,0.01
1559,bostonHousing,noisyFCN,32,1e-09,0.002,0.01,0.005,0.01
1560,kin8nm,dropoutFCN,32,0.01,0.0001,0.01,0.01,0.005
1561,bostonHousing,noisyFCN,32,1e-09,0.002,0.01,0.01,0.01
1562,wine-quality-red,fixnoiseFCN,32,1e-05,0.0001,0.1,0.01,0.01
1563,power-plant,dropoutFCN,32,0.0001,0.0005,0.01,0.01,0.01
1565,bostonHousing,noisyFCN,32,1e-09,0.002,0.01,0.05,0.01
1566,wine-quality-red,fixnoiseFCN,32,1e-05,0.0005,0.001,0.01,0.01
1567,bostonHousing,noisyFCN,32,1e-09,0.002,0.01,0.1,0.01
1568,wine-quality-red,fixnoiseFCN,32,1e-05,0.0005,0.005,0.01,0.01
1569,wine-quality-red,fixnoiseFCN,32,1e-05,0.0005,0.01,0.01,0.01
1570,energy,fixnoiseFCN,32,0.001,0.0001,0.01,0.01,0.01
1571,wine-quality-red,fixnoiseFCN,32,1e-05,0.0005,0.05,0.01,0.01
1572,power-plant,noisyFCN,32,0.1,0.002,0.01,0.05,0.01
1573,wine-quality-red,fixnoiseFCN,32,1e-05,0.0005,0.1,0.01,0.01
1574,power-plant,dropoutFCN,32,0.0001,0.0005,0.01,0.01,0.005
1575,wine-quality-red,fixnoiseFCN,32,1e-05,0.001,0.001,0.01,0.01
1576,wine-quality-red,fixnoiseFCN,32,1e-05,0.001,0.005,0.01,0.01
1577,wine-quality-red,fixnoiseFCN,32,1e-05,0.001,0.01,0.01,0.01
1578,concrete,FCN,32,0.1,0.0001,0.01,0.01,0.01
1579,wine-quality-red,fixnoiseFCN,32,1e-05,0.001,0.05,0.01,0.01
1580,wine-quality-red,fixnoiseFCN,32,1e-05,0.001,0.1,0.01,0.01
1581,energy,fixnoiseFCN,32,0.001,0.0001,0.05,0.01,0.01
1582,wine-quality-red,fixnoiseFCN,32,1e-05,0.002,0.001,0.01,0.01
1583,kin8nm,dropoutFCN,32,0.01,0.0001,0.01,0.01,0.001
1584,concrete,FCN,32,0.1,0.0005,0.01,0.01,0.01
1585,power-plant,dropoutFCN,32,0.0001,0.0005,0.01,0.01,0.001
1586,wine-quality-red,fixnoiseFCN,32,1e-05,0.002,0.005,0.01,0.01
1587,concrete,FCN,32,0.1,0.001,0.01,0.01,0.01
1588,wine-quality-red,fixnoiseFCN,32,1e-05,0.002,0.01,0.01,0.01
1589,kin8nm,dropoutFCN,32,0.01,0.0005,0.01,0.01,0.2
1590,wine-quality-red,fixnoiseFCN,32,1e-05,0.002,0.05,0.01,0.01
1591,concrete,FCN,32,0.1,0.002,0.01,0.01,0.01
1592,wine-quality-red,fixnoiseFCN,32,1e-05,0.002,0.1,0.01,0.01
1593,power-plant,dropoutFCN,32,0.0001,0.001,0.01,0.01,0.2
1594,power-plant,noisyFCN,32,0.1,0.002,0.01,0.1,0.01
1595,kin8nm,dropoutFCN,32,0.01,0.0005,0.01,0.01,0.1
1596,energy,fixnoiseFCN,32,0.001,0.0001,0.1,0.01,0.01
1597,wine-quality-red,fixnoiseFCN,32,1e-09,0.0001,0.001,0.01,0.01
1598,concrete,fixnoiseFCN,32,0.1,0.0001,0.005,0.01,0.01
1599,wine-quality-red,fixnoiseFCN,32,1e-09,0.0001,0.005,0.01,0.01
1600,power-plant,dropoutFCN,32,0.0001,0.001,0.01,0.01,0.1
1601,kin8nm,dropoutFCN,32,0.01,0.0005,0.01,0.01,0.05
1602,wine-quality-red,fixnoiseFCN,32,1e-09,0.0001,0.01,0.01,0.01
1603,concrete,FCN,32,0.01,0.0001,0.01,0.01,0.01
1604,energy,fixnoiseFCN,32,0.001,0.0005,0.001,0.01,0.01
1605,power-plant,dropoutFCN,32,0.0001,0.001,0.01,0.01,0.05
1606,power-plant,fixnoiseFCN,32,0.01,0.0005,0.005,0.01,0.01
1607,wine-quality-red,fixnoiseFCN,32,1e-09,0.0001,0.05,0.01,0.01
1608,kin8nm,dropoutFCN,32,0.01,0.0005,0.01,0.01,0.01
1609,wine-quality-red,fixnoiseFCN,32,1e-09,0.0001,0.1,0.01,0.01
1610,concrete,FCN,32,0.01,0.0005,0.01,0.01,0.01
1611,kin8nm,dropoutFCN,32,0.01,0.0005,0.01,0.01,0.005
1612,energy,fixnoiseFCN,32,0.001,0.0005,0.005,0.01,0.01
1613,wine-quality-red,fixnoiseFCN,32,1e-09,0.0005,0.001,0.01,0.01
1614,concrete,FCN,32,0.01,0.001,0.01,0.01,0.01
1615,wine-quality-red,fixnoiseFCN,32,1e-09,0.0005,0.005,0.01,0.01
1616,power-plant,dropoutFCN,32,0.0001,0.001,0.01,0.01,0.01
1617,concrete,FCN,32,0.01,0.002,0.01,0.01,0.01
1618,wine-quality-red,fixnoiseFCN,32,1e-09,0.0005,0.01,0.01,0.01
1619,energy,fixnoiseFCN,32,0.001,0.0005,0.01,0.01,0.01
1620,wine-quality-red,fixnoiseFCN,32,1e-09,0.0005,0.05,0.01,0.01
1621,kin8nm,dropoutFCN,32,0.01,0.0005,0.01,0.01,0.001
1622,wine-quality-red,fixnoiseFCN,32,1e-09,0.0005,0.1,0.01,0.01
1623,wine-quality-red,fixnoiseFCN,32,1e-09,0.001,0.001,0.01,0.01
1624,energy,fixnoiseFCN,32,0.001,0.0005,0.05,0.01,0.01
1625,concrete,FCN,32,0.001,0.0001,0.01,0.01,0.01
1626,wine-quality-red,fixnoiseFCN,32,1e-09,0.001,0.005,0.01,0.01
1627,kin8nm,dropoutFCN,32,0.01,0.001,0.01,0.01,0.2
1628,power-plant,dropoutFCN,32,0.0001,0.001,0.01,0.01,0.005
1629,concrete,FCN,32,0.001,0.0005,0.01,0.01,0.01
1630,wine-quality-red,fixnoiseFCN,32,1e-09,0.001,0.01,0.01,0.01
1632,energy,fixnoiseFCN,32,0.001,0.0005,0.1,0.01,0.01
1633,concrete,FCN,32,0.001,0.001,0.01,0.01,0.01
1634,kin8nm,dropoutFCN,32,0.01,0.001,0.01,0.01,0.1
1635,wine-quality-red,fixnoiseFCN,32,1e-09,0.001,0.05,0.01,0.01
1636,concrete,FCN,32,0.001,0.002,0.01,0.01,0.01
1637,wine-quality-red,fixnoiseFCN,32,1e-09,0.001,0.1,0.01,0.01
1638,energy,fixnoiseFCN,32,0.001,0.001,0.001,0.01,0.01
1639,wine-quality-red,fixnoiseFCN,32,1e-09,0.002,0.001,0.01,0.01
1640,kin8nm,dropoutFCN,32,0.01,0.001,0.01,0.01,0.05
1641,energy,fixnoiseFCN,32,0.001,0.001,0.005,0.01,0.01
1642,wine-quality-red,fixnoiseFCN,32,1e-09,0.002,0.005,0.01,0.01
1643,concrete,FCN,32,0.0001,0.0001,0.01,0.01,0.01
1644,wine-quality-red,fixnoiseFCN,32,1e-09,0.002,0.01,0.01,0.01
1645,kin8nm,dropoutFCN,32,0.01,0.001,0.01,0.01,0.01
1646,concrete,FCN,32,0.0001,0.0005,0.01,0.01,0.01
1647,concrete,FCN,32,0.0001,0.001,0.01,0.01,0.01
1648,power-plant,dropoutFCN,32,0.0001,0.001,0.01,0.01,0.001
1649,wine-quality-red,fixnoiseFCN,32,1e-09,0.002,0.05,0.01,0.01
1650,energy,fixnoiseFCN,32,0.001,0.001,0.01,0.01,0.01
1651,concrete,FCN,32,0.0001,0.002,0.01,0.01,0.01
1653,wine-quality-red,fixnoiseFCN,32,1e-09,0.002,0.1,0.01,0.01
1654,power-plant,dropoutFCN,32,0.0001,0.002,0.01,0.01,0.2
1655,energy,fixnoiseFCN,32,0.001,0.001,0.05,0.01,0.01
1656,concrete,FCN,32,1e-05,0.0001,0.01,0.01,0.01
1657,kin8nm,dropoutFCN,32,0.01,0.001,0.01,0.01,0.005
1658,concrete,fixnoiseFCN,32,0.1,0.0001,0.01,0.01,0.01
1659,power-plant,dropoutFCN,32,0.0001,0.002,0.01,0.01,0.1
1660,concrete,FCN,32,1e-05,0.0005,0.01,0.01,0.01
1661,energy,fixnoiseFCN,32,0.001,0.001,0.1,0.01,0.01
1662,concrete,FCN,32,1e-05,0.001,0.01,0.01,0.01
1663,concrete,FCN,32,1e-05,0.002,0.01,0.01,0.01
1664,energy,fixnoiseFCN,32,0.001,0.002,0.001,0.01,0.01
1665,power-plant,dropoutFCN,32,0.0001,0.002,0.01,0.01,0.05
1666,yacht,fixnoiseFCN,32,0.1,0.0001,0.001,0.01,0.01
1667,concrete,FCN,32,1e-09,0.0001,0.01,0.01,0.01
1668,energy,fixnoiseFCN,32,0.001,0.002,0.005,0.01,0.01
1669,kin8nm,dropoutFCN,32,0.01,0.001,0.01,0.01,0.001
1670,energy,fixnoiseFCN,32,0.001,0.002,0.01,0.01,0.01
1671,concrete,FCN,32,1e-09,0.0005,0.01,0.01,0.01
1672,concrete,FCN,32,1e-09,0.001,0.01,0.01,0.01
1673,concrete,FCN,32,1e-09,0.002,0.01,0.01,0.01
1674,energy,fixnoiseFCN,32,0.001,0.002,0.05,0.01,0.01
1675,kin8nm,dropoutFCN,32,0.01,0.002,0.01,0.01,0.2
1676,power-plant,dropoutFCN,32,0.0001,0.002,0.01,0.01,0.01
1677,energy,fixnoiseFCN,32,0.001,0.002,0.1,0.01,0.01
1678,kin8nm,dropoutFCN,32,0.01,0.002,0.01,0.01,0.1
1679,yacht,fixnoiseFCN,32,0.1,0.0001,0.005,0.01,0.01
1680,kin8nm,dropoutFCN,32,0.01,0.002,0.01,0.01,0.05
1681,power-plant,dropoutFCN,32,0.0001,0.002,0.01,0.01,0.005
1682,power-plant,fixnoiseFCN,32,0.01,0.0005,0.01,0.01,0.01
1683,kin8nm,dropoutFCN,32,0.01,0.002,0.01,0.01,0.01
1684,kin8nm,dropoutFCN,32,0.01,0.002,0.01,0.01,0.005
1685,power-plant,dropoutFCN,32,0.0001,0.002,0.01,0.01,0.001
1686,concrete,fixnoiseFCN,32,0.1,0.0001,0.05,0.01,0.01
1687,yacht,fixnoiseFCN,32,0.1,0.0001,0.01,0.01,0.01
1688,energy,fixnoiseFCN,32,0.0001,0.0001,0.001,0.01,0.01
1689,power-plant,dropoutFCN,32,1e-05,0.0001,0.01,0.01,0.2
1690,kin8nm,dropoutFCN,32,0.01,0.002,0.01,0.01,0.001
1691,yacht,fixnoiseFCN,32,0.1,0.0001,0.05,0.01,0.01
1693,energy,fixnoiseFCN,32,0.0001,0.0001,0.005,0.01,0.01
1694,kin8nm,dropoutFCN,32,0.001,0.0001,0.01,0.01,0.2
1695,power-plant,fixnoiseFCN,32,0.01,0.0005,0.05,0.01,0.01
1696,concrete,fixnoiseFCN,32,0.1,0.0001,0.1,0.01,0.01
1697,concrete,noisyFCN,32,0.1,0.0001,0.01,0.001,0.01
1698,power-plant,dropoutFCN,32,1e-05,0.0001,0.01,0.01,0.1
1699,yacht,fixnoiseFCN,32,0.1,0.0001,0.1,0.01,0.01
1700,yacht,fixnoiseFCN,32,0.1,0.0005,0.001,0.01,0.01
1701,energy,fixnoiseFCN,32,0.0001,0.0001,0.01,0.01,0.01
1702,yacht,fixnoiseFCN,32,0.1,0.0005,0.005,0.01,0.01
1703,yacht,fixnoiseFCN,32,0.1,0.0005,0.01,0.01,0.01
1704,kin8nm,dropoutFCN,32,0.001,0.0001,0.01,0.01,0.1
1705,yacht,fixnoiseFCN,32,0.1,0.0005,0.05,0.01,0.01
1706,concrete,fixnoiseFCN,32,0.1,0.0005,0.001,0.01,0.01
1707,energy,fixnoiseFCN,32,0.0001,0.0001,0.05,0.01,0.01
1708,power-plant,noisyFCN,32,0.01,0.0001,0.01,0.001,0.01
1709,yacht,fixnoiseFCN,32,0.1,0.0005,0.1,0.01,0.01
1710,power-plant,fixnoiseFCN,32,0.01,0.0005,0.1,0.01,0.01
1711,yacht,fixnoiseFCN,32,0.1,0.001,0.001,0.01,0.01
1712,yacht,fixnoiseFCN,32,0.1,0.001,0.005,0.01,0.01
1713,yacht,fixnoiseFCN,32,0.1,0.001,0.01,0.01,0.01
1714,power-plant,dropoutFCN,32,1e-05,0.0001,0.01,0.01,0.05
1715,yacht,fixnoiseFCN,32,0.1,0.001,0.05,0.01,0.01
1716,yacht,fixnoiseFCN,32,0.1,0.001,0.1,0.01,0.01
1717,kin8nm,dropoutFCN,32,0.001,0.0001,0.01,0.01,0.05
1718,energy,fixnoiseFCN,32,0.0001,0.0001,0.1,0.01,0.01
1719,yacht,fixnoiseFCN,32,0.1,0.002,0.001,0.01,0.01
1720,yacht,fixnoiseFCN,32,0.1,0.002,0.005,0.01,0.01
1721,yacht,fixnoiseFCN,32,0.1,0.002,0.01,0.01,0.01
1722,yacht,fixnoiseFCN,32,0.1,0.002,0.05,0.01,0.01
1723,yacht,fixnoiseFCN,32,0.1,0.002,0.1,0.01,0.01
1724,concrete,fixnoiseFCN,32,0.1,0.0005,0.005,0.01,0.01
1725,energy,fixnoiseFCN,32,0.0001,0.0005,0.001,0.01,0.01
1726,energy,fixnoiseFCN,32,0.0001,0.0005,0.005,0.01,0.01
1727,kin8nm,dropoutFCN,32,0.001,0.0001,0.01,0.01,0.01
1728,power-plant,dropoutFCN,32,1e-05,0.0001,0.01,0.01,0.01
1729,concrete,noisyFCN,32,0.1,0.0001,0.01,0.005,0.01
1730,energy,fixnoiseFCN,32,0.0001,0.0005,0.01,0.01,0.01
1731,concrete,fixnoiseFCN,32,0.1,0.0005,0.01,0.01,0.01
1732,energy,fixnoiseFCN,32,0.0001,0.0005,0.05,0.01,0.01
1733,kin8nm,dropoutFCN,32,0.001,0.0001,0.01,0.01,0.005
1734,energy,fixnoiseFCN,32,0.0001,0.0005,0.1,0.01,0.01
1735,concrete,fixnoiseFCN,32,0.1,0.0005,0.05,0.01,0.01
1736,yacht,fixnoiseFCN,32,0.01,0.0001,0.001,0.01,0.01
1737,energy,fixnoiseFCN,32,0.0001,0.001,0.001,0.01,0.01
1738,power-plant,dropoutFCN,32,1e-05,0.0001,0.01,0.01,0.005
1739,energy,fixnoiseFCN,32,0.0001,0.001,0.005,0.01,0.01
1740,concrete,fixnoiseFCN,32,0.1,0.0005,0.1,0.01,0.01
1741,energy,fixnoiseFCN,32,0.0001,0.001,0.01,0.01,0.01
1742,kin8nm,dropoutFCN,32,0.001,0.0001,0.01,0.01,0.001
1743,energy,fixnoiseFCN,32,0.0001,0.001,0.05,0.01,0.01
1744,kin8nm,dropoutFCN,32,0.001,0.0005,0.01,0.01,0.2
1745,energy,fixnoiseFCN,32,0.0001,0.001,0.1,0.01,0.01
1747,energy,fixnoiseFCN,32,0.0001,0.002,0.001,0.01,0.01
1748,concrete,fixnoiseFCN,32,0.1,0.001,0.001,0.01,0.01
1749,power-plant,dropoutFCN,32,1e-05,0.0001,0.01,0.01,0.001
1750,kin8nm,dropoutFCN,32,0.001,0.0005,0.01,0.01,0.1
1751,yacht,fixnoiseFCN,32,0.01,0.0001,0.005,0.01,0.01
1752,energy,fixnoiseFCN,32,0.0001,0.002,0.005,0.01,0.01
1753,kin8nm,dropoutFCN,32,0.001,0.0005,0.01,0.01,0.05
1754,energy,fixnoiseFCN,32,0.0001,0.002,0.01,0.01,0.01
1755,power-plant,dropoutFCN,32,1e-05,0.0005,0.01,0.01,0.2
1756,concrete,noisyFCN,32,0.1,0.0001,0.01,0.01,0.01
1757,kin8nm,dropoutFCN,32,0.001,0.0005,0.01,0.01,0.01
1758,energy,fixnoiseFCN,32,0.0001,0.002,0.05,0.01,0.01
1759,energy,fixnoiseFCN,32,0.0001,0.002,0.1,0.01,0.01
1760,kin8nm,dropoutFCN,32,0.001,0.0005,0.01,0.01,0.005
1761,power-plant,dropoutFCN,32,1e-05,0.0005,0.01,0.01,0.1
1762,concrete,fixnoiseFCN,32,0.1,0.001,0.005,0.01,0.01
1763,power-plant,noisyFCN,32,0.01,0.0001,0.01,0.005,0.01
1764,kin8nm,dropoutFCN,32,0.001,0.0005,0.01,0.01,0.001
1765,power-plant,dropoutFCN,32,1e-05,0.0005,0.01,0.01,0.05
1766,kin8nm,dropoutFCN,32,0.001,0.001,0.01,0.01,0.2
1767,yacht,fixnoiseFCN,32,0.01,0.0001,0.01,0.01,0.01
1768,kin8nm,dropoutFCN,32,0.001,0.001,0.01,0.01,0.1
1769,kin8nm,dropoutFCN,32,0.001,0.001,0.01,0.01,0.05
1770,power-plant,fixnoiseFCN,32,0.01,0.001,0.001,0.01,0.01
1771,power-plant,dropoutFCN,32,1e-05,0.0005,0.01,0.01,0.01
1772,energy,fixnoiseFCN,32,1e-05,0.0001,0.001,0.01,0.01
1773,yacht,fixnoiseFCN,32,0.01,0.0001,0.05,0.01,0.01
1774,kin8nm,dropoutFCN,32,0.001,0.001,0.01,0.01,0.01
1775,concrete,fixnoiseFCN,32,0.1,0.001,0.01,0.01,0.01
1776,power-plant,dropoutFCN,32,1e-05,0.0005,0.01,0.01,0.005
1777,kin8nm,dropoutFCN,32,0.001,0.001,0.01,0.01,0.005
1778,yacht,fixnoiseFCN,32,0.01,0.0001,0.1,0.01,0.01
1779,kin8nm,dropoutFCN,32,0.001,0.001,0.01,0.01,0.001
1780,power-plant,dropoutFCN,32,1e-05,0.0005,0.01,0.01,0.001
1781,energy,fixnoiseFCN,32,1e-05,0.0001,0.005,0.01,0.01
1782,concrete,fixnoiseFCN,32,0.1,0.001,0.05,0.01,0.01
1783,yacht,fixnoiseFCN,32,0.01,0.0005,0.001,0.01,0.01
1784,power-plant,dropoutFCN,32,1e-05,0.001,0.01,0.01,0.2
1785,kin8nm,dropoutFCN,32,0.001,0.002,0.01,0.01,0.2
1786,kin8nm,dropoutFCN,32,0.001,0.002,0.01,0.01,0.1
1787,power-plant,dropoutFCN,32,1e-05,0.001,0.01,0.01,0.1
1788,kin8nm,dropoutFCN,32,0.001,0.002,0.01,0.01,0.05
1789,concrete,fixnoiseFCN,32,0.1,0.001,0.1,0.01,0.01
1790,kin8nm,dropoutFCN,32,0.001,0.002,0.01,0.01,0.01
1791,yacht,fixnoiseFCN,32,0.01,0.0005,0.005,0.01,0.01
1792,power-plant,dropoutFCN,32,1e-05,0.001,0.01,0.01,0.05
1793,kin8nm,dropoutFCN,32,0.001,0.002,0.01,0.01,0.005
1794,yacht,fixnoiseFCN,32,0.01,0.0005,0.01,0.01,0.01
1795,concrete,fixnoiseFCN,32,0.1,0.002,0.001,0.01,0.01
1796,kin8nm,dropoutFCN,32,0.001,0.002,0.01,0.01,0.001
1797,energy,fixnoiseFCN,32,1e-05,0.0001,0.01,0.01,0.01
1798,yacht,fixnoiseFCN,32,0.01,0.0005,0.05,0.01,0.01
1799,power-plant,dropoutFCN,32,1e-05,0.001,0.01,0.01,0.01
1800,yacht,fixnoiseFCN,32,0.01,0.0005,0.1,0.01,0.01
1801,yacht,fixnoiseFCN,32,0.01,0.001,0.001,0.01,0.01
1802,power-plant,dropoutFCN,32,1e-05,0.001,0.01,0.01,0.005
1803,yacht,fixnoiseFCN,32,0.01,0.001,0.005,0.01,0.01
1804,energy,fixnoiseFCN,32,1e-05,0.0001,0.05,0.01,0.01
1805,kin8nm,dropoutFCN,32,0.0001,0.0001,0.01,0.01,0.2
1806,concrete,fixnoiseFCN,32,0.1,0.002,0.005,0.01,0.01
1807,yacht,fixnoiseFCN,32,0.01,0.001,0.01,0.01,0.01
1808,power-plant,dropoutFCN,32,1e-05,0.001,0.01,0.01,0.001
1809,yacht,fixnoiseFCN,32,0.01,0.001,0.05,0.01,0.01
1810,concrete,noisyFCN,32,0.1,0.0001,0.01,0.05,0.01
1811,yacht,fixnoiseFCN,32,0.01,0.001,0.1,0.01,0.01
1812,power-plant,dropoutFCN,32,1e-05,0.002,0.01,0.01,0.2
1813,concrete,fixnoiseFCN,32,0.1,0.002,0.01,0.01,0.01
1814,kin8nm,dropoutFCN,32,0.0001,0.0001,0.01,0.01,0.1
1815,power-plant,dropoutFCN,32,1e-05,0.002,0.01,0.01,0.1
1816,yacht,fixnoiseFCN,32,0.01,0.002,0.001,0.01,0.01
1817,energy,fixnoiseFCN,32,1e-05,0.0001,0.1,0.01,0.01
1818,yacht,fixnoiseFCN,32,0.01,0.002,0.005,0.01,0.01
1819,yacht,fixnoiseFCN,32,0.01,0.002,0.01,0.01,0.01
1820,power-plant,dropoutFCN,32,1e-05,0.002,0.01,0.01,0.05
1821,yacht,fixnoiseFCN,32,0.01,0.002,0.05,0.01,0.01
1822,concrete,fixnoiseFCN,32,0.1,0.002,0.05,0.01,0.01
1823,yacht,fixnoiseFCN,32,0.01,0.002,0.1,0.01,0.01
1824,energy,fixnoiseFCN,32,1e-05,0.0005,0.001,0.01,0.01
1825,kin8nm,dropoutFCN,32,0.0001,0.0001,0.01,0.01,0.05
1826,power-plant,dropoutFCN,32,1e-05,0.002,0.01,0.01,0.01
1827,energy,fixnoiseFCN,32,1e-05,0.0005,0.005,0.01,0.01
1828,concrete,fixnoiseFCN,32,0.1,0.002,0.1,0.01,0.01
1829,kin8nm,dropoutFCN,32,0.0001,0.0001,0.01,0.01,0.01
1830,power-plant,dropoutFCN,32,1e-05,0.002,0.01,0.01,0.005
1831,energy,fixnoiseFCN,32,1e-05,0.0005,0.01,0.01,0.01
1832,yacht,fixnoiseFCN,32,0.001,0.0001,0.001,0.01,0.01
1833,power-plant,noisyFCN,32,0.01,0.0001,0.01,0.01,0.01
1834,power-plant,dropoutFCN,32,1e-05,0.002,0.01,0.01,0.001
1835,energy,fixnoiseFCN,32,1e-05,0.0005,0.05,0.01,0.01
1836,kin8nm,dropoutFCN,32,0.0001,0.0001,0.01,0.01,0.005
1837,energy,fixnoiseFCN,32,1e-05,0.0005,0.1,0.01,0.01
1838,yacht,fixnoiseFCN,32,0.001,0.0001,0.005,0.01,0.01
1839,power-plant,dropoutFCN,32,1e-09,0.0001,0.01,0.01,0.2
1840,energy,fixnoiseFCN,32,1e-05,0.001,0.001,0.01,0.01
1841,kin8nm,dropoutFCN,32,0.0001,0.0001,0.01,0.01,0.001
1843,yacht,fixnoiseFCN,32,0.001,0.0001,0.01,0.01,0.01
1844,kin8nm,dropoutFCN,32,0.0001,0.0005,0.01,0.01,0.2
1845,energy,fixnoiseFCN,32,1e-05,0.001,0.005,0.01,0.01
1846,kin8nm,dropoutFCN,32,0.0001,0.0005,0.01,0.01,0.1
1847,yacht,fixnoiseFCN,32,0.001,0.0001,0.05,0.01,0.01
1848,energy,fixnoiseFCN,32,1e-05,0.001,0.01,0.01,0.01
1849,kin8nm,dropoutFCN,32,0.0001,0.0005,0.01,0.01,0.05
1850,energy,fixnoiseFCN,32,1e-05,0.001,0.05,0.01,0.01
1851,kin8nm,dropoutFCN,32,0.0001,0.0005,0.01,0.01,0.01
1852,yacht,fixnoiseFCN,32,0.001,0.0001,0.1,0.01,0.01
1853,power-plant,dropoutFCN,32,1e-09,0.0001,0.01,0.01,0.1
1854,energy,fixnoiseFCN,32,1e-05,0.001,0.1,0.01,0.01
1855,kin8nm,dropoutFCN,32,0.0001,0.0005,0.01,0.01,0.005
1856,concrete,noisyFCN,32,0.1,0.0001,0.01,0.1,0.01
1857,energy,fixnoiseFCN,32,1e-05,0.002,0.001,0.01,0.01
1858,yacht,fixnoiseFCN,32,0.001,0.0005,0.001,0.01,0.01
1859,kin8nm,dropoutFCN,32,0.0001,0.0005,0.01,0.01,0.001
1860,energy,fixnoiseFCN,32,1e-05,0.002,0.005,0.01,0.01
1861,yacht,fixnoiseFCN,32,0.001,0.0005,0.005,0.01,0.01
1862,energy,fixnoiseFCN,32,1e-05,0.002,0.01,0.01,0.01
1863,kin8nm,dropoutFCN,32,0.0001,0.001,0.01,0.01,0.2
1864,energy,fixnoiseFCN,32,1e-05,0.002,0.05,0.01,0.01
1865,yacht,fixnoiseFCN,32,0.001,0.0005,0.01,0.01,0.01
1866,energy,fixnoiseFCN,32,1e-05,0.002,0.1,0.01,0.01
1867,yacht,fixnoiseFCN,32,0.001,0.0005,0.05,0.01,0.01
1868,kin8nm,dropoutFCN,32,0.0001,0.001,0.01,0.01,0.1
1869,yacht,fixnoiseFCN,32,0.001,0.0005,0.1,0.01,0.01
1870,concrete,noisyFCN,32,0.1,0.0005,0.01,0.001,0.01
1871,yacht,fixnoiseFCN,32,0.001,0.001,0.001,0.01,0.01
1872,kin8nm,dropoutFCN,32,0.0001,0.001,0.01,0.01,0.05
1873,yacht,fixnoiseFCN,32,0.001,0.001,0.005,0.01,0.01
1874,power-plant,dropoutFCN,32,1e-09,0.0001,0.01,0.01,0.05
1875,yacht,fixnoiseFCN,32,0.001,0.001,0.01,0.01,0.01
1876,yacht,fixnoiseFCN,32,0.001,0.001,0.05,0.01,0.01
1877,kin8nm,dropoutFCN,32,0.0001,0.001,0.01,0.01,0.01
1878,yacht,fixnoiseFCN,32,0.001,0.001,0.1,0.01,0.01
1879,concrete,noisyFCN,32,0.1,0.0005,0.01,0.005,0.01
1880,energy,fixnoiseFCN,32,1e-09,0.0001,0.001,0.01,0.01
1881,yacht,fixnoiseFCN,32,0.001,0.002,0.001,0.01,0.01
1882,kin8nm,dropoutFCN,32,0.0001,0.001,0.01,0.01,0.005
1883,yacht,fixnoiseFCN,32,0.001,0.002,0.005,0.01,0.01
1884,yacht,fixnoiseFCN,32,0.001,0.002,0.01,0.01,0.01
1885,concrete,fixnoiseFCN,32,0.01,0.0001,0.001,0.01,0.01
1886,kin8nm,dropoutFCN,32,0.0001,0.001,0.01,0.01,0.001
1887,yacht,fixnoiseFCN,32,0.001,0.002,0.05,0.01,0.01
1888,yacht,fixnoiseFCN,32,0.001,0.002,0.1,0.01,0.01
1889,kin8nm,dropoutFCN,32,0.0001,0.002,0.01,0.01,0.2
1890,power-plant,dropoutFCN,32,1e-09,0.0001,0.01,0.01,0.01
1891,power-plant,fixnoiseFCN,32,0.01,0.001,0.005,0.01,0.01
1892,concrete,noisyFCN,32,0.1,0.0005,0.01,0.01,0.01
1893,kin8nm,dropoutFCN,32,0.0001,0.002,0.01,0.01,0.1
1894,energy,fixnoiseFCN,32,1e-09,0.0001,0.005,0.01,0.01
1895,kin8nm,dropoutFCN,32,0.0001,0.002,0.01,0.01,0.05
1896,kin8nm,dropoutFCN,32,0.0001,0.002,0.01,0.01,0.01
1897,kin8nm,dropoutFCN,32,0.0001,0.002,0.01,0.01,0.005
1898,kin8nm,dropoutFCN,32,0.0001,0.002,0.01,0.01,0.001
1899,yacht,fixnoiseFCN,32,0.0001,0.0001,0.001,0.01,0.01
1900,energy,fixnoiseFCN,32,1e-09,0.0001,0.01,0.01,0.01
1901,concrete,noisyFCN,32,0.1,0.0005,0.01,0.05,0.01
1902,yacht,fixnoiseFCN,32,0.0001,0.0001,0.005,0.01,0.01
1903,power-plant,dropoutFCN,32,1e-09,0.0001,0.01,0.01,0.005
1904,kin8nm,dropoutFCN,32,1e-05,0.0001,0.01,0.01,0.2
1905,energy,fixnoiseFCN,32,1e-09,0.0001,0.05,0.01,0.01
1907,yacht,fixnoiseFCN,32,0.0001,0.0001,0.01,0.01,0.01
1908,concrete,noisyFCN,32,0.1,0.0005,0.01,0.1,0.01
1909,yacht,fixnoiseFCN,32,0.0001,0.0001,0.05,0.01,0.01
1910,kin8nm,dropoutFCN,32,1e-05,0.0001,0.01,0.01,0.1
1911,power-plant,dropoutFCN,32,1e-09,0.0001,0.01,0.01,0.001
1912,energy,fixnoiseFCN,32,1e-09,0.0001,0.1,0.01,0.01
1913,yacht,fixnoiseFCN,32,0.0001,0.0001,0.1,0.01,0.01
1914,concrete,noisyFCN,32,0.1,0.001,0.01,0.001,0.01
1915,power-plant,dropoutFCN,32,1e-09,0.0005,0.01,0.01,0.2
1916,yacht,fixnoiseFCN,32,0.0001,0.0005,0.001,0.01,0.01
1917,kin8nm,dropoutFCN,32,1e-05,0.0001,0.01,0.01,0.05
1918,energy,fixnoiseFCN,32,1e-09,0.0005,0.001,0.01,0.01
1919,yacht,fixnoiseFCN,32,0.0001,0.0005,0.005,0.01,0.01
1920,power-plant,dropoutFCN,32,1e-09,0.0005,0.01,0.01,0.1
1921,yacht,fixnoiseFCN,32,0.0001,0.0005,0.01,0.01,0.01
1922,energy,fixnoiseFCN,32,1e-09,0.0005,0.005,0.01,0.01
1923,yacht,fixnoiseFCN,32,0.0001,0.0005,0.05,0.01,0.01
1924,power-plant,dropoutFCN,32,1e-09,0.0005,0.01,0.01,0.05
1925,kin8nm,dropoutFCN,32,1e-05,0.0001,0.01,0.01,0.01
1926,concrete,noisyFCN,32,0.1,0.001,0.01,0.005,0.01
1927,yacht,fixnoiseFCN,32,0.0001,0.0005,0.1,0.01,0.01
1928,concrete,fixnoiseFCN,32,0.01,0.0001,0.005,0.01,0.01
1929,yacht,fixnoiseFCN,32,0.0001,0.001,0.001,0.01,0.01
1930,energy,fixnoiseFCN,32,1e-09,0.0005,0.01,0.01,0.01
1931,power-plant,dropoutFCN,32,1e-09,0.0005,0.01,0.01,0.01
1932,yacht,fixnoiseFCN,32,0.0001,0.001,0.005,0.01,0.01
1933,yacht,fixnoiseFCN,32,0.0001,0.001,0.01,0.01,0.01
1934,kin8nm,dropoutFCN,32,1e-05,0.0001,0.01,0.01,0.005
1935,yacht,fixnoiseFCN,32,0.0001,0.001,0.05,0.01,0.01
1936,energy,fixnoiseFCN,32,1e-09,0.0005,0.05,0.01,0.01
1937,yacht,fixnoiseFCN,32,0.0001,0.001,0.1,0.01,0.01
1938,power-plant,dropoutFCN,32,1e-09,0.0005,0.01,0.01,0.005
1939,yacht,fixnoiseFCN,32,0.0001,0.002,0.001,0.01,0.01
1940,concrete,noisyFCN,32,0.1,0.001,0.01,0.01,0.01
1941,yacht,fixnoiseFCN,32,0.0001,0.002,0.005,0.01,0.01
1942,yacht,fixnoiseFCN,32,0.0001,0.002,0.01,0.01,0.01
1943,energy,fixnoiseFCN,32,1e-09,0.0005,0.1,0.01,0.01
1944,yacht,fixnoiseFCN,32,0.0001,0.002,0.05,0.01,0.01
1945,kin8nm,dropoutFCN,32,1e-05,0.0001,0.01,0.01,0.001
1946,power-plant,dropoutFCN,32,1e-09,0.0005,0.01,0.01,0.001
1947,yacht,fixnoiseFCN,32,0.0001,0.002,0.1,0.01,0.01
1948,energy,fixnoiseFCN,32,1e-09,0.001,0.001,0.01,0.01
1949,power-plant,dropoutFCN,32,1e-09,0.001,0.01,0.01,0.2
1950,kin8nm,dropoutFCN,32,1e-05,0.0005,0.01,0.01,0.2
1951,concrete,noisyFCN,32,0.1,0.001,0.01,0.05,0.01
1952,energy,fixnoiseFCN,32,1e-09,0.001,0.005,0.01,0.01
1953,power-plant,dropoutFCN,32,1e-09,0.001,0.01,0.01,0.1
1954,kin8nm,dropoutFCN,32,1e-05,0.0005,0.01,0.01,0.1
1955,energy,fixnoiseFCN,32,1e-09,0.001,0.01,0.01,0.01
1956,power-plant,dropoutFCN,32,1e-09,0.001,0.01,0.01,0.05
1957,kin8nm,dropoutFCN,32,1e-05,0.0005,0.01,0.01,0.05
1959,power-plant,noisyFCN,32,0.01,0.0001,0.01,0.05,0.01
1960,energy,fixnoiseFCN,32,1e-09,0.001,0.05,0.01,0.01
1961,yacht,fixnoiseFCN,32,1e-05,0.0001,0.001,0.01,0.01
1962,kin8nm,dropoutFCN,32,1e-05,0.0005,0.01,0.01,0.01
1963,energy,fixnoiseFCN,32,1e-09,0.001,0.1,0.01,0.01
1964,kin8nm,dropoutFCN,32,1e-05,0.0005,0.01,0.01,0.005
1965,power-plant,dropoutFCN,32,1e-09,0.001,0.01,0.01,0.01
1966,energy,fixnoiseFCN,32,1e-09,0.002,0.001,0.01,0.01
1967,concrete,noisyFCN,32,0.1,0.001,0.01,0.1,0.01
1968,kin8nm,dropoutFCN,32,1e-05,0.0005,0.01,0.01,0.001
1969,energy,fixnoiseFCN,32,1e-09,0.002,0.005,0.01,0.01
1970,kin8nm,dropoutFCN,32,1e-05,0.001,0.01,0.01,0.2
1971,yacht,fixnoiseFCN,32,1e-05,0.0001,0.005,0.01,0.01
1972,energy,fixnoiseFCN,32,1e-09,0.002,0.01,0.01,0.01
1973,power-plant,dropoutFCN,32,1e-09,0.001,0.01,0.01,0.005
1974,kin8nm,dropoutFCN,32,1e-05,0.001,0.01,0.01,0.1
1975,energy,fixnoiseFCN,32,1e-09,0.002,0.05,0.01,0.01
1976,concrete,fixnoiseFCN,32,0.01,0.0001,0.01,0.01,0.01
1977,kin8nm,dropoutFCN,32,1e-05,0.001,0.01,0.01,0.05
1978,power-plant,dropoutFCN,32,1e-09,0.001,0.01,0.01,0.001
1979,kin8nm,dropoutFCN,32,1e-05,0.001,0.01,0.01,0.01
1980,energy,fixnoiseFCN,32,1e-09,0.002,0.1,0.01,0.01
1981,concrete,noisyFCN,32,0.1,0.002,0.01,0.001,0.01
1982,yacht,fixnoiseFCN,32,1e-05,0.0001,0.01,0.01,0.01
1983,kin8nm,dropoutFCN,32,1e-05,0.001,0.01,0.01,0.005
1984,power-plant,dropoutFCN,32,1e-09,0.002,0.01,0.01,0.2
1985,kin8nm,dropoutFCN,32,1e-05,0.001,0.01,0.01,0.001
1986,power-plant,dropoutFCN,32,1e-09,0.002,0.01,0.01,0.1
1987,kin8nm,dropoutFCN,32,1e-05,0.002,0.01,0.01,0.2
1988,yacht,fixnoiseFCN,32,1e-05,0.0001,0.05,0.01,0.01
1989,kin8nm,dropoutFCN,32,1e-05,0.002,0.01,0.01,0.1
1990,power-plant,dropoutFCN,32,1e-09,0.002,0.01,0.01,0.05
1991,concrete,noisyFCN,32,0.1,0.002,0.01,0.005,0.01
1992,yacht,fixnoiseFCN,32,1e-05,0.0001,0.1,0.01,0.01
1993,kin8nm,dropoutFCN,32,1e-05,0.002,0.01,0.01,0.05
1994,concrete,fixnoiseFCN,32,0.01,0.0001,0.05,0.01,0.01
1995,kin8nm,dropoutFCN,32,1e-05,0.002,0.01,0.01,0.01
1996,yacht,fixnoiseFCN,32,1e-05,0.0005,0.001,0.01,0.01
1997,power-plant,dropoutFCN,32,1e-09,0.002,0.01,0.01,0.01
1998,kin8nm,dropoutFCN,32,1e-05,0.002,0.01,0.01,0.005
1999,kin8nm,dropoutFCN,32,1e-05,0.002,0.01,0.01,0.001
2000,concrete,noisyFCN,32,0.1,0.002,0.01,0.01,0.01
2001,yacht,fixnoiseFCN,32,1e-05,0.0005,0.005,0.01,0.01
2002,power-plant,dropoutFCN,32,1e-09,0.002,0.01,0.01,0.005
2004,yacht,fixnoiseFCN,32,1e-05,0.0005,0.01,0.01,0.01
2005,yacht,fixnoiseFCN,32,1e-05,0.0005,0.05,0.01,0.01
2006,power-plant,dropoutFCN,32,1e-09,0.002,0.01,0.01,0.001
2007,yacht,fixnoiseFCN,32,1e-05,0.0005,0.1,0.01,0.01
2008,yacht,fixnoiseFCN,32,1e-05,0.001,0.001,0.01,0.01
2009,concrete,noisyFCN,32,0.1,0.002,0.01,0.05,0.01
2010,concrete,fixnoiseFCN,32,0.01,0.0001,0.1,0.01,0.01
2011,yacht,fixnoiseFCN,32,1e-05,0.001,0.005,0.01,0.01
2012,kin8nm,dropoutFCN,32,1e-09,0.0001,0.01,0.01,0.2
2013,yacht,fixnoiseFCN,32,1e-05,0.001,0.01,0.01,0.01
2014,yacht,fixnoiseFCN,32,1e-05,0.001,0.05,0.01,0.01
2015,protein-tertiary-structure,dropoutFCN,32,0.1,0.0001,0.01,0.01,0.2
2016,yacht,fixnoiseFCN,32,1e-05,0.001,0.1,0.01,0.01
2017,concrete,noisyFCN,32,0.1,0.002,0.01,0.1,0.01
2018,yacht,fixnoiseFCN,32,1e-05,0.002,0.001,0.01,0.01
2019,yacht,fixnoiseFCN,32,1e-05,0.002,0.005,0.01,0.01
2020,yacht,fixnoiseFCN,32,1e-05,0.002,0.01,0.01,0.01
2021,yacht,fixnoiseFCN,32,1e-05,0.002,0.05,0.01,0.01
2022,protein-tertiary-structure,dropoutFCN,32,0.1,0.0001,0.01,0.01,0.1
2023,kin8nm,dropoutFCN,32,1e-09,0.0001,0.01,0.01,0.1
2024,yacht,fixnoiseFCN,32,1e-05,0.002,0.1,0.01,0.01
2025,protein-tertiary-structure,dropoutFCN,32,0.1,0.0001,0.01,0.01,0.05
2026,protein-tertiary-structure,dropoutFCN,32,0.1,0.0001,0.01,0.01,0.01
2027,kin8nm,dropoutFCN,32,1e-09,0.0001,0.01,0.01,0.05
2028,yacht,fixnoiseFCN,32,1e-09,0.0001,0.001,0.01,0.01
2029,protein-tertiary-structure,dropoutFCN,32,0.1,0.0001,0.01,0.01,0.005
2030,protein-tertiary-structure,dropoutFCN,32,0.1,0.0001,0.01,0.01,0.001
2031,kin8nm,dropoutFCN,32,1e-09,0.0001,0.01,0.01,0.01
2032,concrete,fixnoiseFCN,32,0.01,0.0005,0.001,0.01,0.01
2033,yacht,fixnoiseFCN,32,1e-09,0.0001,0.005,0.01,0.01
2034,protein-tertiary-structure,dropoutFCN,32,0.1,0.0005,0.01,0.01,0.2
2035,kin8nm,dropoutFCN,32,1e-09,0.0001,0.01,0.01,0.005
2036,yacht,fixnoiseFCN,32,1e-09,0.0001,0.01,0.01,0.01
2037,protein-tertiary-structure,dropoutFCN,32,0.1,0.0005,0.01,0.01,0.1
2038,kin8nm,dropoutFCN,32,1e-09,0.0001,0.01,0.01,0.001
2039,yacht,fixnoiseFCN,32,1e-09,0.0001,0.05,0.01,0.01
2040,kin8nm,dropoutFCN,32,1e-09,0.0005,0.01,0.01,0.2
2041,kin8nm,dropoutFCN,32,1e-09,0.0005,0.01,0.01,0.1
2042,yacht,fixnoiseFCN,32,1e-09,0.0001,0.1,0.01,0.01
2043,yacht,fixnoiseFCN,32,1e-09,0.0005,0.001,0.01,0.01
2044,protein-tertiary-structure,dropoutFCN,32,0.1,0.0005,0.01,0.01,0.05
2045,kin8nm,dropoutFCN,32,1e-09,0.0005,0.01,0.01,0.05
2046,power-plant,fixnoiseFCN,32,0.01,0.001,0.01,0.01,0.01
2047,yacht,fixnoiseFCN,32,1e-09,0.0005,0.005,0.01,0.01
2048,kin8nm,dropoutFCN,32,1e-09,0.0005,0.01,0.01,0.01
2049,power-plant,noisyFCN,32,0.01,0.0001,0.01,0.1,0.01
2050,kin8nm,dropoutFCN,32,1e-09,0.0005,0.01,0.01,0.005
2051,yacht,fixnoiseFCN,32,1e-09,0.0005,0.01,0.01,0.01
2052,kin8nm,dropoutFCN,32,1e-09,0.0005,0.01,0.01,0.001
2053,yacht,fixnoiseFCN,32,1e-09,0.0005,0.05,0.01,0.01
2054,concrete,fixnoiseFCN,32,0.01,0.0005,0.005,0.01,0.01
2055,yacht,fixnoiseFCN,32,1e-09,0.0005,0.1,0.01,0.01
2056,kin8nm,dropoutFCN,32,1e-09,0.001,0.01,0.01,0.2
2057,yacht,fixnoiseFCN,32,1e-09,0.001,0.001,0.01,0.01
2058,yacht,fixnoiseFCN,32,1e-09,0.001,0.005,0.01,0.01
2059,kin8nm,dropoutFCN,32,1e-09,0.001,0.01,0.01,0.1
2060,yacht,fixnoiseFCN,32,1e-09,0.001,0.01,0.01,0.01
2061,yacht,fixnoiseFCN,32,1e-09,0.001,0.05,0.01,0.01
2062,kin8nm,dropoutFCN,32,1e-09,0.001,0.01,0.01,0.05
2063,concrete,noisyFCN,32,0.01,0.0001,0.01,0.001,0.01
2064,yacht,fixnoiseFCN,32,1e-09,0.001,0.1,0.01,0.01
2065,kin8nm,dropoutFCN,32,1e-09,0.001,0.01,0.01,0.01
2066,yacht,fixnoiseFCN,32,1e-09,0.002,0.001,0.01,0.01
2067,kin8nm,dropoutFCN,32,1e-09,0.001,0.01,0.01,0.005
2068,yacht,fixnoiseFCN,32,1e-09,0.002,0.005,0.01,0.01
2069,yacht,fixnoiseFCN,32,1e-09,0.002,0.01,0.01,0.01
2070,kin8nm,dropoutFCN,32,1e-09,0.001,0.01,0.01,0.001
2071,protein-tertiary-structure,dropoutFCN,32,0.1,0.0005,0.01,0.01,0.01
2072,yacht,fixnoiseFCN,32,1e-09,0.002,0.05,0.01,0.01
2073,yacht,fixnoiseFCN,32,1e-09,0.002,0.1,0.01,0.01
2074,kin8nm,dropoutFCN,32,1e-09,0.002,0.01,0.01,0.2
2075,kin8nm,dropoutFCN,32,1e-09,0.002,0.01,0.01,0.1
2076,kin8nm,dropoutFCN,32,1e-09,0.002,0.01,0.01,0.05
2077,concrete,fixnoiseFCN,32,0.01,0.0005,0.01,0.01,0.01
2078,kin8nm,dropoutFCN,32,1e-09,0.002,0.01,0.01,0.01
2079,kin8nm,dropoutFCN,32,1e-09,0.002,0.01,0.01,0.005
2080,kin8nm,dropoutFCN,32,1e-09,0.002,0.01,0.01,0.001
2081,concrete,fixnoiseFCN,32,0.01,0.0005,0.05,0.01,0.01
2082,power-plant,fixnoiseFCN,32,0.01,0.001,0.05,0.01,0.01
2083,protein-tertiary-structure,dropoutFCN,32,0.1,0.0005,0.01,0.01,0.005
2084,concrete,fixnoiseFCN,32,0.01,0.0005,0.1,0.01,0.01
2085,power-plant,fixnoiseFCN,32,0.01,0.001,0.1,0.01,0.01
2086,concrete,fixnoiseFCN,32,0.01,0.001,0.001,0.01,0.01
2087,power-plant,noisyFCN,32,0.01,0.0005,0.01,0.001,0.01
2088,concrete,fixnoiseFCN,32,0.01,0.001,0.005,0.01,0.01
2089,protein-tertiary-structure,dropoutFCN,32,0.1,0.0005,0.01,0.01,0.001
2090,concrete,noisyFCN,32,0.01,0.0001,0.01,0.005,0.01
2091,protein-tertiary-structure,dropoutFCN,32,0.1,0.001,0.01,0.01,0.2
2092,protein-tertiary-structure,dropoutFCN,32,0.1,0.001,0.01,0.01,0.1
2093,concrete,fixnoiseFCN,32,0.01,0.001,0.01,0.01,0.01
2094,protein-tertiary-structure,dropoutFCN,32,0.1,0.001,0.01,0.01,0.05
2095,concrete,fixnoiseFCN,32,0.01,0.001,0.05,0.01,0.01
2096,concrete,fixnoiseFCN,32,0.01,0.001,0.1,0.01,0.01
2097,protein-tertiary-structure,dropoutFCN,32,0.1,0.001,0.01,0.01,0.01
2098,concrete,fixnoiseFCN,32,0.01,0.002,0.001,0.01,0.01
2099,concrete,fixnoiseFCN,32,0.01,0.002,0.005,0.01,0.01
2101,protein-tertiary-structure,dropoutFCN,32,0.1,0.001,0.01,0.01,0.005
2102,concrete,fixnoiseFCN,32,0.01,0.002,0.01,0.01,0.01
2103,power-plant,fixnoiseFCN,32,0.01,0.002,0.001,0.01,0.01
2104,concrete,fixnoiseFCN,32,0.01,0.002,0.05,0.01,0.01
2105,concrete,fixnoiseFCN,32,0.01,0.002,0.1,0.01,0.01
2106,power-plant,fixnoiseFCN,32,0.01,0.002,0.005,0.01,0.01
2107,concrete,noisyFCN,32,0.01,0.0001,0.01,0.01,0.01
2108,protein-tertiary-structure,dropoutFCN,32,0.1,0.001,0.01,0.01,0.001
2109,protein-tertiary-structure,dropoutFCN,32,0.1,0.002,0.01,0.01,0.2
2110,protein-tertiary-structure,dropoutFCN,32,0.1,0.002,0.01,0.01,0.1
2111,power-plant,noisyFCN,32,0.01,0.0005,0.01,0.005,0.01
2112,protein-tertiary-structure,dropoutFCN,32,0.1,0.002,0.01,0.01,0.05
2113,concrete,fixnoiseFCN,32,0.001,0.0001,0.001,0.01,0.01
2114,protein-tertiary-structure,dropoutFCN,32,0.1,0.002,0.01,0.01,0.01
2115,protein-tertiary-structure,dropoutFCN,32,0.1,0.002,0.01,0.01,0.005
2116,concrete,fixnoiseFCN,32,0.001,0.0001,0.005,0.01,0.01
2117,power-plant,fixnoiseFCN,32,0.01,0.002,0.01,0.01,0.01
2118,protein-tertiary-structure,dropoutFCN,32,0.1,0.002,0.01,0.01,0.001
2119,concrete,noisyFCN,32,0.01,0.0001,0.01,0.05,0.01
2120,concrete,fixnoiseFCN,32,0.001,0.0001,0.01,0.01,0.01
2121,kin8nm,fixnoiseFCN,32,0.1,0.0001,0.001,0.01,0.01
2122,concrete,fixnoiseFCN,32,0.001,0.0001,0.05,0.01,0.01
2124,concrete,fixnoiseFCN,32,0.001,0.0001,0.1,0.01,0.01
2125,power-plant,fixnoiseFCN,32,0.01,0.002,0.05,0.01,0.01
2126,concrete,fixnoiseFCN,32,0.001,0.0005,0.001,0.01,0.01
2127,protein-tertiary-structure,dropoutFCN,32,0.01,0.0001,0.01,0.01,0.2
2128,concrete,fixnoiseFCN,32,0.001,0.0005,0.005,0.01,0.01
2129,power-plant,fixnoiseFCN,32,0.01,0.002,0.1,0.01,0.01
2130,power-plant,noisyFCN,32,0.01,0.0005,0.01,0.01,0.01
2131,concrete,fixnoiseFCN,32,0.001,0.0005,0.01,0.01,0.01
2132,concrete,fixnoiseFCN,32,0.001,0.0005,0.05,0.01,0.01
2133,concrete,noisyFCN,32,0.01,0.0001,0.01,0.1,0.01
2134,concrete,fixnoiseFCN,32,0.001,0.0005,0.1,0.01,0.01
2135,protein-tertiary-structure,dropoutFCN,32,0.01,0.0001,0.01,0.01,0.1
2136,concrete,fixnoiseFCN,32,0.001,0.001,0.001,0.01,0.01
2138,concrete,fixnoiseFCN,32,0.001,0.001,0.005,0.01,0.01
2139,concrete,fixnoiseFCN,32,0.001,0.001,0.01,0.01,0.01
2140,concrete,fixnoiseFCN,32,0.001,0.001,0.05,0.01,0.01
2141,concrete,fixnoiseFCN,32,0.001,0.001,0.1,0.01,0.01
2142,concrete,noisyFCN,32,0.01,0.0005,0.01,0.001,0.01
2143,concrete,fixnoiseFCN,32,0.001,0.002,0.001,0.01,0.01
2144,concrete,fixnoiseFCN,32,0.001,0.002,0.005,0.01,0.01
2145,concrete,fixnoiseFCN,32,0.001,0.002,0.01,0.01,0.01
2146,concrete,fixnoiseFCN,32,0.001,0.002,0.05,0.01,0.01
2147,concrete,fixnoiseFCN,32,0.001,0.002,0.1,0.01,0.01
2148,protein-tertiary-structure,dropoutFCN,32,0.01,0.0001,0.01,0.01,0.05
2149,power-plant,noisyFCN,32,0.01,0.0005,0.01,0.05,0.01
2150,concrete,noisyFCN,32,0.01,0.0005,0.01,0.005,0.01
2152,concrete,fixnoiseFCN,32,0.0001,0.0001,0.001,0.01,0.01
2154,concrete,fixnoiseFCN,32,0.0001,0.0001,0.005,0.01,0.01
2155,protein-tertiary-structure,dropoutFCN,32,0.01,0.0001,0.01,0.01,0.01
2156,concrete,noisyFCN,32,0.01,0.0005,0.01,0.01,0.01
2157,concrete,fixnoiseFCN,32,0.0001,0.0001,0.01,0.01,0.01
2158,concrete,fixnoiseFCN,32,0.0001,0.0001,0.05,0.01,0.01
2160,concrete,noisyFCN,32,0.01,0.0005,0.01,0.05,0.01
2161,power-plant,noisyFCN,32,0.01,0.0005,0.01,0.1,0.01
2162,concrete,fixnoiseFCN,32,0.0001,0.0001,0.1,0.01,0.01
2163,concrete,fixnoiseFCN,32,0.0001,0.0005,0.001,0.01,0.01
2164,concrete,fixnoiseFCN,32,0.0001,0.0005,0.005,0.01,0.01
2165,protein-tertiary-structure,dropoutFCN,32,0.01,0.0001,0.01,0.01,0.005
2166,concrete,noisyFCN,32,0.01,0.0005,0.01,0.1,0.01
2167,concrete,fixnoiseFCN,32,0.0001,0.0005,0.01,0.01,0.01
2168,concrete,fixnoiseFCN,32,0.0001,0.0005,0.05,0.01,0.01
2169,concrete,fixnoiseFCN,32,0.0001,0.0005,0.1,0.01,0.01
2170,concrete,noisyFCN,32,0.01,0.001,0.01,0.001,0.01
2171,concrete,fixnoiseFCN,32,0.0001,0.001,0.001,0.01,0.01
2173,concrete,fixnoiseFCN,32,0.0001,0.001,0.005,0.01,0.01
2174,concrete,fixnoiseFCN,32,0.0001,0.001,0.01,0.01,0.01
2175,concrete,fixnoiseFCN,32,0.0001,0.001,0.05,0.01,0.01
2176,kin8nm,fixnoiseFCN,32,0.1,0.0001,0.005,0.01,0.01
2177,concrete,noisyFCN,32,0.01,0.001,0.01,0.005,0.01
2178,concrete,fixnoiseFCN,32,0.0001,0.001,0.1,0.01,0.01
2179,power-plant,noisyFCN,32,0.01,0.001,0.01,0.001,0.01
2180,concrete,fixnoiseFCN,32,0.0001,0.002,0.001,0.01,0.01
2181,concrete,fixnoiseFCN,32,0.0001,0.002,0.005,0.01,0.01
2182,concrete,fixnoiseFCN,32,0.0001,0.002,0.01,0.01,0.01
2183,concrete,noisyFCN,32,0.01,0.001,0.01,0.01,0.01
2184,concrete,fixnoiseFCN,32,0.0001,0.002,0.05,0.01,0.01
2185,concrete,fixnoiseFCN,32,0.0001,0.002,0.1,0.01,0.01
2186,protein-tertiary-structure,dropoutFCN,32,0.01,0.0001,0.01,0.01,0.001
2187,concrete,noisyFCN,32,0.01,0.001,0.01,0.05,0.01
2188,protein-tertiary-structure,dropoutFCN,32,0.01,0.0005,0.01,0.01,0.2
2189,concrete,fixnoiseFCN,32,1e-05,0.0001,0.001,0.01,0.01
2190,concrete,noisyFCN,32,0.01,0.001,0.01,0.1,0.01
2191,concrete,noisyFCN,32,0.01,0.002,0.01,0.001,0.01
2192,concrete,fixnoiseFCN,32,1e-05,0.0001,0.005,0.01,0.01
2193,concrete,noisyFCN,32,0.01,0.002,0.01,0.005,0.01
2194,protein-tertiary-structure,dropoutFCN,32,0.01,0.0005,0.01,0.01,0.1
2196,concrete,noisyFCN,32,0.01,0.002,0.01,0.01,0.01
2197,protein-tertiary-structure,dropoutFCN,32,0.01,0.0005,0.01,0.01,0.05
2198,concrete,fixnoiseFCN,32,1e-05,0.0001,0.01,0.01,0.01
2199,concrete,noisyFCN,32,0.01,0.002,0.01,0.05,0.01
2200,concrete,noisyFCN,32,0.01,0.002,0.01,0.1,0.01
2201,protein-tertiary-structure,dropoutFCN,32,0.01,0.0005,0.01,0.01,0.01
2202,concrete,fixnoiseFCN,32,1e-05,0.0001,0.05,0.01,0.01
2203,power-plant,noisyFCN,32,0.01,0.001,0.01,0.005,0.01
2204,protein-tertiary-structure,dropoutFCN,32,0.01,0.0005,0.01,0.01,0.005
2205,concrete,fixnoiseFCN,32,1e-05,0.0001,0.1,0.01,0.01
2206,concrete,fixnoiseFCN,32,1e-05,0.0005,0.001,0.01,0.01
2208,concrete,fixnoiseFCN,32,1e-05,0.0005,0.005,0.01,0.01
2209,concrete,fixnoiseFCN,32,1e-05,0.0005,0.01,0.01,0.01
2210,concrete,fixnoiseFCN,32,1e-05,0.0005,0.05,0.01,0.01
2211,concrete,noisyFCN,32,0.001,0.0001,0.01,0.001,0.01
2213,protein-tertiary-structure,dropoutFCN,32,0.01,0.0005,0.01,0.01,0.001
2214,concrete,fixnoiseFCN,32,1e-05,0.0005,0.1,0.01,0.01
2215,concrete,fixnoiseFCN,32,1e-05,0.001,0.001,0.01,0.01
2216,concrete,fixnoiseFCN,32,1e-05,0.001,0.005,0.01,0.01
2217,protein-tertiary-structure,dropoutFCN,32,0.01,0.001,0.01,0.01,0.2
2218,concrete,fixnoiseFCN,32,1e-05,0.001,0.01,0.01,0.01
2219,concrete,fixnoiseFCN,32,1e-05,0.001,0.05,0.01,0.01
2220,concrete,fixnoiseFCN,32,1e-05,0.001,0.1,0.01,0.01
2221,protein-tertiary-structure,dropoutFCN,32,0.01,0.001,0.01,0.01,0.1
2222,concrete,fixnoiseFCN,32,1e-05,0.002,0.001,0.01,0.01
2223,concrete,fixnoiseFCN,32,1e-05,0.002,0.005,0.01,0.01
2224,concrete,noisyFCN,32,0.001,0.0001,0.01,0.005,0.01
2225,concrete,fixnoiseFCN,32,1e-05,0.002,0.01,0.01,0.01
2226,protein-tertiary-structure,dropoutFCN,32,0.01,0.001,0.01,0.01,0.05
2227,concrete,fixnoiseFCN,32,1e-05,0.002,0.05,0.01,0.01
2228,concrete,fixnoiseFCN,32,1e-05,0.002,0.1,0.01,0.01
2229,protein-tertiary-structure,dropoutFCN,32,0.01,0.001,0.01,0.01,0.01
2230,concrete,fixnoiseFCN,32,1e-09,0.0001,0.001,0.01,0.01
2231,concrete,noisyFCN,32,0.001,0.0001,0.01,0.01,0.01
2232,kin8nm,fixnoiseFCN,32,0.1,0.0001,0.01,0.01,0.01
2233,protein-tertiary-structure,dropoutFCN,32,0.01,0.001,0.01,0.01,0.005
2234,power-plant,noisyFCN,32,0.01,0.001,0.01,0.01,0.01
2235,power-plant,fixnoiseFCN,32,0.001,0.0001,0.001,0.01,0.01
2236,protein-tertiary-structure,dropoutFCN,32,0.01,0.001,0.01,0.01,0.001
2237,concrete,fixnoiseFCN,32,1e-09,0.0001,0.005,0.01,0.01
2238,protein-tertiary-structure,dropoutFCN,32,0.01,0.002,0.01,0.01,0.2
2239,concrete,noisyFCN,32,0.001,0.0001,0.01,0.05,0.01
2240,protein-tertiary-structure,dropoutFCN,32,0.01,0.002,0.01,0.01,0.1
2241,concrete,fixnoiseFCN,32,1e-09,0.0001,0.01,0.01,0.01
2242,protein-tertiary-structure,dropoutFCN,32,0.01,0.002,0.01,0.01,0.05
2243,protein-tertiary-structure,dropoutFCN,32,0.01,0.002,0.01,0.01,0.01
2244,concrete,noisyFCN,32,0.001,0.0001,0.01,0.1,0.01
2245,concrete,fixnoiseFCN,32,1e-09,0.0001,0.05,0.01,0.01
2246,protein-tertiary-structure,dropoutFCN,32,0.01,0.002,0.01,0.01,0.005
2247,concrete,noisyFCN,32,0.001,0.0005,0.01,0.001,0.01
2248,concrete,noisyFCN,32,0.001,0.0005,0.01,0.005,0.01
2249,protein-tertiary-structure,dropoutFCN,32,0.01,0.002,0.01,0.01,0.001
2250,kin8nm,fixnoiseFCN,32,0.1,0.0001,0.05,0.01,0.01
2251,concrete,fixnoiseFCN,32,1e-09,0.0001,0.1,0.01,0.01
2252,concrete,noisyFCN,32,0.001,0.0005,0.01,0.01,0.01
2253,concrete,fixnoiseFCN,32,1e-09,0.0005,0.001,0.01,0.01
2254,concrete,fixnoiseFCN,32,1e-09,0.0005,0.005,0.01,0.01
2255,concrete,noisyFCN,32,0.001,0.0005,0.01,0.05,0.01
2256,power-plant,noisyFCN,32,0.01,0.001,0.01,0.05,0.01
2257,concrete,fixnoiseFCN,32,1e-09,0.0005,0.01,0.01,0.01
2258,concrete,fixnoiseFCN,32,1e-09,0.0005,0.05,0.01,0.01
2259,concrete,noisyFCN,32,0.001,0.0005,0.01,0.1,0.01
2260,concrete,fixnoiseFCN,32,1e-09,0.0005,0.1,0.01,0.01
2261,concrete,noisyFCN,32,0.001,0.001,0.01,0.001,0.01
2262,concrete,fixnoiseFCN,32,1e-09,0.001,0.001,0.01,0.01
2263,protein-tertiary-structure,dropoutFCN,32,0.001,0.0001,0.01,0.01,0.2
2264,concrete,noisyFCN,32,0.001,0.001,0.01,0.005,0.01
2265,concrete,fixnoiseFCN,32,1e-09,0.001,0.005,0.01,0.01
2266,concrete,fixnoiseFCN,32,1e-09,0.001,0.01,0.01,0.01
2267,concrete,noisyFCN,32,0.001,0.001,0.01,0.01,0.01
2268,concrete,fixnoiseFCN,32,1e-09,0.001,0.05,0.01,0.01
2269,concrete,noisyFCN,32,0.001,0.001,0.01,0.05,0.01
2270,concrete,fixnoiseFCN,32,1e-09,0.001,0.1,0.01,0.01
2271,concrete,noisyFCN,32,0.001,0.001,0.01,0.1,0.01
2272,concrete,fixnoiseFCN,32,1e-09,0.002,0.001,0.01,0.01
2273,power-plant,noisyFCN,32,0.01,0.001,0.01,0.1,0.01
2274,concrete,noisyFCN,32,0.001,0.002,0.01,0.001,0.01
2275,concrete,fixnoiseFCN,32,1e-09,0.002,0.005,0.01,0.01
2276,concrete,noisyFCN,32,0.001,0.002,0.01,0.005,0.01
2277,concrete,fixnoiseFCN,32,1e-09,0.002,0.01,0.01,0.01
2278,concrete,noisyFCN,32,0.001,0.002,0.01,0.01,0.01
2279,concrete,fixnoiseFCN,32,1e-09,0.002,0.05,0.01,0.01
2280,concrete,noisyFCN,32,0.001,0.002,0.01,0.05,0.01
2281,concrete,fixnoiseFCN,32,1e-09,0.002,0.1,0.01,0.01
2282,concrete,noisyFCN,32,0.001,0.002,0.01,0.1,0.01
2283,concrete,dropoutFCN,32,0.1,0.0001,0.1,0.01,0.2
2284,concrete,dropoutFCN,32,0.1,0.0001,0.1,0.01,0.1
2285,concrete,dropoutFCN,32,0.1,0.0001,0.1,0.01,0.05
2286,concrete,dropoutFCN,32,0.1,0.0001,0.1,0.01,0.01
2287,concrete,dropoutFCN,32,0.1,0.0001,0.1,0.01,0.005
2288,concrete,dropoutFCN,32,0.1,0.0001,0.1,0.01,0.001
2289,kin8nm,fixnoiseFCN,32,0.1,0.0001,0.1,0.01,0.01
2290,concrete,dropoutFCN,32,0.1,0.0005,0.1,0.01,0.2
2291,concrete,dropoutFCN,32,0.1,0.0005,0.1,0.01,0.1
2292,concrete,dropoutFCN,32,0.1,0.0005,0.1,0.01,0.05
2293,concrete,dropoutFCN,32,0.1,0.0005,0.1,0.01,0.01
2294,concrete,dropoutFCN,32,0.1,0.0005,0.1,0.01,0.005
2295,concrete,dropoutFCN,32,0.1,0.0005,0.1,0.01,0.001
2296,concrete,dropoutFCN,32,0.1,0.001,0.1,0.01,0.2
2297,protein-tertiary-structure,dropoutFCN,32,0.001,0.0001,0.01,0.01,0.1
2298,concrete,dropoutFCN,32,0.1,0.001,0.1,0.01,0.1
2299,concrete,dropoutFCN,32,0.1,0.001,0.1,0.01,0.05
2300,concrete,dropoutFCN,32,0.1,0.001,0.1,0.01,0.01
2301,concrete,noisyFCN,32,0.0001,0.0001,0.01,0.001,0.01
2302,concrete,dropoutFCN,32,0.1,0.001,0.1,0.01,0.005
2303,concrete,dropoutFCN,32,0.1,0.001,0.1,0.01,0.001
2304,concrete,dropoutFCN,32,0.1,0.002,0.1,0.01,0.2
2305,concrete,dropoutFCN,32,0.1,0.002,0.1,0.01,0.1
2306,concrete,dropoutFCN,32,0.1,0.002,0.1,0.01,0.05
2307,concrete,dropoutFCN,32,0.1,0.002,0.1,0.01,0.01
2308,concrete,dropoutFCN,32,0.1,0.002,0.1,0.01,0.005
2309,concrete,dropoutFCN,32,0.1,0.002,0.1,0.01,0.001
2310,power-plant,noisyFCN,32,0.01,0.002,0.01,0.001,0.01
2311,concrete,dropoutFCN,32,0.01,0.0001,0.1,0.01,0.2
2312,concrete,dropoutFCN,32,0.01,0.0001,0.1,0.01,0.1
2313,concrete,dropoutFCN,32,0.01,0.0001,0.1,0.01,0.05
2314,concrete,dropoutFCN,32,0.01,0.0001,0.1,0.01,0.01
2315,concrete,dropoutFCN,32,0.01,0.0001,0.1,0.01,0.005
2316,concrete,dropoutFCN,32,0.01,0.0001,0.1,0.01,0.001
2317,concrete,noisyFCN,32,0.0001,0.0001,0.01,0.005,0.01
2318,concrete,dropoutFCN,32,0.01,0.0005,0.1,0.01,0.2
2319,concrete,dropoutFCN,32,0.01,0.0005,0.1,0.01,0.1
2320,concrete,dropoutFCN,32,0.01,0.0005,0.1,0.01,0.05
2321,concrete,dropoutFCN,32,0.01,0.0005,0.1,0.01,0.01
2322,concrete,dropoutFCN,32,0.01,0.0005,0.1,0.01,0.005
2323,concrete,dropoutFCN,32,0.01,0.0005,0.1,0.01,0.001
2324,concrete,dropoutFCN,32,0.01,0.001,0.1,0.01,0.2
2325,concrete,dropoutFCN,32,0.01,0.001,0.1,0.01,0.1
2326,concrete,dropoutFCN,32,0.01,0.001,0.1,0.01,0.05
2327,concrete,dropoutFCN,32,0.01,0.001,0.1,0.01,0.01
2328,concrete,dropoutFCN,32,0.01,0.001,0.1,0.01,0.005
2329,concrete,dropoutFCN,32,0.01,0.001,0.1,0.01,0.001
2330,concrete,dropoutFCN,32,0.01,0.002,0.1,0.01,0.2
2331,concrete,dropoutFCN,32,0.01,0.002,0.1,0.01,0.1
2332,concrete,dropoutFCN,32,0.01,0.002,0.1,0.01,0.05
2333,concrete,dropoutFCN,32,0.01,0.002,0.1,0.01,0.01
2334,concrete,dropoutFCN,32,0.01,0.002,0.1,0.01,0.005
2335,concrete,dropoutFCN,32,0.01,0.002,0.1,0.01,0.001
2336,concrete,dropoutFCN,32,0.001,0.0001,0.1,0.01,0.2
2337,protein-tertiary-structure,dropoutFCN,32,0.001,0.0001,0.01,0.01,0.05
2338,concrete,dropoutFCN,32,0.001,0.0001,0.1,0.01,0.1
2339,concrete,dropoutFCN,32,0.001,0.0001,0.1,0.01,0.05
2340,concrete,dropoutFCN,32,0.001,0.0001,0.1,0.01,0.01
2341,concrete,dropoutFCN,32,0.001,0.0001,0.1,0.01,0.005
2342,concrete,noisyFCN,32,0.0001,0.0001,0.01,0.01,0.01
2343,concrete,dropoutFCN,32,0.001,0.0001,0.1,0.01,0.001
2344,concrete,dropoutFCN,32,0.001,0.0005,0.1,0.01,0.2
2345,concrete,dropoutFCN,32,0.001,0.0005,0.1,0.01,0.1
2346,concrete,dropoutFCN,32,0.001,0.0005,0.1,0.01,0.05
2347,concrete,dropoutFCN,32,0.001,0.0005,0.1,0.01,0.01
2348,concrete,dropoutFCN,32,0.001,0.0005,0.1,0.01,0.005
2349,concrete,dropoutFCN,32,0.001,0.0005,0.1,0.01,0.001
2350,concrete,dropoutFCN,32,0.001,0.001,0.1,0.01,0.2
2351,concrete,dropoutFCN,32,0.001,0.001,0.1,0.01,0.1
2352,concrete,dropoutFCN,32,0.001,0.001,0.1,0.01,0.05
2353,concrete,dropoutFCN,32,0.001,0.001,0.1,0.01,0.01
2354,concrete,dropoutFCN,32,0.001,0.001,0.1,0.01,0.005
2355,concrete,dropoutFCN,32,0.001,0.001,0.1,0.01,0.001
2356,concrete,dropoutFCN,32,0.001,0.002,0.1,0.01,0.2
2357,concrete,dropoutFCN,32,0.001,0.002,0.1,0.01,0.1
2358,concrete,dropoutFCN,32,0.001,0.002,0.1,0.01,0.05
2359,concrete,dropoutFCN,32,0.001,0.002,0.1,0.01,0.01
2360,concrete,dropoutFCN,32,0.001,0.002,0.1,0.01,0.005
2361,concrete,dropoutFCN,32,0.001,0.002,0.1,0.01,0.001
2362,concrete,dropoutFCN,32,0.0001,0.0001,0.1,0.01,0.2
2363,concrete,dropoutFCN,32,0.0001,0.0001,0.1,0.01,0.1
2364,concrete,dropoutFCN,32,0.0001,0.0001,0.1,0.01,0.05
2365,concrete,dropoutFCN,32,0.0001,0.0001,0.1,0.01,0.01
2366,power-plant,noisyFCN,32,0.01,0.002,0.01,0.005,0.01
2367,concrete,dropoutFCN,32,0.0001,0.0001,0.1,0.01,0.005
2368,protein-tertiary-structure,dropoutFCN,32,0.001,0.0001,0.01,0.01,0.01
2369,concrete,dropoutFCN,32,0.0001,0.0001,0.1,0.01,0.001
2370,concrete,noisyFCN,32,0.0001,0.0001,0.01,0.05,0.01
2371,concrete,dropoutFCN,32,0.0001,0.0005,0.1,0.01,0.2
2372,concrete,dropoutFCN,32,0.0001,0.0005,0.1,0.01,0.1
2373,concrete,dropoutFCN,32,0.0001,0.0005,0.1,0.01,0.05
2374,concrete,dropoutFCN,32,0.0001,0.0005,0.1,0.01,0.01
2375,concrete,dropoutFCN,32,0.0001,0.0005,0.1,0.01,0.005
2376,concrete,dropoutFCN,32,0.0001,0.0005,0.1,0.01,0.001
2377,concrete,dropoutFCN,32,0.0001,0.001,0.1,0.01,0.2
2378,concrete,dropoutFCN,32,0.0001,0.001,0.1,0.01,0.1
2379,concrete,dropoutFCN,32,0.0001,0.001,0.1,0.01,0.05
2380,concrete,dropoutFCN,32,0.0001,0.001,0.1,0.01,0.01
2381,concrete,dropoutFCN,32,0.0001,0.001,0.1,0.01,0.005
2382,concrete,dropoutFCN,32,0.0001,0.001,0.1,0.01,0.001
2383,concrete,noisyFCN,32,0.0001,0.0001,0.01,0.1,0.01
2384,concrete,dropoutFCN,32,0.0001,0.002,0.1,0.01,0.2
2385,concrete,dropoutFCN,32,0.0001,0.002,0.1,0.01,0.1
2386,concrete,dropoutFCN,32,0.0001,0.002,0.1,0.01,0.05
2387,concrete,dropoutFCN,32,0.0001,0.002,0.1,0.01,0.01
2388,concrete,dropoutFCN,32,0.0001,0.002,0.1,0.01,0.005
2389,concrete,dropoutFCN,32,0.0001,0.002,0.1,0.01,0.001
2390,power-plant,fixnoiseFCN,32,0.001,0.0001,0.005,0.01,0.01
2391,concrete,dropoutFCN,32,1e-05,0.0001,0.1,0.01,0.2
2392,concrete,noisyFCN,32,0.0001,0.0005,0.01,0.001,0.01
2393,concrete,dropoutFCN,32,1e-05,0.0001,0.1,0.01,0.1
2394,power-plant,noisyFCN,32,0.01,0.002,0.01,0.01,0.01
2395,concrete,noisyFCN,32,0.0001,0.0005,0.01,0.005,0.01
2396,concrete,dropoutFCN,32,1e-05,0.0001,0.1,0.01,0.05
2397,concrete,dropoutFCN,32,1e-05,0.0001,0.1,0.01,0.01
2398,concrete,noisyFCN,32,0.0001,0.0005,0.01,0.01,0.01
2399,concrete,dropoutFCN,32,1e-05,0.0001,0.1,0.01,0.005
2400,concrete,noisyFCN,32,0.0001,0.0005,0.01,0.05,0.01
2401,concrete,dropoutFCN,32,1e-05,0.0001,0.1,0.01,0.001
2402,concrete,dropoutFCN,32,1e-05,0.0005,0.1,0.01,0.2
2403,concrete,dropoutFCN,32,1e-05,0.0005,0.1,0.01,0.1
2404,concrete,noisyFCN,32,0.0001,0.0005,0.01,0.1,0.01
2405,concrete,dropoutFCN,32,1e-05,0.0005,0.1,0.01,0.05
2406,concrete,dropoutFCN,32,1e-05,0.0005,0.1,0.01,0.01
2407,concrete,noisyFCN,32,0.0001,0.001,0.01,0.001,0.01
2408,concrete,dropoutFCN,32,1e-05,0.0005,0.1,0.01,0.005
2409,concrete,dropoutFCN,32,1e-05,0.0005,0.1,0.01,0.001
2410,concrete,dropoutFCN,32,1e-05,0.001,0.1,0.01,0.2
2411,concrete,noisyFCN,32,0.0001,0.001,0.01,0.005,0.01
2412,concrete,dropoutFCN,32,1e-05,0.001,0.1,0.01,0.1
2413,concrete,dropoutFCN,32,1e-05,0.001,0.1,0.01,0.05
2414,concrete,noisyFCN,32,0.0001,0.001,0.01,0.01,0.01
2415,concrete,dropoutFCN,32,1e-05,0.001,0.1,0.01,0.01
2416,concrete,dropoutFCN,32,1e-05,0.001,0.1,0.01,0.005
2417,concrete,dropoutFCN,32,1e-05,0.001,0.1,0.01,0.001
2418,concrete,noisyFCN,32,0.0001,0.001,0.01,0.05,0.01
2419,concrete,dropoutFCN,32,1e-05,0.002,0.1,0.01,0.2
2420,concrete,dropoutFCN,32,1e-05,0.002,0.1,0.01,0.1
2421,concrete,dropoutFCN,32,1e-05,0.002,0.1,0.01,0.05
2422,concrete,dropoutFCN,32,1e-05,0.002,0.1,0.01,0.01
2423,power-plant,noisyFCN,32,0.01,0.002,0.01,0.05,0.01
2424,concrete,dropoutFCN,32,1e-05,0.002,0.1,0.01,0.005
2425,concrete,dropoutFCN,32,1e-05,0.002,0.1,0.01,0.001
2426,concrete,noisyFCN,32,0.0001,0.001,0.01,0.1,0.01
2427,concrete,noisyFCN,32,0.0001,0.002,0.01,0.001,0.01
2428,concrete,dropoutFCN,32,1e-09,0.0001,0.1,0.01,0.2
2429,concrete,noisyFCN,32,0.0001,0.002,0.01,0.005,0.01
2430,concrete,noisyFCN,32,0.0001,0.002,0.01,0.01,0.01
2431,concrete,dropoutFCN,32,1e-09,0.0001,0.1,0.01,0.1
2432,concrete,noisyFCN,32,0.0001,0.002,0.01,0.05,0.01
2433,concrete,dropoutFCN,32,1e-09,0.0001,0.1,0.01,0.05
2434,concrete,noisyFCN,32,0.0001,0.002,0.01,0.1,0.01
2435,concrete,dropoutFCN,32,1e-09,0.0001,0.1,0.01,0.01
2436,concrete,dropoutFCN,32,1e-09,0.0001,0.1,0.01,0.005
2437,protein-tertiary-structure,dropoutFCN,32,0.001,0.0001,0.01,0.01,0.005
2438,concrete,dropoutFCN,32,1e-09,0.0001,0.1,0.01,0.001
2439,concrete,dropoutFCN,32,1e-09,0.0005,0.1,0.01,0.2
2440,concrete,dropoutFCN,32,1e-09,0.0005,0.1,0.01,0.1
2441,kin8nm,fixnoiseFCN,32,0.1,0.0005,0.001,0.01,0.01
2442,concrete,dropoutFCN,32,1e-09,0.0005,0.1,0.01,0.05
2443,concrete,dropoutFCN,32,1e-09,0.0005,0.1,0.01,0.01
2444,concrete,dropoutFCN,32,1e-09,0.0005,0.1,0.01,0.005
2445,concrete,noisyFCN,32,1e-05,0.0001,0.01,0.001,0.01
2446,power-plant,noisyFCN,32,0.01,0.002,0.01,0.1,0.01
2447,concrete,dropoutFCN,32,1e-09,0.0005,0.1,0.01,0.001
2448,concrete,dropoutFCN,32,1e-09,0.001,0.1,0.01,0.2
2449,concrete,dropoutFCN,32,1e-09,0.001,0.1,0.01,0.1
2450,concrete,dropoutFCN,32,1e-09,0.001,0.1,0.01,0.05
2451,concrete,dropoutFCN,32,1e-09,0.001,0.1,0.01,0.01
2452,concrete,dropoutFCN,32,1e-09,0.001,0.1,0.01,0.005
2453,concrete,dropoutFCN,32,1e-09,0.001,0.1,0.01,0.001
2455,concrete,dropoutFCN,32,1e-09,0.002,0.1,0.01,0.2
2456,concrete,dropoutFCN,32,1e-09,0.002,0.1,0.01,0.1
2457,concrete,dropoutFCN,32,1e-09,0.002,0.1,0.01,0.05
2458,concrete,dropoutFCN,32,1e-09,0.002,0.1,0.01,0.01
2459,concrete,dropoutFCN,32,1e-09,0.002,0.1,0.01,0.005
2460,concrete,dropoutFCN,32,1e-09,0.002,0.1,0.01,0.001
2464,concrete,noisyFCN,32,1e-05,0.0001,0.01,0.005,0.01
2466,protein-tertiary-structure,dropoutFCN,32,0.001,0.0001,0.01,0.01,0.001
2481,concrete,noisyFCN,32,1e-05,0.0001,0.01,0.01,0.01
2484,protein-tertiary-structure,dropoutFCN,32,0.001,0.0005,0.01,0.01,0.2
2485,concrete,noisyFCN,32,1e-05,0.0001,0.01,0.05,0.01
2486,protein-tertiary-structure,dropoutFCN,32,0.001,0.0005,0.01,0.01,0.1
2487,concrete,noisyFCN,32,1e-05,0.0001,0.01,0.1,0.01
2489,concrete,noisyFCN,32,1e-05,0.0005,0.01,0.001,0.01
2490,concrete,noisyFCN,32,1e-05,0.0005,0.01,0.005,0.01
2491,concrete,noisyFCN,32,1e-05,0.0005,0.01,0.01,0.01
2492,kin8nm,fixnoiseFCN,32,0.1,0.0005,0.005,0.01,0.01
2493,concrete,noisyFCN,32,1e-05,0.0005,0.01,0.05,0.01
2494,protein-tertiary-structure,dropoutFCN,32,0.001,0.0005,0.01,0.01,0.05
2495,concrete,noisyFCN,32,1e-05,0.0005,0.01,0.1,0.01
2496,power-plant,fixnoiseFCN,32,0.001,0.0001,0.01,0.01,0.01
2497,concrete,noisyFCN,32,1e-05,0.001,0.01,0.001,0.01
2499,concrete,noisyFCN,32,1e-05,0.001,0.01,0.005,0.01
2500,protein-tertiary-structure,dropoutFCN,32,0.001,0.0005,0.01,0.01,0.01
2501,concrete,noisyFCN,32,1e-05,0.001,0.01,0.01,0.01
2502,concrete,noisyFCN,32,1e-05,0.001,0.01,0.05,0.01
2503,concrete,noisyFCN,32,1e-05,0.001,0.01,0.1,0.01
2504,concrete,noisyFCN,32,1e-05,0.002,0.01,0.001,0.01
2505,concrete,noisyFCN,32,1e-05,0.002,0.01,0.005,0.01
2506,protein-tertiary-structure,dropoutFCN,32,0.001,0.0005,0.01,0.01,0.005
2507,concrete,noisyFCN,32,1e-05,0.002,0.01,0.01,0.01
2509,concrete,noisyFCN,32,1e-05,0.002,0.01,0.05,0.01
2510,concrete,noisyFCN,32,1e-05,0.002,0.01,0.1,0.01
2512,concrete,noisyFCN,32,1e-09,0.0001,0.01,0.001,0.01
2513,protein-tertiary-structure,dropoutFCN,32,0.001,0.0005,0.01,0.01,0.001
2515,power-plant,fixnoiseFCN,32,0.001,0.0001,0.05,0.01,0.01
2516,concrete,noisyFCN,32,1e-09,0.0001,0.01,0.005,0.01
2517,protein-tertiary-structure,dropoutFCN,32,0.001,0.001,0.01,0.01,0.2
2520,protein-tertiary-structure,dropoutFCN,32,0.001,0.001,0.01,0.01,0.1
2521,concrete,noisyFCN,32,1e-09,0.0001,0.01,0.01,0.01
2524,kin8nm,fixnoiseFCN,32,0.1,0.0005,0.01,0.01,0.01
2526,protein-tertiary-structure,dropoutFCN,32,0.001,0.001,0.01,0.01,0.05
2527,concrete,noisyFCN,32,1e-09,0.0001,0.01,0.05,0.01
2528,power-plant,fixnoiseFCN,32,0.001,0.0001,0.1,0.01,0.01
2531,concrete,noisyFCN,32,1e-09,0.0001,0.01,0.1,0.01
2532,concrete,noisyFCN,32,1e-09,0.0005,0.01,0.001,0.01
2534,power-plant,noisyFCN,32,0.001,0.0001,0.01,0.001,0.01
2535,protein-tertiary-structure,dropoutFCN,32,0.001,0.001,0.01,0.01,0.01
2536,concrete,noisyFCN,32,1e-09,0.0005,0.01,0.005,0.01
2538,concrete,noisyFCN,32,1e-09,0.0005,0.01,0.01,0.01
2540,concrete,noisyFCN,32,1e-09,0.0005,0.01,0.05,0.01
2542,concrete,noisyFCN,32,1e-09,0.0005,0.01,0.1,0.01
2544,protein-tertiary-structure,dropoutFCN,32,0.001,0.001,0.01,0.01,0.005
2545,concrete,noisyFCN,32,1e-09,0.001,0.01,0.001,0.01
2546,concrete,noisyFCN,32,1e-09,0.001,0.01,0.005,0.01
2548,concrete,noisyFCN,32,1e-09,0.001,0.01,0.01,0.01
2550,concrete,noisyFCN,32,1e-09,0.001,0.01,0.05,0.01
2551,protein-tertiary-structure,dropoutFCN,32,0.001,0.001,0.01,0.01,0.001
2552,concrete,noisyFCN,32,1e-09,0.001,0.01,0.1,0.01
2554,concrete,noisyFCN,32,1e-09,0.002,0.01,0.001,0.01
2556,concrete,noisyFCN,32,1e-09,0.002,0.01,0.005,0.01
2557,concrete,noisyFCN,32,1e-09,0.002,0.01,0.01,0.01
2558,protein-tertiary-structure,dropoutFCN,32,0.001,0.002,0.01,0.01,0.2
2559,concrete,noisyFCN,32,1e-09,0.002,0.01,0.05,0.01
2560,concrete,noisyFCN,32,1e-09,0.002,0.01,0.1,0.01
2561,energy,FCN,32,0.1,0.0001,0.01,0.01,0.01
2562,kin8nm,fixnoiseFCN,32,0.1,0.0005,0.05,0.01,0.01
2563,energy,FCN,32,0.1,0.0005,0.01,0.01,0.01
2565,energy,FCN,32,0.1,0.002,0.01,0.01,0.01
2566,protein-tertiary-structure,dropoutFCN,32,0.001,0.002,0.01,0.01,0.1
2567,energy,FCN,32,0.01,0.0001,0.01,0.01,0.01
2568,energy,FCN,32,0.01,0.0005,0.01,0.01,0.01
2570,energy,FCN,32,0.01,0.002,0.01,0.01,0.01
2572,energy,FCN,32,0.001,0.0001,0.01,0.01,0.01
2573,kin8nm,fixnoiseFCN,32,0.1,0.0005,0.1,0.01,0.01
2574,energy,FCN,32,0.001,0.0005,0.01,0.01,0.01
2576,energy,FCN,32,0.001,0.002,0.01,0.01,0.01
2577,protein-tertiary-structure,dropoutFCN,32,0.001,0.002,0.01,0.01,0.05
2578,energy,FCN,32,0.0001,0.0001,0.01,0.01,0.01
2579,energy,FCN,32,0.0001,0.0005,0.01,0.01,0.01
2581,energy,FCN,32,0.0001,0.002,0.01,0.01,0.01
2583,energy,FCN,32,1e-05,0.0001,0.01,0.01,0.01
2584,energy,FCN,32,1e-05,0.0005,0.01,0.01,0.01
2586,energy,FCN,32,1e-05,0.002,0.01,0.01,0.01
2587,energy,FCN,32,1e-09,0.0001,0.01,0.01,0.01
2588,protein-tertiary-structure,dropoutFCN,32,0.001,0.002,0.01,0.01,0.01
2589,energy,FCN,32,1e-09,0.0005,0.01,0.01,0.01
2591,energy,FCN,32,1e-09,0.002,0.01,0.01,0.01
2593,energy,noisyFCN,32,0.1,0.0001,0.01,0.001,0.01
2594,energy,noisyFCN,32,0.1,0.0001,0.01,0.005,0.01
2595,energy,noisyFCN,32,0.1,0.0001,0.01,0.01,0.01
2597,protein-tertiary-structure,dropoutFCN,32,0.001,0.002,0.01,0.01,0.005
2598,energy,noisyFCN,32,0.1,0.0001,0.01,0.05,0.01
2599,energy,noisyFCN,32,0.1,0.0001,0.01,0.1,0.01
2600,energy,noisyFCN,32,0.1,0.0005,0.01,0.001,0.01
2601,energy,noisyFCN,32,0.1,0.0005,0.01,0.005,0.01
2602,energy,noisyFCN,32,0.1,0.0005,0.01,0.01,0.01
2603,energy,noisyFCN,32,0.1,0.0005,0.01,0.05,0.01
2604,energy,noisyFCN,32,0.1,0.0005,0.01,0.1,0.01
2605,energy,noisyFCN,32,0.1,0.001,0.01,0.001,0.01
2607,energy,noisyFCN,32,0.1,0.001,0.01,0.005,0.01
2608,energy,noisyFCN,32,0.1,0.001,0.01,0.01,0.01
2609,energy,noisyFCN,32,0.1,0.001,0.01,0.05,0.01
2610,energy,noisyFCN,32,0.1,0.001,0.01,0.1,0.01
2611,energy,noisyFCN,32,0.1,0.002,0.01,0.001,0.01
2612,energy,noisyFCN,32,0.1,0.002,0.01,0.005,0.01
2613,energy,noisyFCN,32,0.1,0.002,0.01,0.01,0.01
2614,protein-tertiary-structure,dropoutFCN,32,0.001,0.002,0.01,0.01,0.001
2616,energy,noisyFCN,32,0.1,0.002,0.01,0.05,0.01
2617,energy,noisyFCN,32,0.1,0.002,0.01,0.1,0.01
2622,power-plant,fixnoiseFCN,32,0.001,0.0005,0.001,0.01,0.01
2629,energy,noisyFCN,32,0.01,0.0001,0.01,0.001,0.01
2632,kin8nm,fixnoiseFCN,32,0.1,0.001,0.001,0.01,0.01
2634,protein-tertiary-structure,dropoutFCN,32,0.0001,0.0001,0.01,0.01,0.2
2639,energy,noisyFCN,32,0.01,0.0001,0.01,0.005,0.01
2642,protein-tertiary-structure,dropoutFCN,32,0.0001,0.0001,0.01,0.01,0.1
2645,energy,noisyFCN,32,0.01,0.0001,0.01,0.01,0.01
2650,power-plant,fixnoiseFCN,32,0.001,0.0005,0.005,0.01,0.01
2656,power-plant,noisyFCN,32,0.001,0.0001,0.01,0.005,0.01
2657,kin8nm,fixnoiseFCN,32,0.1,0.001,0.005,0.01,0.01
2663,energy,noisyFCN,32,0.01,0.0001,0.01,0.05,0.01
2665,protein-tertiary-structure,dropoutFCN,32,0.0001,0.0001,0.01,0.01,0.05
2669,energy,noisyFCN,32,0.01,0.0001,0.01,0.1,0.01
2671,energy,noisyFCN,32,0.01,0.0005,0.01,0.001,0.01
2674,energy,noisyFCN,32,0.01,0.0005,0.01,0.005,0.01
2677,protein-tertiary-structure,dropoutFCN,32,0.0001,0.0001,0.01,0.01,0.01
2678,kin8nm,fixnoiseFCN,32,0.1,0.001,0.01,0.01,0.01
2681,energy,noisyFCN,32,0.01,0.0005,0.01,0.01,0.01
2685,energy,noisyFCN,32,0.01,0.0005,0.01,0.05,0.01
2686,power-plant,fixnoiseFCN,32,0.001,0.0005,0.01,0.01,0.01
2689,protein-tertiary-structure,dropoutFCN,32,0.0001,0.0001,0.01,0.01,0.005
2692,energy,noisyFCN,32,0.01,0.0005,0.01,0.1,0.01
2695,energy,noisyFCN,32,0.01,0.001,0.01,0.001,0.01
2698,kin8nm,fixnoiseFCN,32,0.1,0.001,0.05,0.01,0.01
2699,energy,noisyFCN,32,0.01,0.001,0.01,0.005,0.01
2700,protein-tertiary-structure,dropoutFCN,32,0.0001,0.0001,0.01,0.01,0.001
2701,energy,noisyFCN,32,0.01,0.001,0.01,0.01,0.01
2703,energy,noisyFCN,32,0.01,0.001,0.01,0.05,0.01
2705,protein-tertiary-structure,dropoutFCN,32,0.0001,0.0005,0.01,0.01,0.2
2707,energy,noisyFCN,32,0.01,0.001,0.01,0.1,0.01
2708,energy,noisyFCN,32,0.01,0.002,0.01,0.001,0.01
2709,power-plant,fixnoiseFCN,32,0.001,0.0005,0.05,0.01,0.01
2710,energy,noisyFCN,32,0.01,0.002,0.01,0.005,0.01
2712,kin8nm,fixnoiseFCN,32,0.1,0.001,0.1,0.01,0.01
2713,energy,noisyFCN,32,0.01,0.002,0.01,0.01,0.01
2714,energy,noisyFCN,32,0.01,0.002,0.01,0.05,0.01
2715,protein-tertiary-structure,dropoutFCN,32,0.0001,0.0005,0.01,0.01,0.1
2717,energy,noisyFCN,32,0.01,0.002,0.01,0.1,0.01
2720,protein-tertiary-structure,dropoutFCN,32,0.0001,0.0005,0.01,0.01,0.05
2724,energy,noisyFCN,32,0.001,0.0001,0.01,0.001,0.01
2726,protein-tertiary-structure,dropoutFCN,32,0.0001,0.0005,0.01,0.01,0.01
2729,power-plant,fixnoiseFCN,32,0.001,0.0005,0.1,0.01,0.01
2731,protein-tertiary-structure,dropoutFCN,32,0.0001,0.0005,0.01,0.01,0.005
2734,energy,noisyFCN,32,0.001,0.0001,0.01,0.005,0.01
2737,kin8nm,fixnoiseFCN,32,0.1,0.002,0.001,0.01,0.01
2740,protein-tertiary-structure,dropoutFCN,32,0.0001,0.0005,0.01,0.01,0.001
2742,energy,dropoutFCN,32,0.1,0.0001,0.1,0.01,0.2
2743,energy,dropoutFCN,32,0.1,0.0001,0.1,0.01,0.1
2744,energy,dropoutFCN,32,0.1,0.0001,0.1,0.01,0.05
2745,energy,dropoutFCN,32,0.1,0.0001,0.1,0.01,0.01
2746,energy,dropoutFCN,32,0.1,0.0001,0.1,0.01,0.005
2747,energy,dropoutFCN,32,0.1,0.0001,0.1,0.01,0.001
2748,energy,dropoutFCN,32,0.1,0.0005,0.1,0.01,0.2
2749,energy,dropoutFCN,32,0.1,0.0005,0.1,0.01,0.1
2750,energy,dropoutFCN,32,0.1,0.0005,0.1,0.01,0.05
2751,energy,dropoutFCN,32,0.1,0.0005,0.1,0.01,0.01
2752,energy,dropoutFCN,32,0.1,0.0005,0.1,0.01,0.005
2753,energy,dropoutFCN,32,0.1,0.0005,0.1,0.01,0.001
2754,energy,dropoutFCN,32,0.1,0.001,0.1,0.01,0.2
2755,energy,dropoutFCN,32,0.1,0.001,0.1,0.01,0.1
2756,energy,dropoutFCN,32,0.1,0.001,0.1,0.01,0.05
2757,energy,dropoutFCN,32,0.1,0.001,0.1,0.01,0.01
2758,energy,dropoutFCN,32,0.1,0.001,0.1,0.01,0.005
2759,energy,dropoutFCN,32,0.1,0.001,0.1,0.01,0.001
2760,energy,dropoutFCN,32,0.1,0.002,0.1,0.01,0.2
2761,energy,dropoutFCN,32,0.1,0.002,0.1,0.01,0.1
2762,energy,dropoutFCN,32,0.1,0.002,0.1,0.01,0.05
2763,energy,dropoutFCN,32,0.1,0.002,0.1,0.01,0.01
2764,energy,dropoutFCN,32,0.1,0.002,0.1,0.01,0.005
2765,energy,dropoutFCN,32,0.1,0.002,0.1,0.01,0.001
2766,energy,dropoutFCN,32,0.01,0.0001,0.1,0.01,0.2
2767,energy,noisyFCN,32,0.001,0.0001,0.01,0.01,0.01
2768,protein-tertiary-structure,dropoutFCN,32,0.0001,0.001,0.01,0.01,0.2
2769,energy,dropoutFCN,32,0.01,0.0001,0.1,0.01,0.1
2770,energy,dropoutFCN,32,0.01,0.0001,0.1,0.01,0.05
2771,power-plant,fixnoiseFCN,32,0.001,0.001,0.001,0.01,0.01
2772,energy,dropoutFCN,32,0.01,0.0001,0.1,0.01,0.01
2773,energy,noisyFCN,32,0.001,0.0001,0.01,0.05,0.01
2774,energy,dropoutFCN,32,0.01,0.0001,0.1,0.01,0.005
2775,energy,dropoutFCN,32,0.01,0.0001,0.1,0.01,0.001
2776,energy,dropoutFCN,32,0.01,0.0005,0.1,0.01,0.2
2777,energy,dropoutFCN,32,0.01,0.0005,0.1,0.01,0.1
2778,energy,dropoutFCN,32,0.01,0.0005,0.1,0.01,0.05
2779,energy,dropoutFCN,32,0.01,0.0005,0.1,0.01,0.01
2780,energy,noisyFCN,32,0.001,0.0001,0.01,0.1,0.01
2781,protein-tertiary-structure,dropoutFCN,32,0.0001,0.001,0.01,0.01,0.1
2782,energy,dropoutFCN,32,0.01,0.0005,0.1,0.01,0.005
2783,energy,dropoutFCN,32,0.01,0.0005,0.1,0.01,0.001
2784,energy,dropoutFCN,32,0.01,0.001,0.1,0.01,0.2
2785,energy,dropoutFCN,32,0.01,0.001,0.1,0.01,0.1
2786,energy,noisyFCN,32,0.001,0.0005,0.01,0.001,0.01
2787,energy,dropoutFCN,32,0.01,0.001,0.1,0.01,0.05
2788,kin8nm,fixnoiseFCN,32,0.1,0.002,0.005,0.01,0.01
2789,energy,dropoutFCN,32,0.01,0.001,0.1,0.01,0.01
2790,protein-tertiary-structure,dropoutFCN,32,0.0001,0.001,0.01,0.01,0.05
2791,energy,dropoutFCN,32,0.01,0.001,0.1,0.01,0.005
2792,energy,noisyFCN,32,0.001,0.0005,0.01,0.005,0.01
2794,energy,dropoutFCN,32,0.01,0.001,0.1,0.01,0.001
2795,energy,dropoutFCN,32,0.01,0.002,0.1,0.01,0.2
2796,energy,dropoutFCN,32,0.01,0.002,0.1,0.01,0.1
2797,energy,dropoutFCN,32,0.01,0.002,0.1,0.01,0.05
2798,energy,dropoutFCN,32,0.01,0.002,0.1,0.01,0.01
2799,energy,dropoutFCN,32,0.01,0.002,0.1,0.01,0.005
2800,energy,dropoutFCN,32,0.01,0.002,0.1,0.01,0.001
2801,energy,noisyFCN,32,0.001,0.0005,0.01,0.01,0.01
2802,protein-tertiary-structure,dropoutFCN,32,0.0001,0.001,0.01,0.01,0.01
2803,energy,noisyFCN,32,0.001,0.0005,0.01,0.05,0.01
2804,energy,dropoutFCN,32,0.001,0.0001,0.1,0.01,0.2
2805,energy,dropoutFCN,32,0.001,0.0001,0.1,0.01,0.1
2806,energy,noisyFCN,32,0.001,0.0005,0.01,0.1,0.01
2807,energy,dropoutFCN,32,0.001,0.0001,0.1,0.01,0.05
2808,protein-tertiary-structure,dropoutFCN,32,0.0001,0.001,0.01,0.01,0.005
2809,energy,noisyFCN,32,0.001,0.001,0.01,0.001,0.01
2810,energy,dropoutFCN,32,0.001,0.0001,0.1,0.01,0.01
2811,energy,dropoutFCN,32,0.001,0.0001,0.1,0.01,0.005
2812,energy,noisyFCN,32,0.001,0.001,0.01,0.005,0.01
2813,energy,dropoutFCN,32,0.001,0.0001,0.1,0.01,0.001
2814,power-plant,noisyFCN,32,0.001,0.0001,0.01,0.01,0.01
2815,energy,noisyFCN,32,0.001,0.001,0.01,0.01,0.01
2816,energy,dropoutFCN,32,0.001,0.0005,0.1,0.01,0.2
2817,protein-tertiary-structure,dropoutFCN,32,0.0001,0.001,0.01,0.01,0.001
2818,energy,dropoutFCN,32,0.001,0.0005,0.1,0.01,0.1
2819,energy,dropoutFCN,32,0.001,0.0005,0.1,0.01,0.05
2820,energy,noisyFCN,32,0.001,0.001,0.01,0.05,0.01
2821,energy,dropoutFCN,32,0.001,0.0005,0.1,0.01,0.01
2822,energy,dropoutFCN,32,0.001,0.0005,0.1,0.01,0.005
2823,energy,noisyFCN,32,0.001,0.001,0.01,0.1,0.01
2824,energy,dropoutFCN,32,0.001,0.0005,0.1,0.01,0.001
2825,energy,dropoutFCN,32,0.001,0.001,0.1,0.01,0.2
2826,energy,dropoutFCN,32,0.001,0.001,0.1,0.01,0.1
2827,energy,noisyFCN,32,0.001,0.002,0.01,0.001,0.01
2828,energy,dropoutFCN,32,0.001,0.001,0.1,0.01,0.05
2829,power-plant,fixnoiseFCN,32,0.001,0.001,0.005,0.01,0.01
2830,energy,dropoutFCN,32,0.001,0.001,0.1,0.01,0.01
2831,energy,dropoutFCN,32,0.001,0.001,0.1,0.01,0.005
2832,energy,noisyFCN,32,0.001,0.002,0.01,0.005,0.01
2833,energy,dropoutFCN,32,0.001,0.001,0.1,0.01,0.001
2834,energy,dropoutFCN,32,0.001,0.002,0.1,0.01,0.2
2835,energy,dropoutFCN,32,0.001,0.002,0.1,0.01,0.1
2836,energy,dropoutFCN,32,0.001,0.002,0.1,0.01,0.05
2837,energy,noisyFCN,32,0.001,0.002,0.01,0.01,0.01
2838,energy,dropoutFCN,32,0.001,0.002,0.1,0.01,0.01
2839,energy,dropoutFCN,32,0.001,0.002,0.1,0.01,0.005
2840,energy,dropoutFCN,32,0.001,0.002,0.1,0.01,0.001
2841,energy,noisyFCN,32,0.001,0.002,0.01,0.05,0.01
2842,energy,noisyFCN,32,0.001,0.002,0.01,0.1,0.01
2843,energy,dropoutFCN,32,0.0001,0.0001,0.1,0.01,0.2
2844,kin8nm,fixnoiseFCN,32,0.1,0.002,0.01,0.01,0.01
2845,protein-tertiary-structure,dropoutFCN,32,0.0001,0.002,0.01,0.01,0.2
2846,energy,dropoutFCN,32,0.0001,0.0001,0.1,0.01,0.1
2847,energy,dropoutFCN,32,0.0001,0.0001,0.1,0.01,0.05
2848,energy,dropoutFCN,32,0.0001,0.0001,0.1,0.01,0.01
2849,energy,dropoutFCN,32,0.0001,0.0001,0.1,0.01,0.005
2850,energy,noisyFCN,32,0.0001,0.0001,0.01,0.001,0.01
2851,energy,dropoutFCN,32,0.0001,0.0001,0.1,0.01,0.001
2852,energy,dropoutFCN,32,0.0001,0.0005,0.1,0.01,0.2
2853,protein-tertiary-structure,dropoutFCN,32,0.0001,0.002,0.01,0.01,0.1
2854,energy,dropoutFCN,32,0.0001,0.0005,0.1,0.01,0.1
2855,energy,dropoutFCN,32,0.0001,0.0005,0.1,0.01,0.05
2857,energy,dropoutFCN,32,0.0001,0.0005,0.1,0.01,0.01
2858,energy,dropoutFCN,32,0.0001,0.0005,0.1,0.01,0.005
2859,energy,dropoutFCN,32,0.0001,0.0005,0.1,0.01,0.001
2860,energy,dropoutFCN,32,0.0001,0.001,0.1,0.01,0.2
2861,energy,dropoutFCN,32,0.0001,0.001,0.1,0.01,0.1
2862,power-plant,fixnoiseFCN,32,0.001,0.001,0.01,0.01,0.01
2863,energy,dropoutFCN,32,0.0001,0.001,0.1,0.01,0.05
2864,energy,dropoutFCN,32,0.0001,0.001,0.1,0.01,0.01
2865,energy,dropoutFCN,32,0.0001,0.001,0.1,0.01,0.005
2866,energy,noisyFCN,32,0.0001,0.0001,0.01,0.005,0.01
2867,energy,dropoutFCN,32,0.0001,0.001,0.1,0.01,0.001
2868,energy,dropoutFCN,32,0.0001,0.002,0.1,0.01,0.2
2869,energy,dropoutFCN,32,0.0001,0.002,0.1,0.01,0.1
2870,energy,dropoutFCN,32,0.0001,0.002,0.1,0.01,0.05
2871,energy,dropoutFCN,32,0.0001,0.002,0.1,0.01,0.01
2872,energy,dropoutFCN,32,0.0001,0.002,0.1,0.01,0.005
2873,energy,dropoutFCN,32,0.0001,0.002,0.1,0.01,0.001
2874,protein-tertiary-structure,dropoutFCN,32,0.0001,0.002,0.01,0.01,0.05
2875,energy,dropoutFCN,32,1e-05,0.0001,0.1,0.01,0.2
2876,energy,dropoutFCN,32,1e-05,0.0001,0.1,0.01,0.1
2877,energy,noisyFCN,32,0.0001,0.0001,0.01,0.01,0.01
2878,protein-tertiary-structure,dropoutFCN,32,0.0001,0.002,0.01,0.01,0.01
2879,energy,dropoutFCN,32,1e-05,0.0001,0.1,0.01,0.05
2880,kin8nm,fixnoiseFCN,32,0.1,0.002,0.05,0.01,0.01
2881,energy,dropoutFCN,32,1e-05,0.0001,0.1,0.01,0.01
2882,power-plant,fixnoiseFCN,32,0.001,0.001,0.05,0.01,0.01
2883,energy,dropoutFCN,32,1e-05,0.0001,0.1,0.01,0.005
2885,protein-tertiary-structure,dropoutFCN,32,0.0001,0.002,0.01,0.01,0.005
2886,energy,dropoutFCN,32,1e-05,0.0001,0.1,0.01,0.001
2887,energy,dropoutFCN,32,1e-05,0.0005,0.1,0.01,0.2
2888,energy,dropoutFCN,32,1e-05,0.0005,0.1,0.01,0.1
2889,energy,dropoutFCN,32,1e-05,0.0005,0.1,0.01,0.05
2890,energy,dropoutFCN,32,1e-05,0.0005,0.1,0.01,0.01
2891,energy,noisyFCN,32,0.0001,0.0001,0.01,0.05,0.01
2892,energy,dropoutFCN,32,1e-05,0.0005,0.1,0.01,0.005
2893,protein-tertiary-structure,dropoutFCN,32,0.0001,0.002,0.01,0.01,0.001
2894,energy,dropoutFCN,32,1e-05,0.0005,0.1,0.01,0.001
2895,energy,dropoutFCN,32,1e-05,0.001,0.1,0.01,0.2
2896,energy,dropoutFCN,32,1e-05,0.001,0.1,0.01,0.1
2897,energy,dropoutFCN,32,1e-05,0.001,0.1,0.01,0.05
2898,energy,dropoutFCN,32,1e-05,0.001,0.1,0.01,0.01
2899,energy,dropoutFCN,32,1e-05,0.001,0.1,0.01,0.005
2900,energy,dropoutFCN,32,1e-05,0.001,0.1,0.01,0.001
2901,energy,dropoutFCN,32,1e-05,0.002,0.1,0.01,0.2
2902,energy,dropoutFCN,32,1e-05,0.002,0.1,0.01,0.1
2903,energy,dropoutFCN,32,1e-05,0.002,0.1,0.01,0.05
2904,energy,dropoutFCN,32,1e-05,0.002,0.1,0.01,0.01
2905,energy,dropoutFCN,32,1e-05,0.002,0.1,0.01,0.005
2906,power-plant,fixnoiseFCN,32,0.001,0.001,0.1,0.01,0.01
2907,energy,dropoutFCN,32,1e-05,0.002,0.1,0.01,0.001
2908,kin8nm,fixnoiseFCN,32,0.1,0.002,0.1,0.01,0.01
2910,energy,dropoutFCN,32,1e-09,0.0001,0.1,0.01,0.2
2911,energy,noisyFCN,32,0.0001,0.0001,0.01,0.1,0.01
2912,energy,dropoutFCN,32,1e-09,0.0001,0.1,0.01,0.1
2913,energy,dropoutFCN,32,1e-09,0.0001,0.1,0.01,0.05
2914,energy,noisyFCN,32,0.0001,0.0005,0.01,0.001,0.01
2915,energy,dropoutFCN,32,1e-09,0.0001,0.1,0.01,0.01
2916,energy,noisyFCN,32,0.0001,0.0005,0.01,0.005,0.01
2917,energy,dropoutFCN,32,1e-09,0.0001,0.1,0.01,0.005
2918,energy,dropoutFCN,32,1e-09,0.0001,0.1,0.01,0.001
2919,energy,dropoutFCN,32,1e-09,0.0005,0.1,0.01,0.2
2920,energy,noisyFCN,32,0.0001,0.0005,0.01,0.01,0.01
2921,energy,dropoutFCN,32,1e-09,0.0005,0.1,0.01,0.1
2922,energy,dropoutFCN,32,1e-09,0.0005,0.1,0.01,0.05
2923,energy,noisyFCN,32,0.0001,0.0005,0.01,0.05,0.01
2924,energy,dropoutFCN,32,1e-09,0.0005,0.1,0.01,0.01
2925,energy,dropoutFCN,32,1e-09,0.0005,0.1,0.01,0.005
2926,energy,dropoutFCN,32,1e-09,0.0005,0.1,0.01,0.001
2927,energy,dropoutFCN,32,1e-09,0.001,0.1,0.01,0.2
2928,energy,noisyFCN,32,0.0001,0.0005,0.01,0.1,0.01
2929,energy,dropoutFCN,32,1e-09,0.001,0.1,0.01,0.1
2930,energy,dropoutFCN,32,1e-09,0.001,0.1,0.01,0.05
2931,energy,dropoutFCN,32,1e-09,0.001,0.1,0.01,0.01
2932,energy,noisyFCN,32,0.0001,0.001,0.01,0.001,0.01
2933,energy,dropoutFCN,32,1e-09,0.001,0.1,0.01,0.005
2934,protein-tertiary-structure,dropoutFCN,32,1e-05,0.0001,0.01,0.01,0.2
2935,energy,dropoutFCN,32,1e-09,0.001,0.1,0.01,0.001
2936,energy,dropoutFCN,32,1e-09,0.002,0.1,0.01,0.2
2937,energy,noisyFCN,32,0.0001,0.001,0.01,0.005,0.01
2938,energy,dropoutFCN,32,1e-09,0.002,0.1,0.01,0.1
2939,energy,dropoutFCN,32,1e-09,0.002,0.1,0.01,0.05
2940,energy,dropoutFCN,32,1e-09,0.002,0.1,0.01,0.01
2941,energy,dropoutFCN,32,1e-09,0.002,0.1,0.01,0.005
2942,energy,noisyFCN,32,0.0001,0.001,0.01,0.01,0.01
2943,energy,dropoutFCN,32,1e-09,0.002,0.1,0.01,0.001
2944,energy,noisyFCN,32,0.0001,0.001,0.01,0.05,0.01
2945,energy,noisyFCN,32,0.0001,0.001,0.01,0.1,0.01
2946,energy,noisyFCN,32,0.0001,0.002,0.01,0.001,0.01
2947,power-plant,fixnoiseFCN,32,0.001,0.002,0.001,0.01,0.01
2948,energy,noisyFCN,32,0.0001,0.002,0.01,0.005,0.01
2949,energy,noisyFCN,32,0.0001,0.002,0.01,0.01,0.01
2950,energy,noisyFCN,32,0.0001,0.002,0.01,0.05,0.01
2951,energy,noisyFCN,32,0.0001,0.002,0.01,0.1,0.01
2952,energy,noisyFCN,32,1e-05,0.0001,0.01,0.001,0.01
2954,energy,noisyFCN,32,1e-05,0.0001,0.01,0.005,0.01
2955,protein-tertiary-structure,dropoutFCN,32,1e-05,0.0001,0.01,0.01,0.1
2956,power-plant,fixnoiseFCN,32,0.001,0.002,0.005,0.01,0.01
2957,energy,noisyFCN,32,1e-05,0.0001,0.01,0.01,0.01
2958,energy,noisyFCN,32,1e-05,0.0001,0.01,0.05,0.01
2959,energy,noisyFCN,32,1e-05,0.0001,0.01,0.1,0.01
2960,protein-tertiary-structure,dropoutFCN,32,1e-05,0.0001,0.01,0.01,0.05
2961,energy,noisyFCN,32,1e-05,0.0005,0.01,0.001,0.01
2962,energy,noisyFCN,32,1e-05,0.0005,0.01,0.005,0.01
2963,energy,noisyFCN,32,1e-05,0.0005,0.01,0.01,0.01
2964,energy,noisyFCN,32,1e-05,0.0005,0.01,0.05,0.01
2965,energy,noisyFCN,32,1e-05,0.0005,0.01,0.1,0.01
2966,protein-tertiary-structure,dropoutFCN,32,1e-05,0.0001,0.01,0.01,0.01
2967,energy,noisyFCN,32,1e-05,0.001,0.01,0.001,0.01
2969,energy,noisyFCN,32,1e-05,0.001,0.01,0.005,0.01
2970,power-plant,fixnoiseFCN,32,0.001,0.002,0.01,0.01,0.01
2971,energy,noisyFCN,32,1e-05,0.001,0.01,0.01,0.01
2972,energy,noisyFCN,32,1e-05,0.001,0.01,0.05,0.01
2973,energy,noisyFCN,32,1e-05,0.001,0.01,0.1,0.01
2974,energy,noisyFCN,32,1e-05,0.002,0.01,0.001,0.01
2975,energy,noisyFCN,32,1e-05,0.002,0.01,0.005,0.01
2976,kin8nm,fixnoiseFCN,32,0.01,0.0001,0.001,0.01,0.01
2977,energy,noisyFCN,32,1e-05,0.002,0.01,0.01,0.01
2978,energy,noisyFCN,32,1e-05,0.002,0.01,0.05,0.01
2979,energy,noisyFCN,32,1e-05,0.002,0.01,0.1,0.01
2980,energy,noisyFCN,32,1e-09,0.0001,0.01,0.001,0.01
2981,power-plant,fixnoiseFCN,32,0.001,0.002,0.05,0.01,0.01
2982,power-plant,noisyFCN,32,0.001,0.0001,0.01,0.05,0.01
2983,protein-tertiary-structure,dropoutFCN,32,1e-05,0.0001,0.01,0.01,0.005
2985,energy,noisyFCN,32,1e-09,0.0001,0.01,0.005,0.01
2986,energy,noisyFCN,32,1e-09,0.0001,0.01,0.01,0.01
2988,power-plant,fixnoiseFCN,32,0.001,0.002,0.1,0.01,0.01
2989,energy,noisyFCN,32,1e-09,0.0001,0.01,0.05,0.01
2991,energy,noisyFCN,32,1e-09,0.0001,0.01,0.1,0.01
2992,protein-tertiary-structure,dropoutFCN,32,1e-05,0.0001,0.01,0.01,0.001
2993,energy,noisyFCN,32,1e-09,0.0005,0.01,0.001,0.01
2994,energy,noisyFCN,32,1e-09,0.0005,0.01,0.005,0.01
2995,energy,noisyFCN,32,1e-09,0.0005,0.01,0.01,0.01
2996,energy,noisyFCN,32,1e-09,0.0005,0.01,0.05,0.01
2997,energy,noisyFCN,32,1e-09,0.0005,0.01,0.1,0.01
2998,energy,noisyFCN,32,1e-09,0.001,0.01,0.001,0.01
3000,energy,noisyFCN,32,1e-09,0.001,0.01,0.005,0.01
3001,protein-tertiary-structure,dropoutFCN,32,1e-05,0.0005,0.01,0.01,0.2
3002,energy,noisyFCN,32,1e-09,0.001,0.01,0.01,0.01
3003,energy,noisyFCN,32,1e-09,0.001,0.01,0.05,0.01
3004,energy,noisyFCN,32,1e-09,0.001,0.01,0.1,0.01
3005,energy,noisyFCN,32,1e-09,0.002,0.01,0.001,0.01
3006,energy,noisyFCN,32,1e-09,0.002,0.01,0.005,0.01
3007,energy,noisyFCN,32,1e-09,0.002,0.01,0.01,0.01
3008,energy,noisyFCN,32,1e-09,0.002,0.01,0.05,0.01
3009,energy,noisyFCN,32,1e-09,0.002,0.01,0.1,0.01
3010,protein-tertiary-structure,dropoutFCN,32,1e-05,0.0005,0.01,0.01,0.1
3011,protein-tertiary-structure,dropoutFCN,32,1e-05,0.0005,0.01,0.01,0.05
3012,kin8nm,fixnoiseFCN,32,0.01,0.0001,0.005,0.01,0.01
3013,kin8nm,FCN,32,0.1,0.0001,0.01,0.01,0.01
3015,protein-tertiary-structure,dropoutFCN,32,1e-05,0.0005,0.01,0.01,0.01
3016,protein-tertiary-structure,dropoutFCN,32,1e-05,0.0005,0.01,0.01,0.005
3017,kin8nm,FCN,32,0.1,0.0005,0.01,0.01,0.01
3018,kin8nm,FCN,32,0.1,0.001,0.01,0.01,0.01
3019,protein-tertiary-structure,dropoutFCN,32,1e-05,0.0005,0.01,0.01,0.001
3020,kin8nm,FCN,32,0.1,0.002,0.01,0.01,0.01
3022,protein-tertiary-structure,dropoutFCN,32,1e-05,0.001,0.01,0.01,0.2
3023,kin8nm,FCN,32,0.01,0.0001,0.01,0.01,0.01
3024,kin8nm,FCN,32,0.01,0.0005,0.01,0.01,0.01
3025,protein-tertiary-structure,dropoutFCN,32,1e-05,0.001,0.01,0.01,0.1
3026,kin8nm,FCN,32,0.01,0.001,0.01,0.01,0.01
3027,kin8nm,FCN,32,0.01,0.002,0.01,0.01,0.01
3028,protein-tertiary-structure,dropoutFCN,32,1e-05,0.001,0.01,0.01,0.05
3030,protein-tertiary-structure,dropoutFCN,32,1e-05,0.001,0.01,0.01,0.01
3031,kin8nm,FCN,32,0.001,0.0001,0.01,0.01,0.01
3032,protein-tertiary-structure,dropoutFCN,32,1e-05,0.001,0.01,0.01,0.005
3034,kin8nm,fixnoiseFCN,32,0.01,0.0001,0.01,0.01,0.01
3035,protein-tertiary-structure,dropoutFCN,32,1e-05,0.001,0.01,0.01,0.001
3036,kin8nm,FCN,32,0.001,0.0005,0.01,0.01,0.01
3037,kin8nm,FCN,32,0.001,0.001,0.01,0.01,0.01
3039,kin8nm,FCN,32,0.001,0.002,0.01,0.01,0.01
3040,protein-tertiary-structure,dropoutFCN,32,1e-05,0.002,0.01,0.01,0.2
3041,power-plant,fixnoiseFCN,32,0.0001,0.0001,0.001,0.01,0.01
3042,kin8nm,FCN,32,0.0001,0.0001,0.01,0.01,0.01
3043,kin8nm,FCN,32,0.0001,0.0005,0.01,0.01,0.01
3044,kin8nm,FCN,32,0.0001,0.001,0.01,0.01,0.01
3045,protein-tertiary-structure,dropoutFCN,32,1e-05,0.002,0.01,0.01,0.1
3046,kin8nm,FCN,32,0.0001,0.002,0.01,0.01,0.01
3047,kin8nm,FCN,32,1e-05,0.0001,0.01,0.01,0.01
3048,kin8nm,FCN,32,1e-05,0.0005,0.01,0.01,0.01
3049,protein-tertiary-structure,dropoutFCN,32,1e-05,0.002,0.01,0.01,0.05
3050,kin8nm,FCN,32,1e-05,0.001,0.01,0.01,0.01
3052,kin8nm,FCN,32,1e-05,0.002,0.01,0.01,0.01
3053,kin8nm,FCN,32,1e-09,0.0001,0.01,0.01,0.01
3054,kin8nm,FCN,32,1e-09,0.0005,0.01,0.01,0.01
3055,kin8nm,FCN,32,1e-09,0.001,0.01,0.01,0.01
3056,kin8nm,FCN,32,1e-09,0.002,0.01,0.01,0.01
3057,protein-tertiary-structure,dropoutFCN,32,1e-05,0.002,0.01,0.01,0.01
3058,protein-tertiary-structure,dropoutFCN,32,1e-05,0.002,0.01,0.01,0.005
3059,protein-tertiary-structure,dropoutFCN,32,1e-05,0.002,0.01,0.01,0.001
3060,kin8nm,fixnoiseFCN,32,0.01,0.0001,0.05,0.01,0.01
3061,protein-tertiary-structure,dropoutFCN,32,1e-09,0.0001,0.01,0.01,0.2
3063,protein-tertiary-structure,dropoutFCN,32,1e-09,0.0001,0.01,0.01,0.1
3064,kin8nm,fixnoiseFCN,32,0.01,0.0001,0.1,0.01,0.01
3065,power-plant,fixnoiseFCN,32,0.0001,0.0001,0.005,0.01,0.01
3066,protein-tertiary-structure,dropoutFCN,32,1e-09,0.0001,0.01,0.01,0.05
3067,power-plant,noisyFCN,32,0.001,0.0001,0.01,0.1,0.01
3068,kin8nm,noisyFCN,32,0.1,0.0001,0.01,0.001,0.01
3069,protein-tertiary-structure,dropoutFCN,32,1e-09,0.0001,0.01,0.01,0.01
3071,kin8nm,fixnoiseFCN,32,0.01,0.0005,0.001,0.01,0.01
3072,protein-tertiary-structure,dropoutFCN,32,1e-09,0.0001,0.01,0.01,0.005
3073,power-plant,fixnoiseFCN,32,0.0001,0.0001,0.01,0.01,0.01
3074,protein-tertiary-structure,dropoutFCN,32,1e-09,0.0001,0.01,0.01,0.001
3075,power-plant,noisyFCN,32,0.001,0.0005,0.01,0.001,0.01
3076,kin8nm,fixnoiseFCN,32,0.01,0.0005,0.005,0.01,0.01
3077,protein-tertiary-structure,dropoutFCN,32,1e-09,0.0005,0.01,0.01,0.2
3079,protein-tertiary-structure,dropoutFCN,32,1e-09,0.0005,0.01,0.01,0.1
3081,kin8nm,fixnoiseFCN,32,0.01,0.0005,0.01,0.01,0.01
3082,protein-tertiary-structure,dropoutFCN,32,1e-09,0.0005,0.01,0.01,0.05
3083,protein-tertiary-structure,dropoutFCN,32,1e-09,0.0005,0.01,0.01,0.01
3084,power-plant,fixnoiseFCN,32,0.0001,0.0001,0.05,0.01,0.01
3085,kin8nm,fixnoiseFCN,32,0.01,0.0005,0.05,0.01,0.01
3086,protein-tertiary-structure,dropoutFCN,32,1e-09,0.0005,0.01,0.01,0.005
3087,protein-tertiary-structure,dropoutFCN,32,1e-09,0.0005,0.01,0.01,0.001
3088,kin8nm,fixnoiseFCN,32,0.01,0.0005,0.1,0.01,0.01
3089,protein-tertiary-structure,dropoutFCN,32,1e-09,0.001,0.01,0.01,0.2
3090,power-plant,noisyFCN,32,0.001,0.0005,0.01,0.005,0.01
3091,protein-tertiary-structure,dropoutFCN,32,1e-09,0.001,0.01,0.01,0.1
3092,power-plant,fixnoiseFCN,32,0.0001,0.0001,0.1,0.01,0.01
3093,kin8nm,noisyFCN,32,0.1,0.0001,0.01,0.005,0.01
3094,protein-tertiary-structure,dropoutFCN,32,1e-09,0.001,0.01,0.01,0.05
3095,protein-tertiary-structure,dropoutFCN,32,1e-09,0.001,0.01,0.01,0.01
3096,protein-tertiary-structure,dropoutFCN,32,1e-09,0.001,0.01,0.01,0.005
3097,protein-tertiary-structure,dropoutFCN,32,1e-09,0.001,0.01,0.01,0.001
3099,kin8nm,fixnoiseFCN,32,0.01,0.001,0.001,0.01,0.01
3100,protein-tertiary-structure,dropoutFCN,32,1e-09,0.002,0.01,0.01,0.2
3101,protein-tertiary-structure,dropoutFCN,32,1e-09,0.002,0.01,0.01,0.1
3102,protein-tertiary-structure,dropoutFCN,32,1e-09,0.002,0.01,0.01,0.05
3103,protein-tertiary-structure,dropoutFCN,32,1e-09,0.002,0.01,0.01,0.01
3104,protein-tertiary-structure,dropoutFCN,32,1e-09,0.002,0.01,0.01,0.005
3106,protein-tertiary-structure,dropoutFCN,32,1e-09,0.002,0.01,0.01,0.001
3107,power-plant,fixnoiseFCN,32,0.0001,0.0005,0.001,0.01,0.01
3108,kin8nm,fixnoiseFCN,32,0.01,0.001,0.005,0.01,0.01
3110,kin8nm,fixnoiseFCN,32,0.01,0.001,0.01,0.01,0.01
3111,power-plant,noisyFCN,32,0.001,0.0005,0.01,0.01,0.01
3112,kin8nm,fixnoiseFCN,32,0.01,0.001,0.05,0.01,0.01
3113,power-plant,fixnoiseFCN,32,0.0001,0.0005,0.005,0.01,0.01
3115,kin8nm,fixnoiseFCN,32,0.01,0.001,0.1,0.01,0.01
3117,kin8nm,noisyFCN,32,0.1,0.0001,0.01,0.01,0.01
3118,kin8nm,fixnoiseFCN,32,0.01,0.002,0.001,0.01,0.01
3119,power-plant,fixnoiseFCN,32,0.0001,0.0005,0.01,0.01,0.01
3121,kin8nm,fixnoiseFCN,32,0.01,0.002,0.005,0.01,0.01
3123,power-plant,noisyFCN,32,0.001,0.0005,0.01,0.05,0.01
3124,power-plant,fixnoiseFCN,32,0.0001,0.0005,0.05,0.01,0.01
3125,kin8nm,fixnoiseFCN,32,0.01,0.002,0.01,0.01,0.01
3126,power-plant,fixnoiseFCN,32,0.0001,0.0005,0.1,0.01,0.01
3128,kin8nm,fixnoiseFCN,32,0.01,0.002,0.05,0.01,0.01
3130,kin8nm,fixnoiseFCN,32,0.01,0.002,0.1,0.01,0.01
3131,kin8nm,noisyFCN,32,0.1,0.0001,0.01,0.05,0.01
3132,power-plant,fixnoiseFCN,32,0.0001,0.001,0.001,0.01,0.01
3133,power-plant,noisyFCN,32,0.001,0.0005,0.01,0.1,0.01
3136,kin8nm,fixnoiseFCN,32,0.001,0.0001,0.001,0.01,0.01
3137,power-plant,noisyFCN,32,0.001,0.001,0.01,0.001,0.01
3138,power-plant,fixnoiseFCN,32,0.0001,0.001,0.005,0.01,0.01
3139,power-plant,noisyFCN,32,0.001,0.001,0.01,0.005,0.01
3141,kin8nm,noisyFCN,32,0.1,0.0001,0.01,0.1,0.01
3142,power-plant,fixnoiseFCN,32,0.0001,0.001,0.01,0.01,0.01
3144,kin8nm,fixnoiseFCN,32,0.001,0.0001,0.005,0.01,0.01
3145,power-plant,fixnoiseFCN,32,0.0001,0.001,0.05,0.01,0.01
3146,power-plant,noisyFCN,32,0.001,0.001,0.01,0.01,0.01
3147,power-plant,fixnoiseFCN,32,0.0001,0.001,0.1,0.01,0.01
3149,power-plant,noisyFCN,32,0.001,0.001,0.01,0.05,0.01
3150,power-plant,fixnoiseFCN,32,0.0001,0.002,0.001,0.01,0.01
3151,kin8nm,fixnoiseFCN,32,0.001,0.0001,0.01,0.01,0.01
3153,kin8nm,noisyFCN,32,0.1,0.0005,0.01,0.001,0.01
3155,power-plant,noisyFCN,32,0.001,0.001,0.01,0.1,0.01
3156,power-plant,fixnoiseFCN,32,0.0001,0.002,0.005,0.01,0.01
3158,kin8nm,fixnoiseFCN,32,0.001,0.0001,0.05,0.01,0.01
3159,power-plant,noisyFCN,32,0.001,0.002,0.01,0.001,0.01
3160,power-plant,fixnoiseFCN,32,0.0001,0.002,0.01,0.01,0.01
3162,power-plant,noisyFCN,32,0.001,0.002,0.01,0.005,0.01
3163,power-plant,fixnoiseFCN,32,0.0001,0.002,0.05,0.01,0.01
3166,kin8nm,fixnoiseFCN,32,0.001,0.0001,0.1,0.01,0.01
3167,power-plant,fixnoiseFCN,32,0.0001,0.002,0.1,0.01,0.01
3168,power-plant,noisyFCN,32,0.001,0.002,0.01,0.01,0.01
3169,kin8nm,fixnoiseFCN,32,0.001,0.0005,0.001,0.01,0.01
3171,kin8nm,fixnoiseFCN,32,0.001,0.0005,0.005,0.01,0.01
3173,kin8nm,noisyFCN,32,0.1,0.0005,0.01,0.005,0.01
3174,power-plant,noisyFCN,32,0.001,0.002,0.01,0.05,0.01
3175,kin8nm,fixnoiseFCN,32,0.001,0.0005,0.01,0.01,0.01
3177,kin8nm,fixnoiseFCN,32,0.001,0.0005,0.05,0.01,0.01
3179,power-plant,noisyFCN,32,0.001,0.002,0.01,0.1,0.01
3180,kin8nm,fixnoiseFCN,32,0.001,0.0005,0.1,0.01,0.01
3182,power-plant,fixnoiseFCN,32,1e-05,0.0001,0.001,0.01,0.01
3183,kin8nm,noisyFCN,32,0.1,0.0005,0.01,0.01,0.01
3185,kin8nm,fixnoiseFCN,32,0.001,0.001,0.001,0.01,0.01
3187,kin8nm,fixnoiseFCN,32,0.001,0.001,0.005,0.01,0.01
3190,kin8nm,fixnoiseFCN,32,0.001,0.001,0.01,0.01,0.01
3191,kin8nm,fixnoiseFCN,32,0.001,0.001,0.05,0.01,0.01
3192,power-plant,fixnoiseFCN,32,1e-05,0.0001,0.005,0.01,0.01
3194,kin8nm,fixnoiseFCN,32,0.001,0.001,0.1,0.01,0.01
3195,power-plant,noisyFCN,32,0.0001,0.0001,0.01,0.001,0.01
3197,kin8nm,fixnoiseFCN,32,0.001,0.002,0.001,0.01,0.01
3198,power-plant,fixnoiseFCN,32,1e-05,0.0001,0.01,0.01,0.01
3199,kin8nm,noisyFCN,32,0.1,0.0005,0.01,0.05,0.01
3201,kin8nm,fixnoiseFCN,32,0.001,0.002,0.005,0.01,0.01
3202,kin8nm,fixnoiseFCN,32,0.001,0.002,0.01,0.01,0.01
3204,kin8nm,fixnoiseFCN,32,0.001,0.002,0.05,0.01,0.01
3206,power-plant,fixnoiseFCN,32,1e-05,0.0001,0.05,0.01,0.01
3207,kin8nm,noisyFCN,32,0.1,0.0005,0.01,0.1,0.01
3208,kin8nm,fixnoiseFCN,32,0.001,0.002,0.1,0.01,0.01
3209,power-plant,noisyFCN,32,0.0001,0.0001,0.01,0.005,0.01
3210,power-plant,fixnoiseFCN,32,1e-05,0.0001,0.1,0.01,0.01
3212,kin8nm,fixnoiseFCN,32,0.0001,0.0001,0.001,0.01,0.01
3213,kin8nm,noisyFCN,32,0.1,0.001,0.01,0.001,0.01
3214,kin8nm,fixnoiseFCN,32,0.0001,0.0001,0.005,0.01,0.01
3215,power-plant,fixnoiseFCN,32,1e-05,0.0005,0.001,0.01,0.01
3216,kin8nm,noisyFCN,32,0.1,0.001,0.01,0.005,0.01
3218,kin8nm,fixnoiseFCN,32,0.0001,0.0001,0.01,0.01,0.01
3219,power-plant,fixnoiseFCN,32,1e-05,0.0005,0.005,0.01,0.01
3220,power-plant,noisyFCN,32,0.0001,0.0001,0.01,0.01,0.01
3222,kin8nm,fixnoiseFCN,32,0.0001,0.0001,0.05,0.01,0.01
3223,kin8nm,noisyFCN,32,0.1,0.001,0.01,0.01,0.01
3225,power-plant,fixnoiseFCN,32,1e-05,0.0005,0.01,0.01,0.01
3226,kin8nm,noisyFCN,32,0.1,0.001,0.01,0.05,0.01
3227,kin8nm,fixnoiseFCN,32,0.0001,0.0001,0.1,0.01,0.01
3228,power-plant,fixnoiseFCN,32,1e-05,0.0005,0.05,0.01,0.01
3229,kin8nm,fixnoiseFCN,32,0.0001,0.0005,0.001,0.01,0.01
3230,power-plant,fixnoiseFCN,32,1e-05,0.0005,0.1,0.01,0.01
3231,kin8nm,fixnoiseFCN,32,0.0001,0.0005,0.005,0.01,0.01
3232,power-plant,noisyFCN,32,0.0001,0.0001,0.01,0.05,0.01
3235,kin8nm,fixnoiseFCN,32,0.0001,0.0005,0.01,0.01,0.01
3236,kin8nm,fixnoiseFCN,32,0.0001,0.0005,0.05,0.01,0.01
3237,kin8nm,noisyFCN,32,0.1,0.001,0.01,0.1,0.01
3239,kin8nm,fixnoiseFCN,32,0.0001,0.0005,0.1,0.01,0.01
3240,power-plant,fixnoiseFCN,32,1e-05,0.001,0.001,0.01,0.01
3241,kin8nm,fixnoiseFCN,32,0.0001,0.001,0.001,0.01,0.01
3242,kin8nm,noisyFCN,32,0.1,0.002,0.01,0.001,0.01
3243,kin8nm,fixnoiseFCN,32,0.0001,0.001,0.005,0.01,0.01
3244,kin8nm,fixnoiseFCN,32,0.0001,0.001,0.01,0.01,0.01
3246,kin8nm,noisyFCN,32,0.1,0.002,0.01,0.005,0.01
3247,power-plant,fixnoiseFCN,32,1e-05,0.001,0.005,0.01,0.01
3248,kin8nm,fixnoiseFCN,32,0.0001,0.001,0.05,0.01,0.01
3250,power-plant,noisyFCN,32,0.0001,0.0001,0.01,0.1,0.01
3251,kin8nm,fixnoiseFCN,32,0.0001,0.001,0.1,0.01,0.01
3252,kin8nm,noisyFCN,32,0.1,0.002,0.01,0.01,0.01
3253,kin8nm,fixnoiseFCN,32,0.0001,0.002,0.001,0.01,0.01
3254,power-plant,fixnoiseFCN,32,1e-05,0.001,0.01,0.01,0.01
3255,kin8nm,fixnoiseFCN,32,0.0001,0.002,0.005,0.01,0.01
3257,kin8nm,fixnoiseFCN,32,0.0001,0.002,0.01,0.01,0.01
3259,kin8nm,noisyFCN,32,0.1,0.002,0.01,0.05,0.01
3260,kin8nm,fixnoiseFCN,32,0.0001,0.002,0.05,0.01,0.01
3261,power-plant,fixnoiseFCN,32,1e-05,0.001,0.05,0.01,0.01
3262,kin8nm,fixnoiseFCN,32,0.0001,0.002,0.1,0.01,0.01
3263,power-plant,fixnoiseFCN,32,1e-05,0.001,0.1,0.01,0.01
3264,power-plant,noisyFCN,32,0.0001,0.0005,0.01,0.001,0.01
3265,power-plant,fixnoiseFCN,32,1e-05,0.002,0.001,0.01,0.01
3266,kin8nm,noisyFCN,32,0.1,0.002,0.01,0.1,0.01
3269,kin8nm,fixnoiseFCN,32,1e-05,0.0001,0.001,0.01,0.01
3270,power-plant,fixnoiseFCN,32,1e-05,0.002,0.005,0.01,0.01
3273,power-plant,fixnoiseFCN,32,1e-05,0.002,0.01,0.01,0.01
3274,kin8nm,fixnoiseFCN,32,1e-05,0.0001,0.005,0.01,0.01
3275,power-plant,noisyFCN,32,0.0001,0.0005,0.01,0.005,0.01
3277,power-plant,fixnoiseFCN,32,1e-05,0.002,0.05,0.01,0.01
3279,kin8nm,fixnoiseFCN,32,1e-05,0.0001,0.01,0.01,0.01
3281,power-plant,fixnoiseFCN,32,1e-05,0.002,0.1,0.01,0.01
3283,power-plant,noisyFCN,32,0.0001,0.0005,0.01,0.01,0.01
3284,kin8nm,noisyFCN,32,0.01,0.0001,0.01,0.001,0.01
3285,kin8nm,fixnoiseFCN,32,1e-05,0.0001,0.05,0.01,0.01
3288,kin8nm,fixnoiseFCN,32,1e-05,0.0001,0.1,0.01,0.01
3290,kin8nm,fixnoiseFCN,32,1e-05,0.0005,0.001,0.01,0.01
3291,power-plant,noisyFCN,32,0.0001,0.0005,0.01,0.05,0.01
3293,kin8nm,fixnoiseFCN,32,1e-05,0.0005,0.005,0.01,0.01
3294,power-plant,fixnoiseFCN,32,1e-09,0.0001,0.001,0.01,0.01
3297,kin8nm,fixnoiseFCN,32,1e-05,0.0005,0.01,0.01,0.01
3298,kin8nm,fixnoiseFCN,32,1e-05,0.0005,0.05,0.01,0.01
3299,power-plant,noisyFCN,32,0.0001,0.0005,0.01,0.1,0.01
3301,kin8nm,fixnoiseFCN,32,1e-05,0.0005,0.1,0.01,0.01
3302,kin8nm,noisyFCN,32,0.01,0.0001,0.01,0.005,0.01
3303,kin8nm,fixnoiseFCN,32,1e-05,0.001,0.001,0.01,0.01
3304,kin8nm,fixnoiseFCN,32,1e-05,0.001,0.005,0.01,0.01
3307,power-plant,noisyFCN,32,0.0001,0.001,0.01,0.001,0.01
3308,kin8nm,fixnoiseFCN,32,1e-05,0.001,0.01,0.01,0.01
3309,power-plant,fixnoiseFCN,32,1e-09,0.0001,0.005,0.01,0.01
3310,kin8nm,fixnoiseFCN,32,1e-05,0.001,0.05,0.01,0.01
3313,kin8nm,fixnoiseFCN,32,1e-05,0.001,0.1,0.01,0.01
3314,power-plant,noisyFCN,32,0.0001,0.001,0.01,0.005,0.01
3315,kin8nm,fixnoiseFCN,32,1e-05,0.002,0.001,0.01,0.01
3317,kin8nm,fixnoiseFCN,32,1e-05,0.002,0.005,0.01,0.01
3318,kin8nm,fixnoiseFCN,32,1e-05,0.002,0.01,0.01,0.01
3320,kin8nm,fixnoiseFCN,32,1e-05,0.002,0.05,0.01,0.01
3322,power-plant,fixnoiseFCN,32,1e-09,0.0001,0.01,0.01,0.01
3323,power-plant,noisyFCN,32,0.0001,0.001,0.01,0.01,0.01
3324,kin8nm,fixnoiseFCN,32,1e-05,0.002,0.1,0.01,0.01
3325,kin8nm,noisyFCN,32,0.01,0.0001,0.01,0.01,0.01
3330,power-plant,fixnoiseFCN,32,1e-09,0.0001,0.05,0.01,0.01
3331,kin8nm,fixnoiseFCN,32,1e-09,0.0001,0.001,0.01,0.01
3334,power-plant,noisyFCN,32,0.0001,0.001,0.01,0.05,0.01
3336,kin8nm,fixnoiseFCN,32,1e-09,0.0001,0.005,0.01,0.01
3337,kin8nm,noisyFCN,32,0.01,0.0001,0.01,0.05,0.01
3338,power-plant,fixnoiseFCN,32,1e-09,0.0001,0.1,0.01,0.01
3339,kin8nm,fixnoiseFCN,32,1e-09,0.0001,0.01,0.01,0.01
3340,power-plant,noisyFCN,32,0.0001,0.001,0.01,0.1,0.01
3341,power-plant,fixnoiseFCN,32,1e-09,0.0005,0.001,0.01,0.01
3343,power-plant,noisyFCN,32,0.0001,0.002,0.01,0.001,0.01
3344,kin8nm,fixnoiseFCN,32,1e-09,0.0001,0.05,0.01,0.01
3346,power-plant,fixnoiseFCN,32,1e-09,0.0005,0.005,0.01,0.01
3347,power-plant,noisyFCN,32,0.0001,0.002,0.01,0.005,0.01
3348,kin8nm,fixnoiseFCN,32,1e-09,0.0001,0.1,0.01,0.01
3349,kin8nm,fixnoiseFCN,32,1e-09,0.0005,0.001,0.01,0.01
3350,kin8nm,fixnoiseFCN,32,1e-09,0.0005,0.005,0.01,0.01
3351,power-plant,fixnoiseFCN,32,1e-09,0.0005,0.01,0.01,0.01
3353,power-plant,noisyFCN,32,0.0001,0.002,0.01,0.01,0.01
3354,kin8nm,fixnoiseFCN,32,1e-09,0.0005,0.01,0.01,0.01
3356,kin8nm,fixnoiseFCN,32,1e-09,0.0005,0.05,0.01,0.01
3357,kin8nm,noisyFCN,32,0.01,0.0001,0.01,0.1,0.01
3358,power-plant,noisyFCN,32,0.0001,0.002,0.01,0.05,0.01
3359,power-plant,fixnoiseFCN,32,1e-09,0.0005,0.05,0.01,0.01
3360,kin8nm,fixnoiseFCN,32,1e-09,0.0005,0.1,0.01,0.01
3361,kin8nm,fixnoiseFCN,32,1e-09,0.001,0.001,0.01,0.01
3363,kin8nm,fixnoiseFCN,32,1e-09,0.001,0.005,0.01,0.01
3364,power-plant,fixnoiseFCN,32,1e-09,0.0005,0.1,0.01,0.01
3366,kin8nm,fixnoiseFCN,32,1e-09,0.001,0.01,0.01,0.01
3367,power-plant,noisyFCN,32,0.0001,0.002,0.01,0.1,0.01
3368,kin8nm,fixnoiseFCN,32,1e-09,0.001,0.05,0.01,0.01
3370,kin8nm,noisyFCN,32,0.01,0.0005,0.01,0.001,0.01
3371,power-plant,fixnoiseFCN,32,1e-09,0.001,0.001,0.01,0.01
3372,kin8nm,fixnoiseFCN,32,1e-09,0.001,0.1,0.01,0.01
3373,kin8nm,fixnoiseFCN,32,1e-09,0.002,0.001,0.01,0.01
3375,kin8nm,fixnoiseFCN,32,1e-09,0.002,0.005,0.01,0.01
3376,power-plant,fixnoiseFCN,32,1e-09,0.001,0.005,0.01,0.01
3377,kin8nm,fixnoiseFCN,32,1e-09,0.002,0.01,0.01,0.01
3378,kin8nm,fixnoiseFCN,32,1e-09,0.002,0.05,0.01,0.01
3379,kin8nm,noisyFCN,32,0.01,0.0005,0.01,0.005,0.01
3381,power-plant,fixnoiseFCN,32,1e-09,0.001,0.01,0.01,0.01
3382,kin8nm,fixnoiseFCN,32,1e-09,0.002,0.1,0.01,0.01
3385,kin8nm,noisyFCN,32,0.01,0.0005,0.01,0.01,0.01
3386,power-plant,fixnoiseFCN,32,1e-09,0.001,0.05,0.01,0.01
3390,power-plant,fixnoiseFCN,32,1e-09,0.001,0.1,0.01,0.01
3391,kin8nm,noisyFCN,32,0.01,0.0005,0.01,0.05,0.01
3394,power-plant,fixnoiseFCN,32,1e-09,0.002,0.001,0.01,0.01
3396,power-plant,noisyFCN,32,1e-05,0.0001,0.01,0.001,0.01
3397,kin8nm,noisyFCN,32,0.01,0.0005,0.01,0.1,0.01
3398,power-plant,fixnoiseFCN,32,1e-09,0.002,0.005,0.01,0.01
3400,power-plant,fixnoiseFCN,32,1e-09,0.002,0.01,0.01,0.01
3402,kin8nm,noisyFCN,32,0.01,0.001,0.01,0.001,0.01
3403,power-plant,fixnoiseFCN,32,1e-09,0.002,0.05,0.01,0.01
3406,kin8nm,noisyFCN,32,0.01,0.001,0.01,0.005,0.01
3408,power-plant,fixnoiseFCN,32,1e-09,0.002,0.1,0.01,0.01
3409,power-plant,dropoutFCN,32,0.1,0.0001,0.1,0.01,0.2
3410,power-plant,dropoutFCN,32,0.1,0.0001,0.1,0.01,0.1
3412,power-plant,dropoutFCN,32,0.1,0.0001,0.1,0.01,0.05
3413,power-plant,dropoutFCN,32,0.1,0.0001,0.1,0.01,0.01
3414,power-plant,dropoutFCN,32,0.1,0.0001,0.1,0.01,0.005
3415,power-plant,dropoutFCN,32,0.1,0.0001,0.1,0.01,0.001
3416,power-plant,dropoutFCN,32,0.1,0.0005,0.1,0.01,0.2
3417,power-plant,dropoutFCN,32,0.1,0.0005,0.1,0.01,0.1
3418,power-plant,dropoutFCN,32,0.1,0.0005,0.1,0.01,0.05
3419,power-plant,dropoutFCN,32,0.1,0.0005,0.1,0.01,0.01
3420,power-plant,dropoutFCN,32,0.1,0.0005,0.1,0.01,0.005
3421,power-plant,dropoutFCN,32,0.1,0.0005,0.1,0.01,0.001
3422,power-plant,dropoutFCN,32,0.1,0.001,0.1,0.01,0.2
3423,power-plant,dropoutFCN,32,0.1,0.001,0.1,0.01,0.1
3424,power-plant,dropoutFCN,32,0.1,0.001,0.1,0.01,0.05
3425,power-plant,dropoutFCN,32,0.1,0.001,0.1,0.01,0.01
3426,power-plant,dropoutFCN,32,0.1,0.001,0.1,0.01,0.005
3427,power-plant,dropoutFCN,32,0.1,0.001,0.1,0.01,0.001
3428,power-plant,dropoutFCN,32,0.1,0.002,0.1,0.01,0.2
3429,power-plant,dropoutFCN,32,0.1,0.002,0.1,0.01,0.1
3430,power-plant,dropoutFCN,32,0.1,0.002,0.1,0.01,0.05
3431,power-plant,noisyFCN,32,1e-05,0.0001,0.01,0.005,0.01
3432,power-plant,dropoutFCN,32,0.1,0.002,0.1,0.01,0.01
3433,power-plant,dropoutFCN,32,0.1,0.002,0.1,0.01,0.005
3434,power-plant,dropoutFCN,32,0.1,0.002,0.1,0.01,0.001
3436,power-plant,dropoutFCN,32,0.01,0.0001,0.1,0.01,0.2
3437,power-plant,dropoutFCN,32,0.01,0.0001,0.1,0.01,0.1
3438,kin8nm,noisyFCN,32,0.01,0.001,0.01,0.01,0.01
3440,power-plant,dropoutFCN,32,0.01,0.0001,0.1,0.01,0.05
3441,power-plant,dropoutFCN,32,0.01,0.0001,0.1,0.01,0.01
3442,power-plant,dropoutFCN,32,0.01,0.0001,0.1,0.01,0.005
3444,power-plant,dropoutFCN,32,0.01,0.0001,0.1,0.01,0.001
3445,power-plant,dropoutFCN,32,0.01,0.0005,0.1,0.01,0.2
3447,power-plant,dropoutFCN,32,0.01,0.0005,0.1,0.01,0.1
3448,power-plant,dropoutFCN,32,0.01,0.0005,0.1,0.01,0.05
3449,power-plant,dropoutFCN,32,0.01,0.0005,0.1,0.01,0.01
3450,power-plant,dropoutFCN,32,0.01,0.0005,0.1,0.01,0.005
3451,kin8nm,noisyFCN,32,0.01,0.001,0.01,0.05,0.01
3453,power-plant,dropoutFCN,32,0.01,0.0005,0.1,0.01,0.001
3454,power-plant,dropoutFCN,32,0.01,0.001,0.1,0.01,0.2
3455,power-plant,dropoutFCN,32,0.01,0.001,0.1,0.01,0.1
3456,power-plant,dropoutFCN,32,0.01,0.001,0.1,0.01,0.05
3457,power-plant,dropoutFCN,32,0.01,0.001,0.1,0.01,0.01
3458,power-plant,dropoutFCN,32,0.01,0.001,0.1,0.01,0.005
3459,power-plant,dropoutFCN,32,0.01,0.001,0.1,0.01,0.001
3460,power-plant,dropoutFCN,32,0.01,0.002,0.1,0.01,0.2
3462,power-plant,dropoutFCN,32,0.01,0.002,0.1,0.01,0.1
3463,power-plant,dropoutFCN,32,0.01,0.002,0.1,0.01,0.05
3464,power-plant,dropoutFCN,32,0.01,0.002,0.1,0.01,0.01
3465,power-plant,dropoutFCN,32,0.01,0.002,0.1,0.01,0.005
3466,power-plant,dropoutFCN,32,0.01,0.002,0.1,0.01,0.001
3468,power-plant,dropoutFCN,32,0.001,0.0001,0.1,0.01,0.2
3469,kin8nm,noisyFCN,32,0.01,0.001,0.01,0.1,0.01
3470,power-plant,dropoutFCN,32,0.001,0.0001,0.1,0.01,0.1
3471,power-plant,noisyFCN,32,1e-05,0.0001,0.01,0.01,0.01
3472,power-plant,dropoutFCN,32,0.001,0.0001,0.1,0.01,0.05
3475,power-plant,dropoutFCN,32,0.001,0.0001,0.1,0.01,0.01
3476,power-plant,dropoutFCN,32,0.001,0.0001,0.1,0.01,0.005
3477,kin8nm,noisyFCN,32,0.01,0.002,0.01,0.001,0.01
3480,power-plant,dropoutFCN,32,0.001,0.0001,0.1,0.01,0.001
3481,power-plant,dropoutFCN,32,0.001,0.0005,0.1,0.01,0.2
3482,power-plant,dropoutFCN,32,0.001,0.0005,0.1,0.01,0.1
3484,power-plant,dropoutFCN,32,0.001,0.0005,0.1,0.01,0.05
3485,power-plant,dropoutFCN,32,0.001,0.0005,0.1,0.01,0.01
3486,kin8nm,noisyFCN,32,0.01,0.002,0.01,0.005,0.01
3487,power-plant,dropoutFCN,32,0.001,0.0005,0.1,0.01,0.005
3488,power-plant,dropoutFCN,32,0.001,0.0005,0.1,0.01,0.001
3489,power-plant,dropoutFCN,32,0.001,0.001,0.1,0.01,0.2
3491,power-plant,dropoutFCN,32,0.001,0.001,0.1,0.01,0.1
3492,power-plant,dropoutFCN,32,0.001,0.001,0.1,0.01,0.05
3493,power-plant,dropoutFCN,32,0.001,0.001,0.1,0.01,0.01
3494,power-plant,dropoutFCN,32,0.001,0.001,0.1,0.01,0.005
3495,power-plant,dropoutFCN,32,0.001,0.001,0.1,0.01,0.001
3496,power-plant,dropoutFCN,32,0.001,0.002,0.1,0.01,0.2
3497,power-plant,dropoutFCN,32,0.001,0.002,0.1,0.01,0.1
3498,power-plant,dropoutFCN,32,0.001,0.002,0.1,0.01,0.05
3499,power-plant,noisyFCN,32,1e-05,0.0001,0.01,0.05,0.01
3500,kin8nm,noisyFCN,32,0.01,0.002,0.01,0.01,0.01
3501,power-plant,dropoutFCN,32,0.001,0.002,0.1,0.01,0.01
3502,power-plant,dropoutFCN,32,0.001,0.002,0.1,0.01,0.005
3505,power-plant,dropoutFCN,32,0.001,0.002,0.1,0.01,0.001
3506,power-plant,dropoutFCN,32,0.0001,0.0001,0.1,0.01,0.2
3508,power-plant,dropoutFCN,32,0.0001,0.0001,0.1,0.01,0.1
3509,kin8nm,noisyFCN,32,0.01,0.002,0.01,0.05,0.01
3510,power-plant,dropoutFCN,32,0.0001,0.0001,0.1,0.01,0.05
3512,power-plant,dropoutFCN,32,0.0001,0.0001,0.1,0.01,0.01
3514,power-plant,dropoutFCN,32,0.0001,0.0001,0.1,0.01,0.005
3515,kin8nm,noisyFCN,32,0.01,0.002,0.01,0.1,0.01
3516,power-plant,dropoutFCN,32,0.0001,0.0001,0.1,0.01,0.001
3517,power-plant,noisyFCN,32,1e-05,0.0001,0.01,0.1,0.01
3518,power-plant,dropoutFCN,32,0.0001,0.0005,0.1,0.01,0.2
3519,power-plant,dropoutFCN,32,0.0001,0.0005,0.1,0.01,0.1
3521,power-plant,dropoutFCN,32,0.0001,0.0005,0.1,0.01,0.05
3523,power-plant,dropoutFCN,32,0.0001,0.0005,0.1,0.01,0.01
3524,power-plant,dropoutFCN,32,0.0001,0.0005,0.1,0.01,0.005
3525,power-plant,dropoutFCN,32,0.0001,0.0005,0.1,0.01,0.001
3526,power-plant,dropoutFCN,32,0.0001,0.001,0.1,0.01,0.2
3527,power-plant,dropoutFCN,32,0.0001,0.001,0.1,0.01,0.1
3528,power-plant,dropoutFCN,32,0.0001,0.001,0.1,0.01,0.05
3529,power-plant,dropoutFCN,32,0.0001,0.001,0.1,0.01,0.01
3530,protein-tertiary-structure,fixnoiseFCN,32,0.1,0.0001,0.001,0.01,0.01
3531,power-plant,dropoutFCN,32,0.0001,0.001,0.1,0.01,0.005
3533,power-plant,dropoutFCN,32,0.0001,0.001,0.1,0.01,0.001
3534,power-plant,dropoutFCN,32,0.0001,0.002,0.1,0.01,0.2
3535,power-plant,dropoutFCN,32,0.0001,0.002,0.1,0.01,0.1
3536,power-plant,dropoutFCN,32,0.0001,0.002,0.1,0.01,0.05
3537,kin8nm,noisyFCN,32,0.001,0.0001,0.01,0.001,0.01
3538,power-plant,dropoutFCN,32,0.0001,0.002,0.1,0.01,0.01
3539,power-plant,noisyFCN,32,1e-05,0.0005,0.01,0.001,0.01
3540,power-plant,dropoutFCN,32,0.0001,0.002,0.1,0.01,0.005
3541,protein-tertiary-structure,fixnoiseFCN,32,0.1,0.0001,0.005,0.01,0.01
3542,power-plant,dropoutFCN,32,0.0001,0.002,0.1,0.01,0.001
3544,power-plant,dropoutFCN,32,1e-05,0.0001,0.1,0.01,0.2
3545,power-plant,dropoutFCN,32,1e-05,0.0001,0.1,0.01,0.1
3547,power-plant,dropoutFCN,32,1e-05,0.0001,0.1,0.01,0.05
3548,protein-tertiary-structure,fixnoiseFCN,32,0.1,0.0001,0.01,0.01,0.01
3550,power-plant,dropoutFCN,32,1e-05,0.0001,0.1,0.01,0.01
3551,power-plant,dropoutFCN,32,1e-05,0.0001,0.1,0.01,0.005
3553,power-plant,noisyFCN,32,1e-05,0.0005,0.01,0.005,0.01
3554,power-plant,dropoutFCN,32,1e-05,0.0001,0.1,0.01,0.001
3555,power-plant,dropoutFCN,32,1e-05,0.0005,0.1,0.01,0.2
3557,protein-tertiary-structure,fixnoiseFCN,32,0.1,0.0001,0.05,0.01,0.01
3558,power-plant,dropoutFCN,32,1e-05,0.0005,0.1,0.01,0.1
3559,power-plant,dropoutFCN,32,1e-05,0.0005,0.1,0.01,0.05
3560,kin8nm,noisyFCN,32,0.001,0.0001,0.01,0.005,0.01
3562,power-plant,dropoutFCN,32,1e-05,0.0005,0.1,0.01,0.01
3563,power-plant,dropoutFCN,32,1e-05,0.0005,0.1,0.01,0.005
3564,power-plant,dropoutFCN,32,1e-05,0.0005,0.1,0.01,0.001
3566,power-plant,dropoutFCN,32,1e-05,0.001,0.1,0.01,0.2
3567,power-plant,dropoutFCN,32,1e-05,0.001,0.1,0.01,0.1
3568,protein-tertiary-structure,fixnoiseFCN,32,0.1,0.0001,0.1,0.01,0.01
3569,power-plant,dropoutFCN,32,1e-05,0.001,0.1,0.01,0.05
3570,power-plant,noisyFCN,32,1e-05,0.0005,0.01,0.01,0.01
3572,power-plant,dropoutFCN,32,1e-05,0.001,0.1,0.01,0.01
3573,power-plant,dropoutFCN,32,1e-05,0.001,0.1,0.01,0.005
3574,power-plant,dropoutFCN,32,1e-05,0.001,0.1,0.01,0.001
3575,power-plant,dropoutFCN,32,1e-05,0.002,0.1,0.01,0.2
3577,power-plant,dropoutFCN,32,1e-05,0.002,0.1,0.01,0.1
3578,power-plant,dropoutFCN,32,1e-05,0.002,0.1,0.01,0.05
3580,power-plant,dropoutFCN,32,1e-05,0.002,0.1,0.01,0.01
3581,power-plant,dropoutFCN,32,1e-05,0.002,0.1,0.01,0.005
3582,power-plant,dropoutFCN,32,1e-05,0.002,0.1,0.01,0.001
3583,power-plant,noisyFCN,32,1e-05,0.0005,0.01,0.05,0.01
3585,power-plant,dropoutFCN,32,1e-09,0.0001,0.1,0.01,0.2
3587,power-plant,dropoutFCN,32,1e-09,0.0001,0.1,0.01,0.1
3588,kin8nm,noisyFCN,32,0.001,0.0001,0.01,0.01,0.01
3590,power-plant,dropoutFCN,32,1e-09,0.0001,0.1,0.01,0.05
3592,power-plant,dropoutFCN,32,1e-09,0.0001,0.1,0.01,0.01
3594,power-plant,noisyFCN,32,1e-05,0.0005,0.01,0.1,0.01
3595,power-plant,dropoutFCN,32,1e-09,0.0001,0.1,0.01,0.005
3597,power-plant,dropoutFCN,32,1e-09,0.0001,0.1,0.01,0.001
3598,power-plant,dropoutFCN,32,1e-09,0.0005,0.1,0.01,0.2
3599,power-plant,dropoutFCN,32,1e-09,0.0005,0.1,0.01,0.1
3600,power-plant,dropoutFCN,32,1e-09,0.0005,0.1,0.01,0.05
3601,power-plant,dropoutFCN,32,1e-09,0.0005,0.1,0.01,0.01
3602,power-plant,dropoutFCN,32,1e-09,0.0005,0.1,0.01,0.005
3603,power-plant,dropoutFCN,32,1e-09,0.0005,0.1,0.01,0.001
3604,power-plant,dropoutFCN,32,1e-09,0.001,0.1,0.01,0.2
3605,power-plant,noisyFCN,32,1e-05,0.001,0.01,0.001,0.01
3606,power-plant,dropoutFCN,32,1e-09,0.001,0.1,0.01,0.1
3607,power-plant,dropoutFCN,32,1e-09,0.001,0.1,0.01,0.05
3608,power-plant,dropoutFCN,32,1e-09,0.001,0.1,0.01,0.01
3609,power-plant,dropoutFCN,32,1e-09,0.001,0.1,0.01,0.005
3611,power-plant,dropoutFCN,32,1e-09,0.001,0.1,0.01,0.001
3612,power-plant,dropoutFCN,32,1e-09,0.002,0.1,0.01,0.2
3613,kin8nm,noisyFCN,32,0.001,0.0001,0.01,0.05,0.01
3614,power-plant,dropoutFCN,32,1e-09,0.002,0.1,0.01,0.1
3615,power-plant,dropoutFCN,32,1e-09,0.002,0.1,0.01,0.05
3616,power-plant,noisyFCN,32,1e-05,0.001,0.01,0.005,0.01
3617,power-plant,dropoutFCN,32,1e-09,0.002,0.1,0.01,0.01
3618,power-plant,dropoutFCN,32,1e-09,0.002,0.1,0.01,0.005
3619,power-plant,dropoutFCN,32,1e-09,0.002,0.1,0.01,0.001
3622,power-plant,noisyFCN,32,1e-05,0.001,0.01,0.01,0.01
3623,kin8nm,noisyFCN,32,0.001,0.0001,0.01,0.1,0.01
3625,power-plant,noisyFCN,32,1e-05,0.001,0.01,0.05,0.01
3627,kin8nm,noisyFCN,32,0.001,0.0005,0.01,0.001,0.01
3630,kin8nm,noisyFCN,32,0.001,0.0005,0.01,0.005,0.01
3631,power-plant,noisyFCN,32,1e-05,0.001,0.01,0.1,0.01
3633,kin8nm,noisyFCN,32,0.001,0.0005,0.01,0.01,0.01
3634,power-plant,noisyFCN,32,1e-05,0.002,0.01,0.001,0.01
3636,protein-tertiary-structure,fixnoiseFCN,32,0.1,0.0005,0.001,0.01,0.01
3640,kin8nm,noisyFCN,32,0.001,0.0005,0.01,0.05,0.01
3642,power-plant,noisyFCN,32,1e-05,0.002,0.01,0.005,0.01
3644,kin8nm,noisyFCN,32,0.001,0.0005,0.01,0.1,0.01
3645,power-plant,noisyFCN,32,1e-05,0.002,0.01,0.01,0.01
3648,kin8nm,noisyFCN,32,0.001,0.001,0.01,0.001,0.01
3649,power-plant,noisyFCN,32,1e-05,0.002,0.01,0.05,0.01
3653,kin8nm,noisyFCN,32,0.001,0.001,0.01,0.005,0.01
3656,power-plant,noisyFCN,32,1e-05,0.002,0.01,0.1,0.01
3658,kin8nm,noisyFCN,32,0.001,0.001,0.01,0.01,0.01
3661,kin8nm,noisyFCN,32,0.001,0.001,0.01,0.05,0.01
3663,kin8nm,noisyFCN,32,0.001,0.001,0.01,0.1,0.01
3664,kin8nm,noisyFCN,32,0.001,0.002,0.01,0.001,0.01
3665,kin8nm,noisyFCN,32,0.001,0.002,0.01,0.005,0.01
3668,power-plant,noisyFCN,32,1e-09,0.0001,0.01,0.001,0.01
3669,kin8nm,noisyFCN,32,0.001,0.002,0.01,0.01,0.01
3671,kin8nm,noisyFCN,32,0.001,0.002,0.01,0.05,0.01
3673,kin8nm,noisyFCN,32,0.001,0.002,0.01,0.1,0.01
3674,protein-tertiary-structure,fixnoiseFCN,32,0.1,0.0005,0.005,0.01,0.01
3675,power-plant,noisyFCN,32,1e-09,0.0001,0.01,0.005,0.01
3677,kin8nm,noisyFCN,32,0.0001,0.0001,0.01,0.001,0.01
3681,kin8nm,noisyFCN,32,0.0001,0.0001,0.01,0.005,0.01
3683,power-plant,noisyFCN,32,1e-09,0.0001,0.01,0.01,0.01
3687,kin8nm,noisyFCN,32,0.0001,0.0001,0.01,0.01,0.01
3690,power-plant,noisyFCN,32,1e-09,0.0001,0.01,0.05,0.01
3692,kin8nm,noisyFCN,32,0.0001,0.0001,0.01,0.05,0.01
3699,kin8nm,dropoutFCN,32,0.1,0.0001,0.1,0.01,0.2
3700,kin8nm,noisyFCN,32,0.0001,0.0001,0.01,0.1,0.01
3701,kin8nm,dropoutFCN,32,0.1,0.0001,0.1,0.01,0.1
3702,protein-tertiary-structure,fixnoiseFCN,32,0.1,0.0005,0.01,0.01,0.01
3703,kin8nm,noisyFCN,32,0.0001,0.0005,0.01,0.001,0.01
3704,kin8nm,dropoutFCN,32,0.1,0.0001,0.1,0.01,0.05
3705,kin8nm,dropoutFCN,32,0.1,0.0001,0.1,0.01,0.01
3706,kin8nm,noisyFCN,32,0.0001,0.0005,0.01,0.005,0.01
3707,power-plant,noisyFCN,32,1e-09,0.0001,0.01,0.1,0.01
3708,kin8nm,dropoutFCN,32,0.1,0.0001,0.1,0.01,0.005
3709,kin8nm,noisyFCN,32,0.0001,0.0005,0.01,0.01,0.01
3710,kin8nm,dropoutFCN,32,0.1,0.0001,0.1,0.01,0.001
3711,kin8nm,dropoutFCN,32,0.1,0.0005,0.1,0.01,0.2
3712,kin8nm,noisyFCN,32,0.0001,0.0005,0.01,0.05,0.01
3713,kin8nm,dropoutFCN,32,0.1,0.0005,0.1,0.01,0.1
3714,kin8nm,dropoutFCN,32,0.1,0.0005,0.1,0.01,0.05
3715,kin8nm,dropoutFCN,32,0.1,0.0005,0.1,0.01,0.01
3716,kin8nm,noisyFCN,32,0.0001,0.0005,0.01,0.1,0.01
3717,power-plant,noisyFCN,32,1e-09,0.0005,0.01,0.001,0.01
3718,kin8nm,dropoutFCN,32,0.1,0.0005,0.1,0.01,0.005
3719,kin8nm,noisyFCN,32,0.0001,0.001,0.01,0.001,0.01
3720,kin8nm,noisyFCN,32,0.0001,0.001,0.01,0.005,0.01
3721,kin8nm,dropoutFCN,32,0.1,0.0005,0.1,0.01,0.001
3722,kin8nm,dropoutFCN,32,0.1,0.001,0.1,0.01,0.2
3723,kin8nm,dropoutFCN,32,0.1,0.001,0.1,0.01,0.1
3724,kin8nm,dropoutFCN,32,0.1,0.001,0.1,0.01,0.05
3725,kin8nm,noisyFCN,32,0.0001,0.001,0.01,0.01,0.01
3726,kin8nm,dropoutFCN,32,0.1,0.001,0.1,0.01,0.01
3727,kin8nm,dropoutFCN,32,0.1,0.001,0.1,0.01,0.005
3728,kin8nm,noisyFCN,32,0.0001,0.001,0.01,0.05,0.01
3729,power-plant,noisyFCN,32,1e-09,0.0005,0.01,0.005,0.01
3730,kin8nm,dropoutFCN,32,0.1,0.001,0.1,0.01,0.001
3731,kin8nm,dropoutFCN,32,0.1,0.002,0.1,0.01,0.2
3732,kin8nm,noisyFCN,32,0.0001,0.001,0.01,0.1,0.01
3733,kin8nm,dropoutFCN,32,0.1,0.002,0.1,0.01,0.1
3734,kin8nm,dropoutFCN,32,0.1,0.002,0.1,0.01,0.05
3735,kin8nm,dropoutFCN,32,0.1,0.002,0.1,0.01,0.01
3736,kin8nm,dropoutFCN,32,0.1,0.002,0.1,0.01,0.005
3737,kin8nm,noisyFCN,32,0.0001,0.002,0.01,0.001,0.01
3738,kin8nm,dropoutFCN,32,0.1,0.002,0.1,0.01,0.001
3739,kin8nm,noisyFCN,32,0.0001,0.002,0.01,0.005,0.01
3740,power-plant,noisyFCN,32,1e-09,0.0005,0.01,0.01,0.01
3741,kin8nm,dropoutFCN,32,0.01,0.0001,0.1,0.01,0.2
3742,kin8nm,noisyFCN,32,0.0001,0.002,0.01,0.01,0.01
3743,kin8nm,dropoutFCN,32,0.01,0.0001,0.1,0.01,0.1
3744,kin8nm,noisyFCN,32,0.0001,0.002,0.01,0.05,0.01
3745,kin8nm,dropoutFCN,32,0.01,0.0001,0.1,0.01,0.05
3746,kin8nm,noisyFCN,32,0.0001,0.002,0.01,0.1,0.01
3747,power-plant,noisyFCN,32,1e-09,0.0005,0.01,0.05,0.01
3748,kin8nm,dropoutFCN,32,0.01,0.0001,0.1,0.01,0.01
3749,kin8nm,dropoutFCN,32,0.01,0.0001,0.1,0.01,0.005
3750,protein-tertiary-structure,fixnoiseFCN,32,0.1,0.0005,0.05,0.01,0.01
3751,kin8nm,dropoutFCN,32,0.01,0.0001,0.1,0.01,0.001
3752,kin8nm,noisyFCN,32,1e-05,0.0001,0.01,0.001,0.01
3754,kin8nm,dropoutFCN,32,0.01,0.0005,0.1,0.01,0.2
3755,kin8nm,dropoutFCN,32,0.01,0.0005,0.1,0.01,0.1
3756,power-plant,noisyFCN,32,1e-09,0.0005,0.01,0.1,0.01
3757,kin8nm,dropoutFCN,32,0.01,0.0005,0.1,0.01,0.05
3758,kin8nm,dropoutFCN,32,0.01,0.0005,0.1,0.01,0.01
3759,kin8nm,dropoutFCN,32,0.01,0.0005,0.1,0.01,0.005
3760,kin8nm,dropoutFCN,32,0.01,0.0005,0.1,0.01,0.001
3761,kin8nm,dropoutFCN,32,0.01,0.001,0.1,0.01,0.2
3762,kin8nm,dropoutFCN,32,0.01,0.001,0.1,0.01,0.1
3763,power-plant,noisyFCN,32,1e-09,0.001,0.01,0.001,0.01
3764,kin8nm,noisyFCN,32,1e-05,0.0001,0.01,0.005,0.01
3765,kin8nm,dropoutFCN,32,0.01,0.001,0.1,0.01,0.05
3766,kin8nm,dropoutFCN,32,0.01,0.001,0.1,0.01,0.01
3767,kin8nm,dropoutFCN,32,0.01,0.001,0.1,0.01,0.005
3768,kin8nm,dropoutFCN,32,0.01,0.001,0.1,0.01,0.001
3769,kin8nm,dropoutFCN,32,0.01,0.002,0.1,0.01,0.2
3770,kin8nm,dropoutFCN,32,0.01,0.002,0.1,0.01,0.1
3771,power-plant,noisyFCN,32,1e-09,0.001,0.01,0.005,0.01
3772,kin8nm,dropoutFCN,32,0.01,0.002,0.1,0.01,0.05
3773,kin8nm,dropoutFCN,32,0.01,0.002,0.1,0.01,0.01
3774,kin8nm,dropoutFCN,32,0.01,0.002,0.1,0.01,0.005
3775,kin8nm,dropoutFCN,32,0.01,0.002,0.1,0.01,0.001
3776,kin8nm,dropoutFCN,32,0.001,0.0001,0.1,0.01,0.2
3777,kin8nm,noisyFCN,32,1e-05,0.0001,0.01,0.01,0.01
3778,power-plant,noisyFCN,32,1e-09,0.001,0.01,0.01,0.01
3779,kin8nm,dropoutFCN,32,0.001,0.0001,0.1,0.01,0.1
3780,kin8nm,dropoutFCN,32,0.001,0.0001,0.1,0.01,0.05
3781,kin8nm,dropoutFCN,32,0.001,0.0001,0.1,0.01,0.01
3782,power-plant,noisyFCN,32,1e-09,0.001,0.01,0.05,0.01
3783,kin8nm,dropoutFCN,32,0.001,0.0001,0.1,0.01,0.005
3784,kin8nm,noisyFCN,32,1e-05,0.0001,0.01,0.05,0.01
3785,power-plant,noisyFCN,32,1e-09,0.001,0.01,0.1,0.01
3786,kin8nm,dropoutFCN,32,0.001,0.0001,0.1,0.01,0.001
3787,kin8nm,dropoutFCN,32,0.001,0.0005,0.1,0.01,0.2
3788,kin8nm,dropoutFCN,32,0.001,0.0005,0.1,0.01,0.1
3789,kin8nm,dropoutFCN,32,0.001,0.0005,0.1,0.01,0.05
3790,power-plant,noisyFCN,32,1e-09,0.002,0.01,0.001,0.01
3791,kin8nm,dropoutFCN,32,0.001,0.0005,0.1,0.01,0.01
3792,kin8nm,dropoutFCN,32,0.001,0.0005,0.1,0.01,0.005
3793,kin8nm,dropoutFCN,32,0.001,0.0005,0.1,0.01,0.001
3794,kin8nm,dropoutFCN,32,0.001,0.001,0.1,0.01,0.2
3795,kin8nm,dropoutFCN,32,0.001,0.001,0.1,0.01,0.1
3796,kin8nm,dropoutFCN,32,0.001,0.001,0.1,0.01,0.05
3797,power-plant,noisyFCN,32,1e-09,0.002,0.01,0.005,0.01
3798,kin8nm,dropoutFCN,32,0.001,0.001,0.1,0.01,0.01
3799,kin8nm,dropoutFCN,32,0.001,0.001,0.1,0.01,0.005
3800,kin8nm,noisyFCN,32,1e-05,0.0001,0.01,0.1,0.01
3801,kin8nm,dropoutFCN,32,0.001,0.001,0.1,0.01,0.001
3802,kin8nm,dropoutFCN,32,0.001,0.002,0.1,0.01,0.2
3803,kin8nm,dropoutFCN,32,0.001,0.002,0.1,0.01,0.1
3804,kin8nm,dropoutFCN,32,0.001,0.002,0.1,0.01,0.05
3805,kin8nm,noisyFCN,32,1e-05,0.0005,0.01,0.001,0.01
3806,kin8nm,dropoutFCN,32,0.001,0.002,0.1,0.01,0.01
3807,power-plant,noisyFCN,32,1e-09,0.002,0.01,0.01,0.01
3808,kin8nm,dropoutFCN,32,0.001,0.002,0.1,0.01,0.005
3809,kin8nm,dropoutFCN,32,0.001,0.002,0.1,0.01,0.001
3810,kin8nm,noisyFCN,32,1e-05,0.0005,0.01,0.005,0.01
3811,kin8nm,dropoutFCN,32,0.0001,0.0001,0.1,0.01,0.2
3812,kin8nm,noisyFCN,32,1e-05,0.0005,0.01,0.01,0.01
3813,power-plant,noisyFCN,32,1e-09,0.002,0.01,0.05,0.01
3814,protein-tertiary-structure,fixnoiseFCN,32,0.1,0.0005,0.1,0.01,0.01
3815,kin8nm,dropoutFCN,32,0.0001,0.0001,0.1,0.01,0.1
3816,kin8nm,noisyFCN,32,1e-05,0.0005,0.01,0.05,0.01
3817,kin8nm,dropoutFCN,32,0.0001,0.0001,0.1,0.01,0.05
3818,kin8nm,dropoutFCN,32,0.0001,0.0001,0.1,0.01,0.01
3819,kin8nm,dropoutFCN,32,0.0001,0.0001,0.1,0.01,0.005
3820,kin8nm,dropoutFCN,32,0.0001,0.0001,0.1,0.01,0.001
3821,power-plant,noisyFCN,32,1e-09,0.002,0.01,0.1,0.01
3822,kin8nm,noisyFCN,32,1e-05,0.0005,0.01,0.1,0.01
3823,kin8nm,dropoutFCN,32,0.0001,0.0005,0.1,0.01,0.2
3824,kin8nm,dropoutFCN,32,0.0001,0.0005,0.1,0.01,0.1
3825,kin8nm,dropoutFCN,32,0.0001,0.0005,0.1,0.01,0.05
3826,power-plant,fixnoiseFCN,32,0.1,0.0001,0.001,0.1,0.01
3827,kin8nm,dropoutFCN,32,0.0001,0.0005,0.1,0.01,0.01
3828,kin8nm,dropoutFCN,32,0.0001,0.0005,0.1,0.01,0.005
3829,kin8nm,dropoutFCN,32,0.0001,0.0005,0.1,0.01,0.001
3830,kin8nm,noisyFCN,32,1e-05,0.001,0.01,0.001,0.01
3831,kin8nm,dropoutFCN,32,0.0001,0.001,0.1,0.01,0.2
3832,kin8nm,dropoutFCN,32,0.0001,0.001,0.1,0.01,0.1
3833,power-plant,fixnoiseFCN,32,0.1,0.0001,0.005,0.1,0.01
3834,kin8nm,dropoutFCN,32,0.0001,0.001,0.1,0.01,0.05
3835,kin8nm,noisyFCN,32,1e-05,0.001,0.01,0.005,0.01
3836,kin8nm,dropoutFCN,32,0.0001,0.001,0.1,0.01,0.01
3837,power-plant,fixnoiseFCN,32,0.1,0.0001,0.01,0.1,0.01
3838,kin8nm,dropoutFCN,32,0.0001,0.001,0.1,0.01,0.005
3839,kin8nm,dropoutFCN,32,0.0001,0.001,0.1,0.01,0.001
3840,kin8nm,dropoutFCN,32,0.0001,0.002,0.1,0.01,0.2
3841,power-plant,fixnoiseFCN,32,0.1,0.0001,0.05,0.1,0.01
3842,kin8nm,dropoutFCN,32,0.0001,0.002,0.1,0.01,0.1
3843,kin8nm,dropoutFCN,32,0.0001,0.002,0.1,0.01,0.05
3844,power-plant,fixnoiseFCN,32,0.1,0.0001,0.1,0.1,0.01
3845,kin8nm,dropoutFCN,32,0.0001,0.002,0.1,0.01,0.01
3846,kin8nm,dropoutFCN,32,0.0001,0.002,0.1,0.01,0.005
3847,kin8nm,noisyFCN,32,1e-05,0.001,0.01,0.01,0.01
3848,kin8nm,dropoutFCN,32,0.0001,0.002,0.1,0.01,0.001
3849,power-plant,fixnoiseFCN,32,0.1,0.0005,0.001,0.1,0.01
3850,power-plant,fixnoiseFCN,32,0.1,0.0005,0.005,0.1,0.01
3851,kin8nm,noisyFCN,32,1e-05,0.001,0.01,0.05,0.01
3852,power-plant,fixnoiseFCN,32,0.1,0.0005,0.01,0.1,0.01
3853,kin8nm,dropoutFCN,32,1e-05,0.0001,0.1,0.01,0.2
3854,kin8nm,noisyFCN,32,1e-05,0.001,0.01,0.1,0.01
3855,power-plant,fixnoiseFCN,32,0.1,0.0005,0.05,0.1,0.01
3856,kin8nm,dropoutFCN,32,1e-05,0.0001,0.1,0.01,0.1
3857,power-plant,fixnoiseFCN,32,0.1,0.0005,0.1,0.1,0.01
3858,kin8nm,noisyFCN,32,1e-05,0.002,0.01,0.001,0.01
3859,power-plant,fixnoiseFCN,32,0.1,0.001,0.001,0.1,0.01
3860,kin8nm,noisyFCN,32,1e-05,0.002,0.01,0.005,0.01
3861,kin8nm,dropoutFCN,32,1e-05,0.0001,0.1,0.01,0.05
3862,power-plant,fixnoiseFCN,32,0.1,0.001,0.005,0.1,0.01
3863,power-plant,fixnoiseFCN,32,0.1,0.001,0.01,0.1,0.01
3864,kin8nm,dropoutFCN,32,1e-05,0.0001,0.1,0.01,0.01
3865,kin8nm,noisyFCN,32,1e-05,0.002,0.01,0.01,0.01
3866,power-plant,fixnoiseFCN,32,0.1,0.001,0.05,0.1,0.01
3867,power-plant,fixnoiseFCN,32,0.1,0.001,0.1,0.1,0.01
3868,kin8nm,dropoutFCN,32,1e-05,0.0001,0.1,0.01,0.005
3869,kin8nm,noisyFCN,32,1e-05,0.002,0.01,0.05,0.01
3870,power-plant,fixnoiseFCN,32,0.1,0.002,0.001,0.1,0.01
3871,power-plant,fixnoiseFCN,32,0.1,0.002,0.005,0.1,0.01
3872,kin8nm,noisyFCN,32,1e-05,0.002,0.01,0.1,0.01
3873,kin8nm,dropoutFCN,32,1e-05,0.0001,0.1,0.01,0.001
3874,kin8nm,dropoutFCN,32,1e-05,0.0005,0.1,0.01,0.2
3875,power-plant,fixnoiseFCN,32,0.1,0.002,0.01,0.1,0.01
3876,kin8nm,dropoutFCN,32,1e-05,0.0005,0.1,0.01,0.1
3878,kin8nm,dropoutFCN,32,1e-05,0.0005,0.1,0.01,0.05
3879,power-plant,fixnoiseFCN,32,0.1,0.002,0.05,0.1,0.01
3880,kin8nm,dropoutFCN,32,1e-05,0.0005,0.1,0.01,0.01
3881,kin8nm,dropoutFCN,32,1e-05,0.0005,0.1,0.01,0.005
3882,kin8nm,dropoutFCN,32,1e-05,0.0005,0.1,0.01,0.001
3883,kin8nm,dropoutFCN,32,1e-05,0.001,0.1,0.01,0.2
3884,power-plant,fixnoiseFCN,32,0.1,0.002,0.1,0.1,0.01
3885,kin8nm,dropoutFCN,32,1e-05,0.001,0.1,0.01,0.1
3886,kin8nm,dropoutFCN,32,1e-05,0.001,0.1,0.01,0.05
3887,kin8nm,dropoutFCN,32,1e-05,0.001,0.1,0.01,0.01
3888,kin8nm,noisyFCN,32,1e-09,0.0001,0.01,0.001,0.01
3889,kin8nm,dropoutFCN,32,1e-05,0.001,0.1,0.01,0.005
3890,kin8nm,dropoutFCN,32,1e-05,0.001,0.1,0.01,0.001
3891,kin8nm,dropoutFCN,32,1e-05,0.002,0.1,0.01,0.2
3892,kin8nm,dropoutFCN,32,1e-05,0.002,0.1,0.01,0.1
3893,kin8nm,dropoutFCN,32,1e-05,0.002,0.1,0.01,0.05
3894,kin8nm,dropoutFCN,32,1e-05,0.002,0.1,0.01,0.01
3895,kin8nm,dropoutFCN,32,1e-05,0.002,0.1,0.01,0.005
3896,kin8nm,dropoutFCN,32,1e-05,0.002,0.1,0.01,0.001
3897,kin8nm,dropoutFCN,32,1e-09,0.0001,0.1,0.01,0.2
3898,protein-tertiary-structure,fixnoiseFCN,32,0.1,0.001,0.001,0.01,0.01
3899,kin8nm,noisyFCN,32,1e-09,0.0001,0.01,0.005,0.01
3900,kin8nm,dropoutFCN,32,1e-09,0.0001,0.1,0.01,0.1
3901,kin8nm,dropoutFCN,32,1e-09,0.0001,0.1,0.01,0.05
3902,kin8nm,dropoutFCN,32,1e-09,0.0001,0.1,0.01,0.01
3903,kin8nm,dropoutFCN,32,1e-09,0.0001,0.1,0.01,0.005
3904,kin8nm,noisyFCN,32,1e-09,0.0001,0.01,0.01,0.01
3905,kin8nm,dropoutFCN,32,1e-09,0.0001,0.1,0.01,0.001
3906,kin8nm,dropoutFCN,32,1e-09,0.0005,0.1,0.01,0.2
3907,kin8nm,dropoutFCN,32,1e-09,0.0005,0.1,0.01,0.1
3908,kin8nm,dropoutFCN,32,1e-09,0.0005,0.1,0.01,0.05
3909,kin8nm,dropoutFCN,32,1e-09,0.0005,0.1,0.01,0.01
3910,kin8nm,dropoutFCN,32,1e-09,0.0005,0.1,0.01,0.005
3911,power-plant,fixnoiseFCN,32,0.01,0.0001,0.001,0.1,0.01
3912,kin8nm,dropoutFCN,32,1e-09,0.0005,0.1,0.01,0.001
3913,kin8nm,dropoutFCN,32,1e-09,0.001,0.1,0.01,0.2
3914,kin8nm,dropoutFCN,32,1e-09,0.001,0.1,0.01,0.1
3915,kin8nm,dropoutFCN,32,1e-09,0.001,0.1,0.01,0.05
3916,kin8nm,dropoutFCN,32,1e-09,0.001,0.1,0.01,0.01
3917,kin8nm,dropoutFCN,32,1e-09,0.001,0.1,0.01,0.005
3918,kin8nm,dropoutFCN,32,1e-09,0.001,0.1,0.01,0.001
3919,kin8nm,noisyFCN,32,1e-09,0.0001,0.01,0.05,0.01
3920,kin8nm,dropoutFCN,32,1e-09,0.002,0.1,0.01,0.2
3921,kin8nm,dropoutFCN,32,1e-09,0.002,0.1,0.01,0.1
3922,kin8nm,dropoutFCN,32,1e-09,0.002,0.1,0.01,0.05
3923,kin8nm,dropoutFCN,32,1e-09,0.002,0.1,0.01,0.01
3924,kin8nm,dropoutFCN,32,1e-09,0.002,0.1,0.01,0.005
3925,kin8nm,dropoutFCN,32,1e-09,0.002,0.1,0.01,0.001
3926,kin8nm,noisyFCN,32,1e-09,0.0001,0.01,0.1,0.01
3927,power-plant,fixnoiseFCN,32,0.01,0.0001,0.005,0.1,0.01
3928,power-plant,fixnoiseFCN,32,0.01,0.0001,0.01,0.1,0.01
3929,kin8nm,noisyFCN,32,1e-09,0.0005,0.01,0.001,0.01
3930,kin8nm,noisyFCN,32,1e-09,0.0005,0.01,0.005,0.01
3932,kin8nm,noisyFCN,32,1e-09,0.0005,0.01,0.01,0.01
3933,power-plant,fixnoiseFCN,32,0.01,0.0001,0.05,0.1,0.01
3934,kin8nm,noisyFCN,32,1e-09,0.0005,0.01,0.05,0.01
3935,kin8nm,noisyFCN,32,1e-09,0.0005,0.01,0.1,0.01
3936,protein-tertiary-structure,fixnoiseFCN,32,0.1,0.001,0.005,0.01,0.01
3937,kin8nm,noisyFCN,32,1e-09,0.001,0.01,0.001,0.01
3938,power-plant,fixnoiseFCN,32,0.01,0.0001,0.1,0.1,0.01
3939,kin8nm,noisyFCN,32,1e-09,0.001,0.01,0.005,0.01
3940,kin8nm,noisyFCN,32,1e-09,0.001,0.01,0.01,0.01
3941,kin8nm,noisyFCN,32,1e-09,0.001,0.01,0.05,0.01
3942,kin8nm,noisyFCN,32,1e-09,0.001,0.01,0.1,0.01
3943,power-plant,fixnoiseFCN,32,0.01,0.0005,0.001,0.1,0.01
3944,kin8nm,noisyFCN,32,1e-09,0.002,0.01,0.001,0.01
3945,kin8nm,noisyFCN,32,1e-09,0.002,0.01,0.005,0.01
3946,kin8nm,noisyFCN,32,1e-09,0.002,0.01,0.01,0.01
3947,kin8nm,noisyFCN,32,1e-09,0.002,0.01,0.05,0.01
3948,kin8nm,noisyFCN,32,1e-09,0.002,0.01,0.1,0.01
3949,protein-tertiary-structure,fixnoiseFCN,32,0.1,0.001,0.01,0.01,0.01
3950,power-plant,fixnoiseFCN,32,0.01,0.0005,0.005,0.1,0.01
3951,power-plant,fixnoiseFCN,32,0.01,0.0005,0.01,0.1,0.01
3952,power-plant,fixnoiseFCN,32,0.01,0.0005,0.05,0.1,0.01
3954,power-plant,fixnoiseFCN,32,0.01,0.0005,0.1,0.1,0.01
3955,protein-tertiary-structure,fixnoiseFCN,32,0.1,0.001,0.05,0.01,0.01
3956,power-plant,fixnoiseFCN,32,0.01,0.001,0.001,0.1,0.01
3957,power-plant,fixnoiseFCN,32,0.01,0.001,0.005,0.1,0.01
3959,protein-tertiary-structure,fixnoiseFCN,32,0.1,0.001,0.1,0.01,0.01
3960,power-plant,fixnoiseFCN,32,0.01,0.001,0.01,0.1,0.01
3961,power-plant,fixnoiseFCN,32,0.01,0.001,0.05,0.1,0.01
3962,power-plant,fixnoiseFCN,32,0.01,0.001,0.1,0.1,0.01
3963,power-plant,fixnoiseFCN,32,0.01,0.002,0.001,0.1,0.01
3965,protein-tertiary-structure,fixnoiseFCN,32,0.1,0.002,0.001,0.01,0.01
3966,power-plant,fixnoiseFCN,32,0.01,0.002,0.005,0.1,0.01
3967,power-plant,fixnoiseFCN,32,0.01,0.002,0.01,0.1,0.01
3968,protein-tertiary-structure,fixnoiseFCN,32,0.1,0.002,0.005,0.01,0.01
3969,power-plant,fixnoiseFCN,32,0.01,0.002,0.05,0.1,0.01
3970,power-plant,fixnoiseFCN,32,0.01,0.002,0.1,0.1,0.01
3971,protein-tertiary-structure,fixnoiseFCN,32,0.1,0.002,0.01,0.01,0.01
3973,protein-tertiary-structure,fixnoiseFCN,32,0.1,0.002,0.05,0.01,0.01
3974,protein-tertiary-structure,fixnoiseFCN,32,0.1,0.002,0.1,0.01,0.01
3976,power-plant,fixnoiseFCN,32,0.001,0.0001,0.001,0.1,0.01
3978,power-plant,fixnoiseFCN,32,0.001,0.0001,0.005,0.1,0.01
3980,power-plant,fixnoiseFCN,32,0.001,0.0001,0.01,0.1,0.01
3981,power-plant,fixnoiseFCN,32,0.001,0.0001,0.05,0.1,0.01
3983,power-plant,fixnoiseFCN,32,0.001,0.0001,0.1,0.1,0.01
3984,power-plant,fixnoiseFCN,32,0.001,0.0005,0.001,0.1,0.01
3986,protein-tertiary-structure,fixnoiseFCN,32,0.01,0.0001,0.001,0.01,0.01
3987,power-plant,fixnoiseFCN,32,0.001,0.0005,0.005,0.1,0.01
3989,power-plant,fixnoiseFCN,32,0.001,0.0005,0.01,0.1,0.01
3991,power-plant,fixnoiseFCN,32,0.001,0.0005,0.05,0.1,0.01
3992,power-plant,fixnoiseFCN,32,0.001,0.0005,0.1,0.1,0.01
3993,power-plant,fixnoiseFCN,32,0.001,0.001,0.001,0.1,0.01
3994,power-plant,fixnoiseFCN,32,0.001,0.001,0.005,0.1,0.01
3995,protein-tertiary-structure,fixnoiseFCN,32,0.01,0.0001,0.005,0.01,0.01
3996,power-plant,fixnoiseFCN,32,0.001,0.001,0.01,0.1,0.01
3997,power-plant,fixnoiseFCN,32,0.001,0.001,0.05,0.1,0.01
3998,power-plant,fixnoiseFCN,32,0.001,0.001,0.1,0.1,0.01
3999,power-plant,fixnoiseFCN,32,0.001,0.002,0.001,0.1,0.01
4000,power-plant,fixnoiseFCN,32,0.001,0.002,0.005,0.1,0.01
4001,power-plant,fixnoiseFCN,32,0.001,0.002,0.01,0.1,0.01
4002,power-plant,fixnoiseFCN,32,0.001,0.002,0.05,0.1,0.01
4003,power-plant,fixnoiseFCN,32,0.001,0.002,0.1,0.1,0.01
4004,power-plant,fixnoiseFCN,32,0.0001,0.0001,0.001,0.1,0.01
4005,protein-tertiary-structure,fixnoiseFCN,32,0.01,0.0001,0.01,0.01,0.01
4006,power-plant,fixnoiseFCN,32,0.0001,0.0001,0.005,0.1,0.01
4007,power-plant,fixnoiseFCN,32,0.0001,0.0001,0.01,0.1,0.01
4008,power-plant,fixnoiseFCN,32,0.0001,0.0001,0.05,0.1,0.01
4009,power-plant,fixnoiseFCN,32,0.0001,0.0001,0.1,0.1,0.01
4010,protein-tertiary-structure,fixnoiseFCN,32,0.01,0.0001,0.05,0.01,0.01
4012,power-plant,fixnoiseFCN,32,0.0001,0.0005,0.001,0.1,0.01
4013,power-plant,fixnoiseFCN,32,0.0001,0.0005,0.005,0.1,0.01
4014,power-plant,fixnoiseFCN,32,0.0001,0.0005,0.01,0.1,0.01
4015,power-plant,fixnoiseFCN,32,0.0001,0.0005,0.05,0.1,0.01
4016,protein-tertiary-structure,fixnoiseFCN,32,0.01,0.0001,0.1,0.01,0.01
4017,power-plant,fixnoiseFCN,32,0.0001,0.0005,0.1,0.1,0.01
4018,power-plant,fixnoiseFCN,32,0.0001,0.001,0.001,0.1,0.01
4019,power-plant,fixnoiseFCN,32,0.0001,0.001,0.005,0.1,0.01
4021,power-plant,fixnoiseFCN,32,0.0001,0.001,0.01,0.1,0.01
4022,power-plant,fixnoiseFCN,32,0.0001,0.001,0.05,0.1,0.01
4023,protein-tertiary-structure,fixnoiseFCN,32,0.01,0.0005,0.001,0.01,0.01
4024,power-plant,fixnoiseFCN,32,0.0001,0.001,0.1,0.1,0.01
4025,power-plant,fixnoiseFCN,32,0.0001,0.002,0.001,0.1,0.01
4026,power-plant,fixnoiseFCN,32,0.0001,0.002,0.005,0.1,0.01
4027,power-plant,fixnoiseFCN,32,0.0001,0.002,0.01,0.1,0.01
4028,power-plant,fixnoiseFCN,32,0.0001,0.002,0.05,0.1,0.01
4029,power-plant,fixnoiseFCN,32,0.0001,0.002,0.1,0.1,0.01
4030,protein-tertiary-structure,fixnoiseFCN,32,0.01,0.0005,0.005,0.01,0.01
4031,power-plant,fixnoiseFCN,32,1e-05,0.0001,0.001,0.1,0.01
4032,power-plant,fixnoiseFCN,32,1e-05,0.0001,0.005,0.1,0.01
4033,protein-tertiary-structure,fixnoiseFCN,32,0.01,0.0005,0.01,0.01,0.01
4034,power-plant,fixnoiseFCN,32,1e-05,0.0001,0.01,0.1,0.01
4035,power-plant,fixnoiseFCN,32,1e-05,0.0001,0.05,0.1,0.01
4036,protein-tertiary-structure,fixnoiseFCN,32,0.01,0.0005,0.05,0.01,0.01
4038,power-plant,fixnoiseFCN,32,1e-05,0.0001,0.1,0.1,0.01
4039,power-plant,fixnoiseFCN,32,1e-05,0.0005,0.001,0.1,0.01
4040,protein-tertiary-structure,fixnoiseFCN,32,0.01,0.0005,0.1,0.01,0.01
4041,power-plant,fixnoiseFCN,32,1e-05,0.0005,0.005,0.1,0.01
4042,power-plant,fixnoiseFCN,32,1e-05,0.0005,0.01,0.1,0.01
4044,power-plant,fixnoiseFCN,32,1e-05,0.0005,0.05,0.1,0.01
4045,power-plant,fixnoiseFCN,32,1e-05,0.0005,0.1,0.1,0.01
4046,protein-tertiary-structure,fixnoiseFCN,32,0.01,0.001,0.001,0.01,0.01
4047,power-plant,fixnoiseFCN,32,1e-05,0.001,0.001,0.1,0.01
4048,power-plant,fixnoiseFCN,32,1e-05,0.001,0.005,0.1,0.01
4050,protein-tertiary-structure,fixnoiseFCN,32,0.01,0.001,0.005,0.01,0.01
4051,power-plant,fixnoiseFCN,32,1e-05,0.001,0.01,0.1,0.01
4052,power-plant,fixnoiseFCN,32,1e-05,0.001,0.05,0.1,0.01
4053,power-plant,fixnoiseFCN,32,1e-05,0.001,0.1,0.1,0.01
4054,protein-tertiary-structure,fixnoiseFCN,32,0.01,0.001,0.01,0.01,0.01
4055,power-plant,fixnoiseFCN,32,1e-05,0.002,0.001,0.1,0.01
4056,power-plant,fixnoiseFCN,32,1e-05,0.002,0.005,0.1,0.01
4057,power-plant,fixnoiseFCN,32,1e-05,0.002,0.01,0.1,0.01
4058,power-plant,fixnoiseFCN,32,1e-05,0.002,0.05,0.1,0.01
4059,protein-tertiary-structure,fixnoiseFCN,32,0.01,0.001,0.05,0.01,0.01
4060,power-plant,fixnoiseFCN,32,1e-05,0.002,0.1,0.1,0.01
4062,protein-tertiary-structure,fixnoiseFCN,32,0.01,0.001,0.1,0.01,0.01
4063,power-plant,fixnoiseFCN,32,1e-09,0.0001,0.001,0.1,0.01
4064,protein-tertiary-structure,fixnoiseFCN,32,0.01,0.002,0.001,0.01,0.01
4065,power-plant,fixnoiseFCN,32,1e-09,0.0001,0.005,0.1,0.01
4067,power-plant,fixnoiseFCN,32,1e-09,0.0001,0.01,0.1,0.01
4068,protein-tertiary-structure,fixnoiseFCN,32,0.01,0.002,0.005,0.01,0.01
4069,power-plant,fixnoiseFCN,32,1e-09,0.0001,0.05,0.1,0.01
4071,power-plant,fixnoiseFCN,32,1e-09,0.0001,0.1,0.1,0.01
4072,protein-tertiary-structure,fixnoiseFCN,32,0.01,0.002,0.01,0.01,0.01
4073,power-plant,fixnoiseFCN,32,1e-09,0.0005,0.001,0.1,0.01
4075,power-plant,fixnoiseFCN,32,1e-09,0.0005,0.005,0.1,0.01
4076,protein-tertiary-structure,fixnoiseFCN,32,0.01,0.002,0.05,0.01,0.01
4077,power-plant,fixnoiseFCN,32,1e-09,0.0005,0.01,0.1,0.01
4079,power-plant,fixnoiseFCN,32,1e-09,0.0005,0.05,0.1,0.01
4080,power-plant,fixnoiseFCN,32,1e-09,0.0005,0.1,0.1,0.01
4081,protein-tertiary-structure,fixnoiseFCN,32,0.01,0.002,0.1,0.01,0.01
4082,power-plant,fixnoiseFCN,32,1e-09,0.001,0.001,0.1,0.01
4084,power-plant,fixnoiseFCN,32,1e-09,0.001,0.005,0.1,0.01
4085,power-plant,fixnoiseFCN,32,1e-09,0.001,0.01,0.1,0.01
4086,power-plant,fixnoiseFCN,32,1e-09,0.001,0.05,0.1,0.01
4087,power-plant,fixnoiseFCN,32,1e-09,0.001,0.1,0.1,0.01
4088,power-plant,fixnoiseFCN,32,1e-09,0.002,0.001,0.1,0.01
4090,power-plant,fixnoiseFCN,32,1e-09,0.002,0.005,0.1,0.01
4091,power-plant,fixnoiseFCN,32,1e-09,0.002,0.01,0.1,0.01
4093,power-plant,fixnoiseFCN,32,1e-09,0.002,0.05,0.1,0.01
4094,power-plant,fixnoiseFCN,32,1e-09,0.002,0.1,0.1,0.01
4095,power-plant,dropoutFCN,32,0.1,0.0001,0.1,0.1,0.2
4096,power-plant,dropoutFCN,32,0.1,0.0001,0.1,0.1,0.1
4097,power-plant,dropoutFCN,32,0.1,0.0001,0.1,0.1,0.05
4098,power-plant,dropoutFCN,32,0.1,0.0001,0.1,0.1,0.01
4099,power-plant,dropoutFCN,32,0.1,0.0001,0.1,0.1,0.005
4100,power-plant,dropoutFCN,32,0.1,0.0001,0.1,0.1,0.001
4101,power-plant,dropoutFCN,32,0.1,0.0005,0.1,0.1,0.2
4102,power-plant,dropoutFCN,32,0.1,0.0005,0.1,0.1,0.1
4103,power-plant,dropoutFCN,32,0.1,0.0005,0.1,0.1,0.05
4104,power-plant,dropoutFCN,32,0.1,0.0005,0.1,0.1,0.01
4105,power-plant,dropoutFCN,32,0.1,0.0005,0.1,0.1,0.005
4106,power-plant,dropoutFCN,32,0.1,0.0005,0.1,0.1,0.001
4107,power-plant,dropoutFCN,32,0.1,0.001,0.1,0.1,0.2
4108,power-plant,dropoutFCN,32,0.1,0.001,0.1,0.1,0.1
4109,power-plant,dropoutFCN,32,0.1,0.001,0.1,0.1,0.05
4110,power-plant,dropoutFCN,32,0.1,0.001,0.1,0.1,0.01
4111,power-plant,dropoutFCN,32,0.1,0.001,0.1,0.1,0.005
4112,power-plant,dropoutFCN,32,0.1,0.001,0.1,0.1,0.001
4113,power-plant,dropoutFCN,32,0.1,0.002,0.1,0.1,0.2
4114,power-plant,dropoutFCN,32,0.1,0.002,0.1,0.1,0.1
4115,power-plant,dropoutFCN,32,0.1,0.002,0.1,0.1,0.05
4116,power-plant,dropoutFCN,32,0.1,0.002,0.1,0.1,0.01
4117,power-plant,dropoutFCN,32,0.1,0.002,0.1,0.1,0.005
4118,power-plant,dropoutFCN,32,0.1,0.002,0.1,0.1,0.001
4119,power-plant,dropoutFCN,32,0.01,0.0001,0.1,0.1,0.2
4120,power-plant,dropoutFCN,32,0.01,0.0001,0.1,0.1,0.1
4121,power-plant,dropoutFCN,32,0.01,0.0001,0.1,0.1,0.05
4122,power-plant,dropoutFCN,32,0.01,0.0001,0.1,0.1,0.01
4124,protein-tertiary-structure,fixnoiseFCN,32,0.001,0.0001,0.001,0.01,0.01
4125,power-plant,dropoutFCN,32,0.01,0.0001,0.1,0.1,0.005
4126,power-plant,dropoutFCN,32,0.01,0.0001,0.1,0.1,0.001
4127,power-plant,dropoutFCN,32,0.01,0.0005,0.1,0.1,0.2
4128,power-plant,dropoutFCN,32,0.01,0.0005,0.1,0.1,0.1
4129,power-plant,dropoutFCN,32,0.01,0.0005,0.1,0.1,0.05
4130,power-plant,dropoutFCN,32,0.01,0.0005,0.1,0.1,0.01
4131,power-plant,dropoutFCN,32,0.01,0.0005,0.1,0.1,0.005
4132,power-plant,dropoutFCN,32,0.01,0.0005,0.1,0.1,0.001
4133,power-plant,dropoutFCN,32,0.01,0.001,0.1,0.1,0.2
4134,power-plant,dropoutFCN,32,0.01,0.001,0.1,0.1,0.1
4135,power-plant,dropoutFCN,32,0.01,0.001,0.1,0.1,0.05
4136,power-plant,dropoutFCN,32,0.01,0.001,0.1,0.1,0.01
4137,power-plant,dropoutFCN,32,0.01,0.001,0.1,0.1,0.005
4138,power-plant,dropoutFCN,32,0.01,0.001,0.1,0.1,0.001
4139,power-plant,dropoutFCN,32,0.01,0.002,0.1,0.1,0.2
4140,power-plant,dropoutFCN,32,0.01,0.002,0.1,0.1,0.1
4141,power-plant,dropoutFCN,32,0.01,0.002,0.1,0.1,0.05
4142,power-plant,dropoutFCN,32,0.01,0.002,0.1,0.1,0.01
4143,power-plant,dropoutFCN,32,0.01,0.002,0.1,0.1,0.005
4144,power-plant,dropoutFCN,32,0.01,0.002,0.1,0.1,0.001
4145,power-plant,dropoutFCN,32,0.001,0.0001,0.1,0.1,0.2
4146,power-plant,dropoutFCN,32,0.001,0.0001,0.1,0.1,0.1
4147,power-plant,dropoutFCN,32,0.001,0.0001,0.1,0.1,0.05
4149,power-plant,dropoutFCN,32,0.001,0.0001,0.1,0.1,0.01
4150,power-plant,dropoutFCN,32,0.001,0.0001,0.1,0.1,0.005
4151,power-plant,dropoutFCN,32,0.001,0.0001,0.1,0.1,0.001
4152,power-plant,dropoutFCN,32,0.001,0.0005,0.1,0.1,0.2
4153,power-plant,dropoutFCN,32,0.001,0.0005,0.1,0.1,0.1
4154,power-plant,dropoutFCN,32,0.001,0.0005,0.1,0.1,0.05
4156,power-plant,dropoutFCN,32,0.001,0.0005,0.1,0.1,0.01
4157,power-plant,dropoutFCN,32,0.001,0.0005,0.1,0.1,0.005
4158,power-plant,dropoutFCN,32,0.001,0.0005,0.1,0.1,0.001
4159,power-plant,dropoutFCN,32,0.001,0.001,0.1,0.1,0.2
4160,power-plant,dropoutFCN,32,0.001,0.001,0.1,0.1,0.1
4161,power-plant,dropoutFCN,32,0.001,0.001,0.1,0.1,0.05
4162,power-plant,dropoutFCN,32,0.001,0.001,0.1,0.1,0.01
4163,power-plant,dropoutFCN,32,0.001,0.001,0.1,0.1,0.005
4164,power-plant,dropoutFCN,32,0.001,0.001,0.1,0.1,0.001
4165,power-plant,dropoutFCN,32,0.001,0.002,0.1,0.1,0.2
4166,power-plant,dropoutFCN,32,0.001,0.002,0.1,0.1,0.1
4167,power-plant,dropoutFCN,32,0.001,0.002,0.1,0.1,0.05
4168,power-plant,dropoutFCN,32,0.001,0.002,0.1,0.1,0.01
4169,power-plant,dropoutFCN,32,0.001,0.002,0.1,0.1,0.005
4170,power-plant,dropoutFCN,32,0.001,0.002,0.1,0.1,0.001
4171,power-plant,dropoutFCN,32,0.0001,0.0001,0.1,0.1,0.2
4172,protein-tertiary-structure,fixnoiseFCN,32,0.001,0.0001,0.005,0.01,0.01
4173,power-plant,dropoutFCN,32,0.0001,0.0001,0.1,0.1,0.1
4174,power-plant,dropoutFCN,32,0.0001,0.0001,0.1,0.1,0.05
4176,power-plant,dropoutFCN,32,0.0001,0.0001,0.1,0.1,0.01
4177,power-plant,dropoutFCN,32,0.0001,0.0001,0.1,0.1,0.005
4178,power-plant,dropoutFCN,32,0.0001,0.0001,0.1,0.1,0.001
4179,power-plant,dropoutFCN,32,0.0001,0.0005,0.1,0.1,0.2
4180,power-plant,dropoutFCN,32,0.0001,0.0005,0.1,0.1,0.1
4181,power-plant,dropoutFCN,32,0.0001,0.0005,0.1,0.1,0.05
4182,power-plant,dropoutFCN,32,0.0001,0.0005,0.1,0.1,0.01
4183,power-plant,dropoutFCN,32,0.0001,0.0005,0.1,0.1,0.005
4184,power-plant,dropoutFCN,32,0.0001,0.0005,0.1,0.1,0.001
4185,power-plant,dropoutFCN,32,0.0001,0.001,0.1,0.1,0.2
4186,power-plant,dropoutFCN,32,0.0001,0.001,0.1,0.1,0.1
4187,power-plant,dropoutFCN,32,0.0001,0.001,0.1,0.1,0.05
4188,power-plant,dropoutFCN,32,0.0001,0.001,0.1,0.1,0.01
4189,power-plant,dropoutFCN,32,0.0001,0.001,0.1,0.1,0.005
4190,power-plant,dropoutFCN,32,0.0001,0.001,0.1,0.1,0.001
4191,power-plant,dropoutFCN,32,0.0001,0.002,0.1,0.1,0.2
4192,power-plant,dropoutFCN,32,0.0001,0.002,0.1,0.1,0.1
4193,power-plant,dropoutFCN,32,0.0001,0.002,0.1,0.1,0.05
4194,power-plant,dropoutFCN,32,0.0001,0.002,0.1,0.1,0.01
4195,power-plant,dropoutFCN,32,0.0001,0.002,0.1,0.1,0.005
4197,power-plant,dropoutFCN,32,0.0001,0.002,0.1,0.1,0.001
4198,power-plant,dropoutFCN,32,1e-05,0.0001,0.1,0.1,0.2
4199,power-plant,dropoutFCN,32,1e-05,0.0001,0.1,0.1,0.1
4200,protein-tertiary-structure,fixnoiseFCN,32,0.001,0.0001,0.01,0.01,0.01
4201,power-plant,dropoutFCN,32,1e-05,0.0001,0.1,0.1,0.05
4202,power-plant,dropoutFCN,32,1e-05,0.0001,0.1,0.1,0.01
4203,power-plant,dropoutFCN,32,1e-05,0.0001,0.1,0.1,0.005
4204,power-plant,dropoutFCN,32,1e-05,0.0001,0.1,0.1,0.001
4205,power-plant,dropoutFCN,32,1e-05,0.0005,0.1,0.1,0.2
4206,power-plant,dropoutFCN,32,1e-05,0.0005,0.1,0.1,0.1
4207,power-plant,dropoutFCN,32,1e-05,0.0005,0.1,0.1,0.05
4209,power-plant,dropoutFCN,32,1e-05,0.0005,0.1,0.1,0.01
4210,power-plant,dropoutFCN,32,1e-05,0.0005,0.1,0.1,0.005
4211,power-plant,dropoutFCN,32,1e-05,0.0005,0.1,0.1,0.001
4212,power-plant,dropoutFCN,32,1e-05,0.001,0.1,0.1,0.2
4213,power-plant,dropoutFCN,32,1e-05,0.001,0.1,0.1,0.1
4214,power-plant,dropoutFCN,32,1e-05,0.001,0.1,0.1,0.05
4215,power-plant,dropoutFCN,32,1e-05,0.001,0.1,0.1,0.01
4216,power-plant,dropoutFCN,32,1e-05,0.001,0.1,0.1,0.005
4217,power-plant,dropoutFCN,32,1e-05,0.001,0.1,0.1,0.001
4218,power-plant,dropoutFCN,32,1e-05,0.002,0.1,0.1,0.2
4219,power-plant,dropoutFCN,32,1e-05,0.002,0.1,0.1,0.1
4220,power-plant,dropoutFCN,32,1e-05,0.002,0.1,0.1,0.05
4221,power-plant,dropoutFCN,32,1e-05,0.002,0.1,0.1,0.01
4223,power-plant,dropoutFCN,32,1e-05,0.002,0.1,0.1,0.005
4224,power-plant,dropoutFCN,32,1e-05,0.002,0.1,0.1,0.001
4225,power-plant,dropoutFCN,32,1e-09,0.0001,0.1,0.1,0.2
4226,power-plant,dropoutFCN,32,1e-09,0.0001,0.1,0.1,0.1
4227,power-plant,dropoutFCN,32,1e-09,0.0001,0.1,0.1,0.05
4228,power-plant,dropoutFCN,32,1e-09,0.0001,0.1,0.1,0.01
4229,protein-tertiary-structure,fixnoiseFCN,32,0.001,0.0001,0.05,0.01,0.01
4230,power-plant,dropoutFCN,32,1e-09,0.0001,0.1,0.1,0.005
4231,power-plant,dropoutFCN,32,1e-09,0.0001,0.1,0.1,0.001
4232,power-plant,dropoutFCN,32,1e-09,0.0005,0.1,0.1,0.2
4233,power-plant,dropoutFCN,32,1e-09,0.0005,0.1,0.1,0.1
4234,power-plant,dropoutFCN,32,1e-09,0.0005,0.1,0.1,0.05
4235,power-plant,dropoutFCN,32,1e-09,0.0005,0.1,0.1,0.01
4236,power-plant,dropoutFCN,32,1e-09,0.0005,0.1,0.1,0.005
4237,power-plant,dropoutFCN,32,1e-09,0.0005,0.1,0.1,0.001
4238,power-plant,dropoutFCN,32,1e-09,0.001,0.1,0.1,0.2
4239,power-plant,dropoutFCN,32,1e-09,0.001,0.1,0.1,0.1
4240,power-plant,dropoutFCN,32,1e-09,0.001,0.1,0.1,0.05
4241,power-plant,dropoutFCN,32,1e-09,0.001,0.1,0.1,0.01
4242,power-plant,dropoutFCN,32,1e-09,0.001,0.1,0.1,0.005
4243,power-plant,dropoutFCN,32,1e-09,0.001,0.1,0.1,0.001
4244,power-plant,dropoutFCN,32,1e-09,0.002,0.1,0.1,0.2
4245,power-plant,dropoutFCN,32,1e-09,0.002,0.1,0.1,0.1
4246,power-plant,dropoutFCN,32,1e-09,0.002,0.1,0.1,0.05
4247,power-plant,dropoutFCN,32,1e-09,0.002,0.1,0.1,0.01
4248,power-plant,dropoutFCN,32,1e-09,0.002,0.1,0.1,0.005
4249,power-plant,dropoutFCN,32,1e-09,0.002,0.1,0.1,0.001
4250,protein-tertiary-structure,FCN,32,0.1,0.0001,0.01,0.01,0.01
4251,protein-tertiary-structure,FCN,32,0.1,0.0005,0.01,0.01,0.01
4252,protein-tertiary-structure,FCN,32,0.1,0.001,0.01,0.01,0.01
4253,protein-tertiary-structure,FCN,32,0.1,0.002,0.01,0.01,0.01
4254,protein-tertiary-structure,fixnoiseFCN,32,0.001,0.0001,0.1,0.01,0.01
4255,protein-tertiary-structure,FCN,32,0.01,0.0001,0.01,0.01,0.01
4256,protein-tertiary-structure,FCN,32,0.01,0.0005,0.01,0.01,0.01
4257,protein-tertiary-structure,FCN,32,0.01,0.001,0.01,0.01,0.01
4258,protein-tertiary-structure,FCN,32,0.01,0.002,0.01,0.01,0.01
4260,protein-tertiary-structure,FCN,32,0.001,0.0001,0.01,0.01,0.01
4261,protein-tertiary-structure,FCN,32,0.001,0.0005,0.01,0.01,0.01
4262,protein-tertiary-structure,FCN,32,0.001,0.001,0.01,0.01,0.01
4263,protein-tertiary-structure,fixnoiseFCN,32,0.001,0.0005,0.001,0.01,0.01
4264,protein-tertiary-structure,FCN,32,0.001,0.002,0.01,0.01,0.01
4265,protein-tertiary-structure,FCN,32,0.0001,0.0001,0.01,0.01,0.01
4266,protein-tertiary-structure,FCN,32,0.0001,0.0005,0.01,0.01,0.01
4267,protein-tertiary-structure,FCN,32,0.0001,0.001,0.01,0.01,0.01
4268,protein-tertiary-structure,FCN,32,0.0001,0.002,0.01,0.01,0.01
4269,protein-tertiary-structure,FCN,32,1e-05,0.0001,0.01,0.01,0.01
4270,protein-tertiary-structure,FCN,32,1e-05,0.0005,0.01,0.01,0.01
4271,protein-tertiary-structure,FCN,32,1e-05,0.001,0.01,0.01,0.01
4272,protein-tertiary-structure,FCN,32,1e-05,0.002,0.01,0.01,0.01
4273,protein-tertiary-structure,FCN,32,1e-09,0.0001,0.01,0.01,0.01
4274,protein-tertiary-structure,FCN,32,1e-09,0.0005,0.01,0.01,0.01
4275,protein-tertiary-structure,FCN,32,1e-09,0.001,0.01,0.01,0.01
4276,protein-tertiary-structure,FCN,32,1e-09,0.002,0.01,0.01,0.01
4278,protein-tertiary-structure,noisyFCN,32,0.1,0.0001,0.01,0.001,0.01
4279,protein-tertiary-structure,noisyFCN,32,0.1,0.0001,0.01,0.005,0.01
4280,protein-tertiary-structure,noisyFCN,32,0.1,0.0001,0.01,0.01,0.01
4281,protein-tertiary-structure,noisyFCN,32,0.1,0.0001,0.01,0.05,0.01
4282,protein-tertiary-structure,noisyFCN,32,0.1,0.0001,0.01,0.1,0.01
4284,protein-tertiary-structure,fixnoiseFCN,32,0.001,0.0005,0.005,0.01,0.01
4285,protein-tertiary-structure,fixnoiseFCN,32,0.001,0.0005,0.01,0.01,0.01
4286,protein-tertiary-structure,noisyFCN,32,0.1,0.0005,0.01,0.001,0.01
4288,protein-tertiary-structure,fixnoiseFCN,32,0.001,0.0005,0.05,0.01,0.01
4289,protein-tertiary-structure,fixnoiseFCN,32,0.001,0.0005,0.1,0.01,0.01
4292,protein-tertiary-structure,noisyFCN,32,0.1,0.0005,0.01,0.005,0.01
4293,protein-tertiary-structure,fixnoiseFCN,32,0.001,0.001,0.001,0.01,0.01
4295,protein-tertiary-structure,fixnoiseFCN,32,0.001,0.001,0.005,0.01,0.01
4297,protein-tertiary-structure,noisyFCN,32,0.1,0.0005,0.01,0.01,0.01
4299,protein-tertiary-structure,fixnoiseFCN,32,0.001,0.001,0.01,0.01,0.01
4300,protein-tertiary-structure,fixnoiseFCN,32,0.001,0.001,0.05,0.01,0.01
4301,protein-tertiary-structure,noisyFCN,32,0.1,0.0005,0.01,0.05,0.01
4303,protein-tertiary-structure,fixnoiseFCN,32,0.001,0.001,0.1,0.01,0.01
4305,protein-tertiary-structure,fixnoiseFCN,32,0.001,0.002,0.001,0.01,0.01
4307,protein-tertiary-structure,fixnoiseFCN,32,0.001,0.002,0.005,0.01,0.01
4308,protein-tertiary-structure,fixnoiseFCN,32,0.001,0.002,0.01,0.01,0.01
4310,protein-tertiary-structure,noisyFCN,32,0.1,0.0005,0.01,0.1,0.01
4311,protein-tertiary-structure,fixnoiseFCN,32,0.001,0.002,0.05,0.01,0.01
4313,protein-tertiary-structure,fixnoiseFCN,32,0.001,0.002,0.1,0.01,0.01
4314,protein-tertiary-structure,noisyFCN,32,0.1,0.001,0.01,0.001,0.01
4316,protein-tertiary-structure,fixnoiseFCN,32,0.0001,0.0001,0.001,0.01,0.01
4317,protein-tertiary-structure,noisyFCN,32,0.1,0.001,0.01,0.005,0.01
4319,protein-tertiary-structure,noisyFCN,32,0.1,0.001,0.01,0.01,0.01
4321,protein-tertiary-structure,fixnoiseFCN,32,0.0001,0.0001,0.005,0.01,0.01
4324,protein-tertiary-structure,fixnoiseFCN,32,0.0001,0.0001,0.01,0.01,0.01
4325,protein-tertiary-structure,noisyFCN,32,0.1,0.001,0.01,0.05,0.01
4327,protein-tertiary-structure,fixnoiseFCN,32,0.0001,0.0001,0.05,0.01,0.01
4328,protein-tertiary-structure,noisyFCN,32,0.1,0.001,0.01,0.1,0.01
4329,protein-tertiary-structure,noisyFCN,32,0.1,0.002,0.01,0.001,0.01
4331,protein-tertiary-structure,fixnoiseFCN,32,0.0001,0.0001,0.1,0.01,0.01
4332,protein-tertiary-structure,noisyFCN,32,0.1,0.002,0.01,0.005,0.01
4334,protein-tertiary-structure,fixnoiseFCN,32,0.0001,0.0005,0.001,0.01,0.01
4335,protein-tertiary-structure,noisyFCN,32,0.1,0.002,0.01,0.01,0.01
4336,protein-tertiary-structure,fixnoiseFCN,32,0.0001,0.0005,0.005,0.01,0.01
4337,protein-tertiary-structure,fixnoiseFCN,32,0.0001,0.0005,0.01,0.01,0.01
4339,protein-tertiary-structure,noisyFCN,32,0.1,0.002,0.01,0.05,0.01
4340,protein-tertiary-structure,fixnoiseFCN,32,0.0001,0.0005,0.05,0.01,0.01
4341,protein-tertiary-structure,noisyFCN,32,0.1,0.002,0.01,0.1,0.01
4343,protein-tertiary-structure,fixnoiseFCN,32,0.0001,0.0005,0.1,0.01,0.01
4345,protein-tertiary-structure,fixnoiseFCN,32,0.0001,0.001,0.001,0.01,0.01
4346,protein-tertiary-structure,fixnoiseFCN,32,0.0001,0.001,0.005,0.01,0.01
4348,protein-tertiary-structure,fixnoiseFCN,32,0.0001,0.001,0.01,0.01,0.01
4350,protein-tertiary-structure,fixnoiseFCN,32,0.0001,0.001,0.05,0.01,0.01
4352,protein-tertiary-structure,fixnoiseFCN,32,0.0001,0.001,0.1,0.01,0.01
4354,protein-tertiary-structure,fixnoiseFCN,32,0.0001,0.002,0.001,0.01,0.01
4355,protein-tertiary-structure,noisyFCN,32,0.01,0.0001,0.01,0.001,0.01
4356,protein-tertiary-structure,fixnoiseFCN,32,0.0001,0.002,0.005,0.01,0.01
4357,protein-tertiary-structure,fixnoiseFCN,32,0.0001,0.002,0.01,0.01,0.01
4359,wine-quality-red,FCN,32,0.1,0.0001,0.01,0.01,0.01
4360,wine-quality-red,FCN,32,0.1,0.0005,0.01,0.01,0.01
4361,wine-quality-red,FCN,32,0.1,0.002,0.01,0.01,0.01
4362,wine-quality-red,FCN,32,0.01,0.0001,0.01,0.01,0.01
4363,yacht,FCN,32,0.1,0.0001,0.01,0.01,0.01
4364,wine-quality-red,FCN,32,0.01,0.0005,0.01,0.01,0.01
4365,wine-quality-red,FCN,32,0.01,0.002,0.01,0.01,0.01
4366,wine-quality-red,FCN,32,0.001,0.0001,0.01,0.01,0.01
4367,yacht,FCN,32,0.1,0.0005,0.01,0.01,0.01
4368,wine-quality-red,FCN,32,0.001,0.0005,0.01,0.01,0.01
4369,wine-quality-red,FCN,32,0.001,0.002,0.01,0.01,0.01
4370,yacht,FCN,32,0.1,0.001,0.01,0.01,0.01
4371,yacht,FCN,32,0.1,0.002,0.01,0.01,0.01
4372,wine-quality-red,FCN,32,0.0001,0.0001,0.01,0.01,0.01
4373,wine-quality-red,FCN,32,0.0001,0.0005,0.01,0.01,0.01
4374,wine-quality-red,FCN,32,0.0001,0.002,0.01,0.01,0.01
4375,wine-quality-red,noisyFCN,32,1e-05,0.002,0.01,0.001,0.01
4376,wine-quality-red,noisyFCN,32,0.0001,0.002,0.01,0.001,0.01
4377,wine-quality-red,FCN,32,1e-05,0.0001,0.01,0.01,0.01
4378,wine-quality-red,noisyFCN,32,0.001,0.002,0.01,0.001,0.01
4379,wine-quality-red,noisyFCN,32,0.01,0.002,0.01,0.001,0.01
4380,yacht,noisyFCN,32,0.001,0.002,0.01,0.001,0.01
4381,yacht,noisyFCN,32,0.0001,0.002,0.01,0.001,0.01
4382,wine-quality-red,FCN,32,1e-05,0.0005,0.01,0.01,0.01
4383,yacht,noisyFCN,32,1e-05,0.002,0.01,0.001,0.01
4384,wine-quality-red,noisyFCN,32,1e-05,0.002,0.01,0.005,0.01
4385,wine-quality-red,noisyFCN,32,0.0001,0.002,0.01,0.005,0.01
4386,wine-quality-red,FCN,32,1e-05,0.002,0.01,0.01,0.01
4387,yacht,noisyFCN,32,0.001,0.002,0.01,0.005,0.01
4388,wine-quality-red,noisyFCN,32,0.001,0.002,0.01,0.005,0.01
4389,wine-quality-red,noisyFCN,32,0.01,0.002,0.01,0.005,0.01
4390,yacht,noisyFCN,32,0.0001,0.002,0.01,0.005,0.01
4391,yacht,noisyFCN,32,0.01,0.002,0.01,0.001,0.01
4392,yacht,noisyFCN,32,1e-05,0.002,0.01,0.005,0.01
4393,yacht,noisyFCN,32,0.001,0.002,0.01,0.01,0.01
4394,wine-quality-red,noisyFCN,32,1e-05,0.002,0.01,0.01,0.01
4395,wine-quality-red,noisyFCN,32,0.0001,0.002,0.01,0.01,0.01
4396,wine-quality-red,noisyFCN,32,0.001,0.002,0.01,0.01,0.01
4397,wine-quality-red,FCN,32,1e-09,0.0001,0.01,0.01,0.01
4398,yacht,noisyFCN,32,0.0001,0.002,0.01,0.01,0.01
4399,wine-quality-red,noisyFCN,32,0.01,0.002,0.01,0.01,0.01
4400,yacht,noisyFCN,32,1e-05,0.002,0.01,0.01,0.01
4401,yacht,noisyFCN,32,0.001,0.002,0.01,0.05,0.01
4402,wine-quality-red,FCN,32,1e-09,0.0005,0.01,0.01,0.01
4403,wine-quality-red,noisyFCN,32,1e-05,0.002,0.01,0.05,0.01
4404,wine-quality-red,noisyFCN,32,0.0001,0.002,0.01,0.05,0.01
4405,yacht,noisyFCN,32,0.001,0.002,0.01,0.1,0.01
4406,wine-quality-red,noisyFCN,32,0.001,0.002,0.01,0.05,0.01
4407,wine-quality-red,FCN,32,1e-09,0.002,0.01,0.01,0.01
4408,wine-quality-red,noisyFCN,32,0.01,0.002,0.01,0.05,0.01
4409,yacht,noisyFCN,32,1e-05,0.002,0.01,0.05,0.01
4410,yacht,noisyFCN,32,0.0001,0.002,0.01,0.05,0.01
4411,yacht,noisyFCN,32,0.01,0.002,0.01,0.005,0.01
4412,wine-quality-red,noisyFCN,32,1e-05,0.002,0.01,0.1,0.01
4413,wine-quality-red,noisyFCN,32,0.0001,0.002,0.01,0.1,0.01
4414,wine-quality-red,noisyFCN,32,0.001,0.002,0.01,0.1,0.01
4415,wine-quality-red,noisyFCN,32,0.01,0.002,0.01,0.1,0.01
4416,yacht,noisyFCN,32,1e-05,0.002,0.01,0.1,0.01
4417,yacht,noisyFCN,32,0.0001,0.002,0.01,0.1,0.01
4418,yacht,noisyFCN,32,0.001,0.001,0.01,0.001,0.01
4419,yacht,noisyFCN,32,0.01,0.002,0.01,0.01,0.01
4420,wine-quality-red,noisyFCN,32,1e-05,0.001,0.01,0.001,0.01
4421,wine-quality-red,noisyFCN,32,0.0001,0.001,0.01,0.001,0.01
4422,wine-quality-red,noisyFCN,32,0.001,0.001,0.01,0.001,0.01
4424,yacht,noisyFCN,32,1e-05,0.001,0.01,0.001,0.01
4425,wine-quality-red,noisyFCN,32,1e-05,0.001,0.01,0.005,0.01
4426,wine-quality-red,noisyFCN,32,0.0001,0.001,0.01,0.005,0.01
4427,wine-quality-red,noisyFCN,32,0.001,0.001,0.01,0.005,0.01
4428,yacht,noisyFCN,32,0.01,0.002,0.01,0.05,0.01
4429,wine-quality-red,noisyFCN,32,0.01,0.001,0.01,0.005,0.01
4430,yacht,noisyFCN,32,0.0001,0.001,0.01,0.001,0.01
4431,yacht,noisyFCN,32,0.001,0.001,0.01,0.005,0.01
4432,wine-quality-red,noisyFCN,32,1e-05,0.001,0.01,0.01,0.01
4433,wine-quality-red,noisyFCN,32,0.0001,0.001,0.01,0.01,0.01
4434,yacht,noisyFCN,32,1e-05,0.001,0.01,0.005,0.01
4435,wine-quality-red,noisyFCN,32,0.001,0.001,0.01,0.01,0.01
4436,wine-quality-red,noisyFCN,32,0.01,0.001,0.01,0.01,0.01
4437,yacht,noisyFCN,32,0.01,0.002,0.01,0.1,0.01
4438,yacht,noisyFCN,32,0.0001,0.001,0.01,0.005,0.01
4439,yacht,noisyFCN,32,0.001,0.001,0.01,0.01,0.01
4440,wine-quality-red,noisyFCN,32,1e-05,0.001,0.01,0.05,0.01
4441,wine-quality-red,noisyFCN,32,0.0001,0.001,0.01,0.05,0.01
4442,wine-quality-red,noisyFCN,32,0.001,0.001,0.01,0.05,0.01
4443,wine-quality-red,noisyFCN,32,0.01,0.001,0.01,0.05,0.01
4444,yacht,noisyFCN,32,1e-05,0.001,0.01,0.01,0.01
4445,yacht,noisyFCN,32,0.0001,0.001,0.01,0.01,0.01
4446,wine-quality-red,noisyFCN,32,1e-05,0.001,0.01,0.1,0.01
4447,wine-quality-red,noisyFCN,32,0.0001,0.001,0.01,0.1,0.01
4448,yacht,noisyFCN,32,0.001,0.001,0.01,0.05,0.01
4449,wine-quality-red,noisyFCN,32,0.001,0.001,0.01,0.1,0.01
4450,wine-quality-red,noisyFCN,32,0.01,0.001,0.01,0.1,0.01
4451,yacht,noisyFCN,32,1e-05,0.001,0.01,0.05,0.01
4452,wine-quality-red,noisyFCN,32,0.0001,0.0005,0.01,0.001,0.01
4453,wine-quality-red,noisyFCN,32,0.001,0.0005,0.01,0.001,0.01
4454,yacht,noisyFCN,32,0.0001,0.001,0.01,0.05,0.01
4455,wine-quality-red,noisyFCN,32,1e-05,0.0005,0.01,0.001,0.01
4456,wine-quality-red,noisyFCN,32,0.01,0.0005,0.01,0.001,0.01
4457,yacht,noisyFCN,32,0.001,0.001,0.01,0.1,0.01
4458,yacht,noisyFCN,32,0.01,0.001,0.01,0.001,0.01
4459,wine-quality-red,noisyFCN,32,0.0001,0.0005,0.01,0.005,0.01
4460,wine-quality-red,noisyFCN,32,0.001,0.0005,0.01,0.005,0.01
4461,wine-quality-red,noisyFCN,32,1e-05,0.0005,0.01,0.005,0.01
4462,wine-quality-red,noisyFCN,32,0.01,0.0005,0.01,0.005,0.01
4463,yacht,noisyFCN,32,0.0001,0.001,0.01,0.1,0.01
4464,yacht,noisyFCN,32,1e-05,0.001,0.01,0.1,0.01
4465,yacht,FCN,32,0.01,0.0001,0.01,0.01,0.01
4466,wine-quality-red,noisyFCN,32,0.0001,0.0005,0.01,0.01,0.01
4467,wine-quality-red,noisyFCN,32,1e-05,0.0005,0.01,0.01,0.01
4468,wine-quality-red,noisyFCN,32,0.001,0.0005,0.01,0.01,0.01
4469,wine-quality-red,noisyFCN,32,0.01,0.0005,0.01,0.01,0.01
4470,wine-quality-red,noisyFCN,32,0.0001,0.0005,0.01,0.05,0.01
4471,wine-quality-red,noisyFCN,32,1e-05,0.0005,0.01,0.05,0.01
4472,yacht,noisyFCN,32,0.01,0.001,0.01,0.005,0.01
4473,wine-quality-red,noisyFCN,32,0.001,0.0005,0.01,0.05,0.01
4474,yacht,noisyFCN,32,0.0001,0.0005,0.01,0.001,0.01
4475,wine-quality-red,noisyFCN,32,0.01,0.0005,0.01,0.05,0.01
4476,wine-quality-red,noisyFCN,32,0.0001,0.0005,0.01,0.1,0.01
4477,wine-quality-red,noisyFCN,32,1e-05,0.0005,0.01,0.1,0.01
4478,wine-quality-red,noisyFCN,32,0.001,0.0005,0.01,0.1,0.01
4479,yacht,noisyFCN,32,0.001,0.0005,0.01,0.001,0.01
4480,yacht,noisyFCN,32,1e-05,0.0005,0.01,0.001,0.01
4481,wine-quality-red,noisyFCN,32,0.01,0.0005,0.01,0.1,0.01
4482,yacht,FCN,32,0.01,0.0005,0.01,0.01,0.01
4483,yacht,noisyFCN,32,0.01,0.001,0.01,0.01,0.01
4484,wine-quality-red,noisyFCN,32,0.0001,0.0001,0.01,0.001,0.01
4485,wine-quality-red,noisyFCN,32,0.001,0.0001,0.01,0.001,0.01
4486,wine-quality-red,noisyFCN,32,1e-05,0.0001,0.01,0.001,0.01
4487,yacht,noisyFCN,32,0.0001,0.0005,0.01,0.005,0.01
4488,yacht,FCN,32,0.01,0.001,0.01,0.01,0.01
4489,yacht,noisyFCN,32,1e-05,0.0005,0.01,0.005,0.01
4490,wine-quality-red,noisyFCN,32,0.01,0.0001,0.01,0.001,0.01
4491,yacht,noisyFCN,32,0.001,0.0005,0.01,0.005,0.01
4492,yacht,FCN,32,0.01,0.002,0.01,0.01,0.01
4493,wine-quality-red,noisyFCN,32,0.001,0.0001,0.01,0.005,0.01
4494,wine-quality-red,noisyFCN,32,1e-05,0.0001,0.01,0.005,0.01
4495,wine-quality-red,noisyFCN,32,0.0001,0.0001,0.01,0.005,0.01
4496,yacht,noisyFCN,32,0.0001,0.0005,0.01,0.01,0.01
4497,yacht,noisyFCN,32,0.01,0.001,0.01,0.05,0.01
4498,yacht,noisyFCN,32,1e-05,0.0005,0.01,0.01,0.01
4499,yacht,noisyFCN,32,0.001,0.0005,0.01,0.01,0.01
4500,wine-quality-red,noisyFCN,32,0.001,0.0001,0.01,0.01,0.01
4501,wine-quality-red,noisyFCN,32,1e-05,0.0001,0.01,0.01,0.01
4502,wine-quality-red,noisyFCN,32,0.01,0.0001,0.01,0.005,0.01
4503,wine-quality-red,noisyFCN,32,0.0001,0.0001,0.01,0.01,0.01
4504,protein-tertiary-structure,fixnoiseFCN,32,1e-05,0.002,0.001,0.01,0.01
4505,yacht,noisyFCN,32,0.01,0.001,0.01,0.1,0.01
4506,wine-quality-red,noisyFCN,32,1e-05,0.0001,0.01,0.05,0.01
4507,wine-quality-red,noisyFCN,32,0.001,0.0001,0.01,0.05,0.01
4508,yacht,noisyFCN,32,0.0001,0.0005,0.01,0.05,0.01
4509,wine-quality-red,noisyFCN,32,0.0001,0.0001,0.01,0.05,0.01
4510,yacht,noisyFCN,32,1e-05,0.0005,0.01,0.05,0.01
4511,yacht,noisyFCN,32,0.001,0.0005,0.01,0.05,0.01
4512,wine-quality-red,noisyFCN,32,0.01,0.0001,0.01,0.01,0.01
4513,protein-tertiary-structure,noisyFCN,32,1e-05,0.002,0.01,0.001,0.01
4514,wine-quality-red,noisyFCN,32,1e-05,0.0001,0.01,0.1,0.01
4515,wine-quality-red,noisyFCN,32,0.001,0.0001,0.01,0.1,0.01
4516,wine-quality-red,noisyFCN,32,0.0001,0.0001,0.01,0.1,0.01
4517,yacht,noisyFCN,32,0.001,0.0005,0.01,0.1,0.01
4518,yacht,noisyFCN,32,0.0001,0.0005,0.01,0.1,0.01
4519,yacht,noisyFCN,32,0.01,0.0005,0.01,0.001,0.01
4520,yacht,noisyFCN,32,1e-05,0.0005,0.01,0.1,0.01
4521,wine-quality-red,noisyFCN,32,0.01,0.0001,0.01,0.05,0.01
4522,yacht,FCN,32,0.001,0.0001,0.01,0.01,0.01
4523,wine-quality-red,noisyFCN,32,0.01,0.0001,0.01,0.1,0.01
4524,yacht,FCN,32,0.001,0.0005,0.01,0.01,0.01
4525,yacht,noisyFCN,32,0.01,0.0005,0.01,0.005,0.01
4526,yacht,FCN,32,0.001,0.001,0.01,0.01,0.01
4527,yacht,FCN,32,0.001,0.002,0.01,0.01,0.01
4528,yacht,noisyFCN,32,0.001,0.0001,0.01,0.001,0.01
4529,yacht,noisyFCN,32,0.0001,0.0001,0.01,0.001,0.01
4530,yacht,FCN,32,1e-09,0.002,0.01,0.01,0.01
4531,protein-tertiary-structure,noisyFCN,32,0.0001,0.002,0.01,0.001,0.01
4532,yacht,noisyFCN,32,0.01,0.0005,0.01,0.01,0.01
4533,yacht,noisyFCN,32,1e-05,0.0001,0.01,0.001,0.01
4534,yacht,FCN,32,1e-09,0.001,0.01,0.01,0.01
4535,yacht,FCN,32,1e-09,0.0005,0.01,0.01,0.01
4536,yacht,noisyFCN,32,0.01,0.0005,0.01,0.05,0.01
4537,protein-tertiary-structure,noisyFCN,32,1e-05,0.002,0.01,0.005,0.01
4538,protein-tertiary-structure,fixnoiseFCN,32,1e-05,0.002,0.005,0.01,0.01
4539,yacht,noisyFCN,32,0.01,0.0005,0.01,0.1,0.01
4540,yacht,noisyFCN,32,0.0001,0.0001,0.01,0.005,0.01
4541,protein-tertiary-structure,fixnoiseFCN,32,0.0001,0.002,0.05,0.01,0.01
4542,yacht,noisyFCN,32,1e-05,0.0001,0.01,0.005,0.01
4543,yacht,noisyFCN,32,0.001,0.0001,0.01,0.005,0.01
4544,yacht,FCN,32,1e-09,0.0001,0.01,0.01,0.01
4545,yacht,FCN,32,1e-05,0.002,0.01,0.01,0.01
4546,yacht,FCN,32,1e-05,0.001,0.01,0.01,0.01
4547,yacht,FCN,32,1e-05,0.0005,0.01,0.01,0.01
4548,yacht,noisyFCN,32,1e-05,0.0001,0.01,0.01,0.01
4549,yacht,noisyFCN,32,0.0001,0.0001,0.01,0.01,0.01
4550,yacht,noisyFCN,32,0.001,0.0001,0.01,0.01,0.01
4551,yacht,FCN,32,1e-05,0.0001,0.01,0.01,0.01
4552,yacht,FCN,32,0.0001,0.002,0.01,0.01,0.01
4553,yacht,noisyFCN,32,0.01,0.0001,0.01,0.001,0.01
4554,yacht,FCN,32,0.0001,0.001,0.01,0.01,0.01
4555,yacht,FCN,32,0.0001,0.0005,0.01,0.01,0.01
4556,protein-tertiary-structure,noisyFCN,32,0.001,0.002,0.01,0.001,0.01
4557,yacht,noisyFCN,32,1e-05,0.0001,0.01,0.05,0.01
4558,yacht,noisyFCN,32,0.0001,0.0001,0.01,0.05,0.01
4559,protein-tertiary-structure,noisyFCN,32,0.0001,0.002,0.01,0.005,0.01
4560,yacht,noisyFCN,32,0.001,0.0001,0.01,0.05,0.01
4561,protein-tertiary-structure,fixnoiseFCN,32,1e-05,0.002,0.01,0.01,0.01
4562,yacht,FCN,32,0.0001,0.0001,0.01,0.01,0.01
4563,protein-tertiary-structure,noisyFCN,32,1e-05,0.002,0.01,0.01,0.01
4564,yacht,noisyFCN,32,0.01,0.0001,0.01,0.005,0.01
4565,protein-tertiary-structure,fixnoiseFCN,32,0.0001,0.002,0.1,0.01,0.01
4566,yacht,noisyFCN,32,1e-05,0.0001,0.01,0.1,0.01
4567,yacht,noisyFCN,32,0.0001,0.0001,0.01,0.1,0.01
4568,yacht,noisyFCN,32,0.01,0.0001,0.01,0.01,0.01
4569,yacht,noisyFCN,32,0.001,0.0001,0.01,0.1,0.01
4570,protein-tertiary-structure,fixnoiseFCN,32,1e-05,0.002,0.05,0.01,0.01
4571,protein-tertiary-structure,noisyFCN,32,1e-05,0.002,0.01,0.05,0.01
4572,yacht,noisyFCN,32,0.01,0.0001,0.01,0.05,0.01
4573,protein-tertiary-structure,noisyFCN,32,0.0001,0.002,0.01,0.01,0.01
4574,yacht,noisyFCN,32,0.01,0.0001,0.01,0.1,0.01
4575,protein-tertiary-structure,fixnoiseFCN,32,1e-05,0.002,0.1,0.01,0.01
4576,protein-tertiary-structure,noisyFCN,32,1e-05,0.002,0.01,0.1,0.01
4577,protein-tertiary-structure,noisyFCN,32,0.0001,0.002,0.01,0.05,0.01
4578,protein-tertiary-structure,noisyFCN,32,0.001,0.002,0.01,0.005,0.01
4579,protein-tertiary-structure,fixnoiseFCN,32,1e-05,0.001,0.001,0.01,0.01
4580,protein-tertiary-structure,noisyFCN,32,1e-05,0.001,0.01,0.001,0.01
4581,protein-tertiary-structure,noisyFCN,32,0.0001,0.002,0.01,0.1,0.01
4582,protein-tertiary-structure,fixnoiseFCN,32,1e-05,0.001,0.005,0.01,0.01
4583,protein-tertiary-structure,noisyFCN,32,0.001,0.002,0.01,0.01,0.01
4584,protein-tertiary-structure,noisyFCN,32,1e-05,0.001,0.01,0.005,0.01
4585,protein-tertiary-structure,noisyFCN,32,0.0001,0.001,0.01,0.001,0.01
4586,protein-tertiary-structure,fixnoiseFCN,32,1e-05,0.001,0.01,0.01,0.01
4587,protein-tertiary-structure,noisyFCN,32,0.0001,0.001,0.01,0.005,0.01
4588,protein-tertiary-structure,noisyFCN,32,1e-05,0.001,0.01,0.01,0.01
4589,protein-tertiary-structure,fixnoiseFCN,32,1e-05,0.001,0.05,0.01,0.01
4590,protein-tertiary-structure,noisyFCN,32,0.001,0.002,0.01,0.05,0.01
4591,protein-tertiary-structure,noisyFCN,32,0.0001,0.001,0.01,0.01,0.01
4592,protein-tertiary-structure,noisyFCN,32,1e-05,0.001,0.01,0.05,0.01
4593,protein-tertiary-structure,fixnoiseFCN,32,1e-05,0.001,0.1,0.01,0.01
4594,protein-tertiary-structure,noisyFCN,32,1e-05,0.001,0.01,0.1,0.01
4595,protein-tertiary-structure,fixnoiseFCN,32,1e-05,0.0005,0.001,0.01,0.01
4596,protein-tertiary-structure,noisyFCN,32,0.001,0.002,0.01,0.1,0.01
4597,protein-tertiary-structure,noisyFCN,32,0.0001,0.001,0.01,0.05,0.01
4598,protein-tertiary-structure,noisyFCN,32,1e-05,0.0005,0.01,0.001,0.01
4599,protein-tertiary-structure,fixnoiseFCN,32,1e-05,0.0005,0.005,0.01,0.01
4600,protein-tertiary-structure,noisyFCN,32,0.0001,0.001,0.01,0.1,0.01
4601,protein-tertiary-structure,fixnoiseFCN,32,1e-05,0.0005,0.01,0.01,0.01
4602,protein-tertiary-structure,noisyFCN,32,0.001,0.001,0.01,0.001,0.01
4603,protein-tertiary-structure,noisyFCN,32,1e-05,0.0005,0.01,0.005,0.01
4604,protein-tertiary-structure,noisyFCN,32,0.0001,0.0005,0.01,0.001,0.01
4605,protein-tertiary-structure,fixnoiseFCN,32,1e-05,0.0005,0.05,0.01,0.01
4606,protein-tertiary-structure,noisyFCN,32,1e-05,0.0005,0.01,0.01,0.01
4607,protein-tertiary-structure,noisyFCN,32,0.001,0.001,0.01,0.005,0.01
4608,protein-tertiary-structure,fixnoiseFCN,32,1e-05,0.0005,0.1,0.01,0.01
4609,protein-tertiary-structure,noisyFCN,32,0.0001,0.0005,0.01,0.005,0.01
4610,protein-tertiary-structure,noisyFCN,32,1e-05,0.0005,0.01,0.05,0.01
4611,protein-tertiary-structure,noisyFCN,32,0.001,0.001,0.01,0.01,0.01
4612,protein-tertiary-structure,noisyFCN,32,1e-05,0.0005,0.01,0.1,0.01
4613,protein-tertiary-structure,noisyFCN,32,0.0001,0.0005,0.01,0.01,0.01
4614,protein-tertiary-structure,noisyFCN,32,0.001,0.001,0.01,0.05,0.01
4615,protein-tertiary-structure,fixnoiseFCN,32,1e-05,0.0001,0.001,0.01,0.01
4616,protein-tertiary-structure,noisyFCN,32,0.0001,0.0005,0.01,0.05,0.01
4617,protein-tertiary-structure,noisyFCN,32,1e-05,0.0001,0.01,0.001,0.01
4618,protein-tertiary-structure,fixnoiseFCN,32,1e-05,0.0001,0.005,0.01,0.01
4619,protein-tertiary-structure,noisyFCN,32,0.0001,0.0005,0.01,0.1,0.01
4620,protein-tertiary-structure,noisyFCN,32,0.001,0.001,0.01,0.1,0.01
4621,protein-tertiary-structure,noisyFCN,32,1e-05,0.0001,0.01,0.005,0.01
4622,protein-tertiary-structure,fixnoiseFCN,32,1e-05,0.0001,0.01,0.01,0.01
4623,protein-tertiary-structure,noisyFCN,32,0.0001,0.0001,0.01,0.001,0.01
4624,protein-tertiary-structure,noisyFCN,32,0.001,0.0005,0.01,0.001,0.01
4625,protein-tertiary-structure,fixnoiseFCN,32,1e-05,0.0001,0.05,0.01,0.01
4626,protein-tertiary-structure,noisyFCN,32,1e-05,0.0001,0.01,0.01,0.01
4627,protein-tertiary-structure,noisyFCN,32,0.0001,0.0001,0.01,0.005,0.01
4628,protein-tertiary-structure,fixnoiseFCN,32,1e-05,0.0001,0.1,0.01,0.01
4629,protein-tertiary-structure,fixnoiseFCN,32,1e-09,0.002,0.001,0.01,0.01
4630,protein-tertiary-structure,noisyFCN,32,0.001,0.0005,0.01,0.005,0.01
4631,protein-tertiary-structure,fixnoiseFCN,32,1e-09,0.002,0.005,0.01,0.01
4632,protein-tertiary-structure,noisyFCN,32,1e-05,0.0001,0.01,0.05,0.01
4633,protein-tertiary-structure,fixnoiseFCN,32,1e-09,0.002,0.01,0.01,0.01
4634,protein-tertiary-structure,noisyFCN,32,0.001,0.0005,0.01,0.01,0.01
4635,protein-tertiary-structure,noisyFCN,32,0.0001,0.0001,0.01,0.01,0.01
4636,protein-tertiary-structure,fixnoiseFCN,32,1e-09,0.002,0.05,0.01,0.01
4637,protein-tertiary-structure,fixnoiseFCN,32,1e-09,0.002,0.1,0.01,0.01
4638,protein-tertiary-structure,noisyFCN,32,1e-05,0.0001,0.01,0.1,0.01
4639,protein-tertiary-structure,fixnoiseFCN,32,1e-09,0.001,0.001,0.01,0.01
4640,protein-tertiary-structure,fixnoiseFCN,32,1e-09,0.001,0.005,0.01,0.01
4641,protein-tertiary-structure,fixnoiseFCN,32,1e-09,0.001,0.01,0.01,0.01
4642,protein-tertiary-structure,fixnoiseFCN,32,1e-09,0.001,0.05,0.01,0.01
4643,protein-tertiary-structure,noisyFCN,32,0.001,0.0005,0.01,0.05,0.01
4644,protein-tertiary-structure,noisyFCN,32,0.0001,0.0001,0.01,0.05,0.01
4645,protein-tertiary-structure,fixnoiseFCN,32,1e-09,0.001,0.1,0.01,0.01
4646,protein-tertiary-structure,noisyFCN,32,0.001,0.0005,0.01,0.1,0.01
4647,protein-tertiary-structure,fixnoiseFCN,32,1e-09,0.0005,0.001,0.01,0.01
4648,protein-tertiary-structure,fixnoiseFCN,32,1e-09,0.0005,0.005,0.01,0.01
4649,protein-tertiary-structure,fixnoiseFCN,32,1e-09,0.0005,0.01,0.01,0.01
4650,protein-tertiary-structure,fixnoiseFCN,32,1e-09,0.0005,0.05,0.01,0.01
4651,protein-tertiary-structure,noisyFCN,32,0.0001,0.0001,0.01,0.1,0.01
4652,protein-tertiary-structure,fixnoiseFCN,32,1e-09,0.0005,0.1,0.01,0.01
4653,protein-tertiary-structure,noisyFCN,32,0.01,0.0005,0.01,0.001,0.01
4654,protein-tertiary-structure,noisyFCN,32,0.01,0.001,0.01,0.001,0.01
4655,protein-tertiary-structure,noisyFCN,32,0.01,0.002,0.01,0.001,0.01
4656,protein-tertiary-structure,fixnoiseFCN,32,1e-09,0.0001,0.001,0.01,0.01
4657,protein-tertiary-structure,noisyFCN,32,0.01,0.001,0.01,0.005,0.01
4658,protein-tertiary-structure,noisyFCN,32,0.01,0.0005,0.01,0.005,0.01
4659,protein-tertiary-structure,noisyFCN,32,0.01,0.002,0.01,0.005,0.01
4660,protein-tertiary-structure,noisyFCN,32,0.01,0.002,0.01,0.01,0.01
4661,protein-tertiary-structure,noisyFCN,32,0.001,0.0001,0.01,0.001,0.01
4662,protein-tertiary-structure,noisyFCN,32,0.01,0.001,0.01,0.01,0.01
4663,protein-tertiary-structure,noisyFCN,32,0.01,0.0005,0.01,0.01,0.01
4664,protein-tertiary-structure,noisyFCN,32,0.01,0.002,0.01,0.05,0.01
4665,protein-tertiary-structure,noisyFCN,32,0.01,0.001,0.01,0.05,0.01
4666,protein-tertiary-structure,fixnoiseFCN,32,1e-09,0.0001,0.005,0.01,0.01
4667,protein-tertiary-structure,noisyFCN,32,0.01,0.002,0.01,0.1,0.01
4668,protein-tertiary-structure,noisyFCN,32,0.01,0.0005,0.01,0.05,0.01
4669,protein-tertiary-structure,noisyFCN,32,0.01,0.001,0.01,0.1,0.01
4670,protein-tertiary-structure,fixnoiseFCN,32,1e-09,0.0001,0.01,0.01,0.01
4671,protein-tertiary-structure,noisyFCN,32,0.01,0.0005,0.01,0.1,0.01
4672,protein-tertiary-structure,noisyFCN,32,0.001,0.0001,0.01,0.005,0.01
4674,protein-tertiary-structure,fixnoiseFCN,32,1e-09,0.0001,0.05,0.01,0.01
4675,protein-tertiary-structure,fixnoiseFCN,32,1e-09,0.0001,0.1,0.01,0.01
4676,protein-tertiary-structure,noisyFCN,32,0.001,0.0001,0.01,0.01,0.01
4677,protein-tertiary-structure,noisyFCN,32,0.01,0.0001,0.01,0.005,0.01
4678,protein-tertiary-structure,noisyFCN,32,0.001,0.0001,0.01,0.05,0.01
4679,protein-tertiary-structure,noisyFCN,32,0.01,0.0001,0.01,0.01,0.01
4680,protein-tertiary-structure,noisyFCN,32,0.001,0.0001,0.01,0.1,0.01
4682,protein-tertiary-structure,noisyFCN,32,0.01,0.0001,0.01,0.05,0.01
4688,protein-tertiary-structure,noisyFCN,32,0.01,0.0001,0.01,0.1,0.01
